reference_id	annotated_family	cluster_id	fold	reviewed_anchor	profile_representative
nat_49cef355c6ba3187ae5c	gvpa	cluster_04e4c15b93bd18832d36	2	True	False
nat_2d8e972f7b8e0b149992	gvpj	cluster_2d8e972f7b8e0b149992	0	True	True
nat_766d45336d56f5b42f24	gvpa	cluster_04e4c15b93bd18832d36	2	True	False
nat_e4530a471497a647eef2	gvpa	cluster_044b97bbcc6fc75d19af	0	True	False
nat_39696a92cfeac6f208a2	gvpa	cluster_04e4c15b93bd18832d36	2	True	True
nat_bf0dfc6c51956e5d54f7	gvpa	cluster_04e4c15b93bd18832d36	2	True	False
nat_626bf126ff6a42e860e1	gvpa	cluster_00eda75e8d86c0000a3e	0	True	True
nat_83cf4bae954290aa781d	gvpa	cluster_044b97bbcc6fc75d19af	0	True	False
nat_9246ded62fef238baf63	gvpa	cluster_044b97bbcc6fc75d19af	0	True	False
nat_ff88219e90de45ec84dd	gvpj	cluster_b0f226cab132da339d39	2	True	True
nat_278c7a3fd12af0319695	gvpa	cluster_02e83ad46b86e8eaf5e7	0	True	True
nat_cc9d0eca2af440c02e36	gvpj	cluster_cc9d0eca2af440c02e36	0	True	True
nat_3fb1b2844ab87a8f4a72	gvpa	cluster_2020b232078a08b4fb2b	0	True	True
nat_7cb4140e283c8e67ca6a	gvpj	cluster_04c084aa7034f2b0643c	1	True	True
nat_0739506f322325ee29fe	gvpa	cluster_0739506f322325ee29fe	0	True	True
nat_130e62fc868ae20abbc4	gvpa	cluster_08d35b42e1d455774e7b	2	True	True
nat_b1ead8162da63f55d1d6	gvpa	cluster_08d35b42e1d455774e7b	2	True	False
nat_5bc7120641a4b206dec6	gvpa	cluster_02e83ad46b86e8eaf5e7	0	True	False
nat_307aae2a7a20a7f3cf48	gvpa	cluster_10816d30b94e7e319ed1	1	True	True
nat_d790919b750d218eb5d2	gvpj	cluster_8cc50c0228caae3ad7f4	1	True	True
nat_45ceddea54f47745a1ad	gvpa	cluster_044b97bbcc6fc75d19af	0	True	True
nat_68d2bce649ad98618d0c	gvpj	cluster_68d2bce649ad98618d0c	2	True	True
nat_ee49db0244212648bdd1	gvpa	cluster_1ca802048c4a6cd9dca3	2	False	False
nat_61a382d08777524701b3	gvpa	cluster_0da4fc315e8c5fa1925f	0	True	True
nat_3a3fe29b7daaadaf3131	gvpa	cluster_3a3fe29b7daaadaf3131	1	True	True
nat_91f552b9f84853c37285	gvpa	cluster_044b97bbcc6fc75d19af	0	True	False
nat_44abe1cc1d8456dc6c46	gvpj	cluster_44abe1cc1d8456dc6c46	2	True	True
nat_a1131689eff9ccc2bc1c	gvpa	cluster_02e83ad46b86e8eaf5e7	0	True	False
nat_c7ec77b171120a344a06	gvpa	cluster_1928e65272069bd9fa51	0	True	True
nat_b55ecf6ba9a45824ac09	gvpa	cluster_b55ecf6ba9a45824ac09	2	False	False
nat_291571f679284e1c6455	gvpa	cluster_044b97bbcc6fc75d19af	0	False	False
nat_419538444627b50496c7	gvpa	cluster_044b97bbcc6fc75d19af	0	False	False
nat_d5b00906bcc6e7ee2601	gvpa	cluster_00eda75e8d86c0000a3e	0	False	False
nat_cd15fd2a214ac9570bfd	gvpa	cluster_044b97bbcc6fc75d19af	0	False	False
nat_771e7534b299c23ea1f3	gvpa	cluster_31bb770684ff35b24094	1	False	False
nat_b017d8236271e13a1522	gvpa	cluster_b017d8236271e13a1522	1	False	False
nat_eccab6536bed142192aa	gvpa	cluster_02e83ad46b86e8eaf5e7	0	False	False
nat_be9809bb1f91644c1e43	gvpa	cluster_1589f15763a3b3a0bf84	0	False	False
nat_622c716866d2133b80f2	gvpa	cluster_044b97bbcc6fc75d19af	0	False	False
nat_bbaedab282a048e849b5	gvpa	cluster_21fd512873a52dc47991	2	False	False
nat_d9b32c93cd099c72a956	gvpa	cluster_1589f15763a3b3a0bf84	0	False	False
nat_fd161dfe59366687c2f2	gvpa	cluster_044b97bbcc6fc75d19af	0	False	False
nat_2e707b0ae8b0c69feb2e	gvpa	cluster_044b97bbcc6fc75d19af	0	False	False
nat_7577017d2109753dbbe7	gvpa	cluster_0283d587032de178b666	1	False	False
nat_a36a3359d46f89a3e9c6	gvpa	cluster_00058845722df3ede422	0	False	False
nat_5d20e8974d28b202ff3e	gvpa	cluster_00eda75e8d86c0000a3e	0	False	False
nat_728d4a20bb169ff7ae28	gvpa	cluster_21fd512873a52dc47991	2	False	False
nat_b3e7eac10f741058a688	gvpa	cluster_044b97bbcc6fc75d19af	0	False	False
nat_b06d07bf5a6f8cc59b30	gvpa	cluster_21fd512873a52dc47991	2	False	False
nat_9896810d394d4d1edf15	gvpa	cluster_044b97bbcc6fc75d19af	0	False	False
nat_910f1df4ae7a7e4e1292	gvpa	cluster_11170a4c1f77a2510e97	2	False	False
nat_17718ba432b9ffbaf06b	gvpa	cluster_00eda75e8d86c0000a3e	0	False	False
nat_ac016806c065e58141c3	gvpa	cluster_0283d587032de178b666	1	False	False
nat_0fc8bfe28907ef9fa5eb	gvpa	cluster_0b5cd7683d0975317579	2	False	False
nat_58552353178d8fa2f36f	gvpa	cluster_00eda75e8d86c0000a3e	0	False	False
nat_9a9380d4b10b8ef49e08	gvpa	cluster_0283d587032de178b666	1	False	False
nat_969159e68bc0479327cf	gvpa	cluster_00eda75e8d86c0000a3e	0	False	False
nat_484b097725196d6613d9	gvpa	cluster_0ec42fc31cce1915953a	2	False	False
nat_8d9ebc646f6fec623f00	gvpa	cluster_00eda75e8d86c0000a3e	0	False	False
nat_54de16dcd0555acdee27	gvpa	cluster_044b97bbcc6fc75d19af	0	False	False
nat_7cb4966ababb293a7db4	gvpa	cluster_044b97bbcc6fc75d19af	0	False	False
nat_4c06fdcd9b94ab517ef7	gvpa	cluster_10816d30b94e7e319ed1	1	False	False
nat_de1520359c3cd2badb80	gvpa	cluster_044b97bbcc6fc75d19af	0	False	False
nat_49d3875a5ef4bbb644f9	gvpa	cluster_00058845722df3ede422	0	False	False
nat_1e070d0d2387bb202235	gvpa	cluster_1e070d0d2387bb202235	0	False	False
nat_38cb7bda240a833d36b3	gvpa	cluster_00058845722df3ede422	0	False	False
nat_3dcd4bf22b7bbdb49d82	gvpa	cluster_00058845722df3ede422	0	False	False
nat_8f3e753527c876cd94f0	gvpa	cluster_00058845722df3ede422	0	False	False
nat_a36db64a1cae19ba84f5	gvpa	cluster_10816d30b94e7e319ed1	1	False	False
nat_8029e604ce9dbbf533bc	gvpa	cluster_04e4c15b93bd18832d36	2	False	False
nat_a95d48deca9746ef575e	gvpa	cluster_04e4c15b93bd18832d36	2	False	False
nat_8f7aa09afb9d7c3cc2eb	gvpa	cluster_044b97bbcc6fc75d19af	0	False	False
nat_c0e3f34d82aab8fda872	gvpa	cluster_0b5cd7683d0975317579	2	False	False
nat_144165ea4d3ea8a64b2e	gvpa	cluster_00058845722df3ede422	0	False	False
nat_86d5d5d3761caa2bee10	gvpa	cluster_00b8d6bdf51c5322f38c	1	False	False
nat_bb973ad514bc9a8e4071	gvpa	cluster_044b97bbcc6fc75d19af	0	False	False
nat_d5c2d4101839c4dee9b6	gvpa	cluster_0da4fc315e8c5fa1925f	0	False	False
nat_13dff233b6dfd04cb79c	gvpa	cluster_04e4c15b93bd18832d36	2	False	False
nat_f5db5c4704d592f947d9	gvpa	cluster_00058845722df3ede422	0	False	False
nat_5ce032d4beb5b5581c61	gvpa	cluster_06a18e8f389879fa7357	2	False	False
nat_137eb09d8ee303361664	gvpa	cluster_034d9111e895aa2cb4fa	1	False	False
nat_d405e6b9ae2292467032	gvpa	cluster_04e4c15b93bd18832d36	2	False	False
nat_41af882b944a1fc500db	gvpa	cluster_044b97bbcc6fc75d19af	0	False	False
nat_911977f51fb32fb01946	gvpa	cluster_0283d587032de178b666	1	False	False
nat_ffef1b1b441fdc15ea9c	gvpa	cluster_044b97bbcc6fc75d19af	0	False	False
nat_b65132e25cc65ac0170d	gvpa	cluster_0283d587032de178b666	1	False	False
nat_908def535fa98fa36b50	gvpa	cluster_044b97bbcc6fc75d19af	0	False	False
nat_e6ccc21f1ec1a2362fcf	gvpa	cluster_11170a4c1f77a2510e97	2	False	False
nat_a66f240c8435d5f7eedc	gvpa	cluster_11170a4c1f77a2510e97	2	False	False
nat_a30535db979f7cb9b9d1	gvpa	cluster_21fd512873a52dc47991	2	False	False
nat_f0b585defb33f68b9eec	gvpa	cluster_044b97bbcc6fc75d19af	0	False	False
nat_6ab091088c0d2085f193	gvpa	cluster_0283d587032de178b666	1	False	False
nat_cdcb9ea08084d402155d	gvpa	cluster_044b97bbcc6fc75d19af	0	False	False
nat_e70eb92ab459701dc753	gvpa	cluster_0283d587032de178b666	1	False	False
nat_805855d37a367a5867e3	gvpa	cluster_805855d37a367a5867e3	1	False	False
nat_499d1d5d62f7019687f3	gvpa	cluster_00eda75e8d86c0000a3e	0	False	False
nat_fe5639b3f6715383286a	gvpa	cluster_00eda75e8d86c0000a3e	0	False	False
nat_6b64acdf3f40fdffd144	gvpa	cluster_00eda75e8d86c0000a3e	0	False	False
nat_fa3ceb760df75c71ed08	gvpa	cluster_00eda75e8d86c0000a3e	0	False	False
nat_353e9d0dff81158687ff	gvpa	cluster_0283d587032de178b666	1	False	False
nat_45c7c948c17d40fffc2f	gvpa	cluster_00eda75e8d86c0000a3e	0	False	False
nat_8400e38ff12b62b40e03	gvpa	cluster_11170a4c1f77a2510e97	2	False	False
nat_76384a42f96a6dc0ed31	gvpa	cluster_11170a4c1f77a2510e97	2	False	False
nat_1d2eaab6bc1405efd0c8	gvpa	cluster_11170a4c1f77a2510e97	2	False	False
nat_967e2f04e468a1a875d9	gvpa	cluster_044b97bbcc6fc75d19af	0	False	False
nat_26dd9c3e80f115461010	gvpa	cluster_044b97bbcc6fc75d19af	0	False	False
nat_71f9753012b6644cf772	gvpa	cluster_10816d30b94e7e319ed1	1	False	False
nat_8be2e14f0153cb01c7e8	gvpa	cluster_10816d30b94e7e319ed1	1	False	False
nat_4076ee92571a9babe66f	gvpa	cluster_044b97bbcc6fc75d19af	0	False	False
nat_b38024f0aba86f47c4ad	gvpa	cluster_10816d30b94e7e319ed1	1	False	False
nat_24eac37b8142531de647	gvpa	cluster_10268ee8450e0bb5a453	2	False	False
nat_651deda52eb485d5380e	gvpa	cluster_2a7c812c0104b829da2d	2	False	False
nat_c306fc2a612dcf796388	gvpa	cluster_00eda75e8d86c0000a3e	0	False	False
nat_81c3c33e1052ca11c9fd	gvpa	cluster_00eda75e8d86c0000a3e	0	False	False
nat_58de098a6c8aae0513de	gvpa	cluster_044b97bbcc6fc75d19af	0	False	False
nat_531760bd0ae2999dbf0a	gvpa	cluster_10816d30b94e7e319ed1	1	False	False
nat_18aeb74e18302803a1f0	gvpa	cluster_10816d30b94e7e319ed1	1	False	False
nat_27cfc6c7874687adce98	gvpa	cluster_27cfc6c7874687adce98	0	False	False
nat_83d86218590801baa4be	gvpa	cluster_00eda75e8d86c0000a3e	0	False	False
nat_fc382b09fdd1c909c75c	gvpa	cluster_200ecff40f6b83ca60f9	2	False	False
nat_cee0ef3ec2a72c042398	gvpa	cluster_21fd512873a52dc47991	2	False	False
nat_fd49c343614a605c0f40	gvpa	cluster_09f47a4c9a94b657ae7d	0	False	False
nat_90c029da4514f00630c7	gvpa	cluster_11170a4c1f77a2510e97	2	False	False
nat_9ba976654c95d4d9fd8f	gvpa	cluster_044b97bbcc6fc75d19af	0	False	False
nat_6507b3f9f58ef91ab9d8	gvpa	cluster_0283d587032de178b666	1	False	False
nat_4482775e0979509e45d2	gvpa	cluster_00058845722df3ede422	0	False	False
nat_db2cdf073eed6ed31349	gvpa	cluster_0283d587032de178b666	1	False	False
nat_35226954812d95b1eb87	gvpa	cluster_02e83ad46b86e8eaf5e7	0	False	False
nat_0283d587032de178b666	gvpa	cluster_0283d587032de178b666	1	False	False
nat_628577dc37636bc0384e	gvpa	cluster_044b97bbcc6fc75d19af	0	False	False
nat_34e541178b7b0b894972	gvpa	cluster_00eda75e8d86c0000a3e	0	False	False
nat_5c686c3d3778ea9403cd	gvpa	cluster_0283d587032de178b666	1	False	False
nat_d7b124bfad426ab2d29d	gvpa	cluster_08d35b42e1d455774e7b	2	False	False
nat_f454f2a56d9c1f348b1d	gvpa	cluster_00eda75e8d86c0000a3e	0	False	False
nat_19cd7b61a586d4e4fed8	gvpa	cluster_0844cfaee9f234d540b5	0	False	False
nat_a62ba34ed245e06a2975	gvpa	cluster_044b97bbcc6fc75d19af	0	False	False
nat_b57946b3f69a165a3268	gvpa	cluster_00eda75e8d86c0000a3e	0	False	False
nat_0b5cd7683d0975317579	gvpa	cluster_0b5cd7683d0975317579	2	False	False
nat_9683dd0b519eaf04d743	gvpa	cluster_044b97bbcc6fc75d19af	0	False	False
nat_7c8675813e4623763282	gvpa	cluster_044b97bbcc6fc75d19af	0	False	False
nat_edc787924d6392f7c1f5	gvpa	cluster_00058845722df3ede422	0	False	False
nat_b7662fa2f5d44aa0d6b4	gvpa	cluster_044b97bbcc6fc75d19af	0	False	False
nat_f65654f9aa3b69f34daa	gvpa	cluster_044b97bbcc6fc75d19af	0	False	False
nat_51223251df1314e3c9ba	gvpa	cluster_1589f15763a3b3a0bf84	0	False	False
nat_1ca802048c4a6cd9dca3	gvpa	cluster_1ca802048c4a6cd9dca3	2	False	False
nat_e9d0d8807aee29d8e61c	gvpa	cluster_02e83ad46b86e8eaf5e7	0	False	False
nat_62e969f9025127736826	gvpa	cluster_10816d30b94e7e319ed1	1	False	False
nat_a8c546bb807cbf441766	gvpa	cluster_10816d30b94e7e319ed1	1	False	False
nat_9caabe5dd41114f54d71	gvpa	cluster_10816d30b94e7e319ed1	1	False	False
nat_39cf0fd21702af1ff2b1	gvpa	cluster_02e83ad46b86e8eaf5e7	0	False	False
nat_ce84140595a3625becb8	gvpa	cluster_044b97bbcc6fc75d19af	0	False	False
nat_4a871af101af640b6e2c	gvpa	cluster_0283d587032de178b666	1	False	False
nat_ced70fa1ad4dcaf12a7b	gvpa	cluster_10816d30b94e7e319ed1	1	False	False
nat_de6e45b17a1efe79f377	gvpa	cluster_02e83ad46b86e8eaf5e7	0	False	False
nat_b669abd036c50b376c62	gvpa	cluster_10816d30b94e7e319ed1	1	False	False
nat_bf9d9ac4b0e25cbc2e14	gvpa	cluster_10816d30b94e7e319ed1	1	False	False
nat_3f2cb7eca6dff49eb9eb	gvpa	cluster_10816d30b94e7e319ed1	1	False	False
nat_44a44809c7c1d751ebce	gvpa	cluster_044b97bbcc6fc75d19af	0	False	False
nat_1a1b9a1e258a11254cb4	gvpa	cluster_044b97bbcc6fc75d19af	0	False	False
nat_387a1a5b990d83c80a60	gvpa	cluster_10816d30b94e7e319ed1	1	False	False
nat_6cd6a14977934f64979a	gvpa	cluster_0b5cd7683d0975317579	2	False	False
nat_86ebca091b9272e65750	gvpa	cluster_0b5cd7683d0975317579	2	False	False
nat_c88f9ffff90291b15602	gvpa	cluster_08d35b42e1d455774e7b	2	False	False
nat_72cdd34cb274da9e5e19	gvpa	cluster_00eda75e8d86c0000a3e	0	False	False
nat_10268ee8450e0bb5a453	gvpa	cluster_10268ee8450e0bb5a453	2	False	False
nat_ae37005a67bc5cb2b176	gvpa	cluster_044b97bbcc6fc75d19af	0	False	False
nat_e8c5de40001b59b84f30	gvpa	cluster_00eda75e8d86c0000a3e	0	False	False
nat_3426f2b4953d2172f209	gvpa	cluster_02e83ad46b86e8eaf5e7	0	False	False
nat_fa062766acc141ed13ab	gvpa	cluster_044b97bbcc6fc75d19af	0	False	False
nat_6f227f789b114508ea99	gvpa	cluster_044b97bbcc6fc75d19af	0	False	False
nat_56d5d14e5f958bb848ef	gvpa	cluster_044b97bbcc6fc75d19af	0	False	False
nat_819e640008ab1349cc70	gvpa	cluster_1589f15763a3b3a0bf84	0	False	False
nat_63d39c2e5861daa31f41	gvpa	cluster_00eda75e8d86c0000a3e	0	False	False
nat_6d06213120173a755e9b	gvpa	cluster_00eda75e8d86c0000a3e	0	False	False
nat_0844cfaee9f234d540b5	gvpa	cluster_0844cfaee9f234d540b5	0	False	False
nat_271291dc0f72accfac60	gvpa	cluster_0844cfaee9f234d540b5	0	False	False
nat_f977e0ce7c4a878af278	gvpa	cluster_00eda75e8d86c0000a3e	0	False	False
nat_07561c65a5d37a8aa878	gvpa	cluster_044b97bbcc6fc75d19af	0	False	False
nat_73e0b5aa88a198c56cae	gvpa	cluster_00058845722df3ede422	0	False	False
nat_cd0ec9cc83e20bd818b3	gvpa	cluster_320fa412f1f1ad675d12	0	False	False
nat_ad18f8d7fabecf9750fb	gvpa	cluster_320fa412f1f1ad675d12	0	False	False
nat_76418c5d471b2873e6bf	gvpa	cluster_320fa412f1f1ad675d12	0	False	False
nat_7801d96d034213cf08c8	gvpa	cluster_320fa412f1f1ad675d12	0	False	False
nat_b9d147aeaac9ffa9d0f3	gvpa	cluster_320fa412f1f1ad675d12	0	False	False
nat_824a3264c546dbd7013f	gvpa	cluster_320fa412f1f1ad675d12	0	False	False
nat_b34a5f1cebe7f342dc3f	gvpa	cluster_044b97bbcc6fc75d19af	0	False	False
nat_354eeee0be3f0383107b	gvpa	cluster_00eda75e8d86c0000a3e	0	False	False
nat_f2eb1efff0bc22bf511d	gvpa	cluster_044b97bbcc6fc75d19af	0	False	False
nat_2b3e3d2d5bed050505a1	gvpa	cluster_205609067b26bcd62eb1	2	False	False
nat_7d8f193406ee761e1417	gvpa	cluster_00058845722df3ede422	0	False	False
nat_61cb6f10b13fb11f910f	gvpa	cluster_0283d587032de178b666	1	False	False
nat_b81aa32b17d671599bc2	gvpa	cluster_0b3f3bf863a3ef16a85e	1	False	False
nat_42ca32a46ff9fbfe04b0	gvpa	cluster_0283d587032de178b666	1	False	False
nat_a6d518bf56b5cafab96a	gvpa	cluster_00eda75e8d86c0000a3e	0	False	False
nat_509311e69b214d9f94e7	gvpa	cluster_00eda75e8d86c0000a3e	0	False	False
nat_f87e80c34ba5c8c8909b	gvpa	cluster_04e4c15b93bd18832d36	2	False	False
nat_7a296141a2788c2145e9	gvpa	cluster_00eda75e8d86c0000a3e	0	False	False
nat_38b03f42eea75fbcc3e0	gvpa	cluster_200ecff40f6b83ca60f9	2	False	False
nat_38a86b2caad8351d20f8	gvpa	cluster_02e83ad46b86e8eaf5e7	0	False	False
nat_4ba0a2c8ff48af80e17e	gvpa	cluster_044b97bbcc6fc75d19af	0	False	False
nat_63e94d96149b61e3547f	gvpa	cluster_320fa412f1f1ad675d12	0	False	False
nat_1221e51a70c9226dfb5b	gvpa	cluster_00eda75e8d86c0000a3e	0	False	False
nat_4f76b230eb60279eb5dd	gvpa	cluster_00058845722df3ede422	0	False	False
nat_044a3e6477173de21b19	gvpa	cluster_044a3e6477173de21b19	2	False	False
nat_7d8900b1fc48c317aebb	gvpa	cluster_00b8d6bdf51c5322f38c	1	False	False
nat_044652cd2d2677de71ee	gvpa	cluster_0283d587032de178b666	1	False	False
nat_6b94719ca1a990ee1d8f	gvpa	cluster_04e4c15b93bd18832d36	2	False	False
nat_943ce15fb7773fa3a769	gvpa	cluster_00058845722df3ede422	0	False	False
nat_970873de163a6ff8ee05	gvpa	cluster_04e4c15b93bd18832d36	2	False	False
nat_b258e8dfa1451eaa6d09	gvpa	cluster_00b8d6bdf51c5322f38c	1	False	False
nat_2395590053bc57a3bac9	gvpa	cluster_00eda75e8d86c0000a3e	0	False	False
nat_37f01da4a984c4443e1d	gvpa	cluster_00b8d6bdf51c5322f38c	1	False	False
nat_70724efd897d81dc16e2	gvpa	cluster_0a9ee98cbcc2eabfac38	1	False	False
nat_0dcb405a364eae4db9c2	gvpa	cluster_044b97bbcc6fc75d19af	0	False	False
nat_440c141d3d83ed043c33	gvpa	cluster_04e4c15b93bd18832d36	2	False	False
nat_36d36d0c4f52b3ab32d3	gvpa	cluster_044b97bbcc6fc75d19af	0	False	False
nat_476885d73f2103224b29	gvpa	cluster_02e83ad46b86e8eaf5e7	0	False	False
nat_4b81ad5ffa833d3eb412	gvpa	cluster_00b8d6bdf51c5322f38c	1	False	False
nat_875f973318346cb3195c	gvpa	cluster_00eda75e8d86c0000a3e	0	False	False
nat_00b8d6bdf51c5322f38c	gvpa	cluster_00b8d6bdf51c5322f38c	1	False	False
nat_4ce0c5155ea4669922bc	gvpa	cluster_00eda75e8d86c0000a3e	0	False	False
nat_5d20f105b230fcb464d1	gvpa	cluster_04e4c15b93bd18832d36	2	False	False
nat_92d7d81f95603487cd9c	gvpa	cluster_00058845722df3ede422	0	False	False
nat_d510c78ee6fcdf216c53	gvpa	cluster_08d35b42e1d455774e7b	2	False	False
nat_699456ca14dc91b53082	gvpa	cluster_0b3f3bf863a3ef16a85e	1	False	False
nat_4f811102c58fb8e77080	gvpa	cluster_04e4c15b93bd18832d36	2	False	False
nat_d8adf42b87bd05b02f3c	gvpa	cluster_08d35b42e1d455774e7b	2	False	False
nat_b47c8eec954491beb714	gvpa	cluster_00058845722df3ede422	0	False	False
nat_ce3165ca201b0c8e2c6c	gvpa	cluster_00eda75e8d86c0000a3e	0	False	False
nat_99653906bbbaa3567e58	gvpa	cluster_8892cc08df511f644bcf	0	False	False
nat_286c7b97c4455a336f39	gvpa	cluster_00b8d6bdf51c5322f38c	1	False	False
nat_bb09971e1315fce64b6e	gvpa	cluster_044b97bbcc6fc75d19af	0	False	False
nat_0e91ce29d8018f1f6bc6	gvpa	cluster_044b97bbcc6fc75d19af	0	False	False
nat_731f8990c8cbea086350	gvpa	cluster_10816d30b94e7e319ed1	1	False	False
nat_004ac783975534947324	gvpa	cluster_00058845722df3ede422	0	False	False
nat_07f90c8c92dbdb92b94e	gvpa	cluster_00058845722df3ede422	0	False	False
nat_5c03f7861ccf36dc0533	gvpa	cluster_00058845722df3ede422	0	False	False
nat_4cea385a8794a0b112c3	gvpa	cluster_00058845722df3ede422	0	False	False
nat_4e9e86277af05dbd050d	gvpa	cluster_00058845722df3ede422	0	False	False
nat_65113288b099887ef152	gvpa	cluster_320fa412f1f1ad675d12	0	False	False
nat_0a6194eed91a047cb43e	gvpa	cluster_00058845722df3ede422	0	False	False
nat_ea5746ec582bf06f4e03	gvpa	cluster_3e013aaa6defa9421798	0	False	False
nat_1a264ded2f369ea42fdd	gvpa	cluster_00058845722df3ede422	0	False	False
nat_edf12e96625a3cd49854	gvpa	cluster_00058845722df3ede422	0	False	False
nat_d9b751580230ca0e5773	gvpa	cluster_d9b751580230ca0e5773	2	False	False
nat_4d4e00d31d935ed0527d	gvpa	cluster_00058845722df3ede422	0	False	False
nat_0f59cf2a0c4bb65bd343	gvpa	cluster_0a9ee98cbcc2eabfac38	1	False	False
nat_4132d6e9996d37d7483a	gvpa	cluster_04e4c15b93bd18832d36	2	False	False
nat_fca422d4ddd5dcd65605	gvpa	cluster_00058845722df3ede422	0	False	False
nat_d4bbfd09a62903f1dd61	gvpa	cluster_00058845722df3ede422	0	False	False
nat_fd90bc846ac4fc169df6	gvpa	cluster_d9b751580230ca0e5773	2	False	False
nat_6cb2a4a67fad0b3f22b1	gvpa	cluster_0da4fc315e8c5fa1925f	0	False	False
nat_340bf83afc765d1b00fd	gvpa	cluster_1e070d0d2387bb202235	0	False	False
nat_833a1708482ad34125e2	gvpa	cluster_00058845722df3ede422	0	False	False
nat_0aeb545239a28bae61f9	gvpa	cluster_00058845722df3ede422	0	False	False
nat_ce5dc523b5749c0ad99a	gvpa	cluster_320fa412f1f1ad675d12	0	False	False
nat_9fda348180c612303cdb	gvpa	cluster_00058845722df3ede422	0	False	False
nat_db4cf6e6d1d54bfb2db9	gvpa	cluster_db4cf6e6d1d54bfb2db9	1	False	False
nat_0145b7d0415b25474bf7	gvpa	cluster_00058845722df3ede422	0	False	False
nat_64b87c36790fe3acd4ba	gvpa	cluster_00058845722df3ede422	0	False	False
nat_0da4fc315e8c5fa1925f	gvpa	cluster_0da4fc315e8c5fa1925f	0	False	False
nat_62b65b4bdaad5382b6fd	gvpa	cluster_0da4fc315e8c5fa1925f	0	False	False
nat_644a625ed987b37152d8	gvpa	cluster_0da4fc315e8c5fa1925f	0	False	False
nat_3dd2d389f45d6f0511d2	gvpa	cluster_3dd2d389f45d6f0511d2	2	False	False
nat_bf00fc1bb4a6bea076a5	gvpa	cluster_00058845722df3ede422	0	False	False
nat_1f1d6fdb82f348ed948e	gvpa	cluster_00058845722df3ede422	0	False	False
nat_bc5cdb91e80e5d33bb26	gvpa	cluster_034d9111e895aa2cb4fa	1	False	False
nat_fe2e069c7d192a9aa4be	gvpa	cluster_00058845722df3ede422	0	False	False
nat_7b672bf4b057eba2ffac	gvpa	cluster_7b672bf4b057eba2ffac	2	False	False
nat_98f6b86d7ec22351f587	gvpa	cluster_200ecff40f6b83ca60f9	2	False	False
nat_dc2b0da282a1a334132b	gvpa	cluster_0a9ee98cbcc2eabfac38	1	False	False
nat_eb796c25a48cdf2ca2d4	gvpa	cluster_00058845722df3ede422	0	False	False
nat_c0248ec199ed97e6d9ee	gvpa	cluster_c0248ec199ed97e6d9ee	1	False	False
nat_4a87fc740463a61b2d05	gvpa	cluster_3dd2d389f45d6f0511d2	2	False	False
nat_b9de124a92fba0281b06	gvpa	cluster_00058845722df3ede422	0	False	False
nat_140f5823a50b88bf41c9	gvpa	cluster_00058845722df3ede422	0	False	False
nat_461115b7000bfd74f566	gvpa	cluster_00058845722df3ede422	0	False	False
nat_941dc16f5af7d70127ae	gvpa	cluster_0e5f42f63b697d7ae252	1	False	False
nat_bc61cfaf37743c96bcc0	gvpa	cluster_04e4c15b93bd18832d36	2	False	False
nat_fa2383cbfbff83286c61	gvpa	cluster_00058845722df3ede422	0	False	False
nat_0ae199fc6d044a2da135	gvpa	cluster_00058845722df3ede422	0	False	False
nat_dca06c4ca76aafac96e9	gvpa	cluster_00058845722df3ede422	0	False	False
nat_c7cb28cf54b6a88ff785	gvpa	cluster_00058845722df3ede422	0	False	False
nat_5577d4ac8367231fcec5	gvpa	cluster_3dd2d389f45d6f0511d2	2	False	False
nat_c5a4c69d0879da5e6614	gvpa	cluster_0a5813d34fb4f832fd7d	2	False	False
nat_d6e9dabc7155ae370ddb	gvpa	cluster_00058845722df3ede422	0	False	False
nat_05a00477d12701f3890c	gvpa	cluster_00058845722df3ede422	0	False	False
nat_75679c0d4db585656573	gvpa	cluster_00058845722df3ede422	0	False	False
nat_2ef2790cebd0bc14e528	gvpa	cluster_0e5f42f63b697d7ae252	1	False	False
nat_8d29ff35edf68fc809de	gvpa	cluster_00058845722df3ede422	0	False	False
nat_ee10b37a92559cba1989	gvpa	cluster_00058845722df3ede422	0	False	False
nat_f49fe3672d6fdfda7cc7	gvpa	cluster_00058845722df3ede422	0	False	False
nat_53979ea823175001b77b	gvpa	cluster_0a5813d34fb4f832fd7d	2	False	False
nat_84eddb9c9ecca10afd5a	gvpa	cluster_84eddb9c9ecca10afd5a	0	False	False
nat_a7791ad55c70e7fd3462	gvpa	cluster_00058845722df3ede422	0	False	False
nat_b28a6bed955c267791e6	gvpa	cluster_3dd2d389f45d6f0511d2	2	False	False
nat_e38f9994094842734a96	gvpa	cluster_034d9111e895aa2cb4fa	1	False	False
nat_a7ccf9f8dd2634fb8865	gvpa	cluster_034d9111e895aa2cb4fa	1	False	False
nat_2257aec2c4abeff42ec4	gvpa	cluster_00058845722df3ede422	0	False	False
nat_0a5813d34fb4f832fd7d	gvpa	cluster_0a5813d34fb4f832fd7d	2	False	False
nat_a49cfe7d33cec22c3905	gvpa	cluster_00058845722df3ede422	0	False	False
nat_36bb407811468e3b13d9	gvpa	cluster_00058845722df3ede422	0	False	False
nat_cc5d159ca664e171159f	gvpa	cluster_034d9111e895aa2cb4fa	1	False	False
nat_7a11e816ce4f33f127ab	gvpa	cluster_04e4c15b93bd18832d36	2	False	False
nat_abe747a6a02da3a854f9	gvpa	cluster_06a18e8f389879fa7357	2	False	False
nat_04e4c15b93bd18832d36	gvpa	cluster_04e4c15b93bd18832d36	2	False	False
nat_b14fdba1c12c78ac4485	gvpa	cluster_00058845722df3ede422	0	False	False
nat_161cd7e3295f80b2452b	gvpa	cluster_04e4c15b93bd18832d36	2	False	False
nat_27cf1e5aac6ec3dd931d	gvpa	cluster_0da4fc315e8c5fa1925f	0	False	False
nat_d4ba65189ba86a477cc5	gvpa	cluster_00058845722df3ede422	0	False	False
nat_a9c10692b45d32f772b4	gvpa	cluster_00058845722df3ede422	0	False	False
nat_c477483bf308ed286daf	gvpa	cluster_3e013aaa6defa9421798	0	False	False
nat_e31d0685f6a3fa9a63fd	gvpa	cluster_3e013aaa6defa9421798	0	False	False
nat_0a9ee98cbcc2eabfac38	gvpa	cluster_0a9ee98cbcc2eabfac38	1	False	False
nat_4d722634e257d2a7d133	gvpa	cluster_00058845722df3ede422	0	False	False
nat_3ca11356bba8d59e0a37	gvpa	cluster_200ecff40f6b83ca60f9	2	False	False
nat_7d1d4ec0845163a487d6	gvpa	cluster_04e4c15b93bd18832d36	2	False	False
nat_82e4660fb87f57daff30	gvpa	cluster_00058845722df3ede422	0	False	False
nat_4dc9c1477d3d6b181da7	gvpa	cluster_00058845722df3ede422	0	False	False
nat_1aef09f774a1818b7e24	gvpa	cluster_00058845722df3ede422	0	False	False
nat_dbd11e06d90ad48401af	gvpa	cluster_00058845722df3ede422	0	False	False
nat_1ed909a554bd91f8870f	gvpa	cluster_0da4fc315e8c5fa1925f	0	False	False
nat_ac44a557fbffad89a437	gvpa	cluster_3e013aaa6defa9421798	0	False	False
nat_4d627ec7ce40cceb1d25	gvpa	cluster_04e4c15b93bd18832d36	2	False	False
nat_4a610b8daff21e476288	gvpa	cluster_0a5813d34fb4f832fd7d	2	False	False
nat_bf5abb4d953e0d6aaa1f	gvpa	cluster_00058845722df3ede422	0	False	False
nat_32fcf9c5b6202c499dc1	gvpa	cluster_00058845722df3ede422	0	False	False
nat_34e09ae9d7236edc844b	gvpa	cluster_04e4c15b93bd18832d36	2	False	False
nat_7a647eeb22ff0d5a70c4	gvpa	cluster_019e8d05123166c4099d	2	False	False
nat_05d62502987d9405b8af	gvpa	cluster_00058845722df3ede422	0	False	False
nat_48f4fc548c0153a5775e	gvpa	cluster_00058845722df3ede422	0	False	False
nat_42d774e2b731f8e5de6a	gvpa	cluster_200ecff40f6b83ca60f9	2	False	False
nat_0077c6cbf903d0b80137	gvpa	cluster_00058845722df3ede422	0	False	False
nat_373d638b02f47e751a57	gvpa	cluster_0a5813d34fb4f832fd7d	2	False	False
nat_873dfd59523575571c0b	gvpa	cluster_04e4c15b93bd18832d36	2	False	False
nat_3beea3bf721df3e90ae2	gvpa	cluster_00058845722df3ede422	0	False	False
nat_cac8cf4903b24e69aca8	gvpa	cluster_04e4c15b93bd18832d36	2	False	False
nat_2a93193629740c6b70af	gvpa	cluster_04e4c15b93bd18832d36	2	False	False
nat_dc6aa26cbe06c32b68c2	gvpa	cluster_00058845722df3ede422	0	False	False
nat_bda4e304d446361a159c	gvpa	cluster_00058845722df3ede422	0	False	False
nat_7d45d6cf3df5d3d36985	gvpa	cluster_00058845722df3ede422	0	False	False
nat_200ecff40f6b83ca60f9	gvpa	cluster_200ecff40f6b83ca60f9	2	False	False
nat_1f7ab0dfc808b4ef03c3	gvpa	cluster_00058845722df3ede422	0	False	False
nat_0e8669cb5fbefecf56bd	gvpa	cluster_0e5f42f63b697d7ae252	1	False	False
nat_0e5f42f63b697d7ae252	gvpa	cluster_0e5f42f63b697d7ae252	1	False	False
nat_9fd0842a53e077dc147a	gvpa	cluster_3dd2d389f45d6f0511d2	2	False	False
nat_819a3c6792d744ecbd3d	gvpa	cluster_034d9111e895aa2cb4fa	1	False	False
nat_74aacbad701be1598660	gvpa	cluster_00058845722df3ede422	0	False	False
nat_7ee1d64f80049d71603c	gvpa	cluster_00058845722df3ede422	0	False	False
nat_9ba949b2aab9e2be6898	gvpa	cluster_00058845722df3ede422	0	False	False
nat_d1b057f953bd558c0457	gvpa	cluster_00058845722df3ede422	0	False	False
nat_707da4af3acf7f03536c	gvpa	cluster_034d9111e895aa2cb4fa	1	False	False
nat_3e013aaa6defa9421798	gvpa	cluster_3e013aaa6defa9421798	0	False	False
nat_ccd25408209dd226eaf9	gvpa	cluster_00058845722df3ede422	0	False	False
nat_67dd37821af98e87666e	gvpa	cluster_00058845722df3ede422	0	False	False
nat_26dcc139685992f211f4	gvpa	cluster_0e5f42f63b697d7ae252	1	False	False
nat_87d470267a8c16ab7df9	gvpa	cluster_00058845722df3ede422	0	False	False
nat_1eda5f35014077cd8e25	gvpa	cluster_00058845722df3ede422	0	False	False
nat_b872ca2d5a2d145dce35	gvpa	cluster_04e4c15b93bd18832d36	2	False	False
nat_b3561a1e0242e2259486	gvpa	cluster_1e070d0d2387bb202235	0	False	False
nat_ede685c8031e89299cf7	gvpa	cluster_1e070d0d2387bb202235	0	False	False
nat_2c92df9e3660ae4ae496	gvpa	cluster_0a9ee98cbcc2eabfac38	1	False	False
nat_d80e058d93177215aa4b	gvpa	cluster_00058845722df3ede422	0	False	False
nat_dbcea97f4e8354ba3556	gvpa	cluster_00058845722df3ede422	0	False	False
nat_81de2b78d291d512c1e2	gvpa	cluster_00058845722df3ede422	0	False	False
nat_9ca97034ea4d97950343	gvpa	cluster_00058845722df3ede422	0	False	False
nat_6b2c0d4d7468a9bb7cde	gvpa	cluster_00058845722df3ede422	0	False	False
nat_4b58b860e36e01bdb682	gvpa	cluster_00058845722df3ede422	0	False	False
nat_d92cb9dcfcf48b731b50	gvpa	cluster_00058845722df3ede422	0	False	False
nat_57d11d6b58e3b78591e1	gvpa	cluster_00058845722df3ede422	0	False	False
nat_50547bc898f61f24df25	gvpa	cluster_0a9ee98cbcc2eabfac38	1	False	False
nat_457c7fa4e18854325440	gvpa	cluster_0a9ee98cbcc2eabfac38	1	False	False
nat_b28d4ac8e7cffa9c0259	gvpa	cluster_0a9ee98cbcc2eabfac38	1	False	False
nat_d15f613fad1b42703ddc	gvpa	cluster_0e5f42f63b697d7ae252	1	False	False
nat_86af2bea85657bdc848a	gvpa	cluster_00058845722df3ede422	0	False	False
nat_6681febe116459c77b18	gvpa	cluster_00058845722df3ede422	0	False	False
nat_13cb78a146ca0e28f916	gvpa	cluster_06a18e8f389879fa7357	2	False	False
nat_3e6bf91c590be6684eed	gvpa	cluster_00058845722df3ede422	0	False	False
nat_019e8d05123166c4099d	gvpa	cluster_019e8d05123166c4099d	2	False	False
nat_a073bea82f9def955f00	gvpa	cluster_1d6f00b576454c5129eb	0	False	False
nat_7bd6d00159b2d7ed0289	gvpa	cluster_019e8d05123166c4099d	2	False	False
nat_fb877ea45a36f28c6227	gvpa	cluster_04e4c15b93bd18832d36	2	False	False
nat_ebb2fb66a808274ef5cf	gvpa	cluster_3e013aaa6defa9421798	0	False	False
nat_a8908cb0d732ddf5c6d4	gvpa	cluster_00058845722df3ede422	0	False	False
nat_64863b5b8a6b08db9fd7	gvpa	cluster_00058845722df3ede422	0	False	False
nat_ab2292bf5276ca31007d	gvpa	cluster_034d9111e895aa2cb4fa	1	False	False
nat_034d9111e895aa2cb4fa	gvpa	cluster_034d9111e895aa2cb4fa	1	False	False
nat_366f2df371810fefd4a4	gvpa	cluster_034d9111e895aa2cb4fa	1	False	False
nat_acb38079c01f07d0de6f	gvpa	cluster_00058845722df3ede422	0	False	False
nat_06a18e8f389879fa7357	gvpa	cluster_06a18e8f389879fa7357	2	False	False
nat_07248f2d3ff700c7afcd	gvpa	cluster_00058845722df3ede422	0	False	False
nat_edcfcd19baadeee00eaf	gvpa	cluster_00058845722df3ede422	0	False	False
nat_320fa412f1f1ad675d12	gvpa	cluster_320fa412f1f1ad675d12	0	False	False
nat_f7dbe09f7bde0afd3543	gvpa	cluster_04e4c15b93bd18832d36	2	False	False
nat_c8490949e18e771ed8c8	gvpa	cluster_00058845722df3ede422	0	False	False
nat_94cdaea6b1db7bfe983f	gvpa	cluster_00058845722df3ede422	0	False	False
nat_478e03d6c766c6092422	gvpa	cluster_0a9ee98cbcc2eabfac38	1	False	False
nat_36a56467f4a25638e5d8	gvpa	cluster_034d9111e895aa2cb4fa	1	False	False
nat_0dbc89dc4cb8f9901795	gvpa	cluster_034d9111e895aa2cb4fa	1	False	False
nat_78005b3dddedd0251b7e	gvpa	cluster_00058845722df3ede422	0	False	False
nat_448d52f7c380acd65350	gvpa	cluster_1e070d0d2387bb202235	0	False	False
nat_f603a0bdb36b55f44821	gvpa	cluster_1e070d0d2387bb202235	0	False	False
nat_509ca7d230eacbb916e4	gvpa	cluster_1e070d0d2387bb202235	0	False	False
nat_3cc2cb889cfdbbcaa17b	gvpa	cluster_0da4fc315e8c5fa1925f	0	False	False
nat_b5ccff48f879b7cc34ad	gvpa	cluster_00058845722df3ede422	0	False	False
nat_32d58e5d24419efe5e0e	gvpa	cluster_0da4fc315e8c5fa1925f	0	False	False
nat_b14dbbd56a14a6238029	gvpa	cluster_00058845722df3ede422	0	False	False
nat_842bc418f0682cd2a9c8	gvpa	cluster_00058845722df3ede422	0	False	False
nat_d5d6f3cedb33fb3328b6	gvpa	cluster_00058845722df3ede422	0	False	False
nat_30c8db5b2a48ec02340b	gvpa	cluster_00058845722df3ede422	0	False	False
nat_69442765a7e1224b0435	gvpa	cluster_00058845722df3ede422	0	False	False
nat_90e82772d308676c7556	gvpa	cluster_0da4fc315e8c5fa1925f	0	False	False
nat_8f5ca23cd23d0262e12b	gvpa	cluster_0da4fc315e8c5fa1925f	0	False	False
nat_a4ce46bc0db75edd2892	gvpa	cluster_1e070d0d2387bb202235	0	False	False
nat_fbe5bf19f8b5fcb8a504	gvpa	cluster_034d9111e895aa2cb4fa	1	False	False
nat_1564401f2a553c444667	gvpa	cluster_00058845722df3ede422	0	False	False
nat_5d40201e59780a4578e1	gvpa	cluster_00058845722df3ede422	0	False	False
nat_718f9add2c10ca08b4a5	gvpa	cluster_320fa412f1f1ad675d12	0	False	False
nat_0101bc590c89813c161a	gvpa	cluster_00058845722df3ede422	0	False	False
nat_c0d8f1302fa41452efbc	gvpa	cluster_00058845722df3ede422	0	False	False
nat_6dc60142a293ec7c6dcb	gvpa	cluster_04e4c15b93bd18832d36	2	False	False
nat_2f7a03239bef14f78193	gvpa	cluster_034d9111e895aa2cb4fa	1	False	False
nat_3d7fc725cd17cf23a73c	gvpa	cluster_00058845722df3ede422	0	False	False
nat_729a9790a662e92ab379	gvpa	cluster_00058845722df3ede422	0	False	False
nat_215f48254c804f1f2876	gvpa	cluster_00058845722df3ede422	0	False	False
nat_62bc5089576517d5fad1	gvpa	cluster_00058845722df3ede422	0	False	False
nat_8189ed3c9ac18707f549	gvpa	cluster_00058845722df3ede422	0	False	False
nat_168a7720be25950ce7a5	gvpa	cluster_00058845722df3ede422	0	False	False
nat_c468502803b4ab5981f1	gvpa	cluster_00058845722df3ede422	0	False	False
nat_d07d112598796fe30d76	gvpa	cluster_00058845722df3ede422	0	False	False
nat_dad443e0412ef646de5e	gvpa	cluster_00058845722df3ede422	0	False	False
nat_b89284c786e1b2202da6	gvpa	cluster_034d9111e895aa2cb4fa	1	False	False
nat_145768217677e4dfa78e	gvpa	cluster_04e4c15b93bd18832d36	2	False	False
nat_1f956fdbc151f2ec0ffb	gvpa	cluster_00058845722df3ede422	0	False	False
nat_00058845722df3ede422	gvpa	cluster_00058845722df3ede422	0	False	False
nat_4983f01969b214844bb9	gvpa	cluster_034d9111e895aa2cb4fa	1	False	False
nat_044b97bbcc6fc75d19af	gvpa	cluster_044b97bbcc6fc75d19af	0	False	False
nat_0d7970548e5a353c52b0	gvpa	cluster_044b97bbcc6fc75d19af	0	False	False
nat_9fe918e0f2a37590ea6b	gvpa	cluster_00eda75e8d86c0000a3e	0	False	False
nat_1bf14199f279ca97cc94	gvpa	cluster_044b97bbcc6fc75d19af	0	False	False
nat_a84874ccf2cf9f12a8ef	gvpa	cluster_08d35b42e1d455774e7b	2	False	False
nat_2549c61eaa1c68f79257	gvpa	cluster_00eda75e8d86c0000a3e	0	False	False
nat_142752963930eab74d74	gvpa	cluster_00eda75e8d86c0000a3e	0	False	False
nat_9f8c36880cfb04e0cba5	gvpa	cluster_0283d587032de178b666	1	False	False
nat_b1857f03b52d3c765ea4	gvpa	cluster_10816d30b94e7e319ed1	1	False	False
nat_4138c2817c5b6dca65ea	gvpa	cluster_09f47a4c9a94b657ae7d	0	False	False
nat_8758b934790f5784ea1b	gvpa	cluster_044b97bbcc6fc75d19af	0	False	False
nat_6f2cfd5f0d50c7aee582	gvpa	cluster_00eda75e8d86c0000a3e	0	False	False
nat_8991e9e4bd357d9288ea	gvpa	cluster_00eda75e8d86c0000a3e	0	False	False
nat_a4cf355a2019efa6dd79	gvpa	cluster_00eda75e8d86c0000a3e	0	False	False
nat_9d49465af66327a747b8	gvpa	cluster_10816d30b94e7e319ed1	1	False	False
nat_f34d4928fe982f4cb0ec	gvpa	cluster_0844cfaee9f234d540b5	0	False	False
nat_9ec7201d98ae2ffcf074	gvpa	cluster_044b97bbcc6fc75d19af	0	False	False
nat_bd681cfbd78ed763b9df	gvpa	cluster_0283d587032de178b666	1	False	False
nat_e68eef3564e74af35e4a	gvpa	cluster_09f47a4c9a94b657ae7d	0	False	False
nat_243a30af717d5651d5fa	gvpa	cluster_00eda75e8d86c0000a3e	0	False	False
nat_1b1d36a4acc8ad9c6342	gvpa	cluster_00eda75e8d86c0000a3e	0	False	False
nat_e0205c427b560fb5fab6	gvpa	cluster_0283d587032de178b666	1	False	False
nat_21fd512873a52dc47991	gvpa	cluster_21fd512873a52dc47991	2	False	False
nat_c5a5f8d3e0297c749df7	gvpa	cluster_00eda75e8d86c0000a3e	0	False	False
nat_62aec584cfcef3208e2b	gvpa	cluster_00eda75e8d86c0000a3e	0	False	False
nat_6eb7664db70304cf0f2b	gvpa	cluster_00eda75e8d86c0000a3e	0	False	False
nat_7c1ee34913e269628b61	gvpa	cluster_21fd512873a52dc47991	2	False	False
nat_aca6770bcb5a580c4c2a	gvpa	cluster_08d35b42e1d455774e7b	2	False	False
nat_8a3f5134cee921bb3c9c	gvpa	cluster_00eda75e8d86c0000a3e	0	False	False
nat_3f956a2c7b90437404b4	gvpa	cluster_08d35b42e1d455774e7b	2	False	False
nat_8aa5636b24c4e602865a	gvpa	cluster_10816d30b94e7e319ed1	1	False	False
nat_f82305b37f1af32ad1a0	gvpa	cluster_044b97bbcc6fc75d19af	0	False	False
nat_b145d41f03ca300fa852	gvpa	cluster_044b97bbcc6fc75d19af	0	False	False
nat_44be345e568ee6f5e906	gvpa	cluster_044b97bbcc6fc75d19af	0	False	False
nat_fd5c322037d42e8f890c	gvpa	cluster_044b97bbcc6fc75d19af	0	False	False
nat_f872efd67a56d21a6340	gvpa	cluster_044b97bbcc6fc75d19af	0	False	False
nat_0c568d3a5b09c7ed2240	gvpa	cluster_044b97bbcc6fc75d19af	0	False	False
nat_d71bd42b79fe4d801a01	gvpa	cluster_044b97bbcc6fc75d19af	0	False	False
nat_e2b9c94c60da4c449a4d	gvpa	cluster_044b97bbcc6fc75d19af	0	False	False
nat_dda877b0008607a0fc71	gvpa	cluster_044b97bbcc6fc75d19af	0	False	False
nat_63f804d4a54dfefdba01	gvpa	cluster_1589f15763a3b3a0bf84	0	False	False
nat_f31ef9ed0a87f1bcd7f1	gvpa	cluster_044b97bbcc6fc75d19af	0	False	False
nat_29752096fb51cc573566	gvpa	cluster_0b5cd7683d0975317579	2	False	False
nat_ab18ddbecb739bae7c0a	gvpa	cluster_00eda75e8d86c0000a3e	0	False	False
nat_12c980f97c4e594a42de	gvpa	cluster_044b97bbcc6fc75d19af	0	False	False
nat_867df19266611b1dd32b	gvpa	cluster_00eda75e8d86c0000a3e	0	False	False
nat_875b3015b17030bcf076	gvpa	cluster_00eda75e8d86c0000a3e	0	False	False
nat_18bfe7ce20a3a4013554	gvpa	cluster_044b97bbcc6fc75d19af	0	False	False
nat_7f3ba3408331f0b52ea1	gvpa	cluster_044b97bbcc6fc75d19af	0	False	False
nat_4cc577e850a35b25573f	gvpa	cluster_044b97bbcc6fc75d19af	0	False	False
nat_7192aa1b5c4b0d0cb215	gvpa	cluster_044b97bbcc6fc75d19af	0	False	False
nat_a2a7b780c74df6bd950e	gvpa	cluster_044b97bbcc6fc75d19af	0	False	False
nat_603ba2fccd34d2e3b142	gvpa	cluster_044b97bbcc6fc75d19af	0	False	False
nat_40a9ee2f296e1edcfbc2	gvpa	cluster_10816d30b94e7e319ed1	1	False	False
nat_ffe402200c3540873462	gvpa	cluster_0b5cd7683d0975317579	2	False	False
nat_1e293b4cbe670455f7f8	gvpa	cluster_10268ee8450e0bb5a453	2	False	False
nat_dc38a4313453d819bde4	gvpa	cluster_044b97bbcc6fc75d19af	0	False	False
nat_c5e6ef219282f46a04ba	gvpa	cluster_044b97bbcc6fc75d19af	0	False	False
nat_193a805604225b70bf9b	gvpa	cluster_10816d30b94e7e319ed1	1	False	False
nat_483476b5bde91cbf3a74	gvpa	cluster_10816d30b94e7e319ed1	1	False	False
nat_fd56bd8ca14d2ea7647f	gvpa	cluster_044b97bbcc6fc75d19af	0	False	False
nat_22ac9928a6c3fbaf8f7c	gvpa	cluster_10816d30b94e7e319ed1	1	False	False
nat_f5a522a905abb21e46c2	gvpa	cluster_10816d30b94e7e319ed1	1	False	False
nat_607f897bd5b7dd1b1fbe	gvpa	cluster_10816d30b94e7e319ed1	1	False	False
nat_0c143ad343586201fcf9	gvpa	cluster_02e83ad46b86e8eaf5e7	0	False	False
nat_ed971bf96974483cf1a5	gvpa	cluster_044b97bbcc6fc75d19af	0	False	False
nat_63042e294eae0d141b5c	gvpa	cluster_044b97bbcc6fc75d19af	0	False	False
nat_b09a8337edbf59a7c5c3	gvpa	cluster_0283d587032de178b666	1	False	False
nat_f23561e6e1591a764c15	gvpa	cluster_0b5cd7683d0975317579	2	False	False
nat_2f457cd3e21794d77204	gvpa	cluster_044b97bbcc6fc75d19af	0	False	False
nat_66d41021d88e3bf58bdc	gvpa	cluster_044b97bbcc6fc75d19af	0	False	False
nat_5601498c9a93902562db	gvpa	cluster_044b97bbcc6fc75d19af	0	False	False
nat_fff3fdcc3af814966f5b	gvpa	cluster_821a6d2a970cf6bcf9bb	2	False	False
nat_fa70cf643277a18d9353	gvpa	cluster_1589f15763a3b3a0bf84	0	False	False
nat_0ba4bde6653115be1dd4	gvpa	cluster_044b97bbcc6fc75d19af	0	False	False
nat_de4f0d0b434811184abb	gvpa	cluster_00eda75e8d86c0000a3e	0	False	False
nat_cb58ba6802b0f699eec6	gvpa	cluster_044b97bbcc6fc75d19af	0	False	False
nat_ec1d66f4985b18dd0226	gvpa	cluster_044b97bbcc6fc75d19af	0	False	False
nat_2a643259fb5c627e5a76	gvpa	cluster_2a643259fb5c627e5a76	1	False	False
nat_668321baf55f7bfbdc1b	gvpa	cluster_044b97bbcc6fc75d19af	0	False	False
nat_9adb2cc7f37ad19f8e0f	gvpa	cluster_31bb770684ff35b24094	1	False	False
nat_6166ab1a17ac507a42bf	gvpa	cluster_044b97bbcc6fc75d19af	0	False	False
nat_39a0d637b9f5ad86efbf	gvpa	cluster_00eda75e8d86c0000a3e	0	False	False
nat_646d43372f49b1be4f56	gvpa	cluster_00eda75e8d86c0000a3e	0	False	False
nat_6fee2e0959e28f7ad2d6	gvpa	cluster_00eda75e8d86c0000a3e	0	False	False
nat_9587ffd39bd2d85bd5ef	gvpa	cluster_00eda75e8d86c0000a3e	0	False	False
nat_2708b2500f3eefced6c0	gvpa	cluster_02e83ad46b86e8eaf5e7	0	False	False
nat_444b2346dad8b8d36df2	gvpa	cluster_02e83ad46b86e8eaf5e7	0	False	False
nat_d1ffe3160c1f85b8feb9	gvpa	cluster_044b97bbcc6fc75d19af	0	False	False
nat_ccf96d6a6ed62483f79a	gvpa	cluster_0844cfaee9f234d540b5	0	False	False
nat_d1371fd7814fe8dbe69e	gvpa	cluster_00eda75e8d86c0000a3e	0	False	False
nat_e6ab93f7efc7fc3ffe18	gvpa	cluster_044b97bbcc6fc75d19af	0	False	False
nat_2132a9e0b250f93ef073	gvpa	cluster_044b97bbcc6fc75d19af	0	False	False
nat_9b4ea9dc72fc9d6476a6	gvpa	cluster_044b97bbcc6fc75d19af	0	False	False
nat_2684144e3e1bc2f66f34	gvpa	cluster_044b97bbcc6fc75d19af	0	False	False
nat_1589f15763a3b3a0bf84	gvpa	cluster_1589f15763a3b3a0bf84	0	False	False
nat_c98671ca28ab9cb8f04c	gvpa	cluster_821a6d2a970cf6bcf9bb	2	False	False
nat_6eb103ed851a261f0454	gvpa	cluster_044b97bbcc6fc75d19af	0	False	False
nat_1833721e1724827de2bb	gvpa	cluster_044b97bbcc6fc75d19af	0	False	False
nat_561df1cd0484632cdef6	gvpa	cluster_1589f15763a3b3a0bf84	0	False	False
nat_09f47a4c9a94b657ae7d	gvpa	cluster_09f47a4c9a94b657ae7d	0	False	False
nat_399c6c7f39b6c9cf5ad5	gvpa	cluster_08d35b42e1d455774e7b	2	False	False
nat_70e619942db9ffc2c9b7	gvpa	cluster_00eda75e8d86c0000a3e	0	False	False
nat_150260db0a312db92173	gvpa	cluster_10816d30b94e7e319ed1	1	False	False
nat_51d4aa4718d4ddd20574	gvpa	cluster_00eda75e8d86c0000a3e	0	False	False
nat_261427cf6474f66e5844	gvpa	cluster_261427cf6474f66e5844	0	False	False
nat_68131976059d25a80b19	gvpa	cluster_00b8d6bdf51c5322f38c	1	False	False
nat_a182ae3bb53ca39deed1	gvpa	cluster_00eda75e8d86c0000a3e	0	False	False
nat_d9e7adf0f15523b79bb7	gvpa	cluster_0b5cd7683d0975317579	2	False	False
nat_9c6b2526a0bb2c4a36c1	gvpa	cluster_00eda75e8d86c0000a3e	0	False	False
nat_f6ebacfa83a4d005159e	gvpa	cluster_044b97bbcc6fc75d19af	0	False	False
nat_b412c2b00055ebc34540	gvpa	cluster_0283d587032de178b666	1	False	False
nat_c9dd3d8bb3321e485fa8	gvpa	cluster_0283d587032de178b666	1	False	False
nat_cace8f7ec0f10f4823d0	gvpa	cluster_00eda75e8d86c0000a3e	0	False	False
nat_01217a4061546de4f423	gvpa	cluster_00eda75e8d86c0000a3e	0	False	False
nat_8bb7f995156f78926ae7	gvpa	cluster_00b8d6bdf51c5322f38c	1	False	False
nat_d067ede25f6c0516a956	gvpa	cluster_00eda75e8d86c0000a3e	0	False	False
nat_09086542d4cbb738c598	gvpa	cluster_00eda75e8d86c0000a3e	0	False	False
nat_b57aea053dff80c6482c	gvpa	cluster_00eda75e8d86c0000a3e	0	False	False
nat_1c3f16a0fdc7b319cfc7	gvpa	cluster_044b97bbcc6fc75d19af	0	False	False
nat_50dda88e67458b1e7169	gvpa	cluster_044b97bbcc6fc75d19af	0	False	False
nat_351862cb01754fd1ab98	gvpa	cluster_00eda75e8d86c0000a3e	0	False	False
nat_5cb381db9359101cf272	gvpa	cluster_00eda75e8d86c0000a3e	0	False	False
nat_4fb6b9391abe691f2baa	gvpa	cluster_00eda75e8d86c0000a3e	0	False	False
nat_31320e152ba1b4cfe0c5	gvpa	cluster_044b97bbcc6fc75d19af	0	False	False
nat_8b714e1325cbfdfacd93	gvpa	cluster_044b97bbcc6fc75d19af	0	False	False
nat_07bd0e36be9cf6488fb7	gvpa	cluster_0283d587032de178b666	1	False	False
nat_b5963311e20bf490cf4c	gvpa	cluster_0844cfaee9f234d540b5	0	False	False
nat_45f439ecd52873031578	gvpa	cluster_205609067b26bcd62eb1	2	False	False
nat_3ce8f60b99b21237414a	gvpa	cluster_00eda75e8d86c0000a3e	0	False	False
nat_9dc637e90a7070ed00fe	gvpa	cluster_00eda75e8d86c0000a3e	0	False	False
nat_e092f1bde34194b8d969	gvpa	cluster_00eda75e8d86c0000a3e	0	False	False
nat_0f2a8f05ef1200c5dc0c	gvpa	cluster_0283d587032de178b666	1	False	False
nat_1da09a04eab900f30339	gvpa	cluster_0844cfaee9f234d540b5	0	False	False
nat_a97455c28a62de8f61f4	gvpa	cluster_00eda75e8d86c0000a3e	0	False	False
nat_5d6c7bd3713afa1895ab	gvpa	cluster_044b97bbcc6fc75d19af	0	False	False
nat_2b57a127896613be0c56	gvpa	cluster_044b97bbcc6fc75d19af	0	False	False
nat_df27c6cb10b51229e5ef	gvpa	cluster_044b97bbcc6fc75d19af	0	False	False
nat_86a1bb384f8aaccbe24a	gvpa	cluster_11170a4c1f77a2510e97	2	False	False
nat_edef782f11b8c7eacb34	gvpa	cluster_00eda75e8d86c0000a3e	0	False	False
nat_5fb53d83d56d48c68c10	gvpa	cluster_02e83ad46b86e8eaf5e7	0	False	False
nat_7987b4f5a99061af67e9	gvpa	cluster_0283d587032de178b666	1	False	False
nat_da651a0a7b69341f23f4	gvpa	cluster_11170a4c1f77a2510e97	2	False	False
nat_033157a4d26d86912677	gvpa	cluster_00eda75e8d86c0000a3e	0	False	False
nat_5d4bc3951377fd2faff7	gvpa	cluster_0b3f3bf863a3ef16a85e	1	False	False
nat_70e926d855b20edca8f9	gvpa	cluster_0b3f3bf863a3ef16a85e	1	False	False
nat_483bbff4b0b9b4108f6d	gvpa	cluster_0b3f3bf863a3ef16a85e	1	False	False
nat_8cc5c88d15faa4d4098f	gvpa	cluster_00eda75e8d86c0000a3e	0	False	False
nat_1ae061b1db7a06cf0b36	gvpa	cluster_00eda75e8d86c0000a3e	0	False	False
nat_2e924180e7ec30a66746	gvpa	cluster_00eda75e8d86c0000a3e	0	False	False
nat_70501e44d62eb76e66dd	gvpa	cluster_00eda75e8d86c0000a3e	0	False	False
nat_aef0e900ff08f50b5105	gvpa	cluster_27cfc6c7874687adce98	0	False	False
nat_31bb770684ff35b24094	gvpa	cluster_31bb770684ff35b24094	1	False	False
nat_fe8e5bed782f7960b0ca	gvpa	cluster_00eda75e8d86c0000a3e	0	False	False
nat_dec5fa293ad4eeaffa6f	gvpa	cluster_0283d587032de178b666	1	False	False
nat_8031a3a05037a74c2518	gvpa	cluster_0283d587032de178b666	1	False	False
nat_e9a0f84c227e1492bb83	gvpa	cluster_261427cf6474f66e5844	0	False	False
nat_81e16e28c5b6ae6c687e	gvpa	cluster_044b97bbcc6fc75d19af	0	False	False
nat_a2748151d0c02d5ee64c	gvpa	cluster_10816d30b94e7e319ed1	1	False	False
nat_13b468f1d3a3dbb11fa2	gvpa	cluster_00eda75e8d86c0000a3e	0	False	False
nat_d4535c05655d38b67932	gvpa	cluster_044b97bbcc6fc75d19af	0	False	False
nat_dd1c249d0891ddb7284f	gvpa	cluster_02e83ad46b86e8eaf5e7	0	False	False
nat_90d11bccd2cb7147c1fe	gvpa	cluster_10816d30b94e7e319ed1	1	False	False
nat_96074fbc1c013ecec913	gvpa	cluster_044b97bbcc6fc75d19af	0	False	False
nat_42c893463fb64a324e03	gvpa	cluster_044b97bbcc6fc75d19af	0	False	False
nat_b210eed1ce4ece76342b	gvpa	cluster_044b97bbcc6fc75d19af	0	False	False
nat_2d95495542132d4c6c5b	gvpa	cluster_0b5cd7683d0975317579	2	False	False
nat_68d62db14d5f1911f6ac	gvpa	cluster_21fd512873a52dc47991	2	False	False
nat_d2440e6d37d33df171fe	gvpa	cluster_0283d587032de178b666	1	False	False
nat_b454aacc4a69df8c17a0	gvpa	cluster_00eda75e8d86c0000a3e	0	False	False
nat_ec09e260540587684c1e	gvpa	cluster_044b97bbcc6fc75d19af	0	False	False
nat_25fcb1b7b6c3c6f6f29d	gvpa	cluster_02e83ad46b86e8eaf5e7	0	False	False
nat_ac3fec2dc9e749e499b3	gvpa	cluster_044b97bbcc6fc75d19af	0	False	False
nat_a99ea42aba6e85ef549b	gvpa	cluster_044b97bbcc6fc75d19af	0	False	False
nat_f3ffcf9688b666fefb41	gvpa	cluster_044b97bbcc6fc75d19af	0	False	False
nat_69d5fc3c411ad66493e6	gvpa	cluster_1589f15763a3b3a0bf84	0	False	False
nat_3256fc90422610c7f8cc	gvpa	cluster_2a7c812c0104b829da2d	2	False	False
nat_41c81011f9e8389dd829	gvpa	cluster_0844cfaee9f234d540b5	0	False	False
nat_fd9a2791aaca81c0c6ef	gvpa	cluster_00eda75e8d86c0000a3e	0	False	False
nat_147b949dc21dd0206855	gvpa	cluster_044b97bbcc6fc75d19af	0	False	False
nat_d6412c6847666b43092f	gvpa	cluster_044b97bbcc6fc75d19af	0	False	False
nat_a742950a1415bf5dc582	gvpa	cluster_044b97bbcc6fc75d19af	0	False	False
nat_ac6b927c7781d88d4813	gvpa	cluster_044b97bbcc6fc75d19af	0	False	False
nat_41e20b6f7b2c95cf431a	gvpa	cluster_044b97bbcc6fc75d19af	0	False	False
nat_af304bea340b7ec20d1e	gvpa	cluster_044b97bbcc6fc75d19af	0	False	False
nat_d4359a01f2d63626acd8	gvpa	cluster_044b97bbcc6fc75d19af	0	False	False
nat_1593c2fcfad25e37eeb4	gvpa	cluster_044b97bbcc6fc75d19af	0	False	False
nat_dcefec45b0e834bbd113	gvpa	cluster_044b97bbcc6fc75d19af	0	False	False
nat_51eefbe258bc538937c4	gvpa	cluster_0283d587032de178b666	1	False	False
nat_ffde9c8a0aa4cd762cfd	gvpa	cluster_02e83ad46b86e8eaf5e7	0	False	False
nat_e7817d8ef39a8df0fcfd	gvpa	cluster_21fd512873a52dc47991	2	False	False
nat_c740155726ca8561a023	gvpa	cluster_00eda75e8d86c0000a3e	0	False	False
nat_8e2e16185848c52bf74f	gvpa	cluster_0ec42fc31cce1915953a	2	False	False
nat_28fa7b3d2875a180443b	gvpa	cluster_0ec42fc31cce1915953a	2	False	False
nat_ca9d4013ee99a3222d42	gvpa	cluster_00eda75e8d86c0000a3e	0	False	False
nat_d7a9007355adf4811ce9	gvpa	cluster_0283d587032de178b666	1	False	False
nat_2ea4868f939df14228bd	gvpa	cluster_00eda75e8d86c0000a3e	0	False	False
nat_3dd127a0efcf9a5457c8	gvpa	cluster_00eda75e8d86c0000a3e	0	False	False
nat_0cf4b83878ac8a432a8c	gvpa	cluster_044b97bbcc6fc75d19af	0	False	False
nat_5e9a9badd5481f93deb7	gvpa	cluster_5e9a9badd5481f93deb7	1	False	False
nat_b5cc1b368bdd05e5035f	gvpa	cluster_044b97bbcc6fc75d19af	0	False	False
nat_f3c68da8dba27ecffeaa	gvpa	cluster_044b97bbcc6fc75d19af	0	False	False
nat_c43002c4a19c5a35a8b0	gvpa	cluster_044b97bbcc6fc75d19af	0	False	False
nat_06e368ceaac5aa0f9edc	gvpa	cluster_044b97bbcc6fc75d19af	0	False	False
nat_bcfea43f3a708c18a025	gvpa	cluster_044b97bbcc6fc75d19af	0	False	False
nat_4274eb9d5d32732dadc5	gvpa	cluster_044b97bbcc6fc75d19af	0	False	False
nat_e97c470cdf39521e7d2b	gvpa	cluster_2027255edd94d63ce240	1	False	False
nat_88ee73fdf0fc427edc71	gvpa	cluster_00eda75e8d86c0000a3e	0	False	False
nat_44075425e280f91869f7	gvpa	cluster_00eda75e8d86c0000a3e	0	False	False
nat_2bfd989de859f7b78cc5	gvpa	cluster_044b97bbcc6fc75d19af	0	False	False
nat_f582579e03d4f3374571	gvpa	cluster_10816d30b94e7e319ed1	1	False	False
nat_bf89f43284d2a11b9302	gvpa	cluster_044b97bbcc6fc75d19af	0	False	False
nat_a724b9a2188c92ae4680	gvpa	cluster_00eda75e8d86c0000a3e	0	False	False
nat_0d33e01c516b8fa75a9b	gvpa	cluster_044b97bbcc6fc75d19af	0	False	False
nat_a93e3ba867fc0e432d17	gvpa	cluster_00eda75e8d86c0000a3e	0	False	False
nat_08ca607a70bf3998101a	gvpa	cluster_02e83ad46b86e8eaf5e7	0	False	False
nat_af18bcf2e4b0e65e7263	gvpa	cluster_0844cfaee9f234d540b5	0	False	False
nat_b65869cada68668b58e1	gvpa	cluster_00b8d6bdf51c5322f38c	1	False	False
nat_26e90ce65ed710949c06	gvpa	cluster_09f47a4c9a94b657ae7d	0	False	False
nat_61426f7141080b783b8b	gvpa	cluster_00eda75e8d86c0000a3e	0	False	False
nat_0b3996e134f02f495b8f	gvpa	cluster_00eda75e8d86c0000a3e	0	False	False
nat_5db4631b2c67ffc9f980	gvpa	cluster_0844cfaee9f234d540b5	0	False	False
nat_a1aca46bcd6c4b9b05eb	gvpa	cluster_00eda75e8d86c0000a3e	0	False	False
nat_9f8db13e803cecc901b7	gvpa	cluster_02e83ad46b86e8eaf5e7	0	False	False
nat_5232d22b275d6456aae5	gvpa	cluster_0b5cd7683d0975317579	2	False	False
nat_57d68f25d5ecc3851016	gvpa	cluster_0844cfaee9f234d540b5	0	False	False
nat_9c9da073119bec6006bc	gvpa	cluster_10816d30b94e7e319ed1	1	False	False
nat_3efb93524692f0b96dfa	gvpa	cluster_00b8d6bdf51c5322f38c	1	False	False
nat_fb5b09ad142f93c1de5f	gvpa	cluster_00b8d6bdf51c5322f38c	1	False	False
nat_4b9192128c23c5a5ae9c	gvpa	cluster_4b9192128c23c5a5ae9c	1	False	False
nat_f65bb2c7a1c06eb690c4	gvpa	cluster_21fd512873a52dc47991	2	False	False
nat_bd790502a785bc49c92c	gvpa	cluster_00eda75e8d86c0000a3e	0	False	False
nat_245b236a00cae586f79f	gvpa	cluster_00eda75e8d86c0000a3e	0	False	False
nat_063ea39f372fcc47b854	gvpa	cluster_044b97bbcc6fc75d19af	0	False	False
nat_505ccb0a3946a89f0437	gvpa	cluster_02e83ad46b86e8eaf5e7	0	False	False
nat_de4c1cf697d48510a550	gvpa	cluster_00b8d6bdf51c5322f38c	1	False	False
nat_ab1b4f2c562433c40902	gvpa	cluster_00eda75e8d86c0000a3e	0	False	False
nat_6475ddba2899c58b73cc	gvpa	cluster_10816d30b94e7e319ed1	1	False	False
nat_6bbc846fc8bfac59f7c6	gvpa	cluster_044b97bbcc6fc75d19af	0	False	False
nat_fb842fc4ca3ea6c7b170	gvpa	cluster_205609067b26bcd62eb1	2	False	False
nat_34624fdc2470cd5a2bf3	gvpa	cluster_0844cfaee9f234d540b5	0	False	False
nat_82d6c5940960b17a96d3	gvpa	cluster_044b97bbcc6fc75d19af	0	False	False
nat_cf3573d661974bcf4836	gvpa	cluster_31bb770684ff35b24094	1	False	False
nat_365d3ed63bb6048abb9c	gvpa	cluster_31bb770684ff35b24094	1	False	False
nat_6d7cf2e541fa269a8a55	gvpa	cluster_00eda75e8d86c0000a3e	0	False	False
nat_8bb6c5a9c15b53104f77	gvpa	cluster_0b5cd7683d0975317579	2	False	False
nat_743c7630acb96591de70	gvpa	cluster_044b97bbcc6fc75d19af	0	False	False
nat_55e5b08f11099324ee5a	gvpa	cluster_044b97bbcc6fc75d19af	0	False	False
nat_1cabf52c370a690f1b57	gvpa	cluster_044b97bbcc6fc75d19af	0	False	False
nat_d43d1d5ec03e055dcf06	gvpa	cluster_02e83ad46b86e8eaf5e7	0	False	False
nat_c72edb773e9a92736861	gvpa	cluster_02e83ad46b86e8eaf5e7	0	False	False
nat_c8ff85651c16b5c02641	gvpa	cluster_02e83ad46b86e8eaf5e7	0	False	False
nat_46ac4cba4b1b67d73932	gvpa	cluster_00eda75e8d86c0000a3e	0	False	False
nat_a456b71634370e28c157	gvpa	cluster_00b8d6bdf51c5322f38c	1	False	False
nat_a5d09cc64cdab8bb3676	gvpa	cluster_02e83ad46b86e8eaf5e7	0	False	False
nat_d90ba4fc5295a2ed9e09	gvpa	cluster_0283d587032de178b666	1	False	False
nat_c7c2a6d15e1ef7e082fb	gvpa	cluster_00b8d6bdf51c5322f38c	1	False	False
nat_1e86329db7dd3816b588	gvpa	cluster_02e83ad46b86e8eaf5e7	0	False	False
nat_a4c92b6223fd059e2236	gvpa	cluster_00eda75e8d86c0000a3e	0	False	False
nat_6753c4dad3e8314a4fcc	gvpa	cluster_00eda75e8d86c0000a3e	0	False	False
nat_bc4042a7c10b7bd447bc	gvpa	cluster_00eda75e8d86c0000a3e	0	False	False
nat_c7332b08bc757555c17c	gvpa	cluster_0283d587032de178b666	1	False	False
nat_2a7c812c0104b829da2d	gvpa	cluster_2a7c812c0104b829da2d	2	False	False
nat_799d6db27c80e0e7903b	gvpa	cluster_2a7c812c0104b829da2d	2	False	False
nat_ea394d0f8102113c7b58	gvpa	cluster_08d35b42e1d455774e7b	2	False	False
nat_6a2cd3b9036aebd5361b	gvpa	cluster_00eda75e8d86c0000a3e	0	False	False
nat_568a29ab96947d1f56cd	gvpa	cluster_20254df8ceedab382494	1	False	False
nat_093a223e7cabfac47e76	gvpa	cluster_00b8d6bdf51c5322f38c	1	False	False
nat_77fc2ac9451a9bede3dd	gvpa	cluster_00b8d6bdf51c5322f38c	1	False	False
nat_b7cd847cd6fe1a7829cf	gvpa	cluster_2a7c812c0104b829da2d	2	False	False
nat_5ab45ad51e4b3b910fd8	gvpa	cluster_2a7c812c0104b829da2d	2	False	False
nat_c4f90ad7ed7605569245	gvpa	cluster_00eda75e8d86c0000a3e	0	False	False
nat_7d765791e125072d99a7	gvpa	cluster_044b97bbcc6fc75d19af	0	False	False
nat_9bc7ff063d928dbcb919	gvpa	cluster_044b97bbcc6fc75d19af	0	False	False
nat_2db5ea05deb082340e79	gvpa	cluster_00eda75e8d86c0000a3e	0	False	False
nat_c9a543131d390ec68ed4	gvpa	cluster_0283d587032de178b666	1	False	False
nat_d6f7ae660d4103a77296	gvpa	cluster_00b8d6bdf51c5322f38c	1	False	False
nat_d6f636dc4849c3ad6e3a	gvpa	cluster_044b97bbcc6fc75d19af	0	False	False
nat_b06d430fdaaa1079895b	gvpa	cluster_044b97bbcc6fc75d19af	0	False	False
nat_81137907f8a802f93802	gvpa	cluster_37d7954f2ba849ee9a13	2	False	False
nat_b080db9796742f656263	gvpa	cluster_00b8d6bdf51c5322f38c	1	False	False
nat_6b39f5a7fb6bca78b4de	gvpa	cluster_02e83ad46b86e8eaf5e7	0	False	False
nat_5999831f394b80c75901	gvpa	cluster_08d35b42e1d455774e7b	2	False	False
nat_ab04988c687da6715ca9	gvpa	cluster_31bb770684ff35b24094	1	False	False
nat_bb6474c2ddf0f1e41d70	gvpa	cluster_0283d587032de178b666	1	False	False
nat_5de637450d4d853bfeda	gvpa	cluster_00eda75e8d86c0000a3e	0	False	False
nat_9da3dcb0bb3c092c42d5	gvpa	cluster_10816d30b94e7e319ed1	1	False	False
nat_398b1c22d526b2f32567	gvpa	cluster_11170a4c1f77a2510e97	2	False	False
nat_e1d36a7c3cd6d18fbd5a	gvpa	cluster_00eda75e8d86c0000a3e	0	False	False
nat_905ebdcfc21b7ed8d2d2	gvpa	cluster_00b8d6bdf51c5322f38c	1	False	False
nat_87980263fe69edba4368	gvpa	cluster_044b97bbcc6fc75d19af	0	False	False
nat_2b6afdfba96a597935ac	gvpa	cluster_00eda75e8d86c0000a3e	0	False	False
nat_5fa036ca3723472605e8	gvpa	cluster_08d35b42e1d455774e7b	2	False	False
nat_e63cda87ab2705e419ab	gvpa	cluster_0844cfaee9f234d540b5	0	False	False
nat_9c3060ca8265f2fd22a3	gvpa	cluster_10816d30b94e7e319ed1	1	False	False
nat_f39b437ab8564f78da8d	gvpa	cluster_00eda75e8d86c0000a3e	0	False	False
nat_5531343a7a7ecf79ad55	gvpa	cluster_044b97bbcc6fc75d19af	0	False	False
nat_1f4f50f1349e137c7f32	gvpa	cluster_02e83ad46b86e8eaf5e7	0	False	False
nat_5ff91e8d3cfc9ac60d0d	gvpa	cluster_02e83ad46b86e8eaf5e7	0	False	False
nat_2685b9267d2b1a0083b0	gvpa	cluster_08d35b42e1d455774e7b	2	False	False
nat_8b73be19e1760871e605	gvpa	cluster_2a7c812c0104b829da2d	2	False	False
nat_02e83ad46b86e8eaf5e7	gvpa	cluster_02e83ad46b86e8eaf5e7	0	False	False
nat_081e6fae1d79d93eb37e	gvpa	cluster_0283d587032de178b666	1	False	False
nat_3b8e26a87928dd1c1130	gvpa	cluster_00b8d6bdf51c5322f38c	1	False	False
nat_bfa3b303b3d7305c173f	gvpa	cluster_0283d587032de178b666	1	False	False
nat_db099662bae325b9438c	gvpa	cluster_0b5cd7683d0975317579	2	False	False
nat_b07305ca6f722d02988a	gvpa	cluster_02e83ad46b86e8eaf5e7	0	False	False
nat_b9d316384ab02e663b33	gvpa	cluster_00b8d6bdf51c5322f38c	1	False	False
nat_7175c3595a1c9e0a8512	gvpa	cluster_00b8d6bdf51c5322f38c	1	False	False
nat_a2b40c981456774b6e29	gvpa	cluster_044b97bbcc6fc75d19af	0	False	False
nat_d8cf5bfdf78857545866	gvpa	cluster_0283d587032de178b666	1	False	False
nat_e9d01ae6175270dee0d8	gvpa	cluster_044b97bbcc6fc75d19af	0	False	False
nat_c50a1a828acd52df133e	gvpa	cluster_0283d587032de178b666	1	False	False
nat_0c171934ecf7b20bfbc9	gvpa	cluster_00eda75e8d86c0000a3e	0	False	False
nat_7017fbd8c94374540f0f	gvpa	cluster_00eda75e8d86c0000a3e	0	False	False
nat_8ff951966677ada5d69f	gvpa	cluster_044b97bbcc6fc75d19af	0	False	False
nat_29c35eaede0a8c75c309	gvpa	cluster_2027255edd94d63ce240	1	False	False
nat_61db0834b27d8f0211d3	gvpa	cluster_2027255edd94d63ce240	1	False	False
nat_4d804d42d3d08ccd0ad2	gvpa	cluster_00eda75e8d86c0000a3e	0	False	False
nat_34a4a65736a78d22df6a	gvpa	cluster_0283d587032de178b666	1	False	False
nat_ec71caa9aa98b279110d	gvpa	cluster_00eda75e8d86c0000a3e	0	False	False
nat_487f5518a6cfaf0b0b75	gvpa	cluster_00eda75e8d86c0000a3e	0	False	False
nat_8d6274f78693091697cf	gvpa	cluster_02e83ad46b86e8eaf5e7	0	False	False
nat_b409898218d5081ec434	gvpa	cluster_044b97bbcc6fc75d19af	0	False	False
nat_2b3b9522031fea2fc996	gvpa	cluster_0283d587032de178b666	1	False	False
nat_0cff47cd0a85e1de37e0	gvpa	cluster_044b97bbcc6fc75d19af	0	False	False
nat_e8e78837892ab1704b44	gvpa	cluster_71183c6ca4e255f76416	1	False	False
nat_c95ec1b2f7e46d479f0b	gvpa	cluster_044b97bbcc6fc75d19af	0	False	False
nat_f73e9b648178e6df8c6a	gvpa	cluster_044b97bbcc6fc75d19af	0	False	False
nat_bd1bbd2e9fa260563ceb	gvpa	cluster_0283d587032de178b666	1	False	False
nat_a6afc902cb295160c5db	gvpa	cluster_08d35b42e1d455774e7b	2	False	False
nat_e60de74ad1cb6abf6e34	gvpa	cluster_00eda75e8d86c0000a3e	0	False	False
nat_82b9d4647d83832bf059	gvpa	cluster_0283d587032de178b666	1	False	False
nat_9d924853eeaeacd8d676	gvpa	cluster_00eda75e8d86c0000a3e	0	False	False
nat_37c770390307a882825a	gvpa	cluster_00b8d6bdf51c5322f38c	1	False	False
nat_d58dfba1e9f522c883d4	gvpa	cluster_0283d587032de178b666	1	False	False
nat_ad033982fcb9c7e260ad	gvpa	cluster_044b97bbcc6fc75d19af	0	False	False
nat_68925098711d386795ce	gvpa	cluster_00eda75e8d86c0000a3e	0	False	False
nat_1bae8aa5c69e1d4931dd	gvpa	cluster_044b97bbcc6fc75d19af	0	False	False
nat_b39131acb6e4086319d0	gvpa	cluster_044b97bbcc6fc75d19af	0	False	False
nat_c69f9a6b4253e4d6089f	gvpa	cluster_044b97bbcc6fc75d19af	0	False	False
nat_205609067b26bcd62eb1	gvpa	cluster_205609067b26bcd62eb1	2	False	False
nat_c9bd062078459f510060	gvpa	cluster_0844cfaee9f234d540b5	0	False	False
nat_8d61c399409b4395f3c5	gvpa	cluster_00eda75e8d86c0000a3e	0	False	False
nat_9194534fce73964474e0	gvpa	cluster_00eda75e8d86c0000a3e	0	False	False
nat_2ffb0e155508e140dfbe	gvpa	cluster_00eda75e8d86c0000a3e	0	False	False
nat_a43bb7e6a797bf21e3c8	gvpa	cluster_044b97bbcc6fc75d19af	0	False	False
nat_33d41a075d0d8538e4c6	gvpa	cluster_044b97bbcc6fc75d19af	0	False	False
nat_47d50311ddb9a7300429	gvpa	cluster_09f47a4c9a94b657ae7d	0	False	False
nat_d5d0ae6e983cda4aeda1	gvpa	cluster_00b8d6bdf51c5322f38c	1	False	False
nat_ddd28b4f0183c6c3a6e1	gvpa	cluster_00eda75e8d86c0000a3e	0	False	False
nat_7e786e62d646d83c83d5	gvpa	cluster_0844cfaee9f234d540b5	0	False	False
nat_0426b81b0cae1e176d21	gvpa	cluster_00eda75e8d86c0000a3e	0	False	False
nat_956601650d2d23245a8b	gvpa	cluster_044b97bbcc6fc75d19af	0	False	False
nat_c277f769aaa81aaf7242	gvpa	cluster_00eda75e8d86c0000a3e	0	False	False
nat_91bed3979bc3e4336571	gvpa	cluster_044b97bbcc6fc75d19af	0	False	False
nat_6d22046d840b353d0c87	gvpa	cluster_0844cfaee9f234d540b5	0	False	False
nat_10a84e979762f3368517	gvpa	cluster_00b8d6bdf51c5322f38c	1	False	False
nat_3d07312c83e7c32af7ba	gvpa	cluster_00eda75e8d86c0000a3e	0	False	False
nat_633e02862eb6da44de6e	gvpa	cluster_0844cfaee9f234d540b5	0	False	False
nat_edb3955be5268406dd34	gvpa	cluster_0844cfaee9f234d540b5	0	False	False
nat_0971f3debca181ebc092	gvpa	cluster_00eda75e8d86c0000a3e	0	False	False
nat_d426ca8e332bfceab95d	gvpa	cluster_0844cfaee9f234d540b5	0	False	False
nat_9d4c1039a70fe9d54d51	gvpa	cluster_205609067b26bcd62eb1	2	False	False
nat_a168f392bb4965ee81a4	gvpa	cluster_0844cfaee9f234d540b5	0	False	False
nat_08d35b42e1d455774e7b	gvpa	cluster_08d35b42e1d455774e7b	2	False	False
nat_fcb1203cd7b1290f06c7	gvpa	cluster_044b97bbcc6fc75d19af	0	False	False
nat_54d4cabb25e375c2e308	gvpa	cluster_00b8d6bdf51c5322f38c	1	False	False
nat_39abeace88875ff60285	gvpa	cluster_0844cfaee9f234d540b5	0	False	False
nat_0a21b67bc6dd51d1c17f	gvpa	cluster_0283d587032de178b666	1	False	False
nat_c2cecfd096d8648b9858	gvpa	cluster_c2cecfd096d8648b9858	2	False	False
nat_12dabeef25e15f66b8b5	gvpa	cluster_044b97bbcc6fc75d19af	0	False	False
nat_1e4bdf662135756f269c	gvpa	cluster_0844cfaee9f234d540b5	0	False	False
nat_0a2d13805329602d008b	gvpa	cluster_08d35b42e1d455774e7b	2	False	False
nat_d5a9f8a6d8ef07026219	gvpa	cluster_044b97bbcc6fc75d19af	0	False	False
nat_fe955d4fbb111b30864b	gvpa	cluster_0283d587032de178b666	1	False	False
nat_40e46fb2de86e2d32973	gvpa	cluster_0283d587032de178b666	1	False	False
nat_43f6e7e097fbcc058a96	gvpa	cluster_00eda75e8d86c0000a3e	0	False	False
nat_10462c8aed9b62ff76a8	gvpa	cluster_09f47a4c9a94b657ae7d	0	False	False
nat_7587716da5d19872555a	gvpa	cluster_00b8d6bdf51c5322f38c	1	False	False
nat_d2a9cf80c0a0a91432b1	gvpa	cluster_205609067b26bcd62eb1	2	False	False
nat_40a2221d15252edb050f	gvpa	cluster_0844cfaee9f234d540b5	0	False	False
nat_70ad50650b15b30241b4	gvpa	cluster_00eda75e8d86c0000a3e	0	False	False
nat_4257786c6e5cbd18c379	gvpa	cluster_0844cfaee9f234d540b5	0	False	False
nat_eee8d141df1f2b85b5c5	gvpa	cluster_00b8d6bdf51c5322f38c	1	False	False
nat_04c114f840f1c4058ea6	gvpa	cluster_00eda75e8d86c0000a3e	0	False	False
nat_68c548b00ffecaf3e71e	gvpa	cluster_00b8d6bdf51c5322f38c	1	False	False
nat_3534b37db97896c62b78	gvpa	cluster_044b97bbcc6fc75d19af	0	False	False
nat_f4b103f437e4c6a24ac0	gvpa	cluster_044b97bbcc6fc75d19af	0	False	False
nat_98944d24da61fa63ee27	gvpa	cluster_00b8d6bdf51c5322f38c	1	False	False
nat_2c2604728bdef8750aec	gvpa	cluster_044b97bbcc6fc75d19af	0	False	False
nat_37dd3e43f991da44762e	gvpa	cluster_044b97bbcc6fc75d19af	0	False	False
nat_b0f89cfe92498f0bbfbc	gvpa	cluster_044b97bbcc6fc75d19af	0	False	False
nat_f2015767f86fd10eb826	gvpa	cluster_044b97bbcc6fc75d19af	0	False	False
nat_0bd3626b9a4c7329ae70	gvpa	cluster_044b97bbcc6fc75d19af	0	False	False
nat_2b00e8b222b28090ae59	gvpa	cluster_044b97bbcc6fc75d19af	0	False	False
nat_9f00e82557108118047d	gvpa	cluster_044b97bbcc6fc75d19af	0	False	False
nat_183f7c25f0bd175da05b	gvpa	cluster_044b97bbcc6fc75d19af	0	False	False
nat_2ae1a088ad5073788376	gvpa	cluster_044b97bbcc6fc75d19af	0	False	False
nat_b62ae18b3dfeec027170	gvpa	cluster_044b97bbcc6fc75d19af	0	False	False
nat_c05532e5292ee743920d	gvpa	cluster_0b3f3bf863a3ef16a85e	1	False	False
nat_23e4974582ff9055b537	gvpa	cluster_0ec42fc31cce1915953a	2	False	False
nat_0ec42fc31cce1915953a	gvpa	cluster_0ec42fc31cce1915953a	2	False	False
nat_1de45b2894df870d6dc9	gvpa	cluster_0b3f3bf863a3ef16a85e	1	False	False
nat_0b3f3bf863a3ef16a85e	gvpa	cluster_0b3f3bf863a3ef16a85e	1	False	False
nat_97a7f6a002cd984f87b1	gvpa	cluster_044b97bbcc6fc75d19af	0	False	False
nat_8b0ebfde7cff54503a90	gvpa	cluster_044b97bbcc6fc75d19af	0	False	False
nat_262acad32bf64e600812	gvpa	cluster_02e83ad46b86e8eaf5e7	0	False	False
nat_4fc0ca345529f4acca56	gvpa	cluster_044b97bbcc6fc75d19af	0	False	False
nat_b0df6d202bb0ca1472d2	gvpa	cluster_044b97bbcc6fc75d19af	0	False	False
nat_3d98e85018a97647d297	gvpa	cluster_0283d587032de178b666	1	False	False
nat_9ea506ab1bb26a2a159a	gvpa	cluster_044b97bbcc6fc75d19af	0	False	False
nat_5baeb577d8a796551d83	gvpa	cluster_044b97bbcc6fc75d19af	0	False	False
nat_48837acd9988d5a6289d	gvpa	cluster_08d35b42e1d455774e7b	2	False	False
nat_8a83398f0d99493d45ad	gvpa	cluster_00eda75e8d86c0000a3e	0	False	False
nat_86ba936b09d3d4c2dbfa	gvpa	cluster_02e83ad46b86e8eaf5e7	0	False	False
nat_2027255edd94d63ce240	gvpa	cluster_2027255edd94d63ce240	1	False	False
nat_32de3bdac890ded46f9d	gvpa	cluster_2027255edd94d63ce240	1	False	False
nat_0a83dfbba1b7aa435131	gvpa	cluster_044b97bbcc6fc75d19af	0	False	False
nat_408e9d934f451bb01fbc	gvpa	cluster_044b97bbcc6fc75d19af	0	False	False
nat_c96b24fc03ee6b66c3d6	gvpa	cluster_02e83ad46b86e8eaf5e7	0	False	False
nat_ed3338aeeaf3197e41d9	gvpa	cluster_02e83ad46b86e8eaf5e7	0	False	False
nat_d692e59ba181a3631d4d	gvpa	cluster_00eda75e8d86c0000a3e	0	False	False
nat_667b333e161105876fb2	gvpa	cluster_0283d587032de178b666	1	False	False
nat_e6550f96a73166345a2a	gvpa	cluster_044b97bbcc6fc75d19af	0	False	False
nat_c4bd9707d576667fbfb8	gvpa	cluster_044b97bbcc6fc75d19af	0	False	False
nat_6f827542d262f6a8575a	gvpa	cluster_044b97bbcc6fc75d19af	0	False	False
nat_51883a62e7fa5ef818e6	gvpa	cluster_044b97bbcc6fc75d19af	0	False	False
nat_391901271c49a6d9d54b	gvpa	cluster_2a7c812c0104b829da2d	2	False	False
nat_706052693e14c0674d09	gvpa	cluster_2a7c812c0104b829da2d	2	False	False
nat_cd1db2b9b825a77adf97	gvpa	cluster_08d35b42e1d455774e7b	2	False	False
nat_b06af7d1cee59c44dcd2	gvpa	cluster_0283d587032de178b666	1	False	False
nat_4494d3357cccfc2291ad	gvpa	cluster_044b97bbcc6fc75d19af	0	False	False
nat_5883761e33f67abd193e	gvpa	cluster_02e83ad46b86e8eaf5e7	0	False	False
nat_1f275ce5dd842aaaf9d2	gvpa	cluster_044b97bbcc6fc75d19af	0	False	False
nat_a7888708ef06ff429137	gvpa	cluster_a7888708ef06ff429137	2	False	False
nat_996f1ae7a3cef8f9a8ed	gvpa	cluster_04c084aa7034f2b0643c	1	False	False
nat_ba8e972cfc82013f9a87	gvpa	cluster_057e1cbe9c0aca38bc03	0	False	False
nat_fb63ecbac61c302167f9	gvpa	cluster_13ee99e71183bcf01114	1	False	False
nat_18287ab709e4536a8a89	gvpa	cluster_18287ab709e4536a8a89	2	False	False
nat_4eaa3da48c36a3a15145	gvpa	cluster_044b97bbcc6fc75d19af	0	False	False
nat_c6694fda37ff51b3f382	gvpa	cluster_044b97bbcc6fc75d19af	0	False	False
nat_f8623581c79728f8eb53	gvpa	cluster_044b97bbcc6fc75d19af	0	False	False
nat_f063d1210a55bcc917a5	gvpa	cluster_044b97bbcc6fc75d19af	0	False	False
nat_2b769a64bdbe24f6dbc7	gvpa	cluster_13ee99e71183bcf01114	1	False	False
nat_212e64a237d4a0795448	gvpa	cluster_0f78d7acac5b21f9e204	0	False	False
nat_6202903abc283dce1575	gvpa	cluster_1928e65272069bd9fa51	0	False	False
nat_cf176e85bcb7fcecce87	gvpa	cluster_0f78d7acac5b21f9e204	0	False	False
nat_cd47d1496d29850f6644	gvpa	cluster_00eda75e8d86c0000a3e	0	False	False
nat_a16c69ff4d6574406dee	gvpa	cluster_0283d587032de178b666	1	False	False
nat_0a906f70a5c423dba747	gvpa	cluster_0a906f70a5c423dba747	0	False	False
nat_ce9c7c0f4a921a6df25f	gvpa	cluster_0e5f42f63b697d7ae252	1	False	False
nat_219e1145c7c5f874f9d7	gvpa	cluster_038b08407425f0209cdb	2	False	False
nat_7b9e043074608d733fa7	gvpa	cluster_038b08407425f0209cdb	2	False	False
nat_93acd62cda39262797de	gvpa	cluster_038b08407425f0209cdb	2	False	False
nat_710430bf63a97b4a270f	gvpa	cluster_0890e07d5e23fde5596e	1	False	False
nat_81c712b2f98895c40a2d	gvpa	cluster_038b08407425f0209cdb	2	False	False
nat_5ded9686139acac829e0	gvpa	cluster_0890e07d5e23fde5596e	1	False	False
nat_ef77ab19922de7e129e4	gvpa	cluster_18287ab709e4536a8a89	2	False	False
nat_b1e17d61f6f3fc6cb817	gvpa	cluster_0890e07d5e23fde5596e	1	False	False
nat_79581e5ad6e56e668c37	gvpa	cluster_18287ab709e4536a8a89	2	False	False
nat_4075663fb7fccb3ebc0a	gvpa	cluster_18287ab709e4536a8a89	2	False	False
nat_f9a6c4e29c6909a7bfea	gvpa	cluster_23547210dabe68635401	0	False	False
nat_fca4193e69c1cb015d9a	gvpa	cluster_ad843ea9809d8148ba5d	0	False	False
nat_45d8bf8bea0b0845fea0	gvpa	cluster_0ccad4d436403131ae6a	2	False	False
nat_5d7c3d0594612da43ea2	gvpa	cluster_0ccad4d436403131ae6a	2	False	False
nat_feed1d4c7965994c10d5	gvpa	cluster_00eda75e8d86c0000a3e	0	False	False
nat_5e8f0a8871d86e6b22f4	gvpa	cluster_00eda75e8d86c0000a3e	0	False	False
nat_0bead889339fd4f049d1	gvpa	cluster_0844cfaee9f234d540b5	0	False	False
nat_47e46863c347a8f8468f	gvpa	cluster_044b97bbcc6fc75d19af	0	False	False
nat_6de015df518c3c1fe74e	gvpa	cluster_37d7954f2ba849ee9a13	2	False	False
nat_10816d30b94e7e319ed1	gvpa	cluster_10816d30b94e7e319ed1	1	False	False
nat_4469cb3e6c41fb1309a3	gvpa	cluster_038b08407425f0209cdb	2	False	False
nat_747d60b2bd9f9baa6cfc	gvpa	cluster_240500bb8aaece16c8a7	1	False	False
nat_8a4162d5996844339fef	gvpa	cluster_0ccad4d436403131ae6a	2	False	False
nat_e3ae3cb5783250fb742f	gvpa	cluster_038b08407425f0209cdb	2	False	False
nat_e7351ec1bbef6e825734	gvpa	cluster_0890e07d5e23fde5596e	1	False	False
nat_9c7fbca4e03cd6830bf2	gvpa	cluster_038b08407425f0209cdb	2	False	False
nat_25c3216ed34dec716827	gvpa	cluster_0890e07d5e23fde5596e	1	False	False
nat_a781ed1499476fa04028	gvpa	cluster_038b08407425f0209cdb	2	False	False
nat_58a114a587bf7627f074	gvpa	cluster_0f78d7acac5b21f9e204	0	False	False
nat_8430c66867e7555de5e1	gvpa	cluster_240500bb8aaece16c8a7	1	False	False
nat_29fc4eacaf44be490bad	gvpa	cluster_038b08407425f0209cdb	2	False	False
nat_6bd198e130544a8380c7	gvpa	cluster_05faae01597311327997	1	False	False
nat_be1dac504153ecab385d	gvpa	cluster_038b08407425f0209cdb	2	False	False
nat_db9f1375949c94632148	gvpa	cluster_03e37b9ff61818fe868f	0	False	False
nat_074f333dec93d43ec001	gvpa	cluster_038b08407425f0209cdb	2	False	False
nat_70cf8e4638ff311302cb	gvpa	cluster_038b08407425f0209cdb	2	False	False
nat_b94659ce82742aca9749	gvpa	cluster_0890e07d5e23fde5596e	1	False	False
nat_14b353a284a92953cad8	gvpa	cluster_0890e07d5e23fde5596e	1	False	False
nat_c6dc835e8a7f5c8d11a7	gvpa	cluster_0f78d7acac5b21f9e204	0	False	False
nat_a6bd531a054394dd2492	gvpa	cluster_05faae01597311327997	1	False	False
nat_b80283670de4d1ac6811	gvpa	cluster_101346775bd8fc719b54	1	False	False
nat_1c76cf5c7e439b773485	gvpa	cluster_1c76cf5c7e439b773485	1	False	False
nat_4b01b5214abfe7d6396a	gvpa	cluster_038b08407425f0209cdb	2	False	False
nat_d71b202a146af4e5c40e	gvpa	cluster_038b08407425f0209cdb	2	False	False
nat_f1843d79acb220241dfc	gvpa	cluster_240500bb8aaece16c8a7	1	False	False
nat_2cbea2021b2dcea14377	gvpa	cluster_0f78d7acac5b21f9e204	0	False	False
nat_d69494036b1115ae54ae	gvpa	cluster_038b08407425f0209cdb	2	False	False
nat_48a350d902c4c631f095	gvpa	cluster_038b08407425f0209cdb	2	False	False
nat_2051151517b2b27c91df	gvpa	cluster_05faae01597311327997	1	False	False
nat_8d5392221648a605a7c2	gvpa	cluster_0ccad4d436403131ae6a	2	False	False
nat_6f78ae7dbd3067bdbed8	gvpa	cluster_23547210dabe68635401	0	False	False
nat_8087f5ca80a883ecf2fd	gvpa	cluster_8087f5ca80a883ecf2fd	2	False	False
nat_3997c1e8cae542beb07c	gvpa	cluster_038b08407425f0209cdb	2	False	False
nat_67d45ce3d0daa27e3aa3	gvpa	cluster_038b08407425f0209cdb	2	False	False
nat_c7e8400b87d18c0ef7e0	gvpa	cluster_038b08407425f0209cdb	2	False	False
nat_45b0f1ea69baf732de14	gvpa	cluster_038b08407425f0209cdb	2	False	False
nat_33d8dbb5443a9dadf56d	gvpa	cluster_038b08407425f0209cdb	2	False	False
nat_decd9a1d90f169f4eb3e	gvpa	cluster_057e1cbe9c0aca38bc03	0	False	False
nat_a0c33ff7daaf9315de4b	gvpa	cluster_23547210dabe68635401	0	False	False
nat_ff800aecb7c2e95dee99	gvpa	cluster_240500bb8aaece16c8a7	1	False	False
nat_9065be60727dc7f9b388	gvpa	cluster_038b08407425f0209cdb	2	False	False
nat_cefd53f493008d2ff90c	gvpa	cluster_038b08407425f0209cdb	2	False	False
nat_e3077655950eb8305d3c	gvpa	cluster_038b08407425f0209cdb	2	False	False
nat_3bac021c5495186db378	gvpa	cluster_101346775bd8fc719b54	1	False	False
nat_d5cf1fda20a7d9852de3	gvpa	cluster_d5cf1fda20a7d9852de3	1	False	False
nat_47c6d3995b8146f9e99e	gvpa	cluster_038b08407425f0209cdb	2	False	False
nat_51872cd8b900b7db59b4	gvpa	cluster_51872cd8b900b7db59b4	2	False	False
nat_9c754b1740d1977b7a29	gvpa	cluster_038b08407425f0209cdb	2	False	False
nat_7794e8f04dda3151b8bb	gvpa	cluster_057e1cbe9c0aca38bc03	0	False	False
nat_0eb236c2a0a999a958fc	gvpa	cluster_038b08407425f0209cdb	2	False	False
nat_82ecae19af2538b973da	gvpa	cluster_038b08407425f0209cdb	2	False	False
nat_1ad342624de277274295	gvpa	cluster_11cdda0e14dc63f88e35	0	False	False
nat_1f2decc9d9629b127278	gvpa	cluster_1f2decc9d9629b127278	1	False	False
nat_101346775bd8fc719b54	gvpa	cluster_101346775bd8fc719b54	1	False	False
nat_d53262c07427087628bb	gvpa	cluster_038b08407425f0209cdb	2	False	False
nat_05faae01597311327997	gvpa	cluster_05faae01597311327997	1	False	False
nat_210e9a5f9b72676b9ce0	gvpa	cluster_038b08407425f0209cdb	2	False	False
nat_6ee0ebbf185af1c7d346	gvpa	cluster_0ccad4d436403131ae6a	2	False	False
nat_590810062f7432024711	gvpa	cluster_590810062f7432024711	0	False	False
nat_23547210dabe68635401	gvpa	cluster_23547210dabe68635401	0	False	False
nat_6d257d8cbeb3f3af448a	gvpa	cluster_101346775bd8fc719b54	1	False	False
nat_8bb53690eb425655a7a8	gvpa	cluster_575a3ddb97ad6997411f	0	False	False
nat_dc852bef97bb5a3f37ff	gvpa	cluster_057e1cbe9c0aca38bc03	0	False	False
nat_75b688dadffb1bcbff68	gvpa	cluster_101346775bd8fc719b54	1	False	False
nat_31ec72d1a2119ce61d3a	gvpa	cluster_038b08407425f0209cdb	2	False	False
nat_fd6df642808b7adaae7d	gvpa	cluster_240500bb8aaece16c8a7	1	False	False
nat_99a07129f51bd6011cb7	gvpa	cluster_0f78d7acac5b21f9e204	0	False	False
nat_f5d47642f8821cca8f9a	gvpa	cluster_038b08407425f0209cdb	2	False	False
nat_febdf633d7175529519f	gvpa	cluster_03e37b9ff61818fe868f	0	False	False
nat_743941db45842ba9edb7	gvpa	cluster_101346775bd8fc719b54	1	False	False
nat_03e37b9ff61818fe868f	gvpa	cluster_03e37b9ff61818fe868f	0	False	False
nat_fb2578ea0ecaed2ea0af	gvpa	cluster_038b08407425f0209cdb	2	False	False
nat_3ca681349695f8ed3ee4	gvpa	cluster_11cdda0e14dc63f88e35	0	False	False
nat_ae1ae553d673be7a537f	gvpa	cluster_038b08407425f0209cdb	2	False	False
nat_a85f488e5f68b0445ad1	gvpa	cluster_057e1cbe9c0aca38bc03	0	False	False
nat_0f78d7acac5b21f9e204	gvpa	cluster_0f78d7acac5b21f9e204	0	False	False
nat_d3c36edb3c6b427867e3	gvpa	cluster_0f78d7acac5b21f9e204	0	False	False
nat_3dee88ac2224aeef66c6	gvpa	cluster_0f78d7acac5b21f9e204	0	False	False
nat_13f51706d5d2df8544bb	gvpa	cluster_0f78d7acac5b21f9e204	0	False	False
nat_e3bf29001a743e3b64f9	gvpa	cluster_1f2decc9d9629b127278	1	False	False
nat_f7d9d7742f0844e679ec	gvpa	cluster_038b08407425f0209cdb	2	False	False
nat_cf2b86e8ceab5f9ee1d8	gvpa	cluster_11cdda0e14dc63f88e35	0	False	False
nat_8d21dd360b13b6dfcbe2	gvpa	cluster_101346775bd8fc719b54	1	False	False
nat_492e347eb26b4c87a4d1	gvpa	cluster_0f78d7acac5b21f9e204	0	False	False
nat_2b65cf1e277ab50a0dfe	gvpa	cluster_101346775bd8fc719b54	1	False	False
nat_4b12dfb542826f087a7e	gvpa	cluster_0f78d7acac5b21f9e204	0	False	False
nat_9cc118c4f8ae07349652	gvpa	cluster_0f78d7acac5b21f9e204	0	False	False
nat_c851ec622696a1a12ee9	gvpa	cluster_0f78d7acac5b21f9e204	0	False	False
nat_db21d598502068c3fa2f	gvpa	cluster_0f78d7acac5b21f9e204	0	False	False
nat_e9cfe4a312dd51479edb	gvpa	cluster_03e37b9ff61818fe868f	0	False	False
nat_4b3cb9501939449bf9be	gvpa	cluster_038b08407425f0209cdb	2	False	False
nat_82d1db25aa951a1ad609	gvpa	cluster_038b08407425f0209cdb	2	False	False
nat_61b16b326fc735ccf093	gvpa	cluster_05faae01597311327997	1	False	False
nat_dbbc85b2e6d8fc6f3682	gvpa	cluster_038b08407425f0209cdb	2	False	False
nat_754029d7fdddcf0dda8b	gvpa	cluster_13ee99e71183bcf01114	1	False	False
nat_11cdda0e14dc63f88e35	gvpa	cluster_11cdda0e14dc63f88e35	0	False	False
nat_f176d2d019718491db42	gvpa	cluster_101346775bd8fc719b54	1	False	False
nat_65c51b0fd105cce694ee	gvpa	cluster_038b08407425f0209cdb	2	False	False
nat_3d9edce97c58d4805f58	gvpa	cluster_1f2decc9d9629b127278	1	False	False
nat_f6ad48ba3d6950d55fac	gvpa	cluster_0f78d7acac5b21f9e204	0	False	False
nat_370aa86e30267a3a072e	gvpa	cluster_11cdda0e14dc63f88e35	0	False	False
nat_bb5cf35be2d320c0ead2	gvpa	cluster_11cdda0e14dc63f88e35	0	False	False
nat_e8032b7ad48d42a9adf3	gvpa	cluster_0ccad4d436403131ae6a	2	False	False
nat_e62ac75b3affa97a2f5a	gvpa	cluster_038b08407425f0209cdb	2	False	False
nat_d82c955fa7d898a2ab96	gvpa	cluster_575a3ddb97ad6997411f	0	False	False
nat_22459d46342d29cd0e51	gvpa	cluster_101346775bd8fc719b54	1	False	False
nat_0ccad4d436403131ae6a	gvpa	cluster_0ccad4d436403131ae6a	2	False	False
nat_c730fb33477ca08f29e8	gvpa	cluster_240500bb8aaece16c8a7	1	False	False
nat_8ba3d6668e353b537179	gvpa	cluster_101346775bd8fc719b54	1	False	False
nat_c0749f9d4ae82bdc9955	gvpa	cluster_038b08407425f0209cdb	2	False	False
nat_e34b44c2870a942d0092	gvpa	cluster_101346775bd8fc719b54	1	False	False
nat_5cfc2961268b2ad6fbbd	gvpa	cluster_05faae01597311327997	1	False	False
nat_945d9af2ef988f085e3c	gvpa	cluster_038b08407425f0209cdb	2	False	False
nat_25e53f7654eeb15d035e	gvpa	cluster_038b08407425f0209cdb	2	False	False
nat_3a34394c27043f0de19a	gvpa	cluster_101346775bd8fc719b54	1	False	False
nat_db787bdce100ebe0b52f	gvpa	cluster_d5cf1fda20a7d9852de3	1	False	False
nat_038b08407425f0209cdb	gvpa	cluster_038b08407425f0209cdb	2	False	False
nat_a8224f75d4d10d7151b8	gvpa	cluster_51872cd8b900b7db59b4	2	False	False
nat_35afd2cfc45262b86709	gvpa	cluster_0890e07d5e23fde5596e	1	False	False
nat_0942555d17806690a15c	gvpa	cluster_038b08407425f0209cdb	2	False	False
nat_c74d6e1106797b3a3d0f	gvpa	cluster_0ccad4d436403131ae6a	2	False	False
nat_e8960ef9f28cbd66312c	gvpa	cluster_e8960ef9f28cbd66312c	0	False	False
nat_ab559af1ffee249b9549	gvpa	cluster_038b08407425f0209cdb	2	False	False
nat_e10062d88e50908c95d3	gvpa	cluster_0ccad4d436403131ae6a	2	False	False
nat_84b5083183d75de0f365	gvpa	cluster_038b08407425f0209cdb	2	False	False
nat_25ee00a9c2b4e74f79dd	gvpa	cluster_25ee00a9c2b4e74f79dd	2	False	False
nat_e64c9f3350adefe5e228	gvpa	cluster_05faae01597311327997	1	False	False
nat_c17881a40bc443471c80	gvpa	cluster_03e37b9ff61818fe868f	0	False	False
nat_9f6df4357b80feaba99b	gvpa	cluster_9f6df4357b80feaba99b	1	False	False
nat_31b4ab378929e0c134fa	gvpa	cluster_038b08407425f0209cdb	2	False	False
nat_619107fa48650be1a768	gvpa	cluster_038b08407425f0209cdb	2	False	False
nat_2f6261679e76a403b7de	gvpa	cluster_038b08407425f0209cdb	2	False	False
nat_cbdc755c61207d00c902	gvpa	cluster_038b08407425f0209cdb	2	False	False
nat_d68abcca0d121eb6dd4f	gvpa	cluster_044b97bbcc6fc75d19af	0	False	False
nat_d565583d15eb6f192c57	gvpa	cluster_d565583d15eb6f192c57	0	False	False
nat_48dbcd4ed98d41a9651a	gvpa	cluster_48dbcd4ed98d41a9651a	0	False	False
nat_cc5b8e3667bee7376c85	gvpa	cluster_261427cf6474f66e5844	0	False	False
nat_9c9277ab558db757d72c	gvpa	cluster_044b97bbcc6fc75d19af	0	False	False
nat_5db88465f7f6adfb1268	gvpa	cluster_17858e67067c36a2a936	1	False	False
nat_f1aad1947e3e40ba9653	gvpa	cluster_00eda75e8d86c0000a3e	0	False	False
nat_2dee131e85e06a8f9fdd	gvpa	cluster_1ca802048c4a6cd9dca3	2	False	False
nat_bbadf719897c45da08f0	gvpa	cluster_240500bb8aaece16c8a7	1	False	False
nat_16be3cd3d97ccaa2c7df	gvpa	cluster_16be3cd3d97ccaa2c7df	2	False	False
nat_50e7ec50620e080551e3	gvpa	cluster_0f78d7acac5b21f9e204	0	False	False
nat_3eea95a610545d989cc1	gvpa	cluster_3eea95a610545d989cc1	1	False	False
nat_13ee99e71183bcf01114	gvpa	cluster_13ee99e71183bcf01114	1	False	False
nat_dfa741bfaf88075b5cad	gvpa	cluster_05aec1de9ccb89179086	2	False	False
nat_9c60a71de8a82fd3c026	gvpa	cluster_05aec1de9ccb89179086	2	False	False
nat_a1b20255bb0729dffa3b	gvpa	cluster_05aec1de9ccb89179086	2	False	False
nat_4d6d67ce0c869a337d6c	gvpa	cluster_05aec1de9ccb89179086	2	False	False
nat_c6c6c9a5f7341498fda1	gvpa	cluster_05aec1de9ccb89179086	2	False	False
nat_e6f75ee4612442ce5aa8	gvpa	cluster_05aec1de9ccb89179086	2	False	False
nat_1451c78833f55a393406	gvpa	cluster_05aec1de9ccb89179086	2	False	False
nat_07e2adee1b1c97951e61	gvpa	cluster_00eda75e8d86c0000a3e	0	False	False
nat_049b976820314d6d1bba	gvpa	cluster_049b976820314d6d1bba	1	False	False
nat_f24e045327970281b5cd	gvpa	cluster_f24e045327970281b5cd	1	False	False
nat_1c790f352d60fc105062	gvpa	cluster_17858e67067c36a2a936	1	False	False
nat_426945d8cc00ec8955a1	gvpa	cluster_00eda75e8d86c0000a3e	0	False	False
nat_e1d8e1d8d2f54947a961	gvpa	cluster_00eda75e8d86c0000a3e	0	False	False
nat_16f4d6984b9b4853b848	gvpa	cluster_00eda75e8d86c0000a3e	0	False	False
nat_ebdc86196ce4e8d00cbf	gvpa	cluster_2020b232078a08b4fb2b	0	False	False
nat_5c045ab07969cb21b0ad	gvpa	cluster_5c045ab07969cb21b0ad	2	False	False
nat_1ecba3351cb7c8c6d3e7	gvpa	cluster_16be3cd3d97ccaa2c7df	2	False	False
nat_da289e6aa9b0bf8de540	gvpa	cluster_da289e6aa9b0bf8de540	0	False	False
nat_057e1cbe9c0aca38bc03	gvpa	cluster_057e1cbe9c0aca38bc03	0	False	False
nat_234ee7db19bcd2cc0f16	gvpa	cluster_038b08407425f0209cdb	2	False	False
nat_893590645f86143d64ac	gvpa	cluster_18287ab709e4536a8a89	2	False	False
nat_d3ef836095f7ac1cead1	gvpa	cluster_0890e07d5e23fde5596e	1	False	False
nat_f6a10f9036e40524b807	gvpa	cluster_0b5cd7683d0975317579	2	False	False
nat_158c0216b95ce3304bfe	gvpa	cluster_038b08407425f0209cdb	2	False	False
nat_6ec46415f5fc553cea18	gvpa	cluster_038b08407425f0209cdb	2	False	False
nat_c9181ea046190022b014	gvpa	cluster_3eea95a610545d989cc1	1	False	False
nat_b00e08214202d9da45f3	gvpa	cluster_05aec1de9ccb89179086	2	False	False
nat_0b3dbbf8c77bc6a35545	gvpa	cluster_05aec1de9ccb89179086	2	False	False
nat_a901ff8a401719052dfa	gvpa	cluster_05aec1de9ccb89179086	2	False	False
nat_2a69a2d4282302622a85	gvpa	cluster_05aec1de9ccb89179086	2	False	False
nat_4b655799ef9e19953b56	gvpa	cluster_0ccad4d436403131ae6a	2	False	False
nat_b777f719d06f5568d601	gvpa	cluster_b777f719d06f5568d601	0	False	False
nat_4a11e065ece6ad06443c	gvpa	cluster_0ccad4d436403131ae6a	2	False	False
nat_8ea71d3ab15e5cf268b1	gvpa	cluster_0ccad4d436403131ae6a	2	False	False
nat_490b107cc056b2e69720	gvpa	cluster_05aec1de9ccb89179086	2	False	False
nat_f54587a3fcd451658c0d	gvpa	cluster_05aec1de9ccb89179086	2	False	False
nat_194654d9295b42cca4e2	gvpa	cluster_05aec1de9ccb89179086	2	False	False
nat_ad843ea9809d8148ba5d	gvpa	cluster_ad843ea9809d8148ba5d	0	False	False
nat_3e858629efd06bf33e52	gvpa	cluster_18287ab709e4536a8a89	2	False	False
nat_25f8dd28e9511c933322	gvpa	cluster_0ccad4d436403131ae6a	2	False	False
nat_8bfb3056e00dc3525ee8	gvpa	cluster_038b08407425f0209cdb	2	False	False
nat_83b8beb8a3b426da1be8	gvpa	cluster_05aec1de9ccb89179086	2	False	False
nat_95f263427db975386780	gvpa	cluster_05aec1de9ccb89179086	2	False	False
nat_a1655bd7b808d51abef6	gvpa	cluster_05aec1de9ccb89179086	2	False	False
nat_7bdcd34808440e398074	gvpa	cluster_5db4f89b8985994be8c6	0	False	False
nat_752dd7ddb136b7ab5ad1	gvpa	cluster_21fd512873a52dc47991	2	False	False
nat_1aeb097a28c863a862e4	gvpa	cluster_0ccad4d436403131ae6a	2	False	False
nat_67932dce44a393cc5d41	gvpa	cluster_044b97bbcc6fc75d19af	0	False	False
nat_4a95098f433ac14617bc	gvpa	cluster_0ccad4d436403131ae6a	2	False	False
nat_e79f3223c0e51a4419c7	gvpa	cluster_0890e07d5e23fde5596e	1	False	False
nat_37d7954f2ba849ee9a13	gvpa	cluster_37d7954f2ba849ee9a13	2	False	False
nat_cb92aed15bdbfa6f9474	gvpa	cluster_37d7954f2ba849ee9a13	2	False	False
nat_7aeb2efcf40db3e46e7e	gvpa	cluster_37d7954f2ba849ee9a13	2	False	False
nat_95a5abf872e631139217	gvpa	cluster_044b97bbcc6fc75d19af	0	False	False
nat_d93f2e1e8fed25eda55f	gvpa	cluster_0890e07d5e23fde5596e	1	False	False
nat_96462335ed2439837985	gvpa	cluster_05aec1de9ccb89179086	2	False	False
nat_276fe76ab836731f2d2f	gvpa	cluster_05aec1de9ccb89179086	2	False	False
nat_677429b5c213ba9473a5	gvpa	cluster_05aec1de9ccb89179086	2	False	False
nat_c0da453357697c088275	gvpa	cluster_05aec1de9ccb89179086	2	False	False
nat_fef6ccaa9b3233e46f07	gvpa	cluster_05aec1de9ccb89179086	2	False	False
nat_97c619177bea2c666834	gvpa	cluster_05aec1de9ccb89179086	2	False	False
nat_88aac7f04fbc033600c5	gvpa	cluster_05aec1de9ccb89179086	2	False	False
nat_a992b4345d901f6ad67d	gvpa	cluster_05aec1de9ccb89179086	2	False	False
nat_14eaddbb6f4ac252e678	gvpa	cluster_05aec1de9ccb89179086	2	False	False
nat_21445f81bd709996cb4c	gvpa	cluster_05aec1de9ccb89179086	2	False	False
nat_3578e9166bb2ea6b7aa7	gvpa	cluster_05aec1de9ccb89179086	2	False	False
nat_ce67780828ddbb2c93cf	gvpa	cluster_05aec1de9ccb89179086	2	False	False
nat_62eb49c878ad7ce0be56	gvpa	cluster_05aec1de9ccb89179086	2	False	False
nat_05aec1de9ccb89179086	gvpa	cluster_05aec1de9ccb89179086	2	False	False
nat_0b443f112af31da4c521	gvpa	cluster_05aec1de9ccb89179086	2	False	False
nat_38c50a9f5c23bd9138cf	gvpa	cluster_1928e65272069bd9fa51	0	False	False
nat_5db4f89b8985994be8c6	gvpa	cluster_5db4f89b8985994be8c6	0	False	False
nat_81fe8a6c5a2a9f1f516d	gvpa	cluster_2020b232078a08b4fb2b	0	False	False
nat_614ee05c12fc168e53ed	gvpa	cluster_05aec1de9ccb89179086	2	False	False
nat_9b1b09a459a6ac047cab	gvpa	cluster_05aec1de9ccb89179086	2	False	False
nat_1722f0f85deef45697a7	gvpa	cluster_05aec1de9ccb89179086	2	False	False
nat_9d028f688f23701e4c2b	gvpa	cluster_05aec1de9ccb89179086	2	False	False
nat_8ef96f328be5cf2ac1ef	gvpa	cluster_0ccad4d436403131ae6a	2	False	False
nat_1cc68774b93a831e1a93	gvpa	cluster_0ccad4d436403131ae6a	2	False	False
nat_3b18df9990357338331a	gvpa	cluster_057e1cbe9c0aca38bc03	0	False	False
nat_baa6b104c739419a55bf	gvpa	cluster_13ee99e71183bcf01114	1	False	False
nat_861aafc294a955cecd2e	gvpa	cluster_00eda75e8d86c0000a3e	0	False	False
nat_9b2a86e0f5de235d8cf5	gvpa	cluster_00eda75e8d86c0000a3e	0	False	False
nat_31b58a77b806c43147b8	gvpa	cluster_0283d587032de178b666	1	False	False
nat_d3c6f8adf24bb50b5677	gvpa	cluster_00eda75e8d86c0000a3e	0	False	False
nat_eac8d42dcf851f8eb6d8	gvpa	cluster_240500bb8aaece16c8a7	1	False	False
nat_575a3ddb97ad6997411f	gvpa	cluster_575a3ddb97ad6997411f	0	False	False
nat_dabe1f4728c04495925e	gvpa	cluster_2020b232078a08b4fb2b	0	False	False
nat_5fe0328494dc254c515b	gvpa	cluster_23547210dabe68635401	0	False	False
nat_2020b232078a08b4fb2b	gvpa	cluster_2020b232078a08b4fb2b	0	False	False
nat_438c70c6875cb7fc8740	gvpa	cluster_0ccad4d436403131ae6a	2	False	False
nat_495c2735bcdc48076ab6	gvpa	cluster_0ccad4d436403131ae6a	2	False	False
nat_82b87d3bb03732004ea1	gvpa	cluster_038b08407425f0209cdb	2	False	False
nat_d51344965969dceb6639	gvpa	cluster_049b976820314d6d1bba	1	False	False
nat_a35562a6d386286458f3	gvpa	cluster_057e1cbe9c0aca38bc03	0	False	False
nat_e94fe6c2cd879bdd36af	gvpa	cluster_18287ab709e4536a8a89	2	False	False
nat_93f54d1ba2a517138e6d	gvpa	cluster_05aec1de9ccb89179086	2	False	False
nat_72774f3330f715fae401	gvpa	cluster_00eda75e8d86c0000a3e	0	False	False
nat_43e7561c7d05facf2895	gvpa	cluster_43e7561c7d05facf2895	2	False	False
nat_ba64cf7825cd36a3f8b7	gvpa	cluster_00eda75e8d86c0000a3e	0	False	False
nat_e1f5f0f2180e18c35aa7	gvpa	cluster_e1f5f0f2180e18c35aa7	2	False	False
nat_6da5911cb6f5dbfefd09	gvpa	cluster_18287ab709e4536a8a89	2	False	False
nat_942bc0624c6f9016a403	gvpa	cluster_0ccad4d436403131ae6a	2	False	False
nat_f4f90ca0708a5faa9c5b	gvpa	cluster_0ccad4d436403131ae6a	2	False	False
nat_15e32a2edd6bff0d0784	gvpa	cluster_0ccad4d436403131ae6a	2	False	False
nat_0e118acdc2771e80b4ea	gvpa	cluster_0ccad4d436403131ae6a	2	False	False
nat_d8ac85c1e2427ebd2b9e	gvpa	cluster_23547210dabe68635401	0	False	False
nat_240500bb8aaece16c8a7	gvpa	cluster_240500bb8aaece16c8a7	1	False	False
nat_93fc211ea4b34cbb8750	gvpa	cluster_038b08407425f0209cdb	2	False	False
nat_6941eadb95ed4bfec34a	gvpa	cluster_1c76cf5c7e439b773485	1	False	False
nat_36827e11a82ffe460664	gvpa	cluster_1928e65272069bd9fa51	0	False	False
nat_a780429eddf249c23975	gvpa	cluster_25ee00a9c2b4e74f79dd	2	False	False
nat_2f6b62c5722bcacabd8e	gvpa	cluster_0ccad4d436403131ae6a	2	False	False
nat_2ac756cb783ba8cf7947	gvpa	cluster_18287ab709e4536a8a89	2	False	False
nat_8bf5071aed606f94333c	gvpa	cluster_038b08407425f0209cdb	2	False	False
nat_833997551203b7f90ae0	gvpa	cluster_0f78d7acac5b21f9e204	0	False	False
nat_0ebe1baa66ad5d5cb860	gvpa	cluster_0ebe1baa66ad5d5cb860	0	False	False
nat_f857f47b85a0e9d56172	gvpa	cluster_05aec1de9ccb89179086	2	False	False
nat_5dfa27bda2e1f6e4c411	gvpa	cluster_05aec1de9ccb89179086	2	False	False
nat_aa0a61561315386ac57d	gvpa	cluster_05aec1de9ccb89179086	2	False	False
nat_f5798c1d664fe6d4faa5	gvpa	cluster_05aec1de9ccb89179086	2	False	False
nat_6f39269f430d826538e8	gvpa	cluster_05aec1de9ccb89179086	2	False	False
nat_959b710d458909b25f21	gvpa	cluster_05aec1de9ccb89179086	2	False	False
nat_f44c857654f488ee7ad6	gvpa	cluster_05aec1de9ccb89179086	2	False	False
nat_f9153534fd162239df4c	gvpa	cluster_05aec1de9ccb89179086	2	False	False
nat_1cefe08dae83aa5bd96d	gvpa	cluster_038b08407425f0209cdb	2	False	False
nat_6bca999a70c09bc7d8d3	gvpa	cluster_0ccad4d436403131ae6a	2	False	False
nat_d1717d58239a48d6df6a	gvpa	cluster_16be3cd3d97ccaa2c7df	2	False	False
nat_98510cc23b6e65ce4afa	gvpa	cluster_00eda75e8d86c0000a3e	0	False	False
nat_dda4548fde968a05b6df	gvpa	cluster_2020b232078a08b4fb2b	0	False	False
nat_55802cc1c7918b91c298	gvpa	cluster_038b08407425f0209cdb	2	False	False
nat_fd0fbb7fdb870f3d334b	gvpa	cluster_18287ab709e4536a8a89	2	False	False
nat_1928e65272069bd9fa51	gvpa	cluster_1928e65272069bd9fa51	0	False	False
nat_cabc629dd821e7c45393	gvpa	cluster_0a0b47ef48e73f6907dd	1	False	False
nat_1f087f3f20cf0e414c21	gvpa	cluster_1928e65272069bd9fa51	0	False	False
nat_bdb27357528f1d5d6c47	gvpa	cluster_240500bb8aaece16c8a7	1	False	False
nat_21636e3756ac6619107d	gvpa	cluster_05aec1de9ccb89179086	2	False	False
nat_57133a7b2510b9196439	gvpa	cluster_05aec1de9ccb89179086	2	False	False
nat_efd26199102e35f9b478	gvpa	cluster_821a6d2a970cf6bcf9bb	2	False	False
nat_47270a133b8b28fe68b5	gvpa	cluster_16be3cd3d97ccaa2c7df	2	False	False
nat_901c21e0006125b0e9d7	gvpa	cluster_0890e07d5e23fde5596e	1	False	False
nat_57c2b381c8bb4035d01c	gvpa	cluster_57c2b381c8bb4035d01c	1	False	False
nat_0a0b47ef48e73f6907dd	gvpa	cluster_0a0b47ef48e73f6907dd	1	False	False
nat_7ca23b11f7e72b0b7519	gvpa	cluster_7ca23b11f7e72b0b7519	0	False	False
nat_0f515c4258dc68fd3f9c	gvpa	cluster_038b08407425f0209cdb	2	False	False
nat_241c00832790324418cd	gvpa	cluster_03e37b9ff61818fe868f	0	False	False
nat_ab4678bc7e147bea24f4	gvpa	cluster_05faae01597311327997	1	False	False
nat_40df730c74b4411daafa	gvpa	cluster_0ccad4d436403131ae6a	2	False	False
nat_d57269e318a762146774	gvpa	cluster_0ccad4d436403131ae6a	2	False	False
nat_c40ddec53c95be722ddc	gvpa	cluster_05aec1de9ccb89179086	2	False	False
nat_71225d296257b8b08410	gvpa	cluster_05aec1de9ccb89179086	2	False	False
nat_7d62c45eb5711910c788	gvpa	cluster_0ccad4d436403131ae6a	2	False	False
nat_b44c98ec309ed12410ab	gvpa	cluster_16be3cd3d97ccaa2c7df	2	False	False
nat_14b8d1a3240d87319476	gvpj	cluster_00eda75e8d86c0000a3e	0	False	False
nat_0e04889ea449c11132b4	gvpj	cluster_044b97bbcc6fc75d19af	0	False	False
nat_48ea71fe1cd777e6ddfc	gvpj	cluster_0283d587032de178b666	1	False	False
nat_ed46c9e7b97a1b13dc86	gvpj	cluster_0283d587032de178b666	1	False	False
nat_ff9c5d10b21ed7b06913	gvpj	cluster_00eda75e8d86c0000a3e	0	False	False
nat_f9d423597b7778d440ea	gvpj	cluster_0283d587032de178b666	1	False	False
nat_2afc6fb850c8bc89b0f2	gvpj	cluster_044b97bbcc6fc75d19af	0	False	False
nat_6d995d9db67c9b27bce8	gvpj	cluster_044b97bbcc6fc75d19af	0	False	False
nat_a46817057b2430d35a66	gvpj	cluster_00eda75e8d86c0000a3e	0	False	False
nat_375409e47c121ca81b85	gvpj	cluster_00eda75e8d86c0000a3e	0	False	False
nat_de3106e39b73b2986cc3	gvpj	cluster_0283d587032de178b666	1	False	False
nat_7549e3c1301e8688c306	gvpj	cluster_00eda75e8d86c0000a3e	0	False	False
nat_7b11238f75117cdf3b62	gvpj	cluster_0844cfaee9f234d540b5	0	False	False
nat_dbc06e5fd5d989a1d1e4	gvpj	cluster_00eda75e8d86c0000a3e	0	False	False
nat_fdd60eac4981a8e64371	gvpj	cluster_0844cfaee9f234d540b5	0	False	False
nat_6e6874947488b4bf79cd	gvpj	cluster_11170a4c1f77a2510e97	2	False	False
nat_172247f25d7a88e5c254	gvpj	cluster_00eda75e8d86c0000a3e	0	False	False
nat_76fdc377bbf82dcb5234	gvpj	cluster_0844cfaee9f234d540b5	0	False	False
nat_1d37cbb7aad699cb8ab2	gvpj	cluster_08d35b42e1d455774e7b	2	False	False
nat_883a9edd1d317110f140	gvpj	cluster_044b97bbcc6fc75d19af	0	False	False
nat_52dd92a4f7bccb199db6	gvpj	cluster_21fd512873a52dc47991	2	False	False
nat_c8ca500d58f82227374e	gvpj	cluster_10816d30b94e7e319ed1	1	False	False
nat_7e5a0ca10a01973b587c	gvpj	cluster_00eda75e8d86c0000a3e	0	False	False
nat_2042b63e95655cdc9d68	gvpj	cluster_1589f15763a3b3a0bf84	0	False	False
nat_c2f24f987da7fa8e29d9	gvpa	cluster_11170a4c1f77a2510e97	2	False	False
nat_acfca75ffa4093670cf2	gvpa	cluster_044b97bbcc6fc75d19af	0	False	False
nat_38939b26cbc5a274769e	gvpa	cluster_044b97bbcc6fc75d19af	0	False	False
nat_8e3261c808d07fdff696	gvpn	cluster_8e3261c808d07fdff696	2	False	True
nat_aa024521c48af22f0cac	gvpn	cluster_8e3261c808d07fdff696	2	False	False
nat_8343c46d763785dc6094	gvpn	cluster_8343c46d763785dc6094	1	False	True
nat_2e67a9559a5d385089e1	gvpn	cluster_2e67a9559a5d385089e1	0	False	True
nat_56c649d91320de13c3d9	gvpn	cluster_56c649d91320de13c3d9	1	False	True
nat_b6bdb8734681bcea444a	gvpn	cluster_b6bdb8734681bcea444a	0	False	True
nat_d93cc995798d0a5e81e9	gvpn	cluster_d93cc995798d0a5e81e9	1	False	True
nat_d35f18eddb686cd97007	gvpn	cluster_b6bdb8734681bcea444a	0	False	False
nat_af322d28976cc7014aac	gvpn	cluster_1944acf2ada2119aa498	1	False	False
nat_5322cde66edfa53888a3	gvpn	cluster_5322cde66edfa53888a3	0	False	True
nat_56012f16429563f68895	gvpn	cluster_1944acf2ada2119aa498	1	False	False
nat_6b111238dff8d4fcf344	gvpn	cluster_6b111238dff8d4fcf344	1	False	True
nat_eea50b6e1902af9b049c	gvpn	cluster_eea50b6e1902af9b049c	0	False	True
nat_1944acf2ada2119aa498	gvpn	cluster_1944acf2ada2119aa498	1	False	True
nat_cd472e1a07548a06f478	gvpn	cluster_cd472e1a07548a06f478	1	False	True
nat_2c6ae47f69b03e002709	gvpn	cluster_1944acf2ada2119aa498	1	False	False
nat_7a9a8f4b94c47657684d	gvpn	cluster_26cacb69c4d3a7cc7caa	1	False	False
nat_2380c4be7e7372c40f84	gvpn	cluster_2380c4be7e7372c40f84	2	False	True
nat_6f418e83201670537daa	gvpn	cluster_1944acf2ada2119aa498	1	False	False
nat_e953b5f5229ead5bb05c	gvpn	cluster_823d96f8c4b516596394	0	False	False
nat_219ec296ddb38c6ad41b	gvpn	cluster_1944acf2ada2119aa498	1	False	False
nat_b8d08df1b5aa716dd206	gvpn	cluster_26cacb69c4d3a7cc7caa	1	False	False
nat_26cacb69c4d3a7cc7caa	gvpn	cluster_26cacb69c4d3a7cc7caa	1	False	True
nat_42d94b6cd2db52cdbdb2	gvpn	cluster_1944acf2ada2119aa498	1	False	False
nat_accc808f32fd9286f55b	gvpn	cluster_1944acf2ada2119aa498	1	False	False
nat_8c8b0a437c2091328021	gvpn	cluster_1944acf2ada2119aa498	1	False	False
nat_9c8132712ea576438b26	gvpn	cluster_9c8132712ea576438b26	0	False	True
nat_2fcd2fc7cc42472e48ca	gvpn	cluster_2fcd2fc7cc42472e48ca	2	False	True
nat_9735bbf071ea4d0e88dc	gvpn	cluster_5322cde66edfa53888a3	0	False	False
nat_7c5a6a1b6410258202e8	gvpn	cluster_1944acf2ada2119aa498	1	False	False
nat_7e9dfacf48635d46c7ca	gvpn	cluster_7e9dfacf48635d46c7ca	1	False	True
nat_b73eed73eb852a72ba5a	gvpn	cluster_b73eed73eb852a72ba5a	2	False	True
nat_0191a16db7363afe30ed	gvpn	cluster_0191a16db7363afe30ed	2	False	True
nat_b36efd570ae197486e36	gvpn	cluster_66568342e223b00f8d59	1	False	False
nat_a7e1b39edec953be30ee	gvpn	cluster_a7e1b39edec953be30ee	1	False	True
nat_704a249b0764cecf43df	gvpn	cluster_704a249b0764cecf43df	1	False	True
nat_95be5a9e931724aad2ad	gvpn	cluster_95be5a9e931724aad2ad	1	False	True
nat_0ab9e0e44efcffa9a877	gvpn	cluster_0ab9e0e44efcffa9a877	1	False	True
nat_cf3c565e051319b837ba	gvpn	cluster_6b111238dff8d4fcf344	1	False	False
nat_aea83ae7d90d55b47242	gvpn	cluster_aea83ae7d90d55b47242	2	False	True
nat_b801b8f74a7687732592	gvpn	cluster_8eec0303cc68de85791a	0	False	False
nat_0a4e225cb9c56d6b84d6	gvpn	cluster_0a4e225cb9c56d6b84d6	0	False	True
nat_c969850f1da43f74401f	gvpn	cluster_c969850f1da43f74401f	2	False	True
nat_33822746f06064c1e8e3	gvpn	cluster_0ab9e0e44efcffa9a877	1	False	False
nat_9414dc44ac8316d2782f	gvpn	cluster_0ab9e0e44efcffa9a877	1	False	False
nat_59bcd37fbc5cf35ab3cc	gvpn	cluster_0ab9e0e44efcffa9a877	1	False	False
nat_8eec0303cc68de85791a	gvpn	cluster_8eec0303cc68de85791a	0	False	True
nat_e9c94abf9541bdaab211	gvpn	cluster_0a4e225cb9c56d6b84d6	0	False	False
nat_af4dd8eeb92221642da5	gvpn	cluster_aea83ae7d90d55b47242	2	False	False
nat_2648d629b38e7cef6323	gvpn	cluster_20a0c3cba5c7bfbc2968	0	False	False
nat_46e559775f06ae9479dd	gvpn	cluster_46e559775f06ae9479dd	2	False	True
nat_6fbd68d02ac2a1e1dafe	gvpn	cluster_6fbd68d02ac2a1e1dafe	0	False	True
nat_54f42a9ee5419e125305	gvpn	cluster_0a4e225cb9c56d6b84d6	0	False	False
nat_20a0c3cba5c7bfbc2968	gvpn	cluster_20a0c3cba5c7bfbc2968	0	False	True
nat_bea89c7ed81148b012f8	gvpn	cluster_b6d0df7dc4c2cb18d0b7	1	False	False
nat_7f3d6f1f346dd38132e2	gvpn	cluster_0a4e225cb9c56d6b84d6	0	False	False
nat_51a971d9f338f8db29b2	gvpn	cluster_2fcd2fc7cc42472e48ca	2	False	False
nat_423e61c432bfd3ff9c3b	gvpn	cluster_0a4e225cb9c56d6b84d6	0	False	False
nat_fbd3fd4e6b2a9a3985ad	gvpn	cluster_0a4e225cb9c56d6b84d6	0	False	False
nat_f1576cf15faeaea3dbc6	gvpc	cluster_f1576cf15faeaea3dbc6	1	False	True
nat_149d79d1e2e651f0b2cf	gvpn	cluster_0a4e225cb9c56d6b84d6	0	False	False
nat_32fdbf8eba6ab6b512a2	gvpn	cluster_32fdbf8eba6ab6b512a2	0	False	True
nat_02aa5adb843bcbb28558	gvpn	cluster_02aa5adb843bcbb28558	0	False	True
nat_04782b3e5d10ee5f349b	gvpn	cluster_04782b3e5d10ee5f349b	0	False	True
nat_83b35e1afef7eb2b15e7	gvpn	cluster_2fcf63c4d0b08851d7bb	0	False	False
nat_5a8b313f8585f54f4658	gvpn	cluster_0a4e225cb9c56d6b84d6	0	False	False
nat_f082034c255acfb4220b	gvpn	cluster_c969850f1da43f74401f	2	False	False
nat_f31c98742504249bd8b1	gvpn	cluster_f31c98742504249bd8b1	2	False	True
nat_f349a9497408e858de5d	gvpn	cluster_2fcf63c4d0b08851d7bb	0	False	False
nat_69cee74069ea570841b6	gvpc	cluster_69cee74069ea570841b6	0	False	True
nat_01156e841deb1d9a772b	gvpn	cluster_01156e841deb1d9a772b	1	False	True
nat_b13a30afcbd95f756c01	gvpn	cluster_1027009e86e43030bf4d	2	False	False
nat_d0ec3f874170382d9f35	gvpn	cluster_d0ec3f874170382d9f35	0	False	True
nat_938a17e9c3546d6b6666	gvpn	cluster_20a0c3cba5c7bfbc2968	0	False	False
nat_973ad1057434fe5da28a	gvpn	cluster_973ad1057434fe5da28a	0	False	True
nat_748023a818ca467884d7	gvpn	cluster_1027009e86e43030bf4d	2	False	False
nat_d0019d622a7986c35070	gvpn	cluster_1027009e86e43030bf4d	2	False	False
nat_0ea2e01b050da8389800	gvpn	cluster_0ea2e01b050da8389800	0	False	True
nat_e6f1534b15baac6e3fa3	gvpn	cluster_e6f1534b15baac6e3fa3	1	False	True
nat_17f71edb92fc68b2218c	gvpn	cluster_17f71edb92fc68b2218c	2	False	True
nat_bfe2f0c48495399ac8c4	gvpn	cluster_38bf58c786f61248c36c	0	False	False
nat_66568342e223b00f8d59	gvpn	cluster_66568342e223b00f8d59	1	False	True
nat_4f933ce975202631fc9d	gvpn	cluster_38bf58c786f61248c36c	0	False	False
nat_944e12d4a525f631f49f	gvpn	cluster_1027009e86e43030bf4d	2	False	False
nat_2fcf63c4d0b08851d7bb	gvpn	cluster_2fcf63c4d0b08851d7bb	0	False	True
nat_38bf58c786f61248c36c	gvpn	cluster_38bf58c786f61248c36c	0	False	True
nat_b6d0df7dc4c2cb18d0b7	gvpn	cluster_b6d0df7dc4c2cb18d0b7	1	False	True
nat_6041dd5ee0473abd30f2	gvpn	cluster_17f71edb92fc68b2218c	2	False	False
nat_e7ed1202d1618f77bb2e	gvpn	cluster_38bf58c786f61248c36c	0	False	False
nat_3d86e49e4c25ff3762f1	gvpn	cluster_1027009e86e43030bf4d	2	False	False
nat_28a3b1efd26c46ff28f4	gvpn	cluster_137fdc7c703d1b0379db	0	False	False
nat_1027009e86e43030bf4d	gvpn	cluster_1027009e86e43030bf4d	2	False	True
nat_5bd91d40ed4572144cd6	gvpn	cluster_01156e841deb1d9a772b	1	False	False
nat_c6a9f832eed0a9cab749	gvpn	cluster_1027009e86e43030bf4d	2	False	False
nat_8c6a661abd0d8e73a28d	gvpn	cluster_01156e841deb1d9a772b	1	False	False
nat_4cb365260a07785de158	gvpn	cluster_01156e841deb1d9a772b	1	False	False
nat_cca3339c235cc5e70bbc	gvpn	cluster_01156e841deb1d9a772b	1	False	False
nat_daf355aea3f08a665714	gvpn	cluster_01156e841deb1d9a772b	1	False	False
nat_4b7705e733d8c506a3f1	gvpn	cluster_137fdc7c703d1b0379db	0	False	False
nat_f838ee1433dbb14490af	gvpn	cluster_dbae310253aa128f5396	2	False	False
nat_7dc06544d027b1021841	gvpn	cluster_137fdc7c703d1b0379db	0	False	False
nat_137fdc7c703d1b0379db	gvpn	cluster_137fdc7c703d1b0379db	0	False	True
nat_00857e373ba6458d2397	gvpn	cluster_00857e373ba6458d2397	0	False	True
nat_823d96f8c4b516596394	gvpn	cluster_823d96f8c4b516596394	0	False	True
nat_9c346ea092221109ceee	gvpn	cluster_9c346ea092221109ceee	1	False	True
nat_dbae310253aa128f5396	gvpn	cluster_dbae310253aa128f5396	2	False	True
nat_bd6d641af5173919983b	gvpn	cluster_1027009e86e43030bf4d	2	False	False
nat_579844cb6db93ae5e909	gvpn	cluster_00857e373ba6458d2397	0	False	False
nat_8fb4061b311460a720c1	gvpn	cluster_00857e373ba6458d2397	0	False	False
nat_93c537fc9102a67e551f	gvpn	cluster_823d96f8c4b516596394	0	False	False
nat_fdd333370b4bafa79ad4	gvpn	cluster_057a6e1e55058641b98a	2	False	False
nat_ee215e560b3bde143fef	gvpc	cluster_ee215e560b3bde143fef	0	False	True
nat_acf13dff7d85dd1b4582	gvpn	cluster_00857e373ba6458d2397	0	False	False
nat_46493994355e9e860e13	gvpn	cluster_46493994355e9e860e13	0	False	True
nat_aed11ef7622a58575379	gvpn	cluster_129b73d1f5929eb29158	1	False	False
nat_9af7854b4cc48e7d4db5	gvpn	cluster_9af7854b4cc48e7d4db5	2	False	True
nat_65195e1884dba2d18322	gvpc	cluster_65195e1884dba2d18322	1	False	True
nat_690befef9ed3bae5c820	gvpn	cluster_690befef9ed3bae5c820	0	False	True
nat_c71ec6d271d4048dc5b9	gvpn	cluster_c71ec6d271d4048dc5b9	0	False	True
nat_751560713494d34e3694	gvpc	cluster_751560713494d34e3694	2	False	True
nat_d75b99c1a6e6c7509167	gvpn	cluster_a7e1b39edec953be30ee	1	False	False
nat_7f5329f23c9d650fc5c5	gvpn	cluster_7f5329f23c9d650fc5c5	2	False	True
nat_85c409a21289837d00bb	gvpn	cluster_2bf58038b2e3bdc0bb07	1	False	False
nat_e9eb43811f2330da42df	gvpn	cluster_e9eb43811f2330da42df	0	False	True
nat_8d236d3ac40de77afe2a	gvpn	cluster_8d236d3ac40de77afe2a	0	False	True
nat_f6a69c0e0736bb18b1ef	gvpn	cluster_dbae310253aa128f5396	2	False	False
nat_7e86aa921e43cec15ccd	gvpn	cluster_7e86aa921e43cec15ccd	0	False	True
nat_995571f9bd05bfb87fdc	gvpc	cluster_995571f9bd05bfb87fdc	1	False	True
nat_eedf2d89181613d2065f	gvpn	cluster_0f51e0db355810694385	0	False	False
nat_d357e9d3ead4e202b4ba	gvpn	cluster_7e86aa921e43cec15ccd	0	False	False
nat_d30bf18fe1fcece92677	gvpl	cluster_182237e22095168ab3a7	2	False	False
nat_2bf58038b2e3bdc0bb07	gvpn	cluster_2bf58038b2e3bdc0bb07	1	False	True
nat_ed56784f819f350e1369	gvpn	cluster_2bf58038b2e3bdc0bb07	1	False	False
nat_0f51e0db355810694385	gvpn	cluster_0f51e0db355810694385	0	False	True
nat_69c6a080a2aae0003e51	gvpc	cluster_69c6a080a2aae0003e51	2	False	True
nat_22f569c1a9e2e816964c	gvpl	cluster_182237e22095168ab3a7	2	False	False
nat_395052e88fb76205e294	gvpn	cluster_395052e88fb76205e294	1	False	True
nat_5d52f7cf3edcb56a666d	gvpn	cluster_5d52f7cf3edcb56a666d	2	False	True
nat_fdff8804f037d39bda49	gvpn	cluster_129b73d1f5929eb29158	1	False	False
nat_d1bff6ecbca72522c636	gvpn	cluster_0a4e225cb9c56d6b84d6	0	False	False
nat_4792c6a8a996eedbe2d7	gvpn	cluster_129b73d1f5929eb29158	1	False	False
nat_4c30b2e219c5cb768f04	gvpn	cluster_129b73d1f5929eb29158	1	False	False
nat_057a6e1e55058641b98a	gvpn	cluster_057a6e1e55058641b98a	2	False	True
nat_b36007e4e27659013e8f	gvpn	cluster_057a6e1e55058641b98a	2	False	False
nat_b0bf2354fc5a8c57b484	gvpn	cluster_b0bf2354fc5a8c57b484	1	False	True
nat_72f594d06e4e17a42e99	gvpn	cluster_2bf58038b2e3bdc0bb07	1	False	False
nat_f55b54c09bc9e7d7a61d	gvpn	cluster_1b6894c416dda31f5bf7	0	False	False
nat_fa80a54ef485637ff3b1	gvpn	cluster_072b8a0fb869a02fb8e6	1	False	False
nat_21bdbf3d416d0e908baf	gvpl	cluster_21bdbf3d416d0e908baf	1	False	True
nat_d95288fc3c89b2227500	gvpl	cluster_3cabc956bfd183de1f63	0	False	False
nat_5334628e29495da4bcb2	gvpn	cluster_1027009e86e43030bf4d	2	False	False
nat_bda2bb5bb32dc7505031	gvpl	cluster_744a9d49541c2fd7d2e2	0	False	False
nat_fd09d4b5d781cbc2a021	gvpn	cluster_fd09d4b5d781cbc2a021	0	False	True
nat_e019c232d73b7720272e	gvpn	cluster_e019c232d73b7720272e	0	False	True
nat_a0846e29308f4e862d3d	gvpn	cluster_a0846e29308f4e862d3d	1	False	True
nat_ef1a42f0c1feb987476d	gvpn	cluster_072b8a0fb869a02fb8e6	1	False	False
nat_e82c3c0653b9cb62153b	gvpn	cluster_c6e3c14644f67cebef3e	2	False	False
nat_f2b695930cb506a8b51a	gvpl	cluster_492035bd7857aca04ece	0	False	False
nat_7b0ae4f3bc4e0cb3ce55	gvpn	cluster_224e649efb8f6afb890a	1	False	False
nat_8f2d6eacf54e80641dec	gvpn	cluster_129b73d1f5929eb29158	1	False	False
nat_ebf0f177a20c1a7ceccc	gvpn	cluster_072b8a0fb869a02fb8e6	1	False	False
nat_6a167a94a8e6ee1a149f	gvpl	cluster_492035bd7857aca04ece	0	False	False
nat_8b87e4f22868b02a4a4a	gvpn	cluster_1027009e86e43030bf4d	2	False	False
nat_c6e3c14644f67cebef3e	gvpn	cluster_c6e3c14644f67cebef3e	2	False	True
nat_5b5e99744737ba3e4186	gvpn	cluster_1b6894c416dda31f5bf7	0	False	False
nat_962144a30e3bf82c50c2	gvpn	cluster_129b73d1f5929eb29158	1	False	False
nat_8be2453bae0b87eb4953	gvpn	cluster_8be2453bae0b87eb4953	2	False	True
nat_30b62618e113e3626d42	gvpn	cluster_057a6e1e55058641b98a	2	False	False
nat_0e37face31f27f3afe2e	gvpc	cluster_0e37face31f27f3afe2e	2	False	True
nat_96692d52d60a21dbcddd	gvpn	cluster_96692d52d60a21dbcddd	2	False	True
nat_b06c8e90f724ebf90da9	gvpn	cluster_129b73d1f5929eb29158	1	False	False
nat_ffc430cd837976f6c9f6	gvpc	cluster_ffc430cd837976f6c9f6	2	False	True
nat_d7e97442036033c42d10	gvpn	cluster_129b73d1f5929eb29158	1	False	False
nat_2db9df512db29de5b691	gvpn	cluster_072b8a0fb869a02fb8e6	1	False	False
nat_e2d27b68c9063f22e9dd	gvpn	cluster_129b73d1f5929eb29158	1	False	False
nat_9a8224ddbc9c22801acd	gvpn	cluster_1027009e86e43030bf4d	2	False	False
nat_129b73d1f5929eb29158	gvpn	cluster_129b73d1f5929eb29158	1	False	True
nat_99b6fadf852cc16731a3	gvpn	cluster_99b6fadf852cc16731a3	1	False	True
nat_454d9bcaa48f9d42f3d8	gvpn	cluster_072b8a0fb869a02fb8e6	1	False	False
nat_29b91c4d483d1b07a362	gvpl	cluster_182237e22095168ab3a7	2	False	False
nat_c74eedc7c496b4a48239	gvpn	cluster_4a8f42d446a085bb7f59	1	False	False
nat_78b08b175d1dad3f95b1	gvpn	cluster_072b8a0fb869a02fb8e6	1	False	False
nat_4a8f42d446a085bb7f59	gvpn	cluster_4a8f42d446a085bb7f59	1	False	True
nat_d9d768e338f58817c2ee	gvpc	cluster_995571f9bd05bfb87fdc	1	False	False
nat_276da45f10b6947549de	gvpn	cluster_072b8a0fb869a02fb8e6	1	False	False
nat_423d4f51455bfc4fa9f7	gvpn	cluster_423d4f51455bfc4fa9f7	1	False	True
nat_1f8d7c06df9e8eaedba0	gvpn	cluster_0a4e225cb9c56d6b84d6	0	False	False
nat_c892a25ffab63ddf986f	gvpn	cluster_0a4e225cb9c56d6b84d6	0	False	False
nat_66850160e794181cb889	gvpn	cluster_057a6e1e55058641b98a	2	False	False
nat_b2284ef968ad70670927	gvpn	cluster_96692d52d60a21dbcddd	2	False	False
nat_cea43bcd71c7118fb338	gvpn	cluster_057a6e1e55058641b98a	2	False	False
nat_066d0caa7658382c9cb3	gvpn	cluster_066d0caa7658382c9cb3	1	False	True
nat_fab2f064769cc6e1893c	gvpn	cluster_072b8a0fb869a02fb8e6	1	False	False
nat_8303713c0fd3b8dd5987	gvpn	cluster_4a40e33f19f4a2a739e2	0	False	False
nat_80c965f27d2e7e432170	gvpn	cluster_129b73d1f5929eb29158	1	False	False
nat_e158c576a529f55a2dd5	gvpn	cluster_0a4e225cb9c56d6b84d6	0	False	False
nat_414c502e7645eadf3d0f	gvpn	cluster_414c502e7645eadf3d0f	0	False	True
nat_9c8d4abf9d1595e2e6a2	gvpn	cluster_07b59782dacb30dfb817	0	False	False
nat_4378b4a91514b8ec40b9	gvpn	cluster_07b59782dacb30dfb817	0	False	False
nat_7a8616339a4ea8adf606	gvpn	cluster_3333da7b9a0ceeb05aff	1	False	False
nat_70a80e329fdf3aea6213	gvpn	cluster_00857e373ba6458d2397	0	False	False
nat_6aa0a7ae55b0a8989c03	gvpn	cluster_072b8a0fb869a02fb8e6	1	False	False
nat_88ee1049db109262717a	gvpn	cluster_07b59782dacb30dfb817	0	False	False
nat_3333da7b9a0ceeb05aff	gvpn	cluster_3333da7b9a0ceeb05aff	1	False	True
nat_4ac64feb730b5240b0d6	gvpn	cluster_07b59782dacb30dfb817	0	False	False
nat_6029afef37bd3dfb958b	gvpn	cluster_07b59782dacb30dfb817	0	False	False
nat_94f670defc387d301e16	gvpn	cluster_072b8a0fb869a02fb8e6	1	False	False
nat_e39db58bcb69436fcc48	gvpn	cluster_072b8a0fb869a02fb8e6	1	False	False
nat_13f4666837340d0e3697	gvpn	cluster_07b59782dacb30dfb817	0	False	False
nat_adce999c5b882292c7be	gvpn	cluster_adce999c5b882292c7be	1	False	True
nat_aa2f6d91e9bb3a4877e3	gvpn	cluster_96692d52d60a21dbcddd	2	False	False
nat_4351e558ca68e5207687	gvpn	cluster_072b8a0fb869a02fb8e6	1	False	False
nat_df641bbc6ceeeb67e11b	gvpn	cluster_1027009e86e43030bf4d	2	False	False
nat_fc4e19fc8e138cede0e0	gvpn	cluster_07b59782dacb30dfb817	0	False	False
nat_70a11867677ec3f699ff	gvpn	cluster_07b59782dacb30dfb817	0	False	False
nat_c7853ed22945f763fd8b	gvpn	cluster_072b8a0fb869a02fb8e6	1	False	False
nat_07b59782dacb30dfb817	gvpn	cluster_07b59782dacb30dfb817	0	False	True
nat_ff5328221dfb8c0ae3e7	gvpn	cluster_3333da7b9a0ceeb05aff	1	False	False
nat_119eeb16038b1399924f	gvpl	cluster_119eeb16038b1399924f	0	False	True
nat_5e664c95262320b2daea	gvpn	cluster_5e664c95262320b2daea	0	False	True
nat_aa35f28532dc778082cb	gvpn	cluster_aa35f28532dc778082cb	0	False	True
nat_659e5001b0159065850e	gvpn	cluster_00857e373ba6458d2397	0	False	False
nat_45fbea73531cb1ca0977	gvpn	cluster_084b9fff3c1387b75f10	1	False	False
nat_08806a564e7c2fb64d8a	gvpn	cluster_08806a564e7c2fb64d8a	2	False	True
nat_77e6c98e69df6824723e	gvpn	cluster_77e6c98e69df6824723e	1	False	True
nat_2c452a622be17e635307	gvpn	cluster_072b8a0fb869a02fb8e6	1	False	False
nat_6838fbcfa785f49a2923	gvpn	cluster_224e649efb8f6afb890a	1	False	False
nat_85ca2d98e8a274cbc379	gvpn	cluster_072b8a0fb869a02fb8e6	1	False	False
nat_65868336c1ed35cb0adb	gvpn	cluster_084b9fff3c1387b75f10	1	False	False
nat_d83d584ecd84844fed1a	gvpn	cluster_77e6c98e69df6824723e	1	False	False
nat_de771819ead074f05b72	gvpn	cluster_072b8a0fb869a02fb8e6	1	False	False
nat_e6bc7525d975c8d5aa4c	gvpn	cluster_072b8a0fb869a02fb8e6	1	False	False
nat_1d68b0ae440f12a024ed	gvpn	cluster_072b8a0fb869a02fb8e6	1	False	False
nat_4857aa4c0603f58a1c7c	gvpn	cluster_072b8a0fb869a02fb8e6	1	False	False
nat_cc165a088a32e9102342	gvpn	cluster_cc165a088a32e9102342	0	False	True
nat_1bb8c3052c79ed7b3013	gvpl	cluster_144f47620afa1a7c4163	2	False	False
nat_36525a396ff8e915d5de	gvpn	cluster_072b8a0fb869a02fb8e6	1	False	False
nat_084b9fff3c1387b75f10	gvpn	cluster_084b9fff3c1387b75f10	1	False	True
nat_45d3092c15b7e9badf24	gvpn	cluster_279efeb59838dbe6860a	2	False	False
nat_1170e078d9d96969bdea	gvpn	cluster_1170e078d9d96969bdea	2	False	True
nat_0ffe4c96f384bc26e46f	gvpn	cluster_072b8a0fb869a02fb8e6	1	False	False
nat_30386f98ea528f161186	gvpn	cluster_072b8a0fb869a02fb8e6	1	False	False
nat_24b99f830476486373ab	gvpn	cluster_072b8a0fb869a02fb8e6	1	False	False
nat_622ddb2991d9d2deb889	gvpn	cluster_072b8a0fb869a02fb8e6	1	False	False
nat_f08616fef40cce134cab	gvpn	cluster_224e649efb8f6afb890a	1	False	False
nat_ec10e0156991628947d7	gvpn	cluster_a895f4b7ef74bb829558	2	False	False
nat_8389675bf7368457eedd	gvpc	cluster_8389675bf7368457eedd	0	False	True
nat_3746fe8ba06fb11c8391	gvpl	cluster_2df69daa3558ff90d6d4	2	False	False
nat_a895f4b7ef74bb829558	gvpn	cluster_a895f4b7ef74bb829558	2	False	True
nat_688e898915e9f5fca110	gvpn	cluster_072b8a0fb869a02fb8e6	1	False	False
nat_36383c82d3220b285469	gvpn	cluster_072b8a0fb869a02fb8e6	1	False	False
nat_95791468566e669179ba	gvpn	cluster_072b8a0fb869a02fb8e6	1	False	False
nat_ce8a5962c7443a821eeb	gvpn	cluster_072b8a0fb869a02fb8e6	1	False	False
nat_a38ad176ccc03d260633	gvpn	cluster_a38ad176ccc03d260633	2	False	True
nat_7358ade3753869a1bd83	gvpc	cluster_2e48b321b528f593d735	0	False	False
nat_492035bd7857aca04ece	gvpl	cluster_492035bd7857aca04ece	0	False	True
nat_8e55878fc5504bc64f4e	gvpl	cluster_144f47620afa1a7c4163	2	False	False
nat_ba6f00a9e52088ad727b	gvpn	cluster_05a51c4640d1c2771769	0	False	False
nat_c154082ef8c2ddea34f1	gvpn	cluster_072b8a0fb869a02fb8e6	1	False	False
nat_64596db3da2e0f62b06d	gvpn	cluster_279efeb59838dbe6860a	2	False	False
nat_57de1110f76cb7585ea6	gvpn	cluster_072b8a0fb869a02fb8e6	1	False	False
nat_8341b66f59910b6f034e	gvpn	cluster_057a6e1e55058641b98a	2	False	False
nat_24324a580eb775218509	gvpn	cluster_24324a580eb775218509	0	False	True
nat_9b1e10df142449a3cb25	gvpn	cluster_24324a580eb775218509	0	False	False
nat_b5e7381c9d00902df4ef	gvpn	cluster_07b59782dacb30dfb817	0	False	False
nat_098a41409ea5eda0829f	gvpl	cluster_098a41409ea5eda0829f	1	False	True
nat_9e67050098c24dc02b8b	gvpn	cluster_072b8a0fb869a02fb8e6	1	False	False
nat_05a51c4640d1c2771769	gvpn	cluster_05a51c4640d1c2771769	0	False	True
nat_0dd4687d87d6519707f4	gvpn	cluster_072b8a0fb869a02fb8e6	1	False	False
nat_a3f9b6ab62b23c54d5e8	gvpn	cluster_96692d52d60a21dbcddd	2	False	False
nat_bf5eccfdc2f9d9974d17	gvpn	cluster_bf5eccfdc2f9d9974d17	1	False	True
nat_30f539eae643260be2b6	gvpn	cluster_072b8a0fb869a02fb8e6	1	False	False
nat_db00ca9c8e1463d05a4b	gvpn	cluster_5fd7f86add4de507494b	2	False	False
nat_80c85ed17fcf3c736f53	gvpn	cluster_072b8a0fb869a02fb8e6	1	False	False
nat_072b8a0fb869a02fb8e6	gvpn	cluster_072b8a0fb869a02fb8e6	1	False	True
nat_e13a928701aeb9987942	gvpn	cluster_a38ad176ccc03d260633	2	False	False
nat_730d7f63f027c2f47c64	gvpn	cluster_072b8a0fb869a02fb8e6	1	False	False
nat_d23e6b0adfb19eead32f	gvpn	cluster_072b8a0fb869a02fb8e6	1	False	False
nat_2ad83b1ad37a3688a915	gvpn	cluster_072b8a0fb869a02fb8e6	1	False	False
nat_471e3c107429ba4d5a30	gvpn	cluster_279efeb59838dbe6860a	2	False	False
nat_e4d6b9ad56566b42a4c4	gvpn	cluster_072b8a0fb869a02fb8e6	1	False	False
nat_38305ca40d434ccaa4e2	gvpn	cluster_072b8a0fb869a02fb8e6	1	False	False
nat_2d7e014ee741540328f0	gvpn	cluster_072b8a0fb869a02fb8e6	1	False	False
nat_f9c45289a7ec08ecb250	gvpn	cluster_06347dffb70449f94f8b	0	False	False
nat_bb5d60a7fcaf05654140	gvpn	cluster_072b8a0fb869a02fb8e6	1	False	False
nat_696b7d56c238a94d3fa9	gvpn	cluster_084b9fff3c1387b75f10	1	False	False
nat_40a0a8750aca528762bd	gvpn	cluster_40a0a8750aca528762bd	2	False	True
nat_78837e50f9939021a2ee	gvpn	cluster_5fd7f86add4de507494b	2	False	False
nat_224e649efb8f6afb890a	gvpn	cluster_224e649efb8f6afb890a	1	False	True
nat_f864a12904c8dbc79075	gvpn	cluster_06347dffb70449f94f8b	0	False	False
nat_b8a61985532eb6a4d522	gvpn	cluster_072b8a0fb869a02fb8e6	1	False	False
nat_f8525a433cd037b737c6	gvpn	cluster_06347dffb70449f94f8b	0	False	False
nat_279efeb59838dbe6860a	gvpn	cluster_279efeb59838dbe6860a	2	False	True
nat_d7183878a0382e3b50a7	gvpn	cluster_d7183878a0382e3b50a7	0	False	True
nat_2e48b321b528f593d735	gvpc	cluster_2e48b321b528f593d735	0	False	True
nat_07038320fd6e253de70b	gvpc	cluster_07038320fd6e253de70b	0	False	True
nat_8c0664f31a714d7a8aff	gvpc	cluster_8c0664f31a714d7a8aff	0	False	True
nat_09800a748cfbe77d8d9f	gvpc	cluster_09800a748cfbe77d8d9f	1	False	True
nat_674d4aede798293c370c	gvpc	cluster_09800a748cfbe77d8d9f	1	False	False
nat_7f0e9e38f80486cab386	gvpn	cluster_06347dffb70449f94f8b	0	False	False
nat_82e6288c889f798ef492	gvpn	cluster_2b37fb345f0eede20bf3	2	False	False
nat_7dde195cdd64956680f5	gvpn	cluster_5fd7f86add4de507494b	2	False	False
nat_3b38714f6cbc7137424f	gvpn	cluster_06347dffb70449f94f8b	0	False	False
nat_8c16a3a702fa704d18aa	gvpn	cluster_2479842a47e1e4877d8a	2	False	False
nat_37912e3e9ceb53157c77	gvpn	cluster_06347dffb70449f94f8b	0	False	False
nat_06347dffb70449f94f8b	gvpn	cluster_06347dffb70449f94f8b	0	False	True
nat_e2b8ba8e56f13e00095f	gvpc	cluster_07038320fd6e253de70b	0	False	False
nat_f7646abb94315cdcbbbe	gvpc	cluster_8c0664f31a714d7a8aff	0	False	False
nat_5ef8cfaf93da36fd8c08	gvpn	cluster_06347dffb70449f94f8b	0	False	False
nat_2479842a47e1e4877d8a	gvpn	cluster_2479842a47e1e4877d8a	2	False	True
nat_faa65ec09906ca98d41d	gvpn	cluster_224e649efb8f6afb890a	1	False	False
nat_2539103b6a4ebbaea38e	gvpn	cluster_2539103b6a4ebbaea38e	0	False	True
nat_4b4a5aaf02e1b879854c	gvpn	cluster_072b8a0fb869a02fb8e6	1	False	False
nat_34096e78626d08f58ede	gvpn	cluster_34096e78626d08f58ede	2	False	True
nat_d5447c0fcbbd0287cf2b	gvpc	cluster_2e48b321b528f593d735	0	False	False
nat_06abc3bcb23160f19a53	gvpn	cluster_06abc3bcb23160f19a53	0	False	True
nat_16c77cc1fdd241647b56	gvpn	cluster_16c77cc1fdd241647b56	2	False	True
nat_d8b0e73e1d04232131a7	gvpn	cluster_d8b0e73e1d04232131a7	2	False	True
nat_af61f3707e4227287fcd	gvpn	cluster_af61f3707e4227287fcd	0	False	True
nat_ea3e9ad58e17baf83b06	gvpn	cluster_2b37fb345f0eede20bf3	2	False	False
nat_3d198f54418d7b19c523	gvpn	cluster_3d198f54418d7b19c523	2	False	True
nat_18c3ff0aa63aa216bdf8	gvpn	cluster_06347dffb70449f94f8b	0	False	False
nat_7d2ca121c0ce9f1da982	gvpl	cluster_3cabc956bfd183de1f63	0	False	False
nat_545d493608c2e165bf9c	gvpl	cluster_144f47620afa1a7c4163	2	False	False
nat_b3d91f2883dd70cdee82	gvpn	cluster_b3d91f2883dd70cdee82	1	False	True
nat_595925e29b600b4eb760	gvpn	cluster_1027009e86e43030bf4d	2	False	False
nat_eb0642b0187063dd3efd	gvpn	cluster_eb0642b0187063dd3efd	2	False	True
nat_0d56c1f89c5746c47ef1	gvpn	cluster_0d56c1f89c5746c47ef1	0	False	True
nat_f2265e7f8920c8a4d6a4	gvpn	cluster_50b1fcd2e2e257364825	1	False	False
nat_8fb1c2c8465f6395bb08	gvpn	cluster_8fb1c2c8465f6395bb08	1	False	True
nat_332704d4ea19b30a9c70	gvpc	cluster_07038320fd6e253de70b	0	False	False
nat_d1fd698c577a1ad5b658	gvpc	cluster_d1fd698c577a1ad5b658	0	False	True
nat_2df69daa3558ff90d6d4	gvpl	cluster_2df69daa3558ff90d6d4	2	False	True
nat_74988e137075760b96c3	gvpl	cluster_3cabc956bfd183de1f63	0	False	False
nat_4e0a503796f0e3b773cb	gvpn	cluster_4e0a503796f0e3b773cb	0	False	True
nat_b94c94e12681e2de3c7f	gvpn	cluster_50b1fcd2e2e257364825	1	False	False
nat_fdbae9039fa3d4e1c4d0	gvpn	cluster_3d198f54418d7b19c523	2	False	False
nat_cad1eb46349cc94da814	gvpl	cluster_71c4eaf80d5c340613c0	0	False	False
nat_b909248a567abe20cdeb	gvpn	cluster_b909248a567abe20cdeb	1	False	True
nat_b2086dbcf693d17e3c7c	gvpn	cluster_b2086dbcf693d17e3c7c	0	False	True
nat_60d113e46f35310d4c7b	gvpn	cluster_60d113e46f35310d4c7b	1	False	True
nat_c5e1ab0948ceb49b94c1	gvpn	cluster_00857e373ba6458d2397	0	False	False
nat_e348ff5b2a1292d5975a	gvpn	cluster_2b37fb345f0eede20bf3	2	False	False
nat_14d79c7db0ddb78fd3b7	gvpn	cluster_14d79c7db0ddb78fd3b7	1	False	True
nat_3cabc956bfd183de1f63	gvpl	cluster_3cabc956bfd183de1f63	0	False	True
nat_73088f79686650723c36	gvpn	cluster_73088f79686650723c36	0	False	True
nat_685a42f11f71ff4e28cf	gvpn	cluster_685a42f11f71ff4e28cf	2	False	True
nat_fcb4fd2861d20deea778	gvpn	cluster_73088f79686650723c36	0	False	False
nat_65e58812da89f40aaebc	gvpn	cluster_2aeeb7204514959b4109	2	False	False
nat_843f29fe13cb1c442763	gvpn	cluster_1a4e419786810a96743b	0	False	False
nat_de738d3f133c0d26a7f4	gvpn	cluster_3c8a019d533f73867dad	1	False	False
nat_2b37fb345f0eede20bf3	gvpn	cluster_2b37fb345f0eede20bf3	2	False	True
nat_1a4e419786810a96743b	gvpn	cluster_1a4e419786810a96743b	0	False	True
nat_c8df5d1ec0a683e490d4	gvpn	cluster_3c8a019d533f73867dad	1	False	False
nat_dc27ebbf4ebecdfbc754	gvpn	cluster_dc27ebbf4ebecdfbc754	1	False	True
nat_2aeeb7204514959b4109	gvpn	cluster_2aeeb7204514959b4109	2	False	True
nat_3c8a019d533f73867dad	gvpn	cluster_3c8a019d533f73867dad	1	False	True
nat_1f13c088ac72f2d85e1f	gvpn	cluster_1f13c088ac72f2d85e1f	0	False	True
nat_144f47620afa1a7c4163	gvpl	cluster_144f47620afa1a7c4163	2	False	True
nat_75a033ca7183447c8e24	gvpl	cluster_144f47620afa1a7c4163	2	False	False
nat_2967a7722c0c27f9256c	gvpn	cluster_0d56c1f89c5746c47ef1	0	False	False
nat_3cb28dfb0fb4475c8300	gvpn	cluster_129b73d1f5929eb29158	1	False	False
nat_79e485b410be446395d0	gvpn	cluster_73088f79686650723c36	0	False	False
nat_3bdd2e4a8cfc279acbef	gvpl	cluster_3bdd2e4a8cfc279acbef	2	False	True
nat_f4ff162dd635f7a7df88	gvpn	cluster_224e649efb8f6afb890a	1	False	False
nat_93406b3ad796dc742fb6	gvpn	cluster_93406b3ad796dc742fb6	2	False	True
nat_2b02c6c6b3277ed0a16b	gvpn	cluster_2b02c6c6b3277ed0a16b	0	False	True
nat_f82e99068ca8b1106586	gvpn	cluster_2b02c6c6b3277ed0a16b	0	False	False
nat_5fd7f86add4de507494b	gvpn	cluster_5fd7f86add4de507494b	2	False	True
nat_e0bf342be5767405a16f	gvpn	cluster_e0bf342be5767405a16f	2	False	True
nat_a18da5d46cdaee2e1fef	gvpn	cluster_73088f79686650723c36	0	False	False
nat_1b01a6995022d32b2f22	gvpn	cluster_1b01a6995022d32b2f22	1	False	True
nat_8b9e6b66305e8c27f352	gvpc	cluster_8b9e6b66305e8c27f352	2	False	True
nat_a575c7521c67f51d5d35	gvpc	cluster_a575c7521c67f51d5d35	1	False	True
nat_ed6d1dbeb44aa9e7c7f5	gvpl	cluster_1d0c3bce91fc2c137fb1	1	False	False
nat_9667966bbf1f4d34340a	gvpn	cluster_00857e373ba6458d2397	0	False	False
nat_af8bd48dcfbff167e596	gvpn	cluster_1b6894c416dda31f5bf7	0	False	False
nat_50b1fcd2e2e257364825	gvpn	cluster_50b1fcd2e2e257364825	1	False	True
nat_ed04590ddb4f4b88a9ee	gvpn	cluster_83f7d9d27121e880de17	2	False	False
nat_7e313389d30c4624c36d	gvpn	cluster_7e313389d30c4624c36d	2	False	True
nat_860e5230b722d5861d90	gvpn	cluster_00857e373ba6458d2397	0	False	False
nat_58d5c8c5a9527e54e447	gvpn	cluster_58d5c8c5a9527e54e447	2	False	True
nat_1b6af661fda31bf1e196	gvpl	cluster_1b6af661fda31bf1e196	0	False	True
nat_7fc3d35f6609a93d0dd1	gvpl	cluster_03528e1685b91151e0fe	2	False	False
nat_99441ffbc2eca666e105	gvpn	cluster_99441ffbc2eca666e105	1	False	True
nat_702b258a80a816c75a81	gvpn	cluster_14d79c7db0ddb78fd3b7	1	False	False
nat_4c0552cd51a9b813cc70	gvpn	cluster_0d56c1f89c5746c47ef1	0	False	False
nat_2be3971a03cdb17a19a2	gvpn	cluster_2be3971a03cdb17a19a2	0	False	True
nat_18fb9cee097c3e965dd3	gvpn	cluster_18fb9cee097c3e965dd3	0	False	True
nat_c500111a61f53f446ae7	gvpl	cluster_c500111a61f53f446ae7	1	False	True
nat_9b5f9b7ef68b10434976	gvpl	cluster_03528e1685b91151e0fe	2	False	False
nat_182237e22095168ab3a7	gvpl	cluster_182237e22095168ab3a7	2	False	True
nat_1c83b7230e48b0f9f02d	gvpl	cluster_03528e1685b91151e0fe	2	False	False
nat_bb4ad0389d3d02787ebc	gvpn	cluster_36dec308d21652e0fe2b	2	False	False
nat_ebcd2a7f6128cf55e939	gvpl	cluster_03528e1685b91151e0fe	2	False	False
nat_11b2a80a41a28a82fe14	gvpl	cluster_03528e1685b91151e0fe	2	False	False
nat_6741f22002745c69f35f	gvpl	cluster_03528e1685b91151e0fe	2	False	False
nat_8033d574bb9b40ac0a39	gvpn	cluster_2b04743426facfb60cfa	1	False	False
nat_24779df4dad8b6c4a0b0	gvpn	cluster_24779df4dad8b6c4a0b0	1	False	True
nat_46199ccaadb803009175	gvpn	cluster_46199ccaadb803009175	2	False	True
nat_b6788780f8276706d4f8	gvpn	cluster_b6788780f8276706d4f8	2	False	True
nat_71c932e8fba7c6f5dfc0	gvpl	cluster_03528e1685b91151e0fe	2	False	False
nat_14bf89de72ffebc8daf2	gvpl	cluster_14bf89de72ffebc8daf2	0	False	True
nat_f9785b60713e991b45d7	gvpl	cluster_03528e1685b91151e0fe	2	False	False
nat_077e4a2d156e5a34861f	gvpn	cluster_077e4a2d156e5a34861f	2	False	True
nat_2022a6c27d72ff193c60	gvpn	cluster_2022a6c27d72ff193c60	2	False	True
nat_4a40e33f19f4a2a739e2	gvpn	cluster_4a40e33f19f4a2a739e2	0	False	True
nat_e1efdd292eddc458ef64	gvpn	cluster_0d56c1f89c5746c47ef1	0	False	False
nat_6ee31a02fdf1277873e8	gvpl	cluster_6ee31a02fdf1277873e8	2	False	True
nat_404fe3bd29de3572080f	gvpn	cluster_00857e373ba6458d2397	0	False	False
nat_e778f1c75487e219316a	gvpn	cluster_e778f1c75487e219316a	2	False	True
nat_a2e2c896faafb4632a0b	gvpl	cluster_04929645ec641fea858e	0	False	False
nat_334d7739f0f8b9783b70	gvpl	cluster_04929645ec641fea858e	0	False	False
nat_c599808be516a1f982a6	gvpl	cluster_c599808be516a1f982a6	2	False	True
nat_67a4fe5ef9ce1aeb2def	gvpn	cluster_0d56c1f89c5746c47ef1	0	False	False
nat_9831d0684a8c7d38552d	gvpn	cluster_46493994355e9e860e13	0	False	False
nat_a69301e4ba1c03b7790b	gvpl	cluster_03528e1685b91151e0fe	2	False	False
nat_3512bc187bf6b327c25b	gvpl	cluster_03528e1685b91151e0fe	2	False	False
nat_21d7ed4fbf6b3e9197c9	gvpl	cluster_03528e1685b91151e0fe	2	False	False
nat_28794773350b0e96f58a	gvpl	cluster_03528e1685b91151e0fe	2	False	False
nat_90aff439e5b13407840a	gvpl	cluster_03528e1685b91151e0fe	2	False	False
nat_a62b75f57dd811b31d67	gvpl	cluster_03528e1685b91151e0fe	2	False	False
nat_88b9978da1fe9dc46015	gvpl	cluster_6ee31a02fdf1277873e8	2	False	False
nat_bc1dfc529c118b23ed14	gvpn	cluster_2022a6c27d72ff193c60	2	False	False
nat_60128a3ac7012dbe340d	gvpn	cluster_60128a3ac7012dbe340d	0	False	True
nat_5624b7649cf855dfcd25	gvpc	cluster_5624b7649cf855dfcd25	2	False	True
nat_8963a103455e220442bf	gvpl	cluster_03528e1685b91151e0fe	2	False	False
nat_677fef9f35b54b8f59f4	gvpl	cluster_677fef9f35b54b8f59f4	0	False	True
nat_36dec308d21652e0fe2b	gvpn	cluster_36dec308d21652e0fe2b	2	False	True
nat_4474792873f2fcc039e2	gvpn	cluster_4474792873f2fcc039e2	0	False	True
nat_8d6eb3dba5f66ed00c36	gvpn	cluster_439080918fad233fe9bd	2	False	False
nat_1493db78136bf793d087	gvpn	cluster_1493db78136bf793d087	2	False	True
nat_2eaa8f0305bf63d204a7	gvpn	cluster_05cf56205d19f7127aeb	1	False	False
nat_38c4b7b40831450106bb	gvpl	cluster_04929645ec641fea858e	0	False	False
nat_bc9a679038febf60d01a	gvpl	cluster_03528e1685b91151e0fe	2	False	False
nat_51153cf6705a7b788462	gvpl	cluster_03528e1685b91151e0fe	2	False	False
nat_4bee481aaaf6d2cbaeaf	gvpl	cluster_03528e1685b91151e0fe	2	False	False
nat_dc4d448b28633f62a82f	gvpl	cluster_03528e1685b91151e0fe	2	False	False
nat_0f2157a7866f864b75fb	gvpn	cluster_0f2157a7866f864b75fb	2	False	True
nat_7b8317b973de3f845dc6	gvpn	cluster_7b8317b973de3f845dc6	1	False	True
nat_cc3b644590efb749343f	gvpl	cluster_03528e1685b91151e0fe	2	False	False
nat_1366f335f603b634243f	gvpl	cluster_03528e1685b91151e0fe	2	False	False
nat_404cf82aead1f9489e72	gvpl	cluster_404cf82aead1f9489e72	0	False	True
nat_2c9bf16622aacddb165e	gvpl	cluster_2c9bf16622aacddb165e	1	False	True
nat_6456c7962887f5ec8ec6	gvpl	cluster_598bde578495fbb688ee	0	False	False
nat_282cc75ff49edff67190	gvpl	cluster_03528e1685b91151e0fe	2	False	False
nat_966e28ed9f738f4867a4	gvpl	cluster_03528e1685b91151e0fe	2	False	False
nat_c94da6ff72ddadbf903d	gvpl	cluster_c94da6ff72ddadbf903d	1	False	True
nat_2b6741a82f5537860280	gvpl	cluster_03528e1685b91151e0fe	2	False	False
nat_9d224bc1f4e933e79668	gvpn	cluster_439080918fad233fe9bd	2	False	False
nat_4a12bab0db60e22a9e8e	gvpn	cluster_05cf56205d19f7127aeb	1	False	False
nat_050407e325dd39fb5a81	gvpl	cluster_03528e1685b91151e0fe	2	False	False
nat_1d0c3bce91fc2c137fb1	gvpl	cluster_1d0c3bce91fc2c137fb1	1	False	True
nat_de84dd334c6549477037	gvpn	cluster_7582ab44f4a5ea674099	0	False	False
nat_c49f755a56217cacd4cc	gvpn	cluster_654bf7b193f4cb7eb2d6	2	False	False
nat_4ec834b2dca7e0af0ba8	gvpn	cluster_169db323577b20f8e142	1	False	False
nat_7811f927e6870316ee32	gvpn	cluster_7811f927e6870316ee32	0	False	True
nat_b10dc8b14b1a71067498	gvpn	cluster_7811f927e6870316ee32	0	False	False
nat_9991c57c84ab88fd3e26	gvpn	cluster_9991c57c84ab88fd3e26	0	False	True
nat_7e883f72aaf412c24654	gvpl	cluster_4cca1066084d420d9c60	1	False	False
nat_f1f86bafc5822b26f19e	gvpl	cluster_f1f86bafc5822b26f19e	2	False	True
nat_71bff81d8046a5fb11a5	gvpn	cluster_5273bbeb242ad7f8fdeb	2	False	False
nat_f59e6ad0141b3890b3f2	gvpn	cluster_1b01a6995022d32b2f22	1	False	False
nat_a3da13347ba5e5c7ee2b	gvpn	cluster_a3da13347ba5e5c7ee2b	0	False	True
nat_7582ab44f4a5ea674099	gvpn	cluster_7582ab44f4a5ea674099	0	False	True
nat_98d8ecbaaf4dc079697a	gvpl	cluster_677fef9f35b54b8f59f4	0	False	False
nat_4c93a06e77c71495a074	gvpl	cluster_4c93a06e77c71495a074	0	False	True
nat_b82dca2b5693bc0bfdef	gvpl	cluster_5481768259de4485701e	1	False	False
nat_dad73ccbce99a61640ff	gvpn	cluster_dad73ccbce99a61640ff	0	False	True
nat_5d4e894d56f128b86f9e	gvpn	cluster_5d4e894d56f128b86f9e	1	False	True
nat_4e39ee716599aaf973b0	gvpn	cluster_31455055e0d7642bcd7e	1	False	False
nat_c58378832d10e041e802	gvpn	cluster_c58378832d10e041e802	1	False	True
nat_31455055e0d7642bcd7e	gvpn	cluster_31455055e0d7642bcd7e	1	False	True
nat_6baf6abd9a9510c8f68e	gvpl	cluster_03528e1685b91151e0fe	2	False	False
nat_4cca1066084d420d9c60	gvpl	cluster_4cca1066084d420d9c60	1	False	True
nat_d932ec0cc2819aabe2ee	gvpn	cluster_d932ec0cc2819aabe2ee	0	False	True
nat_2c094d9153401ac63170	gvpn	cluster_2c094d9153401ac63170	2	False	True
nat_d784af921bd64d7ae792	gvpn	cluster_d784af921bd64d7ae792	1	False	True
nat_35e665e79a99b45e3432	gvpn	cluster_2e69ec66879cf5e82204	1	False	False
nat_11facbeecd100c462542	gvpl	cluster_11facbeecd100c462542	1	False	True
nat_e6206d4d062bc49b3366	gvpl	cluster_04929645ec641fea858e	0	False	False
nat_598bde578495fbb688ee	gvpl	cluster_598bde578495fbb688ee	0	False	True
nat_e187f5b07b99b6b9b6f1	gvpl	cluster_03528e1685b91151e0fe	2	False	False
nat_67ae4c013d963c0fb979	gvpl	cluster_03528e1685b91151e0fe	2	False	False
nat_4c362963c87951503561	gvpn	cluster_4c362963c87951503561	2	False	True
nat_ef6609ac5b8de7e40221	gvpn	cluster_169db323577b20f8e142	1	False	False
nat_3ca9346dd16ad1aa7e7a	gvpn	cluster_05cf56205d19f7127aeb	1	False	False
nat_cf5f20b89a5128d5b056	gvpn	cluster_06088cadf5ba5ce036ac	2	False	False
nat_06088cadf5ba5ce036ac	gvpn	cluster_06088cadf5ba5ce036ac	2	False	True
nat_dc15fcc793f1ca8f4d30	gvpn	cluster_05cf56205d19f7127aeb	1	False	False
nat_6c2de231f155f8397657	gvpn	cluster_6c2de231f155f8397657	2	False	True
nat_439080918fad233fe9bd	gvpn	cluster_439080918fad233fe9bd	2	False	True
nat_dab7638412f3529daa14	gvpn	cluster_2e69ec66879cf5e82204	1	False	False
nat_3d56a8d57b96c9cc2c26	gvpn	cluster_05cf56205d19f7127aeb	1	False	False
nat_4ecdb7970e918374926f	gvpn	cluster_169db323577b20f8e142	1	False	False
nat_5549701c6952c38addff	gvpn	cluster_5549701c6952c38addff	0	False	True
nat_ff126a59b974bcf01f32	gvpn	cluster_e694963e6e3ce8d65199	0	False	False
nat_c36a1b8e67c713e3d739	gvpn	cluster_05cf56205d19f7127aeb	1	False	False
nat_5c452926f0423d326ea8	gvpn	cluster_2e69ec66879cf5e82204	1	False	False
nat_a93dbe148c2c4b1fa84f	gvpn	cluster_2e69ec66879cf5e82204	1	False	False
nat_5aa37250874540f82458	gvpl	cluster_5aa37250874540f82458	1	False	True
nat_ebc44a87237f68a7c915	gvpl	cluster_26f12393040d80ef19bd	2	False	False
nat_1c3160e54d662c49056f	gvpl	cluster_11facbeecd100c462542	1	False	False
nat_d01313533761e19dcf99	gvpn	cluster_169db323577b20f8e142	1	False	False
nat_f52c02d2bf8eb4b5a87c	gvpn	cluster_05cf56205d19f7127aeb	1	False	False
nat_169db323577b20f8e142	gvpn	cluster_169db323577b20f8e142	1	False	True
nat_c5b689ce2e87b953d988	gvpn	cluster_439080918fad233fe9bd	2	False	False
nat_f071c31e33c19a00c19b	gvpn	cluster_05cf56205d19f7127aeb	1	False	False
nat_45d949ebbb79a89f7fb5	gvpn	cluster_45d949ebbb79a89f7fb5	1	False	True
nat_bea1a0edbf185694afaa	gvpn	cluster_1bd1dbe69d1d10710aa0	1	False	False
nat_4cc7c78c2b205fd530da	gvpn	cluster_176746ff62efe3e4c3e2	0	False	False
nat_30ba3fccaeb1129e2995	gvpn	cluster_169db323577b20f8e142	1	False	False
nat_e4a8de7e5640998fd89f	gvpn	cluster_05cf56205d19f7127aeb	1	False	False
nat_91f953ee50e92d72b07b	gvpn	cluster_05cf56205d19f7127aeb	1	False	False
nat_407b9405c86af136e96b	gvpn	cluster_407b9405c86af136e96b	1	False	True
nat_abc745ebe41e8e165dcf	gvpl	cluster_abc745ebe41e8e165dcf	2	False	True
nat_228e5aa9fefc15a241e7	gvpl	cluster_03528e1685b91151e0fe	2	False	False
nat_8c82fe5fea12885eaa10	gvpl	cluster_598bde578495fbb688ee	0	False	False
nat_8793692830a9c68c1da1	gvpl	cluster_4cca1066084d420d9c60	1	False	False
nat_ecb4d5eaec8b7a272c78	gvpn	cluster_05cf56205d19f7127aeb	1	False	False
nat_89efae7ff1fb98e02024	gvpn	cluster_11bfff8c2b3a8002eab3	0	False	False
nat_e522535f2f553ce68d23	gvpn	cluster_05cf56205d19f7127aeb	1	False	False
nat_588bfcf02e619796569a	gvpn	cluster_05cf56205d19f7127aeb	1	False	False
nat_a6b964cbd630eb922e38	gvpn	cluster_05cf56205d19f7127aeb	1	False	False
nat_05cf56205d19f7127aeb	gvpn	cluster_05cf56205d19f7127aeb	1	False	True
nat_ce5ea2e02b05b6b9ccbf	gvpn	cluster_05cf56205d19f7127aeb	1	False	False
nat_79a098113009d37b9711	gvpn	cluster_05cf56205d19f7127aeb	1	False	False
nat_d47931a2d7755b24f2d5	gvpn	cluster_97acb735e6ff283d6890	2	False	False
nat_1bd1dbe69d1d10710aa0	gvpn	cluster_1bd1dbe69d1d10710aa0	1	False	True
nat_bc193b82fd1c1522ab7d	gvpn	cluster_bc193b82fd1c1522ab7d	0	False	True
nat_4ea0f5959aef820b13a5	gvpn	cluster_17bf7bb85a4623779dec	1	False	False
nat_6b1f77336fd46179c38e	gvpn	cluster_05cf56205d19f7127aeb	1	False	False
nat_c9400a0c714510d1c5db	gvpn	cluster_c9400a0c714510d1c5db	1	False	True
nat_50f526ada81d8351f3be	gvpn	cluster_10fd81dbb9ce99a2d13a	1	False	False
nat_40ac47de8a1fd2bdb394	gvpn	cluster_05cf56205d19f7127aeb	1	False	False
nat_654bf7b193f4cb7eb2d6	gvpn	cluster_654bf7b193f4cb7eb2d6	2	False	True
nat_e52f3b2a130c18d14ea3	gvpn	cluster_05cf56205d19f7127aeb	1	False	False
nat_5449879dda6b0d1f50c8	gvpn	cluster_17bf7bb85a4623779dec	1	False	False
nat_49fcc1391f66ed9d4009	gvpn	cluster_1b4fe83520162a442064	2	False	False
nat_4a97662eb1c68a2ceae4	gvpn	cluster_05cf56205d19f7127aeb	1	False	False
nat_97acf1a774d82008720b	gvpn	cluster_05cf56205d19f7127aeb	1	False	False
nat_ac2f4acc894990445a03	gvpn	cluster_05cf56205d19f7127aeb	1	False	False
nat_d1ce50bbd76f243ab9e0	gvpn	cluster_31455055e0d7642bcd7e	1	False	False
nat_f06f0d48b6355aff3d63	gvpn	cluster_10fd81dbb9ce99a2d13a	1	False	False
nat_a0c268810cbe681db67b	gvpn	cluster_05cf56205d19f7127aeb	1	False	False
nat_2e363c89b729cea992c9	gvpn	cluster_05cf56205d19f7127aeb	1	False	False
nat_43891639cbd0b187cd1d	gvpn	cluster_05cf56205d19f7127aeb	1	False	False
nat_bcb9e1eae66ab21697b9	gvpn	cluster_05cf56205d19f7127aeb	1	False	False
nat_5c2c6d85dfdc598a06ad	gvpn	cluster_05cf56205d19f7127aeb	1	False	False
nat_e20da7d5ac77292299bb	gvpl	cluster_26f12393040d80ef19bd	2	False	False
nat_744a9d49541c2fd7d2e2	gvpl	cluster_744a9d49541c2fd7d2e2	0	False	True
nat_7b982f3adbb743e270fc	gvpl	cluster_04929645ec641fea858e	0	False	False
nat_bf7cf80a9a6c52ca1732	gvpn	cluster_bf7cf80a9a6c52ca1732	2	False	True
nat_6a4e728dd1a2748c7a6b	gvpn	cluster_05cf56205d19f7127aeb	1	False	False
nat_fe370195324903d98258	gvpn	cluster_05cf56205d19f7127aeb	1	False	False
nat_02b312b341bceffcce29	gvpn	cluster_02b312b341bceffcce29	1	False	True
nat_ede8cbd94c7fc4460ed9	gvpn	cluster_05cf56205d19f7127aeb	1	False	False
nat_d9a321ed7844ae6c4c6b	gvpn	cluster_8d29dbea7dff784fdb6e	1	False	False
nat_62f5ef8377aa8023fccf	gvpn	cluster_1f877d52c71e6212dfea	1	False	False
nat_dad397d75593a205f9a3	gvpn	cluster_02b312b341bceffcce29	1	False	False
nat_11bfff8c2b3a8002eab3	gvpn	cluster_11bfff8c2b3a8002eab3	0	False	True
nat_63b42649f498d1929385	gvpn	cluster_05cf56205d19f7127aeb	1	False	False
nat_fb2d1c24d3abe7634d96	gvpn	cluster_bf7cf80a9a6c52ca1732	2	False	False
nat_2a1f151d8eb77a4a2e56	gvpn	cluster_05cf56205d19f7127aeb	1	False	False
nat_af0a3944c434d4553dcc	gvpn	cluster_1f877d52c71e6212dfea	1	False	False
nat_04929645ec641fea858e	gvpl	cluster_04929645ec641fea858e	0	False	True
nat_a88f584606c09ae4c4d8	gvpn	cluster_169db323577b20f8e142	1	False	False
nat_98996c9b3f5a3aaf3f7f	gvpn	cluster_98996c9b3f5a3aaf3f7f	0	False	True
nat_3be7715fb45effefa5fc	gvpn	cluster_05cf56205d19f7127aeb	1	False	False
nat_8c315ad23843e5bf095b	gvpn	cluster_17bf7bb85a4623779dec	1	False	False
nat_eb28da1d903c37355189	gvpn	cluster_05cf56205d19f7127aeb	1	False	False
nat_1b4fe83520162a442064	gvpn	cluster_1b4fe83520162a442064	2	False	True
nat_877b03e9bfab8022e070	gvpn	cluster_5d432b0aef3767463826	0	False	False
nat_66ad97d64837e66195b7	gvpn	cluster_0e3587f991470351545f	2	False	False
nat_607b0ae2146d71c2ecb9	gvpn	cluster_05cf56205d19f7127aeb	1	False	False
nat_6e621f47c2f9077b90dd	gvpn	cluster_169db323577b20f8e142	1	False	False
nat_f65a6bf82f515315678c	gvpn	cluster_98996c9b3f5a3aaf3f7f	0	False	False
nat_54729b2f1826b403b6dd	gvpn	cluster_54729b2f1826b403b6dd	2	False	True
nat_8a85013f34065225ec09	gvpn	cluster_8a85013f34065225ec09	1	False	True
nat_8d29dbea7dff784fdb6e	gvpn	cluster_8d29dbea7dff784fdb6e	1	False	True
nat_5820c53722d3b474221a	gvpn	cluster_05cf56205d19f7127aeb	1	False	False
nat_605c1fef9ad5f1db7c71	gvpn	cluster_05cf56205d19f7127aeb	1	False	False
nat_1f877d52c71e6212dfea	gvpn	cluster_1f877d52c71e6212dfea	1	False	True
nat_55b9f05be51ef0acc146	gvpn	cluster_1f877d52c71e6212dfea	1	False	False
nat_53977051d32bf0abf5f6	gvpn	cluster_53977051d32bf0abf5f6	1	False	True
nat_7443dc62e3c52dc9d6b7	gvpn	cluster_7443dc62e3c52dc9d6b7	2	False	True
nat_5d432b0aef3767463826	gvpn	cluster_5d432b0aef3767463826	0	False	True
nat_93333b22afd78b0c9c1b	gvpn	cluster_0e3587f991470351545f	2	False	False
nat_cc8fc786d37e36329f4a	gvpn	cluster_05cf56205d19f7127aeb	1	False	False
nat_0e3587f991470351545f	gvpn	cluster_0e3587f991470351545f	2	False	True
nat_bb531e143b46b0278894	gvpn	cluster_05cf56205d19f7127aeb	1	False	False
nat_ca49d4a05a5dd239660e	gvpn	cluster_1b4fe83520162a442064	2	False	False
nat_469f234ea442e352641f	gvpn	cluster_469f234ea442e352641f	1	False	True
nat_97acb735e6ff283d6890	gvpn	cluster_97acb735e6ff283d6890	2	False	True
nat_f420835f207d6db2e93c	gvpn	cluster_0e3587f991470351545f	2	False	False
nat_d1c703b7dbcfc689dee9	gvpn	cluster_05cf56205d19f7127aeb	1	False	False
nat_f0d086438337cd2de6bd	gvpn	cluster_05cf56205d19f7127aeb	1	False	False
nat_176746ff62efe3e4c3e2	gvpn	cluster_176746ff62efe3e4c3e2	0	False	True
nat_6c44dcc9cf99e76743ac	gvpn	cluster_1f877d52c71e6212dfea	1	False	False
nat_830fd35add858a598871	gvpn	cluster_53977051d32bf0abf5f6	1	False	False
nat_ac5a4ab0595f93b85963	gvpl	cluster_ac5a4ab0595f93b85963	0	False	True
nat_1e71a0923f759cc709c7	gvpl	cluster_1e71a0923f759cc709c7	2	False	True
nat_49f263ff81959560428d	gvpl	cluster_03528e1685b91151e0fe	2	False	False
nat_4db8b306b431cc2ba11e	gvpn	cluster_4c362963c87951503561	2	False	False
nat_bb8747d94d1211eb384b	gvpn	cluster_169db323577b20f8e142	1	False	False
nat_4958bebf4ba5802f9732	gvpn	cluster_3a3921c72aab453713f1	2	False	False
nat_dc5767fa98ca27c812d8	gvpn	cluster_dc5767fa98ca27c812d8	2	False	True
nat_7fb8f94c1457ced9d03a	gvpn	cluster_10fd81dbb9ce99a2d13a	1	False	False
nat_d40b25e8c65d57d4e644	gvpn	cluster_3a3921c72aab453713f1	2	False	False
nat_1f2f2b01d2dcc425f31f	gvpn	cluster_169db323577b20f8e142	1	False	False
nat_3a3921c72aab453713f1	gvpn	cluster_3a3921c72aab453713f1	2	False	True
nat_dbc38939f14b55d473a0	gvpn	cluster_dbc38939f14b55d473a0	0	False	True
nat_f2690f5ba48d23884e9e	gvpn	cluster_05cf56205d19f7127aeb	1	False	False
nat_d181384e60ec820e5deb	gvpn	cluster_10fd81dbb9ce99a2d13a	1	False	False
nat_27f8b70ca9ee842d7ef4	gvpn	cluster_176746ff62efe3e4c3e2	0	False	False
nat_b1a09ad8c66c5441129d	gvpn	cluster_b1a09ad8c66c5441129d	2	False	True
nat_98c654cc7142b14d9b9b	gvpn	cluster_3a3921c72aab453713f1	2	False	False
nat_ec93c4d5a09e464333c6	gvpn	cluster_10fd81dbb9ce99a2d13a	1	False	False
nat_dcbab6a5616c28499748	gvpn	cluster_176746ff62efe3e4c3e2	0	False	False
nat_040544d26977cdd0e14f	gvpn	cluster_040544d26977cdd0e14f	2	False	True
nat_48b1990f17d08cc463f7	gvpn	cluster_48b1990f17d08cc463f7	2	False	True
nat_27cc56c1e7049ce90f96	gvpn	cluster_051100001158f9bfccc6	1	False	False
nat_0e1c42b4d08fc28190e1	gvpn	cluster_0e1c42b4d08fc28190e1	1	False	True
nat_17bf7bb85a4623779dec	gvpn	cluster_17bf7bb85a4623779dec	1	False	True
nat_10fd81dbb9ce99a2d13a	gvpn	cluster_10fd81dbb9ce99a2d13a	1	False	True
nat_22c79ebceae215960059	gvpn	cluster_176746ff62efe3e4c3e2	0	False	False
nat_2e69ec66879cf5e82204	gvpn	cluster_2e69ec66879cf5e82204	1	False	True
nat_577493092a2b2854c435	gvpl	cluster_2a2c6ce836f6b052a898	0	False	False
nat_3f3d58aff4160c1472ae	gvpl	cluster_3f3d58aff4160c1472ae	2	False	True
nat_8ebdf27dab289f7c10f4	gvpl	cluster_03528e1685b91151e0fe	2	False	False
nat_226a88fc48e62ac725f3	gvpl	cluster_03528e1685b91151e0fe	2	False	False
nat_74c75a9811d827201939	gvpl	cluster_04929645ec641fea858e	0	False	False
nat_134d6754fe48a1bb6284	gvpn	cluster_134d6754fe48a1bb6284	2	False	True
nat_1972bea090be49a76641	gvpn	cluster_1972bea090be49a76641	2	False	True
nat_1b6894c416dda31f5bf7	gvpn	cluster_1b6894c416dda31f5bf7	0	False	True
nat_83f7d9d27121e880de17	gvpn	cluster_83f7d9d27121e880de17	2	False	True
nat_994a4482dd16b5b114de	gvpn	cluster_994a4482dd16b5b114de	2	False	True
nat_92480a5ab13398a571dd	gvpn	cluster_05cf56205d19f7127aeb	1	False	False
nat_9bb9498d893db7c92ae7	gvpn	cluster_9bb9498d893db7c92ae7	0	False	True
nat_d9c5de777b6aaea91cd5	gvpn	cluster_d9c5de777b6aaea91cd5	2	False	True
nat_ba15bf60ed6004a3ce5e	gvpn	cluster_ba15bf60ed6004a3ce5e	2	False	True
nat_f9905866438c501ac7f6	gvpn	cluster_1972bea090be49a76641	2	False	False
nat_8494188a300564c49d3c	gvpl	cluster_03528e1685b91151e0fe	2	False	False
nat_2dc604d7cf304f255e88	gvpl	cluster_04929645ec641fea858e	0	False	False
nat_03528e1685b91151e0fe	gvpl	cluster_03528e1685b91151e0fe	2	False	True
nat_d07971e43367e87871c1	gvpn	cluster_d07971e43367e87871c1	2	False	True
nat_e03e14968d4b10527ac7	gvpn	cluster_e03e14968d4b10527ac7	1	False	True
nat_a665e2e5f29929695665	gvpn	cluster_0690bd81d60a205e3e30	2	False	False
nat_e7d7f3c38f5dadaac5e7	gvpn	cluster_0fad6598349a6da9ef01	1	False	False
nat_a1966e862ceb3d74fb59	gvpn	cluster_947a33d55ad2e4a462ad	0	False	False
nat_8906c075478b33af8efa	gvpn	cluster_169db323577b20f8e142	1	False	False
nat_f1c9516c4e3f88448e4b	gvpn	cluster_f1c9516c4e3f88448e4b	1	False	True
nat_cf6baab0438a93d18ee6	gvpn	cluster_051100001158f9bfccc6	1	False	False
nat_74753c3ede23214cfad4	gvpn	cluster_0fad6598349a6da9ef01	1	False	False
nat_3d3777e5d9511bc1ea9d	gvpn	cluster_0fad6598349a6da9ef01	1	False	False
nat_b64b2ea2cf54e6e254cc	gvpn	cluster_0fad6598349a6da9ef01	1	False	False
nat_3c5d1ab84dc1fb4cd16a	gvpn	cluster_051100001158f9bfccc6	1	False	False
nat_0fad6598349a6da9ef01	gvpn	cluster_0fad6598349a6da9ef01	1	False	True
nat_a630f73f04fbd5f6252f	gvpn	cluster_6576008730d58d93eed3	0	False	False
nat_9c669388f9f6f54f335b	gvpn	cluster_9c669388f9f6f54f335b	2	False	True
nat_32bb9a298fdead7fe2cf	gvpn	cluster_32bb9a298fdead7fe2cf	2	False	True
nat_1447912ea45b4cbab435	gvpn	cluster_1447912ea45b4cbab435	1	False	True
nat_da76428c6fdf4db3fc88	gvpn	cluster_947a33d55ad2e4a462ad	0	False	False
nat_0ee5505ab5dfefb663c5	gvpn	cluster_0ee5505ab5dfefb663c5	1	False	True
nat_cda55e94f82e5ee8d6d1	gvpn	cluster_0fad6598349a6da9ef01	1	False	False
nat_947a33d55ad2e4a462ad	gvpn	cluster_947a33d55ad2e4a462ad	0	False	True
nat_15fd13404b3461247ca0	gvpn	cluster_15fd13404b3461247ca0	0	False	True
nat_1d377a89f59da91946c1	gvpn	cluster_1d377a89f59da91946c1	2	False	True
nat_ea3ac1c4ba948e2dd4ad	gvpn	cluster_ea3ac1c4ba948e2dd4ad	1	False	True
nat_4847fa268d05b7ef089c	gvpn	cluster_11bfff8c2b3a8002eab3	0	False	False
nat_e694963e6e3ce8d65199	gvpn	cluster_e694963e6e3ce8d65199	0	False	True
nat_d1da419246e4a284eafb	gvpn	cluster_947a33d55ad2e4a462ad	0	False	False
nat_9c435a2d63479c134f4d	gvpn	cluster_947a33d55ad2e4a462ad	0	False	False
nat_5c04b2f6553dd27ee8b0	gvpn	cluster_11bfff8c2b3a8002eab3	0	False	False
nat_e71ca3ff412f63b8006b	gvpn	cluster_11bfff8c2b3a8002eab3	0	False	False
nat_0690bd81d60a205e3e30	gvpn	cluster_0690bd81d60a205e3e30	2	False	True
nat_2a2c6ce836f6b052a898	gvpl	cluster_2a2c6ce836f6b052a898	0	False	True
nat_ffdf982027d2763f7932	gvpl	cluster_ffdf982027d2763f7932	2	False	True
nat_e01857d1bc698285002f	gvpl	cluster_30799f48b0f3373d9576	1	False	False
nat_d3968a7170c9ad3e58f2	gvpl	cluster_03528e1685b91151e0fe	2	False	False
nat_2cbf128e14aef1559fc0	gvpl	cluster_03528e1685b91151e0fe	2	False	False
nat_5df16f852bc146e7d551	gvpn	cluster_0fad6598349a6da9ef01	1	False	False
nat_b967b8ffb17b87b27a51	gvpn	cluster_0fad6598349a6da9ef01	1	False	False
nat_b76abc872f0c2b1b69b7	gvpn	cluster_8491daf10cdc78e8f39e	0	False	False
nat_988a0f5d490f2bbc3e89	gvpn	cluster_051100001158f9bfccc6	1	False	False
nat_9b48b78034ddbd453c86	gvpn	cluster_0fad6598349a6da9ef01	1	False	False
nat_c005c56e14df6b455526	gvpn	cluster_c005c56e14df6b455526	0	False	True
nat_4bc9cfbe6d4136095f57	gvpn	cluster_0fad6598349a6da9ef01	1	False	False
nat_5f311d8f788161b76087	gvpn	cluster_0fad6598349a6da9ef01	1	False	False
nat_a2315f1694bdc0fc2f20	gvpn	cluster_15c24d125497deacfd30	2	False	False
nat_5481768259de4485701e	gvpl	cluster_5481768259de4485701e	1	False	True
nat_9a9fa733c600121c0319	gvpl	cluster_04929645ec641fea858e	0	False	False
nat_8491daf10cdc78e8f39e	gvpn	cluster_8491daf10cdc78e8f39e	0	False	True
nat_4a7f2343f5c47edf5471	gvpn	cluster_051100001158f9bfccc6	1	False	False
nat_2158ca0aadb49a41e17c	gvpn	cluster_0fad6598349a6da9ef01	1	False	False
nat_5273bbeb242ad7f8fdeb	gvpn	cluster_5273bbeb242ad7f8fdeb	2	False	True
nat_400daa3180be46a7f598	gvpn	cluster_400daa3180be46a7f598	0	False	True
nat_afc3bde2cce29344e1de	gvpn	cluster_169db323577b20f8e142	1	False	False
nat_3eb21ff7b93129f6825b	gvpn	cluster_11bfff8c2b3a8002eab3	0	False	False
nat_759f3fabb12a0655cffe	gvpl	cluster_759f3fabb12a0655cffe	2	False	True
nat_30799f48b0f3373d9576	gvpl	cluster_30799f48b0f3373d9576	1	False	True
nat_c9b15453866afc61beb3	gvpl	cluster_03528e1685b91151e0fe	2	False	False
nat_c0018dcc0c8798a4a59b	gvpl	cluster_03528e1685b91151e0fe	2	False	False
nat_afabb4dda1519d86ae20	gvpn	cluster_051100001158f9bfccc6	1	False	False
nat_054db53c4d4213a42836	gvpl	cluster_054db53c4d4213a42836	1	False	True
nat_9bd1a6cead0a9a834c1f	gvpl	cluster_03528e1685b91151e0fe	2	False	False
nat_2e5af0d60bf3d90fabb5	gvpl	cluster_2e5af0d60bf3d90fabb5	0	False	True
nat_eda5ec1e6fe7d62d083c	gvpl	cluster_03528e1685b91151e0fe	2	False	False
nat_4c15138491a9218d6eac	gvpn	cluster_27aad6f6a553bce46f6c	0	False	False
nat_b79546a2daa2d8e3cfe0	gvpn	cluster_4866c0342df1711e5316	0	False	False
nat_6576008730d58d93eed3	gvpn	cluster_6576008730d58d93eed3	0	False	True
nat_5f4f748f5a3775c14ef8	gvpn	cluster_5f4f748f5a3775c14ef8	1	False	True
nat_d6ddc737a6a02349cc79	gvpn	cluster_d6ddc737a6a02349cc79	2	False	True
nat_3b570d48315fa6eee660	gvpn	cluster_3b570d48315fa6eee660	0	False	True
nat_0acc418a158f7c4abf47	gvpl	cluster_03528e1685b91151e0fe	2	False	False
nat_4a38ff9aea9ec8801260	gvpl	cluster_4a38ff9aea9ec8801260	1	False	True
nat_fb5841aa8d78c29f15ce	gvpl	cluster_03528e1685b91151e0fe	2	False	False
nat_71b28fb33ac62d4f545b	gvpn	cluster_31455055e0d7642bcd7e	1	False	False
nat_62e8e306973b3b12d1f2	gvpn	cluster_31455055e0d7642bcd7e	1	False	False
nat_14a0330fc0c66969c562	gvpn	cluster_14a0330fc0c66969c562	0	False	True
nat_051100001158f9bfccc6	gvpn	cluster_051100001158f9bfccc6	1	False	True
nat_e275c2c119cdedf35af1	gvpn	cluster_1066c516a611f0d3b670	0	False	False
nat_c0d82e06313e16097f0a	gvpl	cluster_598bde578495fbb688ee	0	False	False
nat_27aad6f6a553bce46f6c	gvpn	cluster_27aad6f6a553bce46f6c	0	False	True
nat_58cc5366f525d6247254	gvpn	cluster_27aad6f6a553bce46f6c	0	False	False
nat_4f69ec38a495fd9e0185	gvpl	cluster_03528e1685b91151e0fe	2	False	False
nat_30915012a8ec6f8f679b	gvpn	cluster_15c24d125497deacfd30	2	False	False
nat_a53975b3cd2709186c1a	gvpn	cluster_15fd13404b3461247ca0	0	False	False
nat_4427c56895f290d5ee95	gvpn	cluster_356c54653106cd402fed	1	False	False
nat_15c24d125497deacfd30	gvpn	cluster_15c24d125497deacfd30	2	False	True
nat_7417c2e6f2ab8024be93	gvpn	cluster_7417c2e6f2ab8024be93	1	False	True
nat_a43ef1c6d1999c99fad7	gvpn	cluster_356c54653106cd402fed	1	False	False
nat_438a2803a10a7467a3a3	gvpn	cluster_15c24d125497deacfd30	2	False	False
nat_71a18e5b7ee99a16fa9b	gvpn	cluster_15c24d125497deacfd30	2	False	False
nat_d886fe7b9d022b3a41eb	gvpn	cluster_356c54653106cd402fed	1	False	False
nat_356c54653106cd402fed	gvpn	cluster_356c54653106cd402fed	1	False	True
nat_34fc7cd9485e6997d2bd	gvpn	cluster_34fc7cd9485e6997d2bd	0	False	True
nat_d2201916dd658f390480	gvpn	cluster_356c54653106cd402fed	1	False	False
nat_a9d1da80fcafe973adc5	gvpn	cluster_15fd13404b3461247ca0	0	False	False
nat_efdc2424c09acf398858	gvpl	cluster_1e71a0923f759cc709c7	2	False	False
nat_4fecbd8ec7e51f46d8e8	gvpn	cluster_15fd13404b3461247ca0	0	False	False
nat_b8699f45a352e4861289	gvpn	cluster_b8699f45a352e4861289	0	False	True
nat_1cd344fb6ce324dce534	gvpn	cluster_15fd13404b3461247ca0	0	False	False
nat_72a0b97a983affc4abd9	gvpn	cluster_72a0b97a983affc4abd9	2	False	True
nat_29df8995a7c8279513ee	gvpn	cluster_29df8995a7c8279513ee	1	False	True
nat_955483f8bc06a18ea418	gvpn	cluster_05cf56205d19f7127aeb	1	False	False
nat_db93f29d25cdddad0ef3	gvpn	cluster_db93f29d25cdddad0ef3	1	False	True
nat_597d68a86a65eb266484	gvpn	cluster_1066c516a611f0d3b670	0	False	False
nat_71c4eaf80d5c340613c0	gvpl	cluster_71c4eaf80d5c340613c0	0	False	True
nat_7a8485bedf5ad8561f79	gvpl	cluster_4cca1066084d420d9c60	1	False	False
nat_f9ed5273156498868a4d	gvpl	cluster_04929645ec641fea858e	0	False	False
nat_0d3a44444fb3cfa6ea64	gvpl	cluster_03528e1685b91151e0fe	2	False	False
nat_4838ea3cca31fd2581c8	gvpn	cluster_051100001158f9bfccc6	1	False	False
nat_2b04743426facfb60cfa	gvpn	cluster_2b04743426facfb60cfa	1	False	True
nat_7d84d0bdb7f12b66a583	gvpn	cluster_2e69ec66879cf5e82204	1	False	False
nat_26f12393040d80ef19bd	gvpl	cluster_26f12393040d80ef19bd	2	False	True
nat_46dfa99150a76ad6b330	gvpl	cluster_46dfa99150a76ad6b330	2	False	True
nat_ec7e4b6fbb44ea6e5eff	gvpn	cluster_051100001158f9bfccc6	1	False	False
nat_f061d8bf614182df84fa	gvpl	cluster_f061d8bf614182df84fa	1	False	True
nat_798e0478a1c671011eb9	gvpl	cluster_3a18122b3f94fa70d033	1	False	False
nat_b7915955b20ca9c0aa4e	gvpn	cluster_7582ab44f4a5ea674099	0	False	False
nat_8b728da9bc94157561e8	gvpl	cluster_509287832ecc4aacd239	2	False	False
nat_916c3bc7c5aeace2979b	gvpl	cluster_916c3bc7c5aeace2979b	2	False	True
nat_ca242131f6ef5b732fcf	gvpl	cluster_04929645ec641fea858e	0	False	False
nat_509287832ecc4aacd239	gvpl	cluster_509287832ecc4aacd239	2	False	True
nat_fe7f89d5b48d6e6d7028	gvpl	cluster_26f12393040d80ef19bd	2	False	False
nat_d8675dcca6583dc443d4	gvpn	cluster_051100001158f9bfccc6	1	False	False
nat_9b7ed4f515de0180e861	gvpc	cluster_9b7ed4f515de0180e861	2	False	True
nat_ec9b5926f08ed0206fff	gvpl	cluster_213008d40b0886a169f4	0	False	False
nat_bb05d1469a1b3c82d2a5	gvpl	cluster_213008d40b0886a169f4	0	False	False
nat_213008d40b0886a169f4	gvpl	cluster_213008d40b0886a169f4	0	False	True
nat_6f10736cf216b77b4b1f	gvpc	cluster_6f10736cf216b77b4b1f	1	False	True
nat_657f8ed615a48f36fbc2	gvpl	cluster_03528e1685b91151e0fe	2	False	False
nat_3a18122b3f94fa70d033	gvpl	cluster_3a18122b3f94fa70d033	1	False	True
nat_a06eef8fee93cc72d981	gvpl	cluster_a06eef8fee93cc72d981	0	False	True
nat_a1ef1d3d0111a02736fb	gvpl	cluster_a1ef1d3d0111a02736fb	1	False	True
nat_1066c516a611f0d3b670	gvpn	cluster_1066c516a611f0d3b670	0	False	True
nat_4b7ad6db9515cdca0afc	gvpl	cluster_4b7ad6db9515cdca0afc	2	False	True
nat_dcca1b13e180e73e24da	gvpl	cluster_c6294867c99abd04a2a4	0	False	False
nat_ac695b7698c38a1908d2	gvpl	cluster_733aafddaccc4e87506c	1	False	False
nat_786b39c5c0e4d775092e	gvpl	cluster_5b21333ca43991c18adf	2	False	False
nat_beb805c37fa10dd2a9f6	gvpl	cluster_beb805c37fa10dd2a9f6	2	False	True
nat_c6294867c99abd04a2a4	gvpl	cluster_c6294867c99abd04a2a4	0	False	True
nat_4ad1d6a6caa95658f7c1	gvpl	cluster_46a7ea60834e5bd635f0	1	False	False
nat_48940241bf6a6f56d89d	gvpn	cluster_48940241bf6a6f56d89d	1	False	True
nat_0c4dacf6e40e747befce	gvpn	cluster_0c4dacf6e40e747befce	2	False	True
nat_51d61e9e87576691ccef	gvpl	cluster_51d61e9e87576691ccef	0	False	True
nat_3275500866a4b7bb74af	gvpl	cluster_05c8cee01647e72ca382	2	False	False
nat_cd2718b64a671e091f03	gvpl	cluster_cd2718b64a671e091f03	2	False	True
nat_bd0342686b2f502068cb	gvpl	cluster_56c10a8b67a275eb077d	2	False	False
nat_75436ea92321809c82a2	gvpl	cluster_75436ea92321809c82a2	1	False	True
nat_f5256963794cadafaf50	gvpl	cluster_f5256963794cadafaf50	0	False	True
nat_56c10a8b67a275eb077d	gvpl	cluster_56c10a8b67a275eb077d	2	False	True
nat_9792fdffc4a0ae9dc02d	gvpn	cluster_9792fdffc4a0ae9dc02d	1	False	True
nat_ee571b7d0f5927d07949	gvpl	cluster_733aafddaccc4e87506c	1	False	False
nat_9048978c0c61b4eef655	gvpl	cluster_687a26d89748bd8bac3c	1	False	False
nat_b733ce3854fcc15a1e76	gvpl	cluster_46a7ea60834e5bd635f0	1	False	False
nat_7ed72fe978260959b0d4	gvpl	cluster_7ed72fe978260959b0d4	0	False	True
nat_9ffee07beb2709c0f0bd	gvpl	cluster_09c215899b8b45d9948f	2	False	False
nat_46a7ea60834e5bd635f0	gvpl	cluster_46a7ea60834e5bd635f0	1	False	True
nat_8f2388b1e2d08d14e65c	gvpl	cluster_46dfa99150a76ad6b330	2	False	False
nat_60c3f8137e62060fbc73	gvpl	cluster_60c3f8137e62060fbc73	0	False	True
nat_d3f4606ab07c55f746b6	gvpn	cluster_d3f4606ab07c55f746b6	1	False	True
nat_b44993db1097fc49f167	gvpl	cluster_687a26d89748bd8bac3c	1	False	False
nat_5b21333ca43991c18adf	gvpl	cluster_5b21333ca43991c18adf	2	False	True
nat_05c8cee01647e72ca382	gvpl	cluster_05c8cee01647e72ca382	2	False	True
nat_2d8967506e540b62b829	gvpl	cluster_05c8cee01647e72ca382	2	False	False
nat_daa05d4cf018ffa933e2	gvpl	cluster_15dc5a070647dff2c6ed	1	False	False
nat_de2ce73c979263729ace	gvpl	cluster_733aafddaccc4e87506c	1	False	False
nat_687a26d89748bd8bac3c	gvpl	cluster_687a26d89748bd8bac3c	1	False	True
nat_7acfc5a1252794a66ccc	gvpl	cluster_7acfc5a1252794a66ccc	1	False	True
nat_15dc5a070647dff2c6ed	gvpl	cluster_15dc5a070647dff2c6ed	1	False	True
nat_b16e56dd0f1b4227b07c	gvpl	cluster_5b21333ca43991c18adf	2	False	False
nat_f4429346ce0cf90b2d1d	gvpl	cluster_733aafddaccc4e87506c	1	False	False
nat_b2e6feb3ee48a20f4476	gvpl	cluster_b2e6feb3ee48a20f4476	1	False	True
nat_99861ed9cc175485de8b	gvpl	cluster_99861ed9cc175485de8b	0	False	True
nat_dd2407a644bf77fc0e6b	gvpl	cluster_b2e6feb3ee48a20f4476	1	False	False
nat_66da46cd547656a41784	gvpl	cluster_66da46cd547656a41784	2	False	True
nat_00ff0d0f8a2cc408f4fc	gvpl	cluster_00ff0d0f8a2cc408f4fc	0	False	True
nat_a8b70d172039f6e7522b	gvpl	cluster_733aafddaccc4e87506c	1	False	False
nat_f6dcec84a572391850cb	gvpl	cluster_f6dcec84a572391850cb	1	False	True
nat_7dea3ce49a6b125282d2	gvpl	cluster_7dea3ce49a6b125282d2	2	False	True
nat_1aee1d6bf8ab20a9b306	gvpl	cluster_15dc5a070647dff2c6ed	1	False	False
nat_4df28bd64c5d145f4a45	gvpl	cluster_46dfa99150a76ad6b330	2	False	False
nat_e5b12747050c4d0b3cf5	gvpl	cluster_09c215899b8b45d9948f	2	False	False
nat_b70de9c440b14ce4053b	gvpl	cluster_05c8cee01647e72ca382	2	False	False
nat_3bbdaa8f9c8e98649ebc	gvpc	cluster_3bbdaa8f9c8e98649ebc	2	False	True
nat_733aafddaccc4e87506c	gvpl	cluster_733aafddaccc4e87506c	1	False	True
nat_c5038f463e5d201e8120	gvpl	cluster_05c8cee01647e72ca382	2	False	False
nat_9b1b1f73466ebe2c9e05	gvpl	cluster_733aafddaccc4e87506c	1	False	False
nat_54b190843b0d8891ec3e	gvpl	cluster_15dc5a070647dff2c6ed	1	False	False
nat_7d71ff22ec87cf520bb6	gvpl	cluster_733aafddaccc4e87506c	1	False	False
nat_e142d4451fae05079861	gvpl	cluster_00ff0d0f8a2cc408f4fc	0	False	False
nat_2de1169e3d7efe4899c8	gvpl	cluster_00ff0d0f8a2cc408f4fc	0	False	False
nat_a50f26e29ce18976c2e6	gvpl	cluster_7dea3ce49a6b125282d2	2	False	False
nat_768a4a0928de3c3de043	gvpl	cluster_768a4a0928de3c3de043	0	False	True
nat_32bd77983dbd8dfb8a38	gvpl	cluster_32bd77983dbd8dfb8a38	0	False	True
nat_99bb8d2fcec408f0187b	gvpl	cluster_99bb8d2fcec408f0187b	1	False	True
nat_40ed670f9d1b6e635ac8	gvpl	cluster_3e4d9b015c8ebba0c966	1	False	False
nat_09c215899b8b45d9948f	gvpl	cluster_09c215899b8b45d9948f	2	False	True
nat_61f42ad31b9593aa2aeb	gvpl	cluster_61f42ad31b9593aa2aeb	1	False	True
nat_4866c0342df1711e5316	gvpn	cluster_4866c0342df1711e5316	0	False	True
nat_7aff4df74de39ea4e7f9	gvpl	cluster_61f42ad31b9593aa2aeb	1	False	False
nat_edf9aac73d55bd51bb53	gvpl	cluster_09c215899b8b45d9948f	2	False	False
nat_c4902f96def6fb28eba2	gvpl	cluster_99861ed9cc175485de8b	0	False	False
nat_58ae7bce228410bcb763	gvpl	cluster_09c215899b8b45d9948f	2	False	False
nat_d0e0b2afc4385c071660	gvpl	cluster_61f42ad31b9593aa2aeb	1	False	False
nat_a7d56953c9eb5522cd12	gvpl	cluster_09c215899b8b45d9948f	2	False	False
nat_927bfc816ab55d54b0ef	gvpc	cluster_38a899b58398064cb5a8	1	False	False
nat_73fdcd529802590b2b7b	gvpl	cluster_73fdcd529802590b2b7b	2	False	True
nat_030fe1de47ef1266404e	gvpl	cluster_030fe1de47ef1266404e	1	False	True
nat_8c0a6e32bc5caa24dec4	gvpl	cluster_61f42ad31b9593aa2aeb	1	False	False
nat_bf33b68f47e85cfde16e	gvpl	cluster_bf33b68f47e85cfde16e	0	False	True
nat_848ab7e7e812fb120e9c	gvpl	cluster_848ab7e7e812fb120e9c	1	False	True
nat_9d025537a51bc5d03723	gvpl	cluster_9d025537a51bc5d03723	2	False	True
nat_e9e60d2de704a1d756e6	gvpl	cluster_e9e60d2de704a1d756e6	0	False	True
nat_7c2eb329deec0b040768	gvpl	cluster_090dc7b70b9c355b2ef5	0	False	False
nat_9f5b9c362628d07b156e	gvpl	cluster_3140e24fc354e74b1db5	2	False	False
nat_a62ee5e456230e34d781	gvpl	cluster_3140e24fc354e74b1db5	2	False	False
nat_3140e24fc354e74b1db5	gvpl	cluster_3140e24fc354e74b1db5	2	False	True
nat_13c7bdc1db3281cde4e2	gvpl	cluster_090dc7b70b9c355b2ef5	0	False	False
nat_7b9e82e85b87a5dfb98f	gvpc	cluster_38a899b58398064cb5a8	1	False	False
nat_090dc7b70b9c355b2ef5	gvpl	cluster_090dc7b70b9c355b2ef5	0	False	True
nat_8f0e9788569f498f75f5	gvpl	cluster_090dc7b70b9c355b2ef5	0	False	False
nat_3e4d9b015c8ebba0c966	gvpl	cluster_3e4d9b015c8ebba0c966	1	False	True
nat_77f22c4e8532f2df6c85	gvpn	cluster_77f22c4e8532f2df6c85	2	False	True
nat_dc2e237d6f81f2354a97	gvpc	cluster_dc2e237d6f81f2354a97	1	False	True
nat_ca58dec55f72ac7886a1	gvpc	cluster_86531299b3cd10877014	1	False	False
nat_86531299b3cd10877014	gvpc	cluster_86531299b3cd10877014	1	False	True
nat_47fed4d50a814f3111f6	gvpc	cluster_47fed4d50a814f3111f6	0	False	True
nat_62f04737d77be4c159f5	gvpc	cluster_62f04737d77be4c159f5	0	False	True
nat_9557c22813f21e4b2cb5	gvpc	cluster_86531299b3cd10877014	1	False	False
nat_e3f4e364e629f748cffd	gvpc	cluster_86531299b3cd10877014	1	False	False
nat_c0d36e0c836a1b4958e3	gvpc	cluster_c0d36e0c836a1b4958e3	2	False	True
nat_38a899b58398064cb5a8	gvpc	cluster_38a899b58398064cb5a8	1	False	True
nat_c551d6ae7995695aef91	gvpc	cluster_62f04737d77be4c159f5	0	False	False
nat_ac4bfe79ba74d5f3dcd7	gvpc	cluster_62f04737d77be4c159f5	0	False	False
nat_a4bb4b30992ae808cf61	gvpc	cluster_a4bb4b30992ae808cf61	0	False	True
nat_ed4e907ebf18517ba73b	gvpc	cluster_ed4e907ebf18517ba73b	2	False	True
nat_ae1bb733ce0d2f1bbdfe	gvpc	cluster_4c292eb9eef6d9eb379a	1	False	False
nat_4c292eb9eef6d9eb379a	gvpc	cluster_4c292eb9eef6d9eb379a	1	False	True
nat_70c3a6e184ca96d89510	gvpi	cluster_70c3a6e184ca96d89510	1	False	True
nat_00dad4d9eb9c6aee9740	gvpv	cluster_00dad4d9eb9c6aee9740	0	False	True
nat_1f59c5fb58b4377ef820	gvpk	cluster_1f59c5fb58b4377ef820	1	False	True
nat_9bea7cdc12e000d2c3ea	gvpk	cluster_9bea7cdc12e000d2c3ea	0	False	True
nat_deedd3a1889aa71dd6b8	gvpk	cluster_1f59c5fb58b4377ef820	1	False	False
nat_b0c47871cce8c048b264	gvpk	cluster_b0c47871cce8c048b264	0	False	True
nat_4d2e7e7faa72495fbae4	gvpk	cluster_4d2e7e7faa72495fbae4	1	False	True
nat_cacf90c6ca55636010b0	gvpk	cluster_75dc6e04d78110911214	1	False	False
nat_6392ee051886d826e69f	gvpk	cluster_6392ee051886d826e69f	2	False	True
nat_36d058ce54845888ee10	gvpk	cluster_36d058ce54845888ee10	2	False	True
nat_8fce9d99308bcf67cd3b	gvpv	cluster_42c70c8520ebfd69a3a8	0	False	False
nat_026e3420597e6acb04ba	gvpk	cluster_026e3420597e6acb04ba	1	False	True
nat_cfa34f1163e468c3993c	gvpk	cluster_3fd73c9a0c7c93f9f2b9	1	False	False
nat_a44f859048f80cee9e81	gvpk	cluster_a44f859048f80cee9e81	1	False	True
nat_0f33d91bf20a5dfbff82	gvpk	cluster_0f33d91bf20a5dfbff82	1	False	True
nat_3fd73c9a0c7c93f9f2b9	gvpk	cluster_3fd73c9a0c7c93f9f2b9	1	False	True
nat_e8cdf7701819b67c0045	gvpk	cluster_e8cdf7701819b67c0045	2	False	True
nat_26c7b3dfaf246cf1a8c9	gvpk	cluster_26c7b3dfaf246cf1a8c9	2	False	True
nat_10402ebc20235ea85773	gvpk	cluster_10402ebc20235ea85773	0	False	True
nat_3d03178d5c86075982f0	gvpk	cluster_3d03178d5c86075982f0	0	False	True
nat_39552a648e522cf0517f	gvpj	cluster_19fb2828c4fc32ca705b	1	False	False
nat_83028a3e0826e61bf382	gvpj	cluster_83028a3e0826e61bf382	2	False	False
nat_4e5681c6ec37761d7383	gvpj	cluster_109519c9021025e4fc63	2	False	False
nat_a9c199790fa0593efba4	gvpj	cluster_023f578aefbf7c2af4b8	1	False	False
nat_3c9e2709e4c61b19b096	gvpj	cluster_3a48abf479c0a84ce532	2	False	False
nat_f0527674fd3fa7ce3faf	gvpj	cluster_f0527674fd3fa7ce3faf	0	False	False
nat_65fbd3162b843c7d26ba	gvpj	cluster_0c3c5a88107ee11e01e1	1	False	False
nat_4e63b8fa8ea10a0a928c	gvpj	cluster_3a48abf479c0a84ce532	2	False	False
nat_909a39bfcc83ce9d158a	gvpj	cluster_909a39bfcc83ce9d158a	1	False	False
nat_1d519e42f5e4d4625382	gvpj	cluster_1d519e42f5e4d4625382	0	False	False
nat_4f0646e249cd3db1d37f	gvpj	cluster_0890e07d5e23fde5596e	1	False	False
nat_2572b6aa122207e0614c	gvpj	cluster_05aec1de9ccb89179086	2	False	False
nat_96cf8fec98a326ef28f8	gvpj	cluster_256f4d9f9e8bd81a3ef9	1	False	False
nat_35cbbb25f10deebd7391	gvpj	cluster_35cbbb25f10deebd7391	2	False	False
nat_3fffa9db9247345bf996	gvpj	cluster_3fffa9db9247345bf996	0	False	False
nat_6048d13df283cd9c311b	gvpj	cluster_256f4d9f9e8bd81a3ef9	1	False	False
nat_69f0675a9519b5f433ed	gvpj	cluster_05aec1de9ccb89179086	2	False	False
nat_fbea79167ace5328d15a	gvpj	cluster_05aec1de9ccb89179086	2	False	False
nat_4a8d213db3f0f57c39f1	gvpj	cluster_18287ab709e4536a8a89	2	False	False
nat_a3f05c67bc1886ca7112	gvpj	cluster_0890e07d5e23fde5596e	1	False	False
nat_d3af78dd1e3340eceeac	gvpj	cluster_0ebe1baa66ad5d5cb860	0	False	False
nat_3f0807141c190c600235	gvpj	cluster_3f0807141c190c600235	1	False	False
nat_c484713e8b3e1c6ab049	gvpj	cluster_590810062f7432024711	0	False	False
nat_797ed863bc757b701be8	gvpj	cluster_023f578aefbf7c2af4b8	1	False	False
nat_2675f550102ba64d3177	gvpj	cluster_2675f550102ba64d3177	2	False	False
nat_76b7cbd0ac40cdad80a9	gvpj	cluster_590810062f7432024711	0	False	False
nat_ae205daa22aa5ad59be8	gvpj	cluster_04c084aa7034f2b0643c	1	False	False
nat_a439fa109b8bfbe78878	gvpj	cluster_05aec1de9ccb89179086	2	False	False
nat_29345482d2af34083837	gvpj	cluster_256f4d9f9e8bd81a3ef9	1	False	False
nat_ebc083d439049b48d78d	gvpj	cluster_3a48abf479c0a84ce532	2	False	False
nat_d22fd9b7defd0d469ae2	gvpj	cluster_2675f550102ba64d3177	2	False	False
nat_75c50ceb0577a7fdabd2	gvpk	cluster_099ee06bc3f1047a9b40	2	False	False
nat_099ee06bc3f1047a9b40	gvpk	cluster_099ee06bc3f1047a9b40	2	False	True
nat_fd79a669594ad1a1ef23	gvpk	cluster_fd79a669594ad1a1ef23	0	False	True
nat_b627cf2b1cd715426291	gvpk	cluster_b627cf2b1cd715426291	0	False	True
nat_cce2f3d132dd4e662b2d	gvpv	cluster_00dad4d9eb9c6aee9740	0	False	False
nat_9d9dd9734a5c8ab98eeb	gvpj	cluster_9d9dd9734a5c8ab98eeb	1	False	False
nat_f7a7384ac9671dafa785	gvpj	cluster_256f4d9f9e8bd81a3ef9	1	False	False
nat_4679d56f6681435313d7	gvpj	cluster_4679d56f6681435313d7	0	False	False
nat_023f578aefbf7c2af4b8	gvpj	cluster_023f578aefbf7c2af4b8	1	False	False
nat_9863770a194a0d55027a	gvpj	cluster_9863770a194a0d55027a	0	False	False
nat_34d80926a4ec3dd31a64	gvpj	cluster_2675f550102ba64d3177	2	False	False
nat_7058382ccfa4518d5f28	gvpj	cluster_590810062f7432024711	0	False	False
nat_6101e6d94bc83fd7e764	gvpj	cluster_6101e6d94bc83fd7e764	1	False	False
nat_4495866b5726ec2434b0	gvpj	cluster_3a48abf479c0a84ce532	2	False	False
nat_58c22377f3821c65f8d7	gvpj	cluster_256f4d9f9e8bd81a3ef9	1	False	False
nat_0890e07d5e23fde5596e	gvpj	cluster_0890e07d5e23fde5596e	1	False	False
nat_299ca2c9b99a9aadf54a	gvpj	cluster_299ca2c9b99a9aadf54a	0	False	False
nat_5d0398ada9a0ee712670	gvpj	cluster_5d0398ada9a0ee712670	1	False	False
nat_6f809a8968b616f73a26	gvpj	cluster_04c084aa7034f2b0643c	1	False	False
nat_9a40b0d38d561f5c4a77	gvpj	cluster_7bc4c8a6ef4aaf9c7db6	1	False	False
nat_44777c3afedf76e72b09	gvpk	cluster_44777c3afedf76e72b09	0	False	True
nat_6337f6ce48d2d053bb2c	gvpk	cluster_099ee06bc3f1047a9b40	2	False	False
nat_8a38fd6e94c52ecb3e00	gvpk	cluster_4d078b98a15dd30260b8	0	False	False
nat_06bb445b6a5c2299edf7	gvpk	cluster_06bb445b6a5c2299edf7	1	False	True
nat_650d9a7fc14a1c8678c8	gvpj	cluster_00f078f1a0eafd9ea851	1	False	False
nat_5383c67907971360d965	gvpj	cluster_5383c67907971360d965	1	False	False
nat_8c0f48ab1366fa010ded	gvpj	cluster_8c0f48ab1366fa010ded	0	False	False
nat_289ca4eeda020c662490	gvpj	cluster_289ca4eeda020c662490	1	False	False
nat_840c1e4fe0d4806879ab	gvpj	cluster_590810062f7432024711	0	False	False
nat_367976824ecb68e9f969	gvpj	cluster_0890e07d5e23fde5596e	1	False	False
nat_fd4bf5387ee8f62ffaee	gvpj	cluster_fd4bf5387ee8f62ffaee	2	False	False
nat_13b048e7463efcc40ba1	gvpj	cluster_13b048e7463efcc40ba1	1	False	False
nat_54bba105484c79f2fd90	gvpj	cluster_17858e67067c36a2a936	1	False	False
nat_9e4b470d40cacf2bb300	gvpj	cluster_9e4b470d40cacf2bb300	2	False	False
nat_43ad3fce3180fed29bdc	gvpj	cluster_109519c9021025e4fc63	2	False	False
nat_65886a26326e73a96436	gvpj	cluster_42e47560e4eed8697446	1	False	False
nat_fc9079f395e9793f6462	gvpj	cluster_fc9079f395e9793f6462	1	False	False
nat_ff060c3a559a6f4f65d0	gvpj	cluster_f4e9c50251e64349c6bf	1	False	False
nat_cfdf01a7deeba973b055	gvpk	cluster_cfdf01a7deeba973b055	2	False	True
nat_27b11d9136abefe457ee	gvpk	cluster_27b11d9136abefe457ee	0	False	True
nat_a70b192b6451eefede4e	gvpk	cluster_6ab76c5d4defe2738feb	1	False	False
nat_bf1b71832bbade3da9f4	gvpk	cluster_bf1b71832bbade3da9f4	1	False	True
nat_47659eab3f77d326e707	gvpk	cluster_47659eab3f77d326e707	1	False	True
nat_109519c9021025e4fc63	gvpj	cluster_109519c9021025e4fc63	2	False	False
nat_d2ffb42329a865195f36	gvpj	cluster_0c3c5a88107ee11e01e1	1	False	False
nat_f4e9c50251e64349c6bf	gvpj	cluster_f4e9c50251e64349c6bf	1	False	False
nat_1c9dd723ae21204d632e	gvpj	cluster_1afa662e7ba52f44c1e0	1	False	False
nat_65a24aaa375f0bffdfc5	gvpj	cluster_05b12b3e859ceb6ed015	0	False	False
nat_7cf74e461ac8ae619696	gvpj	cluster_109519c9021025e4fc63	2	False	False
nat_fb3d3c8b6094f7ab7999	gvpj	cluster_37d7954f2ba849ee9a13	2	False	False
nat_5147dbb10fa927c0ad55	gvpj	cluster_1afa662e7ba52f44c1e0	1	False	False
nat_fe819a15ad22899dad10	gvpj	cluster_fe819a15ad22899dad10	1	False	False
nat_7c3de3fe13342d4e92f5	gvpj	cluster_299ca2c9b99a9aadf54a	0	False	False
nat_bc6806cbbc65718c537b	gvpj	cluster_bc6806cbbc65718c537b	0	False	False
nat_0df60d2fc55bf3787af1	gvpj	cluster_0df60d2fc55bf3787af1	0	False	False
nat_7c3fe835f2de28872203	gvpj	cluster_7c3fe835f2de28872203	0	False	False
nat_19fb2828c4fc32ca705b	gvpj	cluster_19fb2828c4fc32ca705b	1	False	False
nat_730776f5e84cc9384165	gvpk	cluster_3fd73c9a0c7c93f9f2b9	1	False	False
nat_0d23f52cf0ddbd815d88	gvpk	cluster_0d23f52cf0ddbd815d88	0	False	True
nat_2d3db8b8e0fa09ac51c5	gvpk	cluster_167bf66cb53e9339f788	0	False	False
nat_324d5d08f6cb86df2a45	gvpj	cluster_0c3c5a88107ee11e01e1	1	False	False
nat_0c3c5a88107ee11e01e1	gvpj	cluster_0c3c5a88107ee11e01e1	1	False	False
nat_527c30968406b8971bd9	gvpj	cluster_109519c9021025e4fc63	2	False	False
nat_d18c3f8a7743da7fc46c	gvpj	cluster_05b12b3e859ceb6ed015	0	False	False
nat_3a0003e56b4928cb7aaa	gvpj	cluster_3a0003e56b4928cb7aaa	1	False	False
nat_ab02cf361a66facb0d7c	gvpj	cluster_0c3c5a88107ee11e01e1	1	False	False
nat_826bbaee5bbff7b121a8	gvpj	cluster_0c3c5a88107ee11e01e1	1	False	False
nat_ed21f429d87e61b5eec4	gvpj	cluster_2d8e972f7b8e0b149992	0	False	False
nat_c343edccce5faea6ca16	gvpj	cluster_0c3c5a88107ee11e01e1	1	False	False
nat_64e02fc38d79639470d8	gvpj	cluster_590810062f7432024711	0	False	False
nat_256f4d9f9e8bd81a3ef9	gvpj	cluster_256f4d9f9e8bd81a3ef9	1	False	False
nat_e2dc3b903f2c8b00f1a7	gvpj	cluster_590810062f7432024711	0	False	False
nat_830632d521f3236a361b	gvpj	cluster_830632d521f3236a361b	0	False	False
nat_e481176a20214b3a0873	gvpj	cluster_256f4d9f9e8bd81a3ef9	1	False	False
nat_57ae02b5e430d2b2bc5a	gvpj	cluster_109519c9021025e4fc63	2	False	False
nat_ce958cc38501a37e45ae	gvpj	cluster_ce958cc38501a37e45ae	1	False	False
nat_3da05007aed6ad7ca03b	gvpj	cluster_109519c9021025e4fc63	2	False	False
nat_2d6ae3851377c5ea8190	gvpj	cluster_2d6ae3851377c5ea8190	2	False	False
nat_30340d61c0959eeb66d5	gvpj	cluster_2d8e972f7b8e0b149992	0	False	False
nat_2e713fded92313c4cd32	gvpj	cluster_2d8e972f7b8e0b149992	0	False	False
nat_167bf66cb53e9339f788	gvpk	cluster_167bf66cb53e9339f788	0	False	True
nat_76da33fd04b27484cbcd	gvpk	cluster_3051d69cdf2eb2867c43	0	False	False
nat_cd1929fe49d2fd7e73a2	gvpj	cluster_0c3c5a88107ee11e01e1	1	False	False
nat_e421fcf48d6e300eacc2	gvpj	cluster_04c084aa7034f2b0643c	1	False	False
nat_cbba243dc1613c0cb1fa	gvpj	cluster_05b12b3e859ceb6ed015	0	False	False
nat_023128e0df407b2417ae	gvpj	cluster_023128e0df407b2417ae	0	False	False
nat_d39c56188f28cb02ba10	gvpj	cluster_05b12b3e859ceb6ed015	0	False	False
nat_fb05e2a23a89dc31d2f2	gvpj	cluster_83028a3e0826e61bf382	2	False	False
nat_0888ea426b7452a347fc	gvpj	cluster_0888ea426b7452a347fc	0	False	False
nat_6770b7649ec68cfb7397	gvpj	cluster_6770b7649ec68cfb7397	0	False	False
nat_cbec58c289419737e313	gvpj	cluster_cbec58c289419737e313	1	False	False
nat_baa75d7a0b2a702d394f	gvpj	cluster_109519c9021025e4fc63	2	False	False
nat_db12f4452278c4bf469c	gvpj	cluster_bc6806cbbc65718c537b	0	False	False
nat_7c474a0845fc63bd9dc1	gvpj	cluster_7c474a0845fc63bd9dc1	1	False	False
nat_675982ec30ea7a2f5047	gvpj	cluster_42e47560e4eed8697446	1	False	False
nat_cabdc6eb27bf25bd595f	gvpj	cluster_cabdc6eb27bf25bd595f	2	False	False
nat_7dbf168b0a730e9f7293	gvpj	cluster_7dbf168b0a730e9f7293	0	False	False
nat_78a9f4fc56b943558b47	gvpj	cluster_78a9f4fc56b943558b47	0	False	False
nat_a7260a5a6927c219450b	gvpj	cluster_3f0807141c190c600235	1	False	False
nat_d8c8fefe6de77c17cf0b	gvpk	cluster_d8c8fefe6de77c17cf0b	1	False	True
nat_23973d3194845969e917	gvpk	cluster_23973d3194845969e917	0	False	True
nat_287dc8e13316bfa21d5b	gvpv	cluster_287dc8e13316bfa21d5b	1	False	True
nat_a2f8b9e4088f449304d6	gvpj	cluster_023f578aefbf7c2af4b8	1	False	False
nat_dffa8ebddc81bbafa110	gvpj	cluster_dffa8ebddc81bbafa110	2	False	False
nat_41c961009656e555d77b	gvpj	cluster_05b12b3e859ceb6ed015	0	False	False
nat_a67dd765d5d9f1265194	gvpj	cluster_a67dd765d5d9f1265194	0	False	False
nat_8e0a2c13b1b8165a790e	gvpj	cluster_05b12b3e859ceb6ed015	0	False	False
nat_3fc915e39b4dd0e48f0b	gvpj	cluster_3fc915e39b4dd0e48f0b	2	False	False
nat_b7ce8a1b044eaedac151	gvpj	cluster_b7ce8a1b044eaedac151	1	False	False
nat_67d68ebfb40b00ae5bfc	gvpj	cluster_18ffe7b58122d3e247f3	2	False	False
nat_588257282ce6ea174dae	gvpj	cluster_3e818bdd944ede311b8f	0	False	False
nat_1c3d745a993f2e62d375	gvpj	cluster_05b12b3e859ceb6ed015	0	False	False
nat_738e58b1a8b51b7eb17a	gvpj	cluster_42e47560e4eed8697446	1	False	False
nat_a02e830798caf1fb08c6	gvpj	cluster_590810062f7432024711	0	False	False
nat_92175699752c66f1a221	gvpj	cluster_05aec1de9ccb89179086	2	False	False
nat_477b4b16e4be0d565386	gvpj	cluster_477b4b16e4be0d565386	2	False	False
nat_c6080e51aceffe4e0a16	gvpj	cluster_05b12b3e859ceb6ed015	0	False	False
nat_42e47560e4eed8697446	gvpj	cluster_42e47560e4eed8697446	1	False	False
nat_9ecb68caf9b062eead15	gvpj	cluster_0a6e89f60cd37515559e	0	False	False
nat_3a48abf479c0a84ce532	gvpj	cluster_3a48abf479c0a84ce532	2	False	False
nat_485a8f2cb7e24fa53ea0	gvpj	cluster_00f078f1a0eafd9ea851	1	False	False
nat_62446b1275b012a250ea	gvpj	cluster_04c084aa7034f2b0643c	1	False	False
nat_c54850c6159ad64d41a5	gvpj	cluster_8c0f48ab1366fa010ded	0	False	False
nat_b4205fc26537087a80e8	gvpj	cluster_2d8e972f7b8e0b149992	0	False	False
nat_4d6fdbbe43a6a597d4b4	gvpk	cluster_3051d69cdf2eb2867c43	0	False	False
nat_cc277418f009938ffb7b	gvpk	cluster_3051d69cdf2eb2867c43	0	False	False
nat_4148f2a81e7132b20b9f	gvpk	cluster_4148f2a81e7132b20b9f	2	False	True
nat_343a5e4d559b5d15afdd	gvpk	cluster_343a5e4d559b5d15afdd	1	False	True
nat_7ec22aa305996fdcbbe6	gvpk	cluster_3051d69cdf2eb2867c43	0	False	False
nat_00945445101ba336d3c1	gvpk	cluster_00945445101ba336d3c1	0	False	True
nat_3051d69cdf2eb2867c43	gvpk	cluster_3051d69cdf2eb2867c43	0	False	True
nat_08d3e542ff49c899a532	gvpv	cluster_00dad4d9eb9c6aee9740	0	False	False
nat_68254939d0e81bc7115c	gvpv	cluster_68254939d0e81bc7115c	0	False	True
nat_0ce4f366361b92c40e72	gvpv	cluster_0ce4f366361b92c40e72	1	False	True
nat_758a833afecd8f1c3406	gvpj	cluster_04c084aa7034f2b0643c	1	False	False
nat_cc66d4eee0730ede696b	gvpj	cluster_109519c9021025e4fc63	2	False	False
nat_d6e68514b0eb73608bd0	gvpj	cluster_3a48abf479c0a84ce532	2	False	False
nat_05b12b3e859ceb6ed015	gvpj	cluster_05b12b3e859ceb6ed015	0	False	False
nat_92c16e14e2910a7a0ba5	gvpj	cluster_109519c9021025e4fc63	2	False	False
nat_251a53475171eb7e3f69	gvpj	cluster_1dbd7a4a41de9f640af1	1	False	False
nat_38af8bf96acabf2df8a2	gvpj	cluster_109519c9021025e4fc63	2	False	False
nat_1ac3704f7f900563d271	gvpj	cluster_18ffe7b58122d3e247f3	2	False	False
nat_d7456223d4168dd8bcaa	gvpj	cluster_d7456223d4168dd8bcaa	1	False	False
nat_36cd672e9f0f362f84a3	gvpj	cluster_256f4d9f9e8bd81a3ef9	1	False	False
nat_8cd52de919d22e5b2f70	gvpj	cluster_00f078f1a0eafd9ea851	1	False	False
nat_6ff1830293724c205a70	gvpj	cluster_17858e67067c36a2a936	1	False	False
nat_87c687bea1af941dec3f	gvpj	cluster_256f4d9f9e8bd81a3ef9	1	False	False
nat_38b618e8937e5e5e698b	gvpj	cluster_04c084aa7034f2b0643c	1	False	False
nat_daa26bb81225045c82c6	gvpj	cluster_9863770a194a0d55027a	0	False	False
nat_a50b87b6aec329c2f680	gvpj	cluster_18ffe7b58122d3e247f3	2	False	False
nat_5e0a0c17153bc7a2c0f7	gvpj	cluster_256f4d9f9e8bd81a3ef9	1	False	False
nat_f1643822251b583b4a61	gvpj	cluster_a67dd765d5d9f1265194	0	False	False
nat_7417efad48a14c1555d4	gvpj	cluster_7417efad48a14c1555d4	2	False	False
nat_c22ec0560f03a826fc2e	gvpj	cluster_c22ec0560f03a826fc2e	0	False	False
nat_b0f226cab132da339d39	gvpj	cluster_b0f226cab132da339d39	2	False	False
nat_b924ca0fc25dc601d2bb	gvpj	cluster_b924ca0fc25dc601d2bb	0	False	False
nat_ba3ce50a83eb19a0e206	gvpk	cluster_0d84dbf97ab2b46ef91f	2	False	False
nat_47a61474e6eef4332090	gvpk	cluster_00945445101ba336d3c1	0	False	False
nat_829e22f860a4267265e7	gvpk	cluster_6a2caa9d644a05b1fa76	0	False	False
nat_0d84dbf97ab2b46ef91f	gvpk	cluster_0d84dbf97ab2b46ef91f	2	False	True
nat_4dafb76c38e9b7d65498	gvpv	cluster_00dad4d9eb9c6aee9740	0	False	False
nat_522d67ce81d99440c3e9	gvpv	cluster_00dad4d9eb9c6aee9740	0	False	False
nat_dd2f32ef247b4c80fbc3	gvpv	cluster_9a0abc7123e25547e268	2	False	False
nat_153267792920bb4475d5	gvpi	cluster_153267792920bb4475d5	0	False	True
nat_370baf47c4f0c06f12a6	gvpj	cluster_04c084aa7034f2b0643c	1	False	False
nat_e8d11648d866d89f021b	gvpj	cluster_37d7954f2ba849ee9a13	2	False	False
nat_c816054a872b93bc9733	gvpj	cluster_044a3e6477173de21b19	2	False	False
nat_f48ac7c5719360a7ba68	gvpj	cluster_55c9bd284093601349bc	0	False	False
nat_8cfb15257dddaf933d66	gvpj	cluster_04c084aa7034f2b0643c	1	False	False
nat_d56b0aa5e7ed5400a27e	gvpj	cluster_04c084aa7034f2b0643c	1	False	False
nat_fa4d2b91fc8467b72fd0	gvpj	cluster_ab429a25b1ea00182dd5	2	False	False
nat_08303d07c69b3b006cc6	gvpj	cluster_08303d07c69b3b006cc6	2	False	False
nat_a6b016934d3ca7e70b85	gvpj	cluster_6101e6d94bc83fd7e764	1	False	False
nat_18ffe7b58122d3e247f3	gvpj	cluster_18ffe7b58122d3e247f3	2	False	False
nat_863aa5d511e9b0bd2124	gvpj	cluster_18ffe7b58122d3e247f3	2	False	False
nat_1af92f4517cb07b380d4	gvpj	cluster_1af92f4517cb07b380d4	0	False	False
nat_e2936110b0ddfefb35cc	gvpj	cluster_e2936110b0ddfefb35cc	1	False	False
nat_1af65d71957f5cb92049	gvpj	cluster_1af65d71957f5cb92049	2	False	False
nat_2f3087b5aa2a281ad976	gvpj	cluster_17858e67067c36a2a936	1	False	False
nat_8494cbcf9774a41e069d	gvpj	cluster_18ffe7b58122d3e247f3	2	False	False
nat_277d97cec99a601f7659	gvpj	cluster_109519c9021025e4fc63	2	False	False
nat_dc91976c7c3450587080	gvpj	cluster_2dde3392aae621ffc247	0	False	False
nat_6ab76c5d4defe2738feb	gvpk	cluster_6ab76c5d4defe2738feb	1	False	True
nat_b5b675473d129fb38c34	gvpk	cluster_3051d69cdf2eb2867c43	0	False	False
nat_08f506a8e9498c03b468	gvpv	cluster_08f506a8e9498c03b468	0	False	True
nat_42c70c8520ebfd69a3a8	gvpv	cluster_42c70c8520ebfd69a3a8	0	False	True
nat_9a0abc7123e25547e268	gvpv	cluster_9a0abc7123e25547e268	2	False	True
nat_50c1cc9965716061b22d	gvpj	cluster_19fb2828c4fc32ca705b	1	False	False
nat_0527af41f2808b342e5a	gvpj	cluster_04c084aa7034f2b0643c	1	False	False
nat_47f1a4ea07a3cb6c51c0	gvpj	cluster_47f1a4ea07a3cb6c51c0	0	False	False
nat_a0ad89f4e1861fd114d4	gvpj	cluster_04c084aa7034f2b0643c	1	False	False
nat_1afa662e7ba52f44c1e0	gvpj	cluster_1afa662e7ba52f44c1e0	1	False	False
nat_2593b683bc69e42309bf	gvpj	cluster_256f4d9f9e8bd81a3ef9	1	False	False
nat_d4445ac643365af43707	gvpj	cluster_109519c9021025e4fc63	2	False	False
nat_d841fd9bd8b58bf592fe	gvpj	cluster_109519c9021025e4fc63	2	False	False
nat_ea0ea44f707886c44ad7	gvpj	cluster_3e818bdd944ede311b8f	0	False	False
nat_21f981a64332a12578c3	gvpj	cluster_21f981a64332a12578c3	1	False	False
nat_c632ec39b31da8e567b8	gvpj	cluster_515955f01bebed0b5963	1	False	False
nat_395ec35f14effdb2da3a	gvpj	cluster_2dde3392aae621ffc247	0	False	False
nat_931f03e32a70f482ab0a	gvpj	cluster_6d378caa0baac445cb99	2	False	False
nat_98fe8686021ec28d761f	gvpj	cluster_98fe8686021ec28d761f	2	False	False
nat_0dbb7a6e5434eb973be2	gvpj	cluster_0dbb7a6e5434eb973be2	1	False	False
nat_14e9a67df0dd3e5aba86	gvpk	cluster_14e9a67df0dd3e5aba86	1	False	True
nat_86af9eceed0fad9d4e41	gvpk	cluster_14e9a67df0dd3e5aba86	1	False	False
nat_ce6587aeb16990c43df0	gvpk	cluster_ce6587aeb16990c43df0	1	False	True
nat_13a8858106c206244ca2	gvpk	cluster_13a8858106c206244ca2	0	False	True
nat_edb5b7a4e15c97b23594	gvpv	cluster_00dad4d9eb9c6aee9740	0	False	False
nat_944bef72ec0f0333ef58	gvpv	cluster_08f506a8e9498c03b468	0	False	False
nat_def4e5618d2d3f638abe	gvpj	cluster_2dde3392aae621ffc247	0	False	False
nat_f41f39c57e294fe1a02f	gvpj	cluster_44abe1cc1d8456dc6c46	2	False	False
nat_93f7db09d3715d2b4013	gvpj	cluster_0a6e89f60cd37515559e	0	False	False
nat_549f36d80bd165ad0855	gvpj	cluster_0a6e89f60cd37515559e	0	False	False
nat_c8e916c7b41a8a9952b3	gvpj	cluster_3a48abf479c0a84ce532	2	False	False
nat_8f6356423342dd6a8af7	gvpj	cluster_2dde3392aae621ffc247	0	False	False
nat_185744979d00560dee6b	gvpj	cluster_04c084aa7034f2b0643c	1	False	False
nat_2a43ec8cc7979782d2b6	gvpj	cluster_2a43ec8cc7979782d2b6	1	False	False
nat_7afd227c19d88f493be5	gvpj	cluster_0dbb7a6e5434eb973be2	1	False	False
nat_7b4f76ef630d750e1cc8	gvpj	cluster_37d7954f2ba849ee9a13	2	False	False
nat_b7b2dc53fd89ba68dfe9	gvpj	cluster_256f4d9f9e8bd81a3ef9	1	False	False
nat_945a2e3fc0ecd9bbe1cd	gvpj	cluster_515955f01bebed0b5963	1	False	False
nat_9de3a1c74219c52c041e	gvpj	cluster_0a6e89f60cd37515559e	0	False	False
nat_ae0d3c1433adbcb50ef7	gvpj	cluster_299ca2c9b99a9aadf54a	0	False	False
nat_df5704c469ac5f164e3a	gvpj	cluster_04c084aa7034f2b0643c	1	False	False
nat_00f078f1a0eafd9ea851	gvpj	cluster_00f078f1a0eafd9ea851	1	False	False
nat_2dde3392aae621ffc247	gvpj	cluster_2dde3392aae621ffc247	0	False	False
nat_1c949f5ba7f49b569cd5	gvpj	cluster_109519c9021025e4fc63	2	False	False
nat_93ee8755b8fb64b781d3	gvpj	cluster_2dde3392aae621ffc247	0	False	False
nat_4ec35b7e5d4432cf30cc	gvpj	cluster_0a6e89f60cd37515559e	0	False	False
nat_d7b8c5c7cb6b1053592e	gvpj	cluster_2dde3392aae621ffc247	0	False	False
nat_0a6e89f60cd37515559e	gvpj	cluster_0a6e89f60cd37515559e	0	False	False
nat_f5417bd74b0ff41e1cb0	gvpk	cluster_2036d4845b8237f7e56c	2	False	False
nat_a03c379cbf87f690f977	gvpk	cluster_96d3b6c17b4236f755ff	2	False	False
nat_4d078b98a15dd30260b8	gvpk	cluster_4d078b98a15dd30260b8	0	False	True
nat_d4b37ab9b761d79418a8	gvpv	cluster_d4b37ab9b761d79418a8	0	False	True
nat_3521af063e9b236548c0	gvpv	cluster_08f506a8e9498c03b468	0	False	False
nat_19313a16de85e8dc6da2	gvpj	cluster_19313a16de85e8dc6da2	0	False	False
nat_caab2da04cf4baba5880	gvpj	cluster_2a43ec8cc7979782d2b6	1	False	False
nat_ab429a25b1ea00182dd5	gvpj	cluster_ab429a25b1ea00182dd5	2	False	False
nat_f6319f5f160f5a18b334	gvpj	cluster_f6319f5f160f5a18b334	0	False	False
nat_8cc50c0228caae3ad7f4	gvpj	cluster_8cc50c0228caae3ad7f4	1	False	False
nat_97f185fb614d6fb1882a	gvpj	cluster_97f185fb614d6fb1882a	2	False	False
nat_8be088bcd53ef20d5eec	gvpj	cluster_2dde3392aae621ffc247	0	False	False
nat_4a66b9c8b2b4962ce727	gvpj	cluster_2dde3392aae621ffc247	0	False	False
nat_5388e98c468816cc13cf	gvpj	cluster_5388e98c468816cc13cf	2	False	False
nat_31e361e3c2b319df0670	gvpk	cluster_14e9a67df0dd3e5aba86	1	False	False
nat_78f7cb5e56edc86d1b1c	gvpk	cluster_2036d4845b8237f7e56c	2	False	False
nat_4206b3c83132ed838cad	gvpk	cluster_167bf66cb53e9339f788	0	False	False
nat_581afdb2c32bf607da5a	gvpk	cluster_23973d3194845969e917	0	False	False
nat_e7fa43c2e619fa329682	gvpk	cluster_e7fa43c2e619fa329682	1	False	True
nat_5a8e04fda20d0284fcf2	gvpk	cluster_23973d3194845969e917	0	False	False
nat_bb2d656c6c5518eb0448	gvpk	cluster_00945445101ba336d3c1	0	False	False
nat_6e6ce758d8c4852aa4fa	gvpj	cluster_17858e67067c36a2a936	1	False	False
nat_08693a219f8e2c8ad83d	gvpj	cluster_04c084aa7034f2b0643c	1	False	False
nat_18031ddd50aae696a324	gvpj	cluster_04c084aa7034f2b0643c	1	False	False
nat_05708ca69ef57e384a38	gvpj	cluster_04c084aa7034f2b0643c	1	False	False
nat_69e482373852c8d89d8f	gvpj	cluster_04c084aa7034f2b0643c	1	False	False
nat_b803f831d4bb3d108316	gvpj	cluster_b803f831d4bb3d108316	2	False	False
nat_21c04a400fa9dc9f9308	gvpj	cluster_04c084aa7034f2b0643c	1	False	False
nat_61dc8856dc8fc8349d45	gvpj	cluster_0a6e89f60cd37515559e	0	False	False
nat_bab08881e7a072b3f11f	gvpj	cluster_17858e67067c36a2a936	1	False	False
nat_ecb1c2738797f1742802	gvpj	cluster_41d8ab0f02461073a97c	0	False	False
nat_c2b38e1874ab84e46f83	gvpj	cluster_0ebe1baa66ad5d5cb860	0	False	False
nat_9347e512b923af873132	gvpj	cluster_17858e67067c36a2a936	1	False	False
nat_04c084aa7034f2b0643c	gvpj	cluster_04c084aa7034f2b0643c	1	False	False
nat_0f8d9d1627be026a1e6b	gvpk	cluster_0f8d9d1627be026a1e6b	2	False	True
nat_75dc6e04d78110911214	gvpk	cluster_75dc6e04d78110911214	1	False	True
nat_ba3ba5496951fc0249d5	gvpk	cluster_155ff0e1a28c900ffd67	2	False	False
nat_e92400776b88a8a20901	gvpk	cluster_155ff0e1a28c900ffd67	2	False	False
nat_a52d6209dd2de857b094	gvpv	cluster_96a553e6661e35871697	1	False	False
nat_96a553e6661e35871697	gvpv	cluster_96a553e6661e35871697	1	False	True
nat_efb09f3729ebcf09a0cd	gvpv	cluster_efb09f3729ebcf09a0cd	0	False	True
nat_3b723aaeacc6bb57b98b	gvpj	cluster_3b723aaeacc6bb57b98b	1	False	False
nat_b297046d38f89c457aeb	gvpj	cluster_b297046d38f89c457aeb	1	False	False
nat_e332f9cab97afe879bd0	gvpj	cluster_70ecf2053d255f8cbc58	1	False	False
nat_42f645640533e9fbacdd	gvpj	cluster_42f645640533e9fbacdd	2	False	False
nat_59adc5339e1e4cde4f85	gvpj	cluster_4481f660bcc30bb1d9c4	1	False	False
nat_953542b6961a34556ee5	gvpj	cluster_109519c9021025e4fc63	2	False	False
nat_b0bc17f554cd4bd5d816	gvpj	cluster_299ca2c9b99a9aadf54a	0	False	False
nat_216c871a89607e7b1e8c	gvpj	cluster_109519c9021025e4fc63	2	False	False
nat_f7e68563732e131d24d8	gvpj	cluster_3e818bdd944ede311b8f	0	False	False
nat_e8f1bfaee2fbaf8ab3a0	gvpj	cluster_109519c9021025e4fc63	2	False	False
nat_7ed38185a938590ae0f5	gvpj	cluster_515955f01bebed0b5963	1	False	False
nat_41d8ab0f02461073a97c	gvpj	cluster_41d8ab0f02461073a97c	0	False	False
nat_d11339e5575f1cf41503	gvpk	cluster_719ddebd2b5b980d36ce	0	False	False
nat_484ac7a0bdaa1bbf4ecd	gvpk	cluster_02fd8350edf1c6e15bae	2	False	False
nat_8e116b0b90509f56bbdd	gvpk	cluster_6ab76c5d4defe2738feb	1	False	False
nat_82589630f5ae2d3f307c	gvpk	cluster_719ddebd2b5b980d36ce	0	False	False
nat_c0bb6e35db076399a0b0	gvpk	cluster_c0bb6e35db076399a0b0	2	False	True
nat_b854d939d1cc416089b0	gvpk	cluster_b854d939d1cc416089b0	0	False	True
nat_891be5bf182f6f47b42f	gvpk	cluster_14e9a67df0dd3e5aba86	1	False	False
nat_c3e07fb5ea5af421370c	gvpk	cluster_06bb445b6a5c2299edf7	1	False	False
nat_a5ecf4f0152b64075fbe	gvpk	cluster_14e9a67df0dd3e5aba86	1	False	False
nat_68089f3136e08c8655d5	gvpj	cluster_68089f3136e08c8655d5	1	False	False
nat_98c17a9a67d3ec5e7355	gvpj	cluster_04c084aa7034f2b0643c	1	False	False
nat_55c9bd284093601349bc	gvpj	cluster_55c9bd284093601349bc	0	False	False
nat_515955f01bebed0b5963	gvpj	cluster_515955f01bebed0b5963	1	False	False
nat_1dbd7a4a41de9f640af1	gvpj	cluster_1dbd7a4a41de9f640af1	1	False	False
nat_7c25847a55db32659928	gvpk	cluster_7c25847a55db32659928	2	False	True
nat_f9fd8306d74bf30082b9	gvpk	cluster_06821e5fc5c34d708729	0	False	False
nat_719ddebd2b5b980d36ce	gvpk	cluster_719ddebd2b5b980d36ce	0	False	True
nat_96d3b6c17b4236f755ff	gvpk	cluster_96d3b6c17b4236f755ff	2	False	True
nat_f886548319deb0533ee3	gvpk	cluster_f886548319deb0533ee3	1	False	True
nat_d861bfe11a962861f3d4	gvpk	cluster_1c074545fa887812c40d	1	False	False
nat_d7ae49ed1ac2f86b33c1	gvpv	cluster_3c70afdab9e7af2e1189	2	False	False
nat_c3864be3a36de85b74e8	gvpv	cluster_c3864be3a36de85b74e8	2	False	True
nat_423e7db658438d5646a8	gvpj	cluster_17858e67067c36a2a936	1	False	False
nat_6b430be939bbbcdb6ca0	gvpj	cluster_469c2c6e74bc5945041b	1	False	False
nat_4d0d1af8c6b377ed553a	gvpj	cluster_4d0d1af8c6b377ed553a	1	False	False
nat_3920ca7a93d3521445d8	gvpj	cluster_3920ca7a93d3521445d8	2	False	False
nat_fb5c50128dbd5c384bba	gvpj	cluster_fb5c50128dbd5c384bba	0	False	False
nat_3ed9bc4471e8c5d8a73f	gvpj	cluster_17858e67067c36a2a936	1	False	False
nat_99b0e6ac4f74262c1bb2	gvpj	cluster_256f4d9f9e8bd81a3ef9	1	False	False
nat_e5df3d986da0fca5374f	gvpk	cluster_4148f2a81e7132b20b9f	2	False	False
nat_5b46a6cc850e61a43326	gvpk	cluster_5b46a6cc850e61a43326	1	False	True
nat_ecec43ec6ff0f46c3f32	gvpk	cluster_02fd8350edf1c6e15bae	2	False	False
nat_ca058e965d65a8238480	gvpk	cluster_b854d939d1cc416089b0	0	False	False
nat_2288f0ab5a9d37a453af	gvpk	cluster_099ee06bc3f1047a9b40	2	False	False
nat_12a2e44091d101f884a5	gvpk	cluster_12a2e44091d101f884a5	2	False	True
nat_1c074545fa887812c40d	gvpk	cluster_1c074545fa887812c40d	1	False	True
nat_64647356df86f4d6c504	gvpk	cluster_1c074545fa887812c40d	1	False	False
nat_c68280dd1cee4d2a5307	gvpv	cluster_a120643363df57573242	0	False	False
nat_2e9855a6be3700c23fe5	gvpv	cluster_2e9855a6be3700c23fe5	2	False	True
nat_5af1dad025fd9ae899db	gvpv	cluster_5af1dad025fd9ae899db	1	False	True
nat_f580e47f980a015394d4	gvpj	cluster_09039b31722d95054d91	2	False	False
nat_5c2e3230af84af2b587d	gvpj	cluster_2dde3392aae621ffc247	0	False	False
nat_54cf1e0b05b06f3e29b4	gvpj	cluster_469c2c6e74bc5945041b	1	False	False
nat_b72075109bbb6320c712	gvpj	cluster_04c084aa7034f2b0643c	1	False	False
nat_8a813f6e8cd834c61935	gvpj	cluster_17858e67067c36a2a936	1	False	False
nat_ac61932baba86c9a492c	gvpj	cluster_52cf8d3cb8c8f1b32edb	1	False	False
nat_4481f660bcc30bb1d9c4	gvpj	cluster_4481f660bcc30bb1d9c4	1	False	False
nat_a5f47ab07e6ff957de52	gvpk	cluster_099ee06bc3f1047a9b40	2	False	False
nat_c24b0ac6128907419709	gvpk	cluster_719ddebd2b5b980d36ce	0	False	False
nat_33c9d4d613592534daca	gvpk	cluster_1f59c5fb58b4377ef820	1	False	False
nat_2fd75fe1ce765a30a2c2	gvpk	cluster_2fd75fe1ce765a30a2c2	2	False	True
nat_0d4146f6304fb405a11b	gvpk	cluster_0d4146f6304fb405a11b	1	False	True
nat_a016c083356c8037a132	gvpk	cluster_a016c083356c8037a132	1	False	True
nat_b25f81ae8808e6ebc176	gvpk	cluster_b25f81ae8808e6ebc176	1	False	True
nat_3c70afdab9e7af2e1189	gvpv	cluster_3c70afdab9e7af2e1189	2	False	True
nat_b09acb4d26a9cf98efc4	gvpj	cluster_b09acb4d26a9cf98efc4	1	False	False
nat_b85d6d93ba4c4fac8738	gvpj	cluster_2a43ec8cc7979782d2b6	1	False	False
nat_70ecf2053d255f8cbc58	gvpj	cluster_70ecf2053d255f8cbc58	1	False	False
nat_cd1a9ffb557d1157e46b	gvpj	cluster_b297046d38f89c457aeb	1	False	False
nat_52cf8d3cb8c8f1b32edb	gvpj	cluster_52cf8d3cb8c8f1b32edb	1	False	False
nat_ad7c1bb463ca288e04ea	gvpj	cluster_04c084aa7034f2b0643c	1	False	False
nat_c5837586dc76623d7498	gvpj	cluster_1afa662e7ba52f44c1e0	1	False	False
nat_dfd554c04446a4377ab5	gvpj	cluster_17858e67067c36a2a936	1	False	False
nat_31e3d15096bef9cf7798	gvpj	cluster_236ad06337f0c9876680	1	False	False
nat_02fd8350edf1c6e15bae	gvpk	cluster_02fd8350edf1c6e15bae	2	False	True
nat_a7c4b092d8efa9ce79d5	gvpk	cluster_2036d4845b8237f7e56c	2	False	False
nat_2be49069dec87643c3e5	gvpk	cluster_2be49069dec87643c3e5	0	False	True
nat_25c8b136d03361e120af	gvpk	cluster_25c8b136d03361e120af	1	False	True
nat_af2e22adbdb49bc0ba60	gvpk	cluster_af2e22adbdb49bc0ba60	2	False	True
nat_715e7f41090a31cdf1ec	gvpk	cluster_715e7f41090a31cdf1ec	2	False	True
nat_7c7d01a7d3871f469ba6	gvpv	cluster_22f3216261d87724d5ca	0	False	False
nat_e5ceabb21180b04662ae	gvpv	cluster_e5ceabb21180b04662ae	2	False	True
nat_22f3216261d87724d5ca	gvpv	cluster_22f3216261d87724d5ca	0	False	True
nat_a120643363df57573242	gvpv	cluster_a120643363df57573242	0	False	True
nat_55f831f992234588cedd	gvpv	cluster_3c70afdab9e7af2e1189	2	False	False
nat_18f34224f39837d53eec	gvpj	cluster_18f34224f39837d53eec	1	False	False
nat_b629ea5b6ccdf5cafe33	gvpj	cluster_2dde3392aae621ffc247	0	False	False
nat_0d9cf3fa4290fec6ca54	gvpj	cluster_0d9cf3fa4290fec6ca54	0	False	False
nat_86c1908d1d28058bf2a9	gvpj	cluster_3fffa9db9247345bf996	0	False	False
nat_c7a61c64d45a104467ff	gvpj	cluster_c7a61c64d45a104467ff	0	False	False
nat_851698785dae5c558dd3	gvpj	cluster_4dd27faa1e6ec7300c76	2	False	False
nat_17f8dbacce8546140dc8	gvpj	cluster_17f8dbacce8546140dc8	0	False	False
nat_dfcd4d5922ac3741b10b	gvpj	cluster_08095d9387557239b7fa	1	False	False
nat_702dead02f3ae53b187b	gvpj	cluster_1dbd7a4a41de9f640af1	1	False	False
nat_675665fb4942fba8ca99	gvpk	cluster_63fdb44f0206ff540bb1	1	False	False
nat_e78348e72525b9382660	gvpk	cluster_e78348e72525b9382660	0	False	True
nat_b363302af55ca0deaf4a	gvpk	cluster_25c8b136d03361e120af	1	False	False
nat_acc4591c95caebc1acdc	gvpv	cluster_22f3216261d87724d5ca	0	False	False
nat_09039b31722d95054d91	gvpj	cluster_09039b31722d95054d91	2	False	False
nat_02e0719c48b326139c30	gvpj	cluster_02e0719c48b326139c30	0	False	False
nat_d320098a8d27dbc207b8	gvpj	cluster_d320098a8d27dbc207b8	0	False	False
nat_14984df4adbcd7a23bc2	gvpj	cluster_00c6196a0e576e2b1900	0	False	False
nat_4dd27faa1e6ec7300c76	gvpj	cluster_4dd27faa1e6ec7300c76	2	False	False
nat_1de0bb420c43b6a81f73	gvpj	cluster_17858e67067c36a2a936	1	False	False
nat_5f9abedf20fee61c54e6	gvpj	cluster_5f9abedf20fee61c54e6	2	False	False
nat_a0d0faf59b37918c6cc5	gvpk	cluster_6ab76c5d4defe2738feb	1	False	False
nat_04ce3ef0cebc48437e9d	gvpv	cluster_04ce3ef0cebc48437e9d	1	False	True
nat_9e075611002980f0bdd1	gvpv	cluster_04ce3ef0cebc48437e9d	1	False	False
nat_bb76aad3eff34c3e25a9	gvpj	cluster_1359fb8c6e51c0f9bb89	2	False	False
nat_ccea7d4aa043b4d32826	gvpj	cluster_8cc50c0228caae3ad7f4	1	False	False
nat_b06966010b381d82d4cd	gvpj	cluster_3062abb6a6afc7917c3a	1	False	False
nat_3062abb6a6afc7917c3a	gvpj	cluster_3062abb6a6afc7917c3a	1	False	False
nat_4814a0d12e58e5e9beba	gvpj	cluster_42e47560e4eed8697446	1	False	False
nat_17858e67067c36a2a936	gvpj	cluster_17858e67067c36a2a936	1	False	False
nat_d77f2785267c8b1305ed	gvpj	cluster_17858e67067c36a2a936	1	False	False
nat_a346ed17080beb19b7f9	gvpj	cluster_a346ed17080beb19b7f9	1	False	False
nat_41b03f4d8b23fbfeb923	gvpj	cluster_04ba7db7d0670b52f7bf	2	False	False
nat_56a08e61cb35ab8bf932	gvpj	cluster_3062abb6a6afc7917c3a	1	False	False
nat_a70182d8c535b764bc30	gvpk	cluster_8a100116ad2137c3e464	1	False	False
nat_3e818bdd944ede311b8f	gvpj	cluster_3e818bdd944ede311b8f	0	False	False
nat_fdb0b9a351d4c4c08841	gvpj	cluster_72b3a46ef502cdedfc81	0	False	False
nat_a58d5e6d6e3756336d95	gvpj	cluster_1afa662e7ba52f44c1e0	1	False	False
nat_c52144aca7397b867a63	gvpj	cluster_08303d07c69b3b006cc6	2	False	False
nat_537a56df1e3b5128f45c	gvpj	cluster_537a56df1e3b5128f45c	0	False	False
nat_a9b81aca9b85a9dd31fc	gvpj	cluster_18f34224f39837d53eec	1	False	False
nat_6d378caa0baac445cb99	gvpj	cluster_6d378caa0baac445cb99	2	False	False
nat_c0cbaeb838a26d617958	gvpj	cluster_04ba7db7d0670b52f7bf	2	False	False
nat_e357eb27850d60387f0e	gvpk	cluster_c0bb6e35db076399a0b0	2	False	False
nat_2428f2a3ddc43e0b10ed	gvpk	cluster_0f8d9d1627be026a1e6b	2	False	False
nat_fd72e792f1baf1428f94	gvpj	cluster_1359fb8c6e51c0f9bb89	2	False	False
nat_1d2f3e1cd710fe0c7fcf	gvpj	cluster_1d2f3e1cd710fe0c7fcf	2	False	False
nat_fb9c2dd13c55d0636bf5	gvpj	cluster_83028a3e0826e61bf382	2	False	False
nat_469c2c6e74bc5945041b	gvpj	cluster_469c2c6e74bc5945041b	1	False	False
nat_7bc4c8a6ef4aaf9c7db6	gvpj	cluster_7bc4c8a6ef4aaf9c7db6	1	False	False
nat_71487a9fd043fc5b4741	gvpj	cluster_537a56df1e3b5128f45c	0	False	False
nat_cea2d8f5b7fe0c126524	gvpj	cluster_2d8e972f7b8e0b149992	0	False	False
nat_27a014e0508035f164ab	gvpk	cluster_02fd8350edf1c6e15bae	2	False	False
nat_1e91833282be9f0bd4e2	gvpk	cluster_1e91833282be9f0bd4e2	2	False	True
nat_db306f3f0b6bb11db8ba	gvpk	cluster_06821e5fc5c34d708729	0	False	False
nat_10a2bccfc68f5e531829	gvpk	cluster_02fd8350edf1c6e15bae	2	False	False
nat_cb75faf383e3b49f7b2a	gvpk	cluster_cb75faf383e3b49f7b2a	0	False	True
nat_2ddb34aa2bfe89121c6e	gvpj	cluster_2ddb34aa2bfe89121c6e	2	False	False
nat_1359fb8c6e51c0f9bb89	gvpj	cluster_1359fb8c6e51c0f9bb89	2	False	False
nat_6d2bef4d44f7bf3ac9b4	gvpj	cluster_04ba7db7d0670b52f7bf	2	False	False
nat_08095d9387557239b7fa	gvpj	cluster_08095d9387557239b7fa	1	False	False
nat_04ba7db7d0670b52f7bf	gvpj	cluster_04ba7db7d0670b52f7bf	2	False	False
nat_54a094b6383fa8729a8a	gvpk	cluster_54a094b6383fa8729a8a	2	False	True
nat_93cf64215c7fbe783f27	gvpk	cluster_099ee06bc3f1047a9b40	2	False	False
nat_af3d459664f55329d87d	gvpk	cluster_2be49069dec87643c3e5	0	False	False
nat_b873f3b22ce8ca984966	gvpk	cluster_099ee06bc3f1047a9b40	2	False	False
nat_d78c925145ff9cdee9e2	gvpk	cluster_1e91833282be9f0bd4e2	2	False	False
nat_75a89740ad2cb7445378	gvpk	cluster_3d03178d5c86075982f0	0	False	False
nat_fe11696e82e1518b1111	gvpv	cluster_8c5563b595d2c6f99a2c	2	False	False
nat_8c5563b595d2c6f99a2c	gvpv	cluster_8c5563b595d2c6f99a2c	2	False	True
nat_2326b4b1edc73215c448	gvpj	cluster_1359fb8c6e51c0f9bb89	2	False	False
nat_d9b388b924f7fb872e9a	gvpj	cluster_d9b388b924f7fb872e9a	0	False	False
nat_dfa30aeb69b3c1d9527c	gvpj	cluster_8021adb844c9a8ddd77d	2	False	False
nat_53bb9ec21df57edd61e9	gvpj	cluster_00eda75e8d86c0000a3e	0	False	False
nat_c8057d4884d2825dccf9	gvpj	cluster_00eda75e8d86c0000a3e	0	False	False
nat_ea896810d6de49002a03	gvpj	cluster_515955f01bebed0b5963	1	False	False
nat_f62d186d9e38a7bef1c8	gvpj	cluster_515955f01bebed0b5963	1	False	False
nat_dabbd8af7a7c1bd7efa2	gvpk	cluster_099ee06bc3f1047a9b40	2	False	False
nat_63fdb44f0206ff540bb1	gvpk	cluster_63fdb44f0206ff540bb1	1	False	True
nat_b6fc0c88601942e519e8	gvpk	cluster_b6fc0c88601942e519e8	1	False	True
nat_9f67ffb9509d5a532d5a	gvpv	cluster_08f506a8e9498c03b468	0	False	False
nat_eb733570d58501633fc1	gvpj	cluster_310001c53513ca67a4e6	2	False	False
nat_b6818cf3a9a74185f24e	gvpj	cluster_b6818cf3a9a74185f24e	0	False	False
nat_a4d59c0ba0a75c675a9e	gvpj	cluster_a4d59c0ba0a75c675a9e	2	False	False
nat_bcd02030b41a775b0edc	gvpj	cluster_970e328c0ded530748ae	1	False	False
nat_6052e825ac2d82997ce0	gvpj	cluster_6052e825ac2d82997ce0	0	False	False
nat_a05d2a4091bc6540fd5e	gvpj	cluster_970e328c0ded530748ae	1	False	False
nat_ca24e4ec504822c5dfe9	gvpk	cluster_54a094b6383fa8729a8a	2	False	False
nat_590b75b8f97f712b8c55	gvpk	cluster_590b75b8f97f712b8c55	0	False	True
nat_fef3284f3bbbf6a6d373	gvpk	cluster_fef3284f3bbbf6a6d373	1	False	True
nat_9ad8adafd39e806bd787	gvpk	cluster_63b8d2c76b5087893a75	0	False	False
nat_d73c23b69cd9d76397d0	gvpk	cluster_d73c23b69cd9d76397d0	0	False	True
nat_63b8d2c76b5087893a75	gvpk	cluster_63b8d2c76b5087893a75	0	False	True
nat_155ff0e1a28c900ffd67	gvpk	cluster_155ff0e1a28c900ffd67	2	False	True
nat_cb2a4f8786db072e6e3c	gvpv	cluster_a37f10bcf8297b415bfd	1	False	False
nat_a37f10bcf8297b415bfd	gvpv	cluster_a37f10bcf8297b415bfd	1	False	True
nat_64e943fc36a310c6d121	gvpv	cluster_08f506a8e9498c03b468	0	False	False
nat_f1c7d03ba03b4be49674	gvpj	cluster_f1c7d03ba03b4be49674	2	False	False
nat_50c226cfb171989d88e4	gvpj	cluster_00c6196a0e576e2b1900	0	False	False
nat_d8ad104f77bb8702bdff	gvpj	cluster_d8ad104f77bb8702bdff	2	False	False
nat_6a2caa9d644a05b1fa76	gvpk	cluster_6a2caa9d644a05b1fa76	0	False	True
nat_b1b4221c2360951d038d	gvpk	cluster_5b46a6cc850e61a43326	1	False	False
nat_b94c6e496a778f2f3d21	gvpk	cluster_6a2caa9d644a05b1fa76	0	False	False
nat_8b742b78955bcae0068d	gvpk	cluster_68a18df6d5d153ea5481	2	False	False
nat_b7219ccdbb1a8cbc3860	gvpk	cluster_b7219ccdbb1a8cbc3860	2	False	True
nat_28c6c4690e5d74f7dda0	gvpk	cluster_28c6c4690e5d74f7dda0	1	False	True
nat_84154a5781d07c8500ca	gvpk	cluster_590b75b8f97f712b8c55	0	False	False
nat_08188f300b849b1f3d48	gvpv	cluster_08188f300b849b1f3d48	2	False	True
nat_bcfd4b8af1f78a43fb69	gvpv	cluster_96a553e6661e35871697	1	False	False
nat_d0f5f95022cd7da863cf	gvpv	cluster_08f506a8e9498c03b468	0	False	False
nat_6145f3ad1ea0e157727e	gvpj	cluster_6145f3ad1ea0e157727e	2	False	False
nat_c09646878c86422db188	gvpj	cluster_c09646878c86422db188	2	False	False
nat_4b18e36320efc89e1eea	gvpj	cluster_4b18e36320efc89e1eea	2	False	False
nat_236ad06337f0c9876680	gvpj	cluster_236ad06337f0c9876680	1	False	False
nat_4c1ba5fd81745b4e47ab	gvpk	cluster_02fd8350edf1c6e15bae	2	False	False
nat_1eff08f7399a2c188eeb	gvpk	cluster_1eff08f7399a2c188eeb	0	False	True
nat_341f22f6df848fe1e159	gvpv	cluster_341f22f6df848fe1e159	0	False	True
nat_fa3dad0f82d10d14690c	gvpj	cluster_fa3dad0f82d10d14690c	1	False	False
nat_ebb0222a6974a49233c4	gvpj	cluster_21fd512873a52dc47991	2	False	False
nat_f5e37f04fa6151500a34	gvpj	cluster_f5e37f04fa6151500a34	2	False	False
nat_3955b02fcca9b64e0539	gvpj	cluster_3955b02fcca9b64e0539	0	False	False
nat_7e161df14aecc433aaad	gvpj	cluster_59ebab222d7c72ba71eb	2	False	False
nat_bad2dad2cf60a57b02f5	gvpj	cluster_bad2dad2cf60a57b02f5	1	False	False
nat_2730dab12de0ce3ce325	gvpk	cluster_06821e5fc5c34d708729	0	False	False
nat_2036d4845b8237f7e56c	gvpk	cluster_2036d4845b8237f7e56c	2	False	True
nat_2e144ce2e0ef46f92e42	gvpk	cluster_2e144ce2e0ef46f92e42	1	False	True
nat_8b5302944c9c53b081ba	gvpj	cluster_7bdfaf160f3bdc576512	2	False	False
nat_e7d0fda38d12f19e6029	gvpj	cluster_2ddb34aa2bfe89121c6e	2	False	False
nat_0a0c4f57cf79f46bf8f3	gvpj	cluster_0a0c4f57cf79f46bf8f3	2	False	False
nat_f09b5446213cc775d1f5	gvpj	cluster_f09b5446213cc775d1f5	1	False	False
nat_071d41176330dd0796d5	gvpj	cluster_071d41176330dd0796d5	0	False	False
nat_bae63dd0b8d13acbfc4b	gvpj	cluster_1d2f3e1cd710fe0c7fcf	2	False	False
nat_9029bc6ccd84f10c931a	gvpj	cluster_9029bc6ccd84f10c931a	0	False	False
nat_25e574f58ba93dcb64e2	gvpj	cluster_00eda75e8d86c0000a3e	0	False	False
nat_68a18df6d5d153ea5481	gvpk	cluster_68a18df6d5d153ea5481	2	False	True
nat_6e7e127e6aabd3c6f5a8	gvpk	cluster_2be49069dec87643c3e5	0	False	False
nat_feb7854d969d6d554dbd	gvpk	cluster_2e144ce2e0ef46f92e42	1	False	False
nat_e7691975be520cbcfc17	gvpj	cluster_e7691975be520cbcfc17	1	False	False
nat_e6372e2544e857de1c1a	gvpj	cluster_e6372e2544e857de1c1a	2	False	False
nat_531ae3f11b11d3960405	gvpj	cluster_531ae3f11b11d3960405	2	False	False
nat_568d6ca5fcbffc2ace52	gvpj	cluster_3955b02fcca9b64e0539	0	False	False
nat_6e2299007a2edd2a61ea	gvpj	cluster_00eda75e8d86c0000a3e	0	False	False
nat_09a4add84a42a4d7619a	gvpj	cluster_09a4add84a42a4d7619a	1	False	False
nat_8bed007e2257e19d722b	gvpf	cluster_600cc7dd0b3564219e23	1	False	False
nat_72b3a46ef502cdedfc81	gvpj	cluster_72b3a46ef502cdedfc81	0	False	False
nat_c98d4b9753be8dfa1f08	gvpj	cluster_0d9cf3fa4290fec6ca54	0	False	False
nat_d24a0f91a34bbf48a22b	gvpj	cluster_ad3e371bbe2427eb778d	1	False	False
nat_18d7e5ff3cc7fe9730aa	gvpj	cluster_00c6196a0e576e2b1900	0	False	False
nat_7cb108de86cc479cc796	gvpj	cluster_3b723aaeacc6bb57b98b	1	False	False
nat_b77997ea61d5b6352e31	gvpj	cluster_0283d587032de178b666	1	False	False
nat_eb0256b251c333362463	gvpk	cluster_02fd8350edf1c6e15bae	2	False	False
nat_b4afab7df9fb20b0f5db	gvpk	cluster_b4afab7df9fb20b0f5db	2	False	True
nat_e11f8f5f145076b46b27	gvpk	cluster_06821e5fc5c34d708729	0	False	False
nat_f993bd13f890ef7ea4b0	gvpk	cluster_f993bd13f890ef7ea4b0	2	False	True
nat_ca9b369882de345fd105	gvpk	cluster_b4afab7df9fb20b0f5db	2	False	False
nat_ebd57e3d076c8cc40548	gvpk	cluster_ebd57e3d076c8cc40548	0	False	True
nat_9295f767a32dcface418	gvpv	cluster_9295f767a32dcface418	0	False	True
nat_6b6005bad0dd4948a190	gvpv	cluster_6b6005bad0dd4948a190	1	False	True
nat_3b12a9f8d634154d518e	gvpj	cluster_3b12a9f8d634154d518e	0	False	False
nat_1e84f7075826793ff666	gvpj	cluster_1e84f7075826793ff666	2	False	False
nat_40571a78567e238ce9c6	gvpj	cluster_00eda75e8d86c0000a3e	0	False	False
nat_a4ea0771a62129b6e7cf	gvpj	cluster_469c2c6e74bc5945041b	1	False	False
nat_69566bd3dfb0ad71c79f	gvpj	cluster_59ebab222d7c72ba71eb	2	False	False
nat_5e7091515d82b50cbd50	gvpj	cluster_0283d587032de178b666	1	False	False
nat_f1dfa126e7493ff95915	gvpj	cluster_f1dfa126e7493ff95915	0	False	False
nat_6fe65d28a28456450f1d	gvpj	cluster_0844cfaee9f234d540b5	0	False	False
nat_26308fc9d4bef9eb4e06	gvpj	cluster_00eda75e8d86c0000a3e	0	False	False
nat_06821e5fc5c34d708729	gvpk	cluster_06821e5fc5c34d708729	0	False	True
nat_f34c21bef9d83be311ab	gvpk	cluster_06821e5fc5c34d708729	0	False	False
nat_8110e8011a6d8e0e31e9	gvpv	cluster_8110e8011a6d8e0e31e9	1	False	True
nat_cd4bfde01bf7f512d7e4	gvpj	cluster_0283d587032de178b666	1	False	False
nat_b98ff0a704b47fc46c7b	gvpj	cluster_00eda75e8d86c0000a3e	0	False	False
nat_9d95fb5f11c9b20cbd54	gvpj	cluster_00eda75e8d86c0000a3e	0	False	False
nat_86681ddf38afc42e15b1	gvpj	cluster_2d9f554b7cf506370a12	1	False	False
nat_8b95b6a8454826276aeb	gvpj	cluster_0283d587032de178b666	1	False	False
nat_1a9b7eb01e9bfef0db94	gvpj	cluster_00eda75e8d86c0000a3e	0	False	False
nat_fde7addd3bf07688f196	gvpj	cluster_09f47a4c9a94b657ae7d	0	False	False
nat_63271297f6b3d9d8c243	gvpk	cluster_06821e5fc5c34d708729	0	False	False
nat_538664c2c899a02c8b5c	gvpk	cluster_02fd8350edf1c6e15bae	2	False	False
nat_8d605ff22811ab4235d7	gvpk	cluster_719ddebd2b5b980d36ce	0	False	False
nat_dab55a7d52a5f41dc70e	gvpf	cluster_600cc7dd0b3564219e23	1	False	False
nat_8b60c84abe52648fea48	gvpj	cluster_09a4add84a42a4d7619a	1	False	False
nat_8021adb844c9a8ddd77d	gvpj	cluster_8021adb844c9a8ddd77d	2	False	False
nat_ad1ac7e11fe15e3670a1	gvpj	cluster_89c790125075f3b587bb	1	False	False
nat_ce0374b116e56b005b6e	gvpj	cluster_29912d63ac90b8f0de89	2	False	False
nat_00c6196a0e576e2b1900	gvpj	cluster_00c6196a0e576e2b1900	0	False	False
nat_fb104b6db70ffc781527	gvpj	cluster_fb104b6db70ffc781527	2	False	False
nat_c878ed98f912803b2650	gvpj	cluster_00eda75e8d86c0000a3e	0	False	False
nat_e2ce29238f757f550f72	gvpj	cluster_00c6196a0e576e2b1900	0	False	False
nat_e7917ca07f716dbc393f	gvpj	cluster_00eda75e8d86c0000a3e	0	False	False
nat_89c790125075f3b587bb	gvpj	cluster_89c790125075f3b587bb	1	False	False
nat_29912d63ac90b8f0de89	gvpj	cluster_29912d63ac90b8f0de89	2	False	False
nat_9e1803ec0ea9ee179a94	gvpj	cluster_00eda75e8d86c0000a3e	0	False	False
nat_f3a6931071d746ea3e3e	gvpj	cluster_00eda75e8d86c0000a3e	0	False	False
nat_6a0677ea515c945fa3fc	gvpj	cluster_0283d587032de178b666	1	False	False
nat_c253b9ec4d9a0828c2c9	gvpj	cluster_00eda75e8d86c0000a3e	0	False	False
nat_8a82e12411d5884ab1cc	gvpj	cluster_00eda75e8d86c0000a3e	0	False	False
nat_741da9de60585bc38db1	gvpj	cluster_0844cfaee9f234d540b5	0	False	False
nat_7bdfaf160f3bdc576512	gvpj	cluster_7bdfaf160f3bdc576512	2	False	False
nat_52878bc67dc3956b9eaa	gvpj	cluster_00eda75e8d86c0000a3e	0	False	False
nat_bf1dfb6914e902f34199	gvpj	cluster_00eda75e8d86c0000a3e	0	False	False
nat_72c94665b6fe8f5a4a99	gvpj	cluster_0844cfaee9f234d540b5	0	False	False
nat_00eda75e8d86c0000a3e	gvpj	cluster_00eda75e8d86c0000a3e	0	False	False
nat_dfe8452e4eed8d606afe	gvpj	cluster_4481f660bcc30bb1d9c4	1	False	False
nat_2c690256fac6daa57125	gvpj	cluster_11170a4c1f77a2510e97	2	False	False
nat_71c9469d11a4b15b6ca5	gvpj	cluster_00eda75e8d86c0000a3e	0	False	False
nat_bdbbf2ca834284fb90df	gvpj	cluster_bdbbf2ca834284fb90df	1	False	False
nat_6beaed64ee52af83e50c	gvpj	cluster_5c822346ac3970562a14	2	False	False
nat_d1536b249be108b51522	gvpj	cluster_0283d587032de178b666	1	False	False
nat_18142d35413b7350d3c4	gvpj	cluster_00eda75e8d86c0000a3e	0	False	False
nat_7f2f7e62d33f9e83854a	gvpj	cluster_09a4add84a42a4d7619a	1	False	False
nat_9a422dac16c32cad3bba	gvpj	cluster_29912d63ac90b8f0de89	2	False	False
nat_ec115643818e77b77aa3	gvpj	cluster_09a4add84a42a4d7619a	1	False	False
nat_69fb8c8dffa72eb18b9b	gvpj	cluster_0283d587032de178b666	1	False	False
nat_a67e165cabef467e0ac9	gvpj	cluster_00eda75e8d86c0000a3e	0	False	False
nat_ceadeb61c495acb2e73a	gvpj	cluster_72b3a46ef502cdedfc81	0	False	False
nat_a839bd0954a015535b42	gvpj	cluster_0d9cf3fa4290fec6ca54	0	False	False
nat_8fc3a32e7b76288cb25f	gvpj	cluster_8fc3a32e7b76288cb25f	2	False	False
nat_65814e7d7b7cf9390874	gvpj	cluster_65814e7d7b7cf9390874	2	False	False
nat_b65584b455da6ddf1098	gvpj	cluster_b65584b455da6ddf1098	2	False	False
nat_edecb23d5c987164e75c	gvpj	cluster_72b3a46ef502cdedfc81	0	False	False
nat_ad3e371bbe2427eb778d	gvpj	cluster_ad3e371bbe2427eb778d	1	False	False
nat_0a3c08d96e059eeafea8	gvpj	cluster_00eda75e8d86c0000a3e	0	False	False
nat_e66080fefc6e1fc45cad	gvpj	cluster_09a4add84a42a4d7619a	1	False	False
nat_8a100116ad2137c3e464	gvpk	cluster_8a100116ad2137c3e464	1	False	True
nat_fe204662a53e33e47edd	gvpk	cluster_12a2e44091d101f884a5	2	False	False
nat_78e92a5884209d4e3a56	gvpv	cluster_78e92a5884209d4e3a56	2	False	True
nat_c8771a5c10fa1c296db8	gvpv	cluster_78e92a5884209d4e3a56	2	False	False
nat_f19e30abde1c734a02eb	gvpg	cluster_82b15fd1e2a58ca3c8d0	0	False	False
nat_e094826b832044ae6553	gvpg	cluster_ba4b60d40b6ab3ab87c7	1	False	False
nat_c37cb4752fc7ece7af97	gvpg	cluster_ba4b60d40b6ab3ab87c7	1	False	False
nat_e8725e8fbddfd6b8fab4	gvpg	cluster_82b15fd1e2a58ca3c8d0	0	False	False
nat_82b15fd1e2a58ca3c8d0	gvpg	cluster_82b15fd1e2a58ca3c8d0	0	False	True
nat_b07496d6758a328c5961	gvpg	cluster_b07496d6758a328c5961	0	False	True
nat_ba4b60d40b6ab3ab87c7	gvpg	cluster_ba4b60d40b6ab3ab87c7	1	False	True
nat_59ebab222d7c72ba71eb	gvpj	cluster_59ebab222d7c72ba71eb	2	False	False
nat_03763a00c2145a246704	gvpj	cluster_03763a00c2145a246704	1	False	False
nat_c8cecfb77632c28453b2	gvpj	cluster_c8cecfb77632c28453b2	1	False	False
nat_7fe76358dfedb7e7d8ad	gvpj	cluster_7fe76358dfedb7e7d8ad	1	False	False
nat_02fc048053a10b210a78	gvpj	cluster_00c6196a0e576e2b1900	0	False	False
nat_74d379b17330f4a662e7	gvpj	cluster_00c6196a0e576e2b1900	0	False	False
nat_5a279e932ed0a8a3b9fa	gvpj	cluster_5a279e932ed0a8a3b9fa	0	False	False
nat_6dbff5a4e8597618f4ab	gvpj	cluster_6dbff5a4e8597618f4ab	0	False	False
nat_1907353f8ac65d71949b	gvpj	cluster_09a4add84a42a4d7619a	1	False	False
nat_ff6380bfdca9331d95d6	gvpj	cluster_ff6380bfdca9331d95d6	2	False	False
nat_40291105c4e4262229bd	gvpj	cluster_11170a4c1f77a2510e97	2	False	False
nat_2c228d21f1ff5bf415c0	gvpj	cluster_00eda75e8d86c0000a3e	0	False	False
nat_9d50c7bb916513aad226	gvpj	cluster_0844cfaee9f234d540b5	0	False	False
nat_4329fc20815a3de16628	gvpj	cluster_4329fc20815a3de16628	0	False	False
nat_3390f7fbd078cd08a119	gvpj	cluster_3390f7fbd078cd08a119	1	False	False
nat_400956691502e8287169	gvpj	cluster_09a4add84a42a4d7619a	1	False	False
nat_01fb42ca3aea3da0dbe5	gvpj	cluster_00eda75e8d86c0000a3e	0	False	False
nat_ea1a3849db68d6f82cc1	gvpk	cluster_8a100116ad2137c3e464	1	False	False
nat_7b0f7b8528d5bb85e97b	gvpv	cluster_7b0f7b8528d5bb85e97b	0	False	True
nat_1c11fdd132ba32e51d7d	gvpv	cluster_1c11fdd132ba32e51d7d	2	False	True
nat_e355a3cabd64b6b94474	gvpf	cluster_004259139cc6a322721e	0	False	False
nat_2f81ae5a8efef14f8a07	gvpf	cluster_004259139cc6a322721e	0	False	False
nat_88718dd3cb77e8c5a330	gvpf	cluster_004259139cc6a322721e	0	False	False
nat_b2c27e09d74473b0ebc2	gvpf	cluster_004259139cc6a322721e	0	False	False
nat_a07c55369bbbf7504123	gvpf	cluster_004259139cc6a322721e	0	False	False
nat_55b02474c0fab1efb3b4	gvpf	cluster_004259139cc6a322721e	0	False	False
nat_af29a9c134c8c13c12cf	gvpf	cluster_004259139cc6a322721e	0	False	False
nat_5a737a64d401db430800	gvpf	cluster_004259139cc6a322721e	0	False	False
nat_3301e6c079648c50c9a5	gvpf	cluster_004259139cc6a322721e	0	False	False
nat_28fe1b57f20e35dc1b32	gvpf	cluster_004259139cc6a322721e	0	False	False
nat_95bd1ae896e6b37799a7	gvpf	cluster_004259139cc6a322721e	0	False	False
nat_92899af89be9c12f869e	gvpf	cluster_92899af89be9c12f869e	2	False	True
nat_d3b471aebb2636ab3f7c	gvpf	cluster_004259139cc6a322721e	0	False	False
nat_21ce4c05e2c1231a2b33	gvpf	cluster_004259139cc6a322721e	0	False	False
nat_600cc7dd0b3564219e23	gvpf	cluster_600cc7dd0b3564219e23	1	False	True
nat_fe4d20702bf334b6ba14	gvpf	cluster_92899af89be9c12f869e	2	False	False
nat_a31bf6961511d9b2e5db	gvpf	cluster_004259139cc6a322721e	0	False	False
nat_a805025f1e78467c4256	gvpf	cluster_004259139cc6a322721e	0	False	False
nat_b9a3d3a346b0bcc296b5	gvpf	cluster_004259139cc6a322721e	0	False	False
nat_d190f67f4075b2e1dcdb	gvpf	cluster_004259139cc6a322721e	0	False	False
nat_ae04aaf1066a11d3d107	gvpf	cluster_004259139cc6a322721e	0	False	False
nat_faf24daf3257ab31b44d	gvpf	cluster_004259139cc6a322721e	0	False	False
nat_9fafac92a5d42b5a3892	gvpf	cluster_004259139cc6a322721e	0	False	False
nat_a0004fe0af44e3e50ba6	gvpf	cluster_004259139cc6a322721e	0	False	False
nat_45a9e22305a1b46f68f2	gvpf	cluster_004259139cc6a322721e	0	False	False
nat_22edc8a638b6a2edc028	gvpf	cluster_004259139cc6a322721e	0	False	False
nat_012f7ed0df540c626390	gvpf	cluster_004259139cc6a322721e	0	False	False
nat_0aef17ff33a56ad243d6	gvpf	cluster_004259139cc6a322721e	0	False	False
nat_9563afccb8c08431776b	gvpf	cluster_004259139cc6a322721e	0	False	False
nat_3f4ad2718cecb9460dfc	gvpf	cluster_004259139cc6a322721e	0	False	False
nat_b7b637f34ee70e87224a	gvpf	cluster_004259139cc6a322721e	0	False	False
nat_6564bfeee9ba0940d56f	gvpf	cluster_004259139cc6a322721e	0	False	False
nat_ac4b5fca0de2eeea6c28	gvpf	cluster_ac4b5fca0de2eeea6c28	0	False	True
nat_d529a4dd5362b300ea01	gvpf	cluster_92899af89be9c12f869e	2	False	False
nat_f78382fe3dd21fcadefa	gvpf	cluster_004259139cc6a322721e	0	False	False
nat_f463633620130e740645	gvpf	cluster_004259139cc6a322721e	0	False	False
nat_6f144fe174f3d5d05cd4	gvpf	cluster_600cc7dd0b3564219e23	1	False	False
nat_868cd976b7dd6f5d055d	gvpf	cluster_004259139cc6a322721e	0	False	False
nat_5862b03f358ba80678c2	gvpf	cluster_004259139cc6a322721e	0	False	False
nat_e68c2635df884c45a501	gvpf	cluster_004259139cc6a322721e	0	False	False
nat_d8886baa75cb39b8df27	gvpf	cluster_004259139cc6a322721e	0	False	False
nat_004259139cc6a322721e	gvpf	cluster_004259139cc6a322721e	0	False	True
nat_c25d7e556c15742553a1	gvpg	cluster_ac4b5fca0de2eeea6c28	0	False	True
nat_c369e87f87b6a7dd6238	gvpg	cluster_217ee45dccf41939125a	1	False	False
nat_ebd14cfcc4230e68547c	gvpg	cluster_0121f9805d9138155c94	0	False	False
nat_1be8da2500a3aec3282a	gvpg	cluster_165370dde2f43a2ea77b	2	False	False
nat_0121f9805d9138155c94	gvpg	cluster_0121f9805d9138155c94	0	False	True
nat_935d7d0e66b4d7c7301a	gvpg	cluster_935d7d0e66b4d7c7301a	0	False	True
nat_e769f69aa7448b8d9229	gvpg	cluster_d5d2b89b08562340fb40	1	False	False
nat_d9f4961baff7df57d2fd	gvpg	cluster_c1fe0a4a727199d7f1bd	2	False	False
nat_155ce5a12a657fff67bd	gvpg	cluster_155ce5a12a657fff67bd	1	False	True
nat_9ec14e80a2c82af4533c	gvpg	cluster_935d7d0e66b4d7c7301a	0	False	False
nat_131fa3fa79bf624713b7	gvpg	cluster_131fa3fa79bf624713b7	0	False	True
nat_be10ce7289e36a7cd4d2	gvpg	cluster_217ee45dccf41939125a	1	False	False
nat_7ed43cadccbe39bfd14a	gvpg	cluster_131fa3fa79bf624713b7	0	False	False
nat_c4a69bd076e3206cdf7d	gvpg	cluster_a3571b1c51affce50627	2	False	False
nat_0400bc6bebe746f9e951	gvpg	cluster_0400bc6bebe746f9e951	1	False	True
nat_22b97f35b905826c7d19	gvpg	cluster_131fa3fa79bf624713b7	0	False	False
nat_a3571b1c51affce50627	gvpg	cluster_a3571b1c51affce50627	2	False	True
nat_4bb2d1867476b81ae8d0	gvpg	cluster_4bb2d1867476b81ae8d0	1	False	True
nat_ebf292a13c22a6fb10ff	gvpg	cluster_0121f9805d9138155c94	0	False	False
nat_643eb77a8f781d63766e	gvpg	cluster_0121f9805d9138155c94	0	False	False
nat_75c7fbef14ba03f076f3	gvpg	cluster_0121f9805d9138155c94	0	False	False
nat_d5d2b89b08562340fb40	gvpg	cluster_d5d2b89b08562340fb40	1	False	True
nat_c1fe0a4a727199d7f1bd	gvpg	cluster_c1fe0a4a727199d7f1bd	2	False	True
nat_217ee45dccf41939125a	gvpg	cluster_217ee45dccf41939125a	1	False	True
nat_e40d3b614313d5e855db	gvpg	cluster_ac4b5fca0de2eeea6c28	0	False	False
nat_b10fc547fbd9c05dd022	gvpg	cluster_0121f9805d9138155c94	0	False	False
nat_b73460f69f417dd9c10a	gvpg	cluster_165370dde2f43a2ea77b	2	False	False
nat_cc09b951685ac0c5b5b6	gvpj	cluster_cc09b951685ac0c5b5b6	2	False	False
nat_153fd28bce58c6b649fd	gvpj	cluster_03763a00c2145a246704	1	False	False
nat_3878c8f21f617dc3063f	gvpj	cluster_3878c8f21f617dc3063f	1	False	False
nat_4ac4ff2acc517133e87a	gvpj	cluster_4ac4ff2acc517133e87a	1	False	False
nat_48e9ecb8ea26e11eb74d	gvpj	cluster_3878c8f21f617dc3063f	1	False	False
nat_13943ba848a919563021	gvpj	cluster_13943ba848a919563021	0	False	False
nat_517193d41961ed2ef463	gvpj	cluster_517193d41961ed2ef463	2	False	False
nat_019e4d041634e825f3b4	gvpj	cluster_00eda75e8d86c0000a3e	0	False	False
nat_15f7f1ff1f3d13b3a6e4	gvpj	cluster_00c6196a0e576e2b1900	0	False	False
nat_f7504e4129a4bef9f7f2	gvpj	cluster_27cfc6c7874687adce98	0	False	False
nat_63e50dde20dac61b7920	gvpj	cluster_63e50dde20dac61b7920	1	False	False
nat_adbccafe282c78df56d1	gvpj	cluster_adbccafe282c78df56d1	2	False	False
nat_03154ee220c3666c043c	gvpj	cluster_00eda75e8d86c0000a3e	0	False	False
nat_0e646809d1e3d9dcc68e	gvpj	cluster_00eda75e8d86c0000a3e	0	False	False
nat_83b5a7fbdc055a7e6548	gvpk	cluster_83b5a7fbdc055a7e6548	0	False	True
nat_38b51f2483ea6fcfa2ee	gvpv	cluster_38b51f2483ea6fcfa2ee	1	False	True
nat_f3cee6b4b1ac4fbe31cd	gvpf	cluster_f3cee6b4b1ac4fbe31cd	0	False	True
nat_2ebca5fc1ab074750689	gvpg	cluster_2ebca5fc1ab074750689	1	False	True
nat_165370dde2f43a2ea77b	gvpg	cluster_165370dde2f43a2ea77b	2	False	True
nat_5c7668a9826293f7f394	gvpg	cluster_2ebca5fc1ab074750689	1	False	False
nat_bb8bd68fa8e0bdf188b8	gvpg	cluster_76bd47c3dff544aa7f3b	2	False	False
nat_6d501cf3ce1b8e6a1e66	gvpg	cluster_0fa964bd081fca56521b	2	False	False
nat_504214d77faf9ddeefbb	gvpg	cluster_21ab82e3101cd9bff5e5	2	False	False
nat_abb7c09a936c01a73080	gvpg	cluster_2ebca5fc1ab074750689	1	False	False
nat_76bd47c3dff544aa7f3b	gvpg	cluster_76bd47c3dff544aa7f3b	2	False	True
nat_eefbcc5767c120619040	gvpg	cluster_21ab82e3101cd9bff5e5	2	False	False
nat_d50eae402323b817dffd	gvpg	cluster_d50eae402323b817dffd	0	False	True
nat_575d455e710e37b166bf	gvpg	cluster_575d455e710e37b166bf	2	False	True
nat_ceedf3da692b323fb6cd	gvpg	cluster_45b22f50bea29121c3a5	2	False	False
nat_dbc1c002e29cf315f4b5	gvpg	cluster_dbc1c002e29cf315f4b5	2	False	True
nat_d0e2c9c28723db140ef6	gvpg	cluster_2317929bd5b9bea26c5e	0	False	False
nat_dc28b3b3593d013bafd7	gvpg	cluster_d50eae402323b817dffd	0	False	False
nat_5a717df99d67fd784241	gvpg	cluster_5a717df99d67fd784241	0	False	True
nat_90b0b029f6d1842c7a1c	gvpg	cluster_90b0b029f6d1842c7a1c	2	False	True
nat_8d679434bd6ee5d126ba	gvpg	cluster_8d679434bd6ee5d126ba	1	False	True
nat_2317929bd5b9bea26c5e	gvpg	cluster_2317929bd5b9bea26c5e	0	False	True
nat_ff99c037c948a02afb0b	gvpg	cluster_1ffb716e986dbe270146	0	False	False
nat_ae7c31f644fee037736e	gvpg	cluster_1ffb716e986dbe270146	0	False	False
nat_99c63b717a8f4260cba2	gvpg	cluster_99c63b717a8f4260cba2	1	False	True
nat_dfc6d9c3df75d03c2479	gvpg	cluster_dfc6d9c3df75d03c2479	0	False	True
nat_21ab82e3101cd9bff5e5	gvpg	cluster_21ab82e3101cd9bff5e5	2	False	True
nat_6e78392ee68b0d7f0e1a	gvpg	cluster_2ebca5fc1ab074750689	1	False	False
nat_a5318d3663daa1e5ee23	gvpg	cluster_165370dde2f43a2ea77b	2	False	False
nat_46f1cb4a042a2dfc3559	gvpg	cluster_46f1cb4a042a2dfc3559	0	False	True
nat_1ffb716e986dbe270146	gvpg	cluster_1ffb716e986dbe270146	0	False	True
nat_6e044414d44a341b1483	gvpg	cluster_6e044414d44a341b1483	1	False	True
nat_521484c428743b2a28a2	gvpg	cluster_46f1cb4a042a2dfc3559	0	False	False
nat_2726d22ebeb8d26c79ba	gvpg	cluster_0fa964bd081fca56521b	2	False	False
nat_45b22f50bea29121c3a5	gvpg	cluster_45b22f50bea29121c3a5	2	False	True
nat_0fa964bd081fca56521b	gvpg	cluster_0fa964bd081fca56521b	2	False	True
nat_5fba4ec9aa874b4658b9	gvpg	cluster_45b22f50bea29121c3a5	2	False	False
nat_7a005ea865f88aded183	gvpg	cluster_2ebca5fc1ab074750689	1	False	False
nat_846fac879b04f20b8dd4	gvpj	cluster_08a343a9dea7d3e71216	1	False	False
nat_c383624a53bd673fde11	gvpj	cluster_08a343a9dea7d3e71216	1	False	False
nat_504c0cf484c520b01106	gvpj	cluster_08a343a9dea7d3e71216	1	False	False
nat_4b9401c72d1b603af896	gvpj	cluster_08a343a9dea7d3e71216	1	False	False
nat_0d266ce45b1a72db8115	gvpj	cluster_0d266ce45b1a72db8115	2	False	False
nat_c629afbe950804b62ed5	gvpj	cluster_11170a4c1f77a2510e97	2	False	False
nat_b517a54b2425b7fab44e	gvpj	cluster_15354eea3b71e93dc2d8	2	False	False
nat_76b9bfd05f9cb7a2e5e7	gvpj	cluster_03763a00c2145a246704	1	False	False
nat_99f9c082fc6d7119274b	gvpj	cluster_59ebab222d7c72ba71eb	2	False	False
nat_e026213b5b86b7c3c817	gvpj	cluster_11170a4c1f77a2510e97	2	False	False
nat_cac1fc977093c9f79251	gvpj	cluster_09a4add84a42a4d7619a	1	False	False
nat_a984f11bd60c35139c61	gvpj	cluster_0283d587032de178b666	1	False	False
nat_15354eea3b71e93dc2d8	gvpj	cluster_15354eea3b71e93dc2d8	2	False	False
nat_b0658df5234d9898146c	gvpj	cluster_b0658df5234d9898146c	0	False	False
nat_e3af4a42319243713e17	gvpk	cluster_83b5a7fbdc055a7e6548	0	False	False
nat_e0ebe5d0ea6fe96cd25a	gvpv	cluster_e0ebe5d0ea6fe96cd25a	1	False	True
nat_36dfac4b8d65f9e057be	gvpj	cluster_36dfac4b8d65f9e057be	0	False	False
nat_a539aed46db05ce9e162	gvpj	cluster_00c6196a0e576e2b1900	0	False	False
nat_e6374c75b60fa8279ed4	gvpj	cluster_12a24c2ab9a08baa2623	1	False	False
nat_0f8c9a9823e4214b9eae	gvpj	cluster_0f8c9a9823e4214b9eae	1	False	False
nat_b23dc8f37bc936f98c91	gvpj	cluster_b23dc8f37bc936f98c91	0	False	False
nat_310001c53513ca67a4e6	gvpj	cluster_310001c53513ca67a4e6	2	False	False
nat_76425a53078630280b17	gvpj	cluster_59ebab222d7c72ba71eb	2	False	False
nat_3b221cf38db8c67047e0	gvpj	cluster_0844cfaee9f234d540b5	0	False	False
nat_4e739c831373f0edfba7	gvpj	cluster_0f8c9a9823e4214b9eae	1	False	False
nat_603bcb0aa2df54c41390	gvpv	cluster_38b51f2483ea6fcfa2ee	1	False	False
nat_625c344a404a2166e253	gvpv	cluster_625c344a404a2166e253	2	False	True
nat_5a7b283fcc1aa481a002	gvpj	cluster_59ebab222d7c72ba71eb	2	False	False
nat_e4c02bb0f7a8020ec61d	gvpj	cluster_72b3a46ef502cdedfc81	0	False	False
nat_8461ba422af788cc84f8	gvpj	cluster_0927b476e8bc6daa04d9	0	False	False
nat_fdd3e74cd40aa7354461	gvpj	cluster_fdd3e74cd40aa7354461	0	False	False
nat_5259c19a1d657c540490	gvpj	cluster_5259c19a1d657c540490	0	False	False
nat_9e4e510bac6a23505f71	gvpj	cluster_2d9f554b7cf506370a12	1	False	False
nat_f73328bbfd200202daff	gvpj	cluster_11170a4c1f77a2510e97	2	False	False
nat_64414e6d3eb28c6a80e0	gvpj	cluster_0dd57e3f0fd4025b07a4	2	False	False
nat_19241b5ae6f8f8136488	gvpj	cluster_11170a4c1f77a2510e97	2	False	False
nat_11a7d8a753fe9779c7c9	gvpk	cluster_11a7d8a753fe9779c7c9	1	False	True
nat_a17dbfe78e8ff3f30cdf	gvpk	cluster_a17dbfe78e8ff3f30cdf	0	False	True
nat_2f4bcf9c4df2b9e2be92	gvpj	cluster_065fd8fdc2701d3a4560	1	False	False
nat_0e5ce9bab742d3b19084	gvpj	cluster_0dd57e3f0fd4025b07a4	2	False	False
nat_bc0dc31c406bce90747d	gvpj	cluster_bc0dc31c406bce90747d	2	False	False
nat_2d9f554b7cf506370a12	gvpj	cluster_2d9f554b7cf506370a12	1	False	False
nat_9a52da9108207f742f79	gvpj	cluster_6dbff5a4e8597618f4ab	0	False	False
nat_b68be2c15bf9363e43d2	gvpj	cluster_11170a4c1f77a2510e97	2	False	False
nat_4a1d68dafdaa878722dd	gvpj	cluster_2d9f554b7cf506370a12	1	False	False
nat_9cf6f65acb0bb6519b07	gvpj	cluster_9cf6f65acb0bb6519b07	0	False	False
nat_970e328c0ded530748ae	gvpj	cluster_970e328c0ded530748ae	1	False	False
nat_4072fb75166ef38f260c	gvpj	cluster_4072fb75166ef38f260c	2	False	False
nat_81b50d473e8fbea0d753	gvpj	cluster_81b50d473e8fbea0d753	1	False	False
nat_9114ed5c98a66ed29c8f	gvpj	cluster_010082680009eecfac60	2	False	False
nat_010082680009eecfac60	gvpj	cluster_010082680009eecfac60	2	False	False
nat_44e982d9a4f9a97a0d13	gvpj	cluster_11170a4c1f77a2510e97	2	False	False
nat_065fd8fdc2701d3a4560	gvpj	cluster_065fd8fdc2701d3a4560	1	False	False
nat_71f3aa878bea7d594a02	gvpj	cluster_71f3aa878bea7d594a02	2	False	False
nat_e43d8fc75f0711ed613e	gvpj	cluster_08a343a9dea7d3e71216	1	False	False
nat_0d5c4d48b465e6ca9571	gvpj	cluster_00eda75e8d86c0000a3e	0	False	False
nat_e68b15f93012eb3c69b4	gvpj	cluster_e68b15f93012eb3c69b4	0	False	False
nat_36cf392ab682d21df0c3	gvpj	cluster_010082680009eecfac60	2	False	False
nat_c852c7981e77991797c2	gvpj	cluster_3878c8f21f617dc3063f	1	False	False
nat_ba6ff0ac3294d2c6818f	gvpj	cluster_08a343a9dea7d3e71216	1	False	False
nat_2293e201a0a9994e8131	gvpj	cluster_2293e201a0a9994e8131	2	False	False
nat_76fa137ce1acdc4bda19	gvpj	cluster_11170a4c1f77a2510e97	2	False	False
nat_e0ebc831130fb4447b33	gvpj	cluster_3390f7fbd078cd08a119	1	False	False
nat_75a81fedbebe184b8528	gvpj	cluster_0dd57e3f0fd4025b07a4	2	False	False
nat_119785f1c0655d1d50b6	gvpj	cluster_119785f1c0655d1d50b6	0	False	False
nat_cb6ed77116909eb840cc	gvpj	cluster_cb6ed77116909eb840cc	0	False	False
nat_1326ea501afe38d8f672	gvpj	cluster_09a4add84a42a4d7619a	1	False	False
nat_693ec0d594298d9459ad	gvpk	cluster_0d96b287dd19f0443d0b	0	False	False
nat_08a343a9dea7d3e71216	gvpj	cluster_08a343a9dea7d3e71216	1	False	False
nat_d76ea2de7462bc6a2acb	gvpj	cluster_119785f1c0655d1d50b6	0	False	False
nat_5c822346ac3970562a14	gvpj	cluster_5c822346ac3970562a14	2	False	False
nat_225f75b3aac6c99832fc	gvpj	cluster_1589f15763a3b3a0bf84	0	False	False
nat_ca44e444b9677c038eae	gvpj	cluster_09a4add84a42a4d7619a	1	False	False
nat_62c37e3a1f946926bc78	gvpj	cluster_62c37e3a1f946926bc78	0	False	False
nat_2418f88ce760e94aa371	gvpj	cluster_2418f88ce760e94aa371	2	False	False
nat_20d82ee5bd334e9e87ab	gvpj	cluster_20d82ee5bd334e9e87ab	0	False	False
nat_94ba15d7551886d6aa13	gvpj	cluster_94ba15d7551886d6aa13	0	False	False
nat_938bc5a2fbf0cc2d6a30	gvpj	cluster_938bc5a2fbf0cc2d6a30	2	False	False
nat_4827ef49d00dba1d77c1	gvpj	cluster_11170a4c1f77a2510e97	2	False	False
nat_5a0a9494221c4659412c	gvpj	cluster_3878c8f21f617dc3063f	1	False	False
nat_4ccdc7c4ee47fd86d36c	gvpj	cluster_4ccdc7c4ee47fd86d36c	0	False	False
nat_cac659721d3722d1a8be	gvpj	cluster_03763a00c2145a246704	1	False	False
nat_7370222c1be99389cd87	gvpj	cluster_08a343a9dea7d3e71216	1	False	False
nat_630c823407ef4f2e6361	gvpj	cluster_119785f1c0655d1d50b6	0	False	False
nat_5c9d5857295c1e857ae7	gvpj	cluster_5c9d5857295c1e857ae7	0	False	False
nat_11170a4c1f77a2510e97	gvpj	cluster_11170a4c1f77a2510e97	2	False	False
nat_e0c3a1bd76d4c37afc8c	gvpj	cluster_e0c3a1bd76d4c37afc8c	0	False	False
nat_1e2816be454b049f1920	gvpj	cluster_08a343a9dea7d3e71216	1	False	False
nat_b5d750fdff6867b5af57	gvpj	cluster_0927b476e8bc6daa04d9	0	False	False
nat_f9df0af090db19867f68	gvpj	cluster_08a343a9dea7d3e71216	1	False	False
nat_22c9ea68da69251de7cc	gvpj	cluster_22c9ea68da69251de7cc	0	False	False
nat_a11ad2e2da6123143c4f	gvpk	cluster_a11ad2e2da6123143c4f	2	False	True
nat_dc71d2c9e2ae6d8df31f	gvpk	cluster_dc71d2c9e2ae6d8df31f	2	False	True
nat_0927b476e8bc6daa04d9	gvpj	cluster_0927b476e8bc6daa04d9	0	False	False
nat_9898cabbd5e0fe5bcffe	gvpj	cluster_9898cabbd5e0fe5bcffe	1	False	False
nat_30a43eef2b89a9b85418	gvpj	cluster_119785f1c0655d1d50b6	0	False	False
nat_5b4a90bc03c35db512fd	gvpj	cluster_5b4a90bc03c35db512fd	1	False	False
nat_56827e9ef4ab0b50062c	gvpj	cluster_56827e9ef4ab0b50062c	1	False	False
nat_efd48c99cdb0d08b6f9e	gvpj	cluster_e0c3a1bd76d4c37afc8c	0	False	False
nat_06e8f5161feadd73f178	gvpj	cluster_06e8f5161feadd73f178	2	False	False
nat_cf1915a149f97296d3fd	gvpj	cluster_06e8f5161feadd73f178	2	False	False
nat_248d1b2257a26e3431e4	gvpj	cluster_248d1b2257a26e3431e4	0	False	False
nat_6bb19b9be704c758f3bf	gvpj	cluster_09a4add84a42a4d7619a	1	False	False
nat_ae4497f09726b0bcfb2f	gvpj	cluster_0b5cd7683d0975317579	2	False	False
nat_6ff785214200f1ea9f36	gvpj	cluster_1589f15763a3b3a0bf84	0	False	False
nat_119a2208a386f4a54d9d	gvpj	cluster_09a4add84a42a4d7619a	1	False	False
nat_aa41861d9ee4546b28c5	gvpj	cluster_aa41861d9ee4546b28c5	1	False	False
nat_69b7f558d07e2d585aa0	gvpj	cluster_69b7f558d07e2d585aa0	0	False	False
nat_7fe60b78eb93278ce17f	gvpj	cluster_06e8f5161feadd73f178	2	False	False
nat_12a24c2ab9a08baa2623	gvpj	cluster_12a24c2ab9a08baa2623	1	False	False
nat_3bc61484098f8112b62d	gvpj	cluster_3bc61484098f8112b62d	2	False	False
nat_2ed708bd24725eb69d2c	gvpj	cluster_119785f1c0655d1d50b6	0	False	False
nat_69d3a359681679d56e0f	gvpj	cluster_69d3a359681679d56e0f	1	False	False
nat_e9136a895903c3d0b4ef	gvpj	cluster_0844cfaee9f234d540b5	0	False	False
nat_7d9c3cb46a3650cb966f	gvpj	cluster_7d9c3cb46a3650cb966f	2	False	False
nat_aaf69e9ea95986ab1e08	gvpj	cluster_0b3f3bf863a3ef16a85e	1	False	False
nat_b350b25ce7c0236b621b	gvpj	cluster_20d82ee5bd334e9e87ab	0	False	False
nat_b603aa5b88f6a395b1f9	gvpj	cluster_1589f15763a3b3a0bf84	0	False	False
nat_df37a457c53fb207d5f3	gvpj	cluster_0dd57e3f0fd4025b07a4	2	False	False
nat_ab2c1e3f0d8fb899b91a	gvpj	cluster_8892cc08df511f644bcf	0	False	False
nat_8892cc08df511f644bcf	gvpj	cluster_8892cc08df511f644bcf	0	False	False
nat_027ad09700015f1d30d2	gvpj	cluster_027ad09700015f1d30d2	2	False	False
nat_fcf6516adac55651ea82	gvpj	cluster_bc0dc31c406bce90747d	2	False	False
nat_26bed164289c66a8ab62	gvpj	cluster_0844cfaee9f234d540b5	0	False	False
nat_317d696b35c15db3beb2	gvpj	cluster_317d696b35c15db3beb2	0	False	False
nat_e80ed7d223f205a872d2	gvpj	cluster_3bc61484098f8112b62d	2	False	False
nat_586a9e121e80cef17717	gvpj	cluster_36dfac4b8d65f9e057be	0	False	False
nat_acfbc9604c933a917cd4	gvpj	cluster_acfbc9604c933a917cd4	0	False	False
nat_805daea24cbec4e57a88	gvpj	cluster_805daea24cbec4e57a88	0	False	False
nat_d0a05bdfe7e9e584cd32	gvpj	cluster_d0a05bdfe7e9e584cd32	2	False	False
nat_40323b53e14ada1bf4ba	gvpj	cluster_40323b53e14ada1bf4ba	1	False	False
nat_755d6d89017e90d5fadf	gvpj	cluster_31bb770684ff35b24094	1	False	False
nat_20254df8ceedab382494	gvpj	cluster_20254df8ceedab382494	1	False	False
nat_71ad0aebbd9dc4f100e5	gvpj	cluster_11170a4c1f77a2510e97	2	False	False
nat_4b6c3be4d3bf82e021a0	gvpk	cluster_4b6c3be4d3bf82e021a0	2	False	True
nat_4fd9125da4c05324fca8	gvpj	cluster_4e31c4d7aa8fd221c2dc	0	False	False
nat_0dd57e3f0fd4025b07a4	gvpj	cluster_0dd57e3f0fd4025b07a4	2	False	False
nat_b12ef49ba163ab644495	gvpj	cluster_0dd57e3f0fd4025b07a4	2	False	False
nat_efc0acbdbe04d80b1008	gvpj	cluster_efc0acbdbe04d80b1008	2	False	False
nat_361f2bffb29a57e42966	gvpj	cluster_08a343a9dea7d3e71216	1	False	False
nat_9e5eb3fd2df1c3414b29	gvpj	cluster_3878c8f21f617dc3063f	1	False	False
nat_1d6f00b576454c5129eb	gvpj	cluster_1d6f00b576454c5129eb	0	False	False
nat_76139d5052a6d251dc47	gvpj	cluster_36dfac4b8d65f9e057be	0	False	False
nat_4e31c4d7aa8fd221c2dc	gvpj	cluster_4e31c4d7aa8fd221c2dc	0	False	False
nat_8bcb6afe25219c72fc3a	gvpj	cluster_8bcb6afe25219c72fc3a	2	False	False
nat_821a6d2a970cf6bcf9bb	gvpj	cluster_821a6d2a970cf6bcf9bb	2	False	False
nat_a283f318c6308a294b6d	gvpj	cluster_a283f318c6308a294b6d	0	False	False
nat_aa482e3cb48c4d364fbf	gvpj	cluster_821a6d2a970cf6bcf9bb	2	False	False
nat_fb9ab597baf336e67012	gvpj	cluster_d0a05bdfe7e9e584cd32	2	False	False
nat_2a684226bc7fc883848d	gvpk	cluster_2a684226bc7fc883848d	2	False	True
nat_0d96b287dd19f0443d0b	gvpk	cluster_0d96b287dd19f0443d0b	0	False	True
nat_a7d49e90e07b90d64e4e	gvpk	cluster_2a684226bc7fc883848d	2	False	False
nat_e776d466f02718e89751	gvpj	cluster_08a343a9dea7d3e71216	1	False	False
nat_d9e2c3510c30c0589662	gvpj	cluster_8fc3a32e7b76288cb25f	2	False	False
nat_d9cf1a4e61be35e90f85	gvpj	cluster_d9cf1a4e61be35e90f85	1	False	False
nat_8c33f7d20b82781d6559	gvpj	cluster_12a24c2ab9a08baa2623	1	False	False
nat_7e1ce867323aad4660fd	gvpj	cluster_12a24c2ab9a08baa2623	1	False	False
nat_72e84071ee76b40912a9	gvpj	cluster_72e84071ee76b40912a9	1	False	False
nat_26986896a7366e29c93d	gvpj	cluster_26986896a7366e29c93d	0	False	False
nat_71183c6ca4e255f76416	gvpj	cluster_71183c6ca4e255f76416	1	False	False
nat_c792d0ccf9656242d21f	gvpj	cluster_c792d0ccf9656242d21f	2	False	False
nat_3db117bf5e0e1b80df0a	gvpj	cluster_26986896a7366e29c93d	0	False	False
nat_9aa7f4be26f67c517aa1	gvpj	cluster_0d266ce45b1a72db8115	2	False	False
nat_c398ecaa7268076a0300	gvpj	cluster_c398ecaa7268076a0300	1	False	False
