# hmmsearch :: search profile(s) against a sequence database
# HMMER 3.3 (Nov 2019); http://hmmer.org/
# Copyright (C) 2019 Howard Hughes Medical Institute.
# Freely distributed under the BSD open source license.
# - - - - - - - - - - - - - - - - - - - - - - - - - - - - - - - - - - - -
# query HMM file:                  /mnt/d/endless/机器学习综合实践/ML-GV02-03/results/gv02_03_v2/family/fold_0/profiles/gvpa.hmm
# target sequence database:        /mnt/d/endless/机器学习综合实践/ML-GV02-03/results/gv02_03_v2/family/fold_0/natural/queries.fasta
# per-dom hits tabular output:     /mnt/d/endless/机器学习综合实践/ML-GV02-03/results/gv02_03_v2/family/fold_0/natural/gvpa.domtbl
# sequence reporting threshold:    score >= 0
# domain reporting threshold:      score >= 0
# Max sensitivity mode:            on [all heuristic filters off]
# number of worker threads:        1
# - - - - - - - - - - - - - - - - - - - - - - - - - - - - - - - - - - - -

Query:       gvpa  [M=81]
Scores for complete sequences (score includes all domains):
   --- full sequence ---   --- best 1 domain ---    -#dom-
    E-value  score  bias    E-value  score  bias    exp  N  Sequence                 Description
    ------- ------ -----    ------- ------ -----   ---- --  --------                 -----------
    4.4e-42  138.6   4.9    4.7e-42  138.4   4.9    1.0  1  nat_ed971bf96974483cf1a5  
    4.9e-42  138.4   4.7    5.3e-42  138.3   4.7    1.0  1  nat_044b97bbcc6fc75d19af  
    5.3e-42  138.3   4.8    5.8e-42  138.2   4.8    1.0  1  nat_81e16e28c5b6ae6c687e  
    6.9e-42  137.9   5.4    7.5e-42  137.8   5.4    1.0  1  nat_b39131acb6e4086319d0  
    7.3e-42  137.8   5.1    7.9e-42  137.7   5.1    1.0  1  nat_0d33e01c516b8fa75a9b  
      8e-42  137.7   4.9    8.7e-42  137.6   4.9    1.0  1  nat_d9b32c93cd099c72a956  
      9e-42  137.5   5.6    9.7e-42  137.4   5.6    1.0  1  nat_8b0ebfde7cff54503a90  
    9.1e-42  137.5   5.2    9.8e-42  137.4   5.2    1.0  1  nat_5d6c7bd3713afa1895ab  
    9.5e-42  137.5   4.9      1e-41  137.4   4.9    1.0  1  nat_0cf4b83878ac8a432a8c  
    9.8e-42  137.4   5.2    1.1e-41  137.3   5.2    1.0  1  nat_e2b9c94c60da4c449a4d  
      1e-41  137.3   5.1    1.1e-41  137.2   5.1    1.0  1  nat_41af882b944a1fc500db  
    1.1e-41  137.3   5.2    1.2e-41  137.2   5.2    1.0  1  nat_9246ded62fef238baf63  
    1.1e-41  137.3   5.7    1.2e-41  137.1   5.7    1.0  1  nat_d5a9f8a6d8ef07026219  
    1.1e-41  137.2   5.4    1.2e-41  137.1   5.4    1.0  1  nat_d68abcca0d121eb6dd4f  
    1.1e-41  137.2   5.5    1.2e-41  137.1   5.5    1.0  1  nat_1bae8aa5c69e1d4931dd  
    1.1e-41  137.2   5.6    1.2e-41  137.1   5.6    1.0  1  nat_8f7aa09afb9d7c3cc2eb  
    1.2e-41  137.1   5.3    1.3e-41  137.0   5.3    1.0  1  nat_ffef1b1b441fdc15ea9c  
    1.2e-41  137.1   5.2    1.3e-41  137.0   5.2    1.0  1  nat_47e46863c347a8f8468f  
    1.2e-41  137.1   5.2    1.4e-41  137.0   5.2    1.0  1  nat_41e20b6f7b2c95cf431a  
    1.3e-41  137.0   5.9    1.4e-41  136.9   5.9    1.0  1  nat_ae37005a67bc5cb2b176  
    1.3e-41  137.0   6.0    1.5e-41  136.9   6.0    1.0  1  nat_f73e9b648178e6df8c6a  
    1.4e-41  137.0   5.0    1.5e-41  136.9   5.0    1.0  1  nat_b06d430fdaaa1079895b  
    1.4e-41  137.0   5.8    1.5e-41  136.9   5.8    1.0  1  nat_be9809bb1f91644c1e43  
    1.5e-41  136.8   5.3    1.6e-41  136.7   5.3    1.0  1  nat_908def535fa98fa36b50  
    1.6e-41  136.8   5.5    1.7e-41  136.6   5.5    1.0  1  nat_7192aa1b5c4b0d0cb215  
    1.6e-41  136.7   5.3    1.8e-41  136.6   5.3    1.0  1  nat_69d5fc3c411ad66493e6  
    1.6e-41  136.7   5.2    1.8e-41  136.6   5.2    1.0  1  nat_ad033982fcb9c7e260ad  
    1.7e-41  136.7   5.7    1.8e-41  136.6   5.7    1.0  1  nat_4494d3357cccfc2291ad  
    1.9e-41  136.5   4.8      2e-41  136.4   4.8    1.0  1  nat_f6ebacfa83a4d005159e  
    1.9e-41  136.5   5.2    2.1e-41  136.4   5.2    1.0  1  nat_54de16dcd0555acdee27  
    1.9e-41  136.5   4.9    2.1e-41  136.4   4.9    1.0  1  nat_8ff951966677ada5d69f  
      2e-41  136.5   5.7    2.1e-41  136.3   5.7    1.0  1  nat_2ae1a088ad5073788376  
      2e-41  136.4   5.2    2.2e-41  136.3   5.2    1.0  1  nat_0c568d3a5b09c7ed2240  
    2.1e-41  136.4   5.5    2.3e-41  136.3   5.5    1.0  1  nat_d71bd42b79fe4d801a01  
    2.2e-41  136.3   5.5    2.3e-41  136.2   5.5    1.0  1  nat_b145d41f03ca300fa852  
    2.2e-41  136.3   5.4    2.4e-41  136.2   5.4    1.0  1  nat_af304bea340b7ec20d1e  
    2.2e-41  136.3   4.0    2.4e-41  136.2   4.0    1.0  1  nat_5601498c9a93902562db  
    2.3e-41  136.2   5.9    2.5e-41  136.1   5.9    1.0  1  nat_0ba4bde6653115be1dd4  
    2.3e-41  136.2   5.5    2.5e-41  136.1   5.5    1.0  1  nat_6f827542d262f6a8575a  
    2.5e-41  136.1   5.4    2.7e-41  136.0   5.4    1.0  1  nat_45ceddea54f47745a1ad  
    2.5e-41  136.1   3.8    2.7e-41  136.0   3.8    1.0  1  nat_e4530a471497a647eef2  
    2.5e-41  136.1   5.6    2.7e-41  136.0   5.6    1.0  1  nat_44be345e568ee6f5e906  
    2.6e-41  136.1   5.4    2.8e-41  135.9   5.4    1.0  1  nat_9683dd0b519eaf04d743  
    2.7e-41  136.0   4.1    2.9e-41  135.9   4.1    1.0  1  nat_95a5abf872e631139217  
    2.7e-41  136.0   4.3    2.9e-41  135.9   4.3    1.0  1  nat_183f7c25f0bd175da05b  
    2.7e-41  136.0   5.7      3e-41  135.9   5.7    1.0  1  nat_0d7970548e5a353c52b0  
    2.9e-41  135.9   5.4    3.1e-41  135.8   5.4    1.0  1  nat_ac6b927c7781d88d4813  
    2.9e-41  135.9   3.6    3.2e-41  135.8   3.6    1.0  1  nat_4076ee92571a9babe66f  
      3e-41  135.9   5.5    3.2e-41  135.8   5.5    1.0  1  nat_622c716866d2133b80f2  
      3e-41  135.8   3.5    3.3e-41  135.7   3.5    1.0  1  nat_444b2346dad8b8d36df2  
    3.1e-41  135.8   6.1    3.4e-41  135.7   6.1    1.0  1  nat_d4359a01f2d63626acd8  
    3.2e-41  135.8   2.8    3.4e-41  135.7   2.8    1.0  1  nat_ce84140595a3625becb8  
    3.2e-41  135.8   4.1    3.4e-41  135.7   4.1    1.0  1  nat_9bc7ff063d928dbcb919  
    3.2e-41  135.8   3.5    3.5e-41  135.7   3.5    1.0  1  nat_26dd9c3e80f115461010  
    3.3e-41  135.7   4.8    3.5e-41  135.6   4.8    1.0  1  nat_44a44809c7c1d751ebce  
    3.3e-41  135.7   4.9    3.6e-41  135.6   4.9    1.0  1  nat_7c8675813e4623763282  
    3.3e-41  135.7   3.4    3.6e-41  135.6   3.4    1.0  1  nat_278c7a3fd12af0319695  
    3.3e-41  135.7   6.3    3.6e-41  135.6   6.3    1.0  1  nat_12dabeef25e15f66b8b5  
    3.4e-41  135.7   5.6    3.6e-41  135.6   5.6    1.0  1  nat_6d995d9db67c9b27bce8  
    3.4e-41  135.7   3.2    3.7e-41  135.6   3.2    1.0  1  nat_1a1b9a1e258a11254cb4  
    3.8e-41  135.5   5.1    4.2e-41  135.4   5.1    1.0  1  nat_cdcb9ea08084d402155d  
    3.9e-41  135.5   6.2    4.2e-41  135.4   6.2    1.0  1  nat_b5cc1b368bdd05e5035f  
      4e-41  135.5   3.4    4.3e-41  135.4   3.4    1.0  1  nat_1f275ce5dd842aaaf9d2  
    4.1e-41  135.5   4.8    4.4e-41  135.3   4.8    1.0  1  nat_6f227f789b114508ea99  
    4.2e-41  135.4   3.7    4.6e-41  135.3   3.7    1.0  1  nat_bcfea43f3a708c18a025  
    4.3e-41  135.4   4.0    4.6e-41  135.3   4.0    1.0  1  nat_83cf4bae954290aa781d  
    4.3e-41  135.4   5.0    4.7e-41  135.2   5.0    1.0  1  nat_31320e152ba1b4cfe0c5  
    4.4e-41  135.3   4.8    4.7e-41  135.2   4.8    1.0  1  nat_b62ae18b3dfeec027170  
    4.4e-41  135.3   3.3    4.8e-41  135.2   3.3    1.0  1  nat_0cff47cd0a85e1de37e0  
    4.4e-41  135.3   3.2    4.8e-41  135.2   3.2    1.0  1  nat_a43bb7e6a797bf21e3c8  
    4.5e-41  135.3   5.2    4.8e-41  135.2   5.2    1.0  1  nat_d6412c6847666b43092f  
    4.6e-41  135.3   3.6      5e-41  135.1   3.6    1.0  1  nat_0e91ce29d8018f1f6bc6  
    4.8e-41  135.2   3.8    5.2e-41  135.1   3.8    1.0  1  nat_33d41a075d0d8538e4c6  
      5e-41  135.2   4.2    5.4e-41  135.1   4.2    1.0  1  nat_91bed3979bc3e4336571  
      5e-41  135.2   5.4    5.4e-41  135.0   5.4    1.0  1  nat_0dcb405a364eae4db9c2  
      5e-41  135.1   4.1    5.5e-41  135.0   4.1    1.0  1  nat_96074fbc1c013ecec913  
    5.2e-41  135.1   6.2    5.6e-41  135.0   6.2    1.0  1  nat_fd56bd8ca14d2ea7647f  
    5.6e-41  135.0   5.8      6e-41  134.9   5.8    1.0  1  nat_fd161dfe59366687c2f2  
    5.6e-41  135.0   5.1    6.1e-41  134.9   5.1    1.0  1  nat_fcb1203cd7b1290f06c7  
    5.6e-41  135.0   3.6    6.1e-41  134.9   3.6    1.0  1  nat_2684144e3e1bc2f66f34  
    5.7e-41  135.0   5.7    6.2e-41  134.9   5.7    1.0  1  nat_f2015767f86fd10eb826  
    5.8e-41  135.0   3.6    6.2e-41  134.9   3.6    1.0  1  nat_2042b63e95655cdc9d68  
    5.9e-41  134.9   5.6    6.4e-41  134.8   5.6    1.0  1  nat_97a7f6a002cd984f87b1  
    5.9e-41  134.9   3.5    6.4e-41  134.8   3.5    1.0  1  nat_66d41021d88e3bf58bdc  
    6.1e-41  134.9   3.4    6.9e-41  134.7   3.4    1.0  1  nat_de1520359c3cd2badb80  
    6.2e-41  134.9   3.4    6.9e-41  134.7   3.4    1.0  1  nat_9896810d394d4d1edf15  
    6.2e-41  134.9   4.8    6.7e-41  134.7   4.8    1.0  1  nat_b34a5f1cebe7f342dc3f  
    6.4e-41  134.8   4.1    7.5e-41  134.6   4.1    1.0  1  nat_967e2f04e468a1a875d9  
    6.8e-41  134.7   3.3    7.3e-41  134.6   3.3    1.0  1  nat_c69f9a6b4253e4d6089f  
    6.8e-41  134.7   3.3    7.5e-41  134.6   3.3    1.0  1  nat_2afc6fb850c8bc89b0f2  
    6.9e-41  134.7   3.6    7.4e-41  134.6   3.6    1.0  1  nat_56d5d14e5f958bb848ef  
    6.9e-41  134.7   5.2    7.5e-41  134.6   5.2    1.0  1  nat_2e707b0ae8b0c69feb2e  
      7e-41  134.7   5.7    7.6e-41  134.6   5.7    1.0  1  nat_c43002c4a19c5a35a8b0  
      7e-41  134.7   6.8    7.6e-41  134.6   6.8    1.0  1  nat_f0b585defb33f68b9eec  
    7.7e-41  134.6   4.6    8.3e-41  134.4   4.6    1.0  1  nat_c6694fda37ff51b3f382  
    8.6e-41  134.4   5.8    9.2e-41  134.3   5.8    1.0  1  nat_91f552b9f84853c37285  
    8.8e-41  134.4   5.8    9.5e-41  134.3   5.8    1.0  1  nat_f31ef9ed0a87f1bcd7f1  
      9e-41  134.3   4.0    9.7e-41  134.2   4.0    1.0  1  nat_1593c2fcfad25e37eeb4  
    9.1e-41  134.3   3.5      1e-40  134.2   3.5    1.0  1  nat_7cb4966ababb293a7db4  
    9.3e-41  134.3   3.3      1e-40  134.2   3.3    1.0  1  nat_f3ffcf9688b666fefb41  
    1.2e-40  134.0   5.3    1.3e-40  133.9   5.3    1.0  1  nat_147b949dc21dd0206855  
    1.2e-40  133.9   4.0    1.3e-40  133.8   4.0    1.0  1  nat_9f00e82557108118047d  
    1.3e-40  133.9   5.2    1.4e-40  133.8   5.2    1.0  1  nat_f82305b37f1af32ad1a0  
    1.3e-40  133.9   3.3    1.4e-40  133.8   3.3    1.0  1  nat_a99ea42aba6e85ef549b  
    1.4e-40  133.7   6.3    1.5e-40  133.6   6.3    1.0  1  nat_4274eb9d5d32732dadc5  
    1.8e-40  133.4   3.9    1.9e-40  133.3   3.9    1.0  1  nat_1bf14199f279ca97cc94  
    2.2e-40  133.1   5.4    2.3e-40  133.0   5.4    1.0  1  nat_6166ab1a17ac507a42bf  
    2.4e-40  133.0   4.8    2.6e-40  132.9   4.8    1.0  1  nat_ec09e260540587684c1e  
    2.5e-40  132.9   3.6    2.8e-40  132.8   3.6    1.0  1  nat_1833721e1724827de2bb  
    2.8e-40  132.8   3.2      3e-40  132.7   3.2    1.0  1  nat_9b4ea9dc72fc9d6476a6  
    3.1e-40  132.6   4.8    3.6e-40  132.4   4.8    1.0  1  nat_de6e45b17a1efe79f377  
    3.5e-40  132.5   3.0    3.7e-40  132.4   3.0    1.0  1  nat_ac3fec2dc9e749e499b3  
    3.8e-40  132.3   5.8    4.1e-40  132.2   5.8    1.0  1  nat_a742950a1415bf5dc582  
    4.1e-40  132.2   3.5    4.4e-40  132.1   3.5    1.0  1  nat_9ec7201d98ae2ffcf074  
    4.1e-40  132.2   4.4    4.5e-40  132.1   4.4    1.0  1  nat_07561c65a5d37a8aa878  
    5.4e-40  131.8   1.9    5.7e-40  131.8   1.9    1.0  1  nat_32d58e5d24419efe5e0e  
    5.9e-40  131.7   4.0    6.4e-40  131.6   4.0    1.0  1  nat_5ff91e8d3cfc9ac60d0d  
      6e-40  131.7   4.7    6.5e-40  131.6   4.7    1.0  1  nat_25fcb1b7b6c3c6f6f29d  
    7.4e-40  131.4   4.6      8e-40  131.3   4.6    1.0  1  nat_5fb53d83d56d48c68c10  
    8.5e-40  131.2   4.0    9.1e-40  131.1   4.0    1.0  1  nat_561df1cd0484632cdef6  
    8.8e-40  131.2   3.7    9.5e-40  131.1   3.7    1.0  1  nat_fa062766acc141ed13ab  
    9.3e-40  131.1   4.7      1e-39  131.0   4.7    1.0  1  nat_2132a9e0b250f93ef073  
    1.1e-39  130.8   3.8    1.2e-39  130.7   3.8    1.0  1  nat_e9d0d8807aee29d8e61c  
    1.7e-39  130.3   4.4    1.8e-39  130.2   4.4    1.0  1  nat_51223251df1314e3c9ba  
    1.9e-39  130.1   6.0    2.1e-39  130.0   6.0    1.0  1  nat_d6f636dc4849c3ad6e3a  
    2.9e-39  129.5   1.6    3.2e-39  129.4   1.6    1.0  1  nat_1e86329db7dd3816b588  
    3.5e-39  129.2   3.9    3.8e-39  129.1   3.9    1.0  1  nat_1f4f50f1349e137c7f32  
    3.6e-39  129.2   2.2      4e-39  129.1   2.2    1.0  1  nat_35226954812d95b1eb87  
    3.8e-39  129.1   2.6    4.1e-39  129.0   2.6    1.0  1  nat_2f457cd3e21794d77204  
    4.4e-39  128.9   3.1    4.8e-39  128.8   3.1    1.0  1  nat_7b11238f75117cdf3b62  
    4.5e-39  128.9   3.1    4.7e-39  128.8   3.1    1.0  1  nat_5bc7120641a4b206dec6  
    4.9e-39  128.8   2.9    5.4e-39  128.6   2.9    1.0  1  nat_a5d09cc64cdab8bb3676  
    7.3e-39  128.2   3.0    8.3e-39  128.0   3.0    1.0  1  nat_476885d73f2103224b29  
    7.3e-39  128.2   2.2    8.4e-39  128.0   2.2    1.0  1  nat_3b221cf38db8c67047e0  
    7.7e-39  128.2   5.0    8.2e-39  128.1   5.0    1.0  1  nat_8d6274f78693091697cf  
    8.1e-39  128.1   5.1    8.7e-39  128.0   5.1    1.0  1  nat_2708b2500f3eefced6c0  
      9e-39  127.9   3.7    9.8e-39  127.8   3.7    1.0  1  nat_39cf0fd21702af1ff2b1  
    9.3e-39  127.9   5.9    9.9e-39  127.8   5.9    1.0  1  nat_c72edb773e9a92736861  
      1e-38  127.8   2.0    1.1e-38  127.7   2.0    1.0  1  nat_27cf1e5aac6ec3dd931d  
    1.1e-38  127.7   1.8    1.2e-38  127.6   1.8    1.0  1  nat_a4c92b6223fd059e2236  
    1.2e-38  127.5   2.6    1.3e-38  127.4   2.6    1.0  1  nat_ea5746ec582bf06f4e03  
    1.3e-38  127.5   4.2    1.3e-38  127.4   4.2    1.0  1  nat_b0f89cfe92498f0bbfbc  
    1.4e-38  127.3   2.9    1.6e-38  127.1   2.9    1.0  1  nat_0bead889339fd4f049d1  
    1.4e-38  127.3   2.0    1.5e-38  127.2   2.0    1.0  1  nat_61a382d08777524701b3  
    1.5e-38  127.2   5.9    1.6e-38  127.1   5.9    1.0  1  nat_eccab6536bed142192aa  
    1.6e-38  127.1   6.4    1.8e-38  127.0   6.4    1.0  1  nat_c96b24fc03ee6b66c3d6  
    1.6e-38  127.1   1.8    1.8e-38  126.9   1.8    1.0  1  nat_39abeace88875ff60285  
    1.7e-38  127.1   2.1    1.8e-38  126.9   2.1    1.0  1  nat_a97455c28a62de8f61f4  
    1.8e-38  127.0   6.2    1.9e-38  126.9   6.2    1.0  1  nat_c8ff85651c16b5c02641  
    1.9e-38  126.9   5.3      2e-38  126.8   5.3    1.0  1  nat_505ccb0a3946a89f0437  
    1.9e-38  126.9   3.1    2.1e-38  126.8   3.1    1.0  1  nat_9d50c7bb916513aad226  
      2e-38  126.8   5.1    2.2e-38  126.7   5.1    1.0  1  nat_38a86b2caad8351d20f8  
      2e-38  126.8   4.2    2.2e-38  126.7   4.2    1.0  1  nat_819e640008ab1349cc70  
    2.1e-38  126.7   1.8    2.3e-38  126.6   1.8    1.0  1  nat_e63cda87ab2705e419ab  
    2.1e-38  126.7   4.2    2.3e-38  126.7   4.2    1.0  1  nat_82d6c5940960b17a96d3  
    2.1e-38  126.7   2.2    2.4e-38  126.5   2.2    1.0  1  nat_1e4bdf662135756f269c  
    2.2e-38  126.7   4.3    2.3e-38  126.6   4.3    1.0  1  nat_063ea39f372fcc47b854  
    2.3e-38  126.6   1.8    2.5e-38  126.5   1.8    1.0  1  nat_dbc06e5fd5d989a1d1e4  
    2.4e-38  126.6   6.1    2.6e-38  126.5   6.1    1.0  1  nat_a1131689eff9ccc2bc1c  
    2.4e-38  126.5   1.6    2.7e-38  126.4   1.6    1.1  1  nat_9dc637e90a7070ed00fe  
    2.4e-38  126.5   1.6    2.7e-38  126.4   1.6    1.1  1  nat_ce3165ca201b0c8e2c6c  
    2.5e-38  126.5   1.8    2.7e-38  126.4   1.8    1.0  1  nat_8a83398f0d99493d45ad  
    2.5e-38  126.5   5.4    2.7e-38  126.4   5.4    1.0  1  nat_9f8db13e803cecc901b7  
    2.5e-38  126.5   5.3    2.7e-38  126.4   5.3    1.0  1  nat_7d765791e125072d99a7  
    2.6e-38  126.5   2.0    2.8e-38  126.4   2.0    1.0  1  nat_0844cfaee9f234d540b5  
    2.7e-38  126.4   1.8    2.8e-38  126.3   1.8    1.0  1  nat_1ed909a554bd91f8870f  
    2.7e-38  126.4   1.6    2.9e-38  126.3   1.6    1.0  1  nat_0b3996e134f02f495b8f  
    2.7e-38  126.4   4.4    2.8e-38  126.3   4.4    1.0  1  nat_f872efd67a56d21a6340  
    2.7e-38  126.4   1.9    2.9e-38  126.3   1.9    1.0  1  nat_01217a4061546de4f423  
    2.7e-38  126.4   2.2      3e-38  126.3   2.2    1.1  1  nat_271291dc0f72accfac60  
    2.8e-38  126.4   1.8    3.1e-38  126.2   1.8    1.0  1  nat_2ffb0e155508e140dfbe  
    2.8e-38  126.3   3.4      3e-38  126.3   3.4    1.0  1  nat_2c2604728bdef8750aec  
    2.9e-38  126.3   5.6    3.1e-38  126.2   5.6    1.0  1  nat_d43d1d5ec03e055dcf06  
    2.9e-38  126.3   1.9    3.3e-38  126.1   1.9    1.0  1  nat_4ce0c5155ea4669922bc  
    2.9e-38  126.3   1.9    3.3e-38  126.1   1.9    1.0  1  nat_c306fc2a612dcf796388  
    2.9e-38  126.3   1.9    3.3e-38  126.1   1.9    1.0  1  nat_ddd28b4f0183c6c3a6e1  
      3e-38  126.3   1.9    3.4e-38  126.1   1.9    1.0  1  nat_70e619942db9ffc2c9b7  
      3e-38  126.3   1.9    3.3e-38  126.1   1.9    1.0  1  nat_8a3f5134cee921bb3c9c  
    3.1e-38  126.2   3.8    3.3e-38  126.1   3.8    1.0  1  nat_4ba0a2c8ff48af80e17e  
    3.1e-38  126.2   1.5    3.4e-38  126.1   1.5    1.0  1  nat_1b1d36a4acc8ad9c6342  
    3.1e-38  126.2   4.6    3.4e-38  126.1   4.6    1.0  1  nat_b07305ca6f722d02988a  
    3.2e-38  126.2   4.3    3.4e-38  126.1   4.3    1.0  1  nat_fa70cf643277a18d9353  
    3.2e-38  126.2   2.7    3.5e-38  126.0   2.7    1.0  1  nat_ec71caa9aa98b279110d  
    3.2e-38  126.1   3.5    3.4e-38  126.1   3.5    1.0  1  nat_dda877b0008607a0fc71  
    3.2e-38  126.1   3.4    3.4e-38  126.1   3.4    1.0  1  nat_b7662fa2f5d44aa0d6b4  
    3.3e-38  126.1   5.7    3.5e-38  126.0   5.7    1.0  1  nat_ed3338aeeaf3197e41d9  
    3.3e-38  126.1   2.1    3.7e-38  126.0   2.1    1.0  1  nat_13b468f1d3a3dbb11fa2  
    3.3e-38  126.1   2.4    3.8e-38  125.9   2.4    1.0  1  nat_18142d35413b7350d3c4  
    3.3e-38  126.1   3.3    3.6e-38  126.0   3.3    1.0  1  nat_63f804d4a54dfefdba01  
    3.4e-38  126.1   2.0    3.9e-38  125.9   2.0    1.0  1  nat_81c3c33e1052ca11c9fd  
    3.4e-38  126.1   1.6    3.9e-38  125.9   1.6    1.0  1  nat_f34d4928fe982f4cb0ec  
    3.5e-38  126.1   2.0    3.9e-38  125.9   2.0    1.0  1  nat_8991e9e4bd357d9288ea  
    3.5e-38  126.1   2.7    3.7e-38  126.0   2.7    1.0  1  nat_88ee73fdf0fc427edc71  
    3.5e-38  126.1   2.0    3.8e-38  125.9   2.0    1.0  1  nat_509311e69b214d9f94e7  
    3.6e-38  126.0   2.7      4e-38  125.9   2.7    1.0  1  nat_04c114f840f1c4058ea6  
    3.7e-38  126.0   3.0      4e-38  125.9   3.0    1.0  1  nat_c878ed98f912803b2650  
    3.8e-38  125.9   2.9    4.1e-38  125.8   2.9    1.0  1  nat_6d22046d840b353d0c87  
    3.8e-38  125.9   2.4    4.2e-38  125.8   2.4    1.0  1  nat_9194534fce73964474e0  
    3.9e-38  125.9   3.4    4.2e-38  125.8   3.4    1.0  1  nat_edb3955be5268406dd34  
      4e-38  125.9   2.1    4.4e-38  125.7   2.1    1.0  1  nat_07e2adee1b1c97951e61  
      4e-38  125.9   1.5    4.4e-38  125.7   1.5    1.0  1  nat_bc4042a7c10b7bd447bc  
      4e-38  125.8   2.2    4.4e-38  125.7   2.2    1.0  1  nat_44075425e280f91869f7  
    4.1e-38  125.8   2.4    4.4e-38  125.7   2.4    1.0  1  nat_351862cb01754fd1ab98  
    4.1e-38  125.8   2.8    4.6e-38  125.7   2.8    1.0  1  nat_5db4631b2c67ffc9f980  
    4.2e-38  125.8   3.5    4.4e-38  125.7   3.5    1.0  1  nat_06e368ceaac5aa0f9edc  
    4.2e-38  125.8   1.4    4.5e-38  125.7   1.4    1.0  1  nat_ab18ddbecb739bae7c0a  
    4.2e-38  125.8   3.1    4.7e-38  125.6   3.1    1.0  1  nat_b98ff0a704b47fc46c7b  
    4.2e-38  125.8   1.6    4.6e-38  125.7   1.6    1.0  1  nat_626bf126ff6a42e860e1  
    4.2e-38  125.8   1.6    4.6e-38  125.7   1.6    1.0  1  nat_a4cf355a2019efa6dd79  
    4.3e-38  125.8   3.4    4.7e-38  125.6   3.4    1.1  1  nat_741da9de60585bc38db1  
    4.3e-38  125.8   2.3    4.7e-38  125.6   2.3    1.0  1  nat_ab1b4f2c562433c40902  
    4.5e-38  125.7   1.3      5e-38  125.5   1.3    1.0  1  nat_6b64acdf3f40fdffd144  
    4.5e-38  125.7   3.1      5e-38  125.6   3.1    1.0  1  nat_8d61c399409b4395f3c5  
    4.5e-38  125.7   4.5    4.8e-38  125.6   4.5    1.0  1  nat_fd5c322037d42e8f890c  
    4.6e-38  125.7   5.5      5e-38  125.6   5.5    1.0  1  nat_6b39f5a7fb6bca78b4de  
    4.7e-38  125.6   1.7    5.1e-38  125.5   1.7    1.0  1  nat_cace8f7ec0f10f4823d0  
    4.8e-38  125.6   2.6    5.4e-38  125.4   2.6    1.0  1  nat_861aafc294a955cecd2e  
    4.9e-38  125.6   3.6    5.4e-38  125.4   3.6    1.0  1  nat_01fb42ca3aea3da0dbe5  
      5e-38  125.6   1.6    5.6e-38  125.4   1.6    1.0  1  nat_d1371fd7814fe8dbe69e  
      5e-38  125.5   1.7    5.5e-38  125.4   1.7    1.0  1  nat_62aec584cfcef3208e2b  
      5e-38  125.5   6.3    5.4e-38  125.4   6.3    1.0  1  nat_86ba936b09d3d4c2dbfa  
    5.1e-38  125.5   2.4    5.4e-38  125.4   2.4    1.0  1  nat_3cc2cb889cfdbbcaa17b  
    5.1e-38  125.5   3.4    5.7e-38  125.4   3.4    1.0  1  nat_d426ca8e332bfceab95d  
    5.3e-38  125.5   1.8    5.7e-38  125.4   1.8    1.0  1  nat_033157a4d26d86912677  
    5.3e-38  125.5   3.1      6e-38  125.3   3.1    1.0  1  nat_c4f90ad7ed7605569245  
    5.3e-38  125.5   1.9    5.8e-38  125.3   1.9    1.0  1  nat_3dd127a0efcf9a5457c8  
    5.3e-38  125.5   2.0    5.5e-38  125.4   2.0    1.0  1  nat_2b57a127896613be0c56  
    5.3e-38  125.5   1.8    5.9e-38  125.3   1.8    1.0  1  nat_41c81011f9e8389dd829  
    5.4e-38  125.4   3.5    5.7e-38  125.4   3.5    1.0  1  nat_4cc577e850a35b25573f  
    5.4e-38  125.4   1.4      6e-38  125.3   1.4    1.0  1  nat_a724b9a2188c92ae4680  
    5.5e-38  125.4   3.5    5.8e-38  125.3   3.5    1.0  1  nat_18bfe7ce20a3a4013554  
    5.5e-38  125.4   3.3    5.9e-38  125.3   3.3    1.0  1  nat_e8c5de40001b59b84f30  
    5.5e-38  125.4   3.5    5.8e-38  125.3   3.5    1.0  1  nat_bb973ad514bc9a8e4071  
    5.6e-38  125.4   1.8    6.2e-38  125.2   1.8    1.0  1  nat_fa3ceb760df75c71ed08  
    5.7e-38  125.4   1.9    6.2e-38  125.2   1.9    1.1  1  nat_6fe65d28a28456450f1d  
    5.8e-38  125.3   2.9    6.6e-38  125.2   2.9    1.1  1  nat_40a2221d15252edb050f  
    5.9e-38  125.3   3.3    6.6e-38  125.2   3.3    1.0  1  nat_2b6afdfba96a597935ac  
      6e-38  125.3   2.6    6.3e-38  125.2   2.6    1.0  1  nat_38939b26cbc5a274769e  
    6.1e-38  125.3   3.5    6.9e-38  125.1   3.5    1.0  1  nat_2549c61eaa1c68f79257  
    6.3e-38  125.2   1.9    6.8e-38  125.1   1.9    1.0  1  nat_70501e44d62eb76e66dd  
    6.3e-38  125.2   3.7    6.7e-38  125.1   3.7    1.0  1  nat_f65654f9aa3b69f34daa  
    6.5e-38  125.2   3.0    7.4e-38  125.0   3.0    1.0  1  nat_52878bc67dc3956b9eaa  
    6.6e-38  125.2   1.8    7.2e-38  125.0   1.8    1.0  1  nat_58552353178d8fa2f36f  
    6.6e-38  125.2   3.0    7.4e-38  125.0   3.0    1.0  1  nat_bd790502a785bc49c92c  
    6.7e-38  125.1   2.0    7.6e-38  125.0   2.0    1.1  1  nat_d3c6f8adf24bb50b5677  
    6.7e-38  125.1   2.5    7.4e-38  125.0   2.5    1.0  1  nat_2ea4868f939df14228bd  
    6.8e-38  125.1   2.4    7.6e-38  125.0   2.4    1.0  1  nat_a1aca46bcd6c4b9b05eb  
    6.9e-38  125.1   3.3    7.7e-38  124.9   3.3    1.0  1  nat_7e5a0ca10a01973b587c  
    6.9e-38  125.1   2.3    7.5e-38  125.0   2.3    1.0  1  nat_243a30af717d5651d5fa  
      7e-38  125.1   5.8    7.5e-38  125.0   5.8    1.0  1  nat_d1ffe3160c1f85b8feb9  
    7.3e-38  125.0   2.0    7.6e-38  125.0   2.0    1.0  1  nat_c253b9ec4d9a0828c2c9  
    7.3e-38  125.0   5.0    7.9e-38  124.9   5.0    1.0  1  nat_3426f2b4953d2172f209  
    7.3e-38  125.0   2.2    8.2e-38  124.9   2.2    1.0  1  nat_9e1803ec0ea9ee179a94  
    7.4e-38  125.0   1.9    8.3e-38  124.8   1.9    1.0  1  nat_00eda75e8d86c0000a3e  
    7.5e-38  125.0   2.4    8.3e-38  124.8   2.4    1.0  1  nat_fe5639b3f6715383286a  
    7.6e-38  125.0   0.9    8.4e-38  124.8   0.9    1.0  1  nat_de4f0d0b434811184abb  
    7.7e-38  124.9   3.6    8.8e-38  124.8   3.6    1.0  1  nat_19cd7b61a586d4e4fed8  
    7.8e-38  124.9   5.4    8.3e-38  124.8   5.4    1.0  1  nat_ffde9c8a0aa4cd762cfd  
    7.9e-38  124.9   1.8    8.8e-38  124.8   1.8    1.0  1  nat_ba64cf7825cd36a3f8b7  
      8e-38  124.9   3.0    8.4e-38  124.8   3.0    1.0  1  nat_7f3ba3408331f0b52ea1  
    8.1e-38  124.9   3.0    9.1e-38  124.7   3.0    1.0  1  nat_245b236a00cae586f79f  
    8.1e-38  124.9   3.3    8.8e-38  124.8   3.3    1.1  1  nat_0a3c08d96e059eeafea8  
    8.7e-38  124.8   4.9      9e-38  124.7   4.9    1.0  1  nat_dcefec45b0e834bbd113  
    8.7e-38  124.8   0.6    9.8e-38  124.6   0.6    1.0  1  nat_c9bd062078459f510060  
    8.7e-38  124.8   3.5    9.6e-38  124.6   3.5    1.0  1  nat_8d9ebc646f6fec623f00  
    9.1e-38  124.7   2.5      1e-37  124.6   2.5    1.0  1  nat_72774f3330f715fae401  
    9.1e-38  124.7   3.7    9.6e-38  124.6   3.7    1.0  1  nat_ec1d66f4985b18dd0226  
    9.2e-38  124.7   2.4      1e-37  124.5   2.4    1.0  1  nat_f1aad1947e3e40ba9653  
    9.4e-38  124.7   1.4      1e-37  124.6   1.4    1.0  1  nat_f977e0ce7c4a878af278  
    9.4e-38  124.7   2.6    1.1e-37  124.5   2.6    1.0  1  nat_cd15fd2a214ac9570bfd  
    9.5e-38  124.6   7.2      1e-37  124.5   7.2    1.0  1  nat_08ca607a70bf3998101a  
    9.5e-38  124.6   2.9      1e-37  124.6   2.9    1.0  1  nat_6bbc846fc8bfac59f7c6  
    9.6e-38  124.6   1.7      1e-37  124.5   1.7    1.0  1  nat_e1d36a7c3cd6d18fbd5a  
    9.6e-38  124.6   2.3      1e-37  124.5   2.3    1.0  1  nat_3d07312c83e7c32af7ba  
    9.6e-38  124.6   2.3      1e-37  124.5   2.3    1.1  1  nat_cd47d1496d29850f6644  
    9.7e-38  124.6   2.1    1.1e-37  124.5   2.1    1.0  1  nat_feed1d4c7965994c10d5  
    9.9e-38  124.6   3.2    1.1e-37  124.5   3.2    1.0  1  nat_e7917ca07f716dbc393f  
      1e-37  124.6   2.2    1.1e-37  124.5   2.2    1.0  1  nat_ac44a557fbffad89a437  
      1e-37  124.6   3.7    1.1e-37  124.5   3.7    1.0  1  nat_cb58ba6802b0f699eec6  
      1e-37  124.6   2.6    1.1e-37  124.4   2.6    1.0  1  nat_edef782f11b8c7eacb34  
      1e-37  124.5   4.3    1.1e-37  124.5   4.3    1.0  1  nat_42c893463fb64a324e03  
      1e-37  124.5   3.8    1.1e-37  124.4   3.8    1.0  1  nat_3ce8f60b99b21237414a  
      1e-37  124.5   3.0    1.1e-37  124.5   3.0    1.0  1  nat_a67e165cabef467e0ac9  
      1e-37  124.5   2.0    1.1e-37  124.4   2.0    1.0  1  nat_f39b437ab8564f78da8d  
    1.1e-37  124.5   2.7    1.2e-37  124.3   2.7    1.0  1  nat_e092f1bde34194b8d969  
    1.1e-37  124.5   2.8    1.1e-37  124.4   2.8    1.1  1  nat_e1d8e1d8d2f54947a961  
    1.1e-37  124.5   1.9    1.2e-37  124.3   1.9    1.1  1  nat_4cea385a8794a0b112c3  
    1.1e-37  124.5   2.4    1.2e-37  124.3   2.4    1.0  1  nat_6f2cfd5f0d50c7aee582  
    1.1e-37  124.4   2.6    1.2e-37  124.3   2.6    1.0  1  nat_0971f3debca181ebc092  
    1.2e-37  124.4   2.2    1.4e-37  124.2   2.2    1.1  1  nat_4e9e86277af05dbd050d  
    1.2e-37  124.3   1.5    1.3e-37  124.2   1.5    1.0  1  nat_d5b00906bcc6e7ee2601  
    1.2e-37  124.3   2.8    1.3e-37  124.2   2.8    1.0  1  nat_51d4aa4718d4ddd20574  
    1.2e-37  124.3   2.5    1.4e-37  124.2   2.5    1.0  1  nat_83d86218590801baa4be  
    1.2e-37  124.3   2.4    1.3e-37  124.2   2.4    1.0  1  nat_46ac4cba4b1b67d73932  
    1.2e-37  124.3   2.3    1.3e-37  124.2   2.3    1.0  1  nat_d692e59ba181a3631d4d  
    1.2e-37  124.3   3.7    1.4e-37  124.1   3.7    1.0  1  nat_7549e3c1301e8688c306  
    1.2e-37  124.3   2.7    1.4e-37  124.2   2.7    1.0  1  nat_426945d8cc00ec8955a1  
    1.2e-37  124.3   2.8    1.4e-37  124.1   2.8    1.0  1  nat_ca9d4013ee99a3222d42  
    1.2e-37  124.3   3.6    1.3e-37  124.2   3.6    1.0  1  nat_e6550f96a73166345a2a  
    1.3e-37  124.2   3.9    1.4e-37  124.1   3.9    1.0  1  nat_b409898218d5081ec434  
    1.3e-37  124.2   2.6    1.5e-37  124.0   2.6    1.0  1  nat_1ae061b1db7a06cf0b36  
    1.4e-37  124.1   3.4    1.5e-37  124.0   3.4    1.0  1  nat_c4bd9707d576667fbfb8  
    1.4e-37  124.1   2.5    1.6e-37  123.9   2.5    1.1  1  nat_f3a6931071d746ea3e3e  
    1.5e-37  124.1   2.6    1.6e-37  123.9   2.6    1.0  1  nat_a182ae3bb53ca39deed1  
    1.5e-37  124.0   2.7    1.6e-37  123.9   2.7    1.0  1  nat_b454aacc4a69df8c17a0  
    1.5e-37  124.0   1.1    1.7e-37  123.9   1.1    1.1  1  nat_3dcd4bf22b7bbdb49d82  
    1.5e-37  124.0   2.3    1.7e-37  123.8   2.3    1.0  1  nat_98510cc23b6e65ce4afa  
    1.5e-37  124.0   4.0    1.6e-37  123.9   4.0    1.0  1  nat_58de098a6c8aae0513de  
    1.6e-37  123.9   2.3    1.8e-37  123.8   2.3    1.0  1  nat_d067ede25f6c0516a956  
    1.6e-37  123.9   1.1    1.8e-37  123.8   1.1    1.1  1  nat_30c8db5b2a48ec02340b  
    1.6e-37  123.9   2.0    1.8e-37  123.8   2.0    1.0  1  nat_1da09a04eab900f30339  
    1.7e-37  123.9   2.3    1.9e-37  123.7   2.3    1.1  1  nat_6e2299007a2edd2a61ea  
    1.7e-37  123.9   3.3    1.9e-37  123.7   3.3    1.0  1  nat_354eeee0be3f0383107b  
    1.7e-37  123.9   1.4    1.8e-37  123.7   1.4    1.0  1  nat_9b2a86e0f5de235d8cf5  
    1.7e-37  123.9   1.7    1.8e-37  123.8   1.7    1.1  1  nat_6fee2e0959e28f7ad2d6  
    1.7e-37  123.9   3.5    1.9e-37  123.7   3.5    1.1  1  nat_875b3015b17030bcf076  
    1.7e-37  123.8   2.5    1.9e-37  123.7   2.5    1.0  1  nat_8a82e12411d5884ab1cc  
    1.7e-37  123.8   3.6      2e-37  123.6   3.6    1.0  1  nat_8cc5c88d15faa4d4098f  
    1.8e-37  123.8   2.7      2e-37  123.6   2.7    1.0  1  nat_09086542d4cbb738c598  
    1.8e-37  123.8   1.1      2e-37  123.6   1.1    1.1  1  nat_ccd25408209dd226eaf9  
    1.8e-37  123.8   2.3      2e-37  123.6   2.3    1.0  1  nat_76fdc377bbf82dcb5234  
    1.8e-37  123.8   3.2      2e-37  123.6   3.2    1.0  1  nat_875f973318346cb3195c  
    1.8e-37  123.7   4.2    1.9e-37  123.7   4.2    1.0  1  nat_b210eed1ce4ece76342b  
    1.8e-37  123.7   3.1    2.1e-37  123.6   3.1    1.1  1  nat_6a2cd3b9036aebd5361b  
    1.9e-37  123.7   2.7      2e-37  123.6   2.7    1.0  1  nat_5e8f0a8871d86e6b22f4  
    1.9e-37  123.7   2.5    2.1e-37  123.5   2.5    1.0  1  nat_f454f2a56d9c1f348b1d  
    1.9e-37  123.7   2.1    2.1e-37  123.5   2.1    1.0  1  nat_16f4d6984b9b4853b848  
      2e-37  123.6   4.7    2.1e-37  123.6   4.7    1.0  1  nat_668321baf55f7bfbdc1b  
      2e-37  123.6   2.0    2.1e-37  123.5   2.0    1.0  1  nat_4fb6b9391abe691f2baa  
      2e-37  123.6   4.0    2.4e-37  123.4   4.0    1.1  1  nat_5de637450d4d853bfeda  
      2e-37  123.6   2.3    2.2e-37  123.5   2.3    1.0  1  nat_9fe918e0f2a37590ea6b  
    2.1e-37  123.6   2.6    2.4e-37  123.4   2.6    1.0  1  nat_39a0d637b9f5ad86efbf  
    2.1e-37  123.5   3.3    2.5e-37  123.3   3.3    1.1  1  nat_867df19266611b1dd32b  
    2.1e-37  123.5   2.6    2.4e-37  123.4   2.6    1.0  1  nat_5cb381db9359101cf272  
    2.2e-37  123.5   3.6    2.4e-37  123.4   3.6    1.1  1  nat_c740155726ca8561a023  
    2.2e-37  123.5   0.9    2.4e-37  123.4   0.9    1.1  1  nat_7ee1d64f80049d71603c  
    2.2e-37  123.5   2.6    2.4e-37  123.4   2.6    1.0  1  nat_172247f25d7a88e5c254  
    2.2e-37  123.5   3.7    2.3e-37  123.4   3.7    1.0  1  nat_628577dc37636bc0384e  
    2.2e-37  123.5   3.1    2.3e-37  123.4   3.1    1.0  1  nat_0bd3626b9a4c7329ae70  
    2.3e-37  123.4   1.3    2.6e-37  123.3   1.3    1.1  1  nat_92d7d81f95603487cd9c  
    2.3e-37  123.4   1.3    2.6e-37  123.3   1.3    1.1  1  nat_bda4e304d446361a159c  
    2.3e-37  123.4   1.2    2.6e-37  123.3   1.2    1.1  1  nat_a49cfe7d33cec22c3905  
    2.3e-37  123.4   1.2    2.6e-37  123.3   1.2    1.1  1  nat_8189ed3c9ac18707f549  
    2.3e-37  123.4   4.0    2.6e-37  123.2   4.0    1.0  1  nat_45c7c948c17d40fffc2f  
    2.3e-37  123.4   1.7    2.6e-37  123.2   1.7    1.1  1  nat_d4bbfd09a62903f1dd61  
    2.4e-37  123.4   1.4    2.7e-37  123.2   1.4    1.1  1  nat_5d40201e59780a4578e1  
    2.4e-37  123.4   1.2    2.7e-37  123.2   1.2    1.1  1  nat_c8490949e18e771ed8c8  
    2.4e-37  123.4   3.5    2.5e-37  123.3   3.5    1.0  1  nat_c95ec1b2f7e46d479f0b  
    2.4e-37  123.4   1.7    2.7e-37  123.2   1.7    1.1  1  nat_1eda5f35014077cd8e25  
    2.4e-37  123.3   1.2    2.8e-37  123.2   1.2    1.1  1  nat_842bc418f0682cd2a9c8  
    2.4e-37  123.3   3.4    2.8e-37  123.1   3.4    1.1  1  nat_2395590053bc57a3bac9  
    2.4e-37  123.3   1.2    2.8e-37  123.2   1.2    1.1  1  nat_a7791ad55c70e7fd3462  
    2.4e-37  123.3   1.2    2.7e-37  123.2   1.2    1.1  1  nat_215f48254c804f1f2876  
    2.5e-37  123.3   3.2    2.7e-37  123.2   3.2    1.0  1  nat_61426f7141080b783b8b  
    2.5e-37  123.3   3.4    2.6e-37  123.2   3.4    1.0  1  nat_b0df6d202bb0ca1472d2  
    2.5e-37  123.3   1.9    2.8e-37  123.2   1.9    1.1  1  nat_1f7ab0dfc808b4ef03c3  
    2.5e-37  123.3   3.5    2.6e-37  123.2   3.5    1.0  1  nat_9c9277ab558db757d72c  
    2.5e-37  123.3   1.3    2.8e-37  123.1   1.3    1.1  1  nat_4f76b230eb60279eb5dd  
    2.5e-37  123.3   3.4    2.7e-37  123.2   3.4    1.0  1  nat_2b00e8b222b28090ae59  
    2.6e-37  123.3   2.8    2.8e-37  123.1   2.8    1.0  1  nat_bf1dfb6914e902f34199  
    2.6e-37  123.3   1.3    2.9e-37  123.1   1.3    1.1  1  nat_9ca97034ea4d97950343  
    2.7e-37  123.2   3.2    2.8e-37  123.2   3.2    1.0  1  nat_2bfd989de859f7b78cc5  
    2.7e-37  123.2   1.3      3e-37  123.0   1.3    1.1  1  nat_a9c10692b45d32f772b4  
    2.7e-37  123.2   4.7    2.9e-37  123.1   4.7    1.0  1  nat_a62ba34ed245e06a2975  
    2.7e-37  123.2   1.3      3e-37  123.0   1.3    1.1  1  nat_c0d8f1302fa41452efbc  
    2.7e-37  123.2   1.3      3e-37  123.0   1.3    1.1  1  nat_78005b3dddedd0251b7e  
    2.8e-37  123.2   2.4    3.1e-37  123.0   2.4    1.1  1  nat_a36a3359d46f89a3e9c6  
    2.8e-37  123.2   1.3    3.1e-37  123.0   1.3    1.1  1  nat_0101bc590c89813c161a  
    2.8e-37  123.1   1.3    3.2e-37  122.9   1.3    1.1  1  nat_4b58b860e36e01bdb682  
    2.9e-37  123.1   1.3    3.2e-37  122.9   1.3    1.1  1  nat_8f3e753527c876cd94f0  
    2.9e-37  123.1   4.6    3.4e-37  122.9   4.6    1.1  1  nat_6d7cf2e541fa269a8a55  
    2.9e-37  123.1   1.3    3.2e-37  122.9   1.3    1.1  1  nat_4482775e0979509e45d2  
    2.9e-37  123.1   2.3    3.1e-37  123.0   2.3    1.0  1  nat_375409e47c121ca81b85  
    2.9e-37  123.1   1.7    3.3e-37  122.9   1.7    1.1  1  nat_d80e058d93177215aa4b  
    2.9e-37  123.1   1.5    3.1e-37  123.0   1.5    1.0  1  nat_6d06213120173a755e9b  
      3e-37  123.1   5.2    3.5e-37  122.9   5.2    1.1  1  nat_0c171934ecf7b20bfbc9  
      3e-37  123.1   3.8    3.3e-37  122.9   3.8    1.0  1  nat_9587ffd39bd2d85bd5ef  
      3e-37  123.0   3.7    3.5e-37  122.8   3.7    1.1  1  nat_d6e9dabc7155ae370ddb  
    3.1e-37  123.0   3.8    3.4e-37  122.9   3.8    1.0  1  nat_72c94665b6fe8f5a4a99  
    3.1e-37  123.0   1.5    3.5e-37  122.8   1.5    1.1  1  nat_d92cb9dcfcf48b731b50  
    3.2e-37  122.9   1.2    3.5e-37  122.8   1.2    1.1  1  nat_9fda348180c612303cdb  
    3.3e-37  122.9   1.6    3.8e-37  122.7   1.6    1.1  1  nat_05d62502987d9405b8af  
    3.3e-37  122.9   7.5    3.6e-37  122.8   7.5    1.0  1  nat_5883761e33f67abd193e  
    3.4e-37  122.9   4.3      4e-37  122.6   4.3    1.0  1  nat_a6d518bf56b5cafab96a  
    3.4e-37  122.9   1.3    3.8e-37  122.7   1.3    1.1  1  nat_3e6bf91c590be6684eed  
    3.4e-37  122.9   1.6    3.9e-37  122.7   1.6    1.1  1  nat_7d45d6cf3df5d3d36985  
    3.4e-37  122.9   1.3    3.8e-37  122.7   1.3    1.1  1  nat_168a7720be25950ce7a5  
    3.5e-37  122.8   1.4    3.9e-37  122.7   1.4    1.1  1  nat_1f956fdbc151f2ec0ffb  
    3.5e-37  122.8   2.7    3.6e-37  122.8   2.7    1.0  1  nat_a2a7b780c74df6bd950e  
    3.5e-37  122.8   1.3      4e-37  122.7   1.3    1.1  1  nat_acb38079c01f07d0de6f  
    3.5e-37  122.8   3.3    3.7e-37  122.8   3.3    1.0  1  nat_956601650d2d23245a8b  
    3.5e-37  122.8   1.3      4e-37  122.7   1.3    1.1  1  nat_bf5abb4d953e0d6aaa1f  
    3.6e-37  122.8   1.4      4e-37  122.6   1.4    1.1  1  nat_38cb7bda240a833d36b3  
    3.6e-37  122.8   4.0    3.8e-37  122.7   4.0    1.0  1  nat_f063d1210a55bcc917a5  
    3.6e-37  122.8   2.1    4.1e-37  122.6   2.1    1.1  1  nat_62bc5089576517d5fad1  
    3.7e-37  122.8   2.1    4.1e-37  122.6   2.1    1.0  1  nat_c277f769aaa81aaf7242  
    3.7e-37  122.7   1.8    4.2e-37  122.6   1.8    1.0  1  nat_499d1d5d62f7019687f3  
    3.7e-37  122.7   4.2      4e-37  122.7   4.2    1.0  1  nat_f8623581c79728f8eb53  
    3.8e-37  122.7   2.9    4.1e-37  122.6   2.9    1.1  1  nat_26308fc9d4bef9eb4e06  
    3.8e-37  122.7   3.9    3.9e-37  122.7   3.9    1.0  1  nat_bb09971e1315fce64b6e  
    3.8e-37  122.7   1.1    4.3e-37  122.5   1.1    1.0  1  nat_633e02862eb6da44de6e  
    3.8e-37  122.7   4.3    4.4e-37  122.5   4.3    1.1  1  nat_7a296141a2788c2145e9  
    3.8e-37  122.7   2.1    4.4e-37  122.5   2.1    1.1  1  nat_b9de124a92fba0281b06  
    3.8e-37  122.7   1.5    4.3e-37  122.5   1.5    1.1  1  nat_c468502803b4ab5981f1  
    3.9e-37  122.7   1.2    4.3e-37  122.5   1.2    1.1  1  nat_7d8f193406ee761e1417  
    3.9e-37  122.7   1.4    4.2e-37  122.6   1.4    1.0  1  nat_2c228d21f1ff5bf415c0  
    3.9e-37  122.7   2.3    4.1e-37  122.6   2.3    1.0  1  nat_408e9d934f451bb01fbc  
      4e-37  122.7   1.3    4.4e-37  122.5   1.3    1.1  1  nat_b5ccff48f879b7cc34ad  
      4e-37  122.6   4.3    4.7e-37  122.4   4.3    1.1  1  nat_70ad50650b15b30241b4  
      4e-37  122.6   1.5    4.5e-37  122.5   1.5    1.1  1  nat_dbd11e06d90ad48401af  
      4e-37  122.6   1.6    4.2e-37  122.6   1.6    1.0  1  nat_5d20e8974d28b202ff3e  
      4e-37  122.6   1.6    4.2e-37  122.6   1.6    1.0  1  nat_6eb7664db70304cf0f2b  
      4e-37  122.6   1.6    4.2e-37  122.6   1.6    1.0  1  nat_2e924180e7ec30a66746  
    4.1e-37  122.6   3.3    4.6e-37  122.5   3.3    1.1  1  nat_05a00477d12701f3890c  
    4.1e-37  122.6   1.7    4.6e-37  122.4   1.7    1.0  1  nat_0426b81b0cae1e176d21  
    4.2e-37  122.6   2.3    5.2e-37  122.3   2.3    1.1  1  nat_4d722634e257d2a7d133  
    4.2e-37  122.6   1.0    4.5e-37  122.5   1.0    1.1  1  nat_dc6aa26cbe06c32b68c2  
    4.2e-37  122.6   1.6    4.6e-37  122.4   1.6    1.1  1  nat_9ba949b2aab9e2be6898  
    4.2e-37  122.6   3.0    4.8e-37  122.4   3.0    1.1  1  nat_43f6e7e097fbcc058a96  
    4.2e-37  122.6   1.2    4.7e-37  122.4   1.2    1.1  1  nat_b47c8eec954491beb714  
    4.2e-37  122.6   5.3    4.7e-37  122.4   5.3    1.0  1  nat_0d5c4d48b465e6ca9571  
    4.2e-37  122.6   1.2    4.7e-37  122.4   1.2    1.1  1  nat_74aacbad701be1598660  
    4.3e-37  122.6   3.0    4.5e-37  122.5   3.0    1.0  1  nat_5baeb577d8a796551d83  
    4.3e-37  122.6   2.9    4.4e-37  122.5   2.9    1.0  1  nat_e60de74ad1cb6abf6e34  
    4.3e-37  122.6   2.3    4.7e-37  122.4   2.3    1.1  1  nat_87d470267a8c16ab7df9  
    4.3e-37  122.5   2.3    4.7e-37  122.4   2.3    1.0  1  nat_7017fbd8c94374540f0f  
    4.3e-37  122.5   2.8    4.9e-37  122.4   2.8    1.0  1  nat_73e0b5aa88a198c56cae  
    4.3e-37  122.5   5.4    4.6e-37  122.5   5.4    1.0  1  nat_50dda88e67458b1e7169  
    4.4e-37  122.5   1.1    4.8e-37  122.4   1.1    1.1  1  nat_82e4660fb87f57daff30  
    4.4e-37  122.5   4.5    5.2e-37  122.3   4.5    1.1  1  nat_25e574f58ba93dcb64e2  
    4.4e-37  122.5   1.1      5e-37  122.3   1.1    1.1  1  nat_bf00fc1bb4a6bea076a5  
    4.5e-37  122.5   1.5    5.5e-37  122.2   1.5    1.1  1  nat_d1b057f953bd558c0457  
    4.5e-37  122.5   1.2    4.9e-37  122.4   1.2    1.1  1  nat_6681febe116459c77b18  
    4.6e-37  122.5   3.5    5.1e-37  122.3   3.5    1.0  1  nat_71c9469d11a4b15b6ca5  
    4.6e-37  122.4   1.1      5e-37  122.3   1.1    1.1  1  nat_6b2c0d4d7468a9bb7cde  
    4.7e-37  122.4   3.7    4.9e-37  122.4   3.7    1.0  1  nat_603ba2fccd34d2e3b142  
    4.7e-37  122.4   1.4    5.2e-37  122.3   1.4    1.1  1  nat_81de2b78d291d512c1e2  
    4.8e-37  122.4   2.0    5.1e-37  122.3   2.0    1.1  1  nat_9d95fb5f11c9b20cbd54  
    4.8e-37  122.4   4.2    5.8e-37  122.1   4.2    1.1  1  nat_53bb9ec21df57edd61e9  
    4.8e-37  122.4   2.4    5.3e-37  122.3   2.4    1.1  1  nat_fe2e069c7d192a9aa4be  
    4.9e-37  122.4   2.8    5.5e-37  122.2   2.8    1.0  1  nat_9d924853eeaeacd8d676  
    4.9e-37  122.4   2.4    5.5e-37  122.2   2.4    1.0  1  nat_0e646809d1e3d9dcc68e  
    4.9e-37  122.4   2.5    5.3e-37  122.3   2.5    1.0  1  nat_019e4d041634e825f3b4  
      5e-37  122.3   1.7    5.4e-37  122.2   1.7    1.1  1  nat_142752963930eab74d74  
      5e-37  122.3   3.3    5.6e-37  122.2   3.3    1.1  1  nat_68925098711d386795ce  
      5e-37  122.3   4.4    5.5e-37  122.2   4.4    1.0  1  nat_4257786c6e5cbd18c379  
    5.1e-37  122.3   1.2    5.8e-37  122.1   1.2    1.1  1  nat_94cdaea6b1db7bfe983f  
    5.2e-37  122.3   1.4    5.8e-37  122.1   1.4    1.1  1  nat_86af2bea85657bdc848a  
    5.3e-37  122.3   2.1    5.5e-37  122.2   2.1    1.0  1  nat_6cb2a4a67fad0b3f22b1  
    5.3e-37  122.3   1.1      6e-37  122.1   1.1    1.0  1  nat_a168f392bb4965ee81a4  
    5.3e-37  122.3   3.1      6e-37  122.1   3.1    1.1  1  nat_d4ba65189ba86a477cc5  
    5.3e-37  122.2   0.8    5.9e-37  122.1   0.8    1.0  1  nat_4d804d42d3d08ccd0ad2  
    5.6e-37  122.2   3.8    5.9e-37  122.1   3.8    1.0  1  nat_5531343a7a7ecf79ad55  
    5.7e-37  122.2   1.8    6.4e-37  122.0   1.8    1.0  1  nat_34e541178b7b0b894972  
    5.8e-37  122.1   2.1    6.4e-37  122.0   2.1    1.1  1  nat_a46817057b2430d35a66  
    5.8e-37  122.1   1.5      6e-37  122.1   1.5    1.0  1  nat_b3561a1e0242e2259486  
    5.8e-37  122.1   2.4      6e-37  122.1   2.4    1.0  1  nat_8f5ca23cd23d0262e12b  
    5.8e-37  122.1   4.7    6.2e-37  122.0   4.7    1.0  1  nat_0c143ad343586201fcf9  
      6e-37  122.1   1.8    6.9e-37  121.9   1.8    1.1  1  nat_ee10b37a92559cba1989  
      6e-37  122.1   2.0    7.4e-37  121.8   2.0    1.1  1  nat_fca422d4ddd5dcd65605  
    6.1e-37  122.1   2.1    6.7e-37  121.9   2.1    1.0  1  nat_b57946b3f69a165a3268  
    6.2e-37  122.0   2.5    6.8e-37  121.9   2.5    1.0  1  nat_1a9b7eb01e9bfef0db94  
    6.2e-37  122.0   2.8    7.3e-37  121.8   2.8    1.1  1  nat_943ce15fb7773fa3a769  
    6.2e-37  122.0   2.0    7.5e-37  121.8   2.0    1.1  1  nat_729a9790a662e92ab379  
    6.2e-37  122.0   1.7    6.8e-37  121.9   1.7    1.1  1  nat_17718ba432b9ffbaf06b  
    6.3e-37  122.0   1.4      8e-37  121.7   1.4    1.1  1  nat_fa2383cbfbff83286c61  
    6.6e-37  122.0   1.1      8e-37  121.7   1.1    1.1  1  nat_144165ea4d3ea8a64b2e  
    6.6e-37  122.0   3.1    7.6e-37  121.7   3.1    1.1  1  nat_3beea3bf721df3e90ae2  
    6.6e-37  121.9   4.0      7e-37  121.9   4.0    1.0  1  nat_9ea506ab1bb26a2a159a  
    6.7e-37  121.9   2.3    8.4e-37  121.6   2.3    1.1  1  nat_0077c6cbf903d0b80137  
    6.7e-37  121.9   2.3    8.4e-37  121.6   2.3    1.1  1  nat_1aef09f774a1818b7e24  
    6.7e-37  121.9   2.3    8.4e-37  121.6   2.3    1.1  1  nat_1564401f2a553c444667  
    7.1e-37  121.9   3.8    8.2e-37  121.7   3.8    1.1  1  nat_646d43372f49b1be4f56  
    7.1e-37  121.9   2.3    8.1e-37  121.7   2.3    1.1  1  nat_487f5518a6cfaf0b0b75  
    7.1e-37  121.8   2.3    8.3e-37  121.6   2.3    1.1  1  nat_14b8d1a3240d87319476  
    7.2e-37  121.8   3.8    8.2e-37  121.7   3.8    1.1  1  nat_969159e68bc0479327cf  
    7.2e-37  121.8   2.4      9e-37  121.5   2.4    1.1  1  nat_dad443e0412ef646de5e  
    7.3e-37  121.8   3.7    8.9e-37  121.5   3.7    1.1  1  nat_c8057d4884d2825dccf9  
    7.3e-37  121.8   3.7    8.8e-37  121.6   3.7    1.1  1  nat_a93e3ba867fc0e432d17  
    7.5e-37  121.8   5.6    7.8e-37  121.7   5.6    1.0  1  nat_1c3f16a0fdc7b319cfc7  
    7.5e-37  121.8   1.5    8.4e-37  121.6   1.5    1.1  1  nat_d5d6f3cedb33fb3328b6  
    7.7e-37  121.7   1.3      9e-37  121.5   1.3    1.1  1  nat_edcfcd19baadeee00eaf  
    7.8e-37  121.7   2.5      9e-37  121.5   2.5    1.1  1  nat_b14dbbd56a14a6238029  
    7.8e-37  121.7   4.3    9.1e-37  121.5   4.3    1.0  1  nat_af18bcf2e4b0e65e7263  
    7.9e-37  121.7   2.5    9.9e-37  121.4   2.5    1.1  1  nat_49d3875a5ef4bbb644f9  
      8e-37  121.7   2.5    9.3e-37  121.5   2.5    1.1  1  nat_edc787924d6392f7c1f5  
    8.1e-37  121.7   2.0    9.2e-37  121.5   2.0    1.1  1  nat_75679c0d4db585656573  
    8.2e-37  121.7   2.5      1e-36  121.3   2.5    1.1  1  nat_69442765a7e1224b0435  
    8.3e-37  121.6   5.4    8.5e-37  121.6   5.4    1.0  1  nat_26bed164289c66a8ab62  
    8.5e-37  121.6   3.9      1e-36  121.3   3.9    1.1  1  nat_fe8e5bed782f7960b0ca  
    8.7e-37  121.6   2.3    9.1e-37  121.5   2.3    1.0  1  nat_3534b37db97896c62b78  
    8.8e-37  121.6   1.3    9.7e-37  121.4   1.3    1.1  1  nat_d07d112598796fe30d76  
    8.9e-37  121.5   2.0    9.3e-37  121.5   2.0    1.0  1  nat_1e070d0d2387bb202235  
    9.5e-37  121.4   2.5    1.1e-36  121.2   2.5    1.1  1  nat_64b87c36790fe3acd4ba  
    9.7e-37  121.4   2.5    1.2e-36  121.1   2.5    1.1  1  nat_57d11d6b58e3b78591e1  
    9.9e-37  121.4   2.2      1e-36  121.4   2.2    1.0  1  nat_dc38a4313453d819bde4  
      1e-36  121.4   1.6    1.1e-36  121.2   1.6    1.1  1  nat_833a1708482ad34125e2  
      1e-36  121.3   4.2    1.1e-36  121.3   4.2    1.0  1  nat_02e83ad46b86e8eaf5e7  
      1e-36  121.3   3.2    1.1e-36  121.3   3.2    1.0  1  nat_90e82772d308676c7556  
    1.1e-36  121.2   1.7    1.2e-36  121.2   1.7    1.0  1  nat_ede685c8031e89299cf7  
    1.1e-36  121.2   1.5    1.2e-36  121.1   1.5    1.0  1  nat_6753c4dad3e8314a4fcc  
    1.2e-36  121.1   1.4    1.2e-36  121.1   1.4    1.0  1  nat_bf89f43284d2a11b9302  
    1.2e-36  121.1   2.2    1.4e-36  120.9   2.2    1.0  1  nat_fd9a2791aaca81c0c6ef  
    1.3e-36  121.0   2.0    1.3e-36  121.0   2.0    1.0  1  nat_c5e6ef219282f46a04ba  
    1.3e-36  121.0   1.5    1.4e-36  120.9   1.5    1.0  1  nat_c5a5f8d3e0297c749df7  
    1.4e-36  120.9   3.5    1.4e-36  120.9   3.5    1.0  1  nat_fdd60eac4981a8e64371  
    1.4e-36  120.9   3.7    1.5e-36  120.8   3.7    1.0  1  nat_f2eb1efff0bc22bf511d  
    1.4e-36  120.9   3.7    1.6e-36  120.8   3.7    1.0  1  nat_291571f679284e1c6455  
    1.4e-36  120.9   2.2    1.5e-36  120.8   2.2    1.0  1  nat_37dd3e43f991da44762e  
    1.5e-36  120.8   3.4    1.5e-36  120.8   3.4    1.0  1  nat_509ca7d230eacbb916e4  
    1.5e-36  120.8   1.7    1.9e-36  120.5   1.7    1.1  1  nat_dca06c4ca76aafac96e9  
    1.5e-36  120.8   0.4    1.7e-36  120.7   0.4    1.2  1  nat_dbcea97f4e8354ba3556  
    1.5e-36  120.8   1.7    1.7e-36  120.6   1.7    1.1  1  nat_4dc9c1477d3d6b181da7  
    1.6e-36  120.7   2.0    1.7e-36  120.6   2.0    1.0  1  nat_87980263fe69edba4368  
    1.7e-36  120.7   6.0    1.9e-36  120.5   6.0    1.1  1  nat_6ff785214200f1ea9f36  
    1.7e-36  120.7   2.8    1.7e-36  120.6   2.8    1.0  1  nat_34624fdc2470cd5a2bf3  
    1.7e-36  120.6   1.5    1.9e-36  120.5   1.5    1.1  1  nat_64863b5b8a6b08db9fd7  
    1.7e-36  120.6   1.0      2e-36  120.4   1.0    1.1  1  nat_07f90c8c92dbdb92b94e  
    1.7e-36  120.6   5.3    1.8e-36  120.5   5.3    1.0  1  nat_8892cc08df511f644bcf  
    1.8e-36  120.6   1.3    2.2e-36  120.3   1.3    1.1  1  nat_67dd37821af98e87666e  
    1.8e-36  120.6   2.9    1.9e-36  120.5   2.9    1.0  1  nat_a4ce46bc0db75edd2892  
    1.9e-36  120.5   2.0      2e-36  120.4   2.0    1.1  1  nat_0ae199fc6d044a2da135  
      2e-36  120.4   3.5    2.1e-36  120.3   3.5    1.0  1  nat_e6ab93f7efc7fc3ffe18  
    2.1e-36  120.4   2.2    2.2e-36  120.3   2.2    1.0  1  nat_d4535c05655d38b67932  
    2.1e-36  120.3   2.0    2.5e-36  120.1   2.0    1.1  1  nat_00058845722df3ede422  
    2.2e-36  120.3   3.3    2.6e-36  120.0   3.3    1.1  1  nat_b57aea053dff80c6482c  
    2.5e-36  120.1   2.4    2.5e-36  120.1   2.4    1.0  1  nat_62b65b4bdaad5382b6fd  
    2.5e-36  120.1   3.4    2.6e-36  120.0   3.4    1.0  1  nat_448d52f7c380acd65350  
    2.5e-36  120.1   2.0      3e-36  119.8   2.0    1.1  1  nat_48f4fc548c0153a5775e  
    2.6e-36  120.0   2.3    2.8e-36  120.0   2.3    1.0  1  nat_0e04889ea449c11132b4  
    2.6e-36  120.0   2.5    3.2e-36  119.7   2.5    1.1  1  nat_a8908cb0d732ddf5c6d4  
    2.7e-36  120.0   4.1      3e-36  119.9   4.1    1.0  1  nat_1221e51a70c9226dfb5b  
    2.7e-36  120.0   1.4      3e-36  119.8   1.4    1.1  1  nat_004ac783975534947324  
    2.8e-36  119.9   1.6    3.2e-36  119.8   1.6    1.1  1  nat_8d29ff35edf68fc809de  
      3e-36  119.9   1.6    3.4e-36  119.7   1.6    1.1  1  nat_4d4e00d31d935ed0527d  
      3e-36  119.8   1.0    3.3e-36  119.7   1.0    1.1  1  nat_0145b7d0415b25474bf7  
      3e-36  119.8   4.1    3.4e-36  119.7   4.1    1.1  1  nat_72cdd34cb274da9e5e19  
    3.2e-36  119.8   4.1    3.9e-36  119.5   4.1    1.0  1  nat_9c6b2526a0bb2c4a36c1  
    3.3e-36  119.7   1.8    3.3e-36  119.7   1.8    1.0  1  nat_0da4fc315e8c5fa1925f  
    3.3e-36  119.7   3.3    3.7e-36  119.6   3.3    1.0  1  nat_03154ee220c3666c043c  
    3.3e-36  119.7   3.5    3.5e-36  119.6   3.5    1.0  1  nat_63042e294eae0d141b5c  
    3.6e-36  119.6   3.4    3.8e-36  119.5   3.4    1.0  1  nat_dd1c249d0891ddb7284f  
    3.8e-36  119.5   4.1    4.2e-36  119.4   4.1    1.0  1  nat_ccf96d6a6ed62483f79a  
    3.9e-36  119.5   4.2    4.1e-36  119.4   4.2    1.0  1  nat_acfca75ffa4093670cf2  
    4.2e-36  119.4   1.7    4.6e-36  119.3   1.7    1.0  1  nat_1cabf52c370a690f1b57  
    4.3e-36  119.4   2.7    4.5e-36  119.3   2.7    1.0  1  nat_f3c68da8dba27ecffeaa  
    4.3e-36  119.3   3.5    4.9e-36  119.1   3.5    1.1  1  nat_7e786e62d646d83c83d5  
    4.3e-36  119.3   4.7    4.7e-36  119.2   4.7    1.0  1  nat_2db5ea05deb082340e79  
    4.6e-36  119.3   1.3    5.7e-36  119.0   1.3    1.1  1  nat_f49fe3672d6fdfda7cc7  
    4.6e-36  119.2   2.4    4.9e-36  119.2   2.4    1.0  1  nat_0a83dfbba1b7aa435131  
    4.9e-36  119.2   0.6      6e-36  118.9   0.6    1.2  1  nat_3d7fc725cd17cf23a73c  
      5e-36  119.1   1.9    5.6e-36  119.0   1.9    1.1  1  nat_140f5823a50b88bf41c9  
    5.7e-36  119.0   1.3    6.1e-36  118.9   1.3    1.0  1  nat_0aeb545239a28bae61f9  
    5.7e-36  119.0   1.1    5.9e-36  118.9   1.1    1.0  1  nat_262acad32bf64e600812  
    5.9e-36  118.9   4.2    6.7e-36  118.7   4.2    1.0  1  nat_419538444627b50496c7  
    6.6e-36  118.8   4.0    7.5e-36  118.6   4.0    1.0  1  nat_b5963311e20bf490cf4c  
    7.6e-36  118.6   3.8    8.2e-36  118.5   3.8    1.0  1  nat_1589f15763a3b3a0bf84  
    7.8e-36  118.5   2.5      9e-36  118.3   2.5    1.0  1  nat_743c7630acb96591de70  
    8.7e-36  118.4   2.9      9e-36  118.3   2.9    1.0  1  nat_f603a0bdb36b55f44821  
    9.3e-36  118.3   3.6    9.9e-36  118.2   3.6    1.0  1  nat_4eaa3da48c36a3a15145  
    9.7e-36  118.2   4.6    1.1e-35  118.0   4.6    1.0  1  nat_57d68f25d5ecc3851016  
      1e-35  118.2   2.7    1.1e-35  118.1   2.7    1.0  1  nat_4fc0ca345529f4acca56  
    1.1e-35  118.1   3.5    1.1e-35  118.1   3.5    1.0  1  nat_e9136a895903c3d0b4ef  
    1.1e-35  118.1   0.6    1.2e-35  118.0   0.6    1.2  1  nat_461115b7000bfd74f566  
    1.1e-35  118.1   1.2    1.2e-35  117.9   1.2    1.1  1  nat_36bb407811468e3b13d9  
    1.2e-35  118.0   2.7    1.3e-35  117.8   2.7    1.1  1  nat_d5c2d4101839c4dee9b6  
    1.2e-35  117.9   3.6    1.3e-35  117.8   3.6    1.0  1  nat_e9d01ae6175270dee0d8  
    1.2e-35  117.9   2.5    1.4e-35  117.7   2.5    1.0  1  nat_55e5b08f11099324ee5a  
    1.3e-35  117.8   1.4    1.5e-35  117.6   1.4    1.1  1  nat_c7cb28cf54b6a88ff785  
    1.5e-35  117.6   2.9    1.6e-35  117.6   2.9    1.0  1  nat_644a625ed987b37152d8  
    1.6e-35  117.5   4.4    1.9e-35  117.3   4.4    1.1  1  nat_40571a78567e238ce9c6  
    1.9e-35  117.3   3.6    2.1e-35  117.2   3.6    1.0  1  nat_225f75b3aac6c99832fc  
    2.5e-35  116.9   1.2    2.8e-35  116.8   1.2    1.1  1  nat_1a264ded2f369ea42fdd  
      3e-35  116.6   3.1    3.2e-35  116.6   3.1    1.0  1  nat_f4b103f437e4c6a24ac0  
    3.2e-35  116.6   2.5    3.4e-35  116.5   2.5    1.1  1  nat_2257aec2c4abeff42ec4  
    3.3e-35  116.5   2.6    3.4e-35  116.5   2.6    1.0  1  nat_36d36d0c4f52b3ab32d3  
    3.8e-35  116.3   2.0    4.2e-35  116.2   2.0    1.1  1  nat_c477483bf308ed286daf  
    4.4e-35  116.1   4.2    4.9e-35  115.9   4.2    1.1  1  nat_ff9c5d10b21ed7b06913  
    4.5e-35  116.1   4.8    4.7e-35  116.0   4.8    1.0  1  nat_8b714e1325cbfdfacd93  
    4.9e-35  116.0   2.0    5.2e-35  115.9   2.0    1.0  1  nat_aef0e900ff08f50b5105  
      5e-35  115.9   1.9    5.2e-35  115.9   1.9    1.0  1  nat_9ba976654c95d4d9fd8f  
    5.7e-35  115.7   1.8    6.3e-35  115.6   1.8    1.0  1  nat_ce5dc523b5749c0ad99a  
    5.8e-35  115.7   4.8      6e-35  115.7   4.8    1.0  1  nat_8758b934790f5784ea1b  
    6.8e-35  115.5   4.3      7e-35  115.5   4.3    1.0  1  nat_12c980f97c4e594a42de  
    8.2e-35  115.2   4.9    8.6e-35  115.2   4.9    1.0  1  nat_b3e7eac10f741058a688  
    1.2e-34  114.7   1.6    1.4e-34  114.5   1.6    1.1  1  nat_718f9add2c10ca08b4a5  
    1.3e-34  114.6   2.5    1.4e-34  114.5   2.5    1.0  1  nat_27cfc6c7874687adce98  
    1.3e-34  114.6   2.2    1.4e-34  114.5   2.2    1.1  1  nat_63e94d96149b61e3547f  
    1.3e-34  114.6   2.2    1.4e-34  114.5   2.2    1.1  1  nat_320fa412f1f1ad675d12  
    1.5e-34  114.4   0.9    1.6e-34  114.3   0.9    1.1  1  nat_edf12e96625a3cd49854  
    1.6e-34  114.3   5.2    1.6e-34  114.3   5.2    1.0  1  nat_a2b40c981456774b6e29  
    1.7e-34  114.2   4.9    1.8e-34  114.1   4.9    1.0  1  nat_b603aa5b88f6a395b1f9  
    1.7e-34  114.2   1.5    1.9e-34  114.1   1.5    1.1  1  nat_e31d0685f6a3fa9a63fd  
    1.7e-34  114.2   1.5    1.9e-34  114.1   1.5    1.1  1  nat_3e013aaa6defa9421798  
    1.9e-34  114.1   4.5      2e-34  114.0   4.5    1.0  1  nat_df27c6cb10b51229e5ef  
    2.6e-34  113.6   3.3      3e-34  113.5   3.3    1.0  1  nat_eb796c25a48cdf2ca2d4  
    2.8e-34  113.5   1.6    3.1e-34  113.4   1.6    1.1  1  nat_ebb2fb66a808274ef5cf  
    3.6e-34  113.2   3.4    3.9e-34  113.1   3.4    1.0  1  nat_b14fdba1c12c78ac4485  
    3.9e-34  113.1   2.7    4.2e-34  113.0   2.7    1.0  1  nat_6eb103ed851a261f0454  
    4.4e-34  112.9   2.1    4.7e-34  112.8   2.1    1.1  1  nat_76418c5d471b2873e6bf  
    4.6e-34  112.8   4.2    4.9e-34  112.8   4.2    1.0  1  nat_883a9edd1d317110f140  
    4.9e-34  112.8   3.5    5.5e-34  112.6   3.5    1.0  1  nat_ab2c1e3f0d8fb899b91a  
    4.9e-34  112.7   0.8    5.5e-34  112.6   0.8    1.0  1  nat_32fcf9c5b6202c499dc1  
    5.1e-34  112.7   3.3    5.3e-34  112.6   3.3    1.0  1  nat_340bf83afc765d1b00fd  
    5.5e-34  112.6   2.4    5.9e-34  112.5   2.4    1.1  1  nat_cd0ec9cc83e20bd818b3  
    6.4e-34  112.4   2.5    6.8e-34  112.3   2.5    1.1  1  nat_b9d147aeaac9ffa9d0f3  
    6.8e-34  112.3   5.5      7e-34  112.2   5.5    1.0  1  nat_67932dce44a393cc5d41  
    8.3e-34  112.0   4.0      9e-34  111.9   4.0    1.0  1  nat_07248f2d3ff700c7afcd  
    9.9e-34  111.8   1.4    1.2e-33  111.6   1.4    1.1  1  nat_4138c2817c5b6dca65ea  
      1e-33  111.8   1.4    1.2e-33  111.6   1.4    1.0  1  nat_10462c8aed9b62ff76a8  
    1.5e-33  111.2   5.2    1.7e-33  111.0   5.2    1.0  1  nat_51883a62e7fa5ef818e6  
    1.6e-33  111.1   3.5    1.8e-33  111.0   3.5    1.0  1  nat_f5db5c4704d592f947d9  
    2.3e-33  110.6   0.6    2.7e-33  110.4   0.6    1.2  1  nat_e68eef3564e74af35e4a  
    2.4e-33  110.6   0.8    2.8e-33  110.3   0.8    1.1  1  nat_84eddb9c9ecca10afd5a  
    3.8e-33  109.9   1.0    4.2e-33  109.8   1.0    1.0  1  nat_1f1d6fdb82f348ed948e  
      4e-33  109.8   1.1    4.4e-33  109.7   1.1    1.0  1  nat_63d39c2e5861daa31f41  
    5.7e-33  109.3   0.6    6.3e-33  109.2   0.6    1.0  1  nat_f7504e4129a4bef9f7f2  
    6.9e-33  109.1   0.5    7.9e-33  108.9   0.5    1.1  1  nat_26e90ce65ed710949c06  
    8.7e-33  108.7   0.8    9.3e-33  108.7   0.8    1.0  1  nat_5c03f7861ccf36dc0533  
    8.9e-33  108.7   0.8    9.7e-33  108.6   0.8    1.0  1  nat_0a6194eed91a047cb43e  
      1e-32  108.5   3.5    1.1e-32  108.4   3.5    1.0  1  nat_22c9ea68da69251de7cc  
    1.5e-32  108.0   2.9    1.8e-32  107.8   2.9    1.1  1  nat_261427cf6474f66e5844  
    1.6e-32  107.9   1.2    1.7e-32  107.8   1.2    1.1  1  nat_7801d96d034213cf08c8  
    1.6e-32  107.9   0.5    1.9e-32  107.7   0.5    1.2  1  nat_fd49c343614a605c0f40  
    1.7e-32  107.8   3.0    2.1e-32  107.5   3.0    1.1  1  nat_e9a0f84c227e1492bb83  
    2.5e-32  107.3   2.9      3e-32  107.0   2.9    1.1  1  nat_cc5b8e3667bee7376c85  
    3.1e-32  107.0   1.2    3.6e-32  106.8   1.2    1.1  1  nat_824a3264c546dbd7013f  
    3.4e-32  106.9   1.1    4.1e-32  106.6   1.1    1.1  1  nat_ad18f8d7fabecf9750fb  
    3.9e-32  106.7   1.3    4.8e-32  106.4   1.3    1.1  1  nat_65113288b099887ef152  
    8.2e-32  105.6   0.9    9.3e-32  105.5   0.9    1.1  1  nat_47d50311ddb9a7300429  
      9e-32  105.5   2.5    9.7e-32  105.4   2.5    1.0  1  nat_d565583d15eb6f192c57  
      1e-31  105.3   1.0    1.2e-31  105.2   1.0    1.1  1  nat_fde7addd3bf07688f196  
    1.5e-31  104.8   0.8    1.7e-31  104.6   0.8    1.1  1  nat_09f47a4c9a94b657ae7d  
    1.6e-31  104.7   1.9    2.2e-31  104.2   1.9    1.2  1  nat_241c00832790324418cd  
    2.2e-31  104.3   1.7    3.3e-31  103.7   1.7    1.3  1  nat_e9cfe4a312dd51479edb  
    4.1e-31  103.4   2.4      6e-31  102.9   2.4    1.2  1  nat_e8960ef9f28cbd66312c  
    5.3e-31  103.0   2.3    5.9e-31  102.9   2.3    1.0  1  nat_99653906bbbaa3567e58  
    1.8e-30  101.3   0.7    2.5e-30  100.9   0.7    1.2  1  nat_03e37b9ff61818fe868f  
    1.8e-30  101.3   1.9    2.7e-30  100.8   1.9    1.2  1  nat_3ca681349695f8ed3ee4  
    2.1e-30  101.1   0.9    2.7e-30  100.8   0.9    1.1  1  nat_db9f1375949c94632148  
    2.2e-30  101.1   1.1    2.2e-30  101.1   1.1    1.0  1  nat_a073bea82f9def955f00  
    6.1e-30   99.6   1.4    7.9e-30   99.3   1.4    1.1  1  nat_c17881a40bc443471c80  
    1.2e-29   98.7   0.3    1.4e-29   98.5   0.3    1.2  1  nat_0ebe1baa66ad5d5cb860  
    1.4e-29   98.5   0.2    1.5e-29   98.4   0.2    1.1  1  nat_d9b388b924f7fb872e9a  
    2.5e-29   97.6   0.2    3.8e-29   97.1   0.2    1.2  1  nat_48dbcd4ed98d41a9651a  
    3.6e-29   97.1   1.0    5.2e-29   96.6   1.0    1.3  1  nat_0df60d2fc55bf3787af1  
      4e-29   97.0   0.7    5.6e-29   96.5   0.7    1.1  1  nat_11cdda0e14dc63f88e35  
    4.6e-29   96.8   1.6    6.7e-29   96.3   1.6    1.2  1  nat_cf2b86e8ceab5f9ee1d8  
    4.7e-29   96.8   1.6    6.7e-29   96.3   1.6    1.2  1  nat_bb5cf35be2d320c0ead2  
    4.7e-29   96.8   1.6    6.7e-29   96.3   1.6    1.2  1  nat_370aa86e30267a3a072e  
    4.8e-29   96.8   1.2    7.2e-29   96.2   1.2    1.2  1  nat_7bdcd34808440e398074  
    4.8e-29   96.8   1.2    7.2e-29   96.2   1.2    1.2  1  nat_5db4f89b8985994be8c6  
    5.1e-29   96.7   0.3    6.8e-29   96.3   0.3    1.2  1  nat_d3af78dd1e3340eceeac  
    9.6e-29   95.8   1.1    1.3e-28   95.3   1.1    1.2  1  nat_1ad342624de277274295  
    1.7e-28   95.0   1.2    2.2e-28   94.6   1.2    1.1  1  nat_f9a6c4e29c6909a7bfea  
    1.9e-28   94.8   1.5    2.8e-28   94.3   1.5    1.2  1  nat_7ca23b11f7e72b0b7519  
    2.1e-28   94.7   1.4    2.7e-28   94.3   1.4    1.1  1  nat_5fe0328494dc254c515b  
    2.3e-28   94.6   0.6      3e-28   94.2   0.6    1.1  1  nat_f6319f5f160f5a18b334  
    2.6e-28   94.4   0.5    2.8e-28   94.3   0.5    1.0  1  nat_1d6f00b576454c5129eb  
    3.1e-28   94.1   3.1    4.9e-28   93.5   3.1    1.2  1  nat_0739506f322325ee29fe  
    5.6e-28   93.3   0.2    8.5e-28   92.8   0.2    1.2  1  nat_fca4193e69c1cb015d9a  
    7.3e-28   93.0   0.6    1.1e-27   92.4   0.6    1.2  1  nat_febdf633d7175529519f  
    7.7e-28   92.9   0.2    1.1e-27   92.4   0.2    1.2  1  nat_590810062f7432024711  
    9.1e-28   92.7   0.2    1.2e-27   92.3   0.2    1.2  1  nat_840c1e4fe0d4806879ab  
    9.5e-28   92.6   1.3    1.3e-27   92.2   1.3    1.1  1  nat_b777f719d06f5568d601  
    1.2e-27   92.3   1.3    1.5e-27   91.9   1.3    1.1  1  nat_a0c33ff7daaf9315de4b  
    1.5e-27   92.0   0.4    1.8e-27   91.7   0.4    1.2  1  nat_e2dc3b903f2c8b00f1a7  
    1.5e-27   91.9   0.2    2.1e-27   91.5   0.2    1.2  1  nat_76b7cbd0ac40cdad80a9  
    1.8e-27   91.7   0.9    2.5e-27   91.3   0.9    1.2  1  nat_23547210dabe68635401  
    1.9e-27   91.6   0.6    2.2e-27   91.5   0.6    1.1  1  nat_71487a9fd043fc5b4741  
      2e-27   91.6   1.1    2.7e-27   91.1   1.1    1.2  1  nat_d8ac85c1e2427ebd2b9e  
    2.1e-27   91.5   0.7    2.4e-27   91.3   0.7    1.1  1  nat_537a56df1e3b5128f45c  
    2.7e-27   91.2   0.3    3.7e-27   90.7   0.3    1.2  1  nat_c484713e8b3e1c6ab049  
    5.6e-27   90.1   0.3    7.4e-27   89.7   0.3    1.2  1  nat_64e02fc38d79639470d8  
    7.4e-27   89.7   0.4    1.2e-26   89.1   0.4    1.3  1  nat_a02e830798caf1fb08c6  
    7.6e-27   89.7   0.3    9.9e-27   89.3   0.3    1.2  1  nat_7058382ccfa4518d5f28  
    8.4e-27   89.6   0.3    1.4e-26   88.9   0.3    1.3  1  nat_13f51706d5d2df8544bb  
    1.6e-26   88.7   1.0    2.3e-26   88.2   1.0    1.1  1  nat_6f78ae7dbd3067bdbed8  
    1.9e-26   88.4   0.1    2.7e-26   87.9   0.1    1.3  1  nat_81fe8a6c5a2a9f1f516d  
    2.6e-26   88.0   0.6    3.9e-26   87.4   0.6    1.2  1  nat_492e347eb26b4c87a4d1  
    3.1e-26   87.8   0.1    4.5e-26   87.2   0.1    1.2  1  nat_38c50a9f5c23bd9138cf  
    3.2e-26   87.7   0.2    4.7e-26   87.2   0.2    1.2  1  nat_ad843ea9809d8148ba5d  
      4e-26   87.4   0.9    6.1e-26   86.8   0.9    1.2  1  nat_f6ad48ba3d6950d55fac  
    4.1e-26   87.4   0.1      6e-26   86.8   0.1    1.2  1  nat_c7ec77b171120a344a06  
    4.3e-26   87.3   0.8    6.1e-26   86.8   0.8    1.2  1  nat_dabe1f4728c04495925e  
    5.1e-26   87.1   0.4      8e-26   86.4   0.4    1.3  1  nat_3dee88ac2224aeef66c6  
    5.8e-26   86.9   1.4    8.1e-26   86.4   1.4    1.2  1  nat_8bb53690eb425655a7a8  
    6.5e-26   86.7   0.7    1.1e-25   86.0   0.7    1.4  1  nat_2cbea2021b2dcea14377  
    6.9e-26   86.6   0.2      1e-25   86.1   0.2    1.2  1  nat_1928e65272069bd9fa51  
    7.8e-26   86.5   0.8    1.1e-25   86.0   0.8    1.3  1  nat_833997551203b7f90ae0  
    8.9e-26   86.3   0.2    1.3e-25   85.8   0.2    1.2  1  nat_dda4548fde968a05b6df  
    9.6e-26   86.2   0.2    1.2e-25   85.9   0.2    1.1  1  nat_f7e68563732e131d24d8  
      1e-25   86.1   0.1    1.5e-25   85.6   0.1    1.2  1  nat_ebdc86196ce4e8d00cbf  
      1e-25   86.1   0.1    1.6e-25   85.5   0.1    1.2  1  nat_6202903abc283dce1575  
      1e-25   86.1   0.1    1.4e-25   85.6   0.1    1.2  1  nat_36827e11a82ffe460664  
    1.1e-25   86.0   0.2    1.7e-25   85.4   0.2    1.2  1  nat_1f087f3f20cf0e414c21  
    1.1e-25   86.0   0.1    1.3e-25   85.8   0.1    1.1  1  nat_3e818bdd944ede311b8f  
    1.1e-25   86.0   0.3    1.7e-25   85.4   0.3    1.2  1  nat_3fb1b2844ab87a8f4a72  
    1.3e-25   85.8   0.5    1.8e-25   85.3   0.5    1.2  1  nat_cf176e85bcb7fcecce87  
    1.3e-25   85.7   0.5      2e-25   85.2   0.5    1.2  1  nat_50e7ec50620e080551e3  
    1.4e-25   85.7   0.6      2e-25   85.1   0.6    1.2  1  nat_212e64a237d4a0795448  
    1.4e-25   85.6   0.4    2.2e-25   85.0   0.4    1.3  1  nat_d3c36edb3c6b427867e3  
    1.5e-25   85.5   0.2    2.2e-25   85.0   0.2    1.2  1  nat_99a07129f51bd6011cb7  
    4.1e-25   84.1   0.6    5.9e-25   83.6   0.6    1.2  1  nat_decd9a1d90f169f4eb3e  
    4.2e-25   84.1   0.6      6e-25   83.6   0.6    1.2  1  nat_dc852bef97bb5a3f37ff  
    4.4e-25   84.0   2.7    7.3e-25   83.4   2.7    1.4  1  nat_2020b232078a08b4fb2b  
    4.8e-25   83.9   0.8    6.6e-25   83.5   0.8    1.2  1  nat_a85f488e5f68b0445ad1  
    7.5e-25   83.3   0.4    1.1e-24   82.8   0.4    1.3  1  nat_58a114a587bf7627f074  
    9.4e-25   83.0   1.6    1.3e-24   82.5   1.6    1.2  1  nat_575a3ddb97ad6997411f  
    1.1e-24   82.8   1.6    1.5e-24   82.3   1.6    1.2  1  nat_d82c955fa7d898a2ab96  
    1.1e-24   82.8   0.8    1.6e-24   82.3   0.8    1.2  1  nat_da289e6aa9b0bf8de540  
    1.4e-24   82.5   0.9    2.1e-24   81.9   0.9    1.4  1  nat_3b18df9990357338331a  
    1.5e-24   82.3   0.6    1.9e-24   82.0   0.6    1.2  1  nat_ba8e972cfc82013f9a87  
    1.5e-24   82.3   0.4      2e-24   81.9   0.4    1.2  1  nat_c6dc835e8a7f5c8d11a7  
    1.6e-24   82.2   0.4    2.2e-24   81.8   0.4    1.2  1  nat_0f78d7acac5b21f9e204  
      3e-24   81.4   2.3    4.3e-24   80.9   2.3    1.2  1  nat_0a906f70a5c423dba747  
    3.1e-24   81.3   0.6    4.4e-24   80.9   0.6    1.3  1  nat_057e1cbe9c0aca38bc03  
    3.2e-24   81.3   0.4    4.7e-24   80.8   0.4    1.2  1  nat_a35562a6d386286458f3  
    3.8e-24   81.0   0.3    5.4e-24   80.6   0.3    1.2  1  nat_db21d598502068c3fa2f  
    3.9e-24   81.0   0.1    4.3e-24   80.9   0.1    1.1  1  nat_ea0ea44f707886c44ad7  
    4.2e-24   80.9   0.4    5.8e-24   80.5   0.4    1.2  1  nat_c851ec622696a1a12ee9  
    4.4e-24   80.9   0.8    4.4e-24   80.9   0.8    1.5  1  nat_4b12dfb542826f087a7e  
    4.4e-24   80.9   0.8    4.4e-24   80.9   0.8    1.5  1  nat_9cc118c4f8ae07349652  
    4.6e-24   80.8   0.7    5.5e-24   80.5   0.7    1.1  1  nat_c2b38e1874ab84e46f83  
    6.4e-24   80.3   1.2    9.7e-24   79.8   1.2    1.3  1  nat_7794e8f04dda3151b8bb  
    1.6e-23   79.0   0.2      2e-23   78.7   0.2    1.1  1  nat_17f8dbacce8546140dc8  
    3.3e-23   78.0   0.2      4e-23   77.8   0.2    1.1  1  nat_7dbf168b0a730e9f7293  
    3.5e-23   78.0   0.0    4.5e-23   77.6   0.0    1.1  1  nat_588257282ce6ea174dae  
    3.5e-20   68.4   0.6    4.5e-20   68.0   0.6    1.2  1  nat_f0527674fd3fa7ce3faf  
    4.8e-16   55.1   1.1    5.4e-16   54.9   1.1    1.2  1  nat_5c2e3230af84af2b587d  
    1.9e-15   53.1   0.7    2.2e-15   53.0   0.7    1.2  1  nat_86c1908d1d28058bf2a9  
    4.5e-15   52.0   1.0    5.2e-15   51.8   1.0    1.2  1  nat_2dde3392aae621ffc247  
    6.2e-15   51.5   1.2    7.3e-15   51.3   1.2    1.2  1  nat_d7b8c5c7cb6b1053592e  
    7.3e-15   51.3   0.4      1e-14   50.9   0.4    1.3  1  nat_41d8ab0f02461073a97c  
    8.9e-15   51.0   1.3    1.3e-14   50.5   1.3    1.3  1  nat_ecb1c2738797f1742802  
      1e-14   50.8   1.4    1.2e-14   50.6   1.4    1.2  1  nat_93ee8755b8fb64b781d3  
    1.1e-14   50.7   2.2    1.3e-14   50.5   2.2    1.2  1  nat_4a66b9c8b2b4962ce727  
    1.9e-14   50.0   0.1    2.6e-14   49.5   0.1    1.3  1  nat_d39c56188f28cb02ba10  
      2e-14   49.9   0.1    2.6e-14   49.5   0.1    1.2  1  nat_c6080e51aceffe4e0a16  
    2.3e-14   49.7   3.2    3.1e-14   49.3   3.2    1.2  1  nat_8be088bcd53ef20d5eec  
    2.3e-14   49.7   0.0      3e-14   49.3   0.0    1.3  1  nat_8e0a2c13b1b8165a790e  
    2.4e-14   49.6   0.0    3.1e-14   49.3   0.0    1.2  1  nat_05b12b3e859ceb6ed015  
    2.5e-14   49.6   0.1    3.2e-14   49.2   0.1    1.2  1  nat_41c961009656e555d77b  
    2.5e-14   49.6   0.1    3.3e-14   49.2   0.1    1.2  1  nat_4679d56f6681435313d7  
    2.6e-14   49.5   1.6    3.7e-14   49.0   1.6    1.1  1  nat_47f1a4ea07a3cb6c51c0  
    3.1e-14   49.3   4.6    4.2e-14   48.9   4.6    1.2  1  nat_b629ea5b6ccdf5cafe33  
    5.7e-14   48.4   0.1      7e-14   48.2   0.1    1.2  1  nat_b0bc17f554cd4bd5d816  
    6.1e-14   48.3   0.1    8.1e-14   48.0   0.1    1.3  1  nat_65a24aaa375f0bffdfc5  
    6.7e-14   48.2   0.0    8.4e-14   47.9   0.0    1.2  1  nat_7c3de3fe13342d4e92f5  
    6.7e-14   48.2   0.5    9.2e-14   47.8   0.5    1.2  1  nat_3fffa9db9247345bf996  
    6.9e-14   48.2   0.0    8.8e-14   47.8   0.0    1.2  1  nat_299ca2c9b99a9aadf54a  
    7.9e-14   48.0   0.6      1e-13   47.6   0.6    1.2  1  nat_9ecb68caf9b062eead15  
    9.3e-14   47.8   1.7    1.2e-13   47.4   1.4    1.4  1  nat_1c3d745a993f2e62d375  
      1e-13   47.6   0.0    1.3e-13   47.3   0.0    1.2  1  nat_ae0d3c1433adbcb50ef7  
    1.5e-13   47.1   1.4    2.1e-13   46.6   1.4    1.3  1  nat_d18c3f8a7743da7fc46c  
    1.8e-13   46.8   0.2    2.3e-13   46.5   0.2    1.2  1  nat_395ec35f14effdb2da3a  
      2e-13   46.7   0.5    2.9e-13   46.2   0.5    1.2  1  nat_830632d521f3236a361b  
    2.3e-13   46.5   1.6    3.4e-13   46.0   1.6    1.3  1  nat_fb5c50128dbd5c384bba  
    2.3e-13   46.5   0.2    3.3e-13   46.0   0.2    1.2  1  nat_8c0f48ab1366fa010ded  
    3.6e-13   45.9   0.1    4.6e-13   45.6   0.1    1.2  1  nat_cbba243dc1613c0cb1fa  
    3.6e-13   45.9   3.0      5e-13   45.4   3.0    1.2  1  nat_8f6356423342dd6a8af7  
    4.2e-13   45.7   3.0    5.8e-13   45.2   3.0    1.2  1  nat_dc91976c7c3450587080  
    4.4e-13   45.6   2.6    6.3e-13   45.1   2.6    1.2  1  nat_1af92f4517cb07b380d4  
    5.5e-13   45.3   0.5    7.8e-13   44.8   0.5    1.3  1  nat_61dc8856dc8fc8349d45  
    5.6e-13   45.3   0.0    6.8e-13   45.0   0.0    1.2  1  nat_023128e0df407b2417ae  
    6.8e-13   45.0   0.9    9.9e-13   44.5   0.9    1.2  1  nat_02e0719c48b326139c30  
    8.1e-13   44.8   1.6    1.1e-12   44.4   1.6    1.2  1  nat_db12f4452278c4bf469c  
      1e-12   44.4   1.2    1.2e-12   44.2   1.2    1.0  1  nat_a283f318c6308a294b6d  
    1.1e-12   44.3   0.9    1.6e-12   43.8   0.9    1.2  1  nat_7c3fe835f2de28872203  
    1.1e-12   44.3   0.2    1.3e-12   44.1   0.2    1.2  1  nat_daa26bb81225045c82c6  
    1.2e-12   44.2   1.0    1.7e-12   43.8   1.0    1.2  1  nat_6770b7649ec68cfb7397  
    1.3e-12   44.1   1.4    1.4e-12   44.0   1.4    1.1  1  nat_69b7f558d07e2d585aa0  
    1.5e-12   43.9   0.8    2.6e-12   43.2   0.8    1.3  1  nat_78a9f4fc56b943558b47  
    2.2e-12   43.4   0.6      3e-12   42.9   0.6    1.2  1  nat_4ec35b7e5d4432cf30cc  
    2.2e-12   43.4   1.2    3.1e-12   42.9   1.2    1.2  1  nat_def4e5618d2d3f638abe  
    2.3e-12   43.3   0.3    3.2e-12   42.8   0.3    1.2  1  nat_c54850c6159ad64d41a5  
    2.3e-12   43.3   0.6    3.3e-12   42.8   0.6    1.2  1  nat_0a6e89f60cd37515559e  
    2.4e-12   43.2   0.8    3.2e-12   42.8   0.8    1.2  1  nat_549f36d80bd165ad0855  
    2.6e-12   43.1   0.8    3.8e-12   42.6   0.8    1.2  1  nat_9de3a1c74219c52c041e  
      3e-12   42.9   1.2    3.9e-12   42.5   1.2    1.2  1  nat_93f7db09d3715d2b4013  
    3.4e-12   42.8   0.6    5.2e-12   42.2   0.6    1.2  1  nat_1d519e42f5e4d4625382  
    5.3e-12   42.1   1.2    7.1e-12   41.7   1.2    1.3  1  nat_bc6806cbbc65718c537b  
    7.5e-12   41.6   2.4    1.1e-11   41.1   2.4    1.2  1  nat_f1643822251b583b4a61  
    9.3e-12   41.3   0.0    1.3e-11   40.9   0.0    1.2  1  nat_ed21f429d87e61b5eec4  
    1.1e-11   41.1   3.3    1.6e-11   40.6   3.3    1.2  1  nat_a67dd765d5d9f1265194  
    1.3e-11   40.9   0.9    1.4e-11   40.7   0.9    1.1  1  nat_805daea24cbec4e57a88  
    1.4e-11   40.8   0.0    1.8e-11   40.4   0.0    1.2  1  nat_30340d61c0959eeb66d5  
    1.5e-11   40.7   0.0      2e-11   40.3   0.0    1.2  1  nat_b924ca0fc25dc601d2bb  
    1.5e-11   40.7   2.1      2e-11   40.3   2.1    1.2  1  nat_19313a16de85e8dc6da2  
    2.2e-11   40.2   0.1    2.5e-11   40.0   0.1    1.2  1  nat_9863770a194a0d55027a  
      3e-11   39.7   1.0    3.5e-11   39.5   1.0    1.2  1  nat_4329fc20815a3de16628  
    4.2e-11   39.3   0.4    4.6e-11   39.1   0.4    1.1  1  nat_4fd9125da4c05324fca8  
    4.6e-11   39.1   2.0    8.2e-11   38.3   2.0    1.4  1  nat_cc9d0eca2af440c02e36  
    5.3e-11   38.9   0.0    7.1e-11   38.5   0.0    1.2  1  nat_2e713fded92313c4cd32  
    5.7e-11   38.8   0.0      8e-11   38.4   0.0    1.2  1  nat_2d8e972f7b8e0b149992  
    5.7e-11   38.8   0.0      8e-11   38.4   0.0    1.2  1  nat_b4205fc26537087a80e8  
    1.2e-10   37.8   0.1    1.5e-10   37.5   0.1    1.1  1  nat_cea2d8f5b7fe0c126524  
    1.8e-10   37.3   0.0    2.3e-10   36.9   0.0    1.2  1  nat_c22ec0560f03a826fc2e  
    3.9e-10   36.2   0.2    4.5e-10   36.0   0.2    1.0  1  nat_4e31c4d7aa8fd221c2dc  
    1.3e-09   34.5   0.6    1.6e-09   34.2   0.6    1.1  1  nat_e68b15f93012eb3c69b4  
    2.3e-09   33.7   0.4    2.6e-09   33.5   0.4    1.1  1  nat_568d6ca5fcbffc2ace52  
    4.9e-09   32.6   1.5    5.8e-09   32.4   1.5    1.1  1  nat_2ed708bd24725eb69d2c  
    1.5e-08   31.1   1.1    1.8e-08   30.8   1.1    1.2  1  nat_62c37e3a1f946926bc78  
    2.2e-08   30.5   0.1    2.3e-08   30.5   0.1    1.1  1  nat_5c9d5857295c1e857ae7  
    2.2e-08   30.5   0.4    2.9e-08   30.2   0.4    1.1  1  nat_3955b02fcca9b64e0539  
    2.3e-08   30.5   0.6    2.9e-08   30.1   0.6    1.1  1  nat_18d7e5ff3cc7fe9730aa  
      3e-08   30.1   0.7    3.5e-08   29.9   0.7    1.1  1  nat_9a52da9108207f742f79  
    3.9e-08   29.7   2.3    4.9e-08   29.4   2.3    1.1  1  nat_30a43eef2b89a9b85418  
      8e-08   28.8   5.1    9.8e-08   28.5   5.1    1.1  1  nat_efd48c99cdb0d08b6f9e  
    9.1e-08   28.6   5.9    1.2e-07   28.2   5.9    1.1  1  nat_e0c3a1bd76d4c37afc8c  
    1.6e-07   27.8   0.6    1.9e-07   27.5   0.6    1.2  1  nat_a839bd0954a015535b42  
    2.2e-07   27.3   6.6    2.9e-07   26.9   6.6    1.1  1  nat_00c6196a0e576e2b1900  
    2.4e-07   27.2   4.0    3.1e-07   26.9   4.0    1.2  1  nat_a539aed46db05ce9e162  
    3.3e-07   26.8   3.3      4e-07   26.5   3.3    1.1  1  nat_119785f1c0655d1d50b6  
    3.6e-07   26.7   0.2    4.1e-07   26.5   0.2    1.1  1  nat_0d9cf3fa4290fec6ca54  
    3.6e-07   26.6   0.9    4.4e-07   26.4   0.9    1.2  1  nat_c98d4b9753be8dfa1f08  
    4.2e-07   26.4   4.1    5.2e-07   26.1   4.1    1.1  1  nat_630c823407ef4f2e6361  
    5.4e-07   26.1   3.6    6.6e-07   25.8   3.6    1.1  1  nat_b23dc8f37bc936f98c91  
    5.5e-07   26.1   3.2    7.8e-07   25.6   3.2    1.2  1  nat_6dbff5a4e8597618f4ab  
    6.4e-07   25.8   3.1    8.1e-07   25.5   3.1    1.1  1  nat_74d379b17330f4a662e7  
      7e-07   25.7   2.8    8.5e-07   25.5   2.8    1.1  1  nat_02fc048053a10b210a78  
    8.7e-07   25.4   2.6    1.1e-06   25.1   2.6    1.1  1  nat_13943ba848a919563021  
    1.1e-06   25.1   0.8    1.3e-06   24.8   0.8    1.1  1  nat_317d696b35c15db3beb2  
    1.3e-06   24.8   5.9    1.7e-06   24.5   5.9    1.2  1  nat_d76ea2de7462bc6a2acb  
    1.3e-06   24.8   3.5    1.6e-06   24.5   3.5    1.1  1  nat_fdd3e74cd40aa7354461  
    1.8e-06   24.4   3.7    2.4e-06   24.0   3.7    1.2  1  nat_50c226cfb171989d88e4  
    2.2e-06   24.1   5.3    2.8e-06   23.8   5.3    1.1  1  nat_9cf6f65acb0bb6519b07  
    2.7e-06   23.9   4.7    3.3e-06   23.6   4.7    1.1  1  nat_5a279e932ed0a8a3b9fa  
    3.7e-06   23.4   2.6    4.9e-06   23.0   2.6    1.1  1  nat_6052e825ac2d82997ce0  
    3.8e-06   23.4   4.8    5.6e-06   22.8   4.8    1.1  1  nat_14984df4adbcd7a23bc2  
    8.5e-06   22.3   0.5      1e-05   22.0   0.5    1.1  1  nat_5259c19a1d657c540490  
    8.8e-06   22.2   1.0    1.2e-05   21.8   1.0    1.2  1  nat_edecb23d5c987164e75c  
    1.2e-05   21.7   1.4    1.9e-05   21.2   1.4    1.3  1  nat_72b3a46ef502cdedfc81  
    1.2e-05   21.7   3.8    1.6e-05   21.4   3.8    1.1  1  nat_e2ce29238f757f550f72  
    1.2e-05   21.7   0.4    1.7e-05   21.3   0.4    1.1  1  nat_55c9bd284093601349bc  
      2e-05   21.1   1.5    2.6e-05   20.7   1.5    1.1  1  nat_8461ba422af788cc84f8  
    2.3e-05   20.8   1.5    2.9e-05   20.5   1.5    1.1  1  nat_0888ea426b7452a347fc  
    3.7e-05   20.2   0.6    4.9e-05   19.8   0.6    1.2  1  nat_e4c02bb0f7a8020ec61d  
    4.5e-05   19.9   6.3    5.7e-05   19.6   6.3    1.1  1  nat_b350b25ce7c0236b621b  
    4.6e-05   19.9   3.5      6e-05   19.5   3.5    1.1  1  nat_d320098a8d27dbc207b8  
    4.6e-05   19.9   5.3    6.1e-05   19.5   5.3    1.1  1  nat_15f7f1ff1f3d13b3a6e4  
    4.9e-05   19.8   3.5      6e-05   19.5   3.5    1.1  1  nat_0927b476e8bc6daa04d9  
      5e-05   19.8   6.3    6.4e-05   19.4   6.3    1.1  1  nat_20d82ee5bd334e9e87ab  
    5.4e-05   19.7   1.9    7.6e-05   19.2   1.9    1.1  1  nat_f48ac7c5719360a7ba68  
    5.6e-05   19.6   1.2    7.4e-05   19.2   1.2    1.1  1  nat_3b12a9f8d634154d518e  
    5.6e-05   19.6   4.8    7.6e-05   19.2   4.8    1.1  1  nat_b6818cf3a9a74185f24e  
    7.2e-05   19.3   0.9    9.3e-05   18.9   0.9    1.1  1  nat_ceadeb61c495acb2e73a  
    0.00012   18.6   0.1    0.00014   18.4   0.1    1.1  1  nat_36dfac4b8d65f9e057be  
    0.00015   18.3   0.7    0.00021   17.8   0.7    1.1  1  nat_c7a61c64d45a104467ff  
    0.00021   17.8   2.7     0.0003   17.3   2.5    1.3  1  nat_fdb0b9a351d4c4c08841  
    0.00021   17.8   2.9    0.00028   17.4   2.9    1.1  1  nat_071d41176330dd0796d5  
    0.00023   17.7   3.8    0.00029   17.3   3.8    1.1  1  nat_94ba15d7551886d6aa13  
    0.00024   17.6   0.4    0.00041   16.8   0.2    1.5  1  nat_f1dfa126e7493ff95915  
    0.00034   17.1   1.0    0.00035   17.1   1.0    1.1  1  nat_cb6ed77116909eb840cc  
    0.00049   16.6   3.8    0.00055   16.4   3.8    1.1  1  nat_586a9e121e80cef17717  
    0.00061   16.3   6.2    0.00075   16.0   6.2    1.1  1  nat_248d1b2257a26e3431e4  
     0.0011   15.4   4.1     0.0015   15.1   4.1    1.1  1  nat_b5d750fdff6867b5af57  
     0.0013   15.2   0.9     0.0016   15.0   0.9    1.1  1  nat_acfbc9604c933a917cd4  
     0.0015   15.0   5.1     0.0018   14.8   5.1    1.1  1  nat_76139d5052a6d251dc47  
     0.0022   14.5   1.9     0.0028   14.2   1.9    1.1  1  nat_b0658df5234d9898146c  
     0.0048   13.4   0.5     0.0051   13.3   0.5    1.2  1  nat_3db117bf5e0e1b80df0a  
      0.006   13.1   3.3      0.008   12.7   3.3    1.1  1  nat_4ccdc7c4ee47fd86d36c  
     0.0084   12.7   0.3     0.0099   12.4   0.3    1.1  1  nat_26986896a7366e29c93d  
  ------ inclusion threshold ------
      0.017   11.7   0.2      0.025   11.1   0.2    1.3  1  nat_9029bc6ccd84f10c931a  
       0.26    7.9   0.1       0.37    7.4   0.1    1.2  1  nat_a17dbfe78e8ff3f30cdf  
        4.4    3.9   0.1        8.6    3.0   0.1    1.5  1  nat_719ddebd2b5b980d36ce  
        5.4    3.7   0.1        8.9    3.0   0.1    1.5  1  nat_8d605ff22811ab4235d7  
        5.5    3.6   0.0         14    2.4   0.0    1.7  1  nat_d11339e5575f1cf41503  
          6    3.5   0.1         13    2.4   0.1    1.6  1  nat_c24b0ac6128907419709  
        6.7    3.4   0.1         14    2.3   0.1    1.6  1  nat_82589630f5ae2d3f307c  
         10    2.7   0.0         25    1.5   0.0    1.5  1  nat_c005c56e14df6b455526  
         17    2.1   0.0         23    1.6   0.0    1.4  1  nat_693ec0d594298d9459ad  
         32    1.2   0.1         84   -0.2   0.1    1.6  0  nat_e9eb43811f2330da42df  
         34    1.1   0.0    1.5e+02   -0.9   0.0    1.7  0  nat_2539103b6a4ebbaea38e  
         36    1.0   0.3         62    0.3   0.3    1.3  1  nat_829e22f860a4267265e7  
         37    1.0   0.1    1.1e+02   -0.5   0.1    1.6  0  nat_e953b5f5229ead5bb05c  
         40    0.9   1.4      2e+02   -1.4   0.1    2.2  0  nat_32bd77983dbd8dfb8a38  
         41    0.8   0.0    3.7e+02   -2.2   0.0    1.8  0  nat_6456c7962887f5ec8ec6  
         44    0.7   0.0         70    0.1   0.0    1.3  1  nat_5a717df99d67fd784241  
         51    0.5   0.0    1.8e+02   -1.2   0.0    1.5  0  nat_b76abc872f0c2b1b69b7  
         56    0.4   0.2    1.5e+02   -1.0   0.0    1.6  0  nat_9ad8adafd39e806bd787  
         61    0.3   0.1    1.4e+02   -0.9   0.1    1.4  0  nat_947a33d55ad2e4a462ad  
         63    0.2   0.0    2.9e+02   -1.9   0.0    1.6  0  nat_c0d82e06313e16097f0a  
         65    0.2   0.5    3.1e+02   -2.0   0.1    1.7  0  nat_af61f3707e4227287fcd  
         65    0.2   0.2    2.2e+02   -1.5   0.1    1.5  0  nat_63b8d2c76b5087893a75  
         66    0.2   0.0    3.6e+02   -2.2   0.0    1.6  0  nat_67a4fe5ef9ce1aeb2def  
         66    0.2   2.8    1.3e+02   -0.8   1.9    2.0  0  nat_5322cde66edfa53888a3  
         67    0.2   0.0    3.7e+02   -2.2   0.0    1.6  0  nat_4c0552cd51a9b813cc70  
         70    0.1   0.1    3.4e+02   -2.1   0.0    1.4  0  nat_3051d69cdf2eb2867c43  
         73    0.0   0.0    3.6e+02   -2.2   0.0    1.5  0  nat_e1efdd292eddc458ef64  


Domain annotation for each sequence (and alignments):
>> nat_ed971bf96974483cf1a5  
   #    score  bias  c-Evalue  i-Evalue hmmfrom  hmm to    alifrom  ali to    envfrom  env to     acc
 ---   ------ ----- --------- --------- ------- -------    ------- -------    ------- -------    ----
   1 !  138.4   4.9   3.3e-42   4.7e-42       1      71 [.       1      71 [.       1      72 [] 0.98

  Alignments for each domain:
  == domain 1  score: 138.4 bits;  conditional E-value: 3.3e-42
                      gvpa  1 mavekvsassslaevldrvLdkGvvidawvrvsLvGielltvearvvvasvdtyLkyaeavglteqaalta 71
                              mavekv++ssslaev+dr+LdkG+vidawvrvsLvGiell++earvv+asv+tyLkyaeavglt+qaa++a
  nat_ed971bf96974483cf1a5  1 MAVEKVNSSSSLAEVIDRILDKGIVIDAWVRVSLVGIELLAIEARVVIASVETYLKYAEAVGLTTQAAVPA 71
                              9*******************************************************************996 PP

>> nat_044b97bbcc6fc75d19af  
   #    score  bias  c-Evalue  i-Evalue hmmfrom  hmm to    alifrom  ali to    envfrom  env to     acc
 ---   ------ ----- --------- --------- ------- -------    ------- -------    ------- -------    ----
   1 !  138.3   4.7   3.7e-42   5.3e-42       1      71 [.       1      71 [.       1      72 [] 0.98

  Alignments for each domain:
  == domain 1  score: 138.3 bits;  conditional E-value: 3.7e-42
                      gvpa  1 mavekvsassslaevldrvLdkGvvidawvrvsLvGielltvearvvvasvdtyLkyaeavglteqaalta 71
                              mavekv++ssslaev+dr+LdkG+vidawvrvsLvGiell++earvv+asv+tyLkyaeavglt+qaa++a
  nat_044b97bbcc6fc75d19af  1 MAVEKVNSSSSLAEVIDRILDKGIVIDAWVRVSLVGIELLAIEARVVIASVETYLKYAEAVGLTTQAAVPA 71
                              9*******************************************************************996 PP

>> nat_81e16e28c5b6ae6c687e  
   #    score  bias  c-Evalue  i-Evalue hmmfrom  hmm to    alifrom  ali to    envfrom  env to     acc
 ---   ------ ----- --------- --------- ------- -------    ------- -------    ------- -------    ----
   1 !  138.2   4.8     4e-42   5.8e-42       1      70 [.       1      70 [.       1      71 [] 0.99

  Alignments for each domain:
  == domain 1  score: 138.2 bits;  conditional E-value: 4e-42
                      gvpa  1 mavekvsassslaevldrvLdkGvvidawvrvsLvGielltvearvvvasvdtyLkyaeavglteqaalt 70
                              mavekv++ssslaev+dr+LdkG+vidawvrvsLvGiell++earvv+asv+tyLkyaeavglt+qaa++
  nat_81e16e28c5b6ae6c687e  1 MAVEKVNSSSSLAEVIDRILDKGIVIDAWVRVSLVGIELLAIEARVVIASVETYLKYAEAVGLTSQAAVP 70
                              9*******************************************************************98 PP

>> nat_b39131acb6e4086319d0  
   #    score  bias  c-Evalue  i-Evalue hmmfrom  hmm to    alifrom  ali to    envfrom  env to     acc
 ---   ------ ----- --------- --------- ------- -------    ------- -------    ------- -------    ----
   1 !  137.8   5.4   5.2e-42   7.5e-42       1      71 [.       1      71 [.       1      72 [] 0.98

  Alignments for each domain:
  == domain 1  score: 137.8 bits;  conditional E-value: 5.2e-42
                      gvpa  1 mavekvsassslaevldrvLdkGvvidawvrvsLvGielltvearvvvasvdtyLkyaeavglteqaalta 71
                              mavekv++ssslaev+dr+LdkG+vidawvrvsLvGiell++ear+v+asv+tyLkyaeavglt+qaa++a
  nat_b39131acb6e4086319d0  1 MAVEKVNSSSSLAEVIDRILDKGIVIDAWVRVSLVGIELLAIEARIVIASVETYLKYAEAVGLTSQAAVPA 71
                              9*******************************************************************996 PP

>> nat_0d33e01c516b8fa75a9b  
   #    score  bias  c-Evalue  i-Evalue hmmfrom  hmm to    alifrom  ali to    envfrom  env to     acc
 ---   ------ ----- --------- --------- ------- -------    ------- -------    ------- -------    ----
   1 !  137.7   5.1   5.5e-42   7.9e-42       1      71 [.       1      71 [.       1      72 [] 0.98

  Alignments for each domain:
  == domain 1  score: 137.7 bits;  conditional E-value: 5.5e-42
                      gvpa  1 mavekvsassslaevldrvLdkGvvidawvrvsLvGielltvearvvvasvdtyLkyaeavglteqaalta 71
                              mavekv++ssslaev+dr+LdkG+vidawvrvsLvGiell++earvv+asv+tyLkyaeavglt+qaa+++
  nat_0d33e01c516b8fa75a9b  1 MAVEKVNSSSSLAEVVDRILDKGIVIDAWVRVSLVGIELLAIEARVVIASVETYLKYAEAVGLTSQAAVPS 71
                              9*******************************************************************996 PP

>> nat_d9b32c93cd099c72a956  
   #    score  bias  c-Evalue  i-Evalue hmmfrom  hmm to    alifrom  ali to    envfrom  env to     acc
 ---   ------ ----- --------- --------- ------- -------    ------- -------    ------- -------    ----
   1 !  137.6   4.9   6.1e-42   8.7e-42       1      71 [.       1      71 [.       1      72 [] 0.98

  Alignments for each domain:
  == domain 1  score: 137.6 bits;  conditional E-value: 6.1e-42
                      gvpa  1 mavekvsassslaevldrvLdkGvvidawvrvsLvGielltvearvvvasvdtyLkyaeavglteqaalta 71
                              mavekv++ssslaev+dr+LdkG+vidawvrvsLvGiell++ear+v+asv+tyLkyaeavglt+qaa+++
  nat_d9b32c93cd099c72a956  1 MAVEKVNSSSSLAEVVDRILDKGIVIDAWVRVSLVGIELLAIEARIVIASVETYLKYAEAVGLTSQAAVPS 71
                              9*******************************************************************996 PP

>> nat_8b0ebfde7cff54503a90  
   #    score  bias  c-Evalue  i-Evalue hmmfrom  hmm to    alifrom  ali to    envfrom  env to     acc
 ---   ------ ----- --------- --------- ------- -------    ------- -------    ------- -------    ----
   1 !  137.4   5.6   6.8e-42   9.7e-42       1      71 [.       1      71 [.       1      72 [] 0.98

  Alignments for each domain:
  == domain 1  score: 137.4 bits;  conditional E-value: 6.8e-42
                      gvpa  1 mavekvsassslaevldrvLdkGvvidawvrvsLvGielltvearvvvasvdtyLkyaeavglteqaalta 71
                              mavekv++ssslaev+dr+LdkGvvid+wvrvsLvGiell++ear+v+asv+tyLkyaeavglt+qaa++a
  nat_8b0ebfde7cff54503a90  1 MAVEKVNSSSSLAEVIDRILDKGVVIDVWVRVSLVGIELLAIEARIVIASVETYLKYAEAVGLTSQAAVPA 71
                              9*******************************************************************996 PP

>> nat_5d6c7bd3713afa1895ab  
   #    score  bias  c-Evalue  i-Evalue hmmfrom  hmm to    alifrom  ali to    envfrom  env to     acc
 ---   ------ ----- --------- --------- ------- -------    ------- -------    ------- -------    ----
   1 !  137.4   5.2   6.8e-42   9.8e-42       1      71 [.       1      71 [.       1      72 [] 0.98

  Alignments for each domain:
  == domain 1  score: 137.4 bits;  conditional E-value: 6.8e-42
                      gvpa  1 mavekvsassslaevldrvLdkGvvidawvrvsLvGielltvearvvvasvdtyLkyaeavglteqaalta 71
                              mavekv++ssslaev+dr+LdkG+v+dawvrvsLvGiell++earvv+asv+tyLkyaeavglt qaa++a
  nat_5d6c7bd3713afa1895ab  1 MAVEKVNSSSSLAEVIDRILDKGIVVDAWVRVSLVGIELLSIEARVVIASVETYLKYAEAVGLTAQAAVPA 71
                              9*******************************************************************996 PP

>> nat_0cf4b83878ac8a432a8c  
   #    score  bias  c-Evalue  i-Evalue hmmfrom  hmm to    alifrom  ali to    envfrom  env to     acc
 ---   ------ ----- --------- --------- ------- -------    ------- -------    ------- -------    ----
   1 !  137.4   4.9   7.1e-42     1e-41       1      71 [.       1      71 [.       1      72 [] 0.98

  Alignments for each domain:
  == domain 1  score: 137.4 bits;  conditional E-value: 7.1e-42
                      gvpa  1 mavekvsassslaevldrvLdkGvvidawvrvsLvGielltvearvvvasvdtyLkyaeavglteqaalta 71
                              mavekv++ssslaev+dr+LdkG+vidawvrvsLvGiell++ear+v+asv+tyLkyaeavglt+qaa++a
  nat_0cf4b83878ac8a432a8c  1 MAVEKVNSSSSLAEVVDRILDKGIVIDAWVRVSLVGIELLAIEARIVIASVETYLKYAEAVGLTSQAAVPA 71
                              9*******************************************************************996 PP

>> nat_e2b9c94c60da4c449a4d  
   #    score  bias  c-Evalue  i-Evalue hmmfrom  hmm to    alifrom  ali to    envfrom  env to     acc
 ---   ------ ----- --------- --------- ------- -------    ------- -------    ------- -------    ----
   1 !  137.3   5.2   7.4e-42   1.1e-41       1      71 [.       1      71 [.       1      72 [] 0.98

  Alignments for each domain:
  == domain 1  score: 137.3 bits;  conditional E-value: 7.4e-42
                      gvpa  1 mavekvsassslaevldrvLdkGvvidawvrvsLvGielltvearvvvasvdtyLkyaeavglteqaalta 71
                              mavekv++ssslaev+dr+LdkG+vidawvrvsLvGiell+vear+v+asv+tyLkyaeavglt+qaa++a
  nat_e2b9c94c60da4c449a4d  1 MAVEKVNSSSSLAEVVDRILDKGIVIDAWVRVSLVGIELLAVEARIVIASVETYLKYAEAVGLTSQAAVPA 71
                              9*******************************************************************996 PP

>> nat_41af882b944a1fc500db  
   #    score  bias  c-Evalue  i-Evalue hmmfrom  hmm to    alifrom  ali to    envfrom  env to     acc
 ---   ------ ----- --------- --------- ------- -------    ------- -------    ------- -------    ----
   1 !  137.2   5.1   7.8e-42   1.1e-41       1      71 [.       1      71 [.       1      72 [] 0.98

  Alignments for each domain:
  == domain 1  score: 137.2 bits;  conditional E-value: 7.8e-42
                      gvpa  1 mavekvsassslaevldrvLdkGvvidawvrvsLvGielltvearvvvasvdtyLkyaeavglteqaalta 71
                              mavekv++ssslaev+dr+LdkG+vidawvrvsLvGiell++earvv+asv+tyLkyaeavglt+qaa++a
  nat_41af882b944a1fc500db  1 MAVEKVNSSSSLAEVVDRILDKGIVIDAWVRVSLVGIELLAIEARVVIASVETYLKYAEAVGLTTQAAVPA 71
                              9*******************************************************************996 PP

>> nat_9246ded62fef238baf63  
   #    score  bias  c-Evalue  i-Evalue hmmfrom  hmm to    alifrom  ali to    envfrom  env to     acc
 ---   ------ ----- --------- --------- ------- -------    ------- -------    ------- -------    ----
   1 !  137.2   5.2     8e-42   1.2e-41       1      71 [.       1      71 [.       1      72 [] 0.98

  Alignments for each domain:
  == domain 1  score: 137.2 bits;  conditional E-value: 8e-42
                      gvpa  1 mavekvsassslaevldrvLdkGvvidawvrvsLvGielltvearvvvasvdtyLkyaeavglteqaalta 71
                              mavekv++ssslaev+dr+LdkG+vidawvrvsLvGiell++ear+v+asv+tyLkyaeavglt qaa+++
  nat_9246ded62fef238baf63  1 MAVEKVNSSSSLAEVIDRILDKGIVIDAWVRVSLVGIELLSIEARIVIASVETYLKYAEAVGLTAQAAVPS 71
                              9*******************************************************************996 PP

>> nat_d5a9f8a6d8ef07026219  
   #    score  bias  c-Evalue  i-Evalue hmmfrom  hmm to    alifrom  ali to    envfrom  env to     acc
 ---   ------ ----- --------- --------- ------- -------    ------- -------    ------- -------    ----
   1 !  137.1   5.7   8.4e-42   1.2e-41       1      71 [.       1      71 [.       1      72 [] 0.98

  Alignments for each domain:
  == domain 1  score: 137.1 bits;  conditional E-value: 8.4e-42
                      gvpa  1 mavekvsassslaevldrvLdkGvvidawvrvsLvGielltvearvvvasvdtyLkyaeavglteqaalta 71
                              mavekv++ssslaev+dr+LdkG+vidawvrvsLvGiell++earvv+asv+tyLkyaeavglt qaa++a
  nat_d5a9f8a6d8ef07026219  1 MAVEKVNSSSSLAEVIDRILDKGIVIDAWVRVSLVGIELLAIEARVVIASVETYLKYAEAVGLTAQAAVPA 71
                              9*******************************************************************996 PP

>> nat_d68abcca0d121eb6dd4f  
   #    score  bias  c-Evalue  i-Evalue hmmfrom  hmm to    alifrom  ali to    envfrom  env to     acc
 ---   ------ ----- --------- --------- ------- -------    ------- -------    ------- -------    ----
   1 !  137.1   5.4   8.5e-42   1.2e-41       1      71 [.       1      71 [.       1      72 [] 0.98

  Alignments for each domain:
  == domain 1  score: 137.1 bits;  conditional E-value: 8.5e-42
                      gvpa  1 mavekvsassslaevldrvLdkGvvidawvrvsLvGielltvearvvvasvdtyLkyaeavglteqaalta 71
                              mavekv++ssslaev+dr+LdkG+vidawvrvsLvGiell++ear+v+asv+tyLkyaeavglt qaa++a
  nat_d68abcca0d121eb6dd4f  1 MAVEKVNSSSSLAEVIDRILDKGIVIDAWVRVSLVGIELLSIEARIVIASVETYLKYAEAVGLTAQAAVPA 71
                              9*******************************************************************996 PP

>> nat_1bae8aa5c69e1d4931dd  
   #    score  bias  c-Evalue  i-Evalue hmmfrom  hmm to    alifrom  ali to    envfrom  env to     acc
 ---   ------ ----- --------- --------- ------- -------    ------- -------    ------- -------    ----
   1 !  137.1   5.5   8.6e-42   1.2e-41       1      71 [.       1      71 [.       1      72 [] 0.98

  Alignments for each domain:
  == domain 1  score: 137.1 bits;  conditional E-value: 8.6e-42
                      gvpa  1 mavekvsassslaevldrvLdkGvvidawvrvsLvGielltvearvvvasvdtyLkyaeavglteqaalta 71
                              mavekv++ssslaev+dr+LdkG+vidawvrvsLvGiell++earvv+asvdtyLkyaeavglt qaa++a
  nat_1bae8aa5c69e1d4931dd  1 MAVEKVNSSSSLAEVVDRILDKGIVIDAWVRVSLVGIELLAIEARVVIASVDTYLKYAEAVGLTAQAAVPA 71
                              9*******************************************************************996 PP

>> nat_8f7aa09afb9d7c3cc2eb  
   #    score  bias  c-Evalue  i-Evalue hmmfrom  hmm to    alifrom  ali to    envfrom  env to     acc
 ---   ------ ----- --------- --------- ------- -------    ------- -------    ------- -------    ----
   1 !  137.1   5.6   8.6e-42   1.2e-41       1      71 [.       1      71 [.       1      72 [] 0.98

  Alignments for each domain:
  == domain 1  score: 137.1 bits;  conditional E-value: 8.6e-42
                      gvpa  1 mavekvsassslaevldrvLdkGvvidawvrvsLvGielltvearvvvasvdtyLkyaeavglteqaalta 71
                              mavekv++ssslaev+dr+LdkG+vidawvrvsLvGiell+vearvv+asv+tyLkyaeavglt qaa+++
  nat_8f7aa09afb9d7c3cc2eb  1 MAVEKVNSSSSLAEVIDRILDKGIVIDAWVRVSLVGIELLSVEARVVIASVETYLKYAEAVGLTAQAAVPS 71
                              9*******************************************************************996 PP

>> nat_ffef1b1b441fdc15ea9c  
   #    score  bias  c-Evalue  i-Evalue hmmfrom  hmm to    alifrom  ali to    envfrom  env to     acc
 ---   ------ ----- --------- --------- ------- -------    ------- -------    ------- -------    ----
   1 !  137.0   5.3   9.3e-42   1.3e-41       1      71 [.       1      71 [.       1      72 [] 0.98

  Alignments for each domain:
  == domain 1  score: 137.0 bits;  conditional E-value: 9.3e-42
                      gvpa  1 mavekvsassslaevldrvLdkGvvidawvrvsLvGielltvearvvvasvdtyLkyaeavglteqaalta 71
                              mavekv++ssslaev+dr+LdkG+v+dawvrvsLvGiell++earvv+asv+tyLkyaeavglt+qaa++a
  nat_ffef1b1b441fdc15ea9c  1 MAVEKVNSSSSLAEVVDRILDKGIVVDAWVRVSLVGIELLSIEARVVIASVETYLKYAEAVGLTSQAAVPA 71
                              9*******************************************************************996 PP

>> nat_47e46863c347a8f8468f  
   #    score  bias  c-Evalue  i-Evalue hmmfrom  hmm to    alifrom  ali to    envfrom  env to     acc
 ---   ------ ----- --------- --------- ------- -------    ------- -------    ------- -------    ----
   1 !  137.0   5.2   9.4e-42   1.3e-41       1      71 [.       1      71 [.       1      72 [] 0.98

  Alignments for each domain:
  == domain 1  score: 137.0 bits;  conditional E-value: 9.4e-42
                      gvpa  1 mavekvsassslaevldrvLdkGvvidawvrvsLvGielltvearvvvasvdtyLkyaeavglteqaalta 71
                              mavekv++ssslaev+dr+LdkG+vidawvrvsLvGiell++earvv+asv+tyLkyaeavglt qaa++a
  nat_47e46863c347a8f8468f  1 MAVEKVNSSSSLAEVVDRILDKGIVIDAWVRVSLVGIELLSIEARVVIASVETYLKYAEAVGLTAQAAVPA 71
                              9*******************************************************************996 PP

>> nat_41e20b6f7b2c95cf431a  
   #    score  bias  c-Evalue  i-Evalue hmmfrom  hmm to    alifrom  ali to    envfrom  env to     acc
 ---   ------ ----- --------- --------- ------- -------    ------- -------    ------- -------    ----
   1 !  137.0   5.2   9.4e-42   1.4e-41       1      71 [.       1      71 [.       1      72 [] 0.98

  Alignments for each domain:
  == domain 1  score: 137.0 bits;  conditional E-value: 9.4e-42
                      gvpa  1 mavekvsassslaevldrvLdkGvvidawvrvsLvGielltvearvvvasvdtyLkyaeavglteqaalta 71
                              mavekv++ssslaev+dr+LdkG+vidawvrvsLvGiell++ear+v+asvdtyLkyaeavglt qaa++a
  nat_41e20b6f7b2c95cf431a  1 MAVEKVNSSSSLAEVVDRILDKGIVIDAWVRVSLVGIELLAIEARIVIASVDTYLKYAEAVGLTAQAAVPA 71
                              9*******************************************************************996 PP

>> nat_ae37005a67bc5cb2b176  
   #    score  bias  c-Evalue  i-Evalue hmmfrom  hmm to    alifrom  ali to    envfrom  env to     acc
 ---   ------ ----- --------- --------- ------- -------    ------- -------    ------- -------    ----
   1 !  136.9   5.9   9.8e-42   1.4e-41       1      71 [.       1      71 [.       1      72 [] 0.98

  Alignments for each domain:
  == domain 1  score: 136.9 bits;  conditional E-value: 9.8e-42
                      gvpa  1 mavekvsassslaevldrvLdkGvvidawvrvsLvGielltvearvvvasvdtyLkyaeavglteqaalta 71
                              mavekv++ssslaev+dr+LdkG+vidawvrvsLvGiell+vearvv+asv+tyLkyaeavglt qaa++a
  nat_ae37005a67bc5cb2b176  1 MAVEKVNSSSSLAEVIDRILDKGIVIDAWVRVSLVGIELLAVEARVVIASVETYLKYAEAVGLTAQAAVPA 71
                              9*******************************************************************996 PP

>> nat_f73e9b648178e6df8c6a  
   #    score  bias  c-Evalue  i-Evalue hmmfrom  hmm to    alifrom  ali to    envfrom  env to     acc
 ---   ------ ----- --------- --------- ------- -------    ------- -------    ------- -------    ----
   1 !  136.9   6.0     1e-41   1.5e-41       1      71 [.       1      71 [.       1      72 [] 0.98

  Alignments for each domain:
  == domain 1  score: 136.9 bits;  conditional E-value: 1e-41
                      gvpa  1 mavekvsassslaevldrvLdkGvvidawvrvsLvGielltvearvvvasvdtyLkyaeavglteqaalta 71
                              mavekv++ssslaev+dr+LdkG+vidawvrvsLvGiel+++ear+v+asv+tyLkyaeavglt qaa++a
  nat_f73e9b648178e6df8c6a  1 MAVEKVNSSSSLAEVIDRILDKGIVIDAWVRVSLVGIELIAIEARIVIASVETYLKYAEAVGLTAQAAVPA 71
                              9*******************************************************************996 PP

>> nat_b06d430fdaaa1079895b  
   #    score  bias  c-Evalue  i-Evalue hmmfrom  hmm to    alifrom  ali to    envfrom  env to     acc
 ---   ------ ----- --------- --------- ------- -------    ------- -------    ------- -------    ----
   1 !  136.9   5.0     1e-41   1.5e-41       1      71 [.       1      71 [.       1      72 [] 0.98

  Alignments for each domain:
  == domain 1  score: 136.9 bits;  conditional E-value: 1e-41
                      gvpa  1 mavekvsassslaevldrvLdkGvvidawvrvsLvGielltvearvvvasvdtyLkyaeavglteqaalta 71
                              mavekv++ssslaev+dr+LdkG+vidawvrvsLvGiell++ear+v+asv+tyLkyaeavglt qaa++a
  nat_b06d430fdaaa1079895b  1 MAVEKVNSSSSLAEVVDRILDKGIVIDAWVRVSLVGIELLSIEARIVIASVETYLKYAEAVGLTAQAAVPA 71
                              9*******************************************************************996 PP

>> nat_be9809bb1f91644c1e43  
   #    score  bias  c-Evalue  i-Evalue hmmfrom  hmm to    alifrom  ali to    envfrom  env to     acc
 ---   ------ ----- --------- --------- ------- -------    ------- -------    ------- -------    ----
   1 !  136.9   5.8     1e-41   1.5e-41       1      71 [.       1      71 [.       1      72 [] 0.98

  Alignments for each domain:
  == domain 1  score: 136.9 bits;  conditional E-value: 1e-41
                      gvpa  1 mavekvsassslaevldrvLdkGvvidawvrvsLvGielltvearvvvasvdtyLkyaeavglteqaalta 71
                              mavekv++ssslaev+dr+LdkG+vidawvr+sLvGiel+++ear+v+asv+tyLkyaeavglt+qaa+++
  nat_be9809bb1f91644c1e43  1 MAVEKVNSSSSLAEVVDRILDKGIVIDAWVRISLVGIELIAIEARIVIASVETYLKYAEAVGLTSQAAVPS 71
                              9*******************************************************************996 PP

>> nat_908def535fa98fa36b50  
   #    score  bias  c-Evalue  i-Evalue hmmfrom  hmm to    alifrom  ali to    envfrom  env to     acc
 ---   ------ ----- --------- --------- ------- -------    ------- -------    ------- -------    ----
   1 !  136.7   5.3   1.1e-41   1.6e-41       1      71 [.       1      71 [.       1      72 [] 0.98

  Alignments for each domain:
  == domain 1  score: 136.7 bits;  conditional E-value: 1.1e-41
                      gvpa  1 mavekvsassslaevldrvLdkGvvidawvrvsLvGielltvearvvvasvdtyLkyaeavglteqaalta 71
                              mavekv++ssslaev+dr+LdkG+v+dawvrvsLvGiell++earvv+asv+tyLkyaeavglt+qaa++a
  nat_908def535fa98fa36b50  1 MAVEKVNSSSSLAEVVDRILDKGIVVDAWVRVSLVGIELLAIEARVVIASVETYLKYAEAVGLTSQAAVPA 71
                              9*******************************************************************996 PP

>> nat_7192aa1b5c4b0d0cb215  
   #    score  bias  c-Evalue  i-Evalue hmmfrom  hmm to    alifrom  ali to    envfrom  env to     acc
 ---   ------ ----- --------- --------- ------- -------    ------- -------    ------- -------    ----
   1 !  136.6   5.5   1.2e-41   1.7e-41       1      71 [.       1      71 [.       1      72 [] 0.98

  Alignments for each domain:
  == domain 1  score: 136.6 bits;  conditional E-value: 1.2e-41
                      gvpa  1 mavekvsassslaevldrvLdkGvvidawvrvsLvGielltvearvvvasvdtyLkyaeavglteqaalta 71
                              mavekv++ssslaev+dr+LdkG+vidawvrvsLvGiell+vearvv+asv+tyLkyaeavglt qaa++a
  nat_7192aa1b5c4b0d0cb215  1 MAVEKVNSSSSLAEVVDRILDKGIVIDAWVRVSLVGIELLAVEARVVIASVETYLKYAEAVGLTAQAAVPA 71
                              9*******************************************************************996 PP

>> nat_69d5fc3c411ad66493e6  
   #    score  bias  c-Evalue  i-Evalue hmmfrom  hmm to    alifrom  ali to    envfrom  env to     acc
 ---   ------ ----- --------- --------- ------- -------    ------- -------    ------- -------    ----
   1 !  136.6   5.3   1.2e-41   1.8e-41       1      71 [.       1      71 [.       1      72 [] 0.98

  Alignments for each domain:
  == domain 1  score: 136.6 bits;  conditional E-value: 1.2e-41
                      gvpa  1 mavekvsassslaevldrvLdkGvvidawvrvsLvGielltvearvvvasvdtyLkyaeavglteqaalta 71
                              mavekv++ssslaev+dr+LdkG+v+dawvrvsLvGiell+vear+v+asv+tyLkyaeavglt+qaa+++
  nat_69d5fc3c411ad66493e6  1 MAVEKVNSSSSLAEVVDRILDKGIVVDAWVRVSLVGIELLAVEARIVIASVETYLKYAEAVGLTSQAAVPS 71
                              9*******************************************************************996 PP

>> nat_ad033982fcb9c7e260ad  
   #    score  bias  c-Evalue  i-Evalue hmmfrom  hmm to    alifrom  ali to    envfrom  env to     acc
 ---   ------ ----- --------- --------- ------- -------    ------- -------    ------- -------    ----
   1 !  136.6   5.2   1.2e-41   1.8e-41       1      71 [.       1      71 [.       1      72 [] 0.98

  Alignments for each domain:
  == domain 1  score: 136.6 bits;  conditional E-value: 1.2e-41
                      gvpa  1 mavekvsassslaevldrvLdkGvvidawvrvsLvGielltvearvvvasvdtyLkyaeavglteqaalta 71
                              mavekv++ssslaev+dr+LdkG+vidawvrvsLvGiell+vear+v+asv+tyLkyaeavglt qaa+++
  nat_ad033982fcb9c7e260ad  1 MAVEKVNSSSSLAEVVDRILDKGIVIDAWVRVSLVGIELLAVEARIVIASVETYLKYAEAVGLTAQAAVPS 71
                              9*******************************************************************996 PP

>> nat_4494d3357cccfc2291ad  
   #    score  bias  c-Evalue  i-Evalue hmmfrom  hmm to    alifrom  ali to    envfrom  env to     acc
 ---   ------ ----- --------- --------- ------- -------    ------- -------    ------- -------    ----
   1 !  136.6   5.7   1.3e-41   1.8e-41       1      71 [.       1      71 [.       1      72 [] 0.98

  Alignments for each domain:
  == domain 1  score: 136.6 bits;  conditional E-value: 1.3e-41
                      gvpa  1 mavekvsassslaevldrvLdkGvvidawvrvsLvGielltvearvvvasvdtyLkyaeavglteqaalta 71
                              mavekv++ssslaev+dr+LdkG+vidawvrvsLvGiel+++earvv+asv+tyLkyaeavglt qaa++a
  nat_4494d3357cccfc2291ad  1 MAVEKVNSSSSLAEVVDRILDKGIVIDAWVRVSLVGIELIAIEARVVIASVETYLKYAEAVGLTAQAAVPA 71
                              9*******************************************************************996 PP

>> nat_f6ebacfa83a4d005159e  
   #    score  bias  c-Evalue  i-Evalue hmmfrom  hmm to    alifrom  ali to    envfrom  env to     acc
 ---   ------ ----- --------- --------- ------- -------    ------- -------    ------- -------    ----
   1 !  136.4   4.8   1.4e-41     2e-41       1      71 [.       1      71 [.       1      72 [] 0.98

  Alignments for each domain:
  == domain 1  score: 136.4 bits;  conditional E-value: 1.4e-41
                      gvpa  1 mavekvsassslaevldrvLdkGvvidawvrvsLvGielltvearvvvasvdtyLkyaeavglteqaalta 71
                              mavekv++ssslaev+dr+LdkGvvid wvrvsLvGiell++ear+v+asv+tyLkyaeavglt+qaa++a
  nat_f6ebacfa83a4d005159e  1 MAVEKVNSSSSLAEVIDRILDKGVVIDLWVRVSLVGIELLAIEARIVIASVETYLKYAEAVGLTSQAAVPA 71
                              9*******************************************************************996 PP

>> nat_54de16dcd0555acdee27  
   #    score  bias  c-Evalue  i-Evalue hmmfrom  hmm to    alifrom  ali to    envfrom  env to     acc
 ---   ------ ----- --------- --------- ------- -------    ------- -------    ------- -------    ----
   1 !  136.4   5.2   1.4e-41   2.1e-41       1      71 [.       1      71 [.       1      72 [] 0.98

  Alignments for each domain:
  == domain 1  score: 136.4 bits;  conditional E-value: 1.4e-41
                      gvpa  1 mavekvsassslaevldrvLdkGvvidawvrvsLvGielltvearvvvasvdtyLkyaeavglteqaalta 71
                              mavekv++ssslaev+dr+LdkG+vidawvrvsLvGiell++earvv+asv+tyLkyaeavglt+ aa++a
  nat_54de16dcd0555acdee27  1 MAVEKVNSSSSLAEVIDRILDKGIVIDAWVRVSLVGIELLSIEARVVIASVETYLKYAEAVGLTTSAAVPA 71
                              9*******************************************************************996 PP

>> nat_8ff951966677ada5d69f  
   #    score  bias  c-Evalue  i-Evalue hmmfrom  hmm to    alifrom  ali to    envfrom  env to     acc
 ---   ------ ----- --------- --------- ------- -------    ------- -------    ------- -------    ----
   1 !  136.4   4.9   1.4e-41   2.1e-41       1      71 [.       1      71 [.       1      72 [] 0.98

  Alignments for each domain:
  == domain 1  score: 136.4 bits;  conditional E-value: 1.4e-41
                      gvpa  1 mavekvsassslaevldrvLdkGvvidawvrvsLvGielltvearvvvasvdtyLkyaeavglteqaalta 71
                              mavekv++ssslaev+dr+LdkG+v+dawvrvsLvGiell++earvv+asv+tyLkyaeavglt qaa++a
  nat_8ff951966677ada5d69f  1 MAVEKVNSSSSLAEVVDRILDKGIVVDAWVRVSLVGIELLAIEARVVIASVETYLKYAEAVGLTAQAAVPA 71
                              9*******************************************************************995 PP

>> nat_2ae1a088ad5073788376  
   #    score  bias  c-Evalue  i-Evalue hmmfrom  hmm to    alifrom  ali to    envfrom  env to     acc
 ---   ------ ----- --------- --------- ------- -------    ------- -------    ------- -------    ----
   1 !  136.3   5.7   1.5e-41   2.1e-41       1      71 [.       1      71 [.       1      72 [] 0.98

  Alignments for each domain:
  == domain 1  score: 136.3 bits;  conditional E-value: 1.5e-41
                      gvpa  1 mavekvsassslaevldrvLdkGvvidawvrvsLvGielltvearvvvasvdtyLkyaeavglteqaalta 71
                              mavekv++ssslaev+dr+LdkG+v+dawvrvsLvGiell++earvv+asvdtyLkyaeavglt qaa++a
  nat_2ae1a088ad5073788376  1 MAVEKVNSSSSLAEVVDRILDKGIVVDAWVRVSLVGIELLAIEARVVIASVDTYLKYAEAVGLTAQAAVPA 71
                              9*******************************************************************996 PP

>> nat_0c568d3a5b09c7ed2240  
   #    score  bias  c-Evalue  i-Evalue hmmfrom  hmm to    alifrom  ali to    envfrom  env to     acc
 ---   ------ ----- --------- --------- ------- -------    ------- -------    ------- -------    ----
   1 !  136.3   5.2   1.5e-41   2.2e-41       1      71 [.       1      71 [.       1      72 [] 0.98

  Alignments for each domain:
  == domain 1  score: 136.3 bits;  conditional E-value: 1.5e-41
                      gvpa  1 mavekvsassslaevldrvLdkGvvidawvrvsLvGielltvearvvvasvdtyLkyaeavglteqaalta 71
                              mavekv++ssslaev+dr+LdkG+v+dawvrvsLvGiell++earvv+asv+tyLkyaeavglt+qaa++a
  nat_0c568d3a5b09c7ed2240  1 MAVEKVNSSSSLAEVVDRILDKGIVVDAWVRVSLVGIELLAIEARVVIASVETYLKYAEAVGLTTQAAVPA 71
                              9*******************************************************************996 PP

>> nat_d71bd42b79fe4d801a01  
   #    score  bias  c-Evalue  i-Evalue hmmfrom  hmm to    alifrom  ali to    envfrom  env to     acc
 ---   ------ ----- --------- --------- ------- -------    ------- -------    ------- -------    ----
   1 !  136.3   5.5   1.6e-41   2.3e-41       1      71 [.       1      71 [.       1      72 [] 0.98

  Alignments for each domain:
  == domain 1  score: 136.3 bits;  conditional E-value: 1.6e-41
                      gvpa  1 mavekvsassslaevldrvLdkGvvidawvrvsLvGielltvearvvvasvdtyLkyaeavglteqaalta 71
                              mavekv++ssslaev+dr+LdkG+v+dawvrvsLvGiell+vearvv+asv+tyLkyaeavglt+qaa++a
  nat_d71bd42b79fe4d801a01  1 MAVEKVNSSSSLAEVVDRILDKGIVVDAWVRVSLVGIELLAVEARVVIASVETYLKYAEAVGLTTQAAVPA 71
                              9*******************************************************************996 PP

>> nat_b145d41f03ca300fa852  
   #    score  bias  c-Evalue  i-Evalue hmmfrom  hmm to    alifrom  ali to    envfrom  env to     acc
 ---   ------ ----- --------- --------- ------- -------    ------- -------    ------- -------    ----
   1 !  136.2   5.5   1.6e-41   2.3e-41       1      71 [.       1      71 [.       1      72 [] 0.98

  Alignments for each domain:
  == domain 1  score: 136.2 bits;  conditional E-value: 1.6e-41
                      gvpa  1 mavekvsassslaevldrvLdkGvvidawvrvsLvGielltvearvvvasvdtyLkyaeavglteqaalta 71
                              mavekv++ssslaev+dr+LdkG+v+dawvrvsLvGiell++ear+v+asvdtyLkyaeavglt qaa++a
  nat_b145d41f03ca300fa852  1 MAVEKVNSSSSLAEVVDRILDKGIVVDAWVRVSLVGIELLAIEARIVIASVDTYLKYAEAVGLTAQAAVPA 71
                              9*******************************************************************996 PP

>> nat_af304bea340b7ec20d1e  
   #    score  bias  c-Evalue  i-Evalue hmmfrom  hmm to    alifrom  ali to    envfrom  env to     acc
 ---   ------ ----- --------- --------- ------- -------    ------- -------    ------- -------    ----
   1 !  136.2   5.4   1.7e-41   2.4e-41       1      71 [.       1      71 [.       1      72 [] 0.98

  Alignments for each domain:
  == domain 1  score: 136.2 bits;  conditional E-value: 1.7e-41
                      gvpa  1 mavekvsassslaevldrvLdkGvvidawvrvsLvGielltvearvvvasvdtyLkyaeavglteqaalta 71
                              mavekv++ssslaev+dr+LdkG+v+dawvrvsLvGiell++earvv+asv+tyLkyaeavglt qaa+++
  nat_af304bea340b7ec20d1e  1 MAVEKVNSSSSLAEVVDRILDKGIVVDAWVRVSLVGIELLAIEARVVIASVETYLKYAEAVGLTAQAAVPS 71
                              9*******************************************************************996 PP

>> nat_5601498c9a93902562db  
   #    score  bias  c-Evalue  i-Evalue hmmfrom  hmm to    alifrom  ali to    envfrom  env to     acc
 ---   ------ ----- --------- --------- ------- -------    ------- -------    ------- -------    ----
   1 !  136.2   4.0   1.7e-41   2.4e-41       1      70 [.       1      70 [.       1      71 [] 0.98

  Alignments for each domain:
  == domain 1  score: 136.2 bits;  conditional E-value: 1.7e-41
                      gvpa  1 mavekvsassslaevldrvLdkGvvidawvrvsLvGielltvearvvvasvdtyLkyaeavglteqaalt 70
                              mavek+++ssslaev+dr+LdkG+vidawvrvsLvGiell++earvv+asv+tyLkyaeavglt+ aa++
  nat_5601498c9a93902562db  1 MAVEKTNSSSSLAEVIDRILDKGIVIDAWVRVSLVGIELLAIEARVVIASVETYLKYAEAVGLTQSAAVP 70
                              9******************************************************************998 PP

>> nat_0ba4bde6653115be1dd4  
   #    score  bias  c-Evalue  i-Evalue hmmfrom  hmm to    alifrom  ali to    envfrom  env to     acc
 ---   ------ ----- --------- --------- ------- -------    ------- -------    ------- -------    ----
   1 !  136.1   5.9   1.8e-41   2.5e-41       1      71 [.       1      71 [.       1      72 [] 0.98

  Alignments for each domain:
  == domain 1  score: 136.1 bits;  conditional E-value: 1.8e-41
                      gvpa  1 mavekvsassslaevldrvLdkGvvidawvrvsLvGielltvearvvvasvdtyLkyaeavglteqaalta 71
                              mavekv++ssslaev+dr+LdkGvv+dawvrvsLvGiell++earvv+asvdtyLkyaeavglt qaa++a
  nat_0ba4bde6653115be1dd4  1 MAVEKVNSSSSLAEVVDRILDKGVVVDAWVRVSLVGIELLAIEARVVIASVDTYLKYAEAVGLTAQAAVPA 71
                              9*******************************************************************996 PP

>> nat_6f827542d262f6a8575a  
   #    score  bias  c-Evalue  i-Evalue hmmfrom  hmm to    alifrom  ali to    envfrom  env to     acc
 ---   ------ ----- --------- --------- ------- -------    ------- -------    ------- -------    ----
   1 !  136.1   5.5   1.8e-41   2.5e-41       1      71 [.       1      71 [.       1      72 [] 0.98

  Alignments for each domain:
  == domain 1  score: 136.1 bits;  conditional E-value: 1.8e-41
                      gvpa  1 mavekvsassslaevldrvLdkGvvidawvrvsLvGielltvearvvvasvdtyLkyaeavglteqaalta 71
                              mavekv++ssslaev+dr+LdkG+v+dawvrvsLvGiell++earvv+asv+tyLkyaeavglt qaa++a
  nat_6f827542d262f6a8575a  1 MAVEKVNSSSSLAEVVDRILDKGIVVDAWVRVSLVGIELLAIEARVVIASVETYLKYAEAVGLTAQAAVPA 71
                              9*******************************************************************996 PP

>> nat_45ceddea54f47745a1ad  
   #    score  bias  c-Evalue  i-Evalue hmmfrom  hmm to    alifrom  ali to    envfrom  env to     acc
 ---   ------ ----- --------- --------- ------- -------    ------- -------    ------- -------    ----
   1 !  136.0   5.4   1.9e-41   2.7e-41       1      71 [.       1      71 [.       1      72 [] 0.98

  Alignments for each domain:
  == domain 1  score: 136.0 bits;  conditional E-value: 1.9e-41
                      gvpa  1 mavekvsassslaevldrvLdkGvvidawvrvsLvGielltvearvvvasvdtyLkyaeavglteqaalta 71
                              mavekv++ssslaev+dr+LdkG+vidawvrvsLvGiell++earvv+asv+tyLkyaeavglt  aa++a
  nat_45ceddea54f47745a1ad  1 MAVEKVNSSSSLAEVIDRILDKGIVIDAWVRVSLVGIELLSIEARVVIASVETYLKYAEAVGLTASAAVPA 71
                              9*******************************************************************996 PP

>> nat_e4530a471497a647eef2  
   #    score  bias  c-Evalue  i-Evalue hmmfrom  hmm to    alifrom  ali to    envfrom  env to     acc
 ---   ------ ----- --------- --------- ------- -------    ------- -------    ------- -------    ----
   1 !  136.0   3.8   1.9e-41   2.7e-41       1      70 [.       1      70 [.       1      71 [] 0.98

  Alignments for each domain:
  == domain 1  score: 136.0 bits;  conditional E-value: 1.9e-41
                      gvpa  1 mavekvsassslaevldrvLdkGvvidawvrvsLvGielltvearvvvasvdtyLkyaeavglteqaalt 70
                              mavek+++ssslaev+dr+LdkG+vidawvrvsLvGiell++ear+v+asv+tyLkyaeavglt+ aa++
  nat_e4530a471497a647eef2  1 MAVEKTNSSSSLAEVIDRILDKGIVIDAWVRVSLVGIELLAIEARIVIASVETYLKYAEAVGLTQSAAVP 70
                              9******************************************************************998 PP

>> nat_44be345e568ee6f5e906  
   #    score  bias  c-Evalue  i-Evalue hmmfrom  hmm to    alifrom  ali to    envfrom  env to     acc
 ---   ------ ----- --------- --------- ------- -------    ------- -------    ------- -------    ----
   1 !  136.0   5.6   1.9e-41   2.7e-41       1      71 [.       1      71 [.       1      72 [] 0.98

  Alignments for each domain:
  == domain 1  score: 136.0 bits;  conditional E-value: 1.9e-41
                      gvpa  1 mavekvsassslaevldrvLdkGvvidawvrvsLvGielltvearvvvasvdtyLkyaeavglteqaalta 71
                              mavekv++ssslaev+dr+LdkG+v+dawvrvsLvGiell+vearvv+asv+tyLkyaeavglt qaa++a
  nat_44be345e568ee6f5e906  1 MAVEKVNSSSSLAEVVDRILDKGIVVDAWVRVSLVGIELLSVEARVVIASVETYLKYAEAVGLTAQAAVPA 71
                              9*******************************************************************996 PP

>> nat_9683dd0b519eaf04d743  
   #    score  bias  c-Evalue  i-Evalue hmmfrom  hmm to    alifrom  ali to    envfrom  env to     acc
 ---   ------ ----- --------- --------- ------- -------    ------- -------    ------- -------    ----
   1 !  135.9   5.4     2e-41   2.8e-41       1      71 [.       1      71 [.       1      72 [] 0.98

  Alignments for each domain:
  == domain 1  score: 135.9 bits;  conditional E-value: 2e-41
                      gvpa  1 mavekvsassslaevldrvLdkGvvidawvrvsLvGielltvearvvvasvdtyLkyaeavglteqaalta 71
                              mavekv++ssslaev+dr+LdkG+v+dawvrvsLvGiell++earvv+asv+tyLkyaeavglt qaa++a
  nat_9683dd0b519eaf04d743  1 MAVEKVNSSSSLAEVVDRILDKGIVVDAWVRVSLVGIELLAIEARVVIASVETYLKYAEAVGLTAQAAVPA 71
                              9*******************************************************************996 PP

>> nat_95a5abf872e631139217  
   #    score  bias  c-Evalue  i-Evalue hmmfrom  hmm to    alifrom  ali to    envfrom  env to     acc
 ---   ------ ----- --------- --------- ------- -------    ------- -------    ------- -------    ----
   1 !  135.9   4.1     2e-41   2.9e-41       1      70 [.       1      70 [.       1      71 [] 0.98

  Alignments for each domain:
  == domain 1  score: 135.9 bits;  conditional E-value: 2e-41
                      gvpa  1 mavekvsassslaevldrvLdkGvvidawvrvsLvGielltvearvvvasvdtyLkyaeavglteqaalt 70
                              mavek+++ssslaev+dr+LdkG+vidawvrvsLvGiell++earvv+asv+tyLkyaeavglt+ aa++
  nat_95a5abf872e631139217  1 MAVEKTNSSSSLAEVIDRILDKGIVIDAWVRVSLVGIELLAIEARVVIASVETYLKYAEAVGLTKSAAVP 70
                              9******************************************************************998 PP

>> nat_183f7c25f0bd175da05b  
   #    score  bias  c-Evalue  i-Evalue hmmfrom  hmm to    alifrom  ali to    envfrom  env to     acc
 ---   ------ ----- --------- --------- ------- -------    ------- -------    ------- -------    ----
   1 !  135.9   4.3   2.1e-41   2.9e-41       1      70 [.       1      70 [.       1      71 [] 0.98

  Alignments for each domain:
  == domain 1  score: 135.9 bits;  conditional E-value: 2.1e-41
                      gvpa  1 mavekvsassslaevldrvLdkGvvidawvrvsLvGielltvearvvvasvdtyLkyaeavglteqaalt 70
                              mavek+++ssslaev+dr+LdkG+vidawvrvsLvGiel+++ear+v+asv+tyLkyaeavglt+ aa++
  nat_183f7c25f0bd175da05b  1 MAVEKTNSSSSLAEVIDRILDKGIVIDAWVRVSLVGIELIAIEARIVIASVETYLKYAEAVGLTQSAAVP 70
                              9******************************************************************998 PP

>> nat_0d7970548e5a353c52b0  
   #    score  bias  c-Evalue  i-Evalue hmmfrom  hmm to    alifrom  ali to    envfrom  env to     acc
 ---   ------ ----- --------- --------- ------- -------    ------- -------    ------- -------    ----
   1 !  135.9   5.7   2.1e-41     3e-41       1      71 [.       1      71 [.       1      72 [] 0.98

  Alignments for each domain:
  == domain 1  score: 135.9 bits;  conditional E-value: 2.1e-41
                      gvpa  1 mavekvsassslaevldrvLdkGvvidawvrvsLvGielltvearvvvasvdtyLkyaeavglteqaalta 71
                              mavekv++ssslaev+dr+LdkG+v+dawvrvsLvGiell+vearvv+asv+tyLkyaeavglt qaa++a
  nat_0d7970548e5a353c52b0  1 MAVEKVNSSSSLAEVVDRILDKGIVVDAWVRVSLVGIELLAVEARVVIASVETYLKYAEAVGLTAQAAVPA 71
                              9*******************************************************************996 PP

>> nat_ac6b927c7781d88d4813  
   #    score  bias  c-Evalue  i-Evalue hmmfrom  hmm to    alifrom  ali to    envfrom  env to     acc
 ---   ------ ----- --------- --------- ------- -------    ------- -------    ------- -------    ----
   1 !  135.8   5.4   2.2e-41   3.1e-41       1      71 [.       1      71 [.       1      72 [] 0.98

  Alignments for each domain:
  == domain 1  score: 135.8 bits;  conditional E-value: 2.2e-41
                      gvpa  1 mavekvsassslaevldrvLdkGvvidawvrvsLvGielltvearvvvasvdtyLkyaeavglteqaalta 71
                              mavekv++ssslaev+dr+LdkGvv+dawvrvsLvGiell++ear+v+asv+tyLkyaeavglt qaa+++
  nat_ac6b927c7781d88d4813  1 MAVEKVNSSSSLAEVVDRILDKGVVVDAWVRVSLVGIELLAIEARIVIASVETYLKYAEAVGLTAQAAVPS 71
                              9*******************************************************************996 PP

>> nat_4076ee92571a9babe66f  
   #    score  bias  c-Evalue  i-Evalue hmmfrom  hmm to    alifrom  ali to    envfrom  env to     acc
 ---   ------ ----- --------- --------- ------- -------    ------- -------    ------- -------    ----
   1 !  135.8   3.6   2.2e-41   3.2e-41       1      70 [.       1      70 [.       1      71 [] 0.98

  Alignments for each domain:
  == domain 1  score: 135.8 bits;  conditional E-value: 2.2e-41
                      gvpa  1 mavekvsassslaevldrvLdkGvvidawvrvsLvGielltvearvvvasvdtyLkyaeavglteqaalt 70
                              mavek+++ssslaev+dr+LdkG+vidawvrvsLvGiell++ear+v+asv+tyLkyaea+glt+ aa++
  nat_4076ee92571a9babe66f  1 MAVEKTNSSSSLAEVIDRILDKGIVIDAWVRVSLVGIELLAIEARIVIASVETYLKYAEAIGLTQSAAVP 70
                              9******************************************************************998 PP

>> nat_622c716866d2133b80f2  
   #    score  bias  c-Evalue  i-Evalue hmmfrom  hmm to    alifrom  ali to    envfrom  env to     acc
 ---   ------ ----- --------- --------- ------- -------    ------- -------    ------- -------    ----
   1 !  135.8   5.5   2.3e-41   3.2e-41       1      71 [.       1      71 [.       1      72 [] 0.98

  Alignments for each domain:
  == domain 1  score: 135.8 bits;  conditional E-value: 2.3e-41
                      gvpa  1 mavekvsassslaevldrvLdkGvvidawvrvsLvGielltvearvvvasvdtyLkyaeavglteqaalta 71
                              mavekv++ssslaev+dr+LdkG+v+dawvrvsLvGiell+vear+v+asv+tyLkyaeavglt qaa++a
  nat_622c716866d2133b80f2  1 MAVEKVNSSSSLAEVVDRILDKGIVVDAWVRVSLVGIELLAVEARIVIASVETYLKYAEAVGLTAQAAVPA 71
                              9*******************************************************************996 PP

>> nat_444b2346dad8b8d36df2  
   #    score  bias  c-Evalue  i-Evalue hmmfrom  hmm to    alifrom  ali to    envfrom  env to     acc
 ---   ------ ----- --------- --------- ------- -------    ------- -------    ------- -------    ----
   1 !  135.7   3.5   2.3e-41   3.3e-41       1      70 [.       1      70 [.       1      71 [] 0.98

  Alignments for each domain:
  == domain 1  score: 135.7 bits;  conditional E-value: 2.3e-41
                      gvpa  1 mavekvsassslaevldrvLdkGvvidawvrvsLvGielltvearvvvasvdtyLkyaeavglteqaalt 70
                              mavek+++ssslaev+dr+LdkG+v+dawvrvsLvGiell++ear+vvasv+tyLkyaeavglt+ aa++
  nat_444b2346dad8b8d36df2  1 MAVEKTNSSSSLAEVIDRILDKGIVVDAWVRVSLVGIELLAIEARIVVASVETYLKYAEAVGLTQSAAMP 70
                              9******************************************************************998 PP

>> nat_d4359a01f2d63626acd8  
   #    score  bias  c-Evalue  i-Evalue hmmfrom  hmm to    alifrom  ali to    envfrom  env to     acc
 ---   ------ ----- --------- --------- ------- -------    ------- -------    ------- -------    ----
   1 !  135.7   6.1   2.3e-41   3.4e-41       1      71 [.       1      71 [.       1      72 [] 0.98

  Alignments for each domain:
  == domain 1  score: 135.7 bits;  conditional E-value: 2.3e-41
                      gvpa  1 mavekvsassslaevldrvLdkGvvidawvrvsLvGielltvearvvvasvdtyLkyaeavglteqaalta 71
                              mavekv++ssslaev+dr+LdkG+vidawvrvsLvGiell+vearvv+asv+tyLkyaeavglt qaa++a
  nat_d4359a01f2d63626acd8  1 MAVEKVNSSSSLAEVVDRILDKGIVIDAWVRVSLVGIELLAVEARVVIASVETYLKYAEAVGLTAQAAVPA 71
                              9*******************************************************************996 PP

>> nat_ce84140595a3625becb8  
   #    score  bias  c-Evalue  i-Evalue hmmfrom  hmm to    alifrom  ali to    envfrom  env to     acc
 ---   ------ ----- --------- --------- ------- -------    ------- -------    ------- -------    ----
   1 !  135.7   2.8   2.4e-41   3.4e-41       1      70 [.       1      70 [.       1      71 [] 0.98

  Alignments for each domain:
  == domain 1  score: 135.7 bits;  conditional E-value: 2.4e-41
                      gvpa  1 mavekvsassslaevldrvLdkGvvidawvrvsLvGielltvearvvvasvdtyLkyaeavglteqaalt 70
                              mavek+++ssslaev+dr+LdkG+vidaw+rvsLvGiell++earvv+asv+tyLkyaeavglt+ aa++
  nat_ce84140595a3625becb8  1 MAVEKTNSSSSLAEVIDRILDKGIVIDAWARVSLVGIELLAIEARVVIASVETYLKYAEAVGLTQSAAMP 70
                              9******************************************************************998 PP

>> nat_9bc7ff063d928dbcb919  
   #    score  bias  c-Evalue  i-Evalue hmmfrom  hmm to    alifrom  ali to    envfrom  env to     acc
 ---   ------ ----- --------- --------- ------- -------    ------- -------    ------- -------    ----
   1 !  135.7   4.1   2.4e-41   3.4e-41       1      70 [.       1      70 [.       1      71 [] 0.98

  Alignments for each domain:
  == domain 1  score: 135.7 bits;  conditional E-value: 2.4e-41
                      gvpa  1 mavekvsassslaevldrvLdkGvvidawvrvsLvGielltvearvvvasvdtyLkyaeavglteqaalt 70
                              mavek+++ssslaev+dr+LdkG+vidawvrvsLvGiel+++ear+v+asv+tyLkyaea+glt+ aa++
  nat_9bc7ff063d928dbcb919  1 MAVEKTNSSSSLAEVIDRILDKGIVIDAWVRVSLVGIELIAIEARIVIASVETYLKYAEAIGLTQSAAVP 70
                              9******************************************************************998 PP

>> nat_26dd9c3e80f115461010  
   #    score  bias  c-Evalue  i-Evalue hmmfrom  hmm to    alifrom  ali to    envfrom  env to     acc
 ---   ------ ----- --------- --------- ------- -------    ------- -------    ------- -------    ----
   1 !  135.7   3.5   2.4e-41   3.5e-41       1      70 [.       1      70 [.       1      71 [] 0.98

  Alignments for each domain:
  == domain 1  score: 135.7 bits;  conditional E-value: 2.4e-41
                      gvpa  1 mavekvsassslaevldrvLdkGvvidawvrvsLvGielltvearvvvasvdtyLkyaeavglteqaalt 70
                              mavek+++ssslaev+dr+LdkG+vidawvrvsLvGiell++ear+v+asv+tyLkyaea+glt+ a+++
  nat_26dd9c3e80f115461010  1 MAVEKTNSSSSLAEVIDRILDKGIVIDAWVRVSLVGIELLAIEARIVIASVETYLKYAEAIGLTQSASVP 70
                              9******************************************************************998 PP

>> nat_44a44809c7c1d751ebce  
   #    score  bias  c-Evalue  i-Evalue hmmfrom  hmm to    alifrom  ali to    envfrom  env to     acc
 ---   ------ ----- --------- --------- ------- -------    ------- -------    ------- -------    ----
   1 !  135.6   4.8   2.5e-41   3.5e-41       1      71 [.       1      71 [.       1      72 [] 0.98

  Alignments for each domain:
  == domain 1  score: 135.6 bits;  conditional E-value: 2.5e-41
                      gvpa  1 mavekvsassslaevldrvLdkGvvidawvrvsLvGielltvearvvvasvdtyLkyaeavglteqaalta 71
                              mavekv++ssslaev+dr+LdkGvvid w+rvsLvGiell+vearvvvasv+tyLkyaeavglt+qaa++a
  nat_44a44809c7c1d751ebce  1 MAVEKVNSSSSLAEVIDRILDKGVVIDLWARVSLVGIELLAVEARVVVASVETYLKYAEAVGLTSQAAVPA 71
                              9*******************************************************************996 PP

>> nat_7c8675813e4623763282  
   #    score  bias  c-Evalue  i-Evalue hmmfrom  hmm to    alifrom  ali to    envfrom  env to     acc
 ---   ------ ----- --------- --------- ------- -------    ------- -------    ------- -------    ----
   1 !  135.6   4.9   2.5e-41   3.6e-41       1      71 [.       1      71 [.       1      72 [] 0.98

  Alignments for each domain:
  == domain 1  score: 135.6 bits;  conditional E-value: 2.5e-41
                      gvpa  1 mavekvsassslaevldrvLdkGvvidawvrvsLvGielltvearvvvasvdtyLkyaeavglteqaalta 71
                              mavekv++ssslaev+dr+LdkGvvid wvrvsLvGiell++ear+v+asv+tyLkyaeavglt qaa++a
  nat_7c8675813e4623763282  1 MAVEKVNSSSSLAEVIDRILDKGVVIDLWVRVSLVGIELLAIEARIVIASVETYLKYAEAVGLTAQAAVPA 71
                              9*******************************************************************996 PP

>> nat_278c7a3fd12af0319695  
   #    score  bias  c-Evalue  i-Evalue hmmfrom  hmm to    alifrom  ali to    envfrom  env to     acc
 ---   ------ ----- --------- --------- ------- -------    ------- -------    ------- -------    ----
   1 !  135.6   3.4   2.5e-41   3.6e-41       1      70 [.       1      70 [.       1      71 [] 0.98

  Alignments for each domain:
  == domain 1  score: 135.6 bits;  conditional E-value: 2.5e-41
                      gvpa  1 mavekvsassslaevldrvLdkGvvidawvrvsLvGielltvearvvvasvdtyLkyaeavglteqaalt 70
                              mavek+++ssslaev+dr+LdkG+v+dawvrvsLvGiell++ear+v+asv+tyLkyaeavglt+ aa++
  nat_278c7a3fd12af0319695  1 MAVEKTNSSSSLAEVIDRILDKGIVVDAWVRVSLVGIELLAIEARIVIASVETYLKYAEAVGLTQSAAMP 70
                              9******************************************************************998 PP

>> nat_12dabeef25e15f66b8b5  
   #    score  bias  c-Evalue  i-Evalue hmmfrom  hmm to    alifrom  ali to    envfrom  env to     acc
 ---   ------ ----- --------- --------- ------- -------    ------- -------    ------- -------    ----
   1 !  135.6   6.3   2.5e-41   3.6e-41       1      71 [.       1      71 [.       1      72 [] 0.98

  Alignments for each domain:
  == domain 1  score: 135.6 bits;  conditional E-value: 2.5e-41
                      gvpa  1 mavekvsassslaevldrvLdkGvvidawvrvsLvGielltvearvvvasvdtyLkyaeavglteqaalta 71
                              mavekv++ssslaev+dr+LdkGvvid+wvrvsLvGiell+vear+v+asv+tyLkyaeavglt qaa++a
  nat_12dabeef25e15f66b8b5  1 MAVEKVNSSSSLAEVIDRILDKGVVIDVWVRVSLVGIELLAVEARIVIASVETYLKYAEAVGLTAQAAVPA 71
                              9*******************************************************************995 PP

>> nat_6d995d9db67c9b27bce8  
   #    score  bias  c-Evalue  i-Evalue hmmfrom  hmm to    alifrom  ali to    envfrom  env to     acc
 ---   ------ ----- --------- --------- ------- -------    ------- -------    ------- -------    ----
   1 !  135.6   5.6   2.5e-41   3.6e-41       1      71 [.       1      71 [.       1      72 [] 0.98

  Alignments for each domain:
  == domain 1  score: 135.6 bits;  conditional E-value: 2.5e-41
                      gvpa  1 mavekvsassslaevldrvLdkGvvidawvrvsLvGielltvearvvvasvdtyLkyaeavglteqaalta 71
                              mavekv++ssslaev+dr+LdkGvv+dawvrvsLvGiell+vear+v+asv+tyLkyaeavglt qaa+++
  nat_6d995d9db67c9b27bce8  1 MAVEKVNSSSSLAEVVDRILDKGVVVDAWVRVSLVGIELLAVEARIVIASVETYLKYAEAVGLTAQAAVPS 71
                              9*******************************************************************996 PP

>> nat_1a1b9a1e258a11254cb4  
   #    score  bias  c-Evalue  i-Evalue hmmfrom  hmm to    alifrom  ali to    envfrom  env to     acc
 ---   ------ ----- --------- --------- ------- -------    ------- -------    ------- -------    ----
   1 !  135.6   3.2   2.6e-41   3.7e-41       1      71 [.       1      71 [.       1      72 [] 0.98

  Alignments for each domain:
  == domain 1  score: 135.6 bits;  conditional E-value: 2.6e-41
                      gvpa  1 mavekvsassslaevldrvLdkGvvidawvrvsLvGielltvearvvvasvdtyLkyaeavglteqaalta 71
                              mavek+++ssslaev+dr+LdkG+v+daw+rvsLvGiell++earvv+asv+tyLkyaeavglt+ aa++a
  nat_1a1b9a1e258a11254cb4  1 MAVEKTNSSSSLAEVIDRILDKGIVVDAWARVSLVGIELLAIEARVVIASVETYLKYAEAVGLTQSAAMPA 71
                              9*******************************************************************996 PP

>> nat_cdcb9ea08084d402155d  
   #    score  bias  c-Evalue  i-Evalue hmmfrom  hmm to    alifrom  ali to    envfrom  env to     acc
 ---   ------ ----- --------- --------- ------- -------    ------- -------    ------- -------    ----
   1 !  135.4   5.1   2.9e-41   4.2e-41       1      71 [.       1      71 [.       1      72 [] 0.98

  Alignments for each domain:
  == domain 1  score: 135.4 bits;  conditional E-value: 2.9e-41
                      gvpa  1 mavekvsassslaevldrvLdkGvvidawvrvsLvGielltvearvvvasvdtyLkyaeavglteqaalta 71
                              mavekv++ssslaev+dr+LdkGvvid wvrvsLvGiell+vear+v+asv+tyLkyaeavglt qaa++a
  nat_cdcb9ea08084d402155d  1 MAVEKVNSSSSLAEVIDRILDKGVVIDLWVRVSLVGIELLAVEARIVIASVETYLKYAEAVGLTAQAAVPA 71
                              9*******************************************************************996 PP

>> nat_b5cc1b368bdd05e5035f  
   #    score  bias  c-Evalue  i-Evalue hmmfrom  hmm to    alifrom  ali to    envfrom  env to     acc
 ---   ------ ----- --------- --------- ------- -------    ------- -------    ------- -------    ----
   1 !  135.4   6.2   2.9e-41   4.2e-41       1      71 [.       1      71 [.       1      72 [] 0.98

  Alignments for each domain:
  == domain 1  score: 135.4 bits;  conditional E-value: 2.9e-41
                      gvpa  1 mavekvsassslaevldrvLdkGvvidawvrvsLvGielltvearvvvasvdtyLkyaeavglteqaalta 71
                              mavekv++ssslaev+dr+LdkG+v+dawvrvsLvGiell++earvv+asvdtyLkyaeavglt qaa++a
  nat_b5cc1b368bdd05e5035f  1 MAVEKVNSSSSLAEVVDRILDKGIVVDAWVRVSLVGIELLAIEARVVIASVDTYLKYAEAVGLTAQAAVPA 71
                              9*******************************************************************996 PP

>> nat_1f275ce5dd842aaaf9d2  
   #    score  bias  c-Evalue  i-Evalue hmmfrom  hmm to    alifrom  ali to    envfrom  env to     acc
 ---   ------ ----- --------- --------- ------- -------    ------- -------    ------- -------    ----
   1 !  135.4   3.4     3e-41   4.3e-41       1      70 [.       1      70 [.       1      71 [] 0.98

  Alignments for each domain:
  == domain 1  score: 135.4 bits;  conditional E-value: 3e-41
                      gvpa  1 mavekvsassslaevldrvLdkGvvidawvrvsLvGielltvearvvvasvdtyLkyaeavglteqaalt 70
                              mavek+++ssslaev+dr+LdkG+vidaw+rvsLvGiell++earvv+asv+tyLkyaeavglt+ aa++
  nat_1f275ce5dd842aaaf9d2  1 MAVEKTNSSSSLAEVIDRILDKGIVIDAWARVSLVGIELLAIEARVVIASVETYLKYAEAVGLTQSAAVP 70
                              9******************************************************************998 PP

>> nat_6f227f789b114508ea99  
   #    score  bias  c-Evalue  i-Evalue hmmfrom  hmm to    alifrom  ali to    envfrom  env to     acc
 ---   ------ ----- --------- --------- ------- -------    ------- -------    ------- -------    ----
   1 !  135.3   4.8   3.1e-41   4.4e-41       1      71 [.       1      71 [.       1      72 [] 0.98

  Alignments for each domain:
  == domain 1  score: 135.3 bits;  conditional E-value: 3.1e-41
                      gvpa  1 mavekvsassslaevldrvLdkGvvidawvrvsLvGielltvearvvvasvdtyLkyaeavglteqaalta 71
                              mavekv++sssl ev+dr+LdkG+vidawvrvsLvGiell++earvv+asv+tyLkyaeavglt+qaa++a
  nat_6f227f789b114508ea99  1 MAVEKVNSSSSLGEVIDRILDKGIVIDAWVRVSLVGIELLAIEARVVIASVETYLKYAEAVGLTTQAAVPA 71
                              9*******************************************************************996 PP

>> nat_bcfea43f3a708c18a025  
   #    score  bias  c-Evalue  i-Evalue hmmfrom  hmm to    alifrom  ali to    envfrom  env to     acc
 ---   ------ ----- --------- --------- ------- -------    ------- -------    ------- -------    ----
   1 !  135.3   3.7   3.2e-41   4.6e-41       1      70 [.       1      70 []       1      70 [] 0.99

  Alignments for each domain:
  == domain 1  score: 135.3 bits;  conditional E-value: 3.2e-41
                      gvpa  1 mavekvsassslaevldrvLdkGvvidawvrvsLvGielltvearvvvasvdtyLkyaeavglteqaalt 70
                              mavek+++ssslaev+dr+LdkG+vidawvrvsLvGiell++ear+v+asv+tyLkyaeavglt+ aa++
  nat_bcfea43f3a708c18a025  1 MAVEKTNSSSSLAEVIDRILDKGIVIDAWVRVSLVGIELLAIEARIVIASVETYLKYAEAVGLTQSAAVP 70
                              9*****************************************************************9986 PP

>> nat_83cf4bae954290aa781d  
   #    score  bias  c-Evalue  i-Evalue hmmfrom  hmm to    alifrom  ali to    envfrom  env to     acc
 ---   ------ ----- --------- --------- ------- -------    ------- -------    ------- -------    ----
   1 !  135.3   4.0   3.2e-41   4.6e-41       1      70 [.       1      70 [.       1      71 [] 0.98

  Alignments for each domain:
  == domain 1  score: 135.3 bits;  conditional E-value: 3.2e-41
                      gvpa  1 mavekvsassslaevldrvLdkGvvidawvrvsLvGielltvearvvvasvdtyLkyaeavglteqaalt 70
                              mavek+++ssslaev+dr+LdkG+v+dawvrvsLvGiell++ear+v+asv+tyLkyaeavglt+ aa++
  nat_83cf4bae954290aa781d  1 MAVEKTNSSSSLAEVIDRILDKGIVVDAWVRVSLVGIELLAIEARIVIASVETYLKYAEAVGLTQSAAVP 70
                              9******************************************************************998 PP

>> nat_31320e152ba1b4cfe0c5  
   #    score  bias  c-Evalue  i-Evalue hmmfrom  hmm to    alifrom  ali to    envfrom  env to     acc
 ---   ------ ----- --------- --------- ------- -------    ------- -------    ------- -------    ----
   1 !  135.2   5.0   3.3e-41   4.7e-41       1      71 [.       1      71 [.       1      72 [] 0.98

  Alignments for each domain:
  == domain 1  score: 135.2 bits;  conditional E-value: 3.3e-41
                      gvpa  1 mavekvsassslaevldrvLdkGvvidawvrvsLvGielltvearvvvasvdtyLkyaeavglteqaalta 71
                              mavekv++ssslaev+dr+LdkG+v+dawvrvsLvGiell++earvvvasv+tyLkyaeavglt  aa +a
  nat_31320e152ba1b4cfe0c5  1 MAVEKVNSSSSLAEVIDRILDKGIVVDAWVRVSLVGIELLAIEARVVVASVETYLKYAEAVGLTATAAAPA 71
                              9*****************************************************************99985 PP

>> nat_b62ae18b3dfeec027170  
   #    score  bias  c-Evalue  i-Evalue hmmfrom  hmm to    alifrom  ali to    envfrom  env to     acc
 ---   ------ ----- --------- --------- ------- -------    ------- -------    ------- -------    ----
   1 !  135.2   4.8   3.3e-41   4.7e-41       1      70 [.       1      70 [.       1      71 [] 0.99

  Alignments for each domain:
  == domain 1  score: 135.2 bits;  conditional E-value: 3.3e-41
                      gvpa  1 mavekvsassslaevldrvLdkGvvidawvrvsLvGielltvearvvvasvdtyLkyaeavglteqaalt 70
                              mavekv++ssslaev+dr+LdkG+vidaw+rvsLvGiel+++ear+v+asv+tyLkyaeavglt qaa++
  nat_b62ae18b3dfeec027170  1 MAVEKVNSSSSLAEVVDRILDKGIVIDAWARVSLVGIELISIEARIVIASVETYLKYAEAVGLTAQAAVP 70
                              9*******************************************************************98 PP

>> nat_0cff47cd0a85e1de37e0  
   #    score  bias  c-Evalue  i-Evalue hmmfrom  hmm to    alifrom  ali to    envfrom  env to     acc
 ---   ------ ----- --------- --------- ------- -------    ------- -------    ------- -------    ----
   1 !  135.2   3.3   3.3e-41   4.8e-41       1      70 [.       1      70 [.       1      71 [] 0.98

  Alignments for each domain:
  == domain 1  score: 135.2 bits;  conditional E-value: 3.3e-41
                      gvpa  1 mavekvsassslaevldrvLdkGvvidawvrvsLvGielltvearvvvasvdtyLkyaeavglteqaalt 70
                              mavek+++ssslaev+dr+LdkG+vidaw+rvsLvGiell++earvv+asv+tyLkyaeavglt+ a+++
  nat_0cff47cd0a85e1de37e0  1 MAVEKTNSSSSLAEVIDRILDKGIVIDAWARVSLVGIELLAIEARVVIASVETYLKYAEAVGLTQSASVP 70
                              9******************************************************************998 PP

>> nat_a43bb7e6a797bf21e3c8  
   #    score  bias  c-Evalue  i-Evalue hmmfrom  hmm to    alifrom  ali to    envfrom  env to     acc
 ---   ------ ----- --------- --------- ------- -------    ------- -------    ------- -------    ----
   1 !  135.2   3.2   3.3e-41   4.8e-41       1      70 [.       1      70 [.       1      71 [] 0.98

  Alignments for each domain:
  == domain 1  score: 135.2 bits;  conditional E-value: 3.3e-41
                      gvpa  1 mavekvsassslaevldrvLdkGvvidawvrvsLvGielltvearvvvasvdtyLkyaeavglteqaalt 70
                              mavek+++ssslaev+dr+LdkG+vidaw+rvsLvGiell++ear+v+asv+tyLkyaeavglt+ aa++
  nat_a43bb7e6a797bf21e3c8  1 MAVEKTNSSSSLAEVIDRILDKGIVIDAWARVSLVGIELLAIEARIVIASVETYLKYAEAVGLTQSAAVP 70
                              9******************************************************************998 PP

>> nat_d6412c6847666b43092f  
   #    score  bias  c-Evalue  i-Evalue hmmfrom  hmm to    alifrom  ali to    envfrom  env to     acc
 ---   ------ ----- --------- --------- ------- -------    ------- -------    ------- -------    ----
   1 !  135.2   5.2   3.4e-41   4.8e-41       1      71 [.       1      71 [.       1      72 [] 0.98

  Alignments for each domain:
  == domain 1  score: 135.2 bits;  conditional E-value: 3.4e-41
                      gvpa  1 mavekvsassslaevldrvLdkGvvidawvrvsLvGielltvearvvvasvdtyLkyaeavglteqaalta 71
                              mavekv++ssslaev+dr+LdkG+v+dawvrvsLvGiell++earvvvasv+tyLkyaeavglt  aa +a
  nat_d6412c6847666b43092f  1 MAVEKVNSSSSLAEVIDRILDKGIVVDAWVRVSLVGIELLAIEARVVVASVETYLKYAEAVGLTATAAAPA 71
                              9******************************************************************9986 PP

>> nat_0e91ce29d8018f1f6bc6  
   #    score  bias  c-Evalue  i-Evalue hmmfrom  hmm to    alifrom  ali to    envfrom  env to     acc
 ---   ------ ----- --------- --------- ------- -------    ------- -------    ------- -------    ----
   1 !  135.1   3.6   3.5e-41     5e-41       1      70 [.       1      70 [.       1      71 [] 0.98

  Alignments for each domain:
  == domain 1  score: 135.1 bits;  conditional E-value: 3.5e-41
                      gvpa  1 mavekvsassslaevldrvLdkGvvidawvrvsLvGielltvearvvvasvdtyLkyaeavglteqaalt 70
                              mavek+++ssslaev+dr+LdkG+vidaw+rvsLvGiell+vearvv+asv+tyLkyaeavglt+ aa++
  nat_0e91ce29d8018f1f6bc6  1 MAVEKTNSSSSLAEVIDRILDKGIVIDAWARVSLVGIELLAVEARVVIASVETYLKYAEAVGLTQSAAVP 70
                              9******************************************************************998 PP

>> nat_33d41a075d0d8538e4c6  
   #    score  bias  c-Evalue  i-Evalue hmmfrom  hmm to    alifrom  ali to    envfrom  env to     acc
 ---   ------ ----- --------- --------- ------- -------    ------- -------    ------- -------    ----
   1 !  135.1   3.8   3.6e-41   5.2e-41       1      70 [.       1      70 [.       1      71 [] 0.98

  Alignments for each domain:
  == domain 1  score: 135.1 bits;  conditional E-value: 3.6e-41
                      gvpa  1 mavekvsassslaevldrvLdkGvvidawvrvsLvGielltvearvvvasvdtyLkyaeavglteqaalt 70
                              mavek+++ssslaev+dr+LdkG+vidaw+rvsLvGiel+++ear+v+asv+tyLkyaeavglt+ aa++
  nat_33d41a075d0d8538e4c6  1 MAVEKTNSSSSLAEVIDRILDKGIVIDAWARVSLVGIELIAIEARIVIASVETYLKYAEAVGLTQSAAVP 70
                              9******************************************************************998 PP

>> nat_91bed3979bc3e4336571  
   #    score  bias  c-Evalue  i-Evalue hmmfrom  hmm to    alifrom  ali to    envfrom  env to     acc
 ---   ------ ----- --------- --------- ------- -------    ------- -------    ------- -------    ----
   1 !  135.1   4.2   3.8e-41   5.4e-41       1      70 [.       1      70 [.       1      71 [] 0.98

  Alignments for each domain:
  == domain 1  score: 135.1 bits;  conditional E-value: 3.8e-41
                      gvpa  1 mavekvsassslaevldrvLdkGvvidawvrvsLvGielltvearvvvasvdtyLkyaeavglteqaalt 70
                              mavek+++ssslaev+dr+LdkG+v+dawvrvsLvGiell+vear+v+asv+tyLkyaeavglt+ aa++
  nat_91bed3979bc3e4336571  1 MAVEKTNSSSSLAEVIDRILDKGIVVDAWVRVSLVGIELLAVEARIVIASVETYLKYAEAVGLTQSAAVP 70
                              9******************************************************************998 PP

>> nat_0dcb405a364eae4db9c2  
   #    score  bias  c-Evalue  i-Evalue hmmfrom  hmm to    alifrom  ali to    envfrom  env to     acc
 ---   ------ ----- --------- --------- ------- -------    ------- -------    ------- -------    ----
   1 !  135.0   5.4   3.8e-41   5.4e-41       1      71 [.       1      71 [.       1      72 [] 0.98

  Alignments for each domain:
  == domain 1  score: 135.0 bits;  conditional E-value: 3.8e-41
                      gvpa  1 mavekvsassslaevldrvLdkGvvidawvrvsLvGielltvearvvvasvdtyLkyaeavglteqaalta 71
                              mavekv++ssslaev+dr+LdkG+vidaw+rvsLvGiell+vear+v+asvdtyLkyaeavglt qaa++a
  nat_0dcb405a364eae4db9c2  1 MAVEKVNSSSSLAEVVDRILDKGIVIDAWARVSLVGIELLAVEARIVIASVDTYLKYAEAVGLTAQAAVPA 71
                              9*******************************************************************996 PP

>> nat_96074fbc1c013ecec913  
   #    score  bias  c-Evalue  i-Evalue hmmfrom  hmm to    alifrom  ali to    envfrom  env to     acc
 ---   ------ ----- --------- --------- ------- -------    ------- -------    ------- -------    ----
   1 !  135.0   4.1   3.8e-41   5.5e-41       1      70 [.       1      70 [.       1      71 [] 0.98

  Alignments for each domain:
  == domain 1  score: 135.0 bits;  conditional E-value: 3.8e-41
                      gvpa  1 mavekvsassslaevldrvLdkGvvidawvrvsLvGielltvearvvvasvdtyLkyaeavglteqaalt 70
                              mavek+++ssslaev+dr+LdkG+v+dawvrvsLvGiell++ear+v+asv+tyLkyaeavglt+ aa++
  nat_96074fbc1c013ecec913  1 MAVEKTNSSSSLAEVIDRILDKGIVVDAWVRVSLVGIELLAIEARIVIASVETYLKYAEAVGLTKSAAVP 70
                              9******************************************************************998 PP

>> nat_fd56bd8ca14d2ea7647f  
   #    score  bias  c-Evalue  i-Evalue hmmfrom  hmm to    alifrom  ali to    envfrom  env to     acc
 ---   ------ ----- --------- --------- ------- -------    ------- -------    ------- -------    ----
   1 !  135.0   6.2   3.9e-41   5.6e-41       1      71 [.       1      71 [.       1      72 [] 0.98

  Alignments for each domain:
  == domain 1  score: 135.0 bits;  conditional E-value: 3.9e-41
                      gvpa  1 mavekvsassslaevldrvLdkGvvidawvrvsLvGielltvearvvvasvdtyLkyaeavglteqaalta 71
                              mavekv++ssslaev+dr+LdkG+v+d+wvrvsLvGiell++earvv+asvdtyLkyaeavglt qaa++a
  nat_fd56bd8ca14d2ea7647f  1 MAVEKVNSSSSLAEVVDRILDKGIVVDVWVRVSLVGIELLAIEARVVIASVDTYLKYAEAVGLTAQAAVPA 71
                              9*******************************************************************996 PP

>> nat_fd161dfe59366687c2f2  
   #    score  bias  c-Evalue  i-Evalue hmmfrom  hmm to    alifrom  ali to    envfrom  env to     acc
 ---   ------ ----- --------- --------- ------- -------    ------- -------    ------- -------    ----
   1 !  134.9   5.8   4.2e-41     6e-41       1      71 [.       1      71 [.       1      72 [] 0.98

  Alignments for each domain:
  == domain 1  score: 134.9 bits;  conditional E-value: 4.2e-41
                      gvpa  1 mavekvsassslaevldrvLdkGvvidawvrvsLvGielltvearvvvasvdtyLkyaeavglteqaalta 71
                              mavekv++ssslaev+dr+LdkGvvid+w+rvsLvGiell+vearvv+asv+tyLkyaeavglt+qaa++a
  nat_fd161dfe59366687c2f2  1 MAVEKVNSSSSLAEVIDRILDKGVVIDIWARVSLVGIELLAVEARVVIASVETYLKYAEAVGLTSQAAVPA 71
                              9*******************************************************************996 PP

>> nat_fcb1203cd7b1290f06c7  
   #    score  bias  c-Evalue  i-Evalue hmmfrom  hmm to    alifrom  ali to    envfrom  env to     acc
 ---   ------ ----- --------- --------- ------- -------    ------- -------    ------- -------    ----
   1 !  134.9   5.1   4.2e-41   6.1e-41       1      71 [.       1      71 [.       1      72 [] 0.98

  Alignments for each domain:
  == domain 1  score: 134.9 bits;  conditional E-value: 4.2e-41
                      gvpa  1 mavekvsassslaevldrvLdkGvvidawvrvsLvGielltvearvvvasvdtyLkyaeavglteqaalta 71
                              mavekv++ssslaev+dr+LdkG+vidawvrvsLvGiell++ea++v+asv+tyLkyaeavglt qaa+++
  nat_fcb1203cd7b1290f06c7  1 MAVEKVNSSSSLAEVIDRILDKGIVIDAWVRVSLVGIELLSIEAKIVIASVETYLKYAEAVGLTAQAAVPS 71
                              9*******************************************************************996 PP

>> nat_2684144e3e1bc2f66f34  
   #    score  bias  c-Evalue  i-Evalue hmmfrom  hmm to    alifrom  ali to    envfrom  env to     acc
 ---   ------ ----- --------- --------- ------- -------    ------- -------    ------- -------    ----
   1 !  134.9   3.6   4.3e-41   6.1e-41       1      70 [.       1      70 [.       1      71 [] 0.98

  Alignments for each domain:
  == domain 1  score: 134.9 bits;  conditional E-value: 4.3e-41
                      gvpa  1 mavekvsassslaevldrvLdkGvvidawvrvsLvGielltvearvvvasvdtyLkyaeavglteqaalt 70
                              mavek+++ssslaev+dr+LdkG+vidaw+rvsLvGiel+++ear+v+asv+tyLkyaea+glt+ aa++
  nat_2684144e3e1bc2f66f34  1 MAVEKTNSSSSLAEVIDRILDKGIVIDAWARVSLVGIELIAIEARIVIASVETYLKYAEAIGLTQSAAVP 70
                              9******************************************************************998 PP

>> nat_f2015767f86fd10eb826  
   #    score  bias  c-Evalue  i-Evalue hmmfrom  hmm to    alifrom  ali to    envfrom  env to     acc
 ---   ------ ----- --------- --------- ------- -------    ------- -------    ------- -------    ----
   1 !  134.9   5.7   4.3e-41   6.2e-41       1      71 [.       1      71 [.       1      72 [] 0.98

  Alignments for each domain:
  == domain 1  score: 134.9 bits;  conditional E-value: 4.3e-41
                      gvpa  1 mavekvsassslaevldrvLdkGvvidawvrvsLvGielltvearvvvasvdtyLkyaeavglteqaalta 71
                              mavekv++ssslaev+dr+LdkGvvidawvrvsLvGiell++earvv+asv+tyLkyaeavglt+ aa++a
  nat_f2015767f86fd10eb826  1 MAVEKVNSSSSLAEVVDRILDKGVVIDAWVRVSLVGIELLAIEARVVIASVETYLKYAEAVGLTTSAAVPA 71
                              9*******************************************************************996 PP

>> nat_2042b63e95655cdc9d68  
   #    score  bias  c-Evalue  i-Evalue hmmfrom  hmm to    alifrom  ali to    envfrom  env to     acc
 ---   ------ ----- --------- --------- ------- -------    ------- -------    ------- -------    ----
   1 !  134.9   3.6   4.3e-41   6.2e-41       1      71 [.       1      71 [.       1      72 [] 0.98

  Alignments for each domain:
  == domain 1  score: 134.9 bits;  conditional E-value: 4.3e-41
                      gvpa  1 mavekvsassslaevldrvLdkGvvidawvrvsLvGielltvearvvvasvdtyLkyaeavglteqaalta 71
                              mavekv++ssslaev+dr+LdkGvv+dawvr+sLvGiellt+ear+v+asv+tyLkyaeavglt+ aa +a
  nat_2042b63e95655cdc9d68  1 MAVEKVNSSSSLAEVIDRILDKGVVVDAWVRLSLVGIELLTIEARIVIASVETYLKYAEAVGLTTLAAEPA 71
                              9*****************************************************************99985 PP

>> nat_97a7f6a002cd984f87b1  
   #    score  bias  c-Evalue  i-Evalue hmmfrom  hmm to    alifrom  ali to    envfrom  env to     acc
 ---   ------ ----- --------- --------- ------- -------    ------- -------    ------- -------    ----
   1 !  134.8   5.6   4.4e-41   6.4e-41       1      71 [.       1      71 [.       1      72 [] 0.98

  Alignments for each domain:
  == domain 1  score: 134.8 bits;  conditional E-value: 4.4e-41
                      gvpa  1 mavekvsassslaevldrvLdkGvvidawvrvsLvGielltvearvvvasvdtyLkyaeavglteqaalta 71
                              mavekv++ssslaev+dr+LdkG+vidawvrvsLvGiell++earvv+asv+tyLkyaeavglt  aa++a
  nat_97a7f6a002cd984f87b1  1 MAVEKVNSSSSLAEVVDRILDKGIVIDAWVRVSLVGIELLSIEARVVIASVETYLKYAEAVGLTASAAVPA 71
                              9*******************************************************************996 PP

>> nat_66d41021d88e3bf58bdc  
   #    score  bias  c-Evalue  i-Evalue hmmfrom  hmm to    alifrom  ali to    envfrom  env to     acc
 ---   ------ ----- --------- --------- ------- -------    ------- -------    ------- -------    ----
   1 !  134.8   3.5   4.5e-41   6.4e-41       1      70 [.       1      70 [.       1      71 [] 0.98

  Alignments for each domain:
  == domain 1  score: 134.8 bits;  conditional E-value: 4.5e-41
                      gvpa  1 mavekvsassslaevldrvLdkGvvidawvrvsLvGielltvearvvvasvdtyLkyaeavglteqaalt 70
                              mavek+++ssslaev+dr+LdkG+vidawvrvsLvGiell++earvv+asv+tyLkyaeavglt+ aa++
  nat_66d41021d88e3bf58bdc  1 MAVEKTNSSSSLAEVIDRILDKGIVIDAWVRVSLVGIELLALEARVVIASVETYLKYAEAVGLTQSAAVP 70
                              9******************************************************************998 PP

>> nat_de1520359c3cd2badb80  
   #    score  bias  c-Evalue  i-Evalue hmmfrom  hmm to    alifrom  ali to    envfrom  env to     acc
 ---   ------ ----- --------- --------- ------- -------    ------- -------    ------- -------    ----
   1 !  134.7   3.4   4.8e-41   6.9e-41       1      70 [.      10      79 ..      10      80 .] 0.98

  Alignments for each domain:
  == domain 1  score: 134.7 bits;  conditional E-value: 4.8e-41
                      gvpa  1 mavekvsassslaevldrvLdkGvvidawvrvsLvGielltvearvvvasvdtyLkyaeavglteqaalt 70
                              mavek+++ssslaev+dr+LdkG+vidaw+rvsLvGiell++earvv+asv+tyLkyaeavglt+ aa++
  nat_de1520359c3cd2badb80 10 MAVEKTNSSSSLAEVIDRILDKGIVIDAWARVSLVGIELLAIEARVVIASVETYLKYAEAVGLTQSAAVP 79
                              9******************************************************************998 PP

>> nat_9896810d394d4d1edf15  
   #    score  bias  c-Evalue  i-Evalue hmmfrom  hmm to    alifrom  ali to    envfrom  env to     acc
 ---   ------ ----- --------- --------- ------- -------    ------- -------    ------- -------    ----
   1 !  134.7   3.4   4.8e-41   6.9e-41       1      70 [.      10      79 ..      10      80 .] 0.98

  Alignments for each domain:
  == domain 1  score: 134.7 bits;  conditional E-value: 4.8e-41
                      gvpa  1 mavekvsassslaevldrvLdkGvvidawvrvsLvGielltvearvvvasvdtyLkyaeavglteqaalt 70
                              mavek+++ssslaev+dr+LdkG+vidaw+rvsLvGiell++earvv+asv+tyLkyaeavglt+ aa++
  nat_9896810d394d4d1edf15 10 MAVEKTNSSSSLAEVIDRILDKGIVIDAWARVSLVGIELLAIEARVVIASVETYLKYAEAVGLTQSAAVP 79
                              9******************************************************************998 PP

>> nat_b34a5f1cebe7f342dc3f  
   #    score  bias  c-Evalue  i-Evalue hmmfrom  hmm to    alifrom  ali to    envfrom  env to     acc
 ---   ------ ----- --------- --------- ------- -------    ------- -------    ------- -------    ----
   1 !  134.7   4.8   4.7e-41   6.7e-41       1      71 [.       1      71 [.       1      72 [] 0.98

  Alignments for each domain:
  == domain 1  score: 134.7 bits;  conditional E-value: 4.7e-41
                      gvpa  1 mavekvsassslaevldrvLdkGvvidawvrvsLvGielltvearvvvasvdtyLkyaeavglteqaalta 71
                              mavekv++ssslaev+dr+LdkGvvid w+rvsLvGiell+vearvv+asv+tyLkyaeavglt qaa++a
  nat_b34a5f1cebe7f342dc3f  1 MAVEKVNSSSSLAEVIDRILDKGVVIDLWARVSLVGIELLAVEARVVIASVETYLKYAEAVGLTAQAAVPA 71
                              9*******************************************************************996 PP

>> nat_967e2f04e468a1a875d9  
   #    score  bias  c-Evalue  i-Evalue hmmfrom  hmm to    alifrom  ali to    envfrom  env to     acc
 ---   ------ ----- --------- --------- ------- -------    ------- -------    ------- -------    ----
   1 !  134.6   4.1   5.2e-41   7.5e-41       1      73 [.       1      73 [.       1      77 [. 0.97

  Alignments for each domain:
  == domain 1  score: 134.6 bits;  conditional E-value: 5.2e-41
                      gvpa  1 mavekvsassslaevldrvLdkGvvidawvrvsLvGielltvearvvvasvdtyLkyaeavglteqaaltaaa 73
                              mavekv++sssl+ev+dr+LdkG+vid+w+r+sLvGiellt+ear+v+asv+tyLkya+avglt+ aa++a +
  nat_967e2f04e468a1a875d9  1 MAVEKVNSSSSLVEVIDRILDKGIVIDVWIRISLVGIELLTIEARIVIASVETYLKYAQAVGLTQSAAVPAIS 73
                              9********************************************************************9865 PP

>> nat_c69f9a6b4253e4d6089f  
   #    score  bias  c-Evalue  i-Evalue hmmfrom  hmm to    alifrom  ali to    envfrom  env to     acc
 ---   ------ ----- --------- --------- ------- -------    ------- -------    ------- -------    ----
   1 !  134.6   3.3   5.1e-41   7.3e-41       1      70 [.       1      70 []       1      70 [] 0.99

  Alignments for each domain:
  == domain 1  score: 134.6 bits;  conditional E-value: 5.1e-41
                      gvpa  1 mavekvsassslaevldrvLdkGvvidawvrvsLvGielltvearvvvasvdtyLkyaeavglteqaalt 70
                              mavek+++ssslaev+dr+LdkG+vidaw+rvsLvGiell++earvv+asv+tyLkyaeavglt+ aa++
  nat_c69f9a6b4253e4d6089f  1 MAVEKTNSSSSLAEVIDRILDKGIVIDAWARVSLVGIELLAIEARVVIASVETYLKYAEAVGLTQSAAVP 70
                              9*****************************************************************9986 PP

>> nat_2afc6fb850c8bc89b0f2  
   #    score  bias  c-Evalue  i-Evalue hmmfrom  hmm to    alifrom  ali to    envfrom  env to     acc
 ---   ------ ----- --------- --------- ------- -------    ------- -------    ------- -------    ----
   1 !  134.6   3.3   5.3e-41   7.5e-41       1      70 [.      10      79 ..      10      80 .] 0.98

  Alignments for each domain:
  == domain 1  score: 134.6 bits;  conditional E-value: 5.3e-41
                      gvpa  1 mavekvsassslaevldrvLdkGvvidawvrvsLvGielltvearvvvasvdtyLkyaeavglteqaalt 70
                              mavek+++ssslaev+dr+LdkG+vidaw+rvsLvGiell++earvv+asv+tyLkyaeavglt+ a+++
  nat_2afc6fb850c8bc89b0f2 10 MAVEKTNSSSSLAEVIDRILDKGIVIDAWARVSLVGIELLAIEARVVIASVETYLKYAEAVGLTQSASVP 79
                              9******************************************************************998 PP

>> nat_56d5d14e5f958bb848ef  
   #    score  bias  c-Evalue  i-Evalue hmmfrom  hmm to    alifrom  ali to    envfrom  env to     acc
 ---   ------ ----- --------- --------- ------- -------    ------- -------    ------- -------    ----
   1 !  134.6   3.6   5.2e-41   7.4e-41       1      70 [.       1      70 [.       1      71 [] 0.98

  Alignments for each domain:
  == domain 1  score: 134.6 bits;  conditional E-value: 5.2e-41
                      gvpa  1 mavekvsassslaevldrvLdkGvvidawvrvsLvGielltvearvvvasvdtyLkyaeavglteqaalt 70
                              mavek+++ssslaev+dr+LdkG+v+daw+rvsLvGiell++earvv+asv+tyLkyaeavglt+ aa++
  nat_56d5d14e5f958bb848ef  1 MAVEKTNSSSSLAEVIDRILDKGIVVDAWARVSLVGIELLAIEARVVIASVETYLKYAEAVGLTQSAAVP 70
                              9******************************************************************998 PP

>> nat_2e707b0ae8b0c69feb2e  
   #    score  bias  c-Evalue  i-Evalue hmmfrom  hmm to    alifrom  ali to    envfrom  env to     acc
 ---   ------ ----- --------- --------- ------- -------    ------- -------    ------- -------    ----
   1 !  134.6   5.2   5.2e-41   7.5e-41       1      71 [.       1      71 [.       1      72 [] 0.98

  Alignments for each domain:
  == domain 1  score: 134.6 bits;  conditional E-value: 5.2e-41
                      gvpa  1 mavekvsassslaevldrvLdkGvvidawvrvsLvGielltvearvvvasvdtyLkyaeavglteqaalta 71
                              mavekv++ssslaev+dr+LdkGvvid w+rvsLvGiell+vearvv+asv+tyLkyaeavglt+qaa++a
  nat_2e707b0ae8b0c69feb2e  1 MAVEKVNSSSSLAEVIDRILDKGVVIDLWARVSLVGIELLAVEARVVIASVETYLKYAEAVGLTSQAAVPA 71
                              9*******************************************************************996 PP

>> nat_c43002c4a19c5a35a8b0  
   #    score  bias  c-Evalue  i-Evalue hmmfrom  hmm to    alifrom  ali to    envfrom  env to     acc
 ---   ------ ----- --------- --------- ------- -------    ------- -------    ------- -------    ----
   1 !  134.6   5.7   5.3e-41   7.6e-41       1      71 [.       1      71 [.       1      72 [] 0.98

  Alignments for each domain:
  == domain 1  score: 134.6 bits;  conditional E-value: 5.3e-41
                      gvpa  1 mavekvsassslaevldrvLdkGvvidawvrvsLvGielltvearvvvasvdtyLkyaeavglteqaalta 71
                              mavekv++ssslaev+dr+LdkGvvid+wvrvsLvGiell+vear+v+asv+tyLkyaeavglt qaa++a
  nat_c43002c4a19c5a35a8b0  1 MAVEKVNSSSSLAEVIDRILDKGVVIDVWVRVSLVGIELLAVEARIVLASVETYLKYAEAVGLTAQAAVPA 71
                              9*******************************************************************995 PP

>> nat_f0b585defb33f68b9eec  
   #    score  bias  c-Evalue  i-Evalue hmmfrom  hmm to    alifrom  ali to    envfrom  env to     acc
 ---   ------ ----- --------- --------- ------- -------    ------- -------    ------- -------    ----
   1 !  134.6   6.8   5.3e-41   7.6e-41       1      71 [.       1      71 [.       1      72 [] 0.98

  Alignments for each domain:
  == domain 1  score: 134.6 bits;  conditional E-value: 5.3e-41
                      gvpa  1 mavekvsassslaevldrvLdkGvvidawvrvsLvGielltvearvvvasvdtyLkyaeavglteqaalta 71
                              mavekv++ssslaev+dr+LdkGvvid+w+rvsLvGiel+++earvvvasv+tyLkyaeavglt+qaa++a
  nat_f0b585defb33f68b9eec  1 MAVEKVNSSSSLAEVVDRILDKGVVIDVWARVSLVGIELIAIEARVVVASVETYLKYAEAVGLTSQAAVPA 71
                              9*******************************************************************996 PP

>> nat_c6694fda37ff51b3f382  
   #    score  bias  c-Evalue  i-Evalue hmmfrom  hmm to    alifrom  ali to    envfrom  env to     acc
 ---   ------ ----- --------- --------- ------- -------    ------- -------    ------- -------    ----
   1 !  134.4   4.6   5.8e-41   8.3e-41       1      70 [.       1      70 [.       1      71 [] 0.98

  Alignments for each domain:
  == domain 1  score: 134.4 bits;  conditional E-value: 5.8e-41
                      gvpa  1 mavekvsassslaevldrvLdkGvvidawvrvsLvGielltvearvvvasvdtyLkyaeavglteqaalt 70
                              mavek+++ssslaev+dr+LdkG+v+dawvrvsLvGie+l++ear+v+asv+tyLkyaeavglt+ aa++
  nat_c6694fda37ff51b3f382  1 MAVEKTNSSSSLAEVIDRILDKGIVVDAWVRVSLVGIEILAIEARIVIASVETYLKYAEAVGLTQSAAVP 70
                              9******************************************************************998 PP

>> nat_91f552b9f84853c37285  
   #    score  bias  c-Evalue  i-Evalue hmmfrom  hmm to    alifrom  ali to    envfrom  env to     acc
 ---   ------ ----- --------- --------- ------- -------    ------- -------    ------- -------    ----
   1 !  134.3   5.8   6.4e-41   9.2e-41       1      71 [.       1      71 [.       1      72 [] 0.98

  Alignments for each domain:
  == domain 1  score: 134.3 bits;  conditional E-value: 6.4e-41
                      gvpa  1 mavekvsassslaevldrvLdkGvvidawvrvsLvGielltvearvvvasvdtyLkyaeavglteqaalta 71
                              mavekv++ssslaev+dr+LdkG+v+dawvrvsLvGiell++earvvvasv+tyLkyaeavglt  aa +a
  nat_91f552b9f84853c37285  1 MAVEKVNSSSSLAEVIDRILDKGIVVDAWVRVSLVGIELLAIEARVVVASVETYLKYAEAVGLTATAAAPA 71
                              9*****************************************************************99885 PP

>> nat_f31ef9ed0a87f1bcd7f1  
   #    score  bias  c-Evalue  i-Evalue hmmfrom  hmm to    alifrom  ali to    envfrom  env to     acc
 ---   ------ ----- --------- --------- ------- -------    ------- -------    ------- -------    ----
   1 !  134.3   5.8   6.6e-41   9.5e-41       1      71 [.       1      71 [.       1      72 [] 0.98

  Alignments for each domain:
  == domain 1  score: 134.3 bits;  conditional E-value: 6.6e-41
                      gvpa  1 mavekvsassslaevldrvLdkGvvidawvrvsLvGielltvearvvvasvdtyLkyaeavglteqaalta 71
                              mavekv++ssslaev+dr+LdkG+vidawvrvsLvGiel+++ear+v+asv+tyLkyaeavglt+ aa +a
  nat_f31ef9ed0a87f1bcd7f1  1 MAVEKVNSSSSLAEVVDRILDKGIVIDAWVRVSLVGIELIAIEARIVIASVETYLKYAEAVGLTSTAAAPA 71
                              9******************************************************************9985 PP

>> nat_1593c2fcfad25e37eeb4  
   #    score  bias  c-Evalue  i-Evalue hmmfrom  hmm to    alifrom  ali to    envfrom  env to     acc
 ---   ------ ----- --------- --------- ------- -------    ------- -------    ------- -------    ----
   1 !  134.2   4.0   6.8e-41   9.7e-41       1      70 [.       1      70 [.       1      71 [] 0.98

  Alignments for each domain:
  == domain 1  score: 134.2 bits;  conditional E-value: 6.8e-41
                      gvpa  1 mavekvsassslaevldrvLdkGvvidawvrvsLvGielltvearvvvasvdtyLkyaeavglteqaalt 70
                              mavek+++ssslaev+dr+LdkG+vidawvrvsLvG+ell++ear+v+asv+tyLkyaeavglt+ aa++
  nat_1593c2fcfad25e37eeb4  1 MAVEKTNSSSSLAEVIDRILDKGIVIDAWVRVSLVGVELLAIEARIVIASVETYLKYAEAVGLTQSAAVP 70
                              9******************************************************************998 PP

>> nat_7cb4966ababb293a7db4  
   #    score  bias  c-Evalue  i-Evalue hmmfrom  hmm to    alifrom  ali to    envfrom  env to     acc
 ---   ------ ----- --------- --------- ------- -------    ------- -------    ------- -------    ----
   1 !  134.2   3.5     7e-41     1e-40       1      70 [.      10      79 ..      10      80 .] 0.98

  Alignments for each domain:
  == domain 1  score: 134.2 bits;  conditional E-value: 7e-41
                      gvpa  1 mavekvsassslaevldrvLdkGvvidawvrvsLvGielltvearvvvasvdtyLkyaeavglteqaalt 70
                              mavek+++ssslaev+dr+LdkG+vidawvrvsLvGiell++earvv+asv+tyLkyaeavglt+ aa++
  nat_7cb4966ababb293a7db4 10 MAVEKTNSSSSLAEVIDRILDKGIVIDAWVRVSLVGIELLALEARVVIASVETYLKYAEAVGLTQSAAVP 79
                              9******************************************************************998 PP

>> nat_f3ffcf9688b666fefb41  
   #    score  bias  c-Evalue  i-Evalue hmmfrom  hmm to    alifrom  ali to    envfrom  env to     acc
 ---   ------ ----- --------- --------- ------- -------    ------- -------    ------- -------    ----
   1 !  134.2   3.3     7e-41     1e-40       1      70 [.       1      70 [.       1      71 [] 0.98

  Alignments for each domain:
  == domain 1  score: 134.2 bits;  conditional E-value: 7e-41
                      gvpa  1 mavekvsassslaevldrvLdkGvvidawvrvsLvGielltvearvvvasvdtyLkyaeavglteqaalt 70
                              mavek+++ssslaev+dr+LdkG+vidawvrvs+vGiell++ear+v+asv+tyLkyaeavglt+ aa++
  nat_f3ffcf9688b666fefb41  1 MAVEKTNSSSSLAEVIDRILDKGIVIDAWVRVSFVGIELLAIEARIVIASVETYLKYAEAVGLTQSAAVP 70
                              9******************************************************************998 PP

>> nat_147b949dc21dd0206855  
   #    score  bias  c-Evalue  i-Evalue hmmfrom  hmm to    alifrom  ali to    envfrom  env to     acc
 ---   ------ ----- --------- --------- ------- -------    ------- -------    ------- -------    ----
   1 !  133.9   5.3   8.8e-41   1.3e-40       1      71 [.       1      71 [.       1      72 [] 0.98

  Alignments for each domain:
  == domain 1  score: 133.9 bits;  conditional E-value: 8.8e-41
                      gvpa  1 mavekvsassslaevldrvLdkGvvidawvrvsLvGielltvearvvvasvdtyLkyaeavglteqaalta 71
                              mavekv++ssslaev+dr+LdkGvvid wvrvsLvGiel+++ear+v+asv+tyLkyaeavglt+qaa++a
  nat_147b949dc21dd0206855  1 MAVEKVNSSSSLAEVIDRILDKGVVIDLWVRVSLVGIELIAIEARIVLASVETYLKYAEAVGLTTQAAVPA 71
                              9*******************************************************************996 PP

>> nat_9f00e82557108118047d  
   #    score  bias  c-Evalue  i-Evalue hmmfrom  hmm to    alifrom  ali to    envfrom  env to     acc
 ---   ------ ----- --------- --------- ------- -------    ------- -------    ------- -------    ----
   1 !  133.8   4.0   9.2e-41   1.3e-40       1      70 [.       1      70 [.       1      71 [] 0.98

  Alignments for each domain:
  == domain 1  score: 133.8 bits;  conditional E-value: 9.2e-41
                      gvpa  1 mavekvsassslaevldrvLdkGvvidawvrvsLvGielltvearvvvasvdtyLkyaeavglteqaalt 70
                              mavek++++sslaev+dr+LdkG+vidawvrvsLvGiel+++ear+v+asv+tyLkyaea+glt+ aa++
  nat_9f00e82557108118047d  1 MAVEKTNSTSSLAEVIDRILDKGIVIDAWVRVSLVGIELIAIEARIVIASVETYLKYAEAIGLTQSAAVP 70
                              9******************************************************************998 PP

>> nat_f82305b37f1af32ad1a0  
   #    score  bias  c-Evalue  i-Evalue hmmfrom  hmm to    alifrom  ali to    envfrom  env to     acc
 ---   ------ ----- --------- --------- ------- -------    ------- -------    ------- -------    ----
   1 !  133.8   5.2   9.4e-41   1.4e-40       1      71 [.       1      71 [.       1      72 [] 0.98

  Alignments for each domain:
  == domain 1  score: 133.8 bits;  conditional E-value: 9.4e-41
                      gvpa  1 mavekvsassslaevldrvLdkGvvidawvrvsLvGielltvearvvvasvdtyLkyaeavglteqaalta 71
                              mavekv++sssl ev+dr+LdkG+vidawvrvsLvGiell++earvv+asv+tyLkyaeavglt qaa++a
  nat_f82305b37f1af32ad1a0  1 MAVEKVNSSSSLGEVVDRILDKGIVIDAWVRVSLVGIELLAIEARVVIASVETYLKYAEAVGLTAQAAVPA 71
                              9*******************************************************************996 PP

>> nat_a99ea42aba6e85ef549b  
   #    score  bias  c-Evalue  i-Evalue hmmfrom  hmm to    alifrom  ali to    envfrom  env to     acc
 ---   ------ ----- --------- --------- ------- -------    ------- -------    ------- -------    ----
   1 !  133.8   3.3   9.5e-41   1.4e-40       1      70 [.       1      70 [.       1      71 [] 0.98

  Alignments for each domain:
  == domain 1  score: 133.8 bits;  conditional E-value: 9.5e-41
                      gvpa  1 mavekvsassslaevldrvLdkGvvidawvrvsLvGielltvearvvvasvdtyLkyaeavglteqaalt 70
                              m vek+++ssslaev+dr+LdkG+vidaw+rvsLvGiell++earvv+asv+tyLkyaeavglt+ aa++
  nat_a99ea42aba6e85ef549b  1 MSVEKTNSSSSLAEVIDRILDKGIVIDAWARVSLVGIELLAIEARVVIASVETYLKYAEAVGLTQSAAVP 70
                              99*****************************************************************998 PP

>> nat_4274eb9d5d32732dadc5  
   #    score  bias  c-Evalue  i-Evalue hmmfrom  hmm to    alifrom  ali to    envfrom  env to     acc
 ---   ------ ----- --------- --------- ------- -------    ------- -------    ------- -------    ----
   1 !  133.6   6.3   1.1e-40   1.5e-40       1      71 [.       1      71 [.       1      72 [] 0.98

  Alignments for each domain:
  == domain 1  score: 133.6 bits;  conditional E-value: 1.1e-40
                      gvpa  1 mavekvsassslaevldrvLdkGvvidawvrvsLvGielltvearvvvasvdtyLkyaeavglteqaalta 71
                              mavekv++ssslaev+dr+LdkGvvid+w+rvsLvGiell+vear+vvasv+tyLkyaeavglt qaa++a
  nat_4274eb9d5d32732dadc5  1 MAVEKVNSSSSLAEVVDRILDKGVVIDVWARVSLVGIELLAVEARIVVASVETYLKYAEAVGLTAQAAVPA 71
                              9*******************************************************************996 PP

>> nat_1bf14199f279ca97cc94  
   #    score  bias  c-Evalue  i-Evalue hmmfrom  hmm to    alifrom  ali to    envfrom  env to     acc
 ---   ------ ----- --------- --------- ------- -------    ------- -------    ------- -------    ----
   1 !  133.3   3.9   1.3e-40   1.9e-40       1      71 [.       1      71 [.       1      72 [] 0.98

  Alignments for each domain:
  == domain 1  score: 133.3 bits;  conditional E-value: 1.3e-40
                      gvpa  1 mavekvsassslaevldrvLdkGvvidawvrvsLvGielltvearvvvasvdtyLkyaeavglteqaalta 71
                              mavek+++sssl+ev+dr+LdkG+vidaw+rvsLvGiell++earvv+asv+tyLkyaea+glt+ +a +a
  nat_1bf14199f279ca97cc94  1 MAVEKTNSSSSLVEVIDRILDKGIVIDAWARVSLVGIELLAIEARVVIASVETYLKYAEAIGLTQTVAAPA 71
                              9*****************************************************************99986 PP

>> nat_6166ab1a17ac507a42bf  
   #    score  bias  c-Evalue  i-Evalue hmmfrom  hmm to    alifrom  ali to    envfrom  env to     acc
 ---   ------ ----- --------- --------- ------- -------    ------- -------    ------- -------    ----
   1 !  133.0   5.4   1.6e-40   2.3e-40       1      71 [.       1      71 [.       1      72 [] 0.98

  Alignments for each domain:
  == domain 1  score: 133.0 bits;  conditional E-value: 1.6e-40
                      gvpa  1 mavekvsassslaevldrvLdkGvvidawvrvsLvGielltvearvvvasvdtyLkyaeavglteqaalta 71
                              mavekv++sssl ev+dr+LdkG+v+dawvrvsLvGiell++earvv+asv+tyLkyaeavglt qaa++a
  nat_6166ab1a17ac507a42bf  1 MAVEKVNSSSSLGEVVDRILDKGIVVDAWVRVSLVGIELLAIEARVVIASVETYLKYAEAVGLTAQAAVPA 71
                              9*******************************************************************996 PP

>> nat_ec09e260540587684c1e  
   #    score  bias  c-Evalue  i-Evalue hmmfrom  hmm to    alifrom  ali to    envfrom  env to     acc
 ---   ------ ----- --------- --------- ------- -------    ------- -------    ------- -------    ----
   1 !  132.9   4.8   1.8e-40   2.6e-40       1      70 [.       1      70 [.       1      71 [] 0.98

  Alignments for each domain:
  == domain 1  score: 132.9 bits;  conditional E-value: 1.8e-40
                      gvpa  1 mavekvsassslaevldrvLdkGvvidawvrvsLvGielltvearvvvasvdtyLkyaeavglteqaalt 70
                              mavek+++ssslaev+dr+LdkG+v+dawvrvsLvGiell vear+v+asv+tyLkyaeavglt+ aa++
  nat_ec09e260540587684c1e  1 MAVEKTNSSSSLAEVIDRILDKGIVVDAWVRVSLVGIELLVVEARIVIASVETYLKYAEAVGLTQSAAVP 70
                              9******************************************************************998 PP

>> nat_1833721e1724827de2bb  
   #    score  bias  c-Evalue  i-Evalue hmmfrom  hmm to    alifrom  ali to    envfrom  env to     acc
 ---   ------ ----- --------- --------- ------- -------    ------- -------    ------- -------    ----
   1 !  132.8   3.6   1.9e-40   2.8e-40       1      70 [.       1      70 [.       1      71 [] 0.98

  Alignments for each domain:
  == domain 1  score: 132.8 bits;  conditional E-value: 1.9e-40
                      gvpa  1 mavekvsassslaevldrvLdkGvvidawvrvsLvGielltvearvvvasvdtyLkyaeavglteqaalt 70
                              mavek+++ssslaev+dr+LdkG+vidaw rvsLvGiel+++ear+v+asv+tyLkyaeavglt+ aa++
  nat_1833721e1724827de2bb  1 MAVEKTNSSSSLAEVIDRILDKGIVIDAWDRVSLVGIELIAIEARIVIASVETYLKYAEAVGLTQSAAVP 70
                              9******************************************************************998 PP

>> nat_9b4ea9dc72fc9d6476a6  
   #    score  bias  c-Evalue  i-Evalue hmmfrom  hmm to    alifrom  ali to    envfrom  env to     acc
 ---   ------ ----- --------- --------- ------- -------    ------- -------    ------- -------    ----
   1 !  132.7   3.2   2.1e-40     3e-40       1      70 [.       1      70 [.       1      71 [] 0.98

  Alignments for each domain:
  == domain 1  score: 132.7 bits;  conditional E-value: 2.1e-40
                      gvpa  1 mavekvsassslaevldrvLdkGvvidawvrvsLvGielltvearvvvasvdtyLkyaeavglteqaalt 70
                              mavek+++ssslaev+dr+LdkG+vidaw+r sLvGiel+++ear+v+asv+tyLkyaeavglt+ aa++
  nat_9b4ea9dc72fc9d6476a6  1 MAVEKTNSSSSLAEVIDRILDKGIVIDAWARASLVGIELIAIEARIVIASVETYLKYAEAVGLTQSAAVP 70
                              9******************************************************************998 PP

>> nat_de6e45b17a1efe79f377  
   #    score  bias  c-Evalue  i-Evalue hmmfrom  hmm to    alifrom  ali to    envfrom  env to     acc
 ---   ------ ----- --------- --------- ------- -------    ------- -------    ------- -------    ----
   1 !  132.4   4.8   2.5e-40   3.6e-40       1      69 [.       1      69 [.       1      72 [. 0.98

  Alignments for each domain:
  == domain 1  score: 132.4 bits;  conditional E-value: 2.5e-40
                      gvpa  1 mavekvsassslaevldrvLdkGvvidawvrvsLvGielltvearvvvasvdtyLkyaeavglteqaal 69
                              mavek+++ssslaev+dr+LdkG+v+dawvrvsLvGiell++ear+v+asv+tyLkyaeavglt+ aa+
  nat_de6e45b17a1efe79f377  1 MAVEKTNSSSSLAEVIDRILDKGIVVDAWVRVSLVGIELLAIEARIVIASVETYLKYAEAVGLTQSAAI 69
                              9***************************************************************99986 PP

>> nat_ac3fec2dc9e749e499b3  
   #    score  bias  c-Evalue  i-Evalue hmmfrom  hmm to    alifrom  ali to    envfrom  env to     acc
 ---   ------ ----- --------- --------- ------- -------    ------- -------    ------- -------    ----
   1 !  132.4   3.0   2.6e-40   3.7e-40       1      70 [.       1      70 [.       1      71 [] 0.98

  Alignments for each domain:
  == domain 1  score: 132.4 bits;  conditional E-value: 2.6e-40
                      gvpa  1 mavekvsassslaevldrvLdkGvvidawvrvsLvGielltvearvvvasvdtyLkyaeavglteqaalt 70
                              mavek+++ssslaev+dr+LdkG+vidaw+rvsLvGiell++ea vv+asv+tyLkyaeavglt+ aa++
  nat_ac3fec2dc9e749e499b3  1 MAVEKTNSSSSLAEVIDRILDKGIVIDAWARVSLVGIELLAIEAHVVIASVETYLKYAEAVGLTQSAAVP 70
                              9******************************************************************998 PP

>> nat_a742950a1415bf5dc582  
   #    score  bias  c-Evalue  i-Evalue hmmfrom  hmm to    alifrom  ali to    envfrom  env to     acc
 ---   ------ ----- --------- --------- ------- -------    ------- -------    ------- -------    ----
   1 !  132.2   5.8   2.9e-40   4.1e-40       1      70 [.       1      70 [.       1      72 [] 0.98

  Alignments for each domain:
  == domain 1  score: 132.2 bits;  conditional E-value: 2.9e-40
                      gvpa  1 mavekvsassslaevldrvLdkGvvidawvrvsLvGielltvearvvvasvdtyLkyaeavglteqaalt 70
                              mavekv++ssslaev+dr+LdkGvv+dawvrvsLvGiell++ear+v+asv+tyLkyaeavglt  aa +
  nat_a742950a1415bf5dc582  1 MAVEKVNSSSSLAEVVDRILDKGVVVDAWVRVSLVGIELLAIEARIVIASVETYLKYAEAVGLTATAAAP 70
                              9****************************************************************99987 PP

>> nat_9ec7201d98ae2ffcf074  
   #    score  bias  c-Evalue  i-Evalue hmmfrom  hmm to    alifrom  ali to    envfrom  env to     acc
 ---   ------ ----- --------- --------- ------- -------    ------- -------    ------- -------    ----
   1 !  132.1   3.5   3.1e-40   4.4e-40       1      71 [.       1      71 [.       1      72 [] 0.98

  Alignments for each domain:
  == domain 1  score: 132.1 bits;  conditional E-value: 3.1e-40
                      gvpa  1 mavekvsassslaevldrvLdkGvvidawvrvsLvGielltvearvvvasvdtyLkyaeavglteqaalta 71
                              mavek+++ssslaev+dr+LdkGvv+dawvrv LvGiell++earvv+asv+tyLkyaeavglt+q+a++a
  nat_9ec7201d98ae2ffcf074  1 MAVEKMNSSSSLAEVVDRILDKGVVVDAWVRVFLVGIELLSIEARVVIASVETYLKYAEAVGLTSQSAVPA 71
                              9*******************************************************************995 PP

>> nat_07561c65a5d37a8aa878  
   #    score  bias  c-Evalue  i-Evalue hmmfrom  hmm to    alifrom  ali to    envfrom  env to     acc
 ---   ------ ----- --------- --------- ------- -------    ------- -------    ------- -------    ----
   1 !  132.1   4.4   3.1e-40   4.5e-40       1      71 [.       1      71 [.       1      72 [] 0.98

  Alignments for each domain:
  == domain 1  score: 132.1 bits;  conditional E-value: 3.1e-40
                      gvpa  1 mavekvsassslaevldrvLdkGvvidawvrvsLvGielltvearvvvasvdtyLkyaeavglteqaalta 71
                              mave v++ssslaev+dr+LdkG+vidawvrvsLvGiell+vear+v+asv+tyLky+eavglt qaa+++
  nat_07561c65a5d37a8aa878  1 MAVEPVNSSSSLAEVIDRILDKGIVIDAWVRVSLVGIELLAVEARIVIASVETYLKYSEAVGLTAQAAVPS 71
                              9*******************************************************************996 PP

>> nat_32d58e5d24419efe5e0e  
   #    score  bias  c-Evalue  i-Evalue hmmfrom  hmm to    alifrom  ali to    envfrom  env to     acc
 ---   ------ ----- --------- --------- ------- -------    ------- -------    ------- -------    ----
   1 !  131.8   1.9     4e-40   5.7e-40       6      77 ..       3      74 ..       1      76 [] 0.96

  Alignments for each domain:
  == domain 1  score: 131.8 bits;  conditional E-value: 4e-40
                      gvpa  6 vsassslaevldrvLdkGvvidawvrvsLvGielltvearvvvasvdtyLkyaeavglteqaaltaaaeeav 77
                              +++ssslaevldrvLdkGvv+da++r+sLvGie+ltvearvvvasvdt+L+yae+++++eqa+lta+ae+a+
  nat_32d58e5d24419efe5e0e  3 QPDSSSLAEVLDRVLDKGVVVDAFARISLVGIEILTVEARVVVASVDTFLHYAEEIAKIEQAELTAGAEAAP 74
                              799*****************************************************************9986 PP

>> nat_5ff91e8d3cfc9ac60d0d  
   #    score  bias  c-Evalue  i-Evalue hmmfrom  hmm to    alifrom  ali to    envfrom  env to     acc
 ---   ------ ----- --------- --------- ------- -------    ------- -------    ------- -------    ----
   1 !  131.6   4.0   4.4e-40   6.4e-40       1      71 [.       1      71 [.       1      72 [] 0.98

  Alignments for each domain:
  == domain 1  score: 131.6 bits;  conditional E-value: 4.4e-40
                      gvpa  1 mavekvsassslaevldrvLdkGvvidawvrvsLvGielltvearvvvasvdtyLkyaeavglteqaalta 71
                              mavekv+assslaev+d +LdkG+++dawvrvsLvGiell++earvv+asv+tyL+yaeavglt+qaa++a
  nat_5ff91e8d3cfc9ac60d0d  1 MAVEKVNASSSLAEVIDHILDKGIIVDAWVRVSLVGIELLALEARVVIASVETYLRYAEAVGLTSQAAVPA 71
                              9*******************************************************************995 PP

>> nat_25fcb1b7b6c3c6f6f29d  
   #    score  bias  c-Evalue  i-Evalue hmmfrom  hmm to    alifrom  ali to    envfrom  env to     acc
 ---   ------ ----- --------- --------- ------- -------    ------- -------    ------- -------    ----
   1 !  131.6   4.7   4.5e-40   6.5e-40       1      67 [.       1      67 [.       1      68 [] 0.98

  Alignments for each domain:
  == domain 1  score: 131.6 bits;  conditional E-value: 4.5e-40
                      gvpa  1 mavekvsassslaevldrvLdkGvvidawvrvsLvGielltvearvvvasvdtyLkyaeavglteqa 67
                              mavek+++ssslaev+dr+LdkG+v+dawvrvsLvGiell+vear+v+asv+tyLkyaeavglt+ a
  nat_25fcb1b7b6c3c6f6f29d  1 MAVEKTNSSSSLAEVIDRILDKGIVVDAWVRVSLVGIELLAVEARIVIASVETYLKYAEAVGLTQSA 67
                              9***************************************************************987 PP

>> nat_5fb53d83d56d48c68c10  
   #    score  bias  c-Evalue  i-Evalue hmmfrom  hmm to    alifrom  ali to    envfrom  env to     acc
 ---   ------ ----- --------- --------- ------- -------    ------- -------    ------- -------    ----
   1 !  131.3   4.6   5.5e-40     8e-40       1      70 [.       1      70 [.       1      71 [] 0.98

  Alignments for each domain:
  == domain 1  score: 131.3 bits;  conditional E-value: 5.5e-40
                      gvpa  1 mavekvsassslaevldrvLdkGvvidawvrvsLvGielltvearvvvasvdtyLkyaeavglteqaalt 70
                              mavekv+assslaev+dr+LdkG+vidawvrvsLvGiell++earvv+a vdtyLkyaeavglt  aa +
  nat_5fb53d83d56d48c68c10  1 MAVEKVNASSSLAEVVDRILDKGIVIDAWVRVSLVGIELLAIEARVVIAGVDTYLKYAEAVGLTASAASP 70
                              9****************************************************************99987 PP

>> nat_561df1cd0484632cdef6  
   #    score  bias  c-Evalue  i-Evalue hmmfrom  hmm to    alifrom  ali to    envfrom  env to     acc
 ---   ------ ----- --------- --------- ------- -------    ------- -------    ------- -------    ----
   1 !  131.1   4.0   6.4e-40   9.1e-40       1      65 [.       1      65 [.       1      66 [] 0.99

  Alignments for each domain:
  == domain 1  score: 131.1 bits;  conditional E-value: 6.4e-40
                      gvpa  1 mavekvsassslaevldrvLdkGvvidawvrvsLvGielltvearvvvasvdtyLkyaeavglte 65
                              mavek+++ssslaev+dr+LdkG+vidawvrvsLvGiell++ear+v+asv+tyLkyaeavglt+
  nat_561df1cd0484632cdef6  1 MAVEKTNSSSSLAEVIDRILDKGIVIDAWVRVSLVGIELLAIEARIVIASVETYLKYAEAVGLTQ 65
                              9**************************************************************96 PP

>> nat_fa062766acc141ed13ab  
   #    score  bias  c-Evalue  i-Evalue hmmfrom  hmm to    alifrom  ali to    envfrom  env to     acc
 ---   ------ ----- --------- --------- ------- -------    ------- -------    ------- -------    ----
   1 !  131.1   3.7   6.6e-40   9.5e-40       1      70 [.       1      70 [.       1      71 [] 0.98

  Alignments for each domain:
  == domain 1  score: 131.1 bits;  conditional E-value: 6.6e-40
                      gvpa  1 mavekvsassslaevldrvLdkGvvidawvrvsLvGielltvearvvvasvdtyLkyaeavglteqaalt 70
                              mavek+++ssslaev+dr+LdkG+vidaw+rvsLv iell++ear+v+asv+tyLkyaeavglt+ aa++
  nat_fa062766acc141ed13ab  1 MAVEKTNSSSSLAEVIDRILDKGIVIDAWARVSLVSIELLAIEARIVIASVETYLKYAEAVGLTQSAAVP 70
                              9******************************************************************998 PP

>> nat_2132a9e0b250f93ef073  
   #    score  bias  c-Evalue  i-Evalue hmmfrom  hmm to    alifrom  ali to    envfrom  env to     acc
 ---   ------ ----- --------- --------- ------- -------    ------- -------    ------- -------    ----
   1 !  131.0   4.7     7e-40     1e-39       1      70 [.       1      70 [.       1      71 [] 0.98

  Alignments for each domain:
  == domain 1  score: 131.0 bits;  conditional E-value: 7e-40
                      gvpa  1 mavekvsassslaevldrvLdkGvvidawvrvsLvGielltvearvvvasvdtyLkyaeavglteqaalt 70
                              mavek+++ssslaev+dr+LdkG+vidawvrvsLv iel+++ear+v+asv+tyLkyaeavglt+ aa++
  nat_2132a9e0b250f93ef073  1 MAVEKTNSSSSLAEVIDRILDKGIVIDAWVRVSLVRIELIAIEARIVIASVETYLKYAEAVGLTQSAAVP 70
                              9******************************************************************998 PP

>> nat_e9d0d8807aee29d8e61c  
   #    score  bias  c-Evalue  i-Evalue hmmfrom  hmm to    alifrom  ali to    envfrom  env to     acc
 ---   ------ ----- --------- --------- ------- -------    ------- -------    ------- -------    ----
   1 !  130.7   3.8   8.4e-40   1.2e-39       1      68 [.       1      68 [.       1      71 [] 0.96

  Alignments for each domain:
  == domain 1  score: 130.7 bits;  conditional E-value: 8.4e-40
                      gvpa  1 mavekvsassslaevldrvLdkGvvidawvrvsLvGielltvearvvvasvdtyLkyaeavglteqaa 68
                              ma+ek++assslaev+dr+LdkG+v+daw+rvsLvGiell++earvvvasvdtyLkyaeavglt   +
  nat_e9d0d8807aee29d8e61c  1 MAIEKMNASSSLAEVIDRILDKGIVVDAWARVSLVGIELLAIEARVVVASVDTYLKYAEAVGLTAGEQ 68
                              9**************************************************************97655 PP

>> nat_51223251df1314e3c9ba  
   #    score  bias  c-Evalue  i-Evalue hmmfrom  hmm to    alifrom  ali to    envfrom  env to     acc
 ---   ------ ----- --------- --------- ------- -------    ------- -------    ------- -------    ----
   1 !  130.2   4.4   1.3e-39   1.8e-39       1      65 [.       1      65 [.       1      66 [] 0.99

  Alignments for each domain:
  == domain 1  score: 130.2 bits;  conditional E-value: 1.3e-39
                      gvpa  1 mavekvsassslaevldrvLdkGvvidawvrvsLvGielltvearvvvasvdtyLkyaeavglte 65
                              mavek+++ssslaev+dr+LdkG+v+dawvrvsLvGiell+vear+v+asv+tyLkyaeavglt+
  nat_51223251df1314e3c9ba  1 MAVEKTNSSSSLAEVIDRILDKGIVVDAWVRVSLVGIELLAVEARIVIASVETYLKYAEAVGLTQ 65
                              9**************************************************************96 PP

>> nat_d6f636dc4849c3ad6e3a  
   #    score  bias  c-Evalue  i-Evalue hmmfrom  hmm to    alifrom  ali to    envfrom  env to     acc
 ---   ------ ----- --------- --------- ------- -------    ------- -------    ------- -------    ----
   1 !  130.0   6.0   1.4e-39   2.1e-39       1      70 [.       1      70 [.       1      71 [] 0.98

  Alignments for each domain:
  == domain 1  score: 130.0 bits;  conditional E-value: 1.4e-39
                      gvpa  1 mavekvsassslaevldrvLdkGvvidawvrvsLvGielltvearvvvasvdtyLkyaeavglteqaalt 70
                              mavek  asssl+ev+dr+LdkGvvidawvrvsLvGiell++earvvvasv+tyLkyaea+glt  aa +
  nat_d6f636dc4849c3ad6e3a  1 MAVEKAIASSSLVEVIDRILDKGVVIDAWVRVSLVGIELLAIEARVVVASVETYLKYAEAIGLTATAAAP 70
                              9****************************************************************99987 PP

>> nat_1e86329db7dd3816b588  
   #    score  bias  c-Evalue  i-Evalue hmmfrom  hmm to    alifrom  ali to    envfrom  env to     acc
 ---   ------ ----- --------- --------- ------- -------    ------- -------    ------- -------    ----
   1 !  129.4   1.6   2.2e-39   3.2e-39       1      70 [.       1      70 [.       1      81 [. 0.94

  Alignments for each domain:
  == domain 1  score: 129.4 bits;  conditional E-value: 2.2e-39
                      gvpa  1 mavekvsassslaevldrvLdkGvvidawvrvsLvGielltvearvvvasvdtyLkyaeavglteqaalt 70
                              ma+ek++as slaev+dr+LdkG+v+daw+rvsLvGiell++earvvva vdtyLkyaea+glt++a+ +
  nat_1e86329db7dd3816b588  1 MAIEKSAASNSLAEVIDRILDKGIVVDAWARVSLVGIELLAIEARVVVAGVDTYLKYAEAIGLTSNASEA 70
                              9****************************************************************99876 PP

>> nat_1f4f50f1349e137c7f32  
   #    score  bias  c-Evalue  i-Evalue hmmfrom  hmm to    alifrom  ali to    envfrom  env to     acc
 ---   ------ ----- --------- --------- ------- -------    ------- -------    ------- -------    ----
   1 !  129.1   3.9   2.6e-39   3.8e-39       1      70 [.       1      70 [.       1      71 [] 0.97

  Alignments for each domain:
  == domain 1  score: 129.1 bits;  conditional E-value: 2.6e-39
                      gvpa  1 mavekvsassslaevldrvLdkGvvidawvrvsLvGielltvearvvvasvdtyLkyaeavglteqaalt 70
                              mavekv+assslaev+dr+LdkG+vidaw+rvsLvGiell++ear+v+a vdtyLkyaeavglt  +a +
  nat_1f4f50f1349e137c7f32  1 MAVEKVNASSSLAEVVDRILDKGIVIDAWARVSLVGIELLAIEARIVIAGVDTYLKYAEAVGLTAASAAP 70
                              9***************************************************************998876 PP

>> nat_35226954812d95b1eb87  
   #    score  bias  c-Evalue  i-Evalue hmmfrom  hmm to    alifrom  ali to    envfrom  env to     acc
 ---   ------ ----- --------- --------- ------- -------    ------- -------    ------- -------    ----
   1 !  129.1   2.2   2.8e-39     4e-39       1      72 [.       1      72 [.       1      81 [. 0.94

  Alignments for each domain:
  == domain 1  score: 129.1 bits;  conditional E-value: 2.8e-39
                      gvpa  1 mavekvsassslaevldrvLdkGvvidawvrvsLvGielltvearvvvasvdtyLkyaeavglteqaaltaa 72
                              ma+ek++as slaev+dr+LdkG+v+daw+rvsLvGiell++earvvva vdtyLkyaea+glt++a+ + a
  nat_35226954812d95b1eb87  1 MAIEKSAASNSLAEVIDRILDKGIVVDAWARVSLVGIELLAIEARVVVAGVDTYLKYAEAIGLTSNASEAVA 72
                              9*****************************************************************998754 PP

>> nat_2f457cd3e21794d77204  
   #    score  bias  c-Evalue  i-Evalue hmmfrom  hmm to    alifrom  ali to    envfrom  env to     acc
 ---   ------ ----- --------- --------- ------- -------    ------- -------    ------- -------    ----
   1 !  129.0   2.6   2.9e-39   4.1e-39       4      70 ..       1      67 [.       1      68 [] 0.98

  Alignments for each domain:
  == domain 1  score: 129.0 bits;  conditional E-value: 2.9e-39
                      gvpa  4 ekvsassslaevldrvLdkGvvidawvrvsLvGielltvearvvvasvdtyLkyaeavglteqaalt 70
                              ek+++ssslaev+dr+LdkG+vidaw+rvsLvGiell++earvv+asv+tyLkyaeavglt+ aa++
  nat_2f457cd3e21794d77204  1 EKTNSSSSLAEVIDRILDKGIVIDAWARVSLVGIELLAIEARVVIASVETYLKYAEAVGLTQSAAVP 67
                              899*************************************************************998 PP

>> nat_7b11238f75117cdf3b62  
   #    score  bias  c-Evalue  i-Evalue hmmfrom  hmm to    alifrom  ali to    envfrom  env to     acc
 ---   ------ ----- --------- --------- ------- -------    ------- -------    ------- -------    ----
   1 !  128.8   3.1   3.4e-39   4.8e-39       1      72 [.       1      72 [.       1      82 [. 0.93

  Alignments for each domain:
  == domain 1  score: 128.8 bits;  conditional E-value: 3.4e-39
                      gvpa  1 mavekvsassslaevldrvLdkGvvidawvrvsLvGielltvearvvvasvdtyLkyaeavglteqaaltaa 72
                              m v+k+++ssslaev+dr+LdkG+vida+vrvsLvGie+ltvearvv+asvdt+L+yaeavgl ++ a t++
  nat_7b11238f75117cdf3b62  1 MSVQKSTDSSSLAEVIDRILDKGIVIDAFVRVSLVGIEILTVEARVVIASVDTWLRYAEAVGLLSDEAETES 72
                              89*************************************************************998877753 PP

>> nat_5bc7120641a4b206dec6  
   #    score  bias  c-Evalue  i-Evalue hmmfrom  hmm to    alifrom  ali to    envfrom  env to     acc
 ---   ------ ----- --------- --------- ------- -------    ------- -------    ------- -------    ----
   1 !  128.8   3.1   3.3e-39   4.7e-39       1      69 [.       1      69 [.       1      72 [] 0.96

  Alignments for each domain:
  == domain 1  score: 128.8 bits;  conditional E-value: 3.3e-39
                      gvpa  1 mavekvsassslaevldrvLdkGvvidawvrvsLvGielltvearvvvasvdtyLkyaeavglteqaal 69
                              mavek++asssl+ev+dr+LdkGv idaw+rvsLvGiell++earvvvasvdt+Lkyaeavglt+ a+ 
  nat_5bc7120641a4b206dec6  1 MAVEKTNASSSLVEVIDRILDKGVCIDAWARVSLVGIELLAIEARVVVASVDTFLKYAEAVGLTTTATA 69
                              9***************************************************************98765 PP

>> nat_a5d09cc64cdab8bb3676  
   #    score  bias  c-Evalue  i-Evalue hmmfrom  hmm to    alifrom  ali to    envfrom  env to     acc
 ---   ------ ----- --------- --------- ------- -------    ------- -------    ------- -------    ----
   1 !  128.6   2.9   3.7e-39   5.4e-39       1      72 [.       1      72 [.       1      81 [. 0.94

  Alignments for each domain:
  == domain 1  score: 128.6 bits;  conditional E-value: 3.7e-39
                      gvpa  1 mavekvsassslaevldrvLdkGvvidawvrvsLvGielltvearvvvasvdtyLkyaeavglteqaaltaa 72
                              ma+ek++as slaev+dr+LdkG+v+daw+rvsLvGiell++earvvva vdtyLkyaea+glt++a+ + a
  nat_a5d09cc64cdab8bb3676  1 MAIEKSAASNSLAEVIDRILDKGIVVDAWARVSLVGIELLAIEARVVVAGVDTYLKYAEAIGLTSNASEAVA 72
                              9*****************************************************************998755 PP

>> nat_476885d73f2103224b29  
   #    score  bias  c-Evalue  i-Evalue hmmfrom  hmm to    alifrom  ali to    envfrom  env to     acc
 ---   ------ ----- --------- --------- ------- -------    ------- -------    ------- -------    ----
   1 !  128.0   3.0   5.8e-39   8.3e-39       1      71 [.       1      71 [.       1      80 [. 0.95

  Alignments for each domain:
  == domain 1  score: 128.0 bits;  conditional E-value: 5.8e-39
                      gvpa  1 mavekvsassslaevldrvLdkGvvidawvrvsLvGielltvearvvvasvdtyLkyaeavglteqaalta 71
                              ma+ek++as slaev+dr+LdkG+v+daw+rvsLvGiell++earvvva vdtyLkyaea+glt++a+ + 
  nat_476885d73f2103224b29  1 MAIEKSAASNSLAEVIDRILDKGIVVDAWARVSLVGIELLAIEARVVVAGVDTYLKYAEAIGLTSNASEAV 71
                              9****************************************************************998764 PP

>> nat_3b221cf38db8c67047e0  
   #    score  bias  c-Evalue  i-Evalue hmmfrom  hmm to    alifrom  ali to    envfrom  env to     acc
 ---   ------ ----- --------- --------- ------- -------    ------- -------    ------- -------    ----
   1 !  128.0   2.2   5.8e-39   8.4e-39       1      71 [.       1      71 [.       1      79 [. 0.93

  Alignments for each domain:
  == domain 1  score: 128.0 bits;  conditional E-value: 5.8e-39
                      gvpa  1 mavekvsassslaevldrvLdkGvvidawvrvsLvGielltvearvvvasvdtyLkyaeavglteqaalta 71
                              m v+k+++ssslaev+dr+LdkG+vida+vrvsLvGie+ltvearvv+asvdt+L+yaeavgl ++  + +
  nat_3b221cf38db8c67047e0  1 MSVQKSTDSSSLAEVIDRILDKGIVIDAFVRVSLVGIEILTVEARVVIASVDTWLRYAEAVGLLSDEGVKK 71
                              89*************************************************************99877654 PP

>> nat_8d6274f78693091697cf  
   #    score  bias  c-Evalue  i-Evalue hmmfrom  hmm to    alifrom  ali to    envfrom  env to     acc
 ---   ------ ----- --------- --------- ------- -------    ------- -------    ------- -------    ----
   1 !  128.1   5.0   5.7e-39   8.2e-39       1      68 [.       1      68 [.       1      70 [] 0.97

  Alignments for each domain:
  == domain 1  score: 128.1 bits;  conditional E-value: 5.7e-39
                      gvpa  1 mavekvsassslaevldrvLdkGvvidawvrvsLvGielltvearvvvasvdtyLkyaeavglteqaa 68
                              mavek++assslaev+dr+LdkG+vidawvrvsLvGiell+vearvvva vdtyLkyaeavglt  a+
  nat_8d6274f78693091697cf  1 MAVEKMNASSSLAEVVDRILDKGIVIDAWVRVSLVGIELLAVEARVVVAGVDTYLKYAEAVGLTAGAE 68
                              9***************************************************************9876 PP

>> nat_2708b2500f3eefced6c0  
   #    score  bias  c-Evalue  i-Evalue hmmfrom  hmm to    alifrom  ali to    envfrom  env to     acc
 ---   ------ ----- --------- --------- ------- -------    ------- -------    ------- -------    ----
   1 !  128.0   5.1     6e-39   8.7e-39       1      67 [.       1      67 [.       1      69 [] 0.97

  Alignments for each domain:
  == domain 1  score: 128.0 bits;  conditional E-value: 6e-39
                      gvpa  1 mavekvsassslaevldrvLdkGvvidawvrvsLvGielltvearvvvasvdtyLkyaeavglteqa 67
                              ma+ek++assslaev+dr+LdkG+v+dawvrvsLvGiell++earvvva vdtyLkyaeavglt  a
  nat_2708b2500f3eefced6c0  1 MAIEKMNASSSLAEVIDRILDKGIVVDAWVRVSLVGIELLAIEARVVVAGVDTYLKYAEAVGLTAAA 67
                              9**************************************************************9876 PP

>> nat_39cf0fd21702af1ff2b1  
   #    score  bias  c-Evalue  i-Evalue hmmfrom  hmm to    alifrom  ali to    envfrom  env to     acc
 ---   ------ ----- --------- --------- ------- -------    ------- -------    ------- -------    ----
   1 !  127.8   3.7   6.8e-39   9.8e-39       1      68 [.       1      68 [.       1      69 [] 0.98

  Alignments for each domain:
  == domain 1  score: 127.8 bits;  conditional E-value: 6.8e-39
                      gvpa  1 mavekvsassslaevldrvLdkGvvidawvrvsLvGielltvearvvvasvdtyLkyaeavglteqaa 68
                              mavek++asssl+ev+dr+LdkGvvidaw+rvsLvGiell++earvv+a v+tyLkyaeavglt qa+
  nat_39cf0fd21702af1ff2b1  1 MAVEKTNASSSLVEVIDRILDKGVVIDAWARVSLVGIELLAIEARVVLAGVETYLKYAEAVGLTAQAE 68
                              9****************************************************************997 PP

>> nat_c72edb773e9a92736861  
   #    score  bias  c-Evalue  i-Evalue hmmfrom  hmm to    alifrom  ali to    envfrom  env to     acc
 ---   ------ ----- --------- --------- ------- -------    ------- -------    ------- -------    ----
   1 !  127.8   5.9   6.9e-39   9.9e-39       1      69 [.       1      69 [.       1      71 [] 0.96

  Alignments for each domain:
  == domain 1  score: 127.8 bits;  conditional E-value: 6.9e-39
                      gvpa  1 mavekvsassslaevldrvLdkGvvidawvrvsLvGielltvearvvvasvdtyLkyaeavglteqaal 69
                              mavekv+assslaev+dr+LdkG+vidawvrvsLvGiell+vear+v+a vdtyLkyaeavglt  ++ 
  nat_c72edb773e9a92736861  1 MAVEKVNASSSLAEVVDRILDKGIVIDAWVRVSLVGIELLAVEARIVIAGVDTYLKYAEAVGLTASSSA 69
                              9***************************************************************98765 PP

>> nat_27cf1e5aac6ec3dd931d  
   #    score  bias  c-Evalue  i-Evalue hmmfrom  hmm to    alifrom  ali to    envfrom  env to     acc
 ---   ------ ----- --------- --------- ------- -------    ------- -------    ------- -------    ----
   1 !  127.7   2.0   7.4e-39   1.1e-38       6      73 ..       3      70 ..       1      76 [] 0.93

  Alignments for each domain:
  == domain 1  score: 127.7 bits;  conditional E-value: 7.4e-39
                      gvpa  6 vsassslaevldrvLdkGvvidawvrvsLvGielltvearvvvasvdtyLkyaeavglteqaaltaaa 73
                              +++ssslaevldrvLdkG+v+da++r+sLvGie+ltvearvvvasvdt+L+yae+++++eqa+lta a
  nat_27cf1e5aac6ec3dd931d  3 QPDSSSLAEVLDRVLDKGIVVDAFARISLVGIEILTVEARVVVASVDTFLHYAEEIAKIEQAELTARA 70
                              799**************************************************************877 PP

>> nat_a4c92b6223fd059e2236  
   #    score  bias  c-Evalue  i-Evalue hmmfrom  hmm to    alifrom  ali to    envfrom  env to     acc
 ---   ------ ----- --------- --------- ------- -------    ------- -------    ------- -------    ----
   1 !  127.6   1.8   8.1e-39   1.2e-38       1      69 [.       1      69 [.       1      78 [. 0.95

  Alignments for each domain:
  == domain 1  score: 127.6 bits;  conditional E-value: 8.1e-39
                      gvpa  1 mavekvsassslaevldrvLdkGvvidawvrvsLvGielltvearvvvasvdtyLkyaeavglteqaal 69
                              m ++k+++ssslaev+dr+LdkG+vida+vrvsLvGie+ltvearvv+asvdt+L+yaeavgl  + a+
  nat_a4c92b6223fd059e2236  1 MSIQKSTDSSSLAEVIDRILDKGIVIDAFVRVSLVGIEILTVEARVVIASVDTWLRYAEAVGLLADEAQ 69
                              89*************************************************************988765 PP

>> nat_ea5746ec582bf06f4e03  
   #    score  bias  c-Evalue  i-Evalue hmmfrom  hmm to    alifrom  ali to    envfrom  env to     acc
 ---   ------ ----- --------- --------- ------- -------    ------- -------    ------- -------    ----
   1 !  127.4   2.6   9.3e-39   1.3e-38       6      75 ..       3      72 .]       1      72 [] 0.97

  Alignments for each domain:
  == domain 1  score: 127.4 bits;  conditional E-value: 9.3e-39
                      gvpa  6 vsassslaevldrvLdkGvvidawvrvsLvGielltvearvvvasvdtyLkyaeavglteqaaltaaaee 75
                              +++ssslaevldrvLdkGvv+d+w+rvsLvGie+ltvearvv+asvdt+L+yae+++++eqa+lta+ae+
  nat_ea5746ec582bf06f4e03  3 QPDSSSLAEVLDRVLDKGVVVDIWARVSLVGIEILTVEARVVAASVDTFLHYAEEIAKIEQAELTAGAEA 72
                              799***************************************************************9985 PP

>> nat_b0f89cfe92498f0bbfbc  
   #    score  bias  c-Evalue  i-Evalue hmmfrom  hmm to    alifrom  ali to    envfrom  env to     acc
 ---   ------ ----- --------- --------- ------- -------    ------- -------    ------- -------    ----
   1 !  127.4   4.2   9.3e-39   1.3e-38       3      70 ..       4      71 ..       1      72 [] 0.96

  Alignments for each domain:
  == domain 1  score: 127.4 bits;  conditional E-value: 9.3e-39
                      gvpa  3 vekvsassslaevldrvLdkGvvidawvrvsLvGielltvearvvvasvdtyLkyaeavglteqaalt 70
                              v+k+++ssslaev+dr+LdkG+vidawv++sLvGiel+t+earvvvasv+tyLkyaeavglt+ aa +
  nat_b0f89cfe92498f0bbfbc  4 VQKSTDSSSLAEVVDRILDKGIVIDAWVKISLVGIELITIEARVVVASVETYLKYAEAVGLTSSAAAP 71
                              899*************************************************************9987 PP

>> nat_0bead889339fd4f049d1  
   #    score  bias  c-Evalue  i-Evalue hmmfrom  hmm to    alifrom  ali to    envfrom  env to     acc
 ---   ------ ----- --------- --------- ------- -------    ------- -------    ------- -------    ----
   1 !  127.1   2.9   1.1e-38   1.6e-38       1      67 [.       1      67 [.       1      80 [. 0.92

  Alignments for each domain:
  == domain 1  score: 127.1 bits;  conditional E-value: 1.1e-38
                      gvpa  1 mavekvsassslaevldrvLdkGvvidawvrvsLvGielltvearvvvasvdtyLkyaeavglteqa 67
                              ma++k+++ssslaev+dr+LdkG+vida+vrvsLvGie+ltvear+v+asvdt+L+yaeavgl  + 
  nat_0bead889339fd4f049d1  1 MAIQKSTDSSSLAEVIDRILDKGIVIDAFVRVSLVGIEILTVEARIVIASVDTWLRYAEAVGLLRDD 67
                              9*************************************************************98753 PP

>> nat_61a382d08777524701b3  
   #    score  bias  c-Evalue  i-Evalue hmmfrom  hmm to    alifrom  ali to    envfrom  env to     acc
 ---   ------ ----- --------- --------- ------- -------    ------- -------    ------- -------    ----
   1 !  127.2   2.0   1.1e-38   1.5e-38       6      75 ..       3      72 .]       1      72 [] 0.97

  Alignments for each domain:
  == domain 1  score: 127.2 bits;  conditional E-value: 1.1e-38
                      gvpa  6 vsassslaevldrvLdkGvvidawvrvsLvGielltvearvvvasvdtyLkyaeavglteqaaltaaaee 75
                              +++ssslaevldrvLdkG+v+d+++r+sLvGie+ltvearvvvasvdt+L+yae+++++eqa+lta+ae+
  nat_61a382d08777524701b3  3 QPDSSSLAEVLDRVLDKGIVVDTFARISLVGIEILTVEARVVVASVDTFLHYAEEIAKIEQAELTAGAEA 72
                              799***************************************************************9985 PP

>> nat_eccab6536bed142192aa  
   #    score  bias  c-Evalue  i-Evalue hmmfrom  hmm to    alifrom  ali to    envfrom  env to     acc
 ---   ------ ----- --------- --------- ------- -------    ------- -------    ------- -------    ----
   1 !  127.1   5.9   1.1e-38   1.6e-38       1      69 [.       1      69 [.       1      70 [] 0.98

  Alignments for each domain:
  == domain 1  score: 127.1 bits;  conditional E-value: 1.1e-38
                      gvpa  1 mavekvsassslaevldrvLdkGvvidawvrvsLvGielltvearvvvasvdtyLkyaeavglteqaal 69
                              mavek +assslaev+dr+LdkGvv+dawvrvsLvGiell+vearvvva vdtyLkyaeavglt  a++
  nat_eccab6536bed142192aa  1 MAVEKINASSSLAEVVDRILDKGVVVDAWVRVSLVGIELLAVEARVVVAGVDTYLKYAEAVGLTASAQT 69
                              9***************************************************************99876 PP

>> nat_c96b24fc03ee6b66c3d6  
   #    score  bias  c-Evalue  i-Evalue hmmfrom  hmm to    alifrom  ali to    envfrom  env to     acc
 ---   ------ ----- --------- --------- ------- -------    ------- -------    ------- -------    ----
   1 !  127.0   6.4   1.2e-38   1.8e-38       1      67 [.       1      67 [.       1      68 [] 0.98

  Alignments for each domain:
  == domain 1  score: 127.0 bits;  conditional E-value: 1.2e-38
                      gvpa  1 mavekvsassslaevldrvLdkGvvidawvrvsLvGielltvearvvvasvdtyLkyaeavglteqa 67
                              mavek+ +sssl+ev+dr+LdkGvv+dawvrvsLvGiell++earvvvasv+tyLkyaea+glt +a
  nat_c96b24fc03ee6b66c3d6  1 MAVEKTIGSSSLVEVIDRILDKGVVVDAWVRVSLVGIELLAIEARVVVASVETYLKYAEAIGLTAKA 67
                              9***************************************************************987 PP

>> nat_39abeace88875ff60285  
   #    score  bias  c-Evalue  i-Evalue hmmfrom  hmm to    alifrom  ali to    envfrom  env to     acc
 ---   ------ ----- --------- --------- ------- -------    ------- -------    ------- -------    ----
   1 !  126.9   1.8   1.3e-38   1.8e-38       1      68 [.       1      68 [.       1      79 [. 0.94

  Alignments for each domain:
  == domain 1  score: 126.9 bits;  conditional E-value: 1.3e-38
                      gvpa  1 mavekvsassslaevldrvLdkGvvidawvrvsLvGielltvearvvvasvdtyLkyaeavglteqaa 68
                              m ++k+++ssslaev+dr+LdkG+vida+vrvsLvGie+ltvearvv+asvdt+L+yaeavgl ++  
  nat_39abeace88875ff60285  1 MSIQKSTDSSSLAEVIDRILDKGIVIDAFVRVSLVGIEILTVEARVVIASVDTWLRYAEAVGLLSDEG 68
                              89*************************************************************98765 PP

>> nat_a97455c28a62de8f61f4  
   #    score  bias  c-Evalue  i-Evalue hmmfrom  hmm to    alifrom  ali to    envfrom  env to     acc
 ---   ------ ----- --------- --------- ------- -------    ------- -------    ------- -------    ----
   1 !  126.9   2.1   1.3e-38   1.8e-38       1      69 [.       1      69 [.       1      80 [. 0.94

  Alignments for each domain:
  == domain 1  score: 126.9 bits;  conditional E-value: 1.3e-38
                      gvpa  1 mavekvsassslaevldrvLdkGvvidawvrvsLvGielltvearvvvasvdtyLkyaeavglteqaal 69
                              ma++k+++ssslaev+dr+LdkG+vida++rvsLvGie+ltvearvv+asvdt+L+yaeavgl  + a 
  nat_a97455c28a62de8f61f4  1 MAIQKSTDSSSLAEVIDRILDKGIVIDAFARVSLVGIEILTVEARVVIASVDTWLRYAEAVGLLRDEAG 69
                              9**************************************************************988664 PP

>> nat_c8ff85651c16b5c02641  
   #    score  bias  c-Evalue  i-Evalue hmmfrom  hmm to    alifrom  ali to    envfrom  env to     acc
 ---   ------ ----- --------- --------- ------- -------    ------- -------    ------- -------    ----
   1 !  126.9   6.2   1.3e-38   1.9e-38       1      67 [.       1      67 [.       1      68 [] 0.98

  Alignments for each domain:
  == domain 1  score: 126.9 bits;  conditional E-value: 1.3e-38
                      gvpa  1 mavekvsassslaevldrvLdkGvvidawvrvsLvGielltvearvvvasvdtyLkyaeavglteqa 67
                              mavek+ +sssl+ev+dr+LdkGvv+dawvrvsLvGiell++ear+vvasv+tyLkyaea+glt +a
  nat_c8ff85651c16b5c02641  1 MAVEKTIGSSSLVEVIDRILDKGVVVDAWVRVSLVGIELLAIEARIVVASVETYLKYAEAIGLTAKA 67
                              9***************************************************************987 PP

>> nat_505ccb0a3946a89f0437  
   #    score  bias  c-Evalue  i-Evalue hmmfrom  hmm to    alifrom  ali to    envfrom  env to     acc
 ---   ------ ----- --------- --------- ------- -------    ------- -------    ------- -------    ----
   1 !  126.8   5.3   1.4e-38     2e-38       1      69 [.       1      69 [.       1      70 [] 0.97

  Alignments for each domain:
  == domain 1  score: 126.8 bits;  conditional E-value: 1.4e-38
                      gvpa  1 mavekvsassslaevldrvLdkGvvidawvrvsLvGielltvearvvvasvdtyLkyaeavglteqaal 69
                              mavek +assslaev+dr+LdkGvv+dawvrvsLvGiell+vearvvva vdtyLkyaeavglt  a++
  nat_505ccb0a3946a89f0437  1 MAVEKINASSSLAEVVDRILDKGVVVDAWVRVSLVGIELLAVEARVVVAGVDTYLKYAEAVGLTAGAQT 69
                              9***************************************************************98765 PP

>> nat_9d50c7bb916513aad226  
   #    score  bias  c-Evalue  i-Evalue hmmfrom  hmm to    alifrom  ali to    envfrom  env to     acc
 ---   ------ ----- --------- --------- ------- -------    ------- -------    ------- -------    ----
   1 !  126.8   3.1   1.4e-38   2.1e-38       1      68 [.       1      68 [.       1      80 [. 0.93

  Alignments for each domain:
  == domain 1  score: 126.8 bits;  conditional E-value: 1.4e-38
                      gvpa  1 mavekvsassslaevldrvLdkGvvidawvrvsLvGielltvearvvvasvdtyLkyaeavglteqaa 68
                              ma++k+++ssslaev+dr+LdkG+vida+vrvsLvGie+ltvear+v+asvdt+L+yaeavgl  +  
  nat_9d50c7bb916513aad226  1 MAIQKSTDSSSLAEVIDRILDKGIVIDAFVRVSLVGIEILTVEARIVIASVDTWLRYAEAVGLLRDDV 68
                              9*************************************************************987654 PP

>> nat_38a86b2caad8351d20f8  
   #    score  bias  c-Evalue  i-Evalue hmmfrom  hmm to    alifrom  ali to    envfrom  env to     acc
 ---   ------ ----- --------- --------- ------- -------    ------- -------    ------- -------    ----
   1 !  126.7   5.1   1.5e-38   2.2e-38       1      69 [.       1      69 [.       1      70 [] 0.97

  Alignments for each domain:
  == domain 1  score: 126.7 bits;  conditional E-value: 1.5e-38
                      gvpa  1 mavekvsassslaevldrvLdkGvvidawvrvsLvGielltvearvvvasvdtyLkyaeavglteqaal 69
                              mavek +assslaev+dr+LdkGvv+dawvrvsLvGiell+vearvv+a vdtyLkyaeavglt  a++
  nat_38a86b2caad8351d20f8  1 MAVEKINASSSLAEVVDRILDKGVVVDAWVRVSLVGIELLAVEARVVIAGVDTYLKYAEAVGLTAGAQT 69
                              9***************************************************************98765 PP

>> nat_819e640008ab1349cc70  
   #    score  bias  c-Evalue  i-Evalue hmmfrom  hmm to    alifrom  ali to    envfrom  env to     acc
 ---   ------ ----- --------- --------- ------- -------    ------- -------    ------- -------    ----
   1 !  126.7   4.2   1.5e-38   2.2e-38       1      63 [.       1      63 []       1      63 [] 0.99

  Alignments for each domain:
  == domain 1  score: 126.7 bits;  conditional E-value: 1.5e-38
                      gvpa  1 mavekvsassslaevldrvLdkGvvidawvrvsLvGielltvearvvvasvdtyLkyaeavgl 63
                              mavek+++ssslaev+dr+LdkG+vidaw+rvsLvGiell++earvv+asv+tyLkyaeavgl
  nat_819e640008ab1349cc70  1 MAVEKTNSSSSLAEVIDRILDKGIVIDAWARVSLVGIELLAIEARVVIASVETYLKYAEAVGL 63
                              9************************************************************96 PP

>> nat_e63cda87ab2705e419ab  
   #    score  bias  c-Evalue  i-Evalue hmmfrom  hmm to    alifrom  ali to    envfrom  env to     acc
 ---   ------ ----- --------- --------- ------- -------    ------- -------    ------- -------    ----
   1 !  126.6   1.8   1.6e-38   2.3e-38       1      67 [.       1      67 [.       1      81 [. 0.94

  Alignments for each domain:
  == domain 1  score: 126.6 bits;  conditional E-value: 1.6e-38
                      gvpa  1 mavekvsassslaevldrvLdkGvvidawvrvsLvGielltvearvvvasvdtyLkyaeavglteqa 67
                              m +ek+++ssslaev+dr+LdkG+vida++rvsLvGie+ltvearvv+asvdt+L+yaeavgl  + 
  nat_e63cda87ab2705e419ab  1 MSIEKTTDSSSLAEVIDRILDKGIVIDAYARVSLVGIEILTVEARVVIASVDTWLRYAEAVGLLRDE 67
                              89************************************************************99875 PP

>> nat_82d6c5940960b17a96d3  
   #    score  bias  c-Evalue  i-Evalue hmmfrom  hmm to    alifrom  ali to    envfrom  env to     acc
 ---   ------ ----- --------- --------- ------- -------    ------- -------    ------- -------    ----
   1 !  126.7   4.2   1.6e-38   2.3e-38       3      70 ..       4      71 ..       1      72 [] 0.96

  Alignments for each domain:
  == domain 1  score: 126.7 bits;  conditional E-value: 1.6e-38
                      gvpa  3 vekvsassslaevldrvLdkGvvidawvrvsLvGielltvearvvvasvdtyLkyaeavglteqaalt 70
                              v+k+++ssslaev+dr+LdkG+vidawv++sLvGiel+t+earvvvasv+tyLkyaeavglt  aa +
  nat_82d6c5940960b17a96d3  4 VQKSTDSSSLAEVVDRILDKGIVIDAWVKISLVGIELITIEARVVVASVETYLKYAEAVGLTASAAAP 71
                              899************************************************************99987 PP

>> nat_1e4bdf662135756f269c  
   #    score  bias  c-Evalue  i-Evalue hmmfrom  hmm to    alifrom  ali to    envfrom  env to     acc
 ---   ------ ----- --------- --------- ------- -------    ------- -------    ------- -------    ----
   1 !  126.5   2.2   1.7e-38   2.4e-38       1      68 [.       1      68 [.       1      78 [. 0.94

  Alignments for each domain:
  == domain 1  score: 126.5 bits;  conditional E-value: 1.7e-38
                      gvpa  1 mavekvsassslaevldrvLdkGvvidawvrvsLvGielltvearvvvasvdtyLkyaeavglteqaa 68
                              m ++k+++ssslaev+dr+LdkG+vida+vrvsLvGie+ltvearvv+asvdt+L+yaeavgl ++  
  nat_1e4bdf662135756f269c  1 MSIQKSTDSSSLAEVIDRILDKGIVIDAFVRVSLVGIEILTVEARVVIASVDTWLRYAEAVGLLSDEG 68
                              89*************************************************************98764 PP

>> nat_063ea39f372fcc47b854  
   #    score  bias  c-Evalue  i-Evalue hmmfrom  hmm to    alifrom  ali to    envfrom  env to     acc
 ---   ------ ----- --------- --------- ------- -------    ------- -------    ------- -------    ----
   1 !  126.6   4.3   1.6e-38   2.3e-38       3      70 ..       4      71 ..       1      72 [] 0.96

  Alignments for each domain:
  == domain 1  score: 126.6 bits;  conditional E-value: 1.6e-38
                      gvpa  3 vekvsassslaevldrvLdkGvvidawvrvsLvGielltvearvvvasvdtyLkyaeavglteqaalt 70
                              v+k+++ssslaev+dr+LdkG+vidawv+vsLvGiel+tvearvvvasv+tyLkyaeavglt  aa++
  nat_063ea39f372fcc47b854  4 VQKTTDSSSLAEVVDRILDKGIVIDAWVKVSLVGIELITVEARVVVASVETYLKYAEAVGLTASAATP 71
                              799**************************************************************998 PP

>> nat_dbc06e5fd5d989a1d1e4  
   #    score  bias  c-Evalue  i-Evalue hmmfrom  hmm to    alifrom  ali to    envfrom  env to     acc
 ---   ------ ----- --------- --------- ------- -------    ------- -------    ------- -------    ----
   1 !  126.5   1.8   1.7e-38   2.5e-38       1      68 [.       1      68 [.       1      82 [. 0.91

  Alignments for each domain:
  == domain 1  score: 126.5 bits;  conditional E-value: 1.7e-38
                      gvpa  1 mavekvsassslaevldrvLdkGvvidawvrvsLvGielltvearvvvasvdtyLkyaeavglteqaa 68
                              ma++k+++ssslaev+dr+LdkG+vida+vrvs+vGie+ltvearvv+asvdt+L+yaeavgl  +  
  nat_dbc06e5fd5d989a1d1e4  1 MAIQKSTDSSSLAEVIDRILDKGIVIDAFVRVSVVGIEILTVEARVVIASVDTWLRYAEAVGLLRDEV 68
                              9*************************************************************987654 PP

>> nat_a1131689eff9ccc2bc1c  
   #    score  bias  c-Evalue  i-Evalue hmmfrom  hmm to    alifrom  ali to    envfrom  env to     acc
 ---   ------ ----- --------- --------- ------- -------    ------- -------    ------- -------    ----
   1 !  126.5   6.1   1.8e-38   2.6e-38       1      68 [.       1      68 [.       1      70 [] 0.97

  Alignments for each domain:
  == domain 1  score: 126.5 bits;  conditional E-value: 1.8e-38
                      gvpa  1 mavekvsassslaevldrvLdkGvvidawvrvsLvGielltvearvvvasvdtyLkyaeavglteqaa 68
                              mavek +assslaev+dr+LdkGvv+dawvrvsLvGiell+vearvvva vdtyLkyaeavglt  a+
  nat_a1131689eff9ccc2bc1c  1 MAVEKINASSSLAEVVDRILDKGVVVDAWVRVSLVGIELLAVEARVVVAGVDTYLKYAEAVGLTASAQ 68
                              9***************************************************************9876 PP

>> nat_9dc637e90a7070ed00fe  
   #    score  bias  c-Evalue  i-Evalue hmmfrom  hmm to    alifrom  ali to    envfrom  env to     acc
 ---   ------ ----- --------- --------- ------- -------    ------- -------    ------- -------    ----
   1 !  126.4   1.6   1.9e-38   2.7e-38       1      68 [.       1      68 [.       1      81 [. 0.92

  Alignments for each domain:
  == domain 1  score: 126.4 bits;  conditional E-value: 1.9e-38
                      gvpa  1 mavekvsassslaevldrvLdkGvvidawvrvsLvGielltvearvvvasvdtyLkyaeavglteqaa 68
                              m ++k+++ssslaev+dr+LdkG+vida++rvsLvGie+ltvearvv+asvdt+L+yaeavgl  +  
  nat_9dc637e90a7070ed00fe  1 MSIQKSNDSSSLAEVIDRILDKGIVIDAFARVSLVGIEILTVEARVVIASVDTWLRYAEAVGLLRDEV 68
                              89************************************************************998754 PP

>> nat_ce3165ca201b0c8e2c6c  
   #    score  bias  c-Evalue  i-Evalue hmmfrom  hmm to    alifrom  ali to    envfrom  env to     acc
 ---   ------ ----- --------- --------- ------- -------    ------- -------    ------- -------    ----
   1 !  126.4   1.6   1.9e-38   2.7e-38       1      68 [.       1      68 [.       1      81 [. 0.92

  Alignments for each domain:
  == domain 1  score: 126.4 bits;  conditional E-value: 1.9e-38
                      gvpa  1 mavekvsassslaevldrvLdkGvvidawvrvsLvGielltvearvvvasvdtyLkyaeavglteqaa 68
                              m ++k+++ssslaev+dr+LdkG+vida++rvsLvGie+ltvearvv+asvdt+L+yaeavgl  +  
  nat_ce3165ca201b0c8e2c6c  1 MSIQKSNDSSSLAEVIDRILDKGIVIDAFARVSLVGIEILTVEARVVIASVDTWLRYAEAVGLLRDEV 68
                              89************************************************************998754 PP

>> nat_8a83398f0d99493d45ad  
   #    score  bias  c-Evalue  i-Evalue hmmfrom  hmm to    alifrom  ali to    envfrom  env to     acc
 ---   ------ ----- --------- --------- ------- -------    ------- -------    ------- -------    ----
   1 !  126.4   1.8   1.9e-38   2.7e-38       1      67 [.       1      67 [.       1      80 [. 0.94

  Alignments for each domain:
  == domain 1  score: 126.4 bits;  conditional E-value: 1.9e-38
                      gvpa  1 mavekvsassslaevldrvLdkGvvidawvrvsLvGielltvearvvvasvdtyLkyaeavglteqa 67
                              m ++k+++ssslaev+dr+LdkG+vida+vrvsLvGie+ltvearvv+asvdt+L+yaeavgl  + 
  nat_8a83398f0d99493d45ad  1 MSIQKSTDSSSLAEVIDRILDKGIVIDAFVRVSLVGIEILTVEARVVIASVDTWLRYAEAVGLLRDE 67
                              89************************************************************98764 PP

>> nat_9f8db13e803cecc901b7  
   #    score  bias  c-Evalue  i-Evalue hmmfrom  hmm to    alifrom  ali to    envfrom  env to     acc
 ---   ------ ----- --------- --------- ------- -------    ------- -------    ------- -------    ----
   1 !  126.4   5.4   1.9e-38   2.7e-38       1      68 [.       1      68 [.       1      70 [] 0.97

  Alignments for each domain:
  == domain 1  score: 126.4 bits;  conditional E-value: 1.9e-38
                      gvpa  1 mavekvsassslaevldrvLdkGvvidawvrvsLvGielltvearvvvasvdtyLkyaeavglteqaa 68
                              mavek +assslaev+dr+LdkGvv+dawvrvsLvGiell++earvvva vdtyLkyaeavglt  a+
  nat_9f8db13e803cecc901b7  1 MAVEKINASSSLAEVVDRILDKGVVVDAWVRVSLVGIELLAIEARVVVAGVDTYLKYAEAVGLTAGAQ 68
                              9**************************************************************98765 PP

>> nat_7d765791e125072d99a7  
   #    score  bias  c-Evalue  i-Evalue hmmfrom  hmm to    alifrom  ali to    envfrom  env to     acc
 ---   ------ ----- --------- --------- ------- -------    ------- -------    ------- -------    ----
   1 !  126.4   5.3   1.9e-38   2.7e-38       1      67 [.       1      67 [.       1      68 [] 0.98

  Alignments for each domain:
  == domain 1  score: 126.4 bits;  conditional E-value: 1.9e-38
                      gvpa  1 mavekvsassslaevldrvLdkGvvidawvrvsLvGielltvearvvvasvdtyLkyaeavglteqa 67
                              mavek+ +sssl+ev+dr+LdkG+vidaw+rvsLvGiell+vearvvvasv+tyLkyaea+glt +a
  nat_7d765791e125072d99a7  1 MAVEKTMGSSSLVEVVDRILDKGIVIDAWARVSLVGIELLAVEARVVVASVETYLKYAEAIGLTARA 67
                              9***************************************************************987 PP

>> nat_0844cfaee9f234d540b5  
   #    score  bias  c-Evalue  i-Evalue hmmfrom  hmm to    alifrom  ali to    envfrom  env to     acc
 ---   ------ ----- --------- --------- ------- -------    ------- -------    ------- -------    ----
   1 !  126.4   2.0   1.9e-38   2.8e-38       1      67 [.       1      67 [.       1      80 [. 0.94

  Alignments for each domain:
  == domain 1  score: 126.4 bits;  conditional E-value: 1.9e-38
                      gvpa  1 mavekvsassslaevldrvLdkGvvidawvrvsLvGielltvearvvvasvdtyLkyaeavglteqa 67
                              m v+k+++ssslaev+dr+LdkG+vida+vrvsLvGie+ltvearvv+asvdt+L+yaeavgl  + 
  nat_0844cfaee9f234d540b5  1 MSVQKSTDSSSLAEVIDRILDKGIVIDAFVRVSLVGIEILTVEARVVIASVDTWLRYAEAVGLLRDG 67
                              89************************************************************99875 PP

>> nat_1ed909a554bd91f8870f  
   #    score  bias  c-Evalue  i-Evalue hmmfrom  hmm to    alifrom  ali to    envfrom  env to     acc
 ---   ------ ----- --------- --------- ------- -------    ------- -------    ------- -------    ----
   1 !  126.3   1.8     2e-38   2.8e-38       6      74 ..       3      71 ..       1      73 [] 0.95

  Alignments for each domain:
  == domain 1  score: 126.3 bits;  conditional E-value: 2e-38
                      gvpa  6 vsassslaevldrvLdkGvvidawvrvsLvGielltvearvvvasvdtyLkyaeavglteqaaltaaae 74
                              +++ssslaevldrvLdkGvv+da++r+sLvGie+ltvearvvvasvdt+L+yae+++++eqa+l+a+a 
  nat_1ed909a554bd91f8870f  3 QPDSSSLAEVLDRVLDKGVVVDAFARISLVGIEILTVEARVVVASVDTFLHYAEEIAKIEQAELAATAP 71
                              799*************************************************************98874 PP

>> nat_0b3996e134f02f495b8f  
   #    score  bias  c-Evalue  i-Evalue hmmfrom  hmm to    alifrom  ali to    envfrom  env to     acc
 ---   ------ ----- --------- --------- ------- -------    ------- -------    ------- -------    ----
   1 !  126.3   1.6     2e-38   2.9e-38       1      68 [.       1      68 [.       1      81 [. 0.93

  Alignments for each domain:
  == domain 1  score: 126.3 bits;  conditional E-value: 2e-38
                      gvpa  1 mavekvsassslaevldrvLdkGvvidawvrvsLvGielltvearvvvasvdtyLkyaeavglteqaa 68
                              m ++k+++ssslaev+dr+LdkG+vida++rvsLvGie+lt+earvv+asvdt+L+yaeavgl  +  
  nat_0b3996e134f02f495b8f  1 MSIQKSNDSSSLAEVIDRILDKGIVIDAFARVSLVGIEILTIEARVVIASVDTWLRYAEAVGLLRDEV 68
                              89************************************************************998754 PP

>> nat_f872efd67a56d21a6340  
   #    score  bias  c-Evalue  i-Evalue hmmfrom  hmm to    alifrom  ali to    envfrom  env to     acc
 ---   ------ ----- --------- --------- ------- -------    ------- -------    ------- -------    ----
   1 !  126.3   4.4     2e-38   2.8e-38       3      70 ..       4      71 ..       1      72 [] 0.96

  Alignments for each domain:
  == domain 1  score: 126.3 bits;  conditional E-value: 2e-38
                      gvpa  3 vekvsassslaevldrvLdkGvvidawvrvsLvGielltvearvvvasvdtyLkyaeavglteqaalt 70
                              v+k+++ssslaev+dr+LdkG+vidawv+vsLvGiel+t+earvvvasv+tyLkyaeavglt  aa +
  nat_f872efd67a56d21a6340  4 VQKSTDSSSLAEVVDRILDKGIVIDAWVKVSLVGIELITIEARVVVASVETYLKYAEAVGLTASAAAP 71
                              899************************************************************99987 PP

>> nat_01217a4061546de4f423  
   #    score  bias  c-Evalue  i-Evalue hmmfrom  hmm to    alifrom  ali to    envfrom  env to     acc
 ---   ------ ----- --------- --------- ------- -------    ------- -------    ------- -------    ----
   1 !  126.3   1.9     2e-38   2.9e-38       1      67 [.       1      67 [.       1      79 [. 0.94

  Alignments for each domain:
  == domain 1  score: 126.3 bits;  conditional E-value: 2e-38
                      gvpa  1 mavekvsassslaevldrvLdkGvvidawvrvsLvGielltvearvvvasvdtyLkyaeavglteqa 67
                              m ++k+++ssslaev+dr+LdkG+vida+vrvsLvGie+ltvearvv+asvdt+L+yaeavgl  + 
  nat_01217a4061546de4f423  1 MSIQKSTDSSSLAEVIDRILDKGIVIDAFVRVSLVGIEILTVEARVVIASVDTWLRYAEAVGLLRDE 67
                              89************************************************************98764 PP

>> nat_271291dc0f72accfac60  
   #    score  bias  c-Evalue  i-Evalue hmmfrom  hmm to    alifrom  ali to    envfrom  env to     acc
 ---   ------ ----- --------- --------- ------- -------    ------- -------    ------- -------    ----
   1 !  126.3   2.2   2.1e-38     3e-38       1      67 [.       1      67 [.       1      81 [. 0.94

  Alignments for each domain:
  == domain 1  score: 126.3 bits;  conditional E-value: 2.1e-38
                      gvpa  1 mavekvsassslaevldrvLdkGvvidawvrvsLvGielltvearvvvasvdtyLkyaeavglteqa 67
                              m v+k+++ssslaev+dr+LdkG+vida+vrvsLvGie+ltvearvv+asvdt+L+yaeavgl  + 
  nat_271291dc0f72accfac60  1 MSVQKSTDSSSLAEVIDRILDKGIVIDAFVRVSLVGIEILTVEARVVIASVDTWLRYAEAVGLLRDE 67
                              89************************************************************99775 PP

>> nat_2ffb0e155508e140dfbe  
   #    score  bias  c-Evalue  i-Evalue hmmfrom  hmm to    alifrom  ali to    envfrom  env to     acc
 ---   ------ ----- --------- --------- ------- -------    ------- -------    ------- -------    ----
   1 !  126.2   1.8   2.2e-38   3.1e-38       1      68 [.       1      68 [.       1      80 [. 0.93

  Alignments for each domain:
  == domain 1  score: 126.2 bits;  conditional E-value: 2.2e-38
                      gvpa  1 mavekvsassslaevldrvLdkGvvidawvrvsLvGielltvearvvvasvdtyLkyaeavglteqaa 68
                              m ++k+++ssslaev+dr+LdkG+vida++rvsLvGie+ltvearvv+asvdt+L+yaeavgl  +  
  nat_2ffb0e155508e140dfbe  1 MSIQKSNDSSSLAEVIDRILDKGIVIDAFARVSLVGIEILTVEARVVIASVDTWLRYAEAVGLLRDEV 68
                              89************************************************************998754 PP

>> nat_2c2604728bdef8750aec  
   #    score  bias  c-Evalue  i-Evalue hmmfrom  hmm to    alifrom  ali to    envfrom  env to     acc
 ---   ------ ----- --------- --------- ------- -------    ------- -------    ------- -------    ----
   1 !  126.3   3.4   2.1e-38     3e-38       3      70 ..       4      71 ..       1      72 [] 0.96

  Alignments for each domain:
  == domain 1  score: 126.3 bits;  conditional E-value: 2.1e-38
                      gvpa  3 vekvsassslaevldrvLdkGvvidawvrvsLvGielltvearvvvasvdtyLkyaeavglteqaalt 70
                              v+k+++ssslaev+dr+LdkG+vidawv+vsLvGiell++earvv+asv+tyLkyaea+glt  aa++
  nat_2c2604728bdef8750aec  4 VQKSTDSSSLAEVVDRILDKGIVIDAWVKVSLVGIELLSIEARVVIASVETYLKYAEAIGLTASAATP 71
                              899**************************************************************998 PP

>> nat_d43d1d5ec03e055dcf06  
   #    score  bias  c-Evalue  i-Evalue hmmfrom  hmm to    alifrom  ali to    envfrom  env to     acc
 ---   ------ ----- --------- --------- ------- -------    ------- -------    ------- -------    ----
   1 !  126.2   5.6   2.2e-38   3.1e-38       1      68 [.       1      68 [.       1      70 [] 0.97

  Alignments for each domain:
  == domain 1  score: 126.2 bits;  conditional E-value: 2.2e-38
                      gvpa  1 mavekvsassslaevldrvLdkGvvidawvrvsLvGielltvearvvvasvdtyLkyaeavglteqaa 68
                              mavek +assslaev+dr+LdkGvv+dawvrvsLvGiell+vearvvva vdtyLkyaeavglt  a+
  nat_d43d1d5ec03e055dcf06  1 MAVEKINASSSLAEVVDRILDKGVVVDAWVRVSLVGIELLAVEARVVVAGVDTYLKYAEAVGLTAGAQ 68
                              9**************************************************************98765 PP

>> nat_4ce0c5155ea4669922bc  
   #    score  bias  c-Evalue  i-Evalue hmmfrom  hmm to    alifrom  ali to    envfrom  env to     acc
 ---   ------ ----- --------- --------- ------- -------    ------- -------    ------- -------    ----
   1 !  126.1   1.9   2.3e-38   3.3e-38       1      68 [.       1      68 [.       1      80 [. 0.92

  Alignments for each domain:
  == domain 1  score: 126.1 bits;  conditional E-value: 2.3e-38
                      gvpa  1 mavekvsassslaevldrvLdkGvvidawvrvsLvGielltvearvvvasvdtyLkyaeavglteqaa 68
                              m ++k+++ssslaev+dr+LdkG+vida++rvsLvGie+lt+earvv+asvdt+L+yaeavgl  +  
  nat_4ce0c5155ea4669922bc  1 MSIQKSNDSSSLAEVIDRILDKGIVIDAFARVSLVGIEILTIEARVVIASVDTWLRYAEAVGLLRDEV 68
                              89************************************************************998754 PP

>> nat_c306fc2a612dcf796388  
   #    score  bias  c-Evalue  i-Evalue hmmfrom  hmm to    alifrom  ali to    envfrom  env to     acc
 ---   ------ ----- --------- --------- ------- -------    ------- -------    ------- -------    ----
   1 !  126.1   1.9   2.3e-38   3.3e-38       1      68 [.       1      68 [.       1      80 [. 0.92

  Alignments for each domain:
  == domain 1  score: 126.1 bits;  conditional E-value: 2.3e-38
                      gvpa  1 mavekvsassslaevldrvLdkGvvidawvrvsLvGielltvearvvvasvdtyLkyaeavglteqaa 68
                              m ++k+++ssslaev+dr+LdkG+vida++rvsLvGie+lt+earvv+asvdt+L+yaeavgl  +  
  nat_c306fc2a612dcf796388  1 MSIQKSNDSSSLAEVIDRILDKGIVIDAFARVSLVGIEILTIEARVVIASVDTWLRYAEAVGLLRDEV 68
                              89************************************************************998754 PP

>> nat_ddd28b4f0183c6c3a6e1  
   #    score  bias  c-Evalue  i-Evalue hmmfrom  hmm to    alifrom  ali to    envfrom  env to     acc
 ---   ------ ----- --------- --------- ------- -------    ------- -------    ------- -------    ----
   1 !  126.1   1.9   2.3e-38   3.3e-38       1      68 [.       1      68 [.       1      80 [. 0.92

  Alignments for each domain:
  == domain 1  score: 126.1 bits;  conditional E-value: 2.3e-38
                      gvpa  1 mavekvsassslaevldrvLdkGvvidawvrvsLvGielltvearvvvasvdtyLkyaeavglteqaa 68
                              m ++k+++ssslaev+dr+LdkG+vida++rvsLvGie+lt+earvv+asvdt+L+yaeavgl  +  
  nat_ddd28b4f0183c6c3a6e1  1 MSIQKSNDSSSLAEVIDRILDKGIVIDAFARVSLVGIEILTIEARVVIASVDTWLRYAEAVGLLRDEV 68
                              89************************************************************998754 PP

>> nat_70e619942db9ffc2c9b7  
   #    score  bias  c-Evalue  i-Evalue hmmfrom  hmm to    alifrom  ali to    envfrom  env to     acc
 ---   ------ ----- --------- --------- ------- -------    ------- -------    ------- -------    ----
   1 !  126.1   1.9   2.3e-38   3.4e-38       1      68 [.       1      68 [.       1      80 [. 0.93

  Alignments for each domain:
  == domain 1  score: 126.1 bits;  conditional E-value: 2.3e-38
                      gvpa  1 mavekvsassslaevldrvLdkGvvidawvrvsLvGielltvearvvvasvdtyLkyaeavglteqaa 68
                              m ++k+++ssslaev+dr+LdkG+vida++rvsLvGie+ltvearvv+asvdt+L+yaeavgl  +  
  nat_70e619942db9ffc2c9b7  1 MSIQKSNDSSSLAEVIDRILDKGIVIDAFARVSLVGIEILTVEARVVIASVDTWLRYAEAVGLLRDEV 68
                              89************************************************************998754 PP

>> nat_8a3f5134cee921bb3c9c  
   #    score  bias  c-Evalue  i-Evalue hmmfrom  hmm to    alifrom  ali to    envfrom  env to     acc
 ---   ------ ----- --------- --------- ------- -------    ------- -------    ------- -------    ----
   1 !  126.1   1.9   2.3e-38   3.3e-38       1      68 [.       1      68 [.       1      80 [. 0.92

  Alignments for each domain:
  == domain 1  score: 126.1 bits;  conditional E-value: 2.3e-38
                      gvpa  1 mavekvsassslaevldrvLdkGvvidawvrvsLvGielltvearvvvasvdtyLkyaeavglteqaa 68
                              m ++k+++ssslaev+dr+LdkG+vida++rvsLvGie+lt+earvv+asvdt+L+yaeavgl  +  
  nat_8a3f5134cee921bb3c9c  1 MSIQKSNDSSSLAEVIDRILDKGIVIDAFARVSLVGIEILTIEARVVIASVDTWLRYAEAVGLLRDEV 68
                              89************************************************************998754 PP

>> nat_4ba0a2c8ff48af80e17e  
   #    score  bias  c-Evalue  i-Evalue hmmfrom  hmm to    alifrom  ali to    envfrom  env to     acc
 ---   ------ ----- --------- --------- ------- -------    ------- -------    ------- -------    ----
   1 !  126.1   3.8   2.3e-38   3.3e-38       1      70 [.       1      70 [.       1      71 [] 0.98

  Alignments for each domain:
  == domain 1  score: 126.1 bits;  conditional E-value: 2.3e-38
                      gvpa  1 mavekvsassslaevldrvLdkGvvidawvrvsLvGielltvearvvvasvdtyLkyaeavglteqaalt 70
                              mavek+++ssslaev+dr+Ldk  v+dawvrvsLvGiell++ear+v+asv+tyLkyaeavgl + aa++
  nat_4ba0a2c8ff48af80e17e  1 MAVEKTNSSSSLAEVIDRILDKSTVVDAWVRVSLVGIELLAIEARIVIASVETYLKYAEAVGLRQSAAVP 70
                              9****************************************************************99998 PP

>> nat_1b1d36a4acc8ad9c6342  
   #    score  bias  c-Evalue  i-Evalue hmmfrom  hmm to    alifrom  ali to    envfrom  env to     acc
 ---   ------ ----- --------- --------- ------- -------    ------- -------    ------- -------    ----
   1 !  126.1   1.5   2.4e-38   3.4e-38       1      67 [.       1      67 [.       1      80 [. 0.92

  Alignments for each domain:
  == domain 1  score: 126.1 bits;  conditional E-value: 2.4e-38
                      gvpa  1 mavekvsassslaevldrvLdkGvvidawvrvsLvGielltvearvvvasvdtyLkyaeavglteqa 67
                              m ++k+++ssslaev+dr+LdkG+vida++rvsLvGie+lt+earvv+asvdt+L+yaeavgl ++ 
  nat_1b1d36a4acc8ad9c6342  1 MSIQKSTDSSSLAEVIDRILDKGIVIDAFARVSLVGIEILTIEARVVIASVDTWLRYAEAVGLLTDQ 67
                              89************************************************************87654 PP

>> nat_b07305ca6f722d02988a  
   #    score  bias  c-Evalue  i-Evalue hmmfrom  hmm to    alifrom  ali to    envfrom  env to     acc
 ---   ------ ----- --------- --------- ------- -------    ------- -------    ------- -------    ----
   1 !  126.1   4.6   2.4e-38   3.4e-38       1      70 [.       1      70 [.       1      71 [] 0.98

  Alignments for each domain:
  == domain 1  score: 126.1 bits;  conditional E-value: 2.4e-38
                      gvpa  1 mavekvsassslaevldrvLdkGvvidawvrvsLvGielltvearvvvasvdtyLkyaeavglteqaalt 70
                              mavek++asssl+ev+dr+LdkGvv+daw+rvsLvGiell+vearvv+a vdtyLkyaeavglt  a++t
  nat_b07305ca6f722d02988a  1 MAVEKTNASSSLVEVVDRILDKGVVVDAWARVSLVGIELLAVEARVVLAGVDTYLKYAEAVGLTATATTT 70
                              9****************************************************************99987 PP

>> nat_fa70cf643277a18d9353  
   #    score  bias  c-Evalue  i-Evalue hmmfrom  hmm to    alifrom  ali to    envfrom  env to     acc
 ---   ------ ----- --------- --------- ------- -------    ------- -------    ------- -------    ----
   1 !  126.1   4.3   2.4e-38   3.4e-38       1      63 [.       1      63 []       1      63 [] 0.99

  Alignments for each domain:
  == domain 1  score: 126.1 bits;  conditional E-value: 2.4e-38
                      gvpa  1 mavekvsassslaevldrvLdkGvvidawvrvsLvGielltvearvvvasvdtyLkyaeavgl 63
                              mavek+++ssslaev+dr+LdkG+vidawvrvsLvGiell++earvv+asv+tyLkyaeavgl
  nat_fa70cf643277a18d9353  1 MAVEKTNSSSSLAEVIDRILDKGIVIDAWVRVSLVGIELLALEARVVIASVETYLKYAEAVGL 63
                              9************************************************************96 PP

>> nat_ec71caa9aa98b279110d  
   #    score  bias  c-Evalue  i-Evalue hmmfrom  hmm to    alifrom  ali to    envfrom  env to     acc
 ---   ------ ----- --------- --------- ------- -------    ------- -------    ------- -------    ----
   1 !  126.0   2.7   2.5e-38   3.5e-38       1      68 [.       1      68 [.       1      79 [. 0.93

  Alignments for each domain:
  == domain 1  score: 126.0 bits;  conditional E-value: 2.5e-38
                      gvpa  1 mavekvsassslaevldrvLdkGvvidawvrvsLvGielltvearvvvasvdtyLkyaeavglteqaa 68
                              m v+k+++ssslaev+dr+LdkG+vida+vrvsLvGie+ltvearvv+asvdt+L+yaeavgl  +  
  nat_ec71caa9aa98b279110d  1 MSVQKSTDSSSLAEVIDRILDKGIVIDAFVRVSLVGIEILTVEARVVIASVDTWLRYAEAVGLLRDEV 68
                              89************************************************************997754 PP

>> nat_dda877b0008607a0fc71  
   #    score  bias  c-Evalue  i-Evalue hmmfrom  hmm to    alifrom  ali to    envfrom  env to     acc
 ---   ------ ----- --------- --------- ------- -------    ------- -------    ------- -------    ----
   1 !  126.1   3.5   2.4e-38   3.4e-38       3      70 ..       4      71 ..       1      72 [] 0.96

  Alignments for each domain:
  == domain 1  score: 126.1 bits;  conditional E-value: 2.4e-38
                      gvpa  3 vekvsassslaevldrvLdkGvvidawvrvsLvGielltvearvvvasvdtyLkyaeavglteqaalt 70
                              v+k+++ssslaev+dr+LdkG+vidawv+vsLvGiell++earvv+asv+tyLkyaea+glt+ aa +
  nat_dda877b0008607a0fc71  4 VQKSTDSSSLAEVVDRILDKGIVIDAWVKVSLVGIELLSIEARVVIASVETYLKYAEAIGLTSSAAAP 71
                              899*************************************************************9987 PP

>> nat_b7662fa2f5d44aa0d6b4  
   #    score  bias  c-Evalue  i-Evalue hmmfrom  hmm to    alifrom  ali to    envfrom  env to     acc
 ---   ------ ----- --------- --------- ------- -------    ------- -------    ------- -------    ----
   1 !  126.1   3.4   2.4e-38   3.4e-38       3      70 ..       4      71 ..       1      72 [] 0.96

  Alignments for each domain:
  == domain 1  score: 126.1 bits;  conditional E-value: 2.4e-38
                      gvpa  3 vekvsassslaevldrvLdkGvvidawvrvsLvGielltvearvvvasvdtyLkyaeavglteqaalt 70
                              ++k+++ssslaev+dr+LdkG+vidawv+vsLvGiell+vearvv+asv+tyLkyaea+glt  aa++
  nat_b7662fa2f5d44aa0d6b4  4 IQKSTDSSSLAEVVDRILDKGIVIDAWVKVSLVGIELLSVEARVVIASVETYLKYAEAIGLTASAATP 71
                              799**************************************************************998 PP

>> nat_ed3338aeeaf3197e41d9  
   #    score  bias  c-Evalue  i-Evalue hmmfrom  hmm to    alifrom  ali to    envfrom  env to     acc
 ---   ------ ----- --------- --------- ------- -------    ------- -------    ------- -------    ----
   1 !  126.0   5.7   2.5e-38   3.5e-38       1      67 [.       1      67 [.       1      68 [] 0.98

  Alignments for each domain:
  == domain 1  score: 126.0 bits;  conditional E-value: 2.5e-38
                      gvpa  1 mavekvsassslaevldrvLdkGvvidawvrvsLvGielltvearvvvasvdtyLkyaeavglteqa 67
                              mavek+ +sssl+ev+dr+LdkGvv+dawvr+sLvGiell++earvvvasv+tyLkyaea+glt +a
  nat_ed3338aeeaf3197e41d9  1 MAVEKTIGSSSLVEVIDRILDKGVVVDAWVRMSLVGIELLAIEARVVVASVETYLKYAEAIGLTAKA 67
                              9***************************************************************987 PP

>> nat_13b468f1d3a3dbb11fa2  
   #    score  bias  c-Evalue  i-Evalue hmmfrom  hmm to    alifrom  ali to    envfrom  env to     acc
 ---   ------ ----- --------- --------- ------- -------    ------- -------    ------- -------    ----
   1 !  126.0   2.1   2.6e-38   3.7e-38       1      68 [.       1      68 [.       1      80 [. 0.92

  Alignments for each domain:
  == domain 1  score: 126.0 bits;  conditional E-value: 2.6e-38
                      gvpa  1 mavekvsassslaevldrvLdkGvvidawvrvsLvGielltvearvvvasvdtyLkyaeavglteqaa 68
                              m ++k+++ssslaev+dr+LdkG+vida++rvsLvGie+ltvearvv+asvdt+L+yaeavgl  +  
  nat_13b468f1d3a3dbb11fa2  1 MSIQKSNDSSSLAEVIDRILDKGIVIDAFARVSLVGIEILTVEARVVIASVDTWLRYAEAVGLLRDEV 68
                              89************************************************************998754 PP

>> nat_18142d35413b7350d3c4  
   #    score  bias  c-Evalue  i-Evalue hmmfrom  hmm to    alifrom  ali to    envfrom  env to     acc
 ---   ------ ----- --------- --------- ------- -------    ------- -------    ------- -------    ----
   1 !  125.9   2.4   2.6e-38   3.8e-38       1      67 [.       1      67 [.       1      79 [. 0.94

  Alignments for each domain:
  == domain 1  score: 125.9 bits;  conditional E-value: 2.6e-38
                      gvpa  1 mavekvsassslaevldrvLdkGvvidawvrvsLvGielltvearvvvasvdtyLkyaeavglteqa 67
                              ma++k+++ssslaev+dr+LdkG+vida+vrvs+vGie+ltvearvv+asvdt+L+yaeavgl ++ 
  nat_18142d35413b7350d3c4  1 MAIQKSTDSSSLAEVIDRILDKGIVIDAFVRVSVVGIEILTVEARVVIASVDTWLRYAEAVGLLSDE 67
                              9**************************************************************9875 PP

>> nat_63f804d4a54dfefdba01  
   #    score  bias  c-Evalue  i-Evalue hmmfrom  hmm to    alifrom  ali to    envfrom  env to     acc
 ---   ------ ----- --------- --------- ------- -------    ------- -------    ------- -------    ----
   1 !  126.0   3.3   2.5e-38   3.6e-38       7      70 ..       2      65 ..       1      66 [] 0.97

  Alignments for each domain:
  == domain 1  score: 126.0 bits;  conditional E-value: 2.5e-38
                      gvpa  7 sassslaevldrvLdkGvvidawvrvsLvGielltvearvvvasvdtyLkyaeavglteqaalt 70
                              ++ssslaev+dr+LdkG+vidawvrvsLvGiell++ear+v+asv+tyLkyaeavglt+ aa++
  nat_63f804d4a54dfefdba01  2 NSSSSLAEVIDRILDKGIVIDAWVRVSLVGIELLAIEARIVIASVETYLKYAEAVGLTQSAAVP 65
                              79***********************************************************998 PP

>> nat_81c3c33e1052ca11c9fd  
   #    score  bias  c-Evalue  i-Evalue hmmfrom  hmm to    alifrom  ali to    envfrom  env to     acc
 ---   ------ ----- --------- --------- ------- -------    ------- -------    ------- -------    ----
   1 !  125.9   2.0   2.7e-38   3.9e-38       1      73 [.       1      73 [.       1      81 [. 0.92

  Alignments for each domain:
  == domain 1  score: 125.9 bits;  conditional E-value: 2.7e-38
                      gvpa  1 mavekvsassslaevldrvLdkGvvidawvrvsLvGielltvearvvvasvdtyLkyaeavglteqaaltaaa 73
                              mav+k+++ssslaev+dr+LdkGvvid+++rvsLvGiel+t+earvv+asvdt+L+ya+avgl  + a  + a
  nat_81c3c33e1052ca11c9fd  1 MAVQKSTDSSSLAEVVDRILDKGVVIDVFARVSLVGIELITIEARVVIASVDTWLRYANAVGLLRDDAEEDNA 73
                              9**************************************************************9887765554 PP

>> nat_f34d4928fe982f4cb0ec  
   #    score  bias  c-Evalue  i-Evalue hmmfrom  hmm to    alifrom  ali to    envfrom  env to     acc
 ---   ------ ----- --------- --------- ------- -------    ------- -------    ------- -------    ----
   1 !  125.9   1.6   2.7e-38   3.9e-38       1      67 [.       1      67 [.       1      81 [. 0.91

  Alignments for each domain:
  == domain 1  score: 125.9 bits;  conditional E-value: 2.7e-38
                      gvpa  1 mavekvsassslaevldrvLdkGvvidawvrvsLvGielltvearvvvasvdtyLkyaeavglteqa 67
                              m ++k+++ssslaev+dr+LdkG+vida++rvsLvGie+lt+earvv+asvdt+L+yaeavgl ++ 
  nat_f34d4928fe982f4cb0ec  1 MSIQKSTDSSSLAEVIDRILDKGIVIDAFARVSLVGIEILTIEARVVIASVDTWLRYAEAVGLLTDK 67
                              89************************************************************97664 PP

>> nat_8991e9e4bd357d9288ea  
   #    score  bias  c-Evalue  i-Evalue hmmfrom  hmm to    alifrom  ali to    envfrom  env to     acc
 ---   ------ ----- --------- --------- ------- -------    ------- -------    ------- -------    ----
   1 !  125.9   2.0   2.7e-38   3.9e-38       1      67 [.       1      67 [.       1      80 [. 0.92

  Alignments for each domain:
  == domain 1  score: 125.9 bits;  conditional E-value: 2.7e-38
                      gvpa  1 mavekvsassslaevldrvLdkGvvidawvrvsLvGielltvearvvvasvdtyLkyaeavglteqa 67
                              m ++k+++ssslaev+dr+LdkG+vida++rvsLvGie+lt+earvv+asvdt+L+yaeavgl  + 
  nat_8991e9e4bd357d9288ea  1 MSIQKSNDSSSLAEVIDRILDKGIVIDAFARVSLVGIEILTIEARVVIASVDTWLRYAEAVGLLRDD 67
                              89************************************************************98764 PP

>> nat_88ee73fdf0fc427edc71  
   #    score  bias  c-Evalue  i-Evalue hmmfrom  hmm to    alifrom  ali to    envfrom  env to     acc
 ---   ------ ----- --------- --------- ------- -------    ------- -------    ------- -------    ----
   1 !  126.0   2.7   2.6e-38   3.7e-38       1      68 [.       1      68 [.       1      81 [. 0.93

  Alignments for each domain:
  == domain 1  score: 126.0 bits;  conditional E-value: 2.6e-38
                      gvpa  1 mavekvsassslaevldrvLdkGvvidawvrvsLvGielltvearvvvasvdtyLkyaeavglteqaa 68
                              m v+k+++ssslaev+dr+LdkG+vida+vrvsLvGie+ltvearvv+asvdt+L+yaeavgl  +  
  nat_88ee73fdf0fc427edc71  1 MSVQKSTDSSSLAEVIDRILDKGIVIDAFVRVSLVGIEILTVEARVVIASVDTWLRYAEAVGLLRDEV 68
                              89************************************************************998754 PP

>> nat_509311e69b214d9f94e7  
   #    score  bias  c-Evalue  i-Evalue hmmfrom  hmm to    alifrom  ali to    envfrom  env to     acc
 ---   ------ ----- --------- --------- ------- -------    ------- -------    ------- -------    ----
   1 !  125.9   2.0   2.7e-38   3.8e-38       1      68 [.       1      68 [.       1      80 [. 0.93

  Alignments for each domain:
  == domain 1  score: 125.9 bits;  conditional E-value: 2.7e-38
                      gvpa  1 mavekvsassslaevldrvLdkGvvidawvrvsLvGielltvearvvvasvdtyLkyaeavglteqaa 68
                              m ++k+++ssslaev+dr+LdkG+vida++rvsLvGie+ltvearvv+asvdt+L+yaeavgl  +  
  nat_509311e69b214d9f94e7  1 MSIQKSNDSSSLAEVIDRILDKGIVIDAFARVSLVGIEILTVEARVVIASVDTWLRYAEAVGLLRDEV 68
                              89************************************************************998754 PP

>> nat_04c114f840f1c4058ea6  
   #    score  bias  c-Evalue  i-Evalue hmmfrom  hmm to    alifrom  ali to    envfrom  env to     acc
 ---   ------ ----- --------- --------- ------- -------    ------- -------    ------- -------    ----
   1 !  125.9   2.7   2.8e-38     4e-38       1      68 [.       1      68 [.       1      80 [. 0.94

  Alignments for each domain:
  == domain 1  score: 125.9 bits;  conditional E-value: 2.8e-38
                      gvpa  1 mavekvsassslaevldrvLdkGvvidawvrvsLvGielltvearvvvasvdtyLkyaeavglteqaa 68
                              m v+k+++ssslaev+dr+LdkG+vida+vrvsLvGie+ltvearvv+asvdt+L+yaeavgl  +  
  nat_04c114f840f1c4058ea6  1 MSVQKSTDSSSLAEVIDRILDKGIVIDAFVRVSLVGIEILTVEARVVIASVDTWLRYAEAVGLLRDEV 68
                              89************************************************************998754 PP

>> nat_c878ed98f912803b2650  
   #    score  bias  c-Evalue  i-Evalue hmmfrom  hmm to    alifrom  ali to    envfrom  env to     acc
 ---   ------ ----- --------- --------- ------- -------    ------- -------    ------- -------    ----
   1 !  125.9   3.0   2.8e-38     4e-38       1      67 [.       1      67 [.       1      82 [. 0.92

  Alignments for each domain:
  == domain 1  score: 125.9 bits;  conditional E-value: 2.8e-38
                      gvpa  1 mavekvsassslaevldrvLdkGvvidawvrvsLvGielltvearvvvasvdtyLkyaeavglteqa 67
                              ma++k+++ssslaev+dr+LdkG+vida++rvsLvGie+ltvearvv+asvdt+L+yaeavgl  + 
  nat_c878ed98f912803b2650  1 MAIQKSTDSSSLAEVIDRILDKGIVIDAFARVSLVGIEILTVEARVVIASVDTWLRYAEAVGLLRDE 67
                              9*************************************************************98764 PP

>> nat_6d22046d840b353d0c87  
   #    score  bias  c-Evalue  i-Evalue hmmfrom  hmm to    alifrom  ali to    envfrom  env to     acc
 ---   ------ ----- --------- --------- ------- -------    ------- -------    ------- -------    ----
   1 !  125.8   2.9   2.9e-38   4.1e-38       1      69 [.       1      69 [.       1      80 [. 0.94

  Alignments for each domain:
  == domain 1  score: 125.8 bits;  conditional E-value: 2.9e-38
                      gvpa  1 mavekvsassslaevldrvLdkGvvidawvrvsLvGielltvearvvvasvdtyLkyaeavglteqaal 69
                              m v+k+++ssslaev+dr+LdkG+vida+vrvsLvGie+ltvearvv+asvdt+L+yaeavgl  +  +
  nat_6d22046d840b353d0c87  1 MSVQKSTDSSSLAEVIDRILDKGIVIDAFVRVSLVGIEILTVEARVVIASVDTWLRYAEAVGLLRDEVQ 69
                              89*************************************************************987655 PP

>> nat_9194534fce73964474e0  
   #    score  bias  c-Evalue  i-Evalue hmmfrom  hmm to    alifrom  ali to    envfrom  env to     acc
 ---   ------ ----- --------- --------- ------- -------    ------- -------    ------- -------    ----
   1 !  125.8   2.4   2.9e-38   4.2e-38       1      67 [.       1      67 [.       1      80 [. 0.93

  Alignments for each domain:
  == domain 1  score: 125.8 bits;  conditional E-value: 2.9e-38
                      gvpa  1 mavekvsassslaevldrvLdkGvvidawvrvsLvGielltvearvvvasvdtyLkyaeavglteqa 67
                              mav+k+++ssslaev+dr+LdkG+vida+vrvs+vGie+ltvearvv+asvdt+L+yaeavgl  + 
  nat_9194534fce73964474e0  1 MAVQKSTDSSSLAEVIDRILDKGIVIDAFVRVSVVGIEILTVEARVVIASVDTWLRYAEAVGLLRDE 67
                              9*************************************************************98765 PP

>> nat_edb3955be5268406dd34  
   #    score  bias  c-Evalue  i-Evalue hmmfrom  hmm to    alifrom  ali to    envfrom  env to     acc
 ---   ------ ----- --------- --------- ------- -------    ------- -------    ------- -------    ----
   1 !  125.8   3.4     3e-38   4.2e-38       1      69 [.       1      69 [.       1      80 [. 0.94

  Alignments for each domain:
  == domain 1  score: 125.8 bits;  conditional E-value: 3e-38
                      gvpa  1 mavekvsassslaevldrvLdkGvvidawvrvsLvGielltvearvvvasvdtyLkyaeavglteqaal 69
                              m v+k+++ssslaev+dr+LdkG+vida+vrvsLvGie++tvearvv+asvdt+L+yaeavgl  +  +
  nat_edb3955be5268406dd34  1 MSVQKSTDSSSLAEVIDRILDKGIVIDAFVRVSLVGIEIITVEARVVIASVDTWLRYAEAVGLLRDEVQ 69
                              89*************************************************************987655 PP

>> nat_07e2adee1b1c97951e61  
   #    score  bias  c-Evalue  i-Evalue hmmfrom  hmm to    alifrom  ali to    envfrom  env to     acc
 ---   ------ ----- --------- --------- ------- -------    ------- -------    ------- -------    ----
   1 !  125.7   2.1   3.1e-38   4.4e-38       1      67 [.       1      67 [.       1      80 [. 0.93

  Alignments for each domain:
  == domain 1  score: 125.7 bits;  conditional E-value: 3.1e-38
                      gvpa  1 mavekvsassslaevldrvLdkGvvidawvrvsLvGielltvearvvvasvdtyLkyaeavglteqa 67
                              m ++k+++ssslaev+dr+LdkG+vida++rvsLvGie+ltvearvv+asvdt+L+yaeavgl  + 
  nat_07e2adee1b1c97951e61  1 MSIQKSNDSSSLAEVIDRILDKGIVIDAFARVSLVGIEILTVEARVVIASVDTWLRYAEAVGLLRDE 67
                              89************************************************************98764 PP

>> nat_bc4042a7c10b7bd447bc  
   #    score  bias  c-Evalue  i-Evalue hmmfrom  hmm to    alifrom  ali to    envfrom  env to     acc
 ---   ------ ----- --------- --------- ------- -------    ------- -------    ------- -------    ----
   1 !  125.7   1.5   3.1e-38   4.4e-38       1      67 [.       1      67 [.       1      80 [. 0.92

  Alignments for each domain:
  == domain 1  score: 125.7 bits;  conditional E-value: 3.1e-38
                      gvpa  1 mavekvsassslaevldrvLdkGvvidawvrvsLvGielltvearvvvasvdtyLkyaeavglteqa 67
                              m ++k+++ssslaev+dr+LdkG+vida++rvsLvGie+lt+earvv+asvdt+L+yaeavgl ++ 
  nat_bc4042a7c10b7bd447bc  1 MSIQKSTDSSSLAEVIDRILDKGIVIDAFARVSLVGIEILTIEARVVIASVDTWLRYAEAVGLLTEK 67
                              89************************************************************86543 PP

>> nat_44075425e280f91869f7  
   #    score  bias  c-Evalue  i-Evalue hmmfrom  hmm to    alifrom  ali to    envfrom  env to     acc
 ---   ------ ----- --------- --------- ------- -------    ------- -------    ------- -------    ----
   1 !  125.7   2.2   3.1e-38   4.4e-38       1      67 [.       1      67 [.       1      79 [. 0.94

  Alignments for each domain:
  == domain 1  score: 125.7 bits;  conditional E-value: 3.1e-38
                      gvpa  1 mavekvsassslaevldrvLdkGvvidawvrvsLvGielltvearvvvasvdtyLkyaeavglteqa 67
                              mav+k+++ssslaev+dr+LdkG+vida+vrvs+vGie+ltvearvv+asvdt+L+yaeavgl  + 
  nat_44075425e280f91869f7  1 MAVQKSTDSSSLAEVIDRILDKGIVIDAFVRVSVVGIEILTVEARVVIASVDTWLRYAEAVGLLRDE 67
                              9*************************************************************98765 PP

>> nat_351862cb01754fd1ab98  
   #    score  bias  c-Evalue  i-Evalue hmmfrom  hmm to    alifrom  ali to    envfrom  env to     acc
 ---   ------ ----- --------- --------- ------- -------    ------- -------    ------- -------    ----
   1 !  125.7   2.4   3.1e-38   4.4e-38       1      67 [.       1      67 [.       1      81 [. 0.93

  Alignments for each domain:
  == domain 1  score: 125.7 bits;  conditional E-value: 3.1e-38
                      gvpa  1 mavekvsassslaevldrvLdkGvvidawvrvsLvGielltvearvvvasvdtyLkyaeavglteqa 67
                              mav+k+++ssslaev+dr+LdkG+vida+vrvs+vGie+ltvearvv+asvdt+L+yaeavgl  + 
  nat_351862cb01754fd1ab98  1 MAVQKSTDSSSLAEVIDRILDKGIVIDAFVRVSVVGIEILTVEARVVIASVDTWLRYAEAVGLLRDE 67
                              9*************************************************************98765 PP

>> nat_5db4631b2c67ffc9f980  
   #    score  bias  c-Evalue  i-Evalue hmmfrom  hmm to    alifrom  ali to    envfrom  env to     acc
 ---   ------ ----- --------- --------- ------- -------    ------- -------    ------- -------    ----
   1 !  125.7   2.8   3.2e-38   4.6e-38       1      67 [.       1      67 [.       1      77 [. 0.95

  Alignments for each domain:
  == domain 1  score: 125.7 bits;  conditional E-value: 3.2e-38
                      gvpa  1 mavekvsassslaevldrvLdkGvvidawvrvsLvGielltvearvvvasvdtyLkyaeavglteqa 67
                              m v+k+++ssslaev+dr+LdkG+vida+vrvsLvGie+ltvearvv+asvdt+L+yaeavgl  + 
  nat_5db4631b2c67ffc9f980  1 MSVQKSTDSSSLAEVIDRILDKGIVIDAFVRVSLVGIEILTVEARVVIASVDTWLRYAEAVGLLRDE 67
                              89************************************************************99875 PP

>> nat_06e368ceaac5aa0f9edc  
   #    score  bias  c-Evalue  i-Evalue hmmfrom  hmm to    alifrom  ali to    envfrom  env to     acc
 ---   ------ ----- --------- --------- ------- -------    ------- -------    ------- -------    ----
   1 !  125.7   3.5   3.1e-38   4.4e-38       3      70 ..       4      71 ..       1      72 [] 0.96

  Alignments for each domain:
  == domain 1  score: 125.7 bits;  conditional E-value: 3.1e-38
                      gvpa  3 vekvsassslaevldrvLdkGvvidawvrvsLvGielltvearvvvasvdtyLkyaeavglteqaalt 70
                              v+k+++ssslaev+dr+LdkG+vidawv+vsLvGiell++earvvvasv+tyLkyaea+glt  aa +
  nat_06e368ceaac5aa0f9edc  4 VQKSTDSSSLAEVVDRILDKGIVIDAWVKVSLVGIELLSIEARVVVASVETYLKYAEAIGLTASAAAP 71
                              89*************************************************************99987 PP

>> nat_ab18ddbecb739bae7c0a  
   #    score  bias  c-Evalue  i-Evalue hmmfrom  hmm to    alifrom  ali to    envfrom  env to     acc
 ---   ------ ----- --------- --------- ------- -------    ------- -------    ------- -------    ----
   1 !  125.7   1.4   3.2e-38   4.5e-38       1      67 [.       1      67 [.       1      79 [. 0.94

  Alignments for each domain:
  == domain 1  score: 125.7 bits;  conditional E-value: 3.2e-38
                      gvpa  1 mavekvsassslaevldrvLdkGvvidawvrvsLvGielltvearvvvasvdtyLkyaeavglteqa 67
                              m ++k+++ssslaev+dr+LdkG+vida++rvsLvGie+lt+earvv+asvdt+L+yaeavgl ++ 
  nat_ab18ddbecb739bae7c0a  1 MSIQKSTDSSSLAEVIDRILDKGIVIDAFARVSLVGIEILTIEARVVIASVDTWLRYAEAVGLLTDK 67
                              89************************************************************97764 PP

>> nat_b98ff0a704b47fc46c7b  
   #    score  bias  c-Evalue  i-Evalue hmmfrom  hmm to    alifrom  ali to    envfrom  env to     acc
 ---   ------ ----- --------- --------- ------- -------    ------- -------    ------- -------    ----
   1 !  125.6   3.1   3.3e-38   4.7e-38       1      70 [.       1      70 [.       1      80 [. 0.95

  Alignments for each domain:
  == domain 1  score: 125.6 bits;  conditional E-value: 3.3e-38
                      gvpa  1 mavekvsassslaevldrvLdkGvvidawvrvsLvGielltvearvvvasvdtyLkyaeavglteqaalt 70
                              mav+k+ +ssslaev+dr+LdkG+vida+vrvs+vGie+ltvearvv+asvdt+L+yaeavgl ++ a  
  nat_b98ff0a704b47fc46c7b  1 MAVQKSIDSSSLAEVIDRILDKGIVIDAFVRVSVVGIEILTVEARVVIASVDTWLRYAEAVGLLSDEAEE 70
                              9**************************************************************9988765 PP

>> nat_626bf126ff6a42e860e1  
   #    score  bias  c-Evalue  i-Evalue hmmfrom  hmm to    alifrom  ali to    envfrom  env to     acc
 ---   ------ ----- --------- --------- ------- -------    ------- -------    ------- -------    ----
   1 !  125.7   1.6   3.2e-38   4.6e-38       1      67 [.       1      67 [.       1      80 [. 0.93

  Alignments for each domain:
  == domain 1  score: 125.7 bits;  conditional E-value: 3.2e-38
                      gvpa  1 mavekvsassslaevldrvLdkGvvidawvrvsLvGielltvearvvvasvdtyLkyaeavglteqa 67
                              m ++k+++ssslaev+dr+LdkG+vida++rvsLvGie+lt+earvv+asvdt+L+yaeavgl ++ 
  nat_626bf126ff6a42e860e1  1 MSIQKSTDSSSLAEVIDRILDKGIVIDAFARVSLVGIEILTIEARVVIASVDTWLRYAEAVGLLTDK 67
                              89************************************************************97764 PP

>> nat_a4cf355a2019efa6dd79  
   #    score  bias  c-Evalue  i-Evalue hmmfrom  hmm to    alifrom  ali to    envfrom  env to     acc
 ---   ------ ----- --------- --------- ------- -------    ------- -------    ------- -------    ----
   1 !  125.7   1.6   3.2e-38   4.6e-38       1      67 [.       1      67 [.       1      80 [. 0.93

  Alignments for each domain:
  == domain 1  score: 125.7 bits;  conditional E-value: 3.2e-38
                      gvpa  1 mavekvsassslaevldrvLdkGvvidawvrvsLvGielltvearvvvasvdtyLkyaeavglteqa 67
                              m ++k+++ssslaev+dr+LdkG+vida++rvsLvGie+lt+earvv+asvdt+L+yaeavgl ++ 
  nat_a4cf355a2019efa6dd79  1 MSIQKSTDSSSLAEVIDRILDKGIVIDAFARVSLVGIEILTIEARVVIASVDTWLRYAEAVGLLTDK 67
                              89************************************************************97764 PP

>> nat_741da9de60585bc38db1  
   #    score  bias  c-Evalue  i-Evalue hmmfrom  hmm to    alifrom  ali to    envfrom  env to     acc
 ---   ------ ----- --------- --------- ------- -------    ------- -------    ------- -------    ----
   1 !  125.6   3.4   3.3e-38   4.7e-38       1      68 [.       1      68 [.       1      81 [. 0.94

  Alignments for each domain:
  == domain 1  score: 125.6 bits;  conditional E-value: 3.3e-38
                      gvpa  1 mavekvsassslaevldrvLdkGvvidawvrvsLvGielltvearvvvasvdtyLkyaeavglteqaa 68
                              m v+k+++ssslaev+dr+LdkG+vida+vrvsLvGie+ltvearvv+asvdt+L+yaeavgl ++  
  nat_741da9de60585bc38db1  1 MSVQKSTDSSSLAEVIDRILDKGIVIDAFVRVSLVGIEILTVEARVVIASVDTWLRYAEAVGLLSDEV 68
                              89*************************************************************98764 PP

>> nat_ab1b4f2c562433c40902  
   #    score  bias  c-Evalue  i-Evalue hmmfrom  hmm to    alifrom  ali to    envfrom  env to     acc
 ---   ------ ----- --------- --------- ------- -------    ------- -------    ------- -------    ----
   1 !  125.6   2.3   3.3e-38   4.7e-38       1      68 [.       1      68 [.       1      80 [. 0.93

  Alignments for each domain:
  == domain 1  score: 125.6 bits;  conditional E-value: 3.3e-38
                      gvpa  1 mavekvsassslaevldrvLdkGvvidawvrvsLvGielltvearvvvasvdtyLkyaeavglteqaa 68
                              m ++k+++ssslaev+dr+LdkG+vida++rvsLvGie+lt+earvv+asvdt+L+yaeavgl  +  
  nat_ab1b4f2c562433c40902  1 MSIQKSNDSSSLAEVIDRILDKGIVIDAFARVSLVGIEILTIEARVVIASVDTWLRYAEAVGLLRDEV 68
                              89************************************************************998754 PP

>> nat_6b64acdf3f40fdffd144  
   #    score  bias  c-Evalue  i-Evalue hmmfrom  hmm to    alifrom  ali to    envfrom  env to     acc
 ---   ------ ----- --------- --------- ------- -------    ------- -------    ------- -------    ----
   1 !  125.5   1.3   3.5e-38     5e-38       1      67 [.       1      67 [.       1      80 [. 0.94

  Alignments for each domain:
  == domain 1  score: 125.5 bits;  conditional E-value: 3.5e-38
                      gvpa  1 mavekvsassslaevldrvLdkGvvidawvrvsLvGielltvearvvvasvdtyLkyaeavglteqa 67
                              m ++k+++ssslaev+dr+LdkG+vida++rvsLvGie+lt+earvv+asvdt+L+yaeavgl ++ 
  nat_6b64acdf3f40fdffd144  1 MSIQKSTDSSSLAEVIDRILDKGIVIDAFARVSLVGIEILTIEARVVIASVDTWLRYAEAVGLLTDK 67
                              89************************************************************98764 PP

>> nat_8d61c399409b4395f3c5  
   #    score  bias  c-Evalue  i-Evalue hmmfrom  hmm to    alifrom  ali to    envfrom  env to     acc
 ---   ------ ----- --------- --------- ------- -------    ------- -------    ------- -------    ----
   1 !  125.6   3.1   3.5e-38     5e-38       1      67 [.       1      67 [.       1      79 [. 0.93

  Alignments for each domain:
  == domain 1  score: 125.6 bits;  conditional E-value: 3.5e-38
                      gvpa  1 mavekvsassslaevldrvLdkGvvidawvrvsLvGielltvearvvvasvdtyLkyaeavglteqa 67
                              m v+k+++ssslaev+dr+LdkG+vida+vrvsLvGie+ltvearvv+asvdt+L+yaeavgl  + 
  nat_8d61c399409b4395f3c5  1 MSVQKSTDSSSLAEVIDRILDKGIVIDAFVRVSLVGIEILTVEARVVIASVDTWLRYAEAVGLLRDE 67
                              89************************************************************98764 PP

>> nat_fd5c322037d42e8f890c  
   #    score  bias  c-Evalue  i-Evalue hmmfrom  hmm to    alifrom  ali to    envfrom  env to     acc
 ---   ------ ----- --------- --------- ------- -------    ------- -------    ------- -------    ----
   1 !  125.6   4.5   3.3e-38   4.8e-38       3      70 ..       4      71 ..       1      72 [] 0.96

  Alignments for each domain:
  == domain 1  score: 125.6 bits;  conditional E-value: 3.3e-38
                      gvpa  3 vekvsassslaevldrvLdkGvvidawvrvsLvGielltvearvvvasvdtyLkyaeavglteqaalt 70
                              v+k ++ssslaev+dr+LdkG+vidawv+vsLvGiel+t+earvvvasv+tyLkyaeavglt  aa +
  nat_fd5c322037d42e8f890c  4 VQKATDSSSLAEVVDRILDKGIVIDAWVKVSLVGIELITIEARVVVASVETYLKYAEAVGLTASAAAP 71
                              7999***********************************************************99987 PP

>> nat_6b39f5a7fb6bca78b4de  
   #    score  bias  c-Evalue  i-Evalue hmmfrom  hmm to    alifrom  ali to    envfrom  env to     acc
 ---   ------ ----- --------- --------- ------- -------    ------- -------    ------- -------    ----
   1 !  125.6   5.5   3.5e-38     5e-38       1      67 [.       1      67 [.       1      68 [] 0.98

  Alignments for each domain:
  == domain 1  score: 125.6 bits;  conditional E-value: 3.5e-38
                      gvpa  1 mavekvsassslaevldrvLdkGvvidawvrvsLvGielltvearvvvasvdtyLkyaeavglteqa 67
                              mavek+++sssl+ev+dr+LdkGvv+dawvrvsLvGiell++ear+ vasv+tyLkyaea+glt +a
  nat_6b39f5a7fb6bca78b4de  1 MAVEKTVGSSSLVEVIDRILDKGVVVDAWVRVSLVGIELLAIEARITVASVETYLKYAEAIGLTAKA 67
                              9***************************************************************987 PP

>> nat_cace8f7ec0f10f4823d0  
   #    score  bias  c-Evalue  i-Evalue hmmfrom  hmm to    alifrom  ali to    envfrom  env to     acc
 ---   ------ ----- --------- --------- ------- -------    ------- -------    ------- -------    ----
   1 !  125.5   1.7   3.6e-38   5.1e-38       1      67 [.       1      67 [.       1      80 [. 0.93

  Alignments for each domain:
  == domain 1  score: 125.5 bits;  conditional E-value: 3.6e-38
                      gvpa  1 mavekvsassslaevldrvLdkGvvidawvrvsLvGielltvearvvvasvdtyLkyaeavglteqa 67
                              m ++k+++ssslaev+dr+LdkG+vida++rvsLvGie+lt+earvv+asvdt+L+yaeavgl ++ 
  nat_cace8f7ec0f10f4823d0  1 MSIQKSTDSSSLAEVIDRILDKGIVIDAFARVSLVGIEILTIEARVVIASVDTWLRYAEAVGLLTDK 67
                              89************************************************************97764 PP

>> nat_861aafc294a955cecd2e  
   #    score  bias  c-Evalue  i-Evalue hmmfrom  hmm to    alifrom  ali to    envfrom  env to     acc
 ---   ------ ----- --------- --------- ------- -------    ------- -------    ------- -------    ----
   1 !  125.4   2.6   3.8e-38   5.4e-38       1      75 [.       1      75 [.       1      81 [. 0.92

  Alignments for each domain:
  == domain 1  score: 125.4 bits;  conditional E-value: 3.8e-38
                      gvpa  1 mavekvsassslaevldrvLdkGvvidawvrvsLvGielltvearvvvasvdtyLkyaeavglteqaaltaaaee 75
                              m ++k+++ssslaev+dr+LdkG+vida++rvsLvGie+ltvearvv+asvdt+L+yaeavgl  +    ++ e+
  nat_861aafc294a955cecd2e  1 MSIQKSTDSSSLAEVIDRILDKGIVIDAFARVSLVGIEILTVEARVVIASVDTWLRYAEAVGLLRDEVEKEGLEN 75
                              89*************************************************************998776666655 PP

>> nat_01fb42ca3aea3da0dbe5  
   #    score  bias  c-Evalue  i-Evalue hmmfrom  hmm to    alifrom  ali to    envfrom  env to     acc
 ---   ------ ----- --------- --------- ------- -------    ------- -------    ------- -------    ----
   1 !  125.4   3.6   3.7e-38   5.4e-38       1      67 [.       1      67 [.       1      80 [. 0.93

  Alignments for each domain:
  == domain 1  score: 125.4 bits;  conditional E-value: 3.7e-38
                      gvpa  1 mavekvsassslaevldrvLdkGvvidawvrvsLvGielltvearvvvasvdtyLkyaeavglteqa 67
                              m ++k+++ssslaev+dr+LdkG+vida+vrvsLvGie++tvearvv+asvdt+L+yaeavgl ++ 
  nat_01fb42ca3aea3da0dbe5  1 MSIQKSTDSSSLAEVIDRILDKGIVIDAFVRVSLVGIEIITVEARVVIASVDTWLRYAEAVGLLTDE 67
                              89************************************************************98765 PP

>> nat_d1371fd7814fe8dbe69e  
   #    score  bias  c-Evalue  i-Evalue hmmfrom  hmm to    alifrom  ali to    envfrom  env to     acc
 ---   ------ ----- --------- --------- ------- -------    ------- -------    ------- -------    ----
   1 !  125.4   1.6   3.9e-38   5.6e-38       1      67 [.       1      67 [.       1      78 [. 0.94

  Alignments for each domain:
  == domain 1  score: 125.4 bits;  conditional E-value: 3.9e-38
                      gvpa  1 mavekvsassslaevldrvLdkGvvidawvrvsLvGielltvearvvvasvdtyLkyaeavglteqa 67
                              m ++k+++ssslaev+dr+LdkG+vida++rvsLvGie+lt+earvv+asvdt+L+yaeavgl ++ 
  nat_d1371fd7814fe8dbe69e  1 MSIQKSTDSSSLAEVIDRILDKGIVIDAFARVSLVGIEILTIEARVVIASVDTWLRYAEAVGLLTDK 67
                              89************************************************************97764 PP

>> nat_62aec584cfcef3208e2b  
   #    score  bias  c-Evalue  i-Evalue hmmfrom  hmm to    alifrom  ali to    envfrom  env to     acc
 ---   ------ ----- --------- --------- ------- -------    ------- -------    ------- -------    ----
   1 !  125.4   1.7   3.8e-38   5.5e-38       1      67 [.       1      67 [.       1      80 [. 0.93

  Alignments for each domain:
  == domain 1  score: 125.4 bits;  conditional E-value: 3.8e-38
                      gvpa  1 mavekvsassslaevldrvLdkGvvidawvrvsLvGielltvearvvvasvdtyLkyaeavglteqa 67
                              m ++k+++ssslaev+dr+LdkG+vida++rvsLvGie+lt+earvv+asvdt+L+yaeavgl ++ 
  nat_62aec584cfcef3208e2b  1 MSIQKSADSSSLAEVIDRILDKGIVIDAFARVSLVGIEILTIEARVVIASVDTWLRYAEAVGLLTDK 67
                              89************************************************************97764 PP

>> nat_86ba936b09d3d4c2dbfa  
   #    score  bias  c-Evalue  i-Evalue hmmfrom  hmm to    alifrom  ali to    envfrom  env to     acc
 ---   ------ ----- --------- --------- ------- -------    ------- -------    ------- -------    ----
   1 !  125.4   6.3   3.8e-38   5.4e-38       1      67 [.       1      67 [.       1      68 [] 0.98

  Alignments for each domain:
  == domain 1  score: 125.4 bits;  conditional E-value: 3.8e-38
                      gvpa  1 mavekvsassslaevldrvLdkGvvidawvrvsLvGielltvearvvvasvdtyLkyaeavglteqa 67
                              m vek+ +sssl+ev+dr+LdkGvv+dawvrvsLvGiell++earvvvasv+tyLkyaea+glt +a
  nat_86ba936b09d3d4c2dbfa  1 MSVEKTIGSSSLVEVIDRILDKGVVVDAWVRVSLVGIELLAIEARVVVASVETYLKYAEAIGLTAKA 67
                              99**************************************************************987 PP

>> nat_3cc2cb889cfdbbcaa17b  
   #    score  bias  c-Evalue  i-Evalue hmmfrom  hmm to    alifrom  ali to    envfrom  env to     acc
 ---   ------ ----- --------- --------- ------- -------    ------- -------    ------- -------    ----
   1 !  125.4   2.4   3.8e-38   5.4e-38       6      74 ..       3      71 ..       1      72 [] 0.97

  Alignments for each domain:
  == domain 1  score: 125.4 bits;  conditional E-value: 3.8e-38
                      gvpa  6 vsassslaevldrvLdkGvvidawvrvsLvGielltvearvvvasvdtyLkyaeavglteqaaltaaae 74
                              +++ssslaevldrvLdkG+v+d+++r+sLvGie+ltvearvvvasvdt+L+yae+++++eqa+lt +ae
  nat_3cc2cb889cfdbbcaa17b  3 QPDSSSLAEVLDRVLDKGIVVDTFARISLVGIEILTVEARVVVASVDTFLHYAEEIAKIEQAELTVGAE 71
                              799**************************************************************9997 PP

>> nat_d426ca8e332bfceab95d  
   #    score  bias  c-Evalue  i-Evalue hmmfrom  hmm to    alifrom  ali to    envfrom  env to     acc
 ---   ------ ----- --------- --------- ------- -------    ------- -------    ------- -------    ----
   1 !  125.4   3.4   3.9e-38   5.7e-38       1      67 [.       1      67 [.       1      78 [. 0.93

  Alignments for each domain:
  == domain 1  score: 125.4 bits;  conditional E-value: 3.9e-38
                      gvpa  1 mavekvsassslaevldrvLdkGvvidawvrvsLvGielltvearvvvasvdtyLkyaeavglteqa 67
                              m v+k+++ssslaev+dr+LdkG+vida+vrvsLvGie+lt+earvv+asvdt+L+yaeavgl  + 
  nat_d426ca8e332bfceab95d  1 MSVQKSTDSSSLAEVIDRILDKGIVIDAFVRVSLVGIEILTIEARVVIASVDTWLRYAEAVGLLRDE 67
                              89************************************************************98764 PP

>> nat_033157a4d26d86912677  
   #    score  bias  c-Evalue  i-Evalue hmmfrom  hmm to    alifrom  ali to    envfrom  env to     acc
 ---   ------ ----- --------- --------- ------- -------    ------- -------    ------- -------    ----
   1 !  125.4   1.8     4e-38   5.7e-38       1      67 [.       1      67 [.       1      79 [. 0.94

  Alignments for each domain:
  == domain 1  score: 125.4 bits;  conditional E-value: 4e-38
                      gvpa  1 mavekvsassslaevldrvLdkGvvidawvrvsLvGielltvearvvvasvdtyLkyaeavglteqa 67
                              m ++k+++ssslaev+dr+LdkG+vida++rvsLvGie+lt+earvv+asvdt+L+yaeavgl ++ 
  nat_033157a4d26d86912677  1 MSIQKSTDSSSLAEVIDRILDKGIVIDAFARVSLVGIEILTIEARVVIASVDTWLRYAEAVGLLTDK 67
                              89************************************************************97764 PP

>> nat_c4f90ad7ed7605569245  
   #    score  bias  c-Evalue  i-Evalue hmmfrom  hmm to    alifrom  ali to    envfrom  env to     acc
 ---   ------ ----- --------- --------- ------- -------    ------- -------    ------- -------    ----
   1 !  125.3   3.1   4.2e-38     6e-38       1      67 [.       1      67 [.       1      77 [. 0.94

  Alignments for each domain:
  == domain 1  score: 125.3 bits;  conditional E-value: 4.2e-38
                      gvpa  1 mavekvsassslaevldrvLdkGvvidawvrvsLvGielltvearvvvasvdtyLkyaeavglteqa 67
                              m ++k+++ssslaev+dr+LdkG+vida+vrvsLvGie+ltvearvv+asvdt+L+yaeavgl ++ 
  nat_c4f90ad7ed7605569245  1 MSIQKSTDSSSLAEVIDRILDKGIVIDAFVRVSLVGIEILTVEARVVIASVDTWLRYAEAVGLLTDE 67
                              89************************************************************98764 PP

>> nat_3dd127a0efcf9a5457c8  
   #    score  bias  c-Evalue  i-Evalue hmmfrom  hmm to    alifrom  ali to    envfrom  env to     acc
 ---   ------ ----- --------- --------- ------- -------    ------- -------    ------- -------    ----
   1 !  125.3   1.9     4e-38   5.8e-38       1      67 [.       1      67 [.       1      79 [. 0.94

  Alignments for each domain:
  == domain 1  score: 125.3 bits;  conditional E-value: 4e-38
                      gvpa  1 mavekvsassslaevldrvLdkGvvidawvrvsLvGielltvearvvvasvdtyLkyaeavglteqa 67
                              m ++k+++ssslaev+dr+LdkG+vida++rvsLvGie++tvearvv+asvdt+L+yaeavgl  + 
  nat_3dd127a0efcf9a5457c8  1 MSIQKSTDSSSLAEVIDRILDKGIVIDAFARVSLVGIEIITVEARVVIASVDTWLRYAEAVGLLRDE 67
                              89************************************************************98775 PP

>> nat_2b57a127896613be0c56  
   #    score  bias  c-Evalue  i-Evalue hmmfrom  hmm to    alifrom  ali to    envfrom  env to     acc
 ---   ------ ----- --------- --------- ------- -------    ------- -------    ------- -------    ----
   1 !  125.4   2.0   3.8e-38   5.5e-38       3      70 ..       4      71 ..       1      73 [] 0.96

  Alignments for each domain:
  == domain 1  score: 125.4 bits;  conditional E-value: 3.8e-38
                      gvpa  3 vekvsassslaevldrvLdkGvvidawvrvsLvGielltvearvvvasvdtyLkyaeavglteqaalt 70
                              v k+++ssslaev+dr+LdkG+vidaw++vsLvGiell++earvvvasv+tyLkyaea+glt+ aa +
  nat_2b57a127896613be0c56  4 VMKSTDSSSLAEVVDRILDKGIVIDAWAKVSLVGIELLSIEARVVVASVETYLKYAEAIGLTSTAAAP 71
                              6799************************************************************9987 PP

>> nat_41c81011f9e8389dd829  
   #    score  bias  c-Evalue  i-Evalue hmmfrom  hmm to    alifrom  ali to    envfrom  env to     acc
 ---   ------ ----- --------- --------- ------- -------    ------- -------    ------- -------    ----
   1 !  125.3   1.8   4.1e-38   5.9e-38       1      67 [.       1      67 [.       1      79 [. 0.94

  Alignments for each domain:
  == domain 1  score: 125.3 bits;  conditional E-value: 4.1e-38
                      gvpa  1 mavekvsassslaevldrvLdkGvvidawvrvsLvGielltvearvvvasvdtyLkyaeavglteqa 67
                              m ++k+++ssslaev+dr+LdkG+vida++rvsLvGie+lt+earvv+asvdt+L+yaeavgl ++ 
  nat_41c81011f9e8389dd829  1 MSIQKSTDSSSLAEVIDRILDKGIVIDAFARVSLVGIEILTIEARVVIASVDTWLRYAEAVGLLTDK 67
                              89************************************************************98764 PP

>> nat_4cc577e850a35b25573f  
   #    score  bias  c-Evalue  i-Evalue hmmfrom  hmm to    alifrom  ali to    envfrom  env to     acc
 ---   ------ ----- --------- --------- ------- -------    ------- -------    ------- -------    ----
   1 !  125.4   3.5     4e-38   5.7e-38       3      70 ..       4      71 ..       1      72 [] 0.96

  Alignments for each domain:
  == domain 1  score: 125.4 bits;  conditional E-value: 4e-38
                      gvpa  3 vekvsassslaevldrvLdkGvvidawvrvsLvGielltvearvvvasvdtyLkyaeavglteqaalt 70
                              v+k ++ssslaev+dr+LdkG+vidawv+vsLvGiell++earvv+asv+tyLkyaea+glt  aa++
  nat_4cc577e850a35b25573f  4 VQKATDSSSLAEVVDRILDKGIVIDAWVKVSLVGIELLSIEARVVIASVETYLKYAEAIGLTASAATP 71
                              7999*************************************************************998 PP

>> nat_a724b9a2188c92ae4680  
   #    score  bias  c-Evalue  i-Evalue hmmfrom  hmm to    alifrom  ali to    envfrom  env to     acc
 ---   ------ ----- --------- --------- ------- -------    ------- -------    ------- -------    ----
   1 !  125.3   1.4   4.2e-38     6e-38       1      73 [.       1      73 [.       1      80 [. 0.94

  Alignments for each domain:
  == domain 1  score: 125.3 bits;  conditional E-value: 4.2e-38
                      gvpa  1 mavekvsassslaevldrvLdkGvvidawvrvsLvGielltvearvvvasvdtyLkyaeavglteqaaltaaa 73
                              m ++k+++ssslaev+dr+LdkG+vida++rvsLvGie+ltvearvv+asvdt+L+ya+avgl  + a+ ++ 
  nat_a724b9a2188c92ae4680  1 MSIQKSADSSSLAEVIDRILDKGIVIDAYARVSLVGIEILTVEARVVIASVDTWLRYANAVGLLRDEAQEEGM 73
                              89*************************************************************9998877655 PP

>> nat_18bfe7ce20a3a4013554  
   #    score  bias  c-Evalue  i-Evalue hmmfrom  hmm to    alifrom  ali to    envfrom  env to     acc
 ---   ------ ----- --------- --------- ------- -------    ------- -------    ------- -------    ----
   1 !  125.3   3.5     4e-38   5.8e-38       3      70 ..       4      71 ..       1      72 [] 0.96

  Alignments for each domain:
  == domain 1  score: 125.3 bits;  conditional E-value: 4e-38
                      gvpa  3 vekvsassslaevldrvLdkGvvidawvrvsLvGielltvearvvvasvdtyLkyaeavglteqaalt 70
                              v+k+++ssslaev+dr+LdkG+vidawv+vsLvGiell++earvv+asv+tyLkyaea+glt  aa +
  nat_18bfe7ce20a3a4013554  4 VQKSTDSSSLAEVVDRILDKGIVIDAWVKVSLVGIELLSIEARVVIASVETYLKYAEAIGLTASAASP 71
                              899************************************************************99987 PP

>> nat_e8c5de40001b59b84f30  
   #    score  bias  c-Evalue  i-Evalue hmmfrom  hmm to    alifrom  ali to    envfrom  env to     acc
 ---   ------ ----- --------- --------- ------- -------    ------- -------    ------- -------    ----
   1 !  125.3   3.3   4.1e-38   5.9e-38       1      67 [.       1      67 [.       1      81 [. 0.93

  Alignments for each domain:
  == domain 1  score: 125.3 bits;  conditional E-value: 4.1e-38
                      gvpa  1 mavekvsassslaevldrvLdkGvvidawvrvsLvGielltvearvvvasvdtyLkyaeavglteqa 67
                              m v+k+++ssslaev+dr+LdkG+vida+vrvsLvGie+lt+earvv+asvdt+L+yaeavgl  + 
  nat_e8c5de40001b59b84f30  1 MSVQKSTDSSSLAEVIDRILDKGIVIDAFVRVSLVGIEILTIEARVVIASVDTWLRYAEAVGLLRDE 67
                              89************************************************************98764 PP

>> nat_bb973ad514bc9a8e4071  
   #    score  bias  c-Evalue  i-Evalue hmmfrom  hmm to    alifrom  ali to    envfrom  env to     acc
 ---   ------ ----- --------- --------- ------- -------    ------- -------    ------- -------    ----
   1 !  125.3   3.5     4e-38   5.8e-38       3      70 ..       4      71 ..       1      72 [] 0.96

  Alignments for each domain:
  == domain 1  score: 125.3 bits;  conditional E-value: 4e-38
                      gvpa  3 vekvsassslaevldrvLdkGvvidawvrvsLvGielltvearvvvasvdtyLkyaeavglteqaalt 70
                              v+k+++ssslaev+dr+LdkG+vidawv+vsLvGiell++earvv+asv+tyLkyaea+glt  aa +
  nat_bb973ad514bc9a8e4071  4 VQKSTDSSSLAEVVDRILDKGIVIDAWVKVSLVGIELLSIEARVVIASVETYLKYAEAIGLTASAAAP 71
                              899************************************************************99987 PP

>> nat_fa3ceb760df75c71ed08  
   #    score  bias  c-Evalue  i-Evalue hmmfrom  hmm to    alifrom  ali to    envfrom  env to     acc
 ---   ------ ----- --------- --------- ------- -------    ------- -------    ------- -------    ----
   1 !  125.2   1.8   4.4e-38   6.2e-38       1      72 [.       1      72 [.       1      80 [. 0.93

  Alignments for each domain:
  == domain 1  score: 125.2 bits;  conditional E-value: 4.4e-38
                      gvpa  1 mavekvsassslaevldrvLdkGvvidawvrvsLvGielltvearvvvasvdtyLkyaeavglteqaaltaa 72
                              m ++k+++ssslaev+dr+LdkG+vida++rvsLvGie+ltvearvv+asvdt+L+yaeavgl  +  + ++
  nat_fa3ceb760df75c71ed08  1 MSIQKTTDSSSLAEVIDRILDKGIVIDAFARVSLVGIEILTVEARVVIASVDTWLRYAEAVGLLRDEVQEEG 72
                              899************************************************************988766555 PP

>> nat_6fe65d28a28456450f1d  
   #    score  bias  c-Evalue  i-Evalue hmmfrom  hmm to    alifrom  ali to    envfrom  env to     acc
 ---   ------ ----- --------- --------- ------- -------    ------- -------    ------- -------    ----
   1 !  125.2   1.9   4.3e-38   6.2e-38       1      68 [.       1      68 [.       1      82 [. 0.92

  Alignments for each domain:
  == domain 1  score: 125.2 bits;  conditional E-value: 4.3e-38
                      gvpa  1 mavekvsassslaevldrvLdkGvvidawvrvsLvGielltvearvvvasvdtyLkyaeavglteqaa 68
                              m ++k+++ssslaev+dr+LdkG+vida++rvsLvGie+lt+earvv+asvdt+L+yaeavgl  +  
  nat_6fe65d28a28456450f1d  1 MSIQKSTDSSSLAEVIDRILDKGIVIDAFARVSLVGIEILTIEARVVIASVDTWLRYAEAVGLLRDEV 68
                              89************************************************************998754 PP

>> nat_40a2221d15252edb050f  
   #    score  bias  c-Evalue  i-Evalue hmmfrom  hmm to    alifrom  ali to    envfrom  env to     acc
 ---   ------ ----- --------- --------- ------- -------    ------- -------    ------- -------    ----
   1 !  125.2   2.9   4.6e-38   6.6e-38       1      67 [.       1      67 [.       1      79 [. 0.94

  Alignments for each domain:
  == domain 1  score: 125.2 bits;  conditional E-value: 4.6e-38
                      gvpa  1 mavekvsassslaevldrvLdkGvvidawvrvsLvGielltvearvvvasvdtyLkyaeavglteqa 67
                              m ++k+++ssslaev+dr+LdkG+vida+vrvsLvGie+ltvearvv+asvdt+L+yaeavgl  + 
  nat_40a2221d15252edb050f  1 MSIQKSTDSSSLAEVIDRILDKGIVIDAFVRVSLVGIEILTVEARVVIASVDTWLRYAEAVGLLRDE 67
                              89************************************************************98765 PP

>> nat_2b6afdfba96a597935ac  
   #    score  bias  c-Evalue  i-Evalue hmmfrom  hmm to    alifrom  ali to    envfrom  env to     acc
 ---   ------ ----- --------- --------- ------- -------    ------- -------    ------- -------    ----
   1 !  125.2   3.3   4.6e-38   6.6e-38       1      67 [.       1      67 [.       1      81 [. 0.93

  Alignments for each domain:
  == domain 1  score: 125.2 bits;  conditional E-value: 4.6e-38
                      gvpa  1 mavekvsassslaevldrvLdkGvvidawvrvsLvGielltvearvvvasvdtyLkyaeavglteqa 67
                              m ++k+++ssslaev+dr+LdkG+vida+vrvsLvGie+ltvearvv+asvdt+L+yaeavgl  + 
  nat_2b6afdfba96a597935ac  1 MSIQKSTDSSSLAEVIDRILDKGIVIDAFVRVSLVGIEILTVEARVVIASVDTWLRYAEAVGLLRDE 67
                              89************************************************************98764 PP

>> nat_38939b26cbc5a274769e  
   #    score  bias  c-Evalue  i-Evalue hmmfrom  hmm to    alifrom  ali to    envfrom  env to     acc
 ---   ------ ----- --------- --------- ------- -------    ------- -------    ------- -------    ----
   1 !  125.2   2.6   4.4e-38   6.3e-38       3      70 ..       4      71 ..       1      72 [] 0.96

  Alignments for each domain:
  == domain 1  score: 125.2 bits;  conditional E-value: 4.4e-38
                      gvpa  3 vekvsassslaevldrvLdkGvvidawvrvsLvGielltvearvvvasvdtyLkyaeavglteqaalt 70
                              v+k+++ssslaev+dr+LdkG+vid+w++vsLvGiell++earvv+asv+tyLkyaea+glt  a+ +
  nat_38939b26cbc5a274769e  4 VQKSTDSSSLAEVIDRILDKGIVIDVWAKVSLVGIELLSIEARVVIASVETYLKYAEAIGLTATASHP 71
                              899************************************************************99987 PP

>> nat_2549c61eaa1c68f79257  
   #    score  bias  c-Evalue  i-Evalue hmmfrom  hmm to    alifrom  ali to    envfrom  env to     acc
 ---   ------ ----- --------- --------- ------- -------    ------- -------    ------- -------    ----
   1 !  125.1   3.5   4.8e-38   6.9e-38       1      67 [.       1      67 [.       1      78 [. 0.94

  Alignments for each domain:
  == domain 1  score: 125.1 bits;  conditional E-value: 4.8e-38
                      gvpa  1 mavekvsassslaevldrvLdkGvvidawvrvsLvGielltvearvvvasvdtyLkyaeavglteqa 67
                              m v+k+++ssslaev+dr+LdkG+vida+vrvsLvGie+ltvearvv+asvdt+L+yaeavgl ++ 
  nat_2549c61eaa1c68f79257  1 MSVQKSTDSSSLAEVIDRILDKGIVIDAFVRVSLVGIEILTVEARVVIASVDTWLRYAEAVGLLTDE 67
                              89************************************************************98764 PP

>> nat_70501e44d62eb76e66dd  
   #    score  bias  c-Evalue  i-Evalue hmmfrom  hmm to    alifrom  ali to    envfrom  env to     acc
 ---   ------ ----- --------- --------- ------- -------    ------- -------    ------- -------    ----
   1 !  125.1   1.9   4.8e-38   6.8e-38       1      67 [.       1      67 [.       1      79 [. 0.94

  Alignments for each domain:
  == domain 1  score: 125.1 bits;  conditional E-value: 4.8e-38
                      gvpa  1 mavekvsassslaevldrvLdkGvvidawvrvsLvGielltvearvvvasvdtyLkyaeavglteqa 67
                              m ++k+++ssslaev+dr+LdkG+vida++rvsLvGie+lt+earvv+asvdt+L+yaeavgl ++ 
  nat_70501e44d62eb76e66dd  1 MSIQKSADSSSLAEVIDRILDKGIVIDAFARVSLVGIEILTIEARVVIASVDTWLRYAEAVGLLTDK 67
                              89************************************************************97764 PP

>> nat_f65654f9aa3b69f34daa  
   #    score  bias  c-Evalue  i-Evalue hmmfrom  hmm to    alifrom  ali to    envfrom  env to     acc
 ---   ------ ----- --------- --------- ------- -------    ------- -------    ------- -------    ----
   1 !  125.1   3.7   4.6e-38   6.7e-38       3      70 ..       4      71 ..       1      72 [] 0.96

  Alignments for each domain:
  == domain 1  score: 125.1 bits;  conditional E-value: 4.6e-38
                      gvpa  3 vekvsassslaevldrvLdkGvvidawvrvsLvGielltvearvvvasvdtyLkyaeavglteqaalt 70
                              v+k+++ssslaev+dr+LdkG+vidawv+vsLvGiell+vearvv+asv+tyLkyaea+glt  aa +
  nat_f65654f9aa3b69f34daa  4 VQKSTDSSSLAEVVDRILDKGIVIDAWVKVSLVGIELLSVEARVVIASVETYLKYAEAIGLTASAAAP 71
                              899************************************************************99987 PP

>> nat_52878bc67dc3956b9eaa  
   #    score  bias  c-Evalue  i-Evalue hmmfrom  hmm to    alifrom  ali to    envfrom  env to     acc
 ---   ------ ----- --------- --------- ------- -------    ------- -------    ------- -------    ----
   1 !  125.0   3.0   5.2e-38   7.4e-38       1      67 [.       1      67 [.       1      77 [. 0.95

  Alignments for each domain:
  == domain 1  score: 125.0 bits;  conditional E-value: 5.2e-38
                      gvpa  1 mavekvsassslaevldrvLdkGvvidawvrvsLvGielltvearvvvasvdtyLkyaeavglteqa 67
                              m ++k+++ssslaev+dr+LdkG+vida+vrvsLvGie+ltvearvv+asvdt+L+yaeavgl  + 
  nat_52878bc67dc3956b9eaa  1 MSIQKSTDSSSLAEVIDRILDKGIVIDAFVRVSLVGIEILTVEARVVIASVDTWLRYAEAVGLLRDE 67
                              89************************************************************98765 PP

>> nat_58552353178d8fa2f36f  
   #    score  bias  c-Evalue  i-Evalue hmmfrom  hmm to    alifrom  ali to    envfrom  env to     acc
 ---   ------ ----- --------- --------- ------- -------    ------- -------    ------- -------    ----
   1 !  125.0   1.8     5e-38   7.2e-38       1      67 [.       1      67 [.       1      82 [. 0.93

  Alignments for each domain:
  == domain 1  score: 125.0 bits;  conditional E-value: 5e-38
                      gvpa  1 mavekvsassslaevldrvLdkGvvidawvrvsLvGielltvearvvvasvdtyLkyaeavglteqa 67
                              mav+k+++ssslaev+dr+LdkG+vida++rvs+vGie+ltvearvv+asvdt+L+yaeavgl  + 
  nat_58552353178d8fa2f36f  1 MAVQKSTDSSSLAEVIDRILDKGIVIDAFARVSVVGIEILTVEARVVIASVDTWLRYAEAVGLLRDE 67
                              9*************************************************************98764 PP

>> nat_bd790502a785bc49c92c  
   #    score  bias  c-Evalue  i-Evalue hmmfrom  hmm to    alifrom  ali to    envfrom  env to     acc
 ---   ------ ----- --------- --------- ------- -------    ------- -------    ------- -------    ----
   1 !  125.0   3.0   5.2e-38   7.4e-38       1      67 [.       1      67 [.       1      77 [. 0.95

  Alignments for each domain:
  == domain 1  score: 125.0 bits;  conditional E-value: 5.2e-38
                      gvpa  1 mavekvsassslaevldrvLdkGvvidawvrvsLvGielltvearvvvasvdtyLkyaeavglteqa 67
                              m ++k+++ssslaev+dr+LdkG+vida+vrvsLvGie+ltvearvv+asvdt+L+yaeavgl  + 
  nat_bd790502a785bc49c92c  1 MSIQKSTDSSSLAEVIDRILDKGIVIDAFVRVSLVGIEILTVEARVVIASVDTWLRYAEAVGLLRDE 67
                              89************************************************************98765 PP

>> nat_d3c6f8adf24bb50b5677  
   #    score  bias  c-Evalue  i-Evalue hmmfrom  hmm to    alifrom  ali to    envfrom  env to     acc
 ---   ------ ----- --------- --------- ------- -------    ------- -------    ------- -------    ----
   1 !  125.0   2.0   5.3e-38   7.6e-38       1      68 [.       1      68 [.       1      81 [. 0.93

  Alignments for each domain:
  == domain 1  score: 125.0 bits;  conditional E-value: 5.3e-38
                      gvpa  1 mavekvsassslaevldrvLdkGvvidawvrvsLvGielltvearvvvasvdtyLkyaeavglteqaa 68
                              m ++k+++ssslaev+dr+LdkG+vida++rvsLvGie+lt+earvv+asvdt+L+yaeavgl  +  
  nat_d3c6f8adf24bb50b5677  1 MSIQKSADSSSLAEVIDRILDKGIVIDAFARVSLVGIEILTIEARVVIASVDTWLRYAEAVGLLRDEV 68
                              89************************************************************998754 PP

>> nat_2ea4868f939df14228bd  
   #    score  bias  c-Evalue  i-Evalue hmmfrom  hmm to    alifrom  ali to    envfrom  env to     acc
 ---   ------ ----- --------- --------- ------- -------    ------- -------    ------- -------    ----
   1 !  125.0   2.5   5.2e-38   7.4e-38       1      69 [.       1      69 [.       1      80 [. 0.94

  Alignments for each domain:
  == domain 1  score: 125.0 bits;  conditional E-value: 5.2e-38
                      gvpa  1 mavekvsassslaevldrvLdkGvvidawvrvsLvGielltvearvvvasvdtyLkyaeavglteqaal 69
                              ma++k+++ssslaev+dr+LdkG+vida+vrvs+vGie+ltvearvv+asvdt+L+yaeavgl ++ a 
  nat_2ea4868f939df14228bd  1 MALQKSTDSSSLAEVIDRILDKGIVIDAFVRVSVVGIEILTVEARVVIASVDTWLRYAEAVGLLQDGAE 69
                              99*************************************************************998765 PP

>> nat_a1aca46bcd6c4b9b05eb  
   #    score  bias  c-Evalue  i-Evalue hmmfrom  hmm to    alifrom  ali to    envfrom  env to     acc
 ---   ------ ----- --------- --------- ------- -------    ------- -------    ------- -------    ----
   1 !  125.0   2.4   5.3e-38   7.6e-38       1      66 [.       1      66 [.       1      77 [. 0.96

  Alignments for each domain:
  == domain 1  score: 125.0 bits;  conditional E-value: 5.3e-38
                      gvpa  1 mavekvsassslaevldrvLdkGvvidawvrvsLvGielltvearvvvasvdtyLkyaeavglteq 66
                              mav+k+++ssslaev+dr+LdkG+vida+vrvs+vGie+ltvearvv+asvdt+L+yaeavgl  +
  nat_a1aca46bcd6c4b9b05eb  1 MAVQKSTDSSSLAEVIDRILDKGIVIDAFVRVSVVGIEILTVEARVVIASVDTWLRYAEAVGLLRD 66
                              9*************************************************************9876 PP

>> nat_7e5a0ca10a01973b587c  
   #    score  bias  c-Evalue  i-Evalue hmmfrom  hmm to    alifrom  ali to    envfrom  env to     acc
 ---   ------ ----- --------- --------- ------- -------    ------- -------    ------- -------    ----
   1 !  124.9   3.3   5.3e-38   7.7e-38       1      67 [.       1      67 [.       1      80 [. 0.94

  Alignments for each domain:
  == domain 1  score: 124.9 bits;  conditional E-value: 5.3e-38
                      gvpa  1 mavekvsassslaevldrvLdkGvvidawvrvsLvGielltvearvvvasvdtyLkyaeavglteqa 67
                              mav+k+++ssslaev+dr+LdkG+vida+vrvs+vGie+ltvearvv+asvdt+L+yaeavgl ++ 
  nat_7e5a0ca10a01973b587c  1 MAVQKSTDSSSLAEVIDRILDKGIVIDAFVRVSVVGIEILTVEARVVIASVDTWLRYAEAVGLLGDN 67
                              9**************************************************************9875 PP

>> nat_243a30af717d5651d5fa  
   #    score  bias  c-Evalue  i-Evalue hmmfrom  hmm to    alifrom  ali to    envfrom  env to     acc
 ---   ------ ----- --------- --------- ------- -------    ------- -------    ------- -------    ----
   1 !  125.0   2.3   5.3e-38   7.5e-38       1      67 [.       1      67 [.       1      80 [. 0.94

  Alignments for each domain:
  == domain 1  score: 125.0 bits;  conditional E-value: 5.3e-38
                      gvpa  1 mavekvsassslaevldrvLdkGvvidawvrvsLvGielltvearvvvasvdtyLkyaeavglteqa 67
                              m v+k+++ssslaev+dr+LdkGvvid+++rvsLvGiel+t+earvv+asvdt+L+yaeavgl  + 
  nat_243a30af717d5651d5fa  1 MSVQKSTDSSSLAEVIDRILDKGVVIDVFARVSLVGIELITIEARVVIASVDTWLRYAEAVGLLRDE 67
                              89************************************************************98765 PP

>> nat_d1ffe3160c1f85b8feb9  
   #    score  bias  c-Evalue  i-Evalue hmmfrom  hmm to    alifrom  ali to    envfrom  env to     acc
 ---   ------ ----- --------- --------- ------- -------    ------- -------    ------- -------    ----
   1 !  125.0   5.8   5.2e-38   7.5e-38       1      67 [.       1      67 [.       1      68 [] 0.98

  Alignments for each domain:
  == domain 1  score: 125.0 bits;  conditional E-value: 5.2e-38
                      gvpa  1 mavekvsassslaevldrvLdkGvvidawvrvsLvGielltvearvvvasvdtyLkyaeavglteqa 67
                              mavek+ +sssl+ev+dr+LdkGvvidaw+rvsLvGiell+vear+vvasv+tyLkyaea+glt +a
  nat_d1ffe3160c1f85b8feb9  1 MAVEKTIGSSSLVEVVDRILDKGVVIDAWARVSLVGIELLAVEARIVVASVETYLKYAEAIGLTARA 67
                              9***************************************************************987 PP

>> nat_c253b9ec4d9a0828c2c9  
   #    score  bias  c-Evalue  i-Evalue hmmfrom  hmm to    alifrom  ali to    envfrom  env to     acc
 ---   ------ ----- --------- --------- ------- -------    ------- -------    ------- -------    ----
   1 !  125.0   2.0   5.3e-38   7.6e-38       1      69 [.       1      69 [.       1      82 [. 0.91

  Alignments for each domain:
  == domain 1  score: 125.0 bits;  conditional E-value: 5.3e-38
                      gvpa  1 mavekvsassslaevldrvLdkGvvidawvrvsLvGielltvearvvvasvdtyLkyaeavglteqaal 69
                              ma++k+++ssslaev+dr+LdkG+vida++rvs+vGie+lt+earvv+asvdt+L+yaeavgl  +  +
  nat_c253b9ec4d9a0828c2c9  1 MAIQKSADSSSLAEVIDRILDKGIVIDAFARVSVVGIEILTIEARVVIASVDTWLRYAEAVGLLRDDVQ 69
                              9*************************************************************9876443 PP

>> nat_3426f2b4953d2172f209  
   #    score  bias  c-Evalue  i-Evalue hmmfrom  hmm to    alifrom  ali to    envfrom  env to     acc
 ---   ------ ----- --------- --------- ------- -------    ------- -------    ------- -------    ----
   1 !  124.9   5.0   5.5e-38   7.9e-38       1      69 [.       1      69 [.       1      70 [] 0.98

  Alignments for each domain:
  == domain 1  score: 124.9 bits;  conditional E-value: 5.5e-38
                      gvpa  1 mavekvsassslaevldrvLdkGvvidawvrvsLvGielltvearvvvasvdtyLkyaeavglteqaal 69
                              ma+ek+ assslaev+dr+LdkGvv+da++rv+LvGiel+++earvv+asv+t+Lkyaeavgl+ q+++
  nat_3426f2b4953d2172f209  1 MAIEKSIASSSLAEVIDRILDKGVVVDAFIRVALVGIELIAIEARVVIASVETWLKYAEAVGLVAQPQT 69
                              9***************************************************************99876 PP

>> nat_9e1803ec0ea9ee179a94  
   #    score  bias  c-Evalue  i-Evalue hmmfrom  hmm to    alifrom  ali to    envfrom  env to     acc
 ---   ------ ----- --------- --------- ------- -------    ------- -------    ------- -------    ----
   1 !  124.9   2.2   5.7e-38   8.2e-38       1      67 [.       1      67 [.       1      80 [. 0.93

  Alignments for each domain:
  == domain 1  score: 124.9 bits;  conditional E-value: 5.7e-38
                      gvpa  1 mavekvsassslaevldrvLdkGvvidawvrvsLvGielltvearvvvasvdtyLkyaeavglteqa 67
                              mav+k+++ssslaev+dr+LdkG+vida++rvs+vGie+lt+earvv+asvdt+L+yaeavgl ++ 
  nat_9e1803ec0ea9ee179a94  1 MAVQKSTDSSSLAEVIDRILDKGIVIDAFARVSVVGIEILTIEARVVIASVDTWLRYAEAVGLLTDE 67
                              9*************************************************************97654 PP

>> nat_00eda75e8d86c0000a3e  
   #    score  bias  c-Evalue  i-Evalue hmmfrom  hmm to    alifrom  ali to    envfrom  env to     acc
 ---   ------ ----- --------- --------- ------- -------    ------- -------    ------- -------    ----
   1 !  124.8   1.9   5.8e-38   8.3e-38       1      67 [.       1      67 [.       1      80 [. 0.92

  Alignments for each domain:
  == domain 1  score: 124.8 bits;  conditional E-value: 5.8e-38
                      gvpa  1 mavekvsassslaevldrvLdkGvvidawvrvsLvGielltvearvvvasvdtyLkyaeavglteqa 67
                              mav+k+++ssslaev+dr+LdkG+vida++rvs+vGie+ltvearvv+asvdt+L+yaeavgl ++ 
  nat_00eda75e8d86c0000a3e  1 MAVQKTADSSSLAEVIDRILDKGIVIDAFARVSVVGIEILTVEARVVIASVDTWLRYAEAVGLLTDQ 67
                              9*************************************************************86654 PP

>> nat_fe5639b3f6715383286a  
   #    score  bias  c-Evalue  i-Evalue hmmfrom  hmm to    alifrom  ali to    envfrom  env to     acc
 ---   ------ ----- --------- --------- ------- -------    ------- -------    ------- -------    ----
   1 !  124.8   2.4   5.8e-38   8.3e-38       1      67 [.       1      67 [.       1      80 [. 0.94

  Alignments for each domain:
  == domain 1  score: 124.8 bits;  conditional E-value: 5.8e-38
                      gvpa  1 mavekvsassslaevldrvLdkGvvidawvrvsLvGielltvearvvvasvdtyLkyaeavglteqa 67
                              m v+k+++ssslaev+dr+LdkGvvid+++rvsLvGiel+tvearvv+asvdt+L+yaeavgl  + 
  nat_fe5639b3f6715383286a  1 MSVQKSTDSSSLAEVIDRILDKGVVIDVFARVSLVGIELITVEARVVIASVDTWLRYAEAVGLLRDE 67
                              89************************************************************98764 PP

>> nat_de4f0d0b434811184abb  
   #    score  bias  c-Evalue  i-Evalue hmmfrom  hmm to    alifrom  ali to    envfrom  env to     acc
 ---   ------ ----- --------- --------- ------- -------    ------- -------    ------- -------    ----
   1 !  124.8   0.9   5.8e-38   8.4e-38       1      67 [.       1      67 [.       1      82 [. 0.92

  Alignments for each domain:
  == domain 1  score: 124.8 bits;  conditional E-value: 5.8e-38
                      gvpa  1 mavekvsassslaevldrvLdkGvvidawvrvsLvGielltvearvvvasvdtyLkyaeavglteqa 67
                              mav+k+++s slaev+dr+LdkG+vida++rvsLvGie++tvearvv+asvdt+L+ya+avgl  + 
  nat_de4f0d0b434811184abb  1 MAVQKSTDSCSLAEVIDRILDKGIVIDAFARVSLVGIEIITVEARVVIASVDTWLRYANAVGLLRDD 67
                              9*************************************************************98653 PP

>> nat_19cd7b61a586d4e4fed8  
   #    score  bias  c-Evalue  i-Evalue hmmfrom  hmm to    alifrom  ali to    envfrom  env to     acc
 ---   ------ ----- --------- --------- ------- -------    ------- -------    ------- -------    ----
   1 !  124.8   3.6   6.2e-38   8.8e-38       1      67 [.       1      67 [.       1      77 [. 0.95

  Alignments for each domain:
  == domain 1  score: 124.8 bits;  conditional E-value: 6.2e-38
                      gvpa  1 mavekvsassslaevldrvLdkGvvidawvrvsLvGielltvearvvvasvdtyLkyaeavglteqa 67
                              m+v+k+++ssslaev+dr+LdkG+vida+vrvsLvGie+ltvearvv+asvdt+L+yaeavgl  + 
  nat_19cd7b61a586d4e4fed8  1 MTVQKSTDSSSLAEVIDRILDKGIVIDAFVRVSLVGIEILTVEARVVIASVDTWLRYAEAVGLLRDE 67
                              89************************************************************98765 PP

>> nat_ffde9c8a0aa4cd762cfd  
   #    score  bias  c-Evalue  i-Evalue hmmfrom  hmm to    alifrom  ali to    envfrom  env to     acc
 ---   ------ ----- --------- --------- ------- -------    ------- -------    ------- -------    ----
   1 !  124.8   5.4   5.8e-38   8.3e-38       1      68 [.       1      68 [.       1      70 [] 0.97

  Alignments for each domain:
  == domain 1  score: 124.8 bits;  conditional E-value: 5.8e-38
                      gvpa  1 mavekvsassslaevldrvLdkGvvidawvrvsLvGielltvearvvvasvdtyLkyaeavglteqaa 68
                              mavek +assslaev+dr+LdkGv++dawvrvsLvGiell+vearvvva vdtyLkyaeavglt  a+
  nat_ffde9c8a0aa4cd762cfd  1 MAVEKINASSSLAEVVDRILDKGVIVDAWVRVSLVGIELLAVEARVVVAGVDTYLKYAEAVGLTAGAQ 68
                              9**************************************************************98765 PP

>> nat_ba64cf7825cd36a3f8b7  
   #    score  bias  c-Evalue  i-Evalue hmmfrom  hmm to    alifrom  ali to    envfrom  env to     acc
 ---   ------ ----- --------- --------- ------- -------    ------- -------    ------- -------    ----
   1 !  124.8   1.8   6.1e-38   8.8e-38       1      68 [.       1      68 [.       1      80 [. 0.94

  Alignments for each domain:
  == domain 1  score: 124.8 bits;  conditional E-value: 6.1e-38
                      gvpa  1 mavekvsassslaevldrvLdkGvvidawvrvsLvGielltvearvvvasvdtyLkyaeavglteqaa 68
                              mav+k+++ssslaev+dr+LdkG+vida++rvs+vGie+ltvearvv+asvdt+L+yaeavgl  +  
  nat_ba64cf7825cd36a3f8b7  1 MAVQKSTDSSSLAEVIDRILDKGIVIDAYARVSVVGIEILTVEARVVIASVDTWLRYAEAVGLLRDEV 68
                              9*************************************************************998754 PP

>> nat_7f3ba3408331f0b52ea1  
   #    score  bias  c-Evalue  i-Evalue hmmfrom  hmm to    alifrom  ali to    envfrom  env to     acc
 ---   ------ ----- --------- --------- ------- -------    ------- -------    ------- -------    ----
   1 !  124.8   3.0   5.9e-38   8.4e-38       3      69 ..       2      68 ..       1      71 [] 0.95

  Alignments for each domain:
  == domain 1  score: 124.8 bits;  conditional E-value: 5.9e-38
                      gvpa  3 vekvsassslaevldrvLdkGvvidawvrvsLvGielltvearvvvasvdtyLkyaeavglteqaal 69
                              vek ++sssla+v+dr+LdkGvvidaw+rvsLvGie+l++earvv+asv+t+Lkyaeavglt  a+ 
  nat_7f3ba3408331f0b52ea1  2 VEKFNSSSSLADVIDRILDKGVVIDAWARVSLVGIEILALEARVVIASVETWLKYAEAVGLTAPAEE 68
                              7*************************************************************98875 PP

>> nat_245b236a00cae586f79f  
   #    score  bias  c-Evalue  i-Evalue hmmfrom  hmm to    alifrom  ali to    envfrom  env to     acc
 ---   ------ ----- --------- --------- ------- -------    ------- -------    ------- -------    ----
   1 !  124.7   3.0   6.3e-38   9.1e-38       1      66 [.       1      66 [.       1      77 [. 0.95

  Alignments for each domain:
  == domain 1  score: 124.7 bits;  conditional E-value: 6.3e-38
                      gvpa  1 mavekvsassslaevldrvLdkGvvidawvrvsLvGielltvearvvvasvdtyLkyaeavglteq 66
                              mav+k+++ssslaev+dr+LdkG+vida+vrvs+vGie+ltvearvv+asvdt+L+yaeavgl  +
  nat_245b236a00cae586f79f  1 MAVQKSTDSSSLAEVIDRILDKGIVIDAFVRVSVVGIEILTVEARVVIASVDTWLRYAEAVGLLRD 66
                              9*************************************************************9876 PP

>> nat_0a3c08d96e059eeafea8  
   #    score  bias  c-Evalue  i-Evalue hmmfrom  hmm to    alifrom  ali to    envfrom  env to     acc
 ---   ------ ----- --------- --------- ------- -------    ------- -------    ------- -------    ----
   1 !  124.8   3.3   6.1e-38   8.8e-38       1      74 [.       1      74 [.       1      82 [. 0.92

  Alignments for each domain:
  == domain 1  score: 124.8 bits;  conditional E-value: 6.1e-38
                      gvpa  1 mavekvsassslaevldrvLdkGvvidawvrvsLvGielltvearvvvasvdtyLkyaeavglteqaaltaaae 74
                              m ++k+++ssslaev+dr+LdkG+vida++rvsLvGie+ltvearvv+asvdt+L+yaeavgl  +    ++ e
  nat_0a3c08d96e059eeafea8  1 MSIQKSTDSSSLAEVIDRILDKGIVIDAFARVSLVGIEILTVEARVVIASVDTWLRYAEAVGLLRDEVEKEGIE 74
                              89*************************************************************99877666655 PP

>> nat_dcefec45b0e834bbd113  
   #    score  bias  c-Evalue  i-Evalue hmmfrom  hmm to    alifrom  ali to    envfrom  env to     acc
 ---   ------ ----- --------- --------- ------- -------    ------- -------    ------- -------    ----
   1 !  124.7   4.9   6.3e-38     9e-38       3      72 ..       4      73 ..       1      76 [] 0.95

  Alignments for each domain:
  == domain 1  score: 124.7 bits;  conditional E-value: 6.3e-38
                      gvpa  3 vekvsassslaevldrvLdkGvvidawvrvsLvGielltvearvvvasvdtyLkyaeavglteqaaltaa 72
                              v+k+++ssslaev+drvLdkG+vida+v+vsLvGiel+++earvvvasv+tyLkyaea+glt  aa +a 
  nat_dcefec45b0e834bbd113  4 VQKSTDSSSLAEVIDRVLDKGIVIDAFVKVSLVGIELIAIEARVVVASVETYLKYAEAIGLTASAAAPAR 73
                              899**************************************************************99965 PP

>> nat_c9bd062078459f510060  
   #    score  bias  c-Evalue  i-Evalue hmmfrom  hmm to    alifrom  ali to    envfrom  env to     acc
 ---   ------ ----- --------- --------- ------- -------    ------- -------    ------- -------    ----
   1 !  124.6   0.6   6.8e-38   9.8e-38       1      74 [.       1      74 [.       1      79 [. 0.93

  Alignments for each domain:
  == domain 1  score: 124.6 bits;  conditional E-value: 6.8e-38
                      gvpa  1 mavekvsassslaevldrvLdkGvvidawvrvsLvGielltvearvvvasvdtyLkyaeavglteqaaltaaae 74
                              m v+k+++ssslaev+dr+LdkG+vida++rvsL+Gie+ltvearvv+asvdt+L+yaeavgl  +  + +  e
  nat_c9bd062078459f510060  1 MSVQKSTDSSSLAEVIDRILDKGIVIDAFARVSLLGIEILTVEARVVIASVDTWLRYAEAVGLLRDEYQNENEE 74
                              89*************************************************************99877665544 PP

>> nat_8d9ebc646f6fec623f00  
   #    score  bias  c-Evalue  i-Evalue hmmfrom  hmm to    alifrom  ali to    envfrom  env to     acc
 ---   ------ ----- --------- --------- ------- -------    ------- -------    ------- -------    ----
   1 !  124.6   3.5   6.7e-38   9.6e-38       1      67 [.       1      67 [.       1      80 [. 0.94

  Alignments for each domain:
  == domain 1  score: 124.6 bits;  conditional E-value: 6.7e-38
                      gvpa  1 mavekvsassslaevldrvLdkGvvidawvrvsLvGielltvearvvvasvdtyLkyaeavglteqa 67
                              m ++k+++ssslaev+dr+LdkG+vida+vrvsLvGie+ltvearvv+asvdt+L+yaeavgl  + 
  nat_8d9ebc646f6fec623f00  1 MSIQKSTDSSSLAEVIDRILDKGIVIDAFVRVSLVGIEILTVEARVVIASVDTWLRYAEAVGLLRDE 67
                              89************************************************************98765 PP

>> nat_72774f3330f715fae401  
   #    score  bias  c-Evalue  i-Evalue hmmfrom  hmm to    alifrom  ali to    envfrom  env to     acc
 ---   ------ ----- --------- --------- ------- -------    ------- -------    ------- -------    ----
   1 !  124.6   2.5     7e-38     1e-37       1      68 [.       1      68 [.       1      81 [. 0.93

  Alignments for each domain:
  == domain 1  score: 124.6 bits;  conditional E-value: 7e-38
                      gvpa  1 mavekvsassslaevldrvLdkGvvidawvrvsLvGielltvearvvvasvdtyLkyaeavglteqaa 68
                              m ++k+++ssslaev+dr+LdkG+vida++rvsLvGie+ltvearvv+asvdt+L+yaeavgl  +  
  nat_72774f3330f715fae401  1 MSIQKSTDSSSLAEVIDRILDKGIVIDAFARVSLVGIEILTVEARVVIASVDTWLRYAEAVGLLRDEV 68
                              89************************************************************998754 PP

>> nat_ec1d66f4985b18dd0226  
   #    score  bias  c-Evalue  i-Evalue hmmfrom  hmm to    alifrom  ali to    envfrom  env to     acc
 ---   ------ ----- --------- --------- ------- -------    ------- -------    ------- -------    ----
   1 !  124.6   3.7   6.7e-38   9.6e-38       3      70 ..       4      71 ..       1      72 [] 0.96

  Alignments for each domain:
  == domain 1  score: 124.6 bits;  conditional E-value: 6.7e-38
                      gvpa  3 vekvsassslaevldrvLdkGvvidawvrvsLvGielltvearvvvasvdtyLkyaeavglteqaalt 70
                              ++k+++ssslaev+dr+LdkG+v+dawv+vsLvGiell+vearvvvasv+tyLkyaea+glt  aa +
  nat_ec1d66f4985b18dd0226  4 IQKSTDSSSLAEVVDRILDKGIVVDAWVKVSLVGIELLSVEARVVVASVETYLKYAEAIGLTATAASP 71
                              799************************************************************99987 PP

>> nat_f1aad1947e3e40ba9653  
   #    score  bias  c-Evalue  i-Evalue hmmfrom  hmm to    alifrom  ali to    envfrom  env to     acc
 ---   ------ ----- --------- --------- ------- -------    ------- -------    ------- -------    ----
   1 !  124.5   2.4   7.2e-38     1e-37       1      68 [.       1      68 [.       1      80 [. 0.93

  Alignments for each domain:
  == domain 1  score: 124.5 bits;  conditional E-value: 7.2e-38
                      gvpa  1 mavekvsassslaevldrvLdkGvvidawvrvsLvGielltvearvvvasvdtyLkyaeavglteqaa 68
                              mav+k+++ssslaev+dr+LdkG+vida++rvs+vGie+ltvearvv+asvdt+L+yaeavgl  +  
  nat_f1aad1947e3e40ba9653  1 MAVQKSTDSSSLAEVIDRILDKGIVIDAFARVSVVGIEILTVEARVVIASVDTWLRYAEAVGLLRDEV 68
                              9*************************************************************998754 PP

>> nat_f977e0ce7c4a878af278  
   #    score  bias  c-Evalue  i-Evalue hmmfrom  hmm to    alifrom  ali to    envfrom  env to     acc
 ---   ------ ----- --------- --------- ------- -------    ------- -------    ------- -------    ----
   1 !  124.6   1.4   7.1e-38     1e-37       1      70 [.       1      70 [.       1      81 [. 0.92

  Alignments for each domain:
  == domain 1  score: 124.6 bits;  conditional E-value: 7.1e-38
                      gvpa  1 mavekvsassslaevldrvLdkGvvidawvrvsLvGielltvearvvvasvdtyLkyaeavglteqaalt 70
                              m v+k+++ssslaev+dr+LdkG+vida++rvsL+Gie+ltvearvv+asvdt+L+yaeavgl ++ a  
  nat_f977e0ce7c4a878af278  1 MSVQKSTDSSSLAEVIDRILDKGIVIDAFARVSLLGIEILTVEARVVIASVDTWLRYAEAVGLLKDEADR 70
                              89*************************************************************9887644 PP

>> nat_cd15fd2a214ac9570bfd  
   #    score  bias  c-Evalue  i-Evalue hmmfrom  hmm to    alifrom  ali to    envfrom  env to     acc
 ---   ------ ----- --------- --------- ------- -------    ------- -------    ------- -------    ----
   1 !  124.5   2.6   7.4e-38   1.1e-37       3      70 ..      15      82 ..      12      83 .] 0.96

  Alignments for each domain:
  == domain 1  score: 124.5 bits;  conditional E-value: 7.4e-38
                      gvpa  3 vekvsassslaevldrvLdkGvvidawvrvsLvGielltvearvvvasvdtyLkyaeavglteqaalt 70
                              v+k+++ssslaev+dr+LdkG+vid+w++vsLvGiell++earvv+asv+tyLkyaea+glt  a+ +
  nat_cd15fd2a214ac9570bfd 15 VQKSTDSSSLAEVIDRILDKGIVIDVWAKVSLVGIELLSIEARVVIASVETYLKYAEAIGLTATASHP 82
                              899************************************************************99987 PP

>> nat_08ca607a70bf3998101a  
   #    score  bias  c-Evalue  i-Evalue hmmfrom  hmm to    alifrom  ali to    envfrom  env to     acc
 ---   ------ ----- --------- --------- ------- -------    ------- -------    ------- -------    ----
   1 !  124.5   7.2   7.2e-38     1e-37       1      69 [.       1      69 [.       1      70 [] 0.98

  Alignments for each domain:
  == domain 1  score: 124.5 bits;  conditional E-value: 7.2e-38
                      gvpa  1 mavekvsassslaevldrvLdkGvvidawvrvsLvGielltvearvvvasvdtyLkyaeavglteqaal 69
                              ma+ek++as+s+aev+dr+LdkGvv+da+vrvsLvGiel+++e+r+vvasv+t+Lkyaeavglt+++a+
  nat_08ca607a70bf3998101a  1 MAIEKSVASASIAEVVDRILDKGVVVDAFVRVSLVGIELIAIEVRAVVASVETWLKYAEAVGLTVDPAT 69
                              9****************************************************************9986 PP

>> nat_6bbc846fc8bfac59f7c6  
   #    score  bias  c-Evalue  i-Evalue hmmfrom  hmm to    alifrom  ali to    envfrom  env to     acc
 ---   ------ ----- --------- --------- ------- -------    ------- -------    ------- -------    ----
   1 !  124.6   2.9   6.9e-38     1e-37       3      70 ..       4      71 ..       1      72 [] 0.96

  Alignments for each domain:
  == domain 1  score: 124.6 bits;  conditional E-value: 6.9e-38
                      gvpa  3 vekvsassslaevldrvLdkGvvidawvrvsLvGielltvearvvvasvdtyLkyaeavglteqaalt 70
                              ++k+++ssslaev+dr+LdkG+vidaw++vsLvGiell++earvv+asv+tyLkyaea+glt+ aa +
  nat_6bbc846fc8bfac59f7c6  4 IQKSTDSSSLAEVVDRILDKGIVIDAWAKVSLVGIELLAIEARVVIASVETYLKYAEAIGLTSTAAAP 71
                              799************************************************************99976 PP

>> nat_e1d36a7c3cd6d18fbd5a  
   #    score  bias  c-Evalue  i-Evalue hmmfrom  hmm to    alifrom  ali to    envfrom  env to     acc
 ---   ------ ----- --------- --------- ------- -------    ------- -------    ------- -------    ----
   1 !  124.5   1.7   7.2e-38     1e-37       1      67 [.       1      67 [.       1      81 [. 0.93

  Alignments for each domain:
  == domain 1  score: 124.5 bits;  conditional E-value: 7.2e-38
                      gvpa  1 mavekvsassslaevldrvLdkGvvidawvrvsLvGielltvearvvvasvdtyLkyaeavglteqa 67
                              ma++k+++ssslaev+dr+LdkG+vida+vrvs+vGie+ltvearvv+asvdt+L+yaeavgl  + 
  nat_e1d36a7c3cd6d18fbd5a  1 MALQKSTDSSSLAEVIDRILDKGIVIDAFVRVSVVGIEILTVEARVVIASVDTWLRYAEAVGLLRDG 67
                              99************************************************************98765 PP

>> nat_3d07312c83e7c32af7ba  
   #    score  bias  c-Evalue  i-Evalue hmmfrom  hmm to    alifrom  ali to    envfrom  env to     acc
 ---   ------ ----- --------- --------- ------- -------    ------- -------    ------- -------    ----
   1 !  124.5   2.3   7.3e-38     1e-37       1      66 [.       1      66 [.       1      80 [. 0.94

  Alignments for each domain:
  == domain 1  score: 124.5 bits;  conditional E-value: 7.3e-38
                      gvpa  1 mavekvsassslaevldrvLdkGvvidawvrvsLvGielltvearvvvasvdtyLkyaeavglteq 66
                              m v+k+++ssslaev+dr+LdkGvvid+++rvsLvGiel+tvearvv+asvdt+L+yaeavgl  +
  nat_3d07312c83e7c32af7ba  1 MSVQKSTDSSSLAEVIDRILDKGVVIDVFARVSLVGIELITVEARVVIASVDTWLRYAEAVGLLRD 66
                              89************************************************************9876 PP

>> nat_cd47d1496d29850f6644  
   #    score  bias  c-Evalue  i-Evalue hmmfrom  hmm to    alifrom  ali to    envfrom  env to     acc
 ---   ------ ----- --------- --------- ------- -------    ------- -------    ------- -------    ----
   1 !  124.5   2.3   7.3e-38     1e-37       1      67 [.       1      67 [.       1      82 [. 0.91

  Alignments for each domain:
  == domain 1  score: 124.5 bits;  conditional E-value: 7.3e-38
                      gvpa  1 mavekvsassslaevldrvLdkGvvidawvrvsLvGielltvearvvvasvdtyLkyaeavglteqa 67
                              ma++k+++ssslaev+dr+LdkG+vida++rvs+vGie+ltvearvv+asvdt+L+yaeavgl  + 
  nat_cd47d1496d29850f6644  1 MAIQKSNNSSSLAEVIDRILDKGIVIDAFARVSVVGIEILTVEARVVIASVDTWLRYAEAVGLLRDD 67
                              9*************************************************************98764 PP

>> nat_feed1d4c7965994c10d5  
   #    score  bias  c-Evalue  i-Evalue hmmfrom  hmm to    alifrom  ali to    envfrom  env to     acc
 ---   ------ ----- --------- --------- ------- -------    ------- -------    ------- -------    ----
   1 !  124.5   2.1   7.5e-38   1.1e-37       1      68 [.       1      68 [.       1      80 [. 0.93

  Alignments for each domain:
  == domain 1  score: 124.5 bits;  conditional E-value: 7.5e-38
                      gvpa  1 mavekvsassslaevldrvLdkGvvidawvrvsLvGielltvearvvvasvdtyLkyaeavglteqaa 68
                              m v+k+++ssslaev+dr+LdkG+vida+vrvs+vGie+ltvearvv+asvdt+L+yaeavgl  +  
  nat_feed1d4c7965994c10d5  1 MSVQKSTDSSSLAEVIDRILDKGIVIDAFVRVSVVGIEILTVEARVVIASVDTWLRYAEAVGLLRDEV 68
                              89************************************************************998754 PP

>> nat_e7917ca07f716dbc393f  
   #    score  bias  c-Evalue  i-Evalue hmmfrom  hmm to    alifrom  ali to    envfrom  env to     acc
 ---   ------ ----- --------- --------- ------- -------    ------- -------    ------- -------    ----
   1 !  124.5   3.2   7.5e-38   1.1e-37       1      67 [.       1      67 [.       1      80 [. 0.94

  Alignments for each domain:
  == domain 1  score: 124.5 bits;  conditional E-value: 7.5e-38
                      gvpa  1 mavekvsassslaevldrvLdkGvvidawvrvsLvGielltvearvvvasvdtyLkyaeavglteqa 67
                              mav+k+++ssslaev+dr+LdkG+vida+vrvs+vGie+ltvearvv+asvdt+L+yaeavgl  + 
  nat_e7917ca07f716dbc393f  1 MAVQKSTDSSSLAEVIDRILDKGIVIDAYVRVSVVGIEILTVEARVVIASVDTWLRYAEAVGLLRDD 67
                              9*************************************************************98764 PP

>> nat_ac44a557fbffad89a437  
   #    score  bias  c-Evalue  i-Evalue hmmfrom  hmm to    alifrom  ali to    envfrom  env to     acc
 ---   ------ ----- --------- --------- ------- -------    ------- -------    ------- -------    ----
   1 !  124.5   2.2   7.4e-38   1.1e-37       6      75 ..       3      72 .]       1      72 [] 0.97

  Alignments for each domain:
  == domain 1  score: 124.5 bits;  conditional E-value: 7.4e-38
                      gvpa  6 vsassslaevldrvLdkGvvidawvrvsLvGielltvearvvvasvdtyLkyaeavglteqaaltaaaee 75
                              +++ssslaevldrvLdkGvv+d+++r+sLvGie+ltvearvv+asvdt+L+yae+++++eqa+lta+ae+
  nat_ac44a557fbffad89a437  3 QPDSSSLAEVLDRVLDKGVVVDVYARLSLVGIEILTVEARVVAASVDTFLHYAEEIAKIEQAELTAGAEA 72
                              799***************************************************************9985 PP

>> nat_cb58ba6802b0f699eec6  
   #    score  bias  c-Evalue  i-Evalue hmmfrom  hmm to    alifrom  ali to    envfrom  env to     acc
 ---   ------ ----- --------- --------- ------- -------    ------- -------    ------- -------    ----
   1 !  124.5   3.7   7.3e-38   1.1e-37       3      70 ..       4      71 ..       1      72 [] 0.96

  Alignments for each domain:
  == domain 1  score: 124.5 bits;  conditional E-value: 7.3e-38
                      gvpa  3 vekvsassslaevldrvLdkGvvidawvrvsLvGielltvearvvvasvdtyLkyaeavglteqaalt 70
                              v+k+++ssslaev+dr+LdkG+v+dawv+vsLvGiell+vearvv+asv+tyLkyaea+glt  aa +
  nat_cb58ba6802b0f699eec6  4 VQKSTDSSSLAEVVDRILDKGIVVDAWVKVSLVGIELLSVEARVVIASVETYLKYAEAIGLTATAASP 71
                              899************************************************************99987 PP

>> nat_edef782f11b8c7eacb34  
   #    score  bias  c-Evalue  i-Evalue hmmfrom  hmm to    alifrom  ali to    envfrom  env to     acc
 ---   ------ ----- --------- --------- ------- -------    ------- -------    ------- -------    ----
   1 !  124.4   2.6   7.9e-38   1.1e-37       1      66 [.       1      66 [.       1      77 [. 0.95

  Alignments for each domain:
  == domain 1  score: 124.4 bits;  conditional E-value: 7.9e-38
                      gvpa  1 mavekvsassslaevldrvLdkGvvidawvrvsLvGielltvearvvvasvdtyLkyaeavglteq 66
                              mav+k+++ssslaev+dr+LdkG+vida++rvsLvGie+ltvearvv+asvdt+L+ya+avgl  +
  nat_edef782f11b8c7eacb34  1 MAVQKSTDSSSLAEVIDRILDKGIVIDAFARVSLVGIEILTVEARVVIASVDTWLRYANAVGLLRD 66
                              9*************************************************************9876 PP

>> nat_42c893463fb64a324e03  
   #    score  bias  c-Evalue  i-Evalue hmmfrom  hmm to    alifrom  ali to    envfrom  env to     acc
 ---   ------ ----- --------- --------- ------- -------    ------- -------    ------- -------    ----
   1 !  124.5   4.3   7.6e-38   1.1e-37       3      70 ..       4      71 ..       1      72 [] 0.96

  Alignments for each domain:
  == domain 1  score: 124.5 bits;  conditional E-value: 7.6e-38
                      gvpa  3 vekvsassslaevldrvLdkGvvidawvrvsLvGielltvearvvvasvdtyLkyaeavglteqaalt 70
                              v k+++ssslaev+drvLdkG+v+dawv+vsLvGiell+vearvvvasv+tyLkyaea+glt  aa++
  nat_42c893463fb64a324e03  4 VAKSTDSSSLAEVVDRVLDKGIVVDAWVKVSLVGIELLSVEARVVVASVETYLKYAEAIGLTATAATP 71
                              789**************************************************************998 PP

>> nat_3ce8f60b99b21237414a  
   #    score  bias  c-Evalue  i-Evalue hmmfrom  hmm to    alifrom  ali to    envfrom  env to     acc
 ---   ------ ----- --------- --------- ------- -------    ------- -------    ------- -------    ----
   1 !  124.4   3.8   7.9e-38   1.1e-37       1      66 [.       1      66 [.       1      77 [. 0.95

  Alignments for each domain:
  == domain 1  score: 124.4 bits;  conditional E-value: 7.9e-38
                      gvpa  1 mavekvsassslaevldrvLdkGvvidawvrvsLvGielltvearvvvasvdtyLkyaeavglteq 66
                              m v+k+++ssslaev+dr+LdkG+vida+vrvsLvGie+ltvearvv+asvdt+L+yaeavgl  +
  nat_3ce8f60b99b21237414a  1 MSVQKSTDSSSLAEVIDRILDKGIVIDAFVRVSLVGIEILTVEARVVIASVDTWLRYAEAVGLLRD 66
                              89************************************************************9876 PP

>> nat_a67e165cabef467e0ac9  
   #    score  bias  c-Evalue  i-Evalue hmmfrom  hmm to    alifrom  ali to    envfrom  env to     acc
 ---   ------ ----- --------- --------- ------- -------    ------- -------    ------- -------    ----
   1 !  124.5   3.0   7.6e-38   1.1e-37       1      68 [.       1      68 [.       1      82 [. 0.90

  Alignments for each domain:
  == domain 1  score: 124.5 bits;  conditional E-value: 7.6e-38
                      gvpa  1 mavekvsassslaevldrvLdkGvvidawvrvsLvGielltvearvvvasvdtyLkyaeavglteqaa 68
                              ma++k+++ssslaev+dr+LdkG+vida+vrvs+vGie+ltvearvv+asvdt+L+yaeavgl ++  
  nat_a67e165cabef467e0ac9  1 MALQKSTDSSSLAEVIDRILDKGIVIDAFVRVSVVGIEILTVEARVVIASVDTWLRYAEAVGLLQDEY 68
                              99************************************************************998753 PP

>> nat_f39b437ab8564f78da8d  
   #    score  bias  c-Evalue  i-Evalue hmmfrom  hmm to    alifrom  ali to    envfrom  env to     acc
 ---   ------ ----- --------- --------- ------- -------    ------- -------    ------- -------    ----
   1 !  124.4   2.0   7.9e-38   1.1e-37       1      67 [.       1      67 [.       1      80 [. 0.93

  Alignments for each domain:
  == domain 1  score: 124.4 bits;  conditional E-value: 7.9e-38
                      gvpa  1 mavekvsassslaevldrvLdkGvvidawvrvsLvGielltvearvvvasvdtyLkyaeavglteqa 67
                              m ++k+++sssl+ev+dr+LdkG+vida++rvsLvGie+lt+earvv+asvdt+L+yaeavgl ++ 
  nat_f39b437ab8564f78da8d  1 MSIQKSTDSSSLVEVIDRILDKGIVIDAFARVSLVGIEILTIEARVVIASVDTWLRYAEAVGLLTDK 67
                              89************************************************************97764 PP

>> nat_e092f1bde34194b8d969  
   #    score  bias  c-Evalue  i-Evalue hmmfrom  hmm to    alifrom  ali to    envfrom  env to     acc
 ---   ------ ----- --------- --------- ------- -------    ------- -------    ------- -------    ----
   1 !  124.3   2.7   8.3e-38   1.2e-37       1      70 [.       1      70 [.       1      79 [. 0.93

  Alignments for each domain:
  == domain 1  score: 124.3 bits;  conditional E-value: 8.3e-38
                      gvpa  1 mavekvsassslaevldrvLdkGvvidawvrvsLvGielltvearvvvasvdtyLkyaeavglteqaalt 70
                              m ++k+++ssslaev+dr+LdkG+vida++rvsLvGie+lt+earvv+asvdt+L+yaeavgl  +  + 
  nat_e092f1bde34194b8d969  1 MSIQKSADSSSLAEVIDRILDKGIVIDAFARVSLVGIEILTIEARVVIASVDTWLRYAEAVGLLRDDVQE 70
                              89*************************************************************9876555 PP

>> nat_e1d8e1d8d2f54947a961  
   #    score  bias  c-Evalue  i-Evalue hmmfrom  hmm to    alifrom  ali to    envfrom  env to     acc
 ---   ------ ----- --------- --------- ------- -------    ------- -------    ------- -------    ----
   1 !  124.4   2.8   7.9e-38   1.1e-37       1      68 [.       1      68 [.       1      82 [. 0.92

  Alignments for each domain:
  == domain 1  score: 124.4 bits;  conditional E-value: 7.9e-38
                      gvpa  1 mavekvsassslaevldrvLdkGvvidawvrvsLvGielltvearvvvasvdtyLkyaeavglteqaa 68
                              m ++k+++ssslaev+dr+LdkG+vida++rvsLvGie+ltvearvv+asvdt+L+yaeavgl  +  
  nat_e1d8e1d8d2f54947a961  1 MSIQKSTDSSSLAEVIDRILDKGIVIDAFARVSLVGIEILTVEARVVIASVDTWLRYAEAVGLLRDEV 68
                              89************************************************************998754 PP

>> nat_4cea385a8794a0b112c3  
   #    score  bias  c-Evalue  i-Evalue hmmfrom  hmm to    alifrom  ali to    envfrom  env to     acc
 ---   ------ ----- --------- --------- ------- -------    ------- -------    ------- -------    ----
   1 !  124.3   1.9   8.4e-38   1.2e-37       1      71 [.       1      71 [.       1      83 [. 0.93

  Alignments for each domain:
  == domain 1  score: 124.3 bits;  conditional E-value: 8.4e-38
                      gvpa  1 mavekvsassslaevldrvLdkGvvidawvrvsLvGielltvearvvvasvdtyLkyaeavglteqaalta 71
                              ma ++ ++ssslaevldrvLdkGvvid+w+r+s+vGiellt+earvvvasvdt+L+yae+++++eqa+   
  nat_4cea385a8794a0b112c3  1 MANQRRPDSSSLAEVLDRVLDKGVVIDVWARISVVGIELLTIEARVVVASVDTFLHYAEEISKIEQASAEG 71
                              88899*************************************************************99764 PP

>> nat_6f2cfd5f0d50c7aee582  
   #    score  bias  c-Evalue  i-Evalue hmmfrom  hmm to    alifrom  ali to    envfrom  env to     acc
 ---   ------ ----- --------- --------- ------- -------    ------- -------    ------- -------    ----
   1 !  124.3   2.4   8.5e-38   1.2e-37       1      67 [.       1      67 [.       1      81 [. 0.92

  Alignments for each domain:
  == domain 1  score: 124.3 bits;  conditional E-value: 8.5e-38
                      gvpa  1 mavekvsassslaevldrvLdkGvvidawvrvsLvGielltvearvvvasvdtyLkyaeavglteqa 67
                              mav+k+++ssslaev+dr+LdkGvvid+++rvsLvGiel+t+earvv+asvdt+L+ya+avgl  + 
  nat_6f2cfd5f0d50c7aee582  1 MAVQKSTDSSSLAEVVDRILDKGVVIDVFARVSLVGIELITIEARVVIASVDTWLRYANAVGLLRDD 67
                              9*************************************************************98764 PP

>> nat_0971f3debca181ebc092  
   #    score  bias  c-Evalue  i-Evalue hmmfrom  hmm to    alifrom  ali to    envfrom  env to     acc
 ---   ------ ----- --------- --------- ------- -------    ------- -------    ------- -------    ----
   1 !  124.3   2.6   8.6e-38   1.2e-37       1      69 [.       1      69 [.       1      80 [. 0.94

  Alignments for each domain:
  == domain 1  score: 124.3 bits;  conditional E-value: 8.6e-38
                      gvpa  1 mavekvsassslaevldrvLdkGvvidawvrvsLvGielltvearvvvasvdtyLkyaeavglteqaal 69
                              ma++k+++ssslaev+dr+LdkG+vida+vrvs+vGie+ltvearvv+asvdt+L+yaeavgl  + a 
  nat_0971f3debca181ebc092  1 MALQKSTDSSSLAEVIDRILDKGIVIDAFVRVSVVGIEILTVEARVVIASVDTWLRYAEAVGLLRDGAE 69
                              99*************************************************************988765 PP

>> nat_4e9e86277af05dbd050d  
   #    score  bias  c-Evalue  i-Evalue hmmfrom  hmm to    alifrom  ali to    envfrom  env to     acc
 ---   ------ ----- --------- --------- ------- -------    ------- -------    ------- -------    ----
   1 !  124.2   2.2   9.4e-38   1.4e-37       1      71 [.       1      71 [.       1      82 [. 0.93

  Alignments for each domain:
  == domain 1  score: 124.2 bits;  conditional E-value: 9.4e-38
                      gvpa  1 mavekvsassslaevldrvLdkGvvidawvrvsLvGielltvearvvvasvdtyLkyaeavglteqaalta 71
                              ma ++ ++ssslaevldrvLdkGvvid+w+r+s+vGiellt+earvvvasvdt+L+yae+++++eqa+   
  nat_4e9e86277af05dbd050d  1 MANQRRPDSSSLAEVLDRVLDKGVVIDVWARISVVGIELLTIEARVVVASVDTFLHYAEEISKIEQASAEG 71
                              88899*************************************************************99765 PP

>> nat_d5b00906bcc6e7ee2601  
   #    score  bias  c-Evalue  i-Evalue hmmfrom  hmm to    alifrom  ali to    envfrom  env to     acc
 ---   ------ ----- --------- --------- ------- -------    ------- -------    ------- -------    ----
   1 !  124.2   1.5     9e-38   1.3e-37       1      67 [.       1      67 [.       1      80 [. 0.93

  Alignments for each domain:
  == domain 1  score: 124.2 bits;  conditional E-value: 9e-38
                      gvpa  1 mavekvsassslaevldrvLdkGvvidawvrvsLvGielltvearvvvasvdtyLkyaeavglteqa 67
                              m ++k+++ssslaev+dr+LdkG+vida++rvsLvGie+lt+earv++asvdt+L+yaeavgl ++ 
  nat_d5b00906bcc6e7ee2601  1 MSIQKSTDSSSLAEVIDRILDKGIVIDAFARVSLVGIEILTIEARVIIASVDTWLRYAEAVGLLTDK 67
                              89************************************************************97764 PP

>> nat_51d4aa4718d4ddd20574  
   #    score  bias  c-Evalue  i-Evalue hmmfrom  hmm to    alifrom  ali to    envfrom  env to     acc
 ---   ------ ----- --------- --------- ------- -------    ------- -------    ------- -------    ----
   1 !  124.2   2.8   9.4e-38   1.3e-37       1      66 [.       1      66 [.       1      77 [. 0.95

  Alignments for each domain:
  == domain 1  score: 124.2 bits;  conditional E-value: 9.4e-38
                      gvpa  1 mavekvsassslaevldrvLdkGvvidawvrvsLvGielltvearvvvasvdtyLkyaeavglteq 66
                              mav+k+++ssslaev+dr+LdkG+vida++rvsLvGie+ltvearvv+asvdt+L+ya+avgl  +
  nat_51d4aa4718d4ddd20574  1 MAVQKSTDSSSLAEVIDRILDKGIVIDAFARVSLVGIEILTVEARVVIASVDTWLRYANAVGLLRD 66
                              9*************************************************************9876 PP

>> nat_83d86218590801baa4be  
   #    score  bias  c-Evalue  i-Evalue hmmfrom  hmm to    alifrom  ali to    envfrom  env to     acc
 ---   ------ ----- --------- --------- ------- -------    ------- -------    ------- -------    ----
   1 !  124.2   2.5   9.4e-38   1.4e-37       1      68 [.       1      68 [.       1      80 [. 0.91

  Alignments for each domain:
  == domain 1  score: 124.2 bits;  conditional E-value: 9.4e-38
                      gvpa  1 mavekvsassslaevldrvLdkGvvidawvrvsLvGielltvearvvvasvdtyLkyaeavglteqaa 68
                              m ++k+++ssslaev+dr+LdkG+vida++rvsLvGie+lt+earvv+asvdt+L+yaeavgl  +  
  nat_83d86218590801baa4be  1 MGIQKSADSSSLAEVIDRILDKGIVIDAFARVSLVGIEILTIEARVVIASVDTWLRYAEAVGLLRDDV 68
                              889***********************************************************987644 PP

>> nat_46ac4cba4b1b67d73932  
   #    score  bias  c-Evalue  i-Evalue hmmfrom  hmm to    alifrom  ali to    envfrom  env to     acc
 ---   ------ ----- --------- --------- ------- -------    ------- -------    ------- -------    ----
   1 !  124.2   2.4   9.4e-38   1.3e-37       1      68 [.       1      68 [.       1      80 [. 0.93

  Alignments for each domain:
  == domain 1  score: 124.2 bits;  conditional E-value: 9.4e-38
                      gvpa  1 mavekvsassslaevldrvLdkGvvidawvrvsLvGielltvearvvvasvdtyLkyaeavglteqaa 68
                              mav+k+++ssslaev+dr+LdkGvvid+++rvsLvGiel+t+earvv+asvdt+L+ya+avgl  +  
  nat_46ac4cba4b1b67d73932  1 MAVQKSTDSSSLAEVVDRILDKGVVIDVFARVSLVGIELITIEARVVIASVDTWLRYANAVGLLRDDV 68
                              9*************************************************************987654 PP

>> nat_d692e59ba181a3631d4d  
   #    score  bias  c-Evalue  i-Evalue hmmfrom  hmm to    alifrom  ali to    envfrom  env to     acc
 ---   ------ ----- --------- --------- ------- -------    ------- -------    ------- -------    ----
   1 !  124.2   2.3   9.2e-38   1.3e-37       1      67 [.       1      67 [.       1      80 [. 0.93

  Alignments for each domain:
  == domain 1  score: 124.2 bits;  conditional E-value: 9.2e-38
                      gvpa  1 mavekvsassslaevldrvLdkGvvidawvrvsLvGielltvearvvvasvdtyLkyaeavglteqa 67
                              m v+k+++ssslaev+dr+LdkG+vida+vrvs+vGie+ltvearvv+asvdt+L+yaeavgl  + 
  nat_d692e59ba181a3631d4d  1 MSVQKSTDSSSLAEVIDRILDKGIVIDAFVRVSVVGIEILTVEARVVIASVDTWLRYAEAVGLLRDE 67
                              89************************************************************98765 PP

>> nat_7549e3c1301e8688c306  
   #    score  bias  c-Evalue  i-Evalue hmmfrom  hmm to    alifrom  ali to    envfrom  env to     acc
 ---   ------ ----- --------- --------- ------- -------    ------- -------    ------- -------    ----
   1 !  124.1   3.7   9.6e-38   1.4e-37       1      67 [.       1      67 [.       1      78 [. 0.95

  Alignments for each domain:
  == domain 1  score: 124.1 bits;  conditional E-value: 9.6e-38
                      gvpa  1 mavekvsassslaevldrvLdkGvvidawvrvsLvGielltvearvvvasvdtyLkyaeavglteqa 67
                              mav+k+++ssslaev+dr+LdkG+vida+vrvs+vGie+ltvearvv+asvdt+L+yaeavgl  + 
  nat_7549e3c1301e8688c306  1 MAVQKSTDSSSLAEVIDRILDKGIVIDAFVRVSVVGIEILTVEARVVIASVDTWLRYAEAVGLLRDE 67
                              9*************************************************************98764 PP

>> nat_426945d8cc00ec8955a1  
   #    score  bias  c-Evalue  i-Evalue hmmfrom  hmm to    alifrom  ali to    envfrom  env to     acc
 ---   ------ ----- --------- --------- ------- -------    ------- -------    ------- -------    ----
   1 !  124.2   2.7   9.5e-38   1.4e-37       1      68 [.       1      68 [.       1      81 [. 0.92

  Alignments for each domain:
  == domain 1  score: 124.2 bits;  conditional E-value: 9.5e-38
                      gvpa  1 mavekvsassslaevldrvLdkGvvidawvrvsLvGielltvearvvvasvdtyLkyaeavglteqaa 68
                              ma++k+++ssslaev+dr+LdkG+vida++rvs+vGie+lt+earvv+asvdt+L+yaeavgl  +  
  nat_426945d8cc00ec8955a1  1 MAIQKSTDSSSLAEVIDRILDKGIVIDAFARVSVVGIEILTIEARVVIASVDTWLRYAEAVGLLRDEV 68
                              9*************************************************************998754 PP

>> nat_ca9d4013ee99a3222d42  
   #    score  bias  c-Evalue  i-Evalue hmmfrom  hmm to    alifrom  ali to    envfrom  env to     acc
 ---   ------ ----- --------- --------- ------- -------    ------- -------    ------- -------    ----
   1 !  124.1   2.8   9.9e-38   1.4e-37       1      67 [.       1      67 [.       1      79 [. 0.93

  Alignments for each domain:
  == domain 1  score: 124.1 bits;  conditional E-value: 9.9e-38
                      gvpa  1 mavekvsassslaevldrvLdkGvvidawvrvsLvGielltvearvvvasvdtyLkyaeavglteqa 67
                              m ++k+++ssslaev+dr+LdkG+vida++rvsLvGie+ltvearvv+asvdt+L+yaeavgl  + 
  nat_ca9d4013ee99a3222d42  1 MSIQKSTDSSSLAEVIDRILDKGIVIDAFARVSLVGIEILTVEARVVIASVDTWLRYAEAVGLLRDE 67
                              89************************************************************98764 PP

>> nat_e6550f96a73166345a2a  
   #    score  bias  c-Evalue  i-Evalue hmmfrom  hmm to    alifrom  ali to    envfrom  env to     acc
 ---   ------ ----- --------- --------- ------- -------    ------- -------    ------- -------    ----
   1 !  124.2   3.6   9.2e-38   1.3e-37       3      71 ..       4      72 ..       1      73 [] 0.96

  Alignments for each domain:
  == domain 1  score: 124.2 bits;  conditional E-value: 9.2e-38
                      gvpa  3 vekvsassslaevldrvLdkGvvidawvrvsLvGielltvearvvvasvdtyLkyaeavglteqaalta 71
                              v+k+++ssslaev+dr+LdkG+vid+w++vsLvGiell++earvv+asv+tyLkyaea+glt  aa +a
  nat_e6550f96a73166345a2a  4 VQKSTDSSSLAEVVDRILDKGIVIDVWAKVSLVGIELLSIEARVVIASVETYLKYAEAIGLTATAAAPA 72
                              899**************************************************************9986 PP

>> nat_b409898218d5081ec434  
   #    score  bias  c-Evalue  i-Evalue hmmfrom  hmm to    alifrom  ali to    envfrom  env to     acc
 ---   ------ ----- --------- --------- ------- -------    ------- -------    ------- -------    ----
   1 !  124.1   3.9   9.8e-38   1.4e-37       3      70 ..       4      71 ..       1      72 [] 0.96

  Alignments for each domain:
  == domain 1  score: 124.1 bits;  conditional E-value: 9.8e-38
                      gvpa  3 vekvsassslaevldrvLdkGvvidawvrvsLvGielltvearvvvasvdtyLkyaeavglteqaalt 70
                              v+k+++sssl ev+dr+LdkG+vidawv+vsLvGiel+t+earvvvasv+tyLkyaeavglt  aa +
  nat_b409898218d5081ec434  4 VQKSTDSSSLGEVVDRILDKGIVIDAWVKVSLVGIELITIEARVVVASVETYLKYAEAVGLTASAAAP 71
                              899************************************************************99987 PP

>> nat_1ae061b1db7a06cf0b36  
   #    score  bias  c-Evalue  i-Evalue hmmfrom  hmm to    alifrom  ali to    envfrom  env to     acc
 ---   ------ ----- --------- --------- ------- -------    ------- -------    ------- -------    ----
   1 !  124.0   2.6   1.1e-37   1.5e-37       1      67 [.       1      67 [.       1      81 [. 0.92

  Alignments for each domain:
  == domain 1  score: 124.0 bits;  conditional E-value: 1.1e-37
                      gvpa  1 mavekvsassslaevldrvLdkGvvidawvrvsLvGielltvearvvvasvdtyLkyaeavglteqa 67
                              mav+k+++ssslaev+dr+LdkGvvid+++rvsLvGiel+t+earvv+asvdt+L+ya+avgl  + 
  nat_1ae061b1db7a06cf0b36  1 MAVQKSTDSSSLAEVVDRILDKGVVIDVFARVSLVGIELITIEARVVIASVDTWLRYANAVGLLRDD 67
                              9*************************************************************98764 PP

>> nat_c4bd9707d576667fbfb8  
   #    score  bias  c-Evalue  i-Evalue hmmfrom  hmm to    alifrom  ali to    envfrom  env to     acc
 ---   ------ ----- --------- --------- ------- -------    ------- -------    ------- -------    ----
   1 !  124.0   3.4     1e-37   1.5e-37       3      71 ..       4      72 ..       1      73 [] 0.96

  Alignments for each domain:
  == domain 1  score: 124.0 bits;  conditional E-value: 1e-37
                      gvpa  3 vekvsassslaevldrvLdkGvvidawvrvsLvGielltvearvvvasvdtyLkyaeavglteqaalta 71
                              v+k+++ssslaev+dr+LdkG+vid+w++vsLvGiell++earvv+asv+tyLkyaea+glt  aa ++
  nat_c4bd9707d576667fbfb8  4 VQKSTDSSSLAEVVDRILDKGIVIDVWAKVSLVGIELLSIEARVVIASVETYLKYAEAIGLTATAAAPT 72
                              899*************************************************************99885 PP

>> nat_f3a6931071d746ea3e3e  
   #    score  bias  c-Evalue  i-Evalue hmmfrom  hmm to    alifrom  ali to    envfrom  env to     acc
 ---   ------ ----- --------- --------- ------- -------    ------- -------    ------- -------    ----
   1 !  123.9   2.5   1.1e-37   1.6e-37       1      67 [.       1      67 [.       1      81 [. 0.93

  Alignments for each domain:
  == domain 1  score: 123.9 bits;  conditional E-value: 1.1e-37
                      gvpa  1 mavekvsassslaevldrvLdkGvvidawvrvsLvGielltvearvvvasvdtyLkyaeavglteqa 67
                              ma++k+++ssslaev+dr+LdkG+vida++rvs+vGie+ltvearvv+asvdt+L+yaeavgl  + 
  nat_f3a6931071d746ea3e3e  1 MAIQKSNNSSSLAEVIDRILDKGIVIDAFARVSVVGIEILTVEARVVIASVDTWLRYAEAVGLLRDD 67
                              9*************************************************************98764 PP

>> nat_a182ae3bb53ca39deed1  
   #    score  bias  c-Evalue  i-Evalue hmmfrom  hmm to    alifrom  ali to    envfrom  env to     acc
 ---   ------ ----- --------- --------- ------- -------    ------- -------    ------- -------    ----
   1 !  123.9   2.6   1.1e-37   1.6e-37       1      67 [.       1      67 [.       1      80 [. 0.94

  Alignments for each domain:
  == domain 1  score: 123.9 bits;  conditional E-value: 1.1e-37
                      gvpa  1 mavekvsassslaevldrvLdkGvvidawvrvsLvGielltvearvvvasvdtyLkyaeavglteqa 67
                              mav+k+++ssslaev+dr+LdkG+vida++rvs+vGie+lt+earvv+asvdt+L+yaeavgl  + 
  nat_a182ae3bb53ca39deed1  1 MAVQKSTDSSSLAEVIDRILDKGIVIDAFARVSVVGIEILTIEARVVIASVDTWLRYAEAVGLLRDD 67
                              9*************************************************************98764 PP

>> nat_b454aacc4a69df8c17a0  
   #    score  bias  c-Evalue  i-Evalue hmmfrom  hmm to    alifrom  ali to    envfrom  env to     acc
 ---   ------ ----- --------- --------- ------- -------    ------- -------    ------- -------    ----
   1 !  123.9   2.7   1.1e-37   1.6e-37       1      67 [.       1      67 [.       1      79 [. 0.94

  Alignments for each domain:
  == domain 1  score: 123.9 bits;  conditional E-value: 1.1e-37
                      gvpa  1 mavekvsassslaevldrvLdkGvvidawvrvsLvGielltvearvvvasvdtyLkyaeavglteqa 67
                              m ++k+++ssslaev+dr+LdkG+vida++rvsLvGie+lt+earvv+asvdt+L+yaeavgl  + 
  nat_b454aacc4a69df8c17a0  1 MSIQKSADSSSLAEVIDRILDKGIVIDAFARVSLVGIEILTIEARVVIASVDTWLRYAEAVGLLRDD 67
                              89************************************************************98764 PP

>> nat_3dcd4bf22b7bbdb49d82  
   #    score  bias  c-Evalue  i-Evalue hmmfrom  hmm to    alifrom  ali to    envfrom  env to     acc
 ---   ------ ----- --------- --------- ------- -------    ------- -------    ------- -------    ----
   1 !  123.9   1.1   1.2e-37   1.7e-37       5      74 ..       6      75 ..       1      85 [. 0.92

  Alignments for each domain:
  == domain 1  score: 123.9 bits;  conditional E-value: 1.2e-37
                      gvpa  5 kvsassslaevldrvLdkGvvidawvrvsLvGielltvearvvvasvdtyLkyaeavglteqaaltaaae 74
                              + ++ssslaevldr+LdkGvvid+w+rvs+vGiellt+earvvvasvdt+L+yae+++++eqa+   + e
  nat_3dcd4bf22b7bbdb49d82  6 RRPDSSSLAEVLDRILDKGVVIDVWARVSVVGIELLTIEARVVVASVDTFLHYAEEIAKIEQATAEGGLE 75
                              789***********************************************************98876655 PP

>> nat_98510cc23b6e65ce4afa  
   #    score  bias  c-Evalue  i-Evalue hmmfrom  hmm to    alifrom  ali to    envfrom  env to     acc
 ---   ------ ----- --------- --------- ------- -------    ------- -------    ------- -------    ----
   1 !  123.8   2.3   1.2e-37   1.7e-37       1      67 [.       1      67 [.       1      81 [. 0.92

  Alignments for each domain:
  == domain 1  score: 123.8 bits;  conditional E-value: 1.2e-37
                      gvpa  1 mavekvsassslaevldrvLdkGvvidawvrvsLvGielltvearvvvasvdtyLkyaeavglteqa 67
                              ma++k+++ssslaev+dr+LdkG+vida++rvs+vGie+lt+earvv+asvdt+L+yaeavgl  + 
  nat_98510cc23b6e65ce4afa  1 MAIQKTTDSSSLAEVIDRILDKGIVIDAFARVSVVGIEILTIEARVVIASVDTWLRYAEAVGLLRDD 67
                              9*************************************************************98764 PP

>> nat_58de098a6c8aae0513de  
   #    score  bias  c-Evalue  i-Evalue hmmfrom  hmm to    alifrom  ali to    envfrom  env to     acc
 ---   ------ ----- --------- --------- ------- -------    ------- -------    ------- -------    ----
   1 !  123.9   4.0   1.1e-37   1.6e-37       3      70 ..       4      71 ..       1      72 [] 0.96

  Alignments for each domain:
  == domain 1  score: 123.9 bits;  conditional E-value: 1.1e-37
                      gvpa  3 vekvsassslaevldrvLdkGvvidawvrvsLvGielltvearvvvasvdtyLkyaeavglteqaalt 70
                              v+k+++sssl ev+dr+LdkG+vidawv+vsLvGiel+tvearvvvasv+tyLkyaeavglt  aa +
  nat_58de098a6c8aae0513de  4 VQKSTDSSSLGEVVDRILDKGIVIDAWVKVSLVGIELITVEARVVVASVETYLKYAEAVGLTASAAAP 71
                              899************************************************************99987 PP

>> nat_d067ede25f6c0516a956  
   #    score  bias  c-Evalue  i-Evalue hmmfrom  hmm to    alifrom  ali to    envfrom  env to     acc
 ---   ------ ----- --------- --------- ------- -------    ------- -------    ------- -------    ----
   1 !  123.8   2.3   1.2e-37   1.8e-37       1      72 [.       1      72 [.       1      81 [. 0.94

  Alignments for each domain:
  == domain 1  score: 123.8 bits;  conditional E-value: 1.2e-37
                      gvpa  1 mavekvsassslaevldrvLdkGvvidawvrvsLvGielltvearvvvasvdtyLkyaeavglteqaaltaa 72
                              m v+k+++ssslaev+dr+LdkG+vida++rvsLvGie+ltvearvv+asvdt+L+ya+avgl  + a+ ++
  nat_d067ede25f6c0516a956  1 MSVQKTADSSSLAEVIDRILDKGIVIDAYARVSLVGIEILTVEARVVIASVDTWLRYANAVGLLRDGAQEEG 72
                              89*************************************************************999887655 PP

>> nat_30c8db5b2a48ec02340b  
   #    score  bias  c-Evalue  i-Evalue hmmfrom  hmm to    alifrom  ali to    envfrom  env to     acc
 ---   ------ ----- --------- --------- ------- -------    ------- -------    ------- -------    ----
   1 !  123.8   1.1   1.2e-37   1.8e-37       5      73 ..       6      74 ..       1      85 [. 0.92

  Alignments for each domain:
  == domain 1  score: 123.8 bits;  conditional E-value: 1.2e-37
                      gvpa  5 kvsassslaevldrvLdkGvvidawvrvsLvGielltvearvvvasvdtyLkyaeavglteqaaltaaa 73
                              + ++ssslaevldr+LdkGvvid+w+r+s+vGiellt+earvvvasvdt+L+yae+++++eqa+     
  nat_30c8db5b2a48ec02340b  6 RRPDSSSLAEVLDRILDKGVVIDVWARISVVGIELLTIEARVVVASVDTFLHYAEEIAKIEQATAEGNM 74
                              789***********************************************************9876555 PP

>> nat_1da09a04eab900f30339  
   #    score  bias  c-Evalue  i-Evalue hmmfrom  hmm to    alifrom  ali to    envfrom  env to     acc
 ---   ------ ----- --------- --------- ------- -------    ------- -------    ------- -------    ----
   1 !  123.8   2.0   1.2e-37   1.8e-37       1      66 [.       1      66 [.       1      79 [. 0.94

  Alignments for each domain:
  == domain 1  score: 123.8 bits;  conditional E-value: 1.2e-37
                      gvpa  1 mavekvsassslaevldrvLdkGvvidawvrvsLvGielltvearvvvasvdtyLkyaeavglteq 66
                              m ++k+++ssslaev+dr+LdkG+vida++rvsLvGie+ltvearvv+asvdt+L+yaeavgl  +
  nat_1da09a04eab900f30339  1 MSIQKSAESSSLAEVIDRILDKGIVIDAFARVSLVGIEILTVEARVVIASVDTWLRYAEAVGLLRD 66
                              89************************************************************9876 PP

>> nat_6e2299007a2edd2a61ea  
   #    score  bias  c-Evalue  i-Evalue hmmfrom  hmm to    alifrom  ali to    envfrom  env to     acc
 ---   ------ ----- --------- --------- ------- -------    ------- -------    ------- -------    ----
   1 !  123.7   2.3   1.3e-37   1.9e-37       1      67 [.       1      67 [.       1      82 [. 0.91

  Alignments for each domain:
  == domain 1  score: 123.7 bits;  conditional E-value: 1.3e-37
                      gvpa  1 mavekvsassslaevldrvLdkGvvidawvrvsLvGielltvearvvvasvdtyLkyaeavglteqa 67
                              ma++k+++ssslaev+dr+LdkG+vida++rvs+vGie+lt+earvv+asvdt+L+yaeavgl  + 
  nat_6e2299007a2edd2a61ea  1 MAIQKTTDSSSLAEVIDRILDKGIVIDAFARVSVVGIEILTIEARVVIASVDTWLRYAEAVGLLRDD 67
                              9*************************************************************98754 PP

>> nat_354eeee0be3f0383107b  
   #    score  bias  c-Evalue  i-Evalue hmmfrom  hmm to    alifrom  ali to    envfrom  env to     acc
 ---   ------ ----- --------- --------- ------- -------    ------- -------    ------- -------    ----
   1 !  123.7   3.3   1.3e-37   1.9e-37       1      68 [.       1      68 [.       1      79 [. 0.92

  Alignments for each domain:
  == domain 1  score: 123.7 bits;  conditional E-value: 1.3e-37
                      gvpa  1 mavekvsassslaevldrvLdkGvvidawvrvsLvGielltvearvvvasvdtyLkyaeavglteqaa 68
                              m ++k+++ssslaev+dr+LdkG+vida+vrvsLvGie+ltvearvv+asvdt+L+ya+avgl  +  
  nat_354eeee0be3f0383107b  1 MSIQKSTDSSSLAEVIDRILDKGIVIDAFVRVSLVGIEILTVEARVVIASVDTWLRYANAVGLLRDDV 68
                              89************************************************************987654 PP

>> nat_9b2a86e0f5de235d8cf5  
   #    score  bias  c-Evalue  i-Evalue hmmfrom  hmm to    alifrom  ali to    envfrom  env to     acc
 ---   ------ ----- --------- --------- ------- -------    ------- -------    ------- -------    ----
   1 !  123.7   1.4   1.3e-37   1.8e-37       1      67 [.       1      67 [.       1      81 [. 0.92

  Alignments for each domain:
  == domain 1  score: 123.7 bits;  conditional E-value: 1.3e-37
                      gvpa  1 mavekvsassslaevldrvLdkGvvidawvrvsLvGielltvearvvvasvdtyLkyaeavglteqa 67
                              m ++k+++ssslaev+dr+LdkG+vida++rvs+vGie+lt+earvv+asvdt+L+yaeavgl  + 
  nat_9b2a86e0f5de235d8cf5  1 MSIQKSNNSSSLAEVIDRILDKGIVIDAFARVSVVGIEILTIEARVVIASVDTWLRYAEAVGLLRDE 67
                              89************************************************************98765 PP

>> nat_6fee2e0959e28f7ad2d6  
   #    score  bias  c-Evalue  i-Evalue hmmfrom  hmm to    alifrom  ali to    envfrom  env to     acc
 ---   ------ ----- --------- --------- ------- -------    ------- -------    ------- -------    ----
   1 !  123.8   1.7   1.2e-37   1.8e-37       1      67 [.       1      67 [.       1      85 [. 0.95

  Alignments for each domain:
  == domain 1  score: 123.8 bits;  conditional E-value: 1.2e-37
                      gvpa  1 mavekvsassslaevldrvLdkGvvidawvrvsLvGielltvearvvvasvdtyLkyaeavglteqa 67
                              ma++k+++ssslaev+dr+LdkG+vida++rvs+vGiel+tvearvv+asvdt+L+yaeavgl  + 
  nat_6fee2e0959e28f7ad2d6  1 MAIQKSTDSSSLAEVVDRILDKGIVIDAFARVSVVGIELITVEARVVIASVDTWLRYAEAVGLLRDE 67
                              9*************************************************************98764 PP

>> nat_875b3015b17030bcf076  
   #    score  bias  c-Evalue  i-Evalue hmmfrom  hmm to    alifrom  ali to    envfrom  env to     acc
 ---   ------ ----- --------- --------- ------- -------    ------- -------    ------- -------    ----
   1 !  123.7   3.5   1.3e-37   1.9e-37       1      69 [.       1      69 [.       1      80 [. 0.93

  Alignments for each domain:
  == domain 1  score: 123.7 bits;  conditional E-value: 1.3e-37
                      gvpa  1 mavekvsassslaevldrvLdkGvvidawvrvsLvGielltvearvvvasvdtyLkyaeavglteqaal 69
                              m ++k+++ssslaev+dr+LdkGvvid+++rvsLvGiel+tvearvv+asvdt+L+yaeavgl  +  l
  nat_875b3015b17030bcf076  1 MSIQKSTDSSSLAEVIDRILDKGVVIDVFARVSLVGIELITVEARVVIASVDTWLRYAEAVGLLRDEVL 69
                              89*************************************************************987655 PP

>> nat_8a82e12411d5884ab1cc  
   #    score  bias  c-Evalue  i-Evalue hmmfrom  hmm to    alifrom  ali to    envfrom  env to     acc
 ---   ------ ----- --------- --------- ------- -------    ------- -------    ------- -------    ----
   1 !  123.7   2.5   1.3e-37   1.9e-37       1      67 [.       1      67 [.       1      79 [. 0.94

  Alignments for each domain:
  == domain 1  score: 123.7 bits;  conditional E-value: 1.3e-37
                      gvpa  1 mavekvsassslaevldrvLdkGvvidawvrvsLvGielltvearvvvasvdtyLkyaeavglteqa 67
                              m v+k+++ssslaev+dr+LdkG+vida+vrvs+vGie+ltvearvv+asvdt+L+yaeavgl  + 
  nat_8a82e12411d5884ab1cc  1 MSVQKSTDSSSLAEVIDRILDKGIVIDAFVRVSVVGIEILTVEARVVIASVDTWLRYAEAVGLLRDE 67
                              89************************************************************98764 PP

>> nat_8cc5c88d15faa4d4098f  
   #    score  bias  c-Evalue  i-Evalue hmmfrom  hmm to    alifrom  ali to    envfrom  env to     acc
 ---   ------ ----- --------- --------- ------- -------    ------- -------    ------- -------    ----
   1 !  123.6   3.6   1.4e-37     2e-37       1      69 [.       1      69 [.       1      79 [. 0.95

  Alignments for each domain:
  == domain 1  score: 123.6 bits;  conditional E-value: 1.4e-37
                      gvpa  1 mavekvsassslaevldrvLdkGvvidawvrvsLvGielltvearvvvasvdtyLkyaeavglteqaal 69
                              m v+k+++ssslaev+dr+LdkG+vida+vrvs+vGie+ltvearvv+asvdt+L+yaeavgl ++ a 
  nat_8cc5c88d15faa4d4098f  1 MSVQKSTDSSSLAEVIDRILDKGIVIDAFVRVSVVGIEILTVEARVVIASVDTWLRYAEAVGLLQDGAE 69
                              89*************************************************************998664 PP

>> nat_09086542d4cbb738c598  
   #    score  bias  c-Evalue  i-Evalue hmmfrom  hmm to    alifrom  ali to    envfrom  env to     acc
 ---   ------ ----- --------- --------- ------- -------    ------- -------    ------- -------    ----
   1 !  123.6   2.7   1.4e-37     2e-37       1      72 [.       1      72 [.       1      81 [. 0.94

  Alignments for each domain:
  == domain 1  score: 123.6 bits;  conditional E-value: 1.4e-37
                      gvpa  1 mavekvsassslaevldrvLdkGvvidawvrvsLvGielltvearvvvasvdtyLkyaeavglteqaaltaa 72
                              m v+k+++ssslaev+dr+LdkG+vida++rvsLvGie+ltvearvv+asvdt+L+ya+avgl  + a+ ++
  nat_09086542d4cbb738c598  1 MSVQKTADSSSLAEVIDRILDKGIVIDAYARVSLVGIEILTVEARVVIASVDTWLRYANAVGLLRDEAQEEG 72
                              89*************************************************************999887655 PP

>> nat_ccd25408209dd226eaf9  
   #    score  bias  c-Evalue  i-Evalue hmmfrom  hmm to    alifrom  ali to    envfrom  env to     acc
 ---   ------ ----- --------- --------- ------- -------    ------- -------    ------- -------    ----
   1 !  123.6   1.1   1.4e-37     2e-37       5      72 ..       6      73 ..       1      84 [. 0.91

  Alignments for each domain:
  == domain 1  score: 123.6 bits;  conditional E-value: 1.4e-37
                      gvpa  5 kvsassslaevldrvLdkGvvidawvrvsLvGielltvearvvvasvdtyLkyaeavglteqaaltaa 72
                              + ++ssslaevldr+LdkGvvid+w+r+s+vGiellt+earvvvasvdt+L+yae+++++eqa+    
  nat_ccd25408209dd226eaf9  6 RRPDSSSLAEVLDRILDKGVVIDVWARISVVGIELLTIEARVVVASVDTFLHYAEEIAKIEQATAEGE 73
                              789***********************************************************987644 PP

>> nat_76fdc377bbf82dcb5234  
   #    score  bias  c-Evalue  i-Evalue hmmfrom  hmm to    alifrom  ali to    envfrom  env to     acc
 ---   ------ ----- --------- --------- ------- -------    ------- -------    ------- -------    ----
   1 !  123.6   2.3   1.4e-37     2e-37       1      67 [.       1      67 [.       1      80 [. 0.94

  Alignments for each domain:
  == domain 1  score: 123.6 bits;  conditional E-value: 1.4e-37
                      gvpa  1 mavekvsassslaevldrvLdkGvvidawvrvsLvGielltvearvvvasvdtyLkyaeavglteqa 67
                              m ++k+++ssslaev+dr+LdkG+vida++rvsLvGie+ltvearvv+asvdt+L+yaeavgl  + 
  nat_76fdc377bbf82dcb5234  1 MSIQKSAESSSLAEVIDRILDKGIVIDAFARVSLVGIEILTVEARVVIASVDTWLRYAEAVGLLRDD 67
                              89************************************************************98764 PP

>> nat_875f973318346cb3195c  
   #    score  bias  c-Evalue  i-Evalue hmmfrom  hmm to    alifrom  ali to    envfrom  env to     acc
 ---   ------ ----- --------- --------- ------- -------    ------- -------    ------- -------    ----
   1 !  123.6   3.2   1.4e-37     2e-37       1      69 [.       1      69 [.       1      79 [. 0.95

  Alignments for each domain:
  == domain 1  score: 123.6 bits;  conditional E-value: 1.4e-37
                      gvpa  1 mavekvsassslaevldrvLdkGvvidawvrvsLvGielltvearvvvasvdtyLkyaeavglteqaal 69
                              ma++k+++ssslaev+dr+LdkG+vida+vrvs+vGie+ltvearvv+asvdt+L+yaeavgl  + a 
  nat_875f973318346cb3195c  1 MALQKSTDSSSLAEVIDRILDKGIVIDAFVRVSVVGIEILTVEARVVIASVDTWLRYAEAVGLLRDGAE 69
                              99*************************************************************988765 PP

>> nat_b210eed1ce4ece76342b  
   #    score  bias  c-Evalue  i-Evalue hmmfrom  hmm to    alifrom  ali to    envfrom  env to     acc
 ---   ------ ----- --------- --------- ------- -------    ------- -------    ------- -------    ----
   1 !  123.7   4.2   1.3e-37   1.9e-37       3      70 ..       4      71 ..       1      72 [] 0.96

  Alignments for each domain:
  == domain 1  score: 123.7 bits;  conditional E-value: 1.3e-37
                      gvpa  3 vekvsassslaevldrvLdkGvvidawvrvsLvGielltvearvvvasvdtyLkyaeavglteqaalt 70
                              + k+++ssslaev+dr+LdkG+v+dawv+vsLvGiell+vearvvvasv+tyLkyaea+glt  aa +
  nat_b210eed1ce4ece76342b  4 IAKSTDSSSLAEVVDRILDKGIVVDAWVKVSLVGIELLSVEARVVVASVETYLKYAEAIGLTASAAAP 71
                              789************************************************************99987 PP

>> nat_6a2cd3b9036aebd5361b  
   #    score  bias  c-Evalue  i-Evalue hmmfrom  hmm to    alifrom  ali to    envfrom  env to     acc
 ---   ------ ----- --------- --------- ------- -------    ------- -------    ------- -------    ----
   1 !  123.6   3.1   1.4e-37   2.1e-37       1      66 [.       1      66 [.       1      78 [. 0.96

  Alignments for each domain:
  == domain 1  score: 123.6 bits;  conditional E-value: 1.4e-37
                      gvpa  1 mavekvsassslaevldrvLdkGvvidawvrvsLvGielltvearvvvasvdtyLkyaeavglteq 66
                              ma++k+++ssslaev+dr+LdkG+vida++rvs+vGiel+t+earvv+asvdt+L+yaeavgl ++
  nat_6a2cd3b9036aebd5361b  1 MAIQKSTDSSSLAEVIDRILDKGIVIDAFARVSVVGIELITIEARVVIASVDTWLRYAEAVGLLQD 66
                              9*************************************************************9876 PP

>> nat_5e8f0a8871d86e6b22f4  
   #    score  bias  c-Evalue  i-Evalue hmmfrom  hmm to    alifrom  ali to    envfrom  env to     acc
 ---   ------ ----- --------- --------- ------- -------    ------- -------    ------- -------    ----
   1 !  123.6   2.7   1.4e-37     2e-37       1      67 [.       1      67 [.       1      80 [. 0.94

  Alignments for each domain:
  == domain 1  score: 123.6 bits;  conditional E-value: 1.4e-37
                      gvpa  1 mavekvsassslaevldrvLdkGvvidawvrvsLvGielltvearvvvasvdtyLkyaeavglteqa 67
                              mav+k+++ssslaev+dr+LdkG+vida++rvs+vGie+ltvearvv+asvdt+L+yaeavgl  + 
  nat_5e8f0a8871d86e6b22f4  1 MAVQKSTDSSSLAEVIDRILDKGIVIDAYARVSVVGIEILTVEARVVIASVDTWLRYAEAVGLLRDD 67
                              9*************************************************************98764 PP

>> nat_f454f2a56d9c1f348b1d  
   #    score  bias  c-Evalue  i-Evalue hmmfrom  hmm to    alifrom  ali to    envfrom  env to     acc
 ---   ------ ----- --------- --------- ------- -------    ------- -------    ------- -------    ----
   1 !  123.5   2.5   1.5e-37   2.1e-37       1      67 [.       1      67 [.       1      80 [. 0.94

  Alignments for each domain:
  == domain 1  score: 123.5 bits;  conditional E-value: 1.5e-37
                      gvpa  1 mavekvsassslaevldrvLdkGvvidawvrvsLvGielltvearvvvasvdtyLkyaeavglteqa 67
                              mav+k+++ssslaev+dr+LdkG+vida++rvs+vGie+ltvearvv+asvdt+L+yaeavgl  + 
  nat_f454f2a56d9c1f348b1d  1 MAVQKTTDSSSLAEVIDRILDKGIVIDAFARVSVVGIEILTVEARVVIASVDTWLRYAEAVGLLRDE 67
                              9*************************************************************98764 PP

>> nat_16f4d6984b9b4853b848  
   #    score  bias  c-Evalue  i-Evalue hmmfrom  hmm to    alifrom  ali to    envfrom  env to     acc
 ---   ------ ----- --------- --------- ------- -------    ------- -------    ------- -------    ----
   1 !  123.5   2.1   1.5e-37   2.1e-37       1      67 [.       1      67 [.       1      80 [. 0.94

  Alignments for each domain:
  == domain 1  score: 123.5 bits;  conditional E-value: 1.5e-37
                      gvpa  1 mavekvsassslaevldrvLdkGvvidawvrvsLvGielltvearvvvasvdtyLkyaeavglteqa 67
                              mav+k+++ssslaev+dr+LdkG+vida++rvs+vGie+ltvearvv+asvdt+L+yaeavgl  + 
  nat_16f4d6984b9b4853b848  1 MAVQKTADSSSLAEVIDRILDKGIVIDAYARVSVVGIEILTVEARVVIASVDTWLRYAEAVGLLRDD 67
                              9*************************************************************98764 PP

>> nat_668321baf55f7bfbdc1b  
   #    score  bias  c-Evalue  i-Evalue hmmfrom  hmm to    alifrom  ali to    envfrom  env to     acc
 ---   ------ ----- --------- --------- ------- -------    ------- -------    ------- -------    ----
   1 !  123.6   4.7   1.5e-37   2.1e-37       3      70 ..       4      71 ..       1      72 [] 0.96

  Alignments for each domain:
  == domain 1  score: 123.6 bits;  conditional E-value: 1.5e-37
                      gvpa  3 vekvsassslaevldrvLdkGvvidawvrvsLvGielltvearvvvasvdtyLkyaeavglteqaalt 70
                              v+k+++sssl ev+dr+LdkG+vidawv+vsLvGiel+t+earvvvasv+tyLkyaeavglt  aa +
  nat_668321baf55f7bfbdc1b  4 VQKSVDSSSLGEVVDRILDKGIVIDAWVKVSLVGIELITIEARVVVASVETYLKYAEAVGLTASAAAP 71
                              899************************************************************99987 PP

>> nat_4fb6b9391abe691f2baa  
   #    score  bias  c-Evalue  i-Evalue hmmfrom  hmm to    alifrom  ali to    envfrom  env to     acc
 ---   ------ ----- --------- --------- ------- -------    ------- -------    ------- -------    ----
   1 !  123.5   2.0   1.5e-37   2.1e-37       1      68 [.       1      68 [.       1      81 [. 0.93

  Alignments for each domain:
  == domain 1  score: 123.5 bits;  conditional E-value: 1.5e-37
                      gvpa  1 mavekvsassslaevldrvLdkGvvidawvrvsLvGielltvearvvvasvdtyLkyaeavglteqaa 68
                              m v+k+++ssslaev+dr+LdkG+vida++rvsLvGie+ltvearvvvasvdt+L+ya+avgl  +  
  nat_4fb6b9391abe691f2baa  1 MSVQKTTDSSSLAEVIDRILDKGIVIDAFARVSLVGIEILTVEARVVVASVDTWLRYANAVGLLRDDV 68
                              89************************************************************987654 PP

>> nat_5de637450d4d853bfeda  
   #    score  bias  c-Evalue  i-Evalue hmmfrom  hmm to    alifrom  ali to    envfrom  env to     acc
 ---   ------ ----- --------- --------- ------- -------    ------- -------    ------- -------    ----
   1 !  123.4   4.0   1.7e-37   2.4e-37       1      67 [.       1      67 [.       1      79 [. 0.95

  Alignments for each domain:
  == domain 1  score: 123.4 bits;  conditional E-value: 1.7e-37
                      gvpa  1 mavekvsassslaevldrvLdkGvvidawvrvsLvGielltvearvvvasvdtyLkyaeavglteqa 67
                              mav+k+++ssslaev+dr+LdkG+vida+vrvs+vGie+ltvearvv+asvdt+L+yaeavgl  + 
  nat_5de637450d4d853bfeda  1 MAVQKSTDSSSLAEVIDRILDKGIVIDAFVRVSVVGIEILTVEARVVIASVDTWLRYAEAVGLLRDE 67
                              9*************************************************************98775 PP

>> nat_9fe918e0f2a37590ea6b  
   #    score  bias  c-Evalue  i-Evalue hmmfrom  hmm to    alifrom  ali to    envfrom  env to     acc
 ---   ------ ----- --------- --------- ------- -------    ------- -------    ------- -------    ----
   1 !  123.5   2.3   1.6e-37   2.2e-37       1      67 [.       1      67 [.       1      81 [. 0.94

  Alignments for each domain:
  == domain 1  score: 123.5 bits;  conditional E-value: 1.6e-37
                      gvpa  1 mavekvsassslaevldrvLdkGvvidawvrvsLvGielltvearvvvasvdtyLkyaeavglteqa 67
                              mav+k+++ssslaev+dr+LdkG+vida++rvs+vGie+ltvearvv+asvdt+L+yaeavgl  + 
  nat_9fe918e0f2a37590ea6b  1 MAVQKTTDSSSLAEVIDRILDKGIVIDAYARVSVVGIEILTVEARVVIASVDTWLRYAEAVGLLRDE 67
                              9*************************************************************98764 PP

>> nat_39a0d637b9f5ad86efbf  
   #    score  bias  c-Evalue  i-Evalue hmmfrom  hmm to    alifrom  ali to    envfrom  env to     acc
 ---   ------ ----- --------- --------- ------- -------    ------- -------    ------- -------    ----
   1 !  123.4   2.6   1.7e-37   2.4e-37       1      71 [.       1      71 [.       1      79 [. 0.94

  Alignments for each domain:
  == domain 1  score: 123.4 bits;  conditional E-value: 1.7e-37
                      gvpa  1 mavekvsassslaevldrvLdkGvvidawvrvsLvGielltvearvvvasvdtyLkyaeavglteqaalta 71
                              m v+k+++ssslaev+dr+LdkG+vida++rvsLvGie+ltvearvv+asvdt+L+ya+avgl  + a+ +
  nat_39a0d637b9f5ad86efbf  1 MSVQKTADSSSLAEVIDRILDKGIVIDAYARVSLVGIEILTVEARVVIASVDTWLRYANAVGLLRDEAQEE 71
                              89*************************************************************99887664 PP

>> nat_867df19266611b1dd32b  
   #    score  bias  c-Evalue  i-Evalue hmmfrom  hmm to    alifrom  ali to    envfrom  env to     acc
 ---   ------ ----- --------- --------- ------- -------    ------- -------    ------- -------    ----
   1 !  123.3   3.3   1.7e-37   2.5e-37       1      66 [.       1      66 [.       1      77 [. 0.96

  Alignments for each domain:
  == domain 1  score: 123.3 bits;  conditional E-value: 1.7e-37
                      gvpa  1 mavekvsassslaevldrvLdkGvvidawvrvsLvGielltvearvvvasvdtyLkyaeavglteq 66
                              ma++k+++ssslaev+dr+LdkG+vida++rvs+vGiel+tvearvv+asvdt+L+yaeavgl ++
  nat_867df19266611b1dd32b  1 MAIQKSTDSSSLAEVIDRILDKGIVIDAFARVSVVGIELITVEARVVIASVDTWLRYAEAVGLLQD 66
                              9*************************************************************9876 PP

>> nat_5cb381db9359101cf272  
   #    score  bias  c-Evalue  i-Evalue hmmfrom  hmm to    alifrom  ali to    envfrom  env to     acc
 ---   ------ ----- --------- --------- ------- -------    ------- -------    ------- -------    ----
   1 !  123.4   2.6   1.7e-37   2.4e-37       1      67 [.       1      67 [.       1      79 [. 0.94

  Alignments for each domain:
  == domain 1  score: 123.4 bits;  conditional E-value: 1.7e-37
                      gvpa  1 mavekvsassslaevldrvLdkGvvidawvrvsLvGielltvearvvvasvdtyLkyaeavglteqa 67
                              mav+k+++ssslaev+dr+LdkG+vida++rvs+vGie+ltvearvv+asvdt+L+yaeavgl  + 
  nat_5cb381db9359101cf272  1 MAVQKTTDSSSLAEVIDRILDKGIVIDAFARVSVVGIEILTVEARVVIASVDTWLRYAEAVGLLRDE 67
                              9*************************************************************98764 PP

>> nat_c740155726ca8561a023  
   #    score  bias  c-Evalue  i-Evalue hmmfrom  hmm to    alifrom  ali to    envfrom  env to     acc
 ---   ------ ----- --------- --------- ------- -------    ------- -------    ------- -------    ----
   1 !  123.4   3.6   1.7e-37   2.4e-37       1      67 [.       1      67 [.       1      82 [. 0.95

  Alignments for each domain:
  == domain 1  score: 123.4 bits;  conditional E-value: 1.7e-37
                      gvpa  1 mavekvsassslaevldrvLdkGvvidawvrvsLvGielltvearvvvasvdtyLkyaeavglteqa 67
                              mav+k+++ssslaev+dr+LdkG+vida++rvs+vGiel+tvearvvvasvdt+L+yaeavgl  + 
  nat_c740155726ca8561a023  1 MAVQKSTDSSSLAEVIDRILDKGIVIDAYARVSVVGIELITVEARVVVASVDTWLRYAEAVGLLRDE 67
                              9*************************************************************98764 PP

>> nat_7ee1d64f80049d71603c  
   #    score  bias  c-Evalue  i-Evalue hmmfrom  hmm to    alifrom  ali to    envfrom  env to     acc
 ---   ------ ----- --------- --------- ------- -------    ------- -------    ------- -------    ----
   1 !  123.4   0.9   1.7e-37   2.4e-37       5      70 ..       6      71 ..       1      85 [. 0.92

  Alignments for each domain:
  == domain 1  score: 123.4 bits;  conditional E-value: 1.7e-37
                      gvpa  5 kvsassslaevldrvLdkGvvidawvrvsLvGielltvearvvvasvdtyLkyaeavglteqaalt 70
                              + ++ssslaevldr+LdkGvvid+w+rvs+vGiellt+earvvvasvdt+L+yae+++++eqa+  
  nat_7ee1d64f80049d71603c  6 RRPDSSSLAEVLDRILDKGVVIDVWARVSVVGIELLTIEARVVVASVDTFLHYAEEIAKIEQATAE 71
                              789***********************************************************9865 PP

>> nat_172247f25d7a88e5c254  
   #    score  bias  c-Evalue  i-Evalue hmmfrom  hmm to    alifrom  ali to    envfrom  env to     acc
 ---   ------ ----- --------- --------- ------- -------    ------- -------    ------- -------    ----
   1 !  123.4   2.6   1.7e-37   2.4e-37       1      68 [.       1      68 [.       1      81 [. 0.92

  Alignments for each domain:
  == domain 1  score: 123.4 bits;  conditional E-value: 1.7e-37
                      gvpa  1 mavekvsassslaevldrvLdkGvvidawvrvsLvGielltvearvvvasvdtyLkyaeavglteqaa 68
                              ma++k+++ssslaev+dr+LdkG+vida++rvs+vGie+ltvearvv+asvdt+L+yaeavgl  +  
  nat_172247f25d7a88e5c254  1 MAIQKSAESSSLAEVIDRILDKGIVIDAFARVSVVGIEILTVEARVVIASVDTWLRYAEAVGLLRDDV 68
                              9*************************************************************987644 PP

>> nat_628577dc37636bc0384e  
   #    score  bias  c-Evalue  i-Evalue hmmfrom  hmm to    alifrom  ali to    envfrom  env to     acc
 ---   ------ ----- --------- --------- ------- -------    ------- -------    ------- -------    ----
   1 !  123.4   3.7   1.6e-37   2.3e-37       3      70 ..       4      71 ..       1      72 [] 0.96

  Alignments for each domain:
  == domain 1  score: 123.4 bits;  conditional E-value: 1.6e-37
                      gvpa  3 vekvsassslaevldrvLdkGvvidawvrvsLvGielltvearvvvasvdtyLkyaeavglteqaalt 70
                              ++k+++ssslaev+dr+LdkG+vid+w++vsLvGiell+vearvvvasv+tyLkyaea+glt  aa +
  nat_628577dc37636bc0384e  4 IQKSTDSSSLAEVVDRILDKGIVIDVWAKVSLVGIELLSVEARVVVASVETYLKYAEAIGLTASAAAP 71
                              799************************************************************99987 PP

>> nat_0bd3626b9a4c7329ae70  
   #    score  bias  c-Evalue  i-Evalue hmmfrom  hmm to    alifrom  ali to    envfrom  env to     acc
 ---   ------ ----- --------- --------- ------- -------    ------- -------    ------- -------    ----
   1 !  123.4   3.1   1.6e-37   2.3e-37       3      70 ..       4      71 ..       1      72 [] 0.96

  Alignments for each domain:
  == domain 1  score: 123.4 bits;  conditional E-value: 1.6e-37
                      gvpa  3 vekvsassslaevldrvLdkGvvidawvrvsLvGielltvearvvvasvdtyLkyaeavglteqaalt 70
                              v+k+++ssslaev+dr+LdkG+vidawv+vsLvGiell++e rvv+asv+tyLkyaea+glt  aa +
  nat_0bd3626b9a4c7329ae70  4 VQKSTDSSSLAEVVDRILDKGIVIDAWVKVSLVGIELLSIELRVVIASVETYLKYAEAIGLTASAASP 71
                              89*************************************************************99987 PP

>> nat_92d7d81f95603487cd9c  
   #    score  bias  c-Evalue  i-Evalue hmmfrom  hmm to    alifrom  ali to    envfrom  env to     acc
 ---   ------ ----- --------- --------- ------- -------    ------- -------    ------- -------    ----
   1 !  123.3   1.3   1.8e-37   2.6e-37       5      71 ..       6      72 ..       1      82 [. 0.92

  Alignments for each domain:
  == domain 1  score: 123.3 bits;  conditional E-value: 1.8e-37
                      gvpa  5 kvsassslaevldrvLdkGvvidawvrvsLvGielltvearvvvasvdtyLkyaeavglteqaalta 71
                              + ++ssslaevldrvLdkGvvid+w+r+s+vGiellt+earvvvasvdt+L+yae+++++eqa+   
  nat_92d7d81f95603487cd9c  6 RRPDSSSLAEVLDRVLDKGVVIDVWARISVVGIELLTIEARVVVASVDTFLHYAEEIAKIEQATAEG 72
                              789***********************************************************98764 PP

>> nat_bda4e304d446361a159c  
   #    score  bias  c-Evalue  i-Evalue hmmfrom  hmm to    alifrom  ali to    envfrom  env to     acc
 ---   ------ ----- --------- --------- ------- -------    ------- -------    ------- -------    ----
   1 !  123.3   1.3   1.8e-37   2.6e-37       5      71 ..       6      72 ..       1      82 [. 0.92

  Alignments for each domain:
  == domain 1  score: 123.3 bits;  conditional E-value: 1.8e-37
                      gvpa  5 kvsassslaevldrvLdkGvvidawvrvsLvGielltvearvvvasvdtyLkyaeavglteqaalta 71
                              + ++ssslaevldrvLdkGvvid+w+r+s+vGiellt+earvvvasvdt+L+yae+++++eqa+   
  nat_bda4e304d446361a159c  6 RRPDSSSLAEVLDRVLDKGVVIDVWARISVVGIELLTIEARVVVASVDTFLHYAEEIAKIEQATAEG 72
                              789***********************************************************98764 PP

>> nat_a49cfe7d33cec22c3905  
   #    score  bias  c-Evalue  i-Evalue hmmfrom  hmm to    alifrom  ali to    envfrom  env to     acc
 ---   ------ ----- --------- --------- ------- -------    ------- -------    ------- -------    ----
   1 !  123.3   1.2   1.8e-37   2.6e-37       5      71 ..       6      72 ..       1      83 [. 0.92

  Alignments for each domain:
  == domain 1  score: 123.3 bits;  conditional E-value: 1.8e-37
                      gvpa  5 kvsassslaevldrvLdkGvvidawvrvsLvGielltvearvvvasvdtyLkyaeavglteqaalta 71
                              + ++ssslaevldr+LdkGvvid+w+r+s+vGiellt+earvvvasvdt+L+yae+++++eqa+   
  nat_a49cfe7d33cec22c3905  6 RRPDSSSLAEVLDRILDKGVVIDVWARISVVGIELLTIEARVVVASVDTFLHYAEEIAKIEQATAEG 72
                              789***********************************************************98764 PP

>> nat_8189ed3c9ac18707f549  
   #    score  bias  c-Evalue  i-Evalue hmmfrom  hmm to    alifrom  ali to    envfrom  env to     acc
 ---   ------ ----- --------- --------- ------- -------    ------- -------    ------- -------    ----
   1 !  123.3   1.2   1.8e-37   2.6e-37       5      71 ..       6      72 ..       1      82 [. 0.92

  Alignments for each domain:
  == domain 1  score: 123.3 bits;  conditional E-value: 1.8e-37
                      gvpa  5 kvsassslaevldrvLdkGvvidawvrvsLvGielltvearvvvasvdtyLkyaeavglteqaalta 71
                              + ++ssslaevldrvLdkGvvid+w+r+s+vGiellt+earvvvasvdt+L+yae+++++eqa+   
  nat_8189ed3c9ac18707f549  6 RRPDSSSLAEVLDRVLDKGVVIDVWARISVVGIELLTIEARVVVASVDTFLHYAEEIAKIEQATAEG 72
                              789***********************************************************98764 PP

>> nat_45c7c948c17d40fffc2f  
   #    score  bias  c-Evalue  i-Evalue hmmfrom  hmm to    alifrom  ali to    envfrom  env to     acc
 ---   ------ ----- --------- --------- ------- -------    ------- -------    ------- -------    ----
   1 !  123.2   4.0   1.8e-37   2.6e-37       1      66 [.       1      66 [.       1      76 [. 0.95

  Alignments for each domain:
  == domain 1  score: 123.2 bits;  conditional E-value: 1.8e-37
                      gvpa  1 mavekvsassslaevldrvLdkGvvidawvrvsLvGielltvearvvvasvdtyLkyaeavglteq 66
                              m + k+++ssslaev+dr+LdkG+vida+vrvsLvGie+ltvearvv+asvdt+L+yaeavgl  +
  nat_45c7c948c17d40fffc2f  1 MSITKSTDSSSLAEVIDRILDKGIVIDAFVRVSLVGIEILTVEARVVIASVDTWLRYAEAVGLLRD 66
                              899***********************************************************9876 PP

>> nat_d4bbfd09a62903f1dd61  
   #    score  bias  c-Evalue  i-Evalue hmmfrom  hmm to    alifrom  ali to    envfrom  env to     acc
 ---   ------ ----- --------- --------- ------- -------    ------- -------    ------- -------    ----
   1 !  123.2   1.7   1.8e-37   2.6e-37       4      71 ..       4      71 ..       1      83 [. 0.92

  Alignments for each domain:
  == domain 1  score: 123.2 bits;  conditional E-value: 1.8e-37
                      gvpa  4 ekvsassslaevldrvLdkGvvidawvrvsLvGielltvearvvvasvdtyLkyaeavglteqaalta 71
                              ++ ++ssslaevldrvLdkGvvid+w+r+s+vGiellt+earvvvasvdt+L+yae+++++eqa+   
  nat_d4bbfd09a62903f1dd61  4 QRRPDSSSLAEVLDRVLDKGVVIDVWARISVVGIELLTIEARVVVASVDTFLHYAEEIAKIEQATAEG 71
                              6899***********************************************************98764 PP

>> nat_5d40201e59780a4578e1  
   #    score  bias  c-Evalue  i-Evalue hmmfrom  hmm to    alifrom  ali to    envfrom  env to     acc
 ---   ------ ----- --------- --------- ------- -------    ------- -------    ------- -------    ----
   1 !  123.2   1.4   1.9e-37   2.7e-37       5      73 ..       6      74 ..       1      82 [. 0.92

  Alignments for each domain:
  == domain 1  score: 123.2 bits;  conditional E-value: 1.9e-37
                      gvpa  5 kvsassslaevldrvLdkGvvidawvrvsLvGielltvearvvvasvdtyLkyaeavglteqaaltaaa 73
                              + ++ssslaevldr+LdkGvvid+w+rvs+vGielltvearvvvasvdt+L+yae+++++eqa+     
  nat_5d40201e59780a4578e1  6 RRPDSSSLAEVLDRILDKGVVIDVWARVSVVGIELLTVEARVVVASVDTFLHYAEEIAKIEQATAEGNM 74
                              789***********************************************************9876554 PP

>> nat_c8490949e18e771ed8c8  
   #    score  bias  c-Evalue  i-Evalue hmmfrom  hmm to    alifrom  ali to    envfrom  env to     acc
 ---   ------ ----- --------- --------- ------- -------    ------- -------    ------- -------    ----
   1 !  123.2   1.2   1.8e-37   2.7e-37       5      70 ..       6      71 ..       1      82 [. 0.92

  Alignments for each domain:
  == domain 1  score: 123.2 bits;  conditional E-value: 1.8e-37
                      gvpa  5 kvsassslaevldrvLdkGvvidawvrvsLvGielltvearvvvasvdtyLkyaeavglteqaalt 70
                              + ++ssslaevldr+LdkGvvid+w+r+s+vGiellt+earvvvasvdt+L+yae+++++eqa+  
  nat_c8490949e18e771ed8c8  6 RRPDSSSLAEVLDRILDKGVVIDVWARISVVGIELLTIEARVVVASVDTFLHYAEEIAKIEQATAE 71
                              789***********************************************************9876 PP

>> nat_c95ec1b2f7e46d479f0b  
   #    score  bias  c-Evalue  i-Evalue hmmfrom  hmm to    alifrom  ali to    envfrom  env to     acc
 ---   ------ ----- --------- --------- ------- -------    ------- -------    ------- -------    ----
   1 !  123.3   3.5   1.7e-37   2.5e-37       3      70 ..       4      71 ..       1      72 [] 0.96

  Alignments for each domain:
  == domain 1  score: 123.3 bits;  conditional E-value: 1.7e-37
                      gvpa  3 vekvsassslaevldrvLdkGvvidawvrvsLvGielltvearvvvasvdtyLkyaeavglteqaalt 70
                              v+k+++ssslaev+dr+LdkG+v+daw+++sLvGiel+++earvv+asv+tyLkyaea+glt  aa +
  nat_c95ec1b2f7e46d479f0b  4 VQKTTDSSSLAEVVDRILDKGIVVDAWAKISLVGIELISIEARVVIASVETYLKYAEAIGLTAAAAAP 71
                              899************************************************************99987 PP

>> nat_1eda5f35014077cd8e25  
   #    score  bias  c-Evalue  i-Evalue hmmfrom  hmm to    alifrom  ali to    envfrom  env to     acc
 ---   ------ ----- --------- --------- ------- -------    ------- -------    ------- -------    ----
   1 !  123.2   1.7   1.9e-37   2.7e-37       5      70 ..       6      71 ..       1      82 [. 0.92

  Alignments for each domain:
  == domain 1  score: 123.2 bits;  conditional E-value: 1.9e-37
                      gvpa  5 kvsassslaevldrvLdkGvvidawvrvsLvGielltvearvvvasvdtyLkyaeavglteqaalt 70
                              + ++ssslaevldrvLdkGvvid+w+r+s+vGiel+t+earvvvasvdt+L+yae+++++eqa+  
  nat_1eda5f35014077cd8e25  6 RRPDSSSLAEVLDRVLDKGVVIDVWARISVVGIELITIEARVVVASVDTFLHYAEEIAKIEQATAE 71
                              789***********************************************************9876 PP

>> nat_842bc418f0682cd2a9c8  
   #    score  bias  c-Evalue  i-Evalue hmmfrom  hmm to    alifrom  ali to    envfrom  env to     acc
 ---   ------ ----- --------- --------- ------- -------    ------- -------    ------- -------    ----
   1 !  123.2   1.2   1.9e-37   2.8e-37       5      70 ..       6      71 ..       1      82 [. 0.92

  Alignments for each domain:
  == domain 1  score: 123.2 bits;  conditional E-value: 1.9e-37
                      gvpa  5 kvsassslaevldrvLdkGvvidawvrvsLvGielltvearvvvasvdtyLkyaeavglteqaalt 70
                              + ++ssslaevldr+LdkGvvid+w+r+s+vGiellt+earvvvasvdt+L+yae+++++eqa+  
  nat_842bc418f0682cd2a9c8  6 RRPDSSSLAEVLDRILDKGVVIDVWARISVVGIELLTIEARVVVASVDTFLHYAEEIAKIEQATAE 71
                              789***********************************************************9876 PP

>> nat_2395590053bc57a3bac9  
   #    score  bias  c-Evalue  i-Evalue hmmfrom  hmm to    alifrom  ali to    envfrom  env to     acc
 ---   ------ ----- --------- --------- ------- -------    ------- -------    ------- -------    ----
   1 !  123.1   3.4     2e-37   2.8e-37       1      66 [.       1      66 [.       1      77 [. 0.96

  Alignments for each domain:
  == domain 1  score: 123.1 bits;  conditional E-value: 2e-37
                      gvpa  1 mavekvsassslaevldrvLdkGvvidawvrvsLvGielltvearvvvasvdtyLkyaeavglteq 66
                              ma++k+++ssslaev+dr+LdkG+vida++rvs+vGiel+tvearvv+asvdt+L+yaeavgl ++
  nat_2395590053bc57a3bac9  1 MAIQKSTDSSSLAEVIDRILDKGIVIDAFARVSVVGIELITVEARVVIASVDTWLRYAEAVGLLQD 66
                              9*************************************************************9876 PP

>> nat_a7791ad55c70e7fd3462  
   #    score  bias  c-Evalue  i-Evalue hmmfrom  hmm to    alifrom  ali to    envfrom  env to     acc
 ---   ------ ----- --------- --------- ------- -------    ------- -------    ------- -------    ----
   1 !  123.2   1.2   1.9e-37   2.8e-37       5      70 ..       6      71 ..       1      82 [. 0.92

  Alignments for each domain:
  == domain 1  score: 123.2 bits;  conditional E-value: 1.9e-37
                      gvpa  5 kvsassslaevldrvLdkGvvidawvrvsLvGielltvearvvvasvdtyLkyaeavglteqaalt 70
                              + ++ssslaevldr+LdkGvvid+w+r+s+vGiellt+earvvvasvdt+L+yae+++++eqa+  
  nat_a7791ad55c70e7fd3462  6 RRPDSSSLAEVLDRILDKGVVIDVWARISVVGIELLTIEARVVVASVDTFLHYAEEIAKIEQATAE 71
                              789***********************************************************9876 PP

>> nat_215f48254c804f1f2876  
   #    score  bias  c-Evalue  i-Evalue hmmfrom  hmm to    alifrom  ali to    envfrom  env to     acc
 ---   ------ ----- --------- --------- ------- -------    ------- -------    ------- -------    ----
   1 !  123.2   1.2   1.9e-37   2.7e-37       5      70 ..       6      71 ..       1      82 [. 0.92

  Alignments for each domain:
  == domain 1  score: 123.2 bits;  conditional E-value: 1.9e-37
                      gvpa  5 kvsassslaevldrvLdkGvvidawvrvsLvGielltvearvvvasvdtyLkyaeavglteqaalt 70
                              + ++ssslaevldrvLdkGvvid+w+r+s+vGiellt+earvvvasvdt+L+yae+++++eqa+  
  nat_215f48254c804f1f2876  6 RRPDSSSLAEVLDRVLDKGVVIDVWARISVVGIELLTIEARVVVASVDTFLHYAEEIAKIEQATAE 71
                              789***********************************************************9876 PP

>> nat_61426f7141080b783b8b  
   #    score  bias  c-Evalue  i-Evalue hmmfrom  hmm to    alifrom  ali to    envfrom  env to     acc
 ---   ------ ----- --------- --------- ------- -------    ------- -------    ------- -------    ----
   1 !  123.2   3.2   1.9e-37   2.7e-37       1      67 [.       1      67 [.       1      80 [. 0.93

  Alignments for each domain:
  == domain 1  score: 123.2 bits;  conditional E-value: 1.9e-37
                      gvpa  1 mavekvsassslaevldrvLdkGvvidawvrvsLvGielltvearvvvasvdtyLkyaeavglteqa 67
                              mav+k+++ssslaev+dr+LdkGvvid+++rvsLvGiel+t+earvv+asvdt+L+ya+avgl  + 
  nat_61426f7141080b783b8b  1 MAVQKSTDSSSLAEVVDRILDKGVVIDVFARVSLVGIELITIEARVVIASVDTWLRYANAVGLLRDD 67
                              9*************************************************************98764 PP

>> nat_b0df6d202bb0ca1472d2  
   #    score  bias  c-Evalue  i-Evalue hmmfrom  hmm to    alifrom  ali to    envfrom  env to     acc
 ---   ------ ----- --------- --------- ------- -------    ------- -------    ------- -------    ----
   1 !  123.2   3.4   1.8e-37   2.6e-37       3      70 ..       4      71 ..       1      72 [] 0.96

  Alignments for each domain:
  == domain 1  score: 123.2 bits;  conditional E-value: 1.8e-37
                      gvpa  3 vekvsassslaevldrvLdkGvvidawvrvsLvGielltvearvvvasvdtyLkyaeavglteqaalt 70
                              + k+++ssslaev+dr+LdkG+vidaw++vsLvGiell+vearvv+asv+tyLkyaea+glt  aa +
  nat_b0df6d202bb0ca1472d2  4 IAKSTDSSSLAEVVDRILDKGIVIDAWAKVSLVGIELLSVEARVVIASVETYLKYAEAIGLTASAAAP 71
                              7899***********************************************************99987 PP

>> nat_1f7ab0dfc808b4ef03c3  
   #    score  bias  c-Evalue  i-Evalue hmmfrom  hmm to    alifrom  ali to    envfrom  env to     acc
 ---   ------ ----- --------- --------- ------- -------    ------- -------    ------- -------    ----
   1 !  123.2   1.9   1.9e-37   2.8e-37       5      75 ..       6      76 ..       1      83 [. 0.91

  Alignments for each domain:
  == domain 1  score: 123.2 bits;  conditional E-value: 1.9e-37
                      gvpa  5 kvsassslaevldrvLdkGvvidawvrvsLvGielltvearvvvasvdtyLkyaeavglteqaaltaaaee 75
                              + ++ssslaevldrvLdkGvvid+w+r+s+vGiellt+earvvvasvdt+L+yae+++++eqa+     ee
  nat_1f7ab0dfc808b4ef03c3  6 RRPDSSSLAEVLDRVLDKGVVIDVWARISVVGIELLTIEARVVVASVDTFLHYAEEIAKIEQATAEGELEE 76
                              789***********************************************************987755554 PP

>> nat_9c9277ab558db757d72c  
   #    score  bias  c-Evalue  i-Evalue hmmfrom  hmm to    alifrom  ali to    envfrom  env to     acc
 ---   ------ ----- --------- --------- ------- -------    ------- -------    ------- -------    ----
   1 !  123.2   3.5   1.8e-37   2.6e-37       3      70 ..       4      71 ..       1      72 [] 0.96

  Alignments for each domain:
  == domain 1  score: 123.2 bits;  conditional E-value: 1.8e-37
                      gvpa  3 vekvsassslaevldrvLdkGvvidawvrvsLvGielltvearvvvasvdtyLkyaeavglteqaalt 70
                              v+k+++ssslaev+dr+LdkG+v+dawv+vsLvGiell++earvv+asv+tyLkyae +glt  aa +
  nat_9c9277ab558db757d72c  4 VQKSTDSSSLAEVVDRILDKGIVVDAWVKVSLVGIELLSIEARVVIASVETYLKYAESIGLTATAAAP 71
                              899************************************************************99987 PP

>> nat_4f76b230eb60279eb5dd  
   #    score  bias  c-Evalue  i-Evalue hmmfrom  hmm to    alifrom  ali to    envfrom  env to     acc
 ---   ------ ----- --------- --------- ------- -------    ------- -------    ------- -------    ----
   1 !  123.1   1.3     2e-37   2.8e-37       5      71 ..       6      72 ..       1      83 [. 0.92

  Alignments for each domain:
  == domain 1  score: 123.1 bits;  conditional E-value: 2e-37
                      gvpa  5 kvsassslaevldrvLdkGvvidawvrvsLvGielltvearvvvasvdtyLkyaeavglteqaalta 71
                              + ++ssslaevldrvLdkGvvid+w+r+s+vGiellt+earvvvasvdt+L+yae+++++eqa+   
  nat_4f76b230eb60279eb5dd  6 RRPDSSSLAEVLDRVLDKGVVIDVWARISVVGIELLTIEARVVVASVDTFLHYAEEIAKIEQATAEG 72
                              789***********************************************************98764 PP

>> nat_2b00e8b222b28090ae59  
   #    score  bias  c-Evalue  i-Evalue hmmfrom  hmm to    alifrom  ali to    envfrom  env to     acc
 ---   ------ ----- --------- --------- ------- -------    ------- -------    ------- -------    ----
   1 !  123.2   3.4   1.9e-37   2.7e-37       3      70 ..       4      71 ..       1      72 [] 0.96

  Alignments for each domain:
  == domain 1  score: 123.2 bits;  conditional E-value: 1.9e-37
                      gvpa  3 vekvsassslaevldrvLdkGvvidawvrvsLvGielltvearvvvasvdtyLkyaeavglteqaalt 70
                              v+k+++ssslaev+dr+LdkG+vidawv+vsLvGiell+ve rvv+asv+tyLkyaea+glt  aa +
  nat_2b00e8b222b28090ae59  4 VQKSTDSSSLAEVVDRILDKGIVIDAWVKVSLVGIELLSVELRVVIASVETYLKYAEAIGLTASAAAP 71
                              89*************************************************************99987 PP

>> nat_bf1dfb6914e902f34199  
   #    score  bias  c-Evalue  i-Evalue hmmfrom  hmm to    alifrom  ali to    envfrom  env to     acc
 ---   ------ ----- --------- --------- ------- -------    ------- -------    ------- -------    ----
   1 !  123.1   2.8     2e-37   2.8e-37       1      67 [.       1      67 [.       1      80 [. 0.94

  Alignments for each domain:
  == domain 1  score: 123.1 bits;  conditional E-value: 2e-37
                      gvpa  1 mavekvsassslaevldrvLdkGvvidawvrvsLvGielltvearvvvasvdtyLkyaeavglteqa 67
                              ma++k+++ssslaev+dr+LdkG+vida++rvs+vGie+ltvearvv+asvdt+L+yaeavgl  + 
  nat_bf1dfb6914e902f34199  1 MAIQKTTDSSSLAEVIDRILDKGIVIDAFARVSVVGIEILTVEARVVIASVDTWLRYAEAVGLLRDE 67
                              9*************************************************************98765 PP

>> nat_9ca97034ea4d97950343  
   #    score  bias  c-Evalue  i-Evalue hmmfrom  hmm to    alifrom  ali to    envfrom  env to     acc
 ---   ------ ----- --------- --------- ------- -------    ------- -------    ------- -------    ----
   1 !  123.1   1.3     2e-37   2.9e-37       5      70 ..       6      71 ..       1      82 [. 0.92

  Alignments for each domain:
  == domain 1  score: 123.1 bits;  conditional E-value: 2e-37
                      gvpa  5 kvsassslaevldrvLdkGvvidawvrvsLvGielltvearvvvasvdtyLkyaeavglteqaalt 70
                              + ++ssslaevldrvLdkGvvid+w+r+s+vGiellt+earvvvasvdt+L+yae+++++eqa+  
  nat_9ca97034ea4d97950343  6 RRPDSSSLAEVLDRVLDKGVVIDVWARISVVGIELLTIEARVVVASVDTFLHYAEEIAKIEQATAE 71
                              789***********************************************************9876 PP

>> nat_2bfd989de859f7b78cc5  
   #    score  bias  c-Evalue  i-Evalue hmmfrom  hmm to    alifrom  ali to    envfrom  env to     acc
 ---   ------ ----- --------- --------- ------- -------    ------- -------    ------- -------    ----
   1 !  123.2   3.2   1.9e-37   2.8e-37       3      70 ..       4      71 ..       1      72 [] 0.96

  Alignments for each domain:
  == domain 1  score: 123.2 bits;  conditional E-value: 1.9e-37
                      gvpa  3 vekvsassslaevldrvLdkGvvidawvrvsLvGielltvearvvvasvdtyLkyaeavglteqaalt 70
                              v k+++ssslaev+dr+LdkG+vidaw++vsLvGiell+vearvv+asv+tyLkyaea+glt  aa +
  nat_2bfd989de859f7b78cc5  4 VMKSTDSSSLAEVVDRILDKGIVIDAWAKVSLVGIELLSVEARVVIASVETYLKYAEAIGLTATAASP 71
                              6799***********************************************************99987 PP

>> nat_a9c10692b45d32f772b4  
   #    score  bias  c-Evalue  i-Evalue hmmfrom  hmm to    alifrom  ali to    envfrom  env to     acc
 ---   ------ ----- --------- --------- ------- -------    ------- -------    ------- -------    ----
   1 !  123.0   1.3   2.1e-37     3e-37       5      70 ..       6      71 ..       1      82 [. 0.92

  Alignments for each domain:
  == domain 1  score: 123.0 bits;  conditional E-value: 2.1e-37
                      gvpa  5 kvsassslaevldrvLdkGvvidawvrvsLvGielltvearvvvasvdtyLkyaeavglteqaalt 70
                              + ++ssslaevldrvLdkGvvid+w+r+s+vGiellt+earvvvasvdt+L+yae+++++eqa+  
  nat_a9c10692b45d32f772b4  6 RRPDSSSLAEVLDRVLDKGVVIDVWARISVVGIELLTIEARVVVASVDTFLHYAEEIAKIEQATAE 71
                              789***********************************************************9876 PP

>> nat_a62ba34ed245e06a2975  
   #    score  bias  c-Evalue  i-Evalue hmmfrom  hmm to    alifrom  ali to    envfrom  env to     acc
 ---   ------ ----- --------- --------- ------- -------    ------- -------    ------- -------    ----
   1 !  123.1   4.7     2e-37   2.9e-37       1      70 [.       1      69 [.       1      70 [] 0.98

  Alignments for each domain:
  == domain 1  score: 123.1 bits;  conditional E-value: 2e-37
                      gvpa  1 mavekvsassslaevldrvLdkGvvidawvrvsLvGielltvearvvvasvdtyLkyaeavglteqaalt 70
                              mavek+++ssslaev+dr+L+ G+vidawvrvsLvGiel+++ear+v+asv+tyLkyaeavglt+ aa++
  nat_a62ba34ed245e06a2975  1 MAVEKTNSSSSLAEVIDRILE-GIVIDAWVRVSLVGIELIAIEARIVIASVETYLKYAEAVGLTQSAAVP 69
                              9*******************6.*********************************************998 PP

>> nat_c0d8f1302fa41452efbc  
   #    score  bias  c-Evalue  i-Evalue hmmfrom  hmm to    alifrom  ali to    envfrom  env to     acc
 ---   ------ ----- --------- --------- ------- -------    ------- -------    ------- -------    ----
   1 !  123.0   1.3   2.1e-37     3e-37       5      70 ..       6      71 ..       1      82 [. 0.92

  Alignments for each domain:
  == domain 1  score: 123.0 bits;  conditional E-value: 2.1e-37
                      gvpa  5 kvsassslaevldrvLdkGvvidawvrvsLvGielltvearvvvasvdtyLkyaeavglteqaalt 70
                              + ++ssslaevldrvLdkGvvid+w+r+s+vGiellt+earvvvasvdt+L+yae+++++eqa+  
  nat_c0d8f1302fa41452efbc  6 RRPDSSSLAEVLDRVLDKGVVIDVWARISVVGIELLTIEARVVVASVDTFLHYAEEIAKIEQATAE 71
                              789***********************************************************9876 PP

>> nat_78005b3dddedd0251b7e  
   #    score  bias  c-Evalue  i-Evalue hmmfrom  hmm to    alifrom  ali to    envfrom  env to     acc
 ---   ------ ----- --------- --------- ------- -------    ------- -------    ------- -------    ----
   1 !  123.0   1.3   2.1e-37     3e-37       5      71 ..       6      72 ..       1      83 [. 0.92

  Alignments for each domain:
  == domain 1  score: 123.0 bits;  conditional E-value: 2.1e-37
                      gvpa  5 kvsassslaevldrvLdkGvvidawvrvsLvGielltvearvvvasvdtyLkyaeavglteqaalta 71
                              + ++ssslaevldr+LdkGvvid+w+rvs+vGiellt+earvvvasvdt+L+yae+++++eqa+   
  nat_78005b3dddedd0251b7e  6 RRPDSSSLAEVLDRILDKGVVIDVWARVSVVGIELLTIEARVVVASVDTFLHYAEEIAKIEQATAEG 72
                              789***********************************************************98764 PP

>> nat_a36a3359d46f89a3e9c6  
   #    score  bias  c-Evalue  i-Evalue hmmfrom  hmm to    alifrom  ali to    envfrom  env to     acc
 ---   ------ ----- --------- --------- ------- -------    ------- -------    ------- -------    ----
   1 !  123.0   2.4   2.1e-37   3.1e-37       1      70 [.       1      69 [.       1      81 [. 0.93

  Alignments for each domain:
  == domain 1  score: 123.0 bits;  conditional E-value: 2.1e-37
                      gvpa  1 mavekvsassslaevldrvLdkGvvidawvrvsLvGielltvearvvvasvdtyLkyaeavglteqaalt 70
                              ma +++++ssslaevldrvLdkGvvid+w+r+s+vGiellt+earvvvasvdt+L+yae+++++eqa+  
  nat_a36a3359d46f89a3e9c6  1 MA-QRTPDSSSLAEVLDRVLDKGVVIDVWARISVVGIELLTIEARVVVASVDTFLHYAEEIAKIEQATAE 69
                              55.899************************************************************9764 PP

>> nat_0101bc590c89813c161a  
   #    score  bias  c-Evalue  i-Evalue hmmfrom  hmm to    alifrom  ali to    envfrom  env to     acc
 ---   ------ ----- --------- --------- ------- -------    ------- -------    ------- -------    ----
   1 !  123.0   1.3   2.2e-37   3.1e-37       5      70 ..       6      71 ..       1      82 [. 0.92

  Alignments for each domain:
  == domain 1  score: 123.0 bits;  conditional E-value: 2.2e-37
                      gvpa  5 kvsassslaevldrvLdkGvvidawvrvsLvGielltvearvvvasvdtyLkyaeavglteqaalt 70
                              + ++ssslaevldr+LdkGvvid+w+rvs+vGiellt+earvvvasvdt+L+yae+++++eqa+  
  nat_0101bc590c89813c161a  6 RRPDSSSLAEVLDRILDKGVVIDVWARVSVVGIELLTIEARVVVASVDTFLHYAEEIAKIEQATAE 71
                              789***********************************************************9876 PP

>> nat_4b58b860e36e01bdb682  
   #    score  bias  c-Evalue  i-Evalue hmmfrom  hmm to    alifrom  ali to    envfrom  env to     acc
 ---   ------ ----- --------- --------- ------- -------    ------- -------    ------- -------    ----
   1 !  122.9   1.3   2.3e-37   3.2e-37       5      70 ..       6      71 ..       1      82 [. 0.92

  Alignments for each domain:
  == domain 1  score: 122.9 bits;  conditional E-value: 2.3e-37
                      gvpa  5 kvsassslaevldrvLdkGvvidawvrvsLvGielltvearvvvasvdtyLkyaeavglteqaalt 70
                              + ++ssslaevldr+LdkGvvid+w+rvs+vGiellt+earvvvasvdt+L+yae+++++eqa+  
  nat_4b58b860e36e01bdb682  6 RRPDSSSLAEVLDRILDKGVVIDVWARVSVVGIELLTIEARVVVASVDTFLHYAEEIAKIEQATAE 71
                              789***********************************************************9876 PP

>> nat_8f3e753527c876cd94f0  
   #    score  bias  c-Evalue  i-Evalue hmmfrom  hmm to    alifrom  ali to    envfrom  env to     acc
 ---   ------ ----- --------- --------- ------- -------    ------- -------    ------- -------    ----
   1 !  122.9   1.3   2.3e-37   3.2e-37       5      70 ..       6      71 ..       1      82 [. 0.92

  Alignments for each domain:
  == domain 1  score: 122.9 bits;  conditional E-value: 2.3e-37
                      gvpa  5 kvsassslaevldrvLdkGvvidawvrvsLvGielltvearvvvasvdtyLkyaeavglteqaalt 70
                              + ++ssslaevldr+LdkGvvid+w+rvs+vGiellt+earvvvasvdt+L+yae+++++eqa+  
  nat_8f3e753527c876cd94f0  6 RRPDSSSLAEVLDRILDKGVVIDVWARVSVVGIELLTIEARVVVASVDTFLHYAEEIAKIEQATAE 71
                              789***********************************************************9876 PP

>> nat_6d7cf2e541fa269a8a55  
   #    score  bias  c-Evalue  i-Evalue hmmfrom  hmm to    alifrom  ali to    envfrom  env to     acc
 ---   ------ ----- --------- --------- ------- -------    ------- -------    ------- -------    ----
   1 !  122.9   4.6   2.4e-37   3.4e-37       1      66 [.       1      66 [.       1      76 [. 0.96

  Alignments for each domain:
  == domain 1  score: 122.9 bits;  conditional E-value: 2.4e-37
                      gvpa  1 mavekvsassslaevldrvLdkGvvidawvrvsLvGielltvearvvvasvdtyLkyaeavglteq 66
                              mav+k+++ssslaev+dr+LdkG+vida+vrvs+vGie+ltvearvv+asvdt+L+yaeavgl  +
  nat_6d7cf2e541fa269a8a55  1 MAVQKSTDSSSLAEVIDRILDKGIVIDAFVRVSVVGIEILTVEARVVIASVDTWLRYAEAVGLLRD 66
                              9*************************************************************9876 PP

>> nat_4482775e0979509e45d2  
   #    score  bias  c-Evalue  i-Evalue hmmfrom  hmm to    alifrom  ali to    envfrom  env to     acc
 ---   ------ ----- --------- --------- ------- -------    ------- -------    ------- -------    ----
   1 !  122.9   1.3   2.3e-37   3.2e-37       5      70 ..       6      71 ..       1      82 [. 0.92

  Alignments for each domain:
  == domain 1  score: 122.9 bits;  conditional E-value: 2.3e-37
                      gvpa  5 kvsassslaevldrvLdkGvvidawvrvsLvGielltvearvvvasvdtyLkyaeavglteqaalt 70
                              + ++ssslaevldr+LdkGvvid+w+rvs+vGiellt+earvvvasvdt+L+yae+++++eqa+  
  nat_4482775e0979509e45d2  6 RRPDSSSLAEVLDRILDKGVVIDVWARVSVVGIELLTIEARVVVASVDTFLHYAEEIAKIEQATAE 71
                              789***********************************************************9876 PP

>> nat_375409e47c121ca81b85  
   #    score  bias  c-Evalue  i-Evalue hmmfrom  hmm to    alifrom  ali to    envfrom  env to     acc
 ---   ------ ----- --------- --------- ------- -------    ------- -------    ------- -------    ----
   1 !  123.0   2.3   2.2e-37   3.1e-37       1      69 [.       1      69 [.       1      81 [. 0.92

  Alignments for each domain:
  == domain 1  score: 123.0 bits;  conditional E-value: 2.2e-37
                      gvpa  1 mavekvsassslaevldrvLdkGvvidawvrvsLvGielltvearvvvasvdtyLkyaeavglteqaal 69
                              m ++k+++ssslaev+dr+LdkG+vida++rvsLvGie+ltvearvv+asvdt+L+ya+avgl  +  +
  nat_375409e47c121ca81b85  1 MSIQKTTDSSSLAEVIDRILDKGIVIDAFARVSLVGIEILTVEARVVIASVDTWLRYANAVGLLRDDVQ 69
                              899***********************************************************9987544 PP

>> nat_d80e058d93177215aa4b  
   #    score  bias  c-Evalue  i-Evalue hmmfrom  hmm to    alifrom  ali to    envfrom  env to     acc
 ---   ------ ----- --------- --------- ------- -------    ------- -------    ------- -------    ----
   1 !  122.9   1.7   2.3e-37   3.3e-37       5      72 ..       6      73 ..       1      83 [. 0.91

  Alignments for each domain:
  == domain 1  score: 122.9 bits;  conditional E-value: 2.3e-37
                      gvpa  5 kvsassslaevldrvLdkGvvidawvrvsLvGielltvearvvvasvdtyLkyaeavglteqaaltaa 72
                              + ++ssslaevldrvLdkGvvid+w+r+s+vGiellt+earvvvasvdt+L+yae+++++eqa+    
  nat_d80e058d93177215aa4b  6 RRPDSSSLAEVLDRVLDKGVVIDVWARISVVGIELLTIEARVVVASVDTFLHYAEEIAKIEQATAEGE 73
                              789***********************************************************987654 PP

>> nat_6d06213120173a755e9b  
   #    score  bias  c-Evalue  i-Evalue hmmfrom  hmm to    alifrom  ali to    envfrom  env to     acc
 ---   ------ ----- --------- --------- ------- -------    ------- -------    ------- -------    ----
   1 !  123.0   1.5   2.2e-37   3.1e-37       1      67 [.       1      67 [.       1      82 [. 0.91

  Alignments for each domain:
  == domain 1  score: 123.0 bits;  conditional E-value: 2.2e-37
                      gvpa  1 mavekvsassslaevldrvLdkGvvidawvrvsLvGielltvearvvvasvdtyLkyaeavglteqa 67
                              m ++k+++ssslaev+dr+LdkG+vida++rvs+vGie+lt+earvv+asvdt+L+yaeavgl  + 
  nat_6d06213120173a755e9b  1 MSIQKSTNSSSLAEVIDRILDKGIVIDAFARVSIVGIEILTIEARVVIASVDTWLRYAEAVGLLRDD 67
                              89************************************************************98764 PP

>> nat_0c171934ecf7b20bfbc9  
   #    score  bias  c-Evalue  i-Evalue hmmfrom  hmm to    alifrom  ali to    envfrom  env to     acc
 ---   ------ ----- --------- --------- ------- -------    ------- -------    ------- -------    ----
   1 !  122.9   5.2   2.4e-37   3.5e-37       1      67 [.       1      67 [.       1      79 [. 0.94

  Alignments for each domain:
  == domain 1  score: 122.9 bits;  conditional E-value: 2.4e-37
                      gvpa  1 mavekvsassslaevldrvLdkGvvidawvrvsLvGielltvearvvvasvdtyLkyaeavglteqa 67
                              ma++k+++ssslaev+dr+LdkG+vida+vrvs+vGiel+tvearvv+asvdt+L+yaeavgl  + 
  nat_0c171934ecf7b20bfbc9  1 MAIQKSTDSSSLAEVIDRILDKGIVIDAFVRVSVVGIELITVEARVVIASVDTWLRYAEAVGLLRDE 67
                              9*************************************************************98764 PP

>> nat_9587ffd39bd2d85bd5ef  
   #    score  bias  c-Evalue  i-Evalue hmmfrom  hmm to    alifrom  ali to    envfrom  env to     acc
 ---   ------ ----- --------- --------- ------- -------    ------- -------    ------- -------    ----
   1 !  122.9   3.8   2.3e-37   3.3e-37       1      67 [.       1      67 [.       1      77 [. 0.94

  Alignments for each domain:
  == domain 1  score: 122.9 bits;  conditional E-value: 2.3e-37
                      gvpa  1 mavekvsassslaevldrvLdkGvvidawvrvsLvGielltvearvvvasvdtyLkyaeavglteqa 67
                              m ++k+++ssslaev+dr+LdkG+vida+vrvsLvGie+ltvearvv+asvdt+L+ya+avgl  + 
  nat_9587ffd39bd2d85bd5ef  1 MSIQKSTDSSSLAEVIDRILDKGIVIDAFVRVSLVGIEILTVEARVVIASVDTWLRYANAVGLLRDD 67
                              89************************************************************98764 PP

>> nat_d6e9dabc7155ae370ddb  
   #    score  bias  c-Evalue  i-Evalue hmmfrom  hmm to    alifrom  ali to    envfrom  env to     acc
 ---   ------ ----- --------- --------- ------- -------    ------- -------    ------- -------    ----
   1 !  122.8   3.7   2.4e-37   3.5e-37       3      74 ..       4      75 ..       1      83 [. 0.92

  Alignments for each domain:
  == domain 1  score: 122.8 bits;  conditional E-value: 2.4e-37
                      gvpa  3 vekvsassslaevldrvLdkGvvidawvrvsLvGielltvearvvvasvdtyLkyaeavglteqaaltaaae 74
                              v++ ++ssslaevldrvLdkGvvid+w+r+s+vGiellt+earvvvasvdt+L+yae+++++eqa+     e
  nat_d6e9dabc7155ae370ddb  4 VQRRPESSSLAEVLDRVLDKGVVIDVWARISVVGIELLTIEARVVVASVDTFLHYAEEIAKIEQATAEGDVE 75
                              6999************************************************************98775555 PP

>> nat_72c94665b6fe8f5a4a99  
   #    score  bias  c-Evalue  i-Evalue hmmfrom  hmm to    alifrom  ali to    envfrom  env to     acc
 ---   ------ ----- --------- --------- ------- -------    ------- -------    ------- -------    ----
   1 !  122.9   3.8   2.4e-37   3.4e-37       1      67 [.       1      67 [.       1      79 [. 0.94

  Alignments for each domain:
  == domain 1  score: 122.9 bits;  conditional E-value: 2.4e-37
                      gvpa  1 mavekvsassslaevldrvLdkGvvidawvrvsLvGielltvearvvvasvdtyLkyaeavglteqa 67
                              m v+k+++ssslaev+dr+LdkG+vida++rvsLvGie+ltvearvv+asvdt+L+yaeavgl  + 
  nat_72c94665b6fe8f5a4a99  1 MSVQKSADSSSLAEVIDRILDKGIVIDAYARVSLVGIEILTVEARVVIASVDTWLRYAEAVGLLRDE 67
                              89************************************************************98764 PP

>> nat_d92cb9dcfcf48b731b50  
   #    score  bias  c-Evalue  i-Evalue hmmfrom  hmm to    alifrom  ali to    envfrom  env to     acc
 ---   ------ ----- --------- --------- ------- -------    ------- -------    ------- -------    ----
   1 !  122.8   1.5   2.4e-37   3.5e-37       5      71 ..       6      72 ..       1      83 [. 0.92

  Alignments for each domain:
  == domain 1  score: 122.8 bits;  conditional E-value: 2.4e-37
                      gvpa  5 kvsassslaevldrvLdkGvvidawvrvsLvGielltvearvvvasvdtyLkyaeavglteqaalta 71
                              + ++ssslaevldr+LdkGvvid+w+rvs+vGiellt+earvvvasvdt+L+yae+++++eqa+   
  nat_d92cb9dcfcf48b731b50  6 RRPDSSSLAEVLDRILDKGVVIDVWARVSVVGIELLTIEARVVVASVDTFLHYAEEIAKIEQATAEG 72
                              789***********************************************************98764 PP

>> nat_9fda348180c612303cdb  
   #    score  bias  c-Evalue  i-Evalue hmmfrom  hmm to    alifrom  ali to    envfrom  env to     acc
 ---   ------ ----- --------- --------- ------- -------    ------- -------    ------- -------    ----
   1 !  122.8   1.2   2.4e-37   3.5e-37       5      70 ..       6      71 ..       1      84 [. 0.92

  Alignments for each domain:
  == domain 1  score: 122.8 bits;  conditional E-value: 2.4e-37
                      gvpa  5 kvsassslaevldrvLdkGvvidawvrvsLvGielltvearvvvasvdtyLkyaeavglteqaalt 70
                              + ++ssslaevldr+LdkGvvid+w+r+s+vGielltvearvvvasvdt+L+yae+++++eqa+  
  nat_9fda348180c612303cdb  6 RRPDSSSLAEVLDRILDKGVVIDVWARISVVGIELLTVEARVVVASVDTFLHYAEEIAKIEQATAE 71
                              789***********************************************************9764 PP

>> nat_05d62502987d9405b8af  
   #    score  bias  c-Evalue  i-Evalue hmmfrom  hmm to    alifrom  ali to    envfrom  env to     acc
 ---   ------ ----- --------- --------- ------- -------    ------- -------    ------- -------    ----
   1 !  122.7   1.6   2.6e-37   3.8e-37       5      70 ..       6      71 ..       1      82 [. 0.92

  Alignments for each domain:
  == domain 1  score: 122.7 bits;  conditional E-value: 2.6e-37
                      gvpa  5 kvsassslaevldrvLdkGvvidawvrvsLvGielltvearvvvasvdtyLkyaeavglteqaalt 70
                              + ++ssslaevldr+LdkGvvid+w+rvs+vGiellt+earvvvasvdt+L+yae+++++eqa+  
  nat_05d62502987d9405b8af  6 RRPDSSSLAEVLDRILDKGVVIDVWARVSVVGIELLTIEARVVVASVDTFLHYAEEIAKIEQATAE 71
                              789***********************************************************9876 PP

>> nat_5883761e33f67abd193e  
   #    score  bias  c-Evalue  i-Evalue hmmfrom  hmm to    alifrom  ali to    envfrom  env to     acc
 ---   ------ ----- --------- --------- ------- -------    ------- -------    ------- -------    ----
   1 !  122.8   7.5   2.5e-37   3.6e-37       1      67 [.       1      67 [.       1      68 [] 0.98

  Alignments for each domain:
  == domain 1  score: 122.8 bits;  conditional E-value: 2.5e-37
                      gvpa  1 mavekvsassslaevldrvLdkGvvidawvrvsLvGielltvearvvvasvdtyLkyaeavglteqa 67
                              mavek+++sssl+ev+dr+LdkGvv+da+vrvsLvGiel+++ear+vvasv+tyLkyaea+glt +a
  nat_5883761e33f67abd193e  1 MAVEKTVGSSSLVEVVDRILDKGVVVDAYVRVSLVGIELVAIEARIVVASVETYLKYAEAIGLTAKA 67
                              9***************************************************************987 PP

>> nat_a6d518bf56b5cafab96a  
   #    score  bias  c-Evalue  i-Evalue hmmfrom  hmm to    alifrom  ali to    envfrom  env to     acc
 ---   ------ ----- --------- --------- ------- -------    ------- -------    ------- -------    ----
   1 !  122.6   4.3   2.8e-37     4e-37       1      66 [.       1      66 [.       1      74 [. 0.96

  Alignments for each domain:
  == domain 1  score: 122.6 bits;  conditional E-value: 2.8e-37
                      gvpa  1 mavekvsassslaevldrvLdkGvvidawvrvsLvGielltvearvvvasvdtyLkyaeavglteq 66
                              ma++k+++ssslaev+dr+LdkG+vida+vrvs+vGie+ltvear+v+asvdt+L+yaeavgl  +
  nat_a6d518bf56b5cafab96a  1 MAIQKSTDSSSLAEVIDRILDKGIVIDAFVRVSVVGIEILTVEARIVIASVDTWLRYAEAVGLLRD 66
                              9*************************************************************9876 PP

>> nat_3e6bf91c590be6684eed  
   #    score  bias  c-Evalue  i-Evalue hmmfrom  hmm to    alifrom  ali to    envfrom  env to     acc
 ---   ------ ----- --------- --------- ------- -------    ------- -------    ------- -------    ----
   1 !  122.7   1.3   2.7e-37   3.8e-37       5      70 ..       6      71 ..       1      82 [. 0.93

  Alignments for each domain:
  == domain 1  score: 122.7 bits;  conditional E-value: 2.7e-37
                      gvpa  5 kvsassslaevldrvLdkGvvidawvrvsLvGielltvearvvvasvdtyLkyaeavglteqaalt 70
                              + ++ssslaevldrvLdkGvvid+w+r+s+vGiellt+earvvvasvdt+L+yae+++++eqa+  
  nat_3e6bf91c590be6684eed  6 RRPDSSSLAEVLDRVLDKGVVIDVWARISVVGIELLTIEARVVVASVDTFLHYAEEIAKIEQATAE 71
                              789***********************************************************9764 PP

>> nat_7d45d6cf3df5d3d36985  
   #    score  bias  c-Evalue  i-Evalue hmmfrom  hmm to    alifrom  ali to    envfrom  env to     acc
 ---   ------ ----- --------- --------- ------- -------    ------- -------    ------- -------    ----
   1 !  122.7   1.6   2.7e-37   3.9e-37       5      70 ..       6      71 ..       1      83 [. 0.92

  Alignments for each domain:
  == domain 1  score: 122.7 bits;  conditional E-value: 2.7e-37
                      gvpa  5 kvsassslaevldrvLdkGvvidawvrvsLvGielltvearvvvasvdtyLkyaeavglteqaalt 70
                              + ++ssslaevldr+LdkGvvid+w+rvs+vGiellt+earvvvasvdt+L+yae+++++eqa+  
  nat_7d45d6cf3df5d3d36985  6 RRPDSSSLAEVLDRILDKGVVIDVWARVSVVGIELLTIEARVVVASVDTFLHYAEEIAKIEQATAE 71
                              789***********************************************************9865 PP

>> nat_168a7720be25950ce7a5  
   #    score  bias  c-Evalue  i-Evalue hmmfrom  hmm to    alifrom  ali to    envfrom  env to     acc
 ---   ------ ----- --------- --------- ------- -------    ------- -------    ------- -------    ----
   1 !  122.7   1.3   2.7e-37   3.8e-37       5      70 ..       6      71 ..       1      82 [. 0.93

  Alignments for each domain:
  == domain 1  score: 122.7 bits;  conditional E-value: 2.7e-37
                      gvpa  5 kvsassslaevldrvLdkGvvidawvrvsLvGielltvearvvvasvdtyLkyaeavglteqaalt 70
                              + ++ssslaevldrvLdkGvvid+w+r+s+vGiellt+earvvvasvdt+L+yae+++++eqa+  
  nat_168a7720be25950ce7a5  6 RRPDSSSLAEVLDRVLDKGVVIDVWARISVVGIELLTIEARVVVASVDTFLHYAEEIAKIEQATAE 71
                              789***********************************************************9764 PP

>> nat_1f956fdbc151f2ec0ffb  
   #    score  bias  c-Evalue  i-Evalue hmmfrom  hmm to    alifrom  ali to    envfrom  env to     acc
 ---   ------ ----- --------- --------- ------- -------    ------- -------    ------- -------    ----
   1 !  122.7   1.4   2.7e-37   3.9e-37       5      70 ..       6      71 ..       1      82 [. 0.92

  Alignments for each domain:
  == domain 1  score: 122.7 bits;  conditional E-value: 2.7e-37
                      gvpa  5 kvsassslaevldrvLdkGvvidawvrvsLvGielltvearvvvasvdtyLkyaeavglteqaalt 70
                              + ++ssslaevldr+LdkGvvid+w+rvs+vGiellt+earvvvasvdt+L+yae+++++eqa+  
  nat_1f956fdbc151f2ec0ffb  6 RRPDSSSLAEVLDRILDKGVVIDVWARVSVVGIELLTIEARVVVASVDTFLHYAEEIAKIEQATAE 71
                              789***********************************************************9765 PP

>> nat_a2a7b780c74df6bd950e  
   #    score  bias  c-Evalue  i-Evalue hmmfrom  hmm to    alifrom  ali to    envfrom  env to     acc
 ---   ------ ----- --------- --------- ------- -------    ------- -------    ------- -------    ----
   1 !  122.8   2.7   2.5e-37   3.6e-37       3      70 ..       4      71 ..       1      72 [] 0.95

  Alignments for each domain:
  == domain 1  score: 122.8 bits;  conditional E-value: 2.5e-37
                      gvpa  3 vekvsassslaevldrvLdkGvvidawvrvsLvGielltvearvvvasvdtyLkyaeavglteqaalt 70
                              v ++++ssslaev+dr+LdkG+vidawv+vsLvGiell++earvv+asv+tyLkyaea+glt  aa +
  nat_a2a7b780c74df6bd950e  4 VANSTDSSSLAEVVDRILDKGIVIDAWVKVSLVGIELLAIEARVVIASVETYLKYAEAIGLTAPAAAP 71
                              56789*********************************************************999877 PP

>> nat_acb38079c01f07d0de6f  
   #    score  bias  c-Evalue  i-Evalue hmmfrom  hmm to    alifrom  ali to    envfrom  env to     acc
 ---   ------ ----- --------- --------- ------- -------    ------- -------    ------- -------    ----
   1 !  122.7   1.3   2.8e-37     4e-37       5      70 ..       6      71 ..       1      82 [. 0.93

  Alignments for each domain:
  == domain 1  score: 122.7 bits;  conditional E-value: 2.8e-37
                      gvpa  5 kvsassslaevldrvLdkGvvidawvrvsLvGielltvearvvvasvdtyLkyaeavglteqaalt 70
                              + ++ssslaevldrvLdkGvvid+w+r+s+vGiellt+earvvvasvdt+L+yae+++++eqa+  
  nat_acb38079c01f07d0de6f  6 RRPDSSSLAEVLDRVLDKGVVIDVWARISVVGIELLTIEARVVVASVDTFLHYAEEIAKIEQATAE 71
                              789***********************************************************9764 PP

>> nat_956601650d2d23245a8b  
   #    score  bias  c-Evalue  i-Evalue hmmfrom  hmm to    alifrom  ali to    envfrom  env to     acc
 ---   ------ ----- --------- --------- ------- -------    ------- -------    ------- -------    ----
   1 !  122.8   3.3   2.6e-37   3.7e-37       3      70 ..       4      71 ..       1      72 [] 0.95

  Alignments for each domain:
  == domain 1  score: 122.8 bits;  conditional E-value: 2.6e-37
                      gvpa  3 vekvsassslaevldrvLdkGvvidawvrvsLvGielltvearvvvasvdtyLkyaeavglteqaalt 70
                              v ++++ssslaev+dr+LdkG+vidaw++vsLvGiell++earvvvasv+tyLkyaea+glt+ aa +
  nat_956601650d2d23245a8b  4 VANSTDSSSLAEVVDRILDKGIVIDAWAKVSLVGIELLSIEARVVVASVETYLKYAEAIGLTSSAAAP 71
                              56789***********************************************************9987 PP

>> nat_bf5abb4d953e0d6aaa1f  
   #    score  bias  c-Evalue  i-Evalue hmmfrom  hmm to    alifrom  ali to    envfrom  env to     acc
 ---   ------ ----- --------- --------- ------- -------    ------- -------    ------- -------    ----
   1 !  122.7   1.3   2.8e-37     4e-37       5      70 ..       6      71 ..       1      82 [. 0.93

  Alignments for each domain:
  == domain 1  score: 122.7 bits;  conditional E-value: 2.8e-37
                      gvpa  5 kvsassslaevldrvLdkGvvidawvrvsLvGielltvearvvvasvdtyLkyaeavglteqaalt 70
                              + ++ssslaevldrvLdkGvvid+w+r+s+vGiellt+earvvvasvdt+L+yae+++++eqa+  
  nat_bf5abb4d953e0d6aaa1f  6 RRPDSSSLAEVLDRVLDKGVVIDVWARISVVGIELLTIEARVVVASVDTFLHYAEEIAKIEQATAE 71
                              789***********************************************************9764 PP

>> nat_38cb7bda240a833d36b3  
   #    score  bias  c-Evalue  i-Evalue hmmfrom  hmm to    alifrom  ali to    envfrom  env to     acc
 ---   ------ ----- --------- --------- ------- -------    ------- -------    ------- -------    ----
   1 !  122.6   1.4   2.8e-37     4e-37       5      71 ..       6      72 ..       1      83 [. 0.92

  Alignments for each domain:
  == domain 1  score: 122.6 bits;  conditional E-value: 2.8e-37
                      gvpa  5 kvsassslaevldrvLdkGvvidawvrvsLvGielltvearvvvasvdtyLkyaeavglteqaalta 71
                              + ++ssslaevldr+LdkGvvid+w+rvs+vGiellt+earvv+asvdt+L+yae+++++eqa+   
  nat_38cb7bda240a833d36b3  6 RRPDSSSLAEVLDRILDKGVVIDVWARVSVVGIELLTIEARVVIASVDTFLHYAEEIAKIEQATAEG 72
                              789***********************************************************98764 PP

>> nat_f063d1210a55bcc917a5  
   #    score  bias  c-Evalue  i-Evalue hmmfrom  hmm to    alifrom  ali to    envfrom  env to     acc
 ---   ------ ----- --------- --------- ------- -------    ------- -------    ------- -------    ----
   1 !  122.7   4.0   2.6e-37   3.8e-37       3      70 ..       4      71 ..       1      72 [] 0.96

  Alignments for each domain:
  == domain 1  score: 122.7 bits;  conditional E-value: 2.6e-37
                      gvpa  3 vekvsassslaevldrvLdkGvvidawvrvsLvGielltvearvvvasvdtyLkyaeavglteqaalt 70
                              v+k+++ssslaev+dr+LdkGvvid+w++vsLvGiell+vearvv+asv+tyLkyaea+glt  aa +
  nat_f063d1210a55bcc917a5  4 VQKTTDSSSLAEVVDRILDKGVVIDVWAKVSLVGIELLSVEARVVIASVETYLKYAEAIGLTATAAAP 71
                              899************************************************************99987 PP

>> nat_62bc5089576517d5fad1  
   #    score  bias  c-Evalue  i-Evalue hmmfrom  hmm to    alifrom  ali to    envfrom  env to     acc
 ---   ------ ----- --------- --------- ------- -------    ------- -------    ------- -------    ----
   1 !  122.6   2.1   2.8e-37   4.1e-37       1      70 [.       1      69 [.       1      81 [. 0.93

  Alignments for each domain:
  == domain 1  score: 122.6 bits;  conditional E-value: 2.8e-37
                      gvpa  1 mavekvsassslaevldrvLdkGvvidawvrvsLvGielltvearvvvasvdtyLkyaeavglteqaalt 70
                              ma +++++ssslaevldrvLdkGvvid+w+r+s+vGiellt+earvvvasvdt+L+yae+++++eqa+  
  nat_62bc5089576517d5fad1  1 MA-QRTPNSSSLAEVLDRVLDKGVVIDVWARISVVGIELLTIEARVVVASVDTFLHYAEEIAKIEQATAE 69
                              55.7999***********************************************************9764 PP

>> nat_c277f769aaa81aaf7242  
   #    score  bias  c-Evalue  i-Evalue hmmfrom  hmm to    alifrom  ali to    envfrom  env to     acc
 ---   ------ ----- --------- --------- ------- -------    ------- -------    ------- -------    ----
   1 !  122.6   2.1   2.9e-37   4.1e-37       1      67 [.       1      67 [.       1      80 [. 0.94

  Alignments for each domain:
  == domain 1  score: 122.6 bits;  conditional E-value: 2.9e-37
                      gvpa  1 mavekvsassslaevldrvLdkGvvidawvrvsLvGielltvearvvvasvdtyLkyaeavglteqa 67
                              ma++k+++ssslaev+dr+LdkG+vida++rvs+vGie+ltvearvv+asvdt+L+yaeavgl  + 
  nat_c277f769aaa81aaf7242  1 MAIQKTTDSSSLAEVVDRILDKGIVIDAFARVSVVGIEILTVEARVVIASVDTWLRYAEAVGLLRDE 67
                              9*************************************************************98764 PP

>> nat_499d1d5d62f7019687f3  
   #    score  bias  c-Evalue  i-Evalue hmmfrom  hmm to    alifrom  ali to    envfrom  env to     acc
 ---   ------ ----- --------- --------- ------- -------    ------- -------    ------- -------    ----
   1 !  122.6   1.8   2.9e-37   4.2e-37       1      70 [.       1      70 [.       1      79 [. 0.93

  Alignments for each domain:
  == domain 1  score: 122.6 bits;  conditional E-value: 2.9e-37
                      gvpa  1 mavekvsassslaevldrvLdkGvvidawvrvsLvGielltvearvvvasvdtyLkyaeavglteqaalt 70
                              m v+k+++ssslaev+dr+LdkG+vida++rvsL+G+e+ltvearvv+asvdt+L+yaeavgl ++ a  
  nat_499d1d5d62f7019687f3  1 MSVQKSTDSSSLAEVIDRILDKGIVIDAFARVSLLGVEILTVEARVVIASVDTWLRYAEAVGLLKDEANR 70
                              89*************************************************************9887654 PP

>> nat_f8623581c79728f8eb53  
   #    score  bias  c-Evalue  i-Evalue hmmfrom  hmm to    alifrom  ali to    envfrom  env to     acc
 ---   ------ ----- --------- --------- ------- -------    ------- -------    ------- -------    ----
   1 !  122.7   4.2   2.8e-37     4e-37       2      70 ..       3      71 ..       1      72 [] 0.97

  Alignments for each domain:
  == domain 1  score: 122.7 bits;  conditional E-value: 2.8e-37
                      gvpa  2 avekvsassslaevldrvLdkGvvidawvrvsLvGielltvearvvvasvdtyLkyaeavglteqaalt 70
                              av+k+++ssslaev+dr+LdkGvv+d+w++vsLvGiell+vear+v+asv+tyLkyaea+glt  aa +
  nat_f8623581c79728f8eb53  3 AVQKTTDSSSLAEVVDRILDKGVVVDVWAKVSLVGIELLSVEARIVIASVETYLKYAEAIGLTATAAAP 71
                              799*************************************************************99987 PP

>> nat_26308fc9d4bef9eb4e06  
   #    score  bias  c-Evalue  i-Evalue hmmfrom  hmm to    alifrom  ali to    envfrom  env to     acc
 ---   ------ ----- --------- --------- ------- -------    ------- -------    ------- -------    ----
   1 !  122.6   2.9   2.9e-37   4.1e-37       2      67 ..       3      68 ..       1      82 [. 0.91

  Alignments for each domain:
  == domain 1  score: 122.6 bits;  conditional E-value: 2.9e-37
                      gvpa  2 avekvsassslaevldrvLdkGvvidawvrvsLvGielltvearvvvasvdtyLkyaeavglteqa 67
                              av+k+++ssslaev+dr+LdkG+vida+vrvs+vGie+ltvearvv+asvdt+L+yaeavgl  + 
  nat_26308fc9d4bef9eb4e06  3 AVQKSTDSSSLAEVIDRILDKGIVIDAFVRVSVVGIEILTVEARVVIASVDTWLRYAEAVGLLRDE 68
                              799**********************************************************98765 PP

>> nat_bb09971e1315fce64b6e  
   #    score  bias  c-Evalue  i-Evalue hmmfrom  hmm to    alifrom  ali to    envfrom  env to     acc
 ---   ------ ----- --------- --------- ------- -------    ------- -------    ------- -------    ----
   1 !  122.7   3.9   2.7e-37   3.9e-37       3      70 ..       4      71 ..       1      72 [] 0.96

  Alignments for each domain:
  == domain 1  score: 122.7 bits;  conditional E-value: 2.7e-37
                      gvpa  3 vekvsassslaevldrvLdkGvvidawvrvsLvGielltvearvvvasvdtyLkyaeavglteqaalt 70
                              ++k+++ssslaev+dr+LdkG+v+d+w++vsLvGiell+vearvvvasv+tyLkyaea+glt  aa +
  nat_bb09971e1315fce64b6e  4 IQKSTDSSSLAEVVDRILDKGIVVDVWAKVSLVGIELLSVEARVVVASVETYLKYAEAIGLTASAAAP 71
                              799************************************************************99987 PP

>> nat_633e02862eb6da44de6e  
   #    score  bias  c-Evalue  i-Evalue hmmfrom  hmm to    alifrom  ali to    envfrom  env to     acc
 ---   ------ ----- --------- --------- ------- -------    ------- -------    ------- -------    ----
   1 !  122.5   1.1     3e-37   4.3e-37       1      67 [.       1      67 [.       1      76 [. 0.95

  Alignments for each domain:
  == domain 1  score: 122.5 bits;  conditional E-value: 3e-37
                      gvpa  1 mavekvsassslaevldrvLdkGvvidawvrvsLvGielltvearvvvasvdtyLkyaeavglteqa 67
                              m v+k+++ssslaev+dr+LdkG+vida++rvsL+Gie+ltvearvv+asvdt+L+yaeavgl ++ 
  nat_633e02862eb6da44de6e  1 MSVQKSTDSSSLAEVVDRILDKGIVIDAFARVSLLGIEILTVEARVVIASVDTWLRYAEAVGLLKDE 67
                              89*************************************************************9875 PP

>> nat_7a296141a2788c2145e9  
   #    score  bias  c-Evalue  i-Evalue hmmfrom  hmm to    alifrom  ali to    envfrom  env to     acc
 ---   ------ ----- --------- --------- ------- -------    ------- -------    ------- -------    ----
   1 !  122.5   4.3   3.1e-37   4.4e-37       1      67 [.       1      67 [.       1      81 [. 0.94

  Alignments for each domain:
  == domain 1  score: 122.5 bits;  conditional E-value: 3.1e-37
                      gvpa  1 mavekvsassslaevldrvLdkGvvidawvrvsLvGielltvearvvvasvdtyLkyaeavglteqa 67
                              mav+k+++ssslaev+dr+LdkG+vida++rvs+vGiel+tvearvv+asvdt+L+yaeavgl  + 
  nat_7a296141a2788c2145e9  1 MAVQKSTDSSSLAEVIDRILDKGIVIDAFARVSVVGIELITVEARVVIASVDTWLRYAEAVGLLRDE 67
                              9*************************************************************98765 PP

>> nat_b9de124a92fba0281b06  
   #    score  bias  c-Evalue  i-Evalue hmmfrom  hmm to    alifrom  ali to    envfrom  env to     acc
 ---   ------ ----- --------- --------- ------- -------    ------- -------    ------- -------    ----
   1 !  122.5   2.1   3.1e-37   4.4e-37       1      70 [.       1      69 [.       1      80 [. 0.93

  Alignments for each domain:
  == domain 1  score: 122.5 bits;  conditional E-value: 3.1e-37
                      gvpa  1 mavekvsassslaevldrvLdkGvvidawvrvsLvGielltvearvvvasvdtyLkyaeavglteqaalt 70
                              ma +++++ssslaevldrvLdkGvvid+w+r+s+vGiellt+earvvvasvdt+L+yae+++++eqa+  
  nat_b9de124a92fba0281b06  1 MA-QRTPNSSSLAEVLDRVLDKGVVIDVWARISVVGIELLTIEARVVVASVDTFLHYAEEIAKIEQATAE 69
                              55.7999***********************************************************9764 PP

>> nat_c468502803b4ab5981f1  
   #    score  bias  c-Evalue  i-Evalue hmmfrom  hmm to    alifrom  ali to    envfrom  env to     acc
 ---   ------ ----- --------- --------- ------- -------    ------- -------    ------- -------    ----
   1 !  122.5   1.5     3e-37   4.3e-37       5      70 ..       6      71 ..       1      82 [. 0.92

  Alignments for each domain:
  == domain 1  score: 122.5 bits;  conditional E-value: 3e-37
                      gvpa  5 kvsassslaevldrvLdkGvvidawvrvsLvGielltvearvvvasvdtyLkyaeavglteqaalt 70
                              + ++ssslaevldrvLdkGvvid+w+rvs+vGiellt+earvvvasvdt+L+yae+++++eqa+  
  nat_c468502803b4ab5981f1  6 RRPDSSSLAEVLDRVLDKGVVIDVWARVSVVGIELLTIEARVVVASVDTFLHYAEEIAKIEQATAE 71
                              789***********************************************************9765 PP

>> nat_7d8f193406ee761e1417  
   #    score  bias  c-Evalue  i-Evalue hmmfrom  hmm to    alifrom  ali to    envfrom  env to     acc
 ---   ------ ----- --------- --------- ------- -------    ------- -------    ------- -------    ----
   1 !  122.5   1.2     3e-37   4.3e-37       5      72 ..       6      73 ..       1      83 [. 0.91

  Alignments for each domain:
  == domain 1  score: 122.5 bits;  conditional E-value: 3e-37
                      gvpa  5 kvsassslaevldrvLdkGvvidawvrvsLvGielltvearvvvasvdtyLkyaeavglteqaaltaa 72
                              + ++ssslaevldr+LdkGvvid+w+r+s+vGielltvearvvvasvdt+L+yae+++++eqa+    
  nat_7d8f193406ee761e1417  6 RRPDSSSLAEVLDRILDKGVVIDIWARISVVGIELLTVEARVVVASVDTFLHYAEEIAKIEQATAEGE 73
                              789***********************************************************987644 PP

>> nat_2c228d21f1ff5bf415c0  
   #    score  bias  c-Evalue  i-Evalue hmmfrom  hmm to    alifrom  ali to    envfrom  env to     acc
 ---   ------ ----- --------- --------- ------- -------    ------- -------    ------- -------    ----
   1 !  122.6   1.4   2.9e-37   4.2e-37       1      67 [.       1      67 [.       1      81 [. 0.92

  Alignments for each domain:
  == domain 1  score: 122.6 bits;  conditional E-value: 2.9e-37
                      gvpa  1 mavekvsassslaevldrvLdkGvvidawvrvsLvGielltvearvvvasvdtyLkyaeavglteqa 67
                              m ++k+++ssslaev+dr+LdkG+vida++rvsLvGie+ltv+arvv+asvdt+L+yaeavgl  + 
  nat_2c228d21f1ff5bf415c0  1 MSIQKTTDSSSLAEVIDRILDKGIVIDAFARVSLVGIEILTVDARVVIASVDTWLRYAEAVGLLRNE 67
                              899***********************************************************98765 PP

>> nat_408e9d934f451bb01fbc  
   #    score  bias  c-Evalue  i-Evalue hmmfrom  hmm to    alifrom  ali to    envfrom  env to     acc
 ---   ------ ----- --------- --------- ------- -------    ------- -------    ------- -------    ----
   1 !  122.6   2.3   2.8e-37   4.1e-37       3      70 ..       4      71 ..       1      72 [] 0.96

  Alignments for each domain:
  == domain 1  score: 122.6 bits;  conditional E-value: 2.8e-37
                      gvpa  3 vekvsassslaevldrvLdkGvvidawvrvsLvGielltvearvvvasvdtyLkyaeavglteqaalt 70
                              v+k+++ss laev+dr+LdkG+vida+v+vsLvGiell++earvv+asv+tyLkyaea+glt  aa++
  nat_408e9d934f451bb01fbc  4 VQKTTDSSGLAEVIDRILDKGIVIDAFVKVSLVGIELLSIEARVVIASVETYLKYAEAIGLTASAATP 71
                              899**************************************************************998 PP

>> nat_b5ccff48f879b7cc34ad  
   #    score  bias  c-Evalue  i-Evalue hmmfrom  hmm to    alifrom  ali to    envfrom  env to     acc
 ---   ------ ----- --------- --------- ------- -------    ------- -------    ------- -------    ----
   1 !  122.5   1.3   3.1e-37   4.4e-37       5      72 ..       6      73 ..       1      84 [. 0.91

  Alignments for each domain:
  == domain 1  score: 122.5 bits;  conditional E-value: 3.1e-37
                      gvpa  5 kvsassslaevldrvLdkGvvidawvrvsLvGielltvearvvvasvdtyLkyaeavglteqaaltaa 72
                              + ++ssslaevldr+LdkGvvid+w+rvs+vGiellt+earvvvasvdt+L+yae+++++eqa+    
  nat_b5ccff48f879b7cc34ad  6 RRPDSSSLAEVLDRILDKGVVIDIWARVSVVGIELLTIEARVVVASVDTFLHYAEEIAKIEQATAEGD 73
                              789***********************************************************987654 PP

>> nat_70ad50650b15b30241b4  
   #    score  bias  c-Evalue  i-Evalue hmmfrom  hmm to    alifrom  ali to    envfrom  env to     acc
 ---   ------ ----- --------- --------- ------- -------    ------- -------    ------- -------    ----
   1 !  122.4   4.3   3.2e-37   4.7e-37       1      67 [.       1      67 [.       1      80 [. 0.94

  Alignments for each domain:
  == domain 1  score: 122.4 bits;  conditional E-value: 3.2e-37
                      gvpa  1 mavekvsassslaevldrvLdkGvvidawvrvsLvGielltvearvvvasvdtyLkyaeavglteqa 67
                              mav+k+++ssslaev+dr+LdkG+vida++rvs+vGiel+tvearvv+asvdt+L+yaeavgl  + 
  nat_70ad50650b15b30241b4  1 MAVQKSTDSSSLAEVIDRILDKGIVIDAFARVSVVGIELITVEARVVIASVDTWLRYAEAVGLLRDE 67
                              9*************************************************************98764 PP

>> nat_dbd11e06d90ad48401af  
   #    score  bias  c-Evalue  i-Evalue hmmfrom  hmm to    alifrom  ali to    envfrom  env to     acc
 ---   ------ ----- --------- --------- ------- -------    ------- -------    ------- -------    ----
   1 !  122.5   1.5   3.1e-37   4.5e-37       5      71 ..       6      72 ..       1      83 [. 0.92

  Alignments for each domain:
  == domain 1  score: 122.5 bits;  conditional E-value: 3.1e-37
                      gvpa  5 kvsassslaevldrvLdkGvvidawvrvsLvGielltvearvvvasvdtyLkyaeavglteqaalta 71
                              + ++ssslaevldrvLdkGvvid+w+r+s+vGiel+t+earvvvasvdt+L+yae+++++eqa+   
  nat_dbd11e06d90ad48401af  6 RRPDSSSLAEVLDRVLDKGVVIDIWARISVVGIELITIEARVVVASVDTFLHYAEEIAKIEQATAEG 72
                              789***********************************************************98764 PP

>> nat_5d20e8974d28b202ff3e  
   #    score  bias  c-Evalue  i-Evalue hmmfrom  hmm to    alifrom  ali to    envfrom  env to     acc
 ---   ------ ----- --------- --------- ------- -------    ------- -------    ------- -------    ----
   1 !  122.6   1.6     3e-37   4.2e-37       1      67 [.       1      67 [.       1      82 [. 0.91

  Alignments for each domain:
  == domain 1  score: 122.6 bits;  conditional E-value: 3e-37
                      gvpa  1 mavekvsassslaevldrvLdkGvvidawvrvsLvGielltvearvvvasvdtyLkyaeavglteqa 67
                              m ++k+++ssslaev+dr+LdkG+vida++rvs+vGie+lt+earvv+asvdt+L+yaeavgl  + 
  nat_5d20e8974d28b202ff3e  1 MSIQKSTNSSSLAEVIDRILDKGIVIDAFARVSVVGIEILTIEARVVIASVDTWLRYAEAVGLLRDD 67
                              89************************************************************98764 PP

>> nat_6eb7664db70304cf0f2b  
   #    score  bias  c-Evalue  i-Evalue hmmfrom  hmm to    alifrom  ali to    envfrom  env to     acc
 ---   ------ ----- --------- --------- ------- -------    ------- -------    ------- -------    ----
   1 !  122.6   1.6     3e-37   4.2e-37       1      67 [.       1      67 [.       1      82 [. 0.91

  Alignments for each domain:
  == domain 1  score: 122.6 bits;  conditional E-value: 3e-37
                      gvpa  1 mavekvsassslaevldrvLdkGvvidawvrvsLvGielltvearvvvasvdtyLkyaeavglteqa 67
                              m ++k+++ssslaev+dr+LdkG+vida++rvs+vGie+lt+earvv+asvdt+L+yaeavgl  + 
  nat_6eb7664db70304cf0f2b  1 MSIQKSTNSSSLAEVIDRILDKGIVIDAFARVSVVGIEILTIEARVVIASVDTWLRYAEAVGLLRDD 67
                              89************************************************************98764 PP

>> nat_2e924180e7ec30a66746  
   #    score  bias  c-Evalue  i-Evalue hmmfrom  hmm to    alifrom  ali to    envfrom  env to     acc
 ---   ------ ----- --------- --------- ------- -------    ------- -------    ------- -------    ----
   1 !  122.6   1.6     3e-37   4.2e-37       1      67 [.       1      67 [.       1      82 [. 0.91

  Alignments for each domain:
  == domain 1  score: 122.6 bits;  conditional E-value: 3e-37
                      gvpa  1 mavekvsassslaevldrvLdkGvvidawvrvsLvGielltvearvvvasvdtyLkyaeavglteqa 67
                              m ++k+++ssslaev+dr+LdkG+vida++rvs+vGie+lt+earvv+asvdt+L+yaeavgl  + 
  nat_2e924180e7ec30a66746  1 MSIQKSTNSSSLAEVIDRILDKGIVIDAFARVSVVGIEILTIEARVVIASVDTWLRYAEAVGLLRDD 67
                              89************************************************************98764 PP

>> nat_05a00477d12701f3890c  
   #    score  bias  c-Evalue  i-Evalue hmmfrom  hmm to    alifrom  ali to    envfrom  env to     acc
 ---   ------ ----- --------- --------- ------- -------    ------- -------    ------- -------    ----
   1 !  122.5   3.3   3.2e-37   4.6e-37       1      74 [.       3      75 ..       1      84 [. 0.91

  Alignments for each domain:
  == domain 1  score: 122.5 bits;  conditional E-value: 3.2e-37
                      gvpa  1 mavekvsassslaevldrvLdkGvvidawvrvsLvGielltvearvvvasvdtyLkyaeavglteqaaltaaae 74
                              ma +++++ssslaevldrvLdkGvvid+w+r+s+vGielltvearvvvasvdt+L+yae+++++eqa+     e
  nat_05a00477d12701f3890c  3 MA-QRTPNSSSLAEVLDRVLDKGVVIDVWARISVVGIELLTVEARVVVASVDTFLHYAEEIAKIEQATAEGDIE 75
                              44.7899***********************************************************98765554 PP

>> nat_0426b81b0cae1e176d21  
   #    score  bias  c-Evalue  i-Evalue hmmfrom  hmm to    alifrom  ali to    envfrom  env to     acc
 ---   ------ ----- --------- --------- ------- -------    ------- -------    ------- -------    ----
   1 !  122.4   1.7   3.2e-37   4.6e-37       1      67 [.       1      67 [.       1      79 [. 0.93

  Alignments for each domain:
  == domain 1  score: 122.4 bits;  conditional E-value: 3.2e-37
                      gvpa  1 mavekvsassslaevldrvLdkGvvidawvrvsLvGielltvearvvvasvdtyLkyaeavglteqa 67
                              m v+k+++ssslaev+dr+LdkG+vida++rvsL+Gie+ltvear+v+asvdt+L+yaeavgl ++ 
  nat_0426b81b0cae1e176d21  1 MSVQKSTDSSSLAEVIDRILDKGIVIDAFARVSLLGIEILTVEARIVIASVDTWLRYAEAVGLLKEE 67
                              89************************************************************98764 PP

>> nat_4d722634e257d2a7d133  
   #    score  bias  c-Evalue  i-Evalue hmmfrom  hmm to    alifrom  ali to    envfrom  env to     acc
 ---   ------ ----- --------- --------- ------- -------    ------- -------    ------- -------    ----
   1 !  122.3   2.3   3.6e-37   5.2e-37       1      70 [.       3      71 ..       2      82 .. 0.93

  Alignments for each domain:
  == domain 1  score: 122.3 bits;  conditional E-value: 3.6e-37
                      gvpa  1 mavekvsassslaevldrvLdkGvvidawvrvsLvGielltvearvvvasvdtyLkyaeavglteqaalt 70
                              ma +++++ssslaevldrvLdkGvvid+w+r+s+vGielltvearvvvasvdt+L+yae+++++eqa+  
  nat_4d722634e257d2a7d133  3 MA-QRTPNSSSLAEVLDRVLDKGVVIDVWARISVVGIELLTVEARVVVASVDTFLHYAEEIAKIEQATAE 71
                              55.7999***********************************************************9764 PP

>> nat_dc6aa26cbe06c32b68c2  
   #    score  bias  c-Evalue  i-Evalue hmmfrom  hmm to    alifrom  ali to    envfrom  env to     acc
 ---   ------ ----- --------- --------- ------- -------    ------- -------    ------- -------    ----
   1 !  122.5   1.0   3.2e-37   4.5e-37       5      71 ..       6      72 ..       1      84 [. 0.92

  Alignments for each domain:
  == domain 1  score: 122.5 bits;  conditional E-value: 3.2e-37
                      gvpa  5 kvsassslaevldrvLdkGvvidawvrvsLvGielltvearvvvasvdtyLkyaeavglteqaalta 71
                              + ++ssslaevldr+LdkGvvid+w+rvs+vGiellt+earvvvasvdt+L+yae+++++eqa+   
  nat_dc6aa26cbe06c32b68c2  6 RRPDSSSLAEVLDRILDKGVVIDIWARVSVVGIELLTIEARVVVASVDTFLHYAEEIAKIEQATAEG 72
                              789***********************************************************98764 PP

>> nat_9ba949b2aab9e2be6898  
   #    score  bias  c-Evalue  i-Evalue hmmfrom  hmm to    alifrom  ali to    envfrom  env to     acc
 ---   ------ ----- --------- --------- ------- -------    ------- -------    ------- -------    ----
   1 !  122.4   1.6   3.2e-37   4.6e-37       5      70 ..       6      71 ..       1      83 [. 0.93

  Alignments for each domain:
  == domain 1  score: 122.4 bits;  conditional E-value: 3.2e-37
                      gvpa  5 kvsassslaevldrvLdkGvvidawvrvsLvGielltvearvvvasvdtyLkyaeavglteqaalt 70
                              + ++ssslaevldr+LdkGvvid+w+rvs+vGiellt+earvvvasvdt+L+yae+++++eqa+  
  nat_9ba949b2aab9e2be6898  6 RRPDSSSLAEVLDRILDKGVVIDVWARVSVVGIELLTIEARVVVASVDTFLHYAEEIAKIEQATAE 71
                              789***********************************************************9765 PP

>> nat_43f6e7e097fbcc058a96  
   #    score  bias  c-Evalue  i-Evalue hmmfrom  hmm to    alifrom  ali to    envfrom  env to     acc
 ---   ------ ----- --------- --------- ------- -------    ------- -------    ------- -------    ----
   1 !  122.4   3.0   3.3e-37   4.8e-37       1      67 [.       1      67 [.       1      80 [. 0.95

  Alignments for each domain:
  == domain 1  score: 122.4 bits;  conditional E-value: 3.3e-37
                      gvpa  1 mavekvsassslaevldrvLdkGvvidawvrvsLvGielltvearvvvasvdtyLkyaeavglteqa 67
                              ma++k+++ssslaev+dr+LdkG+vida++rvs+vGiel+tvearvv+asvdt+L+yaeavgl  + 
  nat_43f6e7e097fbcc058a96  1 MAIQKSTDSSSLAEVVDRILDKGIVIDAFARVSVVGIELITVEARVVIASVDTWLRYAEAVGLLRDE 67
                              9*************************************************************98764 PP

>> nat_b47c8eec954491beb714  
   #    score  bias  c-Evalue  i-Evalue hmmfrom  hmm to    alifrom  ali to    envfrom  env to     acc
 ---   ------ ----- --------- --------- ------- -------    ------- -------    ------- -------    ----
   1 !  122.4   1.2   3.3e-37   4.7e-37       5      72 ..       6      73 ..       1      84 [. 0.91

  Alignments for each domain:
  == domain 1  score: 122.4 bits;  conditional E-value: 3.3e-37
                      gvpa  5 kvsassslaevldrvLdkGvvidawvrvsLvGielltvearvvvasvdtyLkyaeavglteqaaltaa 72
                              + ++ssslaevldr+LdkGvvid+w+rvs+vGielltvearvvvasvdt+L+yae+++++eqa+    
  nat_b47c8eec954491beb714  6 RRPDSSSLAEVLDRILDKGVVIDIWARVSVVGIELLTVEARVVVASVDTFLHYAEEIAKIEQATAEGE 73
                              789***********************************************************987644 PP

>> nat_0d5c4d48b465e6ca9571  
   #    score  bias  c-Evalue  i-Evalue hmmfrom  hmm to    alifrom  ali to    envfrom  env to     acc
 ---   ------ ----- --------- --------- ------- -------    ------- -------    ------- -------    ----
   1 !  122.4   5.3   3.3e-37   4.7e-37       3      71 ..       5      73 ..       3      78 .] 0.93

  Alignments for each domain:
  == domain 1  score: 122.4 bits;  conditional E-value: 3.3e-37
                      gvpa  3 vekvsassslaevldrvLdkGvvidawvrvsLvGielltvearvvvasvdtyLkyaeavglteqaalta 71
                              ++k+++ssslaev+dr+LdkGvvida+vrvsLvGiell++earvv+asvdt+L+yaeavgl ++ +  +
  nat_0d5c4d48b465e6ca9571  5 IQKSVDSSSLAEVIDRILDKGVVIDAFVRVSLVGIELLAIEARVVIASVDTWLRYAEAVGLLKDEEEEE 73
                              89************************************************************9988764 PP

>> nat_74aacbad701be1598660  
   #    score  bias  c-Evalue  i-Evalue hmmfrom  hmm to    alifrom  ali to    envfrom  env to     acc
 ---   ------ ----- --------- --------- ------- -------    ------- -------    ------- -------    ----
   1 !  122.4   1.2   3.3e-37   4.7e-37       5      72 ..       6      73 ..       1      84 [. 0.91

  Alignments for each domain:
  == domain 1  score: 122.4 bits;  conditional E-value: 3.3e-37
                      gvpa  5 kvsassslaevldrvLdkGvvidawvrvsLvGielltvearvvvasvdtyLkyaeavglteqaaltaa 72
                              + ++ssslaevldr+LdkGvvid+w+rvs+vGielltvearvvvasvdt+L+yae+++++eqa+    
  nat_74aacbad701be1598660  6 RRPDSSSLAEVLDRILDKGVVIDIWARVSVVGIELLTVEARVVVASVDTFLHYAEEIAKIEQATAEGE 73
                              789***********************************************************987644 PP

>> nat_5baeb577d8a796551d83  
   #    score  bias  c-Evalue  i-Evalue hmmfrom  hmm to    alifrom  ali to    envfrom  env to     acc
 ---   ------ ----- --------- --------- ------- -------    ------- -------    ------- -------    ----
   1 !  122.5   3.0   3.1e-37   4.5e-37       3      70 ..       4      71 ..       1      72 [] 0.96

  Alignments for each domain:
  == domain 1  score: 122.5 bits;  conditional E-value: 3.1e-37
                      gvpa  3 vekvsassslaevldrvLdkGvvidawvrvsLvGielltvearvvvasvdtyLkyaeavglteqaalt 70
                              v k+++ssslaev+dr+LdkG+vida+++vsLvGiell+vearvv+asv+tyLkyaea+glt  aa++
  nat_5baeb577d8a796551d83  4 VTKSTDSSSLAEVVDRILDKGIVIDAFAKVSLVGIELLSVEARVVIASVETYLKYAEAIGLTASAATP 71
                              789**************************************************************998 PP

>> nat_e60de74ad1cb6abf6e34  
   #    score  bias  c-Evalue  i-Evalue hmmfrom  hmm to    alifrom  ali to    envfrom  env to     acc
 ---   ------ ----- --------- --------- ------- -------    ------- -------    ------- -------    ----
   1 !  122.5   2.9   3.1e-37   4.4e-37       1      69 [.       1      69 [.       1      82 [. 0.92

  Alignments for each domain:
  == domain 1  score: 122.5 bits;  conditional E-value: 3.1e-37
                      gvpa  1 mavekvsassslaevldrvLdkGvvidawvrvsLvGielltvearvvvasvdtyLkyaeavglteqaal 69
                              m ++k+++ssslaev+dr+LdkG+vida++rvsLvGie+ltvearvv+asvdt+L+ya+avgl  +  +
  nat_e60de74ad1cb6abf6e34  1 MSIQKSADSSSLAEVIDRILDKGIVIDAYARVSLVGIEILTVEARVVIASVDTWLRYANAVGLLRDEVQ 69
                              89************************************************************9987654 PP

>> nat_87d470267a8c16ab7df9  
   #    score  bias  c-Evalue  i-Evalue hmmfrom  hmm to    alifrom  ali to    envfrom  env to     acc
 ---   ------ ----- --------- --------- ------- -------    ------- -------    ------- -------    ----
   1 !  122.4   2.3   3.3e-37   4.7e-37       4      70 ..       3      69 ..       1      81 [. 0.93

  Alignments for each domain:
  == domain 1  score: 122.4 bits;  conditional E-value: 3.3e-37
                      gvpa  4 ekvsassslaevldrvLdkGvvidawvrvsLvGielltvearvvvasvdtyLkyaeavglteqaalt 70
                              +++++ssslaevldrvLdkGvvid+w+r+s+vGiellt+earvvvasvdt+L+yae+++++eqa+  
  nat_87d470267a8c16ab7df9  3 QRTPDSSSLAEVLDRVLDKGVVIDVWARISVVGIELLTIEARVVVASVDTFLHYAEEIAKIEQATAE 69
                              6899***********************************************************9764 PP

>> nat_7017fbd8c94374540f0f  
   #    score  bias  c-Evalue  i-Evalue hmmfrom  hmm to    alifrom  ali to    envfrom  env to     acc
 ---   ------ ----- --------- --------- ------- -------    ------- -------    ------- -------    ----
   1 !  122.4   2.3   3.2e-37   4.7e-37       3      67 ..       4      68 ..       1      83 [. 0.89

  Alignments for each domain:
  == domain 1  score: 122.4 bits;  conditional E-value: 3.2e-37
                      gvpa  3 vekvsassslaevldrvLdkGvvidawvrvsLvGielltvearvvvasvdtyLkyaeavglteqa 67
                              v+k+++ssslaev+dr+LdkG+vida+vrvs+vGie+ltvearvv+asvdt+L+yaeavgl  + 
  nat_7017fbd8c94374540f0f  4 VQKSTDSSSLAEVIDRILDKGIVIDAFVRVSVVGIEILTVEARVVIASVDTWLRYAEAVGLLRDD 68
                              89**********************************************************98754 PP

>> nat_73e0b5aa88a198c56cae  
   #    score  bias  c-Evalue  i-Evalue hmmfrom  hmm to    alifrom  ali to    envfrom  env to     acc
 ---   ------ ----- --------- --------- ------- -------    ------- -------    ------- -------    ----
   1 !  122.4   2.8   3.4e-37   4.9e-37       4      74 ..       3      73 ..       1      80 [. 0.92

  Alignments for each domain:
  == domain 1  score: 122.4 bits;  conditional E-value: 3.4e-37
                      gvpa  4 ekvsassslaevldrvLdkGvvidawvrvsLvGielltvearvvvasvdtyLkyaeavglteqaaltaaae 74
                              +++++ssslaevldrvLdkGvvid+w+r+s+vGielltvearvvvasvdt+L+yae+++++eqa+     e
  nat_73e0b5aa88a198c56cae  3 QRTPNSSSLAEVLDRVLDKGVVIDVWARISVVGIELLTVEARVVVASVDTFLHYAEEIAKIEQATAEGDVE 73
                              6899***********************************************************98775555 PP

>> nat_50dda88e67458b1e7169  
   #    score  bias  c-Evalue  i-Evalue hmmfrom  hmm to    alifrom  ali to    envfrom  env to     acc
 ---   ------ ----- --------- --------- ------- -------    ------- -------    ------- -------    ----
   1 !  122.5   5.4   3.2e-37   4.6e-37       3      70 ..       4      71 ..       1      72 [] 0.96

  Alignments for each domain:
  == domain 1  score: 122.5 bits;  conditional E-value: 3.2e-37
                      gvpa  3 vekvsassslaevldrvLdkGvvidawvrvsLvGielltvearvvvasvdtyLkyaeavglteqaalt 70
                              v+k+++s+slaev+dr+LdkG+vidawv+vsLvGiell+vearvvvasv+tyLkyaea+glt +aa++
  nat_50dda88e67458b1e7169  4 VQKTTDSASLAEVVDRILDKGIVIDAWVKVSLVGIELLSVEARVVVASVETYLKYAEAIGLTANAAVA 71
                              899************************************************************99975 PP

>> nat_82e4660fb87f57daff30  
   #    score  bias  c-Evalue  i-Evalue hmmfrom  hmm to    alifrom  ali to    envfrom  env to     acc
 ---   ------ ----- --------- --------- ------- -------    ------- -------    ------- -------    ----
   1 !  122.4   1.1   3.3e-37   4.8e-37       5      71 ..       6      72 ..       1      84 [. 0.92

  Alignments for each domain:
  == domain 1  score: 122.4 bits;  conditional E-value: 3.3e-37
                      gvpa  5 kvsassslaevldrvLdkGvvidawvrvsLvGielltvearvvvasvdtyLkyaeavglteqaalta 71
                              + ++ssslaevldrvLdkGvvid+w+r+s+vGiellt+earvvvasvdt+L+yae+++++eqa+   
  nat_82e4660fb87f57daff30  6 RRPDSSSLAEVLDRVLDKGVVIDVWARISVVGIELLTIEARVVVASVDTFLHYAEEISKIEQATAEG 72
                              789***********************************************************98764 PP

>> nat_25e574f58ba93dcb64e2  
   #    score  bias  c-Evalue  i-Evalue hmmfrom  hmm to    alifrom  ali to    envfrom  env to     acc
 ---   ------ ----- --------- --------- ------- -------    ------- -------    ------- -------    ----
   1 !  122.3   4.5   3.6e-37   5.2e-37       1      66 [.       1      66 [.       1      78 [. 0.95

  Alignments for each domain:
  == domain 1  score: 122.3 bits;  conditional E-value: 3.6e-37
                      gvpa  1 mavekvsassslaevldrvLdkGvvidawvrvsLvGielltvearvvvasvdtyLkyaeavglteq 66
                              ma++k+++ssslaev+dr+LdkG+vida++rvs+vGiel+tvearvvvasvdt+L+yaeavgl  +
  nat_25e574f58ba93dcb64e2  1 MAIQKSTDSSSLAEVIDRILDKGIVIDAFARVSVVGIELITVEARVVVASVDTWLRYAEAVGLLRD 66
                              9*************************************************************9876 PP

>> nat_bf00fc1bb4a6bea076a5  
   #    score  bias  c-Evalue  i-Evalue hmmfrom  hmm to    alifrom  ali to    envfrom  env to     acc
 ---   ------ ----- --------- --------- ------- -------    ------- -------    ------- -------    ----
   1 !  122.3   1.1   3.5e-37     5e-37       5      71 ..       6      72 ..       1      83 [. 0.92

  Alignments for each domain:
  == domain 1  score: 122.3 bits;  conditional E-value: 3.5e-37
                      gvpa  5 kvsassslaevldrvLdkGvvidawvrvsLvGielltvearvvvasvdtyLkyaeavglteqaalta 71
                              + ++ssslaevldrvLdkGvvid+w+r+s+vGiellt+earvvvasvdt+L+yae+++++eqa+   
  nat_bf00fc1bb4a6bea076a5  6 RRPDSSSLAEVLDRVLDKGVVIDVWARISVVGIELLTIEARVVVASVDTFLHYAEEISKIEQATAEG 72
                              789***********************************************************98764 PP

>> nat_d1b057f953bd558c0457  
   #    score  bias  c-Evalue  i-Evalue hmmfrom  hmm to    alifrom  ali to    envfrom  env to     acc
 ---   ------ ----- --------- --------- ------- -------    ------- -------    ------- -------    ----
   1 !  122.2   1.5   3.8e-37   5.5e-37       5      70 ..       7      72 ..       3      83 .. 0.92

  Alignments for each domain:
  == domain 1  score: 122.2 bits;  conditional E-value: 3.8e-37
                      gvpa  5 kvsassslaevldrvLdkGvvidawvrvsLvGielltvearvvvasvdtyLkyaeavglteqaalt 70
                              + ++ssslaevldr+LdkGvvid+w+rvs+vGiellt+earvvvasvdt+L+yae+++++eqa+  
  nat_d1b057f953bd558c0457  7 RRPDSSSLAEVLDRILDKGVVIDVWARVSVVGIELLTIEARVVVASVDTFLHYAEEIAKIEQATAE 72
                              6799**********************************************************9876 PP

>> nat_6681febe116459c77b18  
   #    score  bias  c-Evalue  i-Evalue hmmfrom  hmm to    alifrom  ali to    envfrom  env to     acc
 ---   ------ ----- --------- --------- ------- -------    ------- -------    ------- -------    ----
   1 !  122.4   1.2   3.4e-37   4.9e-37       5      71 ..       6      72 ..       1      84 [. 0.91

  Alignments for each domain:
  == domain 1  score: 122.4 bits;  conditional E-value: 3.4e-37
                      gvpa  5 kvsassslaevldrvLdkGvvidawvrvsLvGielltvearvvvasvdtyLkyaeavglteqaalta 71
                              + ++ssslaevldr+LdkGvvid+w+rvs+vGiellt+earvvvasvdt+L+yae+++++eqa+   
  nat_6681febe116459c77b18  6 RRPDSSSLAEVLDRILDKGVVIDIWARVSVVGIELLTIEARVVVASVDTFLHYAEEIAKIEQATAEG 72
                              789***********************************************************98764 PP

>> nat_71c9469d11a4b15b6ca5  
   #    score  bias  c-Evalue  i-Evalue hmmfrom  hmm to    alifrom  ali to    envfrom  env to     acc
 ---   ------ ----- --------- --------- ------- -------    ------- -------    ------- -------    ----
   1 !  122.3   3.5   3.6e-37   5.1e-37       1      66 [.       1      66 [.       1      78 [. 0.95

  Alignments for each domain:
  == domain 1  score: 122.3 bits;  conditional E-value: 3.6e-37
                      gvpa  1 mavekvsassslaevldrvLdkGvvidawvrvsLvGielltvearvvvasvdtyLkyaeavglteq 66
                              ma++k+++ssslaev+dr+LdkG+vida+vrvs+vGie+ltvearvv+asvdt+L+yaeavgl  +
  nat_71c9469d11a4b15b6ca5  1 MALQKSTDSSSLAEVIDRILDKGIVIDAFVRVSVVGIEILTVEARVVIASVDTWLRYAEAVGLLRD 66
                              99************************************************************9876 PP

>> nat_6b2c0d4d7468a9bb7cde  
   #    score  bias  c-Evalue  i-Evalue hmmfrom  hmm to    alifrom  ali to    envfrom  env to     acc
 ---   ------ ----- --------- --------- ------- -------    ------- -------    ------- -------    ----
   1 !  122.3   1.1   3.5e-37     5e-37       5      71 ..       6      72 ..       1      84 [. 0.91

  Alignments for each domain:
  == domain 1  score: 122.3 bits;  conditional E-value: 3.5e-37
                      gvpa  5 kvsassslaevldrvLdkGvvidawvrvsLvGielltvearvvvasvdtyLkyaeavglteqaalta 71
                              + ++ssslaevldr+LdkGvvid+w+rvs+vGiellt+earvvvasvdt+L+yae+++++eqa+   
  nat_6b2c0d4d7468a9bb7cde  6 RRPDSSSLAEVLDRILDKGVVIDIWARVSVVGIELLTIEARVVVASVDTFLHYAEEIAKIEQATSEG 72
                              789***********************************************************98764 PP

>> nat_603ba2fccd34d2e3b142  
   #    score  bias  c-Evalue  i-Evalue hmmfrom  hmm to    alifrom  ali to    envfrom  env to     acc
 ---   ------ ----- --------- --------- ------- -------    ------- -------    ------- -------    ----
   1 !  122.4   3.7   3.4e-37   4.9e-37       3      70 ..       4      71 ..       1      72 [] 0.95

  Alignments for each domain:
  == domain 1  score: 122.4 bits;  conditional E-value: 3.4e-37
                      gvpa  3 vekvsassslaevldrvLdkGvvidawvrvsLvGielltvearvvvasvdtyLkyaeavglteqaalt 70
                              v ++++ssslaev+drvLdkG+vidaw++vsLvGiell+vearvvvasv+tyLkyaea+glt+ aa +
  nat_603ba2fccd34d2e3b142  4 VANSTDSSSLAEVVDRVLDKGIVIDAWAKVSLVGIELLSVEARVVVASVETYLKYAEAIGLTSSAAAP 71
                              56789***********************************************************9987 PP

>> nat_81de2b78d291d512c1e2  
   #    score  bias  c-Evalue  i-Evalue hmmfrom  hmm to    alifrom  ali to    envfrom  env to     acc
 ---   ------ ----- --------- --------- ------- -------    ------- -------    ------- -------    ----
   1 !  122.3   1.4   3.6e-37   5.2e-37       6      70 ..       7      71 ..       1      83 [. 0.92

  Alignments for each domain:
  == domain 1  score: 122.3 bits;  conditional E-value: 3.6e-37
                      gvpa  6 vsassslaevldrvLdkGvvidawvrvsLvGielltvearvvvasvdtyLkyaeavglteqaalt 70
                               ++ssslaevldrvLdkGvvid+w+r+s+vGiel+tvearvvvasvdt+L+yae+++++eqa+  
  nat_81de2b78d291d512c1e2  7 RPDSSSLAEVLDRVLDKGVVIDVWARISVVGIELITVEARVVVASVDTFLHYAEEIAKIEQATAE 71
                              579**********************************************************9765 PP

>> nat_9d95fb5f11c9b20cbd54  
   #    score  bias  c-Evalue  i-Evalue hmmfrom  hmm to    alifrom  ali to    envfrom  env to     acc
 ---   ------ ----- --------- --------- ------- -------    ------- -------    ------- -------    ----
   1 !  122.3   2.0   3.6e-37   5.1e-37       1      67 [.       1      67 [.       1      83 [. 0.93

  Alignments for each domain:
  == domain 1  score: 122.3 bits;  conditional E-value: 3.6e-37
                      gvpa  1 mavekvsassslaevldrvLdkGvvidawvrvsLvGielltvearvvvasvdtyLkyaeavglteqa 67
                              ma++k+++ssslaev+dr+LdkG+vida++rvs+vGie+ltve+rvv+asvdt+L+yaeavgl  + 
  nat_9d95fb5f11c9b20cbd54  1 MAIQKTTDSSSLAEVIDRILDKGIVIDAFARVSVVGIEILTVETRVVIASVDTWLRYAEAVGLLRDE 67
                              9*************************************************************98765 PP

>> nat_53bb9ec21df57edd61e9  
   #    score  bias  c-Evalue  i-Evalue hmmfrom  hmm to    alifrom  ali to    envfrom  env to     acc
 ---   ------ ----- --------- --------- ------- -------    ------- -------    ------- -------    ----
   1 !  122.1   4.2   4.1e-37   5.8e-37       1      66 [.       1      66 [.       1      74 [. 0.96

  Alignments for each domain:
  == domain 1  score: 122.1 bits;  conditional E-value: 4.1e-37
                      gvpa  1 mavekvsassslaevldrvLdkGvvidawvrvsLvGielltvearvvvasvdtyLkyaeavglteq 66
                              ma++k+++ssslaev+dr+LdkG+vida++rvs+vGiel+tvearvvvasvdt+L+yaeavgl  +
  nat_53bb9ec21df57edd61e9  1 MAIQKSNDSSSLAEVVDRILDKGIVIDAFARVSVVGIELITVEARVVVASVDTWLRYAEAVGLLRD 66
                              9*************************************************************9876 PP

>> nat_fe2e069c7d192a9aa4be  
   #    score  bias  c-Evalue  i-Evalue hmmfrom  hmm to    alifrom  ali to    envfrom  env to     acc
 ---   ------ ----- --------- --------- ------- -------    ------- -------    ------- -------    ----
   1 !  122.3   2.4   3.7e-37   5.3e-37       4      70 ..       3      69 ..       1      81 [. 0.93

  Alignments for each domain:
  == domain 1  score: 122.3 bits;  conditional E-value: 3.7e-37
                      gvpa  4 ekvsassslaevldrvLdkGvvidawvrvsLvGielltvearvvvasvdtyLkyaeavglteqaalt 70
                              +++++ssslaevldrvLdkGvvid+w+r+s+vGielltvearvvvasvdt+L+yae+++++eqa+  
  nat_fe2e069c7d192a9aa4be  3 QRTPDSSSLAEVLDRVLDKGVVIDVWARISVVGIELLTVEARVVVASVDTFLHYAEEIAKIEQATAE 69
                              6899***********************************************************9764 PP

>> nat_9d924853eeaeacd8d676  
   #    score  bias  c-Evalue  i-Evalue hmmfrom  hmm to    alifrom  ali to    envfrom  env to     acc
 ---   ------ ----- --------- --------- ------- -------    ------- -------    ------- -------    ----
   1 !  122.2   2.8   3.8e-37   5.5e-37       1      68 [.       1      68 [.       1      79 [. 0.93

  Alignments for each domain:
  == domain 1  score: 122.2 bits;  conditional E-value: 3.8e-37
                      gvpa  1 mavekvsassslaevldrvLdkGvvidawvrvsLvGielltvearvvvasvdtyLkyaeavglteqaa 68
                              ma+ek+++ss laev+dr+LdkGvvid+++rvs+vGiel+tvearvv+asvdt+L+yaeavgl  +  
  nat_9d924853eeaeacd8d676  1 MAIEKSTNSSDLAEVIDRILDKGVVIDVFARVSVVGIELITVEARVVIASVDTWLRYAEAVGLLRDEV 68
                              9*************************************************************998754 PP

>> nat_0e646809d1e3d9dcc68e  
   #    score  bias  c-Evalue  i-Evalue hmmfrom  hmm to    alifrom  ali to    envfrom  env to     acc
 ---   ------ ----- --------- --------- ------- -------    ------- -------    ------- -------    ----
   1 !  122.2   2.4   3.9e-37   5.5e-37       1      68 [.       1      68 [.       1      81 [. 0.90

  Alignments for each domain:
  == domain 1  score: 122.2 bits;  conditional E-value: 3.9e-37
                      gvpa  1 mavekvsassslaevldrvLdkGvvidawvrvsLvGielltvearvvvasvdtyLkyaeavglteqaa 68
                              m ++k+++ssslaev+dr+LdkG+vida+++vsLvGie+ltvearvv+asvdt+L+yaeavgl  +  
  nat_0e646809d1e3d9dcc68e  1 MSIQKTTDSSSLAEVIDRILDKGIVIDAFAKVSLVGIEILTVEARVVIASVDTWLRYAEAVGLLRDEV 68
                              899***********************************************************997753 PP

>> nat_019e4d041634e825f3b4  
   #    score  bias  c-Evalue  i-Evalue hmmfrom  hmm to    alifrom  ali to    envfrom  env to     acc
 ---   ------ ----- --------- --------- ------- -------    ------- -------    ------- -------    ----
   1 !  122.3   2.5   3.7e-37   5.3e-37       1      73 [.       1      73 [.       1      81 [. 0.93

  Alignments for each domain:
  == domain 1  score: 122.3 bits;  conditional E-value: 3.7e-37
                      gvpa  1 mavekvsassslaevldrvLdkGvvidawvrvsLvGielltvearvvvasvdtyLkyaeavglteqaaltaaa 73
                              m ++k+++ssslaev+dr+LdkG+vida++rvsLvGie+ltv+ar+v+asvdt+L+yaeavgl  + al ++ 
  nat_019e4d041634e825f3b4  1 MSIQKTTDSSSLAEVIDRILDKGIVIDAYARVSLVGIEVLTVDARIVIASVDTWLRYAEAVGLLRDEALEEGN 73
                              899*************************************************************999887665 PP

>> nat_142752963930eab74d74  
   #    score  bias  c-Evalue  i-Evalue hmmfrom  hmm to    alifrom  ali to    envfrom  env to     acc
 ---   ------ ----- --------- --------- ------- -------    ------- -------    ------- -------    ----
   1 !  122.2   1.7   3.8e-37   5.4e-37       1      67 [.       1      67 [.       1      82 [. 0.92

  Alignments for each domain:
  == domain 1  score: 122.2 bits;  conditional E-value: 3.8e-37
                      gvpa  1 mavekvsassslaevldrvLdkGvvidawvrvsLvGielltvearvvvasvdtyLkyaeavglteqa 67
                              m ++k+++ssslaev+dr+LdkG+vida++rvs+vGie+lt+earvv+asvdt+L+yaeavgl  + 
  nat_142752963930eab74d74  1 MSIQKSTNSSSLAEVIDRILDKGIVIDAFARVSVVGIEILTIEARVVIASVDTWLRYAEAVGLLRDD 67
                              89************************************************************98764 PP

>> nat_68925098711d386795ce  
   #    score  bias  c-Evalue  i-Evalue hmmfrom  hmm to    alifrom  ali to    envfrom  env to     acc
 ---   ------ ----- --------- --------- ------- -------    ------- -------    ------- -------    ----
   1 !  122.2   3.3   3.9e-37   5.6e-37       1      67 [.       1      67 [.       1      84 [. 0.95

  Alignments for each domain:
  == domain 1  score: 122.2 bits;  conditional E-value: 3.9e-37
                      gvpa  1 mavekvsassslaevldrvLdkGvvidawvrvsLvGielltvearvvvasvdtyLkyaeavglteqa 67
                              ma++k+++ssslaev+dr+LdkG+vida++rvs+vGiel+tvearvv+asvdt+L+yaeavgl  + 
  nat_68925098711d386795ce  1 MAIQKSTDSSSLAEVVDRILDKGIVIDAFARVSVVGIELITVEARVVIASVDTWLRYAEAVGLLRDE 67
                              9*************************************************************98764 PP

>> nat_4257786c6e5cbd18c379  
   #    score  bias  c-Evalue  i-Evalue hmmfrom  hmm to    alifrom  ali to    envfrom  env to     acc
 ---   ------ ----- --------- --------- ------- -------    ------- -------    ------- -------    ----
   1 !  122.2   4.4   3.9e-37   5.5e-37       1      67 [.       1      67 [.       1      77 [. 0.94

  Alignments for each domain:
  == domain 1  score: 122.2 bits;  conditional E-value: 3.9e-37
                      gvpa  1 mavekvsassslaevldrvLdkGvvidawvrvsLvGielltvearvvvasvdtyLkyaeavglteqa 67
                              mav+k+++ssslaev+dr+LdkGvvida++rvs+vGiel+tvearvv+asvdt+L+yaeavgl  + 
  nat_4257786c6e5cbd18c379  1 MAVQKSTDSSSLAEVIDRILDKGVVIDAFARVSVVGIELVTVEARVVIASVDTWLRYAEAVGLLRDE 67
                              9*************************************************************99875 PP

>> nat_94cdaea6b1db7bfe983f  
   #    score  bias  c-Evalue  i-Evalue hmmfrom  hmm to    alifrom  ali to    envfrom  env to     acc
 ---   ------ ----- --------- --------- ------- -------    ------- -------    ------- -------    ----
   1 !  122.1   1.2     4e-37   5.8e-37       5      70 ..       6      71 ..       1      82 [. 0.92

  Alignments for each domain:
  == domain 1  score: 122.1 bits;  conditional E-value: 4e-37
                      gvpa  5 kvsassslaevldrvLdkGvvidawvrvsLvGielltvearvvvasvdtyLkyaeavglteqaalt 70
                              + ++ssslaevldr+LdkGvvid+w+rvs+vGiellt+earvvvasvdt+L+yae+++++eqa+  
  nat_94cdaea6b1db7bfe983f  6 RRPDSSSLAEVLDRILDKGVVIDIWARVSVVGIELLTIEARVVVASVDTFLHYAEEIAKIEQATAE 71
                              789***********************************************************9876 PP

>> nat_86af2bea85657bdc848a  
   #    score  bias  c-Evalue  i-Evalue hmmfrom  hmm to    alifrom  ali to    envfrom  env to     acc
 ---   ------ ----- --------- --------- ------- -------    ------- -------    ------- -------    ----
   1 !  122.1   1.4     4e-37   5.8e-37       5      71 ..       6      72 ..       1      83 [. 0.92

  Alignments for each domain:
  == domain 1  score: 122.1 bits;  conditional E-value: 4e-37
                      gvpa  5 kvsassslaevldrvLdkGvvidawvrvsLvGielltvearvvvasvdtyLkyaeavglteqaalta 71
                              + ++ssslaevldr+LdkGvvid+w+rvs+vGiellt+earvvvasvdt+L+yae+++++eqa+   
  nat_86af2bea85657bdc848a  6 RRPDSSSLAEVLDRILDKGVVIDIWARVSVVGIELLTIEARVVVASVDTFLHYAEEIAKIEQATAEG 72
                              789***********************************************************98764 PP

>> nat_6cb2a4a67fad0b3f22b1  
   #    score  bias  c-Evalue  i-Evalue hmmfrom  hmm to    alifrom  ali to    envfrom  env to     acc
 ---   ------ ----- --------- --------- ------- -------    ------- -------    ------- -------    ----
   1 !  122.2   2.1   3.8e-37   5.5e-37       4      72 ..       3      71 ..       1      74 [] 0.94

  Alignments for each domain:
  == domain 1  score: 122.2 bits;  conditional E-value: 3.8e-37
                      gvpa  4 ekvsassslaevldrvLdkGvvidawvrvsLvGielltvearvvvasvdtyLkyaeavglteqaaltaa 72
                                +++ssslaevldr+LdkG+v+d+w+rvsLvGie+ltvearvvvasvdt+L+y+e+++++eqaa++aa
  nat_6cb2a4a67fad0b3f22b1  3 TSTPDSSSLAEVLDRILDKGIVVDVWARVSLVGIEILTVEARVVVASVDTFLHYSEEMAKIEQAAIAAA 71
                              6789************************************************************99854 PP

>> nat_a168f392bb4965ee81a4  
   #    score  bias  c-Evalue  i-Evalue hmmfrom  hmm to    alifrom  ali to    envfrom  env to     acc
 ---   ------ ----- --------- --------- ------- -------    ------- -------    ------- -------    ----
   1 !  122.1   1.1   4.2e-37     6e-37       1      67 [.       1      67 [.       1      76 [. 0.95

  Alignments for each domain:
  == domain 1  score: 122.1 bits;  conditional E-value: 4.2e-37
                      gvpa  1 mavekvsassslaevldrvLdkGvvidawvrvsLvGielltvearvvvasvdtyLkyaeavglteqa 67
                              m v+k+++ssslaev+dr+LdkG+vida++rvsL+Gie+ltvearvv+asvdt+L+yaeavgl  + 
  nat_a168f392bb4965ee81a4  1 MSVQKSTDSSSLAEVVDRILDKGIVIDAFARVSLLGIEILTVEARVVIASVDTWLRYAEAVGLLRDE 67
                              89************************************************************99875 PP

>> nat_d4ba65189ba86a477cc5  
   #    score  bias  c-Evalue  i-Evalue hmmfrom  hmm to    alifrom  ali to    envfrom  env to     acc
 ---   ------ ----- --------- --------- ------- -------    ------- -------    ------- -------    ----
   1 !  122.1   3.1   4.2e-37     6e-37       4      71 ..       3      70 ..       1      81 [. 0.91

  Alignments for each domain:
  == domain 1  score: 122.1 bits;  conditional E-value: 4.2e-37
                      gvpa  4 ekvsassslaevldrvLdkGvvidawvrvsLvGielltvearvvvasvdtyLkyaeavglteqaalta 71
                              +++++ssslaevldrvLdkGvvid+w+r+s+vGiellt+earvvvasvdt+L+yae+++++eqa+   
  nat_d4ba65189ba86a477cc5  3 QRTPDSSSLAEVLDRVLDKGVVIDVWARISVVGIELLTIEARVVVASVDTFLHYAEEIAKIEQATAEG 70
                              6899***********************************************************98764 PP

>> nat_4d804d42d3d08ccd0ad2  
   #    score  bias  c-Evalue  i-Evalue hmmfrom  hmm to    alifrom  ali to    envfrom  env to     acc
 ---   ------ ----- --------- --------- ------- -------    ------- -------    ------- -------    ----
   1 !  122.1   0.8   4.1e-37   5.9e-37       1      67 [.       1      67 [.       1      82 [. 0.92

  Alignments for each domain:
  == domain 1  score: 122.1 bits;  conditional E-value: 4.1e-37
                      gvpa  1 mavekvsassslaevldrvLdkGvvidawvrvsLvGielltvearvvvasvdtyLkyaeavglteqa 67
                              mav+k+++s slaev+dr+LdkG+vida++rvsLvGie++tvearvv+asvdt+L ya+avgl  + 
  nat_4d804d42d3d08ccd0ad2  1 MAVQKSTDSCSLAEVIDRILDKGIVIDAFARVSLVGIEIITVEARVVIASVDTWLGYANAVGLLRDD 67
                              9*************************************************************98653 PP

>> nat_5531343a7a7ecf79ad55  
   #    score  bias  c-Evalue  i-Evalue hmmfrom  hmm to    alifrom  ali to    envfrom  env to     acc
 ---   ------ ----- --------- --------- ------- -------    ------- -------    ------- -------    ----
   1 !  122.1   3.8   4.1e-37   5.9e-37       3      70 ..       4      71 ..       1      72 [] 0.96

  Alignments for each domain:
  == domain 1  score: 122.1 bits;  conditional E-value: 4.1e-37
                      gvpa  3 vekvsassslaevldrvLdkGvvidawvrvsLvGielltvearvvvasvdtyLkyaeavglteqaalt 70
                              v+k+++ssslaev+dr+LdkG+vidawv+vsLvGiel+++e rvv+asv+tyLkyaea+glt  aa +
  nat_5531343a7a7ecf79ad55  4 VQKSTDSSSLAEVVDRILDKGIVIDAWVKVSLVGIELVSIELRVVIASVETYLKYAEAIGLTASAASP 71
                              89*************************************************************99987 PP

>> nat_34e541178b7b0b894972  
   #    score  bias  c-Evalue  i-Evalue hmmfrom  hmm to    alifrom  ali to    envfrom  env to     acc
 ---   ------ ----- --------- --------- ------- -------    ------- -------    ------- -------    ----
   1 !  122.0   1.8   4.4e-37   6.4e-37       1      67 [.       1      67 [.       1      81 [. 0.92

  Alignments for each domain:
  == domain 1  score: 122.0 bits;  conditional E-value: 4.4e-37
                      gvpa  1 mavekvsassslaevldrvLdkGvvidawvrvsLvGielltvearvvvasvdtyLkyaeavglteqa 67
                              m ++k+++ssslaev+dr+LdkG+vida++rvs+vGie+lt+earvv+asvdt+L+yaeavgl  + 
  nat_34e541178b7b0b894972  1 MSIQKSTNSSSLAEVIDRILDKGIVIDAFARVSVVGIEILTIEARVVIASVDTWLRYAEAVGLLRDD 67
                              89************************************************************98764 PP

>> nat_a46817057b2430d35a66  
   #    score  bias  c-Evalue  i-Evalue hmmfrom  hmm to    alifrom  ali to    envfrom  env to     acc
 ---   ------ ----- --------- --------- ------- -------    ------- -------    ------- -------    ----
   1 !  122.0   2.1   4.5e-37   6.4e-37       1      67 [.       1      67 [.       1      80 [. 0.94

  Alignments for each domain:
  == domain 1  score: 122.0 bits;  conditional E-value: 4.5e-37
                      gvpa  1 mavekvsassslaevldrvLdkGvvidawvrvsLvGielltvearvvvasvdtyLkyaeavglteqa 67
                              m v+k+++ssslaev+dr+LdkG+vida++rvs+vGie+ltvearvv+asvdt+L+yaeavgl  + 
  nat_a46817057b2430d35a66  1 MSVQKTTDSSSLAEVIDRILDKGIVIDAFARVSVVGIEILTVEARVVIASVDTWLRYAEAVGLLRDG 67
                              89************************************************************98764 PP

>> nat_b3561a1e0242e2259486  
   #    score  bias  c-Evalue  i-Evalue hmmfrom  hmm to    alifrom  ali to    envfrom  env to     acc
 ---   ------ ----- --------- --------- ------- -------    ------- -------    ------- -------    ----
   1 !  122.1   1.5   4.2e-37     6e-37       3      72 ..       2      71 ..       1      76 [] 0.93

  Alignments for each domain:
  == domain 1  score: 122.1 bits;  conditional E-value: 4.2e-37
                      gvpa  3 vekvsassslaevldrvLdkGvvidawvrvsLvGielltvearvvvasvdtyLkyaeavglteqaaltaa 72
                              v ++++ sslaevldr+LdkG+v+d+w+r+sLvGie+lt+earvvvasvdt+L+yae+++++e+aa+ +a
  nat_b3561a1e0242e2259486  2 VAQSPDCSSLAEVLDRILDKGIVVDTWARISLVGIEILTIEARVVVASVDTFLHYAEEITKIEKAAMEEA 71
                              57899***********************************************************998744 PP

>> nat_8f5ca23cd23d0262e12b  
   #    score  bias  c-Evalue  i-Evalue hmmfrom  hmm to    alifrom  ali to    envfrom  env to     acc
 ---   ------ ----- --------- --------- ------- -------    ------- -------    ------- -------    ----
   1 !  122.1   2.4   4.2e-37     6e-37       4      72 ..       3      71 ..       1      76 [] 0.93

  Alignments for each domain:
  == domain 1  score: 122.1 bits;  conditional E-value: 4.2e-37
                      gvpa  4 ekvsassslaevldrvLdkGvvidawvrvsLvGielltvearvvvasvdtyLkyaeavglteqaaltaa 72
                                +++ssslaevldr+LdkG+v+d+w+rvsLvGie+ltvearvvvasvdt+L+y+e+++++eqaa++aa
  nat_8f5ca23cd23d0262e12b  3 TSTPDSSSLAEVLDRILDKGIVVDVWARVSLVGIEILTVEARVVVASVDTFLHYSEEMAKIEQAAIAAA 71
                              6789************************************************************99865 PP

>> nat_0c143ad343586201fcf9  
   #    score  bias  c-Evalue  i-Evalue hmmfrom  hmm to    alifrom  ali to    envfrom  env to     acc
 ---   ------ ----- --------- --------- ------- -------    ------- -------    ------- -------    ----
   1 !  122.0   4.7   4.3e-37   6.2e-37       1      66 [.       1      66 [.       1      69 [] 0.97

  Alignments for each domain:
  == domain 1  score: 122.0 bits;  conditional E-value: 4.3e-37
                      gvpa  1 mavekvsassslaevldrvLdkGvvidawvrvsLvGielltvearvvvasvdtyLkyaeavglteq 66
                              mavek+ as+slaev+dr+LdkGvvidaw+rvsLvGiell++earvvva vdtyLkyaea+glt  
  nat_0c143ad343586201fcf9  1 MAVEKTIASTSLAEVVDRILDKGVVIDAWARVSLVGIELLAIEARVVVAGVDTYLKYAEAIGLTAA 66
                              9**************************************************************975 PP

>> nat_ee10b37a92559cba1989  
   #    score  bias  c-Evalue  i-Evalue hmmfrom  hmm to    alifrom  ali to    envfrom  env to     acc
 ---   ------ ----- --------- --------- ------- -------    ------- -------    ------- -------    ----
   1 !  121.9   1.8   4.8e-37   6.9e-37       5      73 ..       6      74 ..       1      82 [. 0.91

  Alignments for each domain:
  == domain 1  score: 121.9 bits;  conditional E-value: 4.8e-37
                      gvpa  5 kvsassslaevldrvLdkGvvidawvrvsLvGielltvearvvvasvdtyLkyaeavglteqaaltaaa 73
                              + ++ssslaevldr+LdkGvvid+w+r+s+vGiel+tvearvvvasvdt+L+yae+++++e+a+   + 
  nat_ee10b37a92559cba1989  6 RRPDSSSLAEVLDRILDKGVVIDVWARISVVGIELITVEARVVVASVDTFLHYAEEIAKIERATAEGGL 74
                              789**********************************************************99876555 PP

>> nat_fca422d4ddd5dcd65605  
   #    score  bias  c-Evalue  i-Evalue hmmfrom  hmm to    alifrom  ali to    envfrom  env to     acc
 ---   ------ ----- --------- --------- ------- -------    ------- -------    ------- -------    ----
   1 !  121.8   2.0   5.2e-37   7.4e-37       5      70 ..       7      72 ..       4      83 .. 0.92

  Alignments for each domain:
  == domain 1  score: 121.8 bits;  conditional E-value: 5.2e-37
                      gvpa  5 kvsassslaevldrvLdkGvvidawvrvsLvGielltvearvvvasvdtyLkyaeavglteqaalt 70
                              + ++ssslaevldr+LdkGvvid+w+r+s+vGiellt+earvvvasvdt+L+yae+++++eqa+  
  nat_fca422d4ddd5dcd65605  7 RRPDSSSLAEVLDRILDKGVVIDVWARISVVGIELLTIEARVVVASVDTFLHYAEEIAKIEQATAE 72
                              6799**********************************************************9876 PP

>> nat_b57946b3f69a165a3268  
   #    score  bias  c-Evalue  i-Evalue hmmfrom  hmm to    alifrom  ali to    envfrom  env to     acc
 ---   ------ ----- --------- --------- ------- -------    ------- -------    ------- -------    ----
   1 !  121.9   2.1   4.6e-37   6.7e-37       1      67 [.       1      67 [.       1      80 [. 0.94

  Alignments for each domain:
  == domain 1  score: 121.9 bits;  conditional E-value: 4.6e-37
                      gvpa  1 mavekvsassslaevldrvLdkGvvidawvrvsLvGielltvearvvvasvdtyLkyaeavglteqa 67
                              mav+k++++sslaev+dr+LdkG+vida+v+vs+vGie+ltvearvv+asvdt+L+yaeavgl  + 
  nat_b57946b3f69a165a3268  1 MAVQKSTDGSSLAEVIDRILDKGIVIDAFVKVSVVGIEILTVEARVVIASVDTWLRYAEAVGLLRDG 67
                              9*************************************************************98764 PP

>> nat_1a9b7eb01e9bfef0db94  
   #    score  bias  c-Evalue  i-Evalue hmmfrom  hmm to    alifrom  ali to    envfrom  env to     acc
 ---   ------ ----- --------- --------- ------- -------    ------- -------    ------- -------    ----
   1 !  121.9   2.5   4.8e-37   6.8e-37       2      68 ..       3      69 ..       1      80 [. 0.93

  Alignments for each domain:
  == domain 1  score: 121.9 bits;  conditional E-value: 4.8e-37
                      gvpa  2 avekvsassslaevldrvLdkGvvidawvrvsLvGielltvearvvvasvdtyLkyaeavglteqaa 68
                              av+k+++ssslaev+dr+LdkG+vida+vrvs+vGie+ltvearvv+asvdt+L+yaeavgl  +  
  nat_1a9b7eb01e9bfef0db94  3 AVQKSTDSSSLAEVVDRILDKGIVIDAFVRVSVVGIEILTVEARVVIASVDTWLRYAEAVGLLRDEV 69
                              799**********************************************************998754 PP

>> nat_943ce15fb7773fa3a769  
   #    score  bias  c-Evalue  i-Evalue hmmfrom  hmm to    alifrom  ali to    envfrom  env to     acc
 ---   ------ ----- --------- --------- ------- -------    ------- -------    ------- -------    ----
   1 !  121.8   2.8   5.1e-37   7.3e-37       1      70 [.       1      70 [.       1      81 [. 0.93

  Alignments for each domain:
  == domain 1  score: 121.8 bits;  conditional E-value: 5.1e-37
                      gvpa  1 mavekvsassslaevldrvLdkGvvidawvrvsLvGielltvearvvvasvdtyLkyaeavglteqaalt 70
                              ma ++ +++sslaevldrvLdkGvvid+w+rvs+vGiellt+earvvvasvdt+L+yae+++++eqa+  
  nat_943ce15fb7773fa3a769  1 MANQRRPDASSLAEVLDRVLDKGVVIDVWARVSVVGIELLTIEARVVVASVDTFLHYAEEIAKIEQATAE 70
                              888999************************************************************9876 PP

>> nat_729a9790a662e92ab379  
   #    score  bias  c-Evalue  i-Evalue hmmfrom  hmm to    alifrom  ali to    envfrom  env to     acc
 ---   ------ ----- --------- --------- ------- -------    ------- -------    ------- -------    ----
   1 !  121.8   2.0   5.2e-37   7.5e-37       5      70 ..       7      72 ..       2      85 .. 0.93

  Alignments for each domain:
  == domain 1  score: 121.8 bits;  conditional E-value: 5.2e-37
                      gvpa  5 kvsassslaevldrvLdkGvvidawvrvsLvGielltvearvvvasvdtyLkyaeavglteqaalt 70
                              + ++ssslaevldr+LdkGvvid+w+r+s+vGiellt+earvvvasvdt+L+yae+++++eqa+  
  nat_729a9790a662e92ab379  7 RRPDSSSLAEVLDRILDKGVVIDVWARISVVGIELLTIEARVVVASVDTFLHYAEEIAKIEQATAE 72
                              6799**********************************************************9765 PP

>> nat_17718ba432b9ffbaf06b  
   #    score  bias  c-Evalue  i-Evalue hmmfrom  hmm to    alifrom  ali to    envfrom  env to     acc
 ---   ------ ----- --------- --------- ------- -------    ------- -------    ------- -------    ----
   1 !  121.9   1.7   4.7e-37   6.8e-37       1      66 [.       1      66 [.       1      81 [. 0.94

  Alignments for each domain:
  == domain 1  score: 121.9 bits;  conditional E-value: 4.7e-37
                      gvpa  1 mavekvsassslaevldrvLdkGvvidawvrvsLvGielltvearvvvasvdtyLkyaeavglteq 66
                              m ++k+++ssslaev+dr+LdkG+vida++rvs+vGie+lt+earvv+asvdt+L+yaeavgl  +
  nat_17718ba432b9ffbaf06b  1 MSIQKSTNSSSLAEVIDRILDKGIVIDAFARVSVVGIEILTIEARVVIASVDTWLRYAEAVGLLRD 66
                              89************************************************************9876 PP

>> nat_fa2383cbfbff83286c61  
   #    score  bias  c-Evalue  i-Evalue hmmfrom  hmm to    alifrom  ali to    envfrom  env to     acc
 ---   ------ ----- --------- --------- ------- -------    ------- -------    ------- -------    ----
   1 !  121.7   1.4   5.6e-37     8e-37       5      70 ..       6      71 ..       3      83 .. 0.92

  Alignments for each domain:
  == domain 1  score: 121.7 bits;  conditional E-value: 5.6e-37
                      gvpa  5 kvsassslaevldrvLdkGvvidawvrvsLvGielltvearvvvasvdtyLkyaeavglteqaalt 70
                              + ++ssslaevldr+LdkGvvid+w+rvs+vGielltvearvvvasvdt+L+yae+++++eqa+  
  nat_fa2383cbfbff83286c61  6 RRPDSSSLAEVLDRILDKGVVIDIWARVSVVGIELLTVEARVVVASVDTFLHYAEEIAKIEQATAE 71
                              789***********************************************************9876 PP

>> nat_144165ea4d3ea8a64b2e  
   #    score  bias  c-Evalue  i-Evalue hmmfrom  hmm to    alifrom  ali to    envfrom  env to     acc
 ---   ------ ----- --------- --------- ------- -------    ------- -------    ------- -------    ----
   1 !  121.7   1.1   5.6e-37     8e-37       7      71 ..       8      72 ..       2      82 .. 0.92

  Alignments for each domain:
  == domain 1  score: 121.7 bits;  conditional E-value: 5.6e-37
                      gvpa  7 sassslaevldrvLdkGvvidawvrvsLvGielltvearvvvasvdtyLkyaeavglteqaalta 71
                              ++ssslaevldr+LdkGvvid+w+rvs+vGiellt+earvvvasvdt+L+yae+++++eqa+   
  nat_144165ea4d3ea8a64b2e  8 PDSSSLAEVLDRILDKGVVIDVWARVSVVGIELLTIEARVVVASVDTFLHYAEEIAKIEQATAEG 72
                              79**********************************************************98764 PP

>> nat_3beea3bf721df3e90ae2  
   #    score  bias  c-Evalue  i-Evalue hmmfrom  hmm to    alifrom  ali to    envfrom  env to     acc
 ---   ------ ----- --------- --------- ------- -------    ------- -------    ------- -------    ----
   1 !  121.7   3.1   5.3e-37   7.6e-37       1      70 [.       1      70 [.       1      82 [. 0.93

  Alignments for each domain:
  == domain 1  score: 121.7 bits;  conditional E-value: 5.3e-37
                      gvpa  1 mavekvsassslaevldrvLdkGvvidawvrvsLvGielltvearvvvasvdtyLkyaeavglteqaalt 70
                              ma ++ +++sslaevldrvLdkGvvid+w+rvs+vGiellt+earvvvasvdt+L+yae+++++eqa+  
  nat_3beea3bf721df3e90ae2  1 MASQRRPDASSLAEVLDRVLDKGVVIDVWARVSVVGIELLTIEARVVVASVDTFLHYAEEIAKIEQATAE 70
                              88899*************************************************************9876 PP

>> nat_9ea506ab1bb26a2a159a  
   #    score  bias  c-Evalue  i-Evalue hmmfrom  hmm to    alifrom  ali to    envfrom  env to     acc
 ---   ------ ----- --------- --------- ------- -------    ------- -------    ------- -------    ----
   1 !  121.9   4.0   4.9e-37     7e-37       3      70 ..       4      71 ..       1      72 [] 0.96

  Alignments for each domain:
  == domain 1  score: 121.9 bits;  conditional E-value: 4.9e-37
                      gvpa  3 vekvsassslaevldrvLdkGvvidawvrvsLvGielltvearvvvasvdtyLkyaeavglteqaalt 70
                              v+k+++ssslaev+dr+LdkG+v+dawv+v+LvGiell+vearvv+asv+tyLkyaea+glt  aa +
  nat_9ea506ab1bb26a2a159a  4 VQKSTDSSSLAEVVDRILDKGIVVDAWVKVALVGIELLSVEARVVIASVETYLKYAEAIGLTASAAAP 71
                              899************************************************************99987 PP

>> nat_0077c6cbf903d0b80137  
   #    score  bias  c-Evalue  i-Evalue hmmfrom  hmm to    alifrom  ali to    envfrom  env to     acc
 ---   ------ ----- --------- --------- ------- -------    ------- -------    ------- -------    ----
   1 !  121.6   2.3   5.9e-37   8.4e-37       5      70 ..       7      72 ..       2      83 .. 0.92

  Alignments for each domain:
  == domain 1  score: 121.6 bits;  conditional E-value: 5.9e-37
                      gvpa  5 kvsassslaevldrvLdkGvvidawvrvsLvGielltvearvvvasvdtyLkyaeavglteqaalt 70
                              + ++ssslaevldr+LdkGvvid+w+r+s+vGiellt+earvvvasvdt+L+yae+++++eqa+  
  nat_0077c6cbf903d0b80137  7 RRPDSSSLAEVLDRILDKGVVIDVWARISVVGIELLTIEARVVVASVDTFLHYAEEIAKIEQATAE 72
                              6799**********************************************************9876 PP

>> nat_1aef09f774a1818b7e24  
   #    score  bias  c-Evalue  i-Evalue hmmfrom  hmm to    alifrom  ali to    envfrom  env to     acc
 ---   ------ ----- --------- --------- ------- -------    ------- -------    ------- -------    ----
   1 !  121.6   2.3   5.9e-37   8.4e-37       5      70 ..       7      72 ..       2      83 .. 0.92

  Alignments for each domain:
  == domain 1  score: 121.6 bits;  conditional E-value: 5.9e-37
                      gvpa  5 kvsassslaevldrvLdkGvvidawvrvsLvGielltvearvvvasvdtyLkyaeavglteqaalt 70
                              + ++ssslaevldr+LdkGvvid+w+r+s+vGiellt+earvvvasvdt+L+yae+++++eqa+  
  nat_1aef09f774a1818b7e24  7 RRPDSSSLAEVLDRILDKGVVIDVWARISVVGIELLTIEARVVVASVDTFLHYAEEIAKIEQATAE 72
                              6799**********************************************************9876 PP

>> nat_1564401f2a553c444667  
   #    score  bias  c-Evalue  i-Evalue hmmfrom  hmm to    alifrom  ali to    envfrom  env to     acc
 ---   ------ ----- --------- --------- ------- -------    ------- -------    ------- -------    ----
   1 !  121.6   2.3   5.9e-37   8.4e-37       5      70 ..       7      72 ..       2      83 .. 0.92

  Alignments for each domain:
  == domain 1  score: 121.6 bits;  conditional E-value: 5.9e-37
                      gvpa  5 kvsassslaevldrvLdkGvvidawvrvsLvGielltvearvvvasvdtyLkyaeavglteqaalt 70
                              + ++ssslaevldr+LdkGvvid+w+r+s+vGiellt+earvvvasvdt+L+yae+++++eqa+  
  nat_1564401f2a553c444667  7 RRPDSSSLAEVLDRILDKGVVIDVWARISVVGIELLTIEARVVVASVDTFLHYAEEIAKIEQATAE 72
                              6799**********************************************************9876 PP

>> nat_646d43372f49b1be4f56  
   #    score  bias  c-Evalue  i-Evalue hmmfrom  hmm to    alifrom  ali to    envfrom  env to     acc
 ---   ------ ----- --------- --------- ------- -------    ------- -------    ------- -------    ----
   1 !  121.7   3.8   5.7e-37   8.2e-37       1      66 [.       1      66 [.       1      78 [. 0.95

  Alignments for each domain:
  == domain 1  score: 121.7 bits;  conditional E-value: 5.7e-37
                      gvpa  1 mavekvsassslaevldrvLdkGvvidawvrvsLvGielltvearvvvasvdtyLkyaeavglteq 66
                              ma++k+++ssslaev+dr+LdkG+vida++rvs+vGiel+tvearvv+asvdt+L+yaeavgl  +
  nat_646d43372f49b1be4f56  1 MAIQKSTDSSSLAEVVDRILDKGIVIDAFARVSVVGIELITVEARVVIASVDTWLRYAEAVGLLRD 66
                              9*************************************************************9876 PP

>> nat_487f5518a6cfaf0b0b75  
   #    score  bias  c-Evalue  i-Evalue hmmfrom  hmm to    alifrom  ali to    envfrom  env to     acc
 ---   ------ ----- --------- --------- ------- -------    ------- -------    ------- -------    ----
   1 !  121.7   2.3   5.6e-37   8.1e-37       1      66 [.       1      66 [.       1      78 [. 0.95

  Alignments for each domain:
  == domain 1  score: 121.7 bits;  conditional E-value: 5.6e-37
                      gvpa  1 mavekvsassslaevldrvLdkGvvidawvrvsLvGielltvearvvvasvdtyLkyaeavglteq 66
                              m ++k++++sslaev+dr+LdkG+vida+vrvs+vGiel+tvearvv+asvdt+L+yaeavgl ++
  nat_487f5518a6cfaf0b0b75  1 MPIQKSTDGSSLAEVIDRILDKGIVIDAFVRVSVVGIELITVEARVVIASVDTWLRYAEAVGLLQD 66
                              7899**********************************************************9876 PP

>> nat_14b8d1a3240d87319476  
   #    score  bias  c-Evalue  i-Evalue hmmfrom  hmm to    alifrom  ali to    envfrom  env to     acc
 ---   ------ ----- --------- --------- ------- -------    ------- -------    ------- -------    ----
   1 !  121.6   2.3   5.8e-37   8.3e-37       1      66 [.       1      66 [.       1      77 [. 0.95

  Alignments for each domain:
  == domain 1  score: 121.6 bits;  conditional E-value: 5.8e-37
                      gvpa  1 mavekvsassslaevldrvLdkGvvidawvrvsLvGielltvearvvvasvdtyLkyaeavglteq 66
                              m ++k++++sslaev+dr+LdkG+vida+vrvs+vGiel+tvearvv+asvdt+L+yaeavgl ++
  nat_14b8d1a3240d87319476  1 MPIQKSTDGSSLAEVIDRILDKGIVIDAFVRVSVVGIELITVEARVVIASVDTWLRYAEAVGLLQD 66
                              7899**********************************************************9876 PP

>> nat_969159e68bc0479327cf  
   #    score  bias  c-Evalue  i-Evalue hmmfrom  hmm to    alifrom  ali to    envfrom  env to     acc
 ---   ------ ----- --------- --------- ------- -------    ------- -------    ------- -------    ----
   1 !  121.7   3.8   5.7e-37   8.2e-37       1      66 [.       1      66 [.       1      78 [. 0.95

  Alignments for each domain:
  == domain 1  score: 121.7 bits;  conditional E-value: 5.7e-37
                      gvpa  1 mavekvsassslaevldrvLdkGvvidawvrvsLvGielltvearvvvasvdtyLkyaeavglteq 66
                              ma++k+++ssslaev+dr+LdkG+vida++rvs+vGiel+tvearvv+asvdt+L+yaeavgl  +
  nat_969159e68bc0479327cf  1 MAIQKSTDSSSLAEVVDRILDKGIVIDAFARVSVVGIELITVEARVVIASVDTWLRYAEAVGLLRD 66
                              9*************************************************************9876 PP

>> nat_dad443e0412ef646de5e  
   #    score  bias  c-Evalue  i-Evalue hmmfrom  hmm to    alifrom  ali to    envfrom  env to     acc
 ---   ------ ----- --------- --------- ------- -------    ------- -------    ------- -------    ----
   1 !  121.5   2.4   6.2e-37     9e-37       5      71 ..       7      73 ..       2      84 .. 0.92

  Alignments for each domain:
  == domain 1  score: 121.5 bits;  conditional E-value: 6.2e-37
                      gvpa  5 kvsassslaevldrvLdkGvvidawvrvsLvGielltvearvvvasvdtyLkyaeavglteqaalta 71
                              + ++ssslaevldr+LdkGvvid+w+rvs+vGiellt+earvvvasvdt+L+yae+++++eqa+   
  nat_dad443e0412ef646de5e  7 RRPDSSSLAEVLDRILDKGVVIDVWARVSVVGIELLTIEARVVVASVDTFLHYAEEIAKIEQATAEG 73
                              6799**********************************************************98764 PP

>> nat_c8057d4884d2825dccf9  
   #    score  bias  c-Evalue  i-Evalue hmmfrom  hmm to    alifrom  ali to    envfrom  env to     acc
 ---   ------ ----- --------- --------- ------- -------    ------- -------    ------- -------    ----
   1 !  121.5   3.7   6.2e-37   8.9e-37       1      66 [.       1      66 [.       1      75 [. 0.96

  Alignments for each domain:
  == domain 1  score: 121.5 bits;  conditional E-value: 6.2e-37
                      gvpa  1 mavekvsassslaevldrvLdkGvvidawvrvsLvGielltvearvvvasvdtyLkyaeavglteq 66
                              ma++k+++ssslaev+dr+LdkG+vida++rvs+vGiel+t+earvv+asvdt+L+yaeavgl  +
  nat_c8057d4884d2825dccf9  1 MAIQKSTDSSSLAEVVDRILDKGIVIDAFARVSVVGIELITIEARVVIASVDTWLRYAEAVGLLRD 66
                              9*************************************************************9876 PP

>> nat_a93e3ba867fc0e432d17  
   #    score  bias  c-Evalue  i-Evalue hmmfrom  hmm to    alifrom  ali to    envfrom  env to     acc
 ---   ------ ----- --------- --------- ------- -------    ------- -------    ------- -------    ----
   1 !  121.6   3.7   6.1e-37   8.8e-37       1      66 [.       1      66 [.       1      76 [. 0.95

  Alignments for each domain:
  == domain 1  score: 121.6 bits;  conditional E-value: 6.1e-37
                      gvpa  1 mavekvsassslaevldrvLdkGvvidawvrvsLvGielltvearvvvasvdtyLkyaeavglteq 66
                              ma++k+++ssslaev+dr+LdkG+vida++rvs+vGiel+tvearvv+asvdt+L+yaeavgl  +
  nat_a93e3ba867fc0e432d17  1 MAIQKSTDSSSLAEVVDRILDKGIVIDAFARVSVVGIELITVEARVVIASVDTWLRYAEAVGLLRD 66
                              9*************************************************************9876 PP

>> nat_1c3f16a0fdc7b319cfc7  
   #    score  bias  c-Evalue  i-Evalue hmmfrom  hmm to    alifrom  ali to    envfrom  env to     acc
 ---   ------ ----- --------- --------- ------- -------    ------- -------    ------- -------    ----
   1 !  121.7   5.6   5.5e-37   7.8e-37       3      70 ..       4      71 ..       1      72 [] 0.96

  Alignments for each domain:
  == domain 1  score: 121.7 bits;  conditional E-value: 5.5e-37
                      gvpa  3 vekvsassslaevldrvLdkGvvidawvrvsLvGielltvearvvvasvdtyLkyaeavglteqaalt 70
                              v+k+++s+slaev+dr+LdkG+v+dawv+vsLvGiell+vearvvvasv+tyLkyaea+glt +aa++
  nat_1c3f16a0fdc7b319cfc7  4 VQKTTDSASLAEVVDRILDKGIVVDAWVKVSLVGIELLSVEARVVVASVETYLKYAEAIGLTANAAVA 71
                              899************************************************************99975 PP

>> nat_d5d6f3cedb33fb3328b6  
   #    score  bias  c-Evalue  i-Evalue hmmfrom  hmm to    alifrom  ali to    envfrom  env to     acc
 ---   ------ ----- --------- --------- ------- -------    ------- -------    ------- -------    ----
   1 !  121.6   1.5   5.9e-37   8.4e-37       5      70 ..       6      71 ..       1      82 [. 0.92

  Alignments for each domain:
  == domain 1  score: 121.6 bits;  conditional E-value: 5.9e-37
                      gvpa  5 kvsassslaevldrvLdkGvvidawvrvsLvGielltvearvvvasvdtyLkyaeavglteqaalt 70
                              + ++ssslaevldrvLdkGvvid+w+rvs+vGielltvearvvvasvdt+L+yae+++++eqa+  
  nat_d5d6f3cedb33fb3328b6  6 RRPDSSSLAEVLDRVLDKGVVIDIWARVSVVGIELLTVEARVVVASVDTFLHYAEEIAKIEQATAE 71
                              789***********************************************************9765 PP

>> nat_edcfcd19baadeee00eaf  
   #    score  bias  c-Evalue  i-Evalue hmmfrom  hmm to    alifrom  ali to    envfrom  env to     acc
 ---   ------ ----- --------- --------- ------- -------    ------- -------    ------- -------    ----
   1 !  121.5   1.3   6.3e-37     9e-37       5      70 ..       6      71 ..       3      84 .. 0.92

  Alignments for each domain:
  == domain 1  score: 121.5 bits;  conditional E-value: 6.3e-37
                      gvpa  5 kvsassslaevldrvLdkGvvidawvrvsLvGielltvearvvvasvdtyLkyaeavglteqaalt 70
                              + ++ssslaevldrvLdkGvvid+w+rvs+vGiellt+earvvvasvdt+L+yae+++++eqa   
  nat_edcfcd19baadeee00eaf  6 RRPDSSSLAEVLDRVLDKGVVIDIWARVSVVGIELLTIEARVVVASVDTFLHYAEEIAKIEQARAD 71
                              789***********************************************************9876 PP

>> nat_b14dbbd56a14a6238029  
   #    score  bias  c-Evalue  i-Evalue hmmfrom  hmm to    alifrom  ali to    envfrom  env to     acc
 ---   ------ ----- --------- --------- ------- -------    ------- -------    ------- -------    ----
   1 !  121.5   2.5   6.3e-37     9e-37       1      70 [.       1      70 [.       1      82 [. 0.93

  Alignments for each domain:
  == domain 1  score: 121.5 bits;  conditional E-value: 6.3e-37
                      gvpa  1 mavekvsassslaevldrvLdkGvvidawvrvsLvGielltvearvvvasvdtyLkyaeavglteqaalt 70
                              ma ++ +++sslaevldrvLdkGvvid+w+rvs+vGiellt+earvvvasvdt+L+yae+++++eqa+  
  nat_b14dbbd56a14a6238029  1 MASQRRPDASSLAEVLDRVLDKGVVIDVWARVSVVGIELLTIEARVVVASVDTFLHYAEEISKIEQATAE 70
                              88899*************************************************************9876 PP

>> nat_af18bcf2e4b0e65e7263  
   #    score  bias  c-Evalue  i-Evalue hmmfrom  hmm to    alifrom  ali to    envfrom  env to     acc
 ---   ------ ----- --------- --------- ------- -------    ------- -------    ------- -------    ----
   1 !  121.5   4.3   6.4e-37   9.1e-37       1      66 [.       1      66 [.       1      75 [. 0.96

  Alignments for each domain:
  == domain 1  score: 121.5 bits;  conditional E-value: 6.4e-37
                      gvpa  1 mavekvsassslaevldrvLdkGvvidawvrvsLvGielltvearvvvasvdtyLkyaeavglteq 66
                              mav+k+++ssslaev+dr+LdkGvvida++rvs+vGiel+tvearvv+asvdt+L+yaeavgl  +
  nat_af18bcf2e4b0e65e7263  1 MAVQKSTDSSSLAEVIDRILDKGVVIDAFARVSVVGIELVTVEARVVIASVDTWLRYAEAVGLLRD 66
                              9*************************************************************9876 PP

>> nat_49d3875a5ef4bbb644f9  
   #    score  bias  c-Evalue  i-Evalue hmmfrom  hmm to    alifrom  ali to    envfrom  env to     acc
 ---   ------ ----- --------- --------- ------- -------    ------- -------    ------- -------    ----
   1 !  121.4   2.5   6.9e-37   9.9e-37       5      70 ..       7      72 ..       2      83 .. 0.92

  Alignments for each domain:
  == domain 1  score: 121.4 bits;  conditional E-value: 6.9e-37
                      gvpa  5 kvsassslaevldrvLdkGvvidawvrvsLvGielltvearvvvasvdtyLkyaeavglteqaalt 70
                              + ++ssslaevldr+LdkGvvid+w+rvs+vGiellt+earvvvasvdt+L+yae+++++eqa+  
  nat_49d3875a5ef4bbb644f9  7 RRPDSSSLAEVLDRILDKGVVIDVWARVSVVGIELLTIEARVVVASVDTFLHYAEEIAKIEQATAE 72
                              6799**********************************************************9876 PP

>> nat_edc787924d6392f7c1f5  
   #    score  bias  c-Evalue  i-Evalue hmmfrom  hmm to    alifrom  ali to    envfrom  env to     acc
 ---   ------ ----- --------- --------- ------- -------    ------- -------    ------- -------    ----
   1 !  121.5   2.5   6.5e-37   9.3e-37       1      70 [.       1      70 [.       1      82 [. 0.93

  Alignments for each domain:
  == domain 1  score: 121.5 bits;  conditional E-value: 6.5e-37
                      gvpa  1 mavekvsassslaevldrvLdkGvvidawvrvsLvGielltvearvvvasvdtyLkyaeavglteqaalt 70
                              ma ++ +++sslaevldrvLdkGvvid+w+rvs+vGiellt+earvvvasvdt+L+yae+++++eqa+  
  nat_edc787924d6392f7c1f5  1 MASQRRPDASSLAEVLDRVLDKGVVIDVWARVSVVGIELLTIEARVVVASVDTFLHYAEEISKIEQATAE 70
                              88899*************************************************************9876 PP

>> nat_75679c0d4db585656573  
   #    score  bias  c-Evalue  i-Evalue hmmfrom  hmm to    alifrom  ali to    envfrom  env to     acc
 ---   ------ ----- --------- --------- ------- -------    ------- -------    ------- -------    ----
   1 !  121.5   2.0   6.4e-37   9.2e-37       5      71 ..       6      72 ..       1      82 [. 0.91

  Alignments for each domain:
  == domain 1  score: 121.5 bits;  conditional E-value: 6.4e-37
                      gvpa  5 kvsassslaevldrvLdkGvvidawvrvsLvGielltvearvvvasvdtyLkyaeavglteqaalta 71
                              + ++ssslaevldr+LdkGvvid+w+r+s+vGiel+tvearvvvasvdt+L+yae+++++e+a+   
  nat_75679c0d4db585656573  6 RRPDSSSLAEVLDRILDKGVVIDVWARISVVGIELITVEARVVVASVDTFLHYAEEIAKIERATAEG 72
                              789**********************************************************987654 PP

>> nat_69442765a7e1224b0435  
   #    score  bias  c-Evalue  i-Evalue hmmfrom  hmm to    alifrom  ali to    envfrom  env to     acc
 ---   ------ ----- --------- --------- ------- -------    ------- -------    ------- -------    ----
   1 !  121.3   2.5   7.1e-37     1e-36       5      70 ..       7      72 ..       2      83 .. 0.92

  Alignments for each domain:
  == domain 1  score: 121.3 bits;  conditional E-value: 7.1e-37
                      gvpa  5 kvsassslaevldrvLdkGvvidawvrvsLvGielltvearvvvasvdtyLkyaeavglteqaalt 70
                              + ++ssslaevldr+LdkGvvid+w+rvs+vGiellt+earvvvasvdt+L+yae+++++eqa+  
  nat_69442765a7e1224b0435  7 RRPDSSSLAEVLDRILDKGVVIDVWARVSVVGIELLTIEARVVVASVDTFLHYAEEIAKIEQATAE 72
                              6799**********************************************************9876 PP

>> nat_26bed164289c66a8ab62  
   #    score  bias  c-Evalue  i-Evalue hmmfrom  hmm to    alifrom  ali to    envfrom  env to     acc
 ---   ------ ----- --------- --------- ------- -------    ------- -------    ------- -------    ----
   1 !  121.6   5.4   5.9e-37   8.5e-37       3      68 ..       4      69 ..       1      73 [] 0.94

  Alignments for each domain:
  == domain 1  score: 121.6 bits;  conditional E-value: 5.9e-37
                      gvpa  3 vekvsassslaevldrvLdkGvvidawvrvsLvGielltvearvvvasvdtyLkyaeavglteqaa 68
                              ++k+++ssslaev+dr+LdkGvvida+vrvsLvGiell++earvv+asvdt+L+yaeavgl ++ +
  nat_26bed164289c66a8ab62  4 IQKSVDSSSLAEVIDRILDKGVVIDAFVRVSLVGIELLAIEARVVIASVDTWLRYAEAVGLLKEEE 69
                              89***********************************************************98765 PP

>> nat_fe8e5bed782f7960b0ca  
   #    score  bias  c-Evalue  i-Evalue hmmfrom  hmm to    alifrom  ali to    envfrom  env to     acc
 ---   ------ ----- --------- --------- ------- -------    ------- -------    ------- -------    ----
   1 !  121.3   3.9   7.1e-37     1e-36       1      66 [.       1      66 [.       1      75 [. 0.96

  Alignments for each domain:
  == domain 1  score: 121.3 bits;  conditional E-value: 7.1e-37
                      gvpa  1 mavekvsassslaevldrvLdkGvvidawvrvsLvGielltvearvvvasvdtyLkyaeavglteq 66
                              ma++k+++ssslaev+dr+LdkG+vida++rvs+vGiel+tvearvv+asvdt+L+yaeavgl  +
  nat_fe8e5bed782f7960b0ca  1 MAIQKSTDSSSLAEVVDRILDKGIVIDAFARVSVVGIELITVEARVVIASVDTWLRYAEAVGLLRD 66
                              9*************************************************************9876 PP

>> nat_3534b37db97896c62b78  
   #    score  bias  c-Evalue  i-Evalue hmmfrom  hmm to    alifrom  ali to    envfrom  env to     acc
 ---   ------ ----- --------- --------- ------- -------    ------- -------    ------- -------    ----
   1 !  121.5   2.3   6.3e-37   9.1e-37       3      70 ..       4      71 ..       1      72 [] 0.95

  Alignments for each domain:
  == domain 1  score: 121.5 bits;  conditional E-value: 6.3e-37
                      gvpa  3 vekvsassslaevldrvLdkGvvidawvrvsLvGielltvearvvvasvdtyLkyaeavglteqaalt 70
                              v ++++ssslaev+dr+LdkG+vidaw++vsLvGiell++ear+v+asv+tyLkyaea+glt  aa +
  nat_3534b37db97896c62b78  4 VANSTDSSSLAEVVDRILDKGIVIDAWIKVSLVGIELLAIEARIVIASVETYLKYAEAIGLTAPAAAP 71
                              56789*********************************************************999877 PP

>> nat_d07d112598796fe30d76  
   #    score  bias  c-Evalue  i-Evalue hmmfrom  hmm to    alifrom  ali to    envfrom  env to     acc
 ---   ------ ----- --------- --------- ------- -------    ------- -------    ------- -------    ----
   1 !  121.4   1.3   6.8e-37   9.7e-37       5      70 ..       6      71 ..       1      82 [. 0.92

  Alignments for each domain:
  == domain 1  score: 121.4 bits;  conditional E-value: 6.8e-37
                      gvpa  5 kvsassslaevldrvLdkGvvidawvrvsLvGielltvearvvvasvdtyLkyaeavglteqaalt 70
                              + ++ssslaevldrvLdkGvvid+w+rvs+vGielltvearvvvasvdt+L+yae+++++eqa+  
  nat_d07d112598796fe30d76  6 QRPNSSSLAEVLDRVLDKGVVIDVWARVSVVGIELLTVEARVVVASVDTFLHYAEEIAKIEQATAD 71
                              5689**********************************************************9765 PP

>> nat_1e070d0d2387bb202235  
   #    score  bias  c-Evalue  i-Evalue hmmfrom  hmm to    alifrom  ali to    envfrom  env to     acc
 ---   ------ ----- --------- --------- ------- -------    ------- -------    ------- -------    ----
   1 !  121.5   2.0   6.5e-37   9.3e-37       6      77 ..       3      74 ..       1      75 [] 0.94

  Alignments for each domain:
  == domain 1  score: 121.5 bits;  conditional E-value: 6.5e-37
                      gvpa  6 vsassslaevldrvLdkGvvidawvrvsLvGielltvearvvvasvdtyLkyaeavglteqaaltaaaeeav 77
                              +++ssslaevldr+LdkG+v+d+w+r+sLvGie+l++earvvv+s+dtyL+yae+++++eqaa+ aa e +v
  nat_1e070d0d2387bb202235  3 NPDSSSLAEVLDRILDKGIVVDTWARISLVGIEILSIEARVVVSSIDTYLHYAEEITMIEQAAMEAAPEVPV 74
                              579*************************************************************98877654 PP

>> nat_64b87c36790fe3acd4ba  
   #    score  bias  c-Evalue  i-Evalue hmmfrom  hmm to    alifrom  ali to    envfrom  env to     acc
 ---   ------ ----- --------- --------- ------- -------    ------- -------    ------- -------    ----
   1 !  121.2   2.5   7.7e-37   1.1e-36       1      70 [.       1      70 [.       1      82 [. 0.94

  Alignments for each domain:
  == domain 1  score: 121.2 bits;  conditional E-value: 7.7e-37
                      gvpa  1 mavekvsassslaevldrvLdkGvvidawvrvsLvGielltvearvvvasvdtyLkyaeavglteqaalt 70
                              ma ++ +++sslaevldrvLdkGvvid+w+rvs+vGiellt+earvvvasvdt+L+yae+++++eqa+  
  nat_64b87c36790fe3acd4ba  1 MASQRRPDASSLAEVLDRVLDKGVVIDVWARVSVVGIELLTIEARVVVASVDTFLHYAEEISKIEQATAE 70
                              88899*************************************************************9765 PP

>> nat_57d11d6b58e3b78591e1  
   #    score  bias  c-Evalue  i-Evalue hmmfrom  hmm to    alifrom  ali to    envfrom  env to     acc
 ---   ------ ----- --------- --------- ------- -------    ------- -------    ------- -------    ----
   1 !  121.1   2.5   8.4e-37   1.2e-36       5      70 ..       7      72 ..       2      83 .. 0.93

  Alignments for each domain:
  == domain 1  score: 121.1 bits;  conditional E-value: 8.4e-37
                      gvpa  5 kvsassslaevldrvLdkGvvidawvrvsLvGielltvearvvvasvdtyLkyaeavglteqaalt 70
                              + ++ssslaevldr+LdkGvvid+w+rvs+vGiellt+earvvvasvdt+L+yae+++++eqa+  
  nat_57d11d6b58e3b78591e1  7 RRPDSSSLAEVLDRILDKGVVIDVWARVSVVGIELLTIEARVVVASVDTFLHYAEEIAKIEQATAE 72
                              6799**********************************************************9765 PP

>> nat_dc38a4313453d819bde4  
   #    score  bias  c-Evalue  i-Evalue hmmfrom  hmm to    alifrom  ali to    envfrom  env to     acc
 ---   ------ ----- --------- --------- ------- -------    ------- -------    ------- -------    ----
   1 !  121.4   2.2     7e-37     1e-36       3      70 ..       4      71 ..       1      73 [] 0.94

  Alignments for each domain:
  == domain 1  score: 121.4 bits;  conditional E-value: 7e-37
                      gvpa  3 vekvsassslaevldrvLdkGvvidawvrvsLvGielltvearvvvasvdtyLkyaeavglteqaalt 70
                              v ++++ssslaev+dr+LdkG+vid+wv+vsLvGiell++ear+v+asv+tyLkyaea+glt  +a +
  nat_dc38a4313453d819bde4  4 VANSTDSSSLAEVVDRILDKGIVIDVWVKVSLVGIELLAIEARIVIASVETYLKYAEAIGLTAPSAAP 71
                              56789*********************************************************987766 PP

>> nat_833a1708482ad34125e2  
   #    score  bias  c-Evalue  i-Evalue hmmfrom  hmm to    alifrom  ali to    envfrom  env to     acc
 ---   ------ ----- --------- --------- ------- -------    ------- -------    ------- -------    ----
   1 !  121.2   1.6   7.9e-37   1.1e-36       5      70 ..       6      71 ..       1      83 [. 0.92

  Alignments for each domain:
  == domain 1  score: 121.2 bits;  conditional E-value: 7.9e-37
                      gvpa  5 kvsassslaevldrvLdkGvvidawvrvsLvGielltvearvvvasvdtyLkyaeavglteqaalt 70
                              + ++ssslaevldr+LdkGvvid+w+r+s+vGiel+tvearvvvasvdt+L+yae+++++e+a+  
  nat_833a1708482ad34125e2  6 RRPDSSSLAEVLDRILDKGVVIDVWARISVVGIELITVEARVVVASVDTFLHYAEEIAKIERATAE 71
                              789*********************************************************998765 PP

>> nat_02e83ad46b86e8eaf5e7  
   #    score  bias  c-Evalue  i-Evalue hmmfrom  hmm to    alifrom  ali to    envfrom  env to     acc
 ---   ------ ----- --------- --------- ------- -------    ------- -------    ------- -------    ----
   1 !  121.3   4.2   7.6e-37   1.1e-36       1      68 [.       1      68 [.       1      70 [] 0.97

  Alignments for each domain:
  == domain 1  score: 121.3 bits;  conditional E-value: 7.6e-37
                      gvpa  1 mavekvsassslaevldrvLdkGvvidawvrvsLvGielltvearvvvasvdtyLkyaeavglteqaa 68
                              ma+ek++as+slaev+drvL+kGvvida++rvsLvGiell++e+r+vvasv+t+Lkyaea+glt +++
  nat_02e83ad46b86e8eaf5e7  1 MAIEKSVASTSLAEVVDRVLEKGVVIDAFIRVSLVGIELLAIEVRAVVASVETWLKYAEAIGLTADPQ 68
                              9***************************************************************9986 PP

>> nat_90e82772d308676c7556  
   #    score  bias  c-Evalue  i-Evalue hmmfrom  hmm to    alifrom  ali to    envfrom  env to     acc
 ---   ------ ----- --------- --------- ------- -------    ------- -------    ------- -------    ----
   1 !  121.3   3.2   7.5e-37   1.1e-36       4      72 ..       3      71 ..       1      74 [] 0.94

  Alignments for each domain:
  == domain 1  score: 121.3 bits;  conditional E-value: 7.5e-37
                      gvpa  4 ekvsassslaevldrvLdkGvvidawvrvsLvGielltvearvvvasvdtyLkyaeavglteqaaltaa 72
                                +++ssslaevldr+LdkG+v+d+w+rvsLvGie+ltvearvvvasvdt+L+y+e+++++eqaa++aa
  nat_90e82772d308676c7556  3 TSTPDSSSLAEVLDRILDKGIVVDVWARVSLVGIEILTVEARVVVASVDTFLHYSEEMAKIEQAAIAAA 71
                              6789************************************************************99865 PP

>> nat_ede685c8031e89299cf7  
   #    score  bias  c-Evalue  i-Evalue hmmfrom  hmm to    alifrom  ali to    envfrom  env to     acc
 ---   ------ ----- --------- --------- ------- -------    ------- -------    ------- -------    ----
   1 !  121.2   1.7   8.2e-37   1.2e-36       3      72 ..       2      71 ..       1      76 [] 0.93

  Alignments for each domain:
  == domain 1  score: 121.2 bits;  conditional E-value: 8.2e-37
                      gvpa  3 vekvsassslaevldrvLdkGvvidawvrvsLvGielltvearvvvasvdtyLkyaeavglteqaaltaa 72
                              v ++++ sslaevldr+LdkG+v+d+w+r+sLvGie+lt+earvvvasvdt+L+yae+++++e+aa+ +a
  nat_ede685c8031e89299cf7  2 VAQSPDCSSLAEVLDRILDKGIVVDTWARISLVGIEVLTIEARVVVASVDTFLHYAEEITKIEKAAMEEA 71
                              57899***********************************************************998744 PP

>> nat_6753c4dad3e8314a4fcc  
   #    score  bias  c-Evalue  i-Evalue hmmfrom  hmm to    alifrom  ali to    envfrom  env to     acc
 ---   ------ ----- --------- --------- ------- -------    ------- -------    ------- -------    ----
   1 !  121.1   1.5   8.3e-37   1.2e-36       1      67 [.       1      67 [.       1      82 [. 0.91

  Alignments for each domain:
  == domain 1  score: 121.1 bits;  conditional E-value: 8.3e-37
                      gvpa  1 mavekvsassslaevldrvLdkGvvidawvrvsLvGielltvearvvvasvdtyLkyaeavglteqa 67
                              m ++k+++ssslaev+dr+LdkG+vida++rvs++Gie+lt+earvv+asvdt+L+yaeavgl  + 
  nat_6753c4dad3e8314a4fcc  1 MSIQKSTNSSSLAEVIDRILDKGIVIDAFARVSVIGIEILTIEARVVIASVDTWLRYAEAVGLLRDD 67
                              89************************************************************98764 PP

>> nat_bf89f43284d2a11b9302  
   #    score  bias  c-Evalue  i-Evalue hmmfrom  hmm to    alifrom  ali to    envfrom  env to     acc
 ---   ------ ----- --------- --------- ------- -------    ------- -------    ------- -------    ----
   1 !  121.1   1.4   8.4e-37   1.2e-36       3      70 ..       4      71 ..       1      78 [] 0.93

  Alignments for each domain:
  == domain 1  score: 121.1 bits;  conditional E-value: 8.4e-37
                      gvpa  3 vekvsassslaevldrvLdkGvvidawvrvsLvGielltvearvvvasvdtyLkyaeavglteqaalt 70
                              v k+++ssslaev+dr+L+kG+vidaw++vsLvGiel+++ear+vvasv+tyLkyaea+glt   a +
  nat_bf89f43284d2a11b9302  4 VAKSTDSSSLAEVIDRILNKGIVIDAWAKVSLVGIELVAIEARIVVASVETYLKYAEAIGLTAPIAAP 71
                              789***********************************************************988776 PP

>> nat_fd9a2791aaca81c0c6ef  
   #    score  bias  c-Evalue  i-Evalue hmmfrom  hmm to    alifrom  ali to    envfrom  env to     acc
 ---   ------ ----- --------- --------- ------- -------    ------- -------    ------- -------    ----
   1 !  120.9   2.2   9.7e-37   1.4e-36       1      67 [.       1      67 [.       1      79 [. 0.93

  Alignments for each domain:
  == domain 1  score: 120.9 bits;  conditional E-value: 9.7e-37
                      gvpa  1 mavekvsassslaevldrvLdkGvvidawvrvsLvGielltvearvvvasvdtyLkyaeavglteqa 67
                              m v+k+++ssslaev+dr+LdkGvvid+++rvsLvGiel+tvearvv+asvdt+L+ya+avgl  + 
  nat_fd9a2791aaca81c0c6ef  1 MGVQKSTDSSSLAEVVDRILDKGVVIDVFARVSLVGIELVTVEARVVIASVDTWLRYANAVGLLRDE 67
                              889***********************************************************98765 PP

>> nat_c5e6ef219282f46a04ba  
   #    score  bias  c-Evalue  i-Evalue hmmfrom  hmm to    alifrom  ali to    envfrom  env to     acc
 ---   ------ ----- --------- --------- ------- -------    ------- -------    ------- -------    ----
   1 !  121.0   2.0   9.3e-37   1.3e-36       3      70 ..       4      71 ..       1      72 [] 0.95

  Alignments for each domain:
  == domain 1  score: 121.0 bits;  conditional E-value: 9.3e-37
                      gvpa  3 vekvsassslaevldrvLdkGvvidawvrvsLvGielltvearvvvasvdtyLkyaeavglteqaalt 70
                              v ++++ssslaev+dr+LdkG+vidaw +vsLvGiell++earvv+asv+tyLkyaea+glt  aa +
  nat_c5e6ef219282f46a04ba  4 VANSTDSSSLAEVVDRILDKGIVIDAWLKVSLVGIELLAIEARVVIASVETYLKYAEAIGLTAPAAAP 71
                              56789*********************************************************999877 PP

>> nat_c5a5f8d3e0297c749df7  
   #    score  bias  c-Evalue  i-Evalue hmmfrom  hmm to    alifrom  ali to    envfrom  env to     acc
 ---   ------ ----- --------- --------- ------- -------    ------- -------    ------- -------    ----
   1 !  120.9   1.5     1e-36   1.4e-36       2      67 ..       3      68 ..       1      80 [. 0.94

  Alignments for each domain:
  == domain 1  score: 120.9 bits;  conditional E-value: 1e-36
                      gvpa  2 avekvsassslaevldrvLdkGvvidawvrvsLvGielltvearvvvasvdtyLkyaeavglteqa 67
                              a++k++++sslaev+dr+LdkGvvida++++sLvGiel+tvearvv+asvdt+L+yaeavgl+ + 
  nat_c5a5f8d3e0297c749df7  3 AIQKSTDGSSLAEVVDRILDKGVVIDAYAKISLVGIELITVEARVVIASVDTWLRYAEAVGLIRDD 68
                              799***********************************************************9875 PP

>> nat_fdd60eac4981a8e64371  
   #    score  bias  c-Evalue  i-Evalue hmmfrom  hmm to    alifrom  ali to    envfrom  env to     acc
 ---   ------ ----- --------- --------- ------- -------    ------- -------    ------- -------    ----
   1 !  120.9   3.5   9.8e-37   1.4e-36       3      66 ..       4      67 ..       1      73 [] 0.94

  Alignments for each domain:
  == domain 1  score: 120.9 bits;  conditional E-value: 9.8e-37
                      gvpa  3 vekvsassslaevldrvLdkGvvidawvrvsLvGielltvearvvvasvdtyLkyaeavglteq 66
                              v+k+++ssslaev+dr+LdkGvvid+++rvsLvGiell++earvv+asvdt+L+yaeavgl ++
  nat_fdd60eac4981a8e64371  4 VKKSVDSSSLAEVIDRILDKGVVIDVFARVSLVGIELLAIEARVVIASVDTWLRYAEAVGLLKE 67
                              899*********************************************************9876 PP

>> nat_f2eb1efff0bc22bf511d  
   #    score  bias  c-Evalue  i-Evalue hmmfrom  hmm to    alifrom  ali to    envfrom  env to     acc
 ---   ------ ----- --------- --------- ------- -------    ------- -------    ------- -------    ----
   1 !  120.8   3.7     1e-36   1.5e-36       3      70 ..       4      71 ..       1      72 [] 0.96

  Alignments for each domain:
  == domain 1  score: 120.8 bits;  conditional E-value: 1e-36
                      gvpa  3 vekvsassslaevldrvLdkGvvidawvrvsLvGielltvearvvvasvdtyLkyaeavglteqaalt 70
                              v k+++ss laev+dr+LdkG+v+dawv+vsLvGiell+vearvv+asv+tyLkyaea+glt  aa +
  nat_f2eb1efff0bc22bf511d  4 VAKSTDSSGLAEVVDRILDKGIVVDAWVKVSLVGIELLSVEARVVIASVETYLKYAEAIGLTASAAAP 71
                              789************************************************************99987 PP

>> nat_291571f679284e1c6455  
   #    score  bias  c-Evalue  i-Evalue hmmfrom  hmm to    alifrom  ali to    envfrom  env to     acc
 ---   ------ ----- --------- --------- ------- -------    ------- -------    ------- -------    ----
   1 !  120.8   3.7   1.1e-36   1.6e-36       3      70 ..       5      72 ..       2      73 .] 0.96

  Alignments for each domain:
  == domain 1  score: 120.8 bits;  conditional E-value: 1.1e-36
                      gvpa  3 vekvsassslaevldrvLdkGvvidawvrvsLvGielltvearvvvasvdtyLkyaeavglteqaalt 70
                              v k+++ss laev+dr+LdkG+v+dawv+vsLvGiell+vearvv+asv+tyLkyaea+glt  aa +
  nat_291571f679284e1c6455  5 VAKSTDSSGLAEVVDRILDKGIVVDAWVKVSLVGIELLSVEARVVIASVETYLKYAEAIGLTASAAAP 72
                              789************************************************************99987 PP

>> nat_37dd3e43f991da44762e  
   #    score  bias  c-Evalue  i-Evalue hmmfrom  hmm to    alifrom  ali to    envfrom  env to     acc
 ---   ------ ----- --------- --------- ------- -------    ------- -------    ------- -------    ----
   1 !  120.8   2.2     1e-36   1.5e-36       3      70 ..       4      71 ..       1      72 [] 0.95

  Alignments for each domain:
  == domain 1  score: 120.8 bits;  conditional E-value: 1e-36
                      gvpa  3 vekvsassslaevldrvLdkGvvidawvrvsLvGielltvearvvvasvdtyLkyaeavglteqaalt 70
                              v ++++ssslaev+dr+LdkG+vidaw +vsLvGiell+vearvv+asv+tyLkyaea+glt  aa +
  nat_37dd3e43f991da44762e  4 VANSTDSSSLAEVVDRILDKGIVIDAWLKVSLVGIELLAVEARVVIASVETYLKYAEAIGLTAPAAAP 71
                              56789*********************************************************999877 PP

>> nat_509ca7d230eacbb916e4  
   #    score  bias  c-Evalue  i-Evalue hmmfrom  hmm to    alifrom  ali to    envfrom  env to     acc
 ---   ------ ----- --------- --------- ------- -------    ------- -------    ------- -------    ----
   1 !  120.8   3.4   1.1e-36   1.5e-36       3      70 ..       2      69 ..       1      76 [] 0.93

  Alignments for each domain:
  == domain 1  score: 120.8 bits;  conditional E-value: 1.1e-36
                      gvpa  3 vekvsassslaevldrvLdkGvvidawvrvsLvGielltvearvvvasvdtyLkyaeavglteqaalt 70
                              v ++++ssslaevldr+LdkG+v+d+w+rvsLvGie+l++earvvvasvdt+L+yae+++++e aa+ 
  nat_509ca7d230eacbb916e4  2 VSQSPDSSSLAEVLDRILDKGIVVDVWARVSLVGIEILAIEARVVVASVDTFLHYAEEITKIEIAAKE 69
                              5899**********************************************************998876 PP

>> nat_dca06c4ca76aafac96e9  
   #    score  bias  c-Evalue  i-Evalue hmmfrom  hmm to    alifrom  ali to    envfrom  env to     acc
 ---   ------ ----- --------- --------- ------- -------    ------- -------    ------- -------    ----
   1 !  120.5   1.7   1.3e-36   1.9e-36       5      70 ..       6      71 ..       3      84 .. 0.93

  Alignments for each domain:
  == domain 1  score: 120.5 bits;  conditional E-value: 1.3e-36
                      gvpa  5 kvsassslaevldrvLdkGvvidawvrvsLvGielltvearvvvasvdtyLkyaeavglteqaalt 70
                              + ++ssslaevldr+LdkGvvid+w+r+s+vGielltvearvvvasvdt+L+yae+++++e+a+  
  nat_dca06c4ca76aafac96e9  6 RRPDSSSLAEVLDRILDKGVVIDVWARISVVGIELLTVEARVVVASVDTFLHYAEEIAKIERATAE 71
                              789*********************************************************998764 PP

>> nat_dbcea97f4e8354ba3556  
   #    score  bias  c-Evalue  i-Evalue hmmfrom  hmm to    alifrom  ali to    envfrom  env to     acc
 ---   ------ ----- --------- --------- ------- -------    ------- -------    ------- -------    ----
   1 !  120.7   0.4   1.2e-36   1.7e-36       5      71 ..       6      72 ..       1      91 [. 0.92

  Alignments for each domain:
  == domain 1  score: 120.7 bits;  conditional E-value: 1.2e-36
                      gvpa  5 kvsassslaevldrvLdkGvvidawvrvsLvGielltvearvvvasvdtyLkyaeavglteqaalta 71
                              + ++ssslaevldrvLdkGvvid+w+rvs+vGielltvearvvvasvdt+L+ya++++++e+a++  
  nat_dbcea97f4e8354ba3556  6 RRPDSSSLAEVLDRVLDKGVVIDIWARVSVVGIELLTVEARVVVASVDTFLHYAQEIAKIEKATTDG 72
                              789**********************************************************998764 PP

>> nat_4dc9c1477d3d6b181da7  
   #    score  bias  c-Evalue  i-Evalue hmmfrom  hmm to    alifrom  ali to    envfrom  env to     acc
 ---   ------ ----- --------- --------- ------- -------    ------- -------    ------- -------    ----
   1 !  120.6   1.7   1.2e-36   1.7e-36       5      70 ..       6      71 ..       1      82 [. 0.92

  Alignments for each domain:
  == domain 1  score: 120.6 bits;  conditional E-value: 1.2e-36
                      gvpa  5 kvsassslaevldrvLdkGvvidawvrvsLvGielltvearvvvasvdtyLkyaeavglteqaalt 70
                              + +++sslaevldr+LdkGvvid+w+rvs+vGiellt+earvvvasvdt+L+yae+++++eqa+  
  nat_4dc9c1477d3d6b181da7  6 RRPDASSLAEVLDRILDKGVVIDVWARVSVVGIELLTIEARVVVASVDTFLHYAEEIAKIEQATAE 71
                              7899**********************************************************9765 PP

>> nat_87980263fe69edba4368  
   #    score  bias  c-Evalue  i-Evalue hmmfrom  hmm to    alifrom  ali to    envfrom  env to     acc
 ---   ------ ----- --------- --------- ------- -------    ------- -------    ------- -------    ----
   1 !  120.6   2.0   1.2e-36   1.7e-36       3      70 ..       4      71 ..       1      72 [] 0.95

  Alignments for each domain:
  == domain 1  score: 120.6 bits;  conditional E-value: 1.2e-36
                      gvpa  3 vekvsassslaevldrvLdkGvvidawvrvsLvGielltvearvvvasvdtyLkyaeavglteqaalt 70
                              v ++++ssslaev+dr+LdkG+vidaw +vsLvGiell+vear+v+asv+tyLkyaea+glt  aa +
  nat_87980263fe69edba4368  4 VANSTDSSSLAEVVDRILDKGIVIDAWLKVSLVGIELLAVEARIVIASVETYLKYAEAIGLTAPAAAP 71
                              56789*********************************************************999877 PP

>> nat_6ff785214200f1ea9f36  
   #    score  bias  c-Evalue  i-Evalue hmmfrom  hmm to    alifrom  ali to    envfrom  env to     acc
 ---   ------ ----- --------- --------- ------- -------    ------- -------    ------- -------    ----
   1 !  120.5   6.0   1.3e-36   1.9e-36       1      65 [.       1      65 [.       1      73 [. 0.95

  Alignments for each domain:
  == domain 1  score: 120.5 bits;  conditional E-value: 1.3e-36
                      gvpa  1 mavekvsassslaevldrvLdkGvvidawvrvsLvGielltvearvvvasvdtyLkyaeavglte 65
                              ma+ k+++ssslaev+dr+LdkG+vida+vr+sLvGiel+t+ear+v+asvdtyLkya a+glt 
  nat_6ff785214200f1ea9f36  1 MALSKSVESSSLAEVIDRILDKGIVIDAFVRISLVGIELITIEARIVIASVDTYLKYASAIGLTL 65
                              999***********************************************************995 PP

>> nat_34624fdc2470cd5a2bf3  
   #    score  bias  c-Evalue  i-Evalue hmmfrom  hmm to    alifrom  ali to    envfrom  env to     acc
 ---   ------ ----- --------- --------- ------- -------    ------- -------    ------- -------    ----
   1 !  120.6   2.8   1.2e-36   1.7e-36       3      66 ..       4      67 ..       1      74 [] 0.92

  Alignments for each domain:
  == domain 1  score: 120.6 bits;  conditional E-value: 1.2e-36
                      gvpa  3 vekvsassslaevldrvLdkGvvidawvrvsLvGielltvearvvvasvdtyLkyaeavglteq 66
                              ++k+++ssslaev+dr+LdkGvvid+w+rvsLvGielltvearvv+asvd +Lkyaeavgl + 
  nat_34624fdc2470cd5a2bf3  4 IQKSVDSSSLAEVVDRILDKGVVIDVWARVSLVGIELLTVEARVVIASVDCWLKYAEAVGLLTP 67
                              89**********************************************************9754 PP

>> nat_64863b5b8a6b08db9fd7  
   #    score  bias  c-Evalue  i-Evalue hmmfrom  hmm to    alifrom  ali to    envfrom  env to     acc
 ---   ------ ----- --------- --------- ------- -------    ------- -------    ------- -------    ----
   1 !  120.5   1.5   1.3e-36   1.9e-36       5      70 ..       6      71 ..       1      84 [. 0.92

  Alignments for each domain:
  == domain 1  score: 120.5 bits;  conditional E-value: 1.3e-36
                      gvpa  5 kvsassslaevldrvLdkGvvidawvrvsLvGielltvearvvvasvdtyLkyaeavglteqaalt 70
                              + ++ssslaevldrvLdkGvvid+w+rvs+vGiellt+earvvvasvdt+L+yae+++++e+a+  
  nat_64863b5b8a6b08db9fd7  6 RRPDSSSLAEVLDRVLDKGVVIDIWARVSVVGIELLTIEARVVVASVDTFLHYAEEIAKIEKATAD 71
                              789**********************************************************98765 PP

>> nat_07f90c8c92dbdb92b94e  
   #    score  bias  c-Evalue  i-Evalue hmmfrom  hmm to    alifrom  ali to    envfrom  env to     acc
 ---   ------ ----- --------- --------- ------- -------    ------- -------    ------- -------    ----
   1 !  120.4   1.0   1.4e-36     2e-36       5      73 ..       6      74 ..       1      83 [. 0.92

  Alignments for each domain:
  == domain 1  score: 120.4 bits;  conditional E-value: 1.4e-36
                      gvpa  5 kvsassslaevldrvLdkGvvidawvrvsLvGielltvearvvvasvdtyLkyaeavglteqaaltaaa 73
                              + +++ssl evldr+LdkGvvid+w+rvs+vGiellt+earvvvasvdt+L+yae+++++eqa+     
  nat_07f90c8c92dbdb92b94e  6 RRPDGSSLSEVLDRILDKGVVIDVWARVSVVGIELLTIEARVVVASVDTFLHYAEEIAKIEQATAEGNM 74
                              7899**********************************************************9876555 PP

>> nat_8892cc08df511f644bcf  
   #    score  bias  c-Evalue  i-Evalue hmmfrom  hmm to    alifrom  ali to    envfrom  env to     acc
 ---   ------ ----- --------- --------- ------- -------    ------- -------    ------- -------    ----
   1 !  120.5   5.3   1.3e-36   1.8e-36       1      66 [.       1      66 [.       1      73 [] 0.94

  Alignments for each domain:
  == domain 1  score: 120.5 bits;  conditional E-value: 1.3e-36
                      gvpa  1 mavekvsassslaevldrvLdkGvvidawvrvsLvGielltvearvvvasvdtyLkyaeavglteq 66
                              ma++k+++ssslaev+dr+LdkGvvid+w+rvsLvGiell v+ar+v+asvdt+Lkyaeavgl + 
  nat_8892cc08df511f644bcf  1 MAIQKSVDSSSLAEVIDRILDKGVVIDIWARVSLVGIELLGVDARIVIASVDTWLKYAEAVGLLKS 66
                              9*************************************************************9865 PP

>> nat_67dd37821af98e87666e  
   #    score  bias  c-Evalue  i-Evalue hmmfrom  hmm to    alifrom  ali to    envfrom  env to     acc
 ---   ------ ----- --------- --------- ------- -------    ------- -------    ------- -------    ----
   1 !  120.3   1.3   1.5e-36   2.2e-36       6      70 ..       8      72 ..       3      84 .. 0.93

  Alignments for each domain:
  == domain 1  score: 120.3 bits;  conditional E-value: 1.5e-36
                      gvpa  6 vsassslaevldrvLdkGvvidawvrvsLvGielltvearvvvasvdtyLkyaeavglteqaalt 70
                               ++ssslaevldr+LdkGvvid+w+rvs+vGielltvearvvvasvdt+L+yae+++++eqa+  
  nat_67dd37821af98e87666e  8 RPDSSSLAEVLDRILDKGVVIDVWARVSVVGIELLTVEARVVVASVDTFLHYAEEISKIEQATSE 72
                              579**********************************************************9765 PP

>> nat_a4ce46bc0db75edd2892  
   #    score  bias  c-Evalue  i-Evalue hmmfrom  hmm to    alifrom  ali to    envfrom  env to     acc
 ---   ------ ----- --------- --------- ------- -------    ------- -------    ------- -------    ----
   1 !  120.5   2.9   1.3e-36   1.9e-36       3      70 ..       2      69 ..       1      76 [] 0.93

  Alignments for each domain:
  == domain 1  score: 120.5 bits;  conditional E-value: 1.3e-36
                      gvpa  3 vekvsassslaevldrvLdkGvvidawvrvsLvGielltvearvvvasvdtyLkyaeavglteqaalt 70
                              v ++++ssslaevldr+LdkG+v+d+w+rvsLvGie+l++earvvvasvdt+L+yae+++++e aa+ 
  nat_a4ce46bc0db75edd2892  2 VSQSPDSSSLAEVLDRILDKGIVVDTWARVSLVGIEILAIEARVVVASVDTFLHYAEEITKIEIAARE 69
                              5899***********************************************************99886 PP

>> nat_0ae199fc6d044a2da135  
   #    score  bias  c-Evalue  i-Evalue hmmfrom  hmm to    alifrom  ali to    envfrom  env to     acc
 ---   ------ ----- --------- --------- ------- -------    ------- -------    ------- -------    ----
   1 !  120.4   2.0   1.4e-36     2e-36       5      69 ..       6      70 ..       1      84 [. 0.93

  Alignments for each domain:
  == domain 1  score: 120.4 bits;  conditional E-value: 1.4e-36
                      gvpa  5 kvsassslaevldrvLdkGvvidawvrvsLvGielltvearvvvasvdtyLkyaeavglteqaal 69
                              + ++ssslaevldrvLdkGvvid+w+rvs+vGielltvearvvvasvdt+L+yae+++++eqa+ 
  nat_0ae199fc6d044a2da135  6 QRPDSSSLAEVLDRVLDKGVVIDVWARVSVVGIELLTVEARVVVASVDTFLHYAEEISKIEQATA 70
                              5689**********************************************************975 PP

>> nat_e6ab93f7efc7fc3ffe18  
   #    score  bias  c-Evalue  i-Evalue hmmfrom  hmm to    alifrom  ali to    envfrom  env to     acc
 ---   ------ ----- --------- --------- ------- -------    ------- -------    ------- -------    ----
   1 !  120.3   3.5   1.5e-36   2.1e-36       2      70 ..       3      71 ..       1      72 [] 0.96

  Alignments for each domain:
  == domain 1  score: 120.3 bits;  conditional E-value: 1.5e-36
                      gvpa  2 avekvsassslaevldrvLdkGvvidawvrvsLvGielltvearvvvasvdtyLkyaeavglteqaalt 70
                              +++k+++ss laev+dr+LdkG+vidawv+vsLvGiell++earvvvasv+tyL yaea+glt  aa +
  nat_e6ab93f7efc7fc3ffe18  3 TIQKSTDSSGLAEVVDRILDKGIVIDAWVKVSLVGIELLSIEARVVVASVETYLSYAEAIGLTASAAAP 71
                              4899************************************************************99987 PP

>> nat_d4535c05655d38b67932  
   #    score  bias  c-Evalue  i-Evalue hmmfrom  hmm to    alifrom  ali to    envfrom  env to     acc
 ---   ------ ----- --------- --------- ------- -------    ------- -------    ------- -------    ----
   1 !  120.3   2.2   1.5e-36   2.2e-36       1      68 [.       1      69 [.       1      71 [] 0.93

  Alignments for each domain:
  == domain 1  score: 120.3 bits;  conditional E-value: 1.5e-36
                      gvpa  1 mavekv.sassslaevldrvLdkGvvidawvrvsLvGielltvearvvvasvdtyLkyaeavglteqaa 68
                              m vek  +as s+aev+dr+LdkG+vidaw+rvsLvGie++++ear+vvasv+tyLkyaea+glt  aa
  nat_d4535c05655d38b67932  1 MPVEKAaPASGSIAEVIDRILDKGIVIDAWIRVSLVGIEVISIEARAVVASVETYLKYAEAIGLTATAA 69
                              67888526899******************************************************9876 PP

>> nat_00058845722df3ede422  
   #    score  bias  c-Evalue  i-Evalue hmmfrom  hmm to    alifrom  ali to    envfrom  env to     acc
 ---   ------ ----- --------- --------- ------- -------    ------- -------    ------- -------    ----
   1 !  120.1   2.0   1.7e-36   2.5e-36       1      70 [.       1      70 [.       1      82 [. 0.93

  Alignments for each domain:
  == domain 1  score: 120.1 bits;  conditional E-value: 1.7e-36
                      gvpa  1 mavekvsassslaevldrvLdkGvvidawvrvsLvGielltvearvvvasvdtyLkyaeavglteqaalt 70
                              ma ++ +++sslaevldrvLdkGvvid+w+rvs+vGiellt+earvvvasvdt+L+yae+++++eqa+  
  nat_00058845722df3ede422  1 MASQQRPNASSLAEVLDRVLDKGVVIDVWARVSVVGIELLTIEARVVVASVDTFLHYAEEISKIEQATAE 70
                              7888999***********************************************************9765 PP

>> nat_b57aea053dff80c6482c  
   #    score  bias  c-Evalue  i-Evalue hmmfrom  hmm to    alifrom  ali to    envfrom  env to     acc
 ---   ------ ----- --------- --------- ------- -------    ------- -------    ------- -------    ----
   1 !  120.0   3.3   1.8e-36   2.6e-36       1      66 [.       1      66 [.       1      76 [. 0.95

  Alignments for each domain:
  == domain 1  score: 120.0 bits;  conditional E-value: 1.8e-36
                      gvpa  1 mavekvsassslaevldrvLdkGvvidawvrvsLvGielltvearvvvasvdtyLkyaeavglteq 66
                              mav+k+++ss laev+dr+LdkG+vida++rvs+vGiel+tvearvv+asvdt+L+yaeavgl  +
  nat_b57aea053dff80c6482c  1 MAVQKSTDSSGLAEVIDRILDKGIVIDAFARVSVVGIELITVEARVVIASVDTWLRYAEAVGLLRD 66
                              9*************************************************************9876 PP

>> nat_62b65b4bdaad5382b6fd  
   #    score  bias  c-Evalue  i-Evalue hmmfrom  hmm to    alifrom  ali to    envfrom  env to     acc
 ---   ------ ----- --------- --------- ------- -------    ------- -------    ------- -------    ----
   1 !  120.1   2.4   1.7e-36   2.5e-36       4      71 ..       3      70 ..       1      76 [] 0.93

  Alignments for each domain:
  == domain 1  score: 120.1 bits;  conditional E-value: 1.7e-36
                      gvpa  4 ekvsassslaevldrvLdkGvvidawvrvsLvGielltvearvvvasvdtyLkyaeavglteqaalta 71
                                ++++sslaevldr+LdkG+v+d+w+rvsLvGie+ltvearvvvasvdtyL+y+e+++++eqaa+ a
  nat_62b65b4bdaad5382b6fd  3 TATPDASSLAEVLDRILDKGIVVDVWARVSLVGIEILTVEARVVVASVDTYLHYSEEMAKIEQAAIGA 70
                              56789***********************************************************9875 PP

>> nat_448d52f7c380acd65350  
   #    score  bias  c-Evalue  i-Evalue hmmfrom  hmm to    alifrom  ali to    envfrom  env to     acc
 ---   ------ ----- --------- --------- ------- -------    ------- -------    ------- -------    ----
   1 !  120.0   3.4   1.8e-36   2.6e-36       3      70 ..       2      69 ..       1      76 [] 0.93

  Alignments for each domain:
  == domain 1  score: 120.0 bits;  conditional E-value: 1.8e-36
                      gvpa  3 vekvsassslaevldrvLdkGvvidawvrvsLvGielltvearvvvasvdtyLkyaeavglteqaalt 70
                              v ++++ssslaevldr+LdkG+v+d+w+rvsLvGie+l++earvvvasvdt+L+yae+++++e aa+ 
  nat_448d52f7c380acd65350  2 VSQSPDSSSLAEVLDRILDKGIVVDTWARVSLVGIEILAIEARVVVASVDTFLHYAEEITKIEIAARE 69
                              5899***********************************************************99886 PP

>> nat_48f4fc548c0153a5775e  
   #    score  bias  c-Evalue  i-Evalue hmmfrom  hmm to    alifrom  ali to    envfrom  env to     acc
 ---   ------ ----- --------- --------- ------- -------    ------- -------    ------- -------    ----
   1 !  119.8   2.0   2.1e-36     3e-36       5      70 ..       7      72 ..       4      85 .. 0.93

  Alignments for each domain:
  == domain 1  score: 119.8 bits;  conditional E-value: 2.1e-36
                      gvpa  5 kvsassslaevldrvLdkGvvidawvrvsLvGielltvearvvvasvdtyLkyaeavglteqaalt 70
                              + +++sslaevldr+LdkGvvid+w+rvs+vGiellt+earvvvasvdt+L+yae+++++eqa+  
  nat_48f4fc548c0153a5775e  7 RRPDASSLAEVLDRILDKGVVIDVWARVSVVGIELLTIEARVVVASVDTFLHYAEEIAKIEQATAE 72
                              6789**********************************************************9765 PP

>> nat_0e04889ea449c11132b4  
   #    score  bias  c-Evalue  i-Evalue hmmfrom  hmm to    alifrom  ali to    envfrom  env to     acc
 ---   ------ ----- --------- --------- ------- -------    ------- -------    ------- -------    ----
   1 !  120.0   2.3   1.9e-36   2.8e-36       3      71 ..       4      72 ..       1      73 [] 0.96

  Alignments for each domain:
  == domain 1  score: 120.0 bits;  conditional E-value: 1.9e-36
                      gvpa  3 vekvsassslaevldrvLdkGvvidawvrvsLvGielltvearvvvasvdtyLkyaeavglteqaalta 71
                              v+k+++ss laev+dr+LdkG+vida++rvsLvGiel++vear+v+asv+tyLkyae +glt  aa ++
  nat_0e04889ea449c11132b4  4 VQKSTDSSGLAEVVDRILDKGIVIDAFARVSLVGIELVSVEARIVIASVETYLKYAEGIGLTATAAAPQ 72
                              799**************************************************************9997 PP

>> nat_a8908cb0d732ddf5c6d4  
   #    score  bias  c-Evalue  i-Evalue hmmfrom  hmm to    alifrom  ali to    envfrom  env to     acc
 ---   ------ ----- --------- --------- ------- -------    ------- -------    ------- -------    ----
   1 !  119.7   2.5   2.3e-36   3.2e-36       5      70 ..       7      72 ..       4      85 .. 0.92

  Alignments for each domain:
  == domain 1  score: 119.7 bits;  conditional E-value: 2.3e-36
                      gvpa  5 kvsassslaevldrvLdkGvvidawvrvsLvGielltvearvvvasvdtyLkyaeavglteqaalt 70
                              + +++sslaevldr+LdkGvvid+w+rvs+vGiellt+earvvvasvdt+L+yae+++++eqa+  
  nat_a8908cb0d732ddf5c6d4  7 RRPDASSLAEVLDRILDKGVVIDVWARVSVVGIELLTIEARVVVASVDTFLHYAEEIAKIEQATAE 72
                              7899**********************************************************9765 PP

>> nat_1221e51a70c9226dfb5b  
   #    score  bias  c-Evalue  i-Evalue hmmfrom  hmm to    alifrom  ali to    envfrom  env to     acc
 ---   ------ ----- --------- --------- ------- -------    ------- -------    ------- -------    ----
   1 !  119.9   4.1   2.1e-36     3e-36       1      66 [.       1      66 [.       1      79 [. 0.95

  Alignments for each domain:
  == domain 1  score: 119.9 bits;  conditional E-value: 2.1e-36
                      gvpa  1 mavekvsassslaevldrvLdkGvvidawvrvsLvGielltvearvvvasvdtyLkyaeavglteq 66
                              ma++k+++ss laev+dr+LdkG+vida++rvs+vGiel+tvearvvvasvdt+L+yaeavgl ++
  nat_1221e51a70c9226dfb5b  1 MAIQKSTDSSGLAEVIDRILDKGIVIDAFARVSVVGIELITVEARVVVASVDTWLRYAEAVGLLHD 66
                              9*************************************************************9876 PP

>> nat_004ac783975534947324  
   #    score  bias  c-Evalue  i-Evalue hmmfrom  hmm to    alifrom  ali to    envfrom  env to     acc
 ---   ------ ----- --------- --------- ------- -------    ------- -------    ------- -------    ----
   1 !  119.8   1.4   2.1e-36     3e-36       5      70 ..       6      71 ..       1      82 [. 0.92

  Alignments for each domain:
  == domain 1  score: 119.8 bits;  conditional E-value: 2.1e-36
                      gvpa  5 kvsassslaevldrvLdkGvvidawvrvsLvGielltvearvvvasvdtyLkyaeavglteqaalt 70
                              + ++ssslaevldr+LdkGvvid+w+rvs+vGielltvear+vvasvdt+L+yae+++++e+a+  
  nat_004ac783975534947324  6 RRPDSSSLAEVLDRILDKGVVIDIWARVSVVGIELLTVEARIVVASVDTFLHYAEEIAKIERATAE 71
                              789*********************************************************998765 PP

>> nat_8d29ff35edf68fc809de  
   #    score  bias  c-Evalue  i-Evalue hmmfrom  hmm to    alifrom  ali to    envfrom  env to     acc
 ---   ------ ----- --------- --------- ------- -------    ------- -------    ------- -------    ----
   1 !  119.8   1.6   2.2e-36   3.2e-36       4      70 ..       5      71 ..       1      83 [. 0.92

  Alignments for each domain:
  == domain 1  score: 119.8 bits;  conditional E-value: 2.2e-36
                      gvpa  4 ekvsassslaevldrvLdkGvvidawvrvsLvGielltvearvvvasvdtyLkyaeavglteqaalt 70
                              ++ ++ssslaevldr+LdkGvvid+w+rvs+vGielltvearvvvasvdt+L+yae+++++e+a+  
  nat_8d29ff35edf68fc809de  5 QRRPDSSSLAEVLDRILDKGVVIDIWARVSVVGIELLTVEARVVVASVDTFLHYAEEISKIERASSE 71
                              5889**********************************************************99875 PP

>> nat_4d4e00d31d935ed0527d  
   #    score  bias  c-Evalue  i-Evalue hmmfrom  hmm to    alifrom  ali to    envfrom  env to     acc
 ---   ------ ----- --------- --------- ------- -------    ------- -------    ------- -------    ----
   1 !  119.7   1.6   2.4e-36   3.4e-36       4      70 ..       5      71 ..       1      82 [. 0.92

  Alignments for each domain:
  == domain 1  score: 119.7 bits;  conditional E-value: 2.4e-36
                      gvpa  4 ekvsassslaevldrvLdkGvvidawvrvsLvGielltvearvvvasvdtyLkyaeavglteqaalt 70
                              ++ ++ssslaevldr+LdkGvvid+w+rvs+vGielltvearvvvasvdt+L+yae+++++e+a+  
  nat_4d4e00d31d935ed0527d  5 QRRPDSSSLAEVLDRILDKGVVIDIWARVSVVGIELLTVEARVVVASVDTFLHYAEEISKIERASSE 71
                              5889**********************************************************99865 PP

>> nat_0145b7d0415b25474bf7  
   #    score  bias  c-Evalue  i-Evalue hmmfrom  hmm to    alifrom  ali to    envfrom  env to     acc
 ---   ------ ----- --------- --------- ------- -------    ------- -------    ------- -------    ----
   1 !  119.7   1.0   2.3e-36   3.3e-36       5      70 ..       6      71 ..       1      84 [. 0.92

  Alignments for each domain:
  == domain 1  score: 119.7 bits;  conditional E-value: 2.3e-36
                      gvpa  5 kvsassslaevldrvLdkGvvidawvrvsLvGielltvearvvvasvdtyLkyaeavglteqaalt 70
                              + ++ssslaevldrvLdkG+vid+w+r+s+vGiellt+earvvvasvdt+L+yae++++ e+a+  
  nat_0145b7d0415b25474bf7  6 RRPDSSSLAEVLDRVLDKGIVIDIWARISVVGIELLTIEARVVVASVDTFLHYAEEIAKLEKATAD 71
                              789*********************************************************998765 PP

>> nat_72cdd34cb274da9e5e19  
   #    score  bias  c-Evalue  i-Evalue hmmfrom  hmm to    alifrom  ali to    envfrom  env to     acc
 ---   ------ ----- --------- --------- ------- -------    ------- -------    ------- -------    ----
   1 !  119.7   4.1   2.4e-36   3.4e-36       1      67 [.       1      67 [.       1      79 [. 0.95

  Alignments for each domain:
  == domain 1  score: 119.7 bits;  conditional E-value: 2.4e-36
                      gvpa  1 mavekvsassslaevldrvLdkGvvidawvrvsLvGielltvearvvvasvdtyLkyaeavglteqa 67
                              ma++k+++ss laev+dr+LdkG+vida++rvs+vGiel+t+earvvvasvdt+L+yaeavgl  + 
  nat_72cdd34cb274da9e5e19  1 MAIQKSTDSSGLAEVIDRILDKGIVIDAFARVSVVGIELITIEARVVVASVDTWLRYAEAVGLLRDE 67
                              9*************************************************************98764 PP

>> nat_9c6b2526a0bb2c4a36c1  
   #    score  bias  c-Evalue  i-Evalue hmmfrom  hmm to    alifrom  ali to    envfrom  env to     acc
 ---   ------ ----- --------- --------- ------- -------    ------- -------    ------- -------    ----
   1 !  119.5   4.1   2.7e-36   3.9e-36       2      74 ..       4      76 ..       3      84 .. 0.93

  Alignments for each domain:
  == domain 1  score: 119.5 bits;  conditional E-value: 2.7e-36
                      gvpa  2 avekvsassslaevldrvLdkGvvidawvrvsLvGielltvearvvvasvdtyLkyaeavglteqaaltaaae 74
                              a++k+++ssslaev+dr+LdkGvv+d ++rvsLvGiel+tvearvv+asvdt+L+ya+avgl  +  +t++ e
  nat_9c6b2526a0bb2c4a36c1  4 AIKKSTDSSSLAEVVDRILDKGVVVDLYARVSLVGIELITVEARVVIASVDTWLRYADAVGLLRDEVMTESLE 76
                              799************************************************************9988886654 PP

>> nat_0da4fc315e8c5fa1925f  
   #    score  bias  c-Evalue  i-Evalue hmmfrom  hmm to    alifrom  ali to    envfrom  env to     acc
 ---   ------ ----- --------- --------- ------- -------    ------- -------    ------- -------    ----
   1 !  119.7   1.8   2.3e-36   3.3e-36       4      71 ..       3      70 ..       1      76 [] 0.93

  Alignments for each domain:
  == domain 1  score: 119.7 bits;  conditional E-value: 2.3e-36
                      gvpa  4 ekvsassslaevldrvLdkGvvidawvrvsLvGielltvearvvvasvdtyLkyaeavglteqaalta 71
                                ++++sslaevldr+LdkG+v+d+w+rvsLvGie+ltvearvvvasvdt+L+y+e+++++eqaa+ a
  nat_0da4fc315e8c5fa1925f  3 TATPDASSLAEVLDRILDKGIVVDVWARVSLVGIEILTVEARVVVASVDTFLHYSEEMAKIEQAAIGA 70
                              56789***********************************************************9874 PP

>> nat_03154ee220c3666c043c  
   #    score  bias  c-Evalue  i-Evalue hmmfrom  hmm to    alifrom  ali to    envfrom  env to     acc
 ---   ------ ----- --------- --------- ------- -------    ------- -------    ------- -------    ----
   1 !  119.6   3.3   2.6e-36   3.7e-36       1      67 [.       1      67 [.       1      78 [. 0.94

  Alignments for each domain:
  == domain 1  score: 119.6 bits;  conditional E-value: 2.6e-36
                      gvpa  1 mavekvsassslaevldrvLdkGvvidawvrvsLvGielltvearvvvasvdtyLkyaeavglteqa 67
                              m ++k+++ssslaev+dr+LdkG+vida++rvsLvGie+ltv+ar+v+asvdt+L+yaeavgl  + 
  nat_03154ee220c3666c043c  1 MSIQKTTDSSSLAEVIDRILDKGIVIDAYARVSLVGIEVLTVDARIVIASVDTWLRYAEAVGLLRDE 67
                              899***********************************************************98765 PP

>> nat_63042e294eae0d141b5c  
   #    score  bias  c-Evalue  i-Evalue hmmfrom  hmm to    alifrom  ali to    envfrom  env to     acc
 ---   ------ ----- --------- --------- ------- -------    ------- -------    ------- -------    ----
   1 !  119.6   3.5   2.5e-36   3.5e-36       2      70 ..       3      71 ..       1      72 [] 0.96

  Alignments for each domain:
  == domain 1  score: 119.6 bits;  conditional E-value: 2.5e-36
                      gvpa  2 avekvsassslaevldrvLdkGvvidawvrvsLvGielltvearvvvasvdtyLkyaeavglteqaalt 70
                              +++k+++ss laev+dr+LdkG+v+dawv+vsLvGiell+vearvvv+sv+tyLkyaea+glt  aa +
  nat_63042e294eae0d141b5c  3 TIQKSTDSSGLAEVVDRILDKGIVVDAWVKVSLVGIELLSVEARVVVSSVETYLKYAEAIGLTASAAAP 71
                              4899************************************************************99987 PP

>> nat_dd1c249d0891ddb7284f  
   #    score  bias  c-Evalue  i-Evalue hmmfrom  hmm to    alifrom  ali to    envfrom  env to     acc
 ---   ------ ----- --------- --------- ------- -------    ------- -------    ------- -------    ----
   1 !  119.5   3.4   2.7e-36   3.8e-36       1      68 [.       1      69 [.       1      71 [] 0.93

  Alignments for each domain:
  == domain 1  score: 119.5 bits;  conditional E-value: 2.7e-36
                      gvpa  1 mavekv.sassslaevldrvLdkGvvidawvrvsLvGielltvearvvvasvdtyLkyaeavglteqaa 68
                              m vek  +as s+aev+dr+LdkG+vidaw+rvsLvGie++++ear+vvasv+tyLkyaea+glt  aa
  nat_dd1c249d0891ddb7284f  1 MPVEKAaPASGSIAEVIDRILDKGIVIDAWIRVSLVGIEVISIEARAVVASVETYLKYAEAIGLTATAA 69
                              67888526899******************************************************9987 PP

>> nat_ccf96d6a6ed62483f79a  
   #    score  bias  c-Evalue  i-Evalue hmmfrom  hmm to    alifrom  ali to    envfrom  env to     acc
 ---   ------ ----- --------- --------- ------- -------    ------- -------    ------- -------    ----
   1 !  119.4   4.1   2.9e-36   4.2e-36       2      66 ..       3      67 ..       1      71 [. 0.95

  Alignments for each domain:
  == domain 1  score: 119.4 bits;  conditional E-value: 2.9e-36
                      gvpa  2 avekvsassslaevldrvLdkGvvidawvrvsLvGielltvearvvvasvdtyLkyaeavglteq 66
                              +v+k+++ssslaev+dr+LdkGvvid+++rvsLvGiell++earvv+asvdt+L+yaeavgl ++
  nat_ccf96d6a6ed62483f79a  3 TVQKSVDSSSLAEVIDRILDKGVVIDIYARVSLVGIELLAIEARVVIASVDTWLRYAEAVGLLKD 67
                              489**********************************************************9876 PP

>> nat_acfca75ffa4093670cf2  
   #    score  bias  c-Evalue  i-Evalue hmmfrom  hmm to    alifrom  ali to    envfrom  env to     acc
 ---   ------ ----- --------- --------- ------- -------    ------- -------    ------- -------    ----
   1 !  119.4   4.2   2.9e-36   4.1e-36       3      70 ..       4      71 ..       1      72 [] 0.96

  Alignments for each domain:
  == domain 1  score: 119.4 bits;  conditional E-value: 2.9e-36
                      gvpa  3 vekvsassslaevldrvLdkGvvidawvrvsLvGielltvearvvvasvdtyLkyaeavglteqaalt 70
                              ++k+++ssslaev+dr+LdkGvv+d+w++vsLvGiell+vearvvvasv+ yLkyaea+glt  aa +
  nat_acfca75ffa4093670cf2  4 IQKSTDSSSLAEVVDRILDKGVVVDVWAKVSLVGIELLSVEARVVVASVESYLKYAEAIGLTASAAAP 71
                              799************************************************************99987 PP

>> nat_1cabf52c370a690f1b57  
   #    score  bias  c-Evalue  i-Evalue hmmfrom  hmm to    alifrom  ali to    envfrom  env to     acc
 ---   ------ ----- --------- --------- ------- -------    ------- -------    ------- -------    ----
   1 !  119.3   1.7   3.2e-36   4.6e-36       1      65 [.       1      65 [.       1      71 [. 0.97

  Alignments for each domain:
  == domain 1  score: 119.3 bits;  conditional E-value: 3.2e-36
                      gvpa  1 mavekvsassslaevldrvLdkGvvidawvrvsLvGielltvearvvvasvdtyLkyaeavglte 65
                              ma++k++++sslaevldr+L+kG+vidaw+rvsLvGiell++earvv+asv+t+L yaeavgl +
  nat_1cabf52c370a690f1b57  1 MALKKSTDASSLAEVLDRILEKGIVIDAWARVSLVGIELLSIEARVVIASVETWLTYAEAVGLLV 65
                              99************************************************************975 PP

>> nat_f3c68da8dba27ecffeaa  
   #    score  bias  c-Evalue  i-Evalue hmmfrom  hmm to    alifrom  ali to    envfrom  env to     acc
 ---   ------ ----- --------- --------- ------- -------    ------- -------    ------- -------    ----
   1 !  119.3   2.7   3.1e-36   4.5e-36       3      70 ..       4      71 ..       1      72 [] 0.96

  Alignments for each domain:
  == domain 1  score: 119.3 bits;  conditional E-value: 3.1e-36
                      gvpa  3 vekvsassslaevldrvLdkGvvidawvrvsLvGielltvearvvvasvdtyLkyaeavglteqaalt 70
                              ++k+++ss laev+dr+LdkG+v+da+++vsLvGiell++earvvvasv+tyLkyaea+glt  aa +
  nat_f3c68da8dba27ecffeaa  4 IQKSTDSSGLAEVVDRILDKGIVVDAFIKVSLVGIELLSIEARVVVASVETYLKYAEAIGLTASAAAP 71
                              899************************************************************99987 PP

>> nat_7e786e62d646d83c83d5  
   #    score  bias  c-Evalue  i-Evalue hmmfrom  hmm to    alifrom  ali to    envfrom  env to     acc
 ---   ------ ----- --------- --------- ------- -------    ------- -------    ------- -------    ----
   1 !  119.1   3.5   3.4e-36   4.9e-36       2      66 ..       3      67 ..       1      75 [. 0.95

  Alignments for each domain:
  == domain 1  score: 119.1 bits;  conditional E-value: 3.4e-36
                      gvpa  2 avekvsassslaevldrvLdkGvvidawvrvsLvGielltvearvvvasvdtyLkyaeavglteq 66
                              a++k++++sslaev+dr+LdkGvvid+++rvsLvGiel+tvearvv+asvdt+L+yaeavgl  +
  nat_7e786e62d646d83c83d5  3 AIQKSTDGSSLAEVIDRILDKGVVIDVYARVSLVGIELVTVEARVVIASVDTWLRYAEAVGLLRD 67
                              799**********************************************************9875 PP

>> nat_2db5ea05deb082340e79  
   #    score  bias  c-Evalue  i-Evalue hmmfrom  hmm to    alifrom  ali to    envfrom  env to     acc
 ---   ------ ----- --------- --------- ------- -------    ------- -------    ------- -------    ----
   1 !  119.2   4.7   3.3e-36   4.7e-36       1      67 [.       1      67 [.       1      79 [. 0.94

  Alignments for each domain:
  == domain 1  score: 119.2 bits;  conditional E-value: 3.3e-36
                      gvpa  1 mavekvsassslaevldrvLdkGvvidawvrvsLvGielltvearvvvasvdtyLkyaeavglteqa 67
                              m ++k+++ssslaev+dr+LdkG+vid+++r+s+vGiel+t+earvv+asvdt+L+yaeavgl  + 
  nat_2db5ea05deb082340e79  1 MGIQKSTDSSSLAEVIDRILDKGIVIDVYARISVVGIELITIEARVVIASVDTWLRYAEAVGLLRDE 67
                              889***********************************************************98765 PP

>> nat_f49fe3672d6fdfda7cc7  
   #    score  bias  c-Evalue  i-Evalue hmmfrom  hmm to    alifrom  ali to    envfrom  env to     acc
 ---   ------ ----- --------- --------- ------- -------    ------- -------    ------- -------    ----
   1 !  119.0   1.3   3.9e-36   5.7e-36       5      70 ..       6      71 ..       3      83 .. 0.93

  Alignments for each domain:
  == domain 1  score: 119.0 bits;  conditional E-value: 3.9e-36
                      gvpa  5 kvsassslaevldrvLdkGvvidawvrvsLvGielltvearvvvasvdtyLkyaeavglteqaalt 70
                              + ++ssslaevldr+LdkGvvid+w+rvs+vGiellt+earvvvasvdt+L+yae+++++e+a+  
  nat_f49fe3672d6fdfda7cc7  6 RRPDSSSLAEVLDRILDKGVVIDIWARVSVVGIELLTIEARVVVASVDTFLHYAEEISKIERATSE 71
                              789*********************************************************998765 PP

>> nat_0a83dfbba1b7aa435131  
   #    score  bias  c-Evalue  i-Evalue hmmfrom  hmm to    alifrom  ali to    envfrom  env to     acc
 ---   ------ ----- --------- --------- ------- -------    ------- -------    ------- -------    ----
   1 !  119.2   2.4   3.4e-36   4.9e-36       3      70 ..       4      71 ..       1      72 [] 0.96

  Alignments for each domain:
  == domain 1  score: 119.2 bits;  conditional E-value: 3.4e-36
                      gvpa  3 vekvsassslaevldrvLdkGvvidawvrvsLvGielltvearvvvasvdtyLkyaeavglteqaalt 70
                              v+k+++ss laev+dr+L+kG+vida+v+vsLvGiell++earvv+asv+tyLkyaea+glt  aa++
  nat_0a83dfbba1b7aa435131  4 VQKSTDSSGLAEVVDRILEKGIVIDAFVKVSLVGIELLSIEARVVIASVETYLKYAEAIGLTASAATP 71
                              899**************************************************************998 PP

>> nat_3d7fc725cd17cf23a73c  
   #    score  bias  c-Evalue  i-Evalue hmmfrom  hmm to    alifrom  ali to    envfrom  env to     acc
 ---   ------ ----- --------- --------- ------- -------    ------- -------    ------- -------    ----
   1 !  118.9   0.6   4.2e-36     6e-36       5      69 ..       6      70 ..       3      91 .. 0.93

  Alignments for each domain:
  == domain 1  score: 118.9 bits;  conditional E-value: 4.2e-36
                      gvpa  5 kvsassslaevldrvLdkGvvidawvrvsLvGielltvearvvvasvdtyLkyaeavglteqaal 69
                              + ++ssslaevldr+LdkGvvid+w+rvs+vGielltvearvvvasvdt+L+ya +++++e+a  
  nat_3d7fc725cd17cf23a73c  6 RRPDSSSLAEVLDRILDKGVVIDVWARVSVVGIELLTVEARVVVASVDTFLHYAHEIAKIERAVS 70
                              789*********************************************************98865 PP

>> nat_140f5823a50b88bf41c9  
   #    score  bias  c-Evalue  i-Evalue hmmfrom  hmm to    alifrom  ali to    envfrom  env to     acc
 ---   ------ ----- --------- --------- ------- -------    ------- -------    ------- -------    ----
   1 !  119.0   1.9   3.9e-36   5.6e-36       1      70 [.       1      70 [.       1      81 [. 0.92

  Alignments for each domain:
  == domain 1  score: 119.0 bits;  conditional E-value: 3.9e-36
                      gvpa  1 mavekvsassslaevldrvLdkGvvidawvrvsLvGielltvearvvvasvdtyLkyaeavglteqaalt 70
                              m+ ++ ++ssslaevldr+LdkGvvid+w+rvs+vGielltvearvv+asvdt+L+ya++++++e+a++ 
  nat_140f5823a50b88bf41c9  1 MTSQRRPDSSSLAEVLDRILDKGVVIDIWARVSVVGIELLTVEARVVIASVDTFLHYAKEIAKIERATTE 70
                              666899***********************************************************99876 PP

>> nat_0aeb545239a28bae61f9  
   #    score  bias  c-Evalue  i-Evalue hmmfrom  hmm to    alifrom  ali to    envfrom  env to     acc
 ---   ------ ----- --------- --------- ------- -------    ------- -------    ------- -------    ----
   1 !  118.9   1.3   4.2e-36   6.1e-36       6      72 ..       5      71 ..       1      80 [. 0.91

  Alignments for each domain:
  == domain 1  score: 118.9 bits;  conditional E-value: 4.2e-36
                      gvpa  6 vsassslaevldrvLdkGvvidawvrvsLvGielltvearvvvasvdtyLkyaeavglteqaaltaa 72
                               +++sslaevldr+LdkGvvid wvrvsLvGie+lt+earvv+asvdt+L+ya++++++eqa+ +  
  nat_0aeb545239a28bae61f9  5 RPNTSSLAEVLDRILDKGVVIDLWVRVSLVGIEILTIEARVVIASVDTFLHYAKEISKIEQAEESGD 71
                              5789**********************************************************98755 PP

>> nat_262acad32bf64e600812  
   #    score  bias  c-Evalue  i-Evalue hmmfrom  hmm to    alifrom  ali to    envfrom  env to     acc
 ---   ------ ----- --------- --------- ------- -------    ------- -------    ------- -------    ----
   1 !  118.9   1.1   4.1e-36   5.9e-36       1      70 [.       1      70 [.       1      75 [] 0.96

  Alignments for each domain:
  == domain 1  score: 118.9 bits;  conditional E-value: 4.1e-36
                      gvpa  1 mavekvsassslaevldrvLdkGvvidawvrvsLvGielltvearvvvasvdtyLkyaeavglteqaalt 70
                              ma++k++++ sl+ev+dr+LdkG+vidawvrv+L+Giell+vearvvva v+tyLkyaea+glt+ a+ +
  nat_262acad32bf64e600812  1 MAIQKSTDANSLVEVIDRILDKGLVIDAWVRVTLLGIELLSVEARVVVAGVETYLKYAEAIGLTKLASPP 70
                              9***************************************************************999866 PP

>> nat_419538444627b50496c7  
   #    score  bias  c-Evalue  i-Evalue hmmfrom  hmm to    alifrom  ali to    envfrom  env to     acc
 ---   ------ ----- --------- --------- ------- -------    ------- -------    ------- -------    ----
   1 !  118.7   4.2   4.7e-36   6.7e-36       3      70 ..      14      81 ..      11      82 .] 0.96

  Alignments for each domain:
  == domain 1  score: 118.7 bits;  conditional E-value: 4.7e-36
                      gvpa  3 vekvsassslaevldrvLdkGvvidawvrvsLvGielltvearvvvasvdtyLkyaeavglteqaalt 70
                              ++k+++ssslaev+dr+LdkGvv+d+w++vsLvGiell+vearvvvasv+ yLkyaea+glt  aa +
  nat_419538444627b50496c7 14 IQKSTDSSSLAEVVDRILDKGVVVDVWAKVSLVGIELLSVEARVVVASVESYLKYAEAIGLTASAAAP 81
                              799************************************************************99987 PP

>> nat_b5963311e20bf490cf4c  
   #    score  bias  c-Evalue  i-Evalue hmmfrom  hmm to    alifrom  ali to    envfrom  env to     acc
 ---   ------ ----- --------- --------- ------- -------    ------- -------    ------- -------    ----
   1 !  118.6   4.0   5.3e-36   7.5e-36       2      66 ..       3      67 ..       1      74 [. 0.95

  Alignments for each domain:
  == domain 1  score: 118.6 bits;  conditional E-value: 5.3e-36
                      gvpa  2 avekvsassslaevldrvLdkGvvidawvrvsLvGielltvearvvvasvdtyLkyaeavglteq 66
                              a++k++++sslaev+dr+LdkGvvid+++rvsLvGiel+tvearvv+asvdt+L+yaeavgl  +
  nat_b5963311e20bf490cf4c  3 AIQKSTDGSSLAEVIDRILDKGVVIDVYARVSLVGIELVTVEARVVIASVDTWLRYAEAVGLLRD 67
                              799**********************************************************9875 PP

>> nat_1589f15763a3b3a0bf84  
   #    score  bias  c-Evalue  i-Evalue hmmfrom  hmm to    alifrom  ali to    envfrom  env to     acc
 ---   ------ ----- --------- --------- ------- -------    ------- -------    ------- -------    ----
   1 !  118.5   3.8   5.7e-36   8.2e-36      11      70 ..       1      60 [.       1      61 [] 0.98

  Alignments for each domain:
  == domain 1  score: 118.5 bits;  conditional E-value: 5.7e-36
                      gvpa 11 slaevldrvLdkGvvidawvrvsLvGielltvearvvvasvdtyLkyaeavglteqaalt 70
                              slaev+dr+LdkG+vidawvrvsLvGiell++ear+v+asv+tyLkyaeavglt+ aa++
  nat_1589f15763a3b3a0bf84  1 SLAEVIDRILDKGIVIDAWVRVSLVGIELLAIEARIVIASVETYLKYAEAVGLTQSAAVP 60
                              8********************************************************998 PP

>> nat_743c7630acb96591de70  
   #    score  bias  c-Evalue  i-Evalue hmmfrom  hmm to    alifrom  ali to    envfrom  env to     acc
 ---   ------ ----- --------- --------- ------- -------    ------- -------    ------- -------    ----
   1 !  118.3   2.5   6.3e-36     9e-36       1      65 [.       1      65 [.       1      69 [. 0.97

  Alignments for each domain:
  == domain 1  score: 118.3 bits;  conditional E-value: 6.3e-36
                      gvpa  1 mavekvsassslaevldrvLdkGvvidawvrvsLvGielltvearvvvasvdtyLkyaeavglte 65
                              ma++k++++sslaevldrvL+kG+vidaw+rvsLvGiell++earvv+asv+t+L yaeavgl +
  nat_743c7630acb96591de70  1 MALKKSTDASSLAEVLDRVLEKGIVIDAWARVSLVGIELLSIEARVVIASVETWLTYAEAVGLLV 65
                              99************************************************************975 PP

>> nat_f603a0bdb36b55f44821  
   #    score  bias  c-Evalue  i-Evalue hmmfrom  hmm to    alifrom  ali to    envfrom  env to     acc
 ---   ------ ----- --------- --------- ------- -------    ------- -------    ------- -------    ----
   1 !  118.3   2.9   6.3e-36     9e-36       3      70 ..       2      69 ..       1      76 [] 0.93

  Alignments for each domain:
  == domain 1  score: 118.3 bits;  conditional E-value: 6.3e-36
                      gvpa  3 vekvsassslaevldrvLdkGvvidawvrvsLvGielltvearvvvasvdtyLkyaeavglteqaalt 70
                              v ++++ sslaevldr+LdkG+v+d+w+rvsLvGie+l++earvvvasvdt+L+yae+++++e aa+ 
  nat_f603a0bdb36b55f44821  2 VSQSPDCSSLAEVLDRILDKGIVVDTWARVSLVGIEILAIEARVVVASVDTFLHYAEEITKIEIAARE 69
                              57899**********************************************************99886 PP

>> nat_4eaa3da48c36a3a15145  
   #    score  bias  c-Evalue  i-Evalue hmmfrom  hmm to    alifrom  ali to    envfrom  env to     acc
 ---   ------ ----- --------- --------- ------- -------    ------- -------    ------- -------    ----
   1 !  118.2   3.6   6.9e-36   9.9e-36       2      70 ..       3      71 ..       1      72 [] 0.97

  Alignments for each domain:
  == domain 1  score: 118.2 bits;  conditional E-value: 6.9e-36
                      gvpa  2 avekvsassslaevldrvLdkGvvidawvrvsLvGielltvearvvvasvdtyLkyaeavglteqaalt 70
                              av+k+++ss laev+dr+LdkGvvid+w++v+LvGiell+vear+v+asv+tyLkyaea+glt  aa +
  nat_4eaa3da48c36a3a15145  3 AVQKTTDSSGLAEVVDRILDKGVVIDVWAKVALVGIELLSVEARIVIASVETYLKYAEAIGLTATAAAP 71
                              799*************************************************************99987 PP

>> nat_57d68f25d5ecc3851016  
   #    score  bias  c-Evalue  i-Evalue hmmfrom  hmm to    alifrom  ali to    envfrom  env to     acc
 ---   ------ ----- --------- --------- ------- -------    ------- -------    ------- -------    ----
   1 !  118.0   4.6   7.9e-36   1.1e-35       2      66 ..       3      67 ..       1      73 [. 0.96

  Alignments for each domain:
  == domain 1  score: 118.0 bits;  conditional E-value: 7.9e-36
                      gvpa  2 avekvsassslaevldrvLdkGvvidawvrvsLvGielltvearvvvasvdtyLkyaeavglteq 66
                              a++k++++sslaev+dr+LdkGvvid+++rvsLvGiel+tvearvv+asvdt+L+yaeavgl  +
  nat_57d68f25d5ecc3851016  3 AIQKSTDGSSLAEVIDRILDKGVVIDVYARVSLVGIELVTVEARVVIASVDTWLRYAEAVGLLRD 67
                              799**********************************************************9875 PP

>> nat_4fc0ca345529f4acca56  
   #    score  bias  c-Evalue  i-Evalue hmmfrom  hmm to    alifrom  ali to    envfrom  env to     acc
 ---   ------ ----- --------- --------- ------- -------    ------- -------    ------- -------    ----
   1 !  118.1   2.7   7.5e-36   1.1e-35       1      73 [.       1      73 [.       1      76 [] 0.96

  Alignments for each domain:
  == domain 1  score: 118.1 bits;  conditional E-value: 7.5e-36
                      gvpa  1 mavekvsassslaevldrvLdkGvvidawvrvsLvGielltvearvvvasvdtyLkyaeavglteqaaltaaa 73
                              mav k++++ sl+ev+dr+LdkG+vidaw++v+LvGiell+vearvvva v+tyLkyaea+glt  aa ++a 
  nat_4fc0ca345529f4acca56  1 MAVTKSTDANSLVEVIDRILDKGLVIDAWIKVALVGIELLSVEARVVVAGVETYLKYAEAIGLTRLAAPPQAI 73
                              9*******************************************************************99876 PP

>> nat_e9136a895903c3d0b4ef  
   #    score  bias  c-Evalue  i-Evalue hmmfrom  hmm to    alifrom  ali to    envfrom  env to     acc
 ---   ------ ----- --------- --------- ------- -------    ------- -------    ------- -------    ----
   1 !  118.1   3.5   7.5e-36   1.1e-35       2      68 ..       3      69 ..       1      73 [] 0.94

  Alignments for each domain:
  == domain 1  score: 118.1 bits;  conditional E-value: 7.5e-36
                      gvpa  2 avekvsassslaevldrvLdkGvvidawvrvsLvGielltvearvvvasvdtyLkyaeavglteqaa 68
                              +v+k+++ssslae++d++LdkGvvid+++rvsLvGiell++earvv+asvdt+L+yaeavgl ++ +
  nat_e9136a895903c3d0b4ef  3 TVQKSVDSSSLAEIIDKILDKGVVIDVFARVSLVGIELLAIEARVVIASVDTWLRYAEAVGLLKEEE 69
                              489***********************************************************98765 PP

>> nat_461115b7000bfd74f566  
   #    score  bias  c-Evalue  i-Evalue hmmfrom  hmm to    alifrom  ali to    envfrom  env to     acc
 ---   ------ ----- --------- --------- ------- -------    ------- -------    ------- -------    ----
   1 !  118.0   0.6   8.1e-36   1.2e-35       5      69 ..       6      70 ..       1      89 [. 0.93

  Alignments for each domain:
  == domain 1  score: 118.0 bits;  conditional E-value: 8.1e-36
                      gvpa  5 kvsassslaevldrvLdkGvvidawvrvsLvGielltvearvvvasvdtyLkyaeavglteqaal 69
                              + ++ssslaevldr+LdkGvvid+w+rvs+vGielltvearvvvasvdt+L+ya +++++e+a+ 
  nat_461115b7000bfd74f566  6 RRPDSSSLAEVLDRILDKGVVIDVWARVSVVGIELLTVEARVVVASVDTFLHYAHEMAKIERATA 70
                              789*********************************************************99865 PP

>> nat_36bb407811468e3b13d9  
   #    score  bias  c-Evalue  i-Evalue hmmfrom  hmm to    alifrom  ali to    envfrom  env to     acc
 ---   ------ ----- --------- --------- ------- -------    ------- -------    ------- -------    ----
   1 !  117.9   1.2   8.5e-36   1.2e-35       5      69 ..       6      70 ..       1      84 [. 0.92

  Alignments for each domain:
  == domain 1  score: 117.9 bits;  conditional E-value: 8.5e-36
                      gvpa  5 kvsassslaevldrvLdkGvvidawvrvsLvGielltvearvvvasvdtyLkyaeavglteqaal 69
                              + ++ssslaevldr+LdkGvvid+w+rvs+vGielltvearvvvasvdt+L+ya++++++e+a+ 
  nat_36bb407811468e3b13d9  6 RRPDSSSLAEVLDRILDKGVVIDVWARVSVVGIELLTVEARVVVASVDTFLHYAKEISKIERATS 70
                              789*********************************************************99875 PP

>> nat_d5c2d4101839c4dee9b6  
   #    score  bias  c-Evalue  i-Evalue hmmfrom  hmm to    alifrom  ali to    envfrom  env to     acc
 ---   ------ ----- --------- --------- ------- -------    ------- -------    ------- -------    ----
   1 !  117.8   2.7   9.4e-36   1.3e-35       3      74 ..       2      73 ..       1      80 [. 0.92

  Alignments for each domain:
  == domain 1  score: 117.8 bits;  conditional E-value: 9.4e-36
                      gvpa  3 vekvsassslaevldrvLdkGvvidawvrvsLvGielltvearvvvasvdtyLkyaeavglteqaaltaaae 74
                              v+++++ssslaevldrvLdkG+v+d+w+r+s+vGielltvearvvvasvdt+L+ya ++++ eq++     e
  nat_d5c2d4101839c4dee9b6  2 VQRTPNSSSLAEVLDRVLDKGIVVDVWARISVVGIELLTVEARVVVASVDTFLHYASEMAKLEQVQAEGDLE 73
                              6999************************************************************98765555 PP

>> nat_e9d01ae6175270dee0d8  
   #    score  bias  c-Evalue  i-Evalue hmmfrom  hmm to    alifrom  ali to    envfrom  env to     acc
 ---   ------ ----- --------- --------- ------- -------    ------- -------    ------- -------    ----
   1 !  117.8   3.6     9e-36   1.3e-35       3      73 ..       4      74 .]       1      74 [] 0.96

  Alignments for each domain:
  == domain 1  score: 117.8 bits;  conditional E-value: 9e-36
                      gvpa  3 vekvsassslaevldrvLdkGvvidawvrvsLvGielltvearvvvasvdtyLkyaeavglteqaaltaaa 73
                              v k+++sssl ev+dr+L++G+vidawv++sLvGiell++earv++asv+tyLkyaeavglt  aa++a+a
  nat_e9d01ae6175270dee0d8  4 VMKSTDSSSLGEVVDRILERGIVIDAWVKISLVGIELLSIEARVIIASVETYLKYAEAVGLTATAAVPATA 74
                              7799***************************************************************9865 PP

>> nat_55e5b08f11099324ee5a  
   #    score  bias  c-Evalue  i-Evalue hmmfrom  hmm to    alifrom  ali to    envfrom  env to     acc
 ---   ------ ----- --------- --------- ------- -------    ------- -------    ------- -------    ----
   1 !  117.7   2.5     1e-35   1.4e-35       1      64 [.       1      64 [.       1      69 [. 0.97

  Alignments for each domain:
  == domain 1  score: 117.7 bits;  conditional E-value: 1e-35
                      gvpa  1 mavekvsassslaevldrvLdkGvvidawvrvsLvGielltvearvvvasvdtyLkyaeavglt 64
                              ma++k++++sslaevldrvL+kG+vid+w+rvsLvGiell++earvv+asv+t+L yaeavgl 
  nat_55e5b08f11099324ee5a  1 MALKKSTDASSLAEVLDRVLEKGIVIDVWARVSLVGIELLSIEARVVIASVETWLTYAEAVGLL 64
                              99************************************************************96 PP

>> nat_c7cb28cf54b6a88ff785  
   #    score  bias  c-Evalue  i-Evalue hmmfrom  hmm to    alifrom  ali to    envfrom  env to     acc
 ---   ------ ----- --------- --------- ------- -------    ------- -------    ------- -------    ----
   1 !  117.6   1.4     1e-35   1.5e-35       5      70 ..       6      71 ..       1      84 [. 0.92

  Alignments for each domain:
  == domain 1  score: 117.6 bits;  conditional E-value: 1e-35
                      gvpa  5 kvsassslaevldrvLdkGvvidawvrvsLvGielltvearvvvasvdtyLkyaeavglteqaalt 70
                              + ++ssslaevldr+LdkGvvid+w+rvs+vGielltvearvvvasvdt+L+ya++++++e+a+  
  nat_c7cb28cf54b6a88ff785  6 RRPDSSSLAEVLDRILDKGVVIDVWARVSVVGIELLTVEARVVVASVDTFLHYAKEISKIERATAE 71
                              789*********************************************************998765 PP

>> nat_644a625ed987b37152d8  
   #    score  bias  c-Evalue  i-Evalue hmmfrom  hmm to    alifrom  ali to    envfrom  env to     acc
 ---   ------ ----- --------- --------- ------- -------    ------- -------    ------- -------    ----
   1 !  117.6   2.9   1.1e-35   1.6e-35       4      71 ..       3      70 ..       1      76 [] 0.93

  Alignments for each domain:
  == domain 1  score: 117.6 bits;  conditional E-value: 1.1e-35
                      gvpa  4 ekvsassslaevldrvLdkGvvidawvrvsLvGielltvearvvvasvdtyLkyaeavglteqaalta 71
                                ++++sslaevldr+LdkG+v+d+w+rvsLvGie+ltve rvvvasvdtyL+y+e+++++eqaa+ a
  nat_644a625ed987b37152d8  3 TATPDASSLAEVLDRILDKGIVVDVWARVSLVGIEILTVESRVVVASVDTYLHYSEEMAKIEQAAIGA 70
                              56789***********************************************************9874 PP

>> nat_40571a78567e238ce9c6  
   #    score  bias  c-Evalue  i-Evalue hmmfrom  hmm to    alifrom  ali to    envfrom  env to     acc
 ---   ------ ----- --------- --------- ------- -------    ------- -------    ------- -------    ----
   1 !  117.3   4.4   1.3e-35   1.9e-35       1      66 [.       1      66 [.       1      80 [. 0.94

  Alignments for each domain:
  == domain 1  score: 117.3 bits;  conditional E-value: 1.3e-35
                      gvpa  1 mavekvsassslaevldrvLdkGvvidawvrvsLvGielltvearvvvasvdtyLkyaeavglteq 66
                              ma++k+++ss la+v+dr+LdkG+vida++rvs+vGiel+tvearvvvasvdt+L+yaeavgl  +
  nat_40571a78567e238ce9c6  1 MAIQKSTESSGLADVVDRILDKGIVIDAFARVSVVGIELITVEARVVVASVDTWLRYAEAVGLLRD 66
                              9*************************************************************9876 PP

>> nat_225f75b3aac6c99832fc  
   #    score  bias  c-Evalue  i-Evalue hmmfrom  hmm to    alifrom  ali to    envfrom  env to     acc
 ---   ------ ----- --------- --------- ------- -------    ------- -------    ------- -------    ----
   1 !  117.2   3.6   1.4e-35   2.1e-35       1      68 [.       1      68 [.       1      75 [. 0.94

  Alignments for each domain:
  == domain 1  score: 117.2 bits;  conditional E-value: 1.4e-35
                      gvpa  1 mavekvsassslaevldrvLdkGvvidawvrvsLvGielltvearvvvasvdtyLkyaeavglteqaa 68
                              mav k+++ssslaev+dr+LdkG+vida+v+vsLvGie+lt+ear+++asv+tyLkya avgl   a+
  nat_225f75b3aac6c99832fc  1 MAVTKSVESSSLAEVIDRILDKGIVIDAFVKVSLVGIEVLTIEARILIASVETYLKYASAVGLSLAAK 68
                              9*************************************************************976554 PP

>> nat_1a264ded2f369ea42fdd  
   #    score  bias  c-Evalue  i-Evalue hmmfrom  hmm to    alifrom  ali to    envfrom  env to     acc
 ---   ------ ----- --------- --------- ------- -------    ------- -------    ------- -------    ----
   1 !  116.8   1.2   1.9e-35   2.8e-35       6      74 ..       5      73 ..       1      82 [. 0.91

  Alignments for each domain:
  == domain 1  score: 116.8 bits;  conditional E-value: 1.9e-35
                      gvpa  6 vsassslaevldrvLdkGvvidawvrvsLvGielltvearvvvasvdtyLkyaeavglteqaaltaaae 74
                               +++sslaevldr+LdkG vid+w+rvsLvGie+ltvear+v+asvdt+L+yae+++++eqa+     e
  nat_1a264ded2f369ea42fdd  5 RPTTSSLAEVLDRILDKGCVIDIWARVSLVGIEILTVEARIVIASVDTFLHYAENISKIEQAEEEGDIE 73
                              5789**********************************************************9876555 PP

>> nat_f4b103f437e4c6a24ac0  
   #    score  bias  c-Evalue  i-Evalue hmmfrom  hmm to    alifrom  ali to    envfrom  env to     acc
 ---   ------ ----- --------- --------- ------- -------    ------- -------    ------- -------    ----
   1 !  116.6   3.1   2.2e-35   3.2e-35       3      71 ..       4      72 ..       1      74 [] 0.96

  Alignments for each domain:
  == domain 1  score: 116.6 bits;  conditional E-value: 2.2e-35
                      gvpa  3 vekvsassslaevldrvLdkGvvidawvrvsLvGielltvearvvvasvdtyLkyaeavglteqaalta 71
                              v+k++++s laev+dr+LdkG+vid+++rvsLvGiel++vear+vvasv+tyLkyae +glt  aa +a
  nat_f4b103f437e4c6a24ac0  4 VQKSTDASGLAEVVDRILDKGIVIDVFARVSLVGIELVSVEARIVVASVETYLKYAEGIGLTAMAASPA 72
                              789*************************************************************99986 PP

>> nat_2257aec2c4abeff42ec4  
   #    score  bias  c-Evalue  i-Evalue hmmfrom  hmm to    alifrom  ali to    envfrom  env to     acc
 ---   ------ ----- --------- --------- ------- -------    ------- -------    ------- -------    ----
   1 !  116.5   2.5   2.4e-35   3.4e-35       5      68 ..       6      69 ..       1      83 [. 0.91

  Alignments for each domain:
  == domain 1  score: 116.5 bits;  conditional E-value: 2.4e-35
                      gvpa  5 kvsassslaevldrvLdkGvvidawvrvsLvGielltvearvvvasvdtyLkyaeavglteqaa 68
                              + ++ssslaevldr+LdkGvvid+w+r+s+vGielltvearvvvasvdt+L+ya +++++e++ 
  nat_2257aec2c4abeff42ec4  6 RRPDSSSLAEVLDRILDKGVVIDVWARISVVGIELLTVEARVVVASVDTFLHYASEIAKIERTV 69
                              789********************************************************99754 PP

>> nat_36d36d0c4f52b3ab32d3  
   #    score  bias  c-Evalue  i-Evalue hmmfrom  hmm to    alifrom  ali to    envfrom  env to     acc
 ---   ------ ----- --------- --------- ------- -------    ------- -------    ------- -------    ----
   1 !  116.5   2.6   2.4e-35   3.4e-35       3      71 ..       4      72 ..       1      73 [] 0.95

  Alignments for each domain:
  == domain 1  score: 116.5 bits;  conditional E-value: 2.4e-35
                      gvpa  3 vekvsassslaevldrvLdkGvvidawvrvsLvGielltvearvvvasvdtyLkyaeavglteqaalta 71
                              v+k+ ++s laev+dr+LdkG+vida++rvsLvGiel++vearvvvasv+tyLkyae +glt  aa +a
  nat_36d36d0c4f52b3ab32d3  4 VQKTGDASGLAEVVDRILDKGIVIDAFARVSLVGIELVSVEARVVVASVETYLKYAEGIGLTATAAAPA 72
                              789999**********************************************************99985 PP

>> nat_c477483bf308ed286daf  
   #    score  bias  c-Evalue  i-Evalue hmmfrom  hmm to    alifrom  ali to    envfrom  env to     acc
 ---   ------ ----- --------- --------- ------- -------    ------- -------    ------- -------    ----
   1 !  116.2   2.0   2.9e-35   4.2e-35       4      71 ..       2      69 ..       1      80 [. 0.93

  Alignments for each domain:
  == domain 1  score: 116.2 bits;  conditional E-value: 2.9e-35
                      gvpa  4 ekvsassslaevldrvLdkGvvidawvrvsLvGielltvearvvvasvdtyLkyaeavglteqaalta 71
                              +k+++s+slaevldr+LdkG+vid+w+rvs+vGie+ltvear+vvasvdt+L+ya +++++eqa+  +
  nat_c477483bf308ed286daf  2 QKTPESTSLAEVLDRILDKGIVIDIWARVSVVGIEILTVEARIVVASVDTFLHYAHEISKIEQATSGE 69
                              6899***********************************************************98764 PP

>> nat_ff9c5d10b21ed7b06913  
   #    score  bias  c-Evalue  i-Evalue hmmfrom  hmm to    alifrom  ali to    envfrom  env to     acc
 ---   ------ ----- --------- --------- ------- -------    ------- -------    ------- -------    ----
   1 !  115.9   4.2   3.4e-35   4.9e-35       1      67 [.       1      67 [.       1      80 [. 0.94

  Alignments for each domain:
  == domain 1  score: 115.9 bits;  conditional E-value: 3.4e-35
                      gvpa  1 mavekvsassslaevldrvLdkGvvidawvrvsLvGielltvearvvvasvdtyLkyaeavglteqa 67
                              ma++k+++ss laev+dr+LdkG+vida++ vs+vGiel+tvearvvvasvdt+L+yaeavgl ++ 
  nat_ff9c5d10b21ed7b06913  1 MAIQKSTDSSGLAEVIDRILDKGIVIDAYASVSVVGIELITVEARVVVASVDTWLRYAEAVGLLQDE 67
                              9*************************************************************99875 PP

>> nat_8b714e1325cbfdfacd93  
   #    score  bias  c-Evalue  i-Evalue hmmfrom  hmm to    alifrom  ali to    envfrom  env to     acc
 ---   ------ ----- --------- --------- ------- -------    ------- -------    ------- -------    ----
   1 !  116.0   4.8   3.3e-35   4.7e-35       3      72 ..       4      73 ..       1      74 [] 0.94

  Alignments for each domain:
  == domain 1  score: 116.0 bits;  conditional E-value: 3.3e-35
                      gvpa  3 vekvsassslaevldrvLdkGvvidawvrvsLvGielltvearvvvasvdtyLkyaeavglteqaaltaa 72
                              v  ++++ssl +v+dr+LdkG+v+dawv+vsLvGie+l++earvv+asv+tyLkya+a+glt  aa +aa
  nat_8b714e1325cbfdfacd93  4 VSTSTGASSLGDVIDRILDKGIVVDAWVKVSLVGIEVLSIEARVVIASVETYLKYADAIGLTATAAAPAA 73
                              5678899**********************************************************99975 PP

>> nat_aef0e900ff08f50b5105  
   #    score  bias  c-Evalue  i-Evalue hmmfrom  hmm to    alifrom  ali to    envfrom  env to     acc
 ---   ------ ----- --------- --------- ------- -------    ------- -------    ------- -------    ----
   1 !  115.9   2.0   3.7e-35   5.2e-35       4      68 ..       2      66 ..       1      74 [. 0.94

  Alignments for each domain:
  == domain 1  score: 115.9 bits;  conditional E-value: 3.7e-35
                      gvpa  4 ekvsassslaevldrvLdkGvvidawvrvsLvGielltvearvvvasvdtyLkyaeavglteqaa 68
                              +k++++sslaev+dr+L+kG+vida+vrv+LvGiell+vearvv+asv+t+Lkyaeavglt++  
  nat_aef0e900ff08f50b5105  2 QKSVSASSLAEVVDRILEKGIVIDAYVRVALVGIELLAVEARVVIASVETWLKYAEAVGLTVHHH 66
                              6899*********************************************************9765 PP

>> nat_9ba976654c95d4d9fd8f  
   #    score  bias  c-Evalue  i-Evalue hmmfrom  hmm to    alifrom  ali to    envfrom  env to     acc
 ---   ------ ----- --------- --------- ------- -------    ------- -------    ------- -------    ----
   1 !  115.9   1.9   3.7e-35   5.2e-35       1      65 [.       1      65 [.       1      69 [] 0.97

  Alignments for each domain:
  == domain 1  score: 115.9 bits;  conditional E-value: 3.7e-35
                      gvpa  1 mavekvsassslaevldrvLdkGvvidawvrvsLvGielltvearvvvasvdtyLkyaeavglte 65
                              mav+ + ass laev+dr+LdkG+vidawvr+sL+G+elltvearvvva v+tyLkyaeavglt 
  nat_9ba976654c95d4d9fd8f  1 MAVQTSMASSGLAEVIDRILDKGLVIDAWVRISLLGLELLTVEARVVVAGVETYLKYAEAVGLTA 65
                              9**************************************************************97 PP

>> nat_ce5dc523b5749c0ad99a  
   #    score  bias  c-Evalue  i-Evalue hmmfrom  hmm to    alifrom  ali to    envfrom  env to     acc
 ---   ------ ----- --------- --------- ------- -------    ------- -------    ------- -------    ----
   1 !  115.6   1.8   4.4e-35   6.3e-35       6      74 ..       5      73 ..       1      81 [. 0.90

  Alignments for each domain:
  == domain 1  score: 115.6 bits;  conditional E-value: 4.4e-35
                      gvpa  6 vsassslaevldrvLdkGvvidawvrvsLvGielltvearvvvasvdtyLkyaeavglteqaaltaaae 74
                               + +sslaevldr+LdkGvvid+w+rvsLvGie+lt+earvv+asvdt+L+ya +++++e+a+   + e
  nat_ce5dc523b5749c0ad99a  5 RPHTSSLAEVLDRILDKGVVIDIWIRVSLVGIEILTIEARVVIASVDTFLHYAREISKIERAEEEGTLE 73
                              5689*********************************************************99875444 PP

>> nat_8758b934790f5784ea1b  
   #    score  bias  c-Evalue  i-Evalue hmmfrom  hmm to    alifrom  ali to    envfrom  env to     acc
 ---   ------ ----- --------- --------- ------- -------    ------- -------    ------- -------    ----
   1 !  115.7   4.8   4.2e-35     6e-35       3      72 ..       4      73 ..       1      74 [] 0.94

  Alignments for each domain:
  == domain 1  score: 115.7 bits;  conditional E-value: 4.2e-35
                      gvpa  3 vekvsassslaevldrvLdkGvvidawvrvsLvGielltvearvvvasvdtyLkyaeavglteqaaltaa 72
                              v  ++++ssl +v+dr+LdkG+v+dawv+vsLvGie+l++earvv+asv+tyLkya+a+glt  aa +aa
  nat_8758b934790f5784ea1b  4 VSTSTGTSSLGDVIDRILDKGIVVDAWVKVSLVGIEVLSIEARVVIASVETYLKYADAIGLTAAAAAPAA 73
                              5678899**********************************************************99965 PP

>> nat_12c980f97c4e594a42de  
   #    score  bias  c-Evalue  i-Evalue hmmfrom  hmm to    alifrom  ali to    envfrom  env to     acc
 ---   ------ ----- --------- --------- ------- -------    ------- -------    ------- -------    ----
   1 !  115.5   4.3   4.9e-35     7e-35       3      72 ..       4      73 ..       1      74 [] 0.94

  Alignments for each domain:
  == domain 1  score: 115.5 bits;  conditional E-value: 4.9e-35
                      gvpa  3 vekvsassslaevldrvLdkGvvidawvrvsLvGielltvearvvvasvdtyLkyaeavglteqaaltaa 72
                              v  +++ ssl +v+dr+LdkG+v+dawv+vsLvGie+l++earvv+asv+tyLkya+a+glt  aa +aa
  nat_12c980f97c4e594a42de  4 VSTTTGNSSLGDVIDRILDKGIVVDAWVKVSLVGIEVLSIEARVVIASVETYLKYADAIGLTAAAAAPAA 73
                              5567889**********************************************************99965 PP

>> nat_b3e7eac10f741058a688  
   #    score  bias  c-Evalue  i-Evalue hmmfrom  hmm to    alifrom  ali to    envfrom  env to     acc
 ---   ------ ----- --------- --------- ------- -------    ------- -------    ------- -------    ----
   1 !  115.2   4.9     6e-35   8.6e-35       3      72 ..       4      73 ..       1      74 [] 0.94

  Alignments for each domain:
  == domain 1  score: 115.2 bits;  conditional E-value: 6e-35
                      gvpa  3 vekvsassslaevldrvLdkGvvidawvrvsLvGielltvearvvvasvdtyLkyaeavglteqaaltaa 72
                              v  +++ ss a+v+dr+LdkG+v+dawv+vsLvGie+l++earvv+asv+tyLkya+a+glt  aa +aa
  nat_b3e7eac10f741058a688  4 VSTSTGNSSTADVIDRILDKGIVVDAWVKVSLVGIEVLSIEARVVIASVETYLKYADAIGLTAAAAAPAA 73
                              5667899**********************************************************99965 PP

>> nat_718f9add2c10ca08b4a5  
   #    score  bias  c-Evalue  i-Evalue hmmfrom  hmm to    alifrom  ali to    envfrom  env to     acc
 ---   ------ ----- --------- --------- ------- -------    ------- -------    ------- -------    ----
   1 !  114.5   1.6   9.4e-35   1.4e-34       6      75 ..       5      74 ..       1      80 [. 0.90

  Alignments for each domain:
  == domain 1  score: 114.5 bits;  conditional E-value: 9.4e-35
                      gvpa  6 vsassslaevldrvLdkGvvidawvrvsLvGielltvearvvvasvdtyLkyaeavglteqaaltaaaee 75
                               + +sslaevldr+LdkGvvid+w+rvsLvGie+lt+earvv+asvdt+L+ya ++++ e+a+   + e+
  nat_718f9add2c10ca08b4a5  5 RPHTSSLAEVLDRILDKGVVIDIWIRVSLVGIEILTIEARVVIASVDTFLHYAREISKLERAEEEGTLEA 74
                              5689********************************************************9998755554 PP

>> nat_27cfc6c7874687adce98  
   #    score  bias  c-Evalue  i-Evalue hmmfrom  hmm to    alifrom  ali to    envfrom  env to     acc
 ---   ------ ----- --------- --------- ------- -------    ------- -------    ------- -------    ----
   1 !  114.5   2.5   9.6e-35   1.4e-34       4      67 ..       2      65 ..       1      71 [. 0.95

  Alignments for each domain:
  == domain 1  score: 114.5 bits;  conditional E-value: 9.6e-35
                      gvpa  4 ekvsassslaevldrvLdkGvvidawvrvsLvGielltvearvvvasvdtyLkyaeavglteqa 67
                              +k+ ++sslaev+dr+LdkGvvida+vrvsLvGiell+vearvv+asv+t+L+ya avgl e+ 
  nat_27cfc6c7874687adce98  2 KKSIDASSLAEVVDRILDKGVVIDAYVRVSLVGIELLAVEARVVIASVNTWLRYAHAVGLLEHN 65
                              58899*******************************************************9875 PP

>> nat_63e94d96149b61e3547f  
   #    score  bias  c-Evalue  i-Evalue hmmfrom  hmm to    alifrom  ali to    envfrom  env to     acc
 ---   ------ ----- --------- --------- ------- -------    ------- -------    ------- -------    ----
   1 !  114.5   2.2   9.7e-35   1.4e-34       6      70 ..       5      69 ..       1      82 [. 0.93

  Alignments for each domain:
  == domain 1  score: 114.5 bits;  conditional E-value: 9.7e-35
                      gvpa  6 vsassslaevldrvLdkGvvidawvrvsLvGielltvearvvvasvdtyLkyaeavglteqaalt 70
                               +++sslaevldr+LdkG vid+wvrvsLvGie+ltvearvv+asvdt+L+ya +++++eqa+  
  nat_63e94d96149b61e3547f  5 RPSTSSLAEVLDRILDKGAVIDIWVRVSLVGIEILTVEARVVIASVDTFLHYAREISKIEQAEEE 69
                              5789*********************************************************9865 PP

>> nat_320fa412f1f1ad675d12  
   #    score  bias  c-Evalue  i-Evalue hmmfrom  hmm to    alifrom  ali to    envfrom  env to     acc
 ---   ------ ----- --------- --------- ------- -------    ------- -------    ------- -------    ----
   1 !  114.5   2.2   9.7e-35   1.4e-34       6      70 ..       5      69 ..       1      82 [. 0.93

  Alignments for each domain:
  == domain 1  score: 114.5 bits;  conditional E-value: 9.7e-35
                      gvpa  6 vsassslaevldrvLdkGvvidawvrvsLvGielltvearvvvasvdtyLkyaeavglteqaalt 70
                               +++sslaevldr+LdkG vid+wvrvsLvGie+ltvearvv+asvdt+L+ya +++++eqa+  
  nat_320fa412f1f1ad675d12  5 RPSTSSLAEVLDRILDKGAVIDIWVRVSLVGIEILTVEARVVIASVDTFLHYAREISKIEQAEEE 69
                              5789*********************************************************9865 PP

>> nat_edf12e96625a3cd49854  
   #    score  bias  c-Evalue  i-Evalue hmmfrom  hmm to    alifrom  ali to    envfrom  env to     acc
 ---   ------ ----- --------- --------- ------- -------    ------- -------    ------- -------    ----
   1 !  114.3   0.9   1.1e-34   1.6e-34       6      68 ..       5      67 ..       1      80 [. 0.92

  Alignments for each domain:
  == domain 1  score: 114.3 bits;  conditional E-value: 1.1e-34
                      gvpa  6 vsassslaevldrvLdkGvvidawvrvsLvGielltvearvvvasvdtyLkyaeavglteqaa 68
                               +++sslaevldr+LdkGvvid wvrvsLvGie+lt+earvv+asvdt+L+ya+++++ e+a 
  nat_edf12e96625a3cd49854  5 RPNTSSLAEVLDRILDKGVVIDLWVRVSLVGIEILTIEARVVIASVDTFLHYAKEISKLEHAI 67
                              5789******************************************************99875 PP

>> nat_a2b40c981456774b6e29  
   #    score  bias  c-Evalue  i-Evalue hmmfrom  hmm to    alifrom  ali to    envfrom  env to     acc
 ---   ------ ----- --------- --------- ------- -------    ------- -------    ------- -------    ----
   1 !  114.3   5.2   1.1e-34   1.6e-34       3      71 ..       4      72 ..       1      74 [] 0.94

  Alignments for each domain:
  == domain 1  score: 114.3 bits;  conditional E-value: 1.1e-34
                      gvpa  3 vekvsassslaevldrvLdkGvvidawvrvsLvGielltvearvvvasvdtyLkyaeavglteqaalta 71
                              v  ++++ssl +v+dr+LdkG+v+dawv+vsLvGie+l++earvv+asv+tyLkya+a+glt  aa + 
  nat_a2b40c981456774b6e29  4 VSTSTGTSSLGDVIDRILDKGIVVDAWVKVSLVGIEVLSIEARVVIASVETYLKYADAIGLTAAAAAPV 72
                              5678899********************************************************999885 PP

>> nat_b603aa5b88f6a395b1f9  
   #    score  bias  c-Evalue  i-Evalue hmmfrom  hmm to    alifrom  ali to    envfrom  env to     acc
 ---   ------ ----- --------- --------- ------- -------    ------- -------    ------- -------    ----
   1 !  114.1   4.9   1.3e-34   1.8e-34       1      66 [.       1      66 [.       1      72 [. 0.95

  Alignments for each domain:
  == domain 1  score: 114.1 bits;  conditional E-value: 1.3e-34
                      gvpa  1 mavekvsassslaevldrvLdkGvvidawvrvsLvGielltvearvvvasvdtyLkyaeavglteq 66
                              ma+ k+++s+ l ev+dr+LdkG+vida+vr+sLvGiel+t+ear+v+asvdtyLkya a+glt  
  nat_b603aa5b88f6a395b1f9  1 MALIKSVESTNLTEVIDRILDKGIVIDAFVRISLVGIELITIEARIVIASVDTYLKYASAIGLTLA 66
                              8999***********************************************************964 PP

>> nat_e31d0685f6a3fa9a63fd  
   #    score  bias  c-Evalue  i-Evalue hmmfrom  hmm to    alifrom  ali to    envfrom  env to     acc
 ---   ------ ----- --------- --------- ------- -------    ------- -------    ------- -------    ----
   1 !  114.1   1.5   1.3e-34   1.9e-34       5      70 ..       3      68 ..       1      79 [. 0.93

  Alignments for each domain:
  == domain 1  score: 114.1 bits;  conditional E-value: 1.3e-34
                      gvpa  5 kvsassslaevldrvLdkGvvidawvrvsLvGielltvearvvvasvdtyLkyaeavglteqaalt 70
                              ++++s+slaevldr+LdkG+vid+w+rvs+vGie+ltvear+v+asvdt+L+ya +++++eqa+  
  nat_e31d0685f6a3fa9a63fd  3 NTPDSTSLAEVLDRILDKGIVIDIWARVSVVGIEILTVEARIVAASVDTFLHYAHEISKIEQATAG 68
                              5789**********************************************************9876 PP

>> nat_3e013aaa6defa9421798  
   #    score  bias  c-Evalue  i-Evalue hmmfrom  hmm to    alifrom  ali to    envfrom  env to     acc
 ---   ------ ----- --------- --------- ------- -------    ------- -------    ------- -------    ----
   1 !  114.1   1.5   1.3e-34   1.9e-34       5      70 ..       3      68 ..       1      79 [. 0.93

  Alignments for each domain:
  == domain 1  score: 114.1 bits;  conditional E-value: 1.3e-34
                      gvpa  5 kvsassslaevldrvLdkGvvidawvrvsLvGielltvearvvvasvdtyLkyaeavglteqaalt 70
                              ++++s+slaevldr+LdkG+vid+w+rvs+vGie+ltvear+v+asvdt+L+ya +++++eqa+  
  nat_3e013aaa6defa9421798  3 NTPDSTSLAEVLDRILDKGIVIDIWARVSVVGIEILTVEARIVAASVDTFLHYAHEISKIEQATSG 68
                              5789**********************************************************9876 PP

>> nat_df27c6cb10b51229e5ef  
   #    score  bias  c-Evalue  i-Evalue hmmfrom  hmm to    alifrom  ali to    envfrom  env to     acc
 ---   ------ ----- --------- --------- ------- -------    ------- -------    ------- -------    ----
   1 !  114.0   4.5   1.4e-34     2e-34       3      72 ..       4      73 ..       1      74 [] 0.94

  Alignments for each domain:
  == domain 1  score: 114.0 bits;  conditional E-value: 1.4e-34
                      gvpa  3 vekvsassslaevldrvLdkGvvidawvrvsLvGielltvearvvvasvdtyLkyaeavglteqaaltaa 72
                              v  ++++s+l +v+dr+LdkG+v+dawv+vsLvGie+l++earvv+asv+tyLkya+a+glt+ aa +aa
  nat_df27c6cb10b51229e5ef  4 VSTSTGTSTLGDVIDRILDKGIVVDAWVKVSLVGIEVLSIEARVVIASVETYLKYADAIGLTSAAAAPAA 73
                              56678899*********************************************************99975 PP

>> nat_eb796c25a48cdf2ca2d4  
   #    score  bias  c-Evalue  i-Evalue hmmfrom  hmm to    alifrom  ali to    envfrom  env to     acc
 ---   ------ ----- --------- --------- ------- -------    ------- -------    ------- -------    ----
   1 !  113.5   3.3   2.1e-34     3e-34       4      73 ..       3      72 ..       1      81 [. 0.90

  Alignments for each domain:
  == domain 1  score: 113.5 bits;  conditional E-value: 2.1e-34
                      gvpa  4 ekvsassslaevldrvLdkGvvidawvrvsLvGielltvearvvvasvdtyLkyaeavglteqaaltaaa 73
                              +  +++ssla+vldr+LdkGvvid+w+r+s+vGie+ltvearvvvasvdt+L+ya++++++eqa+ ++ +
  nat_eb796c25a48cdf2ca2d4  3 QAGPDTSSLADVLDRILDKGVVIDVWARISVVGIEVLTVEARVVVASVDTFLHYAKEMSRIEQATASDDT 72
                              567899*********************************************************9987665 PP

>> nat_ebb2fb66a808274ef5cf  
   #    score  bias  c-Evalue  i-Evalue hmmfrom  hmm to    alifrom  ali to    envfrom  env to     acc
 ---   ------ ----- --------- --------- ------- -------    ------- -------    ------- -------    ----
   1 !  113.4   1.6   2.1e-34   3.1e-34       5      70 ..       3      68 ..       1      79 [. 0.93

  Alignments for each domain:
  == domain 1  score: 113.4 bits;  conditional E-value: 2.1e-34
                      gvpa  5 kvsassslaevldrvLdkGvvidawvrvsLvGielltvearvvvasvdtyLkyaeavglteqaalt 70
                              ++++s+slaevldr+LdkG+v+d+w+rvs+vGie+ltvear+v+asvdt+L+ya +++++eqa+  
  nat_ebb2fb66a808274ef5cf  3 NTPDSTSLAEVLDRILDKGIVVDIWARVSVVGIEILTVEARIVAASVDTFLHYAHEISKIEQATSG 68
                              5789**********************************************************9876 PP

>> nat_b14fdba1c12c78ac4485  
   #    score  bias  c-Evalue  i-Evalue hmmfrom  hmm to    alifrom  ali to    envfrom  env to     acc
 ---   ------ ----- --------- --------- ------- -------    ------- -------    ------- -------    ----
   1 !  113.1   3.4   2.7e-34   3.9e-34       5      72 ..       4      71 ..       1      81 [. 0.91

  Alignments for each domain:
  == domain 1  score: 113.1 bits;  conditional E-value: 2.7e-34
                      gvpa  5 kvsassslaevldrvLdkGvvidawvrvsLvGielltvearvvvasvdtyLkyaeavglteqaaltaa 72
                               +++ssslaevldr+LdkGvvid+w+r+s+vGie+ltvearvvvasvdt+++ya++++++e+a+  + 
  nat_b14fdba1c12c78ac4485  4 TNPDSSSLAEVLDRILDKGVVIDVWARISVVGIEVLTVEARVVVASVDTFIHYAKEMSKIEHAEAGEE 71
                              5789**********************************************************998755 PP

>> nat_6eb103ed851a261f0454  
   #    score  bias  c-Evalue  i-Evalue hmmfrom  hmm to    alifrom  ali to    envfrom  env to     acc
 ---   ------ ----- --------- --------- ------- -------    ------- -------    ------- -------    ----
   1 !  113.0   2.7   2.9e-34   4.2e-34       1      67 [.       1      67 [.       1      69 [] 0.97

  Alignments for each domain:
  == domain 1  score: 113.0 bits;  conditional E-value: 2.9e-34
                      gvpa  1 mavekvsassslaevldrvLdkGvvidawvrvsLvGielltvearvvvasvdtyLkyaeavglteqa 67
                              mav+ + ass laev+dr+LdkG+vidawv+vsL+G+ell+vearvvva v+tyLkyaea+glt+ a
  nat_6eb103ed851a261f0454  1 MAVQTSMASSGLAEVVDRILDKGIVIDAWVKVSLLGLELLAVEARVVVAGVETYLKYAEAIGLTVPA 67
                              9**************************************************************9865 PP

>> nat_76418c5d471b2873e6bf  
   #    score  bias  c-Evalue  i-Evalue hmmfrom  hmm to    alifrom  ali to    envfrom  env to     acc
 ---   ------ ----- --------- --------- ------- -------    ------- -------    ------- -------    ----
   1 !  112.8   2.1   3.3e-34   4.7e-34       6      70 ..       5      69 ..       1      80 [. 0.92

  Alignments for each domain:
  == domain 1  score: 112.8 bits;  conditional E-value: 3.3e-34
                      gvpa  6 vsassslaevldrvLdkGvvidawvrvsLvGielltvearvvvasvdtyLkyaeavglteqaalt 70
                               +++sslaevldr+LdkG vid+wvrvsLvGie+ltvearvv+asvdt+L+ya +++++e a+  
  nat_76418c5d471b2873e6bf  5 RPSTSSLAEVLDRILDKGAVIDIWVRVSLVGIEILTVEARVVIASVDTFLHYAREISKIEAAEEE 69
                              5789*******************************************************999865 PP

>> nat_883a9edd1d317110f140  
   #    score  bias  c-Evalue  i-Evalue hmmfrom  hmm to    alifrom  ali to    envfrom  env to     acc
 ---   ------ ----- --------- --------- ------- -------    ------- -------    ------- -------    ----
   1 !  112.8   4.2   3.4e-34   4.9e-34       1      68 [.       1      68 [.       1      73 [] 0.96

  Alignments for each domain:
  == domain 1  score: 112.8 bits;  conditional E-value: 3.4e-34
                      gvpa  1 mavekvsassslaevldrvLdkGvvidawvrvsLvGielltvearvvvasvdtyLkyaeavglteqaa 68
                              ma++k++++ slaev+dr+LdkG+vida+v+v+LvGi+ll++earvv+asv+t+L yaeav+lt + +
  nat_883a9edd1d317110f140  1 MAIQKSTDTDSLAEVVDRILDKGIVIDAFVKVALVGIDLLSIEARVVIASVETWLTYAEAVSLTAKKK 68
                              9**************************************************************98765 PP

>> nat_ab2c1e3f0d8fb899b91a  
   #    score  bias  c-Evalue  i-Evalue hmmfrom  hmm to    alifrom  ali to    envfrom  env to     acc
 ---   ------ ----- --------- --------- ------- -------    ------- -------    ------- -------    ----
   1 !  112.6   3.5   3.8e-34   5.5e-34       3      67 ..       4      68 ..       1      72 [. 0.94

  Alignments for each domain:
  == domain 1  score: 112.6 bits;  conditional E-value: 3.8e-34
                      gvpa  3 vekvsassslaevldrvLdkGvvidawvrvsLvGielltvearvvvasvdtyLkyaeavglteqa 67
                              ++k+++sssla+v++ +LdkGvvid+++rvsLvGiellt+earvv+asvdt+L+yaeavgl ++ 
  nat_ab2c1e3f0d8fb899b91a  4 IKKSTDSSSLADVIEIILDKGVVIDIFARVSLVGIELLTIEARVVIASVDTWLRYAEAVGLLKEE 68
                              899*********************************************************98865 PP

>> nat_32fcf9c5b6202c499dc1  
   #    score  bias  c-Evalue  i-Evalue hmmfrom  hmm to    alifrom  ali to    envfrom  env to     acc
 ---   ------ ----- --------- --------- ------- -------    ------- -------    ------- -------    ----
   1 !  112.6   0.8   3.8e-34   5.5e-34       5      76 ..       6      77 ..       1      82 [. 0.92

  Alignments for each domain:
  == domain 1  score: 112.6 bits;  conditional E-value: 3.8e-34
                      gvpa  5 kvsassslaevldrvLdkGvvidawvrvsLvGielltvearvvvasvdtyLkyaeavglteqaaltaaaeea 76
                              + ++ s laevldr+LdkG+vid+w+r+s++G+el+t+ear+vvas+dt+L+y e++++ eqa++ a  ee 
  nat_32fcf9c5b6202c499dc1  6 RRPDPSNLAEVLDRILDKGIVIDVWARISVIGLELITIEARIVVASIDTFLHYTEEIAKLEQATVEADLEEV 77
                              67899**********************************************************999877665 PP

>> nat_340bf83afc765d1b00fd  
   #    score  bias  c-Evalue  i-Evalue hmmfrom  hmm to    alifrom  ali to    envfrom  env to     acc
 ---   ------ ----- --------- --------- ------- -------    ------- -------    ------- -------    ----
   1 !  112.6   3.3   3.7e-34   5.3e-34       3      76 ..       2      73 ..       1      78 [] 0.91

  Alignments for each domain:
  == domain 1  score: 112.6 bits;  conditional E-value: 3.7e-34
                      gvpa  3 vekvsassslaevldrvLdkGvvidawvrvsLvGielltvearvvvasvdtyLkyaeavglteqaaltaaaeea 76
                              v+++++ss l+evld +LdkGvvid w+rvsLvGie+lt+earvv+asvdt+L+yae+++++e+aa +   eea
  nat_340bf83afc765d1b00fd  2 VNNSPDSSGLVEVLDLILDKGVVIDLWARVSLVGIEILTIEARVVIASVDTFLHYAEEITRIEKAAEA--IEEA 73
                              5899***********************************************************99876..3343 PP

>> nat_cd0ec9cc83e20bd818b3  
   #    score  bias  c-Evalue  i-Evalue hmmfrom  hmm to    alifrom  ali to    envfrom  env to     acc
 ---   ------ ----- --------- --------- ------- -------    ------- -------    ------- -------    ----
   1 !  112.5   2.4   4.1e-34   5.9e-34       6      69 ..       5      68 ..       1      80 [. 0.93

  Alignments for each domain:
  == domain 1  score: 112.5 bits;  conditional E-value: 4.1e-34
                      gvpa  6 vsassslaevldrvLdkGvvidawvrvsLvGielltvearvvvasvdtyLkyaeavglteqaal 69
                               +++sslaevldr+LdkG vid+wvrvsLvGie+ltvearvv+asvdt+L+ya +++++e a+ 
  nat_cd0ec9cc83e20bd818b3  5 RPSTSSLAEVLDRILDKGAVIDIWVRVSLVGIEILTVEARVVIASVDTFLHYAREISKIEAAEE 68
                              5789*******************************************************99986 PP

>> nat_b9d147aeaac9ffa9d0f3  
   #    score  bias  c-Evalue  i-Evalue hmmfrom  hmm to    alifrom  ali to    envfrom  env to     acc
 ---   ------ ----- --------- --------- ------- -------    ------- -------    ------- -------    ----
   1 !  112.3   2.5   4.8e-34   6.8e-34       6      69 ..       5      68 ..       1      82 [. 0.92

  Alignments for each domain:
  == domain 1  score: 112.3 bits;  conditional E-value: 4.8e-34
                      gvpa  6 vsassslaevldrvLdkGvvidawvrvsLvGielltvearvvvasvdtyLkyaeavglteqaal 69
                               +++sslaevldr+LdkG vid+wvrvsLvGie+ltvearvv+asvdt+L+ya +++++e a+ 
  nat_b9d147aeaac9ffa9d0f3  5 RPSTSSLAEVLDRILDKGAVIDIWVRVSLVGIEILTVEARVVIASVDTFLHYAREISKIEAAEE 68
                              5789*******************************************************99986 PP

>> nat_67932dce44a393cc5d41  
   #    score  bias  c-Evalue  i-Evalue hmmfrom  hmm to    alifrom  ali to    envfrom  env to     acc
 ---   ------ ----- --------- --------- ------- -------    ------- -------    ------- -------    ----
   1 !  112.2   5.5   4.9e-34     7e-34       3      71 ..       4      72 ..       1      74 [] 0.93

  Alignments for each domain:
  == domain 1  score: 112.2 bits;  conditional E-value: 4.9e-34
                      gvpa  3 vekvsassslaevldrvLdkGvvidawvrvsLvGielltvearvvvasvdtyLkyaeavglteqaalta 71
                              v  +++++s a+v+dr+LdkG+v+dawv+vsLvGie+l++earvv+as++tyLkya+a+glt  aa + 
  nat_67932dce44a393cc5d41  4 VSTSTGTTSTADVIDRILDKGIVVDAWVKVSLVGIEVLSIEARVVIASIETYLKYADAIGLTAAAAAPV 72
                              56678899*******************************************************999885 PP

>> nat_07248f2d3ff700c7afcd  
   #    score  bias  c-Evalue  i-Evalue hmmfrom  hmm to    alifrom  ali to    envfrom  env to     acc
 ---   ------ ----- --------- --------- ------- -------    ------- -------    ------- -------    ----
   1 !  111.9   4.0   6.3e-34     9e-34       4      72 ..       3      71 ..       1      81 [. 0.90

  Alignments for each domain:
  == domain 1  score: 111.9 bits;  conditional E-value: 6.3e-34
                      gvpa  4 ekvsassslaevldrvLdkGvvidawvrvsLvGielltvearvvvasvdtyLkyaeavglteqaaltaa 72
                              +  +++ssla+vldr+LdkGvvid+w+r+s+vGie+ltvearvvvasvdt+L+ya++++++eqa+ ++ 
  nat_07248f2d3ff700c7afcd  3 QAGPDTSSLADVLDRILDKGVVIDVWARISVVGIEVLTVEARVVVASVDTFLHYAKEMSRIEQATASDD 71
                              567899*********************************************************987654 PP

>> nat_4138c2817c5b6dca65ea  
   #    score  bias  c-Evalue  i-Evalue hmmfrom  hmm to    alifrom  ali to    envfrom  env to     acc
 ---   ------ ----- --------- --------- ------- -------    ------- -------    ------- -------    ----
   1 !  111.6   1.4   8.1e-34   1.2e-33       1      68 [.       1      68 [.       1      78 [. 0.94

  Alignments for each domain:
  == domain 1  score: 111.6 bits;  conditional E-value: 8.1e-34
                      gvpa  1 mavekvsassslaevldrvLdkGvvidawvrvsLvGielltvearvvvasvdtyLkyaeavglteqaa 68
                              m +ek  ++ssl+ev+dr+LdkG+vid+++r+s++Giel+tvear+vv+s++t+L+ya+av l + ++
  nat_4138c2817c5b6dca65ea  1 MMLEKCRDGSSLVEVVDRILDKGIVIDVFARISVLGIELITVEARIVVSSIETWLRYADAVDLLKSTE 68
                              889**********************************************************9987765 PP

>> nat_10462c8aed9b62ff76a8  
   #    score  bias  c-Evalue  i-Evalue hmmfrom  hmm to    alifrom  ali to    envfrom  env to     acc
 ---   ------ ----- --------- --------- ------- -------    ------- -------    ------- -------    ----
   1 !  111.6   1.4   8.1e-34   1.2e-33       1      68 [.       1      68 [.       1      78 [. 0.94

  Alignments for each domain:
  == domain 1  score: 111.6 bits;  conditional E-value: 8.1e-34
                      gvpa  1 mavekvsassslaevldrvLdkGvvidawvrvsLvGielltvearvvvasvdtyLkyaeavglteqaa 68
                              m +ek  ++ssl+ev+dr+LdkG+vid+++r+s++Giel+tvear+vv+s++t+L+ya+av l + ++
  nat_10462c8aed9b62ff76a8  1 MMLEKCRDGSSLVEVVDRILDKGIVIDVFARISVLGIELITVEARIVVSSIETWLRYADAVDLLKSTE 68
                              889**********************************************************9987765 PP

>> nat_51883a62e7fa5ef818e6  
   #    score  bias  c-Evalue  i-Evalue hmmfrom  hmm to    alifrom  ali to    envfrom  env to     acc
 ---   ------ ----- --------- --------- ------- -------    ------- -------    ------- -------    ----
   1 !  111.0   5.2   1.2e-33   1.7e-33       4      65 ..       2      63 ..       1      70 [. 0.94

  Alignments for each domain:
  == domain 1  score: 111.0 bits;  conditional E-value: 1.2e-33
                      gvpa  4 ekvsassslaevldrvLdkGvvidawvrvsLvGielltvearvvvasvdtyLkyaeavglte 65
                              +k  +ssslaev+dr+LdkG+vid+w+rvsLvGiell++earvv+asv t+L ya+avgl +
  nat_51883a62e7fa5ef818e6  2 KKAIDSSSLAEVIDRILDKGIVIDIWARVSLVGIELLAIEARVVIASVHTWLVYADAVGLLK 63
                              58899******************************************************976 PP

>> nat_f5db5c4704d592f947d9  
   #    score  bias  c-Evalue  i-Evalue hmmfrom  hmm to    alifrom  ali to    envfrom  env to     acc
 ---   ------ ----- --------- --------- ------- -------    ------- -------    ------- -------    ----
   1 !  111.0   3.5   1.2e-33   1.8e-33       4      71 ..       3      70 ..       1      81 [. 0.90

  Alignments for each domain:
  == domain 1  score: 111.0 bits;  conditional E-value: 1.2e-33
                      gvpa  4 ekvsassslaevldrvLdkGvvidawvrvsLvGielltvearvvvasvdtyLkyaeavglteqaalta 71
                              +  +++ssla+vldr+LdkGvvid+w+r+s+vGie+ltvearvvvasvdt+L+ya+++++ eqa+ ++
  nat_f5db5c4704d592f947d9  3 QAGPDTSSLADVLDRILDKGVVIDVWARISVVGIEVLTVEARVVVASVDTFLHYAKEMSRLEQATASD 70
                              567899********************************************************998765 PP

>> nat_e68eef3564e74af35e4a  
   #    score  bias  c-Evalue  i-Evalue hmmfrom  hmm to    alifrom  ali to    envfrom  env to     acc
 ---   ------ ----- --------- --------- ------- -------    ------- -------    ------- -------    ----
   1 !  110.4   0.6   1.9e-33   2.7e-33       1      67 [.       1      67 [.       1      84 [. 0.95

  Alignments for each domain:
  == domain 1  score: 110.4 bits;  conditional E-value: 1.9e-33
                      gvpa  1 mavekvsassslaevldrvLdkGvvidawvrvsLvGielltvearvvvasvdtyLkyaeavglteqa 67
                              m v+k++++ssl+ev+dr+LdkG+vid+++r+s++G+e++tvear+vv+s++t+L+ya+av l ++ 
  nat_e68eef3564e74af35e4a  1 MHVKKSNDGSSLVEVIDRILDKGIVIDVYARISVLGLEVITVEARIVVSSIETWLRYADAVDLLKNG 67
                              889**********************************************************998765 PP

>> nat_84eddb9c9ecca10afd5a  
   #    score  bias  c-Evalue  i-Evalue hmmfrom  hmm to    alifrom  ali to    envfrom  env to     acc
 ---   ------ ----- --------- --------- ------- -------    ------- -------    ------- -------    ----
   1 !  110.3   0.8     2e-33   2.8e-33       4      69 ..       3      68 ..       1      78 [. 0.94

  Alignments for each domain:
  == domain 1  score: 110.3 bits;  conditional E-value: 2e-33
                      gvpa  4 ekvsassslaevldrvLdkGvvidawvrvsLvGielltvearvvvasvdtyLkyaeavglteqaal 69
                              ++ ++sssla+ ldr+LdkG+vid+w+r+s++G+el+t+ear+vvasvdt+++yae+++  eqa+ 
  nat_84eddb9c9ecca10afd5a  3 QRAPESSSLADALDRILDKGIVIDVWARISIIGLELITIEARIVVASVDTFIHYAEEITTLEQASA 68
                              6899**********************************************************9986 PP

>> nat_1f1d6fdb82f348ed948e  
   #    score  bias  c-Evalue  i-Evalue hmmfrom  hmm to    alifrom  ali to    envfrom  env to     acc
 ---   ------ ----- --------- --------- ------- -------    ------- -------    ------- -------    ----
   1 !  109.8   1.0   2.9e-33   4.2e-33       5      71 ..       4      70 ..       1      79 [. 0.92

  Alignments for each domain:
  == domain 1  score: 109.8 bits;  conditional E-value: 2.9e-33
                      gvpa  5 kvsassslaevldrvLdkGvvidawvrvsLvGielltvearvvvasvdtyLkyaeavglteqaalta 71
                               ++++ssla+vldr+LdkGvvid+++r+s+vGielltvearvv+asvdt+Lkya +++++eq++++ 
  nat_1f1d6fdb82f348ed948e  4 SQPDTSSLADVLDRILDKGVVIDVFARLSVVGIELLTVEARVVAASVDTFLKYAAEMSRIEQVTQSG 70
                              6899**********************************************************98764 PP

>> nat_63d39c2e5861daa31f41  
   #    score  bias  c-Evalue  i-Evalue hmmfrom  hmm to    alifrom  ali to    envfrom  env to     acc
 ---   ------ ----- --------- --------- ------- -------    ------- -------    ------- -------    ----
   1 !  109.7   1.1   3.1e-33   4.4e-33       1      67 [.       1      64 [.       1      77 [. 0.92

  Alignments for each domain:
  == domain 1  score: 109.7 bits;  conditional E-value: 3.1e-33
                      gvpa  1 mavekvsassslaevldrvLdkGvvidawvrvsLvGielltvearvvvasvdtyLkyaeavglteqa 67
                              m ++k+++ssslaev+dr+LdkG+vida++r   vGie+lt+earvv+asvdt+L+yaeavgl ++ 
  nat_63d39c2e5861daa31f41  1 MSIQKSTDSSSLAEVIDRILDKGIVIDAFAR---VGIEILTIEARVVIASVDTWLRYAEAVGLLTDK 64
                              89*****************************...6***************************97764 PP

>> nat_f7504e4129a4bef9f7f2  
   #    score  bias  c-Evalue  i-Evalue hmmfrom  hmm to    alifrom  ali to    envfrom  env to     acc
 ---   ------ ----- --------- --------- ------- -------    ------- -------    ------- -------    ----
   1 !  109.2   0.6   4.4e-33   6.3e-33       5      68 ..       3      66 ..       1      75 [. 0.93

  Alignments for each domain:
  == domain 1  score: 109.2 bits;  conditional E-value: 4.4e-33
                      gvpa  5 kvsassslaevldrvLdkGvvidawvrvsLvGielltvearvvvasvdtyLkyaeavglteqaa 68
                              +++ +sslaevldr+LdkG+vida+v vsLvGiell+ve r+v+asv+t+L yaeavglte+  
  nat_f7504e4129a4bef9f7f2  3 HSVHASSLAEVLDRILDKGIVIDAYVIVSLVGIELLAVELRAVIASVETWLLYAEAVGLTEEHH 66
                              67889*******************************************************9876 PP

>> nat_26e90ce65ed710949c06  
   #    score  bias  c-Evalue  i-Evalue hmmfrom  hmm to    alifrom  ali to    envfrom  env to     acc
 ---   ------ ----- --------- --------- ------- -------    ------- -------    ------- -------    ----
   1 !  108.9   0.5   5.5e-33   7.9e-33       1      69 [.       1      69 [.       1      83 [. 0.91

  Alignments for each domain:
  == domain 1  score: 108.9 bits;  conditional E-value: 5.5e-33
                      gvpa  1 mavekvsassslaevldrvLdkGvvidawvrvsLvGielltvearvvvasvdtyLkyaeavglteqaal 69
                              m +ek  ++ssl+ev+dr+LdkG+vid+++rvs++G+elltvear++v+s++t+L+ya+av l  + + 
  nat_26e90ce65ed710949c06  1 MMLEKCRDGSSLVEVVDRILDKGIVIDVFARVSVLGVELLTVEARIIVSSIETWLRYADAVDLLRHKEH 69
                              889**********************************************************99877654 PP

>> nat_5c03f7861ccf36dc0533  
   #    score  bias  c-Evalue  i-Evalue hmmfrom  hmm to    alifrom  ali to    envfrom  env to     acc
 ---   ------ ----- --------- --------- ------- -------    ------- -------    ------- -------    ----
   1 !  108.7   0.8   6.5e-33   9.3e-33       5      70 ..       4      69 ..       1      79 [. 0.92

  Alignments for each domain:
  == domain 1  score: 108.7 bits;  conditional E-value: 6.5e-33
                      gvpa  5 kvsassslaevldrvLdkGvvidawvrvsLvGielltvearvvvasvdtyLkyaeavglteqaalt 70
                               ++++ssla+vldr+LdkGvvid+++r+s+vGielltvearvv+asvdt+Lkya ++++ eq++++
  nat_5c03f7861ccf36dc0533  4 SQPDTSSLADVLDRILDKGVVIDVFARLSVVGIELLTVEARVVAASVDTFLKYATEMSRLEQVTQS 69
                              6899*********************************************************99876 PP

>> nat_0a6194eed91a047cb43e  
   #    score  bias  c-Evalue  i-Evalue hmmfrom  hmm to    alifrom  ali to    envfrom  env to     acc
 ---   ------ ----- --------- --------- ------- -------    ------- -------    ------- -------    ----
   1 !  108.6   0.8   6.8e-33   9.7e-33       5      70 ..       4      69 ..       1      79 [. 0.92

  Alignments for each domain:
  == domain 1  score: 108.6 bits;  conditional E-value: 6.8e-33
                      gvpa  5 kvsassslaevldrvLdkGvvidawvrvsLvGielltvearvvvasvdtyLkyaeavglteqaalt 70
                               ++++ssla+vldr+LdkGvvid+++r+s+vGielltvearvv+asvdt+Lkya ++++ eq++++
  nat_0a6194eed91a047cb43e  4 SQPDTSSLADVLDRILDKGVVIDVFARLSVVGIELLTVEARVVAASVDTFLKYAAEMSRLEQVTQS 69
                              6899*********************************************************99876 PP

>> nat_22c9ea68da69251de7cc  
   #    score  bias  c-Evalue  i-Evalue hmmfrom  hmm to    alifrom  ali to    envfrom  env to     acc
 ---   ------ ----- --------- --------- ------- -------    ------- -------    ------- -------    ----
   1 !  108.4   3.5   7.7e-33   1.1e-32       6      68 ..       5      67 ..       1      73 [. 0.94

  Alignments for each domain:
  == domain 1  score: 108.4 bits;  conditional E-value: 7.7e-33
                      gvpa  6 vsassslaevldrvLdkGvvidawvrvsLvGielltvearvvvasvdtyLkyaeavglteqaa 68
                               ++ssslaevldr+LdkG+vid+++rvsLvGiel+tvear+v+as++ yL ya+avglt++++
  nat_22c9ea68da69251de7cc  5 AVESSSLAEVLDRILDKGLVIDIFIRVSLVGIELVTVEARIVIASIESYLVYADAVGLTTRSQ 67
                              578*******************************************************98765 PP

>> nat_261427cf6474f66e5844  
   #    score  bias  c-Evalue  i-Evalue hmmfrom  hmm to    alifrom  ali to    envfrom  env to     acc
 ---   ------ ----- --------- --------- ------- -------    ------- -------    ------- -------    ----
   1 !  107.8   2.9   1.2e-32   1.8e-32       3      77 ..       4      78 ..       1      83 [. 0.91

  Alignments for each domain:
  == domain 1  score: 107.8 bits;  conditional E-value: 1.2e-32
                      gvpa  3 vekvsassslaevldrvLdkGvvidawvrvsLvGielltvearvvvasvdtyLkyaeavglteqaaltaaaeeav 77
                              ++k+++ssslaev+  +LdkG+vid+w+ vsLvGi+ll+vearvv+asv+tyLkya a+glt+ ++ +++ ++a+
  nat_261427cf6474f66e5844  4 IQKSTDSSSLAEVVSIILDKGIVIDVWATVSLVGIQLLAVEARVVIASVETYLKYAAAIGLTGGTQAAQSLKNAA 78
                              899***********************************************************9888877665554 PP

>> nat_7801d96d034213cf08c8  
   #    score  bias  c-Evalue  i-Evalue hmmfrom  hmm to    alifrom  ali to    envfrom  env to     acc
 ---   ------ ----- --------- --------- ------- -------    ------- -------    ------- -------    ----
   1 !  107.8   1.2   1.2e-32   1.7e-32       6      70 ..       5      69 ..       1      81 [. 0.92

  Alignments for each domain:
  == domain 1  score: 107.8 bits;  conditional E-value: 1.2e-32
                      gvpa  6 vsassslaevldrvLdkGvvidawvrvsLvGielltvearvvvasvdtyLkyaeavglteqaalt 70
                               +++sslaevldr+LdkGvvid wvrvsLvGie+lt+earv++a vdt+++ya +++++e a+  
  nat_7801d96d034213cf08c8  5 RPSTSSLAEVLDRILDKGVVIDLWVRVSLVGIEILTIEARVIIALVDTFFHYAREISKIEAAEEE 69
                              5789********************************************************99865 PP

>> nat_fd49c343614a605c0f40  
   #    score  bias  c-Evalue  i-Evalue hmmfrom  hmm to    alifrom  ali to    envfrom  env to     acc
 ---   ------ ----- --------- --------- ------- -------    ------- -------    ------- -------    ----
   1 !  107.7   0.5   1.3e-32   1.9e-32       1      68 [.       1      68 [.       1      84 [. 0.94

  Alignments for each domain:
  == domain 1  score: 107.7 bits;  conditional E-value: 1.3e-32
                      gvpa  1 mavekvsassslaevldrvLdkGvvidawvrvsLvGielltvearvvvasvdtyLkyaeavglteqaa 68
                              m v+k++++ssl+ev+dr+LdkG+vid+++++s++G+e++tvear+vv+s++t+L+ya+av l ++ +
  nat_fd49c343614a605c0f40  1 MHVKKNNDGSSLVEVIDRILDKGIVIDVYAKISVLGLEVITVEARIVVSSIETWLRYADAVDLLKNGE 68
                              889**********************************************************9988755 PP

>> nat_e9a0f84c227e1492bb83  
   #    score  bias  c-Evalue  i-Evalue hmmfrom  hmm to    alifrom  ali to    envfrom  env to     acc
 ---   ------ ----- --------- --------- ------- -------    ------- -------    ------- -------    ----
   1 !  107.5   3.0   1.4e-32   2.1e-32       3      77 ..       4      78 ..       1      82 [. 0.91

  Alignments for each domain:
  == domain 1  score: 107.5 bits;  conditional E-value: 1.4e-32
                      gvpa  3 vekvsassslaevldrvLdkGvvidawvrvsLvGielltvearvvvasvdtyLkyaeavglteqaaltaaaeeav 77
                              ++k+++ssslaev+  +LdkG+vid+w+ vsLvGi+ll+vearvv+asv+tyLkya a+glt+ ++ +++ ++a+
  nat_e9a0f84c227e1492bb83  4 IQKSTDSSSLAEVVSIILDKGIVIDVWATVSLVGIQLLAVEARVVIASVETYLKYAAAIGLTGGSQAAQSLKNAA 78
                              899***********************************************************9888877665554 PP

>> nat_cc5b8e3667bee7376c85  
   #    score  bias  c-Evalue  i-Evalue hmmfrom  hmm to    alifrom  ali to    envfrom  env to     acc
 ---   ------ ----- --------- --------- ------- -------    ------- -------    ------- -------    ----
   1 !  107.0   2.9   2.1e-32     3e-32       2      69 ..       3      70 ..       1      82 [. 0.92

  Alignments for each domain:
  == domain 1  score: 107.0 bits;  conditional E-value: 2.1e-32
                      gvpa  2 avekvsassslaevldrvLdkGvvidawvrvsLvGielltvearvvvasvdtyLkyaeavglteqaal 69
                              a+ k+++ssslaev+  +LdkG+vid+w+ vsLvGi++l+vearvv+asv+tyLkya a+glt  ++ 
  nat_cc5b8e3667bee7376c85  3 AITKSTDSSSLAEVISIILDKGIVIDVWATVSLVGIQILSVEARVVIASVETYLKYAAAIGLTAGSSS 70
                              799***********************************************************987654 PP

>> nat_824a3264c546dbd7013f  
   #    score  bias  c-Evalue  i-Evalue hmmfrom  hmm to    alifrom  ali to    envfrom  env to     acc
 ---   ------ ----- --------- --------- ------- -------    ------- -------    ------- -------    ----
   1 !  106.8   1.2   2.5e-32   3.6e-32       5      70 ..      13      78 ..      11      95 .. 0.92

  Alignments for each domain:
  == domain 1  score: 106.8 bits;  conditional E-value: 2.5e-32
                      gvpa  5 kvsassslaevldrvLdkGvvidawvrvsLvGielltvearvvvasvdtyLkyaeavglteqaalt 70
                              + ++++slaevldr+LdkG vid w+rvsLvGie+ltvearvv+ svdt+L+ya +++++e a+  
  nat_824a3264c546dbd7013f 13 RRPSTTSLAEVLDRILDKGAVIDLWIRVSLVGIEILTVEARVVIGSVDTFLHYAREISKIEAAEEE 78
                              678999*******************************************************99865 PP

>> nat_ad18f8d7fabecf9750fb  
   #    score  bias  c-Evalue  i-Evalue hmmfrom  hmm to    alifrom  ali to    envfrom  env to     acc
 ---   ------ ----- --------- --------- ------- -------    ------- -------    ------- -------    ----
   1 !  106.6   1.1   2.9e-32   4.1e-32       5      69 ..      13      77 ..      11      92 .. 0.93

  Alignments for each domain:
  == domain 1  score: 106.6 bits;  conditional E-value: 2.9e-32
                      gvpa  5 kvsassslaevldrvLdkGvvidawvrvsLvGielltvearvvvasvdtyLkyaeavglteqaal 69
                              + ++++slaevldr+LdkG vid w+rvsLvGie+ltvearvv+ svdt+L+ya +++++e a+ 
  nat_ad18f8d7fabecf9750fb 13 RRPSTTSLAEVLDRILDKGAVIDLWIRVSLVGIEILTVEARVVIGSVDTFLHYAREISKIEAAEE 77
                              678999******************************************************99986 PP

>> nat_65113288b099887ef152  
   #    score  bias  c-Evalue  i-Evalue hmmfrom  hmm to    alifrom  ali to    envfrom  env to     acc
 ---   ------ ----- --------- --------- ------- -------    ------- -------    ------- -------    ----
   1 !  106.4   1.3   3.3e-32   4.8e-32       5      69 ..      13      77 ..      11      90 .. 0.93

  Alignments for each domain:
  == domain 1  score: 106.4 bits;  conditional E-value: 3.3e-32
                      gvpa  5 kvsassslaevldrvLdkGvvidawvrvsLvGielltvearvvvasvdtyLkyaeavglteqaal 69
                              + ++++slaevldr+LdkG vid w+rvsLvGie+lt+earvv+ svdt+L+ya +++++e a+ 
  nat_65113288b099887ef152 13 RRPSTTSLAEVLDRILDKGAVIDLWARVSLVGIEILTIEARVVIGSVDTFLHYAREISKIEAAEE 77
                              678999******************************************************99986 PP

>> nat_47d50311ddb9a7300429  
   #    score  bias  c-Evalue  i-Evalue hmmfrom  hmm to    alifrom  ali to    envfrom  env to     acc
 ---   ------ ----- --------- --------- ------- -------    ------- -------    ------- -------    ----
   1 !  105.5   0.9   6.5e-32   9.3e-32       1      71 [.       1      71 [.       1      84 [. 0.93

  Alignments for each domain:
  == domain 1  score: 105.5 bits;  conditional E-value: 6.5e-32
                      gvpa  1 mavekvsassslaevldrvLdkGvvidawvrvsLvGielltvearvvvasvdtyLkyaeavglteqaalta 71
                              m v+k s++ssl+ev+dr+LdkG+vid+++++s++G+el+tv+ar+vv+s++t+L+ya+av l ++ +  +
  nat_47d50311ddb9a7300429  1 MHVKKCSDGSSLVEVVDRILDKGIVIDVYAKISVLGLELITVDARIVVSSIETWLRYADAVDLLKNGEEDH 71
                              889***********************************************************999877664 PP

>> nat_d565583d15eb6f192c57  
   #    score  bias  c-Evalue  i-Evalue hmmfrom  hmm to    alifrom  ali to    envfrom  env to     acc
 ---   ------ ----- --------- --------- ------- -------    ------- -------    ------- -------    ----
   1 !  105.4   2.5   6.7e-32   9.7e-32       1      67 [.       1      67 []       1      67 [] 0.98

  Alignments for each domain:
  == domain 1  score: 105.4 bits;  conditional E-value: 6.7e-32
                      gvpa  1 mavekvsassslaevldrvLdkGvvidawvrvsLvGielltvearvvvasvdtyLkyaeavglteqa 67
                              mav+   a s laev+dr+L +Gvvidaw+rvs++G+ell++earvvvasv+tyL+yaeavglt++a
  nat_d565583d15eb6f192c57  1 MAVKTALAPSGLAEVIDRILTQGVVIDAWARVSVLGLELLAIEARVVVASVETYLRYAEAVGLTSEA 67
                              9999999*********************************************************975 PP

>> nat_fde7addd3bf07688f196  
   #    score  bias  c-Evalue  i-Evalue hmmfrom  hmm to    alifrom  ali to    envfrom  env to     acc
 ---   ------ ----- --------- --------- ------- -------    ------- -------    ------- -------    ----
   1 !  105.2   1.0     8e-32   1.2e-31       1      71 [.       1      71 [.       1      84 [. 0.93

  Alignments for each domain:
  == domain 1  score: 105.2 bits;  conditional E-value: 8e-32
                      gvpa  1 mavekvsassslaevldrvLdkGvvidawvrvsLvGielltvearvvvasvdtyLkyaeavglteqaalta 71
                              m v+k s++ssl+ev+dr+LdkG+vid+++++s++G+el+tv+ar+vv+s++t+L+ya+av l ++ +  +
  nat_fde7addd3bf07688f196  1 MHVKKYSDGSSLVEVVDRILDKGIVIDVYAKISVLGLELITVDARIVVSSIETWLRYADAVDLLKNGEEDH 71
                              8899**********************************************************999877664 PP

>> nat_09f47a4c9a94b657ae7d  
   #    score  bias  c-Evalue  i-Evalue hmmfrom  hmm to    alifrom  ali to    envfrom  env to     acc
 ---   ------ ----- --------- --------- ------- -------    ------- -------    ------- -------    ----
   1 !  104.6   0.8   1.2e-31   1.7e-31       1      71 [.       1      71 [.       1      84 [. 0.93

  Alignments for each domain:
  == domain 1  score: 104.6 bits;  conditional E-value: 1.2e-31
                      gvpa  1 mavekvsassslaevldrvLdkGvvidawvrvsLvGielltvearvvvasvdtyLkyaeavglteqaalta 71
                              m v+k s++ssl+ev+dr+LdkG+vid+++++s++G+el+tv+ar+vv+s++t+L+ya+av l ++ +  +
  nat_09f47a4c9a94b657ae7d  1 MHVKKCSDGSSLVEVVDRILDKGIVIDIYAKISVLGLELITVDARIVVSSIETWLRYADAVDLLKNGEEDH 71
                              889***********************************************************999877664 PP

>> nat_241c00832790324418cd  
   #    score  bias  c-Evalue  i-Evalue hmmfrom  hmm to    alifrom  ali to    envfrom  env to     acc
 ---   ------ ----- --------- --------- ------- -------    ------- -------    ------- -------    ----
   1 !  104.2   1.9   1.6e-31   2.2e-31       7      69 ..      17      79 ..      15      92 .. 0.91

  Alignments for each domain:
  == domain 1  score: 104.2 bits;  conditional E-value: 1.6e-31
                      gvpa  7 sassslaevldrvLdkGvvidawvrvsLvGielltvearvvvasvdtyLkyaeavglteqaal 69
                              ++sssla+v+d +LdkG+vida+vrvsLvGiellt++arvvvasvdtyL++aeav + + +++
  nat_241c00832790324418cd 17 PSSSSLADVIDTILDKGLVIDAYVRVSLVGIELLTIDARVVVASVDTYLRFAEAVNRLDISDT 79
                              68*****************************************************98765554 PP

>> nat_e9cfe4a312dd51479edb  
   #    score  bias  c-Evalue  i-Evalue hmmfrom  hmm to    alifrom  ali to    envfrom  env to     acc
 ---   ------ ----- --------- --------- ------- -------    ------- -------    ------- -------    ----
   1 !  103.7   1.7   2.3e-31   3.3e-31       7      68 ..      15      76 ..      11      87 .. 0.92

  Alignments for each domain:
  == domain 1  score: 103.7 bits;  conditional E-value: 2.3e-31
                      gvpa  7 sassslaevldrvLdkGvvidawvrvsLvGielltvearvvvasvdtyLkyaeavglteqaa 68
                               +sssla+v+d +LdkG+vida++rvsLvGiellt+++r+vvasvdtyL++aeav + + ++
  nat_e9cfe4a312dd51479edb 15 RSSSSLADVIDTILDKGIVIDAYIRVSLVGIELLTIDVRIVVASVDTYLRFAEAVNRLDLTQ 76
                              689****************************************************9887665 PP

>> nat_e8960ef9f28cbd66312c  
   #    score  bias  c-Evalue  i-Evalue hmmfrom  hmm to    alifrom  ali to    envfrom  env to     acc
 ---   ------ ----- --------- --------- ------- -------    ------- -------    ------- -------    ----
   1 !  102.9   2.4   4.2e-31     6e-31       7      68 ..      15      76 ..      11      86 .. 0.91

  Alignments for each domain:
  == domain 1  score: 102.9 bits;  conditional E-value: 4.2e-31
                      gvpa  7 sassslaevldrvLdkGvvidawvrvsLvGielltvearvvvasvdtyLkyaeavglteqaa 68
                              ++sssla+v+d +LdkG+vida+vr+sLvGiellt++ar+vvasvdtyL++aeav + + a+
  nat_e8960ef9f28cbd66312c 15 PSSSSLADVVDTILDKGLVIDAYVRISLVGIELLTIDARIVVASVDTYLRFAEAVNRLDIAQ 76
                              789****************************************************9887665 PP

>> nat_99653906bbbaa3567e58  
   #    score  bias  c-Evalue  i-Evalue hmmfrom  hmm to    alifrom  ali to    envfrom  env to     acc
 ---   ------ ----- --------- --------- ------- -------    ------- -------    ------- -------    ----
   1 !  102.9   2.3   4.1e-31   5.9e-31       2      69 ..       3      70 ..       1      79 [. 0.94

  Alignments for each domain:
  == domain 1  score: 102.9 bits;  conditional E-value: 4.1e-31
                      gvpa  2 avekvsassslaevldrvLdkGvvidawvrvsLvGielltvearvvvasvdtyLkyaeavglteqaal 69
                              a++k+++ssslaev+  +LdkGvvid+w+ vsLvGi l+ +ear+v+asvdt+Lkya +vgl ++++ 
  nat_99653906bbbaa3567e58  3 AIQKSVDSSSLAEVIYLILDKGVVIDIWACVSLVGIRLIDIEARIVIASVDTWLKYACEVGLLKKSEE 70
                              799***********************************************************998765 PP

>> nat_03e37b9ff61818fe868f  
   #    score  bias  c-Evalue  i-Evalue hmmfrom  hmm to    alifrom  ali to    envfrom  env to     acc
 ---   ------ ----- --------- --------- ------- -------    ------- -------    ------- -------    ----
   1 !  100.9   0.7   1.7e-30   2.5e-30       7      70 ..      17      80 ..      14      93 .. 0.92

  Alignments for each domain:
  == domain 1  score: 100.9 bits;  conditional E-value: 1.7e-30
                      gvpa  7 sassslaevldrvLdkGvvidawvrvsLvGielltvearvvvasvdtyLkyaeavglteqaalt 70
                              s++s la+v+d +LdkG+vida+vrvsLvGie+lt+++rvvvasvdtyL++aeav + + a++ 
  nat_03e37b9ff61818fe868f 17 SSGSGLADVIDTILDKGLVIDAYVRVSLVGIEILTIDVRVVVASVDTYLRFAEAVNRLDIASQQ 80
                              67999**************************************************998877765 PP

>> nat_3ca681349695f8ed3ee4  
   #    score  bias  c-Evalue  i-Evalue hmmfrom  hmm to    alifrom  ali to    envfrom  env to     acc
 ---   ------ ----- --------- --------- ------- -------    ------- -------    ------- -------    ----
   1 !  100.8   1.9   1.9e-30   2.7e-30       7      70 ..      14      77 ..      11      88 .. 0.90

  Alignments for each domain:
  == domain 1  score: 100.8 bits;  conditional E-value: 1.9e-30
                      gvpa  7 sassslaevldrvLdkGvvidawvrvsLvGielltvearvvvasvdtyLkyaeavglteqaalt 70
                              ++ss laev+d +LdkG+vid+wvrvsLvGiellt++ar+vvasvdtyL++aeav + + a   
  nat_3ca681349695f8ed3ee4 14 PSSSGLAEVVDLILDKGLVIDIWVRVSLVGIELLTIDARIVVASVDTYLRFAEAVNRLDLARSG 77
                              6899***************************************************999887655 PP

>> nat_db9f1375949c94632148  
   #    score  bias  c-Evalue  i-Evalue hmmfrom  hmm to    alifrom  ali to    envfrom  env to     acc
 ---   ------ ----- --------- --------- ------- -------    ------- -------    ------- -------    ----
   1 !  100.8   0.9   1.9e-30   2.7e-30       7      70 ..      15      78 ..      10      89 .. 0.90

  Alignments for each domain:
  == domain 1  score: 100.8 bits;  conditional E-value: 1.9e-30
                      gvpa  7 sassslaevldrvLdkGvvidawvrvsLvGielltvearvvvasvdtyLkyaeavglteqaalt 70
                               +ss la+v+d +LdkG+vida+vrvsLvGie+ltv+arvvvasvdtyL++aeav + + +++ 
  nat_db9f1375949c94632148 15 GSSSGLADVIDTILDKGLVIDAYVRVSLVGIEVLTVDARVVVASVDTYLRFAEAVNRLDLSQTG 78
                              57999**************************************************998877665 PP

>> nat_a073bea82f9def955f00  
   #    score  bias  c-Evalue  i-Evalue hmmfrom  hmm to    alifrom  ali to    envfrom  env to     acc
 ---   ------ ----- --------- --------- ------- -------    ------- -------    ------- -------    ----
   1 !  101.1   1.1   1.5e-30   2.2e-30       7      66 ..       6      65 ..       1      67 [] 0.94

  Alignments for each domain:
  == domain 1  score: 101.1 bits;  conditional E-value: 1.5e-30
                      gvpa  7 sassslaevldrvLdkGvvidawvrvsLvGielltvearvvvasvdtyLkyaeavglteq 66
                              +++ssl+evldr+LdkGvv+d w r+sLvGie +tvearvvv s dt+L+ya +v++ e 
  nat_a073bea82f9def955f00  6 PSTSSLVEVLDRILDKGVVVDLWTRISLVGIETVTVEARVVVGSADTFLHYAREVSKLEA 65
                              789****************************************************99876 PP

>> nat_c17881a40bc443471c80  
   #    score  bias  c-Evalue  i-Evalue hmmfrom  hmm to    alifrom  ali to    envfrom  env to     acc
 ---   ------ ----- --------- --------- ------- -------    ------- -------    ------- -------    ----
   1 !   99.3   1.4   5.5e-30   7.9e-30       6      69 ..      16      79 ..      11      88 .. 0.89

  Alignments for each domain:
  == domain 1  score: 99.3 bits;  conditional E-value: 5.5e-30
                      gvpa  6 vsassslaevldrvLdkGvvidawvrvsLvGielltvearvvvasvdtyLkyaeavglteqaal 69
                              +s+ss la+v+d +LdkG+vida+vrvsLvGie+lt+++r+vvasvdtyL++aea  + + +++
  nat_c17881a40bc443471c80 16 SSSSSGLADVIDTILDKGLVIDAFVRVSLVGIEILTIDVRIVVASVDTYLRFAEAANRLDLSQT 79
                              567788*************************************************988776655 PP

>> nat_0ebe1baa66ad5d5cb860  
   #    score  bias  c-Evalue  i-Evalue hmmfrom  hmm to    alifrom  ali to    envfrom  env to     acc
 ---   ------ ----- --------- --------- ------- -------    ------- -------    ------- -------    ----
   1 !   98.5   0.3   9.7e-30   1.4e-29       8      69 ..      17      78 ..      12     102 .. 0.90

  Alignments for each domain:
  == domain 1  score: 98.5 bits;  conditional E-value: 9.7e-30
                      gvpa  8 assslaevldrvLdkGvvidawvrvsLvGielltvearvvvasvdtyLkyaeavglteqaal 69
                              + + la+v+d +LdkG+vida+vrvsLvGiellt++ar+vvasvdtyL++a+av + + +++
  nat_0ebe1baa66ad5d5cb860 17 SPTGLADVIDTILDKGLVIDAYVRVSLVGIELLTIDARIVVASVDTYLRFADAVNRLDISET 78
                              5678**************************************************98766554 PP

>> nat_d9b388b924f7fb872e9a  
   #    score  bias  c-Evalue  i-Evalue hmmfrom  hmm to    alifrom  ali to    envfrom  env to     acc
 ---   ------ ----- --------- --------- ------- -------    ------- -------    ------- -------    ----
   1 !   98.4   0.2     1e-29   1.5e-29       7      70 ..       9      72 ..       1      83 [. 0.87

  Alignments for each domain:
  == domain 1  score: 98.4 bits;  conditional E-value: 1e-29
                      gvpa  7 sassslaevldrvLdkGvvidawvrvsLvGielltvearvvvasvdtyLkyaeavglteqaalt 70
                              +ass la+v+d +LdkG+vida++rvsL+Gie+l+vearvvv+svdtyL++aea++  e+    
  nat_d9b388b924f7fb872e9a  9 PASSGLADVIDTILDKGLVIDAYARVSLIGIEVLAVEARVVVSSVDTYLRFAEAMSHLEEEMEE 72
                              689****************************************************988765443 PP

>> nat_48dbcd4ed98d41a9651a  
   #    score  bias  c-Evalue  i-Evalue hmmfrom  hmm to    alifrom  ali to    envfrom  env to     acc
 ---   ------ ----- --------- --------- ------- -------    ------- -------    ------- -------    ----
   1 !   97.1   0.2   2.6e-29   3.8e-29       5      66 ..      10      71 ..       7      85 .. 0.90

  Alignments for each domain:
  == domain 1  score: 97.1 bits;  conditional E-value: 2.6e-29
                      gvpa  5 kvsassslaevldrvLdkGvvidawvrvsLvGielltvearvvvasvdtyLkyaeavglteq 66
                              + +  s la+vld vLdkG+vida+vrv+LvGie+lt++ar+v+asvdtyL++aeav + + 
  nat_48dbcd4ed98d41a9651a 10 RAPRPSGLADVLDVVLDKGIVIDAYVRVALVGIEILTIDARIVIASVDTYLRFAEAVNRLDI 71
                              5677899**************************************************98754 PP

>> nat_0df60d2fc55bf3787af1  
   #    score  bias  c-Evalue  i-Evalue hmmfrom  hmm to    alifrom  ali to    envfrom  env to     acc
 ---   ------ ----- --------- --------- ------- -------    ------- -------    ------- -------    ----
   1 !   96.6   1.0   3.6e-29   5.2e-29       3      64 ..       4      65 ..       2      85 .. 0.92

  Alignments for each domain:
  == domain 1  score: 96.6 bits;  conditional E-value: 3.6e-29
                      gvpa  3 vekvsassslaevldrvLdkGvvidawvrvsLvGielltvearvvvasvdtyLkyaeavglt 64
                              v++ +  ssla+vld vLdkG+v+da+vrv+L+G+el+t++arvv+asvdtyL++aeav + 
  nat_0df60d2fc55bf3787af1  4 VNRAPRPSSLADVLDVVLDKGIVVDAYVRVALLGVELVTIDARVVIASVDTYLRFAEAVDRL 65
                              7899999****************************************************875 PP

>> nat_11cdda0e14dc63f88e35  
   #    score  bias  c-Evalue  i-Evalue hmmfrom  hmm to    alifrom  ali to    envfrom  env to     acc
 ---   ------ ----- --------- --------- ------- -------    ------- -------    ------- -------    ----
   1 !   96.5   0.7   3.9e-29   5.6e-29       7      69 ..      14      76 ..      11      84 .. 0.92

  Alignments for each domain:
  == domain 1  score: 96.5 bits;  conditional E-value: 3.9e-29
                      gvpa  7 sassslaevldrvLdkGvvidawvrvsLvGielltvearvvvasvdtyLkyaeavglteqaal 69
                              ++s  laev+d +LdkG+vid++vrvsLvGiellt++ar+v+asvdtyL++aeav + + a +
  nat_11cdda0e14dc63f88e35 14 PSSGGLAEVVDLILDKGLVIDIYVRVSLVGIELLTIDARIVIASVDTYLRFAEAVNRLDLART 76
                              67899**************************************************99887765 PP

>> nat_cf2b86e8ceab5f9ee1d8  
   #    score  bias  c-Evalue  i-Evalue hmmfrom  hmm to    alifrom  ali to    envfrom  env to     acc
 ---   ------ ----- --------- --------- ------- -------    ------- -------    ------- -------    ----
   1 !   96.3   1.6   4.7e-29   6.7e-29       7      68 ..      14      75 ..      11      85 .. 0.93

  Alignments for each domain:
  == domain 1  score: 96.3 bits;  conditional E-value: 4.7e-29
                      gvpa  7 sassslaevldrvLdkGvvidawvrvsLvGielltvearvvvasvdtyLkyaeavglteqaa 68
                              ++ss l++v+d +LdkG+vid++vrvsLvGiellt++ar+v+asvdtyL++aeav + + a 
  nat_cf2b86e8ceab5f9ee1d8 14 PSSSGLVDVVDLILDKGLVIDIYVRVSLVGIELLTIDARIVIASVDTYLRFAEAVNRLDLAR 75
                              6899***************************************************9887665 PP

>> nat_bb5cf35be2d320c0ead2  
   #    score  bias  c-Evalue  i-Evalue hmmfrom  hmm to    alifrom  ali to    envfrom  env to     acc
 ---   ------ ----- --------- --------- ------- -------    ------- -------    ------- -------    ----
   1 !   96.3   1.6   4.7e-29   6.7e-29       7      68 ..      14      75 ..      11      85 .. 0.93

  Alignments for each domain:
  == domain 1  score: 96.3 bits;  conditional E-value: 4.7e-29
                      gvpa  7 sassslaevldrvLdkGvvidawvrvsLvGielltvearvvvasvdtyLkyaeavglteqaa 68
                              ++ss l++v+d +LdkG+vid++vrvsLvGiellt++ar+v+asvdtyL++aeav + + a 
  nat_bb5cf35be2d320c0ead2 14 PSSSGLVDVVDLILDKGLVIDIYVRVSLVGIELLTIDARIVIASVDTYLRFAEAVNRLDLAR 75
                              6899***************************************************9887665 PP

>> nat_370aa86e30267a3a072e  
   #    score  bias  c-Evalue  i-Evalue hmmfrom  hmm to    alifrom  ali to    envfrom  env to     acc
 ---   ------ ----- --------- --------- ------- -------    ------- -------    ------- -------    ----
   1 !   96.3   1.6   4.7e-29   6.7e-29       7      68 ..      14      75 ..      11      85 .. 0.93

  Alignments for each domain:
  == domain 1  score: 96.3 bits;  conditional E-value: 4.7e-29
                      gvpa  7 sassslaevldrvLdkGvvidawvrvsLvGielltvearvvvasvdtyLkyaeavglteqaa 68
                              ++ss l++v+d +LdkG+vid++vrvsLvGiellt++ar+v+asvdtyL++aeav + + a 
  nat_370aa86e30267a3a072e 14 PSSSGLVDVVDLILDKGLVIDIYVRVSLVGIELLTIDARIVIASVDTYLRFAEAVNRLDLAR 75
                              6899***************************************************9887665 PP

>> nat_7bdcd34808440e398074  
   #    score  bias  c-Evalue  i-Evalue hmmfrom  hmm to    alifrom  ali to    envfrom  env to     acc
 ---   ------ ----- --------- --------- ------- -------    ------- -------    ------- -------    ----
   1 !   96.2   1.2     5e-29   7.2e-29       7      65 ..      17      75 ..      13      85 .. 0.92

  Alignments for each domain:
  == domain 1  score: 96.2 bits;  conditional E-value: 5e-29
                      gvpa  7 sassslaevldrvLdkGvvidawvrvsLvGielltvearvvvasvdtyLkyaeavglte 65
                              ++sssla+v++ +LdkG+vida+vrvsLvGie+lt++ar+v+asvdtyL++aea  + +
  nat_7bdcd34808440e398074 17 PSSSSLADVIEIILDKGLVIDAYVRVSLVGIEVLTIDARIVIASVDTYLRFAEATNRLD 75
                              789**************************************************987655 PP

>> nat_5db4f89b8985994be8c6  
   #    score  bias  c-Evalue  i-Evalue hmmfrom  hmm to    alifrom  ali to    envfrom  env to     acc
 ---   ------ ----- --------- --------- ------- -------    ------- -------    ------- -------    ----
   1 !   96.2   1.2     5e-29   7.2e-29       7      65 ..      17      75 ..      13      85 .. 0.92

  Alignments for each domain:
  == domain 1  score: 96.2 bits;  conditional E-value: 5e-29
                      gvpa  7 sassslaevldrvLdkGvvidawvrvsLvGielltvearvvvasvdtyLkyaeavglte 65
                              ++sssla+v++ +LdkG+vida+vrvsLvGie+lt++ar+v+asvdtyL++aea  + +
  nat_5db4f89b8985994be8c6 17 PSSSSLADVIEIILDKGLVIDAYVRVSLVGIEVLTIDARIVIASVDTYLRFAEATNRLD 75
                              789**************************************************987655 PP

>> nat_d3af78dd1e3340eceeac  
   #    score  bias  c-Evalue  i-Evalue hmmfrom  hmm to    alifrom  ali to    envfrom  env to     acc
 ---   ------ ----- --------- --------- ------- -------    ------- -------    ------- -------    ----
   1 !   96.3   0.3   4.7e-29   6.8e-29       8      65 ..      15      72 ..      12      86 .. 0.91

  Alignments for each domain:
  == domain 1  score: 96.3 bits;  conditional E-value: 4.7e-29
                      gvpa  8 assslaevldrvLdkGvvidawvrvsLvGielltvearvvvasvdtyLkyaeavglte 65
                              + s la+v+d +LdkG+vida+vrvsLvGiellt++ar+vvasvdtyL++aea  + +
  nat_d3af78dd1e3340eceeac 15 SPSGLADVIDTILDKGLVIDAYVRVSLVGIELLTIDARIVVASVDTYLRFAEATNRLQ 72
                              5689************************************************987654 PP

>> nat_1ad342624de277274295  
   #    score  bias  c-Evalue  i-Evalue hmmfrom  hmm to    alifrom  ali to    envfrom  env to     acc
 ---   ------ ----- --------- --------- ------- -------    ------- -------    ------- -------    ----
   1 !   95.3   1.1   9.4e-29   1.3e-28       7      68 ..      14      75 ..      10      85 .. 0.91

  Alignments for each domain:
  == domain 1  score: 95.3 bits;  conditional E-value: 9.4e-29
                      gvpa  7 sassslaevldrvLdkGvvidawvrvsLvGielltvearvvvasvdtyLkyaeavglteqaa 68
                              +++s laev+d +LdkG+vid++vrvs+vGiellt++ar+vvasvdtyL++aeav + + a 
  nat_1ad342624de277274295 14 PSTSGLAEVVDLILDKGLVIDIFVRVSVVGIELLTIDARIVVASVDTYLRFAEAVNRLDLAR 75
                              67899**************************************************9987765 PP

>> nat_f9a6c4e29c6909a7bfea  
   #    score  bias  c-Evalue  i-Evalue hmmfrom  hmm to    alifrom  ali to    envfrom  env to     acc
 ---   ------ ----- --------- --------- ------- -------    ------- -------    ------- -------    ----
   1 !   94.6   1.2   1.5e-28   2.2e-28       3      67 ..      15      79 ..      13      89 .. 0.92

  Alignments for each domain:
  == domain 1  score: 94.6 bits;  conditional E-value: 1.5e-28
                      gvpa  3 vekvsassslaevldrvLdkGvvidawvrvsLvGielltvearvvvasvdtyLkyaeavglteqa 67
                              v++  ++ssla+v+d +L+kG+vid ++rvsLvGie+ltv++r+vvasvdtyL++aeav + + a
  nat_f9a6c4e29c6909a7bfea 15 VQRGGSGSSLADVVDLILEKGLVIDLYARVSLVGIEILTVDVRIVVASVDTYLRFAEAVNRLDIA 79
                              678889*****************************************************987655 PP

>> nat_7ca23b11f7e72b0b7519  
   #    score  bias  c-Evalue  i-Evalue hmmfrom  hmm to    alifrom  ali to    envfrom  env to     acc
 ---   ------ ----- --------- --------- ------- -------    ------- -------    ------- -------    ----
   1 !   94.3   1.5     2e-28   2.8e-28       7      66 ..      17      76 ..      14      88 .. 0.89

  Alignments for each domain:
  == domain 1  score: 94.3 bits;  conditional E-value: 2e-28
                      gvpa  7 sassslaevldrvLdkGvvidawvrvsLvGielltvearvvvasvdtyLkyaeavglteq 66
                              + ss la+v+d +LdkG+vida+vrvsL+G+ellt++ar+v+asvdtyL++aeav +++ 
  nat_7ca23b11f7e72b0b7519 17 PRSSGLADVIDLILDKGLVIDAFVRVSLLGLELLTIDARIVIASVDTYLRFAEAVDRVVL 76
                              6799***************************************************98764 PP

>> nat_5fe0328494dc254c515b  
   #    score  bias  c-Evalue  i-Evalue hmmfrom  hmm to    alifrom  ali to    envfrom  env to     acc
 ---   ------ ----- --------- --------- ------- -------    ------- -------    ------- -------    ----
   1 !   94.3   1.4   1.9e-28   2.7e-28       3      66 ..      15      78 ..      13      88 .. 0.92

  Alignments for each domain:
  == domain 1  score: 94.3 bits;  conditional E-value: 1.9e-28
                      gvpa  3 vekvsassslaevldrvLdkGvvidawvrvsLvGielltvearvvvasvdtyLkyaeavglteq 66
                              v++  ++ssla+v+d +L+kG+vid ++rvsLvGie+ltv++r+vvasvdtyL++aeav + + 
  nat_5fe0328494dc254c515b 15 VQRGGSGSSLADVVDLILEKGLVIDLYARVSLVGIEILTVDVRIVVASVDTYLRFAEAVNRLDI 78
                              678889*****************************************************98765 PP

>> nat_f6319f5f160f5a18b334  
   #    score  bias  c-Evalue  i-Evalue hmmfrom  hmm to    alifrom  ali to    envfrom  env to     acc
 ---   ------ ----- --------- --------- ------- -------    ------- -------    ------- -------    ----
   1 !   94.2   0.6   2.1e-28     3e-28       8      73 ..      15      80 ..      10      87 .. 0.91

  Alignments for each domain:
  == domain 1  score: 94.2 bits;  conditional E-value: 2.1e-28
                      gvpa  8 assslaevldrvLdkGvvidawvrvsLvGielltvearvvvasvdtyLkyaeavglteqaaltaaa 73
                               s sl + l+ +LdkG+vida+vrvsL+Gie+l ve+rvv+asvdt+L+ya a+g+ e a++ a  
  nat_f6319f5f160f5a18b334 15 RSGSLYDTLELILDKGIVIDAFVRVSLIGIEILRVEVRVVIASVDTFLRYAAALGQLELAQRQARE 80
                              589*******************************************************99987544 PP

>> nat_1d6f00b576454c5129eb  
   #    score  bias  c-Evalue  i-Evalue hmmfrom  hmm to    alifrom  ali to    envfrom  env to     acc
 ---   ------ ----- --------- --------- ------- -------    ------- -------    ------- -------    ----
   1 !   94.3   0.5   1.9e-28   2.8e-28       7      66 ..       6      65 ..       2      71 .] 0.93

  Alignments for each domain:
  == domain 1  score: 94.3 bits;  conditional E-value: 1.9e-28
                      gvpa  7 sassslaevldrvLdkGvvidawvrvsLvGielltvearvvvasvdtyLkyaeavglteq 66
                              +++sslaevldr+LdkG+v+d  +r+sLvGi+++tvearv v svdt+L+ya +++  e 
  nat_1d6f00b576454c5129eb  6 PSTSSLAEVLDRILDKGIVVDLRARLSLVGIKMVTVEARVTVGSVDTFLHYASEIAELEA 65
                              689****************************************************98876 PP

>> nat_0739506f322325ee29fe  
   #    score  bias  c-Evalue  i-Evalue hmmfrom  hmm to    alifrom  ali to    envfrom  env to     acc
 ---   ------ ----- --------- --------- ------- -------    ------- -------    ------- -------    ----
   1 !   93.5   3.1   3.4e-28   4.9e-28       7      66 ..      16      75 ..      14      85 .. 0.93

  Alignments for each domain:
  == domain 1  score: 93.5 bits;  conditional E-value: 3.4e-28
                      gvpa  7 sassslaevldrvLdkGvvidawvrvsLvGielltvearvvvasvdtyLkyaeavglteq 66
                              s+s  la+v+d +LdkG+v+da+vrvs+vGie+ltv+arvvvasvdtyL+ya+av + + 
  nat_0739506f322325ee29fe 16 SDSNGLADVVDTILDKGLVLDAYVRVSVVGIEILTVDARVVVASVDTYLRYADAVNRLDI 75
                              68999**************************************************98765 PP

>> nat_fca4193e69c1cb015d9a  
   #    score  bias  c-Evalue  i-Evalue hmmfrom  hmm to    alifrom  ali to    envfrom  env to     acc
 ---   ------ ----- --------- --------- ------- -------    ------- -------    ------- -------    ----
   1 !   92.8   0.2   5.9e-28   8.5e-28       8      72 ..      16      80 ..      14      90 .. 0.92

  Alignments for each domain:
  == domain 1  score: 92.8 bits;  conditional E-value: 5.9e-28
                      gvpa  8 assslaevldrvLdkGvvidawvrvsLvGielltvearvvvasvdtyLkyaeavglteqaaltaa 72
                              +sssl +vl+ vLd+G+vida+vrvsLvGiell +++rvvvasvdtyL++aea g+ +  a ++ 
  nat_fca4193e69c1cb015d9a 16 SSSSLYDVLELVLDRGLVIDAFVRVSLVGIELLKIDVRVVVASVDTYLRFAEAAGRLNLEAGPNK 80
                              79*****************************************************9988777655 PP

>> nat_febdf633d7175529519f  
   #    score  bias  c-Evalue  i-Evalue hmmfrom  hmm to    alifrom  ali to    envfrom  env to     acc
 ---   ------ ----- --------- --------- ------- -------    ------- -------    ------- -------    ----
   1 !   92.4   0.6   7.4e-28   1.1e-27       5      69 ..      14      78 ..      11      87 .. 0.92

  Alignments for each domain:
  == domain 1  score: 92.4 bits;  conditional E-value: 7.4e-28
                      gvpa  5 kvsassslaevldrvLdkGvvidawvrvsLvGielltvearvvvasvdtyLkyaeavglteqaal 69
                              ++s++  la+v+d +LdkG+vid++v v+LvGiellt++arvvvasvdtyL++a+av + + a+ 
  nat_febdf633d7175529519f 14 RSSSGGGLADVIDTILDKGLVIDVYVSVALVGIELLTINARVVVASVDTYLRFAQAVNRLDLAEG 78
                              7889999**************************************************99888765 PP

>> nat_590810062f7432024711  
   #    score  bias  c-Evalue  i-Evalue hmmfrom  hmm to    alifrom  ali to    envfrom  env to     acc
 ---   ------ ----- --------- --------- ------- -------    ------- -------    ------- -------    ----
   1 !   92.4   0.2   7.5e-28   1.1e-27      10      64 ..      17      71 ..      10      79 .. 0.90

  Alignments for each domain:
  == domain 1  score: 92.4 bits;  conditional E-value: 7.5e-28
                      gvpa 10 sslaevldrvLdkGvvidawvrvsLvGielltvearvvvasvdtyLkyaeavglt 64
                                laevld +LdkG+vida+v+vsLvGiel+t++ar+vvasvdtyLk+aea  + 
  nat_590810062f7432024711 17 GGLAEVLDLILDKGLVIDAFVKVSLVGIELITIDARIVVASVDTYLKFAEATNRL 71
                              469***********************************************98765 PP

>> nat_840c1e4fe0d4806879ab  
   #    score  bias  c-Evalue  i-Evalue hmmfrom  hmm to    alifrom  ali to    envfrom  env to     acc
 ---   ------ ----- --------- --------- ------- -------    ------- -------    ------- -------    ----
   1 !   92.3   0.2   8.2e-28   1.2e-27      10      65 ..       7      62 ..       1      74 [. 0.90

  Alignments for each domain:
  == domain 1  score: 92.3 bits;  conditional E-value: 8.2e-28
                      gvpa 10 sslaevldrvLdkGvvidawvrvsLvGielltvearvvvasvdtyLkyaeavglte 65
                                laevld +LdkG+vida+v+vsLvGiel+t++ar+vvasvdtyL++aea  + +
  nat_840c1e4fe0d4806879ab  7 GGLAEVLDLILDKGLVIDAFVKVSLVGIELITIDARIVVASVDTYLRFAEATNRLD 62
                              579***********************************************987765 PP

>> nat_b777f719d06f5568d601  
   #    score  bias  c-Evalue  i-Evalue hmmfrom  hmm to    alifrom  ali to    envfrom  env to     acc
 ---   ------ ----- --------- --------- ------- -------    ------- -------    ------- -------    ----
   1 !   92.2   1.3   8.9e-28   1.3e-27       7      65 ..      14      72 ..      10      85 .. 0.91

  Alignments for each domain:
  == domain 1  score: 92.2 bits;  conditional E-value: 8.9e-28
                      gvpa  7 sassslaevldrvLdkGvvidawvrvsLvGielltvearvvvasvdtyLkyaeavglte 65
                              ++ s l++v+d +LdkG+vid++ rvsLvGiellt++ar+vvasvdtyL++aeav + +
  nat_b777f719d06f5568d601 14 PSPSGLVDVVDLILDKGLVIDVYLRVSLVGIELLTIDARIVVASVDTYLRFAEAVNRLD 72
                              56799**************************************************8765 PP

>> nat_a0c33ff7daaf9315de4b  
   #    score  bias  c-Evalue  i-Evalue hmmfrom  hmm to    alifrom  ali to    envfrom  env to     acc
 ---   ------ ----- --------- --------- ------- -------    ------- -------    ------- -------    ----
   1 !   91.9   1.3   1.1e-27   1.5e-27       2      67 ..      14      79 ..      13      89 .. 0.92

  Alignments for each domain:
  == domain 1  score: 91.9 bits;  conditional E-value: 1.1e-27
                      gvpa  2 avekvsassslaevldrvLdkGvvidawvrvsLvGielltvearvvvasvdtyLkyaeavglteqa 67
                              +v++  ++s la+v+d +L+kG+vid ++rvsLvGie+lt+++r+vvasvdtyL++aeav + + a
  nat_a0c33ff7daaf9315de4b 14 VVQRGGSGSGLADVVDLILEKGLVIDLYARVSLVGIEILTIDVRIVVASVDTYLRFAEAVNRLDIA 79
                              67888999****************************************************987655 PP

>> nat_e2dc3b903f2c8b00f1a7  
   #    score  bias  c-Evalue  i-Evalue hmmfrom  hmm to    alifrom  ali to    envfrom  env to     acc
 ---   ------ ----- --------- --------- ------- -------    ------- -------    ------- -------    ----
   1 !   91.7   0.4   1.3e-27   1.8e-27      10      66 ..       7      63 ..       1      76 [. 0.89

  Alignments for each domain:
  == domain 1  score: 91.7 bits;  conditional E-value: 1.3e-27
                      gvpa 10 sslaevldrvLdkGvvidawvrvsLvGielltvearvvvasvdtyLkyaeavglteq 66
                                laevld +LdkG+vida+v+vsLvGie+lt++ar+vvasvdtyL++aea  + + 
  nat_e2dc3b903f2c8b00f1a7  7 GGLAEVLDLILDKGLVIDAFVKVSLVGIEILTIDARIVVASVDTYLRFAEATNRLDL 63
                              579***********************************************9887665 PP

>> nat_76b7cbd0ac40cdad80a9  
   #    score  bias  c-Evalue  i-Evalue hmmfrom  hmm to    alifrom  ali to    envfrom  env to     acc
 ---   ------ ----- --------- --------- ------- -------    ------- -------    ------- -------    ----
   1 !   91.5   0.2   1.4e-27   2.1e-27       1      67 [.       1      66 [.       1      77 [. 0.88

  Alignments for each domain:
  == domain 1  score: 91.5 bits;  conditional E-value: 1.4e-27
                      gvpa  1 mavekvsassslaevldrvLdkGvvidawvrvsLvGielltvearvvvasvdtyLkyaeavglteqa 67
                              m+v +++++  laevld +LdkG+vid++++vsLvGie+lt++ar+vvasvdtyL++aea  + +  
  nat_76b7cbd0ac40cdad80a9  1 MTVSRSPQG-GLAEVLDLILDKGLVIDVFAKVSLVGIEILTIDARIVVASVDTYLRFAEATNRLDLH 66
                              666666665.6************************************************98876655 PP

>> nat_23547210dabe68635401  
   #    score  bias  c-Evalue  i-Evalue hmmfrom  hmm to    alifrom  ali to    envfrom  env to     acc
 ---   ------ ----- --------- --------- ------- -------    ------- -------    ------- -------    ----
   1 !   91.3   0.9   1.7e-27   2.5e-27       8      64 ..      21      77 ..      15      92 .. 0.92

  Alignments for each domain:
  == domain 1  score: 91.3 bits;  conditional E-value: 1.7e-27
                      gvpa  8 assslaevldrvLdkGvvidawvrvsLvGielltvearvvvasvdtyLkyaeavglt 64
                              +sssla+v+d +L+kG+vid ++rvsLvGie+ltv++r+vvasvdtyL++aea  + 
  nat_23547210dabe68635401 21 SSSSLADVVDLILEKGLVIDLYARVSLVGIEILTVDVRIVVASVDTYLRFAEACNRL 77
                              799*************************************************98765 PP

>> nat_71487a9fd043fc5b4741  
   #    score  bias  c-Evalue  i-Evalue hmmfrom  hmm to    alifrom  ali to    envfrom  env to     acc
 ---   ------ ----- --------- --------- ------- -------    ------- -------    ------- -------    ----
   1 !   91.5   0.6   1.5e-27   2.2e-27       8      66 ..      17      75 ..       9      90 .. 0.90

  Alignments for each domain:
  == domain 1  score: 91.5 bits;  conditional E-value: 1.5e-27
                      gvpa  8 assslaevldrvLdkGvvidawvrvsLvGielltvearvvvasvdtyLkyaeavglteq 66
                              +ss la+v++ +LdkG+vid++vrvs+vGiellt++ar+vvasvdt+L++aea  + + 
  nat_71487a9fd043fc5b4741 17 GSSGLADVVELILDKGLVIDVFVRVSIVGIELLTIDARIVVASVDTFLRFAEATNRLDL 75
                              6899************************************************9887655 PP

>> nat_d8ac85c1e2427ebd2b9e  
   #    score  bias  c-Evalue  i-Evalue hmmfrom  hmm to    alifrom  ali to    envfrom  env to     acc
 ---   ------ ----- --------- --------- ------- -------    ------- -------    ------- -------    ----
   1 !   91.1   1.1   1.9e-27   2.7e-27       5      67 ..      17      79 ..      14      89 .. 0.91

  Alignments for each domain:
  == domain 1  score: 91.1 bits;  conditional E-value: 1.9e-27
                      gvpa  5 kvsassslaevldrvLdkGvvidawvrvsLvGielltvearvvvasvdtyLkyaeavglteqa 67
                              +  ++ssla+v+d +L+kG+vid ++rvsLvGie+ltv++r+vvasvdtyL++a+av + + a
  nat_d8ac85c1e2427ebd2b9e 17 RGRTGSSLADVVDLILEKGLVIDLYARVSLVGIEILTVDVRIVVASVDTYLRFAKAVNRLDIA 79
                              56789****************************************************987655 PP

>> nat_537a56df1e3b5128f45c  
   #    score  bias  c-Evalue  i-Evalue hmmfrom  hmm to    alifrom  ali to    envfrom  env to     acc
 ---   ------ ----- --------- --------- ------- -------    ------- -------    ------- -------    ----
   1 !   91.3   0.7   1.7e-27   2.4e-27       8      64 ..      18      74 ..      11      91 .. 0.91

  Alignments for each domain:
  == domain 1  score: 91.3 bits;  conditional E-value: 1.7e-27
                      gvpa  8 assslaevldrvLdkGvvidawvrvsLvGielltvearvvvasvdtyLkyaeavglt 64
                              +ss la+v++ +LdkG+vid++vrvs+vGiellt++arvvvasvdt+L++aea  + 
  nat_537a56df1e3b5128f45c 18 GSSGLADVVELILDKGLVIDVFVRVSIVGIELLTIDARVVVASVDTFLRFAEATNRL 74
                              6899************************************************98765 PP

>> nat_c484713e8b3e1c6ab049  
   #    score  bias  c-Evalue  i-Evalue hmmfrom  hmm to    alifrom  ali to    envfrom  env to     acc
 ---   ------ ----- --------- --------- ------- -------    ------- -------    ------- -------    ----
   1 !   90.7   0.3   2.6e-27   3.7e-27       9      67 ..      17      75 ..      11      85 .. 0.90

  Alignments for each domain:
  == domain 1  score: 90.7 bits;  conditional E-value: 2.6e-27
                      gvpa  9 ssslaevldrvLdkGvvidawvrvsLvGielltvearvvvasvdtyLkyaeavglteqa 67
                                 laevld vLdkG+vida+v+vs+vGiellt++ar+vvasvdtyL++aea  +++  
  nat_c484713e8b3e1c6ab049 17 QGGLAEVLDLVLDKGLVIDAFVKVSVVGIELLTIDARIVVASVDTYLRFAEATNRVDLH 75
                              4579************************************************9887655 PP

>> nat_64e02fc38d79639470d8  
   #    score  bias  c-Evalue  i-Evalue hmmfrom  hmm to    alifrom  ali to    envfrom  env to     acc
 ---   ------ ----- --------- --------- ------- -------    ------- -------    ------- -------    ----
   1 !   89.7   0.3   5.2e-27   7.4e-27       9      66 ..      13      70 ..       7      83 .. 0.89

  Alignments for each domain:
  == domain 1  score: 89.7 bits;  conditional E-value: 5.2e-27
                      gvpa  9 ssslaevldrvLdkGvvidawvrvsLvGielltvearvvvasvdtyLkyaeavglteq 66
                                 laevld +LdkG+vid+++++sLvGie++t++ar+vvasvdtyL++aea  + + 
  nat_64e02fc38d79639470d8 13 QGGLAEVLDLILDKGLVIDVFAKISLVGIEIVTIDARIVVASVDTYLRFAEATNRLDL 70
                              4579***********************************************9877655 PP

>> nat_a02e830798caf1fb08c6  
   #    score  bias  c-Evalue  i-Evalue hmmfrom  hmm to    alifrom  ali to    envfrom  env to     acc
 ---   ------ ----- --------- --------- ------- -------    ------- -------    ------- -------    ----
   1 !   89.1   0.4   8.2e-27   1.2e-26      10      65 ..       7      62 ..       1      69 [. 0.90

  Alignments for each domain:
  == domain 1  score: 89.1 bits;  conditional E-value: 8.2e-27
                      gvpa 10 sslaevldrvLdkGvvidawvrvsLvGielltvearvvvasvdtyLkyaeavglte 65
                                laevld +LdkG+vid++++vsLvGie++t++ar+vvasvdtyL++aea  + +
  nat_a02e830798caf1fb08c6  7 GGLAEVLDLILDKGLVIDVFAKVSLVGIEIVTIDARIVVASVDTYLRFAEATNRLD 62
                              579***********************************************987665 PP

>> nat_7058382ccfa4518d5f28  
   #    score  bias  c-Evalue  i-Evalue hmmfrom  hmm to    alifrom  ali to    envfrom  env to     acc
 ---   ------ ----- --------- --------- ------- -------    ------- -------    ------- -------    ----
   1 !   89.3   0.3   6.9e-27   9.9e-27      10      65 ..       7      62 ..       1      74 [. 0.90

  Alignments for each domain:
  == domain 1  score: 89.3 bits;  conditional E-value: 6.9e-27
                      gvpa 10 sslaevldrvLdkGvvidawvrvsLvGielltvearvvvasvdtyLkyaeavglte 65
                                laevld +LdkG+vid+++++sLvGie++tv+ar+vvasvdtyL++aea  + +
  nat_7058382ccfa4518d5f28  7 GGLAEVLDLILDKGLVIDVFAKISLVGIEIVTVDARIVVASVDTYLRFAEATNRLD 62
                              579***********************************************987765 PP

>> nat_13f51706d5d2df8544bb  
   #    score  bias  c-Evalue  i-Evalue hmmfrom  hmm to    alifrom  ali to    envfrom  env to     acc
 ---   ------ ----- --------- --------- ------- -------    ------- -------    ------- -------    ----
   1 !   88.9   0.3   9.6e-27   1.4e-26       8      66 ..      18      76 ..      12      90 .. 0.90

  Alignments for each domain:
  == domain 1  score: 88.9 bits;  conditional E-value: 9.6e-27
                      gvpa  8 assslaevldrvLdkGvvidawvrvsLvGielltvearvvvasvdtyLkyaeavglteq 66
                              ++ssl +vl+ +Ld+G+vid++vrvsLvGiel+ ++ar+vvasvdtyL++aea  + + 
  nat_13f51706d5d2df8544bb 18 GTSSLYDVLELILDRGLVIDVFVRVSLVGIELIKIDARIVVASVDTYLRFAEACNRLDL 76
                              689**************************************************987654 PP

>> nat_6f78ae7dbd3067bdbed8  
   #    score  bias  c-Evalue  i-Evalue hmmfrom  hmm to    alifrom  ali to    envfrom  env to     acc
 ---   ------ ----- --------- --------- ------- -------    ------- -------    ------- -------    ----
   1 !   88.2   1.0   1.6e-26   2.3e-26       8      65 ..      20      77 ..      16      88 .. 0.92

  Alignments for each domain:
  == domain 1  score: 88.2 bits;  conditional E-value: 1.6e-26
                      gvpa  8 assslaevldrvLdkGvvidawvrvsLvGielltvearvvvasvdtyLkyaeavglte 65
                              +sssla+v+d +L+kG+vid ++rvsLvGie+ltv++r+vvasvdtyL++a a  + +
  nat_6f78ae7dbd3067bdbed8 20 GSSSLADVVDLILEKGLVIDLYARVSLVGIEILTVDVRIVVASVDTYLRFAAACNRLD 77
                              69*************************************************9987665 PP

>> nat_81fe8a6c5a2a9f1f516d  
   #    score  bias  c-Evalue  i-Evalue hmmfrom  hmm to    alifrom  ali to    envfrom  env to     acc
 ---   ------ ----- --------- --------- ------- -------    ------- -------    ------- -------    ----
   1 !   87.9   0.1   1.9e-26   2.7e-26       7      67 ..      13      73 ..       1      84 [. 0.90

  Alignments for each domain:
  == domain 1  score: 87.9 bits;  conditional E-value: 1.9e-26
                      gvpa  7 sassslaevldrvLdkGvvidawvrvsLvGielltvearvvvasvdtyLkyaeavglteqa 67
                               +ss l +vl+ vLd+G+vida+vrvsLvGie+l +++rvvvasvdtyL++aea  + +  
  nat_81fe8a6c5a2a9f1f516d 13 GGSSGLYDVLELVLDRGLVIDAFVRVSLVGIEILKIDVRVVVASVDTYLRFAEACNRLDLE 73
                              57999*************************************************9877655 PP

>> nat_492e347eb26b4c87a4d1  
   #    score  bias  c-Evalue  i-Evalue hmmfrom  hmm to    alifrom  ali to    envfrom  env to     acc
 ---   ------ ----- --------- --------- ------- -------    ------- -------    ------- -------    ----
   1 !   87.4   0.6   2.7e-26   3.9e-26       7      65 ..      18      76 ..      15      91 .. 0.90

  Alignments for each domain:
  == domain 1  score: 87.4 bits;  conditional E-value: 2.7e-26
                      gvpa  7 sassslaevldrvLdkGvvidawvrvsLvGielltvearvvvasvdtyLkyaeavglte 65
                              +++ssl +vl+ +Ld+G+vid++vr+s+vGiel+ ++ar+vvasvdtyL++aea  + +
  nat_492e347eb26b4c87a4d1 18 TGGSSLYDVLELILDRGLVIDVFVRISVVGIELIKIDARIVVASVDTYLRFAEACNRLD 76
                              689***************************************************98765 PP

>> nat_38c50a9f5c23bd9138cf  
   #    score  bias  c-Evalue  i-Evalue hmmfrom  hmm to    alifrom  ali to    envfrom  env to     acc
 ---   ------ ----- --------- --------- ------- -------    ------- -------    ------- -------    ----
   1 !   87.2   0.1   3.1e-26   4.5e-26       8      70 ..      14      76 ..      10      86 .. 0.91

  Alignments for each domain:
  == domain 1  score: 87.2 bits;  conditional E-value: 3.1e-26
                      gvpa  8 assslaevldrvLdkGvvidawvrvsLvGielltvearvvvasvdtyLkyaeavglteqaalt 70
                              +ss l +vl+ vLd+G+vida+vrvsLvGie+l +++rvvvasvdtyL++aea  + +  + +
  nat_38c50a9f5c23bd9138cf 14 GSSGLYDVLELVLDRGLVIDAFVRVSLVGIEILKIDVRVVVASVDTYLRFAEACNRLDLESGP 76
                              6899*************************************************9887766655 PP

>> nat_ad843ea9809d8148ba5d  
   #    score  bias  c-Evalue  i-Evalue hmmfrom  hmm to    alifrom  ali to    envfrom  env to     acc
 ---   ------ ----- --------- --------- ------- -------    ------- -------    ------- -------    ----
   1 !   87.2   0.2   3.3e-26   4.7e-26       8      67 ..      12      71 ..       8      82 .. 0.91

  Alignments for each domain:
  == domain 1  score: 87.2 bits;  conditional E-value: 3.3e-26
                      gvpa  8 assslaevldrvLdkGvvidawvrvsLvGielltvearvvvasvdtyLkyaeavglteqa 67
                              +ss l +vl+ vLd+G+vida+vrvsLvGie+l +++rvvvasvdtyL++aea  + +  
  nat_ad843ea9809d8148ba5d 12 GSSGLYDVLELVLDRGLVIDAFVRVSLVGIEILKIDVRVVVASVDTYLRFAEACNRLDLE 71
                              6899*************************************************9877655 PP

>> nat_f6ad48ba3d6950d55fac  
   #    score  bias  c-Evalue  i-Evalue hmmfrom  hmm to    alifrom  ali to    envfrom  env to     acc
 ---   ------ ----- --------- --------- ------- -------    ------- -------    ------- -------    ----
   1 !   86.8   0.9   4.3e-26   6.1e-26       8      68 ..      14      74 ..      10      85 .. 0.89

  Alignments for each domain:
  == domain 1  score: 86.8 bits;  conditional E-value: 4.3e-26
                      gvpa  8 assslaevldrvLdkGvvidawvrvsLvGielltvearvvvasvdtyLkyaeavglteqaa 68
                              ++  l +vl+ +Ld+G+vida+vrvsLvGie+l ++arvvvasvdtyL++aeav + +  +
  nat_f6ad48ba3d6950d55fac 14 GGGNLYDVLELILDRGLVIDAFVRVSLVGIEILKIDARVVVASVDTYLRFAEAVNRLDLEE 74
                              567899************************************************9877655 PP

>> nat_c7ec77b171120a344a06  
   #    score  bias  c-Evalue  i-Evalue hmmfrom  hmm to    alifrom  ali to    envfrom  env to     acc
 ---   ------ ----- --------- --------- ------- -------    ------- -------    ------- -------    ----
   1 !   86.8   0.1   4.2e-26     6e-26       8      66 ..      13      71 ..       7      81 .. 0.92

  Alignments for each domain:
  == domain 1  score: 86.8 bits;  conditional E-value: 4.2e-26
                      gvpa  8 assslaevldrvLdkGvvidawvrvsLvGielltvearvvvasvdtyLkyaeavglteq 66
                              +ss l +vl+ vLd+G+vida+vrvsLvGie+l +++rvvvasvdtyL++aea  + + 
  nat_c7ec77b171120a344a06 13 GSSGLYDVLELVLDRGLVIDAFVRVSLVGIEILKIDVRVVVASVDTYLRFAEACNRLDL 71
                              6899*************************************************987765 PP

>> nat_dabe1f4728c04495925e  
   #    score  bias  c-Evalue  i-Evalue hmmfrom  hmm to    alifrom  ali to    envfrom  env to     acc
 ---   ------ ----- --------- --------- ------- -------    ------- -------    ------- -------    ----
   1 !   86.8   0.8   4.3e-26   6.1e-26       8      65 ..      13      70 ..       6      87 .. 0.89

  Alignments for each domain:
  == domain 1  score: 86.8 bits;  conditional E-value: 4.3e-26
                      gvpa  8 assslaevldrvLdkGvvidawvrvsLvGielltvearvvvasvdtyLkyaeavglte 65
                              +ss l +vl+ vLd+G+vida+vrvsLvGie+l v++rvvvasvdtyL++aea  + +
  nat_dabe1f4728c04495925e 13 GSSGLYDVLELVLDRGLVIDAFVRVSLVGIEILKVDVRVVVASVDTYLRFAEACNRLD 70
                              6899*************************************************98765 PP

>> nat_3dee88ac2224aeef66c6  
   #    score  bias  c-Evalue  i-Evalue hmmfrom  hmm to    alifrom  ali to    envfrom  env to     acc
 ---   ------ ----- --------- --------- ------- -------    ------- -------    ------- -------    ----
   1 !   86.4   0.4   5.6e-26     8e-26       8      66 ..      19      77 ..      14      92 .. 0.89

  Alignments for each domain:
  == domain 1  score: 86.4 bits;  conditional E-value: 5.6e-26
                      gvpa  8 assslaevldrvLdkGvvidawvrvsLvGielltvearvvvasvdtyLkyaeavglteq 66
                              ++ssl +vl+ +Ld+G+vid++vr+s+vGiel+ ++ar+vvasvdtyL++aea  + + 
  nat_3dee88ac2224aeef66c6 19 GGSSLYDVLELILDRGLVIDIFVRISVVGIELIKIDARIVVASVDTYLRFAEACNRLDL 77
                              79***************************************************987765 PP

>> nat_8bb53690eb425655a7a8  
   #    score  bias  c-Evalue  i-Evalue hmmfrom  hmm to    alifrom  ali to    envfrom  env to     acc
 ---   ------ ----- --------- --------- ------- -------    ------- -------    ------- -------    ----
   1 !   86.4   1.4   5.7e-26   8.1e-26       9      66 ..      14      71 ..       7      83 .. 0.88

  Alignments for each domain:
  == domain 1  score: 86.4 bits;  conditional E-value: 5.7e-26
                      gvpa  9 ssslaevldrvLdkGvvidawvrvsLvGielltvearvvvasvdtyLkyaeavglteq 66
                              + +l +vld +Ld+G+vid+++rvsLvGie+l ++ar+vvasvdtyL++aea  + + 
  nat_8bb53690eb425655a7a8 14 AGTLYDVLDLILDRGIVIDVFIRVSLVGIEILKIDARIVVASVDTYLRFAEACNRLDL 71
                              67899***********************************************987654 PP

>> nat_2cbea2021b2dcea14377  
   #    score  bias  c-Evalue  i-Evalue hmmfrom  hmm to    alifrom  ali to    envfrom  env to     acc
 ---   ------ ----- --------- --------- ------- -------    ------- -------    ------- -------    ----
   1 !   86.0   0.7   7.5e-26   1.1e-25       8      65 ..      17      74 ..      10      91 .. 0.90

  Alignments for each domain:
  == domain 1  score: 86.0 bits;  conditional E-value: 7.5e-26
                      gvpa  8 assslaevldrvLdkGvvidawvrvsLvGielltvearvvvasvdtyLkyaeavglte 65
                              +++sl +vl+ +Ld+G+vid++vrvsLvGie+l ++ar+vvasvdtyL++aea  + +
  nat_2cbea2021b2dcea14377 17 GGTSLYDVLELILDRGLVIDVFVRVSLVGIEILKIDARIVVASVDTYLRFAEACNRLD 74
                              579*************************************************987654 PP

>> nat_1928e65272069bd9fa51  
   #    score  bias  c-Evalue  i-Evalue hmmfrom  hmm to    alifrom  ali to    envfrom  env to     acc
 ---   ------ ----- --------- --------- ------- -------    ------- -------    ------- -------    ----
   1 !   86.1   0.2   7.3e-26     1e-25       8      66 ..      14      72 ..      10      82 .. 0.92

  Alignments for each domain:
  == domain 1  score: 86.1 bits;  conditional E-value: 7.3e-26
                      gvpa  8 assslaevldrvLdkGvvidawvrvsLvGielltvearvvvasvdtyLkyaeavglteq 66
                              +ss l +v++ +Ld+G+vida+vrvsLvGie+l +++rvvvasvdtyL++aea  + + 
  nat_1928e65272069bd9fa51 14 GSSGLYDVVELILDRGLVIDAFVRVSLVGIEILKIDVRVVVASVDTYLRFAEACNRLDL 72
                              6899*************************************************987765 PP

>> nat_833997551203b7f90ae0  
   #    score  bias  c-Evalue  i-Evalue hmmfrom  hmm to    alifrom  ali to    envfrom  env to     acc
 ---   ------ ----- --------- --------- ------- -------    ------- -------    ------- -------    ----
   1 !   86.0   0.8   7.8e-26   1.1e-25       8      65 ..      17      74 ..      10      90 .. 0.90

  Alignments for each domain:
  == domain 1  score: 86.0 bits;  conditional E-value: 7.8e-26
                      gvpa  8 assslaevldrvLdkGvvidawvrvsLvGielltvearvvvasvdtyLkyaeavglte 65
                              +++sl +vl+ +Ld+G+vid++vrvsLvGie+l ++ar+vvasvdtyL++aea  + +
  nat_833997551203b7f90ae0 17 GGTSLYDVLELILDRGLVIDVFVRVSLVGIEILKIDARIVVASVDTYLRFAEACNRLD 74
                              579*************************************************987654 PP

>> nat_dda4548fde968a05b6df  
   #    score  bias  c-Evalue  i-Evalue hmmfrom  hmm to    alifrom  ali to    envfrom  env to     acc
 ---   ------ ----- --------- --------- ------- -------    ------- -------    ------- -------    ----
   1 !   85.8   0.2   8.9e-26   1.3e-25       8      65 ..      15      72 ..      11      86 .. 0.91

  Alignments for each domain:
  == domain 1  score: 85.8 bits;  conditional E-value: 8.9e-26
                      gvpa  8 assslaevldrvLdkGvvidawvrvsLvGielltvearvvvasvdtyLkyaeavglte 65
                              +ss l +vl+ vLd+G+vida++rvsLvGie+l +++rvvvasvdtyL++aea  + +
  nat_dda4548fde968a05b6df 15 GSSGLYDVLELVLDRGLVIDAFIRVSLVGIEILKIDVRVVVASVDTYLRFAEACNRLD 72
                              7999*************************************************88765 PP

>> nat_f7e68563732e131d24d8  
   #    score  bias  c-Evalue  i-Evalue hmmfrom  hmm to    alifrom  ali to    envfrom  env to     acc
 ---   ------ ----- --------- --------- ------- -------    ------- -------    ------- -------    ----
   1 !   85.9   0.2   8.3e-26   1.2e-25       5      68 ..      10      73 ..       6      86 .. 0.90

  Alignments for each domain:
  == domain 1  score: 85.9 bits;  conditional E-value: 8.3e-26
                      gvpa  5 kvsassslaevldrvLdkGvvidawvrvsLvGielltvearvvvasvdtyLkyaeavglteqaa 68
                              ++ ++s l ++l+ vLd+G+vid++vrvsLvGie+l +++rvvvasvdtyL++aea  + +  a
  nat_f7e68563732e131d24d8 10 RSGGTSGLYDILELVLDRGLVIDVFVRVSLVGIEILKIDVRVVVASVDTYLRFAEACNRLDLEA 73
                              5667899*************************************************98877655 PP

>> nat_ebdc86196ce4e8d00cbf  
   #    score  bias  c-Evalue  i-Evalue hmmfrom  hmm to    alifrom  ali to    envfrom  env to     acc
 ---   ------ ----- --------- --------- ------- -------    ------- -------    ------- -------    ----
   1 !   85.6   0.1     1e-25   1.5e-25       8      67 ..      14      73 ..       6      83 .. 0.91

  Alignments for each domain:
  == domain 1  score: 85.6 bits;  conditional E-value: 1e-25
                      gvpa  8 assslaevldrvLdkGvvidawvrvsLvGielltvearvvvasvdtyLkyaeavglteqa 67
                              +ss l +vl+ vLd+G+vida++rvsLvGie+l +++rvvvasvdtyL++aea  + +  
  nat_ebdc86196ce4e8d00cbf 14 GSSGLYDVLELVLDRGLVIDAFIRVSLVGIEILKIDVRVVVASVDTYLRFAEACNRLDLE 73
                              6899*************************************************9877655 PP

>> nat_6202903abc283dce1575  
   #    score  bias  c-Evalue  i-Evalue hmmfrom  hmm to    alifrom  ali to    envfrom  env to     acc
 ---   ------ ----- --------- --------- ------- -------    ------- -------    ------- -------    ----
   1 !   85.5   0.1   1.1e-25   1.6e-25       8      66 ..      14      72 ..      10      81 .. 0.92

  Alignments for each domain:
  == domain 1  score: 85.5 bits;  conditional E-value: 1.1e-25
                      gvpa  8 assslaevldrvLdkGvvidawvrvsLvGielltvearvvvasvdtyLkyaeavglteq 66
                              +ss l +vl+ +Ld+G+vida++rvsLvGie+l +++rvvvasvdtyL++aea  + + 
  nat_6202903abc283dce1575 14 GSSGLYDVLELILDRGLVIDAFIRVSLVGIEILKIDVRVVVASVDTYLRFAEACNRLDL 72
                              6899*************************************************987765 PP

>> nat_36827e11a82ffe460664  
   #    score  bias  c-Evalue  i-Evalue hmmfrom  hmm to    alifrom  ali to    envfrom  env to     acc
 ---   ------ ----- --------- --------- ------- -------    ------- -------    ------- -------    ----
   1 !   85.6   0.1     1e-25   1.4e-25       8      70 ..      20      82 ..      14      91 .. 0.89

  Alignments for each domain:
  == domain 1  score: 85.6 bits;  conditional E-value: 1e-25
                      gvpa  8 assslaevldrvLdkGvvidawvrvsLvGielltvearvvvasvdtyLkyaeavglteqaalt 70
                              +s +l +vl+ +Ld+G+vida+vrvsLvGie+l v++rvvvasvdtyL++aea  + +  a +
  nat_36827e11a82ffe460664 20 GSGTLYDVLELILDRGLVIDAFVRVSLVGIEILKVDVRVVVASVDTYLRFAEACNRLDLEAGP 82
                              57789************************************************9887766655 PP

>> nat_1f087f3f20cf0e414c21  
   #    score  bias  c-Evalue  i-Evalue hmmfrom  hmm to    alifrom  ali to    envfrom  env to     acc
 ---   ------ ----- --------- --------- ------- -------    ------- -------    ------- -------    ----
   1 !   85.4   0.2   1.2e-25   1.7e-25       8      66 ..      14      72 ..      11      82 .. 0.92

  Alignments for each domain:
  == domain 1  score: 85.4 bits;  conditional E-value: 1.2e-25
                      gvpa  8 assslaevldrvLdkGvvidawvrvsLvGielltvearvvvasvdtyLkyaeavglteq 66
                              +ss l +vl+ vLd+G+vida++rvsLvGie+l +++rvvvasvdtyL++aea  + + 
  nat_1f087f3f20cf0e414c21 14 GSSGLYDVLELVLDRGLVIDAFIRVSLVGIEILKIDVRVVVASVDTYLRFAEACNRLDL 72
                              6899*************************************************987765 PP

>> nat_3e818bdd944ede311b8f  
   #    score  bias  c-Evalue  i-Evalue hmmfrom  hmm to    alifrom  ali to    envfrom  env to     acc
 ---   ------ ----- --------- --------- ------- -------    ------- -------    ------- -------    ----
   1 !   85.8   0.1     9e-26   1.3e-25       8      67 ..      12      71 ..       6      85 .. 0.91

  Alignments for each domain:
  == domain 1  score: 85.8 bits;  conditional E-value: 9e-26
                      gvpa  8 assslaevldrvLdkGvvidawvrvsLvGielltvearvvvasvdtyLkyaeavglteqa 67
                              +ss l +vl+ +Ld+G+vida+vrvsL+G+ellt+++rvvvas+dtyL++aea  + +  
  nat_3e818bdd944ede311b8f 12 GSSGLYDVLELILDRGLVIDAYVRVSLLGVELLTIDIRVVVASIDTYLRFAEACNRLDLE 71
                              6899*************************************************9877655 PP

>> nat_3fb1b2844ab87a8f4a72  
   #    score  bias  c-Evalue  i-Evalue hmmfrom  hmm to    alifrom  ali to    envfrom  env to     acc
 ---   ------ ----- --------- --------- ------- -------    ------- -------    ------- -------    ----
   1 !   85.4   0.3   1.2e-25   1.7e-25       8      66 ..      15      73 ..      12      83 .. 0.91

  Alignments for each domain:
  == domain 1  score: 85.4 bits;  conditional E-value: 1.2e-25
                      gvpa  8 assslaevldrvLdkGvvidawvrvsLvGielltvearvvvasvdtyLkyaeavglteq 66
                              ++s l +vl+ vLd+G+vida+vrvsLvGie+l +++rvvvasvdtyL++aea  + + 
  nat_3fb1b2844ab87a8f4a72 15 GTSGLYDVLELVLDRGLVIDAFVRVSLVGIEILKIDVRVVVASVDTYLRFAEACNRLDL 73
                              6789*************************************************987765 PP

>> nat_cf176e85bcb7fcecce87  
   #    score  bias  c-Evalue  i-Evalue hmmfrom  hmm to    alifrom  ali to    envfrom  env to     acc
 ---   ------ ----- --------- --------- ------- -------    ------- -------    ------- -------    ----
   1 !   85.3   0.5   1.3e-25   1.8e-25       8      65 ..      16      73 ..      11      89 .. 0.90

  Alignments for each domain:
  == domain 1  score: 85.3 bits;  conditional E-value: 1.3e-25
                      gvpa  8 assslaevldrvLdkGvvidawvrvsLvGielltvearvvvasvdtyLkyaeavglte 65
                              +s  l +vl+ vLd+G+vida+vrvsLvGie+l ++arvvvasvdtyL++aea  + +
  nat_cf176e85bcb7fcecce87 16 GSGNLYDVLELVLDRGLVIDAFVRVSLVGIEILKIDARVVVASVDTYLRFAEACNRLD 73
                              68899************************************************88765 PP

>> nat_50e7ec50620e080551e3  
   #    score  bias  c-Evalue  i-Evalue hmmfrom  hmm to    alifrom  ali to    envfrom  env to     acc
 ---   ------ ----- --------- --------- ------- -------    ------- -------    ------- -------    ----
   1 !   85.2   0.5   1.4e-25     2e-25       8      65 ..      23      80 ..      19      95 .. 0.90

  Alignments for each domain:
  == domain 1  score: 85.2 bits;  conditional E-value: 1.4e-25
                      gvpa  8 assslaevldrvLdkGvvidawvrvsLvGielltvearvvvasvdtyLkyaeavglte 65
                              +s  l ++ld +Ld+G+vid++vrvsLvGie+l ++ar+vvasvdtyL++aea  + +
  nat_50e7ec50620e080551e3 23 GSGNLYDILDLILDRGLVIDVFVRVSLVGIEILKIDARIVVASVDTYLRFAEACNRLD 80
                              577899***********************************************98765 PP

>> nat_212e64a237d4a0795448  
   #    score  bias  c-Evalue  i-Evalue hmmfrom  hmm to    alifrom  ali to    envfrom  env to     acc
 ---   ------ ----- --------- --------- ------- -------    ------- -------    ------- -------    ----
   1 !   85.1   0.6   1.4e-25     2e-25       8      65 ..      16      73 ..      11      88 .. 0.90

  Alignments for each domain:
  == domain 1  score: 85.1 bits;  conditional E-value: 1.4e-25
                      gvpa  8 assslaevldrvLdkGvvidawvrvsLvGielltvearvvvasvdtyLkyaeavglte 65
                              +s  l +vl+ vLd+G+vida+vrvsLvGie+l ++arvvvasvdtyL++aea  + +
  nat_212e64a237d4a0795448 16 GSGNLYDVLELVLDRGLVIDAFVRVSLVGIEILKIDARVVVASVDTYLRFAEACNRLD 73
                              68899***********************************************988765 PP

>> nat_d3c36edb3c6b427867e3  
   #    score  bias  c-Evalue  i-Evalue hmmfrom  hmm to    alifrom  ali to    envfrom  env to     acc
 ---   ------ ----- --------- --------- ------- -------    ------- -------    ------- -------    ----
   1 !   85.0   0.4   1.5e-25   2.2e-25       8      66 ..      19      77 ..      16      92 .. 0.89

  Alignments for each domain:
  == domain 1  score: 85.0 bits;  conditional E-value: 1.5e-25
                      gvpa  8 assslaevldrvLdkGvvidawvrvsLvGielltvearvvvasvdtyLkyaeavglteq 66
                              ++ssl +vl+ +Ld+G+vid+++r+s+vGiel+ ++ar+vvasvdtyL++aea  + + 
  nat_d3c36edb3c6b427867e3 19 GGSSLYDVLELILDRGLVIDIFIRISVVGIELIKIDARIVVASVDTYLRFAEACNRLDL 77
                              78***************************************************987765 PP

>> nat_99a07129f51bd6011cb7  
   #    score  bias  c-Evalue  i-Evalue hmmfrom  hmm to    alifrom  ali to    envfrom  env to     acc
 ---   ------ ----- --------- --------- ------- -------    ------- -------    ------- -------    ----
   1 !   85.0   0.2   1.6e-25   2.2e-25       7      65 ..      15      73 ..      11      87 .. 0.90

  Alignments for each domain:
  == domain 1  score: 85.0 bits;  conditional E-value: 1.6e-25
                      gvpa  7 sassslaevldrvLdkGvvidawvrvsLvGielltvearvvvasvdtyLkyaeavglte 65
                               ++ sl +vl+ +Ld+G+vid+++rvsLvGie+l ++ar+vvasvdtyL++aea  + +
  nat_99a07129f51bd6011cb7 15 GGGGSLYDVLELILDRGLVIDVFIRVSLVGIEILKIDARIVVASVDTYLRFAEACNRLD 73
                              5789*************************************************987665 PP

>> nat_decd9a1d90f169f4eb3e  
   #    score  bias  c-Evalue  i-Evalue hmmfrom  hmm to    alifrom  ali to    envfrom  env to     acc
 ---   ------ ----- --------- --------- ------- -------    ------- -------    ------- -------    ----
   1 !   83.6   0.6   4.1e-25   5.9e-25       7      65 ..      16      74 ..      10      87 .. 0.90

  Alignments for each domain:
  == domain 1  score: 83.6 bits;  conditional E-value: 4.1e-25
                      gvpa  7 sassslaevldrvLdkGvvidawvrvsLvGielltvearvvvasvdtyLkyaeavglte 65
                              s+s+ l ++l+ +Ld+G+vid++vrvsLvGie+l +++r+v+asvdtyL++aea  + +
  nat_decd9a1d90f169f4eb3e 16 SGSAGLFDILELILDRGLVIDVFVRVSLVGIEILKIDIRIVIASVDTYLRFAEACNRLD 74
                              68999*************************************************98765 PP

>> nat_dc852bef97bb5a3f37ff  
   #    score  bias  c-Evalue  i-Evalue hmmfrom  hmm to    alifrom  ali to    envfrom  env to     acc
 ---   ------ ----- --------- --------- ------- -------    ------- -------    ------- -------    ----
   1 !   83.6   0.6   4.2e-25     6e-25       7      65 ..      16      74 ..      10      87 .. 0.90

  Alignments for each domain:
  == domain 1  score: 83.6 bits;  conditional E-value: 4.2e-25
                      gvpa  7 sassslaevldrvLdkGvvidawvrvsLvGielltvearvvvasvdtyLkyaeavglte 65
                              s+s+ l ++l+ +Ld+G+vid++vrvsLvGie+l +++r+v+asvdtyL++aea  + +
  nat_dc852bef97bb5a3f37ff 16 SGSAGLFDILELILDRGLVIDVFVRVSLVGIEILKIDIRIVIASVDTYLRFAEACNRLD 74
                              68999*************************************************98765 PP

>> nat_2020b232078a08b4fb2b  
   #    score  bias  c-Evalue  i-Evalue hmmfrom  hmm to    alifrom  ali to    envfrom  env to     acc
 ---   ------ ----- --------- --------- ------- -------    ------- -------    ------- -------    ----
   1 !   83.4   2.7   5.1e-25   7.3e-25       8      65 ..      14      71 ..      10      88 .. 0.89

  Alignments for each domain:
  == domain 1  score: 83.4 bits;  conditional E-value: 5.1e-25
                      gvpa  8 assslaevldrvLdkGvvidawvrvsLvGielltvearvvvasvdtyLkyaeavglte 65
                              +ss l ++l+ vLd+G+vida+vrvsLvGie+l v++rvvvasvdtyL++aea  + +
  nat_2020b232078a08b4fb2b 14 GSSGLYDILELVLDRGLVIDAFVRVSLVGIEILKVDVRVVVASVDTYLRFAEACNRLD 71
                              7999*************************************************88765 PP

>> nat_a85f488e5f68b0445ad1  
   #    score  bias  c-Evalue  i-Evalue hmmfrom  hmm to    alifrom  ali to    envfrom  env to     acc
 ---   ------ ----- --------- --------- ------- -------    ------- -------    ------- -------    ----
   1 !   83.5   0.8   4.6e-25   6.6e-25       7      66 ..      16      75 ..      10      88 .. 0.90

  Alignments for each domain:
  == domain 1  score: 83.5 bits;  conditional E-value: 4.6e-25
                      gvpa  7 sassslaevldrvLdkGvvidawvrvsLvGielltvearvvvasvdtyLkyaeavglteq 66
                              s+s+ l ++l+ +Ld+G+vid++vrvsLvGie+l +++r+v+asvdtyL++aea  + + 
  nat_a85f488e5f68b0445ad1 16 SGSAGLFDILELILDRGLVIDVFVRVSLVGIEILKIDIRIVIASVDTYLRFAEACNRLDL 75
                              68999*************************************************987655 PP

>> nat_58a114a587bf7627f074  
   #    score  bias  c-Evalue  i-Evalue hmmfrom  hmm to    alifrom  ali to    envfrom  env to     acc
 ---   ------ ----- --------- --------- ------- -------    ------- -------    ------- -------    ----
   1 !   82.8   0.4   7.4e-25   1.1e-24       8      66 ..      17      75 ..      11      95 .. 0.90

  Alignments for each domain:
  == domain 1  score: 82.8 bits;  conditional E-value: 7.4e-25
                      gvpa  8 assslaevldrvLdkGvvidawvrvsLvGielltvearvvvasvdtyLkyaeavglteq 66
                              +s  l ++l+ +Ld+G+vid++vrvsLvGie+l ++ar+vvasvdtyL++aea  + + 
  nat_58a114a587bf7627f074 17 GSGNLYDILELILDRGLVIDVFVRVSLVGIEILKIDARIVVASVDTYLRFAEACNRLDL 75
                              577899***********************************************987654 PP

>> nat_575a3ddb97ad6997411f  
   #    score  bias  c-Evalue  i-Evalue hmmfrom  hmm to    alifrom  ali to    envfrom  env to     acc
 ---   ------ ----- --------- --------- ------- -------    ------- -------    ------- -------    ----
   1 !   82.5   1.6   9.4e-25   1.3e-24       9      63 ..      14      68 ..       7      82 .. 0.88

  Alignments for each domain:
  == domain 1  score: 82.5 bits;  conditional E-value: 9.4e-25
                      gvpa  9 ssslaevldrvLdkGvvidawvrvsLvGielltvearvvvasvdtyLkyaeavgl 63
                              + +l +vld +Ld+G+vid++ rvsLvGie+l v+ar+vvasvdtyL++ae   +
  nat_575a3ddb97ad6997411f 14 AGTLYDVLDLILDRGIVIDVFLRVSLVGIEILKVDARIVVASVDTYLRFAEICNR 68
                              67899*********************************************97765 PP

>> nat_d82c955fa7d898a2ab96  
   #    score  bias  c-Evalue  i-Evalue hmmfrom  hmm to    alifrom  ali to    envfrom  env to     acc
 ---   ------ ----- --------- --------- ------- -------    ------- -------    ------- -------    ----
   1 !   82.3   1.6   1.1e-24   1.5e-24       9      63 ..      14      68 ..       7      82 .. 0.88

  Alignments for each domain:
  == domain 1  score: 82.3 bits;  conditional E-value: 1.1e-24
                      gvpa  9 ssslaevldrvLdkGvvidawvrvsLvGielltvearvvvasvdtyLkyaeavgl 63
                              + +l +vld +Ld+G+vid++ rvsLvGie+l v+ar+vvasvdtyL++ae   +
  nat_d82c955fa7d898a2ab96 14 AGTLYDVLDLILDRGIVIDVFLRVSLVGIEILKVDARIVVASVDTYLRFAEICNR 68
                              67899*********************************************97765 PP

>> nat_da289e6aa9b0bf8de540  
   #    score  bias  c-Evalue  i-Evalue hmmfrom  hmm to    alifrom  ali to    envfrom  env to     acc
 ---   ------ ----- --------- --------- ------- -------    ------- -------    ------- -------    ----
   1 !   82.3   0.8   1.1e-24   1.6e-24       8      71 ..      18      81 ..      12      88 .. 0.90

  Alignments for each domain:
  == domain 1  score: 82.3 bits;  conditional E-value: 1.1e-24
                      gvpa  8 assslaevldrvLdkGvvidawvrvsLvGielltvearvvvasvdtyLkyaeavglteqaalta 71
                               + +l +vl+ +Ld+G+vid++vrv+LvGie+l ++arvvvasvdtyL++aea  +++ ++ ++
  nat_da289e6aa9b0bf8de540 18 RAGTLYDVLELILDRGMVIDIFVRVALVGIEILKIDARVVVASVDTYLRFAEACNRVDLSNDPS 81
                              567899***********************************************99998887775 PP

>> nat_3b18df9990357338331a  
   #    score  bias  c-Evalue  i-Evalue hmmfrom  hmm to    alifrom  ali to    envfrom  env to     acc
 ---   ------ ----- --------- --------- ------- -------    ------- -------    ------- -------    ----
   1 !   81.9   0.9   1.5e-24   2.1e-24       7      65 ..      15      73 ..      10      88 .. 0.90

  Alignments for each domain:
  == domain 1  score: 81.9 bits;  conditional E-value: 1.5e-24
                      gvpa  7 sassslaevldrvLdkGvvidawvrvsLvGielltvearvvvasvdtyLkyaeavglte 65
                              s++ sl ++l+ +Ld+G+vid+++rvsLvGie+l +++r+v+asvdtyL++aea  + +
  nat_3b18df9990357338331a 15 SGTGSLFDILELILDRGLVIDVFIRVSLVGIEILKIDIRIVIASVDTYLRFAEACNRLD 73
                              5678**************************************************88765 PP

>> nat_ba8e972cfc82013f9a87  
   #    score  bias  c-Evalue  i-Evalue hmmfrom  hmm to    alifrom  ali to    envfrom  env to     acc
 ---   ------ ----- --------- --------- ------- -------    ------- -------    ------- -------    ----
   1 !   82.0   0.6   1.3e-24   1.9e-24       7      65 ..      15      73 ..      10      87 .. 0.90

  Alignments for each domain:
  == domain 1  score: 82.0 bits;  conditional E-value: 1.3e-24
                      gvpa  7 sassslaevldrvLdkGvvidawvrvsLvGielltvearvvvasvdtyLkyaeavglte 65
                              s++ sl ++l+ +Ld+G+vid+++rvsLvGie+l +++r+v+asvdtyL++aea  + +
  nat_ba8e972cfc82013f9a87 15 SGTGSLFDILELILDRGLVIDVFIRVSLVGIEILKIDIRIVIASVDTYLRFAEACNRLD 73
                              5678**************************************************88765 PP

>> nat_c6dc835e8a7f5c8d11a7  
   #    score  bias  c-Evalue  i-Evalue hmmfrom  hmm to    alifrom  ali to    envfrom  env to     acc
 ---   ------ ----- --------- --------- ------- -------    ------- -------    ------- -------    ----
   1 !   81.9   0.4   1.4e-24     2e-24       6      66 ..      14      74 ..      10      88 .. 0.88

  Alignments for each domain:
  == domain 1  score: 81.9 bits;  conditional E-value: 1.4e-24
                      gvpa  6 vsassslaevldrvLdkGvvidawvrvsLvGielltvearvvvasvdtyLkyaeavglteq 66
                                +s  l ++l+ +Ld+G+vid++vrvsL+Gie+l ++ar+vvasvdtyL++aea  + + 
  nat_c6dc835e8a7f5c8d11a7 14 GGGSGNLYDILELILDRGLVIDVFVRVSLIGIEILKIDARIVVASVDTYLRFAEACNRLDL 74
                              567889*************************************************987654 PP

>> nat_0f78d7acac5b21f9e204  
   #    score  bias  c-Evalue  i-Evalue hmmfrom  hmm to    alifrom  ali to    envfrom  env to     acc
 ---   ------ ----- --------- --------- ------- -------    ------- -------    ------- -------    ----
   1 !   81.8   0.4   1.5e-24   2.2e-24       6      65 ..      14      73 ..      10      88 .. 0.89

  Alignments for each domain:
  == domain 1  score: 81.8 bits;  conditional E-value: 1.5e-24
                      gvpa  6 vsassslaevldrvLdkGvvidawvrvsLvGielltvearvvvasvdtyLkyaeavglte 65
                                +s  l ++l+ +Ld+G+vid++vrvsL+Gie+l ++ar+vvasvdtyL++aea  + +
  nat_0f78d7acac5b21f9e204 14 GGGSGNLYDILELILDRGLVIDVFVRVSLIGIEILKIDARIVVASVDTYLRFAEACNRLD 73
                              567889*************************************************88765 PP

>> nat_0a906f70a5c423dba747  
   #    score  bias  c-Evalue  i-Evalue hmmfrom  hmm to    alifrom  ali to    envfrom  env to     acc
 ---   ------ ----- --------- --------- ------- -------    ------- -------    ------- -------    ----
   1 !   80.9   2.3     3e-24   4.3e-24       7      66 ..      16      75 ..      11      86 .. 0.89

  Alignments for each domain:
  == domain 1  score: 80.9 bits;  conditional E-value: 3e-24
                      gvpa  7 sassslaevldrvLdkGvvidawvrvsLvGielltvearvvvasvdtyLkyaeavglteq 66
                              + + +l +v+d +Ld+G+vid++ rvsLvGie++ +++r+v+asvdtyL++aea  + + 
  nat_0a906f70a5c423dba747 16 PRTGTLYDVIDIILDRGMVIDVFLRVSLVGIEIVKIDIRIVIASVDTYLRFAEACNRLDL 75
                              5677899***********************************************987665 PP

>> nat_057e1cbe9c0aca38bc03  
   #    score  bias  c-Evalue  i-Evalue hmmfrom  hmm to    alifrom  ali to    envfrom  env to     acc
 ---   ------ ----- --------- --------- ------- -------    ------- -------    ------- -------    ----
   1 !   80.9   0.6   3.1e-24   4.4e-24       8      66 ..      17      75 ..      10      88 .. 0.88

  Alignments for each domain:
  == domain 1  score: 80.9 bits;  conditional E-value: 3.1e-24
                      gvpa  8 assslaevldrvLdkGvvidawvrvsLvGielltvearvvvasvdtyLkyaeavglteq 66
                              ++  l ++l+ +Ld+G+vid++vrvsLvGie+l +++r+v+asvdtyL++aea  + + 
  nat_057e1cbe9c0aca38bc03 17 GTGGLFDILELILDRGLVIDVFVRVSLVGIEILKIDIRIVIASVDTYLRFAEACNRLDL 75
                              556799***********************************************987655 PP

>> nat_a35562a6d386286458f3  
   #    score  bias  c-Evalue  i-Evalue hmmfrom  hmm to    alifrom  ali to    envfrom  env to     acc
 ---   ------ ----- --------- --------- ------- -------    ------- -------    ------- -------    ----
   1 !   80.8   0.4   3.3e-24   4.7e-24       9      65 ..      18      74 ..      11      87 .. 0.89

  Alignments for each domain:
  == domain 1  score: 80.8 bits;  conditional E-value: 3.3e-24
                      gvpa  9 ssslaevldrvLdkGvvidawvrvsLvGielltvearvvvasvdtyLkyaeavglte 65
                              +  l ++l+ +Ld+G+vid++vrvsLvGie+l +++r+v+asvdtyL++aea  + +
  nat_a35562a6d386286458f3 18 TGGLFDILELILDRGLVIDVFVRVSLVGIEILKIDIRIVIASVDTYLRFAEACNRLD 74
                              56799**********************************************988765 PP

>> nat_db21d598502068c3fa2f  
   #    score  bias  c-Evalue  i-Evalue hmmfrom  hmm to    alifrom  ali to    envfrom  env to     acc
 ---   ------ ----- --------- --------- ------- -------    ------- -------    ------- -------    ----
   1 !   80.6   0.3   3.8e-24   5.4e-24       8      64 ..      18      74 ..      14      90 .. 0.92

  Alignments for each domain:
  == domain 1  score: 80.6 bits;  conditional E-value: 3.8e-24
                      gvpa  8 assslaevldrvLdkGvvidawvrvsLvGielltvearvvvasvdtyLkyaeavglt 64
                              +s  l ++l+ +Ld+G+vid++vrvsLvG+e+l ++ar+vvasvdtyL++aea  + 
  nat_db21d598502068c3fa2f 18 GSGNLYDILELILDRGLVIDVFVRVSLVGVEILKIDARIVVASVDTYLRFAEACNRL 74
                              577899**********************************************98765 PP

>> nat_ea0ea44f707886c44ad7  
   #    score  bias  c-Evalue  i-Evalue hmmfrom  hmm to    alifrom  ali to    envfrom  env to     acc
 ---   ------ ----- --------- --------- ------- -------    ------- -------    ------- -------    ----
   1 !   80.9   0.1     3e-24   4.3e-24       8      67 ..      12      71 ..       1      84 [. 0.90

  Alignments for each domain:
  == domain 1  score: 80.9 bits;  conditional E-value: 3e-24
                      gvpa  8 assslaevldrvLdkGvvidawvrvsLvGielltvearvvvasvdtyLkyaeavglteqa 67
                              +ss l +vl+ +Ld+G+vida vrvsL+Gie+l +++rvvvasvdtyL++aea  + +  
  nat_ea0ea44f707886c44ad7 12 GSSGLYDVLELILDRGLVIDASVRVSLLGIEILKIDIRVVVASVDTYLRFAEACNRLDLE 71
                              6899*************************************************9877655 PP

>> nat_c851ec622696a1a12ee9  
   #    score  bias  c-Evalue  i-Evalue hmmfrom  hmm to    alifrom  ali to    envfrom  env to     acc
 ---   ------ ----- --------- --------- ------- -------    ------- -------    ------- -------    ----
   1 !   80.5   0.4   4.1e-24   5.8e-24       8      64 ..      18      74 ..      14      90 .. 0.92

  Alignments for each domain:
  == domain 1  score: 80.5 bits;  conditional E-value: 4.1e-24
                      gvpa  8 assslaevldrvLdkGvvidawvrvsLvGielltvearvvvasvdtyLkyaeavglt 64
                              +s  l ++l+ +Ld+G+vid++vrvsLvG+e+l ++ar+vvasvdtyL++aea  + 
  nat_c851ec622696a1a12ee9 18 GSGNLYDILELILDRGLVIDVFVRVSLVGVEILKIDARIVVASVDTYLRFAEACNRL 74
                              577899**********************************************98765 PP

>> nat_4b12dfb542826f087a7e  
   #    score  bias  c-Evalue  i-Evalue hmmfrom  hmm to    alifrom  ali to    envfrom  env to     acc
 ---   ------ ----- --------- --------- ------- -------    ------- -------    ------- -------    ----
   1 !   80.9   0.8     3e-24   4.4e-24       7      65 ..      14      72 ..      10      85 .. 0.91

  Alignments for each domain:
  == domain 1  score: 80.9 bits;  conditional E-value: 3e-24
                      gvpa  7 sassslaevldrvLdkGvvidawvrvsLvGielltvearvvvasvdtyLkyaeavglte 65
                              s+s sl ++l+ +Ld+G+vid+++rvsL+Gie+lt+++r+vvasvdtyL+ aea  + +
  nat_4b12dfb542826f087a7e 14 SGSGSLYDILELILDRGLVIDVFIRVSLLGIEILTIDIRIVVASVDTYLRLAEACNRLD 72
                              6899*************************************************987765 PP

>> nat_9cc118c4f8ae07349652  
   #    score  bias  c-Evalue  i-Evalue hmmfrom  hmm to    alifrom  ali to    envfrom  env to     acc
 ---   ------ ----- --------- --------- ------- -------    ------- -------    ------- -------    ----
   1 !   80.9   0.8     3e-24   4.4e-24       7      65 ..      14      72 ..      10      85 .. 0.91

  Alignments for each domain:
  == domain 1  score: 80.9 bits;  conditional E-value: 3e-24
                      gvpa  7 sassslaevldrvLdkGvvidawvrvsLvGielltvearvvvasvdtyLkyaeavglte 65
                              s+s sl ++l+ +Ld+G+vid+++rvsL+Gie+lt+++r+vvasvdtyL+ aea  + +
  nat_9cc118c4f8ae07349652 14 SGSGSLYDILELILDRGLVIDVFIRVSLLGIEILTIDIRIVVASVDTYLRLAEACNRLD 72
                              6899*************************************************987765 PP

>> nat_c2b38e1874ab84e46f83  
   #    score  bias  c-Evalue  i-Evalue hmmfrom  hmm to    alifrom  ali to    envfrom  env to     acc
 ---   ------ ----- --------- --------- ------- -------    ------- -------    ------- -------    ----
   1 !   80.5   0.7   3.9e-24   5.5e-24      16      65 ..       2      51 ..       1      66 [. 0.92

  Alignments for each domain:
  == domain 1  score: 80.5 bits;  conditional E-value: 3.9e-24
                      gvpa 16 ldrvLdkGvvidawvrvsLvGielltvearvvvasvdtyLkyaeavglte 65
                              +d +LdkG+vida+vrvsLvGiellt++ar+ va vdtyL++aeav + +
  nat_c2b38e1874ab84e46f83  2 IDTILDKGLVIDAYVRVSLVGIELLTIDARIGVAGVDTYLRFAEAVNRLD 51
                              9*********************************************8765 PP

>> nat_7794e8f04dda3151b8bb  
   #    score  bias  c-Evalue  i-Evalue hmmfrom  hmm to    alifrom  ali to    envfrom  env to     acc
 ---   ------ ----- --------- --------- ------- -------    ------- -------    ------- -------    ----
   1 !   79.8   1.2   6.7e-24   9.7e-24       7      65 ..      18      76 ..      11      90 .. 0.89

  Alignments for each domain:
  == domain 1  score: 79.8 bits;  conditional E-value: 6.7e-24
                      gvpa  7 sassslaevldrvLdkGvvidawvrvsLvGielltvearvvvasvdtyLkyaeavglte 65
                              s+++ l ++l+ +Ld+G+vid++vrvs+vGiel+ +++r+v+asvdtyL++aea  + +
  nat_7794e8f04dda3151b8bb 18 SGTAGLYDILELILDRGLVIDVFVRVSIVGIELIKIDIRIVIASVDTYLRFAEACNRLD 76
                              4567899**********************************************987765 PP

>> nat_17f8dbacce8546140dc8  
   #    score  bias  c-Evalue  i-Evalue hmmfrom  hmm to    alifrom  ali to    envfrom  env to     acc
 ---   ------ ----- --------- --------- ------- -------    ------- -------    ------- -------    ----
   1 !   78.7   0.2   1.4e-23     2e-23      10      69 ..      17      75 ..      12      85 .. 0.90

  Alignments for each domain:
  == domain 1  score: 78.7 bits;  conditional E-value: 1.4e-23
                      gvpa 10 sslaevldrvLdkGvvidawvrvsLvGielltvearvvvasvdtyLkyaeavglteqaal 69
                              s  ++v+d +Ld+G+v d++ rvsLvGielltv+ar+vvasvdtyL++aeav + + a+ 
  nat_17f8dbacce8546140dc8 17 SGRVDVID-ILDRGLVTDIHLRVSLVGIELLTVDARIVVASVDTYLRFAEAVDRLDLADD 75
                              66789999.9******************************************99887765 PP

>> nat_7dbf168b0a730e9f7293  
   #    score  bias  c-Evalue  i-Evalue hmmfrom  hmm to    alifrom  ali to    envfrom  env to     acc
 ---   ------ ----- --------- --------- ------- -------    ------- -------    ------- -------    ----
   1 !   77.8   0.2   2.8e-23     4e-23       7      67 ..       7      67 ..       1      81 [. 0.83

  Alignments for each domain:
  == domain 1  score: 77.8 bits;  conditional E-value: 2.8e-23
                      gvpa  7 sassslaevldrvLdkGvvidawvrvsLvGielltvearvvvasvdtyLkyaeavglteqa 67
                              +a   lae l+ +LdkG+vida vrvsL+Giellt++++vv+asvdty++y ea+ + +  
  nat_7dbf168b0a730e9f7293  7 PAQGGLAEALNILLDKGLVIDATVRVSLIGIELLTIQVKVVIASVDTYIRYLEAMQRLDAQ 67
                              566789************************************************9876532 PP

>> nat_588257282ce6ea174dae  
   #    score  bias  c-Evalue  i-Evalue hmmfrom  hmm to    alifrom  ali to    envfrom  env to     acc
 ---   ------ ----- --------- --------- ------- -------    ------- -------    ------- -------    ----
   1 !   77.6   0.0   3.2e-23   4.5e-23       8      68 ..      14      74 ..      10      83 .. 0.92

  Alignments for each domain:
  == domain 1  score: 77.6 bits;  conditional E-value: 3.2e-23
                      gvpa  8 assslaevldrvLdkGvvidawvrvsLvGielltvearvvvasvdtyLkyaeavglteqaa 68
                              +ss l +vl+ vLd+G+vida vrvsL+G+e+l +++rvvvas+dtyL++aea  + +  a
  nat_588257282ce6ea174dae 14 GSSGLYDVLELVLDRGLVIDAEVRVSLLGLEILKIDIRVVVASIDTYLRFAEACNRLDLEA 74
                              6999*************************************************98876655 PP

>> nat_f0527674fd3fa7ce3faf  
   #    score  bias  c-Evalue  i-Evalue hmmfrom  hmm to    alifrom  ali to    envfrom  env to     acc
 ---   ------ ----- --------- --------- ------- -------    ------- -------    ------- -------    ----
   1 !   68.0   0.6   3.1e-20   4.5e-20      17      67 ..       2      52 ..       1      66 [. 0.90

  Alignments for each domain:
  == domain 1  score: 68.0 bits;  conditional E-value: 3.1e-20
                      gvpa 17 drvLdkGvvidawvrvsLvGielltvearvvvasvdtyLkyaeavglteqa 67
                              + vLdkGvvida v v++vGi+ll ++arvvvasv+tyL++a+av + + +
  nat_f0527674fd3fa7ce3faf  2 ETVLDKGVVIDAQVSVAVVGIQLLEINARVVVASVETYLRFAQAVDRLSIT 52
                              579******************************************987655 PP

>> nat_5c2e3230af84af2b587d  
   #    score  bias  c-Evalue  i-Evalue hmmfrom  hmm to    alifrom  ali to    envfrom  env to     acc
 ---   ------ ----- --------- --------- ------- -------    ------- -------    ------- -------    ----
   1 !   54.9   1.1   3.8e-16   5.4e-16       1      53 [.       1      53 [.       1      77 [. 0.96

  Alignments for each domain:
  == domain 1  score: 54.9 bits;  conditional E-value: 3.8e-16
                      gvpa  1 mavekvsassslaevldrvLdkGvvidawvrvsLvGielltvearvvvasvdt 53
                              ma+e++++s s+++vl+ vLdkGvvi   +rv +  +ellt+ +r++vasvd 
  nat_5c2e3230af84af2b587d  1 MAIEQSTQSNSIVDVLETVLDKGVVIAGDIRVGIADVELLTIKIRLIVASVDK 53
                              9**************************************************95 PP

>> nat_86c1908d1d28058bf2a9  
   #    score  bias  c-Evalue  i-Evalue hmmfrom  hmm to    alifrom  ali to    envfrom  env to     acc
 ---   ------ ----- --------- --------- ------- -------    ------- -------    ------- -------    ----
   1 !   53.0   0.7   1.5e-15   2.2e-15       1      53 [.       1      53 [.       1      77 [. 0.91

  Alignments for each domain:
  == domain 1  score: 53.0 bits;  conditional E-value: 1.5e-15
                      gvpa  1 mavekvsassslaevldrvLdkGvvidawvrvsLvGielltvearvvvasvdt 53
                              m +++ s+ss + e+l+++LdkGvvi   +++sL  +ellt+ +r++vasvd 
  nat_86c1908d1d28058bf2a9  1 MSIQHASESSNILEILEKILDKGVVIAGDIKISLADVELLTIKIRLIVASVDK 53
                              89999**********************************************95 PP

>> nat_2dde3392aae621ffc247  
   #    score  bias  c-Evalue  i-Evalue hmmfrom  hmm to    alifrom  ali to    envfrom  env to     acc
 ---   ------ ----- --------- --------- ------- -------    ------- -------    ------- -------    ----
   1 !   51.8   1.0   3.6e-15   5.2e-15       1      53 [.       1      53 [.       1      78 [. 0.94

  Alignments for each domain:
  == domain 1  score: 51.8 bits;  conditional E-value: 3.6e-15
                      gvpa  1 mavekvsassslaevldrvLdkGvvidawvrvsLvGielltvearvvvasvdt 53
                              mave++ +ss++++vl+++LdkGvvi   + v +  +ellt+ +r++vasvd 
  nat_2dde3392aae621ffc247  1 MAVEHSMQSSTIVDVLEKILDKGVVIAGDITVGIADVELLTIKIRLIVASVDK 53
                              9**************************************************95 PP

>> nat_d7b8c5c7cb6b1053592e  
   #    score  bias  c-Evalue  i-Evalue hmmfrom  hmm to    alifrom  ali to    envfrom  env to     acc
 ---   ------ ----- --------- --------- ------- -------    ------- -------    ------- -------    ----
   1 !   51.3   1.2   5.1e-15   7.3e-15       1      53 [.       1      53 [.       1      77 [. 0.95

  Alignments for each domain:
  == domain 1  score: 51.3 bits;  conditional E-value: 5.1e-15
                      gvpa  1 mavekvsassslaevldrvLdkGvvidawvrvsLvGielltvearvvvasvdt 53
                              ma+e++++ss++++vl+++LdkGvvi   + v +  +ellt+ +r++vasvd 
  nat_d7b8c5c7cb6b1053592e  1 MAIEHNVQSSTIVDVLEKILDKGVVIAGDITVGIADVELLTIKIRLIVASVDK 53
                              9**************************************************95 PP

>> nat_41d8ab0f02461073a97c  
   #    score  bias  c-Evalue  i-Evalue hmmfrom  hmm to    alifrom  ali to    envfrom  env to     acc
 ---   ------ ----- --------- --------- ------- -------    ------- -------    ------- -------    ----
   1 !   50.9   0.4   6.9e-15     1e-14       6      53 ..       3      50 ..       1      69 [. 0.94

  Alignments for each domain:
  == domain 1  score: 50.9 bits;  conditional E-value: 6.9e-15
                      gvpa  6 vsassslaevldrvLdkGvvidawvrvsLvGielltvearvvvasvdt 53
                              +++s+ l ++l+rvLdkG+vi   +rv L+ iellt+  r+v+as+dt
  nat_41d8ab0f02461073a97c  3 SPQSTNLGDILERVLDKGIVIAGDIRVNLLDIELLTIKLRLVIASLDT 50
                              578999*****************************************9 PP

>> nat_ecb1c2738797f1742802  
   #    score  bias  c-Evalue  i-Evalue hmmfrom  hmm to    alifrom  ali to    envfrom  env to     acc
 ---   ------ ----- --------- --------- ------- -------    ------- -------    ------- -------    ----
   1 !   50.5   1.3   8.8e-15   1.3e-14       6      53 ..       4      51 ..       1      64 [. 0.93

  Alignments for each domain:
  == domain 1  score: 50.5 bits;  conditional E-value: 8.8e-15
                      gvpa  6 vsassslaevldrvLdkGvvidawvrvsLvGielltvearvvvasvdt 53
                              +s+s+ l ++l+rvLdkG+vi   +rv L+ iellt+  r+v+as+dt
  nat_ecb1c2738797f1742802  4 SSSSTNLGDILERVLDKGIVIAGDIRVNLLDIELLTIKLRLVIASLDT 51
                              567889*****************************************9 PP

>> nat_93ee8755b8fb64b781d3  
   #    score  bias  c-Evalue  i-Evalue hmmfrom  hmm to    alifrom  ali to    envfrom  env to     acc
 ---   ------ ----- --------- --------- ------- -------    ------- -------    ------- -------    ----
   1 !   50.6   1.4   8.4e-15   1.2e-14       1      52 [.       1      52 [.       1      73 [. 0.96

  Alignments for each domain:
  == domain 1  score: 50.6 bits;  conditional E-value: 8.4e-15
                      gvpa  1 mavekvsassslaevldrvLdkGvvidawvrvsLvGielltvearvvvasvd 52
                              mave++ +ss++++vl+++LdkGvvi   + v +  +ellt+ +r++vas+d
  nat_93ee8755b8fb64b781d3  1 MAVEHNMQSSTIVDVLEKILDKGVVIAGDITVGIADVELLTIKIRLIVASID 52
                              9**************************************************9 PP

>> nat_4a66b9c8b2b4962ce727  
   #    score  bias  c-Evalue  i-Evalue hmmfrom  hmm to    alifrom  ali to    envfrom  env to     acc
 ---   ------ ----- --------- --------- ------- -------    ------- -------    ------- -------    ----
   1 !   50.5   2.2   9.3e-15   1.3e-14       1      52 [.       1      52 [.       1      72 [. 0.96

  Alignments for each domain:
  == domain 1  score: 50.5 bits;  conditional E-value: 9.3e-15
                      gvpa  1 mavekvsassslaevldrvLdkGvvidawvrvsLvGielltvearvvvasvd 52
                              mave++++ss++++vl+++LdkGvvi   + v +  +ellt+ +r++vas+d
  nat_4a66b9c8b2b4962ce727  1 MAVEHNVQSSTIVDVLEKILDKGVVIAGDITVGIADVELLTIKIRLIVASID 52
                              9**************************************************9 PP

>> nat_d39c56188f28cb02ba10  
   #    score  bias  c-Evalue  i-Evalue hmmfrom  hmm to    alifrom  ali to    envfrom  env to     acc
 ---   ------ ----- --------- --------- ------- -------    ------- -------    ------- -------    ----
   1 !   49.5   0.1   1.8e-14   2.6e-14       9      56 ..      20      67 ..      16      97 .. 0.83

  Alignments for each domain:
  == domain 1  score: 49.5 bits;  conditional E-value: 1.8e-14
                      gvpa  9 ssslaevldrvLdkGvvidawvrvsLvGielltvearvvvasvdtyLk 56
                              s sla++l+rvLdkGvvi   +++ L+ iellt+  r+ +asvdt  k
  nat_d39c56188f28cb02ba10 20 SGSLADLLERVLDKGVVIAGDIKIDLLDIELLTIRLRLFIASVDTAKK 67
                              89*******************************************655 PP

>> nat_c6080e51aceffe4e0a16  
   #    score  bias  c-Evalue  i-Evalue hmmfrom  hmm to    alifrom  ali to    envfrom  env to     acc
 ---   ------ ----- --------- --------- ------- -------    ------- -------    ------- -------    ----
   1 !   49.5   0.1   1.8e-14   2.6e-14       9      56 ..      20      67 ..      16      97 .. 0.84

  Alignments for each domain:
  == domain 1  score: 49.5 bits;  conditional E-value: 1.8e-14
                      gvpa  9 ssslaevldrvLdkGvvidawvrvsLvGielltvearvvvasvdtyLk 56
                              s sla++l+rvLdkG+vi   +++ L+ iellt+  r+ +asvdt  k
  nat_c6080e51aceffe4e0a16 20 SGSLADLLERVLDKGIVIAGDIKIDLLDIELLTIRLRLFIASVDTAKK 67
                              89*******************************************655 PP

>> nat_8be088bcd53ef20d5eec  
   #    score  bias  c-Evalue  i-Evalue hmmfrom  hmm to    alifrom  ali to    envfrom  env to     acc
 ---   ------ ----- --------- --------- ------- -------    ------- -------    ------- -------    ----
   1 !   49.3   3.2   2.2e-14   3.1e-14       1      52 [.       1      52 [.       1      63 [. 0.97

  Alignments for each domain:
  == domain 1  score: 49.3 bits;  conditional E-value: 2.2e-14
                      gvpa  1 mavekvsassslaevldrvLdkGvvidawvrvsLvGielltvearvvvasvd 52
                              mave+  +s ++++vl++vLdkGvvi   +rv +  +el+t+ +r++vasvd
  nat_8be088bcd53ef20d5eec  1 MAVEHPMQSNTIVDVLEKVLDKGVVIAGDIRVGIADVELITIKIRLIVASVD 52
                              9**************************************************9 PP

>> nat_8e0a2c13b1b8165a790e  
   #    score  bias  c-Evalue  i-Evalue hmmfrom  hmm to    alifrom  ali to    envfrom  env to     acc
 ---   ------ ----- --------- --------- ------- -------    ------- -------    ------- -------    ----
   1 !   49.3   0.0   2.1e-14     3e-14       8      56 ..      19      67 ..      14      97 .. 0.84

  Alignments for each domain:
  == domain 1  score: 49.3 bits;  conditional E-value: 2.1e-14
                      gvpa  8 assslaevldrvLdkGvvidawvrvsLvGielltvearvvvasvdtyLk 56
                               s sla++l+rvLdkG+vi   +++ L+ iellt+  r+ +asv+t  k
  nat_8e0a2c13b1b8165a790e 19 PSGSLADLLERVLDKGIVIAGDIKIDLLDIELLTIRLRLFIASVETAKK 67
                              589******************************************9655 PP

>> nat_05b12b3e859ceb6ed015  
   #    score  bias  c-Evalue  i-Evalue hmmfrom  hmm to    alifrom  ali to    envfrom  env to     acc
 ---   ------ ----- --------- --------- ------- -------    ------- -------    ------- -------    ----
   1 !   49.3   0.0   2.2e-14   3.1e-14       9      55 ..      20      66 ..      16      94 .. 0.88

  Alignments for each domain:
  == domain 1  score: 49.3 bits;  conditional E-value: 2.2e-14
                      gvpa  9 ssslaevldrvLdkGvvidawvrvsLvGielltvearvvvasvdtyL 55
                              s sla++l+rvLdkG+vi   +++ L+ iellt+  r+ +asvdt  
  nat_05b12b3e859ceb6ed015 20 SGSLADLLERVLDKGIVIAGDIKIDLLDIELLTIRLRLFIASVDTAK 66
                              89******************************************965 PP

>> nat_41c961009656e555d77b  
   #    score  bias  c-Evalue  i-Evalue hmmfrom  hmm to    alifrom  ali to    envfrom  env to     acc
 ---   ------ ----- --------- --------- ------- -------    ------- -------    ------- -------    ----
   1 !   49.2   0.1   2.2e-14   3.2e-14       8      56 ..      19      67 ..      16      97 .. 0.84

  Alignments for each domain:
  == domain 1  score: 49.2 bits;  conditional E-value: 2.2e-14
                      gvpa  8 assslaevldrvLdkGvvidawvrvsLvGielltvearvvvasvdtyLk 56
                              ++ sla++l+rvLdkG+vi   +++ L+ iellt+  r+ +asv+t  k
  nat_41c961009656e555d77b 19 SGGSLADLLERVLDKGIVIAGDIKIDLLDIELLTIRLRLFIASVETAKK 67
                              789******************************************9655 PP

>> nat_4679d56f6681435313d7  
   #    score  bias  c-Evalue  i-Evalue hmmfrom  hmm to    alifrom  ali to    envfrom  env to     acc
 ---   ------ ----- --------- --------- ------- -------    ------- -------    ------- -------    ----
   1 !   49.2   0.1   2.3e-14   3.3e-14       6      56 ..      17      67 ..      14      92 .. 0.85

  Alignments for each domain:
  == domain 1  score: 49.2 bits;  conditional E-value: 2.3e-14
                      gvpa  6 vsassslaevldrvLdkGvvidawvrvsLvGielltvearvvvasvdtyLk 56
                              ++++s la++l+r+LdkG+vi   v++ L+ iellt+  r+ ++sv+t  k
  nat_4679d56f6681435313d7 17 SPSTSNLADILERILDKGIVIAGDVKIDLLDIELLTIRLRLFISSVETAKK 67
                              678999*****************************************9655 PP

>> nat_47f1a4ea07a3cb6c51c0  
   #    score  bias  c-Evalue  i-Evalue hmmfrom  hmm to    alifrom  ali to    envfrom  env to     acc
 ---   ------ ----- --------- --------- ------- -------    ------- -------    ------- -------    ----
   1 !   49.0   1.6   2.6e-14   3.7e-14       8      53 ..      17      62 ..      14      67 .. 0.94

  Alignments for each domain:
  == domain 1  score: 49.0 bits;  conditional E-value: 2.6e-14
                      gvpa  8 assslaevldrvLdkGvvidawvrvsLvGielltvearvvvasvdt 53
                              ++  la++l+rvLd+Gvvi   +rv L+ iellt+  r+vvasvdt
  nat_47f1a4ea07a3cb6c51c0 17 DTGNLADILERVLDRGVVIAGDIRVNLLDIELLTIKLRLVVASVDT 62
                              56789****************************************9 PP

>> nat_b629ea5b6ccdf5cafe33  
   #    score  bias  c-Evalue  i-Evalue hmmfrom  hmm to    alifrom  ali to    envfrom  env to     acc
 ---   ------ ----- --------- --------- ------- -------    ------- -------    ------- -------    ----
   1 !   48.9   4.6   2.9e-14   4.2e-14       1      52 [.       1      52 [.       1      60 [. 0.97

  Alignments for each domain:
  == domain 1  score: 48.9 bits;  conditional E-value: 2.9e-14
                      gvpa  1 mavekvsassslaevldrvLdkGvvidawvrvsLvGielltvearvvvasvd 52
                              mave++ +ss++++vl+++LdkGvvi   + v +  iellt+ +r++vasvd
  nat_b629ea5b6ccdf5cafe33  1 MAVEHNMQSSTIVDVLEKILDKGVVIAGDISVGIADIELLTIKIRLIVASVD 52
                              9**************************************************9 PP

>> nat_b0bc17f554cd4bd5d816  
   #    score  bias  c-Evalue  i-Evalue hmmfrom  hmm to    alifrom  ali to    envfrom  env to     acc
 ---   ------ ----- --------- --------- ------- -------    ------- -------    ------- -------    ----
   1 !   48.2   0.1   4.9e-14     7e-14       5      56 ..      13      64 ..      10      89 .. 0.83

  Alignments for each domain:
  == domain 1  score: 48.2 bits;  conditional E-value: 4.9e-14
                      gvpa  5 kvsassslaevldrvLdkGvvidawvrvsLvGielltvearvvvasvdtyLk 56
                              + s+ s la++l+r+LdkG+vi   +++ L+ iellt+  r+ ++svdt  k
  nat_b0bc17f554cd4bd5d816 13 RASGPSNLADILERILDKGIVIAGDIKIDLLDIELLTIRLRLFISSVDTARK 64
                              678889*******************************************766 PP

>> nat_65a24aaa375f0bffdfc5  
   #    score  bias  c-Evalue  i-Evalue hmmfrom  hmm to    alifrom  ali to    envfrom  env to     acc
 ---   ------ ----- --------- --------- ------- -------    ------- -------    ------- -------    ----
   1 !   48.0   0.1   5.6e-14   8.1e-14      10      56 ..      21      67 ..      17      97 .. 0.84

  Alignments for each domain:
  == domain 1  score: 48.0 bits;  conditional E-value: 5.6e-14
                      gvpa 10 sslaevldrvLdkGvvidawvrvsLvGielltvearvvvasvdtyLk 56
                               sla++l+rvLdkG+vi   +++ L+ iellt+  r+ +asvdt  k
  nat_65a24aaa375f0bffdfc5 21 GSLADLLERVLDKGIVIAGDIKIDLLDIELLTIRLRLFIASVDTAKK 67
                              79*****************************************9655 PP

>> nat_7c3de3fe13342d4e92f5  
   #    score  bias  c-Evalue  i-Evalue hmmfrom  hmm to    alifrom  ali to    envfrom  env to     acc
 ---   ------ ----- --------- --------- ------- -------    ------- -------    ------- -------    ----
   1 !   47.9   0.0   5.9e-14   8.4e-14       6      54 ..      16      64 ..      12      90 .. 0.89

  Alignments for each domain:
  == domain 1  score: 47.9 bits;  conditional E-value: 5.9e-14
                      gvpa  6 vsassslaevldrvLdkGvvidawvrvsLvGielltvearvvvasvdty 54
                               s+ s la++l+r+LdkG+vi   v++ L+ iellt+  r+ ++svdt 
  nat_7c3de3fe13342d4e92f5 16 PSGPSNLADILERILDKGIVIAGDVKIDLLDIELLTIRLRLFISSVDTA 64
                              567899*****************************************96 PP

>> nat_3fffa9db9247345bf996  
   #    score  bias  c-Evalue  i-Evalue hmmfrom  hmm to    alifrom  ali to    envfrom  env to     acc
 ---   ------ ----- --------- --------- ------- -------    ------- -------    ------- -------    ----
   1 !   47.8   0.5   6.4e-14   9.2e-14       1      53 [.       1      53 [.       1      67 [. 0.95

  Alignments for each domain:
  == domain 1  score: 47.8 bits;  conditional E-value: 6.4e-14
                      gvpa  1 mavekvsassslaevldrvLdkGvvidawvrvsLvGielltvearvvvasvdt 53
                              m ++++s+s  + ++l+++LdkGvvi   +++sL  ++llt+ +r++vasvd 
  nat_3fffa9db9247345bf996  1 MSIQHSSQSGNILDILEKILDKGVVIAGDIKISLADVDLLTIRIRLLVASVDK 53
                              8999***********************************************95 PP

>> nat_299ca2c9b99a9aadf54a  
   #    score  bias  c-Evalue  i-Evalue hmmfrom  hmm to    alifrom  ali to    envfrom  env to     acc
 ---   ------ ----- --------- --------- ------- -------    ------- -------    ------- -------    ----
   1 !   47.8   0.0   6.1e-14   8.8e-14       6      54 ..      18      66 ..      14      92 .. 0.89

  Alignments for each domain:
  == domain 1  score: 47.8 bits;  conditional E-value: 6.1e-14
                      gvpa  6 vsassslaevldrvLdkGvvidawvrvsLvGielltvearvvvasvdty 54
                               s+ s la++l+r+LdkG+vi   v++ L+ iellt+  r+ ++svdt 
  nat_299ca2c9b99a9aadf54a 18 PSGPSNLADILERILDKGIVIAGDVKIDLLDIELLTIRLRLFISSVDTA 66
                              567899*****************************************96 PP

>> nat_9ecb68caf9b062eead15  
   #    score  bias  c-Evalue  i-Evalue hmmfrom  hmm to    alifrom  ali to    envfrom  env to     acc
 ---   ------ ----- --------- --------- ------- -------    ------- -------    ------- -------    ----
   1 !   47.6   0.6   7.2e-14     1e-13      11      53 ..      27      69 ..      18      90 .. 0.93

  Alignments for each domain:
  == domain 1  score: 47.6 bits;  conditional E-value: 7.2e-14
                      gvpa 11 slaevldrvLdkGvvidawvrvsLvGielltvearvvvasvdt 53
                               la++l+rvLdkG+vi   +rv L+ iellt+ +r+vv svd 
  nat_9ecb68caf9b062eead15 27 NLADILERVLDKGIVIAGDIRVNLLDIELLTIKIRLVVVSVDK 69
                              79***************************************96 PP

>> nat_1c3d745a993f2e62d375  
   #    score  bias  c-Evalue  i-Evalue hmmfrom  hmm to    alifrom  ali to    envfrom  env to     acc
 ---   ------ ----- --------- --------- ------- -------    ------- -------    ------- -------    ----
   1 !   47.4   1.4   8.2e-14   1.2e-13       7      54 ..      18      65 ..      15      91 .. 0.93

  Alignments for each domain:
  == domain 1  score: 47.4 bits;  conditional E-value: 8.2e-14
                      gvpa  7 sassslaevldrvLdkGvvidawvrvsLvGielltvearvvvasvdty 54
                              +a+ sla++l+rvLdkG+vi   +++ L+ iellt+  r+ +asvdt 
  nat_1c3d745a993f2e62d375 18 PAAGSLADLLERVLDKGIVIAGDIKIDLLDIELLTIRLRLFIASVDTA 65
                              5789******************************************95 PP

>> nat_ae0d3c1433adbcb50ef7  
   #    score  bias  c-Evalue  i-Evalue hmmfrom  hmm to    alifrom  ali to    envfrom  env to     acc
 ---   ------ ----- --------- --------- ------- -------    ------- -------    ------- -------    ----
   1 !   47.3   0.0   8.9e-14   1.3e-13       8      57 ..      19      68 ..      15      92 .. 0.83

  Alignments for each domain:
  == domain 1  score: 47.3 bits;  conditional E-value: 8.9e-14
                      gvpa  8 assslaevldrvLdkGvvidawvrvsLvGielltvearvvvasvdtyLky 57
                               +s la++l+r+LdkG+vi   +++ L+ iellt+  r+ ++svdt  k 
  nat_ae0d3c1433adbcb50ef7 19 RASNLADILERILDKGIVIAGDIKIDLLDIELLTIRLRLFISSVDTAKKA 68
                              6899******************************************7665 PP

>> nat_d18c3f8a7743da7fc46c  
   #    score  bias  c-Evalue  i-Evalue hmmfrom  hmm to    alifrom  ali to    envfrom  env to     acc
 ---   ------ ----- --------- --------- ------- -------    ------- -------    ------- -------    ----
   1 !   46.6   1.4   1.5e-13   2.1e-13      10      56 ..      21      67 ..      17      97 .. 0.84

  Alignments for each domain:
  == domain 1  score: 46.6 bits;  conditional E-value: 1.5e-13
                      gvpa 10 sslaevldrvLdkGvvidawvrvsLvGielltvearvvvasvdtyLk 56
                               sla++l+rvLdkG+vi   +++ L+ iellt+  r+ +asvdt  k
  nat_d18c3f8a7743da7fc46c 21 GSLADLLERVLDKGIVIAGDIKIDLLDIELLTIRLRLFIASVDTARK 67
                              79*****************************************9655 PP

>> nat_395ec35f14effdb2da3a  
   #    score  bias  c-Evalue  i-Evalue hmmfrom  hmm to    alifrom  ali to    envfrom  env to     acc
 ---   ------ ----- --------- --------- ------- -------    ------- -------    ------- -------    ----
   1 !   46.5   0.2   1.6e-13   2.3e-13       6      52 ..      13      59 ..       9      82 .. 0.95

  Alignments for each domain:
  == domain 1  score: 46.5 bits;  conditional E-value: 1.6e-13
                      gvpa  6 vsassslaevldrvLdkGvvidawvrvsLvGielltvearvvvasvd 52
                              +++ss l++vl+ vLdkGvvi   +rv +  +ell++ +r++vasvd
  nat_395ec35f14effdb2da3a 13 QNTSSNLVDVLETVLDKGVVIAGDIRVGIADVELLSIKIRLIVASVD 59
                              689*******************************************9 PP

>> nat_830632d521f3236a361b  
   #    score  bias  c-Evalue  i-Evalue hmmfrom  hmm to    alifrom  ali to    envfrom  env to     acc
 ---   ------ ----- --------- --------- ------- -------    ------- -------    ------- -------    ----
   1 !   46.2   0.5     2e-13   2.9e-13       9      53 ..      19      63 ..      13      70 .. 0.93

  Alignments for each domain:
  == domain 1  score: 46.2 bits;  conditional E-value: 2e-13
                      gvpa  9 ssslaevldrvLdkGvvidawvrvsLvGielltvearvvvasvdt 53
                               + l ++l+rvLdkG+vi   +rv L+ iellt+  r+vvas++t
  nat_830632d521f3236a361b 19 PANLGDILERVLDKGLVIAGDIRVNLLDIELLTIKLRLVVASLET 63
                              57899***************************************9 PP

>> nat_fb5c50128dbd5c384bba  
   #    score  bias  c-Evalue  i-Evalue hmmfrom  hmm to    alifrom  ali to    envfrom  env to     acc
 ---   ------ ----- --------- --------- ------- -------    ------- -------    ------- -------    ----
   1 !   46.0   1.6   2.4e-13   3.4e-13       3      52 ..       8      57 ..       6      65 .. 0.95

  Alignments for each domain:
  == domain 1  score: 46.0 bits;  conditional E-value: 2.4e-13
                      gvpa  3 vekvsassslaevldrvLdkGvvidawvrvsLvGielltvearvvvasvd 52
                              ++++++s+ +a++l+r+LdkG+vi   ++v Lv +ellt+++++v+ svd
  nat_fb5c50128dbd5c384bba  8 IQQSTNSTNIADLLERILDKGIVIKGDIKVKLVEVELLTIQIQLVICSVD 57
                              788999*******************************************9 PP

>> nat_8c0f48ab1366fa010ded  
   #    score  bias  c-Evalue  i-Evalue hmmfrom  hmm to    alifrom  ali to    envfrom  env to     acc
 ---   ------ ----- --------- --------- ------- -------    ------- -------    ------- -------    ----
   1 !   46.0   0.2   2.3e-13   3.3e-13       8      53 ..      20      65 ..      16      73 .. 0.95

  Alignments for each domain:
  == domain 1  score: 46.0 bits;  conditional E-value: 2.3e-13
                      gvpa  8 assslaevldrvLdkGvvidawvrvsLvGielltvearvvvasvdt 53
                              +ss l ++l+rvLdkG+vi   ++v L+ iellt+  r+v+as++t
  nat_8c0f48ab1366fa010ded 20 QSSNLGDILERVLDKGLVIAGDIQVNLLDIELLTIKLRLVIASLET 65
                              7999*****************************************9 PP

>> nat_cbba243dc1613c0cb1fa  
   #    score  bias  c-Evalue  i-Evalue hmmfrom  hmm to    alifrom  ali to    envfrom  env to     acc
 ---   ------ ----- --------- --------- ------- -------    ------- -------    ------- -------    ----
   1 !   45.6   0.1   3.2e-13   4.6e-13      10      56 ..      22      68 ..      17      96 .. 0.86

  Alignments for each domain:
  == domain 1  score: 45.6 bits;  conditional E-value: 3.2e-13
                      gvpa 10 sslaevldrvLdkGvvidawvrvsLvGielltvearvvvasvdtyLk 56
                                la++l+rvLdkG+vi   +++ L+ iellt+  r+ +asvdt  k
  nat_cbba243dc1613c0cb1fa 22 GNLADLLERVLDKGIVIAGDIKIDLLDIELLTIRLRLFIASVDTAKK 68
                              579****************************************9654 PP

>> nat_8f6356423342dd6a8af7  
   #    score  bias  c-Evalue  i-Evalue hmmfrom  hmm to    alifrom  ali to    envfrom  env to     acc
 ---   ------ ----- --------- --------- ------- -------    ------- -------    ------- -------    ----
   1 !   45.4   3.0   3.5e-13     5e-13       1      52 [.       1      52 [.       1      63 [. 0.97

  Alignments for each domain:
  == domain 1  score: 45.4 bits;  conditional E-value: 3.5e-13
                      gvpa  1 mavekvsassslaevldrvLdkGvvidawvrvsLvGielltvearvvvasvd 52
                              ma+e++ +s ++++vl++vLdkGvvi   + v +  +ellt+ +r++vasvd
  nat_8f6356423342dd6a8af7  1 MAMEHSMQSNTIVDVLEKVLDKGVVIAGDITVGIADVELLTIKIRLIVASVD 52
                              9**************************************************9 PP

>> nat_dc91976c7c3450587080  
   #    score  bias  c-Evalue  i-Evalue hmmfrom  hmm to    alifrom  ali to    envfrom  env to     acc
 ---   ------ ----- --------- --------- ------- -------    ------- -------    ------- -------    ----
   1 !   45.2   3.0     4e-13   5.8e-13       1      52 [.       1      52 [.       1      64 [. 0.96

  Alignments for each domain:
  == domain 1  score: 45.2 bits;  conditional E-value: 4e-13
                      gvpa  1 mavekvsassslaevldrvLdkGvvidawvrvsLvGielltvearvvvasvd 52
                              mav+ + +ss++++vl+++LdkGvvi   + v +  +ellt+ +r++vasvd
  nat_dc91976c7c3450587080  1 MAVQTTGQSSTIVDVLEKILDKGVVIAGDITVGIADVELLTIKIRLIVASVD 52
                              99*************************************************9 PP

>> nat_1af92f4517cb07b380d4  
   #    score  bias  c-Evalue  i-Evalue hmmfrom  hmm to    alifrom  ali to    envfrom  env to     acc
 ---   ------ ----- --------- --------- ------- -------    ------- -------    ------- -------    ----
   1 !   45.1   2.6   4.4e-13   6.3e-13       4      52 ..      12      60 ..       9      67 .. 0.94

  Alignments for each domain:
  == domain 1  score: 45.1 bits;  conditional E-value: 4.4e-13
                      gvpa  4 ekvsassslaevldrvLdkGvvidawvrvsLvGielltvearvvvasvd 52
                                ++++ssla+vl+rvLdkG+vi   + vs+   ell + +r++vasvd
  nat_1af92f4517cb07b380d4 12 STSTQGSSLADVLERVLDKGIVIAGDISVSVATTELLNIRIRLLVASVD 60
                              56889*******************************************9 PP

>> nat_61dc8856dc8fc8349d45  
   #    score  bias  c-Evalue  i-Evalue hmmfrom  hmm to    alifrom  ali to    envfrom  env to     acc
 ---   ------ ----- --------- --------- ------- -------    ------- -------    ------- -------    ----
   1 !   44.8   0.5   5.5e-13   7.8e-13      11      53 ..      25      67 ..      18      80 .. 0.94

  Alignments for each domain:
  == domain 1  score: 44.8 bits;  conditional E-value: 5.5e-13
                      gvpa 11 slaevldrvLdkGvvidawvrvsLvGielltvearvvvasvdt 53
                               la+vl+rvLdkG++i   +rv L+ ielltv +r++v svd 
  nat_61dc8856dc8fc8349d45 25 NLADVLERVLDKGIIIAGDIRVNLLDIELLTVKIRLLVVSVDK 67
                              69***************************************96 PP

>> nat_023128e0df407b2417ae  
   #    score  bias  c-Evalue  i-Evalue hmmfrom  hmm to    alifrom  ali to    envfrom  env to     acc
 ---   ------ ----- --------- --------- ------- -------    ------- -------    ------- -------    ----
   1 !   45.0   0.0   4.7e-13   6.8e-13       9      54 ..      21      66 ..      17      92 .. 0.91

  Alignments for each domain:
  == domain 1  score: 45.0 bits;  conditional E-value: 4.7e-13
                      gvpa  9 ssslaevldrvLdkGvvidawvrvsLvGielltvearvvvasvdty 54
                              ++ la++l+r+LdkG+vi   +++ L+ iellt+  r+ ++svdt 
  nat_023128e0df407b2417ae 21 TANLADILERILDKGIVIAGDIKIDLLDIELLTIRLRLFISSVDTA 66
                              689*****************************************95 PP

>> nat_02e0719c48b326139c30  
   #    score  bias  c-Evalue  i-Evalue hmmfrom  hmm to    alifrom  ali to    envfrom  env to     acc
 ---   ------ ----- --------- --------- ------- -------    ------- -------    ------- -------    ----
   1 !   44.5   0.9   6.9e-13   9.9e-13       7      53 ..       3      49 ..       1      55 [. 0.95

  Alignments for each domain:
  == domain 1  score: 44.5 bits;  conditional E-value: 6.9e-13
                      gvpa  7 sassslaevldrvLdkGvvidawvrvsLvGielltvearvvvasvdt 53
                              ++sssla+ l+rvLdkGvvi   + v +v iellt+ +r+ +as +t
  nat_02e0719c48b326139c30  3 NTSSSLADTLERVLDKGVVIVGDIAVCVVDIELLTLRVRLFIASAQT 49
                              78******************************************988 PP

>> nat_db12f4452278c4bf469c  
   #    score  bias  c-Evalue  i-Evalue hmmfrom  hmm to    alifrom  ali to    envfrom  env to     acc
 ---   ------ ----- --------- --------- ------- -------    ------- -------    ------- -------    ----
   1 !   44.4   1.6   7.5e-13   1.1e-12       7      53 ..      19      65 ..      15      85 .. 0.94

  Alignments for each domain:
  == domain 1  score: 44.4 bits;  conditional E-value: 7.5e-13
                      gvpa  7 sassslaevldrvLdkGvvidawvrvsLvGielltvearvvvasvdt 53
                              ++s sla++l+rvLd+Gvvi   + v +v +ellt+ +r++vasvdt
  nat_db12f4452278c4bf469c 19 QSSGSLADILERVLDRGVVIVGDIVVGVVNVELLTLKVRLLVASVDT 65
                              5799******************************************9 PP

>> nat_a283f318c6308a294b6d  
   #    score  bias  c-Evalue  i-Evalue hmmfrom  hmm to    alifrom  ali to    envfrom  env to     acc
 ---   ------ ----- --------- --------- ------- -------    ------- -------    ------- -------    ----
   1 !   44.2   1.2   8.3e-13   1.2e-12      10      63 ..      11      64 ..       4      69 .. 0.91

  Alignments for each domain:
  == domain 1  score: 44.2 bits;  conditional E-value: 8.3e-13
                      gvpa 10 sslaevldrvLdkGvvidawvrvsLvGielltvearvvvasvdtyLkyaeavgl 63
                               +l++vld vLdkGvv+     +++ Gi+l+ ++ +++v+sv+t L+ ae+   
  nat_a283f318c6308a294b6d 11 VTLVDVLDTVLDKGVVLQGSLVITVAGIDLVYIDLKLLVSSVETLLNAAEKHNE 64
                              579*********************************************998655 PP

>> nat_7c3fe835f2de28872203  
   #    score  bias  c-Evalue  i-Evalue hmmfrom  hmm to    alifrom  ali to    envfrom  env to     acc
 ---   ------ ----- --------- --------- ------- -------    ------- -------    ------- -------    ----
   1 !   43.8   0.9   1.1e-12   1.6e-12       8      53 ..      23      68 ..      20      77 .. 0.94

  Alignments for each domain:
  == domain 1  score: 43.8 bits;  conditional E-value: 1.1e-12
                      gvpa  8 assslaevldrvLdkGvvidawvrvsLvGielltvearvvvasvdt 53
                              a s la++l+rvLdkG+vi   ++v L+ ielltv +r++v svd 
  nat_7c3fe835f2de28872203 23 APSNLADILERVLDKGIVIAGDIKVNLLDIELLTVKIRLLVVSVDK 68
                              5699****************************************96 PP

>> nat_daa26bb81225045c82c6  
   #    score  bias  c-Evalue  i-Evalue hmmfrom  hmm to    alifrom  ali to    envfrom  env to     acc
 ---   ------ ----- --------- --------- ------- -------    ------- -------    ------- -------    ----
   1 !   44.1   0.2   9.2e-13   1.3e-12       5      53 ..       9      57 ..       1      84 [. 0.88

  Alignments for each domain:
  == domain 1  score: 44.1 bits;  conditional E-value: 9.2e-13
                      gvpa  5 kvsassslaevldrvLdkGvvidawvrvsLvGielltvearvvvasvdt 53
                              ++++ s l++vl++vLdkGvvi   + v +  +el+t+ +r++vasvd 
  nat_daa26bb81225045c82c6  9 QNNGPSNLVDVLEKVLDKGVVIAGDISVGIADVELITIKIRLIVASVDK 57
                              5678899****************************************95 PP

>> nat_6770b7649ec68cfb7397  
   #    score  bias  c-Evalue  i-Evalue hmmfrom  hmm to    alifrom  ali to    envfrom  env to     acc
 ---   ------ ----- --------- --------- ------- -------    ------- -------    ------- -------    ----
   1 !   43.8   1.0   1.2e-12   1.7e-12       4      53 ..      19      68 ..      17      73 .. 0.94

  Alignments for each domain:
  == domain 1  score: 43.8 bits;  conditional E-value: 1.2e-12
                      gvpa  4 ekvsassslaevldrvLdkGvvidawvrvsLvGielltvearvvvasvdt 53
                               +  ++s la+vl+rvLdkGvvi   v v ++ iellt+ +r+++as dt
  nat_6770b7649ec68cfb7397 19 RRPDGGSGLADVLERVLDKGVVIVGDVGVNILDIELLTLKIRLLIASADT 68
                              5667899*****************************************99 PP

>> nat_69b7f558d07e2d585aa0  
   #    score  bias  c-Evalue  i-Evalue hmmfrom  hmm to    alifrom  ali to    envfrom  env to     acc
 ---   ------ ----- --------- --------- ------- -------    ------- -------    ------- -------    ----
   1 !   44.0   1.4     1e-12   1.4e-12       7      54 ..      15      62 ..      10      69 .. 0.92

  Alignments for each domain:
  == domain 1  score: 44.0 bits;  conditional E-value: 1e-12
                      gvpa  7 sassslaevldrvLdkGvvidawvrvsLvGielltvearvvvasvdty 54
                              ++  sl ++ldr+LdkG+v+     +s+ Gi+l+ +   vvvasvd  
  nat_69b7f558d07e2d585aa0 15 PDRGSLLDLLDRILDKGIVVHGELILSVAGIDLVFIGLHVVVASVDRM 62
                              6778*****************************************965 PP

>> nat_78a9f4fc56b943558b47  
   #    score  bias  c-Evalue  i-Evalue hmmfrom  hmm to    alifrom  ali to    envfrom  env to     acc
 ---   ------ ----- --------- --------- ------- -------    ------- -------    ------- -------    ----
   1 !   43.2   0.8   1.8e-12   2.6e-12       7      53 ..      16      62 ..      12      67 .. 0.94

  Alignments for each domain:
  == domain 1  score: 43.2 bits;  conditional E-value: 1.8e-12
                      gvpa  7 sassslaevldrvLdkGvvidawvrvsLvGielltvearvvvasvdt 53
                               ++ +la++l+rvLdkG+vi   ++v ++ iellt+  r++vasvdt
  nat_78a9f4fc56b943558b47 16 RSGDTLADILERVLDKGIVIAGDIQVNVLDIELLTLKLRLLVASVDT 62
                              56779*****************************************9 PP

>> nat_4ec35b7e5d4432cf30cc  
   #    score  bias  c-Evalue  i-Evalue hmmfrom  hmm to    alifrom  ali to    envfrom  env to     acc
 ---   ------ ----- --------- --------- ------- -------    ------- -------    ------- -------    ----
   1 !   42.9   0.6   2.1e-12     3e-12      11      53 ..      27      69 ..      21      78 .. 0.93

  Alignments for each domain:
  == domain 1  score: 42.9 bits;  conditional E-value: 2.1e-12
                      gvpa 11 slaevldrvLdkGvvidawvrvsLvGielltvearvvvasvdt 53
                               la++l+rvLdkG++i   +rv L+ ielltv +r++v svd 
  nat_4ec35b7e5d4432cf30cc 27 GLADILERVLDKGIIIAGDIRVNLLDIELLTVKIRLLVVSVDK 69
                              69***************************************96 PP

>> nat_def4e5618d2d3f638abe  
   #    score  bias  c-Evalue  i-Evalue hmmfrom  hmm to    alifrom  ali to    envfrom  env to     acc
 ---   ------ ----- --------- --------- ------- -------    ------- -------    ------- -------    ----
   1 !   42.9   1.2   2.1e-12   3.1e-12       1      52 [.       1      52 [.       1      64 [. 0.95

  Alignments for each domain:
  == domain 1  score: 42.9 bits;  conditional E-value: 2.1e-12
                      gvpa  1 mavekvsassslaevldrvLdkGvvidawvrvsLvGielltvearvvvasvd 52
                              m +e+ ++s ++++vl+++LdkGvv+   + v +  +ellt+ +r++vasvd
  nat_def4e5618d2d3f638abe  1 MGMEHPAQSNTIVDVLEKILDKGVVVAGDITVGIADVELLTIKIRLIVASVD 52
                              7789999********************************************9 PP

>> nat_c54850c6159ad64d41a5  
   #    score  bias  c-Evalue  i-Evalue hmmfrom  hmm to    alifrom  ali to    envfrom  env to     acc
 ---   ------ ----- --------- --------- ------- -------    ------- -------    ------- -------    ----
   1 !   42.8   0.3   2.2e-12   3.2e-12      10      53 ..      22      65 ..      17      72 .. 0.94

  Alignments for each domain:
  == domain 1  score: 42.8 bits;  conditional E-value: 2.2e-12
                      gvpa 10 sslaevldrvLdkGvvidawvrvsLvGielltvearvvvasvdt 53
                              + l ++l+rvLdkG+vi   ++v L+ iellt+  r+vvas++t
  nat_c54850c6159ad64d41a5 22 ANLGDILERVLDKGLVIAGDIQVNLLDIELLTIKLRLVVASLET 65
                              6799***************************************9 PP

>> nat_0a6e89f60cd37515559e  
   #    score  bias  c-Evalue  i-Evalue hmmfrom  hmm to    alifrom  ali to    envfrom  env to     acc
 ---   ------ ----- --------- --------- ------- -------    ------- -------    ------- -------    ----
   1 !   42.8   0.6   2.3e-12   3.3e-12      11      53 ..      27      69 ..      21      75 .. 0.93

  Alignments for each domain:
  == domain 1  score: 42.8 bits;  conditional E-value: 2.3e-12
                      gvpa 11 slaevldrvLdkGvvidawvrvsLvGielltvearvvvasvdt 53
                               la++l+rvLdkG++i   +rv L+ ielltv +r++v svd 
  nat_0a6e89f60cd37515559e 27 GLADILERVLDKGIIIAGDIRVNLLDIELLTVKIRLLVVSVDK 69
                              69***************************************96 PP

>> nat_549f36d80bd165ad0855  
   #    score  bias  c-Evalue  i-Evalue hmmfrom  hmm to    alifrom  ali to    envfrom  env to     acc
 ---   ------ ----- --------- --------- ------- -------    ------- -------    ------- -------    ----
   1 !   42.8   0.8   2.3e-12   3.2e-12      11      53 ..      27      69 ..      20      79 .. 0.93

  Alignments for each domain:
  == domain 1  score: 42.8 bits;  conditional E-value: 2.3e-12
                      gvpa 11 slaevldrvLdkGvvidawvrvsLvGielltvearvvvasvdt 53
                               la++l+rvLdkG++i   +rv L+ iellt+ +r++v svd 
  nat_549f36d80bd165ad0855 27 GLADILERVLDKGIIIAGDIRVNLLDIELLTIKIRLLVVSVDK 69
                              69***************************************96 PP

>> nat_9de3a1c74219c52c041e  
   #    score  bias  c-Evalue  i-Evalue hmmfrom  hmm to    alifrom  ali to    envfrom  env to     acc
 ---   ------ ----- --------- --------- ------- -------    ------- -------    ------- -------    ----
   1 !   42.6   0.8   2.6e-12   3.8e-12      11      53 ..      27      69 ..      21      74 .. 0.93

  Alignments for each domain:
  == domain 1  score: 42.6 bits;  conditional E-value: 2.6e-12
                      gvpa 11 slaevldrvLdkGvvidawvrvsLvGielltvearvvvasvdt 53
                               la++l+rvLdkG++i   +rv L+ ielltv +r++v svd 
  nat_9de3a1c74219c52c041e 27 GLADILERVLDKGIIIAGDIRVNLLDIELLTVKIRLLVVSVDK 69
                              69***************************************96 PP

>> nat_93f7db09d3715d2b4013  
   #    score  bias  c-Evalue  i-Evalue hmmfrom  hmm to    alifrom  ali to    envfrom  env to     acc
 ---   ------ ----- --------- --------- ------- -------    ------- -------    ------- -------    ----
   1 !   42.5   1.2   2.8e-12   3.9e-12      11      53 ..      27      69 ..      18      79 .. 0.92

  Alignments for each domain:
  == domain 1  score: 42.5 bits;  conditional E-value: 2.8e-12
                      gvpa 11 slaevldrvLdkGvvidawvrvsLvGielltvearvvvasvdt 53
                               la++l+rvLdkG++i   +rv L+ ielltv +r++v svd 
  nat_93f7db09d3715d2b4013 27 GLADILERVLDKGIIIAGDIRVNLLDIELLTVKIRLLVVSVDK 69
                              69***************************************96 PP

>> nat_1d519e42f5e4d4625382  
   #    score  bias  c-Evalue  i-Evalue hmmfrom  hmm to    alifrom  ali to    envfrom  env to     acc
 ---   ------ ----- --------- --------- ------- -------    ------- -------    ------- -------    ----
   1 !   42.2   0.6   3.6e-12   5.2e-12       8      52 ..      12      56 ..       7      62 .. 0.94

  Alignments for each domain:
  == domain 1  score: 42.2 bits;  conditional E-value: 3.6e-12
                      gvpa  8 assslaevldrvLdkGvvidawvrvsLvGielltvearvvvasvd 52
                              ++s l++vl+ vLdkGvvi   +++ L  +ellt+ +r++vasvd
  nat_1d519e42f5e4d4625382 12 NTSNLVDVLETVLDKGVVIAGDIKINLADVELLTIKIRLLVASVD 56
                              6799****************************************9 PP

>> nat_bc6806cbbc65718c537b  
   #    score  bias  c-Evalue  i-Evalue hmmfrom  hmm to    alifrom  ali to    envfrom  env to     acc
 ---   ------ ----- --------- --------- ------- -------    ------- -------    ------- -------    ----
   1 !   41.7   1.2     5e-12   7.1e-12       6      53 ..      20      67 ..      18      92 .. 0.92

  Alignments for each domain:
  == domain 1  score: 41.7 bits;  conditional E-value: 5e-12
                      gvpa  6 vsassslaevldrvLdkGvvidawvrvsLvGielltvearvvvasvdt 53
                              + +s sla++l+rvLd+Gvvi   + v +  +ellt+ +r++vasvdt
  nat_bc6806cbbc65718c537b 20 QRSSDSLADILERVLDRGVVIVGDIVVGVANVELLTLKVRLLVASVDT 67
                              56899****************999999999*****************9 PP

>> nat_f1643822251b583b4a61  
   #    score  bias  c-Evalue  i-Evalue hmmfrom  hmm to    alifrom  ali to    envfrom  env to     acc
 ---   ------ ----- --------- --------- ------- -------    ------- -------    ------- -------    ----
   1 !   41.1   2.4   7.7e-12   1.1e-11       6      52 ..      18      64 ..      15      69 .. 0.94

  Alignments for each domain:
  == domain 1  score: 41.1 bits;  conditional E-value: 7.7e-12
                      gvpa  6 vsassslaevldrvLdkGvvidawvrvsLvGielltvearvvvasvd 52
                               +++s+l++vl+rvLdkG+vi   + vs+   ell++ +r++vasvd
  nat_f1643822251b583b4a61 18 ATQGSTLVDVLERVLDKGIVIAGDISVSVGSTELLSIRIRLLVASVD 64
                              5789******************************************9 PP

>> nat_ed21f429d87e61b5eec4  
   #    score  bias  c-Evalue  i-Evalue hmmfrom  hmm to    alifrom  ali to    envfrom  env to     acc
 ---   ------ ----- --------- --------- ------- -------    ------- -------    ------- -------    ----
   1 !   40.9   0.0     9e-12   1.3e-11       9      70 ..      10      71 ..       5      83 .. 0.85

  Alignments for each domain:
  == domain 1  score: 40.9 bits;  conditional E-value: 9e-12
                      gvpa  9 ssslaevldrvLdkGvvidawvrvsLvGielltvearvvvasvdtyLkyaeavglteqaalt 70
                                 lae+l+ +LdkGvv++a v vs+   ell +e r+ +as +t  ky  +    ++ ++ 
  nat_ed21f429d87e61b5eec4 10 QGDLAEMLEMLLDKGVVVNADVVVSVGDTELLGIELRAAIASFETAAKYGLEFPTGTDMERV 71
                              4579*********************************************8777666555554 PP

>> nat_a67dd765d5d9f1265194  
   #    score  bias  c-Evalue  i-Evalue hmmfrom  hmm to    alifrom  ali to    envfrom  env to     acc
 ---   ------ ----- --------- --------- ------- -------    ------- -------    ------- -------    ----
   1 !   40.6   3.3   1.1e-11   1.6e-11       6      52 ..      19      65 ..      16      72 .. 0.94

  Alignments for each domain:
  == domain 1  score: 40.6 bits;  conditional E-value: 1.1e-11
                      gvpa  6 vsassslaevldrvLdkGvvidawvrvsLvGielltvearvvvasvd 52
                              ++++ssla+vl+rvLdkG+vi   + vs+   ell++ +r++++svd
  nat_a67dd765d5d9f1265194 19 STQASSLADVLERVLDKGIVIAGDITVSVGSTELLSIRIRLLISSVD 65
                              5789******************************************9 PP

>> nat_805daea24cbec4e57a88  
   #    score  bias  c-Evalue  i-Evalue hmmfrom  hmm to    alifrom  ali to    envfrom  env to     acc
 ---   ------ ----- --------- --------- ------- -------    ------- -------    ------- -------    ----
   1 !   40.7   0.9     1e-11   1.4e-11       8      53 ..      12      57 ..       6      68 .. 0.92

  Alignments for each domain:
  == domain 1  score: 40.7 bits;  conditional E-value: 1e-11
                      gvpa  8 assslaevldrvLdkGvvidawvrvsLvGielltvearvvvasvdt 53
                              +++sl+++ldrv+d+Gvv+   + +sL Gi+l+ v+ r+++  ++t
  nat_805daea24cbec4e57a88 12 GGTSLVDLLDRVVDRGVVVSGDIIISLAGIDLIQVNLRLLLIGLET 57
                              689************************************9998888 PP

>> nat_30340d61c0959eeb66d5  
   #    score  bias  c-Evalue  i-Evalue hmmfrom  hmm to    alifrom  ali to    envfrom  env to     acc
 ---   ------ ----- --------- --------- ------- -------    ------- -------    ------- -------    ----
   1 !   40.4   0.0   1.3e-11   1.8e-11       9      69 ..      10      70 ..       5      82 .. 0.85

  Alignments for each domain:
  == domain 1  score: 40.4 bits;  conditional E-value: 1.3e-11
                      gvpa  9 ssslaevldrvLdkGvvidawvrvsLvGielltvearvvvasvdtyLkyaeavglteqaal 69
                                 lae+l+ +LdkGvv++a v vs+   ell +e r+ +as +t  +y  +    ++ ++
  nat_30340d61c0959eeb66d5 10 QGDLAEMLEMLLDKGVVVNADVAVSIGDTELLGIELRAAIASFETAAQYGLEFPTGTDMER 70
                              4579******************************************999877665555555 PP

>> nat_b924ca0fc25dc601d2bb  
   #    score  bias  c-Evalue  i-Evalue hmmfrom  hmm to    alifrom  ali to    envfrom  env to     acc
 ---   ------ ----- --------- --------- ------- -------    ------- -------    ------- -------    ----
   1 !   40.3   0.0   1.4e-11     2e-11      10      61 ..      11      62 ..       6      83 .. 0.86

  Alignments for each domain:
  == domain 1  score: 40.3 bits;  conditional E-value: 1.4e-11
                      gvpa 10 sslaevldrvLdkGvvidawvrvsLvGielltvearvvvasvdtyLkyaeav 61
                                lae+l+ vLdkGvvi+a + vs+   ell ve r+ +as +t  +y  + 
  nat_b924ca0fc25dc601d2bb 11 GDLAEMLELVLDKGVVINADIAVSIGDTELLGVELRAAIASFETAAQYGLEF 62
                              569*****************************************99997555 PP

>> nat_19313a16de85e8dc6da2  
   #    score  bias  c-Evalue  i-Evalue hmmfrom  hmm to    alifrom  ali to    envfrom  env to     acc
 ---   ------ ----- --------- --------- ------- -------    ------- -------    ------- -------    ----
   1 !   40.3   2.1   1.4e-11     2e-11       2      52 ..       5      55 ..       4      62 .. 0.95

  Alignments for each domain:
  == domain 1  score: 40.3 bits;  conditional E-value: 1.4e-11
                      gvpa  2 avekvsassslaevldrvLdkGvvidawvrvsLvGielltvearvvvasvd 52
                              a+++++as  l+++l+ vLdkGvvi   ++v +  +ellt+ +r++vasvd
  nat_19313a16de85e8dc6da2  5 AIKQSTASNGLVDILETVLDKGVVIAGDIQVNIADVELLTIKIRLMVASVD 55
                              789999********************************************9 PP

>> nat_9863770a194a0d55027a  
   #    score  bias  c-Evalue  i-Evalue hmmfrom  hmm to    alifrom  ali to    envfrom  env to     acc
 ---   ------ ----- --------- --------- ------- -------    ------- -------    ------- -------    ----
   1 !   40.0   0.1   1.8e-11   2.5e-11       6      53 ..      10      57 ..       1      83 [. 0.90

  Alignments for each domain:
  == domain 1  score: 40.0 bits;  conditional E-value: 1.8e-11
                      gvpa  6 vsassslaevldrvLdkGvvidawvrvsLvGielltvearvvvasvdt 53
                               ++ s l++vl++vLdkGvvi   + v +  +ellt+ +r++v+svd 
  nat_9863770a194a0d55027a 10 GNGPSNLVDVLEKVLDKGVVIAGDISVGIADVELLTIKIRLIVSSVDK 57
                              467899****************************************95 PP

>> nat_4329fc20815a3de16628  
   #    score  bias  c-Evalue  i-Evalue hmmfrom  hmm to    alifrom  ali to    envfrom  env to     acc
 ---   ------ ----- --------- --------- ------- -------    ------- -------    ------- -------    ----
   1 !   39.5   1.0   2.4e-11   3.5e-11       9      58 ..      11      60 ..       5      82 .. 0.86

  Alignments for each domain:
  == domain 1  score: 39.5 bits;  conditional E-value: 2.4e-11
                      gvpa  9 ssslaevldrvLdkGvvidawvrvsLvGielltvearvvvasvdtyLkya 58
                                 l++vld vLdkGv +     +s+ Gi+l+ ++ r+++asv+t ++  
  nat_4329fc20815a3de16628 11 EVGLVDVLDVVLDKGVALKGDLIISIAGIDLVYLDLRLLIASVETLIEQD 60
                              5679*****************************************98754 PP

>> nat_4fd9125da4c05324fca8  
   #    score  bias  c-Evalue  i-Evalue hmmfrom  hmm to    alifrom  ali to    envfrom  env to     acc
 ---   ------ ----- --------- --------- ------- -------    ------- -------    ------- -------    ----
   1 !   39.1   0.4   3.2e-11   4.6e-11       6      56 ..       9      59 ..       5      70 .. 0.90

  Alignments for each domain:
  == domain 1  score: 39.1 bits;  conditional E-value: 3.2e-11
                      gvpa  6 vsassslaevldrvLdkGvvidawvrvsLvGielltvearvvvasvdtyLk 56
                              +++++sla++ldr++d+G v+   v + L Gi+l+ ++ r+++  ++t  +
  nat_4fd9125da4c05324fca8  9 SNGGTSLADLLDRIVDRGAVVSGDVIIQLAGIDLIRLDLRLLLVGIETAHE 59
                              6889*******************************************9655 PP

>> nat_cc9d0eca2af440c02e36  
   #    score  bias  c-Evalue  i-Evalue hmmfrom  hmm to    alifrom  ali to    envfrom  env to     acc
 ---   ------ ----- --------- --------- ------- -------    ------- -------    ------- -------    ----
   1 !   38.3   2.0   5.7e-11   8.2e-11       3      52 ..      19      68 ..      17      72 .. 0.94

  Alignments for each domain:
  == domain 1  score: 38.3 bits;  conditional E-value: 5.7e-11
                      gvpa  3 vekvsassslaevldrvLdkGvvidawvrvsLvGielltvearvvvasvd 52
                              +  ++++s+la++l+rvLdkG+vi   + +s+   el+ + +r++++svd
  nat_cc9d0eca2af440c02e36 19 IPTSTQGSTLADILERVLDKGIVIAGDISISIASTELIHIRIRLLISSVD 68
                              5567899******************************************9 PP

>> nat_2e713fded92313c4cd32  
   #    score  bias  c-Evalue  i-Evalue hmmfrom  hmm to    alifrom  ali to    envfrom  env to     acc
 ---   ------ ----- --------- --------- ------- -------    ------- -------    ------- -------    ----
   1 !   38.5   0.0   4.9e-11   7.1e-11       9      70 ..      10      71 ..       5      82 .. 0.84

  Alignments for each domain:
  == domain 1  score: 38.5 bits;  conditional E-value: 4.9e-11
                      gvpa  9 ssslaevldrvLdkGvvidawvrvsLvGielltvearvvvasvdtyLkyaeavglteqaalt 70
                                 lae+++ +LdkGvv++a v vs+   ell +e r+ +as +t  +y  +    ++ ++ 
  nat_2e713fded92313c4cd32 10 QGDLAEMVEMLLDKGVVVNADVVVSVGDTELLGIELRAAIASFETAAEYGLEFPTGTDMERV 71
                              4579*****************************************99998776665555554 PP

>> nat_2d8e972f7b8e0b149992  
   #    score  bias  c-Evalue  i-Evalue hmmfrom  hmm to    alifrom  ali to    envfrom  env to     acc
 ---   ------ ----- --------- --------- ------- -------    ------- -------    ------- -------    ----
   1 !   38.4   0.0   5.6e-11     8e-11       9      69 ..      10      70 ..       5      82 .. 0.84

  Alignments for each domain:
  == domain 1  score: 38.4 bits;  conditional E-value: 5.6e-11
                      gvpa  9 ssslaevldrvLdkGvvidawvrvsLvGielltvearvvvasvdtyLkyaeavglteqaal 69
                                 lae+l+ +LdkGvv++a + vs+   ell +e r+ +as +t  +y  +    ++ ++
  nat_2d8e972f7b8e0b149992 10 QGDLAEMLEMLLDKGVVVNADIAVSVGDTELLGIELRAAIASFETAAEYGLEFPTGTDMER 70
                              4579*****************************************9999877665555555 PP

>> nat_b4205fc26537087a80e8  
   #    score  bias  c-Evalue  i-Evalue hmmfrom  hmm to    alifrom  ali to    envfrom  env to     acc
 ---   ------ ----- --------- --------- ------- -------    ------- -------    ------- -------    ----
   1 !   38.4   0.0   5.6e-11     8e-11       9      69 ..      10      70 ..       5      82 .. 0.84

  Alignments for each domain:
  == domain 1  score: 38.4 bits;  conditional E-value: 5.6e-11
                      gvpa  9 ssslaevldrvLdkGvvidawvrvsLvGielltvearvvvasvdtyLkyaeavglteqaal 69
                                 lae+l+ +LdkGvv++a + vs+   ell +e r+ +as +t  +y  +    ++ ++
  nat_b4205fc26537087a80e8 10 QGDLAEMLEMLLDKGVVVNADIAVSVGDTELLGIELRAAIASFETAAEYGLEFPTGTDMER 70
                              4579*****************************************9999877665555555 PP

>> nat_cea2d8f5b7fe0c126524  
   #    score  bias  c-Evalue  i-Evalue hmmfrom  hmm to    alifrom  ali to    envfrom  env to     acc
 ---   ------ ----- --------- --------- ------- -------    ------- -------    ------- -------    ----
   1 !   37.5   0.1     1e-10   1.5e-10       9      68 ..      10      69 ..       5      85 .. 0.83

  Alignments for each domain:
  == domain 1  score: 37.5 bits;  conditional E-value: 1e-10
                      gvpa  9 ssslaevldrvLdkGvvidawvrvsLvGielltvearvvvasvdtyLkyaeavglteqaa 68
                                 lae l+ +LdkGvv++a + vs+   ell ve r+ +as +t  +y  +    ++ +
  nat_cea2d8f5b7fe0c126524 10 QGDLAETLELLLDKGVVVNADIAVSVGDTELLGVELRAAIASFETAAEYGLDFPTGTDME 69
                              4579*****************************************999976665555544 PP

>> nat_c22ec0560f03a826fc2e  
   #    score  bias  c-Evalue  i-Evalue hmmfrom  hmm to    alifrom  ali to    envfrom  env to     acc
 ---   ------ ----- --------- --------- ------- -------    ------- -------    ------- -------    ----
   1 !   36.9   0.0   1.6e-10   2.3e-10      10      68 ..      11      69 ..       5      84 .. 0.84

  Alignments for each domain:
  == domain 1  score: 36.9 bits;  conditional E-value: 1.6e-10
                      gvpa 10 sslaevldrvLdkGvvidawvrvsLvGielltvearvvvasvdtyLkyaeavglteqaa 68
                                lae l+ +LdkGvv++a + vs+   ell +e r+ +as +t  +y  +    ++ +
  nat_c22ec0560f03a826fc2e 11 GDLAETLELLLDKGVVVNADIAVSVGDTELLGIELRAAIASFETAAEYGLEFPTGTDME 69
                              679*****************************************999987665555555 PP

>> nat_4e31c4d7aa8fd221c2dc  
   #    score  bias  c-Evalue  i-Evalue hmmfrom  hmm to    alifrom  ali to    envfrom  env to     acc
 ---   ------ ----- --------- --------- ------- -------    ------- -------    ------- -------    ----
   1 !   36.0   0.2   3.1e-10   4.5e-10       6      57 ..       9      60 ..       6      70 .. 0.90

  Alignments for each domain:
  == domain 1  score: 36.0 bits;  conditional E-value: 3.1e-10
                      gvpa  6 vsassslaevldrvLdkGvvidawvrvsLvGielltvearvvvasvdtyLky 57
                              +++++sla++ldrv+d+G  +   v + L Gi+l+ ++ r+++  ++t  + 
  nat_4e31c4d7aa8fd221c2dc  9 SNQGTSLADLLDRVVDRGAFVSGDVIIQLAGIDLIRLDLRLLLVGIETAHEL 60
                              6789*******************************************96655 PP

>> nat_e68b15f93012eb3c69b4  
   #    score  bias  c-Evalue  i-Evalue hmmfrom  hmm to    alifrom  ali to    envfrom  env to     acc
 ---   ------ ----- --------- --------- ------- -------    ------- -------    ------- -------    ----
   1 !   34.2   0.6   1.1e-09   1.6e-09      11      55 ..      16      60 ..       9      72 .. 0.89

  Alignments for each domain:
  == domain 1  score: 34.2 bits;  conditional E-value: 1.1e-09
                      gvpa 11 slaevldrvLdkGvvidawvrvsLvGielltvearvvvasvdtyL 55
                              sl e ldrvL+kGvv+   v +s+ G++l+ ++ r+++   +t  
  nat_e68b15f93012eb3c69b4 16 SLCETLDRVLNKGVVVAGEVVISVAGVDLIYLNLRLLLTNAETVE 60
                              9***********************************999999865 PP

>> nat_568d6ca5fcbffc2ace52  
   #    score  bias  c-Evalue  i-Evalue hmmfrom  hmm to    alifrom  ali to    envfrom  env to     acc
 ---   ------ ----- --------- --------- ------- -------    ------- -------    ------- -------    ----
   1 !   33.5   0.4   1.8e-09   2.6e-09       7      56 ..      34      83 ..      31      89 .. 0.90

  Alignments for each domain:
  == domain 1  score: 33.5 bits;  conditional E-value: 1.8e-09
                      gvpa  7 sassslaevldrvLdkGvvidawvrvsLvGielltvearvvvasvdtyLk 56
                              +++  la++ldr++d G v+ a v v+L G++ll ++ r+++  v+t L+
  nat_568d6ca5fcbffc2ace52 34 NSAQPLADLLDRLVDTGAVVSADVVVALAGVDLLRIDLRLLLVGVQTALE 83
                              566789****************************************9886 PP

>> nat_2ed708bd24725eb69d2c  
   #    score  bias  c-Evalue  i-Evalue hmmfrom  hmm to    alifrom  ali to    envfrom  env to     acc
 ---   ------ ----- --------- --------- ------- -------    ------- -------    ------- -------    ----
   1 !   32.4   1.5     4e-09   5.8e-09      11      53 ..      11      53 ..       6      63 .. 0.94

  Alignments for each domain:
  == domain 1  score: 32.4 bits;  conditional E-value: 4e-09
                      gvpa 11 slaevldrvLdkGvvidawvrvsLvGielltvearvvvasvdt 53
                              +l+++ldrvL  Gvvi   +r+s+  ++l+ +  r++++s+ t
  nat_2ed708bd24725eb69d2c 11 ALIDLLDRVLAGGVVISGDIRLSIADVDLVQISLRALISSIKT 53
                              79***************************************99 PP

>> nat_62c37e3a1f946926bc78  
   #    score  bias  c-Evalue  i-Evalue hmmfrom  hmm to    alifrom  ali to    envfrom  env to     acc
 ---   ------ ----- --------- --------- ------- -------    ------- -------    ------- -------    ----
   1 !   30.8   1.1   1.3e-08   1.8e-08       5      52 ..      20      67 ..       8      72 .. 0.91

  Alignments for each domain:
  == domain 1  score: 30.8 bits;  conditional E-value: 1.3e-08
                      gvpa  5 kvsassslaevldrvLdkGvvidawvrvsLvGielltvearvvvasvd 52
                              + ++  +l+++ldr+L  Gvv+   v +s+ Gi+l+ +  r+++ sv 
  nat_62c37e3a1f946926bc78 20 RPTEPIALVDLLDRLLGVGVVLGGDVVISIAGIDLVEIKLRALITSVR 67
                              55666789**************************************96 PP

>> nat_5c9d5857295c1e857ae7  
   #    score  bias  c-Evalue  i-Evalue hmmfrom  hmm to    alifrom  ali to    envfrom  env to     acc
 ---   ------ ----- --------- --------- ------- -------    ------- -------    ------- -------    ----
   1 !   30.5   0.1   1.6e-08   2.3e-08      11      53 ..      12      54 ..       5      72 .. 0.93

  Alignments for each domain:
  == domain 1  score: 30.5 bits;  conditional E-value: 1.6e-08
                      gvpa 11 slaevldrvLdkGvvidawvrvsLvGielltvearvvvasvdt 53
                              +l ++ldr+LdkGv+i   v +s+  ++l+ +  +v++ svd 
  nat_5c9d5857295c1e857ae7 12 TLLDLLDRILDKGVIIIGDVTISVANVDLVYLGLKVLLTSVDN 54
                              6899*************************************95 PP

>> nat_3955b02fcca9b64e0539  
   #    score  bias  c-Evalue  i-Evalue hmmfrom  hmm to    alifrom  ali to    envfrom  env to     acc
 ---   ------ ----- --------- --------- ------- -------    ------- -------    ------- -------    ----
   1 !   30.2   0.4     2e-08   2.9e-08       8      55 ..      37      84 ..      33      90 .. 0.91

  Alignments for each domain:
  == domain 1  score: 30.2 bits;  conditional E-value: 2e-08
                      gvpa  8 assslaevldrvLdkGvvidawvrvsLvGielltvearvvvasvdtyL 55
                              ++  la++ldr++d G v+   v v+L G++ll v+ r+++  v+t L
  nat_3955b02fcca9b64e0539 37 SAQPLADLLDRLVDTGAVVSGDVVVALAGVDLLRVDLRLLLVGVQTAL 84
                              55679***************************************9987 PP

>> nat_18d7e5ff3cc7fe9730aa  
   #    score  bias  c-Evalue  i-Evalue hmmfrom  hmm to    alifrom  ali to    envfrom  env to     acc
 ---   ------ ----- --------- --------- ------- -------    ------- -------    ------- -------    ----
   1 !   30.1   0.6     2e-08   2.9e-08      11      70 ..      20      79 ..      16      87 .. 0.86

  Alignments for each domain:
  == domain 1  score: 30.1 bits;  conditional E-value: 2e-08
                      gvpa 11 slaevldrvLdkGvvidawvrvsLvGielltvearvvvasvdtyLkyaeavglteqaalt 70
                              +l+++ldrvL  Gvvi   + +++  +el+ +  r++vasv +    ++a +   ++a++
  nat_18d7e5ff3cc7fe9730aa 20 ALVDLLDRVLATGVVISGDITIAIADVELVRISLRALVASVGALAAPSDAAAAPPETAVP 79
                              699**************************************9877777776666655555 PP

>> nat_9a52da9108207f742f79  
   #    score  bias  c-Evalue  i-Evalue hmmfrom  hmm to    alifrom  ali to    envfrom  env to     acc
 ---   ------ ----- --------- --------- ------- -------    ------- -------    ------- -------    ----
   1 !   29.9   0.7   2.5e-08   3.5e-08       9      53 ..      21      65 ..      10      73 .. 0.88

  Alignments for each domain:
  == domain 1  score: 29.9 bits;  conditional E-value: 2.5e-08
                      gvpa  9 ssslaevldrvLdkGvvidawvrvsLvGielltvearvvvasvdt 53
                                +l+++ldr+L  Gvv+   v vsL G++l+ +  +++++sv +
  nat_9a52da9108207f742f79 21 PVALVDLLDRLLGTGVVVAGDVVVSLAGVDLVEIRLQLMISSVRA 65
                              4689**************************************976 PP

>> nat_30a43eef2b89a9b85418  
   #    score  bias  c-Evalue  i-Evalue hmmfrom  hmm to    alifrom  ali to    envfrom  env to     acc
 ---   ------ ----- --------- --------- ------- -------    ------- -------    ------- -------    ----
   1 !   29.4   2.3   3.4e-08   4.9e-08      11      52 ..      11      52 ..       4      56 .. 0.94

  Alignments for each domain:
  == domain 1  score: 29.4 bits;  conditional E-value: 3.4e-08
                      gvpa 11 slaevldrvLdkGvvidawvrvsLvGielltvearvvvasvd 52
                              +l+++ldrvL  Gvvi   +r+sL  ++++ +  r++++s+ 
  nat_30a43eef2b89a9b85418 11 ALIDLLDRVLAGGVVISGDIRLSLADVDMVQISLRALISSIT 52
                              69**************************************95 PP

>> nat_efd48c99cdb0d08b6f9e  
   #    score  bias  c-Evalue  i-Evalue hmmfrom  hmm to    alifrom  ali to    envfrom  env to     acc
 ---   ------ ----- --------- --------- ------- -------    ------- -------    ------- -------    ----
   1 !   28.5   5.1   6.8e-08   9.8e-08       9      52 ..      12      55 ..       8      58 .. 0.94

  Alignments for each domain:
  == domain 1  score: 28.5 bits;  conditional E-value: 6.8e-08
                      gvpa  9 ssslaevldrvLdkGvvidawvrvsLvGielltvearvvvasvd 52
                                sl+++ldrvL kGv+i   v vs+  ++l+ +  r++v+s++
  nat_efd48c99cdb0d08b6f9e 12 EISLVDLLDRVLAKGVMITGDVTVSIADVDLVRISLRALVSSIN 55
                              569***************************************97 PP

>> nat_e0c3a1bd76d4c37afc8c  
   #    score  bias  c-Evalue  i-Evalue hmmfrom  hmm to    alifrom  ali to    envfrom  env to     acc
 ---   ------ ----- --------- --------- ------- -------    ------- -------    ------- -------    ----
   1 !   28.2   5.9   8.1e-08   1.2e-07       9      52 ..      12      55 ..       8      58 .. 0.94

  Alignments for each domain:
  == domain 1  score: 28.2 bits;  conditional E-value: 8.1e-08
                      gvpa  9 ssslaevldrvLdkGvvidawvrvsLvGielltvearvvvasvd 52
                                sl+++ldrvL kGvvi     +s+  ++l+ v  r++v+s++
  nat_e0c3a1bd76d4c37afc8c 12 DVSLVDLLDRVLAKGVVITGDLTISIADVDLVRVSLRALVSSIN 55
                              679***************************************97 PP

>> nat_a839bd0954a015535b42  
   #    score  bias  c-Evalue  i-Evalue hmmfrom  hmm to    alifrom  ali to    envfrom  env to     acc
 ---   ------ ----- --------- --------- ------- -------    ------- -------    ------- -------    ----
   1 !   27.5   0.6   1.4e-07   1.9e-07      10      51 ..      16      57 ..       1      60 [. 0.92

  Alignments for each domain:
  == domain 1  score: 27.5 bits;  conditional E-value: 1.4e-07
                      gvpa 10 sslaevldrvLdkGvvidawvrvsLvGielltvearvvvasv 51
                               +l+++ldr+L  Gvv+     +sL G++l+ +  r+++ s+
  nat_a839bd0954a015535b42 16 VALVDLLDRLLAGGVVLTGDLTISLAGVDLVRISLRALITSI 57
                              5799*************************************9 PP

>> nat_00c6196a0e576e2b1900  
   #    score  bias  c-Evalue  i-Evalue hmmfrom  hmm to    alifrom  ali to    envfrom  env to     acc
 ---   ------ ----- --------- --------- ------- -------    ------- -------    ------- -------    ----
   1 !   26.9   6.6     2e-07   2.9e-07       9      52 ..      19      62 ..      15      66 .. 0.94

  Alignments for each domain:
  == domain 1  score: 26.9 bits;  conditional E-value: 2e-07
                      gvpa  9 ssslaevldrvLdkGvvidawvrvsLvGielltvearvvvasvd 52
                              s +l++vldrvL +Gvv+   + +++  ++l+ +  r++vas+ 
  nat_00c6196a0e576e2b1900 19 SVALVDVLDRVLARGVVVSGDITIAIADVDLVRISLRALVASIG 62
                              789***************************************96 PP

>> nat_a539aed46db05ce9e162  
   #    score  bias  c-Evalue  i-Evalue hmmfrom  hmm to    alifrom  ali to    envfrom  env to     acc
 ---   ------ ----- --------- --------- ------- -------    ------- -------    ------- -------    ----
   1 !   26.9   4.0   2.1e-07   3.1e-07      10      52 ..      20      62 ..      15      73 .. 0.94

  Alignments for each domain:
  == domain 1  score: 26.9 bits;  conditional E-value: 2.1e-07
                      gvpa 10 sslaevldrvLdkGvvidawvrvsLvGielltvearvvvasvd 52
                               sl+++ldrvL  Gvvi   + +++  ++l+ v  r++vasv 
  nat_a539aed46db05ce9e162 20 VSLVDLLDRVLATGVVISGDITIAIADVDLVRVSLRALVASVG 62
                              69***************************************96 PP

>> nat_119785f1c0655d1d50b6  
   #    score  bias  c-Evalue  i-Evalue hmmfrom  hmm to    alifrom  ali to    envfrom  env to     acc
 ---   ------ ----- --------- --------- ------- -------    ------- -------    ------- -------    ----
   1 !   26.5   3.3   2.8e-07     4e-07      11      53 ..      15      57 ..       4      61 .. 0.94

  Alignments for each domain:
  == domain 1  score: 26.5 bits;  conditional E-value: 2.8e-07
                      gvpa 11 slaevldrvLdkGvvidawvrvsLvGielltvearvvvasvdt 53
                              +l+++ldrvL  Gvvi   +++s+  ++++ +  r++++sv t
  nat_119785f1c0655d1d50b6 15 ALIDLLDRVLAGGVVITGDIKLSIADVDMVQISLRALISSVST 57
                              69***************************************99 PP

>> nat_0d9cf3fa4290fec6ca54  
   #    score  bias  c-Evalue  i-Evalue hmmfrom  hmm to    alifrom  ali to    envfrom  env to     acc
 ---   ------ ----- --------- --------- ------- -------    ------- -------    ------- -------    ----
   1 !   26.5   0.2   2.9e-07   4.1e-07      10      52 ..      22      64 ..      18      91 .. 0.90

  Alignments for each domain:
  == domain 1  score: 26.5 bits;  conditional E-value: 2.9e-07
                      gvpa 10 sslaevldrvLdkGvvidawvrvsLvGielltvearvvvasvd 52
                               +l+++ldr+L  Gvv+     +sL G++l+ +  r++v s+ 
  nat_0d9cf3fa4290fec6ca54 22 VALVDLLDRLLAGGVVLVGDLTISLAGVDLVRISLRALVMSIA 64
                              5799***********************************9985 PP

>> nat_c98d4b9753be8dfa1f08  
   #    score  bias  c-Evalue  i-Evalue hmmfrom  hmm to    alifrom  ali to    envfrom  env to     acc
 ---   ------ ----- --------- --------- ------- -------    ------- -------    ------- -------    ----
   1 !   26.4   0.9     3e-07   4.4e-07      10      52 ..      22      64 ..      18      86 .. 0.88

  Alignments for each domain:
  == domain 1  score: 26.4 bits;  conditional E-value: 3e-07
                      gvpa 10 sslaevldrvLdkGvvidawvrvsLvGielltvearvvvasvd 52
                               +l+++ldr+L  Gvv+     +sL G++l+ +  r++v s+ 
  nat_c98d4b9753be8dfa1f08 22 VALVDLLDRLLAGGVVLVGDLTISLAGVDLVRISLRALVMSIA 64
                              5799***********************************9996 PP

>> nat_630c823407ef4f2e6361  
   #    score  bias  c-Evalue  i-Evalue hmmfrom  hmm to    alifrom  ali to    envfrom  env to     acc
 ---   ------ ----- --------- --------- ------- -------    ------- -------    ------- -------    ----
   1 !   26.1   4.1   3.6e-07   5.2e-07      10      52 ..      14      56 ..       7      60 .. 0.93

  Alignments for each domain:
  == domain 1  score: 26.1 bits;  conditional E-value: 3.6e-07
                      gvpa 10 sslaevldrvLdkGvvidawvrvsLvGielltvearvvvasvd 52
                               +l+++ldrvL  Gvvi   +r+s+  ++++ +  r++++s+ 
  nat_630c823407ef4f2e6361 14 VALIDLLDRVLAGGVVITGDIRLSIADVDMVQISLRALISSIS 56
                              579**************************************95 PP

>> nat_b23dc8f37bc936f98c91  
   #    score  bias  c-Evalue  i-Evalue hmmfrom  hmm to    alifrom  ali to    envfrom  env to     acc
 ---   ------ ----- --------- --------- ------- -------    ------- -------    ------- -------    ----
   1 !   25.8   3.6   4.6e-07   6.6e-07      11      52 ..      28      69 ..      21      76 .. 0.92

  Alignments for each domain:
  == domain 1  score: 25.8 bits;  conditional E-value: 4.6e-07
                      gvpa 11 slaevldrvLdkGvvidawvrvsLvGielltvearvvvasvd 52
                              +l+++ldr+L  Gvv+   v vsL G++l+ v  ++v+++v 
  nat_b23dc8f37bc936f98c91 28 ALVDLLDRLLGSGVVVAGDVVVSLAGVDLVEVRLQLVISAVR 69
                              799***********************************9885 PP

>> nat_6dbff5a4e8597618f4ab  
   #    score  bias  c-Evalue  i-Evalue hmmfrom  hmm to    alifrom  ali to    envfrom  env to     acc
 ---   ------ ----- --------- --------- ------- -------    ------- -------    ------- -------    ----
   1 !   25.6   3.2   5.5e-07   7.8e-07      11      52 ..      31      72 ..      24      78 .. 0.92

  Alignments for each domain:
  == domain 1  score: 25.6 bits;  conditional E-value: 5.5e-07
                      gvpa 11 slaevldrvLdkGvvidawvrvsLvGielltvearvvvasvd 52
                              +l+++ldr+L  Gvv+   v vsL G++l+ +   ++++sv 
  nat_6dbff5a4e8597618f4ab 31 ALVDLLDRLLGSGVVVAGDVVVSLAGVDLVEIRLHLMISSVR 72
                              799************************************996 PP

>> nat_74d379b17330f4a662e7  
   #    score  bias  c-Evalue  i-Evalue hmmfrom  hmm to    alifrom  ali to    envfrom  env to     acc
 ---   ------ ----- --------- --------- ------- -------    ------- -------    ------- -------    ----
   1 !   25.5   3.1   5.7e-07   8.1e-07      11      52 ..      20      61 ..      15      68 .. 0.94

  Alignments for each domain:
  == domain 1  score: 25.5 bits;  conditional E-value: 5.7e-07
                      gvpa 11 slaevldrvLdkGvvidawvrvsLvGielltvearvvvasvd 52
                              +l+++ldrvL  Gvvi   + +++  ++l+ +  r++vasv 
  nat_74d379b17330f4a662e7 20 ALVDLLDRVLATGVVISGDITIAIADVDLVRISLRALVASVG 61
                              699*************************************96 PP

>> nat_02fc048053a10b210a78  
   #    score  bias  c-Evalue  i-Evalue hmmfrom  hmm to    alifrom  ali to    envfrom  env to     acc
 ---   ------ ----- --------- --------- ------- -------    ------- -------    ------- -------    ----
   1 !   25.5   2.8   5.9e-07   8.5e-07      11      52 ..      20      61 ..      15      72 .. 0.95

  Alignments for each domain:
  == domain 1  score: 25.5 bits;  conditional E-value: 5.9e-07
                      gvpa 11 slaevldrvLdkGvvidawvrvsLvGielltvearvvvasvd 52
                              +l+++ldrvL  Gvvi   + +++  ++l+ +  r++vasv 
  nat_02fc048053a10b210a78 20 ALVDLLDRVLATGVVISGDITIAVADVDLVRISLRALVASVG 61
                              699*************************************96 PP

>> nat_13943ba848a919563021  
   #    score  bias  c-Evalue  i-Evalue hmmfrom  hmm to    alifrom  ali to    envfrom  env to     acc
 ---   ------ ----- --------- --------- ------- -------    ------- -------    ------- -------    ----
   1 !   25.1   2.6   7.7e-07   1.1e-06      11      51 ..      30      70 ..      23      74 .. 0.93

  Alignments for each domain:
  == domain 1  score: 25.1 bits;  conditional E-value: 7.7e-07
                      gvpa 11 slaevldrvLdkGvvidawvrvsLvGielltvearvvvasv 51
                               l+++ldr+L  Gvv+   v vsL G++l+ +  +++++sv
  nat_13943ba848a919563021 30 GLVDLLDRLLGAGVVVAGDVVVSLAGVDLVEIRLQLLISSV 70
                              689***********************************998 PP

>> nat_317d696b35c15db3beb2  
   #    score  bias  c-Evalue  i-Evalue hmmfrom  hmm to    alifrom  ali to    envfrom  env to     acc
 ---   ------ ----- --------- --------- ------- -------    ------- -------    ------- -------    ----
   1 !   24.8   0.8   9.3e-07   1.3e-06      11      53 ..      20      62 ..      15      71 .. 0.93

  Alignments for each domain:
  == domain 1  score: 24.8 bits;  conditional E-value: 9.3e-07
                      gvpa 11 slaevldrvLdkGvvidawvrvsLvGielltvearvvvasvdt 53
                              +l+++ldr+Ld Gvv+     + +  ++l+ +  r+v+ sv+ 
  nat_317d696b35c15db3beb2 20 ALIDLLDRLLDGGVVLTGDLVLCIADVDLVHISLRAVIRSVEE 62
                              699***************999********************96 PP

>> nat_d76ea2de7462bc6a2acb  
   #    score  bias  c-Evalue  i-Evalue hmmfrom  hmm to    alifrom  ali to    envfrom  env to     acc
 ---   ------ ----- --------- --------- ------- -------    ------- -------    ------- -------    ----
   1 !   24.5   5.9   1.2e-06   1.7e-06      11      53 ..      15      57 ..       9      63 .. 0.95

  Alignments for each domain:
  == domain 1  score: 24.5 bits;  conditional E-value: 1.2e-06
                      gvpa 11 slaevldrvLdkGvvidawvrvsLvGielltvearvvvasvdt 53
                              +l+++ldrvL  Gvvi   v +s+  ++l+ +  r++++s+ t
  nat_d76ea2de7462bc6a2acb 15 ALIDLLDRVLAGGVVISGDVTLSIADVDLVQISLRALISSIST 57
                              69***************************************98 PP

>> nat_fdd3e74cd40aa7354461  
   #    score  bias  c-Evalue  i-Evalue hmmfrom  hmm to    alifrom  ali to    envfrom  env to     acc
 ---   ------ ----- --------- --------- ------- -------    ------- -------    ------- -------    ----
   1 !   24.5   3.5   1.1e-06   1.6e-06      10      53 ..      18      61 ..      14      64 .. 0.94

  Alignments for each domain:
  == domain 1  score: 24.5 bits;  conditional E-value: 1.1e-06
                      gvpa 10 sslaevldrvLdkGvvidawvrvsLvGielltvearvvvasvdt 53
                               +l+++ldr+L  Gvvi   v +s+  i+l+ v  r+++ svd+
  nat_fdd3e74cd40aa7354461 18 VALIDLLDRLLSGGVVITGDVLLSVADIDLVRVSLRALIVSVDA 61
                              579***************************************95 PP

>> nat_50c226cfb171989d88e4  
   #    score  bias  c-Evalue  i-Evalue hmmfrom  hmm to    alifrom  ali to    envfrom  env to     acc
 ---   ------ ----- --------- --------- ------- -------    ------- -------    ------- -------    ----
   1 !   24.0   3.7   1.7e-06   2.4e-06      11      52 ..      21      62 ..      16      65 .. 0.94

  Alignments for each domain:
  == domain 1  score: 24.0 bits;  conditional E-value: 1.7e-06
                      gvpa 11 slaevldrvLdkGvvidawvrvsLvGielltvearvvvasvd 52
                              +l+++ldrvL  Gvvi   + +++  i+l+ +  r++vasv 
  nat_50c226cfb171989d88e4 21 ALVDLLDRVLATGVVISGDITLAIADIDLVRISLRALVASVG 62
                              699*************************************96 PP

>> nat_9cf6f65acb0bb6519b07  
   #    score  bias  c-Evalue  i-Evalue hmmfrom  hmm to    alifrom  ali to    envfrom  env to     acc
 ---   ------ ----- --------- --------- ------- -------    ------- -------    ------- -------    ----
   1 !   23.8   5.3   1.9e-06   2.8e-06      11      52 ..      17      58 ..      12      60 .. 0.94

  Alignments for each domain:
  == domain 1  score: 23.8 bits;  conditional E-value: 1.9e-06
                      gvpa 11 slaevldrvLdkGvvidawvrvsLvGielltvearvvvasvd 52
                              +l+++ldr+L  Gvvi   v +s+ Gi+l+ +  r++v+sv 
  nat_9cf6f65acb0bb6519b07 17 ALVDLLDRLLAGGVVIVGDVVLSVAGIDLVRISLRALVSSVT 58
                              799*************************************95 PP

>> nat_5a279e932ed0a8a3b9fa  
   #    score  bias  c-Evalue  i-Evalue hmmfrom  hmm to    alifrom  ali to    envfrom  env to     acc
 ---   ------ ----- --------- --------- ------- -------    ------- -------    ------- -------    ----
   1 !   23.6   4.7   2.3e-06   3.3e-06      11      52 ..      23      64 ..      18      68 .. 0.94

  Alignments for each domain:
  == domain 1  score: 23.6 bits;  conditional E-value: 2.3e-06
                      gvpa 11 slaevldrvLdkGvvidawvrvsLvGielltvearvvvasvd 52
                              +l+++ldrvL  Gvvi   + +s+  ++l+ v  r++vasv 
  nat_5a279e932ed0a8a3b9fa 23 ALVDLLDRVLAGGVVIAGEITLSIADVDLVRVSLRALVASVR 64
                              799*************************************96 PP

>> nat_6052e825ac2d82997ce0  
   #    score  bias  c-Evalue  i-Evalue hmmfrom  hmm to    alifrom  ali to    envfrom  env to     acc
 ---   ------ ----- --------- --------- ------- -------    ------- -------    ------- -------    ----
   1 !   23.0   2.6   3.4e-06   4.9e-06      10      52 ..      40      82 ..      34      84 .. 0.94

  Alignments for each domain:
  == domain 1  score: 23.0 bits;  conditional E-value: 3.4e-06
                      gvpa 10 sslaevldrvLdkGvvidawvrvsLvGielltvearvvvasvd 52
                               sl+++ldr+L  Gvv+     + + G++l+ v+ r++++sv 
  nat_6052e825ac2d82997ce0 40 VSLVDLLDRLLGTGVVVSGSLTLGIAGVDLVRVDLRALLSSVH 82
                              69**************************************995 PP

>> nat_14984df4adbcd7a23bc2  
   #    score  bias  c-Evalue  i-Evalue hmmfrom  hmm to    alifrom  ali to    envfrom  env to     acc
 ---   ------ ----- --------- --------- ------- -------    ------- -------    ------- -------    ----
   1 !   22.8   4.8   3.9e-06   5.6e-06      11      52 ..      20      61 ..      16      64 .. 0.95

  Alignments for each domain:
  == domain 1  score: 22.8 bits;  conditional E-value: 3.9e-06
                      gvpa 11 slaevldrvLdkGvvidawvrvsLvGielltvearvvvasvd 52
                              +l+++ldrvL  Gvvi   + +++  ++l+ +  r++vasv 
  nat_14984df4adbcd7a23bc2 20 ALVDLLDRVLATGVVISGDITIAIADVDLVRISLRALVASVG 61
                              699*************************************96 PP

>> nat_5259c19a1d657c540490  
   #    score  bias  c-Evalue  i-Evalue hmmfrom  hmm to    alifrom  ali to    envfrom  env to     acc
 ---   ------ ----- --------- --------- ------- -------    ------- -------    ------- -------    ----
   1 !   22.0   0.5     7e-06     1e-05      10      52 ..      20      62 ..      14      72 .. 0.93

  Alignments for each domain:
  == domain 1  score: 22.0 bits;  conditional E-value: 7e-06
                      gvpa 10 sslaevldrvLdkGvvidawvrvsLvGielltvearvvvasvd 52
                               +l+++ldr+L  Gvv+     +s+  i+l+ +  r+++ sv 
  nat_5259c19a1d657c540490 20 VALIDLLDRLLSGGVVLTGDLVLSIADIDLVRISLRALIVSVS 62
                              579**************************************96 PP

>> nat_edecb23d5c987164e75c  
   #    score  bias  c-Evalue  i-Evalue hmmfrom  hmm to    alifrom  ali to    envfrom  env to     acc
 ---   ------ ----- --------- --------- ------- -------    ------- -------    ------- -------    ----
   1 !   21.8   1.0   8.2e-06   1.2e-05      11      51 ..      37      77 ..      28      79 .. 0.94

  Alignments for each domain:
  == domain 1  score: 21.8 bits;  conditional E-value: 8.2e-06
                      gvpa 11 slaevldrvLdkGvvidawvrvsLvGielltvearvvvasv 51
                              +l+++ldr+L+ G v+   v +s+  ++l+ ++ r+v+ s+
  nat_edecb23d5c987164e75c 37 ALIDLLDRLLNGGAVLTGDVVLSIADVDLVHINLRAVIRSI 77
                              699************************************99 PP

>> nat_72b3a46ef502cdedfc81  
   #    score  bias  c-Evalue  i-Evalue hmmfrom  hmm to    alifrom  ali to    envfrom  env to     acc
 ---   ------ ----- --------- --------- ------- -------    ------- -------    ------- -------    ----
   1 !   21.2   1.4   1.3e-05   1.9e-05      11      51 ..      41      81 ..      34      83 .. 0.94

  Alignments for each domain:
  == domain 1  score: 21.2 bits;  conditional E-value: 1.3e-05
                      gvpa 11 slaevldrvLdkGvvidawvrvsLvGielltvearvvvasv 51
                              +l+++ldr+L+ G v+   v +s+  ++l+ ++ r+v+ s+
  nat_72b3a46ef502cdedfc81 41 ALIDLLDRLLNGGAVLTGDVVLSIADVDLVHINLRAVIRSI 81
                              69*************************************98 PP

>> nat_e2ce29238f757f550f72  
   #    score  bias  c-Evalue  i-Evalue hmmfrom  hmm to    alifrom  ali to    envfrom  env to     acc
 ---   ------ ----- --------- --------- ------- -------    ------- -------    ------- -------    ----
   1 !   21.4   3.8   1.1e-05   1.6e-05      11      52 ..      21      62 ..      16      65 .. 0.94

  Alignments for each domain:
  == domain 1  score: 21.4 bits;  conditional E-value: 1.1e-05
                      gvpa 11 slaevldrvLdkGvvidawvrvsLvGielltvearvvvasvd 52
                              +l+++ldrvL  Gvv+   + +++  ++l+ +  r+++asv 
  nat_e2ce29238f757f550f72 21 ALVDLLDRVLATGVVVTGDITLAIADVDLVRISLRALIASVG 62
                              699*************************************96 PP

>> nat_55c9bd284093601349bc  
   #    score  bias  c-Evalue  i-Evalue hmmfrom  hmm to    alifrom  ali to    envfrom  env to     acc
 ---   ------ ----- --------- --------- ------- -------    ------- -------    ------- -------    ----
   1 !   21.3   0.4   1.2e-05   1.7e-05      11      51 ..      31      71 ..      26      78 .. 0.93

  Alignments for each domain:
  == domain 1  score: 21.3 bits;  conditional E-value: 1.2e-05
                      gvpa 11 slaevldrvLdkGvvidawvrvsLvGielltvearvvvasv 51
                              +l+++ldr+L  Gvvi   + +s+  i+l+ +  r+++ sv
  nat_55c9bd284093601349bc 31 ALVDLLDRLLAGGVVITGDIVLSIADIDLVHISLRALLGSV 71
                              799**********************************9998 PP

>> nat_8461ba422af788cc84f8  
   #    score  bias  c-Evalue  i-Evalue hmmfrom  hmm to    alifrom  ali to    envfrom  env to     acc
 ---   ------ ----- --------- --------- ------- -------    ------- -------    ------- -------    ----
   1 !   20.7   1.5   1.8e-05   2.6e-05      11      53 ..      12      54 ..       7      57 .. 0.90

  Alignments for each domain:
  == domain 1  score: 20.7 bits;  conditional E-value: 1.8e-05
                      gvpa 11 slaevldrvLdkGvvidawvrvsLvGielltvearvvvasvdt 53
                              sl+++ldr+L  Gvv+     + +  ++l+ ++ r++++svd+
  nat_8461ba422af788cc84f8 12 SLVDLLDRLLAGGVVLTGDLTLRIADVDLVRIDLRALISSVDA 54
                              9***************88888888899**************96 PP

>> nat_0888ea426b7452a347fc  
   #    score  bias  c-Evalue  i-Evalue hmmfrom  hmm to    alifrom  ali to    envfrom  env to     acc
 ---   ------ ----- --------- --------- ------- -------    ------- -------    ------- -------    ----
   1 !   20.5   1.5     2e-05   2.9e-05      11      53 ..      41      83 ..      35     102 .. 0.89

  Alignments for each domain:
  == domain 1  score: 20.5 bits;  conditional E-value: 2e-05
                      gvpa 11 slaevldrvLdkGvvidawvrvsLvGielltvearvvvasvdt 53
                              +l+++ldr+L  Gvv+     +s+  i+l+ v  r+v+ +v  
  nat_0888ea426b7452a347fc 41 ALIDLLDRLLSGGVVLTGDLVLSIADIDLVRVSLRAVIVAVRE 83
                              79************************************99865 PP

>> nat_e4c02bb0f7a8020ec61d  
   #    score  bias  c-Evalue  i-Evalue hmmfrom  hmm to    alifrom  ali to    envfrom  env to     acc
 ---   ------ ----- --------- --------- ------- -------    ------- -------    ------- -------    ----
   1 !   19.8   0.6   3.4e-05   4.9e-05      11      51 ..      32      72 ..      22      74 .. 0.93

  Alignments for each domain:
  == domain 1  score: 19.8 bits;  conditional E-value: 3.4e-05
                      gvpa 11 slaevldrvLdkGvvidawvrvsLvGielltvearvvvasv 51
                              +l+++ldr+L+ G v+     +s+  ++l+ ++ r+v+ s+
  nat_e4c02bb0f7a8020ec61d 32 ALIDLLDRLLNGGAVLTGDLVLSVADVDLVHINLRAVIRSI 72
                              799************************************99 PP

>> nat_b350b25ce7c0236b621b  
   #    score  bias  c-Evalue  i-Evalue hmmfrom  hmm to    alifrom  ali to    envfrom  env to     acc
 ---   ------ ----- --------- --------- ------- -------    ------- -------    ------- -------    ----
   1 !   19.6   6.3     4e-05   5.7e-05      10      52 ..      15      57 ..      10      59 .. 0.93

  Alignments for each domain:
  == domain 1  score: 19.6 bits;  conditional E-value: 4e-05
                      gvpa 10 sslaevldrvLdkGvvidawvrvsLvGielltvearvvvasvd 52
                               +l+++ldr+L  Gvv+   v +s+  i+l+ v  r+++ sv 
  nat_b350b25ce7c0236b621b 15 VALVDLLDRLLSGGVVVTGDVVLSIADIDLVRVSLRALIVSVS 57
                              5799************************************996 PP

>> nat_d320098a8d27dbc207b8  
   #    score  bias  c-Evalue  i-Evalue hmmfrom  hmm to    alifrom  ali to    envfrom  env to     acc
 ---   ------ ----- --------- --------- ------- -------    ------- -------    ------- -------    ----
   1 !   19.5   3.5   4.2e-05     6e-05      11      51 ..      27      67 ..      22      70 .. 0.94

  Alignments for each domain:
  == domain 1  score: 19.5 bits;  conditional E-value: 4.2e-05
                      gvpa 11 slaevldrvLdkGvvidawvrvsLvGielltvearvvvasv 51
                              +l+++ldr+L  Gvv+   v +s+  i+l+ +  r+++ s+
  nat_d320098a8d27dbc207b8 27 ALIDLLDRLLSGGVVLTGDVVLSIADIDLVRISLRALIMSI 67
                              79*************************************99 PP

>> nat_15f7f1ff1f3d13b3a6e4  
   #    score  bias  c-Evalue  i-Evalue hmmfrom  hmm to    alifrom  ali to    envfrom  env to     acc
 ---   ------ ----- --------- --------- ------- -------    ------- -------    ------- -------    ----
   1 !   19.5   5.3   4.2e-05   6.1e-05      11      52 ..      21      62 ..      15      65 .. 0.94

  Alignments for each domain:
  == domain 1  score: 19.5 bits;  conditional E-value: 4.2e-05
                      gvpa 11 slaevldrvLdkGvvidawvrvsLvGielltvearvvvasvd 52
                              +l+++ldrv+  Gvv+   v +++  ++l+ +  r+++asv 
  nat_15f7f1ff1f3d13b3a6e4 21 ALVDLLDRVVATGVVVTGDVTLAIADVDLVRISLRALIASVG 62
                              799*************************************96 PP

>> nat_0927b476e8bc6daa04d9  
   #    score  bias  c-Evalue  i-Evalue hmmfrom  hmm to    alifrom  ali to    envfrom  env to     acc
 ---   ------ ----- --------- --------- ------- -------    ------- -------    ------- -------    ----
   1 !   19.5   3.5   4.2e-05     6e-05      11      53 ..       2      44 ..       1      47 [. 0.92

  Alignments for each domain:
  == domain 1  score: 19.5 bits;  conditional E-value: 4.2e-05
                      gvpa 11 slaevldrvLdkGvvidawvrvsLvGielltvearvvvasvdt 53
                              sl+++ldr+L  Gvv+   + + +  ++l+ ++ r++++svd+
  nat_0927b476e8bc6daa04d9  2 SLVDLLDRLLAGGVVLTGDITLRIADVDLVRIDLRALISSVDA 44
                              9***************88888888899**************96 PP

>> nat_20d82ee5bd334e9e87ab  
   #    score  bias  c-Evalue  i-Evalue hmmfrom  hmm to    alifrom  ali to    envfrom  env to     acc
 ---   ------ ----- --------- --------- ------- -------    ------- -------    ------- -------    ----
   1 !   19.4   6.3   4.5e-05   6.4e-05      10      52 ..      18      60 ..      13      62 .. 0.93

  Alignments for each domain:
  == domain 1  score: 19.4 bits;  conditional E-value: 4.5e-05
                      gvpa 10 sslaevldrvLdkGvvidawvrvsLvGielltvearvvvasvd 52
                               +l+++ldr+L  Gvv+   v +s+  i+l+ v  r+++ sv 
  nat_20d82ee5bd334e9e87ab 18 VALVDLLDRLLSGGVVVTGDVVLSIADIDLVRVSLRALIVSVS 60
                              5799************************************996 PP

>> nat_f48ac7c5719360a7ba68  
   #    score  bias  c-Evalue  i-Evalue hmmfrom  hmm to    alifrom  ali to    envfrom  env to     acc
 ---   ------ ----- --------- --------- ------- -------    ------- -------    ------- -------    ----
   1 !   19.2   1.9   5.3e-05   7.6e-05      10      51 ..      29      70 ..      24      73 .. 0.93

  Alignments for each domain:
  == domain 1  score: 19.2 bits;  conditional E-value: 5.3e-05
                      gvpa 10 sslaevldrvLdkGvvidawvrvsLvGielltvearvvvasv 51
                               +l+++ldr+L  Gvvi   + +s+  i+l+ +  r+++ sv
  nat_f48ac7c5719360a7ba68 29 VALVDLLDRLLAGGVVITGDIVLSIADIDLVRISLRALLGSV 70
                              5799*********************************99998 PP

>> nat_3b12a9f8d634154d518e  
   #    score  bias  c-Evalue  i-Evalue hmmfrom  hmm to    alifrom  ali to    envfrom  env to     acc
 ---   ------ ----- --------- --------- ------- -------    ------- -------    ------- -------    ----
   1 !   19.2   1.2   5.1e-05   7.4e-05      10      51 ..      38      79 ..      33      81 .. 0.93

  Alignments for each domain:
  == domain 1  score: 19.2 bits;  conditional E-value: 5.1e-05
                      gvpa 10 sslaevldrvLdkGvvidawvrvsLvGielltvearvvvasv 51
                               +l+++ldr+L+ G v+   + +s+  ++l+ ++ r+v+ s+
  nat_3b12a9f8d634154d518e 38 VALIDLLDRLLNGGAVLTGDIVLSIADVDLVHIDLRAVIRSL 79
                              579************************************986 PP

>> nat_b6818cf3a9a74185f24e  
   #    score  bias  c-Evalue  i-Evalue hmmfrom  hmm to    alifrom  ali to    envfrom  env to     acc
 ---   ------ ----- --------- --------- ------- -------    ------- -------    ------- -------    ----
   1 !   19.2   4.8   5.3e-05   7.6e-05      11      51 ..      19      59 ..      14      63 .. 0.93

  Alignments for each domain:
  == domain 1  score: 19.2 bits;  conditional E-value: 5.3e-05
                      gvpa 11 slaevldrvLdkGvvidawvrvsLvGielltvearvvvasv 51
                              +l+++ldr+L  Gvv+   v +s+  i+l+ +  r+v+ ++
  nat_b6818cf3a9a74185f24e 19 ALIDLLDRLLSGGVVLTGDVVLSIADIDLVRISLRAVIVAI 59
                              79***********************************9887 PP

>> nat_ceadeb61c495acb2e73a  
   #    score  bias  c-Evalue  i-Evalue hmmfrom  hmm to    alifrom  ali to    envfrom  env to     acc
 ---   ------ ----- --------- --------- ------- -------    ------- -------    ------- -------    ----
   1 !   18.9   0.9   6.5e-05   9.3e-05      10      51 ..      36      77 ..      28      79 .. 0.93

  Alignments for each domain:
  == domain 1  score: 18.9 bits;  conditional E-value: 6.5e-05
                      gvpa 10 sslaevldrvLdkGvvidawvrvsLvGielltvearvvvasv 51
                               +l+++ldr+L+ G v+     +s+  ++l+ ++ r+v+ s+
  nat_ceadeb61c495acb2e73a 36 VALVDLLDRLLNGGAVLTGDLVLSVADVDLVRINLRAVIHSI 77
                              5799************************************99 PP

>> nat_36dfac4b8d65f9e057be  
   #    score  bias  c-Evalue  i-Evalue hmmfrom  hmm to    alifrom  ali to    envfrom  env to     acc
 ---   ------ ----- --------- --------- ------- -------    ------- -------    ------- -------    ----
   1 !   18.4   0.1   9.7e-05   0.00014      11      53 ..      20      62 ..      15      76 .. 0.90

  Alignments for each domain:
  == domain 1  score: 18.4 bits;  conditional E-value: 9.7e-05
                      gvpa 11 slaevldrvLdkGvvidawvrvsLvGielltvearvvvasvdt 53
                              +l+++ldr+L  G vi     + +  ++l+ ++ r++++sv++
  nat_36dfac4b8d65f9e057be 20 ALVDLLDRLLAGGAVIAGDLTLRIAEVDLVRIDLRALISSVNA 62
                              699*************88777778889*************986 PP

>> nat_c7a61c64d45a104467ff  
   #    score  bias  c-Evalue  i-Evalue hmmfrom  hmm to    alifrom  ali to    envfrom  env to     acc
 ---   ------ ----- --------- --------- ------- -------    ------- -------    ------- -------    ----
   1 !   17.8   0.7   0.00015   0.00021      11      51 ..      22      62 ..      18      64 .. 0.95

  Alignments for each domain:
  == domain 1  score: 17.8 bits;  conditional E-value: 0.00015
                      gvpa 11 slaevldrvLdkGvvidawvrvsLvGielltvearvvvasv 51
                              +l+++ldr+L  G v+     +s+  ++l+ ++ r+v+ s+
  nat_c7a61c64d45a104467ff 22 ALIDLLDRLLTGGAVLTGDLVLSIADVDLVHINLRAVIRSI 62
                              69*************************************99 PP

>> nat_fdb0b9a351d4c4c08841  
   #    score  bias  c-Evalue  i-Evalue hmmfrom  hmm to    alifrom  ali to    envfrom  env to     acc
 ---   ------ ----- --------- --------- ------- -------    ------- -------    ------- -------    ----
   1 !   17.3   2.5   0.00021    0.0003      11      51 ..      51      91 ..      43      93 .. 0.94

  Alignments for each domain:
  == domain 1  score: 17.3 bits;  conditional E-value: 0.00021
                      gvpa 11 slaevldrvLdkGvvidawvrvsLvGielltvearvvvasv 51
                              +l+++ldr+L+ G v+     +s+  ++l+ ++ r+v+ s+
  nat_fdb0b9a351d4c4c08841 51 ALIDLLDRLLNGGAVLTGDLVLSVADVDLVRINLRAVIHSI 91
                              79*************************************99 PP

>> nat_071d41176330dd0796d5  
   #    score  bias  c-Evalue  i-Evalue hmmfrom  hmm to    alifrom  ali to    envfrom  env to     acc
 ---   ------ ----- --------- --------- ------- -------    ------- -------    ------- -------    ----
   1 !   17.4   2.9   0.00019   0.00028      11      52 ..      29      70 ..      24      73 .. 0.93

  Alignments for each domain:
  == domain 1  score: 17.4 bits;  conditional E-value: 0.00019
                      gvpa 11 slaevldrvLdkGvvidawvrvsLvGielltvearvvvasvd 52
                              +l+++ldr+L  Gvv+   + +++  ++l+ +  r++++sv 
  nat_071d41176330dd0796d5 29 ALVDLLDRLLSDGVVLTGDITLAIADVDLVHISLRALISSVK 70
                              799*************************************96 PP

>> nat_94ba15d7551886d6aa13  
   #    score  bias  c-Evalue  i-Evalue hmmfrom  hmm to    alifrom  ali to    envfrom  env to     acc
 ---   ------ ----- --------- --------- ------- -------    ------- -------    ------- -------    ----
   1 !   17.3   3.8    0.0002   0.00029      11      52 ..      22      63 ..      18      66 .. 0.94

  Alignments for each domain:
  == domain 1  score: 17.3 bits;  conditional E-value: 0.0002
                      gvpa 11 slaevldrvLdkGvvidawvrvsLvGielltvearvvvasvd 52
                               l+++ldrvL  Gvv+   v +++  + l+ +  r+++asv 
  nat_94ba15d7551886d6aa13 22 PLVDLLDRVLATGVVVTGDVVIAIAEVPLVRLSLRALLASVS 63
                              589*************************************95 PP

>> nat_f1dfa126e7493ff95915  
   #    score  bias  c-Evalue  i-Evalue hmmfrom  hmm to    alifrom  ali to    envfrom  env to     acc
 ---   ------ ----- --------- --------- ------- -------    ------- -------    ------- -------    ----
   1 !   16.8   0.2   0.00029   0.00041       8      40 ..      17      49 ..      11      61 .. 0.90

  Alignments for each domain:
  == domain 1  score: 16.8 bits;  conditional E-value: 0.00029
                      gvpa  8 assslaevldrvLdkGvvidawvrvsLvGiell 40
                               + sl +++d +L++Gvv+     +sL G++l+
  nat_f1dfa126e7493ff95915 17 RGGSLLDLVDNLLNQGVVLTGELTLSLAGVDLV 49
                              678****************************97 PP

>> nat_cb6ed77116909eb840cc  
   #    score  bias  c-Evalue  i-Evalue hmmfrom  hmm to    alifrom  ali to    envfrom  env to     acc
 ---   ------ ----- --------- --------- ------- -------    ------- -------    ------- -------    ----
   1 !   17.1   1.0   0.00024   0.00035       7      54 ..       5      52 ..       1      74 [. 0.84

  Alignments for each domain:
  == domain 1  score: 17.1 bits;  conditional E-value: 0.00024
                      gvpa  7 sassslaevldrvLdkGvvidawvrvsLvGielltvearvvvasvdty 54
                              ++  ++++++d +L+ G v+ a v +s+  i l+ +  r+++a + t 
  nat_cb6ed77116909eb840cc  5 KNDDAVVDLVDVLLEDGAVLAADVVISVADIPLIGLRLRLLLAGMTTM 52
                              4556799************************************99885 PP

>> nat_586a9e121e80cef17717  
   #    score  bias  c-Evalue  i-Evalue hmmfrom  hmm to    alifrom  ali to    envfrom  env to     acc
 ---   ------ ----- --------- --------- ------- -------    ------- -------    ------- -------    ----
   1 !   16.4   3.8   0.00038   0.00055      10      52 ..       9      51 ..       1      55 [. 0.85

  Alignments for each domain:
  == domain 1  score: 16.4 bits;  conditional E-value: 0.00038
                      gvpa 10 sslaevldrvLdkGvvidawvrvsLvGielltvearvvvasvd 52
                               +l+++ldr+L  Gvvi   + + +  ++l+ ++  ++++sv+
  nat_586a9e121e80cef17717  9 IALVDLLDRLLSGGVVITGDITLRIADVDLVRIDLNALISSVN 51
                              579**************88888888899***********9997 PP

>> nat_248d1b2257a26e3431e4  
   #    score  bias  c-Evalue  i-Evalue hmmfrom  hmm to    alifrom  ali to    envfrom  env to     acc
 ---   ------ ----- --------- --------- ------- -------    ------- -------    ------- -------    ----
   1 !   16.0   6.2   0.00052   0.00075      10      52 ..      16      58 ..       6      63 .. 0.93

  Alignments for each domain:
  == domain 1  score: 16.0 bits;  conditional E-value: 0.00052
                      gvpa 10 sslaevldrvLdkGvvidawvrvsLvGielltvearvvvasvd 52
                               +l+++ldr+L  Gvv+     +s+  ++l+ +  r ++ svd
  nat_248d1b2257a26e3431e4 16 VALVDLLDRLLAGGVVVTGDLVLSIADVDLVRISLRTILVSVD 58
                              579***************************************9 PP

>> nat_b5d750fdff6867b5af57  
   #    score  bias  c-Evalue  i-Evalue hmmfrom  hmm to    alifrom  ali to    envfrom  env to     acc
 ---   ------ ----- --------- --------- ------- -------    ------- -------    ------- -------    ----
   1 !   15.1   4.1     0.001    0.0015      11      52 ..      13      54 ..       8      57 .. 0.90

  Alignments for each domain:
  == domain 1  score: 15.1 bits;  conditional E-value: 0.001
                      gvpa 11 slaevldrvLdkGvvidawvrvsLvGielltvearvvvasvd 52
                              sl+++ldr+L  Gvv+     + +  ++l+ ++  ++++s+d
  nat_b5d750fdff6867b5af57 13 SLVDLLDRLLVGGVVVAGDLTLRIADVDLVRIDLHALISSID 54
                              9***************88888888899**************8 PP

>> nat_acfbc9604c933a917cd4  
   #    score  bias  c-Evalue  i-Evalue hmmfrom  hmm to    alifrom  ali to    envfrom  env to     acc
 ---   ------ ----- --------- --------- ------- -------    ------- -------    ------- -------    ----
   1 !   15.0   0.9    0.0011    0.0016      11      49 ..      22      60 ..      15      65 .. 0.82

  Alignments for each domain:
  == domain 1  score: 15.0 bits;  conditional E-value: 0.0011
                      gvpa 11 slaevldrvLdkGvvidawvrvsLvGielltvearvvva 49
                               l+++ld +Ld+Gvv+   + +s+  ++l+ +   +v+a
  nat_acfbc9604c933a917cd4 22 RLVDLLDGLLDQGVVLRGEAWISVADVDLVFLGLDLVLA 60
                              699*************88888888888888777777766 PP

>> nat_76139d5052a6d251dc47  
   #    score  bias  c-Evalue  i-Evalue hmmfrom  hmm to    alifrom  ali to    envfrom  env to     acc
 ---   ------ ----- --------- --------- ------- -------    ------- -------    ------- -------    ----
   1 !   14.8   5.1    0.0012    0.0018      10      52 ..       9      51 ..       1      54 [. 0.85

  Alignments for each domain:
  == domain 1  score: 14.8 bits;  conditional E-value: 0.0012
                      gvpa 10 sslaevldrvLdkGvvidawvrvsLvGielltvearvvvasvd 52
                               +l+++ldr+L  Gvvi   + + +  ++l+ ++  ++++sv+
  nat_76139d5052a6d251dc47  9 IALVDLLDRLLAGGVVITGDITLRIADVDLVRIDLNALISSVN 51
                              579**************88888888899***********9997 PP

>> nat_b0658df5234d9898146c  
   #    score  bias  c-Evalue  i-Evalue hmmfrom  hmm to    alifrom  ali to    envfrom  env to     acc
 ---   ------ ----- --------- --------- ------- -------    ------- -------    ------- -------    ----
   1 !   14.2   1.9     0.002    0.0028      11      51 ..      21      61 ..      15      65 .. 0.79

  Alignments for each domain:
  == domain 1  score: 14.2 bits;  conditional E-value: 0.002
                      gvpa 11 slaevldrvLdkGvvidawvrvsLvGielltvearvvvasv 51
                               l+++ldrvL  Gvvi   v v++  + l+ +   ++++sv
  nat_b0658df5234d9898146c 21 PLVDLLDRVLATGVVIGGDVVVAIAEVPLVRLSLHALLSSV 61
                              699*************8877777777777777666666665 PP

>> nat_3db117bf5e0e1b80df0a  
   #    score  bias  c-Evalue  i-Evalue hmmfrom  hmm to    alifrom  ali to    envfrom  env to     acc
 ---   ------ ----- --------- --------- ------- -------    ------- -------    ------- -------    ----
   1 !   13.3   0.5    0.0036    0.0051       7      44 ..      16      53 ..       7      63 .. 0.72

  Alignments for each domain:
  == domain 1  score: 13.3 bits;  conditional E-value: 0.0036
                      gvpa  7 sassslaevldrvLdkGvvidawvrvsLvGielltvea 44
                              s  +sl++++d +L  Gvvi   + +++  ++l+ +  
  nat_3db117bf5e0e1b80df0a 16 SHDTSLVDIVDGLLRHGVVIRGEIWLTVADVDLVFLGL 53
                              4568****************655555555555555444 PP

>> nat_4ccdc7c4ee47fd86d36c  
   #    score  bias  c-Evalue  i-Evalue hmmfrom  hmm to    alifrom  ali to    envfrom  env to     acc
 ---   ------ ----- --------- --------- ------- -------    ------- -------    ------- -------    ----
   1 !   12.7   3.3    0.0056     0.008      11      51 ..      19      59 ..      14      62 .. 0.90

  Alignments for each domain:
  == domain 1  score: 12.7 bits;  conditional E-value: 0.0056
                      gvpa 11 slaevldrvLdkGvvidawvrvsLvGielltvearvvvasv 51
                              +l+++ldr+L  Gvv+     + +  ++l+ v+ +++++sv
  nat_4ccdc7c4ee47fd86d36c 19 ALVDLLDRLLAGGVVLSGDLTLRIADVDLVRVDLKALISSV 59
                              699*************88888888899************99 PP

>> nat_26986896a7366e29c93d  
   #    score  bias  c-Evalue  i-Evalue hmmfrom  hmm to    alifrom  ali to    envfrom  env to     acc
 ---   ------ ----- --------- --------- ------- -------    ------- -------    ------- -------    ----
   1 !   12.4   0.3    0.0069    0.0099       7      41 ..      16      50 ..       8      62 .. 0.69

  Alignments for each domain:
  == domain 1  score: 12.4 bits;  conditional E-value: 0.0069
                      gvpa  7 sassslaevldrvLdkGvvidawvrvsLvGiellt 41
                              s+ ++l++v+d +L  Gvvi     +++  ++l+ 
  nat_26986896a7366e29c93d 16 SSDTALVDVVDGLLRHGVVIRGELWLTVADVDLVF 50
                              45678***************654444444444444 PP

>> nat_9029bc6ccd84f10c931a  
   #    score  bias  c-Evalue  i-Evalue hmmfrom  hmm to    alifrom  ali to    envfrom  env to     acc
 ---   ------ ----- --------- --------- ------- -------    ------- -------    ------- -------    ----
   1 ?   11.1   0.2     0.018     0.025      12      45 ..      10      43 ..       3      47 .. 0.93

  Alignments for each domain:
  == domain 1  score: 11.1 bits;  conditional E-value: 0.018
                      gvpa 12 laevldrvLdkGvvidawvrvsLvGielltvear 45
                              l+++ldr+L  G v+     +s+  i+l+ ++ r
  nat_9029bc6ccd84f10c931a 10 LIDLLDRLLSGGAVLTGDLVLSIADIDLVRIQSR 43
                              89****************************9987 PP

>> nat_a17dbfe78e8ff3f30cdf  
   #    score  bias  c-Evalue  i-Evalue hmmfrom  hmm to    alifrom  ali to    envfrom  env to     acc
 ---   ------ ----- --------- --------- ------- -------    ------- -------    ------- -------    ----
   1 ?    7.4   0.1      0.26      0.37      11      26 ..      14      29 ..       8      34 .. 0.89

  Alignments for each domain:
  == domain 1  score: 7.4 bits;  conditional E-value: 0.26
                      gvpa 11 slaevldrvLdkGvvi 26
                              +l++ ldr+L  Gvv+
  nat_a17dbfe78e8ff3f30cdf 14 ALVDTLDRLLAGGVVV 29
                              699************9 PP

>> nat_719ddebd2b5b980d36ce  
   #    score  bias  c-Evalue  i-Evalue hmmfrom  hmm to    alifrom  ali to    envfrom  env to     acc
 ---   ------ ----- --------- --------- ------- -------    ------- -------    ------- -------    ----
   1 ?    3.0   0.1         6       8.6      12      26 ..      81      95 ..      72     102 .. 0.80

  Alignments for each domain:
  == domain 1  score: 3.0 bits;  conditional E-value: 6
                      gvpa 12 laevldrvLdkGvvi 26
                              l +v+d v+dk +  
  nat_719ddebd2b5b980d36ce 81 LDDVVDEVIDKLINP 95
                              779*******98765 PP

>> nat_8d605ff22811ab4235d7  
   #    score  bias  c-Evalue  i-Evalue hmmfrom  hmm to    alifrom  ali to    envfrom  env to     acc
 ---   ------ ----- --------- --------- ------- -------    ------- -------    ------- -------    ----
   1 ?    3.0   0.1       6.2       8.9      12      24 ..      64      76 ..      46      83 .. 0.82

  Alignments for each domain:
  == domain 1  score: 3.0 bits;  conditional E-value: 6.2
                      gvpa 12 laevldrvLdkGv 24
                              l ev+d v+dk +
  nat_8d605ff22811ab4235d7 64 LDEVVDDVVDKLI 76
                              6799999999966 PP

>> nat_d11339e5575f1cf41503  
   #    score  bias  c-Evalue  i-Evalue hmmfrom  hmm to    alifrom  ali to    envfrom  env to     acc
 ---   ------ ----- --------- --------- ------- -------    ------- -------    ------- -------    ----
   1 ?    2.4   0.0       9.5        14      12      24 ..      81      93 ..      73     105 .. 0.84

  Alignments for each domain:
  == domain 1  score: 2.4 bits;  conditional E-value: 9.5
                      gvpa 12 laevldrvLdkGv 24
                              l +v+d v+dk +
  nat_d11339e5575f1cf41503 81 LDDVVDEVVDKLI 93
                              779*******976 PP

>> nat_c24b0ac6128907419709  
   #    score  bias  c-Evalue  i-Evalue hmmfrom  hmm to    alifrom  ali to    envfrom  env to     acc
 ---   ------ ----- --------- --------- ------- -------    ------- -------    ------- -------    ----
   1 ?    2.4   0.1       9.2        13      12      24 ..      81      93 ..      67     100 .. 0.82

  Alignments for each domain:
  == domain 1  score: 2.4 bits;  conditional E-value: 9.2
                      gvpa 12 laevldrvLdkGv 24
                              l ev+d v+dk +
  nat_c24b0ac6128907419709 81 LDEVVDDVVDKLI 93
                              7799999999966 PP

>> nat_82589630f5ae2d3f307c  
   #    score  bias  c-Evalue  i-Evalue hmmfrom  hmm to    alifrom  ali to    envfrom  env to     acc
 ---   ------ ----- --------- --------- ------- -------    ------- -------    ------- -------    ----
   1 ?    2.3   0.1        10        14      12      24 ..      81      93 ..      71     100 .. 0.82

  Alignments for each domain:
  == domain 1  score: 2.3 bits;  conditional E-value: 10
                      gvpa 12 laevldrvLdkGv 24
                              l +v+d v+dk +
  nat_82589630f5ae2d3f307c 81 LDDVVDEVVDKLI 93
                              7799******976 PP

>> nat_c005c56e14df6b455526  
   #    score  bias  c-Evalue  i-Evalue hmmfrom  hmm to    alifrom  ali to    envfrom  env to     acc
 ---   ------ ----- --------- --------- ------- -------    ------- -------    ------- -------    ----
   1 ?    1.5   0.0        17        25      41      56 ..     237     252 ..     236     256 .. 0.89

  Alignments for each domain:
  == domain 1  score: 1.5 bits;  conditional E-value: 17
                      gvpa  41 tvearvvvasvdtyLk 56 
                               tv a +++asv  yL+
  nat_c005c56e14df6b455526 237 TVRAGIMIASVVSYLH 252
                               78899**********8 PP

>> nat_693ec0d594298d9459ad  
   #    score  bias  c-Evalue  i-Evalue hmmfrom  hmm to    alifrom  ali to    envfrom  env to     acc
 ---   ------ ----- --------- --------- ------- -------    ------- -------    ------- -------    ----
   1 ?    1.6   0.0        16        23      20      46 ..      36      60 ..      17      71 .. 0.62

  Alignments for each domain:
  == domain 1  score: 1.6 bits;  conditional E-value: 16
                      gvpa 20 LdkGvvidawvrvsLvGielltvearv 46
                              Ld G +    ++v  +G  l+++e r 
  nat_693ec0d594298d9459ad 36 LDAGTLAP--AQVEALGQALIALELRF 60
                              55555433..45566677777777764 PP

>> nat_e9eb43811f2330da42df  
   [No individual domains that satisfy reporting thresholds (although complete target did)]

>> nat_2539103b6a4ebbaea38e  
   [No individual domains that satisfy reporting thresholds (although complete target did)]

>> nat_829e22f860a4267265e7  
   #    score  bias  c-Evalue  i-Evalue hmmfrom  hmm to    alifrom  ali to    envfrom  env to     acc
 ---   ------ ----- --------- --------- ------- -------    ------- -------    ------- -------    ----
   1 ?    0.3   0.3        43        62      20      40 ..      25      45 ..      16      58 .. 0.82

  Alignments for each domain:
  == domain 1  score: 0.3 bits;  conditional E-value: 43
                      gvpa 20 LdkGvvidawvrvsLvGiell 40
                              Ldk  v    vr+ L  +ell
  nat_829e22f860a4267265e7 25 LDKDTVERDLVRLVLTVVELL 45
                              789889888999999999987 PP

>> nat_e953b5f5229ead5bb05c  
   [No individual domains that satisfy reporting thresholds (although complete target did)]

>> nat_32bd77983dbd8dfb8a38  
   [No individual domains that satisfy reporting thresholds (although complete target did)]

>> nat_6456c7962887f5ec8ec6  
   [No individual domains that satisfy reporting thresholds (although complete target did)]

>> nat_5a717df99d67fd784241  
   #    score  bias  c-Evalue  i-Evalue hmmfrom  hmm to    alifrom  ali to    envfrom  env to     acc
 ---   ------ ----- --------- --------- ------- -------    ------- -------    ------- -------    ----
   1 ?    0.1   0.0        49        70      27      37 ..       6      18 ..       2      34 .. 0.76

  Alignments for each domain:
  == domain 1  score: 0.1 bits;  conditional E-value: 49
                      gvpa 27 dawvr..vsLvGi 37
                              d  vr  vsLvG+
  nat_5a717df99d67fd784241  6 DLLVRpfVSLVGV 18
                              5666666899997 PP

>> nat_b76abc872f0c2b1b69b7  
   [No individual domains that satisfy reporting thresholds (although complete target did)]

>> nat_9ad8adafd39e806bd787  
   [No individual domains that satisfy reporting thresholds (although complete target did)]

>> nat_947a33d55ad2e4a462ad  
   [No individual domains that satisfy reporting thresholds (although complete target did)]

>> nat_c0d82e06313e16097f0a  
   [No individual domains that satisfy reporting thresholds (although complete target did)]

>> nat_af61f3707e4227287fcd  
   [No individual domains that satisfy reporting thresholds (although complete target did)]

>> nat_63b8d2c76b5087893a75  
   [No individual domains that satisfy reporting thresholds (although complete target did)]

>> nat_67a4fe5ef9ce1aeb2def  
   [No individual domains that satisfy reporting thresholds (although complete target did)]

>> nat_5322cde66edfa53888a3  
   [No individual domains that satisfy reporting thresholds (although complete target did)]

>> nat_4c0552cd51a9b813cc70  
   [No individual domains that satisfy reporting thresholds (although complete target did)]

>> nat_3051d69cdf2eb2867c43  
   [No individual domains that satisfy reporting thresholds (although complete target did)]

>> nat_e1efdd292eddc458ef64  
   [No individual domains that satisfy reporting thresholds (although complete target did)]



Internal pipeline statistics summary:
-------------------------------------
Query model(s):                            1  (81 nodes)
Target sequences:                       1277  (179002 residues searched)
Passed MSV filter:                      1277  (1); expected 1277.0 (1)
Passed bias filter:                     1277  (1); expected 1277.0 (1)
Passed Vit filter:                      1277  (1); expected 1277.0 (1)
Passed Fwd filter:                      1277  (1); expected 1277.0 (1)
Initial search space (Z):               1277  [actual number of targets]
Domain search space  (domZ):             890  [number of targets reported over threshold]
# CPU time: 0.14u 0.02s 00:00:00.16 Elapsed: 00:00:00.36
# Mc/sec: 39.26
//
[ok]
