# hmmsearch :: search profile(s) against a sequence database
# HMMER 3.3 (Nov 2019); http://hmmer.org/
# Copyright (C) 2019 Howard Hughes Medical Institute.
# Freely distributed under the BSD open source license.
# - - - - - - - - - - - - - - - - - - - - - - - - - - - - - - - - - - - -
# query HMM file:                  /mnt/d/endless/机器学习综合实践/ML-GV02-03/results/gv02_03_v2/family/fold_0/profiles/gvpj.hmm
# target sequence database:        /mnt/d/endless/机器学习综合实践/ML-GV02-03/results/gv02_03_v2/family/fold_0/natural/queries.fasta
# per-dom hits tabular output:     /mnt/d/endless/机器学习综合实践/ML-GV02-03/results/gv02_03_v2/family/fold_0/natural/gvpj.domtbl
# sequence reporting threshold:    score >= 0
# domain reporting threshold:      score >= 0
# Max sensitivity mode:            on [all heuristic filters off]
# number of worker threads:        1
# - - - - - - - - - - - - - - - - - - - - - - - - - - - - - - - - - - - -

Query:       gvpj  [M=124]
Scores for complete sequences (score includes all domains):
   --- full sequence ---   --- best 1 domain ---    -#dom-
    E-value  score  bias    E-value  score  bias    exp  N  Sequence                 Description
    ------- ------ -----    ------- ------ -----   ---- --  --------                 -----------
    3.5e-49  162.4   0.3    4.3e-49  162.1   0.3    1.1  1  nat_cc9d0eca2af440c02e36  
      1e-47  157.6   3.3    1.1e-47  157.5   3.3    1.0  1  nat_8f6356423342dd6a8af7  
      2e-47  156.7   1.5    2.3e-47  156.5   1.5    1.0  1  nat_93ee8755b8fb64b781d3  
    5.3e-47  155.4   1.4    6.1e-47  155.2   1.4    1.0  1  nat_4a66b9c8b2b4962ce727  
    9.5e-47  154.5   2.4      1e-46  154.4   2.4    1.0  1  nat_2dde3392aae621ffc247  
    1.8e-46  153.7   2.3      2e-46  153.5   2.3    1.0  1  nat_dc91976c7c3450587080  
    3.1e-46  152.9   2.0    3.3e-46  152.8   2.0    1.0  1  nat_def4e5618d2d3f638abe  
    3.6e-46  152.7   2.6    3.9e-46  152.5   2.6    1.0  1  nat_b629ea5b6ccdf5cafe33  
    7.2e-46  151.7   0.5    8.9e-46  151.4   0.5    1.0  1  nat_a67dd765d5d9f1265194  
    1.2e-45  151.0   1.1    1.4e-45  150.8   1.1    1.0  1  nat_d7b8c5c7cb6b1053592e  
    1.3e-45  150.9   0.1    1.5e-45  150.7   0.1    1.0  1  nat_f1643822251b583b4a61  
    4.1e-45  149.2   0.5    4.7e-45  149.1   0.5    1.0  1  nat_9863770a194a0d55027a  
    9.1e-45  148.1   0.7    9.4e-45  148.1   0.7    1.0  1  nat_daa26bb81225045c82c6  
    2.2e-44  146.9   2.0    2.3e-44  146.8   2.0    1.0  1  nat_8be088bcd53ef20d5eec  
    4.2e-44  146.0   1.3    4.7e-44  145.8   1.3    1.0  1  nat_395ec35f14effdb2da3a  
    4.4e-44  145.9   2.1    4.7e-44  145.8   2.1    1.0  1  nat_19313a16de85e8dc6da2  
    1.4e-43  144.3   0.4    1.5e-43  144.2   0.4    1.1  1  nat_3fffa9db9247345bf996  
    1.5e-43  144.2   0.5    1.7e-43  144.0   0.5    1.0  1  nat_1af92f4517cb07b380d4  
    1.9e-43  143.9   3.0    2.1e-43  143.7   3.0    1.0  1  nat_5c2e3230af84af2b587d  
      6e-43  142.2   3.0    6.8e-43  142.1   3.0    1.0  1  nat_86c1908d1d28058bf2a9  
    1.1e-41  138.2   0.7    1.2e-41  138.1   0.7    1.0  1  nat_1d519e42f5e4d4625382  
    2.5e-40  133.8   0.4    2.7e-40  133.7   0.4    1.0  1  nat_7c3fe835f2de28872203  
    2.5e-40  133.8   0.1    2.6e-40  133.7   0.1    1.0  1  nat_4679d56f6681435313d7  
    1.1e-39  131.7   0.1    1.4e-39  131.4   0.1    1.1  1  nat_d39c56188f28cb02ba10  
    1.3e-39  131.4   0.3    1.5e-39  131.3   0.3    1.0  1  nat_78a9f4fc56b943558b47  
    1.8e-39  131.0   0.1      2e-39  130.8   0.1    1.0  1  nat_cbba243dc1613c0cb1fa  
    4.1e-39  129.9   0.0    4.7e-39  129.7   0.0    1.0  1  nat_05b12b3e859ceb6ed015  
    4.5e-39  129.7   0.0    5.4e-39  129.5   0.0    1.0  1  nat_c6080e51aceffe4e0a16  
    6.5e-39  129.2   0.4    7.5e-39  129.0   0.4    1.1  1  nat_0a6e89f60cd37515559e  
    7.7e-39  129.0   1.1    8.7e-39  128.8   1.1    1.0  1  nat_41d8ab0f02461073a97c  
    8.1e-39  128.9   0.2    9.6e-39  128.7   0.2    1.0  1  nat_8c0f48ab1366fa010ded  
    8.2e-39  128.9   0.0    9.5e-39  128.7   0.0    1.0  1  nat_41c961009656e555d77b  
    8.7e-39  128.8   0.7    9.8e-39  128.7   0.7    1.0  1  nat_9ecb68caf9b062eead15  
    1.3e-38  128.3   0.1    1.6e-38  128.0   0.1    1.1  1  nat_1c3d745a993f2e62d375  
    1.7e-38  127.9   0.1    1.9e-38  127.7   0.1    1.0  1  nat_8e0a2c13b1b8165a790e  
    1.9e-38  127.7   0.2    2.3e-38  127.4   0.2    1.0  1  nat_c54850c6159ad64d41a5  
    2.8e-38  127.2   0.4    3.1e-38  127.0   0.4    1.0  1  nat_ae0d3c1433adbcb50ef7  
    3.1e-38  127.0   0.2    3.3e-38  127.0   0.2    1.0  1  nat_61dc8856dc8fc8349d45  
    6.4e-38  126.0   1.0    7.1e-38  125.9   1.0    1.0  1  nat_ecb1c2738797f1742802  
    9.8e-38  125.4   0.1    1.1e-37  125.2   0.1    1.0  1  nat_db12f4452278c4bf469c  
      1e-37  125.4   0.2    1.1e-37  125.3   0.2    1.1  1  nat_4ec35b7e5d4432cf30cc  
    1.1e-37  125.3   0.2    1.1e-37  125.2   0.2    1.1  1  nat_93f7db09d3715d2b4013  
    1.2e-37  125.1   0.0    1.3e-37  125.0   0.0    1.0  1  nat_023128e0df407b2417ae  
    1.3e-37  125.0   0.3    1.5e-37  124.8   0.3    1.0  1  nat_bc6806cbbc65718c537b  
    2.2e-37  124.3   1.3    2.6e-37  124.1   1.3    1.1  1  nat_9de3a1c74219c52c041e  
    2.2e-37  124.3   0.1    2.6e-37  124.0   0.1    1.1  1  nat_65a24aaa375f0bffdfc5  
    6.1e-37  122.8   0.1      7e-37  122.7   0.1    1.0  1  nat_549f36d80bd165ad0855  
    1.1e-36  122.0   0.2    1.4e-36  121.7   0.2    1.1  1  nat_d18c3f8a7743da7fc46c  
    1.2e-36  121.9   0.5    1.4e-36  121.7   0.5    1.0  1  nat_b0bc17f554cd4bd5d816  
    2.3e-36  121.0   0.2    2.5e-36  120.9   0.2    1.0  1  nat_299ca2c9b99a9aadf54a  
    2.3e-36  121.0   0.2    2.6e-36  120.8   0.2    1.0  1  nat_7c3de3fe13342d4e92f5  
      7e-35  116.2   0.1    8.4e-35  115.9   0.1    1.0  1  nat_6770b7649ec68cfb7397  
    1.3e-34  115.3   0.0    1.4e-34  115.2   0.0    1.1  1  nat_47f1a4ea07a3cb6c51c0  
      9e-34  112.6   0.1    9.7e-34  112.5   0.1    1.0  1  nat_30340d61c0959eeb66d5  
    1.6e-33  111.8   0.1    1.7e-33  111.7   0.1    1.0  1  nat_02e0719c48b326139c30  
    4.5e-33  110.4   0.1    6.5e-33  109.8   0.1    1.2  1  nat_830632d521f3236a361b  
    8.7e-33  109.4   2.8    9.2e-33  109.4   2.8    1.0  1  nat_fb5c50128dbd5c384bba  
    9.4e-32  106.1   0.1      1e-31  106.0   0.1    1.0  1  nat_2d8e972f7b8e0b149992  
      1e-31  106.0   0.1    1.1e-31  105.9   0.1    1.0  1  nat_b4205fc26537087a80e8  
    2.5e-29   98.3   0.0    2.8e-29   98.1   0.0    1.0  1  nat_ed21f429d87e61b5eec4  
    8.9e-29   96.5   0.0    9.9e-29   96.3   0.0    1.0  1  nat_2e713fded92313c4cd32  
    5.2e-28   94.0   0.0    5.3e-28   94.0   0.0    1.0  1  nat_cea2d8f5b7fe0c126524  
    2.4e-27   91.9   0.0    2.5e-27   91.8   0.0    1.1  1  nat_b924ca0fc25dc601d2bb  
    2.4e-27   91.9   0.0    2.9e-27   91.6   0.0    1.2  1  nat_c22ec0560f03a826fc2e  
    8.1e-18   61.1   1.1    8.3e-18   61.0   1.1    1.0  1  nat_0bd3626b9a4c7329ae70  
    1.6e-17   60.1   1.3    1.6e-17   60.1   1.3    1.0  1  nat_5531343a7a7ecf79ad55  
    2.8e-17   59.4   1.1    2.8e-17   59.3   1.1    1.1  1  nat_2b00e8b222b28090ae59  
    3.4e-17   59.1   1.0    3.5e-17   59.0   1.0    1.1  1  nat_06e368ceaac5aa0f9edc  
    4.5e-17   58.7   1.4    4.6e-17   58.6   1.4    1.0  1  nat_3534b37db97896c62b78  
    5.3e-17   58.5   1.3    5.3e-17   58.5   1.3    1.0  1  nat_26dd9c3e80f115461010  
    5.8e-17   58.3   1.0      6e-17   58.3   1.0    1.1  1  nat_e6ab93f7efc7fc3ffe18  
    6.1e-17   58.2   1.1    6.2e-17   58.2   1.1    1.0  1  nat_2c2604728bdef8750aec  
    6.2e-17   58.2   1.1    6.4e-17   58.2   1.1    1.0  1  nat_18bfe7ce20a3a4013554  
    6.3e-17   58.2   1.2    6.4e-17   58.2   1.2    1.1  1  nat_dda877b0008607a0fc71  
    6.5e-17   58.2   1.2    6.6e-17   58.1   1.2    1.1  1  nat_bb973ad514bc9a8e4071  
    6.6e-17   58.1   1.1    6.6e-17   58.1   1.1    1.1  1  nat_f872efd67a56d21a6340  
    7.1e-17   58.0   1.5    7.6e-17   57.9   1.5    1.0  1  nat_1593c2fcfad25e37eeb4  
    7.3e-17   58.0   0.9    7.4e-17   58.0   0.9    1.0  1  nat_2afc6fb850c8bc89b0f2  
    7.8e-17   57.9   1.1    7.8e-17   57.9   1.1    1.1  1  nat_b0f89cfe92498f0bbfbc  
    8.1e-17   57.9   1.2    8.1e-17   57.9   1.2    1.1  1  nat_82d6c5940960b17a96d3  
    8.3e-17   57.8   1.7    8.7e-17   57.7   1.7    1.0  1  nat_4076ee92571a9babe66f  
    8.8e-17   57.7   1.7      9e-17   57.7   1.7    1.0  1  nat_561df1cd0484632cdef6  
    8.9e-17   57.7   1.5    9.5e-17   57.6   1.5    1.0  1  nat_5601498c9a93902562db  
    8.9e-17   57.7   1.5    9.6e-17   57.6   1.5    1.0  1  nat_e4530a471497a647eef2  
      9e-17   57.7   1.6    9.5e-17   57.6   1.6    1.0  1  nat_bcfea43f3a708c18a025  
      9e-17   57.7   1.0    9.5e-17   57.6   1.0    1.0  1  nat_de1520359c3cd2badb80  
    9.1e-17   57.7   1.3    1.5e-16   57.0   1.3    1.3  1  nat_e9cfe4a312dd51479edb  
    9.2e-17   57.7   1.3    9.4e-17   57.7   1.3    1.1  1  nat_dcefec45b0e834bbd113  
    9.5e-17   57.6   1.5      1e-16   57.5   1.5    1.0  1  nat_fa062766acc141ed13ab  
    9.8e-17   57.6   1.0    9.9e-17   57.6   1.0    1.1  1  nat_f3c68da8dba27ecffeaa  
      1e-16   57.5   1.6    1.1e-16   57.4   1.6    1.0  1  nat_95a5abf872e631139217  
    1.1e-16   57.4   0.9    1.2e-16   57.3   0.9    1.0  1  nat_9896810d394d4d1edf15  
    1.2e-16   57.3   1.0    1.2e-16   57.3   1.0    1.0  1  nat_7cb4966ababb293a7db4  
    1.2e-16   57.3   1.3    1.3e-16   57.2   1.3    1.0  1  nat_02e83ad46b86e8eaf5e7  
    1.3e-16   57.2   1.0    1.3e-16   57.2   1.0    1.0  1  nat_4cc577e850a35b25573f  
    1.3e-16   57.1   1.3    1.5e-16   57.0   1.3    1.2  1  nat_6a2cd3b9036aebd5361b  
    1.4e-16   57.1   0.2    1.4e-16   57.1   0.2    1.1  1  nat_a1aca46bcd6c4b9b05eb  
    1.4e-16   57.1   1.1    1.4e-16   57.1   1.1    1.1  1  nat_fd5c322037d42e8f890c  
    1.5e-16   57.0   1.0    1.5e-16   57.0   1.0    1.0  1  nat_408e9d934f451bb01fbc  
    1.5e-16   57.0   1.3    1.5e-16   57.0   1.3    1.0  1  nat_a2a7b780c74df6bd950e  
    1.7e-16   56.9   1.0    1.8e-16   56.8   1.0    1.0  1  nat_f3ffcf9688b666fefb41  
    1.7e-16   56.8   1.4    1.8e-16   56.7   1.4    1.0  1  nat_444b2346dad8b8d36df2  
    1.7e-16   56.8   0.8    1.9e-16   56.7   0.8    1.2  1  nat_14b8d1a3240d87319476  
    1.8e-16   56.7   1.1    1.9e-16   56.7   1.1    1.0  1  nat_b7662fa2f5d44aa0d6b4  
    1.9e-16   56.7   1.1    1.9e-16   56.7   1.1    1.0  1  nat_9c9277ab558db757d72c  
    1.9e-16   56.7   1.0    2.1e-16   56.5   1.0    1.1  1  nat_7b11238f75117cdf3b62  
      2e-16   56.6   0.9    2.1e-16   56.5   0.9    1.1  1  nat_956601650d2d23245a8b  
    2.1e-16   56.5   1.1    2.1e-16   56.5   1.1    1.1  1  nat_f65654f9aa3b69f34daa  
    2.2e-16   56.5   2.0    2.3e-16   56.4   2.0    1.0  1  nat_9bc7ff063d928dbcb919  
    2.2e-16   56.5   1.9    2.3e-16   56.4   1.9    1.0  1  nat_2132a9e0b250f93ef073  
    2.3e-16   56.4   1.8    2.5e-16   56.3   1.8    1.0  1  nat_183f7c25f0bd175da05b  
    2.3e-16   56.4   1.1    2.4e-16   56.3   1.1    1.0  1  nat_c5e6ef219282f46a04ba  
    2.5e-16   56.3   0.9    2.6e-16   56.2   0.9    1.0  1  nat_0cff47cd0a85e1de37e0  
    2.7e-16   56.2   0.9    2.7e-16   56.2   0.9    1.1  1  nat_26308fc9d4bef9eb4e06  
    2.8e-16   56.1   0.9      3e-16   56.0   0.9    1.0  1  nat_2b57a127896613be0c56  
    2.8e-16   56.1   1.2    2.9e-16   56.1   1.2    1.1  1  nat_18142d35413b7350d3c4  
    2.9e-16   56.1   1.9      3e-16   56.0   1.9    1.0  1  nat_d68abcca0d121eb6dd4f  
    2.9e-16   56.1   1.9      3e-16   56.0   1.9    1.1  1  nat_9246ded62fef238baf63  
    2.9e-16   56.1   1.5    3.1e-16   56.0   1.5    1.0  1  nat_278c7a3fd12af0319695  
    2.9e-16   56.1   1.5    3.1e-16   56.0   1.5    1.0  1  nat_83cf4bae954290aa781d  
    2.9e-16   56.1   2.0    3.1e-16   56.0   2.0    1.0  1  nat_1bae8aa5c69e1d4931dd  
    2.9e-16   56.1   0.8    2.9e-16   56.1   0.8    1.2  1  nat_c740155726ca8561a023  
    2.9e-16   56.0   2.1    3.1e-16   56.0   2.1    1.0  1  nat_41e20b6f7b2c95cf431a  
    3.1e-16   56.0   2.0    3.3e-16   55.9   2.0    1.1  1  nat_45ceddea54f47745a1ad  
    3.1e-16   55.9   1.3    3.4e-16   55.9   1.3    1.0  1  nat_819e640008ab1349cc70  
    3.2e-16   55.9   1.5    3.3e-16   55.9   1.5    1.1  1  nat_063ea39f372fcc47b854  
    3.3e-16   55.9   1.3    3.6e-16   55.8   1.3    1.1  1  nat_f7504e4129a4bef9f7f2  
    3.3e-16   55.9   0.9    3.3e-16   55.9   0.9    1.0  1  nat_42c893463fb64a324e03  
    3.3e-16   55.9   1.7    3.5e-16   55.8   1.7    1.1  1  nat_967e2f04e468a1a875d9  
    3.3e-16   55.9   1.6    3.5e-16   55.8   1.6    1.0  1  nat_96074fbc1c013ecec913  
    3.3e-16   55.9   0.8    3.3e-16   55.9   0.8    1.0  1  nat_6bbc846fc8bfac59f7c6  
    3.4e-16   55.8   1.8    3.5e-16   55.8   1.8    1.0  1  nat_47e46863c347a8f8468f  
    3.4e-16   55.8   1.7    3.7e-16   55.7   1.7    1.0  1  nat_50dda88e67458b1e7169  
    3.4e-16   55.8   1.2    3.7e-16   55.7   1.2    1.0  1  nat_ce84140595a3625becb8  
    3.4e-16   55.8   1.9    3.6e-16   55.8   1.9    1.0  1  nat_b06d430fdaaa1079895b  
    3.5e-16   55.8   1.2    3.7e-16   55.7   1.2    1.0  1  nat_c69f9a6b4253e4d6089f  
    3.5e-16   55.8   1.2    3.7e-16   55.7   1.2    1.0  1  nat_1f275ce5dd842aaaf9d2  
    3.5e-16   55.8   1.3    3.7e-16   55.7   1.3    1.0  1  nat_a43bb7e6a797bf21e3c8  
    3.5e-16   55.8   1.0    3.6e-16   55.8   1.0    1.0  1  nat_ec1d66f4985b18dd0226  
    3.5e-16   55.8   2.2    3.7e-16   55.7   2.2    1.1  1  nat_54de16dcd0555acdee27  
    3.7e-16   55.7   0.9    3.7e-16   55.7   0.9    1.2  1  nat_6d06213120173a755e9b  
    3.7e-16   55.7   1.9    3.9e-16   55.6   1.9    1.1  1  nat_97a7f6a002cd984f87b1  
    3.7e-16   55.7   1.3    4.3e-16   55.5   1.3    1.2  1  nat_2395590053bc57a3bac9  
    3.9e-16   55.7   1.2    4.5e-16   55.4   1.2    1.2  1  nat_867df19266611b1dd32b  
    3.9e-16   55.6   1.6    4.3e-16   55.5   1.6    1.0  1  nat_de6e45b17a1efe79f377  
      4e-16   55.6   1.2    4.1e-16   55.6   1.2    1.2  1  nat_426945d8cc00ec8955a1  
    4.1e-16   55.6   0.9    4.1e-16   55.6   0.9    1.2  1  nat_5de637450d4d853bfeda  
    4.1e-16   55.6   1.3    4.4e-16   55.5   1.3    1.0  1  nat_fa70cf643277a18d9353  
    4.2e-16   55.6   1.8    4.4e-16   55.5   1.8    1.0  1  nat_ed971bf96974483cf1a5  
    4.2e-16   55.6   1.8    4.4e-16   55.5   1.8    1.0  1  nat_044b97bbcc6fc75d19af  
    4.2e-16   55.5   1.1    4.2e-16   55.5   1.1    1.1  1  nat_98510cc23b6e65ce4afa  
    4.2e-16   55.5   1.8    4.5e-16   55.4   1.8    1.0  1  nat_81e16e28c5b6ae6c687e  
    4.2e-16   55.5   1.4    4.2e-16   55.5   1.4    1.1  1  nat_7e5a0ca10a01973b587c  
    4.3e-16   55.5   0.8    4.3e-16   55.5   0.8    1.1  1  nat_a67e165cabef467e0ac9  
    4.4e-16   55.5   2.0    4.6e-16   55.4   2.0    1.0  1  nat_b39131acb6e4086319d0  
    4.4e-16   55.5   1.1    4.5e-16   55.5   1.1    1.1  1  nat_b210eed1ce4ece76342b  
    4.4e-16   55.5   1.2    4.5e-16   55.5   1.2    1.1  1  nat_6d7cf2e541fa269a8a55  
    4.5e-16   55.4   1.2    4.8e-16   55.4   1.2    1.0  1  nat_66d41021d88e3bf58bdc  
    4.5e-16   55.4   0.9    4.5e-16   55.4   0.9    1.1  1  nat_b409898218d5081ec434  
    4.6e-16   55.4   1.9    4.8e-16   55.4   1.9    1.0  1  nat_d5a9f8a6d8ef07026219  
    4.6e-16   55.4   0.8    4.6e-16   55.4   0.8    1.1  1  nat_7017fbd8c94374540f0f  
    4.6e-16   55.4   1.3    4.6e-16   55.4   1.3    1.2  1  nat_72cdd34cb274da9e5e19  
    4.6e-16   55.4   2.2    4.8e-16   55.4   2.2    1.1  1  nat_26bed164289c66a8ab62  
    4.7e-16   55.4   1.9      5e-16   55.3   1.9    1.0  1  nat_9f00e82557108118047d  
    4.8e-16   55.4   0.6    4.8e-16   55.3   0.6    1.2  1  nat_5d20e8974d28b202ff3e  
    4.8e-16   55.4   2.0    4.9e-16   55.3   2.0    1.0  1  nat_ab2c1e3f0d8fb899b91a  
    4.9e-16   55.3   0.8    4.9e-16   55.3   0.8    1.1  1  nat_603ba2fccd34d2e3b142  
    4.9e-16   55.3   1.1    5.1e-16   55.3   1.1    1.1  1  nat_9e1803ec0ea9ee179a94  
      5e-16   55.3   1.7    5.2e-16   55.2   1.7    1.0  1  nat_41af882b944a1fc500db  
    5.1e-16   55.3   2.2    5.5e-16   55.2   2.2    1.1  1  nat_0d5c4d48b465e6ca9571  
    5.1e-16   55.3   0.7    5.2e-16   55.3   0.7    1.2  1  nat_2e924180e7ec30a66746  
    5.2e-16   55.2   1.6    5.3e-16   55.2   1.6    1.1  1  nat_7549e3c1301e8688c306  
    5.3e-16   55.2   1.8    5.6e-16   55.2   1.8    1.0  1  nat_0d33e01c516b8fa75a9b  
    5.3e-16   55.2   1.9    5.5e-16   55.2   1.9    1.0  1  nat_0cf4b83878ac8a432a8c  
    5.3e-16   55.2   2.1    6.2e-16   55.0   2.1    1.1  1  nat_e7917ca07f716dbc393f  
    5.3e-16   55.2   1.9    5.6e-16   55.1   1.9    1.0  1  nat_d9b32c93cd099c72a956  
    5.3e-16   55.2   1.0    5.3e-16   55.2   1.0    1.0  1  nat_dc38a4313453d819bde4  
    5.4e-16   55.2   1.2    5.6e-16   55.2   1.2    1.1  1  nat_d6412c6847666b43092f  
    5.4e-16   55.2   2.1    5.6e-16   55.1   2.1    1.1  1  nat_f2015767f86fd10eb826  
    5.4e-16   55.2   1.2    5.4e-16   55.2   1.2    1.1  1  nat_31320e152ba1b4cfe0c5  
    5.4e-16   55.2   1.2    5.4e-16   55.2   1.2    1.1  1  nat_91f552b9f84853c37285  
    5.4e-16   55.2   0.7    5.6e-16   55.2   0.7    1.2  1  nat_142752963930eab74d74  
    5.6e-16   55.1   1.2    5.9e-16   55.1   1.2    1.0  1  nat_1bf14199f279ca97cc94  
    5.8e-16   55.1   0.8    5.8e-16   55.1   0.8    1.2  1  nat_6eb7664db70304cf0f2b  
      6e-16   55.0   0.8      6e-16   55.0   0.8    1.2  1  nat_17718ba432b9ffbaf06b  
    6.1e-16   55.0   0.9    6.1e-16   55.0   0.9    1.2  1  nat_34e541178b7b0b894972  
    6.1e-16   55.0   0.8    6.2e-16   55.0   0.8    1.1  1  nat_1e4bdf662135756f269c  
    6.1e-16   55.0   2.2    7.2e-16   54.8   2.2    1.1  1  nat_b57946b3f69a165a3268  
    6.2e-16   55.0   1.9    6.6e-16   54.9   1.9    1.1  1  nat_e8c5de40001b59b84f30  
    6.3e-16   55.0   1.2    6.6e-16   54.9   1.2    1.0  1  nat_a99ea42aba6e85ef549b  
    6.5e-16   54.9   1.0    6.5e-16   54.9   1.0    1.0  1  nat_38939b26cbc5a274769e  
    6.5e-16   54.9   1.0    6.6e-16   54.9   1.0    1.0  1  nat_cb58ba6802b0f699eec6  
    6.8e-16   54.9   2.3    7.2e-16   54.8   2.3    1.1  1  nat_d426ca8e332bfceab95d  
    6.8e-16   54.9   2.2    7.4e-16   54.8   2.2    1.1  1  nat_dbc06e5fd5d989a1d1e4  
    6.9e-16   54.9   0.9    7.2e-16   54.8   0.9    1.1  1  nat_cd15fd2a214ac9570bfd  
    6.9e-16   54.8   1.8    7.1e-16   54.8   1.8    1.0  1  nat_d6f636dc4849c3ad6e3a  
    7.2e-16   54.8   3.0    8.4e-16   54.6   3.0    1.2  1  nat_487f5518a6cfaf0b0b75  
    7.3e-16   54.8   0.9    7.4e-16   54.8   0.9    1.1  1  nat_39abeace88875ff60285  
    7.3e-16   54.8   0.9    7.3e-16   54.8   0.9    1.2  1  nat_6753c4dad3e8314a4fcc  
    7.4e-16   54.8   1.8    7.9e-16   54.7   1.8    1.0  1  nat_0ba4bde6653115be1dd4  
    7.6e-16   54.7   1.1    7.8e-16   54.7   1.1    1.1  1  nat_b98ff0a704b47fc46c7b  
    7.6e-16   54.7   2.0    8.4e-16   54.6   2.0    1.1  1  nat_351862cb01754fd1ab98  
    7.6e-16   54.7   1.1    7.8e-16   54.7   1.1    1.0  1  nat_87980263fe69edba4368  
    7.6e-16   54.7   1.0    7.8e-16   54.7   1.0    1.0  1  nat_37dd3e43f991da44762e  
    7.7e-16   54.7   1.7      8e-16   54.6   1.7    1.1  1  nat_225f75b3aac6c99832fc  
    7.7e-16   54.7   1.6    7.9e-16   54.7   1.6    1.2  1  nat_40571a78567e238ce9c6  
    7.8e-16   54.7   2.2    9.2e-16   54.4   2.2    1.2  1  nat_c8057d4884d2825dccf9  
    7.8e-16   54.7   0.6    7.8e-16   54.7   0.6    1.1  1  nat_9fe918e0f2a37590ea6b  
    8.2e-16   54.6   1.7    8.7e-16   54.5   1.7    1.0  1  nat_2684144e3e1bc2f66f34  
    8.2e-16   54.6   1.1    8.6e-16   54.5   1.1    1.2  1  nat_40a2221d15252edb050f  
    8.3e-16   54.6   1.6    8.3e-16   54.6   1.6    1.1  1  nat_f31ef9ed0a87f1bcd7f1  
    8.5e-16   54.6   1.6    9.9e-16   54.3   1.6    1.1  1  nat_c5a5f8d3e0297c749df7  
    8.6e-16   54.5   0.6    8.6e-16   54.5   0.6    1.2  1  nat_9b2a86e0f5de235d8cf5  
    8.8e-16   54.5   1.8    9.6e-16   54.4   1.8    1.1  1  nat_4257786c6e5cbd18c379  
    8.8e-16   54.5   0.9    8.9e-16   54.5   0.9    1.1  1  nat_04c114f840f1c4058ea6  
    8.8e-16   54.5   0.6    9.1e-16   54.5   0.6    1.1  1  nat_6b64acdf3f40fdffd144  
    8.8e-16   54.5   1.6    9.4e-16   54.4   1.6    1.0  1  nat_33d41a075d0d8538e4c6  
      9e-16   54.5   3.5    9.2e-16   54.4   3.5    1.0  1  nat_6ff785214200f1ea9f36  
      9e-16   54.5   1.3    9.4e-16   54.4   1.3    1.1  1  nat_a4c92b6223fd059e2236  
      9e-16   54.5   1.1      9e-16   54.5   1.1    1.0  1  nat_2042b63e95655cdc9d68  
      9e-16   54.5   2.3      1e-15   54.3   2.3    1.1  1  nat_44075425e280f91869f7  
    9.1e-16   54.5   2.3    9.7e-16   54.4   2.3    1.0  1  nat_08ca607a70bf3998101a  
    9.1e-16   54.5   1.2    9.2e-16   54.4   1.2    1.1  1  nat_a742950a1415bf5dc582  
    9.1e-16   54.5   1.8    9.7e-16   54.4   1.8    1.1  1  nat_8f7aa09afb9d7c3cc2eb  
    9.1e-16   54.5   1.8    9.5e-16   54.4   1.8    1.0  1  nat_5d6c7bd3713afa1895ab  
    9.2e-16   54.4   1.6    9.4e-16   54.4   1.6    1.0  1  nat_51223251df1314e3c9ba  
    9.3e-16   54.4   1.9    9.9e-16   54.3   1.9    1.0  1  nat_2ae1a088ad5073788376  
    9.3e-16   54.4   1.9    9.8e-16   54.4   1.9    1.0  1  nat_b5cc1b368bdd05e5035f  
    9.4e-16   54.4   1.4      1e-15   54.3   1.4    1.0  1  nat_91bed3979bc3e4336571  
    9.5e-16   54.4   2.0      1e-15   54.3   2.0    1.0  1  nat_b145d41f03ca300fa852  
    9.6e-16   54.4   1.0    9.6e-16   54.4   1.0    1.1  1  nat_646d43372f49b1be4f56  
    9.7e-16   54.4   0.3    1.1e-15   54.1   0.3    1.1  1  nat_18d7e5ff3cc7fe9730aa  
    9.7e-16   54.4   1.0      1e-15   54.3   1.0    1.2  1  nat_68925098711d386795ce  
    9.8e-16   54.4   1.6      1e-15   54.3   1.6    1.0  1  nat_25fcb1b7b6c3c6f6f29d  
    9.9e-16   54.3   0.8      1e-15   54.3   0.8    1.2  1  nat_fe8e5bed782f7960b0ca  
      1e-15   54.3   0.8      1e-15   54.3   0.8    1.2  1  nat_a93e3ba867fc0e432d17  
      1e-15   54.3   2.3    1.2e-15   54.1   2.3    1.1  1  nat_1a9b7eb01e9bfef0db94  
      1e-15   54.3   2.5    1.1e-15   54.2   2.5    1.1  1  nat_9194534fce73964474e0  
      1e-15   54.3   2.6    1.2e-15   54.1   2.6    1.1  1  nat_a6d518bf56b5cafab96a  
      1e-15   54.3   1.1      1e-15   54.3   1.1    1.1  1  nat_b0df6d202bb0ca1472d2  
    1.1e-15   54.3   1.7    1.1e-15   54.2   1.7    1.0  1  nat_ffef1b1b441fdc15ea9c  
    1.1e-15   54.3   1.8    1.2e-15   54.1   1.8    1.1  1  nat_2ea4868f939df14228bd  
    1.1e-15   54.3   0.8    1.1e-15   54.2   0.8    1.1  1  nat_9d95fb5f11c9b20cbd54  
    1.1e-15   54.2   0.8    1.1e-15   54.1   0.8    1.1  1  nat_81c3c33e1052ca11c9fd  
    1.1e-15   54.2   0.9    1.1e-15   54.2   0.9    1.2  1  nat_6fe65d28a28456450f1d  
    1.1e-15   54.2   1.3    1.1e-15   54.2   1.3    1.2  1  nat_8d9ebc646f6fec623f00  
    1.1e-15   54.2   1.6    1.2e-15   54.1   1.6    1.0  1  nat_1c3f16a0fdc7b319cfc7  
    1.1e-15   54.2   1.0    1.2e-15   54.1   1.0    1.1  1  nat_f34d4928fe982f4cb0ec  
    1.1e-15   54.2   1.3    1.2e-15   54.1   1.3    1.0  1  nat_63f804d4a54dfefdba01  
    1.1e-15   54.2   1.2    1.2e-15   54.1   1.2    1.0  1  nat_56d5d14e5f958bb848ef  
    1.1e-15   54.2   1.2    1.2e-15   54.1   1.2    1.0  1  nat_0e91ce29d8018f1f6bc6  
    1.1e-15   54.2   2.6    1.3e-15   54.0   2.6    1.1  1  nat_245b236a00cae586f79f  
    1.2e-15   54.1   2.2    1.3e-15   53.9   2.2    1.1  1  nat_a182ae3bb53ca39deed1  
    1.2e-15   54.1   1.2    1.2e-15   54.0   1.2    1.1  1  nat_1a1b9a1e258a11254cb4  
    1.2e-15   54.1   2.3    1.3e-15   53.9   2.3    1.1  1  nat_9d50c7bb916513aad226  
    1.2e-15   54.1   1.5    1.2e-15   54.1   1.5    1.1  1  nat_3b221cf38db8c67047e0  
    1.2e-15   54.1   1.2    1.2e-15   54.1   1.2    1.1  1  nat_ec71caa9aa98b279110d  
    1.2e-15   54.1   1.1    1.2e-15   54.0   1.1    1.0  1  nat_c4bd9707d576667fbfb8  
    1.2e-15   54.0   2.3    1.3e-15   54.0   2.3    1.0  1  nat_f73e9b648178e6df8c6a  
    1.2e-15   54.0   0.9    1.3e-15   54.0   0.9    1.1  1  nat_63042e294eae0d141b5c  
    1.2e-15   54.0   1.4    1.4e-15   53.9   1.4    1.1  1  nat_07561c65a5d37a8aa878  
    1.2e-15   54.0   0.9    1.3e-15   53.9   0.9    1.2  1  nat_6f2cfd5f0d50c7aee582  
    1.3e-15   54.0   2.5    1.4e-15   53.9   2.5    1.1  1  nat_0bead889339fd4f049d1  
    1.3e-15   54.0   1.1    1.4e-15   53.9   1.1    1.1  1  nat_1ae061b1db7a06cf0b36  
    1.3e-15   53.9   1.2    1.3e-15   53.9   1.2    1.0  1  nat_e6550f96a73166345a2a  
    1.4e-15   53.9   2.1    1.6e-15   53.7   2.1    1.1  1  nat_e1d36a7c3cd6d18fbd5a  
    1.4e-15   53.9   1.1    1.4e-15   53.9   1.1    1.1  1  nat_61426f7141080b783b8b  
    1.4e-15   53.9   1.2    1.4e-15   53.9   1.2    1.1  1  nat_668321baf55f7bfbdc1b  
    1.4e-15   53.9   2.0    1.6e-15   53.7   2.0    1.1  1  nat_af18bcf2e4b0e65e7263  
    1.4e-15   53.9   1.5    1.4e-15   53.9   1.5    1.1  1  nat_6d22046d840b353d0c87  
    1.4e-15   53.9   1.2    1.4e-15   53.8   1.2    1.0  1  nat_fdd60eac4981a8e64371  
    1.4e-15   53.8   1.7    1.5e-15   53.7   1.7    1.0  1  nat_ac6b927c7781d88d4813  
    1.4e-15   53.8   4.2    1.6e-15   53.7   4.1    1.3  1  nat_0c171934ecf7b20bfbc9  
    1.4e-15   53.8   2.2    1.7e-15   53.6   2.2    1.1  1  nat_0971f3debca181ebc092  
    1.4e-15   53.8   2.1    1.5e-15   53.7   2.1    1.1  1  nat_8cc5c88d15faa4d4098f  
    1.4e-15   53.8   1.6    1.4e-15   53.8   1.6    1.1  1  nat_741da9de60585bc38db1  
    1.4e-15   53.8   1.0    1.4e-15   53.8   1.0    1.0  1  nat_5baeb577d8a796551d83  
    1.4e-15   53.8   2.1    1.5e-15   53.7   2.1    1.0  1  nat_4494d3357cccfc2291ad  
    1.4e-15   53.8   1.8    1.5e-15   53.7   1.8    1.0  1  nat_c6694fda37ff51b3f382  
    1.4e-15   53.8   2.2    1.7e-15   53.6   2.2    1.1  1  nat_875f973318346cb3195c  
    1.4e-15   53.8   0.9    1.5e-15   53.8   0.9    1.0  1  nat_0a83dfbba1b7aa435131  
    1.4e-15   53.8   2.2    1.7e-15   53.6   2.2    1.1  1  nat_71c9469d11a4b15b6ca5  
    1.5e-15   53.8   0.8    1.5e-15   53.8   0.8    1.1  1  nat_58552353178d8fa2f36f  
    1.5e-15   53.8   1.8    1.5e-15   53.7   1.8    1.0  1  nat_ae37005a67bc5cb2b176  
    1.5e-15   53.8   0.9    1.5e-15   53.8   0.9    1.1  1  nat_f1aad1947e3e40ba9653  
    1.5e-15   53.8   0.8    1.5e-15   53.7   0.8    1.1  1  nat_f454f2a56d9c1f348b1d  
    1.5e-15   53.8   0.9    1.5e-15   53.8   0.9    1.1  1  nat_58de098a6c8aae0513de  
    1.5e-15   53.8   1.3    1.6e-15   53.7   1.3    1.2  1  nat_bf1dfb6914e902f34199  
    1.5e-15   53.8   1.6    1.5e-15   53.7   1.6    1.1  1  nat_8d61c399409b4395f3c5  
    1.5e-15   53.8   0.9    1.5e-15   53.8   0.9    1.1  1  nat_5cb381db9359101cf272  
    1.5e-15   53.7   1.7    1.6e-15   53.7   1.7    1.1  1  nat_2b6afdfba96a597935ac  
    1.5e-15   53.7   1.2    1.6e-15   53.6   1.2    1.0  1  nat_743c7630acb96591de70  
    1.5e-15   53.7   0.3    1.8e-15   53.5   0.3    1.0  1  nat_e0c3a1bd76d4c37afc8c  
    1.6e-15   53.7   2.2    1.7e-15   53.6   2.2    1.1  1  nat_8a82e12411d5884ab1cc  
    1.6e-15   53.7   0.9    1.8e-15   53.5   0.9    1.0  1  nat_2bfd989de859f7b78cc5  
    1.6e-15   53.7   1.7    1.7e-15   53.6   1.7    1.0  1  nat_0c568d3a5b09c7ed2240  
    1.6e-15   53.7   0.9    1.7e-15   53.6   0.9    1.0  1  nat_2f457cd3e21794d77204  
    1.6e-15   53.6   2.2    1.8e-15   53.5   2.2    1.1  1  nat_feed1d4c7965994c10d5  
    1.6e-15   53.6   2.0    1.8e-15   53.5   2.0    1.1  1  nat_19cd7b61a586d4e4fed8  
    1.7e-15   53.6   0.9    1.7e-15   53.6   0.9    1.1  1  nat_46ac4cba4b1b67d73932  
    1.7e-15   53.6   0.9    1.7e-15   53.6   0.9    1.1  1  nat_c277f769aaa81aaf7242  
    1.7e-15   53.6   1.5    1.7e-15   53.6   1.5    1.1  1  nat_1221e51a70c9226dfb5b  
    1.7e-15   53.6   1.7    1.8e-15   53.5   1.7    1.0  1  nat_908def535fa98fa36b50  
    1.7e-15   53.6   1.8    1.8e-15   53.5   1.8    1.0  1  nat_e2b9c94c60da4c449a4d  
    1.7e-15   53.6   2.3    1.8e-15   53.5   2.3    1.1  1  nat_be9809bb1f91644c1e43  
    1.8e-15   53.5   1.7    1.9e-15   53.5   1.7    1.0  1  nat_9683dd0b519eaf04d743  
    1.8e-15   53.5   1.8    1.8e-15   53.5   1.8    1.0  1  nat_d4359a01f2d63626acd8  
    1.8e-15   53.5   1.9    1.9e-15   53.4   1.9    1.1  1  nat_c4f90ad7ed7605569245  
    1.8e-15   53.5   1.7    1.9e-15   53.5   1.7    1.0  1  nat_8ff951966677ada5d69f  
    1.8e-15   53.5   1.7    1.9e-15   53.4   1.7    1.0  1  nat_af304bea340b7ec20d1e  
    1.8e-15   53.5   1.8    1.8e-15   53.5   1.8    1.0  1  nat_6f827542d262f6a8575a  
    1.8e-15   53.5   1.8    1.8e-15   53.5   1.8    1.0  1  nat_7192aa1b5c4b0d0cb215  
    1.8e-15   53.5   0.9    1.9e-15   53.4   0.9    1.0  1  nat_1cabf52c370a690f1b57  
    1.8e-15   53.5   1.8    1.9e-15   53.4   1.8    1.0  1  nat_ad033982fcb9c7e260ad  
    1.8e-15   53.5   1.2    1.8e-15   53.5   1.2    1.1  1  nat_0e646809d1e3d9dcc68e  
    1.8e-15   53.5   1.7    1.9e-15   53.4   1.7    1.0  1  nat_ec09e260540587684c1e  
    1.8e-15   53.5   2.4      2e-15   53.4   2.4    1.1  1  nat_d692e59ba181a3631d4d  
    1.9e-15   53.5   0.4    2.2e-15   53.2   0.4    1.0  1  nat_efd48c99cdb0d08b6f9e  
    1.9e-15   53.4   2.5    2.2e-15   53.2   2.5    1.4  1  nat_62bc5089576517d5fad1  
    1.9e-15   53.4   0.4    1.9e-15   53.4   0.4    1.2  1  nat_b57aea053dff80c6482c  
    1.9e-15   53.4   2.0    2.2e-15   53.2   2.0    1.1  1  nat_9587ffd39bd2d85bd5ef  
    1.9e-15   53.4   1.0    1.9e-15   53.4   1.0    1.2  1  nat_cd47d1496d29850f6644  
    1.9e-15   53.4   1.3      2e-15   53.4   1.3    1.0  1  nat_e9d0d8807aee29d8e61c  
    1.9e-15   53.4   2.0      2e-15   53.4   2.0    1.1  1  nat_354eeee0be3f0383107b  
      2e-15   53.4   0.9      2e-15   53.4   0.9    1.1  1  nat_a97455c28a62de8f61f4  
      2e-15   53.4   2.2    2.1e-15   53.3   2.2    1.0  1  nat_8b0ebfde7cff54503a90  
      2e-15   53.4   1.8    2.3e-15   53.2   1.8    1.1  1  nat_5e8f0a8871d86e6b22f4  
      2e-15   53.3   0.8      2e-15   53.3   0.8    1.2  1  nat_0b3996e134f02f495b8f  
      2e-15   53.3   2.1    2.2e-15   53.3   2.1    1.1  1  nat_fcb1203cd7b1290f06c7  
      2e-15   53.3   2.0    2.4e-15   53.1   2.0    1.1  1  nat_bd790502a785bc49c92c  
      2e-15   53.3   1.7    2.2e-15   53.2   1.7    1.2  1  nat_bc4042a7c10b7bd447bc  
    2.1e-15   53.3   2.1    2.3e-15   53.1   2.1    1.1  1  nat_52878bc67dc3956b9eaa  
    2.1e-15   53.3   0.9    2.3e-15   53.2   0.9    1.1  1  nat_291571f679284e1c6455  
    2.1e-15   53.3   2.7    2.5e-15   53.0   2.7    1.4  1  nat_b9de124a92fba0281b06  
    2.1e-15   53.3   1.6    2.1e-15   53.3   1.6    1.1  1  nat_45c7c948c17d40fffc2f  
    2.1e-15   53.3   2.0    2.3e-15   53.2   2.0    1.1  1  nat_2549c61eaa1c68f79257  
    2.1e-15   53.3   2.0    2.4e-15   53.1   2.0    1.1  1  nat_969159e68bc0479327cf  
    2.1e-15   53.3   1.2    2.2e-15   53.2   1.2    1.2  1  nat_c878ed98f912803b2650  
    2.1e-15   53.3   1.8    2.3e-15   53.1   1.8    1.1  1  nat_ab18ddbecb739bae7c0a  
    2.1e-15   53.3   1.8    2.3e-15   53.1   1.8    1.1  1  nat_626bf126ff6a42e860e1  
    2.2e-15   53.2   0.9    2.2e-15   53.2   0.9    1.1  1  nat_f2eb1efff0bc22bf511d  
    2.2e-15   53.2   2.4    2.8e-15   52.9   2.4    1.3  1  nat_c468502803b4ab5981f1  
    2.2e-15   53.2   1.8    2.3e-15   53.1   1.8    1.1  1  nat_033157a4d26d86912677  
    2.2e-15   53.2   1.8    2.3e-15   53.1   1.8    1.1  1  nat_a4cf355a2019efa6dd79  
    2.2e-15   53.2   1.9    2.4e-15   53.1   1.9    1.1  1  nat_d5b00906bcc6e7ee2601  
    2.2e-15   53.2   1.9    2.4e-15   53.1   1.9    1.1  1  nat_41c81011f9e8389dd829  
    2.2e-15   53.2   2.2    2.4e-15   53.1   2.2    1.1  1  nat_01217a4061546de4f423  
    2.3e-15   53.2   1.2    2.3e-15   53.2   1.2    1.2  1  nat_f3a6931071d746ea3e3e  
    2.3e-15   53.1   2.0    2.5e-15   53.0   2.0    1.1  1  nat_271291dc0f72accfac60  
    2.3e-15   53.1   2.1    2.8e-15   52.9   2.1    1.1  1  nat_5db4631b2c67ffc9f980  
    2.3e-15   53.1   2.0    2.5e-15   53.0   2.0    1.1  1  nat_88ee73fdf0fc427edc71  
    2.4e-15   53.1   3.7    2.6e-15   53.0   3.7    1.2  1  nat_25e574f58ba93dcb64e2  
    2.4e-15   53.1   2.0    2.7e-15   52.9   2.0    1.1  1  nat_ba64cf7825cd36a3f8b7  
    2.4e-15   53.1   1.1    2.4e-15   53.1   1.1    1.1  1  nat_9ea506ab1bb26a2a159a  
    2.4e-15   53.1   1.1    2.4e-15   53.1   1.1    1.1  1  nat_628577dc37636bc0384e  
    2.4e-15   53.1   1.1    2.4e-15   53.1   1.1    1.2  1  nat_8a3f5134cee921bb3c9c  
    2.4e-15   53.1   2.0    2.6e-15   53.0   2.0    1.1  1  nat_d1371fd7814fe8dbe69e  
    2.4e-15   53.1   2.0    2.6e-15   53.0   2.0    1.1  1  nat_cace8f7ec0f10f4823d0  
    2.5e-15   53.1   2.4    2.7e-15   52.9   2.4    1.1  1  nat_c253b9ec4d9a0828c2c9  
    2.5e-15   53.1   1.7    2.5e-15   53.0   1.7    1.1  1  nat_01fb42ca3aea3da0dbe5  
    2.5e-15   53.1   2.3    2.7e-15   52.9   2.3    1.1  1  nat_8a83398f0d99493d45ad  
    2.5e-15   53.0   2.1      3e-15   52.8   2.1    1.1  1  nat_0844cfaee9f234d540b5  
    2.5e-15   53.0   2.2    2.7e-15   52.9   2.2    1.1  1  nat_3ce8f60b99b21237414a  
    2.5e-15   53.0   2.1      3e-15   52.8   2.1    1.2  1  nat_43f6e7e097fbcc058a96  
    2.6e-15   53.0   2.0    2.8e-15   52.9   2.0    1.1  1  nat_1b1d36a4acc8ad9c6342  
    2.6e-15   53.0   0.9    2.6e-15   53.0   0.9    1.1  1  nat_243a30af717d5651d5fa  
    2.6e-15   53.0   1.9    3.1e-15   52.7   1.9    1.2  1  nat_53bb9ec21df57edd61e9  
    2.6e-15   53.0   2.5    3.7e-15   52.5   2.4    1.4  1  nat_acb38079c01f07d0de6f  
    2.6e-15   53.0   1.2    2.7e-15   53.0   1.2    1.1  1  nat_4ce0c5155ea4669922bc  
    2.7e-15   52.9   1.6    2.9e-15   52.9   1.6    1.0  1  nat_1833721e1724827de2bb  
    2.7e-15   52.9   1.2    2.7e-15   52.9   1.2    1.1  1  nat_172247f25d7a88e5c254  
    2.7e-15   52.9   1.2    2.7e-15   52.9   1.2    1.0  1  nat_c95ec1b2f7e46d479f0b  
    2.7e-15   52.9   2.1    3.1e-15   52.7   2.1    1.2  1  nat_6fee2e0959e28f7ad2d6  
    2.7e-15   52.9   0.7    2.7e-15   52.9   0.7    1.1  1  nat_00eda75e8d86c0000a3e  
    2.7e-15   52.9   0.2      3e-15   52.8   0.2    1.1  1  nat_5a279e932ed0a8a3b9fa  
    2.7e-15   52.9   1.2    2.8e-15   52.9   1.2    1.1  1  nat_c306fc2a612dcf796388  
    2.8e-15   52.9   1.2    2.8e-15   52.9   1.2    1.1  1  nat_ddd28b4f0183c6c3a6e1  
    2.8e-15   52.9   1.5    2.9e-15   52.8   1.5    1.1  1  nat_f977e0ce7c4a878af278  
    2.8e-15   52.9   2.2      3e-15   52.8   2.2    1.0  1  nat_c96b24fc03ee6b66c3d6  
    2.8e-15   52.9   2.3    3.1e-15   52.8   2.3    1.0  1  nat_c8ff85651c16b5c02641  
    2.9e-15   52.9   2.5    3.7e-15   52.5   2.5    1.4  1  nat_9ba949b2aab9e2be6898  
    2.9e-15   52.8   2.7    3.4e-15   52.6   2.6    1.3  1  nat_d4ba65189ba86a477cc5  
    2.9e-15   52.8   2.9    3.4e-15   52.6   2.9    1.4  1  nat_a36a3359d46f89a3e9c6  
    2.9e-15   52.8   2.7    4.3e-15   52.3   2.7    1.4  1  nat_a9c10692b45d32f772b4  
    2.9e-15   52.8   2.7    4.2e-15   52.3   2.7    1.4  1  nat_9ca97034ea4d97950343  
      3e-15   52.8   1.0      3e-15   52.8   1.0    1.0  1  nat_f063d1210a55bcc917a5  
      3e-15   52.8   2.8    4.4e-15   52.3   2.8    1.4  1  nat_c0d8f1302fa41452efbc  
      3e-15   52.8   2.7    4.2e-15   52.3   2.7    1.4  1  nat_3e6bf91c590be6684eed  
    3.1e-15   52.7   1.3    3.3e-15   52.7   1.3    1.1  1  nat_e63cda87ab2705e419ab  
    3.1e-15   52.7   2.5    4.1e-15   52.4   2.5    1.3  1  nat_1f956fdbc151f2ec0ffb  
    3.1e-15   52.7   2.7    3.9e-15   52.4   2.7    1.4  1  nat_00058845722df3ede422  
    3.1e-15   52.7   2.6    3.9e-15   52.4   2.6    1.3  1  nat_d80e058d93177215aa4b  
    3.2e-15   52.7   2.8    4.3e-15   52.3   2.6    1.3  1  nat_168a7720be25950ce7a5  
    3.2e-15   52.7   0.6    3.4e-15   52.6   0.6    1.1  1  nat_c9bd062078459f510060  
    3.3e-15   52.7   1.9    3.4e-15   52.6   1.9    1.0  1  nat_f6ebacfa83a4d005159e  
    3.3e-15   52.7   2.7    4.4e-15   52.3   2.7    1.3  1  nat_8189ed3c9ac18707f549  
    3.3e-15   52.7   1.8    3.4e-15   52.6   1.8    1.0  1  nat_6f227f789b114508ea99  
    3.3e-15   52.7   2.7    4.7e-15   52.1   2.7    1.4  1  nat_0101bc590c89813c161a  
    3.3e-15   52.7   1.5    3.4e-15   52.6   1.5    1.1  1  nat_ab1b4f2c562433c40902  
    3.3e-15   52.6   3.1    5.1e-15   52.0   3.0    1.4  1  nat_92d7d81f95603487cd9c  
    3.3e-15   52.6   2.3    3.7e-15   52.5   2.3    1.1  1  nat_9d924853eeaeacd8d676  
    3.3e-15   52.6   4.1    3.5e-15   52.6   4.1    1.2  1  nat_6e2299007a2edd2a61ea  
    3.4e-15   52.6   2.8    5.1e-15   52.0   2.8    1.4  1  nat_8f3e753527c876cd94f0  
    3.4e-15   52.6   3.0    4.6e-15   52.2   3.0    1.4  1  nat_1f7ab0dfc808b4ef03c3  
    3.4e-15   52.6   2.0    3.6e-15   52.6   2.0    1.0  1  nat_7c8675813e4623763282  
    3.4e-15   52.6   2.9    4.5e-15   52.2   2.9    1.4  1  nat_05d62502987d9405b8af  
    3.4e-15   52.6   3.1    4.1e-15   52.3   3.1    1.4  1  nat_87d470267a8c16ab7df9  
    3.5e-15   52.6   0.9      4e-15   52.4   0.9    1.2  1  nat_9c6b2526a0bb2c4a36c1  
    3.5e-15   52.6   3.1      5e-15   52.1   3.1    1.4  1  nat_bda4e304d446361a159c  
    3.5e-15   52.6   1.7    3.5e-15   52.6   1.7    1.1  1  nat_edb3955be5268406dd34  
    3.5e-15   52.6   2.9    3.7e-15   52.5   2.0    1.4  1  nat_bf5abb4d953e0d6aaa1f  
    3.5e-15   52.6   1.6    3.7e-15   52.5   1.6    1.0  1  nat_f82305b37f1af32ad1a0  
    3.5e-15   52.6   2.8    4.6e-15   52.2   2.8    1.3  1  nat_edcfcd19baadeee00eaf  
    3.5e-15   52.6   1.6    3.7e-15   52.5   1.6    1.0  1  nat_44be345e568ee6f5e906  
    3.5e-15   52.6   3.4    4.7e-15   52.2   3.4    1.4  1  nat_4cea385a8794a0b112c3  
    3.6e-15   52.5   1.7    3.7e-15   52.5   1.7    1.0  1  nat_0dcb405a364eae4db9c2  
    3.6e-15   52.5   1.9    4.1e-15   52.4   1.9    1.3  1  nat_d07d112598796fe30d76  
    3.6e-15   52.5   1.5    3.6e-15   52.5   1.5    1.0  1  nat_e9136a895903c3d0b4ef  
    3.6e-15   52.5   3.0      5e-15   52.1   2.9    1.4  1  nat_215f48254c804f1f2876  
    3.7e-15   52.5   2.0      4e-15   52.4   2.0    1.0  1  nat_b62ae18b3dfeec027170  
    3.8e-15   52.5   2.1    3.9e-15   52.4   2.1    1.2  1  nat_2db5ea05deb082340e79  
    3.9e-15   52.4   2.3    5.3e-15   52.0   2.3    1.4  1  nat_67dd37821af98e87666e  
    3.9e-15   52.4   3.0    5.1e-15   52.0   3.0    1.4  1  nat_4482775e0979509e45d2  
    3.9e-15   52.4   1.0    4.2e-15   52.3   1.0    1.1  1  nat_5bc7120641a4b206dec6  
    3.9e-15   52.4   0.9    3.9e-15   52.4   0.9    1.2  1  nat_375409e47c121ca81b85  
    3.9e-15   52.4   1.5    4.3e-15   52.3   1.5    1.0  1  nat_7d765791e125072d99a7  
      4e-15   52.4   1.8    5.3e-15   52.0   1.7    1.2  1  nat_461115b7000bfd74f566  
      4e-15   52.4   1.2      4e-15   52.4   1.2    1.1  1  nat_5fb53d83d56d48c68c10  
    4.1e-15   52.4   1.2    4.3e-15   52.3   1.2    1.1  1  nat_499d1d5d62f7019687f3  
    4.1e-15   52.3   4.0    6.6e-15   51.7   4.0    1.5  1  nat_d6e9dabc7155ae370ddb  
    4.2e-15   52.3   2.9      6e-15   51.8   2.8    1.4  1  nat_c8490949e18e771ed8c8  
    4.2e-15   52.3   1.1    4.5e-15   52.2   1.1    1.0  1  nat_ac3fec2dc9e749e499b3  
    4.2e-15   52.3   5.0    5.6e-15   51.9   5.0    1.4  1  nat_ff9c5d10b21ed7b06913  
    4.3e-15   52.3   1.6    4.8e-15   52.1   1.6    1.1  1  nat_7e786e62d646d83c83d5  
    4.3e-15   52.3   2.4    5.3e-15   52.0   2.2    1.4  1  nat_4d722634e257d2a7d133  
    4.3e-15   52.3   1.5    4.6e-15   52.2   1.5    1.0  1  nat_bf89f43284d2a11b9302  
    4.5e-15   52.2   1.6    5.3e-15   52.0   1.6    1.1  1  nat_51d4aa4718d4ddd20574  
    4.5e-15   52.2   3.3    6.4e-15   51.7   3.3    1.4  1  nat_64863b5b8a6b08db9fd7  
    4.5e-15   52.2   1.6    5.3e-15   52.0   1.6    1.1  1  nat_edef782f11b8c7eacb34  
    4.5e-15   52.2   1.2    4.6e-15   52.2   1.2    1.1  1  nat_ca9d4013ee99a3222d42  
    4.6e-15   52.2   1.7    4.9e-15   52.1   1.7    1.0  1  nat_6d995d9db67c9b27bce8  
    4.6e-15   52.2   1.2      5e-15   52.1   1.2    1.0  1  nat_6eb103ed851a261f0454  
    4.6e-15   52.2   1.7    4.6e-15   52.2   1.7    1.0  1  nat_ccf96d6a6ed62483f79a  
    4.6e-15   52.2   1.7    5.3e-15   52.0   1.7    1.1  1  nat_b5963311e20bf490cf4c  
    4.6e-15   52.2   1.7    5.3e-15   52.0   1.7    1.1  1  nat_57d68f25d5ecc3851016  
    4.7e-15   52.1   1.5    5.5e-15   51.9   1.5    1.1  1  nat_4fb6b9391abe691f2baa  
    4.8e-15   52.1   0.8    6.5e-15   51.7   0.8    1.2  1  nat_c17881a40bc443471c80  
    4.8e-15   52.1   3.1    6.3e-15   51.8   3.1    1.4  1  nat_842bc418f0682cd2a9c8  
    4.8e-15   52.1   3.1    6.3e-15   51.8   3.1    1.4  1  nat_a7791ad55c70e7fd3462  
    4.8e-15   52.1   0.5    4.9e-15   52.1   0.5    1.1  1  nat_74d379b17330f4a662e7  
    4.8e-15   52.1   1.3      5e-15   52.1   1.3    1.2  1  nat_0a3c08d96e059eeafea8  
    4.9e-15   52.1   1.9    5.3e-15   52.0   1.9    1.1  1  nat_8991e9e4bd357d9288ea  
    4.9e-15   52.1   2.1    5.2e-15   52.0   2.1    1.0  1  nat_86ba936b09d3d4c2dbfa  
    4.9e-15   52.1   3.3    6.4e-15   51.7   3.3    1.4  1  nat_7ee1d64f80049d71603c  
    4.9e-15   52.1   1.9    5.3e-15   52.0   1.9    1.1  1  nat_62aec584cfcef3208e2b  
    4.9e-15   52.1   2.4    6.2e-15   51.8   2.4    1.3  1  nat_73e0b5aa88a198c56cae  
      5e-15   52.1   2.6    5.4e-15   52.0   2.6    1.0  1  nat_5883761e33f67abd193e  
      5e-15   52.1   1.9    5.3e-15   52.0   1.9    1.1  1  nat_70501e44d62eb76e66dd  
      5e-15   52.1   2.9    5.2e-15   52.0   1.7    1.4  1  nat_0145b7d0415b25474bf7  
      5e-15   52.1   3.7    7.6e-15   51.5   3.7    1.5  1  nat_d92cb9dcfcf48b731b50  
    5.1e-15   52.1   2.8      8e-15   51.4   2.8    1.5  1  nat_05a00477d12701f3890c  
    5.1e-15   52.0   3.1    7.3e-15   51.5   3.1    1.4  1  nat_f49fe3672d6fdfda7cc7  
    5.1e-15   52.0   2.9    6.4e-15   51.7   2.9    1.4  1  nat_64b87c36790fe3acd4ba  
    5.1e-15   52.0   1.1    5.2e-15   52.0   1.1    1.0  1  nat_f8623581c79728f8eb53  
    5.2e-15   52.0   1.6    5.5e-15   51.9   1.6    1.0  1  nat_d71bd42b79fe4d801a01  
    5.2e-15   52.0   1.0    5.7e-15   51.9   1.0    1.1  1  nat_a168f392bb4965ee81a4  
    5.2e-15   52.0   2.2    5.5e-15   51.9   2.2    1.0  1  nat_fd56bd8ca14d2ea7647f  
    5.3e-15   52.0   0.9    5.9e-15   51.8   0.9    1.0  1  nat_d4535c05655d38b67932  
    5.3e-15   52.0   2.1    5.8e-15   51.9   2.1    1.1  1  nat_f39b437ab8564f78da8d  
    5.4e-15   52.0   3.0    6.9e-15   51.6   3.0    1.4  1  nat_d1b057f953bd558c0457  
    5.4e-15   52.0   0.9    5.9e-15   51.8   0.9    1.0  1  nat_dd1c249d0891ddb7284f  
    5.5e-15   51.9   4.0    8.9e-15   51.3   4.0    1.5  1  nat_bf00fc1bb4a6bea076a5  
    5.5e-15   51.9   4.1      9e-15   51.2   4.1    1.5  1  nat_82e4660fb87f57daff30  
    5.5e-15   51.9   3.6    8.3e-15   51.4   3.6    1.4  1  nat_ccd25408209dd226eaf9  
    5.5e-15   51.9   1.1    6.1e-15   51.8   1.1    1.1  1  nat_633e02862eb6da44de6e  
    5.5e-15   51.9   1.7    5.9e-15   51.8   1.7    1.0  1  nat_69d5fc3c411ad66493e6  
    5.6e-15   51.9   0.6    6.6e-15   51.7   0.6    1.0  1  nat_119785f1c0655d1d50b6  
    5.6e-15   51.9   4.4    8.8e-15   51.3   4.4    1.5  1  nat_4e9e86277af05dbd050d  
    5.6e-15   51.9   2.1    6.5e-15   51.7   2.1    1.1  1  nat_16f4d6984b9b4853b848  
    5.7e-15   51.9   1.7    5.9e-15   51.8   1.7    1.0  1  nat_0d7970548e5a353c52b0  
    5.8e-15   51.9   1.8      6e-15   51.8   1.8    1.0  1  nat_622c716866d2133b80f2  
    5.8e-15   51.9   1.2    6.1e-15   51.8   1.2    1.0  1  nat_9ec7201d98ae2ffcf074  
    5.9e-15   51.8   4.0    8.8e-15   51.3   4.0    1.5  1  nat_4f76b230eb60279eb5dd  
      6e-15   51.8   4.7    8.2e-15   51.4   4.7    1.3  1  nat_70ad50650b15b30241b4  
      6e-15   51.8   3.0    6.5e-15   51.7   3.0    1.0  1  nat_3426f2b4953d2172f209  
    6.1e-15   51.8   3.1    7.8e-15   51.4   3.1    1.4  1  nat_943ce15fb7773fa3a769  
    6.1e-15   51.8   1.6    6.4e-15   51.7   1.6    1.0  1  nat_2708b2500f3eefced6c0  
    6.1e-15   51.8   4.1    9.2e-15   51.2   4.1    1.5  1  nat_d4bbfd09a62903f1dd61  
    6.1e-15   51.8   2.1    6.9e-15   51.6   2.1    1.1  1  nat_b454aacc4a69df8c17a0  
    6.1e-15   51.8   1.0    6.3e-15   51.7   1.0    1.1  1  nat_b14fdba1c12c78ac4485  
    6.2e-15   51.8   3.7    8.2e-15   51.4   3.7    1.4  1  nat_4b58b860e36e01bdb682  
    6.2e-15   51.8   3.9      9e-15   51.2   3.9    1.5  1  nat_7d45d6cf3df5d3d36985  
    6.2e-15   51.8   2.1    6.7e-15   51.7   2.1    1.1  1  nat_e092f1bde34194b8d969  
    6.2e-15   51.8   3.4    8.9e-15   51.3   3.4    1.4  1  nat_86af2bea85657bdc848a  
    6.3e-15   51.7   1.7    6.9e-15   51.6   1.7    1.0  1  nat_6b39f5a7fb6bca78b4de  
    6.4e-15   51.7   3.1    8.3e-15   51.4   3.1    1.4  1  nat_94cdaea6b1db7bfe983f  
    6.4e-15   51.7   3.2      8e-15   51.4   3.2    1.4  1  nat_3beea3bf721df3e90ae2  
    6.6e-15   51.7   0.8    6.7e-15   51.7   0.8    1.2  1  nat_9dc637e90a7070ed00fe  
    6.6e-15   51.7   2.1    6.9e-15   51.6   2.1    1.0  1  nat_12dabeef25e15f66b8b5  
    6.7e-15   51.7   0.8    6.7e-15   51.7   0.8    1.1  1  nat_2ffb0e155508e140dfbe  
    6.7e-15   51.7   4.7    8.8e-15   51.3   4.7    1.3  1  nat_7a296141a2788c2145e9  
    6.8e-15   51.6   3.6    9.1e-15   51.2   3.6    1.4  1  nat_144165ea4d3ea8a64b2e  
    6.8e-15   51.6   0.6    6.9e-15   51.6   0.6    1.1  1  nat_27cfc6c7874687adce98  
    6.9e-15   51.6   3.5    8.8e-15   51.3   3.5    1.4  1  nat_b14dbbd56a14a6238029  
    6.9e-15   51.6   1.7      8e-15   51.4   1.7    1.1  1  nat_0426b81b0cae1e176d21  
    6.9e-15   51.6   2.2    8.8e-15   51.3   2.2    1.4  1  nat_4d4e00d31d935ed0527d  
      7e-15   51.6   3.8      1e-14   51.1   3.8    1.4  1  nat_6b2c0d4d7468a9bb7cde  
      7e-15   51.6   0.6    7.1e-15   51.6   0.6    1.1  1  nat_2c228d21f1ff5bf415c0  
      7e-15   51.6   1.1    7.5e-15   51.5   1.1    1.0  1  nat_55e5b08f11099324ee5a  
      7e-15   51.6   2.0    8.4e-15   51.4   2.0    1.1  1  nat_a46817057b2430d35a66  
    7.1e-15   51.6   3.5    1.1e-14   51.0   3.5    1.4  1  nat_dc6aa26cbe06c32b68c2  
    7.3e-15   51.5   1.0    7.4e-15   51.5   1.0    1.1  1  nat_019e4d041634e825f3b4  
    7.3e-15   51.5   2.7    9.3e-15   51.2   2.7    1.3  1  nat_3d7fc725cd17cf23a73c  
    7.4e-15   51.5   1.0    7.5e-15   51.5   1.0    1.1  1  nat_df27c6cb10b51229e5ef  
    7.5e-15   51.5   3.2      1e-14   51.1   3.2    1.4  1  nat_fca422d4ddd5dcd65605  
    7.5e-15   51.5   2.8    9.6e-15   51.2   2.8    1.4  1  nat_0ae199fc6d044a2da135  
    7.5e-15   51.5   1.0    7.6e-15   51.5   1.0    1.2  1  nat_ce3165ca201b0c8e2c6c  
    7.6e-15   51.5   1.3    8.1e-15   51.4   1.3    1.0  1  nat_9b4ea9dc72fc9d6476a6  
    7.6e-15   51.5   1.1    7.9e-15   51.4   1.1    1.1  1  nat_09086542d4cbb738c598  
    7.8e-15   51.5   1.1    7.9e-15   51.4   1.1    1.1  1  nat_bb09971e1315fce64b6e  
    7.8e-15   51.4   3.4    1.1e-14   51.0   3.4    1.4  1  nat_49d3875a5ef4bbb644f9  
    7.9e-15   51.4   1.2    8.2e-15   51.4   1.2    1.1  1  nat_39a0d637b9f5ad86efbf  
      8e-15   51.4   4.3    1.2e-14   50.8   4.3    1.5  1  nat_78005b3dddedd0251b7e  
      8e-15   51.4   2.8    9.9e-15   51.1   2.8    1.3  1  nat_4dc9c1477d3d6b181da7  
      8e-15   51.4   2.5      1e-14   51.0   2.5    1.3  1  nat_dbcea97f4e8354ba3556  
    8.1e-15   51.4   1.4    8.7e-15   51.3   1.4    1.1  1  nat_a724b9a2188c92ae4680  
    8.1e-15   51.4   2.2      9e-15   51.2   2.2    1.1  1  nat_83d86218590801baa4be  
    8.1e-15   51.4   0.8    8.1e-15   51.4   0.8    1.2  1  nat_fe5639b3f6715383286a  
    8.2e-15   51.4   2.9    1.2e-14   50.8   2.9    1.4  1  nat_36bb407811468e3b13d9  
    8.3e-15   51.4   1.9    9.1e-15   51.2   1.9    1.1  1  nat_e1d8e1d8d2f54947a961  
    8.3e-15   51.4   1.1    8.5e-15   51.3   1.1    1.1  1  nat_509311e69b214d9f94e7  
    8.3e-15   51.4   2.5      1e-14   51.1   2.5    1.4  1  nat_8d29ff35edf68fc809de  
    8.3e-15   51.4   1.1    8.3e-15   51.4   1.1    1.1  1  nat_70e619942db9ffc2c9b7  
    8.3e-15   51.4   3.2    1.2e-14   50.9   3.2    1.4  1  nat_1eda5f35014077cd8e25  
    8.4e-15   51.3   0.5    8.7e-15   51.3   0.5    1.1  1  nat_02fc048053a10b210a78  
    8.4e-15   51.3   0.6    9.1e-15   51.2   0.6    1.1  1  nat_14984df4adbcd7a23bc2  
    8.4e-15   51.3   4.2    1.5e-14   50.6   4.2    1.5  1  nat_b5ccff48f879b7cc34ad  
    8.5e-15   51.3   1.5      9e-15   51.2   1.5    1.0  1  nat_8d6274f78693091697cf  
    8.5e-15   51.3   3.8    1.2e-14   50.8   3.8    1.4  1  nat_6681febe116459c77b18  
    8.6e-15   51.3   3.4    1.1e-14   51.0   3.3    1.3  1  nat_57d11d6b58e3b78591e1  
    8.8e-15   51.3   2.0    9.7e-15   51.1   2.0    1.1  1  nat_72774f3330f715fae401  
    8.9e-15   51.3   3.8    1.3e-14   50.7   3.8    1.5  1  nat_38cb7bda240a833d36b3  
      9e-15   51.2   1.2    9.1e-15   51.2   1.2    1.1  1  nat_13b468f1d3a3dbb11fa2  
    9.1e-15   51.2   3.9    1.3e-14   50.8   3.9    1.4  1  nat_dad443e0412ef646de5e  
    9.1e-15   51.2   4.0    1.2e-14   50.8   4.0    1.4  1  nat_edc787924d6392f7c1f5  
    9.1e-15   51.2   1.9    9.9e-15   51.1   1.9    1.0  1  nat_ed3338aeeaf3197e41d9  
    9.3e-15   51.2   1.3    9.5e-15   51.2   1.3    1.2  1  nat_03154ee220c3666c043c  
    9.5e-15   51.2   0.8      1e-14   51.0   0.8    1.1  1  nat_419538444627b50496c7  
    9.6e-15   51.2   1.0    9.7e-15   51.1   1.0    1.1  1  nat_12c980f97c4e594a42de  
    9.8e-15   51.1   0.8      1e-14   51.1   0.8    1.0  1  nat_0e04889ea449c11132b4  
      1e-14   51.1   4.4    1.5e-14   50.5   4.4    1.5  1  nat_a49cfe7d33cec22c3905  
      1e-14   51.1   3.9    1.3e-14   50.7   3.9    1.4  1  nat_69442765a7e1224b0435  
      1e-14   51.1   1.9    1.2e-14   50.9   1.9    1.1  1  nat_00c6196a0e576e2b1900  
      1e-14   51.1   5.5    2.3e-14   50.0   5.5    1.6  1  nat_3dcd4bf22b7bbdb49d82  
      1e-14   51.0   0.8    1.2e-14   50.8   0.8    1.1  1  nat_a539aed46db05ce9e162  
    1.1e-14   51.0   1.8    1.2e-14   50.9   1.8    1.1  1  nat_e60de74ad1cb6abf6e34  
    1.1e-14   51.0   1.0    1.1e-14   51.0   1.0    1.1  1  nat_acfca75ffa4093670cf2  
    1.1e-14   51.0   2.6    1.1e-14   51.0   2.6    1.4  1  nat_729a9790a662e92ab379  
    1.1e-14   51.0   3.5    2.8e-14   49.6   3.5    1.7  1  nat_2257aec2c4abeff42ec4  
    1.1e-14   51.0   2.2    1.1e-14   51.0   2.2    1.4  1  nat_fe2e069c7d192a9aa4be  
    1.1e-14   51.0   1.9    1.1e-14   50.9   1.9    1.0  1  nat_cdcb9ea08084d402155d  
    1.1e-14   51.0   2.8    1.4e-14   50.6   2.8    1.4  1  nat_c7cb28cf54b6a88ff785  
    1.1e-14   51.0   3.0    1.2e-14   50.9   3.0    1.1  1  nat_b603aa5b88f6a395b1f9  
    1.1e-14   51.0   2.3    1.5e-14   50.6   2.3    1.3  1  nat_d5d6f3cedb33fb3328b6  
    1.1e-14   50.9   2.2    1.2e-14   50.8   1.8    1.3  1  nat_edf12e96625a3cd49854  
    1.1e-14   50.9   0.6    1.2e-14   50.8   0.6    1.0  1  nat_9ba976654c95d4d9fd8f  
    1.1e-14   50.9   3.3    1.4e-14   50.6   3.3    1.3  1  nat_718f9add2c10ca08b4a5  
    1.1e-14   50.9   3.2    1.8e-14   50.3   3.2    1.5  1  nat_5d40201e59780a4578e1  
    1.1e-14   50.9   1.1    1.2e-14   50.9   1.1    1.1  1  nat_b3e7eac10f741058a688  
    1.1e-14   50.9   3.6    1.5e-14   50.5   3.6    1.4  1  nat_a8908cb0d732ddf5c6d4  
    1.1e-14   50.9   1.5    1.2e-14   50.9   1.5    1.0  1  nat_6166ab1a17ac507a42bf  
    1.1e-14   50.9   3.4    1.2e-14   50.8   3.4    1.2  1  nat_d3c6f8adf24bb50b5677  
    1.2e-14   50.9   1.1    1.2e-14   50.9   1.1    1.1  1  nat_8758b934790f5784ea1b  
    1.2e-14   50.9   1.5    1.4e-14   50.6   1.5    1.1  1  nat_d067ede25f6c0516a956  
    1.2e-14   50.9   1.1    1.2e-14   50.8   1.1    1.1  1  nat_8b714e1325cbfdfacd93  
    1.2e-14   50.9   1.4    1.2e-14   50.8   1.4    1.2  1  nat_875b3015b17030bcf076  
    1.2e-14   50.8   3.9    1.6e-14   50.5   3.9    1.4  1  nat_0077c6cbf903d0b80137  
    1.3e-14   50.8   3.5    1.5e-14   50.5   3.4    1.2  1  nat_ce5dc523b5749c0ad99a  
    1.3e-14   50.8   1.9    1.4e-14   50.7   1.9    1.0  1  nat_d1ffe3160c1f85b8feb9  
    1.3e-14   50.7   5.7      3e-14   49.6   5.7    1.6  1  nat_30c8db5b2a48ec02340b  
    1.3e-14   50.7   4.0    1.7e-14   50.4   4.0    1.4  1  nat_1564401f2a553c444667  
    1.3e-14   50.7   1.9    1.4e-14   50.7   1.9    1.0  1  nat_f0b585defb33f68b9eec  
    1.4e-14   50.6   1.3    1.4e-14   50.6   1.3    1.0  1  nat_a2b40c981456774b6e29  
    1.4e-14   50.6   1.8    1.6e-14   50.4   1.8    1.1  1  nat_76fdc377bbf82dcb5234  
    1.4e-14   50.6   1.1    1.6e-14   50.4   1.1    1.0  1  nat_d76ea2de7462bc6a2acb  
    1.4e-14   50.6   1.9    1.5e-14   50.5   1.9    1.1  1  nat_72c94665b6fe8f5a4a99  
    1.4e-14   50.6   1.0    1.4e-14   50.6   1.0    1.0  1  nat_4eaa3da48c36a3a15145  
    1.4e-14   50.6   1.8    1.5e-14   50.5   1.8    1.0  1  nat_9f8db13e803cecc901b7  
    1.5e-14   50.6   1.8    1.6e-14   50.4   1.8    1.1  1  nat_1da09a04eab900f30339  
    1.5e-14   50.6   1.3    1.8e-14   50.3   1.3    1.2  1  nat_eb796c25a48cdf2ca2d4  
    1.5e-14   50.5   1.8    1.6e-14   50.4   1.8    1.1  1  nat_07e2adee1b1c97951e61  
    1.5e-14   50.5   3.0    2.1e-14   50.1   3.0    1.4  1  nat_dca06c4ca76aafac96e9  
    1.6e-14   50.5   0.8    2.2e-14   50.0   0.8    1.2  1  nat_e8960ef9f28cbd66312c  
    1.6e-14   50.4   4.4    2.1e-14   50.0   4.4    1.4  1  nat_1aef09f774a1818b7e24  
    1.6e-14   50.4   0.2    1.9e-14   50.2   0.2    1.1  1  nat_3e818bdd944ede311b8f  
    1.6e-14   50.4   1.8    1.7e-14   50.3   1.8    1.1  1  nat_3dd127a0efcf9a5457c8  
    1.6e-14   50.4   1.1    1.6e-14   50.4   1.1    1.1  1  nat_1f4f50f1349e137c7f32  
    1.7e-14   50.4   3.3    1.8e-14   50.3   3.3    1.2  1  nat_fa3ceb760df75c71ed08  
    1.7e-14   50.4   1.8    1.7e-14   50.3   1.8    1.0  1  nat_c43002c4a19c5a35a8b0  
    1.7e-14   50.4   1.7    1.8e-14   50.3   1.7    1.0  1  nat_0c143ad343586201fcf9  
    1.7e-14   50.3   1.7    1.8e-14   50.3   1.7    1.0  1  nat_4274eb9d5d32732dadc5  
    1.7e-14   50.3   0.3    1.9e-14   50.2   0.3    1.2  1  nat_f6319f5f160f5a18b334  
    1.7e-14   50.3   2.8      2e-14   50.1   2.8    1.3  1  nat_d5c2d4101839c4dee9b6  
    1.7e-14   50.3   0.8    1.8e-14   50.3   0.8    1.1  1  nat_1ed909a554bd91f8870f  
    1.7e-14   50.3   0.5    1.8e-14   50.2   0.5    1.2  1  nat_b3561a1e0242e2259486  
    1.8e-14   50.3   2.8    1.9e-14   50.2   2.0    1.3  1  nat_004ac783975534947324  
    1.9e-14   50.2   0.8      2e-14   50.2   0.8    1.1  1  nat_32d58e5d24419efe5e0e  
    1.9e-14   50.2   4.0    2.8e-14   49.7   4.0    1.4  1  nat_dbd11e06d90ad48401af  
      2e-14   50.2   0.4    2.5e-14   49.8   0.4    1.2  1  nat_c484713e8b3e1c6ab049  
      2e-14   50.1   0.8    2.1e-14   50.0   0.8    1.1  1  nat_27cf1e5aac6ec3dd931d  
      2e-14   50.1   3.3    3.3e-14   49.4   3.3    1.5  1  nat_07f90c8c92dbdb92b94e  
    2.1e-14   50.1   1.6    2.4e-14   49.9   1.6    1.2  1  nat_07248f2d3ff700c7afcd  
    2.1e-14   50.0   1.9    2.2e-14   50.0   1.9    1.1  1  nat_c72edb773e9a92736861  
    2.1e-14   50.0   1.2    2.2e-14   50.0   1.2    1.1  1  nat_a4ce46bc0db75edd2892  
    2.2e-14   50.0   0.4    2.3e-14   49.9   0.4    1.2  1  nat_ede685c8031e89299cf7  
    2.2e-14   50.0   0.6    2.5e-14   49.8   0.6    1.1  1  nat_5c9d5857295c1e857ae7  
    2.2e-14   50.0   1.6    2.4e-14   49.9   1.6    1.1  1  nat_fd9a2791aaca81c0c6ef  
    2.2e-14   50.0   0.2    2.4e-14   49.9   0.2    1.2  1  nat_ba8e972cfc82013f9a87  
    2.2e-14   50.0   2.0    2.5e-14   49.8   2.0    1.1  1  nat_3d07312c83e7c32af7ba  
    2.3e-14   49.9   1.6    2.4e-14   49.9   1.6    1.0  1  nat_34624fdc2470cd5a2bf3  
    2.3e-14   49.9   1.4    2.4e-14   49.9   1.4    1.0  1  nat_44a44809c7c1d751ebce  
    2.3e-14   49.9   3.0    2.3e-14   49.9   3.0    1.3  1  nat_861aafc294a955cecd2e  
    2.4e-14   49.9   3.2    3.1e-14   49.5   3.2    1.3  1  nat_0aeb545239a28bae61f9  
    2.5e-14   49.8   4.2    3.2e-14   49.5   4.2    1.4  1  nat_48f4fc548c0153a5775e  
    2.5e-14   49.8   1.4    2.7e-14   49.7   1.4    1.1  1  nat_448d52f7c380acd65350  
    2.5e-14   49.8   2.2    2.6e-14   49.7   2.2    1.0  1  nat_147b949dc21dd0206855  
    2.6e-14   49.8   3.7    3.9e-14   49.2   3.7    1.5  1  nat_fa2383cbfbff83286c61  
    2.6e-14   49.7   2.6    3.1e-14   49.5   2.6    1.3  1  nat_ee10b37a92559cba1989  
    2.7e-14   49.7   4.0    4.2e-14   49.1   4.0    1.5  1  nat_9fda348180c612303cdb  
    2.7e-14   49.7   3.3    3.1e-14   49.5   2.7    1.5  1  nat_140f5823a50b88bf41c9  
    2.7e-14   49.7   2.3    2.7e-14   49.7   2.3    1.5  1  nat_81de2b78d291d512c1e2  
      3e-14   49.6   0.6    3.2e-14   49.4   0.6    1.0  1  nat_36d36d0c4f52b3ab32d3  
    3.1e-14   49.5   1.2    3.4e-14   49.4   1.2    1.0  1  nat_4ba0a2c8ff48af80e17e  
    3.3e-14   49.4   0.8    3.5e-14   49.3   0.8    1.2  1  nat_c477483bf308ed286daf  
    3.5e-14   49.3   0.8    3.5e-14   49.3   0.8    1.5  1  nat_5db4f89b8985994be8c6  
    3.5e-14   49.3   0.8    3.5e-14   49.3   0.8    1.5  1  nat_7bdcd34808440e398074  
    3.5e-14   49.3   2.2    3.5e-14   49.3   2.2    1.4  1  nat_75679c0d4db585656573  
    3.5e-14   49.3   1.0    3.8e-14   49.2   1.0    1.1  1  nat_7f3ba3408331f0b52ea1  
    3.7e-14   49.3   1.8    3.9e-14   49.2   1.8    1.0  1  nat_fd161dfe59366687c2f2  
    3.8e-14   49.2   2.5    5.7e-14   48.7   2.5    1.6  1  nat_fca4193e69c1cb015d9a  
    3.8e-14   49.2   0.6    5.3e-14   48.7   0.6    1.3  1  nat_0df60d2fc55bf3787af1  
    3.9e-14   49.2   4.4    6.4e-14   48.5   4.4    1.5  1  nat_b47c8eec954491beb714  
    3.9e-14   49.2   1.5    4.1e-14   49.1   1.5    1.0  1  nat_2e707b0ae8b0c69feb2e  
    4.1e-14   49.1   1.5    4.3e-14   49.1   1.5    1.0  1  nat_b34a5f1cebe7f342dc3f  
    4.1e-14   49.1   4.4    6.7e-14   48.4   4.4    1.5  1  nat_74aacbad701be1598660  
    4.1e-14   49.1   1.8    4.4e-14   49.0   1.8    1.1  1  nat_de4f0d0b434811184abb  
    4.2e-14   49.1   1.7    4.5e-14   49.0   1.7    1.1  1  nat_4d804d42d3d08ccd0ad2  
    4.2e-14   49.1   0.8    6.9e-14   48.4   0.8    1.4  1  nat_4b12dfb542826f087a7e  
    4.3e-14   49.1   0.8      7e-14   48.4   0.8    1.4  1  nat_9cc118c4f8ae07349652  
    4.3e-14   49.0   1.1    4.6e-14   48.9   1.1    1.0  1  nat_39cf0fd21702af1ff2b1  
    4.5e-14   49.0   1.7    4.9e-14   48.9   1.7    1.0  1  nat_eccab6536bed142192aa  
    4.5e-14   49.0   1.7    4.9e-14   48.9   1.7    1.0  1  nat_a1131689eff9ccc2bc1c  
    4.5e-14   49.0   0.8    4.8e-14   48.9   0.8    1.1  1  nat_61a382d08777524701b3  
    4.5e-14   49.0   2.2    4.8e-14   48.9   2.2    1.1  1  nat_8892cc08df511f644bcf  
    4.6e-14   49.0   0.9    5.6e-14   48.7   0.9    1.1  1  nat_50c226cfb171989d88e4  
    4.6e-14   49.0   0.8    4.9e-14   48.9   0.8    1.1  1  nat_3cc2cb889cfdbbcaa17b  
    4.6e-14   48.9   1.7    4.9e-14   48.9   1.7    1.0  1  nat_505ccb0a3946a89f0437  
    4.6e-14   48.9   3.4    6.3e-14   48.5   3.4    1.4  1  nat_833a1708482ad34125e2  
    4.6e-14   48.9   1.7    4.9e-14   48.9   1.7    1.0  1  nat_d43d1d5ec03e055dcf06  
    4.7e-14   48.9   2.5    5.4e-14   48.7   2.5    1.1  1  nat_883a9edd1d317110f140  
    4.8e-14   48.9   2.8    5.9e-14   48.6   2.8    1.2  1  nat_f5db5c4704d592f947d9  
    4.8e-14   48.9   0.9    5.2e-14   48.8   0.9    1.1  1  nat_90e82772d308676c7556  
    4.8e-14   48.9   0.8    5.2e-14   48.8   0.8    1.0  1  nat_805daea24cbec4e57a88  
    4.9e-14   48.9   0.9    5.2e-14   48.8   0.9    1.1  1  nat_6cb2a4a67fad0b3f22b1  
    5.2e-14   48.8   0.6    5.3e-14   48.8   0.6    1.0  1  nat_4fc0ca345529f4acca56  
    5.2e-14   48.8   4.7    9.3e-14   48.0   4.7    1.5  1  nat_7d8f193406ee761e1417  
    5.2e-14   48.8   0.3    5.8e-14   48.6   0.3    1.1  1  nat_9a52da9108207f742f79  
    5.3e-14   48.8   0.9    5.6e-14   48.7   0.9    1.1  1  nat_8f5ca23cd23d0262e12b  
    5.3e-14   48.7   1.5    5.8e-14   48.6   1.5    1.1  1  nat_1e86329db7dd3816b588  
    5.5e-14   48.7   0.2      6e-14   48.6   0.2    1.2  1  nat_febdf633d7175529519f  
    5.6e-14   48.7   1.6    5.7e-14   48.7   1.6    1.1  1  nat_509ca7d230eacbb916e4  
    5.6e-14   48.7   0.3      6e-14   48.6   0.3    1.0  1  nat_2ed708bd24725eb69d2c  
    5.6e-14   48.7   1.6    6.2e-14   48.5   1.6    1.1  1  nat_35226954812d95b1eb87  
    5.8e-14   48.6   1.6    6.2e-14   48.5   1.6    1.1  1  nat_476885d73f2103224b29  
    5.9e-14   48.6   0.9    5.9e-14   48.6   0.9    1.0  1  nat_f4b103f437e4c6a24ac0  
    5.9e-14   48.6   1.0      6e-14   48.6   1.0    1.1  1  nat_e9d01ae6175270dee0d8  
    6.7e-14   48.4   1.9    7.3e-14   48.3   1.9    1.1  1  nat_a5d09cc64cdab8bb3676  
    6.8e-14   48.4   3.0    7.4e-14   48.3   3.0    1.3  1  nat_84eddb9c9ecca10afd5a  
    6.8e-14   48.4   1.1    7.3e-14   48.3   1.1    1.1  1  nat_f603a0bdb36b55f44821  
      7e-14   48.4   0.1      7e-14   48.4   0.1    1.0  1  nat_317d696b35c15db3beb2  
    7.7e-14   48.2   1.3    1.1e-13   47.8   1.2    1.3  1  nat_3b18df9990357338331a  
      8e-14   48.2   1.8    8.4e-14   48.1   1.8    1.0  1  nat_38a86b2caad8351d20f8  
    8.4e-14   48.1   1.9    8.7e-14   48.1   1.9    1.1  1  nat_1589f15763a3b3a0bf84  
    8.5e-14   48.1   2.2    8.6e-14   48.1   2.2    1.1  1  nat_22c9ea68da69251de7cc  
      9e-14   48.0   0.8    1.2e-13   47.6   0.8    1.1  1  nat_ea0ea44f707886c44ad7  
    9.7e-14   47.9   0.2    1.2e-13   47.6   0.2    1.1  1  nat_588257282ce6ea174dae  
    9.9e-14   47.9   3.9    1.5e-13   47.3   3.4    1.5  1  nat_241c00832790324418cd  
    1.1e-13   47.7   0.4    1.6e-13   47.2   0.4    1.2  1  nat_590810062f7432024711  
    1.1e-13   47.7   1.2    1.2e-13   47.6   1.2    1.1  1  nat_aef0e900ff08f50b5105  
    1.1e-13   47.7   0.6    1.5e-13   47.3   0.6    1.2  1  nat_7794e8f04dda3151b8bb  
    1.1e-13   47.7   1.3    1.1e-13   47.7   1.3    1.1  1  nat_67932dce44a393cc5d41  
    1.1e-13   47.7   0.2    1.6e-13   47.2   0.2    1.3  1  nat_a85f488e5f68b0445ad1  
    1.3e-13   47.6   0.3    1.3e-13   47.5   0.3    1.0  1  nat_262acad32bf64e600812  
    1.3e-13   47.5   0.1    2.1e-13   46.8   0.1    1.3  1  nat_36827e11a82ffe460664  
    1.3e-13   47.5   0.2    1.3e-13   47.5   0.2    1.1  1  nat_69b7f558d07e2d585aa0  
    1.4e-13   47.4   1.1    1.6e-13   47.2   1.1    1.1  1  nat_1e070d0d2387bb202235  
    1.4e-13   47.4   0.8    2.1e-13   46.8   0.8    1.3  1  nat_840c1e4fe0d4806879ab  
    1.4e-13   47.4   0.9    1.5e-13   47.3   0.9    1.1  1  nat_62b65b4bdaad5382b6fd  
    1.6e-13   47.2   0.3    2.4e-13   46.6   0.3    1.3  1  nat_81fe8a6c5a2a9f1f516d  
    1.6e-13   47.2   0.8    1.9e-13   47.0   0.8    1.1  1  nat_e2ce29238f757f550f72  
    1.6e-13   47.2   1.8    1.7e-13   47.1   1.8    1.0  1  nat_ffde9c8a0aa4cd762cfd  
    1.7e-13   47.1   1.1    1.8e-13   47.0   1.1    1.1  1  nat_0da4fc315e8c5fa1925f  
    1.8e-13   47.1   0.1    1.8e-13   47.0   0.1    1.1  1  nat_0927b476e8bc6daa04d9  
    1.8e-13   47.0   1.3    1.9e-13   47.0   1.3    1.0  1  nat_5ff91e8d3cfc9ac60d0d  
      2e-13   46.9   3.9    3.2e-13   46.2   3.9    1.4  1  nat_537a56df1e3b5128f45c  
    2.1e-13   46.8   3.7    3.2e-13   46.2   3.7    1.3  1  nat_03e37b9ff61818fe868f  
    2.1e-13   46.8   2.3    3.3e-13   46.2   1.7    1.5  1  nat_5c03f7861ccf36dc0533  
    2.1e-13   46.8   0.5    2.9e-13   46.4   0.5    1.2  1  nat_db9f1375949c94632148  
    2.2e-13   46.8   0.1    3.1e-13   46.3   0.1    1.3  1  nat_057e1cbe9c0aca38bc03  
    2.2e-13   46.8   0.4    3.2e-13   46.2   0.4    1.3  1  nat_48dbcd4ed98d41a9651a  
    2.2e-13   46.7   0.7    2.7e-13   46.5   0.7    1.1  1  nat_071d41176330dd0796d5  
    2.3e-13   46.7   1.2    3.2e-13   46.2   1.1    1.3  1  nat_dc852bef97bb5a3f37ff  
    2.3e-13   46.7   1.2    3.3e-13   46.2   1.1    1.3  1  nat_decd9a1d90f169f4eb3e  
    2.4e-13   46.7   2.5    3.5e-13   46.1   1.8    1.5  1  nat_0a6194eed91a047cb43e  
    2.4e-13   46.7   3.4    3.3e-13   46.2   3.4    1.5  1  nat_32fcf9c5b6202c499dc1  
    2.4e-13   46.6   2.3    2.6e-13   46.5   2.3    1.3  1  nat_cd0ec9cc83e20bd818b3  
    2.5e-13   46.6   0.8    4.2e-13   45.9   0.8    1.3  1  nat_dda4548fde968a05b6df  
    2.6e-13   46.5   0.2    2.6e-13   46.5   0.2    1.5  1  nat_1f087f3f20cf0e414c21  
    2.7e-13   46.5   1.0    2.9e-13   46.4   1.0    1.1  1  nat_644a625ed987b37152d8  
    2.7e-13   46.5   2.9    3.9e-13   46.0   1.9    1.5  1  nat_1f1d6fdb82f348ed948e  
    2.7e-13   46.5   0.8    3.8e-13   46.0   0.8    1.2  1  nat_e2dc3b903f2c8b00f1a7  
    2.8e-13   46.4   0.1    3.7e-13   46.0   0.1    1.4  1  nat_38c50a9f5c23bd9138cf  
    3.2e-13   46.2   1.1    3.5e-13   46.1   1.1    1.0  1  nat_b07305ca6f722d02988a  
    3.2e-13   46.2   0.2    5.4e-13   45.5   0.2    1.4  1  nat_2020b232078a08b4fb2b  
    3.2e-13   46.2   4.9    6.8e-13   45.2   4.9    1.5  1  nat_71487a9fd043fc5b4741  
    3.3e-13   46.2   0.3    4.2e-13   45.9   0.3    1.1  1  nat_f7e68563732e131d24d8  
    3.3e-13   46.2   0.4    3.3e-13   46.2   0.4    1.6  1  nat_6202903abc283dce1575  
    3.6e-13   46.1   0.9    3.7e-13   46.0   0.9    1.1  1  nat_630c823407ef4f2e6361  
    3.6e-13   46.1   0.4    5.6e-13   45.4   0.4    1.3  1  nat_c7ec77b171120a344a06  
    3.7e-13   46.0   2.5    4.1e-13   45.9   2.5    1.3  1  nat_76418c5d471b2873e6bf  
    3.9e-13   46.0   0.6    3.9e-13   46.0   0.6    1.6  1  nat_ebdc86196ce4e8d00cbf  
    3.9e-13   45.9   2.6    4.6e-13   45.7   2.6    1.2  1  nat_7801d96d034213cf08c8  
      4e-13   45.9   2.5    4.8e-13   45.7   2.5    1.3  1  nat_63e94d96149b61e3547f  
    4.1e-13   45.9   0.5    6.5e-13   45.2   0.5    1.3  1  nat_b777f719d06f5568d601  
    4.3e-13   45.8   2.5    4.8e-13   45.7   2.5    1.3  1  nat_b9d147aeaac9ffa9d0f3  
    4.4e-13   45.8   1.6    5.1e-13   45.6   1.6    1.2  1  nat_340bf83afc765d1b00fd  
    4.7e-13   45.7   2.4      5e-13   45.6   2.4    1.1  1  nat_51883a62e7fa5ef818e6  
    4.8e-13   45.7   2.8    5.5e-13   45.5   2.8    1.3  1  nat_320fa412f1f1ad675d12  
    5.2e-13   45.6   0.6    5.4e-13   45.5   0.6    1.1  1  nat_3e013aaa6defa9421798  
    5.3e-13   45.5   1.0    7.6e-13   45.0   1.0    1.3  1  nat_a35562a6d386286458f3  
    5.4e-13   45.5   0.5    6.1e-13   45.3   0.5    1.1  1  nat_e31d0685f6a3fa9a63fd  
    5.8e-13   45.4   1.2      7e-13   45.1   1.2    1.0  1  nat_15f7f1ff1f3d13b3a6e4  
    6.4e-13   45.3   1.2    7.2e-13   45.1   1.2    1.0  1  nat_586a9e121e80cef17717  
    7.3e-13   45.1   3.4    9.5e-13   44.7   2.9    1.3  1  nat_d3af78dd1e3340eceeac  
    7.3e-13   45.1   0.5    8.5e-13   44.9   0.5    1.0  1  nat_9cf6f65acb0bb6519b07  
    7.4e-13   45.1   0.1    8.4e-13   44.9   0.1    1.1  1  nat_8461ba422af788cc84f8  
    7.5e-13   45.1   0.3    8.2e-13   44.9   0.3    1.1  1  nat_10462c8aed9b62ff76a8  
    7.6e-13   45.0   0.8    1.1e-12   44.5   0.8    1.2  1  nat_7ca23b11f7e72b0b7519  
    8.1e-13   44.9   0.9    1.5e-12   44.1   0.9    1.3  1  nat_ad843ea9809d8148ba5d  
    8.6e-13   44.9   0.5    9.5e-13   44.7   0.5    1.1  1  nat_4138c2817c5b6dca65ea  
    8.6e-13   44.8   2.2    9.7e-13   44.7   2.2    1.1  1  nat_a283f318c6308a294b6d  
    8.9e-13   44.8   1.5    9.9e-13   44.7   1.5    1.0  1  nat_76139d5052a6d251dc47  
    8.9e-13   44.8   0.4    1.1e-12   44.5   0.4    1.1  1  nat_6dbff5a4e8597618f4ab  
    9.2e-13   44.8   0.8    9.8e-13   44.7   0.8    1.1  1  nat_ea5746ec582bf06f4e03  
      1e-12   44.6   0.3      1e-12   44.6   0.3    1.3  1  nat_bb5cf35be2d320c0ead2  
      1e-12   44.6   0.7    1.5e-12   44.1   0.7    1.3  1  nat_3ca681349695f8ed3ee4  
      1e-12   44.6   0.3      1e-12   44.6   0.3    1.3  1  nat_370aa86e30267a3a072e  
      1e-12   44.6   1.0    1.1e-12   44.5   1.0    1.1  1  nat_e9a0f84c227e1492bb83  
    1.1e-12   44.6   0.9    1.1e-12   44.5   0.9    1.1  1  nat_261427cf6474f66e5844  
    1.2e-12   44.4   0.3    1.7e-12   43.9   0.3    1.3  1  nat_11cdda0e14dc63f88e35  
    1.3e-12   44.3   0.2    1.6e-12   44.0   0.2    1.1  1  nat_5259c19a1d657c540490  
    1.3e-12   44.3   0.4    1.3e-12   44.3   0.4    1.0  1  nat_d565583d15eb6f192c57  
    1.3e-12   44.3   1.2    1.4e-12   44.1   1.2    1.1  1  nat_63d39c2e5861daa31f41  
    1.3e-12   44.2   0.7    2.4e-12   43.4   0.7    1.4  1  nat_d3c36edb3c6b427867e3  
    1.5e-12   44.1   0.6    1.5e-12   44.1   0.6    1.2  1  nat_fde7addd3bf07688f196  
    1.5e-12   44.1   0.9    2.1e-12   43.6   0.9    1.3  1  nat_1ad342624de277274295  
    1.6e-12   44.0   0.7    1.6e-12   44.0   0.7    1.2  1  nat_47d50311ddb9a7300429  
    1.6e-12   44.0   0.2      2e-12   43.7   0.2    1.1  1  nat_55c9bd284093601349bc  
    1.6e-12   43.9   1.0    2.4e-12   43.4   1.0    1.3  1  nat_cf2b86e8ceab5f9ee1d8  
    1.7e-12   43.9   2.4    2.7e-12   43.3   2.3    1.3  1  nat_7dbf168b0a730e9f7293  
    1.7e-12   43.9   0.5    1.8e-12   43.8   0.5    1.1  1  nat_ebb2fb66a808274ef5cf  
    1.7e-12   43.9   1.7      2e-12   43.7   1.4    1.3  1  nat_ad18f8d7fabecf9750fb  
    1.9e-12   43.8   0.2    2.2e-12   43.5   0.2    1.3  1  nat_f6ad48ba3d6950d55fac  
    1.9e-12   43.8   0.6      2e-12   43.7   0.6    1.1  1  nat_ac44a557fbffad89a437  
    1.9e-12   43.7   0.2    2.2e-12   43.5   0.2    1.0  1  nat_fdd3e74cd40aa7354461  
    1.9e-12   43.7   1.9    2.1e-12   43.6   1.9    1.3  1  nat_824a3264c546dbd7013f  
    1.9e-12   43.7   3.6    2.7e-12   43.2   3.2    1.3  1  nat_0ebe1baa66ad5d5cb860  
    1.9e-12   43.7   4.9    2.4e-12   43.4   4.9    1.2  1  nat_4329fc20815a3de16628  
    2.1e-12   43.6   2.1    2.5e-12   43.4   2.1    1.1  1  nat_fd49c343614a605c0f40  
    2.1e-12   43.6   0.9    2.5e-12   43.4   0.9    1.1  1  nat_30a43eef2b89a9b85418  
    2.1e-12   43.6   0.2    4.3e-12   42.6   0.2    1.5  1  nat_1928e65272069bd9fa51  
    2.2e-12   43.5   3.5    2.5e-12   43.3   3.1    1.2  1  nat_26e90ce65ed710949c06  
    2.3e-12   43.5   1.6    2.5e-12   43.3   1.6    1.1  1  nat_cc5b8e3667bee7376c85  
    2.4e-12   43.4   2.0    2.6e-12   43.3   2.0    1.0  1  nat_a62ba34ed245e06a2975  
    2.5e-12   43.4   0.7    2.5e-12   43.4   0.7    1.2  1  nat_09f47a4c9a94b657ae7d  
    2.6e-12   43.3   0.0    2.6e-12   43.3   0.0    1.1  1  nat_36dfac4b8d65f9e057be  
    2.6e-12   43.3   0.9    2.8e-12   43.2   0.9    1.1  1  nat_99653906bbbaa3567e58  
    2.8e-12   43.2   0.1    4.3e-12   42.6   0.1    1.4  1  nat_99a07129f51bd6011cb7  
    2.9e-12   43.2   4.6    5.4e-12   42.3   4.3    1.7  1  nat_1a264ded2f369ea42fdd  
      3e-12   43.1   0.3    3.5e-12   42.9   0.3    1.1  1  nat_13943ba848a919563021  
      3e-12   43.1   0.7      3e-12   43.1   0.7    1.5  1  nat_492e347eb26b4c87a4d1  
    3.4e-12   42.9   0.5    5.6e-12   42.2   0.5    1.3  1  nat_3dee88ac2224aeef66c6  
    3.7e-12   42.8   2.5    4.1e-12   42.6   2.5    1.5  1  nat_dabe1f4728c04495925e  
    3.8e-12   42.8   0.4      4e-12   42.7   0.4    1.0  1  nat_b350b25ce7c0236b621b  
    3.9e-12   42.7   0.1    4.3e-12   42.6   0.1    1.0  1  nat_b5d750fdff6867b5af57  
    3.9e-12   42.7   0.6    4.1e-12   42.7   0.6    1.2  1  nat_65113288b099887ef152  
      4e-12   42.7   0.5    4.3e-12   42.6   0.5    1.0  1  nat_4fd9125da4c05324fca8  
    4.1e-12   42.7   2.5    5.2e-12   42.3   1.7    1.5  1  nat_cf176e85bcb7fcecce87  
    4.2e-12   42.6   2.4    5.1e-12   42.3   1.7    1.5  1  nat_212e64a237d4a0795448  
    4.2e-12   42.6   1.0    4.5e-12   42.5   0.1    1.5  1  nat_13f51706d5d2df8544bb  
    4.3e-12   42.6   0.6    4.9e-12   42.4   0.6    1.1  1  nat_20d82ee5bd334e9e87ab  
    4.3e-12   42.6   0.4    8.4e-12   41.7   0.4    1.4  1  nat_db21d598502068c3fa2f  
    4.5e-12   42.5   2.0    5.3e-12   42.3   2.0    1.1  1  nat_e68eef3564e74af35e4a  
    4.5e-12   42.5   0.1    5.1e-12   42.3   0.1    1.3  1  nat_f9a6c4e29c6909a7bfea  
    4.8e-12   42.5   0.2    5.8e-12   42.2   0.2    1.1  1  nat_f48ac7c5719360a7ba68  
    4.8e-12   42.4   0.6    9.6e-12   41.5   0.6    1.4  1  nat_c851ec622696a1a12ee9  
    4.9e-12   42.4   0.1    5.3e-12   42.3   0.1    1.1  1  nat_d320098a8d27dbc207b8  
    5.3e-12   42.3   0.4    6.3e-12   42.1   0.4    1.3  1  nat_0739506f322325ee29fe  
    5.7e-12   42.2   0.9      9e-12   41.5   0.9    1.3  1  nat_76b7cbd0ac40cdad80a9  
    5.8e-12   42.2   0.9    6.4e-12   42.0   0.9    1.1  1  nat_62c37e3a1f946926bc78  
    8.7e-12   41.6   0.4    1.4e-11   41.0   0.4    1.2  1  nat_64e02fc38d79639470d8  
    8.8e-12   41.6   1.0    1.4e-11   40.9   1.0    1.3  1  nat_5fe0328494dc254c515b  
    9.1e-12   41.5   0.2      1e-11   41.4   0.2    1.0  1  nat_4e31c4d7aa8fd221c2dc  
    9.6e-12   41.5   0.0    1.1e-11   41.2   0.0    1.1  1  nat_3b12a9f8d634154d518e  
    1.1e-11   41.3   4.8    1.3e-11   41.0   4.8    1.5  1  nat_3fb1b2844ab87a8f4a72  
    1.1e-11   41.3   0.9    1.7e-11   40.7   0.9    1.3  1  nat_a02e830798caf1fb08c6  
    1.3e-11   41.1   0.7    1.3e-11   41.1   0.7    1.7  1  nat_d8ac85c1e2427ebd2b9e  
    1.3e-11   41.0   0.0    1.4e-11   40.9   0.0    1.0  1  nat_568d6ca5fcbffc2ace52  
    1.4e-11   41.0   0.9    2.1e-11   40.4   0.9    1.2  1  nat_a0c33ff7daaf9315de4b  
    1.4e-11   40.9   0.3    3.3e-11   39.7   0.3    1.6  1  nat_2cbea2021b2dcea14377  
    1.7e-11   40.7   0.3    3.2e-11   39.8   0.3    1.4  1  nat_833997551203b7f90ae0  
    1.7e-11   40.7   0.2    1.9e-11   40.5   0.2    1.2  1  nat_a839bd0954a015535b42  
      2e-11   40.4   2.7    3.3e-11   39.7   2.3    1.5  1  nat_c6dc835e8a7f5c8d11a7  
    2.2e-11   40.3   3.1    3.4e-11   39.7   2.4    1.6  1  nat_0f78d7acac5b21f9e204  
    2.4e-11   40.2   0.1    3.2e-11   39.8   0.1    1.2  1  nat_da289e6aa9b0bf8de540  
    2.6e-11   40.1   0.6    3.9e-11   39.5   0.6    1.2  1  nat_23547210dabe68635401  
    2.9e-11   39.9   0.2    3.4e-11   39.7   0.2    1.1  1  nat_72b3a46ef502cdedfc81  
    3.2e-11   39.8   0.2    3.7e-11   39.6   0.2    1.1  1  nat_b23dc8f37bc936f98c91  
    3.2e-11   39.8   0.3    5.5e-11   39.0   0.3    1.3  1  nat_6f78ae7dbd3067bdbed8  
    3.5e-11   39.7   2.7    4.2e-11   39.4   2.7    1.1  1  nat_248d1b2257a26e3431e4  
    3.7e-11   39.6   3.8    5.6e-11   39.0   2.9    1.6  1  nat_58a114a587bf7627f074  
    4.1e-11   39.4   4.0    6.4e-11   38.8   4.0    1.5  1  nat_d9b388b924f7fb872e9a  
    4.3e-11   39.4   0.8    7.5e-11   38.6   0.8    1.3  1  nat_50e7ec50620e080551e3  
    4.7e-11   39.2   0.9    6.9e-11   38.7   0.9    1.3  1  nat_7058382ccfa4518d5f28  
    4.7e-11   39.2   0.6    5.3e-11   39.1   0.6    1.2  1  nat_edecb23d5c987164e75c  
    5.2e-11   39.1   0.2    5.4e-11   39.0   0.2    1.1  1  nat_a073bea82f9def955f00  
    5.7e-11   39.0   0.3    6.2e-11   38.9   0.3    1.2  1  nat_c98d4b9753be8dfa1f08  
    6.7e-11   38.7   0.3    8.4e-11   38.4   0.3    1.3  1  nat_0a906f70a5c423dba747  
    7.3e-11   38.6   4.6    1.2e-10   38.0   4.0    1.5  1  nat_8bb53690eb425655a7a8  
    7.5e-11   38.6   0.1    9.3e-11   38.3   0.1    1.1  1  nat_3955b02fcca9b64e0539  
    7.6e-11   38.6   0.2    8.3e-11   38.4   0.2    1.1  1  nat_1d6f00b576454c5129eb  
    8.5e-11   38.4   0.4      1e-10   38.1   0.4    1.2  1  nat_0d9cf3fa4290fec6ca54  
    1.1e-10   38.1   1.1    1.6e-10   37.5   1.1    1.3  1  nat_f0527674fd3fa7ce3faf  
    1.2e-10   37.9   0.4    1.3e-10   37.8   0.4    1.1  1  nat_e68b15f93012eb3c69b4  
    1.5e-10   37.6   1.3    1.8e-10   37.4   1.3    1.1  1  nat_b6818cf3a9a74185f24e  
    1.7e-10   37.4   1.0    1.8e-10   37.3   1.0    1.0  1  nat_4ccdc7c4ee47fd86d36c  
    1.9e-10   37.2   0.9    2.5e-10   36.9   0.9    1.1  1  nat_ceadeb61c495acb2e73a  
    2.4e-10   36.9   1.7    3.1e-10   36.6   1.7    1.0  1  nat_94ba15d7551886d6aa13  
    3.2e-10   36.6   0.3    3.7e-10   36.4   0.3    1.1  1  nat_0888ea426b7452a347fc  
    4.7e-10   36.0   4.0    1.2e-09   34.7   4.0    1.7  1  nat_e4c02bb0f7a8020ec61d  
    5.7e-10   35.7   0.2    7.5e-10   35.4   0.2    1.1  1  nat_c7a61c64d45a104467ff  
    6.1e-10   35.7   1.3    7.5e-10   35.3   1.3    1.2  1  nat_fdb0b9a351d4c4c08841  
    8.6e-10   35.2   0.1    1.1e-09   34.9   0.1    1.1  1  nat_6052e825ac2d82997ce0  
      9e-10   35.1   3.6    1.7e-09   34.2   3.5    1.4  1  nat_575a3ddb97ad6997411f  
    1.1e-09   34.8   3.7    2.1e-09   33.9   3.5    1.4  1  nat_d82c955fa7d898a2ab96  
    1.5e-09   34.4   0.2    1.7e-09   34.2   0.2    1.1  1  nat_b0658df5234d9898146c  
    1.6e-09   34.3   0.2    1.7e-09   34.2   0.2    1.0  1  nat_3db117bf5e0e1b80df0a  
    2.2e-09   33.9   1.3    2.2e-09   33.9   1.3    1.1  1  nat_cb6ed77116909eb840cc  
    1.5e-08   31.1   0.1    1.8e-08   30.9   0.1    1.0  1  nat_26986896a7366e29c93d  
    1.6e-08   31.1   2.0    2.3e-08   30.5   1.8    1.3  1  nat_c2b38e1874ab84e46f83  
    1.9e-08   30.8   0.1    2.1e-08   30.7   0.1    1.0  1  nat_acfbc9604c933a917cd4  
    1.1e-07   28.3   0.2    1.4e-07   28.0   0.2    1.1  1  nat_17f8dbacce8546140dc8  
    6.1e-07   25.9   0.0    6.1e-07   25.9   0.0    1.1  1  nat_f1dfa126e7493ff95915  
    1.5e-06   24.7   0.0    1.9e-06   24.4   0.0    1.1  1  nat_9029bc6ccd84f10c931a  
  ------ inclusion threshold ------
      0.011   12.2   0.3      0.014   11.9   0.2    1.3  1  nat_a17dbfe78e8ff3f30cdf  
       0.56    6.7   2.1        2.4    4.7   2.1    2.0  1  nat_1b6af661fda31bf1e196  
       0.67    6.4   0.1       0.95    6.0   0.1    1.3  1  nat_68254939d0e81bc7115c  
        1.4    5.4   0.0        1.8    5.1   0.0    1.3  1  nat_8fce9d99308bcf67cd3b  
        1.8    5.0   1.4        2.2    4.8   1.4    1.3  1  nat_d0f5f95022cd7da863cf  
        1.8    5.0   0.0        2.1    4.8   0.0    1.2  1  nat_42c70c8520ebfd69a3a8  
        2.2    4.8   1.6        2.5    4.6   1.6    1.3  1  nat_64e943fc36a310c6d121  
        3.4    4.2   2.1          4    3.9   2.1    1.3  1  nat_9f67ffb9509d5a532d5a  
        4.4    3.8   0.1        9.6    2.7   0.1    1.7  1  nat_7d2ca121c0ce9f1da982  
        5.4    3.5   0.0        6.1    3.3   0.0    1.3  1  nat_7ec22aa305996fdcbbe6  
        5.4    3.5   0.1        5.6    3.5   0.1    1.2  1  nat_0aef17ff33a56ad243d6  
        5.8    3.4   0.3         13    2.3   0.3    1.6  1  nat_d95288fc3c89b2227500  
        5.9    3.4   3.0        3.3    4.2   1.3    1.5  1  nat_3521af063e9b236548c0  
        6.4    3.3   0.8        8.5    2.9   0.8    1.3  1  nat_13a8858106c206244ca2  
        6.8    3.2   0.0         13    2.3   0.0    1.5  1  nat_f9ed5273156498868a4d  
        7.2    3.1   0.4        8.4    2.9   0.4    1.3  1  nat_b07496d6758a328c5961  
        7.3    3.1   3.0        4.9    3.6   1.7    1.5  1  nat_944bef72ec0f0333ef58  
        8.2    2.9   0.1        9.5    2.7   0.1    1.3  1  nat_bb2d656c6c5518eb0448  
        8.4    2.9   0.2        9.6    2.7   0.2    1.5  1  nat_7c7d01a7d3871f469ba6  
        8.8    2.8   0.1         16    1.9   0.1    1.4  1  nat_00dad4d9eb9c6aee9740  
        9.1    2.8   2.7        6.4    3.3   1.4    1.5  1  nat_08f506a8e9498c03b468  
        9.3    2.8   0.1         11    2.6   0.1    1.3  1  nat_cb75faf383e3b49f7b2a  
        9.4    2.7   0.1         11    2.5   0.1    1.3  1  nat_581afdb2c32bf607da5a  
        9.5    2.7   0.1         11    2.5   0.1    1.3  1  nat_cce2f3d132dd4e662b2d  
         10    2.6   0.1         13    2.3   0.1    1.3  1  nat_00945445101ba336d3c1  
         11    2.6   0.1         11    2.6   0.1    1.2  1  nat_faf24daf3257ab31b44d  
         11    2.6   0.4         13    2.3   0.4    1.3  1  nat_ca058e965d65a8238480  
         11    2.5   0.2         22    1.6   0.2    1.6  1  nat_74988e137075760b96c3  
         11    2.5   0.6         13    2.3   0.6    1.3  1  nat_a07c55369bbbf7504123  
         12    2.4   0.3         29    1.2   0.3    1.7  1  nat_04929645ec641fea858e  
         12    2.4   0.2         16    2.0   0.2    1.5  1  nat_522d67ce81d99440c3e9  
         12    2.4   0.0         20    1.6   0.0    1.4  1  nat_768a4a0928de3c3de043  
         12    2.4   0.1         14    2.2   0.1    1.2  1  nat_b854d939d1cc416089b0  
         12    2.3   0.2         14    2.2   0.2    1.4  1  nat_22f3216261d87724d5ca  
         13    2.3   3.1         16    2.0   1.4    1.9  1  nat_e019c232d73b7720272e  
         13    2.3   1.1         13    2.3   1.1    1.3  1  nat_a805025f1e78467c4256  
         13    2.3   0.0         31    1.0   0.0    1.5  1  nat_bf33b68f47e85cfde16e  
         14    2.2   0.1         22    1.5   0.1    1.4  1  nat_71c4eaf80d5c340613c0  
         14    2.2   0.4         15    2.1   0.4    1.3  1  nat_21ce4c05e2c1231a2b33  
         14    2.2   0.1         15    2.1   0.1    1.2  1  nat_f78382fe3dd21fcadefa  
         14    2.2   0.2         15    2.0   0.2    1.3  1  nat_acc4591c95caebc1acdc  
         14    2.2   0.7         29    1.2   0.7    1.6  1  nat_3cabc956bfd183de1f63  
         15    2.1   1.1         16    2.0   1.1    1.3  1  nat_e355a3cabd64b6b94474  
         15    2.1   0.0         16    2.0   0.0    1.2  1  nat_4d6fdbbe43a6a597d4b4  
         16    2.0   0.7         59    0.2   0.1    2.0  1  nat_88ee1049db109262717a  
         16    2.0   0.1         24    1.4   0.1    1.4  1  nat_08d3e542ff49c899a532  
         16    2.0   0.2         36    0.9   0.0    1.7  1  nat_c0d82e06313e16097f0a  
         16    2.0   0.1         16    2.0   0.1    1.2  1  nat_9ec14e80a2c82af4533c  
         16    2.0   0.4         26    1.3   0.3    1.5  1  nat_82589630f5ae2d3f307c  
         16    2.0   0.6         21    1.6   0.6    1.3  1  nat_341f22f6df848fe1e159  
         16    2.0   0.1         20    1.6   0.1    1.4  1  nat_9295f767a32dcface418  
         16    1.9   0.5         17    1.9   0.5    1.2  1  nat_3f4ad2718cecb9460dfc  
         17    1.9   0.2         19    1.8   0.2    1.3  1  nat_4dafb76c38e9b7d65498  
         17    1.9   0.2         20    1.7   0.2    1.3  1  nat_167bf66cb53e9339f788  
         17    1.9   0.2         29    1.2   0.1    1.4  1  nat_4206b3c83132ed838cad  
         17    1.9   0.1         24    1.4   0.1    1.4  1  nat_d4b37ab9b761d79418a8  
         17    1.9   0.9         21    1.6   0.9    1.3  1  nat_5862b03f358ba80678c2  
         17    1.9   0.5         19    1.7   0.5    1.3  1  nat_9fafac92a5d42b5a3892  
         18    1.9   0.2         37    0.8   0.2    1.5  1  nat_8c82fe5fea12885eaa10  
         18    1.8   0.6         22    1.5   0.6    1.3  1  nat_22edc8a638b6a2edc028  
         18    1.8   0.0         36    0.8   0.0    1.4  1  nat_c68280dd1cee4d2a5307  
         18    1.8   0.7         23    1.5   0.7    1.3  1  nat_28fe1b57f20e35dc1b32  
         19    1.8   0.2         24    1.4   0.2    1.3  1  nat_2d3db8b8e0fa09ac51c5  
         19    1.7   0.1         21    1.6   0.1    1.3  1  nat_63b8d2c76b5087893a75  
         20    1.7   0.2         28    1.2   0.1    1.4  1  nat_e3af4a42319243713e17  
         20    1.7   0.4         51    0.4   0.3    1.6  1  nat_f2b695930cb506a8b51a  
         20    1.7   0.1    1.1e+02   -0.8   0.0    1.7  0  nat_32bd77983dbd8dfb8a38  
         20    1.7   0.2         21    1.6   0.2    1.3  1  nat_e68c2635df884c45a501  
         20    1.7   0.3         54    0.3   0.1    1.7  1  nat_1a4e419786810a96743b  
         20    1.6   0.1         22    1.5   0.1    1.3  1  nat_edb5b7a4e15c97b23594  
         21    1.6   0.1         28    1.2   0.1    1.3  1  nat_0121f9805d9138155c94  
         21    1.6   0.6         23    1.5   0.5    1.2  1  nat_521484c428743b2a28a2  
         21    1.6   0.6         25    1.4   0.6    1.3  1  nat_af29a9c134c8c13c12cf  
         21    1.6   0.0         38    0.8   0.0    1.4  1  nat_598bde578495fbb688ee  
         22    1.6   0.1         24    1.4   0.1    1.3  1  nat_a120643363df57573242  
         22    1.6   0.1         26    1.3   0.1    1.3  1  nat_cc277418f009938ffb7b  
         22    1.6   0.3         24    1.4   0.3    1.3  1  nat_935d7d0e66b4d7c7301a  
         22    1.5   0.4         46    0.5   0.4    1.7  1  nat_74c75a9811d827201939  
         22    1.5   0.3         57    0.2   0.3    1.6  1  nat_38c4b7b40831450106bb  
         22    1.5   0.0         67   -0.0   0.0    1.6  0  nat_eea50b6e1902af9b049c  
         23    1.5   0.9         25    1.4   0.9    1.2  1  nat_22b97f35b905826c7d19  
         23    1.5   0.0         25    1.3   0.0    1.3  1  nat_47a61474e6eef4332090  
         23    1.5   0.4         62    0.1   0.2    1.7  1  nat_492035bd7857aca04ece  
         24    1.4   1.0         43    0.6   0.5    1.6  1  nat_719ddebd2b5b980d36ce  
         24    1.4   0.4         31    1.0   0.4    1.4  1  nat_23973d3194845969e917  
         24    1.4   0.0         23    1.5   0.0    1.2  1  nat_b9a3d3a346b0bcc296b5  
         25    1.4   0.6         92   -0.5   0.4    1.8  0  nat_5e664c95262320b2daea  
         25    1.4   0.2         33    1.0   0.2    1.3  1  nat_8d605ff22811ab4235d7  
         25    1.4   0.1         85   -0.4   0.0    1.7  0  nat_690befef9ed3bae5c820  
         25    1.3   0.1         44    0.6   0.1    1.5  1  nat_a2e2c896faafb4632a0b  
         25    1.3   0.3         51    0.4   0.3    1.6  1  nat_2a2c6ce836f6b052a898  
         26    1.3   0.3         29    1.1   0.3    1.2  1  nat_f3cee6b4b1ac4fbe31cd  
         26    1.3   0.5         26    1.3   0.5    1.2  1  nat_45a9e22305a1b46f68f2  
         27    1.3   0.0         61    0.1   0.0    1.5  1  nat_f349a9497408e858de5d  
         27    1.3   0.3         31    1.0   0.3    1.3  1  nat_5a8e04fda20d0284fcf2  
         27    1.3   0.5         33    1.0   0.4    1.2  1  nat_88718dd3cb77e8c5a330  
         27    1.2   0.6         27    1.3   0.6    1.2  1  nat_46f1cb4a042a2dfc3559  
         28    1.2   0.4         29    1.2   0.4    1.3  1  nat_2f81ae5a8efef14f8a07  
         28    1.2   0.2         36    0.9   0.2    1.3  1  nat_76da33fd04b27484cbcd  
         28    1.2   0.3         58    0.2   0.3    1.6  1  nat_2e5af0d60bf3d90fabb5  
         29    1.2   0.7         70   -0.1   0.6    1.7  0  nat_51d61e9e87576691ccef  
         29    1.2   0.3         31    1.0   0.3    1.2  1  nat_d3b471aebb2636ab3f7c  
         29    1.2   0.4         36    0.9   0.4    1.2  1  nat_a31bf6961511d9b2e5db  
         29    1.2   0.2         28    1.2   0.2    1.2  1  nat_1ffb716e986dbe270146  
         30    1.1   0.3         41    0.7   0.3    1.3  1  nat_ebf292a13c22a6fb10ff  
         30    1.1   0.4         30    1.1   0.4    1.2  1  nat_012f7ed0df540c626390  
         30    1.1   0.1         59    0.2   0.1    1.4  1  nat_7c2eb329deec0b040768  
         30    1.1   0.1         34    0.9   0.1    1.3  1  nat_3051d69cdf2eb2867c43  
         30    1.1   0.0    2.1e+02   -1.7   0.0    1.7  0  nat_1066c516a611f0d3b670  
         30    1.1   0.0         37    0.8   0.0    1.4  1  nat_0d23f52cf0ddbd815d88  
         31    1.0   0.1         59    0.2   0.1    1.4  1  nat_6456c7962887f5ec8ec6  
         32    1.0   1.0         31    1.1   1.0    1.3  1  nat_ac4b5fca0de2eeea6c28  
         32    1.0   0.2         33    1.0   0.2    1.3  1  nat_dc28b3b3593d013bafd7  
         33    1.0   0.2         48    0.4   0.2    1.4  1  nat_c24b0ac6128907419709  
         33    1.0   0.5         34    0.9   0.5    1.2  1  nat_dfc6d9c3df75d03c2479  
         33    1.0   1.1         93   -0.5   0.3    1.9  0  nat_eedf2d89181613d2065f  
         34    0.9   0.0    2.3e+02   -1.8   0.0    1.7  0  nat_597d68a86a65eb266484  
         34    0.9   0.1         35    0.9   0.1    1.2  1  nat_9ad8adafd39e806bd787  
         34    0.9   0.4         87   -0.4   0.4    1.6  0  nat_213008d40b0886a169f4  
         34    0.9   0.9         74   -0.2   0.9    1.7  0  nat_2de1169e3d7efe4899c8  
         35    0.9   0.1         45    0.5   0.1    1.3  1  nat_4d078b98a15dd30260b8  
         35    0.9   0.4         43    0.6   0.4    1.3  1  nat_5a737a64d401db430800  
         35    0.9   1.0         82   -0.3   1.0    1.7  0  nat_00ff0d0f8a2cc408f4fc  
         35    0.9   0.6         69   -0.1   0.6    1.5  0  nat_e142d4451fae05079861  
         35    0.9   0.6         40    0.7   0.6    1.2  1  nat_ae04aaf1066a11d3d107  
         36    0.9   0.1         48    0.5   0.1    1.3  1  nat_8a38fd6e94c52ecb3e00  
         36    0.9   0.3         50    0.4   0.2    1.5  1  nat_83b5a7fbdc055a7e6548  
         36    0.8   0.5         56    0.2   0.5    1.4  1  nat_dcca1b13e180e73e24da  
         36    0.8   0.9         69   -0.1   0.9    1.6  0  nat_c6294867c99abd04a2a4  
         36    0.8   0.8         44    0.6   0.8    1.2  1  nat_d190f67f4075b2e1dcdb  
         37    0.8   0.0         84   -0.3   0.0    1.5  0  nat_4c93a06e77c71495a074  
         38    0.8   0.8         99   -0.6   0.6    1.8  0  nat_ec9b5926f08ed0206fff  
         38    0.8   0.4         40    0.7   0.4    1.3  1  nat_ebd14cfcc4230e68547c  
         38    0.8   0.2         42    0.6   0.2    1.3  1  nat_7b0f7b8528d5bb85e97b  
         39    0.8   0.1         52    0.3   0.1    1.3  1  nat_b627cf2b1cd715426291  
         39    0.7   0.0         75   -0.2   0.0    1.5  0  nat_677fef9f35b54b8f59f4  
         39    0.7   0.4         41    0.7   0.4    1.2  1  nat_55b02474c0fab1efb3b4  
         40    0.7   0.0    1.1e+02   -0.8   0.0    1.5  0  nat_2fcf63c4d0b08851d7bb  
         40    0.7   0.5         43    0.6   0.5    1.3  1  nat_e40d3b614313d5e855db  
         41    0.7   0.3         71   -0.1   0.3    1.4  0  nat_7ed72fe978260959b0d4  
         41    0.7   0.4         37    0.8   0.4    1.2  1  nat_b2c27e09d74473b0ebc2  
         41    0.7   0.3         47    0.5   0.3    1.2  1  nat_9563afccb8c08431776b  
         41    0.7   0.5         52    0.3   0.4    1.3  1  nat_82b15fd1e2a58ca3c8d0  
         41    0.7   0.1         53    0.3   0.1    1.3  1  nat_efb09f3729ebcf09a0cd  
         42    0.6   0.0         75   -0.2   0.0    1.3  0  nat_c4902f96def6fb28eba2  
         42    0.6   0.1         38    0.8   0.1    1.3  1  nat_b10fc547fbd9c05dd022  
         42    0.6   0.6         97   -0.5   0.6    1.6  0  nat_7e86aa921e43cec15ccd  
         42    0.6   0.1         67   -0.0   0.1    1.3  0  nat_b5b675473d129fb38c34  
         43    0.6   0.2         90   -0.4   0.2    1.5  0  nat_cad1eb46349cc94da814  
         45    0.6   0.2    1.1e+02   -0.7   0.2    1.5  0  nat_ca242131f6ef5b732fcf  
         45    0.5   0.2         88   -0.4   0.2    1.5  0  nat_6a167a94a8e6ee1a149f  
         46    0.5   0.1         57    0.2   0.1    1.2  1  nat_75c7fbef14ba03f076f3  
         46    0.5   0.0    2.4e+02   -1.8   0.0    1.6  0  nat_e275c2c119cdedf35af1  
         47    0.5   0.2         80   -0.3   0.2    1.5  0  nat_2dc604d7cf304f255e88  
         47    0.5   0.6    1.7e+02   -1.4   0.6    1.7  0  nat_ee215e560b3bde143fef  
         47    0.5   1.1    1.2e+02   -0.9   1.0    1.8  0  nat_bda2bb5bb32dc7505031  
         48    0.4   1.2    1.2e+02   -0.8   1.2    1.7  0  nat_744a9d49541c2fd7d2e2  
         49    0.4   0.3      1e+02   -0.6   0.3    1.5  0  nat_404cf82aead1f9489e72  
         49    0.4   0.1    1.2e+02   -0.9   0.1    1.5  0  nat_5b5e99744737ba3e4186  
         49    0.4   0.0    1.3e+02   -1.0   0.0    1.5  0  nat_ac5a4ab0595f93b85963  
         50    0.4   0.2         86   -0.4   0.2    1.5  0  nat_e6206d4d062bc49b3366  
         52    0.3   0.2    1.2e+02   -0.9   0.2    1.5  0  nat_7b982f3adbb743e270fc  
         53    0.3   0.1    1.3e+02   -1.0   0.1    1.5  0  nat_334d7739f0f8b9783b70  
         53    0.3   0.0         79   -0.3   0.0    1.3  0  nat_e9e60d2de704a1d756e6  
         54    0.3   0.1    2.3e+02   -1.8   0.0    1.6  0  nat_9b1e10df142449a3cb25  
         54    0.3   0.1         90   -0.4   0.1    1.5  0  nat_98d8ecbaaf4dc079697a  
         55    0.3   0.4    1.1e+02   -0.7   0.4    1.5  0  nat_9a9fa733c600121c0319  
         55    0.2   0.3         59    0.2   0.3    1.2  1  nat_5a717df99d67fd784241  
         56    0.2   0.2         72   -0.1   0.2    1.2  0  nat_e8725e8fbddfd6b8fab4  
         56    0.2   0.1         51    0.4   0.1    1.2  1  nat_b7b637f34ee70e87224a  
         60    0.1   0.2         91   -0.5   0.2    1.2  0  nat_868cd976b7dd6f5d055d  
         61    0.1   0.2    5.9e+02   -3.1   0.0    1.6  0  nat_c71ec6d271d4048dc5b9  
         61    0.1   0.0      3e+02   -2.1   0.0    1.5  0  nat_5322cde66edfa53888a3  
         62    0.1   0.3         65    0.0   0.3    1.2  1  nat_f463633620130e740645  
         62    0.1   0.1    1.3e+02   -1.0   0.1    1.4  0  nat_8f0e9788569f498f75f5  
         63    0.1   0.2    1.1e+02   -0.8   0.1    1.4  0  nat_d11339e5575f1cf41503  
         65    0.0   0.1    2.9e+02   -2.1   0.0    1.5  0  nat_24324a580eb775218509  
         66    0.0   0.0    1.2e+02   -0.9   0.0    1.4  0  nat_577493092a2b2854c435  


Domain annotation for each sequence (and alignments):
>> nat_cc9d0eca2af440c02e36  
   #    score  bias  c-Evalue  i-Evalue hmmfrom  hmm to    alifrom  ali to    envfrom  env to     acc
 ---   ------ ----- --------- --------- ------- -------    ------- -------    ------- -------    ----
   1 !  162.1   0.3   3.5e-49   4.3e-49       4     104 ..       9     114 ..       6     141 .. 0.87

  Alignments for each domain:
  == domain 1  score: 162.1 bits;  conditional E-value: 3.5e-49
                      gvpj   4 arp.....saiktstssstladiLervLDkGvviagDiavsiadveLltiklRllvasvdkakeiGldwwesdPylsskaeelee 83 
                               +rp     + i tst++stladiLervLDkG+viagDi++sia++eL++i++Rll++svdka+e+G++wwe+dPylssk+++l+e
  nat_cc9d0eca2af440c02e36   9 TRPqtnsnRVIPTSTQGSTLADILERVLDKGIVIAGDISISIASTELIHIRIRLLISSVDKAREMGINWWENDPYLSSKSQRLVE 93 
                               5666666678899************************************************************************ PP

                      gvpj  84 enkqlqerlksLeeklesekl 104
                               en+qlq+rl+sLe++l   ++
  nat_cc9d0eca2af440c02e36  94 ENQQLQQRLESLETQLRLLTS 114
                               **************9865443 PP

>> nat_8f6356423342dd6a8af7  
   #    score  bias  c-Evalue  i-Evalue hmmfrom  hmm to    alifrom  ali to    envfrom  env to     acc
 ---   ------ ----- --------- --------- ------- -------    ------- -------    ------- -------    ----
   1 !  157.5   3.3   9.1e-48   1.1e-47       8     107 ..       2     106 ..       1     110 [] 0.95

  Alignments for each domain:
  == domain 1  score: 157.5 bits;  conditional E-value: 9.1e-48
                      gvpj   8 aiktstssstladiLervLDkGvviagDiavsiadveLltiklRllvasvdkakeiGldwwesdPylsska.....eeleeenkq 87 
                               a+++s++s t++d+Le+vLDkGvviagDi+v+iadveLltik+Rl+vasvdkakeiG+dwwe+dPylsska     ++leeenk+
  nat_8f6356423342dd6a8af7   2 AMEHSMQSNTIVDVLEKVLDKGVVIAGDITVGIADVELLTIKIRLIVASVDKAKEIGMDWWENDPYLSSKAadnntRALEEENKK 86 
                               789*******************************************************************99999899******* PP

                      gvpj  88 lqerlksLeeklesekldel 107
                               lqerl+sLe+k++s++l+ +
  nat_8f6356423342dd6a8af7  87 LQERLESLEKKMDSNRLKTS 106
                               **************998654 PP

>> nat_93ee8755b8fb64b781d3  
   #    score  bias  c-Evalue  i-Evalue hmmfrom  hmm to    alifrom  ali to    envfrom  env to     acc
 ---   ------ ----- --------- --------- ------- -------    ------- -------    ------- -------    ----
   1 !  156.5   1.5   1.9e-47   2.3e-47       8     104 ..       2     103 ..       1     109 [. 0.95

  Alignments for each domain:
  == domain 1  score: 156.5 bits;  conditional E-value: 1.9e-47
                      gvpj   8 aiktstssstladiLervLDkGvviagDiavsiadveLltiklRllvasvdkakeiGldwwesdPylsska.....eeleeenkq 87 
                               a++++++sst++d+Le++LDkGvviagDi+v+iadveLltik+Rl+vas+dkakeiG+dwwesdPylsska     ++leeenk 
  nat_93ee8755b8fb64b781d3   2 AVEHNMQSSTIVDVLEKILDKGVVIAGDITVGIADVELLTIKIRLIVASIDKAKEIGMDWWESDPYLSSKAnekgtKALEEENKR 86 
                               799*******************************************************************99999999******* PP

                      gvpj  88 lqerlksLeeklesekl 104
                               lqerl+ Le+kl  ++l
  nat_93ee8755b8fb64b781d3  87 LQERLEALESKLSGNRL 103
                               ***********987766 PP

>> nat_4a66b9c8b2b4962ce727  
   #    score  bias  c-Evalue  i-Evalue hmmfrom  hmm to    alifrom  ali to    envfrom  env to     acc
 ---   ------ ----- --------- --------- ------- -------    ------- -------    ------- -------    ----
   1 !  155.2   1.4     5e-47   6.1e-47       8     104 ..       2     102 ..       1     108 [. 0.95

  Alignments for each domain:
  == domain 1  score: 155.2 bits;  conditional E-value: 5e-47
                      gvpj   8 aiktstssstladiLervLDkGvviagDiavsiadveLltiklRllvasvdkakeiGldwwesdPylsska....eeleeenkql 88 
                               a++++ +sst++d+Le++LDkGvviagDi+v+iadveLltik+Rl+vas+dkakeiG+dwwesdPylsska    ++leeenk l
  nat_4a66b9c8b2b4962ce727   2 AVEHNVQSSTIVDVLEKILDKGVVIAGDITVGIADVELLTIKIRLIVASIDKAKEIGMDWWESDPYLSSKAnegtKALEEENKRL 86 
                               799*******************************************************************9999999******** PP

                      gvpj  89 qerlksLeeklesekl 104
                               qerl+ Le++l  ++l
  nat_4a66b9c8b2b4962ce727  87 QERLEALENQLSGNRL 102
                               *********9987766 PP

>> nat_2dde3392aae621ffc247  
   #    score  bias  c-Evalue  i-Evalue hmmfrom  hmm to    alifrom  ali to    envfrom  env to     acc
 ---   ------ ----- --------- --------- ------- -------    ------- -------    ------- -------    ----
   1 !  154.4   2.4   8.5e-47     1e-46       8     104 ..       2     103 ..       1     109 [. 0.95

  Alignments for each domain:
  == domain 1  score: 154.4 bits;  conditional E-value: 8.5e-47
                      gvpj   8 aiktstssstladiLervLDkGvviagDiavsiadveLltiklRllvasvdkakeiGldwwesdPylsska.....eeleeenkq 87 
                               a+++s++sst++d+Le++LDkGvviagDi+v+iadveLltik+Rl+vasvdkakeiG+dwwe+dPyl+ska     ++l+eenk 
  nat_2dde3392aae621ffc247   2 AVEHSMQSSTIVDVLEKILDKGVVIAGDITVGIADVELLTIKIRLIVASVDKAKEIGMDWWENDPYLTSKAadnntKALQEENKR 86 
                               799*******************************************************************9999999******** PP

                      gvpj  88 lqerlksLeeklesekl 104
                               lqerl+sLe+ +  ++l
  nat_2dde3392aae621ffc247  87 LQERLESLEQSMSKNRL 103
                               *********99866655 PP

>> nat_dc91976c7c3450587080  
   #    score  bias  c-Evalue  i-Evalue hmmfrom  hmm to    alifrom  ali to    envfrom  env to     acc
 ---   ------ ----- --------- --------- ------- -------    ------- -------    ------- -------    ----
   1 !  153.5   2.3   1.6e-46     2e-46       8     100 ..       2      99 ..       1     109 [. 0.95

  Alignments for each domain:
  == domain 1  score: 153.5 bits;  conditional E-value: 1.6e-46
                      gvpj   8 aiktstssstladiLervLDkGvviagDiavsiadveLltiklRllvasvdkakeiGldwwesdPylsska.....eeleeenkq 87 
                               a++t+ +sst++d+Le++LDkGvviagDi+v+iadveLltik+Rl+vasvdkakeiG+dwwe+dPylsska     ++leeenk+
  nat_dc91976c7c3450587080   2 AVQTTGQSSTIVDVLEKILDKGVVIAGDITVGIADVELLTIKIRLIVASVDKAKEIGMDWWETDPYLSSKAvdnntKALEEENKM 86 
                               7899******************************************************************9999999******** PP

                      gvpj  88 lqerlksLeekle 100
                               lqerl+ Le+kl 
  nat_dc91976c7c3450587080  87 LQERLEALEKKLT 99 
                               **********984 PP

>> nat_def4e5618d2d3f638abe  
   #    score  bias  c-Evalue  i-Evalue hmmfrom  hmm to    alifrom  ali to    envfrom  env to     acc
 ---   ------ ----- --------- --------- ------- -------    ------- -------    ------- -------    ----
   1 !  152.8   2.0   2.7e-46   3.3e-46       9     106 ..       3     105 ..       1     110 [] 0.94

  Alignments for each domain:
  == domain 1  score: 152.8 bits;  conditional E-value: 2.7e-46
                      gvpj   9 iktstssstladiLervLDkGvviagDiavsiadveLltiklRllvasvdkakeiGldwwesdPylsska.....eeleeenkql 88 
                               +++  +s t++d+Le++LDkGvv+agDi+v+iadveLltik+Rl+vasvdkakeiG+dwwe+dPylsska     ++leeenk+l
  nat_def4e5618d2d3f638abe   3 MEHPAQSNTIVDVLEKILDKGVVVAGDITVGIADVELLTIKIRLIVASVDKAKEIGMDWWENDPYLSSKAadnntKALEEENKKL 87 
                               5678899**************************************************************9999999********* PP

                      gvpj  89 qerlksLeekleseklde 106
                               qerl+sLe+kl++++l+ 
  nat_def4e5618d2d3f638abe  88 QERLESLEKKLDTNRLNT 105
                               ************999865 PP

>> nat_b629ea5b6ccdf5cafe33  
   #    score  bias  c-Evalue  i-Evalue hmmfrom  hmm to    alifrom  ali to    envfrom  env to     acc
 ---   ------ ----- --------- --------- ------- -------    ------- -------    ------- -------    ----
   1 !  152.5   2.6   3.2e-46   3.9e-46       8     102 ..       2     101 ..       1     102 [] 0.96

  Alignments for each domain:
  == domain 1  score: 152.5 bits;  conditional E-value: 3.2e-46
                      gvpj   8 aiktstssstladiLervLDkGvviagDiavsiadveLltiklRllvasvdkakeiGldwwesdPylsska.....eeleeenkq 87 
                               a++++++sst++d+Le++LDkGvviagDi+v+iad+eLltik+Rl+vasvdkakeiG+dwwe+dPylssk+     ++leeen++
  nat_b629ea5b6ccdf5cafe33   2 AVEHNMQSSTIVDVLEKILDKGVVIAGDISVGIADIELLTIKIRLIVASVDKAKEIGMDWWENDPYLSSKSssgntKALEEENRK 86 
                               799*******************************************************************9889999******** PP

                      gvpj  88 lqerlksLeeklese 102
                               l+erl++Le++l ++
  nat_b629ea5b6ccdf5cafe33  87 LNERLEKLEKQLTTN 101
                               **********99776 PP

>> nat_a67dd765d5d9f1265194  
   #    score  bias  c-Evalue  i-Evalue hmmfrom  hmm to    alifrom  ali to    envfrom  env to     acc
 ---   ------ ----- --------- --------- ------- -------    ------- -------    ------- -------    ----
   1 !  151.4   0.5   7.2e-46   8.9e-46       5     102 ..      12     109 ..       5     113 .. 0.94

  Alignments for each domain:
  == domain 1  score: 151.4 bits;  conditional E-value: 7.2e-46
                      gvpj   5 rpsaiktstssstladiLervLDkGvviagDiavsiadveLltiklRllvasvdkakeiGldwwesdPylsskaeeleeenkqlq 89 
                               + +++ tst+ s+lad+LervLDkG+viagDi+vs++++eLl+i++Rll++svdkakeiG++wwe dPyls ++++l ++n+qlq
  nat_a67dd765d5d9f1265194  12 QSRPMITSTQASSLADVLERVLDKGIVIAGDITVSVGSTELLSIRIRLLISSVDKAKEIGINWWEGDPYLSGQSQKLLQANQQLQ 96 
                               4578899****************************************************************************** PP

                      gvpj  90 erlksLeeklese 102
                                r++sLe++l++ 
  nat_a67dd765d5d9f1265194  97 ARIESLESELKAI 109
                               ********99875 PP

>> nat_d7b8c5c7cb6b1053592e  
   #    score  bias  c-Evalue  i-Evalue hmmfrom  hmm to    alifrom  ali to    envfrom  env to     acc
 ---   ------ ----- --------- --------- ------- -------    ------- -------    ------- -------    ----
   1 !  150.8   1.1   1.1e-45   1.4e-45       8     103 ..       2     102 ..       1     107 [. 0.96

  Alignments for each domain:
  == domain 1  score: 150.8 bits;  conditional E-value: 1.1e-45
                      gvpj   8 aiktstssstladiLervLDkGvviagDiavsiadveLltiklRllvasvdkakeiGldwwesdPylsska.....eeleeenkq 87 
                               ai+++ +sst++d+Le++LDkGvviagDi+v+iadveLltik+Rl+vasvdkakeiG+dwwe+dPyl+ska     ++le+enk 
  nat_d7b8c5c7cb6b1053592e   2 AIEHNVQSSTIVDVLEKILDKGVVIAGDITVGIADVELLTIKIRLIVASVDKAKEIGMDWWETDPYLTSKAadnntKALEQENKR 86 
                               899*******************************************************************9999999******** PP

                      gvpj  88 lqerlksLeeklesek 103
                               lqerl+ Le+ + s++
  nat_d7b8c5c7cb6b1053592e  87 LQERLEALEKGMPSNR 102
                               *********9887765 PP

>> nat_f1643822251b583b4a61  
   #    score  bias  c-Evalue  i-Evalue hmmfrom  hmm to    alifrom  ali to    envfrom  env to     acc
 ---   ------ ----- --------- --------- ------- -------    ------- -------    ------- -------    ----
   1 !  150.7   0.1   1.2e-45   1.5e-45       6     105 ..      11     111 ..       5     113 .] 0.94

  Alignments for each domain:
  == domain 1  score: 150.7 bits;  conditional E-value: 1.2e-45
                      gvpj   6 p.saiktstssstladiLervLDkGvviagDiavsiadveLltiklRllvasvdkakeiGldwwesdPylsskaeeleeenkqlq 89 
                               p ++++t t++stl+d+LervLDkG+viagDi+vs++++eLl+i++Rllvasvdkake+G++wwe dP l  +++el ++n+qlq
  nat_f1643822251b583b4a61  11 PhRPMATATQGSTLVDVLERVLDKGIVIAGDISVSVGSTELLSIRIRLLVASVDKAKEMGINWWEGDPHLNGRSQELLAANEQLQ 95 
                               34788999***************************************************************************** PP

                      gvpj  90 erlksLeeklesekld 105
                                r++sLe++l++ k  
  nat_f1643822251b583b4a61  96 VRIESLERELKALKAG 111
                               **********998765 PP

>> nat_9863770a194a0d55027a  
   #    score  bias  c-Evalue  i-Evalue hmmfrom  hmm to    alifrom  ali to    envfrom  env to     acc
 ---   ------ ----- --------- --------- ------- -------    ------- -------    ------- -------    ----
   1 !  149.1   0.5   3.9e-45   4.7e-45       9     104 ..       7     106 ..       1     116 [. 0.88

  Alignments for each domain:
  == domain 1  score: 149.1 bits;  conditional E-value: 3.9e-45
                      gvpj   9 iktstssstladiLervLDkGvviagDiavsiadveLltiklRllvasvdkakeiGldwwesdPylsska....eeleeenkqlq 89 
                               +++ +  s+l+d+Le+vLDkGvviagDi+v+iadveLltik+Rl+v+svdkakeiG+dwwe+dPylsska     +le+enkql+
  nat_9863770a194a0d55027a   7 LQHGNGPSNLVDVLEKVLDKGVVIAGDISVGIADVELLTIKIRLIVSSVDKAKEIGMDWWETDPYLSSKAtektTALEQENKQLH 91 
                               56667789*************************************************************9888789********* PP

                      gvpj  90 erlksLeeklesekl 104
                               erl+ Le+kl  +++
  nat_9863770a194a0d55027a  92 ERLNALEDKLSKNES 106
                               *********954443 PP

>> nat_daa26bb81225045c82c6  
   #    score  bias  c-Evalue  i-Evalue hmmfrom  hmm to    alifrom  ali to    envfrom  env to     acc
 ---   ------ ----- --------- --------- ------- -------    ------- -------    ------- -------    ----
   1 !  148.1   0.7   7.7e-45   9.4e-45       7     103 ..       5     105 ..       1     113 [] 0.90

  Alignments for each domain:
  == domain 1  score: 148.1 bits;  conditional E-value: 7.7e-45
                      gvpj   7 saiktstssstladiLervLDkGvviagDiavsiadveLltiklRllvasvdkakeiGldwwesdPylsska....eeleeenkq 87 
                               + +++++  s+l+d+Le+vLDkGvviagDi+v+iadveL+tik+Rl+vasvdkakeiG+dwwe+dPyl+ska     +le+enkq
  nat_daa26bb81225045c82c6   5 QQLQQNNGPSNLVDVLEKVLDKGVVIAGDISVGIADVELITIKIRLIVASVDKAKEIGMDWWETDPYLTSKAtektTALEQENKQ 89 
                               566788889*************************************************************99887789******* PP

                      gvpj  88 lqerlksLeeklesek 103
                               lqerl+ Le+kl  ++
  nat_daa26bb81225045c82c6  90 LQERLHALENKLMNNE 105
                               ***********95544 PP

>> nat_8be088bcd53ef20d5eec  
   #    score  bias  c-Evalue  i-Evalue hmmfrom  hmm to    alifrom  ali to    envfrom  env to     acc
 ---   ------ ----- --------- --------- ------- -------    ------- -------    ------- -------    ----
   1 !  146.8   2.0   1.9e-44   2.3e-44       8     105 ..       2     104 ..       1     109 [] 0.94

  Alignments for each domain:
  == domain 1  score: 146.8 bits;  conditional E-value: 1.9e-44
                      gvpj   8 aiktstssstladiLervLDkGvviagDiavsiadveLltiklRllvasvdkakeiGldwwesdPylsska.....eeleeenkq 87 
                               a+++ ++s t++d+Le+vLDkGvviagDi v+iadveL+tik+Rl+vasvdkakeiG+dwwe+dPylss+a     ++leeenk+
  nat_8be088bcd53ef20d5eec   2 AVEHPMQSNTIVDVLEKVLDKGVVIAGDIRVGIADVELITIKIRLIVASVDKAKEIGMDWWENDPYLSSQAnqntyDALEEENKK 86 
                               78999*****************************************************************99988889******* PP

                      gvpj  88 lqerlksLeeklesekld 105
                               l+erl+ Le+k  + +l+
  nat_8be088bcd53ef20d5eec  87 LRERLDALENKEGTDRLN 104
                               ***********9888765 PP

>> nat_395ec35f14effdb2da3a  
   #    score  bias  c-Evalue  i-Evalue hmmfrom  hmm to    alifrom  ali to    envfrom  env to     acc
 ---   ------ ----- --------- --------- ------- -------    ------- -------    ------- -------    ----
   1 !  145.8   1.3   3.9e-44   4.7e-44       7     100 ..       8     106 ..       1     110 [. 0.92

  Alignments for each domain:
  == domain 1  score: 145.8 bits;  conditional E-value: 3.9e-44
                      gvpj   7 saiktstssstladiLervLDkGvviagDiavsiadveLltiklRllvasvdkakeiGldwwesdPylsska.....eeleeenk 86 
                               ++ +++++ss+l+d+Le vLDkGvviagDi v+iadveLl+ik+Rl+vasvdkakeiG+dwwe+dPyl ska     ++l+eenk
  nat_395ec35f14effdb2da3a   8 QPQAPQNTSSNLVDVLETVLDKGVVIAGDIRVGIADVELLSIKIRLIVASVDKAKEIGMDWWETDPYLNSKAaeqeqNQLKEENK 92 
                               566778899**************************************************************99998889****** PP

                      gvpj  87 qlqerlksLeekle 100
                               +lq+rl++Le kl 
  nat_395ec35f14effdb2da3a  93 ELQKRLEKLEGKLT 106
                               ***********985 PP

>> nat_19313a16de85e8dc6da2  
   #    score  bias  c-Evalue  i-Evalue hmmfrom  hmm to    alifrom  ali to    envfrom  env to     acc
 ---   ------ ----- --------- --------- ------- -------    ------- -------    ------- -------    ----
   1 !  145.8   2.1   3.8e-44   4.7e-44       7     108 ..       4     108 ..       1     109 [] 0.96

  Alignments for each domain:
  == domain 1  score: 145.8 bits;  conditional E-value: 3.8e-44
                      gvpj   7 saiktstssstladiLervLDkGvviagDiavsiadveLltiklRllvasvdkakeiGldwwesdPylsska...eeleeenkql 88 
                               +aik+st s  l+diLe vLDkGvviagDi+v+iadveLltik+Rl+vasvdkakeiG+dwwe+dP  ssk+   +e++een++l
  nat_19313a16de85e8dc6da2   4 QAIKQSTASNGLVDILETVLDKGVVIAGDIQVNIADVELLTIKIRLMVASVDKAKEIGMDWWETDPHYSSKGlriQEIQEENEEL 88 
                               89**********************************************************************999********** PP

                      gvpj  89 qerlksLeeklesekldels 108
                               ++r+k+Lee+++  + +e+s
  nat_19313a16de85e8dc6da2  89 HNRIKQLEENSANPNNNESS 108
                               *********99888777765 PP

>> nat_3fffa9db9247345bf996  
   #    score  bias  c-Evalue  i-Evalue hmmfrom  hmm to    alifrom  ali to    envfrom  env to     acc
 ---   ------ ----- --------- --------- ------- -------    ------- -------    ------- -------    ----
   1 !  144.2   0.4   1.2e-43   1.5e-43       8     102 ..       2      96 ..       1     118 [. 0.92

  Alignments for each domain:
  == domain 1  score: 144.2 bits;  conditional E-value: 1.2e-43
                      gvpj   8 aiktstssstladiLervLDkGvviagDiavsiadveLltiklRllvasvdkakeiGldwwesdPylsskaeeleeenkqlqerl 92 
                               +i++s +s+++ diLe++LDkGvviagDi++s+adv+Llti++RllvasvdkakeiGl+wwesdPy ss+a+ le+en+ l+e++
  nat_3fffa9db9247345bf996   2 SIQHSSQSGNILDILEKILDKGVVIAGDIKISLADVDLLTIRIRLLVASVDKAKEIGLNWWESDPYFSSRASYLEKENARLNEQI 86 
                               5899********************************************************************************* PP

                      gvpj  93 ksLeeklese 102
                               + Le+ +  +
  nat_3fffa9db9247345bf996  87 NRLEHLIGEQ 96 
                               ****977554 PP

>> nat_1af92f4517cb07b380d4  
   #    score  bias  c-Evalue  i-Evalue hmmfrom  hmm to    alifrom  ali to    envfrom  env to     acc
 ---   ------ ----- --------- --------- ------- -------    ------- -------    ------- -------    ----
   1 !  144.0   0.5   1.4e-43   1.7e-43       6     100 ..       6     102 ..       1     110 [. 0.93

  Alignments for each domain:
  == domain 1  score: 144.0 bits;  conditional E-value: 1.4e-43
                      gvpj   6 p..saiktstssstladiLervLDkGvviagDiavsiadveLltiklRllvasvdkakeiGldwwesdPylsskaeeleeenkql 88 
                                  +a+ tst++s+lad+LervLDkG+viagDi+vs+a +eLl+i++Rllvasvdka+eiG++wwe++P    +++ l e+n+ql
  nat_1af92f4517cb07b380d4   6 DsaRAMSTSTQGSSLADVLERVLDKGIVIAGDISVSVATTELLNIRIRLLVASVDKAREIGINWWENNPHFNAQSQSLLESNRQL 90 
                               334899******************************************************************************* PP

                      gvpj  89 qerlksLeekle 100
                               q+r++sLe++l 
  nat_1af92f4517cb07b380d4  91 QQRVDSLETELR 102
                               *********985 PP

>> nat_5c2e3230af84af2b587d  
   #    score  bias  c-Evalue  i-Evalue hmmfrom  hmm to    alifrom  ali to    envfrom  env to     acc
 ---   ------ ----- --------- --------- ------- -------    ------- -------    ------- -------    ----
   1 !  143.7   3.0   1.7e-43   2.1e-43       8     101 ..       2     100 ..       1     103 [. 0.96

  Alignments for each domain:
  == domain 1  score: 143.7 bits;  conditional E-value: 1.7e-43
                      gvpj   8 aiktstssstladiLervLDkGvviagDiavsiadveLltiklRllvasvdkakeiGldwwesdPylsska.....eeleeenkq 87 
                               ai++st+s +++d+Le vLDkGvviagDi v+iadveLltik+Rl+vasvdkakeiG+dwwe+dP lsska     +ele+en+q
  nat_5c2e3230af84af2b587d   2 AIEQSTQSNSIVDVLETVLDKGVVIAGDIRVGIADVELLTIKIRLIVASVDKAKEIGMDWWETDPFLSSKAaeqntKELEKENEQ 86 
                               799*******************************************************************9999999******** PP

                      gvpj  88 lqerlksLeekles 101
                               l +rl++Le++++ 
  nat_5c2e3230af84af2b587d  87 LSKRLEQLEKNMNQ 100
                               *********99875 PP

>> nat_86c1908d1d28058bf2a9  
   #    score  bias  c-Evalue  i-Evalue hmmfrom  hmm to    alifrom  ali to    envfrom  env to     acc
 ---   ------ ----- --------- --------- ------- -------    ------- -------    ------- -------    ----
   1 !  142.1   3.0   5.5e-43   6.8e-43       9      96 ..       3      90 ..       1      97 [. 0.96

  Alignments for each domain:
  == domain 1  score: 142.1 bits;  conditional E-value: 5.5e-43
                      gvpj  9 iktstssstladiLervLDkGvviagDiavsiadveLltiklRllvasvdkakeiGldwwesdPylsskaeeleeenkqlqerlksL 95
                              i++  +ss++ +iLe++LDkGvviagDi++s+adveLltik+Rl+vasvdkakeiGldwwesdPyls+ka+ le+en+ l+e++++L
  nat_86c1908d1d28058bf2a9  3 IQHASESSNILEILEKILDKGVVIAGDIKISLADVELLTIKIRLIVASVDKAKEIGLDWWESDPYLSTKAKSLEAENRLLKEEVEKL 89
                              788999*******************************************************************************99 PP

                      gvpj 96 e 96
                               
  nat_86c1908d1d28058bf2a9 90 K 90
                              6 PP

>> nat_1d519e42f5e4d4625382  
   #    score  bias  c-Evalue  i-Evalue hmmfrom  hmm to    alifrom  ali to    envfrom  env to     acc
 ---   ------ ----- --------- --------- ------- -------    ------- -------    ------- -------    ----
   1 !  138.1   0.7   9.6e-42   1.2e-41      10     103 ..       8     101 ..       1     118 [. 0.88

  Alignments for each domain:
  == domain 1  score: 138.1 bits;  conditional E-value: 9.6e-42
                      gvpj  10 ktstssstladiLervLDkGvviagDiavsiadveLltiklRllvasvdkakeiGldwwesdPylsskaeeleeenkqlqerlks 94 
                                ++ ++s+l+d+Le vLDkGvviagDi++++adveLltik+Rllvasvdkake+G+dwwe d   ss a +++een++l +r+++
  nat_1d519e42f5e4d4625382   8 TPKDNTSNLVDVLETVLDKGVVIAGDIKINLADVELLTIKIRLLVASVDKAKEMGIDWWEHDSHYSSGAARVQEENEELWQRIRQ 92 
                               4556789****************************************************************************** PP

                      gvpj  95 Leeklesek 103
                               Lee+  ++ 
  nat_1d519e42f5e4d4625382  93 LEERQGTNA 101
                               ****96654 PP

>> nat_7c3fe835f2de28872203  
   #    score  bias  c-Evalue  i-Evalue hmmfrom  hmm to    alifrom  ali to    envfrom  env to     acc
 ---   ------ ----- --------- --------- ------- -------    ------- -------    ------- -------    ----
   1 !  133.7   0.4   2.2e-40   2.7e-40      14     103 ..      23     114 ..      10     117 .] 0.94

  Alignments for each domain:
  == domain 1  score: 133.7 bits;  conditional E-value: 2.2e-40
                      gvpj  14 ssstladiLervLDkGvviagDiavsiadveLltiklRllvasvdkakeiGldwwesdPylsska..eeleeenkqlqerlksLe 96 
                                 s+ladiLervLDkG+viagDi+v+++d+eLlt+k+Rllv svdka e+G+dww sdP+ls+ a  +el++en+ql+ r+++Le
  nat_7c3fe835f2de28872203  23 APSNLADILERVLDKGIVIAGDIKVNLLDIELLTVKIRLLVVSVDKAIELGIDWWRSDPMLSTSAadHELADENEQLRARVRELE 107
                               569***********************************************************999899***************** PP

                      gvpj  97 eklesek 103
                               +++ese+
  nat_7c3fe835f2de28872203 108 SESESER 114
                               ****987 PP

>> nat_4679d56f6681435313d7  
   #    score  bias  c-Evalue  i-Evalue hmmfrom  hmm to    alifrom  ali to    envfrom  env to     acc
 ---   ------ ----- --------- --------- ------- -------    ------- -------    ------- -------    ----
   1 !  133.7   0.1   2.1e-40   2.6e-40       7     100 ..      12     107 ..       1     117 [. 0.93

  Alignments for each domain:
  == domain 1  score: 133.7 bits;  conditional E-value: 2.1e-40
                      gvpj   7 saiktstssstladiLervLDkGvviagDiavsiadveLltiklRllvasvdkakeiGldwwesdPylsska..eeleeenkqlq 89 
                                ++++s s+s+ladiLer+LDkG+viagD+++ ++d+eLlti+lRl ++sv++ak+ G+dwwe+dP+lss+a  ++l++en++l+
  nat_4679d56f6681435313d7  12 DPYRHSPSTSNLADILERILDKGIVIAGDVKIDLLDIELLTIRLRLFISSVETAKKAGIDWWETDPALSSRAaeRALAQENEELR 96 
                               688999******************************************************************9889********* PP

                      gvpj  90 erlksLeekle 100
                               +r+++Le++ +
  nat_4679d56f6681435313d7  97 SRVAELEDRED 107
                               *******9975 PP

>> nat_d39c56188f28cb02ba10  
   #    score  bias  c-Evalue  i-Evalue hmmfrom  hmm to    alifrom  ali to    envfrom  env to     acc
 ---   ------ ----- --------- --------- ------- -------    ------- -------    ------- -------    ----
   1 !  131.4   0.1   1.1e-39   1.4e-39      15      99 ..      20     106 ..      13     114 .. 0.95

  Alignments for each domain:
  == domain 1  score: 131.4 bits;  conditional E-value: 1.1e-39
                      gvpj  15 sstladiLervLDkGvviagDiavsiadveLltiklRllvasvdkakeiGldwwesdPylsska..eeleeenkqlqerlksLee 97 
                               s++lad+LervLDkGvviagDi++ ++d+eLlti+lRl +asvd+ak+ G+dwwe+dP+lss+a  ++l+een+ql+ rl+ Lee
  nat_d39c56188f28cb02ba10  20 SGSLADLLERVLDKGVVIAGDIKIDLLDIELLTIRLRLFIASVDTAKKAGIDWWETDPALSSRAarDALAEENAQLRARLEALEE 104
                               789*************************************************************9999****************9 PP

                      gvpj  98 kl 99 
                                +
  nat_d39c56188f28cb02ba10 105 SV 106
                               76 PP

>> nat_78a9f4fc56b943558b47  
   #    score  bias  c-Evalue  i-Evalue hmmfrom  hmm to    alifrom  ali to    envfrom  env to     acc
 ---   ------ ----- --------- --------- ------- -------    ------- -------    ------- -------    ----
   1 !  131.3   0.3   1.2e-39   1.5e-39       4     106 ..       6     107 ..       1     114 [. 0.85

  Alignments for each domain:
  == domain 1  score: 131.3 bits;  conditional E-value: 1.2e-39
                      gvpj   4 arpsaik.tstssstladiLervLDkGvviagDiavsiadveLltiklRllvasvdkakeiGldwwesdPylsskaeeleeenkq 87 
                               +r  ++  +s+s+ tladiLervLDkG+viagDi+v+++d+eLlt+klRllvasvd+a+++G+dww  dP l+   ++l++en++
  nat_78a9f4fc56b943558b47   6 PRGTTLSpSSRSGDTLADILERVLDKGIVIAGDIQVNVLDIELLTLKLRLLVASVDTARDMGIDWWSRDPFLTGE-SALQRENQE 89 
                               344454415678889***********************************************************9.9******** PP

                      gvpj  88 lqerlksLeekleseklde 106
                               l erl+ Le+ +  ++ d+
  nat_78a9f4fc56b943558b47  90 LAERLERLERAT-GRTADQ 107
                               *********987.444444 PP

>> nat_cbba243dc1613c0cb1fa  
   #    score  bias  c-Evalue  i-Evalue hmmfrom  hmm to    alifrom  ali to    envfrom  env to     acc
 ---   ------ ----- --------- --------- ------- -------    ------- -------    ------- -------    ----
   1 !  130.8   0.1   1.7e-39     2e-39      14     101 ..      20     109 ..       9     115 .] 0.91

  Alignments for each domain:
  == domain 1  score: 130.8 bits;  conditional E-value: 1.7e-39
                      gvpj  14 ssstladiLervLDkGvviagDiavsiadveLltiklRllvasvdkakeiGldwwesdPylsska..eeleeenkqlqerlksLe 96 
                                +++lad+LervLDkG+viagDi++ ++d+eLlti+lRl +asvd+ak+ G+dwwe+dP+lss+a  ++l+een+ l+ rl+ Le
  nat_cbba243dc1613c0cb1fa  20 VTGNLADLLERVLDKGIVIAGDIKIDLLDIELLTIRLRLFIASVDTAKKAGIDWWETDPALSSRAahDALAEENARLRARLDALE 104
                               4689*************************************************************9999**************** PP

                      gvpj  97 ekles 101
                               e  e 
  nat_cbba243dc1613c0cb1fa 105 ESAED 109
                               98864 PP

>> nat_05b12b3e859ceb6ed015  
   #    score  bias  c-Evalue  i-Evalue hmmfrom  hmm to    alifrom  ali to    envfrom  env to     acc
 ---   ------ ----- --------- --------- ------- -------    ------- -------    ------- -------    ----
   1 !  129.7   0.0   3.8e-39   4.7e-39      15      98 ..      20     105 ..       7     111 .. 0.95

  Alignments for each domain:
  == domain 1  score: 129.7 bits;  conditional E-value: 3.8e-39
                      gvpj  15 sstladiLervLDkGvviagDiavsiadveLltiklRllvasvdkakeiGldwwesdPylsska..eeleeenkqlqerlksLee 97 
                               s++lad+LervLDkG+viagDi++ ++d+eLlti+lRl +asvd+ak+ G+dwwe+dP+lss+a  eel+een+ l+ rl+ Le 
  nat_05b12b3e859ceb6ed015  20 SGSLADLLERVLDKGIVIAGDIKIDLLDIELLTIRLRLFIASVDTAKKAGIDWWETDPALSSRAarEELAEENERLRARLDALEG 104
                               789*************************************************************999****************97 PP

                      gvpj  98 k 98 
                                
  nat_05b12b3e859ceb6ed015 105 A 105
                               6 PP

>> nat_c6080e51aceffe4e0a16  
   #    score  bias  c-Evalue  i-Evalue hmmfrom  hmm to    alifrom  ali to    envfrom  env to     acc
 ---   ------ ----- --------- --------- ------- -------    ------- -------    ------- -------    ----
   1 !  129.5   0.0   4.4e-39   5.4e-39      14     101 ..      19     108 ..       7     112 .. 0.93

  Alignments for each domain:
  == domain 1  score: 129.5 bits;  conditional E-value: 4.4e-39
                      gvpj  14 ssstladiLervLDkGvviagDiavsiadveLltiklRllvasvdkakeiGldwwesdPylsska..eeleeenkqlqerlksLe 96 
                                s++lad+LervLDkG+viagDi++ ++d+eLlti+lRl +asvd+ak+ G+dwwe+dP+lss+a  ++l+een+ l+ rl+ Le
  nat_c6080e51aceffe4e0a16  19 PSGSLADLLERVLDKGIVIAGDIKIDLLDIELLTIRLRLFIASVDTAKKAGIDWWETDPALSSRAarDALAEENARLRARLDALE 103
                               5899*************************************************************9999**************** PP

                      gvpj  97 ekles 101
                                  e 
  nat_c6080e51aceffe4e0a16 104 GAAEE 108
                               98765 PP

>> nat_0a6e89f60cd37515559e  
   #    score  bias  c-Evalue  i-Evalue hmmfrom  hmm to    alifrom  ali to    envfrom  env to     acc
 ---   ------ ----- --------- --------- ------- -------    ------- -------    ------- -------    ----
   1 !  129.0   0.4   6.1e-39   7.5e-39      17      99 ..      27     109 ..      13     110 .] 0.96

  Alignments for each domain:
  == domain 1  score: 129.0 bits;  conditional E-value: 6.1e-39
                      gvpj  17 tladiLervLDkGvviagDiavsiadveLltiklRllvasvdkakeiGldwwesdPylsskaeeleeenkqlqerlksLeekl 99 
                                ladiLervLDkG++iagDi v+++d+eLlt+k+Rllv svdka e+G+dww  dP+ls+ a+ l+een+ql+er+++Le++ 
  nat_0a6e89f60cd37515559e  27 GLADILERVLDKGIIIAGDIRVNLLDIELLTVKIRLLVVSVDKAMEMGIDWWRHDPMLSTEAQGLAEENRQLRERVEELERER 109
                               69******************************************************************************975 PP

>> nat_41d8ab0f02461073a97c  
   #    score  bias  c-Evalue  i-Evalue hmmfrom  hmm to    alifrom  ali to    envfrom  env to     acc
 ---   ------ ----- --------- --------- ------- -------    ------- -------    ------- -------    ----
   1 !  128.8   1.1   7.1e-39   8.7e-39      12     102 ..       3      93 ..       1     103 [. 0.93

  Alignments for each domain:
  == domain 1  score: 128.8 bits;  conditional E-value: 7.1e-39
                      gvpj  12 stssstladiLervLDkGvviagDiavsiadveLltiklRllvasvdkakeiGldwwesdPylsskaeeleeenkqlqerlksLe 96 
                               s +s++l diLervLDkG+viagDi v+++d+eLltiklRl++as+d+a+e+G+dww +dP lsska++le en+ l+ r++ Le
  nat_41d8ab0f02461073a97c   3 SPQSTNLGDILERVLDKGIVIAGDIRVNLLDIELLTIKLRLVIASLDTAREVGIDWWVNDPWLSSKASNLELENDRLRARIEALE 87 
                               56899******************************************************************************** PP

                      gvpj  97 eklese 102
                               +    +
  nat_41d8ab0f02461073a97c  88 TGNGER 93 
                               876554 PP

>> nat_8c0f48ab1366fa010ded  
   #    score  bias  c-Evalue  i-Evalue hmmfrom  hmm to    alifrom  ali to    envfrom  env to     acc
 ---   ------ ----- --------- --------- ------- -------    ------- -------    ------- -------    ----
   1 !  128.7   0.2   7.8e-39   9.6e-39      11     102 ..      17     108 ..       6     116 .. 0.94

  Alignments for each domain:
  == domain 1  score: 128.7 bits;  conditional E-value: 7.8e-39
                      gvpj  11 tstssstladiLervLDkGvviagDiavsiadveLltiklRllvasvdkakeiGldwwesdPylsskaeeleeenkqlqerlksL 95 
                               +s +ss+l diLervLDkG+viagDi+v+++d+eLltiklRl++as+++a+e+G++wwesdP l+    +l+een+ l+ r+++L
  nat_8c0f48ab1366fa010ded  17 PSGQSSNLGDILERVLDKGLVIAGDIQVNLLDIELLTIKLRLVIASLETAREVGINWWESDPWLTGDNGKLQEENRLLRARVAEL 101
                               6899********************************************************************************* PP

                      gvpj  96 eeklese 102
                               e+  es 
  nat_8c0f48ab1366fa010ded 102 EAAPESI 108
                               *988775 PP

>> nat_41c961009656e555d77b  
   #    score  bias  c-Evalue  i-Evalue hmmfrom  hmm to    alifrom  ali to    envfrom  env to     acc
 ---   ------ ----- --------- --------- ------- -------    ------- -------    ------- -------    ----
   1 !  128.7   0.0   7.7e-39   9.5e-39      14      97 ..      19     104 ..       6     112 .. 0.94

  Alignments for each domain:
  == domain 1  score: 128.7 bits;  conditional E-value: 7.7e-39
                      gvpj  14 ssstladiLervLDkGvviagDiavsiadveLltiklRllvasvdkakeiGldwwesdPylsska..eeleeenkqlqerlksLe 96 
                               s+++lad+LervLDkG+viagDi++ ++d+eLlti+lRl +asv++ak+ G+dwwe+dP+lss+a  ++l+een+ l+ rl+ Le
  nat_41c961009656e555d77b  19 SGGSLADLLERVLDKGIVIAGDIKIDLLDIELLTIRLRLFIASVETAKKAGIDWWETDPALSSRAarDALAEENARLRARLEALE 103
                               789**************************************************************9999***************9 PP

                      gvpj  97 e 97 
                               e
  nat_41c961009656e555d77b 104 E 104
                               7 PP

>> nat_9ecb68caf9b062eead15  
   #    score  bias  c-Evalue  i-Evalue hmmfrom  hmm to    alifrom  ali to    envfrom  env to     acc
 ---   ------ ----- --------- --------- ------- -------    ------- -------    ------- -------    ----
   1 !  128.7   0.7     8e-39   9.8e-39      12      97 ..      22     111 ..       6     114 .] 0.89

  Alignments for each domain:
  == domain 1  score: 128.7 bits;  conditional E-value: 8e-39
                      gvpj  12 stssstladiLervLDkGvviagDiavsiadveLltiklRllvasvdkakeiGldwwesdPylsska....eeleeenkqlqerl 92 
                                    +ladiLervLDkG+viagDi v+++d+eLltik+Rl+v svdka e+G+dww sdP+ls  a    ++l++en++l+er+
  nat_9ecb68caf9b062eead15  22 APRPDNLADILERVLDKGIVIAGDIRVNLLDIELLTIKIRLVVVSVDKAMEMGIDWWTSDPMLSADAnadaQKLTDENRKLRERV 106
                               444569**********************************************************9988888************** PP

                      gvpj  93 ksLee 97 
                               ++Le+
  nat_9ecb68caf9b062eead15 107 EELER 111
                               ***97 PP

>> nat_1c3d745a993f2e62d375  
   #    score  bias  c-Evalue  i-Evalue hmmfrom  hmm to    alifrom  ali to    envfrom  env to     acc
 ---   ------ ----- --------- --------- ------- -------    ------- -------    ------- -------    ----
   1 !  128.0   0.1   1.3e-38   1.6e-38      14     102 ..      19     109 ..       7     113 .. 0.94

  Alignments for each domain:
  == domain 1  score: 128.0 bits;  conditional E-value: 1.3e-38
                      gvpj  14 ssstladiLervLDkGvviagDiavsiadveLltiklRllvasvdkakeiGldwwesdPylsska..eeleeenkqlqerlksLe 96 
                                 ++lad+LervLDkG+viagDi++ ++d+eLlti+lRl +asvd+ak+ G+dwwe+dP+lss+a  +el+een+ l+++l++L 
  nat_1c3d745a993f2e62d375  19 AAGSLADLLERVLDKGIVIAGDIKIDLLDIELLTIRLRLFIASVDTAKKAGIDWWETDPALSSRAlrDELAEENARLRSQLAELT 103
                               4689*************************************************************999****************9 PP

                      gvpj  97 eklese 102
                               e +e +
  nat_1c3d745a993f2e62d375 104 EAVEET 109
                               988654 PP

>> nat_8e0a2c13b1b8165a790e  
   #    score  bias  c-Evalue  i-Evalue hmmfrom  hmm to    alifrom  ali to    envfrom  env to     acc
 ---   ------ ----- --------- --------- ------- -------    ------- -------    ------- -------    ----
   1 !  127.7   0.1   1.5e-38   1.9e-38      15      97 ..      20     104 ..       6     112 .. 0.93

  Alignments for each domain:
  == domain 1  score: 127.7 bits;  conditional E-value: 1.5e-38
                      gvpj  15 sstladiLervLDkGvviagDiavsiadveLltiklRllvasvdkakeiGldwwesdPylsska..eeleeenkqlqerlksLee 97 
                               s++lad+LervLDkG+viagDi++ ++d+eLlti+lRl +asv++ak+ G+dwwe+dP+lss+a  ++l+een+ l+ rl+ Le+
  nat_8e0a2c13b1b8165a790e  20 SGSLADLLERVLDKGIVIAGDIKIDLLDIELLTIRLRLFIASVETAKKAGIDWWETDPALSSRAarDALAEENARLRARLEALED 104
                               789*************************************************************9999***************97 PP

>> nat_c54850c6159ad64d41a5  
   #    score  bias  c-Evalue  i-Evalue hmmfrom  hmm to    alifrom  ali to    envfrom  env to     acc
 ---   ------ ----- --------- --------- ------- -------    ------- -------    ------- -------    ----
   1 !  127.4   0.2   1.9e-38   2.3e-38      14      98 ..      20     104 ..      14     111 .. 0.95

  Alignments for each domain:
  == domain 1  score: 127.4 bits;  conditional E-value: 1.9e-38
                      gvpj  14 ssstladiLervLDkGvviagDiavsiadveLltiklRllvasvdkakeiGldwwesdPylsskaeeleeenkqlqerlksLeek 98 
                               + ++l diLervLDkG+viagDi+v+++d+eLltiklRl+vas+++a+e+G+dwwe+dP l+ + ++l+een+ql++r++ Le+ 
  nat_c54850c6159ad64d41a5  20 QPANLGDILERVLDKGLVIAGDIQVNLLDIELLTIKLRLVVASLETAREVGIDWWENDPWLTGNQNKLQEENRQLRDRIAALEAG 104
                               7799******************************************************************************975 PP

>> nat_ae0d3c1433adbcb50ef7  
   #    score  bias  c-Evalue  i-Evalue hmmfrom  hmm to    alifrom  ali to    envfrom  env to     acc
 ---   ------ ----- --------- --------- ------- -------    ------- -------    ------- -------    ----
   1 !  127.0   0.4   2.6e-38   3.1e-38      14      99 ..      19     106 ..       9     110 .] 0.95

  Alignments for each domain:
  == domain 1  score: 127.0 bits;  conditional E-value: 2.6e-38
                      gvpj  14 ssstladiLervLDkGvviagDiavsiadveLltiklRllvasvdkakeiGldwwesdPylsska..eeleeenkqlqerlksLe 96 
                                 s+ladiLer+LDkG+viagDi++ ++d+eLlti+lRl ++svd+ak+ G++wwe++P ls+ a  ++l++en+ql++r++ Le
  nat_ae0d3c1433adbcb50ef7  19 RASNLADILERILDKGIVIAGDIKIDLLDIELLTIRLRLFISSVDTAKKAGINWWETEPSLSTTAahDALVDENRQLRDRIAALE 103
                               579************************************************************999999**************** PP

                      gvpj  97 ekl 99 
                               +++
  nat_ae0d3c1433adbcb50ef7 104 QES 106
                               987 PP

>> nat_61dc8856dc8fc8349d45  
   #    score  bias  c-Evalue  i-Evalue hmmfrom  hmm to    alifrom  ali to    envfrom  env to     acc
 ---   ------ ----- --------- --------- ------- -------    ------- -------    ------- -------    ----
   1 !  127.0   0.2   2.7e-38   3.3e-38      15      97 ..      23     105 ..       1     107 [. 0.88

  Alignments for each domain:
  == domain 1  score: 127.0 bits;  conditional E-value: 2.7e-38
                      gvpj  15 sstladiLervLDkGvviagDiavsiadveLltiklRllvasvdkakeiGldwwesdPylsskaeeleeenkqlqerlksLee 97 
                                 +lad+LervLDkG++iagDi v+++d+eLlt+k+Rllv svdka e+G+dww  dP+ls+ a++l++en+ l+er+++Le+
  nat_61dc8856dc8fc8349d45  23 PDNLADVLERVLDKGIIIAGDIRVNLLDIELLTVKIRLLVVSVDKAMEMGIDWWTRDPMLSTEAQQLADENRRLRERVDELED 105
                               458******************************************************************************96 PP

>> nat_ecb1c2738797f1742802  
   #    score  bias  c-Evalue  i-Evalue hmmfrom  hmm to    alifrom  ali to    envfrom  env to     acc
 ---   ------ ----- --------- --------- ------- -------    ------- -------    ------- -------    ----
   1 !  125.9   1.0   5.8e-38   7.1e-38      12      98 ..       4      90 ..       1     104 [. 0.93

  Alignments for each domain:
  == domain 1  score: 125.9 bits;  conditional E-value: 5.8e-38
                      gvpj 12 stssstladiLervLDkGvviagDiavsiadveLltiklRllvasvdkakeiGldwwesdPylsskaeeleeenkqlqerlksLeek 98
                              s ss++l diLervLDkG+viagDi v+++d+eLltiklRl++as+d+a+e+G+dww sdP ls ka++l+ en+ l+ r++ Le+ 
  nat_ecb1c2738797f1742802  4 SSSSTNLGDILERVLDKGIVIAGDIRVNLLDIELLTIKLRLVIASLDTAREVGIDWWVSDPWLSGKASNLQLENDRLRARIEALEAG 90
                              67899*******************************************************************************975 PP

>> nat_db12f4452278c4bf469c  
   #    score  bias  c-Evalue  i-Evalue hmmfrom  hmm to    alifrom  ali to    envfrom  env to     acc
 ---   ------ ----- --------- --------- ------- -------    ------- -------    ------- -------    ----
   1 !  125.2   0.1   9.1e-38   1.1e-37      11      99 ..      17     109 ..       2     114 .. 0.92

  Alignments for each domain:
  == domain 1  score: 125.2 bits;  conditional E-value: 9.1e-38
                      gvpj  11 tstssstladiLervLDkGvviagDiavsiadveLltiklRllvasvdkakeiGldwwesdPylsska....eeleeenkqlqer 91 
                                 +ss++ladiLervLD+Gvvi gDi v++ +veLlt+k+Rllvasvd+ake+G+dww +dP lsska    ++l++en++l++r
  nat_db12f4452278c4bf469c  17 GGQSSGSLADILERVLDRGVVIVGDIVVGVVNVELLTLKVRLLVASVDTAKEMGIDWWMNDPSLSSKAarerDQLQAENRELRSR 101
                               457899*************************************************************9998889*********** PP

                      gvpj  92 lksLeekl 99 
                               l+ Le+ l
  nat_db12f4452278c4bf469c 102 LEALERSL 109
                               ****9876 PP

>> nat_4ec35b7e5d4432cf30cc  
   #    score  bias  c-Evalue  i-Evalue hmmfrom  hmm to    alifrom  ali to    envfrom  env to     acc
 ---   ------ ----- --------- --------- ------- -------    ------- -------    ------- -------    ----
   1 !  125.3   0.2   8.7e-38   1.1e-37      17      98 ..      27     108 ..       7     110 .] 0.95

  Alignments for each domain:
  == domain 1  score: 125.3 bits;  conditional E-value: 8.7e-38
                      gvpj  17 tladiLervLDkGvviagDiavsiadveLltiklRllvasvdkakeiGldwwesdPylsskaeeleeenkqlqerlksLeek 98 
                                ladiLervLDkG++iagDi v+++d+eLlt+k+Rllv svdka e+G+dww  dP+ls  a++l++en++l+erl++Le+ 
  nat_4ec35b7e5d4432cf30cc  27 GLADILERVLDKGIIIAGDIRVNLLDIELLTVKIRLLVVSVDKAMEMGIDWWKRDPMLSVDAQQLADENRELRERLEELERD 108
                               59*****************************************************************************986 PP

>> nat_93f7db09d3715d2b4013  
   #    score  bias  c-Evalue  i-Evalue hmmfrom  hmm to    alifrom  ali to    envfrom  env to     acc
 ---   ------ ----- --------- --------- ------- -------    ------- -------    ------- -------    ----
   1 !  125.2   0.2   9.2e-38   1.1e-37      17      98 ..      27     108 ..       7     110 .] 0.94

  Alignments for each domain:
  == domain 1  score: 125.2 bits;  conditional E-value: 9.2e-38
                      gvpj  17 tladiLervLDkGvviagDiavsiadveLltiklRllvasvdkakeiGldwwesdPylsskaeeleeenkqlqerlksLeek 98 
                                ladiLervLDkG++iagDi v+++d+eLlt+k+Rllv svdka e+G+dww  dP+ls  a+el++en++l++rl++Le++
  nat_93f7db09d3715d2b4013  27 GLADILERVLDKGIIIAGDIRVNLLDIELLTVKIRLLVVSVDKAMEMGIDWWTRDPMLSGDAQELADENRELRQRLEELERE 108
                               69******************************************************************************86 PP

>> nat_023128e0df407b2417ae  
   #    score  bias  c-Evalue  i-Evalue hmmfrom  hmm to    alifrom  ali to    envfrom  env to     acc
 ---   ------ ----- --------- --------- ------- -------    ------- -------    ------- -------    ----
   1 !  125.0   0.0   1.1e-37   1.3e-37      14     101 ..      20     109 ..       1     114 [. 0.92

  Alignments for each domain:
  == domain 1  score: 125.0 bits;  conditional E-value: 1.1e-37
                      gvpj  14 ssstladiLervLDkGvviagDiavsiadveLltiklRllvasvdkakeiGldwwesdPylsska..eeleeenkqlqerlksLe 96 
                                +++ladiLer+LDkG+viagDi++ ++d+eLlti+lRl ++svd+ak  G++wwe++P ls++a  +el++en  l+erl+ Le
  nat_023128e0df407b2417ae  20 RTANLADILERILDKGIVIAGDIKIDLLDIELLTIRLRLFISSVDTAKRAGINWWETEPSLSTRAahDELADENTRLRERLAALE 104
                               4689*************************************************************999****************9 PP

                      gvpj  97 ekles 101
                                 l+ 
  nat_023128e0df407b2417ae 105 WALDR 109
                               87765 PP

>> nat_bc6806cbbc65718c537b  
   #    score  bias  c-Evalue  i-Evalue hmmfrom  hmm to    alifrom  ali to    envfrom  env to     acc
 ---   ------ ----- --------- --------- ------- -------    ------- -------    ------- -------    ----
   1 !  124.8   0.3   1.3e-37   1.5e-37      12      99 ..      20     111 ..       9     115 .. 0.95

  Alignments for each domain:
  == domain 1  score: 124.8 bits;  conditional E-value: 1.3e-37
                      gvpj  12 stssstladiLervLDkGvviagDiavsiadveLltiklRllvasvdkakeiGldwwesdPylsska....eeleeenkqlqerl 92 
                               ++ss +ladiLervLD+Gvvi gDi v++a+veLlt+k+Rllvasvd+ake+G+dww +dP lsska    ++le+en++l+ rl
  nat_bc6806cbbc65718c537b  20 QRSSDSLADILERVLDRGVVIVGDIVVGVANVELLTLKVRLLVASVDTAKEMGIDWWMNDPSLSSKAarerDALEAENRDLRARL 104
                               578999*************************************************************998889************ PP

                      gvpj  93 ksLeekl 99 
                               ++Le+ l
  nat_bc6806cbbc65718c537b 105 DTLERSL 111
                               ****875 PP

>> nat_9de3a1c74219c52c041e  
   #    score  bias  c-Evalue  i-Evalue hmmfrom  hmm to    alifrom  ali to    envfrom  env to     acc
 ---   ------ ----- --------- --------- ------- -------    ------- -------    ------- -------    ----
   1 !  124.1   1.3   2.1e-37   2.6e-37      17      97 ..      27     107 ..      21     110 .] 0.97

  Alignments for each domain:
  == domain 1  score: 124.1 bits;  conditional E-value: 2.1e-37
                      gvpj  17 tladiLervLDkGvviagDiavsiadveLltiklRllvasvdkakeiGldwwesdPylsskaeeleeenkqlqerlksLee 97 
                                ladiLervLDkG++iagDi v+++d+eLlt+k+Rllv svdka e+G+dww  dP+ls  a+el++en++l+er+++Le+
  nat_9de3a1c74219c52c041e  27 GLADILERVLDKGIIIAGDIRVNLLDIELLTVKIRLLVVSVDKAMEMGIDWWRHDPMLSADAKELADENRKLRERVEQLER 107
                               59*****************************************************************************97 PP

>> nat_65a24aaa375f0bffdfc5  
   #    score  bias  c-Evalue  i-Evalue hmmfrom  hmm to    alifrom  ali to    envfrom  env to     acc
 ---   ------ ----- --------- --------- ------- -------    ------- -------    ------- -------    ----
   1 !  124.0   0.1   2.1e-37   2.6e-37      16      96 ..      21     103 ..      12     115 .. 0.94

  Alignments for each domain:
  == domain 1  score: 124.0 bits;  conditional E-value: 2.1e-37
                      gvpj  16 stladiLervLDkGvviagDiavsiadveLltiklRllvasvdkakeiGldwwesdPylsska..eeleeenkqlqerlksLe 96 
                               ++lad+LervLDkG+viagDi++ ++d+eLlti+lRl +asvd+ak+ G+dwwe+dP+lss+a  +el+een  l+ +l+ L 
  nat_65a24aaa375f0bffdfc5  21 GSLADLLERVLDKGIVIAGDIKIDLLDIELLTIRLRLFIASVDTAKKAGIDWWETDPALSSRAarSELAEENTRLRAELAALR 103
                               79*************************************************************9999**********999885 PP

>> nat_549f36d80bd165ad0855  
   #    score  bias  c-Evalue  i-Evalue hmmfrom  hmm to    alifrom  ali to    envfrom  env to     acc
 ---   ------ ----- --------- --------- ------- -------    ------- -------    ------- -------    ----
   1 !  122.7   0.1   5.7e-37     7e-37      17      96 ..      27     106 ..       6     109 .. 0.94

  Alignments for each domain:
  == domain 1  score: 122.7 bits;  conditional E-value: 5.7e-37
                      gvpj  17 tladiLervLDkGvviagDiavsiadveLltiklRllvasvdkakeiGldwwesdPylsskaeeleeenkqlqerlksLe 96 
                                ladiLervLDkG++iagDi v+++d+eLltik+Rllv svdka e+G+dww  dP+ls   ++l+een+ql++rl+++e
  nat_549f36d80bd165ad0855  27 GLADILERVLDKGIIIAGDIRVNLLDIELLTIKIRLLVVSVDKAMEMGIDWWTRDPMLSPAEQDLAEENRQLRRRLEEVE 106
                               69***************************************************************************998 PP

>> nat_d18c3f8a7743da7fc46c  
   #    score  bias  c-Evalue  i-Evalue hmmfrom  hmm to    alifrom  ali to    envfrom  env to     acc
 ---   ------ ----- --------- --------- ------- -------    ------- -------    ------- -------    ----
   1 !  121.7   0.2   1.1e-36   1.4e-36      15      97 ..      20     104 ..      12     115 .. 0.92

  Alignments for each domain:
  == domain 1  score: 121.7 bits;  conditional E-value: 1.1e-36
                      gvpj  15 sstladiLervLDkGvviagDiavsiadveLltiklRllvasvdkakeiGldwwesdPylsska..eeleeenkqlqerlksLee 97 
                                ++lad+LervLDkG+viagDi++ ++d+eLlti+lRl +asvd+a++ G+dwwe+dP+lss+a  +el+een  l+ +l+ +  
  nat_d18c3f8a7743da7fc46c  20 AGSLADLLERVLDKGIVIAGDIKIDLLDIELLTIRLRLFIASVDTARKAGIDWWETDPALSSRAarSELAEENTRLRAELAAVKG 104
                               579*************************************************************9999*********99988765 PP

>> nat_b0bc17f554cd4bd5d816  
   #    score  bias  c-Evalue  i-Evalue hmmfrom  hmm to    alifrom  ali to    envfrom  env to     acc
 ---   ------ ----- --------- --------- ------- -------    ------- -------    ------- -------    ----
   1 !  121.7   0.5   1.2e-36   1.4e-36      14      99 ..      16     103 ..       2     106 .. 0.92

  Alignments for each domain:
  == domain 1  score: 121.7 bits;  conditional E-value: 1.2e-36
                      gvpj  14 ssstladiLervLDkGvviagDiavsiadveLltiklRllvasvdkakeiGldwwesdPylsska..eeleeenkqlqerlksLe 96 
                                 s+ladiLer+LDkG+viagDi++ ++d+eLlti+lRl ++svd+a++ G++wwe++P ls+ a  ++l++en+ l+er++ L+
  nat_b0bc17f554cd4bd5d816  16 GPSNLADILERILDKGIVIAGDIKIDLLDIELLTIRLRLFISSVDTARKAGINWWETEPSLSTTAarDALVDENRLLRERIADLQ 100
                               4599***********************************************************998899***************9 PP

                      gvpj  97 ekl 99 
                               +++
  nat_b0bc17f554cd4bd5d816 101 QEI 103
                               987 PP

>> nat_299ca2c9b99a9aadf54a  
   #    score  bias  c-Evalue  i-Evalue hmmfrom  hmm to    alifrom  ali to    envfrom  env to     acc
 ---   ------ ----- --------- --------- ------- -------    ------- -------    ------- -------    ----
   1 !  120.9   0.2   2.1e-36   2.5e-36      15     101 ..      21     109 ..       4     118 .. 0.90

  Alignments for each domain:
  == domain 1  score: 120.9 bits;  conditional E-value: 2.1e-36
                      gvpj  15 sstladiLervLDkGvviagDiavsiadveLltiklRllvasvdkakeiGldwwesdPylsska..eeleeenkqlqerlksLee 97 
                                s+ladiLer+LDkG+viagD+++ ++d+eLlti+lRl ++svd+a++ G++wwe++P ls+ a  ++l++en+ l+er++ Le+
  nat_299ca2c9b99a9aadf54a  21 PSNLADILERILDKGIVIAGDVKIDLLDIELLTIRLRLFISSVDTARKAGINWWETEPSLSTTAnrDALVDENRLLRERIADLER 105
                               589************************************************************98889****************8 PP

                      gvpj  98 kles 101
                                  +
  nat_299ca2c9b99a9aadf54a 106 DRIA 109
                               6544 PP

>> nat_7c3de3fe13342d4e92f5  
   #    score  bias  c-Evalue  i-Evalue hmmfrom  hmm to    alifrom  ali to    envfrom  env to     acc
 ---   ------ ----- --------- --------- ------- -------    ------- -------    ------- -------    ----
   1 !  120.8   0.2   2.1e-36   2.6e-36      15     101 ..      19     107 ..       4     116 .. 0.90

  Alignments for each domain:
  == domain 1  score: 120.8 bits;  conditional E-value: 2.1e-36
                      gvpj  15 sstladiLervLDkGvviagDiavsiadveLltiklRllvasvdkakeiGldwwesdPylsska..eeleeenkqlqerlksLee 97 
                                s+ladiLer+LDkG+viagD+++ ++d+eLlti+lRl ++svd+a++ G++wwe++P ls+ a  ++l++en+ l+er++ Le+
  nat_7c3de3fe13342d4e92f5  19 PSNLADILERILDKGIVIAGDVKIDLLDIELLTIRLRLFISSVDTARKAGINWWETEPSLSTTAnrDALVDENRLLRERIADLER 103
                               589************************************************************98889****************8 PP

                      gvpj  98 kles 101
                                  +
  nat_7c3de3fe13342d4e92f5 104 DRIA 107
                               6544 PP

>> nat_6770b7649ec68cfb7397  
   #    score  bias  c-Evalue  i-Evalue hmmfrom  hmm to    alifrom  ali to    envfrom  env to     acc
 ---   ------ ----- --------- --------- ------- -------    ------- -------    ------- -------    ----
   1 !  115.9   0.1   6.8e-35   8.4e-35      14      97 ..      23     106 ..      14     113 .. 0.95

  Alignments for each domain:
  == domain 1  score: 115.9 bits;  conditional E-value: 6.8e-35
                      gvpj  14 ssstladiLervLDkGvviagDiavsiadveLltiklRllvasvdkakeiGldwwesdPylsskaeeleeenkqlqerlksLee 97 
                                +s lad+LervLDkGvvi gD+ v+i+d+eLlt+k+Rll+as d+a+ +G+dww +dP lss a++ ++e +ql++r+++Le+
  nat_6770b7649ec68cfb7397  23 GGSGLADVLERVLDKGVVIVGDVGVNILDIELLTLKIRLLIASADTARSMGIDWWTTDPFLSSDARRAQDEVEQLRRRVAELEQ 106
                               5789******************************************************************************97 PP

>> nat_47f1a4ea07a3cb6c51c0  
   #    score  bias  c-Evalue  i-Evalue hmmfrom  hmm to    alifrom  ali to    envfrom  env to     acc
 ---   ------ ----- --------- --------- ------- -------    ------- -------    ------- -------    ----
   1 !  115.2   0.0   1.2e-34   1.4e-34      12     103 ..      15     106 ..       5     111 .] 0.85

  Alignments for each domain:
  == domain 1  score: 115.2 bits;  conditional E-value: 1.2e-34
                      gvpj  12 stssstladiLervLDkGvviagDiavsiadveLltiklRllvasvdkakeiGldwwesdPylsskaeeleeenkqlqerlksLe 96 
                               +  +++ladiLervLD+GvviagDi v+++d+eLltiklRl+vasvd+a+e+G+dwwe dP l  +++  + + ++  +  + L 
  nat_47f1a4ea07a3cb6c51c0  15 TGDTGNLADILERVLDRGVVIAGDIRVNLLDIELLTIKLRLVVASVDTAREMGIDWWEHDPFLGGRSRPSVGSGADAGRSDRALP 99 
                               56789**********************************************************9998766666666666666666 PP

                      gvpj  97 eklesek 103
                               ++++ ++
  nat_47f1a4ea07a3cb6c51c0 100 DRTDRRT 106
                               6665554 PP

>> nat_30340d61c0959eeb66d5  
   #    score  bias  c-Evalue  i-Evalue hmmfrom  hmm to    alifrom  ali to    envfrom  env to     acc
 ---   ------ ----- --------- --------- ------- -------    ------- -------    ------- -------    ----
   1 !  112.5   0.1   7.9e-34   9.7e-34       9     123 ..       4     115 ..       1     116 [] 0.95

  Alignments for each domain:
  == domain 1  score: 112.5 bits;  conditional E-value: 7.9e-34
                      gvpj   9 iktstssstladiLervLDkGvviagDiavsiadveLltiklRllvasvdkakeiGldwwesdPylsskaeeleeenkqlqerlk 93 
                               +k+++s+++la++Le++LDkGvv+++D+avsi+d+eLl+i+lR+++as+++a+++Gl++    P+++++ e++e +++ + + ++
  nat_30340d61c0959eeb66d5   4 PKPTRSQGDLAEMLEMLLDKGVVVNADVAVSIGDTELLGIELRAAIASFETAAQYGLEF----PTGTDM-ERVETAAGVSSDSSD 83 
                               7899*******************************************************....******.*************** PP

                      gvpj  94 sLeeklesekldel..sseagasvssvapaee 123
                               s ++ + s ++de   s+e  as+s+++p+e 
  nat_30340d61c0959eeb66d5  84 SPDAGSGSGQMDEHepSGEERASISNTTPQES 115
                               ***********9863379999********986 PP

>> nat_02e0719c48b326139c30  
   #    score  bias  c-Evalue  i-Evalue hmmfrom  hmm to    alifrom  ali to    envfrom  env to     acc
 ---   ------ ----- --------- --------- ------- -------    ------- -------    ------- -------    ----
   1 !  111.7   0.1   1.4e-33   1.7e-33      12      99 ..       2      96 ..       1     101 [] 0.95

  Alignments for each domain:
  == domain 1  score: 111.7 bits;  conditional E-value: 1.4e-33
                      gvpj 12 stssstladiLervLDkGvviagDiavsiadveLltiklRllvasvdkakeiGldwwesdPylsska.......eeleeenkqlqer 91
                              +++ss+lad LervLDkGvvi gDiav + d+eLlt+++Rl +as ++a+e+G+dww +dP  + ka       +el+++n++l++r
  nat_02e0719c48b326139c30  2 NNTSSSLADTLERVLDKGVVIVGDIAVCVVDIELLTLRVRLFIASAQTAREMGMDWWTNDPFFTPKAvdpdigkNELAQANADLRDR 88
                              5789***************************************************************9**99999************ PP

                      gvpj 92 lksLeekl 99
                              ++ Le+ l
  nat_02e0719c48b326139c30 89 VAALERAL 96
                              *****976 PP

>> nat_830632d521f3236a361b  
   #    score  bias  c-Evalue  i-Evalue hmmfrom  hmm to    alifrom  ali to    envfrom  env to     acc
 ---   ------ ----- --------- --------- ------- -------    ------- -------    ------- -------    ----
   1 !  109.8   0.1   5.3e-33   6.5e-33      14      97 ..      18     112 ..       4     114 .. 0.90

  Alignments for each domain:
  == domain 1  score: 109.8 bits;  conditional E-value: 5.3e-33
                      gvpj  14 ssstladiLervLDkGvviagDiavsiadveLltiklRllvasvdkakeiGldwwesdPyls.ska..........eeleeenkq 87 
                               + ++l diLervLDkG+viagDi v+++d+eLltiklRl+vas+++a+e+G+dwwe dP l  ++a          +el  en+ 
  nat_830632d521f3236a361b  18 EPANLGDILERVLDKGLVIAGDIRVNLLDIELLTIKLRLVVASLETAREVGIDWWERDPWLRgDRAvtprpdaaalDELRSENEL 102
                               5689*******************************************************9853666788888888999999**** PP

                      gvpj  88 lqerlksLee 97 
                               l++rl++Lee
  nat_830632d521f3236a361b 103 LRQRLAELEE 112
                               ******9996 PP

>> nat_fb5c50128dbd5c384bba  
   #    score  bias  c-Evalue  i-Evalue hmmfrom  hmm to    alifrom  ali to    envfrom  env to     acc
 ---   ------ ----- --------- --------- ------- -------    ------- -------    ------- -------    ----
   1 !  109.4   2.8   7.5e-33   9.2e-33       6     103 ..       5     101 ..       1     105 [] 0.88

  Alignments for each domain:
  == domain 1  score: 109.4 bits;  conditional E-value: 7.5e-33
                      gvpj   6 psaiktstssstladiLervLDkGvviagDiavsiadveLltiklRllvasvdkakeiGldwwesdPylsskaeeleeenkqlqe 90 
                                s+i++st+s+++ad+Ler+LDkG+vi gDi+v + +veLlti++ l++ svdkakeiG+dww+ d  l ++ e++ + ++ l  
  nat_fb5c50128dbd5c384bba   5 QSSIQQSTNSTNIADLLERILDKGIVIKGDIKVKLVEVELLTIQIQLVICSVDKAKEIGIDWWNGDGRLLNR-EDISAGDAALLA 88 
                               47899*****************************************************************99.777777777777 PP

                      gvpj  91 rlksLeeklesek 103
                                +k+L++++e+ +
  nat_fb5c50128dbd5c384bba  89 SIKKLNHRIEALE 101
                               7777777777644 PP

>> nat_2d8e972f7b8e0b149992  
   #    score  bias  c-Evalue  i-Evalue hmmfrom  hmm to    alifrom  ali to    envfrom  env to     acc
 ---   ------ ----- --------- --------- ------- -------    ------- -------    ------- -------    ----
   1 !  106.0   0.1   8.2e-32     1e-31       9     119 ..       4     110 ..       1     114 [] 0.89

  Alignments for each domain:
  == domain 1  score: 106.0 bits;  conditional E-value: 8.2e-32
                      gvpj   9 iktstssstladiLervLDkGvviagDiavsiadveLltiklRllvasvdkakeiGldwwesdPylsskaeeleeenkqlqerlk 93 
                               +k+++s+++la++Le++LDkGvv+++Diavs++d+eLl+i+lR+++as+++a+e+Gl++    P+++++ e++e ++++++++++
  nat_2d8e972f7b8e0b149992   4 PKPTRSQGDLAEMLEMLLDKGVVVNADIAVSVGDTELLGIELRAAIASFETAAEYGLEF----PTGTDM-ERVESAANISPDQSD 83 
                               7899*******************************************************....******.************997 PP

                      gvpj  94 .sLeeklesekldelsseagasvssva 119
                                  e+++e+e ++ ls ++  + s+ a
  nat_2d8e972f7b8e0b149992  84 pASETQSETESTNPLSDDSTPTASTSA 110
                               356888999988888877776666554 PP

>> nat_b4205fc26537087a80e8  
   #    score  bias  c-Evalue  i-Evalue hmmfrom  hmm to    alifrom  ali to    envfrom  env to     acc
 ---   ------ ----- --------- --------- ------- -------    ------- -------    ------- -------    ----
   1 !  105.9   0.1   8.9e-32   1.1e-31       9     118 ..       4     109 ..       1     114 [] 0.89

  Alignments for each domain:
  == domain 1  score: 105.9 bits;  conditional E-value: 8.9e-32
                      gvpj   9 iktstssstladiLervLDkGvviagDiavsiadveLltiklRllvasvdkakeiGldwwesdPylsskaeeleeenkqlqerlk 93 
                               +k+++s+++la++Le++LDkGvv+++Diavs++d+eLl+i+lR+++as+++a+e+Gl++    P+++++ e++e ++++++++++
  nat_b4205fc26537087a80e8   4 PKPTRSQGDLAEMLEMLLDKGVVVNADIAVSVGDTELLGIELRAAIASFETAAEYGLEF----PTGTDM-ERVESAANISPDQSD 83 
                               7899*******************************************************....******.************997 PP

                      gvpj  94 .sLeeklesekldelsseagasvssv 118
                                  e+++e+e ++ ls ++  + s+ 
  nat_b4205fc26537087a80e8  84 pASETQSETESTNPLSDDSTPTASTS 109
                               35688889988888877776665544 PP

>> nat_ed21f429d87e61b5eec4  
   #    score  bias  c-Evalue  i-Evalue hmmfrom  hmm to    alifrom  ali to    envfrom  env to     acc
 ---   ------ ----- --------- --------- ------- -------    ------- -------    ------- -------    ----
   1 !   98.1   0.0   2.3e-29   2.8e-29       9     117 ..       4     106 ..       1     114 [. 0.83

  Alignments for each domain:
  == domain 1  score: 98.1 bits;  conditional E-value: 2.3e-29
                      gvpj   9 iktstssstladiLervLDkGvviagDiavsiadveLltiklRllvasvdkakeiGldwwesdPylsskaeeleeenkqlqerlk 93 
                               +k+++s+++la++Le++LDkGvv+++D+ vs++d+eLl+i+lR+++as+++a+++Gl++    P+++++ e++e +++++ + ++
  nat_ed21f429d87e61b5eec4   4 PKPTRSQGDLAEMLEMLLDKGVVVNADVVVSVGDTELLGIELRAAIASFETAAKYGLEF----PTGTDM-ERVESAANISSDPSE 83 
                               7899*******************************************************....******.*********999998 PP

                      gvpj  94 sLeeklesekldelsseagasvss 117
                               s  e   s ++ e++++     s 
  nat_ed21f429d87e61b5eec4  84 SGAETGSSSET-ESTTPPSDGPSP 106
                               86555444443.444444444444 PP

>> nat_2e713fded92313c4cd32  
   #    score  bias  c-Evalue  i-Evalue hmmfrom  hmm to    alifrom  ali to    envfrom  env to     acc
 ---   ------ ----- --------- --------- ------- -------    ------- -------    ------- -------    ----
   1 !   96.3   0.0     8e-29   9.9e-29       9     116 ..       4     106 ..       1     114 [. 0.90

  Alignments for each domain:
  == domain 1  score: 96.3 bits;  conditional E-value: 8e-29
                      gvpj   9 iktstssstladiLervLDkGvviagDiavsiadveLltiklRllvasvdkakeiGldwwesdPylsskaeeleeenkqlqerlk 93 
                               +k+++s+++la+++e++LDkGvv+++D+ vs++d+eLl+i+lR+++as+++a+e+Gl++    P+++++ e++e ++++  + ++
  nat_2e713fded92313c4cd32   4 PKPTRSQGDLAEMVEMLLDKGVVVNADVVVSVGDTELLGIELRAAIASFETAAEYGLEF----PTGTDM-ERVESAANIPADPSE 83 
                               7899*******************************************************....******.9****9999999999 PP

                      gvpj  94 sLeeklesekldelsseagasvs 116
                               s  e   s  ++ ++s++g+  s
  nat_2e713fded92313c4cd32  84 SGTETEPSPATEPAPSPSGSPSS 106
                               98877778888888999887654 PP

>> nat_cea2d8f5b7fe0c126524  
   #    score  bias  c-Evalue  i-Evalue hmmfrom  hmm to    alifrom  ali to    envfrom  env to     acc
 ---   ------ ----- --------- --------- ------- -------    ------- -------    ------- -------    ----
   1 !   94.0   0.0   4.4e-28   5.3e-28       9     101 ..       4      91 ..       1      98 [] 0.90

  Alignments for each domain:
  == domain 1  score: 94.0 bits;  conditional E-value: 4.4e-28
                      gvpj   9 iktstssstladiLervLDkGvviagDiavsiadveLltiklRllvasvdkakeiGldwwesdPylsskaeeleeenkqlqerlk 93 
                               +k+++s+++la+ Le +LDkGvv+++Diavs++d+eLl+++lR+++as+++a+e+Gld+    P+++++ e+++++++   + +k
  nat_cea2d8f5b7fe0c126524   4 PKPTRSQGDLAETLELLLDKGVVVNADIAVSVGDTELLGVELRAAIASFETAAEYGLDF----PTGTDM-ERVTAAAGVDADDSK 83 
                               7899*******************************************************....******.999999999888888 PP

                      gvpj  94 sLeekles 101
                               s+ e+ ++
  nat_cea2d8f5b7fe0c126524  84 SVLERPAA 91 
                               76665544 PP

>> nat_b924ca0fc25dc601d2bb  
   #    score  bias  c-Evalue  i-Evalue hmmfrom  hmm to    alifrom  ali to    envfrom  env to     acc
 ---   ------ ----- --------- --------- ------- -------    ------- -------    ------- -------    ----
   1 !   91.8   0.0   2.1e-27   2.5e-27       9      85 ..       4      78 ..       1     111 [. 0.77

  Alignments for each domain:
  == domain 1  score: 91.8 bits;  conditional E-value: 2.1e-27
                      gvpj  9 iktstssstladiLervLDkGvviagDiavsiadveLltiklRllvasvdkakeiGldwwesdPylsska..eeleeen 85
                              +k+++++++la++Le vLDkGvvi++Diavsi+d+eLl+++lR+++as+++a+++Gl++    P +++    e++++ +
  nat_b924ca0fc25dc601d2bb  4 PKPTRTQGDLAEMLELVLDKGVVINADIAVSIGDTELLGVELRAAIASFETAAQYGLEF----PGGTQTEriEAVADGD 78
                              7899*******************************************************....6555442115554444 PP

>> nat_c22ec0560f03a826fc2e  
   #    score  bias  c-Evalue  i-Evalue hmmfrom  hmm to    alifrom  ali to    envfrom  env to     acc
 ---   ------ ----- --------- --------- ------- -------    ------- -------    ------- -------    ----
   1 !   91.6   0.0   2.3e-27   2.9e-27       9      92 ..       4      82 ..       2     111 .. 0.90

  Alignments for each domain:
  == domain 1  score: 91.6 bits;  conditional E-value: 2.3e-27
                      gvpj  9 iktstssstladiLervLDkGvviagDiavsiadveLltiklRllvasvdkakeiGldwwesdPylsskaeeleeenkqlqerl 92
                              +k+++ +++la+ Le +LDkGvv+++Diavs++d+eLl+i+lR+++as+++a+e+Gl++    P+++++ e+++ +++++ e++
  nat_c22ec0560f03a826fc2e  4 PKPTRAQGDLAETLELLLDKGVVVNADIAVSVGDTELLGIELRAAIASFETAAEYGLEF----PTGTDM-ERVQSKADHSSENS 82
                              57899******************************************************....******.99998888877654 PP

>> nat_0bd3626b9a4c7329ae70  
   #    score  bias  c-Evalue  i-Evalue hmmfrom  hmm to    alifrom  ali to    envfrom  env to     acc
 ---   ------ ----- --------- --------- ------- -------    ------- -------    ------- -------    ----
   1 !   61.0   1.1   6.8e-18   8.3e-18       9      60 ..       4      55 ..       1      71 [. 0.89

  Alignments for each domain:
  == domain 1  score: 61.0 bits;  conditional E-value: 6.8e-18
                      gvpj  9 iktstssstladiLervLDkGvviagDiavsiadveLltiklRllvasvdka 60
                              +++st ss+la++++r+LDkG+vi + ++vs+  +eLl+i+lR+++asv++ 
  nat_0bd3626b9a4c7329ae70  4 VQKSTDSSSLAEVVDRILDKGIVIDAWVKVSLVGIELLSIELRVVIASVETY 55
                              78899********************************************973 PP

>> nat_5531343a7a7ecf79ad55  
   #    score  bias  c-Evalue  i-Evalue hmmfrom  hmm to    alifrom  ali to    envfrom  env to     acc
 ---   ------ ----- --------- --------- ------- -------    ------- -------    ------- -------    ----
   1 !   60.1   1.3   1.3e-17   1.6e-17       9      60 ..       4      55 ..       1      71 [. 0.89

  Alignments for each domain:
  == domain 1  score: 60.1 bits;  conditional E-value: 1.3e-17
                      gvpj  9 iktstssstladiLervLDkGvviagDiavsiadveLltiklRllvasvdka 60
                              +++st ss+la++++r+LDkG+vi + ++vs+  +eL++i+lR+++asv++ 
  nat_5531343a7a7ecf79ad55  4 VQKSTDSSSLAEVVDRILDKGIVIDAWVKVSLVGIELVSIELRVVIASVETY 55
                              78899********************************************973 PP

>> nat_2b00e8b222b28090ae59  
   #    score  bias  c-Evalue  i-Evalue hmmfrom  hmm to    alifrom  ali to    envfrom  env to     acc
 ---   ------ ----- --------- --------- ------- -------    ------- -------    ------- -------    ----
   1 !   59.3   1.1   2.3e-17   2.8e-17       9      60 ..       4      55 ..       1      71 [. 0.90

  Alignments for each domain:
  == domain 1  score: 59.3 bits;  conditional E-value: 2.3e-17
                      gvpj  9 iktstssstladiLervLDkGvviagDiavsiadveLltiklRllvasvdka 60
                              +++st ss+la++++r+LDkG+vi + ++vs+  +eLl+++lR+++asv++ 
  nat_2b00e8b222b28090ae59  4 VQKSTDSSSLAEVVDRILDKGIVIDAWVKVSLVGIELLSVELRVVIASVETY 55
                              78899********************************************974 PP

>> nat_06e368ceaac5aa0f9edc  
   #    score  bias  c-Evalue  i-Evalue hmmfrom  hmm to    alifrom  ali to    envfrom  env to     acc
 ---   ------ ----- --------- --------- ------- -------    ------- -------    ------- -------    ----
   1 !   59.0   1.0   2.8e-17   3.5e-17       9      60 ..       4      55 ..       1      71 [. 0.90

  Alignments for each domain:
  == domain 1  score: 59.0 bits;  conditional E-value: 2.8e-17
                      gvpj  9 iktstssstladiLervLDkGvviagDiavsiadveLltiklRllvasvdka 60
                              +++st ss+la++++r+LDkG+vi + ++vs+  +eLl+i+ R++vasv++ 
  nat_06e368ceaac5aa0f9edc  4 VQKSTDSSSLAEVVDRILDKGIVIDAWVKVSLVGIELLSIEARVVVASVETY 55
                              78899********************************************974 PP

>> nat_3534b37db97896c62b78  
   #    score  bias  c-Evalue  i-Evalue hmmfrom  hmm to    alifrom  ali to    envfrom  env to     acc
 ---   ------ ----- --------- --------- ------- -------    ------- -------    ------- -------    ----
   1 !   58.6   1.4   3.8e-17   4.6e-17       9      60 ..       4      55 ..       1      70 [. 0.90

  Alignments for each domain:
  == domain 1  score: 58.6 bits;  conditional E-value: 3.8e-17
                      gvpj  9 iktstssstladiLervLDkGvviagDiavsiadveLltiklRllvasvdka 60
                              +++st ss+la++++r+LDkG+vi + i+vs+  +eLl+i+ R+++asv++ 
  nat_3534b37db97896c62b78  4 VANSTDSSSLAEVVDRILDKGIVIDAWIKVSLVGIELLAIEARIVIASVETY 55
                              678999*******************************************974 PP

>> nat_26dd9c3e80f115461010  
   #    score  bias  c-Evalue  i-Evalue hmmfrom  hmm to    alifrom  ali to    envfrom  env to     acc
 ---   ------ ----- --------- --------- ------- -------    ------- -------    ------- -------    ----
   1 !   58.5   1.3   4.3e-17   5.3e-17       8      60 ..       2      54 ..       1      71 [] 0.88

  Alignments for each domain:
  == domain 1  score: 58.5 bits;  conditional E-value: 4.3e-17
                      gvpj  8 aiktstssstladiLervLDkGvviagDiavsiadveLltiklRllvasvdka 60
                              a+++++sss+la++++r+LDkG+vi + + vs+  +eLl+i+ R+++asv++ 
  nat_26dd9c3e80f115461010  2 AVEKTNSSSSLAEVIDRILDKGIVIDAWVRVSLVGIELLAIEARIVIASVETY 54
                              78999*********************************************973 PP

>> nat_e6ab93f7efc7fc3ffe18  
   #    score  bias  c-Evalue  i-Evalue hmmfrom  hmm to    alifrom  ali to    envfrom  env to     acc
 ---   ------ ----- --------- --------- ------- -------    ------- -------    ------- -------    ----
   1 !   58.3   1.0   4.9e-17     6e-17       8      59 ..       3      54 ..       1      71 [. 0.90

  Alignments for each domain:
  == domain 1  score: 58.3 bits;  conditional E-value: 4.9e-17
                      gvpj  8 aiktstssstladiLervLDkGvviagDiavsiadveLltiklRllvasvdk 59
                              +i++st ss la++++r+LDkG+vi + ++vs+  +eLl+i+ R++vasv++
  nat_e6ab93f7efc7fc3ffe18  3 TIQKSTDSSGLAEVVDRILDKGIVIDAWVKVSLVGIELLSIEARVVVASVET 54
                              78999*********************************************97 PP

>> nat_2c2604728bdef8750aec  
   #    score  bias  c-Evalue  i-Evalue hmmfrom  hmm to    alifrom  ali to    envfrom  env to     acc
 ---   ------ ----- --------- --------- ------- -------    ------- -------    ------- -------    ----
   1 !   58.2   1.1   5.1e-17   6.2e-17       9      60 ..       4      55 ..       1      71 [. 0.90

  Alignments for each domain:
  == domain 1  score: 58.2 bits;  conditional E-value: 5.1e-17
                      gvpj  9 iktstssstladiLervLDkGvviagDiavsiadveLltiklRllvasvdka 60
                              +++st ss+la++++r+LDkG+vi + ++vs+  +eLl+i+ R+++asv++ 
  nat_2c2604728bdef8750aec  4 VQKSTDSSSLAEVVDRILDKGIVIDAWVKVSLVGIELLSIEARVVIASVETY 55
                              68899********************************************974 PP

>> nat_18bfe7ce20a3a4013554  
   #    score  bias  c-Evalue  i-Evalue hmmfrom  hmm to    alifrom  ali to    envfrom  env to     acc
 ---   ------ ----- --------- --------- ------- -------    ------- -------    ------- -------    ----
   1 !   58.2   1.1   5.2e-17   6.4e-17       9      60 ..       4      55 ..       1      71 [. 0.89

  Alignments for each domain:
  == domain 1  score: 58.2 bits;  conditional E-value: 5.2e-17
                      gvpj  9 iktstssstladiLervLDkGvviagDiavsiadveLltiklRllvasvdka 60
                              +++st ss+la++++r+LDkG+vi + ++vs+  +eLl+i+ R+++asv++ 
  nat_18bfe7ce20a3a4013554  4 VQKSTDSSSLAEVVDRILDKGIVIDAWVKVSLVGIELLSIEARVVIASVETY 55
                              68899********************************************973 PP

>> nat_dda877b0008607a0fc71  
   #    score  bias  c-Evalue  i-Evalue hmmfrom  hmm to    alifrom  ali to    envfrom  env to     acc
 ---   ------ ----- --------- --------- ------- -------    ------- -------    ------- -------    ----
   1 !   58.2   1.2   5.2e-17   6.4e-17       9      60 ..       4      55 ..       1      71 [. 0.90

  Alignments for each domain:
  == domain 1  score: 58.2 bits;  conditional E-value: 5.2e-17
                      gvpj  9 iktstssstladiLervLDkGvviagDiavsiadveLltiklRllvasvdka 60
                              +++st ss+la++++r+LDkG+vi + ++vs+  +eLl+i+ R+++asv++ 
  nat_dda877b0008607a0fc71  4 VQKSTDSSSLAEVVDRILDKGIVIDAWVKVSLVGIELLSIEARVVIASVETY 55
                              68899********************************************974 PP

>> nat_bb973ad514bc9a8e4071  
   #    score  bias  c-Evalue  i-Evalue hmmfrom  hmm to    alifrom  ali to    envfrom  env to     acc
 ---   ------ ----- --------- --------- ------- -------    ------- -------    ------- -------    ----
   1 !   58.1   1.2   5.4e-17   6.6e-17       9      60 ..       4      55 ..       1      71 [. 0.90

  Alignments for each domain:
  == domain 1  score: 58.1 bits;  conditional E-value: 5.4e-17
                      gvpj  9 iktstssstladiLervLDkGvviagDiavsiadveLltiklRllvasvdka 60
                              +++st ss+la++++r+LDkG+vi + ++vs+  +eLl+i+ R+++asv++ 
  nat_bb973ad514bc9a8e4071  4 VQKSTDSSSLAEVVDRILDKGIVIDAWVKVSLVGIELLSIEARVVIASVETY 55
                              68899********************************************974 PP

>> nat_f872efd67a56d21a6340  
   #    score  bias  c-Evalue  i-Evalue hmmfrom  hmm to    alifrom  ali to    envfrom  env to     acc
 ---   ------ ----- --------- --------- ------- -------    ------- -------    ------- -------    ----
   1 !   58.1   1.1   5.4e-17   6.6e-17       9      60 ..       4      55 ..       1      71 [. 0.91

  Alignments for each domain:
  == domain 1  score: 58.1 bits;  conditional E-value: 5.4e-17
                      gvpj  9 iktstssstladiLervLDkGvviagDiavsiadveLltiklRllvasvdka 60
                              +++st ss+la++++r+LDkG+vi + ++vs+  +eL+ti+ R++vasv++ 
  nat_f872efd67a56d21a6340  4 VQKSTDSSSLAEVVDRILDKGIVIDAWVKVSLVGIELITIEARVVVASVETY 55
                              67899********************************************974 PP

>> nat_1593c2fcfad25e37eeb4  
   #    score  bias  c-Evalue  i-Evalue hmmfrom  hmm to    alifrom  ali to    envfrom  env to     acc
 ---   ------ ----- --------- --------- ------- -------    ------- -------    ------- -------    ----
   1 !   57.9   1.5   6.2e-17   7.6e-17       8      59 ..       2      53 ..       1      66 [. 0.92

  Alignments for each domain:
  == domain 1  score: 57.9 bits;  conditional E-value: 6.2e-17
                      gvpj  8 aiktstssstladiLervLDkGvviagDiavsiadveLltiklRllvasvdk 59
                              a+++++sss+la++++r+LDkG+vi + + vs+  veLl+i+ R+++asv++
  nat_1593c2fcfad25e37eeb4  2 AVEKTNSSSSLAEVIDRILDKGIVIDAWVRVSLVGVELLAIEARIVIASVET 53
                              78999*********************************************97 PP

>> nat_2afc6fb850c8bc89b0f2  
   #    score  bias  c-Evalue  i-Evalue hmmfrom  hmm to    alifrom  ali to    envfrom  env to     acc
 ---   ------ ----- --------- --------- ------- -------    ------- -------    ------- -------    ----
   1 !   58.0   0.9   6.1e-17   7.4e-17       5      60 ..       6      63 ..       1      79 [. 0.87

  Alignments for each domain:
  == domain 1  score: 58.0 bits;  conditional E-value: 6.1e-17
                      gvpj  5 rp..saiktstssstladiLervLDkGvviagDiavsiadveLltiklRllvasvdka 60
                              r    a+++++sss+la++++r+LDkG+vi +   vs+  +eLl+i+ R+++asv++ 
  nat_2afc6fb850c8bc89b0f2  6 RSitMAVEKTNSSSSLAEVIDRILDKGIVIDAWARVSLVGIELLAIEARVVIASVETY 63
                              4355799************************************************974 PP

>> nat_b0f89cfe92498f0bbfbc  
   #    score  bias  c-Evalue  i-Evalue hmmfrom  hmm to    alifrom  ali to    envfrom  env to     acc
 ---   ------ ----- --------- --------- ------- -------    ------- -------    ------- -------    ----
   1 !   57.9   1.1   6.4e-17   7.8e-17       9      60 ..       4      55 ..       1      71 [. 0.91

  Alignments for each domain:
  == domain 1  score: 57.9 bits;  conditional E-value: 6.4e-17
                      gvpj  9 iktstssstladiLervLDkGvviagDiavsiadveLltiklRllvasvdka 60
                              +++st ss+la++++r+LDkG+vi + +++s+  +eL+ti+ R++vasv++ 
  nat_b0f89cfe92498f0bbfbc  4 VQKSTDSSSLAEVVDRILDKGIVIDAWVKISLVGIELITIEARVVVASVETY 55
                              67899********************************************974 PP

>> nat_82d6c5940960b17a96d3  
   #    score  bias  c-Evalue  i-Evalue hmmfrom  hmm to    alifrom  ali to    envfrom  env to     acc
 ---   ------ ----- --------- --------- ------- -------    ------- -------    ------- -------    ----
   1 !   57.9   1.2   6.6e-17   8.1e-17       9      60 ..       4      55 ..       1      71 [. 0.91

  Alignments for each domain:
  == domain 1  score: 57.9 bits;  conditional E-value: 6.6e-17
                      gvpj  9 iktstssstladiLervLDkGvviagDiavsiadveLltiklRllvasvdka 60
                              +++st ss+la++++r+LDkG+vi + +++s+  +eL+ti+ R++vasv++ 
  nat_82d6c5940960b17a96d3  4 VQKSTDSSSLAEVVDRILDKGIVIDAWVKISLVGIELITIEARVVVASVETY 55
                              67899********************************************974 PP

>> nat_4076ee92571a9babe66f  
   #    score  bias  c-Evalue  i-Evalue hmmfrom  hmm to    alifrom  ali to    envfrom  env to     acc
 ---   ------ ----- --------- --------- ------- -------    ------- -------    ------- -------    ----
   1 !   57.7   1.7   7.1e-17   8.7e-17       8      60 ..       2      54 ..       1      68 [. 0.91

  Alignments for each domain:
  == domain 1  score: 57.7 bits;  conditional E-value: 7.1e-17
                      gvpj  8 aiktstssstladiLervLDkGvviagDiavsiadveLltiklRllvasvdka 60
                              a+++++sss+la++++r+LDkG+vi + + vs+  +eLl+i+ R+++asv++ 
  nat_4076ee92571a9babe66f  2 AVEKTNSSSSLAEVIDRILDKGIVIDAWVRVSLVGIELLAIEARIVIASVETY 54
                              78999*********************************************974 PP

>> nat_561df1cd0484632cdef6  
   #    score  bias  c-Evalue  i-Evalue hmmfrom  hmm to    alifrom  ali to    envfrom  env to     acc
 ---   ------ ----- --------- --------- ------- -------    ------- -------    ------- -------    ----
   1 !   57.7   1.7   7.4e-17     9e-17       8      59 ..       2      53 ..       1      64 [. 0.93

  Alignments for each domain:
  == domain 1  score: 57.7 bits;  conditional E-value: 7.4e-17
                      gvpj  8 aiktstssstladiLervLDkGvviagDiavsiadveLltiklRllvasvdk 59
                              a+++++sss+la++++r+LDkG+vi + + vs+  +eLl+i+ R+++asv++
  nat_561df1cd0484632cdef6  2 AVEKTNSSSSLAEVIDRILDKGIVIDAWVRVSLVGIELLAIEARIVIASVET 53
                              78999*********************************************97 PP

>> nat_5601498c9a93902562db  
   #    score  bias  c-Evalue  i-Evalue hmmfrom  hmm to    alifrom  ali to    envfrom  env to     acc
 ---   ------ ----- --------- --------- ------- -------    ------- -------    ------- -------    ----
   1 !   57.6   1.5   7.7e-17   9.5e-17       8      59 ..       2      53 ..       1      66 [. 0.92

  Alignments for each domain:
  == domain 1  score: 57.6 bits;  conditional E-value: 7.7e-17
                      gvpj  8 aiktstssstladiLervLDkGvviagDiavsiadveLltiklRllvasvdk 59
                              a+++++sss+la++++r+LDkG+vi + + vs+  +eLl+i+ R+++asv++
  nat_5601498c9a93902562db  2 AVEKTNSSSSLAEVIDRILDKGIVIDAWVRVSLVGIELLAIEARVVIASVET 53
                              78999*********************************************97 PP

>> nat_e4530a471497a647eef2  
   #    score  bias  c-Evalue  i-Evalue hmmfrom  hmm to    alifrom  ali to    envfrom  env to     acc
 ---   ------ ----- --------- --------- ------- -------    ------- -------    ------- -------    ----
   1 !   57.6   1.5   7.8e-17   9.6e-17       8      59 ..       2      53 ..       1      66 [. 0.92

  Alignments for each domain:
  == domain 1  score: 57.6 bits;  conditional E-value: 7.8e-17
                      gvpj  8 aiktstssstladiLervLDkGvviagDiavsiadveLltiklRllvasvdk 59
                              a+++++sss+la++++r+LDkG+vi + + vs+  +eLl+i+ R+++asv++
  nat_e4530a471497a647eef2  2 AVEKTNSSSSLAEVIDRILDKGIVIDAWVRVSLVGIELLAIEARIVIASVET 53
                              78999*********************************************97 PP

>> nat_bcfea43f3a708c18a025  
   #    score  bias  c-Evalue  i-Evalue hmmfrom  hmm to    alifrom  ali to    envfrom  env to     acc
 ---   ------ ----- --------- --------- ------- -------    ------- -------    ------- -------    ----
   1 !   57.6   1.6   7.8e-17   9.5e-17       8      59 ..       2      53 ..       1      65 [. 0.93

  Alignments for each domain:
  == domain 1  score: 57.6 bits;  conditional E-value: 7.8e-17
                      gvpj  8 aiktstssstladiLervLDkGvviagDiavsiadveLltiklRllvasvdk 59
                              a+++++sss+la++++r+LDkG+vi + + vs+  +eLl+i+ R+++asv++
  nat_bcfea43f3a708c18a025  2 AVEKTNSSSSLAEVIDRILDKGIVIDAWVRVSLVGIELLAIEARIVIASVET 53
                              78999*********************************************97 PP

>> nat_de1520359c3cd2badb80  
   #    score  bias  c-Evalue  i-Evalue hmmfrom  hmm to    alifrom  ali to    envfrom  env to     acc
 ---   ------ ----- --------- --------- ------- -------    ------- -------    ------- -------    ----
   1 !   57.6   1.0   7.8e-17   9.5e-17       5      59 ..       6      62 ..       1      75 [. 0.88

  Alignments for each domain:
  == domain 1  score: 57.6 bits;  conditional E-value: 7.8e-17
                      gvpj  5 rp..saiktstssstladiLervLDkGvviagDiavsiadveLltiklRllvasvdk 59
                              r    a+++++sss+la++++r+LDkG+vi +   vs+  +eLl+i+ R+++asv++
  nat_de1520359c3cd2badb80  6 RSitMAVEKTNSSSSLAEVIDRILDKGIVIDAWARVSLVGIELLAIEARVVIASVET 62
                              4355799************************************************97 PP

>> nat_e9cfe4a312dd51479edb  
   #    score  bias  c-Evalue  i-Evalue hmmfrom  hmm to    alifrom  ali to    envfrom  env to     acc
 ---   ------ ----- --------- --------- ------- -------    ------- -------    ------- -------    ----
   1 !   57.0   1.3   1.2e-16   1.5e-16      11      59 ..      13      61 ..       4      67 .. 0.94

  Alignments for each domain:
  == domain 1  score: 57.0 bits;  conditional E-value: 1.2e-16
                      gvpj 11 tstssstladiLervLDkGvviagDiavsiadveLltiklRllvasvdk 59
                              + +sss+lad+++ +LDkG+vi + i vs+  +eLlti +R++vasvd+
  nat_e9cfe4a312dd51479edb 13 SRRSSSSLADVIDTILDKGIVIDAYIRVSLVGIELLTIDVRIVVASVDT 61
                              5789********************************************7 PP

>> nat_dcefec45b0e834bbd113  
   #    score  bias  c-Evalue  i-Evalue hmmfrom  hmm to    alifrom  ali to    envfrom  env to     acc
 ---   ------ ----- --------- --------- ------- -------    ------- -------    ------- -------    ----
   1 !   57.7   1.3   7.6e-17   9.4e-17       9      60 ..       4      55 ..       1      75 [. 0.87

  Alignments for each domain:
  == domain 1  score: 57.7 bits;  conditional E-value: 7.6e-17
                      gvpj  9 iktstssstladiLervLDkGvviagDiavsiadveLltiklRllvasvdka 60
                              +++st ss+la++++rvLDkG+vi + ++vs+  +eL++i+ R++vasv++ 
  nat_dcefec45b0e834bbd113  4 VQKSTDSSSLAEVIDRVLDKGIVIDAFVKVSLVGIELIAIEARVVVASVETY 55
                              68899********************************************973 PP

>> nat_fa062766acc141ed13ab  
   #    score  bias  c-Evalue  i-Evalue hmmfrom  hmm to    alifrom  ali to    envfrom  env to     acc
 ---   ------ ----- --------- --------- ------- -------    ------- -------    ------- -------    ----
   1 !   57.5   1.5   8.3e-17     1e-16       8      59 ..       2      53 ..       1      66 [. 0.92

  Alignments for each domain:
  == domain 1  score: 57.5 bits;  conditional E-value: 8.3e-17
                      gvpj  8 aiktstssstladiLervLDkGvviagDiavsiadveLltiklRllvasvdk 59
                              a+++++sss+la++++r+LDkG+vi +   vs+ ++eLl+i+ R+++asv++
  nat_fa062766acc141ed13ab  2 AVEKTNSSSSLAEVIDRILDKGIVIDAWARVSLVSIELLAIEARIVIASVET 53
                              78999*********************************************97 PP

>> nat_f3c68da8dba27ecffeaa  
   #    score  bias  c-Evalue  i-Evalue hmmfrom  hmm to    alifrom  ali to    envfrom  env to     acc
 ---   ------ ----- --------- --------- ------- -------    ------- -------    ------- -------    ----
   1 !   57.6   1.0   8.1e-17   9.9e-17       9      60 ..       4      55 ..       1      71 [. 0.90

  Alignments for each domain:
  == domain 1  score: 57.6 bits;  conditional E-value: 8.1e-17
                      gvpj  9 iktstssstladiLervLDkGvviagDiavsiadveLltiklRllvasvdka 60
                              i++st ss la++++r+LDkG+v+ + i+vs+  +eLl+i+ R++vasv++ 
  nat_f3c68da8dba27ecffeaa  4 IQKSTDSSGLAEVVDRILDKGIVVDAFIKVSLVGIELLSIEARVVVASVETY 55
                              78999********************************************974 PP

>> nat_95a5abf872e631139217  
   #    score  bias  c-Evalue  i-Evalue hmmfrom  hmm to    alifrom  ali to    envfrom  env to     acc
 ---   ------ ----- --------- --------- ------- -------    ------- -------    ------- -------    ----
   1 !   57.4   1.6   8.8e-17   1.1e-16       8      59 ..       2      53 ..       1      65 [. 0.93

  Alignments for each domain:
  == domain 1  score: 57.4 bits;  conditional E-value: 8.8e-17
                      gvpj  8 aiktstssstladiLervLDkGvviagDiavsiadveLltiklRllvasvdk 59
                              a+++++sss+la++++r+LDkG+vi + + vs+  +eLl+i+ R+++asv++
  nat_95a5abf872e631139217  2 AVEKTNSSSSLAEVIDRILDKGIVIDAWVRVSLVGIELLAIEARVVIASVET 53
                              78999*********************************************97 PP

>> nat_9896810d394d4d1edf15  
   #    score  bias  c-Evalue  i-Evalue hmmfrom  hmm to    alifrom  ali to    envfrom  env to     acc
 ---   ------ ----- --------- --------- ------- -------    ------- -------    ------- -------    ----
   1 !   57.3   0.9     1e-16   1.2e-16       7      59 ..      10      62 ..       2      75 .. 0.89

  Alignments for each domain:
  == domain 1  score: 57.3 bits;  conditional E-value: 1e-16
                      gvpj  7 saiktstssstladiLervLDkGvviagDiavsiadveLltiklRllvasvdk 59
                               a+++++sss+la++++r+LDkG+vi +   vs+  +eLl+i+ R+++asv++
  nat_9896810d394d4d1edf15 10 MAVEKTNSSSSLAEVIDRILDKGIVIDAWARVSLVGIELLAIEARVVIASVET 62
                              7899***********************************************97 PP

>> nat_7cb4966ababb293a7db4  
   #    score  bias  c-Evalue  i-Evalue hmmfrom  hmm to    alifrom  ali to    envfrom  env to     acc
 ---   ------ ----- --------- --------- ------- -------    ------- -------    ------- -------    ----
   1 !   57.3   1.0     1e-16   1.2e-16       5      59 ..       6      62 ..       1      75 [. 0.88

  Alignments for each domain:
  == domain 1  score: 57.3 bits;  conditional E-value: 1e-16
                      gvpj  5 rp..saiktstssstladiLervLDkGvviagDiavsiadveLltiklRllvasvdk 59
                              r    a+++++sss+la++++r+LDkG+vi + + vs+  +eLl+++ R+++asv++
  nat_7cb4966ababb293a7db4  6 RSitMAVEKTNSSSSLAEVIDRILDKGIVIDAWVRVSLVGIELLALEARVVIASVET 62
                              4355799************************************************97 PP

>> nat_02e83ad46b86e8eaf5e7  
   #    score  bias  c-Evalue  i-Evalue hmmfrom  hmm to    alifrom  ali to    envfrom  env to     acc
 ---   ------ ----- --------- --------- ------- -------    ------- -------    ------- -------    ----
   1 !   57.2   1.3   1.1e-16   1.3e-16       8      59 ..       2      53 ..       1      69 [. 0.88

  Alignments for each domain:
  == domain 1  score: 57.2 bits;  conditional E-value: 1.1e-16
                      gvpj  8 aiktstssstladiLervLDkGvviagDiavsiadveLltiklRllvasvdk 59
                              ai++s  s++la++++rvL+kGvvi + i vs+  +eLl+i++R++vasv++
  nat_02e83ad46b86e8eaf5e7  2 AIEKSVASTSLAEVVDRVLEKGVVIDAFIRVSLVGIELLAIEVRAVVASVET 53
                              789999********************************************97 PP

>> nat_4cc577e850a35b25573f  
   #    score  bias  c-Evalue  i-Evalue hmmfrom  hmm to    alifrom  ali to    envfrom  env to     acc
 ---   ------ ----- --------- --------- ------- -------    ------- -------    ------- -------    ----
   1 !   57.2   1.0   1.1e-16   1.3e-16       9      60 ..       4      55 ..       1      71 [. 0.89

  Alignments for each domain:
  == domain 1  score: 57.2 bits;  conditional E-value: 1.1e-16
                      gvpj  9 iktstssstladiLervLDkGvviagDiavsiadveLltiklRllvasvdka 60
                              +++ t ss+la++++r+LDkG+vi + ++vs+  +eLl+i+ R+++asv++ 
  nat_4cc577e850a35b25573f  4 VQKATDSSSLAEVVDRILDKGIVIDAWVKVSLVGIELLSIEARVVIASVETY 55
                              577899*******************************************974 PP

>> nat_6a2cd3b9036aebd5361b  
   #    score  bias  c-Evalue  i-Evalue hmmfrom  hmm to    alifrom  ali to    envfrom  env to     acc
 ---   ------ ----- --------- --------- ------- -------    ------- -------    ------- -------    ----
   1 !   57.0   1.3   1.2e-16   1.5e-16       8      60 ..       2      58 ..       1      90 [. 0.82

  Alignments for each domain:
  == domain 1  score: 57.0 bits;  conditional E-value: 1.2e-16
                      gvpj  8 aiktstssstladiLervLDkGvviagDiavsiadveLltiklRllvasvdk....a 60
                              ai++st ss+la++++r+LDkG+vi +   vs+  +eL+ti+ R+++asvd+    a
  nat_6a2cd3b9036aebd5361b  2 AIQKSTDSSSLAEVIDRILDKGIVIDAFARVSVVGIELITIEARVVIASVDTwlryA 58
                              7899***********************************************833334 PP

>> nat_a1aca46bcd6c4b9b05eb  
   #    score  bias  c-Evalue  i-Evalue hmmfrom  hmm to    alifrom  ali to    envfrom  env to     acc
 ---   ------ ----- --------- --------- ------- -------    ------- -------    ------- -------    ----
   1 !   57.1   0.2   1.1e-16   1.4e-16       8      59 ..       2      53 ..       1      87 [. 0.86

  Alignments for each domain:
  == domain 1  score: 57.1 bits;  conditional E-value: 1.1e-16
                      gvpj  8 aiktstssstladiLervLDkGvviagDiavsiadveLltiklRllvasvdk 59
                              a+++st ss+la++++r+LDkG+vi + + vs+  +e+lt++ R+++asvd+
  nat_a1aca46bcd6c4b9b05eb  2 AVQKSTDSSSLAEVIDRILDKGIVIDAFVRVSVVGIEILTVEARVVIASVDT 53
                              7899***********************************************8 PP

>> nat_fd5c322037d42e8f890c  
   #    score  bias  c-Evalue  i-Evalue hmmfrom  hmm to    alifrom  ali to    envfrom  env to     acc
 ---   ------ ----- --------- --------- ------- -------    ------- -------    ------- -------    ----
   1 !   57.1   1.1   1.1e-16   1.4e-16       9      60 ..       4      55 ..       1      71 [. 0.91

  Alignments for each domain:
  == domain 1  score: 57.1 bits;  conditional E-value: 1.1e-16
                      gvpj  9 iktstssstladiLervLDkGvviagDiavsiadveLltiklRllvasvdka 60
                              +++ t ss+la++++r+LDkG+vi + ++vs+  +eL+ti+ R++vasv++ 
  nat_fd5c322037d42e8f890c  4 VQKATDSSSLAEVVDRILDKGIVIDAWVKVSLVGIELITIEARVVVASVETY 55
                              577899*******************************************974 PP

>> nat_408e9d934f451bb01fbc  
   #    score  bias  c-Evalue  i-Evalue hmmfrom  hmm to    alifrom  ali to    envfrom  env to     acc
 ---   ------ ----- --------- --------- ------- -------    ------- -------    ------- -------    ----
   1 !   57.0   1.0   1.2e-16   1.5e-16       9      60 ..       4      55 ..       1      71 [. 0.89

  Alignments for each domain:
  == domain 1  score: 57.0 bits;  conditional E-value: 1.2e-16
                      gvpj  9 iktstssstladiLervLDkGvviagDiavsiadveLltiklRllvasvdka 60
                              ++++t ss la++++r+LDkG+vi + ++vs+  +eLl+i+ R+++asv++ 
  nat_408e9d934f451bb01fbc  4 VQKTTDSSGLAEVIDRILDKGIVIDAFVKVSLVGIELLSIEARVVIASVETY 55
                              688999*******************************************974 PP

>> nat_a2a7b780c74df6bd950e  
   #    score  bias  c-Evalue  i-Evalue hmmfrom  hmm to    alifrom  ali to    envfrom  env to     acc
 ---   ------ ----- --------- --------- ------- -------    ------- -------    ------- -------    ----
   1 !   57.0   1.3   1.2e-16   1.5e-16       9      60 ..       4      55 ..       1      70 [. 0.90

  Alignments for each domain:
  == domain 1  score: 57.0 bits;  conditional E-value: 1.2e-16
                      gvpj  9 iktstssstladiLervLDkGvviagDiavsiadveLltiklRllvasvdka 60
                              +++st ss+la++++r+LDkG+vi + ++vs+  +eLl+i+ R+++asv++ 
  nat_a2a7b780c74df6bd950e  4 VANSTDSSSLAEVVDRILDKGIVIDAWVKVSLVGIELLAIEARVVIASVETY 55
                              678999*******************************************974 PP

>> nat_f3ffcf9688b666fefb41  
   #    score  bias  c-Evalue  i-Evalue hmmfrom  hmm to    alifrom  ali to    envfrom  env to     acc
 ---   ------ ----- --------- --------- ------- -------    ------- -------    ------- -------    ----
   1 !   56.8   1.0   1.4e-16   1.8e-16       8      59 ..       2      53 ..       1      66 [. 0.92

  Alignments for each domain:
  == domain 1  score: 56.8 bits;  conditional E-value: 1.4e-16
                      gvpj  8 aiktstssstladiLervLDkGvviagDiavsiadveLltiklRllvasvdk 59
                              a+++++sss+la++++r+LDkG+vi + + vs   +eLl+i+ R+++asv++
  nat_f3ffcf9688b666fefb41  2 AVEKTNSSSSLAEVIDRILDKGIVIDAWVRVSFVGIELLAIEARIVIASVET 53
                              78999*********************************************97 PP

>> nat_444b2346dad8b8d36df2  
   #    score  bias  c-Evalue  i-Evalue hmmfrom  hmm to    alifrom  ali to    envfrom  env to     acc
 ---   ------ ----- --------- --------- ------- -------    ------- -------    ------- -------    ----
   1 !   56.7   1.4   1.5e-16   1.8e-16       8      59 ..       2      53 ..       1      66 [. 0.92

  Alignments for each domain:
  == domain 1  score: 56.7 bits;  conditional E-value: 1.5e-16
                      gvpj  8 aiktstssstladiLervLDkGvviagDiavsiadveLltiklRllvasvdk 59
                              a+++++sss+la++++r+LDkG+v+ + + vs+  +eLl+i+ R++vasv++
  nat_444b2346dad8b8d36df2  2 AVEKTNSSSSLAEVIDRILDKGIVVDAWVRVSLVGIELLAIEARIVVASVET 53
                              78999*********************************************97 PP

>> nat_14b8d1a3240d87319476  
   #    score  bias  c-Evalue  i-Evalue hmmfrom  hmm to    alifrom  ali to    envfrom  env to     acc
 ---   ------ ----- --------- --------- ------- -------    ------- -------    ------- -------    ----
   1 !   56.7   0.8   1.5e-16   1.9e-16       8      59 ..       2      53 ..       1      90 [. 0.83

  Alignments for each domain:
  == domain 1  score: 56.7 bits;  conditional E-value: 1.5e-16
                      gvpj  8 aiktstssstladiLervLDkGvviagDiavsiadveLltiklRllvasvdk 59
                              +i++st +s+la++++r+LDkG+vi + + vs+  +eL+t++ R+++asvd+
  nat_14b8d1a3240d87319476  2 PIQKSTDGSSLAEVIDRILDKGIVIDAFVRVSVVGIELITVEARVVIASVDT 53
                              58899**********************************************8 PP

>> nat_b7662fa2f5d44aa0d6b4  
   #    score  bias  c-Evalue  i-Evalue hmmfrom  hmm to    alifrom  ali to    envfrom  env to     acc
 ---   ------ ----- --------- --------- ------- -------    ------- -------    ------- -------    ----
   1 !   56.7   1.1   1.5e-16   1.9e-16       9      60 ..       4      55 ..       1      71 [. 0.90

  Alignments for each domain:
  == domain 1  score: 56.7 bits;  conditional E-value: 1.5e-16
                      gvpj  9 iktstssstladiLervLDkGvviagDiavsiadveLltiklRllvasvdka 60
                              i++st ss+la++++r+LDkG+vi + ++vs+  +eLl+++ R+++asv++ 
  nat_b7662fa2f5d44aa0d6b4  4 IQKSTDSSSLAEVVDRILDKGIVIDAWVKVSLVGIELLSVEARVVIASVETY 55
                              78999********************************************974 PP

>> nat_9c9277ab558db757d72c  
   #    score  bias  c-Evalue  i-Evalue hmmfrom  hmm to    alifrom  ali to    envfrom  env to     acc
 ---   ------ ----- --------- --------- ------- -------    ------- -------    ------- -------    ----
   1 !   56.7   1.1   1.5e-16   1.9e-16       9      60 ..       4      55 ..       1      71 [. 0.89

  Alignments for each domain:
  == domain 1  score: 56.7 bits;  conditional E-value: 1.5e-16
                      gvpj  9 iktstssstladiLervLDkGvviagDiavsiadveLltiklRllvasvdka 60
                              +++st ss+la++++r+LDkG+v+ + ++vs+  +eLl+i+ R+++asv++ 
  nat_9c9277ab558db757d72c  4 VQKSTDSSSLAEVVDRILDKGIVVDAWVKVSLVGIELLSIEARVVIASVETY 55
                              68899********************************************973 PP

>> nat_7b11238f75117cdf3b62  
   #    score  bias  c-Evalue  i-Evalue hmmfrom  hmm to    alifrom  ali to    envfrom  env to     acc
 ---   ------ ----- --------- --------- ------- -------    ------- -------    ------- -------    ----
   1 !   56.5   1.0   1.7e-16   2.1e-16       9      91 ..       3      83 ..       1      86 [] 0.83

  Alignments for each domain:
  == domain 1  score: 56.5 bits;  conditional E-value: 1.7e-16
                      gvpj  9 iktstssstladiLervLDkGvviagDiavsiadveLltiklRllvasvdkakeiGldwwesdPylsska..eeleeenkqlqer 91
                              +++st ss+la++++r+LDkG+vi + + vs+  +e+lt++ R+++asvd+     l + e+   ls+ a  e l+ +n+  ++r
  nat_7b11238f75117cdf3b62  3 VQKSTDSSSLAEVIDRILDKGIVIDAFVRVSLVGIEILTVEARVVIASVDTW----LRYAEAVGLLSDEAetESLAYQNQSQTSR 83
                              78999*********************************************85....55666667777776556677777766665 PP

>> nat_956601650d2d23245a8b  
   #    score  bias  c-Evalue  i-Evalue hmmfrom  hmm to    alifrom  ali to    envfrom  env to     acc
 ---   ------ ----- --------- --------- ------- -------    ------- -------    ------- -------    ----
   1 !   56.5   0.9   1.7e-16   2.1e-16       9      60 ..       4      55 ..       1      71 [. 0.89

  Alignments for each domain:
  == domain 1  score: 56.5 bits;  conditional E-value: 1.7e-16
                      gvpj  9 iktstssstladiLervLDkGvviagDiavsiadveLltiklRllvasvdka 60
                              +++st ss+la++++r+LDkG+vi +  +vs+  +eLl+i+ R++vasv++ 
  nat_956601650d2d23245a8b  4 VANSTDSSSLAEVVDRILDKGIVIDAWAKVSLVGIELLSIEARVVVASVETY 55
                              678999*******************************************974 PP

>> nat_f65654f9aa3b69f34daa  
   #    score  bias  c-Evalue  i-Evalue hmmfrom  hmm to    alifrom  ali to    envfrom  env to     acc
 ---   ------ ----- --------- --------- ------- -------    ------- -------    ------- -------    ----
   1 !   56.5   1.1   1.8e-16   2.1e-16       9      60 ..       4      55 ..       1      71 [. 0.90

  Alignments for each domain:
  == domain 1  score: 56.5 bits;  conditional E-value: 1.8e-16
                      gvpj  9 iktstssstladiLervLDkGvviagDiavsiadveLltiklRllvasvdka 60
                              +++st ss+la++++r+LDkG+vi + ++vs+  +eLl+++ R+++asv++ 
  nat_f65654f9aa3b69f34daa  4 VQKSTDSSSLAEVVDRILDKGIVIDAWVKVSLVGIELLSVEARVVIASVETY 55
                              68899********************************************974 PP

>> nat_9bc7ff063d928dbcb919  
   #    score  bias  c-Evalue  i-Evalue hmmfrom  hmm to    alifrom  ali to    envfrom  env to     acc
 ---   ------ ----- --------- --------- ------- -------    ------- -------    ------- -------    ----
   1 !   56.4   2.0   1.9e-16   2.3e-16       8      60 ..       2      54 ..       1      68 [. 0.91

  Alignments for each domain:
  == domain 1  score: 56.4 bits;  conditional E-value: 1.9e-16
                      gvpj  8 aiktstssstladiLervLDkGvviagDiavsiadveLltiklRllvasvdka 60
                              a+++++sss+la++++r+LDkG+vi + + vs+  +eL++i+ R+++asv++ 
  nat_9bc7ff063d928dbcb919  2 AVEKTNSSSSLAEVIDRILDKGIVIDAWVRVSLVGIELIAIEARIVIASVETY 54
                              78999*********************************************974 PP

>> nat_2132a9e0b250f93ef073  
   #    score  bias  c-Evalue  i-Evalue hmmfrom  hmm to    alifrom  ali to    envfrom  env to     acc
 ---   ------ ----- --------- --------- ------- -------    ------- -------    ------- -------    ----
   1 !   56.4   1.9   1.9e-16   2.3e-16       8      59 ..       2      53 ..       1      66 [. 0.92

  Alignments for each domain:
  == domain 1  score: 56.4 bits;  conditional E-value: 1.9e-16
                      gvpj  8 aiktstssstladiLervLDkGvviagDiavsiadveLltiklRllvasvdk 59
                              a+++++sss+la++++r+LDkG+vi + + vs+  +eL++i+ R+++asv++
  nat_2132a9e0b250f93ef073  2 AVEKTNSSSSLAEVIDRILDKGIVIDAWVRVSLVRIELIAIEARIVIASVET 53
                              78999*********************************************97 PP

>> nat_183f7c25f0bd175da05b  
   #    score  bias  c-Evalue  i-Evalue hmmfrom  hmm to    alifrom  ali to    envfrom  env to     acc
 ---   ------ ----- --------- --------- ------- -------    ------- -------    ------- -------    ----
   1 !   56.3   1.8     2e-16   2.5e-16       8      59 ..       2      53 ..       1      66 [. 0.92

  Alignments for each domain:
  == domain 1  score: 56.3 bits;  conditional E-value: 2e-16
                      gvpj  8 aiktstssstladiLervLDkGvviagDiavsiadveLltiklRllvasvdk 59
                              a+++++sss+la++++r+LDkG+vi + + vs+  +eL++i+ R+++asv++
  nat_183f7c25f0bd175da05b  2 AVEKTNSSSSLAEVIDRILDKGIVIDAWVRVSLVGIELIAIEARIVIASVET 53
                              78999*********************************************97 PP

>> nat_c5e6ef219282f46a04ba  
   #    score  bias  c-Evalue  i-Evalue hmmfrom  hmm to    alifrom  ali to    envfrom  env to     acc
 ---   ------ ----- --------- --------- ------- -------    ------- -------    ------- -------    ----
   1 !   56.3   1.1     2e-16   2.4e-16       9      60 ..       4      55 ..       1      70 [. 0.90

  Alignments for each domain:
  == domain 1  score: 56.3 bits;  conditional E-value: 2e-16
                      gvpj  9 iktstssstladiLervLDkGvviagDiavsiadveLltiklRllvasvdka 60
                              +++st ss+la++++r+LDkG+vi + ++vs+  +eLl+i+ R+++asv++ 
  nat_c5e6ef219282f46a04ba  4 VANSTDSSSLAEVVDRILDKGIVIDAWLKVSLVGIELLAIEARVVIASVETY 55
                              678999*******************************************974 PP

>> nat_0cff47cd0a85e1de37e0  
   #    score  bias  c-Evalue  i-Evalue hmmfrom  hmm to    alifrom  ali to    envfrom  env to     acc
 ---   ------ ----- --------- --------- ------- -------    ------- -------    ------- -------    ----
   1 !   56.2   0.9   2.1e-16   2.6e-16       8      60 ..       2      54 ..       1      70 [. 0.91

  Alignments for each domain:
  == domain 1  score: 56.2 bits;  conditional E-value: 2.1e-16
                      gvpj  8 aiktstssstladiLervLDkGvviagDiavsiadveLltiklRllvasvdka 60
                              a+++++sss+la++++r+LDkG+vi +   vs+  +eLl+i+ R+++asv++ 
  nat_0cff47cd0a85e1de37e0  2 AVEKTNSSSSLAEVIDRILDKGIVIDAWARVSLVGIELLAIEARVVIASVETY 54
                              78999*********************************************974 PP

>> nat_26308fc9d4bef9eb4e06  
   #    score  bias  c-Evalue  i-Evalue hmmfrom  hmm to    alifrom  ali to    envfrom  env to     acc
 ---   ------ ----- --------- --------- ------- -------    ------- -------    ------- -------    ----
   1 !   56.2   0.9   2.2e-16   2.7e-16       8      59 ..       3      54 ..       1      82 [. 0.93

  Alignments for each domain:
  == domain 1  score: 56.2 bits;  conditional E-value: 2.2e-16
                      gvpj  8 aiktstssstladiLervLDkGvviagDiavsiadveLltiklRllvasvdk 59
                              a+++st ss+la++++r+LDkG+vi + + vs+  +e+lt++ R+++asvd+
  nat_26308fc9d4bef9eb4e06  3 AVQKSTDSSSLAEVIDRILDKGIVIDAFVRVSVVGIEILTVEARVVIASVDT 54
                              7899***********************************************7 PP

>> nat_2b57a127896613be0c56  
   #    score  bias  c-Evalue  i-Evalue hmmfrom  hmm to    alifrom  ali to    envfrom  env to     acc
 ---   ------ ----- --------- --------- ------- -------    ------- -------    ------- -------    ----
   1 !   56.0   0.9   2.5e-16     3e-16      10      60 ..       5      55 ..       2      72 .. 0.88

  Alignments for each domain:
  == domain 1  score: 56.0 bits;  conditional E-value: 2.5e-16
                      gvpj 10 ktstssstladiLervLDkGvviagDiavsiadveLltiklRllvasvdka 60
                               +st ss+la++++r+LDkG+vi +  +vs+  +eLl+i+ R++vasv++ 
  nat_2b57a127896613be0c56  5 MKSTDSSSLAEVVDRILDKGIVIDAWAKVSLVGIELLSIEARVVVASVETY 55
                              578999******************************************973 PP

>> nat_18142d35413b7350d3c4  
   #    score  bias  c-Evalue  i-Evalue hmmfrom  hmm to    alifrom  ali to    envfrom  env to     acc
 ---   ------ ----- --------- --------- ------- -------    ------- -------    ------- -------    ----
   1 !   56.1   1.2   2.4e-16   2.9e-16       8      59 ..       2      53 ..       1      79 [. 0.92

  Alignments for each domain:
  == domain 1  score: 56.1 bits;  conditional E-value: 2.4e-16
                      gvpj  8 aiktstssstladiLervLDkGvviagDiavsiadveLltiklRllvasvdk 59
                              ai++st ss+la++++r+LDkG+vi + + vs+  +e+lt++ R+++asvd+
  nat_18142d35413b7350d3c4  2 AIQKSTDSSSLAEVIDRILDKGIVIDAFVRVSVVGIEILTVEARVVIASVDT 53
                              7899***********************************************8 PP

>> nat_d68abcca0d121eb6dd4f  
   #    score  bias  c-Evalue  i-Evalue hmmfrom  hmm to    alifrom  ali to    envfrom  env to     acc
 ---   ------ ----- --------- --------- ------- -------    ------- -------    ------- -------    ----
   1 !   56.0   1.9   2.4e-16     3e-16       8      59 ..       2      53 ..       1      68 [. 0.92

  Alignments for each domain:
  == domain 1  score: 56.0 bits;  conditional E-value: 2.4e-16
                      gvpj  8 aiktstssstladiLervLDkGvviagDiavsiadveLltiklRllvasvdk 59
                              a+++ +sss+la++++r+LDkG+vi + + vs+  +eLl+i+ R+++asv++
  nat_d68abcca0d121eb6dd4f  2 AVEKVNSSSSLAEVIDRILDKGIVIDAWVRVSLVGIELLSIEARIVIASVET 53
                              678899********************************************97 PP

>> nat_9246ded62fef238baf63  
   #    score  bias  c-Evalue  i-Evalue hmmfrom  hmm to    alifrom  ali to    envfrom  env to     acc
 ---   ------ ----- --------- --------- ------- -------    ------- -------    ------- -------    ----
   1 !   56.0   1.9   2.5e-16     3e-16       8      59 ..       2      53 ..       1      67 [. 0.92

  Alignments for each domain:
  == domain 1  score: 56.0 bits;  conditional E-value: 2.5e-16
                      gvpj  8 aiktstssstladiLervLDkGvviagDiavsiadveLltiklRllvasvdk 59
                              a+++ +sss+la++++r+LDkG+vi + + vs+  +eLl+i+ R+++asv++
  nat_9246ded62fef238baf63  2 AVEKVNSSSSLAEVIDRILDKGIVIDAWVRVSLVGIELLSIEARIVIASVET 53
                              678899********************************************97 PP

>> nat_278c7a3fd12af0319695  
   #    score  bias  c-Evalue  i-Evalue hmmfrom  hmm to    alifrom  ali to    envfrom  env to     acc
 ---   ------ ----- --------- --------- ------- -------    ------- -------    ------- -------    ----
   1 !   56.0   1.5   2.5e-16   3.1e-16       8      59 ..       2      53 ..       1      66 [. 0.92

  Alignments for each domain:
  == domain 1  score: 56.0 bits;  conditional E-value: 2.5e-16
                      gvpj  8 aiktstssstladiLervLDkGvviagDiavsiadveLltiklRllvasvdk 59
                              a+++++sss+la++++r+LDkG+v+ + + vs+  +eLl+i+ R+++asv++
  nat_278c7a3fd12af0319695  2 AVEKTNSSSSLAEVIDRILDKGIVVDAWVRVSLVGIELLAIEARIVIASVET 53
                              78999*********************************************97 PP

>> nat_83cf4bae954290aa781d  
   #    score  bias  c-Evalue  i-Evalue hmmfrom  hmm to    alifrom  ali to    envfrom  env to     acc
 ---   ------ ----- --------- --------- ------- -------    ------- -------    ------- -------    ----
   1 !   56.0   1.5   2.5e-16   3.1e-16       8      59 ..       2      53 ..       1      66 [. 0.92

  Alignments for each domain:
  == domain 1  score: 56.0 bits;  conditional E-value: 2.5e-16
                      gvpj  8 aiktstssstladiLervLDkGvviagDiavsiadveLltiklRllvasvdk 59
                              a+++++sss+la++++r+LDkG+v+ + + vs+  +eLl+i+ R+++asv++
  nat_83cf4bae954290aa781d  2 AVEKTNSSSSLAEVIDRILDKGIVVDAWVRVSLVGIELLAIEARIVIASVET 53
                              78999*********************************************97 PP

>> nat_1bae8aa5c69e1d4931dd  
   #    score  bias  c-Evalue  i-Evalue hmmfrom  hmm to    alifrom  ali to    envfrom  env to     acc
 ---   ------ ----- --------- --------- ------- -------    ------- -------    ------- -------    ----
   1 !   56.0   2.0   2.5e-16   3.1e-16       8      60 ..       2      54 ..       1      67 [. 0.92

  Alignments for each domain:
  == domain 1  score: 56.0 bits;  conditional E-value: 2.5e-16
                      gvpj  8 aiktstssstladiLervLDkGvviagDiavsiadveLltiklRllvasvdka 60
                              a+++ +sss+la++++r+LDkG+vi + + vs+  +eLl+i+ R+++asvd+ 
  nat_1bae8aa5c69e1d4931dd  2 AVEKVNSSSSLAEVVDRILDKGIVIDAWVRVSLVGIELLAIEARVVIASVDTY 54
                              678899*********************************************84 PP

>> nat_c740155726ca8561a023  
   #    score  bias  c-Evalue  i-Evalue hmmfrom  hmm to    alifrom  ali to    envfrom  env to     acc
 ---   ------ ----- --------- --------- ------- -------    ------- -------    ------- -------    ----
   1 !   56.1   0.8   2.4e-16   2.9e-16       8      59 ..       2      53 ..       1      88 [. 0.92

  Alignments for each domain:
  == domain 1  score: 56.1 bits;  conditional E-value: 2.4e-16
                      gvpj  8 aiktstssstladiLervLDkGvviagDiavsiadveLltiklRllvasvdk 59
                              a+++st ss+la++++r+LDkG+vi +   vs+  +eL+t++ R++vasvd+
  nat_c740155726ca8561a023  2 AVQKSTDSSSLAEVIDRILDKGIVIDAYARVSVVGIELITVEARVVVASVDT 53
                              7899***********************************************8 PP

>> nat_41e20b6f7b2c95cf431a  
   #    score  bias  c-Evalue  i-Evalue hmmfrom  hmm to    alifrom  ali to    envfrom  env to     acc
 ---   ------ ----- --------- --------- ------- -------    ------- -------    ------- -------    ----
   1 !   56.0   2.1   2.6e-16   3.1e-16       8      60 ..       2      54 ..       1      67 [. 0.92

  Alignments for each domain:
  == domain 1  score: 56.0 bits;  conditional E-value: 2.6e-16
                      gvpj  8 aiktstssstladiLervLDkGvviagDiavsiadveLltiklRllvasvdka 60
                              a+++ +sss+la++++r+LDkG+vi + + vs+  +eLl+i+ R+++asvd+ 
  nat_41e20b6f7b2c95cf431a  2 AVEKVNSSSSLAEVVDRILDKGIVIDAWVRVSLVGIELLAIEARIVIASVDTY 54
                              678899*********************************************84 PP

>> nat_45ceddea54f47745a1ad  
   #    score  bias  c-Evalue  i-Evalue hmmfrom  hmm to    alifrom  ali to    envfrom  env to     acc
 ---   ------ ----- --------- --------- ------- -------    ------- -------    ------- -------    ----
   1 !   55.9   2.0   2.7e-16   3.3e-16       8      59 ..       2      53 ..       1      68 [. 0.92

  Alignments for each domain:
  == domain 1  score: 55.9 bits;  conditional E-value: 2.7e-16
                      gvpj  8 aiktstssstladiLervLDkGvviagDiavsiadveLltiklRllvasvdk 59
                              a+++ +sss+la++++r+LDkG+vi + + vs+  +eLl+i+ R+++asv++
  nat_45ceddea54f47745a1ad  2 AVEKVNSSSSLAEVIDRILDKGIVIDAWVRVSLVGIELLSIEARVVIASVET 53
                              678899********************************************97 PP

>> nat_819e640008ab1349cc70  
   #    score  bias  c-Evalue  i-Evalue hmmfrom  hmm to    alifrom  ali to    envfrom  env to     acc
 ---   ------ ----- --------- --------- ------- -------    ------- -------    ------- -------    ----
   1 !   55.9   1.3   2.8e-16   3.4e-16       8      59 ..       2      53 ..       1      62 [. 0.94

  Alignments for each domain:
  == domain 1  score: 55.9 bits;  conditional E-value: 2.8e-16
                      gvpj  8 aiktstssstladiLervLDkGvviagDiavsiadveLltiklRllvasvdk 59
                              a+++++sss+la++++r+LDkG+vi +   vs+  +eLl+i+ R+++asv++
  nat_819e640008ab1349cc70  2 AVEKTNSSSSLAEVIDRILDKGIVIDAWARVSLVGIELLAIEARVVIASVET 53
                              78999*********************************************98 PP

>> nat_063ea39f372fcc47b854  
   #    score  bias  c-Evalue  i-Evalue hmmfrom  hmm to    alifrom  ali to    envfrom  env to     acc
 ---   ------ ----- --------- --------- ------- -------    ------- -------    ------- -------    ----
   1 !   55.9   1.5   2.7e-16   3.3e-16       9      59 ..       4      54 ..       1      70 [. 0.91

  Alignments for each domain:
  == domain 1  score: 55.9 bits;  conditional E-value: 2.7e-16
                      gvpj  9 iktstssstladiLervLDkGvviagDiavsiadveLltiklRllvasvdk 59
                              ++++t ss+la++++r+LDkG+vi + ++vs+  +eL+t++ R++vasv++
  nat_063ea39f372fcc47b854  4 VQKTTDSSSLAEVVDRILDKGIVIDAWVKVSLVGIELITVEARVVVASVET 54
                              678999*******************************************97 PP

>> nat_f7504e4129a4bef9f7f2  
   #    score  bias  c-Evalue  i-Evalue hmmfrom  hmm to    alifrom  ali to    envfrom  env to     acc
 ---   ------ ----- --------- --------- ------- -------    ------- -------    ------- -------    ----
   1 !   55.8   1.3     3e-16   3.6e-16      10      59 ..       2      51 ..       1      64 [. 0.93

  Alignments for each domain:
  == domain 1  score: 55.8 bits;  conditional E-value: 3e-16
                      gvpj 10 ktstssstladiLervLDkGvviagDiavsiadveLltiklRllvasvdk 59
                              k+s + s+la++L+r+LDkG+vi + + vs+  +eLl+++lR+++asv++
  nat_f7504e4129a4bef9f7f2  2 KHSVHASSLAEVLDRILDKGIVIDAYVIVSLVGIELLAVELRAVIASVET 51
                              78999*******************************************97 PP

>> nat_42c893463fb64a324e03  
   #    score  bias  c-Evalue  i-Evalue hmmfrom  hmm to    alifrom  ali to    envfrom  env to     acc
 ---   ------ ----- --------- --------- ------- -------    ------- -------    ------- -------    ----
   1 !   55.9   0.9   2.7e-16   3.3e-16       9      60 ..       4      55 ..       1      71 [. 0.89

  Alignments for each domain:
  == domain 1  score: 55.9 bits;  conditional E-value: 2.7e-16
                      gvpj  9 iktstssstladiLervLDkGvviagDiavsiadveLltiklRllvasvdka 60
                              +++st ss+la++++rvLDkG+v+ + ++vs+  +eLl+++ R++vasv++ 
  nat_42c893463fb64a324e03  4 VAKSTDSSSLAEVVDRVLDKGIVVDAWVKVSLVGIELLSVEARVVVASVETY 55
                              678999*******************************************973 PP

>> nat_967e2f04e468a1a875d9  
   #    score  bias  c-Evalue  i-Evalue hmmfrom  hmm to    alifrom  ali to    envfrom  env to     acc
 ---   ------ ----- --------- --------- ------- -------    ------- -------    ------- -------    ----
   1 !   55.8   1.7   2.8e-16   3.5e-16       8      64 ..       2      62 ..       1      77 [. 0.84

  Alignments for each domain:
  == domain 1  score: 55.8 bits;  conditional E-value: 2.8e-16
                      gvpj  8 aiktstssstladiLervLDkGvviagDiavsiadveLltiklRllvasvdk....akeiG 64
                              a+++ +sss+l+++++r+LDkG+vi   i +s+  +eLlti+ R+++asv++    a+ +G
  nat_967e2f04e468a1a875d9  2 AVEKVNSSSSLVEVIDRILDKGIVIDVWIRISLVGIELLTIEARIVIASVETylkyAQAVG 62
                              678899********************************************97333345555 PP

>> nat_96074fbc1c013ecec913  
   #    score  bias  c-Evalue  i-Evalue hmmfrom  hmm to    alifrom  ali to    envfrom  env to     acc
 ---   ------ ----- --------- --------- ------- -------    ------- -------    ------- -------    ----
   1 !   55.8   1.6   2.9e-16   3.5e-16       8      59 ..       2      53 ..       1      65 [. 0.93

  Alignments for each domain:
  == domain 1  score: 55.8 bits;  conditional E-value: 2.9e-16
                      gvpj  8 aiktstssstladiLervLDkGvviagDiavsiadveLltiklRllvasvdk 59
                              a+++++sss+la++++r+LDkG+v+ + + vs+  +eLl+i+ R+++asv++
  nat_96074fbc1c013ecec913  2 AVEKTNSSSSLAEVIDRILDKGIVVDAWVRVSLVGIELLAIEARIVIASVET 53
                              78999*********************************************97 PP

>> nat_6bbc846fc8bfac59f7c6  
   #    score  bias  c-Evalue  i-Evalue hmmfrom  hmm to    alifrom  ali to    envfrom  env to     acc
 ---   ------ ----- --------- --------- ------- -------    ------- -------    ------- -------    ----
   1 !   55.9   0.8   2.7e-16   3.3e-16       9      60 ..       4      55 ..       1      71 [. 0.90

  Alignments for each domain:
  == domain 1  score: 55.9 bits;  conditional E-value: 2.7e-16
                      gvpj  9 iktstssstladiLervLDkGvviagDiavsiadveLltiklRllvasvdka 60
                              i++st ss+la++++r+LDkG+vi +  +vs+  +eLl+i+ R+++asv++ 
  nat_6bbc846fc8bfac59f7c6  4 IQKSTDSSSLAEVVDRILDKGIVIDAWAKVSLVGIELLAIEARVVIASVETY 55
                              78999********************************************974 PP

>> nat_47e46863c347a8f8468f  
   #    score  bias  c-Evalue  i-Evalue hmmfrom  hmm to    alifrom  ali to    envfrom  env to     acc
 ---   ------ ----- --------- --------- ------- -------    ------- -------    ------- -------    ----
   1 !   55.8   1.8   2.9e-16   3.5e-16       8      59 ..       2      53 ..       1      68 [. 0.92

  Alignments for each domain:
  == domain 1  score: 55.8 bits;  conditional E-value: 2.9e-16
                      gvpj  8 aiktstssstladiLervLDkGvviagDiavsiadveLltiklRllvasvdk 59
                              a+++ +sss+la++++r+LDkG+vi + + vs+  +eLl+i+ R+++asv++
  nat_47e46863c347a8f8468f  2 AVEKVNSSSSLAEVVDRILDKGIVIDAWVRVSLVGIELLSIEARVVIASVET 53
                              678899********************************************97 PP

>> nat_50dda88e67458b1e7169  
   #    score  bias  c-Evalue  i-Evalue hmmfrom  hmm to    alifrom  ali to    envfrom  env to     acc
 ---   ------ ----- --------- --------- ------- -------    ------- -------    ------- -------    ----
   1 !   55.7   1.7     3e-16   3.7e-16       8      60 ..       3      55 ..       1      66 [. 0.90

  Alignments for each domain:
  == domain 1  score: 55.7 bits;  conditional E-value: 3e-16
                      gvpj  8 aiktstssstladiLervLDkGvviagDiavsiadveLltiklRllvasvdka 60
                              +++++t s++la++++r+LDkG+vi + ++vs+  +eLl+++ R++vasv++ 
  nat_50dda88e67458b1e7169  3 SVQKTTDSASLAEVVDRILDKGIVIDAWVKVSLVGIELLSVEARVVVASVETY 55
                              5788999*******************************************974 PP

>> nat_ce84140595a3625becb8  
   #    score  bias  c-Evalue  i-Evalue hmmfrom  hmm to    alifrom  ali to    envfrom  env to     acc
 ---   ------ ----- --------- --------- ------- -------    ------- -------    ------- -------    ----
   1 !   55.7   1.2     3e-16   3.7e-16       8      59 ..       2      53 ..       1      66 [. 0.92

  Alignments for each domain:
  == domain 1  score: 55.7 bits;  conditional E-value: 3e-16
                      gvpj  8 aiktstssstladiLervLDkGvviagDiavsiadveLltiklRllvasvdk 59
                              a+++++sss+la++++r+LDkG+vi +   vs+  +eLl+i+ R+++asv++
  nat_ce84140595a3625becb8  2 AVEKTNSSSSLAEVIDRILDKGIVIDAWARVSLVGIELLAIEARVVIASVET 53
                              78999*********************************************97 PP

>> nat_b06d430fdaaa1079895b  
   #    score  bias  c-Evalue  i-Evalue hmmfrom  hmm to    alifrom  ali to    envfrom  env to     acc
 ---   ------ ----- --------- --------- ------- -------    ------- -------    ------- -------    ----
   1 !   55.8   1.9   2.9e-16   3.6e-16       8      59 ..       2      53 ..       1      68 [. 0.92

  Alignments for each domain:
  == domain 1  score: 55.8 bits;  conditional E-value: 2.9e-16
                      gvpj  8 aiktstssstladiLervLDkGvviagDiavsiadveLltiklRllvasvdk 59
                              a+++ +sss+la++++r+LDkG+vi + + vs+  +eLl+i+ R+++asv++
  nat_b06d430fdaaa1079895b  2 AVEKVNSSSSLAEVVDRILDKGIVIDAWVRVSLVGIELLSIEARIVIASVET 53
                              678899********************************************97 PP

>> nat_c69f9a6b4253e4d6089f  
   #    score  bias  c-Evalue  i-Evalue hmmfrom  hmm to    alifrom  ali to    envfrom  env to     acc
 ---   ------ ----- --------- --------- ------- -------    ------- -------    ------- -------    ----
   1 !   55.7   1.2     3e-16   3.7e-16       8      59 ..       2      53 ..       1      65 [. 0.93

  Alignments for each domain:
  == domain 1  score: 55.7 bits;  conditional E-value: 3e-16
                      gvpj  8 aiktstssstladiLervLDkGvviagDiavsiadveLltiklRllvasvdk 59
                              a+++++sss+la++++r+LDkG+vi +   vs+  +eLl+i+ R+++asv++
  nat_c69f9a6b4253e4d6089f  2 AVEKTNSSSSLAEVIDRILDKGIVIDAWARVSLVGIELLAIEARVVIASVET 53
                              78999*********************************************97 PP

>> nat_1f275ce5dd842aaaf9d2  
   #    score  bias  c-Evalue  i-Evalue hmmfrom  hmm to    alifrom  ali to    envfrom  env to     acc
 ---   ------ ----- --------- --------- ------- -------    ------- -------    ------- -------    ----
   1 !   55.7   1.2     3e-16   3.7e-16       8      59 ..       2      53 ..       1      66 [. 0.92

  Alignments for each domain:
  == domain 1  score: 55.7 bits;  conditional E-value: 3e-16
                      gvpj  8 aiktstssstladiLervLDkGvviagDiavsiadveLltiklRllvasvdk 59
                              a+++++sss+la++++r+LDkG+vi +   vs+  +eLl+i+ R+++asv++
  nat_1f275ce5dd842aaaf9d2  2 AVEKTNSSSSLAEVIDRILDKGIVIDAWARVSLVGIELLAIEARVVIASVET 53
                              78999*********************************************97 PP

>> nat_a43bb7e6a797bf21e3c8  
   #    score  bias  c-Evalue  i-Evalue hmmfrom  hmm to    alifrom  ali to    envfrom  env to     acc
 ---   ------ ----- --------- --------- ------- -------    ------- -------    ------- -------    ----
   1 !   55.7   1.3     3e-16   3.7e-16       8      59 ..       2      53 ..       1      66 [. 0.92

  Alignments for each domain:
  == domain 1  score: 55.7 bits;  conditional E-value: 3e-16
                      gvpj  8 aiktstssstladiLervLDkGvviagDiavsiadveLltiklRllvasvdk 59
                              a+++++sss+la++++r+LDkG+vi +   vs+  +eLl+i+ R+++asv++
  nat_a43bb7e6a797bf21e3c8  2 AVEKTNSSSSLAEVIDRILDKGIVIDAWARVSLVGIELLAIEARIVIASVET 53
                              78999*********************************************97 PP

>> nat_ec1d66f4985b18dd0226  
   #    score  bias  c-Evalue  i-Evalue hmmfrom  hmm to    alifrom  ali to    envfrom  env to     acc
 ---   ------ ----- --------- --------- ------- -------    ------- -------    ------- -------    ----
   1 !   55.8   1.0   2.9e-16   3.6e-16       9      60 ..       4      55 ..       1      71 [. 0.90

  Alignments for each domain:
  == domain 1  score: 55.8 bits;  conditional E-value: 2.9e-16
                      gvpj  9 iktstssstladiLervLDkGvviagDiavsiadveLltiklRllvasvdka 60
                              i++st ss+la++++r+LDkG+v+ + ++vs+  +eLl+++ R++vasv++ 
  nat_ec1d66f4985b18dd0226  4 IQKSTDSSSLAEVVDRILDKGIVVDAWVKVSLVGIELLSVEARVVVASVETY 55
                              78999********************************************973 PP

>> nat_54de16dcd0555acdee27  
   #    score  bias  c-Evalue  i-Evalue hmmfrom  hmm to    alifrom  ali to    envfrom  env to     acc
 ---   ------ ----- --------- --------- ------- -------    ------- -------    ------- -------    ----
   1 !   55.7   2.2     3e-16   3.7e-16       8      60 ..       2      54 ..       1      69 [. 0.92

  Alignments for each domain:
  == domain 1  score: 55.7 bits;  conditional E-value: 3e-16
                      gvpj  8 aiktstssstladiLervLDkGvviagDiavsiadveLltiklRllvasvdka 60
                              a+++ +sss+la++++r+LDkG+vi + + vs+  +eLl+i+ R+++asv++ 
  nat_54de16dcd0555acdee27  2 AVEKVNSSSSLAEVIDRILDKGIVIDAWVRVSLVGIELLSIEARVVIASVETY 54
                              678899********************************************974 PP

>> nat_6d06213120173a755e9b  
   #    score  bias  c-Evalue  i-Evalue hmmfrom  hmm to    alifrom  ali to    envfrom  env to     acc
 ---   ------ ----- --------- --------- ------- -------    ------- -------    ------- -------    ----
   1 !   55.7   0.9     3e-16   3.7e-16       9      59 ..       3      53 ..       1      80 [. 0.93

  Alignments for each domain:
  == domain 1  score: 55.7 bits;  conditional E-value: 3e-16
                      gvpj  9 iktstssstladiLervLDkGvviagDiavsiadveLltiklRllvasvdk 59
                              i++st+ss+la++++r+LDkG+vi +   vsi  +e+lti+ R+++asvd+
  nat_6d06213120173a755e9b  3 IQKSTNSSSLAEVIDRILDKGIVIDAFARVSIVGIEILTIEARVVIASVDT 53
                              7899**********************************************7 PP

>> nat_97a7f6a002cd984f87b1  
   #    score  bias  c-Evalue  i-Evalue hmmfrom  hmm to    alifrom  ali to    envfrom  env to     acc
 ---   ------ ----- --------- --------- ------- -------    ------- -------    ------- -------    ----
   1 !   55.6   1.9   3.2e-16   3.9e-16       8      59 ..       2      53 ..       1      68 [. 0.92

  Alignments for each domain:
  == domain 1  score: 55.6 bits;  conditional E-value: 3.2e-16
                      gvpj  8 aiktstssstladiLervLDkGvviagDiavsiadveLltiklRllvasvdk 59
                              a+++ +sss+la++++r+LDkG+vi + + vs+  +eLl+i+ R+++asv++
  nat_97a7f6a002cd984f87b1  2 AVEKVNSSSSLAEVVDRILDKGIVIDAWVRVSLVGIELLSIEARVVIASVET 53
                              678899********************************************97 PP

>> nat_2395590053bc57a3bac9  
   #    score  bias  c-Evalue  i-Evalue hmmfrom  hmm to    alifrom  ali to    envfrom  env to     acc
 ---   ------ ----- --------- --------- ------- -------    ------- -------    ------- -------    ----
   1 !   55.5   1.3   3.5e-16   4.3e-16       8      65 ..       2      63 ..       1      90 [. 0.81

  Alignments for each domain:
  == domain 1  score: 55.5 bits;  conditional E-value: 3.5e-16
                      gvpj  8 aiktstssstladiLervLDkGvviagDiavsiadveLltiklRllvasvdk....akeiGl 65
                              ai++st ss+la++++r+LDkG+vi +   vs+  +eL+t++ R+++asvd+    a+ +Gl
  nat_2395590053bc57a3bac9  2 AIQKSTDSSSLAEVIDRILDKGIVIDAFARVSVVGIELITVEARVVIASVDTwlryAEAVGL 63
                              7899***********************************************84444555565 PP

>> nat_867df19266611b1dd32b  
   #    score  bias  c-Evalue  i-Evalue hmmfrom  hmm to    alifrom  ali to    envfrom  env to     acc
 ---   ------ ----- --------- --------- ------- -------    ------- -------    ------- -------    ----
   1 !   55.4   1.2   3.7e-16   4.5e-16       8      65 ..       2      63 ..       1      90 [. 0.81

  Alignments for each domain:
  == domain 1  score: 55.4 bits;  conditional E-value: 3.7e-16
                      gvpj  8 aiktstssstladiLervLDkGvviagDiavsiadveLltiklRllvasvdk....akeiGl 65
                              ai++st ss+la++++r+LDkG+vi +   vs+  +eL+t++ R+++asvd+    a+ +Gl
  nat_867df19266611b1dd32b  2 AIQKSTDSSSLAEVIDRILDKGIVIDAFARVSVVGIELITVEARVVIASVDTwlryAEAVGL 63
                              7899***********************************************84434455555 PP

>> nat_de6e45b17a1efe79f377  
   #    score  bias  c-Evalue  i-Evalue hmmfrom  hmm to    alifrom  ali to    envfrom  env to     acc
 ---   ------ ----- --------- --------- ------- -------    ------- -------    ------- -------    ----
   1 !   55.5   1.6   3.5e-16   4.3e-16       8      59 ..       2      53 ..       1      64 [. 0.93

  Alignments for each domain:
  == domain 1  score: 55.5 bits;  conditional E-value: 3.5e-16
                      gvpj  8 aiktstssstladiLervLDkGvviagDiavsiadveLltiklRllvasvdk 59
                              a+++++sss+la++++r+LDkG+v+ + + vs+  +eLl+i+ R+++asv++
  nat_de6e45b17a1efe79f377  2 AVEKTNSSSSLAEVIDRILDKGIVVDAWVRVSLVGIELLAIEARIVIASVET 53
                              78999*********************************************97 PP

>> nat_426945d8cc00ec8955a1  
   #    score  bias  c-Evalue  i-Evalue hmmfrom  hmm to    alifrom  ali to    envfrom  env to     acc
 ---   ------ ----- --------- --------- ------- -------    ------- -------    ------- -------    ----
   1 !   55.6   1.2   3.3e-16   4.1e-16       8      59 ..       2      53 ..       1      82 [. 0.93

  Alignments for each domain:
  == domain 1  score: 55.6 bits;  conditional E-value: 3.3e-16
                      gvpj  8 aiktstssstladiLervLDkGvviagDiavsiadveLltiklRllvasvdk 59
                              ai++st ss+la++++r+LDkG+vi +   vs+  +e+lti+ R+++asvd+
  nat_426945d8cc00ec8955a1  2 AIQKSTDSSSLAEVIDRILDKGIVIDAFARVSVVGIEILTIEARVVIASVDT 53
                              7899***********************************************7 PP

>> nat_5de637450d4d853bfeda  
   #    score  bias  c-Evalue  i-Evalue hmmfrom  hmm to    alifrom  ali to    envfrom  env to     acc
 ---   ------ ----- --------- --------- ------- -------    ------- -------    ------- -------    ----
   1 !   55.6   0.9   3.3e-16   4.1e-16       8      59 ..       2      53 ..       1      88 [. 0.94

  Alignments for each domain:
  == domain 1  score: 55.6 bits;  conditional E-value: 3.3e-16
                      gvpj  8 aiktstssstladiLervLDkGvviagDiavsiadveLltiklRllvasvdk 59
                              a+++st ss+la++++r+LDkG+vi + + vs+  +e+lt++ R+++asvd+
  nat_5de637450d4d853bfeda  2 AVQKSTDSSSLAEVIDRILDKGIVIDAFVRVSVVGIEILTVEARVVIASVDT 53
                              7899***********************************************7 PP

>> nat_fa70cf643277a18d9353  
   #    score  bias  c-Evalue  i-Evalue hmmfrom  hmm to    alifrom  ali to    envfrom  env to     acc
 ---   ------ ----- --------- --------- ------- -------    ------- -------    ------- -------    ----
   1 !   55.5   1.3   3.6e-16   4.4e-16       8      59 ..       2      53 ..       1      62 [. 0.94

  Alignments for each domain:
  == domain 1  score: 55.5 bits;  conditional E-value: 3.6e-16
                      gvpj  8 aiktstssstladiLervLDkGvviagDiavsiadveLltiklRllvasvdk 59
                              a+++++sss+la++++r+LDkG+vi + + vs+  +eLl+++ R+++asv++
  nat_fa70cf643277a18d9353  2 AVEKTNSSSSLAEVIDRILDKGIVIDAWVRVSLVGIELLALEARVVIASVET 53
                              78999*********************************************98 PP

>> nat_ed971bf96974483cf1a5  
   #    score  bias  c-Evalue  i-Evalue hmmfrom  hmm to    alifrom  ali to    envfrom  env to     acc
 ---   ------ ----- --------- --------- ------- -------    ------- -------    ------- -------    ----
   1 !   55.5   1.8   3.6e-16   4.4e-16       8      59 ..       2      53 ..       1      68 [. 0.92

  Alignments for each domain:
  == domain 1  score: 55.5 bits;  conditional E-value: 3.6e-16
                      gvpj  8 aiktstssstladiLervLDkGvviagDiavsiadveLltiklRllvasvdk 59
                              a+++ +sss+la++++r+LDkG+vi + + vs+  +eLl+i+ R+++asv++
  nat_ed971bf96974483cf1a5  2 AVEKVNSSSSLAEVIDRILDKGIVIDAWVRVSLVGIELLAIEARVVIASVET 53
                              678899********************************************97 PP

>> nat_044b97bbcc6fc75d19af  
   #    score  bias  c-Evalue  i-Evalue hmmfrom  hmm to    alifrom  ali to    envfrom  env to     acc
 ---   ------ ----- --------- --------- ------- -------    ------- -------    ------- -------    ----
   1 !   55.5   1.8   3.6e-16   4.4e-16       8      59 ..       2      53 ..       1      68 [. 0.92

  Alignments for each domain:
  == domain 1  score: 55.5 bits;  conditional E-value: 3.6e-16
                      gvpj  8 aiktstssstladiLervLDkGvviagDiavsiadveLltiklRllvasvdk 59
                              a+++ +sss+la++++r+LDkG+vi + + vs+  +eLl+i+ R+++asv++
  nat_044b97bbcc6fc75d19af  2 AVEKVNSSSSLAEVIDRILDKGIVIDAWVRVSLVGIELLAIEARVVIASVET 53
                              678899********************************************97 PP

>> nat_98510cc23b6e65ce4afa  
   #    score  bias  c-Evalue  i-Evalue hmmfrom  hmm to    alifrom  ali to    envfrom  env to     acc
 ---   ------ ----- --------- --------- ------- -------    ------- -------    ------- -------    ----
   1 !   55.5   1.1   3.4e-16   4.2e-16       8      59 ..       2      53 ..       1      82 [. 0.93

  Alignments for each domain:
  == domain 1  score: 55.5 bits;  conditional E-value: 3.4e-16
                      gvpj  8 aiktstssstladiLervLDkGvviagDiavsiadveLltiklRllvasvdk 59
                              ai+++t ss+la++++r+LDkG+vi +   vs+  +e+lti+ R+++asvd+
  nat_98510cc23b6e65ce4afa  2 AIQKTTDSSSLAEVIDRILDKGIVIDAFARVSVVGIEILTIEARVVIASVDT 53
                              7899***********************************************8 PP

>> nat_81e16e28c5b6ae6c687e  
   #    score  bias  c-Evalue  i-Evalue hmmfrom  hmm to    alifrom  ali to    envfrom  env to     acc
 ---   ------ ----- --------- --------- ------- -------    ------- -------    ------- -------    ----
   1 !   55.4   1.8   3.7e-16   4.5e-16       8      59 ..       2      53 ..       1      66 [. 0.92

  Alignments for each domain:
  == domain 1  score: 55.4 bits;  conditional E-value: 3.7e-16
                      gvpj  8 aiktstssstladiLervLDkGvviagDiavsiadveLltiklRllvasvdk 59
                              a+++ +sss+la++++r+LDkG+vi + + vs+  +eLl+i+ R+++asv++
  nat_81e16e28c5b6ae6c687e  2 AVEKVNSSSSLAEVIDRILDKGIVIDAWVRVSLVGIELLAIEARVVIASVET 53
                              678899********************************************97 PP

>> nat_7e5a0ca10a01973b587c  
   #    score  bias  c-Evalue  i-Evalue hmmfrom  hmm to    alifrom  ali to    envfrom  env to     acc
 ---   ------ ----- --------- --------- ------- -------    ------- -------    ------- -------    ----
   1 !   55.5   1.4   3.5e-16   4.2e-16       8      59 ..       2      53 ..       1      80 [. 0.93

  Alignments for each domain:
  == domain 1  score: 55.5 bits;  conditional E-value: 3.5e-16
                      gvpj  8 aiktstssstladiLervLDkGvviagDiavsiadveLltiklRllvasvdk 59
                              a+++st ss+la++++r+LDkG+vi + + vs+  +e+lt++ R+++asvd+
  nat_7e5a0ca10a01973b587c  2 AVQKSTDSSSLAEVIDRILDKGIVIDAFVRVSVVGIEILTVEARVVIASVDT 53
                              7899***********************************************7 PP

>> nat_a67e165cabef467e0ac9  
   #    score  bias  c-Evalue  i-Evalue hmmfrom  hmm to    alifrom  ali to    envfrom  env to     acc
 ---   ------ ----- --------- --------- ------- -------    ------- -------    ------- -------    ----
   1 !   55.5   0.8   3.5e-16   4.3e-16       8      59 ..       2      53 ..       1      81 [. 0.91

  Alignments for each domain:
  == domain 1  score: 55.5 bits;  conditional E-value: 3.5e-16
                      gvpj  8 aiktstssstladiLervLDkGvviagDiavsiadveLltiklRllvasvdk 59
                              a+++st ss+la++++r+LDkG+vi + + vs+  +e+lt++ R+++asvd+
  nat_a67e165cabef467e0ac9  2 ALQKSTDSSSLAEVIDRILDKGIVIDAFVRVSVVGIEILTVEARVVIASVDT 53
                              67899**********************************************8 PP

>> nat_b39131acb6e4086319d0  
   #    score  bias  c-Evalue  i-Evalue hmmfrom  hmm to    alifrom  ali to    envfrom  env to     acc
 ---   ------ ----- --------- --------- ------- -------    ------- -------    ------- -------    ----
   1 !   55.4   2.0   3.8e-16   4.6e-16       8      59 ..       2      53 ..       1      68 [. 0.92

  Alignments for each domain:
  == domain 1  score: 55.4 bits;  conditional E-value: 3.8e-16
                      gvpj  8 aiktstssstladiLervLDkGvviagDiavsiadveLltiklRllvasvdk 59
                              a+++ +sss+la++++r+LDkG+vi + + vs+  +eLl+i+ R+++asv++
  nat_b39131acb6e4086319d0  2 AVEKVNSSSSLAEVIDRILDKGIVIDAWVRVSLVGIELLAIEARIVIASVET 53
                              678899********************************************97 PP

>> nat_b210eed1ce4ece76342b  
   #    score  bias  c-Evalue  i-Evalue hmmfrom  hmm to    alifrom  ali to    envfrom  env to     acc
 ---   ------ ----- --------- --------- ------- -------    ------- -------    ------- -------    ----
   1 !   55.5   1.1   3.7e-16   4.5e-16       9      60 ..       4      55 ..       1      71 [. 0.90

  Alignments for each domain:
  == domain 1  score: 55.5 bits;  conditional E-value: 3.7e-16
                      gvpj  9 iktstssstladiLervLDkGvviagDiavsiadveLltiklRllvasvdka 60
                              i++st ss+la++++r+LDkG+v+ + ++vs+  +eLl+++ R++vasv++ 
  nat_b210eed1ce4ece76342b  4 IAKSTDSSSLAEVVDRILDKGIVVDAWVKVSLVGIELLSVEARVVVASVETY 55
                              78899********************************************974 PP

>> nat_6d7cf2e541fa269a8a55  
   #    score  bias  c-Evalue  i-Evalue hmmfrom  hmm to    alifrom  ali to    envfrom  env to     acc
 ---   ------ ----- --------- --------- ------- -------    ------- -------    ------- -------    ----
   1 !   55.5   1.2   3.6e-16   4.5e-16       8      59 ..       2      53 ..       1      80 [. 0.94

  Alignments for each domain:
  == domain 1  score: 55.5 bits;  conditional E-value: 3.6e-16
                      gvpj  8 aiktstssstladiLervLDkGvviagDiavsiadveLltiklRllvasvdk 59
                              a+++st ss+la++++r+LDkG+vi + + vs+  +e+lt++ R+++asvd+
  nat_6d7cf2e541fa269a8a55  2 AVQKSTDSSSLAEVIDRILDKGIVIDAFVRVSVVGIEILTVEARVVIASVDT 53
                              7899***********************************************7 PP

>> nat_66d41021d88e3bf58bdc  
   #    score  bias  c-Evalue  i-Evalue hmmfrom  hmm to    alifrom  ali to    envfrom  env to     acc
 ---   ------ ----- --------- --------- ------- -------    ------- -------    ------- -------    ----
   1 !   55.4   1.2   3.9e-16   4.8e-16       8      59 ..       2      53 ..       1      66 [. 0.92

  Alignments for each domain:
  == domain 1  score: 55.4 bits;  conditional E-value: 3.9e-16
                      gvpj  8 aiktstssstladiLervLDkGvviagDiavsiadveLltiklRllvasvdk 59
                              a+++++sss+la++++r+LDkG+vi + + vs+  +eLl+++ R+++asv++
  nat_66d41021d88e3bf58bdc  2 AVEKTNSSSSLAEVIDRILDKGIVIDAWVRVSLVGIELLALEARVVIASVET 53
                              78999*********************************************97 PP

>> nat_b409898218d5081ec434  
   #    score  bias  c-Evalue  i-Evalue hmmfrom  hmm to    alifrom  ali to    envfrom  env to     acc
 ---   ------ ----- --------- --------- ------- -------    ------- -------    ------- -------    ----
   1 !   55.4   0.9   3.7e-16   4.5e-16       9      60 ..       4      55 ..       1      71 [. 0.91

  Alignments for each domain:
  == domain 1  score: 55.4 bits;  conditional E-value: 3.7e-16
                      gvpj  9 iktstssstladiLervLDkGvviagDiavsiadveLltiklRllvasvdka 60
                              +++st ss+l ++++r+LDkG+vi + ++vs+  +eL+ti+ R++vasv++ 
  nat_b409898218d5081ec434  4 VQKSTDSSSLGEVVDRILDKGIVIDAWVKVSLVGIELITIEARVVVASVETY 55
                              678999*******************************************974 PP

>> nat_d5a9f8a6d8ef07026219  
   #    score  bias  c-Evalue  i-Evalue hmmfrom  hmm to    alifrom  ali to    envfrom  env to     acc
 ---   ------ ----- --------- --------- ------- -------    ------- -------    ------- -------    ----
   1 !   55.4   1.9   3.9e-16   4.8e-16       8      59 ..       2      53 ..       1      68 [. 0.92

  Alignments for each domain:
  == domain 1  score: 55.4 bits;  conditional E-value: 3.9e-16
                      gvpj  8 aiktstssstladiLervLDkGvviagDiavsiadveLltiklRllvasvdk 59
                              a+++ +sss+la++++r+LDkG+vi + + vs+  +eLl+i+ R+++asv++
  nat_d5a9f8a6d8ef07026219  2 AVEKVNSSSSLAEVIDRILDKGIVIDAWVRVSLVGIELLAIEARVVIASVET 53
                              678899********************************************97 PP

>> nat_7017fbd8c94374540f0f  
   #    score  bias  c-Evalue  i-Evalue hmmfrom  hmm to    alifrom  ali to    envfrom  env to     acc
 ---   ------ ----- --------- --------- ------- -------    ------- -------    ------- -------    ----
   1 !   55.4   0.8   3.8e-16   4.6e-16       8      59 ..       3      54 ..       1      83 [. 0.93

  Alignments for each domain:
  == domain 1  score: 55.4 bits;  conditional E-value: 3.8e-16
                      gvpj  8 aiktstssstladiLervLDkGvviagDiavsiadveLltiklRllvasvdk 59
                              ++++st ss+la++++r+LDkG+vi + + vs+  +e+lt++ R+++asvd+
  nat_7017fbd8c94374540f0f  3 SVQKSTDSSSLAEVIDRILDKGIVIDAFVRVSVVGIEILTVEARVVIASVDT 54
                              578999*********************************************8 PP

>> nat_72cdd34cb274da9e5e19  
   #    score  bias  c-Evalue  i-Evalue hmmfrom  hmm to    alifrom  ali to    envfrom  env to     acc
 ---   ------ ----- --------- --------- ------- -------    ------- -------    ------- -------    ----
   1 !   55.4   1.3   3.8e-16   4.6e-16       8      59 ..       2      53 ..       1      89 [. 0.92

  Alignments for each domain:
  == domain 1  score: 55.4 bits;  conditional E-value: 3.8e-16
                      gvpj  8 aiktstssstladiLervLDkGvviagDiavsiadveLltiklRllvasvdk 59
                              ai++st ss la++++r+LDkG+vi +   vs+  +eL+ti+ R++vasvd+
  nat_72cdd34cb274da9e5e19  2 AIQKSTDSSGLAEVIDRILDKGIVIDAFARVSVVGIELITIEARVVVASVDT 53
                              7899***********************************************7 PP

>> nat_26bed164289c66a8ab62  
   #    score  bias  c-Evalue  i-Evalue hmmfrom  hmm to    alifrom  ali to    envfrom  env to     acc
 ---   ------ ----- --------- --------- ------- -------    ------- -------    ------- -------    ----
   1 !   55.4   2.2   3.9e-16   4.8e-16       8      59 ..       3      54 ..       1      68 [. 0.93

  Alignments for each domain:
  == domain 1  score: 55.4 bits;  conditional E-value: 3.9e-16
                      gvpj  8 aiktstssstladiLervLDkGvviagDiavsiadveLltiklRllvasvdk 59
                              +i++s  ss+la++++r+LDkGvvi + + vs+  +eLl+i+ R+++asvd+
  nat_26bed164289c66a8ab62  3 SIQKSVDSSSLAEVIDRILDKGVVIDAFVRVSLVGIELLAIEARVVIASVDT 54
                              5789999********************************************7 PP

>> nat_9f00e82557108118047d  
   #    score  bias  c-Evalue  i-Evalue hmmfrom  hmm to    alifrom  ali to    envfrom  env to     acc
 ---   ------ ----- --------- --------- ------- -------    ------- -------    ------- -------    ----
   1 !   55.3   1.9     4e-16     5e-16       8      60 ..       2      54 ..       1      68 [. 0.91

  Alignments for each domain:
  == domain 1  score: 55.3 bits;  conditional E-value: 4e-16
                      gvpj  8 aiktstssstladiLervLDkGvviagDiavsiadveLltiklRllvasvdka 60
                              a+++++s+s+la++++r+LDkG+vi + + vs+  +eL++i+ R+++asv++ 
  nat_9f00e82557108118047d  2 AVEKTNSTSSLAEVIDRILDKGIVIDAWVRVSLVGIELIAIEARIVIASVETY 54
                              78999*********************************************974 PP

>> nat_5d20e8974d28b202ff3e  
   #    score  bias  c-Evalue  i-Evalue hmmfrom  hmm to    alifrom  ali to    envfrom  env to     acc
 ---   ------ ----- --------- --------- ------- -------    ------- -------    ------- -------    ----
   1 !   55.3   0.6   3.9e-16   4.8e-16       9      59 ..       3      53 ..       1      83 [. 0.93

  Alignments for each domain:
  == domain 1  score: 55.3 bits;  conditional E-value: 3.9e-16
                      gvpj  9 iktstssstladiLervLDkGvviagDiavsiadveLltiklRllvasvdk 59
                              i++st+ss+la++++r+LDkG+vi +   vs+  +e+lti+ R+++asvd+
  nat_5d20e8974d28b202ff3e  3 IQKSTNSSSLAEVIDRILDKGIVIDAFARVSVVGIEILTIEARVVIASVDT 53
                              7899**********************************************7 PP

>> nat_ab2c1e3f0d8fb899b91a  
   #    score  bias  c-Evalue  i-Evalue hmmfrom  hmm to    alifrom  ali to    envfrom  env to     acc
 ---   ------ ----- --------- --------- ------- -------    ------- -------    ------- -------    ----
   1 !   55.3   2.0     4e-16   4.9e-16       8      59 ..       3      54 ..       1      71 [. 0.91

  Alignments for each domain:
  == domain 1  score: 55.3 bits;  conditional E-value: 4e-16
                      gvpj  8 aiktstssstladiLervLDkGvviagDiavsiadveLltiklRllvasvdk 59
                              +ik+st ss+lad++e +LDkGvvi     vs+  +eLlti+ R+++asvd+
  nat_ab2c1e3f0d8fb899b91a  3 TIKKSTDSSSLADVIEIILDKGVVIDIFARVSLVGIELLTIEARVVIASVDT 54
                              799************************************************8 PP

>> nat_603ba2fccd34d2e3b142  
   #    score  bias  c-Evalue  i-Evalue hmmfrom  hmm to    alifrom  ali to    envfrom  env to     acc
 ---   ------ ----- --------- --------- ------- -------    ------- -------    ------- -------    ----
   1 !   55.3   0.8     4e-16   4.9e-16       9      60 ..       4      55 ..       1      71 [. 0.89

  Alignments for each domain:
  == domain 1  score: 55.3 bits;  conditional E-value: 4e-16
                      gvpj  9 iktstssstladiLervLDkGvviagDiavsiadveLltiklRllvasvdka 60
                              +++st ss+la++++rvLDkG+vi +  +vs+  +eLl+++ R++vasv++ 
  nat_603ba2fccd34d2e3b142  4 VANSTDSSSLAEVVDRVLDKGIVIDAWAKVSLVGIELLSVEARVVVASVETY 55
                              678999*******************************************974 PP

>> nat_9e1803ec0ea9ee179a94  
   #    score  bias  c-Evalue  i-Evalue hmmfrom  hmm to    alifrom  ali to    envfrom  env to     acc
 ---   ------ ----- --------- --------- ------- -------    ------- -------    ------- -------    ----
   1 !   55.3   1.1   4.1e-16   5.1e-16       8      59 ..       2      53 ..       1      77 [. 0.93

  Alignments for each domain:
  == domain 1  score: 55.3 bits;  conditional E-value: 4.1e-16
                      gvpj  8 aiktstssstladiLervLDkGvviagDiavsiadveLltiklRllvasvdk 59
                              a+++st ss+la++++r+LDkG+vi +   vs+  +e+lti+ R+++asvd+
  nat_9e1803ec0ea9ee179a94  2 AVQKSTDSSSLAEVIDRILDKGIVIDAFARVSVVGIEILTIEARVVIASVDT 53
                              7899***********************************************8 PP

>> nat_41af882b944a1fc500db  
   #    score  bias  c-Evalue  i-Evalue hmmfrom  hmm to    alifrom  ali to    envfrom  env to     acc
 ---   ------ ----- --------- --------- ------- -------    ------- -------    ------- -------    ----
   1 !   55.2   1.7   4.3e-16   5.2e-16       8      59 ..       2      53 ..       1      68 [. 0.92

  Alignments for each domain:
  == domain 1  score: 55.2 bits;  conditional E-value: 4.3e-16
                      gvpj  8 aiktstssstladiLervLDkGvviagDiavsiadveLltiklRllvasvdk 59
                              a+++ +sss+la++++r+LDkG+vi + + vs+  +eLl+i+ R+++asv++
  nat_41af882b944a1fc500db  2 AVEKVNSSSSLAEVVDRILDKGIVIDAWVRVSLVGIELLAIEARVVIASVET 53
                              678899********************************************97 PP

>> nat_0d5c4d48b465e6ca9571  
   #    score  bias  c-Evalue  i-Evalue hmmfrom  hmm to    alifrom  ali to    envfrom  env to     acc
 ---   ------ ----- --------- --------- ------- -------    ------- -------    ------- -------    ----
   1 !   55.2   2.2   4.5e-16   5.5e-16       8      59 ..       4      55 ..       2      74 .. 0.92

  Alignments for each domain:
  == domain 1  score: 55.2 bits;  conditional E-value: 4.5e-16
                      gvpj  8 aiktstssstladiLervLDkGvviagDiavsiadveLltiklRllvasvdk 59
                              +i++s  ss+la++++r+LDkGvvi + + vs+  +eLl+i+ R+++asvd+
  nat_0d5c4d48b465e6ca9571  4 SIQKSVDSSSLAEVIDRILDKGVVIDAFVRVSLVGIELLAIEARVVIASVDT 55
                              5788999********************************************7 PP

>> nat_2e924180e7ec30a66746  
   #    score  bias  c-Evalue  i-Evalue hmmfrom  hmm to    alifrom  ali to    envfrom  env to     acc
 ---   ------ ----- --------- --------- ------- -------    ------- -------    ------- -------    ----
   1 !   55.3   0.7   4.2e-16   5.2e-16       9      59 ..       3      53 ..       1      82 [. 0.93

  Alignments for each domain:
  == domain 1  score: 55.3 bits;  conditional E-value: 4.2e-16
                      gvpj  9 iktstssstladiLervLDkGvviagDiavsiadveLltiklRllvasvdk 59
                              i++st+ss+la++++r+LDkG+vi +   vs+  +e+lti+ R+++asvd+
  nat_2e924180e7ec30a66746  3 IQKSTNSSSLAEVIDRILDKGIVIDAFARVSVVGIEILTIEARVVIASVDT 53
                              7899**********************************************7 PP

>> nat_7549e3c1301e8688c306  
   #    score  bias  c-Evalue  i-Evalue hmmfrom  hmm to    alifrom  ali to    envfrom  env to     acc
 ---   ------ ----- --------- --------- ------- -------    ------- -------    ------- -------    ----
   1 !   55.2   1.6   4.3e-16   5.3e-16       8      59 ..       2      53 ..       1      79 [. 0.93

  Alignments for each domain:
  == domain 1  score: 55.2 bits;  conditional E-value: 4.3e-16
                      gvpj  8 aiktstssstladiLervLDkGvviagDiavsiadveLltiklRllvasvdk 59
                              a+++st ss+la++++r+LDkG+vi + + vs+  +e+lt++ R+++asvd+
  nat_7549e3c1301e8688c306  2 AVQKSTDSSSLAEVIDRILDKGIVIDAFVRVSVVGIEILTVEARVVIASVDT 53
                              7899***********************************************7 PP

>> nat_0d33e01c516b8fa75a9b  
   #    score  bias  c-Evalue  i-Evalue hmmfrom  hmm to    alifrom  ali to    envfrom  env to     acc
 ---   ------ ----- --------- --------- ------- -------    ------- -------    ------- -------    ----
   1 !   55.2   1.8   4.5e-16   5.6e-16       8      59 ..       2      53 ..       1      67 [. 0.92

  Alignments for each domain:
  == domain 1  score: 55.2 bits;  conditional E-value: 4.5e-16
                      gvpj  8 aiktstssstladiLervLDkGvviagDiavsiadveLltiklRllvasvdk 59
                              a+++ +sss+la++++r+LDkG+vi + + vs+  +eLl+i+ R+++asv++
  nat_0d33e01c516b8fa75a9b  2 AVEKVNSSSSLAEVVDRILDKGIVIDAWVRVSLVGIELLAIEARVVIASVET 53
                              678899********************************************97 PP

>> nat_0cf4b83878ac8a432a8c  
   #    score  bias  c-Evalue  i-Evalue hmmfrom  hmm to    alifrom  ali to    envfrom  env to     acc
 ---   ------ ----- --------- --------- ------- -------    ------- -------    ------- -------    ----
   1 !   55.2   1.9   4.5e-16   5.5e-16       8      59 ..       2      53 ..       1      68 [. 0.92

  Alignments for each domain:
  == domain 1  score: 55.2 bits;  conditional E-value: 4.5e-16
                      gvpj  8 aiktstssstladiLervLDkGvviagDiavsiadveLltiklRllvasvdk 59
                              a+++ +sss+la++++r+LDkG+vi + + vs+  +eLl+i+ R+++asv++
  nat_0cf4b83878ac8a432a8c  2 AVEKVNSSSSLAEVVDRILDKGIVIDAWVRVSLVGIELLAIEARIVIASVET 53
                              678899********************************************97 PP

>> nat_e7917ca07f716dbc393f  
   #    score  bias  c-Evalue  i-Evalue hmmfrom  hmm to    alifrom  ali to    envfrom  env to     acc
 ---   ------ ----- --------- --------- ------- -------    ------- -------    ------- -------    ----
   1 !   55.0   2.1   5.1e-16   6.2e-16       8      59 ..       2      53 ..       1      65 [. 0.94

  Alignments for each domain:
  == domain 1  score: 55.0 bits;  conditional E-value: 5.1e-16
                      gvpj  8 aiktstssstladiLervLDkGvviagDiavsiadveLltiklRllvasvdk 59
                              a+++st ss+la++++r+LDkG+vi + + vs+  +e+lt++ R+++asvd+
  nat_e7917ca07f716dbc393f  2 AVQKSTDSSSLAEVIDRILDKGIVIDAYVRVSVVGIEILTVEARVVIASVDT 53
                              7899***********************************************7 PP

>> nat_d9b32c93cd099c72a956  
   #    score  bias  c-Evalue  i-Evalue hmmfrom  hmm to    alifrom  ali to    envfrom  env to     acc
 ---   ------ ----- --------- --------- ------- -------    ------- -------    ------- -------    ----
   1 !   55.1   1.9   4.6e-16   5.6e-16       8      59 ..       2      53 ..       1      67 [. 0.92

  Alignments for each domain:
  == domain 1  score: 55.1 bits;  conditional E-value: 4.6e-16
                      gvpj  8 aiktstssstladiLervLDkGvviagDiavsiadveLltiklRllvasvdk 59
                              a+++ +sss+la++++r+LDkG+vi + + vs+  +eLl+i+ R+++asv++
  nat_d9b32c93cd099c72a956  2 AVEKVNSSSSLAEVVDRILDKGIVIDAWVRVSLVGIELLAIEARIVIASVET 53
                              678899********************************************97 PP

>> nat_dc38a4313453d819bde4  
   #    score  bias  c-Evalue  i-Evalue hmmfrom  hmm to    alifrom  ali to    envfrom  env to     acc
 ---   ------ ----- --------- --------- ------- -------    ------- -------    ------- -------    ----
   1 !   55.2   1.0   4.4e-16   5.3e-16       9      60 ..       4      55 ..       1      71 [. 0.89

  Alignments for each domain:
  == domain 1  score: 55.2 bits;  conditional E-value: 4.4e-16
                      gvpj  9 iktstssstladiLervLDkGvviagDiavsiadveLltiklRllvasvdka 60
                              +++st ss+la++++r+LDkG+vi   ++vs+  +eLl+i+ R+++asv++ 
  nat_dc38a4313453d819bde4  4 VANSTDSSSLAEVVDRILDKGIVIDVWVKVSLVGIELLAIEARIVIASVETY 55
                              678999*******************************************974 PP

>> nat_d6412c6847666b43092f  
   #    score  bias  c-Evalue  i-Evalue hmmfrom  hmm to    alifrom  ali to    envfrom  env to     acc
 ---   ------ ----- --------- --------- ------- -------    ------- -------    ------- -------    ----
   1 !   55.2   1.2   4.5e-16   5.6e-16       8      59 ..       2      53 ..       1      70 [. 0.91

  Alignments for each domain:
  == domain 1  score: 55.2 bits;  conditional E-value: 4.5e-16
                      gvpj  8 aiktstssstladiLervLDkGvviagDiavsiadveLltiklRllvasvdk 59
                              a+++ +sss+la++++r+LDkG+v+ + + vs+  +eLl+i+ R++vasv++
  nat_d6412c6847666b43092f  2 AVEKVNSSSSLAEVIDRILDKGIVVDAWVRVSLVGIELLAIEARVVVASVET 53
                              678899********************************************97 PP

>> nat_f2015767f86fd10eb826  
   #    score  bias  c-Evalue  i-Evalue hmmfrom  hmm to    alifrom  ali to    envfrom  env to     acc
 ---   ------ ----- --------- --------- ------- -------    ------- -------    ------- -------    ----
   1 !   55.1   2.1   4.5e-16   5.6e-16       8      60 ..       2      54 ..       1      69 [. 0.92

  Alignments for each domain:
  == domain 1  score: 55.1 bits;  conditional E-value: 4.5e-16
                      gvpj  8 aiktstssstladiLervLDkGvviagDiavsiadveLltiklRllvasvdka 60
                              a+++ +sss+la++++r+LDkGvvi + + vs+  +eLl+i+ R+++asv++ 
  nat_f2015767f86fd10eb826  2 AVEKVNSSSSLAEVVDRILDKGVVIDAWVRVSLVGIELLAIEARVVIASVETY 54
                              678899********************************************974 PP

>> nat_31320e152ba1b4cfe0c5  
   #    score  bias  c-Evalue  i-Evalue hmmfrom  hmm to    alifrom  ali to    envfrom  env to     acc
 ---   ------ ----- --------- --------- ------- -------    ------- -------    ------- -------    ----
   1 !   55.2   1.2   4.4e-16   5.4e-16       8      60 ..       2      54 ..       1      71 [. 0.91

  Alignments for each domain:
  == domain 1  score: 55.2 bits;  conditional E-value: 4.4e-16
                      gvpj  8 aiktstssstladiLervLDkGvviagDiavsiadveLltiklRllvasvdka 60
                              a+++ +sss+la++++r+LDkG+v+ + + vs+  +eLl+i+ R++vasv++ 
  nat_31320e152ba1b4cfe0c5  2 AVEKVNSSSSLAEVIDRILDKGIVVDAWVRVSLVGIELLAIEARVVVASVETY 54
                              678899********************************************974 PP

>> nat_91f552b9f84853c37285  
   #    score  bias  c-Evalue  i-Evalue hmmfrom  hmm to    alifrom  ali to    envfrom  env to     acc
 ---   ------ ----- --------- --------- ------- -------    ------- -------    ------- -------    ----
   1 !   55.2   1.2   4.4e-16   5.4e-16       8      60 ..       2      54 ..       1      71 [. 0.91

  Alignments for each domain:
  == domain 1  score: 55.2 bits;  conditional E-value: 4.4e-16
                      gvpj  8 aiktstssstladiLervLDkGvviagDiavsiadveLltiklRllvasvdka 60
                              a+++ +sss+la++++r+LDkG+v+ + + vs+  +eLl+i+ R++vasv++ 
  nat_91f552b9f84853c37285  2 AVEKVNSSSSLAEVIDRILDKGIVVDAWVRVSLVGIELLAIEARVVVASVETY 54
                              678899********************************************974 PP

>> nat_142752963930eab74d74  
   #    score  bias  c-Evalue  i-Evalue hmmfrom  hmm to    alifrom  ali to    envfrom  env to     acc
 ---   ------ ----- --------- --------- ------- -------    ------- -------    ------- -------    ----
   1 !   55.2   0.7   4.5e-16   5.6e-16       9      59 ..       3      53 ..       1      83 [. 0.93

  Alignments for each domain:
  == domain 1  score: 55.2 bits;  conditional E-value: 4.5e-16
                      gvpj  9 iktstssstladiLervLDkGvviagDiavsiadveLltiklRllvasvdk 59
                              i++st+ss+la++++r+LDkG+vi +   vs+  +e+lti+ R+++asvd+
  nat_142752963930eab74d74  3 IQKSTNSSSLAEVIDRILDKGIVIDAFARVSVVGIEILTIEARVVIASVDT 53
                              7899**********************************************7 PP

>> nat_1bf14199f279ca97cc94  
   #    score  bias  c-Evalue  i-Evalue hmmfrom  hmm to    alifrom  ali to    envfrom  env to     acc
 ---   ------ ----- --------- --------- ------- -------    ------- -------    ------- -------    ----
   1 !   55.1   1.2   4.8e-16   5.9e-16       8      60 ..       2      54 ..       1      70 [. 0.91

  Alignments for each domain:
  == domain 1  score: 55.1 bits;  conditional E-value: 4.8e-16
                      gvpj  8 aiktstssstladiLervLDkGvviagDiavsiadveLltiklRllvasvdka 60
                              a+++++sss+l+++++r+LDkG+vi +   vs+  +eLl+i+ R+++asv++ 
  nat_1bf14199f279ca97cc94  2 AVEKTNSSSSLVEVIDRILDKGIVIDAWARVSLVGIELLAIEARVVIASVETY 54
                              78999*********************************************974 PP

>> nat_6eb7664db70304cf0f2b  
   #    score  bias  c-Evalue  i-Evalue hmmfrom  hmm to    alifrom  ali to    envfrom  env to     acc
 ---   ------ ----- --------- --------- ------- -------    ------- -------    ------- -------    ----
   1 !   55.1   0.8   4.8e-16   5.8e-16       9      59 ..       3      53 ..       1      80 [. 0.93

  Alignments for each domain:
  == domain 1  score: 55.1 bits;  conditional E-value: 4.8e-16
                      gvpj  9 iktstssstladiLervLDkGvviagDiavsiadveLltiklRllvasvdk 59
                              i++st+ss+la++++r+LDkG+vi +   vs+  +e+lti+ R+++asvd+
  nat_6eb7664db70304cf0f2b  3 IQKSTNSSSLAEVIDRILDKGIVIDAFARVSVVGIEILTIEARVVIASVDT 53
                              7899**********************************************7 PP

>> nat_17718ba432b9ffbaf06b  
   #    score  bias  c-Evalue  i-Evalue hmmfrom  hmm to    alifrom  ali to    envfrom  env to     acc
 ---   ------ ----- --------- --------- ------- -------    ------- -------    ------- -------    ----
   1 !   55.0   0.8   4.9e-16     6e-16       9      59 ..       3      53 ..       1      82 [. 0.94

  Alignments for each domain:
  == domain 1  score: 55.0 bits;  conditional E-value: 4.9e-16
                      gvpj  9 iktstssstladiLervLDkGvviagDiavsiadveLltiklRllvasvdk 59
                              i++st+ss+la++++r+LDkG+vi +   vs+  +e+lti+ R+++asvd+
  nat_17718ba432b9ffbaf06b  3 IQKSTNSSSLAEVIDRILDKGIVIDAFARVSVVGIEILTIEARVVIASVDT 53
                              7899**********************************************7 PP

>> nat_34e541178b7b0b894972  
   #    score  bias  c-Evalue  i-Evalue hmmfrom  hmm to    alifrom  ali to    envfrom  env to     acc
 ---   ------ ----- --------- --------- ------- -------    ------- -------    ------- -------    ----
   1 !   55.0   0.9   4.9e-16   6.1e-16       9      59 ..       3      53 ..       1      80 [. 0.94

  Alignments for each domain:
  == domain 1  score: 55.0 bits;  conditional E-value: 4.9e-16
                      gvpj  9 iktstssstladiLervLDkGvviagDiavsiadveLltiklRllvasvdk 59
                              i++st+ss+la++++r+LDkG+vi +   vs+  +e+lti+ R+++asvd+
  nat_34e541178b7b0b894972  3 IQKSTNSSSLAEVIDRILDKGIVIDAFARVSVVGIEILTIEARVVIASVDT 53
                              7899**********************************************7 PP

>> nat_1e4bdf662135756f269c  
   #    score  bias  c-Evalue  i-Evalue hmmfrom  hmm to    alifrom  ali to    envfrom  env to     acc
 ---   ------ ----- --------- --------- ------- -------    ------- -------    ------- -------    ----
   1 !   55.0   0.8   5.1e-16   6.2e-16       9      59 ..       3      53 ..       1      80 [. 0.90

  Alignments for each domain:
  == domain 1  score: 55.0 bits;  conditional E-value: 5.1e-16
                      gvpj  9 iktstssstladiLervLDkGvviagDiavsiadveLltiklRllvasvdk 59
                              i++st ss+la++++r+LDkG+vi + + vs+  +e+lt++ R+++asvd+
  nat_1e4bdf662135756f269c  3 IQKSTDSSSLAEVIDRILDKGIVIDAFVRVSLVGIEILTVEARVVIASVDT 53
                              7899**********************************************8 PP

>> nat_b57946b3f69a165a3268  
   #    score  bias  c-Evalue  i-Evalue hmmfrom  hmm to    alifrom  ali to    envfrom  env to     acc
 ---   ------ ----- --------- --------- ------- -------    ------- -------    ------- -------    ----
   1 !   54.8   2.2   5.9e-16   7.2e-16       8      59 ..       2      53 ..       1      63 [. 0.94

  Alignments for each domain:
  == domain 1  score: 54.8 bits;  conditional E-value: 5.9e-16
                      gvpj  8 aiktstssstladiLervLDkGvviagDiavsiadveLltiklRllvasvdk 59
                              a+++st +s+la++++r+LDkG+vi + ++vs+  +e+lt++ R+++asvd+
  nat_b57946b3f69a165a3268  2 AVQKSTDGSSLAEVIDRILDKGIVIDAFVKVSVVGIEILTVEARVVIASVDT 53
                              7899***********************************************7 PP

>> nat_e8c5de40001b59b84f30  
   #    score  bias  c-Evalue  i-Evalue hmmfrom  hmm to    alifrom  ali to    envfrom  env to     acc
 ---   ------ ----- --------- --------- ------- -------    ------- -------    ------- -------    ----
   1 !   54.9   1.9   5.4e-16   6.6e-16       9      59 ..       3      53 ..       1      72 [. 0.93

  Alignments for each domain:
  == domain 1  score: 54.9 bits;  conditional E-value: 5.4e-16
                      gvpj  9 iktstssstladiLervLDkGvviagDiavsiadveLltiklRllvasvdk 59
                              +++st ss+la++++r+LDkG+vi + + vs+  +e+lti+ R+++asvd+
  nat_e8c5de40001b59b84f30  3 VQKSTDSSSLAEVIDRILDKGIVIDAFVRVSLVGIEILTIEARVVIASVDT 53
                              78999*********************************************7 PP

>> nat_a99ea42aba6e85ef549b  
   #    score  bias  c-Evalue  i-Evalue hmmfrom  hmm to    alifrom  ali to    envfrom  env to     acc
 ---   ------ ----- --------- --------- ------- -------    ------- -------    ------- -------    ----
   1 !   54.9   1.2   5.4e-16   6.6e-16       9      59 ..       3      53 ..       1      66 [. 0.92

  Alignments for each domain:
  == domain 1  score: 54.9 bits;  conditional E-value: 5.4e-16
                      gvpj  9 iktstssstladiLervLDkGvviagDiavsiadveLltiklRllvasvdk 59
                              +++++sss+la++++r+LDkG+vi +   vs+  +eLl+i+ R+++asv++
  nat_a99ea42aba6e85ef549b  3 VEKTNSSSSLAEVIDRILDKGIVIDAWARVSLVGIELLAIEARVVIASVET 53
                              78999********************************************97 PP

>> nat_38939b26cbc5a274769e  
   #    score  bias  c-Evalue  i-Evalue hmmfrom  hmm to    alifrom  ali to    envfrom  env to     acc
 ---   ------ ----- --------- --------- ------- -------    ------- -------    ------- -------    ----
   1 !   54.9   1.0   5.3e-16   6.5e-16       9      65 ..       4      64 ..       1      72 [] 0.85

  Alignments for each domain:
  == domain 1  score: 54.9 bits;  conditional E-value: 5.3e-16
                      gvpj  9 iktstssstladiLervLDkGvviagDiavsiadveLltiklRllvasvdk....akeiGl 65
                              +++st ss+la++++r+LDkG+vi    +vs+  +eLl+i+ R+++asv++    a+ iGl
  nat_38939b26cbc5a274769e  4 VQKSTDSSSLAEVIDRILDKGIVIDVWAKVSLVGIELLSIEARVVIASVETylkyAEAIGL 64
                              68899********************************************973333455555 PP

>> nat_cb58ba6802b0f699eec6  
   #    score  bias  c-Evalue  i-Evalue hmmfrom  hmm to    alifrom  ali to    envfrom  env to     acc
 ---   ------ ----- --------- --------- ------- -------    ------- -------    ------- -------    ----
   1 !   54.9   1.0   5.4e-16   6.6e-16       9      60 ..       4      55 ..       1      71 [. 0.89

  Alignments for each domain:
  == domain 1  score: 54.9 bits;  conditional E-value: 5.4e-16
                      gvpj  9 iktstssstladiLervLDkGvviagDiavsiadveLltiklRllvasvdka 60
                              +++st ss+la++++r+LDkG+v+ + ++vs+  +eLl+++ R+++asv++ 
  nat_cb58ba6802b0f699eec6  4 VQKSTDSSSLAEVVDRILDKGIVVDAWVKVSLVGIELLSVEARVVIASVETY 55
                              68899********************************************973 PP

>> nat_d426ca8e332bfceab95d  
   #    score  bias  c-Evalue  i-Evalue hmmfrom  hmm to    alifrom  ali to    envfrom  env to     acc
 ---   ------ ----- --------- --------- ------- -------    ------- -------    ------- -------    ----
   1 !   54.8   2.3   5.9e-16   7.2e-16       9      59 ..       3      53 ..       1      70 [. 0.93

  Alignments for each domain:
  == domain 1  score: 54.8 bits;  conditional E-value: 5.9e-16
                      gvpj  9 iktstssstladiLervLDkGvviagDiavsiadveLltiklRllvasvdk 59
                              +++st ss+la++++r+LDkG+vi + + vs+  +e+lti+ R+++asvd+
  nat_d426ca8e332bfceab95d  3 VQKSTDSSSLAEVIDRILDKGIVIDAFVRVSLVGIEILTIEARVVIASVDT 53
                              78999*********************************************7 PP

>> nat_dbc06e5fd5d989a1d1e4  
   #    score  bias  c-Evalue  i-Evalue hmmfrom  hmm to    alifrom  ali to    envfrom  env to     acc
 ---   ------ ----- --------- --------- ------- -------    ------- -------    ------- -------    ----
   1 !   54.8   2.2     6e-16   7.4e-16       8      59 ..       2      53 ..       1      72 [. 0.94

  Alignments for each domain:
  == domain 1  score: 54.8 bits;  conditional E-value: 6e-16
                      gvpj  8 aiktstssstladiLervLDkGvviagDiavsiadveLltiklRllvasvdk 59
                              ai++st ss+la++++r+LDkG+vi + + vs+  +e+lt++ R+++asvd+
  nat_dbc06e5fd5d989a1d1e4  2 AIQKSTDSSSLAEVIDRILDKGIVIDAFVRVSVVGIEILTVEARVVIASVDT 53
                              7899***********************************************7 PP

>> nat_cd15fd2a214ac9570bfd  
   #    score  bias  c-Evalue  i-Evalue hmmfrom  hmm to    alifrom  ali to    envfrom  env to     acc
 ---   ------ ----- --------- --------- ------- -------    ------- -------    ------- -------    ----
   1 !   54.8   0.9   5.9e-16   7.2e-16       8      64 ..      14      74 ..       6      83 .] 0.85

  Alignments for each domain:
  == domain 1  score: 54.8 bits;  conditional E-value: 5.9e-16
                      gvpj  8 aiktstssstladiLervLDkGvviagDiavsiadveLltiklRllvasvdk....akeiG 64
                               +++st ss+la++++r+LDkG+vi    +vs+  +eLl+i+ R+++asv++    a+ iG
  nat_cd15fd2a214ac9570bfd 14 KVQKSTDSSSLAEVIDRILDKGIVIDVWAKVSLVGIELLSIEARVVIASVETylkyAEAIG 74
                              578999********************************************97333345555 PP

>> nat_d6f636dc4849c3ad6e3a  
   #    score  bias  c-Evalue  i-Evalue hmmfrom  hmm to    alifrom  ali to    envfrom  env to     acc
 ---   ------ ----- --------- --------- ------- -------    ------- -------    ------- -------    ----
   1 !   54.8   1.8   5.8e-16   7.1e-16       8      60 ..       2      54 ..       1      70 [. 0.90

  Alignments for each domain:
  == domain 1  score: 54.8 bits;  conditional E-value: 5.8e-16
                      gvpj  8 aiktstssstladiLervLDkGvviagDiavsiadveLltiklRllvasvdka 60
                              a+++   ss+l+++++r+LDkGvvi + + vs+  +eLl+i+ R++vasv++ 
  nat_d6f636dc4849c3ad6e3a  2 AVEKAIASSSLVEVIDRILDKGVVIDAWVRVSLVGIELLAIEARVVVASVETY 54
                              6888999*******************************************973 PP

>> nat_487f5518a6cfaf0b0b75  
   #    score  bias  c-Evalue  i-Evalue hmmfrom  hmm to    alifrom  ali to    envfrom  env to     acc
 ---   ------ ----- --------- --------- ------- -------    ------- -------    ------- -------    ----
   1 !   54.6   3.0   6.9e-16   8.4e-16       8      59 ..       2      53 ..       1      90 [. 0.82

  Alignments for each domain:
  == domain 1  score: 54.6 bits;  conditional E-value: 6.9e-16
                      gvpj  8 aiktstssstladiLervLDkGvviagDiavsiadveLltiklRllvasvdk 59
                              +i++st +s+la++++r+LDkG+vi + + vs+  +eL+t++ R+++asvd+
  nat_487f5518a6cfaf0b0b75  2 PIQKSTDGSSLAEVIDRILDKGIVIDAFVRVSVVGIELITVEARVVIASVDT 53
                              58899**********************************************8 PP

>> nat_39abeace88875ff60285  
   #    score  bias  c-Evalue  i-Evalue hmmfrom  hmm to    alifrom  ali to    envfrom  env to     acc
 ---   ------ ----- --------- --------- ------- -------    ------- -------    ------- -------    ----
   1 !   54.8   0.9     6e-16   7.4e-16       9      59 ..       3      53 ..       1      78 [. 0.90

  Alignments for each domain:
  == domain 1  score: 54.8 bits;  conditional E-value: 6e-16
                      gvpj  9 iktstssstladiLervLDkGvviagDiavsiadveLltiklRllvasvdk 59
                              i++st ss+la++++r+LDkG+vi + + vs+  +e+lt++ R+++asvd+
  nat_39abeace88875ff60285  3 IQKSTDSSSLAEVIDRILDKGIVIDAFVRVSLVGIEILTVEARVVIASVDT 53
                              7899**********************************************8 PP

>> nat_6753c4dad3e8314a4fcc  
   #    score  bias  c-Evalue  i-Evalue hmmfrom  hmm to    alifrom  ali to    envfrom  env to     acc
 ---   ------ ----- --------- --------- ------- -------    ------- -------    ------- -------    ----
   1 !   54.8   0.9     6e-16   7.3e-16       9      59 ..       3      53 ..       1      80 [. 0.93

  Alignments for each domain:
  == domain 1  score: 54.8 bits;  conditional E-value: 6e-16
                      gvpj  9 iktstssstladiLervLDkGvviagDiavsiadveLltiklRllvasvdk 59
                              i++st+ss+la++++r+LDkG+vi +   vs+  +e+lti+ R+++asvd+
  nat_6753c4dad3e8314a4fcc  3 IQKSTNSSSLAEVIDRILDKGIVIDAFARVSVIGIEILTIEARVVIASVDT 53
                              7899**********************************************7 PP

>> nat_0ba4bde6653115be1dd4  
   #    score  bias  c-Evalue  i-Evalue hmmfrom  hmm to    alifrom  ali to    envfrom  env to     acc
 ---   ------ ----- --------- --------- ------- -------    ------- -------    ------- -------    ----
   1 !   54.7   1.8   6.4e-16   7.9e-16       8      60 ..       2      54 ..       1      67 [. 0.92

  Alignments for each domain:
  == domain 1  score: 54.7 bits;  conditional E-value: 6.4e-16
                      gvpj  8 aiktstssstladiLervLDkGvviagDiavsiadveLltiklRllvasvdka 60
                              a+++ +sss+la++++r+LDkGvv+ + + vs+  +eLl+i+ R+++asvd+ 
  nat_0ba4bde6653115be1dd4  2 AVEKVNSSSSLAEVVDRILDKGVVVDAWVRVSLVGIELLAIEARVVIASVDTY 54
                              678899*********************************************84 PP

>> nat_b98ff0a704b47fc46c7b  
   #    score  bias  c-Evalue  i-Evalue hmmfrom  hmm to    alifrom  ali to    envfrom  env to     acc
 ---   ------ ----- --------- --------- ------- -------    ------- -------    ------- -------    ----
   1 !   54.7   1.1   6.3e-16   7.8e-16       8      60 ..       2      54 ..       1      83 [. 0.89

  Alignments for each domain:
  == domain 1  score: 54.7 bits;  conditional E-value: 6.3e-16
                      gvpj  8 aiktstssstladiLervLDkGvviagDiavsiadveLltiklRllvasvdka 60
                              a+++s  ss+la++++r+LDkG+vi + + vs+  +e+lt++ R+++asvd+ 
  nat_b98ff0a704b47fc46c7b  2 AVQKSIDSSSLAEVIDRILDKGIVIDAFVRVSVVGIEILTVEARVVIASVDTW 54
                              788999*********************************************84 PP

>> nat_351862cb01754fd1ab98  
   #    score  bias  c-Evalue  i-Evalue hmmfrom  hmm to    alifrom  ali to    envfrom  env to     acc
 ---   ------ ----- --------- --------- ------- -------    ------- -------    ------- -------    ----
   1 !   54.6   2.0   6.8e-16   8.4e-16       8      59 ..       2      53 ..       1      73 [. 0.94

  Alignments for each domain:
  == domain 1  score: 54.6 bits;  conditional E-value: 6.8e-16
                      gvpj  8 aiktstssstladiLervLDkGvviagDiavsiadveLltiklRllvasvdk 59
                              a+++st ss+la++++r+LDkG+vi + + vs+  +e+lt++ R+++asvd+
  nat_351862cb01754fd1ab98  2 AVQKSTDSSSLAEVIDRILDKGIVIDAFVRVSVVGIEILTVEARVVIASVDT 53
                              7899***********************************************7 PP

>> nat_87980263fe69edba4368  
   #    score  bias  c-Evalue  i-Evalue hmmfrom  hmm to    alifrom  ali to    envfrom  env to     acc
 ---   ------ ----- --------- --------- ------- -------    ------- -------    ------- -------    ----
   1 !   54.7   1.1   6.4e-16   7.8e-16       9      60 ..       4      55 ..       1      70 [. 0.90

  Alignments for each domain:
  == domain 1  score: 54.7 bits;  conditional E-value: 6.4e-16
                      gvpj  9 iktstssstladiLervLDkGvviagDiavsiadveLltiklRllvasvdka 60
                              +++st ss+la++++r+LDkG+vi + ++vs+  +eLl+++ R+++asv++ 
  nat_87980263fe69edba4368  4 VANSTDSSSLAEVVDRILDKGIVIDAWLKVSLVGIELLAVEARIVIASVETY 55
                              678999*******************************************974 PP

>> nat_37dd3e43f991da44762e  
   #    score  bias  c-Evalue  i-Evalue hmmfrom  hmm to    alifrom  ali to    envfrom  env to     acc
 ---   ------ ----- --------- --------- ------- -------    ------- -------    ------- -------    ----
   1 !   54.7   1.0   6.4e-16   7.8e-16       9      60 ..       4      55 ..       1      70 [. 0.90

  Alignments for each domain:
  == domain 1  score: 54.7 bits;  conditional E-value: 6.4e-16
                      gvpj  9 iktstssstladiLervLDkGvviagDiavsiadveLltiklRllvasvdka 60
                              +++st ss+la++++r+LDkG+vi + ++vs+  +eLl+++ R+++asv++ 
  nat_37dd3e43f991da44762e  4 VANSTDSSSLAEVVDRILDKGIVIDAWLKVSLVGIELLAVEARVVIASVETY 55
                              678999*******************************************974 PP

>> nat_225f75b3aac6c99832fc  
   #    score  bias  c-Evalue  i-Evalue hmmfrom  hmm to    alifrom  ali to    envfrom  env to     acc
 ---   ------ ----- --------- --------- ------- -------    ------- -------    ------- -------    ----
   1 !   54.6   1.7   6.5e-16     8e-16       8      60 ..       2      54 ..       1      72 [. 0.90

  Alignments for each domain:
  == domain 1  score: 54.6 bits;  conditional E-value: 6.5e-16
                      gvpj  8 aiktstssstladiLervLDkGvviagDiavsiadveLltiklRllvasvdka 60
                              a+ +s +ss+la++++r+LDkG+vi + ++vs+  +e+lti+ R+l+asv++ 
  nat_225f75b3aac6c99832fc  2 AVTKSVESSSLAEVIDRILDKGIVIDAFVKVSLVGIEVLTIEARILIASVETY 54
                              6788999*******************************************984 PP

>> nat_40571a78567e238ce9c6  
   #    score  bias  c-Evalue  i-Evalue hmmfrom  hmm to    alifrom  ali to    envfrom  env to     acc
 ---   ------ ----- --------- --------- ------- -------    ------- -------    ------- -------    ----
   1 !   54.7   1.6   6.5e-16   7.9e-16       8      59 ..       2      53 ..       1      86 [. 0.90

  Alignments for each domain:
  == domain 1  score: 54.7 bits;  conditional E-value: 6.5e-16
                      gvpj  8 aiktstssstladiLervLDkGvviagDiavsiadveLltiklRllvasvdk 59
                              ai++st+ss lad+++r+LDkG+vi +   vs+  +eL+t++ R++vasvd+
  nat_40571a78567e238ce9c6  2 AIQKSTESSGLADVVDRILDKGIVIDAFARVSVVGIELITVEARVVVASVDT 53
                              7899***********************************************8 PP

>> nat_c8057d4884d2825dccf9  
   #    score  bias  c-Evalue  i-Evalue hmmfrom  hmm to    alifrom  ali to    envfrom  env to     acc
 ---   ------ ----- --------- --------- ------- -------    ------- -------    ------- -------    ----
   1 !   54.4   2.2   7.5e-16   9.2e-16       8      59 ..       2      53 ..       1      71 [. 0.94

  Alignments for each domain:
  == domain 1  score: 54.4 bits;  conditional E-value: 7.5e-16
                      gvpj  8 aiktstssstladiLervLDkGvviagDiavsiadveLltiklRllvasvdk 59
                              ai++st ss+la++++r+LDkG+vi +   vs+  +eL+ti+ R+++asvd+
  nat_c8057d4884d2825dccf9  2 AIQKSTDSSSLAEVVDRILDKGIVIDAFARVSVVGIELITIEARVVIASVDT 53
                              7899***********************************************7 PP

>> nat_9fe918e0f2a37590ea6b  
   #    score  bias  c-Evalue  i-Evalue hmmfrom  hmm to    alifrom  ali to    envfrom  env to     acc
 ---   ------ ----- --------- --------- ------- -------    ------- -------    ------- -------    ----
   1 !   54.7   0.6   6.4e-16   7.8e-16       8      59 ..       2      53 ..       1      82 [. 0.93

  Alignments for each domain:
  == domain 1  score: 54.7 bits;  conditional E-value: 6.4e-16
                      gvpj  8 aiktstssstladiLervLDkGvviagDiavsiadveLltiklRllvasvdk 59
                              a++++t ss+la++++r+LDkG+vi +   vs+  +e+lt++ R+++asvd+
  nat_9fe918e0f2a37590ea6b  2 AVQKTTDSSSLAEVIDRILDKGIVIDAYARVSVVGIEILTVEARVVIASVDT 53
                              78999**********************************************7 PP

>> nat_2684144e3e1bc2f66f34  
   #    score  bias  c-Evalue  i-Evalue hmmfrom  hmm to    alifrom  ali to    envfrom  env to     acc
 ---   ------ ----- --------- --------- ------- -------    ------- -------    ------- -------    ----
   1 !   54.5   1.7   7.1e-16   8.7e-16       8      60 ..       2      54 ..       1      68 [. 0.91

  Alignments for each domain:
  == domain 1  score: 54.5 bits;  conditional E-value: 7.1e-16
                      gvpj  8 aiktstssstladiLervLDkGvviagDiavsiadveLltiklRllvasvdka 60
                              a+++++sss+la++++r+LDkG+vi +   vs+  +eL++i+ R+++asv++ 
  nat_2684144e3e1bc2f66f34  2 AVEKTNSSSSLAEVIDRILDKGIVIDAWARVSLVGIELIAIEARIVIASVETY 54
                              78999*********************************************974 PP

>> nat_40a2221d15252edb050f  
   #    score  bias  c-Evalue  i-Evalue hmmfrom  hmm to    alifrom  ali to    envfrom  env to     acc
 ---   ------ ----- --------- --------- ------- -------    ------- -------    ------- -------    ----
   1 !   54.5   1.1     7e-16   8.6e-16       9      59 ..       3      53 ..       1      84 [. 0.91

  Alignments for each domain:
  == domain 1  score: 54.5 bits;  conditional E-value: 7e-16
                      gvpj  9 iktstssstladiLervLDkGvviagDiavsiadveLltiklRllvasvdk 59
                              i++st ss+la++++r+LDkG+vi + + vs+  +e+lt++ R+++asvd+
  nat_40a2221d15252edb050f  3 IQKSTDSSSLAEVIDRILDKGIVIDAFVRVSLVGIEILTVEARVVIASVDT 53
                              7899**********************************************8 PP

>> nat_f31ef9ed0a87f1bcd7f1  
   #    score  bias  c-Evalue  i-Evalue hmmfrom  hmm to    alifrom  ali to    envfrom  env to     acc
 ---   ------ ----- --------- --------- ------- -------    ------- -------    ------- -------    ----
   1 !   54.6   1.6   6.8e-16   8.3e-16       8      60 ..       2      54 ..       1      71 [. 0.91

  Alignments for each domain:
  == domain 1  score: 54.6 bits;  conditional E-value: 6.8e-16
                      gvpj  8 aiktstssstladiLervLDkGvviagDiavsiadveLltiklRllvasvdka 60
                              a+++ +sss+la++++r+LDkG+vi + + vs+  +eL++i+ R+++asv++ 
  nat_f31ef9ed0a87f1bcd7f1  2 AVEKVNSSSSLAEVVDRILDKGIVIDAWVRVSLVGIELIAIEARIVIASVETY 54
                              678899********************************************974 PP

>> nat_c5a5f8d3e0297c749df7  
   #    score  bias  c-Evalue  i-Evalue hmmfrom  hmm to    alifrom  ali to    envfrom  env to     acc
 ---   ------ ----- --------- --------- ------- -------    ------- -------    ------- -------    ----
   1 !   54.3   1.6   8.1e-16   9.9e-16       8      59 ..       3      54 ..       1      64 [. 0.94

  Alignments for each domain:
  == domain 1  score: 54.3 bits;  conditional E-value: 8.1e-16
                      gvpj  8 aiktstssstladiLervLDkGvviagDiavsiadveLltiklRllvasvdk 59
                              ai++st +s+la++++r+LDkGvvi +  ++s+  +eL+t++ R+++asvd+
  nat_c5a5f8d3e0297c749df7  3 AIQKSTDGSSLAEVVDRILDKGVVIDAYAKISLVGIELITVEARVVIASVDT 54
                              8999***********************************************7 PP

>> nat_9b2a86e0f5de235d8cf5  
   #    score  bias  c-Evalue  i-Evalue hmmfrom  hmm to    alifrom  ali to    envfrom  env to     acc
 ---   ------ ----- --------- --------- ------- -------    ------- -------    ------- -------    ----
   1 !   54.5   0.6     7e-16   8.6e-16       9      59 ..       3      53 ..       1      82 [. 0.93

  Alignments for each domain:
  == domain 1  score: 54.5 bits;  conditional E-value: 7e-16
                      gvpj  9 iktstssstladiLervLDkGvviagDiavsiadveLltiklRllvasvdk 59
                              i++s++ss+la++++r+LDkG+vi +   vs+  +e+lti+ R+++asvd+
  nat_9b2a86e0f5de235d8cf5  3 IQKSNNSSSLAEVIDRILDKGIVIDAFARVSVVGIEILTIEARVVIASVDT 53
                              788999********************************************7 PP

>> nat_4257786c6e5cbd18c379  
   #    score  bias  c-Evalue  i-Evalue hmmfrom  hmm to    alifrom  ali to    envfrom  env to     acc
 ---   ------ ----- --------- --------- ------- -------    ------- -------    ------- -------    ----
   1 !   54.4   1.8   7.9e-16   9.6e-16       8      59 ..       2      53 ..       1      67 [. 0.94

  Alignments for each domain:
  == domain 1  score: 54.4 bits;  conditional E-value: 7.9e-16
                      gvpj  8 aiktstssstladiLervLDkGvviagDiavsiadveLltiklRllvasvdk 59
                              a+++st ss+la++++r+LDkGvvi +   vs+  +eL+t++ R+++asvd+
  nat_4257786c6e5cbd18c379  2 AVQKSTDSSSLAEVIDRILDKGVVIDAFARVSVVGIELVTVEARVVIASVDT 53
                              7899***********************************************7 PP

>> nat_04c114f840f1c4058ea6  
   #    score  bias  c-Evalue  i-Evalue hmmfrom  hmm to    alifrom  ali to    envfrom  env to     acc
 ---   ------ ----- --------- --------- ------- -------    ------- -------    ------- -------    ----
   1 !   54.5   0.9   7.2e-16   8.9e-16       9      59 ..       3      53 ..       1      82 [. 0.92

  Alignments for each domain:
  == domain 1  score: 54.5 bits;  conditional E-value: 7.2e-16
                      gvpj  9 iktstssstladiLervLDkGvviagDiavsiadveLltiklRllvasvdk 59
                              +++st ss+la++++r+LDkG+vi + + vs+  +e+lt++ R+++asvd+
  nat_04c114f840f1c4058ea6  3 VQKSTDSSSLAEVIDRILDKGIVIDAFVRVSLVGIEILTVEARVVIASVDT 53
                              78999*********************************************8 PP

>> nat_6b64acdf3f40fdffd144  
   #    score  bias  c-Evalue  i-Evalue hmmfrom  hmm to    alifrom  ali to    envfrom  env to     acc
 ---   ------ ----- --------- --------- ------- -------    ------- -------    ------- -------    ----
   1 !   54.5   0.6   7.4e-16   9.1e-16       9      59 ..       3      53 ..       1      83 [. 0.90

  Alignments for each domain:
  == domain 1  score: 54.5 bits;  conditional E-value: 7.4e-16
                      gvpj  9 iktstssstladiLervLDkGvviagDiavsiadveLltiklRllvasvdk 59
                              i++st ss+la++++r+LDkG+vi +   vs+  +e+lti+ R+++asvd+
  nat_6b64acdf3f40fdffd144  3 IQKSTDSSSLAEVIDRILDKGIVIDAFARVSLVGIEILTIEARVVIASVDT 53
                              7899**********************************************8 PP

>> nat_33d41a075d0d8538e4c6  
   #    score  bias  c-Evalue  i-Evalue hmmfrom  hmm to    alifrom  ali to    envfrom  env to     acc
 ---   ------ ----- --------- --------- ------- -------    ------- -------    ------- -------    ----
   1 !   54.4   1.6   7.7e-16   9.4e-16       8      59 ..       2      53 ..       1      66 [. 0.92

  Alignments for each domain:
  == domain 1  score: 54.4 bits;  conditional E-value: 7.7e-16
                      gvpj  8 aiktstssstladiLervLDkGvviagDiavsiadveLltiklRllvasvdk 59
                              a+++++sss+la++++r+LDkG+vi +   vs+  +eL++i+ R+++asv++
  nat_33d41a075d0d8538e4c6  2 AVEKTNSSSSLAEVIDRILDKGIVIDAWARVSLVGIELIAIEARIVIASVET 53
                              78999*********************************************97 PP

>> nat_6ff785214200f1ea9f36  
   #    score  bias  c-Evalue  i-Evalue hmmfrom  hmm to    alifrom  ali to    envfrom  env to     acc
 ---   ------ ----- --------- --------- ------- -------    ------- -------    ------- -------    ----
   1 !   54.4   3.5   7.5e-16   9.2e-16       8      60 ..       2      54 ..       1      72 [. 0.86

  Alignments for each domain:
  == domain 1  score: 54.4 bits;  conditional E-value: 7.5e-16
                      gvpj  8 aiktstssstladiLervLDkGvviagDiavsiadveLltiklRllvasvdka 60
                              a+ +s +ss+la++++r+LDkG+vi + + +s+  +eL+ti+ R+++asvd+ 
  nat_6ff785214200f1ea9f36  2 ALSKSVESSSLAEVIDRILDKGIVIDAFVRISLVGIELITIEARIVIASVDTY 54
                              5678899********************************************83 PP

>> nat_a4c92b6223fd059e2236  
   #    score  bias  c-Evalue  i-Evalue hmmfrom  hmm to    alifrom  ali to    envfrom  env to     acc
 ---   ------ ----- --------- --------- ------- -------    ------- -------    ------- -------    ----
   1 !   54.4   1.3   7.6e-16   9.4e-16       9      59 ..       3      53 ..       1      76 [. 0.91

  Alignments for each domain:
  == domain 1  score: 54.4 bits;  conditional E-value: 7.6e-16
                      gvpj  9 iktstssstladiLervLDkGvviagDiavsiadveLltiklRllvasvdk 59
                              i++st ss+la++++r+LDkG+vi + + vs+  +e+lt++ R+++asvd+
  nat_a4c92b6223fd059e2236  3 IQKSTDSSSLAEVIDRILDKGIVIDAFVRVSLVGIEILTVEARVVIASVDT 53
                              7899**********************************************8 PP

>> nat_2042b63e95655cdc9d68  
   #    score  bias  c-Evalue  i-Evalue hmmfrom  hmm to    alifrom  ali to    envfrom  env to     acc
 ---   ------ ----- --------- --------- ------- -------    ------- -------    ------- -------    ----
   1 !   54.5   1.1   7.4e-16     9e-16       8      60 ..       2      54 ..       1      72 [] 0.86

  Alignments for each domain:
  == domain 1  score: 54.5 bits;  conditional E-value: 7.4e-16
                      gvpj  8 aiktstssstladiLervLDkGvviagDiavsiadveLltiklRllvasvdka 60
                              a+++ +sss+la++++r+LDkGvv+ + + +s+  +eLlti+ R+++asv++ 
  nat_2042b63e95655cdc9d68  2 AVEKVNSSSSLAEVIDRILDKGVVVDAWVRLSLVGIELLTIEARIVIASVETY 54
                              678899********************************************973 PP

>> nat_44075425e280f91869f7  
   #    score  bias  c-Evalue  i-Evalue hmmfrom  hmm to    alifrom  ali to    envfrom  env to     acc
 ---   ------ ----- --------- --------- ------- -------    ------- -------    ------- -------    ----
   1 !   54.3   2.3   8.2e-16     1e-15       8      59 ..       2      53 ..       1      67 [. 0.94

  Alignments for each domain:
  == domain 1  score: 54.3 bits;  conditional E-value: 8.2e-16
                      gvpj  8 aiktstssstladiLervLDkGvviagDiavsiadveLltiklRllvasvdk 59
                              a+++st ss+la++++r+LDkG+vi + + vs+  +e+lt++ R+++asvd+
  nat_44075425e280f91869f7  2 AVQKSTDSSSLAEVIDRILDKGIVIDAFVRVSVVGIEILTVEARVVIASVDT 53
                              7899***********************************************7 PP

>> nat_08ca607a70bf3998101a  
   #    score  bias  c-Evalue  i-Evalue hmmfrom  hmm to    alifrom  ali to    envfrom  env to     acc
 ---   ------ ----- --------- --------- ------- -------    ------- -------    ------- -------    ----
   1 !   54.4   2.3   7.9e-16   9.7e-16       8      59 ..       2      53 ..       1      69 [. 0.89

  Alignments for each domain:
  == domain 1  score: 54.4 bits;  conditional E-value: 7.9e-16
                      gvpj  8 aiktstssstladiLervLDkGvviagDiavsiadveLltiklRllvasvdk 59
                              ai++s  s+++a++++r+LDkGvv+ + + vs+  +eL++i++R++vasv++
  nat_08ca607a70bf3998101a  2 AIEKSVASASIAEVVDRILDKGVVVDAFVRVSLVGIELIAIEVRAVVASVET 53
                              78999*********************************************97 PP

>> nat_a742950a1415bf5dc582  
   #    score  bias  c-Evalue  i-Evalue hmmfrom  hmm to    alifrom  ali to    envfrom  env to     acc
 ---   ------ ----- --------- --------- ------- -------    ------- -------    ------- -------    ----
   1 !   54.4   1.2   7.5e-16   9.2e-16       8      59 ..       2      53 ..       1      70 [. 0.91

  Alignments for each domain:
  == domain 1  score: 54.4 bits;  conditional E-value: 7.5e-16
                      gvpj  8 aiktstssstladiLervLDkGvviagDiavsiadveLltiklRllvasvdk 59
                              a+++ +sss+la++++r+LDkGvv+ + + vs+  +eLl+i+ R+++asv++
  nat_a742950a1415bf5dc582  2 AVEKVNSSSSLAEVVDRILDKGVVVDAWVRVSLVGIELLAIEARIVIASVET 53
                              678899********************************************97 PP

>> nat_8f7aa09afb9d7c3cc2eb  
   #    score  bias  c-Evalue  i-Evalue hmmfrom  hmm to    alifrom  ali to    envfrom  env to     acc
 ---   ------ ----- --------- --------- ------- -------    ------- -------    ------- -------    ----
   1 !   54.4   1.8   7.9e-16   9.7e-16       8      59 ..       2      53 ..       1      67 [. 0.92

  Alignments for each domain:
  == domain 1  score: 54.4 bits;  conditional E-value: 7.9e-16
                      gvpj  8 aiktstssstladiLervLDkGvviagDiavsiadveLltiklRllvasvdk 59
                              a+++ +sss+la++++r+LDkG+vi + + vs+  +eLl+++ R+++asv++
  nat_8f7aa09afb9d7c3cc2eb  2 AVEKVNSSSSLAEVIDRILDKGIVIDAWVRVSLVGIELLSVEARVVIASVET 53
                              678899********************************************97 PP

>> nat_5d6c7bd3713afa1895ab  
   #    score  bias  c-Evalue  i-Evalue hmmfrom  hmm to    alifrom  ali to    envfrom  env to     acc
 ---   ------ ----- --------- --------- ------- -------    ------- -------    ------- -------    ----
   1 !   54.4   1.8   7.8e-16   9.5e-16       8      59 ..       2      53 ..       1      68 [. 0.92

  Alignments for each domain:
  == domain 1  score: 54.4 bits;  conditional E-value: 7.8e-16
                      gvpj  8 aiktstssstladiLervLDkGvviagDiavsiadveLltiklRllvasvdk 59
                              a+++ +sss+la++++r+LDkG+v+ + + vs+  +eLl+i+ R+++asv++
  nat_5d6c7bd3713afa1895ab  2 AVEKVNSSSSLAEVIDRILDKGIVVDAWVRVSLVGIELLSIEARVVIASVET 53
                              678899********************************************97 PP

>> nat_51223251df1314e3c9ba  
   #    score  bias  c-Evalue  i-Evalue hmmfrom  hmm to    alifrom  ali to    envfrom  env to     acc
 ---   ------ ----- --------- --------- ------- -------    ------- -------    ------- -------    ----
   1 !   54.4   1.6   7.7e-16   9.4e-16       8      59 ..       2      53 ..       1      64 [. 0.93

  Alignments for each domain:
  == domain 1  score: 54.4 bits;  conditional E-value: 7.7e-16
                      gvpj  8 aiktstssstladiLervLDkGvviagDiavsiadveLltiklRllvasvdk 59
                              a+++++sss+la++++r+LDkG+v+ + + vs+  +eLl+++ R+++asv++
  nat_51223251df1314e3c9ba  2 AVEKTNSSSSLAEVIDRILDKGIVVDAWVRVSLVGIELLAVEARIVIASVET 53
                              78999*********************************************97 PP

>> nat_2ae1a088ad5073788376  
   #    score  bias  c-Evalue  i-Evalue hmmfrom  hmm to    alifrom  ali to    envfrom  env to     acc
 ---   ------ ----- --------- --------- ------- -------    ------- -------    ------- -------    ----
   1 !   54.3   1.9   8.1e-16   9.9e-16       8      60 ..       2      54 ..       1      67 [. 0.92

  Alignments for each domain:
  == domain 1  score: 54.3 bits;  conditional E-value: 8.1e-16
                      gvpj  8 aiktstssstladiLervLDkGvviagDiavsiadveLltiklRllvasvdka 60
                              a+++ +sss+la++++r+LDkG+v+ + + vs+  +eLl+i+ R+++asvd+ 
  nat_2ae1a088ad5073788376  2 AVEKVNSSSSLAEVVDRILDKGIVVDAWVRVSLVGIELLAIEARVVIASVDTY 54
                              678899*********************************************84 PP

>> nat_b5cc1b368bdd05e5035f  
   #    score  bias  c-Evalue  i-Evalue hmmfrom  hmm to    alifrom  ali to    envfrom  env to     acc
 ---   ------ ----- --------- --------- ------- -------    ------- -------    ------- -------    ----
   1 !   54.4   1.9     8e-16   9.8e-16       8      60 ..       2      54 ..       1      68 [. 0.92

  Alignments for each domain:
  == domain 1  score: 54.4 bits;  conditional E-value: 8e-16
                      gvpj  8 aiktstssstladiLervLDkGvviagDiavsiadveLltiklRllvasvdka 60
                              a+++ +sss+la++++r+LDkG+v+ + + vs+  +eLl+i+ R+++asvd+ 
  nat_b5cc1b368bdd05e5035f  2 AVEKVNSSSSLAEVVDRILDKGIVVDAWVRVSLVGIELLAIEARVVIASVDTY 54
                              678899*********************************************84 PP

>> nat_91bed3979bc3e4336571  
   #    score  bias  c-Evalue  i-Evalue hmmfrom  hmm to    alifrom  ali to    envfrom  env to     acc
 ---   ------ ----- --------- --------- ------- -------    ------- -------    ------- -------    ----
   1 !   54.3   1.4   8.2e-16     1e-15       8      59 ..       2      53 ..       1      66 [. 0.92

  Alignments for each domain:
  == domain 1  score: 54.3 bits;  conditional E-value: 8.2e-16
                      gvpj  8 aiktstssstladiLervLDkGvviagDiavsiadveLltiklRllvasvdk 59
                              a+++++sss+la++++r+LDkG+v+ + + vs+  +eLl+++ R+++asv++
  nat_91bed3979bc3e4336571  2 AVEKTNSSSSLAEVIDRILDKGIVVDAWVRVSLVGIELLAVEARIVIASVET 53
                              78999*********************************************97 PP

>> nat_b145d41f03ca300fa852  
   #    score  bias  c-Evalue  i-Evalue hmmfrom  hmm to    alifrom  ali to    envfrom  env to     acc
 ---   ------ ----- --------- --------- ------- -------    ------- -------    ------- -------    ----
   1 !   54.3   2.0   8.2e-16     1e-15       8      60 ..       2      54 ..       1      67 [. 0.92

  Alignments for each domain:
  == domain 1  score: 54.3 bits;  conditional E-value: 8.2e-16
                      gvpj  8 aiktstssstladiLervLDkGvviagDiavsiadveLltiklRllvasvdka 60
                              a+++ +sss+la++++r+LDkG+v+ + + vs+  +eLl+i+ R+++asvd+ 
  nat_b145d41f03ca300fa852  2 AVEKVNSSSSLAEVVDRILDKGIVVDAWVRVSLVGIELLAIEARIVIASVDTY 54
                              678899*********************************************84 PP

>> nat_646d43372f49b1be4f56  
   #    score  bias  c-Evalue  i-Evalue hmmfrom  hmm to    alifrom  ali to    envfrom  env to     acc
 ---   ------ ----- --------- --------- ------- -------    ------- -------    ------- -------    ----
   1 !   54.4   1.0   7.8e-16   9.6e-16       8      59 ..       2      53 ..       1      87 [. 0.93

  Alignments for each domain:
  == domain 1  score: 54.4 bits;  conditional E-value: 7.8e-16
                      gvpj  8 aiktstssstladiLervLDkGvviagDiavsiadveLltiklRllvasvdk 59
                              ai++st ss+la++++r+LDkG+vi +   vs+  +eL+t++ R+++asvd+
  nat_646d43372f49b1be4f56  2 AIQKSTDSSSLAEVVDRILDKGIVIDAFARVSVVGIELITVEARVVIASVDT 53
                              7899***********************************************7 PP

>> nat_18d7e5ff3cc7fe9730aa  
   #    score  bias  c-Evalue  i-Evalue hmmfrom  hmm to    alifrom  ali to    envfrom  env to     acc
 ---   ------ ----- --------- --------- ------- -------    ------- -------    ------- -------    ----
   1 !   54.1   0.3   9.3e-16   1.1e-15      17      58 ..      20      61 ..       6      66 .. 0.94

  Alignments for each domain:
  == domain 1  score: 54.1 bits;  conditional E-value: 9.3e-16
                      gvpj 17 tladiLervLDkGvviagDiavsiadveLltiklRllvasvd 58
                               l+d+L+rvL  Gvvi+gDi+++iadveL+ i lR+lvasv 
  nat_18d7e5ff3cc7fe9730aa 20 ALVDLLDRVLATGVVISGDITIAIADVELVRISLRALVASVG 61
                              69**************************************96 PP

>> nat_68925098711d386795ce  
   #    score  bias  c-Evalue  i-Evalue hmmfrom  hmm to    alifrom  ali to    envfrom  env to     acc
 ---   ------ ----- --------- --------- ------- -------    ------- -------    ------- -------    ----
   1 !   54.3   1.0   8.2e-16     1e-15       8      59 ..       2      53 ..       1      90 [. 0.92

  Alignments for each domain:
  == domain 1  score: 54.3 bits;  conditional E-value: 8.2e-16
                      gvpj  8 aiktstssstladiLervLDkGvviagDiavsiadveLltiklRllvasvdk 59
                              ai++st ss+la++++r+LDkG+vi +   vs+  +eL+t++ R+++asvd+
  nat_68925098711d386795ce  2 AIQKSTDSSSLAEVVDRILDKGIVIDAFARVSVVGIELITVEARVVIASVDT 53
                              7899***********************************************7 PP

>> nat_25fcb1b7b6c3c6f6f29d  
   #    score  bias  c-Evalue  i-Evalue hmmfrom  hmm to    alifrom  ali to    envfrom  env to     acc
 ---   ------ ----- --------- --------- ------- -------    ------- -------    ------- -------    ----
   1 !   54.3   1.6   8.5e-16     1e-15       8      59 ..       2      53 ..       1      64 [. 0.93

  Alignments for each domain:
  == domain 1  score: 54.3 bits;  conditional E-value: 8.5e-16
                      gvpj  8 aiktstssstladiLervLDkGvviagDiavsiadveLltiklRllvasvdk 59
                              a+++++sss+la++++r+LDkG+v+ + + vs+  +eLl+++ R+++asv++
  nat_25fcb1b7b6c3c6f6f29d  2 AVEKTNSSSSLAEVIDRILDKGIVVDAWVRVSLVGIELLAVEARIVIASVET 53
                              78999*********************************************97 PP

>> nat_fe8e5bed782f7960b0ca  
   #    score  bias  c-Evalue  i-Evalue hmmfrom  hmm to    alifrom  ali to    envfrom  env to     acc
 ---   ------ ----- --------- --------- ------- -------    ------- -------    ------- -------    ----
   1 !   54.3   0.8   8.2e-16     1e-15       8      59 ..       2      53 ..       1      85 [. 0.94

  Alignments for each domain:
  == domain 1  score: 54.3 bits;  conditional E-value: 8.2e-16
                      gvpj  8 aiktstssstladiLervLDkGvviagDiavsiadveLltiklRllvasvdk 59
                              ai++st ss+la++++r+LDkG+vi +   vs+  +eL+t++ R+++asvd+
  nat_fe8e5bed782f7960b0ca  2 AIQKSTDSSSLAEVVDRILDKGIVIDAFARVSVVGIELITVEARVVIASVDT 53
                              7899***********************************************7 PP

>> nat_a93e3ba867fc0e432d17  
   #    score  bias  c-Evalue  i-Evalue hmmfrom  hmm to    alifrom  ali to    envfrom  env to     acc
 ---   ------ ----- --------- --------- ------- -------    ------- -------    ------- -------    ----
   1 !   54.3   0.8   8.2e-16     1e-15       8      59 ..       2      53 ..       1      85 [. 0.94

  Alignments for each domain:
  == domain 1  score: 54.3 bits;  conditional E-value: 8.2e-16
                      gvpj  8 aiktstssstladiLervLDkGvviagDiavsiadveLltiklRllvasvdk 59
                              ai++st ss+la++++r+LDkG+vi +   vs+  +eL+t++ R+++asvd+
  nat_a93e3ba867fc0e432d17  2 AIQKSTDSSSLAEVVDRILDKGIVIDAFARVSVVGIELITVEARVVIASVDT 53
                              7899***********************************************7 PP

>> nat_1a9b7eb01e9bfef0db94  
   #    score  bias  c-Evalue  i-Evalue hmmfrom  hmm to    alifrom  ali to    envfrom  env to     acc
 ---   ------ ----- --------- --------- ------- -------    ------- -------    ------- -------    ----
   1 !   54.1   2.3   9.5e-16   1.2e-15       8      59 ..       3      54 ..       1      65 [. 0.94

  Alignments for each domain:
  == domain 1  score: 54.1 bits;  conditional E-value: 9.5e-16
                      gvpj  8 aiktstssstladiLervLDkGvviagDiavsiadveLltiklRllvasvdk 59
                              a+++st ss+la++++r+LDkG+vi + + vs+  +e+lt++ R+++asvd+
  nat_1a9b7eb01e9bfef0db94  3 AVQKSTDSSSLAEVVDRILDKGIVIDAFVRVSVVGIEILTVEARVVIASVDT 54
                              7899***********************************************7 PP

>> nat_9194534fce73964474e0  
   #    score  bias  c-Evalue  i-Evalue hmmfrom  hmm to    alifrom  ali to    envfrom  env to     acc
 ---   ------ ----- --------- --------- ------- -------    ------- -------    ------- -------    ----
   1 !   54.2   2.5     9e-16   1.1e-15       8      59 ..       2      53 ..       1      70 [. 0.94

  Alignments for each domain:
  == domain 1  score: 54.2 bits;  conditional E-value: 9e-16
                      gvpj  8 aiktstssstladiLervLDkGvviagDiavsiadveLltiklRllvasvdk 59
                              a+++st ss+la++++r+LDkG+vi + + vs+  +e+lt++ R+++asvd+
  nat_9194534fce73964474e0  2 AVQKSTDSSSLAEVIDRILDKGIVIDAFVRVSVVGIEILTVEARVVIASVDT 53
                              7899***********************************************7 PP

>> nat_a6d518bf56b5cafab96a  
   #    score  bias  c-Evalue  i-Evalue hmmfrom  hmm to    alifrom  ali to    envfrom  env to     acc
 ---   ------ ----- --------- --------- ------- -------    ------- -------    ------- -------    ----
   1 !   54.1   2.6   9.8e-16   1.2e-15       8      59 ..       2      53 ..       1      64 [. 0.94

  Alignments for each domain:
  == domain 1  score: 54.1 bits;  conditional E-value: 9.8e-16
                      gvpj  8 aiktstssstladiLervLDkGvviagDiavsiadveLltiklRllvasvdk 59
                              ai++st ss+la++++r+LDkG+vi + + vs+  +e+lt++ R+++asvd+
  nat_a6d518bf56b5cafab96a  2 AIQKSTDSSSLAEVIDRILDKGIVIDAFVRVSVVGIEILTVEARIVIASVDT 53
                              7899***********************************************7 PP

>> nat_b0df6d202bb0ca1472d2  
   #    score  bias  c-Evalue  i-Evalue hmmfrom  hmm to    alifrom  ali to    envfrom  env to     acc
 ---   ------ ----- --------- --------- ------- -------    ------- -------    ------- -------    ----
   1 !   54.3   1.1   8.5e-16     1e-15       9      60 ..       4      55 ..       1      71 [. 0.90

  Alignments for each domain:
  == domain 1  score: 54.3 bits;  conditional E-value: 8.5e-16
                      gvpj  9 iktstssstladiLervLDkGvviagDiavsiadveLltiklRllvasvdka 60
                              i++st ss+la++++r+LDkG+vi +  +vs+  +eLl+++ R+++asv++ 
  nat_b0df6d202bb0ca1472d2  4 IAKSTDSSSLAEVVDRILDKGIVIDAWAKVSLVGIELLSVEARVVIASVETY 55
                              68899********************************************974 PP

>> nat_ffef1b1b441fdc15ea9c  
   #    score  bias  c-Evalue  i-Evalue hmmfrom  hmm to    alifrom  ali to    envfrom  env to     acc
 ---   ------ ----- --------- --------- ------- -------    ------- -------    ------- -------    ----
   1 !   54.2   1.7     9e-16   1.1e-15       8      59 ..       2      53 ..       1      68 [. 0.92

  Alignments for each domain:
  == domain 1  score: 54.2 bits;  conditional E-value: 9e-16
                      gvpj  8 aiktstssstladiLervLDkGvviagDiavsiadveLltiklRllvasvdk 59
                              a+++ +sss+la++++r+LDkG+v+ + + vs+  +eLl+i+ R+++asv++
  nat_ffef1b1b441fdc15ea9c  2 AVEKVNSSSSLAEVVDRILDKGIVVDAWVRVSLVGIELLSIEARVVIASVET 53
                              678899********************************************97 PP

>> nat_2ea4868f939df14228bd  
   #    score  bias  c-Evalue  i-Evalue hmmfrom  hmm to    alifrom  ali to    envfrom  env to     acc
 ---   ------ ----- --------- --------- ------- -------    ------- -------    ------- -------    ----
   1 !   54.1   1.8   9.7e-16   1.2e-15       8      59 ..       2      53 ..       1      67 [. 0.93

  Alignments for each domain:
  == domain 1  score: 54.1 bits;  conditional E-value: 9.7e-16
                      gvpj  8 aiktstssstladiLervLDkGvviagDiavsiadveLltiklRllvasvdk 59
                              a+++st ss+la++++r+LDkG+vi + + vs+  +e+lt++ R+++asvd+
  nat_2ea4868f939df14228bd  2 ALQKSTDSSSLAEVIDRILDKGIVIDAFVRVSVVGIEILTVEARVVIASVDT 53
                              67899**********************************************7 PP

>> nat_9d95fb5f11c9b20cbd54  
   #    score  bias  c-Evalue  i-Evalue hmmfrom  hmm to    alifrom  ali to    envfrom  env to     acc
 ---   ------ ----- --------- --------- ------- -------    ------- -------    ------- -------    ----
   1 !   54.2   0.8   8.7e-16   1.1e-15       8      59 ..       2      53 ..       1      80 [. 0.94

  Alignments for each domain:
  == domain 1  score: 54.2 bits;  conditional E-value: 8.7e-16
                      gvpj  8 aiktstssstladiLervLDkGvviagDiavsiadveLltiklRllvasvdk 59
                              ai+++t ss+la++++r+LDkG+vi +   vs+  +e+lt++ R+++asvd+
  nat_9d95fb5f11c9b20cbd54  2 AIQKTTDSSSLAEVIDRILDKGIVIDAFARVSVVGIEILTVETRVVIASVDT 53
                              7899***********************************************7 PP

>> nat_81c3c33e1052ca11c9fd  
   #    score  bias  c-Evalue  i-Evalue hmmfrom  hmm to    alifrom  ali to    envfrom  env to     acc
 ---   ------ ----- --------- --------- ------- -------    ------- -------    ------- -------    ----
   1 !   54.1   0.8   9.3e-16   1.1e-15       8      59 ..       2      53 ..       1      84 [. 0.86

  Alignments for each domain:
  == domain 1  score: 54.1 bits;  conditional E-value: 9.3e-16
                      gvpj  8 aiktstssstladiLervLDkGvviagDiavsiadveLltiklRllvasvdk 59
                              a+++st ss+la++++r+LDkGvvi     vs+  +eL+ti+ R+++asvd+
  nat_81c3c33e1052ca11c9fd  2 AVQKSTDSSSLAEVVDRILDKGVVIDVFARVSLVGIELITIEARVVIASVDT 53
                              7899***********************************************8 PP

>> nat_6fe65d28a28456450f1d  
   #    score  bias  c-Evalue  i-Evalue hmmfrom  hmm to    alifrom  ali to    envfrom  env to     acc
 ---   ------ ----- --------- --------- ------- -------    ------- -------    ------- -------    ----
   1 !   54.2   0.9   9.1e-16   1.1e-15       9      59 ..       3      53 ..       1      84 [. 0.92

  Alignments for each domain:
  == domain 1  score: 54.2 bits;  conditional E-value: 9.1e-16
                      gvpj  9 iktstssstladiLervLDkGvviagDiavsiadveLltiklRllvasvdk 59
                              i++st ss+la++++r+LDkG+vi +   vs+  +e+lti+ R+++asvd+
  nat_6fe65d28a28456450f1d  3 IQKSTDSSSLAEVIDRILDKGIVIDAFARVSLVGIEILTIEARVVIASVDT 53
                              7899**********************************************8 PP

>> nat_8d9ebc646f6fec623f00  
   #    score  bias  c-Evalue  i-Evalue hmmfrom  hmm to    alifrom  ali to    envfrom  env to     acc
 ---   ------ ----- --------- --------- ------- -------    ------- -------    ------- -------    ----
   1 !   54.2   1.3   9.2e-16   1.1e-15       9      59 ..       3      53 ..       1      82 [. 0.93

  Alignments for each domain:
  == domain 1  score: 54.2 bits;  conditional E-value: 9.2e-16
                      gvpj  9 iktstssstladiLervLDkGvviagDiavsiadveLltiklRllvasvdk 59
                              i++st ss+la++++r+LDkG+vi + + vs+  +e+lt++ R+++asvd+
  nat_8d9ebc646f6fec623f00  3 IQKSTDSSSLAEVIDRILDKGIVIDAFVRVSLVGIEILTVEARVVIASVDT 53
                              7899**********************************************7 PP

>> nat_1c3f16a0fdc7b319cfc7  
   #    score  bias  c-Evalue  i-Evalue hmmfrom  hmm to    alifrom  ali to    envfrom  env to     acc
 ---   ------ ----- --------- --------- ------- -------    ------- -------    ------- -------    ----
   1 !   54.1   1.6   9.7e-16   1.2e-15       8      60 ..       3      55 ..       1      66 [. 0.90

  Alignments for each domain:
  == domain 1  score: 54.1 bits;  conditional E-value: 9.7e-16
                      gvpj  8 aiktstssstladiLervLDkGvviagDiavsiadveLltiklRllvasvdka 60
                              +++++t s++la++++r+LDkG+v+ + ++vs+  +eLl+++ R++vasv++ 
  nat_1c3f16a0fdc7b319cfc7  3 SVQKTTDSASLAEVVDRILDKGIVVDAWVKVSLVGIELLSVEARVVVASVETY 55
                              5788999*******************************************974 PP

>> nat_f34d4928fe982f4cb0ec  
   #    score  bias  c-Evalue  i-Evalue hmmfrom  hmm to    alifrom  ali to    envfrom  env to     acc
 ---   ------ ----- --------- --------- ------- -------    ------- -------    ------- -------    ----
   1 !   54.1   1.0   9.4e-16   1.2e-15       9      59 ..       3      53 ..       1      79 [. 0.92

  Alignments for each domain:
  == domain 1  score: 54.1 bits;  conditional E-value: 9.4e-16
                      gvpj  9 iktstssstladiLervLDkGvviagDiavsiadveLltiklRllvasvdk 59
                              i++st ss+la++++r+LDkG+vi +   vs+  +e+lti+ R+++asvd+
  nat_f34d4928fe982f4cb0ec  3 IQKSTDSSSLAEVIDRILDKGIVIDAFARVSLVGIEILTIEARVVIASVDT 53
                              7899**********************************************8 PP

>> nat_63f804d4a54dfefdba01  
   #    score  bias  c-Evalue  i-Evalue hmmfrom  hmm to    alifrom  ali to    envfrom  env to     acc
 ---   ------ ----- --------- --------- ------- -------    ------- -------    ------- -------    ----
   1 !   54.1   1.3   9.8e-16   1.2e-15      13      59 ..       2      48 ..       1      61 [. 0.92

  Alignments for each domain:
  == domain 1  score: 54.1 bits;  conditional E-value: 9.8e-16
                      gvpj 13 tssstladiLervLDkGvviagDiavsiadveLltiklRllvasvdk 59
                              +sss+la++++r+LDkG+vi + + vs+  +eLl+i+ R+++asv++
  nat_63f804d4a54dfefdba01  2 NSSSSLAEVIDRILDKGIVIDAWVRVSLVGIELLAIEARIVIASVET 48
                              689******************************************97 PP

>> nat_56d5d14e5f958bb848ef  
   #    score  bias  c-Evalue  i-Evalue hmmfrom  hmm to    alifrom  ali to    envfrom  env to     acc
 ---   ------ ----- --------- --------- ------- -------    ------- -------    ------- -------    ----
   1 !   54.1   1.2   9.8e-16   1.2e-15       8      59 ..       2      53 ..       1      66 [. 0.92

  Alignments for each domain:
  == domain 1  score: 54.1 bits;  conditional E-value: 9.8e-16
                      gvpj  8 aiktstssstladiLervLDkGvviagDiavsiadveLltiklRllvasvdk 59
                              a+++++sss+la++++r+LDkG+v+ +   vs+  +eLl+i+ R+++asv++
  nat_56d5d14e5f958bb848ef  2 AVEKTNSSSSLAEVIDRILDKGIVVDAWARVSLVGIELLAIEARVVIASVET 53
                              78999*********************************************97 PP

>> nat_0e91ce29d8018f1f6bc6  
   #    score  bias  c-Evalue  i-Evalue hmmfrom  hmm to    alifrom  ali to    envfrom  env to     acc
 ---   ------ ----- --------- --------- ------- -------    ------- -------    ------- -------    ----
   1 !   54.1   1.2   9.8e-16   1.2e-15       8      59 ..       2      53 ..       1      66 [. 0.92

  Alignments for each domain:
  == domain 1  score: 54.1 bits;  conditional E-value: 9.8e-16
                      gvpj  8 aiktstssstladiLervLDkGvviagDiavsiadveLltiklRllvasvdk 59
                              a+++++sss+la++++r+LDkG+vi +   vs+  +eLl+++ R+++asv++
  nat_0e91ce29d8018f1f6bc6  2 AVEKTNSSSSLAEVIDRILDKGIVIDAWARVSLVGIELLAVEARVVIASVET 53
                              78999*********************************************97 PP

>> nat_245b236a00cae586f79f  
   #    score  bias  c-Evalue  i-Evalue hmmfrom  hmm to    alifrom  ali to    envfrom  env to     acc
 ---   ------ ----- --------- --------- ------- -------    ------- -------    ------- -------    ----
   1 !   54.0   2.6     1e-15   1.3e-15       8      59 ..       2      53 ..       1      68 [. 0.94

  Alignments for each domain:
  == domain 1  score: 54.0 bits;  conditional E-value: 1e-15
                      gvpj  8 aiktstssstladiLervLDkGvviagDiavsiadveLltiklRllvasvdk 59
                              a+++st ss+la++++r+LDkG+vi + + vs+  +e+lt++ R+++asvd+
  nat_245b236a00cae586f79f  2 AVQKSTDSSSLAEVIDRILDKGIVIDAFVRVSVVGIEILTVEARVVIASVDT 53
                              7899***********************************************7 PP

>> nat_a182ae3bb53ca39deed1  
   #    score  bias  c-Evalue  i-Evalue hmmfrom  hmm to    alifrom  ali to    envfrom  env to     acc
 ---   ------ ----- --------- --------- ------- -------    ------- -------    ------- -------    ----
   1 !   53.9   2.2   1.1e-15   1.3e-15       8      59 ..       2      53 ..       1      67 [. 0.94

  Alignments for each domain:
  == domain 1  score: 53.9 bits;  conditional E-value: 1.1e-15
                      gvpj  8 aiktstssstladiLervLDkGvviagDiavsiadveLltiklRllvasvdk 59
                              a+++st ss+la++++r+LDkG+vi +   vs+  +e+lti+ R+++asvd+
  nat_a182ae3bb53ca39deed1  2 AVQKSTDSSSLAEVIDRILDKGIVIDAFARVSVVGIEILTIEARVVIASVDT 53
                              7899***********************************************7 PP

>> nat_1a1b9a1e258a11254cb4  
   #    score  bias  c-Evalue  i-Evalue hmmfrom  hmm to    alifrom  ali to    envfrom  env to     acc
 ---   ------ ----- --------- --------- ------- -------    ------- -------    ------- -------    ----
   1 !   54.0   1.2     1e-15   1.2e-15       8      59 ..       2      53 ..       1      69 [. 0.92

  Alignments for each domain:
  == domain 1  score: 54.0 bits;  conditional E-value: 1e-15
                      gvpj  8 aiktstssstladiLervLDkGvviagDiavsiadveLltiklRllvasvdk 59
                              a+++++sss+la++++r+LDkG+v+ +   vs+  +eLl+i+ R+++asv++
  nat_1a1b9a1e258a11254cb4  2 AVEKTNSSSSLAEVIDRILDKGIVVDAWARVSLVGIELLAIEARVVIASVET 53
                              78999*********************************************97 PP

>> nat_9d50c7bb916513aad226  
   #    score  bias  c-Evalue  i-Evalue hmmfrom  hmm to    alifrom  ali to    envfrom  env to     acc
 ---   ------ ----- --------- --------- ------- -------    ------- -------    ------- -------    ----
   1 !   53.9   2.3   1.1e-15   1.3e-15       8      59 ..       2      53 ..       1      67 [. 0.94

  Alignments for each domain:
  == domain 1  score: 53.9 bits;  conditional E-value: 1.1e-15
                      gvpj  8 aiktstssstladiLervLDkGvviagDiavsiadveLltiklRllvasvdk 59
                              ai++st ss+la++++r+LDkG+vi + + vs+  +e+lt++ R+++asvd+
  nat_9d50c7bb916513aad226  2 AIQKSTDSSSLAEVIDRILDKGIVIDAFVRVSLVGIEILTVEARIVIASVDT 53
                              7899***********************************************7 PP

>> nat_3b221cf38db8c67047e0  
   #    score  bias  c-Evalue  i-Evalue hmmfrom  hmm to    alifrom  ali to    envfrom  env to     acc
 ---   ------ ----- --------- --------- ------- -------    ------- -------    ------- -------    ----
   1 !   54.1   1.5   9.9e-16   1.2e-15       9      59 ..       3      53 ..       1      76 [. 0.92

  Alignments for each domain:
  == domain 1  score: 54.1 bits;  conditional E-value: 9.9e-16
                      gvpj  9 iktstssstladiLervLDkGvviagDiavsiadveLltiklRllvasvdk 59
                              +++st ss+la++++r+LDkG+vi + + vs+  +e+lt++ R+++asvd+
  nat_3b221cf38db8c67047e0  3 VQKSTDSSSLAEVIDRILDKGIVIDAFVRVSLVGIEILTVEARVVIASVDT 53
                              78999*********************************************8 PP

>> nat_ec71caa9aa98b279110d  
   #    score  bias  c-Evalue  i-Evalue hmmfrom  hmm to    alifrom  ali to    envfrom  env to     acc
 ---   ------ ----- --------- --------- ------- -------    ------- -------    ------- -------    ----
   1 !   54.1   1.2   9.8e-16   1.2e-15       9      59 ..       3      53 ..       1      77 [. 0.93

  Alignments for each domain:
  == domain 1  score: 54.1 bits;  conditional E-value: 9.8e-16
                      gvpj  9 iktstssstladiLervLDkGvviagDiavsiadveLltiklRllvasvdk 59
                              +++st ss+la++++r+LDkG+vi + + vs+  +e+lt++ R+++asvd+
  nat_ec71caa9aa98b279110d  3 VQKSTDSSSLAEVIDRILDKGIVIDAFVRVSLVGIEILTVEARVVIASVDT 53
                              78999*********************************************7 PP

>> nat_c4bd9707d576667fbfb8  
   #    score  bias  c-Evalue  i-Evalue hmmfrom  hmm to    alifrom  ali to    envfrom  env to     acc
 ---   ------ ----- --------- --------- ------- -------    ------- -------    ------- -------    ----
   1 !   54.0   1.1     1e-15   1.2e-15       9      60 ..       4      55 ..       1      72 [. 0.88

  Alignments for each domain:
  == domain 1  score: 54.0 bits;  conditional E-value: 1e-15
                      gvpj  9 iktstssstladiLervLDkGvviagDiavsiadveLltiklRllvasvdka 60
                              +++st ss+la++++r+LDkG+vi    +vs+  +eLl+i+ R+++asv++ 
  nat_c4bd9707d576667fbfb8  4 VQKSTDSSSLAEVVDRILDKGIVIDVWAKVSLVGIELLSIEARVVIASVETY 55
                              68899********************************************973 PP

>> nat_f73e9b648178e6df8c6a  
   #    score  bias  c-Evalue  i-Evalue hmmfrom  hmm to    alifrom  ali to    envfrom  env to     acc
 ---   ------ ----- --------- --------- ------- -------    ------- -------    ------- -------    ----
   1 !   54.0   2.3     1e-15   1.3e-15       8      59 ..       2      53 ..       1      68 [. 0.92

  Alignments for each domain:
  == domain 1  score: 54.0 bits;  conditional E-value: 1e-15
                      gvpj  8 aiktstssstladiLervLDkGvviagDiavsiadveLltiklRllvasvdk 59
                              a+++ +sss+la++++r+LDkG+vi + + vs+  +eL++i+ R+++asv++
  nat_f73e9b648178e6df8c6a  2 AVEKVNSSSSLAEVIDRILDKGIVIDAWVRVSLVGIELIAIEARIVIASVET 53
                              678899********************************************97 PP

>> nat_63042e294eae0d141b5c  
   #    score  bias  c-Evalue  i-Evalue hmmfrom  hmm to    alifrom  ali to    envfrom  env to     acc
 ---   ------ ----- --------- --------- ------- -------    ------- -------    ------- -------    ----
   1 !   54.0   0.9     1e-15   1.3e-15       8      60 ..       3      55 ..       1      71 [. 0.90

  Alignments for each domain:
  == domain 1  score: 54.0 bits;  conditional E-value: 1e-15
                      gvpj  8 aiktstssstladiLervLDkGvviagDiavsiadveLltiklRllvasvdka 60
                              +i++st ss la++++r+LDkG+v+ + ++vs+  +eLl+++ R++v+sv++ 
  nat_63042e294eae0d141b5c  3 TIQKSTDSSGLAEVVDRILDKGIVVDAWVKVSLVGIELLSVEARVVVSSVETY 55
                              78999*********************************************974 PP

>> nat_07561c65a5d37a8aa878  
   #    score  bias  c-Evalue  i-Evalue hmmfrom  hmm to    alifrom  ali to    envfrom  env to     acc
 ---   ------ ----- --------- --------- ------- -------    ------- -------    ------- -------    ----
   1 !   53.9   1.4   1.1e-15   1.4e-15       8      59 ..       2      53 ..       1      63 [. 0.94

  Alignments for each domain:
  == domain 1  score: 53.9 bits;  conditional E-value: 1.1e-15
                      gvpj  8 aiktstssstladiLervLDkGvviagDiavsiadveLltiklRllvasvdk 59
                              a+++ +sss+la++++r+LDkG+vi + + vs+  +eLl+++ R+++asv++
  nat_07561c65a5d37a8aa878  2 AVEPVNSSSSLAEVIDRILDKGIVIDAWVRVSLVGIELLAVEARIVIASVET 53
                              688899********************************************98 PP

>> nat_6f2cfd5f0d50c7aee582  
   #    score  bias  c-Evalue  i-Evalue hmmfrom  hmm to    alifrom  ali to    envfrom  env to     acc
 ---   ------ ----- --------- --------- ------- -------    ------- -------    ------- -------    ----
   1 !   53.9   0.9   1.1e-15   1.3e-15       8      59 ..       2      53 ..       1      84 [. 0.87

  Alignments for each domain:
  == domain 1  score: 53.9 bits;  conditional E-value: 1.1e-15
                      gvpj  8 aiktstssstladiLervLDkGvviagDiavsiadveLltiklRllvasvdk 59
                              a+++st ss+la++++r+LDkGvvi     vs+  +eL+ti+ R+++asvd+
  nat_6f2cfd5f0d50c7aee582  2 AVQKSTDSSSLAEVVDRILDKGVVIDVFARVSLVGIELITIEARVVIASVDT 53
                              7899***********************************************8 PP

>> nat_0bead889339fd4f049d1  
   #    score  bias  c-Evalue  i-Evalue hmmfrom  hmm to    alifrom  ali to    envfrom  env to     acc
 ---   ------ ----- --------- --------- ------- -------    ------- -------    ------- -------    ----
   1 !   53.9   2.5   1.1e-15   1.4e-15       8      59 ..       2      53 ..       1      69 [. 0.94

  Alignments for each domain:
  == domain 1  score: 53.9 bits;  conditional E-value: 1.1e-15
                      gvpj  8 aiktstssstladiLervLDkGvviagDiavsiadveLltiklRllvasvdk 59
                              ai++st ss+la++++r+LDkG+vi + + vs+  +e+lt++ R+++asvd+
  nat_0bead889339fd4f049d1  2 AIQKSTDSSSLAEVIDRILDKGIVIDAFVRVSLVGIEILTVEARIVIASVDT 53
                              7899***********************************************7 PP

>> nat_1ae061b1db7a06cf0b36  
   #    score  bias  c-Evalue  i-Evalue hmmfrom  hmm to    alifrom  ali to    envfrom  env to     acc
 ---   ------ ----- --------- --------- ------- -------    ------- -------    ------- -------    ----
   1 !   53.9   1.1   1.1e-15   1.4e-15       8      59 ..       2      53 ..       1      84 [. 0.85

  Alignments for each domain:
  == domain 1  score: 53.9 bits;  conditional E-value: 1.1e-15
                      gvpj  8 aiktstssstladiLervLDkGvviagDiavsiadveLltiklRllvasvdk 59
                              a+++st ss+la++++r+LDkGvvi     vs+  +eL+ti+ R+++asvd+
  nat_1ae061b1db7a06cf0b36  2 AVQKSTDSSSLAEVVDRILDKGVVIDVFARVSLVGIELITIEARVVIASVDT 53
                              7899***********************************************8 PP

>> nat_e6550f96a73166345a2a  
   #    score  bias  c-Evalue  i-Evalue hmmfrom  hmm to    alifrom  ali to    envfrom  env to     acc
 ---   ------ ----- --------- --------- ------- -------    ------- -------    ------- -------    ----
   1 !   53.9   1.2   1.1e-15   1.3e-15       9      60 ..       4      55 ..       1      72 [. 0.89

  Alignments for each domain:
  == domain 1  score: 53.9 bits;  conditional E-value: 1.1e-15
                      gvpj  9 iktstssstladiLervLDkGvviagDiavsiadveLltiklRllvasvdka 60
                              +++st ss+la++++r+LDkG+vi    +vs+  +eLl+i+ R+++asv++ 
  nat_e6550f96a73166345a2a  4 VQKSTDSSSLAEVVDRILDKGIVIDVWAKVSLVGIELLSIEARVVIASVETY 55
                              68899********************************************973 PP

>> nat_e1d36a7c3cd6d18fbd5a  
   #    score  bias  c-Evalue  i-Evalue hmmfrom  hmm to    alifrom  ali to    envfrom  env to     acc
 ---   ------ ----- --------- --------- ------- -------    ------- -------    ------- -------    ----
   1 !   53.7   2.1   1.3e-15   1.6e-15       8      59 ..       2      53 ..       1      63 [. 0.93

  Alignments for each domain:
  == domain 1  score: 53.7 bits;  conditional E-value: 1.3e-15
                      gvpj  8 aiktstssstladiLervLDkGvviagDiavsiadveLltiklRllvasvdk 59
                              a+++st ss+la++++r+LDkG+vi + + vs+  +e+lt++ R+++asvd+
  nat_e1d36a7c3cd6d18fbd5a  2 ALQKSTDSSSLAEVIDRILDKGIVIDAFVRVSVVGIEILTVEARVVIASVDT 53
                              67899**********************************************7 PP

>> nat_61426f7141080b783b8b  
   #    score  bias  c-Evalue  i-Evalue hmmfrom  hmm to    alifrom  ali to    envfrom  env to     acc
 ---   ------ ----- --------- --------- ------- -------    ------- -------    ------- -------    ----
   1 !   53.9   1.1   1.1e-15   1.4e-15       8      59 ..       2      53 ..       1      84 [. 0.86

  Alignments for each domain:
  == domain 1  score: 53.9 bits;  conditional E-value: 1.1e-15
                      gvpj  8 aiktstssstladiLervLDkGvviagDiavsiadveLltiklRllvasvdk 59
                              a+++st ss+la++++r+LDkGvvi     vs+  +eL+ti+ R+++asvd+
  nat_61426f7141080b783b8b  2 AVQKSTDSSSLAEVVDRILDKGVVIDVFARVSLVGIELITIEARVVIASVDT 53
                              7899***********************************************8 PP

>> nat_668321baf55f7bfbdc1b  
   #    score  bias  c-Evalue  i-Evalue hmmfrom  hmm to    alifrom  ali to    envfrom  env to     acc
 ---   ------ ----- --------- --------- ------- -------    ------- -------    ------- -------    ----
   1 !   53.9   1.2   1.1e-15   1.4e-15       9      60 ..       4      55 ..       1      71 [. 0.91

  Alignments for each domain:
  == domain 1  score: 53.9 bits;  conditional E-value: 1.1e-15
                      gvpj  9 iktstssstladiLervLDkGvviagDiavsiadveLltiklRllvasvdka 60
                              +++s  ss+l ++++r+LDkG+vi + ++vs+  +eL+ti+ R++vasv++ 
  nat_668321baf55f7bfbdc1b  4 VQKSVDSSSLGEVVDRILDKGIVIDAWVKVSLVGIELITIEARVVVASVETY 55
                              678899*******************************************974 PP

>> nat_af18bcf2e4b0e65e7263  
   #    score  bias  c-Evalue  i-Evalue hmmfrom  hmm to    alifrom  ali to    envfrom  env to     acc
 ---   ------ ----- --------- --------- ------- -------    ------- -------    ------- -------    ----
   1 !   53.7   2.0   1.3e-15   1.6e-15       8      59 ..       2      53 ..       1      69 [. 0.94

  Alignments for each domain:
  == domain 1  score: 53.7 bits;  conditional E-value: 1.3e-15
                      gvpj  8 aiktstssstladiLervLDkGvviagDiavsiadveLltiklRllvasvdk 59
                              a+++st ss+la++++r+LDkGvvi +   vs+  +eL+t++ R+++asvd+
  nat_af18bcf2e4b0e65e7263  2 AVQKSTDSSSLAEVIDRILDKGVVIDAFARVSVVGIELVTVEARVVIASVDT 53
                              7899***********************************************7 PP

>> nat_6d22046d840b353d0c87  
   #    score  bias  c-Evalue  i-Evalue hmmfrom  hmm to    alifrom  ali to    envfrom  env to     acc
 ---   ------ ----- --------- --------- ------- -------    ------- -------    ------- -------    ----
   1 !   53.9   1.5   1.1e-15   1.4e-15       9      59 ..       3      53 ..       1      78 [. 0.93

  Alignments for each domain:
  == domain 1  score: 53.9 bits;  conditional E-value: 1.1e-15
                      gvpj  9 iktstssstladiLervLDkGvviagDiavsiadveLltiklRllvasvdk 59
                              +++st ss+la++++r+LDkG+vi + + vs+  +e+lt++ R+++asvd+
  nat_6d22046d840b353d0c87  3 VQKSTDSSSLAEVIDRILDKGIVIDAFVRVSLVGIEILTVEARVVIASVDT 53
                              78999*********************************************7 PP

>> nat_fdd60eac4981a8e64371  
   #    score  bias  c-Evalue  i-Evalue hmmfrom  hmm to    alifrom  ali to    envfrom  env to     acc
 ---   ------ ----- --------- --------- ------- -------    ------- -------    ------- -------    ----
   1 !   53.8   1.2   1.2e-15   1.4e-15       7      59 ..       2      54 ..       1      70 [. 0.93

  Alignments for each domain:
  == domain 1  score: 53.8 bits;  conditional E-value: 1.2e-15
                      gvpj  7 saiktstssstladiLervLDkGvviagDiavsiadveLltiklRllvasvdk 59
                              s++k+s  ss+la++++r+LDkGvvi     vs+  +eLl+i+ R+++asvd+
  nat_fdd60eac4981a8e64371  2 STVKKSVDSSSLAEVIDRILDKGVVIDVFARVSLVGIELLAIEARVVIASVDT 54
                              6899************************************************7 PP

>> nat_ac6b927c7781d88d4813  
   #    score  bias  c-Evalue  i-Evalue hmmfrom  hmm to    alifrom  ali to    envfrom  env to     acc
 ---   ------ ----- --------- --------- ------- -------    ------- -------    ------- -------    ----
   1 !   53.7   1.7   1.2e-15   1.5e-15       8      59 ..       2      53 ..       1      66 [. 0.92

  Alignments for each domain:
  == domain 1  score: 53.7 bits;  conditional E-value: 1.2e-15
                      gvpj  8 aiktstssstladiLervLDkGvviagDiavsiadveLltiklRllvasvdk 59
                              a+++ +sss+la++++r+LDkGvv+ + + vs+  +eLl+i+ R+++asv++
  nat_ac6b927c7781d88d4813  2 AVEKVNSSSSLAEVVDRILDKGVVVDAWVRVSLVGIELLAIEARIVIASVET 53
                              678899********************************************97 PP

>> nat_0c171934ecf7b20bfbc9  
   #    score  bias  c-Evalue  i-Evalue hmmfrom  hmm to    alifrom  ali to    envfrom  env to     acc
 ---   ------ ----- --------- --------- ------- -------    ------- -------    ------- -------    ----
   1 !   53.7   4.1   1.3e-15   1.6e-15       8      59 ..       2      53 ..       1      82 [. 0.93

  Alignments for each domain:
  == domain 1  score: 53.7 bits;  conditional E-value: 1.3e-15
                      gvpj  8 aiktstssstladiLervLDkGvviagDiavsiadveLltiklRllvasvdk 59
                              ai++st ss+la++++r+LDkG+vi + + vs+  +eL+t++ R+++asvd+
  nat_0c171934ecf7b20bfbc9  2 AIQKSTDSSSLAEVIDRILDKGIVIDAFVRVSVVGIELITVEARVVIASVDT 53
                              7899***********************************************7 PP

>> nat_0971f3debca181ebc092  
   #    score  bias  c-Evalue  i-Evalue hmmfrom  hmm to    alifrom  ali to    envfrom  env to     acc
 ---   ------ ----- --------- --------- ------- -------    ------- -------    ------- -------    ----
   1 !   53.6   2.2   1.4e-15   1.7e-15       8      59 ..       2      53 ..       1      64 [. 0.93

  Alignments for each domain:
  == domain 1  score: 53.6 bits;  conditional E-value: 1.4e-15
                      gvpj  8 aiktstssstladiLervLDkGvviagDiavsiadveLltiklRllvasvdk 59
                              a+++st ss+la++++r+LDkG+vi + + vs+  +e+lt++ R+++asvd+
  nat_0971f3debca181ebc092  2 ALQKSTDSSSLAEVIDRILDKGIVIDAFVRVSVVGIEILTVEARVVIASVDT 53
                              67899**********************************************7 PP

>> nat_8cc5c88d15faa4d4098f  
   #    score  bias  c-Evalue  i-Evalue hmmfrom  hmm to    alifrom  ali to    envfrom  env to     acc
 ---   ------ ----- --------- --------- ------- -------    ------- -------    ------- -------    ----
   1 !   53.7   2.1   1.2e-15   1.5e-15       9      59 ..       3      53 ..       1      72 [. 0.93

  Alignments for each domain:
  == domain 1  score: 53.7 bits;  conditional E-value: 1.2e-15
                      gvpj  9 iktstssstladiLervLDkGvviagDiavsiadveLltiklRllvasvdk 59
                              +++st ss+la++++r+LDkG+vi + + vs+  +e+lt++ R+++asvd+
  nat_8cc5c88d15faa4d4098f  3 VQKSTDSSSLAEVIDRILDKGIVIDAFVRVSVVGIEILTVEARVVIASVDT 53
                              78999*********************************************7 PP

>> nat_741da9de60585bc38db1  
   #    score  bias  c-Evalue  i-Evalue hmmfrom  hmm to    alifrom  ali to    envfrom  env to     acc
 ---   ------ ----- --------- --------- ------- -------    ------- -------    ------- -------    ----
   1 !   53.8   1.6   1.2e-15   1.4e-15       9      59 ..       3      53 ..       1      81 [. 0.91

  Alignments for each domain:
  == domain 1  score: 53.8 bits;  conditional E-value: 1.2e-15
                      gvpj  9 iktstssstladiLervLDkGvviagDiavsiadveLltiklRllvasvdk 59
                              +++st ss+la++++r+LDkG+vi + + vs+  +e+lt++ R+++asvd+
  nat_741da9de60585bc38db1  3 VQKSTDSSSLAEVIDRILDKGIVIDAFVRVSLVGIEILTVEARVVIASVDT 53
                              78999*********************************************8 PP

>> nat_5baeb577d8a796551d83  
   #    score  bias  c-Evalue  i-Evalue hmmfrom  hmm to    alifrom  ali to    envfrom  env to     acc
 ---   ------ ----- --------- --------- ------- -------    ------- -------    ------- -------    ----
   1 !   53.8   1.0   1.2e-15   1.4e-15       9      60 ..       4      55 ..       1      71 [. 0.89

  Alignments for each domain:
  == domain 1  score: 53.8 bits;  conditional E-value: 1.2e-15
                      gvpj  9 iktstssstladiLervLDkGvviagDiavsiadveLltiklRllvasvdka 60
                              + +st ss+la++++r+LDkG+vi +  +vs+  +eLl+++ R+++asv++ 
  nat_5baeb577d8a796551d83  4 VTKSTDSSSLAEVVDRILDKGIVIDAFAKVSLVGIELLSVEARVVIASVETY 55
                              568899*******************************************974 PP

>> nat_4494d3357cccfc2291ad  
   #    score  bias  c-Evalue  i-Evalue hmmfrom  hmm to    alifrom  ali to    envfrom  env to     acc
 ---   ------ ----- --------- --------- ------- -------    ------- -------    ------- -------    ----
   1 !   53.7   2.1   1.2e-15   1.5e-15       8      59 ..       2      53 ..       1      67 [. 0.92

  Alignments for each domain:
  == domain 1  score: 53.7 bits;  conditional E-value: 1.2e-15
                      gvpj  8 aiktstssstladiLervLDkGvviagDiavsiadveLltiklRllvasvdk 59
                              a+++ +sss+la++++r+LDkG+vi + + vs+  +eL++i+ R+++asv++
  nat_4494d3357cccfc2291ad  2 AVEKVNSSSSLAEVVDRILDKGIVIDAWVRVSLVGIELIAIEARVVIASVET 53
                              678899********************************************97 PP

>> nat_c6694fda37ff51b3f382  
   #    score  bias  c-Evalue  i-Evalue hmmfrom  hmm to    alifrom  ali to    envfrom  env to     acc
 ---   ------ ----- --------- --------- ------- -------    ------- -------    ------- -------    ----
   1 !   53.7   1.8   1.3e-15   1.5e-15       8      59 ..       2      53 ..       1      66 [. 0.92

  Alignments for each domain:
  == domain 1  score: 53.7 bits;  conditional E-value: 1.3e-15
                      gvpj  8 aiktstssstladiLervLDkGvviagDiavsiadveLltiklRllvasvdk 59
                              a+++++sss+la++++r+LDkG+v+ + + vs+  +e+l+i+ R+++asv++
  nat_c6694fda37ff51b3f382  2 AVEKTNSSSSLAEVIDRILDKGIVVDAWVRVSLVGIEILAIEARIVIASVET 53
                              78999*********************************************97 PP

>> nat_875f973318346cb3195c  
   #    score  bias  c-Evalue  i-Evalue hmmfrom  hmm to    alifrom  ali to    envfrom  env to     acc
 ---   ------ ----- --------- --------- ------- -------    ------- -------    ------- -------    ----
   1 !   53.6   2.2   1.4e-15   1.7e-15       8      59 ..       2      53 ..       1      64 [. 0.93

  Alignments for each domain:
  == domain 1  score: 53.6 bits;  conditional E-value: 1.4e-15
                      gvpj  8 aiktstssstladiLervLDkGvviagDiavsiadveLltiklRllvasvdk 59
                              a+++st ss+la++++r+LDkG+vi + + vs+  +e+lt++ R+++asvd+
  nat_875f973318346cb3195c  2 ALQKSTDSSSLAEVIDRILDKGIVIDAFVRVSVVGIEILTVEARVVIASVDT 53
                              67899**********************************************7 PP

>> nat_0a83dfbba1b7aa435131  
   #    score  bias  c-Evalue  i-Evalue hmmfrom  hmm to    alifrom  ali to    envfrom  env to     acc
 ---   ------ ----- --------- --------- ------- -------    ------- -------    ------- -------    ----
   1 !   53.8   0.9   1.2e-15   1.5e-15       9      60 ..       4      55 ..       1      71 [. 0.90

  Alignments for each domain:
  == domain 1  score: 53.8 bits;  conditional E-value: 1.2e-15
                      gvpj  9 iktstssstladiLervLDkGvviagDiavsiadveLltiklRllvasvdka 60
                              +++st ss la++++r+L+kG+vi + ++vs+  +eLl+i+ R+++asv++ 
  nat_0a83dfbba1b7aa435131  4 VQKSTDSSGLAEVVDRILEKGIVIDAFVKVSLVGIELLSIEARVVIASVETY 55
                              788999*******************************************974 PP

>> nat_71c9469d11a4b15b6ca5  
   #    score  bias  c-Evalue  i-Evalue hmmfrom  hmm to    alifrom  ali to    envfrom  env to     acc
 ---   ------ ----- --------- --------- ------- -------    ------- -------    ------- -------    ----
   1 !   53.6   2.2   1.4e-15   1.7e-15       8      59 ..       2      53 ..       1      64 [. 0.93

  Alignments for each domain:
  == domain 1  score: 53.6 bits;  conditional E-value: 1.4e-15
                      gvpj  8 aiktstssstladiLervLDkGvviagDiavsiadveLltiklRllvasvdk 59
                              a+++st ss+la++++r+LDkG+vi + + vs+  +e+lt++ R+++asvd+
  nat_71c9469d11a4b15b6ca5  2 ALQKSTDSSSLAEVIDRILDKGIVIDAFVRVSVVGIEILTVEARVVIASVDT 53
                              67899**********************************************7 PP

>> nat_58552353178d8fa2f36f  
   #    score  bias  c-Evalue  i-Evalue hmmfrom  hmm to    alifrom  ali to    envfrom  env to     acc
 ---   ------ ----- --------- --------- ------- -------    ------- -------    ------- -------    ----
   1 !   53.8   0.8   1.2e-15   1.5e-15       8      59 ..       2      53 ..       1      79 [. 0.94

  Alignments for each domain:
  == domain 1  score: 53.8 bits;  conditional E-value: 1.2e-15
                      gvpj  8 aiktstssstladiLervLDkGvviagDiavsiadveLltiklRllvasvdk 59
                              a+++st ss+la++++r+LDkG+vi +   vs+  +e+lt++ R+++asvd+
  nat_58552353178d8fa2f36f  2 AVQKSTDSSSLAEVIDRILDKGIVIDAFARVSVVGIEILTVEARVVIASVDT 53
                              7899***********************************************7 PP

>> nat_ae37005a67bc5cb2b176  
   #    score  bias  c-Evalue  i-Evalue hmmfrom  hmm to    alifrom  ali to    envfrom  env to     acc
 ---   ------ ----- --------- --------- ------- -------    ------- -------    ------- -------    ----
   1 !   53.7   1.8   1.3e-15   1.5e-15       8      59 ..       2      53 ..       1      68 [. 0.92

  Alignments for each domain:
  == domain 1  score: 53.7 bits;  conditional E-value: 1.3e-15
                      gvpj  8 aiktstssstladiLervLDkGvviagDiavsiadveLltiklRllvasvdk 59
                              a+++ +sss+la++++r+LDkG+vi + + vs+  +eLl+++ R+++asv++
  nat_ae37005a67bc5cb2b176  2 AVEKVNSSSSLAEVIDRILDKGIVIDAWVRVSLVGIELLAVEARVVIASVET 53
                              678899********************************************97 PP

>> nat_f1aad1947e3e40ba9653  
   #    score  bias  c-Evalue  i-Evalue hmmfrom  hmm to    alifrom  ali to    envfrom  env to     acc
 ---   ------ ----- --------- --------- ------- -------    ------- -------    ------- -------    ----
   1 !   53.8   0.9   1.2e-15   1.5e-15       8      59 ..       2      53 ..       1      78 [. 0.94

  Alignments for each domain:
  == domain 1  score: 53.8 bits;  conditional E-value: 1.2e-15
                      gvpj  8 aiktstssstladiLervLDkGvviagDiavsiadveLltiklRllvasvdk 59
                              a+++st ss+la++++r+LDkG+vi +   vs+  +e+lt++ R+++asvd+
  nat_f1aad1947e3e40ba9653  2 AVQKSTDSSSLAEVIDRILDKGIVIDAFARVSVVGIEILTVEARVVIASVDT 53
                              7899***********************************************7 PP

>> nat_f454f2a56d9c1f348b1d  
   #    score  bias  c-Evalue  i-Evalue hmmfrom  hmm to    alifrom  ali to    envfrom  env to     acc
 ---   ------ ----- --------- --------- ------- -------    ------- -------    ------- -------    ----
   1 !   53.7   0.8   1.2e-15   1.5e-15       8      59 ..       2      53 ..       1      80 [. 0.93

  Alignments for each domain:
  == domain 1  score: 53.7 bits;  conditional E-value: 1.2e-15
                      gvpj  8 aiktstssstladiLervLDkGvviagDiavsiadveLltiklRllvasvdk 59
                              a++++t ss+la++++r+LDkG+vi +   vs+  +e+lt++ R+++asvd+
  nat_f454f2a56d9c1f348b1d  2 AVQKTTDSSSLAEVIDRILDKGIVIDAFARVSVVGIEILTVEARVVIASVDT 53
                              78999**********************************************7 PP

>> nat_58de098a6c8aae0513de  
   #    score  bias  c-Evalue  i-Evalue hmmfrom  hmm to    alifrom  ali to    envfrom  env to     acc
 ---   ------ ----- --------- --------- ------- -------    ------- -------    ------- -------    ----
   1 !   53.8   0.9   1.2e-15   1.5e-15       9      60 ..       4      55 ..       1      71 [. 0.91

  Alignments for each domain:
  == domain 1  score: 53.8 bits;  conditional E-value: 1.2e-15
                      gvpj  9 iktstssstladiLervLDkGvviagDiavsiadveLltiklRllvasvdka 60
                              +++st ss+l ++++r+LDkG+vi + ++vs+  +eL+t++ R++vasv++ 
  nat_58de098a6c8aae0513de  4 VQKSTDSSSLGEVVDRILDKGIVIDAWVKVSLVGIELITVEARVVVASVETY 55
                              678999*******************************************974 PP

>> nat_bf1dfb6914e902f34199  
   #    score  bias  c-Evalue  i-Evalue hmmfrom  hmm to    alifrom  ali to    envfrom  env to     acc
 ---   ------ ----- --------- --------- ------- -------    ------- -------    ------- -------    ----
   1 !   53.7   1.3   1.3e-15   1.6e-15       8      59 ..       2      53 ..       1      82 [. 0.93

  Alignments for each domain:
  == domain 1  score: 53.7 bits;  conditional E-value: 1.3e-15
                      gvpj  8 aiktstssstladiLervLDkGvviagDiavsiadveLltiklRllvasvdk 59
                              ai+++t ss+la++++r+LDkG+vi +   vs+  +e+lt++ R+++asvd+
  nat_bf1dfb6914e902f34199  2 AIQKTTDSSSLAEVIDRILDKGIVIDAFARVSVVGIEILTVEARVVIASVDT 53
                              7899***********************************************8 PP

>> nat_8d61c399409b4395f3c5  
   #    score  bias  c-Evalue  i-Evalue hmmfrom  hmm to    alifrom  ali to    envfrom  env to     acc
 ---   ------ ----- --------- --------- ------- -------    ------- -------    ------- -------    ----
   1 !   53.7   1.6   1.2e-15   1.5e-15       9      59 ..       3      53 ..       1      76 [. 0.93

  Alignments for each domain:
  == domain 1  score: 53.7 bits;  conditional E-value: 1.2e-15
                      gvpj  9 iktstssstladiLervLDkGvviagDiavsiadveLltiklRllvasvdk 59
                              +++st ss+la++++r+LDkG+vi + + vs+  +e+lt++ R+++asvd+
  nat_8d61c399409b4395f3c5  3 VQKSTDSSSLAEVIDRILDKGIVIDAFVRVSLVGIEILTVEARVVIASVDT 53
                              78999*********************************************7 PP

>> nat_5cb381db9359101cf272  
   #    score  bias  c-Evalue  i-Evalue hmmfrom  hmm to    alifrom  ali to    envfrom  env to     acc
 ---   ------ ----- --------- --------- ------- -------    ------- -------    ------- -------    ----
   1 !   53.8   0.9   1.2e-15   1.5e-15       8      59 ..       2      53 ..       1      80 [. 0.93

  Alignments for each domain:
  == domain 1  score: 53.8 bits;  conditional E-value: 1.2e-15
                      gvpj  8 aiktstssstladiLervLDkGvviagDiavsiadveLltiklRllvasvdk 59
                              a++++t ss+la++++r+LDkG+vi +   vs+  +e+lt++ R+++asvd+
  nat_5cb381db9359101cf272  2 AVQKTTDSSSLAEVIDRILDKGIVIDAFARVSVVGIEILTVEARVVIASVDT 53
                              78999**********************************************7 PP

>> nat_2b6afdfba96a597935ac  
   #    score  bias  c-Evalue  i-Evalue hmmfrom  hmm to    alifrom  ali to    envfrom  env to     acc
 ---   ------ ----- --------- --------- ------- -------    ------- -------    ------- -------    ----
   1 !   53.7   1.7   1.3e-15   1.6e-15       9      59 ..       3      53 ..       1      77 [. 0.93

  Alignments for each domain:
  == domain 1  score: 53.7 bits;  conditional E-value: 1.3e-15
                      gvpj  9 iktstssstladiLervLDkGvviagDiavsiadveLltiklRllvasvdk 59
                              i++st ss+la++++r+LDkG+vi + + vs+  +e+lt++ R+++asvd+
  nat_2b6afdfba96a597935ac  3 IQKSTDSSSLAEVIDRILDKGIVIDAFVRVSLVGIEILTVEARVVIASVDT 53
                              7899**********************************************7 PP

>> nat_743c7630acb96591de70  
   #    score  bias  c-Evalue  i-Evalue hmmfrom  hmm to    alifrom  ali to    envfrom  env to     acc
 ---   ------ ----- --------- --------- ------- -------    ------- -------    ------- -------    ----
   1 !   53.6   1.2   1.3e-15   1.6e-15       8      59 ..       2      53 ..       1      65 [. 0.94

  Alignments for each domain:
  == domain 1  score: 53.6 bits;  conditional E-value: 1.3e-15
                      gvpj  8 aiktstssstladiLervLDkGvviagDiavsiadveLltiklRllvasvdk 59
                              a+k+st  s+la++L+rvL+kG+vi +   vs+  +eLl+i+ R+++asv++
  nat_743c7630acb96591de70  2 ALKKSTDASSLAEVLDRVLEKGIVIDAWARVSLVGIELLSIEARVVIASVET 53
                              78999*********************************************97 PP

>> nat_e0c3a1bd76d4c37afc8c  
   #    score  bias  c-Evalue  i-Evalue hmmfrom  hmm to    alifrom  ali to    envfrom  env to     acc
 ---   ------ ----- --------- --------- ------- -------    ------- -------    ------- -------    ----
   1 !   53.5   0.3   1.5e-15   1.8e-15      15      59 ..      12      56 ..       6      64 .. 0.93

  Alignments for each domain:
  == domain 1  score: 53.5 bits;  conditional E-value: 1.5e-15
                      gvpj 15 sstladiLervLDkGvviagDiavsiadveLltiklRllvasvdk 59
                              + +l+d+L+rvL kGvvi+gD+++siadv+L+ + lR+lv+s+++
  nat_e0c3a1bd76d4c37afc8c 12 DVSLVDLLDRVLAKGVVITGDLTISIADVDLVRVSLRALVSSINE 56
                              568***************************************975 PP

>> nat_8a82e12411d5884ab1cc  
   #    score  bias  c-Evalue  i-Evalue hmmfrom  hmm to    alifrom  ali to    envfrom  env to     acc
 ---   ------ ----- --------- --------- ------- -------    ------- -------    ------- -------    ----
   1 !   53.6   2.2   1.4e-15   1.7e-15       9      59 ..       3      53 ..       1      71 [. 0.93

  Alignments for each domain:
  == domain 1  score: 53.6 bits;  conditional E-value: 1.4e-15
                      gvpj  9 iktstssstladiLervLDkGvviagDiavsiadveLltiklRllvasvdk 59
                              +++st ss+la++++r+LDkG+vi + + vs+  +e+lt++ R+++asvd+
  nat_8a82e12411d5884ab1cc  3 VQKSTDSSSLAEVIDRILDKGIVIDAFVRVSVVGIEILTVEARVVIASVDT 53
                              78999*********************************************7 PP

>> nat_2bfd989de859f7b78cc5  
   #    score  bias  c-Evalue  i-Evalue hmmfrom  hmm to    alifrom  ali to    envfrom  env to     acc
 ---   ------ ----- --------- --------- ------- -------    ------- -------    ------- -------    ----
   1 !   53.5   0.9   1.5e-15   1.8e-15      10      60 ..       5      55 ..       2      71 .. 0.89

  Alignments for each domain:
  == domain 1  score: 53.5 bits;  conditional E-value: 1.5e-15
                      gvpj 10 ktstssstladiLervLDkGvviagDiavsiadveLltiklRllvasvdka 60
                               +st ss+la++++r+LDkG+vi +  +vs+  +eLl+++ R+++asv++ 
  nat_2bfd989de859f7b78cc5  5 MKSTDSSSLAEVVDRILDKGIVIDAWAKVSLVGIELLSVEARVVIASVETY 55
                              578999******************************************973 PP

>> nat_0c568d3a5b09c7ed2240  
   #    score  bias  c-Evalue  i-Evalue hmmfrom  hmm to    alifrom  ali to    envfrom  env to     acc
 ---   ------ ----- --------- --------- ------- -------    ------- -------    ------- -------    ----
   1 !   53.6   1.7   1.4e-15   1.7e-15       8      59 ..       2      53 ..       1      68 [. 0.92

  Alignments for each domain:
  == domain 1  score: 53.6 bits;  conditional E-value: 1.4e-15
                      gvpj  8 aiktstssstladiLervLDkGvviagDiavsiadveLltiklRllvasvdk 59
                              a+++ +sss+la++++r+LDkG+v+ + + vs+  +eLl+i+ R+++asv++
  nat_0c568d3a5b09c7ed2240  2 AVEKVNSSSSLAEVVDRILDKGIVVDAWVRVSLVGIELLAIEARVVIASVET 53
                              678899********************************************97 PP

>> nat_2f457cd3e21794d77204  
   #    score  bias  c-Evalue  i-Evalue hmmfrom  hmm to    alifrom  ali to    envfrom  env to     acc
 ---   ------ ----- --------- --------- ------- -------    ------- -------    ------- -------    ----
   1 !   53.6   0.9   1.4e-15   1.7e-15      11      59 ..       2      50 ..       1      63 [. 0.91

  Alignments for each domain:
  == domain 1  score: 53.6 bits;  conditional E-value: 1.4e-15
                      gvpj 11 tstssstladiLervLDkGvviagDiavsiadveLltiklRllvasvdk 59
                              +++sss+la++++r+LDkG+vi +   vs+  +eLl+i+ R+++asv++
  nat_2f457cd3e21794d77204  2 KTNSSSSLAEVIDRILDKGIVIDAWARVSLVGIELLAIEARVVIASVET 50
                              67899******************************************97 PP

>> nat_feed1d4c7965994c10d5  
   #    score  bias  c-Evalue  i-Evalue hmmfrom  hmm to    alifrom  ali to    envfrom  env to     acc
 ---   ------ ----- --------- --------- ------- -------    ------- -------    ------- -------    ----
   1 !   53.5   2.2   1.5e-15   1.8e-15       9      59 ..       3      53 ..       1      67 [. 0.93

  Alignments for each domain:
  == domain 1  score: 53.5 bits;  conditional E-value: 1.5e-15
                      gvpj  9 iktstssstladiLervLDkGvviagDiavsiadveLltiklRllvasvdk 59
                              +++st ss+la++++r+LDkG+vi + + vs+  +e+lt++ R+++asvd+
  nat_feed1d4c7965994c10d5  3 VQKSTDSSSLAEVIDRILDKGIVIDAFVRVSVVGIEILTVEARVVIASVDT 53
                              78999*********************************************7 PP

>> nat_19cd7b61a586d4e4fed8  
   #    score  bias  c-Evalue  i-Evalue hmmfrom  hmm to    alifrom  ali to    envfrom  env to     acc
 ---   ------ ----- --------- --------- ------- -------    ------- -------    ------- -------    ----
   1 !   53.5   2.0   1.5e-15   1.8e-15       8      59 ..       2      53 ..       1      69 [. 0.93

  Alignments for each domain:
  == domain 1  score: 53.5 bits;  conditional E-value: 1.5e-15
                      gvpj  8 aiktstssstladiLervLDkGvviagDiavsiadveLltiklRllvasvdk 59
                              ++++st ss+la++++r+LDkG+vi + + vs+  +e+lt++ R+++asvd+
  nat_19cd7b61a586d4e4fed8  2 TVQKSTDSSSLAEVIDRILDKGIVIDAFVRVSLVGIEILTVEARVVIASVDT 53
                              67899**********************************************7 PP

>> nat_46ac4cba4b1b67d73932  
   #    score  bias  c-Evalue  i-Evalue hmmfrom  hmm to    alifrom  ali to    envfrom  env to     acc
 ---   ------ ----- --------- --------- ------- -------    ------- -------    ------- -------    ----
   1 !   53.6   0.9   1.4e-15   1.7e-15       8      59 ..       2      53 ..       1      83 [. 0.93

  Alignments for each domain:
  == domain 1  score: 53.6 bits;  conditional E-value: 1.4e-15
                      gvpj  8 aiktstssstladiLervLDkGvviagDiavsiadveLltiklRllvasvdk 59
                              a+++st ss+la++++r+LDkGvvi     vs+  +eL+ti+ R+++asvd+
  nat_46ac4cba4b1b67d73932  2 AVQKSTDSSSLAEVVDRILDKGVVIDVFARVSLVGIELITIEARVVIASVDT 53
                              7899***********************************************8 PP

>> nat_c277f769aaa81aaf7242  
   #    score  bias  c-Evalue  i-Evalue hmmfrom  hmm to    alifrom  ali to    envfrom  env to     acc
 ---   ------ ----- --------- --------- ------- -------    ------- -------    ------- -------    ----
   1 !   53.6   0.9   1.4e-15   1.7e-15       8      59 ..       2      53 ..       1      78 [. 0.94

  Alignments for each domain:
  == domain 1  score: 53.6 bits;  conditional E-value: 1.4e-15
                      gvpj  8 aiktstssstladiLervLDkGvviagDiavsiadveLltiklRllvasvdk 59
                              ai+++t ss+la++++r+LDkG+vi +   vs+  +e+lt++ R+++asvd+
  nat_c277f769aaa81aaf7242  2 AIQKTTDSSSLAEVVDRILDKGIVIDAFARVSVVGIEILTVEARVVIASVDT 53
                              7899***********************************************7 PP

>> nat_1221e51a70c9226dfb5b  
   #    score  bias  c-Evalue  i-Evalue hmmfrom  hmm to    alifrom  ali to    envfrom  env to     acc
 ---   ------ ----- --------- --------- ------- -------    ------- -------    ------- -------    ----
   1 !   53.6   1.5   1.4e-15   1.7e-15       8      59 ..       2      53 ..       1      81 [. 0.91

  Alignments for each domain:
  == domain 1  score: 53.6 bits;  conditional E-value: 1.4e-15
                      gvpj  8 aiktstssstladiLervLDkGvviagDiavsiadveLltiklRllvasvdk 59
                              ai++st ss la++++r+LDkG+vi +   vs+  +eL+t++ R++vasvd+
  nat_1221e51a70c9226dfb5b  2 AIQKSTDSSGLAEVIDRILDKGIVIDAFARVSVVGIELITVEARVVVASVDT 53
                              7899***********************************************8 PP

>> nat_908def535fa98fa36b50  
   #    score  bias  c-Evalue  i-Evalue hmmfrom  hmm to    alifrom  ali to    envfrom  env to     acc
 ---   ------ ----- --------- --------- ------- -------    ------- -------    ------- -------    ----
   1 !   53.5   1.7   1.4e-15   1.8e-15       8      59 ..       2      53 ..       1      68 [. 0.92

  Alignments for each domain:
  == domain 1  score: 53.5 bits;  conditional E-value: 1.4e-15
                      gvpj  8 aiktstssstladiLervLDkGvviagDiavsiadveLltiklRllvasvdk 59
                              a+++ +sss+la++++r+LDkG+v+ + + vs+  +eLl+i+ R+++asv++
  nat_908def535fa98fa36b50  2 AVEKVNSSSSLAEVVDRILDKGIVVDAWVRVSLVGIELLAIEARVVIASVET 53
                              678899********************************************97 PP

>> nat_e2b9c94c60da4c449a4d  
   #    score  bias  c-Evalue  i-Evalue hmmfrom  hmm to    alifrom  ali to    envfrom  env to     acc
 ---   ------ ----- --------- --------- ------- -------    ------- -------    ------- -------    ----
   1 !   53.5   1.8   1.5e-15   1.8e-15       8      59 ..       2      53 ..       1      68 [. 0.92

  Alignments for each domain:
  == domain 1  score: 53.5 bits;  conditional E-value: 1.5e-15
                      gvpj  8 aiktstssstladiLervLDkGvviagDiavsiadveLltiklRllvasvdk 59
                              a+++ +sss+la++++r+LDkG+vi + + vs+  +eLl+++ R+++asv++
  nat_e2b9c94c60da4c449a4d  2 AVEKVNSSSSLAEVVDRILDKGIVIDAWVRVSLVGIELLAVEARIVIASVET 53
                              678899********************************************97 PP

>> nat_be9809bb1f91644c1e43  
   #    score  bias  c-Evalue  i-Evalue hmmfrom  hmm to    alifrom  ali to    envfrom  env to     acc
 ---   ------ ----- --------- --------- ------- -------    ------- -------    ------- -------    ----
   1 !   53.5   2.3   1.5e-15   1.8e-15       8      59 ..       2      53 ..       1      67 [. 0.92

  Alignments for each domain:
  == domain 1  score: 53.5 bits;  conditional E-value: 1.5e-15
                      gvpj  8 aiktstssstladiLervLDkGvviagDiavsiadveLltiklRllvasvdk 59
                              a+++ +sss+la++++r+LDkG+vi + + +s+  +eL++i+ R+++asv++
  nat_be9809bb1f91644c1e43  2 AVEKVNSSSSLAEVVDRILDKGIVIDAWVRISLVGIELIAIEARIVIASVET 53
                              678899********************************************97 PP

>> nat_9683dd0b519eaf04d743  
   #    score  bias  c-Evalue  i-Evalue hmmfrom  hmm to    alifrom  ali to    envfrom  env to     acc
 ---   ------ ----- --------- --------- ------- -------    ------- -------    ------- -------    ----
   1 !   53.5   1.7   1.5e-15   1.9e-15       8      59 ..       2      53 ..       1      67 [. 0.92

  Alignments for each domain:
  == domain 1  score: 53.5 bits;  conditional E-value: 1.5e-15
                      gvpj  8 aiktstssstladiLervLDkGvviagDiavsiadveLltiklRllvasvdk 59
                              a+++ +sss+la++++r+LDkG+v+ + + vs+  +eLl+i+ R+++asv++
  nat_9683dd0b519eaf04d743  2 AVEKVNSSSSLAEVVDRILDKGIVVDAWVRVSLVGIELLAIEARVVIASVET 53
                              678899********************************************97 PP

>> nat_d4359a01f2d63626acd8  
   #    score  bias  c-Evalue  i-Evalue hmmfrom  hmm to    alifrom  ali to    envfrom  env to     acc
 ---   ------ ----- --------- --------- ------- -------    ------- -------    ------- -------    ----
   1 !   53.5   1.8   1.5e-15   1.8e-15       8      59 ..       2      53 ..       1      68 [. 0.92

  Alignments for each domain:
  == domain 1  score: 53.5 bits;  conditional E-value: 1.5e-15
                      gvpj  8 aiktstssstladiLervLDkGvviagDiavsiadveLltiklRllvasvdk 59
                              a+++ +sss+la++++r+LDkG+vi + + vs+  +eLl+++ R+++asv++
  nat_d4359a01f2d63626acd8  2 AVEKVNSSSSLAEVVDRILDKGIVIDAWVRVSLVGIELLAVEARVVIASVET 53
                              678899********************************************97 PP

>> nat_c4f90ad7ed7605569245  
   #    score  bias  c-Evalue  i-Evalue hmmfrom  hmm to    alifrom  ali to    envfrom  env to     acc
 ---   ------ ----- --------- --------- ------- -------    ------- -------    ------- -------    ----
   1 !   53.4   1.9   1.5e-15   1.9e-15       9      59 ..       3      53 ..       1      72 [. 0.93

  Alignments for each domain:
  == domain 1  score: 53.4 bits;  conditional E-value: 1.5e-15
                      gvpj  9 iktstssstladiLervLDkGvviagDiavsiadveLltiklRllvasvdk 59
                              i++st ss+la++++r+LDkG+vi + + vs+  +e+lt++ R+++asvd+
  nat_c4f90ad7ed7605569245  3 IQKSTDSSSLAEVIDRILDKGIVIDAFVRVSLVGIEILTVEARVVIASVDT 53
                              7899**********************************************8 PP

>> nat_8ff951966677ada5d69f  
   #    score  bias  c-Evalue  i-Evalue hmmfrom  hmm to    alifrom  ali to    envfrom  env to     acc
 ---   ------ ----- --------- --------- ------- -------    ------- -------    ------- -------    ----
   1 !   53.5   1.7   1.5e-15   1.9e-15       8      59 ..       2      53 ..       1      67 [. 0.92

  Alignments for each domain:
  == domain 1  score: 53.5 bits;  conditional E-value: 1.5e-15
                      gvpj  8 aiktstssstladiLervLDkGvviagDiavsiadveLltiklRllvasvdk 59
                              a+++ +sss+la++++r+LDkG+v+ + + vs+  +eLl+i+ R+++asv++
  nat_8ff951966677ada5d69f  2 AVEKVNSSSSLAEVVDRILDKGIVVDAWVRVSLVGIELLAIEARVVIASVET 53
                              678899********************************************97 PP

>> nat_af304bea340b7ec20d1e  
   #    score  bias  c-Evalue  i-Evalue hmmfrom  hmm to    alifrom  ali to    envfrom  env to     acc
 ---   ------ ----- --------- --------- ------- -------    ------- -------    ------- -------    ----
   1 !   53.4   1.7   1.5e-15   1.9e-15       8      59 ..       2      53 ..       1      66 [. 0.92

  Alignments for each domain:
  == domain 1  score: 53.4 bits;  conditional E-value: 1.5e-15
                      gvpj  8 aiktstssstladiLervLDkGvviagDiavsiadveLltiklRllvasvdk 59
                              a+++ +sss+la++++r+LDkG+v+ + + vs+  +eLl+i+ R+++asv++
  nat_af304bea340b7ec20d1e  2 AVEKVNSSSSLAEVVDRILDKGIVVDAWVRVSLVGIELLAIEARVVIASVET 53
                              678899********************************************97 PP

>> nat_6f827542d262f6a8575a  
   #    score  bias  c-Evalue  i-Evalue hmmfrom  hmm to    alifrom  ali to    envfrom  env to     acc
 ---   ------ ----- --------- --------- ------- -------    ------- -------    ------- -------    ----
   1 !   53.5   1.8   1.5e-15   1.8e-15       8      59 ..       2      53 ..       1      68 [. 0.92

  Alignments for each domain:
  == domain 1  score: 53.5 bits;  conditional E-value: 1.5e-15
                      gvpj  8 aiktstssstladiLervLDkGvviagDiavsiadveLltiklRllvasvdk 59
                              a+++ +sss+la++++r+LDkG+v+ + + vs+  +eLl+i+ R+++asv++
  nat_6f827542d262f6a8575a  2 AVEKVNSSSSLAEVVDRILDKGIVVDAWVRVSLVGIELLAIEARVVIASVET 53
                              678899********************************************97 PP

>> nat_7192aa1b5c4b0d0cb215  
   #    score  bias  c-Evalue  i-Evalue hmmfrom  hmm to    alifrom  ali to    envfrom  env to     acc
 ---   ------ ----- --------- --------- ------- -------    ------- -------    ------- -------    ----
   1 !   53.5   1.8   1.5e-15   1.8e-15       8      59 ..       2      53 ..       1      68 [. 0.92

  Alignments for each domain:
  == domain 1  score: 53.5 bits;  conditional E-value: 1.5e-15
                      gvpj  8 aiktstssstladiLervLDkGvviagDiavsiadveLltiklRllvasvdk 59
                              a+++ +sss+la++++r+LDkG+vi + + vs+  +eLl+++ R+++asv++
  nat_7192aa1b5c4b0d0cb215  2 AVEKVNSSSSLAEVVDRILDKGIVIDAWVRVSLVGIELLAVEARVVIASVET 53
                              678899********************************************97 PP

>> nat_1cabf52c370a690f1b57  
   #    score  bias  c-Evalue  i-Evalue hmmfrom  hmm to    alifrom  ali to    envfrom  env to     acc
 ---   ------ ----- --------- --------- ------- -------    ------- -------    ------- -------    ----
   1 !   53.4   0.9   1.5e-15   1.9e-15       8      59 ..       2      53 ..       1      66 [. 0.94

  Alignments for each domain:
  == domain 1  score: 53.4 bits;  conditional E-value: 1.5e-15
                      gvpj  8 aiktstssstladiLervLDkGvviagDiavsiadveLltiklRllvasvdk 59
                              a+k+st  s+la++L+r+L+kG+vi +   vs+  +eLl+i+ R+++asv++
  nat_1cabf52c370a690f1b57  2 ALKKSTDASSLAEVLDRILEKGIVIDAWARVSLVGIELLSIEARVVIASVET 53
                              78999*********************************************97 PP

>> nat_ad033982fcb9c7e260ad  
   #    score  bias  c-Evalue  i-Evalue hmmfrom  hmm to    alifrom  ali to    envfrom  env to     acc
 ---   ------ ----- --------- --------- ------- -------    ------- -------    ------- -------    ----
   1 !   53.4   1.8   1.6e-15   1.9e-15       8      59 ..       2      53 ..       1      66 [. 0.92

  Alignments for each domain:
  == domain 1  score: 53.4 bits;  conditional E-value: 1.6e-15
                      gvpj  8 aiktstssstladiLervLDkGvviagDiavsiadveLltiklRllvasvdk 59
                              a+++ +sss+la++++r+LDkG+vi + + vs+  +eLl+++ R+++asv++
  nat_ad033982fcb9c7e260ad  2 AVEKVNSSSSLAEVVDRILDKGIVIDAWVRVSLVGIELLAVEARIVIASVET 53
                              678899********************************************97 PP

>> nat_0e646809d1e3d9dcc68e  
   #    score  bias  c-Evalue  i-Evalue hmmfrom  hmm to    alifrom  ali to    envfrom  env to     acc
 ---   ------ ----- --------- --------- ------- -------    ------- -------    ------- -------    ----
   1 !   53.5   1.2   1.5e-15   1.8e-15       9      59 ..       3      53 ..       1      80 [. 0.89

  Alignments for each domain:
  == domain 1  score: 53.5 bits;  conditional E-value: 1.5e-15
                      gvpj  9 iktstssstladiLervLDkGvviagDiavsiadveLltiklRllvasvdk 59
                              i+++t ss+la++++r+LDkG+vi +  +vs+  +e+lt++ R+++asvd+
  nat_0e646809d1e3d9dcc68e  3 IQKTTDSSSLAEVIDRILDKGIVIDAFAKVSLVGIEILTVEARVVIASVDT 53
                              78999*********************************************8 PP

>> nat_ec09e260540587684c1e  
   #    score  bias  c-Evalue  i-Evalue hmmfrom  hmm to    alifrom  ali to    envfrom  env to     acc
 ---   ------ ----- --------- --------- ------- -------    ------- -------    ------- -------    ----
   1 !   53.4   1.7   1.6e-15   1.9e-15       8      59 ..       2      53 ..       1      66 [. 0.92

  Alignments for each domain:
  == domain 1  score: 53.4 bits;  conditional E-value: 1.6e-15
                      gvpj  8 aiktstssstladiLervLDkGvviagDiavsiadveLltiklRllvasvdk 59
                              a+++++sss+la++++r+LDkG+v+ + + vs+  +eLl ++ R+++asv++
  nat_ec09e260540587684c1e  2 AVEKTNSSSSLAEVIDRILDKGIVVDAWVRVSLVGIELLVVEARIVIASVET 53
                              78999*********************************************97 PP

>> nat_d692e59ba181a3631d4d  
   #    score  bias  c-Evalue  i-Evalue hmmfrom  hmm to    alifrom  ali to    envfrom  env to     acc
 ---   ------ ----- --------- --------- ------- -------    ------- -------    ------- -------    ----
   1 !   53.4   2.4   1.6e-15     2e-15       9      59 ..       3      53 ..       1      70 [. 0.93

  Alignments for each domain:
  == domain 1  score: 53.4 bits;  conditional E-value: 1.6e-15
                      gvpj  9 iktstssstladiLervLDkGvviagDiavsiadveLltiklRllvasvdk 59
                              +++st ss+la++++r+LDkG+vi + + vs+  +e+lt++ R+++asvd+
  nat_d692e59ba181a3631d4d  3 VQKSTDSSSLAEVIDRILDKGIVIDAFVRVSVVGIEILTVEARVVIASVDT 53
                              78999*********************************************7 PP

>> nat_efd48c99cdb0d08b6f9e  
   #    score  bias  c-Evalue  i-Evalue hmmfrom  hmm to    alifrom  ali to    envfrom  env to     acc
 ---   ------ ----- --------- --------- ------- -------    ------- -------    ------- -------    ----
   1 !   53.2   0.4   1.8e-15   2.2e-15      16      59 ..      13      56 ..       6      63 .. 0.93

  Alignments for each domain:
  == domain 1  score: 53.2 bits;  conditional E-value: 1.8e-15
                      gvpj 16 stladiLervLDkGvviagDiavsiadveLltiklRllvasvdk 59
                               +l+d+L+rvL kGv+i+gD++vsiadv+L+ i lR+lv+s+++
  nat_efd48c99cdb0d08b6f9e 13 ISLVDLLDRVLAKGVMITGDVTVSIADVDLVRISLRALVSSINE 56
                              589**************************************975 PP

>> nat_62bc5089576517d5fad1  
   #    score  bias  c-Evalue  i-Evalue hmmfrom  hmm to    alifrom  ali to    envfrom  env to     acc
 ---   ------ ----- --------- --------- ------- -------    ------- -------    ------- -------    ----
   1 !   53.2   2.5   1.8e-15   2.2e-15      12      60 ..       5      53 ..       1      90 [. 0.91

  Alignments for each domain:
  == domain 1  score: 53.2 bits;  conditional E-value: 1.8e-15
                      gvpj 12 stssstladiLervLDkGvviagDiavsiadveLltiklRllvasvdka 60
                              + +ss+la++L+rvLDkGvvi     +s+  +eLlti+ R++vasvd+ 
  nat_62bc5089576517d5fad1  5 TPNSSSLAEVLDRVLDKGVVIDVWARISVVGIELLTIEARVVVASVDTF 53
                              66899******************************************85 PP

>> nat_b57aea053dff80c6482c  
   #    score  bias  c-Evalue  i-Evalue hmmfrom  hmm to    alifrom  ali to    envfrom  env to     acc
 ---   ------ ----- --------- --------- ------- -------    ------- -------    ------- -------    ----
   1 !   53.4   0.4   1.6e-15   1.9e-15       8      59 ..       2      53 ..       1      92 [. 0.93

  Alignments for each domain:
  == domain 1  score: 53.4 bits;  conditional E-value: 1.6e-15
                      gvpj  8 aiktstssstladiLervLDkGvviagDiavsiadveLltiklRllvasvdk 59
                              a+++st ss la++++r+LDkG+vi +   vs+  +eL+t++ R+++asvd+
  nat_b57aea053dff80c6482c  2 AVQKSTDSSGLAEVIDRILDKGIVIDAFARVSVVGIELITVEARVVIASVDT 53
                              78999**********************************************7 PP

>> nat_9587ffd39bd2d85bd5ef  
   #    score  bias  c-Evalue  i-Evalue hmmfrom  hmm to    alifrom  ali to    envfrom  env to     acc
 ---   ------ ----- --------- --------- ------- -------    ------- -------    ------- -------    ----
   1 !   53.2   2.0   1.8e-15   2.2e-15       9      59 ..       3      53 ..       1      63 [. 0.93

  Alignments for each domain:
  == domain 1  score: 53.2 bits;  conditional E-value: 1.8e-15
                      gvpj  9 iktstssstladiLervLDkGvviagDiavsiadveLltiklRllvasvdk 59
                              i++st ss+la++++r+LDkG+vi + + vs+  +e+lt++ R+++asvd+
  nat_9587ffd39bd2d85bd5ef  3 IQKSTDSSSLAEVIDRILDKGIVIDAFVRVSLVGIEILTVEARVVIASVDT 53
                              7899**********************************************7 PP

>> nat_cd47d1496d29850f6644  
   #    score  bias  c-Evalue  i-Evalue hmmfrom  hmm to    alifrom  ali to    envfrom  env to     acc
 ---   ------ ----- --------- --------- ------- -------    ------- -------    ------- -------    ----
   1 !   53.4   1.0   1.6e-15   1.9e-15       8      59 ..       2      53 ..       1      82 [. 0.93

  Alignments for each domain:
  == domain 1  score: 53.4 bits;  conditional E-value: 1.6e-15
                      gvpj  8 aiktstssstladiLervLDkGvviagDiavsiadveLltiklRllvasvdk 59
                              ai++s++ss+la++++r+LDkG+vi +   vs+  +e+lt++ R+++asvd+
  nat_cd47d1496d29850f6644  2 AIQKSNNSSSLAEVIDRILDKGIVIDAFARVSVVGIEILTVEARVVIASVDT 53
                              78999**********************************************8 PP

>> nat_e9d0d8807aee29d8e61c  
   #    score  bias  c-Evalue  i-Evalue hmmfrom  hmm to    alifrom  ali to    envfrom  env to     acc
 ---   ------ ----- --------- --------- ------- -------    ------- -------    ------- -------    ----
   1 !   53.4   1.3   1.6e-15     2e-15       8      60 ..       2      54 ..       1      68 [. 0.91

  Alignments for each domain:
  == domain 1  score: 53.4 bits;  conditional E-value: 1.6e-15
                      gvpj  8 aiktstssstladiLervLDkGvviagDiavsiadveLltiklRllvasvdka 60
                              ai++ + ss+la++++r+LDkG+v+ +   vs+  +eLl+i+ R++vasvd+ 
  nat_e9d0d8807aee29d8e61c  2 AIEKMNASSSLAEVIDRILDKGIVVDAWARVSLVGIELLAIEARVVVASVDTY 54
                              7888999********************************************84 PP

>> nat_354eeee0be3f0383107b  
   #    score  bias  c-Evalue  i-Evalue hmmfrom  hmm to    alifrom  ali to    envfrom  env to     acc
 ---   ------ ----- --------- --------- ------- -------    ------- -------    ------- -------    ----
   1 !   53.4   2.0   1.6e-15     2e-15       9      59 ..       3      53 ..       1      76 [. 0.94

  Alignments for each domain:
  == domain 1  score: 53.4 bits;  conditional E-value: 1.6e-15
                      gvpj  9 iktstssstladiLervLDkGvviagDiavsiadveLltiklRllvasvdk 59
                              i++st ss+la++++r+LDkG+vi + + vs+  +e+lt++ R+++asvd+
  nat_354eeee0be3f0383107b  3 IQKSTDSSSLAEVIDRILDKGIVIDAFVRVSLVGIEILTVEARVVIASVDT 53
                              7899**********************************************8 PP

>> nat_a97455c28a62de8f61f4  
   #    score  bias  c-Evalue  i-Evalue hmmfrom  hmm to    alifrom  ali to    envfrom  env to     acc
 ---   ------ ----- --------- --------- ------- -------    ------- -------    ------- -------    ----
   1 !   53.4   0.9   1.6e-15     2e-15       8      59 ..       2      53 ..       1      80 [. 0.93

  Alignments for each domain:
  == domain 1  score: 53.4 bits;  conditional E-value: 1.6e-15
                      gvpj  8 aiktstssstladiLervLDkGvviagDiavsiadveLltiklRllvasvdk 59
                              ai++st ss+la++++r+LDkG+vi +   vs+  +e+lt++ R+++asvd+
  nat_a97455c28a62de8f61f4  2 AIQKSTDSSSLAEVIDRILDKGIVIDAFARVSLVGIEILTVEARVVIASVDT 53
                              7899***********************************************8 PP

>> nat_8b0ebfde7cff54503a90  
   #    score  bias  c-Evalue  i-Evalue hmmfrom  hmm to    alifrom  ali to    envfrom  env to     acc
 ---   ------ ----- --------- --------- ------- -------    ------- -------    ------- -------    ----
   1 !   53.3   2.2   1.7e-15   2.1e-15       8      59 ..       2      53 ..       1      68 [. 0.92

  Alignments for each domain:
  == domain 1  score: 53.3 bits;  conditional E-value: 1.7e-15
                      gvpj  8 aiktstssstladiLervLDkGvviagDiavsiadveLltiklRllvasvdk 59
                              a+++ +sss+la++++r+LDkGvvi   + vs+  +eLl+i+ R+++asv++
  nat_8b0ebfde7cff54503a90  2 AVEKVNSSSSLAEVIDRILDKGVVIDVWVRVSLVGIELLAIEARIVIASVET 53
                              678899********************************************97 PP

>> nat_5e8f0a8871d86e6b22f4  
   #    score  bias  c-Evalue  i-Evalue hmmfrom  hmm to    alifrom  ali to    envfrom  env to     acc
 ---   ------ ----- --------- --------- ------- -------    ------- -------    ------- -------    ----
   1 !   53.2   1.8   1.9e-15   2.3e-15       8      59 ..       2      53 ..       1      65 [. 0.94

  Alignments for each domain:
  == domain 1  score: 53.2 bits;  conditional E-value: 1.9e-15
                      gvpj  8 aiktstssstladiLervLDkGvviagDiavsiadveLltiklRllvasvdk 59
                              a+++st ss+la++++r+LDkG+vi +   vs+  +e+lt++ R+++asvd+
  nat_5e8f0a8871d86e6b22f4  2 AVQKSTDSSSLAEVIDRILDKGIVIDAYARVSVVGIEILTVEARVVIASVDT 53
                              7899***********************************************7 PP

>> nat_0b3996e134f02f495b8f  
   #    score  bias  c-Evalue  i-Evalue hmmfrom  hmm to    alifrom  ali to    envfrom  env to     acc
 ---   ------ ----- --------- --------- ------- -------    ------- -------    ------- -------    ----
   1 !   53.3   0.8   1.7e-15     2e-15       9      59 ..       3      53 ..       1      84 [. 0.91

  Alignments for each domain:
  == domain 1  score: 53.3 bits;  conditional E-value: 1.7e-15
                      gvpj  9 iktstssstladiLervLDkGvviagDiavsiadveLltiklRllvasvdk 59
                              i++s+ ss+la++++r+LDkG+vi +   vs+  +e+lti+ R+++asvd+
  nat_0b3996e134f02f495b8f  3 IQKSNDSSSLAEVIDRILDKGIVIDAFARVSLVGIEILTIEARVVIASVDT 53
                              788999********************************************8 PP

>> nat_fcb1203cd7b1290f06c7  
   #    score  bias  c-Evalue  i-Evalue hmmfrom  hmm to    alifrom  ali to    envfrom  env to     acc
 ---   ------ ----- --------- --------- ------- -------    ------- -------    ------- -------    ----
   1 !   53.3   2.1   1.8e-15   2.2e-15       8      59 ..       2      53 ..       1      67 [. 0.92

  Alignments for each domain:
  == domain 1  score: 53.3 bits;  conditional E-value: 1.8e-15
                      gvpj  8 aiktstssstladiLervLDkGvviagDiavsiadveLltiklRllvasvdk 59
                              a+++ +sss+la++++r+LDkG+vi + + vs+  +eLl+i+ ++++asv++
  nat_fcb1203cd7b1290f06c7  2 AVEKVNSSSSLAEVIDRILDKGIVIDAWVRVSLVGIELLSIEAKIVIASVET 53
                              678899********************************************97 PP

>> nat_bd790502a785bc49c92c  
   #    score  bias  c-Evalue  i-Evalue hmmfrom  hmm to    alifrom  ali to    envfrom  env to     acc
 ---   ------ ----- --------- --------- ------- -------    ------- -------    ------- -------    ----
   1 !   53.1   2.0   1.9e-15   2.4e-15       9      59 ..       3      53 ..       1      65 [. 0.93

  Alignments for each domain:
  == domain 1  score: 53.1 bits;  conditional E-value: 1.9e-15
                      gvpj  9 iktstssstladiLervLDkGvviagDiavsiadveLltiklRllvasvdk 59
                              i++st ss+la++++r+LDkG+vi + + vs+  +e+lt++ R+++asvd+
  nat_bd790502a785bc49c92c  3 IQKSTDSSSLAEVIDRILDKGIVIDAFVRVSLVGIEILTVEARVVIASVDT 53
                              7899**********************************************7 PP

>> nat_bc4042a7c10b7bd447bc  
   #    score  bias  c-Evalue  i-Evalue hmmfrom  hmm to    alifrom  ali to    envfrom  env to     acc
 ---   ------ ----- --------- --------- ------- -------    ------- -------    ------- -------    ----
   1 !   53.2   1.7   1.8e-15   2.2e-15       9      59 ..       3      53 ..       1      73 [. 0.93

  Alignments for each domain:
  == domain 1  score: 53.2 bits;  conditional E-value: 1.8e-15
                      gvpj  9 iktstssstladiLervLDkGvviagDiavsiadveLltiklRllvasvdk 59
                              i++st ss+la++++r+LDkG+vi +   vs+  +e+lti+ R+++asvd+
  nat_bc4042a7c10b7bd447bc  3 IQKSTDSSSLAEVIDRILDKGIVIDAFARVSLVGIEILTIEARVVIASVDT 53
                              7899**********************************************8 PP

>> nat_52878bc67dc3956b9eaa  
   #    score  bias  c-Evalue  i-Evalue hmmfrom  hmm to    alifrom  ali to    envfrom  env to     acc
 ---   ------ ----- --------- --------- ------- -------    ------- -------    ------- -------    ----
   1 !   53.1   2.1   1.9e-15   2.3e-15       9      59 ..       3      53 ..       1      67 [. 0.93

  Alignments for each domain:
  == domain 1  score: 53.1 bits;  conditional E-value: 1.9e-15
                      gvpj  9 iktstssstladiLervLDkGvviagDiavsiadveLltiklRllvasvdk 59
                              i++st ss+la++++r+LDkG+vi + + vs+  +e+lt++ R+++asvd+
  nat_52878bc67dc3956b9eaa  3 IQKSTDSSSLAEVIDRILDKGIVIDAFVRVSLVGIEILTVEARVVIASVDT 53
                              7899**********************************************7 PP

>> nat_291571f679284e1c6455  
   #    score  bias  c-Evalue  i-Evalue hmmfrom  hmm to    alifrom  ali to    envfrom  env to     acc
 ---   ------ ----- --------- --------- ------- -------    ------- -------    ------- -------    ----
   1 !   53.2   0.9   1.9e-15   2.3e-15       9      60 ..       5      56 ..       2      72 .. 0.89

  Alignments for each domain:
  == domain 1  score: 53.2 bits;  conditional E-value: 1.9e-15
                      gvpj  9 iktstssstladiLervLDkGvviagDiavsiadveLltiklRllvasvdka 60
                              +++st ss la++++r+LDkG+v+ + ++vs+  +eLl+++ R+++asv++ 
  nat_291571f679284e1c6455  5 VAKSTDSSGLAEVVDRILDKGIVVDAWVKVSLVGIELLSVEARVVIASVETY 56
                              678999*******************************************974 PP

>> nat_b9de124a92fba0281b06  
   #    score  bias  c-Evalue  i-Evalue hmmfrom  hmm to    alifrom  ali to    envfrom  env to     acc
 ---   ------ ----- --------- --------- ------- -------    ------- -------    ------- -------    ----
   1 !   53.0   2.7     2e-15   2.5e-15      12      60 ..       5      53 ..       1      91 [. 0.91

  Alignments for each domain:
  == domain 1  score: 53.0 bits;  conditional E-value: 2e-15
                      gvpj 12 stssstladiLervLDkGvviagDiavsiadveLltiklRllvasvdka 60
                              + +ss+la++L+rvLDkGvvi     +s+  +eLlti+ R++vasvd+ 
  nat_b9de124a92fba0281b06  5 TPNSSSLAEVLDRVLDKGVVIDVWARISVVGIELLTIEARVVVASVDTF 53
                              66899******************************************85 PP

>> nat_45c7c948c17d40fffc2f  
   #    score  bias  c-Evalue  i-Evalue hmmfrom  hmm to    alifrom  ali to    envfrom  env to     acc
 ---   ------ ----- --------- --------- ------- -------    ------- -------    ------- -------    ----
   1 !   53.3   1.6   1.7e-15   2.1e-15       9      59 ..       3      53 ..       1      77 [. 0.93

  Alignments for each domain:
  == domain 1  score: 53.3 bits;  conditional E-value: 1.7e-15
                      gvpj  9 iktstssstladiLervLDkGvviagDiavsiadveLltiklRllvasvdk 59
                              i +st ss+la++++r+LDkG+vi + + vs+  +e+lt++ R+++asvd+
  nat_45c7c948c17d40fffc2f  3 ITKSTDSSSLAEVIDRILDKGIVIDAFVRVSLVGIEILTVEARVVIASVDT 53
                              678999********************************************7 PP

>> nat_2549c61eaa1c68f79257  
   #    score  bias  c-Evalue  i-Evalue hmmfrom  hmm to    alifrom  ali to    envfrom  env to     acc
 ---   ------ ----- --------- --------- ------- -------    ------- -------    ------- -------    ----
   1 !   53.2   2.0   1.9e-15   2.3e-15       9      59 ..       3      53 ..       1      72 [. 0.92

  Alignments for each domain:
  == domain 1  score: 53.2 bits;  conditional E-value: 1.9e-15
                      gvpj  9 iktstssstladiLervLDkGvviagDiavsiadveLltiklRllvasvdk 59
                              +++st ss+la++++r+LDkG+vi + + vs+  +e+lt++ R+++asvd+
  nat_2549c61eaa1c68f79257  3 VQKSTDSSSLAEVIDRILDKGIVIDAFVRVSLVGIEILTVEARVVIASVDT 53
                              78999*********************************************7 PP

>> nat_969159e68bc0479327cf  
   #    score  bias  c-Evalue  i-Evalue hmmfrom  hmm to    alifrom  ali to    envfrom  env to     acc
 ---   ------ ----- --------- --------- ------- -------    ------- -------    ------- -------    ----
   1 !   53.1   2.0   1.9e-15   2.4e-15       8      59 ..       2      53 ..       1      72 [. 0.94

  Alignments for each domain:
  == domain 1  score: 53.1 bits;  conditional E-value: 1.9e-15
                      gvpj  8 aiktstssstladiLervLDkGvviagDiavsiadveLltiklRllvasvdk 59
                              ai++st ss+la++++r+LDkG+vi +   vs+  +eL+t++ R+++asvd+
  nat_969159e68bc0479327cf  2 AIQKSTDSSSLAEVVDRILDKGIVIDAFARVSVVGIELITVEARVVIASVDT 53
                              7899***********************************************7 PP

>> nat_c878ed98f912803b2650  
   #    score  bias  c-Evalue  i-Evalue hmmfrom  hmm to    alifrom  ali to    envfrom  env to     acc
 ---   ------ ----- --------- --------- ------- -------    ------- -------    ------- -------    ----
   1 !   53.2   1.2   1.8e-15   2.2e-15       8      59 ..       2      53 ..       1      83 [. 0.92

  Alignments for each domain:
  == domain 1  score: 53.2 bits;  conditional E-value: 1.8e-15
                      gvpj  8 aiktstssstladiLervLDkGvviagDiavsiadveLltiklRllvasvdk 59
                              ai++st ss+la++++r+LDkG+vi +   vs+  +e+lt++ R+++asvd+
  nat_c878ed98f912803b2650  2 AIQKSTDSSSLAEVIDRILDKGIVIDAFARVSLVGIEILTVEARVVIASVDT 53
                              7899***********************************************8 PP

>> nat_ab18ddbecb739bae7c0a  
   #    score  bias  c-Evalue  i-Evalue hmmfrom  hmm to    alifrom  ali to    envfrom  env to     acc
 ---   ------ ----- --------- --------- ------- -------    ------- -------    ------- -------    ----
   1 !   53.1   1.8   1.9e-15   2.3e-15       9      59 ..       3      53 ..       1      72 [. 0.92

  Alignments for each domain:
  == domain 1  score: 53.1 bits;  conditional E-value: 1.9e-15
                      gvpj  9 iktstssstladiLervLDkGvviagDiavsiadveLltiklRllvasvdk 59
                              i++st ss+la++++r+LDkG+vi +   vs+  +e+lti+ R+++asvd+
  nat_ab18ddbecb739bae7c0a  3 IQKSTDSSSLAEVIDRILDKGIVIDAFARVSLVGIEILTIEARVVIASVDT 53
                              7899**********************************************8 PP

>> nat_626bf126ff6a42e860e1  
   #    score  bias  c-Evalue  i-Evalue hmmfrom  hmm to    alifrom  ali to    envfrom  env to     acc
 ---   ------ ----- --------- --------- ------- -------    ------- -------    ------- -------    ----
   1 !   53.1   1.8   1.9e-15   2.3e-15       9      59 ..       3      53 ..       1      72 [. 0.92

  Alignments for each domain:
  == domain 1  score: 53.1 bits;  conditional E-value: 1.9e-15
                      gvpj  9 iktstssstladiLervLDkGvviagDiavsiadveLltiklRllvasvdk 59
                              i++st ss+la++++r+LDkG+vi +   vs+  +e+lti+ R+++asvd+
  nat_626bf126ff6a42e860e1  3 IQKSTDSSSLAEVIDRILDKGIVIDAFARVSLVGIEILTIEARVVIASVDT 53
                              7899**********************************************8 PP

>> nat_f2eb1efff0bc22bf511d  
   #    score  bias  c-Evalue  i-Evalue hmmfrom  hmm to    alifrom  ali to    envfrom  env to     acc
 ---   ------ ----- --------- --------- ------- -------    ------- -------    ------- -------    ----
   1 !   53.2   0.9   1.8e-15   2.2e-15       9      60 ..       4      55 ..       1      71 [. 0.89

  Alignments for each domain:
  == domain 1  score: 53.2 bits;  conditional E-value: 1.8e-15
                      gvpj  9 iktstssstladiLervLDkGvviagDiavsiadveLltiklRllvasvdka 60
                              +++st ss la++++r+LDkG+v+ + ++vs+  +eLl+++ R+++asv++ 
  nat_f2eb1efff0bc22bf511d  4 VAKSTDSSGLAEVVDRILDKGIVVDAWVKVSLVGIELLSVEARVVIASVETY 55
                              678999*******************************************974 PP

>> nat_c468502803b4ab5981f1  
   #    score  bias  c-Evalue  i-Evalue hmmfrom  hmm to    alifrom  ali to    envfrom  env to     acc
 ---   ------ ----- --------- --------- ------- -------    ------- -------    ------- -------    ----
   1 !   52.9   2.4   2.3e-15   2.8e-15      13      60 ..       8      55 ..       2      85 .. 0.91

  Alignments for each domain:
  == domain 1  score: 52.9 bits;  conditional E-value: 2.3e-15
                      gvpj 13 tssstladiLervLDkGvviagDiavsiadveLltiklRllvasvdka 60
                                ss+la++L+rvLDkGvvi     vs+  +eLlti+ R++vasvd+ 
  nat_c468502803b4ab5981f1  8 PDSSSLAEVLDRVLDKGVVIDVWARVSVVGIELLTIEARVVVASVDTF 55
                              5799******************************************85 PP

>> nat_033157a4d26d86912677  
   #    score  bias  c-Evalue  i-Evalue hmmfrom  hmm to    alifrom  ali to    envfrom  env to     acc
 ---   ------ ----- --------- --------- ------- -------    ------- -------    ------- -------    ----
   1 !   53.1   1.8   1.9e-15   2.3e-15       9      59 ..       3      53 ..       1      72 [. 0.92

  Alignments for each domain:
  == domain 1  score: 53.1 bits;  conditional E-value: 1.9e-15
                      gvpj  9 iktstssstladiLervLDkGvviagDiavsiadveLltiklRllvasvdk 59
                              i++st ss+la++++r+LDkG+vi +   vs+  +e+lti+ R+++asvd+
  nat_033157a4d26d86912677  3 IQKSTDSSSLAEVIDRILDKGIVIDAFARVSLVGIEILTIEARVVIASVDT 53
                              7899**********************************************8 PP

>> nat_a4cf355a2019efa6dd79  
   #    score  bias  c-Evalue  i-Evalue hmmfrom  hmm to    alifrom  ali to    envfrom  env to     acc
 ---   ------ ----- --------- --------- ------- -------    ------- -------    ------- -------    ----
   1 !   53.1   1.8   1.9e-15   2.3e-15       9      59 ..       3      53 ..       1      72 [. 0.92

  Alignments for each domain:
  == domain 1  score: 53.1 bits;  conditional E-value: 1.9e-15
                      gvpj  9 iktstssstladiLervLDkGvviagDiavsiadveLltiklRllvasvdk 59
                              i++st ss+la++++r+LDkG+vi +   vs+  +e+lti+ R+++asvd+
  nat_a4cf355a2019efa6dd79  3 IQKSTDSSSLAEVIDRILDKGIVIDAFARVSLVGIEILTIEARVVIASVDT 53
                              7899**********************************************8 PP

>> nat_d5b00906bcc6e7ee2601  
   #    score  bias  c-Evalue  i-Evalue hmmfrom  hmm to    alifrom  ali to    envfrom  env to     acc
 ---   ------ ----- --------- --------- ------- -------    ------- -------    ------- -------    ----
   1 !   53.1   1.9     2e-15   2.4e-15       9      59 ..       3      53 ..       1      72 [. 0.92

  Alignments for each domain:
  == domain 1  score: 53.1 bits;  conditional E-value: 2e-15
                      gvpj  9 iktstssstladiLervLDkGvviagDiavsiadveLltiklRllvasvdk 59
                              i++st ss+la++++r+LDkG+vi +   vs+  +e+lti+ R+++asvd+
  nat_d5b00906bcc6e7ee2601  3 IQKSTDSSSLAEVIDRILDKGIVIDAFARVSLVGIEILTIEARVIIASVDT 53
                              7899**********************************************8 PP

>> nat_41c81011f9e8389dd829  
   #    score  bias  c-Evalue  i-Evalue hmmfrom  hmm to    alifrom  ali to    envfrom  env to     acc
 ---   ------ ----- --------- --------- ------- -------    ------- -------    ------- -------    ----
   1 !   53.1   1.9     2e-15   2.4e-15       9      59 ..       3      53 ..       1      73 [. 0.92

  Alignments for each domain:
  == domain 1  score: 53.1 bits;  conditional E-value: 2e-15
                      gvpj  9 iktstssstladiLervLDkGvviagDiavsiadveLltiklRllvasvdk 59
                              i++st ss+la++++r+LDkG+vi +   vs+  +e+lti+ R+++asvd+
  nat_41c81011f9e8389dd829  3 IQKSTDSSSLAEVIDRILDKGIVIDAFARVSLVGIEILTIEARVVIASVDT 53
                              7899**********************************************8 PP

>> nat_01217a4061546de4f423  
   #    score  bias  c-Evalue  i-Evalue hmmfrom  hmm to    alifrom  ali to    envfrom  env to     acc
 ---   ------ ----- --------- --------- ------- -------    ------- -------    ------- -------    ----
   1 !   53.1   2.2     2e-15   2.4e-15       9      59 ..       3      53 ..       1      71 [. 0.93

  Alignments for each domain:
  == domain 1  score: 53.1 bits;  conditional E-value: 2e-15
                      gvpj  9 iktstssstladiLervLDkGvviagDiavsiadveLltiklRllvasvdk 59
                              i++st ss+la++++r+LDkG+vi + + vs+  +e+lt++ R+++asvd+
  nat_01217a4061546de4f423  3 IQKSTDSSSLAEVIDRILDKGIVIDAFVRVSLVGIEILTVEARVVIASVDT 53
                              7899**********************************************7 PP

>> nat_f3a6931071d746ea3e3e  
   #    score  bias  c-Evalue  i-Evalue hmmfrom  hmm to    alifrom  ali to    envfrom  env to     acc
 ---   ------ ----- --------- --------- ------- -------    ------- -------    ------- -------    ----
   1 !   53.2   1.2   1.9e-15   2.3e-15       8      59 ..       2      53 ..       1      82 [. 0.93

  Alignments for each domain:
  == domain 1  score: 53.2 bits;  conditional E-value: 1.9e-15
                      gvpj  8 aiktstssstladiLervLDkGvviagDiavsiadveLltiklRllvasvdk 59
                              ai++s++ss+la++++r+LDkG+vi +   vs+  +e+lt++ R+++asvd+
  nat_f3a6931071d746ea3e3e  2 AIQKSNNSSSLAEVIDRILDKGIVIDAFARVSVVGIEILTVEARVVIASVDT 53
                              78999**********************************************8 PP

>> nat_271291dc0f72accfac60  
   #    score  bias  c-Evalue  i-Evalue hmmfrom  hmm to    alifrom  ali to    envfrom  env to     acc
 ---   ------ ----- --------- --------- ------- -------    ------- -------    ------- -------    ----
   1 !   53.0   2.0   2.1e-15   2.5e-15       9      59 ..       3      53 ..       1      70 [. 0.93

  Alignments for each domain:
  == domain 1  score: 53.0 bits;  conditional E-value: 2.1e-15
                      gvpj  9 iktstssstladiLervLDkGvviagDiavsiadveLltiklRllvasvdk 59
                              +++st ss+la++++r+LDkG+vi + + vs+  +e+lt++ R+++asvd+
  nat_271291dc0f72accfac60  3 VQKSTDSSSLAEVIDRILDKGIVIDAFVRVSLVGIEILTVEARVVIASVDT 53
                              78999*********************************************7 PP

>> nat_5db4631b2c67ffc9f980  
   #    score  bias  c-Evalue  i-Evalue hmmfrom  hmm to    alifrom  ali to    envfrom  env to     acc
 ---   ------ ----- --------- --------- ------- -------    ------- -------    ------- -------    ----
   1 !   52.9   2.1   2.3e-15   2.8e-15       9      59 ..       3      53 ..       1      63 [. 0.93

  Alignments for each domain:
  == domain 1  score: 52.9 bits;  conditional E-value: 2.3e-15
                      gvpj  9 iktstssstladiLervLDkGvviagDiavsiadveLltiklRllvasvdk 59
                              +++st ss+la++++r+LDkG+vi + + vs+  +e+lt++ R+++asvd+
  nat_5db4631b2c67ffc9f980  3 VQKSTDSSSLAEVIDRILDKGIVIDAFVRVSLVGIEILTVEARVVIASVDT 53
                              78999*********************************************7 PP

>> nat_88ee73fdf0fc427edc71  
   #    score  bias  c-Evalue  i-Evalue hmmfrom  hmm to    alifrom  ali to    envfrom  env to     acc
 ---   ------ ----- --------- --------- ------- -------    ------- -------    ------- -------    ----
   1 !   53.0   2.0   2.1e-15   2.5e-15       9      59 ..       3      53 ..       1      70 [. 0.93

  Alignments for each domain:
  == domain 1  score: 53.0 bits;  conditional E-value: 2.1e-15
                      gvpj  9 iktstssstladiLervLDkGvviagDiavsiadveLltiklRllvasvdk 59
                              +++st ss+la++++r+LDkG+vi + + vs+  +e+lt++ R+++asvd+
  nat_88ee73fdf0fc427edc71  3 VQKSTDSSSLAEVIDRILDKGIVIDAFVRVSLVGIEILTVEARVVIASVDT 53
                              78999*********************************************7 PP

>> nat_25e574f58ba93dcb64e2  
   #    score  bias  c-Evalue  i-Evalue hmmfrom  hmm to    alifrom  ali to    envfrom  env to     acc
 ---   ------ ----- --------- --------- ------- -------    ------- -------    ------- -------    ----
   1 !   53.0   3.7   2.1e-15   2.6e-15       8      59 ..       2      53 ..       1      90 [. 0.89

  Alignments for each domain:
  == domain 1  score: 53.0 bits;  conditional E-value: 2.1e-15
                      gvpj  8 aiktstssstladiLervLDkGvviagDiavsiadveLltiklRllvasvdk 59
                              ai++st ss+la++++r+LDkG+vi +   vs+  +eL+t++ R++vasvd+
  nat_25e574f58ba93dcb64e2  2 AIQKSTDSSSLAEVIDRILDKGIVIDAFARVSVVGIELITVEARVVVASVDT 53
                              7899***********************************************8 PP

>> nat_ba64cf7825cd36a3f8b7  
   #    score  bias  c-Evalue  i-Evalue hmmfrom  hmm to    alifrom  ali to    envfrom  env to     acc
 ---   ------ ----- --------- --------- ------- -------    ------- -------    ------- -------    ----
   1 !   52.9   2.0   2.2e-15   2.7e-15       8      59 ..       2      53 ..       1      64 [. 0.94

  Alignments for each domain:
  == domain 1  score: 52.9 bits;  conditional E-value: 2.2e-15
                      gvpj  8 aiktstssstladiLervLDkGvviagDiavsiadveLltiklRllvasvdk 59
                              a+++st ss+la++++r+LDkG+vi +   vs+  +e+lt++ R+++asvd+
  nat_ba64cf7825cd36a3f8b7  2 AVQKSTDSSSLAEVIDRILDKGIVIDAYARVSVVGIEILTVEARVVIASVDT 53
                              7899***********************************************7 PP

>> nat_9ea506ab1bb26a2a159a  
   #    score  bias  c-Evalue  i-Evalue hmmfrom  hmm to    alifrom  ali to    envfrom  env to     acc
 ---   ------ ----- --------- --------- ------- -------    ------- -------    ------- -------    ----
   1 !   53.1   1.1     2e-15   2.4e-15       9      60 ..       4      55 ..       1      71 [. 0.90

  Alignments for each domain:
  == domain 1  score: 53.1 bits;  conditional E-value: 2e-15
                      gvpj  9 iktstssstladiLervLDkGvviagDiavsiadveLltiklRllvasvdka 60
                              +++st ss+la++++r+LDkG+v+ + ++v++  +eLl+++ R+++asv++ 
  nat_9ea506ab1bb26a2a159a  4 VQKSTDSSSLAEVVDRILDKGIVVDAWVKVALVGIELLSVEARVVIASVETY 55
                              68899********************************************974 PP

>> nat_628577dc37636bc0384e  
   #    score  bias  c-Evalue  i-Evalue hmmfrom  hmm to    alifrom  ali to    envfrom  env to     acc
 ---   ------ ----- --------- --------- ------- -------    ------- -------    ------- -------    ----
   1 !   53.1   1.1     2e-15   2.4e-15       9      60 ..       4      55 ..       1      71 [. 0.90

  Alignments for each domain:
  == domain 1  score: 53.1 bits;  conditional E-value: 2e-15
                      gvpj  9 iktstssstladiLervLDkGvviagDiavsiadveLltiklRllvasvdka 60
                              i++st ss+la++++r+LDkG+vi    +vs+  +eLl+++ R++vasv++ 
  nat_628577dc37636bc0384e  4 IQKSTDSSSLAEVVDRILDKGIVIDVWAKVSLVGIELLSVEARVVVASVETY 55
                              78999********************************************974 PP

>> nat_8a3f5134cee921bb3c9c  
   #    score  bias  c-Evalue  i-Evalue hmmfrom  hmm to    alifrom  ali to    envfrom  env to     acc
 ---   ------ ----- --------- --------- ------- -------    ------- -------    ------- -------    ----
   1 !   53.1   1.1     2e-15   2.4e-15       9      59 ..       3      53 ..       1      80 [. 0.93

  Alignments for each domain:
  == domain 1  score: 53.1 bits;  conditional E-value: 2e-15
                      gvpj  9 iktstssstladiLervLDkGvviagDiavsiadveLltiklRllvasvdk 59
                              i++s+ ss+la++++r+LDkG+vi +   vs+  +e+lti+ R+++asvd+
  nat_8a3f5134cee921bb3c9c  3 IQKSNDSSSLAEVIDRILDKGIVIDAFARVSLVGIEILTIEARVVIASVDT 53
                              788999********************************************7 PP

>> nat_d1371fd7814fe8dbe69e  
   #    score  bias  c-Evalue  i-Evalue hmmfrom  hmm to    alifrom  ali to    envfrom  env to     acc
 ---   ------ ----- --------- --------- ------- -------    ------- -------    ------- -------    ----
   1 !   53.0   2.0   2.1e-15   2.6e-15       9      59 ..       3      53 ..       1      72 [. 0.92

  Alignments for each domain:
  == domain 1  score: 53.0 bits;  conditional E-value: 2.1e-15
                      gvpj  9 iktstssstladiLervLDkGvviagDiavsiadveLltiklRllvasvdk 59
                              i++st ss+la++++r+LDkG+vi +   vs+  +e+lti+ R+++asvd+
  nat_d1371fd7814fe8dbe69e  3 IQKSTDSSSLAEVIDRILDKGIVIDAFARVSLVGIEILTIEARVVIASVDT 53
                              7899**********************************************8 PP

>> nat_cace8f7ec0f10f4823d0  
   #    score  bias  c-Evalue  i-Evalue hmmfrom  hmm to    alifrom  ali to    envfrom  env to     acc
 ---   ------ ----- --------- --------- ------- -------    ------- -------    ------- -------    ----
   1 !   53.0   2.0   2.1e-15   2.6e-15       9      59 ..       3      53 ..       1      72 [. 0.92

  Alignments for each domain:
  == domain 1  score: 53.0 bits;  conditional E-value: 2.1e-15
                      gvpj  9 iktstssstladiLervLDkGvviagDiavsiadveLltiklRllvasvdk 59
                              i++st ss+la++++r+LDkG+vi +   vs+  +e+lti+ R+++asvd+
  nat_cace8f7ec0f10f4823d0  3 IQKSTDSSSLAEVIDRILDKGIVIDAFARVSLVGIEILTIEARVVIASVDT 53
                              7899**********************************************8 PP

>> nat_c253b9ec4d9a0828c2c9  
   #    score  bias  c-Evalue  i-Evalue hmmfrom  hmm to    alifrom  ali to    envfrom  env to     acc
 ---   ------ ----- --------- --------- ------- -------    ------- -------    ------- -------    ----
   1 !   52.9   2.4   2.2e-15   2.7e-15       8      59 ..       2      53 ..       1      70 [. 0.94

  Alignments for each domain:
  == domain 1  score: 52.9 bits;  conditional E-value: 2.2e-15
                      gvpj  8 aiktstssstladiLervLDkGvviagDiavsiadveLltiklRllvasvdk 59
                              ai++s  ss+la++++r+LDkG+vi +   vs+  +e+lti+ R+++asvd+
  nat_c253b9ec4d9a0828c2c9  2 AIQKSADSSSLAEVIDRILDKGIVIDAFARVSVVGIEILTIEARVVIASVDT 53
                              78999**********************************************7 PP

>> nat_01fb42ca3aea3da0dbe5  
   #    score  bias  c-Evalue  i-Evalue hmmfrom  hmm to    alifrom  ali to    envfrom  env to     acc
 ---   ------ ----- --------- --------- ------- -------    ------- -------    ------- -------    ----
   1 !   53.0   1.7     2e-15   2.5e-15       9      59 ..       3      53 ..       1      80 [. 0.90

  Alignments for each domain:
  == domain 1  score: 53.0 bits;  conditional E-value: 2e-15
                      gvpj  9 iktstssstladiLervLDkGvviagDiavsiadveLltiklRllvasvdk 59
                              i++st ss+la++++r+LDkG+vi + + vs+  +e++t++ R+++asvd+
  nat_01fb42ca3aea3da0dbe5  3 IQKSTDSSSLAEVIDRILDKGIVIDAFVRVSLVGIEIITVEARVVIASVDT 53
                              7899**********************************************8 PP

>> nat_8a83398f0d99493d45ad  
   #    score  bias  c-Evalue  i-Evalue hmmfrom  hmm to    alifrom  ali to    envfrom  env to     acc
 ---   ------ ----- --------- --------- ------- -------    ------- -------    ------- -------    ----
   1 !   52.9   2.3   2.2e-15   2.7e-15       9      59 ..       3      53 ..       1      69 [. 0.93

  Alignments for each domain:
  == domain 1  score: 52.9 bits;  conditional E-value: 2.2e-15
                      gvpj  9 iktstssstladiLervLDkGvviagDiavsiadveLltiklRllvasvdk 59
                              i++st ss+la++++r+LDkG+vi + + vs+  +e+lt++ R+++asvd+
  nat_8a83398f0d99493d45ad  3 IQKSTDSSSLAEVIDRILDKGIVIDAFVRVSLVGIEILTVEARVVIASVDT 53
                              7899**********************************************7 PP

>> nat_0844cfaee9f234d540b5  
   #    score  bias  c-Evalue  i-Evalue hmmfrom  hmm to    alifrom  ali to    envfrom  env to     acc
 ---   ------ ----- --------- --------- ------- -------    ------- -------    ------- -------    ----
   1 !   52.8   2.1   2.4e-15     3e-15       9      59 ..       3      53 ..       1      63 [. 0.93

  Alignments for each domain:
  == domain 1  score: 52.8 bits;  conditional E-value: 2.4e-15
                      gvpj  9 iktstssstladiLervLDkGvviagDiavsiadveLltiklRllvasvdk 59
                              +++st ss+la++++r+LDkG+vi + + vs+  +e+lt++ R+++asvd+
  nat_0844cfaee9f234d540b5  3 VQKSTDSSSLAEVIDRILDKGIVIDAFVRVSLVGIEILTVEARVVIASVDT 53
                              78999*********************************************7 PP

>> nat_3ce8f60b99b21237414a  
   #    score  bias  c-Evalue  i-Evalue hmmfrom  hmm to    alifrom  ali to    envfrom  env to     acc
 ---   ------ ----- --------- --------- ------- -------    ------- -------    ------- -------    ----
   1 !   52.9   2.2   2.2e-15   2.7e-15       9      59 ..       3      53 ..       1      70 [. 0.93

  Alignments for each domain:
  == domain 1  score: 52.9 bits;  conditional E-value: 2.2e-15
                      gvpj  9 iktstssstladiLervLDkGvviagDiavsiadveLltiklRllvasvdk 59
                              +++st ss+la++++r+LDkG+vi + + vs+  +e+lt++ R+++asvd+
  nat_3ce8f60b99b21237414a  3 VQKSTDSSSLAEVIDRILDKGIVIDAFVRVSLVGIEILTVEARVVIASVDT 53
                              78999*********************************************7 PP

>> nat_43f6e7e097fbcc058a96  
   #    score  bias  c-Evalue  i-Evalue hmmfrom  hmm to    alifrom  ali to    envfrom  env to     acc
 ---   ------ ----- --------- --------- ------- -------    ------- -------    ------- -------    ----
   1 !   52.8   2.1   2.4e-15     3e-15       8      59 ..       2      53 ..       1      71 [. 0.94

  Alignments for each domain:
  == domain 1  score: 52.8 bits;  conditional E-value: 2.4e-15
                      gvpj  8 aiktstssstladiLervLDkGvviagDiavsiadveLltiklRllvasvdk 59
                              ai++st ss+la++++r+LDkG+vi +   vs+  +eL+t++ R+++asvd+
  nat_43f6e7e097fbcc058a96  2 AIQKSTDSSSLAEVVDRILDKGIVIDAFARVSVVGIELITVEARVVIASVDT 53
                              7899***********************************************7 PP

>> nat_1b1d36a4acc8ad9c6342  
   #    score  bias  c-Evalue  i-Evalue hmmfrom  hmm to    alifrom  ali to    envfrom  env to     acc
 ---   ------ ----- --------- --------- ------- -------    ------- -------    ------- -------    ----
   1 !   52.9   2.0   2.3e-15   2.8e-15       9      59 ..       3      53 ..       1      70 [. 0.93

  Alignments for each domain:
  == domain 1  score: 52.9 bits;  conditional E-value: 2.3e-15
                      gvpj  9 iktstssstladiLervLDkGvviagDiavsiadveLltiklRllvasvdk 59
                              i++st ss+la++++r+LDkG+vi +   vs+  +e+lti+ R+++asvd+
  nat_1b1d36a4acc8ad9c6342  3 IQKSTDSSSLAEVIDRILDKGIVIDAFARVSLVGIEILTIEARVVIASVDT 53
                              7899**********************************************7 PP

>> nat_243a30af717d5651d5fa  
   #    score  bias  c-Evalue  i-Evalue hmmfrom  hmm to    alifrom  ali to    envfrom  env to     acc
 ---   ------ ----- --------- --------- ------- -------    ------- -------    ------- -------    ----
   1 !   53.0   0.9   2.1e-15   2.6e-15       9      59 ..       3      53 ..       1      80 [. 0.93

  Alignments for each domain:
  == domain 1  score: 53.0 bits;  conditional E-value: 2.1e-15
                      gvpj  9 iktstssstladiLervLDkGvviagDiavsiadveLltiklRllvasvdk 59
                              +++st ss+la++++r+LDkGvvi     vs+  +eL+ti+ R+++asvd+
  nat_243a30af717d5651d5fa  3 VQKSTDSSSLAEVIDRILDKGVVIDVFARVSLVGIELITIEARVVIASVDT 53
                              78999*********************************************7 PP

>> nat_53bb9ec21df57edd61e9  
   #    score  bias  c-Evalue  i-Evalue hmmfrom  hmm to    alifrom  ali to    envfrom  env to     acc
 ---   ------ ----- --------- --------- ------- -------    ------- -------    ------- -------    ----
   1 !   52.7   1.9   2.6e-15   3.1e-15       8      59 ..       2      53 ..       1      71 [. 0.94

  Alignments for each domain:
  == domain 1  score: 52.7 bits;  conditional E-value: 2.6e-15
                      gvpj  8 aiktstssstladiLervLDkGvviagDiavsiadveLltiklRllvasvdk 59
                              ai++s+ ss+la++++r+LDkG+vi +   vs+  +eL+t++ R++vasvd+
  nat_53bb9ec21df57edd61e9  2 AIQKSNDSSSLAEVVDRILDKGIVIDAFARVSVVGIELITVEARVVVASVDT 53
                              78999**********************************************7 PP

>> nat_acb38079c01f07d0de6f  
   #    score  bias  c-Evalue  i-Evalue hmmfrom  hmm to    alifrom  ali to    envfrom  env to     acc
 ---   ------ ----- --------- --------- ------- -------    ------- -------    ------- -------    ----
   1 !   52.5   2.4     3e-15   3.7e-15      13      60 ..       8      55 ..       2      79 .. 0.91

  Alignments for each domain:
  == domain 1  score: 52.5 bits;  conditional E-value: 3e-15
                      gvpj 13 tssstladiLervLDkGvviagDiavsiadveLltiklRllvasvdka 60
                                ss+la++L+rvLDkGvvi     +s+  +eLlti+ R++vasvd+ 
  nat_acb38079c01f07d0de6f  8 PDSSSLAEVLDRVLDKGVVIDVWARISVVGIELLTIEARVVVASVDTF 55
                              5799******************************************85 PP

>> nat_4ce0c5155ea4669922bc  
   #    score  bias  c-Evalue  i-Evalue hmmfrom  hmm to    alifrom  ali to    envfrom  env to     acc
 ---   ------ ----- --------- --------- ------- -------    ------- -------    ------- -------    ----
   1 !   53.0   1.2   2.2e-15   2.7e-15       9      59 ..       3      53 ..       1      79 [. 0.93

  Alignments for each domain:
  == domain 1  score: 53.0 bits;  conditional E-value: 2.2e-15
                      gvpj  9 iktstssstladiLervLDkGvviagDiavsiadveLltiklRllvasvdk 59
                              i++s+ ss+la++++r+LDkG+vi +   vs+  +e+lti+ R+++asvd+
  nat_4ce0c5155ea4669922bc  3 IQKSNDSSSLAEVIDRILDKGIVIDAFARVSLVGIEILTIEARVVIASVDT 53
                              788999********************************************7 PP

>> nat_1833721e1724827de2bb  
   #    score  bias  c-Evalue  i-Evalue hmmfrom  hmm to    alifrom  ali to    envfrom  env to     acc
 ---   ------ ----- --------- --------- ------- -------    ------- -------    ------- -------    ----
   1 !   52.9   1.6   2.3e-15   2.9e-15       8      59 ..       2      53 ..       1      66 [. 0.92

  Alignments for each domain:
  == domain 1  score: 52.9 bits;  conditional E-value: 2.3e-15
                      gvpj  8 aiktstssstladiLervLDkGvviagDiavsiadveLltiklRllvasvdk 59
                              a+++++sss+la++++r+LDkG+vi +   vs+  +eL++i+ R+++asv++
  nat_1833721e1724827de2bb  2 AVEKTNSSSSLAEVIDRILDKGIVIDAWDRVSLVGIELIAIEARIVIASVET 53
                              78999*********************************************97 PP

>> nat_172247f25d7a88e5c254  
   #    score  bias  c-Evalue  i-Evalue hmmfrom  hmm to    alifrom  ali to    envfrom  env to     acc
 ---   ------ ----- --------- --------- ------- -------    ------- -------    ------- -------    ----
   1 !   52.9   1.2   2.2e-15   2.7e-15       8      59 ..       2      53 ..       1      79 [. 0.94

  Alignments for each domain:
  == domain 1  score: 52.9 bits;  conditional E-value: 2.2e-15
                      gvpj  8 aiktstssstladiLervLDkGvviagDiavsiadveLltiklRllvasvdk 59
                              ai++s +ss+la++++r+LDkG+vi +   vs+  +e+lt++ R+++asvd+
  nat_172247f25d7a88e5c254  2 AIQKSAESSSLAEVIDRILDKGIVIDAFARVSVVGIEILTVEARVVIASVDT 53
                              78999**********************************************8 PP

>> nat_c95ec1b2f7e46d479f0b  
   #    score  bias  c-Evalue  i-Evalue hmmfrom  hmm to    alifrom  ali to    envfrom  env to     acc
 ---   ------ ----- --------- --------- ------- -------    ------- -------    ------- -------    ----
   1 !   52.9   1.2   2.2e-15   2.7e-15       9      60 ..       4      55 ..       1      71 [. 0.90

  Alignments for each domain:
  == domain 1  score: 52.9 bits;  conditional E-value: 2.2e-15
                      gvpj  9 iktstssstladiLervLDkGvviagDiavsiadveLltiklRllvasvdka 60
                              ++++t ss+la++++r+LDkG+v+ +  ++s+  +eL++i+ R+++asv++ 
  nat_c95ec1b2f7e46d479f0b  4 VQKTTDSSSLAEVVDRILDKGIVVDAWAKISLVGIELISIEARVVIASVETY 55
                              678999*******************************************973 PP

>> nat_6fee2e0959e28f7ad2d6  
   #    score  bias  c-Evalue  i-Evalue hmmfrom  hmm to    alifrom  ali to    envfrom  env to     acc
 ---   ------ ----- --------- --------- ------- -------    ------- -------    ------- -------    ----
   1 !   52.7   2.1   2.6e-15   3.1e-15       8      59 ..       2      53 ..       1      70 [. 0.94

  Alignments for each domain:
  == domain 1  score: 52.7 bits;  conditional E-value: 2.6e-15
                      gvpj  8 aiktstssstladiLervLDkGvviagDiavsiadveLltiklRllvasvdk 59
                              ai++st ss+la++++r+LDkG+vi +   vs+  +eL+t++ R+++asvd+
  nat_6fee2e0959e28f7ad2d6  2 AIQKSTDSSSLAEVVDRILDKGIVIDAFARVSVVGIELITVEARVVIASVDT 53
                              7899***********************************************7 PP

>> nat_00eda75e8d86c0000a3e  
   #    score  bias  c-Evalue  i-Evalue hmmfrom  hmm to    alifrom  ali to    envfrom  env to     acc
 ---   ------ ----- --------- --------- ------- -------    ------- -------    ------- -------    ----
   1 !   52.9   0.7   2.2e-15   2.7e-15       8      59 ..       2      53 ..       1      82 [. 0.92

  Alignments for each domain:
  == domain 1  score: 52.9 bits;  conditional E-value: 2.2e-15
                      gvpj  8 aiktstssstladiLervLDkGvviagDiavsiadveLltiklRllvasvdk 59
                              a++++  ss+la++++r+LDkG+vi +   vs+  +e+lt++ R+++asvd+
  nat_00eda75e8d86c0000a3e  2 AVQKTADSSSLAEVIDRILDKGIVIDAFARVSVVGIEILTVEARVVIASVDT 53
                              788999*********************************************8 PP

>> nat_5a279e932ed0a8a3b9fa  
   #    score  bias  c-Evalue  i-Evalue hmmfrom  hmm to    alifrom  ali to    envfrom  env to     acc
 ---   ------ ----- --------- --------- ------- -------    ------- -------    ------- -------    ----
   1 !   52.8   0.2   2.5e-15     3e-15       8      60 ..      14      66 ..       1      69 [. 0.86

  Alignments for each domain:
  == domain 1  score: 52.8 bits;  conditional E-value: 2.5e-15
                      gvpj  8 aiktstssstladiLervLDkGvviagDiavsiadveLltiklRllvasvdka 60
                              +++    +  l+d+L+rvL  Gvviag+i++siadv+L+ + lR+lvasv  a
  nat_5a279e932ed0a8a3b9fa 14 PPALRGRQVALVDLLDRVLAGGVVIAGEITLSIADVDLVRVSLRALVASVRAA 66
                              4555678899****************************************887 PP

>> nat_c306fc2a612dcf796388  
   #    score  bias  c-Evalue  i-Evalue hmmfrom  hmm to    alifrom  ali to    envfrom  env to     acc
 ---   ------ ----- --------- --------- ------- -------    ------- -------    ------- -------    ----
   1 !   52.9   1.2   2.3e-15   2.8e-15       9      59 ..       3      53 ..       1      78 [. 0.93

  Alignments for each domain:
  == domain 1  score: 52.9 bits;  conditional E-value: 2.3e-15
                      gvpj  9 iktstssstladiLervLDkGvviagDiavsiadveLltiklRllvasvdk 59
                              i++s+ ss+la++++r+LDkG+vi +   vs+  +e+lti+ R+++asvd+
  nat_c306fc2a612dcf796388  3 IQKSNDSSSLAEVIDRILDKGIVIDAFARVSLVGIEILTIEARVVIASVDT 53
                              788999********************************************7 PP

>> nat_ddd28b4f0183c6c3a6e1  
   #    score  bias  c-Evalue  i-Evalue hmmfrom  hmm to    alifrom  ali to    envfrom  env to     acc
 ---   ------ ----- --------- --------- ------- -------    ------- -------    ------- -------    ----
   1 !   52.9   1.2   2.3e-15   2.8e-15       9      59 ..       3      53 ..       1      78 [. 0.93

  Alignments for each domain:
  == domain 1  score: 52.9 bits;  conditional E-value: 2.3e-15
                      gvpj  9 iktstssstladiLervLDkGvviagDiavsiadveLltiklRllvasvdk 59
                              i++s+ ss+la++++r+LDkG+vi +   vs+  +e+lti+ R+++asvd+
  nat_ddd28b4f0183c6c3a6e1  3 IQKSNDSSSLAEVIDRILDKGIVIDAFARVSLVGIEILTIEARVVIASVDT 53
                              788999********************************************7 PP

>> nat_f977e0ce7c4a878af278  
   #    score  bias  c-Evalue  i-Evalue hmmfrom  hmm to    alifrom  ali to    envfrom  env to     acc
 ---   ------ ----- --------- --------- ------- -------    ------- -------    ------- -------    ----
   1 !   52.8   1.5   2.4e-15   2.9e-15       9      59 ..       3      53 ..       1      79 [. 0.83

  Alignments for each domain:
  == domain 1  score: 52.8 bits;  conditional E-value: 2.4e-15
                      gvpj  9 iktstssstladiLervLDkGvviagDiavsiadveLltiklRllvasvdk 59
                              +++st ss+la++++r+LDkG+vi +   vs++ +e+lt++ R+++asvd+
  nat_f977e0ce7c4a878af278  3 VQKSTDSSSLAEVIDRILDKGIVIDAFARVSLLGIEILTVEARVVIASVDT 53
                              78999*********************************************8 PP

>> nat_c96b24fc03ee6b66c3d6  
   #    score  bias  c-Evalue  i-Evalue hmmfrom  hmm to    alifrom  ali to    envfrom  env to     acc
 ---   ------ ----- --------- --------- ------- -------    ------- -------    ------- -------    ----
   1 !   52.8   2.2   2.5e-15     3e-15       8      60 ..       2      54 ..       1      64 [. 0.91

  Alignments for each domain:
  == domain 1  score: 52.8 bits;  conditional E-value: 2.5e-15
                      gvpj  8 aiktstssstladiLervLDkGvviagDiavsiadveLltiklRllvasvdka 60
                              a++++  ss+l+++++r+LDkGvv+ + + vs+  +eLl+i+ R++vasv++ 
  nat_c96b24fc03ee6b66c3d6  2 AVEKTIGSSSLVEVIDRILDKGVVVDAWVRVSLVGIELLAIEARVVVASVETY 54
                              7889999*******************************************974 PP

>> nat_c8ff85651c16b5c02641  
   #    score  bias  c-Evalue  i-Evalue hmmfrom  hmm to    alifrom  ali to    envfrom  env to     acc
 ---   ------ ----- --------- --------- ------- -------    ------- -------    ------- -------    ----
   1 !   52.8   2.3   2.5e-15   3.1e-15       8      60 ..       2      54 ..       1      64 [. 0.91

  Alignments for each domain:
  == domain 1  score: 52.8 bits;  conditional E-value: 2.5e-15
                      gvpj  8 aiktstssstladiLervLDkGvviagDiavsiadveLltiklRllvasvdka 60
                              a++++  ss+l+++++r+LDkGvv+ + + vs+  +eLl+i+ R++vasv++ 
  nat_c8ff85651c16b5c02641  2 AVEKTIGSSSLVEVIDRILDKGVVVDAWVRVSLVGIELLAIEARIVVASVETY 54
                              7889999*******************************************974 PP

>> nat_9ba949b2aab9e2be6898  
   #    score  bias  c-Evalue  i-Evalue hmmfrom  hmm to    alifrom  ali to    envfrom  env to     acc
 ---   ------ ----- --------- --------- ------- -------    ------- -------    ------- -------    ----
   1 !   52.5   2.5     3e-15   3.7e-15      12      60 ..       7      55 ..       2      92 .. 0.91

  Alignments for each domain:
  == domain 1  score: 52.5 bits;  conditional E-value: 3e-15
                      gvpj 12 stssstladiLervLDkGvviagDiavsiadveLltiklRllvasvdka 60
                                 ss+la++L+r+LDkGvvi     vs+  +eLlti+ R++vasvd+ 
  nat_9ba949b2aab9e2be6898  7 RPDSSSLAEVLDRILDKGVVIDVWARVSVVGIELLTIEARVVVASVDTF 55
                              55799******************************************85 PP

>> nat_d4ba65189ba86a477cc5  
   #    score  bias  c-Evalue  i-Evalue hmmfrom  hmm to    alifrom  ali to    envfrom  env to     acc
 ---   ------ ----- --------- --------- ------- -------    ------- -------    ------- -------    ----
   1 !   52.6   2.6   2.8e-15   3.4e-15      12      60 ..       5      53 ..       1      78 [. 0.91

  Alignments for each domain:
  == domain 1  score: 52.6 bits;  conditional E-value: 2.8e-15
                      gvpj 12 stssstladiLervLDkGvviagDiavsiadveLltiklRllvasvdka 60
                              +  ss+la++L+rvLDkGvvi     +s+  +eLlti+ R++vasvd+ 
  nat_d4ba65189ba86a477cc5  5 TPDSSSLAEVLDRVLDKGVVIDVWARISVVGIELLTIEARVVVASVDTF 53
                              56799******************************************85 PP

>> nat_a36a3359d46f89a3e9c6  
   #    score  bias  c-Evalue  i-Evalue hmmfrom  hmm to    alifrom  ali to    envfrom  env to     acc
 ---   ------ ----- --------- --------- ------- -------    ------- -------    ------- -------    ----
   1 !   52.6   2.9   2.8e-15   3.4e-15      12      60 ..       5      53 ..       1      90 [. 0.91

  Alignments for each domain:
  == domain 1  score: 52.6 bits;  conditional E-value: 2.8e-15
                      gvpj 12 stssstladiLervLDkGvviagDiavsiadveLltiklRllvasvdka 60
                              +  ss+la++L+rvLDkGvvi     +s+  +eLlti+ R++vasvd+ 
  nat_a36a3359d46f89a3e9c6  5 TPDSSSLAEVLDRVLDKGVVIDVWARISVVGIELLTIEARVVVASVDTF 53
                              56799******************************************85 PP

>> nat_a9c10692b45d32f772b4  
   #    score  bias  c-Evalue  i-Evalue hmmfrom  hmm to    alifrom  ali to    envfrom  env to     acc
 ---   ------ ----- --------- --------- ------- -------    ------- -------    ------- -------    ----
   1 !   52.3   2.7   3.5e-15   4.3e-15      13      60 ..       8      55 ..       2      83 .. 0.90

  Alignments for each domain:
  == domain 1  score: 52.3 bits;  conditional E-value: 3.5e-15
                      gvpj 13 tssstladiLervLDkGvviagDiavsiadveLltiklRllvasvdka 60
                                ss+la++L+rvLDkGvvi     +s+  +eLlti+ R++vasvd+ 
  nat_a9c10692b45d32f772b4  8 PDSSSLAEVLDRVLDKGVVIDVWARISVVGIELLTIEARVVVASVDTF 55
                              5799******************************************85 PP

>> nat_9ca97034ea4d97950343  
   #    score  bias  c-Evalue  i-Evalue hmmfrom  hmm to    alifrom  ali to    envfrom  env to     acc
 ---   ------ ----- --------- --------- ------- -------    ------- -------    ------- -------    ----
   1 !   52.3   2.7   3.4e-15   4.2e-15      13      60 ..       8      55 ..       2      83 .. 0.90

  Alignments for each domain:
  == domain 1  score: 52.3 bits;  conditional E-value: 3.4e-15
                      gvpj 13 tssstladiLervLDkGvviagDiavsiadveLltiklRllvasvdka 60
                                ss+la++L+rvLDkGvvi     +s+  +eLlti+ R++vasvd+ 
  nat_9ca97034ea4d97950343  8 PDSSSLAEVLDRVLDKGVVIDVWARISVVGIELLTIEARVVVASVDTF 55
                              5799******************************************85 PP

>> nat_f063d1210a55bcc917a5  
   #    score  bias  c-Evalue  i-Evalue hmmfrom  hmm to    alifrom  ali to    envfrom  env to     acc
 ---   ------ ----- --------- --------- ------- -------    ------- -------    ------- -------    ----
   1 !   52.8   1.0   2.4e-15     3e-15       8      60 ..       3      55 ..       1      71 [. 0.90

  Alignments for each domain:
  == domain 1  score: 52.8 bits;  conditional E-value: 2.4e-15
                      gvpj  8 aiktstssstladiLervLDkGvviagDiavsiadveLltiklRllvasvdka 60
                              +++++t ss+la++++r+LDkGvvi    +vs+  +eLl+++ R+++asv++ 
  nat_f063d1210a55bcc917a5  3 SVQKTTDSSSLAEVVDRILDKGVVIDVWAKVSLVGIELLSVEARVVIASVETY 55
                              578999********************************************973 PP

>> nat_c0d8f1302fa41452efbc  
   #    score  bias  c-Evalue  i-Evalue hmmfrom  hmm to    alifrom  ali to    envfrom  env to     acc
 ---   ------ ----- --------- --------- ------- -------    ------- -------    ------- -------    ----
   1 !   52.3   2.8   3.6e-15   4.4e-15      13      60 ..       8      55 ..       2      83 .. 0.90

  Alignments for each domain:
  == domain 1  score: 52.3 bits;  conditional E-value: 3.6e-15
                      gvpj 13 tssstladiLervLDkGvviagDiavsiadveLltiklRllvasvdka 60
                                ss+la++L+rvLDkGvvi     +s+  +eLlti+ R++vasvd+ 
  nat_c0d8f1302fa41452efbc  8 PDSSSLAEVLDRVLDKGVVIDVWARISVVGIELLTIEARVVVASVDTF 55
                              5799******************************************85 PP

>> nat_3e6bf91c590be6684eed  
   #    score  bias  c-Evalue  i-Evalue hmmfrom  hmm to    alifrom  ali to    envfrom  env to     acc
 ---   ------ ----- --------- --------- ------- -------    ------- -------    ------- -------    ----
   1 !   52.3   2.7   3.4e-15   4.2e-15      13      60 ..       8      55 ..       2      83 .. 0.91

  Alignments for each domain:
  == domain 1  score: 52.3 bits;  conditional E-value: 3.4e-15
                      gvpj 13 tssstladiLervLDkGvviagDiavsiadveLltiklRllvasvdka 60
                                ss+la++L+rvLDkGvvi     +s+  +eLlti+ R++vasvd+ 
  nat_3e6bf91c590be6684eed  8 PDSSSLAEVLDRVLDKGVVIDVWARISVVGIELLTIEARVVVASVDTF 55
                              5799******************************************85 PP

>> nat_e63cda87ab2705e419ab  
   #    score  bias  c-Evalue  i-Evalue hmmfrom  hmm to    alifrom  ali to    envfrom  env to     acc
 ---   ------ ----- --------- --------- ------- -------    ------- -------    ------- -------    ----
   1 !   52.7   1.3   2.7e-15   3.3e-15       8      59 ..       2      53 ..       1      73 [. 0.93

  Alignments for each domain:
  == domain 1  score: 52.7 bits;  conditional E-value: 2.7e-15
                      gvpj  8 aiktstssstladiLervLDkGvviagDiavsiadveLltiklRllvasvdk 59
                              +i+++t ss+la++++r+LDkG+vi +   vs+  +e+lt++ R+++asvd+
  nat_e63cda87ab2705e419ab  2 SIEKTTDSSSLAEVIDRILDKGIVIDAYARVSLVGIEILTVEARVVIASVDT 53
                              57899**********************************************7 PP

>> nat_1f956fdbc151f2ec0ffb  
   #    score  bias  c-Evalue  i-Evalue hmmfrom  hmm to    alifrom  ali to    envfrom  env to     acc
 ---   ------ ----- --------- --------- ------- -------    ------- -------    ------- -------    ----
   1 !   52.4   2.5   3.3e-15   4.1e-15      13      60 ..       8      55 ..       2      85 .. 0.91

  Alignments for each domain:
  == domain 1  score: 52.4 bits;  conditional E-value: 3.3e-15
                      gvpj 13 tssstladiLervLDkGvviagDiavsiadveLltiklRllvasvdka 60
                                ss+la++L+r+LDkGvvi     vs+  +eLlti+ R++vasvd+ 
  nat_1f956fdbc151f2ec0ffb  8 PDSSSLAEVLDRILDKGVVIDVWARVSVVGIELLTIEARVVVASVDTF 55
                              5799******************************************85 PP

>> nat_00058845722df3ede422  
   #    score  bias  c-Evalue  i-Evalue hmmfrom  hmm to    alifrom  ali to    envfrom  env to     acc
 ---   ------ ----- --------- --------- ------- -------    ------- -------    ------- -------    ----
   1 !   52.4   2.7   3.2e-15   3.9e-15      10      60 ..       4      54 ..       1      92 [. 0.89

  Alignments for each domain:
  == domain 1  score: 52.4 bits;  conditional E-value: 3.2e-15
                      gvpj 10 ktstssstladiLervLDkGvviagDiavsiadveLltiklRllvasvdka 60
                              ++  + s+la++L+rvLDkGvvi     vs+  +eLlti+ R++vasvd+ 
  nat_00058845722df3ede422  4 QQRPNASSLAEVLDRVLDKGVVIDVWARVSVVGIELLTIEARVVVASVDTF 54
                              5556789******************************************85 PP

>> nat_d80e058d93177215aa4b  
   #    score  bias  c-Evalue  i-Evalue hmmfrom  hmm to    alifrom  ali to    envfrom  env to     acc
 ---   ------ ----- --------- --------- ------- -------    ------- -------    ------- -------    ----
   1 !   52.4   2.6   3.2e-15   3.9e-15      13      60 ..       8      55 ..       2      89 .. 0.91

  Alignments for each domain:
  == domain 1  score: 52.4 bits;  conditional E-value: 3.2e-15
                      gvpj 13 tssstladiLervLDkGvviagDiavsiadveLltiklRllvasvdka 60
                                ss+la++L+rvLDkGvvi     +s+  +eLlti+ R++vasvd+ 
  nat_d80e058d93177215aa4b  8 PDSSSLAEVLDRVLDKGVVIDVWARISVVGIELLTIEARVVVASVDTF 55
                              5799******************************************85 PP

>> nat_168a7720be25950ce7a5  
   #    score  bias  c-Evalue  i-Evalue hmmfrom  hmm to    alifrom  ali to    envfrom  env to     acc
 ---   ------ ----- --------- --------- ------- -------    ------- -------    ------- -------    ----
   1 !   52.3   2.6   3.5e-15   4.3e-15      13      60 ..       8      55 ..       2      78 .. 0.91

  Alignments for each domain:
  == domain 1  score: 52.3 bits;  conditional E-value: 3.5e-15
                      gvpj 13 tssstladiLervLDkGvviagDiavsiadveLltiklRllvasvdka 60
                                ss+la++L+rvLDkGvvi     +s+  +eLlti+ R++vasvd+ 
  nat_168a7720be25950ce7a5  8 PDSSSLAEVLDRVLDKGVVIDVWARISVVGIELLTIEARVVVASVDTF 55
                              5799******************************************85 PP

>> nat_c9bd062078459f510060  
   #    score  bias  c-Evalue  i-Evalue hmmfrom  hmm to    alifrom  ali to    envfrom  env to     acc
 ---   ------ ----- --------- --------- ------- -------    ------- -------    ------- -------    ----
   1 !   52.6   0.6   2.8e-15   3.4e-15       9      59 ..       3      53 ..       1      75 [. 0.92

  Alignments for each domain:
  == domain 1  score: 52.6 bits;  conditional E-value: 2.8e-15
                      gvpj  9 iktstssstladiLervLDkGvviagDiavsiadveLltiklRllvasvdk 59
                              +++st ss+la++++r+LDkG+vi +   vs++ +e+lt++ R+++asvd+
  nat_c9bd062078459f510060  3 VQKSTDSSSLAEVIDRILDKGIVIDAFARVSLLGIEILTVEARVVIASVDT 53
                              78999*********************************************7 PP

>> nat_f6ebacfa83a4d005159e  
   #    score  bias  c-Evalue  i-Evalue hmmfrom  hmm to    alifrom  ali to    envfrom  env to     acc
 ---   ------ ----- --------- --------- ------- -------    ------- -------    ------- -------    ----
   1 !   52.6   1.9   2.8e-15   3.4e-15       8      59 ..       2      53 ..       1      68 [. 0.92

  Alignments for each domain:
  == domain 1  score: 52.6 bits;  conditional E-value: 2.8e-15
                      gvpj  8 aiktstssstladiLervLDkGvviagDiavsiadveLltiklRllvasvdk 59
                              a+++ +sss+la++++r+LDkGvvi   + vs+  +eLl+i+ R+++asv++
  nat_f6ebacfa83a4d005159e  2 AVEKVNSSSSLAEVIDRILDKGVVIDLWVRVSLVGIELLAIEARIVIASVET 53
                              678899********************************************97 PP

>> nat_8189ed3c9ac18707f549  
   #    score  bias  c-Evalue  i-Evalue hmmfrom  hmm to    alifrom  ali to    envfrom  env to     acc
 ---   ------ ----- --------- --------- ------- -------    ------- -------    ------- -------    ----
   1 !   52.3   2.7   3.6e-15   4.4e-15      13      60 ..       8      55 ..       2      83 .. 0.91

  Alignments for each domain:
  == domain 1  score: 52.3 bits;  conditional E-value: 3.6e-15
                      gvpj 13 tssstladiLervLDkGvviagDiavsiadveLltiklRllvasvdka 60
                                ss+la++L+rvLDkGvvi     +s+  +eLlti+ R++vasvd+ 
  nat_8189ed3c9ac18707f549  8 PDSSSLAEVLDRVLDKGVVIDVWARISVVGIELLTIEARVVVASVDTF 55
                              5799******************************************85 PP

>> nat_6f227f789b114508ea99  
   #    score  bias  c-Evalue  i-Evalue hmmfrom  hmm to    alifrom  ali to    envfrom  env to     acc
 ---   ------ ----- --------- --------- ------- -------    ------- -------    ------- -------    ----
   1 !   52.6   1.8   2.8e-15   3.4e-15       8      59 ..       2      53 ..       1      69 [. 0.92

  Alignments for each domain:
  == domain 1  score: 52.6 bits;  conditional E-value: 2.8e-15
                      gvpj  8 aiktstssstladiLervLDkGvviagDiavsiadveLltiklRllvasvdk 59
                              a+++ +sss+l ++++r+LDkG+vi + + vs+  +eLl+i+ R+++asv++
  nat_6f227f789b114508ea99  2 AVEKVNSSSSLGEVIDRILDKGIVIDAWVRVSLVGIELLAIEARVVIASVET 53
                              678899********************************************97 PP

>> nat_0101bc590c89813c161a  
   #    score  bias  c-Evalue  i-Evalue hmmfrom  hmm to    alifrom  ali to    envfrom  env to     acc
 ---   ------ ----- --------- --------- ------- -------    ------- -------    ------- -------    ----
   1 !   52.1   2.7   3.9e-15   4.7e-15      13      60 ..       8      55 ..       2      83 .. 0.90

  Alignments for each domain:
  == domain 1  score: 52.1 bits;  conditional E-value: 3.9e-15
                      gvpj 13 tssstladiLervLDkGvviagDiavsiadveLltiklRllvasvdka 60
                                ss+la++L+r+LDkGvvi     vs+  +eLlti+ R++vasvd+ 
  nat_0101bc590c89813c161a  8 PDSSSLAEVLDRILDKGVVIDVWARVSVVGIELLTIEARVVVASVDTF 55
                              5799******************************************85 PP

>> nat_ab1b4f2c562433c40902  
   #    score  bias  c-Evalue  i-Evalue hmmfrom  hmm to    alifrom  ali to    envfrom  env to     acc
 ---   ------ ----- --------- --------- ------- -------    ------- -------    ------- -------    ----
   1 !   52.6   1.5   2.7e-15   3.4e-15       9      59 ..       3      53 ..       1      77 [. 0.93

  Alignments for each domain:
  == domain 1  score: 52.6 bits;  conditional E-value: 2.7e-15
                      gvpj  9 iktstssstladiLervLDkGvviagDiavsiadveLltiklRllvasvdk 59
                              i++s+ ss+la++++r+LDkG+vi +   vs+  +e+lti+ R+++asvd+
  nat_ab1b4f2c562433c40902  3 IQKSNDSSSLAEVIDRILDKGIVIDAFARVSLVGIEILTIEARVVIASVDT 53
                              788999********************************************7 PP

>> nat_92d7d81f95603487cd9c  
   #    score  bias  c-Evalue  i-Evalue hmmfrom  hmm to    alifrom  ali to    envfrom  env to     acc
 ---   ------ ----- --------- --------- ------- -------    ------- -------    ------- -------    ----
   1 !   52.0   3.0   4.2e-15   5.1e-15      13      60 ..       8      55 ..       2      84 .. 0.89

  Alignments for each domain:
  == domain 1  score: 52.0 bits;  conditional E-value: 4.2e-15
                      gvpj 13 tssstladiLervLDkGvviagDiavsiadveLltiklRllvasvdka 60
                                ss+la++L+rvLDkGvvi     +s+  +eLlti+ R++vasvd+ 
  nat_92d7d81f95603487cd9c  8 PDSSSLAEVLDRVLDKGVVIDVWARISVVGIELLTIEARVVVASVDTF 55
                              5799******************************************85 PP

>> nat_9d924853eeaeacd8d676  
   #    score  bias  c-Evalue  i-Evalue hmmfrom  hmm to    alifrom  ali to    envfrom  env to     acc
 ---   ------ ----- --------- --------- ------- -------    ------- -------    ------- -------    ----
   1 !   52.5   2.3     3e-15   3.7e-15       8      59 ..       2      53 ..       1      70 [. 0.94

  Alignments for each domain:
  == domain 1  score: 52.5 bits;  conditional E-value: 3e-15
                      gvpj  8 aiktstssstladiLervLDkGvviagDiavsiadveLltiklRllvasvdk 59
                              ai++st+ss+la++++r+LDkGvvi     vs+  +eL+t++ R+++asvd+
  nat_9d924853eeaeacd8d676  2 AIEKSTNSSDLAEVIDRILDKGVVIDVFARVSVVGIELITVEARVVIASVDT 53
                              7999***********************************************7 PP

>> nat_6e2299007a2edd2a61ea  
   #    score  bias  c-Evalue  i-Evalue hmmfrom  hmm to    alifrom  ali to    envfrom  env to     acc
 ---   ------ ----- --------- --------- ------- -------    ------- -------    ------- -------    ----
   1 !   52.6   4.1   2.9e-15   3.5e-15       8      59 ..       2      53 ..       1      88 [. 0.91

  Alignments for each domain:
  == domain 1  score: 52.6 bits;  conditional E-value: 2.9e-15
                      gvpj  8 aiktstssstladiLervLDkGvviagDiavsiadveLltiklRllvasvdk 59
                              ai+++t ss+la++++r+LDkG+vi +   vs+  +e+lti+ R+++asvd+
  nat_6e2299007a2edd2a61ea  2 AIQKTTDSSSLAEVIDRILDKGIVIDAFARVSVVGIEILTIEARVVIASVDT 53
                              7899***********************************************8 PP

>> nat_8f3e753527c876cd94f0  
   #    score  bias  c-Evalue  i-Evalue hmmfrom  hmm to    alifrom  ali to    envfrom  env to     acc
 ---   ------ ----- --------- --------- ------- -------    ------- -------    ------- -------    ----
   1 !   52.0   2.8   4.2e-15   5.1e-15      13      60 ..       8      55 ..       2      83 .. 0.90

  Alignments for each domain:
  == domain 1  score: 52.0 bits;  conditional E-value: 4.2e-15
                      gvpj 13 tssstladiLervLDkGvviagDiavsiadveLltiklRllvasvdka 60
                                ss+la++L+r+LDkGvvi     vs+  +eLlti+ R++vasvd+ 
  nat_8f3e753527c876cd94f0  8 PDSSSLAEVLDRILDKGVVIDVWARVSVVGIELLTIEARVVVASVDTF 55
                              5799******************************************85 PP

>> nat_1f7ab0dfc808b4ef03c3  
   #    score  bias  c-Evalue  i-Evalue hmmfrom  hmm to    alifrom  ali to    envfrom  env to     acc
 ---   ------ ----- --------- --------- ------- -------    ------- -------    ------- -------    ----
   1 !   52.2   3.0   3.8e-15   4.6e-15      13      60 ..       8      55 ..       2      90 .. 0.89

  Alignments for each domain:
  == domain 1  score: 52.2 bits;  conditional E-value: 3.8e-15
                      gvpj 13 tssstladiLervLDkGvviagDiavsiadveLltiklRllvasvdka 60
                                ss+la++L+rvLDkGvvi     +s+  +eLlti+ R++vasvd+ 
  nat_1f7ab0dfc808b4ef03c3  8 PDSSSLAEVLDRVLDKGVVIDVWARISVVGIELLTIEARVVVASVDTF 55
                              5799******************************************85 PP

>> nat_7c8675813e4623763282  
   #    score  bias  c-Evalue  i-Evalue hmmfrom  hmm to    alifrom  ali to    envfrom  env to     acc
 ---   ------ ----- --------- --------- ------- -------    ------- -------    ------- -------    ----
   1 !   52.6   2.0   2.9e-15   3.6e-15       8      59 ..       2      53 ..       1      68 [. 0.92

  Alignments for each domain:
  == domain 1  score: 52.6 bits;  conditional E-value: 2.9e-15
                      gvpj  8 aiktstssstladiLervLDkGvviagDiavsiadveLltiklRllvasvdk 59
                              a+++ +sss+la++++r+LDkGvvi   + vs+  +eLl+i+ R+++asv++
  nat_7c8675813e4623763282  2 AVEKVNSSSSLAEVIDRILDKGVVIDLWVRVSLVGIELLAIEARIVIASVET 53
                              678899********************************************97 PP

>> nat_05d62502987d9405b8af  
   #    score  bias  c-Evalue  i-Evalue hmmfrom  hmm to    alifrom  ali to    envfrom  env to     acc
 ---   ------ ----- --------- --------- ------- -------    ------- -------    ------- -------    ----
   1 !   52.2   2.9   3.7e-15   4.5e-15      12      60 ..       7      55 ..       2      91 .. 0.90

  Alignments for each domain:
  == domain 1  score: 52.2 bits;  conditional E-value: 3.7e-15
                      gvpj 12 stssstladiLervLDkGvviagDiavsiadveLltiklRllvasvdka 60
                                 ss+la++L+r+LDkGvvi     vs+  +eLlti+ R++vasvd+ 
  nat_05d62502987d9405b8af  7 RPDSSSLAEVLDRILDKGVVIDVWARVSVVGIELLTIEARVVVASVDTF 55
                              55799******************************************85 PP

>> nat_87d470267a8c16ab7df9  
   #    score  bias  c-Evalue  i-Evalue hmmfrom  hmm to    alifrom  ali to    envfrom  env to     acc
 ---   ------ ----- --------- --------- ------- -------    ------- -------    ------- -------    ----
   1 !   52.3   3.1   3.4e-15   4.1e-15      12      60 ..       5      53 ..       1      86 [. 0.91

  Alignments for each domain:
  == domain 1  score: 52.3 bits;  conditional E-value: 3.4e-15
                      gvpj 12 stssstladiLervLDkGvviagDiavsiadveLltiklRllvasvdka 60
                              +  ss+la++L+rvLDkGvvi     +s+  +eLlti+ R++vasvd+ 
  nat_87d470267a8c16ab7df9  5 TPDSSSLAEVLDRVLDKGVVIDVWARISVVGIELLTIEARVVVASVDTF 53
                              56799******************************************85 PP

>> nat_9c6b2526a0bb2c4a36c1  
   #    score  bias  c-Evalue  i-Evalue hmmfrom  hmm to    alifrom  ali to    envfrom  env to     acc
 ---   ------ ----- --------- --------- ------- -------    ------- -------    ------- -------    ----
   1 !   52.4   0.9   3.3e-15     4e-15       7      65 ..       3      65 ..       1      91 [. 0.77

  Alignments for each domain:
  == domain 1  score: 52.4 bits;  conditional E-value: 3.3e-15
                      gvpj  7 saiktstssstladiLervLDkGvviagDiavsiadveLltiklRllvasvdk....akeiGl 65
                               aik+st ss+la++++r+LDkGvv+     vs+  +eL+t++ R+++asvd+    a  +Gl
  nat_9c6b2526a0bb2c4a36c1  3 TAIKKSTDSSSLAEVVDRILDKGVVVDLYARVSLVGIELITVEARVVIASVDTwlryADAVGL 65
                              689*************************************************83333444454 PP

>> nat_bda4e304d446361a159c  
   #    score  bias  c-Evalue  i-Evalue hmmfrom  hmm to    alifrom  ali to    envfrom  env to     acc
 ---   ------ ----- --------- --------- ------- -------    ------- -------    ------- -------    ----
   1 !   52.1   3.1     4e-15     5e-15      13      60 ..       8      55 ..       2      91 .. 0.89

  Alignments for each domain:
  == domain 1  score: 52.1 bits;  conditional E-value: 4e-15
                      gvpj 13 tssstladiLervLDkGvviagDiavsiadveLltiklRllvasvdka 60
                                ss+la++L+rvLDkGvvi     +s+  +eLlti+ R++vasvd+ 
  nat_bda4e304d446361a159c  8 PDSSSLAEVLDRVLDKGVVIDVWARISVVGIELLTIEARVVVASVDTF 55
                              5799******************************************85 PP

>> nat_edb3955be5268406dd34  
   #    score  bias  c-Evalue  i-Evalue hmmfrom  hmm to    alifrom  ali to    envfrom  env to     acc
 ---   ------ ----- --------- --------- ------- -------    ------- -------    ------- -------    ----
   1 !   52.6   1.7   2.9e-15   3.5e-15       9      59 ..       3      53 ..       1      78 [. 0.93

  Alignments for each domain:
  == domain 1  score: 52.6 bits;  conditional E-value: 2.9e-15
                      gvpj  9 iktstssstladiLervLDkGvviagDiavsiadveLltiklRllvasvdk 59
                              +++st ss+la++++r+LDkG+vi + + vs+  +e++t++ R+++asvd+
  nat_edb3955be5268406dd34  3 VQKSTDSSSLAEVIDRILDKGIVIDAFVRVSLVGIEIITVEARVVIASVDT 53
                              78999*********************************************7 PP

>> nat_bf5abb4d953e0d6aaa1f  
   #    score  bias  c-Evalue  i-Evalue hmmfrom  hmm to    alifrom  ali to    envfrom  env to     acc
 ---   ------ ----- --------- --------- ------- -------    ------- -------    ------- -------    ----
   1 !   52.5   2.0     3e-15   3.7e-15      13      59 ..       8      54 ..       2      63 .. 0.91

  Alignments for each domain:
  == domain 1  score: 52.5 bits;  conditional E-value: 3e-15
                      gvpj 13 tssstladiLervLDkGvviagDiavsiadveLltiklRllvasvdk 59
                                ss+la++L+rvLDkGvvi     +s+  +eLlti+ R++vasvd+
  nat_bf5abb4d953e0d6aaa1f  8 PDSSSLAEVLDRVLDKGVVIDVWARISVVGIELLTIEARVVVASVDT 54
                              5799******************************************8 PP

>> nat_f82305b37f1af32ad1a0  
   #    score  bias  c-Evalue  i-Evalue hmmfrom  hmm to    alifrom  ali to    envfrom  env to     acc
 ---   ------ ----- --------- --------- ------- -------    ------- -------    ------- -------    ----
   1 !   52.5   1.6     3e-15   3.7e-15       8      59 ..       2      53 ..       1      68 [. 0.92

  Alignments for each domain:
  == domain 1  score: 52.5 bits;  conditional E-value: 3e-15
                      gvpj  8 aiktstssstladiLervLDkGvviagDiavsiadveLltiklRllvasvdk 59
                              a+++ +sss+l ++++r+LDkG+vi + + vs+  +eLl+i+ R+++asv++
  nat_f82305b37f1af32ad1a0  2 AVEKVNSSSSLGEVVDRILDKGIVIDAWVRVSLVGIELLAIEARVVIASVET 53
                              678899********************************************97 PP

>> nat_edcfcd19baadeee00eaf  
   #    score  bias  c-Evalue  i-Evalue hmmfrom  hmm to    alifrom  ali to    envfrom  env to     acc
 ---   ------ ----- --------- --------- ------- -------    ------- -------    ------- -------    ----
   1 !   52.2   2.8   3.7e-15   4.6e-15      12      60 ..       7      55 ..       2      93 .. 0.88

  Alignments for each domain:
  == domain 1  score: 52.2 bits;  conditional E-value: 3.7e-15
                      gvpj 12 stssstladiLervLDkGvviagDiavsiadveLltiklRllvasvdka 60
                                 ss+la++L+rvLDkGvvi     vs+  +eLlti+ R++vasvd+ 
  nat_edcfcd19baadeee00eaf  7 RPDSSSLAEVLDRVLDKGVVIDIWARVSVVGIELLTIEARVVVASVDTF 55
                              55799******************************************85 PP

>> nat_44be345e568ee6f5e906  
   #    score  bias  c-Evalue  i-Evalue hmmfrom  hmm to    alifrom  ali to    envfrom  env to     acc
 ---   ------ ----- --------- --------- ------- -------    ------- -------    ------- -------    ----
   1 !   52.5   1.6     3e-15   3.7e-15       8      59 ..       2      53 ..       1      68 [. 0.92

  Alignments for each domain:
  == domain 1  score: 52.5 bits;  conditional E-value: 3e-15
                      gvpj  8 aiktstssstladiLervLDkGvviagDiavsiadveLltiklRllvasvdk 59
                              a+++ +sss+la++++r+LDkG+v+ + + vs+  +eLl+++ R+++asv++
  nat_44be345e568ee6f5e906  2 AVEKVNSSSSLAEVVDRILDKGIVVDAWVRVSLVGIELLSVEARVVIASVET 53
                              678899********************************************97 PP

>> nat_4cea385a8794a0b112c3  
   #    score  bias  c-Evalue  i-Evalue hmmfrom  hmm to    alifrom  ali to    envfrom  env to     acc
 ---   ------ ----- --------- --------- ------- -------    ------- -------    ------- -------    ----
   1 !   52.2   3.4   3.8e-15   4.7e-15      12      60 ..       6      54 ..       1      92 [. 0.88

  Alignments for each domain:
  == domain 1  score: 52.2 bits;  conditional E-value: 3.8e-15
                      gvpj 12 stssstladiLervLDkGvviagDiavsiadveLltiklRllvasvdka 60
                                 ss+la++L+rvLDkGvvi     +s+  +eLlti+ R++vasvd+ 
  nat_4cea385a8794a0b112c3  6 RPDSSSLAEVLDRVLDKGVVIDVWARISVVGIELLTIEARVVVASVDTF 54
                              56799******************************************85 PP

>> nat_0dcb405a364eae4db9c2  
   #    score  bias  c-Evalue  i-Evalue hmmfrom  hmm to    alifrom  ali to    envfrom  env to     acc
 ---   ------ ----- --------- --------- ------- -------    ------- -------    ------- -------    ----
   1 !   52.5   1.7   3.1e-15   3.7e-15       8      60 ..       2      54 ..       1      68 [. 0.92

  Alignments for each domain:
  == domain 1  score: 52.5 bits;  conditional E-value: 3.1e-15
                      gvpj  8 aiktstssstladiLervLDkGvviagDiavsiadveLltiklRllvasvdka 60
                              a+++ +sss+la++++r+LDkG+vi +   vs+  +eLl+++ R+++asvd+ 
  nat_0dcb405a364eae4db9c2  2 AVEKVNSSSSLAEVVDRILDKGIVIDAWARVSLVGIELLAVEARIVIASVDTY 54
                              678899*********************************************84 PP

>> nat_d07d112598796fe30d76  
   #    score  bias  c-Evalue  i-Evalue hmmfrom  hmm to    alifrom  ali to    envfrom  env to     acc
 ---   ------ ----- --------- --------- ------- -------    ------- -------    ------- -------    ----
   1 !   52.4   1.9   3.3e-15   4.1e-15      11      60 ..       6      55 ..       1      88 [. 0.89

  Alignments for each domain:
  == domain 1  score: 52.4 bits;  conditional E-value: 3.3e-15
                      gvpj 11 tstssstladiLervLDkGvviagDiavsiadveLltiklRllvasvdka 60
                              +  +ss+la++L+rvLDkGvvi     vs+  +eLlt++ R++vasvd+ 
  nat_d07d112598796fe30d76  6 QRPNSSSLAEVLDRVLDKGVVIDVWARVSVVGIELLTVEARVVVASVDTF 55
                              556899******************************************85 PP

>> nat_e9136a895903c3d0b4ef  
   #    score  bias  c-Evalue  i-Evalue hmmfrom  hmm to    alifrom  ali to    envfrom  env to     acc
 ---   ------ ----- --------- --------- ------- -------    ------- -------    ------- -------    ----
   1 !   52.5   1.5     3e-15   3.6e-15       8      59 ..       3      54 ..       1      72 [. 0.90

  Alignments for each domain:
  == domain 1  score: 52.5 bits;  conditional E-value: 3e-15
                      gvpj  8 aiktstssstladiLervLDkGvviagDiavsiadveLltiklRllvasvdk 59
                              ++++s  ss+la+i++++LDkGvvi     vs+  +eLl+i+ R+++asvd+
  nat_e9136a895903c3d0b4ef  3 TVQKSVDSSSLAEIIDKILDKGVVIDVFARVSLVGIELLAIEARVVIASVDT 54
                              688999*********************************************8 PP

>> nat_215f48254c804f1f2876  
   #    score  bias  c-Evalue  i-Evalue hmmfrom  hmm to    alifrom  ali to    envfrom  env to     acc
 ---   ------ ----- --------- --------- ------- -------    ------- -------    ------- -------    ----
   1 !   52.1   2.9   4.1e-15     5e-15      13      60 ..       8      55 ..       2      83 .. 0.90

  Alignments for each domain:
  == domain 1  score: 52.1 bits;  conditional E-value: 4.1e-15
                      gvpj 13 tssstladiLervLDkGvviagDiavsiadveLltiklRllvasvdka 60
                                ss+la++L+rvLDkGvvi     +s+  +eLlti+ R++vasvd+ 
  nat_215f48254c804f1f2876  8 PDSSSLAEVLDRVLDKGVVIDVWARISVVGIELLTIEARVVVASVDTF 55
                              5799******************************************85 PP

>> nat_b62ae18b3dfeec027170  
   #    score  bias  c-Evalue  i-Evalue hmmfrom  hmm to    alifrom  ali to    envfrom  env to     acc
 ---   ------ ----- --------- --------- ------- -------    ------- -------    ------- -------    ----
   1 !   52.4   2.0   3.3e-15     4e-15       8      59 ..       2      53 ..       1      65 [. 0.92

  Alignments for each domain:
  == domain 1  score: 52.4 bits;  conditional E-value: 3.3e-15
                      gvpj  8 aiktstssstladiLervLDkGvviagDiavsiadveLltiklRllvasvdk 59
                              a+++ +sss+la++++r+LDkG+vi +   vs+  +eL++i+ R+++asv++
  nat_b62ae18b3dfeec027170  2 AVEKVNSSSSLAEVVDRILDKGIVIDAWARVSLVGIELISIEARIVIASVET 53
                              678899********************************************97 PP

>> nat_2db5ea05deb082340e79  
   #    score  bias  c-Evalue  i-Evalue hmmfrom  hmm to    alifrom  ali to    envfrom  env to     acc
 ---   ------ ----- --------- --------- ------- -------    ------- -------    ------- -------    ----
   1 !   52.4   2.1   3.2e-15   3.9e-15       9      59 ..       3      53 ..       1      81 [. 0.93

  Alignments for each domain:
  == domain 1  score: 52.4 bits;  conditional E-value: 3.2e-15
                      gvpj  9 iktstssstladiLervLDkGvviagDiavsiadveLltiklRllvasvdk 59
                              i++st ss+la++++r+LDkG+vi     +s+  +eL+ti+ R+++asvd+
  nat_2db5ea05deb082340e79  3 IQKSTDSSSLAEVIDRILDKGIVIDVYARISVVGIELITIEARVVIASVDT 53
                              68899*********************************************7 PP

>> nat_67dd37821af98e87666e  
   #    score  bias  c-Evalue  i-Evalue hmmfrom  hmm to    alifrom  ali to    envfrom  env to     acc
 ---   ------ ----- --------- --------- ------- -------    ------- -------    ------- -------    ----
   1 !   52.0   2.3   4.3e-15   5.3e-15       9      60 ..       5      56 ..       1      93 [. 0.87

  Alignments for each domain:
  == domain 1  score: 52.0 bits;  conditional E-value: 4.3e-15
                      gvpj  9 iktstssstladiLervLDkGvviagDiavsiadveLltiklRllvasvdka 60
                               ++   ss+la++L+r+LDkGvvi     vs+  +eLlt++ R++vasvd+ 
  nat_67dd37821af98e87666e  5 QRSRPDSSSLAEVLDRILDKGVVIDVWARVSVVGIELLTVEARVVVASVDTF 56
                              45566799******************************************85 PP

>> nat_4482775e0979509e45d2  
   #    score  bias  c-Evalue  i-Evalue hmmfrom  hmm to    alifrom  ali to    envfrom  env to     acc
 ---   ------ ----- --------- --------- ------- -------    ------- -------    ------- -------    ----
   1 !   52.0   3.0   4.2e-15   5.1e-15      13      60 ..       8      55 ..       2      92 .. 0.90

  Alignments for each domain:
  == domain 1  score: 52.0 bits;  conditional E-value: 4.2e-15
                      gvpj 13 tssstladiLervLDkGvviagDiavsiadveLltiklRllvasvdka 60
                                ss+la++L+r+LDkGvvi     vs+  +eLlti+ R++vasvd+ 
  nat_4482775e0979509e45d2  8 PDSSSLAEVLDRILDKGVVIDVWARVSVVGIELLTIEARVVVASVDTF 55
                              5799******************************************85 PP

>> nat_5bc7120641a4b206dec6  
   #    score  bias  c-Evalue  i-Evalue hmmfrom  hmm to    alifrom  ali to    envfrom  env to     acc
 ---   ------ ----- --------- --------- ------- -------    ------- -------    ------- -------    ----
   1 !   52.3   1.0   3.4e-15   4.2e-15       8      60 ..       2      54 ..       1      65 [. 0.92

  Alignments for each domain:
  == domain 1  score: 52.3 bits;  conditional E-value: 3.4e-15
                      gvpj  8 aiktstssstladiLervLDkGvviagDiavsiadveLltiklRllvasvdka 60
                              a+++++ ss+l+++++r+LDkGv i +   vs+  +eLl+i+ R++vasvd+ 
  nat_5bc7120641a4b206dec6  2 AVEKTNASSSLVEVIDRILDKGVCIDAWARVSLVGIELLAIEARVVVASVDTF 54
                              789999*********************************************84 PP

>> nat_375409e47c121ca81b85  
   #    score  bias  c-Evalue  i-Evalue hmmfrom  hmm to    alifrom  ali to    envfrom  env to     acc
 ---   ------ ----- --------- --------- ------- -------    ------- -------    ------- -------    ----
   1 !   52.4   0.9   3.2e-15   3.9e-15       9      59 ..       3      53 ..       1      82 [. 0.92

  Alignments for each domain:
  == domain 1  score: 52.4 bits;  conditional E-value: 3.2e-15
                      gvpj  9 iktstssstladiLervLDkGvviagDiavsiadveLltiklRllvasvdk 59
                              i+++t ss+la++++r+LDkG+vi +   vs+  +e+lt++ R+++asvd+
  nat_375409e47c121ca81b85  3 IQKTTDSSSLAEVIDRILDKGIVIDAFARVSLVGIEILTVEARVVIASVDT 53
                              78999*********************************************8 PP

>> nat_7d765791e125072d99a7  
   #    score  bias  c-Evalue  i-Evalue hmmfrom  hmm to    alifrom  ali to    envfrom  env to     acc
 ---   ------ ----- --------- --------- ------- -------    ------- -------    ------- -------    ----
   1 !   52.3   1.5   3.5e-15   4.3e-15       8      60 ..       2      54 ..       1      64 [. 0.92

  Alignments for each domain:
  == domain 1  score: 52.3 bits;  conditional E-value: 3.5e-15
                      gvpj  8 aiktstssstladiLervLDkGvviagDiavsiadveLltiklRllvasvdka 60
                              a+++++ ss+l+++++r+LDkG+vi +   vs+  +eLl+++ R++vasv++ 
  nat_7d765791e125072d99a7  2 AVEKTMGSSSLVEVVDRILDKGIVIDAWARVSLVGIELLAVEARVVVASVETY 54
                              78999*********************************************974 PP

>> nat_461115b7000bfd74f566  
   #    score  bias  c-Evalue  i-Evalue hmmfrom  hmm to    alifrom  ali to    envfrom  env to     acc
 ---   ------ ----- --------- --------- ------- -------    ------- -------    ------- -------    ----
   1 !   52.0   1.7   4.3e-15   5.3e-15      12      61 ..       7      56 ..       2      87 .. 0.84

  Alignments for each domain:
  == domain 1  score: 52.0 bits;  conditional E-value: 4.3e-15
                      gvpj 12 stssstladiLervLDkGvviagDiavsiadveLltiklRllvasvdkak 61
                                 ss+la++L+r+LDkGvvi     vs+  +eLlt++ R++vasvd+  
  nat_461115b7000bfd74f566  7 RPDSSSLAEVLDRILDKGVVIDVWARVSVVGIELLTVEARVVVASVDTFL 56
                              55799******************************************854 PP

>> nat_5fb53d83d56d48c68c10  
   #    score  bias  c-Evalue  i-Evalue hmmfrom  hmm to    alifrom  ali to    envfrom  env to     acc
 ---   ------ ----- --------- --------- ------- -------    ------- -------    ------- -------    ----
   1 !   52.4   1.2   3.3e-15     4e-15       8      60 ..       2      54 ..       1      70 [. 0.91

  Alignments for each domain:
  == domain 1  score: 52.4 bits;  conditional E-value: 3.3e-15
                      gvpj  8 aiktstssstladiLervLDkGvviagDiavsiadveLltiklRllvasvdka 60
                              a+++ + ss+la++++r+LDkG+vi + + vs+  +eLl+i+ R+++a vd+ 
  nat_5fb53d83d56d48c68c10  2 AVEKVNASSSLAEVVDRILDKGIVIDAWVRVSLVGIELLAIEARVVIAGVDTY 54
                              6788899********************************************84 PP

>> nat_499d1d5d62f7019687f3  
   #    score  bias  c-Evalue  i-Evalue hmmfrom  hmm to    alifrom  ali to    envfrom  env to     acc
 ---   ------ ----- --------- --------- ------- -------    ------- -------    ------- -------    ----
   1 !   52.3   1.2   3.5e-15   4.3e-15       9      59 ..       3      53 ..       1      71 [. 0.93

  Alignments for each domain:
  == domain 1  score: 52.3 bits;  conditional E-value: 3.5e-15
                      gvpj  9 iktstssstladiLervLDkGvviagDiavsiadveLltiklRllvasvdk 59
                              +++st ss+la++++r+LDkG+vi +   vs++ ve+lt++ R+++asvd+
  nat_499d1d5d62f7019687f3  3 VQKSTDSSSLAEVIDRILDKGIVIDAFARVSLLGVEILTVEARVVIASVDT 53
                              78999*********************************************7 PP

>> nat_d6e9dabc7155ae370ddb  
   #    score  bias  c-Evalue  i-Evalue hmmfrom  hmm to    alifrom  ali to    envfrom  env to     acc
 ---   ------ ----- --------- --------- ------- -------    ------- -------    ------- -------    ----
   1 !   51.7   4.0   5.4e-15   6.6e-15      11      60 ..       6      55 ..       2      94 .. 0.88

  Alignments for each domain:
  == domain 1  score: 51.7 bits;  conditional E-value: 5.4e-15
                      gvpj 11 tstssstladiLervLDkGvviagDiavsiadveLltiklRllvasvdka 60
                                 +ss+la++L+rvLDkGvvi     +s+  +eLlti+ R++vasvd+ 
  nat_d6e9dabc7155ae370ddb  6 RRPESSSLAEVLDRVLDKGVVIDVWARISVVGIELLTIEARVVVASVDTF 55
                              55679*******************************************85 PP

>> nat_c8490949e18e771ed8c8  
   #    score  bias  c-Evalue  i-Evalue hmmfrom  hmm to    alifrom  ali to    envfrom  env to     acc
 ---   ------ ----- --------- --------- ------- -------    ------- -------    ------- -------    ----
   1 !   51.8   2.8   4.9e-15     6e-15      13      60 ..       8      55 ..       2      83 .. 0.90

  Alignments for each domain:
  == domain 1  score: 51.8 bits;  conditional E-value: 4.9e-15
                      gvpj 13 tssstladiLervLDkGvviagDiavsiadveLltiklRllvasvdka 60
                                ss+la++L+r+LDkGvvi     +s+  +eLlti+ R++vasvd+ 
  nat_c8490949e18e771ed8c8  8 PDSSSLAEVLDRILDKGVVIDVWARISVVGIELLTIEARVVVASVDTF 55
                              5799******************************************85 PP

>> nat_ac3fec2dc9e749e499b3  
   #    score  bias  c-Evalue  i-Evalue hmmfrom  hmm to    alifrom  ali to    envfrom  env to     acc
 ---   ------ ----- --------- --------- ------- -------    ------- -------    ------- -------    ----
   1 !   52.2   1.1   3.6e-15   4.5e-15       8      59 ..       2      53 ..       1      66 [. 0.92

  Alignments for each domain:
  == domain 1  score: 52.2 bits;  conditional E-value: 3.6e-15
                      gvpj  8 aiktstssstladiLervLDkGvviagDiavsiadveLltiklRllvasvdk 59
                              a+++++sss+la++++r+LDkG+vi +   vs+  +eLl+i+  +++asv++
  nat_ac3fec2dc9e749e499b3  2 AVEKTNSSSSLAEVIDRILDKGIVIDAWARVSLVGIELLAIEAHVVIASVET 53
                              78999*********************************************97 PP

>> nat_ff9c5d10b21ed7b06913  
   #    score  bias  c-Evalue  i-Evalue hmmfrom  hmm to    alifrom  ali to    envfrom  env to     acc
 ---   ------ ----- --------- --------- ------- -------    ------- -------    ------- -------    ----
   1 !   51.9   5.0   4.6e-15   5.6e-15       8      60 ..       2      54 ..       1      91 [] 0.84

  Alignments for each domain:
  == domain 1  score: 51.9 bits;  conditional E-value: 4.6e-15
                      gvpj  8 aiktstssstladiLervLDkGvviagDiavsiadveLltiklRllvasvdka 60
                              ai++st ss la++++r+LDkG+vi +  +vs+  +eL+t++ R++vasvd+ 
  nat_ff9c5d10b21ed7b06913  2 AIQKSTDSSGLAEVIDRILDKGIVIDAYASVSVVGIELITVEARVVVASVDTW 54
                              7899***********************************************83 PP

>> nat_7e786e62d646d83c83d5  
   #    score  bias  c-Evalue  i-Evalue hmmfrom  hmm to    alifrom  ali to    envfrom  env to     acc
 ---   ------ ----- --------- --------- ------- -------    ------- -------    ------- -------    ----
   1 !   52.1   1.6   3.9e-15   4.8e-15       8      59 ..       3      54 ..       1      67 [. 0.94

  Alignments for each domain:
  == domain 1  score: 52.1 bits;  conditional E-value: 3.9e-15
                      gvpj  8 aiktstssstladiLervLDkGvviagDiavsiadveLltiklRllvasvdk 59
                              ai++st +s+la++++r+LDkGvvi     vs+  +eL+t++ R+++asvd+
  nat_7e786e62d646d83c83d5  3 AIQKSTDGSSLAEVIDRILDKGVVIDVYARVSLVGIELVTVEARVVIASVDT 54
                              8999***********************************************7 PP

>> nat_4d722634e257d2a7d133  
   #    score  bias  c-Evalue  i-Evalue hmmfrom  hmm to    alifrom  ali to    envfrom  env to     acc
 ---   ------ ----- --------- --------- ------- -------    ------- -------    ------- -------    ----
   1 !   52.0   2.2   4.3e-15   5.3e-15      10      60 ..       5      55 ..       1      79 [. 0.91

  Alignments for each domain:
  == domain 1  score: 52.0 bits;  conditional E-value: 4.3e-15
                      gvpj 10 ktstssstladiLervLDkGvviagDiavsiadveLltiklRllvasvdka 60
                              + + +ss+la++L+rvLDkGvvi     +s+  +eLlt++ R++vasvd+ 
  nat_4d722634e257d2a7d133  5 QRTPNSSSLAEVLDRVLDKGVVIDVWARISVVGIELLTVEARVVVASVDTF 55
                              566789*******************************************85 PP

>> nat_bf89f43284d2a11b9302  
   #    score  bias  c-Evalue  i-Evalue hmmfrom  hmm to    alifrom  ali to    envfrom  env to     acc
 ---   ------ ----- --------- --------- ------- -------    ------- -------    ------- -------    ----
   1 !   52.2   1.5   3.7e-15   4.6e-15       8      60 ..       3      55 ..       1      70 [. 0.91

  Alignments for each domain:
  == domain 1  score: 52.2 bits;  conditional E-value: 3.7e-15
                      gvpj  8 aiktstssstladiLervLDkGvviagDiavsiadveLltiklRllvasvdka 60
                              ++++st ss+la++++r+L+kG+vi +  +vs+  +eL++i+ R++vasv++ 
  nat_bf89f43284d2a11b9302  3 TVAKSTDSSSLAEVIDRILNKGIVIDAWAKVSLVGIELVAIEARIVVASVETY 55
                              68899*********************************************974 PP

>> nat_51d4aa4718d4ddd20574  
   #    score  bias  c-Evalue  i-Evalue hmmfrom  hmm to    alifrom  ali to    envfrom  env to     acc
 ---   ------ ----- --------- --------- ------- -------    ------- -------    ------- -------    ----
   1 !   52.0   1.6   4.3e-15   5.3e-15       8      59 ..       2      53 ..       1      63 [. 0.94

  Alignments for each domain:
  == domain 1  score: 52.0 bits;  conditional E-value: 4.3e-15
                      gvpj  8 aiktstssstladiLervLDkGvviagDiavsiadveLltiklRllvasvdk 59
                              a+++st ss+la++++r+LDkG+vi +   vs+  +e+lt++ R+++asvd+
  nat_51d4aa4718d4ddd20574  2 AVQKSTDSSSLAEVIDRILDKGIVIDAFARVSLVGIEILTVEARVVIASVDT 53
                              7899***********************************************7 PP

>> nat_64863b5b8a6b08db9fd7  
   #    score  bias  c-Evalue  i-Evalue hmmfrom  hmm to    alifrom  ali to    envfrom  env to     acc
 ---   ------ ----- --------- --------- ------- -------    ------- -------    ------- -------    ----
   1 !   51.7   3.3   5.2e-15   6.4e-15      12      60 ..       7      55 ..       2      92 .. 0.88

  Alignments for each domain:
  == domain 1  score: 51.7 bits;  conditional E-value: 5.2e-15
                      gvpj 12 stssstladiLervLDkGvviagDiavsiadveLltiklRllvasvdka 60
                                 ss+la++L+rvLDkGvvi     vs+  +eLlti+ R++vasvd+ 
  nat_64863b5b8a6b08db9fd7  7 RPDSSSLAEVLDRVLDKGVVIDIWARVSVVGIELLTIEARVVVASVDTF 55
                              55799******************************************85 PP

>> nat_edef782f11b8c7eacb34  
   #    score  bias  c-Evalue  i-Evalue hmmfrom  hmm to    alifrom  ali to    envfrom  env to     acc
 ---   ------ ----- --------- --------- ------- -------    ------- -------    ------- -------    ----
   1 !   52.0   1.6   4.3e-15   5.3e-15       8      59 ..       2      53 ..       1      63 [. 0.94

  Alignments for each domain:
  == domain 1  score: 52.0 bits;  conditional E-value: 4.3e-15
                      gvpj  8 aiktstssstladiLervLDkGvviagDiavsiadveLltiklRllvasvdk 59
                              a+++st ss+la++++r+LDkG+vi +   vs+  +e+lt++ R+++asvd+
  nat_edef782f11b8c7eacb34  2 AVQKSTDSSSLAEVIDRILDKGIVIDAFARVSLVGIEILTVEARVVIASVDT 53
                              7899***********************************************7 PP

>> nat_ca9d4013ee99a3222d42  
   #    score  bias  c-Evalue  i-Evalue hmmfrom  hmm to    alifrom  ali to    envfrom  env to     acc
 ---   ------ ----- --------- --------- ------- -------    ------- -------    ------- -------    ----
   1 !   52.2   1.2   3.8e-15   4.6e-15       9      59 ..       3      53 ..       1      80 [. 0.93

  Alignments for each domain:
  == domain 1  score: 52.2 bits;  conditional E-value: 3.8e-15
                      gvpj  9 iktstssstladiLervLDkGvviagDiavsiadveLltiklRllvasvdk 59
                              i++st ss+la++++r+LDkG+vi +   vs+  +e+lt++ R+++asvd+
  nat_ca9d4013ee99a3222d42  3 IQKSTDSSSLAEVIDRILDKGIVIDAFARVSLVGIEILTVEARVVIASVDT 53
                              7899**********************************************7 PP

>> nat_6d995d9db67c9b27bce8  
   #    score  bias  c-Evalue  i-Evalue hmmfrom  hmm to    alifrom  ali to    envfrom  env to     acc
 ---   ------ ----- --------- --------- ------- -------    ------- -------    ------- -------    ----
   1 !   52.1   1.7     4e-15   4.9e-15       8      59 ..       2      53 ..       1      66 [. 0.92

  Alignments for each domain:
  == domain 1  score: 52.1 bits;  conditional E-value: 4e-15
                      gvpj  8 aiktstssstladiLervLDkGvviagDiavsiadveLltiklRllvasvdk 59
                              a+++ +sss+la++++r+LDkGvv+ + + vs+  +eLl+++ R+++asv++
  nat_6d995d9db67c9b27bce8  2 AVEKVNSSSSLAEVVDRILDKGVVVDAWVRVSLVGIELLAVEARIVIASVET 53
                              678899********************************************97 PP

>> nat_6eb103ed851a261f0454  
   #    score  bias  c-Evalue  i-Evalue hmmfrom  hmm to    alifrom  ali to    envfrom  env to     acc
 ---   ------ ----- --------- --------- ------- -------    ------- -------    ------- -------    ----
   1 !   52.1   1.2   4.1e-15     5e-15       8      59 ..       2      53 ..       1      65 [. 0.91

  Alignments for each domain:
  == domain 1  score: 52.1 bits;  conditional E-value: 4.1e-15
                      gvpj  8 aiktstssstladiLervLDkGvviagDiavsiadveLltiklRllvasvdk 59
                              a++ts+ ss la++++r+LDkG+vi + ++vs++ +eLl+++ R++va v++
  nat_6eb103ed851a261f0454  2 AVQTSMASSGLAEVVDRILDKGIVIDAWVKVSLLGLELLAVEARVVVAGVET 53
                              799***********************************************97 PP

>> nat_ccf96d6a6ed62483f79a  
   #    score  bias  c-Evalue  i-Evalue hmmfrom  hmm to    alifrom  ali to    envfrom  env to     acc
 ---   ------ ----- --------- --------- ------- -------    ------- -------    ------- -------    ----
   1 !   52.2   1.7   3.7e-15   4.6e-15       8      59 ..       3      54 ..       1      71 [. 0.90

  Alignments for each domain:
  == domain 1  score: 52.2 bits;  conditional E-value: 3.7e-15
                      gvpj  8 aiktstssstladiLervLDkGvviagDiavsiadveLltiklRllvasvdk 59
                              ++++s  ss+la++++r+LDkGvvi     vs+  +eLl+i+ R+++asvd+
  nat_ccf96d6a6ed62483f79a  3 TVQKSVDSSSLAEVIDRILDKGVVIDIYARVSLVGIELLAIEARVVIASVDT 54
                              688999*********************************************8 PP

>> nat_b5963311e20bf490cf4c  
   #    score  bias  c-Evalue  i-Evalue hmmfrom  hmm to    alifrom  ali to    envfrom  env to     acc
 ---   ------ ----- --------- --------- ------- -------    ------- -------    ------- -------    ----
   1 !   52.0   1.7   4.4e-15   5.3e-15       8      59 ..       3      54 ..       1      65 [. 0.94

  Alignments for each domain:
  == domain 1  score: 52.0 bits;  conditional E-value: 4.4e-15
                      gvpj  8 aiktstssstladiLervLDkGvviagDiavsiadveLltiklRllvasvdk 59
                              ai++st +s+la++++r+LDkGvvi     vs+  +eL+t++ R+++asvd+
  nat_b5963311e20bf490cf4c  3 AIQKSTDGSSLAEVIDRILDKGVVIDVYARVSLVGIELVTVEARVVIASVDT 54
                              8999***********************************************7 PP

>> nat_57d68f25d5ecc3851016  
   #    score  bias  c-Evalue  i-Evalue hmmfrom  hmm to    alifrom  ali to    envfrom  env to     acc
 ---   ------ ----- --------- --------- ------- -------    ------- -------    ------- -------    ----
   1 !   52.0   1.7   4.4e-15   5.3e-15       8      59 ..       3      54 ..       1      65 [. 0.94

  Alignments for each domain:
  == domain 1  score: 52.0 bits;  conditional E-value: 4.4e-15
                      gvpj  8 aiktstssstladiLervLDkGvviagDiavsiadveLltiklRllvasvdk 59
                              ai++st +s+la++++r+LDkGvvi     vs+  +eL+t++ R+++asvd+
  nat_57d68f25d5ecc3851016  3 AIQKSTDGSSLAEVIDRILDKGVVIDVYARVSLVGIELVTVEARVVIASVDT 54
                              8999***********************************************7 PP

>> nat_4fb6b9391abe691f2baa  
   #    score  bias  c-Evalue  i-Evalue hmmfrom  hmm to    alifrom  ali to    envfrom  env to     acc
 ---   ------ ----- --------- --------- ------- -------    ------- -------    ------- -------    ----
   1 !   51.9   1.5   4.5e-15   5.5e-15       9      59 ..       3      53 ..       1      67 [. 0.93

  Alignments for each domain:
  == domain 1  score: 51.9 bits;  conditional E-value: 4.5e-15
                      gvpj  9 iktstssstladiLervLDkGvviagDiavsiadveLltiklRllvasvdk 59
                              ++++t ss+la++++r+LDkG+vi +   vs+  +e+lt++ R++vasvd+
  nat_4fb6b9391abe691f2baa  3 VQKTTDSSSLAEVIDRILDKGIVIDAFARVSLVGIEILTVEARVVVASVDT 53
                              788999********************************************8 PP

>> nat_c17881a40bc443471c80  
   #    score  bias  c-Evalue  i-Evalue hmmfrom  hmm to    alifrom  ali to    envfrom  env to     acc
 ---   ------ ----- --------- --------- ------- -------    ------- -------    ------- -------    ----
   1 !   51.7   0.8   5.3e-15   6.5e-15       7      59 ..      11      63 ..       1      68 [. 0.89

  Alignments for each domain:
  == domain 1  score: 51.7 bits;  conditional E-value: 5.3e-15
                      gvpj  7 saiktstssstladiLervLDkGvviagDiavsiadveLltiklRllvasvdk 59
                               a ++s sss lad+++ +LDkG+vi + + vs+  +e+lti +R++vasvd+
  nat_c17881a40bc443471c80 11 AAGRSSSSSSGLADVIDTILDKGLVIDAFVRVSLVGIEILTIDVRIVVASVDT 63
                              56788999********************************************7 PP

>> nat_842bc418f0682cd2a9c8  
   #    score  bias  c-Evalue  i-Evalue hmmfrom  hmm to    alifrom  ali to    envfrom  env to     acc
 ---   ------ ----- --------- --------- ------- -------    ------- -------    ------- -------    ----
   1 !   51.8   3.1   5.1e-15   6.3e-15      13      60 ..       8      55 ..       2      92 .. 0.90

  Alignments for each domain:
  == domain 1  score: 51.8 bits;  conditional E-value: 5.1e-15
                      gvpj 13 tssstladiLervLDkGvviagDiavsiadveLltiklRllvasvdka 60
                                ss+la++L+r+LDkGvvi     +s+  +eLlti+ R++vasvd+ 
  nat_842bc418f0682cd2a9c8  8 PDSSSLAEVLDRILDKGVVIDVWARISVVGIELLTIEARVVVASVDTF 55
                              5799******************************************85 PP

>> nat_a7791ad55c70e7fd3462  
   #    score  bias  c-Evalue  i-Evalue hmmfrom  hmm to    alifrom  ali to    envfrom  env to     acc
 ---   ------ ----- --------- --------- ------- -------    ------- -------    ------- -------    ----
   1 !   51.8   3.1   5.1e-15   6.3e-15      13      60 ..       8      55 ..       2      92 .. 0.90

  Alignments for each domain:
  == domain 1  score: 51.8 bits;  conditional E-value: 5.1e-15
                      gvpj 13 tssstladiLervLDkGvviagDiavsiadveLltiklRllvasvdka 60
                                ss+la++L+r+LDkGvvi     +s+  +eLlti+ R++vasvd+ 
  nat_a7791ad55c70e7fd3462  8 PDSSSLAEVLDRILDKGVVIDVWARISVVGIELLTIEARVVVASVDTF 55
                              5799******************************************85 PP

>> nat_74d379b17330f4a662e7  
   #    score  bias  c-Evalue  i-Evalue hmmfrom  hmm to    alifrom  ali to    envfrom  env to     acc
 ---   ------ ----- --------- --------- ------- -------    ------- -------    ------- -------    ----
   1 !   52.1   0.5     4e-15   4.9e-15      17      58 ..      20      61 ..       1      67 [. 0.90

  Alignments for each domain:
  == domain 1  score: 52.1 bits;  conditional E-value: 4e-15
                      gvpj 17 tladiLervLDkGvviagDiavsiadveLltiklRllvasvd 58
                               l+d+L+rvL  Gvvi+gDi+++iadv+L+ i lR+lvasv 
  nat_74d379b17330f4a662e7 20 ALVDLLDRVLATGVVISGDITIAIADVDLVRISLRALVASVG 61
                              79**************************************95 PP

>> nat_0a3c08d96e059eeafea8  
   #    score  bias  c-Evalue  i-Evalue hmmfrom  hmm to    alifrom  ali to    envfrom  env to     acc
 ---   ------ ----- --------- --------- ------- -------    ------- -------    ------- -------    ----
   1 !   52.1   1.3   4.1e-15     5e-15       9      59 ..       3      53 ..       1      81 [. 0.93

  Alignments for each domain:
  == domain 1  score: 52.1 bits;  conditional E-value: 4.1e-15
                      gvpj  9 iktstssstladiLervLDkGvviagDiavsiadveLltiklRllvasvdk 59
                              i++st ss+la++++r+LDkG+vi +   vs+  +e+lt++ R+++asvd+
  nat_0a3c08d96e059eeafea8  3 IQKSTDSSSLAEVIDRILDKGIVIDAFARVSLVGIEILTVEARVVIASVDT 53
                              7899**********************************************7 PP

>> nat_8991e9e4bd357d9288ea  
   #    score  bias  c-Evalue  i-Evalue hmmfrom  hmm to    alifrom  ali to    envfrom  env to     acc
 ---   ------ ----- --------- --------- ------- -------    ------- -------    ------- -------    ----
   1 !   52.0   1.9   4.3e-15   5.3e-15       9      59 ..       3      53 ..       1      70 [. 0.93

  Alignments for each domain:
  == domain 1  score: 52.0 bits;  conditional E-value: 4.3e-15
                      gvpj  9 iktstssstladiLervLDkGvviagDiavsiadveLltiklRllvasvdk 59
                              i++s+ ss+la++++r+LDkG+vi +   vs+  +e+lti+ R+++asvd+
  nat_8991e9e4bd357d9288ea  3 IQKSNDSSSLAEVIDRILDKGIVIDAFARVSLVGIEILTIEARVVIASVDT 53
                              788999********************************************7 PP

>> nat_86ba936b09d3d4c2dbfa  
   #    score  bias  c-Evalue  i-Evalue hmmfrom  hmm to    alifrom  ali to    envfrom  env to     acc
 ---   ------ ----- --------- --------- ------- -------    ------- -------    ------- -------    ----
   1 !   52.0   2.1   4.3e-15   5.2e-15       9      60 ..       3      54 ..       1      64 [. 0.90

  Alignments for each domain:
  == domain 1  score: 52.0 bits;  conditional E-value: 4.3e-15
                      gvpj  9 iktstssstladiLervLDkGvviagDiavsiadveLltiklRllvasvdka 60
                              ++++  ss+l+++++r+LDkGvv+ + + vs+  +eLl+i+ R++vasv++ 
  nat_86ba936b09d3d4c2dbfa  3 VEKTIGSSSLVEVIDRILDKGVVVDAWVRVSLVGIELLAIEARVVVASVETY 54
                              6788899******************************************974 PP

>> nat_7ee1d64f80049d71603c  
   #    score  bias  c-Evalue  i-Evalue hmmfrom  hmm to    alifrom  ali to    envfrom  env to     acc
 ---   ------ ----- --------- --------- ------- -------    ------- -------    ------- -------    ----
   1 !   51.7   3.3   5.2e-15   6.4e-15      13      60 ..       8      55 ..       2      94 .. 0.90

  Alignments for each domain:
  == domain 1  score: 51.7 bits;  conditional E-value: 5.2e-15
                      gvpj 13 tssstladiLervLDkGvviagDiavsiadveLltiklRllvasvdka 60
                                ss+la++L+r+LDkGvvi     vs+  +eLlti+ R++vasvd+ 
  nat_7ee1d64f80049d71603c  8 PDSSSLAEVLDRILDKGVVIDVWARVSVVGIELLTIEARVVVASVDTF 55
                              5799******************************************85 PP

>> nat_62aec584cfcef3208e2b  
   #    score  bias  c-Evalue  i-Evalue hmmfrom  hmm to    alifrom  ali to    envfrom  env to     acc
 ---   ------ ----- --------- --------- ------- -------    ------- -------    ------- -------    ----
   1 !   52.0   1.9   4.4e-15   5.3e-15       9      59 ..       3      53 ..       1      72 [. 0.92

  Alignments for each domain:
  == domain 1  score: 52.0 bits;  conditional E-value: 4.4e-15
                      gvpj  9 iktstssstladiLervLDkGvviagDiavsiadveLltiklRllvasvdk 59
                              i++s  ss+la++++r+LDkG+vi +   vs+  +e+lti+ R+++asvd+
  nat_62aec584cfcef3208e2b  3 IQKSADSSSLAEVIDRILDKGIVIDAFARVSLVGIEILTIEARVVIASVDT 53
                              788999********************************************8 PP

>> nat_73e0b5aa88a198c56cae  
   #    score  bias  c-Evalue  i-Evalue hmmfrom  hmm to    alifrom  ali to    envfrom  env to     acc
 ---   ------ ----- --------- --------- ------- -------    ------- -------    ------- -------    ----
   1 !   51.8   2.4   5.1e-15   6.2e-15      11      60 ..       4      53 ..       1      78 [. 0.91

  Alignments for each domain:
  == domain 1  score: 51.8 bits;  conditional E-value: 5.1e-15
                      gvpj 11 tstssstladiLervLDkGvviagDiavsiadveLltiklRllvasvdka 60
                               + +ss+la++L+rvLDkGvvi     +s+  +eLlt++ R++vasvd+ 
  nat_73e0b5aa88a198c56cae  4 RTPNSSSLAEVLDRVLDKGVVIDVWARISVVGIELLTVEARVVVASVDTF 53
                              56689*******************************************85 PP

>> nat_5883761e33f67abd193e  
   #    score  bias  c-Evalue  i-Evalue hmmfrom  hmm to    alifrom  ali to    envfrom  env to     acc
 ---   ------ ----- --------- --------- ------- -------    ------- -------    ------- -------    ----
   1 !   52.0   2.6   4.4e-15   5.4e-15       8      60 ..       2      54 ..       1      64 [. 0.91

  Alignments for each domain:
  == domain 1  score: 52.0 bits;  conditional E-value: 4.4e-15
                      gvpj  8 aiktstssstladiLervLDkGvviagDiavsiadveLltiklRllvasvdka 60
                              a++++  ss+l+++++r+LDkGvv+ + + vs+  +eL++i+ R++vasv++ 
  nat_5883761e33f67abd193e  2 AVEKTVGSSSLVEVVDRILDKGVVVDAYVRVSLVGIELVAIEARIVVASVETY 54
                              7889999*******************************************974 PP

>> nat_70501e44d62eb76e66dd  
   #    score  bias  c-Evalue  i-Evalue hmmfrom  hmm to    alifrom  ali to    envfrom  env to     acc
 ---   ------ ----- --------- --------- ------- -------    ------- -------    ------- -------    ----
   1 !   52.0   1.9   4.4e-15   5.3e-15       9      59 ..       3      53 ..       1      72 [. 0.92

  Alignments for each domain:
  == domain 1  score: 52.0 bits;  conditional E-value: 4.4e-15
                      gvpj  9 iktstssstladiLervLDkGvviagDiavsiadveLltiklRllvasvdk 59
                              i++s  ss+la++++r+LDkG+vi +   vs+  +e+lti+ R+++asvd+
  nat_70501e44d62eb76e66dd  3 IQKSADSSSLAEVIDRILDKGIVIDAFARVSLVGIEILTIEARVVIASVDT 53
                              788999********************************************8 PP

>> nat_0145b7d0415b25474bf7  
   #    score  bias  c-Evalue  i-Evalue hmmfrom  hmm to    alifrom  ali to    envfrom  env to     acc
 ---   ------ ----- --------- --------- ------- -------    ------- -------    ------- -------    ----
   1 !   52.0   1.7   4.3e-15   5.2e-15      12      59 ..       7      54 ..       2      63 .. 0.91

  Alignments for each domain:
  == domain 1  score: 52.0 bits;  conditional E-value: 4.3e-15
                      gvpj 12 stssstladiLervLDkGvviagDiavsiadveLltiklRllvasvdk 59
                                 ss+la++L+rvLDkG+vi     +s+  +eLlti+ R++vasvd+
  nat_0145b7d0415b25474bf7  7 RPDSSSLAEVLDRVLDKGIVIDIWARISVVGIELLTIEARVVVASVDT 54
                              55799******************************************8 PP

>> nat_d92cb9dcfcf48b731b50  
   #    score  bias  c-Evalue  i-Evalue hmmfrom  hmm to    alifrom  ali to    envfrom  env to     acc
 ---   ------ ----- --------- --------- ------- -------    ------- -------    ------- -------    ----
   1 !   51.5   3.7   6.2e-15   7.6e-15      12      60 ..       7      55 ..       2      94 .. 0.89

  Alignments for each domain:
  == domain 1  score: 51.5 bits;  conditional E-value: 6.2e-15
                      gvpj 12 stssstladiLervLDkGvviagDiavsiadveLltiklRllvasvdka 60
                                 ss+la++L+r+LDkGvvi     vs+  +eLlti+ R++vasvd+ 
  nat_d92cb9dcfcf48b731b50  7 RPDSSSLAEVLDRILDKGVVIDVWARVSVVGIELLTIEARVVVASVDTF 55
                              55799******************************************85 PP

>> nat_05a00477d12701f3890c  
   #    score  bias  c-Evalue  i-Evalue hmmfrom  hmm to    alifrom  ali to    envfrom  env to     acc
 ---   ------ ----- --------- --------- ------- -------    ------- -------    ------- -------    ----
   1 !   51.4   2.8   6.5e-15     8e-15      11      60 ..       6      55 ..       2      91 .. 0.90

  Alignments for each domain:
  == domain 1  score: 51.4 bits;  conditional E-value: 6.5e-15
                      gvpj 11 tstssstladiLervLDkGvviagDiavsiadveLltiklRllvasvdka 60
                               + +ss+la++L+rvLDkGvvi     +s+  +eLlt++ R++vasvd+ 
  nat_05a00477d12701f3890c  6 RTPNSSSLAEVLDRVLDKGVVIDVWARISVVGIELLTVEARVVVASVDTF 55
                              566899******************************************85 PP

>> nat_f49fe3672d6fdfda7cc7  
   #    score  bias  c-Evalue  i-Evalue hmmfrom  hmm to    alifrom  ali to    envfrom  env to     acc
 ---   ------ ----- --------- --------- ------- -------    ------- -------    ------- -------    ----
   1 !   51.5   3.1   5.9e-15   7.3e-15      12      60 ..       7      55 ..       2      92 .. 0.88

  Alignments for each domain:
  == domain 1  score: 51.5 bits;  conditional E-value: 5.9e-15
                      gvpj 12 stssstladiLervLDkGvviagDiavsiadveLltiklRllvasvdka 60
                                 ss+la++L+r+LDkGvvi     vs+  +eLlti+ R++vasvd+ 
  nat_f49fe3672d6fdfda7cc7  7 RPDSSSLAEVLDRILDKGVVIDIWARVSVVGIELLTIEARVVVASVDTF 55
                              55799******************************************85 PP

>> nat_64b87c36790fe3acd4ba  
   #    score  bias  c-Evalue  i-Evalue hmmfrom  hmm to    alifrom  ali to    envfrom  env to     acc
 ---   ------ ----- --------- --------- ------- -------    ------- -------    ------- -------    ----
   1 !   51.7   2.9   5.2e-15   6.4e-15      13      60 ..       7      54 ..       1      92 [. 0.89

  Alignments for each domain:
  == domain 1  score: 51.7 bits;  conditional E-value: 5.2e-15
                      gvpj 13 tssstladiLervLDkGvviagDiavsiadveLltiklRllvasvdka 60
                                 s+la++L+rvLDkGvvi     vs+  +eLlti+ R++vasvd+ 
  nat_64b87c36790fe3acd4ba  7 PDASSLAEVLDRVLDKGVVIDVWARVSVVGIELLTIEARVVVASVDTF 54
                              5689******************************************85 PP

>> nat_f8623581c79728f8eb53  
   #    score  bias  c-Evalue  i-Evalue hmmfrom  hmm to    alifrom  ali to    envfrom  env to     acc
 ---   ------ ----- --------- --------- ------- -------    ------- -------    ------- -------    ----
   1 !   52.0   1.1   4.3e-15   5.2e-15       8      60 ..       3      55 ..       1      71 [. 0.90

  Alignments for each domain:
  == domain 1  score: 52.0 bits;  conditional E-value: 4.3e-15
                      gvpj  8 aiktstssstladiLervLDkGvviagDiavsiadveLltiklRllvasvdka 60
                              a++++t ss+la++++r+LDkGvv+    +vs+  +eLl+++ R+++asv++ 
  nat_f8623581c79728f8eb53  3 AVQKTTDSSSLAEVVDRILDKGVVVDVWAKVSLVGIELLSVEARIVIASVETY 55
                              7899**********************************************973 PP

>> nat_d71bd42b79fe4d801a01  
   #    score  bias  c-Evalue  i-Evalue hmmfrom  hmm to    alifrom  ali to    envfrom  env to     acc
 ---   ------ ----- --------- --------- ------- -------    ------- -------    ------- -------    ----
   1 !   51.9   1.6   4.5e-15   5.5e-15       8      59 ..       2      53 ..       1      68 [. 0.92

  Alignments for each domain:
  == domain 1  score: 51.9 bits;  conditional E-value: 4.5e-15
                      gvpj  8 aiktstssstladiLervLDkGvviagDiavsiadveLltiklRllvasvdk 59
                              a+++ +sss+la++++r+LDkG+v+ + + vs+  +eLl+++ R+++asv++
  nat_d71bd42b79fe4d801a01  2 AVEKVNSSSSLAEVVDRILDKGIVVDAWVRVSLVGIELLAVEARVVIASVET 53
                              678899********************************************97 PP

>> nat_a168f392bb4965ee81a4  
   #    score  bias  c-Evalue  i-Evalue hmmfrom  hmm to    alifrom  ali to    envfrom  env to     acc
 ---   ------ ----- --------- --------- ------- -------    ------- -------    ------- -------    ----
   1 !   51.9   1.0   4.7e-15   5.7e-15       9      59 ..       3      53 ..       1      68 [. 0.93

  Alignments for each domain:
  == domain 1  score: 51.9 bits;  conditional E-value: 4.7e-15
                      gvpj  9 iktstssstladiLervLDkGvviagDiavsiadveLltiklRllvasvdk 59
                              +++st ss+la++++r+LDkG+vi +   vs++ +e+lt++ R+++asvd+
  nat_a168f392bb4965ee81a4  3 VQKSTDSSSLAEVVDRILDKGIVIDAFARVSLLGIEILTVEARVVIASVDT 53
                              78999*********************************************7 PP

>> nat_fd56bd8ca14d2ea7647f  
   #    score  bias  c-Evalue  i-Evalue hmmfrom  hmm to    alifrom  ali to    envfrom  env to     acc
 ---   ------ ----- --------- --------- ------- -------    ------- -------    ------- -------    ----
   1 !   51.9   2.2   4.5e-15   5.5e-15       8      60 ..       2      54 ..       1      68 [. 0.92

  Alignments for each domain:
  == domain 1  score: 51.9 bits;  conditional E-value: 4.5e-15
                      gvpj  8 aiktstssstladiLervLDkGvviagDiavsiadveLltiklRllvasvdka 60
                              a+++ +sss+la++++r+LDkG+v+   + vs+  +eLl+i+ R+++asvd+ 
  nat_fd56bd8ca14d2ea7647f  2 AVEKVNSSSSLAEVVDRILDKGIVVDVWVRVSLVGIELLAIEARVVIASVDTY 54
                              678899*********************************************84 PP

>> nat_d4535c05655d38b67932  
   #    score  bias  c-Evalue  i-Evalue hmmfrom  hmm to    alifrom  ali to    envfrom  env to     acc
 ---   ------ ----- --------- --------- ------- -------    ------- -------    ------- -------    ----
   1 !   51.8   0.9   4.8e-15   5.9e-15      13      60 ..       8      55 ..       2      66 .. 0.88

  Alignments for each domain:
  == domain 1  score: 51.8 bits;  conditional E-value: 4.8e-15
                      gvpj 13 tssstladiLervLDkGvviagDiavsiadveLltiklRllvasvdka 60
                                s+++a++++r+LDkG+vi + i vs+  +e+++i+ R++vasv++ 
  nat_d4535c05655d38b67932  8 PASGSIAEVIDRILDKGIVIDAWIRVSLVGIEVISIEARAVVASVETY 55
                              57899****************************************974 PP

>> nat_f39b437ab8564f78da8d  
   #    score  bias  c-Evalue  i-Evalue hmmfrom  hmm to    alifrom  ali to    envfrom  env to     acc
 ---   ------ ----- --------- --------- ------- -------    ------- -------    ------- -------    ----
   1 !   51.9   2.1   4.7e-15   5.8e-15       9      59 ..       3      53 ..       1      72 [. 0.92

  Alignments for each domain:
  == domain 1  score: 51.9 bits;  conditional E-value: 4.7e-15
                      gvpj  9 iktstssstladiLervLDkGvviagDiavsiadveLltiklRllvasvdk 59
                              i++st ss+l+++++r+LDkG+vi +   vs+  +e+lti+ R+++asvd+
  nat_f39b437ab8564f78da8d  3 IQKSTDSSSLVEVIDRILDKGIVIDAFARVSLVGIEILTIEARVVIASVDT 53
                              7899**********************************************8 PP

>> nat_d1b057f953bd558c0457  
   #    score  bias  c-Evalue  i-Evalue hmmfrom  hmm to    alifrom  ali to    envfrom  env to     acc
 ---   ------ ----- --------- --------- ------- -------    ------- -------    ------- -------    ----
   1 !   51.6   3.0   5.6e-15   6.9e-15      14      60 ..      10      56 ..       2      90 .. 0.90

  Alignments for each domain:
  == domain 1  score: 51.6 bits;  conditional E-value: 5.6e-15
                      gvpj 14 ssstladiLervLDkGvviagDiavsiadveLltiklRllvasvdka 60
                               ss+la++L+r+LDkGvvi     vs+  +eLlti+ R++vasvd+ 
  nat_d1b057f953bd558c0457 10 DSSSLAEVLDRILDKGVVIDVWARVSVVGIELLTIEARVVVASVDTF 56
                              689******************************************85 PP

>> nat_dd1c249d0891ddb7284f  
   #    score  bias  c-Evalue  i-Evalue hmmfrom  hmm to    alifrom  ali to    envfrom  env to     acc
 ---   ------ ----- --------- --------- ------- -------    ------- -------    ------- -------    ----
   1 !   51.8   0.9   4.8e-15   5.9e-15      13      60 ..       8      55 ..       2      66 .. 0.88

  Alignments for each domain:
  == domain 1  score: 51.8 bits;  conditional E-value: 4.8e-15
                      gvpj 13 tssstladiLervLDkGvviagDiavsiadveLltiklRllvasvdka 60
                                s+++a++++r+LDkG+vi + i vs+  +e+++i+ R++vasv++ 
  nat_dd1c249d0891ddb7284f  8 PASGSIAEVIDRILDKGIVIDAWIRVSLVGIEVISIEARAVVASVETY 55
                              57899****************************************974 PP

>> nat_bf00fc1bb4a6bea076a5  
   #    score  bias  c-Evalue  i-Evalue hmmfrom  hmm to    alifrom  ali to    envfrom  env to     acc
 ---   ------ ----- --------- --------- ------- -------    ------- -------    ------- -------    ----
   1 !   51.3   4.0   7.2e-15   8.9e-15      13      60 ..       8      55 ..       2      94 .. 0.88

  Alignments for each domain:
  == domain 1  score: 51.3 bits;  conditional E-value: 7.2e-15
                      gvpj 13 tssstladiLervLDkGvviagDiavsiadveLltiklRllvasvdka 60
                                ss+la++L+rvLDkGvvi     +s+  +eLlti+ R++vasvd+ 
  nat_bf00fc1bb4a6bea076a5  8 PDSSSLAEVLDRVLDKGVVIDVWARISVVGIELLTIEARVVVASVDTF 55
                              5799******************************************85 PP

>> nat_82e4660fb87f57daff30  
   #    score  bias  c-Evalue  i-Evalue hmmfrom  hmm to    alifrom  ali to    envfrom  env to     acc
 ---   ------ ----- --------- --------- ------- -------    ------- -------    ------- -------    ----
   1 !   51.2   4.1   7.3e-15     9e-15      13      60 ..       8      55 ..       2      94 .. 0.88

  Alignments for each domain:
  == domain 1  score: 51.2 bits;  conditional E-value: 7.3e-15
                      gvpj 13 tssstladiLervLDkGvviagDiavsiadveLltiklRllvasvdka 60
                                ss+la++L+rvLDkGvvi     +s+  +eLlti+ R++vasvd+ 
  nat_82e4660fb87f57daff30  8 PDSSSLAEVLDRVLDKGVVIDVWARISVVGIELLTIEARVVVASVDTF 55
                              5799******************************************85 PP

>> nat_ccd25408209dd226eaf9  
   #    score  bias  c-Evalue  i-Evalue hmmfrom  hmm to    alifrom  ali to    envfrom  env to     acc
 ---   ------ ----- --------- --------- ------- -------    ------- -------    ------- -------    ----
   1 !   51.4   3.6   6.8e-15   8.3e-15      13      60 ..       8      55 ..       2      92 .. 0.88

  Alignments for each domain:
  == domain 1  score: 51.4 bits;  conditional E-value: 6.8e-15
                      gvpj 13 tssstladiLervLDkGvviagDiavsiadveLltiklRllvasvdka 60
                                ss+la++L+r+LDkGvvi     +s+  +eLlti+ R++vasvd+ 
  nat_ccd25408209dd226eaf9  8 PDSSSLAEVLDRILDKGVVIDVWARISVVGIELLTIEARVVVASVDTF 55
                              5799******************************************85 PP

>> nat_633e02862eb6da44de6e  
   #    score  bias  c-Evalue  i-Evalue hmmfrom  hmm to    alifrom  ali to    envfrom  env to     acc
 ---   ------ ----- --------- --------- ------- -------    ------- -------    ------- -------    ----
   1 !   51.8   1.1     5e-15   6.1e-15       9      59 ..       3      53 ..       1      68 [. 0.93

  Alignments for each domain:
  == domain 1  score: 51.8 bits;  conditional E-value: 5e-15
                      gvpj  9 iktstssstladiLervLDkGvviagDiavsiadveLltiklRllvasvdk 59
                              +++st ss+la++++r+LDkG+vi +   vs++ +e+lt++ R+++asvd+
  nat_633e02862eb6da44de6e  3 VQKSTDSSSLAEVVDRILDKGIVIDAFARVSLLGIEILTVEARVVIASVDT 53
                              78999*********************************************7 PP

>> nat_69d5fc3c411ad66493e6  
   #    score  bias  c-Evalue  i-Evalue hmmfrom  hmm to    alifrom  ali to    envfrom  env to     acc
 ---   ------ ----- --------- --------- ------- -------    ------- -------    ------- -------    ----
   1 !   51.8   1.7   4.8e-15   5.9e-15       8      59 ..       2      53 ..       1      67 [. 0.92

  Alignments for each domain:
  == domain 1  score: 51.8 bits;  conditional E-value: 4.8e-15
                      gvpj  8 aiktstssstladiLervLDkGvviagDiavsiadveLltiklRllvasvdk 59
                              a+++ +sss+la++++r+LDkG+v+ + + vs+  +eLl+++ R+++asv++
  nat_69d5fc3c411ad66493e6  2 AVEKVNSSSSLAEVVDRILDKGIVVDAWVRVSLVGIELLAVEARIVIASVET 53
                              678899********************************************97 PP

>> nat_119785f1c0655d1d50b6  
   #    score  bias  c-Evalue  i-Evalue hmmfrom  hmm to    alifrom  ali to    envfrom  env to     acc
 ---   ------ ----- --------- --------- ------- -------    ------- -------    ------- -------    ----
   1 !   51.7   0.6   5.3e-15   6.6e-15      16      66 ..      14      64 ..       3      68 .. 0.92

  Alignments for each domain:
  == domain 1  score: 51.7 bits;  conditional E-value: 5.3e-15
                      gvpj 16 stladiLervLDkGvviagDiavsiadveLltiklRllvasvdkakeiGld 66
                                l+d+L+rvL  Gvvi+gDi++siadv++++i lR+l++sv +    G++
  nat_119785f1c0655d1d50b6 14 IALIDLLDRVLAGGVVITGDIKLSIADVDMVQISLRALISSVSTLSATGIE 64
                              5699****************************************9999997 PP

>> nat_4e9e86277af05dbd050d  
   #    score  bias  c-Evalue  i-Evalue hmmfrom  hmm to    alifrom  ali to    envfrom  env to     acc
 ---   ------ ----- --------- --------- ------- -------    ------- -------    ------- -------    ----
   1 !   51.3   4.4   7.2e-15   8.8e-15      12      61 ..       6      55 ..       1      93 [. 0.87

  Alignments for each domain:
  == domain 1  score: 51.3 bits;  conditional E-value: 7.2e-15
                      gvpj 12 stssstladiLervLDkGvviagDiavsiadveLltiklRllvasvdkak 61
                                 ss+la++L+rvLDkGvvi     +s+  +eLlti+ R++vasvd+  
  nat_4e9e86277af05dbd050d  6 RPDSSSLAEVLDRVLDKGVVIDVWARISVVGIELLTIEARVVVASVDTFL 55
                              56799******************************************855 PP

>> nat_16f4d6984b9b4853b848  
   #    score  bias  c-Evalue  i-Evalue hmmfrom  hmm to    alifrom  ali to    envfrom  env to     acc
 ---   ------ ----- --------- --------- ------- -------    ------- -------    ------- -------    ----
   1 !   51.7   2.1   5.3e-15   6.5e-15       8      59 ..       2      53 ..       1      64 [. 0.93

  Alignments for each domain:
  == domain 1  score: 51.7 bits;  conditional E-value: 5.3e-15
                      gvpj  8 aiktstssstladiLervLDkGvviagDiavsiadveLltiklRllvasvdk 59
                              a++++  ss+la++++r+LDkG+vi +   vs+  +e+lt++ R+++asvd+
  nat_16f4d6984b9b4853b848  2 AVQKTADSSSLAEVIDRILDKGIVIDAYARVSVVGIEILTVEARVVIASVDT 53
                              788999*********************************************7 PP

>> nat_0d7970548e5a353c52b0  
   #    score  bias  c-Evalue  i-Evalue hmmfrom  hmm to    alifrom  ali to    envfrom  env to     acc
 ---   ------ ----- --------- --------- ------- -------    ------- -------    ------- -------    ----
   1 !   51.8   1.7   4.8e-15   5.9e-15       8      59 ..       2      53 ..       1      68 [. 0.92

  Alignments for each domain:
  == domain 1  score: 51.8 bits;  conditional E-value: 4.8e-15
                      gvpj  8 aiktstssstladiLervLDkGvviagDiavsiadveLltiklRllvasvdk 59
                              a+++ +sss+la++++r+LDkG+v+ + + vs+  +eLl+++ R+++asv++
  nat_0d7970548e5a353c52b0  2 AVEKVNSSSSLAEVVDRILDKGIVVDAWVRVSLVGIELLAVEARVVIASVET 53
                              678899********************************************97 PP

>> nat_622c716866d2133b80f2  
   #    score  bias  c-Evalue  i-Evalue hmmfrom  hmm to    alifrom  ali to    envfrom  env to     acc
 ---   ------ ----- --------- --------- ------- -------    ------- -------    ------- -------    ----
   1 !   51.8   1.8   4.9e-15     6e-15       8      59 ..       2      53 ..       1      68 [. 0.92

  Alignments for each domain:
  == domain 1  score: 51.8 bits;  conditional E-value: 4.9e-15
                      gvpj  8 aiktstssstladiLervLDkGvviagDiavsiadveLltiklRllvasvdk 59
                              a+++ +sss+la++++r+LDkG+v+ + + vs+  +eLl+++ R+++asv++
  nat_622c716866d2133b80f2  2 AVEKVNSSSSLAEVVDRILDKGIVVDAWVRVSLVGIELLAVEARIVIASVET 53
                              678899********************************************97 PP

>> nat_9ec7201d98ae2ffcf074  
   #    score  bias  c-Evalue  i-Evalue hmmfrom  hmm to    alifrom  ali to    envfrom  env to     acc
 ---   ------ ----- --------- --------- ------- -------    ------- -------    ------- -------    ----
   1 !   51.8   1.2   4.9e-15   6.1e-15       8      60 ..       2      54 ..       1      69 [. 0.92

  Alignments for each domain:
  == domain 1  score: 51.8 bits;  conditional E-value: 4.9e-15
                      gvpj  8 aiktstssstladiLervLDkGvviagDiavsiadveLltiklRllvasvdka 60
                              a+++ +sss+la++++r+LDkGvv+ + + v +  +eLl+i+ R+++asv++ 
  nat_9ec7201d98ae2ffcf074  2 AVEKMNSSSSLAEVVDRILDKGVVVDAWVRVFLVGIELLSIEARVVIASVETY 54
                              788999********************************************974 PP

>> nat_4f76b230eb60279eb5dd  
   #    score  bias  c-Evalue  i-Evalue hmmfrom  hmm to    alifrom  ali to    envfrom  env to     acc
 ---   ------ ----- --------- --------- ------- -------    ------- -------    ------- -------    ----
   1 !   51.3   4.0   7.2e-15   8.8e-15      13      60 ..       8      55 ..       2      94 .. 0.89

  Alignments for each domain:
  == domain 1  score: 51.3 bits;  conditional E-value: 7.2e-15
                      gvpj 13 tssstladiLervLDkGvviagDiavsiadveLltiklRllvasvdka 60
                                ss+la++L+rvLDkGvvi     +s+  +eLlti+ R++vasvd+ 
  nat_4f76b230eb60279eb5dd  8 PDSSSLAEVLDRVLDKGVVIDVWARISVVGIELLTIEARVVVASVDTF 55
                              5799******************************************85 PP

>> nat_70ad50650b15b30241b4  
   #    score  bias  c-Evalue  i-Evalue hmmfrom  hmm to    alifrom  ali to    envfrom  env to     acc
 ---   ------ ----- --------- --------- ------- -------    ------- -------    ------- -------    ----
   1 !   51.4   4.7   6.7e-15   8.2e-15       8      59 ..       2      53 ..       1      93 [. 0.81

  Alignments for each domain:
  == domain 1  score: 51.4 bits;  conditional E-value: 6.7e-15
                      gvpj  8 aiktstssstladiLervLDkGvviagDiavsiadveLltiklRllvasvdk 59
                              a+++st ss+la++++r+LDkG+vi +   vs+  +eL+t++ R+++asvd+
  nat_70ad50650b15b30241b4  2 AVQKSTDSSSLAEVIDRILDKGIVIDAFARVSVVGIELITVEARVVIASVDT 53
                              7899***********************************************8 PP

>> nat_3426f2b4953d2172f209  
   #    score  bias  c-Evalue  i-Evalue hmmfrom  hmm to    alifrom  ali to    envfrom  env to     acc
 ---   ------ ----- --------- --------- ------- -------    ------- -------    ------- -------    ----
   1 !   51.7   3.0   5.3e-15   6.5e-15       8      59 ..       2      53 ..       1      63 [. 0.94

  Alignments for each domain:
  == domain 1  score: 51.7 bits;  conditional E-value: 5.3e-15
                      gvpj  8 aiktstssstladiLervLDkGvviagDiavsiadveLltiklRllvasvdk 59
                              ai++s  ss+la++++r+LDkGvv+ + i v++  +eL++i+ R+++asv++
  nat_3426f2b4953d2172f209  2 AIEKSIASSSLAEVIDRILDKGVVVDAFIRVALVGIELIAIEARVVIASVET 53
                              78999*********************************************97 PP

>> nat_943ce15fb7773fa3a769  
   #    score  bias  c-Evalue  i-Evalue hmmfrom  hmm to    alifrom  ali to    envfrom  env to     acc
 ---   ------ ----- --------- --------- ------- -------    ------- -------    ------- -------    ----
   1 !   51.4   3.1   6.4e-15   7.8e-15      13      60 ..       7      54 ..       1      92 [. 0.90

  Alignments for each domain:
  == domain 1  score: 51.4 bits;  conditional E-value: 6.4e-15
                      gvpj 13 tssstladiLervLDkGvviagDiavsiadveLltiklRllvasvdka 60
                                 s+la++L+rvLDkGvvi     vs+  +eLlti+ R++vasvd+ 
  nat_943ce15fb7773fa3a769  7 PDASSLAEVLDRVLDKGVVIDVWARVSVVGIELLTIEARVVVASVDTF 54
                              5689******************************************85 PP

>> nat_2708b2500f3eefced6c0  
   #    score  bias  c-Evalue  i-Evalue hmmfrom  hmm to    alifrom  ali to    envfrom  env to     acc
 ---   ------ ----- --------- --------- ------- -------    ------- -------    ------- -------    ----
   1 !   51.7   1.6   5.2e-15   6.4e-15       8      60 ..       2      54 ..       1      64 [. 0.92

  Alignments for each domain:
  == domain 1  score: 51.7 bits;  conditional E-value: 5.2e-15
                      gvpj  8 aiktstssstladiLervLDkGvviagDiavsiadveLltiklRllvasvdka 60
                              ai++ + ss+la++++r+LDkG+v+ + + vs+  +eLl+i+ R++va vd+ 
  nat_2708b2500f3eefced6c0  2 AIEKMNASSSLAEVIDRILDKGIVVDAWVRVSLVGIELLAIEARVVVAGVDTY 54
                              7888999********************************************84 PP

>> nat_d4bbfd09a62903f1dd61  
   #    score  bias  c-Evalue  i-Evalue hmmfrom  hmm to    alifrom  ali to    envfrom  env to     acc
 ---   ------ ----- --------- --------- ------- -------    ------- -------    ------- -------    ----
   1 !   51.2   4.1   7.5e-15   9.2e-15      13      60 ..       7      54 ..       1      93 [. 0.89

  Alignments for each domain:
  == domain 1  score: 51.2 bits;  conditional E-value: 7.5e-15
                      gvpj 13 tssstladiLervLDkGvviagDiavsiadveLltiklRllvasvdka 60
                                ss+la++L+rvLDkGvvi     +s+  +eLlti+ R++vasvd+ 
  nat_d4bbfd09a62903f1dd61  7 PDSSSLAEVLDRVLDKGVVIDVWARISVVGIELLTIEARVVVASVDTF 54
                              5789******************************************85 PP

>> nat_b454aacc4a69df8c17a0  
   #    score  bias  c-Evalue  i-Evalue hmmfrom  hmm to    alifrom  ali to    envfrom  env to     acc
 ---   ------ ----- --------- --------- ------- -------    ------- -------    ------- -------    ----
   1 !   51.6   2.1   5.6e-15   6.9e-15       9      59 ..       3      53 ..       1      67 [. 0.93

  Alignments for each domain:
  == domain 1  score: 51.6 bits;  conditional E-value: 5.6e-15
                      gvpj  9 iktstssstladiLervLDkGvviagDiavsiadveLltiklRllvasvdk 59
                              i++s  ss+la++++r+LDkG+vi +   vs+  +e+lti+ R+++asvd+
  nat_b454aacc4a69df8c17a0  3 IQKSADSSSLAEVIDRILDKGIVIDAFARVSLVGIEILTIEARVVIASVDT 53
                              788999********************************************7 PP

>> nat_b14fdba1c12c78ac4485  
   #    score  bias  c-Evalue  i-Evalue hmmfrom  hmm to    alifrom  ali to    envfrom  env to     acc
 ---   ------ ----- --------- --------- ------- -------    ------- -------    ------- -------    ----
   1 !   51.7   1.0   5.2e-15   6.3e-15      11      61 ..       4      54 ..       1      80 [. 0.87

  Alignments for each domain:
  == domain 1  score: 51.7 bits;  conditional E-value: 5.2e-15
                      gvpj 11 tstssstladiLervLDkGvviagDiavsiadveLltiklRllvasvdkak 61
                              t+  ss+la++L+r+LDkGvvi     +s+  +e+lt++ R++vasvd+  
  nat_b14fdba1c12c78ac4485  4 TNPDSSSLAEVLDRILDKGVVIDVWARISVVGIEVLTVEARVVVASVDTFI 54
                              67789*******************************************843 PP

>> nat_4b58b860e36e01bdb682  
   #    score  bias  c-Evalue  i-Evalue hmmfrom  hmm to    alifrom  ali to    envfrom  env to     acc
 ---   ------ ----- --------- --------- ------- -------    ------- -------    ------- -------    ----
   1 !   51.4   3.7   6.7e-15   8.2e-15      13      60 ..       8      55 ..       2      93 .. 0.90

  Alignments for each domain:
  == domain 1  score: 51.4 bits;  conditional E-value: 6.7e-15
                      gvpj 13 tssstladiLervLDkGvviagDiavsiadveLltiklRllvasvdka 60
                                ss+la++L+r+LDkGvvi     vs+  +eLlti+ R++vasvd+ 
  nat_4b58b860e36e01bdb682  8 PDSSSLAEVLDRILDKGVVIDVWARVSVVGIELLTIEARVVVASVDTF 55
                              5799******************************************85 PP

>> nat_7d45d6cf3df5d3d36985  
   #    score  bias  c-Evalue  i-Evalue hmmfrom  hmm to    alifrom  ali to    envfrom  env to     acc
 ---   ------ ----- --------- --------- ------- -------    ------- -------    ------- -------    ----
   1 !   51.2   3.9   7.4e-15     9e-15      12      60 ..       7      55 ..       2      94 .. 0.90

  Alignments for each domain:
  == domain 1  score: 51.2 bits;  conditional E-value: 7.4e-15
                      gvpj 12 stssstladiLervLDkGvviagDiavsiadveLltiklRllvasvdka 60
                                 ss+la++L+r+LDkGvvi     vs+  +eLlti+ R++vasvd+ 
  nat_7d45d6cf3df5d3d36985  7 RPDSSSLAEVLDRILDKGVVIDVWARVSVVGIELLTIEARVVVASVDTF 55
                              55799******************************************85 PP

>> nat_e092f1bde34194b8d969  
   #    score  bias  c-Evalue  i-Evalue hmmfrom  hmm to    alifrom  ali to    envfrom  env to     acc
 ---   ------ ----- --------- --------- ------- -------    ------- -------    ------- -------    ----
   1 !   51.7   2.1   5.5e-15   6.7e-15       9      59 ..       3      53 ..       1      71 [. 0.93

  Alignments for each domain:
  == domain 1  score: 51.7 bits;  conditional E-value: 5.5e-15
                      gvpj  9 iktstssstladiLervLDkGvviagDiavsiadveLltiklRllvasvdk 59
                              i++s  ss+la++++r+LDkG+vi +   vs+  +e+lti+ R+++asvd+
  nat_e092f1bde34194b8d969  3 IQKSADSSSLAEVIDRILDKGIVIDAFARVSLVGIEILTIEARVVIASVDT 53
                              788999********************************************7 PP

>> nat_86af2bea85657bdc848a  
   #    score  bias  c-Evalue  i-Evalue hmmfrom  hmm to    alifrom  ali to    envfrom  env to     acc
 ---   ------ ----- --------- --------- ------- -------    ------- -------    ------- -------    ----
   1 !   51.3   3.4   7.3e-15   8.9e-15      12      60 ..       7      55 ..       2      91 .. 0.88

  Alignments for each domain:
  == domain 1  score: 51.3 bits;  conditional E-value: 7.3e-15
                      gvpj 12 stssstladiLervLDkGvviagDiavsiadveLltiklRllvasvdka 60
                                 ss+la++L+r+LDkGvvi     vs+  +eLlti+ R++vasvd+ 
  nat_86af2bea85657bdc848a  7 RPDSSSLAEVLDRILDKGVVIDIWARVSVVGIELLTIEARVVVASVDTF 55
                              55799******************************************85 PP

>> nat_6b39f5a7fb6bca78b4de  
   #    score  bias  c-Evalue  i-Evalue hmmfrom  hmm to    alifrom  ali to    envfrom  env to     acc
 ---   ------ ----- --------- --------- ------- -------    ------- -------    ------- -------    ----
   1 !   51.6   1.7   5.6e-15   6.9e-15       8      60 ..       2      54 ..       1      64 [. 0.91

  Alignments for each domain:
  == domain 1  score: 51.6 bits;  conditional E-value: 5.6e-15
                      gvpj  8 aiktstssstladiLervLDkGvviagDiavsiadveLltiklRllvasvdka 60
                              a++++  ss+l+++++r+LDkGvv+ + + vs+  +eLl+i+ R+ vasv++ 
  nat_6b39f5a7fb6bca78b4de  2 AVEKTVGSSSLVEVIDRILDKGVVVDAWVRVSLVGIELLAIEARITVASVETY 54
                              7889999*******************************************974 PP

>> nat_94cdaea6b1db7bfe983f  
   #    score  bias  c-Evalue  i-Evalue hmmfrom  hmm to    alifrom  ali to    envfrom  env to     acc
 ---   ------ ----- --------- --------- ------- -------    ------- -------    ------- -------    ----
   1 !   51.4   3.1   6.8e-15   8.3e-15      13      60 ..       8      55 ..       2      92 .. 0.90

  Alignments for each domain:
  == domain 1  score: 51.4 bits;  conditional E-value: 6.8e-15
                      gvpj 13 tssstladiLervLDkGvviagDiavsiadveLltiklRllvasvdka 60
                                ss+la++L+r+LDkGvvi     vs+  +eLlti+ R++vasvd+ 
  nat_94cdaea6b1db7bfe983f  8 PDSSSLAEVLDRILDKGVVIDIWARVSVVGIELLTIEARVVVASVDTF 55
                              5799******************************************85 PP

>> nat_3beea3bf721df3e90ae2  
   #    score  bias  c-Evalue  i-Evalue hmmfrom  hmm to    alifrom  ali to    envfrom  env to     acc
 ---   ------ ----- --------- --------- ------- -------    ------- -------    ------- -------    ----
   1 !   51.4   3.2   6.5e-15     8e-15      13      60 ..       7      54 ..       1      92 [. 0.90

  Alignments for each domain:
  == domain 1  score: 51.4 bits;  conditional E-value: 6.5e-15
                      gvpj 13 tssstladiLervLDkGvviagDiavsiadveLltiklRllvasvdka 60
                                 s+la++L+rvLDkGvvi     vs+  +eLlti+ R++vasvd+ 
  nat_3beea3bf721df3e90ae2  7 PDASSLAEVLDRVLDKGVVIDVWARVSVVGIELLTIEARVVVASVDTF 54
                              5689******************************************85 PP

>> nat_9dc637e90a7070ed00fe  
   #    score  bias  c-Evalue  i-Evalue hmmfrom  hmm to    alifrom  ali to    envfrom  env to     acc
 ---   ------ ----- --------- --------- ------- -------    ------- -------    ------- -------    ----
   1 !   51.7   0.8   5.4e-15   6.7e-15       9      59 ..       3      53 ..       1      82 [. 0.92

  Alignments for each domain:
  == domain 1  score: 51.7 bits;  conditional E-value: 5.4e-15
                      gvpj  9 iktstssstladiLervLDkGvviagDiavsiadveLltiklRllvasvdk 59
                              i++s+ ss+la++++r+LDkG+vi +   vs+  +e+lt++ R+++asvd+
  nat_9dc637e90a7070ed00fe  3 IQKSNDSSSLAEVIDRILDKGIVIDAFARVSLVGIEILTVEARVVIASVDT 53
                              788999********************************************7 PP

>> nat_12dabeef25e15f66b8b5  
   #    score  bias  c-Evalue  i-Evalue hmmfrom  hmm to    alifrom  ali to    envfrom  env to     acc
 ---   ------ ----- --------- --------- ------- -------    ------- -------    ------- -------    ----
   1 !   51.6   2.1   5.6e-15   6.9e-15       8      59 ..       2      53 ..       1      68 [. 0.92

  Alignments for each domain:
  == domain 1  score: 51.6 bits;  conditional E-value: 5.6e-15
                      gvpj  8 aiktstssstladiLervLDkGvviagDiavsiadveLltiklRllvasvdk 59
                              a+++ +sss+la++++r+LDkGvvi   + vs+  +eLl+++ R+++asv++
  nat_12dabeef25e15f66b8b5  2 AVEKVNSSSSLAEVIDRILDKGVVIDVWVRVSLVGIELLAVEARIVIASVET 53
                              678899********************************************97 PP

>> nat_2ffb0e155508e140dfbe  
   #    score  bias  c-Evalue  i-Evalue hmmfrom  hmm to    alifrom  ali to    envfrom  env to     acc
 ---   ------ ----- --------- --------- ------- -------    ------- -------    ------- -------    ----
   1 !   51.7   0.8   5.4e-15   6.7e-15       9      59 ..       3      53 ..       1      82 [. 0.92

  Alignments for each domain:
  == domain 1  score: 51.7 bits;  conditional E-value: 5.4e-15
                      gvpj  9 iktstssstladiLervLDkGvviagDiavsiadveLltiklRllvasvdk 59
                              i++s+ ss+la++++r+LDkG+vi +   vs+  +e+lt++ R+++asvd+
  nat_2ffb0e155508e140dfbe  3 IQKSNDSSSLAEVIDRILDKGIVIDAFARVSLVGIEILTVEARVVIASVDT 53
                              788999********************************************8 PP

>> nat_7a296141a2788c2145e9  
   #    score  bias  c-Evalue  i-Evalue hmmfrom  hmm to    alifrom  ali to    envfrom  env to     acc
 ---   ------ ----- --------- --------- ------- -------    ------- -------    ------- -------    ----
   1 !   51.3   4.7   7.2e-15   8.8e-15       8      59 ..       2      53 ..       1      93 [. 0.81

  Alignments for each domain:
  == domain 1  score: 51.3 bits;  conditional E-value: 7.2e-15
                      gvpj  8 aiktstssstladiLervLDkGvviagDiavsiadveLltiklRllvasvdk 59
                              a+++st ss+la++++r+LDkG+vi +   vs+  +eL+t++ R+++asvd+
  nat_7a296141a2788c2145e9  2 AVQKSTDSSSLAEVIDRILDKGIVIDAFARVSVVGIELITVEARVVIASVDT 53
                              7899***********************************************8 PP

>> nat_144165ea4d3ea8a64b2e  
   #    score  bias  c-Evalue  i-Evalue hmmfrom  hmm to    alifrom  ali to    envfrom  env to     acc
 ---   ------ ----- --------- --------- ------- -------    ------- -------    ------- -------    ----
   1 !   51.2   3.6   7.4e-15   9.1e-15      14      60 ..       9      55 ..       2      93 .. 0.89

  Alignments for each domain:
  == domain 1  score: 51.2 bits;  conditional E-value: 7.4e-15
                      gvpj 14 ssstladiLervLDkGvviagDiavsiadveLltiklRllvasvdka 60
                               ss+la++L+r+LDkGvvi     vs+  +eLlti+ R++vasvd+ 
  nat_144165ea4d3ea8a64b2e  9 DSSSLAEVLDRILDKGVVIDVWARVSVVGIELLTIEARVVVASVDTF 55
                              689******************************************85 PP

>> nat_27cfc6c7874687adce98  
   #    score  bias  c-Evalue  i-Evalue hmmfrom  hmm to    alifrom  ali to    envfrom  env to     acc
 ---   ------ ----- --------- --------- ------- -------    ------- -------    ------- -------    ----
   1 !   51.6   0.6   5.7e-15   6.9e-15      10      59 ..       2      51 ..       1      68 [. 0.92

  Alignments for each domain:
  == domain 1  score: 51.6 bits;  conditional E-value: 5.7e-15
                      gvpj 10 ktstssstladiLervLDkGvviagDiavsiadveLltiklRllvasvdk 59
                              k+s   s+la++++r+LDkGvvi + + vs+  +eLl+++ R+++asv++
  nat_27cfc6c7874687adce98  2 KKSIDASSLAEVVDRILDKGVVIDAYVRVSLVGIELLAVEARVVIASVNT 51
                              678899******************************************97 PP

>> nat_b14dbbd56a14a6238029  
   #    score  bias  c-Evalue  i-Evalue hmmfrom  hmm to    alifrom  ali to    envfrom  env to     acc
 ---   ------ ----- --------- --------- ------- -------    ------- -------    ------- -------    ----
   1 !   51.3   3.5   7.1e-15   8.8e-15      13      60 ..       7      54 ..       1      91 [. 0.88

  Alignments for each domain:
  == domain 1  score: 51.3 bits;  conditional E-value: 7.1e-15
                      gvpj 13 tssstladiLervLDkGvviagDiavsiadveLltiklRllvasvdka 60
                                 s+la++L+rvLDkGvvi     vs+  +eLlti+ R++vasvd+ 
  nat_b14dbbd56a14a6238029  7 PDASSLAEVLDRVLDKGVVIDVWARVSVVGIELLTIEARVVVASVDTF 54
                              5689******************************************85 PP

>> nat_0426b81b0cae1e176d21  
   #    score  bias  c-Evalue  i-Evalue hmmfrom  hmm to    alifrom  ali to    envfrom  env to     acc
 ---   ------ ----- --------- --------- ------- -------    ------- -------    ------- -------    ----
   1 !   51.4   1.7   6.5e-15     8e-15       9      59 ..       3      53 ..       1      64 [. 0.93

  Alignments for each domain:
  == domain 1  score: 51.4 bits;  conditional E-value: 6.5e-15
                      gvpj  9 iktstssstladiLervLDkGvviagDiavsiadveLltiklRllvasvdk 59
                              +++st ss+la++++r+LDkG+vi +   vs++ +e+lt++ R+++asvd+
  nat_0426b81b0cae1e176d21  3 VQKSTDSSSLAEVIDRILDKGIVIDAFARVSLLGIEILTVEARIVIASVDT 53
                              78999*********************************************7 PP

>> nat_4d4e00d31d935ed0527d  
   #    score  bias  c-Evalue  i-Evalue hmmfrom  hmm to    alifrom  ali to    envfrom  env to     acc
 ---   ------ ----- --------- --------- ------- -------    ------- -------    ------- -------    ----
   1 !   51.3   2.2   7.2e-15   8.8e-15       9      60 ..       4      55 ..       1      90 [. 0.88

  Alignments for each domain:
  == domain 1  score: 51.3 bits;  conditional E-value: 7.2e-15
                      gvpj  9 iktstssstladiLervLDkGvviagDiavsiadveLltiklRllvasvdka 60
                              ++    ss+la++L+r+LDkGvvi     vs+  +eLlt++ R++vasvd+ 
  nat_4d4e00d31d935ed0527d  4 PQRRPDSSSLAEVLDRILDKGVVIDIWARVSVVGIELLTVEARVVVASVDTF 55
                              5666789*******************************************85 PP

>> nat_6b2c0d4d7468a9bb7cde  
   #    score  bias  c-Evalue  i-Evalue hmmfrom  hmm to    alifrom  ali to    envfrom  env to     acc
 ---   ------ ----- --------- --------- ------- -------    ------- -------    ------- -------    ----
   1 !   51.1   3.8   8.3e-15     1e-14      13      63 ..       8      58 ..       2      93 .. 0.85

  Alignments for each domain:
  == domain 1  score: 51.1 bits;  conditional E-value: 8.3e-15
                      gvpj 13 tssstladiLervLDkGvviagDiavsiadveLltiklRllvasvdkakei 63
                                ss+la++L+r+LDkGvvi     vs+  +eLlti+ R++vasvd+  ++
  nat_6b2c0d4d7468a9bb7cde  8 PDSSSLAEVLDRILDKGVVIDIWARVSVVGIELLTIEARVVVASVDTFLHY 58
                              5799******************************************86554 PP

>> nat_2c228d21f1ff5bf415c0  
   #    score  bias  c-Evalue  i-Evalue hmmfrom  hmm to    alifrom  ali to    envfrom  env to     acc
 ---   ------ ----- --------- --------- ------- -------    ------- -------    ------- -------    ----
   1 !   51.6   0.6   5.8e-15   7.1e-15       9      59 ..       3      53 ..       1      79 [. 0.92

  Alignments for each domain:
  == domain 1  score: 51.6 bits;  conditional E-value: 5.8e-15
                      gvpj  9 iktstssstladiLervLDkGvviagDiavsiadveLltiklRllvasvdk 59
                              i+++t ss+la++++r+LDkG+vi +   vs+  +e+lt+  R+++asvd+
  nat_2c228d21f1ff5bf415c0  3 IQKTTDSSSLAEVIDRILDKGIVIDAFARVSLVGIEILTVDARVVIASVDT 53
                              78999*********************************************8 PP

>> nat_55e5b08f11099324ee5a  
   #    score  bias  c-Evalue  i-Evalue hmmfrom  hmm to    alifrom  ali to    envfrom  env to     acc
 ---   ------ ----- --------- --------- ------- -------    ------- -------    ------- -------    ----
   1 !   51.5   1.1   6.1e-15   7.5e-15       8      59 ..       2      53 ..       1      64 [. 0.94

  Alignments for each domain:
  == domain 1  score: 51.5 bits;  conditional E-value: 6.1e-15
                      gvpj  8 aiktstssstladiLervLDkGvviagDiavsiadveLltiklRllvasvdk 59
                              a+k+st  s+la++L+rvL+kG+vi     vs+  +eLl+i+ R+++asv++
  nat_55e5b08f11099324ee5a  2 ALKKSTDASSLAEVLDRVLEKGIVIDVWARVSLVGIELLSIEARVVIASVET 53
                              78999*********************************************97 PP

>> nat_a46817057b2430d35a66  
   #    score  bias  c-Evalue  i-Evalue hmmfrom  hmm to    alifrom  ali to    envfrom  env to     acc
 ---   ------ ----- --------- --------- ------- -------    ------- -------    ------- -------    ----
   1 !   51.4   2.0   6.8e-15   8.4e-15       9      59 ..       3      53 ..       1      64 [. 0.93

  Alignments for each domain:
  == domain 1  score: 51.4 bits;  conditional E-value: 6.8e-15
                      gvpj  9 iktstssstladiLervLDkGvviagDiavsiadveLltiklRllvasvdk 59
                              ++++t ss+la++++r+LDkG+vi +   vs+  +e+lt++ R+++asvd+
  nat_a46817057b2430d35a66  3 VQKTTDSSSLAEVIDRILDKGIVIDAFARVSVVGIEILTVEARVVIASVDT 53
                              788999********************************************7 PP

>> nat_dc6aa26cbe06c32b68c2  
   #    score  bias  c-Evalue  i-Evalue hmmfrom  hmm to    alifrom  ali to    envfrom  env to     acc
 ---   ------ ----- --------- --------- ------- -------    ------- -------    ------- -------    ----
   1 !   51.0   3.5   8.6e-15   1.1e-14      13      60 ..       8      55 ..       2      92 .. 0.88

  Alignments for each domain:
  == domain 1  score: 51.0 bits;  conditional E-value: 8.6e-15
                      gvpj 13 tssstladiLervLDkGvviagDiavsiadveLltiklRllvasvdka 60
                                ss+la++L+r+LDkGvvi     vs+  +eLlti+ R++vasvd+ 
  nat_dc6aa26cbe06c32b68c2  8 PDSSSLAEVLDRILDKGVVIDIWARVSVVGIELLTIEARVVVASVDTF 55
                              5799******************************************85 PP

>> nat_019e4d041634e825f3b4  
   #    score  bias  c-Evalue  i-Evalue hmmfrom  hmm to    alifrom  ali to    envfrom  env to     acc
 ---   ------ ----- --------- --------- ------- -------    ------- -------    ------- -------    ----
   1 !   51.5   1.0   6.1e-15   7.4e-15       9      59 ..       3      53 ..       1      78 [. 0.92

  Alignments for each domain:
  == domain 1  score: 51.5 bits;  conditional E-value: 6.1e-15
                      gvpj  9 iktstssstladiLervLDkGvviagDiavsiadveLltiklRllvasvdk 59
                              i+++t ss+la++++r+LDkG+vi +   vs+  +e+lt+  R+++asvd+
  nat_019e4d041634e825f3b4  3 IQKTTDSSSLAEVIDRILDKGIVIDAYARVSLVGIEVLTVDARIVIASVDT 53
                              78999*********************************************8 PP

>> nat_3d7fc725cd17cf23a73c  
   #    score  bias  c-Evalue  i-Evalue hmmfrom  hmm to    alifrom  ali to    envfrom  env to     acc
 ---   ------ ----- --------- --------- ------- -------    ------- -------    ------- -------    ----
   1 !   51.2   2.7   7.6e-15   9.3e-15      12      64 ..       7      59 ..       2      95 .. 0.84

  Alignments for each domain:
  == domain 1  score: 51.2 bits;  conditional E-value: 7.6e-15
                      gvpj 12 stssstladiLervLDkGvviagDiavsiadveLltiklRllvasvdkakeiG 64
                                 ss+la++L+r+LDkGvvi     vs+  +eLlt++ R++vasvd+  ++ 
  nat_3d7fc725cd17cf23a73c  7 RPDSSSLAEVLDRILDKGVVIDVWARVSVVGIELLTVEARVVVASVDTFLHYA 59
                              55799******************************************966554 PP

>> nat_df27c6cb10b51229e5ef  
   #    score  bias  c-Evalue  i-Evalue hmmfrom  hmm to    alifrom  ali to    envfrom  env to     acc
 ---   ------ ----- --------- --------- ------- -------    ------- -------    ------- -------    ----
   1 !   51.5   1.0   6.1e-15   7.5e-15       9      60 ..       4      55 ..       1      72 [. 0.89

  Alignments for each domain:
  == domain 1  score: 51.5 bits;  conditional E-value: 6.1e-15
                      gvpj  9 iktstssstladiLervLDkGvviagDiavsiadveLltiklRllvasvdka 60
                              + tst +stl d+++r+LDkG+v+ + ++vs+  +e+l+i+ R+++asv++ 
  nat_df27c6cb10b51229e5ef  4 VSTSTGTSTLGDVIDRILDKGIVVDAWVKVSLVGIEVLSIEARVVIASVETY 55
                              6789999******************************************974 PP

>> nat_fca422d4ddd5dcd65605  
   #    score  bias  c-Evalue  i-Evalue hmmfrom  hmm to    alifrom  ali to    envfrom  env to     acc
 ---   ------ ----- --------- --------- ------- -------    ------- -------    ------- -------    ----
   1 !   51.1   3.2   8.4e-15     1e-14      14      60 ..      10      56 ..       2      84 .. 0.91

  Alignments for each domain:
  == domain 1  score: 51.1 bits;  conditional E-value: 8.4e-15
                      gvpj 14 ssstladiLervLDkGvviagDiavsiadveLltiklRllvasvdka 60
                               ss+la++L+r+LDkGvvi     +s+  +eLlti+ R++vasvd+ 
  nat_fca422d4ddd5dcd65605 10 DSSSLAEVLDRILDKGVVIDVWARISVVGIELLTIEARVVVASVDTF 56
                              689******************************************85 PP

>> nat_0ae199fc6d044a2da135  
   #    score  bias  c-Evalue  i-Evalue hmmfrom  hmm to    alifrom  ali to    envfrom  env to     acc
 ---   ------ ----- --------- --------- ------- -------    ------- -------    ------- -------    ----
   1 !   51.2   2.8   7.8e-15   9.6e-15      12      60 ..       7      55 ..       1      94 [. 0.90

  Alignments for each domain:
  == domain 1  score: 51.2 bits;  conditional E-value: 7.8e-15
                      gvpj 12 stssstladiLervLDkGvviagDiavsiadveLltiklRllvasvdka 60
                                 ss+la++L+rvLDkGvvi     vs+  +eLlt++ R++vasvd+ 
  nat_0ae199fc6d044a2da135  7 RPDSSSLAEVLDRVLDKGVVIDVWARVSVVGIELLTVEARVVVASVDTF 55
                              45789******************************************85 PP

>> nat_ce3165ca201b0c8e2c6c  
   #    score  bias  c-Evalue  i-Evalue hmmfrom  hmm to    alifrom  ali to    envfrom  env to     acc
 ---   ------ ----- --------- --------- ------- -------    ------- -------    ------- -------    ----
   1 !   51.5   1.0   6.2e-15   7.6e-15       9      59 ..       3      53 ..       1      80 [. 0.92

  Alignments for each domain:
  == domain 1  score: 51.5 bits;  conditional E-value: 6.2e-15
                      gvpj  9 iktstssstladiLervLDkGvviagDiavsiadveLltiklRllvasvdk 59
                              i++s+ ss+la++++r+LDkG+vi +   vs+  +e+lt++ R+++asvd+
  nat_ce3165ca201b0c8e2c6c  3 IQKSNDSSSLAEVIDRILDKGIVIDAFARVSLVGIEILTVEARVVIASVDT 53
                              788999********************************************7 PP

>> nat_9b4ea9dc72fc9d6476a6  
   #    score  bias  c-Evalue  i-Evalue hmmfrom  hmm to    alifrom  ali to    envfrom  env to     acc
 ---   ------ ----- --------- --------- ------- -------    ------- -------    ------- -------    ----
   1 !   51.4   1.3   6.6e-15   8.1e-15       8      59 ..       2      53 ..       1      66 [. 0.92

  Alignments for each domain:
  == domain 1  score: 51.4 bits;  conditional E-value: 6.6e-15
                      gvpj  8 aiktstssstladiLervLDkGvviagDiavsiadveLltiklRllvasvdk 59
                              a+++++sss+la++++r+LDkG+vi +    s+  +eL++i+ R+++asv++
  nat_9b4ea9dc72fc9d6476a6  2 AVEKTNSSSSLAEVIDRILDKGIVIDAWARASLVGIELIAIEARIVIASVET 53
                              78999*********************************************97 PP

>> nat_09086542d4cbb738c598  
   #    score  bias  c-Evalue  i-Evalue hmmfrom  hmm to    alifrom  ali to    envfrom  env to     acc
 ---   ------ ----- --------- --------- ------- -------    ------- -------    ------- -------    ----
   1 !   51.4   1.1   6.5e-15   7.9e-15       9      59 ..       3      53 ..       1      77 [. 0.92

  Alignments for each domain:
  == domain 1  score: 51.4 bits;  conditional E-value: 6.5e-15
                      gvpj  9 iktstssstladiLervLDkGvviagDiavsiadveLltiklRllvasvdk 59
                              ++++  ss+la++++r+LDkG+vi +   vs+  +e+lt++ R+++asvd+
  nat_09086542d4cbb738c598  3 VQKTADSSSLAEVIDRILDKGIVIDAYARVSLVGIEILTVEARVVIASVDT 53
                              678899********************************************8 PP

>> nat_bb09971e1315fce64b6e  
   #    score  bias  c-Evalue  i-Evalue hmmfrom  hmm to    alifrom  ali to    envfrom  env to     acc
 ---   ------ ----- --------- --------- ------- -------    ------- -------    ------- -------    ----
   1 !   51.4   1.1   6.4e-15   7.9e-15       9      60 ..       4      55 ..       1      71 [. 0.90

  Alignments for each domain:
  == domain 1  score: 51.4 bits;  conditional E-value: 6.4e-15
                      gvpj  9 iktstssstladiLervLDkGvviagDiavsiadveLltiklRllvasvdka 60
                              i++st ss+la++++r+LDkG+v+    +vs+  +eLl+++ R++vasv++ 
  nat_bb09971e1315fce64b6e  4 IQKSTDSSSLAEVVDRILDKGIVVDVWAKVSLVGIELLSVEARVVVASVETY 55
                              78999********************************************974 PP

>> nat_49d3875a5ef4bbb644f9  
   #    score  bias  c-Evalue  i-Evalue hmmfrom  hmm to    alifrom  ali to    envfrom  env to     acc
 ---   ------ ----- --------- --------- ------- -------    ------- -------    ------- -------    ----
   1 !   51.0   3.4   8.7e-15   1.1e-14      14      60 ..      10      56 ..       2      82 .. 0.91

  Alignments for each domain:
  == domain 1  score: 51.0 bits;  conditional E-value: 8.7e-15
                      gvpj 14 ssstladiLervLDkGvviagDiavsiadveLltiklRllvasvdka 60
                               ss+la++L+r+LDkGvvi     vs+  +eLlti+ R++vasvd+ 
  nat_49d3875a5ef4bbb644f9 10 DSSSLAEVLDRILDKGVVIDVWARVSVVGIELLTIEARVVVASVDTF 56
                              689******************************************85 PP

>> nat_39a0d637b9f5ad86efbf  
   #    score  bias  c-Evalue  i-Evalue hmmfrom  hmm to    alifrom  ali to    envfrom  env to     acc
 ---   ------ ----- --------- --------- ------- -------    ------- -------    ------- -------    ----
   1 !   51.4   1.2   6.7e-15   8.2e-15       9      59 ..       3      53 ..       1      76 [. 0.92

  Alignments for each domain:
  == domain 1  score: 51.4 bits;  conditional E-value: 6.7e-15
                      gvpj  9 iktstssstladiLervLDkGvviagDiavsiadveLltiklRllvasvdk 59
                              ++++  ss+la++++r+LDkG+vi +   vs+  +e+lt++ R+++asvd+
  nat_39a0d637b9f5ad86efbf  3 VQKTADSSSLAEVIDRILDKGIVIDAYARVSLVGIEILTVEARVVIASVDT 53
                              678899********************************************8 PP

>> nat_78005b3dddedd0251b7e  
   #    score  bias  c-Evalue  i-Evalue hmmfrom  hmm to    alifrom  ali to    envfrom  env to     acc
 ---   ------ ----- --------- --------- ------- -------    ------- -------    ------- -------    ----
   1 !   50.8   4.3   9.8e-15   1.2e-14      13      60 ..       8      55 ..       2      94 .. 0.88

  Alignments for each domain:
  == domain 1  score: 50.8 bits;  conditional E-value: 9.8e-15
                      gvpj 13 tssstladiLervLDkGvviagDiavsiadveLltiklRllvasvdka 60
                                ss+la++L+r+LDkGvvi     vs+  +eLlti+ R++vasvd+ 
  nat_78005b3dddedd0251b7e  8 PDSSSLAEVLDRILDKGVVIDVWARVSVVGIELLTIEARVVVASVDTF 55
                              5799******************************************85 PP

>> nat_4dc9c1477d3d6b181da7  
   #    score  bias  c-Evalue  i-Evalue hmmfrom  hmm to    alifrom  ali to    envfrom  env to     acc
 ---   ------ ----- --------- --------- ------- -------    ------- -------    ------- -------    ----
   1 !   51.1   2.8   8.1e-15   9.9e-15      13      60 ..       8      55 ..       2      88 .. 0.91

  Alignments for each domain:
  == domain 1  score: 51.1 bits;  conditional E-value: 8.1e-15
                      gvpj 13 tssstladiLervLDkGvviagDiavsiadveLltiklRllvasvdka 60
                                 s+la++L+r+LDkGvvi     vs+  +eLlti+ R++vasvd+ 
  nat_4dc9c1477d3d6b181da7  8 PDASSLAEVLDRILDKGVVIDVWARVSVVGIELLTIEARVVVASVDTF 55
                              5689******************************************85 PP

>> nat_dbcea97f4e8354ba3556  
   #    score  bias  c-Evalue  i-Evalue hmmfrom  hmm to    alifrom  ali to    envfrom  env to     acc
 ---   ------ ----- --------- --------- ------- -------    ------- -------    ------- -------    ----
   1 !   51.0   2.5   8.5e-15     1e-14      12      63 ..       7      58 ..       2      89 .. 0.86

  Alignments for each domain:
  == domain 1  score: 51.0 bits;  conditional E-value: 8.5e-15
                      gvpj 12 stssstladiLervLDkGvviagDiavsiadveLltiklRllvasvdkakei 63
                                 ss+la++L+rvLDkGvvi     vs+  +eLlt++ R++vasvd+  ++
  nat_dbcea97f4e8354ba3556  7 RPDSSSLAEVLDRVLDKGVVIDIWARVSVVGIELLTVEARVVVASVDTFLHY 58
                              55799******************************************86554 PP

>> nat_a724b9a2188c92ae4680  
   #    score  bias  c-Evalue  i-Evalue hmmfrom  hmm to    alifrom  ali to    envfrom  env to     acc
 ---   ------ ----- --------- --------- ------- -------    ------- -------    ------- -------    ----
   1 !   51.3   1.4   7.1e-15   8.7e-15       9      59 ..       3      53 ..       1      71 [. 0.93

  Alignments for each domain:
  == domain 1  score: 51.3 bits;  conditional E-value: 7.1e-15
                      gvpj  9 iktstssstladiLervLDkGvviagDiavsiadveLltiklRllvasvdk 59
                              i++s  ss+la++++r+LDkG+vi +   vs+  +e+lt++ R+++asvd+
  nat_a724b9a2188c92ae4680  3 IQKSADSSSLAEVIDRILDKGIVIDAYARVSLVGIEILTVEARVVIASVDT 53
                              788999********************************************8 PP

>> nat_83d86218590801baa4be  
   #    score  bias  c-Evalue  i-Evalue hmmfrom  hmm to    alifrom  ali to    envfrom  env to     acc
 ---   ------ ----- --------- --------- ------- -------    ------- -------    ------- -------    ----
   1 !   51.2   2.2   7.3e-15     9e-15       9      59 ..       3      53 ..       1      68 [. 0.93

  Alignments for each domain:
  == domain 1  score: 51.2 bits;  conditional E-value: 7.3e-15
                      gvpj  9 iktstssstladiLervLDkGvviagDiavsiadveLltiklRllvasvdk 59
                              i++s  ss+la++++r+LDkG+vi +   vs+  +e+lti+ R+++asvd+
  nat_83d86218590801baa4be  3 IQKSADSSSLAEVIDRILDKGIVIDAFARVSLVGIEILTIEARVVIASVDT 53
                              678999********************************************7 PP

>> nat_fe5639b3f6715383286a  
   #    score  bias  c-Evalue  i-Evalue hmmfrom  hmm to    alifrom  ali to    envfrom  env to     acc
 ---   ------ ----- --------- --------- ------- -------    ------- -------    ------- -------    ----
   1 !   51.4   0.8   6.6e-15   8.1e-15       9      59 ..       3      53 ..       1      81 [. 0.93

  Alignments for each domain:
  == domain 1  score: 51.4 bits;  conditional E-value: 6.6e-15
                      gvpj  9 iktstssstladiLervLDkGvviagDiavsiadveLltiklRllvasvdk 59
                              +++st ss+la++++r+LDkGvvi     vs+  +eL+t++ R+++asvd+
  nat_fe5639b3f6715383286a  3 VQKSTDSSSLAEVIDRILDKGVVIDVFARVSLVGIELITVEARVVIASVDT 53
                              78999*********************************************7 PP

>> nat_36bb407811468e3b13d9  
   #    score  bias  c-Evalue  i-Evalue hmmfrom  hmm to    alifrom  ali to    envfrom  env to     acc
 ---   ------ ----- --------- --------- ------- -------    ------- -------    ------- -------    ----
   1 !   50.8   2.9   9.8e-15   1.2e-14      13      62 ..       8      57 ..       2      98 .. 0.85

  Alignments for each domain:
  == domain 1  score: 50.8 bits;  conditional E-value: 9.8e-15
                      gvpj 13 tssstladiLervLDkGvviagDiavsiadveLltiklRllvasvdkake 62
                                ss+la++L+r+LDkGvvi     vs+  +eLlt++ R++vasvd+  +
  nat_36bb407811468e3b13d9  8 PDSSSLAEVLDRILDKGVVIDVWARVSVVGIELLTVEARVVVASVDTFLH 57
                              5799******************************************8544 PP

>> nat_e1d8e1d8d2f54947a961  
   #    score  bias  c-Evalue  i-Evalue hmmfrom  hmm to    alifrom  ali to    envfrom  env to     acc
 ---   ------ ----- --------- --------- ------- -------    ------- -------    ------- -------    ----
   1 !   51.2   1.9   7.4e-15   9.1e-15       9      59 ..       3      53 ..       1      70 [. 0.93

  Alignments for each domain:
  == domain 1  score: 51.2 bits;  conditional E-value: 7.4e-15
                      gvpj  9 iktstssstladiLervLDkGvviagDiavsiadveLltiklRllvasvdk 59
                              i++st ss+la++++r+LDkG+vi +   vs+  +e+lt++ R+++asvd+
  nat_e1d8e1d8d2f54947a961  3 IQKSTDSSSLAEVIDRILDKGIVIDAFARVSLVGIEILTVEARVVIASVDT 53
                              7899**********************************************7 PP

>> nat_509311e69b214d9f94e7  
   #    score  bias  c-Evalue  i-Evalue hmmfrom  hmm to    alifrom  ali to    envfrom  env to     acc
 ---   ------ ----- --------- --------- ------- -------    ------- -------    ------- -------    ----
   1 !   51.3   1.1   6.9e-15   8.5e-15       9      59 ..       3      53 ..       1      79 [. 0.92

  Alignments for each domain:
  == domain 1  score: 51.3 bits;  conditional E-value: 6.9e-15
                      gvpj  9 iktstssstladiLervLDkGvviagDiavsiadveLltiklRllvasvdk 59
                              i++s+ ss+la++++r+LDkG+vi +   vs+  +e+lt++ R+++asvd+
  nat_509311e69b214d9f94e7  3 IQKSNDSSSLAEVIDRILDKGIVIDAFARVSLVGIEILTVEARVVIASVDT 53
                              788999********************************************7 PP

>> nat_8d29ff35edf68fc809de  
   #    score  bias  c-Evalue  i-Evalue hmmfrom  hmm to    alifrom  ali to    envfrom  env to     acc
 ---   ------ ----- --------- --------- ------- -------    ------- -------    ------- -------    ----
   1 !   51.1   2.5   8.2e-15     1e-14       9      61 ..       4      56 ..       1      93 [. 0.87

  Alignments for each domain:
  == domain 1  score: 51.1 bits;  conditional E-value: 8.2e-15
                      gvpj  9 iktstssstladiLervLDkGvviagDiavsiadveLltiklRllvasvdkak 61
                              ++    ss+la++L+r+LDkGvvi     vs+  +eLlt++ R++vasvd+  
  nat_8d29ff35edf68fc809de  4 PQRRPDSSSLAEVLDRILDKGVVIDIWARVSVVGIELLTVEARVVVASVDTFL 56
                              5666789*******************************************854 PP

>> nat_70e619942db9ffc2c9b7  
   #    score  bias  c-Evalue  i-Evalue hmmfrom  hmm to    alifrom  ali to    envfrom  env to     acc
 ---   ------ ----- --------- --------- ------- -------    ------- -------    ------- -------    ----
   1 !   51.4   1.1   6.8e-15   8.3e-15       9      59 ..       3      53 ..       1      79 [. 0.92

  Alignments for each domain:
  == domain 1  score: 51.4 bits;  conditional E-value: 6.8e-15
                      gvpj  9 iktstssstladiLervLDkGvviagDiavsiadveLltiklRllvasvdk 59
                              i++s+ ss+la++++r+LDkG+vi +   vs+  +e+lt++ R+++asvd+
  nat_70e619942db9ffc2c9b7  3 IQKSNDSSSLAEVIDRILDKGIVIDAFARVSLVGIEILTVEARVVIASVDT 53
                              788999********************************************7 PP

>> nat_1eda5f35014077cd8e25  
   #    score  bias  c-Evalue  i-Evalue hmmfrom  hmm to    alifrom  ali to    envfrom  env to     acc
 ---   ------ ----- --------- --------- ------- -------    ------- -------    ------- -------    ----
   1 !   50.9   3.2   9.7e-15   1.2e-14      13      60 ..       8      55 ..       2      83 .. 0.90

  Alignments for each domain:
  == domain 1  score: 50.9 bits;  conditional E-value: 9.7e-15
                      gvpj 13 tssstladiLervLDkGvviagDiavsiadveLltiklRllvasvdka 60
                                ss+la++L+rvLDkGvvi     +s+  +eL+ti+ R++vasvd+ 
  nat_1eda5f35014077cd8e25  8 PDSSSLAEVLDRVLDKGVVIDVWARISVVGIELITIEARVVVASVDTF 55
                              5799******************************************85 PP

>> nat_02fc048053a10b210a78  
   #    score  bias  c-Evalue  i-Evalue hmmfrom  hmm to    alifrom  ali to    envfrom  env to     acc
 ---   ------ ----- --------- --------- ------- -------    ------- -------    ------- -------    ----
   1 !   51.3   0.5   7.1e-15   8.7e-15      17      58 ..      20      61 ..       1      65 [. 0.91

  Alignments for each domain:
  == domain 1  score: 51.3 bits;  conditional E-value: 7.1e-15
                      gvpj 17 tladiLervLDkGvviagDiavsiadveLltiklRllvasvd 58
                               l+d+L+rvL  Gvvi+gDi++++adv+L+ i lR+lvasv 
  nat_02fc048053a10b210a78 20 ALVDLLDRVLATGVVISGDITIAVADVDLVRISLRALVASVG 61
                              79**************************************95 PP

>> nat_14984df4adbcd7a23bc2  
   #    score  bias  c-Evalue  i-Evalue hmmfrom  hmm to    alifrom  ali to    envfrom  env to     acc
 ---   ------ ----- --------- --------- ------- -------    ------- -------    ------- -------    ----
   1 !   51.2   0.6   7.4e-15   9.1e-15      17      58 ..      20      61 ..       1      65 [. 0.91

  Alignments for each domain:
  == domain 1  score: 51.2 bits;  conditional E-value: 7.4e-15
                      gvpj 17 tladiLervLDkGvviagDiavsiadveLltiklRllvasvd 58
                               l+d+L+rvL  Gvvi+gDi+++iadv+L+ i lR+lvasv 
  nat_14984df4adbcd7a23bc2 20 ALVDLLDRVLATGVVISGDITIAIADVDLVRISLRALVASVG 61
                              79**************************************95 PP

>> nat_b5ccff48f879b7cc34ad  
   #    score  bias  c-Evalue  i-Evalue hmmfrom  hmm to    alifrom  ali to    envfrom  env to     acc
 ---   ------ ----- --------- --------- ------- -------    ------- -------    ------- -------    ----
   1 !   50.6   4.2   1.2e-14   1.5e-14      12      60 ..       7      55 ..       2      91 .. 0.88

  Alignments for each domain:
  == domain 1  score: 50.6 bits;  conditional E-value: 1.2e-14
                      gvpj 12 stssstladiLervLDkGvviagDiavsiadveLltiklRllvasvdka 60
                                 ss+la++L+r+LDkGvvi     vs+  +eLlti+ R++vasvd+ 
  nat_b5ccff48f879b7cc34ad  7 RPDSSSLAEVLDRILDKGVVIDIWARVSVVGIELLTIEARVVVASVDTF 55
                              55799******************************************85 PP

>> nat_8d6274f78693091697cf  
   #    score  bias  c-Evalue  i-Evalue hmmfrom  hmm to    alifrom  ali to    envfrom  env to     acc
 ---   ------ ----- --------- --------- ------- -------    ------- -------    ------- -------    ----
   1 !   51.2   1.5   7.4e-15     9e-15       8      60 ..       2      54 ..       1      64 [. 0.92

  Alignments for each domain:
  == domain 1  score: 51.2 bits;  conditional E-value: 7.4e-15
                      gvpj  8 aiktstssstladiLervLDkGvviagDiavsiadveLltiklRllvasvdka 60
                              a+++ + ss+la++++r+LDkG+vi + + vs+  +eLl+++ R++va vd+ 
  nat_8d6274f78693091697cf  2 AVEKMNASSSLAEVVDRILDKGIVIDAWVRVSLVGIELLAVEARVVVAGVDTY 54
                              6788899********************************************84 PP

>> nat_6681febe116459c77b18  
   #    score  bias  c-Evalue  i-Evalue hmmfrom  hmm to    alifrom  ali to    envfrom  env to     acc
 ---   ------ ----- --------- --------- ------- -------    ------- -------    ------- -------    ----
   1 !   50.8   3.8     1e-14   1.2e-14      13      60 ..       8      55 ..       2      93 .. 0.88

  Alignments for each domain:
  == domain 1  score: 50.8 bits;  conditional E-value: 1e-14
                      gvpj 13 tssstladiLervLDkGvviagDiavsiadveLltiklRllvasvdka 60
                                ss+la++L+r+LDkGvvi     vs+  +eLlti+ R++vasvd+ 
  nat_6681febe116459c77b18  8 PDSSSLAEVLDRILDKGVVIDIWARVSVVGIELLTIEARVVVASVDTF 55
                              5799******************************************85 PP

>> nat_57d11d6b58e3b78591e1  
   #    score  bias  c-Evalue  i-Evalue hmmfrom  hmm to    alifrom  ali to    envfrom  env to     acc
 ---   ------ ----- --------- --------- ------- -------    ------- -------    ------- -------    ----
   1 !   51.0   3.3   8.8e-15   1.1e-14      14      60 ..      10      56 ..       2      80 .. 0.92

  Alignments for each domain:
  == domain 1  score: 51.0 bits;  conditional E-value: 8.8e-15
                      gvpj 14 ssstladiLervLDkGvviagDiavsiadveLltiklRllvasvdka 60
                               ss+la++L+r+LDkGvvi     vs+  +eLlti+ R++vasvd+ 
  nat_57d11d6b58e3b78591e1 10 DSSSLAEVLDRILDKGVVIDVWARVSVVGIELLTIEARVVVASVDTF 56
                              689******************************************85 PP

>> nat_72774f3330f715fae401  
   #    score  bias  c-Evalue  i-Evalue hmmfrom  hmm to    alifrom  ali to    envfrom  env to     acc
 ---   ------ ----- --------- --------- ------- -------    ------- -------    ------- -------    ----
   1 !   51.1   2.0   7.9e-15   9.7e-15       9      59 ..       3      53 ..       1      69 [. 0.93

  Alignments for each domain:
  == domain 1  score: 51.1 bits;  conditional E-value: 7.9e-15
                      gvpj  9 iktstssstladiLervLDkGvviagDiavsiadveLltiklRllvasvdk 59
                              i++st ss+la++++r+LDkG+vi +   vs+  +e+lt++ R+++asvd+
  nat_72774f3330f715fae401  3 IQKSTDSSSLAEVIDRILDKGIVIDAFARVSLVGIEILTVEARVVIASVDT 53
                              7899**********************************************7 PP

>> nat_38cb7bda240a833d36b3  
   #    score  bias  c-Evalue  i-Evalue hmmfrom  hmm to    alifrom  ali to    envfrom  env to     acc
 ---   ------ ----- --------- --------- ------- -------    ------- -------    ------- -------    ----
   1 !   50.7   3.8   1.1e-14   1.3e-14      12      60 ..       7      55 ..       2      94 .. 0.89

  Alignments for each domain:
  == domain 1  score: 50.7 bits;  conditional E-value: 1.1e-14
                      gvpj 12 stssstladiLervLDkGvviagDiavsiadveLltiklRllvasvdka 60
                                 ss+la++L+r+LDkGvvi     vs+  +eLlti+ R+++asvd+ 
  nat_38cb7bda240a833d36b3  7 RPDSSSLAEVLDRILDKGVVIDVWARVSVVGIELLTIEARVVIASVDTF 55
                              55799******************************************85 PP

>> nat_13b468f1d3a3dbb11fa2  
   #    score  bias  c-Evalue  i-Evalue hmmfrom  hmm to    alifrom  ali to    envfrom  env to     acc
 ---   ------ ----- --------- --------- ------- -------    ------- -------    ------- -------    ----
   1 !   51.2   1.2   7.4e-15   9.1e-15       9      59 ..       3      53 ..       1      78 [. 0.93

  Alignments for each domain:
  == domain 1  score: 51.2 bits;  conditional E-value: 7.4e-15
                      gvpj  9 iktstssstladiLervLDkGvviagDiavsiadveLltiklRllvasvdk 59
                              i++s+ ss+la++++r+LDkG+vi +   vs+  +e+lt++ R+++asvd+
  nat_13b468f1d3a3dbb11fa2  3 IQKSNDSSSLAEVIDRILDKGIVIDAFARVSLVGIEILTVEARVVIASVDT 53
                              788999********************************************7 PP

>> nat_dad443e0412ef646de5e  
   #    score  bias  c-Evalue  i-Evalue hmmfrom  hmm to    alifrom  ali to    envfrom  env to     acc
 ---   ------ ----- --------- --------- ------- -------    ------- -------    ------- -------    ----
   1 !   50.8   3.9     1e-14   1.3e-14      14      60 ..      10      56 ..       2      93 .. 0.89

  Alignments for each domain:
  == domain 1  score: 50.8 bits;  conditional E-value: 1e-14
                      gvpj 14 ssstladiLervLDkGvviagDiavsiadveLltiklRllvasvdka 60
                               ss+la++L+r+LDkGvvi     vs+  +eLlti+ R++vasvd+ 
  nat_dad443e0412ef646de5e 10 DSSSLAEVLDRILDKGVVIDVWARVSVVGIELLTIEARVVVASVDTF 56
                              689******************************************85 PP

>> nat_edc787924d6392f7c1f5  
   #    score  bias  c-Evalue  i-Evalue hmmfrom  hmm to    alifrom  ali to    envfrom  env to     acc
 ---   ------ ----- --------- --------- ------- -------    ------- -------    ------- -------    ----
   1 !   50.8   4.0     1e-14   1.2e-14      13      60 ..       7      54 ..       1      93 [. 0.87

  Alignments for each domain:
  == domain 1  score: 50.8 bits;  conditional E-value: 1e-14
                      gvpj 13 tssstladiLervLDkGvviagDiavsiadveLltiklRllvasvdka 60
                                 s+la++L+rvLDkGvvi     vs+  +eLlti+ R++vasvd+ 
  nat_edc787924d6392f7c1f5  7 PDASSLAEVLDRVLDKGVVIDVWARVSVVGIELLTIEARVVVASVDTF 54
                              5689******************************************85 PP

>> nat_ed3338aeeaf3197e41d9  
   #    score  bias  c-Evalue  i-Evalue hmmfrom  hmm to    alifrom  ali to    envfrom  env to     acc
 ---   ------ ----- --------- --------- ------- -------    ------- -------    ------- -------    ----
   1 !   51.1   1.9   8.1e-15   9.9e-15       8      60 ..       2      54 ..       1      64 [. 0.91

  Alignments for each domain:
  == domain 1  score: 51.1 bits;  conditional E-value: 8.1e-15
                      gvpj  8 aiktstssstladiLervLDkGvviagDiavsiadveLltiklRllvasvdka 60
                              a++++  ss+l+++++r+LDkGvv+ + + +s+  +eLl+i+ R++vasv++ 
  nat_ed3338aeeaf3197e41d9  2 AVEKTIGSSSLVEVIDRILDKGVVVDAWVRMSLVGIELLAIEARVVVASVETY 54
                              7889999*******************************************974 PP

>> nat_03154ee220c3666c043c  
   #    score  bias  c-Evalue  i-Evalue hmmfrom  hmm to    alifrom  ali to    envfrom  env to     acc
 ---   ------ ----- --------- --------- ------- -------    ------- -------    ------- -------    ----
   1 !   51.2   1.3   7.7e-15   9.5e-15       9      59 ..       3      53 ..       1      78 [. 0.93

  Alignments for each domain:
  == domain 1  score: 51.2 bits;  conditional E-value: 7.7e-15
                      gvpj  9 iktstssstladiLervLDkGvviagDiavsiadveLltiklRllvasvdk 59
                              i+++t ss+la++++r+LDkG+vi +   vs+  +e+lt+  R+++asvd+
  nat_03154ee220c3666c043c  3 IQKTTDSSSLAEVIDRILDKGIVIDAYARVSLVGIEVLTVDARIVIASVDT 53
                              78999*********************************************7 PP

>> nat_419538444627b50496c7  
   #    score  bias  c-Evalue  i-Evalue hmmfrom  hmm to    alifrom  ali to    envfrom  env to     acc
 ---   ------ ----- --------- --------- ------- -------    ------- -------    ------- -------    ----
   1 !   51.0   0.8   8.5e-15     1e-14       8      59 ..      13      64 ..       7      81 .. 0.89

  Alignments for each domain:
  == domain 1  score: 51.0 bits;  conditional E-value: 8.5e-15
                      gvpj  8 aiktstssstladiLervLDkGvviagDiavsiadveLltiklRllvasvdk 59
                               i++st ss+la++++r+LDkGvv+    +vs+  +eLl+++ R++vasv+ 
  nat_419538444627b50496c7 13 KIQKSTDSSSLAEVVDRILDKGVVVDVWAKVSLVGIELLSVEARVVVASVES 64
                              578999********************************************96 PP

>> nat_12c980f97c4e594a42de  
   #    score  bias  c-Evalue  i-Evalue hmmfrom  hmm to    alifrom  ali to    envfrom  env to     acc
 ---   ------ ----- --------- --------- ------- -------    ------- -------    ------- -------    ----
   1 !   51.1   1.0     8e-15   9.7e-15       9      60 ..       4      55 ..       1      72 [. 0.89

  Alignments for each domain:
  == domain 1  score: 51.1 bits;  conditional E-value: 8e-15
                      gvpj  9 iktstssstladiLervLDkGvviagDiavsiadveLltiklRllvasvdka 60
                              + t+t +s+l d+++r+LDkG+v+ + ++vs+  +e+l+i+ R+++asv++ 
  nat_12c980f97c4e594a42de  4 VSTTTGNSSLGDVIDRILDKGIVVDAWVKVSLVGIEVLSIEARVVIASVETY 55
                              6788999******************************************974 PP

>> nat_0e04889ea449c11132b4  
   #    score  bias  c-Evalue  i-Evalue hmmfrom  hmm to    alifrom  ali to    envfrom  env to     acc
 ---   ------ ----- --------- --------- ------- -------    ------- -------    ------- -------    ----
   1 !   51.1   0.8   8.2e-15     1e-14       9      60 ..       4      55 ..       1      71 [. 0.90

  Alignments for each domain:
  == domain 1  score: 51.1 bits;  conditional E-value: 8.2e-15
                      gvpj  9 iktstssstladiLervLDkGvviagDiavsiadveLltiklRllvasvdka 60
                              +++st ss la++++r+LDkG+vi +   vs+  +eL++++ R+++asv++ 
  nat_0e04889ea449c11132b4  4 VQKSTDSSGLAEVVDRILDKGIVIDAFARVSLVGIELVSVEARIVIASVETY 55
                              678999*******************************************984 PP

>> nat_a49cfe7d33cec22c3905  
   #    score  bias  c-Evalue  i-Evalue hmmfrom  hmm to    alifrom  ali to    envfrom  env to     acc
 ---   ------ ----- --------- --------- ------- -------    ------- -------    ------- -------    ----
   1 !   50.5   4.4   1.2e-14   1.5e-14      13      60 ..       8      55 ..       2      94 .. 0.88

  Alignments for each domain:
  == domain 1  score: 50.5 bits;  conditional E-value: 1.2e-14
                      gvpj 13 tssstladiLervLDkGvviagDiavsiadveLltiklRllvasvdka 60
                                ss+la++L+r+LDkGvvi     +s+  +eLlti+ R++vasvd+ 
  nat_a49cfe7d33cec22c3905  8 PDSSSLAEVLDRILDKGVVIDVWARISVVGIELLTIEARVVVASVDTF 55
                              5799******************************************85 PP

>> nat_69442765a7e1224b0435  
   #    score  bias  c-Evalue  i-Evalue hmmfrom  hmm to    alifrom  ali to    envfrom  env to     acc
 ---   ------ ----- --------- --------- ------- -------    ------- -------    ------- -------    ----
   1 !   50.7   3.9   1.1e-14   1.3e-14      14      60 ..      10      56 ..       2      94 .. 0.91

  Alignments for each domain:
  == domain 1  score: 50.7 bits;  conditional E-value: 1.1e-14
                      gvpj 14 ssstladiLervLDkGvviagDiavsiadveLltiklRllvasvdka 60
                               ss+la++L+r+LDkGvvi     vs+  +eLlti+ R++vasvd+ 
  nat_69442765a7e1224b0435 10 DSSSLAEVLDRILDKGVVIDVWARVSVVGIELLTIEARVVVASVDTF 56
                              689******************************************85 PP

>> nat_00c6196a0e576e2b1900  
   #    score  bias  c-Evalue  i-Evalue hmmfrom  hmm to    alifrom  ali to    envfrom  env to     acc
 ---   ------ ----- --------- --------- ------- -------    ------- -------    ------- -------    ----
   1 !   50.9   1.9   9.6e-15   1.2e-14      14      57 ..      18      61 ..       2      64 .. 0.90

  Alignments for each domain:
  == domain 1  score: 50.9 bits;  conditional E-value: 9.6e-15
                      gvpj 14 ssstladiLervLDkGvviagDiavsiadveLltiklRllvasv 57
                               s  l+d+L+rvL +Gvv++gDi+++iadv+L+ i lR+lvas+
  nat_00c6196a0e576e2b1900 18 RSVALVDVLDRVLARGVVVSGDITIAIADVDLVRISLRALVASI 61
                              5678***************************************8 PP

>> nat_3dcd4bf22b7bbdb49d82  
   #    score  bias  c-Evalue  i-Evalue hmmfrom  hmm to    alifrom  ali to    envfrom  env to     acc
 ---   ------ ----- --------- --------- ------- -------    ------- -------    ------- -------    ----
   1 !   50.0   5.5   1.8e-14   2.3e-14      12      62 ..       7      57 ..       2      95 .] 0.84

  Alignments for each domain:
  == domain 1  score: 50.0 bits;  conditional E-value: 1.8e-14
                      gvpj 12 stssstladiLervLDkGvviagDiavsiadveLltiklRllvasvdkake 62
                                 ss+la++L+r+LDkGvvi     vs+  +eLlti+ R++vasvd+  +
  nat_3dcd4bf22b7bbdb49d82  7 RPDSSSLAEVLDRILDKGVVIDVWARVSVVGIELLTIEARVVVASVDTFLH 57
                              55799******************************************8655 PP

>> nat_a539aed46db05ce9e162  
   #    score  bias  c-Evalue  i-Evalue hmmfrom  hmm to    alifrom  ali to    envfrom  env to     acc
 ---   ------ ----- --------- --------- ------- -------    ------- -------    ------- -------    ----
   1 !   50.8   0.8   9.8e-15   1.2e-14      16      58 ..      20      62 ..       4      67 .. 0.91

  Alignments for each domain:
  == domain 1  score: 50.8 bits;  conditional E-value: 9.8e-15
                      gvpj 16 stladiLervLDkGvviagDiavsiadveLltiklRllvasvd 58
                               +l+d+L+rvL  Gvvi+gDi+++iadv+L+ + lR+lvasv 
  nat_a539aed46db05ce9e162 20 VSLVDLLDRVLATGVVISGDITIAIADVDLVRVSLRALVASVG 62
                              589**************************************96 PP

>> nat_e60de74ad1cb6abf6e34  
   #    score  bias  c-Evalue  i-Evalue hmmfrom  hmm to    alifrom  ali to    envfrom  env to     acc
 ---   ------ ----- --------- --------- ------- -------    ------- -------    ------- -------    ----
   1 !   50.9   1.8   9.5e-15   1.2e-14       9      59 ..       3      53 ..       1      69 [. 0.93

  Alignments for each domain:
  == domain 1  score: 50.9 bits;  conditional E-value: 9.5e-15
                      gvpj  9 iktstssstladiLervLDkGvviagDiavsiadveLltiklRllvasvdk 59
                              i++s  ss+la++++r+LDkG+vi +   vs+  +e+lt++ R+++asvd+
  nat_e60de74ad1cb6abf6e34  3 IQKSADSSSLAEVIDRILDKGIVIDAYARVSLVGIEILTVEARVVIASVDT 53
                              788999********************************************8 PP

>> nat_acfca75ffa4093670cf2  
   #    score  bias  c-Evalue  i-Evalue hmmfrom  hmm to    alifrom  ali to    envfrom  env to     acc
 ---   ------ ----- --------- --------- ------- -------    ------- -------    ------- -------    ----
   1 !   51.0   1.0   8.9e-15   1.1e-14       9      59 ..       4      54 ..       1      71 [. 0.90

  Alignments for each domain:
  == domain 1  score: 51.0 bits;  conditional E-value: 8.9e-15
                      gvpj  9 iktstssstladiLervLDkGvviagDiavsiadveLltiklRllvasvdk 59
                              i++st ss+la++++r+LDkGvv+    +vs+  +eLl+++ R++vasv+ 
  nat_acfca75ffa4093670cf2  4 IQKSTDSSSLAEVVDRILDKGVVVDVWAKVSLVGIELLSVEARVVVASVES 54
                              78999********************************************96 PP

>> nat_729a9790a662e92ab379  
   #    score  bias  c-Evalue  i-Evalue hmmfrom  hmm to    alifrom  ali to    envfrom  env to     acc
 ---   ------ ----- --------- --------- ------- -------    ------- -------    ------- -------    ----
   1 !   51.0   2.6   8.8e-15   1.1e-14      14      59 ..      10      55 ..       2      63 .. 0.92

  Alignments for each domain:
  == domain 1  score: 51.0 bits;  conditional E-value: 8.8e-15
                      gvpj 14 ssstladiLervLDkGvviagDiavsiadveLltiklRllvasvdk 59
                               ss+la++L+r+LDkGvvi     +s+  +eLlti+ R++vasvd+
  nat_729a9790a662e92ab379 10 DSSSLAEVLDRILDKGVVIDVWARISVVGIELLTIEARVVVASVDT 55
                              689******************************************8 PP

>> nat_2257aec2c4abeff42ec4  
   #    score  bias  c-Evalue  i-Evalue hmmfrom  hmm to    alifrom  ali to    envfrom  env to     acc
 ---   ------ ----- --------- --------- ------- -------    ------- -------    ------- -------    ----
   1 !   49.6   3.5   2.3e-14   2.8e-14      12      61 ..       7      56 ..       2      87 .. 0.88

  Alignments for each domain:
  == domain 1  score: 49.6 bits;  conditional E-value: 2.3e-14
                      gvpj 12 stssstladiLervLDkGvviagDiavsiadveLltiklRllvasvdkak 61
                                 ss+la++L+r+LDkGvvi     +s+  +eLlt++ R++vasvd+  
  nat_2257aec2c4abeff42ec4  7 RPDSSSLAEVLDRILDKGVVIDVWARISVVGIELLTVEARVVVASVDTFL 56
                              55799******************************************865 PP

>> nat_fe2e069c7d192a9aa4be  
   #    score  bias  c-Evalue  i-Evalue hmmfrom  hmm to    alifrom  ali to    envfrom  env to     acc
 ---   ------ ----- --------- --------- ------- -------    ------- -------    ------- -------    ----
   1 !   51.0   2.2   8.9e-15   1.1e-14      12      59 ..       5      52 ..       1      64 [. 0.91

  Alignments for each domain:
  == domain 1  score: 51.0 bits;  conditional E-value: 8.9e-15
                      gvpj 12 stssstladiLervLDkGvviagDiavsiadveLltiklRllvasvdk 59
                              +  ss+la++L+rvLDkGvvi     +s+  +eLlt++ R++vasvd+
  nat_fe2e069c7d192a9aa4be  5 TPDSSSLAEVLDRVLDKGVVIDVWARISVVGIELLTVEARVVVASVDT 52
                              56799******************************************8 PP

>> nat_cdcb9ea08084d402155d  
   #    score  bias  c-Evalue  i-Evalue hmmfrom  hmm to    alifrom  ali to    envfrom  env to     acc
 ---   ------ ----- --------- --------- ------- -------    ------- -------    ------- -------    ----
   1 !   50.9   1.9   9.3e-15   1.1e-14       8      59 ..       2      53 ..       1      68 [. 0.92

  Alignments for each domain:
  == domain 1  score: 50.9 bits;  conditional E-value: 9.3e-15
                      gvpj  8 aiktstssstladiLervLDkGvviagDiavsiadveLltiklRllvasvdk 59
                              a+++ +sss+la++++r+LDkGvvi   + vs+  +eLl+++ R+++asv++
  nat_cdcb9ea08084d402155d  2 AVEKVNSSSSLAEVIDRILDKGVVIDLWVRVSLVGIELLAVEARIVIASVET 53
                              678899********************************************97 PP

>> nat_c7cb28cf54b6a88ff785  
   #    score  bias  c-Evalue  i-Evalue hmmfrom  hmm to    alifrom  ali to    envfrom  env to     acc
 ---   ------ ----- --------- --------- ------- -------    ------- -------    ------- -------    ----
   1 !   50.6   2.8   1.2e-14   1.4e-14      14      60 ..       9      55 ..       2      96 .. 0.88

  Alignments for each domain:
  == domain 1  score: 50.6 bits;  conditional E-value: 1.2e-14
                      gvpj 14 ssstladiLervLDkGvviagDiavsiadveLltiklRllvasvdka 60
                               ss+la++L+r+LDkGvvi     vs+  +eLlt++ R++vasvd+ 
  nat_c7cb28cf54b6a88ff785  9 DSSSLAEVLDRILDKGVVIDVWARVSVVGIELLTVEARVVVASVDTF 55
                              689******************************************84 PP

>> nat_b603aa5b88f6a395b1f9  
   #    score  bias  c-Evalue  i-Evalue hmmfrom  hmm to    alifrom  ali to    envfrom  env to     acc
 ---   ------ ----- --------- --------- ------- -------    ------- -------    ------- -------    ----
   1 !   50.9   3.0   9.7e-15   1.2e-14      11      60 ..       5      54 ..       1      69 [. 0.86

  Alignments for each domain:
  == domain 1  score: 50.9 bits;  conditional E-value: 9.7e-15
                      gvpj 11 tstssstladiLervLDkGvviagDiavsiadveLltiklRllvasvdka 60
                              +s +s++l+++++r+LDkG+vi + + +s+  +eL+ti+ R+++asvd+ 
  nat_b603aa5b88f6a395b1f9  5 KSVESTNLTEVIDRILDKGIVIDAFVRISLVGIELITIEARIVIASVDTY 54
                              678899******************************************83 PP

>> nat_d5d6f3cedb33fb3328b6  
   #    score  bias  c-Evalue  i-Evalue hmmfrom  hmm to    alifrom  ali to    envfrom  env to     acc
 ---   ------ ----- --------- --------- ------- -------    ------- -------    ------- -------    ----
   1 !   50.6   2.3   1.2e-14   1.5e-14      13      60 ..       8      55 ..       2      85 .. 0.91

  Alignments for each domain:
  == domain 1  score: 50.6 bits;  conditional E-value: 1.2e-14
                      gvpj 13 tssstladiLervLDkGvviagDiavsiadveLltiklRllvasvdka 60
                                ss+la++L+rvLDkGvvi     vs+  +eLlt++ R++vasvd+ 
  nat_d5d6f3cedb33fb3328b6  8 PDSSSLAEVLDRVLDKGVVIDIWARVSVVGIELLTVEARVVVASVDTF 55
                              5799******************************************85 PP

>> nat_edf12e96625a3cd49854  
   #    score  bias  c-Evalue  i-Evalue hmmfrom  hmm to    alifrom  ali to    envfrom  env to     acc
 ---   ------ ----- --------- --------- ------- -------    ------- -------    ------- -------    ----
   1 !   50.8   1.8     1e-14   1.2e-14      12      60 ..       5      53 ..       1      65 [. 0.89

  Alignments for each domain:
  == domain 1  score: 50.8 bits;  conditional E-value: 1e-14
                      gvpj 12 stssstladiLervLDkGvviagDiavsiadveLltiklRllvasvdka 60
                                ++s+la++L+r+LDkGvvi   + vs+  +e+lti+ R+++asvd+ 
  nat_edf12e96625a3cd49854  5 RPNTSSLAEVLDRILDKGVVIDLWVRVSLVGIEILTIEARVVIASVDTF 53
                              456899*****************************************84 PP

>> nat_9ba976654c95d4d9fd8f  
   #    score  bias  c-Evalue  i-Evalue hmmfrom  hmm to    alifrom  ali to    envfrom  env to     acc
 ---   ------ ----- --------- --------- ------- -------    ------- -------    ------- -------    ----
   1 !   50.8   0.6   9.8e-15   1.2e-14       8      59 ..       2      53 ..       1      64 [. 0.93

  Alignments for each domain:
  == domain 1  score: 50.8 bits;  conditional E-value: 9.8e-15
                      gvpj  8 aiktstssstladiLervLDkGvviagDiavsiadveLltiklRllvasvdk 59
                              a++ts+ ss la++++r+LDkG+vi + + +s++ +eLlt++ R++va v++
  nat_9ba976654c95d4d9fd8f  2 AVQTSMASSGLAEVIDRILDKGLVIDAWVRISLLGLELLTVEARVVVAGVET 53
                              799***********************************************97 PP

>> nat_718f9add2c10ca08b4a5  
   #    score  bias  c-Evalue  i-Evalue hmmfrom  hmm to    alifrom  ali to    envfrom  env to     acc
 ---   ------ ----- --------- --------- ------- -------    ------- -------    ------- -------    ----
   1 !   50.6   3.3   1.1e-14   1.4e-14      14      60 ..       7      53 ..       1      77 [. 0.91

  Alignments for each domain:
  == domain 1  score: 50.6 bits;  conditional E-value: 1.1e-14
                      gvpj 14 ssstladiLervLDkGvviagDiavsiadveLltiklRllvasvdka 60
                              ++s+la++L+r+LDkGvvi   i vs+  +e+lti+ R+++asvd+ 
  nat_718f9add2c10ca08b4a5  7 HTSSLAEVLDRILDKGVVIDIWIRVSLVGIEILTIEARVVIASVDTF 53
                              5799*****************************************85 PP

>> nat_5d40201e59780a4578e1  
   #    score  bias  c-Evalue  i-Evalue hmmfrom  hmm to    alifrom  ali to    envfrom  env to     acc
 ---   ------ ----- --------- --------- ------- -------    ------- -------    ------- -------    ----
   1 !   50.3   3.2   1.5e-14   1.8e-14      12      60 ..       7      55 ..       2      94 .. 0.89

  Alignments for each domain:
  == domain 1  score: 50.3 bits;  conditional E-value: 1.5e-14
                      gvpj 12 stssstladiLervLDkGvviagDiavsiadveLltiklRllvasvdka 60
                                 ss+la++L+r+LDkGvvi     vs+  +eLlt++ R++vasvd+ 
  nat_5d40201e59780a4578e1  7 RPDSSSLAEVLDRILDKGVVIDVWARVSVVGIELLTVEARVVVASVDTF 55
                              55799******************************************85 PP

>> nat_b3e7eac10f741058a688  
   #    score  bias  c-Evalue  i-Evalue hmmfrom  hmm to    alifrom  ali to    envfrom  env to     acc
 ---   ------ ----- --------- --------- ------- -------    ------- -------    ------- -------    ----
   1 !   50.9   1.1   9.4e-15   1.2e-14       9      60 ..       4      55 ..       1      72 [. 0.89

  Alignments for each domain:
  == domain 1  score: 50.9 bits;  conditional E-value: 9.4e-15
                      gvpj  9 iktstssstladiLervLDkGvviagDiavsiadveLltiklRllvasvdka 60
                              + tst +s+ ad+++r+LDkG+v+ + ++vs+  +e+l+i+ R+++asv++ 
  nat_b3e7eac10f741058a688  4 VSTSTGNSSTADVIDRILDKGIVVDAWVKVSLVGIEVLSIEARVVIASVETY 55
                              67889999*****************************************974 PP

>> nat_a8908cb0d732ddf5c6d4  
   #    score  bias  c-Evalue  i-Evalue hmmfrom  hmm to    alifrom  ali to    envfrom  env to     acc
 ---   ------ ----- --------- --------- ------- -------    ------- -------    ------- -------    ----
   1 !   50.5   3.6   1.3e-14   1.5e-14      14      60 ..      10      56 ..       2      94 .. 0.89

  Alignments for each domain:
  == domain 1  score: 50.5 bits;  conditional E-value: 1.3e-14
                      gvpj 14 ssstladiLervLDkGvviagDiavsiadveLltiklRllvasvdka 60
                                s+la++L+r+LDkGvvi     vs+  +eLlti+ R++vasvd+ 
  nat_a8908cb0d732ddf5c6d4 10 DASSLAEVLDRILDKGVVIDVWARVSVVGIELLTIEARVVVASVDTF 56
                              6799*****************************************85 PP

>> nat_6166ab1a17ac507a42bf  
   #    score  bias  c-Evalue  i-Evalue hmmfrom  hmm to    alifrom  ali to    envfrom  env to     acc
 ---   ------ ----- --------- --------- ------- -------    ------- -------    ------- -------    ----
   1 !   50.9   1.5   9.7e-15   1.2e-14       8      59 ..       2      53 ..       1      68 [. 0.92

  Alignments for each domain:
  == domain 1  score: 50.9 bits;  conditional E-value: 9.7e-15
                      gvpj  8 aiktstssstladiLervLDkGvviagDiavsiadveLltiklRllvasvdk 59
                              a+++ +sss+l ++++r+LDkG+v+ + + vs+  +eLl+i+ R+++asv++
  nat_6166ab1a17ac507a42bf  2 AVEKVNSSSSLGEVVDRILDKGIVVDAWVRVSLVGIELLAIEARVVIASVET 53
                              678899********************************************97 PP

>> nat_d3c6f8adf24bb50b5677  
   #    score  bias  c-Evalue  i-Evalue hmmfrom  hmm to    alifrom  ali to    envfrom  env to     acc
 ---   ------ ----- --------- --------- ------- -------    ------- -------    ------- -------    ----
   1 !   50.8   3.4   9.9e-15   1.2e-14       9      59 ..       3      53 ..       1      86 [. 0.88

  Alignments for each domain:
  == domain 1  score: 50.8 bits;  conditional E-value: 9.9e-15
                      gvpj  9 iktstssstladiLervLDkGvviagDiavsiadveLltiklRllvasvdk 59
                              i++s  ss+la++++r+LDkG+vi +   vs+  +e+lti+ R+++asvd+
  nat_d3c6f8adf24bb50b5677  3 IQKSADSSSLAEVIDRILDKGIVIDAFARVSLVGIEILTIEARVVIASVDT 53
                              788999********************************************8 PP

>> nat_8758b934790f5784ea1b  
   #    score  bias  c-Evalue  i-Evalue hmmfrom  hmm to    alifrom  ali to    envfrom  env to     acc
 ---   ------ ----- --------- --------- ------- -------    ------- -------    ------- -------    ----
   1 !   50.9   1.1   9.6e-15   1.2e-14       9      60 ..       4      55 ..       1      72 [. 0.89

  Alignments for each domain:
  == domain 1  score: 50.9 bits;  conditional E-value: 9.6e-15
                      gvpj  9 iktstssstladiLervLDkGvviagDiavsiadveLltiklRllvasvdka 60
                              + tst +s+l d+++r+LDkG+v+ + ++vs+  +e+l+i+ R+++asv++ 
  nat_8758b934790f5784ea1b  4 VSTSTGTSSLGDVIDRILDKGIVVDAWVKVSLVGIEVLSIEARVVIASVETY 55
                              6788999******************************************974 PP

>> nat_d067ede25f6c0516a956  
   #    score  bias  c-Evalue  i-Evalue hmmfrom  hmm to    alifrom  ali to    envfrom  env to     acc
 ---   ------ ----- --------- --------- ------- -------    ------- -------    ------- -------    ----
   1 !   50.6   1.5   1.1e-14   1.4e-14       9      59 ..       3      53 ..       1      63 [. 0.93

  Alignments for each domain:
  == domain 1  score: 50.6 bits;  conditional E-value: 1.1e-14
                      gvpj  9 iktstssstladiLervLDkGvviagDiavsiadveLltiklRllvasvdk 59
                              ++++  ss+la++++r+LDkG+vi +   vs+  +e+lt++ R+++asvd+
  nat_d067ede25f6c0516a956  3 VQKTADSSSLAEVIDRILDKGIVIDAYARVSLVGIEILTVEARVVIASVDT 53
                              678899********************************************7 PP

>> nat_8b714e1325cbfdfacd93  
   #    score  bias  c-Evalue  i-Evalue hmmfrom  hmm to    alifrom  ali to    envfrom  env to     acc
 ---   ------ ----- --------- --------- ------- -------    ------- -------    ------- -------    ----
   1 !   50.8   1.1     1e-14   1.2e-14       9      60 ..       4      55 ..       1      72 [. 0.89

  Alignments for each domain:
  == domain 1  score: 50.8 bits;  conditional E-value: 1e-14
                      gvpj  9 iktstssstladiLervLDkGvviagDiavsiadveLltiklRllvasvdka 60
                              + tst  s+l d+++r+LDkG+v+ + ++vs+  +e+l+i+ R+++asv++ 
  nat_8b714e1325cbfdfacd93  4 VSTSTGASSLGDVIDRILDKGIVVDAWVKVSLVGIEVLSIEARVVIASVETY 55
                              6788999******************************************974 PP

>> nat_875b3015b17030bcf076  
   #    score  bias  c-Evalue  i-Evalue hmmfrom  hmm to    alifrom  ali to    envfrom  env to     acc
 ---   ------ ----- --------- --------- ------- -------    ------- -------    ------- -------    ----
   1 !   50.8   1.4     1e-14   1.2e-14       9      59 ..       3      53 ..       1      80 [. 0.93

  Alignments for each domain:
  == domain 1  score: 50.8 bits;  conditional E-value: 1e-14
                      gvpj  9 iktstssstladiLervLDkGvviagDiavsiadveLltiklRllvasvdk 59
                              i++st ss+la++++r+LDkGvvi     vs+  +eL+t++ R+++asvd+
  nat_875b3015b17030bcf076  3 IQKSTDSSSLAEVIDRILDKGVVIDVFARVSLVGIELITVEARVVIASVDT 53
                              7899**********************************************7 PP

>> nat_0077c6cbf903d0b80137  
   #    score  bias  c-Evalue  i-Evalue hmmfrom  hmm to    alifrom  ali to    envfrom  env to     acc
 ---   ------ ----- --------- --------- ------- -------    ------- -------    ------- -------    ----
   1 !   50.5   3.9   1.3e-14   1.6e-14      14      60 ..      10      56 ..       2      94 .. 0.91

  Alignments for each domain:
  == domain 1  score: 50.5 bits;  conditional E-value: 1.3e-14
                      gvpj 14 ssstladiLervLDkGvviagDiavsiadveLltiklRllvasvdka 60
                               ss+la++L+r+LDkGvvi     +s+  +eLlti+ R++vasvd+ 
  nat_0077c6cbf903d0b80137 10 DSSSLAEVLDRILDKGVVIDVWARISVVGIELLTIEARVVVASVDTF 56
                              689******************************************85 PP

>> nat_ce5dc523b5749c0ad99a  
   #    score  bias  c-Evalue  i-Evalue hmmfrom  hmm to    alifrom  ali to    envfrom  env to     acc
 ---   ------ ----- --------- --------- ------- -------    ------- -------    ------- -------    ----
   1 !   50.5   3.4   1.2e-14   1.5e-14      14      60 ..       7      53 ..       1      77 [. 0.90

  Alignments for each domain:
  == domain 1  score: 50.5 bits;  conditional E-value: 1.2e-14
                      gvpj 14 ssstladiLervLDkGvviagDiavsiadveLltiklRllvasvdka 60
                              ++s+la++L+r+LDkGvvi   i vs+  +e+lti+ R+++asvd+ 
  nat_ce5dc523b5749c0ad99a  7 HTSSLAEVLDRILDKGVVIDIWIRVSLVGIEILTIEARVVIASVDTF 53
                              5799*****************************************85 PP

>> nat_d1ffe3160c1f85b8feb9  
   #    score  bias  c-Evalue  i-Evalue hmmfrom  hmm to    alifrom  ali to    envfrom  env to     acc
 ---   ------ ----- --------- --------- ------- -------    ------- -------    ------- -------    ----
   1 !   50.7   1.9   1.1e-14   1.4e-14       8      60 ..       2      54 ..       1      64 [. 0.91

  Alignments for each domain:
  == domain 1  score: 50.7 bits;  conditional E-value: 1.1e-14
                      gvpj  8 aiktstssstladiLervLDkGvviagDiavsiadveLltiklRllvasvdka 60
                              a++++  ss+l+++++r+LDkGvvi +   vs+  +eLl+++ R++vasv++ 
  nat_d1ffe3160c1f85b8feb9  2 AVEKTIGSSSLVEVVDRILDKGVVIDAWARVSLVGIELLAVEARIVVASVETY 54
                              7889999*******************************************974 PP

>> nat_30c8db5b2a48ec02340b  
   #    score  bias  c-Evalue  i-Evalue hmmfrom  hmm to    alifrom  ali to    envfrom  env to     acc
 ---   ------ ----- --------- --------- ------- -------    ------- -------    ------- -------    ----
   1 !   49.6   5.7   2.4e-14     3e-14      12      62 ..       7      57 ..       2      94 .] 0.84

  Alignments for each domain:
  == domain 1  score: 49.6 bits;  conditional E-value: 2.4e-14
                      gvpj 12 stssstladiLervLDkGvviagDiavsiadveLltiklRllvasvdkake 62
                                 ss+la++L+r+LDkGvvi     +s+  +eLlti+ R++vasvd+  +
  nat_30c8db5b2a48ec02340b  7 RPDSSSLAEVLDRILDKGVVIDVWARISVVGIELLTIEARVVVASVDTFLH 57
                              55799******************************************8654 PP

>> nat_1564401f2a553c444667  
   #    score  bias  c-Evalue  i-Evalue hmmfrom  hmm to    alifrom  ali to    envfrom  env to     acc
 ---   ------ ----- --------- --------- ------- -------    ------- -------    ------- -------    ----
   1 !   50.4   4.0   1.4e-14   1.7e-14      14      60 ..      10      56 ..       2      94 .. 0.91

  Alignments for each domain:
  == domain 1  score: 50.4 bits;  conditional E-value: 1.4e-14
                      gvpj 14 ssstladiLervLDkGvviagDiavsiadveLltiklRllvasvdka 60
                               ss+la++L+r+LDkGvvi     +s+  +eLlti+ R++vasvd+ 
  nat_1564401f2a553c444667 10 DSSSLAEVLDRILDKGVVIDVWARISVVGIELLTIEARVVVASVDTF 56
                              689******************************************85 PP

>> nat_f0b585defb33f68b9eec  
   #    score  bias  c-Evalue  i-Evalue hmmfrom  hmm to    alifrom  ali to    envfrom  env to     acc
 ---   ------ ----- --------- --------- ------- -------    ------- -------    ------- -------    ----
   1 !   50.7   1.9   1.1e-14   1.4e-14       8      59 ..       2      53 ..       1      68 [. 0.92

  Alignments for each domain:
  == domain 1  score: 50.7 bits;  conditional E-value: 1.1e-14
                      gvpj  8 aiktstssstladiLervLDkGvviagDiavsiadveLltiklRllvasvdk 59
                              a+++ +sss+la++++r+LDkGvvi     vs+  +eL++i+ R++vasv++
  nat_f0b585defb33f68b9eec  2 AVEKVNSSSSLAEVVDRILDKGVVIDVWARVSLVGIELIAIEARVVVASVET 53
                              678899********************************************97 PP

>> nat_a2b40c981456774b6e29  
   #    score  bias  c-Evalue  i-Evalue hmmfrom  hmm to    alifrom  ali to    envfrom  env to     acc
 ---   ------ ----- --------- --------- ------- -------    ------- -------    ------- -------    ----
   1 !   50.6   1.3   1.1e-14   1.4e-14       9      60 ..       4      55 ..       1      72 [. 0.89

  Alignments for each domain:
  == domain 1  score: 50.6 bits;  conditional E-value: 1.1e-14
                      gvpj  9 iktstssstladiLervLDkGvviagDiavsiadveLltiklRllvasvdka 60
                              + tst +s+l d+++r+LDkG+v+ + ++vs+  +e+l+i+ R+++asv++ 
  nat_a2b40c981456774b6e29  4 VSTSTGTSSLGDVIDRILDKGIVVDAWVKVSLVGIEVLSIEARVVIASVETY 55
                              6788999******************************************974 PP

>> nat_76fdc377bbf82dcb5234  
   #    score  bias  c-Evalue  i-Evalue hmmfrom  hmm to    alifrom  ali to    envfrom  env to     acc
 ---   ------ ----- --------- --------- ------- -------    ------- -------    ------- -------    ----
   1 !   50.4   1.8   1.3e-14   1.6e-14       9      59 ..       3      53 ..       1      67 [. 0.93

  Alignments for each domain:
  == domain 1  score: 50.4 bits;  conditional E-value: 1.3e-14
                      gvpj  9 iktstssstladiLervLDkGvviagDiavsiadveLltiklRllvasvdk 59
                              i++s +ss+la++++r+LDkG+vi +   vs+  +e+lt++ R+++asvd+
  nat_76fdc377bbf82dcb5234  3 IQKSAESSSLAEVIDRILDKGIVIDAFARVSLVGIEILTVEARVVIASVDT 53
                              788999********************************************7 PP

>> nat_d76ea2de7462bc6a2acb  
   #    score  bias  c-Evalue  i-Evalue hmmfrom  hmm to    alifrom  ali to    envfrom  env to     acc
 ---   ------ ----- --------- --------- ------- -------    ------- -------    ------- -------    ----
   1 !   50.4   1.1   1.3e-14   1.6e-14      17      66 ..      15      64 ..       5      70 .. 0.93

  Alignments for each domain:
  == domain 1  score: 50.4 bits;  conditional E-value: 1.3e-14
                      gvpj 17 tladiLervLDkGvviagDiavsiadveLltiklRllvasvdkakeiGld 66
                               l+d+L+rvL  Gvvi+gD+++siadv+L++i lR+l++s+ +    G++
  nat_d76ea2de7462bc6a2acb 15 ALIDLLDRVLAGGVVISGDVTLSIADVDLVQISLRALISSISTVSVTGIE 64
                              699****************************************9999997 PP

>> nat_72c94665b6fe8f5a4a99  
   #    score  bias  c-Evalue  i-Evalue hmmfrom  hmm to    alifrom  ali to    envfrom  env to     acc
 ---   ------ ----- --------- --------- ------- -------    ------- -------    ------- -------    ----
   1 !   50.5   1.9   1.3e-14   1.5e-14       9      59 ..       3      53 ..       1      69 [. 0.93

  Alignments for each domain:
  == domain 1  score: 50.5 bits;  conditional E-value: 1.3e-14
                      gvpj  9 iktstssstladiLervLDkGvviagDiavsiadveLltiklRllvasvdk 59
                              +++s  ss+la++++r+LDkG+vi +   vs+  +e+lt++ R+++asvd+
  nat_72c94665b6fe8f5a4a99  3 VQKSADSSSLAEVIDRILDKGIVIDAYARVSLVGIEILTVEARVVIASVDT 53
                              678999********************************************7 PP

>> nat_4eaa3da48c36a3a15145  
   #    score  bias  c-Evalue  i-Evalue hmmfrom  hmm to    alifrom  ali to    envfrom  env to     acc
 ---   ------ ----- --------- --------- ------- -------    ------- -------    ------- -------    ----
   1 !   50.6   1.0   1.2e-14   1.4e-14       8      60 ..       3      55 ..       1      71 [. 0.90

  Alignments for each domain:
  == domain 1  score: 50.6 bits;  conditional E-value: 1.2e-14
                      gvpj  8 aiktstssstladiLervLDkGvviagDiavsiadveLltiklRllvasvdka 60
                              a++++t ss la++++r+LDkGvvi    +v++  +eLl+++ R+++asv++ 
  nat_4eaa3da48c36a3a15145  3 AVQKTTDSSGLAEVVDRILDKGVVIDVWAKVALVGIELLSVEARIVIASVETY 55
                              78999*********************************************973 PP

>> nat_9f8db13e803cecc901b7  
   #    score  bias  c-Evalue  i-Evalue hmmfrom  hmm to    alifrom  ali to    envfrom  env to     acc
 ---   ------ ----- --------- --------- ------- -------    ------- -------    ------- -------    ----
   1 !   50.5   1.8   1.2e-14   1.5e-14       8      60 ..       2      54 ..       1      64 [. 0.91

  Alignments for each domain:
  == domain 1  score: 50.5 bits;  conditional E-value: 1.2e-14
                      gvpj  8 aiktstssstladiLervLDkGvviagDiavsiadveLltiklRllvasvdka 60
                              a+++ + ss+la++++r+LDkGvv+ + + vs+  +eLl+i+ R++va vd+ 
  nat_9f8db13e803cecc901b7  2 AVEKINASSSLAEVVDRILDKGVVVDAWVRVSLVGIELLAIEARVVVAGVDTY 54
                              67778899*******************************************84 PP

>> nat_1da09a04eab900f30339  
   #    score  bias  c-Evalue  i-Evalue hmmfrom  hmm to    alifrom  ali to    envfrom  env to     acc
 ---   ------ ----- --------- --------- ------- -------    ------- -------    ------- -------    ----
   1 !   50.4   1.8   1.3e-14   1.6e-14       9      59 ..       3      53 ..       1      67 [. 0.93

  Alignments for each domain:
  == domain 1  score: 50.4 bits;  conditional E-value: 1.3e-14
                      gvpj  9 iktstssstladiLervLDkGvviagDiavsiadveLltiklRllvasvdk 59
                              i++s +ss+la++++r+LDkG+vi +   vs+  +e+lt++ R+++asvd+
  nat_1da09a04eab900f30339  3 IQKSAESSSLAEVIDRILDKGIVIDAFARVSLVGIEILTVEARVVIASVDT 53
                              788999********************************************7 PP

>> nat_eb796c25a48cdf2ca2d4  
   #    score  bias  c-Evalue  i-Evalue hmmfrom  hmm to    alifrom  ali to    envfrom  env to     acc
 ---   ------ ----- --------- --------- ------- -------    ------- -------    ------- -------    ----
   1 !   50.3   1.3   1.4e-14   1.8e-14      14      62 ..       7      55 ..       2      79 .. 0.86

  Alignments for each domain:
  == domain 1  score: 50.3 bits;  conditional E-value: 1.4e-14
                      gvpj 14 ssstladiLervLDkGvviagDiavsiadveLltiklRllvasvdkake 62
                               +s+lad+L+r+LDkGvvi     +s+  +e+lt++ R++vasvd+  +
  nat_eb796c25a48cdf2ca2d4  7 DTSSLADVLDRILDKGVVIDVWARISVVGIEVLTVEARVVVASVDTFLH 55
                              5799*****************************************8443 PP

>> nat_07e2adee1b1c97951e61  
   #    score  bias  c-Evalue  i-Evalue hmmfrom  hmm to    alifrom  ali to    envfrom  env to     acc
 ---   ------ ----- --------- --------- ------- -------    ------- -------    ------- -------    ----
   1 !   50.4   1.8   1.3e-14   1.6e-14       9      59 ..       3      53 ..       1      71 [. 0.93

  Alignments for each domain:
  == domain 1  score: 50.4 bits;  conditional E-value: 1.3e-14
                      gvpj  9 iktstssstladiLervLDkGvviagDiavsiadveLltiklRllvasvdk 59
                              i++s+ ss+la++++r+LDkG+vi +   vs+  +e+lt++ R+++asvd+
  nat_07e2adee1b1c97951e61  3 IQKSNDSSSLAEVIDRILDKGIVIDAFARVSLVGIEILTVEARVVIASVDT 53
                              788999********************************************7 PP

>> nat_dca06c4ca76aafac96e9  
   #    score  bias  c-Evalue  i-Evalue hmmfrom  hmm to    alifrom  ali to    envfrom  env to     acc
 ---   ------ ----- --------- --------- ------- -------    ------- -------    ------- -------    ----
   1 !   50.1   3.0   1.7e-14   2.1e-14      12      60 ..       7      55 ..       2      96 .. 0.91

  Alignments for each domain:
  == domain 1  score: 50.1 bits;  conditional E-value: 1.7e-14
                      gvpj 12 stssstladiLervLDkGvviagDiavsiadveLltiklRllvasvdka 60
                                 ss+la++L+r+LDkGvvi     +s+  +eLlt++ R++vasvd+ 
  nat_dca06c4ca76aafac96e9  7 RPDSSSLAEVLDRILDKGVVIDVWARISVVGIELLTVEARVVVASVDTF 55
                              55799******************************************85 PP

>> nat_e8960ef9f28cbd66312c  
   #    score  bias  c-Evalue  i-Evalue hmmfrom  hmm to    alifrom  ali to    envfrom  env to     acc
 ---   ------ ----- --------- --------- ------- -------    ------- -------    ------- -------    ----
   1 !   50.0   0.8   1.8e-14   2.2e-14      13      59 ..      15      61 ..       1      67 [. 0.90

  Alignments for each domain:
  == domain 1  score: 50.0 bits;  conditional E-value: 1.8e-14
                      gvpj 13 tssstladiLervLDkGvviagDiavsiadveLltiklRllvasvdk 59
                               sss+lad+++ +LDkG+vi + + +s+  +eLlti  R++vasvd+
  nat_e8960ef9f28cbd66312c 15 PSSSSLADVVDTILDKGLVIDAYVRISLVGIELLTIDARIVVASVDT 61
                              5899******************************************7 PP

>> nat_1aef09f774a1818b7e24  
   #    score  bias  c-Evalue  i-Evalue hmmfrom  hmm to    alifrom  ali to    envfrom  env to     acc
 ---   ------ ----- --------- --------- ------- -------    ------- -------    ------- -------    ----
   1 !   50.0   4.4   1.7e-14   2.1e-14      14      60 ..      10      56 ..       2      95 .. 0.90

  Alignments for each domain:
  == domain 1  score: 50.0 bits;  conditional E-value: 1.7e-14
                      gvpj 14 ssstladiLervLDkGvviagDiavsiadveLltiklRllvasvdka 60
                               ss+la++L+r+LDkGvvi     +s+  +eLlti+ R++vasvd+ 
  nat_1aef09f774a1818b7e24 10 DSSSLAEVLDRILDKGVVIDVWARISVVGIELLTIEARVVVASVDTF 56
                              689******************************************85 PP

>> nat_3e818bdd944ede311b8f  
   #    score  bias  c-Evalue  i-Evalue hmmfrom  hmm to    alifrom  ali to    envfrom  env to     acc
 ---   ------ ----- --------- --------- ------- -------    ------- -------    ------- -------    ----
   1 !   50.2   0.2   1.6e-14   1.9e-14      13      59 ..      11      57 ..       1      63 [. 0.91

  Alignments for each domain:
  == domain 1  score: 50.2 bits;  conditional E-value: 1.6e-14
                      gvpj 13 tssstladiLervLDkGvviagDiavsiadveLltiklRllvasvdk 59
                                ss l d+Le +LD+G+vi + + vs++ veLlti +R++vas+d+
  nat_3e818bdd944ede311b8f 11 GGSSGLYDVLELILDRGLVIDAYVRVSLLGVELLTIDIRVVVASIDT 57
                              56789****************************************97 PP

>> nat_3dd127a0efcf9a5457c8  
   #    score  bias  c-Evalue  i-Evalue hmmfrom  hmm to    alifrom  ali to    envfrom  env to     acc
 ---   ------ ----- --------- --------- ------- -------    ------- -------    ------- -------    ----
   1 !   50.3   1.8   1.4e-14   1.7e-14       9      59 ..       3      53 ..       1      72 [. 0.93

  Alignments for each domain:
  == domain 1  score: 50.3 bits;  conditional E-value: 1.4e-14
                      gvpj  9 iktstssstladiLervLDkGvviagDiavsiadveLltiklRllvasvdk 59
                              i++st ss+la++++r+LDkG+vi +   vs+  +e++t++ R+++asvd+
  nat_3dd127a0efcf9a5457c8  3 IQKSTDSSSLAEVIDRILDKGIVIDAFARVSLVGIEIITVEARVVIASVDT 53
                              7899**********************************************7 PP

>> nat_1f4f50f1349e137c7f32  
   #    score  bias  c-Evalue  i-Evalue hmmfrom  hmm to    alifrom  ali to    envfrom  env to     acc
 ---   ------ ----- --------- --------- ------- -------    ------- -------    ------- -------    ----
   1 !   50.4   1.1   1.3e-14   1.6e-14       8      60 ..       2      54 ..       1      70 [. 0.91

  Alignments for each domain:
  == domain 1  score: 50.4 bits;  conditional E-value: 1.3e-14
                      gvpj  8 aiktstssstladiLervLDkGvviagDiavsiadveLltiklRllvasvdka 60
                              a+++ + ss+la++++r+LDkG+vi +   vs+  +eLl+i+ R+++a vd+ 
  nat_1f4f50f1349e137c7f32  2 AVEKVNASSSLAEVVDRILDKGIVIDAWARVSLVGIELLAIEARIVIAGVDTY 54
                              6788899********************************************84 PP

>> nat_fa3ceb760df75c71ed08  
   #    score  bias  c-Evalue  i-Evalue hmmfrom  hmm to    alifrom  ali to    envfrom  env to     acc
 ---   ------ ----- --------- --------- ------- -------    ------- -------    ------- -------    ----
   1 !   50.3   3.3   1.5e-14   1.8e-14       9      59 ..       3      53 ..       1      84 [. 0.88

  Alignments for each domain:
  == domain 1  score: 50.3 bits;  conditional E-value: 1.5e-14
                      gvpj  9 iktstssstladiLervLDkGvviagDiavsiadveLltiklRllvasvdk 59
                              i+++t ss+la++++r+LDkG+vi +   vs+  +e+lt++ R+++asvd+
  nat_fa3ceb760df75c71ed08  3 IQKTTDSSSLAEVIDRILDKGIVIDAFARVSLVGIEILTVEARVVIASVDT 53
                              78999*********************************************8 PP

>> nat_c43002c4a19c5a35a8b0  
   #    score  bias  c-Evalue  i-Evalue hmmfrom  hmm to    alifrom  ali to    envfrom  env to     acc
 ---   ------ ----- --------- --------- ------- -------    ------- -------    ------- -------    ----
   1 !   50.3   1.8   1.4e-14   1.7e-14       8      59 ..       2      53 ..       1      68 [. 0.92

  Alignments for each domain:
  == domain 1  score: 50.3 bits;  conditional E-value: 1.4e-14
                      gvpj  8 aiktstssstladiLervLDkGvviagDiavsiadveLltiklRllvasvdk 59
                              a+++ +sss+la++++r+LDkGvvi   + vs+  +eLl+++ R+++asv++
  nat_c43002c4a19c5a35a8b0  2 AVEKVNSSSSLAEVIDRILDKGVVIDVWVRVSLVGIELLAVEARIVLASVET 53
                              678899********************************************97 PP

>> nat_0c143ad343586201fcf9  
   #    score  bias  c-Evalue  i-Evalue hmmfrom  hmm to    alifrom  ali to    envfrom  env to     acc
 ---   ------ ----- --------- --------- ------- -------    ------- -------    ------- -------    ----
   1 !   50.3   1.7   1.5e-14   1.8e-14       8      60 ..       2      54 ..       1      65 [. 0.91

  Alignments for each domain:
  == domain 1  score: 50.3 bits;  conditional E-value: 1.5e-14
                      gvpj  8 aiktstssstladiLervLDkGvviagDiavsiadveLltiklRllvasvdka 60
                              a++++  s++la++++r+LDkGvvi +   vs+  +eLl+i+ R++va vd+ 
  nat_0c143ad343586201fcf9  2 AVEKTIASTSLAEVVDRILDKGVVIDAWARVSLVGIELLAIEARVVVAGVDTY 54
                              7899999********************************************84 PP

>> nat_4274eb9d5d32732dadc5  
   #    score  bias  c-Evalue  i-Evalue hmmfrom  hmm to    alifrom  ali to    envfrom  env to     acc
 ---   ------ ----- --------- --------- ------- -------    ------- -------    ------- -------    ----
   1 !   50.3   1.7   1.5e-14   1.8e-14       8      59 ..       2      53 ..       1      68 [. 0.92

  Alignments for each domain:
  == domain 1  score: 50.3 bits;  conditional E-value: 1.5e-14
                      gvpj  8 aiktstssstladiLervLDkGvviagDiavsiadveLltiklRllvasvdk 59
                              a+++ +sss+la++++r+LDkGvvi     vs+  +eLl+++ R++vasv++
  nat_4274eb9d5d32732dadc5  2 AVEKVNSSSSLAEVVDRILDKGVVIDVWARVSLVGIELLAVEARIVVASVET 53
                              678899********************************************97 PP

>> nat_f6319f5f160f5a18b334  
   #    score  bias  c-Evalue  i-Evalue hmmfrom  hmm to    alifrom  ali to    envfrom  env to     acc
 ---   ------ ----- --------- --------- ------- -------    ------- -------    ------- -------    ----
   1 !   50.2   0.3   1.6e-14   1.9e-14       5      59 ..       6      60 ..       1      84 [. 0.90

  Alignments for each domain:
  == domain 1  score: 50.2 bits;  conditional E-value: 1.6e-14
                      gvpj  5 rpsaiktstssstladiLervLDkGvviagDiavsiadveLltiklRllvasvdk 59
                              +  ++++   s++l d Le +LDkG+vi + + vs+  +e+l +++R+++asvd+
  nat_f6319f5f160f5a18b334  6 QAAPMAPAGRSGSLYDTLELILDKGIVIDAFVRVSLIGIEILRVEVRVVIASVDT 60
                              44567788999*******************************************8 PP

>> nat_d5c2d4101839c4dee9b6  
   #    score  bias  c-Evalue  i-Evalue hmmfrom  hmm to    alifrom  ali to    envfrom  env to     acc
 ---   ------ ----- --------- --------- ------- -------    ------- -------    ------- -------    ----
   1 !   50.1   2.8   1.6e-14     2e-14      10      61 ..       3      54 ..       1      86 [] 0.87

  Alignments for each domain:
  == domain 1  score: 50.1 bits;  conditional E-value: 1.6e-14
                      gvpj 10 ktstssstladiLervLDkGvviagDiavsiadveLltiklRllvasvdkak 61
                              + + +ss+la++L+rvLDkG+v+     +s+  +eLlt++ R++vasvd+  
  nat_d5c2d4101839c4dee9b6  3 QRTPNSSSLAEVLDRVLDKGIVVDVWARISVVGIELLTVEARVVVASVDTFL 54
                              567789*******************************************854 PP

>> nat_1ed909a554bd91f8870f  
   #    score  bias  c-Evalue  i-Evalue hmmfrom  hmm to    alifrom  ali to    envfrom  env to     acc
 ---   ------ ----- --------- --------- ------- -------    ------- -------    ------- -------    ----
   1 !   50.3   0.8   1.5e-14   1.8e-14      14      59 ..       5      50 ..       1      65 [. 0.92

  Alignments for each domain:
  == domain 1  score: 50.3 bits;  conditional E-value: 1.5e-14
                      gvpj 14 ssstladiLervLDkGvviagDiavsiadveLltiklRllvasvdk 59
                               ss+la++L+rvLDkGvv+ +   +s+  +e+lt++ R++vasvd+
  nat_1ed909a554bd91f8870f  5 DSSSLAEVLDRVLDKGVVVDAFARISLVGIEILTVEARVVVASVDT 50
                              689******************************************8 PP

>> nat_b3561a1e0242e2259486  
   #    score  bias  c-Evalue  i-Evalue hmmfrom  hmm to    alifrom  ali to    envfrom  env to     acc
 ---   ------ ----- --------- --------- ------- -------    ------- -------    ------- -------    ----
   1 !   50.2   0.5   1.5e-14   1.8e-14      11      60 ..       4      53 ..       1      72 [. 0.91

  Alignments for each domain:
  == domain 1  score: 50.2 bits;  conditional E-value: 1.5e-14
                      gvpj 11 tstssstladiLervLDkGvviagDiavsiadveLltiklRllvasvdka 60
                              +s   s+la++L+r+LDkG+v+ +   +s+  +e+lti+ R++vasvd+ 
  nat_b3561a1e0242e2259486  4 QSPDCSSLAEVLDRILDKGIVVDTWARISLVGIEILTIEARVVVASVDTF 53
                              566789******************************************85 PP

>> nat_004ac783975534947324  
   #    score  bias  c-Evalue  i-Evalue hmmfrom  hmm to    alifrom  ali to    envfrom  env to     acc
 ---   ------ ----- --------- --------- ------- -------    ------- -------    ------- -------    ----
   1 !   50.2   2.0   1.6e-14   1.9e-14      12      59 ..       7      54 ..       2      64 .. 0.91

  Alignments for each domain:
  == domain 1  score: 50.2 bits;  conditional E-value: 1.6e-14
                      gvpj 12 stssstladiLervLDkGvviagDiavsiadveLltiklRllvasvdk 59
                                 ss+la++L+r+LDkGvvi     vs+  +eLlt++ R++vasvd+
  nat_004ac783975534947324  7 RPDSSSLAEVLDRILDKGVVIDIWARVSVVGIELLTVEARIVVASVDT 54
                              55799******************************************8 PP

>> nat_32d58e5d24419efe5e0e  
   #    score  bias  c-Evalue  i-Evalue hmmfrom  hmm to    alifrom  ali to    envfrom  env to     acc
 ---   ------ ----- --------- --------- ------- -------    ------- -------    ------- -------    ----
   1 !   50.2   0.8   1.6e-14     2e-14      14      59 ..       5      50 ..       1      68 [. 0.92

  Alignments for each domain:
  == domain 1  score: 50.2 bits;  conditional E-value: 1.6e-14
                      gvpj 14 ssstladiLervLDkGvviagDiavsiadveLltiklRllvasvdk 59
                               ss+la++L+rvLDkGvv+ +   +s+  +e+lt++ R++vasvd+
  nat_32d58e5d24419efe5e0e  5 DSSSLAEVLDRVLDKGVVVDAFARISLVGIEILTVEARVVVASVDT 50
                              689******************************************8 PP

>> nat_dbd11e06d90ad48401af  
   #    score  bias  c-Evalue  i-Evalue hmmfrom  hmm to    alifrom  ali to    envfrom  env to     acc
 ---   ------ ----- --------- --------- ------- -------    ------- -------    ------- -------    ----
   1 !   49.7   4.0   2.3e-14   2.8e-14      13      60 ..       8      55 ..       2      92 .. 0.89

  Alignments for each domain:
  == domain 1  score: 49.7 bits;  conditional E-value: 2.3e-14
                      gvpj 13 tssstladiLervLDkGvviagDiavsiadveLltiklRllvasvdka 60
                                ss+la++L+rvLDkGvvi     +s+  +eL+ti+ R++vasvd+ 
  nat_dbd11e06d90ad48401af  8 PDSSSLAEVLDRVLDKGVVIDIWARISVVGIELITIEARVVVASVDTF 55
                              5799******************************************85 PP

>> nat_c484713e8b3e1c6ab049  
   #    score  bias  c-Evalue  i-Evalue hmmfrom  hmm to    alifrom  ali to    envfrom  env to     acc
 ---   ------ ----- --------- --------- ------- -------    ------- -------    ------- -------    ----
   1 !   49.8   0.4     2e-14   2.5e-14      13      59 ..      15      61 ..       1      66 [. 0.88

  Alignments for each domain:
  == domain 1  score: 49.8 bits;  conditional E-value: 2e-14
                      gvpj 13 tssstladiLervLDkGvviagDiavsiadveLltiklRllvasvdk 59
                                ++ la++L+ vLDkG+vi + ++vs+  +eLlti  R++vasvd+
  nat_c484713e8b3e1c6ab049 15 SPQGGLAEVLDLVLDKGLVIDAFVKVSVVGIELLTIDARIVVASVDT 61
                              45789*****************************************7 PP

>> nat_27cf1e5aac6ec3dd931d  
   #    score  bias  c-Evalue  i-Evalue hmmfrom  hmm to    alifrom  ali to    envfrom  env to     acc
 ---   ------ ----- --------- --------- ------- -------    ------- -------    ------- -------    ----
   1 !   50.0   0.8   1.7e-14   2.1e-14      14      60 ..       5      51 ..       1      70 [. 0.92

  Alignments for each domain:
  == domain 1  score: 50.0 bits;  conditional E-value: 1.7e-14
                      gvpj 14 ssstladiLervLDkGvviagDiavsiadveLltiklRllvasvdka 60
                               ss+la++L+rvLDkG+v+ +   +s+  +e+lt++ R++vasvd+ 
  nat_27cf1e5aac6ec3dd931d  5 DSSSLAEVLDRVLDKGIVVDAFARISLVGIEILTVEARVVVASVDTF 51
                              689******************************************85 PP

>> nat_07f90c8c92dbdb92b94e  
   #    score  bias  c-Evalue  i-Evalue hmmfrom  hmm to    alifrom  ali to    envfrom  env to     acc
 ---   ------ ----- --------- --------- ------- -------    ------- -------    ------- -------    ----
   1 !   49.4   3.3   2.7e-14   3.3e-14      13      60 ..       8      55 ..       2      94 .. 0.88

  Alignments for each domain:
  == domain 1  score: 49.4 bits;  conditional E-value: 2.7e-14
                      gvpj 13 tssstladiLervLDkGvviagDiavsiadveLltiklRllvasvdka 60
                                +s+l ++L+r+LDkGvvi     vs+  +eLlti+ R++vasvd+ 
  nat_07f90c8c92dbdb92b94e  8 PDGSSLSEVLDRILDKGVVIDVWARVSVVGIELLTIEARVVVASVDTF 55
                              5789******************************************85 PP

>> nat_07248f2d3ff700c7afcd  
   #    score  bias  c-Evalue  i-Evalue hmmfrom  hmm to    alifrom  ali to    envfrom  env to     acc
 ---   ------ ----- --------- --------- ------- -------    ------- -------    ------- -------    ----
   1 !   49.9   1.6     2e-14   2.4e-14      14      61 ..       7      54 ..       2      79 .. 0.87

  Alignments for each domain:
  == domain 1  score: 49.9 bits;  conditional E-value: 2e-14
                      gvpj 14 ssstladiLervLDkGvviagDiavsiadveLltiklRllvasvdkak 61
                               +s+lad+L+r+LDkGvvi     +s+  +e+lt++ R++vasvd+  
  nat_07248f2d3ff700c7afcd  7 DTSSLADVLDRILDKGVVIDVWARISVVGIEVLTVEARVVVASVDTFL 54
                              5799*****************************************843 PP

>> nat_c72edb773e9a92736861  
   #    score  bias  c-Evalue  i-Evalue hmmfrom  hmm to    alifrom  ali to    envfrom  env to     acc
 ---   ------ ----- --------- --------- ------- -------    ------- -------    ------- -------    ----
   1 !   50.0   1.9   1.8e-14   2.2e-14       8      60 ..       2      54 ..       1      68 [. 0.91

  Alignments for each domain:
  == domain 1  score: 50.0 bits;  conditional E-value: 1.8e-14
                      gvpj  8 aiktstssstladiLervLDkGvviagDiavsiadveLltiklRllvasvdka 60
                              a+++ + ss+la++++r+LDkG+vi + + vs+  +eLl+++ R+++a vd+ 
  nat_c72edb773e9a92736861  2 AVEKVNASSSLAEVVDRILDKGIVIDAWVRVSLVGIELLAVEARIVIAGVDTY 54
                              6788899********************************************84 PP

>> nat_a4ce46bc0db75edd2892  
   #    score  bias  c-Evalue  i-Evalue hmmfrom  hmm to    alifrom  ali to    envfrom  env to     acc
 ---   ------ ----- --------- --------- ------- -------    ------- -------    ------- -------    ----
   1 !   50.0   1.2   1.8e-14   2.2e-14      11      59 ..       4      52 ..       1      70 [. 0.92

  Alignments for each domain:
  == domain 1  score: 50.0 bits;  conditional E-value: 1.8e-14
                      gvpj 11 tstssstladiLervLDkGvviagDiavsiadveLltiklRllvasvdk 59
                              +s  ss+la++L+r+LDkG+v+ +   vs+  +e+l+i+ R++vasvd+
  nat_a4ce46bc0db75edd2892  4 QSPDSSSLAEVLDRILDKGIVVDTWARVSLVGIEILAIEARVVVASVDT 52
                              66789*******************************************8 PP

>> nat_ede685c8031e89299cf7  
   #    score  bias  c-Evalue  i-Evalue hmmfrom  hmm to    alifrom  ali to    envfrom  env to     acc
 ---   ------ ----- --------- --------- ------- -------    ------- -------    ------- -------    ----
   1 !   49.9   0.4   1.9e-14   2.3e-14      11      60 ..       4      53 ..       1      72 [. 0.91

  Alignments for each domain:
  == domain 1  score: 49.9 bits;  conditional E-value: 1.9e-14
                      gvpj 11 tstssstladiLervLDkGvviagDiavsiadveLltiklRllvasvdka 60
                              +s   s+la++L+r+LDkG+v+ +   +s+  +e+lti+ R++vasvd+ 
  nat_ede685c8031e89299cf7  4 QSPDCSSLAEVLDRILDKGIVVDTWARISLVGIEVLTIEARVVVASVDTF 53
                              566789******************************************85 PP

>> nat_5c9d5857295c1e857ae7  
   #    score  bias  c-Evalue  i-Evalue hmmfrom  hmm to    alifrom  ali to    envfrom  env to     acc
 ---   ------ ----- --------- --------- ------- -------    ------- -------    ------- -------    ----
   1 !   49.8   0.6   2.1e-14   2.5e-14      14      62 ..       9      57 ..       2      62 .. 0.92

  Alignments for each domain:
  == domain 1  score: 49.8 bits;  conditional E-value: 2.1e-14
                      gvpj 14 ssstladiLervLDkGvviagDiavsiadveLltiklRllvasvdkake 62
                               + tl d+L+r+LDkGv+i gD+++s+a+v+L+ + l++l++svd+a++
  nat_5c9d5857295c1e857ae7  9 RELTLLDLLDRILDKGVIIIGDVTISVANVDLVYLGLKVLLTSVDNAEK 57
                              56789*****************************************987 PP

>> nat_fd9a2791aaca81c0c6ef  
   #    score  bias  c-Evalue  i-Evalue hmmfrom  hmm to    alifrom  ali to    envfrom  env to     acc
 ---   ------ ----- --------- --------- ------- -------    ------- -------    ------- -------    ----
   1 !   49.9   1.6   1.9e-14   2.4e-14       9      59 ..       3      53 ..       1      69 [. 0.93

  Alignments for each domain:
  == domain 1  score: 49.9 bits;  conditional E-value: 1.9e-14
                      gvpj  9 iktstssstladiLervLDkGvviagDiavsiadveLltiklRllvasvdk 59
                              +++st ss+la++++r+LDkGvvi     vs+  +eL+t++ R+++asvd+
  nat_fd9a2791aaca81c0c6ef  3 VQKSTDSSSLAEVVDRILDKGVVIDVFARVSLVGIELVTVEARVVIASVDT 53
                              67899*********************************************8 PP

>> nat_ba8e972cfc82013f9a87  
   #    score  bias  c-Evalue  i-Evalue hmmfrom  hmm to    alifrom  ali to    envfrom  env to     acc
 ---   ------ ----- --------- --------- ------- -------    ------- -------    ------- -------    ----
   1 !   49.9   0.2     2e-14   2.4e-14       2      59 ..       2      61 ..       1      93 [. 0.87

  Alignments for each domain:
  == domain 1  score: 49.9 bits;  conditional E-value: 2e-14
                      gvpj  2 sta.rp.saiktstssstladiLervLDkGvviagDiavsiadveLltiklRllvasvdk 59
                              +++  p  +  t   +++l diLe +LD+G+vi   i vs+  +e+l+i +R+++asvd+
  nat_ba8e972cfc82013f9a87  2 TQTgGPpATASTGSGTGSLFDILELILDRGLVIDVFIRVSLVGIEILKIDIRIVIASVDT 61
                              555445144455555689*****************************************7 PP

>> nat_3d07312c83e7c32af7ba  
   #    score  bias  c-Evalue  i-Evalue hmmfrom  hmm to    alifrom  ali to    envfrom  env to     acc
 ---   ------ ----- --------- --------- ------- -------    ------- -------    ------- -------    ----
   1 !   49.8   2.0   2.1e-14   2.5e-14       9      59 ..       3      53 ..       1      67 [. 0.93

  Alignments for each domain:
  == domain 1  score: 49.8 bits;  conditional E-value: 2.1e-14
                      gvpj  9 iktstssstladiLervLDkGvviagDiavsiadveLltiklRllvasvdk 59
                              +++st ss+la++++r+LDkGvvi     vs+  +eL+t++ R+++asvd+
  nat_3d07312c83e7c32af7ba  3 VQKSTDSSSLAEVIDRILDKGVVIDVFARVSLVGIELITVEARVVIASVDT 53
                              78999*********************************************7 PP

>> nat_34624fdc2470cd5a2bf3  
   #    score  bias  c-Evalue  i-Evalue hmmfrom  hmm to    alifrom  ali to    envfrom  env to     acc
 ---   ------ ----- --------- --------- ------- -------    ------- -------    ------- -------    ----
   1 !   49.9   1.6     2e-14   2.4e-14       8      58 ..       3      53 ..       1      66 [. 0.92

  Alignments for each domain:
  == domain 1  score: 49.9 bits;  conditional E-value: 2e-14
                      gvpj  8 aiktstssstladiLervLDkGvviagDiavsiadveLltiklRllvasvd 58
                              +i++s  ss+la++++r+LDkGvvi     vs+  +eLlt++ R+++asvd
  nat_34624fdc2470cd5a2bf3  3 SIQKSVDSSSLAEVVDRILDKGVVIDVWARVSLVGIELLTVEARVVIASVD 53
                              5789999*******************************************9 PP

>> nat_44a44809c7c1d751ebce  
   #    score  bias  c-Evalue  i-Evalue hmmfrom  hmm to    alifrom  ali to    envfrom  env to     acc
 ---   ------ ----- --------- --------- ------- -------    ------- -------    ------- -------    ----
   1 !   49.9   1.4     2e-14   2.4e-14       8      59 ..       2      53 ..       1      68 [. 0.92

  Alignments for each domain:
  == domain 1  score: 49.9 bits;  conditional E-value: 2e-14
                      gvpj  8 aiktstssstladiLervLDkGvviagDiavsiadveLltiklRllvasvdk 59
                              a+++ +sss+la++++r+LDkGvvi     vs+  +eLl+++ R++vasv++
  nat_44a44809c7c1d751ebce  2 AVEKVNSSSSLAEVIDRILDKGVVIDLWARVSLVGIELLAVEARVVVASVET 53
                              678899********************************************97 PP

>> nat_861aafc294a955cecd2e  
   #    score  bias  c-Evalue  i-Evalue hmmfrom  hmm to    alifrom  ali to    envfrom  env to     acc
 ---   ------ ----- --------- --------- ------- -------    ------- -------    ------- -------    ----
   1 !   49.9   3.0   1.9e-14   2.3e-14       9      59 ..       3      53 ..       1      63 [. 0.93

  Alignments for each domain:
  == domain 1  score: 49.9 bits;  conditional E-value: 1.9e-14
                      gvpj  9 iktstssstladiLervLDkGvviagDiavsiadveLltiklRllvasvdk 59
                              i++st ss+la++++r+LDkG+vi +   vs+  +e+lt++ R+++asvd+
  nat_861aafc294a955cecd2e  3 IQKSTDSSSLAEVIDRILDKGIVIDAFARVSLVGIEILTVEARVVIASVDT 53
                              7899**********************************************7 PP

>> nat_0aeb545239a28bae61f9  
   #    score  bias  c-Evalue  i-Evalue hmmfrom  hmm to    alifrom  ali to    envfrom  env to     acc
 ---   ------ ----- --------- --------- ------- -------    ------- -------    ------- -------    ----
   1 !   49.5   3.2   2.5e-14   3.1e-14      13      60 ..       6      53 ..       1      79 [. 0.88

  Alignments for each domain:
  == domain 1  score: 49.5 bits;  conditional E-value: 2.5e-14
                      gvpj 13 tssstladiLervLDkGvviagDiavsiadveLltiklRllvasvdka 60
                               ++s+la++L+r+LDkGvvi   + vs+  +e+lti+ R+++asvd+ 
  nat_0aeb545239a28bae61f9  6 PNTSSLAEVLDRILDKGVVIDLWVRVSLVGIEILTIEARVVIASVDTF 53
                              46799*****************************************84 PP

>> nat_48f4fc548c0153a5775e  
   #    score  bias  c-Evalue  i-Evalue hmmfrom  hmm to    alifrom  ali to    envfrom  env to     acc
 ---   ------ ----- --------- --------- ------- -------    ------- -------    ------- -------    ----
   1 !   49.5   4.2   2.6e-14   3.2e-14      14      60 ..      10      56 ..       2      94 .. 0.90

  Alignments for each domain:
  == domain 1  score: 49.5 bits;  conditional E-value: 2.6e-14
                      gvpj 14 ssstladiLervLDkGvviagDiavsiadveLltiklRllvasvdka 60
                                s+la++L+r+LDkGvvi     vs+  +eLlti+ R++vasvd+ 
  nat_48f4fc548c0153a5775e 10 DASSLAEVLDRILDKGVVIDVWARVSVVGIELLTIEARVVVASVDTF 56
                              5799*****************************************85 PP

>> nat_448d52f7c380acd65350  
   #    score  bias  c-Evalue  i-Evalue hmmfrom  hmm to    alifrom  ali to    envfrom  env to     acc
 ---   ------ ----- --------- --------- ------- -------    ------- -------    ------- -------    ----
   1 !   49.7   1.4   2.2e-14   2.7e-14      11      59 ..       4      52 ..       1      67 [. 0.92

  Alignments for each domain:
  == domain 1  score: 49.7 bits;  conditional E-value: 2.2e-14
                      gvpj 11 tstssstladiLervLDkGvviagDiavsiadveLltiklRllvasvdk 59
                              +s  ss+la++L+r+LDkG+v+ +   vs+  +e+l+i+ R++vasvd+
  nat_448d52f7c380acd65350  4 QSPDSSSLAEVLDRILDKGIVVDTWARVSLVGIEILAIEARVVVASVDT 52
                              66789*******************************************8 PP

>> nat_147b949dc21dd0206855  
   #    score  bias  c-Evalue  i-Evalue hmmfrom  hmm to    alifrom  ali to    envfrom  env to     acc
 ---   ------ ----- --------- --------- ------- -------    ------- -------    ------- -------    ----
   1 !   49.7   2.2   2.2e-14   2.6e-14       8      59 ..       2      53 ..       1      69 [. 0.92

  Alignments for each domain:
  == domain 1  score: 49.7 bits;  conditional E-value: 2.2e-14
                      gvpj  8 aiktstssstladiLervLDkGvviagDiavsiadveLltiklRllvasvdk 59
                              a+++ +sss+la++++r+LDkGvvi   + vs+  +eL++i+ R+++asv++
  nat_147b949dc21dd0206855  2 AVEKVNSSSSLAEVIDRILDKGVVIDLWVRVSLVGIELIAIEARIVLASVET 53
                              678899********************************************97 PP

>> nat_fa2383cbfbff83286c61  
   #    score  bias  c-Evalue  i-Evalue hmmfrom  hmm to    alifrom  ali to    envfrom  env to     acc
 ---   ------ ----- --------- --------- ------- -------    ------- -------    ------- -------    ----
   1 !   49.2   3.7   3.2e-14   3.9e-14      12      60 ..       7      55 ..       2      95 .. 0.88

  Alignments for each domain:
  == domain 1  score: 49.2 bits;  conditional E-value: 3.2e-14
                      gvpj 12 stssstladiLervLDkGvviagDiavsiadveLltiklRllvasvdka 60
                                 ss+la++L+r+LDkGvvi     vs+  +eLlt++ R++vasvd+ 
  nat_fa2383cbfbff83286c61  7 RPDSSSLAEVLDRILDKGVVIDIWARVSVVGIELLTVEARVVVASVDTF 55
                              55799******************************************85 PP

>> nat_ee10b37a92559cba1989  
   #    score  bias  c-Evalue  i-Evalue hmmfrom  hmm to    alifrom  ali to    envfrom  env to     acc
 ---   ------ ----- --------- --------- ------- -------    ------- -------    ------- -------    ----
   1 !   49.5   2.6   2.5e-14   3.1e-14      12      60 ..       7      55 ..       2      89 .. 0.91

  Alignments for each domain:
  == domain 1  score: 49.5 bits;  conditional E-value: 2.5e-14
                      gvpj 12 stssstladiLervLDkGvviagDiavsiadveLltiklRllvasvdka 60
                                 ss+la++L+r+LDkGvvi     +s+  +eL+t++ R++vasvd+ 
  nat_ee10b37a92559cba1989  7 RPDSSSLAEVLDRILDKGVVIDVWARISVVGIELITVEARVVVASVDTF 55
                              55799******************************************85 PP

>> nat_9fda348180c612303cdb  
   #    score  bias  c-Evalue  i-Evalue hmmfrom  hmm to    alifrom  ali to    envfrom  env to     acc
 ---   ------ ----- --------- --------- ------- -------    ------- -------    ------- -------    ----
   1 !   49.1   4.0   3.4e-14   4.2e-14      13      60 ..       8      55 ..       2      94 .. 0.90

  Alignments for each domain:
  == domain 1  score: 49.1 bits;  conditional E-value: 3.4e-14
                      gvpj 13 tssstladiLervLDkGvviagDiavsiadveLltiklRllvasvdka 60
                                ss+la++L+r+LDkGvvi     +s+  +eLlt++ R++vasvd+ 
  nat_9fda348180c612303cdb  8 PDSSSLAEVLDRILDKGVVIDVWARISVVGIELLTVEARVVVASVDTF 55
                              5799******************************************85 PP

>> nat_140f5823a50b88bf41c9  
   #    score  bias  c-Evalue  i-Evalue hmmfrom  hmm to    alifrom  ali to    envfrom  env to     acc
 ---   ------ ----- --------- --------- ------- -------    ------- -------    ------- -------    ----
   1 !   49.5   2.7   2.5e-14   3.1e-14      13      60 ..       7      54 ..       1      80 [. 0.89

  Alignments for each domain:
  == domain 1  score: 49.5 bits;  conditional E-value: 2.5e-14
                      gvpj 13 tssstladiLervLDkGvviagDiavsiadveLltiklRllvasvdka 60
                                ss+la++L+r+LDkGvvi     vs+  +eLlt++ R+++asvd+ 
  nat_140f5823a50b88bf41c9  7 PDSSSLAEVLDRILDKGVVIDIWARVSVVGIELLTVEARVVIASVDTF 54
                              5799******************************************84 PP

>> nat_81de2b78d291d512c1e2  
   #    score  bias  c-Evalue  i-Evalue hmmfrom  hmm to    alifrom  ali to    envfrom  env to     acc
 ---   ------ ----- --------- --------- ------- -------    ------- -------    ------- -------    ----
   1 !   49.7   2.3   2.2e-14   2.7e-14      12      59 ..       7      54 ..       2      63 .. 0.91

  Alignments for each domain:
  == domain 1  score: 49.7 bits;  conditional E-value: 2.2e-14
                      gvpj 12 stssstladiLervLDkGvviagDiavsiadveLltiklRllvasvdk 59
                                 ss+la++L+rvLDkGvvi     +s+  +eL+t++ R++vasvd+
  nat_81de2b78d291d512c1e2  7 RPDSSSLAEVLDRVLDKGVVIDVWARISVVGIELITVEARVVVASVDT 54
                              55799******************************************8 PP

>> nat_36d36d0c4f52b3ab32d3  
   #    score  bias  c-Evalue  i-Evalue hmmfrom  hmm to    alifrom  ali to    envfrom  env to     acc
 ---   ------ ----- --------- --------- ------- -------    ------- -------    ------- -------    ----
   1 !   49.4   0.6   2.6e-14   3.2e-14       9      60 ..       4      55 ..       2      72 .. 0.88

  Alignments for each domain:
  == domain 1  score: 49.4 bits;  conditional E-value: 2.6e-14
                      gvpj  9 iktstssstladiLervLDkGvviagDiavsiadveLltiklRllvasvdka 60
                              ++++   s la++++r+LDkG+vi +   vs+  +eL++++ R++vasv++ 
  nat_36d36d0c4f52b3ab32d3  4 VQKTGDASGLAEVVDRILDKGIVIDAFARVSLVGIELVSVEARVVVASVETY 55
                              56788899*****************************************984 PP

>> nat_4ba0a2c8ff48af80e17e  
   #    score  bias  c-Evalue  i-Evalue hmmfrom  hmm to    alifrom  ali to    envfrom  env to     acc
 ---   ------ ----- --------- --------- ------- -------    ------- -------    ------- -------    ----
   1 !   49.4   1.2   2.8e-14   3.4e-14       8      59 ..       2      53 ..       1      65 [. 0.93

  Alignments for each domain:
  == domain 1  score: 49.4 bits;  conditional E-value: 2.8e-14
                      gvpj  8 aiktstssstladiLervLDkGvviagDiavsiadveLltiklRllvasvdk 59
                              a+++++sss+la++++r+LDk  v+ + + vs+  +eLl+i+ R+++asv++
  nat_4ba0a2c8ff48af80e17e  2 AVEKTNSSSSLAEVIDRILDKSTVVDAWVRVSLVGIELLAIEARIVIASVET 53
                              78999*********************************************97 PP

>> nat_c477483bf308ed286daf  
   #    score  bias  c-Evalue  i-Evalue hmmfrom  hmm to    alifrom  ali to    envfrom  env to     acc
 ---   ------ ----- --------- --------- ------- -------    ------- -------    ------- -------    ----
   1 !   49.3   0.8   2.9e-14   3.5e-14      11      62 ..       3      54 ..       1      83 [. 0.88

  Alignments for each domain:
  == domain 1  score: 49.3 bits;  conditional E-value: 2.9e-14
                      gvpj 11 tstssstladiLervLDkGvviagDiavsiadveLltiklRllvasvdkake 62
                              ++ +s++la++L+r+LDkG+vi     vs+  +e+lt++ R++vasvd+  +
  nat_c477483bf308ed286daf  3 KTPESTSLAEVLDRILDKGIVIDIWARVSVVGIEILTVEARIVVASVDTFLH 54
                              5667899*****************************************8655 PP

>> nat_5db4f89b8985994be8c6  
   #    score  bias  c-Evalue  i-Evalue hmmfrom  hmm to    alifrom  ali to    envfrom  env to     acc
 ---   ------ ----- --------- --------- ------- -------    ------- -------    ------- -------    ----
   1 !   49.3   0.8   2.9e-14   3.5e-14      12      59 ..      16      63 ..       3      72 .. 0.91

  Alignments for each domain:
  == domain 1  score: 49.3 bits;  conditional E-value: 2.9e-14
                      gvpj 12 stssstladiLervLDkGvviagDiavsiadveLltiklRllvasvdk 59
                                sss+lad++e +LDkG+vi + + vs+  +e+lti  R+++asvd+
  nat_5db4f89b8985994be8c6 16 RPSSSSLADVIEIILDKGLVIDAYVRVSLVGIEVLTIDARIVIASVDT 63
                              56899******************************************7 PP

>> nat_7bdcd34808440e398074  
   #    score  bias  c-Evalue  i-Evalue hmmfrom  hmm to    alifrom  ali to    envfrom  env to     acc
 ---   ------ ----- --------- --------- ------- -------    ------- -------    ------- -------    ----
   1 !   49.3   0.8   2.9e-14   3.5e-14      12      59 ..      16      63 ..       3      72 .. 0.91

  Alignments for each domain:
  == domain 1  score: 49.3 bits;  conditional E-value: 2.9e-14
                      gvpj 12 stssstladiLervLDkGvviagDiavsiadveLltiklRllvasvdk 59
                                sss+lad++e +LDkG+vi + + vs+  +e+lti  R+++asvd+
  nat_7bdcd34808440e398074 16 RPSSSSLADVIEIILDKGLVIDAYVRVSLVGIEVLTIDARIVIASVDT 63
                              56899******************************************7 PP

>> nat_75679c0d4db585656573  
   #    score  bias  c-Evalue  i-Evalue hmmfrom  hmm to    alifrom  ali to    envfrom  env to     acc
 ---   ------ ----- --------- --------- ------- -------    ------- -------    ------- -------    ----
   1 !   49.3   2.2   2.9e-14   3.5e-14      12      59 ..       7      54 ..       2      63 .. 0.91

  Alignments for each domain:
  == domain 1  score: 49.3 bits;  conditional E-value: 2.9e-14
                      gvpj 12 stssstladiLervLDkGvviagDiavsiadveLltiklRllvasvdk 59
                                 ss+la++L+r+LDkGvvi     +s+  +eL+t++ R++vasvd+
  nat_75679c0d4db585656573  7 RPDSSSLAEVLDRILDKGVVIDVWARISVVGIELITVEARVVVASVDT 54
                              55799******************************************8 PP

>> nat_7f3ba3408331f0b52ea1  
   #    score  bias  c-Evalue  i-Evalue hmmfrom  hmm to    alifrom  ali to    envfrom  env to     acc
 ---   ------ ----- --------- --------- ------- -------    ------- -------    ------- -------    ----
   1 !   49.2   1.0   3.1e-14   3.8e-14      11      59 ..       4      52 ..       1      64 [. 0.90

  Alignments for each domain:
  == domain 1  score: 49.2 bits;  conditional E-value: 3.1e-14
                      gvpj 11 tstssstladiLervLDkGvviagDiavsiadveLltiklRllvasvdk 59
                              + +sss+lad+++r+LDkGvvi +   vs+  +e+l+++ R+++asv++
  nat_7f3ba3408331f0b52ea1  4 KFNSSSSLADVIDRILDKGVVIDAWARVSLVGIEILALEARVVIASVET 52
                              56799******************************************97 PP

>> nat_fd161dfe59366687c2f2  
   #    score  bias  c-Evalue  i-Evalue hmmfrom  hmm to    alifrom  ali to    envfrom  env to     acc
 ---   ------ ----- --------- --------- ------- -------    ------- -------    ------- -------    ----
   1 !   49.2   1.8   3.2e-14   3.9e-14       8      59 ..       2      53 ..       1      68 [. 0.91

  Alignments for each domain:
  == domain 1  score: 49.2 bits;  conditional E-value: 3.2e-14
                      gvpj  8 aiktstssstladiLervLDkGvviagDiavsiadveLltiklRllvasvdk 59
                              a+++ +sss+la++++r+LDkGvvi     vs+  +eLl+++ R+++asv++
  nat_fd161dfe59366687c2f2  2 AVEKVNSSSSLAEVIDRILDKGVVIDIWARVSLVGIELLAVEARVVIASVET 53
                              678899********************************************97 PP

>> nat_fca4193e69c1cb015d9a  
   #    score  bias  c-Evalue  i-Evalue hmmfrom  hmm to    alifrom  ali to    envfrom  env to     acc
 ---   ------ ----- --------- --------- ------- -------    ------- -------    ------- -------    ----
   1 !   48.7   2.5   4.6e-14   5.7e-14      13      59 ..      15      61 ..       6     143 .. 0.86

  Alignments for each domain:
  == domain 1  score: 48.7 bits;  conditional E-value: 4.6e-14
                      gvpj 13 tssstladiLervLDkGvviagDiavsiadveLltiklRllvasvdk 59
                               sss+l d+Le vLD+G+vi + + vs+  +eLl+i +R++vasvd+
  nat_fca4193e69c1cb015d9a 15 GSSSSLYDVLELVLDRGLVIDAFVRVSLVGIELLKIDVRVVVASVDT 61
                              5899******************************************8 PP

>> nat_0df60d2fc55bf3787af1  
   #    score  bias  c-Evalue  i-Evalue hmmfrom  hmm to    alifrom  ali to    envfrom  env to     acc
 ---   ------ ----- --------- --------- ------- -------    ------- -------    ------- -------    ----
   1 !   48.7   0.6   4.4e-14   5.3e-14       9      59 ..       4      54 ..       1      72 [. 0.92

  Alignments for each domain:
  == domain 1  score: 48.7 bits;  conditional E-value: 4.4e-14
                      gvpj  9 iktstssstladiLervLDkGvviagDiavsiadveLltiklRllvasvdk 59
                              ++     s+lad+L+ vLDkG+v+ + + v+++ veL+ti  R+++asvd+
  nat_0df60d2fc55bf3787af1  4 VNRAPRPSSLADVLDVVLDKGIVVDAYVRVALLGVELVTIDARVVIASVDT 54
                              55666789******************************************7 PP

>> nat_b47c8eec954491beb714  
   #    score  bias  c-Evalue  i-Evalue hmmfrom  hmm to    alifrom  ali to    envfrom  env to     acc
 ---   ------ ----- --------- --------- ------- -------    ------- -------    ------- -------    ----
   1 !   48.5   4.4   5.2e-14   6.4e-14      13      60 ..       8      55 ..       2      94 .. 0.88

  Alignments for each domain:
  == domain 1  score: 48.5 bits;  conditional E-value: 5.2e-14
                      gvpj 13 tssstladiLervLDkGvviagDiavsiadveLltiklRllvasvdka 60
                                ss+la++L+r+LDkGvvi     vs+  +eLlt++ R++vasvd+ 
  nat_b47c8eec954491beb714  8 PDSSSLAEVLDRILDKGVVIDIWARVSVVGIELLTVEARVVVASVDTF 55
                              5799******************************************85 PP

>> nat_2e707b0ae8b0c69feb2e  
   #    score  bias  c-Evalue  i-Evalue hmmfrom  hmm to    alifrom  ali to    envfrom  env to     acc
 ---   ------ ----- --------- --------- ------- -------    ------- -------    ------- -------    ----
   1 !   49.1   1.5   3.4e-14   4.1e-14       8      59 ..       2      53 ..       1      68 [. 0.92

  Alignments for each domain:
  == domain 1  score: 49.1 bits;  conditional E-value: 3.4e-14
                      gvpj  8 aiktstssstladiLervLDkGvviagDiavsiadveLltiklRllvasvdk 59
                              a+++ +sss+la++++r+LDkGvvi     vs+  +eLl+++ R+++asv++
  nat_2e707b0ae8b0c69feb2e  2 AVEKVNSSSSLAEVIDRILDKGVVIDLWARVSLVGIELLAVEARVVIASVET 53
                              678899********************************************97 PP

>> nat_b34a5f1cebe7f342dc3f  
   #    score  bias  c-Evalue  i-Evalue hmmfrom  hmm to    alifrom  ali to    envfrom  env to     acc
 ---   ------ ----- --------- --------- ------- -------    ------- -------    ------- -------    ----
   1 !   49.1   1.5   3.5e-14   4.3e-14       8      59 ..       2      53 ..       1      68 [. 0.92

  Alignments for each domain:
  == domain 1  score: 49.1 bits;  conditional E-value: 3.5e-14
                      gvpj  8 aiktstssstladiLervLDkGvviagDiavsiadveLltiklRllvasvdk 59
                              a+++ +sss+la++++r+LDkGvvi     vs+  +eLl+++ R+++asv++
  nat_b34a5f1cebe7f342dc3f  2 AVEKVNSSSSLAEVIDRILDKGVVIDLWARVSLVGIELLAVEARVVIASVET 53
                              678899********************************************97 PP

>> nat_74aacbad701be1598660  
   #    score  bias  c-Evalue  i-Evalue hmmfrom  hmm to    alifrom  ali to    envfrom  env to     acc
 ---   ------ ----- --------- --------- ------- -------    ------- -------    ------- -------    ----
   1 !   48.4   4.4   5.4e-14   6.7e-14      13      60 ..       8      55 ..       2      94 .. 0.88

  Alignments for each domain:
  == domain 1  score: 48.4 bits;  conditional E-value: 5.4e-14
                      gvpj 13 tssstladiLervLDkGvviagDiavsiadveLltiklRllvasvdka 60
                                ss+la++L+r+LDkGvvi     vs+  +eLlt++ R++vasvd+ 
  nat_74aacbad701be1598660  8 PDSSSLAEVLDRILDKGVVIDIWARVSVVGIELLTVEARVVVASVDTF 55
                              5799******************************************85 PP

>> nat_de4f0d0b434811184abb  
   #    score  bias  c-Evalue  i-Evalue hmmfrom  hmm to    alifrom  ali to    envfrom  env to     acc
 ---   ------ ----- --------- --------- ------- -------    ------- -------    ------- -------    ----
   1 !   49.0   1.8   3.6e-14   4.4e-14       8      59 ..       2      53 ..       1      73 [. 0.94

  Alignments for each domain:
  == domain 1  score: 49.0 bits;  conditional E-value: 3.6e-14
                      gvpj  8 aiktstssstladiLervLDkGvviagDiavsiadveLltiklRllvasvdk 59
                              a+++st s +la++++r+LDkG+vi +   vs+  +e++t++ R+++asvd+
  nat_de4f0d0b434811184abb  2 AVQKSTDSCSLAEVIDRILDKGIVIDAFARVSLVGIEIITVEARVVIASVDT 53
                              78999**********************************************8 PP

>> nat_4d804d42d3d08ccd0ad2  
   #    score  bias  c-Evalue  i-Evalue hmmfrom  hmm to    alifrom  ali to    envfrom  env to     acc
 ---   ------ ----- --------- --------- ------- -------    ------- -------    ------- -------    ----
   1 !   49.0   1.7   3.7e-14   4.5e-14       8      59 ..       2      53 ..       1      72 [. 0.94

  Alignments for each domain:
  == domain 1  score: 49.0 bits;  conditional E-value: 3.7e-14
                      gvpj  8 aiktstssstladiLervLDkGvviagDiavsiadveLltiklRllvasvdk 59
                              a+++st s +la++++r+LDkG+vi +   vs+  +e++t++ R+++asvd+
  nat_4d804d42d3d08ccd0ad2  2 AVQKSTDSCSLAEVIDRILDKGIVIDAFARVSLVGIEIITVEARVVIASVDT 53
                              78999**********************************************7 PP

>> nat_4b12dfb542826f087a7e  
   #    score  bias  c-Evalue  i-Evalue hmmfrom  hmm to    alifrom  ali to    envfrom  env to     acc
 ---   ------ ----- --------- --------- ------- -------    ------- -------    ------- -------    ----
   1 !   48.4   0.8   5.6e-14   6.9e-14      12      59 ..      13      60 ..       1      67 [. 0.88

  Alignments for each domain:
  == domain 1  score: 48.4 bits;  conditional E-value: 5.6e-14
                      gvpj 12 stssstladiLervLDkGvviagDiavsiadveLltiklRllvasvdk 59
                                 s++l diLe +LD+G+vi   i vs++ +e+lti +R++vasvd+
  nat_4b12dfb542826f087a7e 13 RSGSGSLYDILELILDRGLVIDVFIRVSLLGIEILTIDIRIVVASVDT 60
                              455789*****************************************7 PP

>> nat_9cc118c4f8ae07349652  
   #    score  bias  c-Evalue  i-Evalue hmmfrom  hmm to    alifrom  ali to    envfrom  env to     acc
 ---   ------ ----- --------- --------- ------- -------    ------- -------    ------- -------    ----
   1 !   48.4   0.8   5.7e-14     7e-14      12      59 ..      13      60 ..       1      66 [. 0.88

  Alignments for each domain:
  == domain 1  score: 48.4 bits;  conditional E-value: 5.7e-14
                      gvpj 12 stssstladiLervLDkGvviagDiavsiadveLltiklRllvasvdk 59
                                 s++l diLe +LD+G+vi   i vs++ +e+lti +R++vasvd+
  nat_9cc118c4f8ae07349652 13 RSGSGSLYDILELILDRGLVIDVFIRVSLLGIEILTIDIRIVVASVDT 60
                              455789*****************************************7 PP

>> nat_39cf0fd21702af1ff2b1  
   #    score  bias  c-Evalue  i-Evalue hmmfrom  hmm to    alifrom  ali to    envfrom  env to     acc
 ---   ------ ----- --------- --------- ------- -------    ------- -------    ------- -------    ----
   1 !   48.9   1.1   3.8e-14   4.6e-14       8      59 ..       2      53 ..       1      64 [. 0.92

  Alignments for each domain:
  == domain 1  score: 48.9 bits;  conditional E-value: 3.8e-14
                      gvpj  8 aiktstssstladiLervLDkGvviagDiavsiadveLltiklRllvasvdk 59
                              a+++++ ss+l+++++r+LDkGvvi +   vs+  +eLl+i+ R+++a v++
  nat_39cf0fd21702af1ff2b1  2 AVEKTNASSSLVEVIDRILDKGVVIDAWARVSLVGIELLAIEARVVLAGVET 53
                              789999********************************************97 PP

>> nat_eccab6536bed142192aa  
   #    score  bias  c-Evalue  i-Evalue hmmfrom  hmm to    alifrom  ali to    envfrom  env to     acc
 ---   ------ ----- --------- --------- ------- -------    ------- -------    ------- -------    ----
   1 !   48.9   1.7     4e-14   4.9e-14       8      60 ..       2      54 ..       1      64 [. 0.91

  Alignments for each domain:
  == domain 1  score: 48.9 bits;  conditional E-value: 4e-14
                      gvpj  8 aiktstssstladiLervLDkGvviagDiavsiadveLltiklRllvasvdka 60
                              a+++ + ss+la++++r+LDkGvv+ + + vs+  +eLl+++ R++va vd+ 
  nat_eccab6536bed142192aa  2 AVEKINASSSLAEVVDRILDKGVVVDAWVRVSLVGIELLAVEARVVVAGVDTY 54
                              67778899*******************************************84 PP

>> nat_a1131689eff9ccc2bc1c  
   #    score  bias  c-Evalue  i-Evalue hmmfrom  hmm to    alifrom  ali to    envfrom  env to     acc
 ---   ------ ----- --------- --------- ------- -------    ------- -------    ------- -------    ----
   1 !   48.9   1.7     4e-14   4.9e-14       8      60 ..       2      54 ..       1      64 [. 0.91

  Alignments for each domain:
  == domain 1  score: 48.9 bits;  conditional E-value: 4e-14
                      gvpj  8 aiktstssstladiLervLDkGvviagDiavsiadveLltiklRllvasvdka 60
                              a+++ + ss+la++++r+LDkGvv+ + + vs+  +eLl+++ R++va vd+ 
  nat_a1131689eff9ccc2bc1c  2 AVEKINASSSLAEVVDRILDKGVVVDAWVRVSLVGIELLAVEARVVVAGVDTY 54
                              67778899*******************************************84 PP

>> nat_61a382d08777524701b3  
   #    score  bias  c-Evalue  i-Evalue hmmfrom  hmm to    alifrom  ali to    envfrom  env to     acc
 ---   ------ ----- --------- --------- ------- -------    ------- -------    ------- -------    ----
   1 !   48.9   0.8   3.9e-14   4.8e-14      14      59 ..       5      50 ..       1      64 [. 0.92

  Alignments for each domain:
  == domain 1  score: 48.9 bits;  conditional E-value: 3.9e-14
                      gvpj 14 ssstladiLervLDkGvviagDiavsiadveLltiklRllvasvdk 59
                               ss+la++L+rvLDkG+v+ +   +s+  +e+lt++ R++vasvd+
  nat_61a382d08777524701b3  5 DSSSLAEVLDRVLDKGIVVDTFARISLVGIEILTVEARVVVASVDT 50
                              689******************************************8 PP

>> nat_8892cc08df511f644bcf  
   #    score  bias  c-Evalue  i-Evalue hmmfrom  hmm to    alifrom  ali to    envfrom  env to     acc
 ---   ------ ----- --------- --------- ------- -------    ------- -------    ------- -------    ----
   1 !   48.9   2.2   3.9e-14   4.8e-14       8      59 ..       2      53 ..       1      67 [. 0.93

  Alignments for each domain:
  == domain 1  score: 48.9 bits;  conditional E-value: 3.9e-14
                      gvpj  8 aiktstssstladiLervLDkGvviagDiavsiadveLltiklRllvasvdk 59
                              ai++s  ss+la++++r+LDkGvvi     vs+  +eLl++  R+++asvd+
  nat_8892cc08df511f644bcf  2 AIQKSVDSSSLAEVIDRILDKGVVIDIWARVSLVGIELLGVDARIVIASVDT 53
                              789999*********************************************8 PP

>> nat_50c226cfb171989d88e4  
   #    score  bias  c-Evalue  i-Evalue hmmfrom  hmm to    alifrom  ali to    envfrom  env to     acc
 ---   ------ ----- --------- --------- ------- -------    ------- -------    ------- -------    ----
   1 !   48.7   0.9   4.5e-14   5.6e-14      17      57 ..      21      61 ..       5      65 .. 0.94

  Alignments for each domain:
  == domain 1  score: 48.7 bits;  conditional E-value: 4.5e-14
                      gvpj 17 tladiLervLDkGvviagDiavsiadveLltiklRllvasv 57
                               l+d+L+rvL  Gvvi+gDi+++iad++L+ i lR+lvasv
  nat_50c226cfb171989d88e4 21 ALVDLLDRVLATGVVISGDITLAIADIDLVRISLRALVASV 61
                              69**************************************9 PP

>> nat_3cc2cb889cfdbbcaa17b  
   #    score  bias  c-Evalue  i-Evalue hmmfrom  hmm to    alifrom  ali to    envfrom  env to     acc
 ---   ------ ----- --------- --------- ------- -------    ------- -------    ------- -------    ----
   1 !   48.9   0.8     4e-14   4.9e-14      14      59 ..       5      50 ..       1      63 [. 0.92

  Alignments for each domain:
  == domain 1  score: 48.9 bits;  conditional E-value: 4e-14
                      gvpj 14 ssstladiLervLDkGvviagDiavsiadveLltiklRllvasvdk 59
                               ss+la++L+rvLDkG+v+ +   +s+  +e+lt++ R++vasvd+
  nat_3cc2cb889cfdbbcaa17b  5 DSSSLAEVLDRVLDKGIVVDTFARISLVGIEILTVEARVVVASVDT 50
                              689******************************************8 PP

>> nat_505ccb0a3946a89f0437  
   #    score  bias  c-Evalue  i-Evalue hmmfrom  hmm to    alifrom  ali to    envfrom  env to     acc
 ---   ------ ----- --------- --------- ------- -------    ------- -------    ------- -------    ----
   1 !   48.9   1.7     4e-14   4.9e-14       8      60 ..       2      54 ..       1      64 [. 0.91

  Alignments for each domain:
  == domain 1  score: 48.9 bits;  conditional E-value: 4e-14
                      gvpj  8 aiktstssstladiLervLDkGvviagDiavsiadveLltiklRllvasvdka 60
                              a+++ + ss+la++++r+LDkGvv+ + + vs+  +eLl+++ R++va vd+ 
  nat_505ccb0a3946a89f0437  2 AVEKINASSSLAEVVDRILDKGVVVDAWVRVSLVGIELLAVEARVVVAGVDTY 54
                              67778899*******************************************84 PP

>> nat_833a1708482ad34125e2  
   #    score  bias  c-Evalue  i-Evalue hmmfrom  hmm to    alifrom  ali to    envfrom  env to     acc
 ---   ------ ----- --------- --------- ------- -------    ------- -------    ------- -------    ----
   1 !   48.5   3.4   5.1e-14   6.3e-14      13      60 ..       8      55 ..       2      95 .. 0.91

  Alignments for each domain:
  == domain 1  score: 48.5 bits;  conditional E-value: 5.1e-14
                      gvpj 13 tssstladiLervLDkGvviagDiavsiadveLltiklRllvasvdka 60
                                ss+la++L+r+LDkGvvi     +s+  +eL+t++ R++vasvd+ 
  nat_833a1708482ad34125e2  8 PDSSSLAEVLDRILDKGVVIDVWARISVVGIELITVEARVVVASVDTF 55
                              5799******************************************85 PP

>> nat_d43d1d5ec03e055dcf06  
   #    score  bias  c-Evalue  i-Evalue hmmfrom  hmm to    alifrom  ali to    envfrom  env to     acc
 ---   ------ ----- --------- --------- ------- -------    ------- -------    ------- -------    ----
   1 !   48.9   1.7     4e-14   4.9e-14       8      60 ..       2      54 ..       1      64 [. 0.91

  Alignments for each domain:
  == domain 1  score: 48.9 bits;  conditional E-value: 4e-14
                      gvpj  8 aiktstssstladiLervLDkGvviagDiavsiadveLltiklRllvasvdka 60
                              a+++ + ss+la++++r+LDkGvv+ + + vs+  +eLl+++ R++va vd+ 
  nat_d43d1d5ec03e055dcf06  2 AVEKINASSSLAEVVDRILDKGVVVDAWVRVSLVGIELLAVEARVVVAGVDTY 54
                              67778899*******************************************84 PP

>> nat_883a9edd1d317110f140  
   #    score  bias  c-Evalue  i-Evalue hmmfrom  hmm to    alifrom  ali to    envfrom  env to     acc
 ---   ------ ----- --------- --------- ------- -------    ------- -------    ------- -------    ----
   1 !   48.7   2.5   4.4e-14   5.4e-14       8      59 ..       2      53 ..       1      61 [. 0.95

  Alignments for each domain:
  == domain 1  score: 48.7 bits;  conditional E-value: 4.4e-14
                      gvpj  8 aiktstssstladiLervLDkGvviagDiavsiadveLltiklRllvasvdk 59
                              ai++st + +la++++r+LDkG+vi + ++v++  ++Ll+i+ R+++asv++
  nat_883a9edd1d317110f140  2 AIQKSTDTDSLAEVVDRILDKGIVIDAFVKVALVGIDLLSIEARVVIASVET 53
                              7899999*******************************************97 PP

>> nat_f5db5c4704d592f947d9  
   #    score  bias  c-Evalue  i-Evalue hmmfrom  hmm to    alifrom  ali to    envfrom  env to     acc
 ---   ------ ----- --------- --------- ------- -------    ------- -------    ------- -------    ----
   1 !   48.6   2.8   4.8e-14   5.9e-14      14      61 ..       7      54 ..       2      79 .. 0.88

  Alignments for each domain:
  == domain 1  score: 48.6 bits;  conditional E-value: 4.8e-14
                      gvpj 14 ssstladiLervLDkGvviagDiavsiadveLltiklRllvasvdkak 61
                               +s+lad+L+r+LDkGvvi     +s+  +e+lt++ R++vasvd+  
  nat_f5db5c4704d592f947d9  7 DTSSLADVLDRILDKGVVIDVWARISVVGIEVLTVEARVVVASVDTFL 54
                              5799*****************************************843 PP

>> nat_90e82772d308676c7556  
   #    score  bias  c-Evalue  i-Evalue hmmfrom  hmm to    alifrom  ali to    envfrom  env to     acc
 ---   ------ ----- --------- --------- ------- -------    ------- -------    ------- -------    ----
   1 !   48.8   0.9   4.2e-14   5.2e-14      11      59 ..       4      52 ..       1      65 [. 0.92

  Alignments for each domain:
  == domain 1  score: 48.8 bits;  conditional E-value: 4.2e-14
                      gvpj 11 tstssstladiLervLDkGvviagDiavsiadveLltiklRllvasvdk 59
                              ++  ss+la++L+r+LDkG+v+     vs+  +e+lt++ R++vasvd+
  nat_90e82772d308676c7556  4 STPDSSSLAEVLDRILDKGIVVDVWARVSLVGIEILTVEARVVVASVDT 52
                              66789*******************************************8 PP

>> nat_805daea24cbec4e57a88  
   #    score  bias  c-Evalue  i-Evalue hmmfrom  hmm to    alifrom  ali to    envfrom  env to     acc
 ---   ------ ----- --------- --------- ------- -------    ------- -------    ------- -------    ----
   1 !   48.8   0.8   4.3e-14   5.2e-14      13      63 ..      11      61 ..       2      67 .. 0.93

  Alignments for each domain:
  == domain 1  score: 48.8 bits;  conditional E-value: 4.3e-14
                      gvpj 13 tssstladiLervLDkGvviagDiavsiadveLltiklRllvasvdkakei 63
                                +++l+d+L+rv+D+Gvv++gDi +s+a ++L++++lRll+  +++a+ei
  nat_805daea24cbec4e57a88 11 GGGTSLVDLLDRVVDRGVVVSGDIIISLAGIDLIQVNLRLLLIGLETANEI 61
                              56789*******************************************997 PP

>> nat_6cb2a4a67fad0b3f22b1  
   #    score  bias  c-Evalue  i-Evalue hmmfrom  hmm to    alifrom  ali to    envfrom  env to     acc
 ---   ------ ----- --------- --------- ------- -------    ------- -------    ------- -------    ----
   1 !   48.8   0.9   4.2e-14   5.2e-14      11      59 ..       4      52 ..       1      65 [. 0.92

  Alignments for each domain:
  == domain 1  score: 48.8 bits;  conditional E-value: 4.2e-14
                      gvpj 11 tstssstladiLervLDkGvviagDiavsiadveLltiklRllvasvdk 59
                              ++  ss+la++L+r+LDkG+v+     vs+  +e+lt++ R++vasvd+
  nat_6cb2a4a67fad0b3f22b1  4 STPDSSSLAEVLDRILDKGIVVDVWARVSLVGIEILTVEARVVVASVDT 52
                              66789*******************************************8 PP

>> nat_4fc0ca345529f4acca56  
   #    score  bias  c-Evalue  i-Evalue hmmfrom  hmm to    alifrom  ali to    envfrom  env to     acc
 ---   ------ ----- --------- --------- ------- -------    ------- -------    ------- -------    ----
   1 !   48.8   0.6   4.3e-14   5.3e-14       8      60 ..       2      54 ..       1      72 [. 0.89

  Alignments for each domain:
  == domain 1  score: 48.8 bits;  conditional E-value: 4.3e-14
                      gvpj  8 aiktstssstladiLervLDkGvviagDiavsiadveLltiklRllvasvdka 60
                              a+ +st   +l+++++r+LDkG+vi + i+v++  +eLl+++ R++va v++ 
  nat_4fc0ca345529f4acca56  2 AVTKSTDANSLVEVIDRILDKGLVIDAWIKVALVGIELLSVEARVVVAGVETY 54
                              678899999*****************************************973 PP

>> nat_7d8f193406ee761e1417  
   #    score  bias  c-Evalue  i-Evalue hmmfrom  hmm to    alifrom  ali to    envfrom  env to     acc
 ---   ------ ----- --------- --------- ------- -------    ------- -------    ------- -------    ----
   1 !   48.0   4.7   7.6e-14   9.3e-14      13      60 ..       8      55 ..       2      94 .. 0.88

  Alignments for each domain:
  == domain 1  score: 48.0 bits;  conditional E-value: 7.6e-14
                      gvpj 13 tssstladiLervLDkGvviagDiavsiadveLltiklRllvasvdka 60
                                ss+la++L+r+LDkGvvi     +s+  +eLlt++ R++vasvd+ 
  nat_7d8f193406ee761e1417  8 PDSSSLAEVLDRILDKGVVIDIWARISVVGIELLTVEARVVVASVDTF 55
                              5799******************************************85 PP

>> nat_9a52da9108207f742f79  
   #    score  bias  c-Evalue  i-Evalue hmmfrom  hmm to    alifrom  ali to    envfrom  env to     acc
 ---   ------ ----- --------- --------- ------- -------    ------- -------    ------- -------    ----
   1 !   48.6   0.3   4.8e-14   5.8e-14      12      64 ..      18      70 ..       7      76 .. 0.90

  Alignments for each domain:
  == domain 1  score: 48.6 bits;  conditional E-value: 4.8e-14
                      gvpj 12 stssstladiLervLDkGvviagDiavsiadveLltiklRllvasvdkakeiG 64
                              +     l+d+L+r+L  Gvv+agD+ vs+a v+L++i+l l+++sv  a e G
  nat_9a52da9108207f742f79 18 DLAPVALVDLLDRLLGTGVVVAGDVVVSLAGVDLVEIRLQLMISSVRAAMEQG 70
                              5566789******************************************9988 PP

>> nat_8f5ca23cd23d0262e12b  
   #    score  bias  c-Evalue  i-Evalue hmmfrom  hmm to    alifrom  ali to    envfrom  env to     acc
 ---   ------ ----- --------- --------- ------- -------    ------- -------    ------- -------    ----
   1 !   48.7   0.9   4.6e-14   5.6e-14      11      59 ..       4      52 ..       1      65 [. 0.92

  Alignments for each domain:
  == domain 1  score: 48.7 bits;  conditional E-value: 4.6e-14
                      gvpj 11 tstssstladiLervLDkGvviagDiavsiadveLltiklRllvasvdk 59
                              ++  ss+la++L+r+LDkG+v+     vs+  +e+lt++ R++vasvd+
  nat_8f5ca23cd23d0262e12b  4 STPDSSSLAEVLDRILDKGIVVDVWARVSLVGIEILTVEARVVVASVDT 52
                              56789*******************************************8 PP

>> nat_1e86329db7dd3816b588  
   #    score  bias  c-Evalue  i-Evalue hmmfrom  hmm to    alifrom  ali to    envfrom  env to     acc
 ---   ------ ----- --------- --------- ------- -------    ------- -------    ------- -------    ----
   1 !   48.6   1.5   4.7e-14   5.8e-14       8      60 ..       2      54 ..       1      72 [. 0.90

  Alignments for each domain:
  == domain 1  score: 48.6 bits;  conditional E-value: 4.7e-14
                      gvpj  8 aiktstssstladiLervLDkGvviagDiavsiadveLltiklRllvasvdka 60
                              ai++s  s +la++++r+LDkG+v+ +   vs+  +eLl+i+ R++va vd+ 
  nat_1e86329db7dd3816b588  2 AIEKSAASNSLAEVIDRILDKGIVVDAWARVSLVGIELLAIEARVVVAGVDTY 54
                              789999*********************************************84 PP

>> nat_febdf633d7175529519f  
   #    score  bias  c-Evalue  i-Evalue hmmfrom  hmm to    alifrom  ali to    envfrom  env to     acc
 ---   ------ ----- --------- --------- ------- -------    ------- -------    ------- -------    ----
   1 !   48.6   0.2   4.9e-14     6e-14       8      59 ..      11      62 ..       1     102 [. 0.90

  Alignments for each domain:
  == domain 1  score: 48.6 bits;  conditional E-value: 4.9e-14
                      gvpj  8 aiktstssstladiLervLDkGvviagDiavsiadveLltiklRllvasvdk 59
                              a   s s++ lad+++ +LDkG+vi   ++v++  +eLlti+ R++vasvd+
  nat_febdf633d7175529519f 11 AAGRSSSGGGLADVIDTILDKGLVIDVYVSVALVGIELLTINARVVVASVDT 62
                              666789999******************************************8 PP

>> nat_509ca7d230eacbb916e4  
   #    score  bias  c-Evalue  i-Evalue hmmfrom  hmm to    alifrom  ali to    envfrom  env to     acc
 ---   ------ ----- --------- --------- ------- -------    ------- -------    ------- -------    ----
   1 !   48.7   1.6   4.7e-14   5.7e-14      11      59 ..       4      52 ..       1      71 [. 0.92

  Alignments for each domain:
  == domain 1  score: 48.7 bits;  conditional E-value: 4.7e-14
                      gvpj 11 tstssstladiLervLDkGvviagDiavsiadveLltiklRllvasvdk 59
                              +s  ss+la++L+r+LDkG+v+     vs+  +e+l+i+ R++vasvd+
  nat_509ca7d230eacbb916e4  4 QSPDSSSLAEVLDRILDKGIVVDVWARVSLVGIEILAIEARVVVASVDT 52
                              66789*******************************************8 PP

>> nat_2ed708bd24725eb69d2c  
   #    score  bias  c-Evalue  i-Evalue hmmfrom  hmm to    alifrom  ali to    envfrom  env to     acc
 ---   ------ ----- --------- --------- ------- -------    ------- -------    ------- -------    ----
   1 !   48.6   0.3   4.9e-14     6e-14      17      59 ..      11      53 ..       4      66 .. 0.93

  Alignments for each domain:
  == domain 1  score: 48.6 bits;  conditional E-value: 4.9e-14
                      gvpj 17 tladiLervLDkGvviagDiavsiadveLltiklRllvasvdk 59
                               l+d+L+rvL  Gvvi+gDi +siadv+L++i lR+l++s+ +
  nat_2ed708bd24725eb69d2c 11 ALIDLLDRVLAGGVVISGDIRLSIADVDLVQISLRALISSIKT 53
                              799*************************************976 PP

>> nat_35226954812d95b1eb87  
   #    score  bias  c-Evalue  i-Evalue hmmfrom  hmm to    alifrom  ali to    envfrom  env to     acc
 ---   ------ ----- --------- --------- ------- -------    ------- -------    ------- -------    ----
   1 !   48.5   1.6     5e-14   6.2e-14       8      60 ..       2      54 ..       1      72 [. 0.90

  Alignments for each domain:
  == domain 1  score: 48.5 bits;  conditional E-value: 5e-14
                      gvpj  8 aiktstssstladiLervLDkGvviagDiavsiadveLltiklRllvasvdka 60
                              ai++s  s +la++++r+LDkG+v+ +   vs+  +eLl+i+ R++va vd+ 
  nat_35226954812d95b1eb87  2 AIEKSAASNSLAEVIDRILDKGIVVDAWARVSLVGIELLAIEARVVVAGVDTY 54
                              789999*********************************************84 PP

>> nat_476885d73f2103224b29  
   #    score  bias  c-Evalue  i-Evalue hmmfrom  hmm to    alifrom  ali to    envfrom  env to     acc
 ---   ------ ----- --------- --------- ------- -------    ------- -------    ------- -------    ----
   1 !   48.5   1.6     5e-14   6.2e-14       8      60 ..       2      54 ..       1      72 [. 0.90

  Alignments for each domain:
  == domain 1  score: 48.5 bits;  conditional E-value: 5e-14
                      gvpj  8 aiktstssstladiLervLDkGvviagDiavsiadveLltiklRllvasvdka 60
                              ai++s  s +la++++r+LDkG+v+ +   vs+  +eLl+i+ R++va vd+ 
  nat_476885d73f2103224b29  2 AIEKSAASNSLAEVIDRILDKGIVVDAWARVSLVGIELLAIEARVVVAGVDTY 54
                              789999*********************************************84 PP

>> nat_f4b103f437e4c6a24ac0  
   #    score  bias  c-Evalue  i-Evalue hmmfrom  hmm to    alifrom  ali to    envfrom  env to     acc
 ---   ------ ----- --------- --------- ------- -------    ------- -------    ------- -------    ----
   1 !   48.6   0.9   4.8e-14   5.9e-14       9      60 ..       4      55 ..       1      73 [. 0.87

  Alignments for each domain:
  == domain 1  score: 48.6 bits;  conditional E-value: 4.8e-14
                      gvpj  9 iktstssstladiLervLDkGvviagDiavsiadveLltiklRllvasvdka 60
                              +++st  s la++++r+LDkG+vi     vs+  +eL++++ R++vasv++ 
  nat_f4b103f437e4c6a24ac0  4 VQKSTDASGLAEVVDRILDKGIVIDVFARVSLVGIELVSVEARIVVASVETY 55
                              6789999******************************************984 PP

>> nat_e9d01ae6175270dee0d8  
   #    score  bias  c-Evalue  i-Evalue hmmfrom  hmm to    alifrom  ali to    envfrom  env to     acc
 ---   ------ ----- --------- --------- ------- -------    ------- -------    ------- -------    ----
   1 !   48.6   1.0   4.9e-14     6e-14       9      59 ..       4      54 ..       1      71 [. 0.91

  Alignments for each domain:
  == domain 1  score: 48.6 bits;  conditional E-value: 4.9e-14
                      gvpj  9 iktstssstladiLervLDkGvviagDiavsiadveLltiklRllvasvdk 59
                              + +st ss+l ++++r+L++G+vi + +++s+  +eLl+i+ R+++asv++
  nat_e9d01ae6175270dee0d8  4 VMKSTDSSSLGEVVDRILERGIVIDAWVKISLVGIELLSIEARVIIASVET 54
                              5678999******************************************97 PP

>> nat_a5d09cc64cdab8bb3676  
   #    score  bias  c-Evalue  i-Evalue hmmfrom  hmm to    alifrom  ali to    envfrom  env to     acc
 ---   ------ ----- --------- --------- ------- -------    ------- -------    ------- -------    ----
   1 !   48.3   1.9     6e-14   7.3e-14       8      60 ..       2      54 ..       1      73 [. 0.90

  Alignments for each domain:
  == domain 1  score: 48.3 bits;  conditional E-value: 6e-14
                      gvpj  8 aiktstssstladiLervLDkGvviagDiavsiadveLltiklRllvasvdka 60
                              ai++s  s +la++++r+LDkG+v+ +   vs+  +eLl+i+ R++va vd+ 
  nat_a5d09cc64cdab8bb3676  2 AIEKSAASNSLAEVIDRILDKGIVVDAWARVSLVGIELLAIEARVVVAGVDTY 54
                              789999*********************************************84 PP

>> nat_84eddb9c9ecca10afd5a  
   #    score  bias  c-Evalue  i-Evalue hmmfrom  hmm to    alifrom  ali to    envfrom  env to     acc
 ---   ------ ----- --------- --------- ------- -------    ------- -------    ------- -------    ----
   1 !   48.3   3.0   6.1e-14   7.4e-14      13      61 ..       6      54 ..       1      96 [. 0.86

  Alignments for each domain:
  == domain 1  score: 48.3 bits;  conditional E-value: 6.1e-14
                      gvpj 13 tssstladiLervLDkGvviagDiavsiadveLltiklRllvasvdkak 61
                               +ss+lad L+r+LDkG+vi     +si  +eL+ti+ R++vasvd+  
  nat_84eddb9c9ecca10afd5a  6 PESSSLADALDRILDKGIVIDVWARISIIGLELITIEARIVVASVDTFI 54
                              5799******************************************854 PP

>> nat_f603a0bdb36b55f44821  
   #    score  bias  c-Evalue  i-Evalue hmmfrom  hmm to    alifrom  ali to    envfrom  env to     acc
 ---   ------ ----- --------- --------- ------- -------    ------- -------    ------- -------    ----
   1 !   48.3   1.1   5.9e-14   7.3e-14      12      59 ..       5      52 ..       1      67 [. 0.91

  Alignments for each domain:
  == domain 1  score: 48.3 bits;  conditional E-value: 5.9e-14
                      gvpj 12 stssstladiLervLDkGvviagDiavsiadveLltiklRllvasvdk 59
                              s   s+la++L+r+LDkG+v+ +   vs+  +e+l+i+ R++vasvd+
  nat_f603a0bdb36b55f44821  5 SPDCSSLAEVLDRILDKGIVVDTWARVSLVGIEILAIEARVVVASVDT 52
                              56779******************************************8 PP

>> nat_317d696b35c15db3beb2  
   #    score  bias  c-Evalue  i-Evalue hmmfrom  hmm to    alifrom  ali to    envfrom  env to     acc
 ---   ------ ----- --------- --------- ------- -------    ------- -------    ------- -------    ----
   1 !   48.4   0.1   5.7e-14     7e-14      12      60 ..      15      63 ..       1      72 [. 0.87

  Alignments for each domain:
  == domain 1  score: 48.4 bits;  conditional E-value: 5.7e-14
                      gvpj 12 stssstladiLervLDkGvviagDiavsiadveLltiklRllvasvdka 60
                                 +  l+d+L+r+LD Gvv++gD+ + iadv+L++i lR+++ sv++a
  nat_317d696b35c15db3beb2 15 AGPQLALIDLLDRLLDGGVVLTGDLVLCIADVDLVHISLRAVIRSVEEA 63
                              55677899***************************************98 PP

>> nat_3b18df9990357338331a  
   #    score  bias  c-Evalue  i-Evalue hmmfrom  hmm to    alifrom  ali to    envfrom  env to     acc
 ---   ------ ----- --------- --------- ------- -------    ------- -------    ------- -------    ----
   1 !   47.8   1.2   8.8e-14   1.1e-13       5      59 ..       7      61 ..       1      68 [. 0.88

  Alignments for each domain:
  == domain 1  score: 47.8 bits;  conditional E-value: 8.8e-14
                      gvpj  5 rpsaiktstssstladiLervLDkGvviagDiavsiadveLltiklRllvasvdk 59
                               p +  t   +++l diLe +LD+G+vi   i vs+  +e+l+i +R+++asvd+
  nat_3b18df9990357338331a  7 LPATASTGSGTGSLFDILELILDRGLVIDVFIRVSLVGIEILKIDIRIVIASVDT 61
                              4666777777899*****************************************7 PP

>> nat_38a86b2caad8351d20f8  
   #    score  bias  c-Evalue  i-Evalue hmmfrom  hmm to    alifrom  ali to    envfrom  env to     acc
 ---   ------ ----- --------- --------- ------- -------    ------- -------    ------- -------    ----
   1 !   48.1   1.8   6.8e-14   8.4e-14       8      60 ..       2      54 ..       1      64 [. 0.91

  Alignments for each domain:
  == domain 1  score: 48.1 bits;  conditional E-value: 6.8e-14
                      gvpj  8 aiktstssstladiLervLDkGvviagDiavsiadveLltiklRllvasvdka 60
                              a+++ + ss+la++++r+LDkGvv+ + + vs+  +eLl+++ R+++a vd+ 
  nat_38a86b2caad8351d20f8  2 AVEKINASSSLAEVVDRILDKGVVVDAWVRVSLVGIELLAVEARVVIAGVDTY 54
                              67778899*******************************************84 PP

>> nat_1589f15763a3b3a0bf84  
   #    score  bias  c-Evalue  i-Evalue hmmfrom  hmm to    alifrom  ali to    envfrom  env to     acc
 ---   ------ ----- --------- --------- ------- -------    ------- -------    ------- -------    ----
   1 !   48.1   1.9   7.1e-14   8.7e-14      17      60 ..       1      44 [.       1      57 [. 0.92

  Alignments for each domain:
  == domain 1  score: 48.1 bits;  conditional E-value: 7.1e-14
                      gvpj 17 tladiLervLDkGvviagDiavsiadveLltiklRllvasvdka 60
                              +la++++r+LDkG+vi + + vs+  +eLl+i+ R+++asv++ 
  nat_1589f15763a3b3a0bf84  1 SLAEVIDRILDKGIVIDAWVRVSLVGIELLAIEARIVIASVETY 44
                              59***************************************974 PP

>> nat_22c9ea68da69251de7cc  
   #    score  bias  c-Evalue  i-Evalue hmmfrom  hmm to    alifrom  ali to    envfrom  env to     acc
 ---   ------ ----- --------- --------- ------- -------    ------- -------    ------- -------    ----
   1 !   48.1   2.2     7e-14   8.6e-14      12      59 ..       5      52 ..       1      72 [. 0.91

  Alignments for each domain:
  == domain 1  score: 48.1 bits;  conditional E-value: 7e-14
                      gvpj 12 stssstladiLervLDkGvviagDiavsiadveLltiklRllvasvdk 59
                                +ss+la++L+r+LDkG+vi   i vs+  +eL+t++ R+++as++ 
  nat_22c9ea68da69251de7cc  5 AVESSSLAEVLDRILDKGLVIDIFIRVSLVGIELVTVEARIVIASIES 52
                              56899****************************************985 PP

>> nat_ea0ea44f707886c44ad7  
   #    score  bias  c-Evalue  i-Evalue hmmfrom  hmm to    alifrom  ali to    envfrom  env to     acc
 ---   ------ ----- --------- --------- ------- -------    ------- -------    ------- -------    ----
   1 !   47.6   0.8   9.6e-14   1.2e-13      15      59 ..      13      57 ..       3      62 .. 0.94

  Alignments for each domain:
  == domain 1  score: 47.6 bits;  conditional E-value: 9.6e-14
                      gvpj 15 sstladiLervLDkGvviagDiavsiadveLltiklRllvasvdk 59
                              ss l d+Le +LD+G+vi + + vs++ +e+l+i +R++vasvd+
  nat_ea0ea44f707886c44ad7 13 SSGLYDVLELILDRGLVIDASVRVSLLGIEILKIDIRVVVASVDT 57
                              7889****************************************7 PP

>> nat_588257282ce6ea174dae  
   #    score  bias  c-Evalue  i-Evalue hmmfrom  hmm to    alifrom  ali to    envfrom  env to     acc
 ---   ------ ----- --------- --------- ------- -------    ------- -------    ------- -------    ----
   1 !   47.6   0.2   9.8e-14   1.2e-13      14      59 ..      14      59 ..       1      65 [. 0.89

  Alignments for each domain:
  == domain 1  score: 47.6 bits;  conditional E-value: 9.8e-14
                      gvpj 14 ssstladiLervLDkGvviagDiavsiadveLltiklRllvasvdk 59
                               ss l d+Le vLD+G+vi +++ vs++ +e+l+i +R++vas+d+
  nat_588257282ce6ea174dae 14 GSSGLYDVLELVLDRGLVIDAEVRVSLLGLEILKIDIRVVVASIDT 59
                              5788****************************************97 PP

>> nat_241c00832790324418cd  
   #    score  bias  c-Evalue  i-Evalue hmmfrom  hmm to    alifrom  ali to    envfrom  env to     acc
 ---   ------ ----- --------- --------- ------- -------    ------- -------    ------- -------    ----
   1 !   47.3   3.4   1.2e-13   1.5e-13      14      59 ..      18      63 ..      13      71 .. 0.95

  Alignments for each domain:
  == domain 1  score: 47.3 bits;  conditional E-value: 1.2e-13
                      gvpj 14 ssstladiLervLDkGvviagDiavsiadveLltiklRllvasvdk 59
                              sss+lad+++ +LDkG+vi + + vs+  +eLlti  R++vasvd+
  nat_241c00832790324418cd 18 SSSSLADVIDTILDKGLVIDAYVRVSLVGIELLTIDARVVVASVDT 63
                              799******************************************7 PP

>> nat_590810062f7432024711  
   #    score  bias  c-Evalue  i-Evalue hmmfrom  hmm to    alifrom  ali to    envfrom  env to     acc
 ---   ------ ----- --------- --------- ------- -------    ------- -------    ------- -------    ----
   1 !   47.2   0.4   1.3e-13   1.6e-13      14      59 ..      15      60 ..       5      66 .. 0.93

  Alignments for each domain:
  == domain 1  score: 47.2 bits;  conditional E-value: 1.3e-13
                      gvpj 14 ssstladiLervLDkGvviagDiavsiadveLltiklRllvasvdk 59
                               ++ la++L+ +LDkG+vi + ++vs+  +eL+ti  R++vasvd+
  nat_590810062f7432024711 15 PQGGLAEVLDLILDKGLVIDAFVKVSLVGIELITIDARIVVASVDT 60
                              5789*****************************************7 PP

>> nat_aef0e900ff08f50b5105  
   #    score  bias  c-Evalue  i-Evalue hmmfrom  hmm to    alifrom  ali to    envfrom  env to     acc
 ---   ------ ----- --------- --------- ------- -------    ------- -------    ------- -------    ----
   1 !   47.6   1.2   9.6e-14   1.2e-13      10      59 ..       2      51 ..       1      65 [. 0.91

  Alignments for each domain:
  == domain 1  score: 47.6 bits;  conditional E-value: 9.6e-14
                      gvpj 10 ktstssstladiLervLDkGvviagDiavsiadveLltiklRllvasvdk 59
                              ++s s s+la++++r+L+kG+vi + + v++  +eLl+++ R+++asv++
  nat_aef0e900ff08f50b5105  2 QKSVSASSLAEVVDRILEKGIVIDAYVRVALVGIELLAVEARVVIASVET 51
                              578899******************************************97 PP

>> nat_7794e8f04dda3151b8bb  
   #    score  bias  c-Evalue  i-Evalue hmmfrom  hmm to    alifrom  ali to    envfrom  env to     acc
 ---   ------ ----- --------- --------- ------- -------    ------- -------    ------- -------    ----
   1 !   47.3   0.6   1.2e-13   1.5e-13       5      59 ..       8      64 ..       1      70 [. 0.80

  Alignments for each domain:
  == domain 1  score: 47.3 bits;  conditional E-value: 1.2e-13
                      gvpj  5 rpsaiktstss..stladiLervLDkGvviagDiavsiadveLltiklRllvasvdk 59
                              +p a  +s  s  + l diLe +LD+G+vi   + vsi  +eL++i +R+++asvd+
  nat_7794e8f04dda3151b8bb  8 QPVAASSSSGSgtAGLYDILELILDRGLVIDVFVRVSIVGIELIKIDIRIVIASVDT 64
                              45333333332115699***************************************7 PP

>> nat_67932dce44a393cc5d41  
   #    score  bias  c-Evalue  i-Evalue hmmfrom  hmm to    alifrom  ali to    envfrom  env to     acc
 ---   ------ ----- --------- --------- ------- -------    ------- -------    ------- -------    ----
   1 !   47.7   1.3     9e-14   1.1e-13       9      59 ..       4      54 ..       1      72 [. 0.88

  Alignments for each domain:
  == domain 1  score: 47.7 bits;  conditional E-value: 9e-14
                      gvpj  9 iktstssstladiLervLDkGvviagDiavsiadveLltiklRllvasvdk 59
                              + tst +++ ad+++r+LDkG+v+ + ++vs+  +e+l+i+ R+++as+++
  nat_67932dce44a393cc5d41  4 VSTSTGTTSTADVIDRILDKGIVVDAWVKVSLVGIEVLSIEARVVIASIET 54
                              5677888899***************************************97 PP

>> nat_a85f488e5f68b0445ad1  
   #    score  bias  c-Evalue  i-Evalue hmmfrom  hmm to    alifrom  ali to    envfrom  env to     acc
 ---   ------ ----- --------- --------- ------- -------    ------- -------    ------- -------    ----
   1 !   47.2   0.2   1.3e-13   1.6e-13       5      59 ..       8      62 ..       1      70 [. 0.91

  Alignments for each domain:
  == domain 1  score: 47.2 bits;  conditional E-value: 1.3e-13
                      gvpj  5 rpsaiktstssstladiLervLDkGvviagDiavsiadveLltiklRllvasvdk 59
                              +p a+ +   s+ l diLe +LD+G+vi   + vs+  +e+l+i +R+++asvd+
  nat_a85f488e5f68b0445ad1  8 QPAATSSGSGSAGLFDILELILDRGLVIDVFVRVSLVGIEILKIDIRIVIASVDT 62
                              6778888888999*****************************************7 PP

>> nat_262acad32bf64e600812  
   #    score  bias  c-Evalue  i-Evalue hmmfrom  hmm to    alifrom  ali to    envfrom  env to     acc
 ---   ------ ----- --------- --------- ------- -------    ------- -------    ------- -------    ----
   1 !   47.5   0.3     1e-13   1.3e-13       8      60 ..       2      54 ..       1      72 [. 0.88

  Alignments for each domain:
  == domain 1  score: 47.5 bits;  conditional E-value: 1e-13
                      gvpj  8 aiktstssstladiLervLDkGvviagDiavsiadveLltiklRllvasvdka 60
                              ai++st   +l+++++r+LDkG+vi + + v+++ +eLl+++ R++va v++ 
  nat_262acad32bf64e600812  2 AIQKSTDANSLVEVIDRILDKGLVIDAWVRVTLLGIELLSVEARVVVAGVETY 54
                              789999********************************************973 PP

>> nat_36827e11a82ffe460664  
   #    score  bias  c-Evalue  i-Evalue hmmfrom  hmm to    alifrom  ali to    envfrom  env to     acc
 ---   ------ ----- --------- --------- ------- -------    ------- -------    ------- -------    ----
   1 !   46.8   0.1   1.7e-13   2.1e-13       3      59 ..       7      65 ..       5      70 .. 0.87

  Alignments for each domain:
  == domain 1  score: 46.8 bits;  conditional E-value: 1.7e-13
                      gvpj  3 tarpsaiktst..ssstladiLervLDkGvviagDiavsiadveLltiklRllvasvdk 59
                              t++p a++ts    s+tl d+Le +LD+G+vi + + vs+  +e+l++ +R++vasvd+
  nat_36827e11a82ffe460664  7 TTQPAAPRTSSggGSGTLYDVLELILDRGLVIDAFVRVSLVGIEILKVDVRVVVASVDT 65
                              56777777665115789*****************************************7 PP

>> nat_69b7f558d07e2d585aa0  
   #    score  bias  c-Evalue  i-Evalue hmmfrom  hmm to    alifrom  ali to    envfrom  env to     acc
 ---   ------ ----- --------- --------- ------- -------    ------- -------    ------- -------    ----
   1 !   47.5   0.2   1.1e-13   1.3e-13       6      60 ..       8      62 ..       1      72 [. 0.89

  Alignments for each domain:
  == domain 1  score: 47.5 bits;  conditional E-value: 1.1e-13
                      gvpj  6 psaiktstssstladiLervLDkGvviagDiavsiadveLltiklRllvasvdka 60
                              p +i ++   ++l d+L+r+LDkG+v+ g++ +s+a ++L+ i l ++vasvd+ 
  nat_69b7f558d07e2d585aa0  8 PPSIFSDPDRGSLLDLLDRILDKGIVVHGELILSVAGIDLVFIGLHVVVASVDRM 62
                              55667788899******************************************96 PP

>> nat_1e070d0d2387bb202235  
   #    score  bias  c-Evalue  i-Evalue hmmfrom  hmm to    alifrom  ali to    envfrom  env to     acc
 ---   ------ ----- --------- --------- ------- -------    ------- -------    ------- -------    ----
   1 !   47.2   1.1   1.3e-13   1.6e-13      14      60 ..       5      51 ..       2      66 .. 0.92

  Alignments for each domain:
  == domain 1  score: 47.2 bits;  conditional E-value: 1.3e-13
                      gvpj 14 ssstladiLervLDkGvviagDiavsiadveLltiklRllvasvdka 60
                               ss+la++L+r+LDkG+v+ +   +s+  +e+l+i+ R++v+s+d+ 
  nat_1e070d0d2387bb202235  5 DSSSLAEVLDRILDKGIVVDTWARISLVGIEILSIEARVVVSSIDTY 51
                              689******************************************84 PP

>> nat_840c1e4fe0d4806879ab  
   #    score  bias  c-Evalue  i-Evalue hmmfrom  hmm to    alifrom  ali to    envfrom  env to     acc
 ---   ------ ----- --------- --------- ------- -------    ------- -------    ------- -------    ----
   1 !   46.8   0.8   1.7e-13   2.1e-13      14      59 ..       5      50 ..       1      56 [. 0.93

  Alignments for each domain:
  == domain 1  score: 46.8 bits;  conditional E-value: 1.7e-13
                      gvpj 14 ssstladiLervLDkGvviagDiavsiadveLltiklRllvasvdk 59
                               ++ la++L+ +LDkG+vi + ++vs+  +eL+ti  R++vasvd+
  nat_840c1e4fe0d4806879ab  5 PQGGLAEVLDLILDKGLVIDAFVKVSLVGIELITIDARIVVASVDT 50
                              5789*****************************************7 PP

>> nat_62b65b4bdaad5382b6fd  
   #    score  bias  c-Evalue  i-Evalue hmmfrom  hmm to    alifrom  ali to    envfrom  env to     acc
 ---   ------ ----- --------- --------- ------- -------    ------- -------    ------- -------    ----
   1 !   47.3   0.9   1.2e-13   1.5e-13      12      60 ..       5      53 ..       1      65 [. 0.91

  Alignments for each domain:
  == domain 1  score: 47.3 bits;  conditional E-value: 1.2e-13
                      gvpj 12 stssstladiLervLDkGvviagDiavsiadveLltiklRllvasvdka 60
                              +   s+la++L+r+LDkG+v+     vs+  +e+lt++ R++vasvd+ 
  nat_62b65b4bdaad5382b6fd  5 TPDASSLAEVLDRILDKGIVVDVWARVSLVGIEILTVEARVVVASVDTY 53
                              55789******************************************85 PP

>> nat_81fe8a6c5a2a9f1f516d  
   #    score  bias  c-Evalue  i-Evalue hmmfrom  hmm to    alifrom  ali to    envfrom  env to     acc
 ---   ------ ----- --------- --------- ------- -------    ------- -------    ------- -------    ----
   1 !   46.6   0.3     2e-13   2.4e-13       9      59 ..       9      59 ..       1      71 [. 0.89

  Alignments for each domain:
  == domain 1  score: 46.6 bits;  conditional E-value: 2e-13
                      gvpj  9 iktstssstladiLervLDkGvviagDiavsiadveLltiklRllvasvdk 59
                                 s  ss l d+Le vLD+G+vi + + vs+  +e+l+i +R++vasvd+
  nat_81fe8a6c5a2a9f1f516d  9 AGGSGGSSGLYDVLELVLDRGLVIDAFVRVSLVGIEILKIDVRVVVASVDT 59
                              455677899*****************************************7 PP

>> nat_e2ce29238f757f550f72  
   #    score  bias  c-Evalue  i-Evalue hmmfrom  hmm to    alifrom  ali to    envfrom  env to     acc
 ---   ------ ----- --------- --------- ------- -------    ------- -------    ------- -------    ----
   1 !   47.0   0.8   1.5e-13   1.9e-13      17      58 ..      21      62 ..       4      65 .. 0.93

  Alignments for each domain:
  == domain 1  score: 47.0 bits;  conditional E-value: 1.5e-13
                      gvpj 17 tladiLervLDkGvviagDiavsiadveLltiklRllvasvd 58
                               l+d+L+rvL  Gvv++gDi+++iadv+L+ i lR+l+asv 
  nat_e2ce29238f757f550f72 21 ALVDLLDRVLATGVVVTGDITLAIADVDLVRISLRALIASVG 62
                              69**************************************95 PP

>> nat_ffde9c8a0aa4cd762cfd  
   #    score  bias  c-Evalue  i-Evalue hmmfrom  hmm to    alifrom  ali to    envfrom  env to     acc
 ---   ------ ----- --------- --------- ------- -------    ------- -------    ------- -------    ----
   1 !   47.1   1.8   1.4e-13   1.7e-13       8      60 ..       2      54 ..       1      64 [. 0.91

  Alignments for each domain:
  == domain 1  score: 47.1 bits;  conditional E-value: 1.4e-13
                      gvpj  8 aiktstssstladiLervLDkGvviagDiavsiadveLltiklRllvasvdka 60
                              a+++ + ss+la++++r+LDkGv++ + + vs+  +eLl+++ R++va vd+ 
  nat_ffde9c8a0aa4cd762cfd  2 AVEKINASSSLAEVVDRILDKGVIVDAWVRVSLVGIELLAVEARVVVAGVDTY 54
                              67778899*******************************************84 PP

>> nat_0da4fc315e8c5fa1925f  
   #    score  bias  c-Evalue  i-Evalue hmmfrom  hmm to    alifrom  ali to    envfrom  env to     acc
 ---   ------ ----- --------- --------- ------- -------    ------- -------    ------- -------    ----
   1 !   47.0   1.1   1.5e-13   1.8e-13      12      59 ..       5      52 ..       1      64 [. 0.91

  Alignments for each domain:
  == domain 1  score: 47.0 bits;  conditional E-value: 1.5e-13
                      gvpj 12 stssstladiLervLDkGvviagDiavsiadveLltiklRllvasvdk 59
                              +   s+la++L+r+LDkG+v+     vs+  +e+lt++ R++vasvd+
  nat_0da4fc315e8c5fa1925f  5 TPDASSLAEVLDRILDKGIVVDVWARVSLVGIEILTVEARVVVASVDT 52
                              55789******************************************8 PP

>> nat_0927b476e8bc6daa04d9  
   #    score  bias  c-Evalue  i-Evalue hmmfrom  hmm to    alifrom  ali to    envfrom  env to     acc
 ---   ------ ----- --------- --------- ------- -------    ------- -------    ------- -------    ----
   1 !   47.0   0.1   1.5e-13   1.8e-13      17      59 ..       2      44 ..       1      69 [. 0.87

  Alignments for each domain:
  == domain 1  score: 47.0 bits;  conditional E-value: 1.5e-13
                      gvpj 17 tladiLervLDkGvviagDiavsiadveLltiklRllvasvdk 59
                              +l+d+L+r+L  Gvv++gDi++ iadv+L+ i lR+l++svd 
  nat_0927b476e8bc6daa04d9  2 SLVDLLDRLLAGGVVLTGDITLRIADVDLVRIDLRALISSVDA 44
                              69***************************************95 PP

>> nat_5ff91e8d3cfc9ac60d0d  
   #    score  bias  c-Evalue  i-Evalue hmmfrom  hmm to    alifrom  ali to    envfrom  env to     acc
 ---   ------ ----- --------- --------- ------- -------    ------- -------    ------- -------    ----
   1 !   47.0   1.3   1.6e-13   1.9e-13       8      59 ..       2      53 ..       1      68 [. 0.92

  Alignments for each domain:
  == domain 1  score: 47.0 bits;  conditional E-value: 1.6e-13
                      gvpj  8 aiktstssstladiLervLDkGvviagDiavsiadveLltiklRllvasvdk 59
                              a+++ + ss+la++++++LDkG+++ + + vs+  +eLl+++ R+++asv++
  nat_5ff91e8d3cfc9ac60d0d  2 AVEKVNASSSLAEVIDHILDKGIIVDAWVRVSLVGIELLALEARVVIASVET 53
                              6788899*******************************************97 PP

>> nat_537a56df1e3b5128f45c  
   #    score  bias  c-Evalue  i-Evalue hmmfrom  hmm to    alifrom  ali to    envfrom  env to     acc
 ---   ------ ----- --------- --------- ------- -------    ------- -------    ------- -------    ----
   1 !   46.2   3.9   2.6e-13   3.2e-13      15      60 ..      19      64 ..      10      98 .. 0.85

  Alignments for each domain:
  == domain 1  score: 46.2 bits;  conditional E-value: 2.6e-13
                      gvpj 15 sstladiLervLDkGvviagDiavsiadveLltiklRllvasvdka 60
                              ss lad++e +LDkG+vi   + vsi  +eLlti  R++vasvd+ 
  nat_537a56df1e3b5128f45c 19 SSGLADVVELILDKGLVIDVFVRVSIVGIELLTIDARVVVASVDTF 64
                              789*****************************************85 PP

>> nat_03e37b9ff61818fe868f  
   #    score  bias  c-Evalue  i-Evalue hmmfrom  hmm to    alifrom  ali to    envfrom  env to     acc
 ---   ------ ----- --------- --------- ------- -------    ------- -------    ------- -------    ----
   1 !   46.2   3.7   2.6e-13   3.2e-13      13      59 ..      17      63 ..      12      96 .. 0.94

  Alignments for each domain:
  == domain 1  score: 46.2 bits;  conditional E-value: 2.6e-13
                      gvpj 13 tssstladiLervLDkGvviagDiavsiadveLltiklRllvasvdk 59
                               s+s lad+++ +LDkG+vi + + vs+  +e+lti +R++vasvd+
  nat_03e37b9ff61818fe868f 17 SSGSGLADVIDTILDKGLVIDAYVRVSLVGIEILTIDVRVVVASVDT 63
                              57899*****************************************7 PP

>> nat_5c03f7861ccf36dc0533  
   #    score  bias  c-Evalue  i-Evalue hmmfrom  hmm to    alifrom  ali to    envfrom  env to     acc
 ---   ------ ----- --------- --------- ------- -------    ------- -------    ------- -------    ----
   1 !   46.2   1.7   2.7e-13   3.3e-13      14      62 ..       7      55 ..       2      63 .. 0.90

  Alignments for each domain:
  == domain 1  score: 46.2 bits;  conditional E-value: 2.7e-13
                      gvpj 14 ssstladiLervLDkGvviagDiavsiadveLltiklRllvasvdkake 62
                               +s+lad+L+r+LDkGvvi     +s+  +eLlt++ R++ asvd+  +
  nat_5c03f7861ccf36dc0533  7 DTSSLADVLDRILDKGVVIDVFARLSVVGIELLTVEARVVAASVDTFLK 55
                              6799*****************************************8655 PP

>> nat_db9f1375949c94632148  
   #    score  bias  c-Evalue  i-Evalue hmmfrom  hmm to    alifrom  ali to    envfrom  env to     acc
 ---   ------ ----- --------- --------- ------- -------    ------- -------    ------- -------    ----
   1 !   46.4   0.5   2.4e-13   2.9e-13       9      59 ..      11      61 ..       1      73 [. 0.90

  Alignments for each domain:
  == domain 1  score: 46.4 bits;  conditional E-value: 2.4e-13
                      gvpj  9 iktstssstladiLervLDkGvviagDiavsiadveLltiklRllvasvdk 59
                              +  + sss lad+++ +LDkG+vi + + vs+  +e+lt+  R++vasvd+
  nat_db9f1375949c94632148 11 VSGHGSSSGLADVIDTILDKGLVIDAYVRVSLVGIEVLTVDARVVVASVDT 61
                              5667899*******************************************7 PP

>> nat_057e1cbe9c0aca38bc03  
   #    score  bias  c-Evalue  i-Evalue hmmfrom  hmm to    alifrom  ali to    envfrom  env to     acc
 ---   ------ ----- --------- --------- ------- -------    ------- -------    ------- -------    ----
   1 !   46.3   0.1   2.5e-13   3.1e-13       5      59 ..       8      62 ..       1      70 [. 0.88

  Alignments for each domain:
  == domain 1  score: 46.3 bits;  conditional E-value: 2.5e-13
                      gvpj  5 rpsaiktstssstladiLervLDkGvviagDiavsiadveLltiklRllvasvdk 59
                              +p a+ +   ++ l diLe +LD+G+vi   + vs+  +e+l+i +R+++asvd+
  nat_057e1cbe9c0aca38bc03  8 QPAATSSGSGTGGLFDILELILDRGLVIDVFVRVSLVGIEILKIDIRIVIASVDT 62
                              5677777777889*****************************************7 PP

>> nat_48dbcd4ed98d41a9651a  
   #    score  bias  c-Evalue  i-Evalue hmmfrom  hmm to    alifrom  ali to    envfrom  env to     acc
 ---   ------ ----- --------- --------- ------- -------    ------- -------    ------- -------    ----
   1 !   46.2   0.4   2.6e-13   3.2e-13      15      59 ..      14      58 ..       3      78 .. 0.94

  Alignments for each domain:
  == domain 1  score: 46.2 bits;  conditional E-value: 2.6e-13
                      gvpj 15 sstladiLervLDkGvviagDiavsiadveLltiklRllvasvdk 59
                               s lad+L+ vLDkG+vi + + v++  +e+lti  R+++asvd+
  nat_48dbcd4ed98d41a9651a 14 PSGLADVLDVVLDKGIVIDAYVRVALVGIEILTIDARIVIASVDT 58
                              578*****************************************7 PP

>> nat_071d41176330dd0796d5  
   #    score  bias  c-Evalue  i-Evalue hmmfrom  hmm to    alifrom  ali to    envfrom  env to     acc
 ---   ------ ----- --------- --------- ------- -------    ------- -------    ------- -------    ----
   1 !   46.5   0.7   2.2e-13   2.7e-13      16      58 ..      28      70 ..      16      74 .. 0.92

  Alignments for each domain:
  == domain 1  score: 46.5 bits;  conditional E-value: 2.2e-13
                      gvpj 16 stladiLervLDkGvviagDiavsiadveLltiklRllvasvd 58
                                l+d+L+r+L  Gvv++gDi+++iadv+L++i lR+l++sv 
  nat_071d41176330dd0796d5 28 IALVDLLDRLLSDGVVLTGDITLAIADVDLVHISLRALISSVK 70
                              579**************************************96 PP

>> nat_dc852bef97bb5a3f37ff  
   #    score  bias  c-Evalue  i-Evalue hmmfrom  hmm to    alifrom  ali to    envfrom  env to     acc
 ---   ------ ----- --------- --------- ------- -------    ------- -------    ------- -------    ----
   1 !   46.2   1.1   2.6e-13   3.2e-13       5      59 ..       8      62 ..       1      69 [. 0.90

  Alignments for each domain:
  == domain 1  score: 46.2 bits;  conditional E-value: 2.6e-13
                      gvpj  5 rpsaiktstssstladiLervLDkGvviagDiavsiadveLltiklRllvasvdk 59
                              +p a+ +   s+ l diLe +LD+G+vi   + vs+  +e+l+i +R+++asvd+
  nat_dc852bef97bb5a3f37ff  8 QPAATSSGSGSAGLFDILELILDRGLVIDVFVRVSLVGIEILKIDIRIVIASVDT 62
                              6778888888999*****************************************7 PP

>> nat_decd9a1d90f169f4eb3e  
   #    score  bias  c-Evalue  i-Evalue hmmfrom  hmm to    alifrom  ali to    envfrom  env to     acc
 ---   ------ ----- --------- --------- ------- -------    ------- -------    ------- -------    ----
   1 !   46.2   1.1   2.7e-13   3.3e-13       5      59 ..       8      62 ..       1      68 [. 0.90

  Alignments for each domain:
  == domain 1  score: 46.2 bits;  conditional E-value: 2.7e-13
                      gvpj  5 rpsaiktstssstladiLervLDkGvviagDiavsiadveLltiklRllvasvdk 59
                              +p a+ +   s+ l diLe +LD+G+vi   + vs+  +e+l+i +R+++asvd+
  nat_decd9a1d90f169f4eb3e  8 QPAATSSGSGSAGLFDILELILDRGLVIDVFVRVSLVGIEILKIDIRIVIASVDT 62
                              6778888888999*****************************************7 PP

>> nat_0a6194eed91a047cb43e  
   #    score  bias  c-Evalue  i-Evalue hmmfrom  hmm to    alifrom  ali to    envfrom  env to     acc
 ---   ------ ----- --------- --------- ------- -------    ------- -------    ------- -------    ----
   1 !   46.1   1.8   2.9e-13   3.5e-13      14      62 ..       7      55 ..       2      64 .. 0.90

  Alignments for each domain:
  == domain 1  score: 46.1 bits;  conditional E-value: 2.9e-13
                      gvpj 14 ssstladiLervLDkGvviagDiavsiadveLltiklRllvasvdkake 62
                               +s+lad+L+r+LDkGvvi     +s+  +eLlt++ R++ asvd+  +
  nat_0a6194eed91a047cb43e  7 DTSSLADVLDRILDKGVVIDVFARLSVVGIELLTVEARVVAASVDTFLK 55
                              6799*****************************************8554 PP

>> nat_32fcf9c5b6202c499dc1  
   #    score  bias  c-Evalue  i-Evalue hmmfrom  hmm to    alifrom  ali to    envfrom  env to     acc
 ---   ------ ----- --------- --------- ------- -------    ------- -------    ------- -------    ----
   1 !   46.2   3.4   2.7e-13   3.3e-13      14      60 ..       9      55 ..       1      86 [. 0.90

  Alignments for each domain:
  == domain 1  score: 46.2 bits;  conditional E-value: 2.7e-13
                      gvpj 14 ssstladiLervLDkGvviagDiavsiadveLltiklRllvasvdka 60
                                s+la++L+r+LDkG+vi     +s+  +eL+ti+ R++vas+d+ 
  nat_32fcf9c5b6202c499dc1  9 DPSNLAEVLDRILDKGIVIDVWARISVIGLELITIEARIVVASIDTF 55
                              569******************************************85 PP

>> nat_cd0ec9cc83e20bd818b3  
   #    score  bias  c-Evalue  i-Evalue hmmfrom  hmm to    alifrom  ali to    envfrom  env to     acc
 ---   ------ ----- --------- --------- ------- -------    ------- -------    ------- -------    ----
   1 !   46.5   2.3   2.1e-13   2.6e-13      11      60 ..       4      53 ..       1      84 [. 0.90

  Alignments for each domain:
  == domain 1  score: 46.5 bits;  conditional E-value: 2.1e-13
                      gvpj 11 tstssstladiLervLDkGvviagDiavsiadveLltiklRllvasvdka 60
                              t  s+s+la++L+r+LDkG vi   + vs+  +e+lt++ R+++asvd+ 
  nat_cd0ec9cc83e20bd818b3  4 TRPSTSSLAEVLDRILDKGAVIDIWVRVSLVGIEILTVEARVVIASVDTF 53
                              556889******************************************85 PP

>> nat_dda4548fde968a05b6df  
   #    score  bias  c-Evalue  i-Evalue hmmfrom  hmm to    alifrom  ali to    envfrom  env to     acc
 ---   ------ ----- --------- --------- ------- -------    ------- -------    ------- -------    ----
   1 !   45.9   0.8   3.4e-13   4.2e-13      15      59 ..      16      60 ..      11      66 .. 0.94

  Alignments for each domain:
  == domain 1  score: 45.9 bits;  conditional E-value: 3.4e-13
                      gvpj 15 sstladiLervLDkGvviagDiavsiadveLltiklRllvasvdk 59
                              ss l d+Le vLD+G+vi + i vs+  +e+l+i +R++vasvd+
  nat_dda4548fde968a05b6df 16 SSGLYDVLELVLDRGLVIDAFIRVSLVGIEILKIDVRVVVASVDT 60
                              7889****************************************7 PP

>> nat_1f087f3f20cf0e414c21  
   #    score  bias  c-Evalue  i-Evalue hmmfrom  hmm to    alifrom  ali to    envfrom  env to     acc
 ---   ------ ----- --------- --------- ------- -------    ------- -------    ------- -------    ----
   1 !   46.5   0.2   2.1e-13   2.6e-13      15      59 ..      15      59 ..       5      65 .. 0.94

  Alignments for each domain:
  == domain 1  score: 46.5 bits;  conditional E-value: 2.1e-13
                      gvpj 15 sstladiLervLDkGvviagDiavsiadveLltiklRllvasvdk 59
                              ss l d+Le vLD+G+vi + i vs+  +e+l+i +R++vasvd+
  nat_1f087f3f20cf0e414c21 15 SSGLYDVLELVLDRGLVIDAFIRVSLVGIEILKIDVRVVVASVDT 59
                              7889****************************************7 PP

>> nat_644a625ed987b37152d8  
   #    score  bias  c-Evalue  i-Evalue hmmfrom  hmm to    alifrom  ali to    envfrom  env to     acc
 ---   ------ ----- --------- --------- ------- -------    ------- -------    ------- -------    ----
   1 !   46.4   1.0   2.4e-13   2.9e-13      12      60 ..       5      53 ..       1      64 [. 0.91

  Alignments for each domain:
  == domain 1  score: 46.4 bits;  conditional E-value: 2.4e-13
                      gvpj 12 stssstladiLervLDkGvviagDiavsiadveLltiklRllvasvdka 60
                              +   s+la++L+r+LDkG+v+     vs+  +e+lt++ R++vasvd+ 
  nat_644a625ed987b37152d8  5 TPDASSLAEVLDRILDKGIVVDVWARVSLVGIEILTVESRVVVASVDTY 53
                              55789******************************************85 PP

>> nat_1f1d6fdb82f348ed948e  
   #    score  bias  c-Evalue  i-Evalue hmmfrom  hmm to    alifrom  ali to    envfrom  env to     acc
 ---   ------ ----- --------- --------- ------- -------    ------- -------    ------- -------    ----
   1 !   46.0   1.9   3.1e-13   3.9e-13      14      61 ..       7      54 ..       2      62 .. 0.90

  Alignments for each domain:
  == domain 1  score: 46.0 bits;  conditional E-value: 3.1e-13
                      gvpj 14 ssstladiLervLDkGvviagDiavsiadveLltiklRllvasvdkak 61
                               +s+lad+L+r+LDkGvvi     +s+  +eLlt++ R++ asvd+  
  nat_1f1d6fdb82f348ed948e  7 DTSSLADVLDRILDKGVVIDVFARLSVVGIELLTVEARVVAASVDTFL 54
                              6799*****************************************855 PP

>> nat_e2dc3b903f2c8b00f1a7  
   #    score  bias  c-Evalue  i-Evalue hmmfrom  hmm to    alifrom  ali to    envfrom  env to     acc
 ---   ------ ----- --------- --------- ------- -------    ------- -------    ------- -------    ----
   1 !   46.0   0.8   3.1e-13   3.8e-13      14      59 ..       5      50 ..       1      56 [. 0.93

  Alignments for each domain:
  == domain 1  score: 46.0 bits;  conditional E-value: 3.1e-13
                      gvpj 14 ssstladiLervLDkGvviagDiavsiadveLltiklRllvasvdk 59
                               ++ la++L+ +LDkG+vi + ++vs+  +e+lti  R++vasvd+
  nat_e2dc3b903f2c8b00f1a7  5 PQGGLAEVLDLILDKGLVIDAFVKVSLVGIEILTIDARIVVASVDT 50
                              5789*****************************************7 PP

>> nat_38c50a9f5c23bd9138cf  
   #    score  bias  c-Evalue  i-Evalue hmmfrom  hmm to    alifrom  ali to    envfrom  env to     acc
 ---   ------ ----- --------- --------- ------- -------    ------- -------    ------- -------    ----
   1 !   46.0   0.1     3e-13   3.7e-13      15      59 ..      15      59 ..       2     111 .. 0.91

  Alignments for each domain:
  == domain 1  score: 46.0 bits;  conditional E-value: 3e-13
                      gvpj 15 sstladiLervLDkGvviagDiavsiadveLltiklRllvasvdk 59
                              ss l d+Le vLD+G+vi + + vs+  +e+l+i +R++vasvd+
  nat_38c50a9f5c23bd9138cf 15 SSGLYDVLELVLDRGLVIDAFVRVSLVGIEILKIDVRVVVASVDT 59
                              7899****************************************7 PP

>> nat_b07305ca6f722d02988a  
   #    score  bias  c-Evalue  i-Evalue hmmfrom  hmm to    alifrom  ali to    envfrom  env to     acc
 ---   ------ ----- --------- --------- ------- -------    ------- -------    ------- -------    ----
   1 !   46.1   1.1   2.9e-13   3.5e-13       8      60 ..       2      54 ..       1      64 [. 0.93

  Alignments for each domain:
  == domain 1  score: 46.1 bits;  conditional E-value: 2.9e-13
                      gvpj  8 aiktstssstladiLervLDkGvviagDiavsiadveLltiklRllvasvdka 60
                              a+++++ ss+l+++++r+LDkGvv+ +   vs+  +eLl+++ R+++a vd+ 
  nat_b07305ca6f722d02988a  2 AVEKTNASSSLVEVVDRILDKGVVVDAWARVSLVGIELLAVEARVVLAGVDTY 54
                              789999*********************************************84 PP

>> nat_2020b232078a08b4fb2b  
   #    score  bias  c-Evalue  i-Evalue hmmfrom  hmm to    alifrom  ali to    envfrom  env to     acc
 ---   ------ ----- --------- --------- ------- -------    ------- -------    ------- -------    ----
   1 !   45.5   0.2   4.4e-13   5.4e-13      10      59 ..      10      59 ..       1      67 [. 0.89

  Alignments for each domain:
  == domain 1  score: 45.5 bits;  conditional E-value: 4.4e-13
                      gvpj 10 ktstssstladiLervLDkGvviagDiavsiadveLltiklRllvasvdk 59
                                s  ss l diLe vLD+G+vi + + vs+  +e+l++ +R++vasvd+
  nat_2020b232078a08b4fb2b 10 GGSGGSSGLYDILELVLDRGLVIDAFVRVSLVGIEILKVDVRVVVASVDT 59
                              55677899*****************************************7 PP

>> nat_71487a9fd043fc5b4741  
   #    score  bias  c-Evalue  i-Evalue hmmfrom  hmm to    alifrom  ali to    envfrom  env to     acc
 ---   ------ ----- --------- --------- ------- -------    ------- -------    ------- -------    ----
   1 !   45.2   4.9   5.5e-13   6.8e-13      15      60 ..      18      63 ..       9      97 .. 0.87

  Alignments for each domain:
  == domain 1  score: 45.2 bits;  conditional E-value: 5.5e-13
                      gvpj 15 sstladiLervLDkGvviagDiavsiadveLltiklRllvasvdka 60
                              ss lad++e +LDkG+vi   + vsi  +eLlti  R++vasvd+ 
  nat_71487a9fd043fc5b4741 18 SSGLADVVELILDKGLVIDVFVRVSIVGIELLTIDARIVVASVDTF 63
                              789*****************************************84 PP

>> nat_f7e68563732e131d24d8  
   #    score  bias  c-Evalue  i-Evalue hmmfrom  hmm to    alifrom  ali to    envfrom  env to     acc
 ---   ------ ----- --------- --------- ------- -------    ------- -------    ------- -------    ----
   1 !   45.9   0.3   3.4e-13   4.2e-13       7      59 ..       6      58 ..       1      63 [. 0.89

  Alignments for each domain:
  == domain 1  score: 45.9 bits;  conditional E-value: 3.4e-13
                      gvpj  7 saiktstssstladiLervLDkGvviagDiavsiadveLltiklRllvasvdk 59
                                 + s  +s l diLe vLD+G+vi   + vs+  +e+l+i +R++vasvd+
  nat_f7e68563732e131d24d8  6 AQQARSGGTSGLYDILELVLDRGLVIDVFVRVSLVGIEILKIDVRVVVASVDT 58
                              45566777899*****************************************7 PP

>> nat_6202903abc283dce1575  
   #    score  bias  c-Evalue  i-Evalue hmmfrom  hmm to    alifrom  ali to    envfrom  env to     acc
 ---   ------ ----- --------- --------- ------- -------    ------- -------    ------- -------    ----
   1 !   46.2   0.4   2.7e-13   3.3e-13      15      59 ..      15      59 ..       2      66 .. 0.93

  Alignments for each domain:
  == domain 1  score: 46.2 bits;  conditional E-value: 2.7e-13
                      gvpj 15 sstladiLervLDkGvviagDiavsiadveLltiklRllvasvdk 59
                              ss l d+Le +LD+G+vi + i vs+  +e+l+i +R++vasvd+
  nat_6202903abc283dce1575 15 SSGLYDVLELILDRGLVIDAFIRVSLVGIEILKIDVRVVVASVDT 59
                              7899****************************************7 PP

>> nat_630c823407ef4f2e6361  
   #    score  bias  c-Evalue  i-Evalue hmmfrom  hmm to    alifrom  ali to    envfrom  env to     acc
 ---   ------ ----- --------- --------- ------- -------    ------- -------    ------- -------    ----
   1 !   46.0   0.9   3.1e-13   3.7e-13      14      58 ..      12      56 ..       1      64 [. 0.88

  Alignments for each domain:
  == domain 1  score: 46.0 bits;  conditional E-value: 3.1e-13
                      gvpj 14 ssstladiLervLDkGvviagDiavsiadveLltiklRllvasvd 58
                                  l+d+L+rvL  Gvvi+gDi +siadv++++i lR+l++s+ 
  nat_630c823407ef4f2e6361 12 RRVALIDLLDRVLAGGVVITGDIRLSIADVDMVQISLRALISSIS 56
                              45689**************************************85 PP

>> nat_c7ec77b171120a344a06  
   #    score  bias  c-Evalue  i-Evalue hmmfrom  hmm to    alifrom  ali to    envfrom  env to     acc
 ---   ------ ----- --------- --------- ------- -------    ------- -------    ------- -------    ----
   1 !   45.4   0.4   4.6e-13   5.6e-13      13      59 ..      12      58 ..       1      64 [. 0.89

  Alignments for each domain:
  == domain 1  score: 45.4 bits;  conditional E-value: 4.6e-13
                      gvpj 13 tssstladiLervLDkGvviagDiavsiadveLltiklRllvasvdk 59
                                ss l d+Le vLD+G+vi + + vs+  +e+l+i +R++vasvd+
  nat_c7ec77b171120a344a06 12 GGSSGLYDVLELVLDRGLVIDAFVRVSLVGIEILKIDVRVVVASVDT 58
                              56789*****************************************7 PP

>> nat_76418c5d471b2873e6bf  
   #    score  bias  c-Evalue  i-Evalue hmmfrom  hmm to    alifrom  ali to    envfrom  env to     acc
 ---   ------ ----- --------- --------- ------- -------    ------- -------    ------- -------    ----
   1 !   45.9   2.5   3.3e-13   4.1e-13      13      60 ..       6      53 ..       1      84 [. 0.89

  Alignments for each domain:
  == domain 1  score: 45.9 bits;  conditional E-value: 3.3e-13
                      gvpj 13 tssstladiLervLDkGvviagDiavsiadveLltiklRllvasvdka 60
                               s+s+la++L+r+LDkG vi   + vs+  +e+lt++ R+++asvd+ 
  nat_76418c5d471b2873e6bf  6 PSTSSLAEVLDRILDKGAVIDIWVRVSLVGIEILTVEARVVIASVDTF 53
                              5789******************************************84 PP

>> nat_ebdc86196ce4e8d00cbf  
   #    score  bias  c-Evalue  i-Evalue hmmfrom  hmm to    alifrom  ali to    envfrom  env to     acc
 ---   ------ ----- --------- --------- ------- -------    ------- -------    ------- -------    ----
   1 !   46.0   0.6   3.2e-13   3.9e-13      15      59 ..      15      59 ..       4      64 .. 0.94

  Alignments for each domain:
  == domain 1  score: 46.0 bits;  conditional E-value: 3.2e-13
                      gvpj 15 sstladiLervLDkGvviagDiavsiadveLltiklRllvasvdk 59
                              ss l d+Le vLD+G+vi + i vs+  +e+l+i +R++vasvd+
  nat_ebdc86196ce4e8d00cbf 15 SSGLYDVLELVLDRGLVIDAFIRVSLVGIEILKIDVRVVVASVDT 59
                              7889****************************************7 PP

>> nat_7801d96d034213cf08c8  
   #    score  bias  c-Evalue  i-Evalue hmmfrom  hmm to    alifrom  ali to    envfrom  env to     acc
 ---   ------ ----- --------- --------- ------- -------    ------- -------    ------- -------    ----
   1 !   45.7   2.6   3.7e-13   4.6e-13      13      59 ..       6      52 ..       1      74 [. 0.90

  Alignments for each domain:
  == domain 1  score: 45.7 bits;  conditional E-value: 3.7e-13
                      gvpj 13 tssstladiLervLDkGvviagDiavsiadveLltiklRllvasvdk 59
                               s+s+la++L+r+LDkGvvi   + vs+  +e+lti+ R+++a vd+
  nat_7801d96d034213cf08c8  6 PSTSSLAEVLDRILDKGVVIDLWVRVSLVGIEILTIEARVIIALVDT 52
                              5789*****************************************98 PP

>> nat_63e94d96149b61e3547f  
   #    score  bias  c-Evalue  i-Evalue hmmfrom  hmm to    alifrom  ali to    envfrom  env to     acc
 ---   ------ ----- --------- --------- ------- -------    ------- -------    ------- -------    ----
   1 !   45.7   2.5   3.9e-13   4.8e-13      13      60 ..       6      53 ..       1      82 [. 0.90

  Alignments for each domain:
  == domain 1  score: 45.7 bits;  conditional E-value: 3.9e-13
                      gvpj 13 tssstladiLervLDkGvviagDiavsiadveLltiklRllvasvdka 60
                               s+s+la++L+r+LDkG vi   + vs+  +e+lt++ R+++asvd+ 
  nat_63e94d96149b61e3547f  6 PSTSSLAEVLDRILDKGAVIDIWVRVSLVGIEILTVEARVVIASVDTF 53
                              5789******************************************84 PP

>> nat_b777f719d06f5568d601  
   #    score  bias  c-Evalue  i-Evalue hmmfrom  hmm to    alifrom  ali to    envfrom  env to     acc
 ---   ------ ----- --------- --------- ------- -------    ------- -------    ------- -------    ----
   1 !   45.2   0.5   5.3e-13   6.5e-13       3      59 ..       4      60 ..       1      66 [. 0.92

  Alignments for each domain:
  == domain 1  score: 45.2 bits;  conditional E-value: 5.3e-13
                      gvpj  3 tarpsaiktstssstladiLervLDkGvviagDiavsiadveLltiklRllvasvdk 59
                              t+r  ++++  s s l+d+++ +LDkG+vi   + vs+  +eLlti  R++vasvd+
  nat_b777f719d06f5568d601  4 TPRSGSYASRPSPSGLVDVVDLILDKGLVIDVYLRVSLVGIELLTIDARIVVASVDT 60
                              4577889999999*******************************************7 PP

>> nat_b9d147aeaac9ffa9d0f3  
   #    score  bias  c-Evalue  i-Evalue hmmfrom  hmm to    alifrom  ali to    envfrom  env to     acc
 ---   ------ ----- --------- --------- ------- -------    ------- -------    ------- -------    ----
   1 !   45.7   2.5   3.9e-13   4.8e-13      13      60 ..       6      53 ..       1      82 [. 0.90

  Alignments for each domain:
  == domain 1  score: 45.7 bits;  conditional E-value: 3.9e-13
                      gvpj 13 tssstladiLervLDkGvviagDiavsiadveLltiklRllvasvdka 60
                               s+s+la++L+r+LDkG vi   + vs+  +e+lt++ R+++asvd+ 
  nat_b9d147aeaac9ffa9d0f3  6 PSTSSLAEVLDRILDKGAVIDIWVRVSLVGIEILTVEARVVIASVDTF 53
                              5789******************************************85 PP

>> nat_340bf83afc765d1b00fd  
   #    score  bias  c-Evalue  i-Evalue hmmfrom  hmm to    alifrom  ali to    envfrom  env to     acc
 ---   ------ ----- --------- --------- ------- -------    ------- -------    ------- -------    ----
   1 !   45.6   1.6   4.1e-13   5.1e-13      10      61 ..       3      54 ..       1      77 [. 0.87

  Alignments for each domain:
  == domain 1  score: 45.6 bits;  conditional E-value: 4.1e-13
                      gvpj 10 ktstssstladiLervLDkGvviagDiavsiadveLltiklRllvasvdkak 61
                              ++s  ss l+++L+ +LDkGvvi     vs+  +e+lti+ R+++asvd+  
  nat_340bf83afc765d1b00fd  3 NNSPDSSGLVEVLDLILDKGVVIDLWARVSLVGIEILTIEARVVIASVDTFL 54
                              6778899******************************************854 PP

>> nat_51883a62e7fa5ef818e6  
   #    score  bias  c-Evalue  i-Evalue hmmfrom  hmm to    alifrom  ali to    envfrom  env to     acc
 ---   ------ ----- --------- --------- ------- -------    ------- -------    ------- -------    ----
   1 !   45.6   2.4   4.1e-13     5e-13      10      59 ..       2      51 ..       1      61 [. 0.93

  Alignments for each domain:
  == domain 1  score: 45.6 bits;  conditional E-value: 4.1e-13
                      gvpj 10 ktstssstladiLervLDkGvviagDiavsiadveLltiklRllvasvdk 59
                              k+   ss+la++++r+LDkG+vi     vs+  +eLl+i+ R+++asv +
  nat_51883a62e7fa5ef818e6  2 KKAIDSSSLAEVIDRILDKGIVIDIWARVSLVGIELLAIEARVVIASVHT 51
                              567789******************************************86 PP

>> nat_320fa412f1f1ad675d12  
   #    score  bias  c-Evalue  i-Evalue hmmfrom  hmm to    alifrom  ali to    envfrom  env to     acc
 ---   ------ ----- --------- --------- ------- -------    ------- -------    ------- -------    ----
   1 !   45.5   2.8   4.5e-13   5.5e-13      13      60 ..       6      53 ..       1      84 [. 0.90

  Alignments for each domain:
  == domain 1  score: 45.5 bits;  conditional E-value: 4.5e-13
                      gvpj 13 tssstladiLervLDkGvviagDiavsiadveLltiklRllvasvdka 60
                               s+s+la++L+r+LDkG vi   + vs+  +e+lt++ R+++asvd+ 
  nat_320fa412f1f1ad675d12  6 PSTSSLAEVLDRILDKGAVIDIWVRVSLVGIEILTVEARVVIASVDTF 53
                              5789******************************************84 PP

>> nat_3e013aaa6defa9421798  
   #    score  bias  c-Evalue  i-Evalue hmmfrom  hmm to    alifrom  ali to    envfrom  env to     acc
 ---   ------ ----- --------- --------- ------- -------    ------- -------    ------- -------    ----
   1 !   45.5   0.6   4.4e-13   5.4e-13      12      60 ..       4      52 ..       1      77 [. 0.90

  Alignments for each domain:
  == domain 1  score: 45.5 bits;  conditional E-value: 4.4e-13
                      gvpj 12 stssstladiLervLDkGvviagDiavsiadveLltiklRllvasvdka 60
                              +  s++la++L+r+LDkG+vi     vs+  +e+lt++ R++ asvd+ 
  nat_3e013aaa6defa9421798  4 TPDSTSLAEVLDRILDKGIVIDIWARVSVVGIEILTVEARIVAASVDTF 52
                              567899*****************************************85 PP

>> nat_a35562a6d386286458f3  
   #    score  bias  c-Evalue  i-Evalue hmmfrom  hmm to    alifrom  ali to    envfrom  env to     acc
 ---   ------ ----- --------- --------- ------- -------    ------- -------    ------- -------    ----
   1 !   45.0   1.0   6.2e-13   7.6e-13       5      59 ..       8      62 ..       1      68 [. 0.88

  Alignments for each domain:
  == domain 1  score: 45.0 bits;  conditional E-value: 6.2e-13
                      gvpj  5 rpsaiktstssstladiLervLDkGvviagDiavsiadveLltiklRllvasvdk 59
                              +p ++ +   ++ l diLe +LD+G+vi   + vs+  +e+l+i +R+++asvd+
  nat_a35562a6d386286458f3  8 QPATTSSGSGTGGLFDILELILDRGLVIDVFVRVSLVGIEILKIDIRIVIASVDT 62
                              5666666667789*****************************************7 PP

>> nat_e31d0685f6a3fa9a63fd  
   #    score  bias  c-Evalue  i-Evalue hmmfrom  hmm to    alifrom  ali to    envfrom  env to     acc
 ---   ------ ----- --------- --------- ------- -------    ------- -------    ------- -------    ----
   1 !   45.3   0.5     5e-13   6.1e-13      12      60 ..       4      52 ..       1      69 [. 0.90

  Alignments for each domain:
  == domain 1  score: 45.3 bits;  conditional E-value: 5e-13
                      gvpj 12 stssstladiLervLDkGvviagDiavsiadveLltiklRllvasvdka 60
                              +  s++la++L+r+LDkG+vi     vs+  +e+lt++ R++ asvd+ 
  nat_e31d0685f6a3fa9a63fd  4 TPDSTSLAEVLDRILDKGIVIDIWARVSVVGIEILTVEARIVAASVDTF 52
                              567899*****************************************85 PP

>> nat_15f7f1ff1f3d13b3a6e4  
   #    score  bias  c-Evalue  i-Evalue hmmfrom  hmm to    alifrom  ali to    envfrom  env to     acc
 ---   ------ ----- --------- --------- ------- -------    ------- -------    ------- -------    ----
   1 !   45.1   1.2   5.7e-13     7e-13      12      58 ..      16      62 ..       3      65 .. 0.85

  Alignments for each domain:
  == domain 1  score: 45.1 bits;  conditional E-value: 5.7e-13
                      gvpj 12 stssstladiLervLDkGvviagDiavsiadveLltiklRllvasvd 58
                                 +  l+d+L+rv+  Gvv++gD++++iadv+L+ i lR+l+asv 
  nat_15f7f1ff1f3d13b3a6e4 16 AYRQVALVDLLDRVVATGVVVTGDVTLAIADVDLVRISLRALIASVG 62
                              356889***************************************95 PP

>> nat_586a9e121e80cef17717  
   #    score  bias  c-Evalue  i-Evalue hmmfrom  hmm to    alifrom  ali to    envfrom  env to     acc
 ---   ------ ----- --------- --------- ------- -------    ------- -------    ------- -------    ----
   1 !   45.1   1.2   5.9e-13   7.2e-13      14      60 ..       7      53 ..       2      59 .. 0.92

  Alignments for each domain:
  == domain 1  score: 45.1 bits;  conditional E-value: 5.9e-13
                      gvpj 14 ssstladiLervLDkGvviagDiavsiadveLltiklRllvasvdka 60
                               +  l+d+L+r+L  Gvvi+gDi++ iadv+L+ i l +l++sv+ a
  nat_586a9e121e80cef17717  7 REIALVDLLDRLLSGGVVITGDITLRIADVDLVRIDLNALISSVNAA 53
                              55689***************************************988 PP

>> nat_d3af78dd1e3340eceeac  
   #    score  bias  c-Evalue  i-Evalue hmmfrom  hmm to    alifrom  ali to    envfrom  env to     acc
 ---   ------ ----- --------- --------- ------- -------    ------- -------    ------- -------    ----
   1 !   44.7   2.9   7.7e-13   9.5e-13      15      59 ..      16      60 ..      10      68 .. 0.94

  Alignments for each domain:
  == domain 1  score: 44.7 bits;  conditional E-value: 7.7e-13
                      gvpj 15 sstladiLervLDkGvviagDiavsiadveLltiklRllvasvdk 59
                               s lad+++ +LDkG+vi + + vs+  +eLlti  R++vasvd+
  nat_d3af78dd1e3340eceeac 16 PSGLADVIDTILDKGLVIDAYVRVSLVGIELLTIDARIVVASVDT 60
                              588*****************************************7 PP

>> nat_9cf6f65acb0bb6519b07  
   #    score  bias  c-Evalue  i-Evalue hmmfrom  hmm to    alifrom  ali to    envfrom  env to     acc
 ---   ------ ----- --------- --------- ------- -------    ------- -------    ------- -------    ----
   1 !   44.9   0.5   6.9e-13   8.5e-13       1      58 [.       1      58 [.       1      62 [. 0.94

  Alignments for each domain:
  == domain 1  score: 44.9 bits;  conditional E-value: 6.9e-13
                      gvpj  1 mstarpsaiktstssstladiLervLDkGvviagDiavsiadveLltiklRllvasvd 58
                              m t+ p+ ++    +  l+d+L+r+L  Gvvi gD+ +s+a ++L+ i lR+lv+sv 
  nat_9cf6f65acb0bb6519b07  1 MNTTGPRDPALPARQVALVDLLDRLLAGGVVIVGDVVLSVAGIDLVRISLRALVSSVT 58
                              778889999999999*****************************************95 PP

>> nat_8461ba422af788cc84f8  
   #    score  bias  c-Evalue  i-Evalue hmmfrom  hmm to    alifrom  ali to    envfrom  env to     acc
 ---   ------ ----- --------- --------- ------- -------    ------- -------    ------- -------    ----
   1 !   44.9   0.1   6.8e-13   8.4e-13      17      59 ..      12      54 ..       6      78 .. 0.86

  Alignments for each domain:
  == domain 1  score: 44.9 bits;  conditional E-value: 6.8e-13
                      gvpj 17 tladiLervLDkGvviagDiavsiadveLltiklRllvasvdk 59
                              +l+d+L+r+L  Gvv++gD+++ iadv+L+ i lR+l++svd 
  nat_8461ba422af788cc84f8 12 SLVDLLDRLLAGGVVLTGDLTLRIADVDLVRIDLRALISSVDA 54
                              79***************************************96 PP

>> nat_10462c8aed9b62ff76a8  
   #    score  bias  c-Evalue  i-Evalue hmmfrom  hmm to    alifrom  ali to    envfrom  env to     acc
 ---   ------ ----- --------- --------- ------- -------    ------- -------    ------- -------    ----
   1 !   44.9   0.3   6.7e-13   8.2e-13      11      59 ..       5      53 ..       2      82 .. 0.93

  Alignments for each domain:
  == domain 1  score: 44.9 bits;  conditional E-value: 6.7e-13
                      gvpj 11 tstssstladiLervLDkGvviagDiavsiadveLltiklRllvasvdk 59
                              + + +s+l+++++r+LDkG+vi     +s++ +eL+t++ R++v+s+++
  nat_10462c8aed9b62ff76a8  5 KCRDGSSLVEVVDRILDKGIVIDVFARISVLGIELITVEARIVVSSIET 53
                              56789******************************************97 PP

>> nat_7ca23b11f7e72b0b7519  
   #    score  bias  c-Evalue  i-Evalue hmmfrom  hmm to    alifrom  ali to    envfrom  env to     acc
 ---   ------ ----- --------- --------- ------- -------    ------- -------    ------- -------    ----
   1 !   44.5   0.8   9.3e-13   1.1e-12      14      59 ..      18      63 ..       5      68 .. 0.92

  Alignments for each domain:
  == domain 1  score: 44.5 bits;  conditional E-value: 9.3e-13
                      gvpj 14 ssstladiLervLDkGvviagDiavsiadveLltiklRllvasvdk 59
                               ss lad+++ +LDkG+vi + + vs++ +eLlti  R+++asvd+
  nat_7ca23b11f7e72b0b7519 18 RSSGLADVIDLILDKGLVIDAFVRVSLLGLELLTIDARIVIASVDT 63
                              6899*****************************************7 PP

>> nat_ad843ea9809d8148ba5d  
   #    score  bias  c-Evalue  i-Evalue hmmfrom  hmm to    alifrom  ali to    envfrom  env to     acc
 ---   ------ ----- --------- --------- ------- -------    ------- -------    ------- -------    ----
   1 !   44.1   0.9   1.2e-12   1.5e-12      15      59 ..      13      57 ..       9      63 .. 0.95

  Alignments for each domain:
  == domain 1  score: 44.1 bits;  conditional E-value: 1.2e-12
                      gvpj 15 sstladiLervLDkGvviagDiavsiadveLltiklRllvasvdk 59
                              ss l d+Le vLD+G+vi + + vs+  +e+l+i +R++vasvd+
  nat_ad843ea9809d8148ba5d 13 SSGLYDVLELVLDRGLVIDAFVRVSLVGIEILKIDVRVVVASVDT 57
                              7889****************************************7 PP

>> nat_4138c2817c5b6dca65ea  
   #    score  bias  c-Evalue  i-Evalue hmmfrom  hmm to    alifrom  ali to    envfrom  env to     acc
 ---   ------ ----- --------- --------- ------- -------    ------- -------    ------- -------    ----
   1 !   44.7   0.5   7.8e-13   9.5e-13      11      59 ..       5      53 ..       2      81 .. 0.93

  Alignments for each domain:
  == domain 1  score: 44.7 bits;  conditional E-value: 7.8e-13
                      gvpj 11 tstssstladiLervLDkGvviagDiavsiadveLltiklRllvasvdk 59
                              + + +s+l+++++r+LDkG+vi     +s++ +eL+t++ R++v+s+++
  nat_4138c2817c5b6dca65ea  5 KCRDGSSLVEVVDRILDKGIVIDVFARISVLGIELITVEARIVVSSIET 53
                              56789******************************************97 PP

>> nat_a283f318c6308a294b6d  
   #    score  bias  c-Evalue  i-Evalue hmmfrom  hmm to    alifrom  ali to    envfrom  env to     acc
 ---   ------ ----- --------- --------- ------- -------    ------- -------    ------- -------    ----
   1 !   44.7   2.2   7.9e-13   9.7e-13      12      59 ..       7      54 ..       3      65 .. 0.93

  Alignments for each domain:
  == domain 1  score: 44.7 bits;  conditional E-value: 7.9e-13
                      gvpj 12 stssstladiLervLDkGvviagDiavsiadveLltiklRllvasvdk 59
                              + ++ tl+d+L+ vLDkGvv+ g + +++a ++L+ i l+llv+sv++
  nat_a283f318c6308a294b6d  7 NGQDVTLVDVLDTVLDKGVVLQGSLVITVAGIDLVYIDLKLLVSSVET 54
                              568899****************************************97 PP

>> nat_76139d5052a6d251dc47  
   #    score  bias  c-Evalue  i-Evalue hmmfrom  hmm to    alifrom  ali to    envfrom  env to     acc
 ---   ------ ----- --------- --------- ------- -------    ------- -------    ------- -------    ----
   1 !   44.7   1.5   8.1e-13   9.9e-13      14      60 ..       7      53 ..       2      59 .. 0.92

  Alignments for each domain:
  == domain 1  score: 44.7 bits;  conditional E-value: 8.1e-13
                      gvpj 14 ssstladiLervLDkGvviagDiavsiadveLltiklRllvasvdka 60
                               +  l+d+L+r+L  Gvvi+gDi++ iadv+L+ i l +l++sv+ a
  nat_76139d5052a6d251dc47  7 REIALVDLLDRLLAGGVVITGDITLRIADVDLVRIDLNALISSVNAA 53
                              55689***************************************988 PP

>> nat_6dbff5a4e8597618f4ab  
   #    score  bias  c-Evalue  i-Evalue hmmfrom  hmm to    alifrom  ali to    envfrom  env to     acc
 ---   ------ ----- --------- --------- ------- -------    ------- -------    ------- -------    ----
   1 !   44.5   0.4   9.1e-13   1.1e-12      12      60 ..      26      74 ..      14      77 .. 0.87

  Alignments for each domain:
  == domain 1  score: 44.5 bits;  conditional E-value: 9.1e-13
                      gvpj 12 stssstladiLervLDkGvviagDiavsiadveLltiklRllvasvdka 60
                              +     l+d+L+r+L  Gvv+agD+ vs+a v+L++i+l l+++sv  a
  nat_6dbff5a4e8597618f4ab 26 DLAPIALVDLLDRLLGSGVVVAGDVVVSLAGVDLVEIRLHLMISSVRAA 74
                              5555679***************************************877 PP

>> nat_ea5746ec582bf06f4e03  
   #    score  bias  c-Evalue  i-Evalue hmmfrom  hmm to    alifrom  ali to    envfrom  env to     acc
 ---   ------ ----- --------- --------- ------- -------    ------- -------    ------- -------    ----
   1 !   44.7   0.8     8e-13   9.8e-13      14      59 ..       5      50 ..       1      64 [. 0.92

  Alignments for each domain:
  == domain 1  score: 44.7 bits;  conditional E-value: 8e-13
                      gvpj 14 ssstladiLervLDkGvviagDiavsiadveLltiklRllvasvdk 59
                               ss+la++L+rvLDkGvv+     vs+  +e+lt++ R++ asvd+
  nat_ea5746ec582bf06f4e03  5 DSSSLAEVLDRVLDKGVVVDIWARVSLVGIEILTVEARVVAASVDT 50
                              689******************************************8 PP

>> nat_bb5cf35be2d320c0ead2  
   #    score  bias  c-Evalue  i-Evalue hmmfrom  hmm to    alifrom  ali to    envfrom  env to     acc
 ---   ------ ----- --------- --------- ------- -------    ------- -------    ------- -------    ----
   1 !   44.6   0.3   8.5e-13     1e-12      11      59 ..      12      60 ..       1     112 [. 0.92

  Alignments for each domain:
  == domain 1  score: 44.6 bits;  conditional E-value: 8.5e-13
                      gvpj 11 tstssstladiLervLDkGvviagDiavsiadveLltiklRllvasvdk 59
                                 sss l+d+++ +LDkG+vi   + vs+  +eLlti  R+++asvd+
  nat_bb5cf35be2d320c0ead2 12 DRPSSSGLVDVVDLILDKGLVIDIYVRVSLVGIELLTIDARIVIASVDT 60
                              556899******************************************7 PP

>> nat_3ca681349695f8ed3ee4  
   #    score  bias  c-Evalue  i-Evalue hmmfrom  hmm to    alifrom  ali to    envfrom  env to     acc
 ---   ------ ----- --------- --------- ------- -------    ------- -------    ------- -------    ----
   1 !   44.1   0.7   1.2e-12   1.5e-12      10      59 ..      11      60 ..       1      72 [. 0.89

  Alignments for each domain:
  == domain 1  score: 44.1 bits;  conditional E-value: 1.2e-12
                      gvpj 10 ktstssstladiLervLDkGvviagDiavsiadveLltiklRllvasvdk 59
                                  sss la++++ +LDkG+vi   + vs+  +eLlti  R++vasvd+
  nat_3ca681349695f8ed3ee4 11 LDRPSSSGLAEVVDLILDKGLVIDIWVRVSLVGIELLTIDARIVVASVDT 60
                              5566899******************************************7 PP

>> nat_370aa86e30267a3a072e  
   #    score  bias  c-Evalue  i-Evalue hmmfrom  hmm to    alifrom  ali to    envfrom  env to     acc
 ---   ------ ----- --------- --------- ------- -------    ------- -------    ------- -------    ----
   1 !   44.6   0.3   8.5e-13     1e-12      11      59 ..      12      60 ..       1     112 [. 0.92

  Alignments for each domain:
  == domain 1  score: 44.6 bits;  conditional E-value: 8.5e-13
                      gvpj 11 tstssstladiLervLDkGvviagDiavsiadveLltiklRllvasvdk 59
                                 sss l+d+++ +LDkG+vi   + vs+  +eLlti  R+++asvd+
  nat_370aa86e30267a3a072e 12 DRPSSSGLVDVVDLILDKGLVIDIYVRVSLVGIELLTIDARIVIASVDT 60
                              556899******************************************7 PP

>> nat_e9a0f84c227e1492bb83  
   #    score  bias  c-Evalue  i-Evalue hmmfrom  hmm to    alifrom  ali to    envfrom  env to     acc
 ---   ------ ----- --------- --------- ------- -------    ------- -------    ------- -------    ----
   1 !   44.5   1.0   9.1e-13   1.1e-12       9      60 ..       4      55 ..       1      82 [. 0.87

  Alignments for each domain:
  == domain 1  score: 44.5 bits;  conditional E-value: 9.1e-13
                      gvpj  9 iktstssstladiLervLDkGvviagDiavsiadveLltiklRllvasvdka 60
                              i++st ss+la+++  +LDkG+vi    +vs+  + Ll+++ R+++asv++ 
  nat_e9a0f84c227e1492bb83  4 IQKSTDSSSLAEVVSIILDKGIVIDVWATVSLVGIQLLAVEARVVIASVETY 55
                              78999********************************************984 PP

>> nat_261427cf6474f66e5844  
   #    score  bias  c-Evalue  i-Evalue hmmfrom  hmm to    alifrom  ali to    envfrom  env to     acc
 ---   ------ ----- --------- --------- ------- -------    ------- -------    ------- -------    ----
   1 !   44.5   0.9   9.1e-13   1.1e-12       9      60 ..       4      55 ..       1      83 [. 0.89

  Alignments for each domain:
  == domain 1  score: 44.5 bits;  conditional E-value: 9.1e-13
                      gvpj  9 iktstssstladiLervLDkGvviagDiavsiadveLltiklRllvasvdka 60
                              i++st ss+la+++  +LDkG+vi    +vs+  + Ll+++ R+++asv++ 
  nat_261427cf6474f66e5844  4 IQKSTDSSSLAEVVSIILDKGIVIDVWATVSLVGIQLLAVEARVVIASVETY 55
                              78999********************************************984 PP

>> nat_11cdda0e14dc63f88e35  
   #    score  bias  c-Evalue  i-Evalue hmmfrom  hmm to    alifrom  ali to    envfrom  env to     acc
 ---   ------ ----- --------- --------- ------- -------    ------- -------    ------- -------    ----
   1 !   43.9   0.3   1.4e-12   1.7e-12       4      59 ..       4      60 ..       1      80 [. 0.89

  Alignments for each domain:
  == domain 1  score: 43.9 bits;  conditional E-value: 1.4e-12
                      gvpj  4 arp.saiktstssstladiLervLDkGvviagDiavsiadveLltiklRllvasvdk 59
                              a p s +    ss+ la++++ +LDkG+vi   + vs+  +eLlti  R+++asvd+
  nat_11cdda0e14dc63f88e35  4 ASPgSRYLDRPSSGGLAEVVDLILDKGLVIDIYVRVSLVGIELLTIDARIVIASVDT 60
                              555455566678999*****************************************7 PP

>> nat_5259c19a1d657c540490  
   #    score  bias  c-Evalue  i-Evalue hmmfrom  hmm to    alifrom  ali to    envfrom  env to     acc
 ---   ------ ----- --------- --------- ------- -------    ------- -------    ------- -------    ----
   1 !   44.0   0.2   1.3e-12   1.6e-12       3      58 ..       8      62 ..       6      67 .. 0.89

  Alignments for each domain:
  == domain 1  score: 44.0 bits;  conditional E-value: 1.3e-12
                      gvpj  3 tarpsaiktstssstladiLervLDkGvviagDiavsiadveLltiklRllvasvd 58
                              +arp++  ++++   l+d+L+r+L  Gvv++gD+ +siad++L+ i lR+l+ sv 
  nat_5259c19a1d657c540490  8 PARPETAVPQRQ-VALIDLLDRLLSGGVVLTGDLVLSIADIDLVRISLRALIVSVS 62
                              678888777765.5799*************************************96 PP

>> nat_d565583d15eb6f192c57  
   #    score  bias  c-Evalue  i-Evalue hmmfrom  hmm to    alifrom  ali to    envfrom  env to     acc
 ---   ------ ----- --------- --------- ------- -------    ------- -------    ------- -------    ----
   1 !   44.3   0.4   1.1e-12   1.3e-12       8      59 ..       2      53 ..       1      64 [. 0.92

  Alignments for each domain:
  == domain 1  score: 44.3 bits;  conditional E-value: 1.1e-12
                      gvpj  8 aiktstssstladiLervLDkGvviagDiavsiadveLltiklRllvasvdk 59
                              a+kt    s la++++r+L +Gvvi +   vs++ +eLl+i+ R++vasv++
  nat_d565583d15eb6f192c57  2 AVKTALAPSGLAEVIDRILTQGVVIDAWARVSVLGLELLAIEARVVVASVET 53
                              78899999******************************************97 PP

>> nat_63d39c2e5861daa31f41  
   #    score  bias  c-Evalue  i-Evalue hmmfrom  hmm to    alifrom  ali to    envfrom  env to     acc
 ---   ------ ----- --------- --------- ------- -------    ------- -------    ------- -------    ----
   1 !   44.1   1.2   1.2e-12   1.4e-12       9      59 ..       3      50 ..       1      69 [. 0.90

  Alignments for each domain:
  == domain 1  score: 44.1 bits;  conditional E-value: 1.2e-12
                      gvpj  9 iktstssstladiLervLDkGvviagDiavsiadveLltiklRllvasvdk 59
                              i++st ss+la++++r+LDkG+vi +   v+i   e+lti+ R+++asvd+
  nat_63d39c2e5861daa31f41  3 IQKSTDSSSLAEVIDRILDKGIVIDAFARVGI---EILTIEARVVIASVDT 50
                              7899*********************9999985...9**************8 PP

>> nat_d3c36edb3c6b427867e3  
   #    score  bias  c-Evalue  i-Evalue hmmfrom  hmm to    alifrom  ali to    envfrom  env to     acc
 ---   ------ ----- --------- --------- ------- -------    ------- -------    ------- -------    ----
   1 !   43.4   0.7   1.9e-12   2.4e-12      14      59 ..      19      64 ..       6      69 .. 0.94

  Alignments for each domain:
  == domain 1  score: 43.4 bits;  conditional E-value: 1.9e-12
                      gvpj 14 ssstladiLervLDkGvviagDiavsiadveLltiklRllvasvdk 59
                               +s+l d+Le +LD+G+vi   i +s+  +eL++i  R++vasvd+
  nat_d3c36edb3c6b427867e3 19 GGSSLYDVLELILDRGLVIDIFIRISVVGIELIKIDARIVVASVDT 64
                              6899*****************************************7 PP

>> nat_fde7addd3bf07688f196  
   #    score  bias  c-Evalue  i-Evalue hmmfrom  hmm to    alifrom  ali to    envfrom  env to     acc
 ---   ------ ----- --------- --------- ------- -------    ------- -------    ------- -------    ----
   1 !   44.1   0.6   1.2e-12   1.5e-12       9      59 ..       3      53 ..       1      82 [. 0.93

  Alignments for each domain:
  == domain 1  score: 44.1 bits;  conditional E-value: 1.2e-12
                      gvpj  9 iktstssstladiLervLDkGvviagDiavsiadveLltiklRllvasvdk 59
                              +k+   +s+l+++++r+LDkG+vi    ++s++ +eL+t+  R++v+s+++
  nat_fde7addd3bf07688f196  3 VKKYSDGSSLVEVVDRILDKGIVIDVYAKISVLGLELITVDARIVVSSIET 53
                              5667889******************************************97 PP

>> nat_1ad342624de277274295  
   #    score  bias  c-Evalue  i-Evalue hmmfrom  hmm to    alifrom  ali to    envfrom  env to     acc
 ---   ------ ----- --------- --------- ------- -------    ------- -------    ------- -------    ----
   1 !   43.6   0.9   1.7e-12   2.1e-12       9      59 ..      10      60 ..       1      72 [. 0.89

  Alignments for each domain:
  == domain 1  score: 43.6 bits;  conditional E-value: 1.7e-12
                      gvpj  9 iktstssstladiLervLDkGvviagDiavsiadveLltiklRllvasvdk 59
                              + +  s+s la++++ +LDkG+vi   + vs+  +eLlti  R++vasvd+
  nat_1ad342624de277274295 10 YLERPSTSGLAEVVDLILDKGLVIDIFVRVSVVGIELLTIDARIVVASVDT 60
                              555668899*****************************************7 PP

>> nat_47d50311ddb9a7300429  
   #    score  bias  c-Evalue  i-Evalue hmmfrom  hmm to    alifrom  ali to    envfrom  env to     acc
 ---   ------ ----- --------- --------- ------- -------    ------- -------    ------- -------    ----
   1 !   44.0   0.7   1.3e-12   1.6e-12      10      59 ..       4      53 ..       1      82 [. 0.93

  Alignments for each domain:
  == domain 1  score: 44.0 bits;  conditional E-value: 1.3e-12
                      gvpj 10 ktstssstladiLervLDkGvviagDiavsiadveLltiklRllvasvdk 59
                              k+   +s+l+++++r+LDkG+vi    ++s++ +eL+t+  R++v+s+++
  nat_47d50311ddb9a7300429  4 KKCSDGSSLVEVVDRILDKGIVIDVYAKISVLGLELITVDARIVVSSIET 53
                              667789******************************************97 PP

>> nat_55c9bd284093601349bc  
   #    score  bias  c-Evalue  i-Evalue hmmfrom  hmm to    alifrom  ali to    envfrom  env to     acc
 ---   ------ ----- --------- --------- ------- -------    ------- -------    ------- -------    ----
   1 !   43.7   0.2   1.6e-12     2e-12      17      58 ..      31      72 ..      15      77 .. 0.94

  Alignments for each domain:
  == domain 1  score: 43.7 bits;  conditional E-value: 1.6e-12
                      gvpj 17 tladiLervLDkGvviagDiavsiadveLltiklRllvasvd 58
                               l+d+L+r+L  Gvvi+gDi +siad++L++i lR+l+ sv 
  nat_55c9bd284093601349bc 31 ALVDLLDRLLAGGVVITGDIVLSIADIDLVHISLRALLGSVR 72
                              79*************************************995 PP

>> nat_cf2b86e8ceab5f9ee1d8  
   #    score  bias  c-Evalue  i-Evalue hmmfrom  hmm to    alifrom  ali to    envfrom  env to     acc
 ---   ------ ----- --------- --------- ------- -------    ------- -------    ------- -------    ----
   1 !   43.4   1.0   1.9e-12   2.4e-12      11      59 ..      12      60 ..       1      72 [. 0.91

  Alignments for each domain:
  == domain 1  score: 43.4 bits;  conditional E-value: 1.9e-12
                      gvpj 11 tstssstladiLervLDkGvviagDiavsiadveLltiklRllvasvdk 59
                                 sss l+d+++ +LDkG+vi   + vs+  +eLlti  R+++asvd+
  nat_cf2b86e8ceab5f9ee1d8 12 DRPSSSGLVDVVDLILDKGLVIDIYVRVSLVGIELLTIDARIVIASVDT 60
                              556899******************************************7 PP

>> nat_7dbf168b0a730e9f7293  
   #    score  bias  c-Evalue  i-Evalue hmmfrom  hmm to    alifrom  ali to    envfrom  env to     acc
 ---   ------ ----- --------- --------- ------- -------    ------- -------    ------- -------    ----
   1 !   43.3   2.3   2.2e-12   2.7e-12      14      59 ..       8      53 ..       2      69 .. 0.93

  Alignments for each domain:
  == domain 1  score: 43.3 bits;  conditional E-value: 2.2e-12
                      gvpj 14 ssstladiLervLDkGvviagDiavsiadveLltiklRllvasvdk 59
                               ++ la+ L+ +LDkG+vi + + vs+  +eLlti++++++asvd+
  nat_7dbf168b0a730e9f7293  8 AQGGLAEALNILLDKGLVIDATVRVSLIGIELLTIQVKVVIASVDT 53
                              5789*****************************************8 PP

>> nat_ebb2fb66a808274ef5cf  
   #    score  bias  c-Evalue  i-Evalue hmmfrom  hmm to    alifrom  ali to    envfrom  env to     acc
 ---   ------ ----- --------- --------- ------- -------    ------- -------    ------- -------    ----
   1 !   43.8   0.5   1.5e-12   1.8e-12      12      60 ..       4      52 ..       1      77 [. 0.90

  Alignments for each domain:
  == domain 1  score: 43.8 bits;  conditional E-value: 1.5e-12
                      gvpj 12 stssstladiLervLDkGvviagDiavsiadveLltiklRllvasvdka 60
                              +  s++la++L+r+LDkG+v+     vs+  +e+lt++ R++ asvd+ 
  nat_ebb2fb66a808274ef5cf  4 TPDSTSLAEVLDRILDKGIVVDIWARVSVVGIEILTVEARIVAASVDTF 52
                              567899*****************************************85 PP

>> nat_ad18f8d7fabecf9750fb  
   #    score  bias  c-Evalue  i-Evalue hmmfrom  hmm to    alifrom  ali to    envfrom  env to     acc
 ---   ------ ----- --------- --------- ------- -------    ------- -------    ------- -------    ----
   1 !   43.7   1.4   1.6e-12     2e-12      13      60 ..      15      62 ..       1      77 [. 0.88

  Alignments for each domain:
  == domain 1  score: 43.7 bits;  conditional E-value: 1.6e-12
                      gvpj 13 tssstladiLervLDkGvviagDiavsiadveLltiklRllvasvdka 60
                               s+++la++L+r+LDkG vi   i vs+  +e+lt++ R+++ svd+ 
  nat_ad18f8d7fabecf9750fb 15 PSTTSLAEVLDRILDKGAVIDLWIRVSLVGIEILTVEARVVIGSVDTF 62
                              46779*****************************************84 PP

>> nat_f6ad48ba3d6950d55fac  
   #    score  bias  c-Evalue  i-Evalue hmmfrom  hmm to    alifrom  ali to    envfrom  env to     acc
 ---   ------ ----- --------- --------- ------- -------    ------- -------    ------- -------    ----
   1 !   43.5   0.2   1.8e-12   2.2e-12      14      59 ..      14      59 ..       1      91 [. 0.93

  Alignments for each domain:
  == domain 1  score: 43.5 bits;  conditional E-value: 1.8e-12
                      gvpj 14 ssstladiLervLDkGvviagDiavsiadveLltiklRllvasvdk 59
                               +++l d+Le +LD+G+vi + + vs+  +e+l+i  R++vasvd+
  nat_f6ad48ba3d6950d55fac 14 GGGNLYDVLELILDRGLVIDAFVRVSLVGIEILKIDARVVVASVDT 59
                              5789*****************************************7 PP

>> nat_ac44a557fbffad89a437  
   #    score  bias  c-Evalue  i-Evalue hmmfrom  hmm to    alifrom  ali to    envfrom  env to     acc
 ---   ------ ----- --------- --------- ------- -------    ------- -------    ------- -------    ----
   1 !   43.7   0.6   1.6e-12     2e-12      14      59 ..       5      50 ..       1      64 [. 0.92

  Alignments for each domain:
  == domain 1  score: 43.7 bits;  conditional E-value: 1.6e-12
                      gvpj 14 ssstladiLervLDkGvviagDiavsiadveLltiklRllvasvdk 59
                               ss+la++L+rvLDkGvv+     +s+  +e+lt++ R++ asvd+
  nat_ac44a557fbffad89a437  5 DSSSLAEVLDRVLDKGVVVDVYARLSLVGIEILTVEARVVAASVDT 50
                              689******************************************8 PP

>> nat_fdd3e74cd40aa7354461  
   #    score  bias  c-Evalue  i-Evalue hmmfrom  hmm to    alifrom  ali to    envfrom  env to     acc
 ---   ------ ----- --------- --------- ------- -------    ------- -------    ------- -------    ----
   1 !   43.5   0.2   1.8e-12   2.2e-12      14      59 ..      16      61 ..       4      65 .. 0.92

  Alignments for each domain:
  == domain 1  score: 43.5 bits;  conditional E-value: 1.8e-12
                      gvpj 14 ssstladiLervLDkGvviagDiavsiadveLltiklRllvasvdk 59
                               +  l+d+L+r+L  Gvvi+gD+ +s+ad++L+ + lR+l+ svd 
  nat_fdd3e74cd40aa7354461 16 RQVALIDLLDRLLSGGVVITGDVLLSVADIDLVRVSLRALIVSVDA 61
                              56789***************************************95 PP

>> nat_824a3264c546dbd7013f  
   #    score  bias  c-Evalue  i-Evalue hmmfrom  hmm to    alifrom  ali to    envfrom  env to     acc
 ---   ------ ----- --------- --------- ------- -------    ------- -------    ------- -------    ----
   1 !   43.6   1.9   1.7e-12   2.1e-12      13      60 ..      15      62 ..       1      95 [. 0.87

  Alignments for each domain:
  == domain 1  score: 43.6 bits;  conditional E-value: 1.7e-12
                      gvpj 13 tssstladiLervLDkGvviagDiavsiadveLltiklRllvasvdka 60
                               s+++la++L+r+LDkG vi   i vs+  +e+lt++ R+++ svd+ 
  nat_824a3264c546dbd7013f 15 PSTTSLAEVLDRILDKGAVIDLWIRVSLVGIEILTVEARVVIGSVDTF 62
                              46779*****************************************85 PP

>> nat_0ebe1baa66ad5d5cb860  
   #    score  bias  c-Evalue  i-Evalue hmmfrom  hmm to    alifrom  ali to    envfrom  env to     acc
 ---   ------ ----- --------- --------- ------- -------    ------- -------    ------- -------    ----
   1 !   43.2   3.2   2.2e-12   2.7e-12      16      59 ..      19      62 ..      13      67 .. 0.93

  Alignments for each domain:
  == domain 1  score: 43.2 bits;  conditional E-value: 2.2e-12
                      gvpj 16 stladiLervLDkGvviagDiavsiadveLltiklRllvasvdk 59
                              + lad+++ +LDkG+vi + + vs+  +eLlti  R++vasvd+
  nat_0ebe1baa66ad5d5cb860 19 TGLADVIDTILDKGLVIDAYVRVSLVGIELLTIDARIVVASVDT 62
                              579****************************************7 PP

>> nat_4329fc20815a3de16628  
   #    score  bias  c-Evalue  i-Evalue hmmfrom  hmm to    alifrom  ali to    envfrom  env to     acc
 ---   ------ ----- --------- --------- ------- -------    ------- -------    ------- -------    ----
   1 !   43.4   4.9   1.9e-12   2.4e-12      13      64 ..       9      60 ..       2      84 .] 0.78

  Alignments for each domain:
  == domain 1  score: 43.4 bits;  conditional E-value: 1.9e-12
                      gvpj 13 tssstladiLervLDkGvviagDiavsiadveLltiklRllvasvdkakeiG 64
                              +++  l+d+L+ vLDkGv + gD+ +sia ++L+ + lRll+asv++  e  
  nat_4329fc20815a3de16628  9 NKEVGLVDVLDVVLDKGVALKGDLIISIAGIDLVYLDLRLLIASVETLIEQD 60
                              556779****************************************977654 PP

>> nat_fd49c343614a605c0f40  
   #    score  bias  c-Evalue  i-Evalue hmmfrom  hmm to    alifrom  ali to    envfrom  env to     acc
 ---   ------ ----- --------- --------- ------- -------    ------- -------    ------- -------    ----
   1 !   43.4   2.1     2e-12   2.5e-12       9      59 ..       3      53 ..       1      62 [. 0.95

  Alignments for each domain:
  == domain 1  score: 43.4 bits;  conditional E-value: 2e-12
                      gvpj  9 iktstssstladiLervLDkGvviagDiavsiadveLltiklRllvasvdk 59
                              +k+++ +s+l+++++r+LDkG+vi    ++s++ +e++t++ R++v+s+++
  nat_fd49c343614a605c0f40  3 VKKNNDGSSLVEVIDRILDKGIVIDVYAKISVLGLEVITVEARIVVSSIET 53
                              78999********************************************97 PP

>> nat_30a43eef2b89a9b85418  
   #    score  bias  c-Evalue  i-Evalue hmmfrom  hmm to    alifrom  ali to    envfrom  env to     acc
 ---   ------ ----- --------- --------- ------- -------    ------- -------    ------- -------    ----
   1 !   43.4   0.9     2e-12   2.5e-12      17      57 ..      11      51 ..       3      59 .. 0.93

  Alignments for each domain:
  == domain 1  score: 43.4 bits;  conditional E-value: 2e-12
                      gvpj 17 tladiLervLDkGvviagDiavsiadveLltiklRllvasv 57
                               l+d+L+rvL  Gvvi+gDi +s+adv++++i lR+l++s+
  nat_30a43eef2b89a9b85418 11 ALIDLLDRVLAGGVVISGDIRLSLADVDMVQISLRALISSI 51
                              699*************************************8 PP

>> nat_1928e65272069bd9fa51  
   #    score  bias  c-Evalue  i-Evalue hmmfrom  hmm to    alifrom  ali to    envfrom  env to     acc
 ---   ------ ----- --------- --------- ------- -------    ------- -------    ------- -------    ----
   1 !   42.6   0.2   3.5e-12   4.3e-12      15      59 ..      15      59 ..       2      76 .. 0.93

  Alignments for each domain:
  == domain 1  score: 42.6 bits;  conditional E-value: 3.5e-12
                      gvpj 15 sstladiLervLDkGvviagDiavsiadveLltiklRllvasvdk 59
                              ss l d++e +LD+G+vi + + vs+  +e+l+i +R++vasvd+
  nat_1928e65272069bd9fa51 15 SSGLYDVVELILDRGLVIDAFVRVSLVGIEILKIDVRVVVASVDT 59
                              7899****************************************7 PP

>> nat_26e90ce65ed710949c06  
   #    score  bias  c-Evalue  i-Evalue hmmfrom  hmm to    alifrom  ali to    envfrom  env to     acc
 ---   ------ ----- --------- --------- ------- -------    ------- -------    ------- -------    ----
   1 !   43.3   3.1   2.1e-12   2.5e-12      11      59 ..       5      53 ..       2      64 .. 0.93

  Alignments for each domain:
  == domain 1  score: 43.3 bits;  conditional E-value: 2.1e-12
                      gvpj 11 tstssstladiLervLDkGvviagDiavsiadveLltiklRllvasvdk 59
                              + + +s+l+++++r+LDkG+vi     vs++ veLlt++ R++v+s+++
  nat_26e90ce65ed710949c06  5 KCRDGSSLVEVVDRILDKGIVIDVFARVSVLGVELLTVEARIIVSSIET 53
                              56789******************************************97 PP

>> nat_cc5b8e3667bee7376c85  
   #    score  bias  c-Evalue  i-Evalue hmmfrom  hmm to    alifrom  ali to    envfrom  env to     acc
 ---   ------ ----- --------- --------- ------- -------    ------- -------    ------- -------    ----
   1 !   43.3   1.6   2.1e-12   2.5e-12       8      60 ..       3      55 ..       1      78 [. 0.89

  Alignments for each domain:
  == domain 1  score: 43.3 bits;  conditional E-value: 2.1e-12
                      gvpj  8 aiktstssstladiLervLDkGvviagDiavsiadveLltiklRllvasvdka 60
                              ai +st ss+la+++  +LDkG+vi    +vs+  + +l+++ R+++asv++ 
  nat_cc5b8e3667bee7376c85  3 AITKSTDSSSLAEVISIILDKGIVIDVWATVSLVGIQILSVEARVVIASVETY 55
                              78999*********************************************973 PP

>> nat_a62ba34ed245e06a2975  
   #    score  bias  c-Evalue  i-Evalue hmmfrom  hmm to    alifrom  ali to    envfrom  env to     acc
 ---   ------ ----- --------- --------- ------- -------    ------- -------    ------- -------    ----
   1 !   43.3   2.0   2.1e-12   2.6e-12       8      59 ..       2      52 ..       1      65 [. 0.92

  Alignments for each domain:
  == domain 1  score: 43.3 bits;  conditional E-value: 2.1e-12
                      gvpj  8 aiktstssstladiLervLDkGvviagDiavsiadveLltiklRllvasvdk 59
                              a+++++sss+la++++r+L+ G+vi + + vs+  +eL++i+ R+++asv++
  nat_a62ba34ed245e06a2975  2 AVEKTNSSSSLAEVIDRILE-GIVIDAWVRVSLVGIELIAIEARIVIASVET 52
                              78999**************6.*****************************97 PP

>> nat_09f47a4c9a94b657ae7d  
   #    score  bias  c-Evalue  i-Evalue hmmfrom  hmm to    alifrom  ali to    envfrom  env to     acc
 ---   ------ ----- --------- --------- ------- -------    ------- -------    ------- -------    ----
   1 !   43.4   0.7     2e-12   2.5e-12      10      59 ..       4      53 ..       1      82 [. 0.93

  Alignments for each domain:
  == domain 1  score: 43.4 bits;  conditional E-value: 2e-12
                      gvpj 10 ktstssstladiLervLDkGvviagDiavsiadveLltiklRllvasvdk 59
                              k+   +s+l+++++r+LDkG+vi    ++s++ +eL+t+  R++v+s+++
  nat_09f47a4c9a94b657ae7d  4 KKCSDGSSLVEVVDRILDKGIVIDIYAKISVLGLELITVDARIVVSSIET 53
                              667789******************************************97 PP

>> nat_36dfac4b8d65f9e057be  
   #    score  bias  c-Evalue  i-Evalue hmmfrom  hmm to    alifrom  ali to    envfrom  env to     acc
 ---   ------ ----- --------- --------- ------- -------    ------- -------    ------- -------    ----
   1 !   43.3   0.0   2.1e-12   2.6e-12      13      58 ..      16      61 ..       1      69 [. 0.89

  Alignments for each domain:
  == domain 1  score: 43.3 bits;  conditional E-value: 2.1e-12
                      gvpj 13 tssstladiLervLDkGvviagDiavsiadveLltiklRllvasvd 58
                              + +  l+d+L+r+L  G viagD+++ ia+v+L+ i lR+l++sv+
  nat_36dfac4b8d65f9e057be 16 ERQIALVDLLDRLLAGGAVIAGDLTLRIAEVDLVRIDLRALISSVN 61
                              56778****************************************8 PP

>> nat_99653906bbbaa3567e58  
   #    score  bias  c-Evalue  i-Evalue hmmfrom  hmm to    alifrom  ali to    envfrom  env to     acc
 ---   ------ ----- --------- --------- ------- -------    ------- -------    ------- -------    ----
   1 !   43.2   0.9   2.3e-12   2.8e-12       8      61 ..       3      56 ..       1      74 [. 0.90

  Alignments for each domain:
  == domain 1  score: 43.2 bits;  conditional E-value: 2.3e-12
                      gvpj  8 aiktstssstladiLervLDkGvviagDiavsiadveLltiklRllvasvdkak 61
                              ai++s  ss+la+++  +LDkGvvi     vs+  + L+ i+ R+++asvd+  
  nat_99653906bbbaa3567e58  3 AIQKSVDSSSLAEVIYLILDKGVVIDIWACVSLVGIRLIDIEARIVIASVDTWL 56
                              89999**********************************************844 PP

>> nat_99a07129f51bd6011cb7  
   #    score  bias  c-Evalue  i-Evalue hmmfrom  hmm to    alifrom  ali to    envfrom  env to     acc
 ---   ------ ----- --------- --------- ------- -------    ------- -------    ------- -------    ----
   1 !   42.6   0.1   3.5e-12   4.3e-12      14      59 ..      16      61 ..       5      97 .. 0.94

  Alignments for each domain:
  == domain 1  score: 42.6 bits;  conditional E-value: 3.5e-12
                      gvpj 14 ssstladiLervLDkGvviagDiavsiadveLltiklRllvasvdk 59
                               +++l d+Le +LD+G+vi   i vs+  +e+l+i  R++vasvd+
  nat_99a07129f51bd6011cb7 16 GGGSLYDVLELILDRGLVIDVFIRVSLVGIEILKIDARIVVASVDT 61
                              5789*****************************************7 PP

>> nat_1a264ded2f369ea42fdd  
   #    score  bias  c-Evalue  i-Evalue hmmfrom  hmm to    alifrom  ali to    envfrom  env to     acc
 ---   ------ ----- --------- --------- ------- -------    ------- -------    ------- -------    ----
   1 !   42.3   4.3   4.4e-12   5.4e-12      12      60 ..       5      53 ..       1      84 [. 0.89

  Alignments for each domain:
  == domain 1  score: 42.3 bits;  conditional E-value: 4.4e-12
                      gvpj 12 stssstladiLervLDkGvviagDiavsiadveLltiklRllvasvdka 60
                                ++s+la++L+r+LDkG vi     vs+  +e+lt++ R+++asvd+ 
  nat_1a264ded2f369ea42fdd  5 RPTTSSLAEVLDRILDKGCVIDIWARVSLVGIEILTVEARIVIASVDTF 53
                              45789******************************************85 PP

>> nat_13943ba848a919563021  
   #    score  bias  c-Evalue  i-Evalue hmmfrom  hmm to    alifrom  ali to    envfrom  env to     acc
 ---   ------ ----- --------- --------- ------- -------    ------- -------    ------- -------    ----
   1 !   42.9   0.3   2.9e-12   3.5e-12      16      57 ..      29      70 ..      17      77 .. 0.88

  Alignments for each domain:
  == domain 1  score: 42.9 bits;  conditional E-value: 2.9e-12
                      gvpj 16 stladiLervLDkGvviagDiavsiadveLltiklRllvasv 57
                                l+d+L+r+L  Gvv+agD+ vs+a v+L++i+l ll++sv
  nat_13943ba848a919563021 29 IGLVDLLDRLLGAGVVVAGDVVVSLAGVDLVEIRLQLLISSV 70
                              569**************************************9 PP

>> nat_492e347eb26b4c87a4d1  
   #    score  bias  c-Evalue  i-Evalue hmmfrom  hmm to    alifrom  ali to    envfrom  env to     acc
 ---   ------ ----- --------- --------- ------- -------    ------- -------    ------- -------    ----
   1 !   43.1   0.7   2.5e-12     3e-12      12      59 ..      17      64 ..       7      69 .. 0.94

  Alignments for each domain:
  == domain 1  score: 43.1 bits;  conditional E-value: 2.5e-12
                      gvpj 12 stssstladiLervLDkGvviagDiavsiadveLltiklRllvasvdk 59
                              st +s+l d+Le +LD+G+vi   + +s+  +eL++i  R++vasvd+
  nat_492e347eb26b4c87a4d1 17 STGGSSLYDVLELILDRGLVIDVFVRISVVGIELIKIDARIVVASVDT 64
                              57799******************************************7 PP

>> nat_3dee88ac2224aeef66c6  
   #    score  bias  c-Evalue  i-Evalue hmmfrom  hmm to    alifrom  ali to    envfrom  env to     acc
 ---   ------ ----- --------- --------- ------- -------    ------- -------    ------- -------    ----
   1 !   42.2   0.5   4.6e-12   5.6e-12      13      59 ..      18      64 ..       3      69 .. 0.92

  Alignments for each domain:
  == domain 1  score: 42.2 bits;  conditional E-value: 4.6e-12
                      gvpj 13 tssstladiLervLDkGvviagDiavsiadveLltiklRllvasvdk 59
                              t +s+l d+Le +LD+G+vi   + +s+  +eL++i  R++vasvd+
  nat_3dee88ac2224aeef66c6 18 TGGSSLYDVLELILDRGLVIDIFVRISVVGIELIKIDARIVVASVDT 64
                              56899*****************************************7 PP

>> nat_dabe1f4728c04495925e  
   #    score  bias  c-Evalue  i-Evalue hmmfrom  hmm to    alifrom  ali to    envfrom  env to     acc
 ---   ------ ----- --------- --------- ------- -------    ------- -------    ------- -------    ----
   1 !   42.6   2.5   3.4e-12   4.1e-12      13      59 ..      12      58 ..       1     124 [. 0.93

  Alignments for each domain:
  == domain 1  score: 42.6 bits;  conditional E-value: 3.4e-12
                      gvpj 13 tssstladiLervLDkGvviagDiavsiadveLltiklRllvasvdk 59
                                ss l d+Le vLD+G+vi + + vs+  +e+l++ +R++vasvd+
  nat_dabe1f4728c04495925e 12 GGSSGLYDVLELVLDRGLVIDAFVRVSLVGIEILKVDVRVVVASVDT 58
                              45789*****************************************7 PP

>> nat_b350b25ce7c0236b621b  
   #    score  bias  c-Evalue  i-Evalue hmmfrom  hmm to    alifrom  ali to    envfrom  env to     acc
 ---   ------ ----- --------- --------- ------- -------    ------- -------    ------- -------    ----
   1 !   42.7   0.4   3.2e-12     4e-12      12      58 ..      11      57 ..       1      62 [. 0.89

  Alignments for each domain:
  == domain 1  score: 42.7 bits;  conditional E-value: 3.2e-12
                      gvpj 12 stssstladiLervLDkGvviagDiavsiadveLltiklRllvasvd 58
                               + +  l+d+L+r+L  Gvv++gD+ +siad++L+ + lR+l+ sv 
  nat_b350b25ce7c0236b621b 11 AQRQVALVDLLDRLLSGGVVVTGDVVLSIADIDLVRVSLRALIVSVS 57
                              567889***************************************96 PP

>> nat_b5d750fdff6867b5af57  
   #    score  bias  c-Evalue  i-Evalue hmmfrom  hmm to    alifrom  ali to    envfrom  env to     acc
 ---   ------ ----- --------- --------- ------- -------    ------- -------    ------- -------    ----
   1 !   42.6   0.1   3.5e-12   4.3e-12      17      68 ..      13      64 ..       7      72 .. 0.87

  Alignments for each domain:
  == domain 1  score: 42.6 bits;  conditional E-value: 3.5e-12
                      gvpj 17 tladiLervLDkGvviagDiavsiadveLltiklRllvasvdkakeiGldww 68
                              +l+d+L+r+L  Gvv+agD+++ iadv+L+ i l +l++s+d       + w
  nat_b5d750fdff6867b5af57 13 SLVDLLDRLLVGGVVVAGDLTLRIADVDLVRIDLHALISSIDDQVPAPWEPW 64
                              79***************************************98665555555 PP

>> nat_65113288b099887ef152  
   #    score  bias  c-Evalue  i-Evalue hmmfrom  hmm to    alifrom  ali to    envfrom  env to     acc
 ---   ------ ----- --------- --------- ------- -------    ------- -------    ------- -------    ----
   1 !   42.7   0.6   3.3e-12   4.1e-12      13      60 ..      15      62 ..       1      89 [. 0.88

  Alignments for each domain:
  == domain 1  score: 42.7 bits;  conditional E-value: 3.3e-12
                      gvpj 13 tssstladiLervLDkGvviagDiavsiadveLltiklRllvasvdka 60
                               s+++la++L+r+LDkG vi     vs+  +e+lti+ R+++ svd+ 
  nat_65113288b099887ef152 15 PSTTSLAEVLDRILDKGAVIDLWARVSLVGIEILTIEARVVIGSVDTF 62
                              46779*****************************************85 PP

>> nat_4fd9125da4c05324fca8  
   #    score  bias  c-Evalue  i-Evalue hmmfrom  hmm to    alifrom  ali to    envfrom  env to     acc
 ---   ------ ----- --------- --------- ------- -------    ------- -------    ------- -------    ----
   1 !   42.6   0.5   3.5e-12   4.3e-12      10      63 ..       7      60 ..       1      64 [. 0.90

  Alignments for each domain:
  == domain 1  score: 42.6 bits;  conditional E-value: 3.5e-12
                      gvpj 10 ktstssstladiLervLDkGvviagDiavsiadveLltiklRllvasvdkakei 63
                                s+ +++lad+L+r++D+G v++gD+ +++a ++L+ + lRll+  +++a e+
  nat_4fd9125da4c05324fca8  7 LASNGGTSLADLLDRIVDRGAVVSGDVIIQLAGIDLIRLDLRLLLVGIETAHEL 60
                              45667899*******************************************996 PP

>> nat_cf176e85bcb7fcecce87  
   #    score  bias  c-Evalue  i-Evalue hmmfrom  hmm to    alifrom  ali to    envfrom  env to     acc
 ---   ------ ----- --------- --------- ------- -------    ------- -------    ------- -------    ----
   1 !   42.3   1.7   4.2e-12   5.2e-12      14      59 ..      16      61 ..       5      66 .. 0.93

  Alignments for each domain:
  == domain 1  score: 42.3 bits;  conditional E-value: 4.2e-12
                      gvpj 14 ssstladiLervLDkGvviagDiavsiadveLltiklRllvasvdk 59
                               s++l d+Le vLD+G+vi + + vs+  +e+l+i  R++vasvd+
  nat_cf176e85bcb7fcecce87 16 GSGNLYDVLELVLDRGLVIDAFVRVSLVGIEILKIDARVVVASVDT 61
                              5899*****************************************7 PP

>> nat_212e64a237d4a0795448  
   #    score  bias  c-Evalue  i-Evalue hmmfrom  hmm to    alifrom  ali to    envfrom  env to     acc
 ---   ------ ----- --------- --------- ------- -------    ------- -------    ------- -------    ----
   1 !   42.3   1.7   4.2e-12   5.1e-12      14      59 ..      16      61 ..       5      66 .. 0.93

  Alignments for each domain:
  == domain 1  score: 42.3 bits;  conditional E-value: 4.2e-12
                      gvpj 14 ssstladiLervLDkGvviagDiavsiadveLltiklRllvasvdk 59
                               s++l d+Le vLD+G+vi + + vs+  +e+l+i  R++vasvd+
  nat_212e64a237d4a0795448 16 GSGNLYDVLELVLDRGLVIDAFVRVSLVGIEILKIDARVVVASVDT 61
                              5899*****************************************7 PP

>> nat_13f51706d5d2df8544bb  
   #    score  bias  c-Evalue  i-Evalue hmmfrom  hmm to    alifrom  ali to    envfrom  env to     acc
 ---   ------ ----- --------- --------- ------- -------    ------- -------    ------- -------    ----
   1 !   42.5   0.1   3.7e-12   4.5e-12      12      59 ..      16      63 ..       3      68 .. 0.90

  Alignments for each domain:
  == domain 1  score: 42.5 bits;  conditional E-value: 3.7e-12
                      gvpj 12 stssstladiLervLDkGvviagDiavsiadveLltiklRllvasvdk 59
                                 +s+l d+Le +LD+G+vi   + vs+  +eL++i  R++vasvd+
  nat_13f51706d5d2df8544bb 16 GGGTSSLYDVLELILDRGLVIDVFVRVSLVGIELIKIDARIVVASVDT 63
                              556799*****************************************7 PP

>> nat_20d82ee5bd334e9e87ab  
   #    score  bias  c-Evalue  i-Evalue hmmfrom  hmm to    alifrom  ali to    envfrom  env to     acc
 ---   ------ ----- --------- --------- ------- -------    ------- -------    ------- -------    ----
   1 !   42.4   0.6     4e-12   4.9e-12      11      58 ..      13      60 ..       3      65 .. 0.88

  Alignments for each domain:
  == domain 1  score: 42.4 bits;  conditional E-value: 4e-12
                      gvpj 11 tstssstladiLervLDkGvviagDiavsiadveLltiklRllvasvd 58
                                + +  l+d+L+r+L  Gvv++gD+ +siad++L+ + lR+l+ sv 
  nat_20d82ee5bd334e9e87ab 13 LAQRQVALVDLLDRLLSGGVVVTGDVVLSIADIDLVRVSLRALIVSVS 60
                              5667889***************************************96 PP

>> nat_db21d598502068c3fa2f  
   #    score  bias  c-Evalue  i-Evalue hmmfrom  hmm to    alifrom  ali to    envfrom  env to     acc
 ---   ------ ----- --------- --------- ------- -------    ------- -------    ------- -------    ----
   1 !   41.7   0.4   6.9e-12   8.4e-12      15      59 ..      19      63 ..      12      71 .. 0.95

  Alignments for each domain:
  == domain 1  score: 41.7 bits;  conditional E-value: 6.9e-12
                      gvpj 15 sstladiLervLDkGvviagDiavsiadveLltiklRllvasvdk 59
                              s++l diLe +LD+G+vi   + vs+  ve+l+i  R++vasvd+
  nat_db21d598502068c3fa2f 19 SGNLYDILELILDRGLVIDVFVRVSLVGVEILKIDARIVVASVDT 63
                              789*****************************************7 PP

>> nat_e68eef3564e74af35e4a  
   #    score  bias  c-Evalue  i-Evalue hmmfrom  hmm to    alifrom  ali to    envfrom  env to     acc
 ---   ------ ----- --------- --------- ------- -------    ------- -------    ------- -------    ----
   1 !   42.3   2.0   4.4e-12   5.3e-12       9      59 ..       3      53 ..       1      61 [. 0.95

  Alignments for each domain:
  == domain 1  score: 42.3 bits;  conditional E-value: 4.4e-12
                      gvpj  9 iktstssstladiLervLDkGvviagDiavsiadveLltiklRllvasvdk 59
                              +k+s+ +s+l+++++r+LDkG+vi     +s++ +e++t++ R++v+s+++
  nat_e68eef3564e74af35e4a  3 VKKSNDGSSLVEVIDRILDKGIVIDVYARISVLGLEVITVEARIVVSSIET 53
                              689999*******************************************97 PP

>> nat_f9a6c4e29c6909a7bfea  
   #    score  bias  c-Evalue  i-Evalue hmmfrom  hmm to    alifrom  ali to    envfrom  env to     acc
 ---   ------ ----- --------- --------- ------- -------    ------- -------    ------- -------    ----
   1 !   42.3   0.1   4.2e-12   5.1e-12       7      59 ..      13      65 ..       5     116 .. 0.93

  Alignments for each domain:
  == domain 1  score: 42.3 bits;  conditional E-value: 4.2e-12
                      gvpj  7 saiktstssstladiLervLDkGvviagDiavsiadveLltiklRllvasvdk 59
                               +++   s+s+lad+++ +L+kG+vi     vs+  +e+lt+ +R++vasvd+
  nat_f9a6c4e29c6909a7bfea 13 TTVQRGGSGSSLADVVDLILEKGLVIDLYARVSLVGIEILTVDVRIVVASVDT 65
                              57788899********************************************7 PP

>> nat_f48ac7c5719360a7ba68  
   #    score  bias  c-Evalue  i-Evalue hmmfrom  hmm to    alifrom  ali to    envfrom  env to     acc
 ---   ------ ----- --------- --------- ------- -------    ------- -------    ------- -------    ----
   1 !   42.2   0.2   4.7e-12   5.8e-12      16      57 ..      29      70 ..      11      75 .. 0.93

  Alignments for each domain:
  == domain 1  score: 42.2 bits;  conditional E-value: 4.7e-12
                      gvpj 16 stladiLervLDkGvviagDiavsiadveLltiklRllvasv 57
                                l+d+L+r+L  Gvvi+gDi +siad++L+ i lR+l+ sv
  nat_f48ac7c5719360a7ba68 29 VALVDLLDRLLAGGVVITGDIVLSIADIDLVRISLRALLGSV 70
                              579*************************************99 PP

>> nat_c851ec622696a1a12ee9  
   #    score  bias  c-Evalue  i-Evalue hmmfrom  hmm to    alifrom  ali to    envfrom  env to     acc
 ---   ------ ----- --------- --------- ------- -------    ------- -------    ------- -------    ----
   1 !   41.5   0.6   7.8e-12   9.6e-12      15      59 ..      19      63 ..      12      70 .. 0.95

  Alignments for each domain:
  == domain 1  score: 41.5 bits;  conditional E-value: 7.8e-12
                      gvpj 15 sstladiLervLDkGvviagDiavsiadveLltiklRllvasvdk 59
                              s++l diLe +LD+G+vi   + vs+  ve+l+i  R++vasvd+
  nat_c851ec622696a1a12ee9 19 SGNLYDILELILDRGLVIDVFVRVSLVGVEILKIDARIVVASVDT 63
                              789*****************************************7 PP

>> nat_d320098a8d27dbc207b8  
   #    score  bias  c-Evalue  i-Evalue hmmfrom  hmm to    alifrom  ali to    envfrom  env to     acc
 ---   ------ ----- --------- --------- ------- -------    ------- -------    ------- -------    ----
   1 !   42.3   0.1   4.3e-12   5.3e-12       4      59 ..      12      69 ..       1      76 [. 0.81

  Alignments for each domain:
  == domain 1  score: 42.3 bits;  conditional E-value: 4.3e-12
                      gvpj  4 arpsaikts..tssstladiLervLDkGvviagDiavsiadveLltiklRllvasvdk 59
                              +rps ++t     +  l+d+L+r+L  Gvv++gD+ +siad++L+ i lR+l+ s+  
  nat_d320098a8d27dbc207b8 12 PRPSETDTAlpDRQVALIDLLDRLLSGGVVLTGDVVLSIADIDLVRISLRALIMSIRS 69
                              455444433114677899************************************9865 PP

>> nat_0739506f322325ee29fe  
   #    score  bias  c-Evalue  i-Evalue hmmfrom  hmm to    alifrom  ali to    envfrom  env to     acc
 ---   ------ ----- --------- --------- ------- -------    ------- -------    ------- -------    ----
   1 !   42.1   0.4   5.1e-12   6.3e-12      14      59 ..      17      62 ..       1      96 [. 0.88

  Alignments for each domain:
  == domain 1  score: 42.1 bits;  conditional E-value: 5.1e-12
                      gvpj 14 ssstladiLervLDkGvviagDiavsiadveLltiklRllvasvdk 59
                               s  lad+++ +LDkG+v+ + + vs+  +e+lt+  R++vasvd+
  nat_0739506f322325ee29fe 17 DSNGLADVVDTILDKGLVLDAYVRVSVVGIEILTVDARVVVASVDT 62
                              5667*****************************************8 PP

>> nat_76b7cbd0ac40cdad80a9  
   #    score  bias  c-Evalue  i-Evalue hmmfrom  hmm to    alifrom  ali to    envfrom  env to     acc
 ---   ------ ----- --------- --------- ------- -------    ------- -------    ------- -------    ----
   1 !   41.5   0.9   7.4e-12     9e-12      14      59 ..       7      52 ..       2      60 .. 0.93

  Alignments for each domain:
  == domain 1  score: 41.5 bits;  conditional E-value: 7.4e-12
                      gvpj 14 ssstladiLervLDkGvviagDiavsiadveLltiklRllvasvdk 59
                               ++ la++L+ +LDkG+vi    +vs+  +e+lti  R++vasvd+
  nat_76b7cbd0ac40cdad80a9  7 PQGGLAEVLDLILDKGLVIDVFAKVSLVGIEILTIDARIVVASVDT 52
                              5789*****************************************7 PP

>> nat_62c37e3a1f946926bc78  
   #    score  bias  c-Evalue  i-Evalue hmmfrom  hmm to    alifrom  ali to    envfrom  env to     acc
 ---   ------ ----- --------- --------- ------- -------    ------- -------    ------- -------    ----
   1 !   42.0   0.9   5.2e-12   6.4e-12      15      58 ..      24      67 ..       9      74 .. 0.88

  Alignments for each domain:
  == domain 1  score: 42.0 bits;  conditional E-value: 5.2e-12
                      gvpj 15 sstladiLervLDkGvviagDiavsiadveLltiklRllvasvd 58
                                 l+d+L+r+L  Gvv+ gD+ +sia ++L++iklR+l++sv 
  nat_62c37e3a1f946926bc78 24 PIALVDLLDRLLGVGVVLGGDVVISIAGIDLVEIKLRALITSVR 67
                              4579**************************************95 PP

>> nat_64e02fc38d79639470d8  
   #    score  bias  c-Evalue  i-Evalue hmmfrom  hmm to    alifrom  ali to    envfrom  env to     acc
 ---   ------ ----- --------- --------- ------- -------    ------- -------    ------- -------    ----
   1 !   41.0   0.4   1.1e-11   1.4e-11      14      59 ..      12      57 ..       3      62 .. 0.93

  Alignments for each domain:
  == domain 1  score: 41.0 bits;  conditional E-value: 1.1e-11
                      gvpj 14 ssstladiLervLDkGvviagDiavsiadveLltiklRllvasvdk 59
                               ++ la++L+ +LDkG+vi    ++s+  +e++ti  R++vasvd+
  nat_64e02fc38d79639470d8 12 PQGGLAEVLDLILDKGLVIDVFAKISLVGIEIVTIDARIVVASVDT 57
                              4788*****************************************7 PP

>> nat_5fe0328494dc254c515b  
   #    score  bias  c-Evalue  i-Evalue hmmfrom  hmm to    alifrom  ali to    envfrom  env to     acc
 ---   ------ ----- --------- --------- ------- -------    ------- -------    ------- -------    ----
   1 !   40.9   1.0   1.1e-11   1.4e-11       7      59 ..      13      65 ..       5      73 .. 0.92

  Alignments for each domain:
  == domain 1  score: 40.9 bits;  conditional E-value: 1.1e-11
                      gvpj  7 saiktstssstladiLervLDkGvviagDiavsiadveLltiklRllvasvdk 59
                               +++   s+s+lad+++ +L+kG+vi     vs+  +e+lt+ +R++vasvd+
  nat_5fe0328494dc254c515b 13 TTVQRGGSGSSLADVVDLILEKGLVIDLYARVSLVGIEILTVDVRIVVASVDT 65
                              57788899********************************************7 PP

>> nat_4e31c4d7aa8fd221c2dc  
   #    score  bias  c-Evalue  i-Evalue hmmfrom  hmm to    alifrom  ali to    envfrom  env to     acc
 ---   ------ ----- --------- --------- ------- -------    ------- -------    ------- -------    ----
   1 !   41.4   0.2   8.2e-12     1e-11      11      63 ..       8      60 ..       1      63 [. 0.92

  Alignments for each domain:
  == domain 1  score: 41.4 bits;  conditional E-value: 8.2e-12
                      gvpj 11 tstssstladiLervLDkGvviagDiavsiadveLltiklRllvasvdkakei 63
                               s+++++lad+L+rv+D+G  ++gD+ +++a ++L+ + lRll+  +++a e+
  nat_4e31c4d7aa8fd221c2dc  8 ASNQGTSLADLLDRVVDRGAFVSGDVIIQLAGIDLIRLDLRLLLVGIETAHEL 60
                              67899*********************************************996 PP

>> nat_3b12a9f8d634154d518e  
   #    score  bias  c-Evalue  i-Evalue hmmfrom  hmm to    alifrom  ali to    envfrom  env to     acc
 ---   ------ ----- --------- --------- ------- -------    ------- -------    ------- -------    ----
   1 !   41.2   0.0   9.2e-12   1.1e-11      12      57 ..      34      79 ..      20      83 .. 0.88

  Alignments for each domain:
  == domain 1  score: 41.2 bits;  conditional E-value: 9.2e-12
                      gvpj 12 stssstladiLervLDkGvviagDiavsiadveLltiklRllvasv 57
                                 +  l+d+L+r+L+ G v++gDi +siadv+L++i lR+++ s+
  nat_3b12a9f8d634154d518e 34 VGRQVALIDLLDRLLNGGAVLTGDIVLSIADVDLVHIDLRAVIRSL 79
                              5678899************************************996 PP

>> nat_3fb1b2844ab87a8f4a72  
   #    score  bias  c-Evalue  i-Evalue hmmfrom  hmm to    alifrom  ali to    envfrom  env to     acc
 ---   ------ ----- --------- --------- ------- -------    ------- -------    ------- -------    ----
   1 !   41.0   4.8   1.1e-11   1.3e-11      15      59 ..      16      60 ..       5     136 .. 0.91

  Alignments for each domain:
  == domain 1  score: 41.0 bits;  conditional E-value: 1.1e-11
                      gvpj 15 sstladiLervLDkGvviagDiavsiadveLltiklRllvasvdk 59
                              +s l d+Le vLD+G+vi + + vs+  +e+l+i +R++vasvd+
  nat_3fb1b2844ab87a8f4a72 16 TSGLYDVLELVLDRGLVIDAFVRVSLVGIEILKIDVRVVVASVDT 60
                              6889****************************************7 PP

>> nat_a02e830798caf1fb08c6  
   #    score  bias  c-Evalue  i-Evalue hmmfrom  hmm to    alifrom  ali to    envfrom  env to     acc
 ---   ------ ----- --------- --------- ------- -------    ------- -------    ------- -------    ----
   1 !   40.7   0.9   1.4e-11   1.7e-11      14      59 ..       5      50 ..       1      55 [. 0.93

  Alignments for each domain:
  == domain 1  score: 40.7 bits;  conditional E-value: 1.4e-11
                      gvpj 14 ssstladiLervLDkGvviagDiavsiadveLltiklRllvasvdk 59
                               ++ la++L+ +LDkG+vi    +vs+  +e++ti  R++vasvd+
  nat_a02e830798caf1fb08c6  5 PQGGLAEVLDLILDKGLVIDVFAKVSLVGIEIVTIDARIVVASVDT 50
                              4789*****************************************7 PP

>> nat_d8ac85c1e2427ebd2b9e  
   #    score  bias  c-Evalue  i-Evalue hmmfrom  hmm to    alifrom  ali to    envfrom  env to     acc
 ---   ------ ----- --------- --------- ------- -------    ------- -------    ------- -------    ----
   1 !   41.1   0.7     1e-11   1.3e-11       7      59 ..      13      65 ..       5      74 .. 0.91

  Alignments for each domain:
  == domain 1  score: 41.1 bits;  conditional E-value: 1e-11
                      gvpj  7 saiktstssstladiLervLDkGvviagDiavsiadveLltiklRllvasvdk 59
                              ++ +  +++s+lad+++ +L+kG+vi     vs+  +e+lt+ +R++vasvd+
  nat_d8ac85c1e2427ebd2b9e 13 NTAQRGRTGSSLADVVDLILEKGLVIDLYARVSLVGIEILTVDVRIVVASVDT 65
                              56677899********************************************7 PP

>> nat_568d6ca5fcbffc2ace52  
   #    score  bias  c-Evalue  i-Evalue hmmfrom  hmm to    alifrom  ali to    envfrom  env to     acc
 ---   ------ ----- --------- --------- ------- -------    ------- -------    ------- -------    ----
   1 !   40.9   0.0   1.2e-11   1.4e-11      10      63 ..      31      84 ..      21      90 .] 0.85

  Alignments for each domain:
  == domain 1  score: 40.9 bits;  conditional E-value: 1.2e-11
                      gvpj 10 ktstssstladiLervLDkGvviagDiavsiadveLltiklRllvasvdkakei 63
                                 +s   lad+L+r++D G v+++D+ v++a v+Ll i lRll+  v++a e 
  nat_568d6ca5fcbffc2ace52 31 PARNSAQPLADLLDRLVDTGAVVSADVVVALAGVDLLRIDLRLLLVGVQTALEG 84
                              45566778******************************************9875 PP

>> nat_a0c33ff7daaf9315de4b  
   #    score  bias  c-Evalue  i-Evalue hmmfrom  hmm to    alifrom  ali to    envfrom  env to     acc
 ---   ------ ----- --------- --------- ------- -------    ------- -------    ------- -------    ----
   1 !   40.4   0.9   1.7e-11   2.1e-11       8      59 ..      14      65 ..       5      71 .. 0.91

  Alignments for each domain:
  == domain 1  score: 40.4 bits;  conditional E-value: 1.7e-11
                      gvpj  8 aiktstssstladiLervLDkGvviagDiavsiadveLltiklRllvasvdk 59
                               ++   s+s lad+++ +L+kG+vi     vs+  +e+lti +R++vasvd+
  nat_a0c33ff7daaf9315de4b 14 VVQRGGSGSGLADVVDLILEKGLVIDLYARVSLVGIEILTIDVRIVVASVDT 65
                              56677899*******************************************7 PP

>> nat_2cbea2021b2dcea14377  
   #    score  bias  c-Evalue  i-Evalue hmmfrom  hmm to    alifrom  ali to    envfrom  env to     acc
 ---   ------ ----- --------- --------- ------- -------    ------- -------    ------- -------    ----
   1 !   39.7   0.3   2.7e-11   3.3e-11      15      59 ..      18      62 ..       5      69 .. 0.93

  Alignments for each domain:
  == domain 1  score: 39.7 bits;  conditional E-value: 2.7e-11
                      gvpj 15 sstladiLervLDkGvviagDiavsiadveLltiklRllvasvdk 59
                              +++l d+Le +LD+G+vi   + vs+  +e+l+i  R++vasvd+
  nat_2cbea2021b2dcea14377 18 GTSLYDVLELILDRGLVIDVFVRVSLVGIEILKIDARIVVASVDT 62
                              6789****************************************7 PP

>> nat_833997551203b7f90ae0  
   #    score  bias  c-Evalue  i-Evalue hmmfrom  hmm to    alifrom  ali to    envfrom  env to     acc
 ---   ------ ----- --------- --------- ------- -------    ------- -------    ------- -------    ----
   1 !   39.8   0.3   2.6e-11   3.2e-11      15      59 ..      18      62 ..       5      69 .. 0.93

  Alignments for each domain:
  == domain 1  score: 39.8 bits;  conditional E-value: 2.6e-11
                      gvpj 15 sstladiLervLDkGvviagDiavsiadveLltiklRllvasvdk 59
                              +++l d+Le +LD+G+vi   + vs+  +e+l+i  R++vasvd+
  nat_833997551203b7f90ae0 18 GTSLYDVLELILDRGLVIDVFVRVSLVGIEILKIDARIVVASVDT 62
                              6789****************************************7 PP

>> nat_a839bd0954a015535b42  
   #    score  bias  c-Evalue  i-Evalue hmmfrom  hmm to    alifrom  ali to    envfrom  env to     acc
 ---   ------ ----- --------- --------- ------- -------    ------- -------    ------- -------    ----
   1 !   40.5   0.2   1.5e-11   1.9e-11      16      60 ..      16      60 ..       2      77 .. 0.92

  Alignments for each domain:
  == domain 1  score: 40.5 bits;  conditional E-value: 1.5e-11
                      gvpj 16 stladiLervLDkGvviagDiavsiadveLltiklRllvasvdka 60
                                l+d+L+r+L  Gvv++gD+++s+a v+L+ i lR+l++s+  a
  nat_a839bd0954a015535b42 16 VALVDLLDRLLAGGVVLTGDLTISLAGVDLVRISLRALITSIAPA 60
                              579**************************************9776 PP

>> nat_c6dc835e8a7f5c8d11a7  
   #    score  bias  c-Evalue  i-Evalue hmmfrom  hmm to    alifrom  ali to    envfrom  env to     acc
 ---   ------ ----- --------- --------- ------- -------    ------- -------    ------- -------    ----
   1 !   39.7   2.3   2.7e-11   3.3e-11      13      59 ..      15      61 ..       4      67 .. 0.92

  Alignments for each domain:
  == domain 1  score: 39.7 bits;  conditional E-value: 2.7e-11
                      gvpj 13 tssstladiLervLDkGvviagDiavsiadveLltiklRllvasvdk 59
                                s++l diLe +LD+G+vi   + vs+  +e+l+i  R++vasvd+
  nat_c6dc835e8a7f5c8d11a7 15 GGSGNLYDILELILDRGLVIDVFVRVSLIGIEILKIDARIVVASVDT 61
                              5689******************************************7 PP

>> nat_0f78d7acac5b21f9e204  
   #    score  bias  c-Evalue  i-Evalue hmmfrom  hmm to    alifrom  ali to    envfrom  env to     acc
 ---   ------ ----- --------- --------- ------- -------    ------- -------    ------- -------    ----
   1 !   39.7   2.4   2.8e-11   3.4e-11      13      59 ..      15      61 ..       3      66 .. 0.92

  Alignments for each domain:
  == domain 1  score: 39.7 bits;  conditional E-value: 2.8e-11
                      gvpj 13 tssstladiLervLDkGvviagDiavsiadveLltiklRllvasvdk 59
                                s++l diLe +LD+G+vi   + vs+  +e+l+i  R++vasvd+
  nat_0f78d7acac5b21f9e204 15 GGSGNLYDILELILDRGLVIDVFVRVSLIGIEILKIDARIVVASVDT 61
                              5689******************************************7 PP

>> nat_da289e6aa9b0bf8de540  
   #    score  bias  c-Evalue  i-Evalue hmmfrom  hmm to    alifrom  ali to    envfrom  env to     acc
 ---   ------ ----- --------- --------- ------- -------    ------- -------    ------- -------    ----
   1 !   39.8   0.1   2.6e-11   3.2e-11       6      59 ..      10      63 ..       5      82 .. 0.91

  Alignments for each domain:
  == domain 1  score: 39.8 bits;  conditional E-value: 2.6e-11
                      gvpj  6 psaiktstssstladiLervLDkGvviagDiavsiadveLltiklRllvasvdk 59
                              p a+      +tl d+Le +LD+G+vi   + v++  +e+l+i  R++vasvd+
  nat_da289e6aa9b0bf8de540 10 PGAVLCAPRAGTLYDVLELILDRGMVIDIFVRVALVGIEILKIDARVVVASVDT 63
                              55666667789******************************************7 PP

>> nat_23547210dabe68635401  
   #    score  bias  c-Evalue  i-Evalue hmmfrom  hmm to    alifrom  ali to    envfrom  env to     acc
 ---   ------ ----- --------- --------- ------- -------    ------- -------    ------- -------    ----
   1 !   39.5   0.6   3.2e-11   3.9e-11      13      59 ..      20      66 ..       8      72 .. 0.93

  Alignments for each domain:
  == domain 1  score: 39.5 bits;  conditional E-value: 3.2e-11
                      gvpj 13 tssstladiLervLDkGvviagDiavsiadveLltiklRllvasvdk 59
                               sss+lad+++ +L+kG+vi     vs+  +e+lt+ +R++vasvd+
  nat_23547210dabe68635401 20 GSSSSLADVVDLILEKGLVIDLYARVSLVGIEILTVDVRIVVASVDT 66
                              689*******************************************7 PP

>> nat_72b3a46ef502cdedfc81  
   #    score  bias  c-Evalue  i-Evalue hmmfrom  hmm to    alifrom  ali to    envfrom  env to     acc
 ---   ------ ----- --------- --------- ------- -------    ------- -------    ------- -------    ----
   1 !   39.7   0.2   2.8e-11   3.4e-11      14      57 ..      38      81 ..      23      85 .. 0.86

  Alignments for each domain:
  == domain 1  score: 39.7 bits;  conditional E-value: 2.8e-11
                      gvpj 14 ssstladiLervLDkGvviagDiavsiadveLltiklRllvasv 57
                               +  l+d+L+r+L+ G v++gD+ +siadv+L++i+lR+++ s+
  nat_72b3a46ef502cdedfc81 38 RQIALIDLLDRLLNGGAVLTGDVVLSIADVDLVHINLRAVIRSI 81
                              456789***********************************997 PP

>> nat_b23dc8f37bc936f98c91  
   #    score  bias  c-Evalue  i-Evalue hmmfrom  hmm to    alifrom  ali to    envfrom  env to     acc
 ---   ------ ----- --------- --------- ------- -------    ------- -------    ------- -------    ----
   1 !   39.6   0.2     3e-11   3.7e-11      17      58 ..      28      69 ..      15      75 .. 0.92

  Alignments for each domain:
  == domain 1  score: 39.6 bits;  conditional E-value: 3e-11
                      gvpj 17 tladiLervLDkGvviagDiavsiadveLltiklRllvasvd 58
                               l+d+L+r+L  Gvv+agD+ vs+a v+L++++l l++++v 
  nat_b23dc8f37bc936f98c91 28 ALVDLLDRLLGSGVVVAGDVVVSLAGVDLVEVRLQLVISAVR 69
                              699***********************************9984 PP

>> nat_6f78ae7dbd3067bdbed8  
   #    score  bias  c-Evalue  i-Evalue hmmfrom  hmm to    alifrom  ali to    envfrom  env to     acc
 ---   ------ ----- --------- --------- ------- -------    ------- -------    ------- -------    ----
   1 !   39.0   0.3   4.5e-11   5.5e-11      12      59 ..      18      65 ..       6      71 .. 0.91

  Alignments for each domain:
  == domain 1  score: 39.0 bits;  conditional E-value: 4.5e-11
                      gvpj 12 stssstladiLervLDkGvviagDiavsiadveLltiklRllvasvdk 59
                                 ss+lad+++ +L+kG+vi     vs+  +e+lt+ +R++vasvd+
  nat_6f78ae7dbd3067bdbed8 18 GGGSSSLADVVDLILEKGLVIDLYARVSLVGIEILTVDVRIVVASVDT 65
                              56789******************************************7 PP

>> nat_248d1b2257a26e3431e4  
   #    score  bias  c-Evalue  i-Evalue hmmfrom  hmm to    alifrom  ali to    envfrom  env to     acc
 ---   ------ ----- --------- --------- ------- -------    ------- -------    ------- -------    ----
   1 !   39.4   2.7   3.4e-11   4.2e-11      17      60 ..      17      60 ..      11      66 .. 0.93

  Alignments for each domain:
  == domain 1  score: 39.4 bits;  conditional E-value: 3.4e-11
                      gvpj 17 tladiLervLDkGvviagDiavsiadveLltiklRllvasvdka 60
                               l+d+L+r+L  Gvv++gD+ +siadv+L+ i lR ++ svd +
  nat_248d1b2257a26e3431e4 17 ALVDLLDRLLAGGVVVTGDLVLSIADVDLVRISLRTILVSVDDS 60
                              69***************************************975 PP

>> nat_58a114a587bf7627f074  
   #    score  bias  c-Evalue  i-Evalue hmmfrom  hmm to    alifrom  ali to    envfrom  env to     acc
 ---   ------ ----- --------- --------- ------- -------    ------- -------    ------- -------    ----
   1 !   39.0   2.9   4.6e-11   5.6e-11      15      59 ..      18      62 ..       9      67 .. 0.94

  Alignments for each domain:
  == domain 1  score: 39.0 bits;  conditional E-value: 4.6e-11
                      gvpj 15 sstladiLervLDkGvviagDiavsiadveLltiklRllvasvdk 59
                              s++l diLe +LD+G+vi   + vs+  +e+l+i  R++vasvd+
  nat_58a114a587bf7627f074 18 SGNLYDILELILDRGLVIDVFVRVSLVGIEILKIDARIVVASVDT 62
                              789*****************************************7 PP

>> nat_d9b388b924f7fb872e9a  
   #    score  bias  c-Evalue  i-Evalue hmmfrom  hmm to    alifrom  ali to    envfrom  env to     acc
 ---   ------ ----- --------- --------- ------- -------    ------- -------    ------- -------    ----
   1 !   38.8   4.0   5.2e-11   6.4e-11      14      59 ..      10      55 ..       3      91 .. 0.89

  Alignments for each domain:
  == domain 1  score: 38.8 bits;  conditional E-value: 5.2e-11
                      gvpj 14 ssstladiLervLDkGvviagDiavsiadveLltiklRllvasvdk 59
                               ss lad+++ +LDkG+vi +   vs+  +e+l+++ R++v+svd+
  nat_d9b388b924f7fb872e9a 10 ASSGLADVIDTILDKGLVIDAYARVSLIGIEVLAVEARVVVSSVDT 55
                              5899*****************************************8 PP

>> nat_50e7ec50620e080551e3  
   #    score  bias  c-Evalue  i-Evalue hmmfrom  hmm to    alifrom  ali to    envfrom  env to     acc
 ---   ------ ----- --------- --------- ------- -------    ------- -------    ------- -------    ----
   1 !   38.6   0.8   6.1e-11   7.5e-11      15      59 ..      24      68 ..      14      73 .. 0.94

  Alignments for each domain:
  == domain 1  score: 38.6 bits;  conditional E-value: 6.1e-11
                      gvpj 15 sstladiLervLDkGvviagDiavsiadveLltiklRllvasvdk 59
                              s++l diL+ +LD+G+vi   + vs+  +e+l+i  R++vasvd+
  nat_50e7ec50620e080551e3 24 SGNLYDILDLILDRGLVIDVFVRVSLVGIEILKIDARIVVASVDT 68
                              799*****************************************7 PP

>> nat_7058382ccfa4518d5f28  
   #    score  bias  c-Evalue  i-Evalue hmmfrom  hmm to    alifrom  ali to    envfrom  env to     acc
 ---   ------ ----- --------- --------- ------- -------    ------- -------    ------- -------    ----
   1 !   38.7   0.9   5.6e-11   6.9e-11      14      59 ..       5      50 ..       1      57 [. 0.93

  Alignments for each domain:
  == domain 1  score: 38.7 bits;  conditional E-value: 5.6e-11
                      gvpj 14 ssstladiLervLDkGvviagDiavsiadveLltiklRllvasvdk 59
                               ++ la++L+ +LDkG+vi    ++s+  +e++t+  R++vasvd+
  nat_7058382ccfa4518d5f28  5 PQGGLAEVLDLILDKGLVIDVFAKISLVGIEIVTVDARIVVASVDT 50
                              4789*****************************************7 PP

>> nat_edecb23d5c987164e75c  
   #    score  bias  c-Evalue  i-Evalue hmmfrom  hmm to    alifrom  ali to    envfrom  env to     acc
 ---   ------ ----- --------- --------- ------- -------    ------- -------    ------- -------    ----
   1 !   39.1   0.6   4.3e-11   5.3e-11      14      57 ..      34      77 ..      14      81 .. 0.91

  Alignments for each domain:
  == domain 1  score: 39.1 bits;  conditional E-value: 4.3e-11
                      gvpj 14 ssstladiLervLDkGvviagDiavsiadveLltiklRllvasv 57
                               +  l+d+L+r+L+ G v++gD+ +siadv+L++i+lR+++ s+
  nat_edecb23d5c987164e75c 34 RQIALIDLLDRLLNGGAVLTGDVVLSIADVDLVHINLRAVIRSI 77
                              466799***********************************997 PP

>> nat_a073bea82f9def955f00  
   #    score  bias  c-Evalue  i-Evalue hmmfrom  hmm to    alifrom  ali to    envfrom  env to     acc
 ---   ------ ----- --------- --------- ------- -------    ------- -------    ------- -------    ----
   1 !   39.0   0.2   4.4e-11   5.4e-11      14      59 ..       7      52 ..       1      61 [. 0.91

  Alignments for each domain:
  == domain 1  score: 39.0 bits;  conditional E-value: 4.4e-11
                      gvpj 14 ssstladiLervLDkGvviagDiavsiadveLltiklRllvasvdk 59
                              s+s+l+++L+r+LDkGvv+     +s+  +e +t++ R++v s d+
  nat_a073bea82f9def955f00  7 STSSLVEVLDRILDKGVVVDLWTRISLVGIETVTVEARVVVGSADT 52
                              789****************************************997 PP

>> nat_c98d4b9753be8dfa1f08  
   #    score  bias  c-Evalue  i-Evalue hmmfrom  hmm to    alifrom  ali to    envfrom  env to     acc
 ---   ------ ----- --------- --------- ------- -------    ------- -------    ------- -------    ----
   1 !   38.9   0.3     5e-11   6.2e-11      15      59 ..      21      65 ..       8      83 .. 0.89

  Alignments for each domain:
  == domain 1  score: 38.9 bits;  conditional E-value: 5e-11
                      gvpj 15 sstladiLervLDkGvviagDiavsiadveLltiklRllvasvdk 59
                              +  l+d+L+r+L  Gvv+ gD+++s+a v+L+ i lR+lv s+  
  nat_c98d4b9753be8dfa1f08 21 EVALVDLLDRLLAGGVVLVGDLTISLAGVDLVRISLRALVMSIAP 65
                              5679************************************99865 PP

>> nat_0a906f70a5c423dba747  
   #    score  bias  c-Evalue  i-Evalue hmmfrom  hmm to    alifrom  ali to    envfrom  env to     acc
 ---   ------ ----- --------- --------- ------- -------    ------- -------    ------- -------    ----
   1 !   38.4   0.3   6.8e-11   8.4e-11      14      59 ..      17      62 ..       1      91 [. 0.91

  Alignments for each domain:
  == domain 1  score: 38.4 bits;  conditional E-value: 6.8e-11
                      gvpj 14 ssstladiLervLDkGvviagDiavsiadveLltiklRllvasvdk 59
                               ++tl d+++ +LD+G+vi   + vs+  +e+++i +R+++asvd+
  nat_0a906f70a5c423dba747 17 RTGTLYDVIDIILDRGMVIDVFLRVSLVGIEIVKIDIRIVIASVDT 62
                              6789*****************************************7 PP

>> nat_8bb53690eb425655a7a8  
   #    score  bias  c-Evalue  i-Evalue hmmfrom  hmm to    alifrom  ali to    envfrom  env to     acc
 ---   ------ ----- --------- --------- ------- -------    ------- -------    ------- -------    ----
   1 !   38.0   4.0   9.4e-11   1.2e-10      15      59 ..      14      58 ..       6      66 .. 0.94

  Alignments for each domain:
  == domain 1  score: 38.0 bits;  conditional E-value: 9.4e-11
                      gvpj 15 sstladiLervLDkGvviagDiavsiadveLltiklRllvasvdk 59
                               +tl d+L+ +LD+G+vi   i vs+  +e+l+i  R++vasvd+
  nat_8bb53690eb425655a7a8 14 AGTLYDVLDLILDRGIVIDVFIRVSLVGIEILKIDARIVVASVDT 58
                              689*****************************************7 PP

>> nat_3955b02fcca9b64e0539  
   #    score  bias  c-Evalue  i-Evalue hmmfrom  hmm to    alifrom  ali to    envfrom  env to     acc
 ---   ------ ----- --------- --------- ------- -------    ------- -------    ------- -------    ----
   1 !   38.3   0.1   7.6e-11   9.3e-11      14      62 ..      37      85 ..      26      89 .. 0.90

  Alignments for each domain:
  == domain 1  score: 38.3 bits;  conditional E-value: 7.6e-11
                      gvpj 14 ssstladiLervLDkGvviagDiavsiadveLltiklRllvasvdkake 62
                              s   lad+L+r++D G v++gD+ v++a v+Ll + lRll+  v++a e
  nat_3955b02fcca9b64e0539 37 SAQPLADLLDRLVDTGAVVSGDVVVALAGVDLLRVDLRLLLVGVQTALE 85
                              4556****************************************99966 PP

>> nat_1d6f00b576454c5129eb  
   #    score  bias  c-Evalue  i-Evalue hmmfrom  hmm to    alifrom  ali to    envfrom  env to     acc
 ---   ------ ----- --------- --------- ------- -------    ------- -------    ------- -------    ----
   1 !   38.4   0.2   6.8e-11   8.3e-11      14      61 ..       7      54 ..       2      69 .. 0.90

  Alignments for each domain:
  == domain 1  score: 38.4 bits;  conditional E-value: 6.8e-11
                      gvpj 14 ssstladiLervLDkGvviagDiavsiadveLltiklRllvasvdkak 61
                              s+s+la++L+r+LDkG+v+     +s+  + ++t++ R+ v svd+  
  nat_1d6f00b576454c5129eb  7 STSSLAEVLDRILDKGIVVDLRARLSLVGIKMVTVEARVTVGSVDTFL 54
                              789******************************************865 PP

>> nat_0d9cf3fa4290fec6ca54  
   #    score  bias  c-Evalue  i-Evalue hmmfrom  hmm to    alifrom  ali to    envfrom  env to     acc
 ---   ------ ----- --------- --------- ------- -------    ------- -------    ------- -------    ----
   1 !   38.1   0.4   8.4e-11     1e-10      15      59 ..      21      65 ..       8      77 .. 0.88

  Alignments for each domain:
  == domain 1  score: 38.1 bits;  conditional E-value: 8.4e-11
                      gvpj 15 sstladiLervLDkGvviagDiavsiadveLltiklRllvasvdk 59
                              +  l+d+L+r+L  Gvv+ gD+++s+a v+L+ i lR+lv s+  
  nat_0d9cf3fa4290fec6ca54 21 EVALVDLLDRLLAGGVVLVGDLTISLAGVDLVRISLRALVMSIAP 65
                              5679************************************99865 PP

>> nat_f0527674fd3fa7ce3faf  
   #    score  bias  c-Evalue  i-Evalue hmmfrom  hmm to    alifrom  ali to    envfrom  env to     acc
 ---   ------ ----- --------- --------- ------- -------    ------- -------    ------- -------    ----
   1 !   37.5   1.1   1.3e-10   1.6e-10      22      59 ..       1      38 [.       1      43 [. 0.96

  Alignments for each domain:
  == domain 1  score: 37.5 bits;  conditional E-value: 1.3e-10
                      gvpj 22 LervLDkGvviagDiavsiadveLltiklRllvasvdk 59
                              +e vLDkGvvi + ++v++  + Ll+i+ R++vasv++
  nat_f0527674fd3fa7ce3faf  1 METVLDKGVVIDAQVSVAVVGIQLLEINARVVVASVET 38
                              699*********************************97 PP

>> nat_e68b15f93012eb3c69b4  
   #    score  bias  c-Evalue  i-Evalue hmmfrom  hmm to    alifrom  ali to    envfrom  env to     acc
 ---   ------ ----- --------- --------- ------- -------    ------- -------    ------- -------    ----
   1 !   37.8   0.4   1.1e-10   1.3e-10      12      59 ..      11      58 ..       1      64 [. 0.86

  Alignments for each domain:
  == domain 1  score: 37.8 bits;  conditional E-value: 1.1e-10
                      gvpj 12 stssstladiLervLDkGvviagDiavsiadveLltiklRllvasvdk 59
                              +    +l + L+rvL+kGvv+ag++ +s+a v+L+ ++lRll++  ++
  nat_e68b15f93012eb3c69b4 11 EGRRISLCETLDRVLNKGVVVAGEVVISVAGVDLIYLNLRLLLTNAET 58
                              5566789***********************************987765 PP

>> nat_b6818cf3a9a74185f24e  
   #    score  bias  c-Evalue  i-Evalue hmmfrom  hmm to    alifrom  ali to    envfrom  env to     acc
 ---   ------ ----- --------- --------- ------- -------    ------- -------    ------- -------    ----
   1 !   37.4   1.3   1.5e-10   1.8e-10      15      59 ..      17      61 ..       7      67 .. 0.91

  Alignments for each domain:
  == domain 1  score: 37.4 bits;  conditional E-value: 1.5e-10
                      gvpj 15 sstladiLervLDkGvviagDiavsiadveLltiklRllvasvdk 59
                              +  l+d+L+r+L  Gvv++gD+ +siad++L+ i lR+++ ++ +
  nat_b6818cf3a9a74185f24e 17 QVALIDLLDRLLSGGVVLTGDVVLSIADIDLVRISLRAVIVAITR 61
                              6689***********************************988765 PP

>> nat_4ccdc7c4ee47fd86d36c  
   #    score  bias  c-Evalue  i-Evalue hmmfrom  hmm to    alifrom  ali to    envfrom  env to     acc
 ---   ------ ----- --------- --------- ------- -------    ------- -------    ------- -------    ----
   1 !   37.3   1.0   1.5e-10   1.8e-10      14      58 ..      16      60 ..       1      63 [. 0.87

  Alignments for each domain:
  == domain 1  score: 37.3 bits;  conditional E-value: 1.5e-10
                      gvpj 14 ssstladiLervLDkGvviagDiavsiadveLltiklRllvasvd 58
                                  l+d+L+r+L  Gvv++gD+++ iadv+L+ + l++l++sv 
  nat_4ccdc7c4ee47fd86d36c 16 RRIALVDLLDRLLAGGVVLSGDLTLRIADVDLVRVDLKALISSVS 60
                              45679**************************************96 PP

>> nat_ceadeb61c495acb2e73a  
   #    score  bias  c-Evalue  i-Evalue hmmfrom  hmm to    alifrom  ali to    envfrom  env to     acc
 ---   ------ ----- --------- --------- ------- -------    ------- -------    ------- -------    ----
   1 !   36.9   0.9     2e-10   2.5e-10      14      57 ..      34      77 ..      25      81 .. 0.92

  Alignments for each domain:
  == domain 1  score: 36.9 bits;  conditional E-value: 2e-10
                      gvpj 14 ssstladiLervLDkGvviagDiavsiadveLltiklRllvasv 57
                               +  l+d+L+r+L+ G v++gD+ +s+adv+L+ i+lR+++ s+
  nat_ceadeb61c495acb2e73a 34 RQVALVDLLDRLLNGGAVLTGDLVLSVADVDLVRINLRAVIHSI 77
                              5778*************************************997 PP

>> nat_94ba15d7551886d6aa13  
   #    score  bias  c-Evalue  i-Evalue hmmfrom  hmm to    alifrom  ali to    envfrom  env to     acc
 ---   ------ ----- --------- --------- ------- -------    ------- -------    ------- -------    ----
   1 !   36.6   1.7   2.5e-10   3.1e-10      18      58 ..      23      63 ..      19      67 .. 0.94

  Alignments for each domain:
  == domain 1  score: 36.6 bits;  conditional E-value: 2.5e-10
                      gvpj 18 ladiLervLDkGvviagDiavsiadveLltiklRllvasvd 58
                              l+d+L+rvL  Gvv++gD+ ++ia+v L+ + lR+l+asv 
  nat_94ba15d7551886d6aa13 23 LVDLLDRVLATGVVVTGDVVIAIAEVPLVRLSLRALLASVS 63
                              99*************************************95 PP

>> nat_0888ea426b7452a347fc  
   #    score  bias  c-Evalue  i-Evalue hmmfrom  hmm to    alifrom  ali to    envfrom  env to     acc
 ---   ------ ----- --------- --------- ------- -------    ------- -------    ------- -------    ----
   1 !   36.4   0.3     3e-10   3.7e-10      13      58 ..      37      82 ..      26     102 .. 0.90

  Alignments for each domain:
  == domain 1  score: 36.4 bits;  conditional E-value: 3e-10
                      gvpj 13 tssstladiLervLDkGvviagDiavsiadveLltiklRllvasvd 58
                                +  l+d+L+r+L  Gvv++gD+ +siad++L+ + lR+++ +v 
  nat_0888ea426b7452a347fc 37 GRQVALIDLLDRLLSGGVVLTGDLVLSIADIDLVRVSLRAVIVAVR 82
                              567889**********************************998874 PP

>> nat_e4c02bb0f7a8020ec61d  
   #    score  bias  c-Evalue  i-Evalue hmmfrom  hmm to    alifrom  ali to    envfrom  env to     acc
 ---   ------ ----- --------- --------- ------- -------    ------- -------    ------- -------    ----
   1 !   34.7   4.0   9.6e-10   1.2e-09      14      57 ..      29      72 ..       1      76 [. 0.89

  Alignments for each domain:
  == domain 1  score: 34.7 bits;  conditional E-value: 9.6e-10
                      gvpj 14 ssstladiLervLDkGvviagDiavsiadveLltiklRllvasv 57
                               +  l+d+L+r+L+ G v++gD+ +s+adv+L++i+lR+++ s+
  nat_e4c02bb0f7a8020ec61d 29 RQIALIDLLDRLLNGGAVLTGDLVLSVADVDLVHINLRAVIRSI 72
                              566799***********************************997 PP

>> nat_c7a61c64d45a104467ff  
   #    score  bias  c-Evalue  i-Evalue hmmfrom  hmm to    alifrom  ali to    envfrom  env to     acc
 ---   ------ ----- --------- --------- ------- -------    ------- -------    ------- -------    ----
   1 !   35.4   0.2   6.1e-10   7.5e-10      17      57 ..      22      62 ..      16      68 .. 0.94

  Alignments for each domain:
  == domain 1  score: 35.4 bits;  conditional E-value: 6.1e-10
                      gvpj 17 tladiLervLDkGvviagDiavsiadveLltiklRllvasv 57
                               l+d+L+r+L  G v++gD+ +siadv+L++i+lR+++ s+
  nat_c7a61c64d45a104467ff 22 ALIDLLDRLLTGGAVLTGDLVLSIADVDLVHINLRAVIRSI 62
                              589***********************************997 PP

>> nat_fdb0b9a351d4c4c08841  
   #    score  bias  c-Evalue  i-Evalue hmmfrom  hmm to    alifrom  ali to    envfrom  env to     acc
 ---   ------ ----- --------- --------- ------- -------    ------- -------    ------- -------    ----
   1 !   35.3   1.3   6.2e-10   7.5e-10      14      57 ..      48      91 ..      31      95 .. 0.92

  Alignments for each domain:
  == domain 1  score: 35.3 bits;  conditional E-value: 6.2e-10
                      gvpj 14 ssstladiLervLDkGvviagDiavsiadveLltiklRllvasv 57
                               +  l+d+L+r+L+ G v++gD+ +s+adv+L+ i+lR+++ s+
  nat_fdb0b9a351d4c4c08841 48 RQVALIDLLDRLLNGGAVLTGDLVLSVADVDLVRINLRAVIHSI 91
                              57789************************************997 PP

>> nat_6052e825ac2d82997ce0  
   #    score  bias  c-Evalue  i-Evalue hmmfrom  hmm to    alifrom  ali to    envfrom  env to     acc
 ---   ------ ----- --------- --------- ------- -------    ------- -------    ------- -------    ----
   1 !   34.9   0.1   8.7e-10   1.1e-09      13      58 ..      37      82 ..      21      85 .. 0.85

  Alignments for each domain:
  == domain 1  score: 34.9 bits;  conditional E-value: 8.7e-10
                      gvpj 13 tssstladiLervLDkGvviagDiavsiadveLltiklRllvasvd 58
                                + +l+d+L+r+L  Gvv++g ++++ia v+L+ + lR+l++sv 
  nat_6052e825ac2d82997ce0 37 GREVSLVDLLDRLLGTGVVVSGSLTLGIAGVDLVRVDLRALLSSVH 82
                              45678***************************************96 PP

>> nat_575a3ddb97ad6997411f  
   #    score  bias  c-Evalue  i-Evalue hmmfrom  hmm to    alifrom  ali to    envfrom  env to     acc
 ---   ------ ----- --------- --------- ------- -------    ------- -------    ------- -------    ----
   1 !   34.2   3.5   1.4e-09   1.7e-09      15      59 ..      14      58 ..       6      66 .. 0.94

  Alignments for each domain:
  == domain 1  score: 34.2 bits;  conditional E-value: 1.4e-09
                      gvpj 15 sstladiLervLDkGvviagDiavsiadveLltiklRllvasvdk 59
                               +tl d+L+ +LD+G+vi   + vs+  +e+l++  R++vasvd+
  nat_575a3ddb97ad6997411f 14 AGTLYDVLDLILDRGIVIDVFLRVSLVGIEILKVDARIVVASVDT 58
                              689*****************************************7 PP

>> nat_d82c955fa7d898a2ab96  
   #    score  bias  c-Evalue  i-Evalue hmmfrom  hmm to    alifrom  ali to    envfrom  env to     acc
 ---   ------ ----- --------- --------- ------- -------    ------- -------    ------- -------    ----
   1 !   33.9   3.5   1.7e-09   2.1e-09      15      59 ..      14      58 ..       7      65 .. 0.94

  Alignments for each domain:
  == domain 1  score: 33.9 bits;  conditional E-value: 1.7e-09
                      gvpj 15 sstladiLervLDkGvviagDiavsiadveLltiklRllvasvdk 59
                               +tl d+L+ +LD+G+vi   + vs+  +e+l++  R++vasvd+
  nat_d82c955fa7d898a2ab96 14 AGTLYDVLDLILDRGIVIDVFLRVSLVGIEILKVDARIVVASVDT 58
                              689*****************************************7 PP

>> nat_b0658df5234d9898146c  
   #    score  bias  c-Evalue  i-Evalue hmmfrom  hmm to    alifrom  ali to    envfrom  env to     acc
 ---   ------ ----- --------- --------- ------- -------    ------- -------    ------- -------    ----
   1 !   34.2   0.2   1.4e-09   1.7e-09      17      57 ..      21      61 ..      10      67 .. 0.94

  Alignments for each domain:
  == domain 1  score: 34.2 bits;  conditional E-value: 1.4e-09
                      gvpj 17 tladiLervLDkGvviagDiavsiadveLltiklRllvasv 57
                               l+d+L+rvL  Gvvi gD+ v+ia+v L+ + l +l++sv
  nat_b0658df5234d9898146c 21 PLVDLLDRVLATGVVIGGDVVVAIAEVPLVRLSLHALLSSV 61
                              69**************************************9 PP

>> nat_3db117bf5e0e1b80df0a  
   #    score  bias  c-Evalue  i-Evalue hmmfrom  hmm to    alifrom  ali to    envfrom  env to     acc
 ---   ------ ----- --------- --------- ------- -------    ------- -------    ------- -------    ----
   1 !   34.2   0.2   1.4e-09   1.7e-09      13      65 ..      16      68 ..       3      70 .] 0.90

  Alignments for each domain:
  == domain 1  score: 34.2 bits;  conditional E-value: 1.4e-09
                      gvpj 13 tssstladiLervLDkGvviagDiavsiadveLltiklRllvasvdkakeiGl 65
                               ++++l+di++ +L  Gvvi g+i +++adv+L+ + l ll+as dk +  Gl
  nat_3db117bf5e0e1b80df0a 16 SHDTSLVDIVDGLLRHGVVIRGEIWLTVADVDLVFLGLDLLLASPDKMRPAGL 68
                              45679******************************************998887 PP

>> nat_cb6ed77116909eb840cc  
   #    score  bias  c-Evalue  i-Evalue hmmfrom  hmm to    alifrom  ali to    envfrom  env to     acc
 ---   ------ ----- --------- --------- ------- -------    ------- -------    ------- -------    ----
   1 !   33.9   1.3   1.8e-09   2.2e-09      11      62 ..       3      54 ..       1      74 [. 0.87

  Alignments for each domain:
  == domain 1  score: 33.9 bits;  conditional E-value: 1.8e-09
                      gvpj 11 tstssstladiLervLDkGvviagDiavsiadveLltiklRllvasvdkake 62
                              +++++  ++d+++ +L+ G v+a+D+ +s+ad+ L++++lRll+a + + ++
  nat_cb6ed77116909eb840cc  3 PEKNDDAVVDLVDVLLEDGAVLAADVVISVADIPLIGLRLRLLLAGMTTMRD 54
                              567778899************************************9987766 PP

>> nat_26986896a7366e29c93d  
   #    score  bias  c-Evalue  i-Evalue hmmfrom  hmm to    alifrom  ali to    envfrom  env to     acc
 ---   ------ ----- --------- --------- ------- -------    ------- -------    ------- -------    ----
   1 !   30.9   0.1   1.5e-08   1.8e-08      13      65 ..      16      68 ..       5      69 .. 0.88

  Alignments for each domain:
  == domain 1  score: 30.9 bits;  conditional E-value: 1.5e-08
                      gvpj 13 tssstladiLervLDkGvviagDiavsiadveLltiklRllvasvdkakeiGl 65
                               s++ l+d+++ +L  Gvvi g++ +++adv+L+ + l ll+as dk +  G+
  nat_26986896a7366e29c93d 16 SSDTALVDVVDGLLRHGVVIRGELWLTVADVDLVFLGLDLLLASPDKMRPEGI 68
                              46778******************************************988776 PP

>> nat_c2b38e1874ab84e46f83  
   #    score  bias  c-Evalue  i-Evalue hmmfrom  hmm to    alifrom  ali to    envfrom  env to     acc
 ---   ------ ----- --------- --------- ------- -------    ------- -------    ------- -------    ----
   1 !   30.5   1.8   1.9e-08   2.3e-08      21      59 ..       1      39 [.       1      46 [. 0.95

  Alignments for each domain:
  == domain 1  score: 30.5 bits;  conditional E-value: 1.9e-08
                      gvpj 21 iLervLDkGvviagDiavsiadveLltiklRllvasvdk 59
                              +++ +LDkG+vi + + vs+  +eLlti  R+ va vd+
  nat_c2b38e1874ab84e46f83  1 MIDTILDKGLVIDAYVRVSLVGIELLTIDARIGVAGVDT 39
                              6789*********************************97 PP

>> nat_acfbc9604c933a917cd4  
   #    score  bias  c-Evalue  i-Evalue hmmfrom  hmm to    alifrom  ali to    envfrom  env to     acc
 ---   ------ ----- --------- --------- ------- -------    ------- -------    ------- -------    ----
   1 !   30.7   0.1   1.7e-08   2.1e-08      14      59 ..      19      64 ..       8      67 .. 0.91

  Alignments for each domain:
  == domain 1  score: 30.7 bits;  conditional E-value: 1.7e-08
                      gvpj 14 ssstladiLervLDkGvviagDiavsiadveLltiklRllvasvdk 59
                               ++ l+d+L+ +LD+Gvv+ g+  +s+adv+L+ + l l++a  d+
  nat_acfbc9604c933a917cd4 19 RDGRLVDLLDGLLDQGVVLRGEAWISVADVDLVFLGLDLVLANPDR 64
                              5789************************************998776 PP

>> nat_17f8dbacce8546140dc8  
   #    score  bias  c-Evalue  i-Evalue hmmfrom  hmm to    alifrom  ali to    envfrom  env to     acc
 ---   ------ ----- --------- --------- ------- -------    ------- -------    ------- -------    ----
   1 !   28.0   0.2   1.1e-07   1.4e-07      20      59 ..      21      59 ..       2      64 .. 0.89

  Alignments for each domain:
  == domain 1  score: 28.0 bits;  conditional E-value: 1.1e-07
                      gvpj 20 diLervLDkGvviagDiavsiadveLltiklRllvasvdk 59
                              d++  +LD+G+v    + vs+  +eLlt+  R++vasvd+
  nat_17f8dbacce8546140dc8 21 DVI-DILDRGLVTDIHLRVSLVGIELLTVDARIVVASVDT 59
                              555.48*********************************7 PP

>> nat_f1dfa126e7493ff95915  
   #    score  bias  c-Evalue  i-Evalue hmmfrom  hmm to    alifrom  ali to    envfrom  env to     acc
 ---   ------ ----- --------- --------- ------- -------    ------- -------    ------- -------    ----
   1 !   25.9   0.0     5e-07   6.1e-07       7      59 ..      10      62 ..       1      80 [. 0.85

  Alignments for each domain:
  == domain 1  score: 25.9 bits;  conditional E-value: 5e-07
                      gvpj  7 saiktstssstladiLervLDkGvviagDiavsiadveLltiklRllvasvdk 59
                              +    +  +++l d+++++L++Gvv++g++++s+a v+L+  +l ll+   d+
  nat_f1dfa126e7493ff95915 10 QVAMLDPRGGSLLDLVDNLLNQGVVLTGELTLSLAGVDLVYARLSLLLCVSDR 62
                              4445567899**********************************999877665 PP

>> nat_9029bc6ccd84f10c931a  
   #    score  bias  c-Evalue  i-Evalue hmmfrom  hmm to    alifrom  ali to    envfrom  env to     acc
 ---   ------ ----- --------- --------- ------- -------    ------- -------    ------- -------    ----
   1 !   24.4   0.0   1.5e-06   1.9e-06      17      51 ..       9      43 ..       5      56 .. 0.93

  Alignments for each domain:
  == domain 1  score: 24.4 bits;  conditional E-value: 1.5e-06
                      gvpj 17 tladiLervLDkGvviagDiavsiadveLltiklR 51
                               l+d+L+r+L  G v++gD+ +siad++L+ i+ R
  nat_9029bc6ccd84f10c931a  9 RLIDLLDRLLSGGAVLTGDLVLSIADIDLVRIQSR 43
                              589*****************************977 PP

>> nat_a17dbfe78e8ff3f30cdf  
   #    score  bias  c-Evalue  i-Evalue hmmfrom  hmm to    alifrom  ali to    envfrom  env to     acc
 ---   ------ ----- --------- --------- ------- -------    ------- -------    ------- -------    ----
   1 ?   11.9   0.2     0.011     0.014      17      37 ..      14      34 ..       2      47 .. 0.88

  Alignments for each domain:
  == domain 1  score: 11.9 bits;  conditional E-value: 0.011
                      gvpj 17 tladiLervLDkGvviagDia 37
                               l+d L+r+L  Gvv++gD++
  nat_a17dbfe78e8ff3f30cdf 14 ALVDTLDRLLAGGVVVSGDLT 34
                              699****************87 PP

>> nat_1b6af661fda31bf1e196  
   #    score  bias  c-Evalue  i-Evalue hmmfrom  hmm to    alifrom  ali to    envfrom  env to     acc
 ---   ------ ----- --------- --------- ------- -------    ------- -------    ------- -------    ----
   1 ?    4.7   2.1       1.9       2.4      79     119 ..     205     245 ..     130     250 .. 0.87

  Alignments for each domain:
  == domain 1  score: 4.7 bits;  conditional E-value: 1.9
                      gvpj  79 eeleeenkqlqerlksLeeklesekldelsseagasvssva 119
                                +le+  +++ ++++ Le+   ++ +de++se+g s ++ +
  nat_1b6af661fda31bf1e196 205 GDLERRLDEVAREVHALERSKTATLSDEVTSESGGSATNRD 245
                               5677777888889999999999999*********9988876 PP

>> nat_68254939d0e81bc7115c  
   #    score  bias  c-Evalue  i-Evalue hmmfrom  hmm to    alifrom  ali to    envfrom  env to     acc
 ---   ------ ----- --------- --------- ------- -------    ------- -------    ------- -------    ----
   1 ?    6.0   0.1      0.77      0.95      80     118 ..      47      85 ..      28      92 .. 0.83

  Alignments for each domain:
  == domain 1  score: 6.0 bits;  conditional E-value: 0.77
                      gvpj  80 eleeenkqlqerlksLeeklesekldelsseagasvssv 118
                               ++ + ++q+ +rl++L+++l+  +ld  ++ + a +s++
  nat_68254939d0e81bc7115c  47 RVCDRQQQIIDRLAELDRNLAQLDLDVENNAVSAEMSEA 85 
                               6777899999**********9999998888888888765 PP

>> nat_8fce9d99308bcf67cd3b  
   #    score  bias  c-Evalue  i-Evalue hmmfrom  hmm to    alifrom  ali to    envfrom  env to     acc
 ---   ------ ----- --------- --------- ------- -------    ------- -------    ------- -------    ----
   1 ?    5.1   0.0       1.5       1.8      74     101 ..      47      74 ..      28     103 .. 0.74

  Alignments for each domain:
  == domain 1  score: 5.1 bits;  conditional E-value: 1.5
                      gvpj  74 lsskaeeleeenkqlqerlksLeekles 101
                               l+   ++l+ee + lq+r++ +e++l+ 
  nat_8fce9d99308bcf67cd3b  47 LAVEKKRLTEELEVLQSRSHIIEQRLAL 74 
                               55556999999999****9999999853 PP

>> nat_d0f5f95022cd7da863cf  
   #    score  bias  c-Evalue  i-Evalue hmmfrom  hmm to    alifrom  ali to    envfrom  env to     acc
 ---   ------ ----- --------- --------- ------- -------    ------- -------    ------- -------    ----
   1 ?    4.8   1.4       1.8       2.2      79     100 ..      22      43 ..       7      87 .. 0.56

  Alignments for each domain:
  == domain 1  score: 4.8 bits;  conditional E-value: 1.8
                      gvpj  79 eeleeenkqlqerlksLeekle 100
                               ++++e+ +++++++++L ++l 
  nat_d0f5f95022cd7da863cf  22 QRIQEKLEMMERQIQQLKNRLT 43 
                               4444444444444444444432 PP

>> nat_42c70c8520ebfd69a3a8  
   #    score  bias  c-Evalue  i-Evalue hmmfrom  hmm to    alifrom  ali to    envfrom  env to     acc
 ---   ------ ----- --------- --------- ------- -------    ------- -------    ------- -------    ----
   1 ?    4.8   0.0       1.7       2.1      74     101 ..      32      59 ..      12      91 .. 0.76

  Alignments for each domain:
  == domain 1  score: 4.8 bits;  conditional E-value: 1.7
                      gvpj  74 lsskaeeleeenkqlqerlksLeekles 101
                               l+   ++l+ee + lq+r++ +e++l+ 
  nat_42c70c8520ebfd69a3a8  32 LAVEKNRLTEELEVLQSRSHIIEQRLAL 59 
                               4555589999999999999999999853 PP

>> nat_64e943fc36a310c6d121  
   #    score  bias  c-Evalue  i-Evalue hmmfrom  hmm to    alifrom  ali to    envfrom  env to     acc
 ---   ------ ----- --------- --------- ------- -------    ------- -------    ------- -------    ----
   1 ?    4.6   1.6       2.1       2.5      79     100 ..      22      43 ..       6      89 .. 0.56

  Alignments for each domain:
  == domain 1  score: 4.6 bits;  conditional E-value: 2.1
                      gvpj  79 eeleeenkqlqerlksLeekle 100
                               ++++e+ +++++++++L ++l 
  nat_64e943fc36a310c6d121  22 QRIQEKLEMMERQIQQLKNRLT 43 
                               4444444444444444444432 PP

>> nat_9f67ffb9509d5a532d5a  
   #    score  bias  c-Evalue  i-Evalue hmmfrom  hmm to    alifrom  ali to    envfrom  env to     acc
 ---   ------ ----- --------- --------- ------- -------    ------- -------    ------- -------    ----
   1 ?    3.9   2.1       3.2         4      79     100 ..      22      43 ..       6      90 .. 0.57

  Alignments for each domain:
  == domain 1  score: 3.9 bits;  conditional E-value: 3.2
                      gvpj  79 eeleeenkqlqerlksLeekle 100
                               ++++e+ +++++++++L ++l 
  nat_9f67ffb9509d5a532d5a  22 QRIQEKLEMMERQIQQLKNRLT 43 
                               4444444444444444444432 PP

>> nat_7d2ca121c0ce9f1da982  
   #    score  bias  c-Evalue  i-Evalue hmmfrom  hmm to    alifrom  ali to    envfrom  env to     acc
 ---   ------ ----- --------- --------- ------- -------    ------- -------    ------- -------    ----
   1 ?    2.7   0.1       7.8       9.6      76     104 ..     192     237 ..     141     298 .. 0.70

  Alignments for each domain:
  == domain 1  score: 2.7 bits;  conditional E-value: 7.8
                      gvpj  76 skaeeleeenkqlqerlksLeeklesek.................l 104
                               +++ ele+e ++  +++++Le+  +se                   
  nat_7d2ca121c0ce9f1da982 192 TMTAELEDELAEAAREVHTLERSPASEIskvagrdrggssrrsdgD 237
                               5677888888888888888888877776445555555555555540 PP

>> nat_7ec22aa305996fdcbbe6  
   #    score  bias  c-Evalue  i-Evalue hmmfrom  hmm to    alifrom  ali to    envfrom  env to     acc
 ---   ------ ----- --------- --------- ------- -------    ------- -------    ------- -------    ----
   1 ?    3.3   0.0         5       6.1      82     107 ..      46      71 ..      18      96 .. 0.80

  Alignments for each domain:
  == domain 1  score: 3.3 bits;  conditional E-value: 5
                      gvpj  82 eeenkqlqerlksLeeklesekldel 107
                               e+e + l e+l+++e++les k de 
  nat_7ec22aa305996fdcbbe6  46 EDEIERLGEQLATIEAELESLKADEG 71 
                               34567788899999999999998774 PP

>> nat_0aef17ff33a56ad243d6  
   #    score  bias  c-Evalue  i-Evalue hmmfrom  hmm to    alifrom  ali to    envfrom  env to     acc
 ---   ------ ----- --------- --------- ------- -------    ------- -------    ------- -------    ----
   1 ?    3.5   0.1       4.6       5.6      82     103 ..      48      69 ..      12      82 .. 0.73

  Alignments for each domain:
  == domain 1  score: 3.5 bits;  conditional E-value: 4.6
                      gvpj  82 eeenkqlqerlksLeeklesek 103
                               e+++++ ++r ++Le+++e+ +
  nat_0aef17ff33a56ad243d6  48 ERSDEEYRRRKEELEAEIETAR 69 
                               4566778888999999998765 PP

>> nat_d95288fc3c89b2227500  
   #    score  bias  c-Evalue  i-Evalue hmmfrom  hmm to    alifrom  ali to    envfrom  env to     acc
 ---   ------ ----- --------- --------- ------- -------    ------- -------    ------- -------    ----
   1 ?    2.3   0.3        10        13      76     115 ..     192     231 ..     174     289 .. 0.77

  Alignments for each domain:
  == domain 1  score: 2.3 bits;  conditional E-value: 10
                      gvpj  76 skaeeleeenkqlqerlksLeeklesekldelsseagasv 115
                               +++ ele+e ++  +++++Le+  +se ++ +  ++g s 
  nat_d95288fc3c89b2227500 192 TMTAELEDELAEAAREVHTLERSPASEISKVAGRDSGGSS 231
                               6778999999999999999999998887544444444433 PP

>> nat_3521af063e9b236548c0  
   #    score  bias  c-Evalue  i-Evalue hmmfrom  hmm to    alifrom  ali to    envfrom  env to     acc
 ---   ------ ----- --------- --------- ------- -------    ------- -------    ------- -------    ----
   1 ?    4.2   1.3       2.7       3.3      79     100 ..      38      59 ..      22     102 .. 0.57

  Alignments for each domain:
  == domain 1  score: 4.2 bits;  conditional E-value: 2.7
                      gvpj  79 eeleeenkqlqerlksLeekle 100
                               ++++e+ +++++++++L ++l 
  nat_3521af063e9b236548c0  38 QRIQEKLEMMERQIQQLKNRLT 59 
                               4444444444444444444432 PP

>> nat_13a8858106c206244ca2  
   #    score  bias  c-Evalue  i-Evalue hmmfrom  hmm to    alifrom  ali to    envfrom  env to     acc
 ---   ------ ----- --------- --------- ------- -------    ------- -------    ------- -------    ----
   1 ?    2.9   0.8       6.9       8.5      82     104 ..      38      62 ..      23     102 .. 0.61

  Alignments for each domain:
  == domain 1  score: 2.9 bits;  conditional E-value: 6.9
                      gvpj  82 eeenkqlqerlksLeeklesek..l 104
                               +e+n+ ++ +++ L ++l++ +  l
  nat_13a8858106c206244ca2  38 MESNDLSETEIERLGQRLDALEdeL 62 
                               4555555556666666555544221 PP

>> nat_f9ed5273156498868a4d  
   #    score  bias  c-Evalue  i-Evalue hmmfrom  hmm to    alifrom  ali to    envfrom  env to     acc
 ---   ------ ----- --------- --------- ------- -------    ------- -------    ------- -------    ----
   1 ?    2.3   0.0        10        13      89     104 ..     156     232 ..     130     264 .. 0.63

  Alignments for each domain:
  == domain 1  score: 2.3 bits;  conditional E-value: 10
                      gvpj  89 qerlksLeeklesek.............................................................l 104
                                +rl++L+e++++ +                                                              
  nat_f9ed5273156498868a4d 156 DDRLRELDERIAASEtgtafllekqfdqrlaavresrrealtgdlearlderarevhslerspsatlegasgesdaA 232
                               56888888888776666677766666666666666666666666666655555555555555555555555544440 PP

>> nat_b07496d6758a328c5961  
   #    score  bias  c-Evalue  i-Evalue hmmfrom  hmm to    alifrom  ali to    envfrom  env to     acc
 ---   ------ ----- --------- --------- ------- -------    ------- -------    ------- -------    ----
   1 ?    2.9   0.4       6.8       8.4      83     106 ..      50      74 ..      29      84 .. 0.70

  Alignments for each domain:
  == domain 1  score: 2.9 bits;  conditional E-value: 6.8
                      gvpj  83 eenkqlqerlksLeekles.eklde 106
                               +++++ q+r ++Le++le  e+ +e
  nat_b07496d6758a328c5961  50 RDEEEYQQRRRELEAELEVaEQAHE 74 
                               5566778888888888874134333 PP

>> nat_944bef72ec0f0333ef58  
   #    score  bias  c-Evalue  i-Evalue hmmfrom  hmm to    alifrom  ali to    envfrom  env to     acc
 ---   ------ ----- --------- --------- ------- -------    ------- -------    ------- -------    ----
   1 ?    3.6   1.7         4       4.9      79     100 ..      38      59 ..      20     103 .. 0.57

  Alignments for each domain:
  == domain 1  score: 3.6 bits;  conditional E-value: 4
                      gvpj  79 eeleeenkqlqerlksLeekle 100
                               ++++e+ ++++++l++L ++l 
  nat_944bef72ec0f0333ef58  38 QRIQEKLEMMERQLQQLKNRLT 59 
                               3444444444444444444432 PP

>> nat_bb2d656c6c5518eb0448  
   #    score  bias  c-Evalue  i-Evalue hmmfrom  hmm to    alifrom  ali to    envfrom  env to     acc
 ---   ------ ----- --------- --------- ------- -------    ------- -------    ------- -------    ----
   1 ?    2.7   0.1       7.7       9.5      77     107 ..      38      69 ..      13     102 .. 0.66

  Alignments for each domain:
  == domain 1  score: 2.7 bits;  conditional E-value: 7.7
                      gvpj  77 kaeel.eeenkqlqerlksLeeklesekldel 107
                                a  l e+e + l ++l+s+e++le+ k d+ 
  nat_bb2d656c6c5518eb0448  38 EAGSLsEAEIERLGRQLASIEDELEAMKRDQG 69 
                               44444134556777888888888888876554 PP

>> nat_7c7d01a7d3871f469ba6  
   #    score  bias  c-Evalue  i-Evalue hmmfrom  hmm to    alifrom  ali to    envfrom  env to     acc
 ---   ------ ----- --------- --------- ------- -------    ------- -------    ------- -------    ----
   1 ?    2.7   0.2       7.9       9.6      46      61 ..      40      55 ..       5      92 .. 0.74

  Alignments for each domain:
  == domain 1  score: 2.7 bits;  conditional E-value: 7.9
                      gvpj 46 ltiklRllvasvdkak 61
                              l+ ++R l asv +a+
  nat_7c7d01a7d3871f469ba6 40 LQARIRELEASVTRAE 55
                              4445555555555443 PP

>> nat_00dad4d9eb9c6aee9740  
   #    score  bias  c-Evalue  i-Evalue hmmfrom  hmm to    alifrom  ali to    envfrom  env to     acc
 ---   ------ ----- --------- --------- ------- -------    ------- -------    ------- -------    ----
   1 ?    1.9   0.1        13        16      46      65 ..      68      87 ..      59     103 .. 0.78

  Alignments for each domain:
  == domain 1  score: 1.9 bits;  conditional E-value: 13
                      gvpj 46 ltiklRllvasvdkakeiGl 65
                              l+ ++R l +s+ +a+  G+
  nat_00dad4d9eb9c6aee9740 68 LQARIRELESSISRAEAAGM 87
                              66788888888888888776 PP

>> nat_08f506a8e9498c03b468  
   #    score  bias  c-Evalue  i-Evalue hmmfrom  hmm to    alifrom  ali to    envfrom  env to     acc
 ---   ------ ----- --------- --------- ------- -------    ------- -------    ------- -------    ----
   1 ?    3.3   1.4       5.2       6.4      83     103 ..      35      55 ..      22     104 .. 0.59

  Alignments for each domain:
  == domain 1  score: 3.3 bits;  conditional E-value: 5.2
                      gvpj  83 eenkqlqerlksLeeklesek 103
                                e + +qe+l+ +e++++  k
  nat_08f506a8e9498c03b468  35 TEKQRIQEKLELMERQIQQLK 55 
                               455555555555555554333 PP

>> nat_cb75faf383e3b49f7b2a  
   #    score  bias  c-Evalue  i-Evalue hmmfrom  hmm to    alifrom  ali to    envfrom  env to     acc
 ---   ------ ----- --------- --------- ------- -------    ------- -------    ------- -------    ----
   1 ?    2.6   0.1       8.7        11      82     105 ..      46      69 ..      16      88 .. 0.69

  Alignments for each domain:
  == domain 1  score: 2.6 bits;  conditional E-value: 8.7
                      gvpj  82 eeenkqlqerlksLeeklesekld 105
                               eee +ql ++l+ Le +le  k +
  nat_cb75faf383e3b49f7b2a  46 EEEIEQLGQHLHALECELEKLKQE 69 
                               455677777777777777766554 PP

>> nat_581afdb2c32bf607da5a  
   #    score  bias  c-Evalue  i-Evalue hmmfrom  hmm to    alifrom  ali to    envfrom  env to     acc
 ---   ------ ----- --------- --------- ------- -------    ------- -------    ------- -------    ----
   1 ?    2.5   0.1       8.9        11      83     106 ..      46      69 ..      13     101 .. 0.63

  Alignments for each domain:
  == domain 1  score: 2.5 bits;  conditional E-value: 8.9
                      gvpj  83 eenkqlqerlksLeekleseklde 106
                               ee + l ++l+ +e+++es k +e
  nat_581afdb2c32bf607da5a  46 EEIERLGRQLAAIESEIESLKEQE 69 
                               334445555555555555555333 PP

>> nat_cce2f3d132dd4e662b2d  
   #    score  bias  c-Evalue  i-Evalue hmmfrom  hmm to    alifrom  ali to    envfrom  env to     acc
 ---   ------ ----- --------- --------- ------- -------    ------- -------    ------- -------    ----
   1 ?    2.5   0.1         9        11      87     102 ..      49      64 ..      18     103 .. 0.70

  Alignments for each domain:
  == domain 1  score: 2.5 bits;  conditional E-value: 9
                      gvpj  87 qlqerlksLeeklese 102
                               +lq r+++Le+ +   
  nat_cce2f3d132dd4e662b2d  49 TLQARIRELEASISRA 64 
                               5566666666554322 PP

>> nat_00945445101ba336d3c1  
   #    score  bias  c-Evalue  i-Evalue hmmfrom  hmm to    alifrom  ali to    envfrom  env to     acc
 ---   ------ ----- --------- --------- ------- -------    ------- -------    ------- -------    ----
   1 ?    2.3   0.1        10        13      79     102 ..      50      73 ..      13      99 .. 0.50

  Alignments for each domain:
  == domain 1  score: 2.3 bits;  conditional E-value: 10
                      gvpj  79 eeleeenkqlqerlksLeeklese 102
                               ++l ++ + ++ +l++L +  e e
  nat_00945445101ba336d3c1  50 DRLGRQLAAIEAELEELKRDQEIE 73 
                               333334444444444444433333 PP

>> nat_faf24daf3257ab31b44d  
   #    score  bias  c-Evalue  i-Evalue hmmfrom  hmm to    alifrom  ali to    envfrom  env to     acc
 ---   ------ ----- --------- --------- ------- -------    ------- -------    ------- -------    ----
   1 ?    2.6   0.1       8.6        11      82     103 ..      48      69 ..       9      82 .. 0.70

  Alignments for each domain:
  == domain 1  score: 2.6 bits;  conditional E-value: 8.6
                      gvpj  82 eeenkqlqerlksLeeklesek 103
                               e+++++ ++r ++Le++le  +
  nat_faf24daf3257ab31b44d  48 ERSEEEYRRRKEELETELEIAR 69 
                               3455667778888888876443 PP

>> nat_ca058e965d65a8238480  
   #    score  bias  c-Evalue  i-Evalue hmmfrom  hmm to    alifrom  ali to    envfrom  env to     acc
 ---   ------ ----- --------- --------- ------- -------    ------- -------    ------- -------    ----
   1 ?    2.3   0.4        11        13      76      97 ..      46      67 ..      13     101 .. 0.50

  Alignments for each domain:
  == domain 1  score: 2.3 bits;  conditional E-value: 11
                      gvpj 76 skaeeleeenkqlqerlksLee 97
                              +  e+l ++ + l+++l+ L e
  nat_ca058e965d65a8238480 46 EEIERLGAQLAALEDELERLKE 67
                              2223333333333333333332 PP

>> nat_74988e137075760b96c3  
   #    score  bias  c-Evalue  i-Evalue hmmfrom  hmm to    alifrom  ali to    envfrom  env to     acc
 ---   ------ ----- --------- --------- ------- -------    ------- -------    ------- -------    ----
   1 ?    1.6   0.2        18        22      76     105 ..     190     219 ..     150     291 .. 0.77

  Alignments for each domain:
  == domain 1  score: 1.6 bits;  conditional E-value: 18
                      gvpj  76 skaeeleeenkqlqerlksLeeklesekld 105
                               +++ ele+e ++  +++++Le+  +se ++
  nat_74988e137075760b96c3 190 TMTAELEAELAKEAREVHTLERSPASEITK 219
                               567888888888888999998887776532 PP

>> nat_a07c55369bbbf7504123  
   #    score  bias  c-Evalue  i-Evalue hmmfrom  hmm to    alifrom  ali to    envfrom  env to     acc
 ---   ------ ----- --------- --------- ------- -------    ------- -------    ------- -------    ----
   1 ?    2.3   0.6        11        13      82     103 ..      48      69 ..       6      83 .. 0.63

  Alignments for each domain:
  == domain 1  score: 2.3 bits;  conditional E-value: 11
                      gvpj  82 eeenkqlqerlksLeeklesek 103
                               e+++++ ++r ++Le+++e  +
  nat_a07c55369bbbf7504123  48 ERSEEEYRRRKEELEAEIEIAQ 69 
                               3445556667777777776443 PP

>> nat_04929645ec641fea858e  
   #    score  bias  c-Evalue  i-Evalue hmmfrom  hmm to    alifrom  ali to    envfrom  env to     acc
 ---   ------ ----- --------- --------- ------- -------    ------- -------    ------- -------    ----
   1 ?    1.2   0.3        23        29      78     110 ..     205     237 ..     142     248 .. 0.73

  Alignments for each domain:
  == domain 1  score: 1.2 bits;  conditional E-value: 23
                      gvpj  78 aeeleeenkqlqerlksLeeklesekldelsse 110
                               + +l+e  +++ +++++Le+   +  +de+++e
  nat_04929645ec641fea858e 205 TADLQERLADVAREVHTLERSPSASLSDEVAGE 237
                               344555556666666666666666666666655 PP

>> nat_522d67ce81d99440c3e9  
   #    score  bias  c-Evalue  i-Evalue hmmfrom  hmm to    alifrom  ali to    envfrom  env to     acc
 ---   ------ ----- --------- --------- ------- -------    ------- -------    ------- -------    ----
   1 ?    2.0   0.2        13        16      87      99 ..      49      61 ..      14     100 .. 0.71

  Alignments for each domain:
  == domain 1  score: 2.0 bits;  conditional E-value: 13
                      gvpj 87 qlqerlksLeekl 99
                               lq r+++Le+ +
  nat_522d67ce81d99440c3e9 49 SLQARIRELESSV 61
                              3444444444333 PP

>> nat_768a4a0928de3c3de043  
   #    score  bias  c-Evalue  i-Evalue hmmfrom  hmm to    alifrom  ali to    envfrom  env to     acc
 ---   ------ ----- --------- --------- ------- -------    ------- -------    ------- -------    ----
   1 ?    1.6   0.0        17        20      66     104 ..     129     177 ..     127     260 .. 0.63

  Alignments for each domain:
  == domain 1  score: 1.6 bits;  conditional E-value: 17
                      gvpj  66 dwwesdPylsskaeeleeenkqlqerlksLeeklesek..........l 104
                               d+we    ++   e++ ee +   e+l+ L e++e  +           
  nat_768a4a0928de3c3de043 129 DHWEYRVSVTWDEERIREEIASGDEELADLRERIEDADegtafllekqY 177
                               5677777777777888888888888888888888765544555555540 PP

>> nat_b854d939d1cc416089b0  
   #    score  bias  c-Evalue  i-Evalue hmmfrom  hmm to    alifrom  ali to    envfrom  env to     acc
 ---   ------ ----- --------- --------- ------- -------    ------- -------    ------- -------    ----
   1 ?    2.2   0.1        11        14      78      97 ..      48      67 ..      12      97 .. 0.57

  Alignments for each domain:
  == domain 1  score: 2.2 bits;  conditional E-value: 11
                      gvpj 78 aeeleeenkqlqerlksLee 97
                               e+l  + + l+e+++ L e
  nat_b854d939d1cc416089b0 48 IERLGSQLAALEEEIERLKE 67
                              23344444444444444433 PP

>> nat_22f3216261d87724d5ca  
   #    score  bias  c-Evalue  i-Evalue hmmfrom  hmm to    alifrom  ali to    envfrom  env to     acc
 ---   ------ ----- --------- --------- ------- -------    ------- -------    ------- -------    ----
   1 ?    2.2   0.2        11        14      86     102 ..      38      54 ..       9      92 .. 0.70

  Alignments for each domain:
  == domain 1  score: 2.2 bits;  conditional E-value: 11
                      gvpj  86 kqlqerlksLeeklese 102
                               + lq r+++Le+ +   
  nat_22f3216261d87724d5ca  38 GSLQARIRELESSISRA 54 
                               45666667766655333 PP

>> nat_e019c232d73b7720272e  
   #    score  bias  c-Evalue  i-Evalue hmmfrom  hmm to    alifrom  ali to    envfrom  env to     acc
 ---   ------ ----- --------- --------- ------- -------    ------- -------    ------- -------    ----
   1 ?    2.0   1.4        13        16      72     106 ..      44      79 ..      36      95 .. 0.73

  Alignments for each domain:
  == domain 1  score: 2.0 bits;  conditional E-value: 13
                      gvpj  72 Pylsska.eeleeenkqlqerlksLeekleseklde 106
                               P+ ++      ee+ +  q++++++++ +e+e+++ 
  nat_e019c232d73b7720272e  44 PATANSKqTTSEEQKQSKQQKIRTIDQIVETEEMQS 79 
                               544444414455666677899*********999875 PP

>> nat_a805025f1e78467c4256  
   #    score  bias  c-Evalue  i-Evalue hmmfrom  hmm to    alifrom  ali to    envfrom  env to     acc
 ---   ------ ----- --------- --------- ------- -------    ------- -------    ------- -------    ----
   1 ?    2.3   1.1        11        13      82     103 ..      48      69 ..       9      82 .. 0.77

  Alignments for each domain:
  == domain 1  score: 2.3 bits;  conditional E-value: 11
                      gvpj  82 eeenkqlqerlksLeeklesek 103
                               e+++++ q+r ++Lee+le  +
  nat_a805025f1e78467c4256  48 ERSEEEYQRRKEELEEELEIAR 69 
                               4566777888888888887543 PP

>> nat_bf33b68f47e85cfde16e  
   #    score  bias  c-Evalue  i-Evalue hmmfrom  hmm to    alifrom  ali to    envfrom  env to     acc
 ---   ------ ----- --------- --------- ------- -------    ------- -------    ------- -------    ----
   1 ?    1.0   0.0        26        31      61     106 ..     188     232 ..     178     250 .. 0.65

  Alignments for each domain:
  == domain 1  score: 1.0 bits;  conditional E-value: 26
                      gvpj  61 keiGldwwesdPylsskaeeleeenkqlqerlksLeekleseklde 106
                               + i ++++e d  +s  +e  +ee ++   rl  L ++ + + l e
  nat_bf33b68f47e85cfde16e 188 EPIAVNYFEMDDSGSLITESHKEE-RNRVTRLGVLTHRDDEQALGE 232
                               4588999****9999996555444.444566777766665555444 PP

>> nat_71c4eaf80d5c340613c0  
   #    score  bias  c-Evalue  i-Evalue hmmfrom  hmm to    alifrom  ali to    envfrom  env to     acc
 ---   ------ ----- --------- --------- ------- -------    ------- -------    ------- -------    ----
   1 ?    1.5   0.1        18        22      89     104 ..     154     195 ..     122     263 .. 0.68

  Alignments for each domain:
  == domain 1  score: 1.5 bits;  conditional E-value: 18
                      gvpj  89 qerlksLeeklesek..........................l 104
                                +rl++L+e++++ +                          +
  nat_71c4eaf80d5c340613c0 154 DDRLRELDERIDASEegaafllekqyeqrvrelqqarreslS 195
                               567888888887766555555555555555555555444441 PP

>> nat_21ce4c05e2c1231a2b33  
   #    score  bias  c-Evalue  i-Evalue hmmfrom  hmm to    alifrom  ali to    envfrom  env to     acc
 ---   ------ ----- --------- --------- ------- -------    ------- -------    ------- -------    ----
   1 ?    2.1   0.4        12        15      82     101 ..      48      67 ..       6      82 .. 0.65

  Alignments for each domain:
  == domain 1  score: 2.1 bits;  conditional E-value: 12
                      gvpj  82 eeenkqlqerlksLeekles 101
                               e+++++ +er ++Lee++e 
  nat_21ce4c05e2c1231a2b33  48 ERSEAEYRERKAELEEEIEI 67 
                               34555667777777777764 PP

>> nat_f78382fe3dd21fcadefa  
   #    score  bias  c-Evalue  i-Evalue hmmfrom  hmm to    alifrom  ali to    envfrom  env to     acc
 ---   ------ ----- --------- --------- ------- -------    ------- -------    ------- -------    ----
   1 ?    2.1   0.1        12        15      83     102 ..      49      68 ..      15      82 .. 0.72

  Alignments for each domain:
  == domain 1  score: 2.1 bits;  conditional E-value: 12
                      gvpj  83 eenkqlqerlksLeeklese 102
                               +++++ +er ++Le++le  
  nat_f78382fe3dd21fcadefa  49 RSEEEYRERKEELEAELEVA 68 
                               45556677777777777644 PP

>> nat_acc4591c95caebc1acdc  
   #    score  bias  c-Evalue  i-Evalue hmmfrom  hmm to    alifrom  ali to    envfrom  env to     acc
 ---   ------ ----- --------- --------- ------- -------    ------- -------    ------- -------    ----
   1 ?    2.0   0.2        13        15      86     102 ..      38      54 ..       8      90 .. 0.71

  Alignments for each domain:
  == domain 1  score: 2.0 bits;  conditional E-value: 13
                      gvpj  86 kqlqerlksLeeklese 102
                               + lq r+++Le+ +   
  nat_acc4591c95caebc1acdc  38 GSLQARIRELESSISHA 54 
                               45677777777666433 PP

>> nat_3cabc956bfd183de1f63  
   #    score  bias  c-Evalue  i-Evalue hmmfrom  hmm to    alifrom  ali to    envfrom  env to     acc
 ---   ------ ----- --------- --------- ------- -------    ------- -------    ------- -------    ----
   1 ?    1.2   0.7        23        29      76     107 ..     192     223 ..     145     293 .. 0.72

  Alignments for each domain:
  == domain 1  score: 1.2 bits;  conditional E-value: 23
                      gvpj  76 skaeeleeenkqlqerlksLeeklesekldel 107
                               +++ ele e ++  +++++Le+  +se ++ +
  nat_3cabc956bfd183de1f63 192 TMTAELETELAEEAREVHTLERSPASEISKVA 223
                               45677777777777778888777766663333 PP

>> nat_e355a3cabd64b6b94474  
   #    score  bias  c-Evalue  i-Evalue hmmfrom  hmm to    alifrom  ali to    envfrom  env to     acc
 ---   ------ ----- --------- --------- ------- -------    ------- -------    ------- -------    ----
   1 ?    2.0   1.1        13        16      82     103 ..      48      69 ..       9      82 .. 0.75

  Alignments for each domain:
  == domain 1  score: 2.0 bits;  conditional E-value: 13
                      gvpj  82 eeenkqlqerlksLeeklesek 103
                               e+++++ ++r ++Le++le+ +
  nat_e355a3cabd64b6b94474  48 ERSEEEYRRRKEELEAELETAR 69 
                               3455667788888888887754 PP

>> nat_4d6fdbbe43a6a597d4b4  
   #    score  bias  c-Evalue  i-Evalue hmmfrom  hmm to    alifrom  ali to    envfrom  env to     acc
 ---   ------ ----- --------- --------- ------- -------    ------- -------    ------- -------    ----
   1 ?    2.0   0.0        13        16      83     106 ..      47      70 ..      16      99 .. 0.68

  Alignments for each domain:
  == domain 1  score: 2.0 bits;  conditional E-value: 13
                      gvpj  83 eenkqlqerlksLeekleseklde 106
                               ee + l ++l+s+e+++e  k de
  nat_4d6fdbbe43a6a597d4b4  47 EEIERLGQQLASIEAEIEQLKDDE 70 
                               344555566666666666555444 PP

>> nat_88ee1049db109262717a  
   #    score  bias  c-Evalue  i-Evalue hmmfrom  hmm to    alifrom  ali to    envfrom  env to     acc
 ---   ------ ----- --------- --------- ------- -------    ------- -------    ------- -------    ----
   1 ?    0.2   0.1        48        59      78     105 ..      21      48 ..      13     106 .. 0.77

  Alignments for each domain:
  == domain 1  score: 0.2 bits;  conditional E-value: 48
                      gvpj  78 aeeleeenkqlqerlksLeeklesekld 105
                                ++ ++ ++q  ++l+ Le++ + +  +
  nat_88ee1049db109262717a  21 EKRQQRTQQQEDKELERLEKQRDGRSRE 48 
                               4666777788888889999888766543 PP

>> nat_08d3e542ff49c899a532  
   #    score  bias  c-Evalue  i-Evalue hmmfrom  hmm to    alifrom  ali to    envfrom  env to     acc
 ---   ------ ----- --------- --------- ------- -------    ------- -------    ------- -------    ----
   1 ?    1.4   0.1        19        24      46      65 ..      50      69 ..      15      80 .. 0.73

  Alignments for each domain:
  == domain 1  score: 1.4 bits;  conditional E-value: 19
                      gvpj 46 ltiklRllvasvdkakeiGl 65
                              l+ ++R l a v +a+  G+
  nat_08d3e542ff49c899a532 50 LQARIRDLEANVTRAEAAGM 69
                              44555555555555555554 PP

>> nat_c0d82e06313e16097f0a  
   #    score  bias  c-Evalue  i-Evalue hmmfrom  hmm to    alifrom  ali to    envfrom  env to     acc
 ---   ------ ----- --------- --------- ------- -------    ------- -------    ------- -------    ----
   1 ?    0.9   0.0        29        36      81     104 ..     147     185 ..     129     284 .. 0.63

  Alignments for each domain:
  == domain 1  score: 0.9 bits;  conditional E-value: 29
                      gvpj  81 leeenkqlqerlksLeeklesek...............l 104
                               +e++++ l e  ++L++ +e +                 
  nat_c0d82e06313e16097f0a 147 VEASDDRLAELAETLDDSSEGTSflvqkqydkrlsdlvY 185
                               444444444444444444443334444444444444440 PP

>> nat_9ec14e80a2c82af4533c  
   #    score  bias  c-Evalue  i-Evalue hmmfrom  hmm to    alifrom  ali to    envfrom  env to     acc
 ---   ------ ----- --------- --------- ------- -------    ------- -------    ------- -------    ----
   1 ?    2.0   0.1        13        16      83     104 ..      49      70 ..      14      81 .. 0.75

  Alignments for each domain:
  == domain 1  score: 2.0 bits;  conditional E-value: 13
                      gvpj  83 eenkqlqerlksLeeklesekl 104
                               +++ +  +r ++Le++le+ +l
  nat_9ec14e80a2c82af4533c  49 RDESEYAKRKAELEAELETAEL 70 
                               4455667777888888877664 PP

>> nat_82589630f5ae2d3f307c  
   #    score  bias  c-Evalue  i-Evalue hmmfrom  hmm to    alifrom  ali to    envfrom  env to     acc
 ---   ------ ----- --------- --------- ------- -------    ------- -------    ------- -------    ----
   1 ?    1.3   0.3        21        26      82     112 ..      44      69 ..      15      88 .. 0.67

  Alignments for each domain:
  == domain 1  score: 1.3 bits;  conditional E-value: 21
                      gvpj  82 eeenkqlqerlksLeeklesekldelsseag 112
                               eee++ l e l +L+e ++  k      e g
  nat_82589630f5ae2d3f307c  44 EEEQNRLGEALMELDEAMDQLKA-----EHG 69 
                               44555666667777766655444.....333 PP

>> nat_341f22f6df848fe1e159  
   #    score  bias  c-Evalue  i-Evalue hmmfrom  hmm to    alifrom  ali to    envfrom  env to     acc
 ---   ------ ----- --------- --------- ------- -------    ------- -------    ------- -------    ----
   1 ?    1.6   0.6        17        21      79     103 ..       9      33 ..       2      82 .. 0.61

  Alignments for each domain:
  == domain 1  score: 1.6 bits;  conditional E-value: 17
                      gvpj  79 eeleeenkqlqerlksLeeklesek 103
                               +++  e + l++r ++L +k e  +
  nat_341f22f6df848fe1e159   9 HRVLSETDALRDRRAHLLRKAENSR 33 
                               5666667777777666666665554 PP

>> nat_9295f767a32dcface418  
   #    score  bias  c-Evalue  i-Evalue hmmfrom  hmm to    alifrom  ali to    envfrom  env to     acc
 ---   ------ ----- --------- --------- ------- -------    ------- -------    ------- -------    ----
   1 ?    1.6   0.1        17        20      80      84 ..      41      45 ..       2      84 .. 0.56

  Alignments for each domain:
  == domain 1  score: 1.6 bits;  conditional E-value: 17
                      gvpj 80 eleee 84
                              +l+ee
  nat_9295f767a32dcface418 41 DLQEE 45
                              23333 PP

>> nat_3f4ad2718cecb9460dfc  
   #    score  bias  c-Evalue  i-Evalue hmmfrom  hmm to    alifrom  ali to    envfrom  env to     acc
 ---   ------ ----- --------- --------- ------- -------    ------- -------    ------- -------    ----
   1 ?    1.9   0.5        14        17      82     103 ..      48      69 ..       9      83 .. 0.68

  Alignments for each domain:
  == domain 1  score: 1.9 bits;  conditional E-value: 14
                      gvpj  82 eeenkqlqerlksLeeklesek 103
                               e+++++ ++r ++Le+++e  +
  nat_3f4ad2718cecb9460dfc  48 ERSEEEYRRRKEELEAEIEFAQ 69 
                               3455566677777777776443 PP

>> nat_4dafb76c38e9b7d65498  
   #    score  bias  c-Evalue  i-Evalue hmmfrom  hmm to    alifrom  ali to    envfrom  env to     acc
 ---   ------ ----- --------- --------- ------- -------    ------- -------    ------- -------    ----
   1 ?    1.8   0.2        15        19      86     101 ..      48      63 ..      17     100 .. 0.72

  Alignments for each domain:
  == domain 1  score: 1.8 bits;  conditional E-value: 15
                      gvpj  86 kqlqerlksLeekles 101
                               + lq r+++Le+ +  
  nat_4dafb76c38e9b7d65498  48 GSLQARIRELESSISR 63 
                               4566666666665533 PP

>> nat_167bf66cb53e9339f788  
   #    score  bias  c-Evalue  i-Evalue hmmfrom  hmm to    alifrom  ali to    envfrom  env to     acc
 ---   ------ ----- --------- --------- ------- -------    ------- -------    ------- -------    ----
   1 ?    1.7   0.2        17        20      79     113 ..      48      83 ..      14      97 .. 0.56

  Alignments for each domain:
  == domain 1  score: 1.7 bits;  conditional E-value: 17
                      gvpj  79 eeleeenkqlqerlksLeeklese.kldelsseaga 113
                               e+l  + + l+e l+ L e  e   ++d+l ++  +
  nat_167bf66cb53e9339f788  48 ERLGSHLARLEEDLERLKEDQEIDgQVDQLRGDLDS 83 
                               444444444444444444333322134555555444 PP

>> nat_4206b3c83132ed838cad  
   #    score  bias  c-Evalue  i-Evalue hmmfrom  hmm to    alifrom  ali to    envfrom  env to     acc
 ---   ------ ----- --------- --------- ------- -------    ------- -------    ------- -------    ----
   1 ?    1.2   0.1        23        29      87     115 ..      56      85 ..      35     100 .. 0.54

  Alignments for each domain:
  == domain 1  score: 1.2 bits;  conditional E-value: 23
                      gvpj  87 qlqerlksLeekle.sekldelsseagasv 115
                                l+  l+ L e  e  e++d+l ++  + v
  nat_4206b3c83132ed838cad  56 ALEADLERLKEDQEvDEQVDQLRGDLDSLV 85 
                               444444444333331234444555444444 PP

>> nat_d4b37ab9b761d79418a8  
   #    score  bias  c-Evalue  i-Evalue hmmfrom  hmm to    alifrom  ali to    envfrom  env to     acc
 ---   ------ ----- --------- --------- ------- -------    ------- -------    ------- -------    ----
   1 ?    1.4   0.1        19        24      87      99 ..      49      61 ..      15      91 .. 0.68

  Alignments for each domain:
  == domain 1  score: 1.4 bits;  conditional E-value: 19
                      gvpj 87 qlqerlksLeekl 99
                               lq+r++ Le+ +
  nat_d4b37ab9b761d79418a8 49 SLQSRIRDLEASI 61
                              3444444444443 PP

>> nat_5862b03f358ba80678c2  
   #    score  bias  c-Evalue  i-Evalue hmmfrom  hmm to    alifrom  ali to    envfrom  env to     acc
 ---   ------ ----- --------- --------- ------- -------    ------- -------    ------- -------    ----
   1 ?    1.6   0.9        17        21      83     102 ..      49      68 ..      18      83 .. 0.73

  Alignments for each domain:
  == domain 1  score: 1.6 bits;  conditional E-value: 17
                      gvpj  83 eenkqlqerlksLeeklese 102
                               +++++ q+r ++Lee+le  
  nat_5862b03f358ba80678c2  49 RSEAEYQRRKAELEEELEIA 68 
                               45666777888888877643 PP

>> nat_9fafac92a5d42b5a3892  
   #    score  bias  c-Evalue  i-Evalue hmmfrom  hmm to    alifrom  ali to    envfrom  env to     acc
 ---   ------ ----- --------- --------- ------- -------    ------- -------    ------- -------    ----
   1 ?    1.7   0.5        16        19      84     101 ..      50      67 ..       6      82 .. 0.65

  Alignments for each domain:
  == domain 1  score: 1.7 bits;  conditional E-value: 16
                      gvpj  84 enkqlqerlksLeekles 101
                               ++++ ++r ++Lee++e 
  nat_9fafac92a5d42b5a3892  50 SEEEYRRRKEELEEEIEI 67 
                               445556677777777664 PP

>> nat_8c82fe5fea12885eaa10  
   #    score  bias  c-Evalue  i-Evalue hmmfrom  hmm to    alifrom  ali to    envfrom  env to     acc
 ---   ------ ----- --------- --------- ------- -------    ------- -------    ------- -------    ----
   1 ?    0.8   0.2        30        37      81     104 ..     145     183 ..     132     245 .. 0.64

  Alignments for each domain:
  == domain 1  score: 0.8 bits;  conditional E-value: 30
                      gvpj  81 leeenkqlqerlksLeeklesek...............l 104
                               l+e  +   +rl++L ekle                  +
  nat_8c82fe5fea12885eaa10 145 LAETVESNDDRLRELAEKLEDSSegtsyllqkqydkrlS 183
                               555555555666666666544332333444444444441 PP

>> nat_22edc8a638b6a2edc028  
   #    score  bias  c-Evalue  i-Evalue hmmfrom  hmm to    alifrom  ali to    envfrom  env to     acc
 ---   ------ ----- --------- --------- ------- -------    ------- -------    ------- -------    ----
   1 ?    1.5   0.6        18        22      86     102 ..      52      68 ..      21      83 .. 0.65

  Alignments for each domain:
  == domain 1  score: 1.5 bits;  conditional E-value: 18
                      gvpj  86 kqlqerlksLeeklese 102
                                + +er ++Lee++e  
  nat_22edc8a638b6a2edc028  52 TEYRERKEELEEEIEIA 68 
                               34455666666666543 PP

>> nat_c68280dd1cee4d2a5307  
   #    score  bias  c-Evalue  i-Evalue hmmfrom  hmm to    alifrom  ali to    envfrom  env to     acc
 ---   ------ ----- --------- --------- ------- -------    ------- -------    ------- -------    ----
   1 ?    0.8   0.0        30        36      88     105 ..      48      65 ..      41      92 .. 0.70

  Alignments for each domain:
  == domain 1  score: 0.8 bits;  conditional E-value: 30
                      gvpj  88 lqerlksLeeklesekld 105
                               l+ r++ Le++++  + +
  nat_c68280dd1cee4d2a5307  48 LRARIRALEAEINEAEAE 65 
                               566777777777655543 PP

>> nat_28fe1b57f20e35dc1b32  
   #    score  bias  c-Evalue  i-Evalue hmmfrom  hmm to    alifrom  ali to    envfrom  env to     acc
 ---   ------ ----- --------- --------- ------- -------    ------- -------    ------- -------    ----
   1 ?    1.5   0.7        19        23      83     103 ..      49      69 ..      30      83 .. 0.71

  Alignments for each domain:
  == domain 1  score: 1.5 bits;  conditional E-value: 19
                      gvpj  83 eenkqlqerlksLeeklesek 103
                               +++++ ++r ++Le++le+ +
  nat_28fe1b57f20e35dc1b32  49 RSEAEYRRRKDELEAELETAR 69 
                               456667788888888887754 PP

>> nat_2d3db8b8e0fa09ac51c5  
   #    score  bias  c-Evalue  i-Evalue hmmfrom  hmm to    alifrom  ali to    envfrom  env to     acc
 ---   ------ ----- --------- --------- ------- -------    ------- -------    ------- -------    ----
   1 ?    1.4   0.2        19        24      79     113 ..      48      83 ..      15      97 .. 0.55

  Alignments for each domain:
  == domain 1  score: 1.4 bits;  conditional E-value: 19
                      gvpj  79 eeleeenkqlqerlksLeekle.sekldelsseaga 113
                               e+l  + + l+e l+ L e     +++d+l ++  +
  nat_2d3db8b8e0fa09ac51c5  48 ERLGSHLARLEEDLERLKEDQGvDQQVDQLRGDLDS 83 
                               333333344444444443322202334555555444 PP

>> nat_63b8d2c76b5087893a75  
   #    score  bias  c-Evalue  i-Evalue hmmfrom  hmm to    alifrom  ali to    envfrom  env to     acc
 ---   ------ ----- --------- --------- ------- -------    ------- -------    ------- -------    ----
   1 ?    1.6   0.1        17        21      85     103 ..      48      66 ..      14      94 .. 0.60

  Alignments for each domain:
  == domain 1  score: 1.6 bits;  conditional E-value: 17
                      gvpj  85 nkqlqerlksLeeklesek 103
                                + + ++l+sLe++le  k
  nat_63b8d2c76b5087893a75  48 IERVGQQLASLEDELERMK 66 
                               3334445555555554333 PP

>> nat_e3af4a42319243713e17  
   #    score  bias  c-Evalue  i-Evalue hmmfrom  hmm to    alifrom  ali to    envfrom  env to     acc
 ---   ------ ----- --------- --------- ------- -------    ------- -------    ------- -------    ----
   1 ?    1.2   0.1        23        28      74     107 ..      28      60 ..      18      80 .. 0.59

  Alignments for each domain:
  == domain 1  score: 1.2 bits;  conditional E-value: 23
                      gvpj  74 lsskaeeleeenkqlqerlksLeeklesekldel 107
                                +++ ++l e+n +      +L +    e+l+e+
  nat_e3af4a42319243713e17  28 YTEMIKQLLEDNTIDDTDFGNLSDDE-KENLEEM 60 
                               56666667777766666666554332.2333333 PP

>> nat_f2b695930cb506a8b51a  
   #    score  bias  c-Evalue  i-Evalue hmmfrom  hmm to    alifrom  ali to    envfrom  env to     acc
 ---   ------ ----- --------- --------- ------- -------    ------- -------    ------- -------    ----
   1 ?    0.4   0.3        41        51      61     102 ..     166     204 ..     154     272 .. 0.53

  Alignments for each domain:
  == domain 1  score: 0.4 bits;  conditional E-value: 41
                      gvpj  61 keiGldwwesdPylsskaeeleeenkqlqerlksLeeklese 102
                               +e+ ++  e+dP   +    l e n++l +  ++ ee +e +
  nat_f2b695930cb506a8b51a 166 AEYRIEVVETDPPDEET---LIERNDDLASLAEEREEASEGR 204
                               56666667777654333...5555555554444444444333 PP

>> nat_32bd77983dbd8dfb8a38  
   [No individual domains that satisfy reporting thresholds (although complete target did)]

>> nat_e68c2635df884c45a501  
   #    score  bias  c-Evalue  i-Evalue hmmfrom  hmm to    alifrom  ali to    envfrom  env to     acc
 ---   ------ ----- --------- --------- ------- -------    ------- -------    ------- -------    ----
   1 ?    1.6   0.2        17        21      92     103 ..      43      54 ..       4      81 .. 0.51

  Alignments for each domain:
  == domain 1  score: 1.6 bits;  conditional E-value: 17
                      gvpj  92 lksLeeklesek 103
                               l +L e++e+e 
  nat_e68c2635df884c45a501  43 LYELGERSEAEY 54 
                               223333333332 PP

>> nat_1a4e419786810a96743b  
   #    score  bias  c-Evalue  i-Evalue hmmfrom  hmm to    alifrom  ali to    envfrom  env to     acc
 ---   ------ ----- --------- --------- ------- -------    ------- -------    ------- -------    ----
   1 ?    0.3   0.1        44        54      85     103 ..      19      37 ..       3     109 .. 0.66

  Alignments for each domain:
  == domain 1  score: 0.3 bits;  conditional E-value: 44
                      gvpj  85 nkqlqerlksLeeklesek 103
                                +++    +s ee + s++
  nat_1a4e419786810a96743b  19 KQKSSASKESQEESSSSHQ 37 
                               2222222222222222222 PP

>> nat_edb5b7a4e15c97b23594  
   #    score  bias  c-Evalue  i-Evalue hmmfrom  hmm to    alifrom  ali to    envfrom  env to     acc
 ---   ------ ----- --------- --------- ------- -------    ------- -------    ------- -------    ----
   1 ?    1.5   0.1        18        22      87      99 ..      49      61 ..      12      99 .. 0.69

  Alignments for each domain:
  == domain 1  score: 1.5 bits;  conditional E-value: 18
                      gvpj 87 qlqerlksLeekl 99
                               lq r++ Le+ +
  nat_edb5b7a4e15c97b23594 49 SLQARIRDLESSI 61
                              4555555555443 PP

>> nat_0121f9805d9138155c94  
   #    score  bias  c-Evalue  i-Evalue hmmfrom  hmm to    alifrom  ali to    envfrom  env to     acc
 ---   ------ ----- --------- --------- ------- -------    ------- -------    ------- -------    ----
   1 ?    1.2   0.1        23        28      85     103 ..      51      69 ..      33      82 .. 0.72

  Alignments for each domain:
  == domain 1  score: 1.2 bits;  conditional E-value: 23
                      gvpj  85 nkqlqerlksLeeklesek 103
                               +++ +er ++Le++l+  +
  nat_0121f9805d9138155c94  51 DEEYEERKATLETRLDVAE 69 
                               4556778888888876543 PP

>> nat_521484c428743b2a28a2  
   #    score  bias  c-Evalue  i-Evalue hmmfrom  hmm to    alifrom  ali to    envfrom  env to     acc
 ---   ------ ----- --------- --------- ------- -------    ------- -------    ------- -------    ----
   1 ?    1.5   0.5        19        23      83     103 ..      49      69 ..      25      82 .. 0.69

  Alignments for each domain:
  == domain 1  score: 1.5 bits;  conditional E-value: 19
                      gvpj  83 eenkqlqerlksLeeklesek 103
                               +++++ ++r ++Le++l++ +
  nat_521484c428743b2a28a2  49 RSEAEYERRKAELEAELDAAE 69 
                               455666777778888876543 PP

>> nat_af29a9c134c8c13c12cf  
   #    score  bias  c-Evalue  i-Evalue hmmfrom  hmm to    alifrom  ali to    envfrom  env to     acc
 ---   ------ ----- --------- --------- ------- -------    ------- -------    ------- -------    ----
   1 ?    1.4   0.6        20        25      83     101 ..      49      67 ..      25      82 .. 0.74

  Alignments for each domain:
  == domain 1  score: 1.4 bits;  conditional E-value: 20
                      gvpj  83 eenkqlqerlksLeekles 101
                               +++++ q+r ++Le++le 
  nat_af29a9c134c8c13c12cf  49 RSEAEYQRRKEELEAELEI 67 
                               4566777888888887764 PP

>> nat_598bde578495fbb688ee  
   #    score  bias  c-Evalue  i-Evalue hmmfrom  hmm to    alifrom  ali to    envfrom  env to     acc
 ---   ------ ----- --------- --------- ------- -------    ------- -------    ------- -------    ----
   1 ?    0.8   0.0        31        38      80     104 ..     141     184 ..     129     249 .. 0.67

  Alignments for each domain:
  == domain 1  score: 0.8 bits;  conditional E-value: 31
                      gvpj  80 eleeenkqlqerlksLeeklesek...................l 104
                               +l+e+ + + +rl++L   les                      
  nat_598bde578495fbb688ee 141 ALAEAVESSDDRLAELAGTLESSSegtsflvqkqydkrlsdlvY 184
                               56677777777777777777766544445555555555555442 PP

>> nat_a120643363df57573242  
   #    score  bias  c-Evalue  i-Evalue hmmfrom  hmm to    alifrom  ali to    envfrom  env to     acc
 ---   ------ ----- --------- --------- ------- -------    ------- -------    ------- -------    ----
   1 ?    1.4   0.1        20        24      88     105 ..      48      65 ..      11      83 .. 0.80

  Alignments for each domain:
  == domain 1  score: 1.4 bits;  conditional E-value: 20
                      gvpj  88 lqerlksLeeklesekld 105
                               l++r++ Le++++  + +
  nat_a120643363df57573242  48 LRQRIRALEAEIAEAEAE 65 
                               678888888888665554 PP

>> nat_cc277418f009938ffb7b  
   #    score  bias  c-Evalue  i-Evalue hmmfrom  hmm to    alifrom  ali to    envfrom  env to     acc
 ---   ------ ----- --------- --------- ------- -------    ------- -------    ------- -------    ----
   1 ?    1.3   0.1        21        26      70      96 ..      41      67 ..      17     101 .. 0.64

  Alignments for each domain:
  == domain 1  score: 1.3 bits;  conditional E-value: 21
                      gvpj 70 sdPylsskaeeleeenkqlqerlksLe 96
                              sd    +  e+l ++ +++++++++L 
  nat_cc277418f009938ffb7b 41 SDGLSDDEIERLGRQLATIEDEIDQLK 67
                              343333333444444444444444443 PP

>> nat_935d7d0e66b4d7c7301a  
   #    score  bias  c-Evalue  i-Evalue hmmfrom  hmm to    alifrom  ali to    envfrom  env to     acc
 ---   ------ ----- --------- --------- ------- -------    ------- -------    ------- -------    ----
   1 ?    1.4   0.3        20        24      84     102 ..      50      68 ..      23      82 .. 0.68

  Alignments for each domain:
  == domain 1  score: 1.4 bits;  conditional E-value: 20
                      gvpj  84 enkqlqerlksLeeklese 102
                               ++ + ++r ++Lee+le  
  nat_935d7d0e66b4d7c7301a  50 SESEYEQRRRELEEELEIA 68 
                               4444555666666666543 PP

>> nat_74c75a9811d827201939  
   #    score  bias  c-Evalue  i-Evalue hmmfrom  hmm to    alifrom  ali to    envfrom  env to     acc
 ---   ------ ----- --------- --------- ------- -------    ------- -------    ------- -------    ----
   1 ?    0.5   0.4        37        46      66     102 ..     144     177 ..     119     267 .. 0.63

  Alignments for each domain:
  == domain 1  score: 0.5 bits;  conditional E-value: 37
                      gvpj  66 dwwesdPylsskaeeleeenkqlqerlksLeeklese 102
                               +  e+dP   +    l++ ++ lqe  +++++ +e +
  nat_74c75a9811d827201939 144 EVVETDPISDDE---LVARDDRLQELTSKIDDATEGT 177
                               445555543333...4444444444444444444433 PP

>> nat_38c4b7b40831450106bb  
   #    score  bias  c-Evalue  i-Evalue hmmfrom  hmm to    alifrom  ali to    envfrom  env to     acc
 ---   ------ ----- --------- --------- ------- -------    ------- -------    ------- -------    ----
   1 ?    0.2   0.3        46        57      79     108 ..     207     236 ..     156     252 .. 0.57

  Alignments for each domain:
  == domain 1  score: 0.2 bits;  conditional E-value: 46
                      gvpj  79 eeleeenkqlqerlksLeeklesekldels 108
                                +l e  +   ++++ Le+   ++ +d+++
  nat_38c4b7b40831450106bb 207 ADLRERLAAEAREVHALERSPSAQLSDDVA 236
                               333333344444555555555444455544 PP

>> nat_eea50b6e1902af9b049c  
   [No individual domains that satisfy reporting thresholds (although complete target did)]

>> nat_22b97f35b905826c7d19  
   #    score  bias  c-Evalue  i-Evalue hmmfrom  hmm to    alifrom  ali to    envfrom  env to     acc
 ---   ------ ----- --------- --------- ------- -------    ------- -------    ------- -------    ----
   1 ?    1.4   0.9        20        25      82     103 ..      48      69 ..      22      82 .. 0.76

  Alignments for each domain:
  == domain 1  score: 1.4 bits;  conditional E-value: 20
                      gvpj  82 eeenkqlqerlksLeeklesek 103
                               e+++++ ++r ++Le++le+ +
  nat_22b97f35b905826c7d19  48 ERSEEEYERRREELEAELEAAR 69 
                               4556677788888998888754 PP

>> nat_47a61474e6eef4332090  
   #    score  bias  c-Evalue  i-Evalue hmmfrom  hmm to    alifrom  ali to    envfrom  env to     acc
 ---   ------ ----- --------- --------- ------- -------    ------- -------    ------- -------    ----
   1 ?    1.3   0.0        21        25      83     105 ..      46      68 ..      16      98 .. 0.67

  Alignments for each domain:
  == domain 1  score: 1.3 bits;  conditional E-value: 21
                      gvpj  83 eenkqlqerlksLeeklesekld 105
                               ee + l ++l+ +e+++e+ k d
  nat_47a61474e6eef4332090  46 EEIERLGRQLARIEDEIEAIKAD 68 
                               44556667777777777776643 PP

>> nat_492035bd7857aca04ece  
   #    score  bias  c-Evalue  i-Evalue hmmfrom  hmm to    alifrom  ali to    envfrom  env to     acc
 ---   ------ ----- --------- --------- ------- -------    ------- -------    ------- -------    ----
   1 ?    0.1   0.2        50        62      54      89 ..     158     190 ..     152     266 .. 0.64

  Alignments for each domain:
  == domain 1  score: 0.1 bits;  conditional E-value: 50
                      gvpj  54 vasvdkakeiGldwwesdPylsskaeeleeenkqlq 89 
                               +a +   +e+ ++  e+dP   ++    +e +++l 
  nat_492035bd7857aca04ece 158 LADLASHAEYRIEVVETDPPDEEML---VERDDELA 190
                               5566666777888888888665553...22222222 PP

>> nat_719ddebd2b5b980d36ce  
   #    score  bias  c-Evalue  i-Evalue hmmfrom  hmm to    alifrom  ali to    envfrom  env to     acc
 ---   ------ ----- --------- --------- ------- -------    ------- -------    ------- -------    ----
   1 ?    0.6   0.5        35        43      82     112 ..      44      69 ..      23      86 .. 0.63

  Alignments for each domain:
  == domain 1  score: 0.6 bits;  conditional E-value: 35
                      gvpj  82 eeenkqlqerlksLeeklesekldelsseag 112
                               eee++ l + l +Lee le  k d      g
  nat_719ddebd2b5b980d36ce  44 EEEQERLGNALLELEEALEELKAD-----HG 69 
                               445555566666666666544443.....33 PP

>> nat_23973d3194845969e917  
   #    score  bias  c-Evalue  i-Evalue hmmfrom  hmm to    alifrom  ali to    envfrom  env to     acc
 ---   ------ ----- --------- --------- ------- -------    ------- -------    ------- -------    ----
   1 ?    1.0   0.4        26        31      88     100 ..      51      63 ..      15     102 .. 0.57

  Alignments for each domain:
  == domain 1  score: 1.0 bits;  conditional E-value: 26
                      gvpj  88 lqerlksLeekle 100
                               l ++l+ +e+++e
  nat_23973d3194845969e917  51 LGSQLAAIEAEVE 63 
                               2222222222222 PP

>> nat_b9a3d3a346b0bcc296b5  
   #    score  bias  c-Evalue  i-Evalue hmmfrom  hmm to    alifrom  ali to    envfrom  env to     acc
 ---   ------ ----- --------- --------- ------- -------    ------- -------    ------- -------    ----
   1 ?    1.5   0.0        19        23      82     101 ..      48      67 ..       9      82 .. 0.69

  Alignments for each domain:
  == domain 1  score: 1.5 bits;  conditional E-value: 19
                      gvpj  82 eeenkqlqerlksLeekles 101
                               e+++++ +er + Le+ le 
  nat_b9a3d3a346b0bcc296b5  48 ERSEADYRERKEALETDLEI 67 
                               44566777788888877764 PP

>> nat_5e664c95262320b2daea  
   [No individual domains that satisfy reporting thresholds (although complete target did)]

>> nat_8d605ff22811ab4235d7  
   #    score  bias  c-Evalue  i-Evalue hmmfrom  hmm to    alifrom  ali to    envfrom  env to     acc
 ---   ------ ----- --------- --------- ------- -------    ------- -------    ------- -------    ----
   1 ?    1.0   0.2        27        33      83     106 ..      28      51 ..      10      71 .. 0.69

  Alignments for each domain:
  == domain 1  score: 1.0 bits;  conditional E-value: 27
                      gvpj  83 eenkqlqerlksLeekleseklde 106
                               ee++ l + l +L+e le  k d 
  nat_8d605ff22811ab4235d7  28 EESERLADALLELDEALEQIKEDH 51 
                               566677777777777775555433 PP

>> nat_690befef9ed3bae5c820  
   [No individual domains that satisfy reporting thresholds (although complete target did)]

>> nat_a2e2c896faafb4632a0b  
   #    score  bias  c-Evalue  i-Evalue hmmfrom  hmm to    alifrom  ali to    envfrom  env to     acc
 ---   ------ ----- --------- --------- ------- -------    ------- -------    ------- -------    ----
   1 ?    0.6   0.1        36        44      89     104 ..     165     194 ..     142     310 .. 0.66

  Alignments for each domain:
  == domain 1  score: 0.6 bits;  conditional E-value: 36
                      gvpj  89 qerlksLeeklesek..............l 104
                                +rl++Lee++   +              l
  nat_a2e2c896faafb4632a0b 165 DDRLRELEERIGNADegtayllekkfderL 194
                               566666666664333344444444433330 PP

>> nat_2a2c6ce836f6b052a898  
   #    score  bias  c-Evalue  i-Evalue hmmfrom  hmm to    alifrom  ali to    envfrom  env to     acc
 ---   ------ ----- --------- --------- ------- -------    ------- -------    ------- -------    ----
   1 ?    0.4   0.3        41        51      86      99 ..     214     227 ..     126     273 .. 0.58

  Alignments for each domain:
  == domain 1  score: 0.4 bits;  conditional E-value: 41
                      gvpj  86 kqlqerlksLeekl 99 
                                + ++++++Le+  
  nat_2a2c6ce836f6b052a898 214 SDCTREVHELERSP 227
                               33333333333333 PP

>> nat_f3cee6b4b1ac4fbe31cd  
   #    score  bias  c-Evalue  i-Evalue hmmfrom  hmm to    alifrom  ali to    envfrom  env to     acc
 ---   ------ ----- --------- --------- ------- -------    ------- -------    ------- -------    ----
   1 ?    1.1   0.3        24        29      84      99 ..      50      65 ..      23      81 .. 0.55

  Alignments for each domain:
  == domain 1  score: 1.1 bits;  conditional E-value: 24
                      gvpj 84 enkqlqerlksLeekl 99
                              ++++ +er +++e++l
  nat_f3cee6b4b1ac4fbe31cd 50 SEAEYEERKEEIEAQL 65
                              2333334444444443 PP

>> nat_45a9e22305a1b46f68f2  
   #    score  bias  c-Evalue  i-Evalue hmmfrom  hmm to    alifrom  ali to    envfrom  env to     acc
 ---   ------ ----- --------- --------- ------- -------    ------- -------    ------- -------    ----
   1 ?    1.3   0.5        21        26      82     101 ..      48      67 ..       7      82 .. 0.67

  Alignments for each domain:
  == domain 1  score: 1.3 bits;  conditional E-value: 21
                      gvpj  82 eeenkqlqerlksLeekles 101
                               e+++++ ++r ++Lee+le 
  nat_45a9e22305a1b46f68f2  48 ERSEEEYRRRKDELEEELEV 67 
                               33445556666677776664 PP

>> nat_f349a9497408e858de5d  
   #    score  bias  c-Evalue  i-Evalue hmmfrom  hmm to    alifrom  ali to    envfrom  env to     acc
 ---   ------ ----- --------- --------- ------- -------    ------- -------    ------- -------    ----
   1 ?    0.1   0.0        50        61      17      44 ..     379     406 .]     366     406 .] 0.83

  Alignments for each domain:
  == domain 1  score: 0.1 bits;  conditional E-value: 50
                      gvpj  17 tladiLervLDkGvviagDiavsiadve 44 
                               +++d L ++++kG ++  D   ++a+ve
  nat_f349a9497408e858de5d 379 QMVDSLRMLIEKGTIVLRDRLYQLAEVE 406
                               68999********999888777777766 PP

>> nat_5a8e04fda20d0284fcf2  
   #    score  bias  c-Evalue  i-Evalue hmmfrom  hmm to    alifrom  ali to    envfrom  env to     acc
 ---   ------ ----- --------- --------- ------- -------    ------- -------    ------- -------    ----
   1 ?    1.0   0.3        26        31      83     103 ..      46      66 ..      14     101 .. 0.62

  Alignments for each domain:
  == domain 1  score: 1.0 bits;  conditional E-value: 26
                      gvpj  83 eenkqlqerlksLeeklesek 103
                               ee + l ++l+ +e+++e  k
  nat_5a8e04fda20d0284fcf2  46 EEIERLGQQLAAIEAEIEGLK 66 
                               333444444444444444444 PP

>> nat_88718dd3cb77e8c5a330  
   #    score  bias  c-Evalue  i-Evalue hmmfrom  hmm to    alifrom  ali to    envfrom  env to     acc
 ---   ------ ----- --------- --------- ------- -------    ------- -------    ------- -------    ----
   1 ?    1.0   0.4        27        33      84     102 ..      50      68 ..      27      82 .. 0.74

  Alignments for each domain:
  == domain 1  score: 1.0 bits;  conditional E-value: 27
                      gvpj  84 enkqlqerlksLeeklese 102
                               ++++ +er ++Leekl+  
  nat_88718dd3cb77e8c5a330  50 SEEEYRERKAELEEKLDVA 68 
                               4556677888888887644 PP

>> nat_46f1cb4a042a2dfc3559  
   #    score  bias  c-Evalue  i-Evalue hmmfrom  hmm to    alifrom  ali to    envfrom  env to     acc
 ---   ------ ----- --------- --------- ------- -------    ------- -------    ------- -------    ----
   1 ?    1.3   0.6        22        27      84     104 ..      50      70 ..      13      82 .. 0.75

  Alignments for each domain:
  == domain 1  score: 1.3 bits;  conditional E-value: 22
                      gvpj  84 enkqlqerlksLeeklesekl 104
                               + ++ ++r ++Le++le+ + 
  nat_46f1cb4a042a2dfc3559  50 SKAEYERRKSELEAQLEAAER 70 
                               445566777788888876543 PP

>> nat_2f81ae5a8efef14f8a07  
   #    score  bias  c-Evalue  i-Evalue hmmfrom  hmm to    alifrom  ali to    envfrom  env to     acc
 ---   ------ ----- --------- --------- ------- -------    ------- -------    ------- -------    ----
   1 ?    1.2   0.4        24        29      83     100 ..      49      66 ..       7      82 .. 0.65

  Alignments for each domain:
  == domain 1  score: 1.2 bits;  conditional E-value: 24
                      gvpj  83 eenkqlqerlksLeekle 100
                               +++++ q+r +++e+++e
  nat_2f81ae5a8efef14f8a07  49 RSEEEYQRRKEEIEAEIE 66 
                               333444555555555544 PP

>> nat_76da33fd04b27484cbcd  
   #    score  bias  c-Evalue  i-Evalue hmmfrom  hmm to    alifrom  ali to    envfrom  env to     acc
 ---   ------ ----- --------- --------- ------- -------    ------- -------    ------- -------    ----
   1 ?    0.9   0.2        29        36      83     105 ..      47      69 ..      23     105 .. 0.66

  Alignments for each domain:
  == domain 1  score: 0.9 bits;  conditional E-value: 29
                      gvpj  83 eenkqlqerlksLeeklesekld 105
                               ee + l  +l+++e+++e  k d
  nat_76da33fd04b27484cbcd  47 EEIERLGGQLATIEAEIEQLKRD 69 
                               23344444555555555555544 PP

>> nat_2e5af0d60bf3d90fabb5  
   #    score  bias  c-Evalue  i-Evalue hmmfrom  hmm to    alifrom  ali to    envfrom  env to     acc
 ---   ------ ----- --------- --------- ------- -------    ------- -------    ------- -------    ----
   1 ?    0.2   0.3        47        58      78     108 ..     202     232 ..     141     253 .. 0.75

  Alignments for each domain:
  == domain 1  score: 0.2 bits;  conditional E-value: 47
                      gvpj  78 aeeleeenkqlqerlksLeeklesekldels 108
                               a +le++  +++++++ Le+   +  +de+ 
  nat_2e5af0d60bf3d90fabb5 202 AADLEAQLTDVTREVHALERSPTASLSDEIE 232
                               3556666666677777777766666666654 PP

>> nat_51d61e9e87576691ccef  
   [No individual domains that satisfy reporting thresholds (although complete target did)]

>> nat_d3b471aebb2636ab3f7c  
   #    score  bias  c-Evalue  i-Evalue hmmfrom  hmm to    alifrom  ali to    envfrom  env to     acc
 ---   ------ ----- --------- --------- ------- -------    ------- -------    ------- -------    ----
   1 ?    1.0   0.3        26        31      86     100 ..      52      66 ..      26      83 .. 0.60

  Alignments for each domain:
  == domain 1  score: 1.0 bits;  conditional E-value: 26
                      gvpj  86 kqlqerlksLeekle 100
                               ++ +++ + Lee++e
  nat_d3b471aebb2636ab3f7c  52 EEYEREKERLEEEIE 66 
                               333334444444443 PP

>> nat_a31bf6961511d9b2e5db  
   #    score  bias  c-Evalue  i-Evalue hmmfrom  hmm to    alifrom  ali to    envfrom  env to     acc
 ---   ------ ----- --------- --------- ------- -------    ------- -------    ------- -------    ----
   1 ?    0.9   0.4        29        36      85     100 ..      51      66 ..      29      82 .. 0.61

  Alignments for each domain:
  == domain 1  score: 0.9 bits;  conditional E-value: 29
                      gvpj  85 nkqlqerlksLeekle 100
                               + +  er + Lee++e
  nat_a31bf6961511d9b2e5db  51 ESEYLERKEALEEEIE 66 
                               3334445555555544 PP

>> nat_1ffb716e986dbe270146  
   #    score  bias  c-Evalue  i-Evalue hmmfrom  hmm to    alifrom  ali to    envfrom  env to     acc
 ---   ------ ----- --------- --------- ------- -------    ------- -------    ------- -------    ----
   1 ?    1.2   0.2        23        28      85     101 ..      51      67 ..      20      83 .] 0.63

  Alignments for each domain:
  == domain 1  score: 1.2 bits;  conditional E-value: 23
                      gvpj  85 nkqlqerlksLeekles 101
                                ++ ++r+++L+++l+ 
  nat_1ffb716e986dbe270146  51 RAEYERRSEELQTQLDV 67 
                               34445555555555543 PP

>> nat_ebf292a13c22a6fb10ff  
   #    score  bias  c-Evalue  i-Evalue hmmfrom  hmm to    alifrom  ali to    envfrom  env to     acc
 ---   ------ ----- --------- --------- ------- -------    ------- -------    ------- -------    ----
   1 ?    0.7   0.3        33        41      79     100 ..      52      73 ..      34      83 .. 0.67

  Alignments for each domain:
  == domain 1  score: 0.7 bits;  conditional E-value: 33
                      gvpj  79 eeleeenkqlqerlksLeekle 100
                               ee e++ ++l+erl+  ee le
  nat_ebf292a13c22a6fb10ff  52 EEYEQQKANLEERLEIAEEALE 73 
                               3455555666666666665554 PP

>> nat_012f7ed0df540c626390  
   #    score  bias  c-Evalue  i-Evalue hmmfrom  hmm to    alifrom  ali to    envfrom  env to     acc
 ---   ------ ----- --------- --------- ------- -------    ------- -------    ------- -------    ----
   1 ?    1.1   0.4        25        30      83     100 ..      49      66 ..       8      82 .. 0.67

  Alignments for each domain:
  == domain 1  score: 1.1 bits;  conditional E-value: 25
                      gvpj  83 eenkqlqerlksLeekle 100
                               +++++ ++r ++Le++le
  nat_012f7ed0df540c626390  49 RSEDEYRRRKEELEAELE 66 
                               344455566666666665 PP

>> nat_7c2eb329deec0b040768  
   #    score  bias  c-Evalue  i-Evalue hmmfrom  hmm to    alifrom  ali to    envfrom  env to     acc
 ---   ------ ----- --------- --------- ------- -------    ------- -------    ------- -------    ----
   1 ?    0.2   0.1        48        59      64      87 ..     148     171 ..     134     230 .. 0.59

  Alignments for each domain:
  == domain 1  score: 0.2 bits;  conditional E-value: 48
                      gvpj  64 GldwwesdPylsskaeeleeenkq 87 
                               G+ ++e      ++ +el+e  k+
  nat_7c2eb329deec0b040768 148 GMAYFERKKREKQRRQELAERTKE 171
                               555555555555555555544332 PP

>> nat_3051d69cdf2eb2867c43  
   #    score  bias  c-Evalue  i-Evalue hmmfrom  hmm to    alifrom  ali to    envfrom  env to     acc
 ---   ------ ----- --------- --------- ------- -------    ------- -------    ------- -------    ----
   1 ?    0.9   0.1        28        34      83     106 ..      47      70 ..      16      97 .. 0.66

  Alignments for each domain:
  == domain 1  score: 0.9 bits;  conditional E-value: 28
                      gvpj  83 eenkqlqerlksLeekleseklde 106
                               ee + l  +l+++e+++e  k de
  nat_3051d69cdf2eb2867c43  47 EEIDRLGTQLATIEAEIEQIKEDE 70 
                               334445555566666665555443 PP

>> nat_1066c516a611f0d3b670  
   [No individual domains that satisfy reporting thresholds (although complete target did)]

>> nat_0d23f52cf0ddbd815d88  
   #    score  bias  c-Evalue  i-Evalue hmmfrom  hmm to    alifrom  ali to    envfrom  env to     acc
 ---   ------ ----- --------- --------- ------- -------    ------- -------    ------- -------    ----
   1 ?    0.8   0.0        31        37      75      75 ..      69      69 ..      25     116 .. 0.59

  Alignments for each domain:
  == domain 1  score: 0.8 bits;  conditional E-value: 31
                      gvpj 75 s 75
                              +
  nat_0d23f52cf0ddbd815d88 69 T 69
                              1 PP

>> nat_6456c7962887f5ec8ec6  
   #    score  bias  c-Evalue  i-Evalue hmmfrom  hmm to    alifrom  ali to    envfrom  env to     acc
 ---   ------ ----- --------- --------- ------- -------    ------- -------    ------- -------    ----
   1 ?    0.2   0.1        48        59      84     104 ..     146     180 ..     130     257 .. 0.60

  Alignments for each domain:
  == domain 1  score: 0.2 bits;  conditional E-value: 48
                      gvpj  84 enkqlqerlksLeeklesek..............l 104
                                 + + e+l +L e les                l
  nat_6456c7962887f5ec8ec6 146 TVQASDEKLGELAETLESSSegtsflvqkqydkrL 180
                               44444444444444444333222244444444440 PP

>> nat_ac4b5fca0de2eeea6c28  
   #    score  bias  c-Evalue  i-Evalue hmmfrom  hmm to    alifrom  ali to    envfrom  env to     acc
 ---   ------ ----- --------- --------- ------- -------    ------- -------    ------- -------    ----
   1 ?    1.1   1.0        25        31      83     100 ..      49      66 ..       6      82 .. 0.71

  Alignments for each domain:
  == domain 1  score: 1.1 bits;  conditional E-value: 25
                      gvpj  83 eenkqlqerlksLeekle 100
                               +++++ ++r ++Le++le
  nat_ac4b5fca0de2eeea6c28  49 RSQAEYERRKEELEAELE 66 
                               344555666777777765 PP

>> nat_dc28b3b3593d013bafd7  
   #    score  bias  c-Evalue  i-Evalue hmmfrom  hmm to    alifrom  ali to    envfrom  env to     acc
 ---   ------ ----- --------- --------- ------- -------    ------- -------    ------- -------    ----
   1 ?    1.0   0.2        27        33      86     104 ..      52      70 ..      20      82 .. 0.75

  Alignments for each domain:
  == domain 1  score: 1.0 bits;  conditional E-value: 27
                      gvpj  86 kqlqerlksLeeklesekl 104
                               ++ +er + Le++le+ + 
  nat_dc28b3b3593d013bafd7  52 AEYEERKAALEAELEAARR 70 
                               4556777888888877654 PP

>> nat_c24b0ac6128907419709  
   #    score  bias  c-Evalue  i-Evalue hmmfrom  hmm to    alifrom  ali to    envfrom  env to     acc
 ---   ------ ----- --------- --------- ------- -------    ------- -------    ------- -------    ----
   1 ?    0.4   0.2        39        48      83     104 ..      45      66 ..      23      91 .. 0.63

  Alignments for each domain:
  == domain 1  score: 0.4 bits;  conditional E-value: 39
                      gvpj  83 eenkqlqerlksLeeklesekl 104
                               ee + l + l +L+e le  k 
  nat_c24b0ac6128907419709  45 EEMERLADALLELDEALEQIKD 66 
                               4445555556666665544443 PP

>> nat_dfc6d9c3df75d03c2479  
   #    score  bias  c-Evalue  i-Evalue hmmfrom  hmm to    alifrom  ali to    envfrom  env to     acc
 ---   ------ ----- --------- --------- ------- -------    ------- -------    ------- -------    ----
   1 ?    0.9   0.5        28        34      83     103 ..      49      69 ..      16      81 .. 0.75

  Alignments for each domain:
  == domain 1  score: 0.9 bits;  conditional E-value: 28
                      gvpj  83 eenkqlqerlksLeeklesek 103
                               +++++ q+r ++Le +le  +
  nat_dfc6d9c3df75d03c2479  49 RSEDEYQRRKQELEIQLELAQ 69 
                               556677888888888877433 PP

>> nat_eedf2d89181613d2065f  
   [No individual domains that satisfy reporting thresholds (although complete target did)]

>> nat_597d68a86a65eb266484  
   [No individual domains that satisfy reporting thresholds (although complete target did)]

>> nat_9ad8adafd39e806bd787  
   #    score  bias  c-Evalue  i-Evalue hmmfrom  hmm to    alifrom  ali to    envfrom  env to     acc
 ---   ------ ----- --------- --------- ------- -------    ------- -------    ------- -------    ----
   1 ?    0.9   0.1        28        35      79      95 ..      49      65 ..      14      94 .. 0.56

  Alignments for each domain:
  == domain 1  score: 0.9 bits;  conditional E-value: 28
                      gvpj 79 eeleeenkqlqerlksL 95
                              e++ ++ ++l+++l+ L
  nat_9ad8adafd39e806bd787 49 ERVGQQLATLEDELDRL 65
                              33333333333333333 PP

>> nat_213008d40b0886a169f4  
   [No individual domains that satisfy reporting thresholds (although complete target did)]

>> nat_2de1169e3d7efe4899c8  
   [No individual domains that satisfy reporting thresholds (although complete target did)]

>> nat_4d078b98a15dd30260b8  
   #    score  bias  c-Evalue  i-Evalue hmmfrom  hmm to    alifrom  ali to    envfrom  env to     acc
 ---   ------ ----- --------- --------- ------- -------    ------- -------    ------- -------    ----
   1 ?    0.5   0.1        37        45      87      97 ..      56      66 ..      25     102 .. 0.57

  Alignments for each domain:
  == domain 1  score: 0.5 bits;  conditional E-value: 37
                      gvpj 87 qlqerlksLee 97
                              ql    ++L++
  nat_4d078b98a15dd30260b8 56 QLAAIEAELDD 66
                              22222222222 PP

>> nat_5a737a64d401db430800  
   #    score  bias  c-Evalue  i-Evalue hmmfrom  hmm to    alifrom  ali to    envfrom  env to     acc
 ---   ------ ----- --------- --------- ------- -------    ------- -------    ------- -------    ----
   1 ?    0.6   0.4        35        43      86     101 ..      52      67 ..      24      82 .. 0.68

  Alignments for each domain:
  == domain 1  score: 0.6 bits;  conditional E-value: 35
                      gvpj  86 kqlqerlksLeekles 101
                               ++ +er ++Lee++e 
  nat_5a737a64d401db430800  52 AEYRERKAELEEEIEI 67 
                               4556666777776654 PP

>> nat_00ff0d0f8a2cc408f4fc  
   [No individual domains that satisfy reporting thresholds (although complete target did)]

>> nat_e142d4451fae05079861  
   [No individual domains that satisfy reporting thresholds (although complete target did)]

>> nat_ae04aaf1066a11d3d107  
   #    score  bias  c-Evalue  i-Evalue hmmfrom  hmm to    alifrom  ali to    envfrom  env to     acc
 ---   ------ ----- --------- --------- ------- -------    ------- -------    ------- -------    ----
   1 ?    0.7   0.6        33        40      84     102 ..      50      68 ..      25      83 .. 0.67

  Alignments for each domain:
  == domain 1  score: 0.7 bits;  conditional E-value: 33
                      gvpj  84 enkqlqerlksLeeklese 102
                               + ++ ++r ++Le++le  
  nat_ae04aaf1066a11d3d107  50 DRAEYERRKEELEAELEIA 68 
                               3445566667777766543 PP

>> nat_8a38fd6e94c52ecb3e00  
   #    score  bias  c-Evalue  i-Evalue hmmfrom  hmm to    alifrom  ali to    envfrom  env to     acc
 ---   ------ ----- --------- --------- ------- -------    ------- -------    ------- -------    ----
   1 ?    0.5   0.1        39        48      83     106 ..      52      75 ..      30     103 .. 0.58

  Alignments for each domain:
  == domain 1  score: 0.5 bits;  conditional E-value: 39
                      gvpj  83 eenkqlqerlksLeekleseklde 106
                               +  +ql    ++L++  e++ ++e
  nat_8a38fd6e94c52ecb3e00  52 RLGAQLAAIEEELDDLKETQGIEE 75 
                               333333333333333333333333 PP

>> nat_83b5a7fbdc055a7e6548  
   #    score  bias  c-Evalue  i-Evalue hmmfrom  hmm to    alifrom  ali to    envfrom  env to     acc
 ---   ------ ----- --------- --------- ------- -------    ------- -------    ------- -------    ----
   1 ?    0.4   0.2        41        50      16      16 ..      55      55 ..      21      82 .. 0.57

  Alignments for each domain:
  == domain 1  score: 0.4 bits;  conditional E-value: 41
                      gvpj 16 s 16
                               
  nat_83b5a7fbdc055a7e6548 55 E 55
                              2 PP

>> nat_dcca1b13e180e73e24da  
   #    score  bias  c-Evalue  i-Evalue hmmfrom  hmm to    alifrom  ali to    envfrom  env to     acc
 ---   ------ ----- --------- --------- ------- -------    ------- -------    ------- -------    ----
   1 ?    0.2   0.5        46        56      67     104 ..     120     163 ..     102     262 .. 0.54

  Alignments for each domain:
  == domain 1  score: 0.2 bits;  conditional E-value: 46
                      gvpj  67 wwesdPylsskaeeleeenkqlqerlksLeeklesek......l 104
                               +we     +   +ele+  +   e+l+++ ++++  +       
  nat_dcca1b13e180e73e24da 120 FWEYHVDATIEEHELEDGLEAKDEQLREITTRMDESEagggtnF 163
                               55555555555555655555555666665555543333333330 PP

>> nat_c6294867c99abd04a2a4  
   [No individual domains that satisfy reporting thresholds (although complete target did)]

>> nat_d190f67f4075b2e1dcdb  
   #    score  bias  c-Evalue  i-Evalue hmmfrom  hmm to    alifrom  ali to    envfrom  env to     acc
 ---   ------ ----- --------- --------- ------- -------    ------- -------    ------- -------    ----
   1 ?    0.6   0.8        36        44      83     102 ..      49      68 ..      28      83 .. 0.66

  Alignments for each domain:
  == domain 1  score: 0.6 bits;  conditional E-value: 36
                      gvpj  83 eenkqlqerlksLeeklese 102
                               ++++  ++r ++Lee+le  
  nat_d190f67f4075b2e1dcdb  49 RSEEAYERRRAELEEELEIA 68 
                               34455566677777777643 PP

>> nat_4c93a06e77c71495a074  
   [No individual domains that satisfy reporting thresholds (although complete target did)]

>> nat_ec9b5926f08ed0206fff  
   [No individual domains that satisfy reporting thresholds (although complete target did)]

>> nat_ebd14cfcc4230e68547c  
   #    score  bias  c-Evalue  i-Evalue hmmfrom  hmm to    alifrom  ali to    envfrom  env to     acc
 ---   ------ ----- --------- --------- ------- -------    ------- -------    ------- -------    ----
   1 ?    0.7   0.4        33        40      81     100 ..      54      66 ..      13      82 .. 0.66

  Alignments for each domain:
  == domain 1  score: 0.7 bits;  conditional E-value: 33
                      gvpj  81 leeenkqlqerlksLeekle 100
                                ee+        + Le++le
  nat_ebd14cfcc4230e68547c  54 YEEQ-------KAALETRLE 66 
                               3333.......333444443 PP

>> nat_7b0f7b8528d5bb85e97b  
   #    score  bias  c-Evalue  i-Evalue hmmfrom  hmm to    alifrom  ali to    envfrom  env to     acc
 ---   ------ ----- --------- --------- ------- -------    ------- -------    ------- -------    ----
   1 ?    0.6   0.2        34        42     103     103 ..      32      32 ..       3      75 .. 0.55

  Alignments for each domain:
  == domain 1  score: 0.6 bits;  conditional E-value: 34
                      gvpj 103 k 103
                               +
  nat_7b0f7b8528d5bb85e97b  32 R 32 
                               2 PP

>> nat_b627cf2b1cd715426291  
   #    score  bias  c-Evalue  i-Evalue hmmfrom  hmm to    alifrom  ali to    envfrom  env to     acc
 ---   ------ ----- --------- --------- ------- -------    ------- -------    ------- -------    ----
   1 ?    0.3   0.1        43        52      85      98 ..      48      61 ..      15      94 .. 0.59

  Alignments for each domain:
  == domain 1  score: 0.3 bits;  conditional E-value: 43
                      gvpj 85 nkqlqerlksLeek 98
                               + l  +l+ Le++
  nat_b627cf2b1cd715426291 48 IERLGAQLAALEDE 61
                              22222222223322 PP

>> nat_677fef9f35b54b8f59f4  
   [No individual domains that satisfy reporting thresholds (although complete target did)]

>> nat_55b02474c0fab1efb3b4  
   #    score  bias  c-Evalue  i-Evalue hmmfrom  hmm to    alifrom  ali to    envfrom  env to     acc
 ---   ------ ----- --------- --------- ------- -------    ------- -------    ------- -------    ----
   1 ?    0.7   0.4        33        41      83      99 ..      49      65 ..       6      81 .. 0.56

  Alignments for each domain:
  == domain 1  score: 0.7 bits;  conditional E-value: 33
                      gvpj 83 eenkqlqerlksLeekl 99
                              +++++ ++r +++ee+l
  nat_55b02474c0fab1efb3b4 49 RSQEEYERRKAEIEEEL 65
                              22233334444444444 PP

>> nat_2fcf63c4d0b08851d7bb  
   [No individual domains that satisfy reporting thresholds (although complete target did)]

>> nat_e40d3b614313d5e855db  
   #    score  bias  c-Evalue  i-Evalue hmmfrom  hmm to    alifrom  ali to    envfrom  env to     acc
 ---   ------ ----- --------- --------- ------- -------    ------- -------    ------- -------    ----
   1 ?    0.6   0.5        35        43      87     100 ..      53      66 ..      17      82 .. 0.69

  Alignments for each domain:
  == domain 1  score: 0.6 bits;  conditional E-value: 35
                      gvpj  87 qlqerlksLeekle 100
                               + ++r ++Lee+le
  nat_e40d3b614313d5e855db  53 EYERRKEELEEELE 66 
                               34455555555554 PP

>> nat_7ed72fe978260959b0d4  
   [No individual domains that satisfy reporting thresholds (although complete target did)]

>> nat_b2c27e09d74473b0ebc2  
   #    score  bias  c-Evalue  i-Evalue hmmfrom  hmm to    alifrom  ali to    envfrom  env to     acc
 ---   ------ ----- --------- --------- ------- -------    ------- -------    ------- -------    ----
   1 ?    0.8   0.4        30        37      83     100 ..      49      66 ..      10      83 .. 0.70

  Alignments for each domain:
  == domain 1  score: 0.8 bits;  conditional E-value: 30
                      gvpj  83 eenkqlqerlksLeekle 100
                               +++++ ++r ++Le++le
  nat_b2c27e09d74473b0ebc2  49 RSEEKYRRRKAELEDELE 66 
                               344455556666666655 PP

>> nat_9563afccb8c08431776b  
   #    score  bias  c-Evalue  i-Evalue hmmfrom  hmm to    alifrom  ali to    envfrom  env to     acc
 ---   ------ ----- --------- --------- ------- -------    ------- -------    ------- -------    ----
   1 ?    0.5   0.3        38        47      83     102 ..      49      68 ..      27      82 .. 0.70

  Alignments for each domain:
  == domain 1  score: 0.5 bits;  conditional E-value: 38
                      gvpj  83 eenkqlqerlksLeeklese 102
                               +++++ ++r ++Le++le  
  nat_9563afccb8c08431776b  49 RSEDEYRRRKDELETELEVA 68 
                               44555667777777777644 PP

>> nat_82b15fd1e2a58ca3c8d0  
   #    score  bias  c-Evalue  i-Evalue hmmfrom  hmm to    alifrom  ali to    envfrom  env to     acc
 ---   ------ ----- --------- --------- ------- -------    ------- -------    ------- -------    ----
   1 ?    0.3   0.4        42        52      84     102 ..      51      69 ..      29      84 .. 0.62

  Alignments for each domain:
  == domain 1  score: 0.3 bits;  conditional E-value: 42
                      gvpj  84 enkqlqerlksLeeklese 102
                               ++++ ++r ++Le+ l++ 
  nat_82b15fd1e2a58ca3c8d0  51 SQEEYERRKAELEADLDAA 69 
                               3334445555555555443 PP

>> nat_efb09f3729ebcf09a0cd  
   #    score  bias  c-Evalue  i-Evalue hmmfrom  hmm to    alifrom  ali to    envfrom  env to     acc
 ---   ------ ----- --------- --------- ------- -------    ------- -------    ------- -------    ----
   1 ?    0.3   0.1        43        53      87     101 ..      47      61 ..      18      92 .. 0.66

  Alignments for each domain:
  == domain 1  score: 0.3 bits;  conditional E-value: 43
                      gvpj  87 qlqerlksLeekles 101
                                l+er+k ++ +++ 
  nat_efb09f3729ebcf09a0cd  47 SLRERIKAIDLEIAE 61 
                               445555555544432 PP

>> nat_c4902f96def6fb28eba2  
   [No individual domains that satisfy reporting thresholds (although complete target did)]

>> nat_b10fc547fbd9c05dd022  
   #    score  bias  c-Evalue  i-Evalue hmmfrom  hmm to    alifrom  ali to    envfrom  env to     acc
 ---   ------ ----- --------- --------- ------- -------    ------- -------    ------- -------    ----
   1 ?    0.8   0.1        31        38      86     103 ..      52      69 ..      10      82 .. 0.74

  Alignments for each domain:
  == domain 1  score: 0.8 bits;  conditional E-value: 31
                      gvpj  86 kqlqerlksLeeklesek 103
                               ++  +r + Le++l++ +
  nat_b10fc547fbd9c05dd022  52 EEYAQRKADLEARLDAAE 69 
                               444556666676666544 PP

>> nat_7e86aa921e43cec15ccd  
   [No individual domains that satisfy reporting thresholds (although complete target did)]

>> nat_b5b675473d129fb38c34  
   [No individual domains that satisfy reporting thresholds (although complete target did)]

>> nat_cad1eb46349cc94da814  
   [No individual domains that satisfy reporting thresholds (although complete target did)]

>> nat_ca242131f6ef5b732fcf  
   [No individual domains that satisfy reporting thresholds (although complete target did)]

>> nat_6a167a94a8e6ee1a149f  
   [No individual domains that satisfy reporting thresholds (although complete target did)]

>> nat_75c7fbef14ba03f076f3  
   #    score  bias  c-Evalue  i-Evalue hmmfrom  hmm to    alifrom  ali to    envfrom  env to     acc
 ---   ------ ----- --------- --------- ------- -------    ------- -------    ------- -------    ----
   1 ?    0.2   0.1        47        57      87     101 ..      53      67 ..      34      82 .. 0.64

  Alignments for each domain:
  == domain 1  score: 0.2 bits;  conditional E-value: 47
                      gvpj  87 qlqerlksLeekles 101
                               + + r ++Lee+le 
  nat_75c7fbef14ba03f076f3  53 EYRTRKEELEEQLEV 67 
                               344455555555543 PP

>> nat_e275c2c119cdedf35af1  
   [No individual domains that satisfy reporting thresholds (although complete target did)]

>> nat_2dc604d7cf304f255e88  
   [No individual domains that satisfy reporting thresholds (although complete target did)]

>> nat_ee215e560b3bde143fef  
   [No individual domains that satisfy reporting thresholds (although complete target did)]

>> nat_bda2bb5bb32dc7505031  
   [No individual domains that satisfy reporting thresholds (although complete target did)]

>> nat_744a9d49541c2fd7d2e2  
   [No individual domains that satisfy reporting thresholds (although complete target did)]

>> nat_404cf82aead1f9489e72  
   [No individual domains that satisfy reporting thresholds (although complete target did)]

>> nat_5b5e99744737ba3e4186  
   [No individual domains that satisfy reporting thresholds (although complete target did)]

>> nat_ac5a4ab0595f93b85963  
   [No individual domains that satisfy reporting thresholds (although complete target did)]

>> nat_e6206d4d062bc49b3366  
   [No individual domains that satisfy reporting thresholds (although complete target did)]

>> nat_7b982f3adbb743e270fc  
   [No individual domains that satisfy reporting thresholds (although complete target did)]

>> nat_334d7739f0f8b9783b70  
   [No individual domains that satisfy reporting thresholds (although complete target did)]

>> nat_e9e60d2de704a1d756e6  
   [No individual domains that satisfy reporting thresholds (although complete target did)]

>> nat_9b1e10df142449a3cb25  
   [No individual domains that satisfy reporting thresholds (although complete target did)]

>> nat_98d8ecbaaf4dc079697a  
   [No individual domains that satisfy reporting thresholds (although complete target did)]

>> nat_9a9fa733c600121c0319  
   [No individual domains that satisfy reporting thresholds (although complete target did)]

>> nat_5a717df99d67fd784241  
   #    score  bias  c-Evalue  i-Evalue hmmfrom  hmm to    alifrom  ali to    envfrom  env to     acc
 ---   ------ ----- --------- --------- ------- -------    ------- -------    ------- -------    ----
   1 ?    0.2   0.3        48        59      89      99 ..      55      65 ..      21      82 .. 0.62

  Alignments for each domain:
  == domain 1  score: 0.2 bits;  conditional E-value: 48
                      gvpj 89 qerlksLeekl 99
                              + r ++Le++l
  nat_5a717df99d67fd784241 55 EARREELEAEL 65
                              33344444443 PP

>> nat_e8725e8fbddfd6b8fab4  
   [No individual domains that satisfy reporting thresholds (although complete target did)]

>> nat_b7b637f34ee70e87224a  
   #    score  bias  c-Evalue  i-Evalue hmmfrom  hmm to    alifrom  ali to    envfrom  env to     acc
 ---   ------ ----- --------- --------- ------- -------    ------- -------    ------- -------    ----
   1 ?    0.4   0.1        42        51      86     100 ..      52      66 ..       9      82 .. 0.67

  Alignments for each domain:
  == domain 1  score: 0.4 bits;  conditional E-value: 42
                      gvpj  86 kqlqerlksLeekle 100
                               ++ +er ++Le++le
  nat_b7b637f34ee70e87224a  52 AEYRERKAELEDELE 66 
                               334455555555544 PP

>> nat_868cd976b7dd6f5d055d  
   [No individual domains that satisfy reporting thresholds (although complete target did)]

>> nat_c71ec6d271d4048dc5b9  
   [No individual domains that satisfy reporting thresholds (although complete target did)]

>> nat_5322cde66edfa53888a3  
   [No individual domains that satisfy reporting thresholds (although complete target did)]

>> nat_f463633620130e740645  
   #    score  bias  c-Evalue  i-Evalue hmmfrom  hmm to    alifrom  ali to    envfrom  env to     acc
 ---   ------ ----- --------- --------- ------- -------    ------- -------    ------- -------    ----
   1 ?    0.0   0.3        53        65      97     102 ..      48      53 ..      16      81 .. 0.58

  Alignments for each domain:
  == domain 1  score: 0.0 bits;  conditional E-value: 53
                      gvpj  97 eklese 102
                               e++ese
  nat_f463633620130e740645  48 ERSESE 53 
                               333322 PP

>> nat_8f0e9788569f498f75f5  
   [No individual domains that satisfy reporting thresholds (although complete target did)]

>> nat_d11339e5575f1cf41503  
   [No individual domains that satisfy reporting thresholds (although complete target did)]

>> nat_24324a580eb775218509  
   [No individual domains that satisfy reporting thresholds (although complete target did)]

>> nat_577493092a2b2854c435  
   [No individual domains that satisfy reporting thresholds (although complete target did)]



Internal pipeline statistics summary:
-------------------------------------
Query model(s):                            1  (124 nodes)
Target sequences:                       1277  (179002 residues searched)
Passed MSV filter:                      1277  (1); expected 1277.0 (1)
Passed bias filter:                     1277  (1); expected 1277.0 (1)
Passed Vit filter:                      1277  (1); expected 1277.0 (1)
Passed Fwd filter:                      1277  (1); expected 1277.0 (1)
Initial search space (Z):               1277  [actual number of targets]
Domain search space  (domZ):            1042  [number of targets reported over threshold]
# CPU time: 0.44u 0.03s 00:00:00.47 Elapsed: 00:00:00.67
# Mc/sec: 33.00
//
[ok]
