# hmmsearch :: search profile(s) against a sequence database
# HMMER 3.3 (Nov 2019); http://hmmer.org/
# Copyright (C) 2019 Howard Hughes Medical Institute.
# Freely distributed under the BSD open source license.
# - - - - - - - - - - - - - - - - - - - - - - - - - - - - - - - - - - - -
# query HMM file:                  /mnt/d/endless/机器学习综合实践/ML-GV02-03/results/gv02_03_v2/family/fold_0/profiles/gvpk.hmm
# target sequence database:        /mnt/d/endless/机器学习综合实践/ML-GV02-03/results/gv02_03_v2/family/fold_0/natural/queries.fasta
# per-dom hits tabular output:     /mnt/d/endless/机器学习综合实践/ML-GV02-03/results/gv02_03_v2/family/fold_0/natural/gvpk.domtbl
# sequence reporting threshold:    score >= 0
# domain reporting threshold:      score >= 0
# Max sensitivity mode:            on [all heuristic filters off]
# number of worker threads:        1
# - - - - - - - - - - - - - - - - - - - - - - - - - - - - - - - - - - - -

Query:       gvpk  [M=112]
Scores for complete sequences (score includes all domains):
   --- full sequence ---   --- best 1 domain ---    -#dom-
    E-value  score  bias    E-value  score  bias    exp  N  Sequence                 Description
    ------- ------ -----    ------- ------ -----   ---- --  --------                 -----------
    7.4e-39  128.6   1.7    7.4e-39  128.6   1.7    1.0  1  nat_829e22f860a4267265e7  
    7.8e-38  125.3   1.1    9.5e-38  125.0   1.1    1.0  1  nat_9bea7cdc12e000d2c3ea  
    8.7e-38  125.2   6.0    9.3e-38  125.1   6.0    1.0  1  nat_2730dab12de0ce3ce325  
    1.7e-37  124.2   2.9    1.9e-37  124.1   2.9    1.0  1  nat_f9fd8306d74bf30082b9  
    5.2e-37  122.7   5.0    5.5e-37  122.6   5.0    1.0  1  nat_b94c6e496a778f2f3d21  
    1.2e-36  121.5   4.6    1.3e-36  121.4   4.6    1.0  1  nat_6e7e127e6aabd3c6f5a8  
    1.5e-36  121.2   2.5    1.7e-36  121.0   2.5    1.0  1  nat_db306f3f0b6bb11db8ba  
    2.5e-36  120.4   4.5    2.6e-36  120.4   4.5    1.0  1  nat_75a89740ad2cb7445378  
    3.6e-36  120.0   7.5    3.8e-36  119.9   7.5    1.0  1  nat_6a2caa9d644a05b1fa76  
    5.9e-36  119.3   7.4    8.6e-36  118.7   7.4    1.2  1  nat_3d03178d5c86075982f0  
      6e-36  119.2   4.9    6.5e-36  119.1   4.9    1.0  1  nat_2be49069dec87643c3e5  
    7.7e-36  118.9   3.0    7.7e-36  118.9   3.0    1.0  1  nat_e78348e72525b9382660  
    1.6e-35  117.9  11.2    1.7e-35  117.8  11.2    1.0  1  nat_06821e5fc5c34d708729  
    1.7e-35  117.8   6.6    1.8e-35  117.7   6.6    1.0  1  nat_f34c21bef9d83be311ab  
    1.8e-35  117.7   5.6    2.3e-35  117.4   5.6    1.1  1  nat_fd79a669594ad1a1ef23  
    2.5e-35  117.2   4.3    2.5e-35  117.2   4.3    1.0  1  nat_af3d459664f55329d87d  
    2.9e-35  117.1   5.3    3.1e-35  117.0   5.3    1.0  1  nat_63271297f6b3d9d8c243  
    9.3e-35  115.4   4.4    1.2e-34  115.1   4.4    1.1  1  nat_b0c47871cce8c048b264  
    1.8e-34  114.5   6.2    2.1e-34  114.3   6.2    1.0  1  nat_0d23f52cf0ddbd815d88  
      3e-34  113.8   8.6    3.2e-34  113.7   8.6    1.0  1  nat_5a8e04fda20d0284fcf2  
    3.5e-34  113.6   8.7    3.7e-34  113.5   8.7    1.0  1  nat_581afdb2c32bf607da5a  
    4.8e-34  113.1   7.4    5.7e-34  112.9   7.4    1.1  1  nat_27b11d9136abefe457ee  
    5.3e-34  113.0   2.4    6.8e-34  112.6   2.4    1.0  1  nat_d73c23b69cd9d76397d0  
    9.2e-34  112.2   7.6    9.9e-34  112.1   7.6    1.0  1  nat_719ddebd2b5b980d36ce  
    9.7e-34  112.1   8.8    1.1e-33  111.9   8.8    1.0  1  nat_23973d3194845969e917  
    1.4e-33  111.6   7.7    1.5e-33  111.5   7.7    1.0  1  nat_82589630f5ae2d3f307c  
    2.1e-33  111.0   3.6    2.2e-33  111.0   3.6    1.0  1  nat_e11f8f5f145076b46b27  
    2.9e-33  110.6   2.3    3.4e-33  110.4   2.3    1.0  1  nat_44777c3afedf76e72b09  
    2.9e-33  110.6   8.4    3.1e-33  110.5   8.4    1.0  1  nat_590b75b8f97f712b8c55  
    3.9e-33  110.2   8.5      4e-33  110.1   8.5    1.0  1  nat_84154a5781d07c8500ca  
    5.6e-33  109.7   8.9    6.5e-33  109.5   8.9    1.0  1  nat_9ad8adafd39e806bd787  
    8.3e-33  109.1   4.8    9.4e-33  108.9   4.8    1.0  1  nat_4d6fdbbe43a6a597d4b4  
    1.7e-32  108.1   9.4    1.9e-32  108.0   9.4    1.0  1  nat_ca058e965d65a8238480  
      3e-32  107.3   7.8    3.5e-32  107.1   7.8    1.0  1  nat_63b8d2c76b5087893a75  
    3.1e-32  107.3   6.4    3.8e-32  107.0   6.4    1.1  1  nat_b627cf2b1cd715426291  
    3.3e-32  107.2   6.4    3.8e-32  107.0   6.4    1.0  1  nat_7ec22aa305996fdcbbe6  
      5e-32  106.6   5.9    5.8e-32  106.4   5.9    1.0  1  nat_d11339e5575f1cf41503  
    7.2e-32  106.1   7.0    8.4e-32  105.9   7.0    1.0  1  nat_b854d939d1cc416089b0  
    7.6e-32  106.0   4.4    8.4e-32  105.9   4.4    1.0  1  nat_3051d69cdf2eb2867c43  
    1.2e-31  105.4   6.6    1.2e-31  105.4   6.6    1.0  1  nat_2d3db8b8e0fa09ac51c5  
      2e-31  104.6   7.6    2.4e-31  104.4   7.6    1.0  1  nat_47a61474e6eef4332090  
    6.4e-31  103.0   4.8    7.3e-31  102.9   4.8    1.0  1  nat_b5b675473d129fb38c34  
    6.8e-31  103.0   6.0    7.9e-31  102.8   6.0    1.0  1  nat_cc277418f009938ffb7b  
    6.8e-31  103.0   7.0    6.8e-31  103.0   7.0    1.0  1  nat_167bf66cb53e9339f788  
    1.4e-30  102.0   7.7    1.6e-30  101.8   7.7    1.0  1  nat_00945445101ba336d3c1  
    2.5e-30  101.2   6.3    2.7e-30  101.0   6.3    1.0  1  nat_8a38fd6e94c52ecb3e00  
    2.5e-30  101.1   6.9    2.7e-30  101.0   6.9    1.0  1  nat_c24b0ac6128907419709  
    2.8e-30  101.0   7.9    3.3e-30  100.8   7.9    1.0  1  nat_76da33fd04b27484cbcd  
    5.8e-29   96.7   6.4    6.4e-29   96.6   6.4    1.0  1  nat_bb2d656c6c5518eb0448  
    4.5e-28   93.9   8.1    5.2e-28   93.7   8.1    1.0  1  nat_4d078b98a15dd30260b8  
    1.1e-27   92.7  10.3    1.1e-27   92.6  10.3    1.0  1  nat_4206b3c83132ed838cad  
    1.6e-26   88.9   8.4    1.7e-26   88.8   8.4    1.0  1  nat_13a8858106c206244ca2  
    3.8e-25   84.4   8.9      4e-25   84.4   8.9    1.0  1  nat_cb75faf383e3b49f7b2a  
    2.9e-24   81.6   4.9      3e-24   81.5   4.9    1.0  1  nat_8d605ff22811ab4235d7  
    4.3e-22   74.6   1.1    4.6e-22   74.5   1.1    1.0  1  nat_693ec0d594298d9459ad  
    5.3e-21   71.1   1.2    5.3e-21   71.1   1.2    1.0  1  nat_0d96b287dd19f0443d0b  
    4.5e-18   61.7   1.6    5.2e-18   61.5   1.6    1.1  1  nat_a17dbfe78e8ff3f30cdf  
      3e-14   49.3   1.7      3e-14   49.3   1.7    1.0  1  nat_83b5a7fbdc055a7e6548  
    6.5e-14   48.3   1.9    6.5e-14   48.3   1.9    1.0  1  nat_e3af4a42319243713e17  
    3.6e-12   42.7   0.0    4.3e-12   42.4   0.0    1.1  1  nat_1eff08f7399a2c188eeb  
      3e-10   36.5   0.1      4e-10   36.1   0.1    1.1  1  nat_ebd57e3d076c8cc40548  
    4.3e-06   23.1   0.0    4.9e-06   22.9   0.0    1.1  1  nat_10402ebc20235ea85773  
  ------ inclusion threshold ------
      0.025   11.0   0.5      0.034   10.5   0.5    1.1  1  nat_cb6ed77116909eb840cc  
       0.17    8.3   0.5       0.25    7.7   0.2    1.4  1  nat_ceadeb61c495acb2e73a  
        0.3    7.5   0.1       0.37    7.2   0.1    1.3  1  nat_edecb23d5c987164e75c  
       0.43    7.0   0.2        0.5    6.8   0.2    1.2  1  nat_944bef72ec0f0333ef58  
       0.47    6.8   0.1       0.71    6.3   0.1    1.3  1  nat_b6818cf3a9a74185f24e  
        0.5    6.8   0.5       0.71    6.3   0.2    1.4  1  nat_fdb0b9a351d4c4c08841  
       0.51    6.8   0.3       0.75    6.2   0.1    1.4  1  nat_e4c02bb0f7a8020ec61d  
       0.63    6.5   0.1       0.99    5.8   0.1    1.3  1  nat_20d82ee5bd334e9e87ab  
       0.68    6.3   0.1        1.2    5.6   0.1    1.3  1  nat_b350b25ce7c0236b621b  
       0.75    6.2   0.0       0.86    6.0   0.0    1.1  1  nat_42c70c8520ebfd69a3a8  
       0.91    5.9   0.1          1    5.8   0.1    1.2  1  nat_64e943fc36a310c6d121  
       0.95    5.9   0.0        1.3    5.4   0.0    1.2  1  nat_72b3a46ef502cdedfc81  
       0.96    5.9   0.2          1    5.7   0.2    1.3  1  nat_9f67ffb9509d5a532d5a  
          1    5.8   0.2        1.1    5.7   0.2    1.2  1  nat_d0f5f95022cd7da863cf  
        1.1    5.7   0.0        1.5    5.2   0.0    1.3  1  nat_00c6196a0e576e2b1900  
        1.1    5.6   0.0        1.4    5.4   0.0    1.2  1  nat_8fce9d99308bcf67cd3b  
        1.4    5.3   0.1        1.6    5.1   0.1    1.3  1  nat_08f506a8e9498c03b468  
        1.4    5.3   0.1        1.6    5.1   0.1    1.3  1  nat_3521af063e9b236548c0  
        1.4    5.3   0.0        2.2    4.7   0.0    1.4  1  nat_02fc048053a10b210a78  
        1.5    5.2   0.7          6    3.3   0.7    1.7  2  nat_5c9d5857295c1e857ae7  
        1.5    5.2   0.1        2.3    4.6   0.0    1.4  1  nat_e2ce29238f757f550f72  
        1.5    5.2   0.0        2.4    4.6   0.0    1.3  1  nat_74d379b17330f4a662e7  
        1.8    5.0   0.3        4.1    3.8   0.2    1.8  1  nat_a06eef8fee93cc72d981  
        1.9    4.9   0.0        2.8    4.4   0.0    1.3  1  nat_50c226cfb171989d88e4  
        1.9    4.9   0.0        6.1    3.3   0.0    1.8  1  nat_d35f18eddb686cd97007  
          2    4.9   0.0        3.1    4.2   0.0    1.3  1  nat_071d41176330dd0796d5  
        2.2    4.7   0.6        3.7    4.0   0.2    1.5  1  nat_4ccdc7c4ee47fd86d36c  
        2.3    4.6   0.0        3.1    4.2   0.0    1.3  1  nat_14984df4adbcd7a23bc2  
        2.5    4.5   0.0        3.6    4.0   0.0    1.3  1  nat_a539aed46db05ce9e162  
        2.5    4.5   0.4        4.5    3.7   0.4    1.4  1  nat_1c3d745a993f2e62d375  
        3.3    4.1   0.0        5.7    3.4   0.0    1.4  1  nat_18d7e5ff3cc7fe9730aa  
        3.8    3.9   0.6        7.1    3.1   0.6    1.5  1  nat_5c2e3230af84af2b587d  
        3.9    3.9   0.4          6    3.3   0.4    1.5  1  nat_36dfac4b8d65f9e057be  
        4.3    3.8   0.8        5.7    3.4   0.8    1.3  1  nat_68254939d0e81bc7115c  
        4.7    3.6   0.4        6.4    3.2   0.4    1.2  1  nat_7c7d01a7d3871f469ba6  
        4.8    3.6   0.7        7.1    3.1   0.7    1.5  1  nat_643eb77a8f781d63766e  
        4.8    3.6   0.9        5.6    3.4   0.9    1.3  1  nat_d50eae402323b817dffd  
        4.9    3.6   0.3        6.5    3.2   0.3    1.3  1  nat_522d67ce81d99440c3e9  
        4.9    3.6   0.3         11    2.4   0.3    1.7  1  nat_d8ac85c1e2427ebd2b9e  
        5.2    3.5   1.9        7.2    3.0   1.9    1.4  1  nat_75c7fbef14ba03f076f3  
        5.2    3.5   0.7        6.6    3.2   0.7    1.4  1  nat_0121f9805d9138155c94  
        5.2    3.5   0.0        9.4    2.7   0.0    1.5  1  nat_5259c19a1d657c540490  
        5.3    3.5   0.1        6.8    3.1   0.1    1.2  1  nat_a120643363df57573242  
        5.3    3.5   0.0        8.4    2.8   0.0    1.4  1  nat_4679d56f6681435313d7  
        5.4    3.4   0.4        7.2    3.0   0.4    1.3  1  nat_22f3216261d87724d5ca  
        5.5    3.4   0.2        9.8    2.6   0.2    1.4  1  nat_9863770a194a0d55027a  
        5.7    3.4   0.0        9.7    2.6   0.0    1.3  1  nat_fdd3e74cd40aa7354461  
          6    3.3   0.7        9.3    2.7   0.7    1.3  1  nat_dc28b3b3593d013bafd7  
        6.1    3.3   1.7         13    2.2   1.4    1.8  1  nat_7ed72fe978260959b0d4  
        6.2    3.3   0.4         10    2.6   0.4    1.3  1  nat_4dafb76c38e9b7d65498  
        6.3    3.2   1.9        4.8    3.6   0.3    1.6  1  nat_8f6356423342dd6a8af7  
        6.4    3.2   0.0        9.8    2.6   0.0    1.2  1  nat_3b12a9f8d634154d518e  
        6.4    3.2   0.7        7.7    3.0   0.7    1.2  1  nat_9295f767a32dcface418  
        6.7    3.1   0.3        9.3    2.7   0.2    1.4  1  nat_b10fc547fbd9c05dd022  
        6.8    3.1   0.2         87   -0.4   0.0    2.4  0  nat_ee215e560b3bde143fef  
          7    3.1   0.3          9    2.7   0.3    1.2  1  nat_acc4591c95caebc1acdc  
        7.1    3.1   4.0         12    2.3   4.0    1.5  1  nat_ebf292a13c22a6fb10ff  
        7.2    3.0   1.5         48    0.4   1.2    2.1  1  nat_c0d82e06313e16097f0a  
        7.4    3.0   1.2         16    1.9   1.1    1.4  1  nat_ebd14cfcc4230e68547c  
        7.7    2.9   0.0         14    2.1   0.0    1.4  1  nat_9cf6f65acb0bb6519b07  
        7.8    2.9   0.2         10    2.5   0.2    1.3  1  nat_d4b37ab9b761d79418a8  
        7.8    2.9   0.2         19    1.7   0.0    1.5  1  nat_0888ea426b7452a347fc  
          8    2.9   1.3        8.4    2.8   0.3    1.5  1  nat_2dde3392aae621ffc247  
        8.4    2.8   1.8         11    2.4   1.8    1.3  1  nat_d0e2c9c28723db140ef6  
          9    2.7   0.0         17    1.8   0.0    1.4  1  nat_18c3ff0aa63aa216bdf8  
        9.5    2.7   1.9         14    2.2   0.1    2.1  1  nat_fc4e19fc8e138cede0e0  
        9.6    2.6   0.4         17    1.9   0.4    1.4  1  nat_cc9d0eca2af440c02e36  
        9.6    2.6   0.6         15    2.0   0.6    1.5  1  nat_1ffb716e986dbe270146  
        9.6    2.6   0.7         14    2.1   0.3    1.5  1  nat_b629ea5b6ccdf5cafe33  
        9.7    2.6   1.5         18    1.7   0.3    1.8  1  nat_78a9f4fc56b943558b47  
        9.9    2.6   0.4         13    2.2   0.4    1.2  1  nat_edb5b7a4e15c97b23594  
         10    2.5   0.1         15    2.1   0.1    1.3  1  nat_93f7db09d3715d2b4013  
         10    2.5   0.1         13    2.2   0.1    1.3  1  nat_61dc8856dc8fc8349d45  
         11    2.5   0.0         16    1.9   0.0    1.2  1  nat_d320098a8d27dbc207b8  
         11    2.5   1.1         14    2.1   0.2    1.7  1  nat_9a52da9108207f742f79  
         11    2.5   0.3         18    1.7   0.2    1.3  1  nat_d9b388b924f7fb872e9a  
         11    2.5   0.1         14    2.1   0.1    1.2  1  nat_08d3e542ff49c899a532  
         11    2.5   0.2         22    1.5   0.2    1.4  1  nat_ca9d4013ee99a3222d42  
         11    2.5   0.9         17    1.8   1.0    1.4  1  nat_a31bf6961511d9b2e5db  
         11    2.4   0.1         26    1.2   0.1    1.5  1  nat_a18da5d46cdaee2e1fef  
         12    2.4   2.3        7.1    3.1   0.6    1.5  1  nat_def4e5618d2d3f638abe  
         12    2.4   1.3         22    1.5   0.1    1.8  1  nat_5a279e932ed0a8a3b9fa  
         12    2.4   1.1         15    2.0   1.1    1.4  1  nat_22edc8a638b6a2edc028  
         12    2.3   0.7         19    1.7   0.6    1.4  1  nat_e8725e8fbddfd6b8fab4  
         12    2.3   0.3         24    1.3   0.3    1.5  1  nat_daa26bb81225045c82c6  
         12    2.3   1.1         15    2.0   0.3    1.5  1  nat_93ee8755b8fb64b781d3  
         12    2.3   0.4         64   -0.0   0.1    1.8  0  nat_19313a16de85e8dc6da2  
         13    2.2   0.1         23    1.4   0.1    1.4  1  nat_d39c56188f28cb02ba10  
         13    2.2   0.1         22    1.5   0.1    1.3  1  nat_efd48c99cdb0d08b6f9e  
         13    2.2   0.2         25    1.3   0.1    1.4  1  nat_15f7f1ff1f3d13b3a6e4  
         13    2.2   1.7         13    2.2   0.5    1.5  1  nat_4a66b9c8b2b4962ce727  
         13    2.2   0.1         33    0.9   0.1    1.6  1  nat_5fe0328494dc254c515b  
         14    2.2   0.2         19    1.7   0.2    1.3  1  nat_0a6e89f60cd37515559e  
         14    2.2   0.1         33    0.9   0.1    1.6  1  nat_f9a6c4e29c6909a7bfea  
         14    2.1   1.1         19    1.7   1.1    1.4  1  nat_ff99c037c948a02afb0b  
         14    2.1   0.8         21    1.5   0.8    1.5  1  nat_ae7c31f644fee037736e  
         14    2.1   1.6         14    2.1   0.3    1.6  1  nat_8be088bcd53ef20d5eec  
         14    2.1   1.2         34    0.9   1.0    1.8  1  nat_a2e2c896faafb4632a0b  
         15    2.0   0.6         24    1.3   0.1    1.5  1  nat_d7b8c5c7cb6b1053592e  
         15    2.0   0.5         27    1.2   0.2    1.5  1  nat_586a9e121e80cef17717  
         15    2.0   1.2         29    1.1   0.9    1.5  1  nat_9563afccb8c08431776b  
         15    2.0   0.2         19    1.7   0.2    1.3  1  nat_e0c3a1bd76d4c37afc8c  
         15    2.0   0.1         40    0.6   0.1    1.7  1  nat_0739506f322325ee29fe  
         15    2.0   0.0         32    1.0   0.0    1.4  1  nat_bc6806cbbc65718c537b  
         15    2.0   0.2         22    1.5   0.2    1.3  1  nat_4ec35b7e5d4432cf30cc  
         16    2.0   0.5         20    1.6   0.5    1.3  1  nat_6564bfeee9ba0940d56f  
         16    1.9   0.0         19    1.7   0.0    1.3  1  nat_0df60d2fc55bf3787af1  
         16    1.9   0.1         29    1.1   0.1    1.4  1  nat_05b12b3e859ceb6ed015  
         16    1.9   1.8         21    1.6   0.7    1.8  1  nat_62f04737d77be4c159f5  
         16    1.9   1.2         34    0.9   1.2    1.5  1  nat_395ec35f14effdb2da3a  
         16    1.9   0.5         28    1.1   0.5    1.4  1  nat_cbba243dc1613c0cb1fa  
         16    1.9   0.0         28    1.2   0.0    1.3  1  nat_6dbff5a4e8597618f4ab  
         16    1.9   0.1         25    1.3   0.1    1.4  1  nat_3d7fc725cd17cf23a73c  
         16    1.9   0.0         34    0.9   0.0    1.5  1  nat_1d519e42f5e4d4625382  
         16    1.9   3.7         20    1.6   2.8    1.7  1  nat_00ff0d0f8a2cc408f4fc  
         17    1.9   0.9         30    1.0   0.2    1.6  1  nat_b5d750fdff6867b5af57  
         17    1.9   1.4         26    1.2   1.4    1.5  1  nat_012f7ed0df540c626390  
         17    1.9   0.7         21    1.5   0.7    1.3  1  nat_28fe1b57f20e35dc1b32  
         17    1.8   0.7         27    1.2   0.2    1.5  1  nat_76139d5052a6d251dc47  
         17    1.8   0.1         28    1.1   0.1    1.4  1  nat_c878ed98f912803b2650  
         17    1.8   0.5         48    0.4   0.5    1.8  1  nat_6456c7962887f5ec8ec6  
         17    1.8   0.1         35    0.8   0.1    1.4  1  nat_023128e0df407b2417ae  
         17    1.8   1.7         71   -0.2   1.7    2.1  0  nat_e6206d4d062bc49b3366  
         17    1.8   0.7         24    1.3   0.7    1.4  1  nat_7ed43cadccbe39bfd14a  
         17    1.8   3.0         47    0.4   2.3    2.1  1  nat_71c4eaf80d5c340613c0  
         18    1.8   2.3         21    1.5   0.7    1.9  1  nat_c551d6ae7995695aef91  
         18    1.8   1.4         30    1.0   1.2    1.6  1  nat_b2c27e09d74473b0ebc2  
         18    1.8   0.6         28    1.2   0.1    1.5  1  nat_dc91976c7c3450587080  
         18    1.7   0.1         37    0.8   0.1    1.4  1  nat_f82e99068ca8b1106586  
         18    1.7   0.9         34    0.9   0.3    1.6  1  nat_c98d4b9753be8dfa1f08  
         18    1.7   2.6         31    1.0   2.3    1.5  1  nat_a805025f1e78467c4256  
         18    1.7   0.7         31    1.0   0.7    1.5  1  nat_99861ed9cc175485de8b  
         19    1.7   0.4         39    0.7   0.1    1.4  1  nat_317d696b35c15db3beb2  
         19    1.7   0.1         29    1.1   0.1    1.4  1  nat_833a1708482ad34125e2  
         20    1.6   0.9         52    0.3   0.8    1.6  1  nat_e68c2635df884c45a501  
         20    1.6   0.0         48    0.4   0.0    1.5  1  nat_58cc5366f525d6247254  
         20    1.6   0.0         39    0.7   0.0    1.4  1  nat_b23dc8f37bc936f98c91  
         20    1.6   2.4         28    1.1   2.4    1.4  1  nat_5a717df99d67fd784241  
         21    1.6   0.2         36    0.8   0.2    1.5  1  nat_0ae199fc6d044a2da135  
         21    1.6   1.8         68   -0.1   0.2    2.0  0  nat_2e5af0d60bf3d90fabb5  
         21    1.5   0.8         44    0.5   0.2    1.6  1  nat_0d9cf3fa4290fec6ca54  
         21    1.5   0.1         32    0.9   0.1    1.4  1  nat_75679c0d4db585656573  
         21    1.5   0.3         31    1.0   0.3    1.4  1  nat_64b87c36790fe3acd4ba  
         21    1.5   0.0         40    0.6   0.0    1.4  1  nat_de4f0d0b434811184abb  
         21    1.5   0.2         33    0.9   0.2    1.3  1  nat_cce2f3d132dd4e662b2d  
         21    1.5   1.0         34    0.9   1.1    1.5  1  nat_7b0f7b8528d5bb85e97b  
         21    1.5   1.4         46    0.4   1.1    1.7  1  nat_2f81ae5a8efef14f8a07  
         22    1.5   0.6         30    1.0   0.3    1.4  1  nat_248d1b2257a26e3431e4  
         22    1.5   0.8         31    1.0   0.8    1.4  1  nat_5a737a64d401db430800  
         22    1.5   0.5         53    0.3   0.1    1.5  1  nat_8461ba422af788cc84f8  
         22    1.5   0.0         41    0.6   0.0    1.4  1  nat_4d804d42d3d08ccd0ad2  
         22    1.5   0.3         31    1.0   0.3    1.4  1  nat_00058845722df3ede422  
         22    1.5   0.9         35    0.8   0.9    1.4  1  nat_d8886baa75cb39b8df27  
         22    1.5   0.3         36    0.8   0.3    1.4  1  nat_729a9790a662e92ab379  
         23    1.4   0.2         31    1.0   0.2    1.4  1  nat_48f4fc548c0153a5775e  
         23    1.4   0.6         38    0.7   0.2    1.4  1  nat_6052e825ac2d82997ce0  
         23    1.4   1.6         76   -0.3   0.4    1.9  0  nat_74c75a9811d827201939  
         24    1.4   0.8         43    0.6   0.2    1.7  1  nat_14bf89de72ffebc8daf2  
         24    1.4   0.6         48    0.4   0.4    1.5  1  nat_868cd976b7dd6f5d055d  
         24    1.4   0.0         50    0.3   0.0    1.5  1  nat_598bde578495fbb688ee  
         24    1.4   0.4         88   -0.5   0.1    1.8  0  nat_334d7739f0f8b9783b70  
         24    1.3   0.1         74   -0.2   0.1    1.7  0  nat_32fdbf8eba6ab6b512a2  
         24    1.3   1.4         46    0.4   0.2    1.7  1  nat_a283f318c6308a294b6d  
         24    1.3   1.0         33    0.9   1.0    1.4  1  nat_f463633620130e740645  
         25    1.3   1.5         24    1.3   0.2    1.6  1  nat_4329fc20815a3de16628  
         25    1.3   0.1         88   -0.5   0.0    1.7  0  nat_fcb4fd2861d20deea778  
         25    1.3   0.5         47    0.4   0.4    1.5  1  nat_1ad342624de277274295  
         25    1.3   2.9         39    0.7   2.9    1.5  1  nat_d3b471aebb2636ab3f7c  
         25    1.3   0.2         39    0.7   0.2    1.4  1  nat_4cea385a8794a0b112c3  
         25    1.3   0.9         35    0.8   0.9    1.5  1  nat_88718dd3cb77e8c5a330  
         25    1.3   1.1         74   -0.2   1.0    1.7  0  nat_04929645ec641fea858e  
         26    1.3   0.1         58    0.1   0.1    1.5  1  nat_8389675bf7368457eedd  
         26    1.3   0.1         41    0.6   0.1    1.4  1  nat_62c37e3a1f946926bc78  
         26    1.3   0.3         59    0.1   0.2    1.4  1  nat_64863b5b8a6b08db9fd7  
         26    1.2   0.5         35    0.8   0.5    1.4  1  nat_b9a3d3a346b0bcc296b5  
         26    1.2   0.3         48    0.4   0.3    1.4  1  nat_f49fe3672d6fdfda7cc7  
         26    1.2   0.2         39    0.7   0.2    1.4  1  nat_0145b7d0415b25474bf7  
         26    1.2   0.6         31    1.0   0.2    1.5  1  nat_a8908cb0d732ddf5c6d4  
         26    1.2   1.2         71   -0.2   1.1    1.6  0  nat_74988e137075760b96c3  
         27    1.2   0.1         55    0.2   0.1    1.4  1  nat_db12f4452278c4bf469c  
         27    1.2   2.0         38    0.7   2.0    1.4  1  nat_5862b03f358ba80678c2  
         27    1.2   0.2         45    0.5   0.2    1.4  1  nat_7ee1d64f80049d71603c  
         27    1.2   0.3         52    0.3   0.2    1.4  1  nat_78005b3dddedd0251b7e  
         27    1.2   1.5         37    0.8   1.5    1.4  1  nat_af29a9c134c8c13c12cf  
         27    1.2   1.7         45    0.5   1.8    1.4  1  nat_22b97f35b905826c7d19  
         27    1.2   0.3         39    0.7   0.3    1.4  1  nat_00dad4d9eb9c6aee9740  
         27    1.2   0.2         44    0.5   0.2    1.4  1  nat_9fda348180c612303cdb  
         28    1.2   0.2         43    0.6   0.2    1.4  1  nat_8d29ff35edf68fc809de  
         28    1.1   0.6      1e+02   -0.7   0.1    1.9  0  nat_2e67a9559a5d385089e1  
         28    1.1   0.6         44    0.5   0.6    1.4  1  nat_fa2383cbfbff83286c61  
         28    1.1   0.2         43    0.5   0.2    1.4  1  nat_4d4e00d31d935ed0527d  
         28    1.1   1.0         48    0.4   0.9    1.4  1  nat_b7b637f34ee70e87224a  
         28    1.1   0.4         43    0.5   0.4    1.4  1  nat_a49cfe7d33cec22c3905  
         28    1.1   0.1         47    0.4   0.0    1.4  1  nat_320fa412f1f1ad675d12  
         28    1.1   0.1         47    0.4   0.0    1.4  1  nat_63e94d96149b61e3547f  
         28    1.1   0.1         45    0.5   0.1    1.4  1  nat_acb38079c01f07d0de6f  
         28    1.1   0.3         51    0.3   0.3    1.4  1  nat_004ac783975534947324  
         29    1.1   0.5         43    0.6   0.5    1.4  1  nat_edc787924d6392f7c1f5  
         29    1.1   0.8         36    0.8   0.8    1.4  1  nat_46f1cb4a042a2dfc3559  
         29    1.1   0.1         60    0.1   0.1    1.4  1  nat_c468502803b4ab5981f1  
         29    1.1   0.1    1.2e+02   -0.8   0.1    1.7  0  nat_823d96f8c4b516596394  
         29    1.1   0.1         59    0.1   0.1    1.4  1  nat_1f956fdbc151f2ec0ffb  
         29    1.1   2.2         56    0.2   2.1    1.5  1  nat_935d7d0e66b4d7c7301a  
         29    1.1   0.2         46    0.4   0.2    1.4  1  nat_bf5abb4d953e0d6aaa1f  
         29    1.1   0.1         53    0.2   0.1    1.4  1  nat_c6080e51aceffe4e0a16  
         29    1.1   0.4         46    0.5   0.4    1.4  1  nat_dc6aa26cbe06c32b68c2  
         29    1.1   0.1         53    0.3   0.1    1.4  1  nat_02e0719c48b326139c30  
         29    1.1   0.1         60    0.1   0.1    1.4  1  nat_d5d6f3cedb33fb3328b6  
         29    1.1   0.2         72   -0.2   0.0    1.5  0  nat_0927b476e8bc6daa04d9  
         29    1.1   0.1         40    0.6   0.1    1.4  1  nat_b9de124a92fba0281b06  
         29    1.1   0.2         66   -0.1   0.1    1.4  0  nat_9ba949b2aab9e2be6898  
         29    1.1   0.1         43    0.5   0.1    1.4  1  nat_a36a3359d46f89a3e9c6  
         30    1.1   0.3         47    0.4   0.3    1.4  1  nat_943ce15fb7773fa3a769  
         30    1.1   3.4         44    0.5   3.4    1.4  1  nat_d190f67f4075b2e1dcdb  
         30    1.1   0.2         64   -0.0   0.2    1.4  0  nat_3ce8f60b99b21237414a  
         30    1.1   0.1         60    0.1   0.1    1.4  1  nat_57d11d6b58e3b78591e1  
         30    1.1   0.4         48    0.4   0.4    1.4  1  nat_dad443e0412ef646de5e  
         30    1.0   0.2         48    0.4   0.2    1.4  1  nat_4e9e86277af05dbd050d  
         30    1.0   0.2         51    0.3   0.1    1.4  1  nat_168a7720be25950ce7a5  
         30    1.0   0.1         43    0.5   0.1    1.4  1  nat_62bc5089576517d5fad1  
         30    1.0   0.2         47    0.4   0.2    1.4  1  nat_4f76b230eb60279eb5dd  
         30    1.0   0.5         87   -0.4   0.5    1.7  0  nat_ac5a4ab0595f93b85963  
         30    1.0   0.2         49    0.4   0.2    1.4  1  nat_3e6bf91c590be6684eed  
         30    1.0   0.6    1.1e+02   -0.7   0.1    1.8  0  nat_6029afef37bd3dfb958b  
         30    1.0   0.2         38    0.7   0.2    1.4  1  nat_c68280dd1cee4d2a5307  
         30    1.0   0.1         63    0.0   0.1    1.4  1  nat_a97455c28a62de8f61f4  
         30    1.0   0.4         46    0.4   0.4    1.4  1  nat_d4bbfd09a62903f1dd61  
         31    1.0   0.1      4e+02   -2.6   0.0    1.9  0  nat_bda2bb5bb32dc7505031  
         31    1.0   0.3         38    0.7   0.3    1.4  1  nat_131fa3fa79bf624713b7  
         31    1.0   1.5         56    0.2   0.1    1.9  1  nat_13f4666837340d0e3697  
         31    1.0   0.3         49    0.4   0.3    1.4  1  nat_bf00fc1bb4a6bea076a5  
         31    1.0   2.7    1.3e+02   -1.0   2.7    2.0  0  nat_cad1eb46349cc94da814  
         31    1.0   0.6         62    0.0   0.5    1.4  1  nat_b14dbbd56a14a6238029  
         31    1.0   0.1         44    0.5   0.1    1.4  1  nat_87d470267a8c16ab7df9  
         31    1.0   0.3         49    0.4   0.3    1.4  1  nat_82e4660fb87f57daff30  
         31    1.0   0.7         59    0.1   0.7    1.5  1  nat_370aa86e30267a3a072e  
         31    1.0   0.2         43    0.5   0.2    1.4  1  nat_4d722634e257d2a7d133  
         31    1.0   0.2         62    0.0   0.1    1.4  1  nat_36bb407811468e3b13d9  
         31    1.0   0.5         78   -0.3   0.5    1.7  0  nat_8c82fe5fea12885eaa10  
         31    1.0   0.2         47    0.4   0.2    1.4  1  nat_fe2e069c7d192a9aa4be  
         31    1.0   0.4         83   -0.4   0.2    1.5  0  nat_c4902f96def6fb28eba2  
         32    1.0   2.0         39    0.7   2.0    1.4  1  nat_2317929bd5b9bea26c5e  
         32    1.0   0.3    1.2e+02   -0.9   0.2    1.8  0  nat_4c93a06e77c71495a074  
         32    1.0   0.2         65   -0.0   0.2    1.4  0  nat_dbd11e06d90ad48401af  
         32    1.0   0.2         61    0.1   0.1    1.4  1  nat_4dc9c1477d3d6b181da7  
         32    1.0   0.2         51    0.3   0.2    1.4  1  nat_d92cb9dcfcf48b731b50  
         32    1.0   0.4         72   -0.2   0.4    1.6  0  nat_f9ed5273156498868a4d  
         32    0.9   0.8         64   -0.0   0.8    1.5  0  nat_bb5cf35be2d320c0ead2  
         32    0.9   3.7         11    2.4   0.4    1.9  1  nat_9c8d4abf9d1595e2e6a2  
         33    0.9   0.9         98   -0.6   0.9    1.7  0  nat_38c4b7b40831450106bb  
         33    0.9   1.4    1.2e+02   -0.9   0.4    2.0  0  nat_51d61e9e87576691ccef  
         33    0.9   0.2         65   -0.0   0.2    1.4  0  nat_38cb7bda240a833d36b3  
         33    0.9   0.5         55    0.2   0.5    1.4  1  nat_74aacbad701be1598660  
         33    0.9   0.1         62    0.0   0.1    1.3  1  nat_c7a61c64d45a104467ff  
         33    0.9   0.0         60    0.1   0.0    1.3  1  nat_f48ac7c5719360a7ba68  
         33    0.9   0.2         48    0.4   0.2    1.4  1  nat_d07d112598796fe30d76  
         33    0.9   0.1         71   -0.2   0.1    1.4  0  nat_9ecb68caf9b062eead15  
         34    0.9   0.2    1.3e+02   -1.0   0.2    1.8  0  nat_6a167a94a8e6ee1a149f  
         34    0.9   0.4         55    0.2   0.4    1.4  1  nat_6681febe116459c77b18  
         34    0.9   1.4         49    0.4   1.4    1.3  1  nat_521484c428743b2a28a2  
         34    0.9   0.3         63    0.0   0.2    1.4  1  nat_edcfcd19baadeee00eaf  
         34    0.9   0.5         56    0.2   0.5    1.4  1  nat_b47c8eec954491beb714  
         34    0.9   0.2         61    0.1   0.2    1.4  1  nat_69442765a7e1224b0435  
         34    0.9   0.2         53    0.2   0.2    1.4  1  nat_c0d8f1302fa41452efbc  
         34    0.9   0.4         81   -0.4   0.4    1.4  0  nat_3beea3bf721df3e90ae2  
         34    0.9   0.1         90   -0.5   0.1    1.5  0  nat_73088f79686650723c36  
         34    0.9   0.0         61    0.1   0.0    1.3  1  nat_55c9bd284093601349bc  
         34    0.9   2.6         49    0.3   1.7    1.7  1  nat_e142d4451fae05079861  
         34    0.9   0.2         62    0.0   0.2    1.4  1  nat_1564401f2a553c444667  
         35    0.8   0.2         62    0.0   0.2    1.4  1  nat_0077c6cbf903d0b80137  
         35    0.8   0.2         62    0.0   0.2    1.4  1  nat_1aef09f774a1818b7e24  
         35    0.8   0.2         77   -0.3   0.1    1.4  0  nat_4b58b860e36e01bdb682  
         35    0.8   0.0         63    0.0   0.0    1.3  1  nat_6770b7649ec68cfb7397  
         35    0.8   0.2         71   -0.2   0.1    1.4  0  nat_4482775e0979509e45d2  
         35    0.8   0.2         54    0.2   0.2    1.4  1  nat_a9c10692b45d32f772b4  
         35    0.8   0.2         61    0.0   0.2    1.4  1  nat_a7791ad55c70e7fd3462  
         35    0.8   0.0    1.4e+02   -1.2   0.0    1.6  0  nat_938a17e9c3546d6b6666  
         35    0.8   0.8         89   -0.5   0.3    1.7  0  nat_98d8ecbaaf4dc079697a  
         35    0.8   0.1    1.3e+02   -1.0   0.1    1.6  0  nat_c5e1ab0948ceb49b94c1  
         35    0.8   0.2         62    0.0   0.2    1.4  1  nat_842bc418f0682cd2a9c8  
         35    0.8   0.1         78   -0.3   0.1    1.4  0  nat_45c7c948c17d40fffc2f  
         36    0.8   0.2         71   -0.2   0.1    1.4  0  nat_94cdaea6b1db7bfe983f  
         36    0.8   0.2         54    0.2   0.2    1.4  1  nat_8f3e753527c876cd94f0  
         36    0.8   0.0    1.8e+02   -1.5   0.0    1.7  0  nat_c71ec6d271d4048dc5b9  
         36    0.8   1.2         55    0.2   1.2    1.5  1  nat_a07c55369bbbf7504123  
         36    0.8   0.3         40    0.7   0.3    1.4  1  nat_7549e3c1301e8688c306  
         36    0.8   0.5         56    0.2   0.5    1.4  1  nat_86af2bea85657bdc848a  
         36    0.8   1.9         47    0.4   1.9    1.5  1  nat_a0004fe0af44e3e50ba6  
         36    0.8   0.2         54    0.2   0.2    1.4  1  nat_d4ba65189ba86a477cc5  
         36    0.8   1.6         45    0.5   1.6    1.4  1  nat_45a9e22305a1b46f68f2  
         36    0.8   0.1         82   -0.4   0.1    1.4  0  nat_1af92f4517cb07b380d4  
         36    0.8   0.4         56    0.2   0.3    1.4  1  nat_ff9c5d10b21ed7b06913  
         36    0.8   0.0         77   -0.3   0.0    1.4  0  nat_9991c57c84ab88fd3e26  
         36    0.8   0.2    1.1e+02   -0.8   0.2    1.5  0  nat_00857e373ba6458d2397  
         36    0.8   0.2         56    0.2   0.2    1.4  1  nat_1eda5f35014077cd8e25  
         36    0.8   0.2         56    0.2   0.2    1.4  1  nat_67dd37821af98e87666e  
         36    0.8   0.2         57    0.1   0.2    1.4  1  nat_9ca97034ea4d97950343  
         36    0.8   0.6         64   -0.0   0.6    1.4  0  nat_ccd25408209dd226eaf9  
         36    0.8   4.5         12    2.3   0.7    2.2  1  nat_4378b4a91514b8ec40b9  
         37    0.8   0.1         68   -0.1   0.1    1.4  0  nat_8189ed3c9ac18707f549  
         37    0.8   0.4         68   -0.1   0.3    1.4  0  nat_dbcea97f4e8354ba3556  
         37    0.7   0.3         62    0.0   0.3    1.5  1  nat_492e347eb26b4c87a4d1  
         37    0.7   2.5         51    0.3   2.5    1.5  1  nat_f19e30abde1c734a02eb  
         37    0.7   0.3         60    0.1   0.3    1.4  1  nat_49d3875a5ef4bbb644f9  
         37    0.7   0.4         42    0.6   0.4    1.3  1  nat_341f22f6df848fe1e159  
         37    0.7   0.4    1.5e+02   -1.2   0.1    1.7  0  nat_2dc604d7cf304f255e88  
         37    0.7   0.9    1.1e+02   -0.7   0.8    1.8  0  nat_677fef9f35b54b8f59f4  
         37    0.7   0.4         68   -0.1   0.4    1.4  0  nat_6b2c0d4d7468a9bb7cde  
         37    0.7   0.3         58    0.1   0.3    1.4  1  nat_c8490949e18e771ed8c8  
         37    0.7   1.3         51    0.3   1.3    1.4  1  nat_0aef17ff33a56ad243d6  
         37    0.7   0.1         77   -0.3   0.1    1.4  0  nat_b2086dbcf693d17e3c7c  
         37    0.7   1.0         81   -0.3   0.6    1.7  0  nat_213008d40b0886a169f4  
         37    0.7   0.2    1.1e+02   -0.8   0.0    1.5  0  nat_30a43eef2b89a9b85418  
         38    0.7   0.3         58    0.1   0.3    1.4  1  nat_0101bc590c89813c161a  
         38    0.7   1.7         58    0.1   1.7    1.3  1  nat_82b15fd1e2a58ca3c8d0  
         38    0.7   2.2         67   -0.1   0.1    1.8  0  nat_1b6af661fda31bf1e196  
         38    0.7   0.2         54    0.2   0.2    1.4  1  nat_dca06c4ca76aafac96e9  
         38    0.7   0.2         60    0.1   0.2    1.4  1  nat_fca422d4ddd5dcd65605  
         38    0.7   0.3         60    0.1   0.2    1.4  1  nat_7d45d6cf3df5d3d36985  
         38    0.7   0.3         58    0.1   0.3    1.4  1  nat_215f48254c804f1f2876  
         39    0.7   0.2         59    0.1   0.2    1.4  1  nat_05d62502987d9405b8af  
         39    0.7   0.2    1.5e+02   -1.2   0.2    1.6  0  nat_b6bdb8734681bcea444a  
         39    0.7   0.0         85   -0.4   0.0    1.5  0  nat_3b38714f6cbc7137424f  
         39    0.7   0.0         69   -0.1   0.0    1.3  0  nat_e8c5de40001b59b84f30  
         39    0.7   0.1         71   -0.2   0.1    1.4  0  nat_d426ca8e332bfceab95d  
         39    0.7   0.3         60    0.1   0.3    1.4  1  nat_d1b057f953bd558c0457  
         39    0.7   0.2         74   -0.2   0.2    1.4  0  nat_140f5823a50b88bf41c9  
         39    0.7   0.0         55    0.2   0.0    1.3  1  nat_340bf83afc765d1b00fd  
         39    0.7   0.1         66   -0.1   0.1    1.4  0  nat_144165ea4d3ea8a64b2e  
         39    0.7   0.2         76   -0.3   0.2    1.4  0  nat_b5ccff48f879b7cc34ad  
         39    0.7   0.0         87   -0.4   0.0    1.4  0  nat_0a3c08d96e059eeafea8  
         40    0.7   1.7         60    0.1   0.7    1.8  1  nat_ec9b5926f08ed0206fff  
         40    0.7   0.3         49    0.4   0.3    1.4  1  nat_c25d7e556c15742553a1  
         40    0.6   0.5         78   -0.3   0.1    1.5  0  nat_65113288b099887ef152  
         40    0.6   1.6         61    0.1   1.6    1.5  1  nat_9fafac92a5d42b5a3892  
         40    0.6   1.1         54    0.2   1.1    1.4  1  nat_3f4ad2718cecb9460dfc  
         41    0.6   1.2         54    0.2   1.1    1.4  1  nat_3301e6c079648c50c9a5  
         41    0.6   0.1         81   -0.3   0.1    1.4  0  nat_8e0a2c13b1b8165a790e  
         41    0.6   0.8         98   -0.6   0.2    1.6  0  nat_f1643822251b583b4a61  
         41    0.6   3.1         15    2.0   0.3    1.7  1  nat_a839bd0954a015535b42  
         41    0.6   0.0    1.2e+02   -0.9   0.0    1.5  0  nat_27aad6f6a553bce46f6c  
         41    0.6   1.0         51    0.3   1.0    1.4  1  nat_004259139cc6a322721e  
         41    0.6   0.6         67   -0.1   0.5    1.4  0  nat_7d8f193406ee761e1417  
         41    0.6   0.1    2.3e+02   -1.8   0.0    1.6  0  nat_2be3971a03cdb17a19a2  
         42    0.6   0.1         85   -0.4   0.1    1.4  0  nat_6d22046d840b353d0c87  
         42    0.6   0.1         85   -0.4   0.1    1.4  0  nat_edb3955be5268406dd34  
         42    0.6   0.0         68   -0.1   0.0    1.3  0  nat_9de3a1c74219c52c041e  
         42    0.6   0.8         73   -0.2   0.8    1.4  0  nat_11cdda0e14dc63f88e35  
         42    0.6   0.6         78   -0.3   0.5    1.5  0  nat_cf2b86e8ceab5f9ee1d8  
         42    0.6   0.4         52    0.3   0.4    1.4  1  nat_95bd1ae896e6b37799a7  
         43    0.6   0.4         82   -0.4   0.2    1.4  0  nat_d5c2d4101839c4dee9b6  
         43    0.6   0.4         74   -0.2   0.1    1.4  0  nat_b9d147aeaac9ffa9d0f3  
         43    0.5   1.5         54    0.2   1.5    1.4  1  nat_21ce4c05e2c1231a2b33  
         43    0.5   0.4         71   -0.2   0.3    1.4  0  nat_d6e9dabc7155ae370ddb  
         43    0.5   0.4         72   -0.2   0.4    1.4  0  nat_bda4e304d446361a159c  
         43    0.5   1.6         98   -0.6   1.5    1.6  0  nat_768a4a0928de3c3de043  
         44    0.5   0.2         83   -0.4   0.1    1.4  0  nat_461115b7000bfd74f566  
         44    0.5   0.1         92   -0.5   0.1    1.4  0  nat_41d8ab0f02461073a97c  
         44    0.5   2.6         65   -0.0   2.6    1.5  0  nat_b07496d6758a328c5961  
         44    0.5   0.2         67   -0.1   0.2    1.4  0  nat_d80e058d93177215aa4b  
         44    0.5   3.0         71   -0.2   2.9    1.4  0  nat_55b02474c0fab1efb3b4  
         45    0.5   2.5         71   -0.2   2.4    1.4  0  nat_ae04aaf1066a11d3d107  
         45    0.5   0.2         75   -0.2   0.2    1.4  0  nat_5d40201e59780a4578e1  
         46    0.5   0.5         67   -0.1   0.2    1.4  0  nat_cd0ec9cc83e20bd818b3  
         46    0.5   0.5         98   -0.6   0.3    1.4  0  nat_92d7d81f95603487cd9c  
         46    0.5   0.2         69   -0.1   0.2    1.4  0  nat_30c8db5b2a48ec02340b  
         46    0.5   0.1         74   -0.2   0.1    1.3  0  nat_a67dd765d5d9f1265194  
         46    0.4   0.1    2.1e+02   -1.7   0.0    1.5  0  nat_e9e60d2de704a1d756e6  
         46    0.4   0.0         98   -0.6   0.0    1.4  0  nat_f1aad1947e3e40ba9653  
         46    0.4   0.3         52    0.3   0.3    1.4  1  nat_2ed708bd24725eb69d2c  
         47    0.4   0.2         93   -0.5   0.1    1.4  0  nat_ee10b37a92559cba1989  
         47    0.4   0.3         58    0.1   0.2    1.4  1  nat_8d61c399409b4395f3c5  
         47    0.4   0.2    1.6e+02   -1.3   0.2    1.6  0  nat_7c2eb329deec0b040768  
         47    0.4   0.2         80   -0.3   0.2    1.4  0  nat_07f90c8c92dbdb92b94e  
         47    0.4   0.1         72   -0.2   0.1    1.4  0  nat_81de2b78d291d512c1e2  
         47    0.4   1.2    1.1e+02   -0.7   0.8    1.7  0  nat_c6294867c99abd04a2a4  
         47    0.4   0.1    1.3e+02   -1.0   0.1    1.4  0  nat_32fcf9c5b6202c499dc1  
         47    0.4   0.1    1.8e+02   -1.5   0.1    1.6  0  nat_eedf2d89181613d2065f  
         47    0.4   0.3    2.6e+02   -2.0   0.0    1.7  0  nat_2fcf63c4d0b08851d7bb  
         48    0.4   0.1         49    0.4   0.1    1.5  1  nat_f0527674fd3fa7ce3faf  
         48    0.4   0.3         83   -0.4   0.3    1.4  0  nat_58a114a587bf7627f074  
         48    0.4   0.3         77   -0.3   0.2    1.4  0  nat_c740155726ca8561a023  
         48    0.4   0.0         84   -0.4   0.0    1.4  0  nat_70ad50650b15b30241b4  
         48    0.4   0.6         77   -0.3   0.5    1.4  0  nat_3ca681349695f8ed3ee4  
         48    0.4   1.1    1.2e+02   -0.9   1.0    1.7  0  nat_2a2c6ce836f6b052a898  
         49    0.4   0.1    1.8e+02   -1.5   0.1    1.5  0  nat_a0c33ff7daaf9315de4b  
         49    0.4   0.1      1e+02   -0.7   0.0    1.4  0  nat_824a3264c546dbd7013f  
         49    0.4   0.0    1.1e+02   -0.8   0.0    1.4  0  nat_861aafc294a955cecd2e  
         49    0.4   0.3         73   -0.2   0.3    1.4  0  nat_3dcd4bf22b7bbdb49d82  
         49    0.4   0.1         69   -0.1   0.1    1.4  0  nat_84eddb9c9ecca10afd5a  
         49    0.3   0.1      1e+02   -0.7   0.1    1.3  0  nat_f5db5c4704d592f947d9  
         49    0.3   0.0    1.1e+02   -0.8   0.0    1.4  0  nat_37912e3e9ceb53157c77  
         49    0.3   2.7         61    0.1   1.5    1.8  1  nat_2de1169e3d7efe4899c8  
         49    0.3   1.4         59    0.1   1.4    1.4  1  nat_dfc6d9c3df75d03c2479  
         50    0.3   0.0      1e+02   -0.7   0.0    1.3  0  nat_400daa3180be46a7f598  
         50    0.3   0.1         83   -0.4   0.1    1.4  0  nat_6202903abc283dce1575  
         51    0.3   0.2         78   -0.3   0.2    1.5  0  nat_99a07129f51bd6011cb7  
         51    0.3   0.0         88   -0.5   0.0    1.3  0  nat_40a2221d15252edb050f  
         51    0.3   0.4    1.2e+02   -0.9   0.3    1.4  0  nat_1f7ab0dfc808b4ef03c3  
         51    0.3   0.3    1.2e+02   -0.8   0.2    1.4  0  nat_73e0b5aa88a198c56cae  
         51    0.3   0.3         92   -0.5   0.2    1.3  0  nat_9ec14e80a2c82af4533c  
         52    0.3   0.1    1.7e+02   -1.4   0.0    1.5  0  nat_d82c955fa7d898a2ab96  
         52    0.3   0.0         90   -0.5   0.0    1.3  0  nat_7c3fe835f2de28872203  
         52    0.3   2.0         65   -0.0   2.0    1.4  0  nat_f78382fe3dd21fcadefa  
         52    0.3   0.3         86   -0.4   0.3    1.4  0  nat_c851ec622696a1a12ee9  
         53    0.3   0.1    3.4e+02   -2.3   0.0    1.6  0  nat_7582ab44f4a5ea674099  
         53    0.3   0.0         99   -0.6   0.0    1.3  0  nat_8d9ebc646f6fec623f00  
         53    0.2   0.2    1.2e+02   -0.9   0.2    1.4  0  nat_1a264ded2f369ea42fdd  
         53    0.2   0.0      1e+02   -0.6   0.0    1.4  0  nat_bf1dfb6914e902f34199  
         53    0.2   0.0      1e+02   -0.7   0.0    1.3  0  nat_48dbcd4ed98d41a9651a  
         53    0.2   0.0    1.9e+02   -1.5   0.0    1.4  0  nat_4847fa268d05b7ef089c  
         53    0.2   0.0         96   -0.6   0.0    1.4  0  nat_98510cc23b6e65ce4afa  
         53    0.2   0.3    1.1e+02   -0.8   0.3    1.5  0  nat_ca242131f6ef5b732fcf  
         54    0.2   0.1    1.1e+02   -0.8   0.0    1.4  0  nat_ad18f8d7fabecf9750fb  
         54    0.2   0.1    5.7e+02   -3.1   0.1    1.7  0  nat_414c502e7645eadf3d0f  
         54    0.2   2.3         74   -0.2   2.3    1.4  0  nat_faf24daf3257ab31b44d  
         54    0.2   0.1    1.5e+02   -1.2   0.1    1.5  0  nat_6f78ae7dbd3067bdbed8  
         54    0.2   0.0         95   -0.6   0.0    1.4  0  nat_cd47d1496d29850f6644  
         54    0.2   0.2         97   -0.6   0.2    1.4  0  nat_7a296141a2788c2145e9  
         54    0.2   0.1         81   -0.3   0.1    1.3  0  nat_241c00832790324418cd  
         55    0.2   0.0         77   -0.3   0.0    1.3  0  nat_a02e830798caf1fb08c6  
         55    0.2   0.3      1e+02   -0.7   0.3    1.4  0  nat_db21d598502068c3fa2f  
         55    0.2   0.5    1.1e+02   -0.7   0.0    1.4  0  nat_86c1908d1d28058bf2a9  
         55    0.2   0.0    2.1e+02   -1.7   0.0    1.4  0  nat_23547210dabe68635401  
         55    0.2   0.1    1.3e+02   -1.0   0.1    1.3  0  nat_efb09f3729ebcf09a0cd  
         55    0.2   0.7         81   -0.3   0.7    1.4  0  nat_b777f719d06f5568d601  
         55    0.2   0.7    3.9e+02   -2.6   0.1    1.8  0  nat_93c537fc9102a67e551f  
         55    0.2   0.3    1.7e+02   -1.4   0.2    1.5  0  nat_577493092a2b2854c435  
         55    0.2   0.0    1.2e+02   -0.9   0.0    1.4  0  nat_575a3ddb97ad6997411f  
         56    0.2   0.1    3.1e+02   -2.2   0.1    1.6  0  nat_d357e9d3ead4e202b4ba  
         56    0.2   0.0    1.1e+02   -0.7   0.0    1.4  0  nat_70e619942db9ffc2c9b7  
         56    0.2   0.1    1.9e+02   -1.5   0.1    1.5  0  nat_0f51e0db355810694385  
         56    0.2   0.0      1e+02   -0.7   0.0    1.4  0  nat_6e2299007a2edd2a61ea  
         57    0.2   0.1    2.9e+02   -2.1   0.1    1.6  0  nat_7e86aa921e43cec15ccd  
         57    0.1   0.1    1.2e+02   -1.0   0.1    1.3  0  nat_eb796c25a48cdf2ca2d4  
         57    0.1   0.2    1.1e+02   -0.8   0.0    1.4  0  nat_3fffa9db9247345bf996  
         57    0.1   0.0    1.5e+02   -1.2   0.0    1.4  0  nat_5c04b2f6553dd27ee8b0  
         57    0.1   0.4    1.4e+02   -1.1   0.1    1.4  0  nat_fd9a2791aaca81c0c6ef  
         57    0.1   0.3    2.3e+02   -1.8   0.0    1.6  0  nat_9667966bbf1f4d34340a  
         57    0.1   0.0      1e+02   -0.7   0.0    1.4  0  nat_58552353178d8fa2f36f  
         58    0.1   0.1      1e+02   -0.6   0.1    1.4  0  nat_13f51706d5d2df8544bb  
         58    0.1   0.1    1.2e+02   -1.0   0.1    1.4  0  nat_41c961009656e555d77b  
         58    0.1   0.0    1.5e+02   -1.2   0.0    1.4  0  nat_3d07312c83e7c32af7ba  
         58    0.1   0.3    1.4e+02   -1.1   0.1    1.4  0  nat_05a00477d12701f3890c  
         58    0.1   2.3         76   -0.3   2.3    1.4  0  nat_e355a3cabd64b6b94474  
         58    0.1   0.2    1.3e+02   -1.0   0.1    1.3  0  nat_630c823407ef4f2e6361  
         58    0.1   0.0    1.3e+02   -1.0   0.0    1.3  0  nat_72774f3330f715fae401  
         59    0.1   3.7    1.9e+02   -1.6   3.6    2.0  0  nat_404cf82aead1f9489e72  
         59    0.1   0.1    1.3e+02   -1.1   0.1    1.4  0  nat_c8057d4884d2825dccf9  
         59    0.1   0.0    1.4e+02   -1.1   0.0    1.3  0  nat_e1d8e1d8d2f54947a961  
         59    0.1   0.1    1.3e+02   -1.0   0.1    1.4  0  nat_3eb21ff7b93129f6825b  
         59    0.1   0.0    1.7e+02   -1.4   0.0    1.4  0  nat_e158c576a529f55a2dd5  
         59    0.1   0.1    3.1e+02   -2.2   0.1    1.6  0  nat_e019c232d73b7720272e  
         60    0.1   0.2         99   -0.6   0.1    1.4  0  nat_b57aea053dff80c6482c  
         60    0.1   0.1         81   -0.3   0.1    1.3  0  nat_119785f1c0655d1d50b6  
         60    0.1   0.0    1.1e+02   -0.8   0.0    1.3  0  nat_9194534fce73964474e0  
         60    0.1   0.0         84   -0.4   0.0    1.4  0  nat_840c1e4fe0d4806879ab  
         60    0.1   0.0    1.1e+02   -0.8   0.0    1.3  0  nat_351862cb01754fd1ab98  
         60    0.1   0.2    1.8e+02   -1.5   0.1    1.3  0  nat_d76ea2de7462bc6a2acb  
         60    0.1   0.0    1.1e+02   -0.8   0.0    1.3  0  nat_d692e59ba181a3631d4d  
         60    0.1   0.1    1.3e+02   -1.0   0.1    1.4  0  nat_ecb1c2738797f1742802  
         60    0.1   0.0    1.4e+02   -1.1   0.0    1.4  0  nat_7017fbd8c94374540f0f  
         61    0.1   0.2    1.6e+02   -1.3   0.1    1.4  0  nat_76418c5d471b2873e6bf  
         61    0.0   0.2    2.6e+02   -2.0   0.2    1.6  0  nat_492035bd7857aca04ece  
         61    0.0   0.0    1.2e+02   -0.9   0.0    1.4  0  nat_c277f769aaa81aaf7242  
         61    0.0   0.0    1.2e+02   -0.9   0.0    1.4  0  nat_9d95fb5f11c9b20cbd54  
         61    0.0   0.3         75   -0.2   0.3    1.4  0  nat_68925098711d386795ce  
         61    0.0   0.7    2.7e+02   -2.0   0.3    1.7  0  nat_5322cde66edfa53888a3  
         62    0.0   0.7    2.2e+02   -1.7   0.3    1.7  0  nat_b5e7381c9d00902df4ef  
         63    0.0   0.0    1.5e+02   -1.2   0.0    1.3  0  nat_f3a6931071d746ea3e3e  
         63    0.0   0.2    1.2e+02   -0.9   0.2    1.4  0  nat_7b982f3adbb743e270fc  
         63    0.0   0.1    1.2e+02   -1.0   0.1    1.4  0  nat_c7cb28cf54b6a88ff785  


Domain annotation for each sequence (and alignments):
>> nat_829e22f860a4267265e7  
   #    score  bias  c-Evalue  i-Evalue hmmfrom  hmm to    alifrom  ali to    envfrom  env to     acc
 ---   ------ ----- --------- --------- ------- -------    ------- -------    ------- -------    ----
   1 !  128.6   1.7   3.1e-39   7.4e-39       3      98 ..      19     109 ..       1     113 [] 0.94

  Alignments for each domain:
  == domain 1  score: 128.6 bits;  conditional E-value: 3.1e-39
                      gvpk   3 eerrieideedlergLlaLvltvvEllrellerqAlrRvesgdLtdeeierLGtalmaleealeelkeefgleaedlnldlgpLg 87 
                               ++rr+++d++++er+L++LvltvvEllr+l+erqA+rRve++dLt+e++er+G +lm l+++++el+e++gl++edlnldlgpLg
  nat_829e22f860a4267265e7  19 AARRLDLDKDTVERDLVRLVLTVVELLRQLMERQAIRRVEKNDLTEEQEERIGMTLMILDDRMTELRERYGLSPEDLNLDLGPLG 103
                               5789********************************************************************************* PP

                      gvpk  88 klvvdkveper 98 
                                l+     p++
  nat_829e22f860a4267265e7 104 PLL-----PRQ 109
                               **9.....444 PP

>> nat_9bea7cdc12e000d2c3ea  
   #    score  bias  c-Evalue  i-Evalue hmmfrom  hmm to    alifrom  ali to    envfrom  env to     acc
 ---   ------ ----- --------- --------- ------- -------    ------- -------    ------- -------    ----
   1 !  125.0   1.1     4e-38   9.5e-38       3      94 ..      27     117 ..      20     129 .. 0.92

  Alignments for each domain:
  == domain 1  score: 125.0 bits;  conditional E-value: 4e-38
                      gvpk   3 eerrieideedlergLlaLvltvvEllrellerqAlrRvesgdLtdeeierLGtalmaleealeelkeefgleaedlnldlgpLg 87 
                               +++r+ +d++++er+L++LvltvvEllr+l+erqAl+Rv++gdLt+e++er+G +lm l++++ee+++++gl+ +dlnldlgpLg
  nat_9bea7cdc12e000d2c3ea  27 AAQRLRTDADTVERDLAKLVLTVVELLRQLMERQALHRVDKGDLTEEQEERVGMTLMILQQRMEEMCDRHGLRMADLNLDLGPLG 111
                               57899******************************************************************************** PP

                      gvpk  88 klvvdkv 94 
                               +l+ + +
  nat_9bea7cdc12e000d2c3ea 112 TLL-SPA 117
                               **9.333 PP

>> nat_2730dab12de0ce3ce325  
   #    score  bias  c-Evalue  i-Evalue hmmfrom  hmm to    alifrom  ali to    envfrom  env to     acc
 ---   ------ ----- --------- --------- ------- -------    ------- -------    ------- -------    ----
   1 !  125.1   6.0   3.9e-38   9.3e-38       1      90 [.       1      90 [.       1      92 [] 0.98

  Alignments for each domain:
  == domain 1  score: 125.1 bits;  conditional E-value: 3.9e-38
                      gvpk  1 MeeerrieideedlergLlaLvltvvEllrellerqAlrRvesgdLtdeeierLGtalmaleealeelkeefgleaedlnldlgpLg 87
                              M+++r++++d++++er+L++LvltvvEllr+l+erqAlrRv++gdLt++++er+G +lm le++++ l+e+fgle+edln+dlgpLg
  nat_2730dab12de0ce3ce325  1 MSAKRTVDLDPDTVERDLAKLVLTVVELLRQLMERQALRRVDGGDLTEAQEERIGLTLMLLEDRMDLLREKFGLEPEDLNIDLGPLG 87
                              78899********************************************************************************** PP

                      gvpk 88 klv 90
                               l+
  nat_2730dab12de0ce3ce325 88 PLL 90
                              998 PP

>> nat_f9fd8306d74bf30082b9  
   #    score  bias  c-Evalue  i-Evalue hmmfrom  hmm to    alifrom  ali to    envfrom  env to     acc
 ---   ------ ----- --------- --------- ------- -------    ------- -------    ------- -------    ----
   1 !  124.1   2.9   7.8e-38   1.9e-37       4      90 ..      16     102 ..       2     106 .] 0.97

  Alignments for each domain:
  == domain 1  score: 124.1 bits;  conditional E-value: 7.8e-38
                      gvpk   4 errieideedlergLlaLvltvvEllrellerqAlrRvesgdLtdeeierLGtalmaleealeelkeefgleaedlnldlgpLgk 88 
                               +rr+e+d++++er+L++LvltvvEllr+l+erqAlrRv++g+Lt++++er+G +lm le+++e l+++fgle+ dln+dlgpLg 
  nat_f9fd8306d74bf30082b9  16 RRRVELDPDTVERDLARLVLTVVELLRQLMERQALRRVDTGELTEDQEERIGVTLMLLEDRMEVLRDKFGLEPGDLNIDLGPLGP 100
                               689********************************************************************************** PP

                      gvpk  89 lv 90 
                               l+
  nat_f9fd8306d74bf30082b9 101 LL 102
                               99 PP

>> nat_b94c6e496a778f2f3d21  
   #    score  bias  c-Evalue  i-Evalue hmmfrom  hmm to    alifrom  ali to    envfrom  env to     acc
 ---   ------ ----- --------- --------- ------- -------    ------- -------    ------- -------    ----
   1 !  122.6   5.0   2.3e-37   5.5e-37       3      90 ..       4      91 ..       1      94 [] 0.96

  Alignments for each domain:
  == domain 1  score: 122.6 bits;  conditional E-value: 2.3e-37
                      gvpk  3 eerrieideedlergLlaLvltvvEllrellerqAlrRvesgdLtdeeierLGtalmaleealeelkeefgleaedlnldlgpLgkl 89
                              ++ rie++++++er+L++LvltvvEllr+l+erqAlrR ++gdL+++++er+G +lm l+++++el+e++gl++edlnldlgpLg l
  nat_b94c6e496a778f2f3d21  4 RHGRIEFEPDTVERDLIKLVLTVVELLRQLMERQALRRFDQGDLSEDQEERIGLTLMLLDDRMTELRERYGLRPEDLNLDLGPLGPL 90
                              6789**********************************************************************************9 PP

                      gvpk 90 v 90
                              +
  nat_b94c6e496a778f2f3d21 91 L 91
                              9 PP

>> nat_6e7e127e6aabd3c6f5a8  
   #    score  bias  c-Evalue  i-Evalue hmmfrom  hmm to    alifrom  ali to    envfrom  env to     acc
 ---   ------ ----- --------- --------- ------- -------    ------- -------    ------- -------    ----
   1 !  121.4   4.6   5.3e-37   1.3e-36       4      90 ..       5      91 .]       1      91 [] 0.97

  Alignments for each domain:
  == domain 1  score: 121.4 bits;  conditional E-value: 5.3e-37
                      gvpk  4 errieideedlergLlaLvltvvEllrellerqAlrRvesgdLtdeeierLGtalmaleealeelkeefgleaedlnldlgpLgklv 90
                               +ri++++e++ r+L++LvltvvEl+r+l+erqAlrRv++gdL de +erLG  lm+leea++el+e fgle+edln+dlgpLgkl+
  nat_6e7e127e6aabd3c6f5a8  5 PQRIDAQPETVARDLGRLVLTVVELVRQLMERQALRRVDAGDLPDETVERLGLGLMRLEEAMAELREVFGLEPEDLNIDLGPLGKLL 91
                              689**********************************************************************************97 PP

>> nat_db306f3f0b6bb11db8ba  
   #    score  bias  c-Evalue  i-Evalue hmmfrom  hmm to    alifrom  ali to    envfrom  env to     acc
 ---   ------ ----- --------- --------- ------- -------    ------- -------    ------- -------    ----
   1 !  121.0   2.5     7e-37   1.7e-36       5      90 ..       7      92 ..       1      97 [. 0.96

  Alignments for each domain:
  == domain 1  score: 121.0 bits;  conditional E-value: 7e-37
                      gvpk  5 rrieideedlergLlaLvltvvEllrellerqAlrRvesgdLtdeeierLGtalmaleealeelkeefgleaedlnldlgpLgklv 90
                               r+e+d++++er+L++LvltvvEllr+l+erqAlrRv++gdLt++++er+G +lm l+e++++l+++++l++ dlnldlgpLg l+
  nat_db306f3f0b6bb11db8ba  7 GRVELDRDTVERDLMRLVLTVVELLRQLMERQALRRVDHGDLTEDQEERIGLTLMLLAERMDDLCARYDLSPGDLNLDLGPLGPLL 92
                              689*********************************************************************************98 PP

>> nat_75a89740ad2cb7445378  
   #    score  bias  c-Evalue  i-Evalue hmmfrom  hmm to    alifrom  ali to    envfrom  env to     acc
 ---   ------ ----- --------- --------- ------- -------    ------- -------    ------- -------    ----
   1 !  120.4   4.5   1.1e-36   2.6e-36       4      90 ..       8      94 ..       1      97 [] 0.97

  Alignments for each domain:
  == domain 1  score: 120.4 bits;  conditional E-value: 1.1e-36
                      gvpk  4 errieideedlergLlaLvltvvEllrellerqAlrRvesgdLtdeeierLGtalmaleealeelkeefgleaedlnldlgpLgklv 90
                               +r+e+d+e +er+L +Lvlt+vEl+r+l+e+qAlrRve+gdLtde+ie LGt lm+le+a+e+lk +fgl+ +dlnldlgpLg+l+
  nat_75a89740ad2cb7445378  8 PQRLETDAEGVERDLFKLVLTIVELVRQLMEKQALRRVEEGDLTDEQIEGLGTGLMHLEQAMEDLKSRFGLTSADLNLDLGPLGTLL 94
                              589**********************************************************************************98 PP

>> nat_6a2caa9d644a05b1fa76  
   #    score  bias  c-Evalue  i-Evalue hmmfrom  hmm to    alifrom  ali to    envfrom  env to     acc
 ---   ------ ----- --------- --------- ------- -------    ------- -------    ------- -------    ----
   1 !  119.9   7.5   1.6e-36   3.8e-36       3      90 ..       4      91 ..       1      94 [] 0.96

  Alignments for each domain:
  == domain 1  score: 119.9 bits;  conditional E-value: 1.6e-36
                      gvpk  3 eerrieideedlergLlaLvltvvEllrellerqAlrRvesgdLtdeeierLGtalmaleealeelkeefgleaedlnldlgpLgkl 89
                               +++++++++++er+L++LvltvvEllr+l+erqAlrRv++gdL++e++er+G +lm l+++++el++++gl+ edlnldlgpLg l
  nat_6a2caa9d644a05b1fa76  4 PRKHLDLEPDTVERDLIKLVLTVVELLRQLMERQALRRVDEGDLSEEQEERIGLTLMLLDDRMTELRDRYGLRSEDLNLDLGPLGPL 90
                              57899*********************************************************************************9 PP

                      gvpk 90 v 90
                              +
  nat_6a2caa9d644a05b1fa76 91 L 91
                              9 PP

>> nat_3d03178d5c86075982f0  
   #    score  bias  c-Evalue  i-Evalue hmmfrom  hmm to    alifrom  ali to    envfrom  env to     acc
 ---   ------ ----- --------- --------- ------- -------    ------- -------    ------- -------    ----
   1 !  118.7   7.4   3.6e-36   8.6e-36       5      90 ..      33     118 ..      31     121 .] 0.97

  Alignments for each domain:
  == domain 1  score: 118.7 bits;  conditional E-value: 3.6e-36
                      gvpk   5 rrieideedlergLlaLvltvvEllrellerqAlrRvesgdLtdeeierLGtalmaleealeelkeefgleaedlnldlgpLgkl 89 
                               +r+e+d+e++er+Ll+Lvlt+vEl+r+l+erqAlrRv++gdLtde++e+LGt lm+le+a+e+lk+++gl+ +dl++dlgpLg+l
  nat_3d03178d5c86075982f0  33 QRLETDAESVERDLLKLVLTIVELVRQLMERQALRRVDEGDLTDEQVEELGTGLMHLERAMEDLKDRYGLTSADLDIDLGPLGTL 117
                               799********************************************************************************** PP

                      gvpk  90 v 90 
                               +
  nat_3d03178d5c86075982f0 118 L 118
                               8 PP

>> nat_2be49069dec87643c3e5  
   #    score  bias  c-Evalue  i-Evalue hmmfrom  hmm to    alifrom  ali to    envfrom  env to     acc
 ---   ------ ----- --------- --------- ------- -------    ------- -------    ------- -------    ----
   1 !  119.1   4.9   2.7e-36   6.5e-36       4      90 ..       9      95 ..       1     102 [. 0.95

  Alignments for each domain:
  == domain 1  score: 119.1 bits;  conditional E-value: 2.7e-36
                      gvpk  4 errieideedlergLlaLvltvvEllrellerqAlrRvesgdLtdeeierLGtalmaleealeelkeefgleaedlnldlgpLgklv 90
                              +++ie++++++er Ll+Lvlt+vEl+r+l+erqA+rR+++gdL  +++e+LG  lm+leea+++l+e+fgl++edln+dlgpLg+l+
  nat_2be49069dec87643c3e5  9 AEKIEANADTVERELLKLVLTIVELVRQLMERQAIRRMDEGDLRPQQVEELGLGLMRLEEAMTTLREQFGLQPEDLNIDLGPLGSLL 95
                              5799**********************************************************************************9 PP

>> nat_e78348e72525b9382660  
   #    score  bias  c-Evalue  i-Evalue hmmfrom  hmm to    alifrom  ali to    envfrom  env to     acc
 ---   ------ ----- --------- --------- ------- -------    ------- -------    ------- -------    ----
   1 !  118.9   3.0   3.2e-36   7.7e-36       4      90 ..      14     100 ..       1     102 [] 0.97

  Alignments for each domain:
  == domain 1  score: 118.9 bits;  conditional E-value: 3.2e-36
                      gvpk   4 errieideedlergLlaLvltvvEllrellerqAlrRvesgdLtdeeierLGtalmaleealeelkeefgleaedlnldlgpLgk 88 
                               + r+e+d+++++r+L+ LvltvvEllr+l+erqA+rR ++ d tde++er+Gt+lmal+++++el++++gl++++lnldlgpLg+
  nat_e78348e72525b9382660  14 TGRLELDPDRVGRDLVCLVLTVVELLRQLMERQAVRRCDQRDVTDEQVERIGTTLMALDARMDELCAQHGLTRDELNLDLGPLGT 98 
                               5699********************************************************************************* PP

                      gvpk  89 lv 90 
                               l+
  nat_e78348e72525b9382660  99 LL 100
                               98 PP

>> nat_06821e5fc5c34d708729  
   #    score  bias  c-Evalue  i-Evalue hmmfrom  hmm to    alifrom  ali to    envfrom  env to     acc
 ---   ------ ----- --------- --------- ------- -------    ------- -------    ------- -------    ----
   1 !  117.8  11.2   7.3e-36   1.7e-35       1      90 [.       1      88 []       1      88 [] 0.98

  Alignments for each domain:
  == domain 1  score: 117.8 bits;  conditional E-value: 7.3e-36
                      gvpk  1 MeeerrieideedlergLlaLvltvvEllrellerqAlrRvesgdLtdeeierLGtalmaleealeelkeefgleaedlnldlgpLg 87
                              M  +rr+e+d++++er+L++LvltvvEllr+l+erqAlrR+e+gdLt+e++er+G +lmal+e++eel++ +gl++edl+ldlgpLg
  nat_06821e5fc5c34d708729  1 M--TRRMELDRDTAERDLARLVLTVVELLRQLMERQALRRAEAGDLTEEQEERIGLTLMALAERMEELCALHGLRPEDLDLDLGPLG 85
                              5..89********************************************************************************** PP

                      gvpk 88 klv 90
                              +l+
  nat_06821e5fc5c34d708729 86 TLL 88
                              *97 PP

>> nat_f34c21bef9d83be311ab  
   #    score  bias  c-Evalue  i-Evalue hmmfrom  hmm to    alifrom  ali to    envfrom  env to     acc
 ---   ------ ----- --------- --------- ------- -------    ------- -------    ------- -------    ----
   1 !  117.7   6.6   7.4e-36   1.8e-35       8      90 ..       2      84 ..       1      88 [] 0.96

  Alignments for each domain:
  == domain 1  score: 117.7 bits;  conditional E-value: 7.4e-36
                      gvpk  8 eideedlergLlaLvltvvEllrellerqAlrRvesgdLtdeeierLGtalmaleealeelkeefgleaedlnldlgpLgklv 90
                              ++ ++++er+L++LvltvvEllr+l+erqAlrRve+gdLt+e++er+G +lm lee+++el e+fgl++edln+dlgpLg l+
  nat_f34c21bef9d83be311ab  2 DLYPDTVERDLAQLVLTVVELLRQLMERQALRRVETGDLTEEQEERIGLTLMLLEERMDELLEKFGLRPEDLNIDLGPLGPLL 84
                              66799****************************************************************************99 PP

>> nat_fd79a669594ad1a1ef23  
   #    score  bias  c-Evalue  i-Evalue hmmfrom  hmm to    alifrom  ali to    envfrom  env to     acc
 ---   ------ ----- --------- --------- ------- -------    ------- -------    ------- -------    ----
   1 !  117.4   5.6   9.6e-36   2.3e-35       4      90 ..      32     118 ..      28     120 .] 0.97

  Alignments for each domain:
  == domain 1  score: 117.4 bits;  conditional E-value: 9.6e-36
                      gvpk   4 errieideedlergLlaLvltvvEllrellerqAlrRvesgdLtdeeierLGtalmaleealeelkeefgleaedlnldlgpLgk 88 
                               + +i+i+++++er+L++Lvlt+vEllr+l+erqAlrR ++gdLt+e+++r+G +lm le++++el+++++l +edln+dlgpLg 
  nat_fd79a669594ad1a1ef23  32 RGQIQIEPDSVERDLMKLVLTIVELLRQLMERQALRRFDQGDLTEEQEDRIGLTLMLLEDRMAELRDRYDLGPEDLNIDLGPLGP 116
                               5689********************************************************************************9 PP

                      gvpk  89 lv 90 
                               l+
  nat_fd79a669594ad1a1ef23 117 LL 118
                               98 PP

>> nat_af3d459664f55329d87d  
   #    score  bias  c-Evalue  i-Evalue hmmfrom  hmm to    alifrom  ali to    envfrom  env to     acc
 ---   ------ ----- --------- --------- ------- -------    ------- -------    ------- -------    ----
   1 !  117.2   4.3   1.1e-35   2.5e-35       4      90 ..       9      95 ..       1      97 [] 0.97

  Alignments for each domain:
  == domain 1  score: 117.2 bits;  conditional E-value: 1.1e-35
                      gvpk  4 errieideedlergLlaLvltvvEllrellerqAlrRvesgdLtdeeierLGtalmaleealeelkeefgleaedlnldlgpLgklv 90
                               +ri++++e+++r L +Lvlt+vEl+r+l+erqAlrR+++gdL+ e++e+LG  lm+le+a++ l+e+f+l++edln+dlgpLg+l+
  nat_af3d459664f55329d87d  9 PERIDANSETIDRELFKLVLTIVELVRQLMERQALRRIDQGDLSPEQVEELGLGLMRLEQAMTSLQERFDLTPEDLNIDLGPLGRLL 95
                              589**********************************************************************************98 PP

>> nat_63271297f6b3d9d8c243  
   #    score  bias  c-Evalue  i-Evalue hmmfrom  hmm to    alifrom  ali to    envfrom  env to     acc
 ---   ------ ----- --------- --------- ------- -------    ------- -------    ------- -------    ----
   1 !  117.0   5.3   1.3e-35   3.1e-35       7      90 ..       1      84 [.       1      87 [] 0.97

  Alignments for each domain:
  == domain 1  score: 117.0 bits;  conditional E-value: 1.3e-35
                      gvpk  7 ieideedlergLlaLvltvvEllrellerqAlrRvesgdLtdeeierLGtalmaleealeelkeefgleaedlnldlgpLgklv 90
                              +++d++++er+L++Lvlt++Ellr+l+erqA+rR ++gdLt++++er+G +lm le+++ el++++gl++edlnldlgpLg l+
  nat_63271297f6b3d9d8c243  1 MDLDPDTVERDLVKLVLTIIELLRQLMERQAVRRFDTGDLTEDQEERIGLTLMLLEDRMGELRDRYGLKPEDLNLDLGPLGPLL 84
                              589*******************************************************************************99 PP

>> nat_b0c47871cce8c048b264  
   #    score  bias  c-Evalue  i-Evalue hmmfrom  hmm to    alifrom  ali to    envfrom  env to     acc
 ---   ------ ----- --------- --------- ------- -------    ------- -------    ------- -------    ----
   1 !  115.1   4.4     5e-35   1.2e-34       4      97 ..      38     126 ..      36     129 .] 0.96

  Alignments for each domain:
  == domain 1  score: 115.1 bits;  conditional E-value: 5e-35
                      gvpk   4 errieideedlergLlaLvltvvEllrellerqAlrRvesgdLtdeeierLGtalmaleealeelkeefgleaedlnldlgpLgk 88 
                               ++r+ +d++++er+L++Lvlt+vEllr+l+er Al+Rv++g L+++++er+G +lm l+++++el+e++gl+ +dlnldlgpLg+
  nat_b0c47871cce8c048b264  38 ATRLATDPDTVERDLVKLVLTIVELLRQLMERTALHRVDQGGLSEDQEERIGLTLMVLQDRMAELCERYGLSMSDLNLDLGPLGS 122
                               57999******************************************************************************** PP

                      gvpk  89 lvvdkvepe 97 
                               l+     p+
  nat_b0c47871cce8c048b264 123 LL-----PR 126
                               *9.....43 PP

>> nat_0d23f52cf0ddbd815d88  
   #    score  bias  c-Evalue  i-Evalue hmmfrom  hmm to    alifrom  ali to    envfrom  env to     acc
 ---   ------ ----- --------- --------- ------- -------    ------- -------    ------- -------    ----
   1 !  114.3   6.2   8.6e-35   2.1e-34       4      90 ..      26     112 ..      20     117 .] 0.96

  Alignments for each domain:
  == domain 1  score: 114.3 bits;  conditional E-value: 8.6e-35
                      gvpk   4 errieideedlergLlaLvltvvEllrellerqAlrRvesgdLtdeeierLGtalmaleealeelkeefgleaedlnldlgpLgk 88 
                               +rr+e+d++++er+L++Lvlt+vEllr+l+er Al+Rv++gdLt++++er+G +lm l+e+++el+++++l+ +dl+ldlgpLg+
  nat_0d23f52cf0ddbd815d88  26 ARRLETDPDTVERDLMKLVLTLVELLRQLMERTALHRVDEGDLTEQQEERIGMTLMILHERMTELCDRYDLTMDDLDLDLGPLGS 110
                               689********************************************************************************** PP

                      gvpk  89 lv 90 
                               l+
  nat_0d23f52cf0ddbd815d88 111 LL 112
                               *9 PP

>> nat_5a8e04fda20d0284fcf2  
   #    score  bias  c-Evalue  i-Evalue hmmfrom  hmm to    alifrom  ali to    envfrom  env to     acc
 ---   ------ ----- --------- --------- ------- -------    ------- -------    ------- -------    ----
   1 !  113.7   8.6   1.3e-34   3.2e-34       1     108 [.       1     107 [.       1     109 [] 0.93

  Alignments for each domain:
  == domain 1  score: 113.7 bits;  conditional E-value: 1.3e-34
                      gvpk   1 MeeerrieideedlergLlaLvltvvEllrellerqAlrRvesgdLtdeeierLGtalmaleealeelkeefgleaedlnldlgp 85 
                               M   ++ieidee+++ gL+aLv+tvvEll+e+ler+A+rR+esg+LtdeeierLG++l+a+e+++e lke++g+e+ +++l+  +
  nat_5a8e04fda20d0284fcf2   1 M---TTIEIDEESAGTGLVALVVTVVELLVEALEREAVRRMESGHLTDEEIERLGQQLAAIEAEIEGLKEQEGIEEPVEELR-AD 81 
                               5...89****************************************************************************.9* PP

                      gvpk  86 Lgklv...vdkvepereaeeaeessR 108
                               L+ lv   +++ve++++ e a e +R
  nat_5a8e04fda20d0284fcf2  82 LDGLVedaIRQVEDTNWVEPAPEVER 107
                               *****999888888888776655555 PP

>> nat_581afdb2c32bf607da5a  
   #    score  bias  c-Evalue  i-Evalue hmmfrom  hmm to    alifrom  ali to    envfrom  env to     acc
 ---   ------ ----- --------- --------- ------- -------    ------- -------    ------- -------    ----
   1 !  113.5   8.7   1.6e-34   3.7e-34       1     108 [.       1     107 [.       1     109 [] 0.95

  Alignments for each domain:
  == domain 1  score: 113.5 bits;  conditional E-value: 1.6e-34
                      gvpk   1 MeeerrieideedlergLlaLvltvvEllrellerqAlrRvesgdLtdeeierLGtalmaleealeelkeefgleaedlnldlgp 85 
                               M   ++ieid e+++ gL+aLv+tvvEll+e+ler+A+rR+esg+L+deeierLG++l+a+e ++e lke++g+e+ +++l+ ++
  nat_581afdb2c32bf607da5a   1 M---TTIEIDDENAGTGLVALVVTVVELLVEALEREAVRRMESGHLSDEEIERLGRQLAAIESEIESLKEQEGIEEPVEDLR-SD 81 
                               5...89****************************************************************************.9* PP

                      gvpk  86 Lgklv...vdkvepereaeeaeessR 108
                               L+ lv   +++ve++++ + a+e +R
  nat_581afdb2c32bf607da5a  82 LDGLVedaIRQVEDTEWVKPATEVER 107
                               *****999999999999887776666 PP

>> nat_27b11d9136abefe457ee  
   #    score  bias  c-Evalue  i-Evalue hmmfrom  hmm to    alifrom  ali to    envfrom  env to     acc
 ---   ------ ----- --------- --------- ------- -------    ------- -------    ------- -------    ----
   1 !  112.9   7.4   2.4e-34   5.7e-34       4      90 ..      32     118 .]      29     118 .] 0.97

  Alignments for each domain:
  == domain 1  score: 112.9 bits;  conditional E-value: 2.4e-34
                      gvpk   4 errieideedlergLlaLvltvvEllrellerqAlrRvesgdLtdeeierLGtalmaleealeelkeefgleaedlnldlgpLgk 88 
                                +r+++d+  +er+Ll+Lvlt++El+r+l+e+qAlrR++++dLt+e+ie LG+ lm+leea+e lk+++gl++edln+dlgpLg+
  nat_27b11d9136abefe457ee  32 PQRLDTDAAGVERDLLKLVLTIIELIRQLMEKQALRRIDEDDLTEEQIEGLGNGLMHLEEAMEALKAQYGLTTEDLNIDLGPLGT 116
                               689********************************************************************************** PP

                      gvpk  89 lv 90 
                               l+
  nat_27b11d9136abefe457ee 117 LL 118
                               97 PP

>> nat_d73c23b69cd9d76397d0  
   #    score  bias  c-Evalue  i-Evalue hmmfrom  hmm to    alifrom  ali to    envfrom  env to     acc
 ---   ------ ----- --------- --------- ------- -------    ------- -------    ------- -------    ----
   1 !  112.6   2.4   2.8e-34   6.8e-34       5      89 ..       9      93 ..       6      94 .. 0.98

  Alignments for each domain:
  == domain 1  score: 112.6 bits;  conditional E-value: 2.8e-34
                      gvpk  5 rrieideedlergLlaLvltvvEllrellerqAlrRvesgdLtdeeierLGtalmaleealeelkeefgleaedlnldlgpLgkl 89
                              +ri +d+ ++ergL++Lvl +vEl+r+l+erqA+rRve+g L+d+ ierLG++lm+l+ +++ lk+ fgl+++dl+ldlgp+++l
  nat_d73c23b69cd9d76397d0  9 SRIAVDPASVERGLARLVLSLVELIRQLMERQAIRRVEAGGLDDATIERLGETLMRLDSRMDALKATFGLSDADLRLDLGPVDDL 93
                              69*********************************************************************************87 PP

>> nat_719ddebd2b5b980d36ce  
   #    score  bias  c-Evalue  i-Evalue hmmfrom  hmm to    alifrom  ali to    envfrom  env to     acc
 ---   ------ ----- --------- --------- ------- -------    ------- -------    ------- -------    ----
   1 !  112.1   7.6   4.1e-34   9.9e-34       6     104 ..       2     103 ..       1     106 [] 0.97

  Alignments for each domain:
  == domain 1  score: 112.1 bits;  conditional E-value: 4.1e-34
                      gvpk   6 rieideedlergLlaLvltvvEllrellerqAlrRvesgdLtdeeierLGtalmaleealeelkeefgleaedlnldlgpLgklv 90 
                               ++++de++l++g+l+Lv+t+vE+++e+le qAlrR+e+gdLt+ee erLG+al++leealeelk+++g+++++++l+ ++L+++v
  nat_719ddebd2b5b980d36ce   2 ALTVDEQSLKHGVLSLVVTLVEIIEEALESQALRRIEHGDLTEEEQERLGNALLELEEALEELKADHGITTSVADLR-RGLDDVV 85 
                               689**************************************************************************.9****** PP

                      gvpk  91 ...vdkv.epereaeeae 104
                                  +dk+ +p+r+aee e
  nat_719ddebd2b5b980d36ce  86 devIDKLiNPQRWAEESE 103
                               *************99866 PP

>> nat_23973d3194845969e917  
   #    score  bias  c-Evalue  i-Evalue hmmfrom  hmm to    alifrom  ali to    envfrom  env to     acc
 ---   ------ ----- --------- --------- ------- -------    ------- -------    ------- -------    ----
   1 !  111.9   8.8   4.7e-34   1.1e-33       1     103 [.       1     102 [.       1     110 [. 0.87

  Alignments for each domain:
  == domain 1  score: 111.9 bits;  conditional E-value: 4.7e-34
                      gvpk   1 MeeerrieideedlergLlaLvltvvEllrellerqAlrRvesgdLtdeeierLGtalmaleealeelkeefgleaedlnldlgp 85 
                               M   ++ie+d+ed++ gL+aLv+tvvEll+e+ler+A+rR+esg+Ltdee+erLG++l+a+e+++e+lke++g+e+ +++l+ g+
  nat_23973d3194845969e917   1 M---TTIELDGEDAGTGLVALVVTVVELLVEALEREAVRRMESGRLTDEEVERLGSQLAAIEAEVERLKEQQGVEEPVERLR-GD 81 
                               5...89****************************************************************************.** PP

                      gvpk  86 Lgklv...vdkvepereaeea 103
                               L++lv   v++++++++++++
  nat_23973d3194845969e917  82 LDSLVtdaVETLSEREHRDDE 102
                               *****5544444333333332 PP

>> nat_82589630f5ae2d3f307c  
   #    score  bias  c-Evalue  i-Evalue hmmfrom  hmm to    alifrom  ali to    envfrom  env to     acc
 ---   ------ ----- --------- --------- ------- -------    ------- -------    ------- -------    ----
   1 !  111.5   7.7   6.2e-34   1.5e-33       6     104 ..       2     103 ..       1     107 [] 0.96

  Alignments for each domain:
  == domain 1  score: 111.5 bits;  conditional E-value: 6.2e-34
                      gvpk   6 rieideedlergLlaLvltvvEllrellerqAlrRvesgdLtdeeierLGtalmaleealeelkeefgleaedlnldlgpLgklv 90 
                               ++++dee+l++g+l+Lv+t+vE+++e+le qA+rR+e+gdLt+ee  rLG+alm+l+ea+++lk+e+g++a++++l  ++L+++v
  nat_82589630f5ae2d3f307c   2 ALQVDEESLKHGVLTLVVTLVEVIQEALETQAVRRMEGGDLTEEEQNRLGEALMELDEAMDQLKAEHGISASVNDLH-RGLDDVV 85 
                               689**************************************************************************.9****** PP

                      gvpk  91 ...vdkv.epereaeeae 104
                                  vdk+ +p+r+aee +
  nat_82589630f5ae2d3f307c  86 devVDKLiNPARWAEEDR 103
                               *************99854 PP

>> nat_e11f8f5f145076b46b27  
   #    score  bias  c-Evalue  i-Evalue hmmfrom  hmm to    alifrom  ali to    envfrom  env to     acc
 ---   ------ ----- --------- --------- ------- -------    ------- -------    ------- -------    ----
   1 !  111.0   3.6   9.3e-34   2.2e-33       8      90 ..       2      84 ..       1      89 [] 0.97

  Alignments for each domain:
  == domain 1  score: 111.0 bits;  conditional E-value: 9.3e-34
                      gvpk  8 eideedlergLlaLvltvvEllrellerqAlrRvesgdLtdeeierLGtalmaleealeelkeefgleaedlnldlgpLgklv 90
                              e+d++++er L++Lvl vvEllr+l+erqAlrRv +g+Lt +++er+G +lm le ++ el+ +fgl++edln+dlgpLg l+
  nat_e11f8f5f145076b46b27  2 ELDPDTVERNLARLVLIVVELLRQLMERQALRRVGTGELTVDQEERIGLTLMLLESRMSELRSKFGLRPEDLNIDLGPLGPLL 84
                              89********************************************************************************9 PP

>> nat_44777c3afedf76e72b09  
   #    score  bias  c-Evalue  i-Evalue hmmfrom  hmm to    alifrom  ali to    envfrom  env to     acc
 ---   ------ ----- --------- --------- ------- -------    ------- -------    ------- -------    ----
   1 !  110.4   2.3   1.4e-33   3.4e-33       4      90 ..      29     115 ..      26     119 .] 0.96

  Alignments for each domain:
  == domain 1  score: 110.4 bits;  conditional E-value: 1.4e-33
                      gvpk   4 errieideedlergLlaLvltvvEllrellerqAlrRvesgdLtdeeierLGtalmaleealeelkeefgleaedlnldlgpLgk 88 
                               ++ri +d+e++e++Ll+Lvlt+vEllr+l+e+qAlrRv++gdLtd+++e+LG +lmal+ al +l++e+g + +dlnldlgpLg 
  nat_44777c3afedf76e72b09  29 AHRIRADRESMEEDLLKLVLTLVELLRQLIEKQALRRVDAGDLTDDQEEELGATLMALHGALSDLCAEHGYTIDDLNLDLGPLGP 113
                               579********************************************************************************** PP

                      gvpk  89 lv 90 
                               l+
  nat_44777c3afedf76e72b09 114 LL 115
                               99 PP

>> nat_590b75b8f97f712b8c55  
   #    score  bias  c-Evalue  i-Evalue hmmfrom  hmm to    alifrom  ali to    envfrom  env to     acc
 ---   ------ ----- --------- --------- ------- -------    ------- -------    ------- -------    ----
   1 !  110.5   8.4   1.3e-33   3.1e-33       3      90 ..       5      92 ..       1      95 [] 0.97

  Alignments for each domain:
  == domain 1  score: 110.5 bits;  conditional E-value: 1.3e-33
                      gvpk  3 eerrieideedlergLlaLvltvvEllrellerqAlrRvesgdLtdeeierLGtalmaleealeelkeefgleaedlnldlgpLgkl 89
                              ++rr+e+d++++er+L++++lt++Ellrel+erqAlrRv++gdLt+e++er+G +lm l+++++ l++++gl++e+l+ldlgpLg+l
  nat_590b75b8f97f712b8c55  5 ANRRVELDQDTVERDLMKIILTILELLRELMERQALRRVDQGDLTEEQEERIGMTLMLLADRMDGLCRQYGLDPEELDLDLGPLGSL 91
                              789***********************************************************************************9 PP

                      gvpk 90 v 90
                              +
  nat_590b75b8f97f712b8c55 92 L 92
                              8 PP

>> nat_84154a5781d07c8500ca  
   #    score  bias  c-Evalue  i-Evalue hmmfrom  hmm to    alifrom  ali to    envfrom  env to     acc
 ---   ------ ----- --------- --------- ------- -------    ------- -------    ------- -------    ----
   1 !  110.1   8.5   1.7e-33     4e-33       4      90 ..       5      91 ..       1      94 [] 0.97

  Alignments for each domain:
  == domain 1  score: 110.1 bits;  conditional E-value: 1.7e-33
                      gvpk  4 errieideedlergLlaLvltvvEllrellerqAlrRvesgdLtdeeierLGtalmaleealeelkeefgleaedlnldlgpLgklv 90
                              +rr+e+d++++er+L++L+lt++Ellrel+erqAlrRve+gdL+++++er+G +lm l+++++ l++++gl++e+l+ldlgpLg+l+
  nat_84154a5781d07c8500ca  5 NRRVELDRDTVERDLMKLILTILELLRELMERQALRRVEQGDLSEDQEERIGMTLMLLADRMDGLCRQYGLDPEELDLDLGPLGSLL 91
                              799**********************************************************************************98 PP

>> nat_9ad8adafd39e806bd787  
   #    score  bias  c-Evalue  i-Evalue hmmfrom  hmm to    alifrom  ali to    envfrom  env to     acc
 ---   ------ ----- --------- --------- ------- -------    ------- -------    ------- -------    ----
   1 !  109.5   8.9   2.7e-33   6.5e-33       1      92 [.       1      88 [.       1      94 [. 0.95

  Alignments for each domain:
  == domain 1  score: 109.5 bits;  conditional E-value: 2.7e-33
                      gvpk  1 MeeerrieideedlergLlaLvltvvEllrellerqAlrRvesgdLtdeeierLGtalmaleealeelkeefgleaedlnldlgpLg 87
                              M   +ri++d+e++++gL+aLv+tvvEl++e+ler+A+rR+esg+Ltd+eier+G++l+ le++l++lke +g+e+++++l+ g+L+
  nat_9ad8adafd39e806bd787  1 M---TRIDVDGESAGDGLVALVVTVVELVVEALEREAIRRMESGSLTDAEIERVGQQLATLEDELDRLKEVHGVEDHVDDLR-GDLD 83
                              5...89****************************************************************************.**** PP

                      gvpk 88 klvvd 92
                               lv d
  nat_9ad8adafd39e806bd787 84 GLVRD 88
                              ***33 PP

>> nat_4d6fdbbe43a6a597d4b4  
   #    score  bias  c-Evalue  i-Evalue hmmfrom  hmm to    alifrom  ali to    envfrom  env to     acc
 ---   ------ ----- --------- --------- ------- -------    ------- -------    ------- -------    ----
   1 !  108.9   4.8     4e-33   9.4e-33       5      94 ..       2      94 ..       1     106 [. 0.89

  Alignments for each domain:
  == domain 1  score: 108.9 bits;  conditional E-value: 4e-33
                      gvpk  5 rriei.deedlergLlaLvltvvEllrellerqAlrRvesgdLtdeeierLGtalmaleealeelkeefgleaedlnldlgpLgklv 90
                              ++i++ d+ed+++gL++Lv+tvvE+l e+ler+A+rR+esg+L+deeierLG++l+ +e+++e+lk+++g+e+ ++nl+ g+L+ lv
  nat_4d6fdbbe43a6a597d4b4  2 KQIDVgDGEDARQGLVTLVITVVEILIEALEREAVRRMESGNLSDEEIERLGQQLASIEAEIEQLKDDEGIEDGVDNLR-GDLDGLV 87
                              56676699***********************************************************************.******* PP

                      gvpk 91 ...vdkv 94
                                 ++++
  nat_4d6fdbbe43a6a597d4b4 88 ndaIEQL 94
                              4444444 PP

>> nat_ca058e965d65a8238480  
   #    score  bias  c-Evalue  i-Evalue hmmfrom  hmm to    alifrom  ali to    envfrom  env to     acc
 ---   ------ ----- --------- --------- ------- -------    ------- -------    ------- -------    ----
   1 !  108.0   9.4   7.8e-33   1.9e-32       1      94 [.       1      90 [.       1     101 [. 0.93

  Alignments for each domain:
  == domain 1  score: 108.0 bits;  conditional E-value: 7.8e-33
                      gvpk  1 MeeerrieideedlergLlaLvltvvEllrellerqAlrRvesgdLtdeeierLGtalmaleealeelkeefgleaedlnldlgpLg 87
                              M   ++ieide+d+++gL++Lv+tvvEll+++ler+A+rR+e++dL+ eeierLG +l+ale++le+lke++g+e+e++ l+ g+L+
  nat_ca058e965d65a8238480  1 M---TAIEIDEDDAGKGLISLVITVVELLVDALEREAVRRMEHDDLSPEEIERLGAQLAALEDELERLKESEGIEREVEHLR-GDLD 83
                              5...78****************************************************************************.**** PP

                      gvpk 88 klvvdkv 94
                              +l+ d++
  nat_ca058e965d65a8238480 84 DLLTDAL 90
                              ***5555 PP

>> nat_63b8d2c76b5087893a75  
   #    score  bias  c-Evalue  i-Evalue hmmfrom  hmm to    alifrom  ali to    envfrom  env to     acc
 ---   ------ ----- --------- --------- ------- -------    ------- -------    ------- -------    ----
   1 !  107.1   7.8   1.4e-32   3.5e-32       1      92 [.       1      88 [.       1      94 [. 0.95

  Alignments for each domain:
  == domain 1  score: 107.1 bits;  conditional E-value: 1.4e-32
                      gvpk  1 MeeerrieideedlergLlaLvltvvEllrellerqAlrRvesgdLtdeeierLGtalmaleealeelkeefgleaedlnldlgpLg 87
                              M   ++i+id+e++++gL+aLv+tvvEl++e+ler+A+rR+esg+Ltd+eier+G++l+ le++le++ke +g+e  +++l+ g+L+
  nat_63b8d2c76b5087893a75  1 M---TQIDIDGEAAGDGLVALVVTVVELVVEALEREAIRRMESGSLTDAEIERVGQQLASLEDELERMKEVHGIEGPVDELR-GDLD 83
                              5...89****************************************************************************.**** PP

                      gvpk 88 klvvd 92
                               lv d
  nat_63b8d2c76b5087893a75 84 GLVRD 88
                              ***33 PP

>> nat_b627cf2b1cd715426291  
   #    score  bias  c-Evalue  i-Evalue hmmfrom  hmm to    alifrom  ali to    envfrom  env to     acc
 ---   ------ ----- --------- --------- ------- -------    ------- -------    ------- -------    ----
   1 !  107.0   6.4   1.6e-32   3.8e-32       1      91 [.       1      90 [.       1     104 [. 0.93

  Alignments for each domain:
  == domain 1  score: 107.0 bits;  conditional E-value: 1.6e-32
                      gvpk  1 MeeerrieideedlergLlaLvltvvEllrellerqAlrRvesgdLtdeeierLGtalmaleealeelkeefgleaedlnldlgpLg 87
                              M   ++i++d+e++++gLl+Lv++vvEll+e+ler+A+rR+esg+LtdeeierLG +l+ale+++++lk+++g+e+ +++l+ g+L 
  nat_b627cf2b1cd715426291  1 M---TTIDLDGEEASDGLLTLVVAVVELLVEALEREAVRRMESGSLTDEEIERLGAQLAALEDEVDRLKADQGIEDGVDRLR-GDLS 83
                              5...89****************************************************************************.**** PP

                      gvpk 88 klv...v 91
                              +lv   +
  nat_b627cf2b1cd715426291 84 SLVddaL 90
                              ***4433 PP

>> nat_7ec22aa305996fdcbbe6  
   #    score  bias  c-Evalue  i-Evalue hmmfrom  hmm to    alifrom  ali to    envfrom  env to     acc
 ---   ------ ----- --------- --------- ------- -------    ------- -------    ------- -------    ----
   1 !  107.0   6.4   1.6e-32   3.8e-32       5     101 ..       2      99 ..       1     107 [. 0.88

  Alignments for each domain:
  == domain 1  score: 107.0 bits;  conditional E-value: 1.6e-32
                      gvpk   5 rriei.deedlergLlaLvltvvEllrellerqAlrRvesgdLtdeeierLGtalmaleealeelkeefgleaedlnldlgpLgk 88 
                               ++i++ d+e++++gL++Lv+tvvEll+++ler+A+rR+esgdL+++eierLG++l+ +e++le lk+++g+++++++l+ g+L+ 
  nat_7ec22aa305996fdcbbe6   2 TTIDVgDGENARDGLMTLVVTVVELLVDALEREAIRRMESGDLQEDEIERLGEQLATIEAELESLKADEGIDDDVDDLR-GDLDG 85 
                               56777799***********************************************************************.***** PP

                      gvpk  89 lvvdkv.epereae 101
                               lv d++ + + e+e
  nat_7ec22aa305996fdcbbe6  86 LVRDAIeQLSGEHE 99 
                               **555533333333 PP

>> nat_d11339e5575f1cf41503  
   #    score  bias  c-Evalue  i-Evalue hmmfrom  hmm to    alifrom  ali to    envfrom  env to     acc
 ---   ------ ----- --------- --------- ------- -------    ------- -------    ------- -------    ----
   1 !  106.4   5.9   2.4e-32   5.8e-32       6     103 ..       2     102 ..       1     105 [. 0.97

  Alignments for each domain:
  == domain 1  score: 106.4 bits;  conditional E-value: 2.4e-32
                      gvpk   6 rieideedlergLlaLvltvvEllrellerqAlrRvesgdLtdeeierLGtalmaleealeelkeefgleaedlnldlgpLgklv 90 
                               +++++ee+l++g+l+Lv+t+vE+++e+le qA+rR+e+gdLt++e  rLG+al++l+ea++++k+++g++ ++++l  ++L+++v
  nat_d11339e5575f1cf41503   2 ALNVNEESLKHGVLTLVVTLVEVIQEALETQAVRRMEGGDLTEDEQNRLGEALLELDEAMDQIKDQHGITGSVEDLH-RGLDDVV 85 
                               6899*************************************************************************.9****** PP

                      gvpk  91 ...vdkv.epereaeea 103
                                  vdk+ +p+r+aee+
  nat_d11339e5575f1cf41503  86 devVDKLiNPARWAEEN 102
                               *************9875 PP

>> nat_b854d939d1cc416089b0  
   #    score  bias  c-Evalue  i-Evalue hmmfrom  hmm to    alifrom  ali to    envfrom  env to     acc
 ---   ------ ----- --------- --------- ------- -------    ------- -------    ------- -------    ----
   1 !  105.9   7.0   3.5e-32   8.4e-32       1      93 [.       1      89 [.       1     100 [. 0.93

  Alignments for each domain:
  == domain 1  score: 105.9 bits;  conditional E-value: 3.5e-32
                      gvpk  1 MeeerrieideedlergLlaLvltvvEllrellerqAlrRvesgdLtdeeierLGtalmaleealeelkeefgleaedlnldlgpLg 87
                              M   ++ie+d+e++++gL+aLv+tvvEll+++ler+A+rR+e++dL+ +eierLG++l+alee++e+lke++g+e e+++l+ g+L+
  nat_b854d939d1cc416089b0  1 M---TEIEVDGEETRSGLVALVVTVVELLVDALEREAVRRMEHDDLSPAEIERLGSQLAALEEEIERLKESEGVESEVDDLR-GDLD 83
                              5...89****************************************************************************.**** PP

                      gvpk 88 klvvdk 93
                               l+ ++
  nat_b854d939d1cc416089b0 84 GLLREA 89
                              **9333 PP

>> nat_3051d69cdf2eb2867c43  
   #    score  bias  c-Evalue  i-Evalue hmmfrom  hmm to    alifrom  ali to    envfrom  env to     acc
 ---   ------ ----- --------- --------- ------- -------    ------- -------    ------- -------    ----
   1 !  105.9   4.4   3.5e-32   8.4e-32       7      98 ..       4      98 ..       1     107 [. 0.87

  Alignments for each domain:
  == domain 1  score: 105.9 bits;  conditional E-value: 3.5e-32
                      gvpk  7 iei.deedlergLlaLvltvvEllrellerqAlrRvesgdLtdeeierLGtalmaleealeelkeefgleaedlnldlgpLgklv.. 90
                              i++ d+ed+++gL++Lv+tvvEll e+ler+A+rR+esg+L deei+rLGt+l+ +e+++e++ke++g+e+ +++l+ g+L+ lv  
  nat_3051d69cdf2eb2867c43  4 IDVgDGEDARQGLVTLVVTVVELLLEALEREAVRRMESGNLADEEIDRLGTQLATIEAEIEQIKEDEGIEEGVDDLR-GDLDGLVsd 89
                              565599***********************************************************************.*******55 PP

                      gvpk 91 .vdkveper 98
                               ++++++e 
  nat_3051d69cdf2eb2867c43 90 aIERFDEEP 98
                              555552222 PP

>> nat_2d3db8b8e0fa09ac51c5  
   #    score  bias  c-Evalue  i-Evalue hmmfrom  hmm to    alifrom  ali to    envfrom  env to     acc
 ---   ------ ----- --------- --------- ------- -------    ------- -------    ------- -------    ----
   1 !  105.4   6.6     5e-32   1.2e-31       5     103 ..       2      98 ..       1     117 [] 0.85

  Alignments for each domain:
  == domain 1  score: 105.4 bits;  conditional E-value: 5e-32
                      gvpk   5 rrieideedlergLlaLvltvvEllrellerqAlrRvesgdLtdeeierLGtalmaleealeelkeefgleaedlnldlgpLgkl 89 
                               +++e+de+   +gL+a+v++vvE+l+++ler+A+rR+esg+LtdeeierLG+ l++lee le+lke++g+++++++l+ g+L++l
  nat_2d3db8b8e0fa09ac51c5   2 TTVEVDEDG-ANGLTAVVVAVVEILVDALEREAIRRMESGRLTDEEIERLGSHLARLEEDLERLKEDQGVDQQVDQLR-GDLDSL 84 
                               678887765.58******************************************************************.****** PP

                      gvpk  90 vvdkvepereaeea 103
                               v+d+v++ r++e+ 
  nat_2d3db8b8e0fa09ac51c5  85 VADAVHQVRTEERR 98 
                               *6666544444433 PP

>> nat_47a61474e6eef4332090  
   #    score  bias  c-Evalue  i-Evalue hmmfrom  hmm to    alifrom  ali to    envfrom  env to     acc
 ---   ------ ----- --------- --------- ------- -------    ------- -------    ------- -------    ----
   1 !  104.4   7.6   9.9e-32   2.4e-31       1      96 [.       1      92 [.       1     104 [. 0.91

  Alignments for each domain:
  == domain 1  score: 104.4 bits;  conditional E-value: 9.9e-32
                      gvpk  1 MeeerrieideedlergLlaLvltvvEllrellerqAlrRvesgdLtdeeierLGtalmaleealeelkeefgleaedlnldlgpLg 87
                              M   ++i++d+e++ +g+l+Lv+tvvEll e+ler+AlrR+esg+L deeierLG++l+++e+++e +k+++g+e+ +++l+ g+L+
  nat_47a61474e6eef4332090  1 M---TTIDVDGEEAADGVLTLVVTVVELLLEALEREALRRMESGRLADEEIERLGRQLARIEDEIEAIKADQGIEEGVDDLR-GDLD 83
                              5...89****************************************************************************.**** PP

                      gvpk 88 klvvdkvep 96
                               lv d++e+
  nat_47a61474e6eef4332090 84 GLVSDALEQ 92
                              ***544433 PP

>> nat_b5b675473d129fb38c34  
   #    score  bias  c-Evalue  i-Evalue hmmfrom  hmm to    alifrom  ali to    envfrom  env to     acc
 ---   ------ ----- --------- --------- ------- -------    ------- -------    ------- -------    ----
   1 !  102.9   4.8   3.1e-31   7.3e-31       5      97 ..       2      98 ..       1     104 [. 0.92

  Alignments for each domain:
  == domain 1  score: 102.9 bits;  conditional E-value: 3.1e-31
                      gvpk  5 rriei.deedlergLlaLvltvvEllrellerqAlrRvesgdLtdeeierLGtalmaleealeelkeefgleaedlnldlgpLgklv 90
                              ++i++ deed+++gL++Lv+tvvEll e+l r+A+rR+esg+L+de ierLG++l+++e ++e+lk+++g+e+ +++l+ g+L+ lv
  nat_b5b675473d129fb38c34  2 TTIDVgDEEDAREGLVTLVVTVVELLLEALQREAVRRMESGTLSDEGIERLGNQLARIETEIEQLKRDEGIEEGVADLR-GDLDGLV 87
                              6677779************************************************************************.******* PP

                      gvpk 91 ...vdkv.epe 97
                                 ++++ epe
  nat_b5b675473d129fb38c34 88 adaIERFdEPE 98
                              66666665555 PP

>> nat_cc277418f009938ffb7b  
   #    score  bias  c-Evalue  i-Evalue hmmfrom  hmm to    alifrom  ali to    envfrom  env to     acc
 ---   ------ ----- --------- --------- ------- -------    ------- -------    ------- -------    ----
   1 !  102.8   6.0   3.3e-31   7.9e-31       5      96 ..       2      93 ..       1     105 [. 0.89

  Alignments for each domain:
  == domain 1  score: 102.8 bits;  conditional E-value: 3.3e-31
                      gvpk  5 rriei.deedlergLlaLvltvvEllrellerqAlrRvesgdLtdeeierLGtalmaleealeelkeefgleaedlnldlgpLgklv 90
                              ++i++ d++d+++gL++Lv+tvvEll e+ler+A+rR+es+ L+d+eierLG++l+ +e+++++lk+++g+e+ +++l+ g+L+ lv
  nat_cc277418f009938ffb7b  2 TTIDVgDGDDARQGLVTLVVTVVELLLEALEREAVRRMESDGLSDDEIERLGRQLATIEDEIDQLKRDEGIEDGVADLR-GDLDGLV 87
                              56777799***********************************************************************.******* PP

                      gvpk 91 vdkvep 96
                              +d++e 
  nat_cc277418f009938ffb7b 88 ADAIER 93
                              555522 PP

>> nat_167bf66cb53e9339f788  
   #    score  bias  c-Evalue  i-Evalue hmmfrom  hmm to    alifrom  ali to    envfrom  env to     acc
 ---   ------ ----- --------- --------- ------- -------    ------- -------    ------- -------    ----
   1 !  103.0   7.0   2.9e-31   6.8e-31       5     103 ..       2      98 ..       1     116 [] 0.85

  Alignments for each domain:
  == domain 1  score: 103.0 bits;  conditional E-value: 2.9e-31
                      gvpk   5 rrieideedlergLlaLvltvvEllrellerqAlrRvesgdLtdeeierLGtalmaleealeelkeefgleaedlnldlgpLgkl 89 
                               +++e+de+   +gL+a+v++vvE+l+++ler+A+rR+esg+LtdeeierLG+ l++lee le+lke+++++ ++++l+ g+L++l
  nat_167bf66cb53e9339f788   2 TTVEVDEDG-ANGLTAVVVAVVEILVDALEREAIRRMESGSLTDEEIERLGSHLARLEEDLERLKEDQEIDGQVDQLR-GDLDSL 84 
                               678887765.58******************************************************************.****** PP

                      gvpk  90 vvdkvepereaeea 103
                               v+d+v++ r++e+ 
  nat_167bf66cb53e9339f788  85 VADAVHQVRTEERR 98 
                               *6666544444432 PP

>> nat_00945445101ba336d3c1  
   #    score  bias  c-Evalue  i-Evalue hmmfrom  hmm to    alifrom  ali to    envfrom  env to     acc
 ---   ------ ----- --------- --------- ------- -------    ------- -------    ------- -------    ----
   1 !  101.8   7.7   6.6e-31   1.6e-30       5      94 ..       2      94 ..       1     106 [. 0.87

  Alignments for each domain:
  == domain 1  score: 101.8 bits;  conditional E-value: 6.6e-31
                      gvpk  5 rrieidee.dlergLlaLvltvvEllrellerqAlrRvesgdLtdeeierLGtalmaleealeelkeefgleaedlnldlgpLgklv 90
                              ++ie+d+e d+ +g++aLv+tvvEll ++ler+A+rR+esg+Ltdeei+rLG++l+a+e++leelk+++++e+++++l+ g+L+ lv
  nat_00945445101ba336d3c1  2 TTIEVDGEgDAANGVVALVVTVVELLIDALEREAIRRMESGELTDEEIDRLGRQLAAIEAELEELKRDQEIEKSVDDLR-GDLDGLV 87
                              7899986549*********************************************************************.******* PP

                      gvpk 91 ...vdkv 94
                                 ++++
  nat_00945445101ba336d3c1 88 seaIERL 94
                              4443333 PP

>> nat_8a38fd6e94c52ecb3e00  
   #    score  bias  c-Evalue  i-Evalue hmmfrom  hmm to    alifrom  ali to    envfrom  env to     acc
 ---   ------ ----- --------- --------- ------- -------    ------- -------    ------- -------    ----
   1 !  101.0   6.3   1.1e-30   2.7e-30       5      94 ..       2      95 ..       1     112 [. 0.85

  Alignments for each domain:
  == domain 1  score: 101.0 bits;  conditional E-value: 1.1e-30
                      gvpk  5 rriei..deedlergLlaLvltvvEllrellerqAlrRvesgdLtdeeierLGtalmaleealeelkeefgleaedlnldlgpLgkl 89
                              +rie+  +e ++++gL+aLv++vvE+l+e+l r+A+rR+e+g+LtdeeierLG +l+a+ee+l++lke +g+e+e+ +l+ g+L++l
  nat_8a38fd6e94c52ecb3e00  2 TRIELdgEEGNAGDGLTALVVAVVEVLVEALQREAVRRMEGGRLTDEEIERLGAQLAAIEEELDDLKETQGIEEEVGRLR-GDLDSL 87
                              55666115679*********************************************************************.****** PP

                      gvpk 90 v...vdkv 94
                              v   v+++
  nat_8a38fd6e94c52ecb3e00 88 VgdaVRSL 95
                              *6665555 PP

>> nat_c24b0ac6128907419709  
   #    score  bias  c-Evalue  i-Evalue hmmfrom  hmm to    alifrom  ali to    envfrom  env to     acc
 ---   ------ ----- --------- --------- ------- -------    ------- -------    ------- -------    ----
   1 !  101.0   6.9   1.1e-30   2.7e-30       6     103 ..       2     102 ..       1     104 [] 0.97

  Alignments for each domain:
  == domain 1  score: 101.0 bits;  conditional E-value: 1.1e-30
                      gvpk   6 rieideedlergLlaLvltvvEllrellerqAlrRvesgdLtdeeierLGtalmaleealeelkeefgleaedlnldlgpLgklv 90 
                               ++++de++l++g+l+Lv+t+vE+++e+lerqA+rR+++ dLt ee+erL +al++l+eale++k+++g++ ++++l  ++L+++v
  nat_c24b0ac6128907419709   2 SLTVDEKSLKHGVLSLVVTLVEVIQEALERQAMRRMNGQDLTMEEMERLADALLELDEALEQIKDDHGITSSVADLH-RGLDEVV 85 
                               689**************************************************************************.9****** PP

                      gvpk  91 ...vdkv.epereaeea 103
                                  vdk+ +p+r+aee+
  nat_c24b0ac6128907419709  86 ddvVDKLiNPRRWAEET 102
                               *************9875 PP

>> nat_76da33fd04b27484cbcd  
   #    score  bias  c-Evalue  i-Evalue hmmfrom  hmm to    alifrom  ali to    envfrom  env to     acc
 ---   ------ ----- --------- --------- ------- -------    ------- -------    ------- -------    ----
   1 !  100.8   7.9   1.4e-30   3.3e-30       5      99 ..       2     100 ..       1     108 [. 0.89

  Alignments for each domain:
  == domain 1  score: 100.8 bits;  conditional E-value: 1.4e-30
                      gvpk   5 rriei.deedlergLlaLvltvvEllrellerqAlrRvesgdLtdeeierLGtalmaleealeelkeefgleaedlnldlgpLgk 88 
                               ++i++ d+ed+++gL++Lv+tvvEll+++ler+A+rR+es++L deeierLG +l+ +e+++e+lk+++g+e+ +++l+ ++L+ 
  nat_76da33fd04b27484cbcd   2 TQIDVgDGEDARQGLMTLVVTVVELLVDALEREAVRRMESENLADEEIERLGGQLATIEAEIEQLKRDEGIEDGVEDLR-DDLDG 85 
                               56777799***********************************************************************.***** PP

                      gvpk  89 lv...vdkv.epere 99 
                               lv   ++++ ++ r+
  nat_76da33fd04b27484cbcd  86 LVddaIQQLhDEPRT 100
                               **7776666543333 PP

>> nat_bb2d656c6c5518eb0448  
   #    score  bias  c-Evalue  i-Evalue hmmfrom  hmm to    alifrom  ali to    envfrom  env to     acc
 ---   ------ ----- --------- --------- ------- -------    ------- -------    ------- -------    ----
   1 !   96.6   6.4   2.7e-29   6.4e-29       7      98 ..       4      97 ..       1     108 [. 0.86

  Alignments for each domain:
  == domain 1  score: 96.6 bits;  conditional E-value: 2.7e-29
                      gvpk  7 ieideedlergLlaLvltvvEllrellerqAlrRvesgdLtdeeierLGtalmaleealeelkeefgleaedlnldlgpLgklv... 90
                              i++ ++   +g++aLv+tvvEll+++ler+A+rR+e+g+L+++eierLG++l+ +e++le +k+++g+e++++ l+ ++L+ lv   
  nat_bb2d656c6c5518eb0448  4 IDV-GDGGADGVVALVVTVVELLVDALEREAVRRMEAGSLSEAEIERLGRQLASIEDELEAMKRDQGIEDDVATLR-EDLDGLVada 88
                              555.555678******************************************************************.*******555 PP

                      gvpk 91 vdkv.eper 98
                              ++++ +++r
  nat_bb2d656c6c5518eb0448 89 IERLdRDRR 97
                              555544433 PP

>> nat_4d078b98a15dd30260b8  
   #    score  bias  c-Evalue  i-Evalue hmmfrom  hmm to    alifrom  ali to    envfrom  env to     acc
 ---   ------ ----- --------- --------- ------- -------    ------- -------    ------- -------    ----
   1 !   93.7   8.1   2.2e-28   5.2e-28       1      99 [.       1      98 [.       1     109 [. 0.85

  Alignments for each domain:
  == domain 1  score: 93.7 bits;  conditional E-value: 2.2e-28
                      gvpk  1 Meeerrieideedl..ergLlaLvltvvEllrellerqAlrRvesgdLtdeeierLGtalmaleealeelkeefgleaedlnldlgp 85
                              M   +ri++d+ed    +g++aLv+tvvEll+e+l r+AlrR+e gdLtdee+er+G +l+a+e++l+++ke +g+e e+++l+ g+
  nat_4d078b98a15dd30260b8  1 M---TRIDVDGEDGddASGVTALVVTVVELLVEALQREALRRMERGDLTDEEVERVGAQLAAIEAELDDMKETQGIEGEVERLR-GD 83
                              5...79999888761157******************************************************************.** PP

                      gvpk 86 Lgklv...vdkvepere 99
                              L++lv   v+++  +re
  nat_4d078b98a15dd30260b8 84 LDSLVgdaVRSL--DRE 98
                              *****4443333..332 PP

>> nat_4206b3c83132ed838cad  
   #    score  bias  c-Evalue  i-Evalue hmmfrom  hmm to    alifrom  ali to    envfrom  env to     acc
 ---   ------ ----- --------- --------- ------- -------    ------- -------    ------- -------    ----
   1 !   92.6  10.3   4.7e-28   1.1e-27       5     104 ..       2      99 ..       1     109 [] 0.82

  Alignments for each domain:
  == domain 1  score: 92.6 bits;  conditional E-value: 4.7e-28
                      gvpk   5 rrieideedlergLlaLvltvvEllrellerqAlrRvesgdLtdeeierLGtalmaleealeelkeefgleaedlnldlgpLgkl 89 
                               +++e+de+   +gL+a+v++vvE+l+++ler+A+rR+esg+L+d e+erLG+ l+ale+ le+lke++++++++++l+ g+L++l
  nat_4206b3c83132ed838cad   2 TTVEVDESG-ANGLTAVVVAVVEILVDALEREAVRRMESGRLSDGEVERLGSHLAALEADLERLKEDQEVDEQVDQLR-GDLDSL 84 
                               667776654.68******************************************************************.****** PP

                      gvpk  90 v...vdkv.epereaeeae 104
                               v   +++v ++er     e
  nat_4206b3c83132ed838cad  85 VtdaIRQVeRDER----GE 99 
                               *554444433332....22 PP

>> nat_13a8858106c206244ca2  
   #    score  bias  c-Evalue  i-Evalue hmmfrom  hmm to    alifrom  ali to    envfrom  env to     acc
 ---   ------ ----- --------- --------- ------- -------    ------- -------    ------- -------    ----
   1 !   88.8   8.4   7.3e-27   1.7e-26      10     103 ..       7     100 ..       1     110 [. 0.86

  Alignments for each domain:
  == domain 1  score: 88.8 bits;  conditional E-value: 7.3e-27
                      gvpk  10 deedlergLlaLvltvvEllrellerqAlrRvesgdLtdeeierLGtalmaleealeelkeefgleaedlnldlgpLgklv...v 91 
                               de dl  gL+aLv+t+vEll e+le++A+rR+es+dL+++eierLG++l ale++l++lke+ ++++e+++l+ ++L+++v   +
  nat_13a8858106c206244ca2   7 DETDLHGGLTALVITIVELLIEALEHEAVRRMESNDLSETEIERLGQRLDALEDELDRLKEQTEIDDEVTELK-QQLDHVVhgaL 90 
                               8999*********************************************************************.*******5554 PP

                      gvpk  92 dkvepereaeea 103
                               d+v+++  ++++
  nat_13a8858106c206244ca2  91 DEVAHR--HHSV 100
                               444322..2333 PP

>> nat_cb75faf383e3b49f7b2a  
   #    score  bias  c-Evalue  i-Evalue hmmfrom  hmm to    alifrom  ali to    envfrom  env to     acc
 ---   ------ ----- --------- --------- ------- -------    ------- -------    ------- -------    ----
   1 !   84.4   8.9   1.7e-25     4e-25       6      94 ..       4      91 ..       1      98 [] 0.90

  Alignments for each domain:
  == domain 1  score: 84.4 bits;  conditional E-value: 1.7e-25
                      gvpk  6 rieideedlergLlaLvltvvEllrellerqAlrRvesgdLtdeeierLGtalmaleealeelkeefgleaedlnldlgpLgklvvd 92
                              +++ ++ed++ gL+aLv+tvvEll e+le++A+rR+esgdL++eeie+LG+ l+ale +le+lk+e+++ + +++++ ++L ++v d
  nat_cb75faf383e3b49f7b2a  4 AVDENAEDVTGGLTALVVTVVELLLEALEQEAVRRMESGDLSEEEIEQLGQHLHALECELEKLKQEQEIVEGVESFK-TDLNHVVRD 89
                              4566789**********************************************************************.9****9944 PP

                      gvpk 93 kv 94
                              ++
  nat_cb75faf383e3b49f7b2a 90 AI 91
                              44 PP

>> nat_8d605ff22811ab4235d7  
   #    score  bias  c-Evalue  i-Evalue hmmfrom  hmm to    alifrom  ali to    envfrom  env to     acc
 ---   ------ ----- --------- --------- ------- -------    ------- -------    ------- -------    ----
   1 !   81.5   4.9   1.3e-24     3e-24      23     102 ..       2      84 ..       1      87 [] 0.97

  Alignments for each domain:
  == domain 1  score: 81.5 bits;  conditional E-value: 1.3e-24
                      gvpk  23 ltvvEllrellerqAlrRvesgdLtdeeierLGtalmaleealeelkeefgleaedlnldlgpLgklv...vdkv.epereaee 102
                               lt++E+++e+lerqAlrR+e+gdLt ee erL +al++l+eale++ke++g++ ++++l  ++L+++v   vdk+ +p+r+aee
  nat_8d605ff22811ab4235d7   2 LTLTEVIQEALERQALRRIEGGDLTLEESERLADALLELDEALEQIKEDHGITSSVADLH-RGLDEVVddvVDKLiNPRRWAEE 84 
                               8***********************************************************.9*******************987 PP

>> nat_693ec0d594298d9459ad  
   #    score  bias  c-Evalue  i-Evalue hmmfrom  hmm to    alifrom  ali to    envfrom  env to     acc
 ---   ------ ----- --------- --------- ------- -------    ------- -------    ------- -------    ----
   1 !   74.5   1.1   1.9e-22   4.6e-22      11      75 ..       6      70 ..       1      76 [. 0.91

  Alignments for each domain:
  == domain 1  score: 74.5 bits;  conditional E-value: 1.9e-22
                      gvpk 11 eedlergLlaLvltvvEllrellerqAlrRvesgdLtdeeierLGtalmaleealeelkeefgle 75
                              + d++rgL++Lv+tv+++l+e+lerqAlrR+++g+L  +++e LG+al+ale +++e++++ +  
  nat_693ec0d594298d9459ad  6 AADAGRGLGHLVVTVLDVLKEVLERQALRRLDAGTLAPAQVEALGQALIALELRFAEIRAALDAI 70
                              4589*******************************************************999865 PP

>> nat_0d96b287dd19f0443d0b  
   #    score  bias  c-Evalue  i-Evalue hmmfrom  hmm to    alifrom  ali to    envfrom  env to     acc
 ---   ------ ----- --------- --------- ------- -------    ------- -------    ------- -------    ----
   1 !   71.1   1.2   2.2e-21   5.3e-21      11      73 ..       8      68 ..       1      71 [] 0.93

  Alignments for each domain:
  == domain 1  score: 71.1 bits;  conditional E-value: 2.2e-21
                      gvpk 11 eedlergLlaLvltvvEllrellerqAlrRvesgdLtdeeierLGtalmaleealeelkeefg 73
                              + d++rgL++Lv+tv+++lre+lerqAlrR++  +L+ ++ie+LG+al++l+ +++e++++ +
  nat_0d96b287dd19f0443d0b  8 PADAGRGLGHLVVTVLDILREVLERQALRRMD--SLSPAQIEDLGQALLDLDLRFAEIRAALD 68
                              6799****************************..9************************9987 PP

>> nat_a17dbfe78e8ff3f30cdf  
   #    score  bias  c-Evalue  i-Evalue hmmfrom  hmm to    alifrom  ali to    envfrom  env to     acc
 ---   ------ ----- --------- --------- ------- -------    ------- -------    ------- -------    ----
   1 !   61.5   1.6   2.2e-18   5.2e-18      23      90 ..      13      77 ..      10      80 .] 0.92

  Alignments for each domain:
  == domain 1  score: 61.5 bits;  conditional E-value: 2.2e-18
                      gvpk 23 ltvvEllrellerqAlrRvesgdLtdeeierLGtalmaleealeelkeefgleaedlnldlgpLgklv 90
                              +++v+ l++ll   A   v sgdLt+e++er+G +lm l+++++el+e++gl++edlnldlgpLg l+
  nat_a17dbfe78e8ff3f30cdf 13 IALVDTLDRLL---AGGVVVSGDLTEEQEERIGLTLMLLDDRMTELRERYGLRPEDLNLDLGPLGPLL 77
                              68888888888...778899**********************************************99 PP

>> nat_83b5a7fbdc055a7e6548  
   #    score  bias  c-Evalue  i-Evalue hmmfrom  hmm to    alifrom  ali to    envfrom  env to     acc
 ---   ------ ----- --------- --------- ------- -------    ------- -------    ------- -------    ----
   1 !   49.3   1.7   1.3e-14     3e-14       6      76 ..      12      80 ..       1      83 [] 0.84

  Alignments for each domain:
  == domain 1  score: 49.3 bits;  conditional E-value: 1.3e-14
                      gvpk  6 rieideedlergLlaLvltvvEllrellerqAlrRvesgdLtdeeierLGtalmaleealeelke.efglea 76
                              +i++   ++++g++ + +t++E++++lle++++++++ g+L+d+e e+L+++l++++e ++e +e e+++e+
  nat_83b5a7fbdc055a7e6548 12 DITV---KIQQGTVPVEFTYTEMIKQLLENNTIDDTDFGNLSDDEKENLEDMLNKISEIFNEEEEdEQEIEQ 80
                              4444...89***************************************************665540455555 PP

>> nat_e3af4a42319243713e17  
   #    score  bias  c-Evalue  i-Evalue hmmfrom  hmm to    alifrom  ali to    envfrom  env to     acc
 ---   ------ ----- --------- --------- ------- -------    ------- -------    ------- -------    ----
   1 !   48.3   1.9   2.7e-14   6.5e-14       6      76 ..      12      81 ..       1      82 [] 0.88

  Alignments for each domain:
  == domain 1  score: 48.3 bits;  conditional E-value: 2.7e-14
                      gvpk  6 rieideedlergLlaLvltvvEllrellerqAlrRvesgdLtdeeierLGtalmaleeal..eelkeefglea 76
                              +i++   ++++g++a+ +t++E++++lle++++++++ g+L+d+e e+L+++l++++e +  ee+++e+++++
  nat_e3af4a42319243713e17 12 DITV---KIQQGTVAVDFTYTEMIKQLLEDNTIDDTDFGNLSDDEKENLEEMLNKVSEIFaeEEIEDEQQVDE 81
                              4444...89***************************************************7778888887765 PP

>> nat_1eff08f7399a2c188eeb  
   #    score  bias  c-Evalue  i-Evalue hmmfrom  hmm to    alifrom  ali to    envfrom  env to     acc
 ---   ------ ----- --------- --------- ------- -------    ------- -------    ------- -------    ----
   1 !   42.4   0.0   1.8e-12   4.3e-12      26      88 ..       5      71 ..       3      90 .. 0.79

  Alignments for each domain:
  == domain 1  score: 42.4 bits;  conditional E-value: 1.8e-12
                      gvpk 26 vEllreller.....qAlrRvesg.dLtdeeierLGtalmaleealeelkeefgleaedlnldlgpLgk 88
                              vE+l +ll +      AlrRv++g dLt+e++e+ G +l+al+++++el+ee+g + e   +  + Lg 
  nat_1eff08f7399a2c188eeb  5 VEVLSQLLGHvpesiSALRRVDAGgDLTEEQEEEPGATLLALHARMTELCEEHGYTLEGW-IT-DHLGM 71
                              7888888875444447*****97549****************************998876.33.35555 PP

>> nat_ebd57e3d076c8cc40548  
   #    score  bias  c-Evalue  i-Evalue hmmfrom  hmm to    alifrom  ali to    envfrom  env to     acc
 ---   ------ ----- --------- --------- ------- -------    ------- -------    ------- -------    ----
   1 !   36.1   0.1   1.7e-10     4e-10       9      38 ..       1      30 [.       1      34 [. 0.95

  Alignments for each domain:
  == domain 1  score: 36.1 bits;  conditional E-value: 1.7e-10
                      gvpk  9 ideedlergLlaLvltvvEllrellerqAl 38
                              +d++++ergL++Lvltv+Ellr+l erqAl
  nat_ebd57e3d076c8cc40548  1 MDRDSVERGLASLVLTVIELLRQLTERQAL 30
                              699**************************8 PP

>> nat_10402ebc20235ea85773  
   #    score  bias  c-Evalue  i-Evalue hmmfrom  hmm to    alifrom  ali to    envfrom  env to     acc
 ---   ------ ----- --------- --------- ------- -------    ------- -------    ------- -------    ----
   1 !   22.9   0.0   2.1e-06   4.9e-06      14      89 ..       4      79 ..       1      92 [. 0.82

  Alignments for each domain:
  == domain 1  score: 22.9 bits;  conditional E-value: 2.1e-06
                      gvpk 14 lergLlaLvltvvEllrellerqAlrRvesg.dLtdeeierLGtalmaleealeelkeefgleaedlnldlgpLgkl 89
                              +e+ L+a  l  v llr+ +er+ +r  +++    ++e  r   al++l++a+++l+ +f+l+++d +ld    g l
  nat_10402ebc20235ea85773  4 AESRLAASALLAVQLLRRTIERERIRSPQESiAVGESEQNRERPALIHLDDAMNDLCVHFDLNPNDIDLDF-HAGML 79
                              667788888889*************9876553677788888888***********************9994.55555 PP

>> nat_cb6ed77116909eb840cc  
   #    score  bias  c-Evalue  i-Evalue hmmfrom  hmm to    alifrom  ali to    envfrom  env to     acc
 ---   ------ ----- --------- --------- ------- -------    ------- -------    ------- -------    ----
   1 ?   10.5   0.5     0.014     0.034      24      82 ..       9      66 ..       9      73 .. 0.94

  Alignments for each domain:
  == domain 1  score: 10.5 bits;  conditional E-value: 0.014
                      gvpk 24 tvvEllrellerqAlrRvesgdLtdeeierLGtalmaleealeelkeefgleaedlnld 82
                              +vv+l++ lle+ A+  ++   ++ + i  +G +l+ l + +++++++  l ++d+ ++
  nat_cb6ed77116909eb840cc  9 AVVDLVDVLLEDGAVLAAD-VVISVADIPLIGLRLRLLLAGMTTMRDHDILADADDAIR 66
                              79*************9999.689********************************9998 PP

>> nat_ceadeb61c495acb2e73a  
   #    score  bias  c-Evalue  i-Evalue hmmfrom  hmm to    alifrom  ali to    envfrom  env to     acc
 ---   ------ ----- --------- --------- ------- -------    ------- -------    ------- -------    ----
   1 ?    7.7   0.2       0.1      0.25      15      38 ..      28      51 ..      19      56 .. 0.87

  Alignments for each domain:
  == domain 1  score: 7.7 bits;  conditional E-value: 0.1
                      gvpk 15 ergLlaLvltvvEllrellerqAl 38
                              e++L++  +++v+ll++ll   A+
  nat_ceadeb61c495acb2e73a 28 EESLAGRQVALVDLLDRLLNGGAV 51
                              67999**************88775 PP

>> nat_edecb23d5c987164e75c  
   #    score  bias  c-Evalue  i-Evalue hmmfrom  hmm to    alifrom  ali to    envfrom  env to     acc
 ---   ------ ----- --------- --------- ------- -------    ------- -------    ------- -------    ----
   1 ?    7.2   0.1      0.16      0.37      11      38 ..      24      51 ..      16      67 .. 0.86

  Alignments for each domain:
  == domain 1  score: 7.2 bits;  conditional E-value: 0.16
                      gvpk 11 eedlergLlaLvltvvEllrellerqAl 38
                               ++ e++L++  +++++ll++ll   A+
  nat_edecb23d5c987164e75c 24 DHSGEESLAGRQIALIDLLDRLLNGGAV 51
                              5667899****************88776 PP

>> nat_944bef72ec0f0333ef58  
   #    score  bias  c-Evalue  i-Evalue hmmfrom  hmm to    alifrom  ali to    envfrom  env to     acc
 ---   ------ ----- --------- --------- ------- -------    ------- -------    ------- -------    ----
   1 ?    6.8   0.2      0.21       0.5      48      83 ..      41      77 ..      23     104 .. 0.72

  Alignments for each domain:
  == domain 1  score: 6.8 bits;  conditional E-value: 0.21
                      gvpk 48 deeierLGtalmaleealeelkeefgleaedl.nldl 83
                              +e+ e ++++l++l+++l+ ++e+ + ++++  nl+ 
  nat_944bef72ec0f0333ef58 41 QEKLEMMERQLQQLKNRLTFVTEQIETTEQSIqNLRT 77
                              4677888888888888888888887776665436664 PP

>> nat_b6818cf3a9a74185f24e  
   #    score  bias  c-Evalue  i-Evalue hmmfrom  hmm to    alifrom  ali to    envfrom  env to     acc
 ---   ------ ----- --------- --------- ------- -------    ------- -------    ------- -------    ----
   1 ?    6.3   0.1       0.3      0.71       9      33 ..       4      28 ..       1      32 [. 0.87

  Alignments for each domain:
  == domain 1  score: 6.3 bits;  conditional E-value: 0.3
                      gvpk  9 ideedlergLlaLvltvvEllrell 33
                              + +e+ e+gL +  +++++ll++ll
  nat_b6818cf3a9a74185f24e  4 LRGEREEQGLPDRQVALIDLLDRLL 28
                              5667889***************998 PP

>> nat_fdb0b9a351d4c4c08841  
   #    score  bias  c-Evalue  i-Evalue hmmfrom  hmm to    alifrom  ali to    envfrom  env to     acc
 ---   ------ ----- --------- --------- ------- -------    ------- -------    ------- -------    ----
   1 ?    6.3   0.2       0.3      0.71      15      38 ..      42      65 ..      32      70 .. 0.87

  Alignments for each domain:
  == domain 1  score: 6.3 bits;  conditional E-value: 0.3
                      gvpk 15 ergLlaLvltvvEllrellerqAl 38
                              e++L++  +++++ll++ll   A+
  nat_fdb0b9a351d4c4c08841 42 EESLAGRQVALIDLLDRLLNGGAV 65
                              67899*************987775 PP

>> nat_e4c02bb0f7a8020ec61d  
   #    score  bias  c-Evalue  i-Evalue hmmfrom  hmm to    alifrom  ali to    envfrom  env to     acc
 ---   ------ ----- --------- --------- ------- -------    ------- -------    ------- -------    ----
   1 ?    6.2   0.1      0.31      0.75      15      38 ..      23      46 ..      12      51 .. 0.86

  Alignments for each domain:
  == domain 1  score: 6.2 bits;  conditional E-value: 0.31
                      gvpk 15 ergLlaLvltvvEllrellerqAl 38
                              e++L++  +++++ll++ll   A+
  nat_e4c02bb0f7a8020ec61d 23 EESLAGRQIALIDLLDRLLNGGAV 46
                              67899*************988775 PP

>> nat_20d82ee5bd334e9e87ab  
   #    score  bias  c-Evalue  i-Evalue hmmfrom  hmm to    alifrom  ali to    envfrom  env to     acc
 ---   ------ ----- --------- --------- ------- -------    ------- -------    ------- -------    ----
   1 ?    5.8   0.1      0.42      0.99      16      33 ..      11      28 ..       3      33 .. 0.89

  Alignments for each domain:
  == domain 1  score: 5.8 bits;  conditional E-value: 0.42
                      gvpk 16 rgLlaLvltvvEllrell 33
                              + L++  +++v+ll++ll
  nat_20d82ee5bd334e9e87ab 11 EPLAQRQVALVDLLDRLL 28
                              57999**********998 PP

>> nat_b350b25ce7c0236b621b  
   #    score  bias  c-Evalue  i-Evalue hmmfrom  hmm to    alifrom  ali to    envfrom  env to     acc
 ---   ------ ----- --------- --------- ------- -------    ------- -------    ------- -------    ----
   1 ?    5.6   0.1      0.48       1.2      17      33 ..       9      25 ..       6      30 .. 0.89

  Alignments for each domain:
  == domain 1  score: 5.6 bits;  conditional E-value: 0.48
                      gvpk 17 gLlaLvltvvEllrell 33
                               L++  +++v+ll++ll
  nat_b350b25ce7c0236b621b  9 PLAQRQVALVDLLDRLL 25
                              6999**********998 PP

>> nat_42c70c8520ebfd69a3a8  
   #    score  bias  c-Evalue  i-Evalue hmmfrom  hmm to    alifrom  ali to    envfrom  env to     acc
 ---   ------ ----- --------- --------- ------- -------    ------- -------    ------- -------    ----
   1 ?    6.0   0.0      0.36      0.86      41      82 ..      34      75 ..      24     103 .. 0.76

  Alignments for each domain:
  == domain 1  score: 6.0 bits;  conditional E-value: 0.36
                      gvpk 41 vesgdLtdeeierLGtalmaleealeelkeefg.leaedlnld 82
                              ve+++Lt ee e L ++ + +e++l+ ++++ g le+++++l 
  nat_42c70c8520ebfd69a3a8 34 VEKNRLT-EELEVLQSRSHIIEQRLALIEDQLGeLEKDVTELS 75
                              6778888.78889999989999999888888873455555555 PP

>> nat_64e943fc36a310c6d121  
   #    score  bias  c-Evalue  i-Evalue hmmfrom  hmm to    alifrom  ali to    envfrom  env to     acc
 ---   ------ ----- --------- --------- ------- -------    ------- -------    ------- -------    ----
   1 ?    5.8   0.1      0.42         1      49      78 ..      26      55 ..       8      87 .. 0.58

  Alignments for each domain:
  == domain 1  score: 5.8 bits;  conditional E-value: 0.42
                      gvpk 49 eeierLGtalmaleealeelkeefgleaed 78
                              e+ e ++++ ++l+++l+ ++e+ + ++++
  nat_64e943fc36a310c6d121 26 EKLEMMERQIQQLKNRLTFVTEQIETTEQS 55
                              444445555555555555554444444433 PP

>> nat_72b3a46ef502cdedfc81  
   #    score  bias  c-Evalue  i-Evalue hmmfrom  hmm to    alifrom  ali to    envfrom  env to     acc
 ---   ------ ----- --------- --------- ------- -------    ------- -------    ------- -------    ----
   1 ?    5.4   0.0      0.56       1.3      15      38 ..      32      55 ..      26      60 .. 0.87

  Alignments for each domain:
  == domain 1  score: 5.4 bits;  conditional E-value: 0.56
                      gvpk 15 ergLlaLvltvvEllrellerqAl 38
                              +++L++  +++++ll++ll   A+
  nat_72b3a46ef502cdedfc81 32 DESLAGRQIALIDLLDRLLNGGAV 55
                              5789999************88775 PP

>> nat_9f67ffb9509d5a532d5a  
   #    score  bias  c-Evalue  i-Evalue hmmfrom  hmm to    alifrom  ali to    envfrom  env to     acc
 ---   ------ ----- --------- --------- ------- -------    ------- -------    ------- -------    ----
   1 ?    5.7   0.2      0.44         1      49      82 ..      26      60 ..       7      89 .. 0.63

  Alignments for each domain:
  == domain 1  score: 5.7 bits;  conditional E-value: 0.44
                      gvpk 49 eeierLGtalmaleealeelkeefgleaedl.nld 82
                              e+ e ++++ ++l+++l+ ++e+ + ++++  nl+
  nat_9f67ffb9509d5a532d5a 26 EKLEMMERQIQQLKNRLTFVTEQIETTEQSIqNLR 60
                              45555555666666666555555555444432444 PP

>> nat_d0f5f95022cd7da863cf  
   #    score  bias  c-Evalue  i-Evalue hmmfrom  hmm to    alifrom  ali to    envfrom  env to     acc
 ---   ------ ----- --------- --------- ------- -------    ------- -------    ------- -------    ----
   1 ?    5.7   0.2      0.46       1.1      54      82 ..      24      52 ..       7      86 .. 0.58

  Alignments for each domain:
  == domain 1  score: 5.7 bits;  conditional E-value: 0.46
                      gvpk 54 LGtalmaleealeelkeefgleaedlnld 82
                              + ++l  +e+++++lk++  + +e+ +  
  nat_d0f5f95022cd7da863cf 24 IQEKLEMMERQIQQLKNRLTFVTEQIETT 52
                              44445555555555554444433333222 PP

>> nat_00c6196a0e576e2b1900  
   #    score  bias  c-Evalue  i-Evalue hmmfrom  hmm to    alifrom  ali to    envfrom  env to     acc
 ---   ------ ----- --------- --------- ------- -------    ------- -------    ------- -------    ----
   1 ?    5.2   0.0      0.64       1.5       8      35 ..       5      32 ..       1      41 [. 0.86

  Alignments for each domain:
  == domain 1  score: 5.2 bits;  conditional E-value: 0.64
                      gvpk  8 eideedlergLlaLvltvvEllreller 35
                               + ++++++ L+   +++v++l+++l r
  nat_00c6196a0e576e2b1900  5 ALAPSSADDPLAYRSVALVDVLDRVLAR 32
                              567889999**************99976 PP

>> nat_8fce9d99308bcf67cd3b  
   #    score  bias  c-Evalue  i-Evalue hmmfrom  hmm to    alifrom  ali to    envfrom  env to     acc
 ---   ------ ----- --------- --------- ------- -------    ------- -------    ------- -------    ----
   1 ?    5.4   0.0      0.57       1.4      41      82 ..      49      90 ..      39     119 .. 0.71

  Alignments for each domain:
  == domain 1  score: 5.4 bits;  conditional E-value: 0.57
                      gvpk 41 vesgdLtdeeierLGtalmaleealeelkeefg.leaedlnld 82
                              ve+ +Lt ee e L ++ + +e++l+ ++++ g le+++++l 
  nat_8fce9d99308bcf67cd3b 49 VEKKRLT-EELEVLQSRSHIIEQRLALIEDQLGeLEKDVTQLS 90
                              6667777.77888888888888888888887763444555555 PP

>> nat_08f506a8e9498c03b468  
   #    score  bias  c-Evalue  i-Evalue hmmfrom  hmm to    alifrom  ali to    envfrom  env to     acc
 ---   ------ ----- --------- --------- ------- -------    ------- -------    ------- -------    ----
   1 ?    5.1   0.1      0.68       1.6      55      79 ..      41      65 ..      22     103 .. 0.59

  Alignments for each domain:
  == domain 1  score: 5.1 bits;  conditional E-value: 0.68
                      gvpk 55 Gtalmaleealeelkeefgleaedl 79
                               ++l  +e+++++lk++  + +e+ 
  nat_08f506a8e9498c03b468 41 QEKLELMERQIQQLKNRLTFVTEQI 65
                              3344444444444443333222222 PP

>> nat_3521af063e9b236548c0  
   #    score  bias  c-Evalue  i-Evalue hmmfrom  hmm to    alifrom  ali to    envfrom  env to     acc
 ---   ------ ----- --------- --------- ------- -------    ------- -------    ------- -------    ----
   1 ?    5.1   0.1      0.68       1.6      54      82 ..      40      68 ..      22     102 .. 0.59

  Alignments for each domain:
  == domain 1  score: 5.1 bits;  conditional E-value: 0.68
                      gvpk 54 LGtalmaleealeelkeefgleaedlnld 82
                              + ++l  +e+++++lk++  + +e+ +  
  nat_3521af063e9b236548c0 40 IQEKLEMMERQIQQLKNRLTFVTEQIETT 68
                              44455555555555554444333333222 PP

>> nat_02fc048053a10b210a78  
   #    score  bias  c-Evalue  i-Evalue hmmfrom  hmm to    alifrom  ali to    envfrom  env to     acc
 ---   ------ ----- --------- --------- ------- -------    ------- -------    ------- -------    ----
   1 ?    4.7   0.0      0.92       2.2       8      33 ..       4      29 ..       1      43 [. 0.85

  Alignments for each domain:
  == domain 1  score: 4.7 bits;  conditional E-value: 0.92
                      gvpk  8 eideedlergLlaLvltvvEllrell 33
                              ++ ++++++ L+   +++v+ll+++l
  nat_02fc048053a10b210a78  4 SLAPSSADDPLAYRPVALVDLLDRVL 29
                              5678899999************9988 PP

>> nat_5c9d5857295c1e857ae7  
   #    score  bias  c-Evalue  i-Evalue hmmfrom  hmm to    alifrom  ali to    envfrom  env to     acc
 ---   ------ ----- --------- --------- ------- -------    ------- -------    ------- -------    ----
   1 ?    1.0   0.1        13        30      21      35 ..       9      23 ..       3      27 .. 0.82
   2 ?    3.3   0.7       2.5         6      71     108 ..      28      67 ..      10      74 .. 0.56

  Alignments for each domain:
  == domain 1  score: 1.0 bits;  conditional E-value: 13
                      gvpk 21 LvltvvEllreller 35
                                lt+++ll++ l++
  nat_5c9d5857295c1e857ae7  9 RELTLLDLLDRILDK 23
                              579999999998875 PP

  == domain 2  score: 3.3 bits;  conditional E-value: 2.5
                      gvpk  71 efgleaedlnldlgpLgklv.vdkv.epereaeeaeessR 108
                                 +++ +++n+dl  Lg  v + +v + e+ + + e+ +R
  nat_5c9d5857295c1e857ae7  28 IGDVTISVANVDLVYLGLKVlLTSVdNAEKLRGNREQGNR 67 
                               5577788888888888765544444444443344333344 PP

>> nat_e2ce29238f757f550f72  
   #    score  bias  c-Evalue  i-Evalue hmmfrom  hmm to    alifrom  ali to    envfrom  env to     acc
 ---   ------ ----- --------- --------- ------- -------    ------- -------    ------- -------    ----
   1 ?    4.6   0.0      0.96       2.3       8      33 ..       5      30 ..       1      43 [. 0.85

  Alignments for each domain:
  == domain 1  score: 4.6 bits;  conditional E-value: 0.96
                      gvpk  8 eideedlergLlaLvltvvEllrell 33
                              ++ ++++++ L+   +++v+ll+++l
  nat_e2ce29238f757f550f72  5 SLAPSSADDPLAYRPVALVDLLDRVL 30
                              5678899999************9988 PP

>> nat_74d379b17330f4a662e7  
   #    score  bias  c-Evalue  i-Evalue hmmfrom  hmm to    alifrom  ali to    envfrom  env to     acc
 ---   ------ ----- --------- --------- ------- -------    ------- -------    ------- -------    ----
   1 ?    4.6   0.0         1       2.4       8      33 ..       4      29 ..       1      40 [. 0.85

  Alignments for each domain:
  == domain 1  score: 4.6 bits;  conditional E-value: 1
                      gvpk  8 eideedlergLlaLvltvvEllrell 33
                              ++ ++++++ L+   +++v+ll+++l
  nat_74d379b17330f4a662e7  4 SLAPSSADDPLAYRPVALVDLLDRVL 29
                              5678899999************9988 PP

>> nat_a06eef8fee93cc72d981  
   #    score  bias  c-Evalue  i-Evalue hmmfrom  hmm to    alifrom  ali to    envfrom  env to     acc
 ---   ------ ----- --------- --------- ------- -------    ------- -------    ------- -------    ----
   1 ?    3.8   0.2       1.7       4.1      53      79 ..     147     173 ..     142     231 .. 0.83

  Alignments for each domain:
  == domain 1  score: 3.8 bits;  conditional E-value: 1.7
                      gvpk  53 rLGtalmaleealeelkeefgleaedl 79 
                                LG++l+  + +l+el+++++   +  
  nat_a06eef8fee93cc72d981 147 TLGDRLASDDSRLAELRRKRDEASDGR 173
                               79****************999766655 PP

>> nat_50c226cfb171989d88e4  
   #    score  bias  c-Evalue  i-Evalue hmmfrom  hmm to    alifrom  ali to    envfrom  env to     acc
 ---   ------ ----- --------- --------- ------- -------    ------- -------    ------- -------    ----
   1 ?    4.4   0.0       1.2       2.8       8      33 ..       5      30 ..       1      43 [. 0.85

  Alignments for each domain:
  == domain 1  score: 4.4 bits;  conditional E-value: 1.2
                      gvpk  8 eideedlergLlaLvltvvEllrell 33
                              ++ ++++++ L+   +++v+ll+++l
  nat_50c226cfb171989d88e4  5 SLAPSSADDPLAYRPVALVDLLDRVL 30
                              5678899999************9988 PP

>> nat_d35f18eddb686cd97007  
   #    score  bias  c-Evalue  i-Evalue hmmfrom  hmm to    alifrom  ali to    envfrom  env to     acc
 ---   ------ ----- --------- --------- ------- -------    ------- -------    ------- -------    ----
   1 ?    3.3   0.0       2.6       6.1      70      90 ..     325     345 ..     317     368 .. 0.84

  Alignments for each domain:
  == domain 1  score: 3.3 bits;  conditional E-value: 2.6
                      gvpk  70 eefgleaedlnldlgpLgklv 90 
                               e+++le+ed n dl +L+   
  nat_d35f18eddb686cd97007 325 EDEDLENEDRNADLADLDGEP 345
                               789**************9755 PP

>> nat_071d41176330dd0796d5  
   #    score  bias  c-Evalue  i-Evalue hmmfrom  hmm to    alifrom  ali to    envfrom  env to     acc
 ---   ------ ----- --------- --------- ------- -------    ------- -------    ------- -------    ----
   1 ?    4.2   0.0       1.3       3.1      14      34 ..      19      39 ..      14      44 .. 0.85

  Alignments for each domain:
  == domain 1  score: 4.2 bits;  conditional E-value: 1.3
                      gvpk 14 lergLlaLvltvvEllrelle 34
                              ++  L++  +++v+ll++ll 
  nat_071d41176330dd0796d5 19 ADYPLANREIALVDLLDRLLS 39
                              566799999********9995 PP

>> nat_4ccdc7c4ee47fd86d36c  
   #    score  bias  c-Evalue  i-Evalue hmmfrom  hmm to    alifrom  ali to    envfrom  env to     acc
 ---   ------ ----- --------- --------- ------- -------    ------- -------    ------- -------    ----
   1 ?    4.0   0.2       1.5       3.7      15      33 ..      10      28 ..       4      41 .. 0.83

  Alignments for each domain:
  == domain 1  score: 4.0 bits;  conditional E-value: 1.5
                      gvpk 15 ergLlaLvltvvEllrell 33
                               + L++  +++v+ll++ll
  nat_4ccdc7c4ee47fd86d36c 10 PEPLAERRIALVDLLDRLL 28
                              56799999********998 PP

>> nat_14984df4adbcd7a23bc2  
   #    score  bias  c-Evalue  i-Evalue hmmfrom  hmm to    alifrom  ali to    envfrom  env to     acc
 ---   ------ ----- --------- --------- ------- -------    ------- -------    ------- -------    ----
   1 ?    4.2   0.0       1.3       3.1       8      33 ..       4      29 ..       1      45 [. 0.85

  Alignments for each domain:
  == domain 1  score: 4.2 bits;  conditional E-value: 1.3
                      gvpk  8 eideedlergLlaLvltvvEllrell 33
                              ++ ++++++ L+   +++v+ll+++l
  nat_14984df4adbcd7a23bc2  4 SLAPSSADDPLAYRPVALVDLLDRVL 29
                              567889999999**********9988 PP

>> nat_a539aed46db05ce9e162  
   #    score  bias  c-Evalue  i-Evalue hmmfrom  hmm to    alifrom  ali to    envfrom  env to     acc
 ---   ------ ----- --------- --------- ------- -------    ------- -------    ------- -------    ----
   1 ?    4.0   0.0       1.5       3.6       9      33 ..       6      30 ..       1      44 [. 0.86

  Alignments for each domain:
  == domain 1  score: 4.0 bits;  conditional E-value: 1.5
                      gvpk  9 ideedlergLlaLvltvvEllrell 33
                              + ++++++ L+a  + +v+ll+++l
  nat_a539aed46db05ce9e162  6 LAPSSADDPLAARPVSLVDLLDRVL 30
                              67889999*************9988 PP

>> nat_1c3d745a993f2e62d375  
   #    score  bias  c-Evalue  i-Evalue hmmfrom  hmm to    alifrom  ali to    envfrom  env to     acc
 ---   ------ ----- --------- --------- ------- -------    ------- -------    ------- -------    ----
   1 ?    3.7   0.4       1.9       4.5      44      68 ..      86     109 ..      78     113 .. 0.73

  Alignments for each domain:
  == domain 1  score: 3.7 bits;  conditional E-value: 1.9
                      gvpk  44 gdLtdeeierLGtalmaleealeel 68 
                               ++L  ee  rL ++l++l ea+ee 
  nat_1c3d745a993f2e62d375  86 DELA-EENARLRSQLAELTEAVEET 109
                               5555.66678999999999998886 PP

>> nat_18d7e5ff3cc7fe9730aa  
   #    score  bias  c-Evalue  i-Evalue hmmfrom  hmm to    alifrom  ali to    envfrom  env to     acc
 ---   ------ ----- --------- --------- ------- -------    ------- -------    ------- -------    ----
   1 ?    3.4   0.0       2.4       5.7       8      33 ..       4      29 ..       1      41 [. 0.83

  Alignments for each domain:
  == domain 1  score: 3.4 bits;  conditional E-value: 2.4
                      gvpk  8 eideedlergLlaLvltvvEllrell 33
                              ++ +++++  L+   +++v+ll+++l
  nat_18d7e5ff3cc7fe9730aa  4 QLAPNSADGPLAYRPVALVDLLDRVL 29
                              566788888999999*******9988 PP

>> nat_5c2e3230af84af2b587d  
   #    score  bias  c-Evalue  i-Evalue hmmfrom  hmm to    alifrom  ali to    envfrom  env to     acc
 ---   ------ ----- --------- --------- ------- -------    ------- -------    ------- -------    ----
   1 ?    3.1   0.6         3       7.1      48      66 ..      81      99 ..      69     103 .. 0.62

  Alignments for each domain:
  == domain 1  score: 3.1 bits;  conditional E-value: 3
                      gvpk 48 deeierLGtalmaleeale 66
                              ++e e+L ++l +le++++
  nat_5c2e3230af84af2b587d 81 EKENEQLSKRLEQLEKNMN 99
                              3455666666666666664 PP

>> nat_36dfac4b8d65f9e057be  
   #    score  bias  c-Evalue  i-Evalue hmmfrom  hmm to    alifrom  ali to    envfrom  env to     acc
 ---   ------ ----- --------- --------- ------- -------    ------- -------    ------- -------    ----
   1 ?    3.3   0.4       2.5         6      21      38 ..      17      34 ..      10      61 .. 0.80

  Alignments for each domain:
  == domain 1  score: 3.3 bits;  conditional E-value: 2.5
                      gvpk 21 LvltvvEllrellerqAl 38
                                +++v+ll++ll   A+
  nat_36dfac4b8d65f9e057be 17 RQIALVDLLDRLLAGGAV 34
                              578999999999966654 PP

>> nat_68254939d0e81bc7115c  
   #    score  bias  c-Evalue  i-Evalue hmmfrom  hmm to    alifrom  ali to    envfrom  env to     acc
 ---   ------ ----- --------- --------- ------- -------    ------- -------    ------- -------    ----
   1 ?    3.4   0.8       2.4       5.7      49      89 ..      36      77 ..      29     105 .. 0.54

  Alignments for each domain:
  == domain 1  score: 3.4 bits;  conditional E-value: 2.4
                      gvpk 49 eeierLGtalmaleealeelkeef.gleaedlnldlgpLgkl 89
                              +e erL + l ++ ++ +++ ++  +l+++ ++ldl+   + 
  nat_68254939d0e81bc7115c 36 NEKERLQEELVRVCDRQQQIIDRLaELDRNLAQLDLDVENNA 77
                              456777777777666665554443144444445554333333 PP

>> nat_7c7d01a7d3871f469ba6  
   #    score  bias  c-Evalue  i-Evalue hmmfrom  hmm to    alifrom  ali to    envfrom  env to     acc
 ---   ------ ----- --------- --------- ------- -------    ------- -------    ------- -------    ----
   1 ?    3.2   0.4       2.7       6.4      56     102 ..      15      62 ..       6      75 .. 0.64

  Alignments for each domain:
  == domain 1  score: 3.2 bits;  conditional E-value: 2.7
                      gvpk  56 talmaleealeelkeefgleaedlnldlgpLgklv..vdkvepereaee 102
                               ++l++l++ le+ k ++   a + +l+   + +l   v ++e +r +++
  nat_7c7d01a7d3871f469ba6  15 SQLLRLKQDLEQFKSRQAGAAVVGSLQ-ARIRELEasVTRAEAARVTDR 62 
                               588999999999999988888777666.444444422233333333333 PP

>> nat_643eb77a8f781d63766e  
   #    score  bias  c-Evalue  i-Evalue hmmfrom  hmm to    alifrom  ali to    envfrom  env to     acc
 ---   ------ ----- --------- --------- ------- -------    ------- -------    ------- -------    ----
   1 ?    3.1   0.7         3       7.1      64      94 ..      23      54 ..      13      80 .. 0.62

  Alignments for each domain:
  == domain 1  score: 3.1 bits;  conditional E-value: 3
                      gvpk 64 aleelkeefgleaedlnldl.gpLgklvvdkv 94
                              al+e+ + +g+++e +++ l  ++g+l  ++ 
  nat_643eb77a8f781d63766e 23 ALDEMYDVEGIQDELKEMHLlYEIGELSNEEY 54
                              56777888888888777776566666662222 PP

>> nat_d50eae402323b817dffd  
   #    score  bias  c-Evalue  i-Evalue hmmfrom  hmm to    alifrom  ali to    envfrom  env to     acc
 ---   ------ ----- --------- --------- ------- -------    ------- -------    ------- -------    ----
   1 ?    3.4   0.9       2.3       5.6      28      71 ..      32      74 ..      15      83 .] 0.62

  Alignments for each domain:
  == domain 1  score: 3.4 bits;  conditional E-value: 2.3
                      gvpk 28 llrellerqAlrRvesgdLtdeeierLGtalmaleealeelkee 71
                               +r+ l ++A    e gdL+++e e   +al a  e+ ++ +e+
  nat_d50eae402323b817dffd 32 AIRDQL-KEARLLYELGDLQQAEYEARKDALEAELERAKRAHER 74
                              355555.4555556667888777777666666555555555555 PP

>> nat_522d67ce81d99440c3e9  
   #    score  bias  c-Evalue  i-Evalue hmmfrom  hmm to    alifrom  ali to    envfrom  env to     acc
 ---   ------ ----- --------- --------- ------- -------    ------- -------    ------- -------    ----
   1 ?    3.2   0.3       2.7       6.5      56     104 ..      25      74 ..      14      87 .. 0.65

  Alignments for each domain:
  == domain 1  score: 3.2 bits;  conditional E-value: 2.7
                      gvpk  56 talmaleealeelkeefgleaedlnldl..gpLgklvvdkvepereaeeae 104
                               ++l++l++ le+ k ++   a + +l+   ++L + v +++e +r +++++
  nat_522d67ce81d99440c3e9  25 SQLLRLKQDLEQFKSRQAGAAVVGSLQAriRELESSV-SRAEAARVTDRES 74 
                               5889999999999999887777776652114444444.4444444333333 PP

>> nat_d8ac85c1e2427ebd2b9e  
   #    score  bias  c-Evalue  i-Evalue hmmfrom  hmm to    alifrom  ali to    envfrom  env to     acc
 ---   ------ ----- --------- --------- ------- -------    ------- -------    ------- -------    ----
   1 ?    2.4   0.3       4.7        11      60      80 ..     106     126 ..     101     147 .] 0.76

  Alignments for each domain:
  == domain 1  score: 2.4 bits;  conditional E-value: 4.7
                      gvpk  60 aleealeelkeefgleaedln 80 
                               ale a e+lke fg +++d++
  nat_d8ac85c1e2427ebd2b9e 106 ALEGAQERLKETFGSSDSDDE 126
                               6888999*******9999984 PP

>> nat_75c7fbef14ba03f076f3  
   #    score  bias  c-Evalue  i-Evalue hmmfrom  hmm to    alifrom  ali to    envfrom  env to     acc
 ---   ------ ----- --------- --------- ------- -------    ------- -------    ------- -------    ----
   1 ?    3.0   1.9         3       7.2      65      96 ..      24      56 ..      15      80 .. 0.51

  Alignments for each domain:
  == domain 1  score: 3.0 bits;  conditional E-value: 3
                      gvpk 65 leelkeefgleaedlnldl.gpLgklv...vdkvep 96
                              l+e+ + +g+++e ++  l  +Lg+l        + 
  nat_75c7fbef14ba03f076f3 24 LDEMYDVEGIQDELKETHLlYELGELSdeeY---RT 56
                              5566666666666655554356666662221...11 PP

>> nat_0121f9805d9138155c94  
   #    score  bias  c-Evalue  i-Evalue hmmfrom  hmm to    alifrom  ali to    envfrom  env to     acc
 ---   ------ ----- --------- --------- ------- -------    ------- -------    ------- -------    ----
   1 ?    3.2   0.7       2.7       6.6      42      56 ..      45      59 ..      12      79 .. 0.63

  Alignments for each domain:
  == domain 1  score: 3.2 bits;  conditional E-value: 2.7
                      gvpk 42 esgdLtdeeierLGt 56
                              e g+L+dee e+   
  nat_0121f9805d9138155c94 45 ELGELSDEEYEERKA 59
                              445666666664333 PP

>> nat_5259c19a1d657c540490  
   #    score  bias  c-Evalue  i-Evalue hmmfrom  hmm to    alifrom  ali to    envfrom  env to     acc
 ---   ------ ----- --------- --------- ------- -------    ------- -------    ------- -------    ----
   1 ?    2.7   0.0       3.9       9.4      13      33 ..      10      30 ..       1      35 [. 0.77

  Alignments for each domain:
  == domain 1  score: 2.7 bits;  conditional E-value: 3.9
                      gvpk 13 dlergLlaLvltvvEllrell 33
                              + e  + +  +++++ll++ll
  nat_5259c19a1d657c540490 10 RPETAVPQRQVALIDLLDRLL 30
                              5566677889*******9998 PP

>> nat_a120643363df57573242  
   #    score  bias  c-Evalue  i-Evalue hmmfrom  hmm to    alifrom  ali to    envfrom  env to     acc
 ---   ------ ----- --------- --------- ------- -------    ------- -------    ------- -------    ----
   1 ?    3.1   0.1       2.8       6.8      56      94 ..      23      59 ..      14      80 .. 0.65

  Alignments for each domain:
  == domain 1  score: 3.1 bits;  conditional E-value: 2.8
                      gvpk 56 talmaleealeelkeefgleaedlnldlgpLgklvvdkv 94
                               +l +l++ le++ +++   a ++ l+ + +  l  +++
  nat_a120643363df57573242 23 GQLVRLRQDLEQIAARNPAGAVVAPLR-QRIRALE-AEI 59
                              578888888998888888888888777.6666665.233 PP

>> nat_4679d56f6681435313d7  
   #    score  bias  c-Evalue  i-Evalue hmmfrom  hmm to    alifrom  ali to    envfrom  env to     acc
 ---   ------ ----- --------- --------- ------- -------    ------- -------    ------- -------    ----
   1 ?    2.8   0.0       3.5       8.4      53      76 ..      87     110 ..      63     116 .. 0.78

  Alignments for each domain:
  == domain 1  score: 2.8 bits;  conditional E-value: 3.5
                      gvpk  53 rLGtalmaleealeelkeefglea 76 
                                L +   +l+ +++el++++++ a
  nat_4679d56f6681435313d7  87 ALAQENEELRSRVAELEDREDVPA 110
                               477778889999999999998866 PP

>> nat_22f3216261d87724d5ca  
   #    score  bias  c-Evalue  i-Evalue hmmfrom  hmm to    alifrom  ali to    envfrom  env to     acc
 ---   ------ ----- --------- --------- ------- -------    ------- -------    ------- -------    ----
   1 ?    3.0   0.4         3       7.2      56     102 ..      15      62 ..      10      79 .. 0.65

  Alignments for each domain:
  == domain 1  score: 3.0 bits;  conditional E-value: 3
                      gvpk  56 talmaleealeelkeefgleaedlnldlgpLgklv..vdkvepereaee 102
                               ++l++l++ le+ k ++   a + +l+   + +l   ++++e +r +++
  nat_22f3216261d87724d5ca  15 NQLLRLKQDLEQFKSRQAGAAVVGSLQ-ARIRELEssISRAEAARVTDR 62 
                               589999999999999998888877776.455554433344444443333 PP

>> nat_9863770a194a0d55027a  
   #    score  bias  c-Evalue  i-Evalue hmmfrom  hmm to    alifrom  ali to    envfrom  env to     acc
 ---   ------ ----- --------- --------- ------- -------    ------- -------    ------- -------    ----
   1 ?    2.6   0.2       4.1       9.8      48      66 ..      84     102 ..      73     117 .. 0.70

  Alignments for each domain:
  == domain 1  score: 2.6 bits;  conditional E-value: 4.1
                      gvpk  48 deeierLGtalmaleeale 66 
                               ++e ++L ++l+ale++l 
  nat_9863770a194a0d55027a  84 EQENKQLHERLNALEDKLS 102
                               5677777777888877774 PP

>> nat_fdd3e74cd40aa7354461  
   #    score  bias  c-Evalue  i-Evalue hmmfrom  hmm to    alifrom  ali to    envfrom  env to     acc
 ---   ------ ----- --------- --------- ------- -------    ------- -------    ------- -------    ----
   1 ?    2.6   0.0       4.1       9.7      16      33 ..      11      28 ..       6      32 .. 0.84

  Alignments for each domain:
  == domain 1  score: 2.6 bits;  conditional E-value: 4.1
                      gvpk 16 rgLlaLvltvvEllrell 33
                              + L +  +++++ll++ll
  nat_fdd3e74cd40aa7354461 11 DPLPQRQVALIDLLDRLL 28
                              5677889*******9998 PP

>> nat_dc28b3b3593d013bafd7  
   #    score  bias  c-Evalue  i-Evalue hmmfrom  hmm to    alifrom  ali to    envfrom  env to     acc
 ---   ------ ----- --------- --------- ------- -------    ------- -------    ------- -------    ----
   1 ?    2.7   0.7       3.9       9.3      42      58 ..      45      61 ..      12      78 .. 0.48

  Alignments for each domain:
  == domain 1  score: 2.7 bits;  conditional E-value: 3.9
                      gvpk 42 esgdLtdeeierLGtal 58
                              e gdL+++e e+   al
  nat_dc28b3b3593d013bafd7 45 ELGDLSKAEYEERKAAL 61
                              33344444444332222 PP

>> nat_7ed72fe978260959b0d4  
   #    score  bias  c-Evalue  i-Evalue hmmfrom  hmm to    alifrom  ali to    envfrom  env to     acc
 ---   ------ ----- --------- --------- ------- -------    ------- -------    ------- -------    ----
   1 ?    2.2   1.4       5.4        13      51      90 ..     142     182 ..     139     225 .. 0.73

  Alignments for each domain:
  == domain 1  score: 2.2 bits;  conditional E-value: 5.4
                      gvpk  51 ierLGtalmaleealeelkeefgleaedlnldl.gpLgklv 90 
                               +e L  a  + +e+l el ++++ ++e + + + ++ +k +
  nat_7ed72fe978260959b0d4 142 EETLDAAIVESDERLRELAAQRDESTEGTAFLVdKQYDKRL 182
                               6899999999999*****99999999887654323333333 PP

>> nat_4dafb76c38e9b7d65498  
   #    score  bias  c-Evalue  i-Evalue hmmfrom  hmm to    alifrom  ali to    envfrom  env to     acc
 ---   ------ ----- --------- --------- ------- -------    ------- -------    ------- -------    ----
   1 ?    2.6   0.4       4.2        10      56     102 ..      25      72 ..      20      84 .. 0.62

  Alignments for each domain:
  == domain 1  score: 2.6 bits;  conditional E-value: 4.2
                      gvpk  56 talmaleealeelkeefgleaedlnldlgpLgklv..vdkvepereaee 102
                               ++l++l++ le+ k ++   a + +l+   + +l   ++++e +r +++
  nat_4dafb76c38e9b7d65498  25 NQLLRLKQDLEQFKSRQAGAAVVGSLQ-ARIRELEssISRAEAARVTDR 72 
                               578899999999998888777777666.444444433344444443333 PP

>> nat_8f6356423342dd6a8af7  
   #    score  bias  c-Evalue  i-Evalue hmmfrom  hmm to    alifrom  ali to    envfrom  env to     acc
 ---   ------ ----- --------- --------- ------- -------    ------- -------    ------- -------    ----
   1 ?    3.6   0.3         2       4.8      48      66 ..      81      99 ..      70     109 .. 0.63

  Alignments for each domain:
  == domain 1  score: 3.6 bits;  conditional E-value: 2
                      gvpk 48 deeierLGtalmaleeale 66
                              +ee ++L ++l  le++++
  nat_8f6356423342dd6a8af7 81 EEENKKLQERLESLEKKMD 99
                              4556666666666666663 PP

>> nat_3b12a9f8d634154d518e  
   #    score  bias  c-Evalue  i-Evalue hmmfrom  hmm to    alifrom  ali to    envfrom  env to     acc
 ---   ------ ----- --------- --------- ------- -------    ------- -------    ------- -------    ----
   1 ?    2.6   0.0       4.1       9.8      22      38 ..      37      53 ..      32      57 .. 0.85

  Alignments for each domain:
  == domain 1  score: 2.6 bits;  conditional E-value: 4.1
                      gvpk 22 vltvvEllrellerqAl 38
                               +++++ll++ll   A+
  nat_3b12a9f8d634154d518e 37 QVALIDLLDRLLNGGAV 53
                              79*********987775 PP

>> nat_9295f767a32dcface418  
   #    score  bias  c-Evalue  i-Evalue hmmfrom  hmm to    alifrom  ali to    envfrom  env to     acc
 ---   ------ ----- --------- --------- ------- -------    ------- -------    ------- -------    ----
   1 ?    3.0   0.7       3.2       7.7      32      71 ..      12      49 ..       9      78 .. 0.66

  Alignments for each domain:
  == domain 1  score: 3.0 bits;  conditional E-value: 3.2
                      gvpk 32 llerqAlrRvesgdLtdeeierLGtalmaleealeelkee 71
                              l e qAlr+    d+   e+ rL  +l ++++  eel++ 
  nat_9295f767a32dcface418 12 LSETQALRDRR--DFLLREAHRLRFRLSRIRDLQEELQQI 49
                              55778887655..455557777777777666666666554 PP

>> nat_b10fc547fbd9c05dd022  
   #    score  bias  c-Evalue  i-Evalue hmmfrom  hmm to    alifrom  ali to    envfrom  env to     acc
 ---   ------ ----- --------- --------- ------- -------    ------- -------    ------- -------    ----
   1 ?    2.7   0.2       3.9       9.3      66      91 ..      25      54 ..      17      79 .. 0.53

  Alignments for each domain:
  == domain 1  score: 2.7 bits;  conditional E-value: 3.9
                      gvpk 66 eelkeefgleaedlnld.lgpLgklv...v 91
                              +e+ +  g+++e ++   l +Lg+l     
  nat_b10fc547fbd9c05dd022 25 DEMYDIAGIQDELKETHmLYDLGELSdeeY 54
                              555666666666554431467777762220 PP

>> nat_ee215e560b3bde143fef  
   [No individual domains that satisfy reporting thresholds (although complete target did)]

>> nat_acc4591c95caebc1acdc  
   #    score  bias  c-Evalue  i-Evalue hmmfrom  hmm to    alifrom  ali to    envfrom  env to     acc
 ---   ------ ----- --------- --------- ------- -------    ------- -------    ------- -------    ----
   1 ?    2.7   0.3       3.8         9      56      99 ..      15      59 ..      10      79 .. 0.64

  Alignments for each domain:
  == domain 1  score: 2.7 bits;  conditional E-value: 3.8
                      gvpk 56 talmaleealeelkeefgleaedlnldlgpLgklv..vdkvepere 99
                              ++l++l++ le+ k ++   a + +l+   + +l   ++++e +r 
  nat_acc4591c95caebc1acdc 15 SQLLRLKQDLEQFKSRQAGAAVVGSLQ-ARIRELEssISHAEAARV 59
                              589999999999999988888777776.455554422233333332 PP

>> nat_ebf292a13c22a6fb10ff  
   #    score  bias  c-Evalue  i-Evalue hmmfrom  hmm to    alifrom  ali to    envfrom  env to     acc
 ---   ------ ----- --------- --------- ------- -------    ------- -------    ------- -------    ----
   1 ?    2.3   4.0       5.1        12      41      69 ..      44      76 ..      14      81 .. 0.63

  Alignments for each domain:
  == domain 1  score: 2.3 bits;  conditional E-value: 5.1
                      gvpk 41 vesgdLtdeeie....rLGtalmaleealeelk 69
                               e g+L+ ee e    +L+++l   eeale+l+
  nat_ebf292a13c22a6fb10ff 44 YELGELSHEEYEqqkaNLEERLEIAEEALERLR 76
                              455667766666333346666666777777666 PP

>> nat_c0d82e06313e16097f0a  
   #    score  bias  c-Evalue  i-Evalue hmmfrom  hmm to    alifrom  ali to    envfrom  env to     acc
 ---   ------ ----- --------- --------- ------- -------    ------- -------    ------- -------    ----
   1 ?    0.4   1.2        20        48      53      83 ..     142     172 ..     137     212 .. 0.54

  Alignments for each domain:
  == domain 1  score: 0.4 bits;  conditional E-value: 20
                      gvpk  53 rLGtalmaleealeelkeefgleaedlnldl 83 
                                L ++  a +++l+el e  + + e +++ +
  nat_c0d82e06313e16097f0a 142 ALAETVEASDDRLAELAETLDDSSEGTSFLV 172
                               5666666666666666666666555554433 PP

>> nat_ebd14cfcc4230e68547c  
   #    score  bias  c-Evalue  i-Evalue hmmfrom  hmm to    alifrom  ali to    envfrom  env to     acc
 ---   ------ ----- --------- --------- ------- -------    ------- -------    ------- -------    ----
   1 ?    1.9   1.1       6.8        16      42      65 ..      45      72 ..      30      80 .. 0.60

  Alignments for each domain:
  == domain 1  score: 1.9 bits;  conditional E-value: 6.8
                      gvpk 42 esgdLtdeeier....LGtalmaleeal 65
                              e g+L+ ee e+    L+t+l   eea 
  nat_ebd14cfcc4230e68547c 45 ELGELSHEEYEEqkaaLETRLEVAEEAH 72
                              5577777777752222344444444444 PP

>> nat_9cf6f65acb0bb6519b07  
   #    score  bias  c-Evalue  i-Evalue hmmfrom  hmm to    alifrom  ali to    envfrom  env to     acc
 ---   ------ ----- --------- --------- ------- -------    ------- -------    ------- -------    ----
   1 ?    2.1   0.0         6        14      21      33 ..      14      26 ..       8      29 .. 0.84

  Alignments for each domain:
  == domain 1  score: 2.1 bits;  conditional E-value: 6
                      gvpk 21 LvltvvEllrell 33
                                +++v+ll++ll
  nat_9cf6f65acb0bb6519b07 14 RQVALVDLLDRLL 26
                              679******9998 PP

>> nat_d4b37ab9b761d79418a8  
   #    score  bias  c-Evalue  i-Evalue hmmfrom  hmm to    alifrom  ali to    envfrom  env to     acc
 ---   ------ ----- --------- --------- ------- -------    ------- -------    ------- -------    ----
   1 ?    2.5   0.2       4.3        10      56      88 ..      25      56 ..      12      82 .. 0.68

  Alignments for each domain:
  == domain 1  score: 2.5 bits;  conditional E-value: 4.3
                      gvpk 56 talmaleealeelkeefgleaedlnldlgpLgk 88
                              ++l +l++ le+ k+++   a +++l+ + + +
  nat_d4b37ab9b761d79418a8 25 SQLVRLKQDLEQFKARQAGAAVVTSLQ-SRIRD 56
                              578889999999988887777777666.44433 PP

>> nat_0888ea426b7452a347fc  
   #    score  bias  c-Evalue  i-Evalue hmmfrom  hmm to    alifrom  ali to    envfrom  env to     acc
 ---   ------ ----- --------- --------- ------- -------    ------- -------    ------- -------    ----
   1 ?    1.7   0.0       7.8        19      13      33 ..      30      50 ..      26      54 .. 0.82

  Alignments for each domain:
  == domain 1  score: 1.7 bits;  conditional E-value: 7.8
                      gvpk 13 dlergLlaLvltvvEllrell 33
                              d +r + +  +++++ll++ll
  nat_0888ea426b7452a347fc 30 DSDRPISGRQVALIDLLDRLL 50
                              5667778889*******9998 PP

>> nat_2dde3392aae621ffc247  
   #    score  bias  c-Evalue  i-Evalue hmmfrom  hmm to    alifrom  ali to    envfrom  env to     acc
 ---   ------ ----- --------- --------- ------- -------    ------- -------    ------- -------    ----
   1 ?    2.8   0.3       3.5       8.4      48      66 ..      81      99 ..      71     107 .. 0.78

  Alignments for each domain:
  == domain 1  score: 2.8 bits;  conditional E-value: 3.5
                      gvpk 48 deeierLGtalmaleeale 66
                              +ee +rL ++l  le+ + 
  nat_2dde3392aae621ffc247 81 QEENKRLQERLESLEQSMS 99
                              4788899999999999885 PP

>> nat_d0e2c9c28723db140ef6  
   #    score  bias  c-Evalue  i-Evalue hmmfrom  hmm to    alifrom  ali to    envfrom  env to     acc
 ---   ------ ----- --------- --------- ------- -------    ------- -------    ------- -------    ----
   1 ?    2.4   1.8       4.6        11      26      57 ..      30      60 ..      17      82 .. 0.66

  Alignments for each domain:
  == domain 1  score: 2.4 bits;  conditional E-value: 4.6
                      gvpk 26 vEllrellerqAlrRvesgdLtdeeierLGta 57
                              v+ lr+ l+++ l   e g+L++ee er  + 
  nat_d0e2c9c28723db140ef6 30 VDALRDDLKENRLL-YELGELSREEYERRQDE 60
                              55566666554443.57788888888875544 PP

>> nat_18c3ff0aa63aa216bdf8  
   #    score  bias  c-Evalue  i-Evalue hmmfrom  hmm to    alifrom  ali to    envfrom  env to     acc
 ---   ------ ----- --------- --------- ------- -------    ------- -------    ------- -------    ----
   1 ?    1.8   0.0       7.1        17      45      68 ..     257     280 ..     245     312 .. 0.87

  Alignments for each domain:
  == domain 1  score: 1.8 bits;  conditional E-value: 7.1
                      gvpk  45 dLtdeeierLGtalmaleealeel 68 
                               dL de+ier+ +a +al+++l+ +
  nat_18c3ff0aa63aa216bdf8 257 DLPDERIERVVDATRALRDELAVI 280
                               7999**************999755 PP

>> nat_fc4e19fc8e138cede0e0  
   #    score  bias  c-Evalue  i-Evalue hmmfrom  hmm to    alifrom  ali to    envfrom  env to     acc
 ---   ------ ----- --------- --------- ------- -------    ------- -------    ------- -------    ----
   1 ?    2.2   0.1       5.7        14      49      75 ..     259     286 ..     249     334 .. 0.77

  Alignments for each domain:
  == domain 1  score: 2.2 bits;  conditional E-value: 5.7
                      gvpk  49 eeierLGt.almaleealeelkeefgle 75 
                               + +e LG+    ++ + + el+e  +++
  nat_fc4e19fc8e138cede0e0 259 AHVEALGStEIEQIVRIMRELRETLDIT 286
                               5678888745667777888888888876 PP

>> nat_cc9d0eca2af440c02e36  
   #    score  bias  c-Evalue  i-Evalue hmmfrom  hmm to    alifrom  ali to    envfrom  env to     acc
 ---   ------ ----- --------- --------- ------- -------    ------- -------    ------- -------    ----
   1 ?    1.9   0.4       6.9        17      46      65 ..      97     116 ..      84     143 .. 0.59

  Alignments for each domain:
  == domain 1  score: 1.9 bits;  conditional E-value: 6.9
                      gvpk  46 LtdeeierLGtalmaleeal 65 
                                 +++ e L+t+l+ l  a 
  nat_cc9d0eca2af440c02e36  97 QLQQRLESLETQLRLLTSAA 116
                               22344445555554444444 PP

>> nat_1ffb716e986dbe270146  
   #    score  bias  c-Evalue  i-Evalue hmmfrom  hmm to    alifrom  ali to    envfrom  env to     acc
 ---   ------ ----- --------- --------- ------- -------    ------- -------    ------- -------    ----
   1 ?    2.0   0.6       6.2        15      57      77 ..      50      70 ..      16      80 .. 0.68

  Alignments for each domain:
  == domain 1  score: 2.0 bits;  conditional E-value: 6.2
                      gvpk 57 almaleealeelkeefgleae 77
                                ++ e++ eel+++ ++ ++
  nat_1ffb716e986dbe270146 50 SRAEYERRSEELQTQLDVANQ 70
                              334566666777777776665 PP

>> nat_b629ea5b6ccdf5cafe33  
   #    score  bias  c-Evalue  i-Evalue hmmfrom  hmm to    alifrom  ali to    envfrom  env to     acc
 ---   ------ ----- --------- --------- ------- -------    ------- -------    ------- -------    ----
   1 ?    2.1   0.3       6.1        14      54      71 ..      80      97 ..      72     102 .] 0.57

  Alignments for each domain:
  == domain 1  score: 2.1 bits;  conditional E-value: 6.1
                      gvpk 54 LGtalmaleealeelkee 71
                              L++  ++l+e+le+l+++
  nat_b629ea5b6ccdf5cafe33 80 LEEENRKLNERLEKLEKQ 97
                              455555555555555544 PP

>> nat_78a9f4fc56b943558b47  
   #    score  bias  c-Evalue  i-Evalue hmmfrom  hmm to    alifrom  ali to    envfrom  env to     acc
 ---   ------ ----- --------- --------- ------- -------    ------- -------    ------- -------    ----
   1 ?    1.7   0.3       7.7        18      56      77 ..      85     106 ..      77     113 .. 0.61

  Alignments for each domain:
  == domain 1  score: 1.7 bits;  conditional E-value: 7.7
                      gvpk  56 talmaleealeelkeefgleae 77 
                               +  ++l+e+le+l+++ g +a+
  nat_78a9f4fc56b943558b47  85 RENQELAERLERLERATGRTAD 106
                               4455666666666666665544 PP

>> nat_edb5b7a4e15c97b23594  
   #    score  bias  c-Evalue  i-Evalue hmmfrom  hmm to    alifrom  ali to    envfrom  env to     acc
 ---   ------ ----- --------- --------- ------- -------    ------- -------    ------- -------    ----
   1 ?    2.2   0.4       5.3        13      57     101 ..      26      71 ..      13      85 .. 0.62

  Alignments for each domain:
  == domain 1  score: 2.2 bits;  conditional E-value: 5.3
                      gvpk  57 almaleealeelkeefgleaedlnldl..gpLgklvvdkvepereae 101
                               +l++l++ le+ k ++   a + +l+   ++L + +  ++e +r  +
  nat_edb5b7a4e15c97b23594  26 QLLRLKQDLEQFKSRQAGAAVVGSLQAriRDLESSI-TRAEAARMMD 71 
                               688899999999988887777766652114444433.3333333333 PP

>> nat_93f7db09d3715d2b4013  
   #    score  bias  c-Evalue  i-Evalue hmmfrom  hmm to    alifrom  ali to    envfrom  env to     acc
 ---   ------ ----- --------- --------- ------- -------    ------- -------    ------- -------    ----
   1 ?    2.1   0.1       6.1        15      52      73 ..      89     110 .]      66     110 .] 0.82

  Alignments for each domain:
  == domain 1  score: 2.1 bits;  conditional E-value: 6.1
                      gvpk  52 erLGtalmaleealeelkeefg 73 
                                +L +  ++l+++leel++e+g
  nat_93f7db09d3715d2b4013  89 QELADENRELRQRLEELERERG 110
                               5677777889999999988765 PP

>> nat_61dc8856dc8fc8349d45  
   #    score  bias  c-Evalue  i-Evalue hmmfrom  hmm to    alifrom  ali to    envfrom  env to     acc
 ---   ------ ----- --------- --------- ------- -------    ------- -------    ------- -------    ----
   1 ?    2.2   0.1       5.6        13      49      71 ..      84     106 ..      52     108 .] 0.81

  Alignments for each domain:
  == domain 1  score: 2.2 bits;  conditional E-value: 5.6
                      gvpk  49 eeierLGtalmaleealeelkee 71 
                               +e+ +L +  ++l+e+++el++ 
  nat_61dc8856dc8fc8349d45  84 TEAQQLADENRRLRERVDELEDG 106
                               67788888888888888888775 PP

>> nat_d320098a8d27dbc207b8  
   #    score  bias  c-Evalue  i-Evalue hmmfrom  hmm to    alifrom  ali to    envfrom  env to     acc
 ---   ------ ----- --------- --------- ------- -------    ------- -------    ------- -------    ----
   1 ?    1.9   0.0       6.8        16      13      33 ..      16      36 ..       9      40 .. 0.80

  Alignments for each domain:
  == domain 1  score: 1.9 bits;  conditional E-value: 6.8
                      gvpk 13 dlergLlaLvltvvEllrell 33
                              +++  L +  +++++ll++ll
  nat_d320098a8d27dbc207b8 16 ETDTALPDRQVALIDLLDRLL 36
                              55666778899******9998 PP

>> nat_9a52da9108207f742f79  
   #    score  bias  c-Evalue  i-Evalue hmmfrom  hmm to    alifrom  ali to    envfrom  env to     acc
 ---   ------ ----- --------- --------- ------- -------    ------- -------    ------- -------    ----
   1 ?    2.1   0.2       5.7        14      23      34 ..      22      33 ..       1      37 [. 0.75

  Alignments for each domain:
  == domain 1  score: 2.1 bits;  conditional E-value: 5.7
                      gvpk 23 ltvvEllrelle 34
                              +++v+ll++ll 
  nat_9a52da9108207f742f79 22 VALVDLLDRLLG 33
                              789999999885 PP

>> nat_d9b388b924f7fb872e9a  
   #    score  bias  c-Evalue  i-Evalue hmmfrom  hmm to    alifrom  ali to    envfrom  env to     acc
 ---   ------ ----- --------- --------- ------- -------    ------- -------    ------- -------    ----
   1 ?    1.7   0.2       7.6        18      56      75 ..      61      80 ..      53      88 .. 0.57

  Alignments for each domain:
  == domain 1  score: 1.7 bits;  conditional E-value: 7.6
                      gvpk 56 talmaleealeelkeefgle 75
                              +a+ +lee++ee   ++++e
  nat_d9b388b924f7fb872e9a 61 EAMSHLEEEMEERAPAEQVE 80
                              45556666666544444444 PP

>> nat_08d3e542ff49c899a532  
   #    score  bias  c-Evalue  i-Evalue hmmfrom  hmm to    alifrom  ali to    envfrom  env to     acc
 ---   ------ ----- --------- --------- ------- -------    ------- -------    ------- -------    ----
   1 ?    2.1   0.1         6        14      56      90 ..      25      61 ..      17      81 .. 0.61

  Alignments for each domain:
  == domain 1  score: 2.1 bits;  conditional E-value: 6
                      gvpk 56 talmaleealeelkeefgleaedl..nldlgpLgklv 90
                              ++l++l++ le+ k+++  +a     + ++++L   v
  nat_08d3e542ff49c899a532 25 NQLLRLKQDLEQFKARQAGTAVIGslQARIRDLEANV 61
                              5788888888888888766554330133334555444 PP

>> nat_ca9d4013ee99a3222d42  
   #    score  bias  c-Evalue  i-Evalue hmmfrom  hmm to    alifrom  ali to    envfrom  env to     acc
 ---   ------ ----- --------- --------- ------- -------    ------- -------    ------- -------    ----
   1 ?    1.5   0.2         9        22      26      44 ..      61      79 ..      58      83 .. 0.85

  Alignments for each domain:
  == domain 1  score: 1.5 bits;  conditional E-value: 9
                      gvpk 26 vEllrellerqAlrRvesg 44
                              v llr+ +e++ l R e++
  nat_ca9d4013ee99a3222d42 61 VGLLRDEVEEEGLARQEND 79
                              7799999999999998875 PP

>> nat_a31bf6961511d9b2e5db  
   #    score  bias  c-Evalue  i-Evalue hmmfrom  hmm to    alifrom  ali to    envfrom  env to     acc
 ---   ------ ----- --------- --------- ------- -------    ------- -------    ------- -------    ----
   1 ?    1.8   1.0       7.2        17      64      90 ..      23      50 ..      16      76 .. 0.62

  Alignments for each domain:
  == domain 1  score: 1.8 bits;  conditional E-value: 7.2
                      gvpk 64 aleelkeefgleaedl.nldlgpLgklv 90
                              al+el + +gle+e + n  l +Lg+  
  nat_a31bf6961511d9b2e5db 23 ALDELYDLEGLEDERKeNQLLYELGERS 50
                              5778888888888877333346666655 PP

>> nat_a18da5d46cdaee2e1fef  
   #    score  bias  c-Evalue  i-Evalue hmmfrom  hmm to    alifrom  ali to    envfrom  env to     acc
 ---   ------ ----- --------- --------- ------- -------    ------- -------    ------- -------    ----
   1 ?    1.2   0.1        11        26       5      35 ..     215     246 ..     202     250 .. 0.72

  Alignments for each domain:
  == domain 1  score: 1.2 bits;  conditional E-value: 11
                      gvpk   5 rrieideedlergL.laLvltvvEllreller 35 
                               r+ ei   ++++gL l+ v  vv+++rel e+
  nat_a18da5d46cdaee2e1fef 215 RETEIRVTQAKSGLpLSEVAIVVDIVRELREQ 246
                               45566667888888444555689****99775 PP

>> nat_def4e5618d2d3f638abe  
   #    score  bias  c-Evalue  i-Evalue hmmfrom  hmm to    alifrom  ali to    envfrom  env to     acc
 ---   ------ ----- --------- --------- ------- -------    ------- -------    ------- -------    ----
   1 ?    3.1   0.6         3       7.1      49      74 ..      75     100 ..      69     107 .. 0.73

  Alignments for each domain:
  == domain 1  score: 3.1 bits;  conditional E-value: 3
                      gvpk  49 eeierLGtalmaleealeelkeefgl 74 
                               + ++ L++   +l+e+le l+++ + 
  nat_def4e5618d2d3f638abe  75 NNTKALEEENKKLQERLESLEKKLDT 100
                               56677777788888888888877765 PP

>> nat_5a279e932ed0a8a3b9fa  
   #    score  bias  c-Evalue  i-Evalue hmmfrom  hmm to    alifrom  ali to    envfrom  env to     acc
 ---   ------ ----- --------- --------- ------- -------    ------- -------    ------- -------    ----
   1 ?    1.5   0.1       9.4        22      19      33 ..      18      32 ..       2      37 .. 0.84

  Alignments for each domain:
  == domain 1  score: 1.5 bits;  conditional E-value: 9.4
                      gvpk 19 laLvltvvEllrell 33
                               +  +++v+ll+++l
  nat_5a279e932ed0a8a3b9fa 18 RGRQVALVDLLDRVL 32
                              56689******9887 PP

>> nat_22edc8a638b6a2edc028  
   #    score  bias  c-Evalue  i-Evalue hmmfrom  hmm to    alifrom  ali to    envfrom  env to     acc
 ---   ------ ----- --------- --------- ------- -------    ------- -------    ------- -------    ----
   1 ?    2.0   1.1       6.4        15      77      95 ..      40      55 ..      16      80 .. 0.49

  Alignments for each domain:
  == domain 1  score: 2.0 bits;  conditional E-value: 6.4
                      gvpk 77 edlnldlgpLgklvvdkve 95
                              ++l   l +Lg+l   + +
  nat_22edc8a638b6a2edc028 40 NQL---LYELGELSETEYR 55
                              222...3455555511111 PP

>> nat_e8725e8fbddfd6b8fab4  
   #    score  bias  c-Evalue  i-Evalue hmmfrom  hmm to    alifrom  ali to    envfrom  env to     acc
 ---   ------ ----- --------- --------- ------- -------    ------- -------    ------- -------    ----
   1 ?    1.7   0.6       7.9        19      65      90 ..      25      51 ..      18      81 .. 0.51

  Alignments for each domain:
  == domain 1  score: 1.7 bits;  conditional E-value: 7.9
                      gvpk 65 leelkeefgleaedl.nldlgpLgklv 90
                              +eel + +g++++ + n  l +Lg+  
  nat_e8725e8fbddfd6b8fab4 25 IEELYDVEGIRDDLKeNQLLYELGERP 51
                              566666666665544233335555544 PP

>> nat_daa26bb81225045c82c6  
   #    score  bias  c-Evalue  i-Evalue hmmfrom  hmm to    alifrom  ali to    envfrom  env to     acc
 ---   ------ ----- --------- --------- ------- -------    ------- -------    ------- -------    ----
   1 ?    1.3   0.3        10        24      48      65 ..      84     101 ..      72     111 .. 0.62

  Alignments for each domain:
  == domain 1  score: 1.3 bits;  conditional E-value: 10
                      gvpk  48 deeierLGtalmaleeal 65 
                               ++e ++L ++l+ale++l
  nat_daa26bb81225045c82c6  84 EQENKQLQERLHALENKL 101
                               455566666666666655 PP

>> nat_93ee8755b8fb64b781d3  
   #    score  bias  c-Evalue  i-Evalue hmmfrom  hmm to    alifrom  ali to    envfrom  env to     acc
 ---   ------ ----- --------- --------- ------- -------    ------- -------    ------- -------    ----
   1 ?    2.0   0.3       6.4        15      48      65 ..      81      98 ..      70     104 .. 0.71

  Alignments for each domain:
  == domain 1  score: 2.0 bits;  conditional E-value: 6.4
                      gvpk 48 deeierLGtalmaleeal 65
                              +ee +rL ++l ale +l
  nat_93ee8755b8fb64b781d3 81 EEENKRLQERLEALESKL 98
                              466777777777777665 PP

>> nat_19313a16de85e8dc6da2  
   [No individual domains that satisfy reporting thresholds (although complete target did)]

>> nat_d39c56188f28cb02ba10  
   #    score  bias  c-Evalue  i-Evalue hmmfrom  hmm to    alifrom  ali to    envfrom  env to     acc
 ---   ------ ----- --------- --------- ------- -------    ------- -------    ------- -------    ----
   1 ?    1.4   0.1       9.6        23      53      77 ..      87     111 ..      78     114 .. 0.70

  Alignments for each domain:
  == domain 1  score: 1.4 bits;  conditional E-value: 9.6
                      gvpk  53 rLGtalmaleealeelkeefgleae 77 
                                L +  ++l+++le l+e+ g ++e
  nat_d39c56188f28cb02ba10  87 ALAEENAQLRARLEALEESVGQTPE 111
                               4556667778888888887776665 PP

>> nat_efd48c99cdb0d08b6f9e  
   #    score  bias  c-Evalue  i-Evalue hmmfrom  hmm to    alifrom  ali to    envfrom  env to     acc
 ---   ------ ----- --------- --------- ------- -------    ------- -------    ------- -------    ----
   1 ?    1.5   0.1       9.2        22      16      34 ..       6      24 ..       3      34 .. 0.84

  Alignments for each domain:
  == domain 1  score: 1.5 bits;  conditional E-value: 9.2
                      gvpk 16 rgLlaLvltvvEllrelle 34
                              + L++  + +v+ll+++l 
  nat_efd48c99cdb0d08b6f9e  6 HPLANREISLVDLLDRVLA 24
                              5788899999***999885 PP

>> nat_15f7f1ff1f3d13b3a6e4  
   #    score  bias  c-Evalue  i-Evalue hmmfrom  hmm to    alifrom  ali to    envfrom  env to     acc
 ---   ------ ----- --------- --------- ------- -------    ------- -------    ------- -------    ----
   1 ?    1.3   0.1        11        25      12      33 ..       9      30 ..       1      34 [. 0.74

  Alignments for each domain:
  == domain 1  score: 1.3 bits;  conditional E-value: 11
                      gvpk 12 edlergLlaLvltvvEllrell 33
                              +++++  +   +++v+ll++++
  nat_15f7f1ff1f3d13b3a6e4  9 SSADDPSAYRQVALVDLLDRVV 30
                              55666666778999**998765 PP

>> nat_4a66b9c8b2b4962ce727  
   #    score  bias  c-Evalue  i-Evalue hmmfrom  hmm to    alifrom  ali to    envfrom  env to     acc
 ---   ------ ----- --------- --------- ------- -------    ------- -------    ------- -------    ----
   1 ?    2.2   0.5       5.4        13      48      65 ..      80      97 ..      71     103 .. 0.71

  Alignments for each domain:
  == domain 1  score: 2.2 bits;  conditional E-value: 5.4
                      gvpk 48 deeierLGtalmaleeal 65
                              +ee +rL ++l ale++l
  nat_4a66b9c8b2b4962ce727 80 EEENKRLQERLEALENQL 97
                              567777777777777776 PP

>> nat_5fe0328494dc254c515b  
   #    score  bias  c-Evalue  i-Evalue hmmfrom  hmm to    alifrom  ali to    envfrom  env to     acc
 ---   ------ ----- --------- --------- ------- -------    ------- -------    ------- -------    ----
   1 ?    0.9   0.1        14        33      60      80 ..     106     126 ..      94     143 .. 0.83

  Alignments for each domain:
  == domain 1  score: 0.9 bits;  conditional E-value: 14
                      gvpk  60 aleealeelkeefgleaedln 80 
                               ale a e+lke fg +++d +
  nat_5fe0328494dc254c515b 106 ALEGAQERLKETFGGSDDDSD 126
                               688888999999999888864 PP

>> nat_0a6e89f60cd37515559e  
   #    score  bias  c-Evalue  i-Evalue hmmfrom  hmm to    alifrom  ali to    envfrom  env to     acc
 ---   ------ ----- --------- --------- ------- -------    ------- -------    ------- -------    ----
   1 ?    1.7   0.2         8        19      49      71 ..      86     108 ..      62     110 .] 0.79

  Alignments for each domain:
  == domain 1  score: 1.7 bits;  conditional E-value: 8
                      gvpk  49 eeierLGtalmaleealeelkee 71 
                               +e+  L +  ++l+e++eel++e
  nat_0a6e89f60cd37515559e  86 TEAQGLAEENRQLRERVEELERE 108
                               56667777788888888888776 PP

>> nat_f9a6c4e29c6909a7bfea  
   #    score  bias  c-Evalue  i-Evalue hmmfrom  hmm to    alifrom  ali to    envfrom  env to     acc
 ---   ------ ----- --------- --------- ------- -------    ------- -------    ------- -------    ----
   1 ?    0.9   0.1        14        33      60      80 ..     106     126 ..      93     143 .. 0.83

  Alignments for each domain:
  == domain 1  score: 0.9 bits;  conditional E-value: 14
                      gvpk  60 aleealeelkeefgleaedln 80 
                               ale a e+lke fg +++d +
  nat_f9a6c4e29c6909a7bfea 106 ALEGAQERLKETFGGSDDDSD 126
                               688888999999999888864 PP

>> nat_ff99c037c948a02afb0b  
   #    score  bias  c-Evalue  i-Evalue hmmfrom  hmm to    alifrom  ali to    envfrom  env to     acc
 ---   ------ ----- --------- --------- ------- -------    ------- -------    ------- -------    ----
   1 ?    1.7   1.1       7.9        19      59      78 ..      52      71 ..       8      80 .. 0.64

  Alignments for each domain:
  == domain 1  score: 1.7 bits;  conditional E-value: 7.9
                      gvpk 59 maleealeelkeefgleaed 78
                              ++ e++ eel+++ ++ ++ 
  nat_ff99c037c948a02afb0b 52 AEYERRQEELQTQLDVAEQA 71
                              45566666666666665554 PP

>> nat_ae7c31f644fee037736e  
   #    score  bias  c-Evalue  i-Evalue hmmfrom  hmm to    alifrom  ali to    envfrom  env to     acc
 ---   ------ ----- --------- --------- ------- -------    ------- -------    ------- -------    ----
   1 ?    1.5   0.8       8.8        21      54      73 ..      46      66 ..      13      79 .. 0.53

  Alignments for each domain:
  == domain 1  score: 1.5 bits;  conditional E-value: 8.8
                      gvpk 54 LGt.almaleealeelkeefg 73
                              LG+    + e++ eel+ + +
  nat_ae7c31f644fee037736e 46 LGErSRTEYERRSEELQIQLD 66
                              232122344444555555555 PP

>> nat_8be088bcd53ef20d5eec  
   #    score  bias  c-Evalue  i-Evalue hmmfrom  hmm to    alifrom  ali to    envfrom  env to     acc
 ---   ------ ----- --------- --------- ------- -------    ------- -------    ------- -------    ----
   1 ?    2.1   0.3       5.8        14      52      74 ..      78     100 ..      69     107 .. 0.64

  Alignments for each domain:
  == domain 1  score: 2.1 bits;  conditional E-value: 5.8
                      gvpk  52 erLGtalmaleealeelkeefgl 74 
                               + L++   +l+e+l+ l++++g 
  nat_8be088bcd53ef20d5eec  78 DALEEENKKLRERLDALENKEGT 100
                               45555666666666666666654 PP

>> nat_a2e2c896faafb4632a0b  
   #    score  bias  c-Evalue  i-Evalue hmmfrom  hmm to    alifrom  ali to    envfrom  env to     acc
 ---   ------ ----- --------- --------- ------- -------    ------- -------    ------- -------    ----
   1 ?    0.9   1.0        14        34      56      79 ..     159     182 ..     124     213 .. 0.75

  Alignments for each domain:
  == domain 1  score: 0.9 bits;  conditional E-value: 14
                      gvpk  56 talmaleealeelkeefgleaedl 79 
                               ++l++ +++l el+e+ g  +e +
  nat_a2e2c896faafb4632a0b 159 KTLIESDDRLRELEERIGNADEGT 182
                               478888888888888888766655 PP

>> nat_d7b8c5c7cb6b1053592e  
   #    score  bias  c-Evalue  i-Evalue hmmfrom  hmm to    alifrom  ali to    envfrom  env to     acc
 ---   ------ ----- --------- --------- ------- -------    ------- -------    ------- -------    ----
   1 ?    1.3   0.1        10        24      52      69 ..      78      95 ..      69     102 .. 0.59

  Alignments for each domain:
  == domain 1  score: 1.3 bits;  conditional E-value: 10
                      gvpk 52 erLGtalmaleealeelk 69
                              + L++   +l+e+le l+
  nat_d7b8c5c7cb6b1053592e 78 KALEQENKRLQERLEALE 95
                              455555555555555554 PP

>> nat_586a9e121e80cef17717  
   #    score  bias  c-Evalue  i-Evalue hmmfrom  hmm to    alifrom  ali to    envfrom  env to     acc
 ---   ------ ----- --------- --------- ------- -------    ------- -------    ------- -------    ----
   1 ?    1.2   0.2        11        27      22      33 ..       8      19 ..       3      26 .. 0.86

  Alignments for each domain:
  == domain 1  score: 1.2 bits;  conditional E-value: 11
                      gvpk 22 vltvvEllrell 33
                               +++v+ll++ll
  nat_586a9e121e80cef17717  8 EIALVDLLDRLL 19
                              6899****9998 PP

>> nat_9563afccb8c08431776b  
   #    score  bias  c-Evalue  i-Evalue hmmfrom  hmm to    alifrom  ali to    envfrom  env to     acc
 ---   ------ ----- --------- --------- ------- -------    ------- -------    ------- -------    ----
   1 ?    1.1   0.9        12        29      64      90 ..      23      50 ..      16      74 .. 0.58

  Alignments for each domain:
  == domain 1  score: 1.1 bits;  conditional E-value: 12
                      gvpk 64 aleelkeefgleaedl.nldlgpLgklv 90
                              al+el + +gle++ + n  l +Lg+  
  nat_9563afccb8c08431776b 23 ALDELYDVEGLEDDLKeNQLLYELGERS 50
                              5677777777777655233335555544 PP

>> nat_e0c3a1bd76d4c37afc8c  
   #    score  bias  c-Evalue  i-Evalue hmmfrom  hmm to    alifrom  ali to    envfrom  env to     acc
 ---   ------ ----- --------- --------- ------- -------    ------- -------    ------- -------    ----
   1 ?    1.7   0.2       7.9        19      17      34 ..       7      24 ..       3      56 .. 0.79

  Alignments for each domain:
  == domain 1  score: 1.7 bits;  conditional E-value: 7.9
                      gvpk 17 gLlaLvltvvEllrelle 34
                               L++  + +v+ll+++l 
  nat_e0c3a1bd76d4c37afc8c  7 PLANRDVSLVDLLDRVLA 24
                              677777889999988874 PP

>> nat_0739506f322325ee29fe  
   #    score  bias  c-Evalue  i-Evalue hmmfrom  hmm to    alifrom  ali to    envfrom  env to     acc
 ---   ------ ----- --------- --------- ------- -------    ------- -------    ------- -------    ----
   1 ?    0.6   0.1        17        40       5      23 ..      71      89 ..      68     128 .. 0.75

  Alignments for each domain:
  == domain 1  score: 0.6 bits;  conditional E-value: 17
                      gvpk  5 rrieideedlergLlaLvl 23
                              +r++i +ed +++L++Lv 
  nat_0739506f322325ee29fe 71 NRLDIVNEDPKSDLGGLVG 89
                              5677777777777777764 PP

>> nat_bc6806cbbc65718c537b  
   #    score  bias  c-Evalue  i-Evalue hmmfrom  hmm to    alifrom  ali to    envfrom  env to     acc
 ---   ------ ----- --------- --------- ------- -------    ------- -------    ------- -------    ----
   1 ?    1.0   0.0        13        32      70      90 ..      89     108 ..      80     116 .. 0.63

  Alignments for each domain:
  == domain 1  score: 1.0 bits;  conditional E-value: 13
                      gvpk  70 eefgleaedlnldlgpLgklv 90 
                               e+  leae+ +l+   L++l 
  nat_bc6806cbbc65718c537b  89 ERDALEAENRDLR-ARLDTLE 108
                               5555666666666.5666653 PP

>> nat_4ec35b7e5d4432cf30cc  
   #    score  bias  c-Evalue  i-Evalue hmmfrom  hmm to    alifrom  ali to    envfrom  env to     acc
 ---   ------ ----- --------- --------- ------- -------    ------- -------    ------- -------    ----
   1 ?    1.5   0.2         9        22      52      71 ..      89     108 ..      67     110 .] 0.75

  Alignments for each domain:
  == domain 1  score: 1.5 bits;  conditional E-value: 9
                      gvpk  52 erLGtalmaleealeelkee 71 
                                +L +  ++l+e+leel+++
  nat_4ec35b7e5d4432cf30cc  89 QQLADENRELRERLEELERD 108
                               45666667777777777665 PP

>> nat_6564bfeee9ba0940d56f  
   #    score  bias  c-Evalue  i-Evalue hmmfrom  hmm to    alifrom  ali to    envfrom  env to     acc
 ---   ------ ----- --------- --------- ------- -------    ------- -------    ------- -------    ----
   1 ?    1.6   0.5       8.5        20      65      90 ..      24      50 ..      16      79 .. 0.55

  Alignments for each domain:
  == domain 1  score: 1.6 bits;  conditional E-value: 8.5
                      gvpk 65 leelkeefgleaedlnldl.gpLgklv 90
                              l+el + + le+e ++ +l  +Lg+  
  nat_6564bfeee9ba0940d56f 24 LDELYDIEALEDERKENRLlYELGERS 50
                              455555555555555333223444433 PP

>> nat_0df60d2fc55bf3787af1  
   #    score  bias  c-Evalue  i-Evalue hmmfrom  hmm to    alifrom  ali to    envfrom  env to     acc
 ---   ------ ----- --------- --------- ------- -------    ------- -------    ------- -------    ----
   1 ?    1.7   0.0       8.1        19      64      94 ..      57      87 ..      32     116 .. 0.67

  Alignments for each domain:
  == domain 1  score: 1.7 bits;  conditional E-value: 8.1
                      gvpk 64 aleelkeefgleaedlnldlgpLgklvvdkv 94
                              +++e  ++ +++++++ + l +Lg+ ++++ 
  nat_0df60d2fc55bf3787af1 57 RFAEAVDRLDIQPAQEPVGLPELGERAIEST 87
                              4556666777777777777777777663333 PP

>> nat_05b12b3e859ceb6ed015  
   #    score  bias  c-Evalue  i-Evalue hmmfrom  hmm to    alifrom  ali to    envfrom  env to     acc
 ---   ------ ----- --------- --------- ------- -------    ------- -------    ------- -------    ----
   1 ?    1.1   0.1        12        29      42      62 ..      84     103 ..      73     110 .. 0.63

  Alignments for each domain:
  == domain 1  score: 1.1 bits;  conditional E-value: 12
                      gvpk  42 esgdLtdeeierLGtalmale 62 
                                 ++L  ee erL  +l ale
  nat_05b12b3e859ceb6ed015  84 AREELA-EENERLRARLDALE 103
                               444444.55566655555555 PP

>> nat_62f04737d77be4c159f5  
   #    score  bias  c-Evalue  i-Evalue hmmfrom  hmm to    alifrom  ali to    envfrom  env to     acc
 ---   ------ ----- --------- --------- ------- -------    ------- -------    ------- -------    ----
   1 ?    1.6   0.7       8.7        21      69      98 ..      44      72 ..      17     107 .. 0.68

  Alignments for each domain:
  == domain 1  score: 1.6 bits;  conditional E-value: 8.7
                      gvpk 69 keefgleaedlnldlgpLgklvvdkveper 98
                              k++++l++  ++l+ +++++ ++++++ ++
  nat_62f04737d77be4c159f5 44 KQAEDLSQFRQQLE-QEIDQFLAKTAQSRQ 72
                              45566666666666.666666633332222 PP

>> nat_395ec35f14effdb2da3a  
   #    score  bias  c-Evalue  i-Evalue hmmfrom  hmm to    alifrom  ali to    envfrom  env to     acc
 ---   ------ ----- --------- --------- ------- -------    ------- -------    ------- -------    ----
   1 ?    0.9   1.2        14        34      43      65 ..      84     105 ..      75     110 .. 0.52

  Alignments for each domain:
  == domain 1  score: 0.9 bits;  conditional E-value: 14
                      gvpk  43 sgdLtdeeierLGtalmaleeal 65 
                               +++L+ ee ++L ++l +le +l
  nat_395ec35f14effdb2da3a  84 QNQLK-EENKELQKRLEKLEGKL 105
                               33333.34444445555544444 PP

>> nat_cbba243dc1613c0cb1fa  
   #    score  bias  c-Evalue  i-Evalue hmmfrom  hmm to    alifrom  ali to    envfrom  env to     acc
 ---   ------ ----- --------- --------- ------- -------    ------- -------    ------- -------    ----
   1 ?    1.1   0.5        12        28      46      67 ..      89     109 ..      79     115 .] 0.51

  Alignments for each domain:
  == domain 1  score: 1.1 bits;  conditional E-value: 12
                      gvpk  46 LtdeeierLGtalmaleealee 67 
                               L  ee  rL  +l alee  e+
  nat_cbba243dc1613c0cb1fa  89 LA-EENARLRARLDALEESAED 109
                               33.3344555555555554433 PP

>> nat_6dbff5a4e8597618f4ab  
   #    score  bias  c-Evalue  i-Evalue hmmfrom  hmm to    alifrom  ali to    envfrom  env to     acc
 ---   ------ ----- --------- --------- ------- -------    ------- -------    ------- -------    ----
   1 ?    1.2   0.0        12        28      23      34 ..      30      41 ..      17      45 .. 0.80

  Alignments for each domain:
  == domain 1  score: 1.2 bits;  conditional E-value: 12
                      gvpk 23 ltvvEllrelle 34
                              +++v+ll++ll 
  nat_6dbff5a4e8597618f4ab 30 IALVDLLDRLLG 41
                              6899***99986 PP

>> nat_3d7fc725cd17cf23a73c  
   #    score  bias  c-Evalue  i-Evalue hmmfrom  hmm to    alifrom  ali to    envfrom  env to     acc
 ---   ------ ----- --------- --------- ------- -------    ------- -------    ------- -------    ----
   1 ?    1.3   0.1        11        25      36      53 ..      67      84 ..      44      95 .. 0.68

  Alignments for each domain:
  == domain 1  score: 1.3 bits;  conditional E-value: 11
                      gvpk 36 qAlrRvesgdLtdeeier 53
                              +A+ + e +dL++ eier
  nat_3d7fc725cd17cf23a73c 67 RAVSDGELEDLEELEIER 84
                              344444555666666666 PP

>> nat_1d519e42f5e4d4625382  
   #    score  bias  c-Evalue  i-Evalue hmmfrom  hmm to    alifrom  ali to    envfrom  env to     acc
 ---   ------ ----- --------- --------- ------- -------    ------- -------    ------- -------    ----
   1 ?    0.9   0.0        14        34      58      75 ..      83     100 ..      67     116 .. 0.64

  Alignments for each domain:
  == domain 1  score: 0.9 bits;  conditional E-value: 14
                      gvpk  58 lmaleealeelkeefgle 75 
                                 +l +++ +l+e++g +
  nat_1d519e42f5e4d4625382  83 NEELWQRIRQLEERQGTN 100
                               344555555666655554 PP

>> nat_00ff0d0f8a2cc408f4fc  
   #    score  bias  c-Evalue  i-Evalue hmmfrom  hmm to    alifrom  ali to    envfrom  env to     acc
 ---   ------ ----- --------- --------- ------- -------    ------- -------    ------- -------    ----
   1 ?    1.6   2.8       8.3        20      60     106 ..     166     212 ..     149     233 .. 0.76

  Alignments for each domain:
  == domain 1  score: 1.6 bits;  conditional E-value: 8.3
                      gvpk  60 aleealeelkeefgleaedlnldlgpLgklv..vdkvepereaeeaees 106
                               + e++leelk ++  +++ + ++  +L  +v  ++ + +er++ e+e++
  nat_00ff0d0f8a2cc408f4fc 166 QYEQRLEELKHQQRADRTAALIE--QLEPMVhdLQDLGHERTTLEMETD 212
                               579999***99999998888666..899888877777555555444444 PP

>> nat_b5d750fdff6867b5af57  
   #    score  bias  c-Evalue  i-Evalue hmmfrom  hmm to    alifrom  ali to    envfrom  env to     acc
 ---   ------ ----- --------- --------- ------- -------    ------- -------    ------- -------    ----
   1 ?    1.0   0.2        13        30      18      33 ..       7      22 ..       2      27 .. 0.84

  Alignments for each domain:
  == domain 1  score: 1.0 bits;  conditional E-value: 13
                      gvpk 18 LlaLvltvvEllrell 33
                              L++  l +v+ll++ll
  nat_b5d750fdff6867b5af57  7 LAQRRLSLVDLLDRLL 22
                              56788999***99987 PP

>> nat_012f7ed0df540c626390  
   #    score  bias  c-Evalue  i-Evalue hmmfrom  hmm to    alifrom  ali to    envfrom  env to     acc
 ---   ------ ----- --------- --------- ------- -------    ------- -------    ------- -------    ----
   1 ?    1.2   1.4        11        26      66      89 ..      25      49 ..      15      80 .. 0.47

  Alignments for each domain:
  == domain 1  score: 1.2 bits;  conditional E-value: 11
                      gvpk 66 eelkeefgleaedl.nldlgpLgkl 89
                              +el + + le+e + n  l +Lg+ 
  nat_012f7ed0df540c626390 25 DELYDIEALEDERKeNQLLYELGER 49
                              3333333333333311112333332 PP

>> nat_28fe1b57f20e35dc1b32  
   #    score  bias  c-Evalue  i-Evalue hmmfrom  hmm to    alifrom  ali to    envfrom  env to     acc
 ---   ------ ----- --------- --------- ------- -------    ------- -------    ------- -------    ----
   1 ?    1.5   0.7       8.9        21      64      90 ..      23      50 ..      14      79 .. 0.56

  Alignments for each domain:
  == domain 1  score: 1.5 bits;  conditional E-value: 8.9
                      gvpk 64 aleelkeefgleaedl.nldlgpLgklv 90
                              al+e+ + +gleae + n  l +Lg+  
  nat_28fe1b57f20e35dc1b32 23 ALDEMYDVEGLEAELKeNQLLYELGERS 50
                              5666667777776655233335555544 PP

>> nat_76139d5052a6d251dc47  
   #    score  bias  c-Evalue  i-Evalue hmmfrom  hmm to    alifrom  ali to    envfrom  env to     acc
 ---   ------ ----- --------- --------- ------- -------    ------- -------    ------- -------    ----
   1 ?    1.2   0.2        11        27      22      33 ..       8      19 ..       3      30 .. 0.86

  Alignments for each domain:
  == domain 1  score: 1.2 bits;  conditional E-value: 11
                      gvpk 22 vltvvEllrell 33
                               +++v+ll++ll
  nat_76139d5052a6d251dc47  8 EIALVDLLDRLL 19
                              6899***99998 PP

>> nat_c878ed98f912803b2650  
   #    score  bias  c-Evalue  i-Evalue hmmfrom  hmm to    alifrom  ali to    envfrom  env to     acc
 ---   ------ ----- --------- --------- ------- -------    ------- -------    ------- -------    ----
   1 ?    1.1   0.1        12        28      27      43 ..      62      78 ..      45      84 .. 0.72

  Alignments for each domain:
  == domain 1  score: 1.1 bits;  conditional E-value: 12
                      gvpk 27 EllrellerqAlrRves 43
                               llr+ +e++ l R e+
  nat_c878ed98f912803b2650 62 GLLRDEVEEEDLARQEN 78
                              56666666666655554 PP

>> nat_6456c7962887f5ec8ec6  
   #    score  bias  c-Evalue  i-Evalue hmmfrom  hmm to    alifrom  ali to    envfrom  env to     acc
 ---   ------ ----- --------- --------- ------- -------    ------- -------    ------- -------    ----
   1 ?    0.4   0.5        20        48      49      67 ..     190     208 ..     139     222 .. 0.63

  Alignments for each domain:
  == domain 1  score: 0.4 bits;  conditional E-value: 20
                      gvpk  49 eeierLGtalmaleealee 67 
                               e++  L ++l  l +++ee
  nat_6456c7962887f5ec8ec6 190 ERVAALAERLDPLVDEMEE 208
                               3333344444444444444 PP

>> nat_023128e0df407b2417ae  
   #    score  bias  c-Evalue  i-Evalue hmmfrom  hmm to    alifrom  ali to    envfrom  env to     acc
 ---   ------ ----- --------- --------- ------- -------    ------- -------    ------- -------    ----
   1 ?    0.8   0.1        15        35      40      66 ..      83     108 ..      77     112 .. 0.72

  Alignments for each domain:
  == domain 1  score: 0.8 bits;  conditional E-value: 15
                      gvpk  40 RvesgdLtdeeierLGtalmaleeale 66 
                               R+ +++L d e  rL ++l+ale al+
  nat_023128e0df407b2417ae  83 RAAHDELAD-ENTRLRERLAALEWALD 108
                               666777774.45688888888887665 PP

>> nat_e6206d4d062bc49b3366  
   [No individual domains that satisfy reporting thresholds (although complete target did)]

>> nat_7ed43cadccbe39bfd14a  
   #    score  bias  c-Evalue  i-Evalue hmmfrom  hmm to    alifrom  ali to    envfrom  env to     acc
 ---   ------ ----- --------- --------- ------- -------    ------- -------    ------- -------    ----
   1 ?    1.3   0.7        10        24      87      87 ..      47      47 ..      13      76 .. 0.49

  Alignments for each domain:
  == domain 1  score: 1.3 bits;  conditional E-value: 10
                      gvpk 87 g 87
                              g
  nat_7ed43cadccbe39bfd14a 47 G 47
                              2 PP

>> nat_71c4eaf80d5c340613c0  
   #    score  bias  c-Evalue  i-Evalue hmmfrom  hmm to    alifrom  ali to    envfrom  env to     acc
 ---   ------ ----- --------- --------- ------- -------    ------- -------    ------- -------    ----
   1 ?    0.4   2.3        20        47      57      84 ..     149     176 ..     138     222 .. 0.68

  Alignments for each domain:
  == domain 1  score: 0.4 bits;  conditional E-value: 20
                      gvpk  57 almaleealeelkeefgleaedlnldlg 84 
                               al++ +++l el e+ + ++e + + l+
  nat_71c4eaf80d5c340613c0 149 ALLERDDRLRELDERIDASEEGAAFLLE 176
                               7777788888888888888777765543 PP

>> nat_c551d6ae7995695aef91  
   #    score  bias  c-Evalue  i-Evalue hmmfrom  hmm to    alifrom  ali to    envfrom  env to     acc
 ---   ------ ----- --------- --------- ------- -------    ------- -------    ------- -------    ----
   1 ?    1.5   0.7       8.9        21      69      99 ..      36      65 ..      24     104 .. 0.63

  Alignments for each domain:
  == domain 1  score: 1.5 bits;  conditional E-value: 8.9
                      gvpk 69 keefgleaedlnldlgpLgklvvdkvepere 99
                              k++++l++  ++l+ +++++ ++++++ ++ 
  nat_c551d6ae7995695aef91 36 KQAEDLSQFRQQLE-QEIDQFLAKTAQSRQA 65
                              45556666666666.6666666333322222 PP

>> nat_b2c27e09d74473b0ebc2  
   #    score  bias  c-Evalue  i-Evalue hmmfrom  hmm to    alifrom  ali to    envfrom  env to     acc
 ---   ------ ----- --------- --------- ------- -------    ------- -------    ------- -------    ----
   1 ?    1.0   1.2        13        30      67      90 ..      26      50 ..      15      79 .. 0.49

  Alignments for each domain:
  == domain 1  score: 1.0 bits;  conditional E-value: 13
                      gvpk 67 elkeefgleaedl.nldlgpLgklv 90
                              el +  gle+e + n  l +Lg+  
  nat_b2c27e09d74473b0ebc2 26 ELYDVDGLEDELKeNQLLYELGERS 50
                              5555555555444122223444333 PP

>> nat_dc91976c7c3450587080  
   #    score  bias  c-Evalue  i-Evalue hmmfrom  hmm to    alifrom  ali to    envfrom  env to     acc
 ---   ------ ----- --------- --------- ------- -------    ------- -------    ------- -------    ----
   1 ?    1.2   0.1        12        28      49      64 ..      82      97 ..      69     109 .. 0.51

  Alignments for each domain:
  == domain 1  score: 1.2 bits;  conditional E-value: 12
                      gvpk 49 eeierLGtalmaleea 64
                              ee + L ++l ale++
  nat_dc91976c7c3450587080 82 EENKMLQERLEALEKK 97
                              2333333333333333 PP

>> nat_f82e99068ca8b1106586  
   #    score  bias  c-Evalue  i-Evalue hmmfrom  hmm to    alifrom  ali to    envfrom  env to     acc
 ---   ------ ----- --------- --------- ------- -------    ------- -------    ------- -------    ----
   1 ?    0.8   0.1        15        37      59      80 ..     216     237 ..     200     261 .. 0.76

  Alignments for each domain:
  == domain 1  score: 0.8 bits;  conditional E-value: 15
                      gvpk  59 maleealeelkeefgleaedln 80 
                               ++le ++e ++++ g+e++d++
  nat_f82e99068ca8b1106586 216 LDLETEIEIVTKQSGIERSDAQ 237
                               6899999999999999999884 PP

>> nat_c98d4b9753be8dfa1f08  
   #    score  bias  c-Evalue  i-Evalue hmmfrom  hmm to    alifrom  ali to    envfrom  env to     acc
 ---   ------ ----- --------- --------- ------- -------    ------- -------    ------- -------    ----
   1 ?    0.9   0.3        14        34      23      33 ..      22      32 ..      17      45 .. 0.87

  Alignments for each domain:
  == domain 1  score: 0.9 bits;  conditional E-value: 14
                      gvpk 23 ltvvEllrell 33
                              +++v+ll++ll
  nat_c98d4b9753be8dfa1f08 22 VALVDLLDRLL 32
                              89999999998 PP

>> nat_a805025f1e78467c4256  
   #    score  bias  c-Evalue  i-Evalue hmmfrom  hmm to    alifrom  ali to    envfrom  env to     acc
 ---   ------ ----- --------- --------- ------- -------    ------- -------    ------- -------    ----
   1 ?    1.0   2.3        13        31      64      90 ..      23      50 ..      16      73 .. 0.56

  Alignments for each domain:
  == domain 1  score: 1.0 bits;  conditional E-value: 13
                      gvpk 64 aleelkeefgleaedl.nldlgpLgklv 90
                              al+el + +gle+e + n  l +Lg+  
  nat_a805025f1e78467c4256 23 ALDELYDVEGLEDELKeNQLLYELGERS 50
                              5677888888877766233346666655 PP

>> nat_99861ed9cc175485de8b  
   #    score  bias  c-Evalue  i-Evalue hmmfrom  hmm to    alifrom  ali to    envfrom  env to     acc
 ---   ------ ----- --------- --------- ------- -------    ------- -------    ------- -------    ----
   1 ?    1.0   0.7        13        31      45      90 ..     181     226 ..     154     250 .. 0.72

  Alignments for each domain:
  == domain 1  score: 1.0 bits;  conditional E-value: 13
                      gvpk  45 dLtdeeierLGtalmaleealeelkeefgleaedlnldlgpLgklv 90 
                               +Ltd e er  +  ++l+e+l+ l ++ +  ++   ld gp g+ v
  nat_99861ed9cc175485de8b 181 RLTDLERERDDRLAADLRERLAPLVADVEPVESGGVLDEGPAGNRV 226
                               5667777777777778888888887777777777777777777666 PP

>> nat_317d696b35c15db3beb2  
   #    score  bias  c-Evalue  i-Evalue hmmfrom  hmm to    alifrom  ali to    envfrom  env to     acc
 ---   ------ ----- --------- --------- ------- -------    ------- -------    ------- -------    ----
   1 ?    0.7   0.1        16        39      23      34 ..      19      30 ..      14      34 .. 0.87

  Alignments for each domain:
  == domain 1  score: 0.7 bits;  conditional E-value: 16
                      gvpk 23 ltvvEllrelle 34
                              l++++ll++ll+
  nat_317d696b35c15db3beb2 19 LALIDLLDRLLD 30
                              899****99986 PP

>> nat_833a1708482ad34125e2  
   #    score  bias  c-Evalue  i-Evalue hmmfrom  hmm to    alifrom  ali to    envfrom  env to     acc
 ---   ------ ----- --------- --------- ------- -------    ------- -------    ------- -------    ----
   1 ?    1.1   0.1        12        29      40      90 ..      67      81 ..      37      96 .. 0.57

  Alignments for each domain:
  == domain 1  score: 1.1 bits;  conditional E-value: 12
                      gvpk 40 RvesgdLtdeeierLGtalmaleealeelkeefgleaedlnldlgpLgklv 90
                              R+                                     ++ dl++L +l 
  nat_833a1708482ad34125e2 67 RA------------------------------------TAEGDLEDLEELE 81
                              22....................................2222233333333 PP

>> nat_e68c2635df884c45a501  
   #    score  bias  c-Evalue  i-Evalue hmmfrom  hmm to    alifrom  ali to    envfrom  env to     acc
 ---   ------ ----- --------- --------- ------- -------    ------- -------    ------- -------    ----
   1 ?    0.3   0.8        22        52      50      50 ..      41      41 ..      15      76 .. 0.51

  Alignments for each domain:
  == domain 1  score: 0.3 bits;  conditional E-value: 22
                      gvpk 50 e 50
                              +
  nat_e68c2635df884c45a501 41 Q 41
                              1 PP

>> nat_58cc5366f525d6247254  
   #    score  bias  c-Evalue  i-Evalue hmmfrom  hmm to    alifrom  ali to    envfrom  env to     acc
 ---   ------ ----- --------- --------- ------- -------    ------- -------    ------- -------    ----
   1 ?    0.4   0.0        20        48      57      83 ..     189     215 ..     176     233 .. 0.81

  Alignments for each domain:
  == domain 1  score: 0.4 bits;  conditional E-value: 20
                      gvpk  57 almaleealeelkeefgleaedlnldl 83 
                                l + + +++ ++++ g++++++ l +
  nat_58cc5366f525d6247254 189 DLCDEQTEMAIIRKKTGITEKEAGLIV 215
                               5677788999*********99988765 PP

>> nat_b23dc8f37bc936f98c91  
   #    score  bias  c-Evalue  i-Evalue hmmfrom  hmm to    alifrom  ali to    envfrom  env to     acc
 ---   ------ ----- --------- --------- ------- -------    ------- -------    ------- -------    ----
   1 ?    0.7   0.0        16        39      23      34 ..      27      38 ..      19      42 .. 0.86

  Alignments for each domain:
  == domain 1  score: 0.7 bits;  conditional E-value: 16
                      gvpk 23 ltvvEllrelle 34
                              +++v+ll++ll 
  nat_b23dc8f37bc936f98c91 27 IALVDLLDRLLG 38
                              699****99986 PP

>> nat_5a717df99d67fd784241  
   #    score  bias  c-Evalue  i-Evalue hmmfrom  hmm to    alifrom  ali to    envfrom  env to     acc
 ---   ------ ----- --------- --------- ------- -------    ------- -------    ------- -------    ----
   1 ?    1.1   2.4        12        28      52      77 ..      44      70 ..       4      82 .. 0.51

  Alignments for each domain:
  == domain 1  score: 1.1 bits;  conditional E-value: 12
                      gvpk 52 erLGt.almaleealeelkeefgleae 77
                               +LG+   ++ e++ eel++e  l +e
  nat_5a717df99d67fd784241 44 YELGQrSTAEYEARREELEAELALAKE 70
                              345553444555555555555555444 PP

>> nat_0ae199fc6d044a2da135  
   #    score  bias  c-Evalue  i-Evalue hmmfrom  hmm to    alifrom  ali to    envfrom  env to     acc
 ---   ------ ----- --------- --------- ------- -------    ------- -------    ------- -------    ----
   1 ?    0.8   0.2        15        36      76      90 ..      67      81 ..      37      94 .. 0.60

  Alignments for each domain:
  == domain 1  score: 0.8 bits;  conditional E-value: 15
                      gvpk 76 aedlnldlgpLgklv 90
                              ++ ++ dl++L +l 
  nat_0ae199fc6d044a2da135 67 QATAEGDLDDLEELE 81
                              222222233444444 PP

>> nat_2e5af0d60bf3d90fabb5  
   [No individual domains that satisfy reporting thresholds (although complete target did)]

>> nat_0d9cf3fa4290fec6ca54  
   #    score  bias  c-Evalue  i-Evalue hmmfrom  hmm to    alifrom  ali to    envfrom  env to     acc
 ---   ------ ----- --------- --------- ------- -------    ------- -------    ------- -------    ----
   1 ?    0.5   0.2        18        44      23      33 ..      22      32 ..      17      43 .. 0.87

  Alignments for each domain:
  == domain 1  score: 0.5 bits;  conditional E-value: 18
                      gvpk 23 ltvvEllrell 33
                              +++v+ll++ll
  nat_0d9cf3fa4290fec6ca54 22 VALVDLLDRLL 32
                              89999999998 PP

>> nat_75679c0d4db585656573  
   #    score  bias  c-Evalue  i-Evalue hmmfrom  hmm to    alifrom  ali to    envfrom  env to     acc
 ---   ------ ----- --------- --------- ------- -------    ------- -------    ------- -------    ----
   1 ?    0.9   0.1        14        32      22      52 ..      48      80 ..      35      87 .. 0.62

  Alignments for each domain:
  == domain 1  score: 0.9 bits;  conditional E-value: 14
                      gvpk 22 vltvvEllrellerqA.lrRv.esgdLtdeeie 52
                              v++ v+      e+ A ++R+  +gdL++ e+e
  nat_75679c0d4db585656573 48 VVASVDTFLHYAEEIAkIERAtAEGDLEELEVE 80
                              555555433333333325554146788887777 PP

>> nat_64b87c36790fe3acd4ba  
   #    score  bias  c-Evalue  i-Evalue hmmfrom  hmm to    alifrom  ali to    envfrom  env to     acc
 ---   ------ ----- --------- --------- ------- -------    ------- -------    ------- -------    ----
   1 ?    1.0   0.3        13        31      76      91 ..      66      81 ..      35      93 .. 0.61

  Alignments for each domain:
  == domain 1  score: 1.0 bits;  conditional E-value: 13
                      gvpk 76 aedlnldlgpLgklvv 91
                              ++ ++ dl++L +l +
  nat_64b87c36790fe3acd4ba 66 QATAEGDLEDLEELEI 81
                              2222223444444433 PP

>> nat_de4f0d0b434811184abb  
   #    score  bias  c-Evalue  i-Evalue hmmfrom  hmm to    alifrom  ali to    envfrom  env to     acc
 ---   ------ ----- --------- --------- ------- -------    ------- -------    ------- -------    ----
   1 ?    0.6   0.0        17        40      26      40 ..      61      75 ..      58      83 .. 0.66

  Alignments for each domain:
  == domain 1  score: 0.6 bits;  conditional E-value: 17
                      gvpk 26 vEllrellerqAlrR 40
                              v llr+ +e+++l  
  nat_de4f0d0b434811184abb 61 VGLLRDDVEEESLPQ 75
                              567777777776654 PP

>> nat_cce2f3d132dd4e662b2d  
   #    score  bias  c-Evalue  i-Evalue hmmfrom  hmm to    alifrom  ali to    envfrom  env to     acc
 ---   ------ ----- --------- --------- ------- -------    ------- -------    ------- -------    ----
   1 ?    0.9   0.2        14        33      58      89 ..      27      57 ..      17      80 .. 0.53

  Alignments for each domain:
  == domain 1  score: 0.9 bits;  conditional E-value: 14
                      gvpk 58 lmaleealeelkeefgleaedlnldlgpLgkl 89
                              l +l++ le+ ++++   a +  l+   + +l
  nat_cce2f3d132dd4e662b2d 27 LVRLKQDLEQFRARQAGAAVVGTLQ-ARIREL 57
                              5666666666666655544444444.333333 PP

>> nat_7b0f7b8528d5bb85e97b  
   #    score  bias  c-Evalue  i-Evalue hmmfrom  hmm to    alifrom  ali to    envfrom  env to     acc
 ---   ------ ----- --------- --------- ------- -------    ------- -------    ------- -------    ----
   1 ?    0.9   1.1        14        34      69      90 ..       5      25 ..       1      64 [. 0.52

  Alignments for each domain:
  == domain 1  score: 0.9 bits;  conditional E-value: 14
                      gvpk 69 keefgleaedlnldlgpLgklv 90
                               ++++++ae + l+ +   +l+
  nat_7b0f7b8528d5bb85e97b  5 DDHRQMDAEAEHLRQRR-RDLL 25
                              45555555555554222.2222 PP

>> nat_2f81ae5a8efef14f8a07  
   #    score  bias  c-Evalue  i-Evalue hmmfrom  hmm to    alifrom  ali to    envfrom  env to     acc
 ---   ------ ----- --------- --------- ------- -------    ------- -------    ------- -------    ----
   1 ?    0.4   1.1        19        46      85      85 ..      45      45 ..      15      77 .. 0.48

  Alignments for each domain:
  == domain 1  score: 0.4 bits;  conditional E-value: 19
                      gvpk 85 p 85
                              +
  nat_2f81ae5a8efef14f8a07 45 E 45
                              2 PP

>> nat_248d1b2257a26e3431e4  
   #    score  bias  c-Evalue  i-Evalue hmmfrom  hmm to    alifrom  ali to    envfrom  env to     acc
 ---   ------ ----- --------- --------- ------- -------    ------- -------    ------- -------    ----
   1 ?    1.0   0.3        13        30      23      33 ..      16      26 ..       7      39 .. 0.88

  Alignments for each domain:
  == domain 1  score: 1.0 bits;  conditional E-value: 13
                      gvpk 23 ltvvEllrell 33
                              +++v+ll++ll
  nat_248d1b2257a26e3431e4 16 VALVDLLDRLL 26
                              89999999998 PP

>> nat_5a737a64d401db430800  
   #    score  bias  c-Evalue  i-Evalue hmmfrom  hmm to    alifrom  ali to    envfrom  env to     acc
 ---   ------ ----- --------- --------- ------- -------    ------- -------    ------- -------    ----
   1 ?    1.0   0.8        13        31      84      90 ..      44      50 ..      16      80 .. 0.50

  Alignments for each domain:
  == domain 1  score: 1.0 bits;  conditional E-value: 13
                      gvpk 84 gpLgklv 90
                               +Lg+  
  nat_5a737a64d401db430800 44 YELGERP 50
                              3333333 PP

>> nat_8461ba422af788cc84f8  
   #    score  bias  c-Evalue  i-Evalue hmmfrom  hmm to    alifrom  ali to    envfrom  env to     acc
 ---   ------ ----- --------- --------- ------- -------    ------- -------    ------- -------    ----
   1 ?    0.3   0.1        22        53      17      33 ..       5      21 ..       2      32 .. 0.75

  Alignments for each domain:
  == domain 1  score: 0.3 bits;  conditional E-value: 22
                      gvpk 17 gLlaLvltvvEllrell 33
                              gL a  l +v+ll++ll
  nat_8461ba422af788cc84f8  5 GLPAERLSLVDLLDRLL 21
                              55555678899998887 PP

>> nat_4d804d42d3d08ccd0ad2  
   #    score  bias  c-Evalue  i-Evalue hmmfrom  hmm to    alifrom  ali to    envfrom  env to     acc
 ---   ------ ----- --------- --------- ------- -------    ------- -------    ------- -------    ----
   1 ?    0.6   0.0        17        41      26      40 ..      61      75 ..      59      83 .. 0.65

  Alignments for each domain:
  == domain 1  score: 0.6 bits;  conditional E-value: 17
                      gvpk 26 vEllrellerqAlrR 40
                              v llr+ +e+++l  
  nat_4d804d42d3d08ccd0ad2 61 VGLLRDDVEEESLPQ 75
                              557777777776654 PP

>> nat_00058845722df3ede422  
   #    score  bias  c-Evalue  i-Evalue hmmfrom  hmm to    alifrom  ali to    envfrom  env to     acc
 ---   ------ ----- --------- --------- ------- -------    ------- -------    ------- -------    ----
   1 ?    1.0   0.3        13        31      76      91 ..      66      81 ..      35      93 .. 0.61

  Alignments for each domain:
  == domain 1  score: 1.0 bits;  conditional E-value: 13
                      gvpk 76 aedlnldlgpLgklvv 91
                              ++ ++ dl++L +l +
  nat_00058845722df3ede422 66 QATAEGDLEDLEELEI 81
                              2222223444444433 PP

>> nat_d8886baa75cb39b8df27  
   #    score  bias  c-Evalue  i-Evalue hmmfrom  hmm to    alifrom  ali to    envfrom  env to     acc
 ---   ------ ----- --------- --------- ------- -------    ------- -------    ------- -------    ----
   1 ?    0.8   0.9        15        35      65      89 ..      24      49 ..      12      75 .. 0.57

  Alignments for each domain:
  == domain 1  score: 0.8 bits;  conditional E-value: 15
                      gvpk 65 leelkeefgleaedlnldl.gpLgkl 89
                              l+el + + le+e ++ +l  +Lg+ 
  nat_d8886baa75cb39b8df27 24 LQELYDVEALEDERKENRLlYELGER 49
                              55555566665555543332444443 PP

>> nat_729a9790a662e92ab379  
   #    score  bias  c-Evalue  i-Evalue hmmfrom  hmm to    alifrom  ali to    envfrom  env to     acc
 ---   ------ ----- --------- --------- ------- -------    ------- -------    ------- -------    ----
   1 ?    0.8   0.3        15        36      75      92 ..      67      84 ..      37      95 .. 0.62

  Alignments for each domain:
  == domain 1  score: 0.8 bits;  conditional E-value: 15
                      gvpk 75 eaedlnldlgpLgklvvd 92
                              e++ ++ dl++L +l v+
  nat_729a9790a662e92ab379 67 EQATAEGDLEDLEELEVE 84
                              233333334455555433 PP

>> nat_48f4fc548c0153a5775e  
   #    score  bias  c-Evalue  i-Evalue hmmfrom  hmm to    alifrom  ali to    envfrom  env to     acc
 ---   ------ ----- --------- --------- ------- -------    ------- -------    ------- -------    ----
   1 ?    1.0   0.2        13        31      75      93 ..      67      85 ..      38      96 .] 0.62

  Alignments for each domain:
  == domain 1  score: 1.0 bits;  conditional E-value: 13
                      gvpk 75 eaedlnldlgpLgklvvdk 93
                              e++ ++ dl++L +l v++
  nat_48f4fc548c0153a5775e 67 EQATAEGDLEDLEELEVEQ 85
                              3333333355555555433 PP

>> nat_6052e825ac2d82997ce0  
   #    score  bias  c-Evalue  i-Evalue hmmfrom  hmm to    alifrom  ali to    envfrom  env to     acc
 ---   ------ ----- --------- --------- ------- -------    ------- -------    ------- -------    ----
   1 ?    0.7   0.2        16        38      20      34 ..      37      51 ..      26      61 .. 0.80

  Alignments for each domain:
  == domain 1  score: 0.7 bits;  conditional E-value: 16
                      gvpk 20 aLvltvvEllrelle 34
                              +  + +v+ll++ll 
  nat_6052e825ac2d82997ce0 37 GREVSLVDLLDRLLG 51
                              567899999999986 PP

>> nat_74c75a9811d827201939  
   [No individual domains that satisfy reporting thresholds (although complete target did)]

>> nat_14bf89de72ffebc8daf2  
   #    score  bias  c-Evalue  i-Evalue hmmfrom  hmm to    alifrom  ali to    envfrom  env to     acc
 ---   ------ ----- --------- --------- ------- -------    ------- -------    ------- -------    ----
   1 ?    0.6   0.2        18        43      58      79 ..     156     177 ..     126     211 .. 0.65

  Alignments for each domain:
  == domain 1  score: 0.6 bits;  conditional E-value: 18
                      gvpk  58 lmaleealeelkeefgleaedl 79 
                                +a +++l+el++e +  +e +
  nat_14bf89de72ffebc8daf2 156 VAAADDELAELQAEIDAADEGT 177
                               4455556666666555555544 PP

>> nat_868cd976b7dd6f5d055d  
   #    score  bias  c-Evalue  i-Evalue hmmfrom  hmm to    alifrom  ali to    envfrom  env to     acc
 ---   ------ ----- --------- --------- ------- -------    ------- -------    ------- -------    ----
   1 ?    0.4   0.4        20        48      55      55 ..      47      47 ..      21      78 .. 0.49

  Alignments for each domain:
  == domain 1  score: 0.4 bits;  conditional E-value: 20
                      gvpk 55 G 55
                              G
  nat_868cd976b7dd6f5d055d 47 G 47
                              1 PP

>> nat_598bde578495fbb688ee  
   #    score  bias  c-Evalue  i-Evalue hmmfrom  hmm to    alifrom  ali to    envfrom  env to     acc
 ---   ------ ----- --------- --------- ------- -------    ------- -------    ------- -------    ----
   1 ?    0.3   0.0        21        50      51      68 ..     191     208 ..     173     253 .. 0.73

  Alignments for each domain:
  == domain 1  score: 0.3 bits;  conditional E-value: 21
                      gvpk  51 ierLGtalmaleealeel 68 
                               +  L ++l  l e++eel
  nat_598bde578495fbb688ee 191 VTALVDRLDPLVERMEEL 208
                               444444555555555555 PP

>> nat_334d7739f0f8b9783b70  
   [No individual domains that satisfy reporting thresholds (although complete target did)]

>> nat_32fdbf8eba6ab6b512a2  
   [No individual domains that satisfy reporting thresholds (although complete target did)]

>> nat_a283f318c6308a294b6d  
   #    score  bias  c-Evalue  i-Evalue hmmfrom  hmm to    alifrom  ali to    envfrom  env to     acc
 ---   ------ ----- --------- --------- ------- -------    ------- -------    ------- -------    ----
   1 ?    0.4   0.2        19        46      23      35 ..      11      23 ..       3      28 .. 0.83

  Alignments for each domain:
  == domain 1  score: 0.4 bits;  conditional E-value: 19
                      gvpk 23 ltvvEllreller 35
                              +t+v++l+ +l++
  nat_a283f318c6308a294b6d 11 VTLVDVLDTVLDK 23
                              8999999998875 PP

>> nat_f463633620130e740645  
   #    score  bias  c-Evalue  i-Evalue hmmfrom  hmm to    alifrom  ali to    envfrom  env to     acc
 ---   ------ ----- --------- --------- ------- -------    ------- -------    ------- -------    ----
   1 ?    0.9   1.0        14        33      84      87 ..      44      47 ..      15      81 .. 0.50

  Alignments for each domain:
  == domain 1  score: 0.9 bits;  conditional E-value: 14
                      gvpk 84 gpLg 87
                               +Lg
  nat_f463633620130e740645 44 YELG 47
                              2222 PP

>> nat_4329fc20815a3de16628  
   #    score  bias  c-Evalue  i-Evalue hmmfrom  hmm to    alifrom  ali to    envfrom  env to     acc
 ---   ------ ----- --------- --------- ------- -------    ------- -------    ------- -------    ----
   1 ?    1.3   0.2        10        24      22      49 ..      49      75 ..      34      82 .. 0.54

  Alignments for each domain:
  == domain 1  score: 1.3 bits;  conditional E-value: 10
                      gvpk 22 vltvvEllrellerqAlrRvesgdLtde 49
                               ++ vE l e  +r++ +++ s +L++e
  nat_4329fc20815a3de16628 49 LIASVETLIEQ-DRETAEKLSSKELDRE 75
                              44444433332.3444444444444433 PP

>> nat_fcb4fd2861d20deea778  
   [No individual domains that satisfy reporting thresholds (although complete target did)]

>> nat_1ad342624de277274295  
   #    score  bias  c-Evalue  i-Evalue hmmfrom  hmm to    alifrom  ali to    envfrom  env to     acc
 ---   ------ ----- --------- --------- ------- -------    ------- -------    ------- -------    ----
   1 ?    0.4   0.4        20        47      63      72 ..      80      89 ..      63     137 .. 0.44

  Alignments for each domain:
  == domain 1  score: 0.4 bits;  conditional E-value: 20
                      gvpk 63 ealeelkeef 72
                              + l el ++ 
  nat_1ad342624de277274295 80 RGLPELVDDL 89
                              3333333333 PP

>> nat_d3b471aebb2636ab3f7c  
   #    score  bias  c-Evalue  i-Evalue hmmfrom  hmm to    alifrom  ali to    envfrom  env to     acc
 ---   ------ ----- --------- --------- ------- -------    ------- -------    ------- -------    ----
   1 ?    0.7   2.9        16        39      66      94 ..      25      54 ..      16      81 .. 0.50

  Alignments for each domain:
  == domain 1  score: 0.7 bits;  conditional E-value: 16
                      gvpk 66 eelkeefgleaedl.nldlgpLgklvvdkv 94
                              +el + +gle+e + n  l +Lg+   ++ 
  nat_d3b471aebb2636ab3f7c 25 DELYDLEGLEDELKeNQLLYELGERSEEEY 54
                              555555555555442222344444441111 PP

>> nat_4cea385a8794a0b112c3  
   #    score  bias  c-Evalue  i-Evalue hmmfrom  hmm to    alifrom  ali to    envfrom  env to     acc
 ---   ------ ----- --------- --------- ------- -------    ------- -------    ------- -------    ----
   1 ?    0.7   0.2        16        39      74      90 ..      64      80 ..      35      93 .. 0.62

  Alignments for each domain:
  == domain 1  score: 0.7 bits;  conditional E-value: 16
                      gvpk 74 leaedlnldlgpLgklv 90
                              +e+++++ dl++L +l 
  nat_4cea385a8794a0b112c3 64 IEQASAEGDLEELEELK 80
                              33333333344444444 PP

>> nat_88718dd3cb77e8c5a330  
   #    score  bias  c-Evalue  i-Evalue hmmfrom  hmm to    alifrom  ali to    envfrom  env to     acc
 ---   ------ ----- --------- --------- ------- -------    ------- -------    ------- -------    ----
   1 ?    0.8   0.9        15        35      61      74 ..      54      67 ..      15      82 .. 0.57

  Alignments for each domain:
  == domain 1  score: 0.8 bits;  conditional E-value: 15
                      gvpk 61 leealeelkeefgl 74
                               +e+ +el+e+ ++
  nat_88718dd3cb77e8c5a330 54 YRERKAELEEKLDV 67
                              23333344444444 PP

>> nat_04929645ec641fea858e  
   [No individual domains that satisfy reporting thresholds (although complete target did)]

>> nat_8389675bf7368457eedd  
   #    score  bias  c-Evalue  i-Evalue hmmfrom  hmm to    alifrom  ali to    envfrom  env to     acc
 ---   ------ ----- --------- --------- ------- -------    ------- -------    ------- -------    ----
   1 ?    0.1   0.1        24        58      52      71 ..     237     256 ..     228     301 .. 0.74

  Alignments for each domain:
  == domain 1  score: 0.1 bits;  conditional E-value: 24
                      gvpk  52 erLGtalmaleealeelkee 71 
                                rLG+al+a e + + l+++
  nat_8389675bf7368457eedd 237 MRLGQALAAAEIRGKALRRA 256
                               58999999999888888765 PP

>> nat_62c37e3a1f946926bc78  
   #    score  bias  c-Evalue  i-Evalue hmmfrom  hmm to    alifrom  ali to    envfrom  env to     acc
 ---   ------ ----- --------- --------- ------- -------    ------- -------    ------- -------    ----
   1 ?    0.6   0.1        17        41      23      33 ..      25      35 ..       5      39 .. 0.84

  Alignments for each domain:
  == domain 1  score: 0.6 bits;  conditional E-value: 17
                      gvpk 23 ltvvEllrell 33
                              +++v+ll++ll
  nat_62c37e3a1f946926bc78 25 IALVDLLDRLL 35
                              68899998887 PP

>> nat_64863b5b8a6b08db9fd7  
   #    score  bias  c-Evalue  i-Evalue hmmfrom  hmm to    alifrom  ali to    envfrom  env to     acc
 ---   ------ ----- --------- --------- ------- -------    ------- -------    ------- -------    ----
   1 ?    0.1   0.2        25        59      80      92 ..      71      83 ..      56      93 .. 0.52

  Alignments for each domain:
  == domain 1  score: 0.1 bits;  conditional E-value: 25
                      gvpk 80 nldlgpLgklvvd 92
                              + dl++L +l ++
  nat_64863b5b8a6b08db9fd7 71 DGDLEDLEELEIE 83
                              2333344444333 PP

>> nat_b9a3d3a346b0bcc296b5  
   #    score  bias  c-Evalue  i-Evalue hmmfrom  hmm to    alifrom  ali to    envfrom  env to     acc
 ---   ------ ----- --------- --------- ------- -------    ------- -------    ------- -------    ----
   1 ?    0.8   0.5        15        35      56      56 ..      48      48 ..      14      81 .. 0.53

  Alignments for each domain:
  == domain 1  score: 0.8 bits;  conditional E-value: 15
                      gvpk 56 t 56
                              +
  nat_b9a3d3a346b0bcc296b5 48 E 48
                              1 PP

>> nat_f49fe3672d6fdfda7cc7  
   #    score  bias  c-Evalue  i-Evalue hmmfrom  hmm to    alifrom  ali to    envfrom  env to     acc
 ---   ------ ----- --------- --------- ------- -------    ------- -------    ------- -------    ----
   1 ?    0.4   0.3        20        48      39      89 ..      66      80 ..      44      92 .. 0.50

  Alignments for each domain:
  == domain 1  score: 0.4 bits;  conditional E-value: 20
                      gvpk 39 rRves.gdLtdeeierLGtalmaleealeelkeefgleaedlnldlgpLgkl 89
                              +R++s gdL+                                     +L +l
  nat_f49fe3672d6fdfda7cc7 66 ERATSeGDLE-------------------------------------DLEEL 80
                              3332212222.....................................22222 PP

>> nat_0145b7d0415b25474bf7  
   #    score  bias  c-Evalue  i-Evalue hmmfrom  hmm to    alifrom  ali to    envfrom  env to     acc
 ---   ------ ----- --------- --------- ------- -------    ------- -------    ------- -------    ----
   1 ?    0.7   0.2        16        39      74      91 ..      65      82 ..      36      94 .. 0.63

  Alignments for each domain:
  == domain 1  score: 0.7 bits;  conditional E-value: 16
                      gvpk 74 leaedlnldlgpLgklvv 91
                              le++ ++ dl++L +l v
  nat_0145b7d0415b25474bf7 65 LEKATADGDLEDLEELEV 82
                              333334444445555443 PP

>> nat_a8908cb0d732ddf5c6d4  
   #    score  bias  c-Evalue  i-Evalue hmmfrom  hmm to    alifrom  ali to    envfrom  env to     acc
 ---   ------ ----- --------- --------- ------- -------    ------- -------    ------- -------    ----
   1 ?    1.0   0.2        13        31      75      93 ..      67      85 ..      38      96 .] 0.62

  Alignments for each domain:
  == domain 1  score: 1.0 bits;  conditional E-value: 13
                      gvpk 75 eaedlnldlgpLgklvvdk 93
                              e++ ++ dl++L +l v++
  nat_a8908cb0d732ddf5c6d4 67 EQATAEGDLEDLEELEVEQ 85
                              3333333355555555433 PP

>> nat_74988e137075760b96c3  
   [No individual domains that satisfy reporting thresholds (although complete target did)]

>> nat_db12f4452278c4bf469c  
   #    score  bias  c-Evalue  i-Evalue hmmfrom  hmm to    alifrom  ali to    envfrom  env to     acc
 ---   ------ ----- --------- --------- ------- -------    ------- -------    ------- -------    ----
   1 ?    0.2   0.1        23        55      52      70 ..      89     107 ..      75     114 .. 0.56

  Alignments for each domain:
  == domain 1  score: 0.2 bits;  conditional E-value: 23
                      gvpk  52 erLGtalmaleealeelke 70 
                               ++L    ++l+ +le l++
  nat_db12f4452278c4bf469c  89 DQLQAENRELRSRLEALER 107
                               3344444444444444444 PP

>> nat_5862b03f358ba80678c2  
   #    score  bias  c-Evalue  i-Evalue hmmfrom  hmm to    alifrom  ali to    envfrom  env to     acc
 ---   ------ ----- --------- --------- ------- -------    ------- -------    ------- -------    ----
   1 ?    0.7   2.0        16        38      53      71 ..      45      64 ..      15      81 .. 0.46

  Alignments for each domain:
  == domain 1  score: 0.7 bits;  conditional E-value: 16
                      gvpk 53 rLGt.almaleealeelkee 71
                              +LG+   ++ +++ +el+ee
  nat_5862b03f358ba80678c2 45 ELGErSEAEYQRRKAELEEE 64
                              23321222233333333333 PP

>> nat_7ee1d64f80049d71603c  
   #    score  bias  c-Evalue  i-Evalue hmmfrom  hmm to    alifrom  ali to    envfrom  env to     acc
 ---   ------ ----- --------- --------- ------- -------    ------- -------    ------- -------    ----
   1 ?    0.5   0.2        19        45      72      91 ..      66      82 ..      43      94 .. 0.57

  Alignments for each domain:
  == domain 1  score: 0.5 bits;  conditional E-value: 19
                      gvpk 72 fgleaedlnldlgpLgklvv 91
                              ++ +ae +   l++L +l v
  nat_7ee1d64f80049d71603c 66 EQATAEGE---LEDLEQLEV 82
                              33332222...444444443 PP

>> nat_78005b3dddedd0251b7e  
   #    score  bias  c-Evalue  i-Evalue hmmfrom  hmm to    alifrom  ali to    envfrom  env to     acc
 ---   ------ ----- --------- --------- ------- -------    ------- -------    ------- -------    ----
   1 ?    0.3   0.2        22        52      79      90 ..      70      81 ..      49      94 .. 0.54

  Alignments for each domain:
  == domain 1  score: 0.3 bits;  conditional E-value: 22
                      gvpk 79 lnldlgpLgklv 90
                              ++ dl++L +l 
  nat_78005b3dddedd0251b7e 70 AEGDLEELEELE 81
                              222233444433 PP

>> nat_af29a9c134c8c13c12cf  
   #    score  bias  c-Evalue  i-Evalue hmmfrom  hmm to    alifrom  ali to    envfrom  env to     acc
 ---   ------ ----- --------- --------- ------- -------    ------- -------    ------- -------    ----
   1 ?    0.8   1.5        15        37      53      68 ..      45      61 ..      16      81 .. 0.47

  Alignments for each domain:
  == domain 1  score: 0.8 bits;  conditional E-value: 15
                      gvpk 53 rLGt.almaleealeel 68
                              +LG+   ++ +++ eel
  nat_af29a9c134c8c13c12cf 45 ELGErSEAEYQRRKEEL 61
                              22221222223333333 PP

>> nat_22b97f35b905826c7d19  
   #    score  bias  c-Evalue  i-Evalue hmmfrom  hmm to    alifrom  ali to    envfrom  env to     acc
 ---   ------ ----- --------- --------- ------- -------    ------- -------    ------- -------    ----
   1 ?    0.5   1.8        19        45      84      90 ..      44      50 ..      15      73 .. 0.43

  Alignments for each domain:
  == domain 1  score: 0.5 bits;  conditional E-value: 19
                      gvpk 84 gpLgklv 90
                               +Lg+  
  nat_22b97f35b905826c7d19 44 YELGERS 50
                              3333333 PP

>> nat_00dad4d9eb9c6aee9740  
   #    score  bias  c-Evalue  i-Evalue hmmfrom  hmm to    alifrom  ali to    envfrom  env to     acc
 ---   ------ ----- --------- --------- ------- -------    ------- -------    ------- -------    ----
   1 ?    0.7   0.3        16        39      57      79 ..      44      66 ..      15      99 .. 0.63

  Alignments for each domain:
  == domain 1  score: 0.7 bits;  conditional E-value: 16
                      gvpk 57 almaleealeelkeefgleaedl 79
                              +l++l++ le+ + ++   a + 
  nat_00dad4d9eb9c6aee9740 44 QLLRLKQDLEQFRSRQAGAAVVG 66
                              45566666666665554444444 PP

>> nat_9fda348180c612303cdb  
   #    score  bias  c-Evalue  i-Evalue hmmfrom  hmm to    alifrom  ali to    envfrom  env to     acc
 ---   ------ ----- --------- --------- ------- -------    ------- -------    ------- -------    ----
   1 ?    0.5   0.2        18        44      80      89 ..      71      80 ..      37      94 .. 0.58

  Alignments for each domain:
  == domain 1  score: 0.5 bits;  conditional E-value: 18
                      gvpk 80 nldlgpLgkl 89
                              + dl++L +l
  nat_9fda348180c612303cdb 71 EGDLDELEEL 80
                              1122233333 PP

>> nat_8d29ff35edf68fc809de  
   #    score  bias  c-Evalue  i-Evalue hmmfrom  hmm to    alifrom  ali to    envfrom  env to     acc
 ---   ------ ----- --------- --------- ------- -------    ------- -------    ------- -------    ----
   1 ?    0.6   0.2        18        43      76      91 ..      67      82 ..      39      94 .. 0.57

  Alignments for each domain:
  == domain 1  score: 0.6 bits;  conditional E-value: 18
                      gvpk 76 aedlnldlgpLgklvv 91
                              +++ + dl++L +l +
  nat_8d29ff35edf68fc809de 67 RASSEGDLEDLEELEI 82
                              3333333344444433 PP

>> nat_2e67a9559a5d385089e1  
   [No individual domains that satisfy reporting thresholds (although complete target did)]

>> nat_fa2383cbfbff83286c61  
   #    score  bias  c-Evalue  i-Evalue hmmfrom  hmm to    alifrom  ali to    envfrom  env to     acc
 ---   ------ ----- --------- --------- ------- -------    ------- -------    ------- -------    ----
   1 ?    0.5   0.6        19        44      37      52 ..      68      83 ..      45      95 .. 0.57

  Alignments for each domain:
  == domain 1  score: 0.5 bits;  conditional E-value: 19
                      gvpk 37 AlrRvesgdLtdeeie 52
                              A    + ++L++ eie
  nat_fa2383cbfbff83286c61 68 ATAEGDLEELEELEIE 83
                              2222222333333333 PP

>> nat_4d4e00d31d935ed0527d  
   #    score  bias  c-Evalue  i-Evalue hmmfrom  hmm to    alifrom  ali to    envfrom  env to     acc
 ---   ------ ----- --------- --------- ------- -------    ------- -------    ------- -------    ----
   1 ?    0.5   0.2        18        43      76      90 ..      67      81 ..      39      94 .. 0.57

  Alignments for each domain:
  == domain 1  score: 0.5 bits;  conditional E-value: 18
                      gvpk 76 aedlnldlgpLgklv 90
                              +++ + dl++L +l 
  nat_4d4e00d31d935ed0527d 67 RASSEGDLEDLEELE 81
                              333333334444443 PP

>> nat_b7b637f34ee70e87224a  
   #    score  bias  c-Evalue  i-Evalue hmmfrom  hmm to    alifrom  ali to    envfrom  env to     acc
 ---   ------ ----- --------- --------- ------- -------    ------- -------    ------- -------    ----
   1 ?    0.4   0.9        20        48      55      56 ..      47      48 ..      21      80 .. 0.45

  Alignments for each domain:
  == domain 1  score: 0.4 bits;  conditional E-value: 20
                      gvpk 55 Gt 56
                              G+
  nat_b7b637f34ee70e87224a 47 GE 48
                              22 PP

>> nat_a49cfe7d33cec22c3905  
   #    score  bias  c-Evalue  i-Evalue hmmfrom  hmm to    alifrom  ali to    envfrom  env to     acc
 ---   ------ ----- --------- --------- ------- -------    ------- -------    ------- -------    ----
   1 ?    0.5   0.4        18        43      78      90 ..      69      81 ..      36      94 .. 0.60

  Alignments for each domain:
  == domain 1  score: 0.5 bits;  conditional E-value: 18
                      gvpk 78 dlnldlgpLgklv 90
                               ++ dl++L +l 
  nat_a49cfe7d33cec22c3905 69 TAEGDLEELEELE 81
                              2222233333333 PP

>> nat_320fa412f1f1ad675d12  
   #    score  bias  c-Evalue  i-Evalue hmmfrom  hmm to    alifrom  ali to    envfrom  env to     acc
 ---   ------ ----- --------- --------- ------- -------    ------- -------    ------- -------    ----
   1 ?    0.4   0.0        20        47      75      87 ..      64      76 ..      32      86 .. 0.63

  Alignments for each domain:
  == domain 1  score: 0.4 bits;  conditional E-value: 20
                      gvpk 75 eaedlnldlgpLg 87
                              e+++++ dl++L 
  nat_320fa412f1f1ad675d12 64 EQAEEEGDLDDLE 76
                              3333333333333 PP

>> nat_63e94d96149b61e3547f  
   #    score  bias  c-Evalue  i-Evalue hmmfrom  hmm to    alifrom  ali to    envfrom  env to     acc
 ---   ------ ----- --------- --------- ------- -------    ------- -------    ------- -------    ----
   1 ?    0.4   0.0        20        47      75      87 ..      64      76 ..      32      86 .. 0.63

  Alignments for each domain:
  == domain 1  score: 0.4 bits;  conditional E-value: 20
                      gvpk 75 eaedlnldlgpLg 87
                              e+++++ dl++L 
  nat_63e94d96149b61e3547f 64 EQAEEEGDLDDLE 76
                              3333333333333 PP

>> nat_acb38079c01f07d0de6f  
   #    score  bias  c-Evalue  i-Evalue hmmfrom  hmm to    alifrom  ali to    envfrom  env to     acc
 ---   ------ ----- --------- --------- ------- -------    ------- -------    ------- -------    ----
   1 ?    0.5   0.1        19        45      80      89 ..      71      77 ..      36      94 .. 0.59

  Alignments for each domain:
  == domain 1  score: 0.5 bits;  conditional E-value: 19
                      gvpk 80 nldlgpLgkl 89
                              +   g+L++l
  nat_acb38079c01f07d0de6f 71 E---GDLDEL 77
                              1...222222 PP

>> nat_004ac783975534947324  
   #    score  bias  c-Evalue  i-Evalue hmmfrom  hmm to    alifrom  ali to    envfrom  env to     acc
 ---   ------ ----- --------- --------- ------- -------    ------- -------    ------- -------    ----
   1 ?    0.3   0.3        21        51      39      53 ..      66      84 ..      39      89 .. 0.55

  Alignments for each domain:
  == domain 1  score: 0.3 bits;  conditional E-value: 21
                      gvpk 39 rRvesg....dLtdeeier 53
                              +R++++    dL++ eier
  nat_004ac783975534947324 66 ERATAEgdleDLKELEIER 84
                              3333222222555555554 PP

>> nat_edc787924d6392f7c1f5  
   #    score  bias  c-Evalue  i-Evalue hmmfrom  hmm to    alifrom  ali to    envfrom  env to     acc
 ---   ------ ----- --------- --------- ------- -------    ------- -------    ------- -------    ----
   1 ?    0.6   0.5        18        43      80      89 ..      70      79 ..      36      93 .. 0.59

  Alignments for each domain:
  == domain 1  score: 0.6 bits;  conditional E-value: 18
                      gvpk 80 nldlgpLgkl 89
                              + dl++L +l
  nat_edc787924d6392f7c1f5 70 EGDLEELEEL 79
                              2222233332 PP

>> nat_46f1cb4a042a2dfc3559  
   #    score  bias  c-Evalue  i-Evalue hmmfrom  hmm to    alifrom  ali to    envfrom  env to     acc
 ---   ------ ----- --------- --------- ------- -------    ------- -------    ------- -------    ----
   1 ?    0.8   0.8        15        36      52      52 ..      55      55 ..      13      82 .. 0.53

  Alignments for each domain:
  == domain 1  score: 0.8 bits;  conditional E-value: 15
                      gvpk 52 e 52
                              e
  nat_46f1cb4a042a2dfc3559 55 E 55
                              1 PP

>> nat_c468502803b4ab5981f1  
   #    score  bias  c-Evalue  i-Evalue hmmfrom  hmm to    alifrom  ali to    envfrom  env to     acc
 ---   ------ ----- --------- --------- ------- -------    ------- -------    ------- -------    ----
   1 ?    0.1   0.1        25        60      75      90 ..      66      81 ..      49      94 .. 0.57

  Alignments for each domain:
  == domain 1  score: 0.1 bits;  conditional E-value: 25
                      gvpk 75 eaedlnldlgpLgklv 90
                              e++ ++ dl++L +l 
  nat_c468502803b4ab5981f1 66 EQATAEGDLEDLEELE 81
                              3333333355555554 PP

>> nat_823d96f8c4b516596394  
   [No individual domains that satisfy reporting thresholds (although complete target did)]

>> nat_1f956fdbc151f2ec0ffb  
   #    score  bias  c-Evalue  i-Evalue hmmfrom  hmm to    alifrom  ali to    envfrom  env to     acc
 ---   ------ ----- --------- --------- ------- -------    ------- -------    ------- -------    ----
   1 ?    0.1   0.1        25        59      75      90 ..      66      81 ..      49      94 .. 0.57

  Alignments for each domain:
  == domain 1  score: 0.1 bits;  conditional E-value: 25
                      gvpk 75 eaedlnldlgpLgklv 90
                              e++ ++ dl++L +l 
  nat_1f956fdbc151f2ec0ffb 66 EQATAEGDLEDLEELE 81
                              3333333355555554 PP

>> nat_935d7d0e66b4d7c7301a  
   #    score  bias  c-Evalue  i-Evalue hmmfrom  hmm to    alifrom  ali to    envfrom  env to     acc
 ---   ------ ----- --------- --------- ------- -------    ------- -------    ------- -------    ----
   1 ?    0.2   2.1        24        56      59      73 ..      52      66 ..      24      83 .. 0.48

  Alignments for each domain:
  == domain 1  score: 0.2 bits;  conditional E-value: 24
                      gvpk 59 maleealeelkeefg 73
                               + e++  el+ee +
  nat_935d7d0e66b4d7c7301a 52 SEYEQRRRELEEELE 66
                              233333333333333 PP

>> nat_bf5abb4d953e0d6aaa1f  
   #    score  bias  c-Evalue  i-Evalue hmmfrom  hmm to    alifrom  ali to    envfrom  env to     acc
 ---   ------ ----- --------- --------- ------- -------    ------- -------    ------- -------    ----
   1 ?    0.4   0.2        19        46      80      89 ..      71      77 ..      36      94 .. 0.59

  Alignments for each domain:
  == domain 1  score: 0.4 bits;  conditional E-value: 19
                      gvpk 80 nldlgpLgkl 89
                              +   g+L++l
  nat_bf5abb4d953e0d6aaa1f 71 E---GDLDEL 77
                              1...222222 PP

>> nat_c6080e51aceffe4e0a16  
   #    score  bias  c-Evalue  i-Evalue hmmfrom  hmm to    alifrom  ali to    envfrom  env to     acc
 ---   ------ ----- --------- --------- ------- -------    ------- -------    ------- -------    ----
   1 ?    0.2   0.1        22        53      44      67 ..      86     108 ..      76     113 .. 0.61

  Alignments for each domain:
  == domain 1  score: 0.2 bits;  conditional E-value: 22
                      gvpk  44 gdLtdeeierLGtalmaleealee 67 
                               + L  ee  rL  +l ale a ee
  nat_c6080e51aceffe4e0a16  86 DALA-EENARLRARLDALEGAAEE 108
                               4444.4455666666666666665 PP

>> nat_dc6aa26cbe06c32b68c2  
   #    score  bias  c-Evalue  i-Evalue hmmfrom  hmm to    alifrom  ali to    envfrom  env to     acc
 ---   ------ ----- --------- --------- ------- -------    ------- -------    ------- -------    ----
   1 ?    0.5   0.4        19        46      79      89 ..      70      80 ..      37      93 .. 0.59

  Alignments for each domain:
  == domain 1  score: 0.5 bits;  conditional E-value: 19
                      gvpk 79 lnldlgpLgkl 89
                              ++ dl++L +l
  nat_dc6aa26cbe06c32b68c2 70 AEGDLEELEEL 80
                              22223333333 PP

>> nat_02e0719c48b326139c30  
   #    score  bias  c-Evalue  i-Evalue hmmfrom  hmm to    alifrom  ali to    envfrom  env to     acc
 ---   ------ ----- --------- --------- ------- -------    ------- -------    ------- -------    ----
   1 ?    0.3   0.1        22        53      53      75 ..      77      99 ..      72     101 .] 0.77

  Alignments for each domain:
  == domain 1  score: 0.3 bits;  conditional E-value: 22
                      gvpk 53 rLGtalmaleealeelkeefgle 75
                              +L +a ++l+++++ l+++ g e
  nat_02e0719c48b326139c30 77 ELAQANADLRDRVAALERALGEE 99
                              67788888999999888887765 PP

>> nat_d5d6f3cedb33fb3328b6  
   #    score  bias  c-Evalue  i-Evalue hmmfrom  hmm to    alifrom  ali to    envfrom  env to     acc
 ---   ------ ----- --------- --------- ------- -------    ------- -------    ------- -------    ----
   1 ?    0.1   0.1        25        60      75      90 ..      66      81 ..      49      94 .. 0.57

  Alignments for each domain:
  == domain 1  score: 0.1 bits;  conditional E-value: 25
                      gvpk 75 eaedlnldlgpLgklv 90
                              e++ ++ dl++L +l 
  nat_d5d6f3cedb33fb3328b6 66 EQATAEGDLEDLEELE 81
                              3333333355555554 PP

>> nat_0927b476e8bc6daa04d9  
   [No individual domains that satisfy reporting thresholds (although complete target did)]

>> nat_b9de124a92fba0281b06  
   #    score  bias  c-Evalue  i-Evalue hmmfrom  hmm to    alifrom  ali to    envfrom  env to     acc
 ---   ------ ----- --------- --------- ------- -------    ------- -------    ------- -------    ----
   1 ?    0.6   0.1        17        40      80      89 ..      69      75 ..      31      92 .. 0.60

  Alignments for each domain:
  == domain 1  score: 0.6 bits;  conditional E-value: 17
                      gvpk 80 nldlgpLgkl 89
                              +   g+L++l
  nat_b9de124a92fba0281b06 69 E---GDLDEL 75
                              1...222222 PP

>> nat_9ba949b2aab9e2be6898  
   [No individual domains that satisfy reporting thresholds (although complete target did)]

>> nat_a36a3359d46f89a3e9c6  
   #    score  bias  c-Evalue  i-Evalue hmmfrom  hmm to    alifrom  ali to    envfrom  env to     acc
 ---   ------ ----- --------- --------- ------- -------    ------- -------    ------- -------    ----
   1 ?    0.5   0.1        18        43      80      89 ..      69      75 ..      34      92 .. 0.59

  Alignments for each domain:
  == domain 1  score: 0.5 bits;  conditional E-value: 18
                      gvpk 80 nldlgpLgkl 89
                              +   g+L++l
  nat_a36a3359d46f89a3e9c6 69 E---GDLDEL 75
                              1...222222 PP

>> nat_943ce15fb7773fa3a769  
   #    score  bias  c-Evalue  i-Evalue hmmfrom  hmm to    alifrom  ali to    envfrom  env to     acc
 ---   ------ ----- --------- --------- ------- -------    ------- -------    ------- -------    ----
   1 ?    0.4   0.3        20        47      38      90 ..      68      80 ..      38      93 .. 0.58

  Alignments for each domain:
  == domain 1  score: 0.4 bits;  conditional E-value: 20
                      gvpk 38 lrRvesgdLtdeeierLGtalmaleealeelkeefgleaedlnldlgpLgklv 90
                                  +                                        +++L +l 
  nat_943ce15fb7773fa3a769 68 TAEGD----------------------------------------IEDLEELE 80
                              22222........................................23333333 PP

>> nat_d190f67f4075b2e1dcdb  
   #    score  bias  c-Evalue  i-Evalue hmmfrom  hmm to    alifrom  ali to    envfrom  env to     acc
 ---   ------ ----- --------- --------- ------- -------    ------- -------    ------- -------    ----
   1 ?    0.5   3.4        19        44      45      69 ..      45      69 ..      10      81 .. 0.50

  Alignments for each domain:
  == domain 1  score: 0.5 bits;  conditional E-value: 19
                      gvpk 45 dLtdeeierLGtalmaleealeelk 69
                              +L +  +e  +++ ++lee+le  +
  nat_d190f67f4075b2e1dcdb 45 ELGERSEEAYERRRAELEEELEIAR 69
                              3333344444444444444444333 PP

>> nat_3ce8f60b99b21237414a  
   [No individual domains that satisfy reporting thresholds (although complete target did)]

>> nat_57d11d6b58e3b78591e1  
   #    score  bias  c-Evalue  i-Evalue hmmfrom  hmm to    alifrom  ali to    envfrom  env to     acc
 ---   ------ ----- --------- --------- ------- -------    ------- -------    ------- -------    ----
   1 ?    0.1   0.1        25        60      75      90 ..      67      82 ..      47      94 .. 0.58

  Alignments for each domain:
  == domain 1  score: 0.1 bits;  conditional E-value: 25
                      gvpk 75 eaedlnldlgpLgklv 90
                              e++ ++ dl++L +l 
  nat_57d11d6b58e3b78591e1 67 EQATAEGDLEDLEELE 82
                              2233333344555444 PP

>> nat_dad443e0412ef646de5e  
   #    score  bias  c-Evalue  i-Evalue hmmfrom  hmm to    alifrom  ali to    envfrom  env to     acc
 ---   ------ ----- --------- --------- ------- -------    ------- -------    ------- -------    ----
   1 ?    0.4   0.4        20        48      79      89 ..      71      81 ..      37      94 .. 0.59

  Alignments for each domain:
  == domain 1  score: 0.4 bits;  conditional E-value: 20
                      gvpk 79 lnldlgpLgkl 89
                              ++ dl++L +l
  nat_dad443e0412ef646de5e 71 AEGDLEELEEL 81
                              22223333333 PP

>> nat_4e9e86277af05dbd050d  
   #    score  bias  c-Evalue  i-Evalue hmmfrom  hmm to    alifrom  ali to    envfrom  env to     acc
 ---   ------ ----- --------- --------- ------- -------    ------- -------    ------- -------    ----
   1 ?    0.4   0.2        20        48      75      90 ..      65      80 ..      37      93 .. 0.61

  Alignments for each domain:
  == domain 1  score: 0.4 bits;  conditional E-value: 20
                      gvpk 75 eaedlnldlgpLgklv 90
                              e+++++ dl++L +l 
  nat_4e9e86277af05dbd050d 65 EQASAEGDLEELEELE 80
                              3333333344444443 PP

>> nat_168a7720be25950ce7a5  
   #    score  bias  c-Evalue  i-Evalue hmmfrom  hmm to    alifrom  ali to    envfrom  env to     acc
 ---   ------ ----- --------- --------- ------- -------    ------- -------    ------- -------    ----
   1 ?    0.3   0.1        21        51      84      89 ..      72      77 ..      39      93 .. 0.57

  Alignments for each domain:
  == domain 1  score: 0.3 bits;  conditional E-value: 21
                      gvpk 84 gpLgkl 89
                              g+L++l
  nat_168a7720be25950ce7a5 72 GDLDEL 77
                              222222 PP

>> nat_62bc5089576517d5fad1  
   #    score  bias  c-Evalue  i-Evalue hmmfrom  hmm to    alifrom  ali to    envfrom  env to     acc
 ---   ------ ----- --------- --------- ------- -------    ------- -------    ------- -------    ----
   1 ?    0.5   0.1        18        43      80      89 ..      69      75 ..      34      92 .. 0.59

  Alignments for each domain:
  == domain 1  score: 0.5 bits;  conditional E-value: 18
                      gvpk 80 nldlgpLgkl 89
                              +   g+L++l
  nat_62bc5089576517d5fad1 69 E---GDLDEL 75
                              1...222222 PP

>> nat_4f76b230eb60279eb5dd  
   #    score  bias  c-Evalue  i-Evalue hmmfrom  hmm to    alifrom  ali to    envfrom  env to     acc
 ---   ------ ----- --------- --------- ------- -------    ------- -------    ------- -------    ----
   1 ?    0.4   0.2        20        47      78      89 ..      69      80 ..      36      94 .. 0.60

  Alignments for each domain:
  == domain 1  score: 0.4 bits;  conditional E-value: 20
                      gvpk 78 dlnldlgpLgkl 89
                               ++ dl++L +l
  nat_4f76b230eb60279eb5dd 69 TAEGDLEELEEL 80
                              222223333333 PP

>> nat_ac5a4ab0595f93b85963  
   [No individual domains that satisfy reporting thresholds (although complete target did)]

>> nat_3e6bf91c590be6684eed  
   #    score  bias  c-Evalue  i-Evalue hmmfrom  hmm to    alifrom  ali to    envfrom  env to     acc
 ---   ------ ----- --------- --------- ------- -------    ------- -------    ------- -------    ----
   1 ?    0.4   0.2        20        49      84      89 ..      72      77 ..      36      93 .. 0.59

  Alignments for each domain:
  == domain 1  score: 0.4 bits;  conditional E-value: 20
                      gvpk 84 gpLgkl 89
                              g+L++l
  nat_3e6bf91c590be6684eed 72 GDLDEL 77
                              222222 PP

>> nat_6029afef37bd3dfb958b  
   [No individual domains that satisfy reporting thresholds (although complete target did)]

>> nat_c68280dd1cee4d2a5307  
   #    score  bias  c-Evalue  i-Evalue hmmfrom  hmm to    alifrom  ali to    envfrom  env to     acc
 ---   ------ ----- --------- --------- ------- -------    ------- -------    ------- -------    ----
   1 ?    0.7   0.2        16        38      85      85 ..      51      51 ..      10      86 .. 0.55

  Alignments for each domain:
  == domain 1  score: 0.7 bits;  conditional E-value: 16
                      gvpk 85 p 85
                               
  nat_c68280dd1cee4d2a5307 51 R 51
                              1 PP

>> nat_a97455c28a62de8f61f4  
   #    score  bias  c-Evalue  i-Evalue hmmfrom  hmm to    alifrom  ali to    envfrom  env to     acc
 ---   ------ ----- --------- --------- ------- -------    ------- -------    ------- -------    ----
   1 ?    0.0   0.1        26        63      26      43 ..      61      78 ..      55      83 .. 0.81

  Alignments for each domain:
  == domain 1  score: 0.0 bits;  conditional E-value: 26
                      gvpk 26 vEllrellerqAlrRves 43
                              v llr+   + Al+R e+
  nat_a97455c28a62de8f61f4 61 VGLLRDEAGEDALQRQEN 78
                              678888888888888776 PP

>> nat_d4bbfd09a62903f1dd61  
   #    score  bias  c-Evalue  i-Evalue hmmfrom  hmm to    alifrom  ali to    envfrom  env to     acc
 ---   ------ ----- --------- --------- ------- -------    ------- -------    ------- -------    ----
   1 ?    0.4   0.4        19        46      80      90 ..      70      80 ..      35      93 .. 0.59

  Alignments for each domain:
  == domain 1  score: 0.4 bits;  conditional E-value: 19
                      gvpk 80 nldlgpLgklv 90
                              + d+++L +l 
  nat_d4bbfd09a62903f1dd61 70 EGDIEDLEELE 80
                              22222333333 PP

>> nat_bda2bb5bb32dc7505031  
   [No individual domains that satisfy reporting thresholds (although complete target did)]

>> nat_131fa3fa79bf624713b7  
   #    score  bias  c-Evalue  i-Evalue hmmfrom  hmm to    alifrom  ali to    envfrom  env to     acc
 ---   ------ ----- --------- --------- ------- -------    ------- -------    ------- -------    ----
   1 ?    0.7   0.3        16        38      85      85 ..      45      45 ..      14      77 .. 0.54

  Alignments for each domain:
  == domain 1  score: 0.7 bits;  conditional E-value: 16
                      gvpk 85 p 85
                              +
  nat_131fa3fa79bf624713b7 45 E 45
                              1 PP

>> nat_13f4666837340d0e3697  
   #    score  bias  c-Evalue  i-Evalue hmmfrom  hmm to    alifrom  ali to    envfrom  env to     acc
 ---   ------ ----- --------- --------- ------- -------    ------- -------    ------- -------    ----
   1 ?    0.2   0.1        24        56      60      79 ..      30      49 ..      17      79 .. 0.67

  Alignments for each domain:
  == domain 1  score: 0.2 bits;  conditional E-value: 24
                      gvpk 60 aleealeelkeefgleaedl 79
                              + ++++e+l++++g ++++ 
  nat_13f4666837340d0e3697 30 RDDKEIERLERQNGARRQES 49
                              55566666666666665554 PP

>> nat_bf00fc1bb4a6bea076a5  
   #    score  bias  c-Evalue  i-Evalue hmmfrom  hmm to    alifrom  ali to    envfrom  env to     acc
 ---   ------ ----- --------- --------- ------- -------    ------- -------    ------- -------    ----
   1 ?    0.4   0.3        20        49      78      89 ..      69      80 ..      39      94 .. 0.59

  Alignments for each domain:
  == domain 1  score: 0.4 bits;  conditional E-value: 20
                      gvpk 78 dlnldlgpLgkl 89
                               ++ dl++L +l
  nat_bf00fc1bb4a6bea076a5 69 TAEGDLEELEEL 80
                              222223333333 PP

>> nat_cad1eb46349cc94da814  
   [No individual domains that satisfy reporting thresholds (although complete target did)]

>> nat_b14dbbd56a14a6238029  
   #    score  bias  c-Evalue  i-Evalue hmmfrom  hmm to    alifrom  ali to    envfrom  env to     acc
 ---   ------ ----- --------- --------- ------- -------    ------- -------    ------- -------    ----
   1 ?    0.0   0.5        26        62      81      90 ..      71      80 ..      53      92 .. 0.48

  Alignments for each domain:
  == domain 1  score: 0.0 bits;  conditional E-value: 26
                      gvpk 81 ldlgpLgklv 90
                               dl++L +l 
  nat_b14dbbd56a14a6238029 71 GDLEELEELE 80
                              1222222222 PP

>> nat_87d470267a8c16ab7df9  
   #    score  bias  c-Evalue  i-Evalue hmmfrom  hmm to    alifrom  ali to    envfrom  env to     acc
 ---   ------ ----- --------- --------- ------- -------    ------- -------    ------- -------    ----
   1 ?    0.5   0.1        19        44      80      89 ..      69      75 ..      32      91 .. 0.60

  Alignments for each domain:
  == domain 1  score: 0.5 bits;  conditional E-value: 19
                      gvpk 80 nldlgpLgkl 89
                              +   g+L++l
  nat_87d470267a8c16ab7df9 69 E---GDLDEL 75
                              1...222222 PP

>> nat_82e4660fb87f57daff30  
   #    score  bias  c-Evalue  i-Evalue hmmfrom  hmm to    alifrom  ali to    envfrom  env to     acc
 ---   ------ ----- --------- --------- ------- -------    ------- -------    ------- -------    ----
   1 ?    0.4   0.3        20        49      78      89 ..      69      80 ..      39      94 .. 0.59

  Alignments for each domain:
  == domain 1  score: 0.4 bits;  conditional E-value: 20
                      gvpk 78 dlnldlgpLgkl 89
                               ++ dl++L +l
  nat_82e4660fb87f57daff30 69 TAEGDLEELEEL 80
                              222223333333 PP

>> nat_370aa86e30267a3a072e  
   #    score  bias  c-Evalue  i-Evalue hmmfrom  hmm to    alifrom  ali to    envfrom  env to     acc
 ---   ------ ----- --------- --------- ------- -------    ------- -------    ------- -------    ----
   1 ?    0.1   0.7        25        59      80      94 ..      97     113 ..      64     137 .. 0.42

  Alignments for each domain:
  == domain 1  score: 0.1 bits;  conditional E-value: 25
                      gvpk  80 nldlgpLgklv...vdkv 94 
                               + + g L  +     +++
  nat_370aa86e30267a3a072e  97 KTR-GALEGVKekvSETF 113
                               333.33333333312333 PP

>> nat_4d722634e257d2a7d133  
   #    score  bias  c-Evalue  i-Evalue hmmfrom  hmm to    alifrom  ali to    envfrom  env to     acc
 ---   ------ ----- --------- --------- ------- -------    ------- -------    ------- -------    ----
   1 ?    0.5   0.2        18        43      80      89 ..      71      77 ..      33      94 .. 0.60

  Alignments for each domain:
  == domain 1  score: 0.5 bits;  conditional E-value: 18
                      gvpk 80 nldlgpLgkl 89
                              +   g+L++l
  nat_4d722634e257d2a7d133 71 E---GDLDEL 77
                              1...222222 PP

>> nat_36bb407811468e3b13d9  
   #    score  bias  c-Evalue  i-Evalue hmmfrom  hmm to    alifrom  ali to    envfrom  env to     acc
 ---   ------ ----- --------- --------- ------- -------    ------- -------    ------- -------    ----
   1 ?    0.0   0.1        26        62      75      93 ..      66      84 ..      48     100 .] 0.55

  Alignments for each domain:
  == domain 1  score: 0.0 bits;  conditional E-value: 26
                      gvpk 75 eaedlnldlgpLgklvvdk 93
                              e++  + dl+ L +l +++
  nat_36bb407811468e3b13d9 66 ERATSEGDLESLEELEIET 84
                              4444444445555554333 PP

>> nat_8c82fe5fea12885eaa10  
   [No individual domains that satisfy reporting thresholds (although complete target did)]

>> nat_fe2e069c7d192a9aa4be  
   #    score  bias  c-Evalue  i-Evalue hmmfrom  hmm to    alifrom  ali to    envfrom  env to     acc
 ---   ------ ----- --------- --------- ------- -------    ------- -------    ------- -------    ----
   1 ?    0.4   0.2        19        47      80      89 ..      69      75 ..      34      91 .. 0.59

  Alignments for each domain:
  == domain 1  score: 0.4 bits;  conditional E-value: 19
                      gvpk 80 nldlgpLgkl 89
                              +   g+L++l
  nat_fe2e069c7d192a9aa4be 69 E---GDLDEL 75
                              1...222222 PP

>> nat_c4902f96def6fb28eba2  
   [No individual domains that satisfy reporting thresholds (although complete target did)]

>> nat_2317929bd5b9bea26c5e  
   #    score  bias  c-Evalue  i-Evalue hmmfrom  hmm to    alifrom  ali to    envfrom  env to     acc
 ---   ------ ----- --------- --------- ------- -------    ------- -------    ------- -------    ----
   1 ?    0.7   2.0        16        39      44      61 ..      39      61 ..       4      82 .. 0.49

  Alignments for each domain:
  == domain 1  score: 0.7 bits;  conditional E-value: 16
                      gvpk 44 g.....dLtdeeierLGtalmal 61
                              +     +L +  +e+ +++ ++l
  nat_2317929bd5b9bea26c5e 39 EnrllyELGEYSEEEYERRRAEL 61
                              22333322222233333333333 PP

>> nat_4c93a06e77c71495a074  
   [No individual domains that satisfy reporting thresholds (although complete target did)]

>> nat_dbd11e06d90ad48401af  
   [No individual domains that satisfy reporting thresholds (although complete target did)]

>> nat_4dc9c1477d3d6b181da7  
   #    score  bias  c-Evalue  i-Evalue hmmfrom  hmm to    alifrom  ali to    envfrom  env to     acc
 ---   ------ ----- --------- --------- ------- -------    ------- -------    ------- -------    ----
   1 ?    0.1   0.1        25        61      75      90 ..      66      81 ..      49      94 .. 0.57

  Alignments for each domain:
  == domain 1  score: 0.1 bits;  conditional E-value: 25
                      gvpk 75 eaedlnldlgpLgklv 90
                              e++ ++ dl++L +l 
  nat_4dc9c1477d3d6b181da7 66 EQATAEGDLEDLEELE 81
                              3333333355555554 PP

>> nat_d92cb9dcfcf48b731b50  
   #    score  bias  c-Evalue  i-Evalue hmmfrom  hmm to    alifrom  ali to    envfrom  env to     acc
 ---   ------ ----- --------- --------- ------- -------    ------- -------    ------- -------    ----
   1 ?    0.3   0.2        21        51      78      89 ..      69      80 ..      41      94 .. 0.58

  Alignments for each domain:
  == domain 1  score: 0.3 bits;  conditional E-value: 21
                      gvpk 78 dlnldlgpLgkl 89
                               ++ dl++L +l
  nat_d92cb9dcfcf48b731b50 69 TAEGDLEELEEL 80
                              222223333333 PP

>> nat_f9ed5273156498868a4d  
   [No individual domains that satisfy reporting thresholds (although complete target did)]

>> nat_bb5cf35be2d320c0ead2  
   [No individual domains that satisfy reporting thresholds (although complete target did)]

>> nat_9c8d4abf9d1595e2e6a2  
   #    score  bias  c-Evalue  i-Evalue hmmfrom  hmm to    alifrom  ali to    envfrom  env to     acc
 ---   ------ ----- --------- --------- ------- -------    ------- -------    ------- -------    ----
   1 ?    2.4   0.4       4.8        11      38      94 ..     256     318 ..     240     337 .. 0.69

  Alignments for each domain:
  == domain 1  score: 2.4 bits;  conditional E-value: 4.8
                      gvpk  38 lrRvesgdLtdeeierLGtalmaleeal.......eelkeefgleaedlnldlgpLgklvvdkv 94 
                               + R++ +d++ e +e++ + +++l+e+l       + + +++gl++ d+ ld + L ++ vd +
  nat_9c8d4abf9d1595e2e6a2 256 IVRAHVDDFDTEDTEQIVRLMRELRERLdvnvgtrAAIMAAEGLTTVDD-LDRSILTDICVDVL 318
                               5688899999999999999999999999655444445666666655444.55566666654444 PP

>> nat_38c4b7b40831450106bb  
   [No individual domains that satisfy reporting thresholds (although complete target did)]

>> nat_51d61e9e87576691ccef  
   [No individual domains that satisfy reporting thresholds (although complete target did)]

>> nat_38cb7bda240a833d36b3  
   [No individual domains that satisfy reporting thresholds (although complete target did)]

>> nat_74aacbad701be1598660  
   #    score  bias  c-Evalue  i-Evalue hmmfrom  hmm to    alifrom  ali to    envfrom  env to     acc
 ---   ------ ----- --------- --------- ------- -------    ------- -------    ------- -------    ----
   1 ?    0.2   0.5        23        55      39      49 ..      70      80 ..      40      93 .. 0.58

  Alignments for each domain:
  == domain 1  score: 0.2 bits;  conditional E-value: 23
                      gvpk 39 rRvesgdLtde 49
                                 e ++L++ 
  nat_74aacbad701be1598660 70 AEGELEELEEL 80
                              22222222222 PP

>> nat_c7a61c64d45a104467ff  
   #    score  bias  c-Evalue  i-Evalue hmmfrom  hmm to    alifrom  ali to    envfrom  env to     acc
 ---   ------ ----- --------- --------- ------- -------    ------- -------    ------- -------    ----
   1 ?    0.0   0.1        26        62      23      37 ..      21      35 ..      20      42 .. 0.84

  Alignments for each domain:
  == domain 1  score: 0.0 bits;  conditional E-value: 26
                      gvpk 23 ltvvEllrellerqA 37
                              +++++ll++ll   A
  nat_c7a61c64d45a104467ff 21 VALIDLLDRLLTGGA 35
                              799****99997666 PP

>> nat_f48ac7c5719360a7ba68  
   #    score  bias  c-Evalue  i-Evalue hmmfrom  hmm to    alifrom  ali to    envfrom  env to     acc
 ---   ------ ----- --------- --------- ------- -------    ------- -------    ------- -------    ----
   1 ?    0.1   0.0        25        60      23      33 ..      29      39 ..      19      42 .. 0.87

  Alignments for each domain:
  == domain 1  score: 0.1 bits;  conditional E-value: 25
                      gvpk 23 ltvvEllrell 33
                              +++v+ll++ll
  nat_f48ac7c5719360a7ba68 29 VALVDLLDRLL 39
                              899****9998 PP

>> nat_d07d112598796fe30d76  
   #    score  bias  c-Evalue  i-Evalue hmmfrom  hmm to    alifrom  ali to    envfrom  env to     acc
 ---   ------ ----- --------- --------- ------- -------    ------- -------    ------- -------    ----
   1 ?    0.4   0.2        20        48      75      90 ..      66      81 ..      36      94 .. 0.62

  Alignments for each domain:
  == domain 1  score: 0.4 bits;  conditional E-value: 20
                      gvpk 75 eaedlnldlgpLgklv 90
                              e++ ++ dl++L +l 
  nat_d07d112598796fe30d76 66 EQATADGDLEDLEELE 81
                              2223333344444444 PP

>> nat_9ecb68caf9b062eead15  
   [No individual domains that satisfy reporting thresholds (although complete target did)]

>> nat_6a167a94a8e6ee1a149f  
   [No individual domains that satisfy reporting thresholds (although complete target did)]

>> nat_6681febe116459c77b18  
   #    score  bias  c-Evalue  i-Evalue hmmfrom  hmm to    alifrom  ali to    envfrom  env to     acc
 ---   ------ ----- --------- --------- ------- -------    ------- -------    ------- -------    ----
   1 ?    0.2   0.4        23        55      80      88 ..      71      79 ..      39      92 .. 0.58

  Alignments for each domain:
  == domain 1  score: 0.2 bits;  conditional E-value: 23
                      gvpk 80 nldlgpLgk 88
                              + dl++L +
  nat_6681febe116459c77b18 71 EGDLEELEE 79
                              112222222 PP

>> nat_521484c428743b2a28a2  
   #    score  bias  c-Evalue  i-Evalue hmmfrom  hmm to    alifrom  ali to    envfrom  env to     acc
 ---   ------ ----- --------- --------- ------- -------    ------- -------    ------- -------    ----
   1 ?    0.4   1.4        20        49      54      73 ..      46      66 ..      18      80 .. 0.47

  Alignments for each domain:
  == domain 1  score: 0.4 bits;  conditional E-value: 20
                      gvpk 54 LGt.almaleealeelkeefg 73
                              LG+   ++ e++ +el++e +
  nat_521484c428743b2a28a2 46 LGErSEAEYERRKAELEAELD 66
                              222122233333333333333 PP

>> nat_edcfcd19baadeee00eaf  
   #    score  bias  c-Evalue  i-Evalue hmmfrom  hmm to    alifrom  ali to    envfrom  env to     acc
 ---   ------ ----- --------- --------- ------- -------    ------- -------    ------- -------    ----
   1 ?    0.0   0.2        26        63      38      52 ..      69      83 ..      49      94 .. 0.57

  Alignments for each domain:
  == domain 1  score: 0.0 bits;  conditional E-value: 26
                      gvpk 38 lrRvesgdLtdeeie 52
                                + + +dL++ e+e
  nat_edcfcd19baadeee00eaf 69 RADGDMEDLEELEVE 83
                              222233333333333 PP

>> nat_b47c8eec954491beb714  
   #    score  bias  c-Evalue  i-Evalue hmmfrom  hmm to    alifrom  ali to    envfrom  env to     acc
 ---   ------ ----- --------- --------- ------- -------    ------- -------    ------- -------    ----
   1 ?    0.2   0.5        23        56      39      49 ..      70      80 ..      40      93 .. 0.58

  Alignments for each domain:
  == domain 1  score: 0.2 bits;  conditional E-value: 23
                      gvpk 39 rRvesgdLtde 49
                                 e ++L++ 
  nat_b47c8eec954491beb714 70 AEGELEELEEL 80
                              22222222222 PP

>> nat_69442765a7e1224b0435  
   #    score  bias  c-Evalue  i-Evalue hmmfrom  hmm to    alifrom  ali to    envfrom  env to     acc
 ---   ------ ----- --------- --------- ------- -------    ------- -------    ------- -------    ----
   1 ?    0.1   0.2        25        61      79      89 ..      71      81 ..      44      95 .. 0.57

  Alignments for each domain:
  == domain 1  score: 0.1 bits;  conditional E-value: 25
                      gvpk 79 lnldlgpLgkl 89
                              ++ dl++L +l
  nat_69442765a7e1224b0435 71 AEGDLEELEEL 81
                              22223333333 PP

>> nat_c0d8f1302fa41452efbc  
   #    score  bias  c-Evalue  i-Evalue hmmfrom  hmm to    alifrom  ali to    envfrom  env to     acc
 ---   ------ ----- --------- --------- ------- -------    ------- -------    ------- -------    ----
   1 ?    0.2   0.2        22        53      79      88 ..      70      79 ..      36      94 .. 0.61

  Alignments for each domain:
  == domain 1  score: 0.2 bits;  conditional E-value: 22
                      gvpk 79 lnldlgpLgk 88
                              ++ dl++L +
  nat_c0d8f1302fa41452efbc 70 AEGDLEELEE 79
                              2222333333 PP

>> nat_3beea3bf721df3e90ae2  
   [No individual domains that satisfy reporting thresholds (although complete target did)]

>> nat_73088f79686650723c36  
   [No individual domains that satisfy reporting thresholds (although complete target did)]

>> nat_55c9bd284093601349bc  
   #    score  bias  c-Evalue  i-Evalue hmmfrom  hmm to    alifrom  ali to    envfrom  env to     acc
 ---   ------ ----- --------- --------- ------- -------    ------- -------    ------- -------    ----
   1 ?    0.1   0.0        25        61      23      33 ..      30      40 ..      22      43 .. 0.89

  Alignments for each domain:
  == domain 1  score: 0.1 bits;  conditional E-value: 25
                      gvpk 23 ltvvEllrell 33
                              +++v+ll++ll
  nat_55c9bd284093601349bc 30 VALVDLLDRLL 40
                              899****9998 PP

>> nat_e142d4451fae05079861  
   #    score  bias  c-Evalue  i-Evalue hmmfrom  hmm to    alifrom  ali to    envfrom  env to     acc
 ---   ------ ----- --------- --------- ------- -------    ------- -------    ------- -------    ----
   1 ?    0.3   1.7        21        49      64      98 ..     170     205 ..     161     240 .. 0.51

  Alignments for each domain:
  == domain 1  score: 0.3 bits;  conditional E-value: 21
                      gvpk  64 aleelkeefgleaedlnldlgpLgklv..vdkv.eper 98 
                               +l++lk+e+   +  + l  ++L ++v  ++ + ++++
  nat_e142d4451fae05079861 170 RLKTLKQEQRT-DRTAGLT-EQLSTIVhdLQDLgQKQT 205
                               55555554442.3333344.455555544333322222 PP

>> nat_1564401f2a553c444667  
   #    score  bias  c-Evalue  i-Evalue hmmfrom  hmm to    alifrom  ali to    envfrom  env to     acc
 ---   ------ ----- --------- --------- ------- -------    ------- -------    ------- -------    ----
   1 ?    0.0   0.2        26        62      79      89 ..      71      81 ..      45      95 .. 0.57

  Alignments for each domain:
  == domain 1  score: 0.0 bits;  conditional E-value: 26
                      gvpk 79 lnldlgpLgkl 89
                              ++ dl++L +l
  nat_1564401f2a553c444667 71 AEGDLEELEEL 81
                              22223333333 PP

>> nat_0077c6cbf903d0b80137  
   #    score  bias  c-Evalue  i-Evalue hmmfrom  hmm to    alifrom  ali to    envfrom  env to     acc
 ---   ------ ----- --------- --------- ------- -------    ------- -------    ------- -------    ----
   1 ?    0.0   0.2        26        62      79      89 ..      71      81 ..      45      95 .. 0.57

  Alignments for each domain:
  == domain 1  score: 0.0 bits;  conditional E-value: 26
                      gvpk 79 lnldlgpLgkl 89
                              ++ dl++L +l
  nat_0077c6cbf903d0b80137 71 AEGDLEELEEL 81
                              22223333333 PP

>> nat_1aef09f774a1818b7e24  
   #    score  bias  c-Evalue  i-Evalue hmmfrom  hmm to    alifrom  ali to    envfrom  env to     acc
 ---   ------ ----- --------- --------- ------- -------    ------- -------    ------- -------    ----
   1 ?    0.0   0.2        26        62      79      89 ..      71      81 ..      45      95 .. 0.57

  Alignments for each domain:
  == domain 1  score: 0.0 bits;  conditional E-value: 26
                      gvpk 79 lnldlgpLgkl 89
                              ++ dl++L +l
  nat_1aef09f774a1818b7e24 71 AEGDLEELEEL 81
                              22223333333 PP

>> nat_4b58b860e36e01bdb682  
   [No individual domains that satisfy reporting thresholds (although complete target did)]

>> nat_6770b7649ec68cfb7397  
   #    score  bias  c-Evalue  i-Evalue hmmfrom  hmm to    alifrom  ali to    envfrom  env to     acc
 ---   ------ ----- --------- --------- ------- -------    ------- -------    ------- -------    ----
   1 ?    0.0   0.0        26        63      49      62 ..      92     105 ..      78     113 .. 0.67

  Alignments for each domain:
  == domain 1  score: 0.0 bits;  conditional E-value: 26
                      gvpk  49 eeierLGtalmale 62 
                               +e+e+L ++ ++le
  nat_6770b7649ec68cfb7397  92 DEVEQLRRRVAELE 105
                               45555555555554 PP

>> nat_4482775e0979509e45d2  
   [No individual domains that satisfy reporting thresholds (although complete target did)]

>> nat_a9c10692b45d32f772b4  
   #    score  bias  c-Evalue  i-Evalue hmmfrom  hmm to    alifrom  ali to    envfrom  env to     acc
 ---   ------ ----- --------- --------- ------- -------    ------- -------    ------- -------    ----
   1 ?    0.2   0.2        23        54      79      88 ..      70      79 ..      36      94 .. 0.61

  Alignments for each domain:
  == domain 1  score: 0.2 bits;  conditional E-value: 23
                      gvpk 79 lnldlgpLgk 88
                              ++ dl++L +
  nat_a9c10692b45d32f772b4 70 AEGDLEELEE 79
                              2222333333 PP

>> nat_a7791ad55c70e7fd3462  
   #    score  bias  c-Evalue  i-Evalue hmmfrom  hmm to    alifrom  ali to    envfrom  env to     acc
 ---   ------ ----- --------- --------- ------- -------    ------- -------    ------- -------    ----
   1 ?    0.0   0.2        26        61      79      89 ..      70      80 ..      44      94 .. 0.57

  Alignments for each domain:
  == domain 1  score: 0.0 bits;  conditional E-value: 26
                      gvpk 79 lnldlgpLgkl 89
                              ++ dl++L +l
  nat_a7791ad55c70e7fd3462 70 AEGDLEELEEL 80
                              22223333333 PP

>> nat_938a17e9c3546d6b6666  
   [No individual domains that satisfy reporting thresholds (although complete target did)]

>> nat_98d8ecbaaf4dc079697a  
   [No individual domains that satisfy reporting thresholds (although complete target did)]

>> nat_c5e1ab0948ceb49b94c1  
   [No individual domains that satisfy reporting thresholds (although complete target did)]

>> nat_842bc418f0682cd2a9c8  
   #    score  bias  c-Evalue  i-Evalue hmmfrom  hmm to    alifrom  ali to    envfrom  env to     acc
 ---   ------ ----- --------- --------- ------- -------    ------- -------    ------- -------    ----
   1 ?    0.0   0.2        26        62      79      89 ..      70      80 ..      44      94 .. 0.57

  Alignments for each domain:
  == domain 1  score: 0.0 bits;  conditional E-value: 26
                      gvpk 79 lnldlgpLgkl 89
                              ++ dl++L +l
  nat_842bc418f0682cd2a9c8 70 AEGDLEELEEL 80
                              22223333333 PP

>> nat_45c7c948c17d40fffc2f  
   [No individual domains that satisfy reporting thresholds (although complete target did)]

>> nat_94cdaea6b1db7bfe983f  
   [No individual domains that satisfy reporting thresholds (although complete target did)]

>> nat_8f3e753527c876cd94f0  
   #    score  bias  c-Evalue  i-Evalue hmmfrom  hmm to    alifrom  ali to    envfrom  env to     acc
 ---   ------ ----- --------- --------- ------- -------    ------- -------    ------- -------    ----
   1 ?    0.2   0.2        22        54      79      88 ..      70      79 ..      36      94 .. 0.61

  Alignments for each domain:
  == domain 1  score: 0.2 bits;  conditional E-value: 22
                      gvpk 79 lnldlgpLgk 88
                              ++ dl++L +
  nat_8f3e753527c876cd94f0 70 AEGDLEELEE 79
                              2222333333 PP

>> nat_c71ec6d271d4048dc5b9  
   [No individual domains that satisfy reporting thresholds (although complete target did)]

>> nat_a07c55369bbbf7504123  
   #    score  bias  c-Evalue  i-Evalue hmmfrom  hmm to    alifrom  ali to    envfrom  env to     acc
 ---   ------ ----- --------- --------- ------- -------    ------- -------    ------- -------    ----
   1 ?    0.2   1.2        23        55      90      90 ..      43      43 ..      13      76 .. 0.53

  Alignments for each domain:
  == domain 1  score: 0.2 bits;  conditional E-value: 23
                      gvpk 90 v 90
                              +
  nat_a07c55369bbbf7504123 43 L 43
                              1 PP

>> nat_7549e3c1301e8688c306  
   #    score  bias  c-Evalue  i-Evalue hmmfrom  hmm to    alifrom  ali to    envfrom  env to     acc
 ---   ------ ----- --------- --------- ------- -------    ------- -------    ------- -------    ----
   1 ?    0.7   0.3        17        40      42      61 ..      59      78 ..      20      83 .. 0.77

  Alignments for each domain:
  == domain 1  score: 0.7 bits;  conditional E-value: 17
                      gvpk 42 esgdLtdeeierLGtalmal 61
                              e+  L ++e+e+ G  l++ 
  nat_7549e3c1301e8688c306 59 EAVGLLRDEVEENGLSLQQN 78
                              45556667777777776665 PP

>> nat_86af2bea85657bdc848a  
   #    score  bias  c-Evalue  i-Evalue hmmfrom  hmm to    alifrom  ali to    envfrom  env to     acc
 ---   ------ ----- --------- --------- ------- -------    ------- -------    ------- -------    ----
   1 ?    0.2   0.5        23        56      80      89 ..      71      80 ..      42      92 .. 0.56

  Alignments for each domain:
  == domain 1  score: 0.2 bits;  conditional E-value: 23
                      gvpk 80 nldlgpLgkl 89
                              + dl++L +l
  nat_86af2bea85657bdc848a 71 EGDLEELEEL 80
                              2222333333 PP

>> nat_a0004fe0af44e3e50ba6  
   #    score  bias  c-Evalue  i-Evalue hmmfrom  hmm to    alifrom  ali to    envfrom  env to     acc
 ---   ------ ----- --------- --------- ------- -------    ------- -------    ------- -------    ----
   1 ?    0.4   1.9        20        47      61      63 ..      54      56 ..       8      81 .. 0.51

  Alignments for each domain:
  == domain 1  score: 0.4 bits;  conditional E-value: 20
                      gvpk 61 lee 63
                               ee
  nat_a0004fe0af44e3e50ba6 54 YEE 56
                              222 PP

>> nat_d4ba65189ba86a477cc5  
   #    score  bias  c-Evalue  i-Evalue hmmfrom  hmm to    alifrom  ali to    envfrom  env to     acc
 ---   ------ ----- --------- --------- ------- -------    ------- -------    ------- -------    ----
   1 ?    0.2   0.2        23        54      78      88 ..      67      77 ..      37      91 .. 0.59

  Alignments for each domain:
  == domain 1  score: 0.2 bits;  conditional E-value: 23
                      gvpk 78 dlnldlgpLgk 88
                               ++ dl++L +
  nat_d4ba65189ba86a477cc5 67 TAEGDLEDLEE 77
                              22222333333 PP

>> nat_45a9e22305a1b46f68f2  
   #    score  bias  c-Evalue  i-Evalue hmmfrom  hmm to    alifrom  ali to    envfrom  env to     acc
 ---   ------ ----- --------- --------- ------- -------    ------- -------    ------- -------    ----
   1 ?    0.5   1.6        19        45      56      56 ..      48      48 ..      13      81 .. 0.49

  Alignments for each domain:
  == domain 1  score: 0.5 bits;  conditional E-value: 19
                      gvpk 56 t 56
                              +
  nat_45a9e22305a1b46f68f2 48 E 48
                              2 PP

>> nat_1af92f4517cb07b380d4  
   [No individual domains that satisfy reporting thresholds (although complete target did)]

>> nat_ff9c5d10b21ed7b06913  
   #    score  bias  c-Evalue  i-Evalue hmmfrom  hmm to    alifrom  ali to    envfrom  env to     acc
 ---   ------ ----- --------- --------- ------- -------    ------- -------    ------- -------    ----
   1 ?    0.2   0.3        23        56      48      66 ..      67      85 ..      44      90 .. 0.67

  Alignments for each domain:
  == domain 1  score: 0.2 bits;  conditional E-value: 23
                      gvpk 48 deeierLGtalmaleeale 66
                              + e+e L ++l a +e +e
  nat_ff9c5d10b21ed7b06913 67 EVEEEGLSDRLSARSESME 85
                              2244455566666666665 PP

>> nat_9991c57c84ab88fd3e26  
   [No individual domains that satisfy reporting thresholds (although complete target did)]

>> nat_00857e373ba6458d2397  
   [No individual domains that satisfy reporting thresholds (although complete target did)]

>> nat_1eda5f35014077cd8e25  
   #    score  bias  c-Evalue  i-Evalue hmmfrom  hmm to    alifrom  ali to    envfrom  env to     acc
 ---   ------ ----- --------- --------- ------- -------    ------- -------    ------- -------    ----
   1 ?    0.2   0.2        23        56      79      87 ..      70      78 ..      36      93 .. 0.61

  Alignments for each domain:
  == domain 1  score: 0.2 bits;  conditional E-value: 23
                      gvpk 79 lnldlgpLg 87
                              ++ dl++L 
  nat_1eda5f35014077cd8e25 70 AEGDLEELE 78
                              222223333 PP

>> nat_67dd37821af98e87666e  
   #    score  bias  c-Evalue  i-Evalue hmmfrom  hmm to    alifrom  ali to    envfrom  env to     acc
 ---   ------ ----- --------- --------- ------- -------    ------- -------    ------- -------    ----
   1 ?    0.2   0.2        24        56      76      89 ..      68      81 ..      39      95 .. 0.60

  Alignments for each domain:
  == domain 1  score: 0.2 bits;  conditional E-value: 24
                      gvpk 76 aedlnldlgpLgkl 89
                              ++  + dl++L +l
  nat_67dd37821af98e87666e 68 QATSEGDLEDLEEL 81
                              22222234444444 PP

>> nat_9ca97034ea4d97950343  
   #    score  bias  c-Evalue  i-Evalue hmmfrom  hmm to    alifrom  ali to    envfrom  env to     acc
 ---   ------ ----- --------- --------- ------- -------    ------- -------    ------- -------    ----
   1 ?    0.1   0.2        24        57      79      87 ..      70      78 ..      36      93 .. 0.60

  Alignments for each domain:
  == domain 1  score: 0.1 bits;  conditional E-value: 24
                      gvpk 79 lnldlgpLg 87
                              ++ dl++L 
  nat_9ca97034ea4d97950343 70 AEGDLEELE 78
                              222223333 PP

>> nat_ccd25408209dd226eaf9  
   [No individual domains that satisfy reporting thresholds (although complete target did)]

>> nat_4378b4a91514b8ec40b9  
   #    score  bias  c-Evalue  i-Evalue hmmfrom  hmm to    alifrom  ali to    envfrom  env to     acc
 ---   ------ ----- --------- --------- ------- -------    ------- -------    ------- -------    ----
   1 ?    2.3   0.7       5.1        12      49      76 ..     259     287 ..     252     334 .. 0.79

  Alignments for each domain:
  == domain 1  score: 2.3 bits;  conditional E-value: 5.1
                      gvpk  49 eeierLGt.almaleealeelkeefglea 76 
                               + +e+LG+    ++ + + el+ee +++ 
  nat_4378b4a91514b8ec40b9 259 AHVEELGStEIDQIVRVMRELREELDITV 287
                               57899998456677888899999999874 PP

>> nat_8189ed3c9ac18707f549  
   [No individual domains that satisfy reporting thresholds (although complete target did)]

>> nat_dbcea97f4e8354ba3556  
   [No individual domains that satisfy reporting thresholds (although complete target did)]

>> nat_492e347eb26b4c87a4d1  
   #    score  bias  c-Evalue  i-Evalue hmmfrom  hmm to    alifrom  ali to    envfrom  env to     acc
 ---   ------ ----- --------- --------- ------- -------    ------- -------    ------- -------    ----
   1 ?    0.0   0.3        26        62      92     107 ..     123     141 ..      66     149 .. 0.68

  Alignments for each domain:
  == domain 1  score: 0.0 bits;  conditional E-value: 26
                      gvpk  92 dkv.epereaeeaees..s 107
                               +k  epe+e+eeaee+  +
  nat_492e347eb26b4c87a4d1 123 SKReEPEEEEEEAEEEaaP 141
                               3333555555555554553 PP

>> nat_f19e30abde1c734a02eb  
   #    score  bias  c-Evalue  i-Evalue hmmfrom  hmm to    alifrom  ali to    envfrom  env to     acc
 ---   ------ ----- --------- --------- ------- -------    ------- -------    ------- -------    ----
   1 ?    0.3   2.5        21        51      23      46 ..      14      43 ..       5      83 .. 0.49

  Alignments for each domain:
  == domain 1  score: 0.3 bits;  conditional E-value: 21
                      gvpk 23 ltvvEllr.....ellerqAlr.RvesgdL 46
                              +tv+++l+     el++ +A+r ++++++L
  nat_f19e30abde1c734a02eb 14 VTVLDVLQtmaveELYDVEAIRnDLKENQL 43
                              566666531111144445555412333333 PP

>> nat_49d3875a5ef4bbb644f9  
   #    score  bias  c-Evalue  i-Evalue hmmfrom  hmm to    alifrom  ali to    envfrom  env to     acc
 ---   ------ ----- --------- --------- ------- -------    ------- -------    ------- -------    ----
   1 ?    0.1   0.3        25        60      79      87 ..      71      79 ..      37      94 .. 0.60

  Alignments for each domain:
  == domain 1  score: 0.1 bits;  conditional E-value: 25
                      gvpk 79 lnldlgpLg 87
                              ++ dl++L 
  nat_49d3875a5ef4bbb644f9 71 AEGDLEELE 79
                              222223333 PP

>> nat_341f22f6df848fe1e159  
   #    score  bias  c-Evalue  i-Evalue hmmfrom  hmm to    alifrom  ali to    envfrom  env to     acc
 ---   ------ ----- --------- --------- ------- -------    ------- -------    ------- -------    ----
   1 ?    0.6   0.4        18        42      84      90 ..      44      50 ..       3      75 .. 0.56

  Alignments for each domain:
  == domain 1  score: 0.6 bits;  conditional E-value: 18
                      gvpk 84 gpLgklv 90
                              g+L ++ 
  nat_341f22f6df848fe1e159 44 GDLQQVT 50
                              2222222 PP

>> nat_2dc604d7cf304f255e88  
   [No individual domains that satisfy reporting thresholds (although complete target did)]

>> nat_677fef9f35b54b8f59f4  
   [No individual domains that satisfy reporting thresholds (although complete target did)]

>> nat_6b2c0d4d7468a9bb7cde  
   [No individual domains that satisfy reporting thresholds (although complete target did)]

>> nat_c8490949e18e771ed8c8  
   #    score  bias  c-Evalue  i-Evalue hmmfrom  hmm to    alifrom  ali to    envfrom  env to     acc
 ---   ------ ----- --------- --------- ------- -------    ------- -------    ------- -------    ----
   1 ?    0.1   0.3        24        58      79      87 ..      70      78 ..      36      93 .. 0.60

  Alignments for each domain:
  == domain 1  score: 0.1 bits;  conditional E-value: 24
                      gvpk 79 lnldlgpLg 87
                              ++ dl++L 
  nat_c8490949e18e771ed8c8 70 AEGDLEELE 78
                              222223333 PP

>> nat_0aef17ff33a56ad243d6  
   #    score  bias  c-Evalue  i-Evalue hmmfrom  hmm to    alifrom  ali to    envfrom  env to     acc
 ---   ------ ----- --------- --------- ------- -------    ------- -------    ------- -------    ----
   1 ?    0.3   1.3        21        51      88      88 ..      48      48 ..      17      80 .. 0.48

  Alignments for each domain:
  == domain 1  score: 0.3 bits;  conditional E-value: 21
                      gvpk 88 k 88
                              +
  nat_0aef17ff33a56ad243d6 48 E 48
                              2 PP

>> nat_b2086dbcf693d17e3c7c  
   [No individual domains that satisfy reporting thresholds (although complete target did)]

>> nat_213008d40b0886a169f4  
   [No individual domains that satisfy reporting thresholds (although complete target did)]

>> nat_30a43eef2b89a9b85418  
   [No individual domains that satisfy reporting thresholds (although complete target did)]

>> nat_0101bc590c89813c161a  
   #    score  bias  c-Evalue  i-Evalue hmmfrom  hmm to    alifrom  ali to    envfrom  env to     acc
 ---   ------ ----- --------- --------- ------- -------    ------- -------    ------- -------    ----
   1 ?    0.1   0.3        24        58      79      87 ..      70      78 ..      36      93 .. 0.60

  Alignments for each domain:
  == domain 1  score: 0.1 bits;  conditional E-value: 24
                      gvpk 79 lnldlgpLg 87
                              ++ dl++L 
  nat_0101bc590c89813c161a 70 AEGDLEELE 78
                              222223333 PP

>> nat_82b15fd1e2a58ca3c8d0  
   #    score  bias  c-Evalue  i-Evalue hmmfrom  hmm to    alifrom  ali to    envfrom  env to     acc
 ---   ------ ----- --------- --------- ------- -------    ------- -------    ------- -------    ----
   1 ?    0.1   1.7        24        58      53      72 ..      54      66 ..      24      84 .. 0.47

  Alignments for each domain:
  == domain 1  score: 0.1 bits;  conditional E-value: 24
                      gvpk 53 rLGtalmaleealeelkeef 72
                              +        e++ +el+++ 
  nat_82b15fd1e2a58ca3c8d0 54 E-------YERRKAELEADL 66
                              2.......222222222222 PP

>> nat_1b6af661fda31bf1e196  
   [No individual domains that satisfy reporting thresholds (although complete target did)]

>> nat_dca06c4ca76aafac96e9  
   #    score  bias  c-Evalue  i-Evalue hmmfrom  hmm to    alifrom  ali to    envfrom  env to     acc
 ---   ------ ----- --------- --------- ------- -------    ------- -------    ------- -------    ----
   1 ?    0.2   0.2        22        54      42      87 ..      70      78 ..      36      96 .. 0.58

  Alignments for each domain:
  == domain 1  score: 0.2 bits;  conditional E-value: 22
                      gvpk 42 esgdLtdeeierLGtalmaleealeelkeefgleaedlnldlgpLg 87
                               +gdL                                     ++L 
  nat_dca06c4ca76aafac96e9 70 AEGDL-------------------------------------EDLE 78
                              12233.....................................3333 PP

>> nat_fca422d4ddd5dcd65605  
   #    score  bias  c-Evalue  i-Evalue hmmfrom  hmm to    alifrom  ali to    envfrom  env to     acc
 ---   ------ ----- --------- --------- ------- -------    ------- -------    ------- -------    ----
   1 ?    0.1   0.2        25        60      80      87 ..      72      79 ..      37      94 .. 0.60

  Alignments for each domain:
  == domain 1  score: 0.1 bits;  conditional E-value: 25
                      gvpk 80 nldlgpLg 87
                              + dl++L 
  nat_fca422d4ddd5dcd65605 72 EGDLEELE 79
                              22222333 PP

>> nat_7d45d6cf3df5d3d36985  
   #    score  bias  c-Evalue  i-Evalue hmmfrom  hmm to    alifrom  ali to    envfrom  env to     acc
 ---   ------ ----- --------- --------- ------- -------    ------- -------    ------- -------    ----
   1 ?    0.1   0.2        25        60      79      88 ..      70      79 ..      40      94 .. 0.59

  Alignments for each domain:
  == domain 1  score: 0.1 bits;  conditional E-value: 25
                      gvpk 79 lnldlgpLgk 88
                              ++ dl++L +
  nat_7d45d6cf3df5d3d36985 70 AEGDLEELED 79
                              2222333333 PP

>> nat_215f48254c804f1f2876  
   #    score  bias  c-Evalue  i-Evalue hmmfrom  hmm to    alifrom  ali to    envfrom  env to     acc
 ---   ------ ----- --------- --------- ------- -------    ------- -------    ------- -------    ----
   1 ?    0.1   0.3        24        58      79      87 ..      70      78 ..      36      93 .. 0.60

  Alignments for each domain:
  == domain 1  score: 0.1 bits;  conditional E-value: 24
                      gvpk 79 lnldlgpLg 87
                              ++ dl++L 
  nat_215f48254c804f1f2876 70 AEGDLEELE 78
                              222223333 PP

>> nat_05d62502987d9405b8af  
   #    score  bias  c-Evalue  i-Evalue hmmfrom  hmm to    alifrom  ali to    envfrom  env to     acc
 ---   ------ ----- --------- --------- ------- -------    ------- -------    ------- -------    ----
   1 ?    0.1   0.2        25        59      79      87 ..      70      78 ..      36      93 .. 0.60

  Alignments for each domain:
  == domain 1  score: 0.1 bits;  conditional E-value: 25
                      gvpk 79 lnldlgpLg 87
                              ++ dl++L 
  nat_05d62502987d9405b8af 70 AEGDLEELE 78
                              222223333 PP

>> nat_b6bdb8734681bcea444a  
   [No individual domains that satisfy reporting thresholds (although complete target did)]

>> nat_3b38714f6cbc7137424f  
   [No individual domains that satisfy reporting thresholds (although complete target did)]

>> nat_e8c5de40001b59b84f30  
   [No individual domains that satisfy reporting thresholds (although complete target did)]

>> nat_d426ca8e332bfceab95d  
   [No individual domains that satisfy reporting thresholds (although complete target did)]

>> nat_d1b057f953bd558c0457  
   #    score  bias  c-Evalue  i-Evalue hmmfrom  hmm to    alifrom  ali to    envfrom  env to     acc
 ---   ------ ----- --------- --------- ------- -------    ------- -------    ------- -------    ----
   1 ?    0.1   0.3        25        60      79      87 ..      71      79 ..      37      94 .. 0.60

  Alignments for each domain:
  == domain 1  score: 0.1 bits;  conditional E-value: 25
                      gvpk 79 lnldlgpLg 87
                              ++ dl++L 
  nat_d1b057f953bd558c0457 71 AEGDLEELE 79
                              222223333 PP

>> nat_140f5823a50b88bf41c9  
   [No individual domains that satisfy reporting thresholds (although complete target did)]

>> nat_340bf83afc765d1b00fd  
   #    score  bias  c-Evalue  i-Evalue hmmfrom  hmm to    alifrom  ali to    envfrom  env to     acc
 ---   ------ ----- --------- --------- ------- -------    ------- -------    ------- -------    ----
   1 ?    0.2   0.0        23        55      49      63 ..      58      72 ..      35      77 .. 0.75

  Alignments for each domain:
  == domain 1  score: 0.2 bits;  conditional E-value: 23
                      gvpk 49 eeierLGtalmalee 63
                              eei r+++a  a+ee
  nat_340bf83afc765d1b00fd 58 EEITRIEKAAEAIEE 72
                              566666666666665 PP

>> nat_144165ea4d3ea8a64b2e  
   [No individual domains that satisfy reporting thresholds (although complete target did)]

>> nat_b5ccff48f879b7cc34ad  
   [No individual domains that satisfy reporting thresholds (although complete target did)]

>> nat_0a3c08d96e059eeafea8  
   [No individual domains that satisfy reporting thresholds (although complete target did)]

>> nat_ec9b5926f08ed0206fff  
   #    score  bias  c-Evalue  i-Evalue hmmfrom  hmm to    alifrom  ali to    envfrom  env to     acc
 ---   ------ ----- --------- --------- ------- -------    ------- -------    ------- -------    ----
   1 ?    0.1   0.7        25        60      62      90 ..     185     211 ..     177     265 .. 0.60

  Alignments for each domain:
  == domain 1  score: 0.1 bits;  conditional E-value: 25
                      gvpk  62 eealeelkeefgleaedlnldlgpLgklv 90 
                               e++++elk+++  + +++ l  + +  +v
  nat_ec9b5926f08ed0206fff 185 EKRIQELKQDQRTDLAEQ-LT-ETITPVV 211
                               444555554444333332.22.2333333 PP

>> nat_c25d7e556c15742553a1  
   #    score  bias  c-Evalue  i-Evalue hmmfrom  hmm to    alifrom  ali to    envfrom  env to     acc
 ---   ------ ----- --------- --------- ------- -------    ------- -------    ------- -------    ----
   1 ?    0.4   0.3        20        49      90      90 ..      50      50 ..      12      80 .. 0.55

  Alignments for each domain:
  == domain 1  score: 0.4 bits;  conditional E-value: 20
                      gvpk 90 v 90
                               
  nat_c25d7e556c15742553a1 50 P 50
                              1 PP

>> nat_65113288b099887ef152  
   [No individual domains that satisfy reporting thresholds (although complete target did)]

>> nat_9fafac92a5d42b5a3892  
   #    score  bias  c-Evalue  i-Evalue hmmfrom  hmm to    alifrom  ali to    envfrom  env to     acc
 ---   ------ ----- --------- --------- ------- -------    ------- -------    ------- -------    ----
   1 ?    0.1   1.6        25        61      51      51 ..      51      51 ..      15      81 .. 0.52

  Alignments for each domain:
  == domain 1  score: 0.1 bits;  conditional E-value: 25
                      gvpk 51 i 51
                              +
  nat_9fafac92a5d42b5a3892 51 E 51
                              1 PP

>> nat_3f4ad2718cecb9460dfc  
   #    score  bias  c-Evalue  i-Evalue hmmfrom  hmm to    alifrom  ali to    envfrom  env to     acc
 ---   ------ ----- --------- --------- ------- -------    ------- -------    ------- -------    ----
   1 ?    0.2   1.1        22        54      56      56 ..      48      48 ..      15      81 .. 0.53

  Alignments for each domain:
  == domain 1  score: 0.2 bits;  conditional E-value: 22
                      gvpk 56 t 56
                              +
  nat_3f4ad2718cecb9460dfc 48 E 48
                              1 PP

>> nat_3301e6c079648c50c9a5  
   #    score  bias  c-Evalue  i-Evalue hmmfrom  hmm to    alifrom  ali to    envfrom  env to     acc
 ---   ------ ----- --------- --------- ------- -------    ------- -------    ------- -------    ----
   1 ?    0.2   1.1        23        54      90      90 ..      50      50 ..      17      78 .. 0.48

  Alignments for each domain:
  == domain 1  score: 0.2 bits;  conditional E-value: 23
                      gvpk 90 v 90
                               
  nat_3301e6c079648c50c9a5 50 P 50
                              2 PP

>> nat_8e0a2c13b1b8165a790e  
   [No individual domains that satisfy reporting thresholds (although complete target did)]

>> nat_f1643822251b583b4a61  
   [No individual domains that satisfy reporting thresholds (although complete target did)]

>> nat_a839bd0954a015535b42  
   #    score  bias  c-Evalue  i-Evalue hmmfrom  hmm to    alifrom  ali to    envfrom  env to     acc
 ---   ------ ----- --------- --------- ------- -------    ------- -------    ------- -------    ----
   1 ?    2.0   0.3       6.3        15      21      33 ..      14      26 ..       4      40 .. 0.84

  Alignments for each domain:
  == domain 1  score: 2.0 bits;  conditional E-value: 6.3
                      gvpk 21 LvltvvEllrell 33
                                +++v+ll++ll
  nat_a839bd0954a015535b42 14 REVALVDLLDRLL 26
                              5799*****9998 PP

>> nat_27aad6f6a553bce46f6c  
   [No individual domains that satisfy reporting thresholds (although complete target did)]

>> nat_004259139cc6a322721e  
   #    score  bias  c-Evalue  i-Evalue hmmfrom  hmm to    alifrom  ali to    envfrom  env to     acc
 ---   ------ ----- --------- --------- ------- -------    ------- -------    ------- -------    ----
   1 ?    0.3   1.0        21        51      68      88 ..      27      48 ..      14      79 .. 0.53

  Alignments for each domain:
  == domain 1  score: 0.3 bits;  conditional E-value: 21
                      gvpk 68 lkeefgleaedl.nldlgpLgk 88
                              l +   le+e + n  l +Lg+
  nat_004259139cc6a322721e 27 LYDVDALEDERKeNQLLYELGE 48
                              4444444444331222233333 PP

>> nat_7d8f193406ee761e1417  
   [No individual domains that satisfy reporting thresholds (although complete target did)]

>> nat_2be3971a03cdb17a19a2  
   [No individual domains that satisfy reporting thresholds (although complete target did)]

>> nat_6d22046d840b353d0c87  
   [No individual domains that satisfy reporting thresholds (although complete target did)]

>> nat_edb3955be5268406dd34  
   [No individual domains that satisfy reporting thresholds (although complete target did)]

>> nat_9de3a1c74219c52c041e  
   [No individual domains that satisfy reporting thresholds (although complete target did)]

>> nat_11cdda0e14dc63f88e35  
   [No individual domains that satisfy reporting thresholds (although complete target did)]

>> nat_cf2b86e8ceab5f9ee1d8  
   [No individual domains that satisfy reporting thresholds (although complete target did)]

>> nat_95bd1ae896e6b37799a7  
   #    score  bias  c-Evalue  i-Evalue hmmfrom  hmm to    alifrom  ali to    envfrom  env to     acc
 ---   ------ ----- --------- --------- ------- -------    ------- -------    ------- -------    ----
   1 ?    0.3   0.4        22        52      87      87 ..      47      47 ..      16      80 .. 0.56

  Alignments for each domain:
  == domain 1  score: 0.3 bits;  conditional E-value: 22
                      gvpk 87 g 87
                              g
  nat_95bd1ae896e6b37799a7 47 G 47
                              1 PP

>> nat_d5c2d4101839c4dee9b6  
   [No individual domains that satisfy reporting thresholds (although complete target did)]

>> nat_b9d147aeaac9ffa9d0f3  
   [No individual domains that satisfy reporting thresholds (although complete target did)]

>> nat_21ce4c05e2c1231a2b33  
   #    score  bias  c-Evalue  i-Evalue hmmfrom  hmm to    alifrom  ali to    envfrom  env to     acc
 ---   ------ ----- --------- --------- ------- -------    ------- -------    ------- -------    ----
   1 ?    0.2   1.5        23        54      54      71 ..      46      64 ..      13      82 .. 0.53

  Alignments for each domain:
  == domain 1  score: 0.2 bits;  conditional E-value: 23
                      gvpk 54 LGt.almaleealeelkee 71
                              LG+   ++ +e+ +el+ee
  nat_21ce4c05e2c1231a2b33 46 LGErSEAEYRERKAELEEE 64
                              3332223333334444444 PP

>> nat_d6e9dabc7155ae370ddb  
   [No individual domains that satisfy reporting thresholds (although complete target did)]

>> nat_bda4e304d446361a159c  
   [No individual domains that satisfy reporting thresholds (although complete target did)]

>> nat_768a4a0928de3c3de043  
   [No individual domains that satisfy reporting thresholds (although complete target did)]

>> nat_461115b7000bfd74f566  
   [No individual domains that satisfy reporting thresholds (although complete target did)]

>> nat_41d8ab0f02461073a97c  
   [No individual domains that satisfy reporting thresholds (although complete target did)]

>> nat_b07496d6758a328c5961  
   [No individual domains that satisfy reporting thresholds (although complete target did)]

>> nat_d80e058d93177215aa4b  
   [No individual domains that satisfy reporting thresholds (although complete target did)]

>> nat_55b02474c0fab1efb3b4  
   [No individual domains that satisfy reporting thresholds (although complete target did)]

>> nat_ae04aaf1066a11d3d107  
   [No individual domains that satisfy reporting thresholds (although complete target did)]

>> nat_5d40201e59780a4578e1  
   [No individual domains that satisfy reporting thresholds (although complete target did)]

>> nat_cd0ec9cc83e20bd818b3  
   [No individual domains that satisfy reporting thresholds (although complete target did)]

>> nat_92d7d81f95603487cd9c  
   [No individual domains that satisfy reporting thresholds (although complete target did)]

>> nat_30c8db5b2a48ec02340b  
   [No individual domains that satisfy reporting thresholds (although complete target did)]

>> nat_a67dd765d5d9f1265194  
   [No individual domains that satisfy reporting thresholds (although complete target did)]

>> nat_e9e60d2de704a1d756e6  
   [No individual domains that satisfy reporting thresholds (although complete target did)]

>> nat_f1aad1947e3e40ba9653  
   [No individual domains that satisfy reporting thresholds (although complete target did)]

>> nat_2ed708bd24725eb69d2c  
   #    score  bias  c-Evalue  i-Evalue hmmfrom  hmm to    alifrom  ali to    envfrom  env to     acc
 ---   ------ ----- --------- --------- ------- -------    ------- -------    ------- -------    ----
   1 ?    0.3   0.3        22        52      23      33 ..      10      20 ..       3      56 .. 0.77

  Alignments for each domain:
  == domain 1  score: 0.3 bits;  conditional E-value: 22
                      gvpk 23 ltvvEllrell 33
                              +++++ll+++l
  nat_2ed708bd24725eb69d2c 10 VALIDLLDRVL 20
                              66777776665 PP

>> nat_ee10b37a92559cba1989  
   [No individual domains that satisfy reporting thresholds (although complete target did)]

>> nat_8d61c399409b4395f3c5  
   #    score  bias  c-Evalue  i-Evalue hmmfrom  hmm to    alifrom  ali to    envfrom  env to     acc
 ---   ------ ----- --------- --------- ------- -------    ------- -------    ------- -------    ----
   1 ?    0.1   0.2        24        58      26      38 ..      61      73 ..      29      83 .. 0.69

  Alignments for each domain:
  == domain 1  score: 0.1 bits;  conditional E-value: 24
                      gvpk 26 vEllrellerqAl 38
                              v llr+ +e++ l
  nat_8d61c399409b4395f3c5 61 VGLLRDEVEEEGL 73
                              3344444444433 PP

>> nat_7c2eb329deec0b040768  
   [No individual domains that satisfy reporting thresholds (although complete target did)]

>> nat_07f90c8c92dbdb92b94e  
   [No individual domains that satisfy reporting thresholds (although complete target did)]

>> nat_81de2b78d291d512c1e2  
   [No individual domains that satisfy reporting thresholds (although complete target did)]

>> nat_c6294867c99abd04a2a4  
   [No individual domains that satisfy reporting thresholds (although complete target did)]

>> nat_32fcf9c5b6202c499dc1  
   [No individual domains that satisfy reporting thresholds (although complete target did)]

>> nat_eedf2d89181613d2065f  
   [No individual domains that satisfy reporting thresholds (although complete target did)]

>> nat_2fcf63c4d0b08851d7bb  
   [No individual domains that satisfy reporting thresholds (although complete target did)]

>> nat_f0527674fd3fa7ce3faf  
   #    score  bias  c-Evalue  i-Evalue hmmfrom  hmm to    alifrom  ali to    envfrom  env to     acc
 ---   ------ ----- --------- --------- ------- -------    ------- -------    ------- -------    ----
   1 ?    0.4   0.1        21        49      71      71 ..      76      76 ..      13     119 .. 0.62

  Alignments for each domain:
  == domain 1  score: 0.4 bits;  conditional E-value: 21
                      gvpk 71 e 71
                              +
  nat_f0527674fd3fa7ce3faf 76 A 76
                              2 PP

>> nat_58a114a587bf7627f074  
   [No individual domains that satisfy reporting thresholds (although complete target did)]

>> nat_c740155726ca8561a023  
   [No individual domains that satisfy reporting thresholds (although complete target did)]

>> nat_70ad50650b15b30241b4  
   [No individual domains that satisfy reporting thresholds (although complete target did)]

>> nat_3ca681349695f8ed3ee4  
   [No individual domains that satisfy reporting thresholds (although complete target did)]

>> nat_2a2c6ce836f6b052a898  
   [No individual domains that satisfy reporting thresholds (although complete target did)]

>> nat_a0c33ff7daaf9315de4b  
   [No individual domains that satisfy reporting thresholds (although complete target did)]

>> nat_824a3264c546dbd7013f  
   [No individual domains that satisfy reporting thresholds (although complete target did)]

>> nat_861aafc294a955cecd2e  
   [No individual domains that satisfy reporting thresholds (although complete target did)]

>> nat_3dcd4bf22b7bbdb49d82  
   [No individual domains that satisfy reporting thresholds (although complete target did)]

>> nat_84eddb9c9ecca10afd5a  
   [No individual domains that satisfy reporting thresholds (although complete target did)]

>> nat_f5db5c4704d592f947d9  
   [No individual domains that satisfy reporting thresholds (although complete target did)]

>> nat_37912e3e9ceb53157c77  
   [No individual domains that satisfy reporting thresholds (although complete target did)]

>> nat_2de1169e3d7efe4899c8  
   #    score  bias  c-Evalue  i-Evalue hmmfrom  hmm to    alifrom  ali to    envfrom  env to     acc
 ---   ------ ----- --------- --------- ------- -------    ------- -------    ------- -------    ----
   1 ?    0.1   1.5        25        61      62      98 ..     168     204 ..     157     244 .. 0.59

  Alignments for each domain:
  == domain 1  score: 0.1 bits;  conditional E-value: 25
                      gvpk  62 eealeelkeefgleaedlnldlgpLgklv..vdkveper 98 
                               e++le+lk ++  +++ + ++  +L  ++  ++ + +er
  nat_2de1169e3d7efe4899c8 168 EQRLETLKHQQRADRTAALIE--QLEPIArdLHDLGHER 204
                               666666666666655555444..4444443333332222 PP

>> nat_dfc6d9c3df75d03c2479  
   #    score  bias  c-Evalue  i-Evalue hmmfrom  hmm to    alifrom  ali to    envfrom  env to     acc
 ---   ------ ----- --------- --------- ------- -------    ------- -------    ------- -------    ----
   1 ?    0.1   1.4        25        59      51      56 ..      47      52 ..       6      82 .. 0.53

  Alignments for each domain:
  == domain 1  score: 0.1 bits;  conditional E-value: 25
                      gvpk 51 ierLGt 56
                               er ++
  nat_dfc6d9c3df75d03c2479 47 GERSED 52
                              333333 PP

>> nat_400daa3180be46a7f598  
   [No individual domains that satisfy reporting thresholds (although complete target did)]

>> nat_6202903abc283dce1575  
   [No individual domains that satisfy reporting thresholds (although complete target did)]

>> nat_99a07129f51bd6011cb7  
   [No individual domains that satisfy reporting thresholds (although complete target did)]

>> nat_40a2221d15252edb050f  
   [No individual domains that satisfy reporting thresholds (although complete target did)]

>> nat_1f7ab0dfc808b4ef03c3  
   [No individual domains that satisfy reporting thresholds (although complete target did)]

>> nat_73e0b5aa88a198c56cae  
   [No individual domains that satisfy reporting thresholds (although complete target did)]

>> nat_9ec14e80a2c82af4533c  
   [No individual domains that satisfy reporting thresholds (although complete target did)]

>> nat_d82c955fa7d898a2ab96  
   [No individual domains that satisfy reporting thresholds (although complete target did)]

>> nat_7c3fe835f2de28872203  
   [No individual domains that satisfy reporting thresholds (although complete target did)]

>> nat_f78382fe3dd21fcadefa  
   [No individual domains that satisfy reporting thresholds (although complete target did)]

>> nat_c851ec622696a1a12ee9  
   [No individual domains that satisfy reporting thresholds (although complete target did)]

>> nat_7582ab44f4a5ea674099  
   [No individual domains that satisfy reporting thresholds (although complete target did)]

>> nat_8d9ebc646f6fec623f00  
   [No individual domains that satisfy reporting thresholds (although complete target did)]

>> nat_1a264ded2f369ea42fdd  
   [No individual domains that satisfy reporting thresholds (although complete target did)]

>> nat_bf1dfb6914e902f34199  
   [No individual domains that satisfy reporting thresholds (although complete target did)]

>> nat_48dbcd4ed98d41a9651a  
   [No individual domains that satisfy reporting thresholds (although complete target did)]

>> nat_4847fa268d05b7ef089c  
   [No individual domains that satisfy reporting thresholds (although complete target did)]

>> nat_98510cc23b6e65ce4afa  
   [No individual domains that satisfy reporting thresholds (although complete target did)]

>> nat_ca242131f6ef5b732fcf  
   [No individual domains that satisfy reporting thresholds (although complete target did)]

>> nat_ad18f8d7fabecf9750fb  
   [No individual domains that satisfy reporting thresholds (although complete target did)]

>> nat_414c502e7645eadf3d0f  
   [No individual domains that satisfy reporting thresholds (although complete target did)]

>> nat_faf24daf3257ab31b44d  
   [No individual domains that satisfy reporting thresholds (although complete target did)]

>> nat_6f78ae7dbd3067bdbed8  
   [No individual domains that satisfy reporting thresholds (although complete target did)]

>> nat_cd47d1496d29850f6644  
   [No individual domains that satisfy reporting thresholds (although complete target did)]

>> nat_7a296141a2788c2145e9  
   [No individual domains that satisfy reporting thresholds (although complete target did)]

>> nat_241c00832790324418cd  
   [No individual domains that satisfy reporting thresholds (although complete target did)]

>> nat_a02e830798caf1fb08c6  
   [No individual domains that satisfy reporting thresholds (although complete target did)]

>> nat_db21d598502068c3fa2f  
   [No individual domains that satisfy reporting thresholds (although complete target did)]

>> nat_86c1908d1d28058bf2a9  
   [No individual domains that satisfy reporting thresholds (although complete target did)]

>> nat_23547210dabe68635401  
   [No individual domains that satisfy reporting thresholds (although complete target did)]

>> nat_efb09f3729ebcf09a0cd  
   [No individual domains that satisfy reporting thresholds (although complete target did)]

>> nat_b777f719d06f5568d601  
   [No individual domains that satisfy reporting thresholds (although complete target did)]

>> nat_93c537fc9102a67e551f  
   [No individual domains that satisfy reporting thresholds (although complete target did)]

>> nat_577493092a2b2854c435  
   [No individual domains that satisfy reporting thresholds (although complete target did)]

>> nat_575a3ddb97ad6997411f  
   [No individual domains that satisfy reporting thresholds (although complete target did)]

>> nat_d357e9d3ead4e202b4ba  
   [No individual domains that satisfy reporting thresholds (although complete target did)]

>> nat_70e619942db9ffc2c9b7  
   [No individual domains that satisfy reporting thresholds (although complete target did)]

>> nat_0f51e0db355810694385  
   [No individual domains that satisfy reporting thresholds (although complete target did)]

>> nat_6e2299007a2edd2a61ea  
   [No individual domains that satisfy reporting thresholds (although complete target did)]

>> nat_7e86aa921e43cec15ccd  
   [No individual domains that satisfy reporting thresholds (although complete target did)]

>> nat_eb796c25a48cdf2ca2d4  
   [No individual domains that satisfy reporting thresholds (although complete target did)]

>> nat_3fffa9db9247345bf996  
   [No individual domains that satisfy reporting thresholds (although complete target did)]

>> nat_5c04b2f6553dd27ee8b0  
   [No individual domains that satisfy reporting thresholds (although complete target did)]

>> nat_fd9a2791aaca81c0c6ef  
   [No individual domains that satisfy reporting thresholds (although complete target did)]

>> nat_9667966bbf1f4d34340a  
   [No individual domains that satisfy reporting thresholds (although complete target did)]

>> nat_58552353178d8fa2f36f  
   [No individual domains that satisfy reporting thresholds (although complete target did)]

>> nat_13f51706d5d2df8544bb  
   [No individual domains that satisfy reporting thresholds (although complete target did)]

>> nat_41c961009656e555d77b  
   [No individual domains that satisfy reporting thresholds (although complete target did)]

>> nat_3d07312c83e7c32af7ba  
   [No individual domains that satisfy reporting thresholds (although complete target did)]

>> nat_05a00477d12701f3890c  
   [No individual domains that satisfy reporting thresholds (although complete target did)]

>> nat_e355a3cabd64b6b94474  
   [No individual domains that satisfy reporting thresholds (although complete target did)]

>> nat_630c823407ef4f2e6361  
   [No individual domains that satisfy reporting thresholds (although complete target did)]

>> nat_72774f3330f715fae401  
   [No individual domains that satisfy reporting thresholds (although complete target did)]

>> nat_404cf82aead1f9489e72  
   [No individual domains that satisfy reporting thresholds (although complete target did)]

>> nat_c8057d4884d2825dccf9  
   [No individual domains that satisfy reporting thresholds (although complete target did)]

>> nat_e1d8e1d8d2f54947a961  
   [No individual domains that satisfy reporting thresholds (although complete target did)]

>> nat_3eb21ff7b93129f6825b  
   [No individual domains that satisfy reporting thresholds (although complete target did)]

>> nat_e158c576a529f55a2dd5  
   [No individual domains that satisfy reporting thresholds (although complete target did)]

>> nat_e019c232d73b7720272e  
   [No individual domains that satisfy reporting thresholds (although complete target did)]

>> nat_b57aea053dff80c6482c  
   [No individual domains that satisfy reporting thresholds (although complete target did)]

>> nat_119785f1c0655d1d50b6  
   [No individual domains that satisfy reporting thresholds (although complete target did)]

>> nat_9194534fce73964474e0  
   [No individual domains that satisfy reporting thresholds (although complete target did)]

>> nat_840c1e4fe0d4806879ab  
   [No individual domains that satisfy reporting thresholds (although complete target did)]

>> nat_351862cb01754fd1ab98  
   [No individual domains that satisfy reporting thresholds (although complete target did)]

>> nat_d76ea2de7462bc6a2acb  
   [No individual domains that satisfy reporting thresholds (although complete target did)]

>> nat_d692e59ba181a3631d4d  
   [No individual domains that satisfy reporting thresholds (although complete target did)]

>> nat_ecb1c2738797f1742802  
   [No individual domains that satisfy reporting thresholds (although complete target did)]

>> nat_7017fbd8c94374540f0f  
   [No individual domains that satisfy reporting thresholds (although complete target did)]

>> nat_76418c5d471b2873e6bf  
   [No individual domains that satisfy reporting thresholds (although complete target did)]

>> nat_492035bd7857aca04ece  
   [No individual domains that satisfy reporting thresholds (although complete target did)]

>> nat_c277f769aaa81aaf7242  
   [No individual domains that satisfy reporting thresholds (although complete target did)]

>> nat_9d95fb5f11c9b20cbd54  
   [No individual domains that satisfy reporting thresholds (although complete target did)]

>> nat_68925098711d386795ce  
   [No individual domains that satisfy reporting thresholds (although complete target did)]

>> nat_5322cde66edfa53888a3  
   [No individual domains that satisfy reporting thresholds (although complete target did)]

>> nat_b5e7381c9d00902df4ef  
   [No individual domains that satisfy reporting thresholds (although complete target did)]

>> nat_f3a6931071d746ea3e3e  
   [No individual domains that satisfy reporting thresholds (although complete target did)]

>> nat_7b982f3adbb743e270fc  
   [No individual domains that satisfy reporting thresholds (although complete target did)]

>> nat_c7cb28cf54b6a88ff785  
   [No individual domains that satisfy reporting thresholds (although complete target did)]



Internal pipeline statistics summary:
-------------------------------------
Query model(s):                            1  (112 nodes)
Target sequences:                       1277  (179002 residues searched)
Passed MSV filter:                      1277  (1); expected 1277.0 (1)
Passed bias filter:                     1277  (1); expected 1277.0 (1)
Passed Vit filter:                      1277  (1); expected 1277.0 (1)
Passed Fwd filter:                      1277  (1); expected 1277.0 (1)
Initial search space (Z):               1277  [actual number of targets]
Domain search space  (domZ):             534  [number of targets reported over threshold]
# CPU time: 0.61u 0.01s 00:00:00.62 Elapsed: 00:00:00.69
# Mc/sec: 28.76
//
[ok]
