# hmmsearch :: search profile(s) against a sequence database
# HMMER 3.3 (Nov 2019); http://hmmer.org/
# Copyright (C) 2019 Howard Hughes Medical Institute.
# Freely distributed under the BSD open source license.
# - - - - - - - - - - - - - - - - - - - - - - - - - - - - - - - - - - - -
# query HMM file:                  /mnt/d/endless/机器学习综合实践/ML-GV02-03/results/gv02_03_v2/family/fold_0/profiles/gvpv.hmm
# target sequence database:        /mnt/d/endless/机器学习综合实践/ML-GV02-03/results/gv02_03_v2/family/fold_0/natural/queries.fasta
# per-dom hits tabular output:     /mnt/d/endless/机器学习综合实践/ML-GV02-03/results/gv02_03_v2/family/fold_0/natural/gvpv.domtbl
# sequence reporting threshold:    score >= 0
# domain reporting threshold:      score >= 0
# Max sensitivity mode:            on [all heuristic filters off]
# number of worker threads:        1
# - - - - - - - - - - - - - - - - - - - - - - - - - - - - - - - - - - - -

Query:       gvpv  [M=103]
Scores for complete sequences (score includes all domains):
   --- full sequence ---   --- best 1 domain ---    -#dom-
    E-value  score  bias    E-value  score  bias    exp  N  Sequence                 Description
    ------- ------ -----    ------- ------ -----   ---- --  --------                 -----------
    4.8e-26   87.6   0.9    5.3e-26   87.4   0.9    1.0  1  nat_d4b37ab9b761d79418a8  
    3.1e-25   85.0   0.3    3.5e-25   84.8   0.3    1.0  1  nat_a120643363df57573242  
    5.9e-25   84.1   1.7    6.3e-25   84.0   1.7    1.0  1  nat_9295f767a32dcface418  
    3.2e-24   81.7   2.4    3.7e-24   81.5   2.4    1.1  1  nat_4dafb76c38e9b7d65498  
    3.6e-24   81.6   1.4    4.2e-24   81.4   1.4    1.0  1  nat_efb09f3729ebcf09a0cd  
    3.8e-24   81.5   0.0    4.3e-24   81.3   0.0    1.0  1  nat_c68280dd1cee4d2a5307  
    9.4e-24   80.2   3.0    1.1e-23   80.1   3.0    1.0  1  nat_edb5b7a4e15c97b23594  
    2.1e-23   79.1   0.2    2.8e-23   78.7   0.2    1.2  1  nat_08d3e542ff49c899a532  
    1.7e-22   76.2   3.2    1.9e-22   76.0   3.2    1.1  1  nat_522d67ce81d99440c3e9  
    3.9e-22   75.0   0.8      5e-22   74.7   0.8    1.1  1  nat_00dad4d9eb9c6aee9740  
    2.1e-21   72.7   5.7    2.2e-21   72.6   5.7    1.0  1  nat_3521af063e9b236548c0  
      4e-21   71.8   6.2    1.6e-20   69.8   6.2    1.7  1  nat_cce2f3d132dd4e662b2d  
    6.6e-21   71.1   6.0    7.1e-21   71.0   6.0    1.0  1  nat_944bef72ec0f0333ef58  
      2e-20   69.5   2.6    2.3e-20   69.4   2.6    1.0  1  nat_341f22f6df848fe1e159  
    3.7e-20   68.7   5.5      4e-20   68.6   5.5    1.0  1  nat_08f506a8e9498c03b468  
    2.5e-19   66.0   2.6    2.9e-19   65.8   2.6    1.0  1  nat_22f3216261d87724d5ca  
    3.5e-19   65.5   3.1    4.1e-19   65.3   3.1    1.1  1  nat_7c7d01a7d3871f469ba6  
    3.8e-19   65.4   2.3    4.4e-19   65.2   2.3    1.1  1  nat_acc4591c95caebc1acdc  
      2e-18   63.1   4.0    2.2e-18   63.0   4.0    1.0  1  nat_d0f5f95022cd7da863cf  
    1.5e-17   60.3   5.0    1.7e-17   60.2   5.0    1.0  1  nat_9f67ffb9509d5a532d5a  
    1.5e-17   60.3   4.1    1.7e-17   60.2   4.1    1.0  1  nat_64e943fc36a310c6d121  
    6.1e-15   51.9   0.6    7.4e-15   51.6   0.6    1.1  1  nat_8fce9d99308bcf67cd3b  
    1.1e-14   51.1   0.2    1.2e-14   51.0   0.2    1.1  1  nat_42c70c8520ebfd69a3a8  
    1.3e-09   34.8   4.2    1.4e-09   34.7   4.2    1.2  1  nat_68254939d0e81bc7115c  
      7e-09   32.5   5.8    7.3e-09   32.4   5.8    1.0  1  nat_7b0f7b8528d5bb85e97b  
    0.00046   17.0   0.7    0.00068   16.4   0.7    1.3  1  nat_cc9d0eca2af440c02e36  
     0.0032   14.3   2.9     0.0045   13.8   2.9    1.1  1  nat_2d3db8b8e0fa09ac51c5  
     0.0064   13.3   3.4     0.0079   13.0   3.4    1.1  1  nat_167bf66cb53e9339f788  
  ------ inclusion threshold ------
      0.028   11.3   6.8       0.12    9.2   1.7    2.3  2  nat_7b982f3adbb743e270fc  
      0.031   11.1   2.2      0.041   10.7   2.2    1.3  1  nat_13a8858106c206244ca2  
      0.041   10.7   0.7      0.074    9.9   0.7    1.4  1  nat_7c2eb329deec0b040768  
      0.042   10.7   1.0      0.074    9.9   1.0    1.3  1  nat_a67dd765d5d9f1265194  
      0.058   10.2   6.9       0.25    8.2   1.8    2.2  2  nat_ca242131f6ef5b732fcf  
       0.11    9.3   0.8       0.24    8.3   0.8    1.5  1  nat_13c7bdc1db3281cde4e2  
       0.11    9.3   0.9       0.19    8.6   0.9    1.4  1  nat_daa26bb81225045c82c6  
       0.12    9.2   5.9      0.085    9.7   2.4    2.0  2  nat_71c4eaf80d5c340613c0  
       0.12    9.2   0.7       0.29    8.0   0.7    1.6  1  nat_090dc7b70b9c355b2ef5  
       0.15    8.9   0.7       0.23    8.3   0.7    1.3  1  nat_9863770a194a0d55027a  
        0.2    8.5   3.7       0.23    8.3   1.6    1.9  1  nat_2a2c6ce836f6b052a898  
       0.21    8.4   0.7       0.32    7.9   0.7    1.3  1  nat_2dde3392aae621ffc247  
       0.23    8.3   0.1       0.34    7.8   0.1    1.2  1  nat_dc91976c7c3450587080  
       0.26    8.1   4.4       0.11    9.4   1.8    1.7  1  nat_2e5af0d60bf3d90fabb5  
       0.26    8.1   1.6       0.48    7.3   1.2    1.6  1  nat_c4902f96def6fb28eba2  
       0.37    7.6   0.3       0.61    6.9   0.3    1.3  1  nat_f1643822251b583b4a61  
       0.38    7.6   0.2       0.55    7.1   0.2    1.3  1  nat_93ee8755b8fb64b781d3  
       0.38    7.6   0.4       0.53    7.2   0.4    1.3  1  nat_ca058e965d65a8238480  
        0.4    7.5   0.1       0.59    7.0   0.1    1.2  1  nat_d7b8c5c7cb6b1053592e  
       0.41    7.5   0.1       0.84    6.5   0.1    1.6  1  nat_677fef9f35b54b8f59f4  
       0.41    7.5   6.2       0.46    7.3   4.2    2.1  1  nat_1b6af661fda31bf1e196  
       0.44    7.4   0.9       0.64    6.9   0.9    1.3  1  nat_db12f4452278c4bf469c  
       0.44    7.4   0.4       0.66    6.8   0.4    1.3  1  nat_3051d69cdf2eb2867c43  
       0.45    7.4   0.2       0.69    6.8   0.2    1.3  1  nat_4a66b9c8b2b4962ce727  
       0.46    7.4   2.7       0.25    8.2   0.7    1.6  1  nat_8f0e9788569f498f75f5  
       0.46    7.3   1.0        0.8    6.6   1.0    1.4  1  nat_1af92f4517cb07b380d4  
       0.53    7.2   0.3       0.75    6.7   0.3    1.2  1  nat_def4e5618d2d3f638abe  
       0.54    7.1   3.1        1.7    5.6   3.1    1.8  1  nat_2dc604d7cf304f255e88  
        0.6    7.0   0.7       0.79    6.6   0.7    1.3  1  nat_cb75faf383e3b49f7b2a  
       0.63    6.9   1.4       0.91    6.4   1.4    1.3  1  nat_23973d3194845969e917  
       0.63    6.9   3.1       0.78    6.6   3.1    1.2  1  nat_4206b3c83132ed838cad  
       0.69    6.8   0.4       0.84    6.5   0.4    1.3  1  nat_47a61474e6eef4332090  
       0.84    6.5   0.9        2.4    5.1   0.3    2.0  1  nat_e6206d4d062bc49b3366  
       0.87    6.5   0.4        1.2    6.0   0.4    1.3  1  nat_b5b675473d129fb38c34  
       0.89    6.4   1.5        1.9    5.4   1.5    1.5  1  nat_ac5a4ab0595f93b85963  
       0.93    6.4   0.2        1.2    6.0   0.2    1.3  1  nat_b627cf2b1cd715426291  
       0.93    6.4   1.2          2    5.3   1.1    1.4  1  nat_b854d939d1cc416089b0  
       0.94    6.3   0.7        1.3    5.9   0.7    1.2  1  nat_bb2d656c6c5518eb0448  
          1    6.3   2.6        1.1    6.1   2.6    1.1  1  nat_e8725e8fbddfd6b8fab4  
        1.1    6.2   0.6        1.6    5.6   0.6    1.2  1  nat_8f6356423342dd6a8af7  
        1.2    6.0   1.8        2.9    4.8   1.5    1.8  1  nat_98d8ecbaaf4dc079697a  
        1.2    6.0   8.9        2.2    5.2   4.7    2.4  2  nat_c6294867c99abd04a2a4  
        1.2    6.0   1.6          2    5.3   1.5    1.3  1  nat_581afdb2c32bf607da5a  
        1.2    6.0   0.2        1.5    5.7   0.2    1.3  1  nat_7ec22aa305996fdcbbe6  
        1.2    6.0   2.4        1.7    5.5   2.0    1.4  1  nat_5a8e04fda20d0284fcf2  
        1.3    5.9   1.1          2    5.3   1.1    1.5  1  nat_8a38fd6e94c52ecb3e00  
        1.3    5.9   1.0        1.9    5.4   1.0    1.2  1  nat_5c2e3230af84af2b587d  
        1.3    5.9   0.1          2    5.3   0.1    1.3  1  nat_78a9f4fc56b943558b47  
        1.3    5.9   0.1        1.7    5.5   0.1    1.3  1  nat_9ad8adafd39e806bd787  
        1.4    5.8   6.4        1.8    5.4   6.4    1.1  1  nat_b07496d6758a328c5961  
        1.4    5.8   0.1        3.6    4.5   0.1    1.6  1  nat_14bf89de72ffebc8daf2  
        1.6    5.6   0.2        2.7    4.9   0.2    1.4  1  nat_de84dd334c6549477037  
        1.8    5.5   0.4        3.1    4.7   0.4    1.4  1  nat_b0bc17f554cd4bd5d816  
        1.8    5.5   2.0        3.3    4.6   2.1    1.5  1  nat_4d6fdbbe43a6a597d4b4  
        1.9    5.4   8.4       0.16    8.8   1.9    2.2  1  nat_04929645ec641fea858e  
        1.9    5.4   0.2        2.8    4.8   0.2    1.3  1  nat_19313a16de85e8dc6da2  
        1.9    5.3   0.1        2.4    5.0   0.1    1.2  1  nat_63b8d2c76b5087893a75  
          2    5.3   0.9        2.6    4.9   0.9    1.2  1  nat_5a717df99d67fd784241  
          2    5.3   2.3        3.1    4.7   1.4    1.6  1  nat_4d078b98a15dd30260b8  
        2.3    5.1   2.3        4.9    4.0   2.3    1.5  1  nat_00945445101ba336d3c1  
        2.4    5.1   1.5          3    4.7   1.5    1.1  1  nat_2f81ae5a8efef14f8a07  
        2.4    5.0   0.4         16    2.4   0.1    2.1  1  nat_a06eef8fee93cc72d981  
        2.5    5.0   0.3        3.3    4.6   0.3    1.3  1  nat_b629ea5b6ccdf5cafe33  
        2.5    5.0   1.1        3.3    4.6   1.1    1.2  1  nat_a07c55369bbbf7504123  
        2.7    4.9   0.4        4.7    4.1   0.4    1.3  1  nat_1d519e42f5e4d4625382  
        2.9    4.8   4.2        3.5    4.5   4.2    1.1  1  nat_82b15fd1e2a58ca3c8d0  
          3    4.7   1.7        5.6    3.9   1.7    1.4  1  nat_4679d56f6681435313d7  
        3.4    4.6   0.5         12    2.8   0.2    1.9  1  nat_99861ed9cc175485de8b  
        3.6    4.5   0.3        6.3    3.7   0.3    1.3  1  nat_bc6806cbbc65718c537b  
        3.6    4.5   1.7        5.2    4.0   1.7    1.5  1  nat_76da33fd04b27484cbcd  
        3.6    4.5   1.0        4.8    4.1   1.0    1.2  1  nat_6564bfeee9ba0940d56f  
        3.8    4.4   0.6        7.3    3.5   0.6    1.4  1  nat_7f0e9e38f80486cab386  
          4    4.3   4.0         17    2.3   3.6    2.1  1  nat_cad1eb46349cc94da814  
          5    4.0   0.0        7.3    3.5   0.0    1.3  1  nat_9ba949b2aab9e2be6898  
          5    4.0  12.6        2.1    5.2   6.1    2.7  2  nat_9a9fa733c600121c0319  
        5.2    4.0   0.1        8.5    3.3   0.1    1.4  1  nat_fb5c50128dbd5c384bba  
        5.5    3.9   4.1        1.1    6.1   0.9    1.5  1  nat_395ec35f14effdb2da3a  
        5.5    3.9   0.3          9    3.2   0.3    1.4  1  nat_299ca2c9b99a9aadf54a  
        5.7    3.8   0.1        8.3    3.3   0.1    1.3  1  nat_7d45d6cf3df5d3d36985  
        5.9    3.8   0.2         10    3.0   0.2    1.4  1  nat_7c3de3fe13342d4e92f5  
          6    3.8   0.2        7.6    3.4   0.2    1.4  1  nat_cc277418f009938ffb7b  
        6.2    3.7   0.7        7.6    3.4   0.7    1.3  1  nat_28fe1b57f20e35dc1b32  
        6.3    3.7   0.1        9.4    3.1   0.1    1.2  1  nat_d39c56188f28cb02ba10  
        6.4    3.7   0.4          9    3.2   0.4    1.3  1  nat_10402ebc20235ea85773  
        6.6    3.6   0.5         11    3.0   0.4    1.3  1  nat_b10fc547fbd9c05dd022  
        6.8    3.6   0.5         10    3.0   0.5    1.5  1  nat_b5ccff48f879b7cc34ad  
        7.2    3.5   1.2         13    2.7   1.2    1.4  1  nat_3dee88ac2224aeef66c6  
        7.3    3.5   9.3        2.7    4.9   5.8    2.0  1  nat_74c75a9811d827201939  
        7.5    3.5   0.0        9.9    3.1   0.0    1.4  1  nat_1f7ab0dfc808b4ef03c3  
        7.6    3.4   0.1         12    2.8   0.1    1.4  1  nat_7ee1d64f80049d71603c  
        7.9    3.4   0.0        9.9    3.1   0.0    1.3  1  nat_d80e058d93177215aa4b  
          8    3.4   1.2        9.4    3.1   1.2    1.2  1  nat_f19e30abde1c734a02eb  
          8    3.4   0.2         12    2.8   0.2    1.7  1  nat_75a89740ad2cb7445378  
          8    3.4   0.8         11    3.0   0.8    1.3  1  nat_f6ad48ba3d6950d55fac  
        8.1    3.3   0.1         11    2.9   0.1    1.4  1  nat_92d7d81f95603487cd9c  
        8.2    3.3   1.1         12    2.8   1.1    1.3  1  nat_3ca681349695f8ed3ee4  
        8.2    3.3   0.1         14    2.6   0.1    1.4  1  nat_023128e0df407b2417ae  
        8.2    3.3   0.8         14    2.6   0.8    1.3  1  nat_93f7db09d3715d2b4013  
        8.2    3.3   0.1         15    2.5   0.1    1.4  1  nat_830632d521f3236a361b  
        8.3    3.3   0.0         11    2.9   0.0    1.4  1  nat_bda4e304d446361a159c  
        8.4    3.3   1.2         18    2.2   0.2    1.8  1  nat_af3d459664f55329d87d  
        8.5    3.3   1.0         11    2.9   1.0    1.3  1  nat_521484c428743b2a28a2  
        8.7    3.2   0.1         14    2.6   0.1    1.3  1  nat_05b12b3e859ceb6ed015  
        8.8    3.2   0.1         23    1.9   0.1    1.8  1  nat_744a9d49541c2fd7d2e2  
        9.1    3.2   1.9         11    3.0   1.9    1.3  1  nat_935d7d0e66b4d7c7301a  
        9.3    3.2   0.3         11    2.9   0.3    1.2  1  nat_c25d7e556c15742553a1  
        9.4    3.1   0.4         12    2.8   0.4    1.3  1  nat_ebf292a13c22a6fb10ff  
        9.4    3.1   0.1         12    2.8   0.1    1.3  1  nat_643eb77a8f781d63766e  
        9.5    3.1   0.3         12    2.8   0.3    1.3  1  nat_75c7fbef14ba03f076f3  
        9.6    3.1   0.8         15    2.5   0.8    1.3  1  nat_4ec35b7e5d4432cf30cc  
         10    3.1   0.2         12    2.8   0.2    1.3  1  nat_ebd14cfcc4230e68547c  
         10    3.0   0.6         15    2.5   0.6    1.5  1  nat_ccd25408209dd226eaf9  
         10    3.0   3.5         13    2.7   3.5    1.2  1  nat_ac4b5fca0de2eeea6c28  
         11    3.0   1.9         14    2.6   1.9    1.3  1  nat_21ce4c05e2c1231a2b33  
         11    3.0   0.4         20    2.1   0.4    1.3  1  nat_61dc8856dc8fc8349d45  
         11    2.9   1.6         14    2.6   1.4    1.3  1  nat_95bd1ae896e6b37799a7  
         11    2.9   1.7         22    2.0   1.6    1.6  1  nat_dc28b3b3593d013bafd7  
         11    2.9   0.2         22    2.0   0.2    1.4  1  nat_18c3ff0aa63aa216bdf8  
         11    2.9   0.3         18    2.3   0.3    1.2  1  nat_6770b7649ec68cfb7397  
         11    2.9   0.2         18    2.3   0.2    1.5  1  nat_32fcf9c5b6202c499dc1  
         12    2.9   0.1         16    2.4   0.1    1.2  1  nat_4329fc20815a3de16628  
         12    2.8   0.1         15    2.5   0.1    1.3  1  nat_81de2b78d291d512c1e2  
         12    2.8   9.1          7    3.6   3.0    2.7  2  nat_334d7739f0f8b9783b70  
         12    2.8   3.8         20    2.1   3.8    1.5  1  nat_e142d4451fae05079861  
         12    2.8   0.4         18    2.3   0.4    1.3  1  nat_1c3d745a993f2e62d375  
         12    2.7   7.2        3.7    4.4   1.2    2.4  2  nat_f2b695930cb506a8b51a  
         12    2.7   0.7         19    2.1   0.7    1.4  1  nat_b47c8eec954491beb714  
         12    2.7   0.5         19    2.2   0.5    1.4  1  nat_84eddb9c9ecca10afd5a  
         13    2.7   0.3         19    2.1   0.3    1.4  1  nat_38cb7bda240a833d36b3  
         13    2.7   0.3         16    2.4   0.3    1.3  1  nat_0121f9805d9138155c94  
         13    2.7   0.7         20    2.1   0.7    1.4  1  nat_74aacbad701be1598660  
         13    2.7   1.2         19    2.2   1.1    1.4  1  nat_46f1cb4a042a2dfc3559  
         13    2.7   1.6         19    2.2   0.8    1.7  1  nat_f8525a433cd037b737c6  
         13    2.7   1.1         30    1.5   0.1    2.1  1  nat_bda2bb5bb32dc7505031  
         14    2.6   0.1         19    2.2   0.1    1.2  1  nat_8be088bcd53ef20d5eec  
         14    2.6   1.2         19    2.1   1.1    1.3  1  nat_9ec14e80a2c82af4533c  
         14    2.6   2.2         21    2.0   1.7    1.4  1  nat_d50eae402323b817dffd  
         14    2.6  10.2         26    1.7   8.0    2.3  1  nat_f5256963794cadafaf50  
         14    2.6   0.0         20    2.1   0.0    1.4  1  nat_30c8db5b2a48ec02340b  
         14    2.5   0.9         17    2.3   0.9    1.3  1  nat_2317929bd5b9bea26c5e  
         14    2.5   0.1         22    2.0   0.1    1.4  1  nat_d6e9dabc7155ae370ddb  
         15    2.5   0.0         28    1.6   0.0    1.4  1  nat_48dbcd4ed98d41a9651a  
         15    2.5   0.6         23    1.9   0.6    1.5  1  nat_7d8f193406ee761e1417  
         15    2.5   3.9         31    1.5   3.9    1.5  1  nat_fc4e19fc8e138cede0e0  
         15    2.5   0.3         24    1.8   0.3    1.5  1  nat_4f76b230eb60279eb5dd  
         16    2.4   0.1         27    1.7   0.1    1.3  1  nat_c54850c6159ad64d41a5  
         16    2.4   0.0         28    1.6   0.0    1.4  1  nat_ae0d3c1433adbcb50ef7  
         16    2.4   0.5         27    1.7   0.5    1.5  1  nat_a49cfe7d33cec22c3905  
         16    2.4   0.2         21    2.0   0.2    1.2  1  nat_c24b0ac6128907419709  
         16    2.4   0.4         26    1.7   0.4    1.5  1  nat_78005b3dddedd0251b7e  
         16    2.4   0.3         24    1.9   0.3    1.4  1  nat_729a9790a662e92ab379  
         16    2.4   1.2         24    1.8   1.2    1.4  1  nat_22edc8a638b6a2edc028  
         17    2.3   0.3         26    1.7   0.3    1.5  1  nat_a8908cb0d732ddf5c6d4  
         17    2.3   6.8        3.3    4.6   1.3    2.3  1  nat_492035bd7857aca04ece  
         17    2.3   0.5         20    2.1   0.5    1.3  1  nat_faf24daf3257ab31b44d  
         17    2.3   5.2        6.7    3.6   1.2    2.4  1  nat_6a167a94a8e6ee1a149f  
         17    2.3   0.6         34    1.3   0.6    1.4  1  nat_f9c45289a7ec08ecb250  
         17    2.3   0.2         26    1.7   0.2    1.4  1  nat_c0d8f1302fa41452efbc  
         17    2.3   2.8         24    1.8   2.8    1.3  1  nat_5a737a64d401db430800  
         17    2.3   0.3         25    1.8   0.3    1.4  1  nat_d92cb9dcfcf48b731b50  
         17    2.3   0.2         26    1.7   0.2    1.5  1  nat_dbd11e06d90ad48401af  
         17    2.3   0.0         27    1.7   0.0    1.3  1  nat_41c961009656e555d77b  
         18    2.3   0.1         39    1.2   0.1    1.4  1  nat_9ecb68caf9b062eead15  
         18    2.3   0.0         24    1.8   0.0    1.2  1  nat_b98ff0a704b47fc46c7b  
         18    2.2   0.1         30    1.5   0.1    1.3  1  nat_8e0a2c13b1b8165a790e  
         18    2.2   0.1         26    1.7   0.1    1.4  1  nat_4dc9c1477d3d6b181da7  
         18    2.2   2.9         22    1.9   2.8    1.3  1  nat_ff99c037c948a02afb0b  
         18    2.2   0.0         25    1.8   0.0    1.4  1  nat_c468502803b4ab5981f1  
         18    2.2   0.1         26    1.7   0.1    1.3  1  nat_07f90c8c92dbdb92b94e  
         18    2.2   0.1         29    1.6   0.1    1.4  1  nat_1f956fdbc151f2ec0ffb  
         18    2.2   0.4         22    2.0   0.4    1.3  1  nat_9563afccb8c08431776b  
         18    2.2   0.2         28    1.6   0.2    1.4  1  nat_a9c10692b45d32f772b4  
         18    2.2   1.2         30    1.5   1.2    1.4  1  nat_d8ac85c1e2427ebd2b9e  
         18    2.2   0.3         26    1.7   0.3    1.4  1  nat_48f4fc548c0153a5775e  
         19    2.2   0.1         29    1.6   0.1    1.3  1  nat_ecb1c2738797f1742802  
         19    2.2   0.2         27    1.6   0.2    1.4  1  nat_8f3e753527c876cd94f0  
         19    2.2   0.1         30    1.5   0.1    1.3  1  nat_c6080e51aceffe4e0a16  
         19    2.2   0.2         21    2.0   0.2    1.2  1  nat_0d96b287dd19f0443d0b  
         19    2.2   0.3         29    1.6   0.3    1.5  1  nat_842bc418f0682cd2a9c8  
         19    2.2   7.4         22    2.0   3.4    2.3  2  nat_38c4b7b40831450106bb  
         19    2.1   0.0         26    1.7   0.0    1.4  1  nat_d4ba65189ba86a477cc5  
         19    2.1   0.3         30    1.5   0.3    1.5  1  nat_a7791ad55c70e7fd3462  
         19    2.1   0.2         29    1.6   0.2    1.4  1  nat_9ca97034ea4d97950343  
         19    2.1   0.2         31    1.5   0.2    1.4  1  nat_4b58b860e36e01bdb682  
         19    2.1   0.0         30    1.5   0.0    1.3  1  nat_41d8ab0f02461073a97c  
         19    2.1   0.2         30    1.5   0.2    1.4  1  nat_0145b7d0415b25474bf7  
         20    2.1   0.2         29    1.6   0.2    1.4  1  nat_94cdaea6b1db7bfe983f  
         20    2.1   0.2         28    1.6   0.2    1.3  1  nat_cbba243dc1613c0cb1fa  
         20    2.1   0.2         31    1.5   0.2    1.4  1  nat_0077c6cbf903d0b80137  
         20    2.1   1.8         37    1.2   0.2    2.0  1  nat_3d03178d5c86075982f0  
         20    2.1   0.5         31    1.5   0.5    1.5  1  nat_dc6aa26cbe06c32b68c2  
         20    2.1   0.2         34    1.4   0.2    1.4  1  nat_c8490949e18e771ed8c8  
         20    2.1   0.2         29    1.6   0.2    1.4  1  nat_4482775e0979509e45d2  
         20    2.1   0.4         57    0.6   0.2    1.7  1  nat_c0d82e06313e16097f0a  
         20    2.1   0.3         30    1.5   0.3    1.5  1  nat_8189ed3c9ac18707f549  
         20    2.1   0.2         31    1.5   0.2    1.4  1  nat_144165ea4d3ea8a64b2e  
         20    2.1   0.2         29    1.6   0.2    1.4  1  nat_b9de124a92fba0281b06  
         21    2.0   0.3         29    1.6   0.3    1.4  1  nat_05d62502987d9405b8af  
         21    2.0   0.2         30    1.5   0.2    1.4  1  nat_1eda5f35014077cd8e25  
         21    2.0   0.2         33    1.4   0.2    1.4  1  nat_1564401f2a553c444667  
         21    2.0   0.2         28    1.6   0.2    1.4  1  nat_75679c0d4db585656573  
         21    2.0   2.2         29    1.6   2.2    1.4  1  nat_f78382fe3dd21fcadefa  
         21    2.0   1.2         29    1.6   1.2    1.4  1  nat_88718dd3cb77e8c5a330  
         21    2.0   0.9         32    1.5   0.9    1.4  1  nat_004259139cc6a322721e  
         21    2.0   0.2         34    1.4   0.2    1.4  1  nat_bf5abb4d953e0d6aaa1f  
         21    2.0   0.2         31    1.5   0.2    1.4  1  nat_62bc5089576517d5fad1  
         21    2.0   1.0         34    1.4   1.0    1.3  1  nat_0a6e89f60cd37515559e  
         21    2.0   0.4         31    1.5   0.4    1.4  1  nat_86af2bea85657bdc848a  
         21    2.0   0.2         34    1.4   0.2    1.4  1  nat_215f48254c804f1f2876  
         21    2.0   2.1         33    1.4   2.1    1.5  1  nat_45a9e22305a1b46f68f2  
         21    2.0   0.1         35    1.3   0.1    1.4  1  nat_acb38079c01f07d0de6f  
         21    2.0   0.2         34    1.3   0.2    1.4  1  nat_0101bc590c89813c161a  
         22    2.0   0.3         31    1.5   0.3    1.4  1  nat_1aef09f774a1818b7e24  
         22    2.0   0.4         31    1.5   0.4    1.4  1  nat_dad443e0412ef646de5e  
         22    2.0   0.2         32    1.4   0.2    1.4  1  nat_69442765a7e1224b0435  
         22    2.0   1.7         31    1.5   1.7    1.3  1  nat_cf2b86e8ceab5f9ee1d8  
         22    2.0   0.0         31    1.5   0.0    1.3  1  nat_57d11d6b58e3b78591e1  
         22    2.0   0.2         31    1.5   0.2    1.4  1  nat_a36a3359d46f89a3e9c6  
         22    2.0   0.0         60    0.6   0.0    1.7  1  nat_6456c7962887f5ec8ec6  
         22    1.9   0.9         26    1.7   0.9    1.4  1  nat_b7b637f34ee70e87224a  
         22    1.9   0.4         36    1.3   0.4    1.5  1  nat_3dcd4bf22b7bbdb49d82  
         22    1.9   1.7         37    1.2   1.7    1.4  1  nat_6f78ae7dbd3067bdbed8  
         23    1.9   0.2         34    1.4   0.2    1.4  1  nat_fca422d4ddd5dcd65605  
         23    1.9   0.0         33    1.4   0.0    1.3  1  nat_3fffa9db9247345bf996  
         23    1.9   3.6         45    0.9   3.6    1.6  1  nat_012f7ed0df540c626390  
         23    1.9   0.2         34    1.3   0.2    1.4  1  nat_168a7720be25950ce7a5  
         23    1.9   5.3         23    1.9   1.8    2.1  2  nat_f9ed5273156498868a4d  
         23    1.9   0.2         33    1.4   0.2    1.4  1  nat_87d470267a8c16ab7df9  
         23    1.9   0.2         38    1.2   0.2    1.4  1  nat_6681febe116459c77b18  
         23    1.9   2.0         33    1.4   1.9    1.4  1  nat_3f4ad2718cecb9460dfc  
         24    1.8   0.2         38    1.2   0.2    1.4  1  nat_3e6bf91c590be6684eed  
         24    1.8   0.3         40    1.1   0.3    1.6  1  nat_05a00477d12701f3890c  
         24    1.8   0.0         36    1.3   0.0    1.3  1  nat_65a24aaa375f0bffdfc5  
         24    1.8   0.2         45    1.0   0.2    1.3  1  nat_f864a12904c8dbc79075  
         24    1.8   0.2         35    1.3   0.2    1.3  1  nat_49d3875a5ef4bbb644f9  
         24    1.8   0.2         36    1.2   0.2    1.5  1  nat_9fda348180c612303cdb  
         24    1.8   0.4         25    1.8   0.4    1.3  1  nat_693ec0d594298d9459ad  
         24    1.8   0.2         35    1.3   0.2    1.3  1  nat_d1b057f953bd558c0457  
         24    1.8   0.9         30    1.5   0.9    1.4  1  nat_a0004fe0af44e3e50ba6  
         24    1.8   0.3         37    1.2   0.3    1.4  1  nat_d4bbfd09a62903f1dd61  
         25    1.8   0.0         35    1.3   0.0    1.2  1  nat_7dbf168b0a730e9f7293  
         25    1.8   0.3         36    1.3   0.3    1.4  1  nat_943ce15fb7773fa3a769  
         25    1.8   2.2         28    1.6   2.2    1.3  1  nat_1ffb716e986dbe270146  
         25    1.8   0.4         37    1.2   0.4    1.3  1  nat_7c3fe835f2de28872203  
         25    1.8   0.2         35    1.3   0.2    1.4  1  nat_d5d6f3cedb33fb3328b6  
         26    1.7   0.3         37    1.2   0.3    1.4  1  nat_edcfcd19baadeee00eaf  
         26    1.7   1.9         33    1.4   1.9    1.3  1  nat_d190f67f4075b2e1dcdb  
         26    1.7   1.6         33    1.4   1.6    1.4  1  nat_d3b471aebb2636ab3f7c  
         26    1.7   0.1         30    1.5   0.1    1.2  1  nat_340bf83afc765d1b00fd  
         27    1.7   0.1         40    1.1   0.1    1.3  1  nat_d18c3f8a7743da7fc46c  
         27    1.7   0.2         38    1.2   0.2    1.4  1  nat_4d722634e257d2a7d133  
         27    1.7   1.9         57    0.6   0.1    2.2  1  nat_8c82fe5fea12885eaa10  
         27    1.6   2.6         35    1.3   1.7    1.4  1  nat_e355a3cabd64b6b94474  
         27    1.6   0.0         34    1.3   0.0    1.2  1  nat_d9b388b924f7fb872e9a  
         27    1.6   0.2         43    1.0   0.2    1.4  1  nat_3beea3bf721df3e90ae2  
         28    1.6   1.2         37    1.2   0.5    1.4  1  nat_f463633620130e740645  
         28    1.6   0.1         36    1.3   0.1    1.4  1  nat_4cea385a8794a0b112c3  
         28    1.6   0.2         40    1.1   0.2    1.4  1  nat_bf00fc1bb4a6bea076a5  
         28    1.6   0.2         36    1.3   0.2    1.4  1  nat_82e4660fb87f57daff30  
         28    1.6   0.1         38    1.2   0.1    1.4  1  nat_fe2e069c7d192a9aa4be  
         28    1.6   5.1        7.6    3.4   1.4    1.9  1  nat_8389675bf7368457eedd  
         28    1.6   0.6         43    1.0   0.6    1.4  1  nat_fa2383cbfbff83286c61  
         28    1.6   1.4         38    1.2   1.2    1.3  1  nat_b2c27e09d74473b0ebc2  
         28    1.6   0.8         53    0.7   0.8    1.4  1  nat_7bdcd34808440e398074  
         28    1.6   0.8         54    0.7   0.8    1.4  1  nat_5db4f89b8985994be8c6  
         30    1.5   2.0         43    1.0   2.0    1.4  1  nat_d8886baa75cb39b8df27  
         30    1.5   0.2         43    1.0   0.2    1.4  1  nat_64863b5b8a6b08db9fd7  
         31    1.5   0.2         46    0.9   0.2    1.4  1  nat_4e9e86277af05dbd050d  
         31    1.5   0.1         50    0.8   0.1    1.4  1  nat_d07d112598796fe30d76  
         31    1.5   0.3         43    1.0   0.3    1.3  1  nat_b777f719d06f5568d601  
         31    1.5   2.9         43    1.0   2.9    1.4  1  nat_22b97f35b905826c7d19  
         32    1.4   0.2         52    0.8   0.2    1.5  1  nat_6b2c0d4d7468a9bb7cde  
         32    1.4   1.0         46    0.9   0.7    1.3  1  nat_868cd976b7dd6f5d055d  
         33    1.4   1.8         43    1.0   1.8    1.3  1  nat_a31bf6961511d9b2e5db  
         33    1.4   1.7         41    1.1   1.8    1.2  1  nat_e68c2635df884c45a501  
         33    1.4   1.1         41    1.1   1.1    1.4  1  nat_d73c23b69cd9d76397d0  
         33    1.4   2.7         39    1.2   2.7    1.2  1  nat_dfc6d9c3df75d03c2479  
         34    1.4   0.1         48    0.9   0.1    1.3  1  nat_5d40201e59780a4578e1  
         34    1.4   2.8         45    1.0   2.8    1.3  1  nat_af29a9c134c8c13c12cf  
         34    1.4   0.2         55    0.7   0.2    1.3  1  nat_9de3a1c74219c52c041e  
         34    1.4   1.5         61    0.5   1.5    1.4  1  nat_d3c36edb3c6b427867e3  
         34    1.3   0.1         45    1.0   0.1    1.3  1  nat_82589630f5ae2d3f307c  
         35    1.3   0.1         45    1.0   0.1    1.2  1  nat_27cf1e5aac6ec3dd931d  
         35    1.3   0.1         52    0.8   0.1    1.4  1  nat_0ae199fc6d044a2da135  
         36    1.3   1.0         55    0.7   1.0    1.5  1  nat_4b12dfb542826f087a7e  
         36    1.3   0.0         47    0.9   0.0    1.3  1  nat_dca06c4ca76aafac96e9  
         36    1.3   3.3         51    0.8   3.3    1.4  1  nat_5862b03f358ba80678c2  
         38    1.2   0.7         98   -0.1   0.7    1.5  0  nat_eea50b6e1902af9b049c  
         38    1.2   0.6         64    0.5   0.4    1.4  1  nat_b9a3d3a346b0bcc296b5  
         38    1.2   0.7         69    0.4   0.7    1.4  1  nat_2cbea2021b2dcea14377  
         38    1.2   0.2         77    0.2   0.2    1.4  1  nat_3b38714f6cbc7137424f  
         38    1.2   0.0         51    0.8   0.0    1.3  1  nat_351862cb01754fd1ab98  
         39    1.1   0.2         60    0.6   0.2    1.4  1  nat_edc787924d6392f7c1f5  
         40    1.1   0.4         89   -0.0   0.4    1.5  0  nat_b4205fc26537087a80e8  
         40    1.1   0.0         48    0.9   0.0    1.4  1  nat_73e0b5aa88a198c56cae  
         41    1.1   0.2         64    0.5   0.2    1.4  1  nat_00058845722df3ede422  
         41    1.1   0.3         63    0.5   0.3    1.4  1  nat_833a1708482ad34125e2  
         41    1.1   0.5         80    0.2   0.4    1.4  1  nat_8bb53690eb425655a7a8  
         42    1.1   0.2         89    0.0   0.1    1.5  1  nat_b924ca0fc25dc601d2bb  
         42    1.0   0.2         64    0.5   0.2    1.4  1  nat_b14dbbd56a14a6238029  
         42    1.0   1.8         83    0.1   1.8    1.5  1  nat_c22ec0560f03a826fc2e  
         43    1.0   0.4         93   -0.1   0.4    1.5  0  nat_2d8e972f7b8e0b149992  
         43    1.0   0.2         64    0.5   0.2    1.4  1  nat_64b87c36790fe3acd4ba  
         43    1.0   0.1         78    0.2   0.1    1.3  1  nat_549f36d80bd165ad0855  
         43    1.0   2.1         55    0.7   1.2    1.3  1  nat_0aef17ff33a56ad243d6  
         43    1.0   0.8         83    0.1   0.8    1.4  1  nat_833997551203b7f90ae0  
         44    1.0   0.0         58    0.6   0.0    1.2  1  nat_c9bd062078459f510060  
         44    1.0   1.4         52    0.8   1.4    1.3  1  nat_55b02474c0fab1efb3b4  
         44    1.0   1.9         55    0.7   1.9    1.4  1  nat_9fafac92a5d42b5a3892  
         44    1.0   1.8         75    0.2   1.3    1.6  1  nat_60c3f8137e62060fbc73  
         46    0.9   0.1         67    0.4   0.1    1.5  1  nat_2257aec2c4abeff42ec4  
         46    0.9   0.6    1.2e+02   -0.4   0.6    1.6  0  nat_bf33b68f47e85cfde16e  
         46    0.9   4.1         85    0.1   4.1    1.5  1  nat_e40d3b614313d5e855db  
         46    0.9   1.2         66    0.4   1.2    1.3  1  nat_719ddebd2b5b980d36ce  
         47    0.9   2.0         55    0.7   1.3    1.6  1  nat_0d23f52cf0ddbd815d88  
         47    0.9   1.5         79    0.2   1.5    1.3  1  nat_d82c955fa7d898a2ab96  
         49    0.8   2.5         60    0.5   2.5    1.3  1  nat_a805025f1e78467c4256  
         49    0.8   0.2    1.6e+02   -0.8   0.0    1.5  0  nat_ad18f8d7fabecf9750fb  
         50    0.8   0.9         74    0.3   0.9    1.4  1  nat_11cdda0e14dc63f88e35  
         50    0.8   0.6         81    0.1   0.6    1.4  1  nat_fca4193e69c1cb015d9a  
         50    0.8   5.0         64    0.5   5.0    1.2  1  nat_f3cee6b4b1ac4fbe31cd  
         51    0.8   0.1         66    0.4   0.1    1.2  1  nat_d11339e5575f1cf41503  
         51    0.8   0.0         59    0.6   0.0    1.2  1  nat_32d58e5d24419efe5e0e  
         51    0.8   0.1    1.3e+02   -0.5   0.1    1.4  0  nat_d0ec3f874170382d9f35  
         51    0.8   0.6    1.1e+02   -0.3   0.6    1.6  0  nat_2e713fded92313c4cd32  
         51    0.8   1.4         74    0.3   1.4    1.3  1  nat_370aa86e30267a3a072e  
         52    0.8   0.2         54    0.7   0.2    1.5  1  nat_65113288b099887ef152  
         53    0.7   5.9    1.3e+02   -0.5   5.9    1.7  0  nat_88ee1049db109262717a  
         53    0.7   0.2         75    0.2   0.2    1.4  1  nat_004ac783975534947324  
         53    0.7   1.5         76    0.2   1.5    1.3  1  nat_bb5cf35be2d320c0ead2  
         53    0.7   1.4         65    0.4   0.7    1.5  1  nat_9cc118c4f8ae07349652  
         53    0.7   3.7         89    0.0   0.1    2.0  1  nat_9bea7cdc12e000d2c3ea  
         53    0.7   1.0         74    0.3   0.9    1.3  1  nat_8d605ff22811ab4235d7  
         53    0.7   0.1         74    0.3   0.1    1.4  1  nat_dbcea97f4e8354ba3556  
         53    0.7   1.2    1.3e+02   -0.5   0.7    1.6  0  nat_2648d629b38e7cef6323  
         54    0.7   0.0         79    0.2   0.0    1.3  1  nat_0df60d2fc55bf3787af1  
         54    0.7   0.0         65    0.5   0.0    1.2  1  nat_1ed909a554bd91f8870f  
         54    0.7   1.3         68    0.4   1.3    1.2  1  nat_2be49069dec87643c3e5  
         54    0.7   0.0         85    0.1   0.0    1.3  1  nat_81c3c33e1052ca11c9fd  
         55    0.7   1.2         86    0.1   1.2    1.4  1  nat_1ad342624de277274295  
         57    0.6   0.0         96   -0.1   0.0    1.3  0  nat_0888ea426b7452a347fc  
         57    0.6   0.2    1.2e+02   -0.4   0.2    1.3  0  nat_575a3ddb97ad6997411f  
         59    0.6   0.1         82    0.1   0.1    1.3  1  nat_7a296141a2788c2145e9  
         59    0.6   0.0         90   -0.0   0.0    1.3  0  nat_67dd37821af98e87666e  
         59    0.6   0.1    1.1e+02   -0.3   0.1    1.3  0  nat_7058382ccfa4518d5f28  
         61    0.5   0.1         91   -0.0   0.1    1.4  0  nat_f49fe3672d6fdfda7cc7  
         61    0.5   1.6         98   -0.1   0.3    1.9  0  nat_13f4666837340d0e3697  
         61    0.5   0.2    1.1e+02   -0.3   0.2    1.4  0  nat_83b5a7fbdc055a7e6548  
         61    0.5   0.1    1.6e+02   -0.8   0.1    1.4  0  nat_2afc6fb850c8bc89b0f2  
         63    0.5   0.1    1.6e+02   -0.8   0.1    1.4  0  nat_de1520359c3cd2badb80  
         63    0.5   0.5    1.1e+02   -0.2   0.5    1.3  0  nat_36827e11a82ffe460664  
         63    0.5   1.2         82    0.1   1.2    1.3  1  nat_84154a5781d07c8500ca  
         63    0.5   1.0         72    0.3   1.0    1.4  1  nat_2730dab12de0ce3ce325  
         64    0.5   0.1         85    0.1   0.1    1.3  1  nat_d3c6f8adf24bb50b5677  
         65    0.4   3.6    1.5e+02   -0.7   3.6    1.6  0  nat_7ed72fe978260959b0d4  
         65    0.4   0.0         92   -0.0   0.0    1.2  0  nat_0d9cf3fa4290fec6ca54  
         65    0.4   0.8    1.3e+02   -0.5   0.5    1.4  0  nat_ebdc86196ce4e8d00cbf  
         65    0.4   4.1         89    0.0   4.1    1.3  1  nat_ae04aaf1066a11d3d107  
         66    0.4   0.1      1e+02   -0.2   0.1    1.3  0  nat_0b3996e134f02f495b8f  
         67    0.4   0.1    1.8e+02   -1.0   0.2    1.4  0  nat_4d4e00d31d935ed0527d  
         68    0.4   0.1      2e+02   -1.1   0.0    1.4  0  nat_9896810d394d4d1edf15  
         68    0.4   0.0    1.3e+02   -0.6   0.0    1.3  0  nat_8c0f48ab1366fa010ded  
         68    0.4   0.1         99   -0.1   0.1    1.4  0  nat_8d29ff35edf68fc809de  
         69    0.4   0.7    2.5e+02   -1.4   0.7    1.6  0  nat_28a3b1efd26c46ff28f4  
         69    0.4   0.1         92   -0.0   0.1    1.3  0  nat_ee10b37a92559cba1989  
         69    0.3   8.2         14    2.6   4.4    1.8  1  nat_00ff0d0f8a2cc408f4fc  
         70    0.3   0.0         97   -0.1   0.0    1.2  0  nat_50c226cfb171989d88e4  
         70    0.3   0.2    1.3e+02   -0.5   0.2    1.5  0  nat_36bb407811468e3b13d9  
         70    0.3   0.2    1.6e+02   -0.8   0.1    1.4  0  nat_7cb4966ababb293a7db4  
         71    0.3   0.3    1.4e+02   -0.7   0.3    1.3  0  nat_5ef8cfaf93da36fd8c08  
         71    0.3   0.0    1.4e+02   -0.6   0.0    1.3  0  nat_05a51c4640d1c2771769  
         72    0.3   0.0         89   -0.0   0.0    1.2  0  nat_fde7addd3bf07688f196  
         73    0.3   1.1    1.2e+02   -0.5   1.1    1.4  0  nat_f9a6c4e29c6909a7bfea  
         73    0.3   0.0    1.4e+02   -0.6   0.0    1.3  0  nat_9a52da9108207f742f79  
         73    0.3   0.0      1e+02   -0.2   0.0    1.2  0  nat_0d5c4d48b465e6ca9571  
         74    0.3   1.2         87    0.0   1.2    1.3  1  nat_3301e6c079648c50c9a5  
         74    0.3   1.5    1.2e+02   -0.5   1.1    1.5  0  nat_13f51706d5d2df8544bb  
         74    0.3   0.0    1.2e+02   -0.4   0.0    1.3  0  nat_86c1908d1d28058bf2a9  
         74    0.3   0.0    1.2e+02   -0.4   0.0    1.3  0  nat_02e0719c48b326139c30  
         75    0.2   0.7    1.3e+02   -0.5   0.3    1.5  0  nat_ed21f429d87e61b5eec4  
         75    0.2   0.5    1.5e+02   -0.7   0.3    1.6  0  nat_b0c47871cce8c048b264  
         76    0.2   0.0         89   -0.0   0.0    1.2  0  nat_09f47a4c9a94b657ae7d  
         76    0.2   0.1      4e+02   -2.1   0.3    1.6  0  nat_414c502e7645eadf3d0f  
         76    0.2   0.0    1.2e+02   -0.4   0.0    1.3  0  nat_46ac4cba4b1b67d73932  
         76    0.2   1.5    1.5e+02   -0.7   1.4    1.5  0  nat_5fe0328494dc254c515b  
         76    0.2   0.0         89   -0.0   0.0    1.1  0  nat_47d50311ddb9a7300429  
         77    0.2   0.3    1.6e+02   -0.8   0.3    1.3  0  nat_37912e3e9ceb53157c77  
         78    0.2   0.1    1.4e+02   -0.6   0.0    1.4  0  nat_edf12e96625a3cd49854  
         78    0.2   0.1    1.1e+02   -0.3   0.1    1.3  0  nat_70ad50650b15b30241b4  
         80    0.2   0.1    2.3e+02   -1.3   0.1    1.4  0  nat_8d236d3ac40de77afe2a  
         80    0.2   0.3    1.9e+02   -1.0   0.1    1.5  0  nat_30340d61c0959eeb66d5  
         80    0.1   1.4         97   -0.1   1.4    1.3  0  nat_d0e2c9c28723db140ef6  
         80    0.1   0.1    1.1e+02   -0.3   0.1    1.3  0  nat_3d7fc725cd17cf23a73c  
         81    0.1   1.3    1.6e+02   -0.8   0.0    1.6  0  nat_824a3264c546dbd7013f  
         81    0.1   0.1    1.6e+02   -0.8   0.1    1.4  0  nat_0a6194eed91a047cb43e  
         82    0.1   0.9    1.4e+02   -0.6   0.9    1.3  0  nat_a0c33ff7daaf9315de4b  
         83    0.1   0.1    1.7e+02   -0.9   0.0    1.4  0  nat_0aeb545239a28bae61f9  
         83    0.1   0.0    1.3e+02   -0.5   0.0    1.2  0  nat_26bed164289c66a8ab62  
         84    0.1   0.0    1.2e+02   -0.4   0.0    1.2  0  nat_b3561a1e0242e2259486  
         85    0.1   0.0    1.2e+02   -0.4   0.0    1.2  0  nat_ede685c8031e89299cf7  
         85    0.1   0.0         78    0.2   0.0    1.4  1  nat_1d6f00b576454c5129eb  
         86    0.1   0.3    2.5e+02   -1.5   0.0    1.4  0  nat_62c37e3a1f946926bc78  
         86    0.1   0.1    1.2e+02   -0.5   0.1    1.3  0  nat_6fe65d28a28456450f1d  
         87    0.0   0.1    1.4e+02   -0.6   0.1    1.4  0  nat_1a264ded2f369ea42fdd  
         87    0.0   1.4      1e+02   -0.2   1.4    1.4  0  nat_6a2caa9d644a05b1fa76  
         87    0.0   0.1      5e+02   -2.4   0.0    1.6  0  nat_598bde578495fbb688ee  
         87    0.0   0.2    1.5e+02   -0.7   0.2    1.2  0  nat_1f087f3f20cf0e414c21  
         88    0.0   0.9    1.3e+02   -0.5   0.9    1.3  0  nat_e78348e72525b9382660  
         88    0.0   0.5    1.2e+02   -0.4   0.5    1.2  0  nat_dabe1f4728c04495925e  
         88    0.0   0.2    1.6e+02   -0.8   0.2    1.3  0  nat_3955b02fcca9b64e0539  
         88    0.0   1.8         99   -0.1   1.8    1.3  0  nat_ae7c31f644fee037736e  


Domain annotation for each sequence (and alignments):
>> nat_d4b37ab9b761d79418a8  
   #    score  bias  c-Evalue  i-Evalue hmmfrom  hmm to    alifrom  ali to    envfrom  env to     acc
 ---   ------ ----- --------- --------- ------- -------    ------- -------    ------- -------    ----
   1 !   87.4   0.9   1.8e-26   5.3e-26       1     103 []       1     107 [.       1     107 [. 0.94

  Alignments for each domain:
  == domain 1  score: 87.4 bits;  conditional E-value: 1.8e-26
                      gvpv   1 MskieekisrltrqkaselselaeLrsrrqrLqreleqleaR...lavlaslqerLrqleteiakaeleaarlrqakrkpeplgD 82 
                               M +++ek++r++r+k  + ++lae +s++ rL+++leq++aR   +av++slq+r+r+le++i++ae ++  +rqa+++ ++ gD
  nat_d4b37ab9b761d79418a8   1 MNRYDEKVYRVPRRK--DGPSLAEQKSQLVRLKQDLEQFKARqagAAVVTSLQSRIRDLEASISRAEGARMLDRQARQSATD-GD 82 
                               899************..***************************99*********************************665.88 PP

                      gvpv  83 ag....travgratssrfppkdley 103
                               +g    t+   ratssrfpp+++++
  nat_d4b37ab9b761d79418a8  83 GGdaatTAGGYRATSSRFPPRGRPG 107
                               887767777789**********886 PP

>> nat_a120643363df57573242  
   #    score  bias  c-Evalue  i-Evalue hmmfrom  hmm to    alifrom  ali to    envfrom  env to     acc
 ---   ------ ----- --------- --------- ------- -------    ------- -------    ------- -------    ----
   1 !   84.8   0.3   1.2e-25   3.5e-25       1     103 []       1     103 []       1     103 [] 0.98

  Alignments for each domain:
  == domain 1  score: 84.8 bits;  conditional E-value: 1.2e-25
                      gvpv   1 MskieekisrltrqkaselselaeLrsrrqrLqreleqleaR...lavlaslqerLrqleteiakaeleaarlrqakrkpeplgD 82 
                               Msk+e+++ r+++++    s lae++ ++ rL+++leq+ aR   +av+a+l++r+r+le+eia+ae+e+ar+r+++r++++ gD
  nat_a120643363df57573242   1 MSKFEDRAFRVGKRR----SGLAEMKGQLVRLRQDLEQIAARnpaGAVVAPLRQRIRALEAEIAEAEAERARSRPPSRDEADAGD 81 
                               9**************....****************************************************************** PP

                      gvpv  83 ag.travgratssrfppkdley 103
                               +g  r  +r+t +rfpp+++++
  nat_a120643363df57573242  82 EGgPRGGVRSTAGRFPPRGRPG 103
                               **99999************886 PP

>> nat_9295f767a32dcface418  
   #    score  bias  c-Evalue  i-Evalue hmmfrom  hmm to    alifrom  ali to    envfrom  env to     acc
 ---   ------ ----- --------- --------- ------- -------    ------- -------    ------- -------    ----
   1 !   84.0   1.7   2.2e-25   6.3e-25      11     100 ..       4      89 .]       1      89 [] 0.96

  Alignments for each domain:
  == domain 1  score: 84.0 bits;  conditional E-value: 2.2e-25
                      gvpv  11 ltrqkaselselaeLrsrrqrLqreleqleaRlavlaslqerLrqleteiakaeleaarlrqakrkpeplgDagtravgratssr 95 
                               lt+ ++++lse+++Lr+rr+ L+re+++l++Rl+++++lqe+L+q++t ++++elea  +r+++++peplgDag  avg+++++ 
  nat_9295f767a32dcface418   4 LTNYDQRALSETQALRDRRDFLLREAHRLRFRLSRIRDLQEELQQITTILLQRELEA--KRKPNTRPEPLGDAG--AVGGHHQNL 84 
                               67777899*************************************************..78*************..********* PP

                      gvpv  96 fppkd 100
                               fp+kd
  nat_9295f767a32dcface418  85 FPYKD 89 
                               ***98 PP

>> nat_4dafb76c38e9b7d65498  
   #    score  bias  c-Evalue  i-Evalue hmmfrom  hmm to    alifrom  ali to    envfrom  env to     acc
 ---   ------ ----- --------- --------- ------- -------    ------- -------    ------- -------    ----
   1 !   81.5   2.4   1.3e-24   3.7e-24       1     103 []       1     110 [.       1     110 [. 0.97

  Alignments for each domain:
  == domain 1  score: 81.5 bits;  conditional E-value: 1.3e-24
                      gvpv   1 MskieekisrltrqkaselselaeLrsrrqrLqreleqleaR...lavlaslqerLrqleteiakaeleaarlrqakrkpeplgD 82 
                               M +++ek++r+t+++  + ++l e ++++ rL+++leq+++R   +av++slq+r+r+le++i++ae+++  +r+++r +++++D
  nat_4dafb76c38e9b7d65498   1 MNRFDEKVYRVTKRR--DGPSLPEQKNQLLRLKQDLEQFKSRqagAAVVGSLQARIRELESSISRAEAARVTDRESRRPRDDDED 83 
                               899************..***************************99*************************************** PP

                      gvpv  83 ag......travgratssrfppkdley 103
                               a       +  + ratssrfpp+++++
  nat_4dafb76c38e9b7d65498  84 AEsgavpmADGTMRATSSRFPPRGRPG 110
                               *988888888999***********886 PP

>> nat_efb09f3729ebcf09a0cd  
   #    score  bias  c-Evalue  i-Evalue hmmfrom  hmm to    alifrom  ali to    envfrom  env to     acc
 ---   ------ ----- --------- --------- ------- -------    ------- -------    ------- -------    ----
   1 !   81.4   1.4   1.4e-24   4.2e-24       1     103 []       1     107 [.       1     107 [. 0.91

  Alignments for each domain:
  == domain 1  score: 81.4 bits;  conditional E-value: 1.4e-24
                      gvpv   1 MskieekisrltrqkaselselaeLrsrrqrLqreleqleaR...lavlaslqerLrqleteiakaeleaarlrqakrkpeplgD 82 
                               Msk+ee+ +r+++++    +++a ++ +r+rL+++leq++aR   +av+asl+er+++++ eia+ae+e++r+r+a+   ++++ 
  nat_efb09f3729ebcf09a0cd   1 MSKYEERTYRVGKKR----PSIADMKGQRERLRQDLEQFTARkpaAAVIASLRERIKAIDLEIAEAEAERKRDRPAPMGDDEPDG 81 
                               9**************....**************************9*****************************9998755333 PP

                      gvpv  83 ag.....travgratssrfppkdley 103
                                g     ++a  ratssrfpp+++++
  nat_efb09f3729ebcf09a0cd  82 VGntetgAQAGLRATSSRFPPRGRPG 107
                               3356666888899**********886 PP

>> nat_c68280dd1cee4d2a5307  
   #    score  bias  c-Evalue  i-Evalue hmmfrom  hmm to    alifrom  ali to    envfrom  env to     acc
 ---   ------ ----- --------- --------- ------- -------    ------- -------    ------- -------    ----
   1 !   81.3   0.0   1.5e-24   4.3e-24       1     103 []       1     104 [.       1     104 [. 0.97

  Alignments for each domain:
  == domain 1  score: 81.3 bits;  conditional E-value: 1.5e-24
                      gvpv   1 MskieekisrltrqkaselselaeLrsrrqrLqreleqleaR...lavlaslqerLrqleteiakaeleaarlrqakrkpeplgD 82 
                               Msk+e+++ r++++k    ++lae++s++ rL+++leq++aR   +av+ +l++r+r+le+ei +ae+e++r+rq+ +++ ++ D
  nat_c68280dd1cee4d2a5307   1 MSKFEDRAFRVGKSK----PNLAEMKSQLGRLKHDLEQFMARkpgGAVVDPLRARIRALEAEINEAEAERKRERQPVSEEGDDVD 81 
                               9**************....*************************************************************99999 PP

                      gvpv  83 ag..travgratssrfppkdley 103
                                g    a +r+ts+rfpp+++++
  nat_c68280dd1cee4d2a5307  82 RGagGGAFVRSTSGRFPPRGRPG 104
                               8877899*************886 PP

>> nat_edb5b7a4e15c97b23594  
   #    score  bias  c-Evalue  i-Evalue hmmfrom  hmm to    alifrom  ali to    envfrom  env to     acc
 ---   ------ ----- --------- --------- ------- -------    ------- -------    ------- -------    ----
   1 !   80.1   3.0   3.6e-24   1.1e-23       1     103 []       1     108 [.       1     108 [. 0.93

  Alignments for each domain:
  == domain 1  score: 80.1 bits;  conditional E-value: 3.6e-24
                      gvpv   1 MskieekisrltrqkaselselaeLrsrrqrLqreleqleaR...lavlaslqerLrqleteiakaeleaarlrqakrkpeplgD 82 
                               M +++ek++r+t+++  + ++l+e + ++ rL+++leq+++R   +av++slq+r+r+le++i +ae+++  +r+++r ++ ++D
  nat_edb5b7a4e15c97b23594   1 MNRFDEKVYRVTKRR--DGPSLQEQKGQLLRLKQDLEQFKSRqagAAVVGSLQARIRDLESSITRAEAARMMDRESRRPRDGEED 83 
                               899************..***************************99*****************************9999976555 PP

                      gvpv  83 ag....travgratssrfppkdley 103
                               +       +  ratssrfpp+++++
  nat_edb5b7a4e15c97b23594  84 TDpgaaSGNSMRATSSRFPPRGRPG 108
                               5444888999************886 PP

>> nat_08d3e542ff49c899a532  
   #    score  bias  c-Evalue  i-Evalue hmmfrom  hmm to    alifrom  ali to    envfrom  env to     acc
 ---   ------ ----- --------- --------- ------- -------    ------- -------    ------- -------    ----
   1 !   78.7   0.2   9.5e-24   2.8e-23       1     103 []       1     111 [.       1     111 [. 0.91

  Alignments for each domain:
  == domain 1  score: 78.7 bits;  conditional E-value: 9.5e-24
                      gvpv   1 MskieekisrltrqkaselselaeLrsrrqrLqreleqleaR...lavlaslqerLrqleteiakaeleaarlrqakrkpeplgD 82 
                               M +++ek++r++++k  + ++lae ++++ rL+++leq++aR    av++slq+r+r+le+ + +ae++   +rq++r+p ++g 
  nat_08d3e542ff49c899a532   1 MNRFDEKVYRVPKRK--DGPSLAEQKNQLLRLKQDLEQFKARqagTAVIGSLQARIRDLEANVTRAEAAGMMDRQSRRAPGEEGG 83 
                               899************..**************************999**********************************88877 PP

                      gvpv  83 ag.......travgratssrfppkdley 103
                               ++        +   ratssrfpp+++++
  nat_08d3e542ff49c899a532  84 EPtgeggaeGPGGYRATSSRFPPRGRPG 111
                               776665554455569**********886 PP

>> nat_522d67ce81d99440c3e9  
   #    score  bias  c-Evalue  i-Evalue hmmfrom  hmm to    alifrom  ali to    envfrom  env to     acc
 ---   ------ ----- --------- --------- ------- -------    ------- -------    ------- -------    ----
   1 !   76.0   3.2   6.7e-23   1.9e-22       1     103 []       1     110 [.       1     110 [. 0.94

  Alignments for each domain:
  == domain 1  score: 76.0 bits;  conditional E-value: 6.7e-23
                      gvpv   1 MskieekisrltrqkaselselaeLrsrrqrLqreleqleaR...lavlaslqerLrqleteiakaeleaarlrqakrkpeplgD 82 
                               M +++ek++r+t+++  + ++lae +s++ rL+++leq+++R   +av++slq+r+r+le+++++ae+++  +r+++r + +++D
  nat_522d67ce81d99440c3e9   1 MNRFDEKVYRVTKRR--DGPSLAEQKSQLLRLKQDLEQFKSRqagAAVVGSLQARIRELESSVSRAEAARVTDRESRRPRGDEED 83 
                               899************..***************************99*********************************999888 PP

                      gvpv  83 ag......travgratssrfppkdley 103
                               a          + ratssrfpp+++++
  nat_522d67ce81d99440c3e9  84 ADssdmtmPDGTMRATSSRFPPRGRPG 110
                               8777886667789***********886 PP

>> nat_00dad4d9eb9c6aee9740  
   #    score  bias  c-Evalue  i-Evalue hmmfrom  hmm to    alifrom  ali to    envfrom  env to     acc
 ---   ------ ----- --------- --------- ------- -------    ------- -------    ------- -------    ----
   1 !   74.7   0.8   1.7e-22     5e-22       3     103 .]      21     128 ..      19     128 .. 0.93

  Alignments for each domain:
  == domain 1  score: 74.7 bits;  conditional E-value: 1.7e-22
                      gvpv   3 kieekisrltrqkaselselaeLrsrrqrLqreleqleaR...lavlaslqerLrqleteiakaeleaarlrqakrkp..eplgD 82 
                               +++ek++r+t+++  + ++l+e + ++ rL+++leq+++R   +av++slq+r+r+le++i++ae++   +r+a+r+   e++ D
  nat_00dad4d9eb9c6aee9740  21 RFDEKVYRVTKRR--DGPSLQEQKGQLLRLKQDLEQFRSRqagAAVVGSLQARIRELESSISRAEAAGMMDREARRSHggEENAD 103
                               689**********..***************************99*********************************96566777 PP

                      gvpv  83 ag....travgratssrfppkdley 103
                                g     ++  ratssrfpp+++++
  nat_00dad4d9eb9c6aee9740 104 PGavpvPENSMRATSSRFPPRGRPG 128
                               77888777889***********886 PP

>> nat_3521af063e9b236548c0  
   #    score  bias  c-Evalue  i-Evalue hmmfrom  hmm to    alifrom  ali to    envfrom  env to     acc
 ---   ------ ----- --------- --------- ------- -------    ------- -------    ------- -------    ----
   1 !   72.6   5.7   7.6e-22   2.2e-21       2     103 .]       8     110 .]       1     110 [] 0.91

  Alignments for each domain:
  == domain 1  score: 72.6 bits;  conditional E-value: 7.6e-22
                      gvpv   2 skieekisrltrqk..aselselaeLrsrrqrLqreleqleaRlavlaslqerLrqleteiakaeleaarlrqakrkp.eplgDa 83 
                               ++i+ kis+++r++  a+ ++el++L +++qr+q++l  +++R  ++++l++rL+ ++++i+ +e+++++lr a++ + ++ +D 
  nat_3521af063e9b236548c0   8 RPIRSKISTMPRKQseADHQLELYKLITEKQRIQEKL-EMMER--QIQQLKNRLTFVTEQIETTEQSIQNLRAANPPSvAKKPDS 89 
                               5799**********9**********************.66677..6*************************99987765889999 PP

                      gvpv  84 g.travgratssrfppkdley 103
                               + t a  +++ss+f++++ley
  nat_3521af063e9b236548c0  90 PkTVAHSSNNSSNFQTFYLEY 110
                               9999999************98 PP

>> nat_cce2f3d132dd4e662b2d  
   #    score  bias  c-Evalue  i-Evalue hmmfrom  hmm to    alifrom  ali to    envfrom  env to     acc
 ---   ------ ----- --------- --------- ------- -------    ------- -------    ------- -------    ----
   1 !   69.8   6.2   5.6e-21   1.6e-20       1     103 []       1     117 [.       1     117 [. 0.87

  Alignments for each domain:
  == domain 1  score: 69.8 bits;  conditional E-value: 5.6e-21
                      gvpv   1 MskieekisrltrqkaselselaeLrsrrqrLqreleqleaR...lavlaslqerLrqleteiakaeleaarlrqakrkpep... 79 
                               M +++ek++r++++k  + ++la  + ++ rL+++leq++aR   +av+++lq+r+r+le++i++ae+++  +rq++r  ++   
  nat_cce2f3d132dd4e662b2d   1 MNRFDEKVYRVPKRK--DGPSLADQKGQLVRLKQDLEQFRARqagAAVVGTLQARIRELEASISRAEAARMMDRQSRRPDSDdat 83 
                               899************..***************************99************************999999988766445 PP

                      gvpv  80 lgDag..........travgratssrfppkdley 103
                                gDag           +   ratssrfpp+++++
  nat_cce2f3d132dd4e662b2d  84 TGDAGgdaggdasaaPAGGMRATSSRFPPRGRPG 117
                               5666666668876433334589********9886 PP

>> nat_944bef72ec0f0333ef58  
   #    score  bias  c-Evalue  i-Evalue hmmfrom  hmm to    alifrom  ali to    envfrom  env to     acc
 ---   ------ ----- --------- --------- ------- -------    ------- -------    ------- -------    ----
   1 !   71.0   6.0   2.5e-21   7.1e-21       2     103 .]       8     111 .]       1     111 [] 0.90

  Alignments for each domain:
  == domain 1  score: 71.0 bits;  conditional E-value: 2.5e-21
                      gvpv   2 skieekisrltrqk..aselselaeLrsrrqrLqreleqleaRlavlaslqerLrqleteiakaeleaarlrqakrkp.eplgDa 83 
                               ++i+ kis+++r++  a+ ++el++L +++qr+q++l  +++R  +l++l++rL+ ++++i+ +e+++++lr+a++ + ++ +D 
  nat_944bef72ec0f0333ef58   8 RPIRSKISTMPRKQseADHQLELYKLITEKQRIQEKL-EMMER--QLQQLKNRLTFVTEQIETTEQSIQNLRTANPPSvAKKPDS 89 
                               5799**********9**********************.66677..6****************************98765888999 PP

                      gvpv  84 g..travgratssrfppkdley 103
                               +   +   +++ss+f++++ley
  nat_944bef72ec0f0333ef58  90 PktVAHSSNNNSSNFQTFYLEY 111
                               98777888999*********98 PP

>> nat_341f22f6df848fe1e159  
   #    score  bias  c-Evalue  i-Evalue hmmfrom  hmm to    alifrom  ali to    envfrom  env to     acc
 ---   ------ ----- --------- --------- ------- -------    ------- -------    ------- -------    ----
   1 !   69.4   2.6   7.8e-21   2.3e-20       9     100 ..       2      93 .]       1      93 [] 0.92

  Alignments for each domain:
  == domain 1  score: 69.4 bits;  conditional E-value: 7.8e-21
                      gvpv   9 srltrqkaselselaeLrsrrqrLqreleqleaRlavlaslqerLrqleteiakaeleaarlr..qakrkpeplgDagtravgra 91 
                               srl++++ ++lse+ +Lr+rr++L+r++e  ++Rl  +++l   L+q+++e++k+elea +++  q++++ ep gDag  avg+ 
  nat_341f22f6df848fe1e159   2 SRLANSDHRVLSETDALRDRRAHLLRKAENSRYRLQNRKALLGDLQQVTNELLKRELEARQKAapQPATRMEPMGDAG--AVGGF 84 
                               9**********************************************************886522556666*******..***** PP

                      gvpv  92 tssrfppkd 100
                                ++r+p+kd
  nat_341f22f6df848fe1e159  85 AQGRLPYKD 93 
                               ********8 PP

>> nat_08f506a8e9498c03b468  
   #    score  bias  c-Evalue  i-Evalue hmmfrom  hmm to    alifrom  ali to    envfrom  env to     acc
 ---   ------ ----- --------- --------- ------- -------    ------- -------    ------- -------    ----
   1 !   68.6   5.5   1.4e-20     4e-20       2     103 .]       8     112 .]       1     112 [] 0.90

  Alignments for each domain:
  == domain 1  score: 68.6 bits;  conditional E-value: 1.4e-20
                      gvpv   2 skieekisrltrqk..aselselaeLrsrrqrLqreleqleaRlavlaslqerLrqleteiakaeleaarlrqakrkp...eplg 81 
                               ++i+ kis+++r++  a+ ++el++L +++qr+q++le +e R  ++++l++rL+ ++++i+ +e+++++lr+a++ +   ++ +
  nat_08f506a8e9498c03b468   8 RPIRSKISTMPRKQseADHQLELYKLITEKQRIQEKLELME-R--QIQQLKNRLTFVTEQIETTEQSIQNLRTANPPSlslAKKP 89 
                               5799**********9**********************6665.5..4****************************99886667788 PP

                      gvpv  82 Dag.travgratssrfppkdley 103
                               D + t a  ++ ss+f+ ++ley
  nat_08f506a8e9498c03b468  90 DSPkTVAHSSNDSSNFQAFYLEY 112
                               88889999999**********98 PP

>> nat_22f3216261d87724d5ca  
   #    score  bias  c-Evalue  i-Evalue hmmfrom  hmm to    alifrom  ali to    envfrom  env to     acc
 ---   ------ ----- --------- --------- ------- -------    ------- -------    ------- -------    ----
   1 !   65.8   2.6   9.9e-20   2.9e-19      11     103 .]       1     100 [.       1     100 [. 0.95

  Alignments for each domain:
  == domain 1  score: 65.8 bits;  conditional E-value: 9.9e-20
                      gvpv  11 ltrqkaselselaeLrsrrqrLqreleqleaR...lavlaslqerLrqleteiakaeleaarlrqakrkpeplgDag......tr 86 
                               +t+++  + ++l e ++++ rL+++leq+++R   +av++slq+r+r+le++i++ae+++  +r+++r + +++Da       + 
  nat_22f3216261d87724d5ca   1 MTKRR--DGPSLPEQKNQLLRLKQDLEQFKSRqagAAVVGSLQARIRELESSISRAEAARVTDRDSRRHRGDEEDAEsgampmAD 83 
                               56666..9**************************99************************************9999888988889 PP

                      gvpv  87 avgratssrfppkdley 103
                                + ratssrfpp+++++
  nat_22f3216261d87724d5ca  84 GTMRATSSRFPPRGRPG 100
                               99************886 PP

>> nat_7c7d01a7d3871f469ba6  
   #    score  bias  c-Evalue  i-Evalue hmmfrom  hmm to    alifrom  ali to    envfrom  env to     acc
 ---   ------ ----- --------- --------- ------- -------    ------- -------    ------- -------    ----
   1 !   65.3   3.1   1.4e-19   4.1e-19      11     103 .]       1     100 [.       1     100 [. 0.94

  Alignments for each domain:
  == domain 1  score: 65.3 bits;  conditional E-value: 1.4e-19
                      gvpv  11 ltrqkaselselaeLrsrrqrLqreleqleaR...lavlaslqerLrqleteiakaeleaarlrqakrkpeplgDag......tr 86 
                               +t+++  + ++l+e +s++ rL+++leq+++R   +av++slq+r+r+le+++ +ae+++  +r+++r + +++Da         
  nat_7c7d01a7d3871f469ba6   1 MTKRR--DGPSLQEQKSQLLRLKQDLEQFKSRqagAAVVGSLQARIRELEASVTRAEAARVTDRESRRPRGDDEDAEsgdmpmSD 83 
                               56666..9**************************99**********************************999999888888999 PP

                      gvpv  87 avgratssrfppkdley 103
                                + ratssrfpp+++++
  nat_7c7d01a7d3871f469ba6  84 GTMRATSSRFPPRGRPG 100
                               9*************886 PP

>> nat_acc4591c95caebc1acdc  
   #    score  bias  c-Evalue  i-Evalue hmmfrom  hmm to    alifrom  ali to    envfrom  env to     acc
 ---   ------ ----- --------- --------- ------- -------    ------- -------    ------- -------    ----
   1 !   65.2   2.3   1.5e-19   4.4e-19      11     103 .]       1      99 [.       1      99 [. 0.89

  Alignments for each domain:
  == domain 1  score: 65.2 bits;  conditional E-value: 1.5e-19
                      gvpv  11 ltrqkaselselaeLrsrrqrLqreleqleaR...lavlaslqerLrqleteiakaeleaarlrqakrkpeplgDag......tr 86 
                               +t+++  + ++l e +s++ rL+++leq+++R   +av++slq+r+r+le++i++ae+++  +r+++r ++++ Da         
  nat_acc4591c95caebc1acdc   1 MTKRR--DGPSLPEQKSQLLRLKQDLEQFKSRqagAAVVGSLQARIRELESSISHAEAARVTDRDSRRPRDEE-DAEsgdmtmPD 82 
                               56666..9**************************99*****************************99998774.44336775667 PP

                      gvpv  87 avgratssrfppkdley 103
                                + ratssrfpp+++++
  nat_acc4591c95caebc1acdc  83 GTMRATSSRFPPRGRPG 99 
                               889***********886 PP

>> nat_d0f5f95022cd7da863cf  
   #    score  bias  c-Evalue  i-Evalue hmmfrom  hmm to    alifrom  ali to    envfrom  env to     acc
 ---   ------ ----- --------- --------- ------- -------    ------- -------    ------- -------    ----
   1 !   63.0   4.0   7.5e-19   2.2e-18      11     103 .]       1      94 []       1      94 [] 0.91

  Alignments for each domain:
  == domain 1  score: 63.0 bits;  conditional E-value: 7.5e-19
                      gvpv  11 ltrqk..aselselaeLrsrrqrLqreleqleaRlavlaslqerLrqleteiakaeleaarlrqakrkp.eplgDag.travgra 91 
                               ++r++  a+ ++el++L +++qr+q++l  +++R  ++++l++rL+ ++++i+ +e+++++lr a++ + ++ +D + t a  ++
  nat_d0f5f95022cd7da863cf   1 MPRKQseADHQLELYKLITEKQRIQEKL-EMMER--QIQQLKNRLTFVTEQIETTEQSIQNLRAANPPSvAKKPDSPkTVAHSSN 82 
                               666667899*******************.66677..6*************************999877658899999999999** PP

                      gvpv  92 tssrfppkdley 103
                               +ss+f++++ley
  nat_d0f5f95022cd7da863cf  83 NSSNFQTFYLEY 94 
                               **********98 PP

>> nat_9f67ffb9509d5a532d5a  
   #    score  bias  c-Evalue  i-Evalue hmmfrom  hmm to    alifrom  ali to    envfrom  env to     acc
 ---   ------ ----- --------- --------- ------- -------    ------- -------    ------- -------    ----
   1 !   60.2   5.0   5.7e-18   1.7e-17      11     103 .]       1      96 []       1      96 [] 0.90

  Alignments for each domain:
  == domain 1  score: 60.2 bits;  conditional E-value: 5.7e-18
                      gvpv  11 ltrqk..aselselaeLrsrrqrLqreleqleaRlavlaslqerLrqleteiakaeleaarlrqakrkp...eplgDag.travg 89 
                               ++r++  a++++el++L +++qr+q++l  +++R  ++++l++rL+ ++++i+ +e+++++lr+a++ +   ++ +D + t a  
  nat_9f67ffb9509d5a532d5a   1 MPRKQseADQQLELYKLITEKQRIQEKL-EMMER--QIQQLKNRLTFVTEQIETTEQSIQNLRTANPPSlslAKKPDSPkTVAHS 82 
                               66666789********************.66677..6****************************99886667788888899999 PP

                      gvpv  90 ratssrfppkdley 103
                               +++ss+f+ ++ley
  nat_9f67ffb9509d5a532d5a  83 SNNSSNFQAFYLEY 96 
                               ************98 PP

>> nat_64e943fc36a310c6d121  
   #    score  bias  c-Evalue  i-Evalue hmmfrom  hmm to    alifrom  ali to    envfrom  env to     acc
 ---   ------ ----- --------- --------- ------- -------    ------- -------    ------- -------    ----
   1 !   60.2   4.1   5.7e-18   1.7e-17      11     103 .]       1      95 []       1      95 [] 0.89

  Alignments for each domain:
  == domain 1  score: 60.2 bits;  conditional E-value: 5.7e-18
                      gvpv  11 ltrqk..aselselaeLrsrrqrLqreleqleaRlavlaslqerLrqleteiakaeleaarlrqakrkp.eplgDag..travgr 90 
                               ++r++  a+ ++el++L +++qr+q++l  +++R  ++++l++rL+ ++++i+ +e+++++lr+a++ + ++ +D +   +   +
  nat_64e943fc36a310c6d121   1 MPRKQseADHQLELYKLITEKQRIQEKL-EMMER--QIQQLKNRLTFVTEQIETTEQSIQNLRTANPPSvAKKPDSPktVAHSSN 82 
                               666667899*******************.66677..6****************************98765888999987778889 PP

                      gvpv  91 atssrfppkdley 103
                               ++ss+f+ ++ley
  nat_64e943fc36a310c6d121  83 NNSSNFQAFYLEY 95 
                               99*********98 PP

>> nat_8fce9d99308bcf67cd3b  
   #    score  bias  c-Evalue  i-Evalue hmmfrom  hmm to    alifrom  ali to    envfrom  env to     acc
 ---   ------ ----- --------- --------- ------- -------    ------- -------    ------- -------    ----
   1 !   51.6   0.6   2.6e-15   7.4e-15       2      85 ..      22     107 ..      16     127 .] 0.78

  Alignments for each domain:
  == domain 1  score: 51.6 bits;  conditional E-value: 2.6e-15
                      gvpv   2 skieekisrltrqk..aselselaeLrsrrqrLqreleqleaRlavlaslqerLrqleteiakaeleaarlrqakrkpeplgDag 84 
                               ++i++k+s ++rqk  a+ +++ + L ++++rL++ele l++R    + +++rL+ +e ++ ++e++  +l+ +++  +p+++ +
  nat_8fce9d99308bcf67cd3b  22 RQIQPKLSAIPRQKsqANLYRNSYLLAVEKKRLTEELEVLQSR---SHIIEQRLALIEDQLGELEKDVTQLSVPPSP-KPQNNLP 102
                               689****************************************...8999******************998887776.4445544 PP

                      gvpv  85 ....t 85 
                                   +
  nat_8fce9d99308bcf67cd3b 103 vnnpE 107
                               33222 PP

>> nat_42c70c8520ebfd69a3a8  
   #    score  bias  c-Evalue  i-Evalue hmmfrom  hmm to    alifrom  ali to    envfrom  env to     acc
 ---   ------ ----- --------- --------- ------- -------    ------- -------    ------- -------    ----
   1 !   51.0   0.2   4.2e-15   1.2e-14       2      85 ..       7      92 ..       1     112 [] 0.78

  Alignments for each domain:
  == domain 1  score: 51.0 bits;  conditional E-value: 4.2e-15
                      gvpv  2 skieekisrltrqk..aselselaeLrsrrqrLqreleqleaRlavlaslqerLrqleteiakaeleaarlrqakrkpeplgDag.. 84
                              ++i++k+s ++rqk  a+ +++ + L +++ rL++ele l++R    + +++rL+ +e ++ ++e++  +l+ +++   p ++ +  
  nat_42c70c8520ebfd69a3a8  7 RQIQPKLSAIPRQKsqANLYRNSYLLAVEKNRLTEELEVLQSR---SHIIEQRLALIEDQLGELEKDVTELSVPPSPKPP-NNLPvn 89
                              689****************************************...8899******************998888877555.444433 PP

                      gvpv 85 ..t 85
                                +
  nat_42c70c8520ebfd69a3a8 90 npE 92
                              222 PP

>> nat_68254939d0e81bc7115c  
   #    score  bias  c-Evalue  i-Evalue hmmfrom  hmm to    alifrom  ali to    envfrom  env to     acc
 ---   ------ ----- --------- --------- ------- -------    ------- -------    ------- -------    ----
   1 !   34.7   4.2     5e-10   1.4e-09       2      75 ..       9      81 ..       1     107 [. 0.86

  Alignments for each domain:
  == domain 1  score: 34.7 bits;  conditional E-value: 5e-10
                      gvpv  2 skieekisrltrqk..aselselaeLrsrrqrLqreleqleaRlavlaslqerLrqleteiakaeleaarlrqakr 75
                              ++i++k+++++ +k  ++ + ++ +L ++++rLq+el ++  R   ++++ +rL++l+  +a++ l+ ++++ +++
  nat_68254939d0e81bc7115c  9 RPIQPKLRSMPLRKtpSAIYIQMHQLANEKERLQEELVRVCDR---QQQIIDRLAELDRNLAQLDLDVENNAVSAE 81
                              579***********99999************************...********************9977555544 PP

>> nat_7b0f7b8528d5bb85e97b  
   #    score  bias  c-Evalue  i-Evalue hmmfrom  hmm to    alifrom  ali to    envfrom  env to     acc
 ---   ------ ----- --------- --------- ------- -------    ------- -------    ------- -------    ----
   1 !   32.4   5.8   2.5e-09   7.3e-09      18      83 ..      10      71 ..       1      78 [. 0.86

  Alignments for each domain:
  == domain 1  score: 32.4 bits;  conditional E-value: 2.5e-09
                      gvpv 18 elselaeLrsrrqrLqreleqleaRlavlaslqerLrqleteiakaeleaarlrqakrkpeplgDa 83
                                 e + Lr+rr  L+ e+++ + Rl++l++lq++L++ +t++ ++elea    + +++ +p+g  
  nat_7b0f7b8528d5bb85e97b 10 MDAEAEHLRQRRRDLLAEANRRRWRLHRLPDLQQQLARATTDLMRLELEA----RCETEIKPDGHD 71
                              5678999*******************************************....667777777655 PP

>> nat_cc9d0eca2af440c02e36  
   #    score  bias  c-Evalue  i-Evalue hmmfrom  hmm to    alifrom  ali to    envfrom  env to     acc
 ---   ------ ----- --------- --------- ------- -------    ------- -------    ------- -------    ----
   1 !   16.4   0.7   0.00023   0.00068      25      66 ..      84     121 ..      64     146 .. 0.77

  Alignments for each domain:
  == domain 1  score: 16.4 bits;  conditional E-value: 0.00023
                      gvpv  25 LrsrrqrLqreleqleaRlavlaslqerLrqleteiakaele 66 
                               L s+ qrL +e +ql++R   l+sl+++Lr l+++ +++  +
  nat_cc9d0eca2af440c02e36  84 LSSKSQRLVEENQQLQQR---LESLETQLRLLTSAAKEET-T 121
                               778999************...*********9998644333.2 PP

>> nat_2d3db8b8e0fa09ac51c5  
   #    score  bias  c-Evalue  i-Evalue hmmfrom  hmm to    alifrom  ali to    envfrom  env to     acc
 ---   ------ ----- --------- --------- ------- -------    ------- -------    ------- -------    ----
   1 !   13.8   2.9    0.0015    0.0045       6      89 ..      32     108 ..      30     116 .. 0.81

  Alignments for each domain:
  == domain 1  score: 13.8 bits;  conditional E-value: 0.0015
                      gvpv   6 ekisrltrqkaselselaeLrsrrqrLqreleqleaRlavlaslqerLrqleteiakaeleaarlrqakrkpeplgDagtravg 89 
                               e i+r+   +     e++ L s ++rL+++le+l++     + ++++ +ql  +++++ ++a    q ++++   gD+g +a+ 
  nat_2d3db8b8e0fa09ac51c5  32 EAIRRMESGR-LTDEEIERLGSHLARLEEDLERLKED----QGVDQQVDQLRGDLDSLVADA--VHQVRTEERRRGDNGGAAPP 108
                               5677888877.56679***************999999....99****************999..66888888888888844444 PP

>> nat_167bf66cb53e9339f788  
   #    score  bias  c-Evalue  i-Evalue hmmfrom  hmm to    alifrom  ali to    envfrom  env to     acc
 ---   ------ ----- --------- --------- ------- -------    ------- -------    ------- -------    ----
   1 !   13.0   3.4    0.0027    0.0079       6      87 ..      32     106 ..      30     116 .] 0.80

  Alignments for each domain:
  == domain 1  score: 13.0 bits;  conditional E-value: 0.0027
                      gvpv   6 ekisrltrqkaselselaeLrsrrqrLqreleqleaRlavlaslqerLrqleteiakaeleaarlrqakrkpeplgDagtra 87 
                               e i+r+   +     e++ L s ++rL+++le+l++     ++++ + +ql  +++++ ++a    q ++++   gD g+++
  nat_167bf66cb53e9339f788  32 EAIRRMESGS-LTDEEIERLGSHLARLEEDLERLKED----QEIDGQVDQLRGDLDSLVADA--VHQVRTEERRRGDDGAAP 106
                               5677777777.556799**************999998....9****************9999..567777777777777222 PP

>> nat_7b982f3adbb743e270fc  
   #    score  bias  c-Evalue  i-Evalue hmmfrom  hmm to    alifrom  ali to    envfrom  env to     acc
 ---   ------ ----- --------- --------- ------- -------    ------- -------    ------- -------    ----
   1 ?    4.7   0.2         1         3      50      65 ..     166     181 ..     160     185 .. 0.86
   2 ?    9.2   1.7     0.042      0.12      23      67 ..     185     228 ..     182     248 .. 0.77

  Alignments for each domain:
  == domain 1  score: 4.7 bits;  conditional E-value: 1
                      gvpv  50 qerLrqleteiakael 65 
                               +erLr+let+i+ ae 
  nat_7b982f3adbb743e270fc 166 DERLRDLETQIDDAES 181
                               69*********99996 PP

  == domain 2  score: 9.2 bits;  conditional E-value: 0.042
                      gvpv  23 aeLrsrrqrLqreleqleaRlavlaslqerLrqleteiakaelea 67 
                               + L+++r++ +  + ++  R +v a+l++rL+q+  e+ ++e++ 
  nat_7b982f3adbb743e270fc 185 YLLEKKRDQRLATV-RAARRESVAADLKSRLDQVAREVHALERSP 228
                               55666777666666.667779********************9987 PP

>> nat_13a8858106c206244ca2  
   #    score  bias  c-Evalue  i-Evalue hmmfrom  hmm to    alifrom  ali to    envfrom  env to     acc
 ---   ------ ----- --------- --------- ------- -------    ------- -------    ------- -------    ----
   1 ?   10.7   2.2     0.014     0.041       7      56 ..      34      85 ..      27     111 .] 0.65

  Alignments for each domain:
  == domain 1  score: 10.7 bits;  conditional E-value: 0.014
                      gvpv  7 kisrltrqkaselselaeLrsrrqrLqreleqleaR...lavlaslqerLrql 56
                               ++r+  ++  ++ e++ L +r++ L+ el++l++       +++l+++L+ +
  nat_13a8858106c206244ca2 34 AVRRMESND-LSETEIERLGQRLDALEDELDRLKEQteiDDEVTELKQQLDHV 85
                              567787777.7788999*************99999844433455555555543 PP

>> nat_7c2eb329deec0b040768  
   #    score  bias  c-Evalue  i-Evalue hmmfrom  hmm to    alifrom  ali to    envfrom  env to     acc
 ---   ------ ----- --------- --------- ------- -------    ------- -------    ------- -------    ----
   1 ?    9.9   0.7     0.025     0.074      26      70 ..     156     197 ..     141     205 .. 0.87

  Alignments for each domain:
  == domain 1  score: 9.9 bits;  conditional E-value: 0.025
                      gvpv  26 rsrrqrLqreleqleaRlavlaslqerLrqleteiakaeleaarl 70 
                               ++++qr q+ +e+ ++R   ++s   r++++  ei ++ l+++++
  nat_7c2eb329deec0b040768 156 KREKQRRQELAERTKER---FQSYFPRIEAVVDEIMEEDLDRESD 197
                               7899*************...999999**99999999999998664 PP

>> nat_a67dd765d5d9f1265194  
   #    score  bias  c-Evalue  i-Evalue hmmfrom  hmm to    alifrom  ali to    envfrom  env to     acc
 ---   ------ ----- --------- --------- ------- -------    ------- -------    ------- -------    ----
   1 ?    9.9   1.0     0.025     0.074      25      57 ..      81     110 ..      79     113 .. 0.86

  Alignments for each domain:
  == domain 1  score: 9.9 bits;  conditional E-value: 0.025
                      gvpv  25 LrsrrqrLqreleqleaRlavlaslqerLrqle 57 
                               L  + q+L++  +ql+aR   ++sl+++L+++ 
  nat_a67dd765d5d9f1265194  81 LSGQSQKLLQANQQLQAR---IESLESELKAIR 110
                               567889999999999999...999999999985 PP

>> nat_ca242131f6ef5b732fcf  
   #    score  bias  c-Evalue  i-Evalue hmmfrom  hmm to    alifrom  ali to    envfrom  env to     acc
 ---   ------ ----- --------- --------- ------- -------    ------- -------    ------- -------    ----
   1 ?    4.9   0.2       0.9       2.6      50      65 ..     146     161 ..     140     166 .. 0.86
   2 ?    8.2   1.8     0.085      0.25      23      67 ..     165     208 ..     162     228 .. 0.77

  Alignments for each domain:
  == domain 1  score: 4.9 bits;  conditional E-value: 0.9
                      gvpv  50 qerLrqleteiakael 65 
                               +erLr+let+i+ ae 
  nat_ca242131f6ef5b732fcf 146 DERLRDLETQIDDAES 161
                               69**********9996 PP

  == domain 2  score: 8.2 bits;  conditional E-value: 0.085
                      gvpv  23 aeLrsrrqrLqreleqleaRlavlaslqerLrqleteiakaelea 67 
                               + L+++r++ +  + ++  R +v a+l++rL+q+  e+ ++e++ 
  nat_ca242131f6ef5b732fcf 165 YLLEKKRDQRLATV-RAARRESVAADLESRLDQVAREVHALERSP 208
                               55666777666666.667779********************9987 PP

>> nat_13c7bdc1db3281cde4e2  
   #    score  bias  c-Evalue  i-Evalue hmmfrom  hmm to    alifrom  ali to    envfrom  env to     acc
 ---   ------ ----- --------- --------- ------- -------    ------- -------    ------- -------    ----
   1 ?    8.3   0.8     0.081      0.24      26      67 ..     155     197 ..     149     204 .. 0.76

  Alignments for each domain:
  == domain 1  score: 8.3 bits;  conditional E-value: 0.081
                      gvpv  26 rsrrqrLqreleqleaR.lavlaslqerLrqleteiakaelea 67 
                               ++++qr q+ +e  ++R ++ ++ +++  +++++e +++e++ 
  nat_13c7bdc1db3281cde4e2 155 KREKQRRQEIAENTKSRfQSYFPRIESVVDEITEEDLERENDD 197
                               789**************66666666666666666666666655 PP

>> nat_daa26bb81225045c82c6  
   #    score  bias  c-Evalue  i-Evalue hmmfrom  hmm to    alifrom  ali to    envfrom  env to     acc
 ---   ------ ----- --------- --------- ------- -------    ------- -------    ------- -------    ----
   1 ?    8.6   0.9     0.066      0.19      47      67 ..      88     108 ..      73     111 .. 0.79

  Alignments for each domain:
  == domain 1  score: 8.6 bits;  conditional E-value: 0.066
                      gvpv  47 aslqerLrqleteiakaelea 67 
                               ++lqerL +le+++ + e +a
  nat_daa26bb81225045c82c6  88 KQLQERLHALENKLMNNESTA 108
                               688999999999999888887 PP

>> nat_71c4eaf80d5c340613c0  
   #    score  bias  c-Evalue  i-Evalue hmmfrom  hmm to    alifrom  ali to    envfrom  env to     acc
 ---   ------ ----- --------- --------- ------- -------    ------- -------    ------- -------    ----
   1 ?    0.5   0.1        22        63      43      64 ..     154     168 ..     146     174 .. 0.59
   2 ?    9.7   2.4     0.029     0.085      25      67 ..     175     216 ..     166     235 .. 0.78

  Alignments for each domain:
  == domain 1  score: 0.5 bits;  conditional E-value: 22
                      gvpv  43 lavlaslqerLrqleteiakae 64 
                                       +rLr+l++ i++ e
  nat_71c4eaf80d5c340613c0 154 D-------DRLRELDERIDASE 168
                               3.......45555555555554 PP

  == domain 2  score: 9.7 bits;  conditional E-value: 0.029
                      gvpv  25 LrsrrqrLqreleqleaRlavlaslqerLrqleteiakaelea 67 
                               L+++ ++  rel+q++ R ++  +lq rL++++ e+ ++e++ 
  nat_71c4eaf80d5c340613c0 175 LEKQYEQRVRELQQAR-RESLSDDLQGRLDDVTREVHALERSP 216
                               5666677778886654.689*******************9987 PP

>> nat_090dc7b70b9c355b2ef5  
   #    score  bias  c-Evalue  i-Evalue hmmfrom  hmm to    alifrom  ali to    envfrom  env to     acc
 ---   ------ ----- --------- --------- ------- -------    ------- -------    ------- -------    ----
   1 ?    8.0   0.7       0.1      0.29      26      67 ..     154     192 ..     139     200 .. 0.88

  Alignments for each domain:
  == domain 1  score: 8.0 bits;  conditional E-value: 0.1
                      gvpv  26 rsrrqrLqreleqleaRlavlaslqerLrqleteiakaelea 67 
                               ++++qr ++++e+ ++R   +++   r++ +  ei ++ele+
  nat_090dc7b70b9c355b2ef5 154 KREKQRQRERAERTKER---FQTYFPRIESVVDEIIEEELER 192
                               78999999*********...*******************998 PP

>> nat_9863770a194a0d55027a  
   #    score  bias  c-Evalue  i-Evalue hmmfrom  hmm to    alifrom  ali to    envfrom  env to     acc
 ---   ------ ----- --------- --------- ------- -------    ------- -------    ------- -------    ----
   1 ?    8.3   0.7     0.081      0.23      47      69 ..      88     110 ..      75     118 .. 0.84

  Alignments for each domain:
  == domain 1  score: 8.3 bits;  conditional E-value: 0.081
                      gvpv  47 aslqerLrqleteiakaeleaar 69 
                               ++l+erL +le +++k e ++++
  nat_9863770a194a0d55027a  88 KQLHERLNALEDKLSKNESTTQS 110
                               68999999999999999999854 PP

>> nat_2a2c6ce836f6b052a898  
   #    score  bias  c-Evalue  i-Evalue hmmfrom  hmm to    alifrom  ali to    envfrom  env to     acc
 ---   ------ ----- --------- --------- ------- -------    ------- -------    ------- -------    ----
   1 ?    8.3   1.6     0.079      0.23      31      81 ..     192     238 ..     177     247 .. 0.71

  Alignments for each domain:
  == domain 1  score: 8.3 bits;  conditional E-value: 0.079
                      gvpv  31 rLqreleqleaRlavlaslqerLrqleteiakaeleaarlrqakrkpeplg 81 
                               +   el + + R a+ a+l+erL + + e+ ++e++ a    +  ++++  
  nat_2a2c6ce836f6b052a898 192 QRVAEL-RRSGRDALSADLRERLSDCTREVHELERSPAA---SLADEDERS 238
                               444455.667899*********************99933...333333333 PP

>> nat_2dde3392aae621ffc247  
   #    score  bias  c-Evalue  i-Evalue hmmfrom  hmm to    alifrom  ali to    envfrom  env to     acc
 ---   ------ ----- --------- --------- ------- -------    ------- -------    ------- -------    ----
   1 ?    7.9   0.7      0.11      0.32      19      41 ..      74      96 ..      67     106 .. 0.81

  Alignments for each domain:
  == domain 1  score: 7.9 bits;  conditional E-value: 0.11
                      gvpv 19 lselaeLrsrrqrLqreleqlea 41
                                ++++L+++ +rLq++le+le+
  nat_2dde3392aae621ffc247 74 DNNTKALQEENKRLQERLESLEQ 96
                              56889999999999999999886 PP

>> nat_dc91976c7c3450587080  
   #    score  bias  c-Evalue  i-Evalue hmmfrom  hmm to    alifrom  ali to    envfrom  env to     acc
 ---   ------ ----- --------- --------- ------- -------    ------- -------    ------- -------    ----
   1 ?    7.8   0.1      0.12      0.34      19      56 ..      74     108 ..      66     110 .. 0.78

  Alignments for each domain:
  == domain 1  score: 7.8 bits;  conditional E-value: 0.12
                      gvpv  19 lselaeLrsrrqrLqreleqleaRlavlaslqerLrql 56 
                                 ++++L+++ + Lq++le+le+    l++  +r+ q 
  nat_dc91976c7c3450587080  74 DNNTKALEEENKMLQERLEALEKK---LTPASNRINQT 108
                               567888999999999999999888...88888888775 PP

>> nat_2e5af0d60bf3d90fabb5  
   #    score  bias  c-Evalue  i-Evalue hmmfrom  hmm to    alifrom  ali to    envfrom  env to     acc
 ---   ------ ----- --------- --------- ------- -------    ------- -------    ------- -------    ----
   1 ?    9.4   1.8     0.037      0.11      25      68 ..     182     224 ..     164     244 .. 0.72

  Alignments for each domain:
  == domain 1  score: 9.4 bits;  conditional E-value: 0.037
                      gvpv  25 LrsrrqrLqreleqleaRlavlaslqerLrqleteiakaeleaa 68 
                               L++r+++ + +l ++  R ++ a+l+++L++++ e+ ++e++  
  nat_2e5af0d60bf3d90fabb5 182 LEKRLDQQLTDL-RAARRESIAADLEAQLTDVTREVHALERSPT 224
                               555666666666.566789*********************9982 PP

>> nat_c4902f96def6fb28eba2  
   #    score  bias  c-Evalue  i-Evalue hmmfrom  hmm to    alifrom  ali to    envfrom  env to     acc
 ---   ------ ----- --------- --------- ------- -------    ------- -------    ------- -------    ----
   1 ?    7.3   1.2      0.16      0.48      25      64 ..     165     203 ..     156     207 .. 0.90

  Alignments for each domain:
  == domain 1  score: 7.3 bits;  conditional E-value: 0.16
                      gvpv  25 LrsrrqrLqreleqleaRlavlaslqerLrqleteiakae 64 
                               L+++ +r +rele  + R  v a+l++rL+ l t++++ e
  nat_c4902f96def6fb28eba2 165 LEKQYERRLRELEHERDR-DVAADLRDRLEPLVTAVESVE 203
                               78999*************.99*********9999988877 PP

>> nat_f1643822251b583b4a61  
   #    score  bias  c-Evalue  i-Evalue hmmfrom  hmm to    alifrom  ali to    envfrom  env to     acc
 ---   ------ ----- --------- --------- ------- -------    ------- -------    ------- -------    ----
   1 ?    6.9   0.3      0.21      0.61      25      57 ..      80     109 ..      78     111 .. 0.84

  Alignments for each domain:
  == domain 1  score: 6.9 bits;  conditional E-value: 0.21
                      gvpv  25 LrsrrqrLqreleqleaRlavlaslqerLrqle 57 
                               L  r q+L+   eql+ R   ++sl+++L++l 
  nat_f1643822251b583b4a61  80 LNGRSQELLAANEQLQVR---IESLERELKALK 109
                               677889999999999999...999999999875 PP

>> nat_93ee8755b8fb64b781d3  
   #    score  bias  c-Evalue  i-Evalue hmmfrom  hmm to    alifrom  ali to    envfrom  env to     acc
 ---   ------ ----- --------- --------- ------- -------    ------- -------    ------- -------    ----
   1 ?    7.1   0.2      0.19      0.55      21      42 ..      76      97 ..      66     105 .. 0.78

  Alignments for each domain:
  == domain 1  score: 7.1 bits;  conditional E-value: 0.19
                      gvpv 21 elaeLrsrrqrLqreleqleaR 42
                               +++L+++ +rLq++le+le+ 
  nat_93ee8755b8fb64b781d3 76 GTKALEEENKRLQERLEALESK 97
                              5789999999999999988875 PP

>> nat_ca058e965d65a8238480  
   #    score  bias  c-Evalue  i-Evalue hmmfrom  hmm to    alifrom  ali to    envfrom  env to     acc
 ---   ------ ----- --------- --------- ------- -------    ------- -------    ------- -------    ----
   1 ?    7.2   0.4      0.18      0.53      15      50 ..      47      83 ..      28      98 .. 0.58

  Alignments for each domain:
  == domain 1  score: 7.2 bits;  conditional E-value: 0.18
                      gvpv 15 k.aselselaeLrsrrqrLqreleqleaR..lavlaslq 50
                              + ++   +la+L+++++rL++      +R   +++++l+
  nat_ca058e965d65a8238480 47 EiERLGAQLAALEDELERLKESE--GIERevEHLRGDLD 83
                              24556667777777777776643..33343344444444 PP

>> nat_d7b8c5c7cb6b1053592e  
   #    score  bias  c-Evalue  i-Evalue hmmfrom  hmm to    alifrom  ali to    envfrom  env to     acc
 ---   ------ ----- --------- --------- ------- -------    ------- -------    ------- -------    ----
   1 ?    7.0   0.1       0.2      0.59      18      40 ..      73      95 ..      66     100 .. 0.83

  Alignments for each domain:
  == domain 1  score: 7.0 bits;  conditional E-value: 0.2
                      gvpv 18 elselaeLrsrrqrLqreleqle 40
                              +  ++++L+++ +rLq++le+le
  nat_d7b8c5c7cb6b1053592e 73 ADNNTKALEQENKRLQERLEALE 95
                              56689999********9999886 PP

>> nat_677fef9f35b54b8f59f4  
   #    score  bias  c-Evalue  i-Evalue hmmfrom  hmm to    alifrom  ali to    envfrom  env to     acc
 ---   ------ ----- --------- --------- ------- -------    ------- -------    ------- -------    ----
   1 ?    6.5   0.1      0.29      0.84      33      67 ..     193     228 ..     167     249 .. 0.79

  Alignments for each domain:
  == domain 1  score: 6.5 bits;  conditional E-value: 0.29
                      gvpv  33 qreleqleaR.lavlaslqerLrqleteiakaelea 67 
                               qr +e   aR  ++  +l++rL+++  e+ ++e++ 
  nat_677fef9f35b54b8f59f4 193 QRIAELRAARrESLTNDLTDRLDDVAREVHALERSP 228
                               444444444449999**************9999876 PP

>> nat_1b6af661fda31bf1e196  
   #    score  bias  c-Evalue  i-Evalue hmmfrom  hmm to    alifrom  ali to    envfrom  env to     acc
 ---   ------ ----- --------- --------- ------- -------    ------- -------    ------- -------    ----
   1 ?    7.3   4.2      0.16      0.46      22      69 ..     181     227 ..     171     260 .. 0.79

  Alignments for each domain:
  == domain 1  score: 7.3 bits;  conditional E-value: 0.16
                      gvpv  22 laeLrsrrqrLqreleqleaRlavlaslqerLrqleteiakaeleaar 69 
                                + L+++ +r ++e  +++ R ++ ++l++rL+++  e+ ++e+++  
  nat_1b6af661fda31bf1e196 181 AYLLETQFDRRLEER-RASRRESIAGDLERRLDEVAREVHALERSKTA 227
                               688999999999999.99999**********************99833 PP

>> nat_db12f4452278c4bf469c  
   #    score  bias  c-Evalue  i-Evalue hmmfrom  hmm to    alifrom  ali to    envfrom  env to     acc
 ---   ------ ----- --------- --------- ------- -------    ------- -------    ------- -------    ----
   1 ?    6.9   0.9      0.22      0.64      27      56 ..      86     112 ..      77     115 .] 0.59

  Alignments for each domain:
  == domain 1  score: 6.9 bits;  conditional E-value: 0.22
                      gvpv  27 srrqrLqreleqleaRlavlaslqerLrql 56 
                               ++r++Lq e   l++R   l++l++ L q 
  nat_db12f4452278c4bf469c  86 RERDQLQAENRELRSR---LEALERSLGQA 112
                               4556666666555555...55555555554 PP

>> nat_3051d69cdf2eb2867c43  
   #    score  bias  c-Evalue  i-Evalue hmmfrom  hmm to    alifrom  ali to    envfrom  env to     acc
 ---   ------ ----- --------- --------- ------- -------    ------- -------    ------- -------    ----
   1 ?    6.8   0.4      0.23      0.66      43      71 ..      39      67 ..      22      81 .. 0.69

  Alignments for each domain:
  == domain 1  score: 6.8 bits;  conditional E-value: 0.23
                      gvpv 43 lavlaslqerLrqleteiakaeleaarlr 71
                                     +e++++l t++a  e+e+++ +
  nat_3051d69cdf2eb2867c43 39 MESGNLADEEIDRLGTQLATIEAEIEQIK 67
                              33345567899999999999999997654 PP

>> nat_4a66b9c8b2b4962ce727  
   #    score  bias  c-Evalue  i-Evalue hmmfrom  hmm to    alifrom  ali to    envfrom  env to     acc
 ---   ------ ----- --------- --------- ------- -------    ------- -------    ------- -------    ----
   1 ?    6.8   0.2      0.24      0.69      25      60 ..      79      97 ..      68     105 .. 0.61

  Alignments for each domain:
  == domain 1  score: 6.8 bits;  conditional E-value: 0.24
                      gvpv 25 LrsrrqrLqreleqleaRlavlaslqerLrqletei 60
                              L+++ +r                 lqerL++le+++
  nat_4a66b9c8b2b4962ce727 79 LEEENKR-----------------LQERLEALENQL 97
                              4555555.................555555555555 PP

>> nat_8f0e9788569f498f75f5  
   #    score  bias  c-Evalue  i-Evalue hmmfrom  hmm to    alifrom  ali to    envfrom  env to     acc
 ---   ------ ----- --------- --------- ------- -------    ------- -------    ------- -------    ----
   1 ?    8.2   0.7     0.087      0.25      26      67 ..     154     192 ..     139     200 .. 0.89

  Alignments for each domain:
  == domain 1  score: 8.2 bits;  conditional E-value: 0.087
                      gvpv  26 rsrrqrLqreleqleaRlavlaslqerLrqleteiakaelea 67 
                               ++++qr ++++e+ ++R   +++   r++++  ei ++el++
  nat_8f0e9788569f498f75f5 154 KREKQRQRERAERTKER---FQTYFPRIEAVVDEIMEEELDR 192
                               78999999*********...*******************997 PP

>> nat_1af92f4517cb07b380d4  
   #    score  bias  c-Evalue  i-Evalue hmmfrom  hmm to    alifrom  ali to    envfrom  env to     acc
 ---   ------ ----- --------- --------- ------- -------    ------- -------    ------- -------    ----
   1 ?    6.6   1.0      0.27       0.8      28      57 ..      79     105 ..      72     109 .. 0.71

  Alignments for each domain:
  == domain 1  score: 6.6 bits;  conditional E-value: 0.27
                      gvpv  28 rrqrLqreleqleaRlavlaslqerLrqle 57 
                               + q L++   ql++R   + sl+++Lrql 
  nat_1af92f4517cb07b380d4  79 QSQSLLESNRQLQQR---VDSLETELRQLR 105
                               556677777777777...777777777764 PP

>> nat_def4e5618d2d3f638abe  
   #    score  bias  c-Evalue  i-Evalue hmmfrom  hmm to    alifrom  ali to    envfrom  env to     acc
 ---   ------ ----- --------- --------- ------- -------    ------- -------    ------- -------    ----
   1 ?    6.7   0.3      0.26      0.75      21      42 ..      76      97 ..      67     109 .. 0.64

  Alignments for each domain:
  == domain 1  score: 6.7 bits;  conditional E-value: 0.26
                      gvpv 21 elaeLrsrrqrLqreleqleaR 42
                              ++++L+++ ++Lq++le+le+ 
  nat_def4e5618d2d3f638abe 76 NTKALEEENKKLQERLESLEKK 97
                              6667777777777777766654 PP

>> nat_2dc604d7cf304f255e88  
   #    score  bias  c-Evalue  i-Evalue hmmfrom  hmm to    alifrom  ali to    envfrom  env to     acc
 ---   ------ ----- --------- --------- ------- -------    ------- -------    ------- -------    ----
   1 ?    5.6   3.1      0.57       1.7      21      83 ..     176     237 ..     156     243 .. 0.72

  Alignments for each domain:
  == domain 1  score: 5.6 bits;  conditional E-value: 0.57
                      gvpv  21 elaeLrsrrqrLqreleqleaRlavlaslqerLrqleteiakaeleaarlrqakrkpeplgDa 83 
                               + + L+++ ++ + el ++  R +v ++l++rL++   e+ ++e++   +     +++ +gD+
  nat_2dc604d7cf304f255e88 176 TAYLLEKQFDQRLTEL-RAARRESVTTDLKRRLDEHAREVHALERSPTASLADDVSESADGDG 237
                               5677888888888888.788889******************9999884322222233335555 PP

>> nat_cb75faf383e3b49f7b2a  
   #    score  bias  c-Evalue  i-Evalue hmmfrom  hmm to    alifrom  ali to    envfrom  env to     acc
 ---   ------ ----- --------- --------- ------- -------    ------- -------    ------- -------    ----
   1 ?    6.6   0.7      0.27      0.79      26      67 ..      32      70 ..      18      84 .. 0.68

  Alignments for each domain:
  == domain 1  score: 6.6 bits;  conditional E-value: 0.27
                      gvpv 26 rsrrqrLqreleqleaRlavlaslqerLrqleteiakaelea 67
                              +++  r  +  +  e+    +++l + L +le e++k+ +e+
  nat_cb75faf383e3b49f7b2a 32 EQEAVRRMESGDLSEEE---IEQLGQHLHALECELEKLKQEQ 70
                              33333333333333333...8888888888888888887776 PP

>> nat_23973d3194845969e917  
   #    score  bias  c-Evalue  i-Evalue hmmfrom  hmm to    alifrom  ali to    envfrom  env to     acc
 ---   ------ ----- --------- --------- ------- -------    ------- -------    ------- -------    ----
   1 ?    6.4   1.4      0.31      0.91       9      67 ..      41     100 ..      28     114 .. 0.55

  Alignments for each domain:
  == domain 1  score: 6.4 bits;  conditional E-value: 0.31
                      gvpv   9 srltrqk.aselselaeLrsrrqrLq..releqleaRlavlaslqerLrqleteiakaelea 67 
                                rlt ++ ++  s+la+ + + +rL+  + +e   +R  ++++l++  ++  ++++++e   
  nat_23973d3194845969e917  41 GRLTDEEvERLGSQLAAIEAEVERLKeqQGVEEPVER--LRGDLDSLVTDAVETLSEREHRD 100
                               4555555555566666666666666411334555555..45555555555555555555555 PP

>> nat_4206b3c83132ed838cad  
   #    score  bias  c-Evalue  i-Evalue hmmfrom  hmm to    alifrom  ali to    envfrom  env to     acc
 ---   ------ ----- --------- --------- ------- -------    ------- -------    ------- -------    ----
   1 ?    6.6   3.1      0.27      0.78       9      77 ..      35      96 ..      29     109 .] 0.66

  Alignments for each domain:
  == domain 1  score: 6.6 bits;  conditional E-value: 0.27
                      gvpv  9 srltrqkaselselaeLrsrrqrLqreleqleaRlavlaslqerLrqleteiakaeleaarlrqakrkp 77
                              +r+   +  +  e++ L s ++ L+ +le+l++     ++++e+ +ql  +++++ ++a   rq +r++
  nat_4206b3c83132ed838cad 35 RRMESGR-LSDGEVERLGSHLAALEADLERLKED----QEVDEQVDQLRGDLDSLVTDA--IRQVERDE 96
                              5565555.34446777777788888888777776....777777777777777777777..56655553 PP

>> nat_47a61474e6eef4332090  
   #    score  bias  c-Evalue  i-Evalue hmmfrom  hmm to    alifrom  ali to    envfrom  env to     acc
 ---   ------ ----- --------- --------- ------- -------    ------- -------    ------- -------    ----
   1 ?    6.5   0.4      0.29      0.84      47      71 ..      42      65 ..      23     103 .. 0.60

  Alignments for each domain:
  == domain 1  score: 6.5 bits;  conditional E-value: 0.29
                      gvpv 47 aslqerLrqleteiakaeleaarlr 71
                              +  +e++++l  ++a+ e+e++   
  nat_47a61474e6eef4332090 42 RLADEEIERLGRQLARIEDEIEA-I 65
                              33344444444444444444421.2 PP

>> nat_e6206d4d062bc49b3366  
   #    score  bias  c-Evalue  i-Evalue hmmfrom  hmm to    alifrom  ali to    envfrom  env to     acc
 ---   ------ ----- --------- --------- ------- -------    ------- -------    ------- -------    ----
   1 ?    5.1   0.3      0.81       2.4      34      67 ..     198     230 ..     185     250 .. 0.66

  Alignments for each domain:
  == domain 1  score: 5.1 bits;  conditional E-value: 0.81
                      gvpv  34 releqleaRlavlaslqerLrqleteiakaelea 67 
                                el +   R ++ ++lq+rL++   e+ ++e++ 
  nat_e6206d4d062bc49b3366 198 TEL-RTARRESLTTDLQARLDEHAREVHALERSP 230
                               333.334457888888888888888888888766 PP

>> nat_b5b675473d129fb38c34  
   #    score  bias  c-Evalue  i-Evalue hmmfrom  hmm to    alifrom  ali to    envfrom  env to     acc
 ---   ------ ----- --------- --------- ------- -------    ------- -------    ------- -------    ----
   1 ?    6.0   0.4      0.41       1.2      45      66 ..      48      69 ..      23      84 .. 0.63

  Alignments for each domain:
  == domain 1  score: 6.0 bits;  conditional E-value: 0.41
                      gvpv 45 vlaslqerLrqleteiakaele 66
                               ++ l ++L+++etei+++ ++
  nat_b5b675473d129fb38c34 48 GIERLGNQLARIETEIEQLKRD 69
                              3566677777777777766554 PP

>> nat_ac5a4ab0595f93b85963  
   #    score  bias  c-Evalue  i-Evalue hmmfrom  hmm to    alifrom  ali to    envfrom  env to     acc
 ---   ------ ----- --------- --------- ------- -------    ------- -------    ------- -------    ----
   1 ?    5.4   1.5      0.66       1.9      27      69 ..     181     222 ..     175     239 .. 0.74

  Alignments for each domain:
  == domain 1  score: 5.4 bits;  conditional E-value: 0.66
                      gvpv  27 srrqrLqreleqleaRlavlaslqerLrqleteiakaeleaar 69 
                               +r +r + e+ +++ R+ +   l++rL++   e+ ++e+++ +
  nat_ac5a4ab0595f93b85963 181 KRYERRLDEV-RARRRGDRADRLRDRLADHAREVHELERTRPQ 222
                               4444555555.55555999******************999843 PP

>> nat_b627cf2b1cd715426291  
   #    score  bias  c-Evalue  i-Evalue hmmfrom  hmm to    alifrom  ali to    envfrom  env to     acc
 ---   ------ ----- --------- --------- ------- -------    ------- -------    ------- -------    ----
   1 ?    6.0   0.2      0.41       1.2      48      73 ..      43      67 ..      24      95 .. 0.65

  Alignments for each domain:
  == domain 1  score: 6.0 bits;  conditional E-value: 0.41
                      gvpv 48 slqerLrqleteiakaeleaarlrqa 73
                                +e++++l +++a++e+e  r  +a
  nat_b627cf2b1cd715426291 43 LTDEEIERLGAQLAALEDEVDR-LKA 67
                              3345666666666666666632.333 PP

>> nat_b854d939d1cc416089b0  
   #    score  bias  c-Evalue  i-Evalue hmmfrom  hmm to    alifrom  ali to    envfrom  env to     acc
 ---   ------ ----- --------- --------- ------- -------    ------- -------    ------- -------    ----
   1 ?    5.3   1.1      0.69         2      44      72 ..      46      67 ..      26      79 .. 0.52

  Alignments for each domain:
  == domain 1  score: 5.3 bits;  conditional E-value: 0.69
                      gvpv 44 avlaslqerLrqleteiakaeleaarlrq 72
                              a ++ l ++L++le+ei+++       ++
  nat_b854d939d1cc416089b0 46 AEIERLGSQLAALEEEIERL-------KE 67
                              33333444444444444433.......33 PP

>> nat_bb2d656c6c5518eb0448  
   #    score  bias  c-Evalue  i-Evalue hmmfrom  hmm to    alifrom  ali to    envfrom  env to     acc
 ---   ------ ----- --------- --------- ------- -------    ------- -------    ------- -------    ----
   1 ?    5.9   0.7      0.43       1.3       8      42 ..      34      66 ..      28     103 .. 0.61

  Alignments for each domain:
  == domain 1  score: 5.9 bits;  conditional E-value: 0.43
                      gvpv  8 isrltrqkaselselaeLrsrrqrLqreleqleaR 42
                              ++r+   +  ++ e++ L ++++ ++ ele+++ R
  nat_bb2d656c6c5518eb0448 34 VRRMEAGS-LSEAEIERLGRQLASIEDELEAMK-R 66
                              56666666.667788888888888888886665.4 PP

>> nat_e8725e8fbddfd6b8fab4  
   #    score  bias  c-Evalue  i-Evalue hmmfrom  hmm to    alifrom  ali to    envfrom  env to     acc
 ---   ------ ----- --------- --------- ------- -------    ------- -------    ------- -------    ----
   1 ?    6.1   2.6      0.38       1.1      34      72 ..      42      78 ..      21      84 .. 0.79

  Alignments for each domain:
  == domain 1  score: 6.1 bits;  conditional E-value: 0.38
                      gvpv 34 releqleaRlavlaslqerLrqleteiakaeleaarlrq 72
                              + l+ l +R+  +a+ ++r ++le+e+++ae+++++lr+
  nat_e8725e8fbddfd6b8fab4 42 QLLYELGERP--QAEYERRKAELEAELDAAEAAREQLRN 78
                              6688889995..899999999***********9999875 PP

>> nat_8f6356423342dd6a8af7  
   #    score  bias  c-Evalue  i-Evalue hmmfrom  hmm to    alifrom  ali to    envfrom  env to     acc
 ---   ------ ----- --------- --------- ------- -------    ------- -------    ------- -------    ----
   1 ?    5.6   0.6      0.54       1.6      21      42 ..      76      97 ..      68     109 .. 0.65

  Alignments for each domain:
  == domain 1  score: 5.6 bits;  conditional E-value: 0.54
                      gvpv 21 elaeLrsrrqrLqreleqleaR 42
                              ++++L+++ ++Lq++le+le+ 
  nat_8f6356423342dd6a8af7 76 NTRALEEENKKLQERLESLEKK 97
                              6667777777777777766653 PP

>> nat_98d8ecbaaf4dc079697a  
   #    score  bias  c-Evalue  i-Evalue hmmfrom  hmm to    alifrom  ali to    envfrom  env to     acc
 ---   ------ ----- --------- --------- ------- -------    ------- -------    ------- -------    ----
   1 ?    4.8   1.5         1       2.9      22      84 ..     186     245 ..     169     258 .. 0.79

  Alignments for each domain:
  == domain 1  score: 4.8 bits;  conditional E-value: 1
                      gvpv  22 laeLrsrrqrLqreleqleaRlavlaslqerLrqleteiakaeleaarlrqakrkpeplgDag 84 
                                + L+++ ++ + el ++  R ++ ++++erL++ + e+  +e++    +  + +++ +gD+ 
  nat_98d8ecbaaf4dc079697a 186 AYLLEKQFDQRLGEL-RAARRESISTDVTERLEAHTREVHPLERSP--TASLSDDVTADGDEE 245
                               577888888888899.788899*****************9999998..444455555666666 PP

>> nat_c6294867c99abd04a2a4  
   #    score  bias  c-Evalue  i-Evalue hmmfrom  hmm to    alifrom  ali to    envfrom  env to     acc
 ---   ------ ----- --------- --------- ------- -------    ------- -------    ------- -------    ----
   1 ?    2.2   0.1       6.2        18      32      54 ..     134     153 ..     128     156 .. 0.66
   2 ?    5.2   4.7      0.76       2.2      28      84 ..     172     219 ..     164     231 .. 0.65

  Alignments for each domain:
  == domain 1  score: 2.2 bits;  conditional E-value: 6.2
                      gvpv  32 LqreleqleaRlavlaslqerLr 54 
                               L+  le   +R   l++l++r+ 
  nat_c6294867c99abd04a2a4 134 LEAGLEERDER---LQELTTRIN 153
                               55555555566...777877776 PP

  == domain 2  score: 5.2 bits;  conditional E-value: 0.76
                      gvpv  28 rrqrLqreleqleaRlavlaslqerLrqleteiakaeleaarlrqakrkpeplgDag 84 
                               r++ L+r+         + ++l++rL +++ ei  + + + +       ++  gD++
  nat_c6294867c99abd04a2a4 172 RLATLKRRR--R---DERARTLRNRLSDITYEIHDRDTGERS----INLTDSKGDES 219
                               334444443..2...55588*************999888733....33333445554 PP

>> nat_581afdb2c32bf607da5a  
   #    score  bias  c-Evalue  i-Evalue hmmfrom  hmm to    alifrom  ali to    envfrom  env to     acc
 ---   ------ ----- --------- --------- ------- -------    ------- -------    ------- -------    ----
   1 ?    5.3   1.5      0.68         2      46      66 ..      48      68 ..      24      94 .. 0.56

  Alignments for each domain:
  == domain 1  score: 5.3 bits;  conditional E-value: 0.68
                      gvpv 46 laslqerLrqleteiakaele 66
                              ++ l ++L+++e+ei+++ ++
  nat_581afdb2c32bf607da5a 48 IERLGRQLAAIESEIESLKEQ 68
                              344444455555555444333 PP

>> nat_7ec22aa305996fdcbbe6  
   #    score  bias  c-Evalue  i-Evalue hmmfrom  hmm to    alifrom  ali to    envfrom  env to     acc
 ---   ------ ----- --------- --------- ------- -------    ------- -------    ------- -------    ----
   1 ?    5.7   0.2      0.52       1.5      20      65 ..      47      68 ..      26      97 .. 0.66

  Alignments for each domain:
  == domain 1  score: 5.7 bits;  conditional E-value: 0.52
                      gvpv 20 selaeLrsrrqrLqreleqleaRlavlaslqerLrqleteiakael 65
                               e                        ++ l e+L+++e+e++++ +
  nat_7ec22aa305996fdcbbe6 47 DE------------------------IERLGEQLATIEAELESLKA 68
                              33........................44455555555555555554 PP

>> nat_5a8e04fda20d0284fcf2  
   #    score  bias  c-Evalue  i-Evalue hmmfrom  hmm to    alifrom  ali to    envfrom  env to     acc
 ---   ------ ----- --------- --------- ------- -------    ------- -------    ------- -------    ----
   1 ?    5.5   2.0      0.59       1.7      46      71 ..      41      66 ..      23      84 .. 0.59

  Alignments for each domain:
  == domain 1  score: 5.5 bits;  conditional E-value: 0.59
                      gvpv 46 laslqerLrqleteiakaeleaarlr 71
                               +  +e++++l +++a+ e+e++ l+
  nat_5a8e04fda20d0284fcf2 41 GHLTDEEIERLGQQLAAIEAEIEGLK 66
                              34445666666666666666665433 PP

>> nat_8a38fd6e94c52ecb3e00  
   #    score  bias  c-Evalue  i-Evalue hmmfrom  hmm to    alifrom  ali to    envfrom  env to     acc
 ---   ------ ----- --------- --------- ------- -------    ------- -------    ------- -------    ----
   1 ?    5.3   1.1      0.69         2       8      67 ..      37      91 ..      29     115 .. 0.57

  Alignments for each domain:
  == domain 1  score: 5.3 bits;  conditional E-value: 0.69
                      gvpv  8 isrltrqkaselselaeLrsrrqrLqreleqleaRlavlaslqerLrqleteiakaelea 67
                              ++r+ + +     e++ L  +++ +++el+ l++     + ++e+  +l  +++++  +a
  nat_8a38fd6e94c52ecb3e00 37 VRRMEGGR-LTDEEIERLGAQLAAIEEELDDLKET----QGIEEEVGRLRGDLDSLVGDA 91
                              44555555.33446666666666666666666665....556666666666666655555 PP

>> nat_5c2e3230af84af2b587d  
   #    score  bias  c-Evalue  i-Evalue hmmfrom  hmm to    alifrom  ali to    envfrom  env to     acc
 ---   ------ ----- --------- --------- ------- -------    ------- -------    ------- -------    ----
   1 ?    5.4   1.0      0.66       1.9      18      40 ..      73      95 ..      67     101 .. 0.70

  Alignments for each domain:
  == domain 1  score: 5.4 bits;  conditional E-value: 0.66
                      gvpv 18 elselaeLrsrrqrLqreleqle 40
                              ++ +++eL+++ ++L+++leqle
  nat_5c2e3230af84af2b587d 73 AEQNTKELEKENEQLSKRLEQLE 95
                              55677777777777777777776 PP

>> nat_78a9f4fc56b943558b47  
   #    score  bias  c-Evalue  i-Evalue hmmfrom  hmm to    alifrom  ali to    envfrom  env to     acc
 ---   ------ ----- --------- --------- ------- -------    ------- -------    ------- -------    ----
   1 ?    5.3   0.1      0.68         2      17      35 ..      82     100 ..      75     114 .. 0.69

  Alignments for each domain:
  == domain 1  score: 5.3 bits;  conditional E-value: 0.68
                      gvpv  17 selselaeLrsrrqrLqre 35 
                               + ++e +eL +r++rL+r 
  nat_78a9f4fc56b943558b47  82 ALQRENQELAERLERLERA 100
                               5667777777777777764 PP

>> nat_9ad8adafd39e806bd787  
   #    score  bias  c-Evalue  i-Evalue hmmfrom  hmm to    alifrom  ali to    envfrom  env to     acc
 ---   ------ ----- --------- --------- ------- -------    ------- -------    ------- -------    ----
   1 ?    5.5   0.1      0.58       1.7      11      33 ..      43      66 ..      28      80 .. 0.69

  Alignments for each domain:
  == domain 1  score: 5.5 bits;  conditional E-value: 0.58
                      gvpv 11 ltrqk.aselselaeLrsrrqrLq 33
                              lt  + +++  +la+L+++++rL+
  nat_9ad8adafd39e806bd787 43 LTDAEiERVGQQLATLEDELDRLK 66
                              344445666677777777777776 PP

>> nat_b07496d6758a328c5961  
   #    score  bias  c-Evalue  i-Evalue hmmfrom  hmm to    alifrom  ali to    envfrom  env to     acc
 ---   ------ ----- --------- --------- ------- -------    ------- -------    ------- -------    ----
   1 ?    5.4   6.4      0.62       1.8      21      70 ..      27      76 ..      17      82 .. 0.80

  Alignments for each domain:
  == domain 1  score: 5.4 bits;  conditional E-value: 0.62
                      gvpv 21 elaeLrsrrqrLq..releqleaRlavlaslqerLrqleteiakaeleaarl 70
                              el+  ++ r+r++  + l+ + +R    ++ q+r r+le+e++ ae+++++l
  nat_b07496d6758a328c5961 27 ELYDIEDIRDRMKenQLLYEMGER--DEEEYQQRRRELEAELEVAEQAHEQL 76
                              6677777777775337799*****..5799*****************99775 PP

>> nat_14bf89de72ffebc8daf2  
   #    score  bias  c-Evalue  i-Evalue hmmfrom  hmm to    alifrom  ali to    envfrom  env to     acc
 ---   ------ ----- --------- --------- ------- -------    ------- -------    ------- -------    ----
   1 ?    4.5   0.1       1.2       3.6      25      67 ..     121     170 ..     117     178 .. 0.80

  Alignments for each domain:
  == domain 1  score: 4.5 bits;  conditional E-value: 1.2
                      gvpv  25 LrsrrqrLqreleqleaR.......lavlaslqerLrqleteiakaelea 67 
                               L ++r rL + l+++  R          +++ +e+ ++ + e+a++++e+
  nat_14bf89de72ffebc8daf2 121 LSEERPRLVEALDRFDGRweyrvevVYDREDAREEVAAADDELAELQAEI 170
                               7899999******9999998887664447788888999999998888887 PP

>> nat_de84dd334c6549477037  
   #    score  bias  c-Evalue  i-Evalue hmmfrom  hmm to    alifrom  ali to    envfrom  env to     acc
 ---   ------ ----- --------- --------- ------- -------    ------- -------    ------- -------    ----
   1 ?    4.9   0.2      0.94       2.7      50      78 ..     282     310 ..     269     312 .] 0.88

  Alignments for each domain:
  == domain 1  score: 4.9 bits;  conditional E-value: 0.94
                      gvpv  50 qerLrqleteiakaeleaarlrqakrkpe 78 
                                erL+++ +e+  +e +++  rq++r+++
  nat_de84dd334c6549477037 282 MERLQEVLQELFPTEVKQKTVRQSSRRTK 310
                               69*********************999865 PP

>> nat_b0bc17f554cd4bd5d816  
   #    score  bias  c-Evalue  i-Evalue hmmfrom  hmm to    alifrom  ali to    envfrom  env to     acc
 ---   ------ ----- --------- --------- ------- -------    ------- -------    ------- -------    ----
   1 ?    4.7   0.4       1.1       3.1      36      54 ..      89     104 ..      75     106 .. 0.57

  Alignments for each domain:
  == domain 1  score: 4.7 bits;  conditional E-value: 1.1
                      gvpv  36 leqleaRlavlaslqerLr 54 
                                  l++R   +a+lq++++
  nat_b0bc17f554cd4bd5d816  89 NRLLRER---IADLQQEIT 104
                               4444555...555555554 PP

>> nat_4d6fdbbe43a6a597d4b4  
   #    score  bias  c-Evalue  i-Evalue hmmfrom  hmm to    alifrom  ali to    envfrom  env to     acc
 ---   ------ ----- --------- --------- ------- -------    ------- -------    ------- -------    ----
   1 ?    4.6   2.1       1.1       3.3      50      71 ..      46      67 ..      25      78 .. 0.66

  Alignments for each domain:
  == domain 1  score: 4.6 bits;  conditional E-value: 1.1
                      gvpv 50 qerLrqleteiakaeleaarlr 71
                              +e++++l +++a+ e+e+++l+
  nat_4d6fdbbe43a6a597d4b4 46 DEEIERLGQQLASIEAEIEQLK 67
                              5677777777777777775543 PP

>> nat_04929645ec641fea858e  
   #    score  bias  c-Evalue  i-Evalue hmmfrom  hmm to    alifrom  ali to    envfrom  env to     acc
 ---   ------ ----- --------- --------- ------- -------    ------- -------    ------- -------    ----
   1 ?    8.8   1.9     0.055      0.16      31      67 ..     191     226 ..     176     246 .. 0.78

  Alignments for each domain:
  == domain 1  score: 8.8 bits;  conditional E-value: 0.055
                      gvpv  31 rLqreleqleaRlavlaslqerLrqleteiakaelea 67 
                               + ++el +++ R ++ a+lqerL+++  e+  +e++ 
  nat_04929645ec641fea858e 191 QRLKEL-RASRRESITADLQERLADVAREVHTLERSP 226
                               455566.67888******************9999887 PP

>> nat_19313a16de85e8dc6da2  
   #    score  bias  c-Evalue  i-Evalue hmmfrom  hmm to    alifrom  ali to    envfrom  env to     acc
 ---   ------ ----- --------- --------- ------- -------    ------- -------    ------- -------    ----
   1 ?    4.8   0.2      0.95       2.8      42      67 ..      77      99 ..      69     109 .] 0.62

  Alignments for each domain:
  == domain 1  score: 4.8 bits;  conditional E-value: 0.95
                      gvpv 42 RlavlaslqerLrqleteiakaelea 67
                              R   ++++qe+ ++l + i+++e++ 
  nat_19313a16de85e8dc6da2 77 R---IQEIQEENEELHNRIKQLEENS 99
                              3...6666666666666666666666 PP

>> nat_63b8d2c76b5087893a75  
   #    score  bias  c-Evalue  i-Evalue hmmfrom  hmm to    alifrom  ali to    envfrom  env to     acc
 ---   ------ ----- --------- --------- ------- -------    ------- -------    ------- -------    ----
   1 ?    5.0   0.1      0.83       2.4      19      39 ..      45      65 ..      27      83 .. 0.55

  Alignments for each domain:
  == domain 1  score: 5.0 bits;  conditional E-value: 0.83
                      gvpv 19 lselaeLrsrrqrLqreleql 39
                                e++   ++++ L+ ele++
  nat_63b8d2c76b5087893a75 45 DAEIERVGQQLASLEDELERM 65
                              233333333333333333333 PP

>> nat_5a717df99d67fd784241  
   #    score  bias  c-Evalue  i-Evalue hmmfrom  hmm to    alifrom  ali to    envfrom  env to     acc
 ---   ------ ----- --------- --------- ------- -------    ------- -------    ------- -------    ----
   1 ?    4.9   0.9       0.9       2.6      19      48 ..      48      74 ..      36      81 .. 0.70

  Alignments for each domain:
  == domain 1  score: 4.9 bits;  conditional E-value: 0.9
                      gvpv 19 lselaeLrsrrqrLqreleqleaRlavlas 48
                              ++++ae + rr++L+ el  +++    +++
  nat_5a717df99d67fd784241 48 QRSTAEYEARREELEAELALAKEA---REQ 74
                              677888888888888888776653...344 PP

>> nat_4d078b98a15dd30260b8  
   #    score  bias  c-Evalue  i-Evalue hmmfrom  hmm to    alifrom  ali to    envfrom  env to     acc
 ---   ------ ----- --------- --------- ------- -------    ------- -------    ------- -------    ----
   1 ?    4.7   1.4         1       3.1      31      67 ..      31      64 ..      25      75 .. 0.69

  Alignments for each domain:
  == domain 1  score: 4.7 bits;  conditional E-value: 1
                      gvpv 31 rLqreleqleaRlavlaslqerLrqleteiakaelea 67
                               Lqre+ + ++R       +e+ +++ +++a+ e+e 
  nat_4d078b98a15dd30260b8 31 ALQREALRRMER---GDLTDEEVERVGAQLAAIEAEL 64
                              699999999999...4455566666666666666654 PP

>> nat_00945445101ba336d3c1  
   #    score  bias  c-Evalue  i-Evalue hmmfrom  hmm to    alifrom  ali to    envfrom  env to     acc
 ---   ------ ----- --------- --------- ------- -------    ------- -------    ------- -------    ----
   1 ?    4.0   2.3       1.7       4.9      16      36 ..      50      70 ..      32     104 .. 0.50

  Alignments for each domain:
  == domain 1  score: 4.0 bits;  conditional E-value: 1.7
                      gvpv 16 aselselaeLrsrrqrLqrel 36
                               +  ++la+ + ++++L+r+ 
  nat_00945445101ba336d3c1 50 DRLGRQLAAIEAELEELKRDQ 70
                              233333333333333333333 PP

>> nat_2f81ae5a8efef14f8a07  
   #    score  bias  c-Evalue  i-Evalue hmmfrom  hmm to    alifrom  ali to    envfrom  env to     acc
 ---   ------ ----- --------- --------- ------- -------    ------- -------    ------- -------    ----
   1 ?    4.7   1.5         1         3      13      69 ..      21      74 ..      15      82 .. 0.78

  Alignments for each domain:
  == domain 1  score: 4.7 bits;  conditional E-value: 1
                      gvpv 13 rqkaselselaeLrsrrqrLqreleqleaRlavlaslqerLrqleteiakaeleaar 69
                                  sel ++++L++++++ ++ l+ l +R    ++ q+r +++e+ei+ a + ++r
  nat_2f81ae5a8efef14f8a07 21 TMALSELYDIEALEDELKE-NQLLYELGER--SEEEYQRRKEEIEAEIEIARDVHER 74
                              4456789999999999998.7889999999..5788899999999999877776654 PP

>> nat_a06eef8fee93cc72d981  
   #    score  bias  c-Evalue  i-Evalue hmmfrom  hmm to    alifrom  ali to    envfrom  env to     acc
 ---   ------ ----- --------- --------- ------- -------    ------- -------    ------- -------    ----
   1 ?    2.4   0.1       5.4        16      31      60 ..     183     211 ..     177     232 .. 0.75

  Alignments for each domain:
  == domain 1  score: 2.4 bits;  conditional E-value: 5.4
                      gvpv  31 rLqreleqleaRlavlaslqerLrqletei 60 
                               r + e+ ++ +R++ + +l++rLr l   +
  nat_a06eef8fee93cc72d981 183 RRLAEV-KAAHRQGAMDDLRDRLRPLVDRL 211
                               556666.66778777888888888765555 PP

>> nat_b629ea5b6ccdf5cafe33  
   #    score  bias  c-Evalue  i-Evalue hmmfrom  hmm to    alifrom  ali to    envfrom  env to     acc
 ---   ------ ----- --------- --------- ------- -------    ------- -------    ------- -------    ----
   1 ?    4.6   0.3       1.2       3.3      29      60 ..      84      98 ..      68     102 .] 0.57

  Alignments for each domain:
  == domain 1  score: 4.6 bits;  conditional E-value: 1.2
                      gvpv 29 rqrLqreleqleaRlavlaslqerLrqletei 60
                                                 +l+erL++le+++
  nat_b629ea5b6ccdf5cafe33 84 NR-----------------KLNERLEKLEKQL 98
                              33.................4555555555554 PP

>> nat_a07c55369bbbf7504123  
   #    score  bias  c-Evalue  i-Evalue hmmfrom  hmm to    alifrom  ali to    envfrom  env to     acc
 ---   ------ ----- --------- --------- ------- -------    ------- -------    ------- -------    ----
   1 ?    4.6   1.1       1.1       3.3      16      69 ..      24      74 ..      13      82 .. 0.73

  Alignments for each domain:
  == domain 1  score: 4.6 bits;  conditional E-value: 1.1
                      gvpv 16 aselselaeLrsrrqrLqreleqleaRlavlaslqerLrqleteiakaeleaar 69
                               +el +l++L++++++ ++ l+ + +R    ++ ++r ++le+ei+ a++ ++r
  nat_a07c55369bbbf7504123 24 LNELYDLEALEDELKE-NQLLYEIGER--SEEEYRRRKEELEAEIEIAQEVHER 74
                              5667888888888887.7788899999..4677788888888888877776654 PP

>> nat_1d519e42f5e4d4625382  
   #    score  bias  c-Evalue  i-Evalue hmmfrom  hmm to    alifrom  ali to    envfrom  env to     acc
 ---   ------ ----- --------- --------- ------- -------    ------- -------    ------- -------    ----
   1 ?    4.1   0.4       1.6       4.7      30      52 ..      77      96 ..      73     100 .. 0.86

  Alignments for each domain:
  == domain 1  score: 4.1 bits;  conditional E-value: 1.6
                      gvpv 30 qrLqreleqleaRlavlaslqer 52
                              +r q+e e l++R   +++l+er
  nat_1d519e42f5e4d4625382 77 ARVQEENEELWQR---IRQLEER 96
                              6889999999999...9999987 PP

>> nat_82b15fd1e2a58ca3c8d0  
   #    score  bias  c-Evalue  i-Evalue hmmfrom  hmm to    alifrom  ali to    envfrom  env to     acc
 ---   ------ ----- --------- --------- ------- -------    ------- -------    ------- -------    ----
   1 ?    4.5   4.2       1.2       3.5      23      71 ..      32      77 ..      18      83 .. 0.76

  Alignments for each domain:
  == domain 1  score: 4.5 bits;  conditional E-value: 1.2
                      gvpv 23 aeLrsrrqrLqreleqleaRlavlaslqerLrqleteiakaeleaarlr 71
                              ++L+  +++ ++ l+ l +R   +++ ++r ++le+++++ae+++++lr
  nat_82b15fd1e2a58ca3c8d0 32 EALQADLKE-NQLLYELGER--SQEEYERRKAELEADLDAAEAAREQLR 77
                              455444444.5778888999..6999999999***********998877 PP

>> nat_4679d56f6681435313d7  
   #    score  bias  c-Evalue  i-Evalue hmmfrom  hmm to    alifrom  ali to    envfrom  env to     acc
 ---   ------ ----- --------- --------- ------- -------    ------- -------    ------- -------    ----
   1 ?    3.9   1.7       1.9       5.6      39      74 ..      83     116 ..      78     119 .] 0.75

  Alignments for each domain:
  == domain 1  score: 3.9 bits;  conditional E-value: 1.9
                      gvpv  39 leaRlavlaslqerLrqleteiakaeleaarlrqak 74 
                               + +R   la+ +e+Lr   +e++ +e+  ar+++++
  nat_4679d56f6681435313d7  83 AAER--ALAQENEELRSRVAELEDREDVPARSAPSR 116
                               5567..589999999999999999999996655554 PP

>> nat_99861ed9cc175485de8b  
   #    score  bias  c-Evalue  i-Evalue hmmfrom  hmm to    alifrom  ali to    envfrom  env to     acc
 ---   ------ ----- --------- --------- ------- -------    ------- -------    ------- -------    ----
   1 ?    2.8   0.2       4.2        12      22      59 ..     171     207 ..     151     214 .. 0.69

  Alignments for each domain:
  == domain 1  score: 2.8 bits;  conditional E-value: 4.2
                      gvpv  22 laeLrsrrqrLqreleqle.aRlavlaslqerLrqlete 59 
                                  L+++ +r + +le+ +  R  + a+l+erL+ l ++
  nat_99861ed9cc175485de8b 171 AFLLEKQYERRLTDLERERdDR--LAADLRERLAPLVAD 207
                               5567777788888886543145..678999999876555 PP

>> nat_bc6806cbbc65718c537b  
   #    score  bias  c-Evalue  i-Evalue hmmfrom  hmm to    alifrom  ali to    envfrom  env to     acc
 ---   ------ ----- --------- --------- ------- -------    ------- -------    ------- -------    ----
   1 ?    3.7   0.3       2.2       6.3      32      60 ..      88     111 ..      81     116 .. 0.54

  Alignments for each domain:
  == domain 1  score: 3.7 bits;  conditional E-value: 2.2
                      gvpv  32 LqreleqleaRlavlaslqerLrqletei 60 
                                +r++  +e R     +l++rL++le ++
  nat_bc6806cbbc65718c537b  88 RERDALEAENR-----DLRARLDTLERSL 111
                               34444444444.....6666666666555 PP

>> nat_76da33fd04b27484cbcd  
   #    score  bias  c-Evalue  i-Evalue hmmfrom  hmm to    alifrom  ali to    envfrom  env to     acc
 ---   ------ ----- --------- --------- ------- -------    ------- -------    ------- -------    ----
   1 ?    4.0   1.7       1.8       5.2      49      70 ..      45      66 ..      24     111 .. 0.71

  Alignments for each domain:
  == domain 1  score: 4.0 bits;  conditional E-value: 1.8
                      gvpv 49 lqerLrqleteiakaeleaarl 70
                               +e++++l  ++a  e+e+++l
  nat_76da33fd04b27484cbcd 45 ADEEIERLGGQLATIEAEIEQL 66
                              3456666666666666666443 PP

>> nat_6564bfeee9ba0940d56f  
   #    score  bias  c-Evalue  i-Evalue hmmfrom  hmm to    alifrom  ali to    envfrom  env to     acc
 ---   ------ ----- --------- --------- ------- -------    ------- -------    ------- -------    ----
   1 ?    4.1   1.0       1.6       4.8      17      65 ..      25      70 ..      15      82 .. 0.65

  Alignments for each domain:
  == domain 1  score: 4.1 bits;  conditional E-value: 1.6
                      gvpv 17 selselaeLrsrrqrLqreleqleaRlavlaslqerLrqleteiakael 65
                              +el ++++L+++r++ +r l+ l +R    ++ ++r +++e e++ a +
  nat_6564bfeee9ba0940d56f 25 DELYDIEALEDERKE-NRLLYELGER--SETEYRARKEAIEDELEVARE 70
                              567889999999986.5666666777..345555555555555554444 PP

>> nat_7f0e9e38f80486cab386  
   #    score  bias  c-Evalue  i-Evalue hmmfrom  hmm to    alifrom  ali to    envfrom  env to     acc
 ---   ------ ----- --------- --------- ------- -------    ------- -------    ------- -------    ----
   1 ?    3.5   0.6       2.5       7.3      52      85 ..      14      49 ..       5      61 .. 0.80

  Alignments for each domain:
  == domain 1  score: 3.5 bits;  conditional E-value: 2.5
                      gvpv 52 rLrqleteiakaeleaarlrqakrkpeplgDag..t 85
                              ++r+  ++ a + ++++ +r+a+ + e +gD +   
  nat_7f0e9e38f80486cab386 14 KIRASREQKAGRKAKKELARKASNAGERNGDSPlaD 49
                              577788899999999999999999999999998432 PP

>> nat_cad1eb46349cc94da814  
   #    score  bias  c-Evalue  i-Evalue hmmfrom  hmm to    alifrom  ali to    envfrom  env to     acc
 ---   ------ ----- --------- --------- ------- -------    ------- -------    ------- -------    ----
   1 ?    2.3   3.6       5.7        17      21      67 ..     185     230 ..     168     258 .. 0.73

  Alignments for each domain:
  == domain 1  score: 2.3 bits;  conditional E-value: 5.7
                      gvpv  21 elaeLrsrrqrLqreleqleaRlavlaslqerLrqleteiakaelea 67 
                               + + L+++ ++  rel +   R ++ a+l++rL+++  e+ ++ ++ 
  nat_cad1eb46349cc94da814 185 TAYLLEKKYDERVREL-RRARRESLTADLESRLDDVVREVHALDRSP 230
                               6677888888888999.5556799999******99999988877765 PP

>> nat_9ba949b2aab9e2be6898  
   #    score  bias  c-Evalue  i-Evalue hmmfrom  hmm to    alifrom  ali to    envfrom  env to     acc
 ---   ------ ----- --------- --------- ------- -------    ------- -------    ------- -------    ----
   1 ?    3.5   0.0       2.5       7.3      46      94 ..      49      89 ..      38      94 .. 0.63

  Alignments for each domain:
  == domain 1  score: 3.5 bits;  conditional E-value: 2.5
                      gvpv 46 laslqerLrqleteiakaeleaarlrqakrkpeplgDagtravgratss 94
                              +as+++ L    +eiak e+++     a+ + e+l+D     ++r +ss
  nat_9ba949b2aab9e2be6898 49 VASVDTFLHYA-EEIAKIEQAT-----AEGDLEDLEDLE--VETRPESS 89
                              55555555444.4788888888.....778888888888..44444444 PP

>> nat_9a9fa733c600121c0319  
   #    score  bias  c-Evalue  i-Evalue hmmfrom  hmm to    alifrom  ali to    envfrom  env to     acc
 ---   ------ ----- --------- --------- ------- -------    ------- -------    ------- -------    ----
   1 ?    1.9   0.1         8        23      50      65 ..     160     175 ..     152     179 .. 0.64
   2 ?    5.2   6.1      0.72       2.1      28      76 ..     182     231 ..     177     241 .. 0.73

  Alignments for each domain:
  == domain 1  score: 1.9 bits;  conditional E-value: 8
                      gvpv  50 qerLrqleteiakael 65 
                               +erL++l++ei+ ae+
  nat_9a9fa733c600121c0319 160 DERLADLQSEIDDAED 175
                               4566666666666654 PP

  == domain 2  score: 5.2 bits;  conditional E-value: 0.72
                      gvpv  28 rrqrLqreleqleaR.lavlaslqerLrqleteiakaeleaarlrqakrk 76 
                               ++qr qr +e+  aR  +v a+l++rL++   e+ ++e++   + +a   
  nat_9a9fa733c600121c0319 182 EKQRDQRLAERRAARrESVTADLESRLAETVREVHALERSPTASLDADAV 231
                               67777777777777779*********************998554444433 PP

>> nat_fb5c50128dbd5c384bba  
   #    score  bias  c-Evalue  i-Evalue hmmfrom  hmm to    alifrom  ali to    envfrom  env to     acc
 ---   ------ ----- --------- --------- ------- -------    ------- -------    ------- -------    ----
   1 ?    3.3   0.1       2.9       8.5      45      60 ..      89     104 ..      74     105 .] 0.69

  Alignments for each domain:
  == domain 1  score: 3.3 bits;  conditional E-value: 2.9
                      gvpv  45 vlaslqerLrqletei 60 
                                +++l+ r+++le+++
  nat_fb5c50128dbd5c384bba  89 SIKKLNHRIEALEKQL 104
                               4566666777776665 PP

>> nat_395ec35f14effdb2da3a  
   #    score  bias  c-Evalue  i-Evalue hmmfrom  hmm to    alifrom  ali to    envfrom  env to     acc
 ---   ------ ----- --------- --------- ------- -------    ------- -------    ------- -------    ----
   1 ?    6.1   0.9      0.38       1.1      18      41 ..      80     103 ..      71     109 .. 0.68

  Alignments for each domain:
  == domain 1  score: 6.1 bits;  conditional E-value: 0.38
                      gvpv  18 elselaeLrsrrqrLqreleqlea 41 
                               ++ e  +L+++ ++Lq++le+le 
  nat_395ec35f14effdb2da3a  80 AEQEQNQLKEENKELQKRLEKLEG 103
                               455666777777777777777664 PP

>> nat_299ca2c9b99a9aadf54a  
   #    score  bias  c-Evalue  i-Evalue hmmfrom  hmm to    alifrom  ali to    envfrom  env to     acc
 ---   ------ ----- --------- --------- ------- -------    ------- -------    ------- -------    ----
   1 ?    3.2   0.3       3.1         9      47      67 ..      94     115 ..      77     119 .] 0.75

  Alignments for each domain:
  == domain 1  score: 3.2 bits;  conditional E-value: 3.1
                      gvpv  47 aslqerLrqlete.iakaelea 67 
                               + l+er+++le + ia++e+++
  nat_299ca2c9b99a9aadf54a  94 RLLRERIADLERDrIAEHERDT 115
                               4789999999975477777765 PP

>> nat_7d45d6cf3df5d3d36985  
   #    score  bias  c-Evalue  i-Evalue hmmfrom  hmm to    alifrom  ali to    envfrom  env to     acc
 ---   ------ ----- --------- --------- ------- -------    ------- -------    ------- -------    ----
   1 ?    3.3   0.1       2.9       8.3      47      93 ..      50      88 ..      38      94 .. 0.62

  Alignments for each domain:
  == domain 1  score: 3.3 bits;  conditional E-value: 2.9
                      gvpv 47 aslqerLrqleteiakaeleaarlrqakrkpeplgDagtravgrats 93
                              as+++ L    +eiak e+++     a+ + e+l+D     ++r +s
  nat_7d45d6cf3df5d3d36985 50 ASVDTFLHYA-EEIAKIEQAT-----AEGDLEELEDLE--VETRPES 88
                              5555555444.4788888888.....778888888887..4444444 PP

>> nat_7c3de3fe13342d4e92f5  
   #    score  bias  c-Evalue  i-Evalue hmmfrom  hmm to    alifrom  ali to    envfrom  env to     acc
 ---   ------ ----- --------- --------- ------- -------    ------- -------    ------- -------    ----
   1 ?    3.0   0.2       3.5        10      47      66 ..      92     112 ..      74     116 .. 0.73

  Alignments for each domain:
  == domain 1  score: 3.0 bits;  conditional E-value: 3.5
                      gvpv  47 aslqerLrqlete.iakaele 66 
                               + l+er+++le + ia++e++
  nat_7c3de3fe13342d4e92f5  92 RLLRERIADLERDrIAEHERD 112
                               468888888887547777766 PP

>> nat_cc277418f009938ffb7b  
   #    score  bias  c-Evalue  i-Evalue hmmfrom  hmm to    alifrom  ali to    envfrom  env to     acc
 ---   ------ ----- --------- --------- ------- -------    ------- -------    ------- -------    ----
   1 ?    3.4   0.2       2.6       7.6      46      64 ..      49      67 ..      23      97 .. 0.67

  Alignments for each domain:
  == domain 1  score: 3.4 bits;  conditional E-value: 2.6
                      gvpv 46 laslqerLrqleteiakae 64
                              ++ l ++L+++e ei+++ 
  nat_cc277418f009938ffb7b 49 IERLGRQLATIEDEIDQLK 67
                              3334444444444444433 PP

>> nat_28fe1b57f20e35dc1b32  
   #    score  bias  c-Evalue  i-Evalue hmmfrom  hmm to    alifrom  ali to    envfrom  env to     acc
 ---   ------ ----- --------- --------- ------- -------    ------- -------    ------- -------    ----
   1 ?    3.4   0.7       2.6       7.6      22      41 ..      51      70 ..      31      79 .. 0.80

  Alignments for each domain:
  == domain 1  score: 3.4 bits;  conditional E-value: 2.6
                      gvpv 22 laeLrsrrqrLqreleqlea 41
                               ae r+r+++L+ ele +++
  nat_28fe1b57f20e35dc1b32 51 EAEYRRRKDELEAELETARE 70
                              46778999999999987664 PP

>> nat_d39c56188f28cb02ba10  
   #    score  bias  c-Evalue  i-Evalue hmmfrom  hmm to    alifrom  ali to    envfrom  env to     acc
 ---   ------ ----- --------- --------- ------- -------    ------- -------    ------- -------    ----
   1 ?    3.1   0.1       3.2       9.4      29      52 ..      85     105 ..      77     113 .. 0.59

  Alignments for each domain:
  == domain 1  score: 3.1 bits;  conditional E-value: 3.2
                      gvpv  29 rqrLqreleqleaRlavlaslqer 52 
                               r+ L +e  ql+aR   l++l+e 
  nat_d39c56188f28cb02ba10  85 RDALAEENAQLRAR---LEALEES 105
                               55566666666666...5555443 PP

>> nat_10402ebc20235ea85773  
   #    score  bias  c-Evalue  i-Evalue hmmfrom  hmm to    alifrom  ali to    envfrom  env to     acc
 ---   ------ ----- --------- --------- ------- -------    ------- -------    ------- -------    ----
   1 ?    3.2   0.4       3.1         9      49      73 ..      24      48 ..       1      59 [. 0.74

  Alignments for each domain:
  == domain 1  score: 3.2 bits;  conditional E-value: 3.1
                      gvpv 49 lqerLrqleteiakaeleaarlrqa 73
                               +er+r  +++ia  e e++r+r+a
  nat_10402ebc20235ea85773 24 ERERIRSPQESIAVGESEQNRERPA 48
                              5789999999999999999777766 PP

>> nat_b10fc547fbd9c05dd022  
   #    score  bias  c-Evalue  i-Evalue hmmfrom  hmm to    alifrom  ali to    envfrom  env to     acc
 ---   ------ ----- --------- --------- ------- -------    ------- -------    ------- -------    ----
   1 ?    3.0   0.4       3.7        11      52      72 ..      57      77 ..      50      83 .. 0.63

  Alignments for each domain:
  == domain 1  score: 3.0 bits;  conditional E-value: 3.7
                      gvpv 52 rLrqleteiakaeleaarlrq 72
                              r ++le+ +++ae++++rlr+
  nat_b10fc547fbd9c05dd022 57 RKADLEARLDAAETAHERLRN 77
                              445666666666666666554 PP

>> nat_b5ccff48f879b7cc34ad  
   #    score  bias  c-Evalue  i-Evalue hmmfrom  hmm to    alifrom  ali to    envfrom  env to     acc
 ---   ------ ----- --------- --------- ------- -------    ------- -------    ------- -------    ----
   1 ?    3.0   0.5       3.5        10      55      75 ..      69      89 ..      39      92 .] 0.62

  Alignments for each domain:
  == domain 1  score: 3.0 bits;  conditional E-value: 3.5
                      gvpv 55 qleteiakaeleaarlrqakr 75
                              + e +++++e e+  ++ +k+
  nat_b5ccff48f879b7cc34ad 69 TAEGDLEELEVEQRAESSPKS 89
                              334556666666644444444 PP

>> nat_3dee88ac2224aeef66c6  
   #    score  bias  c-Evalue  i-Evalue hmmfrom  hmm to    alifrom  ali to    envfrom  env to     acc
 ---   ------ ----- --------- --------- ------- -------    ------- -------    ------- -------    ----
   1 ?    2.7   1.2       4.4        13      54      97 ..     112     151 ..     105     156 .. 0.60

  Alignments for each domain:
  == domain 1  score: 2.7 bits;  conditional E-value: 4.4
                      gvpv  54 rqleteiakaeleaarlrqakrkpeplgDagtravgratssrfp 97 
                               ++++++i  + +++    +++++pe+++++  +a++++   r p
  nat_3dee88ac2224aeef66c6 112 DAVTESITGRSAKQ---EEPEEEPEEEPEEE-PAPKKRRPARRP 151
                               56777777777777...34555555543333.466666655555 PP

>> nat_74c75a9811d827201939  
   #    score  bias  c-Evalue  i-Evalue hmmfrom  hmm to    alifrom  ali to    envfrom  env to     acc
 ---   ------ ----- --------- --------- ------- -------    ------- -------    ------- -------    ----
   1 ?    4.9   5.8      0.91       2.7      21      67 ..     177     222 ..     159     241 .. 0.84

  Alignments for each domain:
  == domain 1  score: 4.9 bits;  conditional E-value: 0.91
                      gvpv  21 elaeLrsrrqrLqreleqleaRlavlaslqerLrqleteiakaelea 67 
                               + + L++++++ + el ++  R ++ a+l++rL++ + e+  +e++ 
  nat_74c75a9811d827201939 177 TAYLLEKQLDQRLTEL-RAGRRESLTADLKARLDEHTREVHTLERSP 222
                               6788999**9999999.99999******************9999876 PP

>> nat_1f7ab0dfc808b4ef03c3  
   #    score  bias  c-Evalue  i-Evalue hmmfrom  hmm to    alifrom  ali to    envfrom  env to     acc
 ---   ------ ----- --------- --------- ------- -------    ------- -------    ------- -------    ----
   1 ?    3.1   0.0       3.4       9.9      51      69 ..      60      78 ..      34      95 .] 0.60

  Alignments for each domain:
  == domain 1  score: 3.1 bits;  conditional E-value: 3.4
                      gvpv 51 erLrqleteiakaeleaar 69
                              e+++++e++ a+ ele+ +
  nat_1f7ab0dfc808b4ef03c3 60 EEIAKIEQATAEGELEELE 78
                              5666666666666655533 PP

>> nat_7ee1d64f80049d71603c  
   #    score  bias  c-Evalue  i-Evalue hmmfrom  hmm to    alifrom  ali to    envfrom  env to     acc
 ---   ------ ----- --------- --------- ------- -------    ------- -------    ------- -------    ----
   1 ?    2.8   0.1         4        12      51      69 ..      60      78 ..      39      94 .. 0.56

  Alignments for each domain:
  == domain 1  score: 2.8 bits;  conditional E-value: 4
                      gvpv 51 erLrqleteiakaeleaar 69
                              e+++++e++ a+ ele  +
  nat_7ee1d64f80049d71603c 60 EEIAKIEQATAEGELEDLE 78
                              4555555555555555433 PP

>> nat_d80e058d93177215aa4b  
   #    score  bias  c-Evalue  i-Evalue hmmfrom  hmm to    alifrom  ali to    envfrom  env to     acc
 ---   ------ ----- --------- --------- ------- -------    ------- -------    ------- -------    ----
   1 ?    3.1   0.0       3.4       9.9      51      70 ..      60      79 ..      34      95 .] 0.61

  Alignments for each domain:
  == domain 1  score: 3.1 bits;  conditional E-value: 3.4
                      gvpv 51 erLrqleteiakaeleaarl 70
                              e+++++e++ a+ ele  ++
  nat_d80e058d93177215aa4b 60 EEIAKIEQATAEGELEDLEE 79
                              56666666666666665332 PP

>> nat_f19e30abde1c734a02eb  
   #    score  bias  c-Evalue  i-Evalue hmmfrom  hmm to    alifrom  ali to    envfrom  env to     acc
 ---   ------ ----- --------- --------- ------- -------    ------- -------    ------- -------    ----
   1 ?    3.1   1.2       3.2       9.4      36      73 ..      44      77 ..      20      83 .. 0.65

  Alignments for each domain:
  == domain 1  score: 3.1 bits;  conditional E-value: 3.2
                      gvpv 36 leqleaRlavlaslqerLrqleteiakaeleaarlrqa 73
                              l+ l +R+   ++ ++r ++le++++ ae+++++   a
  nat_f19e30abde1c734a02eb 44 LYELGERP--ESEYERRKAELEADLDTAEAAREQ--YA 77
                              55556663..355556667788888888887744..44 PP

>> nat_75a89740ad2cb7445378  
   #    score  bias  c-Evalue  i-Evalue hmmfrom  hmm to    alifrom  ali to    envfrom  env to     acc
 ---   ------ ----- --------- --------- ------- -------    ------- -------    ------- -------    ----
   1 ?    2.8   0.2       4.1        12      21      42 ..      54      75 ..       1      88 [. 0.75

  Alignments for each domain:
  == domain 1  score: 2.8 bits;  conditional E-value: 4.1
                      gvpv 21 elaeLrsrrqrLqreleqleaR 42
                              +++ L + + +L++ +e l++R
  nat_75a89740ad2cb7445378 54 QIEGLGTGLMHLEQAMEDLKSR 75
                              4445555666777777777777 PP

>> nat_f6ad48ba3d6950d55fac  
   #    score  bias  c-Evalue  i-Evalue hmmfrom  hmm to    alifrom  ali to    envfrom  env to     acc
 ---   ------ ----- --------- --------- ------- -------    ------- -------    ------- -------    ----
   1 ?    3.0   0.8       3.6        11      36      80 ..      89     131 ..      76     145 .] 0.71

  Alignments for each domain:
  == domain 1  score: 3.0 bits;  conditional E-value: 3.6
                      gvpv  36 leqleaRlavlaslqerLrqleteiakaeleaarlrqakrkpepl 80 
                               +    aR+   ++l+   ++++ +++   + +  + +++++pep 
  nat_f6ad48ba3d6950d55fac  89 VTESGARGKSKGALTGAVEAITDSLQGDRTRE--REEPEPEPEPR 131
                               55666788888899999999999999988888..45666666662 PP

>> nat_92d7d81f95603487cd9c  
   #    score  bias  c-Evalue  i-Evalue hmmfrom  hmm to    alifrom  ali to    envfrom  env to     acc
 ---   ------ ----- --------- --------- ------- -------    ------- -------    ------- -------    ----
   1 ?    2.9   0.1       3.7        11      51      69 ..      60      78 ..      34      95 .] 0.61

  Alignments for each domain:
  == domain 1  score: 2.9 bits;  conditional E-value: 3.7
                      gvpv 51 erLrqleteiakaeleaar 69
                              e+++++e++ a+ ele+ +
  nat_92d7d81f95603487cd9c 60 EEIAKIEQATAEGELEELE 78
                              5666666666666665533 PP

>> nat_3ca681349695f8ed3ee4  
   #    score  bias  c-Evalue  i-Evalue hmmfrom  hmm to    alifrom  ali to    envfrom  env to     acc
 ---   ------ ----- --------- --------- ------- -------    ------- -------    ------- -------    ----
   1 ?    2.8   1.1       4.1        12      61      83 ..     119     141 ..      85     145 .] 0.58

  Alignments for each domain:
  == domain 1  score: 2.8 bits;  conditional E-value: 4.1
                      gvpv  61 akaeleaarlrqakrkpeplgDa 83 
                               +++e+e++ + +++r+p p+g +
  nat_3ca681349695f8ed3ee4 119 EEEEEEKQPEERPRRRPRPEGRK 141
                               44555555577888888886644 PP

>> nat_023128e0df407b2417ae  
   #    score  bias  c-Evalue  i-Evalue hmmfrom  hmm to    alifrom  ali to    envfrom  env to     acc
 ---   ------ ----- --------- --------- ------- -------    ------- -------    ------- -------    ----
   1 ?    2.6   0.1       4.7        14      48      65 ..      95     112 ..      79     115 .] 0.76

  Alignments for each domain:
  == domain 1  score: 2.6 bits;  conditional E-value: 4.7
                      gvpv  48 slqerLrqleteiakael 65 
                                l+erL++le ++++ e 
  nat_023128e0df407b2417ae  95 RLRERLAALEWALDRKEP 112
                               578888888888887775 PP

>> nat_93f7db09d3715d2b4013  
   #    score  bias  c-Evalue  i-Evalue hmmfrom  hmm to    alifrom  ali to    envfrom  env to     acc
 ---   ------ ----- --------- --------- ------- -------    ------- -------    ------- -------    ----
   1 ?    2.6   0.8       4.8        14      23      40 ..      89     106 ..      80     109 .. 0.58

  Alignments for each domain:
  == domain 1  score: 2.6 bits;  conditional E-value: 4.8
                      gvpv  23 aeLrsrrqrLqreleqle 40 
                               +eL ++  +L+++le le
  nat_93f7db09d3715d2b4013  89 QELADENRELRQRLEELE 106
                               555555555555555443 PP

>> nat_830632d521f3236a361b  
   #    score  bias  c-Evalue  i-Evalue hmmfrom  hmm to    alifrom  ali to    envfrom  env to     acc
 ---   ------ ----- --------- --------- ------- -------    ------- -------    ------- -------    ----
   1 ?    2.5   0.1       5.1        15      22      39 ..      93     110 ..      82     113 .. 0.62

  Alignments for each domain:
  == domain 1  score: 2.5 bits;  conditional E-value: 5.1
                      gvpv  22 laeLrsrrqrLqreleql 39 
                               l eLrs+ + L+++l  l
  nat_830632d521f3236a361b  93 LDELRSENELLRQRLAEL 110
                               556666666666666554 PP

>> nat_bda4e304d446361a159c  
   #    score  bias  c-Evalue  i-Evalue hmmfrom  hmm to    alifrom  ali to    envfrom  env to     acc
 ---   ------ ----- --------- --------- ------- -------    ------- -------    ------- -------    ----
   1 ?    2.9   0.0       3.8        11      51      69 ..      60      78 ..      34      95 .] 0.60

  Alignments for each domain:
  == domain 1  score: 2.9 bits;  conditional E-value: 3.8
                      gvpv 51 erLrqleteiakaeleaar 69
                              e+++++e++ a+ ele+ +
  nat_bda4e304d446361a159c 60 EEIAKIEQATAEGELEELE 78
                              5566666665555555533 PP

>> nat_af3d459664f55329d87d  
   #    score  bias  c-Evalue  i-Evalue hmmfrom  hmm to    alifrom  ali to    envfrom  env to     acc
 ---   ------ ----- --------- --------- ------- -------    ------- -------    ------- -------    ----
   1 ?    2.2   0.2       6.2        18      22      42 ..      56      76 ..      43      86 .. 0.80

  Alignments for each domain:
  == domain 1  score: 2.2 bits;  conditional E-value: 6.2
                      gvpv 22 laeLrsrrqrLqreleqleaR 42
                              ++eL   + rL++ + +l++R
  nat_af3d459664f55329d87d 56 VEELGLGLMRLEQAMTSLQER 76
                              667777788999999999999 PP

>> nat_521484c428743b2a28a2  
   #    score  bias  c-Evalue  i-Evalue hmmfrom  hmm to    alifrom  ali to    envfrom  env to     acc
 ---   ------ ----- --------- --------- ------- -------    ------- -------    ------- -------    ----
   1 ?    2.9   1.0       3.8        11      48      67 ..      53      72 ..      26      78 .. 0.64

  Alignments for each domain:
  == domain 1  score: 2.9 bits;  conditional E-value: 3.8
                      gvpv 48 slqerLrqleteiakaelea 67
                              + ++r ++le+e+++ae+++
  nat_521484c428743b2a28a2 53 EYERRKAELEAELDAAEEAH 72
                              33344445555555555554 PP

>> nat_05b12b3e859ceb6ed015  
   #    score  bias  c-Evalue  i-Evalue hmmfrom  hmm to    alifrom  ali to    envfrom  env to     acc
 ---   ------ ----- --------- --------- ------- -------    ------- -------    ------- -------    ----
   1 ?    2.6   0.1       4.8        14      29      47 ..      85     100 ..      76     109 .. 0.64

  Alignments for each domain:
  == domain 1  score: 2.6 bits;  conditional E-value: 4.8
                      gvpv  29 rqrLqreleqleaRlavla 47 
                               r++L +e e+l+aR   l 
  nat_05b12b3e859ceb6ed015  85 REELAEENERLRAR---LD 100
                               55666666666666...32 PP

>> nat_744a9d49541c2fd7d2e2  
   #    score  bias  c-Evalue  i-Evalue hmmfrom  hmm to    alifrom  ali to    envfrom  env to     acc
 ---   ------ ----- --------- --------- ------- -------    ------- -------    ------- -------    ----
   1 ?    1.9   0.1       8.1        23      51      73 ..     187     207 ..     154     232 .. 0.78

  Alignments for each domain:
  == domain 1  score: 1.9 bits;  conditional E-value: 8.1
                      gvpv  51 erLrqleteiakaeleaarlrqa 73 
                                ++ q ++ei+k+e+e ++  ++
  nat_744a9d49541c2fd7d2e2 187 HKIVQRNEEIQKLEKEMKS--KP 207
                               5566777888888888744..33 PP

>> nat_935d7d0e66b4d7c7301a  
   #    score  bias  c-Evalue  i-Evalue hmmfrom  hmm to    alifrom  ali to    envfrom  env to     acc
 ---   ------ ----- --------- --------- ------- -------    ------- -------    ------- -------    ----
   1 ?    3.0   1.9       3.7        11      26      49 ..      55      75 ..      23      83 .. 0.60

  Alignments for each domain:
  == domain 1  score: 3.0 bits;  conditional E-value: 3.7
                      gvpv 26 rsrrqrLqreleqleaRlavlasl 49
                              ++rr +L++ele ++a     ++l
  nat_935d7d0e66b4d7c7301a 55 EQRRRELEEELEIARAA---HEQL 75
                              34444455544433222...3333 PP

>> nat_c25d7e556c15742553a1  
   #    score  bias  c-Evalue  i-Evalue hmmfrom  hmm to    alifrom  ali to    envfrom  env to     acc
 ---   ------ ----- --------- --------- ------- -------    ------- -------    ------- -------    ----
   1 ?    2.9   0.3       3.8        11      52      72 ..      57      77 ..      32      83 .. 0.76

  Alignments for each domain:
  == domain 1  score: 2.9 bits;  conditional E-value: 3.8
                      gvpv 52 rLrqleteiakaeleaarlrq 72
                              r ++le++++ ae+ ++rlr+
  nat_c25d7e556c15742553a1 57 RKADLEAQLETAEEVRERLRN 77
                              446788888888888877765 PP

>> nat_ebf292a13c22a6fb10ff  
   #    score  bias  c-Evalue  i-Evalue hmmfrom  hmm to    alifrom  ali to    envfrom  env to     acc
 ---   ------ ----- --------- --------- ------- -------    ------- -------    ------- -------    ----
   1 ?    2.8   0.4       4.2        12      46      62 ..      58      74 ..      32      81 .. 0.66

  Alignments for each domain:
  == domain 1  score: 2.8 bits;  conditional E-value: 4.2
                      gvpv 46 laslqerLrqleteiak 62
                               a l+erL++ e+++++
  nat_ebf292a13c22a6fb10ff 58 KANLEERLEIAEEALER 74
                              34566666666666655 PP

>> nat_643eb77a8f781d63766e  
   #    score  bias  c-Evalue  i-Evalue hmmfrom  hmm to    alifrom  ali to    envfrom  env to     acc
 ---   ------ ----- --------- --------- ------- -------    ------- -------    ------- -------    ----
   1 ?    2.8   0.1         4        12      24      48 ..      53      70 ..      30      82 .. 0.57

  Alignments for each domain:
  == domain 1  score: 2.8 bits;  conditional E-value: 4
                      gvpv 24 eLrsrrqrLqreleqleaRlavlas 48
                              e r r+++L+ +le       v ++
  nat_643eb77a8f781d63766e 53 EYRARKDELKAQLE-------VAEE 70
                              33334444444443.......3333 PP

>> nat_75c7fbef14ba03f076f3  
   #    score  bias  c-Evalue  i-Evalue hmmfrom  hmm to    alifrom  ali to    envfrom  env to     acc
 ---   ------ ----- --------- --------- ------- -------    ------- -------    ------- -------    ----
   1 ?    2.8   0.3       4.1        12      25      40 ..      54      69 ..      33      81 .. 0.63

  Alignments for each domain:
  == domain 1  score: 2.8 bits;  conditional E-value: 4.1
                      gvpv 25 LrsrrqrLqreleqle 40
                               r+r+++L+++le +e
  nat_75c7fbef14ba03f076f3 54 YRTRKEELEEQLEVAE 69
                              4555555555555433 PP

>> nat_4ec35b7e5d4432cf30cc  
   #    score  bias  c-Evalue  i-Evalue hmmfrom  hmm to    alifrom  ali to    envfrom  env to     acc
 ---   ------ ----- --------- --------- ------- -------    ------- -------    ------- -------    ----
   1 ?    2.5   0.8       5.1        15      22      35 ..      95     108 ..      80     110 .] 0.58

  Alignments for each domain:
  == domain 1  score: 2.5 bits;  conditional E-value: 5.1
                      gvpv  22 laeLrsrrqrLqre 35 
                                +eLr+r+++L+r+
  nat_4ec35b7e5d4432cf30cc  95 NRELRERLEELERD 108
                               34555555555555 PP

>> nat_ebd14cfcc4230e68547c  
   #    score  bias  c-Evalue  i-Evalue hmmfrom  hmm to    alifrom  ali to    envfrom  env to     acc
 ---   ------ ----- --------- --------- ------- -------    ------- -------    ------- -------    ----
   1 ?    2.8   0.2       4.2        12      35      54 ..      59      76 ..      31      83 .. 0.59

  Alignments for each domain:
  == domain 1  score: 2.8 bits;  conditional E-value: 4.2
                      gvpv 35 eleqleaRlavlaslqerLr 54
                                 +le Rl v ++ +erLr
  nat_ebd14cfcc4230e68547c 59 A--ALETRLEVAEEAHERLR 76
                              2..24444444444444444 PP

>> nat_ccd25408209dd226eaf9  
   #    score  bias  c-Evalue  i-Evalue hmmfrom  hmm to    alifrom  ali to    envfrom  env to     acc
 ---   ------ ----- --------- --------- ------- -------    ------- -------    ------- -------    ----
   1 ?    2.5   0.6       5.2        15      51      69 ..      60      78 ..      36      94 .] 0.58

  Alignments for each domain:
  == domain 1  score: 2.5 bits;  conditional E-value: 5.2
                      gvpv 51 erLrqleteiakaeleaar 69
                              e+++++e++ a+ ele+ +
  nat_ccd25408209dd226eaf9 60 EEIAKIEQATAEGELEELE 78
                              4555555555555554433 PP

>> nat_ac4b5fca0de2eeea6c28  
   #    score  bias  c-Evalue  i-Evalue hmmfrom  hmm to    alifrom  ali to    envfrom  env to     acc
 ---   ------ ----- --------- --------- ------- -------    ------- -------    ------- -------    ----
   1 ?    2.7   3.5       4.6        13      20      69 ..      28      74 ..      17      81 .. 0.71

  Alignments for each domain:
  == domain 1  score: 2.7 bits;  conditional E-value: 4.6
                      gvpv 20 selaeLrsrrqrLqreleqleaRlavlaslqerLrqleteiakaeleaar 69
                               ++++L++++++ ++ l+ l +R   +a+ ++r ++le+e++ ae+ +++
  nat_ac4b5fca0de2eeea6c28 28 YDIEALQDELKE-NQLLYELGER--SQAEYERRKEELEAELELAEEVREQ 74
                              566677777766.5677777888..5777777778888888777776655 PP

>> nat_21ce4c05e2c1231a2b33  
   #    score  bias  c-Evalue  i-Evalue hmmfrom  hmm to    alifrom  ali to    envfrom  env to     acc
 ---   ------ ----- --------- --------- ------- -------    ------- -------    ------- -------    ----
   1 ?    2.6   1.9       4.9        14      18      63 ..      26      68 ..      15      80 .. 0.59

  Alignments for each domain:
  == domain 1  score: 2.6 bits;  conditional E-value: 4.9
                      gvpv 18 elselaeLrsrrqrLqreleqleaRlavlaslqerLrqleteiaka 63
                              e  ++ +L++++++ ++ l+ l +R    a+ +er ++le+ei+ a
  nat_21ce4c05e2c1231a2b33 26 EMYDIDALEDELKE-NQLLYELGER--SEAEYRERKAELEEEIEIA 68
                              55666677777666.5556666666..3455555555555555544 PP

>> nat_61dc8856dc8fc8349d45  
   #    score  bias  c-Evalue  i-Evalue hmmfrom  hmm to    alifrom  ali to    envfrom  env to     acc
 ---   ------ ----- --------- --------- ------- -------    ------- -------    ------- -------    ----
   1 ?    2.1   0.4       6.8        20      20      39 ..      84     103 ..      77     105 .. 0.67

  Alignments for each domain:
  == domain 1  score: 2.1 bits;  conditional E-value: 6.8
                      gvpv  20 selaeLrsrrqrLqreleql 39 
                                e ++L ++  rL+++++ l
  nat_61dc8856dc8fc8349d45  84 TEAQQLADENRRLRERVDEL 103
                               56677777777777776655 PP

>> nat_95bd1ae896e6b37799a7  
   #    score  bias  c-Evalue  i-Evalue hmmfrom  hmm to    alifrom  ali to    envfrom  env to     acc
 ---   ------ ----- --------- --------- ------- -------    ------- -------    ------- -------    ----
   1 ?    2.6   1.4       4.8        14      24      40 ..      53      69 ..      40      79 .. 0.81

  Alignments for each domain:
  == domain 1  score: 2.6 bits;  conditional E-value: 4.8
                      gvpv 24 eLrsrrqrLqreleqle 40
                              e r+r++rL+ +le ++
  nat_95bd1ae896e6b37799a7 53 EYRRRKERLEADLEVAR 69
                              56899999999998654 PP

>> nat_dc28b3b3593d013bafd7  
   #    score  bias  c-Evalue  i-Evalue hmmfrom  hmm to    alifrom  ali to    envfrom  env to     acc
 ---   ------ ----- --------- --------- ------- -------    ------- -------    ------- -------    ----
   1 ?    2.0   1.6       7.5        22      23      40 ..      52      69 ..      29      80 .. 0.69

  Alignments for each domain:
  == domain 1  score: 2.0 bits;  conditional E-value: 7.5
                      gvpv 23 aeLrsrrqrLqreleqle 40
                              ae ++r++ L+ ele+++
  nat_dc28b3b3593d013bafd7 52 AEYEERKAALEAELEAAR 69
                              556677888888886554 PP

>> nat_18c3ff0aa63aa216bdf8  
   #    score  bias  c-Evalue  i-Evalue hmmfrom  hmm to    alifrom  ali to    envfrom  env to     acc
 ---   ------ ----- --------- --------- ------- -------    ------- -------    ------- -------    ----
   1 ?    2.0   0.2       7.5        22      59      84 ..      22      47 ..       6      60 .. 0.73

  Alignments for each domain:
  == domain 1  score: 2.0 bits;  conditional E-value: 7.5
                      gvpv 59 eiakaeleaarlrqakrkpeplgDag 84
                                +++ +++a +r+a+++ e +gD +
  nat_18c3ff0aa63aa216bdf8 22 RKESRKAKKALARKASSAGERNGDSP 47
                              45667777777888888888888887 PP

>> nat_6770b7649ec68cfb7397  
   #    score  bias  c-Evalue  i-Evalue hmmfrom  hmm to    alifrom  ali to    envfrom  env to     acc
 ---   ------ ----- --------- --------- ------- -------    ------- -------    ------- -------    ----
   1 ?    2.3   0.3       6.1        18      30      50 ..      88     105 ..      82     110 .. 0.56

  Alignments for each domain:
  == domain 1  score: 2.3 bits;  conditional E-value: 6.1
                      gvpv  30 qrLqreleqleaRlavlaslq 50 
                                r q e+eql+ R   +a+l+
  nat_6770b7649ec68cfb7397  88 RRAQDEVEQLRRR---VAELE 105
                               4555566666666...33333 PP

>> nat_32fcf9c5b6202c499dc1  
   #    score  bias  c-Evalue  i-Evalue hmmfrom  hmm to    alifrom  ali to    envfrom  env to     acc
 ---   ------ ----- --------- --------- ------- -------    ------- -------    ------- -------    ----
   1 ?    2.3   0.2       6.1        18      57      67 ..      59      69 ..      31      88 .] 0.59

  Alignments for each domain:
  == domain 1  score: 2.3 bits;  conditional E-value: 6.1
                      gvpv 57 eteiakaelea 67
                              ++eiak+e+++
  nat_32fcf9c5b6202c499dc1 59 TEEIAKLEQAT 69
                              45566666554 PP

>> nat_4329fc20815a3de16628  
   #    score  bias  c-Evalue  i-Evalue hmmfrom  hmm to    alifrom  ali to    envfrom  env to     acc
 ---   ------ ----- --------- --------- ------- -------    ------- -------    ------- -------    ----
   1 ?    2.4   0.1       5.6        16      15      34 ..      60      81 ..      50      83 .. 0.74

  Alignments for each domain:
  == domain 1  score: 2.4 bits;  conditional E-value: 5.6
                      gvpv 15 k..aselselaeLrsrrqrLqr 34
                              +  ++e+++ +eL +++++L r
  nat_4329fc20815a3de16628 60 DreTAEKLSSKELDREKEELDR 81
                              3346788899999999999876 PP

>> nat_81de2b78d291d512c1e2  
   #    score  bias  c-Evalue  i-Evalue hmmfrom  hmm to    alifrom  ali to    envfrom  env to     acc
 ---   ------ ----- --------- --------- ------- -------    ------- -------    ------- -------    ----
   1 ?    2.5   0.1       5.1        15      51      67 ..      60      76 ..      39      92 .] 0.60

  Alignments for each domain:
  == domain 1  score: 2.5 bits;  conditional E-value: 5.1
                      gvpv 51 erLrqleteiakaelea 67
                              e+++++e++ a+ el++
  nat_81de2b78d291d512c1e2 60 EEIAKIEQATAEGELDE 76
                              45555555555555554 PP

>> nat_334d7739f0f8b9783b70  
   #    score  bias  c-Evalue  i-Evalue hmmfrom  hmm to    alifrom  ali to    envfrom  env to     acc
 ---   ------ ----- --------- --------- ------- -------    ------- -------    ------- -------    ----
   1 ?    1.8   0.7       8.2        24      41      57 ..     163     179 ..     125     189 .. 0.76
   2 ?    3.6   3.0       2.4         7      30      67 ..     191     227 ..     182     249 .. 0.77

  Alignments for each domain:
  == domain 1  score: 1.8 bits;  conditional E-value: 8.2
                      gvpv  41 aRlavlaslqerLrqle 57 
                               +R  +l++l+er+++ e
  nat_334d7739f0f8b9783b70 163 ERDDRLRDLDERIADAE 179
                               45555666666666655 PP

  == domain 2  score: 3.6 bits;  conditional E-value: 2.4
                      gvpv  30 qrLqreleqleaRlavlaslqerLrqleteiakaelea 67 
                               ++ + el ++  R +v a+lqerL++   e+ ++e++ 
  nat_334d7739f0f8b9783b70 191 DQRLTEL-RAARRESVTADLQERLAAEAREVHALERSP 227
                               4455555.5667799*********99888888888765 PP

>> nat_e142d4451fae05079861  
   #    score  bias  c-Evalue  i-Evalue hmmfrom  hmm to    alifrom  ali to    envfrom  env to     acc
 ---   ------ ----- --------- --------- ------- -------    ------- -------    ------- -------    ----
   1 ?    2.1   3.8         7        20      27      67 ..     169     204 ..     143     233 .. 0.74

  Alignments for each domain:
  == domain 1  score: 2.1 bits;  conditional E-value: 7
                      gvpv  27 srrqrLqreleqleaRlavlaslqerLrqleteiakaelea 67 
                               +r++ L++     e+R  + a l+e+L ++ ++++ + +++
  nat_e142d4451fae05079861 169 QRLKTLKQ-----EQRTDRTAGLTEQLSTIVHDLQDLGQKQ 204
                               33344444.....4455559999999999999999887776 PP

>> nat_1c3d745a993f2e62d375  
   #    score  bias  c-Evalue  i-Evalue hmmfrom  hmm to    alifrom  ali to    envfrom  env to     acc
 ---   ------ ----- --------- --------- ------- -------    ------- -------    ------- -------    ----
   1 ?    2.3   0.4       6.1        18      37      61 ..      89     107 ..      78     114 .] 0.45

  Alignments for each domain:
  == domain 1  score: 2.3 bits;  conditional E-value: 6.1
                      gvpv  37 eqleaRlavlaslqerLrqleteia 61 
                                   aR      l+++L++l+++++
  nat_1c3d745a993f2e62d375  89 AEENAR------LRSQLAELTEAVE 107
                               333333......3333333333333 PP

>> nat_f2b695930cb506a8b51a  
   #    score  bias  c-Evalue  i-Evalue hmmfrom  hmm to    alifrom  ali to    envfrom  env to     acc
 ---   ------ ----- --------- --------- ------- -------    ------- -------    ------- -------    ----
   1 ?    0.9   0.5        17        48      61      84 ..       9      32 ..       4      44 .. 0.50
   2 ?    4.4   1.2       1.3       3.7      28      85 ..     211     268 ..     186     275 .. 0.67

  Alignments for each domain:
  == domain 1  score: 0.9 bits;  conditional E-value: 17
                      gvpv 61 akaeleaarlrqakrkpeplgDag 84
                               ++e+ea+r+ +a r+ ep +Da 
  nat_f2b695930cb506a8b51a  9 TAQEREANRDDPAGRDDEPVPDAD 32
                              233333333445555555544444 PP

  == domain 2  score: 4.4 bits;  conditional E-value: 1.3
                      gvpv  28 rrqrLqreleqleaRlavlaslqerLrqleteiakaeleaar.lrqakrkpeplgDagt 85 
                               + ++  r+l +   R+++++sl++ L+    e++ +e++    l+ a++ ++  g ag+
  nat_f2b695930cb506a8b51a 211 QFDQRIRDL-RRDRRASIRESLRQSLESCAREVQVLERQPSVsLSSASSGSSGSGGAGK 268
                               334444455.445569999********99999999999886525556666666666663 PP

>> nat_b47c8eec954491beb714  
   #    score  bias  c-Evalue  i-Evalue hmmfrom  hmm to    alifrom  ali to    envfrom  env to     acc
 ---   ------ ----- --------- --------- ------- -------    ------- -------    ------- -------    ----
   1 ?    2.1   0.7       6.7        19      51      69 ..      60      78 ..      39      94 .. 0.60

  Alignments for each domain:
  == domain 1  score: 2.1 bits;  conditional E-value: 6.7
                      gvpv 51 erLrqleteiakaeleaar 69
                              e+++++e++ a+ ele+ +
  nat_b47c8eec954491beb714 60 EEIAKIEQATAEGELEELE 78
                              4555555555555554433 PP

>> nat_84eddb9c9ecca10afd5a  
   #    score  bias  c-Evalue  i-Evalue hmmfrom  hmm to    alifrom  ali to    envfrom  env to     acc
 ---   ------ ----- --------- --------- ------- -------    ------- -------    ------- -------    ----
   1 ?    2.2   0.5       6.5        19      51      93 ..      58      96 ..      36      99 .] 0.74

  Alignments for each domain:
  == domain 1  score: 2.2 bits;  conditional E-value: 6.5
                      gvpv 51 erLrqleteiakaeleaarlrqakrkpeplgDagtravgrats 93
                              e++++le++ a+ el++      k + ++ +++ tr++g +t+
  nat_84eddb9c9ecca10afd5a 58 EEITTLEQASAEGELDTGG----KIAIDEREETETRPKGTRTQ 96
                              7888888888888888844....66667766677777777776 PP

>> nat_38cb7bda240a833d36b3  
   #    score  bias  c-Evalue  i-Evalue hmmfrom  hmm to    alifrom  ali to    envfrom  env to     acc
 ---   ------ ----- --------- --------- ------- -------    ------- -------    ------- -------    ----
   1 ?    2.1   0.3       6.7        19      59      84 ..      61      81 ..      38      95 .] 0.50

  Alignments for each domain:
  == domain 1  score: 2.1 bits;  conditional E-value: 6.7
                      gvpv 59 eiakaeleaarlrqakrkpeplgDag 84
                              eiak e+++     a+ + e+l++  
  nat_38cb7bda240a833d36b3 61 EIAKIEQAT-----AEGDLEELEELE 81
                              566666665.....344444444433 PP

>> nat_0121f9805d9138155c94  
   #    score  bias  c-Evalue  i-Evalue hmmfrom  hmm to    alifrom  ali to    envfrom  env to     acc
 ---   ------ ----- --------- --------- ------- -------    ------- -------    ------- -------    ----
   1 ?    2.4   0.3       5.5        16      42      69 ..      57      74 ..      34      83 .. 0.58

  Alignments for each domain:
  == domain 1  score: 2.4 bits;  conditional E-value: 5.5
                      gvpv 42 RlavlaslqerLrqleteiakaeleaar 69
                              R    a+l       et ++ ae++++r
  nat_0121f9805d9138155c94 57 R---KATL-------ETRLDVAETAHER 74
                              3...3333.......3333333333333 PP

>> nat_74aacbad701be1598660  
   #    score  bias  c-Evalue  i-Evalue hmmfrom  hmm to    alifrom  ali to    envfrom  env to     acc
 ---   ------ ----- --------- --------- ------- -------    ------- -------    ------- -------    ----
   1 ?    2.1   0.7       6.9        20      51      69 ..      60      78 ..      39      94 .. 0.60

  Alignments for each domain:
  == domain 1  score: 2.1 bits;  conditional E-value: 6.9
                      gvpv 51 erLrqleteiakaeleaar 69
                              e+++++e++ a+ ele+ +
  nat_74aacbad701be1598660 60 EEIAKIEQATAEGELEELE 78
                              4555555555555554433 PP

>> nat_46f1cb4a042a2dfc3559  
   #    score  bias  c-Evalue  i-Evalue hmmfrom  hmm to    alifrom  ali to    envfrom  env to     acc
 ---   ------ ----- --------- --------- ------- -------    ------- -------    ------- -------    ----
   1 ?    2.2   1.1       6.5        19      54      68 ..      59      73 ..      40      80 .. 0.67

  Alignments for each domain:
  == domain 1  score: 2.2 bits;  conditional E-value: 6.5
                      gvpv 54 rqleteiakaeleaa 68
                               +le+++++ae++++
  nat_46f1cb4a042a2dfc3559 59 SELEAQLEAAERAHE 73
                              456666666666664 PP

>> nat_f8525a433cd037b737c6  
   #    score  bias  c-Evalue  i-Evalue hmmfrom  hmm to    alifrom  ali to    envfrom  env to     acc
 ---   ------ ----- --------- --------- ------- -------    ------- -------    ------- -------    ----
   1 ?    2.2   0.8       6.5        19      57      88 ..      21      51 ..       6      64 .. 0.71

  Alignments for each domain:
  == domain 1  score: 2.2 bits;  conditional E-value: 6.5
                      gvpv 57 eteiakaeleaarlrqakrkpeplgDagtrav 88
                               ++ + + +e++ +r+a+ + e +gD++  a+
  nat_f8525a433cd037b737c6 21 RAQKSGRKAEKELRRKAAAS-ERNGDTPLSAP 51
                              55667777777778888877.888**994444 PP

>> nat_bda2bb5bb32dc7505031  
   #    score  bias  c-Evalue  i-Evalue hmmfrom  hmm to    alifrom  ali to    envfrom  env to     acc
 ---   ------ ----- --------- --------- ------- -------    ------- -------    ------- -------    ----
   1 ?    1.5   0.1        10        30      51      73 ..     240     260 ..     207     285 .. 0.78

  Alignments for each domain:
  == domain 1  score: 1.5 bits;  conditional E-value: 10
                      gvpv  51 erLrqleteiakaeleaarlrqa 73 
                                ++ q ++ei+k+e+e ++  ++
  nat_bda2bb5bb32dc7505031 240 HKIVQRNEEIQKLEKEMKS--KP 260
                               4566677888888888744..33 PP

>> nat_8be088bcd53ef20d5eec  
   #    score  bias  c-Evalue  i-Evalue hmmfrom  hmm to    alifrom  ali to    envfrom  env to     acc
 ---   ------ ----- --------- --------- ------- -------    ------- -------    ------- -------    ----
   1 ?    2.2   0.1       6.4        19      24      40 ..      79      95 ..      64     104 .. 0.58

  Alignments for each domain:
  == domain 1  score: 2.2 bits;  conditional E-value: 6.4
                      gvpv 24 eLrsrrqrLqreleqle 40
                              +L+++ ++L+++l++le
  nat_8be088bcd53ef20d5eec 79 ALEEENKKLRERLDALE 95
                              44444444444444433 PP

>> nat_9ec14e80a2c82af4533c  
   #    score  bias  c-Evalue  i-Evalue hmmfrom  hmm to    alifrom  ali to    envfrom  env to     acc
 ---   ------ ----- --------- --------- ------- -------    ------- -------    ------- -------    ----
   1 ?    2.1   1.1       6.7        19      53      69 ..      58      74 ..      40      83 .. 0.64

  Alignments for each domain:
  == domain 1  score: 2.1 bits;  conditional E-value: 6.7
                      gvpv 53 Lrqleteiakaeleaar 69
                               ++le+e++ ael++++
  nat_9ec14e80a2c82af4533c 58 KAELEAELETAELAHEQ 74
                              34566666666666544 PP

>> nat_d50eae402323b817dffd  
   #    score  bias  c-Evalue  i-Evalue hmmfrom  hmm to    alifrom  ali to    envfrom  env to     acc
 ---   ------ ----- --------- --------- ------- -------    ------- -------    ------- -------    ----
   1 ?    2.0   1.7       7.3        21      26      75 ..      55      70 ..      38      82 .. 0.54

  Alignments for each domain:
  == domain 1  score: 2.0 bits;  conditional E-value: 7.3
                      gvpv 26 rsrrqrLqreleqleaRlavlaslqerLrqleteiakaeleaarlrqakr 75
                              + r++ L+ ele+++                                  r
  nat_d50eae402323b817dffd 55 EARKDALEAELERAK----------------------------------R 70
                              334444444444332..................................2 PP

>> nat_f5256963794cadafaf50  
   #    score  bias  c-Evalue  i-Evalue hmmfrom  hmm to    alifrom  ali to    envfrom  env to     acc
 ---   ------ ----- --------- --------- ------- -------    ------- -------    ------- -------    ----
   1 ?    1.7   8.0       8.9        26      30      73 ..     125     175 ..     119     202 .. 0.80

  Alignments for each domain:
  == domain 1  score: 1.7 bits;  conditional E-value: 8.9
                      gvpv  30 qrLqreleqleaR.......lavlaslqerLrqleteiakaeleaarlrqa 73 
                               +rLq+el +l+ R        +v ++ ++++++ ++e++++++++++++  
  nat_f5256963794cadafaf50 125 DRLQEELSRLKNRseyrvhlFSVPSKFEKQIKTEDAELQRLQQQQQDSAAG 175
                               788999999888888888877888999999999999999999999775544 PP

>> nat_30c8db5b2a48ec02340b  
   #    score  bias  c-Evalue  i-Evalue hmmfrom  hmm to    alifrom  ali to    envfrom  env to     acc
 ---   ------ ----- --------- --------- ------- -------    ------- -------    ------- -------    ----
   1 ?    2.1   0.0       6.8        20      47      91 ..      50      86 ..      32      93 .. 0.59

  Alignments for each domain:
  == domain 1  score: 2.1 bits;  conditional E-value: 6.8
                      gvpv 47 aslqerLrqleteiakaeleaarlrqakrkpeplgDagtravgra 91
                              as+++ L    +eiak e+++     a+ + e+l++     ++ra
  nat_30c8db5b2a48ec02340b 50 ASVDTFLHYA-EEIAKIEQAT-----AEGNMEDLEELE--VETRA 86
                              5555555444.4677777777.....555555555555..44444 PP

>> nat_2317929bd5b9bea26c5e  
   #    score  bias  c-Evalue  i-Evalue hmmfrom  hmm to    alifrom  ali to    envfrom  env to     acc
 ---   ------ ----- --------- --------- ------- -------    ------- -------    ------- -------    ----
   1 ?    2.3   0.9       5.9        17      27      49 ..      56      75 ..      33      82 .. 0.58

  Alignments for each domain:
  == domain 1  score: 2.3 bits;  conditional E-value: 5.9
                      gvpv 27 srrqrLqreleqleaRlavlasl 49
                              +rr++L+ +l  + +R   +++l
  nat_2317929bd5b9bea26c5e 56 RRRAELEAQL-DVAER--AREQL 75
                              4444444444.22233..13333 PP

>> nat_d6e9dabc7155ae370ddb  
   #    score  bias  c-Evalue  i-Evalue hmmfrom  hmm to    alifrom  ali to    envfrom  env to     acc
 ---   ------ ----- --------- --------- ------- -------    ------- -------    ------- -------    ----
   1 ?    2.0   0.1       7.5        22      58      90 ..      60      85 ..      37      95 .] 0.54

  Alignments for each domain:
  == domain 1  score: 2.0 bits;  conditional E-value: 7.5
                      gvpv 58 teiakaeleaarlrqakrkpeplgDagtravgr 90
                              +eiak e+++     a+ ++e+l++     ++r
  nat_d6e9dabc7155ae370ddb 60 EEIAKIEQAT-----AEGDVEELEELE--VETR 85
                              3566666666.....455555555544..3333 PP

>> nat_48dbcd4ed98d41a9651a  
   #    score  bias  c-Evalue  i-Evalue hmmfrom  hmm to    alifrom  ali to    envfrom  env to     acc
 ---   ------ ----- --------- --------- ------- -------    ------- -------    ------- -------    ----
   1 ?    1.6   0.0       9.6        28      53     100 ..      53      98 ..      46     101 .. 0.82

  Alignments for each domain:
  == domain 1  score: 1.6 bits;  conditional E-value: 9.6
                      gvpv  53 LrqleteiakaeleaarlrqakrkpeplgDagtravgratssrfppkd 100
                               ++ ++t +  ae+ +  + q+k++++ l+  +   ++ ++ssr + k+
  nat_48dbcd4ed98d41a9651a  53 IASVDTYLRFAEAVNRLDIQPKEQVAGLPGLM--REVTESSSRHRVKG 98 
                               67788999999999999999999999999999..77777777777665 PP

>> nat_7d8f193406ee761e1417  
   #    score  bias  c-Evalue  i-Evalue hmmfrom  hmm to    alifrom  ali to    envfrom  env to     acc
 ---   ------ ----- --------- --------- ------- -------    ------- -------    ------- -------    ----
   1 ?    1.9   0.6       7.9        23      51      68 ..      60      77 ..      38      95 .] 0.59

  Alignments for each domain:
  == domain 1  score: 1.9 bits;  conditional E-value: 7.9
                      gvpv 51 erLrqleteiakaeleaa 68
                              e+++++e++ a+ ele+ 
  nat_7d8f193406ee761e1417 60 EEIAKIEQATAEGELEEL 77
                              445555555555544443 PP

>> nat_fc4e19fc8e138cede0e0  
   #    score  bias  c-Evalue  i-Evalue hmmfrom  hmm to    alifrom  ali to    envfrom  env to     acc
 ---   ------ ----- --------- --------- ------- -------    ------- -------    ------- -------    ----
   1 ?    1.5   3.9        11        31      47      79 ..      21      54 ..       4      77 .. 0.63

  Alignments for each domain:
  == domain 1  score: 1.5 bits;  conditional E-value: 11
                      gvpv 47 aslqerLr.qleteiakaeleaarlrqakrkpep 79
                              ++ q+r + q ++ei+++e+++  +rq +++ ++
  nat_fc4e19fc8e138cede0e0 21 EKKQQRTQqQEDKEIERLEKTHDGRRQEPPTDTD 54
                              4445555414568999999999887765555333 PP

>> nat_4f76b230eb60279eb5dd  
   #    score  bias  c-Evalue  i-Evalue hmmfrom  hmm to    alifrom  ali to    envfrom  env to     acc
 ---   ------ ----- --------- --------- ------- -------    ------- -------    ------- -------    ----
   1 ?    1.8   0.3       8.2        24      59      84 ..      61      81 ..      38      95 .] 0.52

  Alignments for each domain:
  == domain 1  score: 1.8 bits;  conditional E-value: 8.2
                      gvpv 59 eiakaeleaarlrqakrkpeplgDag 84
                              eiak e+++     a+ + e+l++  
  nat_4f76b230eb60279eb5dd 61 EIAKIEQAT-----AEGDLEELEELE 81
                              455555555.....334444433333 PP

>> nat_c54850c6159ad64d41a5  
   #    score  bias  c-Evalue  i-Evalue hmmfrom  hmm to    alifrom  ali to    envfrom  env to     acc
 ---   ------ ----- --------- --------- ------- -------    ------- -------    ------- -------    ----
   1 ?    1.7   0.1       9.2        27      31      63 ..      86     101 ..      79     107 .. 0.53

  Alignments for each domain:
  == domain 1  score: 1.7 bits;  conditional E-value: 9.2
                      gvpv  31 rLqreleqleaRlavlaslqerLrqleteiaka 63 
                               +Lq+e  ql+ R                 ia++
  nat_c54850c6159ad64d41a5  86 KLQEENRQLRDR-----------------IAAL 101
                               444444444444.................3333 PP

>> nat_ae0d3c1433adbcb50ef7  
   #    score  bias  c-Evalue  i-Evalue hmmfrom  hmm to    alifrom  ali to    envfrom  env to     acc
 ---   ------ ----- --------- --------- ------- -------    ------- -------    ------- -------    ----
   1 ?    1.6   0.0       9.8        28      47      59 ..      93     105 ..      77     109 .. 0.76

  Alignments for each domain:
  == domain 1  score: 1.6 bits;  conditional E-value: 9.8
                      gvpv  47 aslqerLrqlete 59 
                               ++l++r+++le+e
  nat_ae0d3c1433adbcb50ef7  93 RQLRDRIAALEQE 105
                               4677777777765 PP

>> nat_a49cfe7d33cec22c3905  
   #    score  bias  c-Evalue  i-Evalue hmmfrom  hmm to    alifrom  ali to    envfrom  env to     acc
 ---   ------ ----- --------- --------- ------- -------    ------- -------    ------- -------    ----
   1 ?    1.7   0.5       9.2        27      59      81 ..      61      78 ..      37      95 .] 0.52

  Alignments for each domain:
  == domain 1  score: 1.7 bits;  conditional E-value: 9.2
                      gvpv 59 eiakaeleaarlrqakrkpeplg 81
                              eiak e+++     a+ + e+l+
  nat_a49cfe7d33cec22c3905 61 EIAKIEQAT-----AEGDLEELE 78
                              444444444.....223333332 PP

>> nat_c24b0ac6128907419709  
   #    score  bias  c-Evalue  i-Evalue hmmfrom  hmm to    alifrom  ali to    envfrom  env to     acc
 ---   ------ ----- --------- --------- ------- -------    ------- -------    ------- -------    ----
   1 ?    2.0   0.2       7.2        21      19      38 ..      44      63 ..      20      86 .. 0.52

  Alignments for each domain:
  == domain 1  score: 2.0 bits;  conditional E-value: 7.2
                      gvpv 19 lselaeLrsrrqrLqreleq 38
                                e++ L + + +L + leq
  nat_c24b0ac6128907419709 44 MEEMERLADALLELDEALEQ 63
                              22233333333333333333 PP

>> nat_78005b3dddedd0251b7e  
   #    score  bias  c-Evalue  i-Evalue hmmfrom  hmm to    alifrom  ali to    envfrom  env to     acc
 ---   ------ ----- --------- --------- ------- -------    ------- -------    ------- -------    ----
   1 ?    1.7   0.4         9        26      59      81 ..      61      78 ..      38      95 .] 0.51

  Alignments for each domain:
  == domain 1  score: 1.7 bits;  conditional E-value: 9
                      gvpv 59 eiakaeleaarlrqakrkpeplg 81
                              eiak e+++     a+ + e+l+
  nat_78005b3dddedd0251b7e 61 EIAKIEQAT-----AEGDLEELE 78
                              444444444.....223333332 PP

>> nat_729a9790a662e92ab379  
   #    score  bias  c-Evalue  i-Evalue hmmfrom  hmm to    alifrom  ali to    envfrom  env to     acc
 ---   ------ ----- --------- --------- ------- -------    ------- -------    ------- -------    ----
   1 ?    1.9   0.3       8.1        24      59      82 ..      62      80 ..      37      96 .] 0.53

  Alignments for each domain:
  == domain 1  score: 1.9 bits;  conditional E-value: 8.1
                      gvpv 59 eiakaeleaarlrqakrkpeplgD 82
                              eiak e+++     a+ + e+l++
  nat_729a9790a662e92ab379 62 EIAKIEQAT-----AEGDLEDLEE 80
                              455555555.....3333333333 PP

>> nat_22edc8a638b6a2edc028  
   #    score  bias  c-Evalue  i-Evalue hmmfrom  hmm to    alifrom  ali to    envfrom  env to     acc
 ---   ------ ----- --------- --------- ------- -------    ------- -------    ------- -------    ----
   1 ?    1.8   1.2       8.2        24      23      38 ..      52      67 ..      23      78 .. 0.67

  Alignments for each domain:
  == domain 1  score: 1.8 bits;  conditional E-value: 8.2
                      gvpv 23 aeLrsrrqrLqreleq 38
                              +e r+r+++L++e e 
  nat_22edc8a638b6a2edc028 52 TEYRERKEELEEEIEI 67
                              3345566666665543 PP

>> nat_a8908cb0d732ddf5c6d4  
   #    score  bias  c-Evalue  i-Evalue hmmfrom  hmm to    alifrom  ali to    envfrom  env to     acc
 ---   ------ ----- --------- --------- ------- -------    ------- -------    ------- -------    ----
   1 ?    1.7   0.3       9.1        26      59      81 ..      62      79 ..      39      96 .] 0.51

  Alignments for each domain:
  == domain 1  score: 1.7 bits;  conditional E-value: 9.1
                      gvpv 59 eiakaeleaarlrqakrkpeplg 81
                              eiak e+++     a+ + e+l+
  nat_a8908cb0d732ddf5c6d4 62 EIAKIEQAT-----AEGDLEDLE 79
                              455555555.....333333333 PP

>> nat_492035bd7857aca04ece  
   #    score  bias  c-Evalue  i-Evalue hmmfrom  hmm to    alifrom  ali to    envfrom  env to     acc
 ---   ------ ----- --------- --------- ------- -------    ------- -------    ------- -------    ----
   1 ?    4.6   1.3       1.1       3.3      30      67 ..     212     248 ..     185     267 .. 0.74

  Alignments for each domain:
  == domain 1  score: 4.6 bits;  conditional E-value: 1.1
                      gvpv  30 qrLqreleqleaRlavlaslqerLrqleteiakaelea 67 
                               ++  r+l +   R+++++sl++ L+  + e++ +e++ 
  nat_492035bd7857aca04ece 212 DQRIRDL-RRDRRASIRESLRQSLESCTREVQVLERQP 248
                               3444455.445569999*************99999876 PP

>> nat_faf24daf3257ab31b44d  
   #    score  bias  c-Evalue  i-Evalue hmmfrom  hmm to    alifrom  ali to    envfrom  env to     acc
 ---   ------ ----- --------- --------- ------- -------    ------- -------    ------- -------    ----
   1 ?    2.1   0.5       6.9        20      24      40 ..      53      69 ..      33      81 .. 0.77

  Alignments for each domain:
  == domain 1  score: 2.1 bits;  conditional E-value: 6.9
                      gvpv 24 eLrsrrqrLqreleqle 40
                              e r+r+++L+ ele ++
  nat_faf24daf3257ab31b44d 53 EYRRRKEELETELEIAR 69
                              56788888888887554 PP

>> nat_6a167a94a8e6ee1a149f  
   #    score  bias  c-Evalue  i-Evalue hmmfrom  hmm to    alifrom  ali to    envfrom  env to     acc
 ---   ------ ----- --------- --------- ------- -------    ------- -------    ------- -------    ----
   1 ?    3.6   1.2       2.3       6.7      25      67 ..     214     255 ..     191     277 .. 0.66

  Alignments for each domain:
  == domain 1  score: 3.6 bits;  conditional E-value: 2.3
                      gvpv  25 LrsrrqrLqreleqleaRlavlaslqerLrqleteiakaelea 67 
                               L+++ ++  r+l +   R+++++sl++ L+  + e++ + ++ 
  nat_6a167a94a8e6ee1a149f 214 LEKQFDQRIRDL-RRDRRASIRESLRQSLESCTREVQVLDRQP 255
                               444445555556.55556999999****999999998877776 PP

>> nat_f9c45289a7ec08ecb250  
   #    score  bias  c-Evalue  i-Evalue hmmfrom  hmm to    alifrom  ali to    envfrom  env to     acc
 ---   ------ ----- --------- --------- ------- -------    ------- -------    ------- -------    ----
   1 ?    1.3   0.6        12        34      52      85 ..      14      49 ..       5      62 .. 0.71

  Alignments for each domain:
  == domain 1  score: 1.3 bits;  conditional E-value: 12
                      gvpv 52 rLrqleteiakaeleaarlrqakrkpeplgDag..t 85
                              ++r+  ++ a + ++++  r+a+ + +  gD +   
  nat_f9c45289a7ec08ecb250 14 KIRASREQKAGRRAKKELTRKASNAGDRTGDSPlsD 49
                              466667777778888888888888888888877543 PP

>> nat_c0d8f1302fa41452efbc  
   #    score  bias  c-Evalue  i-Evalue hmmfrom  hmm to    alifrom  ali to    envfrom  env to     acc
 ---   ------ ----- --------- --------- ------- -------    ------- -------    ------- -------    ----
   1 ?    1.7   0.2       8.8        26      59      81 ..      61      78 ..      38      95 .] 0.51

  Alignments for each domain:
  == domain 1  score: 1.7 bits;  conditional E-value: 8.8
                      gvpv 59 eiakaeleaarlrqakrkpeplg 81
                              eiak e+++     a+ + e+l+
  nat_c0d8f1302fa41452efbc 61 EIAKIEQAT-----AEGDLEELE 78
                              455555555.....333333333 PP

>> nat_5a737a64d401db430800  
   #    score  bias  c-Evalue  i-Evalue hmmfrom  hmm to    alifrom  ali to    envfrom  env to     acc
 ---   ------ ----- --------- --------- ------- -------    ------- -------    ------- -------    ----
   1 ?    1.8   2.8       8.4        24      18      63 ..      26      68 ..      18      80 .. 0.66

  Alignments for each domain:
  == domain 1  score: 1.8 bits;  conditional E-value: 8.4
                      gvpv 18 elselaeLrsrrqrLqreleqleaRlavlaslqerLrqleteiaka 63
                              el +l eL++++++ ++ l+ l +R+   a+ +er ++le+ei+ a
  nat_5a737a64d401db430800 26 ELYDLNELEDQLKE-NQLLYELGERP--EAEYRERKAELEEEIEIA 68
                              56677777777776.56677778884..456666666666666544 PP

>> nat_d92cb9dcfcf48b731b50  
   #    score  bias  c-Evalue  i-Evalue hmmfrom  hmm to    alifrom  ali to    envfrom  env to     acc
 ---   ------ ----- --------- --------- ------- -------    ------- -------    ------- -------    ----
   1 ?    1.8   0.3       8.7        25      59      84 ..      61      81 ..      38      95 .] 0.52

  Alignments for each domain:
  == domain 1  score: 1.8 bits;  conditional E-value: 8.7
                      gvpv 59 eiakaeleaarlrqakrkpeplgDag 84
                              eiak e+++     a+ + e+l++  
  nat_d92cb9dcfcf48b731b50 61 EIAKIEQAT-----AEGDLEELEELE 81
                              455555555.....333444433333 PP

>> nat_dbd11e06d90ad48401af  
   #    score  bias  c-Evalue  i-Evalue hmmfrom  hmm to    alifrom  ali to    envfrom  env to     acc
 ---   ------ ----- --------- --------- ------- -------    ------- -------    ------- -------    ----
   1 ?    1.7   0.2       8.8        26      59      82 ..      61      79 ..      36      94 .] 0.54

  Alignments for each domain:
  == domain 1  score: 1.7 bits;  conditional E-value: 8.8
                      gvpv 59 eiakaeleaarlrqakrkpeplgD 82
                              eiak e+++     a+ + e+l++
  nat_dbd11e06d90ad48401af 61 EIAKIEQAT-----AEGDLEELEE 79
                              555555555.....3333344333 PP

>> nat_41c961009656e555d77b  
   #    score  bias  c-Evalue  i-Evalue hmmfrom  hmm to    alifrom  ali to    envfrom  env to     acc
 ---   ------ ----- --------- --------- ------- -------    ------- -------    ------- -------    ----
   1 ?    1.7   0.0       9.4        27      24      39 ..      87     102 ..      75     109 .. 0.58

  Alignments for each domain:
  == domain 1  score: 1.7 bits;  conditional E-value: 9.4
                      gvpv  24 eLrsrrqrLqreleql 39 
                               +L ++ +rL+ +le+l
  nat_41c961009656e555d77b  87 ALAEENARLRARLEAL 102
                               3444444444444443 PP

>> nat_9ecb68caf9b062eead15  
   #    score  bias  c-Evalue  i-Evalue hmmfrom  hmm to    alifrom  ali to    envfrom  env to     acc
 ---   ------ ----- --------- --------- ------- -------    ------- -------    ------- -------    ----
   1 ?    1.2   0.1        13        39      18      39 ..      88     109 ..      80     112 .. 0.67

  Alignments for each domain:
  == domain 1  score: 1.2 bits;  conditional E-value: 13
                      gvpv  18 elselaeLrsrrqrLqreleql 39 
                               +  + ++L+++  +L++++e l
  nat_9ecb68caf9b062eead15  88 ANADAQKLTDENRKLRERVEEL 109
                               4566677777777777766655 PP

>> nat_b98ff0a704b47fc46c7b  
   #    score  bias  c-Evalue  i-Evalue hmmfrom  hmm to    alifrom  ali to    envfrom  env to     acc
 ---   ------ ----- --------- --------- ------- -------    ------- -------    ------- -------    ----
   1 ?    1.8   0.0       8.4        24      40      77 ..      43      80 ..      38      84 .. 0.71

  Alignments for each domain:
  == domain 1  score: 1.8 bits;  conditional E-value: 8.4
                      gvpv 40 eaRlavlaslqerLrqlet.eiakaeleaarlrqakrkp 77
                              eaR  v+as+++ Lr  e+  +++ e+e++++ +a++++
  nat_b98ff0a704b47fc46c7b 43 EAR-VVIASVDTWLRYAEAvGLLSDEAEEQDRLPAHQNE 80
                              667.67888888888888735888999997766666663 PP

>> nat_8e0a2c13b1b8165a790e  
   #    score  bias  c-Evalue  i-Evalue hmmfrom  hmm to    alifrom  ali to    envfrom  env to     acc
 ---   ------ ----- --------- --------- ------- -------    ------- -------    ------- -------    ----
   1 ?    1.5   0.1        10        30      31      48 ..      87     101 ..      76     111 .. 0.55

  Alignments for each domain:
  == domain 1  score: 1.5 bits;  conditional E-value: 10
                      gvpv  31 rLqreleqleaRlavlas 48 
                                L +e  +l+aR   l++
  nat_8e0a2c13b1b8165a790e  87 ALAEENARLRAR---LEA 101
                               333333333333...222 PP

>> nat_4dc9c1477d3d6b181da7  
   #    score  bias  c-Evalue  i-Evalue hmmfrom  hmm to    alifrom  ali to    envfrom  env to     acc
 ---   ------ ----- --------- --------- ------- -------    ------- -------    ------- -------    ----
   1 ?    1.7   0.1       8.9        26      59      79 ..      61      76 ..      38      95 .] 0.52

  Alignments for each domain:
  == domain 1  score: 1.7 bits;  conditional E-value: 8.9
                      gvpv 59 eiakaeleaarlrqakrkpep 79
                              eiak e+++     a+ + e+
  nat_4dc9c1477d3d6b181da7 61 EIAKIEQAT-----AEGDLED 76
                              555555555.....2333333 PP

>> nat_ff99c037c948a02afb0b  
   #    score  bias  c-Evalue  i-Evalue hmmfrom  hmm to    alifrom  ali to    envfrom  env to     acc
 ---   ------ ----- --------- --------- ------- -------    ------- -------    ------- -------    ----
   1 ?    1.9   2.8       7.7        22      40      60 ..      55      72 ..      29      83 .] 0.69

  Alignments for each domain:
  == domain 1  score: 1.9 bits;  conditional E-value: 7.7
                      gvpv 40 eaRlavlaslqerLrqletei 60
                              e R   +++lq++L+  e++ 
  nat_ff99c037c948a02afb0b 55 ERR---QEELQTQLDVAEQAH 72
                              334...777777777666654 PP

>> nat_c468502803b4ab5981f1  
   #    score  bias  c-Evalue  i-Evalue hmmfrom  hmm to    alifrom  ali to    envfrom  env to     acc
 ---   ------ ----- --------- --------- ------- -------    ------- -------    ------- -------    ----
   1 ?    1.8   0.0       8.7        25      59      79 ..      61      76 ..      38      95 .] 0.52

  Alignments for each domain:
  == domain 1  score: 1.8 bits;  conditional E-value: 8.7
                      gvpv 59 eiakaeleaarlrqakrkpep 79
                              eiak e+++     a+ + e+
  nat_c468502803b4ab5981f1 61 EIAKIEQAT-----AEGDLED 76
                              555555555.....3333333 PP

>> nat_07f90c8c92dbdb92b94e  
   #    score  bias  c-Evalue  i-Evalue hmmfrom  hmm to    alifrom  ali to    envfrom  env to     acc
 ---   ------ ----- --------- --------- ------- -------    ------- -------    ------- -------    ----
   1 ?    1.7   0.1       9.1        26      58      82 ..      60      79 ..      38      94 .. 0.54

  Alignments for each domain:
  == domain 1  score: 1.7 bits;  conditional E-value: 9.1
                      gvpv 58 teiakaeleaarlrqakrkpeplgD 82
                              +eiak e+++     a+ + e+l++
  nat_07f90c8c92dbdb92b94e 60 EEIAKIEQAT-----AEGNMEDLEE 79
                              3677777777.....4444444444 PP

>> nat_1f956fdbc151f2ec0ffb  
   #    score  bias  c-Evalue  i-Evalue hmmfrom  hmm to    alifrom  ali to    envfrom  env to     acc
 ---   ------ ----- --------- --------- ------- -------    ------- -------    ------- -------    ----
   1 ?    1.6   0.1       9.8        29      58      78 ..      60      75 ..      38      94 .. 0.52

  Alignments for each domain:
  == domain 1  score: 1.6 bits;  conditional E-value: 9.8
                      gvpv 58 teiakaeleaarlrqakrkpe 78
                              +eiak e+++     a+ + e
  nat_1f956fdbc151f2ec0ffb 60 EEIAKIEQAT-----AEGDLE 75
                              3555655555.....233333 PP

>> nat_9563afccb8c08431776b  
   #    score  bias  c-Evalue  i-Evalue hmmfrom  hmm to    alifrom  ali to    envfrom  env to     acc
 ---   ------ ----- --------- --------- ------- -------    ------- -------    ------- -------    ----
   1 ?    2.0   0.4       7.5        22      24      40 ..      53      69 ..      34      81 .. 0.74

  Alignments for each domain:
  == domain 1  score: 2.0 bits;  conditional E-value: 7.5
                      gvpv 24 eLrsrrqrLqreleqle 40
                              e r+r+++L+ ele ++
  nat_9563afccb8c08431776b 53 EYRRRKDELETELEVAR 69
                              55778888888876543 PP

>> nat_a9c10692b45d32f772b4  
   #    score  bias  c-Evalue  i-Evalue hmmfrom  hmm to    alifrom  ali to    envfrom  env to     acc
 ---   ------ ----- --------- --------- ------- -------    ------- -------    ------- -------    ----
   1 ?    1.6   0.2       9.6        28      59      79 ..      61      76 ..      38      95 .] 0.51

  Alignments for each domain:
  == domain 1  score: 1.6 bits;  conditional E-value: 9.6
                      gvpv 59 eiakaeleaarlrqakrkpep 79
                              eiak e+++     a+ + e+
  nat_a9c10692b45d32f772b4 61 EIAKIEQAT-----AEGDLEE 76
                              455555444.....2222222 PP

>> nat_d8ac85c1e2427ebd2b9e  
   #    score  bias  c-Evalue  i-Evalue hmmfrom  hmm to    alifrom  ali to    envfrom  env to     acc
 ---   ------ ----- --------- --------- ------- -------    ------- -------    ------- -------    ----
   1 ?    1.5   1.2        10        30      74      95 ..     121     141 ..      99     147 .] 0.55

  Alignments for each domain:
  == domain 1  score: 1.5 bits;  conditional E-value: 10
                      gvpv  74 krkpeplgDagtravgratssr 95 
                               + + ++++D+g ++  r++ssr
  nat_d8ac85c1e2427ebd2b9e 121 SDSDDEDEDEG-KQSARRSSSR 141
                               33335566777.4445555554 PP

>> nat_48f4fc548c0153a5775e  
   #    score  bias  c-Evalue  i-Evalue hmmfrom  hmm to    alifrom  ali to    envfrom  env to     acc
 ---   ------ ----- --------- --------- ------- -------    ------- -------    ------- -------    ----
   1 ?    1.7   0.3       9.1        26      59      81 ..      62      79 ..      39      96 .] 0.51

  Alignments for each domain:
  == domain 1  score: 1.7 bits;  conditional E-value: 9.1
                      gvpv 59 eiakaeleaarlrqakrkpeplg 81
                              eiak e+++     a+ + e+l+
  nat_48f4fc548c0153a5775e 62 EIAKIEQAT-----AEGDLEDLE 79
                              455555555.....333333333 PP

>> nat_ecb1c2738797f1742802  
   #    score  bias  c-Evalue  i-Evalue hmmfrom  hmm to    alifrom  ali to    envfrom  env to     acc
 ---   ------ ----- --------- --------- ------- -------    ------- -------    ------- -------    ----
   1 ?    1.6   0.1        10        29      30      49 ..      71      87 ..      64     107 .. 0.54

  Alignments for each domain:
  == domain 1  score: 1.6 bits;  conditional E-value: 10
                      gvpv 30 qrLqreleqleaRlavlasl 49
                              + Lq e ++l+aR   +++l
  nat_ecb1c2738797f1742802 71 SNLQLENDRLRAR---IEAL 87
                              4555555555555...2222 PP

>> nat_8f3e753527c876cd94f0  
   #    score  bias  c-Evalue  i-Evalue hmmfrom  hmm to    alifrom  ali to    envfrom  env to     acc
 ---   ------ ----- --------- --------- ------- -------    ------- -------    ------- -------    ----
   1 ?    1.6   0.2       9.4        27      59      78 ..      61      75 ..      38      95 .] 0.51

  Alignments for each domain:
  == domain 1  score: 1.6 bits;  conditional E-value: 9.4
                      gvpv 59 eiakaeleaarlrqakrkpe 78
                              eiak e+++     a+ + e
  nat_8f3e753527c876cd94f0 61 EIAKIEQAT-----AEGDLE 75
                              455555444.....222222 PP

>> nat_c6080e51aceffe4e0a16  
   #    score  bias  c-Evalue  i-Evalue hmmfrom  hmm to    alifrom  ali to    envfrom  env to     acc
 ---   ------ ----- --------- --------- ------- -------    ------- -------    ------- -------    ----
   1 ?    1.5   0.1        10        30      32      56 ..      88     102 ..      76     112 .. 0.49

  Alignments for each domain:
  == domain 1  score: 1.5 bits;  conditional E-value: 10
                      gvpv  32 LqreleqleaRlavlaslqerLrql 56 
                               L +e  +l+aR          L++l
  nat_c6080e51aceffe4e0a16  88 LAEENARLRAR----------LDAL 102
                               33333333333..........2222 PP

>> nat_0d96b287dd19f0443d0b  
   #    score  bias  c-Evalue  i-Evalue hmmfrom  hmm to    alifrom  ali to    envfrom  env to     acc
 ---   ------ ----- --------- --------- ------- -------    ------- -------    ------- -------    ----
   1 ?    2.0   0.2       7.1        21      35      64 ..      29      57 ..      11      70 .. 0.54

  Alignments for each domain:
  == domain 1  score: 2.0 bits;  conditional E-value: 7.1
                      gvpv 35 eleqleaRlavlaslq.erLrqleteiakae 64
                               le+   R  ++ sl  +++++l ++++ + 
  nat_0d96b287dd19f0443d0b 29 VLERQALR--RMDSLSpAQIEDLGQALLDLD 57
                              44444445..333333234444444444433 PP

>> nat_842bc418f0682cd2a9c8  
   #    score  bias  c-Evalue  i-Evalue hmmfrom  hmm to    alifrom  ali to    envfrom  env to     acc
 ---   ------ ----- --------- --------- ------- -------    ------- -------    ------- -------    ----
   1 ?    1.6   0.3        10        29      59      77 ..      61      74 ..      38      95 .] 0.51

  Alignments for each domain:
  == domain 1  score: 1.6 bits;  conditional E-value: 10
                      gvpv 59 eiakaeleaarlrqakrkp 77
                              eiak e+++     a+ + 
  nat_842bc418f0682cd2a9c8 61 EIAKIEQAT-----AEGDL 74
                              444444444.....22222 PP

>> nat_38c4b7b40831450106bb  
   #    score  bias  c-Evalue  i-Evalue hmmfrom  hmm to    alifrom  ali to    envfrom  env to     acc
 ---   ------ ----- --------- --------- ------- -------    ------- -------    ------- -------    ----
   1 ?    1.4   0.1        11        32      41      57 ..     163     179 ..     157     188 .. 0.73
   2 ?    2.0   3.4       7.6        22      31      67 ..     192     227 ..     185     248 .. 0.73

  Alignments for each domain:
  == domain 1  score: 1.4 bits;  conditional E-value: 11
                      gvpv  41 aRlavlaslqerLrqle 57 
                               +R  +l++l+er+++ e
  nat_38c4b7b40831450106bb 163 ERDDRLRELDERIDDAE 179
                               56666778888887766 PP

  == domain 2  score: 2.0 bits;  conditional E-value: 7.6
                      gvpv  31 rLqreleqleaRlavlaslqerLrqleteiakaelea 67 
                               + + el ++  R +v a+l+erL++   e+ ++e++ 
  nat_38c4b7b40831450106bb 192 QRLTEL-RAARRESVTADLRERLAAEAREVHALERSP 227
                               444555.566679999999999999888888888776 PP

>> nat_d4ba65189ba86a477cc5  
   #    score  bias  c-Evalue  i-Evalue hmmfrom  hmm to    alifrom  ali to    envfrom  env to     acc
 ---   ------ ----- --------- --------- ------- -------    ------- -------    ------- -------    ----
   1 ?    1.7   0.0       8.9        26      58      76 ..      58      71 ..      30      91 .. 0.57

  Alignments for each domain:
  == domain 1  score: 1.7 bits;  conditional E-value: 8.9
                      gvpv 58 teiakaeleaarlrqakrk 76
                              +eiak e+++     a+ +
  nat_d4ba65189ba86a477cc5 58 EEIAKIEQAT-----AEGD 71
                              3555655555.....2333 PP

>> nat_a7791ad55c70e7fd3462  
   #    score  bias  c-Evalue  i-Evalue hmmfrom  hmm to    alifrom  ali to    envfrom  env to     acc
 ---   ------ ----- --------- --------- ------- -------    ------- -------    ------- -------    ----
   1 ?    1.5   0.3        10        30      59      78 ..      61      75 ..      38      95 .] 0.51

  Alignments for each domain:
  == domain 1  score: 1.5 bits;  conditional E-value: 10
                      gvpv 59 eiakaeleaarlrqakrkpe 78
                              eiak e+++     a+ + e
  nat_a7791ad55c70e7fd3462 61 EIAKIEQAT-----AEGDLE 75
                              445554444.....222222 PP

>> nat_9ca97034ea4d97950343  
   #    score  bias  c-Evalue  i-Evalue hmmfrom  hmm to    alifrom  ali to    envfrom  env to     acc
 ---   ------ ----- --------- --------- ------- -------    ------- -------    ------- -------    ----
   1 ?    1.6   0.2        10        29      59      76 ..      61      73 ..      38      94 .] 0.52

  Alignments for each domain:
  == domain 1  score: 1.6 bits;  conditional E-value: 10
                      gvpv 59 eiakaeleaarlrqakrk 76
                              eiak e+++     a+ +
  nat_9ca97034ea4d97950343 61 EIAKIEQAT-----AEGD 73
                              455555544.....2222 PP

>> nat_4b58b860e36e01bdb682  
   #    score  bias  c-Evalue  i-Evalue hmmfrom  hmm to    alifrom  ali to    envfrom  env to     acc
 ---   ------ ----- --------- --------- ------- -------    ------- -------    ------- -------    ----
   1 ?    1.5   0.2        11        31      59      76 ..      61      73 ..      38      94 .. 0.52

  Alignments for each domain:
  == domain 1  score: 1.5 bits;  conditional E-value: 11
                      gvpv 59 eiakaeleaarlrqakrk 76
                              eiak e+++     a+ +
  nat_4b58b860e36e01bdb682 61 EIAKIEQAT-----AEGD 73
                              455555544.....2222 PP

>> nat_41d8ab0f02461073a97c  
   #    score  bias  c-Evalue  i-Evalue hmmfrom  hmm to    alifrom  ali to    envfrom  env to     acc
 ---   ------ ----- --------- --------- ------- -------    ------- -------    ------- -------    ----
   1 ?    1.5   0.0        10        30      30      49 ..      70      86 ..      63     106 .. 0.53

  Alignments for each domain:
  == domain 1  score: 1.5 bits;  conditional E-value: 10
                      gvpv 30 qrLqreleqleaRlavlasl 49
                              + L+ e ++l+aR   +++l
  nat_41d8ab0f02461073a97c 70 SNLELENDRLRAR---IEAL 86
                              4444444444444...2222 PP

>> nat_0145b7d0415b25474bf7  
   #    score  bias  c-Evalue  i-Evalue hmmfrom  hmm to    alifrom  ali to    envfrom  env to     acc
 ---   ------ ----- --------- --------- ------- -------    ------- -------    ------- -------    ----
   1 ?    1.5   0.2        10        30      59      80 ..      61      77 ..      38      95 .] 0.53

  Alignments for each domain:
  == domain 1  score: 1.5 bits;  conditional E-value: 10
                      gvpv 59 eiakaeleaarlrqakrkpepl 80
                              eiak+e+++     a  + e+l
  nat_0145b7d0415b25474bf7 61 EIAKLEKAT-----ADGDLEDL 77
                              566666665.....33333333 PP

>> nat_94cdaea6b1db7bfe983f  
   #    score  bias  c-Evalue  i-Evalue hmmfrom  hmm to    alifrom  ali to    envfrom  env to     acc
 ---   ------ ----- --------- --------- ------- -------    ------- -------    ------- -------    ----
   1 ?    1.6   0.2       9.9        29      59      78 ..      61      75 ..      38      95 .] 0.51

  Alignments for each domain:
  == domain 1  score: 1.6 bits;  conditional E-value: 9.9
                      gvpv 59 eiakaeleaarlrqakrkpe 78
                              eiak e+++     a+ + e
  nat_94cdaea6b1db7bfe983f 61 EIAKIEQAT-----AEGDLE 75
                              445554444.....222222 PP

>> nat_cbba243dc1613c0cb1fa  
   #    score  bias  c-Evalue  i-Evalue hmmfrom  hmm to    alifrom  ali to    envfrom  env to     acc
 ---   ------ ----- --------- --------- ------- -------    ------- -------    ------- -------    ----
   1 ?    1.6   0.2       9.7        28      28      58 ..      92     105 ..      77     115 .] 0.54

  Alignments for each domain:
  == domain 1  score: 1.6 bits;  conditional E-value: 9.7
                      gvpv  28 rrqrLqreleqleaRlavlaslqerLrqlet 58 
                               + +rL+ +l                 ++le+
  nat_cbba243dc1613c0cb1fa  92 ENARLRARL-----------------DALEE 105
                               333333333.................33333 PP

>> nat_0077c6cbf903d0b80137  
   #    score  bias  c-Evalue  i-Evalue hmmfrom  hmm to    alifrom  ali to    envfrom  env to     acc
 ---   ------ ----- --------- --------- ------- -------    ------- -------    ------- -------    ----
   1 ?    1.5   0.2        11        31      59      76 ..      62      74 ..      39      95 .. 0.52

  Alignments for each domain:
  == domain 1  score: 1.5 bits;  conditional E-value: 11
                      gvpv 59 eiakaeleaarlrqakrk 76
                              eiak e+++     a+ +
  nat_0077c6cbf903d0b80137 62 EIAKIEQAT-----AEGD 74
                              455555544.....2222 PP

>> nat_3d03178d5c86075982f0  
   #    score  bias  c-Evalue  i-Evalue hmmfrom  hmm to    alifrom  ali to    envfrom  env to     acc
 ---   ------ ----- --------- --------- ------- -------    ------- -------    ------- -------    ----
   1 ?    1.2   0.2        13        37      21      42 ..      78      99 ..      61     111 .. 0.77

  Alignments for each domain:
  == domain 1  score: 1.2 bits;  conditional E-value: 13
                      gvpv 21 elaeLrsrrqrLqreleqleaR 42
                              +++eL + + +L+r +e l+ R
  nat_3d03178d5c86075982f0 78 QVEELGTGLMHLERAMEDLKDR 99
                              5778888888999999999999 PP

>> nat_dc6aa26cbe06c32b68c2  
   #    score  bias  c-Evalue  i-Evalue hmmfrom  hmm to    alifrom  ali to    envfrom  env to     acc
 ---   ------ ----- --------- --------- ------- -------    ------- -------    ------- -------    ----
   1 ?    1.5   0.5        11        31      59      79 ..      61      76 ..      38      94 .] 0.51

  Alignments for each domain:
  == domain 1  score: 1.5 bits;  conditional E-value: 11
                      gvpv 59 eiakaeleaarlrqakrkpep 79
                              eiak e+++     a+ + e+
  nat_dc6aa26cbe06c32b68c2 61 EIAKIEQAT-----AEGDLEE 76
                              444444444.....2223333 PP

>> nat_c8490949e18e771ed8c8  
   #    score  bias  c-Evalue  i-Evalue hmmfrom  hmm to    alifrom  ali to    envfrom  env to     acc
 ---   ------ ----- --------- --------- ------- -------    ------- -------    ------- -------    ----
   1 ?    1.4   0.2        12        34      59      75 ..      61      72 ..      38      93 .. 0.52

  Alignments for each domain:
  == domain 1  score: 1.4 bits;  conditional E-value: 12
                      gvpv 59 eiakaeleaarlrqakr 75
                              eiak e+++     a+ 
  nat_c8490949e18e771ed8c8 61 EIAKIEQAT-----AEG 72
                              455555544.....222 PP

>> nat_4482775e0979509e45d2  
   #    score  bias  c-Evalue  i-Evalue hmmfrom  hmm to    alifrom  ali to    envfrom  env to     acc
 ---   ------ ----- --------- --------- ------- -------    ------- -------    ------- -------    ----
   1 ?    1.6   0.2       9.9        29      59      78 ..      61      75 ..      38      95 .] 0.51

  Alignments for each domain:
  == domain 1  score: 1.6 bits;  conditional E-value: 9.9
                      gvpv 59 eiakaeleaarlrqakrkpe 78
                              eiak e+++     a+ + e
  nat_4482775e0979509e45d2 61 EIAKIEQAT-----AEGDLE 75
                              445554444.....222222 PP

>> nat_c0d82e06313e16097f0a  
   #    score  bias  c-Evalue  i-Evalue hmmfrom  hmm to    alifrom  ali to    envfrom  env to     acc
 ---   ------ ----- --------- --------- ------- -------    ------- -------    ------- -------    ----
   1 ?    0.6   0.2        20        57      41      62 ..     187     208 ..     171     225 .. 0.69

  Alignments for each domain:
  == domain 1  score: 0.6 bits;  conditional E-value: 20
                      gvpv  41 aRlavlaslqerLrqleteiak 62 
                               +R  ++a+l erL+ l +e+++
  nat_c0d82e06313e16097f0a 187 EREERVAALAERLDPLVEEMEE 208
                               4555577777777776666655 PP

>> nat_8189ed3c9ac18707f549  
   #    score  bias  c-Evalue  i-Evalue hmmfrom  hmm to    alifrom  ali to    envfrom  env to     acc
 ---   ------ ----- --------- --------- ------- -------    ------- -------    ------- -------    ----
   1 ?    1.5   0.3        10        30      60      68 ..      62      70 ..      38      94 .] 0.51

  Alignments for each domain:
  == domain 1  score: 1.5 bits;  conditional E-value: 10
                      gvpv 60 iakaeleaa 68
                              iak e+++a
  nat_8189ed3c9ac18707f549 62 IAKIEQATA 70
                              444444331 PP

>> nat_144165ea4d3ea8a64b2e  
   #    score  bias  c-Evalue  i-Evalue hmmfrom  hmm to    alifrom  ali to    envfrom  env to     acc
 ---   ------ ----- --------- --------- ------- -------    ------- -------    ------- -------    ----
   1 ?    1.5   0.2        11        31      58      82 ..      60      79 ..      38      94 .. 0.55

  Alignments for each domain:
  == domain 1  score: 1.5 bits;  conditional E-value: 11
                      gvpv 58 teiakaeleaarlrqakrkpeplgD 82
                              +eiak e+++     a+ + e+l++
  nat_144165ea4d3ea8a64b2e 60 EEIAKIEQAT-----AEGDMEQLEQ 79
                              3566666666.....4444444444 PP

>> nat_b9de124a92fba0281b06  
   #    score  bias  c-Evalue  i-Evalue hmmfrom  hmm to    alifrom  ali to    envfrom  env to     acc
 ---   ------ ----- --------- --------- ------- -------    ------- -------    ------- -------    ----
   1 ?    1.6   0.2        10        29      59      79 ..      59      74 ..      36      93 .] 0.52

  Alignments for each domain:
  == domain 1  score: 1.6 bits;  conditional E-value: 10
                      gvpv 59 eiakaeleaarlrqakrkpep 79
                              eiak e+++     a+ + ++
  nat_b9de124a92fba0281b06 59 EIAKIEQAT-----AEGDLDE 74
                              555555555.....2333333 PP

>> nat_05d62502987d9405b8af  
   #    score  bias  c-Evalue  i-Evalue hmmfrom  hmm to    alifrom  ali to    envfrom  env to     acc
 ---   ------ ----- --------- --------- ------- -------    ------- -------    ------- -------    ----
   1 ?    1.6   0.3       9.9        29      59      78 ..      61      75 ..      38      95 .] 0.51

  Alignments for each domain:
  == domain 1  score: 1.6 bits;  conditional E-value: 9.9
                      gvpv 59 eiakaeleaarlrqakrkpe 78
                              eiak e+++     a+ + e
  nat_05d62502987d9405b8af 61 EIAKIEQAT-----AEGDLE 75
                              445554444.....222222 PP

>> nat_1eda5f35014077cd8e25  
   #    score  bias  c-Evalue  i-Evalue hmmfrom  hmm to    alifrom  ali to    envfrom  env to     acc
 ---   ------ ----- --------- --------- ------- -------    ------- -------    ------- -------    ----
   1 ?    1.5   0.2        10        30      59      76 ..      61      73 ..      38      94 .] 0.52

  Alignments for each domain:
  == domain 1  score: 1.5 bits;  conditional E-value: 10
                      gvpv 59 eiakaeleaarlrqakrk 76
                              eiak e+++     a+ +
  nat_1eda5f35014077cd8e25 61 EIAKIEQAT-----AEGD 73
                              455555544.....2222 PP

>> nat_1564401f2a553c444667  
   #    score  bias  c-Evalue  i-Evalue hmmfrom  hmm to    alifrom  ali to    envfrom  env to     acc
 ---   ------ ----- --------- --------- ------- -------    ------- -------    ------- -------    ----
   1 ?    1.4   0.2        11        33      59      74 ..      62      72 ..      39      95 .. 0.52

  Alignments for each domain:
  == domain 1  score: 1.4 bits;  conditional E-value: 11
                      gvpv 59 eiakaeleaarlrqak 74
                              eiak e+++     a+
  nat_1564401f2a553c444667 62 EIAKIEQAT-----AE 72
                              444444444.....22 PP

>> nat_75679c0d4db585656573  
   #    score  bias  c-Evalue  i-Evalue hmmfrom  hmm to    alifrom  ali to    envfrom  env to     acc
 ---   ------ ----- --------- --------- ------- -------    ------- -------    ------- -------    ----
   1 ?    1.6   0.2       9.5        28      55      75 ..      69      89 ..      39      92 .] 0.71

  Alignments for each domain:
  == domain 1  score: 1.6 bits;  conditional E-value: 9.5
                      gvpv 55 qleteiakaeleaarlrqakr 75
                              + e +++++e e+  ++ +k+
  nat_75679c0d4db585656573 69 TAEGDLEELEVETRPESSPKT 89
                              346667777777755555555 PP

>> nat_f78382fe3dd21fcadefa  
   #    score  bias  c-Evalue  i-Evalue hmmfrom  hmm to    alifrom  ali to    envfrom  env to     acc
 ---   ------ ----- --------- --------- ------- -------    ------- -------    ------- -------    ----
   1 ?    1.6   2.2        10        29      23      39 ..      52      68 ..      20      81 .. 0.62

  Alignments for each domain:
  == domain 1  score: 1.6 bits;  conditional E-value: 10
                      gvpv 23 aeLrsrrqrLqreleql 39
                              +e r+r+++L+ ele +
  nat_f78382fe3dd21fcadefa 52 EEYRERKEELEAELEVA 68
                              34455555555555543 PP

>> nat_88718dd3cb77e8c5a330  
   #    score  bias  c-Evalue  i-Evalue hmmfrom  hmm to    alifrom  ali to    envfrom  env to     acc
 ---   ------ ----- --------- --------- ------- -------    ------- -------    ------- -------    ----
   1 ?    1.6   1.2       9.9        29      24      40 ..      53      69 ..      24      81 .. 0.70

  Alignments for each domain:
  == domain 1  score: 1.6 bits;  conditional E-value: 9.9
                      gvpv 24 eLrsrrqrLqreleqle 40
                              e r+r+++L+++l+ ++
  nat_88718dd3cb77e8c5a330 53 EYRERKAELEEKLDVAR 69
                              44566666666665443 PP

>> nat_004259139cc6a322721e  
   #    score  bias  c-Evalue  i-Evalue hmmfrom  hmm to    alifrom  ali to    envfrom  env to     acc
 ---   ------ ----- --------- --------- ------- -------    ------- -------    ------- -------    ----
   1 ?    1.5   0.9        11        32      21      42 ..      29      49 ..      17      76 .. 0.52

  Alignments for each domain:
  == domain 1  score: 1.5 bits;  conditional E-value: 11
                      gvpv 21 elaeLrsrrqrLqreleqleaR 42
                              ++ +L+++r++ ++ l+ l +R
  nat_004259139cc6a322721e 29 DVDALEDERKE-NQLLYELGER 49
                              55556666555.3444444444 PP

>> nat_bf5abb4d953e0d6aaa1f  
   #    score  bias  c-Evalue  i-Evalue hmmfrom  hmm to    alifrom  ali to    envfrom  env to     acc
 ---   ------ ----- --------- --------- ------- -------    ------- -------    ------- -------    ----
   1 ?    1.4   0.2        12        34      59      75 ..      61      72 ..      39      95 .] 0.52

  Alignments for each domain:
  == domain 1  score: 1.4 bits;  conditional E-value: 12
                      gvpv 59 eiakaeleaarlrqakr 75
                              eiak e+++     a+ 
  nat_bf5abb4d953e0d6aaa1f 61 EIAKIEQAT-----AEG 72
                              455555554.....222 PP

>> nat_62bc5089576517d5fad1  
   #    score  bias  c-Evalue  i-Evalue hmmfrom  hmm to    alifrom  ali to    envfrom  env to     acc
 ---   ------ ----- --------- --------- ------- -------    ------- -------    ------- -------    ----
   1 ?    1.5   0.2        11        31      59      75 ..      59      70 ..      36      93 .] 0.52

  Alignments for each domain:
  == domain 1  score: 1.5 bits;  conditional E-value: 11
                      gvpv 59 eiakaeleaarlrqakr 75
                              eiak e+++     a+ 
  nat_62bc5089576517d5fad1 59 EIAKIEQAT-----AEG 70
                              455555554.....222 PP

>> nat_0a6e89f60cd37515559e  
   #    score  bias  c-Evalue  i-Evalue hmmfrom  hmm to    alifrom  ali to    envfrom  env to     acc
 ---   ------ ----- --------- --------- ------- -------    ------- -------    ------- -------    ----
   1 ?    1.4   1.0        12        34      26      50 ..      85     106 ..      81     110 .] 0.56

  Alignments for each domain:
  == domain 1  score: 1.4 bits;  conditional E-value: 12
                      gvpv  26 rsrrqrLqreleqleaRlavlaslq 50 
                                ++ q L +e  ql++R   +++l+
  nat_0a6e89f60cd37515559e  85 STEAQGLAEENRQLRER---VEELE 106
                               55566666666666666...44443 PP

>> nat_86af2bea85657bdc848a  
   #    score  bias  c-Evalue  i-Evalue hmmfrom  hmm to    alifrom  ali to    envfrom  env to     acc
 ---   ------ ----- --------- --------- ------- -------    ------- -------    ------- -------    ----
   1 ?    1.5   0.4        11        31      59      79 ..      61      76 ..      38      93 .] 0.52

  Alignments for each domain:
  == domain 1  score: 1.5 bits;  conditional E-value: 11
                      gvpv 59 eiakaeleaarlrqakrkpep 79
                              eiak e+++     a+ + e+
  nat_86af2bea85657bdc848a 61 EIAKIEQAT-----AEGDLEE 76
                              445554444.....2233333 PP

>> nat_215f48254c804f1f2876  
   #    score  bias  c-Evalue  i-Evalue hmmfrom  hmm to    alifrom  ali to    envfrom  env to     acc
 ---   ------ ----- --------- --------- ------- -------    ------- -------    ------- -------    ----
   1 ?    1.4   0.2        12        34      59      75 ..      61      72 ..      38      93 .. 0.52

  Alignments for each domain:
  == domain 1  score: 1.4 bits;  conditional E-value: 12
                      gvpv 59 eiakaeleaarlrqakr 75
                              eiak e+++     a+ 
  nat_215f48254c804f1f2876 61 EIAKIEQAT-----AEG 72
                              455555544.....222 PP

>> nat_45a9e22305a1b46f68f2  
   #    score  bias  c-Evalue  i-Evalue hmmfrom  hmm to    alifrom  ali to    envfrom  env to     acc
 ---   ------ ----- --------- --------- ------- -------    ------- -------    ------- -------    ----
   1 ?    1.4   2.1        11        33      23      39 ..      52      68 ..      20      77 .. 0.77

  Alignments for each domain:
  == domain 1  score: 1.4 bits;  conditional E-value: 11
                      gvpv 23 aeLrsrrqrLqreleql 39
                              +e r+r+++L++ele +
  nat_45a9e22305a1b46f68f2 52 EEYRRRKDELEEELEVA 68
                              45678888888888754 PP

>> nat_acb38079c01f07d0de6f  
   #    score  bias  c-Evalue  i-Evalue hmmfrom  hmm to    alifrom  ali to    envfrom  env to     acc
 ---   ------ ----- --------- --------- ------- -------    ------- -------    ------- -------    ----
   1 ?    1.3   0.1        12        35      59      74 ..      61      71 ..      38      94 .. 0.53

  Alignments for each domain:
  == domain 1  score: 1.3 bits;  conditional E-value: 12
                      gvpv 59 eiakaeleaarlrqak 74
                              eiak e+++     a+
  nat_acb38079c01f07d0de6f 61 EIAKIEQAT-----AE 71
                              455555554.....22 PP

>> nat_0101bc590c89813c161a  
   #    score  bias  c-Evalue  i-Evalue hmmfrom  hmm to    alifrom  ali to    envfrom  env to     acc
 ---   ------ ----- --------- --------- ------- -------    ------- -------    ------- -------    ----
   1 ?    1.3   0.2        12        34      59      75 ..      61      72 ..      38      93 .. 0.52

  Alignments for each domain:
  == domain 1  score: 1.3 bits;  conditional E-value: 12
                      gvpv 59 eiakaeleaarlrqakr 75
                              eiak e+++     a+ 
  nat_0101bc590c89813c161a 61 EIAKIEQAT-----AEG 72
                              455555544.....222 PP

>> nat_1aef09f774a1818b7e24  
   #    score  bias  c-Evalue  i-Evalue hmmfrom  hmm to    alifrom  ali to    envfrom  env to     acc
 ---   ------ ----- --------- --------- ------- -------    ------- -------    ------- -------    ----
   1 ?    1.5   0.3        11        31      59      75 ..      62      73 ..      39      96 .] 0.51

  Alignments for each domain:
  == domain 1  score: 1.5 bits;  conditional E-value: 11
                      gvpv 59 eiakaeleaarlrqakr 75
                              eiak e+++     a+ 
  nat_1aef09f774a1818b7e24 62 EIAKIEQAT-----AEG 73
                              444444444.....222 PP

>> nat_dad443e0412ef646de5e  
   #    score  bias  c-Evalue  i-Evalue hmmfrom  hmm to    alifrom  ali to    envfrom  env to     acc
 ---   ------ ----- --------- --------- ------- -------    ------- -------    ------- -------    ----
   1 ?    1.5   0.4        11        31      59      79 ..      62      77 ..      39      95 .] 0.51

  Alignments for each domain:
  == domain 1  score: 1.5 bits;  conditional E-value: 11
                      gvpv 59 eiakaeleaarlrqakrkpep 79
                              eiak e+++     a+ + e+
  nat_dad443e0412ef646de5e 62 EIAKIEQAT-----AEGDLEE 77
                              444444444.....2223233 PP

>> nat_69442765a7e1224b0435  
   #    score  bias  c-Evalue  i-Evalue hmmfrom  hmm to    alifrom  ali to    envfrom  env to     acc
 ---   ------ ----- --------- --------- ------- -------    ------- -------    ------- -------    ----
   1 ?    1.4   0.2        11        32      59      74 ..      62      72 ..      39      95 .. 0.52

  Alignments for each domain:
  == domain 1  score: 1.4 bits;  conditional E-value: 11
                      gvpv 59 eiakaeleaarlrqak 74
                              eiak e+++     a+
  nat_69442765a7e1224b0435 62 EIAKIEQAT-----AE 72
                              444444444.....22 PP

>> nat_cf2b86e8ceab5f9ee1d8  
   #    score  bias  c-Evalue  i-Evalue hmmfrom  hmm to    alifrom  ali to    envfrom  env to     acc
 ---   ------ ----- --------- --------- ------- -------    ------- -------    ------- -------    ----
   1 ?    1.5   1.7        11        31      62      82 ..     120     140 ..      87     145 .] 0.55

  Alignments for each domain:
  == domain 1  score: 1.5 bits;  conditional E-value: 11
                      gvpv  62 kaeleaarlrqakrkpeplgD 82 
                               + e+e++ + q++r++ p+g 
  nat_cf2b86e8ceab5f9ee1d8 120 EDEEEEQPEEQPRRRTRPEGR 140
                               233333345666666666543 PP

>> nat_57d11d6b58e3b78591e1  
   #    score  bias  c-Evalue  i-Evalue hmmfrom  hmm to    alifrom  ali to    envfrom  env to     acc
 ---   ------ ----- --------- --------- ------- -------    ------- -------    ------- -------    ----
   1 ?    1.5   0.0        11        31      58      77 ..      61      75 ..      39      94 .. 0.53

  Alignments for each domain:
  == domain 1  score: 1.5 bits;  conditional E-value: 11
                      gvpv 58 teiakaeleaarlrqakrkp 77
                              +eiak e+++     a+ + 
  nat_57d11d6b58e3b78591e1 61 EEIAKIEQAT-----AEGDL 75
                              3566666555.....22333 PP

>> nat_a36a3359d46f89a3e9c6  
   #    score  bias  c-Evalue  i-Evalue hmmfrom  hmm to    alifrom  ali to    envfrom  env to     acc
 ---   ------ ----- --------- --------- ------- -------    ------- -------    ------- -------    ----
   1 ?    1.5   0.2        11        31      59      75 ..      59      70 ..      36      93 .] 0.52

  Alignments for each domain:
  == domain 1  score: 1.5 bits;  conditional E-value: 11
                      gvpv 59 eiakaeleaarlrqakr 75
                              eiak e+++     a+ 
  nat_a36a3359d46f89a3e9c6 59 EIAKIEQAT-----AEG 70
                              455555554.....222 PP

>> nat_6456c7962887f5ec8ec6  
   #    score  bias  c-Evalue  i-Evalue hmmfrom  hmm to    alifrom  ali to    envfrom  env to     acc
 ---   ------ ----- --------- --------- ------- -------    ------- -------    ------- -------    ----
   1 ?    0.6   0.0        21        60      39      61 ..     185     207 ..     149     223 .. 0.71

  Alignments for each domain:
  == domain 1  score: 0.6 bits;  conditional E-value: 21
                      gvpv  39 leaRlavlaslqerLrqleteia 61 
                                 +R  ++a+l erL+ l  e++
  nat_6456c7962887f5ec8ec6 185 YAEREERVAALAERLDPLVDEME 207
                               44555558888888877665555 PP

>> nat_b7b637f34ee70e87224a  
   #    score  bias  c-Evalue  i-Evalue hmmfrom  hmm to    alifrom  ali to    envfrom  env to     acc
 ---   ------ ----- --------- --------- ------- -------    ------- -------    ------- -------    ----
   1 ?    1.7   0.9       9.1        26      24      38 ..      53      67 ..      18      81 .. 0.73

  Alignments for each domain:
  == domain 1  score: 1.7 bits;  conditional E-value: 9.1
                      gvpv 24 eLrsrrqrLqreleq 38
                              e r+r+++L+ ele 
  nat_b7b637f34ee70e87224a 53 EYRERKAELEDELEI 67
                              445666666666653 PP

>> nat_3dcd4bf22b7bbdb49d82  
   #    score  bias  c-Evalue  i-Evalue hmmfrom  hmm to    alifrom  ali to    envfrom  env to     acc
 ---   ------ ----- --------- --------- ------- -------    ------- -------    ------- -------    ----
   1 ?    1.3   0.4        12        36      60      74 ..      62      71 ..      38      95 .] 0.52

  Alignments for each domain:
  == domain 1  score: 1.3 bits;  conditional E-value: 12
                      gvpv 60 iakaeleaarlrqak 74
                              iak e+++     a+
  nat_3dcd4bf22b7bbdb49d82 62 IAKIEQAT-----AE 71
                              44444444.....22 PP

>> nat_6f78ae7dbd3067bdbed8  
   #    score  bias  c-Evalue  i-Evalue hmmfrom  hmm to    alifrom  ali to    envfrom  env to     acc
 ---   ------ ----- --------- --------- ------- -------    ------- -------    ------- -------    ----
   1 ?    1.2   1.7        13        37      79      96 ..     123     140 ..      99     146 .] 0.49

  Alignments for each domain:
  == domain 1  score: 1.2 bits;  conditional E-value: 13
                      gvpv  79 plgDagtravgratssrf 96 
                               +++D+ ++++ r+ ss+ 
  nat_6f78ae7dbd3067bdbed8 123 DEDDEKKKQPARRRSSKK 140
                               222333334444433332 PP

>> nat_fca422d4ddd5dcd65605  
   #    score  bias  c-Evalue  i-Evalue hmmfrom  hmm to    alifrom  ali to    envfrom  env to     acc
 ---   ------ ----- --------- --------- ------- -------    ------- -------    ------- -------    ----
   1 ?    1.4   0.2        12        34      59      76 ..      62      74 ..      40      96 .] 0.53

  Alignments for each domain:
  == domain 1  score: 1.4 bits;  conditional E-value: 12
                      gvpv 59 eiakaeleaarlrqakrk 76
                              eiak e+++     a+ +
  nat_fca422d4ddd5dcd65605 62 EIAKIEQAT-----AEGD 74
                              444544444.....2222 PP

>> nat_3fffa9db9247345bf996  
   #    score  bias  c-Evalue  i-Evalue hmmfrom  hmm to    alifrom  ali to    envfrom  env to     acc
 ---   ------ ----- --------- --------- ------- -------    ------- -------    ------- -------    ----
   1 ?    1.4   0.0        11        33      48      58 ..      81      91 ..      66     118 .. 0.61

  Alignments for each domain:
  == domain 1  score: 1.4 bits;  conditional E-value: 11
                      gvpv 48 slqerLrqlet 58
                               l+e++ +le+
  nat_3fffa9db9247345bf996 81 RLNEQINRLEH 91
                              23333444433 PP

>> nat_012f7ed0df540c626390  
   #    score  bias  c-Evalue  i-Evalue hmmfrom  hmm to    alifrom  ali to    envfrom  env to     acc
 ---   ------ ----- --------- --------- ------- -------    ------- -------    ------- -------    ----
   1 ?    0.9   3.6        16        45      18      60 ..      26      65 ..      16      79 .. 0.58

  Alignments for each domain:
  == domain 1  score: 0.9 bits;  conditional E-value: 16
                      gvpv 18 elselaeLrsrrqrLqreleqleaRlavlaslqerLrqletei 60
                              el ++++L+++r++ ++ l+ l +R     + ++r ++le+e+
  nat_012f7ed0df540c626390 26 ELYDIEALEDERKE-NQLLYELGER--SEDEYRRRKEELEAEL 65
                              56677777777776.5556666666..2233333333333333 PP

>> nat_168a7720be25950ce7a5  
   #    score  bias  c-Evalue  i-Evalue hmmfrom  hmm to    alifrom  ali to    envfrom  env to     acc
 ---   ------ ----- --------- --------- ------- -------    ------- -------    ------- -------    ----
   1 ?    1.3   0.2        12        34      59      74 ..      61      71 ..      38      94 .] 0.53

  Alignments for each domain:
  == domain 1  score: 1.3 bits;  conditional E-value: 12
                      gvpv 59 eiakaeleaarlrqak 74
                              eiak e+++     a+
  nat_168a7720be25950ce7a5 61 EIAKIEQAT-----AE 71
                              455555554.....22 PP

>> nat_f9ed5273156498868a4d  
   #    score  bias  c-Evalue  i-Evalue hmmfrom  hmm to    alifrom  ali to    envfrom  env to     acc
 ---   ------ ----- --------- --------- ------- -------    ------- -------    ------- -------    ----
   1 ?    0.8   0.1        17        50      51      65 ..     157     171 ..     149     175 .. 0.68
   2 ?    1.9   1.8       8.1        23      39      76 ..     181     220 ..     174     236 .. 0.50

  Alignments for each domain:
  == domain 1  score: 0.8 bits;  conditional E-value: 17
                      gvpv  51 erLrqleteiakael 65 
                               +rLr+l++ ia+ e+
  nat_f9ed5273156498868a4d 157 DRLRELDERIAASET 171
                               567777777766665 PP

  == domain 2  score: 1.9 bits;  conditional E-value: 8.1
                      gvpv  39 leaR.lavlaslqerLr.qleteiakaeleaarlrqakrk 76 
                               + +R +av++s +e L+ +le+ ++++ +e ++l +++++
  nat_f9ed5273156498868a4d 181 FDQRlAAVRESRREALTgDLEARLDERAREVHSLERSPSA 220
                               5555444444444444324444555444444444443333 PP

>> nat_87d470267a8c16ab7df9  
   #    score  bias  c-Evalue  i-Evalue hmmfrom  hmm to    alifrom  ali to    envfrom  env to     acc
 ---   ------ ----- --------- --------- ------- -------    ------- -------    ------- -------    ----
   1 ?    1.4   0.2        11        33      59      74 ..      59      69 ..      36      92 .] 0.53

  Alignments for each domain:
  == domain 1  score: 1.4 bits;  conditional E-value: 11
                      gvpv 59 eiakaeleaarlrqak 74
                              eiak e+++     a+
  nat_87d470267a8c16ab7df9 59 EIAKIEQAT-----AE 69
                              455555554.....22 PP

>> nat_6681febe116459c77b18  
   #    score  bias  c-Evalue  i-Evalue hmmfrom  hmm to    alifrom  ali to    envfrom  env to     acc
 ---   ------ ----- --------- --------- ------- -------    ------- -------    ------- -------    ----
   1 ?    1.2   0.2        13        38      59      75 ..      61      72 ..      38      93 .. 0.55

  Alignments for each domain:
  == domain 1  score: 1.2 bits;  conditional E-value: 13
                      gvpv 59 eiakaeleaarlrqakr 75
                              eiak e+++     a+ 
  nat_6681febe116459c77b18 61 EIAKIEQAT-----AEG 72
                              455555554.....223 PP

>> nat_3f4ad2718cecb9460dfc  
   #    score  bias  c-Evalue  i-Evalue hmmfrom  hmm to    alifrom  ali to    envfrom  env to     acc
 ---   ------ ----- --------- --------- ------- -------    ------- -------    ------- -------    ----
   1 ?    1.4   1.9        11        33      23      41 ..      52      70 ..      25      81 .. 0.74

  Alignments for each domain:
  == domain 1  score: 1.4 bits;  conditional E-value: 11
                      gvpv 23 aeLrsrrqrLqreleqlea 41
                              +e r+r+++L+ e e++++
  nat_3f4ad2718cecb9460dfc 52 EEYRRRKEELEAEIEFAQE 70
                              4557777777777776654 PP

>> nat_3e6bf91c590be6684eed  
   #    score  bias  c-Evalue  i-Evalue hmmfrom  hmm to    alifrom  ali to    envfrom  env to     acc
 ---   ------ ----- --------- --------- ------- -------    ------- -------    ------- -------    ----
   1 ?    1.2   0.2        13        38      59      74 ..      61      71 ..      38      93 .. 0.54

  Alignments for each domain:
  == domain 1  score: 1.2 bits;  conditional E-value: 13
                      gvpv 59 eiakaeleaarlrqak 74
                              eiak e+++     a+
  nat_3e6bf91c590be6684eed 61 EIAKIEQAT-----AE 71
                              455555555.....22 PP

>> nat_05a00477d12701f3890c  
   #    score  bias  c-Evalue  i-Evalue hmmfrom  hmm to    alifrom  ali to    envfrom  env to     acc
 ---   ------ ----- --------- --------- ------- -------    ------- -------    ------- -------    ----
   1 ?    1.1   0.3        14        40      59      67 ..      76      84 ..      39      95 .] 0.58

  Alignments for each domain:
  == domain 1  score: 1.1 bits;  conditional E-value: 14
                      gvpv 59 eiakaelea 67
                              ei+++e e+
  nat_05a00477d12701f3890c 76 EIEELEVET 84
                              333344443 PP

>> nat_65a24aaa375f0bffdfc5  
   #    score  bias  c-Evalue  i-Evalue hmmfrom  hmm to    alifrom  ali to    envfrom  env to     acc
 ---   ------ ----- --------- --------- ------- -------    ------- -------    ------- -------    ----
   1 ?    1.3   0.0        12        36      23      39 ..      86     102 ..      75     112 .. 0.73

  Alignments for each domain:
  == domain 1  score: 1.3 bits;  conditional E-value: 12
                      gvpv  23 aeLrsrrqrLqreleql 39 
                               +eL ++ +rL+ el +l
  nat_65a24aaa375f0bffdfc5  86 SELAEENTRLRAELAAL 102
                               46777777777777655 PP

>> nat_f864a12904c8dbc79075  
   #    score  bias  c-Evalue  i-Evalue hmmfrom  hmm to    alifrom  ali to    envfrom  env to     acc
 ---   ------ ----- --------- --------- ------- -------    ------- -------    ------- -------    ----
   1 ?    1.0   0.2        15        45      53      84 ..      16      46 ..       7      59 .. 0.67

  Alignments for each domain:
  == domain 1  score: 1.0 bits;  conditional E-value: 15
                      gvpv 53 LrqleteiakaeleaarlrqakrkpeplgDag 84
                              +r+  ++ + + +++  l++a+ + e +gD++
  nat_f864a12904c8dbc79075 16 IRASREQKEGRKAKK-TLARASNADERNGDTP 46
                              555556666666666.4555666668889988 PP

>> nat_49d3875a5ef4bbb644f9  
   #    score  bias  c-Evalue  i-Evalue hmmfrom  hmm to    alifrom  ali to    envfrom  env to     acc
 ---   ------ ----- --------- --------- ------- -------    ------- -------    ------- -------    ----
   1 ?    1.3   0.2        12        35      59      75 ..      62      73 ..      39      94 .. 0.52

  Alignments for each domain:
  == domain 1  score: 1.3 bits;  conditional E-value: 12
                      gvpv 59 eiakaeleaarlrqakr 75
                              eiak e+++     a+ 
  nat_49d3875a5ef4bbb644f9 62 EIAKIEQAT-----AEG 73
                              455555544.....222 PP

>> nat_9fda348180c612303cdb  
   #    score  bias  c-Evalue  i-Evalue hmmfrom  hmm to    alifrom  ali to    envfrom  env to     acc
 ---   ------ ----- --------- --------- ------- -------    ------- -------    ------- -------    ----
   1 ?    1.2   0.2        13        36      59      81 ..      61      78 ..      38      95 .] 0.55

  Alignments for each domain:
  == domain 1  score: 1.2 bits;  conditional E-value: 13
                      gvpv 59 eiakaeleaarlrqakrkpeplg 81
                              eiak e+++     a+ + ++l+
  nat_9fda348180c612303cdb 61 EIAKIEQAT-----AEGDLDELE 78
                              455555544.....333333333 PP

>> nat_693ec0d594298d9459ad  
   #    score  bias  c-Evalue  i-Evalue hmmfrom  hmm to    alifrom  ali to    envfrom  env to     acc
 ---   ------ ----- --------- --------- ------- -------    ------- -------    ------- -------    ----
   1 ?    1.8   0.4       8.5        25      52      66 ..      45      59 ..       3      76 .. 0.55

  Alignments for each domain:
  == domain 1  score: 1.8 bits;  conditional E-value: 8.5
                      gvpv 52 rLrqleteiakaele 66
                              + ++l +++ ++el 
  nat_693ec0d594298d9459ad 45 QVEALGQALIALELR 59
                              333333333333333 PP

>> nat_d1b057f953bd558c0457  
   #    score  bias  c-Evalue  i-Evalue hmmfrom  hmm to    alifrom  ali to    envfrom  env to     acc
 ---   ------ ----- --------- --------- ------- -------    ------- -------    ------- -------    ----
   1 ?    1.3   0.2        12        35      59      75 ..      62      73 ..      39      94 .. 0.52

  Alignments for each domain:
  == domain 1  score: 1.3 bits;  conditional E-value: 12
                      gvpv 59 eiakaeleaarlrqakr 75
                              eiak e+++     a+ 
  nat_d1b057f953bd558c0457 62 EIAKIEQAT-----AEG 73
                              455555544.....222 PP

>> nat_a0004fe0af44e3e50ba6  
   #    score  bias  c-Evalue  i-Evalue hmmfrom  hmm to    alifrom  ali to    envfrom  env to     acc
 ---   ------ ----- --------- --------- ------- -------    ------- -------    ------- -------    ----
   1 ?    1.5   0.9        10        30      26      40 ..      55      69 ..      20      77 .. 0.76

  Alignments for each domain:
  == domain 1  score: 1.5 bits;  conditional E-value: 10
                      gvpv 26 rsrrqrLqreleqle 40
                              ++ r+rL+ ele ++
  nat_a0004fe0af44e3e50ba6 55 EETRERLEAELELAR 69
                              455777777776655 PP

>> nat_d4bbfd09a62903f1dd61  
   #    score  bias  c-Evalue  i-Evalue hmmfrom  hmm to    alifrom  ali to    envfrom  env to     acc
 ---   ------ ----- --------- --------- ------- -------    ------- -------    ------- -------    ----
   1 ?    1.2   0.3        13        37      59      80 ..      60      76 ..      37      94 .] 0.54

  Alignments for each domain:
  == domain 1  score: 1.2 bits;  conditional E-value: 13
                      gvpv 59 eiakaeleaarlrqakrkpepl 80
                              eiak e+++     a+ + e+l
  nat_d4bbfd09a62903f1dd61 60 EIAKIEQAT-----AEGDIEDL 76
                              566666655.....33333333 PP

>> nat_7dbf168b0a730e9f7293  
   #    score  bias  c-Evalue  i-Evalue hmmfrom  hmm to    alifrom  ali to    envfrom  env to     acc
 ---   ------ ----- --------- --------- ------- -------    ------- -------    ------- -------    ----
   1 ?    1.3   0.0        12        35      52      92 ..      47      84 ..      40      92 .. 0.72

  Alignments for each domain:
  == domain 1  score: 1.3 bits;  conditional E-value: 12
                      gvpv 52 rLrqleteiakaeleaarlrqakrkpeplgDagtravgrat 92
                               ++ ++t i  +e+ +  ++q++  ++    +g ravg+  
  nat_7dbf168b0a730e9f7293 47 VIASVDTYIRYLEAMQRLDAQPAAVTTT---TGPRAVGQGI 84
                              5788999999999999888888877665...3446666665 PP

>> nat_943ce15fb7773fa3a769  
   #    score  bias  c-Evalue  i-Evalue hmmfrom  hmm to    alifrom  ali to    envfrom  env to     acc
 ---   ------ ----- --------- --------- ------- -------    ------- -------    ------- -------    ----
   1 ?    1.3   0.3        12        36      59      80 ..      60      76 ..      37      94 .] 0.53

  Alignments for each domain:
  == domain 1  score: 1.3 bits;  conditional E-value: 12
                      gvpv 59 eiakaeleaarlrqakrkpepl 80
                              eiak e+++     a+ + e+l
  nat_943ce15fb7773fa3a769 60 EIAKIEQAT-----AEGDIEDL 76
                              566666655.....33333333 PP

>> nat_1ffb716e986dbe270146  
   #    score  bias  c-Evalue  i-Evalue hmmfrom  hmm to    alifrom  ali to    envfrom  env to     acc
 ---   ------ ----- --------- --------- ------- -------    ------- -------    ------- -------    ----
   1 ?    1.6   2.2       9.5        28      39      64 ..      54      76 ..      19      83 .] 0.69

  Alignments for each domain:
  == domain 1  score: 1.6 bits;  conditional E-value: 9.5
                      gvpv 39 leaRlavlaslqerLrqleteiakae 64
                               e R    ++lq++L+  +++ + + 
  nat_1ffb716e986dbe270146 54 YERR---SEELQTQLDVANQAHETLS 76
                              3334...7788888887777655554 PP

>> nat_7c3fe835f2de28872203  
   #    score  bias  c-Evalue  i-Evalue hmmfrom  hmm to    alifrom  ali to    envfrom  env to     acc
 ---   ------ ----- --------- --------- ------- -------    ------- -------    ------- -------    ----
   1 ?    1.2   0.4        13        37      47      59 ..      97     109 ..      84     117 .] 0.57

  Alignments for each domain:
  == domain 1  score: 1.2 bits;  conditional E-value: 13
                      gvpv  47 aslqerLrqlete 59 
                               ++l++r r+le+e
  nat_7c3fe835f2de28872203  97 EQLRARVRELESE 109
                               3444444444444 PP

>> nat_d5d6f3cedb33fb3328b6  
   #    score  bias  c-Evalue  i-Evalue hmmfrom  hmm to    alifrom  ali to    envfrom  env to     acc
 ---   ------ ----- --------- --------- ------- -------    ------- -------    ------- -------    ----
   1 ?    1.3   0.2        12        35      59      79 ..      61      76 ..      39      95 .] 0.54

  Alignments for each domain:
  == domain 1  score: 1.3 bits;  conditional E-value: 12
                      gvpv 59 eiakaeleaarlrqakrkpep 79
                              eiak e+++     a+ + e+
  nat_d5d6f3cedb33fb3328b6 61 EIAKIEQAT-----AEGDLED 76
                              455555554.....2233333 PP

>> nat_edcfcd19baadeee00eaf  
   #    score  bias  c-Evalue  i-Evalue hmmfrom  hmm to    alifrom  ali to    envfrom  env to     acc
 ---   ------ ----- --------- --------- ------- -------    ------- -------    ------- -------    ----
   1 ?    1.2   0.3        13        37      59      78 ..      61      75 ..      38      95 .] 0.52

  Alignments for each domain:
  == domain 1  score: 1.2 bits;  conditional E-value: 13
                      gvpv 59 eiakaeleaarlrqakrkpe 78
                              eiak e+++     a  + e
  nat_edcfcd19baadeee00eaf 61 EIAKIEQAR-----ADGDME 75
                              566666655.....223333 PP

>> nat_d190f67f4075b2e1dcdb  
   #    score  bias  c-Evalue  i-Evalue hmmfrom  hmm to    alifrom  ali to    envfrom  env to     acc
 ---   ------ ----- --------- --------- ------- -------    ------- -------    ------- -------    ----
   1 ?    1.4   1.9        11        33      25      38 ..      54      67 ..      22      79 .. 0.69

  Alignments for each domain:
  == domain 1  score: 1.4 bits;  conditional E-value: 11
                      gvpv 25 LrsrrqrLqreleq 38
                               ++rr++L++ele 
  nat_d190f67f4075b2e1dcdb 54 YERRRAELEEELEI 67
                              34555555555544 PP

>> nat_d3b471aebb2636ab3f7c  
   #    score  bias  c-Evalue  i-Evalue hmmfrom  hmm to    alifrom  ali to    envfrom  env to     acc
 ---   ------ ----- --------- --------- ------- -------    ------- -------    ------- -------    ----
   1 ?    1.4   1.6        11        33      24      39 ..      53      68 ..      23      82 .. 0.74

  Alignments for each domain:
  == domain 1  score: 1.4 bits;  conditional E-value: 11
                      gvpv 24 eLrsrrqrLqreleql 39
                              e +++++rL++e e +
  nat_d3b471aebb2636ab3f7c 53 EYEREKERLEEEIEIA 68
                              4456777777776544 PP

>> nat_340bf83afc765d1b00fd  
   #    score  bias  c-Evalue  i-Evalue hmmfrom  hmm to    alifrom  ali to    envfrom  env to     acc
 ---   ------ ----- --------- --------- ------- -------    ------- -------    ------- -------    ----
   1 ?    1.5   0.1        10        30      51      67 ..      58      74 ..      37      78 .] 0.58

  Alignments for each domain:
  == domain 1  score: 1.5 bits;  conditional E-value: 10
                      gvpv 51 erLrqleteiakaelea 67
                              e+++++e++ ++ e+++
  nat_340bf83afc765d1b00fd 58 EEITRIEKAAEAIEEAQ 74
                              44445555444444444 PP

>> nat_d18c3f8a7743da7fc46c  
   #    score  bias  c-Evalue  i-Evalue hmmfrom  hmm to    alifrom  ali to    envfrom  env to     acc
 ---   ------ ----- --------- --------- ------- -------    ------- -------    ------- -------    ----
   1 ?    1.1   0.1        14        40      23      39 ..      86     102 ..      75     115 .. 0.65

  Alignments for each domain:
  == domain 1  score: 1.1 bits;  conditional E-value: 14
                      gvpv  23 aeLrsrrqrLqreleql 39 
                               +eL ++ +rL+ el ++
  nat_d18c3f8a7743da7fc46c  86 SELAEENTRLRAELAAV 102
                               45666666666666544 PP

>> nat_4d722634e257d2a7d133  
   #    score  bias  c-Evalue  i-Evalue hmmfrom  hmm to    alifrom  ali to    envfrom  env to     acc
 ---   ------ ----- --------- --------- ------- -------    ------- -------    ------- -------    ----
   1 ?    1.2   0.2        13        38      59      78 ..      61      75 ..      38      95 .] 0.54

  Alignments for each domain:
  == domain 1  score: 1.2 bits;  conditional E-value: 13
                      gvpv 59 eiakaeleaarlrqakrkpe 78
                              eiak e+++     a+ + +
  nat_4d722634e257d2a7d133 61 EIAKIEQAT-----AEGDLD 75
                              455555544.....222323 PP

>> nat_8c82fe5fea12885eaa10  
   #    score  bias  c-Evalue  i-Evalue hmmfrom  hmm to    alifrom  ali to    envfrom  env to     acc
 ---   ------ ----- --------- --------- ------- -------    ------- -------    ------- -------    ----
   1 ?    0.6   0.1        20        57      39      60 ..     187     208 ..     161     251 .. 0.58

  Alignments for each domain:
  == domain 1  score: 0.6 bits;  conditional E-value: 20
                      gvpv  39 leaRlavlaslqerLrqletei 60 
                                 +R a++++l erL+ l   +
  nat_8c82fe5fea12885eaa10 187 YGEREARVSDLVERLDPLIDRM 208
                               4556566666666665443333 PP

>> nat_e355a3cabd64b6b94474  
   #    score  bias  c-Evalue  i-Evalue hmmfrom  hmm to    alifrom  ali to    envfrom  env to     acc
 ---   ------ ----- --------- --------- ------- -------    ------- -------    ------- -------    ----
   1 ?    1.3   1.7        12        35      24      40 ..      53      69 ..      40      77 .. 0.77

  Alignments for each domain:
  == domain 1  score: 1.3 bits;  conditional E-value: 12
                      gvpv 24 eLrsrrqrLqreleqle 40
                              e r+r+++L+ ele ++
  nat_e355a3cabd64b6b94474 53 EYRRRKEELEAELETAR 69
                              66889999999998664 PP

>> nat_d9b388b924f7fb872e9a  
   #    score  bias  c-Evalue  i-Evalue hmmfrom  hmm to    alifrom  ali to    envfrom  env to     acc
 ---   ------ ----- --------- --------- ------- -------    ------- -------    ------- -------    ----
   1 ?    1.3   0.0        12        34      60      78 ..      63      80 ..      40      95 .. 0.51

  Alignments for each domain:
  == domain 1  score: 1.3 bits;  conditional E-value: 12
                      gvpv 60 iakaeleaarlrqakrkpe 78
                              ++++e+e ++ r +++++e
  nat_d9b388b924f7fb872e9a 63 MSHLEEEMEE-RAPAEQVE 80
                              3444444433.33333332 PP

>> nat_3beea3bf721df3e90ae2  
   #    score  bias  c-Evalue  i-Evalue hmmfrom  hmm to    alifrom  ali to    envfrom  env to     acc
 ---   ------ ----- --------- --------- ------- -------    ------- -------    ------- -------    ----
   1 ?    1.0   0.2        15        43      59      76 ..      60      72 ..      37      93 .. 0.56

  Alignments for each domain:
  == domain 1  score: 1.0 bits;  conditional E-value: 15
                      gvpv 59 eiakaeleaarlrqakrk 76
                              eiak e+++     a+ +
  nat_3beea3bf721df3e90ae2 60 EIAKIEQAT-----AEGD 72
                              566666665.....3333 PP

>> nat_f463633620130e740645  
   #    score  bias  c-Evalue  i-Evalue hmmfrom  hmm to    alifrom  ali to    envfrom  env to     acc
 ---   ------ ----- --------- --------- ------- -------    ------- -------    ------- -------    ----
   1 ?    1.2   0.5        13        37      24      40 ..      53      69 ..      40      79 .. 0.77

  Alignments for each domain:
  == domain 1  score: 1.2 bits;  conditional E-value: 13
                      gvpv 24 eLrsrrqrLqreleqle 40
                              e r r+++L+ +le ++
  nat_f463633620130e740645 53 EYRARKEELEADLELAR 69
                              56788999999988765 PP

>> nat_4cea385a8794a0b112c3  
   #    score  bias  c-Evalue  i-Evalue hmmfrom  hmm to    alifrom  ali to    envfrom  env to     acc
 ---   ------ ----- --------- --------- ------- -------    ------- -------    ------- -------    ----
   1 ?    1.3   0.1        12        36       7      26 ..      60      80 ..      30      93 .. 0.61

  Alignments for each domain:
  == domain 1  score: 1.3 bits;  conditional E-value: 12
                      gvpv  7 kisrltrqk.aselselaeLr 26
                               is++ + + + +l el+eL+
  nat_4cea385a8794a0b112c3 60 EISKIEQASaEGDLEELEELK 80
                              333333333333333333333 PP

>> nat_bf00fc1bb4a6bea076a5  
   #    score  bias  c-Evalue  i-Evalue hmmfrom  hmm to    alifrom  ali to    envfrom  env to     acc
 ---   ------ ----- --------- --------- ------- -------    ------- -------    ------- -------    ----
   1 ?    1.1   0.2        14        40      60      80 ..      62      77 ..      38      95 .] 0.52

  Alignments for each domain:
  == domain 1  score: 1.1 bits;  conditional E-value: 14
                      gvpv 60 iakaeleaarlrqakrkpepl 80
                              i+k e+++     a+ + e+l
  nat_bf00fc1bb4a6bea076a5 62 ISKIEQAT-----AEGDLEEL 77
                              33333333.....22222222 PP

>> nat_82e4660fb87f57daff30  
   #    score  bias  c-Evalue  i-Evalue hmmfrom  hmm to    alifrom  ali to    envfrom  env to     acc
 ---   ------ ----- --------- --------- ------- -------    ------- -------    ------- -------    ----
   1 ?    1.3   0.2        12        36      60      79 ..      62      76 ..      32      95 .] 0.56

  Alignments for each domain:
  == domain 1  score: 1.3 bits;  conditional E-value: 12
                      gvpv 60 iakaeleaarlrqakrkpep 79
                              i+k e+++     a+ + e+
  nat_82e4660fb87f57daff30 62 ISKIEQAT-----AEGDLEE 76
                              44444333.....2222222 PP

>> nat_fe2e069c7d192a9aa4be  
   #    score  bias  c-Evalue  i-Evalue hmmfrom  hmm to    alifrom  ali to    envfrom  env to     acc
 ---   ------ ----- --------- --------- ------- -------    ------- -------    ------- -------    ----
   1 ?    1.2   0.1        13        38      59      75 ..      59      70 ..      36      92 .] 0.55

  Alignments for each domain:
  == domain 1  score: 1.2 bits;  conditional E-value: 13
                      gvpv 59 eiakaeleaarlrqakr 75
                              eiak e+++     a+ 
  nat_fe2e069c7d192a9aa4be 59 EIAKIEQAT-----AEG 70
                              455555544.....222 PP

>> nat_8389675bf7368457eedd  
   #    score  bias  c-Evalue  i-Evalue hmmfrom  hmm to    alifrom  ali to    envfrom  env to     acc
 ---   ------ ----- --------- --------- ------- -------    ------- -------    ------- -------    ----
   1 ?    3.4   1.4       2.6       7.6      27      57 ..     220     247 ..     217     275 .. 0.74

  Alignments for each domain:
  == domain 1  score: 3.4 bits;  conditional E-value: 2.6
                      gvpv  27 srrqrLqreleqleaRlavlaslqerLrqle 57 
                               ++ +r++ +++ +++R   ++ l + L++ e
  nat_8389675bf7368457eedd 220 EEQDRILSDVDEARSR---QMRLGQALAAAE 247
                               5677777777777777...666666666544 PP

>> nat_fa2383cbfbff83286c61  
   #    score  bias  c-Evalue  i-Evalue hmmfrom  hmm to    alifrom  ali to    envfrom  env to     acc
 ---   ------ ----- --------- --------- ------- -------    ------- -------    ------- -------    ----
   1 ?    1.0   0.6        15        43      57      62 ..      71      76 ..      39      95 .. 0.54

  Alignments for each domain:
  == domain 1  score: 1.0 bits;  conditional E-value: 15
                      gvpv 57 eteiak 62
                              e ++++
  nat_fa2383cbfbff83286c61 71 EGDLEE 76
                              222222 PP

>> nat_b2c27e09d74473b0ebc2  
   #    score  bias  c-Evalue  i-Evalue hmmfrom  hmm to    alifrom  ali to    envfrom  env to     acc
 ---   ------ ----- --------- --------- ------- -------    ------- -------    ------- -------    ----
   1 ?    1.2   1.2        13        38      24      40 ..      53      69 ..      40      81 .. 0.72

  Alignments for each domain:
  == domain 1  score: 1.2 bits;  conditional E-value: 13
                      gvpv 24 eLrsrrqrLqreleqle 40
                              + r+r+++L+ ele ++
  nat_b2c27e09d74473b0ebc2 53 KYRRRKAELEDELEIAR 69
                              55778888888886554 PP

>> nat_7bdcd34808440e398074  
   #    score  bias  c-Evalue  i-Evalue hmmfrom  hmm to    alifrom  ali to    envfrom  env to     acc
 ---   ------ ----- --------- --------- ------- -------    ------- -------    ------- -------    ----
   1 ?    0.7   0.8        18        53      66      98 ..     103     133 ..      93     142 .. 0.63

  Alignments for each domain:
  == domain 1  score: 0.7 bits;  conditional E-value: 18
                      gvpv  66 eaarlrqakrkpeplgDagtravgratssrfpp 98 
                               + +  ++a ++ + ++D g     ++++sr ++
  nat_7bdcd34808440e398074 103 AVEGIKDALTSDDSDDDSG--ESSSQEKSRRRT 133
                               5556667777777777777..444444444444 PP

>> nat_5db4f89b8985994be8c6  
   #    score  bias  c-Evalue  i-Evalue hmmfrom  hmm to    alifrom  ali to    envfrom  env to     acc
 ---   ------ ----- --------- --------- ------- -------    ------- -------    ------- -------    ----
   1 ?    0.7   0.8        18        54      66      98 ..     103     133 ..      93     142 .. 0.62

  Alignments for each domain:
  == domain 1  score: 0.7 bits;  conditional E-value: 18
                      gvpv  66 eaarlrqakrkpeplgDagtravgratssrfpp 98 
                               + +  ++a ++ + ++D g     ++++sr ++
  nat_5db4f89b8985994be8c6 103 AVEGIKDALTSDDSDDDSG--ESSSQEKSRRRT 133
                               5556667777777777777..444444444443 PP

>> nat_d8886baa75cb39b8df27  
   #    score  bias  c-Evalue  i-Evalue hmmfrom  hmm to    alifrom  ali to    envfrom  env to     acc
 ---   ------ ----- --------- --------- ------- -------    ------- -------    ------- -------    ----
   1 ?    1.0   2.0        15        43      17      42 ..      25      49 ..      15      79 .. 0.61

  Alignments for each domain:
  == domain 1  score: 1.0 bits;  conditional E-value: 15
                      gvpv 17 selselaeLrsrrqrLqreleqleaR 42
                              +el ++++L+++r++ +r l+ l +R
  nat_d8886baa75cb39b8df27 25 QELYDVEALEDERKE-NRLLYELGER 49
                              567788888888875.4555555666 PP

>> nat_64863b5b8a6b08db9fd7  
   #    score  bias  c-Evalue  i-Evalue hmmfrom  hmm to    alifrom  ali to    envfrom  env to     acc
 ---   ------ ----- --------- --------- ------- -------    ------- -------    ------- -------    ----
   1 ?    1.0   0.2        15        43      59      75 ..      61      72 ..      38      94 .] 0.53

  Alignments for each domain:
  == domain 1  score: 1.0 bits;  conditional E-value: 15
                      gvpv 59 eiakaeleaarlrqakr 75
                              eiak e+++     a  
  nat_64863b5b8a6b08db9fd7 61 EIAKIEKAT-----ADG 72
                              555555555.....223 PP

>> nat_4e9e86277af05dbd050d  
   #    score  bias  c-Evalue  i-Evalue hmmfrom  hmm to    alifrom  ali to    envfrom  env to     acc
 ---   ------ ----- --------- --------- ------- -------    ------- -------    ------- -------    ----
   1 ?    0.9   0.2        16        46      77      78 ..      73      74 ..      38      94 .] 0.53

  Alignments for each domain:
  == domain 1  score: 0.9 bits;  conditional E-value: 16
                      gvpv 77 pe 78
                               e
  nat_4e9e86277af05dbd050d 73 LE 74
                              22 PP

>> nat_d07d112598796fe30d76  
   #    score  bias  c-Evalue  i-Evalue hmmfrom  hmm to    alifrom  ali to    envfrom  env to     acc
 ---   ------ ----- --------- --------- ------- -------    ------- -------    ------- -------    ----
   1 ?    0.8   0.1        17        50      59      74 ..      61      71 ..      39      94 .. 0.56

  Alignments for each domain:
  == domain 1  score: 0.8 bits;  conditional E-value: 17
                      gvpv 59 eiakaeleaarlrqak 74
                              eiak e+++     a 
  nat_d07d112598796fe30d76 61 EIAKIEQAT-----AD 71
                              555555555.....22 PP

>> nat_b777f719d06f5568d601  
   #    score  bias  c-Evalue  i-Evalue hmmfrom  hmm to    alifrom  ali to    envfrom  env to     acc
 ---   ------ ----- --------- --------- ------- -------    ------- -------    ------- -------    ----
   1 ?    1.0   0.3        15        43      46      77 ..     101     132 ..      78     145 .] 0.54

  Alignments for each domain:
  == domain 1  score: 1.0 bits;  conditional E-value: 15
                      gvpv  46 laslqerLrqleteiakaeleaarlrqakrkp 77 
                               l+ ++e+  +l    + +e+e++ + +++++p
  nat_b777f719d06f5568d601 101 LEGVKEKVSDLVGGGDDEEDEEEPEEEPEQRP 132
                               66666666666555555555553333333332 PP

>> nat_22b97f35b905826c7d19  
   #    score  bias  c-Evalue  i-Evalue hmmfrom  hmm to    alifrom  ali to    envfrom  env to     acc
 ---   ------ ----- --------- --------- ------- -------    ------- -------    ------- -------    ----
   1 ?    1.0   2.9        15        43      24      40 ..      53      69 ..      14      75 .. 0.77

  Alignments for each domain:
  == domain 1  score: 1.0 bits;  conditional E-value: 15
                      gvpv 24 eLrsrrqrLqreleqle 40
                              e ++rr++L+ ele+++
  nat_22b97f35b905826c7d19 53 EYERRREELEAELEAAR 69
                              55678888888887765 PP

>> nat_6b2c0d4d7468a9bb7cde  
   #    score  bias  c-Evalue  i-Evalue hmmfrom  hmm to    alifrom  ali to    envfrom  env to     acc
 ---   ------ ----- --------- --------- ------- -------    ------- -------    ------- -------    ----
   1 ?    0.8   0.2        18        52      59      67 ..      61      69 ..      38      93 .. 0.55

  Alignments for each domain:
  == domain 1  score: 0.8 bits;  conditional E-value: 18
                      gvpv 59 eiakaelea 67
                              eiak e+++
  nat_6b2c0d4d7468a9bb7cde 61 EIAKIEQAT 69
                              444444444 PP

>> nat_868cd976b7dd6f5d055d  
   #    score  bias  c-Evalue  i-Evalue hmmfrom  hmm to    alifrom  ali to    envfrom  env to     acc
 ---   ------ ----- --------- --------- ------- -------    ------- -------    ------- -------    ----
   1 ?    0.9   0.7        16        46      24      39 ..      53      68 ..      46      77 .. 0.78

  Alignments for each domain:
  == domain 1  score: 0.9 bits;  conditional E-value: 16
                      gvpv 24 eLrsrrqrLqreleql 39
                              e r+r+++L+ ele +
  nat_868cd976b7dd6f5d055d 53 EYRRRKEELEAELEIA 68
                              5678999999998755 PP

>> nat_a31bf6961511d9b2e5db  
   #    score  bias  c-Evalue  i-Evalue hmmfrom  hmm to    alifrom  ali to    envfrom  env to     acc
 ---   ------ ----- --------- --------- ------- -------    ------- -------    ------- -------    ----
   1 ?    1.0   1.8        15        43      21      61 ..      29      66 ..      18      82 .. 0.52

  Alignments for each domain:
  == domain 1  score: 1.0 bits;  conditional E-value: 15
                      gvpv 21 elaeLrsrrqrLqreleqleaR.....lavlaslqerLrqleteia 61
                              +l+ L+++r++ ++ l+ l +R     l +        ++le+ei+
  nat_a31bf6961511d9b2e5db 29 DLEGLEDERKE-NQLLYELGERseseyLERK-------EALEEEIE 66
                              55555666655.4555556666332222223.......33333333 PP

>> nat_e68c2635df884c45a501  
   #    score  bias  c-Evalue  i-Evalue hmmfrom  hmm to    alifrom  ali to    envfrom  env to     acc
 ---   ------ ----- --------- --------- ------- -------    ------- -------    ------- -------    ----
   1 ?    1.1   1.8        14        41      34      65 ..      41      70 ..      16      81 .. 0.58

  Alignments for each domain:
  == domain 1  score: 1.1 bits;  conditional E-value: 14
                      gvpv 34 releqleaRlavlaslqerLrqleteiakael 65
                              + l+ l +R    a+ +er +++e+ei+ a +
  nat_e68c2635df884c45a501 41 QLLYELGER--SEAEYRERKAEIEAEIEIARD 70
                              455555666..345556666666666655544 PP

>> nat_d73c23b69cd9d76397d0  
   #    score  bias  c-Evalue  i-Evalue hmmfrom  hmm to    alifrom  ali to    envfrom  env to     acc
 ---   ------ ----- --------- --------- ------- -------    ------- -------    ------- -------    ----
   1 ?    1.1   1.1        14        41      18      44 ..      18      41 ..       1      81 [. 0.52

  Alignments for each domain:
  == domain 1  score: 1.1 bits;  conditional E-value: 14
                      gvpv 18 elselaeLrsrrqrLqreleqleaRla 44
                              +++ la L+  + +L r+l   ++R+a
  nat_d73c23b69cd9d76397d0 18 VERGLARLVLSLVELIRQL---MERQA 41
                              5555555555555554444...22222 PP

>> nat_dfc6d9c3df75d03c2479  
   #    score  bias  c-Evalue  i-Evalue hmmfrom  hmm to    alifrom  ali to    envfrom  env to     acc
 ---   ------ ----- --------- --------- ------- -------    ------- -------    ------- -------    ----
   1 ?    1.2   2.7        13        39      19      41 ..      55      77 ..      37      83 .] 0.55

  Alignments for each domain:
  == domain 1  score: 1.2 bits;  conditional E-value: 13
                      gvpv 19 lselaeLrsrrqrLqreleqlea 41
                              ++  +eL+ +++  q+  eq++ 
  nat_dfc6d9c3df75d03c2479 55 QRRKQELEIQLELAQQIQEQMRG 77
                              33334444444444444444444 PP

>> nat_5d40201e59780a4578e1  
   #    score  bias  c-Evalue  i-Evalue hmmfrom  hmm to    alifrom  ali to    envfrom  env to     acc
 ---   ------ ----- --------- --------- ------- -------    ------- -------    ------- -------    ----
   1 ?    0.9   0.1        17        48      58      76 ..      60      73 ..      39      94 .. 0.59

  Alignments for each domain:
  == domain 1  score: 0.9 bits;  conditional E-value: 17
                      gvpv 58 teiakaeleaarlrqakrk 76
                              +eiak e+++     a+ +
  nat_5d40201e59780a4578e1 60 EEIAKIEQAT-----AEGN 73
                              3566666666.....3333 PP

>> nat_af29a9c134c8c13c12cf  
   #    score  bias  c-Evalue  i-Evalue hmmfrom  hmm to    alifrom  ali to    envfrom  env to     acc
 ---   ------ ----- --------- --------- ------- -------    ------- -------    ------- -------    ----
   1 ?    1.0   2.8        15        45      24      62 ..      32      67 ..      18      81 .. 0.55

  Alignments for each domain:
  == domain 1  score: 1.0 bits;  conditional E-value: 15
                      gvpv 24 eLrsrrqrLqreleqleaRlavlaslqerLrqleteiak 62
                              +L++++++ ++ l+ l +R    a+ q+r ++le+e++ 
  nat_af29a9c134c8c13c12cf 32 ALEDELKE-NQLLYELGER--SEAEYQRRKEELEAELEI 67
                              55555554.4455555555..234444444444444443 PP

>> nat_9de3a1c74219c52c041e  
   #    score  bias  c-Evalue  i-Evalue hmmfrom  hmm to    alifrom  ali to    envfrom  env to     acc
 ---   ------ ----- --------- --------- ------- -------    ------- -------    ------- -------    ----
   1 ?    0.7   0.2        19        55      21      40 ..      87     106 ..      79     108 .. 0.66

  Alignments for each domain:
  == domain 1  score: 0.7 bits;  conditional E-value: 19
                      gvpv  21 elaeLrsrrqrLqreleqle 40 
                               + +eL ++  +L++++eqle
  nat_9de3a1c74219c52c041e  87 DAKELADENRKLRERVEQLE 106
                               55667777777777766654 PP

>> nat_d3c36edb3c6b427867e3  
   #    score  bias  c-Evalue  i-Evalue hmmfrom  hmm to    alifrom  ali to    envfrom  env to     acc
 ---   ------ ----- --------- --------- ------- -------    ------- -------    ------- -------    ----
   1 ?    0.5   1.5        21        61      61      84 ..     119     142 ..     102     157 .. 0.46

  Alignments for each domain:
  == domain 1  score: 0.5 bits;  conditional E-value: 21
                      gvpv  61 akaeleaarlrqakrkpeplgDag 84 
                               +   +++++  + +++ ep+++a 
  nat_d3c36edb3c6b427867e3 119 SGKSAKQEEPEEEEPEAEPEEEAA 142
                               444444433222222222222222 PP

>> nat_82589630f5ae2d3f307c  
   #    score  bias  c-Evalue  i-Evalue hmmfrom  hmm to    alifrom  ali to    envfrom  env to     acc
 ---   ------ ----- --------- --------- ------- -------    ------- -------    ------- -------    ----
   1 ?    1.0   0.1        15        45      47      62 ..      44      59 ..      20      83 .. 0.56

  Alignments for each domain:
  == domain 1  score: 1.0 bits;  conditional E-value: 15
                      gvpv 47 aslqerLrqleteiak 62
                              ++ q+rL +   e+++
  nat_82589630f5ae2d3f307c 44 EEEQNRLGEALMELDE 59
                              3333333333333332 PP

>> nat_27cf1e5aac6ec3dd931d  
   #    score  bias  c-Evalue  i-Evalue hmmfrom  hmm to    alifrom  ali to    envfrom  env to     acc
 ---   ------ ----- --------- --------- ------- -------    ------- -------    ------- -------    ----
   1 ?    1.0   0.1        15        45      59      69 ..      57      67 ..      35      75 .. 0.57

  Alignments for each domain:
  == domain 1  score: 1.0 bits;  conditional E-value: 15
                      gvpv 59 eiakaeleaar 69
                              eiak e+++  
  nat_27cf1e5aac6ec3dd931d 57 EIAKIEQAELT 67
                              56666665522 PP

>> nat_0ae199fc6d044a2da135  
   #    score  bias  c-Evalue  i-Evalue hmmfrom  hmm to    alifrom  ali to    envfrom  env to     acc
 ---   ------ ----- --------- --------- ------- -------    ------- -------    ------- -------    ----
   1 ?    0.8   0.1        18        52      60      80 ..      62      77 ..      39      95 .] 0.53

  Alignments for each domain:
  == domain 1  score: 0.8 bits;  conditional E-value: 18
                      gvpv 60 iakaeleaarlrqakrkpepl 80
                              i+k e+++     a+ + ++l
  nat_0ae199fc6d044a2da135 62 ISKIEQAT-----AEGDLDDL 77
                              44444444.....22333332 PP

>> nat_4b12dfb542826f087a7e  
   #    score  bias  c-Evalue  i-Evalue hmmfrom  hmm to    alifrom  ali to    envfrom  env to     acc
 ---   ------ ----- --------- --------- ------- -------    ------- -------    ------- -------    ----
   1 ?    0.7   1.0        19        55      70      92 ..     103     125 ..      63     148 .. 0.67

  Alignments for each domain:
  == domain 1  score: 0.7 bits;  conditional E-value: 19
                      gvpv  70 lrqakrkpeplgDagtravgrat 92 
                               l+ a++++++ +Dagt ++ +++
  nat_4b12dfb542826f087a7e 103 LSGAAEAVKDTPDAGTGSQEDES 125
                               55666666666777754444433 PP

>> nat_dca06c4ca76aafac96e9  
   #    score  bias  c-Evalue  i-Evalue hmmfrom  hmm to    alifrom  ali to    envfrom  env to     acc
 ---   ------ ----- --------- --------- ------- -------    ------- -------    ------- -------    ----
   1 ?    0.9   0.0        16        47      59      89 ..      61      84 ..      32      96 .. 0.59

  Alignments for each domain:
  == domain 1  score: 0.9 bits;  conditional E-value: 16
                      gvpv 59 eiakaeleaarlrqakrkpeplgDagtravg 89
                              eiak e+++     a+ + e+l++     ++
  nat_dca06c4ca76aafac96e9 61 EIAKIERAT-----AEGDLEDLEELD--VET 84
                              455555555.....444444444444..444 PP

>> nat_5862b03f358ba80678c2  
   #    score  bias  c-Evalue  i-Evalue hmmfrom  hmm to    alifrom  ali to    envfrom  env to     acc
 ---   ------ ----- --------- --------- ------- -------    ------- -------    ------- -------    ----
   1 ?    0.8   3.3        17        51      35      61 ..      42      66 ..      17      80 .. 0.54

  Alignments for each domain:
  == domain 1  score: 0.8 bits;  conditional E-value: 17
                      gvpv 35 eleqleaRlavlaslqerLrqleteia 61
                               l+ l +R    a+ q+r ++le+e++
  nat_5862b03f358ba80678c2 42 LLYELGER--SEAEYQRRKAELEEELE 66
                              44455555..23344444444444443 PP

>> nat_eea50b6e1902af9b049c  
   [No individual domains that satisfy reporting thresholds (although complete target did)]

>> nat_b9a3d3a346b0bcc296b5  
   #    score  bias  c-Evalue  i-Evalue hmmfrom  hmm to    alifrom  ali to    envfrom  env to     acc
 ---   ------ ----- --------- --------- ------- -------    ------- -------    ------- -------    ----
   1 ?    0.5   0.4        22        64      25      38 ..      54      67 ..      36      77 .. 0.68

  Alignments for each domain:
  == domain 1  score: 0.5 bits;  conditional E-value: 22
                      gvpv 25 LrsrrqrLqreleq 38
                               r+r++ L+ +le 
  nat_b9a3d3a346b0bcc296b5 54 YRERKEALETDLEI 67
                              45666666666654 PP

>> nat_2cbea2021b2dcea14377  
   #    score  bias  c-Evalue  i-Evalue hmmfrom  hmm to    alifrom  ali to    envfrom  env to     acc
 ---   ------ ----- --------- --------- ------- -------    ------- -------    ------- -------    ----
   1 ?    0.4   0.7        24        69      73      87 ..     127     143 ..     105     158 .. 0.52

  Alignments for each domain:
  == domain 1  score: 0.4 bits;  conditional E-value: 24
                      gvpv  73 akrkpeplgDag..tra 87 
                                ++++++++D+g  +++
  nat_2cbea2021b2dcea14377 127 GETEEAEEEDEGkeKEP 143
                               33444444455521222 PP

>> nat_3b38714f6cbc7137424f  
   #    score  bias  c-Evalue  i-Evalue hmmfrom  hmm to    alifrom  ali to    envfrom  env to     acc
 ---   ------ ----- --------- --------- ------- -------    ------- -------    ------- -------    ----
   1 ?    0.2   0.2        26        77      65      84 ..      28      48 ..       7      61 .. 0.61

  Alignments for each domain:
  == domain 1  score: 0.2 bits;  conditional E-value: 26
                      gvpv 65 leaarlrqakrkp.eplgDag 84
                              ++++ +r+a+ +  e +gD +
  nat_3b38714f6cbc7137424f 28 AKKELARTAAANArERDGDSP 48
                              333334444333315567766 PP

>> nat_351862cb01754fd1ab98  
   #    score  bias  c-Evalue  i-Evalue hmmfrom  hmm to    alifrom  ali to    envfrom  env to     acc
 ---   ------ ----- --------- --------- ------- -------    ------- -------    ------- -------    ----
   1 ?    0.8   0.0        18        51      79      97 ..      69      87 ..      41      88 .] 0.71

  Alignments for each domain:
  == domain 1  score: 0.8 bits;  conditional E-value: 18
                      gvpv 79 plgDagtravgratssrfp 97
                              +++  +++++ r++s+rf+
  nat_351862cb01754fd1ab98 69 EENGLPEQQNERSQSPRFS 87
                              3455556777777887775 PP

>> nat_edc787924d6392f7c1f5  
   #    score  bias  c-Evalue  i-Evalue hmmfrom  hmm to    alifrom  ali to    envfrom  env to     acc
 ---   ------ ----- --------- --------- ------- -------    ------- -------    ------- -------    ----
   1 ?    0.6   0.2        20        60      60      73 ..      61      69 ..      37      93 .. 0.55

  Alignments for each domain:
  == domain 1  score: 0.6 bits;  conditional E-value: 20
                      gvpv 60 iakaeleaarlrqa 73
                              i+k e+++     a
  nat_edc787924d6392f7c1f5 61 ISKIEQAT-----A 69
                              44444333.....2 PP

>> nat_b4205fc26537087a80e8  
   [No individual domains that satisfy reporting thresholds (although complete target did)]

>> nat_73e0b5aa88a198c56cae  
   #    score  bias  c-Evalue  i-Evalue hmmfrom  hmm to    alifrom  ali to    envfrom  env to     acc
 ---   ------ ----- --------- --------- ------- -------    ------- -------    ------- -------    ----
   1 ?    0.9   0.0        16        48      59      73 ..      59      68 ..      30      87 .] 0.64

  Alignments for each domain:
  == domain 1  score: 0.9 bits;  conditional E-value: 16
                      gvpv 59 eiakaeleaarlrqa 73
                              eiak e+++     a
  nat_73e0b5aa88a198c56cae 59 EIAKIEQAT-----A 68
                              566666555.....2 PP

>> nat_00058845722df3ede422  
   #    score  bias  c-Evalue  i-Evalue hmmfrom  hmm to    alifrom  ali to    envfrom  env to     acc
 ---   ------ ----- --------- --------- ------- -------    ------- -------    ------- -------    ----
   1 ?    0.5   0.2        22        64      59      74 ..      60      70 ..      37      93 .. 0.55

  Alignments for each domain:
  == domain 1  score: 0.5 bits;  conditional E-value: 22
                      gvpv 59 eiakaeleaarlrqak 74
                              ei+k e+++     a+
  nat_00058845722df3ede422 60 EISKIEQAT-----AE 70
                              444444444.....22 PP

>> nat_833a1708482ad34125e2  
   #    score  bias  c-Evalue  i-Evalue hmmfrom  hmm to    alifrom  ali to    envfrom  env to     acc
 ---   ------ ----- --------- --------- ------- -------    ------- -------    ------- -------    ----
   1 ?    0.5   0.3        22        63      78      79 ..      75      76 ..      39      97 .. 0.55

  Alignments for each domain:
  == domain 1  score: 0.5 bits;  conditional E-value: 22
                      gvpv 78 ep 79
                              e+
  nat_833a1708482ad34125e2 75 ED 76
                              22 PP

>> nat_8bb53690eb425655a7a8  
   #    score  bias  c-Evalue  i-Evalue hmmfrom  hmm to    alifrom  ali to    envfrom  env to     acc
 ---   ------ ----- --------- --------- ------- -------    ------- -------    ------- -------    ----
   1 ?    0.2   0.4        27        80      59      76 ..     115     132 ..      95     144 .. 0.70

  Alignments for each domain:
  == domain 1  score: 0.2 bits;  conditional E-value: 27
                      gvpv  59 eiakaeleaarlrqakrk 76 
                               + +++e+e+ r+r+++r+
  nat_8bb53690eb425655a7a8 115 DKDEREEERPRRRTPARS 132
                               556777777677777665 PP

>> nat_b924ca0fc25dc601d2bb  
   #    score  bias  c-Evalue  i-Evalue hmmfrom  hmm to    alifrom  ali to    envfrom  env to     acc
 ---   ------ ----- --------- --------- ------- -------    ------- -------    ------- -------    ----
   1 ?    0.0   0.1        31        89      81      95 ..      82      96 ..      65     111 .. 0.65

  Alignments for each domain:
  == domain 1  score: 0.0 bits;  conditional E-value: 31
                      gvpv 81 gDagtravgratssr 95
                              gDa++ra+ +  s +
  nat_b924ca0fc25dc601d2bb 82 GDAPRRAESQPASES 96
                              666666666655554 PP

>> nat_b14dbbd56a14a6238029  
   #    score  bias  c-Evalue  i-Evalue hmmfrom  hmm to    alifrom  ali to    envfrom  env to     acc
 ---   ------ ----- --------- --------- ------- -------    ------- -------    ------- -------    ----
   1 ?    0.5   0.2        22        64      60      73 ..      61      69 ..      37      92 .. 0.56

  Alignments for each domain:
  == domain 1  score: 0.5 bits;  conditional E-value: 22
                      gvpv 60 iakaeleaarlrqa 73
                              i+k e+++     a
  nat_b14dbbd56a14a6238029 61 ISKIEQAT-----A 69
                              44444433.....2 PP

>> nat_c22ec0560f03a826fc2e  
   #    score  bias  c-Evalue  i-Evalue hmmfrom  hmm to    alifrom  ali to    envfrom  env to     acc
 ---   ------ ----- --------- --------- ------- -------    ------- -------    ------- -------    ----
   1 ?    0.1   1.8        29        83      74      89 ..      84      99 ..      65     111 .. 0.42

  Alignments for each domain:
  == domain 1  score: 0.1 bits;  conditional E-value: 29
                      gvpv 74 krkpeplgDagtravg 89
                              +++pe++ +a++++v 
  nat_c22ec0560f03a826fc2e 84 QPSPEDPKEAPHQSVN 99
                              2223333333322222 PP

>> nat_2d8e972f7b8e0b149992  
   [No individual domains that satisfy reporting thresholds (although complete target did)]

>> nat_64b87c36790fe3acd4ba  
   #    score  bias  c-Evalue  i-Evalue hmmfrom  hmm to    alifrom  ali to    envfrom  env to     acc
 ---   ------ ----- --------- --------- ------- -------    ------- -------    ------- -------    ----
   1 ?    0.5   0.2        22        64      59      74 ..      60      70 ..      37      93 .. 0.55

  Alignments for each domain:
  == domain 1  score: 0.5 bits;  conditional E-value: 22
                      gvpv 59 eiakaeleaarlrqak 74
                              ei+k e+++     a+
  nat_64b87c36790fe3acd4ba 60 EISKIEQAT-----AE 70
                              444444444.....22 PP

>> nat_549f36d80bd165ad0855  
   #    score  bias  c-Evalue  i-Evalue hmmfrom  hmm to    alifrom  ali to    envfrom  env to     acc
 ---   ------ ----- --------- --------- ------- -------    ------- -------    ------- -------    ----
   1 ?    0.2   0.1        27        78      29      56 ..      95     105 ..      80     108 .. 0.56

  Alignments for each domain:
  == domain 1  score: 0.2 bits;  conditional E-value: 27
                      gvpv  29 rqrLqreleqleaRlavlaslqerLrql 56 
                                                  +l++rL+++
  nat_549f36d80bd165ad0855  95 NR-----------------QLRRRLEEV 105
                               33.................444444444 PP

>> nat_0aef17ff33a56ad243d6  
   #    score  bias  c-Evalue  i-Evalue hmmfrom  hmm to    alifrom  ali to    envfrom  env to     acc
 ---   ------ ----- --------- --------- ------- -------    ------- -------    ------- -------    ----
   1 ?    0.7   1.2        19        55      25      40 ..      54      69 ..      43      80 .. 0.71

  Alignments for each domain:
  == domain 1  score: 0.7 bits;  conditional E-value: 19
                      gvpv 25 LrsrrqrLqreleqle 40
                               r+r+++L+ e e ++
  nat_0aef17ff33a56ad243d6 54 YRRRKEELEAEIETAR 69
                              5677777777776554 PP

>> nat_833997551203b7f90ae0  
   #    score  bias  c-Evalue  i-Evalue hmmfrom  hmm to    alifrom  ali to    envfrom  env to     acc
 ---   ------ ----- --------- --------- ------- -------    ------- -------    ------- -------    ----
   1 ?    0.1   0.8        29        83      63      90 ..     126     150 ..     107     157 .. 0.52

  Alignments for each domain:
  == domain 1  score: 0.1 bits;  conditional E-value: 29
                      gvpv  63 aeleaarlrqakrkpeplgDagtravgr 90 
                               +e+ea+++ +ak+k ep   + +r + r
  nat_833997551203b7f90ae0 126 EEEEAEEEDEAKEK-EPV--ERRRRPAR 150
                               55555555555555.321..12233344 PP

>> nat_c9bd062078459f510060  
   #    score  bias  c-Evalue  i-Evalue hmmfrom  hmm to    alifrom  ali to    envfrom  env to     acc
 ---   ------ ----- --------- --------- ------- -------    ------- -------    ------- -------    ----
   1 ?    0.6   0.0        20        58      40      77 ..      43      80 ..      33      87 .] 0.71

  Alignments for each domain:
  == domain 1  score: 0.6 bits;  conditional E-value: 20
                      gvpv 40 eaRlavlaslqerLrqlet.eiakaeleaarlrqakrkp 77
                              eaR  v+as+++ Lr  e+  +++ e +++++ ++kr  
  nat_c9bd062078459f510060 43 EAR-VVIASVDTWLRYAEAvGLLRDEYQNENEEKPKRGL 80
                              666.57777777777777634778888888888888765 PP

>> nat_55b02474c0fab1efb3b4  
   #    score  bias  c-Evalue  i-Evalue hmmfrom  hmm to    alifrom  ali to    envfrom  env to     acc
 ---   ------ ----- --------- --------- ------- -------    ------- -------    ------- -------    ----
   1 ?    0.8   1.4        18        52      23      37 ..      52      66 ..      19      78 .. 0.62

  Alignments for each domain:
  == domain 1  score: 0.8 bits;  conditional E-value: 18
                      gvpv 23 aeLrsrrqrLqrele 37
                              +e ++r++++++ele
  nat_55b02474c0fab1efb3b4 52 EEYERRKAEIEEELE 66
                              333444444444444 PP

>> nat_9fafac92a5d42b5a3892  
   #    score  bias  c-Evalue  i-Evalue hmmfrom  hmm to    alifrom  ali to    envfrom  env to     acc
 ---   ------ ----- --------- --------- ------- -------    ------- -------    ------- -------    ----
   1 ?    0.7   1.9        19        55      24      38 ..      53      67 ..      16      81 .. 0.67

  Alignments for each domain:
  == domain 1  score: 0.7 bits;  conditional E-value: 19
                      gvpv 24 eLrsrrqrLqreleq 38
                              e r+r+++L++e e 
  nat_9fafac92a5d42b5a3892 53 EYRRRKEELEEEIEI 67
                              334555555555543 PP

>> nat_60c3f8137e62060fbc73  
   #    score  bias  c-Evalue  i-Evalue hmmfrom  hmm to    alifrom  ali to    envfrom  env to     acc
 ---   ------ ----- --------- --------- ------- -------    ------- -------    ------- -------    ----
   1 ?    0.2   1.3        26        75      34      67 ..     178     212 ..     159     225 .. 0.74

  Alignments for each domain:
  == domain 1  score: 0.2 bits;  conditional E-value: 26
                      gvpv  34 releqleaR.lavlaslqerLrqleteiakaelea 67 
                               r +e+ +aR  a+ ++l +  + + t++a++ +++
  nat_60c3f8137e62060fbc73 178 RLAERRRARrSALASDLSAAVEPVATQVASQDTTT 212
                               45666666657777888888888888888888777 PP

>> nat_2257aec2c4abeff42ec4  
   #    score  bias  c-Evalue  i-Evalue hmmfrom  hmm to    alifrom  ali to    envfrom  env to     acc
 ---   ------ ----- --------- --------- ------- -------    ------- -------    ------- -------    ----
   1 ?    0.4   0.1        23        67      60      61 ..      77      78 ..      40      97 .] 0.62

  Alignments for each domain:
  == domain 1  score: 0.4 bits;  conditional E-value: 23
                      gvpv 60 ia 61
                              i+
  nat_2257aec2c4abeff42ec4 77 IE 78
                              22 PP

>> nat_bf33b68f47e85cfde16e  
   [No individual domains that satisfy reporting thresholds (although complete target did)]

>> nat_e40d3b614313d5e855db  
   #    score  bias  c-Evalue  i-Evalue hmmfrom  hmm to    alifrom  ali to    envfrom  env to     acc
 ---   ------ ----- --------- --------- ------- -------    ------- -------    ------- -------    ----
   1 ?    0.1   4.1        29        85      24      64 ..      53      69 ..      17      76 .. 0.53

  Alignments for each domain:
  == domain 1  score: 0.1 bits;  conditional E-value: 29
                      gvpv 24 eLrsrrqrLqreleqleaRlavlaslqerLrqleteiakae 64
                              e ++r+++L++ele                         ae
  nat_e40d3b614313d5e855db 53 EYERRKEELEEELEL------------------------AE 69
                              333444455555444........................43 PP

>> nat_719ddebd2b5b980d36ce  
   #    score  bias  c-Evalue  i-Evalue hmmfrom  hmm to    alifrom  ali to    envfrom  env to     acc
 ---   ------ ----- --------- --------- ------- -------    ------- -------    ------- -------    ----
   1 ?    0.4   1.2        23        66      46      63 ..      47      64 ..      23      83 .. 0.56

  Alignments for each domain:
  == domain 1  score: 0.4 bits;  conditional E-value: 23
                      gvpv 46 laslqerLrqleteiaka 63
                              ++ l + L +le++++++
  nat_719ddebd2b5b980d36ce 47 QERLGNALLELEEALEEL 64
                              222333333444444443 PP

>> nat_0d23f52cf0ddbd815d88  
   #    score  bias  c-Evalue  i-Evalue hmmfrom  hmm to    alifrom  ali to    envfrom  env to     acc
 ---   ------ ----- --------- --------- ------- -------    ------- -------    ------- -------    ----
   1 ?    0.7   1.3        19        55      13      43 ..      31      58 ..      20      92 .. 0.71

  Alignments for each domain:
  == domain 1  score: 0.7 bits;  conditional E-value: 19
                      gvpv 13 rqkaselselaeLrsrrqrLqreleqleaRl 43
                                  +++++l +L+  + +L+r+l   ++R 
  nat_0d23f52cf0ddbd815d88 31 TDPDTVERDLMKLVLTLVELLRQL---MERT 58
                              455567778888888888888877...5562 PP

>> nat_d82c955fa7d898a2ab96  
   #    score  bias  c-Evalue  i-Evalue hmmfrom  hmm to    alifrom  ali to    envfrom  env to     acc
 ---   ------ ----- --------- --------- ------- -------    ------- -------    ------- -------    ----
   1 ?    0.2   1.5        27        79      76      92 ..     126     144 ..     116     155 .. 0.44

  Alignments for each domain:
  == domain 1  score: 0.2 bits;  conditional E-value: 27
                      gvpv  76 kpeplgDag..travgrat 92 
                               ++++++D+   +r+  r++
  nat_d82c955fa7d898a2ab96 126 ERDEDDDKQprRRTASRSS 144
                               3334444442222222222 PP

>> nat_a805025f1e78467c4256  
   #    score  bias  c-Evalue  i-Evalue hmmfrom  hmm to    alifrom  ali to    envfrom  env to     acc
 ---   ------ ----- --------- --------- ------- -------    ------- -------    ------- -------    ----
   1 ?    0.5   2.5        21        60      25      38 ..      54      67 ..      21      80 .. 0.69

  Alignments for each domain:
  == domain 1  score: 0.5 bits;  conditional E-value: 21
                      gvpv 25 LrsrrqrLqreleq 38
                               ++r+++L++ele 
  nat_a805025f1e78467c4256 54 YQRRKEELEEELEI 67
                              34556666666554 PP

>> nat_ad18f8d7fabecf9750fb  
   [No individual domains that satisfy reporting thresholds (although complete target did)]

>> nat_11cdda0e14dc63f88e35  
   #    score  bias  c-Evalue  i-Evalue hmmfrom  hmm to    alifrom  ali to    envfrom  env to     acc
 ---   ------ ----- --------- --------- ------- -------    ------- -------    ------- -------    ----
   1 ?    0.3   0.9        26        74      63      79 ..     122     138 ..      95     149 .] 0.61

  Alignments for each domain:
  == domain 1  score: 0.3 bits;  conditional E-value: 26
                      gvpv  63 aeleaarlrqakrkpep 79 
                                e+e++++ +++ +++ 
  nat_11cdda0e14dc63f88e35 122 DEDEKQSEERPRARRSR 138
                               33333333333333332 PP

>> nat_fca4193e69c1cb015d9a  
   #    score  bias  c-Evalue  i-Evalue hmmfrom  hmm to    alifrom  ali to    envfrom  env to     acc
 ---   ------ ----- --------- --------- ------- -------    ------- -------    ------- -------    ----
   1 ?    0.1   0.6        28        81      62      76 ..     128     142 ..     107     147 .] 0.62

  Alignments for each domain:
  == domain 1  score: 0.1 bits;  conditional E-value: 28
                      gvpv  62 kaeleaarlrqakrk 76 
                               ++e++ ar+r ++r+
  nat_fca4193e69c1cb015d9a 128 EREKQPARRRSSSRA 142
                               345555555555554 PP

>> nat_f3cee6b4b1ac4fbe31cd  
   #    score  bias  c-Evalue  i-Evalue hmmfrom  hmm to    alifrom  ali to    envfrom  env to     acc
 ---   ------ ----- --------- --------- ------- -------    ------- -------    ------- -------    ----
   1 ?    0.5   5.0        22        64      17      68 ..      25      73 ..      18      79 .. 0.79

  Alignments for each domain:
  == domain 1  score: 0.5 bits;  conditional E-value: 22
                      gvpv 17 selselaeLrsrrqrLqreleqleaRlavlaslqerLrqleteiakaeleaa 68
                              +el++ +eLr+++++ ++ l+ l +R    a+ +er +++e++++ ae+ + 
  nat_f3cee6b4b1ac4fbe31cd 25 NELFDRSELRDQLKE-NQLLYELGER--SEAEYEERKEEIEAQLELAEEVQS 73
                              567777888888887.7788899999..578889999999999998888774 PP

>> nat_d11339e5575f1cf41503  
   #    score  bias  c-Evalue  i-Evalue hmmfrom  hmm to    alifrom  ali to    envfrom  env to     acc
 ---   ------ ----- --------- --------- ------- -------    ------- -------    ------- -------    ----
   1 ?    0.4   0.1        23        66      41      67 ..      34      64 ..      18      80 .. 0.63

  Alignments for each domain:
  == domain 1  score: 0.4 bits;  conditional E-value: 23
                      gvpv 41 aR....lavlaslqerLrqleteiakaelea 67
                               R    + + ++ q+rL +   e+++a +++
  nat_d11339e5575f1cf41503 34 VRrmegGDLTEDEQNRLGEALLELDEAMDQI 64
                              3434445556666666666666655555554 PP

>> nat_32d58e5d24419efe5e0e  
   #    score  bias  c-Evalue  i-Evalue hmmfrom  hmm to    alifrom  ali to    envfrom  env to     acc
 ---   ------ ----- --------- --------- ------- -------    ------- -------    ------- -------    ----
   1 ?    0.6   0.0        20        59      58      67 ..      59      68 ..      35      76 .] 0.54

  Alignments for each domain:
  == domain 1  score: 0.6 bits;  conditional E-value: 20
                      gvpv 58 teiakaelea 67
                              ++i++ael+a
  nat_32d58e5d24419efe5e0e 59 AKIEQAELTA 68
                              2334444444 PP

>> nat_d0ec3f874170382d9f35  
   [No individual domains that satisfy reporting thresholds (although complete target did)]

>> nat_2e713fded92313c4cd32  
   [No individual domains that satisfy reporting thresholds (although complete target did)]

>> nat_370aa86e30267a3a072e  
   #    score  bias  c-Evalue  i-Evalue hmmfrom  hmm to    alifrom  ali to    envfrom  env to     acc
 ---   ------ ----- --------- --------- ------- -------    ------- -------    ------- -------    ----
   1 ?    0.3   1.4        25        74      64      91 ..     120     141 ..      87     145 .] 0.49

  Alignments for each domain:
  == domain 1  score: 0.3 bits;  conditional E-value: 25
                      gvpv  64 eleaarlrqakrkpeplgDagtravgra 91 
                               e+++  + q+ ++p       tr++gr+
  nat_370aa86e30267a3a072e 120 EDQE--EEQPDERPRR----RTRPEGRK 141
                               2222..1222222221....24455544 PP

>> nat_65113288b099887ef152  
   #    score  bias  c-Evalue  i-Evalue hmmfrom  hmm to    alifrom  ali to    envfrom  env to     acc
 ---   ------ ----- --------- --------- ------- -------    ------- -------    ------- -------    ----
   1 ?    0.7   0.2        19        54      21      30 ..      16      25 ..       1      86 [. 0.64

  Alignments for each domain:
  == domain 1  score: 0.7 bits;  conditional E-value: 19
                      gvpv 21 elaeLrsrrq 30
                              +++ L + ++
  nat_65113288b099887ef152 16 STTSLAEVLD 25
                              3333333333 PP

>> nat_88ee1049db109262717a  
   [No individual domains that satisfy reporting thresholds (although complete target did)]

>> nat_004ac783975534947324  
   #    score  bias  c-Evalue  i-Evalue hmmfrom  hmm to    alifrom  ali to    envfrom  env to     acc
 ---   ------ ----- --------- --------- ------- -------    ------- -------    ------- -------    ----
   1 ?    0.2   0.2        26        75      64      67 ..      66      69 ..      38      93 .. 0.57

  Alignments for each domain:
  == domain 1  score: 0.2 bits;  conditional E-value: 26
                      gvpv 64 elea 67
                              e+++
  nat_004ac783975534947324 66 ERAT 69
                              3222 PP

>> nat_bb5cf35be2d320c0ead2  
   #    score  bias  c-Evalue  i-Evalue hmmfrom  hmm to    alifrom  ali to    envfrom  env to     acc
 ---   ------ ----- --------- --------- ------- -------    ------- -------    ------- -------    ----
   1 ?    0.2   1.5        26        76      63      91 ..     119     141 ..      87     145 .] 0.49

  Alignments for each domain:
  == domain 1  score: 0.2 bits;  conditional E-value: 26
                      gvpv  63 aeleaarlrqakrkpeplgDagtravgra 91 
                               +e+++  + q++++p       tr++gr+
  nat_bb5cf35be2d320c0ead2 119 EEDQE--EEQPEERPRR----RTRPEGRK 141
                               22222..2223222222....24444444 PP

>> nat_9cc118c4f8ae07349652  
   #    score  bias  c-Evalue  i-Evalue hmmfrom  hmm to    alifrom  ali to    envfrom  env to     acc
 ---   ------ ----- --------- --------- ------- -------    ------- -------    ------- -------    ----
   1 ?    0.4   0.7        22        65      69      92 ..     102     125 ..      63     138 .. 0.70

  Alignments for each domain:
  == domain 1  score: 0.4 bits;  conditional E-value: 22
                      gvpv  69 rlrqakrkpeplgDagtravgrat 92 
                                l+ a++++++ +Dagt ++ +++
  nat_9cc118c4f8ae07349652 102 ALSGAAEAVKDTPDAGTGSQEDES 125
                               366777888888888855555444 PP

>> nat_9bea7cdc12e000d2c3ea  
   #    score  bias  c-Evalue  i-Evalue hmmfrom  hmm to    alifrom  ali to    envfrom  env to     acc
 ---   ------ ----- --------- --------- ------- -------    ------- -------    ------- -------    ----
   1 ?    0.0   0.1        31        89      32      50 ..      85     104 ..      80     116 .. 0.69

  Alignments for each domain:
  == domain 1  score: 0.0 bits;  conditional E-value: 31
                      gvpv  32 LqreleqleaR.lavlaslq 50 
                               Lq+++e +  R + ++a+l+
  nat_9bea7cdc12e000d2c3ea  85 LQQRMEEMCDRhGLRMADLN 104
                               67777777777444466665 PP

>> nat_8d605ff22811ab4235d7  
   #    score  bias  c-Evalue  i-Evalue hmmfrom  hmm to    alifrom  ali to    envfrom  env to     acc
 ---   ------ ----- --------- --------- ------- -------    ------- -------    ------- -------    ----
   1 ?    0.3   0.9        26        74      50      61 ..      30      41 ..       3      61 .. 0.52

  Alignments for each domain:
  == domain 1  score: 0.3 bits;  conditional E-value: 26
                      gvpv 50 qerLrqleteia 61
                               erL++   e++
  nat_8d605ff22811ab4235d7 30 SERLADALLELD 41
                              333333333333 PP

>> nat_dbcea97f4e8354ba3556  
   #    score  bias  c-Evalue  i-Evalue hmmfrom  hmm to    alifrom  ali to    envfrom  env to     acc
 ---   ------ ----- --------- --------- ------- -------    ------- -------    ------- -------    ----
   1 ?    0.3   0.1        26        74      59      67 ..      61      69 ..      39      92 .. 0.61

  Alignments for each domain:
  == domain 1  score: 0.3 bits;  conditional E-value: 26
                      gvpv 59 eiakaelea 67
                              eiak e+++
  nat_dbcea97f4e8354ba3556 61 EIAKIEKAT 69
                              344444333 PP

>> nat_2648d629b38e7cef6323  
   [No individual domains that satisfy reporting thresholds (although complete target did)]

>> nat_0df60d2fc55bf3787af1  
   #    score  bias  c-Evalue  i-Evalue hmmfrom  hmm to    alifrom  ali to    envfrom  env to     acc
 ---   ------ ----- --------- --------- ------- -------    ------- -------    ------- -------    ----
   1 ?    0.2   0.0        27        79      53      86 ..      49      82 ..      39      98 .. 0.70

  Alignments for each domain:
  == domain 1  score: 0.2 bits;  conditional E-value: 27
                      gvpv 53 LrqleteiakaeleaarlrqakrkpeplgDagtr 86
                              ++ ++t +  ae+    + q++++p  l++ g+r
  nat_0df60d2fc55bf3787af1 49 IASVDTYLRFAEAVDRLDIQPAQEPVGLPELGER 82
                              5677888888888888888888888777777633 PP

>> nat_1ed909a554bd91f8870f  
   #    score  bias  c-Evalue  i-Evalue hmmfrom  hmm to    alifrom  ali to    envfrom  env to     acc
 ---   ------ ----- --------- --------- ------- -------    ------- -------    ------- -------    ----
   1 ?    0.5   0.0        22        65      58      67 ..      56      65 ..      35      73 .] 0.61

  Alignments for each domain:
  == domain 1  score: 0.5 bits;  conditional E-value: 22
                      gvpv 58 teiakaelea 67
                              +eiak e+++
  nat_1ed909a554bd91f8870f 56 EEIAKIEQAE 65
                              3666666666 PP

>> nat_2be49069dec87643c3e5  
   #    score  bias  c-Evalue  i-Evalue hmmfrom  hmm to    alifrom  ali to    envfrom  env to     acc
 ---   ------ ----- --------- --------- ------- -------    ------- -------    ------- -------    ----
   1 ?    0.4   1.3        23        68       4      42 ..      12      52 ..       1      76 [. 0.60

  Alignments for each domain:
  == domain 1  score: 0.4 bits;  conditional E-value: 23
                      gvpv  4 ieekisrltrqkaselselaeLrsrrqrLq..releqleaR 42
                              ie+ + ++ r+  +  +++ eL++++ + q  r+++    R
  nat_2be49069dec87643c3e5 12 IEANADTVERELLKLVLTIVELVRQLMERQaiRRMDEGDLR 52
                              55566666666666666666666666555533344444444 PP

>> nat_81c3c33e1052ca11c9fd  
   #    score  bias  c-Evalue  i-Evalue hmmfrom  hmm to    alifrom  ali to    envfrom  env to     acc
 ---   ------ ----- --------- --------- ------- -------    ------- -------    ------- -------    ----
   1 ?    0.1   0.0        29        85      39      78 ..      42      80 ..      37      86 .. 0.57

  Alignments for each domain:
  == domain 1  score: 0.1 bits;  conditional E-value: 29
                      gvpv 39 leaRlavlaslqerLrqleteiakaeleaarlrqakrkpe 78
                              +eaR  v+as+++ Lr  ++  + + +++++++ ++++ e
  nat_81c3c33e1052ca11c9fd 42 IEAR-VVIASVDTWLRYANAVGLLRDDAEEDNALPQQTNE 80
                              6667.56777777777666655545455545555555544 PP

>> nat_1ad342624de277274295  
   #    score  bias  c-Evalue  i-Evalue hmmfrom  hmm to    alifrom  ali to    envfrom  env to     acc
 ---   ------ ----- --------- --------- ------- -------    ------- -------    ------- -------    ----
   1 ?    0.1   1.2        30        86      63      80 ..     119     138 ..      87     145 .] 0.48

  Alignments for each domain:
  == domain 1  score: 0.1 bits;  conditional E-value: 30
                      gvpv  63 aeleaar..lrqakrkpepl 80 
                               +e+++++  + +++r++ p+
  nat_1ad342624de277274295 119 EEDQEEEqpEERPRRRSRPE 138
                               33333110133344443333 PP

>> nat_0888ea426b7452a347fc  
   [No individual domains that satisfy reporting thresholds (although complete target did)]

>> nat_575a3ddb97ad6997411f  
   [No individual domains that satisfy reporting thresholds (although complete target did)]

>> nat_7a296141a2788c2145e9  
   #    score  bias  c-Evalue  i-Evalue hmmfrom  hmm to    alifrom  ali to    envfrom  env to     acc
 ---   ------ ----- --------- --------- ------- -------    ------- -------    ------- -------    ----
   1 ?    0.1   0.1        28        82      63      80 ..      66      85 ..      37      95 .. 0.49

  Alignments for each domain:
  == domain 1  score: 0.1 bits;  conditional E-value: 28
                      gvpv 63 aeleaar..lrqakrkpepl 80
                               e e++   +r ++r++++ 
  nat_7a296141a2788c2145e9 66 DEVEEEGlsDRLSARTESQS 85
                              44444332234444444443 PP

>> nat_67dd37821af98e87666e  
   [No individual domains that satisfy reporting thresholds (although complete target did)]

>> nat_7058382ccfa4518d5f28  
   [No individual domains that satisfy reporting thresholds (although complete target did)]

>> nat_f49fe3672d6fdfda7cc7  
   [No individual domains that satisfy reporting thresholds (although complete target did)]

>> nat_13f4666837340d0e3697  
   [No individual domains that satisfy reporting thresholds (although complete target did)]

>> nat_83b5a7fbdc055a7e6548  
   [No individual domains that satisfy reporting thresholds (although complete target did)]

>> nat_2afc6fb850c8bc89b0f2  
   [No individual domains that satisfy reporting thresholds (although complete target did)]

>> nat_de1520359c3cd2badb80  
   [No individual domains that satisfy reporting thresholds (although complete target did)]

>> nat_36827e11a82ffe460664  
   [No individual domains that satisfy reporting thresholds (although complete target did)]

>> nat_84154a5781d07c8500ca  
   #    score  bias  c-Evalue  i-Evalue hmmfrom  hmm to    alifrom  ali to    envfrom  env to     acc
 ---   ------ ----- --------- --------- ------- -------    ------- -------    ------- -------    ----
   1 ?    0.1   1.2        28        82      32      79 ..      29      44 ..       5      58 .. 0.54

  Alignments for each domain:
  == domain 1  score: 0.1 bits;  conditional E-value: 28
                      gvpv 32 LqreleqleaRlavlaslqerLrqleteiakaeleaarlrqakrkpep 79
                              L+rel   ++R                             qa r++e+
  nat_84154a5781d07c8500ca 29 LLREL---MER-----------------------------QALRRVEQ 44
                              33333...333.............................33333333 PP

>> nat_2730dab12de0ce3ce325  
   #    score  bias  c-Evalue  i-Evalue hmmfrom  hmm to    alifrom  ali to    envfrom  env to     acc
 ---   ------ ----- --------- --------- ------- -------    ------- -------    ------- -------    ----
   1 ?    0.3   1.0        25        72      20      43 ..      16      36 ..       3      71 .. 0.68

  Alignments for each domain:
  == domain 1  score: 0.3 bits;  conditional E-value: 25
                      gvpv 20 selaeLrsrrqrLqreleqleaRl 43
                              ++la+L+    +L+r+l   ++R+
  nat_2730dab12de0ce3ce325 16 RDLAKLVLTVVELLRQL---MERQ 36
                              55666666666665555...3442 PP

>> nat_d3c6f8adf24bb50b5677  
   #    score  bias  c-Evalue  i-Evalue hmmfrom  hmm to    alifrom  ali to    envfrom  env to     acc
 ---   ------ ----- --------- --------- ------- -------    ------- -------    ------- -------    ----
   1 ?    0.1   0.1        29        85      79      92 ..      70      83 ..      38      89 .] 0.54

  Alignments for each domain:
  == domain 1  score: 0.1 bits;  conditional E-value: 29
                      gvpv 79 plgDagtravgrat 92
                              ++g a+++++ r++
  nat_d3c6f8adf24bb50b5677 70 EEGLANRQKNERSS 83
                              23333333333444 PP

>> nat_7ed72fe978260959b0d4  
   [No individual domains that satisfy reporting thresholds (although complete target did)]

>> nat_0d9cf3fa4290fec6ca54  
   [No individual domains that satisfy reporting thresholds (although complete target did)]

>> nat_ebdc86196ce4e8d00cbf  
   [No individual domains that satisfy reporting thresholds (although complete target did)]

>> nat_ae04aaf1066a11d3d107  
   #    score  bias  c-Evalue  i-Evalue hmmfrom  hmm to    alifrom  ali to    envfrom  env to     acc
 ---   ------ ----- --------- --------- ------- -------    ------- -------    ------- -------    ----
   1 ?    0.0   4.1        31        89      37      64 ..      44      69 ..      18      81 .. 0.54

  Alignments for each domain:
  == domain 1  score: 0.0 bits;  conditional E-value: 31
                      gvpv 37 eqleaRlavlaslqerLrqleteiakae 64
                              + l +R   +a+ ++r ++le+e++ a 
  nat_ae04aaf1066a11d3d107 44 YELGER--DRAEYERRKEELEAELEIAR 69
                              444555..23444444444444444333 PP

>> nat_0b3996e134f02f495b8f  
   [No individual domains that satisfy reporting thresholds (although complete target did)]

>> nat_4d4e00d31d935ed0527d  
   [No individual domains that satisfy reporting thresholds (although complete target did)]

>> nat_9896810d394d4d1edf15  
   [No individual domains that satisfy reporting thresholds (although complete target did)]

>> nat_8c0f48ab1366fa010ded  
   [No individual domains that satisfy reporting thresholds (although complete target did)]

>> nat_8d29ff35edf68fc809de  
   [No individual domains that satisfy reporting thresholds (although complete target did)]

>> nat_28a3b1efd26c46ff28f4  
   [No individual domains that satisfy reporting thresholds (although complete target did)]

>> nat_ee10b37a92559cba1989  
   [No individual domains that satisfy reporting thresholds (although complete target did)]

>> nat_00ff0d0f8a2cc408f4fc  
   #    score  bias  c-Evalue  i-Evalue hmmfrom  hmm to    alifrom  ali to    envfrom  env to     acc
 ---   ------ ----- --------- --------- ------- -------    ------- -------    ------- -------    ----
   1 ?    2.6   4.4       4.7        14      25      67 ..     163     204 ..     142     225 .. 0.78

  Alignments for each domain:
  == domain 1  score: 2.6 bits;  conditional E-value: 4.7
                      gvpv  25 LrsrrqrLqreleqleaRlavlaslqerLrqleteiakaelea 67 
                               L+++ ++ ++el ++++R+ + a+l e+L+ + ++++ +  e+
  nat_00ff0d0f8a2cc408f4fc 163 LERQYEQRLEEL-KHQQRADRTAALIEQLEPMVHDLQDLGHER 204
                               778888889999.99***999********99999999887776 PP

>> nat_50c226cfb171989d88e4  
   [No individual domains that satisfy reporting thresholds (although complete target did)]

>> nat_36bb407811468e3b13d9  
   [No individual domains that satisfy reporting thresholds (although complete target did)]

>> nat_7cb4966ababb293a7db4  
   [No individual domains that satisfy reporting thresholds (although complete target did)]

>> nat_5ef8cfaf93da36fd8c08  
   [No individual domains that satisfy reporting thresholds (although complete target did)]

>> nat_05a51c4640d1c2771769  
   [No individual domains that satisfy reporting thresholds (although complete target did)]

>> nat_fde7addd3bf07688f196  
   [No individual domains that satisfy reporting thresholds (although complete target did)]

>> nat_f9a6c4e29c6909a7bfea  
   [No individual domains that satisfy reporting thresholds (although complete target did)]

>> nat_9a52da9108207f742f79  
   [No individual domains that satisfy reporting thresholds (although complete target did)]

>> nat_0d5c4d48b465e6ca9571  
   [No individual domains that satisfy reporting thresholds (although complete target did)]

>> nat_3301e6c079648c50c9a5  
   #    score  bias  c-Evalue  i-Evalue hmmfrom  hmm to    alifrom  ali to    envfrom  env to     acc
 ---   ------ ----- --------- --------- ------- -------    ------- -------    ------- -------    ----
   1 ?    0.0   1.2        30        87      26      37 ..      55      66 ..      23      81 .. 0.63

  Alignments for each domain:
  == domain 1  score: 0.0 bits;  conditional E-value: 30
                      gvpv 26 rsrrqrLqrele 37
                              r+r++++++e e
  nat_3301e6c079648c50c9a5 55 RRRKEEIEEEIE 66
                              344444444443 PP

>> nat_13f51706d5d2df8544bb  
   [No individual domains that satisfy reporting thresholds (although complete target did)]

>> nat_86c1908d1d28058bf2a9  
   [No individual domains that satisfy reporting thresholds (although complete target did)]

>> nat_02e0719c48b326139c30  
   [No individual domains that satisfy reporting thresholds (although complete target did)]

>> nat_ed21f429d87e61b5eec4  
   [No individual domains that satisfy reporting thresholds (although complete target did)]

>> nat_b0c47871cce8c048b264  
   [No individual domains that satisfy reporting thresholds (although complete target did)]

>> nat_09f47a4c9a94b657ae7d  
   [No individual domains that satisfy reporting thresholds (although complete target did)]

>> nat_414c502e7645eadf3d0f  
   [No individual domains that satisfy reporting thresholds (although complete target did)]

>> nat_46ac4cba4b1b67d73932  
   [No individual domains that satisfy reporting thresholds (although complete target did)]

>> nat_5fe0328494dc254c515b  
   [No individual domains that satisfy reporting thresholds (although complete target did)]

>> nat_47d50311ddb9a7300429  
   [No individual domains that satisfy reporting thresholds (although complete target did)]

>> nat_37912e3e9ceb53157c77  
   [No individual domains that satisfy reporting thresholds (although complete target did)]

>> nat_edf12e96625a3cd49854  
   [No individual domains that satisfy reporting thresholds (although complete target did)]

>> nat_70ad50650b15b30241b4  
   [No individual domains that satisfy reporting thresholds (although complete target did)]

>> nat_8d236d3ac40de77afe2a  
   [No individual domains that satisfy reporting thresholds (although complete target did)]

>> nat_30340d61c0959eeb66d5  
   [No individual domains that satisfy reporting thresholds (although complete target did)]

>> nat_d0e2c9c28723db140ef6  
   [No individual domains that satisfy reporting thresholds (although complete target did)]

>> nat_3d7fc725cd17cf23a73c  
   [No individual domains that satisfy reporting thresholds (although complete target did)]

>> nat_824a3264c546dbd7013f  
   [No individual domains that satisfy reporting thresholds (although complete target did)]

>> nat_0a6194eed91a047cb43e  
   [No individual domains that satisfy reporting thresholds (although complete target did)]

>> nat_a0c33ff7daaf9315de4b  
   [No individual domains that satisfy reporting thresholds (although complete target did)]

>> nat_0aeb545239a28bae61f9  
   [No individual domains that satisfy reporting thresholds (although complete target did)]

>> nat_26bed164289c66a8ab62  
   [No individual domains that satisfy reporting thresholds (although complete target did)]

>> nat_b3561a1e0242e2259486  
   [No individual domains that satisfy reporting thresholds (although complete target did)]

>> nat_ede685c8031e89299cf7  
   [No individual domains that satisfy reporting thresholds (although complete target did)]

>> nat_1d6f00b576454c5129eb  
   #    score  bias  c-Evalue  i-Evalue hmmfrom  hmm to    alifrom  ali to    envfrom  env to     acc
 ---   ------ ----- --------- --------- ------- -------    ------- -------    ------- -------    ----
   1 ?    0.2   0.0        27        78      39      39 ..      41      41 ..       3      70 .. 0.58

  Alignments for each domain:
  == domain 1  score: 0.2 bits;  conditional E-value: 27
                      gvpv 39 l 39
                              +
  nat_1d6f00b576454c5129eb 41 V 41
                              1 PP

>> nat_62c37e3a1f946926bc78  
   [No individual domains that satisfy reporting thresholds (although complete target did)]

>> nat_6fe65d28a28456450f1d  
   [No individual domains that satisfy reporting thresholds (although complete target did)]

>> nat_1a264ded2f369ea42fdd  
   [No individual domains that satisfy reporting thresholds (although complete target did)]

>> nat_6a2caa9d644a05b1fa76  
   [No individual domains that satisfy reporting thresholds (although complete target did)]

>> nat_598bde578495fbb688ee  
   [No individual domains that satisfy reporting thresholds (although complete target did)]

>> nat_1f087f3f20cf0e414c21  
   [No individual domains that satisfy reporting thresholds (although complete target did)]

>> nat_e78348e72525b9382660  
   [No individual domains that satisfy reporting thresholds (although complete target did)]

>> nat_dabe1f4728c04495925e  
   [No individual domains that satisfy reporting thresholds (although complete target did)]

>> nat_3955b02fcca9b64e0539  
   [No individual domains that satisfy reporting thresholds (although complete target did)]

>> nat_ae7c31f644fee037736e  
   [No individual domains that satisfy reporting thresholds (although complete target did)]



Internal pipeline statistics summary:
-------------------------------------
Query model(s):                            1  (103 nodes)
Target sequences:                       1277  (179002 residues searched)
Passed MSV filter:                      1277  (1); expected 1277.0 (1)
Passed bias filter:                     1277  (1); expected 1277.0 (1)
Passed Vit filter:                      1277  (1); expected 1277.0 (1)
Passed Fwd filter:                      1277  (1); expected 1277.0 (1)
Initial search space (Z):               1277  [actual number of targets]
Domain search space  (domZ):             439  [number of targets reported over threshold]
# CPU time: 0.41u 0.01s 00:00:00.42 Elapsed: 00:00:00.50
# Mc/sec: 36.84
//
[ok]
