sequence_id	sequence_sha256	cluster_id	length	release_status	reasons	source_accessions
nat_49cef355c6ba3187ae5c	49cef355c6ba3187ae5c9104097887f71b46d34a1bb4fd051de140f31dbffc07	cluster_04e4c15b93bd18832d36	76	provisional_training_eligible	annotation_and_out_of_cluster_evidence_agree;no_known_cluster_conflict	AAC82809|gvpA|protein;P08958;WP_010890519.1;WP_010890519|gvpA|protein;sp|P08958|gvpA|protein
nat_766d45336d56f5b42f24	766d45336d56f5b42f24327e8017dcef111a6d0d9ef09d065ff599ed28c3610e	cluster_04e4c15b93bd18832d36	79	provisional_training_eligible	annotation_and_out_of_cluster_evidence_agree;no_known_cluster_conflict	CAM2938561|gvpA|protein;P08959;QCC46023|gvpA|protein;QRY21670|gvpA|protein;QRY26281|gvpA|protein;UEB93266|gvpA|protein;WJK64891|gvpA|protein;WP_010904108.1;WP_010904108|gvpA|protein;WWX76702|gvpA|protein;WXL16392|gvpA|protein;sp|P08959|gvpA|protein
nat_e4530a471497a647eef2	e4530a471497a647eef21f92f9c50626148b65fbacae7b18cec4b118bdc7630c	cluster_044b97bbcc6fc75d19af	71	quarantined	mixed_annotation_cluster;unresolved_negative_cluster	P10397;QSV53785|gvpA|protein;QSV53786|gvpA|protein;QSV53787|gvpA|protein;QSV53788|gvpA|protein;QSV53789|gvpA|protein;QSV53790|gvpA|protein;QSV53791|gvpA|protein;QSV53792|gvpA|protein;QSV53793|gvpA|protein;QSV57705|gvpA|protein;QSV57706|gvpA|protein;QSV57707|gvpA|protein;QSV57708|gvpA|protein;QSV57709|gvpA|protein;QSV57710|gvpA|protein;QSV57711|gvpA|protein;QSV57712|gvpA|protein;QSV57713|gvpA|protein;QSV64460|gvpA|protein;QSV64461|gvpA|protein;QSV64462|gvpA|protein;QSV64463|gvpA|protein;QSV64464|gvpA|protein;QSV64465|gvpA|protein;QSV64466|gvpA|protein;QSV64467|gvpA|protein;QSV64468|gvpA|protein;QSV64469|gvpA|protein;QSV67445|gvpA|protein;QSV67446|gvpA|protein;QSV67447|gvpA|protein;QSV67448|gvpA|protein;QSV67449|gvpA|protein;QSV67450|gvpA|protein;QSV67451|gvpA|protein;QSV73201|gvpA|protein;QSV73202|gvpA|protein;QSV73203|gvpA|protein;QSV73204|gvpA|protein;QSV73205|gvpA|protein;QSV73206|gvpA|protein;QSV73207|gvpA|protein;QSV73208|gvpA|protein;QSX67268|gvpA|protein;QSX67269|gvpA|protein;QSX67270|gvpA|protein;QSX67271|gvpA|protein;QSX67272|gvpA|protein;QSX67273|gvpA|protein;QSX67274|gvpA|protein;QSX67275|gvpA|protein;UUO14152|gvpA|protein;UUO14153|gvpA|protein;UUO14154|gvpA|protein;UUO14155|gvpA|protein;UUO14156|gvpA|protein;UUO14157|gvpA|protein;UUO14158|gvpA|protein;WP_015080752.1;WP_015080752|gvpA|protein;XVE11296|gvpA|protein;XVE11297|gvpA|protein;XVE11298|gvpA|protein;XVE11299|gvpA|protein;XVE11300|gvpA|protein;XVE11301|gvpA|protein;XVE11302|gvpA|protein;XVE11303|gvpA|protein;XWU45082|gvpA|protein;XWU45083|gvpA|protein;XWU45084|gvpA|protein;XWU45085|gvpA|protein;XWU45086|gvpA|protein;sp|P10397|gvpA|protein
nat_39696a92cfeac6f208a2	39696a92cfeac6f208a255a5ec1c7cae2a4ce2a68c1bd57acb083ca27b8585bb	cluster_04e4c15b93bd18832d36	78	provisional_training_eligible	annotation_and_out_of_cluster_evidence_agree;no_known_cluster_conflict	P23761;QCQ75864|gvpA|protein;WP_004056706.1;WP_004056706|gvpA|protein;sp|P23761|gvpA|protein
nat_bf0dfc6c51956e5d54f7	bf0dfc6c51956e5d54f7904eabcfda2aca05adff69b9fb1a544c2635718dc258	cluster_04e4c15b93bd18832d36	78	provisional_training_eligible	annotation_and_out_of_cluster_evidence_agree;no_known_cluster_conflict	O33397;WP_089386074.1;WP_089386074|gvpA|protein;sp|O33397|gvpA|protein
nat_626bf126ff6a42e860e1	626bf126ff6a42e860e1c20b32f28779f549346c7554d3694e519c08b6d8a44f	cluster_00eda75e8d86c0000a3e	86	quarantined	mixed_annotation_cluster;nearest_gvpa_to_unresolved_negative_cluster;unresolved_negative_cluster	CAI8752950|gvpA|protein;CAI8857590|gvpA|protein;O68680;QSF26098|gvpA|protein;QSF35100|gvpA|protein;QSF37356|gvpA|protein;QSX18856|gvpA|protein;UKJ79038|gvpA|protein;UMZ31401|gvpA|protein;UOO43213|gvpA|protein;UPK51853|gvpA|protein;USD14641|gvpA|protein;USL22891|gvpA|protein;USL28899|gvpA|protein;USL34535|gvpA|protein;UYO23587|gvpA|protein;UYP09873|gvpA|protein;UYT86706|gvpA|protein;UYV51236|gvpA|protein;WDC86712|gvpA|protein;WDM35816|gvpA|protein;WEZ34108|gvpA|protein;WEZ39259|gvpA|protein;WEZ60937|gvpA|protein;WJD79171|gvpA|protein;WJN43138|gvpA|protein;WJW97760|gvpA|protein;WPL45744|gvpA|protein;WP_013058000.1;WP_013058000|gvpA|protein;WRQ90840|gvpA|protein;WVE34854|gvpA|protein;WWB87672|gvpA|protein;WWT03980|gvpA|protein;WWW24790|gvpA|protein;WZV52402|gvpA|protein;WZW15781|gvpA|protein;XFC41967|gvpA|protein;XGR39791|gvpA|protein;XGR55801|gvpA|protein;XGY01618|gvpA|protein;XHB84238|gvpA|protein;XLF48753|gvpA|protein;XOK74184|gvpA|protein;XON68226|gvpA|protein;XQN03179|gvpA|protein;XRD01373|gvpA|protein;XRD07142|gvpA|protein;XSD05886|gvpA|protein;XSD11305|gvpA|protein;XSD27063|gvpA|protein;XSD36531|gvpA|protein;XSD59669|gvpA|protein;XSD65231|gvpA|protein;XSZ24741|gvpA|protein;XSZ30795|gvpA|protein;XVD65513|gvpA|protein;XVG47517|gvpA|protein;YBV88867|gvpA|protein;YCA96757|gvpA|protein;sp|O68680|gvpA|protein
nat_83cf4bae954290aa781d	83cf4bae954290aa781d919a49879399b8f8f6215eafe44d5ab3358539071424	cluster_044b97bbcc6fc75d19af	71	quarantined	mixed_annotation_cluster;unresolved_negative_cluster	P07060;QOV23458|gvpA|protein;UYD24661|gvpA|protein;UYD24662|gvpA|protein;UYD33109|gvpA|protein;UYD33110|gvpA|protein;WP_045871251.1;WP_045871251|gvpA|protein;WYL94292|gvpA|protein;WYL94293|gvpA|protein;WYL94294|gvpA|protein;WYL94295|gvpA|protein;WYL99908|gvpA|protein;WYL99909|gvpA|protein;WYL99911|gvpA|protein;XHR82201|gvpA|protein;XHR82202|gvpA|protein;XHR82203|gvpA|protein;XNO56025|gvpA|protein;XZF63070|gvpA|protein;XZF63071|gvpA|protein;XZF63072|gvpA|protein;XZF63073|gvpA|protein;sp|P07060|gvpA|protein
nat_9246ded62fef238baf63	9246ded62fef238baf63231483e047bdc014a8a22dd10e95f7999ab152e2ce4c	cluster_044b97bbcc6fc75d19af	72	quarantined	mixed_annotation_cluster;unresolved_negative_cluster	CAC5341517|gvpA|protein;CAC5341519|gvpA|protein;CAC5341520|gvpA|protein;CAD0230966|gvpA|protein;CAD0230967|gvpA|protein;CAD5926182|gvpA|protein;CAD5926215|gvpA|protein;CAD5926239|gvpA|protein;CAD5926256|gvpA|protein;CAD5926320|gvpA|protein;CAD5926328|gvpA|protein;CAD5926884|gvpA|protein;CAD5926917|gvpA|protein;CAD5926951|gvpA|protein;CAD5926986|gvpA|protein;CAD5929429|gvpA|protein;CAD5929444|gvpA|protein;CAD5929460|gvpA|protein;CAD5929524|gvpA|protein;CAD5929540|gvpA|protein;CAD5929560|gvpA|protein;CAD5929580|gvpA|protein;CAD5931729|gvpA|protein;CAD5931755|gvpA|protein;CAD5931775|gvpA|protein;CAD5932433|gvpA|protein;CAD5932456|gvpA|protein;CAD5932467|gvpA|protein;CAD5935148|gvpA|protein;CAD5935169|gvpA|protein;CAD5941065|gvpA|protein;CAD5941081|gvpA|protein;CAD5941113|gvpA|protein;CAD5941148|gvpA|protein;CAD5945651|gvpA|protein;CAD5945655|gvpA|protein;CAD5949465|gvpA|protein;CAD5959744|gvpA|protein;CAH2571870|gvpA|protein;CUM61313|gvpA|protein;P0A3G0;P0A3G1;SKB14388|gvpA|protein;VXD24309|gvpA|protein;WP_026789190.1;WP_026789190|gvpA|protein;sp|P0A3G0|gvpA|protein;sp|P0A3G1|gvpA|protein
nat_278c7a3fd12af0319695	278c7a3fd12af0319695fae40d23ee8f76abf60d19c5e52b3b9dab1e368567ba	cluster_02e83ad46b86e8eaf5e7	71	provisional_training_eligible	annotation_and_out_of_cluster_evidence_agree;no_known_cluster_conflict	Q8XFU1;UKO95985|gvpA|protein;UKP00211|gvpA|protein;UKP00212|gvpA|protein;UYD29373|gvpA|protein;UYD34721|gvpA|protein;WP_010996411.1;WP_010996411|gvpA|protein;XPT18807|gvpA|protein;XPT18808|gvpA|protein;XPT26586|gvpA|protein;XPT26587|gvpA|protein;XTB90403|gvpA|protein;XTB90404|gvpA|protein;XTB90405|gvpA|protein;sp|Q8XFU1|gvpA|protein
nat_5bc7120641a4b206dec6	5bc7120641a4b206dec615e69a9573322282b0869275b3db5d6e281c748b2aff	cluster_02e83ad46b86e8eaf5e7	72	provisional_training_eligible	annotation_and_out_of_cluster_evidence_agree;no_known_cluster_conflict	A5G5E4;WP_011939686.1;WP_011939686|gvpA|protein;sp|A5G5E4|gvpA|protein
nat_45ceddea54f47745a1ad	45ceddea54f47745a1ad9c65097c2d122a4bd298292f81068539903e0cbdd579	cluster_044b97bbcc6fc75d19af	72	quarantined	mixed_annotation_cluster;unresolved_negative_cluster	P22453;WGS73826|gvpA|protein;WP_009626980.1;WP_009626980|gvpA|protein;sp|P22453|gvpA|protein
nat_61a382d08777524701b3	61a382d08777524701b3b127d54c55544b762da256e18e1289de6de3ef39b838	cluster_0da4fc315e8c5fa1925f	72	provisional_training_eligible	annotation_and_out_of_cluster_evidence_agree;no_known_cluster_conflict	Q18JA1;WP_011571057.1;WP_011571057|gvpA|protein;sp|Q18JA1|gvpA|protein
nat_91f552b9f84853c37285	91f552b9f84853c37285e8ec0883b5170258f814bb6ffb90d6de28cb0f3c10ba	cluster_044b97bbcc6fc75d19af	72	quarantined	mixed_annotation_cluster;unresolved_negative_cluster	Q2JKK1;Q2JW39;WP_011429717.1;WP_011429717|gvpA|protein;sp|Q2JKK1|gvpA|protein;sp|Q2JW39|gvpA|protein
nat_a1131689eff9ccc2bc1c	a1131689eff9ccc2bc1cb9c6417b27251120988628db25efce7ae158aaecf416	cluster_02e83ad46b86e8eaf5e7	70	provisional_training_eligible	annotation_and_out_of_cluster_evidence_agree;no_known_cluster_conflict	Q9RH31;WP_018390783.1;WP_018390783|gvpA|protein;sp|Q9RH31|gvpA|protein
nat_291571f679284e1c6455	291571f679284e1c6455963717615530ae130d29db41fb93abfacd00fa90ad20	cluster_044b97bbcc6fc75d19af	73	quarantined	mixed_annotation_cluster;unresolved_negative_cluster	WP_212716182|gvpA|protein
nat_419538444627b50496c7	419538444627b50496c73c8cf28e7a1950e49971cfa5cb42c07430d39eb23bd3	cluster_044b97bbcc6fc75d19af	82	quarantined	mixed_annotation_cluster;unresolved_negative_cluster	WP_022949487|gvpA|protein
nat_d5b00906bcc6e7ee2601	d5b00906bcc6e7ee2601548874eb49cd8eb278fe52c5928828ab442fa2ac7bd2	cluster_00eda75e8d86c0000a3e	86	quarantined	mixed_annotation_cluster;nearest_gvpa_to_unresolved_negative_cluster;unresolved_negative_cluster	WP_456223989|gvpA|protein
nat_cd15fd2a214ac9570bfd	cd15fd2a214ac9570bfd13751ddd824061d5d55bc28fc3df3c1367b97c80a108	cluster_044b97bbcc6fc75d19af	83	quarantined	mixed_annotation_cluster;unresolved_negative_cluster	WP_233491533|gvpA|protein
nat_eccab6536bed142192aa	eccab6536bed142192aa8ae35f75a35f64e1e978ec751eee4b6251731c6ee4f8	cluster_02e83ad46b86e8eaf5e7	70	provisional_training_eligible	annotation_and_out_of_cluster_evidence_agree;no_known_cluster_conflict	GLK71416|gvpA|protein;WP_213372596.1;WP_213372596|gvpA|protein
nat_be9809bb1f91644c1e43	be9809bb1f91644c1e431f6b48e4a4183d550ce2f80f162d11f698b4c92e1824	cluster_1589f15763a3b3a0bf84	72	quarantined	mixed_annotation_cluster	WP_007357596.1;WP_007357596|gvpA|protein
nat_622c716866d2133b80f2	622c716866d2133b80f2821fd0bc4b15c8a3872f04f569b358001ba249e094bc	cluster_044b97bbcc6fc75d19af	72	quarantined	mixed_annotation_cluster;unresolved_negative_cluster	UZQ54585|gvpA|protein;WP_265902100.1;WP_265902100|gvpA|protein
nat_d9b32c93cd099c72a956	d9b32c93cd099c72a9565d0d1d751944285fef4f2523b73e02fca6dad757ad3d	cluster_1589f15763a3b3a0bf84	72	quarantined	mixed_annotation_cluster	KAM3092794|gvpA|protein;KAM3097639|gvpA|protein;KAM3106609|gvpA|protein;KAM3113662|gvpA|protein;WP_446859740.1;WP_446859740|gvpA|protein
nat_fd161dfe59366687c2f2	fd161dfe59366687c2f2851a7085607a1a49850277ce6c989d8f377546025ebe	cluster_044b97bbcc6fc75d19af	72	quarantined	mixed_annotation_cluster;unresolved_negative_cluster	WP_017721733.1;WP_017721733|gvpA|protein
nat_2e707b0ae8b0c69feb2e	2e707b0ae8b0c69feb2eb75166178922a33851e0022ed4c173447055ed769eb8	cluster_044b97bbcc6fc75d19af	72	quarantined	mixed_annotation_cluster;unresolved_negative_cluster	WP_017721725.1;WP_017721725|gvpA|protein
nat_a36a3359d46f89a3e9c6	a36a3359d46f89a3e9c6d339b24da5b9e7b56e875526568f984c4d9d61c9bfca	cluster_00058845722df3ede422	93	provisional_training_eligible	annotation_and_out_of_cluster_evidence_agree;no_known_cluster_conflict	QCS42367|gvpA|protein;WP_138244856.1;WP_138244856|gvpA|protein
nat_5d20e8974d28b202ff3e	5d20e8974d28b202ff3e6522190fdbf27c7ec35790b334b7bfc0964dd160f003	cluster_00eda75e8d86c0000a3e	88	quarantined	mixed_annotation_cluster;nearest_gvpa_to_unresolved_negative_cluster;unresolved_negative_cluster	WP_427576720.1;WP_427576720|gvpA|protein
nat_728d4a20bb169ff7ae28	728d4a20bb169ff7ae2861700c0866b80279630b2ad500072229c4d700f14351	cluster_21fd512873a52dc47991	92	quarantined	mixed_annotation_cluster	WP_427090790.1;WP_427090790|gvpA|protein
nat_b3e7eac10f741058a688	b3e7eac10f741058a688bc7d62c0f50b5a15ad09caae40e59b5e7155d1011066	cluster_044b97bbcc6fc75d19af	74	quarantined	mixed_annotation_cluster;unresolved_negative_cluster	WP_426749826.1;WP_426749826|gvpA|protein;XSE93341|gvpA|protein
nat_9896810d394d4d1edf15	9896810d394d4d1edf15ff02a5ebe1a5ce22578a398bf69c24333fb0d1e948a5	cluster_044b97bbcc6fc75d19af	80	quarantined	mixed_annotation_cluster;unresolved_negative_cluster	WP_431193991|gvpA|protein
nat_17718ba432b9ffbaf06b	17718ba432b9ffbaf06b1bb2b0b2bb7a8824f8f4fa1fc5d630b80747312e1252	cluster_00eda75e8d86c0000a3e	90	quarantined	mixed_annotation_cluster;nearest_gvpa_to_unresolved_negative_cluster;unresolved_negative_cluster	WP_430127181.1;WP_430127181|gvpA|protein
nat_0fc8bfe28907ef9fa5eb	0fc8bfe28907ef9fa5eb6ba06eadb9186ee00c3cd615714110e142bfd5e0793d	cluster_0b5cd7683d0975317579	70	quarantined	mixed_annotation_cluster	WP_428089254|gvpA|protein
nat_9a9380d4b10b8ef49e08	9a9380d4b10b8ef49e08d8cdcb310b72b0898e2b53118fc0ebf7fc13e6851c59	cluster_0283d587032de178b666	85	quarantined	mixed_annotation_cluster;nearest_gvpa_to_unresolved_negative_cluster;unresolved_negative_cluster	WP_443143372.1;WP_443143372|gvpA|protein
nat_969159e68bc0479327cf	969159e68bc0479327cf12527c848f43e276e0d12b14db7fde40332a3c5adbe5	cluster_00eda75e8d86c0000a3e	92	quarantined	mixed_annotation_cluster;nearest_gvpa_to_unresolved_negative_cluster;unresolved_negative_cluster	WP_128525920.1;WP_128525920|gvpA|protein
nat_54de16dcd0555acdee27	54de16dcd0555acdee27e23bffaee616a31d423e9e0c7d09bc1668199d1ac85a	cluster_044b97bbcc6fc75d19af	72	quarantined	mixed_annotation_cluster;unresolved_negative_cluster	CAN1213032|gvpA|protein;WP_330483830.1;WP_330483830|gvpA|protein
nat_7cb4966ababb293a7db4	7cb4966ababb293a7db4a703483439d33c99a78a5a6366c84547d2b67a710fd5	cluster_044b97bbcc6fc75d19af	80	quarantined	mixed_annotation_cluster;unresolved_negative_cluster	WP_425589715.1;WP_425589715|gvpA|protein
nat_de1520359c3cd2badb80	de1520359c3cd2badb80f957511e46579741fc7dd176bf9ab7bd48d3e9492cb6	cluster_044b97bbcc6fc75d19af	80	quarantined	mixed_annotation_cluster;unresolved_negative_cluster	WP_425311603.1;WP_425311603|gvpA|protein;XTX24202|gvpA|protein
nat_49d3875a5ef4bbb644f9	49d3875a5ef4bbb644f930139f267d2cc4e3bdfbfd30dde28aab18149bc1f254	cluster_00058845722df3ede422	95	provisional_training_eligible	annotation_and_out_of_cluster_evidence_agree;no_known_cluster_conflict	WP_436344290.1;WP_436344290|gvpA|protein
nat_1e070d0d2387bb202235	1e070d0d2387bb202235dd365948f4b25f48059ea4c98d3578571e9cd7eb12bb	cluster_1e070d0d2387bb202235	75	provisional_training_eligible	annotation_and_out_of_cluster_evidence_agree;no_known_cluster_conflict	WP_440955508.1;WP_440955508|gvpA|protein;XYY85779|gvpA|protein
nat_38cb7bda240a833d36b3	38cb7bda240a833d36b384add457f6a14c4bac92c8bfa58639724187005025d1	cluster_00058845722df3ede422	95	provisional_training_eligible	annotation_and_out_of_cluster_evidence_agree;no_known_cluster_conflict	WP_440769334.1;WP_440769334|gvpA|protein
nat_8f3e753527c876cd94f0	8f3e753527c876cd94f0f40735a536faf3fc90a3524a79b993b998a48495383b	cluster_00058845722df3ede422	95	provisional_training_eligible	annotation_and_out_of_cluster_evidence_agree;no_known_cluster_conflict	WP_124192755.1;WP_124192755|gvpA|protein
nat_8f7aa09afb9d7c3cc2eb	8f7aa09afb9d7c3cc2eb21e2c36d3651a0b1d0bb140446aa99cfc1a96f4de3ce	cluster_044b97bbcc6fc75d19af	72	quarantined	mixed_annotation_cluster;unresolved_negative_cluster	CDM94358|gvpA|protein;CDM94362|gvpA|protein;GCE96702|gvpA|protein;QNH59348|gvpA|protein;QNH59349|gvpA|protein;QQW31697|gvpA|protein;QQW31698|gvpA|protein;QQW31699|gvpA|protein;WP_006616598.1;WP_006616598|gvpA|protein;XDE63737|gvpA|protein;XUE26255|gvpA|protein
nat_144165ea4d3ea8a64b2e	144165ea4d3ea8a64b2e97fd557e53d485b05e168aefc547e39ea8dc8fed59dd	cluster_00058845722df3ede422	95	provisional_training_eligible	annotation_and_out_of_cluster_evidence_agree;no_known_cluster_conflict	WP_436345017.1;WP_436345017|gvpA|protein
nat_bb973ad514bc9a8e4071	bb973ad514bc9a8e4071a1875fc5756e7859556fa23d8596d35a2c4da3565928	cluster_044b97bbcc6fc75d19af	72	quarantined	mixed_annotation_cluster;unresolved_negative_cluster	WP_435550518.1;WP_435550518|gvpA|protein
nat_d5c2d4101839c4dee9b6	d5c2d4101839c4dee9b608bbafd0bb712b3bb5cc8e8bb373c074eb48f72d3a9b	cluster_0da4fc315e8c5fa1925f	86	provisional_training_eligible	annotation_and_out_of_cluster_evidence_agree;no_known_cluster_conflict	WP_435348186.1;WP_435348186|gvpA|protein
nat_13dff233b6dfd04cb79c	13dff233b6dfd04cb79ca09d72c28e71d76c7ac1c59a0f75ad568a11420b75ee	cluster_04e4c15b93bd18832d36	76	provisional_training_eligible	annotation_and_out_of_cluster_evidence_agree;no_known_cluster_conflict	WP_435186752.1;WP_435186752|gvpA|protein
nat_f5db5c4704d592f947d9	f5db5c4704d592f947d9390e9bcd6afde1ac2a8c4b44472ec28636a4e3ab47c5	cluster_00058845722df3ede422	82	provisional_training_eligible	annotation_and_out_of_cluster_evidence_agree;no_known_cluster_conflict	WP_435154202.1;WP_435154202|gvpA|protein
nat_41af882b944a1fc500db	41af882b944a1fc500dbe8f6fc01230050462280d115eeafbc8f1cb2c66f1d11	cluster_044b97bbcc6fc75d19af	72	quarantined	mixed_annotation_cluster;unresolved_negative_cluster	WP_431662249.1;WP_431662249|gvpA|protein
nat_ffef1b1b441fdc15ea9c	ffef1b1b441fdc15ea9c7981dc1e18e5fd48b4bd588343bda7a874e40857653d	cluster_044b97bbcc6fc75d19af	72	quarantined	mixed_annotation_cluster;unresolved_negative_cluster	WP_190575773.1;WP_190575773|gvpA|protein
nat_b65132e25cc65ac0170d	b65132e25cc65ac0170dec17af09ef6d9ddc86b42bf3a1dd98bef9769b556343	cluster_0283d587032de178b666	93	quarantined	mixed_annotation_cluster;nearest_gvpa_to_unresolved_negative_cluster;unresolved_negative_cluster	WP_430790276.1;WP_430790276|gvpA|protein;XUI83482|gvpA|protein
nat_908def535fa98fa36b50	908def535fa98fa36b50ccc7b99887e25d2d33284b95e820e8135e01dd397cd1	cluster_044b97bbcc6fc75d19af	72	quarantined	mixed_annotation_cluster;unresolved_negative_cluster	WP_430686742.1;WP_430686742|gvpA|protein
nat_f0b585defb33f68b9eec	f0b585defb33f68b9eec146548ed02b46b614ae37435ad5b020b758b4d5f244f	cluster_044b97bbcc6fc75d19af	72	quarantined	mixed_annotation_cluster;unresolved_negative_cluster	WP_324632560.1;WP_324632560|gvpA|protein
nat_6ab091088c0d2085f193	6ab091088c0d2085f19341445efca3bd7552fe8e88dd3276c572540a4c79acbc	cluster_0283d587032de178b666	88	quarantined	mixed_annotation_cluster;nearest_gvpa_to_unresolved_negative_cluster;unresolved_negative_cluster	WP_323618175.1;WP_323618175|gvpA|protein
nat_cdcb9ea08084d402155d	cdcb9ea08084d402155df7d0686cb8cea6ba1a31a6700d9535afd219d71587fa	cluster_044b97bbcc6fc75d19af	72	quarantined	mixed_annotation_cluster;unresolved_negative_cluster	WP_322732512.1;WP_322732512|gvpA|protein
nat_e70eb92ab459701dc753	e70eb92ab459701dc753ece2045300ba79f6dcccdb811cbfe12eeb7a71243f3d	cluster_0283d587032de178b666	88	quarantined	mixed_annotation_cluster;nearest_gvpa_to_unresolved_negative_cluster;unresolved_negative_cluster	WP_322420075.1;WP_322420075|gvpA|protein
nat_6b64acdf3f40fdffd144	6b64acdf3f40fdffd14457cf606766a5451a179ed659c2fe7bc45e7d0a7abcb4	cluster_00eda75e8d86c0000a3e	91	quarantined	mixed_annotation_cluster;nearest_gvpa_to_unresolved_negative_cluster;unresolved_negative_cluster	WP_347395773.1;WP_347395773|gvpA|protein
nat_353e9d0dff81158687ff	353e9d0dff81158687ff2e4f2b8984e4d6a17430c1d909a093884122403d9cb2	cluster_0283d587032de178b666	91	quarantined	mixed_annotation_cluster;nearest_gvpa_to_unresolved_negative_cluster;unresolved_negative_cluster	WP_339227026.1;WP_339227026|gvpA|protein;WYN44540|gvpA|protein
nat_967e2f04e468a1a875d9	967e2f04e468a1a875d95aef96684bd59af17b05397db6a5e57b624802fa22d2	cluster_044b97bbcc6fc75d19af	78	quarantined	mixed_annotation_cluster;unresolved_negative_cluster	WP_335072082.1;WP_335072082|gvpA|protein
nat_26dd9c3e80f115461010	26dd9c3e80f115461010c3e48a60d95fe14f7e45bff5c06ac7dd6e0e34690448	cluster_044b97bbcc6fc75d19af	71	quarantined	mixed_annotation_cluster;unresolved_negative_cluster	WP_335059862.1;WP_335059862|gvpA|protein
nat_4076ee92571a9babe66f	4076ee92571a9babe66f0519b5f715f210808ee8cf5653d8a346b1632f6930d1	cluster_044b97bbcc6fc75d19af	71	quarantined	mixed_annotation_cluster;unresolved_negative_cluster	WP_334779866.1;WP_334779866|gvpA|protein
nat_58de098a6c8aae0513de	58de098a6c8aae0513de85526b4bfd2ec959113cd4692c08455d9bd7f1221b78	cluster_044b97bbcc6fc75d19af	72	quarantined	mixed_annotation_cluster;unresolved_negative_cluster	WP_428403798.1;WP_428403798|gvpA|protein
nat_531760bd0ae2999dbf0a	531760bd0ae2999dbf0aa9151e722a6e3f56f36bc1e97a4473d19e1e66ba63d6	cluster_10816d30b94e7e319ed1	91	quarantined	mixed_annotation_cluster;nearest_gvpa_to_unresolved_negative_cluster	WP_426585015.1;WP_426585015|gvpA|protein
nat_18aeb74e18302803a1f0	18aeb74e18302803a1f05608a7d4fa45b098bea94fa1a6302b33e1400eb1edfd	cluster_10816d30b94e7e319ed1	89	quarantined	mixed_annotation_cluster;nearest_gvpa_to_unresolved_negative_cluster	WP_426542028.1;WP_426542028|gvpA|protein
nat_27cfc6c7874687adce98	27cfc6c7874687adce98fe5beec40dda323c639ba2824175d39fc4aad0117ad3	cluster_27cfc6c7874687adce98	73	quarantined	mixed_annotation_cluster	WP_426380802.1;WP_426380802|gvpA|protein
nat_fc382b09fdd1c909c75c	fc382b09fdd1c909c75ca87f66ed2c98f5b6601cc069a0d6df8ae25285c11467	cluster_200ecff40f6b83ca60f9	93	provisional_training_eligible	annotation_and_out_of_cluster_evidence_agree;no_known_cluster_conflict	WP_423999109.1;WP_423999109|gvpA|protein;XRI17973|gvpA|protein
nat_fd49c343614a605c0f40	fd49c343614a605c0f408c1059dfd9e3f863077071d8fcc71280dc5802c3028c	cluster_09f47a4c9a94b657ae7d	87	quarantined	mixed_annotation_cluster;unresolved_negative_cluster	WP_309192103.1;WP_309192103|gvpA|protein
nat_6507b3f9f58ef91ab9d8	6507b3f9f58ef91ab9d82a0e5b2908ec0d333c616e2b17fc0f4b837dade8ca1f	cluster_0283d587032de178b666	88	quarantined	mixed_annotation_cluster;nearest_gvpa_to_unresolved_negative_cluster;unresolved_negative_cluster	WP_226555226.1;WP_226555226|gvpA|protein
nat_4482775e0979509e45d2	4482775e0979509e45d23f6ca737a7fdb6814c225930bbcb113f82d33d585228	cluster_00058845722df3ede422	95	provisional_training_eligible	annotation_and_out_of_cluster_evidence_agree;no_known_cluster_conflict	WP_007143586.1;WP_007143586|gvpA|protein
nat_628577dc37636bc0384e	628577dc37636bc0384ee327a4aeb3192a7c90e3c438c8b2383085b819d27655	cluster_044b97bbcc6fc75d19af	72	quarantined	mixed_annotation_cluster;unresolved_negative_cluster	WP_421032811.1;WP_421032811|gvpA|protein
nat_34e541178b7b0b894972	34e541178b7b0b894972aaad49425526fd16e04d52071bf0480f2bf5f7434458	cluster_00eda75e8d86c0000a3e	88	quarantined	mixed_annotation_cluster;nearest_gvpa_to_unresolved_negative_cluster;unresolved_negative_cluster	WP_415382277.1;WP_415382277|gvpA|protein
nat_5c686c3d3778ea9403cd	5c686c3d3778ea9403cd9d61d7221e3e4812a50ef33cf1e8cd450094ca203ae0	cluster_0283d587032de178b666	86	quarantined	mixed_annotation_cluster;nearest_gvpa_to_unresolved_negative_cluster;unresolved_negative_cluster	WP_413917177.1;WP_413917177|gvpA|protein
nat_19cd7b61a586d4e4fed8	19cd7b61a586d4e4fed893c2bbd031719e582f6c6b75c515eb7fffa1099eb2c8	cluster_0844cfaee9f234d540b5	84	quarantined	mixed_annotation_cluster;unresolved_negative_cluster	WP_336497511.1;WP_336497511|gvpA|protein
nat_a62ba34ed245e06a2975	a62ba34ed245e06a29758d7dd356e60f73eeb1c63f5eec9b8103fa7af5740d6a	cluster_044b97bbcc6fc75d19af	70	quarantined	mixed_annotation_cluster;unresolved_negative_cluster	WP_323244924.1;WP_323244924|gvpA|protein
nat_0b5cd7683d0975317579	0b5cd7683d09753175798c62619ea564033e5f158ba14359919e46d521384fcf	cluster_0b5cd7683d0975317579	72	quarantined	mixed_annotation_cluster	WP_164693470.1;WP_164693470|gvpA|protein
nat_9683dd0b519eaf04d743	9683dd0b519eaf04d7438c1faa3b5ba7bfa2c6cfe741bd86fa7ae8c0e5378d7f	cluster_044b97bbcc6fc75d19af	72	quarantined	mixed_annotation_cluster;unresolved_negative_cluster	RZM77707|gvpA|protein;WP_039726782.1;WP_039726782|gvpA|protein;XPB27899|gvpA|protein
nat_7c8675813e4623763282	7c8675813e46237632821dfe2c299d8a6a1afa403a3029f6dc9436af707fc73f	cluster_044b97bbcc6fc75d19af	72	quarantined	mixed_annotation_cluster;unresolved_negative_cluster	WP_322681236.1;WP_322681236|gvpA|protein
nat_edc787924d6392f7c1f5	edc787924d6392f7c1f5e5e00d1e49e457b29997f69ad3227883a383e8273b5b	cluster_00058845722df3ede422	94	provisional_training_eligible	annotation_and_out_of_cluster_evidence_agree;no_known_cluster_conflict	WP_416285140.1;WP_416285140|gvpA|protein
nat_b7662fa2f5d44aa0d6b4	b7662fa2f5d44aa0d6b41c24f4f96c605eb5db30149fbf2c0bac9fe17a17acbe	cluster_044b97bbcc6fc75d19af	72	quarantined	mixed_annotation_cluster;unresolved_negative_cluster	WP_416108851.1;WP_416108851|gvpA|protein
nat_f65654f9aa3b69f34daa	f65654f9aa3b69f34daadee67a7561e43738c0e2ee7c492fbb794705940ddbfb	cluster_044b97bbcc6fc75d19af	72	quarantined	mixed_annotation_cluster;unresolved_negative_cluster	WP_416108847.1;WP_416108847|gvpA|protein
nat_51223251df1314e3c9ba	51223251df1314e3c9bade6b7106f3aca04a55dafced3cc5b130a47bc7b29c63	cluster_1589f15763a3b3a0bf84	66	quarantined	mixed_annotation_cluster	WP_406912117|gvpA|protein
nat_e9d0d8807aee29d8e61c	e9d0d8807aee29d8e61cc5812e5272da20f42b2eb9c88bded666404669277156	cluster_02e83ad46b86e8eaf5e7	71	provisional_training_eligible	annotation_and_out_of_cluster_evidence_agree;no_known_cluster_conflict	WP_310619223.1;WP_310619223|gvpA|protein
nat_39cf0fd21702af1ff2b1	39cf0fd21702af1ff2b1a85e7f95803ffe5d465cb6cae8e617df8798b8c9f644	cluster_02e83ad46b86e8eaf5e7	69	provisional_training_eligible	annotation_and_out_of_cluster_evidence_agree;no_known_cluster_conflict	WP_024336577.1;WP_024336577|gvpA|protein
nat_ce84140595a3625becb8	ce84140595a3625becb853b3896946af55d40cf7bd6ebf4c0c866321df18c48e	cluster_044b97bbcc6fc75d19af	71	quarantined	mixed_annotation_cluster;unresolved_negative_cluster	WP_193980327.1;WP_193980327|gvpA|protein
nat_4a871af101af640b6e2c	4a871af101af640b6e2c4613cc92d8574a387d76bed376472736fe356f550e29	cluster_0283d587032de178b666	89	quarantined	mixed_annotation_cluster;nearest_gvpa_to_unresolved_negative_cluster;unresolved_negative_cluster	WP_413242310.1;WP_413242310|gvpA|protein
nat_de6e45b17a1efe79f377	de6e45b17a1efe79f37778d836358d826a304d076e7019714203a05f82787777	cluster_02e83ad46b86e8eaf5e7	74	provisional_training_eligible	annotation_and_out_of_cluster_evidence_agree;no_known_cluster_conflict	WP_413173347.1;WP_413173347|gvpA|protein;XNO56029|gvpA|protein
nat_44a44809c7c1d751ebce	44a44809c7c1d751ebce0ff9a86895a50f13e140bfe6d9ae84ed0e8114d8495c	cluster_044b97bbcc6fc75d19af	72	quarantined	mixed_annotation_cluster;unresolved_negative_cluster	WP_190464766.1;WP_190464766|gvpA|protein
nat_1a1b9a1e258a11254cb4	1a1b9a1e258a11254cb4f5cd618e15676d2d449475d5b0ed37269cbc3185bc1d	cluster_044b97bbcc6fc75d19af	72	quarantined	mixed_annotation_cluster;unresolved_negative_cluster	WP_190463961.1;WP_190463961|gvpA|protein
nat_6cd6a14977934f64979a	6cd6a14977934f64979a41a3771d6fe7e8dad157178bbbd3409fe43630cb5a41	cluster_0b5cd7683d0975317579	73	quarantined	mixed_annotation_cluster	WP_379650762.1;WP_379650762|gvpA|protein
nat_72cdd34cb274da9e5e19	72cdd34cb274da9e5e194597336bd584c0601117e8bd69b326cde75988c2ef5d	cluster_00eda75e8d86c0000a3e	92	quarantined	mixed_annotation_cluster;nearest_gvpa_to_unresolved_negative_cluster;unresolved_negative_cluster	WP_327608074.1;WP_327608074|gvpA|protein
nat_ae37005a67bc5cb2b176	ae37005a67bc5cb2b176bbb2a26f1bbfc007226ff1abafb159c27039c720fa0e	cluster_044b97bbcc6fc75d19af	72	quarantined	mixed_annotation_cluster;unresolved_negative_cluster	WP_324704072.1;WP_324704072|gvpA|protein
nat_fa062766acc141ed13ab	fa062766acc141ed13ab5647f670b952cf8945bbcfc8349eca2a90bcac8cd4ef	cluster_044b97bbcc6fc75d19af	71	quarantined	mixed_annotation_cluster;unresolved_negative_cluster	WP_280793164.1;WP_280793164|gvpA|protein
nat_6f227f789b114508ea99	6f227f789b114508ea9998be7bfc238fb7cd36b4f026ef2c1d299b426ba4d67d	cluster_044b97bbcc6fc75d19af	72	quarantined	mixed_annotation_cluster;unresolved_negative_cluster	WP_283757384.1;WP_283757384|gvpA|protein
nat_56d5d14e5f958bb848ef	56d5d14e5f958bb848effc7cddc6dd078434561bb8d86a1a4654791676632e8b	cluster_044b97bbcc6fc75d19af	71	quarantined	mixed_annotation_cluster;unresolved_negative_cluster	WP_280652748.1;WP_280652748|gvpA|protein
nat_819e640008ab1349cc70	819e640008ab1349cc70b304807fe3f89bc28dfae3f714424db06baf20ba737b	cluster_1589f15763a3b3a0bf84	63	quarantined	mixed_annotation_cluster	WP_409772926|gvpA|protein
nat_63d39c2e5861daa31f41	63d39c2e5861daa31f41643f87a02e57bbbbceb485e5b854577bf230f2d1c5e3	cluster_00eda75e8d86c0000a3e	83	quarantined	mixed_annotation_cluster;nearest_gvpa_to_unresolved_negative_cluster;unresolved_negative_cluster	WP_353746961.1;WP_353746961|gvpA|protein
nat_6d06213120173a755e9b	6d06213120173a755e9baa644f1b79091e5fe37b3d5310decd03b265d1c1198a	cluster_00eda75e8d86c0000a3e	88	quarantined	mixed_annotation_cluster;nearest_gvpa_to_unresolved_negative_cluster;unresolved_negative_cluster	WP_328257960.1;WP_328257960|gvpA|protein
nat_271291dc0f72accfac60	271291dc0f72accfac607a148f3b6af0576a1ad6cb95ac9bf3548d2abca3aa08	cluster_0844cfaee9f234d540b5	86	quarantined	mixed_annotation_cluster;unresolved_negative_cluster	WP_409293715.1;WP_409293715|gvpA|protein;XNZ78493|gvpA|protein
nat_07561c65a5d37a8aa878	07561c65a5d37a8aa878cb07b895eb5f91fafbeef771c9befc328c8c9c84e7fc	cluster_044b97bbcc6fc75d19af	72	quarantined	mixed_annotation_cluster;unresolved_negative_cluster	WP_408963110.1;WP_408963110|gvpA|protein
nat_73e0b5aa88a198c56cae	73e0b5aa88a198c56caeea07f42134079d2b868fcd0dbd1b9bc7234b4f64666a	cluster_00058845722df3ede422	87	provisional_training_eligible	annotation_and_out_of_cluster_evidence_agree;no_known_cluster_conflict	WP_408958174.1;WP_408958174|gvpA|protein
nat_cd0ec9cc83e20bd818b3	cd0ec9cc83e20bd818b34c3d6e32229ae82b1f4b803ad5a686041fe792cfa0b4	cluster_320fa412f1f1ad675d12	86	provisional_training_eligible	annotation_and_out_of_cluster_evidence_agree;no_known_cluster_conflict	WP_336364780.1;WP_336364780|gvpA|protein
nat_76418c5d471b2873e6bf	76418c5d471b2873e6bfd66246e1ddea8c46c09677d508ca4d85d7ddc4b66838	cluster_320fa412f1f1ad675d12	86	provisional_training_eligible	annotation_and_out_of_cluster_evidence_agree;no_known_cluster_conflict	WP_332101109.1;WP_332101109|gvpA|protein
nat_7801d96d034213cf08c8	7801d96d034213cf08c8a094d7cac15ce9d441b0b84d59a3a397698d01a086b2	cluster_320fa412f1f1ad675d12	84	provisional_training_eligible	annotation_and_out_of_cluster_evidence_agree;no_known_cluster_conflict	WP_332100865.1;WP_332100865|gvpA|protein
nat_b9d147aeaac9ffa9d0f3	b9d147aeaac9ffa9d0f345cb4414f298f5fcd7bdcb541313ba9f90ed1cf3a920	cluster_320fa412f1f1ad675d12	87	provisional_training_eligible	annotation_and_out_of_cluster_evidence_agree;no_known_cluster_conflict	WP_332099299.1;WP_332099299|gvpA|protein
nat_b34a5f1cebe7f342dc3f	b34a5f1cebe7f342dc3f0266350f98a4220b9e2eabe7f053f156e8a2488af41b	cluster_044b97bbcc6fc75d19af	72	quarantined	mixed_annotation_cluster;unresolved_negative_cluster	WP_038082255.1;WP_038082255|gvpA|protein
nat_354eeee0be3f0383107b	354eeee0be3f0383107be26977796d47824369722e4cc0040014e2231196c8e5	cluster_00eda75e8d86c0000a3e	85	quarantined	mixed_annotation_cluster;nearest_gvpa_to_unresolved_negative_cluster;unresolved_negative_cluster	WP_408011836.1;WP_408011836|gvpA|protein;XLH05853|gvpA|protein
nat_f2eb1efff0bc22bf511d	f2eb1efff0bc22bf511d7abe25340b374cb0b499c08c0e5b5016a140d3727bb3	cluster_044b97bbcc6fc75d19af	72	quarantined	mixed_annotation_cluster;unresolved_negative_cluster	WP_215820231.1;WP_215820231|gvpA|protein
nat_7d8f193406ee761e1417	7d8f193406ee761e1417644f12663163f20f02aa96aa9ac9a3e9967ae45736db	cluster_00058845722df3ede422	95	provisional_training_eligible	annotation_and_out_of_cluster_evidence_agree;no_known_cluster_conflict	WP_407039562.1;WP_407039562|gvpA|protein
nat_42ca32a46ff9fbfe04b0	42ca32a46ff9fbfe04b03849517149d6e08810007705041d2c8b3b34d20375bb	cluster_0283d587032de178b666	93	quarantined	mixed_annotation_cluster;nearest_gvpa_to_unresolved_negative_cluster;unresolved_negative_cluster	WP_404455754.1;WP_404455754|gvpA|protein;XKF67207|gvpA|protein
nat_a6d518bf56b5cafab96a	a6d518bf56b5cafab96ad5614138c302b7592dbeed2603e0b2367a1fa9195b51	cluster_00eda75e8d86c0000a3e	88	quarantined	mixed_annotation_cluster;nearest_gvpa_to_unresolved_negative_cluster;unresolved_negative_cluster	WP_404405697.1;WP_404405697|gvpA|protein;XKE66936|gvpA|protein
nat_f87e80c34ba5c8c8909b	f87e80c34ba5c8c8909bbdd240615676baff89720ec7c271d2c949964d53bfc2	cluster_04e4c15b93bd18832d36	87	provisional_training_eligible	annotation_and_out_of_cluster_evidence_agree;no_known_cluster_conflict	WP_231183142.1;WP_231183142|gvpA|protein
nat_7a296141a2788c2145e9	7a296141a2788c2145e9831dd2e14af2845f1b10362686045dd37b12e3d675db	cluster_00eda75e8d86c0000a3e	96	quarantined	mixed_annotation_cluster;nearest_gvpa_to_unresolved_negative_cluster;unresolved_negative_cluster	WP_062441008.1;WP_062441008|gvpA|protein
nat_38a86b2caad8351d20f8	38a86b2caad8351d20f84009e4f3fadc81641af9267c4634244814993c1e259b	cluster_02e83ad46b86e8eaf5e7	70	provisional_training_eligible	annotation_and_out_of_cluster_evidence_agree;no_known_cluster_conflict	WP_394079722.1;WP_394079722|gvpA|protein
nat_4ba0a2c8ff48af80e17e	4ba0a2c8ff48af80e17ea4e45f1da9493a8864d39f451200f163ff2e561d2b6f	cluster_044b97bbcc6fc75d19af	71	quarantined	mixed_annotation_cluster;unresolved_negative_cluster	WP_392535573.1;WP_392535573|gvpA|protein
nat_63e94d96149b61e3547f	63e94d96149b61e3547fb620a3561727505e40a05520085d6a7b53eda6afbc7c	cluster_320fa412f1f1ad675d12	87	provisional_training_eligible	annotation_and_out_of_cluster_evidence_agree;no_known_cluster_conflict	WP_122090611.1;WP_122090611|gvpA|protein
nat_1221e51a70c9226dfb5b	1221e51a70c9226dfb5b8f5c0eaea31f8d82a2bbe997fe275036cddfc6893f45	cluster_00eda75e8d86c0000a3e	90	quarantined	mixed_annotation_cluster;nearest_gvpa_to_unresolved_negative_cluster;unresolved_negative_cluster	WP_390306325.1;WP_390306325|gvpA|protein
nat_4f76b230eb60279eb5dd	4f76b230eb60279eb5dd9727b6fef53befa7b01de4543a47effc9d7219b9b6ea	cluster_00058845722df3ede422	95	provisional_training_eligible	annotation_and_out_of_cluster_evidence_agree;no_known_cluster_conflict	WP_390283382.1;WP_390283382|gvpA|protein
nat_044a3e6477173de21b19	044a3e6477173de21b191f88651098a6ddd5f3ea0f8288b883ad9f9d97c83ee6	cluster_044a3e6477173de21b19	90	quarantined	mixed_annotation_cluster;nearest_gvpa_to_unresolved_negative_cluster	WP_390271558.1;WP_390271558|gvpA|protein
nat_7d8900b1fc48c317aebb	7d8900b1fc48c317aebbade0a9e0f037e7f876e05e79fe26074fd735c2e3217a	cluster_00b8d6bdf51c5322f38c	86	quarantined	nearest_gvpa_to_unresolved_negative_cluster	WP_204418811.1;WP_204418811|gvpA|protein;XPD20917|gvpA|protein
nat_6b94719ca1a990ee1d8f	6b94719ca1a990ee1d8f7fe4a2780bb99c98d3599cd6abe8080921d204b422e4	cluster_04e4c15b93bd18832d36	87	provisional_training_eligible	annotation_and_out_of_cluster_evidence_agree;no_known_cluster_conflict	USZ76701|gvpA|protein;WP_253517921.1;WP_253517921|gvpA|protein
nat_943ce15fb7773fa3a769	943ce15fb7773fa3a769b10eef21ff74af8e9455a035ac627206a70f67094829	cluster_00058845722df3ede422	94	provisional_training_eligible	annotation_and_out_of_cluster_evidence_agree;no_known_cluster_conflict	WP_252487173.1;WP_252487173|gvpA|protein
nat_970873de163a6ff8ee05	970873de163a6ff8ee058480a3869a5416b54bf5594fe27fbb5156104085a425	cluster_04e4c15b93bd18832d36	88	provisional_training_eligible	annotation_and_out_of_cluster_evidence_agree;no_known_cluster_conflict	WP_217628970.1;WP_217628970|gvpA|protein
nat_2395590053bc57a3bac9	2395590053bc57a3bac9a2197e4b3100849ac0586b18b27401acb2786f9ed738	cluster_00eda75e8d86c0000a3e	91	quarantined	mixed_annotation_cluster;nearest_gvpa_to_unresolved_negative_cluster;unresolved_negative_cluster	WP_379496047.1;WP_379496047|gvpA|protein
nat_0dcb405a364eae4db9c2	0dcb405a364eae4db9c2e19b75732438619d866ca86f30cf78ac87bfd6ab062e	cluster_044b97bbcc6fc75d19af	72	quarantined	mixed_annotation_cluster;unresolved_negative_cluster	WP_377962562.1;WP_377962562|gvpA|protein
nat_440c141d3d83ed043c33	440c141d3d83ed043c333614417693fd89f0dfdca16a4ae6872273ea898aeb50	cluster_04e4c15b93bd18832d36	76	provisional_training_eligible	annotation_and_out_of_cluster_evidence_agree;no_known_cluster_conflict	WP_375796785.1;WP_375796785|gvpA|protein
nat_36d36d0c4f52b3ab32d3	36d36d0c4f52b3ab32d367ff704271c4f22cce71b0e9625e3e2a6ce41c559470	cluster_044b97bbcc6fc75d19af	73	quarantined	mixed_annotation_cluster;unresolved_negative_cluster	WP_375803144.1;WP_375803144|gvpA|protein
nat_476885d73f2103224b29	476885d73f2103224b292d5d842a8afc0794641e93e8e2d399aaf3c10eaa833c	cluster_02e83ad46b86e8eaf5e7	84	provisional_training_eligible	annotation_and_out_of_cluster_evidence_agree;no_known_cluster_conflict	WP_375594093.1;WP_375594093|gvpA|protein;XHC49834|gvpA|protein
nat_5d20f105b230fcb464d1	5d20f105b230fcb464d172f5f60beb5d3a0433f4d04c11d7e3b12442a0876f1f	cluster_04e4c15b93bd18832d36	78	provisional_training_eligible	annotation_and_out_of_cluster_evidence_agree;no_known_cluster_conflict	WP_373674330.1;WP_373674330|gvpA|protein
nat_92d7d81f95603487cd9c	92d7d81f95603487cd9c2e6f2b9a057290f97368162a627c34d4db46064b5d78	cluster_00058845722df3ede422	95	provisional_training_eligible	annotation_and_out_of_cluster_evidence_agree;no_known_cluster_conflict	WP_373618838.1;WP_373618838|gvpA|protein
nat_4f811102c58fb8e77080	4f811102c58fb8e77080f5dd3e87eca3f86feb91a847119b6ffe487ef0fe11f1	cluster_04e4c15b93bd18832d36	78	provisional_training_eligible	annotation_and_out_of_cluster_evidence_agree;no_known_cluster_conflict	WP_267662982.1;WP_267662982|gvpA|protein
nat_b47c8eec954491beb714	b47c8eec954491beb71449c63366fd48ba5dce86743a074cbdbe978a2a2b450c	cluster_00058845722df3ede422	95	provisional_training_eligible	annotation_and_out_of_cluster_evidence_agree;no_known_cluster_conflict	WP_149081285.1;WP_149081285|gvpA|protein
nat_bb09971e1315fce64b6e	bb09971e1315fce64b6ebe60ab918eb13f4e62c370d2b46304d7bccf3b3ead2c	cluster_044b97bbcc6fc75d19af	72	quarantined	mixed_annotation_cluster;unresolved_negative_cluster	QXP83328|gvpA|protein;WP_218806347.1;WP_218806347|gvpA|protein;XCV39199|gvpA|protein
nat_0e91ce29d8018f1f6bc6	0e91ce29d8018f1f6bc63564bb43e1bf4a485fe22bc7a713e9a2e0a3b6c8385c	cluster_044b97bbcc6fc75d19af	71	quarantined	mixed_annotation_cluster;unresolved_negative_cluster	WP_054470142.1;WP_054470142|gvpA|protein;XCM36407|gvpA|protein;XCM36523|gvpA|protein
nat_004ac783975534947324	004ac7839755349473240380f645fff65b298b81cd7212d8be9f25d268874df0	cluster_00058845722df3ede422	94	provisional_training_eligible	annotation_and_out_of_cluster_evidence_agree;no_known_cluster_conflict	WP_342809826.1;WP_342809826|gvpA|protein
nat_07f90c8c92dbdb92b94e	07f90c8c92dbdb92b94e1c4becf058d78867504d7c200a8ac59420a67443e648	cluster_00058845722df3ede422	95	provisional_training_eligible	annotation_and_out_of_cluster_evidence_agree;no_known_cluster_conflict	WP_339102459.1;WP_339102459|gvpA|protein
nat_5c03f7861ccf36dc0533	5c03f7861ccf36dc05336cbb110d6b9466b83c837a45b4254d8ee83f1acb7937	cluster_00058845722df3ede422	84	provisional_training_eligible	annotation_and_out_of_cluster_evidence_agree;no_known_cluster_conflict	WP_338727022.1;WP_338727022|gvpA|protein
nat_4cea385a8794a0b112c3	4cea385a8794a0b112c3718b48635d7251fd2b54c59d9aaf7a1aa68ef55f0934	cluster_00058845722df3ede422	94	provisional_training_eligible	annotation_and_out_of_cluster_evidence_agree;no_known_cluster_conflict	WP_338007780.1;WP_338007780|gvpA|protein
nat_4e9e86277af05dbd050d	4e9e86277af05dbd050d6026de986c169c801caeb1df279e98d79b71f7f662b6	cluster_00058845722df3ede422	94	provisional_training_eligible	annotation_and_out_of_cluster_evidence_agree;no_known_cluster_conflict	WP_338001785.1;WP_338001785|gvpA|protein
nat_0a6194eed91a047cb43e	0a6194eed91a047cb43e42df86660279db231e8e43de2021d1f6bd61c0de9318	cluster_00058845722df3ede422	84	provisional_training_eligible	annotation_and_out_of_cluster_evidence_agree;no_known_cluster_conflict	WP_332897853.1;WP_332897853|gvpA|protein
nat_ea5746ec582bf06f4e03	ea5746ec582bf06f4e03026eb672c30524a41db3d8f7504c2c6530701baaefa7	cluster_3e013aaa6defa9421798	72	provisional_training_eligible	annotation_and_out_of_cluster_evidence_agree;no_known_cluster_conflict	WP_332321129.1;WP_332321129|gvpA|protein
nat_edf12e96625a3cd49854	edf12e96625a3cd498543a51165a1fe2582809ab9abb59ead2892e6153bce04a	cluster_00058845722df3ede422	86	provisional_training_eligible	annotation_and_out_of_cluster_evidence_agree;no_known_cluster_conflict	WP_331233287.1;WP_331233287|gvpA|protein
nat_d9b751580230ca0e5773	d9b751580230ca0e5773c57e4ce813ad00b52f3d761de387a4ceb48a8b983c68	cluster_d9b751580230ca0e5773	85	provisional_training_eligible	annotation_and_out_of_cluster_evidence_agree;no_known_cluster_conflict	WP_313692695.1;WP_313692695|gvpA|protein
nat_4d4e00d31d935ed0527d	4d4e00d31d935ed0527dea10b018697cb7c3f72bf199a24b36075804bc95f4cd	cluster_00058845722df3ede422	95	provisional_training_eligible	annotation_and_out_of_cluster_evidence_agree;no_known_cluster_conflict	WP_312909280.1;WP_312909280|gvpA|protein
nat_4132d6e9996d37d7483a	4132d6e9996d37d7483a43399d0cf509931b6bc7ffe8affe4d8014ed5a994667	cluster_04e4c15b93bd18832d36	92	provisional_training_eligible	annotation_and_out_of_cluster_evidence_agree;no_known_cluster_conflict	WP_310905889.1;WP_310905889|gvpA|protein
nat_fca422d4ddd5dcd65605	fca422d4ddd5dcd65605aca73a48825de01049d9d8a1773ef99115068238d3f9	cluster_00058845722df3ede422	96	provisional_training_eligible	annotation_and_out_of_cluster_evidence_agree;no_known_cluster_conflict	WP_306756674.1;WP_306756674|gvpA|protein
nat_d4bbfd09a62903f1dd61	d4bbfd09a62903f1dd61a6f9ad8db51b9835b18fbf9766c780f6719f9f1e9643	cluster_00058845722df3ede422	94	provisional_training_eligible	annotation_and_out_of_cluster_evidence_agree;no_known_cluster_conflict	WP_306059442.1;WP_306059442|gvpA|protein
nat_fd90bc846ac4fc169df6	fd90bc846ac4fc169df6b72c6d79f22f65e19b6288aa31b62ee0ef2b7fbcbd95	cluster_d9b751580230ca0e5773	92	provisional_training_eligible	annotation_and_out_of_cluster_evidence_agree;no_known_cluster_conflict	WP_304447146.1;WP_304447146|gvpA|protein
nat_6cb2a4a67fad0b3f22b1	6cb2a4a67fad0b3f22b180db738bb3f59efd73950cd7b341fdf1ef17aafa121f	cluster_0da4fc315e8c5fa1925f	74	provisional_training_eligible	annotation_and_out_of_cluster_evidence_agree;no_known_cluster_conflict	WP_296608059.1;WP_296608059|gvpA|protein
nat_340bf83afc765d1b00fd	340bf83afc765d1b00fdd15c36a88211b6ccc7b1557c106bec83457cd9bb095b	cluster_1e070d0d2387bb202235	78	provisional_training_eligible	annotation_and_out_of_cluster_evidence_agree;no_known_cluster_conflict	WP_292371610.1;WP_292371610|gvpA|protein
nat_833a1708482ad34125e2	833a1708482ad34125e281ec9a7bb5ff185d6b74e637c9a4e71748011be93051	cluster_00058845722df3ede422	98	provisional_training_eligible	annotation_and_out_of_cluster_evidence_agree;no_known_cluster_conflict	WP_290814024.1;WP_290814024|gvpA|protein
nat_0aeb545239a28bae61f9	0aeb545239a28bae61f99fbd60bce02d7f124f3277108fc0d913126d6222ba8b	cluster_00058845722df3ede422	86	provisional_training_eligible	annotation_and_out_of_cluster_evidence_agree;no_known_cluster_conflict	WP_286046597.1;WP_286046597|gvpA|protein
nat_ce5dc523b5749c0ad99a	ce5dc523b5749c0ad99a93b9d53e7343c2df1a582dcc1045a1caf959b34254dd	cluster_320fa412f1f1ad675d12	87	provisional_training_eligible	annotation_and_out_of_cluster_evidence_agree;no_known_cluster_conflict	WP_286043823.1;WP_286043823|gvpA|protein
nat_9fda348180c612303cdb	9fda348180c612303cdb7da49eec263f1c4a969cd97d7811ee7730f5dc5f4d4e	cluster_00058845722df3ede422	95	provisional_training_eligible	annotation_and_out_of_cluster_evidence_agree;no_known_cluster_conflict	WIV67593|gvpA|protein;WP_285927312.1;WP_285927312|gvpA|protein
nat_0145b7d0415b25474bf7	0145b7d0415b25474bf7a3c8e0a8c493009e798905f413a70669e51a92c9c25b	cluster_00058845722df3ede422	95	provisional_training_eligible	annotation_and_out_of_cluster_evidence_agree;no_known_cluster_conflict	WP_283836894.1;WP_283836894|gvpA|protein
nat_64b87c36790fe3acd4ba	64b87c36790fe3acd4baa751c7e30662ba7fd5dddd03a8f17f2a097d90e9a793	cluster_00058845722df3ede422	94	provisional_training_eligible	annotation_and_out_of_cluster_evidence_agree;no_known_cluster_conflict	WP_278293264.1;WP_278293264|gvpA|protein
nat_0da4fc315e8c5fa1925f	0da4fc315e8c5fa1925fb0764a91af43de57873340a143b142e0b66ac5307abb	cluster_0da4fc315e8c5fa1925f	76	provisional_training_eligible	annotation_and_out_of_cluster_evidence_agree;no_known_cluster_conflict	WP_276835635.1;WP_276835635|gvpA|protein
nat_62b65b4bdaad5382b6fd	62b65b4bdaad5382b6fd1a8fe84b861f9f2785c845ef6d5232a5858759e89434	cluster_0da4fc315e8c5fa1925f	76	provisional_training_eligible	annotation_and_out_of_cluster_evidence_agree;no_known_cluster_conflict	WP_276835632.1;WP_276835632|gvpA|protein
nat_644a625ed987b37152d8	644a625ed987b37152d8accd5afc91e83fbb7aa608bf5b736cb83e597789259b	cluster_0da4fc315e8c5fa1925f	76	provisional_training_eligible	annotation_and_out_of_cluster_evidence_agree;no_known_cluster_conflict	WP_276835630.1;WP_276835630|gvpA|protein
nat_3dd2d389f45d6f0511d2	3dd2d389f45d6f0511d21268defb0f34c51a26455c8e3504fb137cf688b87ebe	cluster_3dd2d389f45d6f0511d2	93	provisional_training_eligible	annotation_and_out_of_cluster_evidence_agree;no_known_cluster_conflict	WP_276304827.1;WP_276304827|gvpA|protein
nat_bf00fc1bb4a6bea076a5	bf00fc1bb4a6bea076a5150d4d94cbb2a3a41994343dd8761a39ebcf83a45c14	cluster_00058845722df3ede422	95	provisional_training_eligible	annotation_and_out_of_cluster_evidence_agree;no_known_cluster_conflict	WP_276254240.1;WP_276254240|gvpA|protein
nat_1f1d6fdb82f348ed948e	1f1d6fdb82f348ed948e69813ca969e1811e69f665260cf74fa3f7a057c84e99	cluster_00058845722df3ede422	84	provisional_training_eligible	annotation_and_out_of_cluster_evidence_agree;no_known_cluster_conflict	WP_276245661.1;WP_276245661|gvpA|protein
nat_fe2e069c7d192a9aa4be	fe2e069c7d192a9aa4be872c95d8c541ca761882f3f5cd67653cf6f33ac13f55	cluster_00058845722df3ede422	92	provisional_training_eligible	annotation_and_out_of_cluster_evidence_agree;no_known_cluster_conflict	WP_273740706.1;WP_273740706|gvpA|protein
nat_dc2b0da282a1a334132b	dc2b0da282a1a334132b94fa6b433ee40a84ca23e7aee931a5e7e57eca9070ad	cluster_0a9ee98cbcc2eabfac38	102	provisional_training_eligible	annotation_and_out_of_cluster_evidence_agree;no_known_cluster_conflict	WP_267623160|gvpA|protein
nat_eb796c25a48cdf2ca2d4	eb796c25a48cdf2ca2d4dadeba00b8fcbecdd1aafff9a5f2eef1c0b32866c085	cluster_00058845722df3ede422	82	provisional_training_eligible	annotation_and_out_of_cluster_evidence_agree;no_known_cluster_conflict	WP_266077553.1;WP_266077553|gvpA|protein
nat_4a87fc740463a61b2d05	4a87fc740463a61b2d05a11bcb05ac53e96820f7fa9f523dbb26076210cd1f90	cluster_3dd2d389f45d6f0511d2	109	provisional_training_eligible	annotation_and_out_of_cluster_evidence_agree;no_known_cluster_conflict	WP_264556325|gvpA|protein
nat_b9de124a92fba0281b06	b9de124a92fba0281b06c043a18713db03fec66b97dafd593654c7d8ee4bdae4	cluster_00058845722df3ede422	93	provisional_training_eligible	annotation_and_out_of_cluster_evidence_agree;no_known_cluster_conflict	WP_264182115.1;WP_264182115|gvpA|protein
nat_140f5823a50b88bf41c9	140f5823a50b88bf41c9cf8f0ecce11b98c5f03d7189a529d0efadf5d087eb18	cluster_00058845722df3ede422	93	provisional_training_eligible	annotation_and_out_of_cluster_evidence_agree;no_known_cluster_conflict	WP_263019417.1;WP_263019417|gvpA|protein
nat_461115b7000bfd74f566	461115b7000bfd74f56636de688b3e75d1a99451a35df65d49a6e139de49cbf1	cluster_00058845722df3ede422	96	provisional_training_eligible	annotation_and_out_of_cluster_evidence_agree;no_known_cluster_conflict	WP_256531060.1;WP_256531060|gvpA|protein
nat_bc61cfaf37743c96bcc0	bc61cfaf37743c96bcc099f173009a97501e9412f819aabc6f95ac7091dec987	cluster_04e4c15b93bd18832d36	93	provisional_training_eligible	annotation_and_out_of_cluster_evidence_agree;no_known_cluster_conflict	WP_256392402.1;WP_256392402|gvpA|protein
nat_fa2383cbfbff83286c61	fa2383cbfbff83286c6190e5f9ab210e692563b8c092e007a6f07b929ad5936a	cluster_00058845722df3ede422	96	provisional_training_eligible	annotation_and_out_of_cluster_evidence_agree;no_known_cluster_conflict	WP_255193947.1;WP_255193947|gvpA|protein
nat_0ae199fc6d044a2da135	0ae199fc6d044a2da1351509b524fc07b4da56bff0ab0a0763d56a10601c206a	cluster_00058845722df3ede422	95	provisional_training_eligible	annotation_and_out_of_cluster_evidence_agree;no_known_cluster_conflict	WP_255167832.1;WP_255167832|gvpA|protein
nat_dca06c4ca76aafac96e9	dca06c4ca76aafac96e935b72d0eee29c4619e4488f965d6467f9755e642ab6b	cluster_00058845722df3ede422	97	provisional_training_eligible	annotation_and_out_of_cluster_evidence_agree;no_known_cluster_conflict	WP_254863316.1;WP_254863316|gvpA|protein
nat_c7cb28cf54b6a88ff785	c7cb28cf54b6a88ff785e5323cd1bdbffa96279c0b39492eeb6a14c7568905bc	cluster_00058845722df3ede422	99	provisional_training_eligible	annotation_and_out_of_cluster_evidence_agree;no_known_cluster_conflict	WP_254765721.1;WP_254765721|gvpA|protein
nat_5577d4ac8367231fcec5	5577d4ac8367231fcec50f83da91db8ca882c0dc8629ac4a66b76fa0e8de5f57	cluster_3dd2d389f45d6f0511d2	93	provisional_training_eligible	annotation_and_out_of_cluster_evidence_agree;no_known_cluster_conflict	WP_254545002.1;WP_254545002|gvpA|protein
nat_c5a4c69d0879da5e6614	c5a4c69d0879da5e661497a4711c5ba745137829a29919810698fe674bd10d27	cluster_0a5813d34fb4f832fd7d	97	provisional_training_eligible	annotation_and_out_of_cluster_evidence_agree;no_known_cluster_conflict	WP_254535116.1;WP_254535116|gvpA|protein
nat_d6e9dabc7155ae370ddb	d6e9dabc7155ae370ddb09e0bae20bdbc48caa253ce39756dca03bc4a0e50d8b	cluster_00058845722df3ede422	95	provisional_training_eligible	annotation_and_out_of_cluster_evidence_agree;no_known_cluster_conflict	WP_254532508.1;WP_254532508|gvpA|protein
nat_05a00477d12701f3890c	05a00477d12701f3890c1dd96656653d2f67adee9a1f126760ee634cb9b35334	cluster_00058845722df3ede422	95	provisional_training_eligible	annotation_and_out_of_cluster_evidence_agree;no_known_cluster_conflict	WP_254525374.1;WP_254525374|gvpA|protein
nat_75679c0d4db585656573	75679c0d4db585656573044908e13a67effd912339ddc8eec2ed6e7a995e9417	cluster_00058845722df3ede422	92	provisional_training_eligible	annotation_and_out_of_cluster_evidence_agree;no_known_cluster_conflict	UTF55440|gvpA|protein;WP_254160480.1;WP_254160480|gvpA|protein
nat_8d29ff35edf68fc809de	8d29ff35edf68fc809deca67c394601f9988a9628d0099af15ed1cb1d44b7a5f	cluster_00058845722df3ede422	95	provisional_training_eligible	annotation_and_out_of_cluster_evidence_agree;no_known_cluster_conflict	USZ73203|gvpA|protein;UTF53399|gvpA|protein;WP_253437521.1;WP_253437521|gvpA|protein
nat_ee10b37a92559cba1989	ee10b37a92559cba1989732ac44f05e8bde57068b78b573e193360b62d897bf7	cluster_00058845722df3ede422	92	provisional_training_eligible	annotation_and_out_of_cluster_evidence_agree;no_known_cluster_conflict	USZ70426|gvpA|protein;WP_253430212.1;WP_253430212|gvpA|protein
nat_f49fe3672d6fdfda7cc7	f49fe3672d6fdfda7cc7ec0b9a4f54af44ee8f53326ed5f3c0b281e5a61cd93b	cluster_00058845722df3ede422	95	provisional_training_eligible	annotation_and_out_of_cluster_evidence_agree;no_known_cluster_conflict	WP_252700730.1;WP_252700730|gvpA|protein
nat_53979ea823175001b77b	53979ea823175001b77b6bbf60f4288bd1629111bcc1c87c4ca10c6e175c17e6	cluster_0a5813d34fb4f832fd7d	95	provisional_training_eligible	annotation_and_out_of_cluster_evidence_agree;no_known_cluster_conflict	WP_250874940.1;WP_250874940|gvpA|protein
nat_84eddb9c9ecca10afd5a	84eddb9c9ecca10afd5a775c11e3d7bab42a1aff8c6bad25b1b013a542f3bc54	cluster_84eddb9c9ecca10afd5a	99	provisional_training_eligible	annotation_and_out_of_cluster_evidence_agree;no_known_cluster_conflict	WP_250872509.1;WP_250872509|gvpA|protein
nat_a7791ad55c70e7fd3462	a7791ad55c70e7fd346219c5a78230165d2e97e2e807cb98c29fac4b45d5a0de	cluster_00058845722df3ede422	95	provisional_training_eligible	annotation_and_out_of_cluster_evidence_agree;no_known_cluster_conflict	WP_250139719.1;WP_250139719|gvpA|protein
nat_b28a6bed955c267791e6	b28a6bed955c267791e6d3709c242af34793b4f5066cb44d244505ac9d8b631f	cluster_3dd2d389f45d6f0511d2	109	provisional_training_eligible	annotation_and_out_of_cluster_evidence_agree;no_known_cluster_conflict	WP_248909849|gvpA|protein
nat_2257aec2c4abeff42ec4	2257aec2c4abeff42ec43bfebdc376d024c4499995e46a6ba2ec53fff8ad6556	cluster_00058845722df3ede422	97	provisional_training_eligible	annotation_and_out_of_cluster_evidence_agree;no_known_cluster_conflict	WP_247729007.1;WP_247729007|gvpA|protein
nat_0a5813d34fb4f832fd7d	0a5813d34fb4f832fd7d9748d68c12fae82607f9da230322e66fab8afe74727b	cluster_0a5813d34fb4f832fd7d	95	provisional_training_eligible	annotation_and_out_of_cluster_evidence_agree;no_known_cluster_conflict	WP_247416651.1;WP_247416651|gvpA|protein
nat_a49cfe7d33cec22c3905	a49cfe7d33cec22c39058e6f0aa13a93c8f0dfff7754574197d17888f1fc55ff	cluster_00058845722df3ede422	95	provisional_training_eligible	annotation_and_out_of_cluster_evidence_agree;no_known_cluster_conflict	WP_247001169.1;WP_247001169|gvpA|protein
nat_b14fdba1c12c78ac4485	b14fdba1c12c78ac448516578d86300dcd54343b45823a68083ccd180c8caf83	cluster_00058845722df3ede422	84	provisional_training_eligible	annotation_and_out_of_cluster_evidence_agree;no_known_cluster_conflict	WP_227373847.1;WP_227373847|gvpA|protein
nat_27cf1e5aac6ec3dd931d	27cf1e5aac6ec3dd931dff21f72095eed48d09c3f568003ed3775261bc0e6122	cluster_0da4fc315e8c5fa1925f	76	provisional_training_eligible	annotation_and_out_of_cluster_evidence_agree;no_known_cluster_conflict	WP_227132931.1;WP_227132931|gvpA|protein
nat_d4ba65189ba86a477cc5	d4ba65189ba86a477cc5ef0f66429d8e911333cad147cb074025253abb37da7f	cluster_00058845722df3ede422	92	provisional_training_eligible	annotation_and_out_of_cluster_evidence_agree;no_known_cluster_conflict	WP_226041793.1;WP_226041793|gvpA|protein
nat_a9c10692b45d32f772b4	a9c10692b45d32f772b49ae4400b85a55c24b3655085701096adf67a6d89a507	cluster_00058845722df3ede422	95	provisional_training_eligible	annotation_and_out_of_cluster_evidence_agree;no_known_cluster_conflict	WP_226007125.1;WP_226007125|gvpA|protein
nat_c477483bf308ed286daf	c477483bf308ed286dafd66898b1afa93f47b811493f49b76b651d0d3dcb7403	cluster_3e013aaa6defa9421798	87	provisional_training_eligible	annotation_and_out_of_cluster_evidence_agree;no_known_cluster_conflict	WP_224447735.1;WP_224447735|gvpA|protein
nat_e31d0685f6a3fa9a63fd	e31d0685f6a3fa9a63fd6193f3d90958501acaa75a873ac24a4c438b68d2330c	cluster_3e013aaa6defa9421798	90	provisional_training_eligible	annotation_and_out_of_cluster_evidence_agree;no_known_cluster_conflict	WP_224332750.1;WP_224332750|gvpA|protein
nat_4d722634e257d2a7d133	4d722634e257d2a7d1338858bded9b52176fe2d51e0d0507a808dd93b62c2a49	cluster_00058845722df3ede422	95	provisional_training_eligible	annotation_and_out_of_cluster_evidence_agree;no_known_cluster_conflict	WP_222918710.1;WP_222918710|gvpA|protein
nat_3ca11356bba8d59e0a37	3ca11356bba8d59e0a3715bee43b09845f1c7879f899f72959aa2bcf59603f68	cluster_200ecff40f6b83ca60f9	93	provisional_training_eligible	annotation_and_out_of_cluster_evidence_agree;no_known_cluster_conflict	WP_220580832.1;WP_220580832|gvpA|protein
nat_7d1d4ec0845163a487d6	7d1d4ec0845163a487d66c420796f6482ca852eab0c9282b03fc0c125ba15dd8	cluster_04e4c15b93bd18832d36	88	provisional_training_eligible	annotation_and_out_of_cluster_evidence_agree;no_known_cluster_conflict	WP_218153787.1;WP_218153787|gvpA|protein
nat_82e4660fb87f57daff30	82e4660fb87f57daff301dfe4130bc4899fa88daf9461bb210d8b33d8160ea71	cluster_00058845722df3ede422	95	provisional_training_eligible	annotation_and_out_of_cluster_evidence_agree;no_known_cluster_conflict	WP_207587676.1;WP_207587676|gvpA|protein
nat_4dc9c1477d3d6b181da7	4dc9c1477d3d6b181da7459081875eca89af9f16bfff711a31c8124578309943	cluster_00058845722df3ede422	95	provisional_training_eligible	annotation_and_out_of_cluster_evidence_agree;no_known_cluster_conflict	QSW99551|gvpA|protein;WP_207289157.1;WP_207289157|gvpA|protein
nat_1aef09f774a1818b7e24	1aef09f774a1818b7e241a497f1019c8c5004db4b09485bc075fd1124e5b6cfb	cluster_00058845722df3ede422	96	provisional_training_eligible	annotation_and_out_of_cluster_evidence_agree;no_known_cluster_conflict	QSW99309|gvpA|protein;WP_207288917.1;WP_207288917|gvpA|protein
nat_dbd11e06d90ad48401af	dbd11e06d90ad48401af88eed365b119c47a8a6791e5241aa2c7c16325b4a749	cluster_00058845722df3ede422	94	provisional_training_eligible	annotation_and_out_of_cluster_evidence_agree;no_known_cluster_conflict	QSW84614|gvpA|protein;WP_207269842.1;WP_207269842|gvpA|protein
nat_1ed909a554bd91f8870f	1ed909a554bd91f8870f86101c7b69e680247a3cd2b0fa7e2abc3f136c712172	cluster_0da4fc315e8c5fa1925f	73	provisional_training_eligible	annotation_and_out_of_cluster_evidence_agree;no_known_cluster_conflict	QSW84089|gvpA|protein;WP_207269332.1;WP_207269332|gvpA|protein
nat_ac44a557fbffad89a437	ac44a557fbffad89a437e1026e0c27f6123339c61d030f455ebf334321705841	cluster_3e013aaa6defa9421798	72	provisional_training_eligible	annotation_and_out_of_cluster_evidence_agree;no_known_cluster_conflict	WP_188786682.1;WP_188786682|gvpA|protein
nat_4d627ec7ce40cceb1d25	4d627ec7ce40cceb1d25b3a543fe91316e6bb43c760ea864dc599f514738fc0f	cluster_04e4c15b93bd18832d36	78	provisional_training_eligible	annotation_and_out_of_cluster_evidence_agree;no_known_cluster_conflict	WP_181692579.1;WP_181692579|gvpA|protein
nat_4a610b8daff21e476288	4a610b8daff21e47628899f45527e056a293252b40315ad74c35fae02520e728	cluster_0a5813d34fb4f832fd7d	85	provisional_training_eligible	annotation_and_out_of_cluster_evidence_agree;no_known_cluster_conflict	WP_179267280.1;WP_179267280|gvpA|protein
nat_bf5abb4d953e0d6aaa1f	bf5abb4d953e0d6aaa1f2b504bb07449e4a36340f9e5f7a959e4eda39973132d	cluster_00058845722df3ede422	95	provisional_training_eligible	annotation_and_out_of_cluster_evidence_agree;no_known_cluster_conflict	QLG48078|gvpA|protein;WP_179259819.1;WP_179259819|gvpA|protein
nat_32fcf9c5b6202c499dc1	32fcf9c5b6202c499dc1a79030b4ef28d478a9d90e34a12676f797ac6b5f169d	cluster_00058845722df3ede422	88	provisional_training_eligible	annotation_and_out_of_cluster_evidence_agree;no_known_cluster_conflict	WP_179171077.1;WP_179171077|gvpA|protein
nat_34e09ae9d7236edc844b	34e09ae9d7236edc844bd9d7cb469e7a24024a380d0d79604cbdba31a25abe91	cluster_04e4c15b93bd18832d36	85	provisional_training_eligible	annotation_and_out_of_cluster_evidence_agree;no_known_cluster_conflict	WP_179170132.1;WP_179170132|gvpA|protein
nat_05d62502987d9405b8af	05d62502987d9405b8afcb2a362db70fdbd68e573d229f7913ad099b24cf88c6	cluster_00058845722df3ede422	95	provisional_training_eligible	annotation_and_out_of_cluster_evidence_agree;no_known_cluster_conflict	WP_174678802.1;WP_174678802|gvpA|protein
nat_48f4fc548c0153a5775e	48f4fc548c0153a5775e2d82043989ed247fc9808988e192c6cac4754329cc1b	cluster_00058845722df3ede422	96	provisional_training_eligible	annotation_and_out_of_cluster_evidence_agree;no_known_cluster_conflict	WP_165161358.1;WP_165161358|gvpA|protein
nat_42d774e2b731f8e5de6a	42d774e2b731f8e5de6ac1393aff775d6bee92ee1cc3dbf92e88a48dff3f6728	cluster_200ecff40f6b83ca60f9	93	provisional_training_eligible	annotation_and_out_of_cluster_evidence_agree;no_known_cluster_conflict	WP_162413127.1;WP_162413127|gvpA|protein
nat_0077c6cbf903d0b80137	0077c6cbf903d0b8013785e9c2d3858815e8c0423542a065d5cdb65ad21cfb84	cluster_00058845722df3ede422	96	provisional_training_eligible	annotation_and_out_of_cluster_evidence_agree;no_known_cluster_conflict	WP_160063339.1;WP_160063339|gvpA|protein
nat_373d638b02f47e751a57	373d638b02f47e751a57c41721893eb012f9c8426d44eccf9a30d2d9afd3030c	cluster_0a5813d34fb4f832fd7d	95	provisional_training_eligible	annotation_and_out_of_cluster_evidence_agree;no_known_cluster_conflict	WP_158205683.1;WP_158205683|gvpA|protein
nat_873dfd59523575571c0b	873dfd59523575571c0b5a852b23c36dbfdd894fd7b15dc4d7d0328398c94192	cluster_04e4c15b93bd18832d36	85	provisional_training_eligible	annotation_and_out_of_cluster_evidence_agree;no_known_cluster_conflict	WP_158056335.1;WP_158056335|gvpA|protein
nat_3beea3bf721df3e90ae2	3beea3bf721df3e90ae2c6d908b7aae76b4eaf09f5b646a01af8ad8019adf5be	cluster_00058845722df3ede422	94	provisional_training_eligible	annotation_and_out_of_cluster_evidence_agree;no_known_cluster_conflict	WP_148860446.1;WP_148860446|gvpA|protein
nat_cac8cf4903b24e69aca8	cac8cf4903b24e69aca846877fc06700a4c359f2f91bccf0bc18d01efd85d458	cluster_04e4c15b93bd18832d36	76	provisional_training_eligible	annotation_and_out_of_cluster_evidence_agree;no_known_cluster_conflict	WP_145843683.1;WP_145843683|gvpA|protein
nat_2a93193629740c6b70af	2a93193629740c6b70afaf073c3de7dac6d79ebf780c22b99addd3e1a8872350	cluster_04e4c15b93bd18832d36	76	provisional_training_eligible	annotation_and_out_of_cluster_evidence_agree;no_known_cluster_conflict	WP_144261482.1;WP_144261482|gvpA|protein
nat_dc6aa26cbe06c32b68c2	dc6aa26cbe06c32b68c260b69a10a159aad675ed26e13576b1dcb701f11fe265	cluster_00058845722df3ede422	94	provisional_training_eligible	annotation_and_out_of_cluster_evidence_agree;no_known_cluster_conflict	WP_141465890.1;WP_141465890|gvpA|protein
nat_bda4e304d446361a159c	bda4e304d446361a159c993095577115b3473052d3000dd181865e8db68e4361	cluster_00058845722df3ede422	95	provisional_training_eligible	annotation_and_out_of_cluster_evidence_agree;no_known_cluster_conflict	WP_138780111.1;WP_138780111|gvpA|protein
nat_7d45d6cf3df5d3d36985	7d45d6cf3df5d3d36985ffaae9b4dca4613dcc012597c5869c1497bfb7f7e173	cluster_00058845722df3ede422	95	provisional_training_eligible	annotation_and_out_of_cluster_evidence_agree;no_known_cluster_conflict	WP_137291688.1;WP_137291688|gvpA|protein
nat_200ecff40f6b83ca60f9	200ecff40f6b83ca60f947ac373e44b4fa429130e9e83ff16612f1f26cfc3724	cluster_200ecff40f6b83ca60f9	93	provisional_training_eligible	annotation_and_out_of_cluster_evidence_agree;no_known_cluster_conflict	WP_135305013.1;WP_135305013|gvpA|protein
nat_1f7ab0dfc808b4ef03c3	1f7ab0dfc808b4ef03c3a3a7d3b7aff271b6b8d527a1dff74c65ce73a26aa483	cluster_00058845722df3ede422	95	provisional_training_eligible	annotation_and_out_of_cluster_evidence_agree;no_known_cluster_conflict	WP_130499831.1;WP_130499831|gvpA|protein
nat_9fd0842a53e077dc147a	9fd0842a53e077dc147a850cd8d6e3deb845fe96e9ea825b3c2e830bac3b6ea8	cluster_3dd2d389f45d6f0511d2	111	provisional_training_eligible	annotation_and_out_of_cluster_evidence_agree;no_known_cluster_conflict	WP_124955529|gvpA|protein
nat_74aacbad701be1598660	74aacbad701be1598660e6ea3918fb6233e65fb0bdeacc530544ac385f3fcb28	cluster_00058845722df3ede422	95	provisional_training_eligible	annotation_and_out_of_cluster_evidence_agree;no_known_cluster_conflict	WP_124194920.1;WP_124194920|gvpA|protein
nat_7ee1d64f80049d71603c	7ee1d64f80049d71603c3af6a49d66d0c0f9785517dba1e88c751b17d25cee31	cluster_00058845722df3ede422	95	provisional_training_eligible	annotation_and_out_of_cluster_evidence_agree;no_known_cluster_conflict	WP_124177937.1;WP_124177937|gvpA|protein
nat_9ba949b2aab9e2be6898	9ba949b2aab9e2be689813d4dd9d11381224286210801b51bf61c9dc7415dff2	cluster_00058845722df3ede422	95	provisional_training_eligible	annotation_and_out_of_cluster_evidence_agree;no_known_cluster_conflict	WP_121744691.1;WP_121744691|gvpA|protein
nat_d1b057f953bd558c0457	d1b057f953bd558c0457518dff2b0d5f7603c86a6714b7248bb19e85412d7a81	cluster_00058845722df3ede422	95	provisional_training_eligible	annotation_and_out_of_cluster_evidence_agree;no_known_cluster_conflict	WP_121744350.1;WP_121744350|gvpA|protein
nat_3e013aaa6defa9421798	3e013aaa6defa9421798fff8e354ef30a45acf5afc839e06d7c6c6c1bded1ff1	cluster_3e013aaa6defa9421798	90	provisional_training_eligible	annotation_and_out_of_cluster_evidence_agree;no_known_cluster_conflict	WP_117592720.1;WP_117592720|gvpA|protein
nat_ccd25408209dd226eaf9	ccd25408209dd226eaf95c9255ff0de12c04411c57c39f04faa95f79a7841930	cluster_00058845722df3ede422	94	provisional_training_eligible	annotation_and_out_of_cluster_evidence_agree;no_known_cluster_conflict	WP_117364027.1;WP_117364027|gvpA|protein
nat_67dd37821af98e87666e	67dd37821af98e87666e5a31bf3f8cca05fbcdf425b9706e6853ca251f145d21	cluster_00058845722df3ede422	96	provisional_training_eligible	annotation_and_out_of_cluster_evidence_agree;no_known_cluster_conflict	WP_114575686.1;WP_114575686|gvpA|protein
nat_87d470267a8c16ab7df9	87d470267a8c16ab7df940fb92fc4a563e7753d63814e65247f4b39ca6166837	cluster_00058845722df3ede422	92	provisional_training_eligible	annotation_and_out_of_cluster_evidence_agree;no_known_cluster_conflict	QLK26300|gvpA|protein;WP_098726914.1;WP_098726914|gvpA|protein
nat_1eda5f35014077cd8e25	1eda5f35014077cd8e255895b81bcbbd3ddca329cac29a21a39478022f8aeb9d	cluster_00058845722df3ede422	94	provisional_training_eligible	annotation_and_out_of_cluster_evidence_agree;no_known_cluster_conflict	WP_097380016.1;WP_097380016|gvpA|protein
nat_b872ca2d5a2d145dce35	b872ca2d5a2d145dce354d36d77e70eb10a08b2055989b6d954f684f6957713d	cluster_04e4c15b93bd18832d36	90	provisional_training_eligible	annotation_and_out_of_cluster_evidence_agree;no_known_cluster_conflict	WP_097009060.1;WP_097009060|gvpA|protein
nat_b3561a1e0242e2259486	b3561a1e0242e2259486fe4e0fe24920cc0a6cfa37ee2d5ee0f4ab2b949738c6	cluster_1e070d0d2387bb202235	76	provisional_training_eligible	annotation_and_out_of_cluster_evidence_agree;no_known_cluster_conflict	WP_095644993.1;WP_095644993|gvpA|protein
nat_ede685c8031e89299cf7	ede685c8031e89299cf7a422150732c34db87965882e0ac21561377ae427499f	cluster_1e070d0d2387bb202235	76	provisional_training_eligible	annotation_and_out_of_cluster_evidence_agree;no_known_cluster_conflict	WP_095644610.1;WP_095644610|gvpA|protein
nat_d80e058d93177215aa4b	d80e058d93177215aa4b827adc631f2a7322ab03a6cae75ab72c3d5738e3ecab	cluster_00058845722df3ede422	95	provisional_training_eligible	annotation_and_out_of_cluster_evidence_agree;no_known_cluster_conflict	WP_092931071.1;WP_092931071|gvpA|protein
nat_dbcea97f4e8354ba3556	dbcea97f4e8354ba3556f158a30c55283df4e86ebf04d7cb671a0b5bc988481e	cluster_00058845722df3ede422	94	provisional_training_eligible	annotation_and_out_of_cluster_evidence_agree;no_known_cluster_conflict	WP_092903619.1;WP_092903619|gvpA|protein
nat_81de2b78d291d512c1e2	81de2b78d291d512c1e2b89ae8836cdb922d557f92f68910cd6dc03255675b39	cluster_00058845722df3ede422	92	provisional_training_eligible	annotation_and_out_of_cluster_evidence_agree;no_known_cluster_conflict	WP_090618336.1;WP_090618336|gvpA|protein
nat_9ca97034ea4d97950343	9ca97034ea4d97950343fc033bf484179c8f92c0a6eacdd99f4c28a6aec2bc6e	cluster_00058845722df3ede422	94	provisional_training_eligible	annotation_and_out_of_cluster_evidence_agree;no_known_cluster_conflict	WP_090613434.1;WP_090613434|gvpA|protein
nat_6b2c0d4d7468a9bb7cde	6b2c0d4d7468a9bb7cde732e238d1ac37ecf48b7594a4e6dd060ed6a29af1d8a	cluster_00058845722df3ede422	94	provisional_training_eligible	annotation_and_out_of_cluster_evidence_agree;no_known_cluster_conflict	WP_090506853.1;WP_090506853|gvpA|protein
nat_4b58b860e36e01bdb682	4b58b860e36e01bdb682367fbf44812eba6dd58e4e934c378bd9d6aadce1cc6b	cluster_00058845722df3ede422	95	provisional_training_eligible	annotation_and_out_of_cluster_evidence_agree;no_known_cluster_conflict	WP_090381763.1;WP_090381763|gvpA|protein
nat_d92cb9dcfcf48b731b50	d92cb9dcfcf48b731b50931bffc59d2a1f06a3ae808fdec2f664a3f0d1d9d321	cluster_00058845722df3ede422	95	provisional_training_eligible	annotation_and_out_of_cluster_evidence_agree;no_known_cluster_conflict	WP_090303974.1;WP_090303974|gvpA|protein
nat_86af2bea85657bdc848a	86af2bea85657bdc848aca42419445b798020105b889944f0f4a23c1f143c95c	cluster_00058845722df3ede422	93	provisional_training_eligible	annotation_and_out_of_cluster_evidence_agree;no_known_cluster_conflict	WP_086886824.1;WP_086886824|gvpA|protein
nat_6681febe116459c77b18	6681febe116459c77b18efad7fef5a7301d8814a9125f9ef8f9f141b621e879c	cluster_00058845722df3ede422	94	provisional_training_eligible	annotation_and_out_of_cluster_evidence_agree;no_known_cluster_conflict	WP_076582330.1;WP_076582330|gvpA|protein
nat_3e6bf91c590be6684eed	3e6bf91c590be6684eed9926f0f0e4b54a4578f221c09d95018d5a14908398b5	cluster_00058845722df3ede422	94	provisional_training_eligible	annotation_and_out_of_cluster_evidence_agree;no_known_cluster_conflict	WP_076144968.1;WP_076144968|gvpA|protein
nat_019e8d05123166c4099d	019e8d05123166c4099d1d78d61a60881e08c412015de540a5f80e9c1fb5164f	cluster_019e8d05123166c4099d	86	provisional_training_eligible	annotation_and_out_of_cluster_evidence_agree;no_known_cluster_conflict	WP_066384857.1;WP_066384857|gvpA|protein
nat_7bd6d00159b2d7ed0289	7bd6d00159b2d7ed0289baf8dbbc0ebb56120ef74e8b85de6d4ae75633b37760	cluster_019e8d05123166c4099d	87	provisional_training_eligible	annotation_and_out_of_cluster_evidence_agree;no_known_cluster_conflict	WP_066382543.1;WP_066382543|gvpA|protein
nat_fb877ea45a36f28c6227	fb877ea45a36f28c6227d2338b208ab1161a2a4e796a6f84a45bb7d0af97d97c	cluster_04e4c15b93bd18832d36	87	provisional_training_eligible	annotation_and_out_of_cluster_evidence_agree;no_known_cluster_conflict	WP_066146101.1;WP_066146101|gvpA|protein
nat_ebb2fb66a808274ef5cf	ebb2fb66a808274ef5cfe04707c1d81b3ad3ca9df72f30b25a365a4671a968a7	cluster_3e013aaa6defa9421798	90	provisional_training_eligible	annotation_and_out_of_cluster_evidence_agree;no_known_cluster_conflict	WP_058580750.1;WP_058580750|gvpA|protein
nat_a8908cb0d732ddf5c6d4	a8908cb0d732ddf5c6d4015b65fb6269eb16472b451882b8c89d16840fbc3e35	cluster_00058845722df3ede422	96	provisional_training_eligible	annotation_and_out_of_cluster_evidence_agree;no_known_cluster_conflict	WP_054862714.1;WP_054862714|gvpA|protein
nat_acb38079c01f07d0de6f	acb38079c01f07d0de6f29f2273ec2474d3cad1e2f80da6f6ad246155c67ee1d	cluster_00058845722df3ede422	95	provisional_training_eligible	annotation_and_out_of_cluster_evidence_agree;no_known_cluster_conflict	WP_049989893.1;WP_049989893|gvpA|protein
nat_07248f2d3ff700c7afcd	07248f2d3ff700c7afcd578e9123a5c406facb5736db0e6b2924d0c06383e9d8	cluster_00058845722df3ede422	82	provisional_training_eligible	annotation_and_out_of_cluster_evidence_agree;no_known_cluster_conflict	WP_049970405.1;WP_049970405|gvpA|protein
nat_edcfcd19baadeee00eaf	edcfcd19baadeee00eaf88cd06aa255a44d20962443de37c5e4e6f69e5726912	cluster_00058845722df3ede422	95	provisional_training_eligible	annotation_and_out_of_cluster_evidence_agree;no_known_cluster_conflict	WP_049954064.1;WP_049954064|gvpA|protein
nat_320fa412f1f1ad675d12	320fa412f1f1ad675d121137f62af03e9b7a5537d65ced7d2559d731d92bbefb	cluster_320fa412f1f1ad675d12	87	provisional_training_eligible	annotation_and_out_of_cluster_evidence_agree;no_known_cluster_conflict	WP_049934428.1;WP_049934428|gvpA|protein
nat_f7dbe09f7bde0afd3543	f7dbe09f7bde0afd35430a77ff43add3b256326bed36cfc07fed23d5822002be	cluster_04e4c15b93bd18832d36	76	provisional_training_eligible	annotation_and_out_of_cluster_evidence_agree;no_known_cluster_conflict	WP_049934333.1;WP_049934333|gvpA|protein
nat_c8490949e18e771ed8c8	c8490949e18e771ed8c8c54d9d56b4da4a1f8d86dfa0370f486346aacacdb834	cluster_00058845722df3ede422	94	provisional_training_eligible	annotation_and_out_of_cluster_evidence_agree;no_known_cluster_conflict	WP_049924581.1;WP_049924581|gvpA|protein
nat_94cdaea6b1db7bfe983f	94cdaea6b1db7bfe983fd9e26f2c34a76d5b03114834feeda1e1a352b8bbdd5a	cluster_00058845722df3ede422	95	provisional_training_eligible	annotation_and_out_of_cluster_evidence_agree;no_known_cluster_conflict	WP_049920063.1;WP_049920063|gvpA|protein
nat_78005b3dddedd0251b7e	78005b3dddedd0251b7e469f41fbcd8bf829877f05128bcc7791ccfc6e66686e	cluster_00058845722df3ede422	95	provisional_training_eligible	annotation_and_out_of_cluster_evidence_agree;no_known_cluster_conflict	WP_049889998.1;WP_049889998|gvpA|protein
nat_448d52f7c380acd65350	448d52f7c380acd653509b909b66c6ae1230252cfa74026dcde3b1a46691dd4a	cluster_1e070d0d2387bb202235	76	provisional_training_eligible	annotation_and_out_of_cluster_evidence_agree;no_known_cluster_conflict	WP_048122675.1;WP_048122675|gvpA|protein
nat_f603a0bdb36b55f44821	f603a0bdb36b55f4482180fa3867f971263919a815b902f3c22fbd72cd37faeb	cluster_1e070d0d2387bb202235	76	provisional_training_eligible	annotation_and_out_of_cluster_evidence_agree;no_known_cluster_conflict	WP_048122673.1;WP_048122673|gvpA|protein
nat_3cc2cb889cfdbbcaa17b	3cc2cb889cfdbbcaa17bf78c8d1d3f4b5ca85aeafe19b48a7f83e9cfd59ead9f	cluster_0da4fc315e8c5fa1925f	72	provisional_training_eligible	annotation_and_out_of_cluster_evidence_agree;no_known_cluster_conflict	WP_021056303.1;WP_021056303|gvpA|protein
nat_b5ccff48f879b7cc34ad	b5ccff48f879b7cc34ad8f5c36b63b1a1bb528349643c9b217bca4d7298417d4	cluster_00058845722df3ede422	92	provisional_training_eligible	annotation_and_out_of_cluster_evidence_agree;no_known_cluster_conflict	WP_019991572.1;WP_019991572|gvpA|protein
nat_32d58e5d24419efe5e0e	32d58e5d24419efe5e0e2d345df828191c6edfe2f9e053ecf19a879f70d4d31e	cluster_0da4fc315e8c5fa1925f	76	provisional_training_eligible	annotation_and_out_of_cluster_evidence_agree;no_known_cluster_conflict	WP_015408777.1;WP_015408777|gvpA|protein
nat_b14dbbd56a14a6238029	b14dbbd56a14a62380290dac535357a72a6641c6900bc8a641d3956ff85a3938	cluster_00058845722df3ede422	93	provisional_training_eligible	annotation_and_out_of_cluster_evidence_agree;no_known_cluster_conflict	WP_015322023.1;WP_015322023|gvpA|protein
nat_842bc418f0682cd2a9c8	842bc418f0682cd2a9c8df6c49ea422dbc803155124a6846d7a60d9d83a8a90e	cluster_00058845722df3ede422	95	provisional_training_eligible	annotation_and_out_of_cluster_evidence_agree;no_known_cluster_conflict	WP_013878361.1;WP_013878361|gvpA|protein
nat_d5d6f3cedb33fb3328b6	d5d6f3cedb33fb3328b601b229fc76346413f748702fa12fdf520f8cdc8519e2	cluster_00058845722df3ede422	95	provisional_training_eligible	annotation_and_out_of_cluster_evidence_agree;no_known_cluster_conflict	WP_012996341.1;WP_012996341|gvpA|protein
nat_30c8db5b2a48ec02340b	30c8db5b2a48ec02340b2ce6c673667f0e2f4cfc8b42d7c7d20367dd7f71507f	cluster_00058845722df3ede422	94	provisional_training_eligible	annotation_and_out_of_cluster_evidence_agree;no_known_cluster_conflict	WP_012944239.1;WP_012944239|gvpA|protein
nat_69442765a7e1224b0435	69442765a7e1224b043564331c6a208751a6131dc80765ddc7035960ee05acfe	cluster_00058845722df3ede422	96	provisional_training_eligible	annotation_and_out_of_cluster_evidence_agree;no_known_cluster_conflict	WP_012943535.1;WP_012943535|gvpA|protein
nat_90e82772d308676c7556	90e82772d308676c75568c0c440d84add6c49bafb1f3bedb28a64fca998175f4	cluster_0da4fc315e8c5fa1925f	74	provisional_training_eligible	annotation_and_out_of_cluster_evidence_agree;no_known_cluster_conflict	WP_011695264.1;WP_011695264|gvpA|protein
nat_8f5ca23cd23d0262e12b	8f5ca23cd23d0262e12ba17fdf7f59af0af7fbfbf872d5e03a508e72d66e5cf7	cluster_0da4fc315e8c5fa1925f	76	provisional_training_eligible	annotation_and_out_of_cluster_evidence_agree;no_known_cluster_conflict	WP_011695263.1;WP_011695263|gvpA|protein
nat_a4ce46bc0db75edd2892	a4ce46bc0db75edd289273c61df2447a16f7eaa54328c95a55ded723eb926a9b	cluster_1e070d0d2387bb202235	76	provisional_training_eligible	annotation_and_out_of_cluster_evidence_agree;no_known_cluster_conflict	WP_011305365.1;WP_011305365|gvpA|protein
nat_1564401f2a553c444667	1564401f2a553c4446671309877ae8049b5a83a474fb16f11935710b111eab15	cluster_00058845722df3ede422	96	provisional_training_eligible	annotation_and_out_of_cluster_evidence_agree;no_known_cluster_conflict	QRV14613|gvpA|protein;WP_008894730.1;WP_008894730|gvpA|protein
nat_5d40201e59780a4578e1	5d40201e59780a4578e1d59e27b596d8b7ecbc64ed4cc25e82feb3008c524ad8	cluster_00058845722df3ede422	95	provisional_training_eligible	annotation_and_out_of_cluster_evidence_agree;no_known_cluster_conflict	QRV13836|gvpA|protein;WP_008893968.1;WP_008893968|gvpA|protein
nat_718f9add2c10ca08b4a5	718f9add2c10ca08b4a575acf96abc0dcfd73ebbeae7c2909b168d955ffc5d3f	cluster_320fa412f1f1ad675d12	87	provisional_training_eligible	annotation_and_out_of_cluster_evidence_agree;no_known_cluster_conflict	WP_008417043.1;WP_008417043|gvpA|protein
nat_0101bc590c89813c161a	0101bc590c89813c161ae168ca4f86007d01c01c36444a15865973f349d0339a	cluster_00058845722df3ede422	94	provisional_training_eligible	annotation_and_out_of_cluster_evidence_agree;no_known_cluster_conflict	WP_008159420.1;WP_008159420|gvpA|protein
nat_c0d8f1302fa41452efbc	c0d8f1302fa41452efbc27f0da36de9737dad5583e87b081c35fdb231d1dfb9e	cluster_00058845722df3ede422	95	provisional_training_eligible	annotation_and_out_of_cluster_evidence_agree;no_known_cluster_conflict	WP_008012794.1;WP_008012794|gvpA|protein
nat_6dc60142a293ec7c6dcb	6dc60142a293ec7c6dcbc27c09b6bd4ab18fe21e29a4c461e5c54fe81310b371	cluster_04e4c15b93bd18832d36	87	provisional_training_eligible	annotation_and_out_of_cluster_evidence_agree;no_known_cluster_conflict	WP_007982669.1;WP_007982669|gvpA|protein
nat_3d7fc725cd17cf23a73c	3d7fc725cd17cf23a73cdd2fb181a785b4c0ce2fd640f88c1f716c829b659260	cluster_00058845722df3ede422	97	provisional_training_eligible	annotation_and_out_of_cluster_evidence_agree;no_known_cluster_conflict	WP_007704306.1;WP_007704306|gvpA|protein
nat_729a9790a662e92ab379	729a9790a662e92ab3799a9b33c364191eba685ca2792cdf185ac1d3fb9631ce	cluster_00058845722df3ede422	96	provisional_training_eligible	annotation_and_out_of_cluster_evidence_agree;no_known_cluster_conflict	WP_007260761.1;WP_007260761|gvpA|protein
nat_215f48254c804f1f2876	215f48254c804f1f2876885b96f7a1981396e0fb0da219049cbad3c376111fab	cluster_00058845722df3ede422	94	provisional_training_eligible	annotation_and_out_of_cluster_evidence_agree;no_known_cluster_conflict	WP_007109509.1;WP_007109509|gvpA|protein
nat_62bc5089576517d5fad1	62bc5089576517d5fad1f755bd6f0eda8ed64f4dc9ca1f0cd5ab9ed08b8ae872	cluster_00058845722df3ede422	93	provisional_training_eligible	annotation_and_out_of_cluster_evidence_agree;no_known_cluster_conflict	WP_006432777.1;WP_006432777|gvpA|protein
nat_8189ed3c9ac18707f549	8189ed3c9ac18707f54985fd1f832186b5ab06ffd03b98d13b6a5a880b456e0a	cluster_00058845722df3ede422	94	provisional_training_eligible	annotation_and_out_of_cluster_evidence_agree;no_known_cluster_conflict	QCW02244|gvpA|protein;WP_006184742.1;WP_006184742|gvpA|protein;XJC71161|gvpA|protein
nat_168a7720be25950ce7a5	168a7720be25950ce7a56e347f224374ee278a9197375f2b7d12fea4130f8457	cluster_00058845722df3ede422	94	provisional_training_eligible	annotation_and_out_of_cluster_evidence_agree;no_known_cluster_conflict	WMT07372|gvpA|protein;WMT08004|gvpA|protein;WP_006182094.1;WP_006182094|gvpA|protein
nat_c468502803b4ab5981f1	c468502803b4ab5981f1302a02b554d7384ecf63ec65dfc34a329984ff234ccc	cluster_00058845722df3ede422	95	provisional_training_eligible	annotation_and_out_of_cluster_evidence_agree;no_known_cluster_conflict	WP_006168082.1;WP_006168082|gvpA|protein
nat_d07d112598796fe30d76	d07d112598796fe30d761bb0dee53a532c60b6f2660ff50f32e5608f27b8723f	cluster_00058845722df3ede422	95	provisional_training_eligible	annotation_and_out_of_cluster_evidence_agree;no_known_cluster_conflict	WP_006108429.1;WP_006108429|gvpA|protein
nat_dad443e0412ef646de5e	dad443e0412ef646de5e1ae6b2283ed6666f0e42f2690ca0f566cbd01cf47c41	cluster_00058845722df3ede422	95	provisional_training_eligible	annotation_and_out_of_cluster_evidence_agree;no_known_cluster_conflict	WP_006088519.1;WP_006088519|gvpA|protein
nat_145768217677e4dfa78e	145768217677e4dfa78ed5dde6674fe0ca135ad06080e9e3798a31edb3c3e23c	cluster_04e4c15b93bd18832d36	78	provisional_training_eligible	annotation_and_out_of_cluster_evidence_agree;no_known_cluster_conflict	WP_006056149.1;WP_006056149|gvpA|protein
nat_1f956fdbc151f2ec0ffb	1f956fdbc151f2ec0ffb1f0d512e8c72eb59659a79d6fdd4047293e97fad8dda	cluster_00058845722df3ede422	95	provisional_training_eligible	annotation_and_out_of_cluster_evidence_agree;no_known_cluster_conflict	WP_005580866.1;WP_005580866|gvpA|protein
nat_00058845722df3ede422	00058845722df3ede42246221d3dd0d68e42ec4d53ca2d5b48576007b95adbfe	cluster_00058845722df3ede422	94	provisional_training_eligible	annotation_and_out_of_cluster_evidence_agree;no_known_cluster_conflict	WP_005558079.1;WP_005558079|gvpA|protein
nat_044b97bbcc6fc75d19af	044b97bbcc6fc75d19af1c5b8afe151ed6a3515841f784c5b7b639e655a343cd	cluster_044b97bbcc6fc75d19af	72	quarantined	mixed_annotation_cluster;unresolved_negative_cluster	WP_190432663.1;WP_190432663|gvpA|protein
nat_0d7970548e5a353c52b0	0d7970548e5a353c52b0e8b1402d238f57b6b050f0a0b7636b28b3769e24464a	cluster_044b97bbcc6fc75d19af	72	quarantined	mixed_annotation_cluster;unresolved_negative_cluster	WP_190377542.1;WP_190377542|gvpA|protein
nat_1bf14199f279ca97cc94	1bf14199f279ca97cc940b885b8a0780eec9fbdfabd31100b7af7dd87ccb4885	cluster_044b97bbcc6fc75d19af	72	quarantined	mixed_annotation_cluster;unresolved_negative_cluster	WJW69745|gvpA|protein;WP_341471618.1;WP_341471618|gvpA|protein
nat_2549c61eaa1c68f79257	2549c61eaa1c68f7925735451d0233352fadb592c390b0c9932c51733d5a24e6	cluster_00eda75e8d86c0000a3e	86	quarantined	mixed_annotation_cluster;nearest_gvpa_to_unresolved_negative_cluster;unresolved_negative_cluster	WP_159869007.1;WP_159869007|gvpA|protein
nat_142752963930eab74d74	142752963930eab74d74d4bcaff60e47ff770976c838c012b58dcaa26d2a4fea	cluster_00eda75e8d86c0000a3e	90	quarantined	mixed_annotation_cluster;nearest_gvpa_to_unresolved_negative_cluster;unresolved_negative_cluster	WP_071272787.1;WP_071272787|gvpA|protein;XFC41964|gvpA|protein;XSD50275|gvpA|protein;XSD59666|gvpA|protein;XSD65228|gvpA|protein
nat_8758b934790f5784ea1b	8758b934790f5784ea1bb3e8292ad80d63fd591ca944350e77de7212284d0934	cluster_044b97bbcc6fc75d19af	74	quarantined	mixed_annotation_cluster;unresolved_negative_cluster	WP_141589788.1;WP_141589788|gvpA|protein
nat_a4cf355a2019efa6dd79	a4cf355a2019efa6dd79abf348a9cb7991530977cacc4b9050ec4e66250bb49b	cluster_00eda75e8d86c0000a3e	86	quarantined	mixed_annotation_cluster;nearest_gvpa_to_unresolved_negative_cluster;unresolved_negative_cluster	WKG32706|gvpA|protein;WP_301862454.1;WP_301862454|gvpA|protein
nat_f34d4928fe982f4cb0ec	f34d4928fe982f4cb0ecf452e0985f42ef9f58486a727d3528b2d1cc7a2dba3f	cluster_0844cfaee9f234d540b5	86	quarantined	mixed_annotation_cluster;unresolved_negative_cluster	WP_034265327.1;WP_034265327|gvpA|protein;XOV15352|gvpA|protein
nat_9ec7201d98ae2ffcf074	9ec7201d98ae2ffcf07447a15a44a817abbd19328a09fa7d6c31e1d1bc8b898e	cluster_044b97bbcc6fc75d19af	72	quarantined	mixed_annotation_cluster;unresolved_negative_cluster	WP_054464971.1;WP_054464971|gvpA|protein;XCM39888|gvpA|protein
nat_e68eef3564e74af35e4a	e68eef3564e74af35e4a9a9b10e8b223ea3ff4b8fc1758ad6ef917d929493e04	cluster_09f47a4c9a94b657ae7d	87	quarantined	mixed_annotation_cluster;unresolved_negative_cluster	WP_070877683.1;WP_070877683|gvpA|protein
nat_1b1d36a4acc8ad9c6342	1b1d36a4acc8ad9c634280ce855361980429c335a77298c0c9f374d476b863c2	cluster_00eda75e8d86c0000a3e	86	quarantined	mixed_annotation_cluster;nearest_gvpa_to_unresolved_negative_cluster;unresolved_negative_cluster	WP_057244326.1;WP_057244326|gvpA|protein
nat_c5a5f8d3e0297c749df7	c5a5f8d3e0297c749df71e201b09661efa435db12251191f1fed09764031bff7	cluster_00eda75e8d86c0000a3e	87	quarantined	mixed_annotation_cluster;nearest_gvpa_to_unresolved_negative_cluster;unresolved_negative_cluster	WCM16343|gvpA|protein;WP_019393985.1;WP_019393985|gvpA|protein;WRU95777|gvpA|protein;XKJ32019|gvpA|protein;YCA44208|gvpA|protein
nat_62aec584cfcef3208e2b	62aec584cfcef3208e2bbf0b8b84eb77c80c150d76415e09c97366ed3433727b	cluster_00eda75e8d86c0000a3e	86	quarantined	mixed_annotation_cluster;nearest_gvpa_to_unresolved_negative_cluster;unresolved_negative_cluster	WDW07190|gvpA|protein;WP_014459198.1;WP_014459198|gvpA|protein;XDK73095|gvpA|protein
nat_6eb7664db70304cf0f2b	6eb7664db70304cf0f2ba846d31c4d016d07d8bebedb70ce52fe5ab7167e72cd	cluster_00eda75e8d86c0000a3e	88	quarantined	mixed_annotation_cluster;nearest_gvpa_to_unresolved_negative_cluster;unresolved_negative_cluster	CAI8753086|gvpA|protein;CAI8857418|gvpA|protein;QSF26095|gvpA|protein;QSF35097|gvpA|protein;QSF37353|gvpA|protein;QSX18853|gvpA|protein;QTL47841|gvpA|protein;UKJ79035|gvpA|protein;UMZ31398|gvpA|protein;UOO43216|gvpA|protein;UPK51856|gvpA|protein;USD14638|gvpA|protein;USL22888|gvpA|protein;USL28896|gvpA|protein;USL34532|gvpA|protein;USL40760|gvpA|protein;UYO23584|gvpA|protein;UYP09876|gvpA|protein;UYT86703|gvpA|protein;UYV51233|gvpA|protein;WDC86709|gvpA|protein;WDL86580|gvpA|protein;WDM35819|gvpA|protein;WDW07187|gvpA|protein;WEA42582|gvpA|protein;WP_013057997.1;WP_013057997|gvpA|protein;YBV88864|gvpA|protein
nat_7c1ee34913e269628b61	7c1ee34913e269628b618a114cee0c9a5db90412949ae6bff681672ba1b795b8	cluster_21fd512873a52dc47991	92	quarantined	mixed_annotation_cluster	CAI8757356|gvpA|protein;CAI8853375|gvpA|protein;QSF26034|gvpA|protein;QSF37287|gvpA|protein;QSX18786|gvpA|protein;UKJ78968|gvpA|protein;UMZ31330|gvpA|protein;USL22818|gvpA|protein;USL28827|gvpA|protein;USL34462|gvpA|protein;UYO23513|gvpA|protein;WDC86638|gvpA|protein;WDM35885|gvpA|protein;WEZ34040|gvpA|protein;WEZ61013|gvpA|protein;WJW97685|gvpA|protein;WPL45820|gvpA|protein;WP_013057921.1;WP_013057921|gvpA|protein;WWT03907|gvpA|protein;WZV52330|gvpA|protein;XBN97583|gvpA|protein;XGR39714|gvpA|protein;XGR55727|gvpA|protein;XLF48677|gvpA|protein;XOK74111|gvpA|protein;XON68150|gvpA|protein;XSD05814|gvpA|protein;XSD11229|gvpA|protein;XSD26991|gvpA|protein;XSD36462|gvpA|protein;XSZ30721|gvpA|protein;XVG47440|gvpA|protein;YBV88797|gvpA|protein;YCA96685|gvpA|protein
nat_f82305b37f1af32ad1a0	f82305b37f1af32ad1a04e0eccf669dd82743a244d7785717f85da95bc6b510c	cluster_044b97bbcc6fc75d19af	72	quarantined	mixed_annotation_cluster;unresolved_negative_cluster	WP_283753117.1;WP_283753117|gvpA|protein
nat_b145d41f03ca300fa852	b145d41f03ca300fa852173eb3cdba892b1458c61bb76d2c54aaf6738abff0fb	cluster_044b97bbcc6fc75d19af	72	quarantined	mixed_annotation_cluster;unresolved_negative_cluster	WOD38711|gvpA|protein;WP_193963479.1;WP_193963479|gvpA|protein
nat_44be345e568ee6f5e906	44be345e568ee6f5e906d1708940c01f4f899fd301577fbe466b983faec9e1ff	cluster_044b97bbcc6fc75d19af	72	quarantined	mixed_annotation_cluster;unresolved_negative_cluster	WNZ23275|gvpA|protein;WP_036004549.1;WP_036004549|gvpA|protein;XPM56436|gvpA|protein
nat_fd5c322037d42e8f890c	fd5c322037d42e8f890cbb82759a0d998e5c4641f19585fd53d898e2e93c048a	cluster_044b97bbcc6fc75d19af	72	quarantined	mixed_annotation_cluster;unresolved_negative_cluster	WP_253707812.1;WP_253707812|gvpA|protein
nat_f872efd67a56d21a6340	f872efd67a56d21a6340bfb63ed39bd3859d02d8cef7923a1fc7a47592530824	cluster_044b97bbcc6fc75d19af	72	quarantined	mixed_annotation_cluster;unresolved_negative_cluster	WOJ88512|gvpA|protein;WP_123176516.1;WP_123176516|gvpA|protein
nat_0c568d3a5b09c7ed2240	0c568d3a5b09c7ed22406d3295924ff2d54a5753d8971e812d702ca3e9f83638	cluster_044b97bbcc6fc75d19af	72	quarantined	mixed_annotation_cluster;unresolved_negative_cluster	WP_190643620.1;WP_190643620|gvpA|protein
nat_d71bd42b79fe4d801a01	d71bd42b79fe4d801a018917a7a99157b39016a64db58d59d1c12c9993255219	cluster_044b97bbcc6fc75d19af	72	quarantined	mixed_annotation_cluster;unresolved_negative_cluster	QKD81256|gvpA|protein;WOB42702|gvpA|protein;WP_068510916.1;WP_068510916|gvpA|protein
nat_e2b9c94c60da4c449a4d	e2b9c94c60da4c449a4d77e69aa77b7d21974537c85530de7782f648b2a3f592	cluster_044b97bbcc6fc75d19af	72	quarantined	mixed_annotation_cluster;unresolved_negative_cluster	WP_015171018.1;WP_015171018|gvpA|protein
nat_dda877b0008607a0fc71	dda877b0008607a0fc715bf1e261281865393b5cd3d35f1e590e3af5d6480f76	cluster_044b97bbcc6fc75d19af	72	quarantined	mixed_annotation_cluster;unresolved_negative_cluster	WP_301077186.1;WP_301077186|gvpA|protein
nat_63f804d4a54dfefdba01	63f804d4a54dfefdba015fb519002e2a18c1a59eb52185176714701bf8e756f4	cluster_1589f15763a3b3a0bf84	66	quarantined	mixed_annotation_cluster	WP_290603055|gvpA|protein
nat_f31ef9ed0a87f1bcd7f1	f31ef9ed0a87f1bcd7f16380f5c67a3c99ab66cda4b11e28e567896af35c10fb	cluster_044b97bbcc6fc75d19af	72	quarantined	mixed_annotation_cluster;unresolved_negative_cluster	WP_287130436.1;WP_287130436|gvpA|protein
nat_ab18ddbecb739bae7c0a	ab18ddbecb739bae7c0a720dfd55228c92afa153cc615fda38c1f4a95b049f96	cluster_00eda75e8d86c0000a3e	86	quarantined	mixed_annotation_cluster;nearest_gvpa_to_unresolved_negative_cluster;unresolved_negative_cluster	WP_071272778.1;WP_071272778|gvpA|protein;XSD50278|gvpA|protein
nat_12c980f97c4e594a42de	12c980f97c4e594a42de307ad5e2bf831d28aa2d1c3ee50ad7cc558e691838f2	cluster_044b97bbcc6fc75d19af	74	quarantined	mixed_annotation_cluster;unresolved_negative_cluster	WP_191265777.1;WP_191265777|gvpA|protein
nat_867df19266611b1dd32b	867df19266611b1dd32b5cfc5f295c4f1197d03d3e66704596b1abb14590c684	cluster_00eda75e8d86c0000a3e	91	quarantined	mixed_annotation_cluster;nearest_gvpa_to_unresolved_negative_cluster;unresolved_negative_cluster	WP_067726060.1;WP_067726060|gvpA|protein
nat_875b3015b17030bcf076	875b3015b17030bcf076a0d5b1a999e347b40931a5afd4181a01724d96df1a26	cluster_00eda75e8d86c0000a3e	88	quarantined	mixed_annotation_cluster;nearest_gvpa_to_unresolved_negative_cluster;unresolved_negative_cluster	WP_307394734.1;WP_307394734|gvpA|protein
nat_18bfe7ce20a3a4013554	18bfe7ce20a3a401355454477c1f073f04b59f469ac2d9df5f1ed69eb2d9c755	cluster_044b97bbcc6fc75d19af	72	quarantined	mixed_annotation_cluster;unresolved_negative_cluster	WP_304892876.1;WP_304892876|gvpA|protein
nat_7f3ba3408331f0b52ea1	7f3ba3408331f0b52ea131a525ffc53c066b11342bed7104933209e9082f117d	cluster_044b97bbcc6fc75d19af	71	quarantined	mixed_annotation_cluster;unresolved_negative_cluster	WP_304839272.1;WP_304839272|gvpA|protein
nat_4cc577e850a35b25573f	4cc577e850a35b25573fdd4685c9092e5ddc258f28461dd166070db0f5864ff5	cluster_044b97bbcc6fc75d19af	72	quarantined	mixed_annotation_cluster;unresolved_negative_cluster	WP_304825881.1;WP_304825881|gvpA|protein
nat_7192aa1b5c4b0d0cb215	7192aa1b5c4b0d0cb215f2b6466c63d14778b4ab192afa70b3d3c296e8d425c1	cluster_044b97bbcc6fc75d19af	72	quarantined	mixed_annotation_cluster;unresolved_negative_cluster	WAL59275|gvpA|protein;WP_268609013.1;WP_268609013|gvpA|protein
nat_a2a7b780c74df6bd950e	a2a7b780c74df6bd950e44b846f19e8dbd13d6566314074bf2069ba9d093ab3a	cluster_044b97bbcc6fc75d19af	72	quarantined	mixed_annotation_cluster;unresolved_negative_cluster	QVL47596|gvpA|protein;QVL49910|gvpA|protein;WP_120798278.1;WP_120798278|gvpA|protein
nat_603ba2fccd34d2e3b142	603ba2fccd34d2e3b1429d174e372373f06492d7f3553e69d462d07c41147e20	cluster_044b97bbcc6fc75d19af	72	quarantined	mixed_annotation_cluster;unresolved_negative_cluster	WP_295540625.1;WP_295540625|gvpA|protein
nat_dc38a4313453d819bde4	dc38a4313453d819bde4cf5c13a9015df0365250c7779284ec96a6da68c2fab4	cluster_044b97bbcc6fc75d19af	73	quarantined	mixed_annotation_cluster;unresolved_negative_cluster	WP_295448790.1;WP_295448790|gvpA|protein
nat_c5e6ef219282f46a04ba	c5e6ef219282f46a04ba0c1236dbe13f1f5258f89b8b8388ff9b4297e927ce07	cluster_044b97bbcc6fc75d19af	72	quarantined	mixed_annotation_cluster;unresolved_negative_cluster	WP_295391135.1;WP_295391135|gvpA|protein
nat_193a805604225b70bf9b	193a805604225b70bf9bc1f62baee1c0a20bc1bab4c8d87149ab2e36e52f70a1	cluster_10816d30b94e7e319ed1	90	quarantined	mixed_annotation_cluster;nearest_gvpa_to_unresolved_negative_cluster	WP_293160100.1;WP_293160100|gvpA|protein
nat_483476b5bde91cbf3a74	483476b5bde91cbf3a74f1c315847ab317de2944d9b90dd6cefb7cd4eb9d8ddc	cluster_10816d30b94e7e319ed1	90	quarantined	mixed_annotation_cluster;nearest_gvpa_to_unresolved_negative_cluster	WP_293126616.1;WP_293126616|gvpA|protein
nat_fd56bd8ca14d2ea7647f	fd56bd8ca14d2ea7647f290be8b1edb2369bcfca88d88fa3e71f73703a94129c	cluster_044b97bbcc6fc75d19af	72	quarantined	mixed_annotation_cluster;unresolved_negative_cluster	WP_293124005.1;WP_293124005|gvpA|protein
nat_22ac9928a6c3fbaf8f7c	22ac9928a6c3fbaf8f7c8dae481ee31de9db75644aa3346d57ce80383dbdf4d6	cluster_10816d30b94e7e319ed1	89	quarantined	mixed_annotation_cluster;nearest_gvpa_to_unresolved_negative_cluster	WP_293100807.1;WP_293100807|gvpA|protein
nat_607f897bd5b7dd1b1fbe	607f897bd5b7dd1b1fbe8a536309e7984377382c6445bb1164342f9298ee574c	cluster_10816d30b94e7e319ed1	90	quarantined	mixed_annotation_cluster;nearest_gvpa_to_unresolved_negative_cluster	WP_293061633.1;WP_293061633|gvpA|protein
nat_0c143ad343586201fcf9	0c143ad343586201fcf9a3504764a20810d30e8d1de52807930145512c74f4c8	cluster_02e83ad46b86e8eaf5e7	69	provisional_training_eligible	annotation_and_out_of_cluster_evidence_agree;no_known_cluster_conflict	WP_291003874.1;WP_291003874|gvpA|protein
nat_ed971bf96974483cf1a5	ed971bf96974483cf1a58b8e6709b204cbc1eaef21cea873ae25620378ddb316	cluster_044b97bbcc6fc75d19af	72	quarantined	mixed_annotation_cluster;unresolved_negative_cluster	WP_190553740.1;WP_190553740|gvpA|protein
nat_63042e294eae0d141b5c	63042e294eae0d141b5c2883dc58873a4850b5a7ac4fd2bddfe220e7ceec9eab	cluster_044b97bbcc6fc75d19af	72	quarantined	mixed_annotation_cluster;unresolved_negative_cluster	WP_163833110.1;WP_163833110|gvpA|protein
nat_2f457cd3e21794d77204	2f457cd3e21794d7720477e14ef21b463dec89f8fc2edf315a7f973c9d51295a	cluster_044b97bbcc6fc75d19af	68	quarantined	mixed_annotation_cluster;unresolved_negative_cluster	WP_287703642|gvpA|protein
nat_66d41021d88e3bf58bdc	66d41021d88e3bf58bdc5253af151a5177a49b38fef6d6e436acc727d44a35db	cluster_044b97bbcc6fc75d19af	71	quarantined	mixed_annotation_cluster;unresolved_negative_cluster	WP_287674806.1;WP_287674806|gvpA|protein
nat_5601498c9a93902562db	5601498c9a93902562dbe611c5f41da9acf56aa8cf535802ef5a687a6a3351bc	cluster_044b97bbcc6fc75d19af	71	quarantined	mixed_annotation_cluster;unresolved_negative_cluster	WP_287627019.1;WP_287627019|gvpA|protein
nat_fa70cf643277a18d9353	fa70cf643277a18d935304889b37715601a4c4d526cd2d051282507269ca3e0a	cluster_1589f15763a3b3a0bf84	63	quarantined	mixed_annotation_cluster	WP_287973455|gvpA|protein
nat_0ba4bde6653115be1dd4	0ba4bde6653115be1dd4ecf31dd944288d9302b06a4eb7109abd4386bc4e28f6	cluster_044b97bbcc6fc75d19af	72	quarantined	mixed_annotation_cluster;unresolved_negative_cluster	WP_287280996.1;WP_287280996|gvpA|protein
nat_cb58ba6802b0f699eec6	cb58ba6802b0f699eec63a9ac0dc87bf4b9d2ad2e5912e9f70a9a019ed1c42c4	cluster_044b97bbcc6fc75d19af	72	quarantined	mixed_annotation_cluster;unresolved_negative_cluster	WP_052562317.1;WP_052562317|gvpA|protein
nat_ec1d66f4985b18dd0226	ec1d66f4985b18dd022643b17cee09b8a11441bc394c817d409b1c43b43b7833	cluster_044b97bbcc6fc75d19af	72	quarantined	mixed_annotation_cluster;unresolved_negative_cluster	WP_052562316.1;WP_052562316|gvpA|protein
nat_668321baf55f7bfbdc1b	668321baf55f7bfbdc1bee20fef9252620fb0636f55bb6ea2d0270fc58855c37	cluster_044b97bbcc6fc75d19af	72	quarantined	mixed_annotation_cluster;unresolved_negative_cluster	BDV34915|gvpA|protein;UZX10565|gvpA|protein;WP_165053833.1;WP_165053833|gvpA|protein
nat_6166ab1a17ac507a42bf	6166ab1a17ac507a42bf2742e59eb2fe7c145df2825dd7f29f5a819b362fb620	cluster_044b97bbcc6fc75d19af	72	quarantined	mixed_annotation_cluster;unresolved_negative_cluster	WP_271944488.1;WP_271944488|gvpA|protein
nat_646d43372f49b1be4f56	646d43372f49b1be4f561d502ed08bd9b4bee0104bba22dc9998d9d831069bc5	cluster_00eda75e8d86c0000a3e	92	quarantined	mixed_annotation_cluster;nearest_gvpa_to_unresolved_negative_cluster;unresolved_negative_cluster	WP_281974780.1;WP_281974780|gvpA|protein
nat_6fee2e0959e28f7ad2d6	6fee2e0959e28f7ad2d6a6b8e1a180ea8cf86b5d7f2e7d0625a0d9b4d1c7c3b5	cluster_00eda75e8d86c0000a3e	96	quarantined	mixed_annotation_cluster;nearest_gvpa_to_unresolved_negative_cluster;unresolved_negative_cluster	WP_281658544.1;WP_281658544|gvpA|protein
nat_9587ffd39bd2d85bd5ef	9587ffd39bd2d85bd5ef1b9a5ae86d45dd30e6a82d024d71e35f3b6b7b313f1e	cluster_00eda75e8d86c0000a3e	83	quarantined	mixed_annotation_cluster;nearest_gvpa_to_unresolved_negative_cluster;unresolved_negative_cluster	WP_225064982.1;WP_225064982|gvpA|protein
nat_2708b2500f3eefced6c0	2708b2500f3eefced6c03a2e849c6957074512fb0f014e8343be33cf184f5066	cluster_02e83ad46b86e8eaf5e7	69	provisional_training_eligible	annotation_and_out_of_cluster_evidence_agree;no_known_cluster_conflict	WP_097650585.1;WP_097650585|gvpA|protein
nat_444b2346dad8b8d36df2	444b2346dad8b8d36df26a3c5f4c05fe76772f974e7bcd020fa19b6132e0ca44	cluster_02e83ad46b86e8eaf5e7	71	provisional_training_eligible	annotation_and_out_of_cluster_evidence_agree;no_known_cluster_conflict	WP_011316976.1;WP_011316976|gvpA|protein
nat_d1ffe3160c1f85b8feb9	d1ffe3160c1f85b8feb9318303c3242b1b3f5affb5de3b3a2fc2ab8444879755	cluster_044b97bbcc6fc75d19af	68	quarantined	mixed_annotation_cluster;unresolved_negative_cluster	WP_068866927.1;WP_068866927|gvpA|protein
nat_d1371fd7814fe8dbe69e	d1371fd7814fe8dbe69eebdaac7dc0d6ec9407eaf3a1e47a77080b7271904c05	cluster_00eda75e8d86c0000a3e	86	quarantined	mixed_annotation_cluster;nearest_gvpa_to_unresolved_negative_cluster;unresolved_negative_cluster	WEA42585|gvpA|protein;WP_275036028.1;WP_275036028|gvpA|protein
nat_e6ab93f7efc7fc3ffe18	e6ab93f7efc7fc3ffe18f7c1b0f81b303e89607fc39babd5044a943fc09e239c	cluster_044b97bbcc6fc75d19af	72	quarantined	mixed_annotation_cluster;unresolved_negative_cluster	WP_274691980.1;WP_274691980|gvpA|protein
nat_2132a9e0b250f93ef073	2132a9e0b250f93ef0736ebabe690b8824688eaa43ca2b5f13031813d3be336a	cluster_044b97bbcc6fc75d19af	71	quarantined	mixed_annotation_cluster;unresolved_negative_cluster	WP_272092571.1;WP_272092571|gvpA|protein
nat_9b4ea9dc72fc9d6476a6	9b4ea9dc72fc9d6476a60eecf72e56bd632d462e769dd90487b525a2b38d7cbc	cluster_044b97bbcc6fc75d19af	71	quarantined	mixed_annotation_cluster;unresolved_negative_cluster	WP_272074942.1;WP_272074942|gvpA|protein
nat_2684144e3e1bc2f66f34	2684144e3e1bc2f66f34bd3471bdb834271f9c778f2e790ef6ac290001111f5f	cluster_044b97bbcc6fc75d19af	71	quarantined	mixed_annotation_cluster;unresolved_negative_cluster	WP_271933955.1;WP_271933955|gvpA|protein
nat_1589f15763a3b3a0bf84	1589f15763a3b3a0bf84fa15f5e9fc045cbb657d2ccfbf4019554b877d7df49c	cluster_1589f15763a3b3a0bf84	61	quarantined	mixed_annotation_cluster	WP_271795298|gvpA|protein
nat_6eb103ed851a261f0454	6eb103ed851a261f0454e5c7b5e46eddc554e5c21ab07bb46777bd1462e56f2c	cluster_044b97bbcc6fc75d19af	69	quarantined	mixed_annotation_cluster;unresolved_negative_cluster	WP_213698146.1;WP_213698146|gvpA|protein
nat_1833721e1724827de2bb	1833721e1724827de2bbb52fb85e65c97bb94592de7b309d46c4c68f6e8d83e3	cluster_044b97bbcc6fc75d19af	71	quarantined	mixed_annotation_cluster;unresolved_negative_cluster	WP_272058300.1;WP_272058300|gvpA|protein
nat_561df1cd0484632cdef6	561df1cd0484632cdef61edba8ed8260b6efcc92409542cfb77187c7e22588b6	cluster_1589f15763a3b3a0bf84	66	quarantined	mixed_annotation_cluster	WP_271806167|gvpA|protein
nat_09f47a4c9a94b657ae7d	09f47a4c9a94b657ae7d1fd6a904d0e1860e493a6747ea8b5847a6bee1457ba9	cluster_09f47a4c9a94b657ae7d	87	quarantined	mixed_annotation_cluster;unresolved_negative_cluster	WP_265409472.1;WP_265409472|gvpA|protein
nat_51d4aa4718d4ddd20574	51d4aa4718d4ddd20574d29630496ae709e65d5bca511963ce0250a9c5527def	cluster_00eda75e8d86c0000a3e	85	quarantined	mixed_annotation_cluster;nearest_gvpa_to_unresolved_negative_cluster;unresolved_negative_cluster	WP_261131333.1;WP_261131333|gvpA|protein
nat_9c6b2526a0bb2c4a36c1	9c6b2526a0bb2c4a36c1e2117cf4711ff4b2b937b14c53f1e3da2df9ee87de56	cluster_00eda75e8d86c0000a3e	92	quarantined	mixed_annotation_cluster;nearest_gvpa_to_unresolved_negative_cluster;unresolved_negative_cluster	UTR09786|gvpA|protein;WP_255242257.1;WP_255242257|gvpA|protein
nat_f6ebacfa83a4d005159e	f6ebacfa83a4d005159e272ad7f53fde298c79600bbb46fde8ccdfb6f03f9f61	cluster_044b97bbcc6fc75d19af	72	quarantined	mixed_annotation_cluster;unresolved_negative_cluster	WP_254567340.1;WP_254567340|gvpA|protein
nat_cace8f7ec0f10f4823d0	cace8f7ec0f10f4823d0ae9dea12552172553751f3f14cb0f92c2a762afd5089	cluster_00eda75e8d86c0000a3e	86	quarantined	mixed_annotation_cluster;nearest_gvpa_to_unresolved_negative_cluster;unresolved_negative_cluster	USL40763|gvpA|protein;WP_252284046.1;WP_252284046|gvpA|protein
nat_b57aea053dff80c6482c	b57aea053dff80c6482c73ae4d65951ad92817758d08bbac48f2486c643f6b1d	cluster_00eda75e8d86c0000a3e	96	quarantined	mixed_annotation_cluster;nearest_gvpa_to_unresolved_negative_cluster;unresolved_negative_cluster	UOQ44150|gvpA|protein;WP_244709876.1;WP_244709876|gvpA|protein
nat_1c3f16a0fdc7b319cfc7	1c3f16a0fdc7b319cfc790d2f90570d448332245bedff19b9985cdb064da006e	cluster_044b97bbcc6fc75d19af	72	quarantined	mixed_annotation_cluster;unresolved_negative_cluster	WP_238625541.1;WP_238625541|gvpA|protein
nat_50dda88e67458b1e7169	50dda88e67458b1e7169cf63df9f4a9573847ffb6e704b8865356239023fc0a5	cluster_044b97bbcc6fc75d19af	72	quarantined	mixed_annotation_cluster;unresolved_negative_cluster	WP_238618220.1;WP_238618220|gvpA|protein
nat_4fb6b9391abe691f2baa	4fb6b9391abe691f2baad498dcd90c96aa08fa3d5b40099b2c0cb556e59cae84	cluster_00eda75e8d86c0000a3e	85	quarantined	mixed_annotation_cluster;nearest_gvpa_to_unresolved_negative_cluster;unresolved_negative_cluster	WP_236332920.1;WP_236332920|gvpA|protein
nat_31320e152ba1b4cfe0c5	31320e152ba1b4cfe0c578adc3bc71faebcf564d308a23d5fe331d1623dab72a	cluster_044b97bbcc6fc75d19af	72	quarantined	mixed_annotation_cluster;unresolved_negative_cluster	WP_235277851.1;WP_235277851|gvpA|protein
nat_8b714e1325cbfdfacd93	8b714e1325cbfdfacd939fe7c98c8dc650c90f4f53ee18e3c84bf6021011671d	cluster_044b97bbcc6fc75d19af	74	quarantined	mixed_annotation_cluster;unresolved_negative_cluster	WP_234067215.1;WP_234067215|gvpA|protein
nat_b5963311e20bf490cf4c	b5963311e20bf490cf4c5833a96b65a615bf913be133dd296a6f4fd2b9dd8aef	cluster_0844cfaee9f234d540b5	86	quarantined	mixed_annotation_cluster;unresolved_negative_cluster	WP_230500926.1;WP_230500926|gvpA|protein
nat_5d6c7bd3713afa1895ab	5d6c7bd3713afa1895abe6ae329714a578b15ee9382769ce7e3f16678daedbea	cluster_044b97bbcc6fc75d19af	72	quarantined	mixed_annotation_cluster;unresolved_negative_cluster	UBF25234|gvpA|protein;WP_224341338.1;WP_224341338|gvpA|protein
nat_2b57a127896613be0c56	2b57a127896613be0c567c3e6e1bd21928d29b1de9c410605a650ef834f57699	cluster_044b97bbcc6fc75d19af	73	quarantined	mixed_annotation_cluster;unresolved_negative_cluster	WP_224249737.1;WP_224249737|gvpA|protein
nat_df27c6cb10b51229e5ef	df27c6cb10b51229e5ef6fb5a6948eea04d4f6703b5d0e0ebc4be5ec98ddec28	cluster_044b97bbcc6fc75d19af	74	quarantined	mixed_annotation_cluster;unresolved_negative_cluster	WP_223643714.1;WP_223643714|gvpA|protein
nat_edef782f11b8c7eacb34	edef782f11b8c7eacb3496dc87b615068b7e7be32f3550a413356d8d4de95c45	cluster_00eda75e8d86c0000a3e	85	quarantined	mixed_annotation_cluster;nearest_gvpa_to_unresolved_negative_cluster;unresolved_negative_cluster	WP_221567459.1;WP_221567459|gvpA|protein
nat_5fb53d83d56d48c68c10	5fb53d83d56d48c68c10c69bbbc1d2674a8448de312e77544dac1fbb63c5f949	cluster_02e83ad46b86e8eaf5e7	71	provisional_training_eligible	annotation_and_out_of_cluster_evidence_agree;no_known_cluster_conflict	WP_220598475.1;WP_220598475|gvpA|protein
nat_7987b4f5a99061af67e9	7987b4f5a99061af67e90b3643f244abbd71cc8e9a26261c2cc8f3c85f45c2c9	cluster_0283d587032de178b666	97	quarantined	mixed_annotation_cluster;nearest_gvpa_to_unresolved_negative_cluster;unresolved_negative_cluster	WP_220584226.1;WP_220584226|gvpA|protein
nat_033157a4d26d86912677	033157a4d26d86912677f3bbdc709764136df52b7907318179702c277c3c7f0c	cluster_00eda75e8d86c0000a3e	86	quarantined	mixed_annotation_cluster;nearest_gvpa_to_unresolved_negative_cluster;unresolved_negative_cluster	WDL86577|gvpA|protein;WP_216144691.1;WP_216144691|gvpA|protein
nat_2e924180e7ec30a66746	2e924180e7ec30a6674687b1fffadb3985fab4556a88fa6d0d47da09af19a742	cluster_00eda75e8d86c0000a3e	88	quarantined	mixed_annotation_cluster;nearest_gvpa_to_unresolved_negative_cluster;unresolved_negative_cluster	WP_211077784.1;WP_211077784|gvpA|protein
nat_70501e44d62eb76e66dd	70501e44d62eb76e66ddc809eae55ad4d35f7427a66686c78618db14d874a65f	cluster_00eda75e8d86c0000a3e	86	quarantined	mixed_annotation_cluster;nearest_gvpa_to_unresolved_negative_cluster;unresolved_negative_cluster	WKU25619|gvpA|protein;WP_208733210.1;WP_208733210|gvpA|protein
nat_aef0e900ff08f50b5105	aef0e900ff08f50b51050dde6bb5f7243d00e9254cf676e0689045da47b7d7a4	cluster_27cfc6c7874687adce98	75	quarantined	mixed_annotation_cluster	WP_207648199.1;WP_207648199|gvpA|protein
nat_dec5fa293ad4eeaffa6f	dec5fa293ad4eeaffa6f9b9b68a2b16f1c63a3ac47b7654fe352ecb185f5881e	cluster_0283d587032de178b666	98	quarantined	mixed_annotation_cluster;nearest_gvpa_to_unresolved_negative_cluster;unresolved_negative_cluster	WP_205090101.1;WP_205090101|gvpA|protein
nat_81e16e28c5b6ae6c687e	81e16e28c5b6ae6c687edf26d1131e81f064e78832c4adcc34b641fd643a0d3a	cluster_044b97bbcc6fc75d19af	71	quarantined	mixed_annotation_cluster;unresolved_negative_cluster	WP_204152466.1;WP_204152466|gvpA|protein
nat_d4535c05655d38b67932	d4535c05655d38b6793226a1d23a25c56906808389ddcfab5e4bfda317918e57	cluster_044b97bbcc6fc75d19af	71	quarantined	mixed_annotation_cluster;unresolved_negative_cluster	GHO49116|gvpA|protein;GHO80842|gvpA|protein;WP_201392536.1;WP_201392536|gvpA|protein
nat_dd1c249d0891ddb7284f	dd1c249d0891ddb7284f0f9c047e5891ce47556dd767e6235b9e039efc5e7d8f	cluster_02e83ad46b86e8eaf5e7	71	provisional_training_eligible	annotation_and_out_of_cluster_evidence_agree;no_known_cluster_conflict	GHO58862|gvpA|protein;GHO70895|gvpA|protein;WP_201375104.1;WP_201375104|gvpA|protein
nat_90d11bccd2cb7147c1fe	90d11bccd2cb7147c1fee47f2b0f358a197ba3bdfa1c9c5d2188fb199722c527	cluster_10816d30b94e7e319ed1	75	quarantined	mixed_annotation_cluster;nearest_gvpa_to_unresolved_negative_cluster	WP_201320714.1;WP_201320714|gvpA|protein
nat_96074fbc1c013ecec913	96074fbc1c013ecec913fd6d727f8fb9ce191eaf5c13455284d6261afb06de81	cluster_044b97bbcc6fc75d19af	71	quarantined	mixed_annotation_cluster;unresolved_negative_cluster	QOV23459|gvpA|protein;WP_200989004.1;WP_200989004|gvpA|protein
nat_42c893463fb64a324e03	42c893463fb64a324e0329fe17ac8680ed28500bc84d8ca81fd4e667fa6627e9	cluster_044b97bbcc6fc75d19af	72	quarantined	mixed_annotation_cluster;unresolved_negative_cluster	WP_200348319.1;WP_200348319|gvpA|protein
nat_b210eed1ce4ece76342b	b210eed1ce4ece76342b0d73984857ae46c94c81715fcf6e4aeb612f57a90326	cluster_044b97bbcc6fc75d19af	72	quarantined	mixed_annotation_cluster;unresolved_negative_cluster	WP_200245878.1;WP_200245878|gvpA|protein
nat_d2440e6d37d33df171fe	d2440e6d37d33df171fe01f57e543b1b8dee111fd57f9374a4bd9c967cc46d30	cluster_0283d587032de178b666	86	quarantined	mixed_annotation_cluster;nearest_gvpa_to_unresolved_negative_cluster;unresolved_negative_cluster	QTL47844|gvpA|protein;WP_195782579.1;WP_195782579|gvpA|protein
nat_ec09e260540587684c1e	ec09e260540587684c1e3d9fe9e3637bb1adc3247e4a9067aa55daa390cc3d04	cluster_044b97bbcc6fc75d19af	71	quarantined	mixed_annotation_cluster;unresolved_negative_cluster	WP_194056178.1;WP_194056178|gvpA|protein
nat_25fcb1b7b6c3c6f6f29d	25fcb1b7b6c3c6f6f29d297ffe5e8ee45369c0012ecf179b3592855f1435475b	cluster_02e83ad46b86e8eaf5e7	68	provisional_training_eligible	annotation_and_out_of_cluster_evidence_agree;no_known_cluster_conflict	WP_194056176|gvpA|protein
nat_ac3fec2dc9e749e499b3	ac3fec2dc9e749e499b3e4a092b2209cd258b594be45b2722243983cf6668fdb	cluster_044b97bbcc6fc75d19af	71	quarantined	mixed_annotation_cluster;unresolved_negative_cluster	WP_193959329.1;WP_193959329|gvpA|protein
nat_a99ea42aba6e85ef549b	a99ea42aba6e85ef549b7d8e416359a466d46ce659926a89bdc4ab5ad66466dd	cluster_044b97bbcc6fc75d19af	71	quarantined	mixed_annotation_cluster;unresolved_negative_cluster	WP_193955741.1;WP_193955741|gvpA|protein
nat_f3ffcf9688b666fefb41	f3ffcf9688b666fefb41b15728857b3a6e39c845812a4c51303b911c0e97691c	cluster_044b97bbcc6fc75d19af	71	quarantined	mixed_annotation_cluster;unresolved_negative_cluster	WP_193897365.1;WP_193897365|gvpA|protein
nat_69d5fc3c411ad66493e6	69d5fc3c411ad66493e683f263ee3611aa1ce48ec7ae2bab25d8c7bd382557f5	cluster_1589f15763a3b3a0bf84	72	quarantined	mixed_annotation_cluster	WP_193875962.1;WP_193875962|gvpA|protein
nat_41c81011f9e8389dd829	41c81011f9e8389dd829259c7b6bcd460f706545f4fe7fa745aa5fb59e250d56	cluster_0844cfaee9f234d540b5	86	quarantined	mixed_annotation_cluster;unresolved_negative_cluster	WP_193422258.1;WP_193422258|gvpA|protein
nat_147b949dc21dd0206855	147b949dc21dd0206855041420faca8e32520d15d14330d7bc86cf6d33d5f357	cluster_044b97bbcc6fc75d19af	72	quarantined	mixed_annotation_cluster;unresolved_negative_cluster	WP_190828481.1;WP_190828481|gvpA|protein
nat_d6412c6847666b43092f	d6412c6847666b43092f09700057b7028e8a6ce267e669cf08a36f2c9b317164	cluster_044b97bbcc6fc75d19af	72	quarantined	mixed_annotation_cluster;unresolved_negative_cluster	WP_190804824.1;WP_190804824|gvpA|protein
nat_a742950a1415bf5dc582	a742950a1415bf5dc5826e948cd1ca2bce0b191f6b93af6d7679f7196e44033c	cluster_044b97bbcc6fc75d19af	72	quarantined	mixed_annotation_cluster;unresolved_negative_cluster	WP_190775818.1;WP_190775818|gvpA|protein
nat_ac6b927c7781d88d4813	ac6b927c7781d88d481326c81640d4117b05bd63e1bc06fccae7cb04a5d8f13c	cluster_044b97bbcc6fc75d19af	72	quarantined	mixed_annotation_cluster;unresolved_negative_cluster	WP_190774558.1;WP_190774558|gvpA|protein
nat_41e20b6f7b2c95cf431a	41e20b6f7b2c95cf431aa42cc4d8174ac8d4e3e222df57046d9cb5654f2f63c6	cluster_044b97bbcc6fc75d19af	72	quarantined	mixed_annotation_cluster;unresolved_negative_cluster	WP_190627385.1;WP_190627385|gvpA|protein
nat_af304bea340b7ec20d1e	af304bea340b7ec20d1ebeedba7a97b6fb9a4988341d22c278d967bbeea464ab	cluster_044b97bbcc6fc75d19af	72	quarantined	mixed_annotation_cluster;unresolved_negative_cluster	WP_190503885.1;WP_190503885|gvpA|protein
nat_d4359a01f2d63626acd8	d4359a01f2d63626acd85ed3599deb77a66e4425fc81900bae59e0664858541b	cluster_044b97bbcc6fc75d19af	72	quarantined	mixed_annotation_cluster;unresolved_negative_cluster	WP_190483017.1;WP_190483017|gvpA|protein
nat_1593c2fcfad25e37eeb4	1593c2fcfad25e37eeb44401e0a9eb7a01d85e8743bf7bffe2f10465f9841503	cluster_044b97bbcc6fc75d19af	71	quarantined	mixed_annotation_cluster;unresolved_negative_cluster	WP_190387978.1;WP_190387978|gvpA|protein
nat_dcefec45b0e834bbd113	dcefec45b0e834bbd1136c1bbb8b0429271afa94f2d470875d28280221668c7d	cluster_044b97bbcc6fc75d19af	76	quarantined	mixed_annotation_cluster;unresolved_negative_cluster	GGC23505|gvpA|protein;WP_188484346.1;WP_188484346|gvpA|protein
nat_ffde9c8a0aa4cd762cfd	ffde9c8a0aa4cd762cfdac8019aa7ff22a264d2536d40a17ae6ed8124c75dfc6	cluster_02e83ad46b86e8eaf5e7	70	provisional_training_eligible	annotation_and_out_of_cluster_evidence_agree;no_known_cluster_conflict	WP_183851985.1;WP_183851985|gvpA|protein
nat_d7a9007355adf4811ce9	d7a9007355adf4811ce9527f12867b4c5e1906f6bbc68b19607ff08cc3491071	cluster_0283d587032de178b666	99	quarantined	mixed_annotation_cluster;nearest_gvpa_to_unresolved_negative_cluster;unresolved_negative_cluster	WP_173918086.1;WP_173918086|gvpA|protein
nat_0cf4b83878ac8a432a8c	0cf4b83878ac8a432a8cb15ea998c13ea262e62c0c024b2ffd0c14ed460d91d8	cluster_044b97bbcc6fc75d19af	72	quarantined	mixed_annotation_cluster;unresolved_negative_cluster	WP_171572203.1;WP_171572203|gvpA|protein
nat_b5cc1b368bdd05e5035f	b5cc1b368bdd05e5035ffa80dd3cdf0f70b0d08a532c611ec882c9de48229c39	cluster_044b97bbcc6fc75d19af	72	quarantined	mixed_annotation_cluster;unresolved_negative_cluster	WP_169617606.1;WP_169617606|gvpA|protein
nat_f3c68da8dba27ecffeaa	f3c68da8dba27ecffeaa1845c5c3adb9482736051e5c46cf94a53e40a70dc08c	cluster_044b97bbcc6fc75d19af	72	quarantined	mixed_annotation_cluster;unresolved_negative_cluster	WP_169565185.1;WP_169565185|gvpA|protein
nat_c43002c4a19c5a35a8b0	c43002c4a19c5a35a8b029e2fc1dc44ebe1378e0488626adc1d42d6497ce119e	cluster_044b97bbcc6fc75d19af	72	quarantined	mixed_annotation_cluster;unresolved_negative_cluster	WP_169262979.1;WP_169262979|gvpA|protein
nat_06e368ceaac5aa0f9edc	06e368ceaac5aa0f9edcd6c79dcd38e4db1343f1c85fb2646dff9f2875372bb5	cluster_044b97bbcc6fc75d19af	72	quarantined	mixed_annotation_cluster;unresolved_negative_cluster	WP_168922290.1;WP_168922290|gvpA|protein
nat_bcfea43f3a708c18a025	bcfea43f3a708c18a0255413c67243da1bbfa1308b55ba40d2e7ee380888f5b3	cluster_044b97bbcc6fc75d19af	70	quarantined	mixed_annotation_cluster;unresolved_negative_cluster	WP_168654214|gvpA|protein
nat_4274eb9d5d32732dadc5	4274eb9d5d32732dadc50cd4a62ee261fc2f41131c032bb6a31e27426acfe9a3	cluster_044b97bbcc6fc75d19af	72	quarantined	mixed_annotation_cluster;unresolved_negative_cluster	WP_168569945.1;WP_168569945|gvpA|protein
nat_88ee73fdf0fc427edc71	88ee73fdf0fc427edc719994808470adface4fcba624e7ef2ff2a7cf2013ac58	cluster_00eda75e8d86c0000a3e	86	quarantined	mixed_annotation_cluster;nearest_gvpa_to_unresolved_negative_cluster;unresolved_negative_cluster	WP_166030104.1;WP_166030104|gvpA|protein
nat_2bfd989de859f7b78cc5	2bfd989de859f7b78cc5cdafcbb82e88bba0cc02858c6702a1b7a3cbc8b48a48	cluster_044b97bbcc6fc75d19af	72	quarantined	mixed_annotation_cluster;unresolved_negative_cluster	WP_165227581.1;WP_165227581|gvpA|protein
nat_bf89f43284d2a11b9302	bf89f43284d2a11b93029904c571f0b75c5c61115d2e3f97cd9453172f114e44	cluster_044b97bbcc6fc75d19af	78	quarantined	mixed_annotation_cluster;unresolved_negative_cluster	WP_163836694.1;WP_163836694|gvpA|protein
nat_0d33e01c516b8fa75a9b	0d33e01c516b8fa75a9bae2c289330a2df1ff698409077a81508e2a1b774b408	cluster_044b97bbcc6fc75d19af	72	quarantined	mixed_annotation_cluster;unresolved_negative_cluster	WP_162425313.1;WP_162425313|gvpA|protein
nat_08ca607a70bf3998101a	08ca607a70bf3998101a9512eb52b57c1b80e2c13c49a70a6984ed5d0bef0b30	cluster_02e83ad46b86e8eaf5e7	70	provisional_training_eligible	annotation_and_out_of_cluster_evidence_agree;no_known_cluster_conflict	WP_160763777.1;WP_160763777|gvpA|protein
nat_9f8db13e803cecc901b7	9f8db13e803cecc901b782bc92f7a669b196f8d1559a4f7432d1ca4dfbec22bc	cluster_02e83ad46b86e8eaf5e7	70	provisional_training_eligible	annotation_and_out_of_cluster_evidence_agree;no_known_cluster_conflict	WP_153488019.1;WP_153488019|gvpA|protein
nat_57d68f25d5ecc3851016	57d68f25d5ecc38510164ceef8be27a7a2615ede80dd69b925319d40786dbea6	cluster_0844cfaee9f234d540b5	86	quarantined	mixed_annotation_cluster;unresolved_negative_cluster	WP_152445663.1;WP_152445663|gvpA|protein
nat_3efb93524692f0b96dfa	3efb93524692f0b96dfaa046d32f4a4123c23703e80573acf200f32afef6f10b	cluster_00b8d6bdf51c5322f38c	86	quarantined	nearest_gvpa_to_unresolved_negative_cluster	WP_148989232.1;WP_148989232|gvpA|protein
nat_bd790502a785bc49c92c	bd790502a785bc49c92c22bfe6be22e078ca2560637cb3de09378ff468ab79ac	cluster_00eda75e8d86c0000a3e	86	quarantined	mixed_annotation_cluster;nearest_gvpa_to_unresolved_negative_cluster;unresolved_negative_cluster	CAM3692216|gvpA|protein;WP_144543769.1;WP_144543769|gvpA|protein
nat_063ea39f372fcc47b854	063ea39f372fcc47b8549d3aaffbd563c50edad459e9e6c3bf3095d19d3db631	cluster_044b97bbcc6fc75d19af	72	quarantined	mixed_annotation_cluster;unresolved_negative_cluster	BBU63941|gvpA|protein;WP_142864691.1;WP_142864691|gvpA|protein
nat_505ccb0a3946a89f0437	505ccb0a3946a89f043772a19b0276f10c34dede49965e1817e861e3000c1cba	cluster_02e83ad46b86e8eaf5e7	70	provisional_training_eligible	annotation_and_out_of_cluster_evidence_agree;no_known_cluster_conflict	WP_142224076.1;WP_142224076|gvpA|protein
nat_6bbc846fc8bfac59f7c6	6bbc846fc8bfac59f7c6510418290574d1f669840583c3476a2d090d30078eaa	cluster_044b97bbcc6fc75d19af	72	quarantined	mixed_annotation_cluster;unresolved_negative_cluster	UQA57619|gvpA|protein;WP_136922933.1;WP_136922933|gvpA|protein
nat_82d6c5940960b17a96d3	82d6c5940960b17a96d33ed7f30f9166d9ad35f19afddade725c4f4376ab8ed3	cluster_044b97bbcc6fc75d19af	72	quarantined	mixed_annotation_cluster;unresolved_negative_cluster	WPP03078|gvpA|protein;WP_134492829.1;WP_134492829|gvpA|protein
nat_d43d1d5ec03e055dcf06	d43d1d5ec03e055dcf06d5715d69b3a4b218fb2526beaf4ce6cd8aff93b974a4	cluster_02e83ad46b86e8eaf5e7	70	provisional_training_eligible	annotation_and_out_of_cluster_evidence_agree;no_known_cluster_conflict	WP_132034394.1;WP_132034394|gvpA|protein
nat_c8ff85651c16b5c02641	c8ff85651c16b5c02641dea13a8c9f6200d4c67afc73ad60421d9105f5bbec37	cluster_02e83ad46b86e8eaf5e7	68	provisional_training_eligible	annotation_and_out_of_cluster_evidence_agree;no_known_cluster_conflict	WP_126462316.1;WP_126462316|gvpA|protein
nat_6753c4dad3e8314a4fcc	6753c4dad3e8314a4fcc8a56ad7f9df1d852047e8ee1f2806d1f7bf06136455e	cluster_00eda75e8d86c0000a3e	88	quarantined	mixed_annotation_cluster;nearest_gvpa_to_unresolved_negative_cluster;unresolved_negative_cluster	WP_116075420.1;WP_116075420|gvpA|protein
nat_bc4042a7c10b7bd447bc	bc4042a7c10b7bd447bc10cf0e7b34e62f2678ee2efe846fd1a4965f276fc9bc	cluster_00eda75e8d86c0000a3e	86	quarantined	mixed_annotation_cluster;nearest_gvpa_to_unresolved_negative_cluster;unresolved_negative_cluster	WP_116075414.1;WP_116075414|gvpA|protein;XSD20838|gvpA|protein
nat_6a2cd3b9036aebd5361b	6a2cd3b9036aebd5361b170c7cb4ada1ca6ad2c2bf6f59ce42e84ec32692ef68	cluster_00eda75e8d86c0000a3e	91	quarantined	mixed_annotation_cluster;nearest_gvpa_to_unresolved_negative_cluster;unresolved_negative_cluster	WP_114915108.1;WP_114915108|gvpA|protein
nat_77fc2ac9451a9bede3dd	77fc2ac9451a9bede3dd4afdae8227afa8425b88fbc617d8483c3a9e33760e70	cluster_00b8d6bdf51c5322f38c	86	quarantined	nearest_gvpa_to_unresolved_negative_cluster	WP_110521313.1;WP_110521313|gvpA|protein
nat_c4f90ad7ed7605569245	c4f90ad7ed7605569245466a78d6cacf132910de853f538fcb5455e24f64846f	cluster_00eda75e8d86c0000a3e	86	quarantined	mixed_annotation_cluster;nearest_gvpa_to_unresolved_negative_cluster;unresolved_negative_cluster	WP_110066995.1;WP_110066995|gvpA|protein
nat_7d765791e125072d99a7	7d765791e125072d99a7ca1c73f9240339ae4a7f749cd0979129744541c4a65a	cluster_044b97bbcc6fc75d19af	68	quarantined	mixed_annotation_cluster;unresolved_negative_cluster	UZJ37394|gvpA|protein;UZJ39216|gvpA|protein;UZJ41188|gvpA|protein;WP_110022885.1;WP_110022885|gvpA|protein
nat_9bc7ff063d928dbcb919	9bc7ff063d928dbcb9195c75a1dc4195393661df207bc297ccedbfddf3dda716	cluster_044b97bbcc6fc75d19af	71	quarantined	mixed_annotation_cluster;unresolved_negative_cluster	WP_107805940.1;WP_107805940|gvpA|protein
nat_2db5ea05deb082340e79	2db5ea05deb082340e798dcbb54d021ddfc5aad940791b9612fe65a7e726f098	cluster_00eda75e8d86c0000a3e	87	quarantined	mixed_annotation_cluster;nearest_gvpa_to_unresolved_negative_cluster;unresolved_negative_cluster	WP_107585507.1;WP_107585507|gvpA|protein
nat_c9a543131d390ec68ed4	c9a543131d390ec68ed4b32369990c6c0e4f444664f2d733da7a5abdf5c6e7a6	cluster_0283d587032de178b666	87	quarantined	mixed_annotation_cluster;nearest_gvpa_to_unresolved_negative_cluster;unresolved_negative_cluster	WP_107585506.1;WP_107585506|gvpA|protein
nat_d6f636dc4849c3ad6e3a	d6f636dc4849c3ad6e3a58c7b0ef91a1ea0fbcc31a5257f2b09eec7527ec1947	cluster_044b97bbcc6fc75d19af	71	quarantined	mixed_annotation_cluster;unresolved_negative_cluster	WP_107562013.1;WP_107562013|gvpA|protein
nat_b06d430fdaaa1079895b	b06d430fdaaa1079895b90414dcee1412655c8233aae0405582a5fa156014994	cluster_044b97bbcc6fc75d19af	72	quarantined	mixed_annotation_cluster;unresolved_negative_cluster	WP_106257461.1;WP_106257461|gvpA|protein;XHX77422|gvpA|protein
nat_6b39f5a7fb6bca78b4de	6b39f5a7fb6bca78b4de78848a0590c9ba9381a0596c3f500d9bf9a9db38751f	cluster_02e83ad46b86e8eaf5e7	68	provisional_training_eligible	annotation_and_out_of_cluster_evidence_agree;no_known_cluster_conflict	WP_104809704.1;WP_104809704|gvpA|protein
nat_87980263fe69edba4368	87980263fe69edba436828ec3f666868f308140bdf4e6a975cd1d9398dbcfa9c	cluster_044b97bbcc6fc75d19af	72	quarantined	mixed_annotation_cluster;unresolved_negative_cluster	WP_100923022.1;WP_100923022|gvpA|protein
nat_f39b437ab8564f78da8d	f39b437ab8564f78da8d7b746d8ce9d5a40c44ea147d2464a4723f4a60d3c446	cluster_00eda75e8d86c0000a3e	86	quarantined	mixed_annotation_cluster;nearest_gvpa_to_unresolved_negative_cluster;unresolved_negative_cluster	WP_099000391.1;WP_099000391|gvpA|protein
nat_5531343a7a7ecf79ad55	5531343a7a7ecf79ad55db9ca51e2ec58b7248423070d730fbb242c095de6142	cluster_044b97bbcc6fc75d19af	72	quarantined	mixed_annotation_cluster;unresolved_negative_cluster	WP_098420078.1;WP_098420078|gvpA|protein
nat_1f4f50f1349e137c7f32	1f4f50f1349e137c7f3208f16caa01bdad2970714663a63d2c93485d175437c7	cluster_02e83ad46b86e8eaf5e7	71	provisional_training_eligible	annotation_and_out_of_cluster_evidence_agree;no_known_cluster_conflict	WP_097645229.1;WP_097645229|gvpA|protein
nat_5ff91e8d3cfc9ac60d0d	5ff91e8d3cfc9ac60d0da6d4bff769a4c4cef44d9e8b9d3dac677e2e966ed6fa	cluster_02e83ad46b86e8eaf5e7	72	provisional_training_eligible	annotation_and_out_of_cluster_evidence_agree;no_known_cluster_conflict	WP_096607388.1;WP_096607388|gvpA|protein
nat_081e6fae1d79d93eb37e	081e6fae1d79d93eb37e06b9b36a9051ecbb063d6869383bf5e9695311682261	cluster_0283d587032de178b666	91	quarantined	mixed_annotation_cluster;nearest_gvpa_to_unresolved_negative_cluster;unresolved_negative_cluster	WP_093212467.1;WP_093212467|gvpA|protein
nat_3b8e26a87928dd1c1130	3b8e26a87928dd1c11308a9daab1f4cae1c758048adeed5cc8c8de052c961373	cluster_00b8d6bdf51c5322f38c	89	quarantined	nearest_gvpa_to_unresolved_negative_cluster	WP_093047006.1;WP_093047006|gvpA|protein
nat_bfa3b303b3d7305c173f	bfa3b303b3d7305c173f3ae35dc80425fcdb56d051e9998a25a11b72772a90e4	cluster_0283d587032de178b666	97	quarantined	mixed_annotation_cluster;nearest_gvpa_to_unresolved_negative_cluster;unresolved_negative_cluster	WP_093045974.1;WP_093045974|gvpA|protein
nat_db099662bae325b9438c	db099662bae325b9438c8704241b3f81f3d5dde85209ef4f6468d134754f5dd8	cluster_0b5cd7683d0975317579	72	quarantined	mixed_annotation_cluster	WP_092960919.1;WP_092960919|gvpA|protein
nat_b07305ca6f722d02988a	b07305ca6f722d02988a3d0c756feb0815d3b6a95c9e62b3013a423b137a8b56	cluster_02e83ad46b86e8eaf5e7	71	provisional_training_eligible	annotation_and_out_of_cluster_evidence_agree;no_known_cluster_conflict	WP_092209254.1;WP_092209254|gvpA|protein
nat_a2b40c981456774b6e29	a2b40c981456774b6e29756894bbc27182fa3b0b77e5d636b4032ab626568ac2	cluster_044b97bbcc6fc75d19af	74	quarantined	mixed_annotation_cluster;unresolved_negative_cluster	WP_090488909.1;WP_090488909|gvpA|protein;XWU83248|gvpA|protein
nat_e9d01ae6175270dee0d8	e9d01ae6175270dee0d811da043d2703afeb63591e014fc1d0393f88a8a40595	cluster_044b97bbcc6fc75d19af	74	quarantined	mixed_annotation_cluster;unresolved_negative_cluster	WP_089729497.1;WP_089729497|gvpA|protein
nat_0c171934ecf7b20bfbc9	0c171934ecf7b20bfbc9176c35ddda62ffda0e781c2c91e76cbb4789a85d1ced	cluster_00eda75e8d86c0000a3e	93	quarantined	mixed_annotation_cluster;nearest_gvpa_to_unresolved_negative_cluster;unresolved_negative_cluster	WP_089530668.1;WP_089530668|gvpA|protein
nat_8ff951966677ada5d69f	8ff951966677ada5d69fa598dcdc8d21b160b6ad3a83f4e1ee63c48bff00c9d0	cluster_044b97bbcc6fc75d19af	72	quarantined	mixed_annotation_cluster;unresolved_negative_cluster	WP_088893383.1;WP_088893383|gvpA|protein
nat_34a4a65736a78d22df6a	34a4a65736a78d22df6a6298330e17f4c31b7e4e19acc04fa044e95a52b44b9b	cluster_0283d587032de178b666	93	quarantined	mixed_annotation_cluster;nearest_gvpa_to_unresolved_negative_cluster;unresolved_negative_cluster	WP_088048850.1;WP_088048850|gvpA|protein
nat_ec71caa9aa98b279110d	ec71caa9aa98b279110db7eeddea67df583cf49a79c0c0cbc92692cecd56f8a7	cluster_00eda75e8d86c0000a3e	84	quarantined	mixed_annotation_cluster;nearest_gvpa_to_unresolved_negative_cluster;unresolved_negative_cluster	WP_088019259.1;WP_088019259|gvpA|protein
nat_487f5518a6cfaf0b0b75	487f5518a6cfaf0b0b759aa3f1c0c33eb60a885f4eea64b108da092081b51d67	cluster_00eda75e8d86c0000a3e	91	quarantined	mixed_annotation_cluster;nearest_gvpa_to_unresolved_negative_cluster;unresolved_negative_cluster	WP_087972332.1;WP_087972332|gvpA|protein
nat_8d6274f78693091697cf	8d6274f78693091697cf066d860d6107e0284d36ff784ac52e8bdd59f203229b	cluster_02e83ad46b86e8eaf5e7	70	provisional_training_eligible	annotation_and_out_of_cluster_evidence_agree;no_known_cluster_conflict	WP_085933344.1;WP_085933344|gvpA|protein
nat_b409898218d5081ec434	b409898218d5081ec4342fccc5a0fff74fb9537ef871cae59901bbc285aa9a0d	cluster_044b97bbcc6fc75d19af	72	quarantined	mixed_annotation_cluster;unresolved_negative_cluster	BDV38619|gvpA|protein;WP_085772564.1;WP_085772564|gvpA|protein
nat_0cff47cd0a85e1de37e0	0cff47cd0a85e1de37e0ecd86f2547117aedabb101c8e97eb486ebb51c831023	cluster_044b97bbcc6fc75d19af	71	quarantined	mixed_annotation_cluster;unresolved_negative_cluster	UGS11402|gvpA|protein;WKX64357|gvpA|protein;WP_084989880.1;WP_084989880|gvpA|protein
nat_c95ec1b2f7e46d479f0b	c95ec1b2f7e46d479f0b7badb82434afd4e1a2e4219d526149e245a2c5401427	cluster_044b97bbcc6fc75d19af	72	quarantined	mixed_annotation_cluster;unresolved_negative_cluster	WP_084068413.1;WP_084068413|gvpA|protein
nat_f73e9b648178e6df8c6a	f73e9b648178e6df8c6ae1b7975c7f6bb8865bfd92edda8674be445474a5a5d0	cluster_044b97bbcc6fc75d19af	72	quarantined	mixed_annotation_cluster;unresolved_negative_cluster	VXD16283|gvpA|protein;WP_083620231.1;WP_083620231|gvpA|protein
nat_82b9d4647d83832bf059	82b9d4647d83832bf059d6870b2ecea198fd5868db5ba0fb7f3476533336312b	cluster_0283d587032de178b666	92	quarantined	mixed_annotation_cluster;nearest_gvpa_to_unresolved_negative_cluster;unresolved_negative_cluster	WP_078596767.1;WP_078596767|gvpA|protein
nat_ad033982fcb9c7e260ad	ad033982fcb9c7e260ad2d157d65540ca5e5755820ba8a6e97491d70353f794b	cluster_044b97bbcc6fc75d19af	72	quarantined	mixed_annotation_cluster;unresolved_negative_cluster	WP_075598971.1;WP_075598971|gvpA|protein
nat_1bae8aa5c69e1d4931dd	1bae8aa5c69e1d4931dd74badaf3df348d80033e5d43b1989f61d5c7b6ee95e3	cluster_044b97bbcc6fc75d19af	72	quarantined	mixed_annotation_cluster;unresolved_negative_cluster	WP_073608715.1;WP_073608715|gvpA|protein
nat_b39131acb6e4086319d0	b39131acb6e4086319d0c03c602fb7cf5d26620142fdeef57aa6f68352c03653	cluster_044b97bbcc6fc75d19af	72	quarantined	mixed_annotation_cluster;unresolved_negative_cluster	CAD5918119|gvpA|protein;CAD5984871|gvpA|protein;WP_072717742.1;WP_072717742|gvpA|protein
nat_c69f9a6b4253e4d6089f	c69f9a6b4253e4d6089f33106133a158408665e78a978f99dedcd93f78389254	cluster_044b97bbcc6fc75d19af	70	quarantined	mixed_annotation_cluster;unresolved_negative_cluster	WP_069474504|gvpA|protein
nat_8d61c399409b4395f3c5	8d61c399409b4395f3c50202fad06f3a8bd9f53aad013234d59976588dcf30eb	cluster_00eda75e8d86c0000a3e	84	quarantined	mixed_annotation_cluster;nearest_gvpa_to_unresolved_negative_cluster;unresolved_negative_cluster	WP_064098149.1;WP_064098149|gvpA|protein
nat_a43bb7e6a797bf21e3c8	a43bb7e6a797bf21e3c86ece60214d70c2b4cace0e3b15223b19cc282979d5f0	cluster_044b97bbcc6fc75d19af	71	quarantined	mixed_annotation_cluster;unresolved_negative_cluster	WP_063873375.1;WP_063873375|gvpA|protein
nat_33d41a075d0d8538e4c6	33d41a075d0d8538e4c6c4e7fefd46ec59806251fa948a5afefa3d6835285f94	cluster_044b97bbcc6fc75d19af	71	quarantined	mixed_annotation_cluster;unresolved_negative_cluster	WP_063873374.1;WP_063873374|gvpA|protein
nat_47d50311ddb9a7300429	47d50311ddb9a730042959889883933677e0dc116b42edc5b10ac81dbe0dd16f	cluster_09f47a4c9a94b657ae7d	87	quarantined	mixed_annotation_cluster;unresolved_negative_cluster	WP_062237609.1;WP_062237609|gvpA|protein
nat_7e786e62d646d83c83d5	7e786e62d646d83c83d55d13f4e6e86113e563070518676d7a501e897dbac5a7	cluster_0844cfaee9f234d540b5	86	quarantined	mixed_annotation_cluster;unresolved_negative_cluster	WP_060665525.1;WP_060665525|gvpA|protein
nat_956601650d2d23245a8b	956601650d2d23245a8b2f9b4cd73ff2dbc308d3bafe51647fd246bf1f7c7ea7	cluster_044b97bbcc6fc75d19af	72	quarantined	mixed_annotation_cluster;unresolved_negative_cluster	WP_058557733.1;WP_058557733|gvpA|protein
nat_91bed3979bc3e4336571	91bed3979bc3e4336571f4777fdc970add38d222ade8ef0f579bd78d1660a8a9	cluster_044b97bbcc6fc75d19af	71	quarantined	mixed_annotation_cluster;unresolved_negative_cluster	QYX32583|gvpA|protein;QYX32584|gvpA|protein;QYX32585|gvpA|protein;UJL33739|gvpA|protein;UJL33740|gvpA|protein;UJL33741|gvpA|protein;UJL33742|gvpA|protein;UJL33743|gvpA|protein;UJS05989|gvpA|protein;UJS05990|gvpA|protein;UJS05991|gvpA|protein;UJS05992|gvpA|protein;UJS05993|gvpA|protein;WP_057178839.1;WP_057178839|gvpA|protein;XXK15504|gvpA|protein;XXK15505|gvpA|protein;XXK15506|gvpA|protein;XXK15507|gvpA|protein;XXK15508|gvpA|protein
nat_6d22046d840b353d0c87	6d22046d840b353d0c87926696465f050b762778c37bd635b2e75274bc73567b	cluster_0844cfaee9f234d540b5	84	quarantined	mixed_annotation_cluster;unresolved_negative_cluster	WP_056828831.1;WP_056828831|gvpA|protein
nat_edb3955be5268406dd34	edb3955be5268406dd349fd2bc4c929d33afad48158e2958fc4ae2b8b2a1bbf8	cluster_0844cfaee9f234d540b5	84	quarantined	mixed_annotation_cluster;unresolved_negative_cluster	WP_053590916.1;WP_053590916|gvpA|protein
nat_fcb1203cd7b1290f06c7	fcb1203cd7b1290f06c7eee832d38d2753324a3561a148b06d5fe68ca594ccd7	cluster_044b97bbcc6fc75d19af	72	quarantined	mixed_annotation_cluster;unresolved_negative_cluster	WP_042152734.1;WP_042152734|gvpA|protein
nat_39abeace88875ff60285	39abeace88875ff602858f6d534b371a19590c1d4980894f79c4fcdd932b84ba	cluster_0844cfaee9f234d540b5	86	quarantined	mixed_annotation_cluster;unresolved_negative_cluster	WP_040047995.1;WP_040047995|gvpA|protein
nat_0a21b67bc6dd51d1c17f	0a21b67bc6dd51d1c17f7fde8a48fae5f8896c153009d5b2ae3fe77aa4a610d8	cluster_0283d587032de178b666	82	quarantined	mixed_annotation_cluster;nearest_gvpa_to_unresolved_negative_cluster;unresolved_negative_cluster	WP_040036168.1;WP_040036168|gvpA|protein
nat_12dabeef25e15f66b8b5	12dabeef25e15f66b8b51cb9ef06884d5805b388789811193845b365ad2cf93c	cluster_044b97bbcc6fc75d19af	72	quarantined	mixed_annotation_cluster;unresolved_negative_cluster	GAX41487|gvpA|protein;WP_039752851.1;WP_039752851|gvpA|protein
nat_1e4bdf662135756f269c	1e4bdf662135756f269c750686d6fb14c3f869900dc253ed6b287432cc0987f7	cluster_0844cfaee9f234d540b5	86	quarantined	mixed_annotation_cluster;unresolved_negative_cluster	WP_039231078.1;WP_039231078|gvpA|protein
nat_d5a9f8a6d8ef07026219	d5a9f8a6d8ef070262196442cf709a94c96f95af2210cea7ee39955731d20d86	cluster_044b97bbcc6fc75d19af	72	quarantined	mixed_annotation_cluster;unresolved_negative_cluster	WP_036534731.1;WP_036534731|gvpA|protein
nat_40e46fb2de86e2d32973	40e46fb2de86e2d32973ab1377f7dea994ed6e0a8d90bf43509295e1c8078b1e	cluster_0283d587032de178b666	96	quarantined	mixed_annotation_cluster;nearest_gvpa_to_unresolved_negative_cluster;unresolved_negative_cluster	WP_035531814.1;WP_035531814|gvpA|protein
nat_43f6e7e097fbcc058a96	43f6e7e097fbcc058a96545cd9e127c321381c2c301463b5d55b5aa6dd1827f3	cluster_00eda75e8d86c0000a3e	96	quarantined	mixed_annotation_cluster;nearest_gvpa_to_unresolved_negative_cluster;unresolved_negative_cluster	WP_035506199.1;WP_035506199|gvpA|protein
nat_70ad50650b15b30241b4	70ad50650b15b30241b46f6465ff33574b09f8ff6e2d85eacace07ebbdbb4b4c	cluster_00eda75e8d86c0000a3e	96	quarantined	mixed_annotation_cluster;nearest_gvpa_to_unresolved_negative_cluster;unresolved_negative_cluster	WP_028783634.1;WP_028783634|gvpA|protein
nat_04c114f840f1c4058ea6	04c114f840f1c4058ea6e9f14c3b7e8691408d35ff5ff449b3f20f8b9054d6e9	cluster_00eda75e8d86c0000a3e	86	quarantined	mixed_annotation_cluster;nearest_gvpa_to_unresolved_negative_cluster;unresolved_negative_cluster	WP_026694723.1;WP_026694723|gvpA|protein
nat_3534b37db97896c62b78	3534b37db97896c62b78885ef38a4ed0f4a24acb60b22c166f7f3229d40dc68c	cluster_044b97bbcc6fc75d19af	72	quarantined	mixed_annotation_cluster;unresolved_negative_cluster	WP_026199334.1;WP_026199334|gvpA|protein
nat_f4b103f437e4c6a24ac0	f4b103f437e4c6a24ac0e6c90a00473a407fc0fe7e07cbcdde8753d9bda915e0	cluster_044b97bbcc6fc75d19af	74	quarantined	mixed_annotation_cluster;unresolved_negative_cluster	WP_022834760.1;WP_022834760|gvpA|protein
nat_98944d24da61fa63ee27	98944d24da61fa63ee273760c8aefff575f8e518609e95c855fc9b4829e66579	cluster_00b8d6bdf51c5322f38c	89	quarantined	nearest_gvpa_to_unresolved_negative_cluster	WP_022794406.1;WP_022794406|gvpA|protein
nat_2c2604728bdef8750aec	2c2604728bdef8750aecca71c68dd7345cd16ca9f3492c8d41790bc4ba9d256c	cluster_044b97bbcc6fc75d19af	72	quarantined	mixed_annotation_cluster;unresolved_negative_cluster	UOA09609|gvpA|protein;UOA09610|gvpA|protein;UOA09611|gvpA|protein;WJV54098|gvpA|protein;WJV58461|gvpA|protein;WJV62751|gvpA|protein;WJV67084|gvpA|protein;WJY11068|gvpA|protein;WJY14889|gvpA|protein;WP_021013972.1;WP_021013972|gvpA|protein
nat_37dd3e43f991da44762e	37dd3e43f991da44762eda1fc03a12cfd6611a4c5b2529fd84cdc0a6c48db876	cluster_044b97bbcc6fc75d19af	72	quarantined	mixed_annotation_cluster;unresolved_negative_cluster	WP_020503491.1;WP_020503491|gvpA|protein
nat_b0f89cfe92498f0bbfbc	b0f89cfe92498f0bbfbcd0093025ea5362a09020df0c6ccda90ebcbd25c82772	cluster_044b97bbcc6fc75d19af	72	quarantined	mixed_annotation_cluster;unresolved_negative_cluster	WP_020175973.1;WP_020175973|gvpA|protein
nat_f2015767f86fd10eb826	f2015767f86fd10eb8269a208b2cbd9b7cbd3f431a958a88b44a851664a82136	cluster_044b97bbcc6fc75d19af	72	quarantined	mixed_annotation_cluster;unresolved_negative_cluster	WP_019501601.1;WP_019501601|gvpA|protein
nat_0bd3626b9a4c7329ae70	0bd3626b9a4c7329ae705733a82bc637c4e56a457107b06dace9e1adc430622c	cluster_044b97bbcc6fc75d19af	72	quarantined	mixed_annotation_cluster;unresolved_negative_cluster	WP_018402864.1;WP_018402864|gvpA|protein
nat_2b00e8b222b28090ae59	2b00e8b222b28090ae59aa4d09e406e2ae1415ac06de4391fa8479d2afafdf02	cluster_044b97bbcc6fc75d19af	72	quarantined	mixed_annotation_cluster;unresolved_negative_cluster	WP_018402853.1;WP_018402853|gvpA|protein
nat_9f00e82557108118047d	9f00e82557108118047d7aa5c459901d325bb26517ac7d3f3ad30cb10081a05a	cluster_044b97bbcc6fc75d19af	71	quarantined	mixed_annotation_cluster;unresolved_negative_cluster	WP_017803924.1;WP_017803924|gvpA|protein
nat_183f7c25f0bd175da05b	183f7c25f0bd175da05b2e89e1953e3d47fd199450e2d37264e0f73ade5688e2	cluster_044b97bbcc6fc75d19af	71	quarantined	mixed_annotation_cluster;unresolved_negative_cluster	WP_017803923.1;WP_017803923|gvpA|protein
nat_2ae1a088ad5073788376	2ae1a088ad5073788376e3f0ffee2fbd9a6cfbf7ccadb2c78762018e5405b300	cluster_044b97bbcc6fc75d19af	72	quarantined	mixed_annotation_cluster;unresolved_negative_cluster	WP_017300094.1;WP_017300094|gvpA|protein
nat_b62ae18b3dfeec027170	b62ae18b3dfeec027170bd63f41ce77513e12ccca76b093f76d07368756dc390	cluster_044b97bbcc6fc75d19af	71	quarantined	mixed_annotation_cluster;unresolved_negative_cluster	WP_016922591.1;WP_016922591|gvpA|protein
nat_97a7f6a002cd984f87b1	97a7f6a002cd984f87b1f1644300f4af963beddf3b4cf9f83f41584445a9d102	cluster_044b97bbcc6fc75d19af	72	quarantined	mixed_annotation_cluster;unresolved_negative_cluster	WP_015167036.1;WP_015167036|gvpA|protein
nat_8b0ebfde7cff54503a90	8b0ebfde7cff54503a9090e672c63a888ebe9c83c6cd89fcf119e691ae16fccb	cluster_044b97bbcc6fc75d19af	72	quarantined	mixed_annotation_cluster;unresolved_negative_cluster	WP_015146561.1;WP_015146561|gvpA|protein
nat_262acad32bf64e600812	262acad32bf64e600812dbe317d432363f2a5c5dcb0bea6cfaa11de3ef08c572	cluster_02e83ad46b86e8eaf5e7	75	provisional_training_eligible	annotation_and_out_of_cluster_evidence_agree;no_known_cluster_conflict	WP_015050167.1;WP_015050167|gvpA|protein
nat_b0df6d202bb0ca1472d2	b0df6d202bb0ca1472d2550f59247e9006db5cdd04dcf87dbb95247c1c698f20	cluster_044b97bbcc6fc75d19af	72	quarantined	mixed_annotation_cluster;unresolved_negative_cluster	WP_014812662.1;WP_014812662|gvpA|protein
nat_9ea506ab1bb26a2a159a	9ea506ab1bb26a2a159a665465c1d2e49eaa520ea544b46534f50ac65e22eb5b	cluster_044b97bbcc6fc75d19af	72	quarantined	mixed_annotation_cluster;unresolved_negative_cluster	WP_013706740.1;WP_013706740|gvpA|protein
nat_5baeb577d8a796551d83	5baeb577d8a796551d8396cb82dd7b1230fa180e475aa13debe597dc37724863	cluster_044b97bbcc6fc75d19af	72	quarantined	mixed_annotation_cluster;unresolved_negative_cluster	WP_013563650.1;WP_013563650|gvpA|protein
nat_86ba936b09d3d4c2dbfa	86ba936b09d3d4c2dbfaae01e2029bfa42384277d05b3999043640c63145625b	cluster_02e83ad46b86e8eaf5e7	68	provisional_training_eligible	annotation_and_out_of_cluster_evidence_agree;no_known_cluster_conflict	WP_012508536.1;WP_012508536|gvpA|protein
nat_0a83dfbba1b7aa435131	0a83dfbba1b7aa435131d2f769a306bfb6545d0e419077a8449abf3fac54dda8	cluster_044b97bbcc6fc75d19af	72	quarantined	mixed_annotation_cluster;unresolved_negative_cluster	WP_011770092.1;WP_011770092|gvpA|protein
nat_408e9d934f451bb01fbc	408e9d934f451bb01fbc22c8555ff5a266d41c0beb19e3e9493652d1a205bb68	cluster_044b97bbcc6fc75d19af	72	quarantined	mixed_annotation_cluster;unresolved_negative_cluster	WP_011769645.1;WP_011769645|gvpA|protein
nat_c96b24fc03ee6b66c3d6	c96b24fc03ee6b66c3d6db1d4dbfdf5a829cb2f5a5ac51723c83800ae81e4aff	cluster_02e83ad46b86e8eaf5e7	68	provisional_training_eligible	annotation_and_out_of_cluster_evidence_agree;no_known_cluster_conflict	WP_011357441.1;WP_011357441|gvpA|protein
nat_ed3338aeeaf3197e41d9	ed3338aeeaf3197e41d9f3b49f822f83be8358d114c4e683180c9cbe5b6e2647	cluster_02e83ad46b86e8eaf5e7	68	provisional_training_eligible	annotation_and_out_of_cluster_evidence_agree;no_known_cluster_conflict	WP_011357439.1;WP_011357439|gvpA|protein
nat_667b333e161105876fb2	667b333e161105876fb2cf5ab53eba1f68f65e9d3e8006d6b2792f4e76e1c0ce	cluster_0283d587032de178b666	84	quarantined	mixed_annotation_cluster;nearest_gvpa_to_unresolved_negative_cluster;unresolved_negative_cluster	UAL46621|gvpA|protein;WP_010195308.1;WP_010195308|gvpA|protein;XAB46274|gvpA|protein;XKE48707|gvpA|protein;XKE52738|gvpA|protein;XKE56938|gvpA|protein;XKG09752|gvpA|protein;XKG84051|gvpA|protein
nat_e6550f96a73166345a2a	e6550f96a73166345a2aec6ac098824a55a382b065124fc8b710a568cb594709	cluster_044b97bbcc6fc75d19af	73	quarantined	mixed_annotation_cluster;unresolved_negative_cluster	QPS40892|gvpA|protein;WP_010109838.1;WP_010109838|gvpA|protein
nat_c4bd9707d576667fbfb8	c4bd9707d576667fbfb8e43220880a130b3190c167d94e89b6c75585c796caeb	cluster_044b97bbcc6fc75d19af	73	quarantined	mixed_annotation_cluster;unresolved_negative_cluster	QPS46699|gvpA|protein;WP_009915627.1;WP_009915627|gvpA|protein
nat_6f827542d262f6a8575a	6f827542d262f6a8575a7ac08f23d14f643c985ecf8d65260a44d1f5c7ecb48c	cluster_044b97bbcc6fc75d19af	72	quarantined	mixed_annotation_cluster;unresolved_negative_cluster	QZZ23719|gvpA|protein;UIE36189|gvpA|protein;ULP28905|gvpA|protein;WNZ47247|gvpA|protein;WP_009768191.1;WP_009768191|gvpA|protein;XOF26165|gvpA|protein
nat_4494d3357cccfc2291ad	4494d3357cccfc2291ada2f22a6a76541201c321b02c7a8c657ed2a36af68db8	cluster_044b97bbcc6fc75d19af	72	quarantined	mixed_annotation_cluster;unresolved_negative_cluster	WP_008311322.1;WP_008311322|gvpA|protein
nat_5883761e33f67abd193e	5883761e33f67abd193ec3c033807077fa86d7441f5480dedb0c45c47de2d2d7	cluster_02e83ad46b86e8eaf5e7	68	provisional_training_eligible	annotation_and_out_of_cluster_evidence_agree;no_known_cluster_conflict	WP_004569091.1;WP_004569091|gvpA|protein
nat_1f275ce5dd842aaaf9d2	1f275ce5dd842aaaf9d24fd9cd1a995ccd28e8006db8fd5d12c958ce30deb19a	cluster_044b97bbcc6fc75d19af	71	quarantined	mixed_annotation_cluster;unresolved_negative_cluster	BCU10453|gvpA|protein;CAD5939181|gvpA|protein;CAD5971510|gvpA|protein;QGZ92527|gvpA|protein;QGZ92898|gvpA|protein;UGS07379|gvpA|protein;UGS07380|gvpA|protein;UZO76105|gvpA|protein;UZO76106|gvpA|protein;UZO79079|gvpA|protein;WKX64358|gvpA|protein;WKX64359|gvpA|protein;WNF13144|gvpA|protein;WNF13145|gvpA|protein;WOB68207|gvpA|protein;WOB68208|gvpA|protein;WOB68209|gvpA|protein;WP_002735503.1;WP_002735503|gvpA|protein;WZL85698|gvpA|protein;WZL87567|gvpA|protein;XHB71668|gvpA|protein;XHB71669|gvpA|protein;XQD06703|gvpA|protein;XQD06704|gvpA|protein;XQD06705|gvpA|protein;XQJ63650|gvpA|protein;XQJ63651|gvpA|protein;XQJ63759|gvpA|protein;XTX14704|gvpA|protein;XTX14705|gvpA|protein;XTX14706|gvpA|protein;XTX19137|gvpA|protein;XTX19138|gvpA|protein;XTX19139|gvpA|protein;XTX24201|gvpA|protein;XUP06190|gvpA|protein;XUP06351|gvpA|protein;sp|B0JPK6|gvpA|protein
nat_fb63ecbac61c302167f9	fb63ecbac61c302167f920fcc1a3500f2fbbd2afc3ff29984a0762f6ce0653bf	cluster_13ee99e71183bcf01114	147	provisional_training_eligible	annotation_and_out_of_cluster_evidence_agree;no_known_cluster_conflict	QPI60033|gvpA|protein;UHH21717|gvpA|protein
nat_18287ab709e4536a8a89	18287ab709e4536a8a89739dfa9e9f242eae4affc02341a97ddfbf290ac97055	cluster_18287ab709e4536a8a89	150	quarantined	mixed_annotation_cluster	QPI55488|gvpA|protein
nat_c6694fda37ff51b3f382	c6694fda37ff51b3f38274d3a185ac8443a605c30d985300d151a639aecb11a8	cluster_044b97bbcc6fc75d19af	71	quarantined	mixed_annotation_cluster;unresolved_negative_cluster	WYL97743|gvpA|protein;WYL99907|gvpA|protein;XHR82204|gvpA|protein;XZF63074|gvpA|protein
nat_f8623581c79728f8eb53	f8623581c79728f8eb53cc1e90b7ea1d14a2cf56580817def87ab94acc99e449	cluster_044b97bbcc6fc75d19af	72	quarantined	mixed_annotation_cluster;unresolved_negative_cluster	XZE52656|gvpA|protein
nat_f063d1210a55bcc917a5	f063d1210a55bcc917a55d7a3c9d7ac757fba7cad9a5e0587939eceff0f37b29	cluster_044b97bbcc6fc75d19af	72	quarantined	mixed_annotation_cluster;unresolved_negative_cluster	XZE19262|gvpA|protein;XZE39488|gvpA|protein
nat_2b769a64bdbe24f6dbc7	2b769a64bdbe24f6dbc761932d2659e2b37730bb31d575bda50d22ede5ca9712	cluster_13ee99e71183bcf01114	147	provisional_training_eligible	annotation_and_out_of_cluster_evidence_agree;no_known_cluster_conflict	WAP54295|gvpA|protein;WNE94752|gvpA|protein
nat_219e1145c7c5f874f9d7	219e1145c7c5f874f9d797ec77f60d84bedf5ec098c216185b4d62eb20b62e9e	cluster_038b08407425f0209cdb	154	provisional_training_eligible	annotation_and_out_of_cluster_evidence_agree;no_known_cluster_conflict	WSE18955|gvpA|protein;WTR45138|gvpA|protein;WTR84878|gvpA|protein;WTS38138|gvpA|protein;WTT56754|gvpA|protein;WTU55064|gvpA|protein;WTX46120|gvpA|protein;WUB91979|gvpA|protein
nat_7b9e043074608d733fa7	7b9e043074608d733fa72c2d1537a85a9f066180f066c7dccb48472069ce640e	cluster_038b08407425f0209cdb	154	provisional_training_eligible	annotation_and_out_of_cluster_evidence_agree;no_known_cluster_conflict	WSS54069|gvpA|protein
nat_93acd62cda39262797de	93acd62cda39262797de612ea5c4652847758913fa8ff8c766e84ebd13a17f87	cluster_038b08407425f0209cdb	160	provisional_training_eligible	annotation_and_out_of_cluster_evidence_agree;no_known_cluster_conflict	WSD81128|gvpA|protein;WSK64696|gvpA|protein;WTJ10094|gvpA|protein;WTO97362|gvpA|protein;WUX78382|gvpA|protein
nat_81c712b2f98895c40a2d	81c712b2f98895c40a2ddd233e82cd441e197a9c3c238140dfe93eb144babaad	cluster_038b08407425f0209cdb	152	provisional_training_eligible	annotation_and_out_of_cluster_evidence_agree;no_known_cluster_conflict	XUT62697|gvpA|protein
nat_ef77ab19922de7e129e4	ef77ab19922de7e129e43468cb5c67555d8a6b3ccb4912115f09a8c1095d9614	cluster_18287ab709e4536a8a89	137	quarantined	mixed_annotation_cluster	CAL2069912|gvpA|protein;CAL2072060|gvpA|protein;UWW91486|gvpA|protein
nat_79581e5ad6e56e668c37	79581e5ad6e56e668c373d7a8b72d6f1f5bc979c5b275abb52d9467871b3da6e	cluster_18287ab709e4536a8a89	136	quarantined	mixed_annotation_cluster	CAK7279695|gvpA|protein
nat_45d8bf8bea0b0845fea0	45d8bf8bea0b0845fea0454ddcc5aeef60886812481cab811e7b2c5e31b593c1	cluster_0ccad4d436403131ae6a	139	provisional_training_eligible	annotation_and_out_of_cluster_evidence_agree;no_known_cluster_conflict	QRI75709|gvpA|protein;QSE59118|gvpA|protein;QSE69561|gvpA|protein;UGQ40264|gvpA|protein;USC16528|gvpA|protein;UYF93301|gvpA|protein;WFS12910|gvpA|protein;XKU37254|gvpA|protein
nat_5d7c3d0594612da43ea2	5d7c3d0594612da43ea22e75595e807f8d301c7b38eca653a97700234387055e	cluster_0ccad4d436403131ae6a	137	provisional_training_eligible	annotation_and_out_of_cluster_evidence_agree;no_known_cluster_conflict	QRI76928|gvpA|protein;QSE60346|gvpA|protein;QSE68347|gvpA|protein;WFS11712|gvpA|protein;XKU35982|gvpA|protein
nat_47e46863c347a8f8468f	47e46863c347a8f8468fe0ba13c4e5044ebc5ce094ddd6a0277b01f7aaa81010	cluster_044b97bbcc6fc75d19af	72	quarantined	mixed_annotation_cluster;unresolved_negative_cluster	XGV98739|gvpA|protein
nat_4469cb3e6c41fb1309a3	4469cb3e6c41fb1309a310573d010aa354b164353318ad7adc1b75671a984659	cluster_038b08407425f0209cdb	148	provisional_training_eligible	annotation_and_out_of_cluster_evidence_agree;no_known_cluster_conflict	WSF00008|gvpA|protein;WSI15815|gvpA|protein;WSK26622|gvpA|protein;WSL31157|gvpA|protein;WSZ52034|gvpA|protein;WTG71017|gvpA|protein;WTH28259|gvpA|protein;WTP69884|gvpA|protein;WTT49445|gvpA|protein;WTV27114|gvpA|protein;WWM28407|gvpA|protein
nat_747d60b2bd9f9baa6cfc	747d60b2bd9f9baa6cfc25e72c691c86ac561a9e907c34cc5085913170b5fcb5	cluster_240500bb8aaece16c8a7	156	provisional_training_eligible	annotation_and_out_of_cluster_evidence_agree;no_known_cluster_conflict	WSI59594|gvpA|protein;WTI50344|gvpA|protein;WUB08205|gvpA|protein;WUJ94469|gvpA|protein
nat_8a4162d5996844339fef	8a4162d5996844339fefcc7949127c12b1face55cf3ba1afda2a99f8bb5ad3a5	cluster_0ccad4d436403131ae6a	135	provisional_training_eligible	annotation_and_out_of_cluster_evidence_agree;no_known_cluster_conflict	WUD64512|gvpA|protein
nat_e3ae3cb5783250fb742f	e3ae3cb5783250fb742fb71fd41788066eafe4e9503a858545a216b3b1c140a9	cluster_038b08407425f0209cdb	155	provisional_training_eligible	annotation_and_out_of_cluster_evidence_agree;no_known_cluster_conflict	WUD30313|gvpA|protein;WUD46820|gvpA|protein;WUE49684|gvpA|protein;WUE61046|gvpA|protein;WUF33684|gvpA|protein;WUK60174|gvpA|protein
nat_9c7fbca4e03cd6830bf2	9c7fbca4e03cd6830bf22f375f47a20a578d93a8f16380964946093df4e4685f	cluster_038b08407425f0209cdb	146	provisional_training_eligible	annotation_and_out_of_cluster_evidence_agree;no_known_cluster_conflict	WUC98569|gvpA|protein
nat_a781ed1499476fa04028	a781ed1499476fa04028456993ef07a195b09521cebe488ec92344ff87e2e2d5	cluster_038b08407425f0209cdb	151	provisional_training_eligible	annotation_and_out_of_cluster_evidence_agree;no_known_cluster_conflict	WUC31711|gvpA|protein
nat_8430c66867e7555de5e1	8430c66867e7555de5e15b2954a1ef6fecbe33c07883a824ca457f6cecf46e1f	cluster_240500bb8aaece16c8a7	155	provisional_training_eligible	annotation_and_out_of_cluster_evidence_agree;no_known_cluster_conflict	WUB84097|gvpA|protein
nat_29fc4eacaf44be490bad	29fc4eacaf44be490badeadbce3c4cd75afe1507fe0e57c73f835b331eeefd20	cluster_038b08407425f0209cdb	154	provisional_training_eligible	annotation_and_out_of_cluster_evidence_agree;no_known_cluster_conflict	WSZ66064|gvpA|protein;WTA31092|gvpA|protein;WUB21575|gvpA|protein
nat_6bd198e130544a8380c7	6bd198e130544a8380c7db1d2cbbf6fb92a84322fdf266b455cc5224aabe209b	cluster_05faae01597311327997	158	provisional_training_eligible	annotation_and_out_of_cluster_evidence_agree;no_known_cluster_conflict	WSD52786|gvpA|protein;WSI91778|gvpA|protein;WSL02768|gvpA|protein;WSN06565|gvpA|protein
nat_be1dac504153ecab385d	be1dac504153ecab385d6451585ae431c1a72f137cf109d97d662157c10dd226	cluster_038b08407425f0209cdb	154	provisional_training_eligible	annotation_and_out_of_cluster_evidence_agree;no_known_cluster_conflict	WSD94690|gvpA|protein;WSE03550|gvpA|protein;WSN64185|gvpA|protein;WSW29061|gvpA|protein;WTS07011|gvpA|protein;WTZ76905|gvpA|protein;WUK19742|gvpA|protein;WUP04468|gvpA|protein;WUW77079|gvpA|protein
nat_074f333dec93d43ec001	074f333dec93d43ec001ab5196dc8d9407e32e65e924082593fdfab9b32f9cc2	cluster_038b08407425f0209cdb	153	provisional_training_eligible	annotation_and_out_of_cluster_evidence_agree;no_known_cluster_conflict	WTL39756|gvpA|protein
nat_70cf8e4638ff311302cb	70cf8e4638ff311302cb5ca8bdaf2b05615557c2718837bce8b58329e68c16b3	cluster_038b08407425f0209cdb	157	provisional_training_eligible	annotation_and_out_of_cluster_evidence_agree;no_known_cluster_conflict	WSM30034|gvpA|protein;WSN15356|gvpA|protein
nat_b80283670de4d1ac6811	b80283670de4d1ac68117d77d77f5ad0da0d86aa1820dfb25d4d15984fb85944	cluster_101346775bd8fc719b54	155	provisional_training_eligible	annotation_and_out_of_cluster_evidence_agree;no_known_cluster_conflict	WSL57044|gvpA|protein
nat_4b01b5214abfe7d6396a	4b01b5214abfe7d6396a3eb166a64cd0d4023bda7fada08d77ce4076434a441f	cluster_038b08407425f0209cdb	153	provisional_training_eligible	annotation_and_out_of_cluster_evidence_agree;no_known_cluster_conflict	WSL23219|gvpA|protein
nat_d71b202a146af4e5c40e	d71b202a146af4e5c40e1d8651f7c026298b5e7307054da065294585b1a2834f	cluster_038b08407425f0209cdb	157	provisional_training_eligible	annotation_and_out_of_cluster_evidence_agree;no_known_cluster_conflict	WSB73035|gvpA|protein;WSF73295|gvpA|protein;WTG16042|gvpA|protein;WTG30012|gvpA|protein
nat_f1843d79acb220241dfc	f1843d79acb220241dfcc797c35d9cdf333bd84f6a2cdf15949d578320dc0326	cluster_240500bb8aaece16c8a7	154	provisional_training_eligible	annotation_and_out_of_cluster_evidence_agree;no_known_cluster_conflict	WUW57915|gvpA|protein;WUW74399|gvpA|protein
nat_d69494036b1115ae54ae	d69494036b1115ae54ae393e4fc3b3c8b3154e29a8cc4f7d49c7bcabdaaca116	cluster_038b08407425f0209cdb	156	provisional_training_eligible	annotation_and_out_of_cluster_evidence_agree;no_known_cluster_conflict	WUW29278|gvpA|protein;WUW66585|gvpA|protein
nat_48a350d902c4c631f095	48a350d902c4c631f095b6d66737f2825d9eb62b9637b7f9290a69b11513f2c7	cluster_038b08407425f0209cdb	154	provisional_training_eligible	annotation_and_out_of_cluster_evidence_agree;no_known_cluster_conflict	WUW66212|gvpA|protein
nat_8d5392221648a605a7c2	8d5392221648a605a7c200c6891205f9bc7671101816b410142de5be6593b9ad	cluster_0ccad4d436403131ae6a	134	provisional_training_eligible	annotation_and_out_of_cluster_evidence_agree;no_known_cluster_conflict	WSF96774|gvpA|protein;WUV46274|gvpA|protein
nat_3997c1e8cae542beb07c	3997c1e8cae542beb07c015028a096879da4b6d8a654cba6edf95cbe386718b3	cluster_038b08407425f0209cdb	156	provisional_training_eligible	annotation_and_out_of_cluster_evidence_agree;no_known_cluster_conflict	WUU42325|gvpA|protein
nat_67d45ce3d0daa27e3aa3	67d45ce3d0daa27e3aa3c9478875543a71c41471e413409d150d415759cb9525	cluster_038b08407425f0209cdb	156	provisional_training_eligible	annotation_and_out_of_cluster_evidence_agree;no_known_cluster_conflict	WUU41922|gvpA|protein
nat_c7e8400b87d18c0ef7e0	c7e8400b87d18c0ef7e0fce724bd3e50a675687052b9b2896b89fa9dc2806374	cluster_038b08407425f0209cdb	152	provisional_training_eligible	annotation_and_out_of_cluster_evidence_agree;no_known_cluster_conflict	WUT59625|gvpA|protein
nat_45b0f1ea69baf732de14	45b0f1ea69baf732de14489d7621432c589f3147754cf2a724ee76af338459bf	cluster_038b08407425f0209cdb	147	provisional_training_eligible	annotation_and_out_of_cluster_evidence_agree;no_known_cluster_conflict	WUS95394|gvpA|protein
nat_33d8dbb5443a9dadf56d	33d8dbb5443a9dadf56dd26ec9768c6243bb1b51920d6d16f721c17ca4f06646	cluster_038b08407425f0209cdb	157	provisional_training_eligible	annotation_and_out_of_cluster_evidence_agree;no_known_cluster_conflict	WUN42592|gvpA|protein;WUO78520|gvpA|protein;WUS27179|gvpA|protein
nat_ff800aecb7c2e95dee99	ff800aecb7c2e95dee995632f38f39f4f8a9337144730532c4a4464e60a684bd	cluster_240500bb8aaece16c8a7	156	provisional_training_eligible	annotation_and_out_of_cluster_evidence_agree;no_known_cluster_conflict	WTJ02229|gvpA|protein
nat_9065be60727dc7f9b388	9065be60727dc7f9b38883de26c912c2e67f5ca2230e5b0a4fadad7b5578bff7	cluster_038b08407425f0209cdb	148	provisional_training_eligible	annotation_and_out_of_cluster_evidence_agree;no_known_cluster_conflict	WTP83072|gvpA|protein
nat_cefd53f493008d2ff90c	cefd53f493008d2ff90c013a3bef3626dafd83b20c3f35464070601743941cab	cluster_038b08407425f0209cdb	159	provisional_training_eligible	annotation_and_out_of_cluster_evidence_agree;no_known_cluster_conflict	WTP49231|gvpA|protein
nat_e3077655950eb8305d3c	e3077655950eb8305d3cf37e4839e30e88a91376f65493a909adb159a3d26f6b	cluster_038b08407425f0209cdb	153	provisional_training_eligible	annotation_and_out_of_cluster_evidence_agree;no_known_cluster_conflict	WUQ36349|gvpA|protein
nat_3bac021c5495186db378	3bac021c5495186db378739542247176693480f30681e1cab53b024b73311da3	cluster_101346775bd8fc719b54	150	provisional_training_eligible	annotation_and_out_of_cluster_evidence_agree;no_known_cluster_conflict	WUQ24581|gvpA|protein
nat_d5cf1fda20a7d9852de3	d5cf1fda20a7d9852de3ff1cc9f71fe738c0a0ea7a9b9f88376dcdc5aca2492c	cluster_d5cf1fda20a7d9852de3	137	provisional_training_eligible	annotation_and_out_of_cluster_evidence_agree;no_known_cluster_conflict	WTP08398|gvpA|protein;WUP73825|gvpA|protein;WUP84382|gvpA|protein
nat_47c6d3995b8146f9e99e	47c6d3995b8146f9e99e8398246c032f09511347b340131ac62fbd578b3785fd	cluster_038b08407425f0209cdb	155	provisional_training_eligible	annotation_and_out_of_cluster_evidence_agree;no_known_cluster_conflict	WUP38561|gvpA|protein
nat_51872cd8b900b7db59b4	51872cd8b900b7db59b4cb4c59f81cffbdf3d79cd890be22619e7a1259ad8788	cluster_51872cd8b900b7db59b4	153	provisional_training_eligible	annotation_and_out_of_cluster_evidence_agree;no_known_cluster_conflict	WTR74748|gvpA|protein;WTT12987|gvpA|protein;WTT47812|gvpA|protein;WTV19198|gvpA|protein;WUO67544|gvpA|protein
nat_9c754b1740d1977b7a29	9c754b1740d1977b7a29f9164e475cadaf302bb79ba19fbee1471c103818a6b9	cluster_038b08407425f0209cdb	155	provisional_training_eligible	annotation_and_out_of_cluster_evidence_agree;no_known_cluster_conflict	WUN95856|gvpA|protein
nat_0eb236c2a0a999a958fc	0eb236c2a0a999a958fc0e5ac90d917c24af942e904da8a6c29f20ec71e7cf1f	cluster_038b08407425f0209cdb	156	provisional_training_eligible	annotation_and_out_of_cluster_evidence_agree;no_known_cluster_conflict	WTZ13426|gvpA|protein;WUM80544|gvpA|protein
nat_1f2decc9d9629b127278	1f2decc9d9629b127278278a79c2631cfe1372e33fb9f7fa3062c90a64d8e731	cluster_1f2decc9d9629b127278	158	provisional_training_eligible	annotation_and_out_of_cluster_evidence_agree;no_known_cluster_conflict	WUK43022|gvpA|protein
nat_101346775bd8fc719b54	101346775bd8fc719b54979e083bfbf7f14d0836e1721babe826a6889b637cab	cluster_101346775bd8fc719b54	150	provisional_training_eligible	annotation_and_out_of_cluster_evidence_agree;no_known_cluster_conflict	WUL61904|gvpA|protein
nat_d53262c07427087628bb	d53262c07427087628bb5a498703d5d97e379e19f0caa81d058eaa98a59eb751	cluster_038b08407425f0209cdb	155	provisional_training_eligible	annotation_and_out_of_cluster_evidence_agree;no_known_cluster_conflict	WUJ34042|gvpA|protein
nat_05faae01597311327997	05faae01597311327997dcaa18a986a0dcf6a39f96c69beb335d17057b021d9c	cluster_05faae01597311327997	155	provisional_training_eligible	annotation_and_out_of_cluster_evidence_agree;no_known_cluster_conflict	WUJ29488|gvpA|protein
nat_210e9a5f9b72676b9ce0	210e9a5f9b72676b9ce0414231b8690a99fbf64edbe8fd9feb7357e5592b915a	cluster_038b08407425f0209cdb	157	provisional_training_eligible	annotation_and_out_of_cluster_evidence_agree;no_known_cluster_conflict	WUI78559|gvpA|protein
nat_6ee0ebbf185af1c7d346	6ee0ebbf185af1c7d3460764754f389d48c1ea9ffab11a5e7f9dcc9084296705	cluster_0ccad4d436403131ae6a	135	provisional_training_eligible	annotation_and_out_of_cluster_evidence_agree;no_known_cluster_conflict	WUI34122|gvpA|protein
nat_6d257d8cbeb3f3af448a	6d257d8cbeb3f3af448a4055c1cecbeae018a2b575e09fa0c35fc7d6c4bef6ea	cluster_101346775bd8fc719b54	150	provisional_training_eligible	annotation_and_out_of_cluster_evidence_agree;no_known_cluster_conflict	WTR09837|gvpA|protein;WTY56775|gvpA|protein;WUH67075|gvpA|protein
nat_31ec72d1a2119ce61d3a	31ec72d1a2119ce61d3ab1c9e881b91ab153f970f83c6bec9c667d411415707c	cluster_038b08407425f0209cdb	157	provisional_training_eligible	annotation_and_out_of_cluster_evidence_agree;no_known_cluster_conflict	WSV50811|gvpA|protein;WUF59764|gvpA|protein
nat_fd6df642808b7adaae7d	fd6df642808b7adaae7d2540069b145a548b9730b610a70e72cead707ae5250d	cluster_240500bb8aaece16c8a7	156	provisional_training_eligible	annotation_and_out_of_cluster_evidence_agree;no_known_cluster_conflict	WSK32890|gvpA|protein;WSX24912|gvpA|protein;WTN63753|gvpA|protein;WUF51925|gvpA|protein
nat_f5d47642f8821cca8f9a	f5d47642f8821cca8f9ae6329a4214c7befc7fa09fd18d127a835b12ef107cce	cluster_038b08407425f0209cdb	156	provisional_training_eligible	annotation_and_out_of_cluster_evidence_agree;no_known_cluster_conflict	WTZ12838|gvpA|protein
nat_fb2578ea0ecaed2ea0af	fb2578ea0ecaed2ea0af684106804e701bda55c6acad0db623d791b8fbbb5933	cluster_038b08407425f0209cdb	157	provisional_training_eligible	annotation_and_out_of_cluster_evidence_agree;no_known_cluster_conflict	WTX75655|gvpA|protein
nat_ae1ae553d673be7a537f	ae1ae553d673be7a537f7df1b7fdc086f9c3132ced6a0e0e96c315e46a084408	cluster_038b08407425f0209cdb	157	provisional_training_eligible	annotation_and_out_of_cluster_evidence_agree;no_known_cluster_conflict	WTX77504|gvpA|protein
nat_e3bf29001a743e3b64f9	e3bf29001a743e3b64f9658118850b01ee4b7e48a2ec05c9bd0f6c62dcbbd652	cluster_1f2decc9d9629b127278	158	provisional_training_eligible	annotation_and_out_of_cluster_evidence_agree;no_known_cluster_conflict	WTQ37371|gvpA|protein
nat_f7d9d7742f0844e679ec	f7d9d7742f0844e679ecf4dff72420dd25def443ad8a737939309d3f808b5be7	cluster_038b08407425f0209cdb	148	provisional_training_eligible	annotation_and_out_of_cluster_evidence_agree;no_known_cluster_conflict	WTO50092|gvpA|protein
nat_4b3cb9501939449bf9be	4b3cb9501939449bf9be23813d969b79c18281ea8363a4cbe40d0dfd3828e677	cluster_038b08407425f0209cdb	152	provisional_training_eligible	annotation_and_out_of_cluster_evidence_agree;no_known_cluster_conflict	WTD74887|gvpA|protein
nat_82d1db25aa951a1ad609	82d1db25aa951a1ad609e3a872c1bdb29c7e21be28b1f7c62674683a96fbfd40	cluster_038b08407425f0209cdb	159	provisional_training_eligible	annotation_and_out_of_cluster_evidence_agree;no_known_cluster_conflict	WTC87919|gvpA|protein;WTD69457|gvpA|protein
nat_dbbc85b2e6d8fc6f3682	dbbc85b2e6d8fc6f3682ed28d3bb4d943032c767f908a24caf77a87e4685ae6c	cluster_038b08407425f0209cdb	154	provisional_training_eligible	annotation_and_out_of_cluster_evidence_agree;no_known_cluster_conflict	WSD06394|gvpA|protein;WTD20195|gvpA|protein
nat_754029d7fdddcf0dda8b	754029d7fdddcf0dda8b015b10b770c0008b645dbb85625039485f8277785d13	cluster_13ee99e71183bcf01114	147	provisional_training_eligible	annotation_and_out_of_cluster_evidence_agree;no_known_cluster_conflict	AJZ83755|gvpA|protein;WTA85567|gvpA|protein;WTB03865|gvpA|protein
nat_65c51b0fd105cce694ee	65c51b0fd105cce694eed49b439146435ebb1a08266d1e0993f7209e52213395	cluster_038b08407425f0209cdb	150	provisional_training_eligible	annotation_and_out_of_cluster_evidence_agree;no_known_cluster_conflict	WSZ94419|gvpA|protein
nat_3d9edce97c58d4805f58	3d9edce97c58d4805f58219bd99dd9c4a329696adfbb02a5c8e29fb166a6f2e4	cluster_1f2decc9d9629b127278	152	provisional_training_eligible	annotation_and_out_of_cluster_evidence_agree;no_known_cluster_conflict	WTA16234|gvpA|protein
nat_e8032b7ad48d42a9adf3	e8032b7ad48d42a9adf341dc5b56f9a1336c504eaf87c101307c80ef7dbc1f68	cluster_0ccad4d436403131ae6a	135	provisional_training_eligible	annotation_and_out_of_cluster_evidence_agree;no_known_cluster_conflict	WSY58681|gvpA|protein
nat_e62ac75b3affa97a2f5a	e62ac75b3affa97a2f5aff1f1d462b17657ce662836aa9235041d53281de2dc4	cluster_038b08407425f0209cdb	151	provisional_training_eligible	annotation_and_out_of_cluster_evidence_agree;no_known_cluster_conflict	WSY30356|gvpA|protein
nat_0ccad4d436403131ae6a	0ccad4d436403131ae6a894a73ced6b99066d09e653accf28c91d02a61204d81	cluster_0ccad4d436403131ae6a	135	provisional_training_eligible	annotation_and_out_of_cluster_evidence_agree;no_known_cluster_conflict	WSV87016|gvpA|protein
nat_c730fb33477ca08f29e8	c730fb33477ca08f29e8cbf859a237dc5790d467c07f2d7ec5e06e070d8eaff6	cluster_240500bb8aaece16c8a7	153	provisional_training_eligible	annotation_and_out_of_cluster_evidence_agree;no_known_cluster_conflict	WSW56593|gvpA|protein
nat_c0749f9d4ae82bdc9955	c0749f9d4ae82bdc99555b501d74c198148ce13a1ab3df22c693a7b377bcabb6	cluster_038b08407425f0209cdb	154	provisional_training_eligible	annotation_and_out_of_cluster_evidence_agree;no_known_cluster_conflict	WSQ95804|gvpA|protein;WSU85327|gvpA|protein;WSV93775|gvpA|protein
nat_945d9af2ef988f085e3c	945d9af2ef988f085e3ce7edb7b4de3dda976a89f6d93d97b5eab1c95ff47e23	cluster_038b08407425f0209cdb	151	provisional_training_eligible	annotation_and_out_of_cluster_evidence_agree;no_known_cluster_conflict	WST51606|gvpA|protein
nat_25e53f7654eeb15d035e	25e53f7654eeb15d035efa89ea5ba9943e3d7876da6919025fde4eac14cfb3c9	cluster_038b08407425f0209cdb	156	provisional_training_eligible	annotation_and_out_of_cluster_evidence_agree;no_known_cluster_conflict	WSS83536|gvpA|protein
nat_db787bdce100ebe0b52f	db787bdce100ebe0b52fc38bb0155a3ad5f1651f4b14e266522119f6fb676e1f	cluster_d5cf1fda20a7d9852de3	137	provisional_training_eligible	annotation_and_out_of_cluster_evidence_agree;no_known_cluster_conflict	WSS09182|gvpA|protein
nat_038b08407425f0209cdb	038b08407425f0209cdb96cc36e42259071302c926fe63bba6c5ab699b4b4051	cluster_038b08407425f0209cdb	157	provisional_training_eligible	annotation_and_out_of_cluster_evidence_agree;no_known_cluster_conflict	WSR03362|gvpA|protein
nat_a8224f75d4d10d7151b8	a8224f75d4d10d7151b8627a5242efdf0753354ffb996ca0fbb77b8351a7de4f	cluster_51872cd8b900b7db59b4	149	provisional_training_eligible	annotation_and_out_of_cluster_evidence_agree;no_known_cluster_conflict	WSQ16395|gvpA|protein
nat_0942555d17806690a15c	0942555d17806690a15c355f4e1761c5e2dda87e2d17c83e509389ac7c0876bb	cluster_038b08407425f0209cdb	148	provisional_training_eligible	annotation_and_out_of_cluster_evidence_agree;no_known_cluster_conflict	WSI30154|gvpA|protein
nat_c74d6e1106797b3a3d0f	c74d6e1106797b3a3d0f9f32beed9effd36b7ae2b05c5bc6ecb844e804aec026	cluster_0ccad4d436403131ae6a	133	provisional_training_eligible	annotation_and_out_of_cluster_evidence_agree;no_known_cluster_conflict	WSJ01303|gvpA|protein
nat_ab559af1ffee249b9549	ab559af1ffee249b9549b06b7a0e03f68bf19bc47a00652b59719583773bf401	cluster_038b08407425f0209cdb	155	provisional_training_eligible	annotation_and_out_of_cluster_evidence_agree;no_known_cluster_conflict	WSG27899|gvpA|protein
nat_e10062d88e50908c95d3	e10062d88e50908c95d32467f65133028c80139484c803365c9bce8aea466500	cluster_0ccad4d436403131ae6a	135	provisional_training_eligible	annotation_and_out_of_cluster_evidence_agree;no_known_cluster_conflict	WSG57338|gvpA|protein
nat_84b5083183d75de0f365	84b5083183d75de0f365a2ef8890f4d0856d6028e68b24f4ba69d2ae8f2cf419	cluster_038b08407425f0209cdb	154	provisional_training_eligible	annotation_and_out_of_cluster_evidence_agree;no_known_cluster_conflict	UIZ11176|gvpA|protein;WSF80833|gvpA|protein
nat_25ee00a9c2b4e74f79dd	25ee00a9c2b4e74f79dddf96434d433971716d5f11893c48c16e2298f089d9f2	cluster_25ee00a9c2b4e74f79dd	155	provisional_training_eligible	annotation_and_out_of_cluster_evidence_agree;no_known_cluster_conflict	WSA50400|gvpA|protein
nat_31b4ab378929e0c134fa	31b4ab378929e0c134fa3e30ad8dc9c132145ff4ebd41c9917a31214252630f2	cluster_038b08407425f0209cdb	155	provisional_training_eligible	annotation_and_out_of_cluster_evidence_agree;no_known_cluster_conflict	WRZ88263|gvpA|protein
nat_619107fa48650be1a768	619107fa48650be1a768db3b7104edc348599f6ebace7a8862224cf94c9fe4bd	cluster_038b08407425f0209cdb	156	provisional_training_eligible	annotation_and_out_of_cluster_evidence_agree;no_known_cluster_conflict	WRZ38336|gvpA|protein
nat_2f6261679e76a403b7de	2f6261679e76a403b7de70718aabc364a5318a12e13b4dedc055c65f2350fec9	cluster_038b08407425f0209cdb	156	provisional_training_eligible	annotation_and_out_of_cluster_evidence_agree;no_known_cluster_conflict	WRZ37882|gvpA|protein
nat_cbdc755c61207d00c902	cbdc755c61207d00c902ba0c1788c6a05ea2d6e169819de36a5b18ba9a3eba03	cluster_038b08407425f0209cdb	151	provisional_training_eligible	annotation_and_out_of_cluster_evidence_agree;no_known_cluster_conflict	WRY86001|gvpA|protein
nat_d68abcca0d121eb6dd4f	d68abcca0d121eb6dd4f9bcc068b81d53a74962cb931c43cd414bfba836ed6e8	cluster_044b97bbcc6fc75d19af	72	quarantined	mixed_annotation_cluster;unresolved_negative_cluster	WRH65089|gvpA|protein
nat_d565583d15eb6f192c57	d565583d15eb6f192c5761839f38d47464b1db2d5e7452ae290140b6cf00e933	cluster_d565583d15eb6f192c57	67	provisional_training_eligible	annotation_and_out_of_cluster_evidence_agree;no_known_cluster_conflict	QUL99245|gvpA|protein
nat_9c9277ab558db757d72c	9c9277ab558db757d72cbabe7f06a699df4f536c1b2a7f9669ab077692fbfbda	cluster_044b97bbcc6fc75d19af	72	quarantined	mixed_annotation_cluster;unresolved_negative_cluster	GIL19100|gvpA|protein;UJS16012|gvpA|protein;UJS16013|gvpA|protein;WKZ16340|gvpA|protein;WKZ16341|gvpA|protein;WKZ19809|gvpA|protein;WKZ20528|gvpA|protein
nat_2dee131e85e06a8f9fdd	2dee131e85e06a8f9fdd1f16d5b875342f538bb1ea66657c2b5608c2e467e2ae	cluster_1ca802048c4a6cd9dca3	76	provisional_training_eligible	annotation_and_out_of_cluster_evidence_agree;no_known_cluster_conflict	GER86469|gvpA|protein
nat_bbadf719897c45da08f0	bbadf719897c45da08f00f3b5f1f3fcf48ea263b44d9048a5714c4e62a107b0c	cluster_240500bb8aaece16c8a7	156	provisional_training_eligible	annotation_and_out_of_cluster_evidence_agree;no_known_cluster_conflict	GAO07967|gvpA|protein
nat_16be3cd3d97ccaa2c7df	16be3cd3d97ccaa2c7df3673a38aba6c6123df942540b93ca25dbb3f21523668	cluster_16be3cd3d97ccaa2c7df	146	provisional_training_eligible	annotation_and_out_of_cluster_evidence_agree;no_known_cluster_conflict	GAO07916|gvpA|protein
nat_13ee99e71183bcf01114	13ee99e71183bcf0111471c794073cd1a279d137f0bceb4cbb0ebcb2716406cc	cluster_13ee99e71183bcf01114	156	provisional_training_eligible	annotation_and_out_of_cluster_evidence_agree;no_known_cluster_conflict	KAK1177480|gvpA|protein
nat_c6c6c9a5f7341498fda1	c6c6c9a5f7341498fda16b8ac46b8668b7706d52f2056e7f64698c5605a9e778	cluster_05aec1de9ccb89179086	138	quarantined	mixed_annotation_cluster;nearest_gvpa_to_unresolved_negative_cluster	GAF46326|gvpA|protein
nat_5c045ab07969cb21b0ad	5c045ab07969cb21b0adc650d10e1f76e3eb17c96311c8130658a00ccf3eb10f	cluster_5c045ab07969cb21b0ad	142	provisional_training_eligible	annotation_and_out_of_cluster_evidence_agree;no_known_cluster_conflict	WEV78833|gvpA|protein
nat_1ecba3351cb7c8c6d3e7	1ecba3351cb7c8c6d3e7ede9054328338a77f37abae1c23858b9814c9ac04ca7	cluster_16be3cd3d97ccaa2c7df	146	provisional_training_eligible	annotation_and_out_of_cluster_evidence_agree;no_known_cluster_conflict	WEV23940|gvpA|protein
nat_234ee7db19bcd2cc0f16	234ee7db19bcd2cc0f1630cf366548d80bba5a2dc1fe9d0a807aebb36b390595	cluster_038b08407425f0209cdb	157	provisional_training_eligible	annotation_and_out_of_cluster_evidence_agree;no_known_cluster_conflict	UYB44287|gvpA|protein;UZQ40739|gvpA|protein;UZQ48156|gvpA|protein;WAU00944|gvpA|protein;WAU08806|gvpA|protein;WDT53200|gvpA|protein
nat_893590645f86143d64ac	893590645f86143d64ac9d9cad0fe8cda08e44007089da57829e84c369bc2b45	cluster_18287ab709e4536a8a89	143	quarantined	mixed_annotation_cluster	QGY67124|gvpA|protein;QST80212|gvpA|protein;QTL89889|gvpA|protein
nat_f6a10f9036e40524b807	f6a10f9036e40524b807447f90682a250b61d19c637a2badbde8ba40801c58fa	cluster_0b5cd7683d0975317579	74	quarantined	mixed_annotation_cluster	WBV43491|gvpA|protein
nat_158c0216b95ce3304bfe	158c0216b95ce3304bfed35a0ee8cc2949c56511ab24bda79ffa63f1631f0140	cluster_038b08407425f0209cdb	156	provisional_training_eligible	annotation_and_out_of_cluster_evidence_agree;no_known_cluster_conflict	WAU16295|gvpA|protein
nat_6ec46415f5fc553cea18	6ec46415f5fc553cea18aaf0315bbe4de3a8aea445a680c864c8d1790a407c51	cluster_038b08407425f0209cdb	152	provisional_training_eligible	annotation_and_out_of_cluster_evidence_agree;no_known_cluster_conflict	WAX80261|gvpA|protein
nat_0b3dbbf8c77bc6a35545	0b3dbbf8c77bc6a3554510365aead981ad8f38fbe0585b9f2674fc20d6dfdb68	cluster_05aec1de9ccb89179086	138	quarantined	mixed_annotation_cluster;nearest_gvpa_to_unresolved_negative_cluster	WAM15102|gvpA|protein
nat_4b655799ef9e19953b56	4b655799ef9e19953b56ab1a0b8027da55f99fd77de850a0c270d8016642a5dd	cluster_0ccad4d436403131ae6a	133	provisional_training_eligible	annotation_and_out_of_cluster_evidence_agree;no_known_cluster_conflict	WAL68913|gvpA|protein
nat_8ea71d3ab15e5cf268b1	8ea71d3ab15e5cf268b147f59986a63ab493f41d0036f621f12c8f76f133d967	cluster_0ccad4d436403131ae6a	136	provisional_training_eligible	annotation_and_out_of_cluster_evidence_agree;no_known_cluster_conflict	QXU53714|gvpA|protein;UPK62189|gvpA|protein;UPW02584|gvpA|protein;USI90322|gvpA|protein;UTM37221|gvpA|protein;UVT23446|gvpA|protein;WAL46480|gvpA|protein
nat_490b107cc056b2e69720	490b107cc056b2e69720a76679fcc67f1959c0c2d7153631fed6fb7ca5e4d8bf	cluster_05aec1de9ccb89179086	122	quarantined	mixed_annotation_cluster;nearest_gvpa_to_unresolved_negative_cluster	QZS59445|gvpA|protein;UZG55607|gvpA|protein
nat_f54587a3fcd451658c0d	f54587a3fcd451658c0d39f20649c556e150ea096e3db3b7cbf81f9550ceb988	cluster_05aec1de9ccb89179086	137	quarantined	mixed_annotation_cluster;nearest_gvpa_to_unresolved_negative_cluster	QZS56483|gvpA|protein;UNN01538|gvpA|protein;UOT01191|gvpA|protein;UZG52495|gvpA|protein
nat_3e858629efd06bf33e52	3e858629efd06bf33e52ca87ba17b78cd8085683f7a5f5a47e4d331c0c42914b	cluster_18287ab709e4536a8a89	139	quarantined	mixed_annotation_cluster	QJS09032|gvpA|protein
nat_25f8dd28e9511c933322	25f8dd28e9511c933322c57174f186bc422c18c0e97e640a746de970707bfe66	cluster_0ccad4d436403131ae6a	137	provisional_training_eligible	annotation_and_out_of_cluster_evidence_agree;no_known_cluster_conflict	UZF45086|gvpA|protein
nat_8bfb3056e00dc3525ee8	8bfb3056e00dc3525ee86889dad6377e8eb6accd3a327a53a7d5801ee1c40850	cluster_038b08407425f0209cdb	145	provisional_training_eligible	annotation_and_out_of_cluster_evidence_agree;no_known_cluster_conflict	UZK57711|gvpA|protein
nat_1aeb097a28c863a862e4	1aeb097a28c863a862e47893fba7e73025976bb3a228c4c640b2ef60b1fad365	cluster_0ccad4d436403131ae6a	137	provisional_training_eligible	annotation_and_out_of_cluster_evidence_agree;no_known_cluster_conflict	UYP18967|gvpA|protein
nat_67932dce44a393cc5d41	67932dce44a393cc5d41a1cf21299a35df270345f50883fcdd153fe6edbae429	cluster_044b97bbcc6fc75d19af	74	quarantined	mixed_annotation_cluster;unresolved_negative_cluster	QPM82266|gvpA|protein;QQR47030|gvpA|protein;QVW71513|gvpA|protein;UEO02357|gvpA|protein;UYI17431|gvpA|protein;UYI24884|gvpA|protein
nat_4a95098f433ac14617bc	4a95098f433ac14617bce2f5f17d41173d4ea0bba8f08c7fcebe4180207e25ec	cluster_0ccad4d436403131ae6a	136	provisional_training_eligible	annotation_and_out_of_cluster_evidence_agree;no_known_cluster_conflict	UGQ41465|gvpA|protein;USC15276|gvpA|protein;UYF94575|gvpA|protein
nat_e79f3223c0e51a4419c7	e79f3223c0e51a4419c7159a208be6110a8fefc6df5837ef530cc34110738fd3	cluster_0890e07d5e23fde5596e	132	quarantined	mixed_annotation_cluster	UXY39821|gvpA|protein
nat_95a5abf872e631139217	95a5abf872e631139217498d65e34b4e4004b8e4b6f387d25fc00c89cf15c59f	cluster_044b97bbcc6fc75d19af	71	quarantined	mixed_annotation_cluster;unresolved_negative_cluster	UXE62281|gvpA|protein;UXE62282|gvpA|protein
nat_96462335ed2439837985	96462335ed2439837985639b62f60e5116cb73f41514a7ceb1425d814a76c292	cluster_05aec1de9ccb89179086	121	quarantined	mixed_annotation_cluster;nearest_gvpa_to_unresolved_negative_cluster	QSE86850|gvpA|protein
nat_c0da453357697c088275	c0da453357697c088275e6f609c76df76d0d4bf6991488f0cf934a8545cf07b8	cluster_05aec1de9ccb89179086	131	quarantined	mixed_annotation_cluster;nearest_gvpa_to_unresolved_negative_cluster	QSE82942|gvpA|protein
nat_fef6ccaa9b3233e46f07	fef6ccaa9b3233e46f079f1aaab5645eda36c4df6a73e8369857bda1976dc5dc	cluster_05aec1de9ccb89179086	127	quarantined	mixed_annotation_cluster;nearest_gvpa_to_unresolved_negative_cluster	QSE82207|gvpA|protein
nat_88aac7f04fbc033600c5	88aac7f04fbc033600c5d26afe2ec10a91967bbdf9a87a958c0aeadbe5e9b759	cluster_05aec1de9ccb89179086	122	quarantined	mixed_annotation_cluster;nearest_gvpa_to_unresolved_negative_cluster	QSE81337|gvpA|protein
nat_a992b4345d901f6ad67d	a992b4345d901f6ad67d0800ecebe6a0dea678ec926049511dac47372b26356a	cluster_05aec1de9ccb89179086	138	quarantined	mixed_annotation_cluster;nearest_gvpa_to_unresolved_negative_cluster	QSE77975|gvpA|protein
nat_ce67780828ddbb2c93cf	ce67780828ddbb2c93cfbf709fa3c2aac3deb06fa4b2c214eddd26e4135b5c23	cluster_05aec1de9ccb89179086	136	quarantined	mixed_annotation_cluster;nearest_gvpa_to_unresolved_negative_cluster	QSE95107|gvpA|protein;QYB04407|gvpA|protein
nat_05aec1de9ccb89179086	05aec1de9ccb8917908680b4c6690568bea0354f61fdc2dca7cee34a1619a40f	cluster_05aec1de9ccb89179086	142	quarantined	mixed_annotation_cluster;nearest_gvpa_to_unresolved_negative_cluster	QSE89872|gvpA|protein
nat_9b1b09a459a6ac047cab	9b1b09a459a6ac047caba9de201cb4e501c2740f557809a2713f61b93c00c267	cluster_05aec1de9ccb89179086	122	quarantined	mixed_annotation_cluster;nearest_gvpa_to_unresolved_negative_cluster	UOT04069|gvpA|protein
nat_1722f0f85deef45697a7	1722f0f85deef45697a7bf63a0a67d3a192064dfc358aa1c323815e98d0ae1b9	cluster_05aec1de9ccb89179086	125	quarantined	mixed_annotation_cluster;nearest_gvpa_to_unresolved_negative_cluster	UOT01462|gvpA|protein
nat_1cc68774b93a831e1a93	1cc68774b93a831e1a935eaf2415c472a5f058450211ee5ed86c0a1037cfc92e	cluster_0ccad4d436403131ae6a	137	provisional_training_eligible	annotation_and_out_of_cluster_evidence_agree;no_known_cluster_conflict	UTT48597|gvpA|protein
nat_baa6b104c739419a55bf	baa6b104c739419a55bfad93a6f62c8fb45469593f933f4777b8b180196495e1	cluster_13ee99e71183bcf01114	147	provisional_training_eligible	annotation_and_out_of_cluster_evidence_agree;no_known_cluster_conflict	UTO61267|gvpA|protein;UTP29213|gvpA|protein
nat_eac8d42dcf851f8eb6d8	eac8d42dcf851f8eb6d8e6d157d9202b4157f06d3f5722da88eec6eb15d21516	cluster_240500bb8aaece16c8a7	154	provisional_training_eligible	annotation_and_out_of_cluster_evidence_agree;no_known_cluster_conflict	USA05447|gvpA|protein
nat_438c70c6875cb7fc8740	438c70c6875cb7fc8740cef9d78954de9ef17fb674afe443e67ee3f25ab4eb1e	cluster_0ccad4d436403131ae6a	136	provisional_training_eligible	annotation_and_out_of_cluster_evidence_agree;no_known_cluster_conflict	UQB73902|gvpA|protein
nat_495c2735bcdc48076ab6	495c2735bcdc48076ab650d642331359242e43e96bdc724fdf700722933826ad	cluster_0ccad4d436403131ae6a	140	provisional_training_eligible	annotation_and_out_of_cluster_evidence_agree;no_known_cluster_conflict	UQB72796|gvpA|protein
nat_82b87d3bb03732004ea1	82b87d3bb03732004ea1990715264711abd0cd34b6a722226d77d45ff12c49c6	cluster_038b08407425f0209cdb	159	provisional_training_eligible	annotation_and_out_of_cluster_evidence_agree;no_known_cluster_conflict	UPZ28683|gvpA|protein
nat_e94fe6c2cd879bdd36af	e94fe6c2cd879bdd36af2700e2bcfcce0fe6c30ed31a5c31122332b7b4b4b457	cluster_18287ab709e4536a8a89	136	quarantined	mixed_annotation_cluster	UNZ20179|gvpA|protein
nat_43e7561c7d05facf2895	43e7561c7d05facf2895cca6f3c3c6e2a202e91eb37ce64eb2826529f182a684	cluster_43e7561c7d05facf2895	140	provisional_training_eligible	annotation_and_out_of_cluster_evidence_agree;no_known_cluster_conflict	QUX23196|gvpA|protein;QYX39139|gvpA|protein
nat_e1f5f0f2180e18c35aa7	e1f5f0f2180e18c35aa77a97e2118fee01ee32bcec70bfa5e2781b97d1793da7	cluster_e1f5f0f2180e18c35aa7	156	provisional_training_eligible	annotation_and_out_of_cluster_evidence_agree;no_known_cluster_conflict	UJA19453|gvpA|protein
nat_6da5911cb6f5dbfefd09	6da5911cb6f5dbfefd0937614a7444802aea96661349bd116a94127e6fe33491	cluster_18287ab709e4536a8a89	140	quarantined	mixed_annotation_cluster	UJA11450|gvpA|protein;UJA13684|gvpA|protein
nat_942bc0624c6f9016a403	942bc0624c6f9016a4036b5d098d15bda7f75fcc9095d79accc6a330fee570d5	cluster_0ccad4d436403131ae6a	135	provisional_training_eligible	annotation_and_out_of_cluster_evidence_agree;no_known_cluster_conflict	UIR37060|gvpA|protein
nat_f4f90ca0708a5faa9c5b	f4f90ca0708a5faa9c5b2bd5ea4357a36aed984fdf2a5337250963afd8b178a6	cluster_0ccad4d436403131ae6a	137	provisional_training_eligible	annotation_and_out_of_cluster_evidence_agree;no_known_cluster_conflict	UIR35885|gvpA|protein
nat_15e32a2edd6bff0d0784	15e32a2edd6bff0d07849a52374c60eb3d5bd1d9e3c285f616856865392aa17f	cluster_0ccad4d436403131ae6a	137	provisional_training_eligible	annotation_and_out_of_cluster_evidence_agree;no_known_cluster_conflict	UGT65683|gvpA|protein
nat_0e118acdc2771e80b4ea	0e118acdc2771e80b4ea40e4568be213694b4a93066053194c8ff76600b7631d	cluster_0ccad4d436403131ae6a	137	provisional_training_eligible	annotation_and_out_of_cluster_evidence_agree;no_known_cluster_conflict	UGQ58408|gvpA|protein
nat_240500bb8aaece16c8a7	240500bb8aaece16c8a75fd1d1cf674532e0e6eb7dfc4d06a226490a7bc70c75	cluster_240500bb8aaece16c8a7	156	provisional_training_eligible	annotation_and_out_of_cluster_evidence_agree;no_known_cluster_conflict	UEG89562|gvpA|protein
nat_93fc211ea4b34cbb8750	93fc211ea4b34cbb875026509884d43be1642502a001de29bc657940ba5ea750	cluster_038b08407425f0209cdb	153	provisional_training_eligible	annotation_and_out_of_cluster_evidence_agree;no_known_cluster_conflict	UDL97234|gvpA|protein
nat_2f6b62c5722bcacabd8e	2f6b62c5722bcacabd8e9a74967ad765236922ec0dc735ad65edb568da95afe3	cluster_0ccad4d436403131ae6a	136	provisional_training_eligible	annotation_and_out_of_cluster_evidence_agree;no_known_cluster_conflict	UAK35078|gvpA|protein
nat_2ac756cb783ba8cf7947	2ac756cb783ba8cf7947cca5528ed33ce68b2c287395b815d4b8eea6bde53401	cluster_18287ab709e4536a8a89	141	quarantined	mixed_annotation_cluster	QZZ32569|gvpA|protein
nat_8bf5071aed606f94333c	8bf5071aed606f94333c40e1154f7bf277018881c63235d9d51a9dbff1df8710	cluster_038b08407425f0209cdb	157	provisional_training_eligible	annotation_and_out_of_cluster_evidence_agree;no_known_cluster_conflict	QZY14285|gvpA|protein
nat_f857f47b85a0e9d56172	f857f47b85a0e9d56172baf2dcfab1ec54c32e1a3aa1f5e422c24e3203ab209f	cluster_05aec1de9ccb89179086	132	quarantined	mixed_annotation_cluster;nearest_gvpa_to_unresolved_negative_cluster	QYN18622|gvpA|protein
nat_f5798c1d664fe6d4faa5	f5798c1d664fe6d4faa55d9f9ca1a49531fc51ca59a1dc0e5005797e25d60a85	cluster_05aec1de9ccb89179086	141	quarantined	mixed_annotation_cluster;nearest_gvpa_to_unresolved_negative_cluster	QYB02725|gvpA|protein
nat_1cefe08dae83aa5bd96d	1cefe08dae83aa5bd96d5c9b9bd24c393c1f652249ff602956f86a2b0c2b46d9	cluster_038b08407425f0209cdb	156	provisional_training_eligible	annotation_and_out_of_cluster_evidence_agree;no_known_cluster_conflict	QXR01077|gvpA|protein
nat_d1717d58239a48d6df6a	d1717d58239a48d6df6a814099de9a54fbd7f0234f2930a239e86e408e1361ae	cluster_16be3cd3d97ccaa2c7df	149	provisional_training_eligible	annotation_and_out_of_cluster_evidence_agree;no_known_cluster_conflict	QPP09651|gvpA|protein
nat_55802cc1c7918b91c298	55802cc1c7918b91c298790d7b83918135c897e3b2e614ea64f0e15ee7124dd9	cluster_038b08407425f0209cdb	139	provisional_training_eligible	annotation_and_out_of_cluster_evidence_agree;no_known_cluster_conflict	QWA20403|gvpA|protein
nat_fd0fbb7fdb870f3d334b	fd0fbb7fdb870f3d334b95549ba175e3e4fc5894608f48aea8c8f3dd8c084aee	cluster_18287ab709e4536a8a89	139	quarantined	mixed_annotation_cluster	BCM70661|gvpA|protein
nat_bdb27357528f1d5d6c47	bdb27357528f1d5d6c478d788d5eca2708cf02769b8c548319a44df8931d36fb	cluster_240500bb8aaece16c8a7	155	provisional_training_eligible	annotation_and_out_of_cluster_evidence_agree;no_known_cluster_conflict	QTZ90370|gvpA|protein
nat_21636e3756ac6619107d	21636e3756ac6619107dbe9048d6023c45297325f9a871763969b412869185d9	cluster_05aec1de9ccb89179086	136	quarantined	mixed_annotation_cluster;nearest_gvpa_to_unresolved_negative_cluster	QTJ68534|gvpA|protein
nat_57133a7b2510b9196439	57133a7b2510b9196439ffecdc0b4a8e4ee2a7012a38b074c845f59769e8805f	cluster_05aec1de9ccb89179086	135	quarantined	mixed_annotation_cluster;nearest_gvpa_to_unresolved_negative_cluster	QTJ66504|gvpA|protein
nat_47270a133b8b28fe68b5	47270a133b8b28fe68b5ad327d6e02e4d7036304777930e0726d7dfb216ce637	cluster_16be3cd3d97ccaa2c7df	147	provisional_training_eligible	annotation_and_out_of_cluster_evidence_agree;no_known_cluster_conflict	QSS89162|gvpA|protein
nat_57c2b381c8bb4035d01c	57c2b381c8bb4035d01ccddabe10745199d9a5f91d5e7ed4ff892561b35c7fc7	cluster_57c2b381c8bb4035d01c	133	provisional_training_eligible	annotation_and_out_of_cluster_evidence_agree;no_known_cluster_conflict	QSI46523|gvpA|protein
nat_0f515c4258dc68fd3f9c	0f515c4258dc68fd3f9cedc7bd0ec1d8363965240a977e06e73a05c2f6d73f7a	cluster_038b08407425f0209cdb	149	provisional_training_eligible	annotation_and_out_of_cluster_evidence_agree;no_known_cluster_conflict	QRV26088|gvpA|protein;QRV38249|gvpA|protein;QRV39489|gvpA|protein;QRV46238|gvpA|protein
nat_40df730c74b4411daafa	40df730c74b4411daafada5d994cd3ff1f924e92d736710a3286ef57e6cbe4a0	cluster_0ccad4d436403131ae6a	136	provisional_training_eligible	annotation_and_out_of_cluster_evidence_agree;no_known_cluster_conflict	QRE79951|gvpA|protein
nat_d57269e318a762146774	d57269e318a7621467749038a83199c9e2557366487c989d3edf2b762a7e4c75	cluster_0ccad4d436403131ae6a	137	provisional_training_eligible	annotation_and_out_of_cluster_evidence_agree;no_known_cluster_conflict	QRE79029|gvpA|protein
nat_71225d296257b8b08410	71225d296257b8b08410e32137db21a001ddf424e6d01b0f04ef198e3b3257c0	cluster_05aec1de9ccb89179086	137	quarantined	mixed_annotation_cluster;nearest_gvpa_to_unresolved_negative_cluster	QQZ16867|gvpA|protein
nat_7d62c45eb5711910c788	7d62c45eb5711910c788fda85d31fc32669666e75e5de15546de735897e3dfc8	cluster_0ccad4d436403131ae6a	136	provisional_training_eligible	annotation_and_out_of_cluster_evidence_agree;no_known_cluster_conflict	QQM53155|gvpA|protein
nat_b44c98ec309ed12410ab	b44c98ec309ed12410abbe1e2ebb0d0a4e69c3ea07603df36b7a3d946d68e525	cluster_16be3cd3d97ccaa2c7df	144	provisional_training_eligible	annotation_and_out_of_cluster_evidence_agree;no_known_cluster_conflict	QGZ52351|gvpA|protein
nat_acfca75ffa4093670cf2	acfca75ffa4093670cf25bac76bb2b4210de82be69a439914669ab3c0962b039	cluster_044b97bbcc6fc75d19af	72	quarantined	mixed_annotation_cluster;unresolved_negative_cluster	WP_040575057.1
nat_38939b26cbc5a274769e	38939b26cbc5a274769e9d461efa0aebff28ccb8dbdd08d2dd8491837a29a457	cluster_044b97bbcc6fc75d19af	72	quarantined	mixed_annotation_cluster;unresolved_negative_cluster	WP_006871719.1
