reference_id	source_path	source_id	source_header	sequence_sha256	length	accepted	unique_representative	status
ref_000001	/home/user/wangyuhan/ML-GV02-03/data/raw/t05/gvpa/GvpA_RefSeq.fasta	WP_011429717|gvpA|protein	WP_011429717|gvpA|protein	91f552b9f84853c37285e8ec0883b5170258f814bb6ffb90d6de28cb0f3c10ba	72	True	True	accepted_unique
ref_000002	/home/user/wangyuhan/ML-GV02-03/data/raw/t05/gvpa/GvpA_RefSeq.fasta	WP_201675936|gvpA|protein	WP_201675936|gvpA|protein	b55ecf6ba9a45824ac0902d9417c3d45586c40e90b417ea9d3dd2efec02697a5	143	True	True	accepted_unique
ref_000003	/home/user/wangyuhan/ML-GV02-03/data/raw/t05/gvpa/GvpA_RefSeq.fasta	WP_011523206|gvpA|protein	WP_011523206|gvpA|protein	3a3fe29b7daaadaf3131edb18ea6ffdc6cb6eef2fb4b06ffffa81866f20a1290	98	True	True	accepted_unique
ref_000004	/home/user/wangyuhan/ML-GV02-03/data/raw/t05/gvpa/GvpA_RefSeq.fasta	WP_212716182|gvpA|protein	WP_212716182|gvpA|protein	291571f679284e1c6455963717615530ae130d29db41fb93abfacd00fa90ad20	73	True	True	accepted_unique
ref_000005	/home/user/wangyuhan/ML-GV02-03/data/raw/t05/gvpa/GvpA_RefSeq.fasta	WP_022949487|gvpA|protein	WP_022949487|gvpA|protein	419538444627b50496c73c8cf28e7a1950e49971cfa5cb42c07430d39eb23bd3	82	True	True	accepted_unique
ref_000006	/home/user/wangyuhan/ML-GV02-03/data/raw/t05/gvpa/GvpA_RefSeq.fasta	WP_456223989|gvpA|protein	WP_456223989|gvpA|protein	d5b00906bcc6e7ee2601548874eb49cd8eb278fe52c5928828ab442fa2ac7bd2	86	True	True	accepted_unique
ref_000007	/home/user/wangyuhan/ML-GV02-03/data/raw/t05/gvpa/GvpA_RefSeq.fasta	WP_233491533|gvpA|protein	WP_233491533|gvpA|protein	cd15fd2a214ac9570bfd13751ddd824061d5d55bc28fc3df3c1367b97c80a108	83	True	True	accepted_unique
ref_000008	/home/user/wangyuhan/ML-GV02-03/data/raw/t05/gvpa/GvpA_RefSeq.fasta	WP_207637540|gvpA|protein	WP_207637540|gvpA|protein	771e7534b299c23ea1f3fc11e557badf6e75402cafa8692f174709dbd4f60e34	74	True	True	accepted_unique
ref_000009	/home/user/wangyuhan/ML-GV02-03/data/raw/t05/gvpa/GvpA_RefSeq.fasta	WP_316679069|gvpA|protein	WP_316679069|gvpA|protein	b017d8236271e13a1522a8ef3c3e41b212de7d09a483ea1ebbfd4dee7dac5625	116	True	True	accepted_unique
ref_000010	/home/user/wangyuhan/ML-GV02-03/data/raw/t05/gvpa/GvpA_RefSeq.fasta	WP_213372596|gvpA|protein	WP_213372596|gvpA|protein	eccab6536bed142192aa8ae35f75a35f64e1e978ec751eee4b6251731c6ee4f8	70	True	True	accepted_unique
ref_000011	/home/user/wangyuhan/ML-GV02-03/data/raw/t05/gvpa/GvpA_RefSeq.fasta	WP_007357596|gvpA|protein	WP_007357596|gvpA|protein	be9809bb1f91644c1e431f6b48e4a4183d550ce2f80f162d11f698b4c92e1824	72	True	True	accepted_unique
ref_000012	/home/user/wangyuhan/ML-GV02-03/data/raw/t05/gvpa/GvpA_RefSeq.fasta	WP_265902100|gvpA|protein	WP_265902100|gvpA|protein	622c716866d2133b80f2821fd0bc4b15c8a3872f04f569b358001ba249e094bc	72	True	True	accepted_unique
ref_000013	/home/user/wangyuhan/ML-GV02-03/data/raw/t05/gvpa/GvpA_RefSeq.fasta	WP_449053447|gvpA|protein	WP_449053447|gvpA|protein	bbaedab282a048e849b5f7ba2a3fd16f9f5e2f612426ba2ccdfdd490ac6b80dc	92	True	True	accepted_unique
ref_000014	/home/user/wangyuhan/ML-GV02-03/data/raw/t05/gvpa/GvpA_RefSeq.fasta	WP_446859740|gvpA|protein	WP_446859740|gvpA|protein	d9b32c93cd099c72a9565d0d1d751944285fef4f2523b73e02fca6dad757ad3d	72	True	True	accepted_unique
ref_000015	/home/user/wangyuhan/ML-GV02-03/data/raw/t05/gvpa/GvpA_RefSeq.fasta	WP_017721733|gvpA|protein	WP_017721733|gvpA|protein	fd161dfe59366687c2f2851a7085607a1a49850277ce6c989d8f377546025ebe	72	True	True	accepted_unique
ref_000016	/home/user/wangyuhan/ML-GV02-03/data/raw/t05/gvpa/GvpA_RefSeq.fasta	WP_017721725|gvpA|protein	WP_017721725|gvpA|protein	2e707b0ae8b0c69feb2eb75166178922a33851e0022ed4c173447055ed769eb8	72	True	True	accepted_unique
ref_000017	/home/user/wangyuhan/ML-GV02-03/data/raw/t05/gvpa/GvpA_RefSeq.fasta	WP_004056706|gvpA|protein	WP_004056706|gvpA|protein	39696a92cfeac6f208a255a5ec1c7cae2a4ce2a68c1bd57acb083ca27b8585bb	78	True	True	accepted_unique
ref_000018	/home/user/wangyuhan/ML-GV02-03/data/raw/t05/gvpa/GvpA_RefSeq.fasta	WP_394584192|gvpA|protein	WP_394584192|gvpA|protein	7577017d2109753dbbe7029d3485d0d19c0610f0a962738329206f6c25a2e3bc	97	True	True	accepted_unique
ref_000019	/home/user/wangyuhan/ML-GV02-03/data/raw/t05/gvpa/GvpA_RefSeq.fasta	WP_138244856|gvpA|protein	WP_138244856|gvpA|protein	a36a3359d46f89a3e9c6d339b24da5b9e7b56e875526568f984c4d9d61c9bfca	93	True	True	accepted_unique
ref_000020	/home/user/wangyuhan/ML-GV02-03/data/raw/t05/gvpa/GvpA_RefSeq.fasta	WP_427576720|gvpA|protein	WP_427576720|gvpA|protein	5d20e8974d28b202ff3e6522190fdbf27c7ec35790b334b7bfc0964dd160f003	88	True	True	accepted_unique
ref_000021	/home/user/wangyuhan/ML-GV02-03/data/raw/t05/gvpa/GvpA_RefSeq.fasta	WP_427090790|gvpA|protein	WP_427090790|gvpA|protein	728d4a20bb169ff7ae2861700c0866b80279630b2ad500072229c4d700f14351	92	True	True	accepted_unique
ref_000022	/home/user/wangyuhan/ML-GV02-03/data/raw/t05/gvpa/GvpA_RefSeq.fasta	WP_426749826|gvpA|protein	WP_426749826|gvpA|protein	b3e7eac10f741058a688bc7d62c0f50b5a15ad09caae40e59b5e7155d1011066	74	True	True	accepted_unique
ref_000023	/home/user/wangyuhan/ML-GV02-03/data/raw/t05/gvpa/GvpA_RefSeq.fasta	WP_426659139|gvpA|protein	WP_426659139|gvpA|protein	b06d07bf5a6f8cc59b307cc74668a4565b178a5b51a0e3498d4c26987650035e	92	True	True	accepted_unique
ref_000024	/home/user/wangyuhan/ML-GV02-03/data/raw/t05/gvpa/GvpA_RefSeq.fasta	WP_431193991|gvpA|protein	WP_431193991|gvpA|protein	9896810d394d4d1edf15ff02a5ebe1a5ce22578a398bf69c24333fb0d1e948a5	80	True	True	accepted_unique
ref_000025	/home/user/wangyuhan/ML-GV02-03/data/raw/t05/gvpa/GvpA_RefSeq.fasta	WP_430140347|gvpA|protein	WP_430140347|gvpA|protein	910f1df4ae7a7e4e12922ebde6fee24297fb90f39eea052693cdac7ba54d0304	83	True	True	accepted_unique
ref_000026	/home/user/wangyuhan/ML-GV02-03/data/raw/t05/gvpa/GvpA_RefSeq.fasta	WP_430127181|gvpA|protein	WP_430127181|gvpA|protein	17718ba432b9ffbaf06b1bb2b0b2bb7a8824f8f4fa1fc5d630b80747312e1252	90	True	True	accepted_unique
ref_000027	/home/user/wangyuhan/ML-GV02-03/data/raw/t05/gvpa/GvpA_RefSeq.fasta	WP_430006374|gvpA|protein	WP_430006374|gvpA|protein	ac016806c065e58141c3b0882b333b9894e53396b76c57e421d12cc3fee9d207	89	True	True	accepted_unique
ref_000028	/home/user/wangyuhan/ML-GV02-03/data/raw/t05/gvpa/GvpA_RefSeq.fasta	WP_428089254|gvpA|protein	WP_428089254|gvpA|protein	0fc8bfe28907ef9fa5eb6ba06eadb9186ee00c3cd615714110e142bfd5e0793d	70	True	True	accepted_unique
ref_000029	/home/user/wangyuhan/ML-GV02-03/data/raw/t05/gvpa/GvpA_RefSeq.fasta	WP_221567456|gvpA|protein	WP_221567456|gvpA|protein	58552353178d8fa2f36f7b3daafc17974c1edbc48383f9691809dca7f0067bba	87	True	True	accepted_unique
ref_000030	/home/user/wangyuhan/ML-GV02-03/data/raw/t05/gvpa/GvpA_RefSeq.fasta	WP_443143372|gvpA|protein	WP_443143372|gvpA|protein	9a9380d4b10b8ef49e08d8cdcb310b72b0898e2b53118fc0ebf7fc13e6851c59	85	True	True	accepted_unique
ref_000031	/home/user/wangyuhan/ML-GV02-03/data/raw/t05/gvpa/GvpA_RefSeq.fasta	WP_128525920|gvpA|protein	WP_128525920|gvpA|protein	969159e68bc0479327cf12527c848f43e276e0d12b14db7fde40332a3c5adbe5	92	True	True	accepted_unique
ref_000032	/home/user/wangyuhan/ML-GV02-03/data/raw/t05/gvpa/GvpA_RefSeq.fasta	WP_257743183|gvpA|protein	WP_257743183|gvpA|protein	484b097725196d6613d9eef612aabe13e2fc6914100808e8038b38b39a3ebbaa	69	True	True	accepted_unique
ref_000033	/home/user/wangyuhan/ML-GV02-03/data/raw/t05/gvpa/GvpA_RefSeq.fasta	WP_342825632|gvpA|protein	WP_342825632|gvpA|protein	8d9ebc646f6fec623f00ceeb9030112286df2d5d8f0f5344df448c0444b19877	88	True	True	accepted_unique
ref_000034	/home/user/wangyuhan/ML-GV02-03/data/raw/t05/gvpa/GvpA_RefSeq.fasta	WP_330483830|gvpA|protein	WP_330483830|gvpA|protein	54de16dcd0555acdee27e23bffaee616a31d423e9e0c7d09bc1668199d1ac85a	72	True	True	accepted_unique
ref_000035	/home/user/wangyuhan/ML-GV02-03/data/raw/t05/gvpa/GvpA_RefSeq.fasta	WP_425589715|gvpA|protein	WP_425589715|gvpA|protein	7cb4966ababb293a7db4a703483439d33c99a78a5a6366c84547d2b67a710fd5	80	True	True	accepted_unique
ref_000036	/home/user/wangyuhan/ML-GV02-03/data/raw/t05/gvpa/GvpA_RefSeq.fasta	WP_015164085|gvpA|protein	WP_015164085|gvpA|protein	4c06fdcd9b94ab517ef7d85c35ac9fe42722fa104e03d232f9906a1962e98808	73	True	True	accepted_unique
ref_000037	/home/user/wangyuhan/ML-GV02-03/data/raw/t05/gvpa/GvpA_RefSeq.fasta	WP_425311603|gvpA|protein	WP_425311603|gvpA|protein	de1520359c3cd2badb80f957511e46579741fc7dd176bf9ab7bd48d3e9492cb6	80	True	True	accepted_unique
ref_000038	/home/user/wangyuhan/ML-GV02-03/data/raw/t05/gvpa/GvpA_RefSeq.fasta	WP_436344290|gvpA|protein	WP_436344290|gvpA|protein	49d3875a5ef4bbb644f930139f267d2cc4e3bdfbfd30dde28aab18149bc1f254	95	True	True	accepted_unique
ref_000039	/home/user/wangyuhan/ML-GV02-03/data/raw/t05/gvpa/GvpA_RefSeq.fasta	WP_440955508|gvpA|protein	WP_440955508|gvpA|protein	1e070d0d2387bb202235dd365948f4b25f48059ea4c98d3578571e9cd7eb12bb	75	True	True	accepted_unique
ref_000040	/home/user/wangyuhan/ML-GV02-03/data/raw/t05/gvpa/GvpA_RefSeq.fasta	WP_440769334|gvpA|protein	WP_440769334|gvpA|protein	38cb7bda240a833d36b384add457f6a14c4bac92c8bfa58639724187005025d1	95	True	True	accepted_unique
ref_000041	/home/user/wangyuhan/ML-GV02-03/data/raw/t05/gvpa/GvpA_RefSeq.fasta	WP_440765493|gvpA|protein	WP_440765493|gvpA|protein	3dcd4bf22b7bbdb49d82bd3c0ad5243535489009f84e98c6150ccd4e5dc08f1d	95	True	True	accepted_unique
ref_000042	/home/user/wangyuhan/ML-GV02-03/data/raw/t05/gvpa/GvpA_RefSeq.fasta	WP_124192755|gvpA|protein	WP_124192755|gvpA|protein	8f3e753527c876cd94f0f40735a536faf3fc90a3524a79b993b998a48495383b	95	True	True	accepted_unique
ref_000043	/home/user/wangyuhan/ML-GV02-03/data/raw/t05/gvpa/GvpA_RefSeq.fasta	WP_069965561|gvpA|protein	WP_069965561|gvpA|protein	a36db64a1cae19ba84f5736ecad9f699b8c418df17453e6097baf0fe98e55ea5	75	True	True	accepted_unique
ref_000044	/home/user/wangyuhan/ML-GV02-03/data/raw/t05/gvpa/GvpA_RefSeq.fasta	WP_433627171|gvpA|protein	WP_433627171|gvpA|protein	8029e604ce9dbbf533bc34063c6ae4a15adebb3aec2e326641ead510af02f069	83	True	True	accepted_unique
ref_000045	/home/user/wangyuhan/ML-GV02-03/data/raw/t05/gvpa/GvpA_RefSeq.fasta	WP_113279097|gvpA|protein	WP_113279097|gvpA|protein	a95d48deca9746ef575ec2c96132f2d3026053b85173ca7aeafa62b090fafe87	83	True	True	accepted_unique
ref_000046	/home/user/wangyuhan/ML-GV02-03/data/raw/t05/gvpa/GvpA_RefSeq.fasta	WP_006616598|gvpA|protein	WP_006616598|gvpA|protein	8f7aa09afb9d7c3cc2eb21e2c36d3651a0b1d0bb140446aa99cfc1a96f4de3ce	72	True	True	accepted_unique
ref_000047	/home/user/wangyuhan/ML-GV02-03/data/raw/t05/gvpa/GvpA_RefSeq.fasta	WP_168048067|gvpA|protein	WP_168048067|gvpA|protein	c0e3f34d82aab8fda8726713aa4d0f05d8d0c58a7216b71e0372b7862d480ca1	72	True	True	accepted_unique
ref_000048	/home/user/wangyuhan/ML-GV02-03/data/raw/t05/gvpa/GvpA_RefSeq.fasta	WP_436345017|gvpA|protein	WP_436345017|gvpA|protein	144165ea4d3ea8a64b2e97fd557e53d485b05e168aefc547e39ea8dc8fed59dd	95	True	True	accepted_unique
ref_000049	/home/user/wangyuhan/ML-GV02-03/data/raw/t05/gvpa/GvpA_RefSeq.fasta	WP_110939071|gvpA|protein	WP_110939071|gvpA|protein	86d5d5d3761caa2bee10b54644a925b5b984756881a0c293ecddc246f152bd18	87	True	True	accepted_unique
ref_000050	/home/user/wangyuhan/ML-GV02-03/data/raw/t05/gvpa/GvpA_RefSeq.fasta	WP_435550518|gvpA|protein	WP_435550518|gvpA|protein	bb973ad514bc9a8e4071a1875fc5756e7859556fa23d8596d35a2c4da3565928	72	True	True	accepted_unique
ref_000051	/home/user/wangyuhan/ML-GV02-03/data/raw/t05/gvpa/GvpA_RefSeq.fasta	WP_435348186|gvpA|protein	WP_435348186|gvpA|protein	d5c2d4101839c4dee9b608bbafd0bb712b3bb5cc8e8bb373c074eb48f72d3a9b	86	True	True	accepted_unique
ref_000052	/home/user/wangyuhan/ML-GV02-03/data/raw/t05/gvpa/GvpA_RefSeq.fasta	WP_435186752|gvpA|protein	WP_435186752|gvpA|protein	13dff233b6dfd04cb79ca09d72c28e71d76c7ac1c59a0f75ad568a11420b75ee	76	True	True	accepted_unique
ref_000053	/home/user/wangyuhan/ML-GV02-03/data/raw/t05/gvpa/GvpA_RefSeq.fasta	WP_435154202|gvpA|protein	WP_435154202|gvpA|protein	f5db5c4704d592f947d9390e9bcd6afde1ac2a8c4b44472ec28636a4e3ab47c5	82	True	True	accepted_unique
ref_000054	/home/user/wangyuhan/ML-GV02-03/data/raw/t05/gvpa/GvpA_RefSeq.fasta	WP_435154193|gvpA|protein	WP_435154193|gvpA|protein	5ce032d4beb5b5581c618476a58270e695b96c865b52dc4ae6b923e37a3377cd	81	True	True	accepted_unique
ref_000055	/home/user/wangyuhan/ML-GV02-03/data/raw/t05/gvpa/GvpA_RefSeq.fasta	WP_435076947|gvpA|protein	WP_435076947|gvpA|protein	137eb09d8ee3033616644972d3e3e925408f94a1cacddbb7cf37e4ede6df16f3	102	True	True	accepted_unique
ref_000056	/home/user/wangyuhan/ML-GV02-03/data/raw/t05/gvpa/GvpA_RefSeq.fasta	WP_433627166|gvpA|protein	WP_433627166|gvpA|protein	d405e6b9ae22924670320e0579207148579619ea65916597eaa9e3b155853a8e	83	True	True	accepted_unique
ref_000057	/home/user/wangyuhan/ML-GV02-03/data/raw/t05/gvpa/GvpA_RefSeq.fasta	WP_431662249|gvpA|protein	WP_431662249|gvpA|protein	41af882b944a1fc500dbe8f6fc01230050462280d115eeafbc8f1cb2c66f1d11	72	True	True	accepted_unique
ref_000058	/home/user/wangyuhan/ML-GV02-03/data/raw/t05/gvpa/GvpA_RefSeq.fasta	WP_101841863|gvpA|protein	WP_101841863|gvpA|protein	911977f51fb32fb01946dc2bed8313d1fa9c4cb458417285b80e1d0b4af36425	97	True	True	accepted_unique
ref_000059	/home/user/wangyuhan/ML-GV02-03/data/raw/t05/gvpa/GvpA_RefSeq.fasta	WP_190575773|gvpA|protein	WP_190575773|gvpA|protein	ffef1b1b441fdc15ea9c7981dc1e18e5fd48b4bd588343bda7a874e40857653d	72	True	True	accepted_unique
ref_000060	/home/user/wangyuhan/ML-GV02-03/data/raw/t05/gvpa/GvpA_RefSeq.fasta	WP_430790276|gvpA|protein	WP_430790276|gvpA|protein	b65132e25cc65ac0170dec17af09ef6d9ddc86b42bf3a1dd98bef9769b556343	93	True	True	accepted_unique
ref_000061	/home/user/wangyuhan/ML-GV02-03/data/raw/t05/gvpa/GvpA_RefSeq.fasta	WP_430686742|gvpA|protein	WP_430686742|gvpA|protein	908def535fa98fa36b50ccc7b99887e25d2d33284b95e820e8135e01dd397cd1	72	True	True	accepted_unique
ref_000062	/home/user/wangyuhan/ML-GV02-03/data/raw/t05/gvpa/GvpA_RefSeq.fasta	WP_430120777|gvpA|protein	WP_430120777|gvpA|protein	e6ccc21f1ec1a2362fcf83865db79b02072bd4e4854c8eedc5c7f7b0246d5719	88	True	True	accepted_unique
ref_000063	/home/user/wangyuhan/ML-GV02-03/data/raw/t05/gvpa/GvpA_RefSeq.fasta	WP_430065897|gvpA|protein	WP_430065897|gvpA|protein	a66f240c8435d5f7eedc413fda6c233e960d22ae30577f0ce510087aea050816	83	True	True	accepted_unique
ref_000064	/home/user/wangyuhan/ML-GV02-03/data/raw/t05/gvpa/GvpA_RefSeq.fasta	WP_328257699|gvpA|protein	WP_328257699|gvpA|protein	a30535db979f7cb9b9d1575d743d64af85db6ff38f04fbd94a72d974ac906c20	83	True	True	accepted_unique
ref_000065	/home/user/wangyuhan/ML-GV02-03/data/raw/t05/gvpa/GvpA_RefSeq.fasta	WP_324632560|gvpA|protein	WP_324632560|gvpA|protein	f0b585defb33f68b9eec146548ed02b46b614ae37435ad5b020b758b4d5f244f	72	True	True	accepted_unique
ref_000066	/home/user/wangyuhan/ML-GV02-03/data/raw/t05/gvpa/GvpA_RefSeq.fasta	WP_323618175|gvpA|protein	WP_323618175|gvpA|protein	6ab091088c0d2085f19341445efca3bd7552fe8e88dd3276c572540a4c79acbc	88	True	True	accepted_unique
ref_000067	/home/user/wangyuhan/ML-GV02-03/data/raw/t05/gvpa/GvpA_RefSeq.fasta	WP_322732512|gvpA|protein	WP_322732512|gvpA|protein	cdcb9ea08084d402155df7d0686cb8cea6ba1a31a6700d9535afd219d71587fa	72	True	True	accepted_unique
ref_000068	/home/user/wangyuhan/ML-GV02-03/data/raw/t05/gvpa/GvpA_RefSeq.fasta	WP_322420075|gvpA|protein	WP_322420075|gvpA|protein	e70eb92ab459701dc753ece2045300ba79f6dcccdb811cbfe12eeb7a71243f3d	88	True	True	accepted_unique
ref_000069	/home/user/wangyuhan/ML-GV02-03/data/raw/t05/gvpa/GvpA_RefSeq.fasta	WP_320156897|gvpA|protein	WP_320156897|gvpA|protein	805855d37a367a5867e37119f6d4ca11ce3a9771efa51ee1d159b4bd843f912a	90	True	True	accepted_unique
ref_000070	/home/user/wangyuhan/ML-GV02-03/data/raw/t05/gvpa/GvpA_RefSeq.fasta	WP_316572692|gvpA|protein	WP_316572692|gvpA|protein	499d1d5d62f7019687f3b0059c07e37c33752b65b36ec66eebc2e45d4f2fa3a4	86	True	True	accepted_unique
ref_000071	/home/user/wangyuhan/ML-GV02-03/data/raw/t05/gvpa/GvpA_RefSeq.fasta	WP_290399117|gvpA|protein	WP_290399117|gvpA|protein	fe5639b3f6715383286aeb1b876f8ff0584cb9b9687213268c0fa3160ccd0d10	86	True	True	accepted_unique
ref_000072	/home/user/wangyuhan/ML-GV02-03/data/raw/t05/gvpa/GvpA_RefSeq.fasta	WP_347395773|gvpA|protein	WP_347395773|gvpA|protein	6b64acdf3f40fdffd14457cf606766a5451a179ed659c2fe7bc45e7d0a7abcb4	91	True	True	accepted_unique
ref_000073	/home/user/wangyuhan/ML-GV02-03/data/raw/t05/gvpa/GvpA_RefSeq.fasta	WP_341982146|gvpA|protein	WP_341982146|gvpA|protein	fa3ceb760df75c71ed088b41a6a5cb57560dd57584efea5c666da3bd00024593	86	True	True	accepted_unique
ref_000074	/home/user/wangyuhan/ML-GV02-03/data/raw/t05/gvpa/GvpA_RefSeq.fasta	WP_339227026|gvpA|protein	WP_339227026|gvpA|protein	353e9d0dff81158687ff2e4f2b8984e4d6a17430c1d909a093884122403d9cb2	91	True	True	accepted_unique
ref_000075	/home/user/wangyuhan/ML-GV02-03/data/raw/t05/gvpa/GvpA_RefSeq.fasta	WP_335961848|gvpA|protein	WP_335961848|gvpA|protein	45c7c948c17d40fffc2fecd18e8eb9f993cd3d908fa5567702d7b7dfc4518927	86	True	True	accepted_unique
ref_000076	/home/user/wangyuhan/ML-GV02-03/data/raw/t05/gvpa/GvpA_RefSeq.fasta	WP_335714145|gvpA|protein	WP_335714145|gvpA|protein	8400e38ff12b62b40e03f973a10e92c50343db146d03ee3461eae584e02f49fc	83	True	True	accepted_unique
ref_000077	/home/user/wangyuhan/ML-GV02-03/data/raw/t05/gvpa/GvpA_RefSeq.fasta	WP_335558846|gvpA|protein	WP_335558846|gvpA|protein	76384a42f96a6dc0ed31f4335ecfed20e5f4a9f030a106c3909a844c5b9db10c	80	True	True	accepted_unique
ref_000078	/home/user/wangyuhan/ML-GV02-03/data/raw/t05/gvpa/GvpA_RefSeq.fasta	WP_335537523|gvpA|protein	WP_335537523|gvpA|protein	1d2eaab6bc1405efd0c8e5ab7312219bec44e62cde1589a104d7f3122aeaceec	87	True	True	accepted_unique
ref_000079	/home/user/wangyuhan/ML-GV02-03/data/raw/t05/gvpa/GvpA_RefSeq.fasta	WP_335072082|gvpA|protein	WP_335072082|gvpA|protein	967e2f04e468a1a875d95aef96684bd59af17b05397db6a5e57b624802fa22d2	78	True	True	accepted_unique
ref_000080	/home/user/wangyuhan/ML-GV02-03/data/raw/t05/gvpa/GvpA_RefSeq.fasta	WP_335059862|gvpA|protein	WP_335059862|gvpA|protein	26dd9c3e80f115461010c3e48a60d95fe14f7e45bff5c06ac7dd6e0e34690448	71	True	True	accepted_unique
ref_000081	/home/user/wangyuhan/ML-GV02-03/data/raw/t05/gvpa/GvpA_RefSeq.fasta	WP_335049349|gvpA|protein	WP_335049349|gvpA|protein	71f9753012b6644cf772515c27a3c5a497fdd40153f703681603ce4eafc42ea5	73	True	True	accepted_unique
ref_000082	/home/user/wangyuhan/ML-GV02-03/data/raw/t05/gvpa/GvpA_RefSeq.fasta	WP_334789054|gvpA|protein	WP_334789054|gvpA|protein	8be2e14f0153cb01c7e89076f2a6275d8da7f12e0e575e69dabb3df9999082cc	74	True	True	accepted_unique
ref_000083	/home/user/wangyuhan/ML-GV02-03/data/raw/t05/gvpa/GvpA_RefSeq.fasta	WP_334779866|gvpA|protein	WP_334779866|gvpA|protein	4076ee92571a9babe66f0519b5f715f210808ee8cf5653d8a346b1632f6930d1	71	True	True	accepted_unique
ref_000084	/home/user/wangyuhan/ML-GV02-03/data/raw/t05/gvpa/GvpA_RefSeq.fasta	WP_334710560|gvpA|protein	WP_334710560|gvpA|protein	b38024f0aba86f47c4adefb470377765a198ad65def833ed535315e7ecc6271b	73	True	True	accepted_unique
ref_000085	/home/user/wangyuhan/ML-GV02-03/data/raw/t05/gvpa/GvpA_RefSeq.fasta	WP_330936551|gvpA|protein	WP_330936551|gvpA|protein	24eac37b8142531de647d95b040f3bb74e20b109dd515dd14a422c5a046f198c	59	True	True	accepted_unique
ref_000086	/home/user/wangyuhan/ML-GV02-03/data/raw/t05/gvpa/GvpA_RefSeq.fasta	WP_315073129|gvpA|protein	WP_315073129|gvpA|protein	651deda52eb485d5380e11d0bd0c580df38f654881a05e859441303cd3690fbc	75	True	True	accepted_unique
ref_000087	/home/user/wangyuhan/ML-GV02-03/data/raw/t05/gvpa/GvpA_RefSeq.fasta	WP_113969339|gvpA|protein	WP_113969339|gvpA|protein	c306fc2a612dcf7963887fd1483f31b8b1d3630b71566506bdbc766a133d7160	86	True	True	accepted_unique
ref_000088	/home/user/wangyuhan/ML-GV02-03/data/raw/t05/gvpa/GvpA_RefSeq.fasta	WP_426842538|gvpA|protein	WP_426842538|gvpA|protein	81c3c33e1052ca11c9fde60fd0a62a9ef2c4738a5782114778528dc2c8d1fe8f	87	True	True	accepted_unique
ref_000089	/home/user/wangyuhan/ML-GV02-03/data/raw/t05/gvpa/GvpA_RefSeq.fasta	WP_428403798|gvpA|protein	WP_428403798|gvpA|protein	58de098a6c8aae0513de85526b4bfd2ec959113cd4692c08455d9bd7f1221b78	72	True	True	accepted_unique
ref_000090	/home/user/wangyuhan/ML-GV02-03/data/raw/t05/gvpa/GvpA_RefSeq.fasta	WP_426585015|gvpA|protein	WP_426585015|gvpA|protein	531760bd0ae2999dbf0aa9151e722a6e3f56f36bc1e97a4473d19e1e66ba63d6	91	True	True	accepted_unique
ref_000091	/home/user/wangyuhan/ML-GV02-03/data/raw/t05/gvpa/GvpA_RefSeq.fasta	WP_426542028|gvpA|protein	WP_426542028|gvpA|protein	18aeb74e18302803a1f05608a7d4fa45b098bea94fa1a6302b33e1400eb1edfd	89	True	True	accepted_unique
ref_000092	/home/user/wangyuhan/ML-GV02-03/data/raw/t05/gvpa/GvpA_RefSeq.fasta	WP_426380802|gvpA|protein	WP_426380802|gvpA|protein	27cfc6c7874687adce98fe5beec40dda323c639ba2824175d39fc4aad0117ad3	73	True	True	accepted_unique
ref_000093	/home/user/wangyuhan/ML-GV02-03/data/raw/t05/gvpa/GvpA_RefSeq.fasta	WP_224590714|gvpA|protein	WP_224590714|gvpA|protein	83d86218590801baa4be9cbf64a37be9f413307984b80079d4c17313ca959345	85	True	True	accepted_unique
ref_000094	/home/user/wangyuhan/ML-GV02-03/data/raw/t05/gvpa/GvpA_RefSeq.fasta	WP_423999109|gvpA|protein	WP_423999109|gvpA|protein	fc382b09fdd1c909c75ca87f66ed2c98f5b6601cc069a0d6df8ae25285c11467	93	True	True	accepted_unique
ref_000095	/home/user/wangyuhan/ML-GV02-03/data/raw/t05/gvpa/GvpA_RefSeq.fasta	WP_310323875|gvpA|protein	WP_310323875|gvpA|protein	cee0ef3ec2a72c0423980c1c808f76590d56140814367b61d4a668a7bebd3e90	92	True	True	accepted_unique
ref_000096	/home/user/wangyuhan/ML-GV02-03/data/raw/t05/gvpa/GvpA_RefSeq.fasta	WP_309192103|gvpA|protein	WP_309192103|gvpA|protein	fd49c343614a605c0f408c1059dfd9e3f863077071d8fcc71280dc5802c3028c	87	True	True	accepted_unique
ref_000097	/home/user/wangyuhan/ML-GV02-03/data/raw/t05/gvpa/GvpA_RefSeq.fasta	WP_423801245|gvpA|protein	WP_423801245|gvpA|protein	90c029da4514f00630c70095fc4ebe43ac03b1f8aab9ac3a1687d196c4f38373	81	True	True	accepted_unique
ref_000098	/home/user/wangyuhan/ML-GV02-03/data/raw/t05/gvpa/GvpA_RefSeq.fasta	WP_274373506|gvpA|protein	WP_274373506|gvpA|protein	9ba976654c95d4d9fd8ffe4ff8d4a6186d6631fd013c161e4ccb5c524a6494cc	69	True	True	accepted_unique
ref_000099	/home/user/wangyuhan/ML-GV02-03/data/raw/t05/gvpa/GvpA_RefSeq.fasta	WP_226555226|gvpA|protein	WP_226555226|gvpA|protein	6507b3f9f58ef91ab9d82a0e5b2908ec0d333c616e2b17fc0f4b837dade8ca1f	88	True	True	accepted_unique
ref_000100	/home/user/wangyuhan/ML-GV02-03/data/raw/t05/gvpa/GvpA_RefSeq.fasta	WP_007143586|gvpA|protein	WP_007143586|gvpA|protein	4482775e0979509e45d23f6ca737a7fdb6814c225930bbcb113f82d33d585228	95	True	True	accepted_unique
ref_000101	/home/user/wangyuhan/ML-GV02-03/data/raw/t05/gvpa/GvpA_RefSeq.fasta	WP_422165804|gvpA|protein	WP_422165804|gvpA|protein	db2cdf073eed6ed31349901112a0643487f8399252e4b284641aa51cb05e0f98	100	True	True	accepted_unique
ref_000102	/home/user/wangyuhan/ML-GV02-03/data/raw/t05/gvpa/GvpA_RefSeq.fasta	WP_421708292|gvpA|protein	WP_421708292|gvpA|protein	35226954812d95b1eb87f6c9f6c2ac5cabf4e8cb1e9932ee85489572ea157c29	84	True	True	accepted_unique
ref_000103	/home/user/wangyuhan/ML-GV02-03/data/raw/t05/gvpa/GvpA_RefSeq.fasta	WP_421653262|gvpA|protein	WP_421653262|gvpA|protein	0283d587032de178b6667e22ede30dd9a57c5ae7754c025d23503a3db3153be9	91	True	True	accepted_unique
ref_000104	/home/user/wangyuhan/ML-GV02-03/data/raw/t05/gvpa/GvpA_RefSeq.fasta	WP_421032811|gvpA|protein	WP_421032811|gvpA|protein	628577dc37636bc0384ee327a4aeb3192a7c90e3c438c8b2383085b819d27655	72	True	True	accepted_unique
ref_000105	/home/user/wangyuhan/ML-GV02-03/data/raw/t05/gvpa/GvpA_RefSeq.fasta	WP_415382277|gvpA|protein	WP_415382277|gvpA|protein	34e541178b7b0b894972aaad49425526fd16e04d52071bf0480f2bf5f7434458	88	True	True	accepted_unique
ref_000106	/home/user/wangyuhan/ML-GV02-03/data/raw/t05/gvpa/GvpA_RefSeq.fasta	WP_413917177|gvpA|protein	WP_413917177|gvpA|protein	5c686c3d3778ea9403cd9d61d7221e3e4812a50ef33cf1e8cd450094ca203ae0	86	True	True	accepted_unique
ref_000107	/home/user/wangyuhan/ML-GV02-03/data/raw/t05/gvpa/GvpA_RefSeq.fasta	WP_412092736|gvpA|protein	WP_412092736|gvpA|protein	d7b124bfad426ab2d29dac93db4cf9c6631690473c55133a110d3b15c719533b	70	True	True	accepted_unique
ref_000108	/home/user/wangyuhan/ML-GV02-03/data/raw/t05/gvpa/GvpA_RefSeq.fasta	WP_349407376|gvpA|protein	WP_349407376|gvpA|protein	f454f2a56d9c1f348b1dac3f706e94ceea099db81084cd1c70f2fc3cd1dfd5a3	87	True	True	accepted_unique
ref_000109	/home/user/wangyuhan/ML-GV02-03/data/raw/t05/gvpa/GvpA_RefSeq.fasta	WP_336497511|gvpA|protein	WP_336497511|gvpA|protein	19cd7b61a586d4e4fed893c2bbd031719e582f6c6b75c515eb7fffa1099eb2c8	84	True	True	accepted_unique
ref_000110	/home/user/wangyuhan/ML-GV02-03/data/raw/t05/gvpa/GvpA_RefSeq.fasta	WP_323244924|gvpA|protein	WP_323244924|gvpA|protein	a62ba34ed245e06a29758d7dd356e60f73eeb1c63f5eec9b8103fa7af5740d6a	70	True	True	accepted_unique
ref_000111	/home/user/wangyuhan/ML-GV02-03/data/raw/t05/gvpa/GvpA_RefSeq.fasta	WP_049665784|gvpA|protein	WP_049665784|gvpA|protein	b57946b3f69a165a32688ee14d0fee5bcea63bf4d3ebf9eda46125a5b0948414	86	True	True	accepted_unique
ref_000112	/home/user/wangyuhan/ML-GV02-03/data/raw/t05/gvpa/GvpA_RefSeq.fasta	WP_164693470|gvpA|protein	WP_164693470|gvpA|protein	0b5cd7683d09753175798c62619ea564033e5f158ba14359919e46d521384fcf	72	True	True	accepted_unique
ref_000113	/home/user/wangyuhan/ML-GV02-03/data/raw/t05/gvpa/GvpA_RefSeq.fasta	WP_039726782|gvpA|protein	WP_039726782|gvpA|protein	9683dd0b519eaf04d7438c1faa3b5ba7bfa2c6cfe741bd86fa7ae8c0e5378d7f	72	True	True	accepted_unique
ref_000114	/home/user/wangyuhan/ML-GV02-03/data/raw/t05/gvpa/GvpA_RefSeq.fasta	WP_322681236|gvpA|protein	WP_322681236|gvpA|protein	7c8675813e46237632821dfe2c299d8a6a1afa403a3029f6dc9436af707fc73f	72	True	True	accepted_unique
ref_000115	/home/user/wangyuhan/ML-GV02-03/data/raw/t05/gvpa/GvpA_RefSeq.fasta	WP_416285140|gvpA|protein	WP_416285140|gvpA|protein	edc787924d6392f7c1f5e5e00d1e49e457b29997f69ad3227883a383e8273b5b	94	True	True	accepted_unique
ref_000116	/home/user/wangyuhan/ML-GV02-03/data/raw/t05/gvpa/GvpA_RefSeq.fasta	WP_416108851|gvpA|protein	WP_416108851|gvpA|protein	b7662fa2f5d44aa0d6b41c24f4f96c605eb5db30149fbf2c0bac9fe17a17acbe	72	True	True	accepted_unique
ref_000117	/home/user/wangyuhan/ML-GV02-03/data/raw/t05/gvpa/GvpA_RefSeq.fasta	WP_416108847|gvpA|protein	WP_416108847|gvpA|protein	f65654f9aa3b69f34daadee67a7561e43738c0e2ee7c492fbb794705940ddbfb	72	True	True	accepted_unique
ref_000118	/home/user/wangyuhan/ML-GV02-03/data/raw/t05/gvpa/GvpA_RefSeq.fasta	WP_406912117|gvpA|protein	WP_406912117|gvpA|protein	51223251df1314e3c9bade6b7106f3aca04a55dafced3cc5b130a47bc7b29c63	66	True	True	accepted_unique
ref_000119	/home/user/wangyuhan/ML-GV02-03/data/raw/t05/gvpa/GvpA_RefSeq.fasta	WP_338255845|gvpA|protein	WP_338255845|gvpA|protein	1ca802048c4a6cd9dca398191c084cfbc6061238919610b015007080f09a9f15	76	True	True	accepted_unique
ref_000120	/home/user/wangyuhan/ML-GV02-03/data/raw/t05/gvpa/GvpA_RefSeq.fasta	WP_310619223|gvpA|protein	WP_310619223|gvpA|protein	e9d0d8807aee29d8e61cc5812e5272da20f42b2eb9c88bded666404669277156	71	True	True	accepted_unique
ref_000121	/home/user/wangyuhan/ML-GV02-03/data/raw/t05/gvpa/GvpA_RefSeq.fasta	WP_414404485|gvpA|protein	WP_414404485|gvpA|protein	62e969f90251277368266d759d9d4fd4cc78f03b7eadcfade3fc001db4bf0600	75	True	True	accepted_unique
ref_000122	/home/user/wangyuhan/ML-GV02-03/data/raw/t05/gvpa/GvpA_RefSeq.fasta	WP_414362100|gvpA|protein	WP_414362100|gvpA|protein	a8c546bb807cbf441766bdc1e9d6100e34ba9f8687dc271e3c6bbc888861c9af	75	True	True	accepted_unique
ref_000123	/home/user/wangyuhan/ML-GV02-03/data/raw/t05/gvpa/GvpA_RefSeq.fasta	WP_414395174|gvpA|protein	WP_414395174|gvpA|protein	9caabe5dd41114f54d7157811c223a55ba4f8324b5c33e3ed04bea8f682c91b8	75	True	True	accepted_unique
ref_000124	/home/user/wangyuhan/ML-GV02-03/data/raw/t05/gvpa/GvpA_RefSeq.fasta	WP_024336577|gvpA|protein	WP_024336577|gvpA|protein	39cf0fd21702af1ff2b1a85e7f95803ffe5d465cb6cae8e617df8798b8c9f644	69	True	True	accepted_unique
ref_000125	/home/user/wangyuhan/ML-GV02-03/data/raw/t05/gvpa/GvpA_RefSeq.fasta	WP_193980327|gvpA|protein	WP_193980327|gvpA|protein	ce84140595a3625becb853b3896946af55d40cf7bd6ebf4c0c866321df18c48e	71	True	True	accepted_unique
ref_000126	/home/user/wangyuhan/ML-GV02-03/data/raw/t05/gvpa/GvpA_RefSeq.fasta	WP_413242310|gvpA|protein	WP_413242310|gvpA|protein	4a871af101af640b6e2c4613cc92d8574a387d76bed376472736fe356f550e29	89	True	True	accepted_unique
ref_000127	/home/user/wangyuhan/ML-GV02-03/data/raw/t05/gvpa/GvpA_RefSeq.fasta	WP_413173348|gvpA|protein	WP_413173348|gvpA|protein	ced70fa1ad4dcaf12a7b8c719004cf68917ca8132aa674f7f8c86094a7879b0c	75	True	True	accepted_unique
ref_000128	/home/user/wangyuhan/ML-GV02-03/data/raw/t05/gvpa/GvpA_RefSeq.fasta	WP_413173347|gvpA|protein	WP_413173347|gvpA|protein	de6e45b17a1efe79f37778d836358d826a304d076e7019714203a05f82787777	74	True	True	accepted_unique
ref_000129	/home/user/wangyuhan/ML-GV02-03/data/raw/t05/gvpa/GvpA_RefSeq.fasta	WP_413173346|gvpA|protein	WP_413173346|gvpA|protein	b669abd036c50b376c62ed96bedb1c48c2355a2d6963351d6db1465d4bed8684	73	True	True	accepted_unique
ref_000130	/home/user/wangyuhan/ML-GV02-03/data/raw/t05/gvpa/GvpA_RefSeq.fasta	WP_413173345|gvpA|protein	WP_413173345|gvpA|protein	bf9d9ac4b0e25cbc2e1482bd8291d51b80489fd66aea62fc23789d12b24004e0	75	True	True	accepted_unique
ref_000131	/home/user/wangyuhan/ML-GV02-03/data/raw/t05/gvpa/GvpA_RefSeq.fasta	WP_413173344|gvpA|protein	WP_413173344|gvpA|protein	3f2cb7eca6dff49eb9eba55009404da2596edaa8a84214ff0a062983369e81b2	76	True	True	accepted_unique
ref_000132	/home/user/wangyuhan/ML-GV02-03/data/raw/t05/gvpa/GvpA_RefSeq.fasta	WP_190464766|gvpA|protein	WP_190464766|gvpA|protein	44a44809c7c1d751ebce0ff9a86895a50f13e140bfe6d9ae84ed0e8114d8495c	72	True	True	accepted_unique
ref_000133	/home/user/wangyuhan/ML-GV02-03/data/raw/t05/gvpa/GvpA_RefSeq.fasta	WP_190463961|gvpA|protein	WP_190463961|gvpA|protein	1a1b9a1e258a11254cb4f5cd618e15676d2d449475d5b0ed37269cbc3185bc1d	72	True	True	accepted_unique
ref_000134	/home/user/wangyuhan/ML-GV02-03/data/raw/t05/gvpa/GvpA_RefSeq.fasta	WP_410337796|gvpA|protein	WP_410337796|gvpA|protein	387a1a5b990d83c80a609a93287a136e5e242150b20ddd4a1e49c657c24a6c38	73	True	True	accepted_unique
ref_000135	/home/user/wangyuhan/ML-GV02-03/data/raw/t05/gvpa/GvpA_RefSeq.fasta	WP_379650762|gvpA|protein	WP_379650762|gvpA|protein	6cd6a14977934f64979a41a3771d6fe7e8dad157178bbbd3409fe43630cb5a41	73	True	True	accepted_unique
ref_000136	/home/user/wangyuhan/ML-GV02-03/data/raw/t05/gvpa/GvpA_RefSeq.fasta	WP_379640496|gvpA|protein	WP_379640496|gvpA|protein	86ebca091b9272e657505efec988aa8e3dc5f76d49029f1af44bbb42ef160807	75	True	True	accepted_unique
ref_000137	/home/user/wangyuhan/ML-GV02-03/data/raw/t05/gvpa/GvpA_RefSeq.fasta	WP_342070892|gvpA|protein	WP_342070892|gvpA|protein	c88f9ffff90291b1560233f546b76e54fc9da0f6bafb9239779bc03168c818ea	70	True	True	accepted_unique
ref_000138	/home/user/wangyuhan/ML-GV02-03/data/raw/t05/gvpa/GvpA_RefSeq.fasta	WP_327608074|gvpA|protein	WP_327608074|gvpA|protein	72cdd34cb274da9e5e194597336bd584c0601117e8bd69b326cde75988c2ef5d	92	True	True	accepted_unique
ref_000139	/home/user/wangyuhan/ML-GV02-03/data/raw/t05/gvpa/GvpA_RefSeq.fasta	WP_324716694|gvpA|protein	WP_324716694|gvpA|protein	10268ee8450e0bb5a4533dd0737c1855e098f5e675543a0dbaa927c55ecb3d54	73	True	True	accepted_unique
ref_000140	/home/user/wangyuhan/ML-GV02-03/data/raw/t05/gvpa/GvpA_RefSeq.fasta	WP_324704072|gvpA|protein	WP_324704072|gvpA|protein	ae37005a67bc5cb2b176bbb2a26f1bbfc007226ff1abafb159c27039c720fa0e	72	True	True	accepted_unique
ref_000141	/home/user/wangyuhan/ML-GV02-03/data/raw/t05/gvpa/GvpA_RefSeq.fasta	WP_317121874|gvpA|protein	WP_317121874|gvpA|protein	e8c5de40001b59b84f3000546d57bdbffeb1f2fbded41da8015760622ba66cb1	86	True	True	accepted_unique
ref_000142	/home/user/wangyuhan/ML-GV02-03/data/raw/t05/gvpa/GvpA_RefSeq.fasta	WP_295848159|gvpA|protein	WP_295848159|gvpA|protein	3426f2b4953d2172f209b39e07c92d33714de1f85bc963ee04a0c73f32a57c8b	70	True	True	accepted_unique
ref_000143	/home/user/wangyuhan/ML-GV02-03/data/raw/t05/gvpa/GvpA_RefSeq.fasta	WP_280793164|gvpA|protein	WP_280793164|gvpA|protein	fa062766acc141ed13ab5647f670b952cf8945bbcfc8349eca2a90bcac8cd4ef	71	True	True	accepted_unique
ref_000144	/home/user/wangyuhan/ML-GV02-03/data/raw/t05/gvpa/GvpA_RefSeq.fasta	WP_283757384|gvpA|protein	WP_283757384|gvpA|protein	6f227f789b114508ea9998be7bfc238fb7cd36b4f026ef2c1d299b426ba4d67d	72	True	True	accepted_unique
ref_000145	/home/user/wangyuhan/ML-GV02-03/data/raw/t05/gvpa/GvpA_RefSeq.fasta	WP_280652748|gvpA|protein	WP_280652748|gvpA|protein	56d5d14e5f958bb848effc7cddc6dd078434561bb8d86a1a4654791676632e8b	71	True	True	accepted_unique
ref_000146	/home/user/wangyuhan/ML-GV02-03/data/raw/t05/gvpa/GvpA_RefSeq.fasta	WP_409772926|gvpA|protein	WP_409772926|gvpA|protein	819e640008ab1349cc70b304807fe3f89bc28dfae3f714424db06baf20ba737b	63	True	True	accepted_unique
ref_000147	/home/user/wangyuhan/ML-GV02-03/data/raw/t05/gvpa/GvpA_RefSeq.fasta	WP_353746961|gvpA|protein	WP_353746961|gvpA|protein	63d39c2e5861daa31f41643f87a02e57bbbbceb485e5b854577bf230f2d1c5e3	83	True	True	accepted_unique
ref_000148	/home/user/wangyuhan/ML-GV02-03/data/raw/t05/gvpa/GvpA_RefSeq.fasta	WP_328257960|gvpA|protein	WP_328257960|gvpA|protein	6d06213120173a755e9baa644f1b79091e5fe37b3d5310decd03b265d1c1198a	88	True	True	accepted_unique
ref_000149	/home/user/wangyuhan/ML-GV02-03/data/raw/t05/gvpa/GvpA_RefSeq.fasta	WP_409303451|gvpA|protein	WP_409303451|gvpA|protein	0844cfaee9f234d540b527333f1f62a06e990377372b5ef2abf079432a623702	86	True	True	accepted_unique
ref_000150	/home/user/wangyuhan/ML-GV02-03/data/raw/t05/gvpa/GvpA_RefSeq.fasta	WP_409293715|gvpA|protein	WP_409293715|gvpA|protein	271291dc0f72accfac607a148f3b6af0576a1ad6cb95ac9bf3548d2abca3aa08	86	True	True	accepted_unique
ref_000151	/home/user/wangyuhan/ML-GV02-03/data/raw/t05/gvpa/GvpA_RefSeq.fasta	WP_409274759|gvpA|protein	WP_409274759|gvpA|protein	f977e0ce7c4a878af278f121d93c324388244920522e89fce9467528c48d695e	84	True	True	accepted_unique
ref_000152	/home/user/wangyuhan/ML-GV02-03/data/raw/t05/gvpa/GvpA_RefSeq.fasta	WP_408963110|gvpA|protein	WP_408963110|gvpA|protein	07561c65a5d37a8aa878cb07b895eb5f91fafbeef771c9befc328c8c9c84e7fc	72	True	True	accepted_unique
ref_000153	/home/user/wangyuhan/ML-GV02-03/data/raw/t05/gvpa/GvpA_RefSeq.fasta	WP_408958174|gvpA|protein	WP_408958174|gvpA|protein	73e0b5aa88a198c56caeea07f42134079d2b868fcd0dbd1b9bc7234b4f64666a	87	True	True	accepted_unique
ref_000154	/home/user/wangyuhan/ML-GV02-03/data/raw/t05/gvpa/GvpA_RefSeq.fasta	WP_336364780|gvpA|protein	WP_336364780|gvpA|protein	cd0ec9cc83e20bd818b34c3d6e32229ae82b1f4b803ad5a686041fe792cfa0b4	86	True	True	accepted_unique
ref_000155	/home/user/wangyuhan/ML-GV02-03/data/raw/t05/gvpa/GvpA_RefSeq.fasta	WP_336364362|gvpA|protein	WP_336364362|gvpA|protein	ad18f8d7fabecf9750fb27c42b42c14e2c5be22222525e8903b790ab878114cc	97	True	True	accepted_unique
ref_000156	/home/user/wangyuhan/ML-GV02-03/data/raw/t05/gvpa/GvpA_RefSeq.fasta	WP_332101109|gvpA|protein	WP_332101109|gvpA|protein	76418c5d471b2873e6bfd66246e1ddea8c46c09677d508ca4d85d7ddc4b66838	86	True	True	accepted_unique
ref_000157	/home/user/wangyuhan/ML-GV02-03/data/raw/t05/gvpa/GvpA_RefSeq.fasta	WP_332100865|gvpA|protein	WP_332100865|gvpA|protein	7801d96d034213cf08c8a094d7cac15ce9d441b0b84d59a3a397698d01a086b2	84	True	True	accepted_unique
ref_000158	/home/user/wangyuhan/ML-GV02-03/data/raw/t05/gvpa/GvpA_RefSeq.fasta	WP_332099299|gvpA|protein	WP_332099299|gvpA|protein	b9d147aeaac9ffa9d0f345cb4414f298f5fcd7bdcb541313ba9f90ed1cf3a920	87	True	True	accepted_unique
ref_000159	/home/user/wangyuhan/ML-GV02-03/data/raw/t05/gvpa/GvpA_RefSeq.fasta	WP_332097579|gvpA|protein	WP_332097579|gvpA|protein	824a3264c546dbd7013f28ea8a55f3a237060c55e29003b45dafff7fd11e8a4e	97	True	True	accepted_unique
ref_000160	/home/user/wangyuhan/ML-GV02-03/data/raw/t05/gvpa/GvpA_RefSeq.fasta	WP_038082255|gvpA|protein	WP_038082255|gvpA|protein	b34a5f1cebe7f342dc3f0266350f98a4220b9e2eabe7f053f156e8a2488af41b	72	True	True	accepted_unique
ref_000161	/home/user/wangyuhan/ML-GV02-03/data/raw/t05/gvpa/GvpA_RefSeq.fasta	WP_408011836|gvpA|protein	WP_408011836|gvpA|protein	354eeee0be3f0383107be26977796d47824369722e4cc0040014e2231196c8e5	85	True	True	accepted_unique
ref_000162	/home/user/wangyuhan/ML-GV02-03/data/raw/t05/gvpa/GvpA_RefSeq.fasta	WP_215820231|gvpA|protein	WP_215820231|gvpA|protein	f2eb1efff0bc22bf511d7abe25340b374cb0b499c08c0e5b5016a140d3727bb3	72	True	True	accepted_unique
ref_000163	/home/user/wangyuhan/ML-GV02-03/data/raw/t05/gvpa/GvpA_RefSeq.fasta	WP_407312170|gvpA|protein	WP_407312170|gvpA|protein	2b3e3d2d5bed050505a18c825d05bdeef9ed0a305324a5ff0a3ab44addd80e16	70	True	True	accepted_unique
ref_000164	/home/user/wangyuhan/ML-GV02-03/data/raw/t05/gvpa/GvpA_RefSeq.fasta	WP_407039562|gvpA|protein	WP_407039562|gvpA|protein	7d8f193406ee761e1417644f12663163f20f02aa96aa9ac9a3e9967ae45736db	95	True	True	accepted_unique
ref_000165	/home/user/wangyuhan/ML-GV02-03/data/raw/t05/gvpa/GvpA_RefSeq.fasta	WP_406944744|gvpA|protein	WP_406944744|gvpA|protein	61cb6f10b13fb11f910f8f21d07836e35e17affcc38af420a8aad2bdf75ef91c	97	True	True	accepted_unique
ref_000166	/home/user/wangyuhan/ML-GV02-03/data/raw/t05/gvpa/GvpA_RefSeq.fasta	WP_406606980|gvpA|protein	WP_406606980|gvpA|protein	b81aa32b17d671599bc2c9e361c85b3574906f3e79199d11c11f01091914c22e	69	True	True	accepted_unique
ref_000167	/home/user/wangyuhan/ML-GV02-03/data/raw/t05/gvpa/GvpA_RefSeq.fasta	WP_404455754|gvpA|protein	WP_404455754|gvpA|protein	42ca32a46ff9fbfe04b03849517149d6e08810007705041d2c8b3b34d20375bb	93	True	True	accepted_unique
ref_000168	/home/user/wangyuhan/ML-GV02-03/data/raw/t05/gvpa/GvpA_RefSeq.fasta	WP_404405697|gvpA|protein	WP_404405697|gvpA|protein	a6d518bf56b5cafab96ad5614138c302b7592dbeed2603e0b2367a1fa9195b51	88	True	True	accepted_unique
ref_000169	/home/user/wangyuhan/ML-GV02-03/data/raw/t05/gvpa/GvpA_RefSeq.fasta	WP_224944266|gvpA|protein	WP_224944266|gvpA|protein	509311e69b214d9f94e73b22f61d8fe5ca6761a790311b2da756f7aacf9bbd78	86	True	True	accepted_unique
ref_000170	/home/user/wangyuhan/ML-GV02-03/data/raw/t05/gvpa/GvpA_RefSeq.fasta	WP_231183142|gvpA|protein	WP_231183142|gvpA|protein	f87e80c34ba5c8c8909bbdd240615676baff89720ec7c271d2c949964d53bfc2	87	True	True	accepted_unique
ref_000171	/home/user/wangyuhan/ML-GV02-03/data/raw/t05/gvpa/GvpA_RefSeq.fasta	WP_062441008|gvpA|protein	WP_062441008|gvpA|protein	7a296141a2788c2145e9831dd2e14af2845f1b10362686045dd37b12e3d675db	96	True	True	accepted_unique
ref_000172	/home/user/wangyuhan/ML-GV02-03/data/raw/t05/gvpa/GvpA_RefSeq.fasta	WP_394342364|gvpA|protein	WP_394342364|gvpA|protein	38b03f42eea75fbcc3e05c70be0e2c7ed52af564e56f9e4974caed8e9dd2d76f	97	True	True	accepted_unique
ref_000173	/home/user/wangyuhan/ML-GV02-03/data/raw/t05/gvpa/GvpA_RefSeq.fasta	WP_394079722|gvpA|protein	WP_394079722|gvpA|protein	38a86b2caad8351d20f84009e4f3fadc81641af9267c4634244814993c1e259b	70	True	True	accepted_unique
ref_000174	/home/user/wangyuhan/ML-GV02-03/data/raw/t05/gvpa/GvpA_RefSeq.fasta	WP_392535573|gvpA|protein	WP_392535573|gvpA|protein	4ba0a2c8ff48af80e17ea4e45f1da9493a8864d39f451200f163ff2e561d2b6f	71	True	True	accepted_unique
ref_000175	/home/user/wangyuhan/ML-GV02-03/data/raw/t05/gvpa/GvpA_RefSeq.fasta	WP_122090611|gvpA|protein	WP_122090611|gvpA|protein	63e94d96149b61e3547fb620a3561727505e40a05520085d6a7b53eda6afbc7c	87	True	True	accepted_unique
ref_000176	/home/user/wangyuhan/ML-GV02-03/data/raw/t05/gvpa/GvpA_RefSeq.fasta	WP_390306325|gvpA|protein	WP_390306325|gvpA|protein	1221e51a70c9226dfb5b8f5c0eaea31f8d82a2bbe997fe275036cddfc6893f45	90	True	True	accepted_unique
ref_000177	/home/user/wangyuhan/ML-GV02-03/data/raw/t05/gvpa/GvpA_RefSeq.fasta	WP_390283382|gvpA|protein	WP_390283382|gvpA|protein	4f76b230eb60279eb5dd9727b6fef53befa7b01de4543a47effc9d7219b9b6ea	95	True	True	accepted_unique
ref_000178	/home/user/wangyuhan/ML-GV02-03/data/raw/t05/gvpa/GvpA_RefSeq.fasta	WP_390271558|gvpA|protein	WP_390271558|gvpA|protein	044a3e6477173de21b191f88651098a6ddd5f3ea0f8288b883ad9f9d97c83ee6	90	True	True	accepted_unique
ref_000179	/home/user/wangyuhan/ML-GV02-03/data/raw/t05/gvpa/GvpA_RefSeq.fasta	WP_204418811|gvpA|protein	WP_204418811|gvpA|protein	7d8900b1fc48c317aebbade0a9e0f037e7f876e05e79fe26074fd735c2e3217a	86	True	True	accepted_unique
ref_000180	/home/user/wangyuhan/ML-GV02-03/data/raw/t05/gvpa/GvpA_RefSeq.fasta	WP_386062796|gvpA|protein	WP_386062796|gvpA|protein	044652cd2d2677de71ee3ad6b28cfb22905b65ba36cac1256c3f01e3fb5c37d9	85	True	True	accepted_unique
ref_000181	/home/user/wangyuhan/ML-GV02-03/data/raw/t05/gvpa/GvpA_RefSeq.fasta	WP_253517921|gvpA|protein	WP_253517921|gvpA|protein	6b94719ca1a990ee1d8f7fe4a2780bb99c98d3599cd6abe8080921d204b422e4	87	True	True	accepted_unique
ref_000182	/home/user/wangyuhan/ML-GV02-03/data/raw/t05/gvpa/GvpA_RefSeq.fasta	WP_252487173|gvpA|protein	WP_252487173|gvpA|protein	943ce15fb7773fa3a769b10eef21ff74af8e9455a035ac627206a70f67094829	94	True	True	accepted_unique
ref_000183	/home/user/wangyuhan/ML-GV02-03/data/raw/t05/gvpa/GvpA_RefSeq.fasta	WP_217628970|gvpA|protein	WP_217628970|gvpA|protein	970873de163a6ff8ee058480a3869a5416b54bf5594fe27fbb5156104085a425	88	True	True	accepted_unique
ref_000184	/home/user/wangyuhan/ML-GV02-03/data/raw/t05/gvpa/GvpA_RefSeq.fasta	WP_380704376|gvpA|protein	WP_380704376|gvpA|protein	b258e8dfa1451eaa6d09e0b4add2594f4ff66808a1171e673e2a064015b0995e	87	True	True	accepted_unique
ref_000185	/home/user/wangyuhan/ML-GV02-03/data/raw/t05/gvpa/GvpA_RefSeq.fasta	WP_379496047|gvpA|protein	WP_379496047|gvpA|protein	2395590053bc57a3bac9a2197e4b3100849ac0586b18b27401acb2786f9ed738	91	True	True	accepted_unique
ref_000186	/home/user/wangyuhan/ML-GV02-03/data/raw/t05/gvpa/GvpA_RefSeq.fasta	WP_168006768|gvpA|protein	WP_168006768|gvpA|protein	37f01da4a984c4443e1dd0bfe4c45bcaf6d4dffa1a6de05841500833014bfa0a	87	True	True	accepted_unique
ref_000187	/home/user/wangyuhan/ML-GV02-03/data/raw/t05/gvpa/GvpA_RefSeq.fasta	WP_049893539|gvpA|protein	WP_049893539|gvpA|protein	70724efd897d81dc16e2bdbc3589fa7441046ed49245f06ce63218699b619185	103	True	True	accepted_unique
ref_000188	/home/user/wangyuhan/ML-GV02-03/data/raw/t05/gvpa/GvpA_RefSeq.fasta	WP_377962562|gvpA|protein	WP_377962562|gvpA|protein	0dcb405a364eae4db9c2e19b75732438619d866ca86f30cf78ac87bfd6ab062e	72	True	True	accepted_unique
ref_000189	/home/user/wangyuhan/ML-GV02-03/data/raw/t05/gvpa/GvpA_RefSeq.fasta	WP_375796785|gvpA|protein	WP_375796785|gvpA|protein	440c141d3d83ed043c333614417693fd89f0dfdca16a4ae6872273ea898aeb50	76	True	True	accepted_unique
ref_000190	/home/user/wangyuhan/ML-GV02-03/data/raw/t05/gvpa/GvpA_RefSeq.fasta	WP_375803144|gvpA|protein	WP_375803144|gvpA|protein	36d36d0c4f52b3ab32d367ff704271c4f22cce71b0e9625e3e2a6ce41c559470	73	True	True	accepted_unique
ref_000191	/home/user/wangyuhan/ML-GV02-03/data/raw/t05/gvpa/GvpA_RefSeq.fasta	WP_375594093|gvpA|protein	WP_375594093|gvpA|protein	476885d73f2103224b292d5d842a8afc0794641e93e8e2d399aaf3c10eaa833c	84	True	True	accepted_unique
ref_000192	/home/user/wangyuhan/ML-GV02-03/data/raw/t05/gvpa/GvpA_RefSeq.fasta	WP_375535661|gvpA|protein	WP_375535661|gvpA|protein	4b81ad5ffa833d3eb41268ae249d1a9cca6a34f987f4c8eedd5e5477becf8871	88	True	True	accepted_unique
ref_000193	/home/user/wangyuhan/ML-GV02-03/data/raw/t05/gvpa/GvpA_RefSeq.fasta	WP_375218407|gvpA|protein	WP_375218407|gvpA|protein	875f973318346cb3195c0e54e2957fb5e2b9705277fba1185a2959b7514f62fe	86	True	True	accepted_unique
ref_000194	/home/user/wangyuhan/ML-GV02-03/data/raw/t05/gvpa/GvpA_RefSeq.fasta	WP_375007750|gvpA|protein	WP_375007750|gvpA|protein	00b8d6bdf51c5322f38c2f3efbe74d4123230025049524b17afcbaf1d6459e63	90	True	True	accepted_unique
ref_000195	/home/user/wangyuhan/ML-GV02-03/data/raw/t05/gvpa/GvpA_RefSeq.fasta	WP_044340217|gvpA|protein	WP_044340217|gvpA|protein	4ce0c5155ea4669922bcb0230c9b672b1e80fe3a06ce66f3212edffea74321db	86	True	True	accepted_unique
ref_000196	/home/user/wangyuhan/ML-GV02-03/data/raw/t05/gvpa/GvpA_RefSeq.fasta	WP_373674330|gvpA|protein	WP_373674330|gvpA|protein	5d20f105b230fcb464d172f5f60beb5d3a0433f4d04c11d7e3b12442a0876f1f	78	True	True	accepted_unique
ref_000197	/home/user/wangyuhan/ML-GV02-03/data/raw/t05/gvpa/GvpA_RefSeq.fasta	WP_373618838|gvpA|protein	WP_373618838|gvpA|protein	92d7d81f95603487cd9c2e6f2b9a057290f97368162a627c34d4db46064b5d78	95	True	True	accepted_unique
ref_000198	/home/user/wangyuhan/ML-GV02-03/data/raw/t05/gvpa/GvpA_RefSeq.fasta	WP_373411272|gvpA|protein	WP_373411272|gvpA|protein	d510c78ee6fcdf216c53533c629c59216f4c727253280f4b8b6d62982d117c64	70	True	True	accepted_unique
ref_000199	/home/user/wangyuhan/ML-GV02-03/data/raw/t05/gvpa/GvpA_RefSeq.fasta	WP_372960227|gvpA|protein	WP_372960227|gvpA|protein	699456ca14dc91b530821beaa7818b79ebdfa0de3b88f656f2ee36232fad8dba	70	True	True	accepted_unique
ref_000200	/home/user/wangyuhan/ML-GV02-03/data/raw/t05/gvpa/GvpA_RefSeq.fasta	WP_267662982|gvpA|protein	WP_267662982|gvpA|protein	4f811102c58fb8e77080f5dd3e87eca3f86feb91a847119b6ffe487ef0fe11f1	78	True	True	accepted_unique
ref_000201	/home/user/wangyuhan/ML-GV02-03/data/raw/t05/gvpa/GvpA_RefSeq.fasta	WP_299881917|gvpA|protein	WP_299881917|gvpA|protein	d8adf42b87bd05b02f3cc763ff67149aa0c8b5efa9a22382983adb8ec3fcbe16	70	True	True	accepted_unique
ref_000202	/home/user/wangyuhan/ML-GV02-03/data/raw/t05/gvpa/GvpA_RefSeq.fasta	WP_149081285|gvpA|protein	WP_149081285|gvpA|protein	b47c8eec954491beb71449c63366fd48ba5dce86743a074cbdbe978a2a2b450c	95	True	True	accepted_unique
ref_000203	/home/user/wangyuhan/ML-GV02-03/data/raw/t05/gvpa/GvpA_RefSeq.fasta	WP_219165518|gvpA|protein	WP_219165518|gvpA|protein	ce3165ca201b0c8e2c6c06c285e1bdb19d53d60ee32c4a51fbe5f2bfea086a03	86	True	True	accepted_unique
ref_000204	/home/user/wangyuhan/ML-GV02-03/data/raw/t05/gvpa/GvpA_RefSeq.fasta	WP_367750907|gvpA|protein	WP_367750907|gvpA|protein	99653906bbbaa3567e58037ebc89d71df155e279b2e9b7a7a4293bfa01ad6bd8	82	True	True	accepted_unique
ref_000205	/home/user/wangyuhan/ML-GV02-03/data/raw/t05/gvpa/GvpA_RefSeq.fasta	WP_280768082|gvpA|protein	WP_280768082|gvpA|protein	286c7b97c4455a336f39e36553f7844c3b74abba1732c3052c87b33408672ad3	88	True	True	accepted_unique
ref_000206	/home/user/wangyuhan/ML-GV02-03/data/raw/t05/gvpa/GvpA_RefSeq.fasta	WP_218806347|gvpA|protein	WP_218806347|gvpA|protein	bb09971e1315fce64b6ebe60ab918eb13f4e62c370d2b46304d7bccf3b3ead2c	72	True	True	accepted_unique
ref_000207	/home/user/wangyuhan/ML-GV02-03/data/raw/t05/gvpa/GvpA_RefSeq.fasta	WP_054470142|gvpA|protein	WP_054470142|gvpA|protein	0e91ce29d8018f1f6bc63564bb43e1bf4a485fe22bc7a713e9a2e0a3b6c8385c	71	True	True	accepted_unique
ref_000208	/home/user/wangyuhan/ML-GV02-03/data/raw/t05/gvpa/GvpA_RefSeq.fasta	WP_353564278|gvpA|protein	WP_353564278|gvpA|protein	731f8990c8cbea086350a016d4c0cac3104af7266cbadfed7c66df5ef588aa95	73	True	True	accepted_unique
ref_000209	/home/user/wangyuhan/ML-GV02-03/data/raw/t05/gvpa/GvpA_RefSeq.fasta	WP_342809826|gvpA|protein	WP_342809826|gvpA|protein	004ac7839755349473240380f645fff65b298b81cd7212d8be9f25d268874df0	94	True	True	accepted_unique
ref_000210	/home/user/wangyuhan/ML-GV02-03/data/raw/t05/gvpa/GvpA_RefSeq.fasta	WP_339102459|gvpA|protein	WP_339102459|gvpA|protein	07f90c8c92dbdb92b94e1c4becf058d78867504d7c200a8ac59420a67443e648	95	True	True	accepted_unique
ref_000211	/home/user/wangyuhan/ML-GV02-03/data/raw/t05/gvpa/GvpA_RefSeq.fasta	WP_338727022|gvpA|protein	WP_338727022|gvpA|protein	5c03f7861ccf36dc05336cbb110d6b9466b83c837a45b4254d8ee83f1acb7937	84	True	True	accepted_unique
ref_000212	/home/user/wangyuhan/ML-GV02-03/data/raw/t05/gvpa/GvpA_RefSeq.fasta	WP_338007780|gvpA|protein	WP_338007780|gvpA|protein	4cea385a8794a0b112c3718b48635d7251fd2b54c59d9aaf7a1aa68ef55f0934	94	True	True	accepted_unique
ref_000213	/home/user/wangyuhan/ML-GV02-03/data/raw/t05/gvpa/GvpA_RefSeq.fasta	WP_338001785|gvpA|protein	WP_338001785|gvpA|protein	4e9e86277af05dbd050d6026de986c169c801caeb1df279e98d79b71f7f662b6	94	True	True	accepted_unique
ref_000214	/home/user/wangyuhan/ML-GV02-03/data/raw/t05/gvpa/GvpA_RefSeq.fasta	WP_336343652|gvpA|protein	WP_336343652|gvpA|protein	65113288b099887ef152fd6bb6ea78fe9b22499732ef2573c3ce4e6c82f19f7b	95	True	True	accepted_unique
ref_000215	/home/user/wangyuhan/ML-GV02-03/data/raw/t05/gvpa/GvpA_RefSeq.fasta	WP_332897853|gvpA|protein	WP_332897853|gvpA|protein	0a6194eed91a047cb43e42df86660279db231e8e43de2021d1f6bd61c0de9318	84	True	True	accepted_unique
ref_000216	/home/user/wangyuhan/ML-GV02-03/data/raw/t05/gvpa/GvpA_RefSeq.fasta	WP_332321129|gvpA|protein	WP_332321129|gvpA|protein	ea5746ec582bf06f4e03026eb672c30524a41db3d8f7504c2c6530701baaefa7	72	True	True	accepted_unique
ref_000217	/home/user/wangyuhan/ML-GV02-03/data/raw/t05/gvpa/GvpA_RefSeq.fasta	WP_331236528|gvpA|protein	WP_331236528|gvpA|protein	1a264ded2f369ea42fdd34a334cd2ef3dc4ba698cda2beaf20dcacfe667afa25	89	True	True	accepted_unique
ref_000218	/home/user/wangyuhan/ML-GV02-03/data/raw/t05/gvpa/GvpA_RefSeq.fasta	WP_331233287|gvpA|protein	WP_331233287|gvpA|protein	edf12e96625a3cd498543a51165a1fe2582809ab9abb59ead2892e6153bce04a	86	True	True	accepted_unique
ref_000219	/home/user/wangyuhan/ML-GV02-03/data/raw/t05/gvpa/GvpA_RefSeq.fasta	WP_313692695|gvpA|protein	WP_313692695|gvpA|protein	d9b751580230ca0e5773c57e4ce813ad00b52f3d761de387a4ceb48a8b983c68	85	True	True	accepted_unique
ref_000220	/home/user/wangyuhan/ML-GV02-03/data/raw/t05/gvpa/GvpA_RefSeq.fasta	WP_312909280|gvpA|protein	WP_312909280|gvpA|protein	4d4e00d31d935ed0527dea10b018697cb7c3f72bf199a24b36075804bc95f4cd	95	True	True	accepted_unique
ref_000221	/home/user/wangyuhan/ML-GV02-03/data/raw/t05/gvpa/GvpA_RefSeq.fasta	WP_310927095|gvpA|protein	WP_310927095|gvpA|protein	0f59cf2a0c4bb65bd34372f8a393246c8ce3799ace769f49a02adab3a57f84c2	91	True	True	accepted_unique
ref_000222	/home/user/wangyuhan/ML-GV02-03/data/raw/t05/gvpa/GvpA_RefSeq.fasta	WP_310905889|gvpA|protein	WP_310905889|gvpA|protein	4132d6e9996d37d7483a43399d0cf509931b6bc7ffe8affe4d8014ed5a994667	92	True	True	accepted_unique
ref_000223	/home/user/wangyuhan/ML-GV02-03/data/raw/t05/gvpa/GvpA_RefSeq.fasta	WP_306756674|gvpA|protein	WP_306756674|gvpA|protein	fca422d4ddd5dcd65605aca73a48825de01049d9d8a1773ef99115068238d3f9	96	True	True	accepted_unique
ref_000224	/home/user/wangyuhan/ML-GV02-03/data/raw/t05/gvpa/GvpA_RefSeq.fasta	WP_306059442|gvpA|protein	WP_306059442|gvpA|protein	d4bbfd09a62903f1dd61a6f9ad8db51b9835b18fbf9766c780f6719f9f1e9643	94	True	True	accepted_unique
ref_000225	/home/user/wangyuhan/ML-GV02-03/data/raw/t05/gvpa/GvpA_RefSeq.fasta	WP_304447146|gvpA|protein	WP_304447146|gvpA|protein	fd90bc846ac4fc169df6b72c6d79f22f65e19b6288aa31b62ee0ef2b7fbcbd95	92	True	True	accepted_unique
ref_000226	/home/user/wangyuhan/ML-GV02-03/data/raw/t05/gvpa/GvpA_RefSeq.fasta	WP_296608059|gvpA|protein	WP_296608059|gvpA|protein	6cb2a4a67fad0b3f22b180db738bb3f59efd73950cd7b341fdf1ef17aafa121f	74	True	True	accepted_unique
ref_000227	/home/user/wangyuhan/ML-GV02-03/data/raw/t05/gvpa/GvpA_RefSeq.fasta	WP_292371610|gvpA|protein	WP_292371610|gvpA|protein	340bf83afc765d1b00fdd15c36a88211b6ccc7b1557c106bec83457cd9bb095b	78	True	True	accepted_unique
ref_000228	/home/user/wangyuhan/ML-GV02-03/data/raw/t05/gvpa/GvpA_RefSeq.fasta	WP_290814024|gvpA|protein	WP_290814024|gvpA|protein	833a1708482ad34125e281ec9a7bb5ff185d6b74e637c9a4e71748011be93051	98	True	True	accepted_unique
ref_000229	/home/user/wangyuhan/ML-GV02-03/data/raw/t05/gvpa/GvpA_RefSeq.fasta	WP_286046597|gvpA|protein	WP_286046597|gvpA|protein	0aeb545239a28bae61f99fbd60bce02d7f124f3277108fc0d913126d6222ba8b	86	True	True	accepted_unique
ref_000230	/home/user/wangyuhan/ML-GV02-03/data/raw/t05/gvpa/GvpA_RefSeq.fasta	WP_286043823|gvpA|protein	WP_286043823|gvpA|protein	ce5dc523b5749c0ad99a93b9d53e7343c2df1a582dcc1045a1caf959b34254dd	87	True	True	accepted_unique
ref_000231	/home/user/wangyuhan/ML-GV02-03/data/raw/t05/gvpa/GvpA_RefSeq.fasta	WP_285927312|gvpA|protein	WP_285927312|gvpA|protein	9fda348180c612303cdb7da49eec263f1c4a969cd97d7811ee7730f5dc5f4d4e	95	True	True	accepted_unique
ref_000232	/home/user/wangyuhan/ML-GV02-03/data/raw/t05/gvpa/GvpA_RefSeq.fasta	WP_285270566|gvpA|protein	WP_285270566|gvpA|protein	db4cf6e6d1d54bfb2db988a958a4fbac20cae6fc7767b874ce483eae1ebc8b85	56	True	True	accepted_unique
ref_000233	/home/user/wangyuhan/ML-GV02-03/data/raw/t05/gvpa/GvpA_RefSeq.fasta	WP_283836894|gvpA|protein	WP_283836894|gvpA|protein	0145b7d0415b25474bf7a3c8e0a8c493009e798905f413a70669e51a92c9c25b	95	True	True	accepted_unique
ref_000234	/home/user/wangyuhan/ML-GV02-03/data/raw/t05/gvpa/GvpA_RefSeq.fasta	WP_278293264|gvpA|protein	WP_278293264|gvpA|protein	64b87c36790fe3acd4baa751c7e30662ba7fd5dddd03a8f17f2a097d90e9a793	94	True	True	accepted_unique
ref_000235	/home/user/wangyuhan/ML-GV02-03/data/raw/t05/gvpa/GvpA_RefSeq.fasta	WP_276835635|gvpA|protein	WP_276835635|gvpA|protein	0da4fc315e8c5fa1925fb0764a91af43de57873340a143b142e0b66ac5307abb	76	True	True	accepted_unique
ref_000236	/home/user/wangyuhan/ML-GV02-03/data/raw/t05/gvpa/GvpA_RefSeq.fasta	WP_276835632|gvpA|protein	WP_276835632|gvpA|protein	62b65b4bdaad5382b6fd1a8fe84b861f9f2785c845ef6d5232a5858759e89434	76	True	True	accepted_unique
ref_000237	/home/user/wangyuhan/ML-GV02-03/data/raw/t05/gvpa/GvpA_RefSeq.fasta	WP_276835630|gvpA|protein	WP_276835630|gvpA|protein	644a625ed987b37152d8accd5afc91e83fbb7aa608bf5b736cb83e597789259b	76	True	True	accepted_unique
ref_000238	/home/user/wangyuhan/ML-GV02-03/data/raw/t05/gvpa/GvpA_RefSeq.fasta	WP_276304827|gvpA|protein	WP_276304827|gvpA|protein	3dd2d389f45d6f0511d21268defb0f34c51a26455c8e3504fb137cf688b87ebe	93	True	True	accepted_unique
ref_000239	/home/user/wangyuhan/ML-GV02-03/data/raw/t05/gvpa/GvpA_RefSeq.fasta	WP_276254240|gvpA|protein	WP_276254240|gvpA|protein	bf00fc1bb4a6bea076a5150d4d94cbb2a3a41994343dd8761a39ebcf83a45c14	95	True	True	accepted_unique
ref_000240	/home/user/wangyuhan/ML-GV02-03/data/raw/t05/gvpa/GvpA_RefSeq.fasta	WP_276245661|gvpA|protein	WP_276245661|gvpA|protein	1f1d6fdb82f348ed948e69813ca969e1811e69f665260cf74fa3f7a057c84e99	84	True	True	accepted_unique
ref_000241	/home/user/wangyuhan/ML-GV02-03/data/raw/t05/gvpa/GvpA_RefSeq.fasta	WP_273836796|gvpA|protein	WP_273836796|gvpA|protein	bc5cdb91e80e5d33bb2692c1910e2e61934a72d867eb29ce2772841eba3d3e24	110	True	True	accepted_unique
ref_000242	/home/user/wangyuhan/ML-GV02-03/data/raw/t05/gvpa/GvpA_RefSeq.fasta	WP_273740706|gvpA|protein	WP_273740706|gvpA|protein	fe2e069c7d192a9aa4be872c95d8c541ca761882f3f5cd67653cf6f33ac13f55	92	True	True	accepted_unique
ref_000243	/home/user/wangyuhan/ML-GV02-03/data/raw/t05/gvpa/GvpA_RefSeq.fasta	WP_269782710|gvpA|protein	WP_269782710|gvpA|protein	7b672bf4b057eba2ffac19a77bca9f9a17a008432a90a5b77201f2e6c3cc6e24	120	True	True	accepted_unique
ref_000244	/home/user/wangyuhan/ML-GV02-03/data/raw/t05/gvpa/GvpA_RefSeq.fasta	WP_267643774|gvpA|protein	WP_267643774|gvpA|protein	98f6b86d7ec22351f58755ea2828f25a3b1ca8417fd303b5540b3d023933b12d	94	True	True	accepted_unique
ref_000245	/home/user/wangyuhan/ML-GV02-03/data/raw/t05/gvpa/GvpA_RefSeq.fasta	WP_267623160|gvpA|protein	WP_267623160|gvpA|protein	dc2b0da282a1a334132b94fa6b433ee40a84ca23e7aee931a5e7e57eca9070ad	102	True	True	accepted_unique
ref_000246	/home/user/wangyuhan/ML-GV02-03/data/raw/t05/gvpa/GvpA_RefSeq.fasta	WP_266077553|gvpA|protein	WP_266077553|gvpA|protein	eb796c25a48cdf2ca2d4dadeba00b8fcbecdd1aafff9a5f2eef1c0b32866c085	82	True	True	accepted_unique
ref_000247	/home/user/wangyuhan/ML-GV02-03/data/raw/t05/gvpa/GvpA_RefSeq.fasta	WP_266077548|gvpA|protein	WP_266077548|gvpA|protein	c0248ec199ed97e6d9eeee75158f72893fb07d4dfcefe6acbbe62039698acf97	80	True	True	accepted_unique
ref_000248	/home/user/wangyuhan/ML-GV02-03/data/raw/t05/gvpa/GvpA_RefSeq.fasta	WP_264556325|gvpA|protein	WP_264556325|gvpA|protein	4a87fc740463a61b2d05a11bcb05ac53e96820f7fa9f523dbb26076210cd1f90	109	True	True	accepted_unique
ref_000249	/home/user/wangyuhan/ML-GV02-03/data/raw/t05/gvpa/GvpA_RefSeq.fasta	WP_264182115|gvpA|protein	WP_264182115|gvpA|protein	b9de124a92fba0281b06c043a18713db03fec66b97dafd593654c7d8ee4bdae4	93	True	True	accepted_unique
ref_000250	/home/user/wangyuhan/ML-GV02-03/data/raw/t05/gvpa/GvpA_RefSeq.fasta	WP_263019417|gvpA|protein	WP_263019417|gvpA|protein	140f5823a50b88bf41c9cf8f0ecce11b98c5f03d7189a529d0efadf5d087eb18	93	True	True	accepted_unique
ref_000251	/home/user/wangyuhan/ML-GV02-03/data/raw/t05/gvpa/GvpA_RefSeq.fasta	WP_256531060|gvpA|protein	WP_256531060|gvpA|protein	461115b7000bfd74f56636de688b3e75d1a99451a35df65d49a6e139de49cbf1	96	True	True	accepted_unique
ref_000252	/home/user/wangyuhan/ML-GV02-03/data/raw/t05/gvpa/GvpA_RefSeq.fasta	WP_256394859|gvpA|protein	WP_256394859|gvpA|protein	941dc16f5af7d70127ae0c0e7203c2ef799137e2454fcbd39a483297c7446912	94	True	True	accepted_unique
ref_000253	/home/user/wangyuhan/ML-GV02-03/data/raw/t05/gvpa/GvpA_RefSeq.fasta	WP_256392402|gvpA|protein	WP_256392402|gvpA|protein	bc61cfaf37743c96bcc099f173009a97501e9412f819aabc6f95ac7091dec987	93	True	True	accepted_unique
ref_000254	/home/user/wangyuhan/ML-GV02-03/data/raw/t05/gvpa/GvpA_RefSeq.fasta	WP_255193947|gvpA|protein	WP_255193947|gvpA|protein	fa2383cbfbff83286c6190e5f9ab210e692563b8c092e007a6f07b929ad5936a	96	True	True	accepted_unique
ref_000255	/home/user/wangyuhan/ML-GV02-03/data/raw/t05/gvpa/GvpA_RefSeq.fasta	WP_255167832|gvpA|protein	WP_255167832|gvpA|protein	0ae199fc6d044a2da1351509b524fc07b4da56bff0ab0a0763d56a10601c206a	95	True	True	accepted_unique
ref_000256	/home/user/wangyuhan/ML-GV02-03/data/raw/t05/gvpa/GvpA_RefSeq.fasta	WP_254863316|gvpA|protein	WP_254863316|gvpA|protein	dca06c4ca76aafac96e935b72d0eee29c4619e4488f965d6467f9755e642ab6b	97	True	True	accepted_unique
ref_000257	/home/user/wangyuhan/ML-GV02-03/data/raw/t05/gvpa/GvpA_RefSeq.fasta	WP_254765721|gvpA|protein	WP_254765721|gvpA|protein	c7cb28cf54b6a88ff785e5323cd1bdbffa96279c0b39492eeb6a14c7568905bc	99	True	True	accepted_unique
ref_000258	/home/user/wangyuhan/ML-GV02-03/data/raw/t05/gvpa/GvpA_RefSeq.fasta	WP_254545002|gvpA|protein	WP_254545002|gvpA|protein	5577d4ac8367231fcec50f83da91db8ca882c0dc8629ac4a66b76fa0e8de5f57	93	True	True	accepted_unique
ref_000259	/home/user/wangyuhan/ML-GV02-03/data/raw/t05/gvpa/GvpA_RefSeq.fasta	WP_254535116|gvpA|protein	WP_254535116|gvpA|protein	c5a4c69d0879da5e661497a4711c5ba745137829a29919810698fe674bd10d27	97	True	True	accepted_unique
ref_000260	/home/user/wangyuhan/ML-GV02-03/data/raw/t05/gvpa/GvpA_RefSeq.fasta	WP_254532508|gvpA|protein	WP_254532508|gvpA|protein	d6e9dabc7155ae370ddb09e0bae20bdbc48caa253ce39756dca03bc4a0e50d8b	95	True	True	accepted_unique
ref_000261	/home/user/wangyuhan/ML-GV02-03/data/raw/t05/gvpa/GvpA_RefSeq.fasta	WP_254525374|gvpA|protein	WP_254525374|gvpA|protein	05a00477d12701f3890c1dd96656653d2f67adee9a1f126760ee634cb9b35334	95	True	True	accepted_unique
ref_000262	/home/user/wangyuhan/ML-GV02-03/data/raw/t05/gvpa/GvpA_RefSeq.fasta	WP_254160480|gvpA|protein	WP_254160480|gvpA|protein	75679c0d4db585656573044908e13a67effd912339ddc8eec2ed6e7a995e9417	92	True	True	accepted_unique
ref_000263	/home/user/wangyuhan/ML-GV02-03/data/raw/t05/gvpa/GvpA_RefSeq.fasta	WP_253738026|gvpA|protein	WP_253738026|gvpA|protein	2ef2790cebd0bc14e528c3f6696d3996539acc6ce896e57e9e44a6afff83563c	94	True	True	accepted_unique
ref_000264	/home/user/wangyuhan/ML-GV02-03/data/raw/t05/gvpa/GvpA_RefSeq.fasta	WP_253437521|gvpA|protein	WP_253437521|gvpA|protein	8d29ff35edf68fc809deca67c394601f9988a9628d0099af15ed1cb1d44b7a5f	95	True	True	accepted_unique
ref_000265	/home/user/wangyuhan/ML-GV02-03/data/raw/t05/gvpa/GvpA_RefSeq.fasta	WP_253430212|gvpA|protein	WP_253430212|gvpA|protein	ee10b37a92559cba1989732ac44f05e8bde57068b78b573e193360b62d897bf7	92	True	True	accepted_unique
ref_000266	/home/user/wangyuhan/ML-GV02-03/data/raw/t05/gvpa/GvpA_RefSeq.fasta	WP_252700730|gvpA|protein	WP_252700730|gvpA|protein	f49fe3672d6fdfda7cc7ec0b9a4f54af44ee8f53326ed5f3c0b281e5a61cd93b	95	True	True	accepted_unique
ref_000267	/home/user/wangyuhan/ML-GV02-03/data/raw/t05/gvpa/GvpA_RefSeq.fasta	WP_250874940|gvpA|protein	WP_250874940|gvpA|protein	53979ea823175001b77b6bbf60f4288bd1629111bcc1c87c4ca10c6e175c17e6	95	True	True	accepted_unique
ref_000268	/home/user/wangyuhan/ML-GV02-03/data/raw/t05/gvpa/GvpA_RefSeq.fasta	WP_250872509|gvpA|protein	WP_250872509|gvpA|protein	84eddb9c9ecca10afd5a775c11e3d7bab42a1aff8c6bad25b1b013a542f3bc54	99	True	True	accepted_unique
ref_000269	/home/user/wangyuhan/ML-GV02-03/data/raw/t05/gvpa/GvpA_RefSeq.fasta	WP_250139719|gvpA|protein	WP_250139719|gvpA|protein	a7791ad55c70e7fd346219c5a78230165d2e97e2e807cb98c29fac4b45d5a0de	95	True	True	accepted_unique
ref_000270	/home/user/wangyuhan/ML-GV02-03/data/raw/t05/gvpa/GvpA_RefSeq.fasta	WP_248909849|gvpA|protein	WP_248909849|gvpA|protein	b28a6bed955c267791e6d3709c242af34793b4f5066cb44d244505ac9d8b631f	109	True	True	accepted_unique
ref_000271	/home/user/wangyuhan/ML-GV02-03/data/raw/t05/gvpa/GvpA_RefSeq.fasta	WP_248905493|gvpA|protein	WP_248905493|gvpA|protein	e38f9994094842734a9646ac09c5e24019856960bca5d05986072a34d720515a	92	True	True	accepted_unique
ref_000272	/home/user/wangyuhan/ML-GV02-03/data/raw/t05/gvpa/GvpA_RefSeq.fasta	WP_247995707|gvpA|protein	WP_247995707|gvpA|protein	a7ccf9f8dd2634fb8865a974bed75f2eb951c05b029415bc1b95e882706a1adf	92	True	True	accepted_unique
ref_000273	/home/user/wangyuhan/ML-GV02-03/data/raw/t05/gvpa/GvpA_RefSeq.fasta	WP_247729007|gvpA|protein	WP_247729007|gvpA|protein	2257aec2c4abeff42ec43bfebdc376d024c4499995e46a6ba2ec53fff8ad6556	97	True	True	accepted_unique
ref_000274	/home/user/wangyuhan/ML-GV02-03/data/raw/t05/gvpa/GvpA_RefSeq.fasta	WP_247416651|gvpA|protein	WP_247416651|gvpA|protein	0a5813d34fb4f832fd7d9748d68c12fae82607f9da230322e66fab8afe74727b	95	True	True	accepted_unique
ref_000275	/home/user/wangyuhan/ML-GV02-03/data/raw/t05/gvpa/GvpA_RefSeq.fasta	WP_247001169|gvpA|protein	WP_247001169|gvpA|protein	a49cfe7d33cec22c39058e6f0aa13a93c8f0dfff7754574197d17888f1fc55ff	95	True	True	accepted_unique
ref_000276	/home/user/wangyuhan/ML-GV02-03/data/raw/t05/gvpa/GvpA_RefSeq.fasta	WP_246971313|gvpA|protein	WP_246971313|gvpA|protein	36bb407811468e3b13d90e626301deeb01927eea89c4e17ceb13648826572d8f	100	True	True	accepted_unique
ref_000277	/home/user/wangyuhan/ML-GV02-03/data/raw/t05/gvpa/GvpA_RefSeq.fasta	WP_244704578|gvpA|protein	WP_244704578|gvpA|protein	cc5d159ca664e171159faf64874edda58bcf4f93389e556aa786d789e977288a	102	True	True	accepted_unique
ref_000278	/home/user/wangyuhan/ML-GV02-03/data/raw/t05/gvpa/GvpA_RefSeq.fasta	WP_229388838|gvpA|protein	WP_229388838|gvpA|protein	7a11e816ce4f33f127ab672bd7fd1e087ce3ae422a271ad4ba9ba60d9ffcbb18	79	True	True	accepted_unique
ref_000279	/home/user/wangyuhan/ML-GV02-03/data/raw/t05/gvpa/GvpA_RefSeq.fasta	WP_227775558|gvpA|protein	WP_227775558|gvpA|protein	abe747a6a02da3a854f904f55ae2e270b0dcfdd0a91bb243b8122f76ca1b6701	86	True	True	accepted_unique
ref_000280	/home/user/wangyuhan/ML-GV02-03/data/raw/t05/gvpa/GvpA_RefSeq.fasta	WP_227380740|gvpA|protein	WP_227380740|gvpA|protein	04e4c15b93bd18832d3624d3cab0dd8efc526ba0885dbef36d4312b17746e305	84	True	True	accepted_unique
ref_000281	/home/user/wangyuhan/ML-GV02-03/data/raw/t05/gvpa/GvpA_RefSeq.fasta	WP_227373847|gvpA|protein	WP_227373847|gvpA|protein	b14fdba1c12c78ac448516578d86300dcd54343b45823a68083ccd180c8caf83	84	True	True	accepted_unique
ref_000282	/home/user/wangyuhan/ML-GV02-03/data/raw/t05/gvpa/GvpA_RefSeq.fasta	WP_227354244|gvpA|protein	WP_227354244|gvpA|protein	161cd7e3295f80b2452b83f5cd010d94c013909fe0747f2f6b00f5f4bb0eaa2c	84	True	True	accepted_unique
ref_000283	/home/user/wangyuhan/ML-GV02-03/data/raw/t05/gvpa/GvpA_RefSeq.fasta	WP_227132931|gvpA|protein	WP_227132931|gvpA|protein	27cf1e5aac6ec3dd931dff21f72095eed48d09c3f568003ed3775261bc0e6122	76	True	True	accepted_unique
ref_000284	/home/user/wangyuhan/ML-GV02-03/data/raw/t05/gvpa/GvpA_RefSeq.fasta	WP_226041793|gvpA|protein	WP_226041793|gvpA|protein	d4ba65189ba86a477cc5ef0f66429d8e911333cad147cb074025253abb37da7f	92	True	True	accepted_unique
ref_000285	/home/user/wangyuhan/ML-GV02-03/data/raw/t05/gvpa/GvpA_RefSeq.fasta	WP_226007125|gvpA|protein	WP_226007125|gvpA|protein	a9c10692b45d32f772b49ae4400b85a55c24b3655085701096adf67a6d89a507	95	True	True	accepted_unique
ref_000286	/home/user/wangyuhan/ML-GV02-03/data/raw/t05/gvpa/GvpA_RefSeq.fasta	WP_224447735|gvpA|protein	WP_224447735|gvpA|protein	c477483bf308ed286dafd66898b1afa93f47b811493f49b76b651d0d3dcb7403	87	True	True	accepted_unique
ref_000287	/home/user/wangyuhan/ML-GV02-03/data/raw/t05/gvpa/GvpA_RefSeq.fasta	WP_224332750|gvpA|protein	WP_224332750|gvpA|protein	e31d0685f6a3fa9a63fd6193f3d90958501acaa75a873ac24a4c438b68d2330c	90	True	True	accepted_unique
ref_000288	/home/user/wangyuhan/ML-GV02-03/data/raw/t05/gvpa/GvpA_RefSeq.fasta	WP_224270101|gvpA|protein	WP_224270101|gvpA|protein	0a9ee98cbcc2eabfac385b890fd7bc5f1682f6995b216b438dea5feb6bd62e2a	91	True	True	accepted_unique
ref_000289	/home/user/wangyuhan/ML-GV02-03/data/raw/t05/gvpa/GvpA_RefSeq.fasta	WP_222918710|gvpA|protein	WP_222918710|gvpA|protein	4d722634e257d2a7d1338858bded9b52176fe2d51e0d0507a808dd93b62c2a49	95	True	True	accepted_unique
ref_000290	/home/user/wangyuhan/ML-GV02-03/data/raw/t05/gvpa/GvpA_RefSeq.fasta	WP_220580832|gvpA|protein	WP_220580832|gvpA|protein	3ca11356bba8d59e0a3715bee43b09845f1c7879f899f72959aa2bcf59603f68	93	True	True	accepted_unique
ref_000291	/home/user/wangyuhan/ML-GV02-03/data/raw/t05/gvpa/GvpA_RefSeq.fasta	WP_218153787|gvpA|protein	WP_218153787|gvpA|protein	7d1d4ec0845163a487d66c420796f6482ca852eab0c9282b03fc0c125ba15dd8	88	True	True	accepted_unique
ref_000292	/home/user/wangyuhan/ML-GV02-03/data/raw/t05/gvpa/GvpA_RefSeq.fasta	WP_207587676|gvpA|protein	WP_207587676|gvpA|protein	82e4660fb87f57daff301dfe4130bc4899fa88daf9461bb210d8b33d8160ea71	95	True	True	accepted_unique
ref_000293	/home/user/wangyuhan/ML-GV02-03/data/raw/t05/gvpa/GvpA_RefSeq.fasta	WP_207289157|gvpA|protein	WP_207289157|gvpA|protein	4dc9c1477d3d6b181da7459081875eca89af9f16bfff711a31c8124578309943	95	True	True	accepted_unique
ref_000294	/home/user/wangyuhan/ML-GV02-03/data/raw/t05/gvpa/GvpA_RefSeq.fasta	WP_207288917|gvpA|protein	WP_207288917|gvpA|protein	1aef09f774a1818b7e241a497f1019c8c5004db4b09485bc075fd1124e5b6cfb	96	True	True	accepted_unique
ref_000295	/home/user/wangyuhan/ML-GV02-03/data/raw/t05/gvpa/GvpA_RefSeq.fasta	WP_207269842|gvpA|protein	WP_207269842|gvpA|protein	dbd11e06d90ad48401af88eed365b119c47a8a6791e5241aa2c7c16325b4a749	94	True	True	accepted_unique
ref_000296	/home/user/wangyuhan/ML-GV02-03/data/raw/t05/gvpa/GvpA_RefSeq.fasta	WP_207269332|gvpA|protein	WP_207269332|gvpA|protein	1ed909a554bd91f8870f86101c7b69e680247a3cd2b0fa7e2abc3f136c712172	73	True	True	accepted_unique
ref_000297	/home/user/wangyuhan/ML-GV02-03/data/raw/t05/gvpa/GvpA_RefSeq.fasta	WP_188786682|gvpA|protein	WP_188786682|gvpA|protein	ac44a557fbffad89a437e1026e0c27f6123339c61d030f455ebf334321705841	72	True	True	accepted_unique
ref_000298	/home/user/wangyuhan/ML-GV02-03/data/raw/t05/gvpa/GvpA_RefSeq.fasta	WP_181692579|gvpA|protein	WP_181692579|gvpA|protein	4d627ec7ce40cceb1d25b3a543fe91316e6bb43c760ea864dc599f514738fc0f	78	True	True	accepted_unique
ref_000299	/home/user/wangyuhan/ML-GV02-03/data/raw/t05/gvpa/GvpA_RefSeq.fasta	WP_179267280|gvpA|protein	WP_179267280|gvpA|protein	4a610b8daff21e47628899f45527e056a293252b40315ad74c35fae02520e728	85	True	True	accepted_unique
ref_000300	/home/user/wangyuhan/ML-GV02-03/data/raw/t05/gvpa/GvpA_RefSeq.fasta	WP_179259819|gvpA|protein	WP_179259819|gvpA|protein	bf5abb4d953e0d6aaa1f2b504bb07449e4a36340f9e5f7a959e4eda39973132d	95	True	True	accepted_unique
ref_000301	/home/user/wangyuhan/ML-GV02-03/data/raw/t05/gvpa/GvpA_RefSeq.fasta	WP_179171077|gvpA|protein	WP_179171077|gvpA|protein	32fcf9c5b6202c499dc1a79030b4ef28d478a9d90e34a12676f797ac6b5f169d	88	True	True	accepted_unique
ref_000302	/home/user/wangyuhan/ML-GV02-03/data/raw/t05/gvpa/GvpA_RefSeq.fasta	WP_179170132|gvpA|protein	WP_179170132|gvpA|protein	34e09ae9d7236edc844bd9d7cb469e7a24024a380d0d79604cbdba31a25abe91	85	True	True	accepted_unique
ref_000303	/home/user/wangyuhan/ML-GV02-03/data/raw/t05/gvpa/GvpA_RefSeq.fasta	WP_178335387|gvpA|protein	WP_178335387|gvpA|protein	7a647eeb22ff0d5a70c492e0cc4e2f6fa633b6f6ed86ea29d1c01f39229a5f62	97	True	True	accepted_unique
ref_000304	/home/user/wangyuhan/ML-GV02-03/data/raw/t05/gvpa/GvpA_RefSeq.fasta	WP_174678802|gvpA|protein	WP_174678802|gvpA|protein	05d62502987d9405b8afcb2a362db70fdbd68e573d229f7913ad099b24cf88c6	95	True	True	accepted_unique
ref_000305	/home/user/wangyuhan/ML-GV02-03/data/raw/t05/gvpa/GvpA_RefSeq.fasta	WP_165161358|gvpA|protein	WP_165161358|gvpA|protein	48f4fc548c0153a5775e2d82043989ed247fc9808988e192c6cac4754329cc1b	96	True	True	accepted_unique
ref_000306	/home/user/wangyuhan/ML-GV02-03/data/raw/t05/gvpa/GvpA_RefSeq.fasta	WP_162413127|gvpA|protein	WP_162413127|gvpA|protein	42d774e2b731f8e5de6ac1393aff775d6bee92ee1cc3dbf92e88a48dff3f6728	93	True	True	accepted_unique
ref_000307	/home/user/wangyuhan/ML-GV02-03/data/raw/t05/gvpa/GvpA_RefSeq.fasta	WP_160063339|gvpA|protein	WP_160063339|gvpA|protein	0077c6cbf903d0b8013785e9c2d3858815e8c0423542a065d5cdb65ad21cfb84	96	True	True	accepted_unique
ref_000308	/home/user/wangyuhan/ML-GV02-03/data/raw/t05/gvpa/GvpA_RefSeq.fasta	WP_158205683|gvpA|protein	WP_158205683|gvpA|protein	373d638b02f47e751a57c41721893eb012f9c8426d44eccf9a30d2d9afd3030c	95	True	True	accepted_unique
ref_000309	/home/user/wangyuhan/ML-GV02-03/data/raw/t05/gvpa/GvpA_RefSeq.fasta	WP_158056335|gvpA|protein	WP_158056335|gvpA|protein	873dfd59523575571c0b5a852b23c36dbfdd894fd7b15dc4d7d0328398c94192	85	True	True	accepted_unique
ref_000310	/home/user/wangyuhan/ML-GV02-03/data/raw/t05/gvpa/GvpA_RefSeq.fasta	WP_148860446|gvpA|protein	WP_148860446|gvpA|protein	3beea3bf721df3e90ae2c6d908b7aae76b4eaf09f5b646a01af8ad8019adf5be	94	True	True	accepted_unique
ref_000311	/home/user/wangyuhan/ML-GV02-03/data/raw/t05/gvpa/GvpA_RefSeq.fasta	WP_145843683|gvpA|protein	WP_145843683|gvpA|protein	cac8cf4903b24e69aca846877fc06700a4c359f2f91bccf0bc18d01efd85d458	76	True	True	accepted_unique
ref_000312	/home/user/wangyuhan/ML-GV02-03/data/raw/t05/gvpa/GvpA_RefSeq.fasta	WP_144261482|gvpA|protein	WP_144261482|gvpA|protein	2a93193629740c6b70afaf073c3de7dac6d79ebf780c22b99addd3e1a8872350	76	True	True	accepted_unique
ref_000313	/home/user/wangyuhan/ML-GV02-03/data/raw/t05/gvpa/GvpA_RefSeq.fasta	WP_141465890|gvpA|protein	WP_141465890|gvpA|protein	dc6aa26cbe06c32b68c260b69a10a159aad675ed26e13576b1dcb701f11fe265	94	True	True	accepted_unique
ref_000314	/home/user/wangyuhan/ML-GV02-03/data/raw/t05/gvpa/GvpA_RefSeq.fasta	WP_138780111|gvpA|protein	WP_138780111|gvpA|protein	bda4e304d446361a159c993095577115b3473052d3000dd181865e8db68e4361	95	True	True	accepted_unique
ref_000315	/home/user/wangyuhan/ML-GV02-03/data/raw/t05/gvpa/GvpA_RefSeq.fasta	WP_137291688|gvpA|protein	WP_137291688|gvpA|protein	7d45d6cf3df5d3d36985ffaae9b4dca4613dcc012597c5869c1497bfb7f7e173	95	True	True	accepted_unique
ref_000316	/home/user/wangyuhan/ML-GV02-03/data/raw/t05/gvpa/GvpA_RefSeq.fasta	WP_135305013|gvpA|protein	WP_135305013|gvpA|protein	200ecff40f6b83ca60f947ac373e44b4fa429130e9e83ff16612f1f26cfc3724	93	True	True	accepted_unique
ref_000317	/home/user/wangyuhan/ML-GV02-03/data/raw/t05/gvpa/GvpA_RefSeq.fasta	WP_130499831|gvpA|protein	WP_130499831|gvpA|protein	1f7ab0dfc808b4ef03c3a3a7d3b7aff271b6b8d527a1dff74c65ce73a26aa483	95	True	True	accepted_unique
ref_000318	/home/user/wangyuhan/ML-GV02-03/data/raw/t05/gvpa/GvpA_RefSeq.fasta	WP_129115144|gvpA|protein	WP_129115144|gvpA|protein	0e8669cb5fbefecf56bd1697b3d2dfc1f02ea47ac89f424acb6d55829e1f6a88	91	True	True	accepted_unique
ref_000319	/home/user/wangyuhan/ML-GV02-03/data/raw/t05/gvpa/GvpA_RefSeq.fasta	WP_129113450|gvpA|protein	WP_129113450|gvpA|protein	0e5f42f63b697d7ae2522db4cc4e4b767a2f9bc60f48d1dbe33481842d755da4	91	True	True	accepted_unique
ref_000320	/home/user/wangyuhan/ML-GV02-03/data/raw/t05/gvpa/GvpA_RefSeq.fasta	WP_124955529|gvpA|protein	WP_124955529|gvpA|protein	9fd0842a53e077dc147a850cd8d6e3deb845fe96e9ea825b3c2e830bac3b6ea8	111	True	True	accepted_unique
ref_000321	/home/user/wangyuhan/ML-GV02-03/data/raw/t05/gvpa/GvpA_RefSeq.fasta	WP_124954518|gvpA|protein	WP_124954518|gvpA|protein	819a3c6792d744ecbd3df054e47bd22e8778614360a65140831dcca62f2baa9a	92	True	True	accepted_unique
ref_000322	/home/user/wangyuhan/ML-GV02-03/data/raw/t05/gvpa/GvpA_RefSeq.fasta	WP_124194920|gvpA|protein	WP_124194920|gvpA|protein	74aacbad701be1598660e6ea3918fb6233e65fb0bdeacc530544ac385f3fcb28	95	True	True	accepted_unique
ref_000323	/home/user/wangyuhan/ML-GV02-03/data/raw/t05/gvpa/GvpA_RefSeq.fasta	WP_124177937|gvpA|protein	WP_124177937|gvpA|protein	7ee1d64f80049d71603c3af6a49d66d0c0f9785517dba1e88c751b17d25cee31	95	True	True	accepted_unique
ref_000324	/home/user/wangyuhan/ML-GV02-03/data/raw/t05/gvpa/GvpA_RefSeq.fasta	WP_121744691|gvpA|protein	WP_121744691|gvpA|protein	9ba949b2aab9e2be689813d4dd9d11381224286210801b51bf61c9dc7415dff2	95	True	True	accepted_unique
ref_000325	/home/user/wangyuhan/ML-GV02-03/data/raw/t05/gvpa/GvpA_RefSeq.fasta	WP_121744350|gvpA|protein	WP_121744350|gvpA|protein	d1b057f953bd558c0457518dff2b0d5f7603c86a6714b7248bb19e85412d7a81	95	True	True	accepted_unique
ref_000326	/home/user/wangyuhan/ML-GV02-03/data/raw/t05/gvpa/GvpA_RefSeq.fasta	WP_120074899|gvpA|protein	WP_120074899|gvpA|protein	707da4af3acf7f03536c5c37248f79250352a88e220d32a2bb8df2075eb63b07	102	True	True	accepted_unique
ref_000327	/home/user/wangyuhan/ML-GV02-03/data/raw/t05/gvpa/GvpA_RefSeq.fasta	WP_117592720|gvpA|protein	WP_117592720|gvpA|protein	3e013aaa6defa9421798fff8e354ef30a45acf5afc839e06d7c6c6c1bded1ff1	90	True	True	accepted_unique
ref_000328	/home/user/wangyuhan/ML-GV02-03/data/raw/t05/gvpa/GvpA_RefSeq.fasta	WP_117364027|gvpA|protein	WP_117364027|gvpA|protein	ccd25408209dd226eaf95c9255ff0de12c04411c57c39f04faa95f79a7841930	94	True	True	accepted_unique
ref_000329	/home/user/wangyuhan/ML-GV02-03/data/raw/t05/gvpa/GvpA_RefSeq.fasta	WP_114575686|gvpA|protein	WP_114575686|gvpA|protein	67dd37821af98e87666e5a31bf3f8cca05fbcdf425b9706e6853ca251f145d21	96	True	True	accepted_unique
ref_000330	/home/user/wangyuhan/ML-GV02-03/data/raw/t05/gvpa/GvpA_RefSeq.fasta	WP_101296553|gvpA|protein	WP_101296553|gvpA|protein	26dcc139685992f211f4708924a3a2106e0b1eedf1891ca88bb45b364bfe0ced	91	True	True	accepted_unique
ref_000331	/home/user/wangyuhan/ML-GV02-03/data/raw/t05/gvpa/GvpA_RefSeq.fasta	WP_098726914|gvpA|protein	WP_098726914|gvpA|protein	87d470267a8c16ab7df940fb92fc4a563e7753d63814e65247f4b39ca6166837	92	True	True	accepted_unique
ref_000332	/home/user/wangyuhan/ML-GV02-03/data/raw/t05/gvpa/GvpA_RefSeq.fasta	WP_097380016|gvpA|protein	WP_097380016|gvpA|protein	1eda5f35014077cd8e255895b81bcbbd3ddca329cac29a21a39478022f8aeb9d	94	True	True	accepted_unique
ref_000333	/home/user/wangyuhan/ML-GV02-03/data/raw/t05/gvpa/GvpA_RefSeq.fasta	WP_097009060|gvpA|protein	WP_097009060|gvpA|protein	b872ca2d5a2d145dce354d36d77e70eb10a08b2055989b6d954f684f6957713d	90	True	True	accepted_unique
ref_000334	/home/user/wangyuhan/ML-GV02-03/data/raw/t05/gvpa/GvpA_RefSeq.fasta	WP_095644993|gvpA|protein	WP_095644993|gvpA|protein	b3561a1e0242e2259486fe4e0fe24920cc0a6cfa37ee2d5ee0f4ab2b949738c6	76	True	True	accepted_unique
ref_000335	/home/user/wangyuhan/ML-GV02-03/data/raw/t05/gvpa/GvpA_RefSeq.fasta	WP_095644610|gvpA|protein	WP_095644610|gvpA|protein	ede685c8031e89299cf7a422150732c34db87965882e0ac21561377ae427499f	76	True	True	accepted_unique
ref_000336	/home/user/wangyuhan/ML-GV02-03/data/raw/t05/gvpa/GvpA_RefSeq.fasta	WP_094525166|gvpA|protein	WP_094525166|gvpA|protein	2c92df9e3660ae4ae496e54c73138cca30fb4548c57f0128289efe9f3f7cac36	103	True	True	accepted_unique
ref_000337	/home/user/wangyuhan/ML-GV02-03/data/raw/t05/gvpa/GvpA_RefSeq.fasta	WP_092931071|gvpA|protein	WP_092931071|gvpA|protein	d80e058d93177215aa4b827adc631f2a7322ab03a6cae75ab72c3d5738e3ecab	95	True	True	accepted_unique
ref_000338	/home/user/wangyuhan/ML-GV02-03/data/raw/t05/gvpa/GvpA_RefSeq.fasta	WP_092903619|gvpA|protein	WP_092903619|gvpA|protein	dbcea97f4e8354ba3556f158a30c55283df4e86ebf04d7cb671a0b5bc988481e	94	True	True	accepted_unique
ref_000339	/home/user/wangyuhan/ML-GV02-03/data/raw/t05/gvpa/GvpA_RefSeq.fasta	WP_090618336|gvpA|protein	WP_090618336|gvpA|protein	81de2b78d291d512c1e2b89ae8836cdb922d557f92f68910cd6dc03255675b39	92	True	True	accepted_unique
ref_000340	/home/user/wangyuhan/ML-GV02-03/data/raw/t05/gvpa/GvpA_RefSeq.fasta	WP_090613434|gvpA|protein	WP_090613434|gvpA|protein	9ca97034ea4d97950343fc033bf484179c8f92c0a6eacdd99f4c28a6aec2bc6e	94	True	True	accepted_unique
ref_000341	/home/user/wangyuhan/ML-GV02-03/data/raw/t05/gvpa/GvpA_RefSeq.fasta	WP_090506853|gvpA|protein	WP_090506853|gvpA|protein	6b2c0d4d7468a9bb7cde732e238d1ac37ecf48b7594a4e6dd060ed6a29af1d8a	94	True	True	accepted_unique
ref_000342	/home/user/wangyuhan/ML-GV02-03/data/raw/t05/gvpa/GvpA_RefSeq.fasta	WP_090381763|gvpA|protein	WP_090381763|gvpA|protein	4b58b860e36e01bdb682367fbf44812eba6dd58e4e934c378bd9d6aadce1cc6b	95	True	True	accepted_unique
ref_000343	/home/user/wangyuhan/ML-GV02-03/data/raw/t05/gvpa/GvpA_RefSeq.fasta	WP_090303974|gvpA|protein	WP_090303974|gvpA|protein	d92cb9dcfcf48b731b50931bffc59d2a1f06a3ae808fdec2f664a3f0d1d9d321	95	True	True	accepted_unique
ref_000344	/home/user/wangyuhan/ML-GV02-03/data/raw/t05/gvpa/GvpA_RefSeq.fasta	WP_090303661|gvpA|protein	WP_090303661|gvpA|protein	57d11d6b58e3b78591e1768389256cd64c1e0161e57131810a0337f1ac2169de	95	True	True	accepted_unique
ref_000345	/home/user/wangyuhan/ML-GV02-03/data/raw/t05/gvpa/GvpA_RefSeq.fasta	WP_089878752|gvpA|protein	WP_089878752|gvpA|protein	50547bc898f61f24df2523add228d653ee8b40ed98eed53b3ba22738f4493ddc	90	True	True	accepted_unique
ref_000346	/home/user/wangyuhan/ML-GV02-03/data/raw/t05/gvpa/GvpA_RefSeq.fasta	WP_089821089|gvpA|protein	WP_089821089|gvpA|protein	457c7fa4e188543254407dcd7ec0b9f4c753a7f7645e0d50bffe5dc2233d678b	104	True	True	accepted_unique
ref_000347	/home/user/wangyuhan/ML-GV02-03/data/raw/t05/gvpa/GvpA_RefSeq.fasta	WP_089805792|gvpA|protein	WP_089805792|gvpA|protein	b28d4ac8e7cffa9c025926a8e11393955e2c916c71da146164fbf842c214385e	92	True	True	accepted_unique
ref_000348	/home/user/wangyuhan/ML-GV02-03/data/raw/t05/gvpa/GvpA_RefSeq.fasta	WP_089671674|gvpA|protein	WP_089671674|gvpA|protein	d15f613fad1b42703ddc1ccbd88fa6e754ed11b30dd462f8870eb398cdaad739	94	True	True	accepted_unique
ref_000349	/home/user/wangyuhan/ML-GV02-03/data/raw/t05/gvpa/GvpA_RefSeq.fasta	WP_089386074|gvpA|protein	WP_089386074|gvpA|protein	bf0dfc6c51956e5d54f7904eabcfda2aca05adff69b9fb1a544c2635718dc258	78	True	True	accepted_unique
ref_000350	/home/user/wangyuhan/ML-GV02-03/data/raw/t05/gvpa/GvpA_RefSeq.fasta	WP_086886824|gvpA|protein	WP_086886824|gvpA|protein	86af2bea85657bdc848aca42419445b798020105b889944f0f4a23c1f143c95c	93	True	True	accepted_unique
ref_000351	/home/user/wangyuhan/ML-GV02-03/data/raw/t05/gvpa/GvpA_RefSeq.fasta	WP_076582330|gvpA|protein	WP_076582330|gvpA|protein	6681febe116459c77b18efad7fef5a7301d8814a9125f9ef8f9f141b621e879c	94	True	True	accepted_unique
ref_000352	/home/user/wangyuhan/ML-GV02-03/data/raw/t05/gvpa/GvpA_RefSeq.fasta	WP_076429430|gvpA|protein	WP_076429430|gvpA|protein	13cb78a146ca0e28f916d09fa12a36f962f1909dec115df8c0e38ff362f9dc82	94	True	True	accepted_unique
ref_000353	/home/user/wangyuhan/ML-GV02-03/data/raw/t05/gvpa/GvpA_RefSeq.fasta	WP_076144968|gvpA|protein	WP_076144968|gvpA|protein	3e6bf91c590be6684eed9926f0f0e4b54a4578f221c09d95018d5a14908398b5	94	True	True	accepted_unique
ref_000354	/home/user/wangyuhan/ML-GV02-03/data/raw/t05/gvpa/GvpA_RefSeq.fasta	WP_066384857|gvpA|protein	WP_066384857|gvpA|protein	019e8d05123166c4099d1d78d61a60881e08c412015de540a5f80e9c1fb5164f	86	True	True	accepted_unique
ref_000355	/home/user/wangyuhan/ML-GV02-03/data/raw/t05/gvpa/GvpA_RefSeq.fasta	WP_066383060|gvpA|protein	WP_066383060|gvpA|protein	a073bea82f9def955f000c075cfae3c1467d3fba0e830514cff5c09cb58f32f5	67	True	True	accepted_unique
ref_000356	/home/user/wangyuhan/ML-GV02-03/data/raw/t05/gvpa/GvpA_RefSeq.fasta	WP_066382543|gvpA|protein	WP_066382543|gvpA|protein	7bd6d00159b2d7ed0289baf8dbbc0ebb56120ef74e8b85de6d4ae75633b37760	87	True	True	accepted_unique
ref_000357	/home/user/wangyuhan/ML-GV02-03/data/raw/t05/gvpa/GvpA_RefSeq.fasta	WP_066146101|gvpA|protein	WP_066146101|gvpA|protein	fb877ea45a36f28c6227d2338b208ab1161a2a4e796a6f84a45bb7d0af97d97c	87	True	True	accepted_unique
ref_000358	/home/user/wangyuhan/ML-GV02-03/data/raw/t05/gvpa/GvpA_RefSeq.fasta	WP_058580750|gvpA|protein	WP_058580750|gvpA|protein	ebb2fb66a808274ef5cfe04707c1d81b3ad3ca9df72f30b25a365a4671a968a7	90	True	True	accepted_unique
ref_000359	/home/user/wangyuhan/ML-GV02-03/data/raw/t05/gvpa/GvpA_RefSeq.fasta	WP_054862714|gvpA|protein	WP_054862714|gvpA|protein	a8908cb0d732ddf5c6d4015b65fb6269eb16472b451882b8c89d16840fbc3e35	96	True	True	accepted_unique
ref_000360	/home/user/wangyuhan/ML-GV02-03/data/raw/t05/gvpa/GvpA_RefSeq.fasta	WP_050050395|gvpA|protein	WP_050050395|gvpA|protein	64863b5b8a6b08db9fd70b7ba62bb8445581113adc87bf956801db63e08bcc12	94	True	True	accepted_unique
ref_000361	/home/user/wangyuhan/ML-GV02-03/data/raw/t05/gvpa/GvpA_RefSeq.fasta	WP_049998656|gvpA|protein	WP_049998656|gvpA|protein	ab2292bf5276ca31007d0dc53dd8ebc55cb8125531f36f45413b763b2188dc39	102	True	True	accepted_unique
ref_000362	/home/user/wangyuhan/ML-GV02-03/data/raw/t05/gvpa/GvpA_RefSeq.fasta	WP_049998364|gvpA|protein	WP_049998364|gvpA|protein	034d9111e895aa2cb4fabb563eecf05be5b4f98a321959c457cc9a0aad52c226	104	True	True	accepted_unique
ref_000363	/home/user/wangyuhan/ML-GV02-03/data/raw/t05/gvpa/GvpA_RefSeq.fasta	WP_049997333|gvpA|protein	WP_049997333|gvpA|protein	366f2df371810fefd4a476802671222a5ca10961b020d4cf8ece4a47f03ab609	104	True	True	accepted_unique
ref_000364	/home/user/wangyuhan/ML-GV02-03/data/raw/t05/gvpa/GvpA_RefSeq.fasta	WP_049989893|gvpA|protein	WP_049989893|gvpA|protein	acb38079c01f07d0de6f29f2273ec2474d3cad1e2f80da6f6ad246155c67ee1d	95	True	True	accepted_unique
ref_000365	/home/user/wangyuhan/ML-GV02-03/data/raw/t05/gvpa/GvpA_RefSeq.fasta	WP_049970408|gvpA|protein	WP_049970408|gvpA|protein	06a18e8f389879fa735770e4aa811f6d1182d4ca43d77b59e264dea099199cab	85	True	True	accepted_unique
ref_000366	/home/user/wangyuhan/ML-GV02-03/data/raw/t05/gvpa/GvpA_RefSeq.fasta	WP_049970405|gvpA|protein	WP_049970405|gvpA|protein	07248f2d3ff700c7afcd578e9123a5c406facb5736db0e6b2924d0c06383e9d8	82	True	True	accepted_unique
ref_000367	/home/user/wangyuhan/ML-GV02-03/data/raw/t05/gvpa/GvpA_RefSeq.fasta	WP_049954064|gvpA|protein	WP_049954064|gvpA|protein	edcfcd19baadeee00eaf88cd06aa255a44d20962443de37c5e4e6f69e5726912	95	True	True	accepted_unique
ref_000368	/home/user/wangyuhan/ML-GV02-03/data/raw/t05/gvpa/GvpA_RefSeq.fasta	WP_049934428|gvpA|protein	WP_049934428|gvpA|protein	320fa412f1f1ad675d121137f62af03e9b7a5537d65ced7d2559d731d92bbefb	87	True	True	accepted_unique
ref_000369	/home/user/wangyuhan/ML-GV02-03/data/raw/t05/gvpa/GvpA_RefSeq.fasta	WP_049934333|gvpA|protein	WP_049934333|gvpA|protein	f7dbe09f7bde0afd35430a77ff43add3b256326bed36cfc07fed23d5822002be	76	True	True	accepted_unique
ref_000370	/home/user/wangyuhan/ML-GV02-03/data/raw/t05/gvpa/GvpA_RefSeq.fasta	WP_049924581|gvpA|protein	WP_049924581|gvpA|protein	c8490949e18e771ed8c8c54d9d56b4da4a1f8d86dfa0370f486346aacacdb834	94	True	True	accepted_unique
ref_000371	/home/user/wangyuhan/ML-GV02-03/data/raw/t05/gvpa/GvpA_RefSeq.fasta	WP_049920063|gvpA|protein	WP_049920063|gvpA|protein	94cdaea6b1db7bfe983fd9e26f2c34a76d5b03114834feeda1e1a352b8bbdd5a	95	True	True	accepted_unique
ref_000372	/home/user/wangyuhan/ML-GV02-03/data/raw/t05/gvpa/GvpA_RefSeq.fasta	WP_049917180|gvpA|protein	WP_049917180|gvpA|protein	478e03d6c766c60924226ea84dea052661faf07a209b53f6593e5f431ea227c3	91	True	True	accepted_unique
ref_000373	/home/user/wangyuhan/ML-GV02-03/data/raw/t05/gvpa/GvpA_RefSeq.fasta	WP_049916017|gvpA|protein	WP_049916017|gvpA|protein	36a56467f4a25638e5d817c77266a55f448d21d707b5e77c76f4f04be135e47a	102	True	True	accepted_unique
ref_000374	/home/user/wangyuhan/ML-GV02-03/data/raw/t05/gvpa/GvpA_RefSeq.fasta	WP_049898790|gvpA|protein	WP_049898790|gvpA|protein	0dbc89dc4cb8f990179544020fbefaa87d99484de6d52245136c3beb3af5cd52	112	True	True	accepted_unique
ref_000375	/home/user/wangyuhan/ML-GV02-03/data/raw/t05/gvpa/GvpA_RefSeq.fasta	WP_049889998|gvpA|protein	WP_049889998|gvpA|protein	78005b3dddedd0251b7e469f41fbcd8bf829877f05128bcc7791ccfc6e66686e	95	True	True	accepted_unique
ref_000376	/home/user/wangyuhan/ML-GV02-03/data/raw/t05/gvpa/GvpA_RefSeq.fasta	WP_048122675|gvpA|protein	WP_048122675|gvpA|protein	448d52f7c380acd653509b909b66c6ae1230252cfa74026dcde3b1a46691dd4a	76	True	True	accepted_unique
ref_000377	/home/user/wangyuhan/ML-GV02-03/data/raw/t05/gvpa/GvpA_RefSeq.fasta	WP_048122673|gvpA|protein	WP_048122673|gvpA|protein	f603a0bdb36b55f4482180fa3867f971263919a815b902f3c22fbd72cd37faeb	76	True	True	accepted_unique
ref_000378	/home/user/wangyuhan/ML-GV02-03/data/raw/t05/gvpa/GvpA_RefSeq.fasta	WP_048109058|gvpA|protein	WP_048109058|gvpA|protein	509ca7d230eacbb916e48c1f641bab8243caa81cc5f5a9887716747596ce64cb	76	True	True	accepted_unique
ref_000379	/home/user/wangyuhan/ML-GV02-03/data/raw/t05/gvpa/GvpA_RefSeq.fasta	WP_021056303|gvpA|protein	WP_021056303|gvpA|protein	3cc2cb889cfdbbcaa17bf78c8d1d3f4b5ca85aeafe19b48a7f83e9cfd59ead9f	72	True	True	accepted_unique
ref_000380	/home/user/wangyuhan/ML-GV02-03/data/raw/t05/gvpa/GvpA_RefSeq.fasta	WP_019991572|gvpA|protein	WP_019991572|gvpA|protein	b5ccff48f879b7cc34ad8f5c36b63b1a1bb528349643c9b217bca4d7298417d4	92	True	True	accepted_unique
ref_000381	/home/user/wangyuhan/ML-GV02-03/data/raw/t05/gvpa/GvpA_RefSeq.fasta	WP_015408777|gvpA|protein	WP_015408777|gvpA|protein	32d58e5d24419efe5e0e2d345df828191c6edfe2f9e053ecf19a879f70d4d31e	76	True	True	accepted_unique
ref_000382	/home/user/wangyuhan/ML-GV02-03/data/raw/t05/gvpa/GvpA_RefSeq.fasta	WP_015322023|gvpA|protein	WP_015322023|gvpA|protein	b14dbbd56a14a62380290dac535357a72a6641c6900bc8a641d3956ff85a3938	93	True	True	accepted_unique
ref_000383	/home/user/wangyuhan/ML-GV02-03/data/raw/t05/gvpa/GvpA_RefSeq.fasta	WP_013878361|gvpA|protein	WP_013878361|gvpA|protein	842bc418f0682cd2a9c8df6c49ea422dbc803155124a6846d7a60d9d83a8a90e	95	True	True	accepted_unique
ref_000384	/home/user/wangyuhan/ML-GV02-03/data/raw/t05/gvpa/GvpA_RefSeq.fasta	WP_012996341|gvpA|protein	WP_012996341|gvpA|protein	d5d6f3cedb33fb3328b601b229fc76346413f748702fa12fdf520f8cdc8519e2	95	True	True	accepted_unique
ref_000385	/home/user/wangyuhan/ML-GV02-03/data/raw/t05/gvpa/GvpA_RefSeq.fasta	WP_012944239|gvpA|protein	WP_012944239|gvpA|protein	30c8db5b2a48ec02340b2ce6c673667f0e2f4cfc8b42d7c7d20367dd7f71507f	94	True	True	accepted_unique
ref_000386	/home/user/wangyuhan/ML-GV02-03/data/raw/t05/gvpa/GvpA_RefSeq.fasta	WP_012943535|gvpA|protein	WP_012943535|gvpA|protein	69442765a7e1224b043564331c6a208751a6131dc80765ddc7035960ee05acfe	96	True	True	accepted_unique
ref_000387	/home/user/wangyuhan/ML-GV02-03/data/raw/t05/gvpa/GvpA_RefSeq.fasta	WP_011695264|gvpA|protein	WP_011695264|gvpA|protein	90e82772d308676c75568c0c440d84add6c49bafb1f3bedb28a64fca998175f4	74	True	True	accepted_unique
ref_000388	/home/user/wangyuhan/ML-GV02-03/data/raw/t05/gvpa/GvpA_RefSeq.fasta	WP_011695263|gvpA|protein	WP_011695263|gvpA|protein	8f5ca23cd23d0262e12ba17fdf7f59af0af7fbfbf872d5e03a508e72d66e5cf7	76	True	True	accepted_unique
ref_000389	/home/user/wangyuhan/ML-GV02-03/data/raw/t05/gvpa/GvpA_RefSeq.fasta	WP_011571057|gvpA|protein	WP_011571057|gvpA|protein	61a382d08777524701b3b127d54c55544b762da256e18e1289de6de3ef39b838	72	True	True	accepted_unique
ref_000390	/home/user/wangyuhan/ML-GV02-03/data/raw/t05/gvpa/GvpA_RefSeq.fasta	WP_011305365|gvpA|protein	WP_011305365|gvpA|protein	a4ce46bc0db75edd289273c61df2447a16f7eaa54328c95a55ded723eb926a9b	76	True	True	accepted_unique
ref_000391	/home/user/wangyuhan/ML-GV02-03/data/raw/t05/gvpa/GvpA_RefSeq.fasta	WP_010904108|gvpA|protein	WP_010904108|gvpA|protein	766d45336d56f5b42f24327e8017dcef111a6d0d9ef09d065ff599ed28c3610e	79	True	True	accepted_unique
ref_000392	/home/user/wangyuhan/ML-GV02-03/data/raw/t05/gvpa/GvpA_RefSeq.fasta	WP_010890519|gvpA|protein	WP_010890519|gvpA|protein	49cef355c6ba3187ae5c9104097887f71b46d34a1bb4fd051de140f31dbffc07	76	True	True	accepted_unique
ref_000393	/home/user/wangyuhan/ML-GV02-03/data/raw/t05/gvpa/GvpA_RefSeq.fasta	WP_010612514|gvpA|protein	WP_010612514|gvpA|protein	fbe5bf19f8b5fcb8a504024622d873d9b4f8c910fec29a7faa90e94923d116c4	103	True	True	accepted_unique
ref_000394	/home/user/wangyuhan/ML-GV02-03/data/raw/t05/gvpa/GvpA_RefSeq.fasta	WP_008894730|gvpA|protein	WP_008894730|gvpA|protein	1564401f2a553c4446671309877ae8049b5a83a474fb16f11935710b111eab15	96	True	True	accepted_unique
ref_000395	/home/user/wangyuhan/ML-GV02-03/data/raw/t05/gvpa/GvpA_RefSeq.fasta	WP_008893968|gvpA|protein	WP_008893968|gvpA|protein	5d40201e59780a4578e1d59e27b596d8b7ecbc64ed4cc25e82feb3008c524ad8	95	True	True	accepted_unique
ref_000396	/home/user/wangyuhan/ML-GV02-03/data/raw/t05/gvpa/GvpA_RefSeq.fasta	WP_008417043|gvpA|protein	WP_008417043|gvpA|protein	718f9add2c10ca08b4a575acf96abc0dcfd73ebbeae7c2909b168d955ffc5d3f	87	True	True	accepted_unique
ref_000397	/home/user/wangyuhan/ML-GV02-03/data/raw/t05/gvpa/GvpA_RefSeq.fasta	WP_008159420|gvpA|protein	WP_008159420|gvpA|protein	0101bc590c89813c161ae168ca4f86007d01c01c36444a15865973f349d0339a	94	True	True	accepted_unique
ref_000398	/home/user/wangyuhan/ML-GV02-03/data/raw/t05/gvpa/GvpA_RefSeq.fasta	WP_008012794|gvpA|protein	WP_008012794|gvpA|protein	c0d8f1302fa41452efbc27f0da36de9737dad5583e87b081c35fdb231d1dfb9e	95	True	True	accepted_unique
ref_000399	/home/user/wangyuhan/ML-GV02-03/data/raw/t05/gvpa/GvpA_RefSeq.fasta	WP_007982669|gvpA|protein	WP_007982669|gvpA|protein	6dc60142a293ec7c6dcbc27c09b6bd4ab18fe21e29a4c461e5c54fe81310b371	87	True	True	accepted_unique
ref_000400	/home/user/wangyuhan/ML-GV02-03/data/raw/t05/gvpa/GvpA_RefSeq.fasta	WP_007739252|gvpA|protein	WP_007739252|gvpA|protein	2f7a03239bef14f781932b4cbbdd20ea215b34ed691725f89b24eaa547c604ee	102	True	True	accepted_unique
ref_000401	/home/user/wangyuhan/ML-GV02-03/data/raw/t05/gvpa/GvpA_RefSeq.fasta	WP_007704306|gvpA|protein	WP_007704306|gvpA|protein	3d7fc725cd17cf23a73cdd2fb181a785b4c0ce2fd640f88c1f716c829b659260	97	True	True	accepted_unique
ref_000402	/home/user/wangyuhan/ML-GV02-03/data/raw/t05/gvpa/GvpA_RefSeq.fasta	WP_007260761|gvpA|protein	WP_007260761|gvpA|protein	729a9790a662e92ab3799a9b33c364191eba685ca2792cdf185ac1d3fb9631ce	96	True	True	accepted_unique
ref_000403	/home/user/wangyuhan/ML-GV02-03/data/raw/t05/gvpa/GvpA_RefSeq.fasta	WP_007109509|gvpA|protein	WP_007109509|gvpA|protein	215f48254c804f1f2876885b96f7a1981396e0fb0da219049cbad3c376111fab	94	True	True	accepted_unique
ref_000404	/home/user/wangyuhan/ML-GV02-03/data/raw/t05/gvpa/GvpA_RefSeq.fasta	WP_006432777|gvpA|protein	WP_006432777|gvpA|protein	62bc5089576517d5fad1f755bd6f0eda8ed64f4dc9ca1f0cd5ab9ed08b8ae872	93	True	True	accepted_unique
ref_000405	/home/user/wangyuhan/ML-GV02-03/data/raw/t05/gvpa/GvpA_RefSeq.fasta	WP_006184742|gvpA|protein	WP_006184742|gvpA|protein	8189ed3c9ac18707f54985fd1f832186b5ab06ffd03b98d13b6a5a880b456e0a	94	True	True	accepted_unique
ref_000406	/home/user/wangyuhan/ML-GV02-03/data/raw/t05/gvpa/GvpA_RefSeq.fasta	WP_006182094|gvpA|protein	WP_006182094|gvpA|protein	168a7720be25950ce7a56e347f224374ee278a9197375f2b7d12fea4130f8457	94	True	True	accepted_unique
ref_000407	/home/user/wangyuhan/ML-GV02-03/data/raw/t05/gvpa/GvpA_RefSeq.fasta	WP_006168082|gvpA|protein	WP_006168082|gvpA|protein	c468502803b4ab5981f1302a02b554d7384ecf63ec65dfc34a329984ff234ccc	95	True	True	accepted_unique
ref_000408	/home/user/wangyuhan/ML-GV02-03/data/raw/t05/gvpa/GvpA_RefSeq.fasta	WP_006108429|gvpA|protein	WP_006108429|gvpA|protein	d07d112598796fe30d761bb0dee53a532c60b6f2660ff50f32e5608f27b8723f	95	True	True	accepted_unique
ref_000409	/home/user/wangyuhan/ML-GV02-03/data/raw/t05/gvpa/GvpA_RefSeq.fasta	WP_006088519|gvpA|protein	WP_006088519|gvpA|protein	dad443e0412ef646de5e1ae6b2283ed6666f0e42f2690ca0f566cbd01cf47c41	95	True	True	accepted_unique
ref_000410	/home/user/wangyuhan/ML-GV02-03/data/raw/t05/gvpa/GvpA_RefSeq.fasta	WP_006076709|gvpA|protein	WP_006076709|gvpA|protein	b89284c786e1b2202da6e961528e32ed308b4796e507d5315e8056ccc2ac7ed8	110	True	True	accepted_unique
ref_000411	/home/user/wangyuhan/ML-GV02-03/data/raw/t05/gvpa/GvpA_RefSeq.fasta	WP_006056149|gvpA|protein	WP_006056149|gvpA|protein	145768217677e4dfa78ed5dde6674fe0ca135ad06080e9e3798a31edb3c3e23c	78	True	True	accepted_unique
ref_000412	/home/user/wangyuhan/ML-GV02-03/data/raw/t05/gvpa/GvpA_RefSeq.fasta	WP_005580866|gvpA|protein	WP_005580866|gvpA|protein	1f956fdbc151f2ec0ffb1f0d512e8c72eb59659a79d6fdd4047293e97fad8dda	95	True	True	accepted_unique
ref_000413	/home/user/wangyuhan/ML-GV02-03/data/raw/t05/gvpa/GvpA_RefSeq.fasta	WP_005558079|gvpA|protein	WP_005558079|gvpA|protein	00058845722df3ede42246221d3dd0d68e42ec4d53ca2d5b48576007b95adbfe	94	True	True	accepted_unique
ref_000414	/home/user/wangyuhan/ML-GV02-03/data/raw/t05/gvpa/GvpA_RefSeq.fasta	WP_005043849|gvpA|protein	WP_005043849|gvpA|protein	4983f01969b214844bb92ed36b1e236cf9d1d32f53cb2c9361b30f6210259288	110	True	True	accepted_unique
ref_000415	/home/user/wangyuhan/ML-GV02-03/data/raw/t05/gvpa/GvpA_RefSeq.fasta	WP_190432663|gvpA|protein	WP_190432663|gvpA|protein	044b97bbcc6fc75d19af1c5b8afe151ed6a3515841f784c5b7b639e655a343cd	72	True	True	accepted_unique
ref_000416	/home/user/wangyuhan/ML-GV02-03/data/raw/t05/gvpa/GvpA_RefSeq.fasta	WP_190377542|gvpA|protein	WP_190377542|gvpA|protein	0d7970548e5a353c52b0e8b1402d238f57b6b050f0a0b7636b28b3769e24464a	72	True	True	accepted_unique
ref_000417	/home/user/wangyuhan/ML-GV02-03/data/raw/t05/gvpa/GvpA_RefSeq.fasta	WP_054860102|gvpA|protein	WP_054860102|gvpA|protein	9fe918e0f2a37590ea6b48533fa54067a87fbe8d176306f0c916781b3212fd6d	87	True	True	accepted_unique
ref_000418	/home/user/wangyuhan/ML-GV02-03/data/raw/t05/gvpa/GvpA_RefSeq.fasta	WP_341471618|gvpA|protein	WP_341471618|gvpA|protein	1bf14199f279ca97cc940b885b8a0780eec9fbdfabd31100b7af7dd87ccb4885	72	True	True	accepted_unique
ref_000419	/home/user/wangyuhan/ML-GV02-03/data/raw/t05/gvpa/GvpA_RefSeq.fasta	WP_089851011|gvpA|protein	WP_089851011|gvpA|protein	a84874ccf2cf9f12a8eff022b9f61b67400be272b175425a21b81f17d3deea8e	70	True	True	accepted_unique
ref_000420	/home/user/wangyuhan/ML-GV02-03/data/raw/t05/gvpa/GvpA_RefSeq.fasta	WP_159869007|gvpA|protein	WP_159869007|gvpA|protein	2549c61eaa1c68f7925735451d0233352fadb592c390b0c9932c51733d5a24e6	86	True	True	accepted_unique
ref_000421	/home/user/wangyuhan/ML-GV02-03/data/raw/t05/gvpa/GvpA_RefSeq.fasta	WP_071272787|gvpA|protein	WP_071272787|gvpA|protein	142752963930eab74d74d4bcaff60e47ff770976c838c012b58dcaa26d2a4fea	90	True	True	accepted_unique
ref_000422	/home/user/wangyuhan/ML-GV02-03/data/raw/t05/gvpa/GvpA_RefSeq.fasta	WP_095313309|gvpA|protein	WP_095313309|gvpA|protein	9f8c36880cfb04e0cba55b432093f0aa8271cf043ffe34acc59bb9d848f90db6	91	True	True	accepted_unique
ref_000423	/home/user/wangyuhan/ML-GV02-03/data/raw/t05/gvpa/GvpA_RefSeq.fasta	WP_086756007|gvpA|protein	WP_086756007|gvpA|protein	b1857f03b52d3c765ea44605167b7ee6d0e849f9d810b2d427d6ff293c822d68	73	True	True	accepted_unique
ref_000424	/home/user/wangyuhan/ML-GV02-03/data/raw/t05/gvpa/GvpA_RefSeq.fasta	WP_211555852|gvpA|protein	WP_211555852|gvpA|protein	4138c2817c5b6dca65ea4991f26a8a58b0a6d5287da125ce6caec306e7a7834d	93	True	True	accepted_unique
ref_000425	/home/user/wangyuhan/ML-GV02-03/data/raw/t05/gvpa/GvpA_RefSeq.fasta	WP_141589788|gvpA|protein	WP_141589788|gvpA|protein	8758b934790f5784ea1bb3e8292ad80d63fd591ca944350e77de7212284d0934	74	True	True	accepted_unique
ref_000426	/home/user/wangyuhan/ML-GV02-03/data/raw/t05/gvpa/GvpA_RefSeq.fasta	WP_035412262|gvpA|protein	WP_035412262|gvpA|protein	6f2cfd5f0d50c7aee582a35496301ee7cfc650c797f9102a4b8033ef3e64c4fa	87	True	True	accepted_unique
ref_000427	/home/user/wangyuhan/ML-GV02-03/data/raw/t05/gvpa/GvpA_RefSeq.fasta	WP_034764902|gvpA|protein	WP_034764902|gvpA|protein	8991e9e4bd357d9288ea6d9ba3cd490a82edbaebd3e9af08dbef6bff864b7842	86	True	True	accepted_unique
ref_000428	/home/user/wangyuhan/ML-GV02-03/data/raw/t05/gvpa/GvpA_RefSeq.fasta	WP_301862454|gvpA|protein	WP_301862454|gvpA|protein	a4cf355a2019efa6dd79abf348a9cb7991530977cacc4b9050ec4e66250bb49b	86	True	True	accepted_unique
ref_000429	/home/user/wangyuhan/ML-GV02-03/data/raw/t05/gvpa/GvpA_RefSeq.fasta	WP_292781623|gvpA|protein	WP_292781623|gvpA|protein	9d49465af66327a747b8d94fae055fdf4e4ddc64425957ec791010c5514e900e	73	True	True	accepted_unique
ref_000430	/home/user/wangyuhan/ML-GV02-03/data/raw/t05/gvpa/GvpA_RefSeq.fasta	WP_034265327|gvpA|protein	WP_034265327|gvpA|protein	f34d4928fe982f4cb0ecf452e0985f42ef9f58486a727d3528b2d1cc7a2dba3f	86	True	True	accepted_unique
ref_000431	/home/user/wangyuhan/ML-GV02-03/data/raw/t05/gvpa/GvpA_RefSeq.fasta	WP_054464971|gvpA|protein	WP_054464971|gvpA|protein	9ec7201d98ae2ffcf07447a15a44a817abbd19328a09fa7d6c31e1d1bc8b898e	72	True	True	accepted_unique
ref_000432	/home/user/wangyuhan/ML-GV02-03/data/raw/t05/gvpa/GvpA_RefSeq.fasta	WP_009626980|gvpA|protein	WP_009626980|gvpA|protein	45ceddea54f47745a1ad9c65097c2d122a4bd298292f81068539903e0cbdd579	72	True	True	accepted_unique
ref_000433	/home/user/wangyuhan/ML-GV02-03/data/raw/t05/gvpa/GvpA_RefSeq.fasta	WP_070879557|gvpA|protein	WP_070879557|gvpA|protein	bd681cfbd78ed763b9df5c426f960ada866da90b156367c3292b56b3e72ef7d3	89	True	True	accepted_unique
ref_000434	/home/user/wangyuhan/ML-GV02-03/data/raw/t05/gvpa/GvpA_RefSeq.fasta	WP_070877683|gvpA|protein	WP_070877683|gvpA|protein	e68eef3564e74af35e4a9a9b10e8b223ea3ff4b8fc1758ad6ef917d929493e04	87	True	True	accepted_unique
ref_000435	/home/user/wangyuhan/ML-GV02-03/data/raw/t05/gvpa/GvpA_RefSeq.fasta	WP_062232702|gvpA|protein	WP_062232702|gvpA|protein	243a30af717d5651d5faa4134b52c94ba27cbaf36cee25267a21eee2dd07a50c	87	True	True	accepted_unique
ref_000436	/home/user/wangyuhan/ML-GV02-03/data/raw/t05/gvpa/GvpA_RefSeq.fasta	WP_057244326|gvpA|protein	WP_057244326|gvpA|protein	1b1d36a4acc8ad9c634280ce855361980429c335a77298c0c9f374d476b863c2	86	True	True	accepted_unique
ref_000437	/home/user/wangyuhan/ML-GV02-03/data/raw/t05/gvpa/GvpA_RefSeq.fasta	WP_032087041|gvpA|protein	WP_032087041|gvpA|protein	e0205c427b560fb5fab631d1ec5ed63cc8c0aa7c7b755485941791546cbc6805	88	True	True	accepted_unique
ref_000438	/home/user/wangyuhan/ML-GV02-03/data/raw/t05/gvpa/GvpA_RefSeq.fasta	WP_029714942|gvpA|protein	WP_029714942|gvpA|protein	21fd512873a52dc47991989d4a44dcc25431d3e22a3b8e5d29da536fa12bac79	92	True	True	accepted_unique
ref_000439	/home/user/wangyuhan/ML-GV02-03/data/raw/t05/gvpa/GvpA_RefSeq.fasta	WP_019393985|gvpA|protein	WP_019393985|gvpA|protein	c5a5f8d3e0297c749df71e201b09661efa435db12251191f1fed09764031bff7	87	True	True	accepted_unique
ref_000440	/home/user/wangyuhan/ML-GV02-03/data/raw/t05/gvpa/GvpA_RefSeq.fasta	WP_014459198|gvpA|protein	WP_014459198|gvpA|protein	62aec584cfcef3208e2bbf0b8b84eb77c80c150d76415e09c97366ed3433727b	86	True	True	accepted_unique
ref_000441	/home/user/wangyuhan/ML-GV02-03/data/raw/t05/gvpa/GvpA_RefSeq.fasta	WP_013058000|gvpA|protein	WP_013058000|gvpA|protein	626bf126ff6a42e860e1c20b32f28779f549346c7554d3694e519c08b6d8a44f	86	True	True	accepted_unique
ref_000442	/home/user/wangyuhan/ML-GV02-03/data/raw/t05/gvpa/GvpA_RefSeq.fasta	WP_013057997|gvpA|protein	WP_013057997|gvpA|protein	6eb7664db70304cf0f2ba846d31c4d016d07d8bebedb70ce52fe5ab7167e72cd	88	True	True	accepted_unique
ref_000443	/home/user/wangyuhan/ML-GV02-03/data/raw/t05/gvpa/GvpA_RefSeq.fasta	WP_013057921|gvpA|protein	WP_013057921|gvpA|protein	7c1ee34913e269628b618a114cee0c9a5db90412949ae6bff681672ba1b795b8	92	True	True	accepted_unique
ref_000444	/home/user/wangyuhan/ML-GV02-03/data/raw/t05/gvpa/GvpA_RefSeq.fasta	WP_278028173|gvpA|protein	WP_278028173|gvpA|protein	aca6770bcb5a580c4c2ac6637a904e7b633ef4df91ea3eb56d8c300998abf82c	70	True	True	accepted_unique
ref_000445	/home/user/wangyuhan/ML-GV02-03/data/raw/t05/gvpa/GvpA_RefSeq.fasta	WP_258264475|gvpA|protein	WP_258264475|gvpA|protein	8a3f5134cee921bb3c9c52886319cab5bcf48238743cad7d934892854cbdd111	86	True	True	accepted_unique
ref_000446	/home/user/wangyuhan/ML-GV02-03/data/raw/t05/gvpa/GvpA_RefSeq.fasta	WP_100366348|gvpA|protein	WP_100366348|gvpA|protein	3f956a2c7b90437404b414f68a0c290ad3faf7be1a5a024f647a75176008e10a	70	True	True	accepted_unique
ref_000447	/home/user/wangyuhan/ML-GV02-03/data/raw/t05/gvpa/GvpA_RefSeq.fasta	WP_319354971|gvpA|protein	WP_319354971|gvpA|protein	195e3e4467c2240660f2c932c17f63ea5a91241ecee4427e5dad56a814f41b3c	108	True	True	accepted_unique
ref_000448	/home/user/wangyuhan/ML-GV02-03/data/raw/t05/gvpa/GvpA_RefSeq.fasta	WP_319354943|gvpA|protein	WP_319354943|gvpA|protein	f34be8e95fff2a8624d1f28f4dd841dd297d9322c8cce48e5f486a925efd6df0	113	True	True	accepted_unique
ref_000449	/home/user/wangyuhan/ML-GV02-03/data/raw/t05/gvpa/GvpA_RefSeq.fasta	WP_073640805|gvpA|protein	WP_073640805|gvpA|protein	8aa5636b24c4e602865a552806a5f0342b48ae13c8da1912f7c694d2353dbcfe	73	True	True	accepted_unique
ref_000450	/home/user/wangyuhan/ML-GV02-03/data/raw/t05/gvpa/GvpA_RefSeq.fasta	WP_283753117|gvpA|protein	WP_283753117|gvpA|protein	f82305b37f1af32ad1a04e0eccf669dd82743a244d7785717f85da95bc6b510c	72	True	True	accepted_unique
ref_000451	/home/user/wangyuhan/ML-GV02-03/data/raw/t05/gvpa/GvpA_RefSeq.fasta	WP_193963479|gvpA|protein	WP_193963479|gvpA|protein	b145d41f03ca300fa852173eb3cdba892b1458c61bb76d2c54aaf6738abff0fb	72	True	True	accepted_unique
ref_000452	/home/user/wangyuhan/ML-GV02-03/data/raw/t05/gvpa/GvpA_RefSeq.fasta	WP_036004549|gvpA|protein	WP_036004549|gvpA|protein	44be345e568ee6f5e906d1708940c01f4f899fd301577fbe466b983faec9e1ff	72	True	True	accepted_unique
ref_000453	/home/user/wangyuhan/ML-GV02-03/data/raw/t05/gvpa/GvpA_RefSeq.fasta	WP_253707812|gvpA|protein	WP_253707812|gvpA|protein	fd5c322037d42e8f890cbb82759a0d998e5c4641f19585fd53d898e2e93c048a	72	True	True	accepted_unique
ref_000454	/home/user/wangyuhan/ML-GV02-03/data/raw/t05/gvpa/GvpA_RefSeq.fasta	WP_123176516|gvpA|protein	WP_123176516|gvpA|protein	f872efd67a56d21a6340bfb63ed39bd3859d02d8cef7923a1fc7a47592530824	72	True	True	accepted_unique
ref_000455	/home/user/wangyuhan/ML-GV02-03/data/raw/t05/gvpa/GvpA_RefSeq.fasta	WP_190643620|gvpA|protein	WP_190643620|gvpA|protein	0c568d3a5b09c7ed22406d3295924ff2d54a5753d8971e812d702ca3e9f83638	72	True	True	accepted_unique
ref_000456	/home/user/wangyuhan/ML-GV02-03/data/raw/t05/gvpa/GvpA_RefSeq.fasta	WP_068510916|gvpA|protein	WP_068510916|gvpA|protein	d71bd42b79fe4d801a018917a7a99157b39016a64db58d59d1c12c9993255219	72	True	True	accepted_unique
ref_000457	/home/user/wangyuhan/ML-GV02-03/data/raw/t05/gvpa/GvpA_RefSeq.fasta	WP_015171018|gvpA|protein	WP_015171018|gvpA|protein	e2b9c94c60da4c449a4d77e69aa77b7d21974537c85530de7782f648b2a3f592	72	True	True	accepted_unique
ref_000458	/home/user/wangyuhan/ML-GV02-03/data/raw/t05/gvpa/GvpA_RefSeq.fasta	WP_301077186|gvpA|protein	WP_301077186|gvpA|protein	dda877b0008607a0fc715bf1e261281865393b5cd3d35f1e590e3af5d6480f76	72	True	True	accepted_unique
ref_000459	/home/user/wangyuhan/ML-GV02-03/data/raw/t05/gvpa/GvpA_RefSeq.fasta	WP_290603055|gvpA|protein	WP_290603055|gvpA|protein	63f804d4a54dfefdba015fb519002e2a18c1a59eb52185176714701bf8e756f4	66	True	True	accepted_unique
ref_000460	/home/user/wangyuhan/ML-GV02-03/data/raw/t05/gvpa/GvpA_RefSeq.fasta	WP_287130436|gvpA|protein	WP_287130436|gvpA|protein	f31ef9ed0a87f1bcd7f16380f5c67a3c99ab66cda4b11e28e567896af35c10fb	72	True	True	accepted_unique
ref_000461	/home/user/wangyuhan/ML-GV02-03/data/raw/t05/gvpa/GvpA_RefSeq.fasta	WP_184385022|gvpA|protein	WP_184385022|gvpA|protein	29752096fb51cc573566c94e21ddee0921c9c57323cf37953e3e169fafe49253	70	True	True	accepted_unique
ref_000462	/home/user/wangyuhan/ML-GV02-03/data/raw/t05/gvpa/GvpA_RefSeq.fasta	WP_071272778|gvpA|protein	WP_071272778|gvpA|protein	ab18ddbecb739bae7c0a720dfd55228c92afa153cc615fda38c1f4a95b049f96	86	True	True	accepted_unique
ref_000463	/home/user/wangyuhan/ML-GV02-03/data/raw/t05/gvpa/GvpA_RefSeq.fasta	WP_191265777|gvpA|protein	WP_191265777|gvpA|protein	12c980f97c4e594a42de307ad5e2bf831d28aa2d1c3ee50ad7cc558e691838f2	74	True	True	accepted_unique
ref_000464	/home/user/wangyuhan/ML-GV02-03/data/raw/t05/gvpa/GvpA_RefSeq.fasta	WP_067726060|gvpA|protein	WP_067726060|gvpA|protein	867df19266611b1dd32b5cfc5f295c4f1197d03d3e66704596b1abb14590c684	91	True	True	accepted_unique
ref_000465	/home/user/wangyuhan/ML-GV02-03/data/raw/t05/gvpa/GvpA_RefSeq.fasta	WP_018390783|gvpA|protein	WP_018390783|gvpA|protein	a1131689eff9ccc2bc1cb9c6417b27251120988628db25efce7ae158aaecf416	70	True	True	accepted_unique
ref_000466	/home/user/wangyuhan/ML-GV02-03/data/raw/t05/gvpa/GvpA_RefSeq.fasta	WP_307394734|gvpA|protein	WP_307394734|gvpA|protein	875b3015b17030bcf076a0d5b1a999e347b40931a5afd4181a01724d96df1a26	88	True	True	accepted_unique
ref_000467	/home/user/wangyuhan/ML-GV02-03/data/raw/t05/gvpa/GvpA_RefSeq.fasta	WP_304892876|gvpA|protein	WP_304892876|gvpA|protein	18bfe7ce20a3a401355454477c1f073f04b59f469ac2d9df5f1ed69eb2d9c755	72	True	True	accepted_unique
ref_000468	/home/user/wangyuhan/ML-GV02-03/data/raw/t05/gvpa/GvpA_RefSeq.fasta	WP_304839272|gvpA|protein	WP_304839272|gvpA|protein	7f3ba3408331f0b52ea131a525ffc53c066b11342bed7104933209e9082f117d	71	True	True	accepted_unique
ref_000469	/home/user/wangyuhan/ML-GV02-03/data/raw/t05/gvpa/GvpA_RefSeq.fasta	WP_304825881|gvpA|protein	WP_304825881|gvpA|protein	4cc577e850a35b25573fdd4685c9092e5ddc258f28461dd166070db0f5864ff5	72	True	True	accepted_unique
ref_000470	/home/user/wangyuhan/ML-GV02-03/data/raw/t05/gvpa/GvpA_RefSeq.fasta	WP_268609013|gvpA|protein	WP_268609013|gvpA|protein	7192aa1b5c4b0d0cb215f2b6466c63d14778b4ab192afa70b3d3c296e8d425c1	72	True	True	accepted_unique
ref_000471	/home/user/wangyuhan/ML-GV02-03/data/raw/t05/gvpa/GvpA_RefSeq.fasta	WP_120798278|gvpA|protein	WP_120798278|gvpA|protein	a2a7b780c74df6bd950e44b846f19e8dbd13d6566314074bf2069ba9d093ab3a	72	True	True	accepted_unique
ref_000472	/home/user/wangyuhan/ML-GV02-03/data/raw/t05/gvpa/GvpA_RefSeq.fasta	WP_295540625|gvpA|protein	WP_295540625|gvpA|protein	603ba2fccd34d2e3b1429d174e372373f06492d7f3553e69d462d07c41147e20	72	True	True	accepted_unique
ref_000473	/home/user/wangyuhan/ML-GV02-03/data/raw/t05/gvpa/GvpA_RefSeq.fasta	WP_298916699|gvpA|protein	WP_298916699|gvpA|protein	40a9ee2f296e1edcfbc272724aa2827573dacc3b2079d6c96e6da9eaaff72a2c	75	True	True	accepted_unique
ref_000474	/home/user/wangyuhan/ML-GV02-03/data/raw/t05/gvpa/GvpA_RefSeq.fasta	WP_295613139|gvpA|protein	WP_295613139|gvpA|protein	ffe402200c35408734624cdf77db492d9f2756a9c6eb3dd610b96d01c197f010	62	True	True	accepted_unique
ref_000475	/home/user/wangyuhan/ML-GV02-03/data/raw/t05/gvpa/GvpA_RefSeq.fasta	WP_295606775|gvpA|protein	WP_295606775|gvpA|protein	1e293b4cbe670455f7f8a800cee3e09eec812c1e8a7734b881c6106066db3309	59	True	True	accepted_unique
ref_000476	/home/user/wangyuhan/ML-GV02-03/data/raw/t05/gvpa/GvpA_RefSeq.fasta	WP_295448790|gvpA|protein	WP_295448790|gvpA|protein	dc38a4313453d819bde4cf5c13a9015df0365250c7779284ec96a6da68c2fab4	73	True	True	accepted_unique
ref_000477	/home/user/wangyuhan/ML-GV02-03/data/raw/t05/gvpa/GvpA_RefSeq.fasta	WP_295391135|gvpA|protein	WP_295391135|gvpA|protein	c5e6ef219282f46a04ba0c1236dbe13f1f5258f89b8b8388ff9b4297e927ce07	72	True	True	accepted_unique
ref_000478	/home/user/wangyuhan/ML-GV02-03/data/raw/t05/gvpa/GvpA_RefSeq.fasta	WP_293160100|gvpA|protein	WP_293160100|gvpA|protein	193a805604225b70bf9bc1f62baee1c0a20bc1bab4c8d87149ab2e36e52f70a1	90	True	True	accepted_unique
ref_000479	/home/user/wangyuhan/ML-GV02-03/data/raw/t05/gvpa/GvpA_RefSeq.fasta	WP_293126616|gvpA|protein	WP_293126616|gvpA|protein	483476b5bde91cbf3a74f1c315847ab317de2944d9b90dd6cefb7cd4eb9d8ddc	90	True	True	accepted_unique
ref_000480	/home/user/wangyuhan/ML-GV02-03/data/raw/t05/gvpa/GvpA_RefSeq.fasta	WP_293124005|gvpA|protein	WP_293124005|gvpA|protein	fd56bd8ca14d2ea7647f290be8b1edb2369bcfca88d88fa3e71f73703a94129c	72	True	True	accepted_unique
ref_000481	/home/user/wangyuhan/ML-GV02-03/data/raw/t05/gvpa/GvpA_RefSeq.fasta	WP_293100807|gvpA|protein	WP_293100807|gvpA|protein	22ac9928a6c3fbaf8f7c8dae481ee31de9db75644aa3346d57ce80383dbdf4d6	89	True	True	accepted_unique
ref_000482	/home/user/wangyuhan/ML-GV02-03/data/raw/t05/gvpa/GvpA_RefSeq.fasta	WP_293087767|gvpA|protein	WP_293087767|gvpA|protein	f5a522a905abb21e46c2eb43460f8b92d149cceded3f2f0c651539e57cc92243	90	True	True	accepted_unique
ref_000483	/home/user/wangyuhan/ML-GV02-03/data/raw/t05/gvpa/GvpA_RefSeq.fasta	WP_293061633|gvpA|protein	WP_293061633|gvpA|protein	607f897bd5b7dd1b1fbe8a536309e7984377382c6445bb1164342f9298ee574c	90	True	True	accepted_unique
ref_000484	/home/user/wangyuhan/ML-GV02-03/data/raw/t05/gvpa/GvpA_RefSeq.fasta	WP_291003874|gvpA|protein	WP_291003874|gvpA|protein	0c143ad343586201fcf9a3504764a20810d30e8d1de52807930145512c74f4c8	69	True	True	accepted_unique
ref_000485	/home/user/wangyuhan/ML-GV02-03/data/raw/t05/gvpa/GvpA_RefSeq.fasta	WP_190553740|gvpA|protein	WP_190553740|gvpA|protein	ed971bf96974483cf1a58b8e6709b204cbc1eaef21cea873ae25620378ddb316	72	True	True	accepted_unique
ref_000486	/home/user/wangyuhan/ML-GV02-03/data/raw/t05/gvpa/GvpA_RefSeq.fasta	WP_163833110|gvpA|protein	WP_163833110|gvpA|protein	63042e294eae0d141b5c2883dc58873a4850b5a7ac4fd2bddfe220e7ceec9eab	72	True	True	accepted_unique
ref_000487	/home/user/wangyuhan/ML-GV02-03/data/raw/t05/gvpa/GvpA_RefSeq.fasta	WP_289215673|gvpA|protein	WP_289215673|gvpA|protein	b09a8337edbf59a7c5c366497f4a539d08db637110ecd96131eec6f501ce3d61	98	True	True	accepted_unique
ref_000488	/home/user/wangyuhan/ML-GV02-03/data/raw/t05/gvpa/GvpA_RefSeq.fasta	WP_287999814|gvpA|protein	WP_287999814|gvpA|protein	f23561e6e1591a764c152cb943827e18ac9929ba20aab72913f891d580b9c56c	62	True	True	accepted_unique
ref_000489	/home/user/wangyuhan/ML-GV02-03/data/raw/t05/gvpa/GvpA_RefSeq.fasta	WP_287703642|gvpA|protein	WP_287703642|gvpA|protein	2f457cd3e21794d7720477e14ef21b463dec89f8fc2edf315a7f973c9d51295a	68	True	True	accepted_unique
ref_000490	/home/user/wangyuhan/ML-GV02-03/data/raw/t05/gvpa/GvpA_RefSeq.fasta	WP_287674806|gvpA|protein	WP_287674806|gvpA|protein	66d41021d88e3bf58bdc5253af151a5177a49b38fef6d6e436acc727d44a35db	71	True	True	accepted_unique
ref_000491	/home/user/wangyuhan/ML-GV02-03/data/raw/t05/gvpa/GvpA_RefSeq.fasta	WP_287627019|gvpA|protein	WP_287627019|gvpA|protein	5601498c9a93902562dbe611c5f41da9acf56aa8cf535802ef5a687a6a3351bc	71	True	True	accepted_unique
ref_000492	/home/user/wangyuhan/ML-GV02-03/data/raw/t05/gvpa/GvpA_RefSeq.fasta	WP_288140785|gvpA|protein	WP_288140785|gvpA|protein	fff3fdcc3af814966f5bf1119daf90d2f9adae5efc6d8efd86dfdda6c1724b28	59	True	True	accepted_unique
ref_000493	/home/user/wangyuhan/ML-GV02-03/data/raw/t05/gvpa/GvpA_RefSeq.fasta	WP_287973455|gvpA|protein	WP_287973455|gvpA|protein	fa70cf643277a18d935304889b37715601a4c4d526cd2d051282507269ca3e0a	63	True	True	accepted_unique
ref_000494	/home/user/wangyuhan/ML-GV02-03/data/raw/t05/gvpa/GvpA_RefSeq.fasta	WP_287280996|gvpA|protein	WP_287280996|gvpA|protein	0ba4bde6653115be1dd4ecf31dd944288d9302b06a4eb7109abd4386bc4e28f6	72	True	True	accepted_unique
ref_000495	/home/user/wangyuhan/ML-GV02-03/data/raw/t05/gvpa/GvpA_RefSeq.fasta	WP_102414373|gvpA|protein	WP_102414373|gvpA|protein	de4f0d0b434811184abb8b052f38372135b3400cefcaf1e93db2f3dce59657e3	86	True	True	accepted_unique
ref_000496	/home/user/wangyuhan/ML-GV02-03/data/raw/t05/gvpa/GvpA_RefSeq.fasta	WP_052562317|gvpA|protein	WP_052562317|gvpA|protein	cb58ba6802b0f699eec63a9ac0dc87bf4b9d2ad2e5912e9f70a9a019ed1c42c4	72	True	True	accepted_unique
ref_000497	/home/user/wangyuhan/ML-GV02-03/data/raw/t05/gvpa/GvpA_RefSeq.fasta	WP_052562316|gvpA|protein	WP_052562316|gvpA|protein	ec1d66f4985b18dd022643b17cee09b8a11441bc394c817d409b1c43b43b7833	72	True	True	accepted_unique
ref_000498	/home/user/wangyuhan/ML-GV02-03/data/raw/t05/gvpa/GvpA_RefSeq.fasta	WP_285442166|gvpA|protein	WP_285442166|gvpA|protein	2a643259fb5c627e5a760a12d39c8bffca7b0f2759fb11752e71477163859744	65	True	True	accepted_unique
ref_000499	/home/user/wangyuhan/ML-GV02-03/data/raw/t05/gvpa/GvpA_RefSeq.fasta	WP_165053833|gvpA|protein	WP_165053833|gvpA|protein	668321baf55f7bfbdc1bee20fef9252620fb0636f55bb6ea2d0270fc58855c37	72	True	True	accepted_unique
ref_000500	/home/user/wangyuhan/ML-GV02-03/data/raw/t05/gvpa/GvpA_RefSeq.fasta	WP_277442832|gvpA|protein	WP_277442832|gvpA|protein	9adb2cc7f37ad19f8e0f5ef3b30905c0f4090471c3ec259b3fddc7492bfe73aa	70	True	True	accepted_unique
ref_000501	/home/user/wangyuhan/ML-GV02-03/data/raw/t05/gvpa/GvpA_RefSeq.fasta	WP_271944488|gvpA|protein	WP_271944488|gvpA|protein	6166ab1a17ac507a42bf2742e59eb2fe7c145df2825dd7f29f5a819b362fb620	72	True	True	accepted_unique
ref_000502	/home/user/wangyuhan/ML-GV02-03/data/raw/t05/gvpa/GvpA_RefSeq.fasta	WP_283077690|gvpA|protein	WP_283077690|gvpA|protein	39a0d637b9f5ad86efbf915ef25aeec70bdfae190f5763f82185e981d19d440d	86	True	True	accepted_unique
ref_000503	/home/user/wangyuhan/ML-GV02-03/data/raw/t05/gvpa/GvpA_RefSeq.fasta	WP_281974780|gvpA|protein	WP_281974780|gvpA|protein	646d43372f49b1be4f561d502ed08bd9b4bee0104bba22dc9998d9d831069bc5	92	True	True	accepted_unique
ref_000504	/home/user/wangyuhan/ML-GV02-03/data/raw/t05/gvpa/GvpA_RefSeq.fasta	WP_281658544|gvpA|protein	WP_281658544|gvpA|protein	6fee2e0959e28f7ad2d6a6b8e1a180ea8cf86b5d7f2e7d0625a0d9b4d1c7c3b5	96	True	True	accepted_unique
ref_000505	/home/user/wangyuhan/ML-GV02-03/data/raw/t05/gvpa/GvpA_RefSeq.fasta	WP_225064982|gvpA|protein	WP_225064982|gvpA|protein	9587ffd39bd2d85bd5ef1b9a5ae86d45dd30e6a82d024d71e35f3b6b7b313f1e	83	True	True	accepted_unique
ref_000506	/home/user/wangyuhan/ML-GV02-03/data/raw/t05/gvpa/GvpA_RefSeq.fasta	WP_097650585|gvpA|protein	WP_097650585|gvpA|protein	2708b2500f3eefced6c03a2e849c6957074512fb0f014e8343be33cf184f5066	69	True	True	accepted_unique
ref_000507	/home/user/wangyuhan/ML-GV02-03/data/raw/t05/gvpa/GvpA_RefSeq.fasta	WP_012408764|gvpA|protein	WP_012408764|gvpA|protein	307aae2a7a20a7f3cf488cb36e227a148bf49d9b924e9828e229b081cb145d9b	73	True	True	accepted_unique
ref_000508	/home/user/wangyuhan/ML-GV02-03/data/raw/t05/gvpa/GvpA_RefSeq.fasta	WP_011316976|gvpA|protein	WP_011316976|gvpA|protein	444b2346dad8b8d36df26a3c5f4c05fe76772f974e7bcd020fa19b6132e0ca44	71	True	True	accepted_unique
ref_000509	/home/user/wangyuhan/ML-GV02-03/data/raw/t05/gvpa/GvpA_RefSeq.fasta	WP_068866927|gvpA|protein	WP_068866927|gvpA|protein	d1ffe3160c1f85b8feb9318303c3242b1b3f5affb5de3b3a2fc2ab8444879755	68	True	True	accepted_unique
ref_000510	/home/user/wangyuhan/ML-GV02-03/data/raw/t05/gvpa/GvpA_RefSeq.fasta	WP_275118280|gvpA|protein	WP_275118280|gvpA|protein	ccf96d6a6ed62483f79acd8fe73ca53375ccdbff2e5eb7b13fb254638c377970	72	True	True	accepted_unique
ref_000511	/home/user/wangyuhan/ML-GV02-03/data/raw/t05/gvpa/GvpA_RefSeq.fasta	WP_275036028|gvpA|protein	WP_275036028|gvpA|protein	d1371fd7814fe8dbe69eebdaac7dc0d6ec9407eaf3a1e47a77080b7271904c05	86	True	True	accepted_unique
ref_000512	/home/user/wangyuhan/ML-GV02-03/data/raw/t05/gvpa/GvpA_RefSeq.fasta	WP_274691980|gvpA|protein	WP_274691980|gvpA|protein	e6ab93f7efc7fc3ffe18f7c1b0f81b303e89607fc39babd5044a943fc09e239c	72	True	True	accepted_unique
ref_000513	/home/user/wangyuhan/ML-GV02-03/data/raw/t05/gvpa/GvpA_RefSeq.fasta	WP_272092571|gvpA|protein	WP_272092571|gvpA|protein	2132a9e0b250f93ef0736ebabe690b8824688eaa43ca2b5f13031813d3be336a	71	True	True	accepted_unique
ref_000514	/home/user/wangyuhan/ML-GV02-03/data/raw/t05/gvpa/GvpA_RefSeq.fasta	WP_272074942|gvpA|protein	WP_272074942|gvpA|protein	9b4ea9dc72fc9d6476a60eecf72e56bd632d462e769dd90487b525a2b38d7cbc	71	True	True	accepted_unique
ref_000515	/home/user/wangyuhan/ML-GV02-03/data/raw/t05/gvpa/GvpA_RefSeq.fasta	WP_271933955|gvpA|protein	WP_271933955|gvpA|protein	2684144e3e1bc2f66f34bd3471bdb834271f9c778f2e790ef6ac290001111f5f	71	True	True	accepted_unique
ref_000516	/home/user/wangyuhan/ML-GV02-03/data/raw/t05/gvpa/GvpA_RefSeq.fasta	WP_271795298|gvpA|protein	WP_271795298|gvpA|protein	1589f15763a3b3a0bf84fa15f5e9fc045cbb657d2ccfbf4019554b877d7df49c	61	True	True	accepted_unique
ref_000517	/home/user/wangyuhan/ML-GV02-03/data/raw/t05/gvpa/GvpA_RefSeq.fasta	WP_268070118|gvpA|protein	WP_268070118|gvpA|protein	c98671ca28ab9cb8f04cae21231ffdd6c177743f85112a951dc5b7ecbdbe98d4	69	True	True	accepted_unique
ref_000518	/home/user/wangyuhan/ML-GV02-03/data/raw/t05/gvpa/GvpA_RefSeq.fasta	WP_213698146|gvpA|protein	WP_213698146|gvpA|protein	6eb103ed851a261f0454e5c7b5e46eddc554e5c21ab07bb46777bd1462e56f2c	69	True	True	accepted_unique
ref_000519	/home/user/wangyuhan/ML-GV02-03/data/raw/t05/gvpa/GvpA_RefSeq.fasta	WP_272058300|gvpA|protein	WP_272058300|gvpA|protein	1833721e1724827de2bbb52fb85e65c97bb94592de7b309d46c4c68f6e8d83e3	71	True	True	accepted_unique
ref_000520	/home/user/wangyuhan/ML-GV02-03/data/raw/t05/gvpa/GvpA_RefSeq.fasta	WP_271806167|gvpA|protein	WP_271806167|gvpA|protein	561df1cd0484632cdef61edba8ed8260b6efcc92409542cfb77187c7e22588b6	66	True	True	accepted_unique
ref_000521	/home/user/wangyuhan/ML-GV02-03/data/raw/t05/gvpa/GvpA_RefSeq.fasta	WP_265409472|gvpA|protein	WP_265409472|gvpA|protein	09f47a4c9a94b657ae7d1fd6a904d0e1860e493a6747ea8b5847a6bee1457ba9	87	True	True	accepted_unique
ref_000522	/home/user/wangyuhan/ML-GV02-03/data/raw/t05/gvpa/GvpA_RefSeq.fasta	WP_264492078|gvpA|protein	WP_264492078|gvpA|protein	399c6c7f39b6c9cf5ad57037cc9d099acc0691f6eb1695ba4f607a70ccca826c	70	True	True	accepted_unique
ref_000523	/home/user/wangyuhan/ML-GV02-03/data/raw/t05/gvpa/GvpA_RefSeq.fasta	WP_261749222|gvpA|protein	WP_261749222|gvpA|protein	70e619942db9ffc2c9b76b5fbe40eb0e3d554fa5d8f39c38d915e4afa6068257	86	True	True	accepted_unique
ref_000524	/home/user/wangyuhan/ML-GV02-03/data/raw/t05/gvpa/GvpA_RefSeq.fasta	WP_261225443|gvpA|protein	WP_261225443|gvpA|protein	150260db0a312db92173e5b899cab7b171993c4d392a3abf7694cfa5eb8eca15	75	True	True	accepted_unique
ref_000525	/home/user/wangyuhan/ML-GV02-03/data/raw/t05/gvpa/GvpA_RefSeq.fasta	WP_261131333|gvpA|protein	WP_261131333|gvpA|protein	51d4aa4718d4ddd20574d29630496ae709e65d5bca511963ce0250a9c5527def	85	True	True	accepted_unique
ref_000526	/home/user/wangyuhan/ML-GV02-03/data/raw/t05/gvpa/GvpA_RefSeq.fasta	WP_257448585|gvpA|protein	WP_257448585|gvpA|protein	261427cf6474f66e5844d86d152c1d1da25033923e42ade13bf24ba1363a06e2	100	True	True	accepted_unique
ref_000527	/home/user/wangyuhan/ML-GV02-03/data/raw/t05/gvpa/GvpA_RefSeq.fasta	WP_257347633|gvpA|protein	WP_257347633|gvpA|protein	68131976059d25a80b1964e517478d2e06e3d10065ab1c880adc94e79071562d	86	True	True	accepted_unique
ref_000528	/home/user/wangyuhan/ML-GV02-03/data/raw/t05/gvpa/GvpA_RefSeq.fasta	WP_257347630|gvpA|protein	WP_257347630|gvpA|protein	a182ae3bb53ca39deed17650eea46611759fd6620025359944037de10519f372	87	True	True	accepted_unique
ref_000529	/home/user/wangyuhan/ML-GV02-03/data/raw/t05/gvpa/GvpA_RefSeq.fasta	WP_256019813|gvpA|protein	WP_256019813|gvpA|protein	d9e7adf0f15523b79bb71f4b9e86898a470abfd3037e9de253b5b81e9e7b03c8	73	True	True	accepted_unique
ref_000530	/home/user/wangyuhan/ML-GV02-03/data/raw/t05/gvpa/GvpA_RefSeq.fasta	WP_255242257|gvpA|protein	WP_255242257|gvpA|protein	9c6b2526a0bb2c4a36c1e2117cf4711ff4b2b937b14c53f1e3da2df9ee87de56	92	True	True	accepted_unique
ref_000531	/home/user/wangyuhan/ML-GV02-03/data/raw/t05/gvpa/GvpA_RefSeq.fasta	WP_254567340|gvpA|protein	WP_254567340|gvpA|protein	f6ebacfa83a4d005159e272ad7f53fde298c79600bbb46fde8ccdfb6f03f9f61	72	True	True	accepted_unique
ref_000532	/home/user/wangyuhan/ML-GV02-03/data/raw/t05/gvpa/GvpA_RefSeq.fasta	WP_253936202|gvpA|protein	WP_253936202|gvpA|protein	b412c2b00055ebc34540bf363c839797be298e47d292a4360c0e3098d01d727a	97	True	True	accepted_unique
ref_000533	/home/user/wangyuhan/ML-GV02-03/data/raw/t05/gvpa/GvpA_RefSeq.fasta	WP_253923572|gvpA|protein	WP_253923572|gvpA|protein	c9dd3d8bb3321e485fa82b9efb3cf0cc2427f43d6df387141e74fbd90e53669e	97	True	True	accepted_unique
ref_000534	/home/user/wangyuhan/ML-GV02-03/data/raw/t05/gvpa/GvpA_RefSeq.fasta	WP_252284046|gvpA|protein	WP_252284046|gvpA|protein	cace8f7ec0f10f4823d0ae9dea12552172553751f3f14cb0f92c2a762afd5089	86	True	True	accepted_unique
ref_000535	/home/user/wangyuhan/ML-GV02-03/data/raw/t05/gvpa/GvpA_RefSeq.fasta	WP_251224769|gvpA|protein	WP_251224769|gvpA|protein	01217a4061546de4f4235a8a9191a5971150e578f09e8c10e17c47b603704344	86	True	True	accepted_unique
ref_000536	/home/user/wangyuhan/ML-GV02-03/data/raw/t05/gvpa/GvpA_RefSeq.fasta	WP_245917923|gvpA|protein	WP_245917923|gvpA|protein	8bb7f995156f78926ae79bebee56ba845afa75ef11e95b1602c60f944c886352	90	True	True	accepted_unique
ref_000537	/home/user/wangyuhan/ML-GV02-03/data/raw/t05/gvpa/GvpA_RefSeq.fasta	WP_245035174|gvpA|protein	WP_245035174|gvpA|protein	d067ede25f6c0516a95636ce1ba39bb7c9af60934aa1be5c02f93f76c57f8d13	86	True	True	accepted_unique
ref_000538	/home/user/wangyuhan/ML-GV02-03/data/raw/t05/gvpa/GvpA_RefSeq.fasta	WP_244752026|gvpA|protein	WP_244752026|gvpA|protein	09086542d4cbb738c598ac64846bcf11b99d89bf5548d9cd131ec5c41c15d981	86	True	True	accepted_unique
ref_000539	/home/user/wangyuhan/ML-GV02-03/data/raw/t05/gvpa/GvpA_RefSeq.fasta	WP_244709876|gvpA|protein	WP_244709876|gvpA|protein	b57aea053dff80c6482c73ae4d65951ad92817758d08bbac48f2486c643f6b1d	96	True	True	accepted_unique
ref_000540	/home/user/wangyuhan/ML-GV02-03/data/raw/t05/gvpa/GvpA_RefSeq.fasta	WP_238625541|gvpA|protein	WP_238625541|gvpA|protein	1c3f16a0fdc7b319cfc790d2f90570d448332245bedff19b9985cdb064da006e	72	True	True	accepted_unique
ref_000541	/home/user/wangyuhan/ML-GV02-03/data/raw/t05/gvpa/GvpA_RefSeq.fasta	WP_238618220|gvpA|protein	WP_238618220|gvpA|protein	50dda88e67458b1e7169cf63df9f4a9573847ffb6e704b8865356239023fc0a5	72	True	True	accepted_unique
ref_000542	/home/user/wangyuhan/ML-GV02-03/data/raw/t05/gvpa/GvpA_RefSeq.fasta	WP_237663390|gvpA|protein	WP_237663390|gvpA|protein	351862cb01754fd1ab98becc78f0fae74e2cef16eabbad00ce4ec4d17ea28588	88	True	True	accepted_unique
ref_000543	/home/user/wangyuhan/ML-GV02-03/data/raw/t05/gvpa/GvpA_RefSeq.fasta	WP_236332925|gvpA|protein	WP_236332925|gvpA|protein	5cb381db9359101cf272e579ba3b52053113cb020d6650cf29644e5d8e8c1024	86	True	True	accepted_unique
ref_000544	/home/user/wangyuhan/ML-GV02-03/data/raw/t05/gvpa/GvpA_RefSeq.fasta	WP_236332920|gvpA|protein	WP_236332920|gvpA|protein	4fb6b9391abe691f2baad498dcd90c96aa08fa3d5b40099b2c0cb556e59cae84	85	True	True	accepted_unique
ref_000545	/home/user/wangyuhan/ML-GV02-03/data/raw/t05/gvpa/GvpA_RefSeq.fasta	WP_235277851|gvpA|protein	WP_235277851|gvpA|protein	31320e152ba1b4cfe0c578adc3bc71faebcf564d308a23d5fe331d1623dab72a	72	True	True	accepted_unique
ref_000546	/home/user/wangyuhan/ML-GV02-03/data/raw/t05/gvpa/GvpA_RefSeq.fasta	WP_234067215|gvpA|protein	WP_234067215|gvpA|protein	8b714e1325cbfdfacd939fe7c98c8dc650c90f4f53ee18e3c84bf6021011671d	74	True	True	accepted_unique
ref_000547	/home/user/wangyuhan/ML-GV02-03/data/raw/t05/gvpa/GvpA_RefSeq.fasta	WP_231788133|gvpA|protein	WP_231788133|gvpA|protein	07bd0e36be9cf6488fb783678d2839408a08e465eeb513fd50df7c54ed244c5b	91	True	True	accepted_unique
ref_000548	/home/user/wangyuhan/ML-GV02-03/data/raw/t05/gvpa/GvpA_RefSeq.fasta	WP_230500926|gvpA|protein	WP_230500926|gvpA|protein	b5963311e20bf490cf4c5833a96b65a615bf913be133dd296a6f4fd2b9dd8aef	86	True	True	accepted_unique
ref_000549	/home/user/wangyuhan/ML-GV02-03/data/raw/t05/gvpa/GvpA_RefSeq.fasta	WP_229250374|gvpA|protein	WP_229250374|gvpA|protein	45f439ecd52873031578853dd0e7bf7349fee43600e6b3b27eacb8600dc66198	71	True	True	accepted_unique
ref_000550	/home/user/wangyuhan/ML-GV02-03/data/raw/t05/gvpa/GvpA_RefSeq.fasta	WP_227937098|gvpA|protein	WP_227937098|gvpA|protein	3ce8f60b99b21237414a17cdbbd31332ae83cf3b0bc83fe73fe3cfc226dd3814	85	True	True	accepted_unique
ref_000551	/home/user/wangyuhan/ML-GV02-03/data/raw/t05/gvpa/GvpA_RefSeq.fasta	WP_226675412|gvpA|protein	WP_226675412|gvpA|protein	9dc637e90a7070ed00fed786aa30e4b223dcf60fcb0a7a89ca12bd94a069eb83	86	True	True	accepted_unique
ref_000552	/home/user/wangyuhan/ML-GV02-03/data/raw/t05/gvpa/GvpA_RefSeq.fasta	WP_226654652|gvpA|protein	WP_226654652|gvpA|protein	e092f1bde34194b8d96952c80a1bb45bd13eab90c8f00a8c8b92bd8f8a8e89d8	87	True	True	accepted_unique
ref_000553	/home/user/wangyuhan/ML-GV02-03/data/raw/t05/gvpa/GvpA_RefSeq.fasta	WP_226592142|gvpA|protein	WP_226592142|gvpA|protein	0f2a8f05ef1200c5dc0cf698f53b0bd686af024e90db1b1c281f9a0dc10db696	97	True	True	accepted_unique
ref_000554	/home/user/wangyuhan/ML-GV02-03/data/raw/t05/gvpa/GvpA_RefSeq.fasta	WP_224880169|gvpA|protein	WP_224880169|gvpA|protein	1da09a04eab900f303396e5c38a46627db81572da7ab13c70418a763829d05ea	86	True	True	accepted_unique
ref_000555	/home/user/wangyuhan/ML-GV02-03/data/raw/t05/gvpa/GvpA_RefSeq.fasta	WP_224875779|gvpA|protein	WP_224875779|gvpA|protein	a97455c28a62de8f61f44e2f9bdf762bf4d323e39305a2188042fb29f5d0070d	86	True	True	accepted_unique
ref_000556	/home/user/wangyuhan/ML-GV02-03/data/raw/t05/gvpa/GvpA_RefSeq.fasta	WP_224341338|gvpA|protein	WP_224341338|gvpA|protein	5d6c7bd3713afa1895abe6ae329714a578b15ee9382769ce7e3f16678daedbea	72	True	True	accepted_unique
ref_000557	/home/user/wangyuhan/ML-GV02-03/data/raw/t05/gvpa/GvpA_RefSeq.fasta	WP_224249737|gvpA|protein	WP_224249737|gvpA|protein	2b57a127896613be0c567c3e6e1bd21928d29b1de9c410605a650ef834f57699	73	True	True	accepted_unique
ref_000558	/home/user/wangyuhan/ML-GV02-03/data/raw/t05/gvpa/GvpA_RefSeq.fasta	WP_223643714|gvpA|protein	WP_223643714|gvpA|protein	df27c6cb10b51229e5ef6fb5a6948eea04d4f6703b5d0e0ebc4be5ec98ddec28	74	True	True	accepted_unique
ref_000559	/home/user/wangyuhan/ML-GV02-03/data/raw/t05/gvpa/GvpA_RefSeq.fasta	WP_223587735|gvpA|protein	WP_223587735|gvpA|protein	86a1bb384f8aaccbe24ac604258d445da780447c431c6d24cc785e6ec4dc5a3f	82	True	True	accepted_unique
ref_000560	/home/user/wangyuhan/ML-GV02-03/data/raw/t05/gvpa/GvpA_RefSeq.fasta	WP_221567459|gvpA|protein	WP_221567459|gvpA|protein	edef782f11b8c7eacb3496dc87b615068b7e7be32f3550a413356d8d4de95c45	85	True	True	accepted_unique
ref_000561	/home/user/wangyuhan/ML-GV02-03/data/raw/t05/gvpa/GvpA_RefSeq.fasta	WP_220598475|gvpA|protein	WP_220598475|gvpA|protein	5fb53d83d56d48c68c10c69bbbc1d2674a8448de312e77544dac1fbb63c5f949	71	True	True	accepted_unique
ref_000562	/home/user/wangyuhan/ML-GV02-03/data/raw/t05/gvpa/GvpA_RefSeq.fasta	WP_220584226|gvpA|protein	WP_220584226|gvpA|protein	7987b4f5a99061af67e90b3643f244abbd71cc8e9a26261c2cc8f3c85f45c2c9	97	True	True	accepted_unique
ref_000563	/home/user/wangyuhan/ML-GV02-03/data/raw/t05/gvpa/GvpA_RefSeq.fasta	WP_216830687|gvpA|protein	WP_216830687|gvpA|protein	da651a0a7b69341f23f4d46ee3c805e350ea3d98b94f0f4fe8704ffafe281576	80	True	True	accepted_unique
ref_000564	/home/user/wangyuhan/ML-GV02-03/data/raw/t05/gvpa/GvpA_RefSeq.fasta	WP_216144691|gvpA|protein	WP_216144691|gvpA|protein	033157a4d26d86912677f3bbdc709764136df52b7907318179702c277c3c7f0c	86	True	True	accepted_unique
ref_000565	/home/user/wangyuhan/ML-GV02-03/data/raw/t05/gvpa/GvpA_RefSeq.fasta	WP_215831984|gvpA|protein	WP_215831984|gvpA|protein	5d4bc3951377fd2faff773917b35ede7c69196d80c3091cc385118c158454d40	86	True	True	accepted_unique
ref_000566	/home/user/wangyuhan/ML-GV02-03/data/raw/t05/gvpa/GvpA_RefSeq.fasta	WP_215831982|gvpA|protein	WP_215831982|gvpA|protein	70e926d855b20edca8f9daf9928c0910d108d16747c667ab648201801f4d6619	78	True	True	accepted_unique
ref_000567	/home/user/wangyuhan/ML-GV02-03/data/raw/t05/gvpa/GvpA_RefSeq.fasta	WP_215828571|gvpA|protein	WP_215828571|gvpA|protein	483bbff4b0b9b4108f6d432539f113f875d38f69375f16bf995878485774a420	86	True	True	accepted_unique
ref_000568	/home/user/wangyuhan/ML-GV02-03/data/raw/t05/gvpa/GvpA_RefSeq.fasta	WP_212604240|gvpA|protein	WP_212604240|gvpA|protein	8cc5c88d15faa4d4098f2e0e279a8fb35cdc96628acfb409d13655dbc284d226	86	True	True	accepted_unique
ref_000569	/home/user/wangyuhan/ML-GV02-03/data/raw/t05/gvpa/GvpA_RefSeq.fasta	WP_211560237|gvpA|protein	WP_211560237|gvpA|protein	1ae061b1db7a06cf0b365f4c7845053dda9b7ebb45e9377289bb0f188f49bd40	87	True	True	accepted_unique
ref_000570	/home/user/wangyuhan/ML-GV02-03/data/raw/t05/gvpa/GvpA_RefSeq.fasta	WP_211077784|gvpA|protein	WP_211077784|gvpA|protein	2e924180e7ec30a6674687b1fffadb3985fab4556a88fa6d0d47da09af19a742	88	True	True	accepted_unique
ref_000571	/home/user/wangyuhan/ML-GV02-03/data/raw/t05/gvpa/GvpA_RefSeq.fasta	WP_208733210|gvpA|protein	WP_208733210|gvpA|protein	70501e44d62eb76e66ddc809eae55ad4d35f7427a66686c78618db14d874a65f	86	True	True	accepted_unique
ref_000572	/home/user/wangyuhan/ML-GV02-03/data/raw/t05/gvpa/GvpA_RefSeq.fasta	WP_207648199|gvpA|protein	WP_207648199|gvpA|protein	aef0e900ff08f50b51050dde6bb5f7243d00e9254cf676e0689045da47b7d7a4	75	True	True	accepted_unique
ref_000573	/home/user/wangyuhan/ML-GV02-03/data/raw/t05/gvpa/GvpA_RefSeq.fasta	WP_207545114|gvpA|protein	WP_207545114|gvpA|protein	31bb770684ff35b24094bfab3a08efbea4548bf6fc3804405eea072a78fca361	74	True	True	accepted_unique
ref_000574	/home/user/wangyuhan/ML-GV02-03/data/raw/t05/gvpa/GvpA_RefSeq.fasta	WP_206933396|gvpA|protein	WP_206933396|gvpA|protein	fe8e5bed782f7960b0cae5e61ebb67463773e8c2867325b46d0723d6a1d0c490	96	True	True	accepted_unique
ref_000575	/home/user/wangyuhan/ML-GV02-03/data/raw/t05/gvpa/GvpA_RefSeq.fasta	WP_205090101|gvpA|protein	WP_205090101|gvpA|protein	dec5fa293ad4eeaffa6f9b9b68a2b16f1c63a3ac47b7654fe352ecb185f5881e	98	True	True	accepted_unique
ref_000576	/home/user/wangyuhan/ML-GV02-03/data/raw/t05/gvpa/GvpA_RefSeq.fasta	WP_204729210|gvpA|protein	WP_204729210|gvpA|protein	8031a3a05037a74c25189ebe17b41b130b1bdecfaa05fecf04841ffed5b7d94e	88	True	True	accepted_unique
ref_000577	/home/user/wangyuhan/ML-GV02-03/data/raw/t05/gvpa/GvpA_RefSeq.fasta	WP_204220980|gvpA|protein	WP_204220980|gvpA|protein	e9a0f84c227e1492bb8380eeeef1129aebadd60aed45ef4d8da47525c8e99431	100	True	True	accepted_unique
ref_000578	/home/user/wangyuhan/ML-GV02-03/data/raw/t05/gvpa/GvpA_RefSeq.fasta	WP_204152466|gvpA|protein	WP_204152466|gvpA|protein	81e16e28c5b6ae6c687edf26d1131e81f064e78832c4adcc34b641fd643a0d3a	71	True	True	accepted_unique
ref_000579	/home/user/wangyuhan/ML-GV02-03/data/raw/t05/gvpa/GvpA_RefSeq.fasta	WP_202218625|gvpA|protein	WP_202218625|gvpA|protein	a2748151d0c02d5ee64cb337c18e79efd81482960c596f5e4f6e074f4c03cabf	90	True	True	accepted_unique
ref_000580	/home/user/wangyuhan/ML-GV02-03/data/raw/t05/gvpa/GvpA_RefSeq.fasta	WP_201714563|gvpA|protein	WP_201714563|gvpA|protein	13b468f1d3a3dbb11fa2839385568126ace3d38387010fd7e6b08a6259d94000	86	True	True	accepted_unique
ref_000581	/home/user/wangyuhan/ML-GV02-03/data/raw/t05/gvpa/GvpA_RefSeq.fasta	WP_201392536|gvpA|protein	WP_201392536|gvpA|protein	d4535c05655d38b6793226a1d23a25c56906808389ddcfab5e4bfda317918e57	71	True	True	accepted_unique
ref_000582	/home/user/wangyuhan/ML-GV02-03/data/raw/t05/gvpa/GvpA_RefSeq.fasta	WP_201375104|gvpA|protein	WP_201375104|gvpA|protein	dd1c249d0891ddb7284f0f9c047e5891ce47556dd767e6235b9e039efc5e7d8f	71	True	True	accepted_unique
ref_000583	/home/user/wangyuhan/ML-GV02-03/data/raw/t05/gvpa/GvpA_RefSeq.fasta	WP_201320714|gvpA|protein	WP_201320714|gvpA|protein	90d11bccd2cb7147c1fee47f2b0f358a197ba3bdfa1c9c5d2188fb199722c527	75	True	True	accepted_unique
ref_000584	/home/user/wangyuhan/ML-GV02-03/data/raw/t05/gvpa/GvpA_RefSeq.fasta	WP_200989004|gvpA|protein	WP_200989004|gvpA|protein	96074fbc1c013ecec913fd6d727f8fb9ce191eaf5c13455284d6261afb06de81	71	True	True	accepted_unique
ref_000585	/home/user/wangyuhan/ML-GV02-03/data/raw/t05/gvpa/GvpA_RefSeq.fasta	WP_200348319|gvpA|protein	WP_200348319|gvpA|protein	42c893463fb64a324e0329fe17ac8680ed28500bc84d8ca81fd4e667fa6627e9	72	True	True	accepted_unique
ref_000586	/home/user/wangyuhan/ML-GV02-03/data/raw/t05/gvpa/GvpA_RefSeq.fasta	WP_200245878|gvpA|protein	WP_200245878|gvpA|protein	b210eed1ce4ece76342b0d73984857ae46c94c81715fcf6e4aeb612f57a90326	72	True	True	accepted_unique
ref_000587	/home/user/wangyuhan/ML-GV02-03/data/raw/t05/gvpa/GvpA_RefSeq.fasta	WP_197992829|gvpA|protein	WP_197992829|gvpA|protein	2d95495542132d4c6c5b10419e4dcfa8c4f2ecd30e7d29a132528f7090062773	60	True	True	accepted_unique
ref_000588	/home/user/wangyuhan/ML-GV02-03/data/raw/t05/gvpa/GvpA_RefSeq.fasta	WP_195782633|gvpA|protein	WP_195782633|gvpA|protein	68d62db14d5f1911f6ac8ff9bb45e58ec4dd1943686990174f214a41d639ffa7	92	True	True	accepted_unique
ref_000589	/home/user/wangyuhan/ML-GV02-03/data/raw/t05/gvpa/GvpA_RefSeq.fasta	WP_195782579|gvpA|protein	WP_195782579|gvpA|protein	d2440e6d37d33df171fe01f57e543b1b8dee111fd57f9374a4bd9c967cc46d30	86	True	True	accepted_unique
ref_000590	/home/user/wangyuhan/ML-GV02-03/data/raw/t05/gvpa/GvpA_RefSeq.fasta	WP_194218447|gvpA|protein	WP_194218447|gvpA|protein	b454aacc4a69df8c17a0ae023415ccd95ef9280551de8885b41dd5cdd0974814	86	True	True	accepted_unique
ref_000591	/home/user/wangyuhan/ML-GV02-03/data/raw/t05/gvpa/GvpA_RefSeq.fasta	WP_194056178|gvpA|protein	WP_194056178|gvpA|protein	ec09e260540587684c1e3d9fe9e3637bb1adc3247e4a9067aa55daa390cc3d04	71	True	True	accepted_unique
ref_000592	/home/user/wangyuhan/ML-GV02-03/data/raw/t05/gvpa/GvpA_RefSeq.fasta	WP_194056176|gvpA|protein	WP_194056176|gvpA|protein	25fcb1b7b6c3c6f6f29d297ffe5e8ee45369c0012ecf179b3592855f1435475b	68	True	True	accepted_unique
ref_000593	/home/user/wangyuhan/ML-GV02-03/data/raw/t05/gvpa/GvpA_RefSeq.fasta	WP_193959329|gvpA|protein	WP_193959329|gvpA|protein	ac3fec2dc9e749e499b3e4a092b2209cd258b594be45b2722243983cf6668fdb	71	True	True	accepted_unique
ref_000594	/home/user/wangyuhan/ML-GV02-03/data/raw/t05/gvpa/GvpA_RefSeq.fasta	WP_193955741|gvpA|protein	WP_193955741|gvpA|protein	a99ea42aba6e85ef549b7d8e416359a466d46ce659926a89bdc4ab5ad66466dd	71	True	True	accepted_unique
ref_000595	/home/user/wangyuhan/ML-GV02-03/data/raw/t05/gvpa/GvpA_RefSeq.fasta	WP_193897365|gvpA|protein	WP_193897365|gvpA|protein	f3ffcf9688b666fefb41b15728857b3a6e39c845812a4c51303b911c0e97691c	71	True	True	accepted_unique
ref_000596	/home/user/wangyuhan/ML-GV02-03/data/raw/t05/gvpa/GvpA_RefSeq.fasta	WP_193875962|gvpA|protein	WP_193875962|gvpA|protein	69d5fc3c411ad66493e683f263ee3611aa1ce48ec7ae2bab25d8c7bd382557f5	72	True	True	accepted_unique
ref_000597	/home/user/wangyuhan/ML-GV02-03/data/raw/t05/gvpa/GvpA_RefSeq.fasta	WP_193725987|gvpA|protein	WP_193725987|gvpA|protein	3256fc90422610c7f8cc0a145238e190ca06dd23a58996a7b90a413e590e2e97	74	True	True	accepted_unique
ref_000598	/home/user/wangyuhan/ML-GV02-03/data/raw/t05/gvpa/GvpA_RefSeq.fasta	WP_193422258|gvpA|protein	WP_193422258|gvpA|protein	41c81011f9e8389dd829259c7b6bcd460f706545f4fe7fa745aa5fb59e250d56	86	True	True	accepted_unique
ref_000599	/home/user/wangyuhan/ML-GV02-03/data/raw/t05/gvpa/GvpA_RefSeq.fasta	WP_191157535|gvpA|protein	WP_191157535|gvpA|protein	fd9a2791aaca81c0c6ef24e2cab39f1a5d6e705c33b05238f2712e5de5243b2f	86	True	True	accepted_unique
ref_000600	/home/user/wangyuhan/ML-GV02-03/data/raw/t05/gvpa/GvpA_RefSeq.fasta	WP_190828481|gvpA|protein	WP_190828481|gvpA|protein	147b949dc21dd0206855041420faca8e32520d15d14330d7bc86cf6d33d5f357	72	True	True	accepted_unique
ref_000601	/home/user/wangyuhan/ML-GV02-03/data/raw/t05/gvpa/GvpA_RefSeq.fasta	WP_190804824|gvpA|protein	WP_190804824|gvpA|protein	d6412c6847666b43092f09700057b7028e8a6ce267e669cf08a36f2c9b317164	72	True	True	accepted_unique
ref_000602	/home/user/wangyuhan/ML-GV02-03/data/raw/t05/gvpa/GvpA_RefSeq.fasta	WP_190775818|gvpA|protein	WP_190775818|gvpA|protein	a742950a1415bf5dc5826e948cd1ca2bce0b191f6b93af6d7679f7196e44033c	72	True	True	accepted_unique
ref_000603	/home/user/wangyuhan/ML-GV02-03/data/raw/t05/gvpa/GvpA_RefSeq.fasta	WP_190774558|gvpA|protein	WP_190774558|gvpA|protein	ac6b927c7781d88d481326c81640d4117b05bd63e1bc06fccae7cb04a5d8f13c	72	True	True	accepted_unique
ref_000604	/home/user/wangyuhan/ML-GV02-03/data/raw/t05/gvpa/GvpA_RefSeq.fasta	WP_190627385|gvpA|protein	WP_190627385|gvpA|protein	41e20b6f7b2c95cf431aa42cc4d8174ac8d4e3e222df57046d9cb5654f2f63c6	72	True	True	accepted_unique
ref_000605	/home/user/wangyuhan/ML-GV02-03/data/raw/t05/gvpa/GvpA_RefSeq.fasta	WP_190503885|gvpA|protein	WP_190503885|gvpA|protein	af304bea340b7ec20d1ebeedba7a97b6fb9a4988341d22c278d967bbeea464ab	72	True	True	accepted_unique
ref_000606	/home/user/wangyuhan/ML-GV02-03/data/raw/t05/gvpa/GvpA_RefSeq.fasta	WP_190483017|gvpA|protein	WP_190483017|gvpA|protein	d4359a01f2d63626acd85ed3599deb77a66e4425fc81900bae59e0664858541b	72	True	True	accepted_unique
ref_000607	/home/user/wangyuhan/ML-GV02-03/data/raw/t05/gvpa/GvpA_RefSeq.fasta	WP_190387978|gvpA|protein	WP_190387978|gvpA|protein	1593c2fcfad25e37eeb44401e0a9eb7a01d85e8743bf7bffe2f10465f9841503	71	True	True	accepted_unique
ref_000608	/home/user/wangyuhan/ML-GV02-03/data/raw/t05/gvpa/GvpA_RefSeq.fasta	WP_188484346|gvpA|protein	WP_188484346|gvpA|protein	dcefec45b0e834bbd1136c1bbb8b0429271afa94f2d470875d28280221668c7d	76	True	True	accepted_unique
ref_000609	/home/user/wangyuhan/ML-GV02-03/data/raw/t05/gvpa/GvpA_RefSeq.fasta	WP_188376898|gvpA|protein	WP_188376898|gvpA|protein	51eefbe258bc538937c4fe739b0119b2771961736afbd2f153652889eb0743f4	97	True	True	accepted_unique
ref_000610	/home/user/wangyuhan/ML-GV02-03/data/raw/t05/gvpa/GvpA_RefSeq.fasta	WP_183851985|gvpA|protein	WP_183851985|gvpA|protein	ffde9c8a0aa4cd762cfdac8019aa7ff22a264d2536d40a17ae6ed8124c75dfc6	70	True	True	accepted_unique
ref_000611	/home/user/wangyuhan/ML-GV02-03/data/raw/t05/gvpa/GvpA_RefSeq.fasta	WP_182005034|gvpA|protein	WP_182005034|gvpA|protein	e7817d8ef39a8df0fcfde6f2281f94ef0d214cbe50dd040a7bffeef7741c2c48	92	True	True	accepted_unique
ref_000612	/home/user/wangyuhan/ML-GV02-03/data/raw/t05/gvpa/GvpA_RefSeq.fasta	WP_181347943|gvpA|protein	WP_181347943|gvpA|protein	c740155726ca8561a0237b2904e5ad28e95620f8bdb7251f4152bf37a2d904ac	91	True	True	accepted_unique
ref_000613	/home/user/wangyuhan/ML-GV02-03/data/raw/t05/gvpa/GvpA_RefSeq.fasta	WP_176235518|gvpA|protein	WP_176235518|gvpA|protein	8e2e16185848c52bf74f0b2ae60f4b5a57547e238cf8fdb907e2f0056555b7e4	68	True	True	accepted_unique
ref_000614	/home/user/wangyuhan/ML-GV02-03/data/raw/t05/gvpa/GvpA_RefSeq.fasta	WP_176226614|gvpA|protein	WP_176226614|gvpA|protein	28fa7b3d2875a180443b1cbb62a5fdb104fc20c017c17f0b1d42ba1f0796363c	68	True	True	accepted_unique
ref_000615	/home/user/wangyuhan/ML-GV02-03/data/raw/t05/gvpa/GvpA_RefSeq.fasta	WP_175989907|gvpA|protein	WP_175989907|gvpA|protein	ca9d4013ee99a3222d426fc8ffbd7bf9bbebf316132153900a4314185543d6dd	86	True	True	accepted_unique
ref_000616	/home/user/wangyuhan/ML-GV02-03/data/raw/t05/gvpa/GvpA_RefSeq.fasta	WP_173918086|gvpA|protein	WP_173918086|gvpA|protein	d7a9007355adf4811ce9527f12867b4c5e1906f6bbc68b19607ff08cc3491071	99	True	True	accepted_unique
ref_000617	/home/user/wangyuhan/ML-GV02-03/data/raw/t05/gvpa/GvpA_RefSeq.fasta	WP_172370385|gvpA|protein	WP_172370385|gvpA|protein	2ea4868f939df14228bd1942b33d1d965c02fddbd819aa6644466da282657191	86	True	True	accepted_unique
ref_000618	/home/user/wangyuhan/ML-GV02-03/data/raw/t05/gvpa/GvpA_RefSeq.fasta	WP_172253945|gvpA|protein	WP_172253945|gvpA|protein	3dd127a0efcf9a5457c8aab8bd64b72b607763502880671c1eddc2683defaedd	86	True	True	accepted_unique
ref_000619	/home/user/wangyuhan/ML-GV02-03/data/raw/t05/gvpa/GvpA_RefSeq.fasta	WP_171572203|gvpA|protein	WP_171572203|gvpA|protein	0cf4b83878ac8a432a8cb15ea998c13ea262e62c0c024b2ffd0c14ed460d91d8	72	True	True	accepted_unique
ref_000620	/home/user/wangyuhan/ML-GV02-03/data/raw/t05/gvpa/GvpA_RefSeq.fasta	WP_171164264|gvpA|protein	WP_171164264|gvpA|protein	5e9a9badd5481f93deb7077f6262099b305712bb8747404b439a37454ec9d8f1	115	True	True	accepted_unique
ref_000621	/home/user/wangyuhan/ML-GV02-03/data/raw/t05/gvpa/GvpA_RefSeq.fasta	WP_169617606|gvpA|protein	WP_169617606|gvpA|protein	b5cc1b368bdd05e5035ffa80dd3cdf0f70b0d08a532c611ec882c9de48229c39	72	True	True	accepted_unique
ref_000622	/home/user/wangyuhan/ML-GV02-03/data/raw/t05/gvpa/GvpA_RefSeq.fasta	WP_169565185|gvpA|protein	WP_169565185|gvpA|protein	f3c68da8dba27ecffeaa1845c5c3adb9482736051e5c46cf94a53e40a70dc08c	72	True	True	accepted_unique
ref_000623	/home/user/wangyuhan/ML-GV02-03/data/raw/t05/gvpa/GvpA_RefSeq.fasta	WP_169262979|gvpA|protein	WP_169262979|gvpA|protein	c43002c4a19c5a35a8b029e2fc1dc44ebe1378e0488626adc1d42d6497ce119e	72	True	True	accepted_unique
ref_000624	/home/user/wangyuhan/ML-GV02-03/data/raw/t05/gvpa/GvpA_RefSeq.fasta	WP_168922290|gvpA|protein	WP_168922290|gvpA|protein	06e368ceaac5aa0f9edcd6c79dcd38e4db1343f1c85fb2646dff9f2875372bb5	72	True	True	accepted_unique
ref_000625	/home/user/wangyuhan/ML-GV02-03/data/raw/t05/gvpa/GvpA_RefSeq.fasta	WP_168654214|gvpA|protein	WP_168654214|gvpA|protein	bcfea43f3a708c18a0255413c67243da1bbfa1308b55ba40d2e7ee380888f5b3	70	True	True	accepted_unique
ref_000626	/home/user/wangyuhan/ML-GV02-03/data/raw/t05/gvpa/GvpA_RefSeq.fasta	WP_168569945|gvpA|protein	WP_168569945|gvpA|protein	4274eb9d5d32732dadc50cd4a62ee261fc2f41131c032bb6a31e27426acfe9a3	72	True	True	accepted_unique
ref_000627	/home/user/wangyuhan/ML-GV02-03/data/raw/t05/gvpa/GvpA_RefSeq.fasta	WP_166344573|gvpA|protein	WP_166344573|gvpA|protein	e97c470cdf39521e7d2b091140cac61277ad74e9c82ab70ce043eaa534b0e777	74	True	True	accepted_unique
ref_000628	/home/user/wangyuhan/ML-GV02-03/data/raw/t05/gvpa/GvpA_RefSeq.fasta	WP_166030104|gvpA|protein	WP_166030104|gvpA|protein	88ee73fdf0fc427edc719994808470adface4fcba624e7ef2ff2a7cf2013ac58	86	True	True	accepted_unique
ref_000629	/home/user/wangyuhan/ML-GV02-03/data/raw/t05/gvpa/GvpA_RefSeq.fasta	WP_166030101|gvpA|protein	WP_166030101|gvpA|protein	44075425e280f91869f7741a7bc28162c3513fbe4286c8c31cfabf4b92f3c471	86	True	True	accepted_unique
ref_000630	/home/user/wangyuhan/ML-GV02-03/data/raw/t05/gvpa/GvpA_RefSeq.fasta	WP_165227581|gvpA|protein	WP_165227581|gvpA|protein	2bfd989de859f7b78cc5cdafcbb82e88bba0cc02858c6702a1b7a3cbc8b48a48	72	True	True	accepted_unique
ref_000631	/home/user/wangyuhan/ML-GV02-03/data/raw/t05/gvpa/GvpA_RefSeq.fasta	WP_163931998|gvpA|protein	WP_163931998|gvpA|protein	f582579e03d4f33745710ec08dc14dd03fd5d94e2537499212a7d56fb6dbe395	73	True	True	accepted_unique
ref_000632	/home/user/wangyuhan/ML-GV02-03/data/raw/t05/gvpa/GvpA_RefSeq.fasta	WP_163836694|gvpA|protein	WP_163836694|gvpA|protein	bf89f43284d2a11b93029904c571f0b75c5c61115d2e3f97cd9453172f114e44	78	True	True	accepted_unique
ref_000633	/home/user/wangyuhan/ML-GV02-03/data/raw/t05/gvpa/GvpA_RefSeq.fasta	WP_163529014|gvpA|protein	WP_163529014|gvpA|protein	a724b9a2188c92ae4680c6021e8175febfd068e3e1a36a1e8d79b9987fb1f7ef	86	True	True	accepted_unique
ref_000634	/home/user/wangyuhan/ML-GV02-03/data/raw/t05/gvpa/GvpA_RefSeq.fasta	WP_162425313|gvpA|protein	WP_162425313|gvpA|protein	0d33e01c516b8fa75a9bae2c289330a2df1ff698409077a81508e2a1b774b408	72	True	True	accepted_unique
ref_000635	/home/user/wangyuhan/ML-GV02-03/data/raw/t05/gvpa/GvpA_RefSeq.fasta	WP_160838115|gvpA|protein	WP_160838115|gvpA|protein	a93e3ba867fc0e432d17b97613e9dae64c4928702c27a2a4ab768499b29c6b65	96	True	True	accepted_unique
ref_000636	/home/user/wangyuhan/ML-GV02-03/data/raw/t05/gvpa/GvpA_RefSeq.fasta	WP_160763777|gvpA|protein	WP_160763777|gvpA|protein	08ca607a70bf3998101a9512eb52b57c1b80e2c13c49a70a6984ed5d0bef0b30	70	True	True	accepted_unique
ref_000637	/home/user/wangyuhan/ML-GV02-03/data/raw/t05/gvpa/GvpA_RefSeq.fasta	WP_160098649|gvpA|protein	WP_160098649|gvpA|protein	af18bcf2e4b0e65e7263498986dac3759cf19b503ad1c9afc56cd94b8d10fd6c	89	True	True	accepted_unique
ref_000638	/home/user/wangyuhan/ML-GV02-03/data/raw/t05/gvpa/GvpA_RefSeq.fasta	WP_158737367|gvpA|protein	WP_158737367|gvpA|protein	b65869cada68668b58e159e12433311e1de5a68dc53de91e57b6da112f6405d8	90	True	True	accepted_unique
ref_000639	/home/user/wangyuhan/ML-GV02-03/data/raw/t05/gvpa/GvpA_RefSeq.fasta	WP_155113886|gvpA|protein	WP_155113886|gvpA|protein	26e90ce65ed710949c0616c1d01bf8d9c4da5391309914744ead4c7070782daf	93	True	True	accepted_unique
ref_000640	/home/user/wangyuhan/ML-GV02-03/data/raw/t05/gvpa/GvpA_RefSeq.fasta	WP_155113280|gvpA|protein	WP_155113280|gvpA|protein	61426f7141080b783b8bad001f76e67d408f7293a1e1dcd5af4fbcc8d86c19a6	87	True	True	accepted_unique
ref_000641	/home/user/wangyuhan/ML-GV02-03/data/raw/t05/gvpa/GvpA_RefSeq.fasta	WP_154318992|gvpA|protein	WP_154318992|gvpA|protein	0b3996e134f02f495b8fa69573a854898b56b7746d5f239e34e570d2416197e1	89	True	True	accepted_unique
ref_000642	/home/user/wangyuhan/ML-GV02-03/data/raw/t05/gvpa/GvpA_RefSeq.fasta	WP_154306366|gvpA|protein	WP_154306366|gvpA|protein	5db4631b2c67ffc9f980f26e5b49807b6cccdced28e9b4e9d9135a7be3675830	84	True	True	accepted_unique
ref_000643	/home/user/wangyuhan/ML-GV02-03/data/raw/t05/gvpa/GvpA_RefSeq.fasta	WP_154306363|gvpA|protein	WP_154306363|gvpA|protein	a1aca46bcd6c4b9b05ebac7cfeeab09e2c72a59b78687d8e31b1537e10eeacc4	89	True	True	accepted_unique
ref_000644	/home/user/wangyuhan/ML-GV02-03/data/raw/t05/gvpa/GvpA_RefSeq.fasta	WP_153488019|gvpA|protein	WP_153488019|gvpA|protein	9f8db13e803cecc901b782bc92f7a669b196f8d1559a4f7432d1ca4dfbec22bc	70	True	True	accepted_unique
ref_000645	/home/user/wangyuhan/ML-GV02-03/data/raw/t05/gvpa/GvpA_RefSeq.fasta	WP_153228363|gvpA|protein	WP_153228363|gvpA|protein	5232d22b275d6456aae5dc4a6edaafcfcd87cefacf6cd7a043cb5e19bcebe450	61	True	True	accepted_unique
ref_000646	/home/user/wangyuhan/ML-GV02-03/data/raw/t05/gvpa/GvpA_RefSeq.fasta	WP_152445663|gvpA|protein	WP_152445663|gvpA|protein	57d68f25d5ecc38510164ceef8be27a7a2615ede80dd69b925319d40786dbea6	86	True	True	accepted_unique
ref_000647	/home/user/wangyuhan/ML-GV02-03/data/raw/t05/gvpa/GvpA_RefSeq.fasta	WP_149998199|gvpA|protein	WP_149998199|gvpA|protein	9c9da073119bec6006bcb26a59f51d6d9ce307413e9c293b0206492bedc5f83f	76	True	True	accepted_unique
ref_000648	/home/user/wangyuhan/ML-GV02-03/data/raw/t05/gvpa/GvpA_RefSeq.fasta	WP_148989232|gvpA|protein	WP_148989232|gvpA|protein	3efb93524692f0b96dfaa046d32f4a4123c23703e80573acf200f32afef6f10b	86	True	True	accepted_unique
ref_000649	/home/user/wangyuhan/ML-GV02-03/data/raw/t05/gvpa/GvpA_RefSeq.fasta	WP_147804077|gvpA|protein	WP_147804077|gvpA|protein	fb5b09ad142f93c1de5fc94ad9030f80236fefe99428c8796f85f0d9f8a6e680	87	True	True	accepted_unique
ref_000650	/home/user/wangyuhan/ML-GV02-03/data/raw/t05/gvpa/GvpA_RefSeq.fasta	WP_146646520|gvpA|protein	WP_146646520|gvpA|protein	4b9192128c23c5a5ae9c3cb7866d9eac35318213d3e89fdfc904d9a95e07baf8	177	True	True	accepted_unique
ref_000651	/home/user/wangyuhan/ML-GV02-03/data/raw/t05/gvpa/GvpA_RefSeq.fasta	WP_144644477|gvpA|protein	WP_144644477|gvpA|protein	f65bb2c7a1c06eb690c41d6add3becb8b971747d7fca540ad9464387cce9731a	92	True	True	accepted_unique
ref_000652	/home/user/wangyuhan/ML-GV02-03/data/raw/t05/gvpa/GvpA_RefSeq.fasta	WP_144543769|gvpA|protein	WP_144543769|gvpA|protein	bd790502a785bc49c92c22bfe6be22e078ca2560637cb3de09378ff468ab79ac	86	True	True	accepted_unique
ref_000653	/home/user/wangyuhan/ML-GV02-03/data/raw/t05/gvpa/GvpA_RefSeq.fasta	WP_144543765|gvpA|protein	WP_144543765|gvpA|protein	245b236a00cae586f79fa63c873914632e120d70515a231486106df4438d0c4a	86	True	True	accepted_unique
ref_000654	/home/user/wangyuhan/ML-GV02-03/data/raw/t05/gvpa/GvpA_RefSeq.fasta	WP_142864691|gvpA|protein	WP_142864691|gvpA|protein	063ea39f372fcc47b8549d3aaffbd563c50edad459e9e6c3bf3095d19d3db631	72	True	True	accepted_unique
ref_000655	/home/user/wangyuhan/ML-GV02-03/data/raw/t05/gvpa/GvpA_RefSeq.fasta	WP_142224076|gvpA|protein	WP_142224076|gvpA|protein	505ccb0a3946a89f043772a19b0276f10c34dede49965e1817e861e3000c1cba	70	True	True	accepted_unique
ref_000656	/home/user/wangyuhan/ML-GV02-03/data/raw/t05/gvpa/GvpA_RefSeq.fasta	WP_138810370|gvpA|protein	WP_138810370|gvpA|protein	de4c1cf697d48510a55069600b1f2eab433e3ebd22d7ffa77360990606008398	87	True	True	accepted_unique
ref_000657	/home/user/wangyuhan/ML-GV02-03/data/raw/t05/gvpa/GvpA_RefSeq.fasta	WP_138780689|gvpA|protein	WP_138780689|gvpA|protein	ab1b4f2c562433c40902e605afcc909b32209bdc98e2ca3da60691cbb23d5d67	86	True	True	accepted_unique
ref_000658	/home/user/wangyuhan/ML-GV02-03/data/raw/t05/gvpa/GvpA_RefSeq.fasta	WP_138500607|gvpA|protein	WP_138500607|gvpA|protein	6475ddba2899c58b73cc4476693b692ad5718153e4258aafdb46621d84941a5c	73	True	True	accepted_unique
ref_000659	/home/user/wangyuhan/ML-GV02-03/data/raw/t05/gvpa/GvpA_RefSeq.fasta	WP_136922933|gvpA|protein	WP_136922933|gvpA|protein	6bbc846fc8bfac59f7c6510418290574d1f669840583c3476a2d090d30078eaa	72	True	True	accepted_unique
ref_000660	/home/user/wangyuhan/ML-GV02-03/data/raw/t05/gvpa/GvpA_RefSeq.fasta	WP_135552856|gvpA|protein	WP_135552856|gvpA|protein	fb842fc4ca3ea6c7b170e9b7ce77ec3aa1d61dbdd09fca433c1baa3e1dd32bd5	70	True	True	accepted_unique
ref_000661	/home/user/wangyuhan/ML-GV02-03/data/raw/t05/gvpa/GvpA_RefSeq.fasta	WP_134699217|gvpA|protein	WP_134699217|gvpA|protein	34624fdc2470cd5a2bf34c9a89c60b90e45ccce685c62926947223a291d04faa	74	True	True	accepted_unique
ref_000662	/home/user/wangyuhan/ML-GV02-03/data/raw/t05/gvpa/GvpA_RefSeq.fasta	WP_134492829|gvpA|protein	WP_134492829|gvpA|protein	82d6c5940960b17a96d33ed7f30f9166d9ad35f19afddade725c4f4376ab8ed3	72	True	True	accepted_unique
ref_000663	/home/user/wangyuhan/ML-GV02-03/data/raw/t05/gvpa/GvpA_RefSeq.fasta	WP_134218556|gvpA|protein	WP_134218556|gvpA|protein	cf3573d661974bcf483617ebe29e38abcb9dc30cd53f4a57a629ac5346636095	72	True	True	accepted_unique
ref_000664	/home/user/wangyuhan/ML-GV02-03/data/raw/t05/gvpa/GvpA_RefSeq.fasta	WP_134214557|gvpA|protein	WP_134214557|gvpA|protein	365d3ed63bb6048abb9c92e244b98220c4122a7197744311ebff47ef4dcc3098	70	True	True	accepted_unique
ref_000665	/home/user/wangyuhan/ML-GV02-03/data/raw/t05/gvpa/GvpA_RefSeq.fasta	WP_133377284|gvpA|protein	WP_133377284|gvpA|protein	6d7cf2e541fa269a8a552305d6f8ffb990af63631ee89181d549a46abaaee09a	89	True	True	accepted_unique
ref_000666	/home/user/wangyuhan/ML-GV02-03/data/raw/t05/gvpa/GvpA_RefSeq.fasta	WP_133223097|gvpA|protein	WP_133223097|gvpA|protein	8bb6c5a9c15b53104f77ac1bade4b9eede346be437816743b1b4bde55ca0ab93	72	True	True	accepted_unique
ref_000667	/home/user/wangyuhan/ML-GV02-03/data/raw/t05/gvpa/GvpA_RefSeq.fasta	WP_132243846|gvpA|protein	WP_132243846|gvpA|protein	743c7630acb96591de704472d129e2f2d3a0fef7aaa9517e51dadee07e54dd71	71	True	True	accepted_unique
ref_000668	/home/user/wangyuhan/ML-GV02-03/data/raw/t05/gvpa/GvpA_RefSeq.fasta	WP_132243844|gvpA|protein	WP_132243844|gvpA|protein	55e5b08f11099324ee5a170e0986524a6fe91326a9aa6f8497f5cc013ed913db	71	True	True	accepted_unique
ref_000669	/home/user/wangyuhan/ML-GV02-03/data/raw/t05/gvpa/GvpA_RefSeq.fasta	WP_132243842|gvpA|protein	WP_132243842|gvpA|protein	1cabf52c370a690f1b571a16c38fd94f7cfe2f67c52c7b4844a27cc497acd584	72	True	True	accepted_unique
ref_000670	/home/user/wangyuhan/ML-GV02-03/data/raw/t05/gvpa/GvpA_RefSeq.fasta	WP_132034394|gvpA|protein	WP_132034394|gvpA|protein	d43d1d5ec03e055dcf06d5715d69b3a4b218fb2526beaf4ce6cd8aff93b974a4	70	True	True	accepted_unique
ref_000671	/home/user/wangyuhan/ML-GV02-03/data/raw/t05/gvpa/GvpA_RefSeq.fasta	WP_129629567|gvpA|protein	WP_129629567|gvpA|protein	c72edb773e9a92736861118e86c5922547af44fa7cbfff690dace1f221bd8672	71	True	True	accepted_unique
ref_000672	/home/user/wangyuhan/ML-GV02-03/data/raw/t05/gvpa/GvpA_RefSeq.fasta	WP_126462316|gvpA|protein	WP_126462316|gvpA|protein	c8ff85651c16b5c02641dea13a8c9f6200d4c67afc73ad60421d9105f5bbec37	68	True	True	accepted_unique
ref_000673	/home/user/wangyuhan/ML-GV02-03/data/raw/t05/gvpa/GvpA_RefSeq.fasta	WP_123918855|gvpA|protein	WP_123918855|gvpA|protein	46ac4cba4b1b67d73932515af3f6e57ce887f16631032dadae476a881b1cffd7	87	True	True	accepted_unique
ref_000674	/home/user/wangyuhan/ML-GV02-03/data/raw/t05/gvpa/GvpA_RefSeq.fasta	WP_122899492|gvpA|protein	WP_122899492|gvpA|protein	a456b71634370e28c157ca1e8ef52833b6df4095e4c2400b03e14dce0db3065b	87	True	True	accepted_unique
ref_000675	/home/user/wangyuhan/ML-GV02-03/data/raw/t05/gvpa/GvpA_RefSeq.fasta	WP_121937738|gvpA|protein	WP_121937738|gvpA|protein	a5d09cc64cdab8bb36764a8fa45c2c91752e4750fe379252f8a8686b6f344db9	84	True	True	accepted_unique
ref_000676	/home/user/wangyuhan/ML-GV02-03/data/raw/t05/gvpa/GvpA_RefSeq.fasta	WP_121524050|gvpA|protein	WP_121524050|gvpA|protein	d90ba4fc5295a2ed9e09eebb2759be6e487a9029759dea5359dfc98215e6c863	91	True	True	accepted_unique
ref_000677	/home/user/wangyuhan/ML-GV02-03/data/raw/t05/gvpa/GvpA_RefSeq.fasta	WP_120191650|gvpA|protein	WP_120191650|gvpA|protein	c7c2a6d15e1ef7e082fbef8e2ae4fb5190226adbbebca7ef166a9995a882bc1b	89	True	True	accepted_unique
ref_000678	/home/user/wangyuhan/ML-GV02-03/data/raw/t05/gvpa/GvpA_RefSeq.fasta	WP_119169329|gvpA|protein	WP_119169329|gvpA|protein	1e86329db7dd3816b588b5074c334dd9ae52c66acb3e89031bf3036950390cd3	84	True	True	accepted_unique
ref_000679	/home/user/wangyuhan/ML-GV02-03/data/raw/t05/gvpa/GvpA_RefSeq.fasta	WP_118877386|gvpA|protein	WP_118877386|gvpA|protein	a4c92b6223fd059e223618fae7fd1ce41bc60d11a0abf53aa7281cc4a11c3fd1	82	True	True	accepted_unique
ref_000680	/home/user/wangyuhan/ML-GV02-03/data/raw/t05/gvpa/GvpA_RefSeq.fasta	WP_116075420|gvpA|protein	WP_116075420|gvpA|protein	6753c4dad3e8314a4fcc8a56ad7f9df1d852047e8ee1f2806d1f7bf06136455e	88	True	True	accepted_unique
ref_000681	/home/user/wangyuhan/ML-GV02-03/data/raw/t05/gvpa/GvpA_RefSeq.fasta	WP_116075414|gvpA|protein	WP_116075414|gvpA|protein	bc4042a7c10b7bd447bc10cf0e7b34e62f2678ee2efe846fd1a4965f276fc9bc	86	True	True	accepted_unique
ref_000682	/home/user/wangyuhan/ML-GV02-03/data/raw/t05/gvpa/GvpA_RefSeq.fasta	WP_115822819|gvpA|protein	WP_115822819|gvpA|protein	c7332b08bc757555c17c71dfeb4762a42c7f35e9bf123276bdad17f8c04ff920	97	True	True	accepted_unique
ref_000683	/home/user/wangyuhan/ML-GV02-03/data/raw/t05/gvpa/GvpA_RefSeq.fasta	WP_115480454|gvpA|protein	WP_115480454|gvpA|protein	2a7c812c0104b829da2d234606ef194cd7b0120f827141d8cde79846a87cb82f	74	True	True	accepted_unique
ref_000684	/home/user/wangyuhan/ML-GV02-03/data/raw/t05/gvpa/GvpA_RefSeq.fasta	WP_115480453|gvpA|protein	WP_115480453|gvpA|protein	799d6db27c80e0e7903b54ad527181939a651dfc8b92e7f2257826540396fe56	71	True	True	accepted_unique
ref_000685	/home/user/wangyuhan/ML-GV02-03/data/raw/t05/gvpa/GvpA_RefSeq.fasta	WP_115393152|gvpA|protein	WP_115393152|gvpA|protein	ea394d0f8102113c7b586c4600bada1b0b8307f146bf34f34b415e1a1541a3e7	70	True	True	accepted_unique
ref_000686	/home/user/wangyuhan/ML-GV02-03/data/raw/t05/gvpa/GvpA_RefSeq.fasta	WP_114915108|gvpA|protein	WP_114915108|gvpA|protein	6a2cd3b9036aebd5361b170c7cb4ada1ca6ad2c2bf6f59ce42e84ec32692ef68	91	True	True	accepted_unique
ref_000687	/home/user/wangyuhan/ML-GV02-03/data/raw/t05/gvpa/GvpA_RefSeq.fasta	WP_114298891|gvpA|protein	WP_114298891|gvpA|protein	568a29ab96947d1f56cdd26f9b00e86bc04211c3cae7b22fd267b4e4851a89a7	72	True	True	accepted_unique
ref_000688	/home/user/wangyuhan/ML-GV02-03/data/raw/t05/gvpa/GvpA_RefSeq.fasta	WP_110608261|gvpA|protein	WP_110608261|gvpA|protein	093a223e7cabfac47e7651b01cbcb6690c92416700bfa1663891bc9a0bb64dba	89	True	True	accepted_unique
ref_000689	/home/user/wangyuhan/ML-GV02-03/data/raw/t05/gvpa/GvpA_RefSeq.fasta	WP_110521313|gvpA|protein	WP_110521313|gvpA|protein	77fc2ac9451a9bede3dd4afdae8227afa8425b88fbc617d8483c3a9e33760e70	86	True	True	accepted_unique
ref_000690	/home/user/wangyuhan/ML-GV02-03/data/raw/t05/gvpa/GvpA_RefSeq.fasta	WP_110291813|gvpA|protein	WP_110291813|gvpA|protein	b7cd847cd6fe1a7829cf7f792c343b0f31ac830aa92de43035ec3efcffa0c69c	72	True	True	accepted_unique
ref_000691	/home/user/wangyuhan/ML-GV02-03/data/raw/t05/gvpa/GvpA_RefSeq.fasta	WP_110291812|gvpA|protein	WP_110291812|gvpA|protein	5ab45ad51e4b3b910fd8c1746a4567c486de46a44aed731199d0ca87ee20ae2d	73	True	True	accepted_unique
ref_000692	/home/user/wangyuhan/ML-GV02-03/data/raw/t05/gvpa/GvpA_RefSeq.fasta	WP_110066995|gvpA|protein	WP_110066995|gvpA|protein	c4f90ad7ed7605569245466a78d6cacf132910de853f538fcb5455e24f64846f	86	True	True	accepted_unique
ref_000693	/home/user/wangyuhan/ML-GV02-03/data/raw/t05/gvpa/GvpA_RefSeq.fasta	WP_110022885|gvpA|protein	WP_110022885|gvpA|protein	7d765791e125072d99a7ca1c73f9240339ae4a7f749cd0979129744541c4a65a	68	True	True	accepted_unique
ref_000694	/home/user/wangyuhan/ML-GV02-03/data/raw/t05/gvpa/GvpA_RefSeq.fasta	WP_107805940|gvpA|protein	WP_107805940|gvpA|protein	9bc7ff063d928dbcb9195c75a1dc4195393661df207bc297ccedbfddf3dda716	71	True	True	accepted_unique
ref_000695	/home/user/wangyuhan/ML-GV02-03/data/raw/t05/gvpa/GvpA_RefSeq.fasta	WP_107585507|gvpA|protein	WP_107585507|gvpA|protein	2db5ea05deb082340e798dcbb54d021ddfc5aad940791b9612fe65a7e726f098	87	True	True	accepted_unique
ref_000696	/home/user/wangyuhan/ML-GV02-03/data/raw/t05/gvpa/GvpA_RefSeq.fasta	WP_107585506|gvpA|protein	WP_107585506|gvpA|protein	c9a543131d390ec68ed4b32369990c6c0e4f444664f2d733da7a5abdf5c6e7a6	87	True	True	accepted_unique
ref_000697	/home/user/wangyuhan/ML-GV02-03/data/raw/t05/gvpa/GvpA_RefSeq.fasta	WP_107584481|gvpA|protein	WP_107584481|gvpA|protein	d6f7ae660d4103a77296431377a8a66efd54f6094f5160a4e39a4b0879a6c1f5	87	True	True	accepted_unique
ref_000698	/home/user/wangyuhan/ML-GV02-03/data/raw/t05/gvpa/GvpA_RefSeq.fasta	WP_107562013|gvpA|protein	WP_107562013|gvpA|protein	d6f636dc4849c3ad6e3a58c7b0ef91a1ea0fbcc31a5257f2b09eec7527ec1947	71	True	True	accepted_unique
ref_000699	/home/user/wangyuhan/ML-GV02-03/data/raw/t05/gvpa/GvpA_RefSeq.fasta	WP_106257461|gvpA|protein	WP_106257461|gvpA|protein	b06d430fdaaa1079895b90414dcee1412655c8233aae0405582a5fa156014994	72	True	True	accepted_unique
ref_000700	/home/user/wangyuhan/ML-GV02-03/data/raw/t05/gvpa/GvpA_RefSeq.fasta	WP_105986389|gvpA|protein	WP_105986389|gvpA|protein	81137907f8a802f938023314709afb0593221134347bae7f1e414c65dc4cb3d8	115	True	True	accepted_unique
ref_000701	/home/user/wangyuhan/ML-GV02-03/data/raw/t05/gvpa/GvpA_RefSeq.fasta	WP_105958376|gvpA|protein	WP_105958376|gvpA|protein	b080db9796742f656263cec8bc0a2c0c8d8087f4e3fc287f63db20f9e5980068	86	True	True	accepted_unique
ref_000702	/home/user/wangyuhan/ML-GV02-03/data/raw/t05/gvpa/GvpA_RefSeq.fasta	WP_104809704|gvpA|protein	WP_104809704|gvpA|protein	6b39f5a7fb6bca78b4de78848a0590c9ba9381a0596c3f500d9bf9a9db38751f	68	True	True	accepted_unique
ref_000703	/home/user/wangyuhan/ML-GV02-03/data/raw/t05/gvpa/GvpA_RefSeq.fasta	WP_104509441|gvpA|protein	WP_104509441|gvpA|protein	5999831f394b80c759013cff8d5244a8fdce37763825e9e54f6d0f8238f6853d	70	True	True	accepted_unique
ref_000704	/home/user/wangyuhan/ML-GV02-03/data/raw/t05/gvpa/GvpA_RefSeq.fasta	WP_104370972|gvpA|protein	WP_104370972|gvpA|protein	ab04988c687da6715ca95977bb07c66c672d9d16259267d8857d796078b1d39d	72	True	True	accepted_unique
ref_000705	/home/user/wangyuhan/ML-GV02-03/data/raw/t05/gvpa/GvpA_RefSeq.fasta	WP_104057597|gvpA|protein	WP_104057597|gvpA|protein	bb6474c2ddf0f1e41d70255e87b6101217f4300cef84397ec680971153c4c2ea	86	True	True	accepted_unique
ref_000706	/home/user/wangyuhan/ML-GV02-03/data/raw/t05/gvpa/GvpA_RefSeq.fasta	WP_104057594|gvpA|protein	WP_104057594|gvpA|protein	5de637450d4d853bfedabcfee0dd79695d17f9027039e6d680b7e752c77448e4	96	True	True	accepted_unique
ref_000707	/home/user/wangyuhan/ML-GV02-03/data/raw/t05/gvpa/GvpA_RefSeq.fasta	WP_103666325|gvpA|protein	WP_103666325|gvpA|protein	9da3dcb0bb3c092c42d5e93a443a03a1d7bbe49d328f6f9a37a8879f8b120799	74	True	True	accepted_unique
ref_000708	/home/user/wangyuhan/ML-GV02-03/data/raw/t05/gvpa/GvpA_RefSeq.fasta	WP_101646903|gvpA|protein	WP_101646903|gvpA|protein	398b1c22d526b2f32567fe21c2089cb78667eae574f99061bf43c7a7a6d3afc3	90	True	True	accepted_unique
ref_000709	/home/user/wangyuhan/ML-GV02-03/data/raw/t05/gvpa/GvpA_RefSeq.fasta	WP_101642272|gvpA|protein	WP_101642272|gvpA|protein	e1d36a7c3cd6d18fbd5a85b84a2a50c48d78ec9f5cae9311981556a64b402ca8	86	True	True	accepted_unique
ref_000710	/home/user/wangyuhan/ML-GV02-03/data/raw/t05/gvpa/GvpA_RefSeq.fasta	WP_101330890|gvpA|protein	WP_101330890|gvpA|protein	905ebdcfc21b7ed8d2d2cb8e9b5442409818b4f764173ec496017bc6060294d2	86	True	True	accepted_unique
ref_000711	/home/user/wangyuhan/ML-GV02-03/data/raw/t05/gvpa/GvpA_RefSeq.fasta	WP_100923022|gvpA|protein	WP_100923022|gvpA|protein	87980263fe69edba436828ec3f666868f308140bdf4e6a975cd1d9398dbcfa9c	72	True	True	accepted_unique
ref_000712	/home/user/wangyuhan/ML-GV02-03/data/raw/t05/gvpa/GvpA_RefSeq.fasta	WP_100407998|gvpA|protein	WP_100407998|gvpA|protein	2b6afdfba96a597935ac7684cba1e7994395c11de3a84bc89adf12c97282e85a	86	True	True	accepted_unique
ref_000713	/home/user/wangyuhan/ML-GV02-03/data/raw/t05/gvpa/GvpA_RefSeq.fasta	WP_100196984|gvpA|protein	WP_100196984|gvpA|protein	5fa036ca3723472605e8fb1e56518c5f6df815f2774260b75dd1bedf9b7712e5	70	True	True	accepted_unique
ref_000714	/home/user/wangyuhan/ML-GV02-03/data/raw/t05/gvpa/GvpA_RefSeq.fasta	WP_100010259|gvpA|protein	WP_100010259|gvpA|protein	e63cda87ab2705e419abd9ae6003b712d87407fc8def307fca8b29e9df629994	85	True	True	accepted_unique
ref_000715	/home/user/wangyuhan/ML-GV02-03/data/raw/t05/gvpa/GvpA_RefSeq.fasta	WP_099068598|gvpA|protein	WP_099068598|gvpA|protein	9c3060ca8265f2fd22a31cd72d77ad3372c96f4adc9a17bbc18958920d900968	73	True	True	accepted_unique
ref_000716	/home/user/wangyuhan/ML-GV02-03/data/raw/t05/gvpa/GvpA_RefSeq.fasta	WP_099000391|gvpA|protein	WP_099000391|gvpA|protein	f39b437ab8564f78da8d7b746d8ce9d5a40c44ea147d2464a4723f4a60d3c446	86	True	True	accepted_unique
ref_000717	/home/user/wangyuhan/ML-GV02-03/data/raw/t05/gvpa/GvpA_RefSeq.fasta	WP_098420078|gvpA|protein	WP_098420078|gvpA|protein	5531343a7a7ecf79ad55db9ca51e2ec58b7248423070d730fbb242c095de6142	72	True	True	accepted_unique
ref_000718	/home/user/wangyuhan/ML-GV02-03/data/raw/t05/gvpa/GvpA_RefSeq.fasta	WP_097645229|gvpA|protein	WP_097645229|gvpA|protein	1f4f50f1349e137c7f3208f16caa01bdad2970714663a63d2c93485d175437c7	71	True	True	accepted_unique
ref_000719	/home/user/wangyuhan/ML-GV02-03/data/raw/t05/gvpa/GvpA_RefSeq.fasta	WP_096607388|gvpA|protein	WP_096607388|gvpA|protein	5ff91e8d3cfc9ac60d0da6d4bff769a4c4cef44d9e8b9d3dac677e2e966ed6fa	72	True	True	accepted_unique
ref_000720	/home/user/wangyuhan/ML-GV02-03/data/raw/t05/gvpa/GvpA_RefSeq.fasta	WP_095882104|gvpA|protein	WP_095882104|gvpA|protein	2685b9267d2b1a0083b07f35892aa0bd99f8ce2ff4c12d81c480c23f22ee9ccb	70	True	True	accepted_unique
ref_000721	/home/user/wangyuhan/ML-GV02-03/data/raw/t05/gvpa/GvpA_RefSeq.fasta	WP_094376571|gvpA|protein	WP_094376571|gvpA|protein	8b73be19e1760871e605ab2c6e9d9e9d0237e022a68a462d4e69f4378b032985	70	True	True	accepted_unique
ref_000722	/home/user/wangyuhan/ML-GV02-03/data/raw/t05/gvpa/GvpA_RefSeq.fasta	WP_093252384|gvpA|protein	WP_093252384|gvpA|protein	02e83ad46b86e8eaf5e72ac58980deb955c9923ecc5f393c34d6bbb46caacfd4	70	True	True	accepted_unique
ref_000723	/home/user/wangyuhan/ML-GV02-03/data/raw/t05/gvpa/GvpA_RefSeq.fasta	WP_093212467|gvpA|protein	WP_093212467|gvpA|protein	081e6fae1d79d93eb37e06b9b36a9051ecbb063d6869383bf5e9695311682261	91	True	True	accepted_unique
ref_000724	/home/user/wangyuhan/ML-GV02-03/data/raw/t05/gvpa/GvpA_RefSeq.fasta	WP_093047006|gvpA|protein	WP_093047006|gvpA|protein	3b8e26a87928dd1c11308a9daab1f4cae1c758048adeed5cc8c8de052c961373	89	True	True	accepted_unique
ref_000725	/home/user/wangyuhan/ML-GV02-03/data/raw/t05/gvpa/GvpA_RefSeq.fasta	WP_093045974|gvpA|protein	WP_093045974|gvpA|protein	bfa3b303b3d7305c173f3ae35dc80425fcdb56d051e9998a25a11b72772a90e4	97	True	True	accepted_unique
ref_000726	/home/user/wangyuhan/ML-GV02-03/data/raw/t05/gvpa/GvpA_RefSeq.fasta	WP_092960919|gvpA|protein	WP_092960919|gvpA|protein	db099662bae325b9438c8704241b3f81f3d5dde85209ef4f6468d134754f5dd8	72	True	True	accepted_unique
ref_000727	/home/user/wangyuhan/ML-GV02-03/data/raw/t05/gvpa/GvpA_RefSeq.fasta	WP_092209254|gvpA|protein	WP_092209254|gvpA|protein	b07305ca6f722d02988a3d0c756feb0815d3b6a95c9e62b3013a423b137a8b56	71	True	True	accepted_unique
ref_000728	/home/user/wangyuhan/ML-GV02-03/data/raw/t05/gvpa/GvpA_RefSeq.fasta	WP_091662612|gvpA|protein	WP_091662612|gvpA|protein	b9d316384ab02e663b33903a3ca16c70f79146ee07dbf4b852ffafea1ce6bf25	87	True	True	accepted_unique
ref_000729	/home/user/wangyuhan/ML-GV02-03/data/raw/t05/gvpa/GvpA_RefSeq.fasta	WP_090841991|gvpA|protein	WP_090841991|gvpA|protein	7175c3595a1c9e0a8512b3746323a26c378981564cc73f244683f338abe93795	87	True	True	accepted_unique
ref_000730	/home/user/wangyuhan/ML-GV02-03/data/raw/t05/gvpa/GvpA_RefSeq.fasta	WP_090488909|gvpA|protein	WP_090488909|gvpA|protein	a2b40c981456774b6e29756894bbc27182fa3b0b77e5d636b4032ab626568ac2	74	True	True	accepted_unique
ref_000731	/home/user/wangyuhan/ML-GV02-03/data/raw/t05/gvpa/GvpA_RefSeq.fasta	WP_089750581|gvpA|protein	WP_089750581|gvpA|protein	d8cf5bfdf78857545866e01c852739b174a99417f89c0d3fa6b133cf1c1a9fbf	100	True	True	accepted_unique
ref_000732	/home/user/wangyuhan/ML-GV02-03/data/raw/t05/gvpa/GvpA_RefSeq.fasta	WP_089729497|gvpA|protein	WP_089729497|gvpA|protein	e9d01ae6175270dee0d811da043d2703afeb63591e014fc1d0393f88a8a40595	74	True	True	accepted_unique
ref_000733	/home/user/wangyuhan/ML-GV02-03/data/raw/t05/gvpa/GvpA_RefSeq.fasta	WP_089651261|gvpA|protein	WP_089651261|gvpA|protein	c50a1a828acd52df133e9550a6115bae8609dc006c477630d6d2d9af265a1d49	97	True	True	accepted_unique
ref_000734	/home/user/wangyuhan/ML-GV02-03/data/raw/t05/gvpa/GvpA_RefSeq.fasta	WP_089530668|gvpA|protein	WP_089530668|gvpA|protein	0c171934ecf7b20bfbc9176c35ddda62ffda0e781c2c91e76cbb4789a85d1ced	93	True	True	accepted_unique
ref_000735	/home/user/wangyuhan/ML-GV02-03/data/raw/t05/gvpa/GvpA_RefSeq.fasta	WP_089201247|gvpA|protein	WP_089201247|gvpA|protein	7017fbd8c94374540f0f5a45f5801347ea8c5d0c19d9a5624dae9c0ba43c8045	88	True	True	accepted_unique
ref_000736	/home/user/wangyuhan/ML-GV02-03/data/raw/t05/gvpa/GvpA_RefSeq.fasta	WP_088893383|gvpA|protein	WP_088893383|gvpA|protein	8ff951966677ada5d69fa598dcdc8d21b160b6ad3a83f4e1ee63c48bff00c9d0	72	True	True	accepted_unique
ref_000737	/home/user/wangyuhan/ML-GV02-03/data/raw/t05/gvpa/GvpA_RefSeq.fasta	WP_088554997|gvpA|protein	WP_088554997|gvpA|protein	29c35eaede0a8c75c3092a89e68567ed8b1eaddcb83fa37b7301c91ebfcb5d32	74	True	True	accepted_unique
ref_000738	/home/user/wangyuhan/ML-GV02-03/data/raw/t05/gvpa/GvpA_RefSeq.fasta	WP_088554996|gvpA|protein	WP_088554996|gvpA|protein	61db0834b27d8f0211d3cc0246d68dfe826c840d6e539467326cc9834eb7f9f4	74	True	True	accepted_unique
ref_000739	/home/user/wangyuhan/ML-GV02-03/data/raw/t05/gvpa/GvpA_RefSeq.fasta	WP_088051998|gvpA|protein	WP_088051998|gvpA|protein	4d804d42d3d08ccd0ad281fc359b16b7c18295c0dcd886d9acc9487ddd5c257b	86	True	True	accepted_unique
ref_000740	/home/user/wangyuhan/ML-GV02-03/data/raw/t05/gvpa/GvpA_RefSeq.fasta	WP_088048850|gvpA|protein	WP_088048850|gvpA|protein	34a4a65736a78d22df6a6298330e17f4c31b7e4e19acc04fa044e95a52b44b9b	93	True	True	accepted_unique
ref_000741	/home/user/wangyuhan/ML-GV02-03/data/raw/t05/gvpa/GvpA_RefSeq.fasta	WP_088019259|gvpA|protein	WP_088019259|gvpA|protein	ec71caa9aa98b279110db7eeddea67df583cf49a79c0c0cbc92692cecd56f8a7	84	True	True	accepted_unique
ref_000742	/home/user/wangyuhan/ML-GV02-03/data/raw/t05/gvpa/GvpA_RefSeq.fasta	WP_087972332|gvpA|protein	WP_087972332|gvpA|protein	487f5518a6cfaf0b0b759aa3f1c0c33eb60a885f4eea64b108da092081b51d67	91	True	True	accepted_unique
ref_000743	/home/user/wangyuhan/ML-GV02-03/data/raw/t05/gvpa/GvpA_RefSeq.fasta	WP_085933344|gvpA|protein	WP_085933344|gvpA|protein	8d6274f78693091697cf066d860d6107e0284d36ff784ac52e8bdd59f203229b	70	True	True	accepted_unique
ref_000744	/home/user/wangyuhan/ML-GV02-03/data/raw/t05/gvpa/GvpA_RefSeq.fasta	WP_085772564|gvpA|protein	WP_085772564|gvpA|protein	b409898218d5081ec4342fccc5a0fff74fb9537ef871cae59901bbc285aa9a0d	72	True	True	accepted_unique
ref_000745	/home/user/wangyuhan/ML-GV02-03/data/raw/t05/gvpa/GvpA_RefSeq.fasta	WP_085028932|gvpA|protein	WP_085028932|gvpA|protein	2b3b9522031fea2fc99619d007c1d5fa385bad34d2c5516714d94b2414595483	97	True	True	accepted_unique
ref_000746	/home/user/wangyuhan/ML-GV02-03/data/raw/t05/gvpa/GvpA_RefSeq.fasta	WP_084989880|gvpA|protein	WP_084989880|gvpA|protein	0cff47cd0a85e1de37e0ecd86f2547117aedabb101c8e97eb486ebb51c831023	71	True	True	accepted_unique
ref_000747	/home/user/wangyuhan/ML-GV02-03/data/raw/t05/gvpa/GvpA_RefSeq.fasta	WP_084383942|gvpA|protein	WP_084383942|gvpA|protein	e8e78837892ab1704b44943c3164e2473cb72f57d16f3126aa1f2a124d924f4b	74	True	True	accepted_unique
ref_000748	/home/user/wangyuhan/ML-GV02-03/data/raw/t05/gvpa/GvpA_RefSeq.fasta	WP_084068413|gvpA|protein	WP_084068413|gvpA|protein	c95ec1b2f7e46d479f0b7badb82434afd4e1a2e4219d526149e245a2c5401427	72	True	True	accepted_unique
ref_000749	/home/user/wangyuhan/ML-GV02-03/data/raw/t05/gvpa/GvpA_RefSeq.fasta	WP_083620231|gvpA|protein	WP_083620231|gvpA|protein	f73e9b648178e6df8c6ae1b7975c7f6bb8865bfd92edda8674be445474a5a5d0	72	True	True	accepted_unique
ref_000750	/home/user/wangyuhan/ML-GV02-03/data/raw/t05/gvpa/GvpA_RefSeq.fasta	WP_082231972|gvpA|protein	WP_082231972|gvpA|protein	bd1bbd2e9fa260563cebcadce402f2c30a6d1471c265e92ae830c79b9cd6875e	98	True	True	accepted_unique
ref_000751	/home/user/wangyuhan/ML-GV02-03/data/raw/t05/gvpa/GvpA_RefSeq.fasta	WP_081535855|gvpA|protein	WP_081535855|gvpA|protein	a6afc902cb295160c5db8606444b6dda5d9b591dd8a52303b79fa0c87b58528c	70	True	True	accepted_unique
ref_000752	/home/user/wangyuhan/ML-GV02-03/data/raw/t05/gvpa/GvpA_RefSeq.fasta	WP_079526323|gvpA|protein	WP_079526323|gvpA|protein	e60de74ad1cb6abf6e3404dddf86e68bc076c53dbe08eaaf49c115452622d584	86	True	True	accepted_unique
ref_000753	/home/user/wangyuhan/ML-GV02-03/data/raw/t05/gvpa/GvpA_RefSeq.fasta	WP_078596767|gvpA|protein	WP_078596767|gvpA|protein	82b9d4647d83832bf059d6870b2ecea198fd5868db5ba0fb7f3476533336312b	92	True	True	accepted_unique
ref_000754	/home/user/wangyuhan/ML-GV02-03/data/raw/t05/gvpa/GvpA_RefSeq.fasta	WP_078392697|gvpA|protein	WP_078392697|gvpA|protein	9d924853eeaeacd8d6769acf65a9a563bcbe4118b6939ea63b43e53ca6cd0cf0	88	True	True	accepted_unique
ref_000755	/home/user/wangyuhan/ML-GV02-03/data/raw/t05/gvpa/GvpA_RefSeq.fasta	WP_077623669|gvpA|protein	WP_077623669|gvpA|protein	37c770390307a882825ae06de4d5b1213449231d71102a747072ae9c106c3dec	91	True	True	accepted_unique
ref_000756	/home/user/wangyuhan/ML-GV02-03/data/raw/t05/gvpa/GvpA_RefSeq.fasta	WP_076570741|gvpA|protein	WP_076570741|gvpA|protein	d58dfba1e9f522c883d4aa9639fb35da53cd61d07051bfec6c8754003165e86f	102	True	True	accepted_unique
ref_000757	/home/user/wangyuhan/ML-GV02-03/data/raw/t05/gvpa/GvpA_RefSeq.fasta	WP_075598971|gvpA|protein	WP_075598971|gvpA|protein	ad033982fcb9c7e260ad2d157d65540ca5e5755820ba8a6e97491d70353f794b	72	True	True	accepted_unique
ref_000758	/home/user/wangyuhan/ML-GV02-03/data/raw/t05/gvpa/GvpA_RefSeq.fasta	WP_075035376|gvpA|protein	WP_075035376|gvpA|protein	68925098711d386795ce552257730b7156e2f452edf3c2911a981f538ea82177	96	True	True	accepted_unique
ref_000759	/home/user/wangyuhan/ML-GV02-03/data/raw/t05/gvpa/GvpA_RefSeq.fasta	WP_073608715|gvpA|protein	WP_073608715|gvpA|protein	1bae8aa5c69e1d4931dd74badaf3df348d80033e5d43b1989f61d5c7b6ee95e3	72	True	True	accepted_unique
ref_000760	/home/user/wangyuhan/ML-GV02-03/data/raw/t05/gvpa/GvpA_RefSeq.fasta	WP_072717742|gvpA|protein	WP_072717742|gvpA|protein	b39131acb6e4086319d0c03c602fb7cf5d26620142fdeef57aa6f68352c03653	72	True	True	accepted_unique
ref_000761	/home/user/wangyuhan/ML-GV02-03/data/raw/t05/gvpa/GvpA_RefSeq.fasta	WP_069474504|gvpA|protein	WP_069474504|gvpA|protein	c69f9a6b4253e4d6089f33106133a158408665e78a978f99dedcd93f78389254	70	True	True	accepted_unique
ref_000762	/home/user/wangyuhan/ML-GV02-03/data/raw/t05/gvpa/GvpA_RefSeq.fasta	WP_068965369|gvpA|protein	WP_068965369|gvpA|protein	205609067b26bcd62eb11fef51c60bef3fa1b206aaae303129191b1769af587b	70	True	True	accepted_unique
ref_000763	/home/user/wangyuhan/ML-GV02-03/data/raw/t05/gvpa/GvpA_RefSeq.fasta	WP_066205542|gvpA|protein	WP_066205542|gvpA|protein	c9bd062078459f51006074f80a50badc1adb85ee5c75397b239f22deb218ec7f	87	True	True	accepted_unique
ref_000764	/home/user/wangyuhan/ML-GV02-03/data/raw/t05/gvpa/GvpA_RefSeq.fasta	WP_064098149|gvpA|protein	WP_064098149|gvpA|protein	8d61c399409b4395f3c50202fad06f3a8bd9f53aad013234d59976588dcf30eb	84	True	True	accepted_unique
ref_000765	/home/user/wangyuhan/ML-GV02-03/data/raw/t05/gvpa/GvpA_RefSeq.fasta	WP_064098146|gvpA|protein	WP_064098146|gvpA|protein	9194534fce73964474e054c47d2eff8967d8a9c8219193e22273cef7134ec1ad	86	True	True	accepted_unique
ref_000766	/home/user/wangyuhan/ML-GV02-03/data/raw/t05/gvpa/GvpA_RefSeq.fasta	WP_064092057|gvpA|protein	WP_064092057|gvpA|protein	2ffb0e155508e140dfbeff5102d4c111dbe2f569e0b9c468015adecec403b793	86	True	True	accepted_unique
ref_000767	/home/user/wangyuhan/ML-GV02-03/data/raw/t05/gvpa/GvpA_RefSeq.fasta	WP_063873375|gvpA|protein	WP_063873375|gvpA|protein	a43bb7e6a797bf21e3c86ece60214d70c2b4cace0e3b15223b19cc282979d5f0	71	True	True	accepted_unique
ref_000768	/home/user/wangyuhan/ML-GV02-03/data/raw/t05/gvpa/GvpA_RefSeq.fasta	WP_063873374|gvpA|protein	WP_063873374|gvpA|protein	33d41a075d0d8538e4c6c4e7fefd46ec59806251fa948a5afefa3d6835285f94	71	True	True	accepted_unique
ref_000769	/home/user/wangyuhan/ML-GV02-03/data/raw/t05/gvpa/GvpA_RefSeq.fasta	WP_062237609|gvpA|protein	WP_062237609|gvpA|protein	47d50311ddb9a730042959889883933677e0dc116b42edc5b10ac81dbe0dd16f	87	True	True	accepted_unique
ref_000770	/home/user/wangyuhan/ML-GV02-03/data/raw/t05/gvpa/GvpA_RefSeq.fasta	WP_061803181|gvpA|protein	WP_061803181|gvpA|protein	d5d0ae6e983cda4aeda154323d0f30aed2879536e0aaebf060ca3876d8b0c7aa	87	True	True	accepted_unique
ref_000771	/home/user/wangyuhan/ML-GV02-03/data/raw/t05/gvpa/GvpA_RefSeq.fasta	WP_060674023|gvpA|protein	WP_060674023|gvpA|protein	ddd28b4f0183c6c3a6e1f627f4ba7913059a06e6f7955ec67b16a218628ff1d1	86	True	True	accepted_unique
ref_000772	/home/user/wangyuhan/ML-GV02-03/data/raw/t05/gvpa/GvpA_RefSeq.fasta	WP_060665525|gvpA|protein	WP_060665525|gvpA|protein	7e786e62d646d83c83d55d13f4e6e86113e563070518676d7a501e897dbac5a7	86	True	True	accepted_unique
ref_000773	/home/user/wangyuhan/ML-GV02-03/data/raw/t05/gvpa/GvpA_RefSeq.fasta	WP_059173157|gvpA|protein	WP_059173157|gvpA|protein	0426b81b0cae1e176d21e1cfe18496d8087527924ed56155d166d600b676f15e	86	True	True	accepted_unique
ref_000774	/home/user/wangyuhan/ML-GV02-03/data/raw/t05/gvpa/GvpA_RefSeq.fasta	WP_058557733|gvpA|protein	WP_058557733|gvpA|protein	956601650d2d23245a8b2f9b4cd73ff2dbc308d3bafe51647fd246bf1f7c7ea7	72	True	True	accepted_unique
ref_000775	/home/user/wangyuhan/ML-GV02-03/data/raw/t05/gvpa/GvpA_RefSeq.fasta	WP_058306416|gvpA|protein	WP_058306416|gvpA|protein	c277f769aaa81aaf72429438ee690fcac7a0d61a596ebae1accff378366148d9	87	True	True	accepted_unique
ref_000776	/home/user/wangyuhan/ML-GV02-03/data/raw/t05/gvpa/GvpA_RefSeq.fasta	WP_057178839|gvpA|protein	WP_057178839|gvpA|protein	91bed3979bc3e4336571f4777fdc970add38d222ade8ef0f579bd78d1660a8a9	71	True	True	accepted_unique
ref_000777	/home/user/wangyuhan/ML-GV02-03/data/raw/t05/gvpa/GvpA_RefSeq.fasta	WP_056828831|gvpA|protein	WP_056828831|gvpA|protein	6d22046d840b353d0c87926696465f050b762778c37bd635b2e75274bc73567b	84	True	True	accepted_unique
ref_000778	/home/user/wangyuhan/ML-GV02-03/data/raw/t05/gvpa/GvpA_RefSeq.fasta	WP_054635016|gvpA|protein	WP_054635016|gvpA|protein	10a84e979762f336851794a37fa958b3e28635e2f8e2d98d6736c2913b6de183	89	True	True	accepted_unique
ref_000779	/home/user/wangyuhan/ML-GV02-03/data/raw/t05/gvpa/GvpA_RefSeq.fasta	WP_053605469|gvpA|protein	WP_053605469|gvpA|protein	3d07312c83e7c32af7baa33d8bd0726c3b2d5f857b0b55954222ef855340281e	87	True	True	accepted_unique
ref_000780	/home/user/wangyuhan/ML-GV02-03/data/raw/t05/gvpa/GvpA_RefSeq.fasta	WP_053597575|gvpA|protein	WP_053597575|gvpA|protein	633e02862eb6da44de6ed37670aedbab2bedaff2a5826c4d88d0ce70e8b88315	85	True	True	accepted_unique
ref_000781	/home/user/wangyuhan/ML-GV02-03/data/raw/t05/gvpa/GvpA_RefSeq.fasta	WP_053590916|gvpA|protein	WP_053590916|gvpA|protein	edb3955be5268406dd349fd2bc4c929d33afad48158e2958fc4ae2b8b2a1bbf8	84	True	True	accepted_unique
ref_000782	/home/user/wangyuhan/ML-GV02-03/data/raw/t05/gvpa/GvpA_RefSeq.fasta	WP_053590913|gvpA|protein	WP_053590913|gvpA|protein	0971f3debca181ebc092ad0087778ded116e160fc284c2275f0957fe7638c117	86	True	True	accepted_unique
ref_000783	/home/user/wangyuhan/ML-GV02-03/data/raw/t05/gvpa/GvpA_RefSeq.fasta	WP_047972616|gvpA|protein	WP_047972616|gvpA|protein	d426ca8e332bfceab95d4ba02699f3acc0ddfae6efa5b77bff2a977172221583	81	True	True	accepted_unique
ref_000784	/home/user/wangyuhan/ML-GV02-03/data/raw/t05/gvpa/GvpA_RefSeq.fasta	WP_047808708|gvpA|protein	WP_047808708|gvpA|protein	9d4c1039a70fe9d54d51603d86522e77a859eae4bc5104b364eef074e89390df	70	True	True	accepted_unique
ref_000785	/home/user/wangyuhan/ML-GV02-03/data/raw/t05/gvpa/GvpA_RefSeq.fasta	WP_045871251|gvpA|protein	WP_045871251|gvpA|protein	83cf4bae954290aa781d919a49879399b8f8f6215eafe44d5ab3358539071424	71	True	True	accepted_unique
ref_000786	/home/user/wangyuhan/ML-GV02-03/data/raw/t05/gvpa/GvpA_RefSeq.fasta	WP_043930222|gvpA|protein	WP_043930222|gvpA|protein	a168f392bb4965ee81a431dba31382cd84f231f3a07fe5719d08fe6dc367f7ac	85	True	True	accepted_unique
ref_000787	/home/user/wangyuhan/ML-GV02-03/data/raw/t05/gvpa/GvpA_RefSeq.fasta	WP_043769069|gvpA|protein	WP_043769069|gvpA|protein	08d35b42e1d455774e7bdc375cb4bb3676095ffadfa3847765171a218a1ee815	70	True	True	accepted_unique
ref_000788	/home/user/wangyuhan/ML-GV02-03/data/raw/t05/gvpa/GvpA_RefSeq.fasta	WP_042152734|gvpA|protein	WP_042152734|gvpA|protein	fcb1203cd7b1290f06c7eee832d38d2753324a3561a148b06d5fe68ca594ccd7	72	True	True	accepted_unique
ref_000789	/home/user/wangyuhan/ML-GV02-03/data/raw/t05/gvpa/GvpA_RefSeq.fasta	WP_041966224|gvpA|protein	WP_041966224|gvpA|protein	54d4cabb25e375c2e3083385dcad6df8507be66a2853f7ce597da7d1554f68c5	77	True	True	accepted_unique
ref_000790	/home/user/wangyuhan/ML-GV02-03/data/raw/t05/gvpa/GvpA_RefSeq.fasta	WP_040047995|gvpA|protein	WP_040047995|gvpA|protein	39abeace88875ff602858f6d534b371a19590c1d4980894f79c4fcdd932b84ba	86	True	True	accepted_unique
ref_000791	/home/user/wangyuhan/ML-GV02-03/data/raw/t05/gvpa/GvpA_RefSeq.fasta	WP_040036168|gvpA|protein	WP_040036168|gvpA|protein	0a21b67bc6dd51d1c17f7fde8a48fae5f8896c153009d5b2ae3fe77aa4a610d8	82	True	True	accepted_unique
ref_000792	/home/user/wangyuhan/ML-GV02-03/data/raw/t05/gvpa/GvpA_RefSeq.fasta	WP_040008434|gvpA|protein	WP_040008434|gvpA|protein	c2cecfd096d8648b9858e80f01b818999793807dfbcae89a893769641c4de412	54	True	True	accepted_unique
ref_000793	/home/user/wangyuhan/ML-GV02-03/data/raw/t05/gvpa/GvpA_RefSeq.fasta	WP_039752851|gvpA|protein	WP_039752851|gvpA|protein	12dabeef25e15f66b8b51cb9ef06884d5805b388789811193845b365ad2cf93c	72	True	True	accepted_unique
ref_000794	/home/user/wangyuhan/ML-GV02-03/data/raw/t05/gvpa/GvpA_RefSeq.fasta	WP_039231078|gvpA|protein	WP_039231078|gvpA|protein	1e4bdf662135756f269c750686d6fb14c3f869900dc253ed6b287432cc0987f7	86	True	True	accepted_unique
ref_000795	/home/user/wangyuhan/ML-GV02-03/data/raw/t05/gvpa/GvpA_RefSeq.fasta	WP_037259398|gvpA|protein	WP_037259398|gvpA|protein	0a2d13805329602d008b5be6e073dbd519acbef026d5c3797790c26c01ff5187	70	True	True	accepted_unique
ref_000796	/home/user/wangyuhan/ML-GV02-03/data/raw/t05/gvpa/GvpA_RefSeq.fasta	WP_036534731|gvpA|protein	WP_036534731|gvpA|protein	d5a9f8a6d8ef070262196442cf709a94c96f95af2210cea7ee39955731d20d86	72	True	True	accepted_unique
ref_000797	/home/user/wangyuhan/ML-GV02-03/data/raw/t05/gvpa/GvpA_RefSeq.fasta	WP_035542538|gvpA|protein	WP_035542538|gvpA|protein	fe955d4fbb111b30864b991992428f563dd8d59899df0593d03a74fe036dedc5	97	True	True	accepted_unique
ref_000798	/home/user/wangyuhan/ML-GV02-03/data/raw/t05/gvpa/GvpA_RefSeq.fasta	WP_035531814|gvpA|protein	WP_035531814|gvpA|protein	40e46fb2de86e2d32973ab1377f7dea994ed6e0a8d90bf43509295e1c8078b1e	96	True	True	accepted_unique
ref_000799	/home/user/wangyuhan/ML-GV02-03/data/raw/t05/gvpa/GvpA_RefSeq.fasta	WP_035506199|gvpA|protein	WP_035506199|gvpA|protein	43f6e7e097fbcc058a96545cd9e127c321381c2c301463b5d55b5aa6dd1827f3	96	True	True	accepted_unique
ref_000800	/home/user/wangyuhan/ML-GV02-03/data/raw/t05/gvpa/GvpA_RefSeq.fasta	WP_035410040|gvpA|protein	WP_035410040|gvpA|protein	10462c8aed9b62ff76a8f214cd8dbedfbb0d16393691802e5c80fc865bb2da2f	93	True	True	accepted_unique
ref_000801	/home/user/wangyuhan/ML-GV02-03/data/raw/t05/gvpa/GvpA_RefSeq.fasta	WP_035211857|gvpA|protein	WP_035211857|gvpA|protein	7587716da5d19872555a989be552faa09b1e724c77cc7e3a8b962cb78b70fb70	87	True	True	accepted_unique
ref_000802	/home/user/wangyuhan/ML-GV02-03/data/raw/t05/gvpa/GvpA_RefSeq.fasta	WP_034140466|gvpA|protein	WP_034140466|gvpA|protein	d2a9cf80c0a0a91432b1b11d844eb7a81eed05bdb56f6140a039c17851dc38dc	70	True	True	accepted_unique
ref_000803	/home/user/wangyuhan/ML-GV02-03/data/raw/t05/gvpa/GvpA_RefSeq.fasta	WP_029285673|gvpA|protein	WP_029285673|gvpA|protein	40a2221d15252edb050f337e812a0a0e82030bda075c5de81cab5b24cbf54425	88	True	True	accepted_unique
ref_000804	/home/user/wangyuhan/ML-GV02-03/data/raw/t05/gvpa/GvpA_RefSeq.fasta	WP_028783634|gvpA|protein	WP_028783634|gvpA|protein	70ad50650b15b30241b46f6465ff33574b09f8ff6e2d85eacace07ebbdbb4b4c	96	True	True	accepted_unique
ref_000805	/home/user/wangyuhan/ML-GV02-03/data/raw/t05/gvpa/GvpA_RefSeq.fasta	WP_027446346|gvpA|protein	WP_027446346|gvpA|protein	4257786c6e5cbd18c379edb255634f13210a3a0858aa78dec286def01406e13b	80	True	True	accepted_unique
ref_000806	/home/user/wangyuhan/ML-GV02-03/data/raw/t05/gvpa/GvpA_RefSeq.fasta	WP_026789190|gvpA|protein	WP_026789190|gvpA|protein	9246ded62fef238baf63231483e047bdc014a8a22dd10e95f7999ab152e2ce4c	72	True	True	accepted_unique
ref_000807	/home/user/wangyuhan/ML-GV02-03/data/raw/t05/gvpa/GvpA_RefSeq.fasta	WP_026700511|gvpA|protein	WP_026700511|gvpA|protein	eee8d141df1f2b85b5c588888cc7b206733c13490c748ec5b62d3dae746bdb78	89	True	True	accepted_unique
ref_000808	/home/user/wangyuhan/ML-GV02-03/data/raw/t05/gvpa/GvpA_RefSeq.fasta	WP_026694723|gvpA|protein	WP_026694723|gvpA|protein	04c114f840f1c4058ea6e9f14c3b7e8691408d35ff5ff449b3f20f8b9054d6e9	86	True	True	accepted_unique
ref_000809	/home/user/wangyuhan/ML-GV02-03/data/raw/t05/gvpa/GvpA_RefSeq.fasta	WP_026691531|gvpA|protein	WP_026691531|gvpA|protein	68c548b00ffecaf3e71eaf7cda18ee6f91f89f67cfe0fccf1cb993ad6be382c1	86	True	True	accepted_unique
ref_000810	/home/user/wangyuhan/ML-GV02-03/data/raw/t05/gvpa/GvpA_RefSeq.fasta	WP_026199334|gvpA|protein	WP_026199334|gvpA|protein	3534b37db97896c62b78885ef38a4ed0f4a24acb60b22c166f7f3229d40dc68c	72	True	True	accepted_unique
ref_000811	/home/user/wangyuhan/ML-GV02-03/data/raw/t05/gvpa/GvpA_RefSeq.fasta	WP_022834760|gvpA|protein	WP_022834760|gvpA|protein	f4b103f437e4c6a24ac0e6c90a00473a407fc0fe7e07cbcdde8753d9bda915e0	74	True	True	accepted_unique
ref_000812	/home/user/wangyuhan/ML-GV02-03/data/raw/t05/gvpa/GvpA_RefSeq.fasta	WP_022794406|gvpA|protein	WP_022794406|gvpA|protein	98944d24da61fa63ee273760c8aefff575f8e518609e95c855fc9b4829e66579	89	True	True	accepted_unique
ref_000813	/home/user/wangyuhan/ML-GV02-03/data/raw/t05/gvpa/GvpA_RefSeq.fasta	WP_021013972|gvpA|protein	WP_021013972|gvpA|protein	2c2604728bdef8750aecca71c68dd7345cd16ca9f3492c8d41790bc4ba9d256c	72	True	True	accepted_unique
ref_000814	/home/user/wangyuhan/ML-GV02-03/data/raw/t05/gvpa/GvpA_RefSeq.fasta	WP_020503491|gvpA|protein	WP_020503491|gvpA|protein	37dd3e43f991da44762eda1fc03a12cfd6611a4c5b2529fd84cdc0a6c48db876	72	True	True	accepted_unique
ref_000815	/home/user/wangyuhan/ML-GV02-03/data/raw/t05/gvpa/GvpA_RefSeq.fasta	WP_020175973|gvpA|protein	WP_020175973|gvpA|protein	b0f89cfe92498f0bbfbcd0093025ea5362a09020df0c6ccda90ebcbd25c82772	72	True	True	accepted_unique
ref_000816	/home/user/wangyuhan/ML-GV02-03/data/raw/t05/gvpa/GvpA_RefSeq.fasta	WP_019501601|gvpA|protein	WP_019501601|gvpA|protein	f2015767f86fd10eb8269a208b2cbd9b7cbd3f431a958a88b44a851664a82136	72	True	True	accepted_unique
ref_000817	/home/user/wangyuhan/ML-GV02-03/data/raw/t05/gvpa/GvpA_RefSeq.fasta	WP_018402864|gvpA|protein	WP_018402864|gvpA|protein	0bd3626b9a4c7329ae705733a82bc637c4e56a457107b06dace9e1adc430622c	72	True	True	accepted_unique
ref_000818	/home/user/wangyuhan/ML-GV02-03/data/raw/t05/gvpa/GvpA_RefSeq.fasta	WP_018402853|gvpA|protein	WP_018402853|gvpA|protein	2b00e8b222b28090ae59aa4d09e406e2ae1415ac06de4391fa8479d2afafdf02	72	True	True	accepted_unique
ref_000819	/home/user/wangyuhan/ML-GV02-03/data/raw/t05/gvpa/GvpA_RefSeq.fasta	WP_017803924|gvpA|protein	WP_017803924|gvpA|protein	9f00e82557108118047d7aa5c459901d325bb26517ac7d3f3ad30cb10081a05a	71	True	True	accepted_unique
ref_000820	/home/user/wangyuhan/ML-GV02-03/data/raw/t05/gvpa/GvpA_RefSeq.fasta	WP_017803923|gvpA|protein	WP_017803923|gvpA|protein	183f7c25f0bd175da05b2e89e1953e3d47fd199450e2d37264e0f73ade5688e2	71	True	True	accepted_unique
ref_000821	/home/user/wangyuhan/ML-GV02-03/data/raw/t05/gvpa/GvpA_RefSeq.fasta	WP_017300094|gvpA|protein	WP_017300094|gvpA|protein	2ae1a088ad5073788376e3f0ffee2fbd9a6cfbf7ccadb2c78762018e5405b300	72	True	True	accepted_unique
ref_000822	/home/user/wangyuhan/ML-GV02-03/data/raw/t05/gvpa/GvpA_RefSeq.fasta	WP_016922591|gvpA|protein	WP_016922591|gvpA|protein	b62ae18b3dfeec027170bd63f41ce77513e12ccca76b093f76d07368756dc390	71	True	True	accepted_unique
ref_000823	/home/user/wangyuhan/ML-GV02-03/data/raw/t05/gvpa/GvpA_RefSeq.fasta	WP_015758460|gvpA|protein	WP_015758460|gvpA|protein	c05532e5292ee743920d65ecfe1a2852cef2168b8b687e623d231738d49b66ce	71	True	True	accepted_unique
ref_000824	/home/user/wangyuhan/ML-GV02-03/data/raw/t05/gvpa/GvpA_RefSeq.fasta	WP_015500562|gvpA|protein	WP_015500562|gvpA|protein	23e4974582ff9055b537c85d1c7d9bfa148bb0c89ff5e6bfcce6b9dbd5215816	67	True	True	accepted_unique
ref_000825	/home/user/wangyuhan/ML-GV02-03/data/raw/t05/gvpa/GvpA_RefSeq.fasta	WP_015494765|gvpA|protein	WP_015494765|gvpA|protein	0ec42fc31cce1915953a69fe753ae7209efb1a24ce77db6ad3956126cc16571f	67	True	True	accepted_unique
ref_000826	/home/user/wangyuhan/ML-GV02-03/data/raw/t05/gvpa/GvpA_RefSeq.fasta	WP_015229078|gvpA|protein	WP_015229078|gvpA|protein	1de45b2894df870d6dc93bf63b41d5b8ae87b8977ef69da8d0a6b330a57f2a2e	72	True	True	accepted_unique
ref_000827	/home/user/wangyuhan/ML-GV02-03/data/raw/t05/gvpa/GvpA_RefSeq.fasta	WP_015224598|gvpA|protein	WP_015224598|gvpA|protein	0b3f3bf863a3ef16a85e9b7634232d6089ddb1d3fa11ecb4891db27bad515a16	72	True	True	accepted_unique
ref_000828	/home/user/wangyuhan/ML-GV02-03/data/raw/t05/gvpa/GvpA_RefSeq.fasta	WP_015167036|gvpA|protein	WP_015167036|gvpA|protein	97a7f6a002cd984f87b1f1644300f4af963beddf3b4cf9f83f41584445a9d102	72	True	True	accepted_unique
ref_000829	/home/user/wangyuhan/ML-GV02-03/data/raw/t05/gvpa/GvpA_RefSeq.fasta	WP_015146561|gvpA|protein	WP_015146561|gvpA|protein	8b0ebfde7cff54503a9090e672c63a888ebe9c83c6cd89fcf119e691ae16fccb	72	True	True	accepted_unique
ref_000830	/home/user/wangyuhan/ML-GV02-03/data/raw/t05/gvpa/GvpA_RefSeq.fasta	WP_015080752|gvpA|protein	WP_015080752|gvpA|protein	e4530a471497a647eef21f92f9c50626148b65fbacae7b18cec4b118bdc7630c	71	True	True	accepted_unique
ref_000831	/home/user/wangyuhan/ML-GV02-03/data/raw/t05/gvpa/GvpA_RefSeq.fasta	WP_015050167|gvpA|protein	WP_015050167|gvpA|protein	262acad32bf64e600812dbe317d432363f2a5c5dcb0bea6cfaa11de3ef08c572	75	True	True	accepted_unique
ref_000832	/home/user/wangyuhan/ML-GV02-03/data/raw/t05/gvpa/GvpA_RefSeq.fasta	WP_015050155|gvpA|protein	WP_015050155|gvpA|protein	4fc0ca345529f4acca56549280254126a3bce3689eee3ff1f1c7d97e1a137d46	76	True	True	accepted_unique
ref_000833	/home/user/wangyuhan/ML-GV02-03/data/raw/t05/gvpa/GvpA_RefSeq.fasta	WP_014812662|gvpA|protein	WP_014812662|gvpA|protein	b0df6d202bb0ca1472d2550f59247e9006db5cdd04dcf87dbb95247c1c698f20	72	True	True	accepted_unique
ref_000834	/home/user/wangyuhan/ML-GV02-03/data/raw/t05/gvpa/GvpA_RefSeq.fasta	WP_014644367|gvpA|protein	WP_014644367|gvpA|protein	3d98e85018a97647d2979b1b92da99e672ffca5c3b4c893049a8ca98064cfdba	100	True	True	accepted_unique
ref_000835	/home/user/wangyuhan/ML-GV02-03/data/raw/t05/gvpa/GvpA_RefSeq.fasta	WP_013706740|gvpA|protein	WP_013706740|gvpA|protein	9ea506ab1bb26a2a159a665465c1d2e49eaa520ea544b46534f50ac65e22eb5b	72	True	True	accepted_unique
ref_000836	/home/user/wangyuhan/ML-GV02-03/data/raw/t05/gvpa/GvpA_RefSeq.fasta	WP_013563650|gvpA|protein	WP_013563650|gvpA|protein	5baeb577d8a796551d8396cb82dd7b1230fa180e475aa13debe597dc37724863	72	True	True	accepted_unique
ref_000837	/home/user/wangyuhan/ML-GV02-03/data/raw/t05/gvpa/GvpA_RefSeq.fasta	WP_013066812|gvpA|protein	WP_013066812|gvpA|protein	48837acd9988d5a6289d0d312e5a2a0fba16154b3eb0d2bc4447a6f783bf1f0f	70	True	True	accepted_unique
ref_000838	/home/user/wangyuhan/ML-GV02-03/data/raw/t05/gvpa/GvpA_RefSeq.fasta	WP_012960867|gvpA|protein	WP_012960867|gvpA|protein	8a83398f0d99493d45ad5413f5bf4c872bbeac83ac2a2ff0f3dae7946cb25e3f	86	True	True	accepted_unique
ref_000839	/home/user/wangyuhan/ML-GV02-03/data/raw/t05/gvpa/GvpA_RefSeq.fasta	WP_012508536|gvpA|protein	WP_012508536|gvpA|protein	86ba936b09d3d4c2dbfaae01e2029bfa42384277d05b3999043640c63145625b	68	True	True	accepted_unique
ref_000840	/home/user/wangyuhan/ML-GV02-03/data/raw/t05/gvpa/GvpA_RefSeq.fasta	WP_012302590|gvpA|protein	WP_012302590|gvpA|protein	2027255edd94d63ce24067812850194c8d30692fd604d49a3ca498b09a5c91fd	76	True	True	accepted_unique
ref_000841	/home/user/wangyuhan/ML-GV02-03/data/raw/t05/gvpa/GvpA_RefSeq.fasta	WP_012302589|gvpA|protein	WP_012302589|gvpA|protein	32de3bdac890ded46f9d0b6ffc66575da21679788894d4b44ee01dcd07c8c4fd	75	True	True	accepted_unique
ref_000842	/home/user/wangyuhan/ML-GV02-03/data/raw/t05/gvpa/GvpA_RefSeq.fasta	WP_011939686|gvpA|protein	WP_011939686|gvpA|protein	5bc7120641a4b206dec615e69a9573322282b0869275b3db5d6e281c748b2aff	72	True	True	accepted_unique
ref_000843	/home/user/wangyuhan/ML-GV02-03/data/raw/t05/gvpa/GvpA_RefSeq.fasta	WP_011924420|gvpA|protein	WP_011924420|gvpA|protein	b1ead8162da63f55d1d62aad886afa5920a751a7dc6eeb39d86d3b4805b4f9b8	70	True	True	accepted_unique
ref_000844	/home/user/wangyuhan/ML-GV02-03/data/raw/t05/gvpa/GvpA_RefSeq.fasta	WP_011770092|gvpA|protein	WP_011770092|gvpA|protein	0a83dfbba1b7aa435131d2f769a306bfb6545d0e419077a8449abf3fac54dda8	72	True	True	accepted_unique
ref_000845	/home/user/wangyuhan/ML-GV02-03/data/raw/t05/gvpa/GvpA_RefSeq.fasta	WP_011769645|gvpA|protein	WP_011769645|gvpA|protein	408e9d934f451bb01fbc22c8555ff5a266d41c0beb19e3e9493652d1a205bb68	72	True	True	accepted_unique
ref_000846	/home/user/wangyuhan/ML-GV02-03/data/raw/t05/gvpa/GvpA_RefSeq.fasta	WP_011357441|gvpA|protein	WP_011357441|gvpA|protein	c96b24fc03ee6b66c3d6db1d4dbfdf5a829cb2f5a5ac51723c83800ae81e4aff	68	True	True	accepted_unique
ref_000847	/home/user/wangyuhan/ML-GV02-03/data/raw/t05/gvpa/GvpA_RefSeq.fasta	WP_011357439|gvpA|protein	WP_011357439|gvpA|protein	ed3338aeeaf3197e41d9f3b49f822f83be8358d114c4e683180c9cbe5b6e2647	68	True	True	accepted_unique
ref_000848	/home/user/wangyuhan/ML-GV02-03/data/raw/t05/gvpa/GvpA_RefSeq.fasta	WP_010996411|gvpA|protein	WP_010996411|gvpA|protein	278c7a3fd12af0319695fae40d23ee8f76abf60d19c5e52b3b9dab1e368567ba	71	True	True	accepted_unique
ref_000849	/home/user/wangyuhan/ML-GV02-03/data/raw/t05/gvpa/GvpA_RefSeq.fasta	WP_010195314|gvpA|protein	WP_010195314|gvpA|protein	d692e59ba181a3631d4d3ec7f34ea0113cbddcf7fa5a4afeff130171f0e4a3be	86	True	True	accepted_unique
ref_000850	/home/user/wangyuhan/ML-GV02-03/data/raw/t05/gvpa/GvpA_RefSeq.fasta	WP_010195308|gvpA|protein	WP_010195308|gvpA|protein	667b333e161105876fb2cf5ab53eba1f68f65e9d3e8006d6b2792f4e76e1c0ce	84	True	True	accepted_unique
ref_000851	/home/user/wangyuhan/ML-GV02-03/data/raw/t05/gvpa/GvpA_RefSeq.fasta	WP_010109838|gvpA|protein	WP_010109838|gvpA|protein	e6550f96a73166345a2aec6ac098824a55a382b065124fc8b710a568cb594709	73	True	True	accepted_unique
ref_000852	/home/user/wangyuhan/ML-GV02-03/data/raw/t05/gvpa/GvpA_RefSeq.fasta	WP_009915627|gvpA|protein	WP_009915627|gvpA|protein	c4bd9707d576667fbfb8e43220880a130b3190c167d94e89b6c75585c796caeb	73	True	True	accepted_unique
ref_000853	/home/user/wangyuhan/ML-GV02-03/data/raw/t05/gvpa/GvpA_RefSeq.fasta	WP_009768191|gvpA|protein	WP_009768191|gvpA|protein	6f827542d262f6a8575a7ac08f23d14f643c985ecf8d65260a44d1f5c7ecb48c	72	True	True	accepted_unique
ref_000854	/home/user/wangyuhan/ML-GV02-03/data/raw/t05/gvpa/GvpA_RefSeq.fasta	WP_009169231|gvpA|protein	WP_009169231|gvpA|protein	51883a62e7fa5ef818e6499cbd55d963789b8e540a7cfb352608744ffe3513fa	71	True	True	accepted_unique
ref_000855	/home/user/wangyuhan/ML-GV02-03/data/raw/t05/gvpa/GvpA_RefSeq.fasta	WP_009169229|gvpA|protein	WP_009169229|gvpA|protein	391901271c49a6d9d54b42505e0ac2fca4b89baac5f4a103e91f1d4b3d472107	73	True	True	accepted_unique
ref_000856	/home/user/wangyuhan/ML-GV02-03/data/raw/t05/gvpa/GvpA_RefSeq.fasta	WP_009169228|gvpA|protein	WP_009169228|gvpA|protein	706052693e14c0674d094441410ac70f0fdcf9d319fc8f976e9fbab329e2e05e	74	True	True	accepted_unique
ref_000857	/home/user/wangyuhan/ML-GV02-03/data/raw/t05/gvpa/GvpA_RefSeq.fasta	WP_009029464|gvpA|protein	WP_009029464|gvpA|protein	cd1db2b9b825a77adf976a844e61a41e984ced1856c3c21d3a272461756d06e0	70	True	True	accepted_unique
ref_000858	/home/user/wangyuhan/ML-GV02-03/data/raw/t05/gvpa/GvpA_RefSeq.fasta	WP_008586911|gvpA|protein	WP_008586911|gvpA|protein	b06af7d1cee59c44dcd2e42acc873239dd11f27fc86480ff91f70f048ef1d42a	102	True	True	accepted_unique
ref_000859	/home/user/wangyuhan/ML-GV02-03/data/raw/t05/gvpa/GvpA_RefSeq.fasta	WP_008311322|gvpA|protein	WP_008311322|gvpA|protein	4494d3357cccfc2291ada2f22a6a76541201c321b02c7a8c657ed2a36af68db8	72	True	True	accepted_unique
ref_000860	/home/user/wangyuhan/ML-GV02-03/data/raw/t05/gvpa/GvpA_RefSeq.fasta	WP_004569091|gvpA|protein	WP_004569091|gvpA|protein	5883761e33f67abd193ec3c033807077fa86d7441f5480dedb0c45c47de2d2d7	68	True	True	accepted_unique
ref_000861	/home/user/wangyuhan/ML-GV02-03/data/raw/t05/gvpa/GvpA_RefSeq.fasta	WP_002735503|gvpA|protein	WP_002735503|gvpA|protein	1f275ce5dd842aaaf9d24fd9cd1a995ccd28e8006db8fd5d12c958ce30deb19a	71	True	True	accepted_unique
ref_000862	/home/user/wangyuhan/ML-GV02-03/data/raw/t05/gvpa/GvpA_RefSeq.fasta	WP_002724507|gvpA|protein	WP_002724507|gvpA|protein	130e62fc868ae20abbc4d7ff1b393afceecf214e482dae49a68d7adeac27391d	70	True	True	accepted_unique
ref_000001	/home/user/wangyuhan/ML-GV02-03/data/raw/t05/gvpa/GvpA_NotPartial.fasta	WP_011429717|gvpA|protein	WP_011429717|gvpA|protein	91f552b9f84853c37285e8ec0883b5170258f814bb6ffb90d6de28cb0f3c10ba	72	True	False	exact_duplicate
ref_000002	/home/user/wangyuhan/ML-GV02-03/data/raw/t05/gvpa/GvpA_NotPartial.fasta	WP_201675936|gvpA|protein	WP_201675936|gvpA|protein	b55ecf6ba9a45824ac0902d9417c3d45586c40e90b417ea9d3dd2efec02697a5	143	True	False	exact_duplicate
ref_000003	/home/user/wangyuhan/ML-GV02-03/data/raw/t05/gvpa/GvpA_NotPartial.fasta	WP_011523206|gvpA|protein	WP_011523206|gvpA|protein	3a3fe29b7daaadaf3131edb18ea6ffdc6cb6eef2fb4b06ffffa81866f20a1290	98	True	False	exact_duplicate
ref_000441	/home/user/wangyuhan/ML-GV02-03/data/raw/t05/gvpa/GvpA_NotPartial.fasta	YCA96757|gvpA|protein	YCA96757|gvpA|protein	626bf126ff6a42e860e1c20b32f28779f549346c7554d3694e519c08b6d8a44f	86	True	False	exact_duplicate
ref_000443	/home/user/wangyuhan/ML-GV02-03/data/raw/t05/gvpa/GvpA_NotPartial.fasta	YCA96685|gvpA|protein	YCA96685|gvpA|protein	7c1ee34913e269628b618a114cee0c9a5db90412949ae6bff681672ba1b795b8	92	True	False	exact_duplicate
ref_000439	/home/user/wangyuhan/ML-GV02-03/data/raw/t05/gvpa/GvpA_NotPartial.fasta	YCA44208|gvpA|protein	YCA44208|gvpA|protein	c5a5f8d3e0297c749df71e201b09661efa435db12251191f1fed09764031bff7	87	True	False	exact_duplicate
ref_000004	/home/user/wangyuhan/ML-GV02-03/data/raw/t05/gvpa/GvpA_NotPartial.fasta	WP_212716182|gvpA|protein	WP_212716182|gvpA|protein	291571f679284e1c6455963717615530ae130d29db41fb93abfacd00fa90ad20	73	True	False	exact_duplicate
ref_000005	/home/user/wangyuhan/ML-GV02-03/data/raw/t05/gvpa/GvpA_NotPartial.fasta	WP_022949487|gvpA|protein	WP_022949487|gvpA|protein	419538444627b50496c73c8cf28e7a1950e49971cfa5cb42c07430d39eb23bd3	82	True	False	exact_duplicate
ref_000006	/home/user/wangyuhan/ML-GV02-03/data/raw/t05/gvpa/GvpA_NotPartial.fasta	WP_456223989|gvpA|protein	WP_456223989|gvpA|protein	d5b00906bcc6e7ee2601548874eb49cd8eb278fe52c5928828ab442fa2ac7bd2	86	True	False	exact_duplicate
ref_000008	/home/user/wangyuhan/ML-GV02-03/data/raw/t05/gvpa/GvpA_NotPartial.fasta	WP_207637540|gvpA|protein	WP_207637540|gvpA|protein	771e7534b299c23ea1f3fc11e557badf6e75402cafa8692f174709dbd4f60e34	74	True	False	exact_duplicate
ref_000009	/home/user/wangyuhan/ML-GV02-03/data/raw/t05/gvpa/GvpA_NotPartial.fasta	WP_316679069|gvpA|protein	WP_316679069|gvpA|protein	b017d8236271e13a1522a8ef3c3e41b212de7d09a483ea1ebbfd4dee7dac5625	116	True	False	exact_duplicate
ref_000010	/home/user/wangyuhan/ML-GV02-03/data/raw/t05/gvpa/GvpA_NotPartial.fasta	WP_213372596|gvpA|protein	WP_213372596|gvpA|protein	eccab6536bed142192aa8ae35f75a35f64e1e978ec751eee4b6251731c6ee4f8	70	True	False	exact_duplicate
ref_000011	/home/user/wangyuhan/ML-GV02-03/data/raw/t05/gvpa/GvpA_NotPartial.fasta	WP_007357596|gvpA|protein	WP_007357596|gvpA|protein	be9809bb1f91644c1e431f6b48e4a4183d550ce2f80f162d11f698b4c92e1824	72	True	False	exact_duplicate
ref_000012	/home/user/wangyuhan/ML-GV02-03/data/raw/t05/gvpa/GvpA_NotPartial.fasta	WP_265902100|gvpA|protein	WP_265902100|gvpA|protein	622c716866d2133b80f2821fd0bc4b15c8a3872f04f569b358001ba249e094bc	72	True	False	exact_duplicate
ref_000013	/home/user/wangyuhan/ML-GV02-03/data/raw/t05/gvpa/GvpA_NotPartial.fasta	WP_449053447|gvpA|protein	WP_449053447|gvpA|protein	bbaedab282a048e849b5f7ba2a3fd16f9f5e2f612426ba2ccdfdd490ac6b80dc	92	True	False	exact_duplicate
ref_000441	/home/user/wangyuhan/ML-GV02-03/data/raw/t05/gvpa/GvpA_NotPartial.fasta	YBV88867|gvpA|protein	YBV88867|gvpA|protein	626bf126ff6a42e860e1c20b32f28779f549346c7554d3694e519c08b6d8a44f	86	True	False	exact_duplicate
ref_000442	/home/user/wangyuhan/ML-GV02-03/data/raw/t05/gvpa/GvpA_NotPartial.fasta	YBV88864|gvpA|protein	YBV88864|gvpA|protein	6eb7664db70304cf0f2ba846d31c4d016d07d8bebedb70ce52fe5ab7167e72cd	88	True	False	exact_duplicate
ref_000443	/home/user/wangyuhan/ML-GV02-03/data/raw/t05/gvpa/GvpA_NotPartial.fasta	YBV88797|gvpA|protein	YBV88797|gvpA|protein	7c1ee34913e269628b618a114cee0c9a5db90412949ae6bff681672ba1b795b8	92	True	False	exact_duplicate
ref_000014	/home/user/wangyuhan/ML-GV02-03/data/raw/t05/gvpa/GvpA_NotPartial.fasta	WP_446859740|gvpA|protein	WP_446859740|gvpA|protein	d9b32c93cd099c72a9565d0d1d751944285fef4f2523b73e02fca6dad757ad3d	72	True	False	exact_duplicate
ref_000863	/home/user/wangyuhan/ML-GV02-03/data/raw/t05/gvpa/GvpA_NotPartial.fasta	CAM5684750|gvpA|protein	CAM5684750|gvpA|protein	a7888708ef06ff429137b5f90bcf29a5554288781fc3ac1aa1956a940f6dfeff	145	True	True	accepted_unique
ref_000864	/home/user/wangyuhan/ML-GV02-03/data/raw/t05/gvpa/GvpA_NotPartial.fasta	CAM5741545|gvpA|protein	CAM5741545|gvpA|protein	996f1ae7a3cef8f9a8ed426bd6050be051f0c9741cedf2144548abf9bc541713	111	True	True	accepted_unique
ref_000865	/home/user/wangyuhan/ML-GV02-03/data/raw/t05/gvpa/GvpA_NotPartial.fasta	CAM5530930|gvpA|protein	CAM5530930|gvpA|protein	eb976eb99310af7a1b4c5b8a783bb21ea23cc0b2ffa88cb827b8175fca3e50bc	141	True	True	accepted_unique
ref_000014	/home/user/wangyuhan/ML-GV02-03/data/raw/t05/gvpa/GvpA_NotPartial.fasta	KAM3113662|gvpA|protein	KAM3113662|gvpA|protein	d9b32c93cd099c72a9565d0d1d751944285fef4f2523b73e02fca6dad757ad3d	72	True	False	exact_duplicate
ref_000014	/home/user/wangyuhan/ML-GV02-03/data/raw/t05/gvpa/GvpA_NotPartial.fasta	KAM3106609|gvpA|protein	KAM3106609|gvpA|protein	d9b32c93cd099c72a9565d0d1d751944285fef4f2523b73e02fca6dad757ad3d	72	True	False	exact_duplicate
ref_000014	/home/user/wangyuhan/ML-GV02-03/data/raw/t05/gvpa/GvpA_NotPartial.fasta	KAM3097639|gvpA|protein	KAM3097639|gvpA|protein	d9b32c93cd099c72a9565d0d1d751944285fef4f2523b73e02fca6dad757ad3d	72	True	False	exact_duplicate
ref_000014	/home/user/wangyuhan/ML-GV02-03/data/raw/t05/gvpa/GvpA_NotPartial.fasta	KAM3092794|gvpA|protein	KAM3092794|gvpA|protein	d9b32c93cd099c72a9565d0d1d751944285fef4f2523b73e02fca6dad757ad3d	72	True	False	exact_duplicate
ref_000866	/home/user/wangyuhan/ML-GV02-03/data/raw/t05/gvpa/GvpA_NotPartial.fasta	UHH23718|gvpA|protein	UHH23718|gvpA|protein	ba8e972cfc82013f9a872b7604521bccff7228aaa4cf4699b3ef40a5b41e4d6d	126	True	True	accepted_unique
ref_000867	/home/user/wangyuhan/ML-GV02-03/data/raw/t05/gvpa/GvpA_NotPartial.fasta	UHH21717|gvpA|protein	UHH21717|gvpA|protein	fb63ecbac61c302167f920fcc1a3500f2fbbd2afc3ff29984a0762f6ce0653bf	147	True	True	accepted_unique
ref_000866	/home/user/wangyuhan/ML-GV02-03/data/raw/t05/gvpa/GvpA_NotPartial.fasta	QPI62105|gvpA|protein	QPI62105|gvpA|protein	ba8e972cfc82013f9a872b7604521bccff7228aaa4cf4699b3ef40a5b41e4d6d	126	True	False	exact_duplicate
ref_000867	/home/user/wangyuhan/ML-GV02-03/data/raw/t05/gvpa/GvpA_NotPartial.fasta	QPI60033|gvpA|protein	QPI60033|gvpA|protein	fb63ecbac61c302167f920fcc1a3500f2fbbd2afc3ff29984a0762f6ce0653bf	147	True	False	exact_duplicate
ref_000868	/home/user/wangyuhan/ML-GV02-03/data/raw/t05/gvpa/GvpA_NotPartial.fasta	QPI55488|gvpA|protein	QPI55488|gvpA|protein	18287ab709e4536a8a89739dfa9e9f242eae4affc02341a97ddfbf290ac97055	150	True	True	accepted_unique
ref_000046	/home/user/wangyuhan/ML-GV02-03/data/raw/t05/gvpa/GvpA_NotPartial.fasta	XUE26255|gvpA|protein	XUE26255|gvpA|protein	8f7aa09afb9d7c3cc2eb21e2c36d3651a0b1d0bb140446aa99cfc1a96f4de3ce	72	True	False	exact_duplicate
ref_000015	/home/user/wangyuhan/ML-GV02-03/data/raw/t05/gvpa/GvpA_NotPartial.fasta	WP_017721733|gvpA|protein	WP_017721733|gvpA|protein	fd161dfe59366687c2f2851a7085607a1a49850277ce6c989d8f377546025ebe	72	True	False	exact_duplicate
ref_000016	/home/user/wangyuhan/ML-GV02-03/data/raw/t05/gvpa/GvpA_NotPartial.fasta	WP_017721725|gvpA|protein	WP_017721725|gvpA|protein	2e707b0ae8b0c69feb2eb75166178922a33851e0022ed4c173447055ed769eb8	72	True	False	exact_duplicate
ref_000423	/home/user/wangyuhan/ML-GV02-03/data/raw/t05/gvpa/GvpA_NotPartial.fasta	YAG13884|gvpA|protein	YAG13884|gvpA|protein	b1857f03b52d3c765ea44605167b7ee6d0e849f9d810b2d427d6ff293c822d68	73	True	False	exact_duplicate
ref_000423	/home/user/wangyuhan/ML-GV02-03/data/raw/t05/gvpa/GvpA_NotPartial.fasta	YAG05227|gvpA|protein	YAG05227|gvpA|protein	b1857f03b52d3c765ea44605167b7ee6d0e849f9d810b2d427d6ff293c822d68	73	True	False	exact_duplicate
ref_000017	/home/user/wangyuhan/ML-GV02-03/data/raw/t05/gvpa/GvpA_NotPartial.fasta	WP_004056706|gvpA|protein	WP_004056706|gvpA|protein	39696a92cfeac6f208a255a5ec1c7cae2a4ce2a68c1bd57acb083ca27b8585bb	78	True	False	exact_duplicate
ref_000018	/home/user/wangyuhan/ML-GV02-03/data/raw/t05/gvpa/GvpA_NotPartial.fasta	WP_394584192|gvpA|protein	WP_394584192|gvpA|protein	7577017d2109753dbbe7029d3485d0d19c0610f0a962738329206f6c25a2e3bc	97	True	False	exact_duplicate
ref_000019	/home/user/wangyuhan/ML-GV02-03/data/raw/t05/gvpa/GvpA_NotPartial.fasta	WP_138244856|gvpA|protein	WP_138244856|gvpA|protein	a36a3359d46f89a3e9c6d339b24da5b9e7b56e875526568f984c4d9d61c9bfca	93	True	False	exact_duplicate
ref_000020	/home/user/wangyuhan/ML-GV02-03/data/raw/t05/gvpa/GvpA_NotPartial.fasta	WP_427576720|gvpA|protein	WP_427576720|gvpA|protein	5d20e8974d28b202ff3e6522190fdbf27c7ec35790b334b7bfc0964dd160f003	88	True	False	exact_duplicate
ref_000021	/home/user/wangyuhan/ML-GV02-03/data/raw/t05/gvpa/GvpA_NotPartial.fasta	WP_427090790|gvpA|protein	WP_427090790|gvpA|protein	728d4a20bb169ff7ae2861700c0866b80279630b2ad500072229c4d700f14351	92	True	False	exact_duplicate
ref_000022	/home/user/wangyuhan/ML-GV02-03/data/raw/t05/gvpa/GvpA_NotPartial.fasta	WP_426749826|gvpA|protein	WP_426749826|gvpA|protein	b3e7eac10f741058a688bc7d62c0f50b5a15ad09caae40e59b5e7155d1011066	74	True	False	exact_duplicate
ref_000023	/home/user/wangyuhan/ML-GV02-03/data/raw/t05/gvpa/GvpA_NotPartial.fasta	WP_426659139|gvpA|protein	WP_426659139|gvpA|protein	b06d07bf5a6f8cc59b307cc74668a4565b178a5b51a0e3498d4c26987650035e	92	True	False	exact_duplicate
ref_000025	/home/user/wangyuhan/ML-GV02-03/data/raw/t05/gvpa/GvpA_NotPartial.fasta	WP_430140347|gvpA|protein	WP_430140347|gvpA|protein	910f1df4ae7a7e4e12922ebde6fee24297fb90f39eea052693cdac7ba54d0304	83	True	False	exact_duplicate
ref_000026	/home/user/wangyuhan/ML-GV02-03/data/raw/t05/gvpa/GvpA_NotPartial.fasta	WP_430127181|gvpA|protein	WP_430127181|gvpA|protein	17718ba432b9ffbaf06b1bb2b0b2bb7a8824f8f4fa1fc5d630b80747312e1252	90	True	False	exact_duplicate
ref_000027	/home/user/wangyuhan/ML-GV02-03/data/raw/t05/gvpa/GvpA_NotPartial.fasta	WP_430006374|gvpA|protein	WP_430006374|gvpA|protein	ac016806c065e58141c3b0882b333b9894e53396b76c57e421d12cc3fee9d207	89	True	False	exact_duplicate
ref_000837	/home/user/wangyuhan/ML-GV02-03/data/raw/t05/gvpa/GvpA_NotPartial.fasta	XZQ37595|gvpA|protein	XZQ37595|gvpA|protein	48837acd9988d5a6289d0d312e5a2a0fba16154b3eb0d2bc4447a6f783bf1f0f	70	True	False	exact_duplicate
ref_000837	/home/user/wangyuhan/ML-GV02-03/data/raw/t05/gvpa/GvpA_NotPartial.fasta	XZQ30374|gvpA|protein	XZQ30374|gvpA|protein	48837acd9988d5a6289d0d312e5a2a0fba16154b3eb0d2bc4447a6f783bf1f0f	70	True	False	exact_duplicate
ref_000837	/home/user/wangyuhan/ML-GV02-03/data/raw/t05/gvpa/GvpA_NotPartial.fasta	XZQ33824|gvpA|protein	XZQ33824|gvpA|protein	48837acd9988d5a6289d0d312e5a2a0fba16154b3eb0d2bc4447a6f783bf1f0f	70	True	False	exact_duplicate
ref_000837	/home/user/wangyuhan/ML-GV02-03/data/raw/t05/gvpa/GvpA_NotPartial.fasta	XZQ16028|gvpA|protein	XZQ16028|gvpA|protein	48837acd9988d5a6289d0d312e5a2a0fba16154b3eb0d2bc4447a6f783bf1f0f	70	True	False	exact_duplicate
ref_000837	/home/user/wangyuhan/ML-GV02-03/data/raw/t05/gvpa/GvpA_NotPartial.fasta	XZQ17376|gvpA|protein	XZQ17376|gvpA|protein	48837acd9988d5a6289d0d312e5a2a0fba16154b3eb0d2bc4447a6f783bf1f0f	70	True	False	exact_duplicate
ref_000837	/home/user/wangyuhan/ML-GV02-03/data/raw/t05/gvpa/GvpA_NotPartial.fasta	XZQ08988|gvpA|protein	XZQ08988|gvpA|protein	48837acd9988d5a6289d0d312e5a2a0fba16154b3eb0d2bc4447a6f783bf1f0f	70	True	False	exact_duplicate
ref_000029	/home/user/wangyuhan/ML-GV02-03/data/raw/t05/gvpa/GvpA_NotPartial.fasta	WP_221567456|gvpA|protein	WP_221567456|gvpA|protein	58552353178d8fa2f36f7b3daafc17974c1edbc48383f9691809dca7f0067bba	87	True	False	exact_duplicate
ref_000030	/home/user/wangyuhan/ML-GV02-03/data/raw/t05/gvpa/GvpA_NotPartial.fasta	WP_443143372|gvpA|protein	WP_443143372|gvpA|protein	9a9380d4b10b8ef49e08d8cdcb310b72b0898e2b53118fc0ebf7fc13e6851c59	85	True	False	exact_duplicate
ref_000031	/home/user/wangyuhan/ML-GV02-03/data/raw/t05/gvpa/GvpA_NotPartial.fasta	WP_128525920|gvpA|protein	WP_128525920|gvpA|protein	969159e68bc0479327cf12527c848f43e276e0d12b14db7fde40332a3c5adbe5	92	True	False	exact_duplicate
ref_000869	/home/user/wangyuhan/ML-GV02-03/data/raw/t05/gvpa/GvpA_NotPartial.fasta	XZE34423|gvpA|protein	XZE34423|gvpA|protein	4eaa3da48c36a3a15145eb7a07beba22405b734d091843256161e81bde0d4eca	72	True	True	accepted_unique
ref_000032	/home/user/wangyuhan/ML-GV02-03/data/raw/t05/gvpa/GvpA_NotPartial.fasta	WP_257743183|gvpA|protein	WP_257743183|gvpA|protein	484b097725196d6613d9eef612aabe13e2fc6914100808e8038b38b39a3ebbaa	69	True	False	exact_duplicate
ref_000033	/home/user/wangyuhan/ML-GV02-03/data/raw/t05/gvpa/GvpA_NotPartial.fasta	WP_342825632|gvpA|protein	WP_342825632|gvpA|protein	8d9ebc646f6fec623f00ceeb9030112286df2d5d8f0f5344df448c0444b19877	88	True	False	exact_duplicate
ref_000034	/home/user/wangyuhan/ML-GV02-03/data/raw/t05/gvpa/GvpA_NotPartial.fasta	WP_330483830|gvpA|protein	WP_330483830|gvpA|protein	54de16dcd0555acdee27e23bffaee616a31d423e9e0c7d09bc1668199d1ac85a	72	True	False	exact_duplicate
ref_000870	/home/user/wangyuhan/ML-GV02-03/data/raw/t05/gvpa/GvpA_NotPartial.fasta	XZF63074|gvpA|protein	XZF63074|gvpA|protein	c6694fda37ff51b3f38274d3a185ac8443a605c30d985300d151a639aecb11a8	71	True	True	accepted_unique
ref_000785	/home/user/wangyuhan/ML-GV02-03/data/raw/t05/gvpa/GvpA_NotPartial.fasta	XZF63073|gvpA|protein	XZF63073|gvpA|protein	83cf4bae954290aa781d919a49879399b8f8f6215eafe44d5ab3358539071424	71	True	False	exact_duplicate
ref_000785	/home/user/wangyuhan/ML-GV02-03/data/raw/t05/gvpa/GvpA_NotPartial.fasta	XZF63072|gvpA|protein	XZF63072|gvpA|protein	83cf4bae954290aa781d919a49879399b8f8f6215eafe44d5ab3358539071424	71	True	False	exact_duplicate
ref_000785	/home/user/wangyuhan/ML-GV02-03/data/raw/t05/gvpa/GvpA_NotPartial.fasta	XZF63071|gvpA|protein	XZF63071|gvpA|protein	83cf4bae954290aa781d919a49879399b8f8f6215eafe44d5ab3358539071424	71	True	False	exact_duplicate
ref_000785	/home/user/wangyuhan/ML-GV02-03/data/raw/t05/gvpa/GvpA_NotPartial.fasta	XZF63070|gvpA|protein	XZF63070|gvpA|protein	83cf4bae954290aa781d919a49879399b8f8f6215eafe44d5ab3358539071424	71	True	False	exact_duplicate
ref_000035	/home/user/wangyuhan/ML-GV02-03/data/raw/t05/gvpa/GvpA_NotPartial.fasta	WP_425589715|gvpA|protein	WP_425589715|gvpA|protein	7cb4966ababb293a7db4a703483439d33c99a78a5a6366c84547d2b67a710fd5	80	True	False	exact_duplicate
ref_000036	/home/user/wangyuhan/ML-GV02-03/data/raw/t05/gvpa/GvpA_NotPartial.fasta	WP_015164085|gvpA|protein	WP_015164085|gvpA|protein	4c06fdcd9b94ab517ef7d85c35ac9fe42722fa104e03d232f9906a1962e98808	73	True	False	exact_duplicate
ref_000871	/home/user/wangyuhan/ML-GV02-03/data/raw/t05/gvpa/GvpA_NotPartial.fasta	XZE52656|gvpA|protein	XZE52656|gvpA|protein	f8623581c79728f8eb53cc1e90b7ea1d14a2cf56580817def87ab94acc99e449	72	True	True	accepted_unique
ref_000872	/home/user/wangyuhan/ML-GV02-03/data/raw/t05/gvpa/GvpA_NotPartial.fasta	XZE39488|gvpA|protein	XZE39488|gvpA|protein	f063d1210a55bcc917a55d7a3c9d7ac757fba7cad9a5e0587939eceff0f37b29	72	True	True	accepted_unique
ref_000872	/home/user/wangyuhan/ML-GV02-03/data/raw/t05/gvpa/GvpA_NotPartial.fasta	XZE19262|gvpA|protein	XZE19262|gvpA|protein	f063d1210a55bcc917a55d7a3c9d7ac757fba7cad9a5e0587939eceff0f37b29	72	True	False	exact_duplicate
ref_000037	/home/user/wangyuhan/ML-GV02-03/data/raw/t05/gvpa/GvpA_NotPartial.fasta	WP_425311603|gvpA|protein	WP_425311603|gvpA|protein	de1520359c3cd2badb80f957511e46579741fc7dd176bf9ab7bd48d3e9492cb6	80	True	False	exact_duplicate
ref_000038	/home/user/wangyuhan/ML-GV02-03/data/raw/t05/gvpa/GvpA_NotPartial.fasta	WP_436344290|gvpA|protein	WP_436344290|gvpA|protein	49d3875a5ef4bbb644f930139f267d2cc4e3bdfbfd30dde28aab18149bc1f254	95	True	False	exact_duplicate
ref_000039	/home/user/wangyuhan/ML-GV02-03/data/raw/t05/gvpa/GvpA_NotPartial.fasta	WP_440955508|gvpA|protein	WP_440955508|gvpA|protein	1e070d0d2387bb202235dd365948f4b25f48059ea4c98d3578571e9cd7eb12bb	75	True	False	exact_duplicate
ref_000040	/home/user/wangyuhan/ML-GV02-03/data/raw/t05/gvpa/GvpA_NotPartial.fasta	WP_440769334|gvpA|protein	WP_440769334|gvpA|protein	38cb7bda240a833d36b384add457f6a14c4bac92c8bfa58639724187005025d1	95	True	False	exact_duplicate
ref_000041	/home/user/wangyuhan/ML-GV02-03/data/raw/t05/gvpa/GvpA_NotPartial.fasta	WP_440765493|gvpA|protein	WP_440765493|gvpA|protein	3dcd4bf22b7bbdb49d82bd3c0ad5243535489009f84e98c6150ccd4e5dc08f1d	95	True	False	exact_duplicate
ref_000042	/home/user/wangyuhan/ML-GV02-03/data/raw/t05/gvpa/GvpA_NotPartial.fasta	WP_124192755|gvpA|protein	WP_124192755|gvpA|protein	8f3e753527c876cd94f0f40735a536faf3fc90a3524a79b993b998a48495383b	95	True	False	exact_duplicate
ref_000043	/home/user/wangyuhan/ML-GV02-03/data/raw/t05/gvpa/GvpA_NotPartial.fasta	WP_069965561|gvpA|protein	WP_069965561|gvpA|protein	a36db64a1cae19ba84f5736ecad9f699b8c418df17453e6097baf0fe98e55ea5	75	True	False	exact_duplicate
ref_000039	/home/user/wangyuhan/ML-GV02-03/data/raw/t05/gvpa/GvpA_NotPartial.fasta	XYY85779|gvpA|protein	XYY85779|gvpA|protein	1e070d0d2387bb202235dd365948f4b25f48059ea4c98d3578571e9cd7eb12bb	75	True	False	exact_duplicate
ref_000044	/home/user/wangyuhan/ML-GV02-03/data/raw/t05/gvpa/GvpA_NotPartial.fasta	WP_433627171|gvpA|protein	WP_433627171|gvpA|protein	8029e604ce9dbbf533bc34063c6ae4a15adebb3aec2e326641ead510af02f069	83	True	False	exact_duplicate
ref_000045	/home/user/wangyuhan/ML-GV02-03/data/raw/t05/gvpa/GvpA_NotPartial.fasta	WP_113279097|gvpA|protein	WP_113279097|gvpA|protein	a95d48deca9746ef575ec2c96132f2d3026053b85173ca7aeafa62b090fafe87	83	True	False	exact_duplicate
ref_000046	/home/user/wangyuhan/ML-GV02-03/data/raw/t05/gvpa/GvpA_NotPartial.fasta	WP_006616598|gvpA|protein	WP_006616598|gvpA|protein	8f7aa09afb9d7c3cc2eb21e2c36d3651a0b1d0bb140446aa99cfc1a96f4de3ce	72	True	False	exact_duplicate
ref_000047	/home/user/wangyuhan/ML-GV02-03/data/raw/t05/gvpa/GvpA_NotPartial.fasta	WP_168048067|gvpA|protein	WP_168048067|gvpA|protein	c0e3f34d82aab8fda8726713aa4d0f05d8d0c58a7216b71e0372b7862d480ca1	72	True	False	exact_duplicate
ref_000873	/home/user/wangyuhan/ML-GV02-03/data/raw/t05/gvpa/GvpA_NotPartial.fasta	WNE94752|gvpA|protein	WNE94752|gvpA|protein	2b769a64bdbe24f6dbc761932d2659e2b37730bb31d575bda50d22ede5ca9712	147	True	True	accepted_unique
ref_000874	/home/user/wangyuhan/ML-GV02-03/data/raw/t05/gvpa/GvpA_NotPartial.fasta	QTU67326|gvpA|protein	QTU67326|gvpA|protein	212e64a237d4a079544830060e000d685d6029e03106706bde492d8fbf216b5f	150	True	True	accepted_unique
ref_000875	/home/user/wangyuhan/ML-GV02-03/data/raw/t05/gvpa/GvpA_NotPartial.fasta	QTU65643|gvpA|protein	QTU65643|gvpA|protein	6202903abc283dce157501a24c7d05b6516fa96729fe749f2cd0677265fa2e00	141	True	True	accepted_unique
ref_000876	/home/user/wangyuhan/ML-GV02-03/data/raw/t05/gvpa/GvpA_NotPartial.fasta	QTU59252|gvpA|protein	QTU59252|gvpA|protein	cf176e85bcb7fcecce874dc130c07994c7c2dec83f8f066b0d03e1c869dad93c	150	True	True	accepted_unique
ref_000875	/home/user/wangyuhan/ML-GV02-03/data/raw/t05/gvpa/GvpA_NotPartial.fasta	QTU57455|gvpA|protein	QTU57455|gvpA|protein	6202903abc283dce157501a24c7d05b6516fa96729fe749f2cd0677265fa2e00	141	True	False	exact_duplicate
ref_000874	/home/user/wangyuhan/ML-GV02-03/data/raw/t05/gvpa/GvpA_NotPartial.fasta	QTU51168|gvpA|protein	QTU51168|gvpA|protein	212e64a237d4a079544830060e000d685d6029e03106706bde492d8fbf216b5f	150	True	False	exact_duplicate
ref_000875	/home/user/wangyuhan/ML-GV02-03/data/raw/t05/gvpa/GvpA_NotPartial.fasta	QTU49417|gvpA|protein	QTU49417|gvpA|protein	6202903abc283dce157501a24c7d05b6516fa96729fe749f2cd0677265fa2e00	141	True	False	exact_duplicate
ref_000048	/home/user/wangyuhan/ML-GV02-03/data/raw/t05/gvpa/GvpA_NotPartial.fasta	WP_436345017|gvpA|protein	WP_436345017|gvpA|protein	144165ea4d3ea8a64b2e97fd557e53d485b05e168aefc547e39ea8dc8fed59dd	95	True	False	exact_duplicate
ref_000877	/home/user/wangyuhan/ML-GV02-03/data/raw/t05/gvpa/GvpA_NotPartial.fasta	CAN7153602|gvpA|protein	CAN7153602|gvpA|protein	cd47d1496d29850f6644a2e4918cb8d069efc2063d92c23b7ee666969d921dd9	86	True	True	accepted_unique
ref_000878	/home/user/wangyuhan/ML-GV02-03/data/raw/t05/gvpa/GvpA_NotPartial.fasta	CAN7153246|gvpA|protein	CAN7153246|gvpA|protein	17825fed28b3816957865a9787600fce91fde45a10731384cca9440cc2086949	86	True	True	accepted_unique
ref_000049	/home/user/wangyuhan/ML-GV02-03/data/raw/t05/gvpa/GvpA_NotPartial.fasta	WP_110939071|gvpA|protein	WP_110939071|gvpA|protein	86d5d5d3761caa2bee10b54644a925b5b984756881a0c293ecddc246f152bd18	87	True	False	exact_duplicate
ref_000879	/home/user/wangyuhan/ML-GV02-03/data/raw/t05/gvpa/GvpA_NotPartial.fasta	XXM72724|gvpA|protein	XXM72724|gvpA|protein	a16c69ff4d6574406deefeeea27f16d1b96b050cc0bf70bb1f568109cea75374	88	True	True	accepted_unique
ref_000050	/home/user/wangyuhan/ML-GV02-03/data/raw/t05/gvpa/GvpA_NotPartial.fasta	WP_435550518|gvpA|protein	WP_435550518|gvpA|protein	bb973ad514bc9a8e4071a1875fc5756e7859556fa23d8596d35a2c4da3565928	72	True	False	exact_duplicate
ref_000051	/home/user/wangyuhan/ML-GV02-03/data/raw/t05/gvpa/GvpA_NotPartial.fasta	WP_435348186|gvpA|protein	WP_435348186|gvpA|protein	d5c2d4101839c4dee9b608bbafd0bb712b3bb5cc8e8bb373c074eb48f72d3a9b	86	True	False	exact_duplicate
ref_000052	/home/user/wangyuhan/ML-GV02-03/data/raw/t05/gvpa/GvpA_NotPartial.fasta	WP_435186752|gvpA|protein	WP_435186752|gvpA|protein	13dff233b6dfd04cb79ca09d72c28e71d76c7ac1c59a0f75ad568a11420b75ee	76	True	False	exact_duplicate
ref_000053	/home/user/wangyuhan/ML-GV02-03/data/raw/t05/gvpa/GvpA_NotPartial.fasta	WP_435154202|gvpA|protein	WP_435154202|gvpA|protein	f5db5c4704d592f947d9390e9bcd6afde1ac2a8c4b44472ec28636a4e3ab47c5	82	True	False	exact_duplicate
ref_000054	/home/user/wangyuhan/ML-GV02-03/data/raw/t05/gvpa/GvpA_NotPartial.fasta	WP_435154193|gvpA|protein	WP_435154193|gvpA|protein	5ce032d4beb5b5581c618476a58270e695b96c865b52dc4ae6b923e37a3377cd	81	True	False	exact_duplicate
ref_000055	/home/user/wangyuhan/ML-GV02-03/data/raw/t05/gvpa/GvpA_NotPartial.fasta	WP_435076947|gvpA|protein	WP_435076947|gvpA|protein	137eb09d8ee3033616644972d3e3e925408f94a1cacddbb7cf37e4ede6df16f3	102	True	False	exact_duplicate
ref_000776	/home/user/wangyuhan/ML-GV02-03/data/raw/t05/gvpa/GvpA_NotPartial.fasta	XXK15508|gvpA|protein	XXK15508|gvpA|protein	91bed3979bc3e4336571f4777fdc970add38d222ade8ef0f579bd78d1660a8a9	71	True	False	exact_duplicate
ref_000776	/home/user/wangyuhan/ML-GV02-03/data/raw/t05/gvpa/GvpA_NotPartial.fasta	XXK15507|gvpA|protein	XXK15507|gvpA|protein	91bed3979bc3e4336571f4777fdc970add38d222ade8ef0f579bd78d1660a8a9	71	True	False	exact_duplicate
ref_000776	/home/user/wangyuhan/ML-GV02-03/data/raw/t05/gvpa/GvpA_NotPartial.fasta	XXK15506|gvpA|protein	XXK15506|gvpA|protein	91bed3979bc3e4336571f4777fdc970add38d222ade8ef0f579bd78d1660a8a9	71	True	False	exact_duplicate
ref_000776	/home/user/wangyuhan/ML-GV02-03/data/raw/t05/gvpa/GvpA_NotPartial.fasta	XXK15505|gvpA|protein	XXK15505|gvpA|protein	91bed3979bc3e4336571f4777fdc970add38d222ade8ef0f579bd78d1660a8a9	71	True	False	exact_duplicate
ref_000776	/home/user/wangyuhan/ML-GV02-03/data/raw/t05/gvpa/GvpA_NotPartial.fasta	XXK15504|gvpA|protein	XXK15504|gvpA|protein	91bed3979bc3e4336571f4777fdc970add38d222ade8ef0f579bd78d1660a8a9	71	True	False	exact_duplicate
ref_000880	/home/user/wangyuhan/ML-GV02-03/data/raw/t05/gvpa/GvpA_NotPartial.fasta	XXJ15031|gvpA|protein	XXJ15031|gvpA|protein	64208f7b33282b03c8c6f4013e438a9f19fc9c3f1337c93bcd03d0755e87ee6b	72	True	True	accepted_unique
ref_000730	/home/user/wangyuhan/ML-GV02-03/data/raw/t05/gvpa/GvpA_NotPartial.fasta	XWU83248|gvpA|protein	XWU83248|gvpA|protein	a2b40c981456774b6e29756894bbc27182fa3b0b77e5d636b4032ab626568ac2	74	True	False	exact_duplicate
ref_000830	/home/user/wangyuhan/ML-GV02-03/data/raw/t05/gvpa/GvpA_NotPartial.fasta	XWU45086|gvpA|protein	XWU45086|gvpA|protein	e4530a471497a647eef21f92f9c50626148b65fbacae7b18cec4b118bdc7630c	71	True	False	exact_duplicate
ref_000830	/home/user/wangyuhan/ML-GV02-03/data/raw/t05/gvpa/GvpA_NotPartial.fasta	XWU45085|gvpA|protein	XWU45085|gvpA|protein	e4530a471497a647eef21f92f9c50626148b65fbacae7b18cec4b118bdc7630c	71	True	False	exact_duplicate
ref_000830	/home/user/wangyuhan/ML-GV02-03/data/raw/t05/gvpa/GvpA_NotPartial.fasta	XWU45084|gvpA|protein	XWU45084|gvpA|protein	e4530a471497a647eef21f92f9c50626148b65fbacae7b18cec4b118bdc7630c	71	True	False	exact_duplicate
ref_000830	/home/user/wangyuhan/ML-GV02-03/data/raw/t05/gvpa/GvpA_NotPartial.fasta	XWU45083|gvpA|protein	XWU45083|gvpA|protein	e4530a471497a647eef21f92f9c50626148b65fbacae7b18cec4b118bdc7630c	71	True	False	exact_duplicate
ref_000830	/home/user/wangyuhan/ML-GV02-03/data/raw/t05/gvpa/GvpA_NotPartial.fasta	XWU45082|gvpA|protein	XWU45082|gvpA|protein	e4530a471497a647eef21f92f9c50626148b65fbacae7b18cec4b118bdc7630c	71	True	False	exact_duplicate
ref_000441	/home/user/wangyuhan/ML-GV02-03/data/raw/t05/gvpa/GvpA_NotPartial.fasta	WEZ34108|gvpA|protein	WEZ34108|gvpA|protein	626bf126ff6a42e860e1c20b32f28779f549346c7554d3694e519c08b6d8a44f	86	True	False	exact_duplicate
ref_000443	/home/user/wangyuhan/ML-GV02-03/data/raw/t05/gvpa/GvpA_NotPartial.fasta	WEZ34040|gvpA|protein	WEZ34040|gvpA|protein	7c1ee34913e269628b618a114cee0c9a5db90412949ae6bff681672ba1b795b8	92	True	False	exact_duplicate
ref_000441	/home/user/wangyuhan/ML-GV02-03/data/raw/t05/gvpa/GvpA_NotPartial.fasta	WEZ39259|gvpA|protein	WEZ39259|gvpA|protein	626bf126ff6a42e860e1c20b32f28779f549346c7554d3694e519c08b6d8a44f	86	True	False	exact_duplicate
ref_000881	/home/user/wangyuhan/ML-GV02-03/data/raw/t05/gvpa/GvpA_NotPartial.fasta	sp|A0A1Q5LR04|gvpA|protein	sp|A0A1Q5LR04|gvpA|protein	3fb1b2844ab87a8f4a72239d1dbaef92be3ae9760ba9ae8b474c797e4c6edb12	138	True	True	accepted_unique
ref_000862	/home/user/wangyuhan/ML-GV02-03/data/raw/t05/gvpa/GvpA_NotPartial.fasta	sp|B9KU72|gvpA|protein	sp|B9KU72|gvpA|protein	130e62fc868ae20abbc4d7ff1b393afceecf214e482dae49a68d7adeac27391d	70	True	False	exact_duplicate
ref_000507	/home/user/wangyuhan/ML-GV02-03/data/raw/t05/gvpa/GvpA_NotPartial.fasta	sp|B2J663|gvpA|protein	sp|B2J663|gvpA|protein	307aae2a7a20a7f3cf488cb36e227a148bf49d9b924e9828e229b081cb145d9b	73	True	False	exact_duplicate
ref_000861	/home/user/wangyuhan/ML-GV02-03/data/raw/t05/gvpa/GvpA_NotPartial.fasta	sp|B0JPK6|gvpA|protein	sp|B0JPK6|gvpA|protein	1f275ce5dd842aaaf9d24fd9cd1a995ccd28e8006db8fd5d12c958ce30deb19a	71	True	False	exact_duplicate
ref_000842	/home/user/wangyuhan/ML-GV02-03/data/raw/t05/gvpa/GvpA_NotPartial.fasta	sp|A5G5E4|gvpA|protein	sp|A5G5E4|gvpA|protein	5bc7120641a4b206dec615e69a9573322282b0869275b3db5d6e281c748b2aff	72	True	False	exact_duplicate
ref_000862	/home/user/wangyuhan/ML-GV02-03/data/raw/t05/gvpa/GvpA_NotPartial.fasta	sp|A3PPT5|gvpA|protein	sp|A3PPT5|gvpA|protein	130e62fc868ae20abbc4d7ff1b393afceecf214e482dae49a68d7adeac27391d	70	True	False	exact_duplicate
ref_000882	/home/user/wangyuhan/ML-GV02-03/data/raw/t05/gvpa/GvpA_NotPartial.fasta	sp|A1UFH1|gvpA|protein	sp|A1UFH1|gvpA|protein	0739506f322325ee29fe0a7ac885f6cd9f3953ab293e001ca9b5f6b669a02e92	139	True	True	accepted_unique
ref_000882	/home/user/wangyuhan/ML-GV02-03/data/raw/t05/gvpa/GvpA_NotPartial.fasta	sp|A3PZ32|gvpA|protein	sp|A3PZ32|gvpA|protein	0739506f322325ee29fe0a7ac885f6cd9f3953ab293e001ca9b5f6b669a02e92	139	True	False	exact_duplicate
ref_000843	/home/user/wangyuhan/ML-GV02-03/data/raw/t05/gvpa/GvpA_NotPartial.fasta	sp|A4YMQ7|gvpA|protein	sp|A4YMQ7|gvpA|protein	b1ead8162da63f55d1d62aad886afa5920a751a7dc6eeb39d86d3b4805b4f9b8	70	True	False	exact_duplicate
ref_000003	/home/user/wangyuhan/ML-GV02-03/data/raw/t05/gvpa/GvpA_NotPartial.fasta	sp|Q1INZ5|gvpA|protein	sp|Q1INZ5|gvpA|protein	3a3fe29b7daaadaf3131edb18ea6ffdc6cb6eef2fb4b06ffffa81866f20a1290	98	True	False	exact_duplicate
ref_000862	/home/user/wangyuhan/ML-GV02-03/data/raw/t05/gvpa/GvpA_NotPartial.fasta	sp|Q3IWB1|gvpA|protein	sp|Q3IWB1|gvpA|protein	130e62fc868ae20abbc4d7ff1b393afceecf214e482dae49a68d7adeac27391d	70	True	False	exact_duplicate
ref_000001	/home/user/wangyuhan/ML-GV02-03/data/raw/t05/gvpa/GvpA_NotPartial.fasta	sp|Q2JW39|gvpA|protein	sp|Q2JW39|gvpA|protein	91f552b9f84853c37285e8ec0883b5170258f814bb6ffb90d6de28cb0f3c10ba	72	True	False	exact_duplicate
ref_000001	/home/user/wangyuhan/ML-GV02-03/data/raw/t05/gvpa/GvpA_NotPartial.fasta	sp|Q2JKK1|gvpA|protein	sp|Q2JKK1|gvpA|protein	91f552b9f84853c37285e8ec0883b5170258f814bb6ffb90d6de28cb0f3c10ba	72	True	False	exact_duplicate
ref_000882	/home/user/wangyuhan/ML-GV02-03/data/raw/t05/gvpa/GvpA_NotPartial.fasta	sp|Q1B9J2|gvpA|protein	sp|Q1B9J2|gvpA|protein	0739506f322325ee29fe0a7ac885f6cd9f3953ab293e001ca9b5f6b669a02e92	139	True	False	exact_duplicate
ref_000389	/home/user/wangyuhan/ML-GV02-03/data/raw/t05/gvpa/GvpA_NotPartial.fasta	sp|Q18JA1|gvpA|protein	sp|Q18JA1|gvpA|protein	61a382d08777524701b3b127d54c55544b762da256e18e1289de6de3ef39b838	72	True	False	exact_duplicate
ref_000806	/home/user/wangyuhan/ML-GV02-03/data/raw/t05/gvpa/GvpA_NotPartial.fasta	sp|P0A3G1|gvpA|protein	sp|P0A3G1|gvpA|protein	9246ded62fef238baf63231483e047bdc014a8a22dd10e95f7999ab152e2ce4c	72	True	False	exact_duplicate
ref_000806	/home/user/wangyuhan/ML-GV02-03/data/raw/t05/gvpa/GvpA_NotPartial.fasta	sp|P0A3G0|gvpA|protein	sp|P0A3G0|gvpA|protein	9246ded62fef238baf63231483e047bdc014a8a22dd10e95f7999ab152e2ce4c	72	True	False	exact_duplicate
ref_000883	/home/user/wangyuhan/ML-GV02-03/data/raw/t05/gvpa/GvpA_NotPartial.fasta	sp|Q9ZC13|gvpA|protein	sp|Q9ZC13|gvpA|protein	c7ec77b171120a344a0655a11a6be8d15393039fa176a26181f70ba95432a0e4	144	True	True	accepted_unique
ref_000465	/home/user/wangyuhan/ML-GV02-03/data/raw/t05/gvpa/GvpA_NotPartial.fasta	sp|Q9RH31|gvpA|protein	sp|Q9RH31|gvpA|protein	a1131689eff9ccc2bc1cb9c6417b27251120988628db25efce7ae158aaecf416	70	True	False	exact_duplicate
ref_000848	/home/user/wangyuhan/ML-GV02-03/data/raw/t05/gvpa/GvpA_NotPartial.fasta	sp|Q8XFU1|gvpA|protein	sp|Q8XFU1|gvpA|protein	278c7a3fd12af0319695fae40d23ee8f76abf60d19c5e52b3b9dab1e368567ba	71	True	False	exact_duplicate
ref_000441	/home/user/wangyuhan/ML-GV02-03/data/raw/t05/gvpa/GvpA_NotPartial.fasta	sp|O68680|gvpA|protein	sp|O68680|gvpA|protein	626bf126ff6a42e860e1c20b32f28779f549346c7554d3694e519c08b6d8a44f	86	True	False	exact_duplicate
ref_000349	/home/user/wangyuhan/ML-GV02-03/data/raw/t05/gvpa/GvpA_NotPartial.fasta	sp|O33397|gvpA|protein	sp|O33397|gvpA|protein	bf0dfc6c51956e5d54f7904eabcfda2aca05adff69b9fb1a544c2635718dc258	78	True	False	exact_duplicate
ref_000884	/home/user/wangyuhan/ML-GV02-03/data/raw/t05/gvpa/GvpA_NotPartial.fasta	sp|P80998|gvpA|protein	sp|P80998|gvpA|protein	ee49db0244212648bdd1fda85e226cd6c0bc04512141e0154eb7083f183b50dd	66	True	True	accepted_unique
ref_000432	/home/user/wangyuhan/ML-GV02-03/data/raw/t05/gvpa/GvpA_NotPartial.fasta	sp|P22453|gvpA|protein	sp|P22453|gvpA|protein	45ceddea54f47745a1ad9c65097c2d122a4bd298292f81068539903e0cbdd579	72	True	False	exact_duplicate
	/home/user/wangyuhan/ML-GV02-03/data/raw/t05/gvpa/GvpA_NotPartial.fasta	sp|P08412|gvpA|protein	sp|P08412|gvpA|protein	25392f5e22598da498d2e3fb7596061a17c7e12ca6d0c6f3ea3a0b64d7514d6a	71	False	False	nonstandard_residue
ref_000017	/home/user/wangyuhan/ML-GV02-03/data/raw/t05/gvpa/GvpA_NotPartial.fasta	sp|P23761|gvpA|protein	sp|P23761|gvpA|protein	39696a92cfeac6f208a255a5ec1c7cae2a4ce2a68c1bd57acb083ca27b8585bb	78	True	False	exact_duplicate
ref_000785	/home/user/wangyuhan/ML-GV02-03/data/raw/t05/gvpa/GvpA_NotPartial.fasta	sp|P07060|gvpA|protein	sp|P07060|gvpA|protein	83cf4bae954290aa781d919a49879399b8f8f6215eafe44d5ab3358539071424	71	True	False	exact_duplicate
ref_000830	/home/user/wangyuhan/ML-GV02-03/data/raw/t05/gvpa/GvpA_NotPartial.fasta	sp|P10397|gvpA|protein	sp|P10397|gvpA|protein	e4530a471497a647eef21f92f9c50626148b65fbacae7b18cec4b118bdc7630c	71	True	False	exact_duplicate
ref_000391	/home/user/wangyuhan/ML-GV02-03/data/raw/t05/gvpa/GvpA_NotPartial.fasta	sp|P08959|gvpA|protein	sp|P08959|gvpA|protein	766d45336d56f5b42f24327e8017dcef111a6d0d9ef09d065ff599ed28c3610e	79	True	False	exact_duplicate
ref_000392	/home/user/wangyuhan/ML-GV02-03/data/raw/t05/gvpa/GvpA_NotPartial.fasta	sp|P08958|gvpA|protein	sp|P08958|gvpA|protein	49cef355c6ba3187ae5c9104097887f71b46d34a1bb4fd051de140f31dbffc07	76	True	False	exact_duplicate
ref_000056	/home/user/wangyuhan/ML-GV02-03/data/raw/t05/gvpa/GvpA_NotPartial.fasta	WP_433627166|gvpA|protein	WP_433627166|gvpA|protein	d405e6b9ae22924670320e0579207148579619ea65916597eaa9e3b155853a8e	83	True	False	exact_duplicate
ref_000057	/home/user/wangyuhan/ML-GV02-03/data/raw/t05/gvpa/GvpA_NotPartial.fasta	WP_431662249|gvpA|protein	WP_431662249|gvpA|protein	41af882b944a1fc500dbe8f6fc01230050462280d115eeafbc8f1cb2c66f1d11	72	True	False	exact_duplicate
ref_000885	/home/user/wangyuhan/ML-GV02-03/data/raw/t05/gvpa/GvpA_NotPartial.fasta	XVJ74616|gvpA|protein	XVJ74616|gvpA|protein	0a906f70a5c423dba7475c170e71385a2d2e99278ca4cf7cb47be7e1bb4a8597	143	True	True	accepted_unique
ref_000443	/home/user/wangyuhan/ML-GV02-03/data/raw/t05/gvpa/GvpA_NotPartial.fasta	WEZ61013|gvpA|protein	WEZ61013|gvpA|protein	7c1ee34913e269628b618a114cee0c9a5db90412949ae6bff681672ba1b795b8	92	True	False	exact_duplicate
ref_000441	/home/user/wangyuhan/ML-GV02-03/data/raw/t05/gvpa/GvpA_NotPartial.fasta	WEZ60937|gvpA|protein	WEZ60937|gvpA|protein	626bf126ff6a42e860e1c20b32f28779f549346c7554d3694e519c08b6d8a44f	86	True	False	exact_duplicate
ref_000886	/home/user/wangyuhan/ML-GV02-03/data/raw/t05/gvpa/GvpA_NotPartial.fasta	XVH31159|gvpA|protein	XVH31159|gvpA|protein	ce9c7c0f4a921a6df25f652bb1811bf8635281860e4388d9d7cb32fd9cff1298	91	True	True	accepted_unique
ref_000441	/home/user/wangyuhan/ML-GV02-03/data/raw/t05/gvpa/GvpA_NotPartial.fasta	XVG47517|gvpA|protein	XVG47517|gvpA|protein	626bf126ff6a42e860e1c20b32f28779f549346c7554d3694e519c08b6d8a44f	86	True	False	exact_duplicate
ref_000443	/home/user/wangyuhan/ML-GV02-03/data/raw/t05/gvpa/GvpA_NotPartial.fasta	XVG47440|gvpA|protein	XVG47440|gvpA|protein	7c1ee34913e269628b618a114cee0c9a5db90412949ae6bff681672ba1b795b8	92	True	False	exact_duplicate
ref_000887	/home/user/wangyuhan/ML-GV02-03/data/raw/t05/gvpa/GvpA_NotPartial.fasta	WTU55064|gvpA|protein	WTU55064|gvpA|protein	219e1145c7c5f874f9d797ec77f60d84bedf5ec098c216185b4d62eb20b62e9e	154	True	True	accepted_unique
ref_000888	/home/user/wangyuhan/ML-GV02-03/data/raw/t05/gvpa/GvpA_NotPartial.fasta	WSS54069|gvpA|protein	WSS54069|gvpA|protein	7b9e043074608d733fa72c2d1537a85a9f066180f066c7dccb48472069ce640e	154	True	True	accepted_unique
ref_000889	/home/user/wangyuhan/ML-GV02-03/data/raw/t05/gvpa/GvpA_NotPartial.fasta	WSK64696|gvpA|protein	WSK64696|gvpA|protein	93acd62cda39262797de612ea5c4652847758913fa8ff8c766e84ebd13a17f87	160	True	True	accepted_unique
ref_000830	/home/user/wangyuhan/ML-GV02-03/data/raw/t05/gvpa/GvpA_NotPartial.fasta	XVE11303|gvpA|protein	XVE11303|gvpA|protein	e4530a471497a647eef21f92f9c50626148b65fbacae7b18cec4b118bdc7630c	71	True	False	exact_duplicate
ref_000830	/home/user/wangyuhan/ML-GV02-03/data/raw/t05/gvpa/GvpA_NotPartial.fasta	XVE11302|gvpA|protein	XVE11302|gvpA|protein	e4530a471497a647eef21f92f9c50626148b65fbacae7b18cec4b118bdc7630c	71	True	False	exact_duplicate
ref_000830	/home/user/wangyuhan/ML-GV02-03/data/raw/t05/gvpa/GvpA_NotPartial.fasta	XVE11301|gvpA|protein	XVE11301|gvpA|protein	e4530a471497a647eef21f92f9c50626148b65fbacae7b18cec4b118bdc7630c	71	True	False	exact_duplicate
ref_000830	/home/user/wangyuhan/ML-GV02-03/data/raw/t05/gvpa/GvpA_NotPartial.fasta	XVE11300|gvpA|protein	XVE11300|gvpA|protein	e4530a471497a647eef21f92f9c50626148b65fbacae7b18cec4b118bdc7630c	71	True	False	exact_duplicate
ref_000830	/home/user/wangyuhan/ML-GV02-03/data/raw/t05/gvpa/GvpA_NotPartial.fasta	XVE11299|gvpA|protein	XVE11299|gvpA|protein	e4530a471497a647eef21f92f9c50626148b65fbacae7b18cec4b118bdc7630c	71	True	False	exact_duplicate
ref_000830	/home/user/wangyuhan/ML-GV02-03/data/raw/t05/gvpa/GvpA_NotPartial.fasta	XVE11298|gvpA|protein	XVE11298|gvpA|protein	e4530a471497a647eef21f92f9c50626148b65fbacae7b18cec4b118bdc7630c	71	True	False	exact_duplicate
ref_000830	/home/user/wangyuhan/ML-GV02-03/data/raw/t05/gvpa/GvpA_NotPartial.fasta	XVE11297|gvpA|protein	XVE11297|gvpA|protein	e4530a471497a647eef21f92f9c50626148b65fbacae7b18cec4b118bdc7630c	71	True	False	exact_duplicate
ref_000830	/home/user/wangyuhan/ML-GV02-03/data/raw/t05/gvpa/GvpA_NotPartial.fasta	XVE11296|gvpA|protein	XVE11296|gvpA|protein	e4530a471497a647eef21f92f9c50626148b65fbacae7b18cec4b118bdc7630c	71	True	False	exact_duplicate
ref_000441	/home/user/wangyuhan/ML-GV02-03/data/raw/t05/gvpa/GvpA_NotPartial.fasta	XVD65513|gvpA|protein	XVD65513|gvpA|protein	626bf126ff6a42e860e1c20b32f28779f549346c7554d3694e519c08b6d8a44f	86	True	False	exact_duplicate
ref_000890	/home/user/wangyuhan/ML-GV02-03/data/raw/t05/gvpa/GvpA_NotPartial.fasta	WTB46070|gvpA|protein	WTB46070|gvpA|protein	710430bf63a97b4a270fda7b676a9113069443d72f17e670856046c44a8e6a07	122	True	True	accepted_unique
ref_000201	/home/user/wangyuhan/ML-GV02-03/data/raw/t05/gvpa/GvpA_NotPartial.fasta	XED03938|gvpA|protein	XED03938|gvpA|protein	d8adf42b87bd05b02f3cc763ff67149aa0c8b5efa9a22382983adb8ec3fcbe16	70	True	False	exact_duplicate
ref_000058	/home/user/wangyuhan/ML-GV02-03/data/raw/t05/gvpa/GvpA_NotPartial.fasta	WP_101841863|gvpA|protein	WP_101841863|gvpA|protein	911977f51fb32fb01946dc2bed8313d1fa9c4cb458417285b80e1d0b4af36425	97	True	False	exact_duplicate
ref_000059	/home/user/wangyuhan/ML-GV02-03/data/raw/t05/gvpa/GvpA_NotPartial.fasta	WP_190575773|gvpA|protein	WP_190575773|gvpA|protein	ffef1b1b441fdc15ea9c7981dc1e18e5fd48b4bd588343bda7a874e40857653d	72	True	False	exact_duplicate
ref_000891	/home/user/wangyuhan/ML-GV02-03/data/raw/t05/gvpa/GvpA_NotPartial.fasta	XUT62697|gvpA|protein	XUT62697|gvpA|protein	81c712b2f98895c40a2ddd233e82cd441e197a9c3c238140dfe93eb144babaad	152	True	True	accepted_unique
ref_000861	/home/user/wangyuhan/ML-GV02-03/data/raw/t05/gvpa/GvpA_NotPartial.fasta	XUP06351|gvpA|protein	XUP06351|gvpA|protein	1f275ce5dd842aaaf9d24fd9cd1a995ccd28e8006db8fd5d12c958ce30deb19a	71	True	False	exact_duplicate
ref_000861	/home/user/wangyuhan/ML-GV02-03/data/raw/t05/gvpa/GvpA_NotPartial.fasta	XUP06190|gvpA|protein	XUP06190|gvpA|protein	1f275ce5dd842aaaf9d24fd9cd1a995ccd28e8006db8fd5d12c958ce30deb19a	71	True	False	exact_duplicate
ref_000892	/home/user/wangyuhan/ML-GV02-03/data/raw/t05/gvpa/GvpA_NotPartial.fasta	CAL2066747|gvpA|protein	CAL2066747|gvpA|protein	5ded9686139acac829e03b320b9c1f480513a090511ecc8579b96e7f493d0074	126	True	True	accepted_unique
ref_000893	/home/user/wangyuhan/ML-GV02-03/data/raw/t05/gvpa/GvpA_NotPartial.fasta	CAL2069912|gvpA|protein	CAL2069912|gvpA|protein	ef77ab19922de7e129e43468cb5c67555d8a6b3ccb4912115f09a8c1095d9614	137	True	True	accepted_unique
ref_000893	/home/user/wangyuhan/ML-GV02-03/data/raw/t05/gvpa/GvpA_NotPartial.fasta	CAL2072060|gvpA|protein	CAL2072060|gvpA|protein	ef77ab19922de7e129e43468cb5c67555d8a6b3ccb4912115f09a8c1095d9614	137	True	False	exact_duplicate
ref_000894	/home/user/wangyuhan/ML-GV02-03/data/raw/t05/gvpa/GvpA_NotPartial.fasta	CAL2056582|gvpA|protein	CAL2056582|gvpA|protein	b1e17d61f6f3fc6cb8179f46d898fc72ac52111e60705f395ec6e8bcb453eafc	126	True	True	accepted_unique
ref_000060	/home/user/wangyuhan/ML-GV02-03/data/raw/t05/gvpa/GvpA_NotPartial.fasta	WP_430790276|gvpA|protein	WP_430790276|gvpA|protein	b65132e25cc65ac0170dec17af09ef6d9ddc86b42bf3a1dd98bef9769b556343	93	True	False	exact_duplicate
ref_000061	/home/user/wangyuhan/ML-GV02-03/data/raw/t05/gvpa/GvpA_NotPartial.fasta	WP_430686742|gvpA|protein	WP_430686742|gvpA|protein	908def535fa98fa36b50ccc7b99887e25d2d33284b95e820e8135e01dd397cd1	72	True	False	exact_duplicate
ref_000060	/home/user/wangyuhan/ML-GV02-03/data/raw/t05/gvpa/GvpA_NotPartial.fasta	XUI83482|gvpA|protein	XUI83482|gvpA|protein	b65132e25cc65ac0170dec17af09ef6d9ddc86b42bf3a1dd98bef9769b556343	93	True	False	exact_duplicate
ref_000062	/home/user/wangyuhan/ML-GV02-03/data/raw/t05/gvpa/GvpA_NotPartial.fasta	WP_430120777|gvpA|protein	WP_430120777|gvpA|protein	e6ccc21f1ec1a2362fcf83865db79b02072bd4e4854c8eedc5c7f7b0246d5719	88	True	False	exact_duplicate
ref_000063	/home/user/wangyuhan/ML-GV02-03/data/raw/t05/gvpa/GvpA_NotPartial.fasta	WP_430065897|gvpA|protein	WP_430065897|gvpA|protein	a66f240c8435d5f7eedc413fda6c233e960d22ae30577f0ce510087aea050816	83	True	False	exact_duplicate
ref_000064	/home/user/wangyuhan/ML-GV02-03/data/raw/t05/gvpa/GvpA_NotPartial.fasta	WP_328257699|gvpA|protein	WP_328257699|gvpA|protein	a30535db979f7cb9b9d1575d743d64af85db6ff38f04fbd94a72d974ac906c20	83	True	False	exact_duplicate
ref_000065	/home/user/wangyuhan/ML-GV02-03/data/raw/t05/gvpa/GvpA_NotPartial.fasta	WP_324632560|gvpA|protein	WP_324632560|gvpA|protein	f0b585defb33f68b9eec146548ed02b46b614ae37435ad5b020b758b4d5f244f	72	True	False	exact_duplicate
ref_000066	/home/user/wangyuhan/ML-GV02-03/data/raw/t05/gvpa/GvpA_NotPartial.fasta	WP_323618175|gvpA|protein	WP_323618175|gvpA|protein	6ab091088c0d2085f19341445efca3bd7552fe8e88dd3276c572540a4c79acbc	88	True	False	exact_duplicate
ref_000067	/home/user/wangyuhan/ML-GV02-03/data/raw/t05/gvpa/GvpA_NotPartial.fasta	WP_322732512|gvpA|protein	WP_322732512|gvpA|protein	cdcb9ea08084d402155df7d0686cb8cea6ba1a31a6700d9535afd219d71587fa	72	True	False	exact_duplicate
ref_000068	/home/user/wangyuhan/ML-GV02-03/data/raw/t05/gvpa/GvpA_NotPartial.fasta	WP_322420075|gvpA|protein	WP_322420075|gvpA|protein	e70eb92ab459701dc753ece2045300ba79f6dcccdb811cbfe12eeb7a71243f3d	88	True	False	exact_duplicate
ref_000069	/home/user/wangyuhan/ML-GV02-03/data/raw/t05/gvpa/GvpA_NotPartial.fasta	WP_320156897|gvpA|protein	WP_320156897|gvpA|protein	805855d37a367a5867e37119f6d4ca11ce3a9771efa51ee1d159b4bd843f912a	90	True	False	exact_duplicate
ref_000070	/home/user/wangyuhan/ML-GV02-03/data/raw/t05/gvpa/GvpA_NotPartial.fasta	WP_316572692|gvpA|protein	WP_316572692|gvpA|protein	499d1d5d62f7019687f3b0059c07e37c33752b65b36ec66eebc2e45d4f2fa3a4	86	True	False	exact_duplicate
ref_000071	/home/user/wangyuhan/ML-GV02-03/data/raw/t05/gvpa/GvpA_NotPartial.fasta	WP_290399117|gvpA|protein	WP_290399117|gvpA|protein	fe5639b3f6715383286aeb1b876f8ff0584cb9b9687213268c0fa3160ccd0d10	86	True	False	exact_duplicate
ref_000072	/home/user/wangyuhan/ML-GV02-03/data/raw/t05/gvpa/GvpA_NotPartial.fasta	WP_347395773|gvpA|protein	WP_347395773|gvpA|protein	6b64acdf3f40fdffd14457cf606766a5451a179ed659c2fe7bc45e7d0a7abcb4	91	True	False	exact_duplicate
ref_000073	/home/user/wangyuhan/ML-GV02-03/data/raw/t05/gvpa/GvpA_NotPartial.fasta	WP_341982146|gvpA|protein	WP_341982146|gvpA|protein	fa3ceb760df75c71ed088b41a6a5cb57560dd57584efea5c666da3bd00024593	86	True	False	exact_duplicate
ref_000074	/home/user/wangyuhan/ML-GV02-03/data/raw/t05/gvpa/GvpA_NotPartial.fasta	WP_339227026|gvpA|protein	WP_339227026|gvpA|protein	353e9d0dff81158687ff2e4f2b8984e4d6a17430c1d909a093884122403d9cb2	91	True	False	exact_duplicate
ref_000075	/home/user/wangyuhan/ML-GV02-03/data/raw/t05/gvpa/GvpA_NotPartial.fasta	WP_335961848|gvpA|protein	WP_335961848|gvpA|protein	45c7c948c17d40fffc2fecd18e8eb9f993cd3d908fa5567702d7b7dfc4518927	86	True	False	exact_duplicate
ref_000076	/home/user/wangyuhan/ML-GV02-03/data/raw/t05/gvpa/GvpA_NotPartial.fasta	WP_335714145|gvpA|protein	WP_335714145|gvpA|protein	8400e38ff12b62b40e03f973a10e92c50343db146d03ee3461eae584e02f49fc	83	True	False	exact_duplicate
ref_000077	/home/user/wangyuhan/ML-GV02-03/data/raw/t05/gvpa/GvpA_NotPartial.fasta	WP_335558846|gvpA|protein	WP_335558846|gvpA|protein	76384a42f96a6dc0ed31f4335ecfed20e5f4a9f030a106c3909a844c5b9db10c	80	True	False	exact_duplicate
ref_000078	/home/user/wangyuhan/ML-GV02-03/data/raw/t05/gvpa/GvpA_NotPartial.fasta	WP_335537523|gvpA|protein	WP_335537523|gvpA|protein	1d2eaab6bc1405efd0c8e5ab7312219bec44e62cde1589a104d7f3122aeaceec	87	True	False	exact_duplicate
ref_000079	/home/user/wangyuhan/ML-GV02-03/data/raw/t05/gvpa/GvpA_NotPartial.fasta	WP_335072082|gvpA|protein	WP_335072082|gvpA|protein	967e2f04e468a1a875d95aef96684bd59af17b05397db6a5e57b624802fa22d2	78	True	False	exact_duplicate
ref_000080	/home/user/wangyuhan/ML-GV02-03/data/raw/t05/gvpa/GvpA_NotPartial.fasta	WP_335059862|gvpA|protein	WP_335059862|gvpA|protein	26dd9c3e80f115461010c3e48a60d95fe14f7e45bff5c06ac7dd6e0e34690448	71	True	False	exact_duplicate
ref_000081	/home/user/wangyuhan/ML-GV02-03/data/raw/t05/gvpa/GvpA_NotPartial.fasta	WP_335049349|gvpA|protein	WP_335049349|gvpA|protein	71f9753012b6644cf772515c27a3c5a497fdd40153f703681603ce4eafc42ea5	73	True	False	exact_duplicate
ref_000082	/home/user/wangyuhan/ML-GV02-03/data/raw/t05/gvpa/GvpA_NotPartial.fasta	WP_334789054|gvpA|protein	WP_334789054|gvpA|protein	8be2e14f0153cb01c7e89076f2a6275d8da7f12e0e575e69dabb3df9999082cc	74	True	False	exact_duplicate
ref_000083	/home/user/wangyuhan/ML-GV02-03/data/raw/t05/gvpa/GvpA_NotPartial.fasta	WP_334779866|gvpA|protein	WP_334779866|gvpA|protein	4076ee92571a9babe66f0519b5f715f210808ee8cf5653d8a346b1632f6930d1	71	True	False	exact_duplicate
ref_000084	/home/user/wangyuhan/ML-GV02-03/data/raw/t05/gvpa/GvpA_NotPartial.fasta	WP_334710560|gvpA|protein	WP_334710560|gvpA|protein	b38024f0aba86f47c4adefb470377765a198ad65def833ed535315e7ecc6271b	73	True	False	exact_duplicate
ref_000086	/home/user/wangyuhan/ML-GV02-03/data/raw/t05/gvpa/GvpA_NotPartial.fasta	WP_315073129|gvpA|protein	WP_315073129|gvpA|protein	651deda52eb485d5380e11d0bd0c580df38f654881a05e859441303cd3690fbc	75	True	False	exact_duplicate
ref_000037	/home/user/wangyuhan/ML-GV02-03/data/raw/t05/gvpa/GvpA_NotPartial.fasta	XTX24202|gvpA|protein	XTX24202|gvpA|protein	de1520359c3cd2badb80f957511e46579741fc7dd176bf9ab7bd48d3e9492cb6	80	True	False	exact_duplicate
ref_000861	/home/user/wangyuhan/ML-GV02-03/data/raw/t05/gvpa/GvpA_NotPartial.fasta	XTX24201|gvpA|protein	XTX24201|gvpA|protein	1f275ce5dd842aaaf9d24fd9cd1a995ccd28e8006db8fd5d12c958ce30deb19a	71	True	False	exact_duplicate
ref_000861	/home/user/wangyuhan/ML-GV02-03/data/raw/t05/gvpa/GvpA_NotPartial.fasta	XTX19139|gvpA|protein	XTX19139|gvpA|protein	1f275ce5dd842aaaf9d24fd9cd1a995ccd28e8006db8fd5d12c958ce30deb19a	71	True	False	exact_duplicate
ref_000861	/home/user/wangyuhan/ML-GV02-03/data/raw/t05/gvpa/GvpA_NotPartial.fasta	XTX19138|gvpA|protein	XTX19138|gvpA|protein	1f275ce5dd842aaaf9d24fd9cd1a995ccd28e8006db8fd5d12c958ce30deb19a	71	True	False	exact_duplicate
ref_000861	/home/user/wangyuhan/ML-GV02-03/data/raw/t05/gvpa/GvpA_NotPartial.fasta	XTX19137|gvpA|protein	XTX19137|gvpA|protein	1f275ce5dd842aaaf9d24fd9cd1a995ccd28e8006db8fd5d12c958ce30deb19a	71	True	False	exact_duplicate
ref_000861	/home/user/wangyuhan/ML-GV02-03/data/raw/t05/gvpa/GvpA_NotPartial.fasta	XTX14706|gvpA|protein	XTX14706|gvpA|protein	1f275ce5dd842aaaf9d24fd9cd1a995ccd28e8006db8fd5d12c958ce30deb19a	71	True	False	exact_duplicate
ref_000861	/home/user/wangyuhan/ML-GV02-03/data/raw/t05/gvpa/GvpA_NotPartial.fasta	XTX14705|gvpA|protein	XTX14705|gvpA|protein	1f275ce5dd842aaaf9d24fd9cd1a995ccd28e8006db8fd5d12c958ce30deb19a	71	True	False	exact_duplicate
ref_000861	/home/user/wangyuhan/ML-GV02-03/data/raw/t05/gvpa/GvpA_NotPartial.fasta	XTX14704|gvpA|protein	XTX14704|gvpA|protein	1f275ce5dd842aaaf9d24fd9cd1a995ccd28e8006db8fd5d12c958ce30deb19a	71	True	False	exact_duplicate
ref_000087	/home/user/wangyuhan/ML-GV02-03/data/raw/t05/gvpa/GvpA_NotPartial.fasta	WP_113969339|gvpA|protein	WP_113969339|gvpA|protein	c306fc2a612dcf7963887fd1483f31b8b1d3630b71566506bdbc766a133d7160	86	True	False	exact_duplicate
ref_000088	/home/user/wangyuhan/ML-GV02-03/data/raw/t05/gvpa/GvpA_NotPartial.fasta	WP_426842538|gvpA|protein	WP_426842538|gvpA|protein	81c3c33e1052ca11c9fde60fd0a62a9ef2c4738a5782114778528dc2c8d1fe8f	87	True	False	exact_duplicate
ref_000089	/home/user/wangyuhan/ML-GV02-03/data/raw/t05/gvpa/GvpA_NotPartial.fasta	WP_428403798|gvpA|protein	WP_428403798|gvpA|protein	58de098a6c8aae0513de85526b4bfd2ec959113cd4692c08455d9bd7f1221b78	72	True	False	exact_duplicate
ref_000090	/home/user/wangyuhan/ML-GV02-03/data/raw/t05/gvpa/GvpA_NotPartial.fasta	WP_426585015|gvpA|protein	WP_426585015|gvpA|protein	531760bd0ae2999dbf0aa9151e722a6e3f56f36bc1e97a4473d19e1e66ba63d6	91	True	False	exact_duplicate
ref_000091	/home/user/wangyuhan/ML-GV02-03/data/raw/t05/gvpa/GvpA_NotPartial.fasta	WP_426542028|gvpA|protein	WP_426542028|gvpA|protein	18aeb74e18302803a1f05608a7d4fa45b098bea94fa1a6302b33e1400eb1edfd	89	True	False	exact_duplicate
ref_000092	/home/user/wangyuhan/ML-GV02-03/data/raw/t05/gvpa/GvpA_NotPartial.fasta	WP_426380802|gvpA|protein	WP_426380802|gvpA|protein	27cfc6c7874687adce98fe5beec40dda323c639ba2824175d39fc4aad0117ad3	73	True	False	exact_duplicate
ref_000093	/home/user/wangyuhan/ML-GV02-03/data/raw/t05/gvpa/GvpA_NotPartial.fasta	WP_224590714|gvpA|protein	WP_224590714|gvpA|protein	83d86218590801baa4be9cbf64a37be9f413307984b80079d4c17313ca959345	85	True	False	exact_duplicate
ref_000848	/home/user/wangyuhan/ML-GV02-03/data/raw/t05/gvpa/GvpA_NotPartial.fasta	XTB90405|gvpA|protein	XTB90405|gvpA|protein	278c7a3fd12af0319695fae40d23ee8f76abf60d19c5e52b3b9dab1e368567ba	71	True	False	exact_duplicate
ref_000848	/home/user/wangyuhan/ML-GV02-03/data/raw/t05/gvpa/GvpA_NotPartial.fasta	XTB90404|gvpA|protein	XTB90404|gvpA|protein	278c7a3fd12af0319695fae40d23ee8f76abf60d19c5e52b3b9dab1e368567ba	71	True	False	exact_duplicate
ref_000848	/home/user/wangyuhan/ML-GV02-03/data/raw/t05/gvpa/GvpA_NotPartial.fasta	XTB90403|gvpA|protein	XTB90403|gvpA|protein	278c7a3fd12af0319695fae40d23ee8f76abf60d19c5e52b3b9dab1e368567ba	71	True	False	exact_duplicate
ref_000441	/home/user/wangyuhan/ML-GV02-03/data/raw/t05/gvpa/GvpA_NotPartial.fasta	XSZ30795|gvpA|protein	XSZ30795|gvpA|protein	626bf126ff6a42e860e1c20b32f28779f549346c7554d3694e519c08b6d8a44f	86	True	False	exact_duplicate
ref_000443	/home/user/wangyuhan/ML-GV02-03/data/raw/t05/gvpa/GvpA_NotPartial.fasta	XSZ30721|gvpA|protein	XSZ30721|gvpA|protein	7c1ee34913e269628b618a114cee0c9a5db90412949ae6bff681672ba1b795b8	92	True	False	exact_duplicate
ref_000441	/home/user/wangyuhan/ML-GV02-03/data/raw/t05/gvpa/GvpA_NotPartial.fasta	XSZ24741|gvpA|protein	XSZ24741|gvpA|protein	626bf126ff6a42e860e1c20b32f28779f549346c7554d3694e519c08b6d8a44f	86	True	False	exact_duplicate
ref_000022	/home/user/wangyuhan/ML-GV02-03/data/raw/t05/gvpa/GvpA_NotPartial.fasta	XSE93341|gvpA|protein	XSE93341|gvpA|protein	b3e7eac10f741058a688bc7d62c0f50b5a15ad09caae40e59b5e7155d1011066	74	True	False	exact_duplicate
ref_000441	/home/user/wangyuhan/ML-GV02-03/data/raw/t05/gvpa/GvpA_NotPartial.fasta	XSD65231|gvpA|protein	XSD65231|gvpA|protein	626bf126ff6a42e860e1c20b32f28779f549346c7554d3694e519c08b6d8a44f	86	True	False	exact_duplicate
ref_000421	/home/user/wangyuhan/ML-GV02-03/data/raw/t05/gvpa/GvpA_NotPartial.fasta	XSD65228|gvpA|protein	XSD65228|gvpA|protein	142752963930eab74d74d4bcaff60e47ff770976c838c012b58dcaa26d2a4fea	90	True	False	exact_duplicate
ref_000438	/home/user/wangyuhan/ML-GV02-03/data/raw/t05/gvpa/GvpA_NotPartial.fasta	XSD65158|gvpA|protein	XSD65158|gvpA|protein	21fd512873a52dc47991989d4a44dcc25431d3e22a3b8e5d29da536fa12bac79	92	True	False	exact_duplicate
ref_000441	/home/user/wangyuhan/ML-GV02-03/data/raw/t05/gvpa/GvpA_NotPartial.fasta	XSD59669|gvpA|protein	XSD59669|gvpA|protein	626bf126ff6a42e860e1c20b32f28779f549346c7554d3694e519c08b6d8a44f	86	True	False	exact_duplicate
ref_000421	/home/user/wangyuhan/ML-GV02-03/data/raw/t05/gvpa/GvpA_NotPartial.fasta	XSD59666|gvpA|protein	XSD59666|gvpA|protein	142752963930eab74d74d4bcaff60e47ff770976c838c012b58dcaa26d2a4fea	90	True	False	exact_duplicate
ref_000438	/home/user/wangyuhan/ML-GV02-03/data/raw/t05/gvpa/GvpA_NotPartial.fasta	XSD59596|gvpA|protein	XSD59596|gvpA|protein	21fd512873a52dc47991989d4a44dcc25431d3e22a3b8e5d29da536fa12bac79	92	True	False	exact_duplicate
ref_000462	/home/user/wangyuhan/ML-GV02-03/data/raw/t05/gvpa/GvpA_NotPartial.fasta	XSD50278|gvpA|protein	XSD50278|gvpA|protein	ab18ddbecb739bae7c0a720dfd55228c92afa153cc615fda38c1f4a95b049f96	86	True	False	exact_duplicate
ref_000421	/home/user/wangyuhan/ML-GV02-03/data/raw/t05/gvpa/GvpA_NotPartial.fasta	XSD50275|gvpA|protein	XSD50275|gvpA|protein	142752963930eab74d74d4bcaff60e47ff770976c838c012b58dcaa26d2a4fea	90	True	False	exact_duplicate
ref_000438	/home/user/wangyuhan/ML-GV02-03/data/raw/t05/gvpa/GvpA_NotPartial.fasta	XSD50205|gvpA|protein	XSD50205|gvpA|protein	21fd512873a52dc47991989d4a44dcc25431d3e22a3b8e5d29da536fa12bac79	92	True	False	exact_duplicate
ref_000441	/home/user/wangyuhan/ML-GV02-03/data/raw/t05/gvpa/GvpA_NotPartial.fasta	XSD36531|gvpA|protein	XSD36531|gvpA|protein	626bf126ff6a42e860e1c20b32f28779f549346c7554d3694e519c08b6d8a44f	86	True	False	exact_duplicate
ref_000443	/home/user/wangyuhan/ML-GV02-03/data/raw/t05/gvpa/GvpA_NotPartial.fasta	XSD36462|gvpA|protein	XSD36462|gvpA|protein	7c1ee34913e269628b618a114cee0c9a5db90412949ae6bff681672ba1b795b8	92	True	False	exact_duplicate
ref_000681	/home/user/wangyuhan/ML-GV02-03/data/raw/t05/gvpa/GvpA_NotPartial.fasta	XSD20838|gvpA|protein	XSD20838|gvpA|protein	bc4042a7c10b7bd447bc10cf0e7b34e62f2678ee2efe846fd1a4965f276fc9bc	86	True	False	exact_duplicate
ref_000441	/home/user/wangyuhan/ML-GV02-03/data/raw/t05/gvpa/GvpA_NotPartial.fasta	XSD27063|gvpA|protein	XSD27063|gvpA|protein	626bf126ff6a42e860e1c20b32f28779f549346c7554d3694e519c08b6d8a44f	86	True	False	exact_duplicate
ref_000443	/home/user/wangyuhan/ML-GV02-03/data/raw/t05/gvpa/GvpA_NotPartial.fasta	XSD26991|gvpA|protein	XSD26991|gvpA|protein	7c1ee34913e269628b618a114cee0c9a5db90412949ae6bff681672ba1b795b8	92	True	False	exact_duplicate
ref_000441	/home/user/wangyuhan/ML-GV02-03/data/raw/t05/gvpa/GvpA_NotPartial.fasta	XSD11305|gvpA|protein	XSD11305|gvpA|protein	626bf126ff6a42e860e1c20b32f28779f549346c7554d3694e519c08b6d8a44f	86	True	False	exact_duplicate
ref_000443	/home/user/wangyuhan/ML-GV02-03/data/raw/t05/gvpa/GvpA_NotPartial.fasta	XSD11229|gvpA|protein	XSD11229|gvpA|protein	7c1ee34913e269628b618a114cee0c9a5db90412949ae6bff681672ba1b795b8	92	True	False	exact_duplicate
ref_000441	/home/user/wangyuhan/ML-GV02-03/data/raw/t05/gvpa/GvpA_NotPartial.fasta	XSD05886|gvpA|protein	XSD05886|gvpA|protein	626bf126ff6a42e860e1c20b32f28779f549346c7554d3694e519c08b6d8a44f	86	True	False	exact_duplicate
ref_000443	/home/user/wangyuhan/ML-GV02-03/data/raw/t05/gvpa/GvpA_NotPartial.fasta	XSD05814|gvpA|protein	XSD05814|gvpA|protein	7c1ee34913e269628b618a114cee0c9a5db90412949ae6bff681672ba1b795b8	92	True	False	exact_duplicate
ref_000094	/home/user/wangyuhan/ML-GV02-03/data/raw/t05/gvpa/GvpA_NotPartial.fasta	WP_423999109|gvpA|protein	WP_423999109|gvpA|protein	fc382b09fdd1c909c75ca87f66ed2c98f5b6601cc069a0d6df8ae25285c11467	93	True	False	exact_duplicate
ref_000095	/home/user/wangyuhan/ML-GV02-03/data/raw/t05/gvpa/GvpA_NotPartial.fasta	WP_310323875|gvpA|protein	WP_310323875|gvpA|protein	cee0ef3ec2a72c0423980c1c808f76590d56140814367b61d4a668a7bebd3e90	92	True	False	exact_duplicate
ref_000096	/home/user/wangyuhan/ML-GV02-03/data/raw/t05/gvpa/GvpA_NotPartial.fasta	WP_309192103|gvpA|protein	WP_309192103|gvpA|protein	fd49c343614a605c0f408c1059dfd9e3f863077071d8fcc71280dc5802c3028c	87	True	False	exact_duplicate
ref_000034	/home/user/wangyuhan/ML-GV02-03/data/raw/t05/gvpa/GvpA_NotPartial.fasta	CAN1213032|gvpA|protein	CAN1213032|gvpA|protein	54de16dcd0555acdee27e23bffaee616a31d423e9e0c7d09bc1668199d1ac85a	72	True	False	exact_duplicate
ref_000097	/home/user/wangyuhan/ML-GV02-03/data/raw/t05/gvpa/GvpA_NotPartial.fasta	WP_423801245|gvpA|protein	WP_423801245|gvpA|protein	90c029da4514f00630c70095fc4ebe43ac03b1f8aab9ac3a1687d196c4f38373	81	True	False	exact_duplicate
ref_000094	/home/user/wangyuhan/ML-GV02-03/data/raw/t05/gvpa/GvpA_NotPartial.fasta	XRI17973|gvpA|protein	XRI17973|gvpA|protein	fc382b09fdd1c909c75ca87f66ed2c98f5b6601cc069a0d6df8ae25285c11467	93	True	False	exact_duplicate
ref_000097	/home/user/wangyuhan/ML-GV02-03/data/raw/t05/gvpa/GvpA_NotPartial.fasta	XRG88689|gvpA|protein	XRG88689|gvpA|protein	90c029da4514f00630c70095fc4ebe43ac03b1f8aab9ac3a1687d196c4f38373	81	True	False	exact_duplicate
ref_000098	/home/user/wangyuhan/ML-GV02-03/data/raw/t05/gvpa/GvpA_NotPartial.fasta	WP_274373506|gvpA|protein	WP_274373506|gvpA|protein	9ba976654c95d4d9fd8ffe4ff8d4a6186d6631fd013c161e4ccb5c524a6494cc	69	True	False	exact_duplicate
ref_000441	/home/user/wangyuhan/ML-GV02-03/data/raw/t05/gvpa/GvpA_NotPartial.fasta	XRD07142|gvpA|protein	XRD07142|gvpA|protein	626bf126ff6a42e860e1c20b32f28779f549346c7554d3694e519c08b6d8a44f	86	True	False	exact_duplicate
ref_000441	/home/user/wangyuhan/ML-GV02-03/data/raw/t05/gvpa/GvpA_NotPartial.fasta	XRD01373|gvpA|protein	XRD01373|gvpA|protein	626bf126ff6a42e860e1c20b32f28779f549346c7554d3694e519c08b6d8a44f	86	True	False	exact_duplicate
ref_000099	/home/user/wangyuhan/ML-GV02-03/data/raw/t05/gvpa/GvpA_NotPartial.fasta	WP_226555226|gvpA|protein	WP_226555226|gvpA|protein	6507b3f9f58ef91ab9d82a0e5b2908ec0d333c616e2b17fc0f4b837dade8ca1f	88	True	False	exact_duplicate
ref_000862	/home/user/wangyuhan/ML-GV02-03/data/raw/t05/gvpa/GvpA_NotPartial.fasta	XQZ93037|gvpA|protein	XQZ93037|gvpA|protein	130e62fc868ae20abbc4d7ff1b393afceecf214e482dae49a68d7adeac27391d	70	True	False	exact_duplicate
ref_000862	/home/user/wangyuhan/ML-GV02-03/data/raw/t05/gvpa/GvpA_NotPartial.fasta	XQZ88311|gvpA|protein	XQZ88311|gvpA|protein	130e62fc868ae20abbc4d7ff1b393afceecf214e482dae49a68d7adeac27391d	70	True	False	exact_duplicate
ref_000206	/home/user/wangyuhan/ML-GV02-03/data/raw/t05/gvpa/GvpA_NotPartial.fasta	XCV39199|gvpA|protein	XCV39199|gvpA|protein	bb09971e1315fce64b6ebe60ab918eb13f4e62c370d2b46304d7bccf3b3ead2c	72	True	False	exact_duplicate
ref_000441	/home/user/wangyuhan/ML-GV02-03/data/raw/t05/gvpa/GvpA_NotPartial.fasta	UMZ31401|gvpA|protein	UMZ31401|gvpA|protein	626bf126ff6a42e860e1c20b32f28779f549346c7554d3694e519c08b6d8a44f	86	True	False	exact_duplicate
ref_000442	/home/user/wangyuhan/ML-GV02-03/data/raw/t05/gvpa/GvpA_NotPartial.fasta	UMZ31398|gvpA|protein	UMZ31398|gvpA|protein	6eb7664db70304cf0f2ba846d31c4d016d07d8bebedb70ce52fe5ab7167e72cd	88	True	False	exact_duplicate
ref_000443	/home/user/wangyuhan/ML-GV02-03/data/raw/t05/gvpa/GvpA_NotPartial.fasta	UMZ31330|gvpA|protein	UMZ31330|gvpA|protein	7c1ee34913e269628b618a114cee0c9a5db90412949ae6bff681672ba1b795b8	92	True	False	exact_duplicate
ref_000100	/home/user/wangyuhan/ML-GV02-03/data/raw/t05/gvpa/GvpA_NotPartial.fasta	WP_007143586|gvpA|protein	WP_007143586|gvpA|protein	4482775e0979509e45d23f6ca737a7fdb6814c225930bbcb113f82d33d585228	95	True	False	exact_duplicate
ref_000101	/home/user/wangyuhan/ML-GV02-03/data/raw/t05/gvpa/GvpA_NotPartial.fasta	WP_422165804|gvpA|protein	WP_422165804|gvpA|protein	db2cdf073eed6ed31349901112a0643487f8399252e4b284641aa51cb05e0f98	100	True	False	exact_duplicate
ref_000102	/home/user/wangyuhan/ML-GV02-03/data/raw/t05/gvpa/GvpA_NotPartial.fasta	WP_421708292|gvpA|protein	WP_421708292|gvpA|protein	35226954812d95b1eb87f6c9f6c2ac5cabf4e8cb1e9932ee85489572ea157c29	84	True	False	exact_duplicate
ref_000103	/home/user/wangyuhan/ML-GV02-03/data/raw/t05/gvpa/GvpA_NotPartial.fasta	WP_421653262|gvpA|protein	WP_421653262|gvpA|protein	0283d587032de178b6667e22ede30dd9a57c5ae7754c025d23503a3db3153be9	91	True	False	exact_duplicate
ref_000104	/home/user/wangyuhan/ML-GV02-03/data/raw/t05/gvpa/GvpA_NotPartial.fasta	WP_421032811|gvpA|protein	WP_421032811|gvpA|protein	628577dc37636bc0384ee327a4aeb3192a7c90e3c438c8b2383085b819d27655	72	True	False	exact_duplicate
ref_000895	/home/user/wangyuhan/ML-GV02-03/data/raw/t05/gvpa/GvpA_NotPartial.fasta	CAK7279695|gvpA|protein	CAK7279695|gvpA|protein	79581e5ad6e56e668c373d7a8b72d6f1f5bc979c5b275abb52d9467871b3da6e	136	True	True	accepted_unique
ref_000105	/home/user/wangyuhan/ML-GV02-03/data/raw/t05/gvpa/GvpA_NotPartial.fasta	WP_415382277|gvpA|protein	WP_415382277|gvpA|protein	34e541178b7b0b894972aaad49425526fd16e04d52071bf0480f2bf5f7434458	88	True	False	exact_duplicate
ref_000106	/home/user/wangyuhan/ML-GV02-03/data/raw/t05/gvpa/GvpA_NotPartial.fasta	WP_413917177|gvpA|protein	WP_413917177|gvpA|protein	5c686c3d3778ea9403cd9d61d7221e3e4812a50ef33cf1e8cd450094ca203ae0	86	True	False	exact_duplicate
ref_000107	/home/user/wangyuhan/ML-GV02-03/data/raw/t05/gvpa/GvpA_NotPartial.fasta	WP_412092736|gvpA|protein	WP_412092736|gvpA|protein	d7b124bfad426ab2d29dac93db4cf9c6631690473c55133a110d3b15c719533b	70	True	False	exact_duplicate
ref_000108	/home/user/wangyuhan/ML-GV02-03/data/raw/t05/gvpa/GvpA_NotPartial.fasta	WP_349407376|gvpA|protein	WP_349407376|gvpA|protein	f454f2a56d9c1f348b1dac3f706e94ceea099db81084cd1c70f2fc3cd1dfd5a3	87	True	False	exact_duplicate
ref_000109	/home/user/wangyuhan/ML-GV02-03/data/raw/t05/gvpa/GvpA_NotPartial.fasta	WP_336497511|gvpA|protein	WP_336497511|gvpA|protein	19cd7b61a586d4e4fed893c2bbd031719e582f6c6b75c515eb7fffa1099eb2c8	84	True	False	exact_duplicate
ref_000110	/home/user/wangyuhan/ML-GV02-03/data/raw/t05/gvpa/GvpA_NotPartial.fasta	WP_323244924|gvpA|protein	WP_323244924|gvpA|protein	a62ba34ed245e06a29758d7dd356e60f73eeb1c63f5eec9b8103fa7af5740d6a	70	True	False	exact_duplicate
ref_000452	/home/user/wangyuhan/ML-GV02-03/data/raw/t05/gvpa/GvpA_NotPartial.fasta	XPM56436|gvpA|protein	XPM56436|gvpA|protein	44be345e568ee6f5e906d1708940c01f4f899fd301577fbe466b983faec9e1ff	72	True	False	exact_duplicate
ref_000441	/home/user/wangyuhan/ML-GV02-03/data/raw/t05/gvpa/GvpA_NotPartial.fasta	XQN03179|gvpA|protein	XQN03179|gvpA|protein	626bf126ff6a42e860e1c20b32f28779f549346c7554d3694e519c08b6d8a44f	86	True	False	exact_duplicate
ref_000861	/home/user/wangyuhan/ML-GV02-03/data/raw/t05/gvpa/GvpA_NotPartial.fasta	XQJ63759|gvpA|protein	XQJ63759|gvpA|protein	1f275ce5dd842aaaf9d24fd9cd1a995ccd28e8006db8fd5d12c958ce30deb19a	71	True	False	exact_duplicate
ref_000861	/home/user/wangyuhan/ML-GV02-03/data/raw/t05/gvpa/GvpA_NotPartial.fasta	XQJ63651|gvpA|protein	XQJ63651|gvpA|protein	1f275ce5dd842aaaf9d24fd9cd1a995ccd28e8006db8fd5d12c958ce30deb19a	71	True	False	exact_duplicate
ref_000861	/home/user/wangyuhan/ML-GV02-03/data/raw/t05/gvpa/GvpA_NotPartial.fasta	XQJ63650|gvpA|protein	XQJ63650|gvpA|protein	1f275ce5dd842aaaf9d24fd9cd1a995ccd28e8006db8fd5d12c958ce30deb19a	71	True	False	exact_duplicate
ref_000111	/home/user/wangyuhan/ML-GV02-03/data/raw/t05/gvpa/GvpA_NotPartial.fasta	WP_049665784|gvpA|protein	WP_049665784|gvpA|protein	b57946b3f69a165a32688ee14d0fee5bcea63bf4d3ebf9eda46125a5b0948414	86	True	False	exact_duplicate
ref_000861	/home/user/wangyuhan/ML-GV02-03/data/raw/t05/gvpa/GvpA_NotPartial.fasta	XQD06705|gvpA|protein	XQD06705|gvpA|protein	1f275ce5dd842aaaf9d24fd9cd1a995ccd28e8006db8fd5d12c958ce30deb19a	71	True	False	exact_duplicate
ref_000861	/home/user/wangyuhan/ML-GV02-03/data/raw/t05/gvpa/GvpA_NotPartial.fasta	XQD06704|gvpA|protein	XQD06704|gvpA|protein	1f275ce5dd842aaaf9d24fd9cd1a995ccd28e8006db8fd5d12c958ce30deb19a	71	True	False	exact_duplicate
ref_000861	/home/user/wangyuhan/ML-GV02-03/data/raw/t05/gvpa/GvpA_NotPartial.fasta	XQD06703|gvpA|protein	XQD06703|gvpA|protein	1f275ce5dd842aaaf9d24fd9cd1a995ccd28e8006db8fd5d12c958ce30deb19a	71	True	False	exact_duplicate
ref_000112	/home/user/wangyuhan/ML-GV02-03/data/raw/t05/gvpa/GvpA_NotPartial.fasta	WP_164693470|gvpA|protein	WP_164693470|gvpA|protein	0b5cd7683d09753175798c62619ea564033e5f158ba14359919e46d521384fcf	72	True	False	exact_duplicate
ref_000848	/home/user/wangyuhan/ML-GV02-03/data/raw/t05/gvpa/GvpA_NotPartial.fasta	XPT26587|gvpA|protein	XPT26587|gvpA|protein	278c7a3fd12af0319695fae40d23ee8f76abf60d19c5e52b3b9dab1e368567ba	71	True	False	exact_duplicate
ref_000848	/home/user/wangyuhan/ML-GV02-03/data/raw/t05/gvpa/GvpA_NotPartial.fasta	XPT26586|gvpA|protein	XPT26586|gvpA|protein	278c7a3fd12af0319695fae40d23ee8f76abf60d19c5e52b3b9dab1e368567ba	71	True	False	exact_duplicate
ref_000848	/home/user/wangyuhan/ML-GV02-03/data/raw/t05/gvpa/GvpA_NotPartial.fasta	XPT18808|gvpA|protein	XPT18808|gvpA|protein	278c7a3fd12af0319695fae40d23ee8f76abf60d19c5e52b3b9dab1e368567ba	71	True	False	exact_duplicate
ref_000848	/home/user/wangyuhan/ML-GV02-03/data/raw/t05/gvpa/GvpA_NotPartial.fasta	XPT18807|gvpA|protein	XPT18807|gvpA|protein	278c7a3fd12af0319695fae40d23ee8f76abf60d19c5e52b3b9dab1e368567ba	71	True	False	exact_duplicate
ref_000113	/home/user/wangyuhan/ML-GV02-03/data/raw/t05/gvpa/GvpA_NotPartial.fasta	WP_039726782|gvpA|protein	WP_039726782|gvpA|protein	9683dd0b519eaf04d7438c1faa3b5ba7bfa2c6cfe741bd86fa7ae8c0e5378d7f	72	True	False	exact_duplicate
ref_000179	/home/user/wangyuhan/ML-GV02-03/data/raw/t05/gvpa/GvpA_NotPartial.fasta	XPD20917|gvpA|protein	XPD20917|gvpA|protein	7d8900b1fc48c317aebbade0a9e0f037e7f876e05e79fe26074fd735c2e3217a	86	True	False	exact_duplicate
ref_000113	/home/user/wangyuhan/ML-GV02-03/data/raw/t05/gvpa/GvpA_NotPartial.fasta	XPB27899|gvpA|protein	XPB27899|gvpA|protein	9683dd0b519eaf04d7438c1faa3b5ba7bfa2c6cfe741bd86fa7ae8c0e5378d7f	72	True	False	exact_duplicate
ref_000114	/home/user/wangyuhan/ML-GV02-03/data/raw/t05/gvpa/GvpA_NotPartial.fasta	WP_322681236|gvpA|protein	WP_322681236|gvpA|protein	7c8675813e46237632821dfe2c299d8a6a1afa403a3029f6dc9436af707fc73f	72	True	False	exact_duplicate
ref_000438	/home/user/wangyuhan/ML-GV02-03/data/raw/t05/gvpa/GvpA_NotPartial.fasta	XOV15419|gvpA|protein	XOV15419|gvpA|protein	21fd512873a52dc47991989d4a44dcc25431d3e22a3b8e5d29da536fa12bac79	92	True	False	exact_duplicate
ref_000430	/home/user/wangyuhan/ML-GV02-03/data/raw/t05/gvpa/GvpA_NotPartial.fasta	XOV15352|gvpA|protein	XOV15352|gvpA|protein	f34d4928fe982f4cb0ecf452e0985f42ef9f58486a727d3528b2d1cc7a2dba3f	86	True	False	exact_duplicate
ref_000115	/home/user/wangyuhan/ML-GV02-03/data/raw/t05/gvpa/GvpA_NotPartial.fasta	WP_416285140|gvpA|protein	WP_416285140|gvpA|protein	edc787924d6392f7c1f5e5e00d1e49e457b29997f69ad3227883a383e8273b5b	94	True	False	exact_duplicate
ref_000116	/home/user/wangyuhan/ML-GV02-03/data/raw/t05/gvpa/GvpA_NotPartial.fasta	WP_416108851|gvpA|protein	WP_416108851|gvpA|protein	b7662fa2f5d44aa0d6b41c24f4f96c605eb5db30149fbf2c0bac9fe17a17acbe	72	True	False	exact_duplicate
ref_000117	/home/user/wangyuhan/ML-GV02-03/data/raw/t05/gvpa/GvpA_NotPartial.fasta	WP_416108847|gvpA|protein	WP_416108847|gvpA|protein	f65654f9aa3b69f34daadee67a7561e43738c0e2ee7c492fbb794705940ddbfb	72	True	False	exact_duplicate
ref_000119	/home/user/wangyuhan/ML-GV02-03/data/raw/t05/gvpa/GvpA_NotPartial.fasta	WP_338255845|gvpA|protein	WP_338255845|gvpA|protein	1ca802048c4a6cd9dca398191c084cfbc6061238919610b015007080f09a9f15	76	True	False	exact_duplicate
ref_000120	/home/user/wangyuhan/ML-GV02-03/data/raw/t05/gvpa/GvpA_NotPartial.fasta	WP_310619223|gvpA|protein	WP_310619223|gvpA|protein	e9d0d8807aee29d8e61cc5812e5272da20f42b2eb9c88bded666404669277156	71	True	False	exact_duplicate
ref_000441	/home/user/wangyuhan/ML-GV02-03/data/raw/t05/gvpa/GvpA_NotPartial.fasta	XON68226|gvpA|protein	XON68226|gvpA|protein	626bf126ff6a42e860e1c20b32f28779f549346c7554d3694e519c08b6d8a44f	86	True	False	exact_duplicate
ref_000443	/home/user/wangyuhan/ML-GV02-03/data/raw/t05/gvpa/GvpA_NotPartial.fasta	XON68150|gvpA|protein	XON68150|gvpA|protein	7c1ee34913e269628b618a114cee0c9a5db90412949ae6bff681672ba1b795b8	92	True	False	exact_duplicate
ref_000151	/home/user/wangyuhan/ML-GV02-03/data/raw/t05/gvpa/GvpA_NotPartial.fasta	XOL52383|gvpA|protein	XOL52383|gvpA|protein	f977e0ce7c4a878af278f121d93c324388244920522e89fce9467528c48d695e	84	True	False	exact_duplicate
ref_000441	/home/user/wangyuhan/ML-GV02-03/data/raw/t05/gvpa/GvpA_NotPartial.fasta	XOK74184|gvpA|protein	XOK74184|gvpA|protein	626bf126ff6a42e860e1c20b32f28779f549346c7554d3694e519c08b6d8a44f	86	True	False	exact_duplicate
ref_000443	/home/user/wangyuhan/ML-GV02-03/data/raw/t05/gvpa/GvpA_NotPartial.fasta	XOK74111|gvpA|protein	XOK74111|gvpA|protein	7c1ee34913e269628b618a114cee0c9a5db90412949ae6bff681672ba1b795b8	92	True	False	exact_duplicate
ref_000896	/home/user/wangyuhan/ML-GV02-03/data/raw/t05/gvpa/GvpA_NotPartial.fasta	CAM3415122|gvpA|protein	CAM3415122|gvpA|protein	4075663fb7fccb3ebc0adf1a37c09e3ab3747f488537032590352bbfd4453fa8	136	True	True	accepted_unique
ref_000652	/home/user/wangyuhan/ML-GV02-03/data/raw/t05/gvpa/GvpA_NotPartial.fasta	CAM3692216|gvpA|protein	CAM3692216|gvpA|protein	bd790502a785bc49c92c22bfe6be22e078ca2560637cb3de09378ff468ab79ac	86	True	False	exact_duplicate
ref_000653	/home/user/wangyuhan/ML-GV02-03/data/raw/t05/gvpa/GvpA_NotPartial.fasta	CAM3692083|gvpA|protein	CAM3692083|gvpA|protein	245b236a00cae586f79fa63c873914632e120d70515a231486106df4438d0c4a	86	True	False	exact_duplicate
ref_000862	/home/user/wangyuhan/ML-GV02-03/data/raw/t05/gvpa/GvpA_NotPartial.fasta	CAM3790887|gvpA|protein	CAM3790887|gvpA|protein	130e62fc868ae20abbc4d7ff1b393afceecf214e482dae49a68d7adeac27391d	70	True	False	exact_duplicate
ref_000801	/home/user/wangyuhan/ML-GV02-03/data/raw/t05/gvpa/GvpA_NotPartial.fasta	CAM3841459|gvpA|protein	CAM3841459|gvpA|protein	7587716da5d19872555a989be552faa09b1e724c77cc7e3a8b962cb78b70fb70	87	True	False	exact_duplicate
ref_000391	/home/user/wangyuhan/ML-GV02-03/data/raw/t05/gvpa/GvpA_NotPartial.fasta	CAM2938561|gvpA|protein	CAM2938561|gvpA|protein	766d45336d56f5b42f24327e8017dcef111a6d0d9ef09d065ff599ed28c3610e	79	True	False	exact_duplicate
ref_000853	/home/user/wangyuhan/ML-GV02-03/data/raw/t05/gvpa/GvpA_NotPartial.fasta	XOF26165|gvpA|protein	XOF26165|gvpA|protein	6f827542d262f6a8575a7ac08f23d14f643c985ecf8d65260a44d1f5c7ecb48c	72	True	False	exact_duplicate
ref_000443	/home/user/wangyuhan/ML-GV02-03/data/raw/t05/gvpa/GvpA_NotPartial.fasta	CAI8757356|gvpA|protein	CAI8757356|gvpA|protein	7c1ee34913e269628b618a114cee0c9a5db90412949ae6bff681672ba1b795b8	92	True	False	exact_duplicate
ref_000442	/home/user/wangyuhan/ML-GV02-03/data/raw/t05/gvpa/GvpA_NotPartial.fasta	CAI8753086|gvpA|protein	CAI8753086|gvpA|protein	6eb7664db70304cf0f2ba846d31c4d016d07d8bebedb70ce52fe5ab7167e72cd	88	True	False	exact_duplicate
ref_000441	/home/user/wangyuhan/ML-GV02-03/data/raw/t05/gvpa/GvpA_NotPartial.fasta	CAI8752950|gvpA|protein	CAI8752950|gvpA|protein	626bf126ff6a42e860e1c20b32f28779f549346c7554d3694e519c08b6d8a44f	86	True	False	exact_duplicate
ref_000441	/home/user/wangyuhan/ML-GV02-03/data/raw/t05/gvpa/GvpA_NotPartial.fasta	CAI8857590|gvpA|protein	CAI8857590|gvpA|protein	626bf126ff6a42e860e1c20b32f28779f549346c7554d3694e519c08b6d8a44f	86	True	False	exact_duplicate
ref_000442	/home/user/wangyuhan/ML-GV02-03/data/raw/t05/gvpa/GvpA_NotPartial.fasta	CAI8857418|gvpA|protein	CAI8857418|gvpA|protein	6eb7664db70304cf0f2ba846d31c4d016d07d8bebedb70ce52fe5ab7167e72cd	88	True	False	exact_duplicate
ref_000443	/home/user/wangyuhan/ML-GV02-03/data/raw/t05/gvpa/GvpA_NotPartial.fasta	CAI8853375|gvpA|protein	CAI8853375|gvpA|protein	7c1ee34913e269628b618a114cee0c9a5db90412949ae6bff681672ba1b795b8	92	True	False	exact_duplicate
ref_000121	/home/user/wangyuhan/ML-GV02-03/data/raw/t05/gvpa/GvpA_NotPartial.fasta	WP_414404485|gvpA|protein	WP_414404485|gvpA|protein	62e969f90251277368266d759d9d4fd4cc78f03b7eadcfade3fc001db4bf0600	75	True	False	exact_duplicate
ref_000122	/home/user/wangyuhan/ML-GV02-03/data/raw/t05/gvpa/GvpA_NotPartial.fasta	WP_414362100|gvpA|protein	WP_414362100|gvpA|protein	a8c546bb807cbf441766bdc1e9d6100e34ba9f8687dc271e3c6bbc888861c9af	75	True	False	exact_duplicate
ref_000123	/home/user/wangyuhan/ML-GV02-03/data/raw/t05/gvpa/GvpA_NotPartial.fasta	WP_414395174|gvpA|protein	WP_414395174|gvpA|protein	9caabe5dd41114f54d7157811c223a55ba4f8324b5c33e3ed04bea8f682c91b8	75	True	False	exact_duplicate
ref_000150	/home/user/wangyuhan/ML-GV02-03/data/raw/t05/gvpa/GvpA_NotPartial.fasta	XNZ78493|gvpA|protein	XNZ78493|gvpA|protein	271291dc0f72accfac607a148f3b6af0576a1ad6cb95ac9bf3548d2abca3aa08	86	True	False	exact_duplicate
ref_000124	/home/user/wangyuhan/ML-GV02-03/data/raw/t05/gvpa/GvpA_NotPartial.fasta	WP_024336577|gvpA|protein	WP_024336577|gvpA|protein	39cf0fd21702af1ff2b1a85e7f95803ffe5d465cb6cae8e617df8798b8c9f644	69	True	False	exact_duplicate
ref_000149	/home/user/wangyuhan/ML-GV02-03/data/raw/t05/gvpa/GvpA_NotPartial.fasta	XNY92307|gvpA|protein	XNY92307|gvpA|protein	0844cfaee9f234d540b527333f1f62a06e990377372b5ef2abf079432a623702	86	True	False	exact_duplicate
ref_000108	/home/user/wangyuhan/ML-GV02-03/data/raw/t05/gvpa/GvpA_NotPartial.fasta	XNY61521|gvpA|protein	XNY61521|gvpA|protein	f454f2a56d9c1f348b1dac3f706e94ceea099db81084cd1c70f2fc3cd1dfd5a3	87	True	False	exact_duplicate
ref_000125	/home/user/wangyuhan/ML-GV02-03/data/raw/t05/gvpa/GvpA_NotPartial.fasta	WP_193980327|gvpA|protein	WP_193980327|gvpA|protein	ce84140595a3625becb853b3896946af55d40cf7bd6ebf4c0c866321df18c48e	71	True	False	exact_duplicate
ref_000126	/home/user/wangyuhan/ML-GV02-03/data/raw/t05/gvpa/GvpA_NotPartial.fasta	WP_413242310|gvpA|protein	WP_413242310|gvpA|protein	4a871af101af640b6e2c4613cc92d8574a387d76bed376472736fe356f550e29	89	True	False	exact_duplicate
ref_000127	/home/user/wangyuhan/ML-GV02-03/data/raw/t05/gvpa/GvpA_NotPartial.fasta	WP_413173348|gvpA|protein	WP_413173348|gvpA|protein	ced70fa1ad4dcaf12a7b8c719004cf68917ca8132aa674f7f8c86094a7879b0c	75	True	False	exact_duplicate
ref_000128	/home/user/wangyuhan/ML-GV02-03/data/raw/t05/gvpa/GvpA_NotPartial.fasta	WP_413173347|gvpA|protein	WP_413173347|gvpA|protein	de6e45b17a1efe79f37778d836358d826a304d076e7019714203a05f82787777	74	True	False	exact_duplicate
ref_000129	/home/user/wangyuhan/ML-GV02-03/data/raw/t05/gvpa/GvpA_NotPartial.fasta	WP_413173346|gvpA|protein	WP_413173346|gvpA|protein	b669abd036c50b376c62ed96bedb1c48c2355a2d6963351d6db1465d4bed8684	73	True	False	exact_duplicate
ref_000130	/home/user/wangyuhan/ML-GV02-03/data/raw/t05/gvpa/GvpA_NotPartial.fasta	WP_413173345|gvpA|protein	WP_413173345|gvpA|protein	bf9d9ac4b0e25cbc2e1482bd8291d51b80489fd66aea62fc23789d12b24004e0	75	True	False	exact_duplicate
ref_000131	/home/user/wangyuhan/ML-GV02-03/data/raw/t05/gvpa/GvpA_NotPartial.fasta	WP_413173344|gvpA|protein	WP_413173344|gvpA|protein	3f2cb7eca6dff49eb9eba55009404da2596edaa8a84214ff0a062983369e81b2	76	True	False	exact_duplicate
ref_000132	/home/user/wangyuhan/ML-GV02-03/data/raw/t05/gvpa/GvpA_NotPartial.fasta	WP_190464766|gvpA|protein	WP_190464766|gvpA|protein	44a44809c7c1d751ebce0ff9a86895a50f13e140bfe6d9ae84ed0e8114d8495c	72	True	False	exact_duplicate
ref_000133	/home/user/wangyuhan/ML-GV02-03/data/raw/t05/gvpa/GvpA_NotPartial.fasta	WP_190463961|gvpA|protein	WP_190463961|gvpA|protein	1a1b9a1e258a11254cb4f5cd618e15676d2d449475d5b0ed37269cbc3185bc1d	72	True	False	exact_duplicate
ref_000127	/home/user/wangyuhan/ML-GV02-03/data/raw/t05/gvpa/GvpA_NotPartial.fasta	XNO56031|gvpA|protein	XNO56031|gvpA|protein	ced70fa1ad4dcaf12a7b8c719004cf68917ca8132aa674f7f8c86094a7879b0c	75	True	False	exact_duplicate
ref_000129	/home/user/wangyuhan/ML-GV02-03/data/raw/t05/gvpa/GvpA_NotPartial.fasta	XNO56030|gvpA|protein	XNO56030|gvpA|protein	b669abd036c50b376c62ed96bedb1c48c2355a2d6963351d6db1465d4bed8684	73	True	False	exact_duplicate
ref_000128	/home/user/wangyuhan/ML-GV02-03/data/raw/t05/gvpa/GvpA_NotPartial.fasta	XNO56029|gvpA|protein	XNO56029|gvpA|protein	de6e45b17a1efe79f37778d836358d826a304d076e7019714203a05f82787777	74	True	False	exact_duplicate
ref_000129	/home/user/wangyuhan/ML-GV02-03/data/raw/t05/gvpa/GvpA_NotPartial.fasta	XNO56028|gvpA|protein	XNO56028|gvpA|protein	b669abd036c50b376c62ed96bedb1c48c2355a2d6963351d6db1465d4bed8684	73	True	False	exact_duplicate
ref_000130	/home/user/wangyuhan/ML-GV02-03/data/raw/t05/gvpa/GvpA_NotPartial.fasta	XNO56027|gvpA|protein	XNO56027|gvpA|protein	bf9d9ac4b0e25cbc2e1482bd8291d51b80489fd66aea62fc23789d12b24004e0	75	True	False	exact_duplicate
ref_000131	/home/user/wangyuhan/ML-GV02-03/data/raw/t05/gvpa/GvpA_NotPartial.fasta	XNO56026|gvpA|protein	XNO56026|gvpA|protein	3f2cb7eca6dff49eb9eba55009404da2596edaa8a84214ff0a062983369e81b2	76	True	False	exact_duplicate
ref_000785	/home/user/wangyuhan/ML-GV02-03/data/raw/t05/gvpa/GvpA_NotPartial.fasta	XNO56025|gvpA|protein	XNO56025|gvpA|protein	83cf4bae954290aa781d919a49879399b8f8f6215eafe44d5ab3358539071424	71	True	False	exact_duplicate
ref_000897	/home/user/wangyuhan/ML-GV02-03/data/raw/t05/gvpa/GvpA_NotPartial.fasta	XNL79175|gvpA|protein	XNL79175|gvpA|protein	f9a6c4e29c6909a7bfeaee809e13e5cb6f391552d46a183aa9e19956d01e67cc	145	True	True	accepted_unique
ref_000803	/home/user/wangyuhan/ML-GV02-03/data/raw/t05/gvpa/GvpA_NotPartial.fasta	XMG25516|gvpA|protein	XMG25516|gvpA|protein	40a2221d15252edb050f337e812a0a0e82030bda075c5de81cab5b24cbf54425	88	True	False	exact_duplicate
ref_000134	/home/user/wangyuhan/ML-GV02-03/data/raw/t05/gvpa/GvpA_NotPartial.fasta	WP_410337796|gvpA|protein	WP_410337796|gvpA|protein	387a1a5b990d83c80a609a93287a136e5e242150b20ddd4a1e49c657c24a6c38	73	True	False	exact_duplicate
ref_000135	/home/user/wangyuhan/ML-GV02-03/data/raw/t05/gvpa/GvpA_NotPartial.fasta	WP_379650762|gvpA|protein	WP_379650762|gvpA|protein	6cd6a14977934f64979a41a3771d6fe7e8dad157178bbbd3409fe43630cb5a41	73	True	False	exact_duplicate
ref_000136	/home/user/wangyuhan/ML-GV02-03/data/raw/t05/gvpa/GvpA_NotPartial.fasta	WP_379640496|gvpA|protein	WP_379640496|gvpA|protein	86ebca091b9272e657505efec988aa8e3dc5f76d49029f1af44bbb42ef160807	75	True	False	exact_duplicate
ref_000137	/home/user/wangyuhan/ML-GV02-03/data/raw/t05/gvpa/GvpA_NotPartial.fasta	WP_342070892|gvpA|protein	WP_342070892|gvpA|protein	c88f9ffff90291b1560233f546b76e54fc9da0f6bafb9239779bc03168c818ea	70	True	False	exact_duplicate
ref_000138	/home/user/wangyuhan/ML-GV02-03/data/raw/t05/gvpa/GvpA_NotPartial.fasta	WP_327608074|gvpA|protein	WP_327608074|gvpA|protein	72cdd34cb274da9e5e194597336bd584c0601117e8bd69b326cde75988c2ef5d	92	True	False	exact_duplicate
ref_000139	/home/user/wangyuhan/ML-GV02-03/data/raw/t05/gvpa/GvpA_NotPartial.fasta	WP_324716694|gvpA|protein	WP_324716694|gvpA|protein	10268ee8450e0bb5a4533dd0737c1855e098f5e675543a0dbaa927c55ecb3d54	73	True	False	exact_duplicate
ref_000140	/home/user/wangyuhan/ML-GV02-03/data/raw/t05/gvpa/GvpA_NotPartial.fasta	WP_324704072|gvpA|protein	WP_324704072|gvpA|protein	ae37005a67bc5cb2b176bbb2a26f1bbfc007226ff1abafb159c27039c720fa0e	72	True	False	exact_duplicate
ref_000141	/home/user/wangyuhan/ML-GV02-03/data/raw/t05/gvpa/GvpA_NotPartial.fasta	WP_317121874|gvpA|protein	WP_317121874|gvpA|protein	e8c5de40001b59b84f3000546d57bdbffeb1f2fbded41da8015760622ba66cb1	86	True	False	exact_duplicate
ref_000142	/home/user/wangyuhan/ML-GV02-03/data/raw/t05/gvpa/GvpA_NotPartial.fasta	WP_295848159|gvpA|protein	WP_295848159|gvpA|protein	3426f2b4953d2172f209b39e07c92d33714de1f85bc963ee04a0c73f32a57c8b	70	True	False	exact_duplicate
ref_000143	/home/user/wangyuhan/ML-GV02-03/data/raw/t05/gvpa/GvpA_NotPartial.fasta	WP_280793164|gvpA|protein	WP_280793164|gvpA|protein	fa062766acc141ed13ab5647f670b952cf8945bbcfc8349eca2a90bcac8cd4ef	71	True	False	exact_duplicate
ref_000144	/home/user/wangyuhan/ML-GV02-03/data/raw/t05/gvpa/GvpA_NotPartial.fasta	WP_283757384|gvpA|protein	WP_283757384|gvpA|protein	6f227f789b114508ea9998be7bfc238fb7cd36b4f026ef2c1d299b426ba4d67d	72	True	False	exact_duplicate
ref_000145	/home/user/wangyuhan/ML-GV02-03/data/raw/t05/gvpa/GvpA_NotPartial.fasta	WP_280652748|gvpA|protein	WP_280652748|gvpA|protein	56d5d14e5f958bb848effc7cddc6dd078434561bb8d86a1a4654791676632e8b	71	True	False	exact_duplicate
ref_000147	/home/user/wangyuhan/ML-GV02-03/data/raw/t05/gvpa/GvpA_NotPartial.fasta	WP_353746961|gvpA|protein	WP_353746961|gvpA|protein	63d39c2e5861daa31f41643f87a02e57bbbbceb485e5b854577bf230f2d1c5e3	83	True	False	exact_duplicate
ref_000148	/home/user/wangyuhan/ML-GV02-03/data/raw/t05/gvpa/GvpA_NotPartial.fasta	WP_328257960|gvpA|protein	WP_328257960|gvpA|protein	6d06213120173a755e9baa644f1b79091e5fe37b3d5310decd03b265d1c1198a	88	True	False	exact_duplicate
ref_000149	/home/user/wangyuhan/ML-GV02-03/data/raw/t05/gvpa/GvpA_NotPartial.fasta	WP_409303451|gvpA|protein	WP_409303451|gvpA|protein	0844cfaee9f234d540b527333f1f62a06e990377372b5ef2abf079432a623702	86	True	False	exact_duplicate
ref_000150	/home/user/wangyuhan/ML-GV02-03/data/raw/t05/gvpa/GvpA_NotPartial.fasta	WP_409293715|gvpA|protein	WP_409293715|gvpA|protein	271291dc0f72accfac607a148f3b6af0576a1ad6cb95ac9bf3548d2abca3aa08	86	True	False	exact_duplicate
ref_000151	/home/user/wangyuhan/ML-GV02-03/data/raw/t05/gvpa/GvpA_NotPartial.fasta	WP_409274759|gvpA|protein	WP_409274759|gvpA|protein	f977e0ce7c4a878af278f121d93c324388244920522e89fce9467528c48d695e	84	True	False	exact_duplicate
ref_000152	/home/user/wangyuhan/ML-GV02-03/data/raw/t05/gvpa/GvpA_NotPartial.fasta	WP_408963110|gvpA|protein	WP_408963110|gvpA|protein	07561c65a5d37a8aa878cb07b895eb5f91fafbeef771c9befc328c8c9c84e7fc	72	True	False	exact_duplicate
ref_000153	/home/user/wangyuhan/ML-GV02-03/data/raw/t05/gvpa/GvpA_NotPartial.fasta	WP_408958174|gvpA|protein	WP_408958174|gvpA|protein	73e0b5aa88a198c56caeea07f42134079d2b868fcd0dbd1b9bc7234b4f64666a	87	True	False	exact_duplicate
ref_000154	/home/user/wangyuhan/ML-GV02-03/data/raw/t05/gvpa/GvpA_NotPartial.fasta	WP_336364780|gvpA|protein	WP_336364780|gvpA|protein	cd0ec9cc83e20bd818b34c3d6e32229ae82b1f4b803ad5a686041fe792cfa0b4	86	True	False	exact_duplicate
ref_000155	/home/user/wangyuhan/ML-GV02-03/data/raw/t05/gvpa/GvpA_NotPartial.fasta	WP_336364362|gvpA|protein	WP_336364362|gvpA|protein	ad18f8d7fabecf9750fb27c42b42c14e2c5be22222525e8903b790ab878114cc	97	True	False	exact_duplicate
ref_000156	/home/user/wangyuhan/ML-GV02-03/data/raw/t05/gvpa/GvpA_NotPartial.fasta	WP_332101109|gvpA|protein	WP_332101109|gvpA|protein	76418c5d471b2873e6bfd66246e1ddea8c46c09677d508ca4d85d7ddc4b66838	86	True	False	exact_duplicate
ref_000157	/home/user/wangyuhan/ML-GV02-03/data/raw/t05/gvpa/GvpA_NotPartial.fasta	WP_332100865|gvpA|protein	WP_332100865|gvpA|protein	7801d96d034213cf08c8a094d7cac15ce9d441b0b84d59a3a397698d01a086b2	84	True	False	exact_duplicate
ref_000158	/home/user/wangyuhan/ML-GV02-03/data/raw/t05/gvpa/GvpA_NotPartial.fasta	WP_332099299|gvpA|protein	WP_332099299|gvpA|protein	b9d147aeaac9ffa9d0f345cb4414f298f5fcd7bdcb541313ba9f90ed1cf3a920	87	True	False	exact_duplicate
ref_000159	/home/user/wangyuhan/ML-GV02-03/data/raw/t05/gvpa/GvpA_NotPartial.fasta	WP_332097579|gvpA|protein	WP_332097579|gvpA|protein	824a3264c546dbd7013f28ea8a55f3a237060c55e29003b45dafff7fd11e8a4e	97	True	False	exact_duplicate
ref_000160	/home/user/wangyuhan/ML-GV02-03/data/raw/t05/gvpa/GvpA_NotPartial.fasta	WP_038082255|gvpA|protein	WP_038082255|gvpA|protein	b34a5f1cebe7f342dc3f0266350f98a4220b9e2eabe7f053f156e8a2488af41b	72	True	False	exact_duplicate
ref_000161	/home/user/wangyuhan/ML-GV02-03/data/raw/t05/gvpa/GvpA_NotPartial.fasta	WP_408011836|gvpA|protein	WP_408011836|gvpA|protein	354eeee0be3f0383107be26977796d47824369722e4cc0040014e2231196c8e5	85	True	False	exact_duplicate
ref_000162	/home/user/wangyuhan/ML-GV02-03/data/raw/t05/gvpa/GvpA_NotPartial.fasta	WP_215820231|gvpA|protein	WP_215820231|gvpA|protein	f2eb1efff0bc22bf511d7abe25340b374cb0b499c08c0e5b5016a140d3727bb3	72	True	False	exact_duplicate
ref_000161	/home/user/wangyuhan/ML-GV02-03/data/raw/t05/gvpa/GvpA_NotPartial.fasta	XLH05853|gvpA|protein	XLH05853|gvpA|protein	354eeee0be3f0383107be26977796d47824369722e4cc0040014e2231196c8e5	85	True	False	exact_duplicate
ref_000441	/home/user/wangyuhan/ML-GV02-03/data/raw/t05/gvpa/GvpA_NotPartial.fasta	XLF48753|gvpA|protein	XLF48753|gvpA|protein	626bf126ff6a42e860e1c20b32f28779f549346c7554d3694e519c08b6d8a44f	86	True	False	exact_duplicate
ref_000443	/home/user/wangyuhan/ML-GV02-03/data/raw/t05/gvpa/GvpA_NotPartial.fasta	XLF48677|gvpA|protein	XLF48677|gvpA|protein	7c1ee34913e269628b618a114cee0c9a5db90412949ae6bff681672ba1b795b8	92	True	False	exact_duplicate
ref_000163	/home/user/wangyuhan/ML-GV02-03/data/raw/t05/gvpa/GvpA_NotPartial.fasta	WP_407312170|gvpA|protein	WP_407312170|gvpA|protein	2b3e3d2d5bed050505a18c825d05bdeef9ed0a305324a5ff0a3ab44addd80e16	70	True	False	exact_duplicate
ref_000898	/home/user/wangyuhan/ML-GV02-03/data/raw/t05/gvpa/GvpA_NotPartial.fasta	XLD97541|gvpA|protein	XLD97541|gvpA|protein	fca4193e69c1cb015d9a2550e476effcdacac38436423288385f83cbb499a3e0	147	True	True	accepted_unique
ref_000899	/home/user/wangyuhan/ML-GV02-03/data/raw/t05/gvpa/GvpA_NotPartial.fasta	XKU37254|gvpA|protein	XKU37254|gvpA|protein	45d8bf8bea0b0845fea0454ddcc5aeef60886812481cab811e7b2c5e31b593c1	139	True	True	accepted_unique
ref_000900	/home/user/wangyuhan/ML-GV02-03/data/raw/t05/gvpa/GvpA_NotPartial.fasta	XKU35982|gvpA|protein	XKU35982|gvpA|protein	5d7c3d0594612da43ea22e75595e807f8d301c7b38eca653a97700234387055e	137	True	True	accepted_unique
ref_000432	/home/user/wangyuhan/ML-GV02-03/data/raw/t05/gvpa/GvpA_NotPartial.fasta	WGS73826|gvpA|protein	WGS73826|gvpA|protein	45ceddea54f47745a1ad9c65097c2d122a4bd298292f81068539903e0cbdd579	72	True	False	exact_duplicate
ref_000164	/home/user/wangyuhan/ML-GV02-03/data/raw/t05/gvpa/GvpA_NotPartial.fasta	WP_407039562|gvpA|protein	WP_407039562|gvpA|protein	7d8f193406ee761e1417644f12663163f20f02aa96aa9ac9a3e9967ae45736db	95	True	False	exact_duplicate
ref_000165	/home/user/wangyuhan/ML-GV02-03/data/raw/t05/gvpa/GvpA_NotPartial.fasta	WP_406944744|gvpA|protein	WP_406944744|gvpA|protein	61cb6f10b13fb11f910f8f21d07836e35e17affcc38af420a8aad2bdf75ef91c	97	True	False	exact_duplicate
ref_000165	/home/user/wangyuhan/ML-GV02-03/data/raw/t05/gvpa/GvpA_NotPartial.fasta	XKT76719|gvpA|protein	XKT76719|gvpA|protein	61cb6f10b13fb11f910f8f21d07836e35e17affcc38af420a8aad2bdf75ef91c	97	True	False	exact_duplicate
ref_000166	/home/user/wangyuhan/ML-GV02-03/data/raw/t05/gvpa/GvpA_NotPartial.fasta	WP_406606980|gvpA|protein	WP_406606980|gvpA|protein	b81aa32b17d671599bc2c9e361c85b3574906f3e79199d11c11f01091914c22e	69	True	False	exact_duplicate
ref_000167	/home/user/wangyuhan/ML-GV02-03/data/raw/t05/gvpa/GvpA_NotPartial.fasta	WP_404455754|gvpA|protein	WP_404455754|gvpA|protein	42ca32a46ff9fbfe04b03849517149d6e08810007705041d2c8b3b34d20375bb	93	True	False	exact_duplicate
ref_000168	/home/user/wangyuhan/ML-GV02-03/data/raw/t05/gvpa/GvpA_NotPartial.fasta	WP_404405697|gvpA|protein	WP_404405697|gvpA|protein	a6d518bf56b5cafab96ad5614138c302b7592dbeed2603e0b2367a1fa9195b51	88	True	False	exact_duplicate
ref_000439	/home/user/wangyuhan/ML-GV02-03/data/raw/t05/gvpa/GvpA_NotPartial.fasta	XKJ32019|gvpA|protein	XKJ32019|gvpA|protein	c5a5f8d3e0297c749df71e201b09661efa435db12251191f1fed09764031bff7	87	True	False	exact_duplicate
ref_000850	/home/user/wangyuhan/ML-GV02-03/data/raw/t05/gvpa/GvpA_NotPartial.fasta	XKG84051|gvpA|protein	XKG84051|gvpA|protein	667b333e161105876fb2cf5ab53eba1f68f65e9d3e8006d6b2792f4e76e1c0ce	84	True	False	exact_duplicate
ref_000901	/home/user/wangyuhan/ML-GV02-03/data/raw/t05/gvpa/GvpA_NotPartial.fasta	XKG84048|gvpA|protein	XKG84048|gvpA|protein	feed1d4c7965994c10d53e18f7988c6b622e7a10dc24917a362fa91cad93d307	86	True	True	accepted_unique
ref_000850	/home/user/wangyuhan/ML-GV02-03/data/raw/t05/gvpa/GvpA_NotPartial.fasta	XKG09752|gvpA|protein	XKG09752|gvpA|protein	667b333e161105876fb2cf5ab53eba1f68f65e9d3e8006d6b2792f4e76e1c0ce	84	True	False	exact_duplicate
ref_000849	/home/user/wangyuhan/ML-GV02-03/data/raw/t05/gvpa/GvpA_NotPartial.fasta	XKG09749|gvpA|protein	XKG09749|gvpA|protein	d692e59ba181a3631d4d3ec7f34ea0113cbddcf7fa5a4afeff130171f0e4a3be	86	True	False	exact_duplicate
ref_000167	/home/user/wangyuhan/ML-GV02-03/data/raw/t05/gvpa/GvpA_NotPartial.fasta	XKF67207|gvpA|protein	XKF67207|gvpA|protein	42ca32a46ff9fbfe04b03849517149d6e08810007705041d2c8b3b34d20375bb	93	True	False	exact_duplicate
ref_000902	/home/user/wangyuhan/ML-GV02-03/data/raw/t05/gvpa/GvpA_NotPartial.fasta	XKE79926|gvpA|protein	XKE79926|gvpA|protein	5e8f0a8871d86e6b22f4def21b254b9d16002da7ae0145a210f03178265680c3	86	True	True	accepted_unique
ref_000850	/home/user/wangyuhan/ML-GV02-03/data/raw/t05/gvpa/GvpA_NotPartial.fasta	XKE52738|gvpA|protein	XKE52738|gvpA|protein	667b333e161105876fb2cf5ab53eba1f68f65e9d3e8006d6b2792f4e76e1c0ce	84	True	False	exact_duplicate
ref_000849	/home/user/wangyuhan/ML-GV02-03/data/raw/t05/gvpa/GvpA_NotPartial.fasta	XKE52735|gvpA|protein	XKE52735|gvpA|protein	d692e59ba181a3631d4d3ec7f34ea0113cbddcf7fa5a4afeff130171f0e4a3be	86	True	False	exact_duplicate
ref_000850	/home/user/wangyuhan/ML-GV02-03/data/raw/t05/gvpa/GvpA_NotPartial.fasta	XKE56938|gvpA|protein	XKE56938|gvpA|protein	667b333e161105876fb2cf5ab53eba1f68f65e9d3e8006d6b2792f4e76e1c0ce	84	True	False	exact_duplicate
ref_000849	/home/user/wangyuhan/ML-GV02-03/data/raw/t05/gvpa/GvpA_NotPartial.fasta	XKE56935|gvpA|protein	XKE56935|gvpA|protein	d692e59ba181a3631d4d3ec7f34ea0113cbddcf7fa5a4afeff130171f0e4a3be	86	True	False	exact_duplicate
ref_000850	/home/user/wangyuhan/ML-GV02-03/data/raw/t05/gvpa/GvpA_NotPartial.fasta	XKE48707|gvpA|protein	XKE48707|gvpA|protein	667b333e161105876fb2cf5ab53eba1f68f65e9d3e8006d6b2792f4e76e1c0ce	84	True	False	exact_duplicate
ref_000849	/home/user/wangyuhan/ML-GV02-03/data/raw/t05/gvpa/GvpA_NotPartial.fasta	XKE48704|gvpA|protein	XKE48704|gvpA|protein	d692e59ba181a3631d4d3ec7f34ea0113cbddcf7fa5a4afeff130171f0e4a3be	86	True	False	exact_duplicate
ref_000903	/home/user/wangyuhan/ML-GV02-03/data/raw/t05/gvpa/GvpA_NotPartial.fasta	XKE66939|gvpA|protein	XKE66939|gvpA|protein	0bead889339fd4f049d1c8cdb1cb2afbce7f450012be3c4a0525a219de8b696f	84	True	True	accepted_unique
ref_000168	/home/user/wangyuhan/ML-GV02-03/data/raw/t05/gvpa/GvpA_NotPartial.fasta	XKE66936|gvpA|protein	XKE66936|gvpA|protein	a6d518bf56b5cafab96ad5614138c302b7592dbeed2603e0b2367a1fa9195b51	88	True	False	exact_duplicate
ref_000169	/home/user/wangyuhan/ML-GV02-03/data/raw/t05/gvpa/GvpA_NotPartial.fasta	WP_224944266|gvpA|protein	WP_224944266|gvpA|protein	509311e69b214d9f94e73b22f61d8fe5ca6761a790311b2da756f7aacf9bbd78	86	True	False	exact_duplicate
ref_000139	/home/user/wangyuhan/ML-GV02-03/data/raw/t05/gvpa/GvpA_NotPartial.fasta	WRP17423|gvpA|protein	WRP17423|gvpA|protein	10268ee8450e0bb5a4533dd0737c1855e098f5e675543a0dbaa927c55ecb3d54	73	True	False	exact_duplicate
ref_000170	/home/user/wangyuhan/ML-GV02-03/data/raw/t05/gvpa/GvpA_NotPartial.fasta	WP_231183142|gvpA|protein	WP_231183142|gvpA|protein	f87e80c34ba5c8c8909bbdd240615676baff89720ec7c271d2c949964d53bfc2	87	True	False	exact_duplicate
ref_000405	/home/user/wangyuhan/ML-GV02-03/data/raw/t05/gvpa/GvpA_NotPartial.fasta	XJC71161|gvpA|protein	XJC71161|gvpA|protein	8189ed3c9ac18707f54985fd1f832186b5ab06ffd03b98d13b6a5a880b456e0a	94	True	False	exact_duplicate
ref_000171	/home/user/wangyuhan/ML-GV02-03/data/raw/t05/gvpa/GvpA_NotPartial.fasta	WP_062441008|gvpA|protein	WP_062441008|gvpA|protein	7a296141a2788c2145e9831dd2e14af2845f1b10362686045dd37b12e3d675db	96	True	False	exact_duplicate
ref_000172	/home/user/wangyuhan/ML-GV02-03/data/raw/t05/gvpa/GvpA_NotPartial.fasta	WP_394342364|gvpA|protein	WP_394342364|gvpA|protein	38b03f42eea75fbcc3e05c70be0e2c7ed52af564e56f9e4974caed8e9dd2d76f	97	True	False	exact_duplicate
ref_000173	/home/user/wangyuhan/ML-GV02-03/data/raw/t05/gvpa/GvpA_NotPartial.fasta	WP_394079722|gvpA|protein	WP_394079722|gvpA|protein	38a86b2caad8351d20f84009e4f3fadc81641af9267c4634244814993c1e259b	70	True	False	exact_duplicate
ref_000174	/home/user/wangyuhan/ML-GV02-03/data/raw/t05/gvpa/GvpA_NotPartial.fasta	WP_392535573|gvpA|protein	WP_392535573|gvpA|protein	4ba0a2c8ff48af80e17ea4e45f1da9493a8864d39f451200f163ff2e561d2b6f	71	True	False	exact_duplicate
ref_000175	/home/user/wangyuhan/ML-GV02-03/data/raw/t05/gvpa/GvpA_NotPartial.fasta	WP_122090611|gvpA|protein	WP_122090611|gvpA|protein	63e94d96149b61e3547fb620a3561727505e40a05520085d6a7b53eda6afbc7c	87	True	False	exact_duplicate
ref_000176	/home/user/wangyuhan/ML-GV02-03/data/raw/t05/gvpa/GvpA_NotPartial.fasta	WP_390306325|gvpA|protein	WP_390306325|gvpA|protein	1221e51a70c9226dfb5b8f5c0eaea31f8d82a2bbe997fe275036cddfc6893f45	90	True	False	exact_duplicate
ref_000177	/home/user/wangyuhan/ML-GV02-03/data/raw/t05/gvpa/GvpA_NotPartial.fasta	WP_390283382|gvpA|protein	WP_390283382|gvpA|protein	4f76b230eb60279eb5dd9727b6fef53befa7b01de4543a47effc9d7219b9b6ea	95	True	False	exact_duplicate
ref_000178	/home/user/wangyuhan/ML-GV02-03/data/raw/t05/gvpa/GvpA_NotPartial.fasta	WP_390271558|gvpA|protein	WP_390271558|gvpA|protein	044a3e6477173de21b191f88651098a6ddd5f3ea0f8288b883ad9f9d97c83ee6	90	True	False	exact_duplicate
ref_000179	/home/user/wangyuhan/ML-GV02-03/data/raw/t05/gvpa/GvpA_NotPartial.fasta	WP_204418811|gvpA|protein	WP_204418811|gvpA|protein	7d8900b1fc48c317aebbade0a9e0f037e7f876e05e79fe26074fd735c2e3217a	86	True	False	exact_duplicate
ref_000180	/home/user/wangyuhan/ML-GV02-03/data/raw/t05/gvpa/GvpA_NotPartial.fasta	WP_386062796|gvpA|protein	WP_386062796|gvpA|protein	044652cd2d2677de71ee3ad6b28cfb22905b65ba36cac1256c3f01e3fb5c37d9	85	True	False	exact_duplicate
ref_000181	/home/user/wangyuhan/ML-GV02-03/data/raw/t05/gvpa/GvpA_NotPartial.fasta	WP_253517921|gvpA|protein	WP_253517921|gvpA|protein	6b94719ca1a990ee1d8f7fe4a2780bb99c98d3599cd6abe8080921d204b422e4	87	True	False	exact_duplicate
ref_000182	/home/user/wangyuhan/ML-GV02-03/data/raw/t05/gvpa/GvpA_NotPartial.fasta	WP_252487173|gvpA|protein	WP_252487173|gvpA|protein	943ce15fb7773fa3a769b10eef21ff74af8e9455a035ac627206a70f67094829	94	True	False	exact_duplicate
ref_000183	/home/user/wangyuhan/ML-GV02-03/data/raw/t05/gvpa/GvpA_NotPartial.fasta	WP_217628970|gvpA|protein	WP_217628970|gvpA|protein	970873de163a6ff8ee058480a3869a5416b54bf5594fe27fbb5156104085a425	88	True	False	exact_duplicate
ref_000184	/home/user/wangyuhan/ML-GV02-03/data/raw/t05/gvpa/GvpA_NotPartial.fasta	WP_380704376|gvpA|protein	WP_380704376|gvpA|protein	b258e8dfa1451eaa6d09e0b4add2594f4ff66808a1171e673e2a064015b0995e	87	True	False	exact_duplicate
ref_000185	/home/user/wangyuhan/ML-GV02-03/data/raw/t05/gvpa/GvpA_NotPartial.fasta	WP_379496047|gvpA|protein	WP_379496047|gvpA|protein	2395590053bc57a3bac9a2197e4b3100849ac0586b18b27401acb2786f9ed738	91	True	False	exact_duplicate
ref_000186	/home/user/wangyuhan/ML-GV02-03/data/raw/t05/gvpa/GvpA_NotPartial.fasta	WP_168006768|gvpA|protein	WP_168006768|gvpA|protein	37f01da4a984c4443e1dd0bfe4c45bcaf6d4dffa1a6de05841500833014bfa0a	87	True	False	exact_duplicate
ref_000187	/home/user/wangyuhan/ML-GV02-03/data/raw/t05/gvpa/GvpA_NotPartial.fasta	WP_049893539|gvpA|protein	WP_049893539|gvpA|protein	70724efd897d81dc16e2bdbc3589fa7441046ed49245f06ce63218699b619185	103	True	False	exact_duplicate
ref_000188	/home/user/wangyuhan/ML-GV02-03/data/raw/t05/gvpa/GvpA_NotPartial.fasta	WP_377962562|gvpA|protein	WP_377962562|gvpA|protein	0dcb405a364eae4db9c2e19b75732438619d866ca86f30cf78ac87bfd6ab062e	72	True	False	exact_duplicate
ref_000699	/home/user/wangyuhan/ML-GV02-03/data/raw/t05/gvpa/GvpA_NotPartial.fasta	XHX77422|gvpA|protein	XHX77422|gvpA|protein	b06d430fdaaa1079895b90414dcee1412655c8233aae0405582a5fa156014994	72	True	False	exact_duplicate
ref_000870	/home/user/wangyuhan/ML-GV02-03/data/raw/t05/gvpa/GvpA_NotPartial.fasta	XHR82204|gvpA|protein	XHR82204|gvpA|protein	c6694fda37ff51b3f38274d3a185ac8443a605c30d985300d151a639aecb11a8	71	True	False	exact_duplicate
ref_000785	/home/user/wangyuhan/ML-GV02-03/data/raw/t05/gvpa/GvpA_NotPartial.fasta	XHR82203|gvpA|protein	XHR82203|gvpA|protein	83cf4bae954290aa781d919a49879399b8f8f6215eafe44d5ab3358539071424	71	True	False	exact_duplicate
ref_000785	/home/user/wangyuhan/ML-GV02-03/data/raw/t05/gvpa/GvpA_NotPartial.fasta	XHR82202|gvpA|protein	XHR82202|gvpA|protein	83cf4bae954290aa781d919a49879399b8f8f6215eafe44d5ab3358539071424	71	True	False	exact_duplicate
ref_000785	/home/user/wangyuhan/ML-GV02-03/data/raw/t05/gvpa/GvpA_NotPartial.fasta	XHR82201|gvpA|protein	XHR82201|gvpA|protein	83cf4bae954290aa781d919a49879399b8f8f6215eafe44d5ab3358539071424	71	True	False	exact_duplicate
ref_000189	/home/user/wangyuhan/ML-GV02-03/data/raw/t05/gvpa/GvpA_NotPartial.fasta	WP_375796785|gvpA|protein	WP_375796785|gvpA|protein	440c141d3d83ed043c333614417693fd89f0dfdca16a4ae6872273ea898aeb50	76	True	False	exact_duplicate
ref_000190	/home/user/wangyuhan/ML-GV02-03/data/raw/t05/gvpa/GvpA_NotPartial.fasta	WP_375803144|gvpA|protein	WP_375803144|gvpA|protein	36d36d0c4f52b3ab32d367ff704271c4f22cce71b0e9625e3e2a6ce41c559470	73	True	False	exact_duplicate
ref_000904	/home/user/wangyuhan/ML-GV02-03/data/raw/t05/gvpa/GvpA_NotPartial.fasta	XHF12957|gvpA|protein	XHF12957|gvpA|protein	3270880922dd8263ecfda34d30cdec84e9dff6e35c474352a928c4e39f3e63f9	98	True	True	accepted_unique
ref_000191	/home/user/wangyuhan/ML-GV02-03/data/raw/t05/gvpa/GvpA_NotPartial.fasta	WP_375594093|gvpA|protein	WP_375594093|gvpA|protein	476885d73f2103224b292d5d842a8afc0794641e93e8e2d399aaf3c10eaa833c	84	True	False	exact_duplicate
ref_000862	/home/user/wangyuhan/ML-GV02-03/data/raw/t05/gvpa/GvpA_NotPartial.fasta	WYK06519|gvpA|protein	WYK06519|gvpA|protein	130e62fc868ae20abbc4d7ff1b393afceecf214e482dae49a68d7adeac27391d	70	True	False	exact_duplicate
ref_000192	/home/user/wangyuhan/ML-GV02-03/data/raw/t05/gvpa/GvpA_NotPartial.fasta	WP_375535661|gvpA|protein	WP_375535661|gvpA|protein	4b81ad5ffa833d3eb41268ae249d1a9cca6a34f987f4c8eedd5e5477becf8871	88	True	False	exact_duplicate
ref_000191	/home/user/wangyuhan/ML-GV02-03/data/raw/t05/gvpa/GvpA_NotPartial.fasta	XHC49834|gvpA|protein	XHC49834|gvpA|protein	476885d73f2103224b292d5d842a8afc0794641e93e8e2d399aaf3c10eaa833c	84	True	False	exact_duplicate
ref_000441	/home/user/wangyuhan/ML-GV02-03/data/raw/t05/gvpa/GvpA_NotPartial.fasta	XHB84238|gvpA|protein	XHB84238|gvpA|protein	626bf126ff6a42e860e1c20b32f28779f549346c7554d3694e519c08b6d8a44f	86	True	False	exact_duplicate
ref_000861	/home/user/wangyuhan/ML-GV02-03/data/raw/t05/gvpa/GvpA_NotPartial.fasta	XHB71669|gvpA|protein	XHB71669|gvpA|protein	1f275ce5dd842aaaf9d24fd9cd1a995ccd28e8006db8fd5d12c958ce30deb19a	71	True	False	exact_duplicate
ref_000861	/home/user/wangyuhan/ML-GV02-03/data/raw/t05/gvpa/GvpA_NotPartial.fasta	XHB71668|gvpA|protein	XHB71668|gvpA|protein	1f275ce5dd842aaaf9d24fd9cd1a995ccd28e8006db8fd5d12c958ce30deb19a	71	True	False	exact_duplicate
ref_000193	/home/user/wangyuhan/ML-GV02-03/data/raw/t05/gvpa/GvpA_NotPartial.fasta	WP_375218407|gvpA|protein	WP_375218407|gvpA|protein	875f973318346cb3195c0e54e2957fb5e2b9705277fba1185a2959b7514f62fe	86	True	False	exact_duplicate
ref_000194	/home/user/wangyuhan/ML-GV02-03/data/raw/t05/gvpa/GvpA_NotPartial.fasta	WP_375007750|gvpA|protein	WP_375007750|gvpA|protein	00b8d6bdf51c5322f38c2f3efbe74d4123230025049524b17afcbaf1d6459e63	90	True	False	exact_duplicate
ref_000441	/home/user/wangyuhan/ML-GV02-03/data/raw/t05/gvpa/GvpA_NotPartial.fasta	XGY01618|gvpA|protein	XGY01618|gvpA|protein	626bf126ff6a42e860e1c20b32f28779f549346c7554d3694e519c08b6d8a44f	86	True	False	exact_duplicate
ref_000905	/home/user/wangyuhan/ML-GV02-03/data/raw/t05/gvpa/GvpA_NotPartial.fasta	XGV98739|gvpA|protein	XGV98739|gvpA|protein	47e46863c347a8f8468fe0ba13c4e5044ebc5ce094ddd6a0277b01f7aaa81010	72	True	True	accepted_unique
ref_000441	/home/user/wangyuhan/ML-GV02-03/data/raw/t05/gvpa/GvpA_NotPartial.fasta	XGR55801|gvpA|protein	XGR55801|gvpA|protein	626bf126ff6a42e860e1c20b32f28779f549346c7554d3694e519c08b6d8a44f	86	True	False	exact_duplicate
ref_000443	/home/user/wangyuhan/ML-GV02-03/data/raw/t05/gvpa/GvpA_NotPartial.fasta	XGR55727|gvpA|protein	XGR55727|gvpA|protein	7c1ee34913e269628b618a114cee0c9a5db90412949ae6bff681672ba1b795b8	92	True	False	exact_duplicate
ref_000441	/home/user/wangyuhan/ML-GV02-03/data/raw/t05/gvpa/GvpA_NotPartial.fasta	XGR39791|gvpA|protein	XGR39791|gvpA|protein	626bf126ff6a42e860e1c20b32f28779f549346c7554d3694e519c08b6d8a44f	86	True	False	exact_duplicate
ref_000443	/home/user/wangyuhan/ML-GV02-03/data/raw/t05/gvpa/GvpA_NotPartial.fasta	XGR39714|gvpA|protein	XGR39714|gvpA|protein	7c1ee34913e269628b618a114cee0c9a5db90412949ae6bff681672ba1b795b8	92	True	False	exact_duplicate
ref_000806	/home/user/wangyuhan/ML-GV02-03/data/raw/t05/gvpa/GvpA_NotPartial.fasta	CAC5341520|gvpA|protein	CAC5341520|gvpA|protein	9246ded62fef238baf63231483e047bdc014a8a22dd10e95f7999ab152e2ce4c	72	True	False	exact_duplicate
ref_000806	/home/user/wangyuhan/ML-GV02-03/data/raw/t05/gvpa/GvpA_NotPartial.fasta	CAC5341519|gvpA|protein	CAC5341519|gvpA|protein	9246ded62fef238baf63231483e047bdc014a8a22dd10e95f7999ab152e2ce4c	72	True	False	exact_duplicate
ref_000806	/home/user/wangyuhan/ML-GV02-03/data/raw/t05/gvpa/GvpA_NotPartial.fasta	CAC5341517|gvpA|protein	CAC5341517|gvpA|protein	9246ded62fef238baf63231483e047bdc014a8a22dd10e95f7999ab152e2ce4c	72	True	False	exact_duplicate
ref_000806	/home/user/wangyuhan/ML-GV02-03/data/raw/t05/gvpa/GvpA_NotPartial.fasta	VXD24309|gvpA|protein	VXD24309|gvpA|protein	9246ded62fef238baf63231483e047bdc014a8a22dd10e95f7999ab152e2ce4c	72	True	False	exact_duplicate
ref_000749	/home/user/wangyuhan/ML-GV02-03/data/raw/t05/gvpa/GvpA_NotPartial.fasta	VXD16283|gvpA|protein	VXD16283|gvpA|protein	f73e9b648178e6df8c6ae1b7975c7f6bb8865bfd92edda8674be445474a5a5d0	72	True	False	exact_duplicate
ref_000806	/home/user/wangyuhan/ML-GV02-03/data/raw/t05/gvpa/GvpA_NotPartial.fasta	SKB14388|gvpA|protein	SKB14388|gvpA|protein	9246ded62fef238baf63231483e047bdc014a8a22dd10e95f7999ab152e2ce4c	72	True	False	exact_duplicate
ref_000195	/home/user/wangyuhan/ML-GV02-03/data/raw/t05/gvpa/GvpA_NotPartial.fasta	WP_044340217|gvpA|protein	WP_044340217|gvpA|protein	4ce0c5155ea4669922bcb0230c9b672b1e80fe3a06ce66f3212edffea74321db	86	True	False	exact_duplicate
ref_000196	/home/user/wangyuhan/ML-GV02-03/data/raw/t05/gvpa/GvpA_NotPartial.fasta	WP_373674330|gvpA|protein	WP_373674330|gvpA|protein	5d20f105b230fcb464d172f5f60beb5d3a0433f4d04c11d7e3b12442a0876f1f	78	True	False	exact_duplicate
ref_000197	/home/user/wangyuhan/ML-GV02-03/data/raw/t05/gvpa/GvpA_NotPartial.fasta	WP_373618838|gvpA|protein	WP_373618838|gvpA|protein	92d7d81f95603487cd9c2e6f2b9a057290f97368162a627c34d4db46064b5d78	95	True	False	exact_duplicate
ref_000198	/home/user/wangyuhan/ML-GV02-03/data/raw/t05/gvpa/GvpA_NotPartial.fasta	WP_373411272|gvpA|protein	WP_373411272|gvpA|protein	d510c78ee6fcdf216c53533c629c59216f4c727253280f4b8b6d62982d117c64	70	True	False	exact_duplicate
ref_000199	/home/user/wangyuhan/ML-GV02-03/data/raw/t05/gvpa/GvpA_NotPartial.fasta	WP_372960227|gvpA|protein	WP_372960227|gvpA|protein	699456ca14dc91b530821beaa7818b79ebdfa0de3b88f656f2ee36232fad8dba	70	True	False	exact_duplicate
ref_000441	/home/user/wangyuhan/ML-GV02-03/data/raw/t05/gvpa/GvpA_NotPartial.fasta	XFC41967|gvpA|protein	XFC41967|gvpA|protein	626bf126ff6a42e860e1c20b32f28779f549346c7554d3694e519c08b6d8a44f	86	True	False	exact_duplicate
ref_000421	/home/user/wangyuhan/ML-GV02-03/data/raw/t05/gvpa/GvpA_NotPartial.fasta	XFC41964|gvpA|protein	XFC41964|gvpA|protein	142752963930eab74d74d4bcaff60e47ff770976c838c012b58dcaa26d2a4fea	90	True	False	exact_duplicate
ref_000438	/home/user/wangyuhan/ML-GV02-03/data/raw/t05/gvpa/GvpA_NotPartial.fasta	XFC41896|gvpA|protein	XFC41896|gvpA|protein	21fd512873a52dc47991989d4a44dcc25431d3e22a3b8e5d29da536fa12bac79	92	True	False	exact_duplicate
ref_000200	/home/user/wangyuhan/ML-GV02-03/data/raw/t05/gvpa/GvpA_NotPartial.fasta	WP_267662982|gvpA|protein	WP_267662982|gvpA|protein	4f811102c58fb8e77080f5dd3e87eca3f86feb91a847119b6ffe487ef0fe11f1	78	True	False	exact_duplicate
ref_000201	/home/user/wangyuhan/ML-GV02-03/data/raw/t05/gvpa/GvpA_NotPartial.fasta	WP_299881917|gvpA|protein	WP_299881917|gvpA|protein	d8adf42b87bd05b02f3cc763ff67149aa0c8b5efa9a22382983adb8ec3fcbe16	70	True	False	exact_duplicate
ref_000202	/home/user/wangyuhan/ML-GV02-03/data/raw/t05/gvpa/GvpA_NotPartial.fasta	WP_149081285|gvpA|protein	WP_149081285|gvpA|protein	b47c8eec954491beb71449c63366fd48ba5dce86743a074cbdbe978a2a2b450c	95	True	False	exact_duplicate
ref_000440	/home/user/wangyuhan/ML-GV02-03/data/raw/t05/gvpa/GvpA_NotPartial.fasta	XDK73095|gvpA|protein	XDK73095|gvpA|protein	62aec584cfcef3208e2bbf0b8b84eb77c80c150d76415e09c97366ed3433727b	86	True	False	exact_duplicate
ref_000141	/home/user/wangyuhan/ML-GV02-03/data/raw/t05/gvpa/GvpA_NotPartial.fasta	XDI35388|gvpA|protein	XDI35388|gvpA|protein	e8c5de40001b59b84f3000546d57bdbffeb1f2fbded41da8015760622ba66cb1	86	True	False	exact_duplicate
ref_000203	/home/user/wangyuhan/ML-GV02-03/data/raw/t05/gvpa/GvpA_NotPartial.fasta	WP_219165518|gvpA|protein	WP_219165518|gvpA|protein	ce3165ca201b0c8e2c6c06c285e1bdb19d53d60ee32c4a51fbe5f2bfea086a03	86	True	False	exact_duplicate
ref_000046	/home/user/wangyuhan/ML-GV02-03/data/raw/t05/gvpa/GvpA_NotPartial.fasta	XDE63737|gvpA|protein	XDE63737|gvpA|protein	8f7aa09afb9d7c3cc2eb21e2c36d3651a0b1d0bb140446aa99cfc1a96f4de3ce	72	True	False	exact_duplicate
ref_000204	/home/user/wangyuhan/ML-GV02-03/data/raw/t05/gvpa/GvpA_NotPartial.fasta	WP_367750907|gvpA|protein	WP_367750907|gvpA|protein	99653906bbbaa3567e58037ebc89d71df155e279b2e9b7a7a4293bfa01ad6bd8	82	True	False	exact_duplicate
ref_000205	/home/user/wangyuhan/ML-GV02-03/data/raw/t05/gvpa/GvpA_NotPartial.fasta	WP_280768082|gvpA|protein	WP_280768082|gvpA|protein	286c7b97c4455a336f39e36553f7844c3b74abba1732c3052c87b33408672ad3	88	True	False	exact_duplicate
ref_000206	/home/user/wangyuhan/ML-GV02-03/data/raw/t05/gvpa/GvpA_NotPartial.fasta	WP_218806347|gvpA|protein	WP_218806347|gvpA|protein	bb09971e1315fce64b6ebe60ab918eb13f4e62c370d2b46304d7bccf3b3ead2c	72	True	False	exact_duplicate
ref_000207	/home/user/wangyuhan/ML-GV02-03/data/raw/t05/gvpa/GvpA_NotPartial.fasta	WP_054470142|gvpA|protein	WP_054470142|gvpA|protein	0e91ce29d8018f1f6bc63564bb43e1bf4a485fe22bc7a713e9a2e0a3b6c8385c	71	True	False	exact_duplicate
ref_000207	/home/user/wangyuhan/ML-GV02-03/data/raw/t05/gvpa/GvpA_NotPartial.fasta	XCM36523|gvpA|protein	XCM36523|gvpA|protein	0e91ce29d8018f1f6bc63564bb43e1bf4a485fe22bc7a713e9a2e0a3b6c8385c	71	True	False	exact_duplicate
ref_000207	/home/user/wangyuhan/ML-GV02-03/data/raw/t05/gvpa/GvpA_NotPartial.fasta	XCM36407|gvpA|protein	XCM36407|gvpA|protein	0e91ce29d8018f1f6bc63564bb43e1bf4a485fe22bc7a713e9a2e0a3b6c8385c	71	True	False	exact_duplicate
ref_000431	/home/user/wangyuhan/ML-GV02-03/data/raw/t05/gvpa/GvpA_NotPartial.fasta	XCM39888|gvpA|protein	XCM39888|gvpA|protein	9ec7201d98ae2ffcf07447a15a44a817abbd19328a09fa7d6c31e1d1bc8b898e	72	True	False	exact_duplicate
ref_000208	/home/user/wangyuhan/ML-GV02-03/data/raw/t05/gvpa/GvpA_NotPartial.fasta	WP_353564278|gvpA|protein	WP_353564278|gvpA|protein	731f8990c8cbea086350a016d4c0cac3104af7266cbadfed7c66df5ef588aa95	73	True	False	exact_duplicate
ref_000209	/home/user/wangyuhan/ML-GV02-03/data/raw/t05/gvpa/GvpA_NotPartial.fasta	WP_342809826|gvpA|protein	WP_342809826|gvpA|protein	004ac7839755349473240380f645fff65b298b81cd7212d8be9f25d268874df0	94	True	False	exact_duplicate
ref_000210	/home/user/wangyuhan/ML-GV02-03/data/raw/t05/gvpa/GvpA_NotPartial.fasta	WP_339102459|gvpA|protein	WP_339102459|gvpA|protein	07f90c8c92dbdb92b94e1c4becf058d78867504d7c200a8ac59420a67443e648	95	True	False	exact_duplicate
ref_000211	/home/user/wangyuhan/ML-GV02-03/data/raw/t05/gvpa/GvpA_NotPartial.fasta	WP_338727022|gvpA|protein	WP_338727022|gvpA|protein	5c03f7861ccf36dc05336cbb110d6b9466b83c837a45b4254d8ee83f1acb7937	84	True	False	exact_duplicate
ref_000212	/home/user/wangyuhan/ML-GV02-03/data/raw/t05/gvpa/GvpA_NotPartial.fasta	WP_338007780|gvpA|protein	WP_338007780|gvpA|protein	4cea385a8794a0b112c3718b48635d7251fd2b54c59d9aaf7a1aa68ef55f0934	94	True	False	exact_duplicate
ref_000213	/home/user/wangyuhan/ML-GV02-03/data/raw/t05/gvpa/GvpA_NotPartial.fasta	WP_338001785|gvpA|protein	WP_338001785|gvpA|protein	4e9e86277af05dbd050d6026de986c169c801caeb1df279e98d79b71f7f662b6	94	True	False	exact_duplicate
ref_000214	/home/user/wangyuhan/ML-GV02-03/data/raw/t05/gvpa/GvpA_NotPartial.fasta	WP_336343652|gvpA|protein	WP_336343652|gvpA|protein	65113288b099887ef152fd6bb6ea78fe9b22499732ef2573c3ce4e6c82f19f7b	95	True	False	exact_duplicate
ref_000215	/home/user/wangyuhan/ML-GV02-03/data/raw/t05/gvpa/GvpA_NotPartial.fasta	WP_332897853|gvpA|protein	WP_332897853|gvpA|protein	0a6194eed91a047cb43e42df86660279db231e8e43de2021d1f6bd61c0de9318	84	True	False	exact_duplicate
ref_000216	/home/user/wangyuhan/ML-GV02-03/data/raw/t05/gvpa/GvpA_NotPartial.fasta	WP_332321129|gvpA|protein	WP_332321129|gvpA|protein	ea5746ec582bf06f4e03026eb672c30524a41db3d8f7504c2c6530701baaefa7	72	True	False	exact_duplicate
ref_000217	/home/user/wangyuhan/ML-GV02-03/data/raw/t05/gvpa/GvpA_NotPartial.fasta	WP_331236528|gvpA|protein	WP_331236528|gvpA|protein	1a264ded2f369ea42fdd34a334cd2ef3dc4ba698cda2beaf20dcacfe667afa25	89	True	False	exact_duplicate
ref_000218	/home/user/wangyuhan/ML-GV02-03/data/raw/t05/gvpa/GvpA_NotPartial.fasta	WP_331233287|gvpA|protein	WP_331233287|gvpA|protein	edf12e96625a3cd498543a51165a1fe2582809ab9abb59ead2892e6153bce04a	86	True	False	exact_duplicate
ref_000219	/home/user/wangyuhan/ML-GV02-03/data/raw/t05/gvpa/GvpA_NotPartial.fasta	WP_313692695|gvpA|protein	WP_313692695|gvpA|protein	d9b751580230ca0e5773c57e4ce813ad00b52f3d761de387a4ceb48a8b983c68	85	True	False	exact_duplicate
ref_000220	/home/user/wangyuhan/ML-GV02-03/data/raw/t05/gvpa/GvpA_NotPartial.fasta	WP_312909280|gvpA|protein	WP_312909280|gvpA|protein	4d4e00d31d935ed0527dea10b018697cb7c3f72bf199a24b36075804bc95f4cd	95	True	False	exact_duplicate
ref_000221	/home/user/wangyuhan/ML-GV02-03/data/raw/t05/gvpa/GvpA_NotPartial.fasta	WP_310927095|gvpA|protein	WP_310927095|gvpA|protein	0f59cf2a0c4bb65bd34372f8a393246c8ce3799ace769f49a02adab3a57f84c2	91	True	False	exact_duplicate
ref_000222	/home/user/wangyuhan/ML-GV02-03/data/raw/t05/gvpa/GvpA_NotPartial.fasta	WP_310905889|gvpA|protein	WP_310905889|gvpA|protein	4132d6e9996d37d7483a43399d0cf509931b6bc7ffe8affe4d8014ed5a994667	92	True	False	exact_duplicate
ref_000223	/home/user/wangyuhan/ML-GV02-03/data/raw/t05/gvpa/GvpA_NotPartial.fasta	WP_306756674|gvpA|protein	WP_306756674|gvpA|protein	fca422d4ddd5dcd65605aca73a48825de01049d9d8a1773ef99115068238d3f9	96	True	False	exact_duplicate
ref_000224	/home/user/wangyuhan/ML-GV02-03/data/raw/t05/gvpa/GvpA_NotPartial.fasta	WP_306059442|gvpA|protein	WP_306059442|gvpA|protein	d4bbfd09a62903f1dd61a6f9ad8db51b9835b18fbf9766c780f6719f9f1e9643	94	True	False	exact_duplicate
ref_000225	/home/user/wangyuhan/ML-GV02-03/data/raw/t05/gvpa/GvpA_NotPartial.fasta	WP_304447146|gvpA|protein	WP_304447146|gvpA|protein	fd90bc846ac4fc169df6b72c6d79f22f65e19b6288aa31b62ee0ef2b7fbcbd95	92	True	False	exact_duplicate
ref_000226	/home/user/wangyuhan/ML-GV02-03/data/raw/t05/gvpa/GvpA_NotPartial.fasta	WP_296608059|gvpA|protein	WP_296608059|gvpA|protein	6cb2a4a67fad0b3f22b180db738bb3f59efd73950cd7b341fdf1ef17aafa121f	74	True	False	exact_duplicate
ref_000227	/home/user/wangyuhan/ML-GV02-03/data/raw/t05/gvpa/GvpA_NotPartial.fasta	WP_292371610|gvpA|protein	WP_292371610|gvpA|protein	340bf83afc765d1b00fdd15c36a88211b6ccc7b1557c106bec83457cd9bb095b	78	True	False	exact_duplicate
ref_000228	/home/user/wangyuhan/ML-GV02-03/data/raw/t05/gvpa/GvpA_NotPartial.fasta	WP_290814024|gvpA|protein	WP_290814024|gvpA|protein	833a1708482ad34125e281ec9a7bb5ff185d6b74e637c9a4e71748011be93051	98	True	False	exact_duplicate
ref_000229	/home/user/wangyuhan/ML-GV02-03/data/raw/t05/gvpa/GvpA_NotPartial.fasta	WP_286046597|gvpA|protein	WP_286046597|gvpA|protein	0aeb545239a28bae61f99fbd60bce02d7f124f3277108fc0d913126d6222ba8b	86	True	False	exact_duplicate
ref_000230	/home/user/wangyuhan/ML-GV02-03/data/raw/t05/gvpa/GvpA_NotPartial.fasta	WP_286043823|gvpA|protein	WP_286043823|gvpA|protein	ce5dc523b5749c0ad99a93b9d53e7343c2df1a582dcc1045a1caf959b34254dd	87	True	False	exact_duplicate
ref_000231	/home/user/wangyuhan/ML-GV02-03/data/raw/t05/gvpa/GvpA_NotPartial.fasta	WP_285927312|gvpA|protein	WP_285927312|gvpA|protein	9fda348180c612303cdb7da49eec263f1c4a969cd97d7811ee7730f5dc5f4d4e	95	True	False	exact_duplicate
ref_000233	/home/user/wangyuhan/ML-GV02-03/data/raw/t05/gvpa/GvpA_NotPartial.fasta	WP_283836894|gvpA|protein	WP_283836894|gvpA|protein	0145b7d0415b25474bf7a3c8e0a8c493009e798905f413a70669e51a92c9c25b	95	True	False	exact_duplicate
ref_000234	/home/user/wangyuhan/ML-GV02-03/data/raw/t05/gvpa/GvpA_NotPartial.fasta	WP_278293264|gvpA|protein	WP_278293264|gvpA|protein	64b87c36790fe3acd4baa751c7e30662ba7fd5dddd03a8f17f2a097d90e9a793	94	True	False	exact_duplicate
ref_000235	/home/user/wangyuhan/ML-GV02-03/data/raw/t05/gvpa/GvpA_NotPartial.fasta	WP_276835635|gvpA|protein	WP_276835635|gvpA|protein	0da4fc315e8c5fa1925fb0764a91af43de57873340a143b142e0b66ac5307abb	76	True	False	exact_duplicate
ref_000236	/home/user/wangyuhan/ML-GV02-03/data/raw/t05/gvpa/GvpA_NotPartial.fasta	WP_276835632|gvpA|protein	WP_276835632|gvpA|protein	62b65b4bdaad5382b6fd1a8fe84b861f9f2785c845ef6d5232a5858759e89434	76	True	False	exact_duplicate
ref_000237	/home/user/wangyuhan/ML-GV02-03/data/raw/t05/gvpa/GvpA_NotPartial.fasta	WP_276835630|gvpA|protein	WP_276835630|gvpA|protein	644a625ed987b37152d8accd5afc91e83fbb7aa608bf5b736cb83e597789259b	76	True	False	exact_duplicate
ref_000238	/home/user/wangyuhan/ML-GV02-03/data/raw/t05/gvpa/GvpA_NotPartial.fasta	WP_276304827|gvpA|protein	WP_276304827|gvpA|protein	3dd2d389f45d6f0511d21268defb0f34c51a26455c8e3504fb137cf688b87ebe	93	True	False	exact_duplicate
ref_000239	/home/user/wangyuhan/ML-GV02-03/data/raw/t05/gvpa/GvpA_NotPartial.fasta	WP_276254240|gvpA|protein	WP_276254240|gvpA|protein	bf00fc1bb4a6bea076a5150d4d94cbb2a3a41994343dd8761a39ebcf83a45c14	95	True	False	exact_duplicate
ref_000240	/home/user/wangyuhan/ML-GV02-03/data/raw/t05/gvpa/GvpA_NotPartial.fasta	WP_276245661|gvpA|protein	WP_276245661|gvpA|protein	1f1d6fdb82f348ed948e69813ca969e1811e69f665260cf74fa3f7a057c84e99	84	True	False	exact_duplicate
ref_000241	/home/user/wangyuhan/ML-GV02-03/data/raw/t05/gvpa/GvpA_NotPartial.fasta	WP_273836796|gvpA|protein	WP_273836796|gvpA|protein	bc5cdb91e80e5d33bb2692c1910e2e61934a72d867eb29ce2772841eba3d3e24	110	True	False	exact_duplicate
ref_000242	/home/user/wangyuhan/ML-GV02-03/data/raw/t05/gvpa/GvpA_NotPartial.fasta	WP_273740706|gvpA|protein	WP_273740706|gvpA|protein	fe2e069c7d192a9aa4be872c95d8c541ca761882f3f5cd67653cf6f33ac13f55	92	True	False	exact_duplicate
ref_000243	/home/user/wangyuhan/ML-GV02-03/data/raw/t05/gvpa/GvpA_NotPartial.fasta	WP_269782710|gvpA|protein	WP_269782710|gvpA|protein	7b672bf4b057eba2ffac19a77bca9f9a17a008432a90a5b77201f2e6c3cc6e24	120	True	False	exact_duplicate
ref_000244	/home/user/wangyuhan/ML-GV02-03/data/raw/t05/gvpa/GvpA_NotPartial.fasta	WP_267643774|gvpA|protein	WP_267643774|gvpA|protein	98f6b86d7ec22351f58755ea2828f25a3b1ca8417fd303b5540b3d023933b12d	94	True	False	exact_duplicate
ref_000245	/home/user/wangyuhan/ML-GV02-03/data/raw/t05/gvpa/GvpA_NotPartial.fasta	WP_267623160|gvpA|protein	WP_267623160|gvpA|protein	dc2b0da282a1a334132b94fa6b433ee40a84ca23e7aee931a5e7e57eca9070ad	102	True	False	exact_duplicate
ref_000246	/home/user/wangyuhan/ML-GV02-03/data/raw/t05/gvpa/GvpA_NotPartial.fasta	WP_266077553|gvpA|protein	WP_266077553|gvpA|protein	eb796c25a48cdf2ca2d4dadeba00b8fcbecdd1aafff9a5f2eef1c0b32866c085	82	True	False	exact_duplicate
ref_000247	/home/user/wangyuhan/ML-GV02-03/data/raw/t05/gvpa/GvpA_NotPartial.fasta	WP_266077548|gvpA|protein	WP_266077548|gvpA|protein	c0248ec199ed97e6d9eeee75158f72893fb07d4dfcefe6acbbe62039698acf97	80	True	False	exact_duplicate
ref_000248	/home/user/wangyuhan/ML-GV02-03/data/raw/t05/gvpa/GvpA_NotPartial.fasta	WP_264556325|gvpA|protein	WP_264556325|gvpA|protein	4a87fc740463a61b2d05a11bcb05ac53e96820f7fa9f523dbb26076210cd1f90	109	True	False	exact_duplicate
ref_000249	/home/user/wangyuhan/ML-GV02-03/data/raw/t05/gvpa/GvpA_NotPartial.fasta	WP_264182115|gvpA|protein	WP_264182115|gvpA|protein	b9de124a92fba0281b06c043a18713db03fec66b97dafd593654c7d8ee4bdae4	93	True	False	exact_duplicate
ref_000250	/home/user/wangyuhan/ML-GV02-03/data/raw/t05/gvpa/GvpA_NotPartial.fasta	WP_263019417|gvpA|protein	WP_263019417|gvpA|protein	140f5823a50b88bf41c9cf8f0ecce11b98c5f03d7189a529d0efadf5d087eb18	93	True	False	exact_duplicate
ref_000251	/home/user/wangyuhan/ML-GV02-03/data/raw/t05/gvpa/GvpA_NotPartial.fasta	WP_256531060|gvpA|protein	WP_256531060|gvpA|protein	461115b7000bfd74f56636de688b3e75d1a99451a35df65d49a6e139de49cbf1	96	True	False	exact_duplicate
ref_000252	/home/user/wangyuhan/ML-GV02-03/data/raw/t05/gvpa/GvpA_NotPartial.fasta	WP_256394859|gvpA|protein	WP_256394859|gvpA|protein	941dc16f5af7d70127ae0c0e7203c2ef799137e2454fcbd39a483297c7446912	94	True	False	exact_duplicate
ref_000253	/home/user/wangyuhan/ML-GV02-03/data/raw/t05/gvpa/GvpA_NotPartial.fasta	WP_256392402|gvpA|protein	WP_256392402|gvpA|protein	bc61cfaf37743c96bcc099f173009a97501e9412f819aabc6f95ac7091dec987	93	True	False	exact_duplicate
ref_000254	/home/user/wangyuhan/ML-GV02-03/data/raw/t05/gvpa/GvpA_NotPartial.fasta	WP_255193947|gvpA|protein	WP_255193947|gvpA|protein	fa2383cbfbff83286c6190e5f9ab210e692563b8c092e007a6f07b929ad5936a	96	True	False	exact_duplicate
ref_000255	/home/user/wangyuhan/ML-GV02-03/data/raw/t05/gvpa/GvpA_NotPartial.fasta	WP_255167832|gvpA|protein	WP_255167832|gvpA|protein	0ae199fc6d044a2da1351509b524fc07b4da56bff0ab0a0763d56a10601c206a	95	True	False	exact_duplicate
ref_000256	/home/user/wangyuhan/ML-GV02-03/data/raw/t05/gvpa/GvpA_NotPartial.fasta	WP_254863316|gvpA|protein	WP_254863316|gvpA|protein	dca06c4ca76aafac96e935b72d0eee29c4619e4488f965d6467f9755e642ab6b	97	True	False	exact_duplicate
ref_000257	/home/user/wangyuhan/ML-GV02-03/data/raw/t05/gvpa/GvpA_NotPartial.fasta	WP_254765721|gvpA|protein	WP_254765721|gvpA|protein	c7cb28cf54b6a88ff785e5323cd1bdbffa96279c0b39492eeb6a14c7568905bc	99	True	False	exact_duplicate
ref_000258	/home/user/wangyuhan/ML-GV02-03/data/raw/t05/gvpa/GvpA_NotPartial.fasta	WP_254545002|gvpA|protein	WP_254545002|gvpA|protein	5577d4ac8367231fcec50f83da91db8ca882c0dc8629ac4a66b76fa0e8de5f57	93	True	False	exact_duplicate
ref_000259	/home/user/wangyuhan/ML-GV02-03/data/raw/t05/gvpa/GvpA_NotPartial.fasta	WP_254535116|gvpA|protein	WP_254535116|gvpA|protein	c5a4c69d0879da5e661497a4711c5ba745137829a29919810698fe674bd10d27	97	True	False	exact_duplicate
ref_000260	/home/user/wangyuhan/ML-GV02-03/data/raw/t05/gvpa/GvpA_NotPartial.fasta	WP_254532508|gvpA|protein	WP_254532508|gvpA|protein	d6e9dabc7155ae370ddb09e0bae20bdbc48caa253ce39756dca03bc4a0e50d8b	95	True	False	exact_duplicate
ref_000261	/home/user/wangyuhan/ML-GV02-03/data/raw/t05/gvpa/GvpA_NotPartial.fasta	WP_254525374|gvpA|protein	WP_254525374|gvpA|protein	05a00477d12701f3890c1dd96656653d2f67adee9a1f126760ee634cb9b35334	95	True	False	exact_duplicate
ref_000262	/home/user/wangyuhan/ML-GV02-03/data/raw/t05/gvpa/GvpA_NotPartial.fasta	WP_254160480|gvpA|protein	WP_254160480|gvpA|protein	75679c0d4db585656573044908e13a67effd912339ddc8eec2ed6e7a995e9417	92	True	False	exact_duplicate
ref_000263	/home/user/wangyuhan/ML-GV02-03/data/raw/t05/gvpa/GvpA_NotPartial.fasta	WP_253738026|gvpA|protein	WP_253738026|gvpA|protein	2ef2790cebd0bc14e528c3f6696d3996539acc6ce896e57e9e44a6afff83563c	94	True	False	exact_duplicate
ref_000264	/home/user/wangyuhan/ML-GV02-03/data/raw/t05/gvpa/GvpA_NotPartial.fasta	WP_253437521|gvpA|protein	WP_253437521|gvpA|protein	8d29ff35edf68fc809deca67c394601f9988a9628d0099af15ed1cb1d44b7a5f	95	True	False	exact_duplicate
ref_000265	/home/user/wangyuhan/ML-GV02-03/data/raw/t05/gvpa/GvpA_NotPartial.fasta	WP_253430212|gvpA|protein	WP_253430212|gvpA|protein	ee10b37a92559cba1989732ac44f05e8bde57068b78b573e193360b62d897bf7	92	True	False	exact_duplicate
ref_000266	/home/user/wangyuhan/ML-GV02-03/data/raw/t05/gvpa/GvpA_NotPartial.fasta	WP_252700730|gvpA|protein	WP_252700730|gvpA|protein	f49fe3672d6fdfda7cc7ec0b9a4f54af44ee8f53326ed5f3c0b281e5a61cd93b	95	True	False	exact_duplicate
ref_000267	/home/user/wangyuhan/ML-GV02-03/data/raw/t05/gvpa/GvpA_NotPartial.fasta	WP_250874940|gvpA|protein	WP_250874940|gvpA|protein	53979ea823175001b77b6bbf60f4288bd1629111bcc1c87c4ca10c6e175c17e6	95	True	False	exact_duplicate
ref_000268	/home/user/wangyuhan/ML-GV02-03/data/raw/t05/gvpa/GvpA_NotPartial.fasta	WP_250872509|gvpA|protein	WP_250872509|gvpA|protein	84eddb9c9ecca10afd5a775c11e3d7bab42a1aff8c6bad25b1b013a542f3bc54	99	True	False	exact_duplicate
ref_000269	/home/user/wangyuhan/ML-GV02-03/data/raw/t05/gvpa/GvpA_NotPartial.fasta	WP_250139719|gvpA|protein	WP_250139719|gvpA|protein	a7791ad55c70e7fd346219c5a78230165d2e97e2e807cb98c29fac4b45d5a0de	95	True	False	exact_duplicate
ref_000270	/home/user/wangyuhan/ML-GV02-03/data/raw/t05/gvpa/GvpA_NotPartial.fasta	WP_248909849|gvpA|protein	WP_248909849|gvpA|protein	b28a6bed955c267791e6d3709c242af34793b4f5066cb44d244505ac9d8b631f	109	True	False	exact_duplicate
ref_000271	/home/user/wangyuhan/ML-GV02-03/data/raw/t05/gvpa/GvpA_NotPartial.fasta	WP_248905493|gvpA|protein	WP_248905493|gvpA|protein	e38f9994094842734a9646ac09c5e24019856960bca5d05986072a34d720515a	92	True	False	exact_duplicate
ref_000272	/home/user/wangyuhan/ML-GV02-03/data/raw/t05/gvpa/GvpA_NotPartial.fasta	WP_247995707|gvpA|protein	WP_247995707|gvpA|protein	a7ccf9f8dd2634fb8865a974bed75f2eb951c05b029415bc1b95e882706a1adf	92	True	False	exact_duplicate
ref_000273	/home/user/wangyuhan/ML-GV02-03/data/raw/t05/gvpa/GvpA_NotPartial.fasta	WP_247729007|gvpA|protein	WP_247729007|gvpA|protein	2257aec2c4abeff42ec43bfebdc376d024c4499995e46a6ba2ec53fff8ad6556	97	True	False	exact_duplicate
ref_000274	/home/user/wangyuhan/ML-GV02-03/data/raw/t05/gvpa/GvpA_NotPartial.fasta	WP_247416651|gvpA|protein	WP_247416651|gvpA|protein	0a5813d34fb4f832fd7d9748d68c12fae82607f9da230322e66fab8afe74727b	95	True	False	exact_duplicate
ref_000275	/home/user/wangyuhan/ML-GV02-03/data/raw/t05/gvpa/GvpA_NotPartial.fasta	WP_247001169|gvpA|protein	WP_247001169|gvpA|protein	a49cfe7d33cec22c39058e6f0aa13a93c8f0dfff7754574197d17888f1fc55ff	95	True	False	exact_duplicate
ref_000276	/home/user/wangyuhan/ML-GV02-03/data/raw/t05/gvpa/GvpA_NotPartial.fasta	WP_246971313|gvpA|protein	WP_246971313|gvpA|protein	36bb407811468e3b13d90e626301deeb01927eea89c4e17ceb13648826572d8f	100	True	False	exact_duplicate
ref_000277	/home/user/wangyuhan/ML-GV02-03/data/raw/t05/gvpa/GvpA_NotPartial.fasta	WP_244704578|gvpA|protein	WP_244704578|gvpA|protein	cc5d159ca664e171159faf64874edda58bcf4f93389e556aa786d789e977288a	102	True	False	exact_duplicate
ref_000278	/home/user/wangyuhan/ML-GV02-03/data/raw/t05/gvpa/GvpA_NotPartial.fasta	WP_229388838|gvpA|protein	WP_229388838|gvpA|protein	7a11e816ce4f33f127ab672bd7fd1e087ce3ae422a271ad4ba9ba60d9ffcbb18	79	True	False	exact_duplicate
ref_000279	/home/user/wangyuhan/ML-GV02-03/data/raw/t05/gvpa/GvpA_NotPartial.fasta	WP_227775558|gvpA|protein	WP_227775558|gvpA|protein	abe747a6a02da3a854f904f55ae2e270b0dcfdd0a91bb243b8122f76ca1b6701	86	True	False	exact_duplicate
ref_000280	/home/user/wangyuhan/ML-GV02-03/data/raw/t05/gvpa/GvpA_NotPartial.fasta	WP_227380740|gvpA|protein	WP_227380740|gvpA|protein	04e4c15b93bd18832d3624d3cab0dd8efc526ba0885dbef36d4312b17746e305	84	True	False	exact_duplicate
ref_000281	/home/user/wangyuhan/ML-GV02-03/data/raw/t05/gvpa/GvpA_NotPartial.fasta	WP_227373847|gvpA|protein	WP_227373847|gvpA|protein	b14fdba1c12c78ac448516578d86300dcd54343b45823a68083ccd180c8caf83	84	True	False	exact_duplicate
ref_000282	/home/user/wangyuhan/ML-GV02-03/data/raw/t05/gvpa/GvpA_NotPartial.fasta	WP_227354244|gvpA|protein	WP_227354244|gvpA|protein	161cd7e3295f80b2452b83f5cd010d94c013909fe0747f2f6b00f5f4bb0eaa2c	84	True	False	exact_duplicate
ref_000283	/home/user/wangyuhan/ML-GV02-03/data/raw/t05/gvpa/GvpA_NotPartial.fasta	WP_227132931|gvpA|protein	WP_227132931|gvpA|protein	27cf1e5aac6ec3dd931dff21f72095eed48d09c3f568003ed3775261bc0e6122	76	True	False	exact_duplicate
ref_000284	/home/user/wangyuhan/ML-GV02-03/data/raw/t05/gvpa/GvpA_NotPartial.fasta	WP_226041793|gvpA|protein	WP_226041793|gvpA|protein	d4ba65189ba86a477cc5ef0f66429d8e911333cad147cb074025253abb37da7f	92	True	False	exact_duplicate
ref_000285	/home/user/wangyuhan/ML-GV02-03/data/raw/t05/gvpa/GvpA_NotPartial.fasta	WP_226007125|gvpA|protein	WP_226007125|gvpA|protein	a9c10692b45d32f772b49ae4400b85a55c24b3655085701096adf67a6d89a507	95	True	False	exact_duplicate
ref_000286	/home/user/wangyuhan/ML-GV02-03/data/raw/t05/gvpa/GvpA_NotPartial.fasta	WP_224447735|gvpA|protein	WP_224447735|gvpA|protein	c477483bf308ed286dafd66898b1afa93f47b811493f49b76b651d0d3dcb7403	87	True	False	exact_duplicate
ref_000287	/home/user/wangyuhan/ML-GV02-03/data/raw/t05/gvpa/GvpA_NotPartial.fasta	WP_224332750|gvpA|protein	WP_224332750|gvpA|protein	e31d0685f6a3fa9a63fd6193f3d90958501acaa75a873ac24a4c438b68d2330c	90	True	False	exact_duplicate
ref_000288	/home/user/wangyuhan/ML-GV02-03/data/raw/t05/gvpa/GvpA_NotPartial.fasta	WP_224270101|gvpA|protein	WP_224270101|gvpA|protein	0a9ee98cbcc2eabfac385b890fd7bc5f1682f6995b216b438dea5feb6bd62e2a	91	True	False	exact_duplicate
ref_000289	/home/user/wangyuhan/ML-GV02-03/data/raw/t05/gvpa/GvpA_NotPartial.fasta	WP_222918710|gvpA|protein	WP_222918710|gvpA|protein	4d722634e257d2a7d1338858bded9b52176fe2d51e0d0507a808dd93b62c2a49	95	True	False	exact_duplicate
ref_000290	/home/user/wangyuhan/ML-GV02-03/data/raw/t05/gvpa/GvpA_NotPartial.fasta	WP_220580832|gvpA|protein	WP_220580832|gvpA|protein	3ca11356bba8d59e0a3715bee43b09845f1c7879f899f72959aa2bcf59603f68	93	True	False	exact_duplicate
ref_000291	/home/user/wangyuhan/ML-GV02-03/data/raw/t05/gvpa/GvpA_NotPartial.fasta	WP_218153787|gvpA|protein	WP_218153787|gvpA|protein	7d1d4ec0845163a487d66c420796f6482ca852eab0c9282b03fc0c125ba15dd8	88	True	False	exact_duplicate
ref_000292	/home/user/wangyuhan/ML-GV02-03/data/raw/t05/gvpa/GvpA_NotPartial.fasta	WP_207587676|gvpA|protein	WP_207587676|gvpA|protein	82e4660fb87f57daff301dfe4130bc4899fa88daf9461bb210d8b33d8160ea71	95	True	False	exact_duplicate
ref_000293	/home/user/wangyuhan/ML-GV02-03/data/raw/t05/gvpa/GvpA_NotPartial.fasta	WP_207289157|gvpA|protein	WP_207289157|gvpA|protein	4dc9c1477d3d6b181da7459081875eca89af9f16bfff711a31c8124578309943	95	True	False	exact_duplicate
ref_000294	/home/user/wangyuhan/ML-GV02-03/data/raw/t05/gvpa/GvpA_NotPartial.fasta	WP_207288917|gvpA|protein	WP_207288917|gvpA|protein	1aef09f774a1818b7e241a497f1019c8c5004db4b09485bc075fd1124e5b6cfb	96	True	False	exact_duplicate
ref_000295	/home/user/wangyuhan/ML-GV02-03/data/raw/t05/gvpa/GvpA_NotPartial.fasta	WP_207269842|gvpA|protein	WP_207269842|gvpA|protein	dbd11e06d90ad48401af88eed365b119c47a8a6791e5241aa2c7c16325b4a749	94	True	False	exact_duplicate
ref_000296	/home/user/wangyuhan/ML-GV02-03/data/raw/t05/gvpa/GvpA_NotPartial.fasta	WP_207269332|gvpA|protein	WP_207269332|gvpA|protein	1ed909a554bd91f8870f86101c7b69e680247a3cd2b0fa7e2abc3f136c712172	73	True	False	exact_duplicate
ref_000297	/home/user/wangyuhan/ML-GV02-03/data/raw/t05/gvpa/GvpA_NotPartial.fasta	WP_188786682|gvpA|protein	WP_188786682|gvpA|protein	ac44a557fbffad89a437e1026e0c27f6123339c61d030f455ebf334321705841	72	True	False	exact_duplicate
ref_000298	/home/user/wangyuhan/ML-GV02-03/data/raw/t05/gvpa/GvpA_NotPartial.fasta	WP_181692579|gvpA|protein	WP_181692579|gvpA|protein	4d627ec7ce40cceb1d25b3a543fe91316e6bb43c760ea864dc599f514738fc0f	78	True	False	exact_duplicate
ref_000299	/home/user/wangyuhan/ML-GV02-03/data/raw/t05/gvpa/GvpA_NotPartial.fasta	WP_179267280|gvpA|protein	WP_179267280|gvpA|protein	4a610b8daff21e47628899f45527e056a293252b40315ad74c35fae02520e728	85	True	False	exact_duplicate
ref_000300	/home/user/wangyuhan/ML-GV02-03/data/raw/t05/gvpa/GvpA_NotPartial.fasta	WP_179259819|gvpA|protein	WP_179259819|gvpA|protein	bf5abb4d953e0d6aaa1f2b504bb07449e4a36340f9e5f7a959e4eda39973132d	95	True	False	exact_duplicate
ref_000301	/home/user/wangyuhan/ML-GV02-03/data/raw/t05/gvpa/GvpA_NotPartial.fasta	WP_179171077|gvpA|protein	WP_179171077|gvpA|protein	32fcf9c5b6202c499dc1a79030b4ef28d478a9d90e34a12676f797ac6b5f169d	88	True	False	exact_duplicate
ref_000302	/home/user/wangyuhan/ML-GV02-03/data/raw/t05/gvpa/GvpA_NotPartial.fasta	WP_179170132|gvpA|protein	WP_179170132|gvpA|protein	34e09ae9d7236edc844bd9d7cb469e7a24024a380d0d79604cbdba31a25abe91	85	True	False	exact_duplicate
ref_000303	/home/user/wangyuhan/ML-GV02-03/data/raw/t05/gvpa/GvpA_NotPartial.fasta	WP_178335387|gvpA|protein	WP_178335387|gvpA|protein	7a647eeb22ff0d5a70c492e0cc4e2f6fa633b6f6ed86ea29d1c01f39229a5f62	97	True	False	exact_duplicate
ref_000304	/home/user/wangyuhan/ML-GV02-03/data/raw/t05/gvpa/GvpA_NotPartial.fasta	WP_174678802|gvpA|protein	WP_174678802|gvpA|protein	05d62502987d9405b8afcb2a362db70fdbd68e573d229f7913ad099b24cf88c6	95	True	False	exact_duplicate
ref_000305	/home/user/wangyuhan/ML-GV02-03/data/raw/t05/gvpa/GvpA_NotPartial.fasta	WP_165161358|gvpA|protein	WP_165161358|gvpA|protein	48f4fc548c0153a5775e2d82043989ed247fc9808988e192c6cac4754329cc1b	96	True	False	exact_duplicate
ref_000306	/home/user/wangyuhan/ML-GV02-03/data/raw/t05/gvpa/GvpA_NotPartial.fasta	WP_162413127|gvpA|protein	WP_162413127|gvpA|protein	42d774e2b731f8e5de6ac1393aff775d6bee92ee1cc3dbf92e88a48dff3f6728	93	True	False	exact_duplicate
ref_000307	/home/user/wangyuhan/ML-GV02-03/data/raw/t05/gvpa/GvpA_NotPartial.fasta	WP_160063339|gvpA|protein	WP_160063339|gvpA|protein	0077c6cbf903d0b8013785e9c2d3858815e8c0423542a065d5cdb65ad21cfb84	96	True	False	exact_duplicate
ref_000308	/home/user/wangyuhan/ML-GV02-03/data/raw/t05/gvpa/GvpA_NotPartial.fasta	WP_158205683|gvpA|protein	WP_158205683|gvpA|protein	373d638b02f47e751a57c41721893eb012f9c8426d44eccf9a30d2d9afd3030c	95	True	False	exact_duplicate
ref_000309	/home/user/wangyuhan/ML-GV02-03/data/raw/t05/gvpa/GvpA_NotPartial.fasta	WP_158056335|gvpA|protein	WP_158056335|gvpA|protein	873dfd59523575571c0b5a852b23c36dbfdd894fd7b15dc4d7d0328398c94192	85	True	False	exact_duplicate
ref_000310	/home/user/wangyuhan/ML-GV02-03/data/raw/t05/gvpa/GvpA_NotPartial.fasta	WP_148860446|gvpA|protein	WP_148860446|gvpA|protein	3beea3bf721df3e90ae2c6d908b7aae76b4eaf09f5b646a01af8ad8019adf5be	94	True	False	exact_duplicate
ref_000311	/home/user/wangyuhan/ML-GV02-03/data/raw/t05/gvpa/GvpA_NotPartial.fasta	WP_145843683|gvpA|protein	WP_145843683|gvpA|protein	cac8cf4903b24e69aca846877fc06700a4c359f2f91bccf0bc18d01efd85d458	76	True	False	exact_duplicate
ref_000312	/home/user/wangyuhan/ML-GV02-03/data/raw/t05/gvpa/GvpA_NotPartial.fasta	WP_144261482|gvpA|protein	WP_144261482|gvpA|protein	2a93193629740c6b70afaf073c3de7dac6d79ebf780c22b99addd3e1a8872350	76	True	False	exact_duplicate
ref_000313	/home/user/wangyuhan/ML-GV02-03/data/raw/t05/gvpa/GvpA_NotPartial.fasta	WP_141465890|gvpA|protein	WP_141465890|gvpA|protein	dc6aa26cbe06c32b68c260b69a10a159aad675ed26e13576b1dcb701f11fe265	94	True	False	exact_duplicate
ref_000314	/home/user/wangyuhan/ML-GV02-03/data/raw/t05/gvpa/GvpA_NotPartial.fasta	WP_138780111|gvpA|protein	WP_138780111|gvpA|protein	bda4e304d446361a159c993095577115b3473052d3000dd181865e8db68e4361	95	True	False	exact_duplicate
ref_000315	/home/user/wangyuhan/ML-GV02-03/data/raw/t05/gvpa/GvpA_NotPartial.fasta	WP_137291688|gvpA|protein	WP_137291688|gvpA|protein	7d45d6cf3df5d3d36985ffaae9b4dca4613dcc012597c5869c1497bfb7f7e173	95	True	False	exact_duplicate
ref_000316	/home/user/wangyuhan/ML-GV02-03/data/raw/t05/gvpa/GvpA_NotPartial.fasta	WP_135305013|gvpA|protein	WP_135305013|gvpA|protein	200ecff40f6b83ca60f947ac373e44b4fa429130e9e83ff16612f1f26cfc3724	93	True	False	exact_duplicate
ref_000317	/home/user/wangyuhan/ML-GV02-03/data/raw/t05/gvpa/GvpA_NotPartial.fasta	WP_130499831|gvpA|protein	WP_130499831|gvpA|protein	1f7ab0dfc808b4ef03c3a3a7d3b7aff271b6b8d527a1dff74c65ce73a26aa483	95	True	False	exact_duplicate
ref_000318	/home/user/wangyuhan/ML-GV02-03/data/raw/t05/gvpa/GvpA_NotPartial.fasta	WP_129115144|gvpA|protein	WP_129115144|gvpA|protein	0e8669cb5fbefecf56bd1697b3d2dfc1f02ea47ac89f424acb6d55829e1f6a88	91	True	False	exact_duplicate
ref_000319	/home/user/wangyuhan/ML-GV02-03/data/raw/t05/gvpa/GvpA_NotPartial.fasta	WP_129113450|gvpA|protein	WP_129113450|gvpA|protein	0e5f42f63b697d7ae2522db4cc4e4b767a2f9bc60f48d1dbe33481842d755da4	91	True	False	exact_duplicate
ref_000320	/home/user/wangyuhan/ML-GV02-03/data/raw/t05/gvpa/GvpA_NotPartial.fasta	WP_124955529|gvpA|protein	WP_124955529|gvpA|protein	9fd0842a53e077dc147a850cd8d6e3deb845fe96e9ea825b3c2e830bac3b6ea8	111	True	False	exact_duplicate
ref_000321	/home/user/wangyuhan/ML-GV02-03/data/raw/t05/gvpa/GvpA_NotPartial.fasta	WP_124954518|gvpA|protein	WP_124954518|gvpA|protein	819a3c6792d744ecbd3df054e47bd22e8778614360a65140831dcca62f2baa9a	92	True	False	exact_duplicate
ref_000322	/home/user/wangyuhan/ML-GV02-03/data/raw/t05/gvpa/GvpA_NotPartial.fasta	WP_124194920|gvpA|protein	WP_124194920|gvpA|protein	74aacbad701be1598660e6ea3918fb6233e65fb0bdeacc530544ac385f3fcb28	95	True	False	exact_duplicate
ref_000323	/home/user/wangyuhan/ML-GV02-03/data/raw/t05/gvpa/GvpA_NotPartial.fasta	WP_124177937|gvpA|protein	WP_124177937|gvpA|protein	7ee1d64f80049d71603c3af6a49d66d0c0f9785517dba1e88c751b17d25cee31	95	True	False	exact_duplicate
ref_000324	/home/user/wangyuhan/ML-GV02-03/data/raw/t05/gvpa/GvpA_NotPartial.fasta	WP_121744691|gvpA|protein	WP_121744691|gvpA|protein	9ba949b2aab9e2be689813d4dd9d11381224286210801b51bf61c9dc7415dff2	95	True	False	exact_duplicate
ref_000325	/home/user/wangyuhan/ML-GV02-03/data/raw/t05/gvpa/GvpA_NotPartial.fasta	WP_121744350|gvpA|protein	WP_121744350|gvpA|protein	d1b057f953bd558c0457518dff2b0d5f7603c86a6714b7248bb19e85412d7a81	95	True	False	exact_duplicate
ref_000326	/home/user/wangyuhan/ML-GV02-03/data/raw/t05/gvpa/GvpA_NotPartial.fasta	WP_120074899|gvpA|protein	WP_120074899|gvpA|protein	707da4af3acf7f03536c5c37248f79250352a88e220d32a2bb8df2075eb63b07	102	True	False	exact_duplicate
ref_000327	/home/user/wangyuhan/ML-GV02-03/data/raw/t05/gvpa/GvpA_NotPartial.fasta	WP_117592720|gvpA|protein	WP_117592720|gvpA|protein	3e013aaa6defa9421798fff8e354ef30a45acf5afc839e06d7c6c6c1bded1ff1	90	True	False	exact_duplicate
ref_000328	/home/user/wangyuhan/ML-GV02-03/data/raw/t05/gvpa/GvpA_NotPartial.fasta	WP_117364027|gvpA|protein	WP_117364027|gvpA|protein	ccd25408209dd226eaf95c9255ff0de12c04411c57c39f04faa95f79a7841930	94	True	False	exact_duplicate
ref_000329	/home/user/wangyuhan/ML-GV02-03/data/raw/t05/gvpa/GvpA_NotPartial.fasta	WP_114575686|gvpA|protein	WP_114575686|gvpA|protein	67dd37821af98e87666e5a31bf3f8cca05fbcdf425b9706e6853ca251f145d21	96	True	False	exact_duplicate
ref_000330	/home/user/wangyuhan/ML-GV02-03/data/raw/t05/gvpa/GvpA_NotPartial.fasta	WP_101296553|gvpA|protein	WP_101296553|gvpA|protein	26dcc139685992f211f4708924a3a2106e0b1eedf1891ca88bb45b364bfe0ced	91	True	False	exact_duplicate
ref_000331	/home/user/wangyuhan/ML-GV02-03/data/raw/t05/gvpa/GvpA_NotPartial.fasta	WP_098726914|gvpA|protein	WP_098726914|gvpA|protein	87d470267a8c16ab7df940fb92fc4a563e7753d63814e65247f4b39ca6166837	92	True	False	exact_duplicate
ref_000332	/home/user/wangyuhan/ML-GV02-03/data/raw/t05/gvpa/GvpA_NotPartial.fasta	WP_097380016|gvpA|protein	WP_097380016|gvpA|protein	1eda5f35014077cd8e255895b81bcbbd3ddca329cac29a21a39478022f8aeb9d	94	True	False	exact_duplicate
ref_000333	/home/user/wangyuhan/ML-GV02-03/data/raw/t05/gvpa/GvpA_NotPartial.fasta	WP_097009060|gvpA|protein	WP_097009060|gvpA|protein	b872ca2d5a2d145dce354d36d77e70eb10a08b2055989b6d954f684f6957713d	90	True	False	exact_duplicate
ref_000334	/home/user/wangyuhan/ML-GV02-03/data/raw/t05/gvpa/GvpA_NotPartial.fasta	WP_095644993|gvpA|protein	WP_095644993|gvpA|protein	b3561a1e0242e2259486fe4e0fe24920cc0a6cfa37ee2d5ee0f4ab2b949738c6	76	True	False	exact_duplicate
ref_000335	/home/user/wangyuhan/ML-GV02-03/data/raw/t05/gvpa/GvpA_NotPartial.fasta	WP_095644610|gvpA|protein	WP_095644610|gvpA|protein	ede685c8031e89299cf7a422150732c34db87965882e0ac21561377ae427499f	76	True	False	exact_duplicate
ref_000336	/home/user/wangyuhan/ML-GV02-03/data/raw/t05/gvpa/GvpA_NotPartial.fasta	WP_094525166|gvpA|protein	WP_094525166|gvpA|protein	2c92df9e3660ae4ae496e54c73138cca30fb4548c57f0128289efe9f3f7cac36	103	True	False	exact_duplicate
ref_000337	/home/user/wangyuhan/ML-GV02-03/data/raw/t05/gvpa/GvpA_NotPartial.fasta	WP_092931071|gvpA|protein	WP_092931071|gvpA|protein	d80e058d93177215aa4b827adc631f2a7322ab03a6cae75ab72c3d5738e3ecab	95	True	False	exact_duplicate
ref_000338	/home/user/wangyuhan/ML-GV02-03/data/raw/t05/gvpa/GvpA_NotPartial.fasta	WP_092903619|gvpA|protein	WP_092903619|gvpA|protein	dbcea97f4e8354ba3556f158a30c55283df4e86ebf04d7cb671a0b5bc988481e	94	True	False	exact_duplicate
ref_000339	/home/user/wangyuhan/ML-GV02-03/data/raw/t05/gvpa/GvpA_NotPartial.fasta	WP_090618336|gvpA|protein	WP_090618336|gvpA|protein	81de2b78d291d512c1e2b89ae8836cdb922d557f92f68910cd6dc03255675b39	92	True	False	exact_duplicate
ref_000340	/home/user/wangyuhan/ML-GV02-03/data/raw/t05/gvpa/GvpA_NotPartial.fasta	WP_090613434|gvpA|protein	WP_090613434|gvpA|protein	9ca97034ea4d97950343fc033bf484179c8f92c0a6eacdd99f4c28a6aec2bc6e	94	True	False	exact_duplicate
ref_000341	/home/user/wangyuhan/ML-GV02-03/data/raw/t05/gvpa/GvpA_NotPartial.fasta	WP_090506853|gvpA|protein	WP_090506853|gvpA|protein	6b2c0d4d7468a9bb7cde732e238d1ac37ecf48b7594a4e6dd060ed6a29af1d8a	94	True	False	exact_duplicate
ref_000342	/home/user/wangyuhan/ML-GV02-03/data/raw/t05/gvpa/GvpA_NotPartial.fasta	WP_090381763|gvpA|protein	WP_090381763|gvpA|protein	4b58b860e36e01bdb682367fbf44812eba6dd58e4e934c378bd9d6aadce1cc6b	95	True	False	exact_duplicate
ref_000343	/home/user/wangyuhan/ML-GV02-03/data/raw/t05/gvpa/GvpA_NotPartial.fasta	WP_090303974|gvpA|protein	WP_090303974|gvpA|protein	d92cb9dcfcf48b731b50931bffc59d2a1f06a3ae808fdec2f664a3f0d1d9d321	95	True	False	exact_duplicate
ref_000344	/home/user/wangyuhan/ML-GV02-03/data/raw/t05/gvpa/GvpA_NotPartial.fasta	WP_090303661|gvpA|protein	WP_090303661|gvpA|protein	57d11d6b58e3b78591e1768389256cd64c1e0161e57131810a0337f1ac2169de	95	True	False	exact_duplicate
ref_000345	/home/user/wangyuhan/ML-GV02-03/data/raw/t05/gvpa/GvpA_NotPartial.fasta	WP_089878752|gvpA|protein	WP_089878752|gvpA|protein	50547bc898f61f24df2523add228d653ee8b40ed98eed53b3ba22738f4493ddc	90	True	False	exact_duplicate
ref_000346	/home/user/wangyuhan/ML-GV02-03/data/raw/t05/gvpa/GvpA_NotPartial.fasta	WP_089821089|gvpA|protein	WP_089821089|gvpA|protein	457c7fa4e188543254407dcd7ec0b9f4c753a7f7645e0d50bffe5dc2233d678b	104	True	False	exact_duplicate
ref_000347	/home/user/wangyuhan/ML-GV02-03/data/raw/t05/gvpa/GvpA_NotPartial.fasta	WP_089805792|gvpA|protein	WP_089805792|gvpA|protein	b28d4ac8e7cffa9c025926a8e11393955e2c916c71da146164fbf842c214385e	92	True	False	exact_duplicate
ref_000348	/home/user/wangyuhan/ML-GV02-03/data/raw/t05/gvpa/GvpA_NotPartial.fasta	WP_089671674|gvpA|protein	WP_089671674|gvpA|protein	d15f613fad1b42703ddc1ccbd88fa6e754ed11b30dd462f8870eb398cdaad739	94	True	False	exact_duplicate
ref_000349	/home/user/wangyuhan/ML-GV02-03/data/raw/t05/gvpa/GvpA_NotPartial.fasta	WP_089386074|gvpA|protein	WP_089386074|gvpA|protein	bf0dfc6c51956e5d54f7904eabcfda2aca05adff69b9fb1a544c2635718dc258	78	True	False	exact_duplicate
ref_000350	/home/user/wangyuhan/ML-GV02-03/data/raw/t05/gvpa/GvpA_NotPartial.fasta	WP_086886824|gvpA|protein	WP_086886824|gvpA|protein	86af2bea85657bdc848aca42419445b798020105b889944f0f4a23c1f143c95c	93	True	False	exact_duplicate
ref_000351	/home/user/wangyuhan/ML-GV02-03/data/raw/t05/gvpa/GvpA_NotPartial.fasta	WP_076582330|gvpA|protein	WP_076582330|gvpA|protein	6681febe116459c77b18efad7fef5a7301d8814a9125f9ef8f9f141b621e879c	94	True	False	exact_duplicate
ref_000352	/home/user/wangyuhan/ML-GV02-03/data/raw/t05/gvpa/GvpA_NotPartial.fasta	WP_076429430|gvpA|protein	WP_076429430|gvpA|protein	13cb78a146ca0e28f916d09fa12a36f962f1909dec115df8c0e38ff362f9dc82	94	True	False	exact_duplicate
ref_000353	/home/user/wangyuhan/ML-GV02-03/data/raw/t05/gvpa/GvpA_NotPartial.fasta	WP_076144968|gvpA|protein	WP_076144968|gvpA|protein	3e6bf91c590be6684eed9926f0f0e4b54a4578f221c09d95018d5a14908398b5	94	True	False	exact_duplicate
ref_000354	/home/user/wangyuhan/ML-GV02-03/data/raw/t05/gvpa/GvpA_NotPartial.fasta	WP_066384857|gvpA|protein	WP_066384857|gvpA|protein	019e8d05123166c4099d1d78d61a60881e08c412015de540a5f80e9c1fb5164f	86	True	False	exact_duplicate
ref_000355	/home/user/wangyuhan/ML-GV02-03/data/raw/t05/gvpa/GvpA_NotPartial.fasta	WP_066383060|gvpA|protein	WP_066383060|gvpA|protein	a073bea82f9def955f000c075cfae3c1467d3fba0e830514cff5c09cb58f32f5	67	True	False	exact_duplicate
ref_000356	/home/user/wangyuhan/ML-GV02-03/data/raw/t05/gvpa/GvpA_NotPartial.fasta	WP_066382543|gvpA|protein	WP_066382543|gvpA|protein	7bd6d00159b2d7ed0289baf8dbbc0ebb56120ef74e8b85de6d4ae75633b37760	87	True	False	exact_duplicate
ref_000357	/home/user/wangyuhan/ML-GV02-03/data/raw/t05/gvpa/GvpA_NotPartial.fasta	WP_066146101|gvpA|protein	WP_066146101|gvpA|protein	fb877ea45a36f28c6227d2338b208ab1161a2a4e796a6f84a45bb7d0af97d97c	87	True	False	exact_duplicate
ref_000358	/home/user/wangyuhan/ML-GV02-03/data/raw/t05/gvpa/GvpA_NotPartial.fasta	WP_058580750|gvpA|protein	WP_058580750|gvpA|protein	ebb2fb66a808274ef5cfe04707c1d81b3ad3ca9df72f30b25a365a4671a968a7	90	True	False	exact_duplicate
ref_000359	/home/user/wangyuhan/ML-GV02-03/data/raw/t05/gvpa/GvpA_NotPartial.fasta	WP_054862714|gvpA|protein	WP_054862714|gvpA|protein	a8908cb0d732ddf5c6d4015b65fb6269eb16472b451882b8c89d16840fbc3e35	96	True	False	exact_duplicate
ref_000360	/home/user/wangyuhan/ML-GV02-03/data/raw/t05/gvpa/GvpA_NotPartial.fasta	WP_050050395|gvpA|protein	WP_050050395|gvpA|protein	64863b5b8a6b08db9fd70b7ba62bb8445581113adc87bf956801db63e08bcc12	94	True	False	exact_duplicate
ref_000361	/home/user/wangyuhan/ML-GV02-03/data/raw/t05/gvpa/GvpA_NotPartial.fasta	WP_049998656|gvpA|protein	WP_049998656|gvpA|protein	ab2292bf5276ca31007d0dc53dd8ebc55cb8125531f36f45413b763b2188dc39	102	True	False	exact_duplicate
ref_000362	/home/user/wangyuhan/ML-GV02-03/data/raw/t05/gvpa/GvpA_NotPartial.fasta	WP_049998364|gvpA|protein	WP_049998364|gvpA|protein	034d9111e895aa2cb4fabb563eecf05be5b4f98a321959c457cc9a0aad52c226	104	True	False	exact_duplicate
ref_000363	/home/user/wangyuhan/ML-GV02-03/data/raw/t05/gvpa/GvpA_NotPartial.fasta	WP_049997333|gvpA|protein	WP_049997333|gvpA|protein	366f2df371810fefd4a476802671222a5ca10961b020d4cf8ece4a47f03ab609	104	True	False	exact_duplicate
ref_000364	/home/user/wangyuhan/ML-GV02-03/data/raw/t05/gvpa/GvpA_NotPartial.fasta	WP_049989893|gvpA|protein	WP_049989893|gvpA|protein	acb38079c01f07d0de6f29f2273ec2474d3cad1e2f80da6f6ad246155c67ee1d	95	True	False	exact_duplicate
ref_000365	/home/user/wangyuhan/ML-GV02-03/data/raw/t05/gvpa/GvpA_NotPartial.fasta	WP_049970408|gvpA|protein	WP_049970408|gvpA|protein	06a18e8f389879fa735770e4aa811f6d1182d4ca43d77b59e264dea099199cab	85	True	False	exact_duplicate
ref_000366	/home/user/wangyuhan/ML-GV02-03/data/raw/t05/gvpa/GvpA_NotPartial.fasta	WP_049970405|gvpA|protein	WP_049970405|gvpA|protein	07248f2d3ff700c7afcd578e9123a5c406facb5736db0e6b2924d0c06383e9d8	82	True	False	exact_duplicate
ref_000367	/home/user/wangyuhan/ML-GV02-03/data/raw/t05/gvpa/GvpA_NotPartial.fasta	WP_049954064|gvpA|protein	WP_049954064|gvpA|protein	edcfcd19baadeee00eaf88cd06aa255a44d20962443de37c5e4e6f69e5726912	95	True	False	exact_duplicate
ref_000368	/home/user/wangyuhan/ML-GV02-03/data/raw/t05/gvpa/GvpA_NotPartial.fasta	WP_049934428|gvpA|protein	WP_049934428|gvpA|protein	320fa412f1f1ad675d121137f62af03e9b7a5537d65ced7d2559d731d92bbefb	87	True	False	exact_duplicate
ref_000369	/home/user/wangyuhan/ML-GV02-03/data/raw/t05/gvpa/GvpA_NotPartial.fasta	WP_049934333|gvpA|protein	WP_049934333|gvpA|protein	f7dbe09f7bde0afd35430a77ff43add3b256326bed36cfc07fed23d5822002be	76	True	False	exact_duplicate
ref_000370	/home/user/wangyuhan/ML-GV02-03/data/raw/t05/gvpa/GvpA_NotPartial.fasta	WP_049924581|gvpA|protein	WP_049924581|gvpA|protein	c8490949e18e771ed8c8c54d9d56b4da4a1f8d86dfa0370f486346aacacdb834	94	True	False	exact_duplicate
ref_000371	/home/user/wangyuhan/ML-GV02-03/data/raw/t05/gvpa/GvpA_NotPartial.fasta	WP_049920063|gvpA|protein	WP_049920063|gvpA|protein	94cdaea6b1db7bfe983fd9e26f2c34a76d5b03114834feeda1e1a352b8bbdd5a	95	True	False	exact_duplicate
ref_000372	/home/user/wangyuhan/ML-GV02-03/data/raw/t05/gvpa/GvpA_NotPartial.fasta	WP_049917180|gvpA|protein	WP_049917180|gvpA|protein	478e03d6c766c60924226ea84dea052661faf07a209b53f6593e5f431ea227c3	91	True	False	exact_duplicate
ref_000373	/home/user/wangyuhan/ML-GV02-03/data/raw/t05/gvpa/GvpA_NotPartial.fasta	WP_049916017|gvpA|protein	WP_049916017|gvpA|protein	36a56467f4a25638e5d817c77266a55f448d21d707b5e77c76f4f04be135e47a	102	True	False	exact_duplicate
ref_000374	/home/user/wangyuhan/ML-GV02-03/data/raw/t05/gvpa/GvpA_NotPartial.fasta	WP_049898790|gvpA|protein	WP_049898790|gvpA|protein	0dbc89dc4cb8f990179544020fbefaa87d99484de6d52245136c3beb3af5cd52	112	True	False	exact_duplicate
ref_000375	/home/user/wangyuhan/ML-GV02-03/data/raw/t05/gvpa/GvpA_NotPartial.fasta	WP_049889998|gvpA|protein	WP_049889998|gvpA|protein	78005b3dddedd0251b7e469f41fbcd8bf829877f05128bcc7791ccfc6e66686e	95	True	False	exact_duplicate
ref_000376	/home/user/wangyuhan/ML-GV02-03/data/raw/t05/gvpa/GvpA_NotPartial.fasta	WP_048122675|gvpA|protein	WP_048122675|gvpA|protein	448d52f7c380acd653509b909b66c6ae1230252cfa74026dcde3b1a46691dd4a	76	True	False	exact_duplicate
ref_000377	/home/user/wangyuhan/ML-GV02-03/data/raw/t05/gvpa/GvpA_NotPartial.fasta	WP_048122673|gvpA|protein	WP_048122673|gvpA|protein	f603a0bdb36b55f4482180fa3867f971263919a815b902f3c22fbd72cd37faeb	76	True	False	exact_duplicate
ref_000378	/home/user/wangyuhan/ML-GV02-03/data/raw/t05/gvpa/GvpA_NotPartial.fasta	WP_048109058|gvpA|protein	WP_048109058|gvpA|protein	509ca7d230eacbb916e48c1f641bab8243caa81cc5f5a9887716747596ce64cb	76	True	False	exact_duplicate
ref_000379	/home/user/wangyuhan/ML-GV02-03/data/raw/t05/gvpa/GvpA_NotPartial.fasta	WP_021056303|gvpA|protein	WP_021056303|gvpA|protein	3cc2cb889cfdbbcaa17bf78c8d1d3f4b5ca85aeafe19b48a7f83e9cfd59ead9f	72	True	False	exact_duplicate
ref_000380	/home/user/wangyuhan/ML-GV02-03/data/raw/t05/gvpa/GvpA_NotPartial.fasta	WP_019991572|gvpA|protein	WP_019991572|gvpA|protein	b5ccff48f879b7cc34ad8f5c36b63b1a1bb528349643c9b217bca4d7298417d4	92	True	False	exact_duplicate
ref_000381	/home/user/wangyuhan/ML-GV02-03/data/raw/t05/gvpa/GvpA_NotPartial.fasta	WP_015408777|gvpA|protein	WP_015408777|gvpA|protein	32d58e5d24419efe5e0e2d345df828191c6edfe2f9e053ecf19a879f70d4d31e	76	True	False	exact_duplicate
ref_000382	/home/user/wangyuhan/ML-GV02-03/data/raw/t05/gvpa/GvpA_NotPartial.fasta	WP_015322023|gvpA|protein	WP_015322023|gvpA|protein	b14dbbd56a14a62380290dac535357a72a6641c6900bc8a641d3956ff85a3938	93	True	False	exact_duplicate
ref_000383	/home/user/wangyuhan/ML-GV02-03/data/raw/t05/gvpa/GvpA_NotPartial.fasta	WP_013878361|gvpA|protein	WP_013878361|gvpA|protein	842bc418f0682cd2a9c8df6c49ea422dbc803155124a6846d7a60d9d83a8a90e	95	True	False	exact_duplicate
ref_000384	/home/user/wangyuhan/ML-GV02-03/data/raw/t05/gvpa/GvpA_NotPartial.fasta	WP_012996341|gvpA|protein	WP_012996341|gvpA|protein	d5d6f3cedb33fb3328b601b229fc76346413f748702fa12fdf520f8cdc8519e2	95	True	False	exact_duplicate
ref_000385	/home/user/wangyuhan/ML-GV02-03/data/raw/t05/gvpa/GvpA_NotPartial.fasta	WP_012944239|gvpA|protein	WP_012944239|gvpA|protein	30c8db5b2a48ec02340b2ce6c673667f0e2f4cfc8b42d7c7d20367dd7f71507f	94	True	False	exact_duplicate
ref_000386	/home/user/wangyuhan/ML-GV02-03/data/raw/t05/gvpa/GvpA_NotPartial.fasta	WP_012943535|gvpA|protein	WP_012943535|gvpA|protein	69442765a7e1224b043564331c6a208751a6131dc80765ddc7035960ee05acfe	96	True	False	exact_duplicate
ref_000387	/home/user/wangyuhan/ML-GV02-03/data/raw/t05/gvpa/GvpA_NotPartial.fasta	WP_011695264|gvpA|protein	WP_011695264|gvpA|protein	90e82772d308676c75568c0c440d84add6c49bafb1f3bedb28a64fca998175f4	74	True	False	exact_duplicate
ref_000388	/home/user/wangyuhan/ML-GV02-03/data/raw/t05/gvpa/GvpA_NotPartial.fasta	WP_011695263|gvpA|protein	WP_011695263|gvpA|protein	8f5ca23cd23d0262e12ba17fdf7f59af0af7fbfbf872d5e03a508e72d66e5cf7	76	True	False	exact_duplicate
ref_000389	/home/user/wangyuhan/ML-GV02-03/data/raw/t05/gvpa/GvpA_NotPartial.fasta	WP_011571057|gvpA|protein	WP_011571057|gvpA|protein	61a382d08777524701b3b127d54c55544b762da256e18e1289de6de3ef39b838	72	True	False	exact_duplicate
ref_000390	/home/user/wangyuhan/ML-GV02-03/data/raw/t05/gvpa/GvpA_NotPartial.fasta	WP_011305365|gvpA|protein	WP_011305365|gvpA|protein	a4ce46bc0db75edd289273c61df2447a16f7eaa54328c95a55ded723eb926a9b	76	True	False	exact_duplicate
ref_000391	/home/user/wangyuhan/ML-GV02-03/data/raw/t05/gvpa/GvpA_NotPartial.fasta	WP_010904108|gvpA|protein	WP_010904108|gvpA|protein	766d45336d56f5b42f24327e8017dcef111a6d0d9ef09d065ff599ed28c3610e	79	True	False	exact_duplicate
ref_000392	/home/user/wangyuhan/ML-GV02-03/data/raw/t05/gvpa/GvpA_NotPartial.fasta	WP_010890519|gvpA|protein	WP_010890519|gvpA|protein	49cef355c6ba3187ae5c9104097887f71b46d34a1bb4fd051de140f31dbffc07	76	True	False	exact_duplicate
ref_000393	/home/user/wangyuhan/ML-GV02-03/data/raw/t05/gvpa/GvpA_NotPartial.fasta	WP_010612514|gvpA|protein	WP_010612514|gvpA|protein	fbe5bf19f8b5fcb8a504024622d873d9b4f8c910fec29a7faa90e94923d116c4	103	True	False	exact_duplicate
ref_000394	/home/user/wangyuhan/ML-GV02-03/data/raw/t05/gvpa/GvpA_NotPartial.fasta	WP_008894730|gvpA|protein	WP_008894730|gvpA|protein	1564401f2a553c4446671309877ae8049b5a83a474fb16f11935710b111eab15	96	True	False	exact_duplicate
ref_000395	/home/user/wangyuhan/ML-GV02-03/data/raw/t05/gvpa/GvpA_NotPartial.fasta	WP_008893968|gvpA|protein	WP_008893968|gvpA|protein	5d40201e59780a4578e1d59e27b596d8b7ecbc64ed4cc25e82feb3008c524ad8	95	True	False	exact_duplicate
ref_000396	/home/user/wangyuhan/ML-GV02-03/data/raw/t05/gvpa/GvpA_NotPartial.fasta	WP_008417043|gvpA|protein	WP_008417043|gvpA|protein	718f9add2c10ca08b4a575acf96abc0dcfd73ebbeae7c2909b168d955ffc5d3f	87	True	False	exact_duplicate
ref_000397	/home/user/wangyuhan/ML-GV02-03/data/raw/t05/gvpa/GvpA_NotPartial.fasta	WP_008159420|gvpA|protein	WP_008159420|gvpA|protein	0101bc590c89813c161ae168ca4f86007d01c01c36444a15865973f349d0339a	94	True	False	exact_duplicate
ref_000398	/home/user/wangyuhan/ML-GV02-03/data/raw/t05/gvpa/GvpA_NotPartial.fasta	WP_008012794|gvpA|protein	WP_008012794|gvpA|protein	c0d8f1302fa41452efbc27f0da36de9737dad5583e87b081c35fdb231d1dfb9e	95	True	False	exact_duplicate
ref_000399	/home/user/wangyuhan/ML-GV02-03/data/raw/t05/gvpa/GvpA_NotPartial.fasta	WP_007982669|gvpA|protein	WP_007982669|gvpA|protein	6dc60142a293ec7c6dcbc27c09b6bd4ab18fe21e29a4c461e5c54fe81310b371	87	True	False	exact_duplicate
ref_000400	/home/user/wangyuhan/ML-GV02-03/data/raw/t05/gvpa/GvpA_NotPartial.fasta	WP_007739252|gvpA|protein	WP_007739252|gvpA|protein	2f7a03239bef14f781932b4cbbdd20ea215b34ed691725f89b24eaa547c604ee	102	True	False	exact_duplicate
ref_000401	/home/user/wangyuhan/ML-GV02-03/data/raw/t05/gvpa/GvpA_NotPartial.fasta	WP_007704306|gvpA|protein	WP_007704306|gvpA|protein	3d7fc725cd17cf23a73cdd2fb181a785b4c0ce2fd640f88c1f716c829b659260	97	True	False	exact_duplicate
ref_000402	/home/user/wangyuhan/ML-GV02-03/data/raw/t05/gvpa/GvpA_NotPartial.fasta	WP_007260761|gvpA|protein	WP_007260761|gvpA|protein	729a9790a662e92ab3799a9b33c364191eba685ca2792cdf185ac1d3fb9631ce	96	True	False	exact_duplicate
ref_000403	/home/user/wangyuhan/ML-GV02-03/data/raw/t05/gvpa/GvpA_NotPartial.fasta	WP_007109509|gvpA|protein	WP_007109509|gvpA|protein	215f48254c804f1f2876885b96f7a1981396e0fb0da219049cbad3c376111fab	94	True	False	exact_duplicate
ref_000404	/home/user/wangyuhan/ML-GV02-03/data/raw/t05/gvpa/GvpA_NotPartial.fasta	WP_006432777|gvpA|protein	WP_006432777|gvpA|protein	62bc5089576517d5fad1f755bd6f0eda8ed64f4dc9ca1f0cd5ab9ed08b8ae872	93	True	False	exact_duplicate
ref_000405	/home/user/wangyuhan/ML-GV02-03/data/raw/t05/gvpa/GvpA_NotPartial.fasta	WP_006184742|gvpA|protein	WP_006184742|gvpA|protein	8189ed3c9ac18707f54985fd1f832186b5ab06ffd03b98d13b6a5a880b456e0a	94	True	False	exact_duplicate
ref_000406	/home/user/wangyuhan/ML-GV02-03/data/raw/t05/gvpa/GvpA_NotPartial.fasta	WP_006182094|gvpA|protein	WP_006182094|gvpA|protein	168a7720be25950ce7a56e347f224374ee278a9197375f2b7d12fea4130f8457	94	True	False	exact_duplicate
ref_000407	/home/user/wangyuhan/ML-GV02-03/data/raw/t05/gvpa/GvpA_NotPartial.fasta	WP_006168082|gvpA|protein	WP_006168082|gvpA|protein	c468502803b4ab5981f1302a02b554d7384ecf63ec65dfc34a329984ff234ccc	95	True	False	exact_duplicate
ref_000408	/home/user/wangyuhan/ML-GV02-03/data/raw/t05/gvpa/GvpA_NotPartial.fasta	WP_006108429|gvpA|protein	WP_006108429|gvpA|protein	d07d112598796fe30d761bb0dee53a532c60b6f2660ff50f32e5608f27b8723f	95	True	False	exact_duplicate
ref_000409	/home/user/wangyuhan/ML-GV02-03/data/raw/t05/gvpa/GvpA_NotPartial.fasta	WP_006088519|gvpA|protein	WP_006088519|gvpA|protein	dad443e0412ef646de5e1ae6b2283ed6666f0e42f2690ca0f566cbd01cf47c41	95	True	False	exact_duplicate
ref_000410	/home/user/wangyuhan/ML-GV02-03/data/raw/t05/gvpa/GvpA_NotPartial.fasta	WP_006076709|gvpA|protein	WP_006076709|gvpA|protein	b89284c786e1b2202da6e961528e32ed308b4796e507d5315e8056ccc2ac7ed8	110	True	False	exact_duplicate
ref_000411	/home/user/wangyuhan/ML-GV02-03/data/raw/t05/gvpa/GvpA_NotPartial.fasta	WP_006056149|gvpA|protein	WP_006056149|gvpA|protein	145768217677e4dfa78ed5dde6674fe0ca135ad06080e9e3798a31edb3c3e23c	78	True	False	exact_duplicate
ref_000412	/home/user/wangyuhan/ML-GV02-03/data/raw/t05/gvpa/GvpA_NotPartial.fasta	WP_005580866|gvpA|protein	WP_005580866|gvpA|protein	1f956fdbc151f2ec0ffb1f0d512e8c72eb59659a79d6fdd4047293e97fad8dda	95	True	False	exact_duplicate
ref_000413	/home/user/wangyuhan/ML-GV02-03/data/raw/t05/gvpa/GvpA_NotPartial.fasta	WP_005558079|gvpA|protein	WP_005558079|gvpA|protein	00058845722df3ede42246221d3dd0d68e42ec4d53ca2d5b48576007b95adbfe	94	True	False	exact_duplicate
ref_000414	/home/user/wangyuhan/ML-GV02-03/data/raw/t05/gvpa/GvpA_NotPartial.fasta	WP_005043849|gvpA|protein	WP_005043849|gvpA|protein	4983f01969b214844bb92ed36b1e236cf9d1d32f53cb2c9361b30f6210259288	110	True	False	exact_duplicate
ref_000906	/home/user/wangyuhan/ML-GV02-03/data/raw/t05/gvpa/GvpA_NotPartial.fasta	XCC59600|gvpA|protein	XCC59600|gvpA|protein	6de015df518c3c1fe74ecd4388d4d19c8bd5a22504a8df8f403053f664419105	116	True	True	accepted_unique
ref_000443	/home/user/wangyuhan/ML-GV02-03/data/raw/t05/gvpa/GvpA_NotPartial.fasta	XBN97583|gvpA|protein	XBN97583|gvpA|protein	7c1ee34913e269628b618a114cee0c9a5db90412949ae6bff681672ba1b795b8	92	True	False	exact_duplicate
ref_000415	/home/user/wangyuhan/ML-GV02-03/data/raw/t05/gvpa/GvpA_NotPartial.fasta	WP_190432663|gvpA|protein	WP_190432663|gvpA|protein	044b97bbcc6fc75d19af1c5b8afe151ed6a3515841f784c5b7b639e655a343cd	72	True	False	exact_duplicate
ref_000416	/home/user/wangyuhan/ML-GV02-03/data/raw/t05/gvpa/GvpA_NotPartial.fasta	WP_190377542|gvpA|protein	WP_190377542|gvpA|protein	0d7970548e5a353c52b0e8b1402d238f57b6b050f0a0b7636b28b3769e24464a	72	True	False	exact_duplicate
ref_000417	/home/user/wangyuhan/ML-GV02-03/data/raw/t05/gvpa/GvpA_NotPartial.fasta	WP_054860102|gvpA|protein	WP_054860102|gvpA|protein	9fe918e0f2a37590ea6b48533fa54067a87fbe8d176306f0c916781b3212fd6d	87	True	False	exact_duplicate
ref_000441	/home/user/wangyuhan/ML-GV02-03/data/raw/t05/gvpa/GvpA_NotPartial.fasta	WZW15781|gvpA|protein	WZW15781|gvpA|protein	626bf126ff6a42e860e1c20b32f28779f549346c7554d3694e519c08b6d8a44f	86	True	False	exact_duplicate
ref_000418	/home/user/wangyuhan/ML-GV02-03/data/raw/t05/gvpa/GvpA_NotPartial.fasta	WP_341471618|gvpA|protein	WP_341471618|gvpA|protein	1bf14199f279ca97cc940b885b8a0780eec9fbdfabd31100b7af7dd87ccb4885	72	True	False	exact_duplicate
ref_000850	/home/user/wangyuhan/ML-GV02-03/data/raw/t05/gvpa/GvpA_NotPartial.fasta	XAB46274|gvpA|protein	XAB46274|gvpA|protein	667b333e161105876fb2cf5ab53eba1f68f65e9d3e8006d6b2792f4e76e1c0ce	84	True	False	exact_duplicate
ref_000849	/home/user/wangyuhan/ML-GV02-03/data/raw/t05/gvpa/GvpA_NotPartial.fasta	XAB46271|gvpA|protein	XAB46271|gvpA|protein	d692e59ba181a3631d4d3ec7f34ea0113cbddcf7fa5a4afeff130171f0e4a3be	86	True	False	exact_duplicate
ref_000441	/home/user/wangyuhan/ML-GV02-03/data/raw/t05/gvpa/GvpA_NotPartial.fasta	WZV52402|gvpA|protein	WZV52402|gvpA|protein	626bf126ff6a42e860e1c20b32f28779f549346c7554d3694e519c08b6d8a44f	86	True	False	exact_duplicate
ref_000443	/home/user/wangyuhan/ML-GV02-03/data/raw/t05/gvpa/GvpA_NotPartial.fasta	WZV52330|gvpA|protein	WZV52330|gvpA|protein	7c1ee34913e269628b618a114cee0c9a5db90412949ae6bff681672ba1b795b8	92	True	False	exact_duplicate
ref_000137	/home/user/wangyuhan/ML-GV02-03/data/raw/t05/gvpa/GvpA_NotPartial.fasta	WZU64528|gvpA|protein	WZU64528|gvpA|protein	c88f9ffff90291b1560233f546b76e54fc9da0f6bafb9239779bc03168c818ea	70	True	False	exact_duplicate
ref_000419	/home/user/wangyuhan/ML-GV02-03/data/raw/t05/gvpa/GvpA_NotPartial.fasta	WP_089851011|gvpA|protein	WP_089851011|gvpA|protein	a84874ccf2cf9f12a8eff022b9f61b67400be272b175425a21b81f17d3deea8e	70	True	False	exact_duplicate
ref_000861	/home/user/wangyuhan/ML-GV02-03/data/raw/t05/gvpa/GvpA_NotPartial.fasta	WZL87567|gvpA|protein	WZL87567|gvpA|protein	1f275ce5dd842aaaf9d24fd9cd1a995ccd28e8006db8fd5d12c958ce30deb19a	71	True	False	exact_duplicate
ref_000861	/home/user/wangyuhan/ML-GV02-03/data/raw/t05/gvpa/GvpA_NotPartial.fasta	WZL85698|gvpA|protein	WZL85698|gvpA|protein	1f275ce5dd842aaaf9d24fd9cd1a995ccd28e8006db8fd5d12c958ce30deb19a	71	True	False	exact_duplicate
ref_000785	/home/user/wangyuhan/ML-GV02-03/data/raw/t05/gvpa/GvpA_NotPartial.fasta	WYL99911|gvpA|protein	WYL99911|gvpA|protein	83cf4bae954290aa781d919a49879399b8f8f6215eafe44d5ab3358539071424	71	True	False	exact_duplicate
ref_000907	/home/user/wangyuhan/ML-GV02-03/data/raw/t05/gvpa/GvpA_NotPartial.fasta	WYL99910|gvpA|protein	WYL99910|gvpA|protein	10816d30b94e7e319ed1318effe0cf0bcb80900bc27f0174960cc8267c16a257	75	True	True	accepted_unique
ref_000785	/home/user/wangyuhan/ML-GV02-03/data/raw/t05/gvpa/GvpA_NotPartial.fasta	WYL99909|gvpA|protein	WYL99909|gvpA|protein	83cf4bae954290aa781d919a49879399b8f8f6215eafe44d5ab3358539071424	71	True	False	exact_duplicate
ref_000785	/home/user/wangyuhan/ML-GV02-03/data/raw/t05/gvpa/GvpA_NotPartial.fasta	WYL99908|gvpA|protein	WYL99908|gvpA|protein	83cf4bae954290aa781d919a49879399b8f8f6215eafe44d5ab3358539071424	71	True	False	exact_duplicate
ref_000870	/home/user/wangyuhan/ML-GV02-03/data/raw/t05/gvpa/GvpA_NotPartial.fasta	WYL99907|gvpA|protein	WYL99907|gvpA|protein	c6694fda37ff51b3f38274d3a185ac8443a605c30d985300d151a639aecb11a8	71	True	False	exact_duplicate
ref_000870	/home/user/wangyuhan/ML-GV02-03/data/raw/t05/gvpa/GvpA_NotPartial.fasta	WYL97743|gvpA|protein	WYL97743|gvpA|protein	c6694fda37ff51b3f38274d3a185ac8443a605c30d985300d151a639aecb11a8	71	True	False	exact_duplicate
ref_000785	/home/user/wangyuhan/ML-GV02-03/data/raw/t05/gvpa/GvpA_NotPartial.fasta	WYL94295|gvpA|protein	WYL94295|gvpA|protein	83cf4bae954290aa781d919a49879399b8f8f6215eafe44d5ab3358539071424	71	True	False	exact_duplicate
ref_000785	/home/user/wangyuhan/ML-GV02-03/data/raw/t05/gvpa/GvpA_NotPartial.fasta	WYL94294|gvpA|protein	WYL94294|gvpA|protein	83cf4bae954290aa781d919a49879399b8f8f6215eafe44d5ab3358539071424	71	True	False	exact_duplicate
ref_000785	/home/user/wangyuhan/ML-GV02-03/data/raw/t05/gvpa/GvpA_NotPartial.fasta	WYL94293|gvpA|protein	WYL94293|gvpA|protein	83cf4bae954290aa781d919a49879399b8f8f6215eafe44d5ab3358539071424	71	True	False	exact_duplicate
ref_000785	/home/user/wangyuhan/ML-GV02-03/data/raw/t05/gvpa/GvpA_NotPartial.fasta	WYL94292|gvpA|protein	WYL94292|gvpA|protein	83cf4bae954290aa781d919a49879399b8f8f6215eafe44d5ab3358539071424	71	True	False	exact_duplicate
ref_000418	/home/user/wangyuhan/ML-GV02-03/data/raw/t05/gvpa/GvpA_NotPartial.fasta	WJW69745|gvpA|protein	WJW69745|gvpA|protein	1bf14199f279ca97cc940b885b8a0780eec9fbdfabd31100b7af7dd87ccb4885	72	True	False	exact_duplicate
ref_000420	/home/user/wangyuhan/ML-GV02-03/data/raw/t05/gvpa/GvpA_NotPartial.fasta	WP_159869007|gvpA|protein	WP_159869007|gvpA|protein	2549c61eaa1c68f7925735451d0233352fadb592c390b0c9932c51733d5a24e6	86	True	False	exact_duplicate
ref_000421	/home/user/wangyuhan/ML-GV02-03/data/raw/t05/gvpa/GvpA_NotPartial.fasta	WP_071272787|gvpA|protein	WP_071272787|gvpA|protein	142752963930eab74d74d4bcaff60e47ff770976c838c012b58dcaa26d2a4fea	90	True	False	exact_duplicate
ref_000771	/home/user/wangyuhan/ML-GV02-03/data/raw/t05/gvpa/GvpA_NotPartial.fasta	WWO81691|gvpA|protein	WWO81691|gvpA|protein	ddd28b4f0183c6c3a6e1f627f4ba7913059a06e6f7955ec67b16a218628ff1d1	86	True	False	exact_duplicate
ref_000422	/home/user/wangyuhan/ML-GV02-03/data/raw/t05/gvpa/GvpA_NotPartial.fasta	WP_095313309|gvpA|protein	WP_095313309|gvpA|protein	9f8c36880cfb04e0cba55b432093f0aa8271cf043ffe34acc59bb9d848f90db6	91	True	False	exact_duplicate
ref_000423	/home/user/wangyuhan/ML-GV02-03/data/raw/t05/gvpa/GvpA_NotPartial.fasta	WP_086756007|gvpA|protein	WP_086756007|gvpA|protein	b1857f03b52d3c765ea44605167b7ee6d0e849f9d810b2d427d6ff293c822d68	73	True	False	exact_duplicate
ref_000424	/home/user/wangyuhan/ML-GV02-03/data/raw/t05/gvpa/GvpA_NotPartial.fasta	WP_211555852|gvpA|protein	WP_211555852|gvpA|protein	4138c2817c5b6dca65ea4991f26a8a58b0a6d5287da125ce6caec306e7a7834d	93	True	False	exact_duplicate
ref_000425	/home/user/wangyuhan/ML-GV02-03/data/raw/t05/gvpa/GvpA_NotPartial.fasta	WP_141589788|gvpA|protein	WP_141589788|gvpA|protein	8758b934790f5784ea1bb3e8292ad80d63fd591ca944350e77de7212284d0934	74	True	False	exact_duplicate
ref_000426	/home/user/wangyuhan/ML-GV02-03/data/raw/t05/gvpa/GvpA_NotPartial.fasta	WP_035412262|gvpA|protein	WP_035412262|gvpA|protein	6f2cfd5f0d50c7aee582a35496301ee7cfc650c797f9102a4b8033ef3e64c4fa	87	True	False	exact_duplicate
ref_000422	/home/user/wangyuhan/ML-GV02-03/data/raw/t05/gvpa/GvpA_NotPartial.fasta	WYU40609|gvpA|protein	WYU40609|gvpA|protein	9f8c36880cfb04e0cba55b432093f0aa8271cf043ffe34acc59bb9d848f90db6	91	True	False	exact_duplicate
ref_000422	/home/user/wangyuhan/ML-GV02-03/data/raw/t05/gvpa/GvpA_NotPartial.fasta	WYQ46037|gvpA|protein	WYQ46037|gvpA|protein	9f8c36880cfb04e0cba55b432093f0aa8271cf043ffe34acc59bb9d848f90db6	91	True	False	exact_duplicate
ref_000074	/home/user/wangyuhan/ML-GV02-03/data/raw/t05/gvpa/GvpA_NotPartial.fasta	WYN44540|gvpA|protein	WYN44540|gvpA|protein	353e9d0dff81158687ff2e4f2b8984e4d6a17430c1d909a093884122403d9cb2	91	True	False	exact_duplicate
ref_000391	/home/user/wangyuhan/ML-GV02-03/data/raw/t05/gvpa/GvpA_NotPartial.fasta	WJK64891|gvpA|protein	WJK64891|gvpA|protein	766d45336d56f5b42f24327e8017dcef111a6d0d9ef09d065ff599ed28c3610e	79	True	False	exact_duplicate
ref_000391	/home/user/wangyuhan/ML-GV02-03/data/raw/t05/gvpa/GvpA_NotPartial.fasta	WXL16392|gvpA|protein	WXL16392|gvpA|protein	766d45336d56f5b42f24327e8017dcef111a6d0d9ef09d065ff599ed28c3610e	79	True	False	exact_duplicate
ref_000424	/home/user/wangyuhan/ML-GV02-03/data/raw/t05/gvpa/GvpA_NotPartial.fasta	WXB97184|gvpA|protein	WXB97184|gvpA|protein	4138c2817c5b6dca65ea4991f26a8a58b0a6d5287da125ce6caec306e7a7834d	93	True	False	exact_duplicate
ref_000426	/home/user/wangyuhan/ML-GV02-03/data/raw/t05/gvpa/GvpA_NotPartial.fasta	WXB96156|gvpA|protein	WXB96156|gvpA|protein	6f2cfd5f0d50c7aee582a35496301ee7cfc650c797f9102a4b8033ef3e64c4fa	87	True	False	exact_duplicate
ref_000391	/home/user/wangyuhan/ML-GV02-03/data/raw/t05/gvpa/GvpA_NotPartial.fasta	WWX76702|gvpA|protein	WWX76702|gvpA|protein	766d45336d56f5b42f24327e8017dcef111a6d0d9ef09d065ff599ed28c3610e	79	True	False	exact_duplicate
ref_000441	/home/user/wangyuhan/ML-GV02-03/data/raw/t05/gvpa/GvpA_NotPartial.fasta	WWW24790|gvpA|protein	WWW24790|gvpA|protein	626bf126ff6a42e860e1c20b32f28779f549346c7554d3694e519c08b6d8a44f	86	True	False	exact_duplicate
ref_000427	/home/user/wangyuhan/ML-GV02-03/data/raw/t05/gvpa/GvpA_NotPartial.fasta	WP_034764902|gvpA|protein	WP_034764902|gvpA|protein	8991e9e4bd357d9288ea6d9ba3cd490a82edbaebd3e9af08dbef6bff864b7842	86	True	False	exact_duplicate
ref_000428	/home/user/wangyuhan/ML-GV02-03/data/raw/t05/gvpa/GvpA_NotPartial.fasta	WP_301862454|gvpA|protein	WP_301862454|gvpA|protein	a4cf355a2019efa6dd79abf348a9cb7991530977cacc4b9050ec4e66250bb49b	86	True	False	exact_duplicate
ref_000441	/home/user/wangyuhan/ML-GV02-03/data/raw/t05/gvpa/GvpA_NotPartial.fasta	WWT03980|gvpA|protein	WWT03980|gvpA|protein	626bf126ff6a42e860e1c20b32f28779f549346c7554d3694e519c08b6d8a44f	86	True	False	exact_duplicate
ref_000443	/home/user/wangyuhan/ML-GV02-03/data/raw/t05/gvpa/GvpA_NotPartial.fasta	WWT03907|gvpA|protein	WWT03907|gvpA|protein	7c1ee34913e269628b618a114cee0c9a5db90412949ae6bff681672ba1b795b8	92	True	False	exact_duplicate
ref_000429	/home/user/wangyuhan/ML-GV02-03/data/raw/t05/gvpa/GvpA_NotPartial.fasta	WP_292781623|gvpA|protein	WP_292781623|gvpA|protein	9d49465af66327a747b8d94fae055fdf4e4ddc64425957ec791010c5514e900e	73	True	False	exact_duplicate
ref_000908	/home/user/wangyuhan/ML-GV02-03/data/raw/t05/gvpa/GvpA_NotPartial.fasta	WWM28407|gvpA|protein	WWM28407|gvpA|protein	4469cb3e6c41fb1309a310573d010aa354b164353318ad7adc1b75671a984659	148	True	True	accepted_unique
ref_000649	/home/user/wangyuhan/ML-GV02-03/data/raw/t05/gvpa/GvpA_NotPartial.fasta	WWD81032|gvpA|protein	WWD81032|gvpA|protein	fb5b09ad142f93c1de5fc94ad9030f80236fefe99428c8796f85f0d9f8a6e680	87	True	False	exact_duplicate
ref_000438	/home/user/wangyuhan/ML-GV02-03/data/raw/t05/gvpa/GvpA_NotPartial.fasta	WWB87736|gvpA|protein	WWB87736|gvpA|protein	21fd512873a52dc47991989d4a44dcc25431d3e22a3b8e5d29da536fa12bac79	92	True	False	exact_duplicate
ref_000441	/home/user/wangyuhan/ML-GV02-03/data/raw/t05/gvpa/GvpA_NotPartial.fasta	WWB87672|gvpA|protein	WWB87672|gvpA|protein	626bf126ff6a42e860e1c20b32f28779f549346c7554d3694e519c08b6d8a44f	86	True	False	exact_duplicate
ref_000838	/home/user/wangyuhan/ML-GV02-03/data/raw/t05/gvpa/GvpA_NotPartial.fasta	WVU07371|gvpA|protein	WVU07371|gvpA|protein	8a83398f0d99493d45ad5413f5bf4c872bbeac83ac2a2ff0f3dae7946cb25e3f	86	True	False	exact_duplicate
ref_000909	/home/user/wangyuhan/ML-GV02-03/data/raw/t05/gvpa/GvpA_NotPartial.fasta	UFR07008|gvpA|protein	UFR07008|gvpA|protein	6df357493495a5fabe065349251c5b9ea37a2aca7c493cb3ea8d229b953f58d5	116	True	True	accepted_unique
ref_000439	/home/user/wangyuhan/ML-GV02-03/data/raw/t05/gvpa/GvpA_NotPartial.fasta	WRU95777|gvpA|protein	WRU95777|gvpA|protein	c5a5f8d3e0297c749df71e201b09661efa435db12251191f1fed09764031bff7	87	True	False	exact_duplicate
ref_000910	/home/user/wangyuhan/ML-GV02-03/data/raw/t05/gvpa/GvpA_NotPartial.fasta	WTI50344|gvpA|protein	WTI50344|gvpA|protein	747d60b2bd9f9baa6cfc25e72c691c86ac561a9e907c34cc5085913170b5fcb5	156	True	True	accepted_unique
ref_000911	/home/user/wangyuhan/ML-GV02-03/data/raw/t05/gvpa/GvpA_NotPartial.fasta	WUD64512|gvpA|protein	WUD64512|gvpA|protein	8a4162d5996844339fefcc7949127c12b1face55cf3ba1afda2a99f8bb5ad3a5	135	True	True	accepted_unique
ref_000912	/home/user/wangyuhan/ML-GV02-03/data/raw/t05/gvpa/GvpA_NotPartial.fasta	WUD30313|gvpA|protein	WUD30313|gvpA|protein	e3ae3cb5783250fb742fb71fd41788066eafe4e9503a858545a216b3b1c140a9	155	True	True	accepted_unique
ref_000913	/home/user/wangyuhan/ML-GV02-03/data/raw/t05/gvpa/GvpA_NotPartial.fasta	WUD04921|gvpA|protein	WUD04921|gvpA|protein	e7351ec1bbef6e8257345b2cbe54472678e3e6bd7882c9b9e714dd56c6ea9995	123	True	True	accepted_unique
ref_000914	/home/user/wangyuhan/ML-GV02-03/data/raw/t05/gvpa/GvpA_NotPartial.fasta	WUC98569|gvpA|protein	WUC98569|gvpA|protein	9c7fbca4e03cd6830bf22f375f47a20a578d93a8f16380964946093df4e4685f	146	True	True	accepted_unique
ref_000915	/home/user/wangyuhan/ML-GV02-03/data/raw/t05/gvpa/GvpA_NotPartial.fasta	WUC45199|gvpA|protein	WUC45199|gvpA|protein	25c3216ed34dec7168270ecda67393933bac22efc6123a279c5b342914bc0b49	122	True	True	accepted_unique
ref_000916	/home/user/wangyuhan/ML-GV02-03/data/raw/t05/gvpa/GvpA_NotPartial.fasta	WUC31711|gvpA|protein	WUC31711|gvpA|protein	a781ed1499476fa04028456993ef07a195b09521cebe488ec92344ff87e2e2d5	151	True	True	accepted_unique
ref_000917	/home/user/wangyuhan/ML-GV02-03/data/raw/t05/gvpa/GvpA_NotPartial.fasta	WUC25209|gvpA|protein	WUC25209|gvpA|protein	58a114a587bf7627f07432177ecd8e91e0cda2a0c5d681f76b1d5fa9b8da58e0	148	True	True	accepted_unique
ref_000917	/home/user/wangyuhan/ML-GV02-03/data/raw/t05/gvpa/GvpA_NotPartial.fasta	WUC17458|gvpA|protein	WUC17458|gvpA|protein	58a114a587bf7627f07432177ecd8e91e0cda2a0c5d681f76b1d5fa9b8da58e0	148	True	False	exact_duplicate
ref_000887	/home/user/wangyuhan/ML-GV02-03/data/raw/t05/gvpa/GvpA_NotPartial.fasta	WUB91979|gvpA|protein	WUB91979|gvpA|protein	219e1145c7c5f874f9d797ec77f60d84bedf5ec098c216185b4d62eb20b62e9e	154	True	False	exact_duplicate
ref_000918	/home/user/wangyuhan/ML-GV02-03/data/raw/t05/gvpa/GvpA_NotPartial.fasta	WUB84097|gvpA|protein	WUB84097|gvpA|protein	8430c66867e7555de5e15b2954a1ef6fecbe33c07883a824ca457f6cecf46e1f	155	True	True	accepted_unique
ref_000919	/home/user/wangyuhan/ML-GV02-03/data/raw/t05/gvpa/GvpA_NotPartial.fasta	WUB21575|gvpA|protein	WUB21575|gvpA|protein	29fc4eacaf44be490badeadbce3c4cd75afe1507fe0e57c73f835b331eeefd20	154	True	True	accepted_unique
ref_000920	/home/user/wangyuhan/ML-GV02-03/data/raw/t05/gvpa/GvpA_NotPartial.fasta	WSD52786|gvpA|protein	WSD52786|gvpA|protein	6bd198e130544a8380c7db1d2cbbf6fb92a84322fdf266b455cc5224aabe209b	158	True	True	accepted_unique
ref_000430	/home/user/wangyuhan/ML-GV02-03/data/raw/t05/gvpa/GvpA_NotPartial.fasta	WP_034265327|gvpA|protein	WP_034265327|gvpA|protein	f34d4928fe982f4cb0ecf452e0985f42ef9f58486a727d3528b2d1cc7a2dba3f	86	True	False	exact_duplicate
ref_000441	/home/user/wangyuhan/ML-GV02-03/data/raw/t05/gvpa/GvpA_NotPartial.fasta	WVE34854|gvpA|protein	WVE34854|gvpA|protein	626bf126ff6a42e860e1c20b32f28779f549346c7554d3694e519c08b6d8a44f	86	True	False	exact_duplicate
ref_000438	/home/user/wangyuhan/ML-GV02-03/data/raw/t05/gvpa/GvpA_NotPartial.fasta	WVE34787|gvpA|protein	WVE34787|gvpA|protein	21fd512873a52dc47991989d4a44dcc25431d3e22a3b8e5d29da536fa12bac79	92	True	False	exact_duplicate
ref_000921	/home/user/wangyuhan/ML-GV02-03/data/raw/t05/gvpa/GvpA_NotPartial.fasta	WSN64185|gvpA|protein	WSN64185|gvpA|protein	be1dac504153ecab385d6451585ae431c1a72f137cf109d97d662157c10dd226	154	True	True	accepted_unique
ref_000922	/home/user/wangyuhan/ML-GV02-03/data/raw/t05/gvpa/GvpA_NotPartial.fasta	WTL67178|gvpA|protein	WTL67178|gvpA|protein	db9f1375949c94632148628b52a2673d4178337edea34be38e594625ed01b535	146	True	True	accepted_unique
ref_000923	/home/user/wangyuhan/ML-GV02-03/data/raw/t05/gvpa/GvpA_NotPartial.fasta	WTL39756|gvpA|protein	WTL39756|gvpA|protein	074f333dec93d43ec001ab5196dc8d9407e32e65e924082593fdfab9b32f9cc2	153	True	True	accepted_unique
ref_000924	/home/user/wangyuhan/ML-GV02-03/data/raw/t05/gvpa/GvpA_NotPartial.fasta	WSN15356|gvpA|protein	WSN15356|gvpA|protein	70cf8e4638ff311302cb5ca8bdaf2b05615557c2718837bce8b58329e68c16b3	157	True	True	accepted_unique
ref_000920	/home/user/wangyuhan/ML-GV02-03/data/raw/t05/gvpa/GvpA_NotPartial.fasta	WSN06565|gvpA|protein	WSN06565|gvpA|protein	6bd198e130544a8380c7db1d2cbbf6fb92a84322fdf266b455cc5224aabe209b	158	True	False	exact_duplicate
ref_000925	/home/user/wangyuhan/ML-GV02-03/data/raw/t05/gvpa/GvpA_NotPartial.fasta	WSM75465|gvpA|protein	WSM75465|gvpA|protein	b94659ce82742aca97494e06ee5b8e6266e7e82db47e8f24a00f5c31cbbee394	122	True	True	accepted_unique
ref_000926	/home/user/wangyuhan/ML-GV02-03/data/raw/t05/gvpa/GvpA_NotPartial.fasta	WSM71952|gvpA|protein	WSM71952|gvpA|protein	14b353a284a92953cad8859d2c3639dfffe6a44ddb83cb47d0781dc1344f0979	122	True	True	accepted_unique
ref_000925	/home/user/wangyuhan/ML-GV02-03/data/raw/t05/gvpa/GvpA_NotPartial.fasta	WSM65379|gvpA|protein	WSM65379|gvpA|protein	b94659ce82742aca97494e06ee5b8e6266e7e82db47e8f24a00f5c31cbbee394	122	True	False	exact_duplicate
ref_000927	/home/user/wangyuhan/ML-GV02-03/data/raw/t05/gvpa/GvpA_NotPartial.fasta	WSM59866|gvpA|protein	WSM59866|gvpA|protein	c6dc835e8a7f5c8d11a73cd38fb6c63240024ac637d49f0f3d542143bc1f9067	154	True	True	accepted_unique
ref_000926	/home/user/wangyuhan/ML-GV02-03/data/raw/t05/gvpa/GvpA_NotPartial.fasta	WSM42869|gvpA|protein	WSM42869|gvpA|protein	14b353a284a92953cad8859d2c3639dfffe6a44ddb83cb47d0781dc1344f0979	122	True	False	exact_duplicate
ref_000924	/home/user/wangyuhan/ML-GV02-03/data/raw/t05/gvpa/GvpA_NotPartial.fasta	WSM30034|gvpA|protein	WSM30034|gvpA|protein	70cf8e4638ff311302cb5ca8bdaf2b05615557c2718837bce8b58329e68c16b3	157	True	False	exact_duplicate
ref_000928	/home/user/wangyuhan/ML-GV02-03/data/raw/t05/gvpa/GvpA_NotPartial.fasta	WSL93748|gvpA|protein	WSL93748|gvpA|protein	a6bd531a054394dd2492a419c048d3b40d087f37d31a5c0bcf08c535c08447d5	158	True	True	accepted_unique
ref_000929	/home/user/wangyuhan/ML-GV02-03/data/raw/t05/gvpa/GvpA_NotPartial.fasta	WSL57044|gvpA|protein	WSL57044|gvpA|protein	b80283670de4d1ac68117d77d77f5ad0da0d86aa1820dfb25d4d15984fb85944	155	True	True	accepted_unique
ref_000908	/home/user/wangyuhan/ML-GV02-03/data/raw/t05/gvpa/GvpA_NotPartial.fasta	WSL31157|gvpA|protein	WSL31157|gvpA|protein	4469cb3e6c41fb1309a310573d010aa354b164353318ad7adc1b75671a984659	148	True	False	exact_duplicate
ref_000920	/home/user/wangyuhan/ML-GV02-03/data/raw/t05/gvpa/GvpA_NotPartial.fasta	WSL02768|gvpA|protein	WSL02768|gvpA|protein	6bd198e130544a8380c7db1d2cbbf6fb92a84322fdf266b455cc5224aabe209b	158	True	False	exact_duplicate
ref_000928	/home/user/wangyuhan/ML-GV02-03/data/raw/t05/gvpa/GvpA_NotPartial.fasta	WSK94127|gvpA|protein	WSK94127|gvpA|protein	a6bd531a054394dd2492a419c048d3b40d087f37d31a5c0bcf08c535c08447d5	158	True	False	exact_duplicate
ref_000928	/home/user/wangyuhan/ML-GV02-03/data/raw/t05/gvpa/GvpA_NotPartial.fasta	WSK56611|gvpA|protein	WSK56611|gvpA|protein	a6bd531a054394dd2492a419c048d3b40d087f37d31a5c0bcf08c535c08447d5	158	True	False	exact_duplicate
ref_000930	/home/user/wangyuhan/ML-GV02-03/data/raw/t05/gvpa/GvpA_NotPartial.fasta	WSL23944|gvpA|protein	WSL23944|gvpA|protein	1c76cf5c7e439b7734854853e38c437e0479f70e74b089089b7b2be4cd0352e6	126	True	True	accepted_unique
ref_000931	/home/user/wangyuhan/ML-GV02-03/data/raw/t05/gvpa/GvpA_NotPartial.fasta	WSL23219|gvpA|protein	WSL23219|gvpA|protein	4b01b5214abfe7d6396a3eb166a64cd0d4023bda7fada08d77ce4076434a441f	153	True	True	accepted_unique
ref_000908	/home/user/wangyuhan/ML-GV02-03/data/raw/t05/gvpa/GvpA_NotPartial.fasta	WSF00008|gvpA|protein	WSF00008|gvpA|protein	4469cb3e6c41fb1309a310573d010aa354b164353318ad7adc1b75671a984659	148	True	False	exact_duplicate
ref_000932	/home/user/wangyuhan/ML-GV02-03/data/raw/t05/gvpa/GvpA_NotPartial.fasta	WSF73295|gvpA|protein	WSF73295|gvpA|protein	d71b202a146af4e5c40e1d8651f7c026298b5e7307054da065294585b1a2834f	157	True	True	accepted_unique
ref_000933	/home/user/wangyuhan/ML-GV02-03/data/raw/t05/gvpa/GvpA_NotPartial.fasta	WUW74399|gvpA|protein	WUW74399|gvpA|protein	f1843d79acb220241dfcc797c35d9cdf333bd84f6a2cdf15949d578320dc0326	154	True	True	accepted_unique
ref_000889	/home/user/wangyuhan/ML-GV02-03/data/raw/t05/gvpa/GvpA_NotPartial.fasta	WUX78382|gvpA|protein	WUX78382|gvpA|protein	93acd62cda39262797de612ea5c4652847758913fa8ff8c766e84ebd13a17f87	160	True	False	exact_duplicate
ref_000934	/home/user/wangyuhan/ML-GV02-03/data/raw/t05/gvpa/GvpA_NotPartial.fasta	WUW94253|gvpA|protein	WUW94253|gvpA|protein	2cbea2021b2dcea14377227fc86daecb49411a1db98dabc2e5d54b9a0e603977	160	True	True	accepted_unique
ref_000921	/home/user/wangyuhan/ML-GV02-03/data/raw/t05/gvpa/GvpA_NotPartial.fasta	WUW77079|gvpA|protein	WUW77079|gvpA|protein	be1dac504153ecab385d6451585ae431c1a72f137cf109d97d662157c10dd226	154	True	False	exact_duplicate
ref_000933	/home/user/wangyuhan/ML-GV02-03/data/raw/t05/gvpa/GvpA_NotPartial.fasta	WUW57915|gvpA|protein	WUW57915|gvpA|protein	f1843d79acb220241dfcc797c35d9cdf333bd84f6a2cdf15949d578320dc0326	154	True	False	exact_duplicate
ref_000935	/home/user/wangyuhan/ML-GV02-03/data/raw/t05/gvpa/GvpA_NotPartial.fasta	WUW66585|gvpA|protein	WUW66585|gvpA|protein	d69494036b1115ae54ae393e4fc3b3c8b3154e29a8cc4f7d49c7bcabdaaca116	156	True	True	accepted_unique
ref_000936	/home/user/wangyuhan/ML-GV02-03/data/raw/t05/gvpa/GvpA_NotPartial.fasta	WUW66212|gvpA|protein	WUW66212|gvpA|protein	48a350d902c4c631f095b6d66737f2825d9eb62b9637b7f9290a69b11513f2c7	154	True	True	accepted_unique
ref_000935	/home/user/wangyuhan/ML-GV02-03/data/raw/t05/gvpa/GvpA_NotPartial.fasta	WUW29278|gvpA|protein	WUW29278|gvpA|protein	d69494036b1115ae54ae393e4fc3b3c8b3154e29a8cc4f7d49c7bcabdaaca116	156	True	False	exact_duplicate
ref_000922	/home/user/wangyuhan/ML-GV02-03/data/raw/t05/gvpa/GvpA_NotPartial.fasta	WUW04593|gvpA|protein	WUW04593|gvpA|protein	db9f1375949c94632148628b52a2673d4178337edea34be38e594625ed01b535	146	True	False	exact_duplicate
ref_000937	/home/user/wangyuhan/ML-GV02-03/data/raw/t05/gvpa/GvpA_NotPartial.fasta	WUV98501|gvpA|protein	WUV98501|gvpA|protein	2051151517b2b27c91df9d9e4e876c70ae9de0ee9e967627c0d14c1f14554329	155	True	True	accepted_unique
ref_000938	/home/user/wangyuhan/ML-GV02-03/data/raw/t05/gvpa/GvpA_NotPartial.fasta	WUV46274|gvpA|protein	WUV46274|gvpA|protein	8d5392221648a605a7c200c6891205f9bc7671101816b410142de5be6593b9ad	134	True	True	accepted_unique
ref_000939	/home/user/wangyuhan/ML-GV02-03/data/raw/t05/gvpa/GvpA_NotPartial.fasta	WUV03576|gvpA|protein	WUV03576|gvpA|protein	6f78ae7dbd3067bdbed82a69a7e6d28493156abb7f90f4bb61a93d7908aad39d	146	True	True	accepted_unique
ref_000940	/home/user/wangyuhan/ML-GV02-03/data/raw/t05/gvpa/GvpA_NotPartial.fasta	WUV01345|gvpA|protein	WUV01345|gvpA|protein	8087f5ca80a883ecf2fdd2bdfb6fcfef49cd21c8132104cd0e31ff6f47bdfadc	141	True	True	accepted_unique
ref_000925	/home/user/wangyuhan/ML-GV02-03/data/raw/t05/gvpa/GvpA_NotPartial.fasta	WUU81210|gvpA|protein	WUU81210|gvpA|protein	b94659ce82742aca97494e06ee5b8e6266e7e82db47e8f24a00f5c31cbbee394	122	True	False	exact_duplicate
ref_000890	/home/user/wangyuhan/ML-GV02-03/data/raw/t05/gvpa/GvpA_NotPartial.fasta	WUU52984|gvpA|protein	WUU52984|gvpA|protein	710430bf63a97b4a270fda7b676a9113069443d72f17e670856046c44a8e6a07	122	True	False	exact_duplicate
ref_000941	/home/user/wangyuhan/ML-GV02-03/data/raw/t05/gvpa/GvpA_NotPartial.fasta	WUU42325|gvpA|protein	WUU42325|gvpA|protein	3997c1e8cae542beb07c015028a096879da4b6d8a654cba6edf95cbe386718b3	156	True	True	accepted_unique
ref_000942	/home/user/wangyuhan/ML-GV02-03/data/raw/t05/gvpa/GvpA_NotPartial.fasta	WUU41922|gvpA|protein	WUU41922|gvpA|protein	67d45ce3d0daa27e3aa3c9478875543a71c41471e413409d150d415759cb9525	156	True	True	accepted_unique
ref_000943	/home/user/wangyuhan/ML-GV02-03/data/raw/t05/gvpa/GvpA_NotPartial.fasta	WUT59625|gvpA|protein	WUT59625|gvpA|protein	c7e8400b87d18c0ef7e0fce724bd3e50a675687052b9b2896b89fa9dc2806374	152	True	True	accepted_unique
ref_000944	/home/user/wangyuhan/ML-GV02-03/data/raw/t05/gvpa/GvpA_NotPartial.fasta	WUS95394|gvpA|protein	WUS95394|gvpA|protein	45b0f1ea69baf732de14489d7621432c589f3147754cf2a724ee76af338459bf	147	True	True	accepted_unique
ref_000945	/home/user/wangyuhan/ML-GV02-03/data/raw/t05/gvpa/GvpA_NotPartial.fasta	WUS27179|gvpA|protein	WUS27179|gvpA|protein	33d8dbb5443a9dadf56dd26ec9768c6243bb1b51920d6d16f721c17ca4f06646	157	True	True	accepted_unique
ref_000946	/home/user/wangyuhan/ML-GV02-03/data/raw/t05/gvpa/GvpA_NotPartial.fasta	WUR70621|gvpA|protein	WUR70621|gvpA|protein	decd9a1d90f169f4eb3e817ca813379a7c29c411d04f58bd92e790ed3101a2db	127	True	True	accepted_unique
ref_000947	/home/user/wangyuhan/ML-GV02-03/data/raw/t05/gvpa/GvpA_NotPartial.fasta	WUR51724|gvpA|protein	WUR51724|gvpA|protein	a0c33ff7daaf9315de4b10552a4238604becbffc46359db22dd9d365e382e11d	145	True	True	accepted_unique
ref_000948	/home/user/wangyuhan/ML-GV02-03/data/raw/t05/gvpa/GvpA_NotPartial.fasta	WTJ02229|gvpA|protein	WTJ02229|gvpA|protein	ff800aecb7c2e95dee995632f38f39f4f8a9337144730532c4a4464e60a684bd	156	True	True	accepted_unique
ref_000949	/home/user/wangyuhan/ML-GV02-03/data/raw/t05/gvpa/GvpA_NotPartial.fasta	WTP83072|gvpA|protein	WTP83072|gvpA|protein	9065be60727dc7f9b38883de26c912c2e67f5ca2230e5b0a4fadad7b5578bff7	148	True	True	accepted_unique
ref_000950	/home/user/wangyuhan/ML-GV02-03/data/raw/t05/gvpa/GvpA_NotPartial.fasta	WTP49231|gvpA|protein	WTP49231|gvpA|protein	cefd53f493008d2ff90c013a3bef3626dafd83b20c3f35464070601743941cab	159	True	True	accepted_unique
ref_000951	/home/user/wangyuhan/ML-GV02-03/data/raw/t05/gvpa/GvpA_NotPartial.fasta	WUQ36349|gvpA|protein	WUQ36349|gvpA|protein	e3077655950eb8305d3cf37e4839e30e88a91376f65493a909adb159a3d26f6b	153	True	True	accepted_unique
ref_000952	/home/user/wangyuhan/ML-GV02-03/data/raw/t05/gvpa/GvpA_NotPartial.fasta	WUQ24581|gvpA|protein	WUQ24581|gvpA|protein	3bac021c5495186db378739542247176693480f30681e1cab53b024b73311da3	150	True	True	accepted_unique
ref_000953	/home/user/wangyuhan/ML-GV02-03/data/raw/t05/gvpa/GvpA_NotPartial.fasta	WUP84382|gvpA|protein	WUP84382|gvpA|protein	d5cf1fda20a7d9852de3ff1cc9f71fe738c0a0ea7a9b9f88376dcdc5aca2492c	137	True	True	accepted_unique
ref_000953	/home/user/wangyuhan/ML-GV02-03/data/raw/t05/gvpa/GvpA_NotPartial.fasta	WUP73825|gvpA|protein	WUP73825|gvpA|protein	d5cf1fda20a7d9852de3ff1cc9f71fe738c0a0ea7a9b9f88376dcdc5aca2492c	137	True	False	exact_duplicate
ref_000954	/home/user/wangyuhan/ML-GV02-03/data/raw/t05/gvpa/GvpA_NotPartial.fasta	WUP38561|gvpA|protein	WUP38561|gvpA|protein	47c6d3995b8146f9e99e8398246c032f09511347b340131ac62fbd578b3785fd	155	True	True	accepted_unique
ref_000921	/home/user/wangyuhan/ML-GV02-03/data/raw/t05/gvpa/GvpA_NotPartial.fasta	WUP04468|gvpA|protein	WUP04468|gvpA|protein	be1dac504153ecab385d6451585ae431c1a72f137cf109d97d662157c10dd226	154	True	False	exact_duplicate
ref_000945	/home/user/wangyuhan/ML-GV02-03/data/raw/t05/gvpa/GvpA_NotPartial.fasta	WUO78520|gvpA|protein	WUO78520|gvpA|protein	33d8dbb5443a9dadf56dd26ec9768c6243bb1b51920d6d16f721c17ca4f06646	157	True	False	exact_duplicate
ref_000955	/home/user/wangyuhan/ML-GV02-03/data/raw/t05/gvpa/GvpA_NotPartial.fasta	WUO67544|gvpA|protein	WUO67544|gvpA|protein	51872cd8b900b7db59b4cb4c59f81cffbdf3d79cd890be22619e7a1259ad8788	153	True	True	accepted_unique
ref_000956	/home/user/wangyuhan/ML-GV02-03/data/raw/t05/gvpa/GvpA_NotPartial.fasta	WUN95856|gvpA|protein	WUN95856|gvpA|protein	9c754b1740d1977b7a29f9164e475cadaf302bb79ba19fbee1471c103818a6b9	155	True	True	accepted_unique
ref_000957	/home/user/wangyuhan/ML-GV02-03/data/raw/t05/gvpa/GvpA_NotPartial.fasta	WUO29378|gvpA|protein	WUO29378|gvpA|protein	7794e8f04dda3151b8bb10de1f5bc421fb133be5fb9d7ce8c7a95a2282d7dba7	132	True	True	accepted_unique
ref_000945	/home/user/wangyuhan/ML-GV02-03/data/raw/t05/gvpa/GvpA_NotPartial.fasta	WUN42592|gvpA|protein	WUN42592|gvpA|protein	33d8dbb5443a9dadf56dd26ec9768c6243bb1b51920d6d16f721c17ca4f06646	157	True	False	exact_duplicate
ref_000958	/home/user/wangyuhan/ML-GV02-03/data/raw/t05/gvpa/GvpA_NotPartial.fasta	WUM80544|gvpA|protein	WUM80544|gvpA|protein	0eb236c2a0a999a958fc0e5ac90d917c24af942e904da8a6c29f20ec71e7cf1f	156	True	True	accepted_unique
ref_000959	/home/user/wangyuhan/ML-GV02-03/data/raw/t05/gvpa/GvpA_NotPartial.fasta	WUL89703|gvpA|protein	WUL89703|gvpA|protein	82ecae19af2538b973dae24801b116255741710c5edd54639b5b46a6e9ef5bf8	157	True	True	accepted_unique
ref_000960	/home/user/wangyuhan/ML-GV02-03/data/raw/t05/gvpa/GvpA_NotPartial.fasta	WUM89467|gvpA|protein	WUM89467|gvpA|protein	1ad342624de277274295e25b19454e7e002ebe481aa77170aa45cf3390414015	145	True	True	accepted_unique
ref_000912	/home/user/wangyuhan/ML-GV02-03/data/raw/t05/gvpa/GvpA_NotPartial.fasta	WUK60174|gvpA|protein	WUK60174|gvpA|protein	e3ae3cb5783250fb742fb71fd41788066eafe4e9503a858545a216b3b1c140a9	155	True	False	exact_duplicate
ref_000961	/home/user/wangyuhan/ML-GV02-03/data/raw/t05/gvpa/GvpA_NotPartial.fasta	WUK43022|gvpA|protein	WUK43022|gvpA|protein	1f2decc9d9629b127278278a79c2631cfe1372e33fb9f7fa3062c90a64d8e731	158	True	True	accepted_unique
ref_000962	/home/user/wangyuhan/ML-GV02-03/data/raw/t05/gvpa/GvpA_NotPartial.fasta	WUL61904|gvpA|protein	WUL61904|gvpA|protein	101346775bd8fc719b54979e083bfbf7f14d0836e1721babe826a6889b637cab	150	True	True	accepted_unique
ref_000921	/home/user/wangyuhan/ML-GV02-03/data/raw/t05/gvpa/GvpA_NotPartial.fasta	WUK19742|gvpA|protein	WUK19742|gvpA|protein	be1dac504153ecab385d6451585ae431c1a72f137cf109d97d662157c10dd226	154	True	False	exact_duplicate
ref_000963	/home/user/wangyuhan/ML-GV02-03/data/raw/t05/gvpa/GvpA_NotPartial.fasta	WUJ34042|gvpA|protein	WUJ34042|gvpA|protein	d53262c07427087628bb5a498703d5d97e379e19f0caa81d058eaa98a59eb751	155	True	True	accepted_unique
ref_000910	/home/user/wangyuhan/ML-GV02-03/data/raw/t05/gvpa/GvpA_NotPartial.fasta	WUJ94469|gvpA|protein	WUJ94469|gvpA|protein	747d60b2bd9f9baa6cfc25e72c691c86ac561a9e907c34cc5085913170b5fcb5	156	True	False	exact_duplicate
ref_000964	/home/user/wangyuhan/ML-GV02-03/data/raw/t05/gvpa/GvpA_NotPartial.fasta	WUJ29488|gvpA|protein	WUJ29488|gvpA|protein	05faae01597311327997dcaa18a986a0dcf6a39f96c69beb335d17057b021d9c	155	True	True	accepted_unique
ref_000965	/home/user/wangyuhan/ML-GV02-03/data/raw/t05/gvpa/GvpA_NotPartial.fasta	WUI78559|gvpA|protein	WUI78559|gvpA|protein	210e9a5f9b72676b9ce0414231b8690a99fbf64edbe8fd9feb7357e5592b915a	157	True	True	accepted_unique
ref_000966	/home/user/wangyuhan/ML-GV02-03/data/raw/t05/gvpa/GvpA_NotPartial.fasta	WUI34122|gvpA|protein	WUI34122|gvpA|protein	6ee0ebbf185af1c7d3460764754f389d48c1ea9ffab11a5e7f9dcc9084296705	135	True	True	accepted_unique
ref_000967	/home/user/wangyuhan/ML-GV02-03/data/raw/t05/gvpa/GvpA_NotPartial.fasta	WUI59959|gvpA|protein	WUI59959|gvpA|protein	590810062f74320247112de18b1b054199c09acb0416ccbb72064c8396b53982	127	True	True	accepted_unique
ref_000968	/home/user/wangyuhan/ML-GV02-03/data/raw/t05/gvpa/GvpA_NotPartial.fasta	WUI03290|gvpA|protein	WUI03290|gvpA|protein	23547210dabe68635401f54a1ee5a50da369729b6cafd8b9d3e564ccac2102c1	144	True	True	accepted_unique
ref_000969	/home/user/wangyuhan/ML-GV02-03/data/raw/t05/gvpa/GvpA_NotPartial.fasta	WUH67075|gvpA|protein	WUH67075|gvpA|protein	6d257d8cbeb3f3af448a4055c1cecbeae018a2b575e09fa0c35fc7d6c4bef6ea	150	True	True	accepted_unique
ref_000970	/home/user/wangyuhan/ML-GV02-03/data/raw/t05/gvpa/GvpA_NotPartial.fasta	WUH21957|gvpA|protein	WUH21957|gvpA|protein	8bb53690eb425655a7a8581aa9f1493c9d1b50a02600bf6c4ae87360feca6763	145	True	True	accepted_unique
ref_000946	/home/user/wangyuhan/ML-GV02-03/data/raw/t05/gvpa/GvpA_NotPartial.fasta	WUG99534|gvpA|protein	WUG99534|gvpA|protein	decd9a1d90f169f4eb3e817ca813379a7c29c411d04f58bd92e790ed3101a2db	127	True	False	exact_duplicate
ref_000971	/home/user/wangyuhan/ML-GV02-03/data/raw/t05/gvpa/GvpA_NotPartial.fasta	WUH06990|gvpA|protein	WUH06990|gvpA|protein	dc852bef97bb5a3f37ffa9f8e40973a12e4a38d9483604158ac99e3656965e82	128	True	True	accepted_unique
ref_000972	/home/user/wangyuhan/ML-GV02-03/data/raw/t05/gvpa/GvpA_NotPartial.fasta	WUG79270|gvpA|protein	WUG79270|gvpA|protein	75b688dadffb1bcbff68a46ea43ce8e18f78ec796777e2f5f661ce6397e2051e	152	True	True	accepted_unique
ref_000912	/home/user/wangyuhan/ML-GV02-03/data/raw/t05/gvpa/GvpA_NotPartial.fasta	WUF33684|gvpA|protein	WUF33684|gvpA|protein	e3ae3cb5783250fb742fb71fd41788066eafe4e9503a858545a216b3b1c140a9	155	True	False	exact_duplicate
ref_000973	/home/user/wangyuhan/ML-GV02-03/data/raw/t05/gvpa/GvpA_NotPartial.fasta	WUF59764|gvpA|protein	WUF59764|gvpA|protein	31ec72d1a2119ce61d3ab1c9e881b91ab153f970f83c6bec9c667d411415707c	157	True	True	accepted_unique
ref_000974	/home/user/wangyuhan/ML-GV02-03/data/raw/t05/gvpa/GvpA_NotPartial.fasta	WUF51925|gvpA|protein	WUF51925|gvpA|protein	fd6df642808b7adaae7d2540069b145a548b9730b610a70e72cead707ae5250d	156	True	True	accepted_unique
ref_000972	/home/user/wangyuhan/ML-GV02-03/data/raw/t05/gvpa/GvpA_NotPartial.fasta	WUG09283|gvpA|protein	WUG09283|gvpA|protein	75b688dadffb1bcbff68a46ea43ce8e18f78ec796777e2f5f661ce6397e2051e	152	True	False	exact_duplicate
ref_000912	/home/user/wangyuhan/ML-GV02-03/data/raw/t05/gvpa/GvpA_NotPartial.fasta	WUE61046|gvpA|protein	WUE61046|gvpA|protein	e3ae3cb5783250fb742fb71fd41788066eafe4e9503a858545a216b3b1c140a9	155	True	False	exact_duplicate
ref_000912	/home/user/wangyuhan/ML-GV02-03/data/raw/t05/gvpa/GvpA_NotPartial.fasta	WUE49684|gvpA|protein	WUE49684|gvpA|protein	e3ae3cb5783250fb742fb71fd41788066eafe4e9503a858545a216b3b1c140a9	155	True	False	exact_duplicate
ref_000975	/home/user/wangyuhan/ML-GV02-03/data/raw/t05/gvpa/GvpA_NotPartial.fasta	WUD77707|gvpA|protein	WUD77707|gvpA|protein	99a07129f51bd6011cb725171cefbc986a3caf35811b44b743a073ab4d7c0fd9	159	True	True	accepted_unique
ref_000912	/home/user/wangyuhan/ML-GV02-03/data/raw/t05/gvpa/GvpA_NotPartial.fasta	WUD46820|gvpA|protein	WUD46820|gvpA|protein	e3ae3cb5783250fb742fb71fd41788066eafe4e9503a858545a216b3b1c140a9	155	True	False	exact_duplicate
ref_000910	/home/user/wangyuhan/ML-GV02-03/data/raw/t05/gvpa/GvpA_NotPartial.fasta	WUB08205|gvpA|protein	WUB08205|gvpA|protein	747d60b2bd9f9baa6cfc25e72c691c86ac561a9e907c34cc5085913170b5fcb5	156	True	False	exact_duplicate
ref_000928	/home/user/wangyuhan/ML-GV02-03/data/raw/t05/gvpa/GvpA_NotPartial.fasta	WUA02798|gvpA|protein	WUA02798|gvpA|protein	a6bd531a054394dd2492a419c048d3b40d087f37d31a5c0bcf08c535c08447d5	158	True	False	exact_duplicate
ref_000921	/home/user/wangyuhan/ML-GV02-03/data/raw/t05/gvpa/GvpA_NotPartial.fasta	WTZ76905|gvpA|protein	WTZ76905|gvpA|protein	be1dac504153ecab385d6451585ae431c1a72f137cf109d97d662157c10dd226	154	True	False	exact_duplicate
ref_000958	/home/user/wangyuhan/ML-GV02-03/data/raw/t05/gvpa/GvpA_NotPartial.fasta	WTZ13426|gvpA|protein	WTZ13426|gvpA|protein	0eb236c2a0a999a958fc0e5ac90d917c24af942e904da8a6c29f20ec71e7cf1f	156	True	False	exact_duplicate
ref_000976	/home/user/wangyuhan/ML-GV02-03/data/raw/t05/gvpa/GvpA_NotPartial.fasta	WTZ12838|gvpA|protein	WTZ12838|gvpA|protein	f5d47642f8821cca8f9ae6329a4214c7befc7fa09fd18d127a835b12ef107cce	156	True	True	accepted_unique
ref_000977	/home/user/wangyuhan/ML-GV02-03/data/raw/t05/gvpa/GvpA_NotPartial.fasta	WTY90603|gvpA|protein	WTY90603|gvpA|protein	febdf633d7175529519f49c0e06e9a78cd0208d79bbc9db4ccd1a51ed35484f7	135	True	True	accepted_unique
ref_000978	/home/user/wangyuhan/ML-GV02-03/data/raw/t05/gvpa/GvpA_NotPartial.fasta	WTY93595|gvpA|protein	WTY93595|gvpA|protein	743941db45842ba9edb73e1b0810f920339cae9ddc4932b61e784ff275701b5d	151	True	True	accepted_unique
ref_000979	/home/user/wangyuhan/ML-GV02-03/data/raw/t05/gvpa/GvpA_NotPartial.fasta	WTZ26275|gvpA|protein	WTZ26275|gvpA|protein	03e37b9ff61818fe868fd2fa2739eb624fad58d0502f6696d13ecdcc5f039a9f	137	True	True	accepted_unique
ref_000969	/home/user/wangyuhan/ML-GV02-03/data/raw/t05/gvpa/GvpA_NotPartial.fasta	WTY56775|gvpA|protein	WTY56775|gvpA|protein	6d257d8cbeb3f3af448a4055c1cecbeae018a2b575e09fa0c35fc7d6c4bef6ea	150	True	False	exact_duplicate
ref_000980	/home/user/wangyuhan/ML-GV02-03/data/raw/t05/gvpa/GvpA_NotPartial.fasta	WTX75655|gvpA|protein	WTX75655|gvpA|protein	fb2578ea0ecaed2ea0af684106804e701bda55c6acad0db623d791b8fbbb5933	157	True	True	accepted_unique
ref_000981	/home/user/wangyuhan/ML-GV02-03/data/raw/t05/gvpa/GvpA_NotPartial.fasta	WTY68224|gvpA|protein	WTY68224|gvpA|protein	3ca681349695f8ed3ee4fa27e1fd62ed4b5b8e25e90cd6008c6b3a078ec85bc9	145	True	True	accepted_unique
ref_000982	/home/user/wangyuhan/ML-GV02-03/data/raw/t05/gvpa/GvpA_NotPartial.fasta	WTX77504|gvpA|protein	WTX77504|gvpA|protein	ae1ae553d673be7a537f7df1b7fdc086f9c3132ced6a0e0e96c315e46a084408	157	True	True	accepted_unique
ref_000887	/home/user/wangyuhan/ML-GV02-03/data/raw/t05/gvpa/GvpA_NotPartial.fasta	WTX46120|gvpA|protein	WTX46120|gvpA|protein	219e1145c7c5f874f9d797ec77f60d84bedf5ec098c216185b4d62eb20b62e9e	154	True	False	exact_duplicate
ref_000983	/home/user/wangyuhan/ML-GV02-03/data/raw/t05/gvpa/GvpA_NotPartial.fasta	WTW32478|gvpA|protein	WTW32478|gvpA|protein	a85f488e5f68b0445ad1f413cec34a9c5dac3c9118c0fa60cddc31f649b7e87e	127	True	True	accepted_unique
ref_000908	/home/user/wangyuhan/ML-GV02-03/data/raw/t05/gvpa/GvpA_NotPartial.fasta	WTV27114|gvpA|protein	WTV27114|gvpA|protein	4469cb3e6c41fb1309a310573d010aa354b164353318ad7adc1b75671a984659	148	True	False	exact_duplicate
ref_000955	/home/user/wangyuhan/ML-GV02-03/data/raw/t05/gvpa/GvpA_NotPartial.fasta	WTV19198|gvpA|protein	WTV19198|gvpA|protein	51872cd8b900b7db59b4cb4c59f81cffbdf3d79cd890be22619e7a1259ad8788	153	True	False	exact_duplicate
ref_000984	/home/user/wangyuhan/ML-GV02-03/data/raw/t05/gvpa/GvpA_NotPartial.fasta	WTU70147|gvpA|protein	WTU70147|gvpA|protein	0f78d7acac5b21f9e204318d5e9a7dcfc8dd5bcc29241026ebf99a8afac8650d	154	True	True	accepted_unique
ref_000985	/home/user/wangyuhan/ML-GV02-03/data/raw/t05/gvpa/GvpA_NotPartial.fasta	WTT65212|gvpA|protein	WTT65212|gvpA|protein	d3c36edb3c6b427867e3c1f514fa3cf54cd130518a1bc76b3e7ea8febd916a65	158	True	True	accepted_unique
ref_000887	/home/user/wangyuhan/ML-GV02-03/data/raw/t05/gvpa/GvpA_NotPartial.fasta	WTT56754|gvpA|protein	WTT56754|gvpA|protein	219e1145c7c5f874f9d797ec77f60d84bedf5ec098c216185b4d62eb20b62e9e	154	True	False	exact_duplicate
ref_000908	/home/user/wangyuhan/ML-GV02-03/data/raw/t05/gvpa/GvpA_NotPartial.fasta	WTT49445|gvpA|protein	WTT49445|gvpA|protein	4469cb3e6c41fb1309a310573d010aa354b164353318ad7adc1b75671a984659	148	True	False	exact_duplicate
ref_000955	/home/user/wangyuhan/ML-GV02-03/data/raw/t05/gvpa/GvpA_NotPartial.fasta	WTT47812|gvpA|protein	WTT47812|gvpA|protein	51872cd8b900b7db59b4cb4c59f81cffbdf3d79cd890be22619e7a1259ad8788	153	True	False	exact_duplicate
ref_000887	/home/user/wangyuhan/ML-GV02-03/data/raw/t05/gvpa/GvpA_NotPartial.fasta	WTS38138|gvpA|protein	WTS38138|gvpA|protein	219e1145c7c5f874f9d797ec77f60d84bedf5ec098c216185b4d62eb20b62e9e	154	True	False	exact_duplicate
ref_000986	/home/user/wangyuhan/ML-GV02-03/data/raw/t05/gvpa/GvpA_NotPartial.fasta	WTT04611|gvpA|protein	WTT04611|gvpA|protein	3dee88ac2224aeef66c62dd0dc079a58305bb2c1d9e90cabb1c042aece5bca88	157	True	True	accepted_unique
ref_000955	/home/user/wangyuhan/ML-GV02-03/data/raw/t05/gvpa/GvpA_NotPartial.fasta	WTT12987|gvpA|protein	WTT12987|gvpA|protein	51872cd8b900b7db59b4cb4c59f81cffbdf3d79cd890be22619e7a1259ad8788	153	True	False	exact_duplicate
ref_000921	/home/user/wangyuhan/ML-GV02-03/data/raw/t05/gvpa/GvpA_NotPartial.fasta	WTS07011|gvpA|protein	WTS07011|gvpA|protein	be1dac504153ecab385d6451585ae431c1a72f137cf109d97d662157c10dd226	154	True	False	exact_duplicate
ref_000887	/home/user/wangyuhan/ML-GV02-03/data/raw/t05/gvpa/GvpA_NotPartial.fasta	WTR84878|gvpA|protein	WTR84878|gvpA|protein	219e1145c7c5f874f9d797ec77f60d84bedf5ec098c216185b4d62eb20b62e9e	154	True	False	exact_duplicate
ref_000887	/home/user/wangyuhan/ML-GV02-03/data/raw/t05/gvpa/GvpA_NotPartial.fasta	WTR45138|gvpA|protein	WTR45138|gvpA|protein	219e1145c7c5f874f9d797ec77f60d84bedf5ec098c216185b4d62eb20b62e9e	154	True	False	exact_duplicate
ref_000955	/home/user/wangyuhan/ML-GV02-03/data/raw/t05/gvpa/GvpA_NotPartial.fasta	WTR74748|gvpA|protein	WTR74748|gvpA|protein	51872cd8b900b7db59b4cb4c59f81cffbdf3d79cd890be22619e7a1259ad8788	153	True	False	exact_duplicate
ref_000969	/home/user/wangyuhan/ML-GV02-03/data/raw/t05/gvpa/GvpA_NotPartial.fasta	WTR09837|gvpA|protein	WTR09837|gvpA|protein	6d257d8cbeb3f3af448a4055c1cecbeae018a2b575e09fa0c35fc7d6c4bef6ea	150	True	False	exact_duplicate
ref_000987	/home/user/wangyuhan/ML-GV02-03/data/raw/t05/gvpa/GvpA_NotPartial.fasta	WTQ70312|gvpA|protein	WTQ70312|gvpA|protein	13f51706d5d2df8544bb29487d725da127af320464ee7d483f2a2e2e71809728	148	True	True	accepted_unique
ref_000988	/home/user/wangyuhan/ML-GV02-03/data/raw/t05/gvpa/GvpA_NotPartial.fasta	WTQ37371|gvpA|protein	WTQ37371|gvpA|protein	e3bf29001a743e3b64f9658118850b01ee4b7e48a2ec05c9bd0f6c62dcbbd652	158	True	True	accepted_unique
ref_000989	/home/user/wangyuhan/ML-GV02-03/data/raw/t05/gvpa/GvpA_NotPartial.fasta	WTO50092|gvpA|protein	WTO50092|gvpA|protein	f7d9d7742f0844e679ecf4dff72420dd25def443ad8a737939309d3f808b5be7	148	True	True	accepted_unique
ref_000889	/home/user/wangyuhan/ML-GV02-03/data/raw/t05/gvpa/GvpA_NotPartial.fasta	WTO97362|gvpA|protein	WTO97362|gvpA|protein	93acd62cda39262797de612ea5c4652847758913fa8ff8c766e84ebd13a17f87	160	True	False	exact_duplicate
ref_000908	/home/user/wangyuhan/ML-GV02-03/data/raw/t05/gvpa/GvpA_NotPartial.fasta	WTP69884|gvpA|protein	WTP69884|gvpA|protein	4469cb3e6c41fb1309a310573d010aa354b164353318ad7adc1b75671a984659	148	True	False	exact_duplicate
ref_000990	/home/user/wangyuhan/ML-GV02-03/data/raw/t05/gvpa/GvpA_NotPartial.fasta	WTP18404|gvpA|protein	WTP18404|gvpA|protein	cf2b86e8ceab5f9ee1d8566657bc7370868854cbb61f0689dd36c37d3cb9bd8c	145	True	True	accepted_unique
ref_000953	/home/user/wangyuhan/ML-GV02-03/data/raw/t05/gvpa/GvpA_NotPartial.fasta	WTP08398|gvpA|protein	WTP08398|gvpA|protein	d5cf1fda20a7d9852de3ff1cc9f71fe738c0a0ea7a9b9f88376dcdc5aca2492c	137	True	False	exact_duplicate
ref_000974	/home/user/wangyuhan/ML-GV02-03/data/raw/t05/gvpa/GvpA_NotPartial.fasta	WTN63753|gvpA|protein	WTN63753|gvpA|protein	fd6df642808b7adaae7d2540069b145a548b9730b610a70e72cead707ae5250d	156	True	False	exact_duplicate
ref_000991	/home/user/wangyuhan/ML-GV02-03/data/raw/t05/gvpa/GvpA_NotPartial.fasta	WTK92545|gvpA|protein	WTK92545|gvpA|protein	8d21dd360b13b6dfcbe269ec051e3be043079ebcc0ea6a19f206625b070acbdb	153	True	True	accepted_unique
ref_000991	/home/user/wangyuhan/ML-GV02-03/data/raw/t05/gvpa/GvpA_NotPartial.fasta	WTK76825|gvpA|protein	WTK76825|gvpA|protein	8d21dd360b13b6dfcbe269ec051e3be043079ebcc0ea6a19f206625b070acbdb	153	True	False	exact_duplicate
ref_000984	/home/user/wangyuhan/ML-GV02-03/data/raw/t05/gvpa/GvpA_NotPartial.fasta	WTK32749|gvpA|protein	WTK32749|gvpA|protein	0f78d7acac5b21f9e204318d5e9a7dcfc8dd5bcc29241026ebf99a8afac8650d	154	True	False	exact_duplicate
ref_000992	/home/user/wangyuhan/ML-GV02-03/data/raw/t05/gvpa/GvpA_NotPartial.fasta	WTJ87519|gvpA|protein	WTJ87519|gvpA|protein	492e347eb26b4c87a4d19d5443666652b1ed572308e4f655a1c21f39e0d3395d	156	True	True	accepted_unique
ref_000993	/home/user/wangyuhan/ML-GV02-03/data/raw/t05/gvpa/GvpA_NotPartial.fasta	WTK48656|gvpA|protein	WTK48656|gvpA|protein	2b65cf1e277ab50a0dfea72e404907a62cb4cb8f7818dc85a8e98caf94170131	151	True	True	accepted_unique
ref_000889	/home/user/wangyuhan/ML-GV02-03/data/raw/t05/gvpa/GvpA_NotPartial.fasta	WTJ10094|gvpA|protein	WTJ10094|gvpA|protein	93acd62cda39262797de612ea5c4652847758913fa8ff8c766e84ebd13a17f87	160	True	False	exact_duplicate
ref_000908	/home/user/wangyuhan/ML-GV02-03/data/raw/t05/gvpa/GvpA_NotPartial.fasta	WTH28259|gvpA|protein	WTH28259|gvpA|protein	4469cb3e6c41fb1309a310573d010aa354b164353318ad7adc1b75671a984659	148	True	False	exact_duplicate
ref_000917	/home/user/wangyuhan/ML-GV02-03/data/raw/t05/gvpa/GvpA_NotPartial.fasta	WTH12635|gvpA|protein	WTH12635|gvpA|protein	58a114a587bf7627f07432177ecd8e91e0cda2a0c5d681f76b1d5fa9b8da58e0	148	True	False	exact_duplicate
ref_000917	/home/user/wangyuhan/ML-GV02-03/data/raw/t05/gvpa/GvpA_NotPartial.fasta	WTH04850|gvpA|protein	WTH04850|gvpA|protein	58a114a587bf7627f07432177ecd8e91e0cda2a0c5d681f76b1d5fa9b8da58e0	148	True	False	exact_duplicate
ref_000908	/home/user/wangyuhan/ML-GV02-03/data/raw/t05/gvpa/GvpA_NotPartial.fasta	WTG71017|gvpA|protein	WTG71017|gvpA|protein	4469cb3e6c41fb1309a310573d010aa354b164353318ad7adc1b75671a984659	148	True	False	exact_duplicate
ref_000994	/home/user/wangyuhan/ML-GV02-03/data/raw/t05/gvpa/GvpA_NotPartial.fasta	WTG11908|gvpA|protein	WTG11908|gvpA|protein	4b12dfb542826f087a7ecd3b9c3b833a2761d2ddf162c7e8d476a5dbe1e5f392	149	True	True	accepted_unique
ref_000932	/home/user/wangyuhan/ML-GV02-03/data/raw/t05/gvpa/GvpA_NotPartial.fasta	WTG16042|gvpA|protein	WTG16042|gvpA|protein	d71b202a146af4e5c40e1d8651f7c026298b5e7307054da065294585b1a2834f	157	True	False	exact_duplicate
ref_000932	/home/user/wangyuhan/ML-GV02-03/data/raw/t05/gvpa/GvpA_NotPartial.fasta	WTG30012|gvpA|protein	WTG30012|gvpA|protein	d71b202a146af4e5c40e1d8651f7c026298b5e7307054da065294585b1a2834f	157	True	False	exact_duplicate
ref_000995	/home/user/wangyuhan/ML-GV02-03/data/raw/t05/gvpa/GvpA_NotPartial.fasta	WTF79703|gvpA|protein	WTF79703|gvpA|protein	9cc118c4f8ae073496526bb19cc0b413e6f8a4461723c3bab78cd85b399b8602	149	True	True	accepted_unique
ref_000996	/home/user/wangyuhan/ML-GV02-03/data/raw/t05/gvpa/GvpA_NotPartial.fasta	WTE65329|gvpA|protein	WTE65329|gvpA|protein	c851ec622696a1a12ee9bdee37f539e41bfcfd2da320b5c14bf13bbb4feb8d9c	149	True	True	accepted_unique
ref_000996	/home/user/wangyuhan/ML-GV02-03/data/raw/t05/gvpa/GvpA_NotPartial.fasta	WTE64827|gvpA|protein	WTE64827|gvpA|protein	c851ec622696a1a12ee9bdee37f539e41bfcfd2da320b5c14bf13bbb4feb8d9c	149	True	False	exact_duplicate
ref_000915	/home/user/wangyuhan/ML-GV02-03/data/raw/t05/gvpa/GvpA_NotPartial.fasta	WTF23192|gvpA|protein	WTF23192|gvpA|protein	25c3216ed34dec7168270ecda67393933bac22efc6123a279c5b342914bc0b49	122	True	False	exact_duplicate
ref_000997	/home/user/wangyuhan/ML-GV02-03/data/raw/t05/gvpa/GvpA_NotPartial.fasta	WTE56683|gvpA|protein	WTE56683|gvpA|protein	db21d598502068c3fa2fae4cedc8aacd5f1848eac6f415f495a3962354aff288	149	True	True	accepted_unique
ref_000998	/home/user/wangyuhan/ML-GV02-03/data/raw/t05/gvpa/GvpA_NotPartial.fasta	WTD53381|gvpA|protein	WTD53381|gvpA|protein	e9cfe4a312dd51479edbfb3b4f6b86ef838ea81c4f8833be2739e554106767d5	139	True	True	accepted_unique
ref_000999	/home/user/wangyuhan/ML-GV02-03/data/raw/t05/gvpa/GvpA_NotPartial.fasta	WTD74887|gvpA|protein	WTD74887|gvpA|protein	4b3cb9501939449bf9be23813d969b79c18281ea8363a4cbe40d0dfd3828e677	152	True	True	accepted_unique
ref_001000	/home/user/wangyuhan/ML-GV02-03/data/raw/t05/gvpa/GvpA_NotPartial.fasta	WTD69457|gvpA|protein	WTD69457|gvpA|protein	82d1db25aa951a1ad609e3a872c1bdb29c7e21be28b1f7c62674683a96fbfd40	159	True	True	accepted_unique
ref_000928	/home/user/wangyuhan/ML-GV02-03/data/raw/t05/gvpa/GvpA_NotPartial.fasta	WTD99071|gvpA|protein	WTD99071|gvpA|protein	a6bd531a054394dd2492a419c048d3b40d087f37d31a5c0bcf08c535c08447d5	158	True	False	exact_duplicate
ref_000928	/home/user/wangyuhan/ML-GV02-03/data/raw/t05/gvpa/GvpA_NotPartial.fasta	WTD44116|gvpA|protein	WTD44116|gvpA|protein	a6bd531a054394dd2492a419c048d3b40d087f37d31a5c0bcf08c535c08447d5	158	True	False	exact_duplicate
ref_000928	/home/user/wangyuhan/ML-GV02-03/data/raw/t05/gvpa/GvpA_NotPartial.fasta	WTD81615|gvpA|protein	WTD81615|gvpA|protein	a6bd531a054394dd2492a419c048d3b40d087f37d31a5c0bcf08c535c08447d5	158	True	False	exact_duplicate
ref_001001	/home/user/wangyuhan/ML-GV02-03/data/raw/t05/gvpa/GvpA_NotPartial.fasta	WTD02610|gvpA|protein	WTD02610|gvpA|protein	61b16b326fc735ccf093a59bcdc5b98d8833ec28fe92238779bfe86bb76a14cc	155	True	True	accepted_unique
ref_001000	/home/user/wangyuhan/ML-GV02-03/data/raw/t05/gvpa/GvpA_NotPartial.fasta	WTC87919|gvpA|protein	WTC87919|gvpA|protein	82d1db25aa951a1ad609e3a872c1bdb29c7e21be28b1f7c62674683a96fbfd40	159	True	False	exact_duplicate
ref_000925	/home/user/wangyuhan/ML-GV02-03/data/raw/t05/gvpa/GvpA_NotPartial.fasta	WTC55284|gvpA|protein	WTC55284|gvpA|protein	b94659ce82742aca97494e06ee5b8e6266e7e82db47e8f24a00f5c31cbbee394	122	True	False	exact_duplicate
ref_001002	/home/user/wangyuhan/ML-GV02-03/data/raw/t05/gvpa/GvpA_NotPartial.fasta	WTD20195|gvpA|protein	WTD20195|gvpA|protein	dbbc85b2e6d8fc6f3682ed28d3bb4d943032c767f908a24caf77a87e4685ae6c	154	True	True	accepted_unique
ref_000928	/home/user/wangyuhan/ML-GV02-03/data/raw/t05/gvpa/GvpA_NotPartial.fasta	WTC41462|gvpA|protein	WTC41462|gvpA|protein	a6bd531a054394dd2492a419c048d3b40d087f37d31a5c0bcf08c535c08447d5	158	True	False	exact_duplicate
ref_000890	/home/user/wangyuhan/ML-GV02-03/data/raw/t05/gvpa/GvpA_NotPartial.fasta	WTC22426|gvpA|protein	WTC22426|gvpA|protein	710430bf63a97b4a270fda7b676a9113069443d72f17e670856046c44a8e6a07	122	True	False	exact_duplicate
ref_000928	/home/user/wangyuhan/ML-GV02-03/data/raw/t05/gvpa/GvpA_NotPartial.fasta	WTC38042|gvpA|protein	WTC38042|gvpA|protein	a6bd531a054394dd2492a419c048d3b40d087f37d31a5c0bcf08c535c08447d5	158	True	False	exact_duplicate
ref_000928	/home/user/wangyuhan/ML-GV02-03/data/raw/t05/gvpa/GvpA_NotPartial.fasta	WTC31931|gvpA|protein	WTC31931|gvpA|protein	a6bd531a054394dd2492a419c048d3b40d087f37d31a5c0bcf08c535c08447d5	158	True	False	exact_duplicate
ref_001003	/home/user/wangyuhan/ML-GV02-03/data/raw/t05/gvpa/GvpA_NotPartial.fasta	WTB03865|gvpA|protein	WTB03865|gvpA|protein	754029d7fdddcf0dda8b015b10b770c0008b645dbb85625039485f8277785d13	147	True	True	accepted_unique
ref_001004	/home/user/wangyuhan/ML-GV02-03/data/raw/t05/gvpa/GvpA_NotPartial.fasta	WTB14440|gvpA|protein	WTB14440|gvpA|protein	11cdda0e14dc63f88e3551b77278849f4ceab2fcac8f21cd7207c50273749519	149	True	True	accepted_unique
ref_000925	/home/user/wangyuhan/ML-GV02-03/data/raw/t05/gvpa/GvpA_NotPartial.fasta	WTB81085|gvpA|protein	WTB81085|gvpA|protein	b94659ce82742aca97494e06ee5b8e6266e7e82db47e8f24a00f5c31cbbee394	122	True	False	exact_duplicate
ref_000915	/home/user/wangyuhan/ML-GV02-03/data/raw/t05/gvpa/GvpA_NotPartial.fasta	WTC15831|gvpA|protein	WTC15831|gvpA|protein	25c3216ed34dec7168270ecda67393933bac22efc6123a279c5b342914bc0b49	122	True	False	exact_duplicate
ref_000925	/home/user/wangyuhan/ML-GV02-03/data/raw/t05/gvpa/GvpA_NotPartial.fasta	WTB87995|gvpA|protein	WTB87995|gvpA|protein	b94659ce82742aca97494e06ee5b8e6266e7e82db47e8f24a00f5c31cbbee394	122	True	False	exact_duplicate
ref_000925	/home/user/wangyuhan/ML-GV02-03/data/raw/t05/gvpa/GvpA_NotPartial.fasta	WTB72107|gvpA|protein	WTB72107|gvpA|protein	b94659ce82742aca97494e06ee5b8e6266e7e82db47e8f24a00f5c31cbbee394	122	True	False	exact_duplicate
ref_000928	/home/user/wangyuhan/ML-GV02-03/data/raw/t05/gvpa/GvpA_NotPartial.fasta	WTB75195|gvpA|protein	WTB75195|gvpA|protein	a6bd531a054394dd2492a419c048d3b40d087f37d31a5c0bcf08c535c08447d5	158	True	False	exact_duplicate
ref_000928	/home/user/wangyuhan/ML-GV02-03/data/raw/t05/gvpa/GvpA_NotPartial.fasta	WTB65421|gvpA|protein	WTB65421|gvpA|protein	a6bd531a054394dd2492a419c048d3b40d087f37d31a5c0bcf08c535c08447d5	158	True	False	exact_duplicate
ref_001003	/home/user/wangyuhan/ML-GV02-03/data/raw/t05/gvpa/GvpA_NotPartial.fasta	WTA85567|gvpA|protein	WTA85567|gvpA|protein	754029d7fdddcf0dda8b015b10b770c0008b645dbb85625039485f8277785d13	147	True	False	exact_duplicate
ref_000919	/home/user/wangyuhan/ML-GV02-03/data/raw/t05/gvpa/GvpA_NotPartial.fasta	WTA31092|gvpA|protein	WTA31092|gvpA|protein	29fc4eacaf44be490badeadbce3c4cd75afe1507fe0e57c73f835b331eeefd20	154	True	False	exact_duplicate
ref_001005	/home/user/wangyuhan/ML-GV02-03/data/raw/t05/gvpa/GvpA_NotPartial.fasta	WSZ84505|gvpA|protein	WSZ84505|gvpA|protein	f176d2d019718491db42fdf3fe8fc1e2e16e078a963dba1dcb6d14c1db2d7da5	154	True	True	accepted_unique
ref_001006	/home/user/wangyuhan/ML-GV02-03/data/raw/t05/gvpa/GvpA_NotPartial.fasta	WSZ94419|gvpA|protein	WSZ94419|gvpA|protein	65c51b0fd105cce694eed49b439146435ebb1a08266d1e0993f7209e52213395	150	True	True	accepted_unique
ref_001007	/home/user/wangyuhan/ML-GV02-03/data/raw/t05/gvpa/GvpA_NotPartial.fasta	WTA16234|gvpA|protein	WTA16234|gvpA|protein	3d9edce97c58d4805f58219bd99dd9c4a329696adfbb02a5c8e29fb166a6f2e4	152	True	True	accepted_unique
ref_000919	/home/user/wangyuhan/ML-GV02-03/data/raw/t05/gvpa/GvpA_NotPartial.fasta	WSZ66064|gvpA|protein	WSZ66064|gvpA|protein	29fc4eacaf44be490badeadbce3c4cd75afe1507fe0e57c73f835b331eeefd20	154	True	False	exact_duplicate
ref_000908	/home/user/wangyuhan/ML-GV02-03/data/raw/t05/gvpa/GvpA_NotPartial.fasta	WSZ52034|gvpA|protein	WSZ52034|gvpA|protein	4469cb3e6c41fb1309a310573d010aa354b164353318ad7adc1b75671a984659	148	True	False	exact_duplicate
ref_001008	/home/user/wangyuhan/ML-GV02-03/data/raw/t05/gvpa/GvpA_NotPartial.fasta	WSY99352|gvpA|protein	WSY99352|gvpA|protein	f6ad48ba3d6950d55fac03dc798b0090c33afcf288b69692505c127cfef95755	145	True	True	accepted_unique
ref_001009	/home/user/wangyuhan/ML-GV02-03/data/raw/t05/gvpa/GvpA_NotPartial.fasta	WSY72809|gvpA|protein	WSY72809|gvpA|protein	370aa86e30267a3a072e5d15f626685541b839c2c5a947a9297623c927d52cbb	145	True	True	accepted_unique
ref_001010	/home/user/wangyuhan/ML-GV02-03/data/raw/t05/gvpa/GvpA_NotPartial.fasta	WSY65263|gvpA|protein	WSY65263|gvpA|protein	bb5cf35be2d320c0ead2ea879c043d8fec579b266dd1143f58bb6288ba9ec2bd	145	True	True	accepted_unique
ref_001011	/home/user/wangyuhan/ML-GV02-03/data/raw/t05/gvpa/GvpA_NotPartial.fasta	WSY58681|gvpA|protein	WSY58681|gvpA|protein	e8032b7ad48d42a9adf341dc5b56f9a1336c504eaf87c101307c80ef7dbc1f68	135	True	True	accepted_unique
ref_001012	/home/user/wangyuhan/ML-GV02-03/data/raw/t05/gvpa/GvpA_NotPartial.fasta	WSY30356|gvpA|protein	WSY30356|gvpA|protein	e62ac75b3affa97a2f5aff1f1d462b17657ce662836aa9235041d53281de2dc4	151	True	True	accepted_unique
ref_001013	/home/user/wangyuhan/ML-GV02-03/data/raw/t05/gvpa/GvpA_NotPartial.fasta	WSX74523|gvpA|protein	WSX74523|gvpA|protein	d82c955fa7d898a2ab968cd145c1de0abf568f4ddc1ef84aa0417b91848c0d7f	157	True	True	accepted_unique
ref_000974	/home/user/wangyuhan/ML-GV02-03/data/raw/t05/gvpa/GvpA_NotPartial.fasta	WSX24912|gvpA|protein	WSX24912|gvpA|protein	fd6df642808b7adaae7d2540069b145a548b9730b610a70e72cead707ae5250d	156	True	False	exact_duplicate
ref_001014	/home/user/wangyuhan/ML-GV02-03/data/raw/t05/gvpa/GvpA_NotPartial.fasta	WSX42425|gvpA|protein	WSX42425|gvpA|protein	22459d46342d29cd0e5126f0c1051d8e7002a93b86ac65ca8a81fbbce70876a4	150	True	True	accepted_unique
ref_001014	/home/user/wangyuhan/ML-GV02-03/data/raw/t05/gvpa/GvpA_NotPartial.fasta	WSX69533|gvpA|protein	WSX69533|gvpA|protein	22459d46342d29cd0e5126f0c1051d8e7002a93b86ac65ca8a81fbbce70876a4	150	True	False	exact_duplicate
ref_000921	/home/user/wangyuhan/ML-GV02-03/data/raw/t05/gvpa/GvpA_NotPartial.fasta	WSW29061|gvpA|protein	WSW29061|gvpA|protein	be1dac504153ecab385d6451585ae431c1a72f137cf109d97d662157c10dd226	154	True	False	exact_duplicate
ref_001015	/home/user/wangyuhan/ML-GV02-03/data/raw/t05/gvpa/GvpA_NotPartial.fasta	WSV87016|gvpA|protein	WSV87016|gvpA|protein	0ccad4d436403131ae6a894a73ced6b99066d09e653accf28c91d02a61204d81	135	True	True	accepted_unique
ref_001016	/home/user/wangyuhan/ML-GV02-03/data/raw/t05/gvpa/GvpA_NotPartial.fasta	WSW56593|gvpA|protein	WSW56593|gvpA|protein	c730fb33477ca08f29e8cbf859a237dc5790d467c07f2d7ec5e06e070d8eaff6	153	True	True	accepted_unique
ref_001017	/home/user/wangyuhan/ML-GV02-03/data/raw/t05/gvpa/GvpA_NotPartial.fasta	WSV66202|gvpA|protein	WSV66202|gvpA|protein	8ba3d6668e353b537179756d5c27fb2a95e8bd9f8c72c9284d0c8e5772848082	150	True	True	accepted_unique
ref_001018	/home/user/wangyuhan/ML-GV02-03/data/raw/t05/gvpa/GvpA_NotPartial.fasta	WSV93775|gvpA|protein	WSV93775|gvpA|protein	c0749f9d4ae82bdc99555b501d74c198148ce13a1ab3df22c693a7b377bcabb6	154	True	True	accepted_unique
ref_001018	/home/user/wangyuhan/ML-GV02-03/data/raw/t05/gvpa/GvpA_NotPartial.fasta	WSU85327|gvpA|protein	WSU85327|gvpA|protein	c0749f9d4ae82bdc99555b501d74c198148ce13a1ab3df22c693a7b377bcabb6	154	True	False	exact_duplicate
ref_000973	/home/user/wangyuhan/ML-GV02-03/data/raw/t05/gvpa/GvpA_NotPartial.fasta	WSV50811|gvpA|protein	WSV50811|gvpA|protein	31ec72d1a2119ce61d3ab1c9e881b91ab153f970f83c6bec9c667d411415707c	157	True	False	exact_duplicate
ref_000972	/home/user/wangyuhan/ML-GV02-03/data/raw/t05/gvpa/GvpA_NotPartial.fasta	WSU99112|gvpA|protein	WSU99112|gvpA|protein	75b688dadffb1bcbff68a46ea43ce8e18f78ec796777e2f5f661ce6397e2051e	152	True	False	exact_duplicate
ref_001019	/home/user/wangyuhan/ML-GV02-03/data/raw/t05/gvpa/GvpA_NotPartial.fasta	WSV04354|gvpA|protein	WSV04354|gvpA|protein	e34b44c2870a942d0092ff8cb1f8b10fdd00486658c36ef1026ae86759838814	150	True	True	accepted_unique
ref_000993	/home/user/wangyuhan/ML-GV02-03/data/raw/t05/gvpa/GvpA_NotPartial.fasta	WSU64345|gvpA|protein	WSU64345|gvpA|protein	2b65cf1e277ab50a0dfea72e404907a62cb4cb8f7818dc85a8e98caf94170131	151	True	False	exact_duplicate
ref_001020	/home/user/wangyuhan/ML-GV02-03/data/raw/t05/gvpa/GvpA_NotPartial.fasta	WSU37981|gvpA|protein	WSU37981|gvpA|protein	5cfc2961268b2ad6fbbd0c5ffefb5f875674b86113d81548e10f8e5237ee527e	158	True	True	accepted_unique
ref_000928	/home/user/wangyuhan/ML-GV02-03/data/raw/t05/gvpa/GvpA_NotPartial.fasta	WSU17800|gvpA|protein	WSU17800|gvpA|protein	a6bd531a054394dd2492a419c048d3b40d087f37d31a5c0bcf08c535c08447d5	158	True	False	exact_duplicate
ref_001021	/home/user/wangyuhan/ML-GV02-03/data/raw/t05/gvpa/GvpA_NotPartial.fasta	WST51606|gvpA|protein	WST51606|gvpA|protein	945d9af2ef988f085e3ce7edb7b4de3dda976a89f6d93d97b5eab1c95ff47e23	151	True	True	accepted_unique
ref_001022	/home/user/wangyuhan/ML-GV02-03/data/raw/t05/gvpa/GvpA_NotPartial.fasta	WSS83536|gvpA|protein	WSS83536|gvpA|protein	25e53f7654eeb15d035efa89ea5ba9943e3d7876da6919025fde4eac14cfb3c9	156	True	True	accepted_unique
ref_000928	/home/user/wangyuhan/ML-GV02-03/data/raw/t05/gvpa/GvpA_NotPartial.fasta	WST10604|gvpA|protein	WST10604|gvpA|protein	a6bd531a054394dd2492a419c048d3b40d087f37d31a5c0bcf08c535c08447d5	158	True	False	exact_duplicate
ref_001023	/home/user/wangyuhan/ML-GV02-03/data/raw/t05/gvpa/GvpA_NotPartial.fasta	WSS53551|gvpA|protein	WSS53551|gvpA|protein	3a34394c27043f0de19ae6be863d9c024c6e50fdd0f29720e9aece70c755069e	155	True	True	accepted_unique
ref_001024	/home/user/wangyuhan/ML-GV02-03/data/raw/t05/gvpa/GvpA_NotPartial.fasta	WSS09182|gvpA|protein	WSS09182|gvpA|protein	db787bdce100ebe0b52fc38bb0155a3ad5f1651f4b14e266522119f6fb676e1f	137	True	True	accepted_unique
ref_001025	/home/user/wangyuhan/ML-GV02-03/data/raw/t05/gvpa/GvpA_NotPartial.fasta	WSR03362|gvpA|protein	WSR03362|gvpA|protein	038b08407425f0209cdb96cc36e42259071302c926fe63bba6c5ab699b4b4051	157	True	True	accepted_unique
ref_001018	/home/user/wangyuhan/ML-GV02-03/data/raw/t05/gvpa/GvpA_NotPartial.fasta	WSQ95804|gvpA|protein	WSQ95804|gvpA|protein	c0749f9d4ae82bdc99555b501d74c198148ce13a1ab3df22c693a7b377bcabb6	154	True	False	exact_duplicate
ref_000984	/home/user/wangyuhan/ML-GV02-03/data/raw/t05/gvpa/GvpA_NotPartial.fasta	WSQ25094|gvpA|protein	WSQ25094|gvpA|protein	0f78d7acac5b21f9e204318d5e9a7dcfc8dd5bcc29241026ebf99a8afac8650d	154	True	False	exact_duplicate
ref_001026	/home/user/wangyuhan/ML-GV02-03/data/raw/t05/gvpa/GvpA_NotPartial.fasta	WSQ16395|gvpA|protein	WSQ16395|gvpA|protein	a8224f75d4d10d7151b8627a5242efdf0753354ffb996ca0fbb77b8351a7de4f	149	True	True	accepted_unique
ref_000974	/home/user/wangyuhan/ML-GV02-03/data/raw/t05/gvpa/GvpA_NotPartial.fasta	WSK32890|gvpA|protein	WSK32890|gvpA|protein	fd6df642808b7adaae7d2540069b145a548b9730b610a70e72cead707ae5250d	156	True	False	exact_duplicate
ref_000908	/home/user/wangyuhan/ML-GV02-03/data/raw/t05/gvpa/GvpA_NotPartial.fasta	WSK26622|gvpA|protein	WSK26622|gvpA|protein	4469cb3e6c41fb1309a310573d010aa354b164353318ad7adc1b75671a984659	148	True	False	exact_duplicate
ref_001027	/home/user/wangyuhan/ML-GV02-03/data/raw/t05/gvpa/GvpA_NotPartial.fasta	WSI83191|gvpA|protein	WSI83191|gvpA|protein	35afd2cfc45262b86709175c6c44812fa40d8b9c13e38f8b81da0620af164aa9	125	True	True	accepted_unique
ref_000910	/home/user/wangyuhan/ML-GV02-03/data/raw/t05/gvpa/GvpA_NotPartial.fasta	WSI59594|gvpA|protein	WSI59594|gvpA|protein	747d60b2bd9f9baa6cfc25e72c691c86ac561a9e907c34cc5085913170b5fcb5	156	True	False	exact_duplicate
ref_000920	/home/user/wangyuhan/ML-GV02-03/data/raw/t05/gvpa/GvpA_NotPartial.fasta	WSI91778|gvpA|protein	WSI91778|gvpA|protein	6bd198e130544a8380c7db1d2cbbf6fb92a84322fdf266b455cc5224aabe209b	158	True	False	exact_duplicate
ref_000908	/home/user/wangyuhan/ML-GV02-03/data/raw/t05/gvpa/GvpA_NotPartial.fasta	WSI15815|gvpA|protein	WSI15815|gvpA|protein	4469cb3e6c41fb1309a310573d010aa354b164353318ad7adc1b75671a984659	148	True	False	exact_duplicate
ref_001028	/home/user/wangyuhan/ML-GV02-03/data/raw/t05/gvpa/GvpA_NotPartial.fasta	WSI30154|gvpA|protein	WSI30154|gvpA|protein	0942555d17806690a15c355f4e1761c5e2dda87e2d17c83e509389ac7c0876bb	148	True	True	accepted_unique
ref_001029	/home/user/wangyuhan/ML-GV02-03/data/raw/t05/gvpa/GvpA_NotPartial.fasta	WSJ01303|gvpA|protein	WSJ01303|gvpA|protein	c74d6e1106797b3a3d0f9f32beed9effd36b7ae2b05c5bc6ecb844e804aec026	133	True	True	accepted_unique
ref_001030	/home/user/wangyuhan/ML-GV02-03/data/raw/t05/gvpa/GvpA_NotPartial.fasta	WSG36340|gvpA|protein	WSG36340|gvpA|protein	e8960ef9f28cbd66312ca5b05698017849d55efa3f52f772b8ba262b8bcc76db	136	True	True	accepted_unique
ref_001031	/home/user/wangyuhan/ML-GV02-03/data/raw/t05/gvpa/GvpA_NotPartial.fasta	WSG27899|gvpA|protein	WSG27899|gvpA|protein	ab559af1ffee249b9549b06b7a0e03f68bf19bc47a00652b59719583773bf401	155	True	True	accepted_unique
ref_001032	/home/user/wangyuhan/ML-GV02-03/data/raw/t05/gvpa/GvpA_NotPartial.fasta	WSG57338|gvpA|protein	WSG57338|gvpA|protein	e10062d88e50908c95d32467f65133028c80139484c803365c9bce8aea466500	135	True	True	accepted_unique
ref_000938	/home/user/wangyuhan/ML-GV02-03/data/raw/t05/gvpa/GvpA_NotPartial.fasta	WSF96774|gvpA|protein	WSF96774|gvpA|protein	8d5392221648a605a7c200c6891205f9bc7671101816b410142de5be6593b9ad	134	True	False	exact_duplicate
ref_001033	/home/user/wangyuhan/ML-GV02-03/data/raw/t05/gvpa/GvpA_NotPartial.fasta	WSF80833|gvpA|protein	WSF80833|gvpA|protein	84b5083183d75de0f365a2ef8890f4d0856d6028e68b24f4ba69d2ae8f2cf419	154	True	True	accepted_unique
ref_000921	/home/user/wangyuhan/ML-GV02-03/data/raw/t05/gvpa/GvpA_NotPartial.fasta	WSE03550|gvpA|protein	WSE03550|gvpA|protein	be1dac504153ecab385d6451585ae431c1a72f137cf109d97d662157c10dd226	154	True	False	exact_duplicate
ref_000921	/home/user/wangyuhan/ML-GV02-03/data/raw/t05/gvpa/GvpA_NotPartial.fasta	WSD94690|gvpA|protein	WSD94690|gvpA|protein	be1dac504153ecab385d6451585ae431c1a72f137cf109d97d662157c10dd226	154	True	False	exact_duplicate
ref_000887	/home/user/wangyuhan/ML-GV02-03/data/raw/t05/gvpa/GvpA_NotPartial.fasta	WSE18955|gvpA|protein	WSE18955|gvpA|protein	219e1145c7c5f874f9d797ec77f60d84bedf5ec098c216185b4d62eb20b62e9e	154	True	False	exact_duplicate
ref_000889	/home/user/wangyuhan/ML-GV02-03/data/raw/t05/gvpa/GvpA_NotPartial.fasta	WSD81128|gvpA|protein	WSD81128|gvpA|protein	93acd62cda39262797de612ea5c4652847758913fa8ff8c766e84ebd13a17f87	160	True	False	exact_duplicate
ref_001002	/home/user/wangyuhan/ML-GV02-03/data/raw/t05/gvpa/GvpA_NotPartial.fasta	WSD06394|gvpA|protein	WSD06394|gvpA|protein	dbbc85b2e6d8fc6f3682ed28d3bb4d943032c767f908a24caf77a87e4685ae6c	154	True	False	exact_duplicate
ref_000928	/home/user/wangyuhan/ML-GV02-03/data/raw/t05/gvpa/GvpA_NotPartial.fasta	WSD39636|gvpA|protein	WSD39636|gvpA|protein	a6bd531a054394dd2492a419c048d3b40d087f37d31a5c0bcf08c535c08447d5	158	True	False	exact_duplicate
ref_000998	/home/user/wangyuhan/ML-GV02-03/data/raw/t05/gvpa/GvpA_NotPartial.fasta	WSC87919|gvpA|protein	WSC87919|gvpA|protein	e9cfe4a312dd51479edbfb3b4f6b86ef838ea81c4f8833be2739e554106767d5	139	True	False	exact_duplicate
ref_000932	/home/user/wangyuhan/ML-GV02-03/data/raw/t05/gvpa/GvpA_NotPartial.fasta	WSB73035|gvpA|protein	WSB73035|gvpA|protein	d71b202a146af4e5c40e1d8651f7c026298b5e7307054da065294585b1a2834f	157	True	False	exact_duplicate
ref_000925	/home/user/wangyuhan/ML-GV02-03/data/raw/t05/gvpa/GvpA_NotPartial.fasta	WSB93966|gvpA|protein	WSB93966|gvpA|protein	b94659ce82742aca97494e06ee5b8e6266e7e82db47e8f24a00f5c31cbbee394	122	True	False	exact_duplicate
ref_000925	/home/user/wangyuhan/ML-GV02-03/data/raw/t05/gvpa/GvpA_NotPartial.fasta	WSB87304|gvpA|protein	WSB87304|gvpA|protein	b94659ce82742aca97494e06ee5b8e6266e7e82db47e8f24a00f5c31cbbee394	122	True	False	exact_duplicate
ref_000925	/home/user/wangyuhan/ML-GV02-03/data/raw/t05/gvpa/GvpA_NotPartial.fasta	WSB57054|gvpA|protein	WSB57054|gvpA|protein	b94659ce82742aca97494e06ee5b8e6266e7e82db47e8f24a00f5c31cbbee394	122	True	False	exact_duplicate
ref_000915	/home/user/wangyuhan/ML-GV02-03/data/raw/t05/gvpa/GvpA_NotPartial.fasta	WSB44188|gvpA|protein	WSB44188|gvpA|protein	25c3216ed34dec7168270ecda67393933bac22efc6123a279c5b342914bc0b49	122	True	False	exact_duplicate
ref_000925	/home/user/wangyuhan/ML-GV02-03/data/raw/t05/gvpa/GvpA_NotPartial.fasta	WSB47092|gvpA|protein	WSB47092|gvpA|protein	b94659ce82742aca97494e06ee5b8e6266e7e82db47e8f24a00f5c31cbbee394	122	True	False	exact_duplicate
ref_001034	/home/user/wangyuhan/ML-GV02-03/data/raw/t05/gvpa/GvpA_NotPartial.fasta	WSA50400|gvpA|protein	WSA50400|gvpA|protein	25ee00a9c2b4e74f79dddf96434d433971716d5f11893c48c16e2298f089d9f2	155	True	True	accepted_unique
ref_000928	/home/user/wangyuhan/ML-GV02-03/data/raw/t05/gvpa/GvpA_NotPartial.fasta	WSB14069|gvpA|protein	WSB14069|gvpA|protein	a6bd531a054394dd2492a419c048d3b40d087f37d31a5c0bcf08c535c08447d5	158	True	False	exact_duplicate
ref_001035	/home/user/wangyuhan/ML-GV02-03/data/raw/t05/gvpa/GvpA_NotPartial.fasta	WSB20178|gvpA|protein	WSB20178|gvpA|protein	e64c9f3350adefe5e2286fb43c937a1694783880222108ec4d4e661174ecb283	159	True	True	accepted_unique
ref_001036	/home/user/wangyuhan/ML-GV02-03/data/raw/t05/gvpa/GvpA_NotPartial.fasta	WSA16079|gvpA|protein	WSA16079|gvpA|protein	c17881a40bc443471c80c123e5835ec9b0762f0c28ad42403c37477b806aa4fb	139	True	True	accepted_unique
ref_001037	/home/user/wangyuhan/ML-GV02-03/data/raw/t05/gvpa/GvpA_NotPartial.fasta	WSA44165|gvpA|protein	WSA44165|gvpA|protein	9f6df4357b80feaba99b2ba53bb159f79268b232228ed70d93a9415cb3b0921a	156	True	True	accepted_unique
ref_001038	/home/user/wangyuhan/ML-GV02-03/data/raw/t05/gvpa/GvpA_NotPartial.fasta	WRZ88263|gvpA|protein	WRZ88263|gvpA|protein	31b4ab378929e0c134fa3e30ad8dc9c132145ff4ebd41c9917a31214252630f2	155	True	True	accepted_unique
ref_001039	/home/user/wangyuhan/ML-GV02-03/data/raw/t05/gvpa/GvpA_NotPartial.fasta	WRZ38336|gvpA|protein	WRZ38336|gvpA|protein	619107fa48650be1a768db3b7104edc348599f6ebace7a8862224cf94c9fe4bd	156	True	True	accepted_unique
ref_001040	/home/user/wangyuhan/ML-GV02-03/data/raw/t05/gvpa/GvpA_NotPartial.fasta	WRZ37882|gvpA|protein	WRZ37882|gvpA|protein	2f6261679e76a403b7de70718aabc364a5318a12e13b4dedc055c65f2350fec9	156	True	True	accepted_unique
ref_001041	/home/user/wangyuhan/ML-GV02-03/data/raw/t05/gvpa/GvpA_NotPartial.fasta	WRY86001|gvpA|protein	WRY86001|gvpA|protein	cbdc755c61207d00c902ba0c1788c6a05ea2d6e169819de36a5b18ba9a3eba03	151	True	True	accepted_unique
ref_000441	/home/user/wangyuhan/ML-GV02-03/data/raw/t05/gvpa/GvpA_NotPartial.fasta	WRQ90840|gvpA|protein	WRQ90840|gvpA|protein	626bf126ff6a42e860e1c20b32f28779f549346c7554d3694e519c08b6d8a44f	86	True	False	exact_duplicate
ref_000771	/home/user/wangyuhan/ML-GV02-03/data/raw/t05/gvpa/GvpA_NotPartial.fasta	WRP06547|gvpA|protein	WRP06547|gvpA|protein	ddd28b4f0183c6c3a6e1f627f4ba7913059a06e6f7955ec67b16a218628ff1d1	86	True	False	exact_duplicate
ref_001042	/home/user/wangyuhan/ML-GV02-03/data/raw/t05/gvpa/GvpA_NotPartial.fasta	WRH65089|gvpA|protein	WRH65089|gvpA|protein	d68abcca0d121eb6dd4f9bcc068b81d53a74962cb931c43cd414bfba836ed6e8	72	True	True	accepted_unique
ref_000523	/home/user/wangyuhan/ML-GV02-03/data/raw/t05/gvpa/GvpA_NotPartial.fasta	WQI94473|gvpA|protein	WQI94473|gvpA|protein	70e619942db9ffc2c9b76b5fbe40eb0e3d554fa5d8f39c38d915e4afa6068257	86	True	False	exact_duplicate
ref_000431	/home/user/wangyuhan/ML-GV02-03/data/raw/t05/gvpa/GvpA_NotPartial.fasta	WP_054464971|gvpA|protein	WP_054464971|gvpA|protein	9ec7201d98ae2ffcf07447a15a44a817abbd19328a09fa7d6c31e1d1bc8b898e	72	True	False	exact_duplicate
ref_000432	/home/user/wangyuhan/ML-GV02-03/data/raw/t05/gvpa/GvpA_NotPartial.fasta	WP_009626980|gvpA|protein	WP_009626980|gvpA|protein	45ceddea54f47745a1ad9c65097c2d122a4bd298292f81068539903e0cbdd579	72	True	False	exact_duplicate
ref_000433	/home/user/wangyuhan/ML-GV02-03/data/raw/t05/gvpa/GvpA_NotPartial.fasta	WP_070879557|gvpA|protein	WP_070879557|gvpA|protein	bd681cfbd78ed763b9df5c426f960ada866da90b156367c3292b56b3e72ef7d3	89	True	False	exact_duplicate
ref_000434	/home/user/wangyuhan/ML-GV02-03/data/raw/t05/gvpa/GvpA_NotPartial.fasta	WP_070877683|gvpA|protein	WP_070877683|gvpA|protein	e68eef3564e74af35e4a9a9b10e8b223ea3ff4b8fc1758ad6ef917d929493e04	87	True	False	exact_duplicate
ref_000435	/home/user/wangyuhan/ML-GV02-03/data/raw/t05/gvpa/GvpA_NotPartial.fasta	WP_062232702|gvpA|protein	WP_062232702|gvpA|protein	243a30af717d5651d5faa4134b52c94ba27cbaf36cee25267a21eee2dd07a50c	87	True	False	exact_duplicate
ref_000436	/home/user/wangyuhan/ML-GV02-03/data/raw/t05/gvpa/GvpA_NotPartial.fasta	WP_057244326|gvpA|protein	WP_057244326|gvpA|protein	1b1d36a4acc8ad9c634280ce855361980429c335a77298c0c9f374d476b863c2	86	True	False	exact_duplicate
ref_000437	/home/user/wangyuhan/ML-GV02-03/data/raw/t05/gvpa/GvpA_NotPartial.fasta	WP_032087041|gvpA|protein	WP_032087041|gvpA|protein	e0205c427b560fb5fab631d1ec5ed63cc8c0aa7c7b755485941791546cbc6805	88	True	False	exact_duplicate
ref_000438	/home/user/wangyuhan/ML-GV02-03/data/raw/t05/gvpa/GvpA_NotPartial.fasta	WP_029714942|gvpA|protein	WP_029714942|gvpA|protein	21fd512873a52dc47991989d4a44dcc25431d3e22a3b8e5d29da536fa12bac79	92	True	False	exact_duplicate
ref_000439	/home/user/wangyuhan/ML-GV02-03/data/raw/t05/gvpa/GvpA_NotPartial.fasta	WP_019393985|gvpA|protein	WP_019393985|gvpA|protein	c5a5f8d3e0297c749df71e201b09661efa435db12251191f1fed09764031bff7	87	True	False	exact_duplicate
ref_000440	/home/user/wangyuhan/ML-GV02-03/data/raw/t05/gvpa/GvpA_NotPartial.fasta	WP_014459198|gvpA|protein	WP_014459198|gvpA|protein	62aec584cfcef3208e2bbf0b8b84eb77c80c150d76415e09c97366ed3433727b	86	True	False	exact_duplicate
ref_000441	/home/user/wangyuhan/ML-GV02-03/data/raw/t05/gvpa/GvpA_NotPartial.fasta	WP_013058000|gvpA|protein	WP_013058000|gvpA|protein	626bf126ff6a42e860e1c20b32f28779f549346c7554d3694e519c08b6d8a44f	86	True	False	exact_duplicate
ref_000442	/home/user/wangyuhan/ML-GV02-03/data/raw/t05/gvpa/GvpA_NotPartial.fasta	WP_013057997|gvpA|protein	WP_013057997|gvpA|protein	6eb7664db70304cf0f2ba846d31c4d016d07d8bebedb70ce52fe5ab7167e72cd	88	True	False	exact_duplicate
ref_000443	/home/user/wangyuhan/ML-GV02-03/data/raw/t05/gvpa/GvpA_NotPartial.fasta	WP_013057921|gvpA|protein	WP_013057921|gvpA|protein	7c1ee34913e269628b618a114cee0c9a5db90412949ae6bff681672ba1b795b8	92	True	False	exact_duplicate
ref_000662	/home/user/wangyuhan/ML-GV02-03/data/raw/t05/gvpa/GvpA_NotPartial.fasta	WPP03078|gvpA|protein	WPP03078|gvpA|protein	82d6c5940960b17a96d33ed7f30f9166d9ad35f19afddade725c4f4376ab8ed3	72	True	False	exact_duplicate
ref_000444	/home/user/wangyuhan/ML-GV02-03/data/raw/t05/gvpa/GvpA_NotPartial.fasta	WP_278028173|gvpA|protein	WP_278028173|gvpA|protein	aca6770bcb5a580c4c2ac6637a904e7b633ef4df91ea3eb56d8c300998abf82c	70	True	False	exact_duplicate
ref_000445	/home/user/wangyuhan/ML-GV02-03/data/raw/t05/gvpa/GvpA_NotPartial.fasta	WP_258264475|gvpA|protein	WP_258264475|gvpA|protein	8a3f5134cee921bb3c9c52886319cab5bcf48238743cad7d934892854cbdd111	86	True	False	exact_duplicate
ref_000446	/home/user/wangyuhan/ML-GV02-03/data/raw/t05/gvpa/GvpA_NotPartial.fasta	WP_100366348|gvpA|protein	WP_100366348|gvpA|protein	3f956a2c7b90437404b414f68a0c290ad3faf7be1a5a024f647a75176008e10a	70	True	False	exact_duplicate
ref_000443	/home/user/wangyuhan/ML-GV02-03/data/raw/t05/gvpa/GvpA_NotPartial.fasta	WPL45820|gvpA|protein	WPL45820|gvpA|protein	7c1ee34913e269628b618a114cee0c9a5db90412949ae6bff681672ba1b795b8	92	True	False	exact_duplicate
ref_000441	/home/user/wangyuhan/ML-GV02-03/data/raw/t05/gvpa/GvpA_NotPartial.fasta	WPL45744|gvpA|protein	WPL45744|gvpA|protein	626bf126ff6a42e860e1c20b32f28779f549346c7554d3694e519c08b6d8a44f	86	True	False	exact_duplicate
ref_000449	/home/user/wangyuhan/ML-GV02-03/data/raw/t05/gvpa/GvpA_NotPartial.fasta	WP_073640805|gvpA|protein	WP_073640805|gvpA|protein	8aa5636b24c4e602865a552806a5f0342b48ae13c8da1912f7c694d2353dbcfe	73	True	False	exact_duplicate
ref_001043	/home/user/wangyuhan/ML-GV02-03/data/raw/t05/gvpa/GvpA_NotPartial.fasta	QUL99245|gvpA|protein	QUL99245|gvpA|protein	d565583d15eb6f192c5761839f38d47464b1db2d5e7452ae290140b6cf00e933	67	True	True	accepted_unique
ref_000450	/home/user/wangyuhan/ML-GV02-03/data/raw/t05/gvpa/GvpA_NotPartial.fasta	WP_283753117|gvpA|protein	WP_283753117|gvpA|protein	f82305b37f1af32ad1a04e0eccf669dd82743a244d7785717f85da95bc6b510c	72	True	False	exact_duplicate
ref_000454	/home/user/wangyuhan/ML-GV02-03/data/raw/t05/gvpa/GvpA_NotPartial.fasta	WOJ88512|gvpA|protein	WOJ88512|gvpA|protein	f872efd67a56d21a6340bfb63ed39bd3859d02d8cef7923a1fc7a47592530824	72	True	False	exact_duplicate
ref_000451	/home/user/wangyuhan/ML-GV02-03/data/raw/t05/gvpa/GvpA_NotPartial.fasta	WP_193963479|gvpA|protein	WP_193963479|gvpA|protein	b145d41f03ca300fa852173eb3cdba892b1458c61bb76d2c54aaf6738abff0fb	72	True	False	exact_duplicate
ref_000452	/home/user/wangyuhan/ML-GV02-03/data/raw/t05/gvpa/GvpA_NotPartial.fasta	WP_036004549|gvpA|protein	WP_036004549|gvpA|protein	44be345e568ee6f5e906d1708940c01f4f899fd301577fbe466b983faec9e1ff	72	True	False	exact_duplicate
ref_000451	/home/user/wangyuhan/ML-GV02-03/data/raw/t05/gvpa/GvpA_NotPartial.fasta	WOD38711|gvpA|protein	WOD38711|gvpA|protein	b145d41f03ca300fa852173eb3cdba892b1458c61bb76d2c54aaf6738abff0fb	72	True	False	exact_duplicate
ref_000861	/home/user/wangyuhan/ML-GV02-03/data/raw/t05/gvpa/GvpA_NotPartial.fasta	WOB68209|gvpA|protein	WOB68209|gvpA|protein	1f275ce5dd842aaaf9d24fd9cd1a995ccd28e8006db8fd5d12c958ce30deb19a	71	True	False	exact_duplicate
ref_000861	/home/user/wangyuhan/ML-GV02-03/data/raw/t05/gvpa/GvpA_NotPartial.fasta	WOB68208|gvpA|protein	WOB68208|gvpA|protein	1f275ce5dd842aaaf9d24fd9cd1a995ccd28e8006db8fd5d12c958ce30deb19a	71	True	False	exact_duplicate
ref_000861	/home/user/wangyuhan/ML-GV02-03/data/raw/t05/gvpa/GvpA_NotPartial.fasta	WOB68207|gvpA|protein	WOB68207|gvpA|protein	1f275ce5dd842aaaf9d24fd9cd1a995ccd28e8006db8fd5d12c958ce30deb19a	71	True	False	exact_duplicate
ref_000456	/home/user/wangyuhan/ML-GV02-03/data/raw/t05/gvpa/GvpA_NotPartial.fasta	WOB42702|gvpA|protein	WOB42702|gvpA|protein	d71bd42b79fe4d801a018917a7a99157b39016a64db58d59d1c12c9993255219	72	True	False	exact_duplicate
ref_001044	/home/user/wangyuhan/ML-GV02-03/data/raw/t05/gvpa/GvpA_NotPartial.fasta	WNZ64804|gvpA|protein	WNZ64804|gvpA|protein	51a017c7ff97500f71b8cc37a06c698ef11be1326ea6263a19b0d6346a880783	74	True	True	accepted_unique
ref_000853	/home/user/wangyuhan/ML-GV02-03/data/raw/t05/gvpa/GvpA_NotPartial.fasta	WNZ47247|gvpA|protein	WNZ47247|gvpA|protein	6f827542d262f6a8575a7ac08f23d14f643c985ecf8d65260a44d1f5c7ecb48c	72	True	False	exact_duplicate
ref_000452	/home/user/wangyuhan/ML-GV02-03/data/raw/t05/gvpa/GvpA_NotPartial.fasta	WNZ23275|gvpA|protein	WNZ23275|gvpA|protein	44be345e568ee6f5e906d1708940c01f4f899fd301577fbe466b983faec9e1ff	72	True	False	exact_duplicate
ref_000009	/home/user/wangyuhan/ML-GV02-03/data/raw/t05/gvpa/GvpA_NotPartial.fasta	CAJ0779958|gvpA|protein	CAJ0779958|gvpA|protein	b017d8236271e13a1522a8ef3c3e41b212de7d09a483ea1ebbfd4dee7dac5625	116	True	False	exact_duplicate
ref_000453	/home/user/wangyuhan/ML-GV02-03/data/raw/t05/gvpa/GvpA_NotPartial.fasta	WP_253707812|gvpA|protein	WP_253707812|gvpA|protein	fd5c322037d42e8f890cbb82759a0d998e5c4641f19585fd53d898e2e93c048a	72	True	False	exact_duplicate
ref_000454	/home/user/wangyuhan/ML-GV02-03/data/raw/t05/gvpa/GvpA_NotPartial.fasta	WP_123176516|gvpA|protein	WP_123176516|gvpA|protein	f872efd67a56d21a6340bfb63ed39bd3859d02d8cef7923a1fc7a47592530824	72	True	False	exact_duplicate
ref_000455	/home/user/wangyuhan/ML-GV02-03/data/raw/t05/gvpa/GvpA_NotPartial.fasta	WP_190643620|gvpA|protein	WP_190643620|gvpA|protein	0c568d3a5b09c7ed22406d3295924ff2d54a5753d8971e812d702ca3e9f83638	72	True	False	exact_duplicate
ref_000456	/home/user/wangyuhan/ML-GV02-03/data/raw/t05/gvpa/GvpA_NotPartial.fasta	WP_068510916|gvpA|protein	WP_068510916|gvpA|protein	d71bd42b79fe4d801a018917a7a99157b39016a64db58d59d1c12c9993255219	72	True	False	exact_duplicate
ref_000457	/home/user/wangyuhan/ML-GV02-03/data/raw/t05/gvpa/GvpA_NotPartial.fasta	WP_015171018|gvpA|protein	WP_015171018|gvpA|protein	e2b9c94c60da4c449a4d77e69aa77b7d21974537c85530de7782f648b2a3f592	72	True	False	exact_duplicate
ref_000458	/home/user/wangyuhan/ML-GV02-03/data/raw/t05/gvpa/GvpA_NotPartial.fasta	WP_301077186|gvpA|protein	WP_301077186|gvpA|protein	dda877b0008607a0fc715bf1e261281865393b5cd3d35f1e590e3af5d6480f76	72	True	False	exact_duplicate
ref_000460	/home/user/wangyuhan/ML-GV02-03/data/raw/t05/gvpa/GvpA_NotPartial.fasta	WP_287130436|gvpA|protein	WP_287130436|gvpA|protein	f31ef9ed0a87f1bcd7f16380f5c67a3c99ab66cda4b11e28e567896af35c10fb	72	True	False	exact_duplicate
ref_001045	/home/user/wangyuhan/ML-GV02-03/data/raw/t05/gvpa/GvpA_NotPartial.fasta	CAI7976625|gvpA|protein	CAI7976625|gvpA|protein	48dbcd4ed98d41a9651a9e5de609f285c1f0c43c3f8a21fac606361f33ba067e	143	True	True	accepted_unique
ref_000461	/home/user/wangyuhan/ML-GV02-03/data/raw/t05/gvpa/GvpA_NotPartial.fasta	WP_184385022|gvpA|protein	WP_184385022|gvpA|protein	29752096fb51cc573566c94e21ddee0921c9c57323cf37953e3e169fafe49253	70	True	False	exact_duplicate
ref_000462	/home/user/wangyuhan/ML-GV02-03/data/raw/t05/gvpa/GvpA_NotPartial.fasta	WP_071272778|gvpA|protein	WP_071272778|gvpA|protein	ab18ddbecb739bae7c0a720dfd55228c92afa153cc615fda38c1f4a95b049f96	86	True	False	exact_duplicate
ref_000119	/home/user/wangyuhan/ML-GV02-03/data/raw/t05/gvpa/GvpA_NotPartial.fasta	GLV59265|gvpA|protein	GLV59265|gvpA|protein	1ca802048c4a6cd9dca398191c084cfbc6061238919610b015007080f09a9f15	76	True	False	exact_duplicate
ref_001046	/home/user/wangyuhan/ML-GV02-03/data/raw/t05/gvpa/GvpA_NotPartial.fasta	WNG55795|gvpA|protein	WNG55795|gvpA|protein	cc5b8e3667bee7376c85c96e25b0f21f12f9709697bdba377d1aa75580555864	99	True	True	accepted_unique
ref_000861	/home/user/wangyuhan/ML-GV02-03/data/raw/t05/gvpa/GvpA_NotPartial.fasta	WNF13145|gvpA|protein	WNF13145|gvpA|protein	1f275ce5dd842aaaf9d24fd9cd1a995ccd28e8006db8fd5d12c958ce30deb19a	71	True	False	exact_duplicate
ref_000861	/home/user/wangyuhan/ML-GV02-03/data/raw/t05/gvpa/GvpA_NotPartial.fasta	WNF13144|gvpA|protein	WNF13144|gvpA|protein	1f275ce5dd842aaaf9d24fd9cd1a995ccd28e8006db8fd5d12c958ce30deb19a	71	True	False	exact_duplicate
ref_000463	/home/user/wangyuhan/ML-GV02-03/data/raw/t05/gvpa/GvpA_NotPartial.fasta	WP_191265777|gvpA|protein	WP_191265777|gvpA|protein	12c980f97c4e594a42de307ad5e2bf831d28aa2d1c3ee50ad7cc558e691838f2	74	True	False	exact_duplicate
ref_000010	/home/user/wangyuhan/ML-GV02-03/data/raw/t05/gvpa/GvpA_NotPartial.fasta	GLK71416|gvpA|protein	GLK71416|gvpA|protein	eccab6536bed142192aa8ae35f75a35f64e1e978ec751eee4b6251731c6ee4f8	70	True	False	exact_duplicate
ref_000406	/home/user/wangyuhan/ML-GV02-03/data/raw/t05/gvpa/GvpA_NotPartial.fasta	WMT08004|gvpA|protein	WMT08004|gvpA|protein	168a7720be25950ce7a56e347f224374ee278a9197375f2b7d12fea4130f8457	94	True	False	exact_duplicate
ref_000406	/home/user/wangyuhan/ML-GV02-03/data/raw/t05/gvpa/GvpA_NotPartial.fasta	WMT07372|gvpA|protein	WMT07372|gvpA|protein	168a7720be25950ce7a56e347f224374ee278a9197375f2b7d12fea4130f8457	94	True	False	exact_duplicate
ref_000464	/home/user/wangyuhan/ML-GV02-03/data/raw/t05/gvpa/GvpA_NotPartial.fasta	WP_067726060|gvpA|protein	WP_067726060|gvpA|protein	867df19266611b1dd32b5cfc5f295c4f1197d03d3e66704596b1abb14590c684	91	True	False	exact_duplicate
ref_000465	/home/user/wangyuhan/ML-GV02-03/data/raw/t05/gvpa/GvpA_NotPartial.fasta	WP_018390783|gvpA|protein	WP_018390783|gvpA|protein	a1131689eff9ccc2bc1cb9c6417b27251120988628db25efce7ae158aaecf416	70	True	False	exact_duplicate
ref_001047	/home/user/wangyuhan/ML-GV02-03/data/raw/t05/gvpa/GvpA_NotPartial.fasta	GIL19100|gvpA|protein	GIL19100|gvpA|protein	9c9277ab558db757d72cbabe7f06a699df4f536c1b2a7f9669ab077692fbfbda	72	True	True	accepted_unique
ref_001048	/home/user/wangyuhan/ML-GV02-03/data/raw/t05/gvpa/GvpA_NotPartial.fasta	GHO93516|gvpA|protein	GHO93516|gvpA|protein	9d1e986876b41ef2d630bab0549feec753da10da9bee5c8f80d804af859159fc	70	True	True	accepted_unique
ref_000582	/home/user/wangyuhan/ML-GV02-03/data/raw/t05/gvpa/GvpA_NotPartial.fasta	GHO70895|gvpA|protein	GHO70895|gvpA|protein	dd1c249d0891ddb7284f0f9c047e5891ce47556dd767e6235b9e039efc5e7d8f	71	True	False	exact_duplicate
ref_000581	/home/user/wangyuhan/ML-GV02-03/data/raw/t05/gvpa/GvpA_NotPartial.fasta	GHO80842|gvpA|protein	GHO80842|gvpA|protein	d4535c05655d38b6793226a1d23a25c56906808389ddcfab5e4bfda317918e57	71	True	False	exact_duplicate
ref_000582	/home/user/wangyuhan/ML-GV02-03/data/raw/t05/gvpa/GvpA_NotPartial.fasta	GHO58862|gvpA|protein	GHO58862|gvpA|protein	dd1c249d0891ddb7284f0f9c047e5891ce47556dd767e6235b9e039efc5e7d8f	71	True	False	exact_duplicate
ref_000581	/home/user/wangyuhan/ML-GV02-03/data/raw/t05/gvpa/GvpA_NotPartial.fasta	GHO49116|gvpA|protein	GHO49116|gvpA|protein	d4535c05655d38b6793226a1d23a25c56906808389ddcfab5e4bfda317918e57	71	True	False	exact_duplicate
ref_001049	/home/user/wangyuhan/ML-GV02-03/data/raw/t05/gvpa/GvpA_NotPartial.fasta	GHO83156|gvpA|protein	GHO83156|gvpA|protein	bb529df5511214c3371c6ba40b7c3d42cabaa8fb1856cc621b98631d4fe75ab8	76	True	True	accepted_unique
ref_001050	/home/user/wangyuhan/ML-GV02-03/data/raw/t05/gvpa/GvpA_NotPartial.fasta	GHG16607|gvpA|protein	GHG16607|gvpA|protein	5db88465f7f6adfb12686974baf261cb42cde989ebbf1c8e79043a23ab24002b	108	True	True	accepted_unique
ref_000466	/home/user/wangyuhan/ML-GV02-03/data/raw/t05/gvpa/GvpA_NotPartial.fasta	WP_307394734|gvpA|protein	WP_307394734|gvpA|protein	875b3015b17030bcf076a0d5b1a999e347b40931a5afd4181a01724d96df1a26	88	True	False	exact_duplicate
ref_000608	/home/user/wangyuhan/ML-GV02-03/data/raw/t05/gvpa/GvpA_NotPartial.fasta	GGC23505|gvpA|protein	GGC23505|gvpA|protein	dcefec45b0e834bbd1136c1bbb8b0429271afa94f2d470875d28280221668c7d	76	True	False	exact_duplicate
ref_000495	/home/user/wangyuhan/ML-GV02-03/data/raw/t05/gvpa/GvpA_NotPartial.fasta	GGB35708|gvpA|protein	GGB35708|gvpA|protein	de4f0d0b434811184abb8b052f38372135b3400cefcaf1e93db2f3dce59657e3	86	True	False	exact_duplicate
ref_001051	/home/user/wangyuhan/ML-GV02-03/data/raw/t05/gvpa/GvpA_NotPartial.fasta	GGB35698|gvpA|protein	GGB35698|gvpA|protein	f1aad1947e3e40ba965373345ad69bc7003a38f55210a9994105559c0f718711	86	True	True	accepted_unique
ref_001052	/home/user/wangyuhan/ML-GV02-03/data/raw/t05/gvpa/GvpA_NotPartial.fasta	GER86469|gvpA|protein	GER86469|gvpA|protein	2dee131e85e06a8f9fdd1f16d5b875342f538bb1ea66657c2b5608c2e467e2ae	76	True	True	accepted_unique
ref_000862	/home/user/wangyuhan/ML-GV02-03/data/raw/t05/gvpa/GvpA_NotPartial.fasta	GEM92210|gvpA|protein	GEM92210|gvpA|protein	130e62fc868ae20abbc4d7ff1b393afceecf214e482dae49a68d7adeac27391d	70	True	False	exact_duplicate
ref_000046	/home/user/wangyuhan/ML-GV02-03/data/raw/t05/gvpa/GvpA_NotPartial.fasta	GCE96702|gvpA|protein	GCE96702|gvpA|protein	8f7aa09afb9d7c3cc2eb21e2c36d3651a0b1d0bb140446aa99cfc1a96f4de3ce	72	True	False	exact_duplicate
ref_001053	/home/user/wangyuhan/ML-GV02-03/data/raw/t05/gvpa/GvpA_NotPartial.fasta	GCE06047|gvpA|protein	GCE06047|gvpA|protein	0817890ddac6c1156cd631c70f7f9c8eb9ee598dcb1d44e1dfa102283643f641	76	True	True	accepted_unique
ref_000553	/home/user/wangyuhan/ML-GV02-03/data/raw/t05/gvpa/GvpA_NotPartial.fasta	WLR49215|gvpA|protein	WLR49215|gvpA|protein	0f2a8f05ef1200c5dc0cf698f53b0bd686af024e90db1b1c281f9a0dc10db696	97	True	False	exact_duplicate
ref_001054	/home/user/wangyuhan/ML-GV02-03/data/raw/t05/gvpa/GvpA_NotPartial.fasta	GAO07967|gvpA|protein	GAO07967|gvpA|protein	bbadf719897c45da08f00f3b5f1f3fcf48ea263b44d9048a5714c4e62a107b0c	156	True	True	accepted_unique
ref_001055	/home/user/wangyuhan/ML-GV02-03/data/raw/t05/gvpa/GvpA_NotPartial.fasta	GAO07916|gvpA|protein	GAO07916|gvpA|protein	16be3cd3d97ccaa2c7df3673a38aba6c6123df942540b93ca25dbb3f21523668	146	True	True	accepted_unique
ref_001056	/home/user/wangyuhan/ML-GV02-03/data/raw/t05/gvpa/GvpA_NotPartial.fasta	GAO11825|gvpA|protein	GAO11825|gvpA|protein	50e7ec50620e080551e3a582b0fc3d9f782f6fa052a4838ddd3c941e37302f2c	156	True	True	accepted_unique
ref_000793	/home/user/wangyuhan/ML-GV02-03/data/raw/t05/gvpa/GvpA_NotPartial.fasta	GAX41487|gvpA|protein	GAX41487|gvpA|protein	12dabeef25e15f66b8b51cb9ef06884d5805b388789811193845b365ad2cf93c	72	True	False	exact_duplicate
ref_000467	/home/user/wangyuhan/ML-GV02-03/data/raw/t05/gvpa/GvpA_NotPartial.fasta	WP_304892876|gvpA|protein	WP_304892876|gvpA|protein	18bfe7ce20a3a401355454477c1f073f04b59f469ac2d9df5f1ed69eb2d9c755	72	True	False	exact_duplicate
ref_000468	/home/user/wangyuhan/ML-GV02-03/data/raw/t05/gvpa/GvpA_NotPartial.fasta	WP_304839272|gvpA|protein	WP_304839272|gvpA|protein	7f3ba3408331f0b52ea131a525ffc53c066b11342bed7104933209e9082f117d	71	True	False	exact_duplicate
ref_000469	/home/user/wangyuhan/ML-GV02-03/data/raw/t05/gvpa/GvpA_NotPartial.fasta	WP_304825881|gvpA|protein	WP_304825881|gvpA|protein	4cc577e850a35b25573fdd4685c9092e5ddc258f28461dd166070db0f5864ff5	72	True	False	exact_duplicate
ref_001057	/home/user/wangyuhan/ML-GV02-03/data/raw/t05/gvpa/GvpA_NotPartial.fasta	KAK1181699|gvpA|protein	KAK1181699|gvpA|protein	3eea95a610545d989cc1bc7224c0e0d3753a9bf6ed82145149be65b0951b1936	157	True	True	accepted_unique
ref_001058	/home/user/wangyuhan/ML-GV02-03/data/raw/t05/gvpa/GvpA_NotPartial.fasta	KAK1177480|gvpA|protein	KAK1177480|gvpA|protein	13ee99e71183bcf0111471c794073cd1a279d137f0bceb4cbb0ebcb2716406cc	156	True	True	accepted_unique
ref_001059	/home/user/wangyuhan/ML-GV02-03/data/raw/t05/gvpa/GvpA_NotPartial.fasta	GAF45372|gvpA|protein	GAF45372|gvpA|protein	dfa741bfaf88075b5cad15ff03f3a4bd4a938957483c9f9fea42e73849dfa68e	121	True	True	accepted_unique
ref_001060	/home/user/wangyuhan/ML-GV02-03/data/raw/t05/gvpa/GvpA_NotPartial.fasta	GAF45368|gvpA|protein	GAF45368|gvpA|protein	9c60a71de8a82fd3c0264b8a2946da85fabbf2ba3a05da79d0e22f6af12fc107	121	True	True	accepted_unique
ref_001061	/home/user/wangyuhan/ML-GV02-03/data/raw/t05/gvpa/GvpA_NotPartial.fasta	GAF45367|gvpA|protein	GAF45367|gvpA|protein	a1b20255bb0729dffa3b78365eecb9b7e778154d1e5ab8e546f302c86cfa7e9e	124	True	True	accepted_unique
ref_001062	/home/user/wangyuhan/ML-GV02-03/data/raw/t05/gvpa/GvpA_NotPartial.fasta	GAF46083|gvpA|protein	GAF46083|gvpA|protein	4d6d67ce0c869a337d6c7f70b6a169be666cc15533960b0467d072fe34f70d79	121	True	True	accepted_unique
ref_001063	/home/user/wangyuhan/ML-GV02-03/data/raw/t05/gvpa/GvpA_NotPartial.fasta	GAF46326|gvpA|protein	GAF46326|gvpA|protein	c6c6c9a5f7341498fda16b8ac46b8668b7706d52f2056e7f64698c5605a9e778	138	True	True	accepted_unique
ref_001064	/home/user/wangyuhan/ML-GV02-03/data/raw/t05/gvpa/GvpA_NotPartial.fasta	GAF49024|gvpA|protein	GAF49024|gvpA|protein	e6f75ee4612442ce5aa8a42f32b481fcd858baea8d435c1f391d72781607095d	122	True	True	accepted_unique
ref_001065	/home/user/wangyuhan/ML-GV02-03/data/raw/t05/gvpa/GvpA_NotPartial.fasta	GAC01520|gvpA|protein	GAC01520|gvpA|protein	1451c78833f55a393406e46a493dd966d46c97be0bfa049696fa61e99ac58156	129	True	True	accepted_unique
ref_001047	/home/user/wangyuhan/ML-GV02-03/data/raw/t05/gvpa/GvpA_NotPartial.fasta	WKZ20528|gvpA|protein	WKZ20528|gvpA|protein	9c9277ab558db757d72cbabe7f06a699df4f536c1b2a7f9669ab077692fbfbda	72	True	False	exact_duplicate
ref_001047	/home/user/wangyuhan/ML-GV02-03/data/raw/t05/gvpa/GvpA_NotPartial.fasta	WKZ19809|gvpA|protein	WKZ19809|gvpA|protein	9c9277ab558db757d72cbabe7f06a699df4f536c1b2a7f9669ab077692fbfbda	72	True	False	exact_duplicate
ref_001047	/home/user/wangyuhan/ML-GV02-03/data/raw/t05/gvpa/GvpA_NotPartial.fasta	WKZ16341|gvpA|protein	WKZ16341|gvpA|protein	9c9277ab558db757d72cbabe7f06a699df4f536c1b2a7f9669ab077692fbfbda	72	True	False	exact_duplicate
ref_001047	/home/user/wangyuhan/ML-GV02-03/data/raw/t05/gvpa/GvpA_NotPartial.fasta	WKZ16340|gvpA|protein	WKZ16340|gvpA|protein	9c9277ab558db757d72cbabe7f06a699df4f536c1b2a7f9669ab077692fbfbda	72	True	False	exact_duplicate
ref_000470	/home/user/wangyuhan/ML-GV02-03/data/raw/t05/gvpa/GvpA_NotPartial.fasta	WP_268609013|gvpA|protein	WP_268609013|gvpA|protein	7192aa1b5c4b0d0cb215f2b6466c63d14778b4ab192afa70b3d3c296e8d425c1	72	True	False	exact_duplicate
ref_000861	/home/user/wangyuhan/ML-GV02-03/data/raw/t05/gvpa/GvpA_NotPartial.fasta	WKX64359|gvpA|protein	WKX64359|gvpA|protein	1f275ce5dd842aaaf9d24fd9cd1a995ccd28e8006db8fd5d12c958ce30deb19a	71	True	False	exact_duplicate
ref_000861	/home/user/wangyuhan/ML-GV02-03/data/raw/t05/gvpa/GvpA_NotPartial.fasta	WKX64358|gvpA|protein	WKX64358|gvpA|protein	1f275ce5dd842aaaf9d24fd9cd1a995ccd28e8006db8fd5d12c958ce30deb19a	71	True	False	exact_duplicate
ref_000746	/home/user/wangyuhan/ML-GV02-03/data/raw/t05/gvpa/GvpA_NotPartial.fasta	WKX64357|gvpA|protein	WKX64357|gvpA|protein	0cff47cd0a85e1de37e0ecd86f2547117aedabb101c8e97eb486ebb51c831023	71	True	False	exact_duplicate
ref_000571	/home/user/wangyuhan/ML-GV02-03/data/raw/t05/gvpa/GvpA_NotPartial.fasta	WKU25619|gvpA|protein	WKU25619|gvpA|protein	70501e44d62eb76e66ddc809eae55ad4d35f7427a66686c78618db14d874a65f	86	True	False	exact_duplicate
ref_000428	/home/user/wangyuhan/ML-GV02-03/data/raw/t05/gvpa/GvpA_NotPartial.fasta	WKG32706|gvpA|protein	WKG32706|gvpA|protein	a4cf355a2019efa6dd79abf348a9cb7991530977cacc4b9050ec4e66250bb49b	86	True	False	exact_duplicate
ref_000471	/home/user/wangyuhan/ML-GV02-03/data/raw/t05/gvpa/GvpA_NotPartial.fasta	WP_120798278|gvpA|protein	WP_120798278|gvpA|protein	a2a7b780c74df6bd950e44b846f19e8dbd13d6566314074bf2069ba9d093ab3a	72	True	False	exact_duplicate
ref_000472	/home/user/wangyuhan/ML-GV02-03/data/raw/t05/gvpa/GvpA_NotPartial.fasta	WP_295540625|gvpA|protein	WP_295540625|gvpA|protein	603ba2fccd34d2e3b1429d174e372373f06492d7f3553e69d462d07c41147e20	72	True	False	exact_duplicate
ref_000046	/home/user/wangyuhan/ML-GV02-03/data/raw/t05/gvpa/GvpA_NotPartial.fasta	CDM94362|gvpA|protein	CDM94362|gvpA|protein	8f7aa09afb9d7c3cc2eb21e2c36d3651a0b1d0bb140446aa99cfc1a96f4de3ce	72	True	False	exact_duplicate
ref_000046	/home/user/wangyuhan/ML-GV02-03/data/raw/t05/gvpa/GvpA_NotPartial.fasta	CDM94358|gvpA|protein	CDM94358|gvpA|protein	8f7aa09afb9d7c3cc2eb21e2c36d3651a0b1d0bb140446aa99cfc1a96f4de3ce	72	True	False	exact_duplicate
ref_000473	/home/user/wangyuhan/ML-GV02-03/data/raw/t05/gvpa/GvpA_NotPartial.fasta	WP_298916699|gvpA|protein	WP_298916699|gvpA|protein	40a9ee2f296e1edcfbc272724aa2827573dacc3b2079d6c96e6da9eaaff72a2c	75	True	False	exact_duplicate
ref_000476	/home/user/wangyuhan/ML-GV02-03/data/raw/t05/gvpa/GvpA_NotPartial.fasta	WP_295448790|gvpA|protein	WP_295448790|gvpA|protein	dc38a4313453d819bde4cf5c13a9015df0365250c7779284ec96a6da68c2fab4	73	True	False	exact_duplicate
ref_000477	/home/user/wangyuhan/ML-GV02-03/data/raw/t05/gvpa/GvpA_NotPartial.fasta	WP_295391135|gvpA|protein	WP_295391135|gvpA|protein	c5e6ef219282f46a04ba0c1236dbe13f1f5258f89b8b8388ff9b4297e927ce07	72	True	False	exact_duplicate
ref_000478	/home/user/wangyuhan/ML-GV02-03/data/raw/t05/gvpa/GvpA_NotPartial.fasta	WP_293160100|gvpA|protein	WP_293160100|gvpA|protein	193a805604225b70bf9bc1f62baee1c0a20bc1bab4c8d87149ab2e36e52f70a1	90	True	False	exact_duplicate
ref_000479	/home/user/wangyuhan/ML-GV02-03/data/raw/t05/gvpa/GvpA_NotPartial.fasta	WP_293126616|gvpA|protein	WP_293126616|gvpA|protein	483476b5bde91cbf3a74f1c315847ab317de2944d9b90dd6cefb7cd4eb9d8ddc	90	True	False	exact_duplicate
ref_000480	/home/user/wangyuhan/ML-GV02-03/data/raw/t05/gvpa/GvpA_NotPartial.fasta	WP_293124005|gvpA|protein	WP_293124005|gvpA|protein	fd56bd8ca14d2ea7647f290be8b1edb2369bcfca88d88fa3e71f73703a94129c	72	True	False	exact_duplicate
ref_000481	/home/user/wangyuhan/ML-GV02-03/data/raw/t05/gvpa/GvpA_NotPartial.fasta	WP_293100807|gvpA|protein	WP_293100807|gvpA|protein	22ac9928a6c3fbaf8f7c8dae481ee31de9db75644aa3346d57ce80383dbdf4d6	89	True	False	exact_duplicate
ref_000482	/home/user/wangyuhan/ML-GV02-03/data/raw/t05/gvpa/GvpA_NotPartial.fasta	WP_293087767|gvpA|protein	WP_293087767|gvpA|protein	f5a522a905abb21e46c2eb43460f8b92d149cceded3f2f0c651539e57cc92243	90	True	False	exact_duplicate
ref_000483	/home/user/wangyuhan/ML-GV02-03/data/raw/t05/gvpa/GvpA_NotPartial.fasta	WP_293061633|gvpA|protein	WP_293061633|gvpA|protein	607f897bd5b7dd1b1fbe8a536309e7984377382c6445bb1164342f9298ee574c	90	True	False	exact_duplicate
ref_000484	/home/user/wangyuhan/ML-GV02-03/data/raw/t05/gvpa/GvpA_NotPartial.fasta	WP_291003874|gvpA|protein	WP_291003874|gvpA|protein	0c143ad343586201fcf9a3504764a20810d30e8d1de52807930145512c74f4c8	69	True	False	exact_duplicate
ref_000485	/home/user/wangyuhan/ML-GV02-03/data/raw/t05/gvpa/GvpA_NotPartial.fasta	WP_190553740|gvpA|protein	WP_190553740|gvpA|protein	ed971bf96974483cf1a58b8e6709b204cbc1eaef21cea873ae25620378ddb316	72	True	False	exact_duplicate
ref_000470	/home/user/wangyuhan/ML-GV02-03/data/raw/t05/gvpa/GvpA_NotPartial.fasta	WAL59275|gvpA|protein	WAL59275|gvpA|protein	7192aa1b5c4b0d0cb215f2b6466c63d14778b4ab192afa70b3d3c296e8d425c1	72	True	False	exact_duplicate
ref_000012	/home/user/wangyuhan/ML-GV02-03/data/raw/t05/gvpa/GvpA_NotPartial.fasta	UZQ54585|gvpA|protein	UZQ54585|gvpA|protein	622c716866d2133b80f2821fd0bc4b15c8a3872f04f569b358001ba249e094bc	72	True	False	exact_duplicate
ref_000853	/home/user/wangyuhan/ML-GV02-03/data/raw/t05/gvpa/GvpA_NotPartial.fasta	UIE36189|gvpA|protein	UIE36189|gvpA|protein	6f827542d262f6a8575a7ac08f23d14f643c985ecf8d65260a44d1f5c7ecb48c	72	True	False	exact_duplicate
ref_000853	/home/user/wangyuhan/ML-GV02-03/data/raw/t05/gvpa/GvpA_NotPartial.fasta	QZZ23719|gvpA|protein	QZZ23719|gvpA|protein	6f827542d262f6a8575a7ac08f23d14f643c985ecf8d65260a44d1f5c7ecb48c	72	True	False	exact_duplicate
ref_000456	/home/user/wangyuhan/ML-GV02-03/data/raw/t05/gvpa/GvpA_NotPartial.fasta	QKD81256|gvpA|protein	QKD81256|gvpA|protein	d71bd42b79fe4d801a018917a7a99157b39016a64db58d59d1c12c9993255219	72	True	False	exact_duplicate
ref_000813	/home/user/wangyuhan/ML-GV02-03/data/raw/t05/gvpa/GvpA_NotPartial.fasta	WJY14889|gvpA|protein	WJY14889|gvpA|protein	2c2604728bdef8750aecca71c68dd7345cd16ca9f3492c8d41790bc4ba9d256c	72	True	False	exact_duplicate
ref_000813	/home/user/wangyuhan/ML-GV02-03/data/raw/t05/gvpa/GvpA_NotPartial.fasta	WJY11068|gvpA|protein	WJY11068|gvpA|protein	2c2604728bdef8750aecca71c68dd7345cd16ca9f3492c8d41790bc4ba9d256c	72	True	False	exact_duplicate
ref_000441	/home/user/wangyuhan/ML-GV02-03/data/raw/t05/gvpa/GvpA_NotPartial.fasta	WJW97760|gvpA|protein	WJW97760|gvpA|protein	626bf126ff6a42e860e1c20b32f28779f549346c7554d3694e519c08b6d8a44f	86	True	False	exact_duplicate
ref_000443	/home/user/wangyuhan/ML-GV02-03/data/raw/t05/gvpa/GvpA_NotPartial.fasta	WJW97685|gvpA|protein	WJW97685|gvpA|protein	7c1ee34913e269628b618a114cee0c9a5db90412949ae6bff681672ba1b795b8	92	True	False	exact_duplicate
ref_000813	/home/user/wangyuhan/ML-GV02-03/data/raw/t05/gvpa/GvpA_NotPartial.fasta	WJV62751|gvpA|protein	WJV62751|gvpA|protein	2c2604728bdef8750aecca71c68dd7345cd16ca9f3492c8d41790bc4ba9d256c	72	True	False	exact_duplicate
ref_000813	/home/user/wangyuhan/ML-GV02-03/data/raw/t05/gvpa/GvpA_NotPartial.fasta	WJV67084|gvpA|protein	WJV67084|gvpA|protein	2c2604728bdef8750aecca71c68dd7345cd16ca9f3492c8d41790bc4ba9d256c	72	True	False	exact_duplicate
ref_000813	/home/user/wangyuhan/ML-GV02-03/data/raw/t05/gvpa/GvpA_NotPartial.fasta	WJV58461|gvpA|protein	WJV58461|gvpA|protein	2c2604728bdef8750aecca71c68dd7345cd16ca9f3492c8d41790bc4ba9d256c	72	True	False	exact_duplicate
ref_000813	/home/user/wangyuhan/ML-GV02-03/data/raw/t05/gvpa/GvpA_NotPartial.fasta	WJV54098|gvpA|protein	WJV54098|gvpA|protein	2c2604728bdef8750aecca71c68dd7345cd16ca9f3492c8d41790bc4ba9d256c	72	True	False	exact_duplicate
ref_001066	/home/user/wangyuhan/ML-GV02-03/data/raw/t05/gvpa/GvpA_NotPartial.fasta	WJV30592|gvpA|protein	WJV30592|gvpA|protein	07e2adee1b1c97951e611748646b5d9a029edc0983ec78fb5c8f6a844d87838c	86	True	True	accepted_unique
ref_000486	/home/user/wangyuhan/ML-GV02-03/data/raw/t05/gvpa/GvpA_NotPartial.fasta	WP_163833110|gvpA|protein	WP_163833110|gvpA|protein	63042e294eae0d141b5c2883dc58873a4850b5a7ac4fd2bddfe220e7ceec9eab	72	True	False	exact_duplicate
ref_000487	/home/user/wangyuhan/ML-GV02-03/data/raw/t05/gvpa/GvpA_NotPartial.fasta	WP_289215673|gvpA|protein	WP_289215673|gvpA|protein	b09a8337edbf59a7c5c366497f4a539d08db637110ecd96131eec6f501ce3d61	98	True	False	exact_duplicate
ref_000441	/home/user/wangyuhan/ML-GV02-03/data/raw/t05/gvpa/GvpA_NotPartial.fasta	WJN43138|gvpA|protein	WJN43138|gvpA|protein	626bf126ff6a42e860e1c20b32f28779f549346c7554d3694e519c08b6d8a44f	86	True	False	exact_duplicate
ref_000490	/home/user/wangyuhan/ML-GV02-03/data/raw/t05/gvpa/GvpA_NotPartial.fasta	WP_287674806|gvpA|protein	WP_287674806|gvpA|protein	66d41021d88e3bf58bdc5253af151a5177a49b38fef6d6e436acc727d44a35db	71	True	False	exact_duplicate
ref_000491	/home/user/wangyuhan/ML-GV02-03/data/raw/t05/gvpa/GvpA_NotPartial.fasta	WP_287627019|gvpA|protein	WP_287627019|gvpA|protein	5601498c9a93902562dbe611c5f41da9acf56aa8cf535802ef5a687a6a3351bc	71	True	False	exact_duplicate
ref_000494	/home/user/wangyuhan/ML-GV02-03/data/raw/t05/gvpa/GvpA_NotPartial.fasta	WP_287280996|gvpA|protein	WP_287280996|gvpA|protein	0ba4bde6653115be1dd4ecf31dd944288d9302b06a4eb7109abd4386bc4e28f6	72	True	False	exact_duplicate
ref_000495	/home/user/wangyuhan/ML-GV02-03/data/raw/t05/gvpa/GvpA_NotPartial.fasta	WP_102414373|gvpA|protein	WP_102414373|gvpA|protein	de4f0d0b434811184abb8b052f38372135b3400cefcaf1e93db2f3dce59657e3	86	True	False	exact_duplicate
ref_001067	/home/user/wangyuhan/ML-GV02-03/data/raw/t05/gvpa/GvpA_NotPartial.fasta	WJJ13758|gvpA|protein	WJJ13758|gvpA|protein	049b976820314d6d1bbac00fc960f2299f655d8385df0ce87e09c0328619714a	132	True	True	accepted_unique
ref_001068	/home/user/wangyuhan/ML-GV02-03/data/raw/t05/gvpa/GvpA_NotPartial.fasta	ULN46847|gvpA|protein	ULN46847|gvpA|protein	f24e045327970281b5cd3a6621a48c3bb348a9ebf248eb2a2d9f696fdff3f874	148	True	True	accepted_unique
ref_000441	/home/user/wangyuhan/ML-GV02-03/data/raw/t05/gvpa/GvpA_NotPartial.fasta	WJD79171|gvpA|protein	WJD79171|gvpA|protein	626bf126ff6a42e860e1c20b32f28779f549346c7554d3694e519c08b6d8a44f	86	True	False	exact_duplicate
ref_000496	/home/user/wangyuhan/ML-GV02-03/data/raw/t05/gvpa/GvpA_NotPartial.fasta	WP_052562317|gvpA|protein	WP_052562317|gvpA|protein	cb58ba6802b0f699eec63a9ac0dc87bf4b9d2ad2e5912e9f70a9a019ed1c42c4	72	True	False	exact_duplicate
ref_000497	/home/user/wangyuhan/ML-GV02-03/data/raw/t05/gvpa/GvpA_NotPartial.fasta	WP_052562316|gvpA|protein	WP_052562316|gvpA|protein	ec1d66f4985b18dd022643b17cee09b8a11441bc394c817d409b1c43b43b7833	72	True	False	exact_duplicate
ref_000498	/home/user/wangyuhan/ML-GV02-03/data/raw/t05/gvpa/GvpA_NotPartial.fasta	WP_285442166|gvpA|protein	WP_285442166|gvpA|protein	2a643259fb5c627e5a760a12d39c8bffca7b0f2759fb11752e71477163859744	65	True	False	exact_duplicate
ref_000231	/home/user/wangyuhan/ML-GV02-03/data/raw/t05/gvpa/GvpA_NotPartial.fasta	WIV67593|gvpA|protein	WIV67593|gvpA|protein	9fda348180c612303cdb7da49eec263f1c4a969cd97d7811ee7730f5dc5f4d4e	95	True	False	exact_duplicate
ref_000744	/home/user/wangyuhan/ML-GV02-03/data/raw/t05/gvpa/GvpA_NotPartial.fasta	BDV38619|gvpA|protein	BDV38619|gvpA|protein	b409898218d5081ec4342fccc5a0fff74fb9537ef871cae59901bbc285aa9a0d	72	True	False	exact_duplicate
ref_000499	/home/user/wangyuhan/ML-GV02-03/data/raw/t05/gvpa/GvpA_NotPartial.fasta	BDV34915|gvpA|protein	BDV34915|gvpA|protein	668321baf55f7bfbdc1bee20fef9252620fb0636f55bb6ea2d0270fc58855c37	72	True	False	exact_duplicate
ref_000499	/home/user/wangyuhan/ML-GV02-03/data/raw/t05/gvpa/GvpA_NotPartial.fasta	WP_165053833|gvpA|protein	WP_165053833|gvpA|protein	668321baf55f7bfbdc1bee20fef9252620fb0636f55bb6ea2d0270fc58855c37	72	True	False	exact_duplicate
ref_000500	/home/user/wangyuhan/ML-GV02-03/data/raw/t05/gvpa/GvpA_NotPartial.fasta	WP_277442832|gvpA|protein	WP_277442832|gvpA|protein	9adb2cc7f37ad19f8e0f5ef3b30905c0f4090471c3ec259b3fddc7492bfe73aa	70	True	False	exact_duplicate
ref_000501	/home/user/wangyuhan/ML-GV02-03/data/raw/t05/gvpa/GvpA_NotPartial.fasta	WP_271944488|gvpA|protein	WP_271944488|gvpA|protein	6166ab1a17ac507a42bf2742e59eb2fe7c145df2825dd7f29f5a819b362fb620	72	True	False	exact_duplicate
ref_000502	/home/user/wangyuhan/ML-GV02-03/data/raw/t05/gvpa/GvpA_NotPartial.fasta	WP_283077690|gvpA|protein	WP_283077690|gvpA|protein	39a0d637b9f5ad86efbf915ef25aeec70bdfae190f5763f82185e981d19d440d	86	True	False	exact_duplicate
ref_001069	/home/user/wangyuhan/ML-GV02-03/data/raw/t05/gvpa/GvpA_NotPartial.fasta	GLY35594|gvpA|protein	GLY35594|gvpA|protein	1c790f352d60fc1050628d281382b64bb60cc1d46c7fbdf5323c09fad8bcee5f	105	True	True	accepted_unique
ref_000503	/home/user/wangyuhan/ML-GV02-03/data/raw/t05/gvpa/GvpA_NotPartial.fasta	WP_281974780|gvpA|protein	WP_281974780|gvpA|protein	646d43372f49b1be4f561d502ed08bd9b4bee0104bba22dc9998d9d831069bc5	92	True	False	exact_duplicate
ref_000654	/home/user/wangyuhan/ML-GV02-03/data/raw/t05/gvpa/GvpA_NotPartial.fasta	BBU63941|gvpA|protein	BBU63941|gvpA|protein	063ea39f372fcc47b8549d3aaffbd563c50edad459e9e6c3bf3095d19d3db631	72	True	False	exact_duplicate
ref_000504	/home/user/wangyuhan/ML-GV02-03/data/raw/t05/gvpa/GvpA_NotPartial.fasta	WP_281658544|gvpA|protein	WP_281658544|gvpA|protein	6fee2e0959e28f7ad2d6a6b8e1a180ea8cf86b5d7f2e7d0625a0d9b4d1c7c3b5	96	True	False	exact_duplicate
ref_001070	/home/user/wangyuhan/ML-GV02-03/data/raw/t05/gvpa/GvpA_NotPartial.fasta	UTE73172|gvpA|protein	UTE73172|gvpA|protein	426945d8cc00ec8955a1646dbeed14d6101d9b701a545ad72475714ad119e38e	86	True	True	accepted_unique
ref_001071	/home/user/wangyuhan/ML-GV02-03/data/raw/t05/gvpa/GvpA_NotPartial.fasta	UTE73169|gvpA|protein	UTE73169|gvpA|protein	e1d8e1d8d2f54947a961e47ae2b8a2f3d9e21221779701cb9a59026d90dfcb18	85	True	True	accepted_unique
ref_000505	/home/user/wangyuhan/ML-GV02-03/data/raw/t05/gvpa/GvpA_NotPartial.fasta	WP_225064982|gvpA|protein	WP_225064982|gvpA|protein	9587ffd39bd2d85bd5ef1b9a5ae86d45dd30e6a82d024d71e35f3b6b7b313f1e	83	True	False	exact_duplicate
ref_000506	/home/user/wangyuhan/ML-GV02-03/data/raw/t05/gvpa/GvpA_NotPartial.fasta	WP_097650585|gvpA|protein	WP_097650585|gvpA|protein	2708b2500f3eefced6c03a2e849c6957074512fb0f014e8343be33cf184f5066	69	True	False	exact_duplicate
ref_000507	/home/user/wangyuhan/ML-GV02-03/data/raw/t05/gvpa/GvpA_NotPartial.fasta	WP_012408764|gvpA|protein	WP_012408764|gvpA|protein	307aae2a7a20a7f3cf488cb36e227a148bf49d9b924e9828e229b081cb145d9b	73	True	False	exact_duplicate
ref_000508	/home/user/wangyuhan/ML-GV02-03/data/raw/t05/gvpa/GvpA_NotPartial.fasta	WP_011316976|gvpA|protein	WP_011316976|gvpA|protein	444b2346dad8b8d36df26a3c5f4c05fe76772f974e7bcd020fa19b6132e0ca44	71	True	False	exact_duplicate
ref_000509	/home/user/wangyuhan/ML-GV02-03/data/raw/t05/gvpa/GvpA_NotPartial.fasta	WP_068866927|gvpA|protein	WP_068866927|gvpA|protein	d1ffe3160c1f85b8feb9318303c3242b1b3f5affb5de3b3a2fc2ab8444879755	68	True	False	exact_duplicate
ref_000771	/home/user/wangyuhan/ML-GV02-03/data/raw/t05/gvpa/GvpA_NotPartial.fasta	WGG45622|gvpA|protein	WGG45622|gvpA|protein	ddd28b4f0183c6c3a6e1f627f4ba7913059a06e6f7955ec67b16a218628ff1d1	86	True	False	exact_duplicate
ref_000877	/home/user/wangyuhan/ML-GV02-03/data/raw/t05/gvpa/GvpA_NotPartial.fasta	WGG45619|gvpA|protein	WGG45619|gvpA|protein	cd47d1496d29850f6644a2e4918cb8d069efc2063d92c23b7ee666969d921dd9	86	True	False	exact_duplicate
ref_001072	/home/user/wangyuhan/ML-GV02-03/data/raw/t05/gvpa/GvpA_NotPartial.fasta	WFT75727|gvpA|protein	WFT75727|gvpA|protein	16f4d6984b9b4853b8488d2f00837aded0a0837a54e38fc9966fcd470df131ab	86	True	True	accepted_unique
ref_000502	/home/user/wangyuhan/ML-GV02-03/data/raw/t05/gvpa/GvpA_NotPartial.fasta	WFT75724|gvpA|protein	WFT75724|gvpA|protein	39a0d637b9f5ad86efbf915ef25aeec70bdfae190f5763f82185e981d19d440d	86	True	False	exact_duplicate
ref_000899	/home/user/wangyuhan/ML-GV02-03/data/raw/t05/gvpa/GvpA_NotPartial.fasta	WFS12910|gvpA|protein	WFS12910|gvpA|protein	45d8bf8bea0b0845fea0454ddcc5aeef60886812481cab811e7b2c5e31b593c1	139	True	False	exact_duplicate
ref_000900	/home/user/wangyuhan/ML-GV02-03/data/raw/t05/gvpa/GvpA_NotPartial.fasta	WFS11712|gvpA|protein	WFS11712|gvpA|protein	5d7c3d0594612da43ea22e75595e807f8d301c7b38eca653a97700234387055e	137	True	False	exact_duplicate
ref_001073	/home/user/wangyuhan/ML-GV02-03/data/raw/t05/gvpa/GvpA_NotPartial.fasta	WFB05881|gvpA|protein	WFB05881|gvpA|protein	ebdc86196ce4e8d00cbf9ba38711d49948dea32e86053404b7bef7a590e2f72d	154	True	True	accepted_unique
ref_001074	/home/user/wangyuhan/ML-GV02-03/data/raw/t05/gvpa/GvpA_NotPartial.fasta	WEV78833|gvpA|protein	WEV78833|gvpA|protein	5c045ab07969cb21b0adc650d10e1f76e3eb17c96311c8130658a00ccf3eb10f	142	True	True	accepted_unique
ref_001075	/home/user/wangyuhan/ML-GV02-03/data/raw/t05/gvpa/GvpA_NotPartial.fasta	WEV23940|gvpA|protein	WEV23940|gvpA|protein	1ecba3351cb7c8c6d3e7ede9054328338a77f37abae1c23858b9814c9ac04ca7	146	True	True	accepted_unique
ref_000510	/home/user/wangyuhan/ML-GV02-03/data/raw/t05/gvpa/GvpA_NotPartial.fasta	WP_275118280|gvpA|protein	WP_275118280|gvpA|protein	ccf96d6a6ed62483f79acd8fe73ca53375ccdbff2e5eb7b13fb254638c377970	72	True	False	exact_duplicate
ref_000511	/home/user/wangyuhan/ML-GV02-03/data/raw/t05/gvpa/GvpA_NotPartial.fasta	WP_275036028|gvpA|protein	WP_275036028|gvpA|protein	d1371fd7814fe8dbe69eebdaac7dc0d6ec9407eaf3a1e47a77080b7271904c05	86	True	False	exact_duplicate
ref_000512	/home/user/wangyuhan/ML-GV02-03/data/raw/t05/gvpa/GvpA_NotPartial.fasta	WP_274691980|gvpA|protein	WP_274691980|gvpA|protein	e6ab93f7efc7fc3ffe18f7c1b0f81b303e89607fc39babd5044a943fc09e239c	72	True	False	exact_duplicate
ref_000513	/home/user/wangyuhan/ML-GV02-03/data/raw/t05/gvpa/GvpA_NotPartial.fasta	WP_272092571|gvpA|protein	WP_272092571|gvpA|protein	2132a9e0b250f93ef0736ebabe690b8824688eaa43ca2b5f13031813d3be336a	71	True	False	exact_duplicate
ref_000514	/home/user/wangyuhan/ML-GV02-03/data/raw/t05/gvpa/GvpA_NotPartial.fasta	WP_272074942|gvpA|protein	WP_272074942|gvpA|protein	9b4ea9dc72fc9d6476a60eecf72e56bd632d462e769dd90487b525a2b38d7cbc	71	True	False	exact_duplicate
ref_000515	/home/user/wangyuhan/ML-GV02-03/data/raw/t05/gvpa/GvpA_NotPartial.fasta	WP_271933955|gvpA|protein	WP_271933955|gvpA|protein	2684144e3e1bc2f66f34bd3471bdb834271f9c778f2e790ef6ac290001111f5f	71	True	False	exact_duplicate
ref_000517	/home/user/wangyuhan/ML-GV02-03/data/raw/t05/gvpa/GvpA_NotPartial.fasta	WP_268070118|gvpA|protein	WP_268070118|gvpA|protein	c98671ca28ab9cb8f04cae21231ffdd6c177743f85112a951dc5b7ecbdbe98d4	69	True	False	exact_duplicate
ref_000518	/home/user/wangyuhan/ML-GV02-03/data/raw/t05/gvpa/GvpA_NotPartial.fasta	WP_213698146|gvpA|protein	WP_213698146|gvpA|protein	6eb103ed851a261f0454e5c7b5e46eddc554e5c21ab07bb46777bd1462e56f2c	69	True	False	exact_duplicate
ref_000519	/home/user/wangyuhan/ML-GV02-03/data/raw/t05/gvpa/GvpA_NotPartial.fasta	WP_272058300|gvpA|protein	WP_272058300|gvpA|protein	1833721e1724827de2bbb52fb85e65c97bb94592de7b309d46c4c68f6e8d83e3	71	True	False	exact_duplicate
ref_000521	/home/user/wangyuhan/ML-GV02-03/data/raw/t05/gvpa/GvpA_NotPartial.fasta	WP_265409472|gvpA|protein	WP_265409472|gvpA|protein	09f47a4c9a94b657ae7d1fd6a904d0e1860e493a6747ea8b5847a6bee1457ba9	87	True	False	exact_duplicate
ref_000522	/home/user/wangyuhan/ML-GV02-03/data/raw/t05/gvpa/GvpA_NotPartial.fasta	WP_264492078|gvpA|protein	WP_264492078|gvpA|protein	399c6c7f39b6c9cf5ad57037cc9d099acc0691f6eb1695ba4f607a70ccca826c	70	True	False	exact_duplicate
ref_000523	/home/user/wangyuhan/ML-GV02-03/data/raw/t05/gvpa/GvpA_NotPartial.fasta	WP_261749222|gvpA|protein	WP_261749222|gvpA|protein	70e619942db9ffc2c9b76b5fbe40eb0e3d554fa5d8f39c38d915e4afa6068257	86	True	False	exact_duplicate
ref_000524	/home/user/wangyuhan/ML-GV02-03/data/raw/t05/gvpa/GvpA_NotPartial.fasta	WP_261225443|gvpA|protein	WP_261225443|gvpA|protein	150260db0a312db92173e5b899cab7b171993c4d392a3abf7694cfa5eb8eca15	75	True	False	exact_duplicate
ref_000525	/home/user/wangyuhan/ML-GV02-03/data/raw/t05/gvpa/GvpA_NotPartial.fasta	WP_261131333|gvpA|protein	WP_261131333|gvpA|protein	51d4aa4718d4ddd20574d29630496ae709e65d5bca511963ce0250a9c5527def	85	True	False	exact_duplicate
ref_000526	/home/user/wangyuhan/ML-GV02-03/data/raw/t05/gvpa/GvpA_NotPartial.fasta	WP_257448585|gvpA|protein	WP_257448585|gvpA|protein	261427cf6474f66e5844d86d152c1d1da25033923e42ade13bf24ba1363a06e2	100	True	False	exact_duplicate
ref_000527	/home/user/wangyuhan/ML-GV02-03/data/raw/t05/gvpa/GvpA_NotPartial.fasta	WP_257347633|gvpA|protein	WP_257347633|gvpA|protein	68131976059d25a80b1964e517478d2e06e3d10065ab1c880adc94e79071562d	86	True	False	exact_duplicate
ref_000528	/home/user/wangyuhan/ML-GV02-03/data/raw/t05/gvpa/GvpA_NotPartial.fasta	WP_257347630|gvpA|protein	WP_257347630|gvpA|protein	a182ae3bb53ca39deed17650eea46611759fd6620025359944037de10519f372	87	True	False	exact_duplicate
ref_000529	/home/user/wangyuhan/ML-GV02-03/data/raw/t05/gvpa/GvpA_NotPartial.fasta	WP_256019813|gvpA|protein	WP_256019813|gvpA|protein	d9e7adf0f15523b79bb71f4b9e86898a470abfd3037e9de253b5b81e9e7b03c8	73	True	False	exact_duplicate
ref_000530	/home/user/wangyuhan/ML-GV02-03/data/raw/t05/gvpa/GvpA_NotPartial.fasta	WP_255242257|gvpA|protein	WP_255242257|gvpA|protein	9c6b2526a0bb2c4a36c1e2117cf4711ff4b2b937b14c53f1e3da2df9ee87de56	92	True	False	exact_duplicate
ref_000531	/home/user/wangyuhan/ML-GV02-03/data/raw/t05/gvpa/GvpA_NotPartial.fasta	WP_254567340|gvpA|protein	WP_254567340|gvpA|protein	f6ebacfa83a4d005159e272ad7f53fde298c79600bbb46fde8ccdfb6f03f9f61	72	True	False	exact_duplicate
ref_000532	/home/user/wangyuhan/ML-GV02-03/data/raw/t05/gvpa/GvpA_NotPartial.fasta	WP_253936202|gvpA|protein	WP_253936202|gvpA|protein	b412c2b00055ebc34540bf363c839797be298e47d292a4360c0e3098d01d727a	97	True	False	exact_duplicate
ref_000533	/home/user/wangyuhan/ML-GV02-03/data/raw/t05/gvpa/GvpA_NotPartial.fasta	WP_253923572|gvpA|protein	WP_253923572|gvpA|protein	c9dd3d8bb3321e485fa82b9efb3cf0cc2427f43d6df387141e74fbd90e53669e	97	True	False	exact_duplicate
ref_000534	/home/user/wangyuhan/ML-GV02-03/data/raw/t05/gvpa/GvpA_NotPartial.fasta	WP_252284046|gvpA|protein	WP_252284046|gvpA|protein	cace8f7ec0f10f4823d0ae9dea12552172553751f3f14cb0f92c2a762afd5089	86	True	False	exact_duplicate
ref_000535	/home/user/wangyuhan/ML-GV02-03/data/raw/t05/gvpa/GvpA_NotPartial.fasta	WP_251224769|gvpA|protein	WP_251224769|gvpA|protein	01217a4061546de4f4235a8a9191a5971150e578f09e8c10e17c47b603704344	86	True	False	exact_duplicate
ref_000536	/home/user/wangyuhan/ML-GV02-03/data/raw/t05/gvpa/GvpA_NotPartial.fasta	WP_245917923|gvpA|protein	WP_245917923|gvpA|protein	8bb7f995156f78926ae79bebee56ba845afa75ef11e95b1602c60f944c886352	90	True	False	exact_duplicate
ref_000537	/home/user/wangyuhan/ML-GV02-03/data/raw/t05/gvpa/GvpA_NotPartial.fasta	WP_245035174|gvpA|protein	WP_245035174|gvpA|protein	d067ede25f6c0516a95636ce1ba39bb7c9af60934aa1be5c02f93f76c57f8d13	86	True	False	exact_duplicate
ref_000538	/home/user/wangyuhan/ML-GV02-03/data/raw/t05/gvpa/GvpA_NotPartial.fasta	WP_244752026|gvpA|protein	WP_244752026|gvpA|protein	09086542d4cbb738c598ac64846bcf11b99d89bf5548d9cd131ec5c41c15d981	86	True	False	exact_duplicate
ref_000539	/home/user/wangyuhan/ML-GV02-03/data/raw/t05/gvpa/GvpA_NotPartial.fasta	WP_244709876|gvpA|protein	WP_244709876|gvpA|protein	b57aea053dff80c6482c73ae4d65951ad92817758d08bbac48f2486c643f6b1d	96	True	False	exact_duplicate
ref_000540	/home/user/wangyuhan/ML-GV02-03/data/raw/t05/gvpa/GvpA_NotPartial.fasta	WP_238625541|gvpA|protein	WP_238625541|gvpA|protein	1c3f16a0fdc7b319cfc790d2f90570d448332245bedff19b9985cdb064da006e	72	True	False	exact_duplicate
ref_000541	/home/user/wangyuhan/ML-GV02-03/data/raw/t05/gvpa/GvpA_NotPartial.fasta	WP_238618220|gvpA|protein	WP_238618220|gvpA|protein	50dda88e67458b1e7169cf63df9f4a9573847ffb6e704b8865356239023fc0a5	72	True	False	exact_duplicate
ref_000542	/home/user/wangyuhan/ML-GV02-03/data/raw/t05/gvpa/GvpA_NotPartial.fasta	WP_237663390|gvpA|protein	WP_237663390|gvpA|protein	351862cb01754fd1ab98becc78f0fae74e2cef16eabbad00ce4ec4d17ea28588	88	True	False	exact_duplicate
ref_000543	/home/user/wangyuhan/ML-GV02-03/data/raw/t05/gvpa/GvpA_NotPartial.fasta	WP_236332925|gvpA|protein	WP_236332925|gvpA|protein	5cb381db9359101cf272e579ba3b52053113cb020d6650cf29644e5d8e8c1024	86	True	False	exact_duplicate
ref_000544	/home/user/wangyuhan/ML-GV02-03/data/raw/t05/gvpa/GvpA_NotPartial.fasta	WP_236332920|gvpA|protein	WP_236332920|gvpA|protein	4fb6b9391abe691f2baad498dcd90c96aa08fa3d5b40099b2c0cb556e59cae84	85	True	False	exact_duplicate
ref_000545	/home/user/wangyuhan/ML-GV02-03/data/raw/t05/gvpa/GvpA_NotPartial.fasta	WP_235277851|gvpA|protein	WP_235277851|gvpA|protein	31320e152ba1b4cfe0c578adc3bc71faebcf564d308a23d5fe331d1623dab72a	72	True	False	exact_duplicate
ref_000546	/home/user/wangyuhan/ML-GV02-03/data/raw/t05/gvpa/GvpA_NotPartial.fasta	WP_234067215|gvpA|protein	WP_234067215|gvpA|protein	8b714e1325cbfdfacd939fe7c98c8dc650c90f4f53ee18e3c84bf6021011671d	74	True	False	exact_duplicate
ref_000547	/home/user/wangyuhan/ML-GV02-03/data/raw/t05/gvpa/GvpA_NotPartial.fasta	WP_231788133|gvpA|protein	WP_231788133|gvpA|protein	07bd0e36be9cf6488fb783678d2839408a08e465eeb513fd50df7c54ed244c5b	91	True	False	exact_duplicate
ref_000548	/home/user/wangyuhan/ML-GV02-03/data/raw/t05/gvpa/GvpA_NotPartial.fasta	WP_230500926|gvpA|protein	WP_230500926|gvpA|protein	b5963311e20bf490cf4c5833a96b65a615bf913be133dd296a6f4fd2b9dd8aef	86	True	False	exact_duplicate
ref_000549	/home/user/wangyuhan/ML-GV02-03/data/raw/t05/gvpa/GvpA_NotPartial.fasta	WP_229250374|gvpA|protein	WP_229250374|gvpA|protein	45f439ecd52873031578853dd0e7bf7349fee43600e6b3b27eacb8600dc66198	71	True	False	exact_duplicate
ref_000550	/home/user/wangyuhan/ML-GV02-03/data/raw/t05/gvpa/GvpA_NotPartial.fasta	WP_227937098|gvpA|protein	WP_227937098|gvpA|protein	3ce8f60b99b21237414a17cdbbd31332ae83cf3b0bc83fe73fe3cfc226dd3814	85	True	False	exact_duplicate
ref_000551	/home/user/wangyuhan/ML-GV02-03/data/raw/t05/gvpa/GvpA_NotPartial.fasta	WP_226675412|gvpA|protein	WP_226675412|gvpA|protein	9dc637e90a7070ed00fed786aa30e4b223dcf60fcb0a7a89ca12bd94a069eb83	86	True	False	exact_duplicate
ref_000552	/home/user/wangyuhan/ML-GV02-03/data/raw/t05/gvpa/GvpA_NotPartial.fasta	WP_226654652|gvpA|protein	WP_226654652|gvpA|protein	e092f1bde34194b8d96952c80a1bb45bd13eab90c8f00a8c8b92bd8f8a8e89d8	87	True	False	exact_duplicate
ref_000553	/home/user/wangyuhan/ML-GV02-03/data/raw/t05/gvpa/GvpA_NotPartial.fasta	WP_226592142|gvpA|protein	WP_226592142|gvpA|protein	0f2a8f05ef1200c5dc0cf698f53b0bd686af024e90db1b1c281f9a0dc10db696	97	True	False	exact_duplicate
ref_000554	/home/user/wangyuhan/ML-GV02-03/data/raw/t05/gvpa/GvpA_NotPartial.fasta	WP_224880169|gvpA|protein	WP_224880169|gvpA|protein	1da09a04eab900f303396e5c38a46627db81572da7ab13c70418a763829d05ea	86	True	False	exact_duplicate
ref_000555	/home/user/wangyuhan/ML-GV02-03/data/raw/t05/gvpa/GvpA_NotPartial.fasta	WP_224875779|gvpA|protein	WP_224875779|gvpA|protein	a97455c28a62de8f61f44e2f9bdf762bf4d323e39305a2188042fb29f5d0070d	86	True	False	exact_duplicate
ref_000556	/home/user/wangyuhan/ML-GV02-03/data/raw/t05/gvpa/GvpA_NotPartial.fasta	WP_224341338|gvpA|protein	WP_224341338|gvpA|protein	5d6c7bd3713afa1895abe6ae329714a578b15ee9382769ce7e3f16678daedbea	72	True	False	exact_duplicate
ref_000557	/home/user/wangyuhan/ML-GV02-03/data/raw/t05/gvpa/GvpA_NotPartial.fasta	WP_224249737|gvpA|protein	WP_224249737|gvpA|protein	2b57a127896613be0c567c3e6e1bd21928d29b1de9c410605a650ef834f57699	73	True	False	exact_duplicate
ref_000558	/home/user/wangyuhan/ML-GV02-03/data/raw/t05/gvpa/GvpA_NotPartial.fasta	WP_223643714|gvpA|protein	WP_223643714|gvpA|protein	df27c6cb10b51229e5ef6fb5a6948eea04d4f6703b5d0e0ebc4be5ec98ddec28	74	True	False	exact_duplicate
ref_000559	/home/user/wangyuhan/ML-GV02-03/data/raw/t05/gvpa/GvpA_NotPartial.fasta	WP_223587735|gvpA|protein	WP_223587735|gvpA|protein	86a1bb384f8aaccbe24ac604258d445da780447c431c6d24cc785e6ec4dc5a3f	82	True	False	exact_duplicate
ref_000560	/home/user/wangyuhan/ML-GV02-03/data/raw/t05/gvpa/GvpA_NotPartial.fasta	WP_221567459|gvpA|protein	WP_221567459|gvpA|protein	edef782f11b8c7eacb3496dc87b615068b7e7be32f3550a413356d8d4de95c45	85	True	False	exact_duplicate
ref_000561	/home/user/wangyuhan/ML-GV02-03/data/raw/t05/gvpa/GvpA_NotPartial.fasta	WP_220598475|gvpA|protein	WP_220598475|gvpA|protein	5fb53d83d56d48c68c10c69bbbc1d2674a8448de312e77544dac1fbb63c5f949	71	True	False	exact_duplicate
ref_000562	/home/user/wangyuhan/ML-GV02-03/data/raw/t05/gvpa/GvpA_NotPartial.fasta	WP_220584226|gvpA|protein	WP_220584226|gvpA|protein	7987b4f5a99061af67e90b3643f244abbd71cc8e9a26261c2cc8f3c85f45c2c9	97	True	False	exact_duplicate
ref_000563	/home/user/wangyuhan/ML-GV02-03/data/raw/t05/gvpa/GvpA_NotPartial.fasta	WP_216830687|gvpA|protein	WP_216830687|gvpA|protein	da651a0a7b69341f23f4d46ee3c805e350ea3d98b94f0f4fe8704ffafe281576	80	True	False	exact_duplicate
ref_000564	/home/user/wangyuhan/ML-GV02-03/data/raw/t05/gvpa/GvpA_NotPartial.fasta	WP_216144691|gvpA|protein	WP_216144691|gvpA|protein	033157a4d26d86912677f3bbdc709764136df52b7907318179702c277c3c7f0c	86	True	False	exact_duplicate
ref_000565	/home/user/wangyuhan/ML-GV02-03/data/raw/t05/gvpa/GvpA_NotPartial.fasta	WP_215831984|gvpA|protein	WP_215831984|gvpA|protein	5d4bc3951377fd2faff773917b35ede7c69196d80c3091cc385118c158454d40	86	True	False	exact_duplicate
ref_000566	/home/user/wangyuhan/ML-GV02-03/data/raw/t05/gvpa/GvpA_NotPartial.fasta	WP_215831982|gvpA|protein	WP_215831982|gvpA|protein	70e926d855b20edca8f9daf9928c0910d108d16747c667ab648201801f4d6619	78	True	False	exact_duplicate
ref_000567	/home/user/wangyuhan/ML-GV02-03/data/raw/t05/gvpa/GvpA_NotPartial.fasta	WP_215828571|gvpA|protein	WP_215828571|gvpA|protein	483bbff4b0b9b4108f6d432539f113f875d38f69375f16bf995878485774a420	86	True	False	exact_duplicate
ref_000568	/home/user/wangyuhan/ML-GV02-03/data/raw/t05/gvpa/GvpA_NotPartial.fasta	WP_212604240|gvpA|protein	WP_212604240|gvpA|protein	8cc5c88d15faa4d4098f2e0e279a8fb35cdc96628acfb409d13655dbc284d226	86	True	False	exact_duplicate
ref_000569	/home/user/wangyuhan/ML-GV02-03/data/raw/t05/gvpa/GvpA_NotPartial.fasta	WP_211560237|gvpA|protein	WP_211560237|gvpA|protein	1ae061b1db7a06cf0b365f4c7845053dda9b7ebb45e9377289bb0f188f49bd40	87	True	False	exact_duplicate
ref_000570	/home/user/wangyuhan/ML-GV02-03/data/raw/t05/gvpa/GvpA_NotPartial.fasta	WP_211077784|gvpA|protein	WP_211077784|gvpA|protein	2e924180e7ec30a6674687b1fffadb3985fab4556a88fa6d0d47da09af19a742	88	True	False	exact_duplicate
ref_000571	/home/user/wangyuhan/ML-GV02-03/data/raw/t05/gvpa/GvpA_NotPartial.fasta	WP_208733210|gvpA|protein	WP_208733210|gvpA|protein	70501e44d62eb76e66ddc809eae55ad4d35f7427a66686c78618db14d874a65f	86	True	False	exact_duplicate
ref_000572	/home/user/wangyuhan/ML-GV02-03/data/raw/t05/gvpa/GvpA_NotPartial.fasta	WP_207648199|gvpA|protein	WP_207648199|gvpA|protein	aef0e900ff08f50b51050dde6bb5f7243d00e9254cf676e0689045da47b7d7a4	75	True	False	exact_duplicate
ref_000573	/home/user/wangyuhan/ML-GV02-03/data/raw/t05/gvpa/GvpA_NotPartial.fasta	WP_207545114|gvpA|protein	WP_207545114|gvpA|protein	31bb770684ff35b24094bfab3a08efbea4548bf6fc3804405eea072a78fca361	74	True	False	exact_duplicate
ref_000574	/home/user/wangyuhan/ML-GV02-03/data/raw/t05/gvpa/GvpA_NotPartial.fasta	WP_206933396|gvpA|protein	WP_206933396|gvpA|protein	fe8e5bed782f7960b0cae5e61ebb67463773e8c2867325b46d0723d6a1d0c490	96	True	False	exact_duplicate
ref_000575	/home/user/wangyuhan/ML-GV02-03/data/raw/t05/gvpa/GvpA_NotPartial.fasta	WP_205090101|gvpA|protein	WP_205090101|gvpA|protein	dec5fa293ad4eeaffa6f9b9b68a2b16f1c63a3ac47b7654fe352ecb185f5881e	98	True	False	exact_duplicate
ref_000576	/home/user/wangyuhan/ML-GV02-03/data/raw/t05/gvpa/GvpA_NotPartial.fasta	WP_204729210|gvpA|protein	WP_204729210|gvpA|protein	8031a3a05037a74c25189ebe17b41b130b1bdecfaa05fecf04841ffed5b7d94e	88	True	False	exact_duplicate
ref_000577	/home/user/wangyuhan/ML-GV02-03/data/raw/t05/gvpa/GvpA_NotPartial.fasta	WP_204220980|gvpA|protein	WP_204220980|gvpA|protein	e9a0f84c227e1492bb8380eeeef1129aebadd60aed45ef4d8da47525c8e99431	100	True	False	exact_duplicate
ref_000578	/home/user/wangyuhan/ML-GV02-03/data/raw/t05/gvpa/GvpA_NotPartial.fasta	WP_204152466|gvpA|protein	WP_204152466|gvpA|protein	81e16e28c5b6ae6c687edf26d1131e81f064e78832c4adcc34b641fd643a0d3a	71	True	False	exact_duplicate
ref_000579	/home/user/wangyuhan/ML-GV02-03/data/raw/t05/gvpa/GvpA_NotPartial.fasta	WP_202218625|gvpA|protein	WP_202218625|gvpA|protein	a2748151d0c02d5ee64cb337c18e79efd81482960c596f5e4f6e074f4c03cabf	90	True	False	exact_duplicate
ref_000580	/home/user/wangyuhan/ML-GV02-03/data/raw/t05/gvpa/GvpA_NotPartial.fasta	WP_201714563|gvpA|protein	WP_201714563|gvpA|protein	13b468f1d3a3dbb11fa2839385568126ace3d38387010fd7e6b08a6259d94000	86	True	False	exact_duplicate
ref_000581	/home/user/wangyuhan/ML-GV02-03/data/raw/t05/gvpa/GvpA_NotPartial.fasta	WP_201392536|gvpA|protein	WP_201392536|gvpA|protein	d4535c05655d38b6793226a1d23a25c56906808389ddcfab5e4bfda317918e57	71	True	False	exact_duplicate
ref_000582	/home/user/wangyuhan/ML-GV02-03/data/raw/t05/gvpa/GvpA_NotPartial.fasta	WP_201375104|gvpA|protein	WP_201375104|gvpA|protein	dd1c249d0891ddb7284f0f9c047e5891ce47556dd767e6235b9e039efc5e7d8f	71	True	False	exact_duplicate
ref_000583	/home/user/wangyuhan/ML-GV02-03/data/raw/t05/gvpa/GvpA_NotPartial.fasta	WP_201320714|gvpA|protein	WP_201320714|gvpA|protein	90d11bccd2cb7147c1fee47f2b0f358a197ba3bdfa1c9c5d2188fb199722c527	75	True	False	exact_duplicate
ref_000584	/home/user/wangyuhan/ML-GV02-03/data/raw/t05/gvpa/GvpA_NotPartial.fasta	WP_200989004|gvpA|protein	WP_200989004|gvpA|protein	96074fbc1c013ecec913fd6d727f8fb9ce191eaf5c13455284d6261afb06de81	71	True	False	exact_duplicate
ref_000585	/home/user/wangyuhan/ML-GV02-03/data/raw/t05/gvpa/GvpA_NotPartial.fasta	WP_200348319|gvpA|protein	WP_200348319|gvpA|protein	42c893463fb64a324e0329fe17ac8680ed28500bc84d8ca81fd4e667fa6627e9	72	True	False	exact_duplicate
ref_000586	/home/user/wangyuhan/ML-GV02-03/data/raw/t05/gvpa/GvpA_NotPartial.fasta	WP_200245878|gvpA|protein	WP_200245878|gvpA|protein	b210eed1ce4ece76342b0d73984857ae46c94c81715fcf6e4aeb612f57a90326	72	True	False	exact_duplicate
ref_000588	/home/user/wangyuhan/ML-GV02-03/data/raw/t05/gvpa/GvpA_NotPartial.fasta	WP_195782633|gvpA|protein	WP_195782633|gvpA|protein	68d62db14d5f1911f6ac8ff9bb45e58ec4dd1943686990174f214a41d639ffa7	92	True	False	exact_duplicate
ref_000589	/home/user/wangyuhan/ML-GV02-03/data/raw/t05/gvpa/GvpA_NotPartial.fasta	WP_195782579|gvpA|protein	WP_195782579|gvpA|protein	d2440e6d37d33df171fe01f57e543b1b8dee111fd57f9374a4bd9c967cc46d30	86	True	False	exact_duplicate
ref_000590	/home/user/wangyuhan/ML-GV02-03/data/raw/t05/gvpa/GvpA_NotPartial.fasta	WP_194218447|gvpA|protein	WP_194218447|gvpA|protein	b454aacc4a69df8c17a0ae023415ccd95ef9280551de8885b41dd5cdd0974814	86	True	False	exact_duplicate
ref_000591	/home/user/wangyuhan/ML-GV02-03/data/raw/t05/gvpa/GvpA_NotPartial.fasta	WP_194056178|gvpA|protein	WP_194056178|gvpA|protein	ec09e260540587684c1e3d9fe9e3637bb1adc3247e4a9067aa55daa390cc3d04	71	True	False	exact_duplicate
ref_000593	/home/user/wangyuhan/ML-GV02-03/data/raw/t05/gvpa/GvpA_NotPartial.fasta	WP_193959329|gvpA|protein	WP_193959329|gvpA|protein	ac3fec2dc9e749e499b3e4a092b2209cd258b594be45b2722243983cf6668fdb	71	True	False	exact_duplicate
ref_000594	/home/user/wangyuhan/ML-GV02-03/data/raw/t05/gvpa/GvpA_NotPartial.fasta	WP_193955741|gvpA|protein	WP_193955741|gvpA|protein	a99ea42aba6e85ef549b7d8e416359a466d46ce659926a89bdc4ab5ad66466dd	71	True	False	exact_duplicate
ref_000595	/home/user/wangyuhan/ML-GV02-03/data/raw/t05/gvpa/GvpA_NotPartial.fasta	WP_193897365|gvpA|protein	WP_193897365|gvpA|protein	f3ffcf9688b666fefb41b15728857b3a6e39c845812a4c51303b911c0e97691c	71	True	False	exact_duplicate
ref_000596	/home/user/wangyuhan/ML-GV02-03/data/raw/t05/gvpa/GvpA_NotPartial.fasta	WP_193875962|gvpA|protein	WP_193875962|gvpA|protein	69d5fc3c411ad66493e683f263ee3611aa1ce48ec7ae2bab25d8c7bd382557f5	72	True	False	exact_duplicate
ref_000597	/home/user/wangyuhan/ML-GV02-03/data/raw/t05/gvpa/GvpA_NotPartial.fasta	WP_193725987|gvpA|protein	WP_193725987|gvpA|protein	3256fc90422610c7f8cc0a145238e190ca06dd23a58996a7b90a413e590e2e97	74	True	False	exact_duplicate
ref_000598	/home/user/wangyuhan/ML-GV02-03/data/raw/t05/gvpa/GvpA_NotPartial.fasta	WP_193422258|gvpA|protein	WP_193422258|gvpA|protein	41c81011f9e8389dd829259c7b6bcd460f706545f4fe7fa745aa5fb59e250d56	86	True	False	exact_duplicate
ref_000599	/home/user/wangyuhan/ML-GV02-03/data/raw/t05/gvpa/GvpA_NotPartial.fasta	WP_191157535|gvpA|protein	WP_191157535|gvpA|protein	fd9a2791aaca81c0c6ef24e2cab39f1a5d6e705c33b05238f2712e5de5243b2f	86	True	False	exact_duplicate
ref_000600	/home/user/wangyuhan/ML-GV02-03/data/raw/t05/gvpa/GvpA_NotPartial.fasta	WP_190828481|gvpA|protein	WP_190828481|gvpA|protein	147b949dc21dd0206855041420faca8e32520d15d14330d7bc86cf6d33d5f357	72	True	False	exact_duplicate
ref_000601	/home/user/wangyuhan/ML-GV02-03/data/raw/t05/gvpa/GvpA_NotPartial.fasta	WP_190804824|gvpA|protein	WP_190804824|gvpA|protein	d6412c6847666b43092f09700057b7028e8a6ce267e669cf08a36f2c9b317164	72	True	False	exact_duplicate
ref_000602	/home/user/wangyuhan/ML-GV02-03/data/raw/t05/gvpa/GvpA_NotPartial.fasta	WP_190775818|gvpA|protein	WP_190775818|gvpA|protein	a742950a1415bf5dc5826e948cd1ca2bce0b191f6b93af6d7679f7196e44033c	72	True	False	exact_duplicate
ref_000603	/home/user/wangyuhan/ML-GV02-03/data/raw/t05/gvpa/GvpA_NotPartial.fasta	WP_190774558|gvpA|protein	WP_190774558|gvpA|protein	ac6b927c7781d88d481326c81640d4117b05bd63e1bc06fccae7cb04a5d8f13c	72	True	False	exact_duplicate
ref_000604	/home/user/wangyuhan/ML-GV02-03/data/raw/t05/gvpa/GvpA_NotPartial.fasta	WP_190627385|gvpA|protein	WP_190627385|gvpA|protein	41e20b6f7b2c95cf431aa42cc4d8174ac8d4e3e222df57046d9cb5654f2f63c6	72	True	False	exact_duplicate
ref_000605	/home/user/wangyuhan/ML-GV02-03/data/raw/t05/gvpa/GvpA_NotPartial.fasta	WP_190503885|gvpA|protein	WP_190503885|gvpA|protein	af304bea340b7ec20d1ebeedba7a97b6fb9a4988341d22c278d967bbeea464ab	72	True	False	exact_duplicate
ref_000606	/home/user/wangyuhan/ML-GV02-03/data/raw/t05/gvpa/GvpA_NotPartial.fasta	WP_190483017|gvpA|protein	WP_190483017|gvpA|protein	d4359a01f2d63626acd85ed3599deb77a66e4425fc81900bae59e0664858541b	72	True	False	exact_duplicate
ref_000607	/home/user/wangyuhan/ML-GV02-03/data/raw/t05/gvpa/GvpA_NotPartial.fasta	WP_190387978|gvpA|protein	WP_190387978|gvpA|protein	1593c2fcfad25e37eeb44401e0a9eb7a01d85e8743bf7bffe2f10465f9841503	71	True	False	exact_duplicate
ref_000608	/home/user/wangyuhan/ML-GV02-03/data/raw/t05/gvpa/GvpA_NotPartial.fasta	WP_188484346|gvpA|protein	WP_188484346|gvpA|protein	dcefec45b0e834bbd1136c1bbb8b0429271afa94f2d470875d28280221668c7d	76	True	False	exact_duplicate
ref_000609	/home/user/wangyuhan/ML-GV02-03/data/raw/t05/gvpa/GvpA_NotPartial.fasta	WP_188376898|gvpA|protein	WP_188376898|gvpA|protein	51eefbe258bc538937c4fe739b0119b2771961736afbd2f153652889eb0743f4	97	True	False	exact_duplicate
ref_000610	/home/user/wangyuhan/ML-GV02-03/data/raw/t05/gvpa/GvpA_NotPartial.fasta	WP_183851985|gvpA|protein	WP_183851985|gvpA|protein	ffde9c8a0aa4cd762cfdac8019aa7ff22a264d2536d40a17ae6ed8124c75dfc6	70	True	False	exact_duplicate
ref_000611	/home/user/wangyuhan/ML-GV02-03/data/raw/t05/gvpa/GvpA_NotPartial.fasta	WP_182005034|gvpA|protein	WP_182005034|gvpA|protein	e7817d8ef39a8df0fcfde6f2281f94ef0d214cbe50dd040a7bffeef7741c2c48	92	True	False	exact_duplicate
ref_000612	/home/user/wangyuhan/ML-GV02-03/data/raw/t05/gvpa/GvpA_NotPartial.fasta	WP_181347943|gvpA|protein	WP_181347943|gvpA|protein	c740155726ca8561a0237b2904e5ad28e95620f8bdb7251f4152bf37a2d904ac	91	True	False	exact_duplicate
ref_000613	/home/user/wangyuhan/ML-GV02-03/data/raw/t05/gvpa/GvpA_NotPartial.fasta	WP_176235518|gvpA|protein	WP_176235518|gvpA|protein	8e2e16185848c52bf74f0b2ae60f4b5a57547e238cf8fdb907e2f0056555b7e4	68	True	False	exact_duplicate
ref_000614	/home/user/wangyuhan/ML-GV02-03/data/raw/t05/gvpa/GvpA_NotPartial.fasta	WP_176226614|gvpA|protein	WP_176226614|gvpA|protein	28fa7b3d2875a180443b1cbb62a5fdb104fc20c017c17f0b1d42ba1f0796363c	68	True	False	exact_duplicate
ref_000615	/home/user/wangyuhan/ML-GV02-03/data/raw/t05/gvpa/GvpA_NotPartial.fasta	WP_175989907|gvpA|protein	WP_175989907|gvpA|protein	ca9d4013ee99a3222d426fc8ffbd7bf9bbebf316132153900a4314185543d6dd	86	True	False	exact_duplicate
ref_000616	/home/user/wangyuhan/ML-GV02-03/data/raw/t05/gvpa/GvpA_NotPartial.fasta	WP_173918086|gvpA|protein	WP_173918086|gvpA|protein	d7a9007355adf4811ce9527f12867b4c5e1906f6bbc68b19607ff08cc3491071	99	True	False	exact_duplicate
ref_000617	/home/user/wangyuhan/ML-GV02-03/data/raw/t05/gvpa/GvpA_NotPartial.fasta	WP_172370385|gvpA|protein	WP_172370385|gvpA|protein	2ea4868f939df14228bd1942b33d1d965c02fddbd819aa6644466da282657191	86	True	False	exact_duplicate
ref_000618	/home/user/wangyuhan/ML-GV02-03/data/raw/t05/gvpa/GvpA_NotPartial.fasta	WP_172253945|gvpA|protein	WP_172253945|gvpA|protein	3dd127a0efcf9a5457c8aab8bd64b72b607763502880671c1eddc2683defaedd	86	True	False	exact_duplicate
ref_000619	/home/user/wangyuhan/ML-GV02-03/data/raw/t05/gvpa/GvpA_NotPartial.fasta	WP_171572203|gvpA|protein	WP_171572203|gvpA|protein	0cf4b83878ac8a432a8cb15ea998c13ea262e62c0c024b2ffd0c14ed460d91d8	72	True	False	exact_duplicate
ref_000620	/home/user/wangyuhan/ML-GV02-03/data/raw/t05/gvpa/GvpA_NotPartial.fasta	WP_171164264|gvpA|protein	WP_171164264|gvpA|protein	5e9a9badd5481f93deb7077f6262099b305712bb8747404b439a37454ec9d8f1	115	True	False	exact_duplicate
ref_000621	/home/user/wangyuhan/ML-GV02-03/data/raw/t05/gvpa/GvpA_NotPartial.fasta	WP_169617606|gvpA|protein	WP_169617606|gvpA|protein	b5cc1b368bdd05e5035ffa80dd3cdf0f70b0d08a532c611ec882c9de48229c39	72	True	False	exact_duplicate
ref_000622	/home/user/wangyuhan/ML-GV02-03/data/raw/t05/gvpa/GvpA_NotPartial.fasta	WP_169565185|gvpA|protein	WP_169565185|gvpA|protein	f3c68da8dba27ecffeaa1845c5c3adb9482736051e5c46cf94a53e40a70dc08c	72	True	False	exact_duplicate
ref_000623	/home/user/wangyuhan/ML-GV02-03/data/raw/t05/gvpa/GvpA_NotPartial.fasta	WP_169262979|gvpA|protein	WP_169262979|gvpA|protein	c43002c4a19c5a35a8b029e2fc1dc44ebe1378e0488626adc1d42d6497ce119e	72	True	False	exact_duplicate
ref_000624	/home/user/wangyuhan/ML-GV02-03/data/raw/t05/gvpa/GvpA_NotPartial.fasta	WP_168922290|gvpA|protein	WP_168922290|gvpA|protein	06e368ceaac5aa0f9edcd6c79dcd38e4db1343f1c85fb2646dff9f2875372bb5	72	True	False	exact_duplicate
ref_000626	/home/user/wangyuhan/ML-GV02-03/data/raw/t05/gvpa/GvpA_NotPartial.fasta	WP_168569945|gvpA|protein	WP_168569945|gvpA|protein	4274eb9d5d32732dadc50cd4a62ee261fc2f41131c032bb6a31e27426acfe9a3	72	True	False	exact_duplicate
ref_000627	/home/user/wangyuhan/ML-GV02-03/data/raw/t05/gvpa/GvpA_NotPartial.fasta	WP_166344573|gvpA|protein	WP_166344573|gvpA|protein	e97c470cdf39521e7d2b091140cac61277ad74e9c82ab70ce043eaa534b0e777	74	True	False	exact_duplicate
ref_000628	/home/user/wangyuhan/ML-GV02-03/data/raw/t05/gvpa/GvpA_NotPartial.fasta	WP_166030104|gvpA|protein	WP_166030104|gvpA|protein	88ee73fdf0fc427edc719994808470adface4fcba624e7ef2ff2a7cf2013ac58	86	True	False	exact_duplicate
ref_000629	/home/user/wangyuhan/ML-GV02-03/data/raw/t05/gvpa/GvpA_NotPartial.fasta	WP_166030101|gvpA|protein	WP_166030101|gvpA|protein	44075425e280f91869f7741a7bc28162c3513fbe4286c8c31cfabf4b92f3c471	86	True	False	exact_duplicate
ref_000630	/home/user/wangyuhan/ML-GV02-03/data/raw/t05/gvpa/GvpA_NotPartial.fasta	WP_165227581|gvpA|protein	WP_165227581|gvpA|protein	2bfd989de859f7b78cc5cdafcbb82e88bba0cc02858c6702a1b7a3cbc8b48a48	72	True	False	exact_duplicate
ref_000631	/home/user/wangyuhan/ML-GV02-03/data/raw/t05/gvpa/GvpA_NotPartial.fasta	WP_163931998|gvpA|protein	WP_163931998|gvpA|protein	f582579e03d4f33745710ec08dc14dd03fd5d94e2537499212a7d56fb6dbe395	73	True	False	exact_duplicate
ref_000632	/home/user/wangyuhan/ML-GV02-03/data/raw/t05/gvpa/GvpA_NotPartial.fasta	WP_163836694|gvpA|protein	WP_163836694|gvpA|protein	bf89f43284d2a11b93029904c571f0b75c5c61115d2e3f97cd9453172f114e44	78	True	False	exact_duplicate
ref_000633	/home/user/wangyuhan/ML-GV02-03/data/raw/t05/gvpa/GvpA_NotPartial.fasta	WP_163529014|gvpA|protein	WP_163529014|gvpA|protein	a724b9a2188c92ae4680c6021e8175febfd068e3e1a36a1e8d79b9987fb1f7ef	86	True	False	exact_duplicate
ref_000634	/home/user/wangyuhan/ML-GV02-03/data/raw/t05/gvpa/GvpA_NotPartial.fasta	WP_162425313|gvpA|protein	WP_162425313|gvpA|protein	0d33e01c516b8fa75a9bae2c289330a2df1ff698409077a81508e2a1b774b408	72	True	False	exact_duplicate
ref_000635	/home/user/wangyuhan/ML-GV02-03/data/raw/t05/gvpa/GvpA_NotPartial.fasta	WP_160838115|gvpA|protein	WP_160838115|gvpA|protein	a93e3ba867fc0e432d17b97613e9dae64c4928702c27a2a4ab768499b29c6b65	96	True	False	exact_duplicate
ref_000636	/home/user/wangyuhan/ML-GV02-03/data/raw/t05/gvpa/GvpA_NotPartial.fasta	WP_160763777|gvpA|protein	WP_160763777|gvpA|protein	08ca607a70bf3998101a9512eb52b57c1b80e2c13c49a70a6984ed5d0bef0b30	70	True	False	exact_duplicate
ref_000637	/home/user/wangyuhan/ML-GV02-03/data/raw/t05/gvpa/GvpA_NotPartial.fasta	WP_160098649|gvpA|protein	WP_160098649|gvpA|protein	af18bcf2e4b0e65e7263498986dac3759cf19b503ad1c9afc56cd94b8d10fd6c	89	True	False	exact_duplicate
ref_000638	/home/user/wangyuhan/ML-GV02-03/data/raw/t05/gvpa/GvpA_NotPartial.fasta	WP_158737367|gvpA|protein	WP_158737367|gvpA|protein	b65869cada68668b58e159e12433311e1de5a68dc53de91e57b6da112f6405d8	90	True	False	exact_duplicate
ref_000639	/home/user/wangyuhan/ML-GV02-03/data/raw/t05/gvpa/GvpA_NotPartial.fasta	WP_155113886|gvpA|protein	WP_155113886|gvpA|protein	26e90ce65ed710949c0616c1d01bf8d9c4da5391309914744ead4c7070782daf	93	True	False	exact_duplicate
ref_000640	/home/user/wangyuhan/ML-GV02-03/data/raw/t05/gvpa/GvpA_NotPartial.fasta	WP_155113280|gvpA|protein	WP_155113280|gvpA|protein	61426f7141080b783b8bad001f76e67d408f7293a1e1dcd5af4fbcc8d86c19a6	87	True	False	exact_duplicate
ref_000641	/home/user/wangyuhan/ML-GV02-03/data/raw/t05/gvpa/GvpA_NotPartial.fasta	WP_154318992|gvpA|protein	WP_154318992|gvpA|protein	0b3996e134f02f495b8fa69573a854898b56b7746d5f239e34e570d2416197e1	89	True	False	exact_duplicate
ref_000642	/home/user/wangyuhan/ML-GV02-03/data/raw/t05/gvpa/GvpA_NotPartial.fasta	WP_154306366|gvpA|protein	WP_154306366|gvpA|protein	5db4631b2c67ffc9f980f26e5b49807b6cccdced28e9b4e9d9135a7be3675830	84	True	False	exact_duplicate
ref_000643	/home/user/wangyuhan/ML-GV02-03/data/raw/t05/gvpa/GvpA_NotPartial.fasta	WP_154306363|gvpA|protein	WP_154306363|gvpA|protein	a1aca46bcd6c4b9b05ebac7cfeeab09e2c72a59b78687d8e31b1537e10eeacc4	89	True	False	exact_duplicate
ref_000644	/home/user/wangyuhan/ML-GV02-03/data/raw/t05/gvpa/GvpA_NotPartial.fasta	WP_153488019|gvpA|protein	WP_153488019|gvpA|protein	9f8db13e803cecc901b782bc92f7a669b196f8d1559a4f7432d1ca4dfbec22bc	70	True	False	exact_duplicate
ref_000645	/home/user/wangyuhan/ML-GV02-03/data/raw/t05/gvpa/GvpA_NotPartial.fasta	WP_153228363|gvpA|protein	WP_153228363|gvpA|protein	5232d22b275d6456aae5dc4a6edaafcfcd87cefacf6cd7a043cb5e19bcebe450	61	True	False	exact_duplicate
ref_000646	/home/user/wangyuhan/ML-GV02-03/data/raw/t05/gvpa/GvpA_NotPartial.fasta	WP_152445663|gvpA|protein	WP_152445663|gvpA|protein	57d68f25d5ecc38510164ceef8be27a7a2615ede80dd69b925319d40786dbea6	86	True	False	exact_duplicate
ref_000647	/home/user/wangyuhan/ML-GV02-03/data/raw/t05/gvpa/GvpA_NotPartial.fasta	WP_149998199|gvpA|protein	WP_149998199|gvpA|protein	9c9da073119bec6006bcb26a59f51d6d9ce307413e9c293b0206492bedc5f83f	76	True	False	exact_duplicate
ref_000648	/home/user/wangyuhan/ML-GV02-03/data/raw/t05/gvpa/GvpA_NotPartial.fasta	WP_148989232|gvpA|protein	WP_148989232|gvpA|protein	3efb93524692f0b96dfaa046d32f4a4123c23703e80573acf200f32afef6f10b	86	True	False	exact_duplicate
ref_000649	/home/user/wangyuhan/ML-GV02-03/data/raw/t05/gvpa/GvpA_NotPartial.fasta	WP_147804077|gvpA|protein	WP_147804077|gvpA|protein	fb5b09ad142f93c1de5fc94ad9030f80236fefe99428c8796f85f0d9f8a6e680	87	True	False	exact_duplicate
ref_000651	/home/user/wangyuhan/ML-GV02-03/data/raw/t05/gvpa/GvpA_NotPartial.fasta	WP_144644477|gvpA|protein	WP_144644477|gvpA|protein	f65bb2c7a1c06eb690c41d6add3becb8b971747d7fca540ad9464387cce9731a	92	True	False	exact_duplicate
ref_000652	/home/user/wangyuhan/ML-GV02-03/data/raw/t05/gvpa/GvpA_NotPartial.fasta	WP_144543769|gvpA|protein	WP_144543769|gvpA|protein	bd790502a785bc49c92c22bfe6be22e078ca2560637cb3de09378ff468ab79ac	86	True	False	exact_duplicate
ref_000653	/home/user/wangyuhan/ML-GV02-03/data/raw/t05/gvpa/GvpA_NotPartial.fasta	WP_144543765|gvpA|protein	WP_144543765|gvpA|protein	245b236a00cae586f79fa63c873914632e120d70515a231486106df4438d0c4a	86	True	False	exact_duplicate
ref_000654	/home/user/wangyuhan/ML-GV02-03/data/raw/t05/gvpa/GvpA_NotPartial.fasta	WP_142864691|gvpA|protein	WP_142864691|gvpA|protein	063ea39f372fcc47b8549d3aaffbd563c50edad459e9e6c3bf3095d19d3db631	72	True	False	exact_duplicate
ref_000655	/home/user/wangyuhan/ML-GV02-03/data/raw/t05/gvpa/GvpA_NotPartial.fasta	WP_142224076|gvpA|protein	WP_142224076|gvpA|protein	505ccb0a3946a89f043772a19b0276f10c34dede49965e1817e861e3000c1cba	70	True	False	exact_duplicate
ref_000656	/home/user/wangyuhan/ML-GV02-03/data/raw/t05/gvpa/GvpA_NotPartial.fasta	WP_138810370|gvpA|protein	WP_138810370|gvpA|protein	de4c1cf697d48510a55069600b1f2eab433e3ebd22d7ffa77360990606008398	87	True	False	exact_duplicate
ref_000657	/home/user/wangyuhan/ML-GV02-03/data/raw/t05/gvpa/GvpA_NotPartial.fasta	WP_138780689|gvpA|protein	WP_138780689|gvpA|protein	ab1b4f2c562433c40902e605afcc909b32209bdc98e2ca3da60691cbb23d5d67	86	True	False	exact_duplicate
ref_000658	/home/user/wangyuhan/ML-GV02-03/data/raw/t05/gvpa/GvpA_NotPartial.fasta	WP_138500607|gvpA|protein	WP_138500607|gvpA|protein	6475ddba2899c58b73cc4476693b692ad5718153e4258aafdb46621d84941a5c	73	True	False	exact_duplicate
ref_000659	/home/user/wangyuhan/ML-GV02-03/data/raw/t05/gvpa/GvpA_NotPartial.fasta	WP_136922933|gvpA|protein	WP_136922933|gvpA|protein	6bbc846fc8bfac59f7c6510418290574d1f669840583c3476a2d090d30078eaa	72	True	False	exact_duplicate
ref_000660	/home/user/wangyuhan/ML-GV02-03/data/raw/t05/gvpa/GvpA_NotPartial.fasta	WP_135552856|gvpA|protein	WP_135552856|gvpA|protein	fb842fc4ca3ea6c7b170e9b7ce77ec3aa1d61dbdd09fca433c1baa3e1dd32bd5	70	True	False	exact_duplicate
ref_000661	/home/user/wangyuhan/ML-GV02-03/data/raw/t05/gvpa/GvpA_NotPartial.fasta	WP_134699217|gvpA|protein	WP_134699217|gvpA|protein	34624fdc2470cd5a2bf34c9a89c60b90e45ccce685c62926947223a291d04faa	74	True	False	exact_duplicate
ref_000662	/home/user/wangyuhan/ML-GV02-03/data/raw/t05/gvpa/GvpA_NotPartial.fasta	WP_134492829|gvpA|protein	WP_134492829|gvpA|protein	82d6c5940960b17a96d33ed7f30f9166d9ad35f19afddade725c4f4376ab8ed3	72	True	False	exact_duplicate
ref_000663	/home/user/wangyuhan/ML-GV02-03/data/raw/t05/gvpa/GvpA_NotPartial.fasta	WP_134218556|gvpA|protein	WP_134218556|gvpA|protein	cf3573d661974bcf483617ebe29e38abcb9dc30cd53f4a57a629ac5346636095	72	True	False	exact_duplicate
ref_000664	/home/user/wangyuhan/ML-GV02-03/data/raw/t05/gvpa/GvpA_NotPartial.fasta	WP_134214557|gvpA|protein	WP_134214557|gvpA|protein	365d3ed63bb6048abb9c92e244b98220c4122a7197744311ebff47ef4dcc3098	70	True	False	exact_duplicate
ref_000665	/home/user/wangyuhan/ML-GV02-03/data/raw/t05/gvpa/GvpA_NotPartial.fasta	WP_133377284|gvpA|protein	WP_133377284|gvpA|protein	6d7cf2e541fa269a8a552305d6f8ffb990af63631ee89181d549a46abaaee09a	89	True	False	exact_duplicate
ref_000666	/home/user/wangyuhan/ML-GV02-03/data/raw/t05/gvpa/GvpA_NotPartial.fasta	WP_133223097|gvpA|protein	WP_133223097|gvpA|protein	8bb6c5a9c15b53104f77ac1bade4b9eede346be437816743b1b4bde55ca0ab93	72	True	False	exact_duplicate
ref_000667	/home/user/wangyuhan/ML-GV02-03/data/raw/t05/gvpa/GvpA_NotPartial.fasta	WP_132243846|gvpA|protein	WP_132243846|gvpA|protein	743c7630acb96591de704472d129e2f2d3a0fef7aaa9517e51dadee07e54dd71	71	True	False	exact_duplicate
ref_000668	/home/user/wangyuhan/ML-GV02-03/data/raw/t05/gvpa/GvpA_NotPartial.fasta	WP_132243844|gvpA|protein	WP_132243844|gvpA|protein	55e5b08f11099324ee5a170e0986524a6fe91326a9aa6f8497f5cc013ed913db	71	True	False	exact_duplicate
ref_000669	/home/user/wangyuhan/ML-GV02-03/data/raw/t05/gvpa/GvpA_NotPartial.fasta	WP_132243842|gvpA|protein	WP_132243842|gvpA|protein	1cabf52c370a690f1b571a16c38fd94f7cfe2f67c52c7b4844a27cc497acd584	72	True	False	exact_duplicate
ref_000670	/home/user/wangyuhan/ML-GV02-03/data/raw/t05/gvpa/GvpA_NotPartial.fasta	WP_132034394|gvpA|protein	WP_132034394|gvpA|protein	d43d1d5ec03e055dcf06d5715d69b3a4b218fb2526beaf4ce6cd8aff93b974a4	70	True	False	exact_duplicate
ref_000671	/home/user/wangyuhan/ML-GV02-03/data/raw/t05/gvpa/GvpA_NotPartial.fasta	WP_129629567|gvpA|protein	WP_129629567|gvpA|protein	c72edb773e9a92736861118e86c5922547af44fa7cbfff690dace1f221bd8672	71	True	False	exact_duplicate
ref_000672	/home/user/wangyuhan/ML-GV02-03/data/raw/t05/gvpa/GvpA_NotPartial.fasta	WP_126462316|gvpA|protein	WP_126462316|gvpA|protein	c8ff85651c16b5c02641dea13a8c9f6200d4c67afc73ad60421d9105f5bbec37	68	True	False	exact_duplicate
ref_000673	/home/user/wangyuhan/ML-GV02-03/data/raw/t05/gvpa/GvpA_NotPartial.fasta	WP_123918855|gvpA|protein	WP_123918855|gvpA|protein	46ac4cba4b1b67d73932515af3f6e57ce887f16631032dadae476a881b1cffd7	87	True	False	exact_duplicate
ref_000674	/home/user/wangyuhan/ML-GV02-03/data/raw/t05/gvpa/GvpA_NotPartial.fasta	WP_122899492|gvpA|protein	WP_122899492|gvpA|protein	a456b71634370e28c157ca1e8ef52833b6df4095e4c2400b03e14dce0db3065b	87	True	False	exact_duplicate
ref_000675	/home/user/wangyuhan/ML-GV02-03/data/raw/t05/gvpa/GvpA_NotPartial.fasta	WP_121937738|gvpA|protein	WP_121937738|gvpA|protein	a5d09cc64cdab8bb36764a8fa45c2c91752e4750fe379252f8a8686b6f344db9	84	True	False	exact_duplicate
ref_000676	/home/user/wangyuhan/ML-GV02-03/data/raw/t05/gvpa/GvpA_NotPartial.fasta	WP_121524050|gvpA|protein	WP_121524050|gvpA|protein	d90ba4fc5295a2ed9e09eebb2759be6e487a9029759dea5359dfc98215e6c863	91	True	False	exact_duplicate
ref_000677	/home/user/wangyuhan/ML-GV02-03/data/raw/t05/gvpa/GvpA_NotPartial.fasta	WP_120191650|gvpA|protein	WP_120191650|gvpA|protein	c7c2a6d15e1ef7e082fbef8e2ae4fb5190226adbbebca7ef166a9995a882bc1b	89	True	False	exact_duplicate
ref_000678	/home/user/wangyuhan/ML-GV02-03/data/raw/t05/gvpa/GvpA_NotPartial.fasta	WP_119169329|gvpA|protein	WP_119169329|gvpA|protein	1e86329db7dd3816b588b5074c334dd9ae52c66acb3e89031bf3036950390cd3	84	True	False	exact_duplicate
ref_000679	/home/user/wangyuhan/ML-GV02-03/data/raw/t05/gvpa/GvpA_NotPartial.fasta	WP_118877386|gvpA|protein	WP_118877386|gvpA|protein	a4c92b6223fd059e223618fae7fd1ce41bc60d11a0abf53aa7281cc4a11c3fd1	82	True	False	exact_duplicate
ref_000680	/home/user/wangyuhan/ML-GV02-03/data/raw/t05/gvpa/GvpA_NotPartial.fasta	WP_116075420|gvpA|protein	WP_116075420|gvpA|protein	6753c4dad3e8314a4fcc8a56ad7f9df1d852047e8ee1f2806d1f7bf06136455e	88	True	False	exact_duplicate
ref_000681	/home/user/wangyuhan/ML-GV02-03/data/raw/t05/gvpa/GvpA_NotPartial.fasta	WP_116075414|gvpA|protein	WP_116075414|gvpA|protein	bc4042a7c10b7bd447bc10cf0e7b34e62f2678ee2efe846fd1a4965f276fc9bc	86	True	False	exact_duplicate
ref_000682	/home/user/wangyuhan/ML-GV02-03/data/raw/t05/gvpa/GvpA_NotPartial.fasta	WP_115822819|gvpA|protein	WP_115822819|gvpA|protein	c7332b08bc757555c17c71dfeb4762a42c7f35e9bf123276bdad17f8c04ff920	97	True	False	exact_duplicate
ref_000683	/home/user/wangyuhan/ML-GV02-03/data/raw/t05/gvpa/GvpA_NotPartial.fasta	WP_115480454|gvpA|protein	WP_115480454|gvpA|protein	2a7c812c0104b829da2d234606ef194cd7b0120f827141d8cde79846a87cb82f	74	True	False	exact_duplicate
ref_000684	/home/user/wangyuhan/ML-GV02-03/data/raw/t05/gvpa/GvpA_NotPartial.fasta	WP_115480453|gvpA|protein	WP_115480453|gvpA|protein	799d6db27c80e0e7903b54ad527181939a651dfc8b92e7f2257826540396fe56	71	True	False	exact_duplicate
ref_000685	/home/user/wangyuhan/ML-GV02-03/data/raw/t05/gvpa/GvpA_NotPartial.fasta	WP_115393152|gvpA|protein	WP_115393152|gvpA|protein	ea394d0f8102113c7b586c4600bada1b0b8307f146bf34f34b415e1a1541a3e7	70	True	False	exact_duplicate
ref_000686	/home/user/wangyuhan/ML-GV02-03/data/raw/t05/gvpa/GvpA_NotPartial.fasta	WP_114915108|gvpA|protein	WP_114915108|gvpA|protein	6a2cd3b9036aebd5361b170c7cb4ada1ca6ad2c2bf6f59ce42e84ec32692ef68	91	True	False	exact_duplicate
ref_000687	/home/user/wangyuhan/ML-GV02-03/data/raw/t05/gvpa/GvpA_NotPartial.fasta	WP_114298891|gvpA|protein	WP_114298891|gvpA|protein	568a29ab96947d1f56cdd26f9b00e86bc04211c3cae7b22fd267b4e4851a89a7	72	True	False	exact_duplicate
ref_000688	/home/user/wangyuhan/ML-GV02-03/data/raw/t05/gvpa/GvpA_NotPartial.fasta	WP_110608261|gvpA|protein	WP_110608261|gvpA|protein	093a223e7cabfac47e7651b01cbcb6690c92416700bfa1663891bc9a0bb64dba	89	True	False	exact_duplicate
ref_000689	/home/user/wangyuhan/ML-GV02-03/data/raw/t05/gvpa/GvpA_NotPartial.fasta	WP_110521313|gvpA|protein	WP_110521313|gvpA|protein	77fc2ac9451a9bede3dd4afdae8227afa8425b88fbc617d8483c3a9e33760e70	86	True	False	exact_duplicate
ref_000690	/home/user/wangyuhan/ML-GV02-03/data/raw/t05/gvpa/GvpA_NotPartial.fasta	WP_110291813|gvpA|protein	WP_110291813|gvpA|protein	b7cd847cd6fe1a7829cf7f792c343b0f31ac830aa92de43035ec3efcffa0c69c	72	True	False	exact_duplicate
ref_000691	/home/user/wangyuhan/ML-GV02-03/data/raw/t05/gvpa/GvpA_NotPartial.fasta	WP_110291812|gvpA|protein	WP_110291812|gvpA|protein	5ab45ad51e4b3b910fd8c1746a4567c486de46a44aed731199d0ca87ee20ae2d	73	True	False	exact_duplicate
ref_000692	/home/user/wangyuhan/ML-GV02-03/data/raw/t05/gvpa/GvpA_NotPartial.fasta	WP_110066995|gvpA|protein	WP_110066995|gvpA|protein	c4f90ad7ed7605569245466a78d6cacf132910de853f538fcb5455e24f64846f	86	True	False	exact_duplicate
ref_000693	/home/user/wangyuhan/ML-GV02-03/data/raw/t05/gvpa/GvpA_NotPartial.fasta	WP_110022885|gvpA|protein	WP_110022885|gvpA|protein	7d765791e125072d99a7ca1c73f9240339ae4a7f749cd0979129744541c4a65a	68	True	False	exact_duplicate
ref_000694	/home/user/wangyuhan/ML-GV02-03/data/raw/t05/gvpa/GvpA_NotPartial.fasta	WP_107805940|gvpA|protein	WP_107805940|gvpA|protein	9bc7ff063d928dbcb9195c75a1dc4195393661df207bc297ccedbfddf3dda716	71	True	False	exact_duplicate
ref_000695	/home/user/wangyuhan/ML-GV02-03/data/raw/t05/gvpa/GvpA_NotPartial.fasta	WP_107585507|gvpA|protein	WP_107585507|gvpA|protein	2db5ea05deb082340e798dcbb54d021ddfc5aad940791b9612fe65a7e726f098	87	True	False	exact_duplicate
ref_000696	/home/user/wangyuhan/ML-GV02-03/data/raw/t05/gvpa/GvpA_NotPartial.fasta	WP_107585506|gvpA|protein	WP_107585506|gvpA|protein	c9a543131d390ec68ed4b32369990c6c0e4f444664f2d733da7a5abdf5c6e7a6	87	True	False	exact_duplicate
ref_000697	/home/user/wangyuhan/ML-GV02-03/data/raw/t05/gvpa/GvpA_NotPartial.fasta	WP_107584481|gvpA|protein	WP_107584481|gvpA|protein	d6f7ae660d4103a77296431377a8a66efd54f6094f5160a4e39a4b0879a6c1f5	87	True	False	exact_duplicate
ref_000698	/home/user/wangyuhan/ML-GV02-03/data/raw/t05/gvpa/GvpA_NotPartial.fasta	WP_107562013|gvpA|protein	WP_107562013|gvpA|protein	d6f636dc4849c3ad6e3a58c7b0ef91a1ea0fbcc31a5257f2b09eec7527ec1947	71	True	False	exact_duplicate
ref_000699	/home/user/wangyuhan/ML-GV02-03/data/raw/t05/gvpa/GvpA_NotPartial.fasta	WP_106257461|gvpA|protein	WP_106257461|gvpA|protein	b06d430fdaaa1079895b90414dcee1412655c8233aae0405582a5fa156014994	72	True	False	exact_duplicate
ref_000700	/home/user/wangyuhan/ML-GV02-03/data/raw/t05/gvpa/GvpA_NotPartial.fasta	WP_105986389|gvpA|protein	WP_105986389|gvpA|protein	81137907f8a802f938023314709afb0593221134347bae7f1e414c65dc4cb3d8	115	True	False	exact_duplicate
ref_000701	/home/user/wangyuhan/ML-GV02-03/data/raw/t05/gvpa/GvpA_NotPartial.fasta	WP_105958376|gvpA|protein	WP_105958376|gvpA|protein	b080db9796742f656263cec8bc0a2c0c8d8087f4e3fc287f63db20f9e5980068	86	True	False	exact_duplicate
ref_000702	/home/user/wangyuhan/ML-GV02-03/data/raw/t05/gvpa/GvpA_NotPartial.fasta	WP_104809704|gvpA|protein	WP_104809704|gvpA|protein	6b39f5a7fb6bca78b4de78848a0590c9ba9381a0596c3f500d9bf9a9db38751f	68	True	False	exact_duplicate
ref_000703	/home/user/wangyuhan/ML-GV02-03/data/raw/t05/gvpa/GvpA_NotPartial.fasta	WP_104509441|gvpA|protein	WP_104509441|gvpA|protein	5999831f394b80c759013cff8d5244a8fdce37763825e9e54f6d0f8238f6853d	70	True	False	exact_duplicate
ref_000704	/home/user/wangyuhan/ML-GV02-03/data/raw/t05/gvpa/GvpA_NotPartial.fasta	WP_104370972|gvpA|protein	WP_104370972|gvpA|protein	ab04988c687da6715ca95977bb07c66c672d9d16259267d8857d796078b1d39d	72	True	False	exact_duplicate
ref_000705	/home/user/wangyuhan/ML-GV02-03/data/raw/t05/gvpa/GvpA_NotPartial.fasta	WP_104057597|gvpA|protein	WP_104057597|gvpA|protein	bb6474c2ddf0f1e41d70255e87b6101217f4300cef84397ec680971153c4c2ea	86	True	False	exact_duplicate
ref_000706	/home/user/wangyuhan/ML-GV02-03/data/raw/t05/gvpa/GvpA_NotPartial.fasta	WP_104057594|gvpA|protein	WP_104057594|gvpA|protein	5de637450d4d853bfedabcfee0dd79695d17f9027039e6d680b7e752c77448e4	96	True	False	exact_duplicate
ref_000707	/home/user/wangyuhan/ML-GV02-03/data/raw/t05/gvpa/GvpA_NotPartial.fasta	WP_103666325|gvpA|protein	WP_103666325|gvpA|protein	9da3dcb0bb3c092c42d5e93a443a03a1d7bbe49d328f6f9a37a8879f8b120799	74	True	False	exact_duplicate
ref_000708	/home/user/wangyuhan/ML-GV02-03/data/raw/t05/gvpa/GvpA_NotPartial.fasta	WP_101646903|gvpA|protein	WP_101646903|gvpA|protein	398b1c22d526b2f32567fe21c2089cb78667eae574f99061bf43c7a7a6d3afc3	90	True	False	exact_duplicate
ref_000709	/home/user/wangyuhan/ML-GV02-03/data/raw/t05/gvpa/GvpA_NotPartial.fasta	WP_101642272|gvpA|protein	WP_101642272|gvpA|protein	e1d36a7c3cd6d18fbd5a85b84a2a50c48d78ec9f5cae9311981556a64b402ca8	86	True	False	exact_duplicate
ref_000710	/home/user/wangyuhan/ML-GV02-03/data/raw/t05/gvpa/GvpA_NotPartial.fasta	WP_101330890|gvpA|protein	WP_101330890|gvpA|protein	905ebdcfc21b7ed8d2d2cb8e9b5442409818b4f764173ec496017bc6060294d2	86	True	False	exact_duplicate
ref_000711	/home/user/wangyuhan/ML-GV02-03/data/raw/t05/gvpa/GvpA_NotPartial.fasta	WP_100923022|gvpA|protein	WP_100923022|gvpA|protein	87980263fe69edba436828ec3f666868f308140bdf4e6a975cd1d9398dbcfa9c	72	True	False	exact_duplicate
ref_000712	/home/user/wangyuhan/ML-GV02-03/data/raw/t05/gvpa/GvpA_NotPartial.fasta	WP_100407998|gvpA|protein	WP_100407998|gvpA|protein	2b6afdfba96a597935ac7684cba1e7994395c11de3a84bc89adf12c97282e85a	86	True	False	exact_duplicate
ref_000713	/home/user/wangyuhan/ML-GV02-03/data/raw/t05/gvpa/GvpA_NotPartial.fasta	WP_100196984|gvpA|protein	WP_100196984|gvpA|protein	5fa036ca3723472605e8fb1e56518c5f6df815f2774260b75dd1bedf9b7712e5	70	True	False	exact_duplicate
ref_000714	/home/user/wangyuhan/ML-GV02-03/data/raw/t05/gvpa/GvpA_NotPartial.fasta	WP_100010259|gvpA|protein	WP_100010259|gvpA|protein	e63cda87ab2705e419abd9ae6003b712d87407fc8def307fca8b29e9df629994	85	True	False	exact_duplicate
ref_000715	/home/user/wangyuhan/ML-GV02-03/data/raw/t05/gvpa/GvpA_NotPartial.fasta	WP_099068598|gvpA|protein	WP_099068598|gvpA|protein	9c3060ca8265f2fd22a31cd72d77ad3372c96f4adc9a17bbc18958920d900968	73	True	False	exact_duplicate
ref_000716	/home/user/wangyuhan/ML-GV02-03/data/raw/t05/gvpa/GvpA_NotPartial.fasta	WP_099000391|gvpA|protein	WP_099000391|gvpA|protein	f39b437ab8564f78da8d7b746d8ce9d5a40c44ea147d2464a4723f4a60d3c446	86	True	False	exact_duplicate
ref_000717	/home/user/wangyuhan/ML-GV02-03/data/raw/t05/gvpa/GvpA_NotPartial.fasta	WP_098420078|gvpA|protein	WP_098420078|gvpA|protein	5531343a7a7ecf79ad55db9ca51e2ec58b7248423070d730fbb242c095de6142	72	True	False	exact_duplicate
ref_000718	/home/user/wangyuhan/ML-GV02-03/data/raw/t05/gvpa/GvpA_NotPartial.fasta	WP_097645229|gvpA|protein	WP_097645229|gvpA|protein	1f4f50f1349e137c7f3208f16caa01bdad2970714663a63d2c93485d175437c7	71	True	False	exact_duplicate
ref_000719	/home/user/wangyuhan/ML-GV02-03/data/raw/t05/gvpa/GvpA_NotPartial.fasta	WP_096607388|gvpA|protein	WP_096607388|gvpA|protein	5ff91e8d3cfc9ac60d0da6d4bff769a4c4cef44d9e8b9d3dac677e2e966ed6fa	72	True	False	exact_duplicate
ref_000720	/home/user/wangyuhan/ML-GV02-03/data/raw/t05/gvpa/GvpA_NotPartial.fasta	WP_095882104|gvpA|protein	WP_095882104|gvpA|protein	2685b9267d2b1a0083b07f35892aa0bd99f8ce2ff4c12d81c480c23f22ee9ccb	70	True	False	exact_duplicate
ref_000721	/home/user/wangyuhan/ML-GV02-03/data/raw/t05/gvpa/GvpA_NotPartial.fasta	WP_094376571|gvpA|protein	WP_094376571|gvpA|protein	8b73be19e1760871e605ab2c6e9d9e9d0237e022a68a462d4e69f4378b032985	70	True	False	exact_duplicate
ref_000722	/home/user/wangyuhan/ML-GV02-03/data/raw/t05/gvpa/GvpA_NotPartial.fasta	WP_093252384|gvpA|protein	WP_093252384|gvpA|protein	02e83ad46b86e8eaf5e72ac58980deb955c9923ecc5f393c34d6bbb46caacfd4	70	True	False	exact_duplicate
ref_000723	/home/user/wangyuhan/ML-GV02-03/data/raw/t05/gvpa/GvpA_NotPartial.fasta	WP_093212467|gvpA|protein	WP_093212467|gvpA|protein	081e6fae1d79d93eb37e06b9b36a9051ecbb063d6869383bf5e9695311682261	91	True	False	exact_duplicate
ref_000724	/home/user/wangyuhan/ML-GV02-03/data/raw/t05/gvpa/GvpA_NotPartial.fasta	WP_093047006|gvpA|protein	WP_093047006|gvpA|protein	3b8e26a87928dd1c11308a9daab1f4cae1c758048adeed5cc8c8de052c961373	89	True	False	exact_duplicate
ref_000725	/home/user/wangyuhan/ML-GV02-03/data/raw/t05/gvpa/GvpA_NotPartial.fasta	WP_093045974|gvpA|protein	WP_093045974|gvpA|protein	bfa3b303b3d7305c173f3ae35dc80425fcdb56d051e9998a25a11b72772a90e4	97	True	False	exact_duplicate
ref_000726	/home/user/wangyuhan/ML-GV02-03/data/raw/t05/gvpa/GvpA_NotPartial.fasta	WP_092960919|gvpA|protein	WP_092960919|gvpA|protein	db099662bae325b9438c8704241b3f81f3d5dde85209ef4f6468d134754f5dd8	72	True	False	exact_duplicate
ref_000727	/home/user/wangyuhan/ML-GV02-03/data/raw/t05/gvpa/GvpA_NotPartial.fasta	WP_092209254|gvpA|protein	WP_092209254|gvpA|protein	b07305ca6f722d02988a3d0c756feb0815d3b6a95c9e62b3013a423b137a8b56	71	True	False	exact_duplicate
ref_000728	/home/user/wangyuhan/ML-GV02-03/data/raw/t05/gvpa/GvpA_NotPartial.fasta	WP_091662612|gvpA|protein	WP_091662612|gvpA|protein	b9d316384ab02e663b33903a3ca16c70f79146ee07dbf4b852ffafea1ce6bf25	87	True	False	exact_duplicate
ref_000729	/home/user/wangyuhan/ML-GV02-03/data/raw/t05/gvpa/GvpA_NotPartial.fasta	WP_090841991|gvpA|protein	WP_090841991|gvpA|protein	7175c3595a1c9e0a8512b3746323a26c378981564cc73f244683f338abe93795	87	True	False	exact_duplicate
ref_000730	/home/user/wangyuhan/ML-GV02-03/data/raw/t05/gvpa/GvpA_NotPartial.fasta	WP_090488909|gvpA|protein	WP_090488909|gvpA|protein	a2b40c981456774b6e29756894bbc27182fa3b0b77e5d636b4032ab626568ac2	74	True	False	exact_duplicate
ref_000731	/home/user/wangyuhan/ML-GV02-03/data/raw/t05/gvpa/GvpA_NotPartial.fasta	WP_089750581|gvpA|protein	WP_089750581|gvpA|protein	d8cf5bfdf78857545866e01c852739b174a99417f89c0d3fa6b133cf1c1a9fbf	100	True	False	exact_duplicate
ref_000732	/home/user/wangyuhan/ML-GV02-03/data/raw/t05/gvpa/GvpA_NotPartial.fasta	WP_089729497|gvpA|protein	WP_089729497|gvpA|protein	e9d01ae6175270dee0d811da043d2703afeb63591e014fc1d0393f88a8a40595	74	True	False	exact_duplicate
ref_000733	/home/user/wangyuhan/ML-GV02-03/data/raw/t05/gvpa/GvpA_NotPartial.fasta	WP_089651261|gvpA|protein	WP_089651261|gvpA|protein	c50a1a828acd52df133e9550a6115bae8609dc006c477630d6d2d9af265a1d49	97	True	False	exact_duplicate
ref_000734	/home/user/wangyuhan/ML-GV02-03/data/raw/t05/gvpa/GvpA_NotPartial.fasta	WP_089530668|gvpA|protein	WP_089530668|gvpA|protein	0c171934ecf7b20bfbc9176c35ddda62ffda0e781c2c91e76cbb4789a85d1ced	93	True	False	exact_duplicate
ref_000735	/home/user/wangyuhan/ML-GV02-03/data/raw/t05/gvpa/GvpA_NotPartial.fasta	WP_089201247|gvpA|protein	WP_089201247|gvpA|protein	7017fbd8c94374540f0f5a45f5801347ea8c5d0c19d9a5624dae9c0ba43c8045	88	True	False	exact_duplicate
ref_000736	/home/user/wangyuhan/ML-GV02-03/data/raw/t05/gvpa/GvpA_NotPartial.fasta	WP_088893383|gvpA|protein	WP_088893383|gvpA|protein	8ff951966677ada5d69fa598dcdc8d21b160b6ad3a83f4e1ee63c48bff00c9d0	72	True	False	exact_duplicate
ref_000737	/home/user/wangyuhan/ML-GV02-03/data/raw/t05/gvpa/GvpA_NotPartial.fasta	WP_088554997|gvpA|protein	WP_088554997|gvpA|protein	29c35eaede0a8c75c3092a89e68567ed8b1eaddcb83fa37b7301c91ebfcb5d32	74	True	False	exact_duplicate
ref_000738	/home/user/wangyuhan/ML-GV02-03/data/raw/t05/gvpa/GvpA_NotPartial.fasta	WP_088554996|gvpA|protein	WP_088554996|gvpA|protein	61db0834b27d8f0211d3cc0246d68dfe826c840d6e539467326cc9834eb7f9f4	74	True	False	exact_duplicate
ref_000739	/home/user/wangyuhan/ML-GV02-03/data/raw/t05/gvpa/GvpA_NotPartial.fasta	WP_088051998|gvpA|protein	WP_088051998|gvpA|protein	4d804d42d3d08ccd0ad281fc359b16b7c18295c0dcd886d9acc9487ddd5c257b	86	True	False	exact_duplicate
ref_000740	/home/user/wangyuhan/ML-GV02-03/data/raw/t05/gvpa/GvpA_NotPartial.fasta	WP_088048850|gvpA|protein	WP_088048850|gvpA|protein	34a4a65736a78d22df6a6298330e17f4c31b7e4e19acc04fa044e95a52b44b9b	93	True	False	exact_duplicate
ref_000741	/home/user/wangyuhan/ML-GV02-03/data/raw/t05/gvpa/GvpA_NotPartial.fasta	WP_088019259|gvpA|protein	WP_088019259|gvpA|protein	ec71caa9aa98b279110db7eeddea67df583cf49a79c0c0cbc92692cecd56f8a7	84	True	False	exact_duplicate
ref_000742	/home/user/wangyuhan/ML-GV02-03/data/raw/t05/gvpa/GvpA_NotPartial.fasta	WP_087972332|gvpA|protein	WP_087972332|gvpA|protein	487f5518a6cfaf0b0b759aa3f1c0c33eb60a885f4eea64b108da092081b51d67	91	True	False	exact_duplicate
ref_000743	/home/user/wangyuhan/ML-GV02-03/data/raw/t05/gvpa/GvpA_NotPartial.fasta	WP_085933344|gvpA|protein	WP_085933344|gvpA|protein	8d6274f78693091697cf066d860d6107e0284d36ff784ac52e8bdd59f203229b	70	True	False	exact_duplicate
ref_000744	/home/user/wangyuhan/ML-GV02-03/data/raw/t05/gvpa/GvpA_NotPartial.fasta	WP_085772564|gvpA|protein	WP_085772564|gvpA|protein	b409898218d5081ec4342fccc5a0fff74fb9537ef871cae59901bbc285aa9a0d	72	True	False	exact_duplicate
ref_000745	/home/user/wangyuhan/ML-GV02-03/data/raw/t05/gvpa/GvpA_NotPartial.fasta	WP_085028932|gvpA|protein	WP_085028932|gvpA|protein	2b3b9522031fea2fc99619d007c1d5fa385bad34d2c5516714d94b2414595483	97	True	False	exact_duplicate
ref_000746	/home/user/wangyuhan/ML-GV02-03/data/raw/t05/gvpa/GvpA_NotPartial.fasta	WP_084989880|gvpA|protein	WP_084989880|gvpA|protein	0cff47cd0a85e1de37e0ecd86f2547117aedabb101c8e97eb486ebb51c831023	71	True	False	exact_duplicate
ref_000747	/home/user/wangyuhan/ML-GV02-03/data/raw/t05/gvpa/GvpA_NotPartial.fasta	WP_084383942|gvpA|protein	WP_084383942|gvpA|protein	e8e78837892ab1704b44943c3164e2473cb72f57d16f3126aa1f2a124d924f4b	74	True	False	exact_duplicate
ref_000748	/home/user/wangyuhan/ML-GV02-03/data/raw/t05/gvpa/GvpA_NotPartial.fasta	WP_084068413|gvpA|protein	WP_084068413|gvpA|protein	c95ec1b2f7e46d479f0b7badb82434afd4e1a2e4219d526149e245a2c5401427	72	True	False	exact_duplicate
ref_000749	/home/user/wangyuhan/ML-GV02-03/data/raw/t05/gvpa/GvpA_NotPartial.fasta	WP_083620231|gvpA|protein	WP_083620231|gvpA|protein	f73e9b648178e6df8c6ae1b7975c7f6bb8865bfd92edda8674be445474a5a5d0	72	True	False	exact_duplicate
ref_000750	/home/user/wangyuhan/ML-GV02-03/data/raw/t05/gvpa/GvpA_NotPartial.fasta	WP_082231972|gvpA|protein	WP_082231972|gvpA|protein	bd1bbd2e9fa260563cebcadce402f2c30a6d1471c265e92ae830c79b9cd6875e	98	True	False	exact_duplicate
ref_000751	/home/user/wangyuhan/ML-GV02-03/data/raw/t05/gvpa/GvpA_NotPartial.fasta	WP_081535855|gvpA|protein	WP_081535855|gvpA|protein	a6afc902cb295160c5db8606444b6dda5d9b591dd8a52303b79fa0c87b58528c	70	True	False	exact_duplicate
ref_000752	/home/user/wangyuhan/ML-GV02-03/data/raw/t05/gvpa/GvpA_NotPartial.fasta	WP_079526323|gvpA|protein	WP_079526323|gvpA|protein	e60de74ad1cb6abf6e3404dddf86e68bc076c53dbe08eaaf49c115452622d584	86	True	False	exact_duplicate
ref_000753	/home/user/wangyuhan/ML-GV02-03/data/raw/t05/gvpa/GvpA_NotPartial.fasta	WP_078596767|gvpA|protein	WP_078596767|gvpA|protein	82b9d4647d83832bf059d6870b2ecea198fd5868db5ba0fb7f3476533336312b	92	True	False	exact_duplicate
ref_000754	/home/user/wangyuhan/ML-GV02-03/data/raw/t05/gvpa/GvpA_NotPartial.fasta	WP_078392697|gvpA|protein	WP_078392697|gvpA|protein	9d924853eeaeacd8d6769acf65a9a563bcbe4118b6939ea63b43e53ca6cd0cf0	88	True	False	exact_duplicate
ref_000755	/home/user/wangyuhan/ML-GV02-03/data/raw/t05/gvpa/GvpA_NotPartial.fasta	WP_077623669|gvpA|protein	WP_077623669|gvpA|protein	37c770390307a882825ae06de4d5b1213449231d71102a747072ae9c106c3dec	91	True	False	exact_duplicate
ref_000756	/home/user/wangyuhan/ML-GV02-03/data/raw/t05/gvpa/GvpA_NotPartial.fasta	WP_076570741|gvpA|protein	WP_076570741|gvpA|protein	d58dfba1e9f522c883d4aa9639fb35da53cd61d07051bfec6c8754003165e86f	102	True	False	exact_duplicate
ref_000757	/home/user/wangyuhan/ML-GV02-03/data/raw/t05/gvpa/GvpA_NotPartial.fasta	WP_075598971|gvpA|protein	WP_075598971|gvpA|protein	ad033982fcb9c7e260ad2d157d65540ca5e5755820ba8a6e97491d70353f794b	72	True	False	exact_duplicate
ref_000758	/home/user/wangyuhan/ML-GV02-03/data/raw/t05/gvpa/GvpA_NotPartial.fasta	WP_075035376|gvpA|protein	WP_075035376|gvpA|protein	68925098711d386795ce552257730b7156e2f452edf3c2911a981f538ea82177	96	True	False	exact_duplicate
ref_000759	/home/user/wangyuhan/ML-GV02-03/data/raw/t05/gvpa/GvpA_NotPartial.fasta	WP_073608715|gvpA|protein	WP_073608715|gvpA|protein	1bae8aa5c69e1d4931dd74badaf3df348d80033e5d43b1989f61d5c7b6ee95e3	72	True	False	exact_duplicate
ref_000760	/home/user/wangyuhan/ML-GV02-03/data/raw/t05/gvpa/GvpA_NotPartial.fasta	WP_072717742|gvpA|protein	WP_072717742|gvpA|protein	b39131acb6e4086319d0c03c602fb7cf5d26620142fdeef57aa6f68352c03653	72	True	False	exact_duplicate
ref_000762	/home/user/wangyuhan/ML-GV02-03/data/raw/t05/gvpa/GvpA_NotPartial.fasta	WP_068965369|gvpA|protein	WP_068965369|gvpA|protein	205609067b26bcd62eb11fef51c60bef3fa1b206aaae303129191b1769af587b	70	True	False	exact_duplicate
ref_000763	/home/user/wangyuhan/ML-GV02-03/data/raw/t05/gvpa/GvpA_NotPartial.fasta	WP_066205542|gvpA|protein	WP_066205542|gvpA|protein	c9bd062078459f51006074f80a50badc1adb85ee5c75397b239f22deb218ec7f	87	True	False	exact_duplicate
ref_000764	/home/user/wangyuhan/ML-GV02-03/data/raw/t05/gvpa/GvpA_NotPartial.fasta	WP_064098149|gvpA|protein	WP_064098149|gvpA|protein	8d61c399409b4395f3c50202fad06f3a8bd9f53aad013234d59976588dcf30eb	84	True	False	exact_duplicate
ref_000765	/home/user/wangyuhan/ML-GV02-03/data/raw/t05/gvpa/GvpA_NotPartial.fasta	WP_064098146|gvpA|protein	WP_064098146|gvpA|protein	9194534fce73964474e054c47d2eff8967d8a9c8219193e22273cef7134ec1ad	86	True	False	exact_duplicate
ref_000766	/home/user/wangyuhan/ML-GV02-03/data/raw/t05/gvpa/GvpA_NotPartial.fasta	WP_064092057|gvpA|protein	WP_064092057|gvpA|protein	2ffb0e155508e140dfbeff5102d4c111dbe2f569e0b9c468015adecec403b793	86	True	False	exact_duplicate
ref_000767	/home/user/wangyuhan/ML-GV02-03/data/raw/t05/gvpa/GvpA_NotPartial.fasta	WP_063873375|gvpA|protein	WP_063873375|gvpA|protein	a43bb7e6a797bf21e3c86ece60214d70c2b4cace0e3b15223b19cc282979d5f0	71	True	False	exact_duplicate
ref_000768	/home/user/wangyuhan/ML-GV02-03/data/raw/t05/gvpa/GvpA_NotPartial.fasta	WP_063873374|gvpA|protein	WP_063873374|gvpA|protein	33d41a075d0d8538e4c6c4e7fefd46ec59806251fa948a5afefa3d6835285f94	71	True	False	exact_duplicate
ref_000769	/home/user/wangyuhan/ML-GV02-03/data/raw/t05/gvpa/GvpA_NotPartial.fasta	WP_062237609|gvpA|protein	WP_062237609|gvpA|protein	47d50311ddb9a730042959889883933677e0dc116b42edc5b10ac81dbe0dd16f	87	True	False	exact_duplicate
ref_000770	/home/user/wangyuhan/ML-GV02-03/data/raw/t05/gvpa/GvpA_NotPartial.fasta	WP_061803181|gvpA|protein	WP_061803181|gvpA|protein	d5d0ae6e983cda4aeda154323d0f30aed2879536e0aaebf060ca3876d8b0c7aa	87	True	False	exact_duplicate
ref_000771	/home/user/wangyuhan/ML-GV02-03/data/raw/t05/gvpa/GvpA_NotPartial.fasta	WP_060674023|gvpA|protein	WP_060674023|gvpA|protein	ddd28b4f0183c6c3a6e1f627f4ba7913059a06e6f7955ec67b16a218628ff1d1	86	True	False	exact_duplicate
ref_000772	/home/user/wangyuhan/ML-GV02-03/data/raw/t05/gvpa/GvpA_NotPartial.fasta	WP_060665525|gvpA|protein	WP_060665525|gvpA|protein	7e786e62d646d83c83d55d13f4e6e86113e563070518676d7a501e897dbac5a7	86	True	False	exact_duplicate
ref_000773	/home/user/wangyuhan/ML-GV02-03/data/raw/t05/gvpa/GvpA_NotPartial.fasta	WP_059173157|gvpA|protein	WP_059173157|gvpA|protein	0426b81b0cae1e176d21e1cfe18496d8087527924ed56155d166d600b676f15e	86	True	False	exact_duplicate
ref_000774	/home/user/wangyuhan/ML-GV02-03/data/raw/t05/gvpa/GvpA_NotPartial.fasta	WP_058557733|gvpA|protein	WP_058557733|gvpA|protein	956601650d2d23245a8b2f9b4cd73ff2dbc308d3bafe51647fd246bf1f7c7ea7	72	True	False	exact_duplicate
ref_000775	/home/user/wangyuhan/ML-GV02-03/data/raw/t05/gvpa/GvpA_NotPartial.fasta	WP_058306416|gvpA|protein	WP_058306416|gvpA|protein	c277f769aaa81aaf72429438ee690fcac7a0d61a596ebae1accff378366148d9	87	True	False	exact_duplicate
ref_000776	/home/user/wangyuhan/ML-GV02-03/data/raw/t05/gvpa/GvpA_NotPartial.fasta	WP_057178839|gvpA|protein	WP_057178839|gvpA|protein	91bed3979bc3e4336571f4777fdc970add38d222ade8ef0f579bd78d1660a8a9	71	True	False	exact_duplicate
ref_000777	/home/user/wangyuhan/ML-GV02-03/data/raw/t05/gvpa/GvpA_NotPartial.fasta	WP_056828831|gvpA|protein	WP_056828831|gvpA|protein	6d22046d840b353d0c87926696465f050b762778c37bd635b2e75274bc73567b	84	True	False	exact_duplicate
ref_000778	/home/user/wangyuhan/ML-GV02-03/data/raw/t05/gvpa/GvpA_NotPartial.fasta	WP_054635016|gvpA|protein	WP_054635016|gvpA|protein	10a84e979762f336851794a37fa958b3e28635e2f8e2d98d6736c2913b6de183	89	True	False	exact_duplicate
ref_000779	/home/user/wangyuhan/ML-GV02-03/data/raw/t05/gvpa/GvpA_NotPartial.fasta	WP_053605469|gvpA|protein	WP_053605469|gvpA|protein	3d07312c83e7c32af7baa33d8bd0726c3b2d5f857b0b55954222ef855340281e	87	True	False	exact_duplicate
ref_000780	/home/user/wangyuhan/ML-GV02-03/data/raw/t05/gvpa/GvpA_NotPartial.fasta	WP_053597575|gvpA|protein	WP_053597575|gvpA|protein	633e02862eb6da44de6ed37670aedbab2bedaff2a5826c4d88d0ce70e8b88315	85	True	False	exact_duplicate
ref_000781	/home/user/wangyuhan/ML-GV02-03/data/raw/t05/gvpa/GvpA_NotPartial.fasta	WP_053590916|gvpA|protein	WP_053590916|gvpA|protein	edb3955be5268406dd349fd2bc4c929d33afad48158e2958fc4ae2b8b2a1bbf8	84	True	False	exact_duplicate
ref_000782	/home/user/wangyuhan/ML-GV02-03/data/raw/t05/gvpa/GvpA_NotPartial.fasta	WP_053590913|gvpA|protein	WP_053590913|gvpA|protein	0971f3debca181ebc092ad0087778ded116e160fc284c2275f0957fe7638c117	86	True	False	exact_duplicate
ref_000784	/home/user/wangyuhan/ML-GV02-03/data/raw/t05/gvpa/GvpA_NotPartial.fasta	WP_047808708|gvpA|protein	WP_047808708|gvpA|protein	9d4c1039a70fe9d54d51603d86522e77a859eae4bc5104b364eef074e89390df	70	True	False	exact_duplicate
ref_000785	/home/user/wangyuhan/ML-GV02-03/data/raw/t05/gvpa/GvpA_NotPartial.fasta	WP_045871251|gvpA|protein	WP_045871251|gvpA|protein	83cf4bae954290aa781d919a49879399b8f8f6215eafe44d5ab3358539071424	71	True	False	exact_duplicate
ref_000786	/home/user/wangyuhan/ML-GV02-03/data/raw/t05/gvpa/GvpA_NotPartial.fasta	WP_043930222|gvpA|protein	WP_043930222|gvpA|protein	a168f392bb4965ee81a431dba31382cd84f231f3a07fe5719d08fe6dc367f7ac	85	True	False	exact_duplicate
ref_000787	/home/user/wangyuhan/ML-GV02-03/data/raw/t05/gvpa/GvpA_NotPartial.fasta	WP_043769069|gvpA|protein	WP_043769069|gvpA|protein	08d35b42e1d455774e7bdc375cb4bb3676095ffadfa3847765171a218a1ee815	70	True	False	exact_duplicate
ref_000788	/home/user/wangyuhan/ML-GV02-03/data/raw/t05/gvpa/GvpA_NotPartial.fasta	WP_042152734|gvpA|protein	WP_042152734|gvpA|protein	fcb1203cd7b1290f06c7eee832d38d2753324a3561a148b06d5fe68ca594ccd7	72	True	False	exact_duplicate
ref_000789	/home/user/wangyuhan/ML-GV02-03/data/raw/t05/gvpa/GvpA_NotPartial.fasta	WP_041966224|gvpA|protein	WP_041966224|gvpA|protein	54d4cabb25e375c2e3083385dcad6df8507be66a2853f7ce597da7d1554f68c5	77	True	False	exact_duplicate
ref_000790	/home/user/wangyuhan/ML-GV02-03/data/raw/t05/gvpa/GvpA_NotPartial.fasta	WP_040047995|gvpA|protein	WP_040047995|gvpA|protein	39abeace88875ff602858f6d534b371a19590c1d4980894f79c4fcdd932b84ba	86	True	False	exact_duplicate
ref_000791	/home/user/wangyuhan/ML-GV02-03/data/raw/t05/gvpa/GvpA_NotPartial.fasta	WP_040036168|gvpA|protein	WP_040036168|gvpA|protein	0a21b67bc6dd51d1c17f7fde8a48fae5f8896c153009d5b2ae3fe77aa4a610d8	82	True	False	exact_duplicate
ref_000793	/home/user/wangyuhan/ML-GV02-03/data/raw/t05/gvpa/GvpA_NotPartial.fasta	WP_039752851|gvpA|protein	WP_039752851|gvpA|protein	12dabeef25e15f66b8b51cb9ef06884d5805b388789811193845b365ad2cf93c	72	True	False	exact_duplicate
ref_000794	/home/user/wangyuhan/ML-GV02-03/data/raw/t05/gvpa/GvpA_NotPartial.fasta	WP_039231078|gvpA|protein	WP_039231078|gvpA|protein	1e4bdf662135756f269c750686d6fb14c3f869900dc253ed6b287432cc0987f7	86	True	False	exact_duplicate
ref_000795	/home/user/wangyuhan/ML-GV02-03/data/raw/t05/gvpa/GvpA_NotPartial.fasta	WP_037259398|gvpA|protein	WP_037259398|gvpA|protein	0a2d13805329602d008b5be6e073dbd519acbef026d5c3797790c26c01ff5187	70	True	False	exact_duplicate
ref_000796	/home/user/wangyuhan/ML-GV02-03/data/raw/t05/gvpa/GvpA_NotPartial.fasta	WP_036534731|gvpA|protein	WP_036534731|gvpA|protein	d5a9f8a6d8ef070262196442cf709a94c96f95af2210cea7ee39955731d20d86	72	True	False	exact_duplicate
ref_000797	/home/user/wangyuhan/ML-GV02-03/data/raw/t05/gvpa/GvpA_NotPartial.fasta	WP_035542538|gvpA|protein	WP_035542538|gvpA|protein	fe955d4fbb111b30864b991992428f563dd8d59899df0593d03a74fe036dedc5	97	True	False	exact_duplicate
ref_000798	/home/user/wangyuhan/ML-GV02-03/data/raw/t05/gvpa/GvpA_NotPartial.fasta	WP_035531814|gvpA|protein	WP_035531814|gvpA|protein	40e46fb2de86e2d32973ab1377f7dea994ed6e0a8d90bf43509295e1c8078b1e	96	True	False	exact_duplicate
ref_000799	/home/user/wangyuhan/ML-GV02-03/data/raw/t05/gvpa/GvpA_NotPartial.fasta	WP_035506199|gvpA|protein	WP_035506199|gvpA|protein	43f6e7e097fbcc058a96545cd9e127c321381c2c301463b5d55b5aa6dd1827f3	96	True	False	exact_duplicate
ref_000800	/home/user/wangyuhan/ML-GV02-03/data/raw/t05/gvpa/GvpA_NotPartial.fasta	WP_035410040|gvpA|protein	WP_035410040|gvpA|protein	10462c8aed9b62ff76a8f214cd8dbedfbb0d16393691802e5c80fc865bb2da2f	93	True	False	exact_duplicate
ref_000801	/home/user/wangyuhan/ML-GV02-03/data/raw/t05/gvpa/GvpA_NotPartial.fasta	WP_035211857|gvpA|protein	WP_035211857|gvpA|protein	7587716da5d19872555a989be552faa09b1e724c77cc7e3a8b962cb78b70fb70	87	True	False	exact_duplicate
ref_000802	/home/user/wangyuhan/ML-GV02-03/data/raw/t05/gvpa/GvpA_NotPartial.fasta	WP_034140466|gvpA|protein	WP_034140466|gvpA|protein	d2a9cf80c0a0a91432b1b11d844eb7a81eed05bdb56f6140a039c17851dc38dc	70	True	False	exact_duplicate
ref_000803	/home/user/wangyuhan/ML-GV02-03/data/raw/t05/gvpa/GvpA_NotPartial.fasta	WP_029285673|gvpA|protein	WP_029285673|gvpA|protein	40a2221d15252edb050f337e812a0a0e82030bda075c5de81cab5b24cbf54425	88	True	False	exact_duplicate
ref_000804	/home/user/wangyuhan/ML-GV02-03/data/raw/t05/gvpa/GvpA_NotPartial.fasta	WP_028783634|gvpA|protein	WP_028783634|gvpA|protein	70ad50650b15b30241b46f6465ff33574b09f8ff6e2d85eacace07ebbdbb4b4c	96	True	False	exact_duplicate
ref_000805	/home/user/wangyuhan/ML-GV02-03/data/raw/t05/gvpa/GvpA_NotPartial.fasta	WP_027446346|gvpA|protein	WP_027446346|gvpA|protein	4257786c6e5cbd18c379edb255634f13210a3a0858aa78dec286def01406e13b	80	True	False	exact_duplicate
ref_000806	/home/user/wangyuhan/ML-GV02-03/data/raw/t05/gvpa/GvpA_NotPartial.fasta	WP_026789190|gvpA|protein	WP_026789190|gvpA|protein	9246ded62fef238baf63231483e047bdc014a8a22dd10e95f7999ab152e2ce4c	72	True	False	exact_duplicate
ref_000807	/home/user/wangyuhan/ML-GV02-03/data/raw/t05/gvpa/GvpA_NotPartial.fasta	WP_026700511|gvpA|protein	WP_026700511|gvpA|protein	eee8d141df1f2b85b5c588888cc7b206733c13490c748ec5b62d3dae746bdb78	89	True	False	exact_duplicate
ref_000808	/home/user/wangyuhan/ML-GV02-03/data/raw/t05/gvpa/GvpA_NotPartial.fasta	WP_026694723|gvpA|protein	WP_026694723|gvpA|protein	04c114f840f1c4058ea6e9f14c3b7e8691408d35ff5ff449b3f20f8b9054d6e9	86	True	False	exact_duplicate
ref_000809	/home/user/wangyuhan/ML-GV02-03/data/raw/t05/gvpa/GvpA_NotPartial.fasta	WP_026691531|gvpA|protein	WP_026691531|gvpA|protein	68c548b00ffecaf3e71eaf7cda18ee6f91f89f67cfe0fccf1cb993ad6be382c1	86	True	False	exact_duplicate
ref_000810	/home/user/wangyuhan/ML-GV02-03/data/raw/t05/gvpa/GvpA_NotPartial.fasta	WP_026199334|gvpA|protein	WP_026199334|gvpA|protein	3534b37db97896c62b78885ef38a4ed0f4a24acb60b22c166f7f3229d40dc68c	72	True	False	exact_duplicate
ref_000811	/home/user/wangyuhan/ML-GV02-03/data/raw/t05/gvpa/GvpA_NotPartial.fasta	WP_022834760|gvpA|protein	WP_022834760|gvpA|protein	f4b103f437e4c6a24ac0e6c90a00473a407fc0fe7e07cbcdde8753d9bda915e0	74	True	False	exact_duplicate
ref_000812	/home/user/wangyuhan/ML-GV02-03/data/raw/t05/gvpa/GvpA_NotPartial.fasta	WP_022794406|gvpA|protein	WP_022794406|gvpA|protein	98944d24da61fa63ee273760c8aefff575f8e518609e95c855fc9b4829e66579	89	True	False	exact_duplicate
ref_000813	/home/user/wangyuhan/ML-GV02-03/data/raw/t05/gvpa/GvpA_NotPartial.fasta	WP_021013972|gvpA|protein	WP_021013972|gvpA|protein	2c2604728bdef8750aecca71c68dd7345cd16ca9f3492c8d41790bc4ba9d256c	72	True	False	exact_duplicate
ref_000814	/home/user/wangyuhan/ML-GV02-03/data/raw/t05/gvpa/GvpA_NotPartial.fasta	WP_020503491|gvpA|protein	WP_020503491|gvpA|protein	37dd3e43f991da44762eda1fc03a12cfd6611a4c5b2529fd84cdc0a6c48db876	72	True	False	exact_duplicate
ref_000815	/home/user/wangyuhan/ML-GV02-03/data/raw/t05/gvpa/GvpA_NotPartial.fasta	WP_020175973|gvpA|protein	WP_020175973|gvpA|protein	b0f89cfe92498f0bbfbcd0093025ea5362a09020df0c6ccda90ebcbd25c82772	72	True	False	exact_duplicate
ref_000816	/home/user/wangyuhan/ML-GV02-03/data/raw/t05/gvpa/GvpA_NotPartial.fasta	WP_019501601|gvpA|protein	WP_019501601|gvpA|protein	f2015767f86fd10eb8269a208b2cbd9b7cbd3f431a958a88b44a851664a82136	72	True	False	exact_duplicate
ref_000817	/home/user/wangyuhan/ML-GV02-03/data/raw/t05/gvpa/GvpA_NotPartial.fasta	WP_018402864|gvpA|protein	WP_018402864|gvpA|protein	0bd3626b9a4c7329ae705733a82bc637c4e56a457107b06dace9e1adc430622c	72	True	False	exact_duplicate
ref_000818	/home/user/wangyuhan/ML-GV02-03/data/raw/t05/gvpa/GvpA_NotPartial.fasta	WP_018402853|gvpA|protein	WP_018402853|gvpA|protein	2b00e8b222b28090ae59aa4d09e406e2ae1415ac06de4391fa8479d2afafdf02	72	True	False	exact_duplicate
ref_000819	/home/user/wangyuhan/ML-GV02-03/data/raw/t05/gvpa/GvpA_NotPartial.fasta	WP_017803924|gvpA|protein	WP_017803924|gvpA|protein	9f00e82557108118047d7aa5c459901d325bb26517ac7d3f3ad30cb10081a05a	71	True	False	exact_duplicate
ref_000820	/home/user/wangyuhan/ML-GV02-03/data/raw/t05/gvpa/GvpA_NotPartial.fasta	WP_017803923|gvpA|protein	WP_017803923|gvpA|protein	183f7c25f0bd175da05b2e89e1953e3d47fd199450e2d37264e0f73ade5688e2	71	True	False	exact_duplicate
ref_000821	/home/user/wangyuhan/ML-GV02-03/data/raw/t05/gvpa/GvpA_NotPartial.fasta	WP_017300094|gvpA|protein	WP_017300094|gvpA|protein	2ae1a088ad5073788376e3f0ffee2fbd9a6cfbf7ccadb2c78762018e5405b300	72	True	False	exact_duplicate
ref_000822	/home/user/wangyuhan/ML-GV02-03/data/raw/t05/gvpa/GvpA_NotPartial.fasta	WP_016922591|gvpA|protein	WP_016922591|gvpA|protein	b62ae18b3dfeec027170bd63f41ce77513e12ccca76b093f76d07368756dc390	71	True	False	exact_duplicate
ref_000823	/home/user/wangyuhan/ML-GV02-03/data/raw/t05/gvpa/GvpA_NotPartial.fasta	WP_015758460|gvpA|protein	WP_015758460|gvpA|protein	c05532e5292ee743920d65ecfe1a2852cef2168b8b687e623d231738d49b66ce	71	True	False	exact_duplicate
ref_000824	/home/user/wangyuhan/ML-GV02-03/data/raw/t05/gvpa/GvpA_NotPartial.fasta	WP_015500562|gvpA|protein	WP_015500562|gvpA|protein	23e4974582ff9055b537c85d1c7d9bfa148bb0c89ff5e6bfcce6b9dbd5215816	67	True	False	exact_duplicate
ref_000825	/home/user/wangyuhan/ML-GV02-03/data/raw/t05/gvpa/GvpA_NotPartial.fasta	WP_015494765|gvpA|protein	WP_015494765|gvpA|protein	0ec42fc31cce1915953a69fe753ae7209efb1a24ce77db6ad3956126cc16571f	67	True	False	exact_duplicate
ref_000826	/home/user/wangyuhan/ML-GV02-03/data/raw/t05/gvpa/GvpA_NotPartial.fasta	WP_015229078|gvpA|protein	WP_015229078|gvpA|protein	1de45b2894df870d6dc93bf63b41d5b8ae87b8977ef69da8d0a6b330a57f2a2e	72	True	False	exact_duplicate
ref_000827	/home/user/wangyuhan/ML-GV02-03/data/raw/t05/gvpa/GvpA_NotPartial.fasta	WP_015224598|gvpA|protein	WP_015224598|gvpA|protein	0b3f3bf863a3ef16a85e9b7634232d6089ddb1d3fa11ecb4891db27bad515a16	72	True	False	exact_duplicate
ref_000828	/home/user/wangyuhan/ML-GV02-03/data/raw/t05/gvpa/GvpA_NotPartial.fasta	WP_015167036|gvpA|protein	WP_015167036|gvpA|protein	97a7f6a002cd984f87b1f1644300f4af963beddf3b4cf9f83f41584445a9d102	72	True	False	exact_duplicate
ref_000829	/home/user/wangyuhan/ML-GV02-03/data/raw/t05/gvpa/GvpA_NotPartial.fasta	WP_015146561|gvpA|protein	WP_015146561|gvpA|protein	8b0ebfde7cff54503a9090e672c63a888ebe9c83c6cd89fcf119e691ae16fccb	72	True	False	exact_duplicate
ref_000830	/home/user/wangyuhan/ML-GV02-03/data/raw/t05/gvpa/GvpA_NotPartial.fasta	WP_015080752|gvpA|protein	WP_015080752|gvpA|protein	e4530a471497a647eef21f92f9c50626148b65fbacae7b18cec4b118bdc7630c	71	True	False	exact_duplicate
ref_000831	/home/user/wangyuhan/ML-GV02-03/data/raw/t05/gvpa/GvpA_NotPartial.fasta	WP_015050167|gvpA|protein	WP_015050167|gvpA|protein	262acad32bf64e600812dbe317d432363f2a5c5dcb0bea6cfaa11de3ef08c572	75	True	False	exact_duplicate
ref_000832	/home/user/wangyuhan/ML-GV02-03/data/raw/t05/gvpa/GvpA_NotPartial.fasta	WP_015050155|gvpA|protein	WP_015050155|gvpA|protein	4fc0ca345529f4acca56549280254126a3bce3689eee3ff1f1c7d97e1a137d46	76	True	False	exact_duplicate
ref_000833	/home/user/wangyuhan/ML-GV02-03/data/raw/t05/gvpa/GvpA_NotPartial.fasta	WP_014812662|gvpA|protein	WP_014812662|gvpA|protein	b0df6d202bb0ca1472d2550f59247e9006db5cdd04dcf87dbb95247c1c698f20	72	True	False	exact_duplicate
ref_000834	/home/user/wangyuhan/ML-GV02-03/data/raw/t05/gvpa/GvpA_NotPartial.fasta	WP_014644367|gvpA|protein	WP_014644367|gvpA|protein	3d98e85018a97647d2979b1b92da99e672ffca5c3b4c893049a8ca98064cfdba	100	True	False	exact_duplicate
ref_000835	/home/user/wangyuhan/ML-GV02-03/data/raw/t05/gvpa/GvpA_NotPartial.fasta	WP_013706740|gvpA|protein	WP_013706740|gvpA|protein	9ea506ab1bb26a2a159a665465c1d2e49eaa520ea544b46534f50ac65e22eb5b	72	True	False	exact_duplicate
ref_000836	/home/user/wangyuhan/ML-GV02-03/data/raw/t05/gvpa/GvpA_NotPartial.fasta	WP_013563650|gvpA|protein	WP_013563650|gvpA|protein	5baeb577d8a796551d8396cb82dd7b1230fa180e475aa13debe597dc37724863	72	True	False	exact_duplicate
ref_000837	/home/user/wangyuhan/ML-GV02-03/data/raw/t05/gvpa/GvpA_NotPartial.fasta	WP_013066812|gvpA|protein	WP_013066812|gvpA|protein	48837acd9988d5a6289d0d312e5a2a0fba16154b3eb0d2bc4447a6f783bf1f0f	70	True	False	exact_duplicate
ref_000838	/home/user/wangyuhan/ML-GV02-03/data/raw/t05/gvpa/GvpA_NotPartial.fasta	WP_012960867|gvpA|protein	WP_012960867|gvpA|protein	8a83398f0d99493d45ad5413f5bf4c872bbeac83ac2a2ff0f3dae7946cb25e3f	86	True	False	exact_duplicate
ref_000839	/home/user/wangyuhan/ML-GV02-03/data/raw/t05/gvpa/GvpA_NotPartial.fasta	WP_012508536|gvpA|protein	WP_012508536|gvpA|protein	86ba936b09d3d4c2dbfaae01e2029bfa42384277d05b3999043640c63145625b	68	True	False	exact_duplicate
ref_000840	/home/user/wangyuhan/ML-GV02-03/data/raw/t05/gvpa/GvpA_NotPartial.fasta	WP_012302590|gvpA|protein	WP_012302590|gvpA|protein	2027255edd94d63ce24067812850194c8d30692fd604d49a3ca498b09a5c91fd	76	True	False	exact_duplicate
ref_000841	/home/user/wangyuhan/ML-GV02-03/data/raw/t05/gvpa/GvpA_NotPartial.fasta	WP_012302589|gvpA|protein	WP_012302589|gvpA|protein	32de3bdac890ded46f9d0b6ffc66575da21679788894d4b44ee01dcd07c8c4fd	75	True	False	exact_duplicate
ref_000842	/home/user/wangyuhan/ML-GV02-03/data/raw/t05/gvpa/GvpA_NotPartial.fasta	WP_011939686|gvpA|protein	WP_011939686|gvpA|protein	5bc7120641a4b206dec615e69a9573322282b0869275b3db5d6e281c748b2aff	72	True	False	exact_duplicate
ref_000843	/home/user/wangyuhan/ML-GV02-03/data/raw/t05/gvpa/GvpA_NotPartial.fasta	WP_011924420|gvpA|protein	WP_011924420|gvpA|protein	b1ead8162da63f55d1d62aad886afa5920a751a7dc6eeb39d86d3b4805b4f9b8	70	True	False	exact_duplicate
ref_000844	/home/user/wangyuhan/ML-GV02-03/data/raw/t05/gvpa/GvpA_NotPartial.fasta	WP_011770092|gvpA|protein	WP_011770092|gvpA|protein	0a83dfbba1b7aa435131d2f769a306bfb6545d0e419077a8449abf3fac54dda8	72	True	False	exact_duplicate
ref_000845	/home/user/wangyuhan/ML-GV02-03/data/raw/t05/gvpa/GvpA_NotPartial.fasta	WP_011769645|gvpA|protein	WP_011769645|gvpA|protein	408e9d934f451bb01fbc22c8555ff5a266d41c0beb19e3e9493652d1a205bb68	72	True	False	exact_duplicate
ref_000846	/home/user/wangyuhan/ML-GV02-03/data/raw/t05/gvpa/GvpA_NotPartial.fasta	WP_011357441|gvpA|protein	WP_011357441|gvpA|protein	c96b24fc03ee6b66c3d6db1d4dbfdf5a829cb2f5a5ac51723c83800ae81e4aff	68	True	False	exact_duplicate
ref_000847	/home/user/wangyuhan/ML-GV02-03/data/raw/t05/gvpa/GvpA_NotPartial.fasta	WP_011357439|gvpA|protein	WP_011357439|gvpA|protein	ed3338aeeaf3197e41d9f3b49f822f83be8358d114c4e683180c9cbe5b6e2647	68	True	False	exact_duplicate
ref_000848	/home/user/wangyuhan/ML-GV02-03/data/raw/t05/gvpa/GvpA_NotPartial.fasta	WP_010996411|gvpA|protein	WP_010996411|gvpA|protein	278c7a3fd12af0319695fae40d23ee8f76abf60d19c5e52b3b9dab1e368567ba	71	True	False	exact_duplicate
ref_000849	/home/user/wangyuhan/ML-GV02-03/data/raw/t05/gvpa/GvpA_NotPartial.fasta	WP_010195314|gvpA|protein	WP_010195314|gvpA|protein	d692e59ba181a3631d4d3ec7f34ea0113cbddcf7fa5a4afeff130171f0e4a3be	86	True	False	exact_duplicate
ref_000850	/home/user/wangyuhan/ML-GV02-03/data/raw/t05/gvpa/GvpA_NotPartial.fasta	WP_010195308|gvpA|protein	WP_010195308|gvpA|protein	667b333e161105876fb2cf5ab53eba1f68f65e9d3e8006d6b2792f4e76e1c0ce	84	True	False	exact_duplicate
ref_000851	/home/user/wangyuhan/ML-GV02-03/data/raw/t05/gvpa/GvpA_NotPartial.fasta	WP_010109838|gvpA|protein	WP_010109838|gvpA|protein	e6550f96a73166345a2aec6ac098824a55a382b065124fc8b710a568cb594709	73	True	False	exact_duplicate
ref_000852	/home/user/wangyuhan/ML-GV02-03/data/raw/t05/gvpa/GvpA_NotPartial.fasta	WP_009915627|gvpA|protein	WP_009915627|gvpA|protein	c4bd9707d576667fbfb8e43220880a130b3190c167d94e89b6c75585c796caeb	73	True	False	exact_duplicate
ref_000853	/home/user/wangyuhan/ML-GV02-03/data/raw/t05/gvpa/GvpA_NotPartial.fasta	WP_009768191|gvpA|protein	WP_009768191|gvpA|protein	6f827542d262f6a8575a7ac08f23d14f643c985ecf8d65260a44d1f5c7ecb48c	72	True	False	exact_duplicate
ref_000854	/home/user/wangyuhan/ML-GV02-03/data/raw/t05/gvpa/GvpA_NotPartial.fasta	WP_009169231|gvpA|protein	WP_009169231|gvpA|protein	51883a62e7fa5ef818e6499cbd55d963789b8e540a7cfb352608744ffe3513fa	71	True	False	exact_duplicate
ref_000855	/home/user/wangyuhan/ML-GV02-03/data/raw/t05/gvpa/GvpA_NotPartial.fasta	WP_009169229|gvpA|protein	WP_009169229|gvpA|protein	391901271c49a6d9d54b42505e0ac2fca4b89baac5f4a103e91f1d4b3d472107	73	True	False	exact_duplicate
ref_000856	/home/user/wangyuhan/ML-GV02-03/data/raw/t05/gvpa/GvpA_NotPartial.fasta	WP_009169228|gvpA|protein	WP_009169228|gvpA|protein	706052693e14c0674d094441410ac70f0fdcf9d319fc8f976e9fbab329e2e05e	74	True	False	exact_duplicate
ref_000857	/home/user/wangyuhan/ML-GV02-03/data/raw/t05/gvpa/GvpA_NotPartial.fasta	WP_009029464|gvpA|protein	WP_009029464|gvpA|protein	cd1db2b9b825a77adf976a844e61a41e984ced1856c3c21d3a272461756d06e0	70	True	False	exact_duplicate
ref_000858	/home/user/wangyuhan/ML-GV02-03/data/raw/t05/gvpa/GvpA_NotPartial.fasta	WP_008586911|gvpA|protein	WP_008586911|gvpA|protein	b06af7d1cee59c44dcd2e42acc873239dd11f27fc86480ff91f70f048ef1d42a	102	True	False	exact_duplicate
ref_000859	/home/user/wangyuhan/ML-GV02-03/data/raw/t05/gvpa/GvpA_NotPartial.fasta	WP_008311322|gvpA|protein	WP_008311322|gvpA|protein	4494d3357cccfc2291ada2f22a6a76541201c321b02c7a8c657ed2a36af68db8	72	True	False	exact_duplicate
ref_000860	/home/user/wangyuhan/ML-GV02-03/data/raw/t05/gvpa/GvpA_NotPartial.fasta	WP_004569091|gvpA|protein	WP_004569091|gvpA|protein	5883761e33f67abd193ec3c033807077fa86d7441f5480dedb0c45c47de2d2d7	68	True	False	exact_duplicate
ref_000861	/home/user/wangyuhan/ML-GV02-03/data/raw/t05/gvpa/GvpA_NotPartial.fasta	WP_002735503|gvpA|protein	WP_002735503|gvpA|protein	1f275ce5dd842aaaf9d24fd9cd1a995ccd28e8006db8fd5d12c958ce30deb19a	71	True	False	exact_duplicate
ref_000862	/home/user/wangyuhan/ML-GV02-03/data/raw/t05/gvpa/GvpA_NotPartial.fasta	WP_002724507|gvpA|protein	WP_002724507|gvpA|protein	130e62fc868ae20abbc4d7ff1b393afceecf214e482dae49a68d7adeac27391d	70	True	False	exact_duplicate
ref_001076	/home/user/wangyuhan/ML-GV02-03/data/raw/t05/gvpa/GvpA_NotPartial.fasta	WEH26905|gvpA|protein	WEH26905|gvpA|protein	da289e6aa9b0bf8de540f065269d06f49459873a9b3833cdd0594163557e434b	151	True	True	accepted_unique
ref_000838	/home/user/wangyuhan/ML-GV02-03/data/raw/t05/gvpa/GvpA_NotPartial.fasta	WEG16934|gvpA|protein	WEG16934|gvpA|protein	8a83398f0d99493d45ad5413f5bf4c872bbeac83ac2a2ff0f3dae7946cb25e3f	86	True	False	exact_duplicate
ref_001077	/home/user/wangyuhan/ML-GV02-03/data/raw/t05/gvpa/GvpA_NotPartial.fasta	WEG16931|gvpA|protein	WEG16931|gvpA|protein	75f16cfcd7774084910314086a21ce49b2b8a929d88d1941e395b4f42a265f44	86	True	True	accepted_unique
ref_000511	/home/user/wangyuhan/ML-GV02-03/data/raw/t05/gvpa/GvpA_NotPartial.fasta	WEA42585|gvpA|protein	WEA42585|gvpA|protein	d1371fd7814fe8dbe69eebdaac7dc0d6ec9407eaf3a1e47a77080b7271904c05	86	True	False	exact_duplicate
ref_000442	/home/user/wangyuhan/ML-GV02-03/data/raw/t05/gvpa/GvpA_NotPartial.fasta	WEA42582|gvpA|protein	WEA42582|gvpA|protein	6eb7664db70304cf0f2ba846d31c4d016d07d8bebedb70ce52fe5ab7167e72cd	88	True	False	exact_duplicate
ref_001078	/home/user/wangyuhan/ML-GV02-03/data/raw/t05/gvpa/GvpA_NotPartial.fasta	WEA42512|gvpA|protein	WEA42512|gvpA|protein	d27b0b4319762b785a390cb62ffdfa1d560037b77fe536d62498913f8063b82c	92	True	True	accepted_unique
ref_000440	/home/user/wangyuhan/ML-GV02-03/data/raw/t05/gvpa/GvpA_NotPartial.fasta	WDW07190|gvpA|protein	WDW07190|gvpA|protein	62aec584cfcef3208e2bbf0b8b84eb77c80c150d76415e09c97366ed3433727b	86	True	False	exact_duplicate
ref_000442	/home/user/wangyuhan/ML-GV02-03/data/raw/t05/gvpa/GvpA_NotPartial.fasta	WDW07187|gvpA|protein	WDW07187|gvpA|protein	6eb7664db70304cf0f2ba846d31c4d016d07d8bebedb70ce52fe5ab7167e72cd	88	True	False	exact_duplicate
ref_000438	/home/user/wangyuhan/ML-GV02-03/data/raw/t05/gvpa/GvpA_NotPartial.fasta	WDW07118|gvpA|protein	WDW07118|gvpA|protein	21fd512873a52dc47991989d4a44dcc25431d3e22a3b8e5d29da536fa12bac79	92	True	False	exact_duplicate
ref_001079	/home/user/wangyuhan/ML-GV02-03/data/raw/t05/gvpa/GvpA_NotPartial.fasta	WDV55283|gvpA|protein	WDV55283|gvpA|protein	057e1cbe9c0aca38bc032bedb24b9c37910a154069de96aa158232492ad4969e	128	True	True	accepted_unique
ref_001035	/home/user/wangyuhan/ML-GV02-03/data/raw/t05/gvpa/GvpA_NotPartial.fasta	WDV33144|gvpA|protein	WDV33144|gvpA|protein	e64c9f3350adefe5e2286fb43c937a1694783880222108ec4d4e661174ecb283	159	True	False	exact_duplicate
ref_001080	/home/user/wangyuhan/ML-GV02-03/data/raw/t05/gvpa/GvpA_NotPartial.fasta	WDT53200|gvpA|protein	WDT53200|gvpA|protein	234ee7db19bcd2cc0f1630cf366548d80bba5a2dc1fe9d0a807aebb36b390595	157	True	True	accepted_unique
ref_001081	/home/user/wangyuhan/ML-GV02-03/data/raw/t05/gvpa/GvpA_NotPartial.fasta	QGY67124|gvpA|protein	QGY67124|gvpA|protein	893590645f86143d64ac9d9cad0fe8cda08e44007089da57829e84c369bc2b45	143	True	True	accepted_unique
ref_001082	/home/user/wangyuhan/ML-GV02-03/data/raw/t05/gvpa/GvpA_NotPartial.fasta	WDO10602|gvpA|protein	WDO10602|gvpA|protein	d3ef836095f7ac1cead1d98d31c61ff54864238ee26542b0da8e867e56e6b1ee	123	True	True	accepted_unique
ref_000443	/home/user/wangyuhan/ML-GV02-03/data/raw/t05/gvpa/GvpA_NotPartial.fasta	WDM35885|gvpA|protein	WDM35885|gvpA|protein	7c1ee34913e269628b618a114cee0c9a5db90412949ae6bff681672ba1b795b8	92	True	False	exact_duplicate
ref_000442	/home/user/wangyuhan/ML-GV02-03/data/raw/t05/gvpa/GvpA_NotPartial.fasta	WDM35819|gvpA|protein	WDM35819|gvpA|protein	6eb7664db70304cf0f2ba846d31c4d016d07d8bebedb70ce52fe5ab7167e72cd	88	True	False	exact_duplicate
ref_000441	/home/user/wangyuhan/ML-GV02-03/data/raw/t05/gvpa/GvpA_NotPartial.fasta	WDM35816|gvpA|protein	WDM35816|gvpA|protein	626bf126ff6a42e860e1c20b32f28779f549346c7554d3694e519c08b6d8a44f	86	True	False	exact_duplicate
ref_000442	/home/user/wangyuhan/ML-GV02-03/data/raw/t05/gvpa/GvpA_NotPartial.fasta	WDL86580|gvpA|protein	WDL86580|gvpA|protein	6eb7664db70304cf0f2ba846d31c4d016d07d8bebedb70ce52fe5ab7167e72cd	88	True	False	exact_duplicate
ref_000564	/home/user/wangyuhan/ML-GV02-03/data/raw/t05/gvpa/GvpA_NotPartial.fasta	WDL86577|gvpA|protein	WDL86577|gvpA|protein	033157a4d26d86912677f3bbdc709764136df52b7907318179702c277c3c7f0c	86	True	False	exact_duplicate
ref_000098	/home/user/wangyuhan/ML-GV02-03/data/raw/t05/gvpa/GvpA_NotPartial.fasta	QTX32285|gvpA|protein	QTX32285|gvpA|protein	9ba976654c95d4d9fd8ffe4ff8d4a6186d6631fd013c161e4ccb5c524a6494cc	69	True	False	exact_duplicate
ref_000098	/home/user/wangyuhan/ML-GV02-03/data/raw/t05/gvpa/GvpA_NotPartial.fasta	QTX32284|gvpA|protein	QTX32284|gvpA|protein	9ba976654c95d4d9fd8ffe4ff8d4a6186d6631fd013c161e4ccb5c524a6494cc	69	True	False	exact_duplicate
ref_000098	/home/user/wangyuhan/ML-GV02-03/data/raw/t05/gvpa/GvpA_NotPartial.fasta	QTX32283|gvpA|protein	QTX32283|gvpA|protein	9ba976654c95d4d9fd8ffe4ff8d4a6186d6631fd013c161e4ccb5c524a6494cc	69	True	False	exact_duplicate
ref_000441	/home/user/wangyuhan/ML-GV02-03/data/raw/t05/gvpa/GvpA_NotPartial.fasta	WDC86712|gvpA|protein	WDC86712|gvpA|protein	626bf126ff6a42e860e1c20b32f28779f549346c7554d3694e519c08b6d8a44f	86	True	False	exact_duplicate
ref_000442	/home/user/wangyuhan/ML-GV02-03/data/raw/t05/gvpa/GvpA_NotPartial.fasta	WDC86709|gvpA|protein	WDC86709|gvpA|protein	6eb7664db70304cf0f2ba846d31c4d016d07d8bebedb70ce52fe5ab7167e72cd	88	True	False	exact_duplicate
ref_000443	/home/user/wangyuhan/ML-GV02-03/data/raw/t05/gvpa/GvpA_NotPartial.fasta	WDC86638|gvpA|protein	WDC86638|gvpA|protein	7c1ee34913e269628b618a114cee0c9a5db90412949ae6bff681672ba1b795b8	92	True	False	exact_duplicate
ref_000439	/home/user/wangyuhan/ML-GV02-03/data/raw/t05/gvpa/GvpA_NotPartial.fasta	WCM16343|gvpA|protein	WCM16343|gvpA|protein	c5a5f8d3e0297c749df71e201b09661efa435db12251191f1fed09764031bff7	87	True	False	exact_duplicate
ref_001083	/home/user/wangyuhan/ML-GV02-03/data/raw/t05/gvpa/GvpA_NotPartial.fasta	WBV43491|gvpA|protein	WBV43491|gvpA|protein	f6a10f9036e40524b807447f90682a250b61d19c637a2badbde8ba40801c58fa	74	True	True	accepted_unique
ref_001080	/home/user/wangyuhan/ML-GV02-03/data/raw/t05/gvpa/GvpA_NotPartial.fasta	WAU08806|gvpA|protein	WAU08806|gvpA|protein	234ee7db19bcd2cc0f1630cf366548d80bba5a2dc1fe9d0a807aebb36b390595	157	True	False	exact_duplicate
ref_000877	/home/user/wangyuhan/ML-GV02-03/data/raw/t05/gvpa/GvpA_NotPartial.fasta	UXH43014|gvpA|protein	UXH43014|gvpA|protein	cd47d1496d29850f6644a2e4918cb8d069efc2063d92c23b7ee666969d921dd9	86	True	False	exact_duplicate
ref_000523	/home/user/wangyuhan/ML-GV02-03/data/raw/t05/gvpa/GvpA_NotPartial.fasta	UXH43011|gvpA|protein	UXH43011|gvpA|protein	70e619942db9ffc2c9b76b5fbe40eb0e3d554fa5d8f39c38d915e4afa6068257	86	True	False	exact_duplicate
ref_001080	/home/user/wangyuhan/ML-GV02-03/data/raw/t05/gvpa/GvpA_NotPartial.fasta	WAU00944|gvpA|protein	WAU00944|gvpA|protein	234ee7db19bcd2cc0f1630cf366548d80bba5a2dc1fe9d0a807aebb36b390595	157	True	False	exact_duplicate
ref_001084	/home/user/wangyuhan/ML-GV02-03/data/raw/t05/gvpa/GvpA_NotPartial.fasta	WAU16295|gvpA|protein	WAU16295|gvpA|protein	158c0216b95ce3304bfed35a0ee8cc2949c56511ab24bda79ffa63f1631f0140	156	True	True	accepted_unique
ref_001085	/home/user/wangyuhan/ML-GV02-03/data/raw/t05/gvpa/GvpA_NotPartial.fasta	WAX80261|gvpA|protein	WAX80261|gvpA|protein	6ec46415f5fc553cea18aaf0315bbe4de3a8aea445a680c864c8d1790a407c51	152	True	True	accepted_unique
ref_001086	/home/user/wangyuhan/ML-GV02-03/data/raw/t05/gvpa/GvpA_NotPartial.fasta	WAP57939|gvpA|protein	WAP57939|gvpA|protein	c9181ea046190022b014cb7fc613406a1af19f84db9877e048d4c02286c1df83	159	True	True	accepted_unique
ref_000873	/home/user/wangyuhan/ML-GV02-03/data/raw/t05/gvpa/GvpA_NotPartial.fasta	WAP54295|gvpA|protein	WAP54295|gvpA|protein	2b769a64bdbe24f6dbc761932d2659e2b37730bb31d575bda50d22ede5ca9712	147	True	False	exact_duplicate
ref_001044	/home/user/wangyuhan/ML-GV02-03/data/raw/t05/gvpa/GvpA_NotPartial.fasta	WAM28235|gvpA|protein	WAM28235|gvpA|protein	51a017c7ff97500f71b8cc37a06c698ef11be1326ea6263a19b0d6346a880783	74	True	False	exact_duplicate
ref_001087	/home/user/wangyuhan/ML-GV02-03/data/raw/t05/gvpa/GvpA_NotPartial.fasta	WAM16949|gvpA|protein	WAM16949|gvpA|protein	b00e08214202d9da45f30bb50e92bae31c4649152de2112d76fe233a0453dbc7	122	True	True	accepted_unique
ref_001088	/home/user/wangyuhan/ML-GV02-03/data/raw/t05/gvpa/GvpA_NotPartial.fasta	WAM15102|gvpA|protein	WAM15102|gvpA|protein	0b3dbbf8c77bc6a3554510365aead981ad8f38fbe0585b9f2674fc20d6dfdb68	138	True	True	accepted_unique
ref_001089	/home/user/wangyuhan/ML-GV02-03/data/raw/t05/gvpa/GvpA_NotPartial.fasta	WAM14861|gvpA|protein	WAM14861|gvpA|protein	a901ff8a401719052dfaa787f0206bda2fe5b931dd743aa439f2e39dc1850165	121	True	True	accepted_unique
ref_001090	/home/user/wangyuhan/ML-GV02-03/data/raw/t05/gvpa/GvpA_NotPartial.fasta	WAM14857|gvpA|protein	WAM14857|gvpA|protein	2a69a2d4282302622a856470c1202a1ca924d486dcb568ab30198008ae141cd7	121	True	True	accepted_unique
ref_001061	/home/user/wangyuhan/ML-GV02-03/data/raw/t05/gvpa/GvpA_NotPartial.fasta	WAM14856|gvpA|protein	WAM14856|gvpA|protein	a1b20255bb0729dffa3b78365eecb9b7e778154d1e5ab8e546f302c86cfa7e9e	124	True	False	exact_duplicate
ref_001064	/home/user/wangyuhan/ML-GV02-03/data/raw/t05/gvpa/GvpA_NotPartial.fasta	WAM14696|gvpA|protein	WAM14696|gvpA|protein	e6f75ee4612442ce5aa8a42f32b481fcd858baea8d435c1f391d72781607095d	122	True	False	exact_duplicate
ref_001091	/home/user/wangyuhan/ML-GV02-03/data/raw/t05/gvpa/GvpA_NotPartial.fasta	ALN77651|gvpA|protein	ALN77651|gvpA|protein	5b77cb790e4257984be3f5fe0f83308d20a225669ae6b121ddf82ab9c73843f9	115	True	True	accepted_unique
ref_001092	/home/user/wangyuhan/ML-GV02-03/data/raw/t05/gvpa/GvpA_NotPartial.fasta	WAL68913|gvpA|protein	WAL68913|gvpA|protein	4b655799ef9e19953b56ab1a0b8027da55f99fd77de850a0c270d8016642a5dd	133	True	True	accepted_unique
ref_001093	/home/user/wangyuhan/ML-GV02-03/data/raw/t05/gvpa/GvpA_NotPartial.fasta	WAL76183|gvpA|protein	WAL76183|gvpA|protein	b777f719d06f5568d601eb6c513a16a406176bbbb7d5adb954a48353aa3d09e0	145	True	True	accepted_unique
ref_001093	/home/user/wangyuhan/ML-GV02-03/data/raw/t05/gvpa/GvpA_NotPartial.fasta	WAL70031|gvpA|protein	WAL70031|gvpA|protein	b777f719d06f5568d601eb6c513a16a406176bbbb7d5adb954a48353aa3d09e0	145	True	False	exact_duplicate
ref_001094	/home/user/wangyuhan/ML-GV02-03/data/raw/t05/gvpa/GvpA_NotPartial.fasta	WAL48730|gvpA|protein	WAL48730|gvpA|protein	4a11e065ece6ad06443c4d44b97d6566513c93f9bebdcd388c54ff766d75c586	138	True	True	accepted_unique
ref_001095	/home/user/wangyuhan/ML-GV02-03/data/raw/t05/gvpa/GvpA_NotPartial.fasta	WAL46480|gvpA|protein	WAL46480|gvpA|protein	8ea71d3ab15e5cf268b147f59986a63ab493f41d0036f621f12c8f76f133d967	136	True	True	accepted_unique
ref_000046	/home/user/wangyuhan/ML-GV02-03/data/raw/t05/gvpa/GvpA_NotPartial.fasta	QQW31699|gvpA|protein	QQW31699|gvpA|protein	8f7aa09afb9d7c3cc2eb21e2c36d3651a0b1d0bb140446aa99cfc1a96f4de3ce	72	True	False	exact_duplicate
ref_000046	/home/user/wangyuhan/ML-GV02-03/data/raw/t05/gvpa/GvpA_NotPartial.fasta	QQW31698|gvpA|protein	QQW31698|gvpA|protein	8f7aa09afb9d7c3cc2eb21e2c36d3651a0b1d0bb140446aa99cfc1a96f4de3ce	72	True	False	exact_duplicate
ref_000046	/home/user/wangyuhan/ML-GV02-03/data/raw/t05/gvpa/GvpA_NotPartial.fasta	QQW31697|gvpA|protein	QQW31697|gvpA|protein	8f7aa09afb9d7c3cc2eb21e2c36d3651a0b1d0bb140446aa99cfc1a96f4de3ce	72	True	False	exact_duplicate
ref_001096	/home/user/wangyuhan/ML-GV02-03/data/raw/t05/gvpa/GvpA_NotPartial.fasta	QZS59445|gvpA|protein	QZS59445|gvpA|protein	490b107cc056b2e69720a76679fcc67f1959c0c2d7153631fed6fb7ca5e4d8bf	122	True	True	accepted_unique
ref_001097	/home/user/wangyuhan/ML-GV02-03/data/raw/t05/gvpa/GvpA_NotPartial.fasta	QZS56483|gvpA|protein	QZS56483|gvpA|protein	f54587a3fcd451658c0d39f20649c556e150ea096e3db3b7cbf81f9550ceb988	137	True	True	accepted_unique
ref_001098	/home/user/wangyuhan/ML-GV02-03/data/raw/t05/gvpa/GvpA_NotPartial.fasta	QZS56274|gvpA|protein	QZS56274|gvpA|protein	194654d9295b42cca4e2729e4e25674a725a366bd640b7ba1836abf3a821a9ca	122	True	True	accepted_unique
ref_001098	/home/user/wangyuhan/ML-GV02-03/data/raw/t05/gvpa/GvpA_NotPartial.fasta	QZS52371|gvpA|protein	QZS52371|gvpA|protein	194654d9295b42cca4e2729e4e25674a725a366bd640b7ba1836abf3a821a9ca	122	True	False	exact_duplicate
ref_001099	/home/user/wangyuhan/ML-GV02-03/data/raw/t05/gvpa/GvpA_NotPartial.fasta	QJS10908|gvpA|protein	QJS10908|gvpA|protein	ad843ea9809d8148ba5da831735693bdc8c71f46ba556134ff3e43401f92f6c1	132	True	True	accepted_unique
ref_001100	/home/user/wangyuhan/ML-GV02-03/data/raw/t05/gvpa/GvpA_NotPartial.fasta	QJS09032|gvpA|protein	QJS09032|gvpA|protein	3e858629efd06bf33e52ca87ba17b78cd8085683f7a5f5a47e4d331c0c42914b	139	True	True	accepted_unique
ref_000499	/home/user/wangyuhan/ML-GV02-03/data/raw/t05/gvpa/GvpA_NotPartial.fasta	UZX10565|gvpA|protein	UZX10565|gvpA|protein	668321baf55f7bfbdc1bee20fef9252620fb0636f55bb6ea2d0270fc58855c37	72	True	False	exact_duplicate
ref_001080	/home/user/wangyuhan/ML-GV02-03/data/raw/t05/gvpa/GvpA_NotPartial.fasta	UZQ48156|gvpA|protein	UZQ48156|gvpA|protein	234ee7db19bcd2cc0f1630cf366548d80bba5a2dc1fe9d0a807aebb36b390595	157	True	False	exact_duplicate
ref_001080	/home/user/wangyuhan/ML-GV02-03/data/raw/t05/gvpa/GvpA_NotPartial.fasta	UZQ40739|gvpA|protein	UZQ40739|gvpA|protein	234ee7db19bcd2cc0f1630cf366548d80bba5a2dc1fe9d0a807aebb36b390595	157	True	False	exact_duplicate
ref_000861	/home/user/wangyuhan/ML-GV02-03/data/raw/t05/gvpa/GvpA_NotPartial.fasta	UZO79079|gvpA|protein	UZO79079|gvpA|protein	1f275ce5dd842aaaf9d24fd9cd1a995ccd28e8006db8fd5d12c958ce30deb19a	71	True	False	exact_duplicate
ref_000861	/home/user/wangyuhan/ML-GV02-03/data/raw/t05/gvpa/GvpA_NotPartial.fasta	UZO76106|gvpA|protein	UZO76106|gvpA|protein	1f275ce5dd842aaaf9d24fd9cd1a995ccd28e8006db8fd5d12c958ce30deb19a	71	True	False	exact_duplicate
ref_000861	/home/user/wangyuhan/ML-GV02-03/data/raw/t05/gvpa/GvpA_NotPartial.fasta	UZO76105|gvpA|protein	UZO76105|gvpA|protein	1f275ce5dd842aaaf9d24fd9cd1a995ccd28e8006db8fd5d12c958ce30deb19a	71	True	False	exact_duplicate
ref_001094	/home/user/wangyuhan/ML-GV02-03/data/raw/t05/gvpa/GvpA_NotPartial.fasta	UZF47420|gvpA|protein	UZF47420|gvpA|protein	4a11e065ece6ad06443c4d44b97d6566513c93f9bebdcd388c54ff766d75c586	138	True	False	exact_duplicate
ref_001101	/home/user/wangyuhan/ML-GV02-03/data/raw/t05/gvpa/GvpA_NotPartial.fasta	UZF45086|gvpA|protein	UZF45086|gvpA|protein	25f8dd28e9511c933322c57174f186bc422c18c0e97e640a746de970707bfe66	137	True	True	accepted_unique
ref_001102	/home/user/wangyuhan/ML-GV02-03/data/raw/t05/gvpa/GvpA_NotPartial.fasta	UZK57711|gvpA|protein	UZK57711|gvpA|protein	8bfb3056e00dc3525ee86889dad6377e8eb6accd3a327a53a7d5801ee1c40850	145	True	True	accepted_unique
ref_000435	/home/user/wangyuhan/ML-GV02-03/data/raw/t05/gvpa/GvpA_NotPartial.fasta	UZJ79840|gvpA|protein	UZJ79840|gvpA|protein	243a30af717d5651d5faa4134b52c94ba27cbaf36cee25267a21eee2dd07a50c	87	True	False	exact_duplicate
ref_001103	/home/user/wangyuhan/ML-GV02-03/data/raw/t05/gvpa/GvpA_NotPartial.fasta	UZJ78483|gvpA|protein	UZJ78483|gvpA|protein	0e9e8ccae45355dc3f28017c3d12799d8de76faee41e6a387cc5d9cbc54f627e	78	True	True	accepted_unique
ref_000693	/home/user/wangyuhan/ML-GV02-03/data/raw/t05/gvpa/GvpA_NotPartial.fasta	UZJ41188|gvpA|protein	UZJ41188|gvpA|protein	7d765791e125072d99a7ca1c73f9240339ae4a7f749cd0979129744541c4a65a	68	True	False	exact_duplicate
ref_000693	/home/user/wangyuhan/ML-GV02-03/data/raw/t05/gvpa/GvpA_NotPartial.fasta	UZJ37394|gvpA|protein	UZJ37394|gvpA|protein	7d765791e125072d99a7ca1c73f9240339ae4a7f749cd0979129744541c4a65a	68	True	False	exact_duplicate
ref_000693	/home/user/wangyuhan/ML-GV02-03/data/raw/t05/gvpa/GvpA_NotPartial.fasta	UZJ39216|gvpA|protein	UZJ39216|gvpA|protein	7d765791e125072d99a7ca1c73f9240339ae4a7f749cd0979129744541c4a65a	68	True	False	exact_duplicate
ref_001104	/home/user/wangyuhan/ML-GV02-03/data/raw/t05/gvpa/GvpA_NotPartial.fasta	UZG59184|gvpA|protein	UZG59184|gvpA|protein	83b8beb8a3b426da1be81f427b205ed17028b99c7cdc6494658a5b007da423c0	122	True	True	accepted_unique
ref_001105	/home/user/wangyuhan/ML-GV02-03/data/raw/t05/gvpa/GvpA_NotPartial.fasta	UZG58869|gvpA|protein	UZG58869|gvpA|protein	95f263427db9753867807c3bc66b2ff4a06170e0ff8a72257da11f08af129673	123	True	True	accepted_unique
ref_001106	/home/user/wangyuhan/ML-GV02-03/data/raw/t05/gvpa/GvpA_NotPartial.fasta	UZG58868|gvpA|protein	UZG58868|gvpA|protein	a1655bd7b808d51abef62d02156c44b70cf7fa70a2c8862a7b9d479457bbb4ed	125	True	True	accepted_unique
ref_001096	/home/user/wangyuhan/ML-GV02-03/data/raw/t05/gvpa/GvpA_NotPartial.fasta	UZG55607|gvpA|protein	UZG55607|gvpA|protein	490b107cc056b2e69720a76679fcc67f1959c0c2d7153631fed6fb7ca5e4d8bf	122	True	False	exact_duplicate
ref_001097	/home/user/wangyuhan/ML-GV02-03/data/raw/t05/gvpa/GvpA_NotPartial.fasta	UZG52495|gvpA|protein	UZG52495|gvpA|protein	f54587a3fcd451658c0d39f20649c556e150ea096e3db3b7cbf81f9550ceb988	137	True	False	exact_duplicate
ref_001107	/home/user/wangyuhan/ML-GV02-03/data/raw/t05/gvpa/GvpA_NotPartial.fasta	UZD61660|gvpA|protein	UZD61660|gvpA|protein	7bdcd34808440e39807481e06e566bf90ef45c514350b324a9060bc6228f1ad9	144	True	True	accepted_unique
ref_000441	/home/user/wangyuhan/ML-GV02-03/data/raw/t05/gvpa/GvpA_NotPartial.fasta	UYV51236|gvpA|protein	UYV51236|gvpA|protein	626bf126ff6a42e860e1c20b32f28779f549346c7554d3694e519c08b6d8a44f	86	True	False	exact_duplicate
ref_000442	/home/user/wangyuhan/ML-GV02-03/data/raw/t05/gvpa/GvpA_NotPartial.fasta	UYV51233|gvpA|protein	UYV51233|gvpA|protein	6eb7664db70304cf0f2ba846d31c4d016d07d8bebedb70ce52fe5ab7167e72cd	88	True	False	exact_duplicate
ref_000441	/home/user/wangyuhan/ML-GV02-03/data/raw/t05/gvpa/GvpA_NotPartial.fasta	UYT86706|gvpA|protein	UYT86706|gvpA|protein	626bf126ff6a42e860e1c20b32f28779f549346c7554d3694e519c08b6d8a44f	86	True	False	exact_duplicate
ref_000442	/home/user/wangyuhan/ML-GV02-03/data/raw/t05/gvpa/GvpA_NotPartial.fasta	UYT86703|gvpA|protein	UYT86703|gvpA|protein	6eb7664db70304cf0f2ba846d31c4d016d07d8bebedb70ce52fe5ab7167e72cd	88	True	False	exact_duplicate
ref_001108	/home/user/wangyuhan/ML-GV02-03/data/raw/t05/gvpa/GvpA_NotPartial.fasta	UYT86641|gvpA|protein	UYT86641|gvpA|protein	752dd7ddb136b7ab5ad1fc9143aab6de80df0e038ccb4ffd14a6d4e4c5def3a1	92	True	True	accepted_unique
ref_000848	/home/user/wangyuhan/ML-GV02-03/data/raw/t05/gvpa/GvpA_NotPartial.fasta	UYD29373|gvpA|protein	UYD29373|gvpA|protein	278c7a3fd12af0319695fae40d23ee8f76abf60d19c5e52b3b9dab1e368567ba	71	True	False	exact_duplicate
ref_000785	/home/user/wangyuhan/ML-GV02-03/data/raw/t05/gvpa/GvpA_NotPartial.fasta	UYD24662|gvpA|protein	UYD24662|gvpA|protein	83cf4bae954290aa781d919a49879399b8f8f6215eafe44d5ab3358539071424	71	True	False	exact_duplicate
ref_000785	/home/user/wangyuhan/ML-GV02-03/data/raw/t05/gvpa/GvpA_NotPartial.fasta	UYD24661|gvpA|protein	UYD24661|gvpA|protein	83cf4bae954290aa781d919a49879399b8f8f6215eafe44d5ab3358539071424	71	True	False	exact_duplicate
ref_001109	/home/user/wangyuhan/ML-GV02-03/data/raw/t05/gvpa/GvpA_NotPartial.fasta	UYP18967|gvpA|protein	UYP18967|gvpA|protein	1aeb097a28c863a862e47893fba7e73025976bb3a228c4c640b2ef60b1fad365	137	True	True	accepted_unique
ref_000438	/home/user/wangyuhan/ML-GV02-03/data/raw/t05/gvpa/GvpA_NotPartial.fasta	UYP09939|gvpA|protein	UYP09939|gvpA|protein	21fd512873a52dc47991989d4a44dcc25431d3e22a3b8e5d29da536fa12bac79	92	True	False	exact_duplicate
ref_000442	/home/user/wangyuhan/ML-GV02-03/data/raw/t05/gvpa/GvpA_NotPartial.fasta	UYP09876|gvpA|protein	UYP09876|gvpA|protein	6eb7664db70304cf0f2ba846d31c4d016d07d8bebedb70ce52fe5ab7167e72cd	88	True	False	exact_duplicate
ref_000441	/home/user/wangyuhan/ML-GV02-03/data/raw/t05/gvpa/GvpA_NotPartial.fasta	UYP09873|gvpA|protein	UYP09873|gvpA|protein	626bf126ff6a42e860e1c20b32f28779f549346c7554d3694e519c08b6d8a44f	86	True	False	exact_duplicate
ref_000441	/home/user/wangyuhan/ML-GV02-03/data/raw/t05/gvpa/GvpA_NotPartial.fasta	UYO23587|gvpA|protein	UYO23587|gvpA|protein	626bf126ff6a42e860e1c20b32f28779f549346c7554d3694e519c08b6d8a44f	86	True	False	exact_duplicate
ref_000442	/home/user/wangyuhan/ML-GV02-03/data/raw/t05/gvpa/GvpA_NotPartial.fasta	UYO23584|gvpA|protein	UYO23584|gvpA|protein	6eb7664db70304cf0f2ba846d31c4d016d07d8bebedb70ce52fe5ab7167e72cd	88	True	False	exact_duplicate
ref_000443	/home/user/wangyuhan/ML-GV02-03/data/raw/t05/gvpa/GvpA_NotPartial.fasta	UYO23513|gvpA|protein	UYO23513|gvpA|protein	7c1ee34913e269628b618a114cee0c9a5db90412949ae6bff681672ba1b795b8	92	True	False	exact_duplicate
ref_001035	/home/user/wangyuhan/ML-GV02-03/data/raw/t05/gvpa/GvpA_NotPartial.fasta	UYM23696|gvpA|protein	UYM23696|gvpA|protein	e64c9f3350adefe5e2286fb43c937a1694783880222108ec4d4e661174ecb283	159	True	False	exact_duplicate
ref_001110	/home/user/wangyuhan/ML-GV02-03/data/raw/t05/gvpa/GvpA_NotPartial.fasta	UYI24884|gvpA|protein	UYI24884|gvpA|protein	67932dce44a393cc5d41a1cf21299a35df270345f50883fcdd153fe6edbae429	74	True	True	accepted_unique
ref_001110	/home/user/wangyuhan/ML-GV02-03/data/raw/t05/gvpa/GvpA_NotPartial.fasta	UYI17431|gvpA|protein	UYI17431|gvpA|protein	67932dce44a393cc5d41a1cf21299a35df270345f50883fcdd153fe6edbae429	74	True	False	exact_duplicate
ref_001111	/home/user/wangyuhan/ML-GV02-03/data/raw/t05/gvpa/GvpA_NotPartial.fasta	UYF94575|gvpA|protein	UYF94575|gvpA|protein	4a95098f433ac14617bce2f5f17d41173d4ea0bba8f08c7fcebe4180207e25ec	136	True	True	accepted_unique
ref_000899	/home/user/wangyuhan/ML-GV02-03/data/raw/t05/gvpa/GvpA_NotPartial.fasta	UYF93301|gvpA|protein	UYF93301|gvpA|protein	45d8bf8bea0b0845fea0454ddcc5aeef60886812481cab811e7b2c5e31b593c1	139	True	False	exact_duplicate
ref_000848	/home/user/wangyuhan/ML-GV02-03/data/raw/t05/gvpa/GvpA_NotPartial.fasta	UYD34721|gvpA|protein	UYD34721|gvpA|protein	278c7a3fd12af0319695fae40d23ee8f76abf60d19c5e52b3b9dab1e368567ba	71	True	False	exact_duplicate
ref_000785	/home/user/wangyuhan/ML-GV02-03/data/raw/t05/gvpa/GvpA_NotPartial.fasta	UYD33110|gvpA|protein	UYD33110|gvpA|protein	83cf4bae954290aa781d919a49879399b8f8f6215eafe44d5ab3358539071424	71	True	False	exact_duplicate
ref_000785	/home/user/wangyuhan/ML-GV02-03/data/raw/t05/gvpa/GvpA_NotPartial.fasta	UYD33109|gvpA|protein	UYD33109|gvpA|protein	83cf4bae954290aa781d919a49879399b8f8f6215eafe44d5ab3358539071424	71	True	False	exact_duplicate
ref_001080	/home/user/wangyuhan/ML-GV02-03/data/raw/t05/gvpa/GvpA_NotPartial.fasta	UYB44287|gvpA|protein	UYB44287|gvpA|protein	234ee7db19bcd2cc0f1630cf366548d80bba5a2dc1fe9d0a807aebb36b390595	157	True	False	exact_duplicate
ref_001112	/home/user/wangyuhan/ML-GV02-03/data/raw/t05/gvpa/GvpA_NotPartial.fasta	UXY39821|gvpA|protein	UXY39821|gvpA|protein	e79f3223c0e51a4419c7159a208be6110a8fefc6df5837ef530cc34110738fd3	132	True	True	accepted_unique
ref_001113	/home/user/wangyuhan/ML-GV02-03/data/raw/t05/gvpa/GvpA_NotPartial.fasta	UXV42771|gvpA|protein	UXV42771|gvpA|protein	b0e9e51b3bfaca065301fc71d934af351112074540b2e341455393a85c94f637	120	True	True	accepted_unique
ref_000906	/home/user/wangyuhan/ML-GV02-03/data/raw/t05/gvpa/GvpA_NotPartial.fasta	UXV39718|gvpA|protein	UXV39718|gvpA|protein	6de015df518c3c1fe74ecd4388d4d19c8bd5a22504a8df8f403053f664419105	116	True	False	exact_duplicate
ref_000906	/home/user/wangyuhan/ML-GV02-03/data/raw/t05/gvpa/GvpA_NotPartial.fasta	UXV37270|gvpA|protein	UXV37270|gvpA|protein	6de015df518c3c1fe74ecd4388d4d19c8bd5a22504a8df8f403053f664419105	116	True	False	exact_duplicate
ref_001114	/home/user/wangyuhan/ML-GV02-03/data/raw/t05/gvpa/GvpA_NotPartial.fasta	UXV34675|gvpA|protein	UXV34675|gvpA|protein	37d7954f2ba849ee9a13c4bb70d41a45bb29a2ffde5749094fb49dc96cd6a26a	112	True	True	accepted_unique
ref_001115	/home/user/wangyuhan/ML-GV02-03/data/raw/t05/gvpa/GvpA_NotPartial.fasta	UXU66582|gvpA|protein	UXU66582|gvpA|protein	cb92aed15bdbfa6f94748ba3c268da5661ca56d1790c3c3bff90f55009d34d0d	115	True	True	accepted_unique
ref_001115	/home/user/wangyuhan/ML-GV02-03/data/raw/t05/gvpa/GvpA_NotPartial.fasta	UXU64242|gvpA|protein	UXU64242|gvpA|protein	cb92aed15bdbfa6f94748ba3c268da5661ca56d1790c3c3bff90f55009d34d0d	115	True	False	exact_duplicate
ref_001091	/home/user/wangyuhan/ML-GV02-03/data/raw/t05/gvpa/GvpA_NotPartial.fasta	UXU61926|gvpA|protein	UXU61926|gvpA|protein	5b77cb790e4257984be3f5fe0f83308d20a225669ae6b121ddf82ab9c73843f9	115	True	False	exact_duplicate
ref_001091	/home/user/wangyuhan/ML-GV02-03/data/raw/t05/gvpa/GvpA_NotPartial.fasta	UXU59598|gvpA|protein	UXU59598|gvpA|protein	5b77cb790e4257984be3f5fe0f83308d20a225669ae6b121ddf82ab9c73843f9	115	True	False	exact_duplicate
ref_001115	/home/user/wangyuhan/ML-GV02-03/data/raw/t05/gvpa/GvpA_NotPartial.fasta	UXU57265|gvpA|protein	UXU57265|gvpA|protein	cb92aed15bdbfa6f94748ba3c268da5661ca56d1790c3c3bff90f55009d34d0d	115	True	False	exact_duplicate
ref_001115	/home/user/wangyuhan/ML-GV02-03/data/raw/t05/gvpa/GvpA_NotPartial.fasta	UXU54978|gvpA|protein	UXU54978|gvpA|protein	cb92aed15bdbfa6f94748ba3c268da5661ca56d1790c3c3bff90f55009d34d0d	115	True	False	exact_duplicate
ref_001116	/home/user/wangyuhan/ML-GV02-03/data/raw/t05/gvpa/GvpA_NotPartial.fasta	UXS67867|gvpA|protein	UXS67867|gvpA|protein	7aeb2efcf40db3e46e7ee8b735cfec6cdac45445d87f0e3b4789a1ded0f902bc	115	True	True	accepted_unique
ref_000906	/home/user/wangyuhan/ML-GV02-03/data/raw/t05/gvpa/GvpA_NotPartial.fasta	UXR52276|gvpA|protein	UXR52276|gvpA|protein	6de015df518c3c1fe74ecd4388d4d19c8bd5a22504a8df8f403053f664419105	116	True	False	exact_duplicate
ref_000906	/home/user/wangyuhan/ML-GV02-03/data/raw/t05/gvpa/GvpA_NotPartial.fasta	UXR49720|gvpA|protein	UXR49720|gvpA|protein	6de015df518c3c1fe74ecd4388d4d19c8bd5a22504a8df8f403053f664419105	116	True	False	exact_duplicate
ref_000906	/home/user/wangyuhan/ML-GV02-03/data/raw/t05/gvpa/GvpA_NotPartial.fasta	UXR47307|gvpA|protein	UXR47307|gvpA|protein	6de015df518c3c1fe74ecd4388d4d19c8bd5a22504a8df8f403053f664419105	116	True	False	exact_duplicate
ref_000906	/home/user/wangyuhan/ML-GV02-03/data/raw/t05/gvpa/GvpA_NotPartial.fasta	UXR44901|gvpA|protein	UXR44901|gvpA|protein	6de015df518c3c1fe74ecd4388d4d19c8bd5a22504a8df8f403053f664419105	116	True	False	exact_duplicate
ref_000906	/home/user/wangyuhan/ML-GV02-03/data/raw/t05/gvpa/GvpA_NotPartial.fasta	UXR37595|gvpA|protein	UXR37595|gvpA|protein	6de015df518c3c1fe74ecd4388d4d19c8bd5a22504a8df8f403053f664419105	116	True	False	exact_duplicate
ref_000906	/home/user/wangyuhan/ML-GV02-03/data/raw/t05/gvpa/GvpA_NotPartial.fasta	UXR35062|gvpA|protein	UXR35062|gvpA|protein	6de015df518c3c1fe74ecd4388d4d19c8bd5a22504a8df8f403053f664419105	116	True	False	exact_duplicate
ref_000906	/home/user/wangyuhan/ML-GV02-03/data/raw/t05/gvpa/GvpA_NotPartial.fasta	UXR32518|gvpA|protein	UXR32518|gvpA|protein	6de015df518c3c1fe74ecd4388d4d19c8bd5a22504a8df8f403053f664419105	116	True	False	exact_duplicate
ref_000906	/home/user/wangyuhan/ML-GV02-03/data/raw/t05/gvpa/GvpA_NotPartial.fasta	UXR30034|gvpA|protein	UXR30034|gvpA|protein	6de015df518c3c1fe74ecd4388d4d19c8bd5a22504a8df8f403053f664419105	116	True	False	exact_duplicate
ref_001117	/home/user/wangyuhan/ML-GV02-03/data/raw/t05/gvpa/GvpA_NotPartial.fasta	UXE62282|gvpA|protein	UXE62282|gvpA|protein	95a5abf872e631139217498d65e34b4e4004b8e4b6f387d25fc00c89cf15c59f	71	True	True	accepted_unique
ref_001117	/home/user/wangyuhan/ML-GV02-03/data/raw/t05/gvpa/GvpA_NotPartial.fasta	UXE62281|gvpA|protein	UXE62281|gvpA|protein	95a5abf872e631139217498d65e34b4e4004b8e4b6f387d25fc00c89cf15c59f	71	True	False	exact_duplicate
ref_001118	/home/user/wangyuhan/ML-GV02-03/data/raw/t05/gvpa/GvpA_NotPartial.fasta	UWW92593|gvpA|protein	UWW92593|gvpA|protein	d93f2e1e8fed25eda55f2e54aed4fecc73c8b33129e32b73ead2b77c05bff766	123	True	True	accepted_unique
ref_000893	/home/user/wangyuhan/ML-GV02-03/data/raw/t05/gvpa/GvpA_NotPartial.fasta	UWW91486|gvpA|protein	UWW91486|gvpA|protein	ef77ab19922de7e129e43468cb5c67555d8a6b3ccb4912115f09a8c1095d9614	137	True	False	exact_duplicate
ref_001091	/home/user/wangyuhan/ML-GV02-03/data/raw/t05/gvpa/GvpA_NotPartial.fasta	UWF56799|gvpA|protein	UWF56799|gvpA|protein	5b77cb790e4257984be3f5fe0f83308d20a225669ae6b121ddf82ab9c73843f9	115	True	False	exact_duplicate
ref_001119	/home/user/wangyuhan/ML-GV02-03/data/raw/t05/gvpa/GvpA_NotPartial.fasta	QSE86850|gvpA|protein	QSE86850|gvpA|protein	96462335ed2439837985639b62f60e5116cb73f41514a7ceb1425d814a76c292	121	True	True	accepted_unique
ref_001120	/home/user/wangyuhan/ML-GV02-03/data/raw/t05/gvpa/GvpA_NotPartial.fasta	QSE86841|gvpA|protein	QSE86841|gvpA|protein	276fe76ab836731f2d2fefc13795033fd89ca0179437e0c9ec8525b4d7743cef	121	True	True	accepted_unique
ref_001121	/home/user/wangyuhan/ML-GV02-03/data/raw/t05/gvpa/GvpA_NotPartial.fasta	QSE86840|gvpA|protein	QSE86840|gvpA|protein	677429b5c213ba9473a5bace62c444ff1c7c7bfc65f351371321e58c4192f3d1	137	True	True	accepted_unique
ref_001122	/home/user/wangyuhan/ML-GV02-03/data/raw/t05/gvpa/GvpA_NotPartial.fasta	QSE82942|gvpA|protein	QSE82942|gvpA|protein	c0da453357697c088275e6f609c76df76d0d4bf6991488f0cf934a8545cf07b8	131	True	True	accepted_unique
ref_001123	/home/user/wangyuhan/ML-GV02-03/data/raw/t05/gvpa/GvpA_NotPartial.fasta	QSE82207|gvpA|protein	QSE82207|gvpA|protein	fef6ccaa9b3233e46f079f1aaab5645eda36c4df6a73e8369857bda1976dc5dc	127	True	True	accepted_unique
ref_001124	/home/user/wangyuhan/ML-GV02-03/data/raw/t05/gvpa/GvpA_NotPartial.fasta	QSE82200|gvpA|protein	QSE82200|gvpA|protein	97c619177bea2c666834bf60ca85afad992e082e89250a7d7080b0fdd3bfc17f	122	True	True	accepted_unique
ref_001125	/home/user/wangyuhan/ML-GV02-03/data/raw/t05/gvpa/GvpA_NotPartial.fasta	QSE81337|gvpA|protein	QSE81337|gvpA|protein	88aac7f04fbc033600c5d26afe2ec10a91967bbdf9a87a958c0aeadbe5e9b759	122	True	True	accepted_unique
ref_001126	/home/user/wangyuhan/ML-GV02-03/data/raw/t05/gvpa/GvpA_NotPartial.fasta	QSE77975|gvpA|protein	QSE77975|gvpA|protein	a992b4345d901f6ad67d0800ecebe6a0dea678ec926049511dac47372b26356a	138	True	True	accepted_unique
ref_001127	/home/user/wangyuhan/ML-GV02-03/data/raw/t05/gvpa/GvpA_NotPartial.fasta	QSE77786|gvpA|protein	QSE77786|gvpA|protein	14eaddbb6f4ac252e67877e62096d92bae16142b2566df312c77a89f502a98d6	122	True	True	accepted_unique
ref_001128	/home/user/wangyuhan/ML-GV02-03/data/raw/t05/gvpa/GvpA_NotPartial.fasta	QSE77781|gvpA|protein	QSE77781|gvpA|protein	21445f81bd709996cb4c27fd2dfa637e0cd7a4efb3b5b5b0bfa02e40d4db7146	137	True	True	accepted_unique
ref_001129	/home/user/wangyuhan/ML-GV02-03/data/raw/t05/gvpa/GvpA_NotPartial.fasta	QSE77780|gvpA|protein	QSE77780|gvpA|protein	3578e9166bb2ea6b7aa7654894c80c728677d733357a1617217a55c82ab80cd5	121	True	True	accepted_unique
ref_001130	/home/user/wangyuhan/ML-GV02-03/data/raw/t05/gvpa/GvpA_NotPartial.fasta	QSE95107|gvpA|protein	QSE95107|gvpA|protein	ce67780828ddbb2c93cfbf709fa3c2aac3deb06fa4b2c214eddd26e4135b5c23	136	True	True	accepted_unique
ref_001131	/home/user/wangyuhan/ML-GV02-03/data/raw/t05/gvpa/GvpA_NotPartial.fasta	QSE94814|gvpA|protein	QSE94814|gvpA|protein	62eb49c878ad7ce0be56795dd423ebfd464901d060ebfa98a7d8d4362fc5ee6a	120	True	True	accepted_unique
ref_001132	/home/user/wangyuhan/ML-GV02-03/data/raw/t05/gvpa/GvpA_NotPartial.fasta	QSE89872|gvpA|protein	QSE89872|gvpA|protein	05aec1de9ccb8917908680b4c6690568bea0354f61fdc2dca7cee34a1619a40f	142	True	True	accepted_unique
ref_001133	/home/user/wangyuhan/ML-GV02-03/data/raw/t05/gvpa/GvpA_NotPartial.fasta	QSE89870|gvpA|protein	QSE89870|gvpA|protein	0b443f112af31da4c521724d4819cb6dc06acd1adfc997832b1124e0f028b81d	120	True	True	accepted_unique
ref_001095	/home/user/wangyuhan/ML-GV02-03/data/raw/t05/gvpa/GvpA_NotPartial.fasta	UVT23446|gvpA|protein	UVT23446|gvpA|protein	8ea71d3ab15e5cf268b147f59986a63ab493f41d0036f621f12c8f76f133d967	136	True	False	exact_duplicate
ref_001134	/home/user/wangyuhan/ML-GV02-03/data/raw/t05/gvpa/GvpA_NotPartial.fasta	UVT12667|gvpA|protein	UVT12667|gvpA|protein	38c50a9f5c23bd9138cfd0ef15520aa36d2219b6f702ebc97149c9a31425b720	139	True	True	accepted_unique
ref_000915	/home/user/wangyuhan/ML-GV02-03/data/raw/t05/gvpa/GvpA_NotPartial.fasta	UVT12400|gvpA|protein	UVT12400|gvpA|protein	25c3216ed34dec7168270ecda67393933bac22efc6123a279c5b342914bc0b49	122	True	False	exact_duplicate
ref_001135	/home/user/wangyuhan/ML-GV02-03/data/raw/t05/gvpa/GvpA_NotPartial.fasta	UVI35343|gvpA|protein	UVI35343|gvpA|protein	5db4f89b8985994be8c6c9b47acf47760e0dfdda7b5c138cdb46033567f95587	144	True	True	accepted_unique
ref_000032	/home/user/wangyuhan/ML-GV02-03/data/raw/t05/gvpa/GvpA_NotPartial.fasta	UUX93043|gvpA|protein	UUX93043|gvpA|protein	484b097725196d6613d9eef612aabe13e2fc6914100808e8038b38b39a3ebbaa	69	True	False	exact_duplicate
ref_001136	/home/user/wangyuhan/ML-GV02-03/data/raw/t05/gvpa/GvpA_NotPartial.fasta	UUS29594|gvpA|protein	UUS29594|gvpA|protein	81fe8a6c5a2a9f1f516dfbb40f7804cabc783bd1ef8ff9f8baae845d25abd55b	133	True	True	accepted_unique
ref_000830	/home/user/wangyuhan/ML-GV02-03/data/raw/t05/gvpa/GvpA_NotPartial.fasta	UUO14158|gvpA|protein	UUO14158|gvpA|protein	e4530a471497a647eef21f92f9c50626148b65fbacae7b18cec4b118bdc7630c	71	True	False	exact_duplicate
ref_000830	/home/user/wangyuhan/ML-GV02-03/data/raw/t05/gvpa/GvpA_NotPartial.fasta	UUO14157|gvpA|protein	UUO14157|gvpA|protein	e4530a471497a647eef21f92f9c50626148b65fbacae7b18cec4b118bdc7630c	71	True	False	exact_duplicate
ref_000830	/home/user/wangyuhan/ML-GV02-03/data/raw/t05/gvpa/GvpA_NotPartial.fasta	UUO14156|gvpA|protein	UUO14156|gvpA|protein	e4530a471497a647eef21f92f9c50626148b65fbacae7b18cec4b118bdc7630c	71	True	False	exact_duplicate
ref_000830	/home/user/wangyuhan/ML-GV02-03/data/raw/t05/gvpa/GvpA_NotPartial.fasta	UUO14155|gvpA|protein	UUO14155|gvpA|protein	e4530a471497a647eef21f92f9c50626148b65fbacae7b18cec4b118bdc7630c	71	True	False	exact_duplicate
ref_000830	/home/user/wangyuhan/ML-GV02-03/data/raw/t05/gvpa/GvpA_NotPartial.fasta	UUO14154|gvpA|protein	UUO14154|gvpA|protein	e4530a471497a647eef21f92f9c50626148b65fbacae7b18cec4b118bdc7630c	71	True	False	exact_duplicate
ref_000830	/home/user/wangyuhan/ML-GV02-03/data/raw/t05/gvpa/GvpA_NotPartial.fasta	UUO14153|gvpA|protein	UUO14153|gvpA|protein	e4530a471497a647eef21f92f9c50626148b65fbacae7b18cec4b118bdc7630c	71	True	False	exact_duplicate
ref_000830	/home/user/wangyuhan/ML-GV02-03/data/raw/t05/gvpa/GvpA_NotPartial.fasta	UUO14152|gvpA|protein	UUO14152|gvpA|protein	e4530a471497a647eef21f92f9c50626148b65fbacae7b18cec4b118bdc7630c	71	True	False	exact_duplicate
ref_000861	/home/user/wangyuhan/ML-GV02-03/data/raw/t05/gvpa/GvpA_NotPartial.fasta	QGZ92898|gvpA|protein	QGZ92898|gvpA|protein	1f275ce5dd842aaaf9d24fd9cd1a995ccd28e8006db8fd5d12c958ce30deb19a	71	True	False	exact_duplicate
ref_000861	/home/user/wangyuhan/ML-GV02-03/data/raw/t05/gvpa/GvpA_NotPartial.fasta	QGZ92527|gvpA|protein	QGZ92527|gvpA|protein	1f275ce5dd842aaaf9d24fd9cd1a995ccd28e8006db8fd5d12c958ce30deb19a	71	True	False	exact_duplicate
ref_001059	/home/user/wangyuhan/ML-GV02-03/data/raw/t05/gvpa/GvpA_NotPartial.fasta	UOT08284|gvpA|protein	UOT08284|gvpA|protein	dfa741bfaf88075b5cad15ff03f3a4bd4a938957483c9f9fea42e73849dfa68e	121	True	False	exact_duplicate
ref_001137	/home/user/wangyuhan/ML-GV02-03/data/raw/t05/gvpa/GvpA_NotPartial.fasta	UOT07260|gvpA|protein	UOT07260|gvpA|protein	614ee05c12fc168e53ed7215537ef65b27aa54db0ecbd0cdf5ab3008a653b85a	125	True	True	accepted_unique
ref_001138	/home/user/wangyuhan/ML-GV02-03/data/raw/t05/gvpa/GvpA_NotPartial.fasta	UOT04069|gvpA|protein	UOT04069|gvpA|protein	9b1b09a459a6ac047caba9de201cb4e501c2740f557809a2713f61b93c00c267	122	True	True	accepted_unique
ref_001139	/home/user/wangyuhan/ML-GV02-03/data/raw/t05/gvpa/GvpA_NotPartial.fasta	UOT01462|gvpA|protein	UOT01462|gvpA|protein	1722f0f85deef45697a7bf63a0a67d3a192064dfc358aa1c323815e98d0ae1b9	125	True	True	accepted_unique
ref_001097	/home/user/wangyuhan/ML-GV02-03/data/raw/t05/gvpa/GvpA_NotPartial.fasta	UOT01191|gvpA|protein	UOT01191|gvpA|protein	f54587a3fcd451658c0d39f20649c556e150ea096e3db3b7cbf81f9550ceb988	137	True	False	exact_duplicate
ref_001140	/home/user/wangyuhan/ML-GV02-03/data/raw/t05/gvpa/GvpA_NotPartial.fasta	UOT00987|gvpA|protein	UOT00987|gvpA|protein	9d028f688f23701e4c2b706eca4076ef3e14615f6ea270ed1579580d7e44df51	122	True	True	accepted_unique
ref_001035	/home/user/wangyuhan/ML-GV02-03/data/raw/t05/gvpa/GvpA_NotPartial.fasta	UUD70132|gvpA|protein	UUD70132|gvpA|protein	e64c9f3350adefe5e2286fb43c937a1694783880222108ec4d4e661174ecb283	159	True	False	exact_duplicate
ref_000983	/home/user/wangyuhan/ML-GV02-03/data/raw/t05/gvpa/GvpA_NotPartial.fasta	UUA18849|gvpA|protein	UUA18849|gvpA|protein	a85f488e5f68b0445ad1f413cec34a9c5dac3c9118c0fa60cddc31f649b7e87e	127	True	False	exact_duplicate
ref_000983	/home/user/wangyuhan/ML-GV02-03/data/raw/t05/gvpa/GvpA_NotPartial.fasta	UUA11246|gvpA|protein	UUA11246|gvpA|protein	a85f488e5f68b0445ad1f413cec34a9c5dac3c9118c0fa60cddc31f649b7e87e	127	True	False	exact_duplicate
ref_001141	/home/user/wangyuhan/ML-GV02-03/data/raw/t05/gvpa/GvpA_NotPartial.fasta	UTT50675|gvpA|protein	UTT50675|gvpA|protein	8ef96f328be5cf2ac1efa772f025ea2d828b68d14d556faa69384f870c3e1a2d	124	True	True	accepted_unique
ref_001142	/home/user/wangyuhan/ML-GV02-03/data/raw/t05/gvpa/GvpA_NotPartial.fasta	UTT48597|gvpA|protein	UTT48597|gvpA|protein	1cc68774b93a831e1a935eaf2415c472a5f058450211ee5ed86c0a1037cfc92e	137	True	True	accepted_unique
ref_000530	/home/user/wangyuhan/ML-GV02-03/data/raw/t05/gvpa/GvpA_NotPartial.fasta	UTR09786|gvpA|protein	UTR09786|gvpA|protein	9c6b2526a0bb2c4a36c1e2117cf4711ff4b2b937b14c53f1e3da2df9ee87de56	92	True	False	exact_duplicate
ref_001143	/home/user/wangyuhan/ML-GV02-03/data/raw/t05/gvpa/GvpA_NotPartial.fasta	UTP37086|gvpA|protein	UTP37086|gvpA|protein	3b18df9990357338331ace1968a8dd7edebc544cab440ddcb0a9f68c5c0c58e1	123	True	True	accepted_unique
ref_001144	/home/user/wangyuhan/ML-GV02-03/data/raw/t05/gvpa/GvpA_NotPartial.fasta	UTP29213|gvpA|protein	UTP29213|gvpA|protein	baa6b104c739419a55bfad93a6f62c8fb45469593f933f4777b8b180196495e1	147	True	True	accepted_unique
ref_001143	/home/user/wangyuhan/ML-GV02-03/data/raw/t05/gvpa/GvpA_NotPartial.fasta	UTO67895|gvpA|protein	UTO67895|gvpA|protein	3b18df9990357338331ace1968a8dd7edebc544cab440ddcb0a9f68c5c0c58e1	123	True	False	exact_duplicate
ref_001144	/home/user/wangyuhan/ML-GV02-03/data/raw/t05/gvpa/GvpA_NotPartial.fasta	UTO61267|gvpA|protein	UTO61267|gvpA|protein	baa6b104c739419a55bfad93a6f62c8fb45469593f933f4777b8b180196495e1	147	True	False	exact_duplicate
ref_001095	/home/user/wangyuhan/ML-GV02-03/data/raw/t05/gvpa/GvpA_NotPartial.fasta	UTM37221|gvpA|protein	UTM37221|gvpA|protein	8ea71d3ab15e5cf268b147f59986a63ab493f41d0036f621f12c8f76f133d967	136	True	False	exact_duplicate
ref_000771	/home/user/wangyuhan/ML-GV02-03/data/raw/t05/gvpa/GvpA_NotPartial.fasta	UTE77685|gvpA|protein	UTE77685|gvpA|protein	ddd28b4f0183c6c3a6e1f627f4ba7913059a06e6f7955ec67b16a218628ff1d1	86	True	False	exact_duplicate
ref_000877	/home/user/wangyuhan/ML-GV02-03/data/raw/t05/gvpa/GvpA_NotPartial.fasta	UTE77682|gvpA|protein	UTE77682|gvpA|protein	cd47d1496d29850f6644a2e4918cb8d069efc2063d92c23b7ee666969d921dd9	86	True	False	exact_duplicate
ref_000113	/home/user/wangyuhan/ML-GV02-03/data/raw/t05/gvpa/GvpA_NotPartial.fasta	RZM77707|gvpA|protein	RZM77707|gvpA|protein	9683dd0b519eaf04d7438c1faa3b5ba7bfa2c6cfe741bd86fa7ae8c0e5378d7f	72	True	False	exact_duplicate
ref_000262	/home/user/wangyuhan/ML-GV02-03/data/raw/t05/gvpa/GvpA_NotPartial.fasta	UTF55440|gvpA|protein	UTF55440|gvpA|protein	75679c0d4db585656573044908e13a67effd912339ddc8eec2ed6e7a995e9417	92	True	False	exact_duplicate
ref_000264	/home/user/wangyuhan/ML-GV02-03/data/raw/t05/gvpa/GvpA_NotPartial.fasta	UTF53399|gvpA|protein	UTF53399|gvpA|protein	8d29ff35edf68fc809deca67c394601f9988a9628d0099af15ed1cb1d44b7a5f	95	True	False	exact_duplicate
ref_000181	/home/user/wangyuhan/ML-GV02-03/data/raw/t05/gvpa/GvpA_NotPartial.fasta	USZ76701|gvpA|protein	USZ76701|gvpA|protein	6b94719ca1a990ee1d8f7fe4a2780bb99c98d3599cd6abe8080921d204b422e4	87	True	False	exact_duplicate
ref_000264	/home/user/wangyuhan/ML-GV02-03/data/raw/t05/gvpa/GvpA_NotPartial.fasta	USZ73203|gvpA|protein	USZ73203|gvpA|protein	8d29ff35edf68fc809deca67c394601f9988a9628d0099af15ed1cb1d44b7a5f	95	True	False	exact_duplicate
ref_000265	/home/user/wangyuhan/ML-GV02-03/data/raw/t05/gvpa/GvpA_NotPartial.fasta	USZ70426|gvpA|protein	USZ70426|gvpA|protein	ee10b37a92559cba1989732ac44f05e8bde57068b78b573e193360b62d897bf7	92	True	False	exact_duplicate
ref_000806	/home/user/wangyuhan/ML-GV02-03/data/raw/t05/gvpa/GvpA_NotPartial.fasta	CAH2571870|gvpA|protein	CAH2571870|gvpA|protein	9246ded62fef238baf63231483e047bdc014a8a22dd10e95f7999ab152e2ce4c	72	True	False	exact_duplicate
ref_000861	/home/user/wangyuhan/ML-GV02-03/data/raw/t05/gvpa/GvpA_NotPartial.fasta	CAD5971510|gvpA|protein	CAD5971510|gvpA|protein	1f275ce5dd842aaaf9d24fd9cd1a995ccd28e8006db8fd5d12c958ce30deb19a	71	True	False	exact_duplicate
ref_000760	/home/user/wangyuhan/ML-GV02-03/data/raw/t05/gvpa/GvpA_NotPartial.fasta	CAD5918119|gvpA|protein	CAD5918119|gvpA|protein	b39131acb6e4086319d0c03c602fb7cf5d26620142fdeef57aa6f68352c03653	72	True	False	exact_duplicate
ref_000806	/home/user/wangyuhan/ML-GV02-03/data/raw/t05/gvpa/GvpA_NotPartial.fasta	CAD5949465|gvpA|protein	CAD5949465|gvpA|protein	9246ded62fef238baf63231483e047bdc014a8a22dd10e95f7999ab152e2ce4c	72	True	False	exact_duplicate
ref_000760	/home/user/wangyuhan/ML-GV02-03/data/raw/t05/gvpa/GvpA_NotPartial.fasta	CAD5984871|gvpA|protein	CAD5984871|gvpA|protein	b39131acb6e4086319d0c03c602fb7cf5d26620142fdeef57aa6f68352c03653	72	True	False	exact_duplicate
ref_000861	/home/user/wangyuhan/ML-GV02-03/data/raw/t05/gvpa/GvpA_NotPartial.fasta	CAD5939181|gvpA|protein	CAD5939181|gvpA|protein	1f275ce5dd842aaaf9d24fd9cd1a995ccd28e8006db8fd5d12c958ce30deb19a	71	True	False	exact_duplicate
ref_000806	/home/user/wangyuhan/ML-GV02-03/data/raw/t05/gvpa/GvpA_NotPartial.fasta	CAD5941148|gvpA|protein	CAD5941148|gvpA|protein	9246ded62fef238baf63231483e047bdc014a8a22dd10e95f7999ab152e2ce4c	72	True	False	exact_duplicate
ref_000806	/home/user/wangyuhan/ML-GV02-03/data/raw/t05/gvpa/GvpA_NotPartial.fasta	CAD5941113|gvpA|protein	CAD5941113|gvpA|protein	9246ded62fef238baf63231483e047bdc014a8a22dd10e95f7999ab152e2ce4c	72	True	False	exact_duplicate
ref_000806	/home/user/wangyuhan/ML-GV02-03/data/raw/t05/gvpa/GvpA_NotPartial.fasta	CAD5941081|gvpA|protein	CAD5941081|gvpA|protein	9246ded62fef238baf63231483e047bdc014a8a22dd10e95f7999ab152e2ce4c	72	True	False	exact_duplicate
ref_000806	/home/user/wangyuhan/ML-GV02-03/data/raw/t05/gvpa/GvpA_NotPartial.fasta	CAD5941065|gvpA|protein	CAD5941065|gvpA|protein	9246ded62fef238baf63231483e047bdc014a8a22dd10e95f7999ab152e2ce4c	72	True	False	exact_duplicate
ref_000806	/home/user/wangyuhan/ML-GV02-03/data/raw/t05/gvpa/GvpA_NotPartial.fasta	CAD5931775|gvpA|protein	CAD5931775|gvpA|protein	9246ded62fef238baf63231483e047bdc014a8a22dd10e95f7999ab152e2ce4c	72	True	False	exact_duplicate
ref_000806	/home/user/wangyuhan/ML-GV02-03/data/raw/t05/gvpa/GvpA_NotPartial.fasta	CAD5931755|gvpA|protein	CAD5931755|gvpA|protein	9246ded62fef238baf63231483e047bdc014a8a22dd10e95f7999ab152e2ce4c	72	True	False	exact_duplicate
ref_000806	/home/user/wangyuhan/ML-GV02-03/data/raw/t05/gvpa/GvpA_NotPartial.fasta	CAD5931729|gvpA|protein	CAD5931729|gvpA|protein	9246ded62fef238baf63231483e047bdc014a8a22dd10e95f7999ab152e2ce4c	72	True	False	exact_duplicate
ref_000806	/home/user/wangyuhan/ML-GV02-03/data/raw/t05/gvpa/GvpA_NotPartial.fasta	CAD5929580|gvpA|protein	CAD5929580|gvpA|protein	9246ded62fef238baf63231483e047bdc014a8a22dd10e95f7999ab152e2ce4c	72	True	False	exact_duplicate
ref_000806	/home/user/wangyuhan/ML-GV02-03/data/raw/t05/gvpa/GvpA_NotPartial.fasta	CAD5929560|gvpA|protein	CAD5929560|gvpA|protein	9246ded62fef238baf63231483e047bdc014a8a22dd10e95f7999ab152e2ce4c	72	True	False	exact_duplicate
ref_000806	/home/user/wangyuhan/ML-GV02-03/data/raw/t05/gvpa/GvpA_NotPartial.fasta	CAD5929540|gvpA|protein	CAD5929540|gvpA|protein	9246ded62fef238baf63231483e047bdc014a8a22dd10e95f7999ab152e2ce4c	72	True	False	exact_duplicate
ref_000806	/home/user/wangyuhan/ML-GV02-03/data/raw/t05/gvpa/GvpA_NotPartial.fasta	CAD5929524|gvpA|protein	CAD5929524|gvpA|protein	9246ded62fef238baf63231483e047bdc014a8a22dd10e95f7999ab152e2ce4c	72	True	False	exact_duplicate
ref_000806	/home/user/wangyuhan/ML-GV02-03/data/raw/t05/gvpa/GvpA_NotPartial.fasta	CAD5929460|gvpA|protein	CAD5929460|gvpA|protein	9246ded62fef238baf63231483e047bdc014a8a22dd10e95f7999ab152e2ce4c	72	True	False	exact_duplicate
ref_000806	/home/user/wangyuhan/ML-GV02-03/data/raw/t05/gvpa/GvpA_NotPartial.fasta	CAD5929444|gvpA|protein	CAD5929444|gvpA|protein	9246ded62fef238baf63231483e047bdc014a8a22dd10e95f7999ab152e2ce4c	72	True	False	exact_duplicate
ref_000806	/home/user/wangyuhan/ML-GV02-03/data/raw/t05/gvpa/GvpA_NotPartial.fasta	CAD5929429|gvpA|protein	CAD5929429|gvpA|protein	9246ded62fef238baf63231483e047bdc014a8a22dd10e95f7999ab152e2ce4c	72	True	False	exact_duplicate
ref_000806	/home/user/wangyuhan/ML-GV02-03/data/raw/t05/gvpa/GvpA_NotPartial.fasta	CAD5926328|gvpA|protein	CAD5926328|gvpA|protein	9246ded62fef238baf63231483e047bdc014a8a22dd10e95f7999ab152e2ce4c	72	True	False	exact_duplicate
ref_000806	/home/user/wangyuhan/ML-GV02-03/data/raw/t05/gvpa/GvpA_NotPartial.fasta	CAD5926320|gvpA|protein	CAD5926320|gvpA|protein	9246ded62fef238baf63231483e047bdc014a8a22dd10e95f7999ab152e2ce4c	72	True	False	exact_duplicate
ref_000806	/home/user/wangyuhan/ML-GV02-03/data/raw/t05/gvpa/GvpA_NotPartial.fasta	CAD5926256|gvpA|protein	CAD5926256|gvpA|protein	9246ded62fef238baf63231483e047bdc014a8a22dd10e95f7999ab152e2ce4c	72	True	False	exact_duplicate
ref_000806	/home/user/wangyuhan/ML-GV02-03/data/raw/t05/gvpa/GvpA_NotPartial.fasta	CAD5926239|gvpA|protein	CAD5926239|gvpA|protein	9246ded62fef238baf63231483e047bdc014a8a22dd10e95f7999ab152e2ce4c	72	True	False	exact_duplicate
ref_000806	/home/user/wangyuhan/ML-GV02-03/data/raw/t05/gvpa/GvpA_NotPartial.fasta	CAD5926215|gvpA|protein	CAD5926215|gvpA|protein	9246ded62fef238baf63231483e047bdc014a8a22dd10e95f7999ab152e2ce4c	72	True	False	exact_duplicate
ref_000806	/home/user/wangyuhan/ML-GV02-03/data/raw/t05/gvpa/GvpA_NotPartial.fasta	CAD5926182|gvpA|protein	CAD5926182|gvpA|protein	9246ded62fef238baf63231483e047bdc014a8a22dd10e95f7999ab152e2ce4c	72	True	False	exact_duplicate
ref_000806	/home/user/wangyuhan/ML-GV02-03/data/raw/t05/gvpa/GvpA_NotPartial.fasta	CAD5959744|gvpA|protein	CAD5959744|gvpA|protein	9246ded62fef238baf63231483e047bdc014a8a22dd10e95f7999ab152e2ce4c	72	True	False	exact_duplicate
ref_000806	/home/user/wangyuhan/ML-GV02-03/data/raw/t05/gvpa/GvpA_NotPartial.fasta	CAD5932467|gvpA|protein	CAD5932467|gvpA|protein	9246ded62fef238baf63231483e047bdc014a8a22dd10e95f7999ab152e2ce4c	72	True	False	exact_duplicate
ref_000806	/home/user/wangyuhan/ML-GV02-03/data/raw/t05/gvpa/GvpA_NotPartial.fasta	CAD5932456|gvpA|protein	CAD5932456|gvpA|protein	9246ded62fef238baf63231483e047bdc014a8a22dd10e95f7999ab152e2ce4c	72	True	False	exact_duplicate
ref_000806	/home/user/wangyuhan/ML-GV02-03/data/raw/t05/gvpa/GvpA_NotPartial.fasta	CAD5932433|gvpA|protein	CAD5932433|gvpA|protein	9246ded62fef238baf63231483e047bdc014a8a22dd10e95f7999ab152e2ce4c	72	True	False	exact_duplicate
ref_000806	/home/user/wangyuhan/ML-GV02-03/data/raw/t05/gvpa/GvpA_NotPartial.fasta	CAD5935169|gvpA|protein	CAD5935169|gvpA|protein	9246ded62fef238baf63231483e047bdc014a8a22dd10e95f7999ab152e2ce4c	72	True	False	exact_duplicate
ref_000806	/home/user/wangyuhan/ML-GV02-03/data/raw/t05/gvpa/GvpA_NotPartial.fasta	CAD5935148|gvpA|protein	CAD5935148|gvpA|protein	9246ded62fef238baf63231483e047bdc014a8a22dd10e95f7999ab152e2ce4c	72	True	False	exact_duplicate
ref_000806	/home/user/wangyuhan/ML-GV02-03/data/raw/t05/gvpa/GvpA_NotPartial.fasta	CAD5945655|gvpA|protein	CAD5945655|gvpA|protein	9246ded62fef238baf63231483e047bdc014a8a22dd10e95f7999ab152e2ce4c	72	True	False	exact_duplicate
ref_000806	/home/user/wangyuhan/ML-GV02-03/data/raw/t05/gvpa/GvpA_NotPartial.fasta	CAD5945651|gvpA|protein	CAD5945651|gvpA|protein	9246ded62fef238baf63231483e047bdc014a8a22dd10e95f7999ab152e2ce4c	72	True	False	exact_duplicate
ref_000806	/home/user/wangyuhan/ML-GV02-03/data/raw/t05/gvpa/GvpA_NotPartial.fasta	CAD5926986|gvpA|protein	CAD5926986|gvpA|protein	9246ded62fef238baf63231483e047bdc014a8a22dd10e95f7999ab152e2ce4c	72	True	False	exact_duplicate
ref_000806	/home/user/wangyuhan/ML-GV02-03/data/raw/t05/gvpa/GvpA_NotPartial.fasta	CAD5926951|gvpA|protein	CAD5926951|gvpA|protein	9246ded62fef238baf63231483e047bdc014a8a22dd10e95f7999ab152e2ce4c	72	True	False	exact_duplicate
ref_000806	/home/user/wangyuhan/ML-GV02-03/data/raw/t05/gvpa/GvpA_NotPartial.fasta	CAD5926917|gvpA|protein	CAD5926917|gvpA|protein	9246ded62fef238baf63231483e047bdc014a8a22dd10e95f7999ab152e2ce4c	72	True	False	exact_duplicate
ref_000806	/home/user/wangyuhan/ML-GV02-03/data/raw/t05/gvpa/GvpA_NotPartial.fasta	CAD5926884|gvpA|protein	CAD5926884|gvpA|protein	9246ded62fef238baf63231483e047bdc014a8a22dd10e95f7999ab152e2ce4c	72	True	False	exact_duplicate
ref_000806	/home/user/wangyuhan/ML-GV02-03/data/raw/t05/gvpa/GvpA_NotPartial.fasta	CUM61313|gvpA|protein	CUM61313|gvpA|protein	9246ded62fef238baf63231483e047bdc014a8a22dd10e95f7999ab152e2ce4c	72	True	False	exact_duplicate
ref_000534	/home/user/wangyuhan/ML-GV02-03/data/raw/t05/gvpa/GvpA_NotPartial.fasta	USL40763|gvpA|protein	USL40763|gvpA|protein	cace8f7ec0f10f4823d0ae9dea12552172553751f3f14cb0f92c2a762afd5089	86	True	False	exact_duplicate
ref_000442	/home/user/wangyuhan/ML-GV02-03/data/raw/t05/gvpa/GvpA_NotPartial.fasta	USL40760|gvpA|protein	USL40760|gvpA|protein	6eb7664db70304cf0f2ba846d31c4d016d07d8bebedb70ce52fe5ab7167e72cd	88	True	False	exact_duplicate
ref_000588	/home/user/wangyuhan/ML-GV02-03/data/raw/t05/gvpa/GvpA_NotPartial.fasta	USL40691|gvpA|protein	USL40691|gvpA|protein	68d62db14d5f1911f6ac8ff9bb45e58ec4dd1943686990174f214a41d639ffa7	92	True	False	exact_duplicate
ref_000441	/home/user/wangyuhan/ML-GV02-03/data/raw/t05/gvpa/GvpA_NotPartial.fasta	USL34535|gvpA|protein	USL34535|gvpA|protein	626bf126ff6a42e860e1c20b32f28779f549346c7554d3694e519c08b6d8a44f	86	True	False	exact_duplicate
ref_000442	/home/user/wangyuhan/ML-GV02-03/data/raw/t05/gvpa/GvpA_NotPartial.fasta	USL34532|gvpA|protein	USL34532|gvpA|protein	6eb7664db70304cf0f2ba846d31c4d016d07d8bebedb70ce52fe5ab7167e72cd	88	True	False	exact_duplicate
ref_000443	/home/user/wangyuhan/ML-GV02-03/data/raw/t05/gvpa/GvpA_NotPartial.fasta	USL34462|gvpA|protein	USL34462|gvpA|protein	7c1ee34913e269628b618a114cee0c9a5db90412949ae6bff681672ba1b795b8	92	True	False	exact_duplicate
ref_000441	/home/user/wangyuhan/ML-GV02-03/data/raw/t05/gvpa/GvpA_NotPartial.fasta	USL28899|gvpA|protein	USL28899|gvpA|protein	626bf126ff6a42e860e1c20b32f28779f549346c7554d3694e519c08b6d8a44f	86	True	False	exact_duplicate
ref_000442	/home/user/wangyuhan/ML-GV02-03/data/raw/t05/gvpa/GvpA_NotPartial.fasta	USL28896|gvpA|protein	USL28896|gvpA|protein	6eb7664db70304cf0f2ba846d31c4d016d07d8bebedb70ce52fe5ab7167e72cd	88	True	False	exact_duplicate
ref_000443	/home/user/wangyuhan/ML-GV02-03/data/raw/t05/gvpa/GvpA_NotPartial.fasta	USL28827|gvpA|protein	USL28827|gvpA|protein	7c1ee34913e269628b618a114cee0c9a5db90412949ae6bff681672ba1b795b8	92	True	False	exact_duplicate
ref_000441	/home/user/wangyuhan/ML-GV02-03/data/raw/t05/gvpa/GvpA_NotPartial.fasta	USL22891|gvpA|protein	USL22891|gvpA|protein	626bf126ff6a42e860e1c20b32f28779f549346c7554d3694e519c08b6d8a44f	86	True	False	exact_duplicate
ref_000442	/home/user/wangyuhan/ML-GV02-03/data/raw/t05/gvpa/GvpA_NotPartial.fasta	USL22888|gvpA|protein	USL22888|gvpA|protein	6eb7664db70304cf0f2ba846d31c4d016d07d8bebedb70ce52fe5ab7167e72cd	88	True	False	exact_duplicate
ref_000443	/home/user/wangyuhan/ML-GV02-03/data/raw/t05/gvpa/GvpA_NotPartial.fasta	USL22818|gvpA|protein	USL22818|gvpA|protein	7c1ee34913e269628b618a114cee0c9a5db90412949ae6bff681672ba1b795b8	92	True	False	exact_duplicate
ref_001145	/home/user/wangyuhan/ML-GV02-03/data/raw/t05/gvpa/GvpA_NotPartial.fasta	USK92028|gvpA|protein	USK92028|gvpA|protein	861aafc294a955cecd2e8aa021efbea89c4ff50540a59e4da72bffee0f1353b8	85	True	True	accepted_unique
ref_001070	/home/user/wangyuhan/ML-GV02-03/data/raw/t05/gvpa/GvpA_NotPartial.fasta	USK92025|gvpA|protein	USK92025|gvpA|protein	426945d8cc00ec8955a1646dbeed14d6101d9b701a545ad72475714ad119e38e	86	True	False	exact_duplicate
ref_001146	/home/user/wangyuhan/ML-GV02-03/data/raw/t05/gvpa/GvpA_NotPartial.fasta	USK34280|gvpA|protein	USK34280|gvpA|protein	9b2a86e0f5de235d8cf52558cde6df4b781cc1f877562038ef4e9a43cd99efc3	86	True	True	accepted_unique
ref_001147	/home/user/wangyuhan/ML-GV02-03/data/raw/t05/gvpa/GvpA_NotPartial.fasta	USK34277|gvpA|protein	USK34277|gvpA|protein	31b58a77b806c43147b8710dffbe2aa9463b06d3c57ae16443b8a8950509ab8c	89	True	True	accepted_unique
ref_001148	/home/user/wangyuhan/ML-GV02-03/data/raw/t05/gvpa/GvpA_NotPartial.fasta	USK29051|gvpA|protein	USK29051|gvpA|protein	9e9838f9103591942aeedf4afb3a8d31f08778fcde32fce54f61fcdb0b0dc016	86	True	True	accepted_unique
ref_001149	/home/user/wangyuhan/ML-GV02-03/data/raw/t05/gvpa/GvpA_NotPartial.fasta	USK29048|gvpA|protein	USK29048|gvpA|protein	d3c6f8adf24bb50b5677beb00b62024c0a840888b81d68436e48442995fdd236	89	True	True	accepted_unique
ref_001095	/home/user/wangyuhan/ML-GV02-03/data/raw/t05/gvpa/GvpA_NotPartial.fasta	USI90322|gvpA|protein	USI90322|gvpA|protein	8ea71d3ab15e5cf268b147f59986a63ab493f41d0036f621f12c8f76f133d967	136	True	False	exact_duplicate
ref_000441	/home/user/wangyuhan/ML-GV02-03/data/raw/t05/gvpa/GvpA_NotPartial.fasta	USD14641|gvpA|protein	USD14641|gvpA|protein	626bf126ff6a42e860e1c20b32f28779f549346c7554d3694e519c08b6d8a44f	86	True	False	exact_duplicate
ref_000442	/home/user/wangyuhan/ML-GV02-03/data/raw/t05/gvpa/GvpA_NotPartial.fasta	USD14638|gvpA|protein	USD14638|gvpA|protein	6eb7664db70304cf0f2ba846d31c4d016d07d8bebedb70ce52fe5ab7167e72cd	88	True	False	exact_duplicate
ref_001108	/home/user/wangyuhan/ML-GV02-03/data/raw/t05/gvpa/GvpA_NotPartial.fasta	USD14572|gvpA|protein	USD14572|gvpA|protein	752dd7ddb136b7ab5ad1fc9143aab6de80df0e038ccb4ffd14a6d4e4c5def3a1	92	True	False	exact_duplicate
ref_000899	/home/user/wangyuhan/ML-GV02-03/data/raw/t05/gvpa/GvpA_NotPartial.fasta	USC16528|gvpA|protein	USC16528|gvpA|protein	45d8bf8bea0b0845fea0454ddcc5aeef60886812481cab811e7b2c5e31b593c1	139	True	False	exact_duplicate
ref_001111	/home/user/wangyuhan/ML-GV02-03/data/raw/t05/gvpa/GvpA_NotPartial.fasta	USC15276|gvpA|protein	USC15276|gvpA|protein	4a95098f433ac14617bce2f5f17d41173d4ea0bba8f08c7fcebe4180207e25ec	136	True	False	exact_duplicate
ref_001150	/home/user/wangyuhan/ML-GV02-03/data/raw/t05/gvpa/GvpA_NotPartial.fasta	USA05447|gvpA|protein	USA05447|gvpA|protein	eac8d42dcf851f8eb6d8e6d157d9202b4157f06d3f5722da88eec6eb15d21516	154	True	True	accepted_unique
ref_001013	/home/user/wangyuhan/ML-GV02-03/data/raw/t05/gvpa/GvpA_NotPartial.fasta	CAG6396363|gvpA|protein	CAG6396363|gvpA|protein	d82c955fa7d898a2ab968cd145c1de0abf568f4ddc1ef84aa0417b91848c0d7f	157	True	False	exact_duplicate
ref_001151	/home/user/wangyuhan/ML-GV02-03/data/raw/t05/gvpa/GvpA_NotPartial.fasta	CAG7645962|gvpA|protein	CAG7645962|gvpA|protein	575a3ddb97ad6997411f8babd11bc09c4de70bf165dbcaddc2bc306b3ddfc191	148	True	True	accepted_unique
ref_000776	/home/user/wangyuhan/ML-GV02-03/data/raw/t05/gvpa/GvpA_NotPartial.fasta	QYX32585|gvpA|protein	QYX32585|gvpA|protein	91bed3979bc3e4336571f4777fdc970add38d222ade8ef0f579bd78d1660a8a9	71	True	False	exact_duplicate
ref_000776	/home/user/wangyuhan/ML-GV02-03/data/raw/t05/gvpa/GvpA_NotPartial.fasta	QYX32584|gvpA|protein	QYX32584|gvpA|protein	91bed3979bc3e4336571f4777fdc970add38d222ade8ef0f579bd78d1660a8a9	71	True	False	exact_duplicate
ref_000776	/home/user/wangyuhan/ML-GV02-03/data/raw/t05/gvpa/GvpA_NotPartial.fasta	QYX32583|gvpA|protein	QYX32583|gvpA|protein	91bed3979bc3e4336571f4777fdc970add38d222ade8ef0f579bd78d1660a8a9	71	True	False	exact_duplicate
ref_001152	/home/user/wangyuhan/ML-GV02-03/data/raw/t05/gvpa/GvpA_NotPartial.fasta	URN18430|gvpA|protein	URN18430|gvpA|protein	dabe1f4728c04495925e0f9270a5657a7770fb004a500ebd6cd83d02fc54442f	127	True	True	accepted_unique
ref_001153	/home/user/wangyuhan/ML-GV02-03/data/raw/t05/gvpa/GvpA_NotPartial.fasta	URN04122|gvpA|protein	URN04122|gvpA|protein	5fe0328494dc254c515b151224ced5890975857b4eb01359ed24836ccf9c4e0b	145	True	True	accepted_unique
ref_001153	/home/user/wangyuhan/ML-GV02-03/data/raw/t05/gvpa/GvpA_NotPartial.fasta	URM93391|gvpA|protein	URM93391|gvpA|protein	5fe0328494dc254c515b151224ced5890975857b4eb01359ed24836ccf9c4e0b	145	True	False	exact_duplicate
ref_001154	/home/user/wangyuhan/ML-GV02-03/data/raw/t05/gvpa/GvpA_NotPartial.fasta	URM92448|gvpA|protein	URM92448|gvpA|protein	2020b232078a08b4fb2ba23c5957f8f9390b6f6b8f9bf83e50c07d8ad197a4f4	128	True	True	accepted_unique
ref_000659	/home/user/wangyuhan/ML-GV02-03/data/raw/t05/gvpa/GvpA_NotPartial.fasta	UQA57619|gvpA|protein	UQA57619|gvpA|protein	6bbc846fc8bfac59f7c6510418290574d1f669840583c3476a2d090d30078eaa	72	True	False	exact_duplicate
ref_001155	/home/user/wangyuhan/ML-GV02-03/data/raw/t05/gvpa/GvpA_NotPartial.fasta	UQB73902|gvpA|protein	UQB73902|gvpA|protein	438c70c6875cb7fc8740cef9d78954de9ef17fb674afe443e67ee3f25ab4eb1e	136	True	True	accepted_unique
ref_001156	/home/user/wangyuhan/ML-GV02-03/data/raw/t05/gvpa/GvpA_NotPartial.fasta	UQB72796|gvpA|protein	UQB72796|gvpA|protein	495c2735bcdc48076ab650d642331359242e43e96bdc724fdf700722933826ad	140	True	True	accepted_unique
ref_001157	/home/user/wangyuhan/ML-GV02-03/data/raw/t05/gvpa/GvpA_NotPartial.fasta	UPZ28683|gvpA|protein	UPZ28683|gvpA|protein	82b87d3bb03732004ea1990715264711abd0cd34b6a722226d77d45ff12c49c6	159	True	True	accepted_unique
ref_001095	/home/user/wangyuhan/ML-GV02-03/data/raw/t05/gvpa/GvpA_NotPartial.fasta	UPW02584|gvpA|protein	UPW02584|gvpA|protein	8ea71d3ab15e5cf268b147f59986a63ab493f41d0036f621f12c8f76f133d967	136	True	False	exact_duplicate
ref_000272	/home/user/wangyuhan/ML-GV02-03/data/raw/t05/gvpa/GvpA_NotPartial.fasta	UPM45053|gvpA|protein	UPM45053|gvpA|protein	a7ccf9f8dd2634fb8865a974bed75f2eb951c05b029415bc1b95e882706a1adf	92	True	False	exact_duplicate
ref_001095	/home/user/wangyuhan/ML-GV02-03/data/raw/t05/gvpa/GvpA_NotPartial.fasta	UPK62189|gvpA|protein	UPK62189|gvpA|protein	8ea71d3ab15e5cf268b147f59986a63ab493f41d0036f621f12c8f76f133d967	136	True	False	exact_duplicate
ref_000442	/home/user/wangyuhan/ML-GV02-03/data/raw/t05/gvpa/GvpA_NotPartial.fasta	UPK51856|gvpA|protein	UPK51856|gvpA|protein	6eb7664db70304cf0f2ba846d31c4d016d07d8bebedb70ce52fe5ab7167e72cd	88	True	False	exact_duplicate
ref_000441	/home/user/wangyuhan/ML-GV02-03/data/raw/t05/gvpa/GvpA_NotPartial.fasta	UPK51853|gvpA|protein	UPK51853|gvpA|protein	626bf126ff6a42e860e1c20b32f28779f549346c7554d3694e519c08b6d8a44f	86	True	False	exact_duplicate
ref_001067	/home/user/wangyuhan/ML-GV02-03/data/raw/t05/gvpa/GvpA_NotPartial.fasta	UPH41501|gvpA|protein	UPH41501|gvpA|protein	049b976820314d6d1bbac00fc960f2299f655d8385df0ce87e09c0328619714a	132	True	False	exact_duplicate
ref_001067	/home/user/wangyuhan/ML-GV02-03/data/raw/t05/gvpa/GvpA_NotPartial.fasta	UPH36055|gvpA|protein	UPH36055|gvpA|protein	049b976820314d6d1bbac00fc960f2299f655d8385df0ce87e09c0328619714a	132	True	False	exact_duplicate
ref_001067	/home/user/wangyuhan/ML-GV02-03/data/raw/t05/gvpa/GvpA_NotPartial.fasta	UNQ33117|gvpA|protein	UNQ33117|gvpA|protein	049b976820314d6d1bbac00fc960f2299f655d8385df0ce87e09c0328619714a	132	True	False	exact_duplicate
ref_001158	/home/user/wangyuhan/ML-GV02-03/data/raw/t05/gvpa/GvpA_NotPartial.fasta	UNQ37791|gvpA|protein	UNQ37791|gvpA|protein	d51344965969dceb66397bf615a7d135123d4b108438c650ac71d9bde3a18e3d	132	True	True	accepted_unique
ref_000537	/home/user/wangyuhan/ML-GV02-03/data/raw/t05/gvpa/GvpA_NotPartial.fasta	UOR13531|gvpA|protein	UOR13531|gvpA|protein	d067ede25f6c0516a95636ce1ba39bb7c9af60934aa1be5c02f93f76c57f8d13	86	True	False	exact_duplicate
ref_001072	/home/user/wangyuhan/ML-GV02-03/data/raw/t05/gvpa/GvpA_NotPartial.fasta	UOR13528|gvpA|protein	UOR13528|gvpA|protein	16f4d6984b9b4853b8488d2f00837aded0a0837a54e38fc9966fcd470df131ab	86	True	False	exact_duplicate
ref_001072	/home/user/wangyuhan/ML-GV02-03/data/raw/t05/gvpa/GvpA_NotPartial.fasta	UOQ92419|gvpA|protein	UOQ92419|gvpA|protein	16f4d6984b9b4853b8488d2f00837aded0a0837a54e38fc9966fcd470df131ab	86	True	False	exact_duplicate
ref_000538	/home/user/wangyuhan/ML-GV02-03/data/raw/t05/gvpa/GvpA_NotPartial.fasta	UOQ92416|gvpA|protein	UOQ92416|gvpA|protein	09086542d4cbb738c598ac64846bcf11b99d89bf5548d9cd131ec5c41c15d981	86	True	False	exact_duplicate
ref_000539	/home/user/wangyuhan/ML-GV02-03/data/raw/t05/gvpa/GvpA_NotPartial.fasta	UOQ44150|gvpA|protein	UOQ44150|gvpA|protein	b57aea053dff80c6482c73ae4d65951ad92817758d08bbac48f2486c643f6b1d	96	True	False	exact_duplicate
ref_000277	/home/user/wangyuhan/ML-GV02-03/data/raw/t05/gvpa/GvpA_NotPartial.fasta	UOO96121|gvpA|protein	UOO96121|gvpA|protein	cc5d159ca664e171159faf64874edda58bcf4f93389e556aa786d789e977288a	102	True	False	exact_duplicate
ref_000442	/home/user/wangyuhan/ML-GV02-03/data/raw/t05/gvpa/GvpA_NotPartial.fasta	UOO43216|gvpA|protein	UOO43216|gvpA|protein	6eb7664db70304cf0f2ba846d31c4d016d07d8bebedb70ce52fe5ab7167e72cd	88	True	False	exact_duplicate
ref_000441	/home/user/wangyuhan/ML-GV02-03/data/raw/t05/gvpa/GvpA_NotPartial.fasta	UOO43213|gvpA|protein	UOO43213|gvpA|protein	626bf126ff6a42e860e1c20b32f28779f549346c7554d3694e519c08b6d8a44f	86	True	False	exact_duplicate
ref_001148	/home/user/wangyuhan/ML-GV02-03/data/raw/t05/gvpa/GvpA_NotPartial.fasta	UOK58379|gvpA|protein	UOK58379|gvpA|protein	9e9838f9103591942aeedf4afb3a8d31f08778fcde32fce54f61fcdb0b0dc016	86	True	False	exact_duplicate
ref_001149	/home/user/wangyuhan/ML-GV02-03/data/raw/t05/gvpa/GvpA_NotPartial.fasta	UOK58375|gvpA|protein	UOK58375|gvpA|protein	d3c6f8adf24bb50b5677beb00b62024c0a840888b81d68436e48442995fdd236	89	True	False	exact_duplicate
ref_000770	/home/user/wangyuhan/ML-GV02-03/data/raw/t05/gvpa/GvpA_NotPartial.fasta	UOE60094|gvpA|protein	UOE60094|gvpA|protein	d5d0ae6e983cda4aeda154323d0f30aed2879536e0aaebf060ca3876d8b0c7aa	87	True	False	exact_duplicate
ref_001091	/home/user/wangyuhan/ML-GV02-03/data/raw/t05/gvpa/GvpA_NotPartial.fasta	UOC13226|gvpA|protein	UOC13226|gvpA|protein	5b77cb790e4257984be3f5fe0f83308d20a225669ae6b121ddf82ab9c73843f9	115	True	False	exact_duplicate
ref_001159	/home/user/wangyuhan/ML-GV02-03/data/raw/t05/gvpa/GvpA_NotPartial.fasta	UOB15569|gvpA|protein	UOB15569|gvpA|protein	a35562a6d386286458f3f64c5f980660047b7458dc43cc950c941b3ef0e27128	128	True	True	accepted_unique
ref_000813	/home/user/wangyuhan/ML-GV02-03/data/raw/t05/gvpa/GvpA_NotPartial.fasta	UOA09611|gvpA|protein	UOA09611|gvpA|protein	2c2604728bdef8750aecca71c68dd7345cd16ca9f3492c8d41790bc4ba9d256c	72	True	False	exact_duplicate
ref_000813	/home/user/wangyuhan/ML-GV02-03/data/raw/t05/gvpa/GvpA_NotPartial.fasta	UOA09610|gvpA|protein	UOA09610|gvpA|protein	2c2604728bdef8750aecca71c68dd7345cd16ca9f3492c8d41790bc4ba9d256c	72	True	False	exact_duplicate
ref_000813	/home/user/wangyuhan/ML-GV02-03/data/raw/t05/gvpa/GvpA_NotPartial.fasta	UOA09609|gvpA|protein	UOA09609|gvpA|protein	2c2604728bdef8750aecca71c68dd7345cd16ca9f3492c8d41790bc4ba9d256c	72	True	False	exact_duplicate
ref_001160	/home/user/wangyuhan/ML-GV02-03/data/raw/t05/gvpa/GvpA_NotPartial.fasta	UNZ20179|gvpA|protein	UNZ20179|gvpA|protein	e94fe6c2cd879bdd36af2700e2bcfcce0fe6c30ed31a5c31122332b7b4b4b457	136	True	True	accepted_unique
ref_000928	/home/user/wangyuhan/ML-GV02-03/data/raw/t05/gvpa/GvpA_NotPartial.fasta	UNR59135|gvpA|protein	UNR59135|gvpA|protein	a6bd531a054394dd2492a419c048d3b40d087f37d31a5c0bcf08c535c08447d5	158	True	False	exact_duplicate
ref_001104	/home/user/wangyuhan/ML-GV02-03/data/raw/t05/gvpa/GvpA_NotPartial.fasta	UNN01778|gvpA|protein	UNN01778|gvpA|protein	83b8beb8a3b426da1be81f427b205ed17028b99c7cdc6494658a5b007da423c0	122	True	False	exact_duplicate
ref_001097	/home/user/wangyuhan/ML-GV02-03/data/raw/t05/gvpa/GvpA_NotPartial.fasta	UNN01538|gvpA|protein	UNN01538|gvpA|protein	f54587a3fcd451658c0d39f20649c556e150ea096e3db3b7cbf81f9550ceb988	137	True	False	exact_duplicate
ref_001161	/home/user/wangyuhan/ML-GV02-03/data/raw/t05/gvpa/GvpA_NotPartial.fasta	UNM98676|gvpA|protein	UNM98676|gvpA|protein	93f54d1ba2a517138e6d1da988645d9f0fe7755601c094b3cf4243b2ffb24e1d	122	True	True	accepted_unique
ref_001162	/home/user/wangyuhan/ML-GV02-03/data/raw/t05/gvpa/GvpA_NotPartial.fasta	UNL86342|gvpA|protein	UNL86342|gvpA|protein	5a65931304c85af4f9a6a8601ff381e882ea89409a4bc331451f79f09290c2a5	86	True	True	accepted_unique
ref_001110	/home/user/wangyuhan/ML-GV02-03/data/raw/t05/gvpa/GvpA_NotPartial.fasta	UEO02357|gvpA|protein	UEO02357|gvpA|protein	67932dce44a393cc5d41a1cf21299a35df270345f50883fcdd153fe6edbae429	74	True	False	exact_duplicate
ref_001163	/home/user/wangyuhan/ML-GV02-03/data/raw/t05/gvpa/GvpA_NotPartial.fasta	ULT55714|gvpA|protein	ULT55714|gvpA|protein	293e1b872cd54d43e73bc8e3767bce8f873a68ea2121c0dbb9c597cef3c7d480	87	True	True	accepted_unique
ref_000853	/home/user/wangyuhan/ML-GV02-03/data/raw/t05/gvpa/GvpA_NotPartial.fasta	ULP28905|gvpA|protein	ULP28905|gvpA|protein	6f827542d262f6a8575a7ac08f23d14f643c985ecf8d65260a44d1f5c7ecb48c	72	True	False	exact_duplicate
ref_001164	/home/user/wangyuhan/ML-GV02-03/data/raw/t05/gvpa/GvpA_NotPartial.fasta	UKS65176|gvpA|protein	UKS65176|gvpA|protein	72774f3330f715fae40167c5908fe22bce041ba01f9d5aab707701da56e39434	85	True	True	accepted_unique
ref_001070	/home/user/wangyuhan/ML-GV02-03/data/raw/t05/gvpa/GvpA_NotPartial.fasta	UKS65173|gvpA|protein	UKS65173|gvpA|protein	426945d8cc00ec8955a1646dbeed14d6101d9b701a545ad72475714ad119e38e	86	True	False	exact_duplicate
ref_000848	/home/user/wangyuhan/ML-GV02-03/data/raw/t05/gvpa/GvpA_NotPartial.fasta	UKP00212|gvpA|protein	UKP00212|gvpA|protein	278c7a3fd12af0319695fae40d23ee8f76abf60d19c5e52b3b9dab1e368567ba	71	True	False	exact_duplicate
ref_000848	/home/user/wangyuhan/ML-GV02-03/data/raw/t05/gvpa/GvpA_NotPartial.fasta	UKP00211|gvpA|protein	UKP00211|gvpA|protein	278c7a3fd12af0319695fae40d23ee8f76abf60d19c5e52b3b9dab1e368567ba	71	True	False	exact_duplicate
ref_000848	/home/user/wangyuhan/ML-GV02-03/data/raw/t05/gvpa/GvpA_NotPartial.fasta	UKO95985|gvpA|protein	UKO95985|gvpA|protein	278c7a3fd12af0319695fae40d23ee8f76abf60d19c5e52b3b9dab1e368567ba	71	True	False	exact_duplicate
ref_000441	/home/user/wangyuhan/ML-GV02-03/data/raw/t05/gvpa/GvpA_NotPartial.fasta	UKJ79038|gvpA|protein	UKJ79038|gvpA|protein	626bf126ff6a42e860e1c20b32f28779f549346c7554d3694e519c08b6d8a44f	86	True	False	exact_duplicate
ref_000442	/home/user/wangyuhan/ML-GV02-03/data/raw/t05/gvpa/GvpA_NotPartial.fasta	UKJ79035|gvpA|protein	UKJ79035|gvpA|protein	6eb7664db70304cf0f2ba846d31c4d016d07d8bebedb70ce52fe5ab7167e72cd	88	True	False	exact_duplicate
ref_000443	/home/user/wangyuhan/ML-GV02-03/data/raw/t05/gvpa/GvpA_NotPartial.fasta	UKJ78968|gvpA|protein	UKJ78968|gvpA|protein	7c1ee34913e269628b618a114cee0c9a5db90412949ae6bff681672ba1b795b8	92	True	False	exact_duplicate
ref_000046	/home/user/wangyuhan/ML-GV02-03/data/raw/t05/gvpa/GvpA_NotPartial.fasta	QNH59349|gvpA|protein	QNH59349|gvpA|protein	8f7aa09afb9d7c3cc2eb21e2c36d3651a0b1d0bb140446aa99cfc1a96f4de3ce	72	True	False	exact_duplicate
ref_000046	/home/user/wangyuhan/ML-GV02-03/data/raw/t05/gvpa/GvpA_NotPartial.fasta	QNH59348|gvpA|protein	QNH59348|gvpA|protein	8f7aa09afb9d7c3cc2eb21e2c36d3651a0b1d0bb140446aa99cfc1a96f4de3ce	72	True	False	exact_duplicate
ref_001165	/home/user/wangyuhan/ML-GV02-03/data/raw/t05/gvpa/GvpA_NotPartial.fasta	QUX23196|gvpA|protein	QUX23196|gvpA|protein	43e7561c7d05facf2895cca6f3c3c6e2a202e91eb37ce64eb2826529f182a684	140	True	True	accepted_unique
ref_001047	/home/user/wangyuhan/ML-GV02-03/data/raw/t05/gvpa/GvpA_NotPartial.fasta	UJS16013|gvpA|protein	UJS16013|gvpA|protein	9c9277ab558db757d72cbabe7f06a699df4f536c1b2a7f9669ab077692fbfbda	72	True	False	exact_duplicate
ref_001047	/home/user/wangyuhan/ML-GV02-03/data/raw/t05/gvpa/GvpA_NotPartial.fasta	UJS16012|gvpA|protein	UJS16012|gvpA|protein	9c9277ab558db757d72cbabe7f06a699df4f536c1b2a7f9669ab077692fbfbda	72	True	False	exact_duplicate
ref_000776	/home/user/wangyuhan/ML-GV02-03/data/raw/t05/gvpa/GvpA_NotPartial.fasta	UJS05993|gvpA|protein	UJS05993|gvpA|protein	91bed3979bc3e4336571f4777fdc970add38d222ade8ef0f579bd78d1660a8a9	71	True	False	exact_duplicate
ref_000776	/home/user/wangyuhan/ML-GV02-03/data/raw/t05/gvpa/GvpA_NotPartial.fasta	UJS05992|gvpA|protein	UJS05992|gvpA|protein	91bed3979bc3e4336571f4777fdc970add38d222ade8ef0f579bd78d1660a8a9	71	True	False	exact_duplicate
ref_000776	/home/user/wangyuhan/ML-GV02-03/data/raw/t05/gvpa/GvpA_NotPartial.fasta	UJS05991|gvpA|protein	UJS05991|gvpA|protein	91bed3979bc3e4336571f4777fdc970add38d222ade8ef0f579bd78d1660a8a9	71	True	False	exact_duplicate
ref_000776	/home/user/wangyuhan/ML-GV02-03/data/raw/t05/gvpa/GvpA_NotPartial.fasta	UJS05990|gvpA|protein	UJS05990|gvpA|protein	91bed3979bc3e4336571f4777fdc970add38d222ade8ef0f579bd78d1660a8a9	71	True	False	exact_duplicate
ref_000776	/home/user/wangyuhan/ML-GV02-03/data/raw/t05/gvpa/GvpA_NotPartial.fasta	UJS05989|gvpA|protein	UJS05989|gvpA|protein	91bed3979bc3e4336571f4777fdc970add38d222ade8ef0f579bd78d1660a8a9	71	True	False	exact_duplicate
ref_000776	/home/user/wangyuhan/ML-GV02-03/data/raw/t05/gvpa/GvpA_NotPartial.fasta	UJL33743|gvpA|protein	UJL33743|gvpA|protein	91bed3979bc3e4336571f4777fdc970add38d222ade8ef0f579bd78d1660a8a9	71	True	False	exact_duplicate
ref_000776	/home/user/wangyuhan/ML-GV02-03/data/raw/t05/gvpa/GvpA_NotPartial.fasta	UJL33742|gvpA|protein	UJL33742|gvpA|protein	91bed3979bc3e4336571f4777fdc970add38d222ade8ef0f579bd78d1660a8a9	71	True	False	exact_duplicate
ref_000776	/home/user/wangyuhan/ML-GV02-03/data/raw/t05/gvpa/GvpA_NotPartial.fasta	UJL33741|gvpA|protein	UJL33741|gvpA|protein	91bed3979bc3e4336571f4777fdc970add38d222ade8ef0f579bd78d1660a8a9	71	True	False	exact_duplicate
ref_000776	/home/user/wangyuhan/ML-GV02-03/data/raw/t05/gvpa/GvpA_NotPartial.fasta	UJL33740|gvpA|protein	UJL33740|gvpA|protein	91bed3979bc3e4336571f4777fdc970add38d222ade8ef0f579bd78d1660a8a9	71	True	False	exact_duplicate
ref_000776	/home/user/wangyuhan/ML-GV02-03/data/raw/t05/gvpa/GvpA_NotPartial.fasta	UJL33739|gvpA|protein	UJL33739|gvpA|protein	91bed3979bc3e4336571f4777fdc970add38d222ade8ef0f579bd78d1660a8a9	71	True	False	exact_duplicate
ref_001166	/home/user/wangyuhan/ML-GV02-03/data/raw/t05/gvpa/GvpA_NotPartial.fasta	UJL47059|gvpA|protein	UJL47059|gvpA|protein	ba64cf7825cd36a3f8b7950863533515132c06bc5ea3e8c16b6b8e17740e07a2	86	True	True	accepted_unique
ref_001167	/home/user/wangyuhan/ML-GV02-03/data/raw/t05/gvpa/GvpA_NotPartial.fasta	UJA19453|gvpA|protein	UJA19453|gvpA|protein	e1f5f0f2180e18c35aa77a97e2118fee01ee32bcec70bfa5e2781b97d1793da7	156	True	True	accepted_unique
ref_001168	/home/user/wangyuhan/ML-GV02-03/data/raw/t05/gvpa/GvpA_NotPartial.fasta	UJA13684|gvpA|protein	UJA13684|gvpA|protein	6da5911cb6f5dbfefd0937614a7444802aea96661349bd116a94127e6fe33491	140	True	True	accepted_unique
ref_001168	/home/user/wangyuhan/ML-GV02-03/data/raw/t05/gvpa/GvpA_NotPartial.fasta	UJA11450|gvpA|protein	UJA11450|gvpA|protein	6da5911cb6f5dbfefd0937614a7444802aea96661349bd116a94127e6fe33491	140	True	False	exact_duplicate
ref_001033	/home/user/wangyuhan/ML-GV02-03/data/raw/t05/gvpa/GvpA_NotPartial.fasta	UIZ11176|gvpA|protein	UIZ11176|gvpA|protein	84b5083183d75de0f365a2ef8890f4d0856d6028e68b24f4ba69d2ae8f2cf419	154	True	False	exact_duplicate
ref_001169	/home/user/wangyuhan/ML-GV02-03/data/raw/t05/gvpa/GvpA_NotPartial.fasta	UIR37060|gvpA|protein	UIR37060|gvpA|protein	942bc0624c6f9016a4036b5d098d15bda7f75fcc9095d79accc6a330fee570d5	135	True	True	accepted_unique
ref_001170	/home/user/wangyuhan/ML-GV02-03/data/raw/t05/gvpa/GvpA_NotPartial.fasta	UIR35885|gvpA|protein	UIR35885|gvpA|protein	f4f90ca0708a5faa9c5b2bd5ea4357a36aed984fdf2a5337250963afd8b178a6	137	True	True	accepted_unique
ref_000441	/home/user/wangyuhan/ML-GV02-03/data/raw/t05/gvpa/GvpA_NotPartial.fasta	QSF37356|gvpA|protein	QSF37356|gvpA|protein	626bf126ff6a42e860e1c20b32f28779f549346c7554d3694e519c08b6d8a44f	86	True	False	exact_duplicate
ref_000442	/home/user/wangyuhan/ML-GV02-03/data/raw/t05/gvpa/GvpA_NotPartial.fasta	QSF37353|gvpA|protein	QSF37353|gvpA|protein	6eb7664db70304cf0f2ba846d31c4d016d07d8bebedb70ce52fe5ab7167e72cd	88	True	False	exact_duplicate
ref_000443	/home/user/wangyuhan/ML-GV02-03/data/raw/t05/gvpa/GvpA_NotPartial.fasta	QSF37287|gvpA|protein	QSF37287|gvpA|protein	7c1ee34913e269628b618a114cee0c9a5db90412949ae6bff681672ba1b795b8	92	True	False	exact_duplicate
ref_000441	/home/user/wangyuhan/ML-GV02-03/data/raw/t05/gvpa/GvpA_NotPartial.fasta	QSF35100|gvpA|protein	QSF35100|gvpA|protein	626bf126ff6a42e860e1c20b32f28779f549346c7554d3694e519c08b6d8a44f	86	True	False	exact_duplicate
ref_000442	/home/user/wangyuhan/ML-GV02-03/data/raw/t05/gvpa/GvpA_NotPartial.fasta	QSF35097|gvpA|protein	QSF35097|gvpA|protein	6eb7664db70304cf0f2ba846d31c4d016d07d8bebedb70ce52fe5ab7167e72cd	88	True	False	exact_duplicate
ref_000441	/home/user/wangyuhan/ML-GV02-03/data/raw/t05/gvpa/GvpA_NotPartial.fasta	QSF26098|gvpA|protein	QSF26098|gvpA|protein	626bf126ff6a42e860e1c20b32f28779f549346c7554d3694e519c08b6d8a44f	86	True	False	exact_duplicate
ref_000442	/home/user/wangyuhan/ML-GV02-03/data/raw/t05/gvpa/GvpA_NotPartial.fasta	QSF26095|gvpA|protein	QSF26095|gvpA|protein	6eb7664db70304cf0f2ba846d31c4d016d07d8bebedb70ce52fe5ab7167e72cd	88	True	False	exact_duplicate
ref_000443	/home/user/wangyuhan/ML-GV02-03/data/raw/t05/gvpa/GvpA_NotPartial.fasta	QSF26034|gvpA|protein	QSF26034|gvpA|protein	7c1ee34913e269628b618a114cee0c9a5db90412949ae6bff681672ba1b795b8	92	True	False	exact_duplicate
ref_000293	/home/user/wangyuhan/ML-GV02-03/data/raw/t05/gvpa/GvpA_NotPartial.fasta	QSW99551|gvpA|protein	QSW99551|gvpA|protein	4dc9c1477d3d6b181da7459081875eca89af9f16bfff711a31c8124578309943	95	True	False	exact_duplicate
ref_000294	/home/user/wangyuhan/ML-GV02-03/data/raw/t05/gvpa/GvpA_NotPartial.fasta	QSW99309|gvpA|protein	QSW99309|gvpA|protein	1aef09f774a1818b7e241a497f1019c8c5004db4b09485bc075fd1124e5b6cfb	96	True	False	exact_duplicate
ref_000331	/home/user/wangyuhan/ML-GV02-03/data/raw/t05/gvpa/GvpA_NotPartial.fasta	QLK26300|gvpA|protein	QLK26300|gvpA|protein	87d470267a8c16ab7df940fb92fc4a563e7753d63814e65247f4b39ca6166837	92	True	False	exact_duplicate
ref_000300	/home/user/wangyuhan/ML-GV02-03/data/raw/t05/gvpa/GvpA_NotPartial.fasta	QLG48078|gvpA|protein	QLG48078|gvpA|protein	bf5abb4d953e0d6aaa1f2b504bb07449e4a36340f9e5f7a959e4eda39973132d	95	True	False	exact_duplicate
ref_000746	/home/user/wangyuhan/ML-GV02-03/data/raw/t05/gvpa/GvpA_NotPartial.fasta	UGS11402|gvpA|protein	UGS11402|gvpA|protein	0cff47cd0a85e1de37e0ecd86f2547117aedabb101c8e97eb486ebb51c831023	71	True	False	exact_duplicate
ref_000861	/home/user/wangyuhan/ML-GV02-03/data/raw/t05/gvpa/GvpA_NotPartial.fasta	UGS07380|gvpA|protein	UGS07380|gvpA|protein	1f275ce5dd842aaaf9d24fd9cd1a995ccd28e8006db8fd5d12c958ce30deb19a	71	True	False	exact_duplicate
ref_000861	/home/user/wangyuhan/ML-GV02-03/data/raw/t05/gvpa/GvpA_NotPartial.fasta	UGS07379|gvpA|protein	UGS07379|gvpA|protein	1f275ce5dd842aaaf9d24fd9cd1a995ccd28e8006db8fd5d12c958ce30deb19a	71	True	False	exact_duplicate
ref_001171	/home/user/wangyuhan/ML-GV02-03/data/raw/t05/gvpa/GvpA_NotPartial.fasta	UGT65683|gvpA|protein	UGT65683|gvpA|protein	15e32a2edd6bff0d07849a52374c60eb3d5bd1d9e3c285f616856865392aa17f	137	True	True	accepted_unique
ref_000391	/home/user/wangyuhan/ML-GV02-03/data/raw/t05/gvpa/GvpA_NotPartial.fasta	QRY26281|gvpA|protein	QRY26281|gvpA|protein	766d45336d56f5b42f24327e8017dcef111a6d0d9ef09d065ff599ed28c3610e	79	True	False	exact_duplicate
ref_001172	/home/user/wangyuhan/ML-GV02-03/data/raw/t05/gvpa/GvpA_NotPartial.fasta	UGQ58408|gvpA|protein	UGQ58408|gvpA|protein	0e118acdc2771e80b4ea40e4568be213694b4a93066053194c8ff76600b7631d	137	True	True	accepted_unique
ref_001111	/home/user/wangyuhan/ML-GV02-03/data/raw/t05/gvpa/GvpA_NotPartial.fasta	UGQ41465|gvpA|protein	UGQ41465|gvpA|protein	4a95098f433ac14617bce2f5f17d41173d4ea0bba8f08c7fcebe4180207e25ec	136	True	False	exact_duplicate
ref_000899	/home/user/wangyuhan/ML-GV02-03/data/raw/t05/gvpa/GvpA_NotPartial.fasta	UGQ40264|gvpA|protein	UGQ40264|gvpA|protein	45d8bf8bea0b0845fea0454ddcc5aeef60886812481cab811e7b2c5e31b593c1	139	True	False	exact_duplicate
ref_001173	/home/user/wangyuhan/ML-GV02-03/data/raw/t05/gvpa/GvpA_NotPartial.fasta	QXJ19741|gvpA|protein	QXJ19741|gvpA|protein	d8ac85c1e2427ebd2b9e638f9cb4216daa438ae2d8862811ccb10a63bd503e7f	147	True	True	accepted_unique
ref_000391	/home/user/wangyuhan/ML-GV02-03/data/raw/t05/gvpa/GvpA_NotPartial.fasta	QRY21670|gvpA|protein	QRY21670|gvpA|protein	766d45336d56f5b42f24327e8017dcef111a6d0d9ef09d065ff599ed28c3610e	79	True	False	exact_duplicate
ref_000394	/home/user/wangyuhan/ML-GV02-03/data/raw/t05/gvpa/GvpA_NotPartial.fasta	QRV14613|gvpA|protein	QRV14613|gvpA|protein	1564401f2a553c4446671309877ae8049b5a83a474fb16f11935710b111eab15	96	True	False	exact_duplicate
ref_000395	/home/user/wangyuhan/ML-GV02-03/data/raw/t05/gvpa/GvpA_NotPartial.fasta	QRV13836|gvpA|protein	QRV13836|gvpA|protein	5d40201e59780a4578e1d59e27b596d8b7ecbc64ed4cc25e82feb3008c524ad8	95	True	False	exact_duplicate
ref_000019	/home/user/wangyuhan/ML-GV02-03/data/raw/t05/gvpa/GvpA_NotPartial.fasta	QCS42367|gvpA|protein	QCS42367|gvpA|protein	a36a3359d46f89a3e9c6d339b24da5b9e7b56e875526568f984c4d9d61c9bfca	93	True	False	exact_duplicate
ref_001174	/home/user/wangyuhan/ML-GV02-03/data/raw/t05/gvpa/GvpA_NotPartial.fasta	UEG89562|gvpA|protein	UEG89562|gvpA|protein	240500bb8aaece16c8a75fd1d1cf674532e0e6eb7dfc4d06a226490a7bc70c75	156	True	True	accepted_unique
ref_000391	/home/user/wangyuhan/ML-GV02-03/data/raw/t05/gvpa/GvpA_NotPartial.fasta	UEB93266|gvpA|protein	UEB93266|gvpA|protein	766d45336d56f5b42f24327e8017dcef111a6d0d9ef09d065ff599ed28c3610e	79	True	False	exact_duplicate
ref_001175	/home/user/wangyuhan/ML-GV02-03/data/raw/t05/gvpa/GvpA_NotPartial.fasta	UDL97234|gvpA|protein	UDL97234|gvpA|protein	93fc211ea4b34cbb875026509884d43be1642502a001de29bc657940ba5ea750	153	True	True	accepted_unique
ref_001176	/home/user/wangyuhan/ML-GV02-03/data/raw/t05/gvpa/GvpA_NotPartial.fasta	UDL97050|gvpA|protein	UDL97050|gvpA|protein	6941eadb95ed4bfec34a62a2a7b7330c574b1d7907d9b1bae481b45cbad99ab7	126	True	True	accepted_unique
ref_001177	/home/user/wangyuhan/ML-GV02-03/data/raw/t05/gvpa/GvpA_NotPartial.fasta	UCM87006|gvpA|protein	UCM87006|gvpA|protein	36827e11a82ffe4606640d17dad8a7c9d14d738f0d01c12f842d3508586b336b	151	True	True	accepted_unique
ref_001178	/home/user/wangyuhan/ML-GV02-03/data/raw/t05/gvpa/GvpA_NotPartial.fasta	UBU14556|gvpA|protein	UBU14556|gvpA|protein	a780429eddf249c23975b56a9668b2a322a73d599c0b18bae063ac6f026f4a50	156	True	True	accepted_unique
ref_000556	/home/user/wangyuhan/ML-GV02-03/data/raw/t05/gvpa/GvpA_NotPartial.fasta	UBF25234|gvpA|protein	UBF25234|gvpA|protein	5d6c7bd3713afa1895abe6ae329714a578b15ee9382769ce7e3f16678daedbea	72	True	False	exact_duplicate
ref_001148	/home/user/wangyuhan/ML-GV02-03/data/raw/t05/gvpa/GvpA_NotPartial.fasta	UAL52731|gvpA|protein	UAL52731|gvpA|protein	9e9838f9103591942aeedf4afb3a8d31f08778fcde32fce54f61fcdb0b0dc016	86	True	False	exact_duplicate
ref_001149	/home/user/wangyuhan/ML-GV02-03/data/raw/t05/gvpa/GvpA_NotPartial.fasta	UAL52729|gvpA|protein	UAL52729|gvpA|protein	d3c6f8adf24bb50b5677beb00b62024c0a840888b81d68436e48442995fdd236	89	True	False	exact_duplicate
ref_000850	/home/user/wangyuhan/ML-GV02-03/data/raw/t05/gvpa/GvpA_NotPartial.fasta	UAL46621|gvpA|protein	UAL46621|gvpA|protein	667b333e161105876fb2cf5ab53eba1f68f65e9d3e8006d6b2792f4e76e1c0ce	84	True	False	exact_duplicate
ref_000849	/home/user/wangyuhan/ML-GV02-03/data/raw/t05/gvpa/GvpA_NotPartial.fasta	UAL46618|gvpA|protein	UAL46618|gvpA|protein	d692e59ba181a3631d4d3ec7f34ea0113cbddcf7fa5a4afeff130171f0e4a3be	86	True	False	exact_duplicate
ref_001179	/home/user/wangyuhan/ML-GV02-03/data/raw/t05/gvpa/GvpA_NotPartial.fasta	UAK35078|gvpA|protein	UAK35078|gvpA|protein	2f6b62c5722bcacabd8e9a74967ad765236922ec0dc735ad65edb568da95afe3	136	True	True	accepted_unique
ref_001180	/home/user/wangyuhan/ML-GV02-03/data/raw/t05/gvpa/GvpA_NotPartial.fasta	QZZ32569|gvpA|protein	QZZ32569|gvpA|protein	2ac756cb783ba8cf7947cca5528ed33ce68b2c287395b815d4b8eea6bde53401	141	True	True	accepted_unique
ref_001181	/home/user/wangyuhan/ML-GV02-03/data/raw/t05/gvpa/GvpA_NotPartial.fasta	QZY14285|gvpA|protein	QZY14285|gvpA|protein	8bf5071aed606f94333c40e1154f7bf277018881c63235d9d51a9dbff1df8710	157	True	True	accepted_unique
ref_001182	/home/user/wangyuhan/ML-GV02-03/data/raw/t05/gvpa/GvpA_NotPartial.fasta	QDO37243|gvpA|protein	QDO37243|gvpA|protein	833997551203b7f90ae0e9d167bbef6ce157f99a88d0b932113dc2cbf0a15cf8	158	True	True	accepted_unique
ref_001165	/home/user/wangyuhan/ML-GV02-03/data/raw/t05/gvpa/GvpA_NotPartial.fasta	QYX39139|gvpA|protein	QYX39139|gvpA|protein	43e7561c7d05facf2895cca6f3c3c6e2a202e91eb37ce64eb2826529f182a684	140	True	False	exact_duplicate
ref_001183	/home/user/wangyuhan/ML-GV02-03/data/raw/t05/gvpa/GvpA_NotPartial.fasta	QYN38089|gvpA|protein	QYN38089|gvpA|protein	0ebe1baa66ad5d5cb8607d42e8fc713fc3899cf25aa348616b2a45f1003c8c9e	129	True	True	accepted_unique
ref_001184	/home/user/wangyuhan/ML-GV02-03/data/raw/t05/gvpa/GvpA_NotPartial.fasta	QYN18622|gvpA|protein	QYN18622|gvpA|protein	f857f47b85a0e9d56172baf2dcfab1ec54c32e1a3aa1f5e422c24e3203ab209f	132	True	True	accepted_unique
ref_001110	/home/user/wangyuhan/ML-GV02-03/data/raw/t05/gvpa/GvpA_NotPartial.fasta	QQR47030|gvpA|protein	QQR47030|gvpA|protein	67932dce44a393cc5d41a1cf21299a35df270345f50883fcdd153fe6edbae429	74	True	False	exact_duplicate
ref_000584	/home/user/wangyuhan/ML-GV02-03/data/raw/t05/gvpa/GvpA_NotPartial.fasta	QOV23459|gvpA|protein	QOV23459|gvpA|protein	96074fbc1c013ecec913fd6d727f8fb9ce191eaf5c13455284d6261afb06de81	71	True	False	exact_duplicate
ref_000785	/home/user/wangyuhan/ML-GV02-03/data/raw/t05/gvpa/GvpA_NotPartial.fasta	QOV23458|gvpA|protein	QOV23458|gvpA|protein	83cf4bae954290aa781d919a49879399b8f8f6215eafe44d5ab3358539071424	71	True	False	exact_duplicate
ref_001110	/home/user/wangyuhan/ML-GV02-03/data/raw/t05/gvpa/GvpA_NotPartial.fasta	QVW71513|gvpA|protein	QVW71513|gvpA|protein	67932dce44a393cc5d41a1cf21299a35df270345f50883fcdd153fe6edbae429	74	True	False	exact_duplicate
ref_001185	/home/user/wangyuhan/ML-GV02-03/data/raw/t05/gvpa/GvpA_NotPartial.fasta	QYB04743|gvpA|protein	QYB04743|gvpA|protein	5dfa27bda2e1f6e4c411b6857f048394bcd9c2d17c4d60368b53f89627262ca0	120	True	True	accepted_unique
ref_001130	/home/user/wangyuhan/ML-GV02-03/data/raw/t05/gvpa/GvpA_NotPartial.fasta	QYB04407|gvpA|protein	QYB04407|gvpA|protein	ce67780828ddbb2c93cfbf709fa3c2aac3deb06fa4b2c214eddd26e4135b5c23	136	True	False	exact_duplicate
ref_001186	/home/user/wangyuhan/ML-GV02-03/data/raw/t05/gvpa/GvpA_NotPartial.fasta	QYB02727|gvpA|protein	QYB02727|gvpA|protein	aa0a61561315386ac57d6c8ff3d536816e2bb1f84c94c1680143a5d5726cd597	120	True	True	accepted_unique
ref_001187	/home/user/wangyuhan/ML-GV02-03/data/raw/t05/gvpa/GvpA_NotPartial.fasta	QYB02725|gvpA|protein	QYB02725|gvpA|protein	f5798c1d664fe6d4faa55d9f9ca1a49531fc51ca59a1dc0e5005797e25d60a85	141	True	True	accepted_unique
ref_001188	/home/user/wangyuhan/ML-GV02-03/data/raw/t05/gvpa/GvpA_NotPartial.fasta	QYA99969|gvpA|protein	QYA99969|gvpA|protein	6f39269f430d826538e8ed95236e30f822c02b622c427edda07da1116e7611cc	127	True	True	accepted_unique
ref_001189	/home/user/wangyuhan/ML-GV02-03/data/raw/t05/gvpa/GvpA_NotPartial.fasta	QYA99671|gvpA|protein	QYA99671|gvpA|protein	959b710d458909b25f21e49fb3e46f356e6f432728c0c16675cf46e5c710ded1	121	True	True	accepted_unique
ref_001060	/home/user/wangyuhan/ML-GV02-03/data/raw/t05/gvpa/GvpA_NotPartial.fasta	QYA99661|gvpA|protein	QYA99661|gvpA|protein	9c60a71de8a82fd3c0264b8a2946da85fabbf2ba3a05da79d0e22f6af12fc107	121	True	False	exact_duplicate
ref_001190	/home/user/wangyuhan/ML-GV02-03/data/raw/t05/gvpa/GvpA_NotPartial.fasta	QYA99660|gvpA|protein	QYA99660|gvpA|protein	f44c857654f488ee7ad6fb29585dffc979b529588fb2a61f95a91fd555fd8521	138	True	True	accepted_unique
ref_001191	/home/user/wangyuhan/ML-GV02-03/data/raw/t05/gvpa/GvpA_NotPartial.fasta	QXW04748|gvpA|protein	QXW04748|gvpA|protein	f9153534fd162239df4c28e8b127fdfc6f459d0e8b2e9070f7cc81fa378599db	136	True	True	accepted_unique
ref_000206	/home/user/wangyuhan/ML-GV02-03/data/raw/t05/gvpa/GvpA_NotPartial.fasta	QXP83328|gvpA|protein	QXP83328|gvpA|protein	bb09971e1315fce64b6ebe60ab918eb13f4e62c370d2b46304d7bccf3b3ead2c	72	True	False	exact_duplicate
ref_001095	/home/user/wangyuhan/ML-GV02-03/data/raw/t05/gvpa/GvpA_NotPartial.fasta	QXU53714|gvpA|protein	QXU53714|gvpA|protein	8ea71d3ab15e5cf268b147f59986a63ab493f41d0036f621f12c8f76f133d967	136	True	False	exact_duplicate
ref_001192	/home/user/wangyuhan/ML-GV02-03/data/raw/t05/gvpa/GvpA_NotPartial.fasta	QXR01077|gvpA|protein	QXR01077|gvpA|protein	1cefe08dae83aa5bd96d5c9b9bd24c393c1f652249ff602956f86a2b0c2b46d9	156	True	True	accepted_unique
ref_000928	/home/user/wangyuhan/ML-GV02-03/data/raw/t05/gvpa/GvpA_NotPartial.fasta	QXQ30517|gvpA|protein	QXQ30517|gvpA|protein	a6bd531a054394dd2492a419c048d3b40d087f37d31a5c0bcf08c535c08447d5	158	True	False	exact_duplicate
ref_000928	/home/user/wangyuhan/ML-GV02-03/data/raw/t05/gvpa/GvpA_NotPartial.fasta	QXQ24590|gvpA|protein	QXQ24590|gvpA|protein	a6bd531a054394dd2492a419c048d3b40d087f37d31a5c0bcf08c535c08447d5	158	True	False	exact_duplicate
ref_001193	/home/user/wangyuhan/ML-GV02-03/data/raw/t05/gvpa/GvpA_NotPartial.fasta	QXF83806|gvpA|protein	QXF83806|gvpA|protein	6bca999a70c09bc7d8d369d3f8d1e1aac0153fbfbee4f197b0d3793866cfff0b	120	True	True	accepted_unique
ref_001194	/home/user/wangyuhan/ML-GV02-03/data/raw/t05/gvpa/GvpA_NotPartial.fasta	QPP09651|gvpA|protein	QPP09651|gvpA|protein	d1717d58239a48d6df6a814099de9a54fbd7f0234f2930a239e86e408e1361ae	149	True	True	accepted_unique
ref_001091	/home/user/wangyuhan/ML-GV02-03/data/raw/t05/gvpa/GvpA_NotPartial.fasta	RTX66714|gvpA|protein	RTX66714|gvpA|protein	5b77cb790e4257984be3f5fe0f83308d20a225669ae6b121ddf82ab9c73843f9	115	True	False	exact_duplicate
ref_000437	/home/user/wangyuhan/ML-GV02-03/data/raw/t05/gvpa/GvpA_NotPartial.fasta	QWC22774|gvpA|protein	QWC22774|gvpA|protein	e0205c427b560fb5fab631d1ec5ed63cc8c0aa7c7b755485941791546cbc6805	88	True	False	exact_duplicate
ref_001195	/home/user/wangyuhan/ML-GV02-03/data/raw/t05/gvpa/GvpA_NotPartial.fasta	QWC22771|gvpA|protein	QWC22771|gvpA|protein	98510cc23b6e65ce4afaa9ef0aac7dd1f24e06cc2e132a86848129e35faba0e3	86	True	True	accepted_unique
ref_001196	/home/user/wangyuhan/ML-GV02-03/data/raw/t05/gvpa/GvpA_NotPartial.fasta	QWA20925|gvpA|protein	QWA20925|gvpA|protein	dda4548fde968a05b6df8456c9b9332f22efb4e789588942ec227b681974452c	141	True	True	accepted_unique
ref_001197	/home/user/wangyuhan/ML-GV02-03/data/raw/t05/gvpa/GvpA_NotPartial.fasta	QWA20403|gvpA|protein	QWA20403|gvpA|protein	55802cc1c7918b91c298790d7b83918135c897e3b2e614ea64f0e15ee7124dd9	139	True	True	accepted_unique
ref_000830	/home/user/wangyuhan/ML-GV02-03/data/raw/t05/gvpa/GvpA_NotPartial.fasta	QSV73208|gvpA|protein	QSV73208|gvpA|protein	e4530a471497a647eef21f92f9c50626148b65fbacae7b18cec4b118bdc7630c	71	True	False	exact_duplicate
ref_000830	/home/user/wangyuhan/ML-GV02-03/data/raw/t05/gvpa/GvpA_NotPartial.fasta	QSV73207|gvpA|protein	QSV73207|gvpA|protein	e4530a471497a647eef21f92f9c50626148b65fbacae7b18cec4b118bdc7630c	71	True	False	exact_duplicate
ref_000830	/home/user/wangyuhan/ML-GV02-03/data/raw/t05/gvpa/GvpA_NotPartial.fasta	QSV73206|gvpA|protein	QSV73206|gvpA|protein	e4530a471497a647eef21f92f9c50626148b65fbacae7b18cec4b118bdc7630c	71	True	False	exact_duplicate
ref_000830	/home/user/wangyuhan/ML-GV02-03/data/raw/t05/gvpa/GvpA_NotPartial.fasta	QSV73205|gvpA|protein	QSV73205|gvpA|protein	e4530a471497a647eef21f92f9c50626148b65fbacae7b18cec4b118bdc7630c	71	True	False	exact_duplicate
ref_000830	/home/user/wangyuhan/ML-GV02-03/data/raw/t05/gvpa/GvpA_NotPartial.fasta	QSV73204|gvpA|protein	QSV73204|gvpA|protein	e4530a471497a647eef21f92f9c50626148b65fbacae7b18cec4b118bdc7630c	71	True	False	exact_duplicate
ref_000830	/home/user/wangyuhan/ML-GV02-03/data/raw/t05/gvpa/GvpA_NotPartial.fasta	QSV73203|gvpA|protein	QSV73203|gvpA|protein	e4530a471497a647eef21f92f9c50626148b65fbacae7b18cec4b118bdc7630c	71	True	False	exact_duplicate
ref_000830	/home/user/wangyuhan/ML-GV02-03/data/raw/t05/gvpa/GvpA_NotPartial.fasta	QSV73202|gvpA|protein	QSV73202|gvpA|protein	e4530a471497a647eef21f92f9c50626148b65fbacae7b18cec4b118bdc7630c	71	True	False	exact_duplicate
ref_000830	/home/user/wangyuhan/ML-GV02-03/data/raw/t05/gvpa/GvpA_NotPartial.fasta	QSV73201|gvpA|protein	QSV73201|gvpA|protein	e4530a471497a647eef21f92f9c50626148b65fbacae7b18cec4b118bdc7630c	71	True	False	exact_duplicate
ref_000830	/home/user/wangyuhan/ML-GV02-03/data/raw/t05/gvpa/GvpA_NotPartial.fasta	QSV64469|gvpA|protein	QSV64469|gvpA|protein	e4530a471497a647eef21f92f9c50626148b65fbacae7b18cec4b118bdc7630c	71	True	False	exact_duplicate
ref_000830	/home/user/wangyuhan/ML-GV02-03/data/raw/t05/gvpa/GvpA_NotPartial.fasta	QSV64468|gvpA|protein	QSV64468|gvpA|protein	e4530a471497a647eef21f92f9c50626148b65fbacae7b18cec4b118bdc7630c	71	True	False	exact_duplicate
ref_000830	/home/user/wangyuhan/ML-GV02-03/data/raw/t05/gvpa/GvpA_NotPartial.fasta	QSV64467|gvpA|protein	QSV64467|gvpA|protein	e4530a471497a647eef21f92f9c50626148b65fbacae7b18cec4b118bdc7630c	71	True	False	exact_duplicate
ref_000830	/home/user/wangyuhan/ML-GV02-03/data/raw/t05/gvpa/GvpA_NotPartial.fasta	QSV64466|gvpA|protein	QSV64466|gvpA|protein	e4530a471497a647eef21f92f9c50626148b65fbacae7b18cec4b118bdc7630c	71	True	False	exact_duplicate
ref_000830	/home/user/wangyuhan/ML-GV02-03/data/raw/t05/gvpa/GvpA_NotPartial.fasta	QSV64465|gvpA|protein	QSV64465|gvpA|protein	e4530a471497a647eef21f92f9c50626148b65fbacae7b18cec4b118bdc7630c	71	True	False	exact_duplicate
ref_000830	/home/user/wangyuhan/ML-GV02-03/data/raw/t05/gvpa/GvpA_NotPartial.fasta	QSV64464|gvpA|protein	QSV64464|gvpA|protein	e4530a471497a647eef21f92f9c50626148b65fbacae7b18cec4b118bdc7630c	71	True	False	exact_duplicate
ref_000830	/home/user/wangyuhan/ML-GV02-03/data/raw/t05/gvpa/GvpA_NotPartial.fasta	QSV64463|gvpA|protein	QSV64463|gvpA|protein	e4530a471497a647eef21f92f9c50626148b65fbacae7b18cec4b118bdc7630c	71	True	False	exact_duplicate
ref_000830	/home/user/wangyuhan/ML-GV02-03/data/raw/t05/gvpa/GvpA_NotPartial.fasta	QSV64462|gvpA|protein	QSV64462|gvpA|protein	e4530a471497a647eef21f92f9c50626148b65fbacae7b18cec4b118bdc7630c	71	True	False	exact_duplicate
ref_000830	/home/user/wangyuhan/ML-GV02-03/data/raw/t05/gvpa/GvpA_NotPartial.fasta	QSV64461|gvpA|protein	QSV64461|gvpA|protein	e4530a471497a647eef21f92f9c50626148b65fbacae7b18cec4b118bdc7630c	71	True	False	exact_duplicate
ref_000830	/home/user/wangyuhan/ML-GV02-03/data/raw/t05/gvpa/GvpA_NotPartial.fasta	QSV64460|gvpA|protein	QSV64460|gvpA|protein	e4530a471497a647eef21f92f9c50626148b65fbacae7b18cec4b118bdc7630c	71	True	False	exact_duplicate
ref_000471	/home/user/wangyuhan/ML-GV02-03/data/raw/t05/gvpa/GvpA_NotPartial.fasta	QVL49910|gvpA|protein	QVL49910|gvpA|protein	a2a7b780c74df6bd950e44b846f19e8dbd13d6566314074bf2069ba9d093ab3a	72	True	False	exact_duplicate
ref_000471	/home/user/wangyuhan/ML-GV02-03/data/raw/t05/gvpa/GvpA_NotPartial.fasta	QVL47596|gvpA|protein	QVL47596|gvpA|protein	a2a7b780c74df6bd950e44b846f19e8dbd13d6566314074bf2069ba9d093ab3a	72	True	False	exact_duplicate
ref_000098	/home/user/wangyuhan/ML-GV02-03/data/raw/t05/gvpa/GvpA_NotPartial.fasta	QVL36152|gvpA|protein	QVL36152|gvpA|protein	9ba976654c95d4d9fd8ffe4ff8d4a6186d6631fd013c161e4ccb5c524a6494cc	69	True	False	exact_duplicate
ref_000098	/home/user/wangyuhan/ML-GV02-03/data/raw/t05/gvpa/GvpA_NotPartial.fasta	QVL36151|gvpA|protein	QVL36151|gvpA|protein	9ba976654c95d4d9fd8ffe4ff8d4a6186d6631fd013c161e4ccb5c524a6494cc	69	True	False	exact_duplicate
ref_000098	/home/user/wangyuhan/ML-GV02-03/data/raw/t05/gvpa/GvpA_NotPartial.fasta	QVL36150|gvpA|protein	QVL36150|gvpA|protein	9ba976654c95d4d9fd8ffe4ff8d4a6186d6631fd013c161e4ccb5c524a6494cc	69	True	False	exact_duplicate
ref_000861	/home/user/wangyuhan/ML-GV02-03/data/raw/t05/gvpa/GvpA_NotPartial.fasta	BCU10453|gvpA|protein	BCU10453|gvpA|protein	1f275ce5dd842aaaf9d24fd9cd1a995ccd28e8006db8fd5d12c958ce30deb19a	71	True	False	exact_duplicate
ref_000806	/home/user/wangyuhan/ML-GV02-03/data/raw/t05/gvpa/GvpA_NotPartial.fasta	CAD0230967|gvpA|protein	CAD0230967|gvpA|protein	9246ded62fef238baf63231483e047bdc014a8a22dd10e95f7999ab152e2ce4c	72	True	False	exact_duplicate
ref_000806	/home/user/wangyuhan/ML-GV02-03/data/raw/t05/gvpa/GvpA_NotPartial.fasta	CAD0230966|gvpA|protein	CAD0230966|gvpA|protein	9246ded62fef238baf63231483e047bdc014a8a22dd10e95f7999ab152e2ce4c	72	True	False	exact_duplicate
ref_001198	/home/user/wangyuhan/ML-GV02-03/data/raw/t05/gvpa/GvpA_NotPartial.fasta	BCM70661|gvpA|protein	BCM70661|gvpA|protein	fd0fbb7fdb870f3d334b95549ba175e3e4fc5894608f48aea8c8f3dd8c084aee	139	True	True	accepted_unique
ref_001199	/home/user/wangyuhan/ML-GV02-03/data/raw/t05/gvpa/GvpA_NotPartial.fasta	QUW20519|gvpA|protein	QUW20519|gvpA|protein	63a459194d6b4339d8bf814e76f0ac33b9d16532c77a479f1eed33164d7e7ffe	77	True	True	accepted_unique
ref_000568	/home/user/wangyuhan/ML-GV02-03/data/raw/t05/gvpa/GvpA_NotPartial.fasta	QUW20516|gvpA|protein	QUW20516|gvpA|protein	8cc5c88d15faa4d4098f2e0e279a8fb35cdc96628acfb409d13655dbc284d226	86	True	False	exact_duplicate
ref_001200	/home/user/wangyuhan/ML-GV02-03/data/raw/t05/gvpa/GvpA_NotPartial.fasta	QUI34830|gvpA|protein	QUI34830|gvpA|protein	1928e65272069bd9fa510db007191108443828c31f2656fea90ef95f5a182aa7	141	True	True	accepted_unique
ref_001201	/home/user/wangyuhan/ML-GV02-03/data/raw/t05/gvpa/GvpA_NotPartial.fasta	QUH00234|gvpA|protein	QUH00234|gvpA|protein	cabc629dd821e7c45393a6456158aeb7cae073e86b43f17cd4c754d071a405c4	144	True	True	accepted_unique
ref_000017	/home/user/wangyuhan/ML-GV02-03/data/raw/t05/gvpa/GvpA_NotPartial.fasta	QCQ75864|gvpA|protein	QCQ75864|gvpA|protein	39696a92cfeac6f208a255a5ec1c7cae2a4ce2a68c1bd57acb083ca27b8585bb	78	True	False	exact_duplicate
ref_001202	/home/user/wangyuhan/ML-GV02-03/data/raw/t05/gvpa/GvpA_NotPartial.fasta	QUC57648|gvpA|protein	QUC57648|gvpA|protein	1f087f3f20cf0e414c211f8b8062e786a6578090b0e7fc2bdc9e30660d1d4381	141	True	True	accepted_unique
ref_001203	/home/user/wangyuhan/ML-GV02-03/data/raw/t05/gvpa/GvpA_NotPartial.fasta	QTZ90370|gvpA|protein	QTZ90370|gvpA|protein	bdb27357528f1d5d6c478d788d5eca2708cf02769b8c548319a44df8931d36fb	155	True	True	accepted_unique
ref_001081	/home/user/wangyuhan/ML-GV02-03/data/raw/t05/gvpa/GvpA_NotPartial.fasta	QTL89889|gvpA|protein	QTL89889|gvpA|protein	893590645f86143d64ac9d9cad0fe8cda08e44007089da57829e84c369bc2b45	143	True	False	exact_duplicate
ref_000589	/home/user/wangyuhan/ML-GV02-03/data/raw/t05/gvpa/GvpA_NotPartial.fasta	QTL47844|gvpA|protein	QTL47844|gvpA|protein	d2440e6d37d33df171fe01f57e543b1b8dee111fd57f9374a4bd9c967cc46d30	86	True	False	exact_duplicate
ref_000442	/home/user/wangyuhan/ML-GV02-03/data/raw/t05/gvpa/GvpA_NotPartial.fasta	QTL47841|gvpA|protein	QTL47841|gvpA|protein	6eb7664db70304cf0f2ba846d31c4d016d07d8bebedb70ce52fe5ab7167e72cd	88	True	False	exact_duplicate
ref_000588	/home/user/wangyuhan/ML-GV02-03/data/raw/t05/gvpa/GvpA_NotPartial.fasta	QTL47772|gvpA|protein	QTL47772|gvpA|protein	68d62db14d5f1911f6ac8ff9bb45e58ec4dd1943686990174f214a41d639ffa7	92	True	False	exact_duplicate
ref_001204	/home/user/wangyuhan/ML-GV02-03/data/raw/t05/gvpa/GvpA_NotPartial.fasta	QTJ68534|gvpA|protein	QTJ68534|gvpA|protein	21636e3756ac6619107dbe9048d6023c45297325f9a871763969b412869185d9	136	True	True	accepted_unique
ref_001205	/home/user/wangyuhan/ML-GV02-03/data/raw/t05/gvpa/GvpA_NotPartial.fasta	QTJ66504|gvpA|protein	QTJ66504|gvpA|protein	57133a7b2510b9196439ffecdc0b4a8e4ee2a7012a38b074c845f59769e8805f	135	True	True	accepted_unique
ref_001003	/home/user/wangyuhan/ML-GV02-03/data/raw/t05/gvpa/GvpA_NotPartial.fasta	AJZ83755|gvpA|protein	AJZ83755|gvpA|protein	754029d7fdddcf0dda8b015b10b770c0008b645dbb85625039485f8277785d13	147	True	False	exact_duplicate
ref_000391	/home/user/wangyuhan/ML-GV02-03/data/raw/t05/gvpa/GvpA_NotPartial.fasta	QCC46023|gvpA|protein	QCC46023|gvpA|protein	766d45336d56f5b42f24327e8017dcef111a6d0d9ef09d065ff599ed28c3610e	79	True	False	exact_duplicate
ref_001081	/home/user/wangyuhan/ML-GV02-03/data/raw/t05/gvpa/GvpA_NotPartial.fasta	QST80212|gvpA|protein	QST80212|gvpA|protein	893590645f86143d64ac9d9cad0fe8cda08e44007089da57829e84c369bc2b45	143	True	False	exact_duplicate
ref_000437	/home/user/wangyuhan/ML-GV02-03/data/raw/t05/gvpa/GvpA_NotPartial.fasta	QTC40658|gvpA|protein	QTC40658|gvpA|protein	e0205c427b560fb5fab631d1ec5ed63cc8c0aa7c7b755485941791546cbc6805	88	True	False	exact_duplicate
ref_001195	/home/user/wangyuhan/ML-GV02-03/data/raw/t05/gvpa/GvpA_NotPartial.fasta	QTC40655|gvpA|protein	QTC40655|gvpA|protein	98510cc23b6e65ce4afaa9ef0aac7dd1f24e06cc2e132a86848129e35faba0e3	86	True	False	exact_duplicate
ref_000830	/home/user/wangyuhan/ML-GV02-03/data/raw/t05/gvpa/GvpA_NotPartial.fasta	QSX67275|gvpA|protein	QSX67275|gvpA|protein	e4530a471497a647eef21f92f9c50626148b65fbacae7b18cec4b118bdc7630c	71	True	False	exact_duplicate
ref_000830	/home/user/wangyuhan/ML-GV02-03/data/raw/t05/gvpa/GvpA_NotPartial.fasta	QSX67274|gvpA|protein	QSX67274|gvpA|protein	e4530a471497a647eef21f92f9c50626148b65fbacae7b18cec4b118bdc7630c	71	True	False	exact_duplicate
ref_000830	/home/user/wangyuhan/ML-GV02-03/data/raw/t05/gvpa/GvpA_NotPartial.fasta	QSX67273|gvpA|protein	QSX67273|gvpA|protein	e4530a471497a647eef21f92f9c50626148b65fbacae7b18cec4b118bdc7630c	71	True	False	exact_duplicate
ref_000830	/home/user/wangyuhan/ML-GV02-03/data/raw/t05/gvpa/GvpA_NotPartial.fasta	QSX67272|gvpA|protein	QSX67272|gvpA|protein	e4530a471497a647eef21f92f9c50626148b65fbacae7b18cec4b118bdc7630c	71	True	False	exact_duplicate
ref_000830	/home/user/wangyuhan/ML-GV02-03/data/raw/t05/gvpa/GvpA_NotPartial.fasta	QSX67271|gvpA|protein	QSX67271|gvpA|protein	e4530a471497a647eef21f92f9c50626148b65fbacae7b18cec4b118bdc7630c	71	True	False	exact_duplicate
ref_000830	/home/user/wangyuhan/ML-GV02-03/data/raw/t05/gvpa/GvpA_NotPartial.fasta	QSX67270|gvpA|protein	QSX67270|gvpA|protein	e4530a471497a647eef21f92f9c50626148b65fbacae7b18cec4b118bdc7630c	71	True	False	exact_duplicate
ref_000830	/home/user/wangyuhan/ML-GV02-03/data/raw/t05/gvpa/GvpA_NotPartial.fasta	QSX67269|gvpA|protein	QSX67269|gvpA|protein	e4530a471497a647eef21f92f9c50626148b65fbacae7b18cec4b118bdc7630c	71	True	False	exact_duplicate
ref_000830	/home/user/wangyuhan/ML-GV02-03/data/raw/t05/gvpa/GvpA_NotPartial.fasta	QSX67268|gvpA|protein	QSX67268|gvpA|protein	e4530a471497a647eef21f92f9c50626148b65fbacae7b18cec4b118bdc7630c	71	True	False	exact_duplicate
ref_000441	/home/user/wangyuhan/ML-GV02-03/data/raw/t05/gvpa/GvpA_NotPartial.fasta	QSX18856|gvpA|protein	QSX18856|gvpA|protein	626bf126ff6a42e860e1c20b32f28779f549346c7554d3694e519c08b6d8a44f	86	True	False	exact_duplicate
ref_000442	/home/user/wangyuhan/ML-GV02-03/data/raw/t05/gvpa/GvpA_NotPartial.fasta	QSX18853|gvpA|protein	QSX18853|gvpA|protein	6eb7664db70304cf0f2ba846d31c4d016d07d8bebedb70ce52fe5ab7167e72cd	88	True	False	exact_duplicate
ref_000443	/home/user/wangyuhan/ML-GV02-03/data/raw/t05/gvpa/GvpA_NotPartial.fasta	QSX18786|gvpA|protein	QSX18786|gvpA|protein	7c1ee34913e269628b618a114cee0c9a5db90412949ae6bff681672ba1b795b8	92	True	False	exact_duplicate
ref_000295	/home/user/wangyuhan/ML-GV02-03/data/raw/t05/gvpa/GvpA_NotPartial.fasta	QSW84614|gvpA|protein	QSW84614|gvpA|protein	dbd11e06d90ad48401af88eed365b119c47a8a6791e5241aa2c7c16325b4a749	94	True	False	exact_duplicate
ref_000296	/home/user/wangyuhan/ML-GV02-03/data/raw/t05/gvpa/GvpA_NotPartial.fasta	QSW84089|gvpA|protein	QSW84089|gvpA|protein	1ed909a554bd91f8870f86101c7b69e680247a3cd2b0fa7e2abc3f136c712172	73	True	False	exact_duplicate
ref_000830	/home/user/wangyuhan/ML-GV02-03/data/raw/t05/gvpa/GvpA_NotPartial.fasta	QSV67451|gvpA|protein	QSV67451|gvpA|protein	e4530a471497a647eef21f92f9c50626148b65fbacae7b18cec4b118bdc7630c	71	True	False	exact_duplicate
ref_000830	/home/user/wangyuhan/ML-GV02-03/data/raw/t05/gvpa/GvpA_NotPartial.fasta	QSV67450|gvpA|protein	QSV67450|gvpA|protein	e4530a471497a647eef21f92f9c50626148b65fbacae7b18cec4b118bdc7630c	71	True	False	exact_duplicate
ref_000830	/home/user/wangyuhan/ML-GV02-03/data/raw/t05/gvpa/GvpA_NotPartial.fasta	QSV67449|gvpA|protein	QSV67449|gvpA|protein	e4530a471497a647eef21f92f9c50626148b65fbacae7b18cec4b118bdc7630c	71	True	False	exact_duplicate
ref_000830	/home/user/wangyuhan/ML-GV02-03/data/raw/t05/gvpa/GvpA_NotPartial.fasta	QSV67448|gvpA|protein	QSV67448|gvpA|protein	e4530a471497a647eef21f92f9c50626148b65fbacae7b18cec4b118bdc7630c	71	True	False	exact_duplicate
ref_000830	/home/user/wangyuhan/ML-GV02-03/data/raw/t05/gvpa/GvpA_NotPartial.fasta	QSV67447|gvpA|protein	QSV67447|gvpA|protein	e4530a471497a647eef21f92f9c50626148b65fbacae7b18cec4b118bdc7630c	71	True	False	exact_duplicate
ref_000830	/home/user/wangyuhan/ML-GV02-03/data/raw/t05/gvpa/GvpA_NotPartial.fasta	QSV67446|gvpA|protein	QSV67446|gvpA|protein	e4530a471497a647eef21f92f9c50626148b65fbacae7b18cec4b118bdc7630c	71	True	False	exact_duplicate
ref_000830	/home/user/wangyuhan/ML-GV02-03/data/raw/t05/gvpa/GvpA_NotPartial.fasta	QSV67445|gvpA|protein	QSV67445|gvpA|protein	e4530a471497a647eef21f92f9c50626148b65fbacae7b18cec4b118bdc7630c	71	True	False	exact_duplicate
ref_000830	/home/user/wangyuhan/ML-GV02-03/data/raw/t05/gvpa/GvpA_NotPartial.fasta	QSV57713|gvpA|protein	QSV57713|gvpA|protein	e4530a471497a647eef21f92f9c50626148b65fbacae7b18cec4b118bdc7630c	71	True	False	exact_duplicate
ref_000830	/home/user/wangyuhan/ML-GV02-03/data/raw/t05/gvpa/GvpA_NotPartial.fasta	QSV57712|gvpA|protein	QSV57712|gvpA|protein	e4530a471497a647eef21f92f9c50626148b65fbacae7b18cec4b118bdc7630c	71	True	False	exact_duplicate
ref_000830	/home/user/wangyuhan/ML-GV02-03/data/raw/t05/gvpa/GvpA_NotPartial.fasta	QSV57711|gvpA|protein	QSV57711|gvpA|protein	e4530a471497a647eef21f92f9c50626148b65fbacae7b18cec4b118bdc7630c	71	True	False	exact_duplicate
ref_000830	/home/user/wangyuhan/ML-GV02-03/data/raw/t05/gvpa/GvpA_NotPartial.fasta	QSV57710|gvpA|protein	QSV57710|gvpA|protein	e4530a471497a647eef21f92f9c50626148b65fbacae7b18cec4b118bdc7630c	71	True	False	exact_duplicate
ref_000830	/home/user/wangyuhan/ML-GV02-03/data/raw/t05/gvpa/GvpA_NotPartial.fasta	QSV57709|gvpA|protein	QSV57709|gvpA|protein	e4530a471497a647eef21f92f9c50626148b65fbacae7b18cec4b118bdc7630c	71	True	False	exact_duplicate
ref_000830	/home/user/wangyuhan/ML-GV02-03/data/raw/t05/gvpa/GvpA_NotPartial.fasta	QSV57708|gvpA|protein	QSV57708|gvpA|protein	e4530a471497a647eef21f92f9c50626148b65fbacae7b18cec4b118bdc7630c	71	True	False	exact_duplicate
ref_000830	/home/user/wangyuhan/ML-GV02-03/data/raw/t05/gvpa/GvpA_NotPartial.fasta	QSV57707|gvpA|protein	QSV57707|gvpA|protein	e4530a471497a647eef21f92f9c50626148b65fbacae7b18cec4b118bdc7630c	71	True	False	exact_duplicate
ref_000830	/home/user/wangyuhan/ML-GV02-03/data/raw/t05/gvpa/GvpA_NotPartial.fasta	QSV57706|gvpA|protein	QSV57706|gvpA|protein	e4530a471497a647eef21f92f9c50626148b65fbacae7b18cec4b118bdc7630c	71	True	False	exact_duplicate
ref_000830	/home/user/wangyuhan/ML-GV02-03/data/raw/t05/gvpa/GvpA_NotPartial.fasta	QSV57705|gvpA|protein	QSV57705|gvpA|protein	e4530a471497a647eef21f92f9c50626148b65fbacae7b18cec4b118bdc7630c	71	True	False	exact_duplicate
ref_001206	/home/user/wangyuhan/ML-GV02-03/data/raw/t05/gvpa/GvpA_NotPartial.fasta	QSV57704|gvpA|protein	QSV57704|gvpA|protein	efd26199102e35f9b47860793ba99e403026b51aaa22a80d0ca4979899e3d9f7	69	True	True	accepted_unique
ref_000830	/home/user/wangyuhan/ML-GV02-03/data/raw/t05/gvpa/GvpA_NotPartial.fasta	QSV53793|gvpA|protein	QSV53793|gvpA|protein	e4530a471497a647eef21f92f9c50626148b65fbacae7b18cec4b118bdc7630c	71	True	False	exact_duplicate
ref_000830	/home/user/wangyuhan/ML-GV02-03/data/raw/t05/gvpa/GvpA_NotPartial.fasta	QSV53792|gvpA|protein	QSV53792|gvpA|protein	e4530a471497a647eef21f92f9c50626148b65fbacae7b18cec4b118bdc7630c	71	True	False	exact_duplicate
ref_000830	/home/user/wangyuhan/ML-GV02-03/data/raw/t05/gvpa/GvpA_NotPartial.fasta	QSV53791|gvpA|protein	QSV53791|gvpA|protein	e4530a471497a647eef21f92f9c50626148b65fbacae7b18cec4b118bdc7630c	71	True	False	exact_duplicate
ref_000830	/home/user/wangyuhan/ML-GV02-03/data/raw/t05/gvpa/GvpA_NotPartial.fasta	QSV53790|gvpA|protein	QSV53790|gvpA|protein	e4530a471497a647eef21f92f9c50626148b65fbacae7b18cec4b118bdc7630c	71	True	False	exact_duplicate
ref_000830	/home/user/wangyuhan/ML-GV02-03/data/raw/t05/gvpa/GvpA_NotPartial.fasta	QSV53789|gvpA|protein	QSV53789|gvpA|protein	e4530a471497a647eef21f92f9c50626148b65fbacae7b18cec4b118bdc7630c	71	True	False	exact_duplicate
ref_000830	/home/user/wangyuhan/ML-GV02-03/data/raw/t05/gvpa/GvpA_NotPartial.fasta	QSV53788|gvpA|protein	QSV53788|gvpA|protein	e4530a471497a647eef21f92f9c50626148b65fbacae7b18cec4b118bdc7630c	71	True	False	exact_duplicate
ref_000830	/home/user/wangyuhan/ML-GV02-03/data/raw/t05/gvpa/GvpA_NotPartial.fasta	QSV53787|gvpA|protein	QSV53787|gvpA|protein	e4530a471497a647eef21f92f9c50626148b65fbacae7b18cec4b118bdc7630c	71	True	False	exact_duplicate
ref_000830	/home/user/wangyuhan/ML-GV02-03/data/raw/t05/gvpa/GvpA_NotPartial.fasta	QSV53786|gvpA|protein	QSV53786|gvpA|protein	e4530a471497a647eef21f92f9c50626148b65fbacae7b18cec4b118bdc7630c	71	True	False	exact_duplicate
ref_000830	/home/user/wangyuhan/ML-GV02-03/data/raw/t05/gvpa/GvpA_NotPartial.fasta	QSV53785|gvpA|protein	QSV53785|gvpA|protein	e4530a471497a647eef21f92f9c50626148b65fbacae7b18cec4b118bdc7630c	71	True	False	exact_duplicate
ref_001207	/home/user/wangyuhan/ML-GV02-03/data/raw/t05/gvpa/GvpA_NotPartial.fasta	QSS89162|gvpA|protein	QSS89162|gvpA|protein	47270a133b8b28fe68b5ad327d6e02e4d7036304777930e0726d7dfb216ce637	147	True	True	accepted_unique
ref_001208	/home/user/wangyuhan/ML-GV02-03/data/raw/t05/gvpa/GvpA_NotPartial.fasta	QNT97737|gvpA|protein	QNT97737|gvpA|protein	901c21e0006125b0e9d7f58d5be1aec8ffd48f7267f4abe62020262450e0b9e3	123	True	True	accepted_unique
ref_001209	/home/user/wangyuhan/ML-GV02-03/data/raw/t05/gvpa/GvpA_NotPartial.fasta	QSI46523|gvpA|protein	QSI46523|gvpA|protein	57c2b381c8bb4035d01ccddabe10745199d9a5f91d5e7ed4ff892561b35c7fc7	133	True	True	accepted_unique
ref_000392	/home/user/wangyuhan/ML-GV02-03/data/raw/t05/gvpa/GvpA_NotPartial.fasta	AAC82809|gvpA|protein	AAC82809|gvpA|protein	49cef355c6ba3187ae5c9104097887f71b46d34a1bb4fd051de140f31dbffc07	76	True	False	exact_duplicate
ref_000899	/home/user/wangyuhan/ML-GV02-03/data/raw/t05/gvpa/GvpA_NotPartial.fasta	QSE69561|gvpA|protein	QSE69561|gvpA|protein	45d8bf8bea0b0845fea0454ddcc5aeef60886812481cab811e7b2c5e31b593c1	139	True	False	exact_duplicate
ref_000900	/home/user/wangyuhan/ML-GV02-03/data/raw/t05/gvpa/GvpA_NotPartial.fasta	QSE68347|gvpA|protein	QSE68347|gvpA|protein	5d7c3d0594612da43ea22e75595e807f8d301c7b38eca653a97700234387055e	137	True	False	exact_duplicate
ref_000900	/home/user/wangyuhan/ML-GV02-03/data/raw/t05/gvpa/GvpA_NotPartial.fasta	QSE60346|gvpA|protein	QSE60346|gvpA|protein	5d7c3d0594612da43ea22e75595e807f8d301c7b38eca653a97700234387055e	137	True	False	exact_duplicate
ref_000899	/home/user/wangyuhan/ML-GV02-03/data/raw/t05/gvpa/GvpA_NotPartial.fasta	QSE59118|gvpA|protein	QSE59118|gvpA|protein	45d8bf8bea0b0845fea0454ddcc5aeef60886812481cab811e7b2c5e31b593c1	139	True	False	exact_duplicate
ref_001210	/home/user/wangyuhan/ML-GV02-03/data/raw/t05/gvpa/GvpA_NotPartial.fasta	QRK90893|gvpA|protein	QRK90893|gvpA|protein	0a0b47ef48e73f6907dd9b5e92d6d7da3847a2d5609ca8edf8f903227cfe6e0d	144	True	True	accepted_unique
ref_001211	/home/user/wangyuhan/ML-GV02-03/data/raw/t05/gvpa/GvpA_NotPartial.fasta	QSB15186|gvpA|protein	QSB15186|gvpA|protein	7ca23b11f7e72b0b7519a80a408a7b4b8beb27f907dd04a3b39decbca41655f3	145	True	True	accepted_unique
ref_001212	/home/user/wangyuhan/ML-GV02-03/data/raw/t05/gvpa/GvpA_NotPartial.fasta	QRV46238|gvpA|protein	QRV46238|gvpA|protein	0f515c4258dc68fd3f9cedc7bd0ec1d8363965240a977e06e73a05c2f6d73f7a	149	True	True	accepted_unique
ref_001212	/home/user/wangyuhan/ML-GV02-03/data/raw/t05/gvpa/GvpA_NotPartial.fasta	QRV39489|gvpA|protein	QRV39489|gvpA|protein	0f515c4258dc68fd3f9cedc7bd0ec1d8363965240a977e06e73a05c2f6d73f7a	149	True	False	exact_duplicate
ref_001212	/home/user/wangyuhan/ML-GV02-03/data/raw/t05/gvpa/GvpA_NotPartial.fasta	QRV38249|gvpA|protein	QRV38249|gvpA|protein	0f515c4258dc68fd3f9cedc7bd0ec1d8363965240a977e06e73a05c2f6d73f7a	149	True	False	exact_duplicate
ref_001212	/home/user/wangyuhan/ML-GV02-03/data/raw/t05/gvpa/GvpA_NotPartial.fasta	QRV26088|gvpA|protein	QRV26088|gvpA|protein	0f515c4258dc68fd3f9cedc7bd0ec1d8363965240a977e06e73a05c2f6d73f7a	149	True	False	exact_duplicate
ref_001213	/home/user/wangyuhan/ML-GV02-03/data/raw/t05/gvpa/GvpA_NotPartial.fasta	QRP49674|gvpA|protein	QRP49674|gvpA|protein	241c00832790324418cd1075924f87a5e93d729451db5976e21208348ae45ed7	132	True	True	accepted_unique
ref_000577	/home/user/wangyuhan/ML-GV02-03/data/raw/t05/gvpa/GvpA_NotPartial.fasta	QRN94917|gvpA|protein	QRN94917|gvpA|protein	e9a0f84c227e1492bb8380eeeef1129aebadd60aed45ef4d8da47525c8e99431	100	True	False	exact_duplicate
ref_000900	/home/user/wangyuhan/ML-GV02-03/data/raw/t05/gvpa/GvpA_NotPartial.fasta	QRI76928|gvpA|protein	QRI76928|gvpA|protein	5d7c3d0594612da43ea22e75595e807f8d301c7b38eca653a97700234387055e	137	True	False	exact_duplicate
ref_000899	/home/user/wangyuhan/ML-GV02-03/data/raw/t05/gvpa/GvpA_NotPartial.fasta	QRI75709|gvpA|protein	QRI75709|gvpA|protein	45d8bf8bea0b0845fea0454ddcc5aeef60886812481cab811e7b2c5e31b593c1	139	True	False	exact_duplicate
ref_001214	/home/user/wangyuhan/ML-GV02-03/data/raw/t05/gvpa/GvpA_NotPartial.fasta	QRF02135|gvpA|protein	QRF02135|gvpA|protein	ab4678bc7e147bea24f4e725987150245c15269e78afad5c6252532317be04aa	154	True	True	accepted_unique
ref_001215	/home/user/wangyuhan/ML-GV02-03/data/raw/t05/gvpa/GvpA_NotPartial.fasta	QRE79951|gvpA|protein	QRE79951|gvpA|protein	40df730c74b4411daafada5d994cd3ff1f924e92d736710a3286ef57e6cbe4a0	136	True	True	accepted_unique
ref_001216	/home/user/wangyuhan/ML-GV02-03/data/raw/t05/gvpa/GvpA_NotPartial.fasta	QRE79029|gvpA|protein	QRE79029|gvpA|protein	d57269e318a7621467749038a83199c9e2557366487c989d3edf2b762a7e4c75	137	True	True	accepted_unique
ref_000405	/home/user/wangyuhan/ML-GV02-03/data/raw/t05/gvpa/GvpA_NotPartial.fasta	QCW02244|gvpA|protein	QCW02244|gvpA|protein	8189ed3c9ac18707f54985fd1f832186b5ab06ffd03b98d13b6a5a880b456e0a	94	True	False	exact_duplicate
ref_001059	/home/user/wangyuhan/ML-GV02-03/data/raw/t05/gvpa/GvpA_NotPartial.fasta	QQZ18344|gvpA|protein	QQZ18344|gvpA|protein	dfa741bfaf88075b5cad15ff03f3a4bd4a938957483c9f9fea42e73849dfa68e	121	True	False	exact_duplicate
ref_001217	/home/user/wangyuhan/ML-GV02-03/data/raw/t05/gvpa/GvpA_NotPartial.fasta	QQZ17066|gvpA|protein	QQZ17066|gvpA|protein	c40ddec53c95be722ddc82a3b8d328207eae87718e09dce0485170d521373769	122	True	True	accepted_unique
ref_001218	/home/user/wangyuhan/ML-GV02-03/data/raw/t05/gvpa/GvpA_NotPartial.fasta	QQZ16867|gvpA|protein	QQZ16867|gvpA|protein	71225d296257b8b08410e32137db21a001ddf424e6d01b0f04ef198e3b3257c0	137	True	True	accepted_unique
ref_001161	/home/user/wangyuhan/ML-GV02-03/data/raw/t05/gvpa/GvpA_NotPartial.fasta	QQZ14220|gvpA|protein	QQZ14220|gvpA|protein	93f54d1ba2a517138e6d1da988645d9f0fe7755601c094b3cf4243b2ffb24e1d	122	True	False	exact_duplicate
ref_000885	/home/user/wangyuhan/ML-GV02-03/data/raw/t05/gvpa/GvpA_NotPartial.fasta	QQN76462|gvpA|protein	QQN76462|gvpA|protein	0a906f70a5c423dba7475c170e71385a2d2e99278ca4cf7cb47be7e1bb4a8597	143	True	False	exact_duplicate
ref_001219	/home/user/wangyuhan/ML-GV02-03/data/raw/t05/gvpa/GvpA_NotPartial.fasta	QQM53155|gvpA|protein	QQM53155|gvpA|protein	7d62c45eb5711910c788fda85d31fc32669666e75e5de15546de735897e3dfc8	136	True	True	accepted_unique
ref_001220	/home/user/wangyuhan/ML-GV02-03/data/raw/t05/gvpa/GvpA_NotPartial.fasta	QGZ52351|gvpA|protein	QGZ52351|gvpA|protein	b44c98ec309ed12410abbe1e2ebb0d0a4e69c3ea07603df36b7a3d946d68e525	144	True	True	accepted_unique
ref_000852	/home/user/wangyuhan/ML-GV02-03/data/raw/t05/gvpa/GvpA_NotPartial.fasta	QPS46699|gvpA|protein	QPS46699|gvpA|protein	c4bd9707d576667fbfb8e43220880a130b3190c167d94e89b6c75585c796caeb	73	True	False	exact_duplicate
ref_000851	/home/user/wangyuhan/ML-GV02-03/data/raw/t05/gvpa/GvpA_NotPartial.fasta	QPS40892|gvpA|protein	QPS40892|gvpA|protein	e6550f96a73166345a2aec6ac098824a55a382b065124fc8b710a568cb594709	73	True	False	exact_duplicate
ref_001067	/home/user/wangyuhan/ML-GV02-03/data/raw/t05/gvpa/GvpA_NotPartial.fasta	QPQ76667|gvpA|protein	QPQ76667|gvpA|protein	049b976820314d6d1bbac00fc960f2299f655d8385df0ce87e09c0328619714a	132	True	False	exact_duplicate
ref_001110	/home/user/wangyuhan/ML-GV02-03/data/raw/t05/gvpa/GvpA_NotPartial.fasta	QPM82266|gvpA|protein	QPM82266|gvpA|protein	67932dce44a393cc5d41a1cf21299a35df270345f50883fcdd153fe6edbae429	74	True	False	exact_duplicate
ref_000004	/home/user/wangyuhan/ML-GV02-03/data/raw/t05/gvpa/rescued_GvpA_candidates.fasta	WP_212716182.1|gvpA|protein_rescued	WP_212716182.1|gvpA|protein_rescued from_NZ_JAEVHG010000001.1	291571f679284e1c6455963717615530ae130d29db41fb93abfacd00fa90ad20	73	True	False	exact_duplicate
ref_001221	/home/user/wangyuhan/ML-GV02-03/data/raw/t05/gvpa/rescued_GvpA_candidates.fasta	WP_212716194.1|gvpA|protein_rescued	WP_212716194.1|gvpA|protein_rescued from_NZ_JAEVHG010000001.1	efe993148d9c1b2df3de7c4db95b50307ee77218fb4d82307b2044e0e77ad01a	83	True	True	accepted_unique
ref_000010	/home/user/wangyuhan/ML-GV02-03/data/raw/design/GvpA.fasta	WP_213372596.1	WP_213372596.1 MULTISPECIES: gas vesicle structural protein GvpA [Xanthobacteraceae]	eccab6536bed142192aa8ae35f75a35f64e1e978ec751eee4b6251731c6ee4f8	70	True	False	exact_duplicate
	/home/user/wangyuhan/ML-GV02-03/data/raw/design/GvpA.fasta	WP_450572762.1	WP_450572762.1 gas vesicle synthesis-like protein, partial [Streptomyces sp. NPDC001275]	70d0f963a72c4056e2574ec272caece5ebb6b8d8ccd946f19fa76367361dd050	97	False	False	missing_required_gvpa_label;excluded_header_term
ref_000011	/home/user/wangyuhan/ML-GV02-03/data/raw/design/GvpA.fasta	WP_007357596.1	WP_007357596.1 MULTISPECIES: gas vesicle structural protein GvpA [Oscillatoriales]	be9809bb1f91644c1e431f6b48e4a4183d550ce2f80f162d11f698b4c92e1824	72	True	False	exact_duplicate
ref_000012	/home/user/wangyuhan/ML-GV02-03/data/raw/design/GvpA.fasta	WP_265902100.1	WP_265902100.1 MULTISPECIES: gas vesicle structural protein GvpA [Trichothermofontia]	622c716866d2133b80f2821fd0bc4b15c8a3872f04f569b358001ba249e094bc	72	True	False	exact_duplicate
ref_000013	/home/user/wangyuhan/ML-GV02-03/data/raw/design/GvpA.fasta	WP_449053447.1	WP_449053447.1 gas vesicle structural protein GvpA [Priestia aryabhattai]	bbaedab282a048e849b5f7ba2a3fd16f9f5e2f612426ba2ccdfdd490ac6b80dc	92	True	False	exact_duplicate
ref_000878	/home/user/wangyuhan/ML-GV02-03/data/raw/design/GvpA.fasta	WP_435988884.1	WP_435988884.1 gas vesicle protein GvpJ [Rossellomorea sp. LjRoot5]	17825fed28b3816957865a9787600fce91fde45a10731384cca9440cc2086949	86	False	False	missing_required_gvpa_label;excluded_family_label
	/home/user/wangyuhan/ML-GV02-03/data/raw/design/GvpA.fasta	WP_435763343.1	WP_435763343.1 gas vesicle protein GvpJ [Oceanobacillus sp. CF4.6]	14b8d1a3240d87319476ab4c8dd5f122b42ed51a1bfb6ca5d4b7b3d6668363c1	91	False	False	missing_required_gvpa_label;excluded_family_label
ref_000880	/home/user/wangyuhan/ML-GV02-03/data/raw/design/GvpA.fasta	WP_435011894.1	WP_435011894.1 gas vesicle protein GvpJ [Tundrisphaera lichenicola]	64208f7b33282b03c8c6f4013e438a9f19fc9c3f1337c93bcd03d0755e87ee6b	72	False	False	missing_required_gvpa_label;excluded_family_label
	/home/user/wangyuhan/ML-GV02-03/data/raw/design/GvpA.fasta	WP_434971879.1	WP_434971879.1 gas vesicle protein GvpJ [Longibacter sp.]	0e04889ea449c11132b46b6d3cc08adbd373bf5f1465f50ae1a2ca651ea7675f	73	False	False	missing_required_gvpa_label;excluded_family_label
ref_000014	/home/user/wangyuhan/ML-GV02-03/data/raw/design/GvpA.fasta	WP_446859740.1	WP_446859740.1 MULTISPECIES: gas vesicle structural protein GvpA [unclassified Phormidesmis]	d9b32c93cd099c72a9565d0d1d751944285fef4f2523b73e02fca6dad757ad3d	72	True	False	exact_duplicate
	/home/user/wangyuhan/ML-GV02-03/data/raw/design/GvpA.fasta	WP_433807116.1	WP_433807116.1 gas vesicle protein GvpJ [Halobacillus mangrovi]	48ea71fe1cd777e6ddfc05880bfe9a1f5d1f5daf4b71bf172f2e021c120d2d74	97	False	False	missing_required_gvpa_label;excluded_family_label
ref_000015	/home/user/wangyuhan/ML-GV02-03/data/raw/design/GvpA.fasta	WP_017721733.1	WP_017721733.1 gas vesicle structural protein GvpA [Kamptonema formosum]	fd161dfe59366687c2f2851a7085607a1a49850277ce6c989d8f377546025ebe	72	True	False	exact_duplicate
ref_000016	/home/user/wangyuhan/ML-GV02-03/data/raw/design/GvpA.fasta	WP_017721725.1	WP_017721725.1 gas vesicle structural protein GvpA [Kamptonema formosum]	2e707b0ae8b0c69feb2eb75166178922a33851e0022ed4c173447055ed769eb8	72	True	False	exact_duplicate
ref_000017	/home/user/wangyuhan/ML-GV02-03/data/raw/design/GvpA.fasta	WP_004056706.1	WP_004056706.1 MULTISPECIES: gas vesicle protein GvpA [Haloferax]	39696a92cfeac6f208a255a5ec1c7cae2a4ce2a68c1bd57acb083ca27b8585bb	78	True	False	exact_duplicate
ref_000018	/home/user/wangyuhan/ML-GV02-03/data/raw/design/GvpA.fasta	WP_394584192.1	WP_394584192.1 gas vesicle structural protein GvpA [Halobacillus sp. B23F22_1]	7577017d2109753dbbe7029d3485d0d19c0610f0a962738329206f6c25a2e3bc	97	True	False	exact_duplicate
ref_000019	/home/user/wangyuhan/ML-GV02-03/data/raw/design/GvpA.fasta	WP_138244856.1	WP_138244856.1 MULTISPECIES: gas vesicle protein GvpA [Natrinema]	a36a3359d46f89a3e9c6d339b24da5b9e7b56e875526568f984c4d9d61c9bfca	93	True	False	exact_duplicate
ref_000020	/home/user/wangyuhan/ML-GV02-03/data/raw/design/GvpA.fasta	WP_427576720.1	WP_427576720.1 gas vesicle structural protein GvpA [Priestia megaterium]	5d20e8974d28b202ff3e6522190fdbf27c7ec35790b334b7bfc0964dd160f003	88	True	False	exact_duplicate
ref_000021	/home/user/wangyuhan/ML-GV02-03/data/raw/design/GvpA.fasta	WP_427090790.1	WP_427090790.1 gas vesicle structural protein GvpA [Priestia megaterium]	728d4a20bb169ff7ae2861700c0866b80279630b2ad500072229c4d700f14351	92	True	False	exact_duplicate
ref_000022	/home/user/wangyuhan/ML-GV02-03/data/raw/design/GvpA.fasta	WP_426749826.1	WP_426749826.1 gas vesicle structural protein GvpA [Pseudomyxococcus flavus]	b3e7eac10f741058a688bc7d62c0f50b5a15ad09caae40e59b5e7155d1011066	74	True	False	exact_duplicate
ref_000023	/home/user/wangyuhan/ML-GV02-03/data/raw/design/GvpA.fasta	WP_426659139.1	WP_426659139.1 gas vesicle structural protein GvpA [Priestia aryabhattai]	b06d07bf5a6f8cc59b307cc74668a4565b178a5b51a0e3498d4c26987650035e	92	True	False	exact_duplicate
ref_000024	/home/user/wangyuhan/ML-GV02-03/data/raw/design/GvpA.fasta	WP_431193991.1	WP_431193991.1 gas vesicle structural protein GvpA, partial [Microcystis aeruginosa]	9896810d394d4d1edf15ff02a5ebe1a5ce22578a398bf69c24333fb0d1e948a5	80	False	False	excluded_header_term
ref_000025	/home/user/wangyuhan/ML-GV02-03/data/raw/design/GvpA.fasta	WP_430140347.1	WP_430140347.1 gas vesicle structural protein GvpA [Neobacillus pocheonensis]	910f1df4ae7a7e4e12922ebde6fee24297fb90f39eea052693cdac7ba54d0304	83	True	False	exact_duplicate
ref_000026	/home/user/wangyuhan/ML-GV02-03/data/raw/design/GvpA.fasta	WP_430127181.1	WP_430127181.1 gas vesicle structural protein GvpA [Priestia aryabhattai]	17718ba432b9ffbaf06b1bb2b0b2bb7a8824f8f4fa1fc5d630b80747312e1252	90	True	False	exact_duplicate
ref_000027	/home/user/wangyuhan/ML-GV02-03/data/raw/design/GvpA.fasta	WP_430006374.1	WP_430006374.1 gas vesicle structural protein GvpA [Metabacillus idriensis]	ac016806c065e58141c3b0882b333b9894e53396b76c57e421d12cc3fee9d207	89	True	False	exact_duplicate
ref_000028	/home/user/wangyuhan/ML-GV02-03/data/raw/design/GvpA.fasta	WP_428089254.1	WP_428089254.1 gas vesicle structural protein GvpA, partial [Cylindrospermopsis raciborskii]	0fc8bfe28907ef9fa5eb6ba06eadb9186ee00c3cd615714110e142bfd5e0793d	70	False	False	excluded_header_term
ref_000029	/home/user/wangyuhan/ML-GV02-03/data/raw/design/GvpA.fasta	WP_221567456.1	WP_221567456.1 MULTISPECIES: gas vesicle structural protein GvpA [Bacillales]	58552353178d8fa2f36f7b3daafc17974c1edbc48383f9691809dca7f0067bba	87	True	False	exact_duplicate
ref_000030	/home/user/wangyuhan/ML-GV02-03/data/raw/design/GvpA.fasta	WP_443143372.1	WP_443143372.1 gas vesicle structural protein GvpA [Pseudalkalibacillus sp. R45]	9a9380d4b10b8ef49e08d8cdcb310b72b0898e2b53118fc0ebf7fc13e6851c59	85	True	False	exact_duplicate
ref_000031	/home/user/wangyuhan/ML-GV02-03/data/raw/design/GvpA.fasta	WP_128525920.1	WP_128525920.1 MULTISPECIES: gas vesicle structural protein GvpA [Halobacillus]	969159e68bc0479327cf12527c848f43e276e0d12b14db7fde40332a3c5adbe5	92	True	False	exact_duplicate
	/home/user/wangyuhan/ML-GV02-03/data/raw/design/GvpA.fasta	WP_443134274.1	WP_443134274.1 gas vesicle protein GvpJ [Halobacillus sp. K22]	ed46c9e7b97a1b13dc86fea5c46d3d7436611491a16ca819269afe40ad8e0b4a	100	False	False	missing_required_gvpa_label;excluded_family_label
	/home/user/wangyuhan/ML-GV02-03/data/raw/design/GvpA.fasta	WP_443127555.1	WP_443127555.1 gas vesicle protein GvpJ [Gracilibacillus sp. D59]	ff9c5d10b21ed7b06913f77b234631b63ecb3f97c32cc95c79e1808c84902994	91	False	False	missing_required_gvpa_label;excluded_family_label
	/home/user/wangyuhan/ML-GV02-03/data/raw/design/GvpA.fasta	WP_443122929.1	WP_443122929.1 gas vesicle protein GvpJ [Halobacillus sp. B29]	f9d423597b7778d440ea6f19c29919e768fa0745ce660aba3e9c67283b869de4	100	False	False	missing_required_gvpa_label;excluded_family_label
ref_000032	/home/user/wangyuhan/ML-GV02-03/data/raw/design/GvpA.fasta	WP_257743183.1	WP_257743183.1 gas vesicle structural protein GvpA [Methanoplanus endosymbiosus]	484b097725196d6613d9eef612aabe13e2fc6914100808e8038b38b39a3ebbaa	69	True	False	exact_duplicate
ref_000033	/home/user/wangyuhan/ML-GV02-03/data/raw/design/GvpA.fasta	WP_342825632.1	WP_342825632.1 MULTISPECIES: gas vesicle structural protein GvpA [Metabacillus]	8d9ebc646f6fec623f00ceeb9030112286df2d5d8f0f5344df448c0444b19877	88	True	False	exact_duplicate
ref_000034	/home/user/wangyuhan/ML-GV02-03/data/raw/design/GvpA.fasta	WP_330483830.1	WP_330483830.1 MULTISPECIES: gas vesicle structural protein GvpA [Tumidithrix]	54de16dcd0555acdee27e23bffaee616a31d423e9e0c7d09bc1668199d1ac85a	72	True	False	exact_duplicate
ref_000035	/home/user/wangyuhan/ML-GV02-03/data/raw/design/GvpA.fasta	WP_425589715.1	WP_425589715.1 MULTISPECIES: gas vesicle structural protein GvpA [unclassified Microcystis (in: cyanobacteria)]	7cb4966ababb293a7db4a703483439d33c99a78a5a6366c84547d2b67a710fd5	80	True	False	exact_duplicate
ref_000036	/home/user/wangyuhan/ML-GV02-03/data/raw/design/GvpA.fasta	WP_015164085.1	WP_015164085.1 gas vesicle structural protein GvpA [Thalassoporum mexicanum]	4c06fdcd9b94ab517ef7d85c35ac9fe42722fa104e03d232f9906a1962e98808	73	True	False	exact_duplicate
	/home/user/wangyuhan/ML-GV02-03/data/raw/design/GvpA.fasta	WP_441338718.1	WP_441338718.1 gas vesicle protein GvpJ, partial [Microcystis aeruginosa]	8905cdbf16be39688dea0bc6683cb0417062e3589286e63a16a9f9b239ea8420	85	False	False	missing_required_gvpa_label;excluded_family_label;excluded_header_term
ref_000037	/home/user/wangyuhan/ML-GV02-03/data/raw/design/GvpA.fasta	WP_425311603.1	WP_425311603.1 MULTISPECIES: gas vesicle structural protein GvpA [Microcystis]	de1520359c3cd2badb80f957511e46579741fc7dd176bf9ab7bd48d3e9492cb6	80	True	False	exact_duplicate
	/home/user/wangyuhan/ML-GV02-03/data/raw/design/GvpA.fasta	WP_441007279.1	WP_441007279.1 gas vesicle protein GvpJ [Microcystis aeruginosa]	2afc6fb850c8bc89b0f23386d755bad743934c721099ea236eeae1863cbb4f22	80	False	False	missing_required_gvpa_label;excluded_family_label
ref_000038	/home/user/wangyuhan/ML-GV02-03/data/raw/design/GvpA.fasta	WP_436344290.1	WP_436344290.1 MULTISPECIES: gas vesicle protein GvpA [unclassified Natronorubrum]	49d3875a5ef4bbb644f930139f267d2cc4e3bdfbfd30dde28aab18149bc1f254	95	True	False	exact_duplicate
ref_000039	/home/user/wangyuhan/ML-GV02-03/data/raw/design/GvpA.fasta	WP_440955508.1	WP_440955508.1 gas vesicle protein GvpA [Methanosarcina sp. Mfa9]	1e070d0d2387bb202235dd365948f4b25f48059ea4c98d3578571e9cd7eb12bb	75	True	False	exact_duplicate
ref_000040	/home/user/wangyuhan/ML-GV02-03/data/raw/design/GvpA.fasta	WP_440769334.1	WP_440769334.1 gas vesicle protein GvpA [Natronorubrum sp. DTA28]	38cb7bda240a833d36b384add457f6a14c4bac92c8bfa58639724187005025d1	95	True	False	exact_duplicate
ref_000041	/home/user/wangyuhan/ML-GV02-03/data/raw/design/GvpA.fasta	WP_440765493.1	WP_440765493.1 gas vesicle protein GvpA [Natronorubrum sp. DTA7]	3dcd4bf22b7bbdb49d82bd3c0ad5243535489009f84e98c6150ccd4e5dc08f1d	95	True	False	exact_duplicate
ref_000042	/home/user/wangyuhan/ML-GV02-03/data/raw/design/GvpA.fasta	WP_124192755.1	WP_124192755.1 gas vesicle protein GvpA [Natrarchaeobius oligotrophus]	8f3e753527c876cd94f0f40735a536faf3fc90a3524a79b993b998a48495383b	95	True	False	exact_duplicate
ref_000043	/home/user/wangyuhan/ML-GV02-03/data/raw/design/GvpA.fasta	WP_069965561.1	WP_069965561.1 MULTISPECIES: gas vesicle structural protein GvpA [Desertifilum]	a36db64a1cae19ba84f5736ecad9f699b8c418df17453e6097baf0fe98e55ea5	75	True	False	exact_duplicate
ref_000044	/home/user/wangyuhan/ML-GV02-03/data/raw/design/GvpA.fasta	WP_433627171.1	WP_433627171.1 MULTISPECIES: gas vesicle protein GvpA [unclassified Halomicrococcus]	8029e604ce9dbbf533bc34063c6ae4a15adebb3aec2e326641ead510af02f069	83	True	False	exact_duplicate
ref_000045	/home/user/wangyuhan/ML-GV02-03/data/raw/design/GvpA.fasta	WP_113279097.1	WP_113279097.1 gas vesicle protein GvpA [Halomicrococcus sp. SG-WS-1]	a95d48deca9746ef575ec2c96132f2d3026053b85173ca7aeafa62b090fafe87	83	True	False	exact_duplicate
ref_000046	/home/user/wangyuhan/ML-GV02-03/data/raw/design/GvpA.fasta	WP_006616598.1	WP_006616598.1 MULTISPECIES: gas vesicle structural protein GvpA [Bacteria]	8f7aa09afb9d7c3cc2eb21e2c36d3651a0b1d0bb140446aa99cfc1a96f4de3ce	72	True	False	exact_duplicate
	/home/user/wangyuhan/ML-GV02-03/data/raw/design/GvpA.fasta	WP_439345357.1	WP_439345357.1 gas vesicle protein GvpJ [Vacuolonema iberomarrocanum]	6d995d9db67c9b27bce8b5a79af86b4e60b0c43be0baa5c543e8e8dd085dc7b3	72	False	False	missing_required_gvpa_label;excluded_family_label
	/home/user/wangyuhan/ML-GV02-03/data/raw/design/GvpA.fasta	WP_439300215.1	WP_439300215.1 gas vesicle protein GvpJ [Pseudalkalibacillus sp. Hm43]	a46817057b2430d35a66af693a75d5bfb1e2d7719ba5eb53f9f053d3ec589160	87	False	False	missing_required_gvpa_label;excluded_family_label
	/home/user/wangyuhan/ML-GV02-03/data/raw/design/GvpA.fasta	WP_439300212.1	WP_439300212.1 gas vesicle protein GvpJ [Pseudalkalibacillus sp. Hm43]	375409e47c121ca81b85e91a4727700b9170b3cb9a5825557448f0be25b0530a	85	False	False	missing_required_gvpa_label;excluded_family_label
ref_000047	/home/user/wangyuhan/ML-GV02-03/data/raw/design/GvpA.fasta	WP_168048067.1	WP_168048067.1 MULTISPECIES: gas vesicle structural protein GvpA [Falsiroseomonas]	c0e3f34d82aab8fda8726713aa4d0f05d8d0c58a7216b71e0372b7862d480ca1	72	True	False	exact_duplicate
ref_000048	/home/user/wangyuhan/ML-GV02-03/data/raw/design/GvpA.fasta	WP_436345017.1	WP_436345017.1 gas vesicle protein GvpA [Natronorubrum sp. FCH18a]	144165ea4d3ea8a64b2e97fd557e53d485b05e168aefc547e39ea8dc8fed59dd	95	True	False	exact_duplicate
ref_000049	/home/user/wangyuhan/ML-GV02-03/data/raw/design/GvpA.fasta	WP_110939071.1	WP_110939071.1 MULTISPECIES: gas vesicle structural protein GvpA [Salipaludibacillus]	86d5d5d3761caa2bee10b54644a925b5b984756881a0c293ecddc246f152bd18	87	True	False	exact_duplicate
ref_000050	/home/user/wangyuhan/ML-GV02-03/data/raw/design/GvpA.fasta	WP_435550518.1	WP_435550518.1 gas vesicle structural protein GvpA [Desulfobacterium sp. N47]	bb973ad514bc9a8e4071a1875fc5756e7859556fa23d8596d35a2c4da3565928	72	True	False	exact_duplicate
ref_000051	/home/user/wangyuhan/ML-GV02-03/data/raw/design/GvpA.fasta	WP_435348186.1	WP_435348186.1 gas vesicle protein GvpA [Haloarchaeobius sp. HRN-SO-5]	d5c2d4101839c4dee9b608bbafd0bb712b3bb5cc8e8bb373c074eb48f72d3a9b	86	True	False	exact_duplicate
ref_000052	/home/user/wangyuhan/ML-GV02-03/data/raw/design/GvpA.fasta	WP_435186752.1	WP_435186752.1 gas vesicle protein GvpA [Halobellus sp. EA9]	13dff233b6dfd04cb79ca09d72c28e71d76c7ac1c59a0f75ad568a11420b75ee	76	True	False	exact_duplicate
ref_000053	/home/user/wangyuhan/ML-GV02-03/data/raw/design/GvpA.fasta	WP_435154202.1	WP_435154202.1 gas vesicle protein GvpA [Haladaptatus sp. DFWS20]	f5db5c4704d592f947d9390e9bcd6afde1ac2a8c4b44472ec28636a4e3ab47c5	82	True	False	exact_duplicate
ref_000054	/home/user/wangyuhan/ML-GV02-03/data/raw/design/GvpA.fasta	WP_435154193.1	WP_435154193.1 gas vesicle protein GvpA [Haladaptatus sp. DFWS20]	5ce032d4beb5b5581c618476a58270e695b96c865b52dc4ae6b923e37a3377cd	81	True	False	exact_duplicate
ref_000056	/home/user/wangyuhan/ML-GV02-03/data/raw/design/GvpA.fasta	WP_433627166.1	WP_433627166.1 gas vesicle protein GvpA [Halomicrococcus sp. NG-SE-24]	d405e6b9ae22924670320e0579207148579619ea65916597eaa9e3b155853a8e	83	True	False	exact_duplicate
ref_000057	/home/user/wangyuhan/ML-GV02-03/data/raw/design/GvpA.fasta	WP_431662249.1	WP_431662249.1 MULTISPECIES: gas vesicle structural protein GvpA [Pantanalinema]	41af882b944a1fc500dbe8f6fc01230050462280d115eeafbc8f1cb2c66f1d11	72	True	False	exact_duplicate
ref_000058	/home/user/wangyuhan/ML-GV02-03/data/raw/design/GvpA.fasta	WP_101841863.1	WP_101841863.1 MULTISPECIES: gas vesicle structural protein GvpA [Halobacillus]	911977f51fb32fb01946dc2bed8313d1fa9c4cb458417285b80e1d0b4af36425	97	True	False	exact_duplicate
ref_000059	/home/user/wangyuhan/ML-GV02-03/data/raw/design/GvpA.fasta	WP_190575773.1	WP_190575773.1 MULTISPECIES: gas vesicle structural protein GvpA [Alkalinema]	ffef1b1b441fdc15ea9c7981dc1e18e5fd48b4bd588343bda7a874e40857653d	72	True	False	exact_duplicate
ref_000060	/home/user/wangyuhan/ML-GV02-03/data/raw/design/GvpA.fasta	WP_430790276.1	WP_430790276.1 gas vesicle structural protein GvpA [Virgibacillus flavescens]	b65132e25cc65ac0170dec17af09ef6d9ddc86b42bf3a1dd98bef9769b556343	93	True	False	exact_duplicate
ref_000061	/home/user/wangyuhan/ML-GV02-03/data/raw/design/GvpA.fasta	WP_430686742.1	WP_430686742.1 gas vesicle structural protein GvpA [Leptolyngbya sp. AN02str]	908def535fa98fa36b50ccc7b99887e25d2d33284b95e820e8135e01dd397cd1	72	True	False	exact_duplicate
ref_000062	/home/user/wangyuhan/ML-GV02-03/data/raw/design/GvpA.fasta	WP_430120777.1	WP_430120777.1 gas vesicle structural protein GvpA [Neobacillus rhizosphaerae]	e6ccc21f1ec1a2362fcf83865db79b02072bd4e4854c8eedc5c7f7b0246d5719	88	True	False	exact_duplicate
ref_000063	/home/user/wangyuhan/ML-GV02-03/data/raw/design/GvpA.fasta	WP_430065897.1	WP_430065897.1 gas vesicle structural protein GvpA [Neobacillus sp. NRS-1170]	a66f240c8435d5f7eedc413fda6c233e960d22ae30577f0ce510087aea050816	83	True	False	exact_duplicate
ref_000064	/home/user/wangyuhan/ML-GV02-03/data/raw/design/GvpA.fasta	WP_328257699.1	WP_328257699.1 gas vesicle structural protein GvpA [Priestia megaterium]	a30535db979f7cb9b9d1575d743d64af85db6ff38f04fbd94a72d974ac906c20	83	True	False	exact_duplicate
ref_000065	/home/user/wangyuhan/ML-GV02-03/data/raw/design/GvpA.fasta	WP_324632560.1	WP_324632560.1 gas vesicle structural protein GvpA [Phormidium sp. CCY1219]	f0b585defb33f68b9eec146548ed02b46b614ae37435ad5b020b758b4d5f244f	72	True	False	exact_duplicate
ref_000066	/home/user/wangyuhan/ML-GV02-03/data/raw/design/GvpA.fasta	WP_323618175.1	WP_323618175.1 gas vesicle structural protein GvpA [Priestia megaterium]	6ab091088c0d2085f19341445efca3bd7552fe8e88dd3276c572540a4c79acbc	88	True	False	exact_duplicate
ref_000067	/home/user/wangyuhan/ML-GV02-03/data/raw/design/GvpA.fasta	WP_322732512.1	WP_322732512.1 gas vesicle structural protein GvpA [Nostoc sp. ChiQUE01b]	cdcb9ea08084d402155df7d0686cb8cea6ba1a31a6700d9535afd219d71587fa	72	True	False	exact_duplicate
ref_000068	/home/user/wangyuhan/ML-GV02-03/data/raw/design/GvpA.fasta	WP_322420075.1	WP_322420075.1 gas vesicle structural protein GvpA [Jeotgalibacillus haloalkalitolerans]	e70eb92ab459701dc753ece2045300ba79f6dcccdb811cbfe12eeb7a71243f3d	88	True	False	exact_duplicate
ref_000069	/home/user/wangyuhan/ML-GV02-03/data/raw/design/GvpA.fasta	WP_320156897.1	WP_320156897.1 gas vesicle structural protein GvpA [Metabacillus indicus]	805855d37a367a5867e37119f6d4ca11ce3a9771efa51ee1d159b4bd843f912a	90	True	False	exact_duplicate
ref_000070	/home/user/wangyuhan/ML-GV02-03/data/raw/design/GvpA.fasta	WP_316572692.1	WP_316572692.1 gas vesicle structural protein GvpA [Neobacillus sp. YIM B06451]	499d1d5d62f7019687f3b0059c07e37c33752b65b36ec66eebc2e45d4f2fa3a4	86	True	False	exact_duplicate
ref_000071	/home/user/wangyuhan/ML-GV02-03/data/raw/design/GvpA.fasta	WP_290399117.1	WP_290399117.1 MULTISPECIES: gas vesicle structural protein GvpA [Fictibacillus]	fe5639b3f6715383286aeb1b876f8ff0584cb9b9687213268c0fa3160ccd0d10	86	True	False	exact_duplicate
ref_000072	/home/user/wangyuhan/ML-GV02-03/data/raw/design/GvpA.fasta	WP_347395773.1	WP_347395773.1 gas vesicle structural protein GvpA [Priestia megaterium]	6b64acdf3f40fdffd14457cf606766a5451a179ed659c2fe7bc45e7d0a7abcb4	91	True	False	exact_duplicate
ref_000073	/home/user/wangyuhan/ML-GV02-03/data/raw/design/GvpA.fasta	WP_341982146.1	WP_341982146.1 gas vesicle structural protein GvpA [Rossellomorea oryzaecorticis]	fa3ceb760df75c71ed088b41a6a5cb57560dd57584efea5c666da3bd00024593	86	True	False	exact_duplicate
ref_000074	/home/user/wangyuhan/ML-GV02-03/data/raw/design/GvpA.fasta	WP_339227026.1	WP_339227026.1 gas vesicle structural protein GvpA [Oceanobacillus sp. FSL K6-2867]	353e9d0dff81158687ff2e4f2b8984e4d6a17430c1d909a093884122403d9cb2	91	True	False	exact_duplicate
ref_000075	/home/user/wangyuhan/ML-GV02-03/data/raw/design/GvpA.fasta	WP_335961848.1	WP_335961848.1 gas vesicle structural protein GvpA [Halalkalibacter kiskunsagensis]	45c7c948c17d40fffc2fecd18e8eb9f993cd3d908fa5567702d7b7dfc4518927	86	True	False	exact_duplicate
ref_000076	/home/user/wangyuhan/ML-GV02-03/data/raw/design/GvpA.fasta	WP_335714145.1	WP_335714145.1 gas vesicle structural protein GvpA [Neobacillus drentensis]	8400e38ff12b62b40e03f973a10e92c50343db146d03ee3461eae584e02f49fc	83	True	False	exact_duplicate
ref_000077	/home/user/wangyuhan/ML-GV02-03/data/raw/design/GvpA.fasta	WP_335558846.1	WP_335558846.1 gas vesicle structural protein GvpA [Neobacillus vireti]	76384a42f96a6dc0ed31f4335ecfed20e5f4a9f030a106c3909a844c5b9db10c	80	True	False	exact_duplicate
ref_000078	/home/user/wangyuhan/ML-GV02-03/data/raw/design/GvpA.fasta	WP_335537523.1	WP_335537523.1 gas vesicle structural protein GvpA [Neobacillus drentensis]	1d2eaab6bc1405efd0c8e5ab7312219bec44e62cde1589a104d7f3122aeaceec	87	True	False	exact_duplicate
ref_000079	/home/user/wangyuhan/ML-GV02-03/data/raw/design/GvpA.fasta	WP_335072082.1	WP_335072082.1 gas vesicle structural protein GvpA [Nostoc sp.]	967e2f04e468a1a875d95aef96684bd59af17b05397db6a5e57b624802fa22d2	78	True	False	exact_duplicate
ref_000080	/home/user/wangyuhan/ML-GV02-03/data/raw/design/GvpA.fasta	WP_335059862.1	WP_335059862.1 gas vesicle structural protein GvpA [Nostoc sp.]	26dd9c3e80f115461010c3e48a60d95fe14f7e45bff5c06ac7dd6e0e34690448	71	True	False	exact_duplicate
ref_000081	/home/user/wangyuhan/ML-GV02-03/data/raw/design/GvpA.fasta	WP_335049349.1	WP_335049349.1 gas vesicle structural protein GvpA [Nostoc sp.]	71f9753012b6644cf772515c27a3c5a497fdd40153f703681603ce4eafc42ea5	73	True	False	exact_duplicate
ref_000082	/home/user/wangyuhan/ML-GV02-03/data/raw/design/GvpA.fasta	WP_334789054.1	WP_334789054.1 gas vesicle structural protein GvpA [Nostoc sp.]	8be2e14f0153cb01c7e89076f2a6275d8da7f12e0e575e69dabb3df9999082cc	74	True	False	exact_duplicate
ref_000083	/home/user/wangyuhan/ML-GV02-03/data/raw/design/GvpA.fasta	WP_334779866.1	WP_334779866.1 gas vesicle structural protein GvpA [Nostoc sp.]	4076ee92571a9babe66f0519b5f715f210808ee8cf5653d8a346b1632f6930d1	71	True	False	exact_duplicate
ref_000084	/home/user/wangyuhan/ML-GV02-03/data/raw/design/GvpA.fasta	WP_334710560.1	WP_334710560.1 gas vesicle structural protein GvpA [Nostoc sp.]	b38024f0aba86f47c4adefb470377765a198ad65def833ed535315e7ecc6271b	73	True	False	exact_duplicate
ref_000086	/home/user/wangyuhan/ML-GV02-03/data/raw/design/GvpA.fasta	WP_315073129.1	WP_315073129.1 gas vesicle structural protein GvpA [uncultured Clostridium sp.]	651deda52eb485d5380e11d0bd0c580df38f654881a05e859441303cd3690fbc	75	True	False	exact_duplicate
ref_000087	/home/user/wangyuhan/ML-GV02-03/data/raw/design/GvpA.fasta	WP_113969339.1	WP_113969339.1 MULTISPECIES: gas vesicle structural protein GvpA [Rossellomorea]	c306fc2a612dcf7963887fd1483f31b8b1d3630b71566506bdbc766a133d7160	86	True	False	exact_duplicate
ref_000088	/home/user/wangyuhan/ML-GV02-03/data/raw/design/GvpA.fasta	WP_426842538.1	WP_426842538.1 MULTISPECIES: gas vesicle structural protein GvpA [unclassified Metabacillus]	81c3c33e1052ca11c9fde60fd0a62a9ef2c4738a5782114778528dc2c8d1fe8f	87	True	False	exact_duplicate
ref_000089	/home/user/wangyuhan/ML-GV02-03/data/raw/design/GvpA.fasta	WP_428403798.1	WP_428403798.1 gas vesicle structural protein GvpA [Methylocystis sp.]	58de098a6c8aae0513de85526b4bfd2ec959113cd4692c08455d9bd7f1221b78	72	True	False	exact_duplicate
ref_000090	/home/user/wangyuhan/ML-GV02-03/data/raw/design/GvpA.fasta	WP_426585015.1	WP_426585015.1 gas vesicle structural protein GvpA [Dapis sp. BLCC M229]	531760bd0ae2999dbf0aa9151e722a6e3f56f36bc1e97a4473d19e1e66ba63d6	91	True	False	exact_duplicate
ref_000091	/home/user/wangyuhan/ML-GV02-03/data/raw/design/GvpA.fasta	WP_426542028.1	WP_426542028.1 gas vesicle structural protein GvpA [Dapis sp. BLCC M126]	18aeb74e18302803a1f05608a7d4fa45b098bea94fa1a6302b33e1400eb1edfd	89	True	False	exact_duplicate
ref_000092	/home/user/wangyuhan/ML-GV02-03/data/raw/design/GvpA.fasta	WP_426380802.1	WP_426380802.1 gas vesicle structural protein GvpA [Desulfosporosinus sp. SYSU MS00001]	27cfc6c7874687adce98fe5beec40dda323c639ba2824175d39fc4aad0117ad3	73	True	False	exact_duplicate
ref_000093	/home/user/wangyuhan/ML-GV02-03/data/raw/design/GvpA.fasta	WP_224590714.1	WP_224590714.1 MULTISPECIES: gas vesicle structural protein GvpA [Bacillales]	83d86218590801baa4be9cbf64a37be9f413307984b80079d4c17313ca959345	85	True	False	exact_duplicate
ref_000094	/home/user/wangyuhan/ML-GV02-03/data/raw/design/GvpA.fasta	WP_423999109.1	WP_423999109.1 gas vesicle protein GvpA [Haloarcula salina]	fc382b09fdd1c909c75ca87f66ed2c98f5b6601cc069a0d6df8ae25285c11467	93	True	False	exact_duplicate
ref_000095	/home/user/wangyuhan/ML-GV02-03/data/raw/design/GvpA.fasta	WP_310323875.1	WP_310323875.1 gas vesicle structural protein GvpA [Priestia megaterium]	cee0ef3ec2a72c0423980c1c808f76590d56140814367b61d4a668a7bebd3e90	92	True	False	exact_duplicate
ref_000096	/home/user/wangyuhan/ML-GV02-03/data/raw/design/GvpA.fasta	WP_309192103.1	WP_309192103.1 gas vesicle structural protein GvpA [Metabacillus idriensis]	fd49c343614a605c0f408c1059dfd9e3f863077071d8fcc71280dc5802c3028c	87	True	False	exact_duplicate
ref_000097	/home/user/wangyuhan/ML-GV02-03/data/raw/design/GvpA.fasta	WP_423801245.1	WP_423801245.1 gas vesicle structural protein GvpA [Neobacillus sp. SAB-20_R2A]	90c029da4514f00630c70095fc4ebe43ac03b1f8aab9ac3a1687d196c4f38373	81	True	False	exact_duplicate
ref_000098	/home/user/wangyuhan/ML-GV02-03/data/raw/design/GvpA.fasta	WP_274373506.1	WP_274373506.1 MULTISPECIES: gas vesicle structural protein GvpA [Synergistales]	9ba976654c95d4d9fd8ffe4ff8d4a6186d6631fd013c161e4ccb5c524a6494cc	69	True	False	exact_duplicate
ref_000099	/home/user/wangyuhan/ML-GV02-03/data/raw/design/GvpA.fasta	WP_226555226.1	WP_226555226.1 MULTISPECIES: gas vesicle structural protein GvpA [Priestia]	6507b3f9f58ef91ab9d82a0e5b2908ec0d333c616e2b17fc0f4b837dade8ca1f	88	True	False	exact_duplicate
ref_000100	/home/user/wangyuhan/ML-GV02-03/data/raw/design/GvpA.fasta	WP_007143586.1	WP_007143586.1 MULTISPECIES: gas vesicle protein GvpA [Natronobacterium]	4482775e0979509e45d23f6ca737a7fdb6814c225930bbcb113f82d33d585228	95	True	False	exact_duplicate
ref_000101	/home/user/wangyuhan/ML-GV02-03/data/raw/design/GvpA.fasta	WP_422165804.1	WP_422165804.1 gas vesicle structural protein GvpA [Halobacillus sp.]	db2cdf073eed6ed31349901112a0643487f8399252e4b284641aa51cb05e0f98	100	True	False	exact_duplicate
ref_000102	/home/user/wangyuhan/ML-GV02-03/data/raw/design/GvpA.fasta	WP_421708292.1	WP_421708292.1 gas vesicle structural protein GvpA [Algihabitans sp.]	35226954812d95b1eb87f6c9f6c2ac5cabf4e8cb1e9932ee85489572ea157c29	84	True	False	exact_duplicate
ref_000103	/home/user/wangyuhan/ML-GV02-03/data/raw/design/GvpA.fasta	WP_421653262.1	WP_421653262.1 gas vesicle structural protein GvpA [Metabacillus sp. RGM 3146]	0283d587032de178b6667e22ede30dd9a57c5ae7754c025d23503a3db3153be9	91	True	False	exact_duplicate
ref_000104	/home/user/wangyuhan/ML-GV02-03/data/raw/design/GvpA.fasta	WP_421032811.1	WP_421032811.1 MULTISPECIES: gas vesicle structural protein GvpA [Paraburkholderia]	628577dc37636bc0384ee327a4aeb3192a7c90e3c438c8b2383085b819d27655	72	True	False	exact_duplicate
ref_000105	/home/user/wangyuhan/ML-GV02-03/data/raw/design/GvpA.fasta	WP_415382277.1	WP_415382277.1 gas vesicle structural protein GvpA [Priestia megaterium]	34e541178b7b0b894972aaad49425526fd16e04d52071bf0480f2bf5f7434458	88	True	False	exact_duplicate
ref_000106	/home/user/wangyuhan/ML-GV02-03/data/raw/design/GvpA.fasta	WP_413917177.1	WP_413917177.1 gas vesicle structural protein GvpA [Priestia megaterium]	5c686c3d3778ea9403cd9d61d7221e3e4812a50ef33cf1e8cd450094ca203ae0	86	True	False	exact_duplicate
ref_000107	/home/user/wangyuhan/ML-GV02-03/data/raw/design/GvpA.fasta	WP_412092736.1	WP_412092736.1 gas vesicle structural protein GvpA [Cereibacter sphaeroides]	d7b124bfad426ab2d29dac93db4cf9c6631690473c55133a110d3b15c719533b	70	True	False	exact_duplicate
ref_000108	/home/user/wangyuhan/ML-GV02-03/data/raw/design/GvpA.fasta	WP_349407376.1	WP_349407376.1 gas vesicle structural protein GvpA [Pseudalkalibacillus nanhaiensis]	f454f2a56d9c1f348b1dac3f706e94ceea099db81084cd1c70f2fc3cd1dfd5a3	87	True	False	exact_duplicate
ref_000109	/home/user/wangyuhan/ML-GV02-03/data/raw/design/GvpA.fasta	WP_336497511.1	WP_336497511.1 gas vesicle structural protein GvpA [Psychrobacillus mangrovi]	19cd7b61a586d4e4fed893c2bbd031719e582f6c6b75c515eb7fffa1099eb2c8	84	True	False	exact_duplicate
ref_000110	/home/user/wangyuhan/ML-GV02-03/data/raw/design/GvpA.fasta	WP_323244924.1	WP_323244924.1 gas vesicle structural protein GvpA [Nodularia spumigena]	a62ba34ed245e06a29758d7dd356e60f73eeb1c63f5eec9b8103fa7af5740d6a	70	True	False	exact_duplicate
ref_000111	/home/user/wangyuhan/ML-GV02-03/data/raw/design/GvpA.fasta	WP_049665784.1	WP_049665784.1 MULTISPECIES: gas vesicle structural protein GvpA [Bacillaceae]	b57946b3f69a165a32688ee14d0fee5bcea63bf4d3ebf9eda46125a5b0948414	86	True	False	exact_duplicate
	/home/user/wangyuhan/ML-GV02-03/data/raw/design/GvpA.fasta	WP_242234391.1	WP_242234391.1 gas vesicle protein GvpJ [Domibacillus sp. PGB-M46]	de3106e39b73b2986cc3f74a3c931f43338d1cc93d442c8ca4b3063e5eb5fcec	86	False	False	missing_required_gvpa_label;excluded_family_label
ref_001078	/home/user/wangyuhan/ML-GV02-03/data/raw/design/GvpA.fasta	WP_275035984.1	WP_275035984.1 gas vesicle protein GvpJ [Priestia aryabhattai]	d27b0b4319762b785a390cb62ffdfa1d560037b77fe536d62498913f8063b82c	92	False	False	missing_required_gvpa_label;excluded_family_label
ref_001103	/home/user/wangyuhan/ML-GV02-03/data/raw/design/GvpA.fasta	WP_265408639.1	WP_265408639.1 gas vesicle protein GvpJ [Fictibacillus sp. KU28468]	0e9e8ccae45355dc3f28017c3d12799d8de76faee41e6a387cc5d9cbc54f627e	78	False	False	missing_required_gvpa_label;excluded_family_label
	/home/user/wangyuhan/ML-GV02-03/data/raw/design/GvpA.fasta	WP_251284961.1	WP_251284961.1 MULTISPECIES: gas vesicle protein GvpJ [unclassified Cytobacillus]	7549e3c1301e8688c306a9a1a2f1b436ffcfd9c0a6d621bbb8cc665bcd67439b	86	False	False	missing_required_gvpa_label;excluded_family_label
	/home/user/wangyuhan/ML-GV02-03/data/raw/design/GvpA.fasta	WP_251273927.1	WP_251273927.1 MULTISPECIES: gas vesicle protein GvpJ [Domibacillus]	7b11238f75117cdf3b62a9661c3d26b74cef73f9e13d365defcbc3f2e532fb11	86	False	False	missing_required_gvpa_label;excluded_family_label
	/home/user/wangyuhan/ML-GV02-03/data/raw/design/GvpA.fasta	WP_251224772.1	WP_251224772.1 gas vesicle protein GvpJ [Halalkalibacter oceani]	dbc06e5fd5d989a1d1e41a83051832f7f400c7c8c19237fa107612d16a866609	86	False	False	missing_required_gvpa_label;excluded_family_label
	/home/user/wangyuhan/ML-GV02-03/data/raw/design/GvpA.fasta	WP_250094746.1	WP_250094746.1 gas vesicle protein GvpJ [Halalkalibacter alkaliphilus]	fdd60eac4981a8e6437103549da51b55aaead533f8426200118c1e00e85eb04e	73	False	False	missing_required_gvpa_label;excluded_family_label
ref_000112	/home/user/wangyuhan/ML-GV02-03/data/raw/design/GvpA.fasta	WP_164693470.1	WP_164693470.1 MULTISPECIES: gas vesicle structural protein GvpA [Falsiroseomonas]	0b5cd7683d09753175798c62619ea564033e5f158ba14359919e46d521384fcf	72	True	False	exact_duplicate
ref_001077	/home/user/wangyuhan/ML-GV02-03/data/raw/design/GvpA.fasta	WP_289235467.1	WP_289235467.1 gas vesicle protein GvpJ [Alkalihalophilus pseudofirmus]	75f16cfcd7774084910314086a21ce49b2b8a929d88d1941e395b4f42a265f44	86	False	False	missing_required_gvpa_label;excluded_family_label
	/home/user/wangyuhan/ML-GV02-03/data/raw/design/GvpA.fasta	WP_251632638.1	WP_251632638.1 gas vesicle protein GvpJ [Neobacillus niacini]	6e6874947488b4bf79cd9b1bbe9e642d41ad28079037ae13439b57e5ec3e6c14	78	False	False	missing_required_gvpa_label;excluded_family_label
	/home/user/wangyuhan/ML-GV02-03/data/raw/design/GvpA.fasta	WP_270180319.1	WP_270180319.1 gas vesicle protein GvpJ [Alkalihalobacillus sp. CinArs1]	172247f25d7a88e5c2543baf8567ae503b29468269ff71eddb9d45342ff51441	86	False	False	missing_required_gvpa_label;excluded_family_label
	/home/user/wangyuhan/ML-GV02-03/data/raw/design/GvpA.fasta	WP_270180317.1	WP_270180317.1 gas vesicle protein GvpJ [Alkalihalobacillus sp. CinArs1]	76fdc377bbf82dcb5234e8da2542f1a4e0442f0adcb6d7cc31459bab4cc686fc	85	False	False	missing_required_gvpa_label;excluded_family_label
	/home/user/wangyuhan/ML-GV02-03/data/raw/design/GvpA.fasta	WP_264583548.1	WP_264583548.1 gas vesicle protein GvpJ [Rhodoblastus acidophilus]	1d37cbb7aad699cb8ab286941aeb4296a7075321a312d7163f8d2bb5f61fda96	70	False	False	missing_required_gvpa_label;excluded_family_label
	/home/user/wangyuhan/ML-GV02-03/data/raw/design/GvpA.fasta	WP_248618533.1	WP_248618533.1 gas vesicle protein GvpJ [Natroniella sulfidigena]	883a9edd1d317110f1405fa9a535c6755b84d589e6a5980dca1bb63a423197fc	73	False	False	missing_required_gvpa_label;excluded_family_label
	/home/user/wangyuhan/ML-GV02-03/data/raw/design/GvpA.fasta	WP_258356419.1	WP_258356419.1 gas vesicle protein GvpJ [Priestia megaterium]	52dd92a4f7bccb199db6d5f71e6f48a985e1b7281e2ffbdf4ee3885b85067eaa	92	False	False	missing_required_gvpa_label;excluded_family_label
ref_000113	/home/user/wangyuhan/ML-GV02-03/data/raw/design/GvpA.fasta	WP_039726782.1	WP_039726782.1 MULTISPECIES: gas vesicle structural protein GvpA [Cyanophyceae]	9683dd0b519eaf04d7438c1faa3b5ba7bfa2c6cfe741bd86fa7ae8c0e5378d7f	72	True	False	exact_duplicate
	/home/user/wangyuhan/ML-GV02-03/data/raw/design/GvpA.fasta	WP_011611913.1	WP_011611913.1 gas vesicle protein GvpJ [Trichodesmium erythraeum]	c8ca500d58f82227374ef5850ded8cba10a96512195ed4d0368fd62280bac654	75	False	False	missing_required_gvpa_label;excluded_family_label
	/home/user/wangyuhan/ML-GV02-03/data/raw/design/GvpA.fasta	WP_242234394.1	WP_242234394.1 MULTISPECIES: gas vesicle protein GvpJ [Domibacillus]	7e5a0ca10a01973b587c1d39d10bb469fbdea19c9a2717caeb36a4b12b33cc49	86	False	False	missing_required_gvpa_label;excluded_family_label
	/home/user/wangyuhan/ML-GV02-03/data/raw/design/GvpA.fasta	WP_011611914.1	WP_011611914.1 gas vesicle protein GvpJ [Trichodesmium erythraeum]	2042b63e95655cdc9d68dd369d8199176aab0bd38adc43ad6ebe8d52c3ab0054	72	False	False	missing_required_gvpa_label;excluded_family_label
ref_000114	/home/user/wangyuhan/ML-GV02-03/data/raw/design/GvpA.fasta	WP_322681236.1	WP_322681236.1 MULTISPECIES: gas vesicle structural protein GvpA [unclassified Nostoc]	7c8675813e46237632821dfe2c299d8a6a1afa403a3029f6dc9436af707fc73f	72	True	False	exact_duplicate
ref_000115	/home/user/wangyuhan/ML-GV02-03/data/raw/design/GvpA.fasta	WP_416285140.1	WP_416285140.1 gas vesicle protein GvpA [Natronococcus sp.]	edc787924d6392f7c1f5e5e00d1e49e457b29997f69ad3227883a383e8273b5b	94	True	False	exact_duplicate
ref_000116	/home/user/wangyuhan/ML-GV02-03/data/raw/design/GvpA.fasta	WP_416108851.1	WP_416108851.1 gas vesicle structural protein GvpA [Solidesulfovibrio sp. C21]	b7662fa2f5d44aa0d6b41c24f4f96c605eb5db30149fbf2c0bac9fe17a17acbe	72	True	False	exact_duplicate
ref_000117	/home/user/wangyuhan/ML-GV02-03/data/raw/design/GvpA.fasta	WP_416108847.1	WP_416108847.1 gas vesicle structural protein GvpA [Solidesulfovibrio sp. C21]	f65654f9aa3b69f34daadee67a7561e43738c0e2ee7c492fbb794705940ddbfb	72	True	False	exact_duplicate
ref_000118	/home/user/wangyuhan/ML-GV02-03/data/raw/design/GvpA.fasta	WP_406912117.1	WP_406912117.1 gas vesicle structural protein GvpA, partial [Cylindrospermopsis raciborskii]	51223251df1314e3c9bade6b7106f3aca04a55dafced3cc5b130a47bc7b29c63	66	False	False	excluded_header_term
ref_000119	/home/user/wangyuhan/ML-GV02-03/data/raw/design/GvpA.fasta	WP_338255845.1	WP_338255845.1 gas vesicle structural protein GvpA [Dictyobacter halimunensis]	1ca802048c4a6cd9dca398191c084cfbc6061238919610b015007080f09a9f15	76	True	False	exact_duplicate
ref_000120	/home/user/wangyuhan/ML-GV02-03/data/raw/design/GvpA.fasta	WP_310619223.1	WP_310619223.1 gas vesicle structural protein GvpA [Flexibacterium corallicola]	e9d0d8807aee29d8e61cc5812e5272da20f42b2eb9c88bded666404669277156	71	True	False	exact_duplicate
ref_000121	/home/user/wangyuhan/ML-GV02-03/data/raw/design/GvpA.fasta	WP_414404485.1	WP_414404485.1 MULTISPECIES: gas vesicle structural protein GvpA [unclassified Synechococcus]	62e969f90251277368266d759d9d4fd4cc78f03b7eadcfade3fc001db4bf0600	75	True	False	exact_duplicate
ref_000122	/home/user/wangyuhan/ML-GV02-03/data/raw/design/GvpA.fasta	WP_414362100.1	WP_414362100.1 MULTISPECIES: gas vesicle structural protein GvpA [unclassified Synechococcus]	a8c546bb807cbf441766bdc1e9d6100e34ba9f8687dc271e3c6bbc888861c9af	75	True	False	exact_duplicate
ref_000123	/home/user/wangyuhan/ML-GV02-03/data/raw/design/GvpA.fasta	WP_414395174.1	WP_414395174.1 gas vesicle structural protein GvpA [Synechococcus sp. O70.2]	9caabe5dd41114f54d7157811c223a55ba4f8324b5c33e3ed04bea8f682c91b8	75	True	False	exact_duplicate
ref_000124	/home/user/wangyuhan/ML-GV02-03/data/raw/design/GvpA.fasta	WP_024336577.1	WP_024336577.1 MULTISPECIES: gas vesicle structural protein GvpA [Desulfobacteraceae]	39cf0fd21702af1ff2b1a85e7f95803ffe5d465cb6cae8e617df8798b8c9f644	69	True	False	exact_duplicate
ref_000125	/home/user/wangyuhan/ML-GV02-03/data/raw/design/GvpA.fasta	WP_193980327.1	WP_193980327.1 MULTISPECIES: gas vesicle structural protein GvpA [Floridanema]	ce84140595a3625becb853b3896946af55d40cf7bd6ebf4c0c866321df18c48e	71	True	False	exact_duplicate
ref_000126	/home/user/wangyuhan/ML-GV02-03/data/raw/design/GvpA.fasta	WP_413242310.1	WP_413242310.1 gas vesicle structural protein GvpA [Paenibacillus sp. 1P07SE]	4a871af101af640b6e2c4613cc92d8574a387d76bed376472736fe356f550e29	89	True	False	exact_duplicate
ref_000127	/home/user/wangyuhan/ML-GV02-03/data/raw/design/GvpA.fasta	WP_413173348.1	WP_413173348.1 gas vesicle structural protein GvpA [Anabaena azotica]	ced70fa1ad4dcaf12a7b8c719004cf68917ca8132aa674f7f8c86094a7879b0c	75	True	False	exact_duplicate
ref_000128	/home/user/wangyuhan/ML-GV02-03/data/raw/design/GvpA.fasta	WP_413173347.1	WP_413173347.1 gas vesicle structural protein GvpA [Anabaena azotica]	de6e45b17a1efe79f37778d836358d826a304d076e7019714203a05f82787777	74	True	False	exact_duplicate
ref_000129	/home/user/wangyuhan/ML-GV02-03/data/raw/design/GvpA.fasta	WP_413173346.1	WP_413173346.1 gas vesicle structural protein GvpA [Anabaena azotica]	b669abd036c50b376c62ed96bedb1c48c2355a2d6963351d6db1465d4bed8684	73	True	False	exact_duplicate
ref_000130	/home/user/wangyuhan/ML-GV02-03/data/raw/design/GvpA.fasta	WP_413173345.1	WP_413173345.1 gas vesicle structural protein GvpA [Anabaena azotica]	bf9d9ac4b0e25cbc2e1482bd8291d51b80489fd66aea62fc23789d12b24004e0	75	True	False	exact_duplicate
ref_000131	/home/user/wangyuhan/ML-GV02-03/data/raw/design/GvpA.fasta	WP_413173344.1	WP_413173344.1 gas vesicle structural protein GvpA [Anabaena azotica]	3f2cb7eca6dff49eb9eba55009404da2596edaa8a84214ff0a062983369e81b2	76	True	False	exact_duplicate
ref_000132	/home/user/wangyuhan/ML-GV02-03/data/raw/design/GvpA.fasta	WP_190464766.1	WP_190464766.1 MULTISPECIES: gas vesicle structural protein GvpA [Oscillatoriophycideae]	44a44809c7c1d751ebce0ff9a86895a50f13e140bfe6d9ae84ed0e8114d8495c	72	True	False	exact_duplicate
ref_000133	/home/user/wangyuhan/ML-GV02-03/data/raw/design/GvpA.fasta	WP_190463961.1	WP_190463961.1 MULTISPECIES: gas vesicle structural protein GvpA [Oscillatoriophycideae]	1a1b9a1e258a11254cb4f5cd618e15676d2d449475d5b0ed37269cbc3185bc1d	72	True	False	exact_duplicate
ref_000134	/home/user/wangyuhan/ML-GV02-03/data/raw/design/GvpA.fasta	WP_410337796.1	WP_410337796.1 gas vesicle structural protein GvpA [Longimonas sp.]	387a1a5b990d83c80a609a93287a136e5e242150b20ddd4a1e49c657c24a6c38	73	True	False	exact_duplicate
ref_000135	/home/user/wangyuhan/ML-GV02-03/data/raw/design/GvpA.fasta	WP_379650762.1	WP_379650762.1 gas vesicle structural protein GvpA [Teichococcus aestuarii]	6cd6a14977934f64979a41a3771d6fe7e8dad157178bbbd3409fe43630cb5a41	73	True	False	exact_duplicate
ref_000136	/home/user/wangyuhan/ML-GV02-03/data/raw/design/GvpA.fasta	WP_379640496.1	WP_379640496.1 gas vesicle structural protein GvpA [Teichococcus aestuarii]	86ebca091b9272e657505efec988aa8e3dc5f76d49029f1af44bbb42ef160807	75	True	False	exact_duplicate
ref_000137	/home/user/wangyuhan/ML-GV02-03/data/raw/design/GvpA.fasta	WP_342070892.1	WP_342070892.1 gas vesicle structural protein GvpA [Yoonia algicola]	c88f9ffff90291b1560233f546b76e54fc9da0f6bafb9239779bc03168c818ea	70	True	False	exact_duplicate
ref_000138	/home/user/wangyuhan/ML-GV02-03/data/raw/design/GvpA.fasta	WP_327608074.1	WP_327608074.1 gas vesicle structural protein GvpA [Virgibacillus tibetensis]	72cdd34cb274da9e5e194597336bd584c0601117e8bd69b326cde75988c2ef5d	92	True	False	exact_duplicate
ref_000139	/home/user/wangyuhan/ML-GV02-03/data/raw/design/GvpA.fasta	WP_324716694.1	WP_324716694.1 gas vesicle structural protein GvpA [Carboxydichorda subterranea]	10268ee8450e0bb5a4533dd0737c1855e098f5e675543a0dbaa927c55ecb3d54	73	True	False	exact_duplicate
ref_000140	/home/user/wangyuhan/ML-GV02-03/data/raw/design/GvpA.fasta	WP_324704072.1	WP_324704072.1 gas vesicle structural protein GvpA [Lyngbya sp. CCY1209]	ae37005a67bc5cb2b176bbb2a26f1bbfc007226ff1abafb159c27039c720fa0e	72	True	False	exact_duplicate
ref_000141	/home/user/wangyuhan/ML-GV02-03/data/raw/design/GvpA.fasta	WP_317121874.1	WP_317121874.1 MULTISPECIES: gas vesicle structural protein GvpA [Alkalihalophilus]	e8c5de40001b59b84f3000546d57bdbffeb1f2fbded41da8015760622ba66cb1	86	True	False	exact_duplicate
ref_000142	/home/user/wangyuhan/ML-GV02-03/data/raw/design/GvpA.fasta	WP_295848159.1	WP_295848159.1 gas vesicle structural protein GvpA [Tardiphaga sp.]	3426f2b4953d2172f209b39e07c92d33714de1f85bc963ee04a0c73f32a57c8b	70	True	False	exact_duplicate
ref_000143	/home/user/wangyuhan/ML-GV02-03/data/raw/design/GvpA.fasta	WP_280793164.1	WP_280793164.1 gas vesicle structural protein GvpA [Anabaenopsis sp. FSS-46]	fa062766acc141ed13ab5647f670b952cf8945bbcfc8349eca2a90bcac8cd4ef	71	True	False	exact_duplicate
ref_000144	/home/user/wangyuhan/ML-GV02-03/data/raw/design/GvpA.fasta	WP_283757384.1	WP_283757384.1 gas vesicle structural protein GvpA [Roseofilum casamattae]	6f227f789b114508ea9998be7bfc238fb7cd36b4f026ef2c1d299b426ba4d67d	72	True	False	exact_duplicate
ref_000145	/home/user/wangyuhan/ML-GV02-03/data/raw/design/GvpA.fasta	WP_280652748.1	WP_280652748.1 gas vesicle structural protein GvpA [Umezakia ovalisporum]	56d5d14e5f958bb848effc7cddc6dd078434561bb8d86a1a4654791676632e8b	71	True	False	exact_duplicate
ref_000146	/home/user/wangyuhan/ML-GV02-03/data/raw/design/GvpA.fasta	WP_409772926.1	WP_409772926.1 gas vesicle structural protein GvpA, partial [Microcystis sp.]	819e640008ab1349cc70b304807fe3f89bc28dfae3f714424db06baf20ba737b	63	False	False	excluded_header_term
ref_000147	/home/user/wangyuhan/ML-GV02-03/data/raw/design/GvpA.fasta	WP_353746961.1	WP_353746961.1 gas vesicle structural protein GvpA [Priestia megaterium]	63d39c2e5861daa31f41643f87a02e57bbbbceb485e5b854577bf230f2d1c5e3	83	True	False	exact_duplicate
ref_000148	/home/user/wangyuhan/ML-GV02-03/data/raw/design/GvpA.fasta	WP_328257960.1	WP_328257960.1 gas vesicle structural protein GvpA [Priestia megaterium]	6d06213120173a755e9baa644f1b79091e5fe37b3d5310decd03b265d1c1198a	88	True	False	exact_duplicate
ref_000149	/home/user/wangyuhan/ML-GV02-03/data/raw/design/GvpA.fasta	WP_409303451.1	WP_409303451.1 gas vesicle structural protein GvpA [Peribacillus sedimenti]	0844cfaee9f234d540b527333f1f62a06e990377372b5ef2abf079432a623702	86	True	False	exact_duplicate
ref_000150	/home/user/wangyuhan/ML-GV02-03/data/raw/design/GvpA.fasta	WP_409293715.1	WP_409293715.1 gas vesicle structural protein GvpA [Paraperibacillus marinus]	271291dc0f72accfac607a148f3b6af0576a1ad6cb95ac9bf3548d2abca3aa08	86	True	False	exact_duplicate
ref_000151	/home/user/wangyuhan/ML-GV02-03/data/raw/design/GvpA.fasta	WP_409274759.1	WP_409274759.1 gas vesicle structural protein GvpA [Neobacillus oceani]	f977e0ce7c4a878af278f121d93c324388244920522e89fce9467528c48d695e	84	True	False	exact_duplicate
ref_000152	/home/user/wangyuhan/ML-GV02-03/data/raw/design/GvpA.fasta	WP_408963110.1	WP_408963110.1 gas vesicle structural protein GvpA [Planktothrix sp.]	07561c65a5d37a8aa878cb07b895eb5f91fafbeef771c9befc328c8c9c84e7fc	72	True	False	exact_duplicate
ref_000153	/home/user/wangyuhan/ML-GV02-03/data/raw/design/GvpA.fasta	WP_408958174.1	WP_408958174.1 gas vesicle protein GvpA [Natrinema sp. 74]	73e0b5aa88a198c56caeea07f42134079d2b868fcd0dbd1b9bc7234b4f64666a	87	True	False	exact_duplicate
ref_000154	/home/user/wangyuhan/ML-GV02-03/data/raw/design/GvpA.fasta	WP_336364780.1	WP_336364780.1 gas vesicle protein GvpA [Halalkalicoccus salilacus]	cd0ec9cc83e20bd818b34c3d6e32229ae82b1f4b803ad5a686041fe792cfa0b4	86	True	False	exact_duplicate
ref_000155	/home/user/wangyuhan/ML-GV02-03/data/raw/design/GvpA.fasta	WP_336364362.1	WP_336364362.1 gas vesicle protein GvpA [Halalkalicoccus salilacus]	ad18f8d7fabecf9750fb27c42b42c14e2c5be22222525e8903b790ab878114cc	97	True	False	exact_duplicate
ref_000156	/home/user/wangyuhan/ML-GV02-03/data/raw/design/GvpA.fasta	WP_332101109.1	WP_332101109.1 MULTISPECIES: gas vesicle protein GvpA [Halalkalicoccus]	76418c5d471b2873e6bfd66246e1ddea8c46c09677d508ca4d85d7ddc4b66838	86	True	False	exact_duplicate
ref_000157	/home/user/wangyuhan/ML-GV02-03/data/raw/design/GvpA.fasta	WP_332100865.1	WP_332100865.1 MULTISPECIES: gas vesicle protein GvpA [Halalkalicoccus]	7801d96d034213cf08c8a094d7cac15ce9d441b0b84d59a3a397698d01a086b2	84	True	False	exact_duplicate
ref_000158	/home/user/wangyuhan/ML-GV02-03/data/raw/design/GvpA.fasta	WP_332099299.1	WP_332099299.1 MULTISPECIES: gas vesicle protein GvpA [Halalkalicoccus]	b9d147aeaac9ffa9d0f345cb4414f298f5fcd7bdcb541313ba9f90ed1cf3a920	87	True	False	exact_duplicate
ref_000159	/home/user/wangyuhan/ML-GV02-03/data/raw/design/GvpA.fasta	WP_332097579.1	WP_332097579.1 MULTISPECIES: gas vesicle protein GvpA [Halalkalicoccus]	824a3264c546dbd7013f28ea8a55f3a237060c55e29003b45dafff7fd11e8a4e	97	True	False	exact_duplicate
ref_000160	/home/user/wangyuhan/ML-GV02-03/data/raw/design/GvpA.fasta	WP_038082255.1	WP_038082255.1 MULTISPECIES: gas vesicle structural protein GvpA [Nostocales]	b34a5f1cebe7f342dc3f0266350f98a4220b9e2eabe7f053f156e8a2488af41b	72	True	False	exact_duplicate
ref_000161	/home/user/wangyuhan/ML-GV02-03/data/raw/design/GvpA.fasta	WP_408011836.1	WP_408011836.1 gas vesicle structural protein GvpA [Pseudalkalibacillus sp. A8]	354eeee0be3f0383107be26977796d47824369722e4cc0040014e2231196c8e5	85	True	False	exact_duplicate
ref_000162	/home/user/wangyuhan/ML-GV02-03/data/raw/design/GvpA.fasta	WP_215820231.1	WP_215820231.1 MULTISPECIES: gas vesicle structural protein GvpA [Zooshikella]	f2eb1efff0bc22bf511d7abe25340b374cb0b499c08c0e5b5016a140d3727bb3	72	True	False	exact_duplicate
ref_000163	/home/user/wangyuhan/ML-GV02-03/data/raw/design/GvpA.fasta	WP_407312170.1	WP_407312170.1 gas vesicle structural protein GvpA [Desulfosporosinus paludis]	2b3e3d2d5bed050505a18c825d05bdeef9ed0a305324a5ff0a3ab44addd80e16	70	True	False	exact_duplicate
ref_000164	/home/user/wangyuhan/ML-GV02-03/data/raw/design/GvpA.fasta	WP_407039562.1	WP_407039562.1 gas vesicle protein GvpA [Halovalidus salilacus]	7d8f193406ee761e1417644f12663163f20f02aa96aa9ac9a3e9967ae45736db	95	True	False	exact_duplicate
ref_000165	/home/user/wangyuhan/ML-GV02-03/data/raw/design/GvpA.fasta	WP_406944744.1	WP_406944744.1 gas vesicle structural protein GvpA [Halobacillus sp. SY10]	61cb6f10b13fb11f910f8f21d07836e35e17affcc38af420a8aad2bdf75ef91c	97	True	False	exact_duplicate
ref_000166	/home/user/wangyuhan/ML-GV02-03/data/raw/design/GvpA.fasta	WP_406606980.1	WP_406606980.1 gas vesicle structural protein GvpA [Candidatus Infernicultor aquiphilus]	b81aa32b17d671599bc2c9e361c85b3574906f3e79199d11c11f01091914c22e	69	True	False	exact_duplicate
ref_000167	/home/user/wangyuhan/ML-GV02-03/data/raw/design/GvpA.fasta	WP_404455754.1	WP_404455754.1 gas vesicle structural protein GvpA [Virgibacillus necropolis]	42ca32a46ff9fbfe04b03849517149d6e08810007705041d2c8b3b34d20375bb	93	True	False	exact_duplicate
ref_000168	/home/user/wangyuhan/ML-GV02-03/data/raw/design/GvpA.fasta	WP_404405697.1	WP_404405697.1 gas vesicle structural protein GvpA [Jeotgalibacillus malaysiensis]	a6d518bf56b5cafab96ad5614138c302b7592dbeed2603e0b2367a1fa9195b51	88	True	False	exact_duplicate
ref_000169	/home/user/wangyuhan/ML-GV02-03/data/raw/design/GvpA.fasta	WP_224944266.1	WP_224944266.1 MULTISPECIES: gas vesicle structural protein GvpA [Rossellomorea]	509311e69b214d9f94e73b22f61d8fe5ca6761a790311b2da756f7aacf9bbd78	86	True	False	exact_duplicate
ref_000170	/home/user/wangyuhan/ML-GV02-03/data/raw/design/GvpA.fasta	WP_231183142.1	WP_231183142.1 MULTISPECIES: gas vesicle protein GvpA [unclassified Haladaptatus]	f87e80c34ba5c8c8909bbdd240615676baff89720ec7c271d2c949964d53bfc2	87	True	False	exact_duplicate
ref_000171	/home/user/wangyuhan/ML-GV02-03/data/raw/design/GvpA.fasta	WP_062441008.1	WP_062441008.1 MULTISPECIES: gas vesicle structural protein GvpA [Thalassobacillus]	7a296141a2788c2145e9831dd2e14af2845f1b10362686045dd37b12e3d675db	96	True	False	exact_duplicate
ref_000172	/home/user/wangyuhan/ML-GV02-03/data/raw/design/GvpA.fasta	WP_394342364.1	WP_394342364.1 gas vesicle protein GvpA [Salinigranum rubrum]	38b03f42eea75fbcc3e05c70be0e2c7ed52af564e56f9e4974caed8e9dd2d76f	97	True	False	exact_duplicate
ref_000173	/home/user/wangyuhan/ML-GV02-03/data/raw/design/GvpA.fasta	WP_394079722.1	WP_394079722.1 gas vesicle structural protein GvpA [Roseixanthobacter finlandensis]	38a86b2caad8351d20f84009e4f3fadc81641af9267c4634244814993c1e259b	70	True	False	exact_duplicate
ref_000174	/home/user/wangyuhan/ML-GV02-03/data/raw/design/GvpA.fasta	WP_392535573.1	WP_392535573.1 gas vesicle structural protein GvpA [Nostoc sp. C117]	4ba0a2c8ff48af80e17ea4e45f1da9493a8864d39f451200f163ff2e561d2b6f	71	True	False	exact_duplicate
ref_000175	/home/user/wangyuhan/ML-GV02-03/data/raw/design/GvpA.fasta	WP_122090611.1	WP_122090611.1 MULTISPECIES: gas vesicle protein GvpA [Halalkalicoccus]	63e94d96149b61e3547fb620a3561727505e40a05520085d6a7b53eda6afbc7c	87	True	False	exact_duplicate
ref_000176	/home/user/wangyuhan/ML-GV02-03/data/raw/design/GvpA.fasta	WP_390306325.1	WP_390306325.1 gas vesicle structural protein GvpA [Virgibacillus sediminis]	1221e51a70c9226dfb5b8f5c0eaea31f8d82a2bbe997fe275036cddfc6893f45	90	True	False	exact_duplicate
ref_000177	/home/user/wangyuhan/ML-GV02-03/data/raw/design/GvpA.fasta	WP_390283382.1	WP_390283382.1 gas vesicle protein GvpA [Haloarchaeobius amylolyticus]	4f76b230eb60279eb5dd9727b6fef53befa7b01de4543a47effc9d7219b9b6ea	95	True	False	exact_duplicate
ref_000178	/home/user/wangyuhan/ML-GV02-03/data/raw/design/GvpA.fasta	WP_390271558.1	WP_390271558.1 gas vesicle structural protein GvpA [Virgibacillus xinjiangensis]	044a3e6477173de21b191f88651098a6ddd5f3ea0f8288b883ad9f9d97c83ee6	90	True	False	exact_duplicate
ref_000179	/home/user/wangyuhan/ML-GV02-03/data/raw/design/GvpA.fasta	WP_204418811.1	WP_204418811.1 MULTISPECIES: gas vesicle structural protein GvpA [Bacillaceae]	7d8900b1fc48c317aebbade0a9e0f037e7f876e05e79fe26074fd735c2e3217a	86	True	False	exact_duplicate
ref_000180	/home/user/wangyuhan/ML-GV02-03/data/raw/design/GvpA.fasta	WP_386062796.1	WP_386062796.1 gas vesicle structural protein GvpA [Thalassobacillus hwangdonensis]	044652cd2d2677de71ee3ad6b28cfb22905b65ba36cac1256c3f01e3fb5c37d9	85	True	False	exact_duplicate
ref_000181	/home/user/wangyuhan/ML-GV02-03/data/raw/design/GvpA.fasta	WP_253517921.1	WP_253517921.1 MULTISPECIES: gas vesicle protein GvpA [Halorussus]	6b94719ca1a990ee1d8f7fe4a2780bb99c98d3599cd6abe8080921d204b422e4	87	True	False	exact_duplicate
ref_000182	/home/user/wangyuhan/ML-GV02-03/data/raw/design/GvpA.fasta	WP_252487173.1	WP_252487173.1 MULTISPECIES: gas vesicle protein GvpA [Natrialbaceae]	943ce15fb7773fa3a769b10eef21ff74af8e9455a035ac627206a70f67094829	94	True	False	exact_duplicate
ref_000183	/home/user/wangyuhan/ML-GV02-03/data/raw/design/GvpA.fasta	WP_217628970.1	WP_217628970.1 MULTISPECIES: gas vesicle protein GvpA [Halopelagius]	970873de163a6ff8ee058480a3869a5416b54bf5594fe27fbb5156104085a425	88	True	False	exact_duplicate
ref_000184	/home/user/wangyuhan/ML-GV02-03/data/raw/design/GvpA.fasta	WP_380704376.1	WP_380704376.1 gas vesicle structural protein GvpA [Salinithrix halophila]	b258e8dfa1451eaa6d09e0b4add2594f4ff66808a1171e673e2a064015b0995e	87	True	False	exact_duplicate
ref_000185	/home/user/wangyuhan/ML-GV02-03/data/raw/design/GvpA.fasta	WP_379496047.1	WP_379496047.1 gas vesicle structural protein GvpA [Oceanobacillus longus]	2395590053bc57a3bac9a2197e4b3100849ac0586b18b27401acb2786f9ed738	91	True	False	exact_duplicate
ref_000186	/home/user/wangyuhan/ML-GV02-03/data/raw/design/GvpA.fasta	WP_168006768.1	WP_168006768.1 MULTISPECIES: gas vesicle structural protein GvpA [Bacillaceae]	37f01da4a984c4443e1dd0bfe4c45bcaf6d4dffa1a6de05841500833014bfa0a	87	True	False	exact_duplicate
ref_000188	/home/user/wangyuhan/ML-GV02-03/data/raw/design/GvpA.fasta	WP_377962562.1	WP_377962562.1 gas vesicle structural protein GvpA [Almyronema epifaneia]	0dcb405a364eae4db9c2e19b75732438619d866ca86f30cf78ac87bfd6ab062e	72	True	False	exact_duplicate
ref_000189	/home/user/wangyuhan/ML-GV02-03/data/raw/design/GvpA.fasta	WP_375796785.1	WP_375796785.1 gas vesicle protein GvpA [Halosegnis sp.]	440c141d3d83ed043c333614417693fd89f0dfdca16a4ae6872273ea898aeb50	76	True	False	exact_duplicate
ref_000190	/home/user/wangyuhan/ML-GV02-03/data/raw/design/GvpA.fasta	WP_375803144.1	WP_375803144.1 gas vesicle structural protein GvpA [Salinibacter sp.]	36d36d0c4f52b3ab32d367ff704271c4f22cce71b0e9625e3e2a6ce41c559470	73	True	False	exact_duplicate
ref_000191	/home/user/wangyuhan/ML-GV02-03/data/raw/design/GvpA.fasta	WP_375594093.1	WP_375594093.1 gas vesicle structural protein GvpA [Algihabitans albus]	476885d73f2103224b292d5d842a8afc0794641e93e8e2d399aaf3c10eaa833c	84	True	False	exact_duplicate
ref_000192	/home/user/wangyuhan/ML-GV02-03/data/raw/design/GvpA.fasta	WP_375535661.1	WP_375535661.1 gas vesicle structural protein GvpA [Alteribacillus sp. HJP-4]	4b81ad5ffa833d3eb41268ae249d1a9cca6a34f987f4c8eedd5e5477becf8871	88	True	False	exact_duplicate
ref_000193	/home/user/wangyuhan/ML-GV02-03/data/raw/design/GvpA.fasta	WP_375218407.1	WP_375218407.1 gas vesicle structural protein GvpA [Psychrobacillus sp. PGGUH221]	875f973318346cb3195c0e54e2957fb5e2b9705277fba1185a2959b7514f62fe	86	True	False	exact_duplicate
ref_000194	/home/user/wangyuhan/ML-GV02-03/data/raw/design/GvpA.fasta	WP_375007750.1	WP_375007750.1 gas vesicle structural protein GvpA [Alteribacillus sp. JSM 102045]	00b8d6bdf51c5322f38c2f3efbe74d4123230025049524b17afcbaf1d6459e63	90	True	False	exact_duplicate
ref_000195	/home/user/wangyuhan/ML-GV02-03/data/raw/design/GvpA.fasta	WP_044340217.1	WP_044340217.1 MULTISPECIES: gas vesicle structural protein GvpA [Rossellomorea]	4ce0c5155ea4669922bcb0230c9b672b1e80fe3a06ce66f3212edffea74321db	86	True	False	exact_duplicate
ref_000196	/home/user/wangyuhan/ML-GV02-03/data/raw/design/GvpA.fasta	WP_373674330.1	WP_373674330.1 gas vesicle protein GvpA [Halopenitus sp. H-Gu1]	5d20f105b230fcb464d172f5f60beb5d3a0433f4d04c11d7e3b12442a0876f1f	78	True	False	exact_duplicate
ref_000197	/home/user/wangyuhan/ML-GV02-03/data/raw/design/GvpA.fasta	WP_373618838.1	WP_373618838.1 gas vesicle protein GvpA [Natrinema sp. HArc-T2]	92d7d81f95603487cd9c2e6f2b9a057290f97368162a627c34d4db46064b5d78	95	True	False	exact_duplicate
ref_000198	/home/user/wangyuhan/ML-GV02-03/data/raw/design/GvpA.fasta	WP_373411272.1	WP_373411272.1 gas vesicle structural protein GvpA [Yoonia sp.]	d510c78ee6fcdf216c53533c629c59216f4c727253280f4b8b6d62982d117c64	70	True	False	exact_duplicate
ref_000199	/home/user/wangyuhan/ML-GV02-03/data/raw/design/GvpA.fasta	WP_372960227.1	WP_372960227.1 gas vesicle structural protein GvpA [Methanoregula sp.]	699456ca14dc91b530821beaa7818b79ebdfa0de3b88f656f2ee36232fad8dba	70	True	False	exact_duplicate
ref_000200	/home/user/wangyuhan/ML-GV02-03/data/raw/design/GvpA.fasta	WP_267662982.1	WP_267662982.1 MULTISPECIES: gas vesicle protein GvpA [Halorubrum]	4f811102c58fb8e77080f5dd3e87eca3f86feb91a847119b6ffe487ef0fe11f1	78	True	False	exact_duplicate
ref_000201	/home/user/wangyuhan/ML-GV02-03/data/raw/design/GvpA.fasta	WP_299881917.1	WP_299881917.1 gas vesicle structural protein GvpA [Sulfitobacter rhodophyticola]	d8adf42b87bd05b02f3cc763ff67149aa0c8b5efa9a22382983adb8ec3fcbe16	70	True	False	exact_duplicate
ref_000202	/home/user/wangyuhan/ML-GV02-03/data/raw/design/GvpA.fasta	WP_149081285.1	WP_149081285.1 MULTISPECIES: gas vesicle protein GvpA [Natrialbaceae]	b47c8eec954491beb71449c63366fd48ba5dce86743a074cbdbe978a2a2b450c	95	True	False	exact_duplicate
ref_000203	/home/user/wangyuhan/ML-GV02-03/data/raw/design/GvpA.fasta	WP_219165518.1	WP_219165518.1 MULTISPECIES: gas vesicle structural protein GvpA [Bacillaceae]	ce3165ca201b0c8e2c6c06c285e1bdb19d53d60ee32c4a51fbe5f2bfea086a03	86	True	False	exact_duplicate
ref_000204	/home/user/wangyuhan/ML-GV02-03/data/raw/design/GvpA.fasta	WP_367750907.1	WP_367750907.1 gas vesicle structural protein GvpA [Ammoniphilus sp. 3BR4]	99653906bbbaa3567e58037ebc89d71df155e279b2e9b7a7a4293bfa01ad6bd8	82	True	False	exact_duplicate
ref_000205	/home/user/wangyuhan/ML-GV02-03/data/raw/design/GvpA.fasta	WP_280768082.1	WP_280768082.1 gas vesicle structural protein GvpA [Salipaludibacillus daqingensis]	286c7b97c4455a336f39e36553f7844c3b74abba1732c3052c87b33408672ad3	88	True	False	exact_duplicate
ref_000206	/home/user/wangyuhan/ML-GV02-03/data/raw/design/GvpA.fasta	WP_218806347.1	WP_218806347.1 MULTISPECIES: gas vesicle structural protein GvpA [unclassified Methylococcus]	bb09971e1315fce64b6ebe60ab918eb13f4e62c370d2b46304d7bccf3b3ead2c	72	True	False	exact_duplicate
ref_000207	/home/user/wangyuhan/ML-GV02-03/data/raw/design/GvpA.fasta	WP_054470142.1	WP_054470142.1 MULTISPECIES: gas vesicle structural protein GvpA [Planktothricoides]	0e91ce29d8018f1f6bc63564bb43e1bf4a485fe22bc7a713e9a2e0a3b6c8385c	71	True	False	exact_duplicate
ref_000208	/home/user/wangyuhan/ML-GV02-03/data/raw/design/GvpA.fasta	WP_353564278.1	WP_353564278.1 gas vesicle structural protein GvpA [Longimonas sp.]	731f8990c8cbea086350a016d4c0cac3104af7266cbadfed7c66df5ef588aa95	73	True	False	exact_duplicate
ref_000209	/home/user/wangyuhan/ML-GV02-03/data/raw/design/GvpA.fasta	WP_342809826.1	WP_342809826.1 gas vesicle protein GvpA [Natronosalvus hydrolyticus]	004ac7839755349473240380f645fff65b298b81cd7212d8be9f25d268874df0	94	True	False	exact_duplicate
ref_000210	/home/user/wangyuhan/ML-GV02-03/data/raw/design/GvpA.fasta	WP_339102459.1	WP_339102459.1 gas vesicle protein GvpA [Haloterrigena salinisoli]	07f90c8c92dbdb92b94e1c4becf058d78867504d7c200a8ac59420a67443e648	95	True	False	exact_duplicate
ref_000211	/home/user/wangyuhan/ML-GV02-03/data/raw/design/GvpA.fasta	WP_338727022.1	WP_338727022.1 gas vesicle protein GvpA [Haladaptatus sp. DJG-WS-42]	5c03f7861ccf36dc05336cbb110d6b9466b83c837a45b4254d8ee83f1acb7937	84	True	False	exact_duplicate
ref_000212	/home/user/wangyuhan/ML-GV02-03/data/raw/design/GvpA.fasta	WP_338007780.1	WP_338007780.1 gas vesicle protein GvpA [Natronoglomus mannanivorans]	4cea385a8794a0b112c3718b48635d7251fd2b54c59d9aaf7a1aa68ef55f0934	94	True	False	exact_duplicate
ref_000213	/home/user/wangyuhan/ML-GV02-03/data/raw/design/GvpA.fasta	WP_338001785.1	WP_338001785.1 gas vesicle protein GvpA [Natronoglomus mannanivorans]	4e9e86277af05dbd050d6026de986c169c801caeb1df279e98d79b71f7f662b6	94	True	False	exact_duplicate
ref_000214	/home/user/wangyuhan/ML-GV02-03/data/raw/design/GvpA.fasta	WP_336343652.1	WP_336343652.1 gas vesicle protein GvpA [Halalkalicoccus ordinarius]	65113288b099887ef152fd6bb6ea78fe9b22499732ef2573c3ce4e6c82f19f7b	95	True	False	exact_duplicate
ref_000215	/home/user/wangyuhan/ML-GV02-03/data/raw/design/GvpA.fasta	WP_332897853.1	WP_332897853.1 MULTISPECIES: gas vesicle protein GvpA [unclassified Haladaptatus]	0a6194eed91a047cb43e42df86660279db231e8e43de2021d1f6bd61c0de9318	84	True	False	exact_duplicate
ref_000216	/home/user/wangyuhan/ML-GV02-03/data/raw/design/GvpA.fasta	WP_332321129.1	WP_332321129.1 gas vesicle protein GvpA [Halodesulfurarchaeum sp.]	ea5746ec582bf06f4e03026eb672c30524a41db3d8f7504c2c6530701baaefa7	72	True	False	exact_duplicate
ref_000217	/home/user/wangyuhan/ML-GV02-03/data/raw/design/GvpA.fasta	WP_331236528.1	WP_331236528.1 gas vesicle protein GvpA [Natronorarus salvus]	1a264ded2f369ea42fdd34a334cd2ef3dc4ba698cda2beaf20dcacfe667afa25	89	True	False	exact_duplicate
ref_000218	/home/user/wangyuhan/ML-GV02-03/data/raw/design/GvpA.fasta	WP_331233287.1	WP_331233287.1 gas vesicle protein GvpA [Natronorarus salvus]	edf12e96625a3cd498543a51165a1fe2582809ab9abb59ead2892e6153bce04a	86	True	False	exact_duplicate
ref_000219	/home/user/wangyuhan/ML-GV02-03/data/raw/design/GvpA.fasta	WP_313692695.1	WP_313692695.1 gas vesicle protein GvpA [Halorarum halobium]	d9b751580230ca0e5773c57e4ce813ad00b52f3d761de387a4ceb48a8b983c68	85	True	False	exact_duplicate
ref_000220	/home/user/wangyuhan/ML-GV02-03/data/raw/design/GvpA.fasta	WP_312909280.1	WP_312909280.1 gas vesicle protein GvpA [Natronosalvus caseinilyticus]	4d4e00d31d935ed0527dea10b018697cb7c3f72bf199a24b36075804bc95f4cd	95	True	False	exact_duplicate
ref_000221	/home/user/wangyuhan/ML-GV02-03/data/raw/design/GvpA.fasta	WP_310927095.1	WP_310927095.1 gas vesicle protein GvpA [Halogeometricum luteum]	0f59cf2a0c4bb65bd34372f8a393246c8ce3799ace769f49a02adab3a57f84c2	91	True	False	exact_duplicate
ref_000222	/home/user/wangyuhan/ML-GV02-03/data/raw/design/GvpA.fasta	WP_310905889.1	WP_310905889.1 gas vesicle protein GvpA [Natrinema sp. 1APR25-10V2]	4132d6e9996d37d7483a43399d0cf509931b6bc7ffe8affe4d8014ed5a994667	92	True	False	exact_duplicate
ref_000223	/home/user/wangyuhan/ML-GV02-03/data/raw/design/GvpA.fasta	WP_306756674.1	WP_306756674.1 gas vesicle protein GvpA [Natronolimnohabitans sp. A-GB9]	fca422d4ddd5dcd65605aca73a48825de01049d9d8a1773ef99115068238d3f9	96	True	False	exact_duplicate
ref_000224	/home/user/wangyuhan/ML-GV02-03/data/raw/design/GvpA.fasta	WP_306059442.1	WP_306059442.1 gas vesicle protein GvpA [Natronococcus wangiae]	d4bbfd09a62903f1dd61a6f9ad8db51b9835b18fbf9766c780f6719f9f1e9643	94	True	False	exact_duplicate
ref_000225	/home/user/wangyuhan/ML-GV02-03/data/raw/design/GvpA.fasta	WP_304447146.1	WP_304447146.1 gas vesicle protein GvpA [Halomarina ordinaria]	fd90bc846ac4fc169df6b72c6d79f22f65e19b6288aa31b62ee0ef2b7fbcbd95	92	True	False	exact_duplicate
ref_000226	/home/user/wangyuhan/ML-GV02-03/data/raw/design/GvpA.fasta	WP_296608059.1	WP_296608059.1 gas vesicle protein GvpA [Methanothrix sp.]	6cb2a4a67fad0b3f22b180db738bb3f59efd73950cd7b341fdf1ef17aafa121f	74	True	False	exact_duplicate
ref_000227	/home/user/wangyuhan/ML-GV02-03/data/raw/design/GvpA.fasta	WP_292371610.1	WP_292371610.1 MULTISPECIES: gas vesicle protein GvpA [unclassified Methanosarcina]	340bf83afc765d1b00fdd15c36a88211b6ccc7b1557c106bec83457cd9bb095b	78	True	False	exact_duplicate
ref_000228	/home/user/wangyuhan/ML-GV02-03/data/raw/design/GvpA.fasta	WP_290814024.1	WP_290814024.1 gas vesicle protein GvpA [Halovivax sp.]	833a1708482ad34125e281ec9a7bb5ff185d6b74e637c9a4e71748011be93051	98	True	False	exact_duplicate
ref_000229	/home/user/wangyuhan/ML-GV02-03/data/raw/design/GvpA.fasta	WP_286046597.1	WP_286046597.1 gas vesicle protein GvpA [Halalkalicoccus sp. NIPERK01]	0aeb545239a28bae61f99fbd60bce02d7f124f3277108fc0d913126d6222ba8b	86	True	False	exact_duplicate
ref_000230	/home/user/wangyuhan/ML-GV02-03/data/raw/design/GvpA.fasta	WP_286043823.1	WP_286043823.1 gas vesicle protein GvpA [Halalkalicoccus sp. NIPERK01]	ce5dc523b5749c0ad99a93b9d53e7343c2df1a582dcc1045a1caf959b34254dd	87	True	False	exact_duplicate
ref_000231	/home/user/wangyuhan/ML-GV02-03/data/raw/design/GvpA.fasta	WP_285927312.1	WP_285927312.1 gas vesicle protein GvpA [Natrialbaceae archaeon AArc-T1-2]	9fda348180c612303cdb7da49eec263f1c4a969cd97d7811ee7730f5dc5f4d4e	95	True	False	exact_duplicate
ref_000233	/home/user/wangyuhan/ML-GV02-03/data/raw/design/GvpA.fasta	WP_283836894.1	WP_283836894.1 gas vesicle protein GvpA [Halostagnicola sp. A-GB9-2]	0145b7d0415b25474bf7a3c8e0a8c493009e798905f413a70669e51a92c9c25b	95	True	False	exact_duplicate
ref_000234	/home/user/wangyuhan/ML-GV02-03/data/raw/design/GvpA.fasta	WP_278293264.1	WP_278293264.1 gas vesicle protein GvpA [Natronococcus sp. A-GB1]	64b87c36790fe3acd4baa751c7e30662ba7fd5dddd03a8f17f2a097d90e9a793	94	True	False	exact_duplicate
ref_000235	/home/user/wangyuhan/ML-GV02-03/data/raw/design/GvpA.fasta	WP_276835635.1	WP_276835635.1 gas vesicle protein GvpA [Methanothrix soehngenii]	0da4fc315e8c5fa1925fb0764a91af43de57873340a143b142e0b66ac5307abb	76	True	False	exact_duplicate
ref_000236	/home/user/wangyuhan/ML-GV02-03/data/raw/design/GvpA.fasta	WP_276835632.1	WP_276835632.1 gas vesicle protein GvpA [Methanothrix soehngenii]	62b65b4bdaad5382b6fd1a8fe84b861f9f2785c845ef6d5232a5858759e89434	76	True	False	exact_duplicate
ref_000237	/home/user/wangyuhan/ML-GV02-03/data/raw/design/GvpA.fasta	WP_276835630.1	WP_276835630.1 gas vesicle protein GvpA [Methanothrix soehngenii]	644a625ed987b37152d8accd5afc91e83fbb7aa608bf5b736cb83e597789259b	76	True	False	exact_duplicate
ref_000238	/home/user/wangyuhan/ML-GV02-03/data/raw/design/GvpA.fasta	WP_276304827.1	WP_276304827.1 gas vesicle protein GvpA [Halomarina halobia]	3dd2d389f45d6f0511d21268defb0f34c51a26455c8e3504fb137cf688b87ebe	93	True	False	exact_duplicate
ref_000239	/home/user/wangyuhan/ML-GV02-03/data/raw/design/GvpA.fasta	WP_276254240.1	WP_276254240.1 gas vesicle protein GvpA [Halomontanus rarus]	bf00fc1bb4a6bea076a5150d4d94cbb2a3a41994343dd8761a39ebcf83a45c14	95	True	False	exact_duplicate
ref_000240	/home/user/wangyuhan/ML-GV02-03/data/raw/design/GvpA.fasta	WP_276245661.1	WP_276245661.1 MULTISPECIES: gas vesicle protein GvpA [unclassified Haladaptatus]	1f1d6fdb82f348ed948e69813ca969e1811e69f665260cf74fa3f7a057c84e99	84	True	False	exact_duplicate
ref_000242	/home/user/wangyuhan/ML-GV02-03/data/raw/design/GvpA.fasta	WP_273740706.1	WP_273740706.1 gas vesicle protein GvpA [Natrinema soli]	fe2e069c7d192a9aa4be872c95d8c541ca761882f3f5cd67653cf6f33ac13f55	92	True	False	exact_duplicate
ref_000244	/home/user/wangyuhan/ML-GV02-03/data/raw/design/GvpA.fasta	WP_267643774.1	WP_267643774.1 gas vesicle protein GvpA [Haloarchaeobius amylolyticus]	98f6b86d7ec22351f58755ea2828f25a3b1ca8417fd303b5540b3d023933b12d	94	True	False	exact_duplicate
ref_000246	/home/user/wangyuhan/ML-GV02-03/data/raw/design/GvpA.fasta	WP_266077553.1	WP_266077553.1 gas vesicle protein GvpA [Haladaptatus caseinilyticus]	eb796c25a48cdf2ca2d4dadeba00b8fcbecdd1aafff9a5f2eef1c0b32866c085	82	True	False	exact_duplicate
ref_000247	/home/user/wangyuhan/ML-GV02-03/data/raw/design/GvpA.fasta	WP_266077548.1	WP_266077548.1 gas vesicle protein GvpA [Haladaptatus caseinilyticus]	c0248ec199ed97e6d9eeee75158f72893fb07d4dfcefe6acbbe62039698acf97	80	True	False	exact_duplicate
ref_000249	/home/user/wangyuhan/ML-GV02-03/data/raw/design/GvpA.fasta	WP_264182115.1	WP_264182115.1 gas vesicle protein GvpA [Natrinema amylolyticum]	b9de124a92fba0281b06c043a18713db03fec66b97dafd593654c7d8ee4bdae4	93	True	False	exact_duplicate
ref_000250	/home/user/wangyuhan/ML-GV02-03/data/raw/design/GvpA.fasta	WP_263019417.1	WP_263019417.1 gas vesicle protein GvpA [Natronobiforma cellulositropha]	140f5823a50b88bf41c9cf8f0ecce11b98c5f03d7189a529d0efadf5d087eb18	93	True	False	exact_duplicate
ref_000251	/home/user/wangyuhan/ML-GV02-03/data/raw/design/GvpA.fasta	WP_256531060.1	WP_256531060.1 gas vesicle protein GvpA [Halovivax cerinus]	461115b7000bfd74f56636de688b3e75d1a99451a35df65d49a6e139de49cbf1	96	True	False	exact_duplicate
ref_000252	/home/user/wangyuhan/ML-GV02-03/data/raw/design/GvpA.fasta	WP_256394859.1	WP_256394859.1 gas vesicle protein GvpA [Halohasta litorea]	941dc16f5af7d70127ae0c0e7203c2ef799137e2454fcbd39a483297c7446912	94	True	False	exact_duplicate
ref_000253	/home/user/wangyuhan/ML-GV02-03/data/raw/design/GvpA.fasta	WP_256392402.1	WP_256392402.1 gas vesicle protein GvpA [Natronoarchaeum rubrum]	bc61cfaf37743c96bcc099f173009a97501e9412f819aabc6f95ac7091dec987	93	True	False	exact_duplicate
ref_000254	/home/user/wangyuhan/ML-GV02-03/data/raw/design/GvpA.fasta	WP_255193947.1	WP_255193947.1 gas vesicle protein GvpA [Natronobeatus ordinarius]	fa2383cbfbff83286c6190e5f9ab210e692563b8c092e007a6f07b929ad5936a	96	True	False	exact_duplicate
ref_000255	/home/user/wangyuhan/ML-GV02-03/data/raw/design/GvpA.fasta	WP_255167832.1	WP_255167832.1 gas vesicle protein GvpA [Natrononativus amylolyticus]	0ae199fc6d044a2da1351509b524fc07b4da56bff0ab0a0763d56a10601c206a	95	True	False	exact_duplicate
ref_000256	/home/user/wangyuhan/ML-GV02-03/data/raw/design/GvpA.fasta	WP_254863316.1	WP_254863316.1 gas vesicle protein GvpA [Halovivax gelatinilyticus]	dca06c4ca76aafac96e935b72d0eee29c4619e4488f965d6467f9755e642ab6b	97	True	False	exact_duplicate
ref_000257	/home/user/wangyuhan/ML-GV02-03/data/raw/design/GvpA.fasta	WP_254765721.1	WP_254765721.1 gas vesicle protein GvpA [Salinilacihabitans rarus]	c7cb28cf54b6a88ff785e5323cd1bdbffa96279c0b39492eeb6a14c7568905bc	99	True	False	exact_duplicate
ref_000258	/home/user/wangyuhan/ML-GV02-03/data/raw/design/GvpA.fasta	WP_254545002.1	WP_254545002.1 gas vesicle protein GvpA [Halomarina pelagica]	5577d4ac8367231fcec50f83da91db8ca882c0dc8629ac4a66b76fa0e8de5f57	93	True	False	exact_duplicate
ref_000259	/home/user/wangyuhan/ML-GV02-03/data/raw/design/GvpA.fasta	WP_254535116.1	WP_254535116.1 gas vesicle protein GvpA [Halomarina litorea]	c5a4c69d0879da5e661497a4711c5ba745137829a29919810698fe674bd10d27	97	True	False	exact_duplicate
ref_000260	/home/user/wangyuhan/ML-GV02-03/data/raw/design/GvpA.fasta	WP_254532508.1	WP_254532508.1 gas vesicle protein GvpA [Natrinema gelatinilyticum]	d6e9dabc7155ae370ddb09e0bae20bdbc48caa253ce39756dca03bc4a0e50d8b	95	True	False	exact_duplicate
ref_000261	/home/user/wangyuhan/ML-GV02-03/data/raw/design/GvpA.fasta	WP_254525374.1	WP_254525374.1 gas vesicle protein GvpA [Natrinema caseinilyticum]	05a00477d12701f3890c1dd96656653d2f67adee9a1f126760ee634cb9b35334	95	True	False	exact_duplicate
ref_000262	/home/user/wangyuhan/ML-GV02-03/data/raw/design/GvpA.fasta	WP_254160480.1	WP_254160480.1 gas vesicle protein GvpA [Natronosalvus rutilus]	75679c0d4db585656573044908e13a67effd912339ddc8eec2ed6e7a995e9417	92	True	False	exact_duplicate
ref_000263	/home/user/wangyuhan/ML-GV02-03/data/raw/design/GvpA.fasta	WP_253738026.1	WP_253738026.1 gas vesicle protein GvpA [Halohasta salina]	2ef2790cebd0bc14e528c3f6696d3996539acc6ce896e57e9e44a6afff83563c	94	True	False	exact_duplicate
ref_000264	/home/user/wangyuhan/ML-GV02-03/data/raw/design/GvpA.fasta	WP_253437521.1	WP_253437521.1 MULTISPECIES: gas vesicle protein GvpA [Natronosalvus]	8d29ff35edf68fc809deca67c394601f9988a9628d0099af15ed1cb1d44b7a5f	95	True	False	exact_duplicate
ref_000265	/home/user/wangyuhan/ML-GV02-03/data/raw/design/GvpA.fasta	WP_253430212.1	WP_253430212.1 gas vesicle protein GvpA [Natronosalvus halobius]	ee10b37a92559cba1989732ac44f05e8bde57068b78b573e193360b62d897bf7	92	True	False	exact_duplicate
ref_000266	/home/user/wangyuhan/ML-GV02-03/data/raw/design/GvpA.fasta	WP_252700730.1	WP_252700730.1 gas vesicle protein GvpA [Natronosalvus vescus]	f49fe3672d6fdfda7cc7ec0b9a4f54af44ee8f53326ed5f3c0b281e5a61cd93b	95	True	False	exact_duplicate
ref_000267	/home/user/wangyuhan/ML-GV02-03/data/raw/design/GvpA.fasta	WP_250874940.1	WP_250874940.1 gas vesicle protein GvpA [Halomarina rubra]	53979ea823175001b77b6bbf60f4288bd1629111bcc1c87c4ca10c6e175c17e6	95	True	False	exact_duplicate
ref_000268	/home/user/wangyuhan/ML-GV02-03/data/raw/design/GvpA.fasta	WP_250872509.1	WP_250872509.1 gas vesicle protein GvpA [Halomarina rubra]	84eddb9c9ecca10afd5a775c11e3d7bab42a1aff8c6bad25b1b013a542f3bc54	99	True	False	exact_duplicate
ref_000269	/home/user/wangyuhan/ML-GV02-03/data/raw/design/GvpA.fasta	WP_250139719.1	WP_250139719.1 MULTISPECIES: gas vesicle protein GvpA [Halosolutus]	a7791ad55c70e7fd346219c5a78230165d2e97e2e807cb98c29fac4b45d5a0de	95	True	False	exact_duplicate
ref_000271	/home/user/wangyuhan/ML-GV02-03/data/raw/design/GvpA.fasta	WP_248905493.1	WP_248905493.1 gas vesicle protein GvpA [Halocatena marina]	e38f9994094842734a9646ac09c5e24019856960bca5d05986072a34d720515a	92	True	False	exact_duplicate
ref_000272	/home/user/wangyuhan/ML-GV02-03/data/raw/design/GvpA.fasta	WP_247995707.1	WP_247995707.1 gas vesicle protein GvpA [Halocatena salina]	a7ccf9f8dd2634fb8865a974bed75f2eb951c05b029415bc1b95e882706a1adf	92	True	False	exact_duplicate
ref_000273	/home/user/wangyuhan/ML-GV02-03/data/raw/design/GvpA.fasta	WP_247729007.1	WP_247729007.1 gas vesicle protein GvpA [Halovivax limisalsi]	2257aec2c4abeff42ec43bfebdc376d024c4499995e46a6ba2ec53fff8ad6556	97	True	False	exact_duplicate
ref_000274	/home/user/wangyuhan/ML-GV02-03/data/raw/design/GvpA.fasta	WP_247416651.1	WP_247416651.1 gas vesicle protein GvpA [Halomarina salina]	0a5813d34fb4f832fd7d9748d68c12fae82607f9da230322e66fab8afe74727b	95	True	False	exact_duplicate
ref_000275	/home/user/wangyuhan/ML-GV02-03/data/raw/design/GvpA.fasta	WP_247001169.1	WP_247001169.1 gas vesicle protein GvpA [Halosolutus gelatinilyticus]	a49cfe7d33cec22c39058e6f0aa13a93c8f0dfff7754574197d17888f1fc55ff	95	True	False	exact_duplicate
ref_000276	/home/user/wangyuhan/ML-GV02-03/data/raw/design/GvpA.fasta	WP_246971313.1	WP_246971313.1 gas vesicle protein GvpA [Natribaculum luteum]	36bb407811468e3b13d90e626301deeb01927eea89c4e17ceb13648826572d8f	100	True	False	exact_duplicate
ref_000278	/home/user/wangyuhan/ML-GV02-03/data/raw/design/GvpA.fasta	WP_229388838.1	WP_229388838.1 MULTISPECIES: gas vesicle protein GvpA [unclassified Methanosarcina]	7a11e816ce4f33f127ab672bd7fd1e087ce3ae422a271ad4ba9ba60d9ffcbb18	79	True	False	exact_duplicate
ref_000279	/home/user/wangyuhan/ML-GV02-03/data/raw/design/GvpA.fasta	WP_227775558.1	WP_227775558.1 gas vesicle protein GvpA [Haladaptatus pallidirubidus]	abe747a6a02da3a854f904f55ae2e270b0dcfdd0a91bb243b8122f76ca1b6701	86	True	False	exact_duplicate
ref_000280	/home/user/wangyuhan/ML-GV02-03/data/raw/design/GvpA.fasta	WP_227380740.1	WP_227380740.1 gas vesicle protein GvpA [Haladaptatus halobius]	04e4c15b93bd18832d3624d3cab0dd8efc526ba0885dbef36d4312b17746e305	84	True	False	exact_duplicate
ref_000281	/home/user/wangyuhan/ML-GV02-03/data/raw/design/GvpA.fasta	WP_227373847.1	WP_227373847.1 gas vesicle protein GvpA [Haladaptatus halobius]	b14fdba1c12c78ac448516578d86300dcd54343b45823a68083ccd180c8caf83	84	True	False	exact_duplicate
ref_000282	/home/user/wangyuhan/ML-GV02-03/data/raw/design/GvpA.fasta	WP_227354244.1	WP_227354244.1 gas vesicle protein GvpA [Haladaptatus salinisoli]	161cd7e3295f80b2452b83f5cd010d94c013909fe0747f2f6b00f5f4bb0eaa2c	84	True	False	exact_duplicate
ref_000283	/home/user/wangyuhan/ML-GV02-03/data/raw/design/GvpA.fasta	WP_227132931.1	WP_227132931.1 gas vesicle protein GvpA [Halorubellus salinus]	27cf1e5aac6ec3dd931dff21f72095eed48d09c3f568003ed3775261bc0e6122	76	True	False	exact_duplicate
ref_000284	/home/user/wangyuhan/ML-GV02-03/data/raw/design/GvpA.fasta	WP_226041793.1	WP_226041793.1 gas vesicle protein GvpA [Natrinema sp. DC36]	d4ba65189ba86a477cc5ef0f66429d8e911333cad147cb074025253abb37da7f	92	True	False	exact_duplicate
ref_000285	/home/user/wangyuhan/ML-GV02-03/data/raw/design/GvpA.fasta	WP_226007125.1	WP_226007125.1 gas vesicle protein GvpA [Natrinema salinisoli]	a9c10692b45d32f772b49ae4400b85a55c24b3655085701096adf67a6d89a507	95	True	False	exact_duplicate
ref_000286	/home/user/wangyuhan/ML-GV02-03/data/raw/design/GvpA.fasta	WP_224447735.1	WP_224447735.1 gas vesicle protein GvpA [Haloprofundus salilacus]	c477483bf308ed286dafd66898b1afa93f47b811493f49b76b651d0d3dcb7403	87	True	False	exact_duplicate
ref_000287	/home/user/wangyuhan/ML-GV02-03/data/raw/design/GvpA.fasta	WP_224332750.1	WP_224332750.1 gas vesicle protein GvpA [Haloprofundus halobius]	e31d0685f6a3fa9a63fd6193f3d90958501acaa75a873ac24a4c438b68d2330c	90	True	False	exact_duplicate
ref_000288	/home/user/wangyuhan/ML-GV02-03/data/raw/design/GvpA.fasta	WP_224270101.1	WP_224270101.1 gas vesicle protein GvpA [Haloprofundus salinisoli]	0a9ee98cbcc2eabfac385b890fd7bc5f1682f6995b216b438dea5feb6bd62e2a	91	True	False	exact_duplicate
ref_000289	/home/user/wangyuhan/ML-GV02-03/data/raw/design/GvpA.fasta	WP_222918710.1	WP_222918710.1 gas vesicle protein GvpA [Natrinema sp. SYSU A 869]	4d722634e257d2a7d1338858bded9b52176fe2d51e0d0507a808dd93b62c2a49	95	True	False	exact_duplicate
ref_000290	/home/user/wangyuhan/ML-GV02-03/data/raw/design/GvpA.fasta	WP_220580832.1	WP_220580832.1 gas vesicle protein GvpA [Haloarcula nitratireducens]	3ca11356bba8d59e0a3715bee43b09845f1c7879f899f72959aa2bcf59603f68	93	True	False	exact_duplicate
ref_000291	/home/user/wangyuhan/ML-GV02-03/data/raw/design/GvpA.fasta	WP_218153787.1	WP_218153787.1 gas vesicle protein GvpA [Halopelagius inordinatus]	7d1d4ec0845163a487d66c420796f6482ca852eab0c9282b03fc0c125ba15dd8	88	True	False	exact_duplicate
ref_000292	/home/user/wangyuhan/ML-GV02-03/data/raw/design/GvpA.fasta	WP_207587676.1	WP_207587676.1 gas vesicle protein GvpA [Halomontanus rarus]	82e4660fb87f57daff301dfe4130bc4899fa88daf9461bb210d8b33d8160ea71	95	True	False	exact_duplicate
ref_000293	/home/user/wangyuhan/ML-GV02-03/data/raw/design/GvpA.fasta	WP_207289157.1	WP_207289157.1 gas vesicle protein GvpA [Haloterrigena alkaliphila]	4dc9c1477d3d6b181da7459081875eca89af9f16bfff711a31c8124578309943	95	True	False	exact_duplicate
ref_000294	/home/user/wangyuhan/ML-GV02-03/data/raw/design/GvpA.fasta	WP_207288917.1	WP_207288917.1 gas vesicle protein GvpA [Haloterrigena alkaliphila]	1aef09f774a1818b7e241a497f1019c8c5004db4b09485bc075fd1124e5b6cfb	96	True	False	exact_duplicate
ref_000295	/home/user/wangyuhan/ML-GV02-03/data/raw/design/GvpA.fasta	WP_207269842.1	WP_207269842.1 gas vesicle protein GvpA [Natrinema longum]	dbd11e06d90ad48401af88eed365b119c47a8a6791e5241aa2c7c16325b4a749	94	True	False	exact_duplicate
ref_000296	/home/user/wangyuhan/ML-GV02-03/data/raw/design/GvpA.fasta	WP_207269332.1	WP_207269332.1 gas vesicle protein GvpA [Natrinema longum]	1ed909a554bd91f8870f86101c7b69e680247a3cd2b0fa7e2abc3f136c712172	73	True	False	exact_duplicate
ref_000297	/home/user/wangyuhan/ML-GV02-03/data/raw/design/GvpA.fasta	WP_188786682.1	WP_188786682.1 gas vesicle protein GvpA [Halobellus salinus]	ac44a557fbffad89a437e1026e0c27f6123339c61d030f455ebf334321705841	72	True	False	exact_duplicate
ref_000298	/home/user/wangyuhan/ML-GV02-03/data/raw/design/GvpA.fasta	WP_181692579.1	WP_181692579.1 gas vesicle protein GvpA [Natronomonas sp. LN261]	4d627ec7ce40cceb1d25b3a543fe91316e6bb43c760ea864dc599f514738fc0f	78	True	False	exact_duplicate
ref_000299	/home/user/wangyuhan/ML-GV02-03/data/raw/design/GvpA.fasta	WP_179267280.1	WP_179267280.1 gas vesicle protein GvpA [Halorarum salinum]	4a610b8daff21e47628899f45527e056a293252b40315ad74c35fae02520e728	85	True	False	exact_duplicate
ref_000300	/home/user/wangyuhan/ML-GV02-03/data/raw/design/GvpA.fasta	WP_179259819.1	WP_179259819.1 gas vesicle protein GvpA [Natrinema halophilum]	bf5abb4d953e0d6aaa1f2b504bb07449e4a36340f9e5f7a959e4eda39973132d	95	True	False	exact_duplicate
ref_000301	/home/user/wangyuhan/ML-GV02-03/data/raw/design/GvpA.fasta	WP_179171077.1	WP_179171077.1 gas vesicle protein GvpA [Halorarum halophilum]	32fcf9c5b6202c499dc1a79030b4ef28d478a9d90e34a12676f797ac6b5f169d	88	True	False	exact_duplicate
ref_000302	/home/user/wangyuhan/ML-GV02-03/data/raw/design/GvpA.fasta	WP_179170132.1	WP_179170132.1 gas vesicle protein GvpA [Halorarum halophilum]	34e09ae9d7236edc844bd9d7cb469e7a24024a380d0d79604cbdba31a25abe91	85	True	False	exact_duplicate
ref_000303	/home/user/wangyuhan/ML-GV02-03/data/raw/design/GvpA.fasta	WP_178335387.1	WP_178335387.1 gas vesicle protein GvpA [Natronomonas salina]	7a647eeb22ff0d5a70c492e0cc4e2f6fa633b6f6ed86ea29d1c01f39229a5f62	97	True	False	exact_duplicate
ref_000304	/home/user/wangyuhan/ML-GV02-03/data/raw/design/GvpA.fasta	WP_174678802.1	WP_174678802.1 gas vesicle protein GvpA [Haloterrigena gelatinilytica]	05d62502987d9405b8afcb2a362db70fdbd68e573d229f7913ad099b24cf88c6	95	True	False	exact_duplicate
ref_000305	/home/user/wangyuhan/ML-GV02-03/data/raw/design/GvpA.fasta	WP_165161358.1	WP_165161358.1 gas vesicle protein GvpA [Natronolimnobius sp. AArcel1]	48f4fc548c0153a5775e2d82043989ed247fc9808988e192c6cac4754329cc1b	96	True	False	exact_duplicate
ref_000306	/home/user/wangyuhan/ML-GV02-03/data/raw/design/GvpA.fasta	WP_162413127.1	WP_162413127.1 gas vesicle protein GvpA [Haloarcula salina]	42d774e2b731f8e5de6ac1393aff775d6bee92ee1cc3dbf92e88a48dff3f6728	93	True	False	exact_duplicate
ref_000307	/home/user/wangyuhan/ML-GV02-03/data/raw/design/GvpA.fasta	WP_160063339.1	WP_160063339.1 gas vesicle protein GvpA [Natronorubrum halalkaliphilum]	0077c6cbf903d0b8013785e9c2d3858815e8c0423542a065d5cdb65ad21cfb84	96	True	False	exact_duplicate
ref_000308	/home/user/wangyuhan/ML-GV02-03/data/raw/design/GvpA.fasta	WP_158205683.1	WP_158205683.1 gas vesicle protein GvpA [Halomarina oriensis]	373d638b02f47e751a57c41721893eb012f9c8426d44eccf9a30d2d9afd3030c	95	True	False	exact_duplicate
ref_000309	/home/user/wangyuhan/ML-GV02-03/data/raw/design/GvpA.fasta	WP_158056335.1	WP_158056335.1 gas vesicle protein GvpA [Halorussus halophilus]	873dfd59523575571c0b5a852b23c36dbfdd894fd7b15dc4d7d0328398c94192	85	True	False	exact_duplicate
ref_000310	/home/user/wangyuhan/ML-GV02-03/data/raw/design/GvpA.fasta	WP_148860446.1	WP_148860446.1 gas vesicle protein GvpA [Natronococcus pandeyae]	3beea3bf721df3e90ae2c6d908b7aae76b4eaf09f5b646a01af8ad8019adf5be	94	True	False	exact_duplicate
ref_000311	/home/user/wangyuhan/ML-GV02-03/data/raw/design/GvpA.fasta	WP_145843683.1	WP_145843683.1 gas vesicle protein GvpA [Salarchaeum sp. JOR-1]	cac8cf4903b24e69aca846877fc06700a4c359f2f91bccf0bc18d01efd85d458	76	True	False	exact_duplicate
ref_000312	/home/user/wangyuhan/ML-GV02-03/data/raw/design/GvpA.fasta	WP_144261482.1	WP_144261482.1 gas vesicle protein GvpA [Haloglomus irregulare]	2a93193629740c6b70afaf073c3de7dac6d79ebf780c22b99addd3e1a8872350	76	True	False	exact_duplicate
ref_000313	/home/user/wangyuhan/ML-GV02-03/data/raw/design/GvpA.fasta	WP_141465890.1	WP_141465890.1 gas vesicle protein GvpA [Salinadaptatus halalkaliphilus]	dc6aa26cbe06c32b68c260b69a10a159aad675ed26e13576b1dcb701f11fe265	94	True	False	exact_duplicate
ref_000314	/home/user/wangyuhan/ML-GV02-03/data/raw/design/GvpA.fasta	WP_138780111.1	WP_138780111.1 gas vesicle protein GvpA [Haloterrigena sp. H1]	bda4e304d446361a159c993095577115b3473052d3000dd181865e8db68e4361	95	True	False	exact_duplicate
ref_000315	/home/user/wangyuhan/ML-GV02-03/data/raw/design/GvpA.fasta	WP_137291688.1	WP_137291688.1 gas vesicle protein GvpA [Natronorubrum halophilum]	7d45d6cf3df5d3d36985ffaae9b4dca4613dcc012597c5869c1497bfb7f7e173	95	True	False	exact_duplicate
ref_000316	/home/user/wangyuhan/ML-GV02-03/data/raw/design/GvpA.fasta	WP_135305013.1	WP_135305013.1 MULTISPECIES: gas vesicle protein GvpA [Haloarcula]	200ecff40f6b83ca60f947ac373e44b4fa429130e9e83ff16612f1f26cfc3724	93	True	False	exact_duplicate
ref_000317	/home/user/wangyuhan/ML-GV02-03/data/raw/design/GvpA.fasta	WP_130499831.1	WP_130499831.1 gas vesicle protein GvpA [Natrinema hispanicum]	1f7ab0dfc808b4ef03c3a3a7d3b7aff271b6b8d527a1dff74c65ce73a26aa483	95	True	False	exact_duplicate
ref_000318	/home/user/wangyuhan/ML-GV02-03/data/raw/design/GvpA.fasta	WP_129115144.1	WP_129115144.1 gas vesicle protein GvpA [Halegenticoccus tardaugens]	0e8669cb5fbefecf56bd1697b3d2dfc1f02ea47ac89f424acb6d55829e1f6a88	91	True	False	exact_duplicate
ref_000319	/home/user/wangyuhan/ML-GV02-03/data/raw/design/GvpA.fasta	WP_129113450.1	WP_129113450.1 gas vesicle protein GvpA [Halegenticoccus tardaugens]	0e5f42f63b697d7ae2522db4cc4e4b767a2f9bc60f48d1dbe33481842d755da4	91	True	False	exact_duplicate
ref_000321	/home/user/wangyuhan/ML-GV02-03/data/raw/design/GvpA.fasta	WP_124954518.1	WP_124954518.1 gas vesicle protein GvpA [Halocatena pleomorpha]	819a3c6792d744ecbd3df054e47bd22e8778614360a65140831dcca62f2baa9a	92	True	False	exact_duplicate
ref_000322	/home/user/wangyuhan/ML-GV02-03/data/raw/design/GvpA.fasta	WP_124194920.1	WP_124194920.1 gas vesicle protein GvpA [Natrarchaeobius chitinivorans]	74aacbad701be1598660e6ea3918fb6233e65fb0bdeacc530544ac385f3fcb28	95	True	False	exact_duplicate
ref_000323	/home/user/wangyuhan/ML-GV02-03/data/raw/design/GvpA.fasta	WP_124177937.1	WP_124177937.1 gas vesicle protein GvpA [Natrarchaeobius halalkaliphilus]	7ee1d64f80049d71603c3af6a49d66d0c0f9785517dba1e88c751b17d25cee31	95	True	False	exact_duplicate
ref_000324	/home/user/wangyuhan/ML-GV02-03/data/raw/design/GvpA.fasta	WP_121744691.1	WP_121744691.1 gas vesicle protein GvpA [Natronorubrum halophilum]	9ba949b2aab9e2be689813d4dd9d11381224286210801b51bf61c9dc7415dff2	95	True	False	exact_duplicate
ref_000325	/home/user/wangyuhan/ML-GV02-03/data/raw/design/GvpA.fasta	WP_121744350.1	WP_121744350.1 gas vesicle protein GvpA [Natronorubrum halophilum]	d1b057f953bd558c0457518dff2b0d5f7603c86a6714b7248bb19e85412d7a81	95	True	False	exact_duplicate
ref_000327	/home/user/wangyuhan/ML-GV02-03/data/raw/design/GvpA.fasta	WP_117592720.1	WP_117592720.1 MULTISPECIES: gas vesicle protein GvpA [Haloprofundus]	3e013aaa6defa9421798fff8e354ef30a45acf5afc839e06d7c6c6c1bded1ff1	90	True	False	exact_duplicate
ref_000328	/home/user/wangyuhan/ML-GV02-03/data/raw/design/GvpA.fasta	WP_117364027.1	WP_117364027.1 gas vesicle protein GvpA [Natrarchaeobaculum sulfurireducens]	ccd25408209dd226eaf95c9255ff0de12c04411c57c39f04faa95f79a7841930	94	True	False	exact_duplicate
ref_000329	/home/user/wangyuhan/ML-GV02-03/data/raw/design/GvpA.fasta	WP_114575686.1	WP_114575686.1 MULTISPECIES: gas vesicle protein GvpA [Saliphagus]	67dd37821af98e87666e5a31bf3f8cca05fbcdf425b9706e6853ca251f145d21	96	True	False	exact_duplicate
ref_000330	/home/user/wangyuhan/ML-GV02-03/data/raw/design/GvpA.fasta	WP_101296553.1	WP_101296553.1 gas vesicle protein GvpA [Halegenticoccus soli]	26dcc139685992f211f4708924a3a2106e0b1eedf1891ca88bb45b364bfe0ced	91	True	False	exact_duplicate
ref_000331	/home/user/wangyuhan/ML-GV02-03/data/raw/design/GvpA.fasta	WP_098726914.1	WP_098726914.1 MULTISPECIES: gas vesicle protein GvpA [Natrinema]	87d470267a8c16ab7df940fb92fc4a563e7753d63814e65247f4b39ca6166837	92	True	False	exact_duplicate
ref_000332	/home/user/wangyuhan/ML-GV02-03/data/raw/design/GvpA.fasta	WP_097380016.1	WP_097380016.1 gas vesicle protein GvpA [Natrinema ejinorense]	1eda5f35014077cd8e255895b81bcbbd3ddca329cac29a21a39478022f8aeb9d	94	True	False	exact_duplicate
ref_000333	/home/user/wangyuhan/ML-GV02-03/data/raw/design/GvpA.fasta	WP_097009060.1	WP_097009060.1 gas vesicle protein GvpA [Natronoarchaeum philippinense]	b872ca2d5a2d145dce354d36d77e70eb10a08b2055989b6d954f684f6957713d	90	True	False	exact_duplicate
ref_000334	/home/user/wangyuhan/ML-GV02-03/data/raw/design/GvpA.fasta	WP_095644993.1	WP_095644993.1 gas vesicle protein GvpA [Methanosarcina spelaei]	b3561a1e0242e2259486fe4e0fe24920cc0a6cfa37ee2d5ee0f4ab2b949738c6	76	True	False	exact_duplicate
ref_000335	/home/user/wangyuhan/ML-GV02-03/data/raw/design/GvpA.fasta	WP_095644610.1	WP_095644610.1 gas vesicle protein GvpA [Methanosarcina spelaei]	ede685c8031e89299cf7a422150732c34db87965882e0ac21561377ae427499f	76	True	False	exact_duplicate
ref_000337	/home/user/wangyuhan/ML-GV02-03/data/raw/design/GvpA.fasta	WP_092931071.1	WP_092931071.1 gas vesicle protein GvpA [Natrinema hispanicum]	d80e058d93177215aa4b827adc631f2a7322ab03a6cae75ab72c3d5738e3ecab	95	True	False	exact_duplicate
ref_000338	/home/user/wangyuhan/ML-GV02-03/data/raw/design/GvpA.fasta	WP_092903619.1	WP_092903619.1 gas vesicle protein GvpA [Halostagnicola kamekurae]	dbcea97f4e8354ba3556f158a30c55283df4e86ebf04d7cb671a0b5bc988481e	94	True	False	exact_duplicate
ref_000339	/home/user/wangyuhan/ML-GV02-03/data/raw/design/GvpA.fasta	WP_090618336.1	WP_090618336.1 gas vesicle protein GvpA [Natrinema salaciae]	81de2b78d291d512c1e2b89ae8836cdb922d557f92f68910cd6dc03255675b39	92	True	False	exact_duplicate
ref_000340	/home/user/wangyuhan/ML-GV02-03/data/raw/design/GvpA.fasta	WP_090613434.1	WP_090613434.1 gas vesicle protein GvpA [Natrinema salaciae]	9ca97034ea4d97950343fc033bf484179c8f92c0a6eacdd99f4c28a6aec2bc6e	94	True	False	exact_duplicate
ref_000341	/home/user/wangyuhan/ML-GV02-03/data/raw/design/GvpA.fasta	WP_090506853.1	WP_090506853.1 gas vesicle protein GvpA [Natronorubrum sediminis]	6b2c0d4d7468a9bb7cde732e238d1ac37ecf48b7594a4e6dd060ed6a29af1d8a	94	True	False	exact_duplicate
ref_000342	/home/user/wangyuhan/ML-GV02-03/data/raw/design/GvpA.fasta	WP_090381763.1	WP_090381763.1 gas vesicle protein GvpA [Natronobacterium texcoconense]	4b58b860e36e01bdb682367fbf44812eba6dd58e4e934c378bd9d6aadce1cc6b	95	True	False	exact_duplicate
ref_000343	/home/user/wangyuhan/ML-GV02-03/data/raw/design/GvpA.fasta	WP_090303974.1	WP_090303974.1 gas vesicle protein GvpA [Natronorubrum texcoconense]	d92cb9dcfcf48b731b50931bffc59d2a1f06a3ae808fdec2f664a3f0d1d9d321	95	True	False	exact_duplicate
ref_000344	/home/user/wangyuhan/ML-GV02-03/data/raw/design/GvpA.fasta	WP_090303661.1	WP_090303661.1 gas vesicle protein GvpA [Natronorubrum texcoconense]	57d11d6b58e3b78591e1768389256cd64c1e0161e57131810a0337f1ac2169de	95	True	False	exact_duplicate
ref_000345	/home/user/wangyuhan/ML-GV02-03/data/raw/design/GvpA.fasta	WP_089878752.1	WP_089878752.1 gas vesicle protein GvpA [Halogeometricum limi]	50547bc898f61f24df2523add228d653ee8b40ed98eed53b3ba22738f4493ddc	90	True	False	exact_duplicate
ref_000347	/home/user/wangyuhan/ML-GV02-03/data/raw/design/GvpA.fasta	WP_089805792.1	WP_089805792.1 MULTISPECIES: gas vesicle protein GvpA [Halogeometricum]	b28d4ac8e7cffa9c025926a8e11393955e2c916c71da146164fbf842c214385e	92	True	False	exact_duplicate
ref_000348	/home/user/wangyuhan/ML-GV02-03/data/raw/design/GvpA.fasta	WP_089671674.1	WP_089671674.1 gas vesicle protein GvpA [Halohasta litchfieldiae]	d15f613fad1b42703ddc1ccbd88fa6e754ed11b30dd462f8870eb398cdaad739	94	True	False	exact_duplicate
ref_000349	/home/user/wangyuhan/ML-GV02-03/data/raw/design/GvpA.fasta	WP_089386074.1	WP_089386074.1 gas vesicle protein GvpA [Halorubrum vacuolatum]	bf0dfc6c51956e5d54f7904eabcfda2aca05adff69b9fb1a544c2635718dc258	78	True	False	exact_duplicate
ref_000350	/home/user/wangyuhan/ML-GV02-03/data/raw/design/GvpA.fasta	WP_086886824.1	WP_086886824.1 gas vesicle protein GvpA [Natrarchaeobaculum aegyptiacum]	86af2bea85657bdc848aca42419445b798020105b889944f0f4a23c1f143c95c	93	True	False	exact_duplicate
ref_000351	/home/user/wangyuhan/ML-GV02-03/data/raw/design/GvpA.fasta	WP_076582330.1	WP_076582330.1 gas vesicle protein GvpA [Natronorubrum daqingense]	6681febe116459c77b18efad7fef5a7301d8814a9125f9ef8f9f141b621e879c	94	True	False	exact_duplicate
ref_000352	/home/user/wangyuhan/ML-GV02-03/data/raw/design/GvpA.fasta	WP_076429430.1	WP_076429430.1 gas vesicle protein GvpA [Haladaptatus litoreus]	13cb78a146ca0e28f916d09fa12a36f962f1909dec115df8c0e38ff362f9dc82	94	True	False	exact_duplicate
ref_000353	/home/user/wangyuhan/ML-GV02-03/data/raw/design/GvpA.fasta	WP_076144968.1	WP_076144968.1 gas vesicle protein GvpA [Natrinema saccharevitans]	3e6bf91c590be6684eed9926f0f0e4b54a4578f221c09d95018d5a14908398b5	94	True	False	exact_duplicate
ref_000354	/home/user/wangyuhan/ML-GV02-03/data/raw/design/GvpA.fasta	WP_066384857.1	WP_066384857.1 gas vesicle protein GvpA [Halalkalicoccus paucihalophilus]	019e8d05123166c4099d1d78d61a60881e08c412015de540a5f80e9c1fb5164f	86	True	False	exact_duplicate
ref_000355	/home/user/wangyuhan/ML-GV02-03/data/raw/design/GvpA.fasta	WP_066383060.1	WP_066383060.1 gas vesicle protein GvpA [Halalkalicoccus paucihalophilus]	a073bea82f9def955f000c075cfae3c1467d3fba0e830514cff5c09cb58f32f5	67	True	False	exact_duplicate
ref_000356	/home/user/wangyuhan/ML-GV02-03/data/raw/design/GvpA.fasta	WP_066382543.1	WP_066382543.1 gas vesicle protein GvpA [Halalkalicoccus paucihalophilus]	7bd6d00159b2d7ed0289baf8dbbc0ebb56120ef74e8b85de6d4ae75633b37760	87	True	False	exact_duplicate
ref_000357	/home/user/wangyuhan/ML-GV02-03/data/raw/design/GvpA.fasta	WP_066146101.1	WP_066146101.1 MULTISPECIES: gas vesicle protein GvpA [unclassified Haladaptatus]	fb877ea45a36f28c6227d2338b208ab1161a2a4e796a6f84a45bb7d0af97d97c	87	True	False	exact_duplicate
ref_000358	/home/user/wangyuhan/ML-GV02-03/data/raw/design/GvpA.fasta	WP_058580750.1	WP_058580750.1 gas vesicle protein GvpA [Haloprofundus marisrubri]	ebb2fb66a808274ef5cfe04707c1d81b3ad3ca9df72f30b25a365a4671a968a7	90	True	False	exact_duplicate
ref_000359	/home/user/wangyuhan/ML-GV02-03/data/raw/design/GvpA.fasta	WP_054862714.1	WP_054862714.1 gas vesicle protein GvpA [Natronolimnobius baerhuensis]	a8908cb0d732ddf5c6d4015b65fb6269eb16472b451882b8c89d16840fbc3e35	96	True	False	exact_duplicate
ref_000360	/home/user/wangyuhan/ML-GV02-03/data/raw/design/GvpA.fasta	WP_050050395.1	WP_050050395.1 gas vesicle protein GvpA [Halostagnicola sp. A56]	64863b5b8a6b08db9fd70b7ba62bb8445581113adc87bf956801db63e08bcc12	94	True	False	exact_duplicate
ref_000364	/home/user/wangyuhan/ML-GV02-03/data/raw/design/GvpA.fasta	WP_049989893.1	WP_049989893.1 gas vesicle protein GvpA [Natrinema salifodinae]	acb38079c01f07d0de6f29f2273ec2474d3cad1e2f80da6f6ad246155c67ee1d	95	True	False	exact_duplicate
ref_000365	/home/user/wangyuhan/ML-GV02-03/data/raw/design/GvpA.fasta	WP_049970408.1	WP_049970408.1 gas vesicle protein GvpA [Haladaptatus cibarius]	06a18e8f389879fa735770e4aa811f6d1182d4ca43d77b59e264dea099199cab	85	True	False	exact_duplicate
ref_000366	/home/user/wangyuhan/ML-GV02-03/data/raw/design/GvpA.fasta	WP_049970405.1	WP_049970405.1 MULTISPECIES: gas vesicle protein GvpA [Haladaptatus]	07248f2d3ff700c7afcd578e9123a5c406facb5736db0e6b2924d0c06383e9d8	82	True	False	exact_duplicate
ref_000367	/home/user/wangyuhan/ML-GV02-03/data/raw/design/GvpA.fasta	WP_049954064.1	WP_049954064.1 gas vesicle protein GvpA [Halostagnicola larsenii]	edcfcd19baadeee00eaf88cd06aa255a44d20962443de37c5e4e6f69e5726912	95	True	False	exact_duplicate
ref_000368	/home/user/wangyuhan/ML-GV02-03/data/raw/design/GvpA.fasta	WP_049934428.1	WP_049934428.1 MULTISPECIES: gas vesicle protein GvpA [Halalkalicoccus]	320fa412f1f1ad675d121137f62af03e9b7a5537d65ced7d2559d731d92bbefb	87	True	False	exact_duplicate
ref_000369	/home/user/wangyuhan/ML-GV02-03/data/raw/design/GvpA.fasta	WP_049934333.1	WP_049934333.1 gas vesicle protein GvpA [Haloplanus natans]	f7dbe09f7bde0afd35430a77ff43add3b256326bed36cfc07fed23d5822002be	76	True	False	exact_duplicate
ref_000370	/home/user/wangyuhan/ML-GV02-03/data/raw/design/GvpA.fasta	WP_049924581.1	WP_049924581.1 gas vesicle protein GvpA [Halopiger djelfimassiliensis]	c8490949e18e771ed8c8c54d9d56b4da4a1f8d86dfa0370f486346aacacdb834	94	True	False	exact_duplicate
ref_000371	/home/user/wangyuhan/ML-GV02-03/data/raw/design/GvpA.fasta	WP_049920063.1	WP_049920063.1 gas vesicle protein GvpA [Halobiforma nitratireducens]	94cdaea6b1db7bfe983fd9e26f2c34a76d5b03114834feeda1e1a352b8bbdd5a	95	True	False	exact_duplicate
ref_000372	/home/user/wangyuhan/ML-GV02-03/data/raw/design/GvpA.fasta	WP_049917180.1	WP_049917180.1 MULTISPECIES: gas vesicle protein GvpA [Halogeometricum]	478e03d6c766c60924226ea84dea052661faf07a209b53f6593e5f431ea227c3	91	True	False	exact_duplicate
ref_000375	/home/user/wangyuhan/ML-GV02-03/data/raw/design/GvpA.fasta	WP_049889998.1	WP_049889998.1 MULTISPECIES: gas vesicle protein GvpA [Natronorubrum]	78005b3dddedd0251b7e469f41fbcd8bf829877f05128bcc7791ccfc6e66686e	95	True	False	exact_duplicate
ref_000376	/home/user/wangyuhan/ML-GV02-03/data/raw/design/GvpA.fasta	WP_048122675.1	WP_048122675.1 MULTISPECIES: gas vesicle protein GvpA [Methanosarcina]	448d52f7c380acd653509b909b66c6ae1230252cfa74026dcde3b1a46691dd4a	76	True	False	exact_duplicate
ref_000377	/home/user/wangyuhan/ML-GV02-03/data/raw/design/GvpA.fasta	WP_048122673.1	WP_048122673.1 MULTISPECIES: gas vesicle protein GvpA [Methanosarcina]	f603a0bdb36b55f4482180fa3867f971263919a815b902f3c22fbd72cd37faeb	76	True	False	exact_duplicate
ref_000378	/home/user/wangyuhan/ML-GV02-03/data/raw/design/GvpA.fasta	WP_048109058.1	WP_048109058.1 MULTISPECIES: gas vesicle protein GvpA [Methanosarcina]	509ca7d230eacbb916e48c1f641bab8243caa81cc5f5a9887716747596ce64cb	76	True	False	exact_duplicate
ref_000379	/home/user/wangyuhan/ML-GV02-03/data/raw/design/GvpA.fasta	WP_021056303.1	WP_021056303.1 gas vesicle protein GvpA [Haloquadratum walsbyi]	3cc2cb889cfdbbcaa17bf78c8d1d3f4b5ca85aeafe19b48a7f83e9cfd59ead9f	72	True	False	exact_duplicate
ref_000380	/home/user/wangyuhan/ML-GV02-03/data/raw/design/GvpA.fasta	WP_019991572.1	WP_019991572.1 gas vesicle protein GvpA [Natronorubrum tibetense]	b5ccff48f879b7cc34ad8f5c36b63b1a1bb528349643c9b217bca4d7298417d4	92	True	False	exact_duplicate
ref_000381	/home/user/wangyuhan/ML-GV02-03/data/raw/design/GvpA.fasta	WP_015408777.1	WP_015408777.1 gas vesicle protein GvpA [Natronomonas moolapensis]	32d58e5d24419efe5e0e2d345df828191c6edfe2f9e053ecf19a879f70d4d31e	76	True	False	exact_duplicate
ref_000382	/home/user/wangyuhan/ML-GV02-03/data/raw/design/GvpA.fasta	WP_015322023.1	WP_015322023.1 MULTISPECIES: gas vesicle protein GvpA [Natronococcus]	b14dbbd56a14a62380290dac535357a72a6641c6900bc8a641d3956ff85a3938	93	True	False	exact_duplicate
ref_000383	/home/user/wangyuhan/ML-GV02-03/data/raw/design/GvpA.fasta	WP_013878361.1	WP_013878361.1 MULTISPECIES: gas vesicle protein GvpA [Halopiger]	842bc418f0682cd2a9c8df6c49ea422dbc803155124a6846d7a60d9d83a8a90e	95	True	False	exact_duplicate
ref_000384	/home/user/wangyuhan/ML-GV02-03/data/raw/design/GvpA.fasta	WP_012996341.1	WP_012996341.1 gas vesicle protein GvpA [Natrialba magadii]	d5d6f3cedb33fb3328b601b229fc76346413f748702fa12fdf520f8cdc8519e2	95	True	False	exact_duplicate
ref_000385	/home/user/wangyuhan/ML-GV02-03/data/raw/design/GvpA.fasta	WP_012944239.1	WP_012944239.1 gas vesicle protein GvpA [Haloterrigena turkmenica]	30c8db5b2a48ec02340b2ce6c673667f0e2f4cfc8b42d7c7d20367dd7f71507f	94	True	False	exact_duplicate
ref_000386	/home/user/wangyuhan/ML-GV02-03/data/raw/design/GvpA.fasta	WP_012943535.1	WP_012943535.1 gas vesicle protein GvpA [Haloterrigena turkmenica]	69442765a7e1224b043564331c6a208751a6131dc80765ddc7035960ee05acfe	96	True	False	exact_duplicate
ref_000387	/home/user/wangyuhan/ML-GV02-03/data/raw/design/GvpA.fasta	WP_011695264.1	WP_011695264.1 MULTISPECIES: gas vesicle protein GvpA [Methanothrix]	90e82772d308676c75568c0c440d84add6c49bafb1f3bedb28a64fca998175f4	74	True	False	exact_duplicate
ref_000388	/home/user/wangyuhan/ML-GV02-03/data/raw/design/GvpA.fasta	WP_011695263.1	WP_011695263.1 MULTISPECIES: gas vesicle protein GvpA [Methanothrix]	8f5ca23cd23d0262e12ba17fdf7f59af0af7fbfbf872d5e03a508e72d66e5cf7	76	True	False	exact_duplicate
ref_000389	/home/user/wangyuhan/ML-GV02-03/data/raw/design/GvpA.fasta	WP_011571057.1	WP_011571057.1 gas vesicle protein GvpA [Haloquadratum walsbyi]	61a382d08777524701b3b127d54c55544b762da256e18e1289de6de3ef39b838	72	True	False	exact_duplicate
ref_000390	/home/user/wangyuhan/ML-GV02-03/data/raw/design/GvpA.fasta	WP_011305365.1	WP_011305365.1 gas vesicle protein GvpA [Methanosarcina barkeri]	a4ce46bc0db75edd289273c61df2447a16f7eaa54328c95a55ded723eb926a9b	76	True	False	exact_duplicate
ref_000391	/home/user/wangyuhan/ML-GV02-03/data/raw/design/GvpA.fasta	WP_010904108.1	WP_010904108.1 MULTISPECIES: gas vesicle protein GvpA [Halobacterium]	766d45336d56f5b42f24327e8017dcef111a6d0d9ef09d065ff599ed28c3610e	79	True	False	exact_duplicate
ref_000392	/home/user/wangyuhan/ML-GV02-03/data/raw/design/GvpA.fasta	WP_010890519.1	WP_010890519.1 MULTISPECIES: gas vesicle protein GvpA [Halobacteriales]	49cef355c6ba3187ae5c9104097887f71b46d34a1bb4fd051de140f31dbffc07	76	True	False	exact_duplicate
ref_000394	/home/user/wangyuhan/ML-GV02-03/data/raw/design/GvpA.fasta	WP_008894730.1	WP_008894730.1 MULTISPECIES: gas vesicle protein GvpA [Haloterrigena]	1564401f2a553c4446671309877ae8049b5a83a474fb16f11935710b111eab15	96	True	False	exact_duplicate
ref_000395	/home/user/wangyuhan/ML-GV02-03/data/raw/design/GvpA.fasta	WP_008893968.1	WP_008893968.1 MULTISPECIES: gas vesicle protein GvpA [Haloterrigena]	5d40201e59780a4578e1d59e27b596d8b7ecbc64ed4cc25e82feb3008c524ad8	95	True	False	exact_duplicate
ref_000396	/home/user/wangyuhan/ML-GV02-03/data/raw/design/GvpA.fasta	WP_008417043.1	WP_008417043.1 gas vesicle protein GvpA [Halalkalicoccus jeotgali]	718f9add2c10ca08b4a575acf96abc0dcfd73ebbeae7c2909b168d955ffc5d3f	87	True	False	exact_duplicate
ref_000397	/home/user/wangyuhan/ML-GV02-03/data/raw/design/GvpA.fasta	WP_008159420.1	WP_008159420.1 MULTISPECIES: gas vesicle protein GvpA [Natrialbaceae]	0101bc590c89813c161ae168ca4f86007d01c01c36444a15865973f349d0339a	94	True	False	exact_duplicate
ref_000398	/home/user/wangyuhan/ML-GV02-03/data/raw/design/GvpA.fasta	WP_008012794.1	WP_008012794.1 gas vesicle protein GvpA [Natrinema limicola]	c0d8f1302fa41452efbc27f0da36de9737dad5583e87b081c35fdb231d1dfb9e	95	True	False	exact_duplicate
ref_000399	/home/user/wangyuhan/ML-GV02-03/data/raw/design/GvpA.fasta	WP_007982669.1	WP_007982669.1 MULTISPECIES: gas vesicle protein GvpA [Haladaptatus]	6dc60142a293ec7c6dcbc27c09b6bd4ab18fe21e29a4c461e5c54fe81310b371	87	True	False	exact_duplicate
ref_000401	/home/user/wangyuhan/ML-GV02-03/data/raw/design/GvpA.fasta	WP_007704306.1	WP_007704306.1 MULTISPECIES: gas vesicle protein GvpA [Halovivax]	3d7fc725cd17cf23a73cdd2fb181a785b4c0ce2fd640f88c1f716c829b659260	97	True	False	exact_duplicate
ref_000402	/home/user/wangyuhan/ML-GV02-03/data/raw/design/GvpA.fasta	WP_007260761.1	WP_007260761.1 gas vesicle protein GvpA [Natronolimnohabitans innermongolicus]	729a9790a662e92ab3799a9b33c364191eba685ca2792cdf185ac1d3fb9631ce	96	True	False	exact_duplicate
ref_000403	/home/user/wangyuhan/ML-GV02-03/data/raw/design/GvpA.fasta	WP_007109509.1	WP_007109509.1 gas vesicle protein GvpA [Natrinema altunense]	215f48254c804f1f2876885b96f7a1981396e0fb0da219049cbad3c376111fab	94	True	False	exact_duplicate
ref_000404	/home/user/wangyuhan/ML-GV02-03/data/raw/design/GvpA.fasta	WP_006432777.1	WP_006432777.1 gas vesicle protein GvpA [Natrinema versiforme]	62bc5089576517d5fad1f755bd6f0eda8ed64f4dc9ca1f0cd5ab9ed08b8ae872	93	True	False	exact_duplicate
ref_000405	/home/user/wangyuhan/ML-GV02-03/data/raw/design/GvpA.fasta	WP_006184742.1	WP_006184742.1 gas vesicle protein GvpA [Natrinema pallidum]	8189ed3c9ac18707f54985fd1f832186b5ab06ffd03b98d13b6a5a880b456e0a	94	True	False	exact_duplicate
ref_000406	/home/user/wangyuhan/ML-GV02-03/data/raw/design/GvpA.fasta	WP_006182094.1	WP_006182094.1 MULTISPECIES: gas vesicle protein GvpA [Natrinema]	168a7720be25950ce7a56e347f224374ee278a9197375f2b7d12fea4130f8457	94	True	False	exact_duplicate
ref_000407	/home/user/wangyuhan/ML-GV02-03/data/raw/design/GvpA.fasta	WP_006168082.1	WP_006168082.1 MULTISPECIES: gas vesicle protein GvpA [Natrialba]	c468502803b4ab5981f1302a02b554d7384ecf63ec65dfc34a329984ff234ccc	95	True	False	exact_duplicate
ref_000408	/home/user/wangyuhan/ML-GV02-03/data/raw/design/GvpA.fasta	WP_006108429.1	WP_006108429.1 MULTISPECIES: gas vesicle protein GvpA [Natrialba]	d07d112598796fe30d761bb0dee53a532c60b6f2660ff50f32e5608f27b8723f	95	True	False	exact_duplicate
ref_000409	/home/user/wangyuhan/ML-GV02-03/data/raw/design/GvpA.fasta	WP_006088519.1	WP_006088519.1 gas vesicle protein GvpA [Natronorubrum tibetense]	dad443e0412ef646de5e1ae6b2283ed6666f0e42f2690ca0f566cbd01cf47c41	95	True	False	exact_duplicate
ref_000411	/home/user/wangyuhan/ML-GV02-03/data/raw/design/GvpA.fasta	WP_006056149.1	WP_006056149.1 gas vesicle protein GvpA [Halogeometricum borinquense]	145768217677e4dfa78ed5dde6674fe0ca135ad06080e9e3798a31edb3c3e23c	78	True	False	exact_duplicate
ref_000412	/home/user/wangyuhan/ML-GV02-03/data/raw/design/GvpA.fasta	WP_005580866.1	WP_005580866.1 gas vesicle protein GvpA [Natronobacterium gregoryi]	1f956fdbc151f2ec0ffb1f0d512e8c72eb59659a79d6fdd4047293e97fad8dda	95	True	False	exact_duplicate
ref_000413	/home/user/wangyuhan/ML-GV02-03/data/raw/design/GvpA.fasta	WP_005558079.1	WP_005558079.1 MULTISPECIES: gas vesicle protein GvpA [Natronococcus]	00058845722df3ede42246221d3dd0d68e42ec4d53ca2d5b48576007b95adbfe	94	True	False	exact_duplicate
ref_000415	/home/user/wangyuhan/ML-GV02-03/data/raw/design/GvpA.fasta	WP_190432663.1	WP_190432663.1 MULTISPECIES: gas vesicle structural protein GvpA [Trichocoleus]	044b97bbcc6fc75d19af1c5b8afe151ed6a3515841f784c5b7b639e655a343cd	72	True	False	exact_duplicate
ref_000416	/home/user/wangyuhan/ML-GV02-03/data/raw/design/GvpA.fasta	WP_190377542.1	WP_190377542.1 MULTISPECIES: gas vesicle structural protein GvpA [unclassified Leptolyngbya]	0d7970548e5a353c52b0e8b1402d238f57b6b050f0a0b7636b28b3769e24464a	72	True	False	exact_duplicate
ref_000417	/home/user/wangyuhan/ML-GV02-03/data/raw/design/GvpA.fasta	WP_054860102.1	WP_054860102.1 MULTISPECIES: gas vesicle structural protein GvpA [Gracilibacillus]	9fe918e0f2a37590ea6b48533fa54067a87fbe8d176306f0c916781b3212fd6d	87	True	False	exact_duplicate
ref_000418	/home/user/wangyuhan/ML-GV02-03/data/raw/design/GvpA.fasta	WP_341471618.1	WP_341471618.1 MULTISPECIES: gas vesicle structural protein GvpA [Candidatus Chlorohelix]	1bf14199f279ca97cc940b885b8a0780eec9fbdfabd31100b7af7dd87ccb4885	72	True	False	exact_duplicate
ref_000419	/home/user/wangyuhan/ML-GV02-03/data/raw/design/GvpA.fasta	WP_089851011.1	WP_089851011.1 gas vesicle structural protein GvpA [Salipiger marinus]	a84874ccf2cf9f12a8eff022b9f61b67400be272b175425a21b81f17d3deea8e	70	True	False	exact_duplicate
ref_000420	/home/user/wangyuhan/ML-GV02-03/data/raw/design/GvpA.fasta	WP_159869007.1	WP_159869007.1 MULTISPECIES: gas vesicle structural protein GvpA [unclassified Cytobacillus]	2549c61eaa1c68f7925735451d0233352fadb592c390b0c9932c51733d5a24e6	86	True	False	exact_duplicate
ref_000421	/home/user/wangyuhan/ML-GV02-03/data/raw/design/GvpA.fasta	WP_071272787.1	WP_071272787.1 MULTISPECIES: gas vesicle structural protein GvpA [Priestia]	142752963930eab74d74d4bcaff60e47ff770976c838c012b58dcaa26d2a4fea	90	True	False	exact_duplicate
ref_000422	/home/user/wangyuhan/ML-GV02-03/data/raw/design/GvpA.fasta	WP_095313309.1	WP_095313309.1 MULTISPECIES: gas vesicle structural protein GvpA [Oceanobacillus]	9f8c36880cfb04e0cba55b432093f0aa8271cf043ffe34acc59bb9d848f90db6	91	True	False	exact_duplicate
ref_000423	/home/user/wangyuhan/ML-GV02-03/data/raw/design/GvpA.fasta	WP_086756007.1	WP_086756007.1 MULTISPECIES: gas vesicle structural protein GvpA [Nostocales]	b1857f03b52d3c765ea44605167b7ee6d0e849f9d810b2d427d6ff293c822d68	73	True	False	exact_duplicate
ref_000424	/home/user/wangyuhan/ML-GV02-03/data/raw/design/GvpA.fasta	WP_211555852.1	WP_211555852.1 MULTISPECIES: gas vesicle structural protein GvpA [Metabacillus]	4138c2817c5b6dca65ea4991f26a8a58b0a6d5287da125ce6caec306e7a7834d	93	True	False	exact_duplicate
ref_000425	/home/user/wangyuhan/ML-GV02-03/data/raw/design/GvpA.fasta	WP_141589788.1	WP_141589788.1 MULTISPECIES: gas vesicle structural protein GvpA [Myxococcus]	8758b934790f5784ea1bb3e8292ad80d63fd591ca944350e77de7212284d0934	74	True	False	exact_duplicate
ref_000426	/home/user/wangyuhan/ML-GV02-03/data/raw/design/GvpA.fasta	WP_035412262.1	WP_035412262.1 MULTISPECIES: gas vesicle structural protein GvpA [Bacillaceae]	6f2cfd5f0d50c7aee582a35496301ee7cfc650c797f9102a4b8033ef3e64c4fa	87	True	False	exact_duplicate
ref_000427	/home/user/wangyuhan/ML-GV02-03/data/raw/design/GvpA.fasta	WP_034764902.1	WP_034764902.1 MULTISPECIES: gas vesicle structural protein GvpA [Rossellomorea]	8991e9e4bd357d9288ea6d9ba3cd490a82edbaebd3e9af08dbef6bff864b7842	86	True	False	exact_duplicate
ref_000428	/home/user/wangyuhan/ML-GV02-03/data/raw/design/GvpA.fasta	WP_301862454.1	WP_301862454.1 MULTISPECIES: gas vesicle structural protein GvpA [Priestia]	a4cf355a2019efa6dd79abf348a9cb7991530977cacc4b9050ec4e66250bb49b	86	True	False	exact_duplicate
ref_000429	/home/user/wangyuhan/ML-GV02-03/data/raw/design/GvpA.fasta	WP_292781623.1	WP_292781623.1 MULTISPECIES: gas vesicle structural protein GvpA [unclassified Nostoc]	9d49465af66327a747b8d94fae055fdf4e4ddc64425957ec791010c5514e900e	73	True	False	exact_duplicate
ref_000430	/home/user/wangyuhan/ML-GV02-03/data/raw/design/GvpA.fasta	WP_034265327.1	WP_034265327.1 MULTISPECIES: gas vesicle structural protein GvpA [Priestia]	f34d4928fe982f4cb0ecf452e0985f42ef9f58486a727d3528b2d1cc7a2dba3f	86	True	False	exact_duplicate
ref_000431	/home/user/wangyuhan/ML-GV02-03/data/raw/design/GvpA.fasta	WP_054464971.1	WP_054464971.1 MULTISPECIES: gas vesicle structural protein GvpA [Planktothricoides]	9ec7201d98ae2ffcf07447a15a44a817abbd19328a09fa7d6c31e1d1bc8b898e	72	True	False	exact_duplicate
ref_000432	/home/user/wangyuhan/ML-GV02-03/data/raw/design/GvpA.fasta	WP_009626980.1	WP_009626980.1 MULTISPECIES: gas vesicle structural protein GvpA [Cyanophyceae]	45ceddea54f47745a1ad9c65097c2d122a4bd298292f81068539903e0cbdd579	72	True	False	exact_duplicate
ref_000433	/home/user/wangyuhan/ML-GV02-03/data/raw/design/GvpA.fasta	WP_070879557.1	WP_070879557.1 gas vesicle structural protein GvpA [Peribacillus frigoritolerans]	bd681cfbd78ed763b9df5c426f960ada866da90b156367c3292b56b3e72ef7d3	89	True	False	exact_duplicate
ref_000434	/home/user/wangyuhan/ML-GV02-03/data/raw/design/GvpA.fasta	WP_070877683.1	WP_070877683.1 gas vesicle structural protein GvpA [Metabacillus idriensis]	e68eef3564e74af35e4a9a9b10e8b223ea3ff4b8fc1758ad6ef917d929493e04	87	True	False	exact_duplicate
ref_000435	/home/user/wangyuhan/ML-GV02-03/data/raw/design/GvpA.fasta	WP_062232702.1	WP_062232702.1 MULTISPECIES: gas vesicle structural protein GvpA [Fictibacillus]	243a30af717d5651d5faa4134b52c94ba27cbaf36cee25267a21eee2dd07a50c	87	True	False	exact_duplicate
ref_000436	/home/user/wangyuhan/ML-GV02-03/data/raw/design/GvpA.fasta	WP_057244326.1	WP_057244326.1 gas vesicle structural protein GvpA [Priestia megaterium]	1b1d36a4acc8ad9c634280ce855361980429c335a77298c0c9f374d476b863c2	86	True	False	exact_duplicate
ref_000437	/home/user/wangyuhan/ML-GV02-03/data/raw/design/GvpA.fasta	WP_032087041.1	WP_032087041.1 MULTISPECIES: gas vesicle structural protein GvpA [Rossellomorea]	e0205c427b560fb5fab631d1ec5ed63cc8c0aa7c7b755485941791546cbc6805	88	True	False	exact_duplicate
ref_000438	/home/user/wangyuhan/ML-GV02-03/data/raw/design/GvpA.fasta	WP_029714942.1	WP_029714942.1 MULTISPECIES: gas vesicle structural protein GvpA [Priestia]	21fd512873a52dc47991989d4a44dcc25431d3e22a3b8e5d29da536fa12bac79	92	True	False	exact_duplicate
ref_000439	/home/user/wangyuhan/ML-GV02-03/data/raw/design/GvpA.fasta	WP_019393985.1	WP_019393985.1 MULTISPECIES: gas vesicle structural protein GvpA [Priestia]	c5a5f8d3e0297c749df71e201b09661efa435db12251191f1fed09764031bff7	87	True	False	exact_duplicate
ref_000440	/home/user/wangyuhan/ML-GV02-03/data/raw/design/GvpA.fasta	WP_014459198.1	WP_014459198.1 MULTISPECIES: gas vesicle structural protein GvpA [Priestia]	62aec584cfcef3208e2bbf0b8b84eb77c80c150d76415e09c97366ed3433727b	86	True	False	exact_duplicate
ref_000441	/home/user/wangyuhan/ML-GV02-03/data/raw/design/GvpA.fasta	WP_013058000.1	WP_013058000.1 MULTISPECIES: gas vesicle structural protein GvpA [Priestia]	626bf126ff6a42e860e1c20b32f28779f549346c7554d3694e519c08b6d8a44f	86	True	False	exact_duplicate
ref_000442	/home/user/wangyuhan/ML-GV02-03/data/raw/design/GvpA.fasta	WP_013057997.1	WP_013057997.1 MULTISPECIES: gas vesicle structural protein GvpA [Priestia]	6eb7664db70304cf0f2ba846d31c4d016d07d8bebedb70ce52fe5ab7167e72cd	88	True	False	exact_duplicate
ref_000443	/home/user/wangyuhan/ML-GV02-03/data/raw/design/GvpA.fasta	WP_013057921.1	WP_013057921.1 MULTISPECIES: gas vesicle structural protein GvpA [Priestia]	7c1ee34913e269628b618a114cee0c9a5db90412949ae6bff681672ba1b795b8	92	True	False	exact_duplicate
ref_000444	/home/user/wangyuhan/ML-GV02-03/data/raw/design/GvpA.fasta	WP_278028173.1	WP_278028173.1 gas vesicle structural protein GvpA [Roseicyclus salinarum]	aca6770bcb5a580c4c2ac6637a904e7b633ef4df91ea3eb56d8c300998abf82c	70	True	False	exact_duplicate
ref_000445	/home/user/wangyuhan/ML-GV02-03/data/raw/design/GvpA.fasta	WP_258264475.1	WP_258264475.1 gas vesicle structural protein GvpA [Rossellomorea sp. SC111]	8a3f5134cee921bb3c9c52886319cab5bcf48238743cad7d934892854cbdd111	86	True	False	exact_duplicate
ref_000446	/home/user/wangyuhan/ML-GV02-03/data/raw/design/GvpA.fasta	WP_100366348.1	WP_100366348.1 MULTISPECIES: gas vesicle structural protein GvpA [Paracoccaceae]	3f956a2c7b90437404b414f68a0c290ad3faf7be1a5a024f647a75176008e10a	70	True	False	exact_duplicate
ref_000449	/home/user/wangyuhan/ML-GV02-03/data/raw/design/GvpA.fasta	WP_073640805.1	WP_073640805.1 MULTISPECIES: gas vesicle structural protein GvpA [Nostoc]	8aa5636b24c4e602865a552806a5f0342b48ae13c8da1912f7c694d2353dbcfe	73	True	False	exact_duplicate
ref_000450	/home/user/wangyuhan/ML-GV02-03/data/raw/design/GvpA.fasta	WP_283753117.1	WP_283753117.1 MULTISPECIES: gas vesicle structural protein GvpA [Roseofilum]	f82305b37f1af32ad1a04e0eccf669dd82743a244d7785717f85da95bc6b510c	72	True	False	exact_duplicate
ref_000451	/home/user/wangyuhan/ML-GV02-03/data/raw/design/GvpA.fasta	WP_193963479.1	WP_193963479.1 MULTISPECIES: gas vesicle structural protein GvpA [unclassified Nodosilinea]	b145d41f03ca300fa852173eb3cdba892b1458c61bb76d2c54aaf6738abff0fb	72	True	False	exact_duplicate
ref_000452	/home/user/wangyuhan/ML-GV02-03/data/raw/design/GvpA.fasta	WP_036004549.1	WP_036004549.1 gas vesicle structural protein GvpA [Leptolyngbya sp. NK1-12]	44be345e568ee6f5e906d1708940c01f4f899fd301577fbe466b983faec9e1ff	72	True	False	exact_duplicate
ref_000453	/home/user/wangyuhan/ML-GV02-03/data/raw/design/GvpA.fasta	WP_253707812.1	WP_253707812.1 MULTISPECIES: gas vesicle structural protein GvpA [unclassified Bradyrhizobium]	fd5c322037d42e8f890cbb82759a0d998e5c4641f19585fd53d898e2e93c048a	72	True	False	exact_duplicate
ref_000454	/home/user/wangyuhan/ML-GV02-03/data/raw/design/GvpA.fasta	WP_123176516.1	WP_123176516.1 MULTISPECIES: gas vesicle structural protein GvpA [Hyphomicrobiales]	f872efd67a56d21a6340bfb63ed39bd3859d02d8cef7923a1fc7a47592530824	72	True	False	exact_duplicate
ref_000455	/home/user/wangyuhan/ML-GV02-03/data/raw/design/GvpA.fasta	WP_190643620.1	WP_190643620.1 MULTISPECIES: gas vesicle structural protein GvpA [Cyanophyceae]	0c568d3a5b09c7ed22406d3295924ff2d54a5753d8971e812d702ca3e9f83638	72	True	False	exact_duplicate
ref_000456	/home/user/wangyuhan/ML-GV02-03/data/raw/design/GvpA.fasta	WP_068510916.1	WP_068510916.1 MULTISPECIES: gas vesicle structural protein GvpA [Cyanophyceae]	d71bd42b79fe4d801a018917a7a99157b39016a64db58d59d1c12c9993255219	72	True	False	exact_duplicate
ref_000457	/home/user/wangyuhan/ML-GV02-03/data/raw/design/GvpA.fasta	WP_015171018.1	WP_015171018.1 MULTISPECIES: gas vesicle structural protein GvpA [Cyanophyceae]	e2b9c94c60da4c449a4d77e69aa77b7d21974537c85530de7782f648b2a3f592	72	True	False	exact_duplicate
ref_000458	/home/user/wangyuhan/ML-GV02-03/data/raw/design/GvpA.fasta	WP_301077186.1	WP_301077186.1 gas vesicle structural protein GvpA [Rhodoferax sp.]	dda877b0008607a0fc715bf1e261281865393b5cd3d35f1e590e3af5d6480f76	72	True	False	exact_duplicate
ref_000459	/home/user/wangyuhan/ML-GV02-03/data/raw/design/GvpA.fasta	WP_290603055.1	WP_290603055.1 gas vesicle structural protein GvpA, partial [Anabaena sp. AL93]	63f804d4a54dfefdba015fb519002e2a18c1a59eb52185176714701bf8e756f4	66	False	False	excluded_header_term
ref_000460	/home/user/wangyuhan/ML-GV02-03/data/raw/design/GvpA.fasta	WP_287130436.1	WP_287130436.1 gas vesicle structural protein GvpA [Candidatus Cyanaurora vandensis]	f31ef9ed0a87f1bcd7f16380f5c67a3c99ab66cda4b11e28e567896af35c10fb	72	True	False	exact_duplicate
ref_000461	/home/user/wangyuhan/ML-GV02-03/data/raw/design/GvpA.fasta	WP_184385022.1	WP_184385022.1 MULTISPECIES: gas vesicle structural protein GvpA [Roseococcus]	29752096fb51cc573566c94e21ddee0921c9c57323cf37953e3e169fafe49253	70	True	False	exact_duplicate
ref_000462	/home/user/wangyuhan/ML-GV02-03/data/raw/design/GvpA.fasta	WP_071272778.1	WP_071272778.1 MULTISPECIES: gas vesicle structural protein GvpA [Priestia]	ab18ddbecb739bae7c0a720dfd55228c92afa153cc615fda38c1f4a95b049f96	86	True	False	exact_duplicate
ref_000463	/home/user/wangyuhan/ML-GV02-03/data/raw/design/GvpA.fasta	WP_191265777.1	WP_191265777.1 gas vesicle structural protein GvpA [Comamonas sp. JC664]	12c980f97c4e594a42de307ad5e2bf831d28aa2d1c3ee50ad7cc558e691838f2	74	True	False	exact_duplicate
ref_000464	/home/user/wangyuhan/ML-GV02-03/data/raw/design/GvpA.fasta	WP_067726060.1	WP_067726060.1 MULTISPECIES: gas vesicle structural protein GvpA [Oceanobacillus]	867df19266611b1dd32b5cfc5f295c4f1197d03d3e66704596b1abb14590c684	91	True	False	exact_duplicate
ref_000465	/home/user/wangyuhan/ML-GV02-03/data/raw/design/GvpA.fasta	WP_018390783.1	WP_018390783.1 MULTISPECIES: gas vesicle structural protein GvpA [Ancylobacter]	a1131689eff9ccc2bc1cb9c6417b27251120988628db25efce7ae158aaecf416	70	True	False	exact_duplicate
ref_000466	/home/user/wangyuhan/ML-GV02-03/data/raw/design/GvpA.fasta	WP_307394734.1	WP_307394734.1 gas vesicle structural protein GvpA [Caldalkalibacillus horti]	875b3015b17030bcf076a0d5b1a999e347b40931a5afd4181a01724d96df1a26	88	True	False	exact_duplicate
ref_000467	/home/user/wangyuhan/ML-GV02-03/data/raw/design/GvpA.fasta	WP_304892876.1	WP_304892876.1 gas vesicle structural protein GvpA [Candidatus Deferrimicrobium sp.]	18bfe7ce20a3a401355454477c1f073f04b59f469ac2d9df5f1ed69eb2d9c755	72	True	False	exact_duplicate
ref_000468	/home/user/wangyuhan/ML-GV02-03/data/raw/design/GvpA.fasta	WP_304839272.1	WP_304839272.1 gas vesicle structural protein GvpA [Methanocalculus sp.]	7f3ba3408331f0b52ea131a525ffc53c066b11342bed7104933209e9082f117d	71	True	False	exact_duplicate
ref_000469	/home/user/wangyuhan/ML-GV02-03/data/raw/design/GvpA.fasta	WP_304825881.1	WP_304825881.1 gas vesicle structural protein GvpA [Candidatus Binatus sp.]	4cc577e850a35b25573fdd4685c9092e5ddc258f28461dd166070db0f5864ff5	72	True	False	exact_duplicate
ref_000470	/home/user/wangyuhan/ML-GV02-03/data/raw/design/GvpA.fasta	WP_268609013.1	WP_268609013.1 gas vesicle structural protein GvpA [Thermocoleostomius sinensis]	7192aa1b5c4b0d0cb215f2b6466c63d14778b4ab192afa70b3d3c296e8d425c1	72	True	False	exact_duplicate
ref_000471	/home/user/wangyuhan/ML-GV02-03/data/raw/design/GvpA.fasta	WP_120798278.1	WP_120798278.1 MULTISPECIES: gas vesicle structural protein GvpA [Thiocapsa]	a2a7b780c74df6bd950e44b846f19e8dbd13d6566314074bf2069ba9d093ab3a	72	True	False	exact_duplicate
ref_000472	/home/user/wangyuhan/ML-GV02-03/data/raw/design/GvpA.fasta	WP_295540625.1	WP_295540625.1 gas vesicle structural protein GvpA [Thiohalocapsa sp.]	603ba2fccd34d2e3b1429d174e372373f06492d7f3553e69d462d07c41147e20	72	True	False	exact_duplicate
ref_000473	/home/user/wangyuhan/ML-GV02-03/data/raw/design/GvpA.fasta	WP_298916699.1	WP_298916699.1 gas vesicle structural protein GvpA [uncultured Nostoc sp.]	40a9ee2f296e1edcfbc272724aa2827573dacc3b2079d6c96e6da9eaaff72a2c	75	True	False	exact_duplicate
ref_000474	/home/user/wangyuhan/ML-GV02-03/data/raw/design/GvpA.fasta	WP_295613139.1	WP_295613139.1 gas vesicle structural protein GvpA, partial [uncultured Lamprocystis sp.]	ffe402200c35408734624cdf77db492d9f2756a9c6eb3dd610b96d01c197f010	62	False	False	excluded_header_term
ref_000476	/home/user/wangyuhan/ML-GV02-03/data/raw/design/GvpA.fasta	WP_295448790.1	WP_295448790.1 gas vesicle structural protein GvpA [uncultured Thiodictyon sp.]	dc38a4313453d819bde4cf5c13a9015df0365250c7779284ec96a6da68c2fab4	73	True	False	exact_duplicate
ref_000477	/home/user/wangyuhan/ML-GV02-03/data/raw/design/GvpA.fasta	WP_295391135.1	WP_295391135.1 gas vesicle structural protein GvpA [uncultured Thiodictyon sp.]	c5e6ef219282f46a04ba0c1236dbe13f1f5258f89b8b8388ff9b4297e927ce07	72	True	False	exact_duplicate
ref_000478	/home/user/wangyuhan/ML-GV02-03/data/raw/design/GvpA.fasta	WP_293160100.1	WP_293160100.1 gas vesicle structural protein GvpA [Okeania sp. SIO2C9]	193a805604225b70bf9bc1f62baee1c0a20bc1bab4c8d87149ab2e36e52f70a1	90	True	False	exact_duplicate
ref_000479	/home/user/wangyuhan/ML-GV02-03/data/raw/design/GvpA.fasta	WP_293126616.1	WP_293126616.1 gas vesicle structural protein GvpA [Okeania sp. SIO1I7]	483476b5bde91cbf3a74f1c315847ab317de2944d9b90dd6cefb7cd4eb9d8ddc	90	True	False	exact_duplicate
ref_000480	/home/user/wangyuhan/ML-GV02-03/data/raw/design/GvpA.fasta	WP_293124005.1	WP_293124005.1 gas vesicle structural protein GvpA [Moorena sp. SIO4G3]	fd56bd8ca14d2ea7647f290be8b1edb2369bcfca88d88fa3e71f73703a94129c	72	True	False	exact_duplicate
ref_000481	/home/user/wangyuhan/ML-GV02-03/data/raw/design/GvpA.fasta	WP_293100807.1	WP_293100807.1 gas vesicle structural protein GvpA [Okeania sp. SIO2F4]	22ac9928a6c3fbaf8f7c8dae481ee31de9db75644aa3346d57ce80383dbdf4d6	89	True	False	exact_duplicate
ref_000482	/home/user/wangyuhan/ML-GV02-03/data/raw/design/GvpA.fasta	WP_293087767.1	WP_293087767.1 gas vesicle structural protein GvpA [Okeania sp. SIO3B5]	f5a522a905abb21e46c2eb43460f8b92d149cceded3f2f0c651539e57cc92243	90	True	False	exact_duplicate
ref_000483	/home/user/wangyuhan/ML-GV02-03/data/raw/design/GvpA.fasta	WP_293061633.1	WP_293061633.1 gas vesicle structural protein GvpA [Okeania sp. SIO2B3]	607f897bd5b7dd1b1fbe8a536309e7984377382c6445bb1164342f9298ee574c	90	True	False	exact_duplicate
ref_000484	/home/user/wangyuhan/ML-GV02-03/data/raw/design/GvpA.fasta	WP_291003874.1	WP_291003874.1 gas vesicle structural protein GvpA [Hyphomicrobium sp.]	0c143ad343586201fcf9a3504764a20810d30e8d1de52807930145512c74f4c8	69	True	False	exact_duplicate
ref_000485	/home/user/wangyuhan/ML-GV02-03/data/raw/design/GvpA.fasta	WP_190553740.1	WP_190553740.1 MULTISPECIES: gas vesicle structural protein GvpA [Trichocoleus]	ed971bf96974483cf1a58b8e6709b204cbc1eaef21cea873ae25620378ddb316	72	True	False	exact_duplicate
ref_000486	/home/user/wangyuhan/ML-GV02-03/data/raw/design/GvpA.fasta	WP_163833110.1	WP_163833110.1 MULTISPECIES: gas vesicle structural protein GvpA [Spartinivicinus]	63042e294eae0d141b5c2883dc58873a4850b5a7ac4fd2bddfe220e7ceec9eab	72	True	False	exact_duplicate
ref_000487	/home/user/wangyuhan/ML-GV02-03/data/raw/design/GvpA.fasta	WP_289215673.1	WP_289215673.1 gas vesicle structural protein GvpA [Halobacillus campisalis]	b09a8337edbf59a7c5c366497f4a539d08db637110ecd96131eec6f501ce3d61	98	True	False	exact_duplicate
ref_000488	/home/user/wangyuhan/ML-GV02-03/data/raw/design/GvpA.fasta	WP_287999814.1	WP_287999814.1 MULTISPECIES: gas vesicle structural protein GvpA, partial [unclassified Microcystis (in: cyanobacteria)]	f23561e6e1591a764c152cb943827e18ac9929ba20aab72913f891d580b9c56c	62	False	False	excluded_header_term
ref_000489	/home/user/wangyuhan/ML-GV02-03/data/raw/design/GvpA.fasta	WP_287703642.1	WP_287703642.1 MULTISPECIES: gas vesicle structural protein GvpA, partial [unclassified Microcystis (in: cyanobacteria)]	2f457cd3e21794d7720477e14ef21b463dec89f8fc2edf315a7f973c9d51295a	68	False	False	excluded_header_term
ref_000490	/home/user/wangyuhan/ML-GV02-03/data/raw/design/GvpA.fasta	WP_287674806.1	WP_287674806.1 MULTISPECIES: gas vesicle structural protein GvpA [unclassified Microcystis (in: cyanobacteria)]	66d41021d88e3bf58bdc5253af151a5177a49b38fef6d6e436acc727d44a35db	71	True	False	exact_duplicate
ref_000491	/home/user/wangyuhan/ML-GV02-03/data/raw/design/GvpA.fasta	WP_287627019.1	WP_287627019.1 MULTISPECIES: gas vesicle structural protein GvpA [unclassified Microcystis (in: cyanobacteria)]	5601498c9a93902562dbe611c5f41da9acf56aa8cf535802ef5a687a6a3351bc	71	True	False	exact_duplicate
ref_000493	/home/user/wangyuhan/ML-GV02-03/data/raw/design/GvpA.fasta	WP_287973455.1	WP_287973455.1 gas vesicle structural protein GvpA, partial [Microcystis sp. LE19-195.1E]	fa70cf643277a18d935304889b37715601a4c4d526cd2d051282507269ca3e0a	63	False	False	excluded_header_term
ref_000494	/home/user/wangyuhan/ML-GV02-03/data/raw/design/GvpA.fasta	WP_287280996.1	WP_287280996.1 gas vesicle structural protein GvpA [Okeania sp. SIO2G5]	0ba4bde6653115be1dd4ecf31dd944288d9302b06a4eb7109abd4386bc4e28f6	72	True	False	exact_duplicate
ref_000495	/home/user/wangyuhan/ML-GV02-03/data/raw/design/GvpA.fasta	WP_102414373.1	WP_102414373.1 gas vesicle structural protein GvpA [Lentibacillus populi]	de4f0d0b434811184abb8b052f38372135b3400cefcaf1e93db2f3dce59657e3	86	True	False	exact_duplicate
ref_000496	/home/user/wangyuhan/ML-GV02-03/data/raw/design/GvpA.fasta	WP_052562317.1	WP_052562317.1 MULTISPECIES: gas vesicle structural protein GvpA [Candidatus Brocadia]	cb58ba6802b0f699eec63a9ac0dc87bf4b9d2ad2e5912e9f70a9a019ed1c42c4	72	True	False	exact_duplicate
ref_000497	/home/user/wangyuhan/ML-GV02-03/data/raw/design/GvpA.fasta	WP_052562316.1	WP_052562316.1 MULTISPECIES: gas vesicle structural protein GvpA [Candidatus Brocadia]	ec1d66f4985b18dd022643b17cee09b8a11441bc394c817d409b1c43b43b7833	72	True	False	exact_duplicate
ref_000498	/home/user/wangyuhan/ML-GV02-03/data/raw/design/GvpA.fasta	WP_285442166.1	WP_285442166.1 gas vesicle structural protein GvpA [Candidatus Jettenia sp. AMX1]	2a643259fb5c627e5a760a12d39c8bffca7b0f2759fb11752e71477163859744	65	True	False	exact_duplicate
ref_000499	/home/user/wangyuhan/ML-GV02-03/data/raw/design/GvpA.fasta	WP_165053833.1	WP_165053833.1 MULTISPECIES: gas vesicle structural protein GvpA [Methylocystis]	668321baf55f7bfbdc1bee20fef9252620fb0636f55bb6ea2d0270fc58855c37	72	True	False	exact_duplicate
ref_000500	/home/user/wangyuhan/ML-GV02-03/data/raw/design/GvpA.fasta	WP_277442832.1	WP_277442832.1 gas vesicle structural protein GvpA [Pelotomaculum isophthalicicum]	9adb2cc7f37ad19f8e0f5ef3b30905c0f4090471c3ec259b3fddc7492bfe73aa	70	True	False	exact_duplicate
ref_000501	/home/user/wangyuhan/ML-GV02-03/data/raw/design/GvpA.fasta	WP_271944488.1	WP_271944488.1 MULTISPECIES: gas vesicle structural protein GvpA [Roseofilum]	6166ab1a17ac507a42bf2742e59eb2fe7c145df2825dd7f29f5a819b362fb620	72	True	False	exact_duplicate
ref_000502	/home/user/wangyuhan/ML-GV02-03/data/raw/design/GvpA.fasta	WP_283077690.1	WP_283077690.1 gas vesicle structural protein GvpA [Halobacillus naozhouensis]	39a0d637b9f5ad86efbf915ef25aeec70bdfae190f5763f82185e981d19d440d	86	True	False	exact_duplicate
ref_000503	/home/user/wangyuhan/ML-GV02-03/data/raw/design/GvpA.fasta	WP_281974780.1	WP_281974780.1 gas vesicle structural protein GvpA [Halobacillus litoralis]	646d43372f49b1be4f561d502ed08bd9b4bee0104bba22dc9998d9d831069bc5	92	True	False	exact_duplicate
ref_000504	/home/user/wangyuhan/ML-GV02-03/data/raw/design/GvpA.fasta	WP_281658544.1	WP_281658544.1 gas vesicle structural protein GvpA [Halobacillus sp. Cin3]	6fee2e0959e28f7ad2d6a6b8e1a180ea8cf86b5d7f2e7d0625a0d9b4d1c7c3b5	96	True	False	exact_duplicate
ref_000505	/home/user/wangyuhan/ML-GV02-03/data/raw/design/GvpA.fasta	WP_225064982.1	WP_225064982.1 gas vesicle structural protein GvpA [Pseudalkalibacillus salsuginis]	9587ffd39bd2d85bd5ef1b9a5ae86d45dd30e6a82d024d71e35f3b6b7b313f1e	83	True	False	exact_duplicate
ref_000506	/home/user/wangyuhan/ML-GV02-03/data/raw/design/GvpA.fasta	WP_097650585.1	WP_097650585.1 MULTISPECIES: gas vesicle structural protein GvpA [Candidatus Chloroploca]	2708b2500f3eefced6c03a2e849c6957074512fb0f014e8343be33cf184f5066	69	True	False	exact_duplicate
ref_000507	/home/user/wangyuhan/ML-GV02-03/data/raw/design/GvpA.fasta	WP_012408764.1	WP_012408764.1 MULTISPECIES: gas vesicle structural protein GvpA [Nostoc]	307aae2a7a20a7f3cf488cb36e227a148bf49d9b924e9828e229b081cb145d9b	73	True	False	exact_duplicate
ref_000508	/home/user/wangyuhan/ML-GV02-03/data/raw/design/GvpA.fasta	WP_011316976.1	WP_011316976.1 MULTISPECIES: gas vesicle structural protein GvpA [Nostocaceae]	444b2346dad8b8d36df26a3c5f4c05fe76772f974e7bcd020fa19b6132e0ca44	71	True	False	exact_duplicate
ref_000509	/home/user/wangyuhan/ML-GV02-03/data/raw/design/GvpA.fasta	WP_068866927.1	WP_068866927.1 gas vesicle structural protein GvpA [Prosthecochloris sp. CIB 2401]	d1ffe3160c1f85b8feb9318303c3242b1b3f5affb5de3b3a2fc2ab8444879755	68	True	False	exact_duplicate
ref_000510	/home/user/wangyuhan/ML-GV02-03/data/raw/design/GvpA.fasta	WP_275118280.1	WP_275118280.1 gas vesicle structural protein GvpA [Alkalihalobacterium chitinilyticum]	ccf96d6a6ed62483f79acd8fe73ca53375ccdbff2e5eb7b13fb254638c377970	72	True	False	exact_duplicate
ref_000511	/home/user/wangyuhan/ML-GV02-03/data/raw/design/GvpA.fasta	WP_275036028.1	WP_275036028.1 gas vesicle structural protein GvpA [Priestia aryabhattai]	d1371fd7814fe8dbe69eebdaac7dc0d6ec9407eaf3a1e47a77080b7271904c05	86	True	False	exact_duplicate
ref_000512	/home/user/wangyuhan/ML-GV02-03/data/raw/design/GvpA.fasta	WP_274691980.1	WP_274691980.1 gas vesicle structural protein GvpA [Spartinivicinus poritis]	e6ab93f7efc7fc3ffe18f7c1b0f81b303e89607fc39babd5044a943fc09e239c	72	True	False	exact_duplicate
ref_000513	/home/user/wangyuhan/ML-GV02-03/data/raw/design/GvpA.fasta	WP_272092571.1	WP_272092571.1 gas vesicle structural protein GvpA [Nodularia spumigena]	2132a9e0b250f93ef0736ebabe690b8824688eaa43ca2b5f13031813d3be336a	71	True	False	exact_duplicate
ref_000514	/home/user/wangyuhan/ML-GV02-03/data/raw/design/GvpA.fasta	WP_272074942.1	WP_272074942.1 gas vesicle structural protein GvpA [Nodularia spumigena]	9b4ea9dc72fc9d6476a60eecf72e56bd632d462e769dd90487b525a2b38d7cbc	71	True	False	exact_duplicate
ref_000515	/home/user/wangyuhan/ML-GV02-03/data/raw/design/GvpA.fasta	WP_271933955.1	WP_271933955.1 gas vesicle structural protein GvpA [Nodularia spumigena]	2684144e3e1bc2f66f34bd3471bdb834271f9c778f2e790ef6ac290001111f5f	71	True	False	exact_duplicate
ref_000516	/home/user/wangyuhan/ML-GV02-03/data/raw/design/GvpA.fasta	WP_271795298.1	WP_271795298.1 gas vesicle structural protein GvpA, partial [Dolichospermum planctonicum]	1589f15763a3b3a0bf84fa15f5e9fc045cbb657d2ccfbf4019554b877d7df49c	61	False	False	excluded_header_term
ref_000517	/home/user/wangyuhan/ML-GV02-03/data/raw/design/GvpA.fasta	WP_268070118.1	WP_268070118.1 gas vesicle structural protein GvpA [Clostridium sp. ZS2-4]	c98671ca28ab9cb8f04cae21231ffdd6c177743f85112a951dc5b7ecbdbe98d4	69	True	False	exact_duplicate
ref_000518	/home/user/wangyuhan/ML-GV02-03/data/raw/design/GvpA.fasta	WP_213698146.1	WP_213698146.1 gas vesicle structural protein GvpA [Acetomicrobium sp.]	6eb103ed851a261f0454e5c7b5e46eddc554e5c21ab07bb46777bd1462e56f2c	69	True	False	exact_duplicate
ref_000519	/home/user/wangyuhan/ML-GV02-03/data/raw/design/GvpA.fasta	WP_272058300.1	WP_272058300.1 gas vesicle structural protein GvpA [Nodularia spumigena]	1833721e1724827de2bbb52fb85e65c97bb94592de7b309d46c4c68f6e8d83e3	71	True	False	exact_duplicate
ref_000520	/home/user/wangyuhan/ML-GV02-03/data/raw/design/GvpA.fasta	WP_271806167.1	WP_271806167.1 gas vesicle structural protein GvpA, partial [Dolichospermum circinale]	561df1cd0484632cdef61edba8ed8260b6efcc92409542cfb77187c7e22588b6	66	False	False	excluded_header_term
ref_000521	/home/user/wangyuhan/ML-GV02-03/data/raw/design/GvpA.fasta	WP_265409472.1	WP_265409472.1 gas vesicle structural protein GvpA [Fictibacillus sp. KU28468]	09f47a4c9a94b657ae7d1fd6a904d0e1860e493a6747ea8b5847a6bee1457ba9	87	True	False	exact_duplicate
ref_000522	/home/user/wangyuhan/ML-GV02-03/data/raw/design/GvpA.fasta	WP_264492078.1	WP_264492078.1 gas vesicle structural protein GvpA [Rhodobacter sp. KR11]	399c6c7f39b6c9cf5ad57037cc9d099acc0691f6eb1695ba4f607a70ccca826c	70	True	False	exact_duplicate
ref_000523	/home/user/wangyuhan/ML-GV02-03/data/raw/design/GvpA.fasta	WP_261749222.1	WP_261749222.1 gas vesicle structural protein GvpA [Rossellomorea vietnamensis]	70e619942db9ffc2c9b76b5fbe40eb0e3d554fa5d8f39c38d915e4afa6068257	86	True	False	exact_duplicate
ref_000524	/home/user/wangyuhan/ML-GV02-03/data/raw/design/GvpA.fasta	WP_261225443.1	WP_261225443.1 gas vesicle structural protein GvpA [Ancylothrix sp. D3o]	150260db0a312db92173e5b899cab7b171993c4d392a3abf7694cfa5eb8eca15	75	True	False	exact_duplicate
ref_000525	/home/user/wangyuhan/ML-GV02-03/data/raw/design/GvpA.fasta	WP_261131333.1	WP_261131333.1 gas vesicle structural protein GvpA [Bacillus sp. Marseille-Q3570]	51d4aa4718d4ddd20574d29630496ae709e65d5bca511963ce0250a9c5527def	85	True	False	exact_duplicate
ref_000526	/home/user/wangyuhan/ML-GV02-03/data/raw/design/GvpA.fasta	WP_257448585.1	WP_257448585.1 gas vesicle structural protein GvpA [Archangium lipolyticum]	261427cf6474f66e5844d86d152c1d1da25033923e42ade13bf24ba1363a06e2	100	True	False	exact_duplicate
ref_000527	/home/user/wangyuhan/ML-GV02-03/data/raw/design/GvpA.fasta	WP_257347633.1	WP_257347633.1 gas vesicle structural protein GvpA [Pseudalkalibacillus decolorationis]	68131976059d25a80b1964e517478d2e06e3d10065ab1c880adc94e79071562d	86	True	False	exact_duplicate
ref_000528	/home/user/wangyuhan/ML-GV02-03/data/raw/design/GvpA.fasta	WP_257347630.1	WP_257347630.1 gas vesicle structural protein GvpA [Pseudalkalibacillus decolorationis]	a182ae3bb53ca39deed17650eea46611759fd6620025359944037de10519f372	87	True	False	exact_duplicate
ref_000529	/home/user/wangyuhan/ML-GV02-03/data/raw/design/GvpA.fasta	WP_256019813.1	WP_256019813.1 gas vesicle structural protein GvpA [Roseomonas sp. GC11]	d9e7adf0f15523b79bb71f4b9e86898a470abfd3037e9de253b5b81e9e7b03c8	73	True	False	exact_duplicate
ref_000530	/home/user/wangyuhan/ML-GV02-03/data/raw/design/GvpA.fasta	WP_255242257.1	WP_255242257.1 gas vesicle structural protein GvpA [Evansella sp. LMS18]	9c6b2526a0bb2c4a36c1e2117cf4711ff4b2b937b14c53f1e3da2df9ee87de56	92	True	False	exact_duplicate
ref_000531	/home/user/wangyuhan/ML-GV02-03/data/raw/design/GvpA.fasta	WP_254567340.1	WP_254567340.1 MULTISPECIES: gas vesicle structural protein GvpA [Oscillatoriales]	f6ebacfa83a4d005159e272ad7f53fde298c79600bbb46fde8ccdfb6f03f9f61	72	True	False	exact_duplicate
ref_000532	/home/user/wangyuhan/ML-GV02-03/data/raw/design/GvpA.fasta	WP_253936202.1	WP_253936202.1 gas vesicle structural protein GvpA [Halobacillus sp. A1]	b412c2b00055ebc34540bf363c839797be298e47d292a4360c0e3098d01d727a	97	True	False	exact_duplicate
ref_000533	/home/user/wangyuhan/ML-GV02-03/data/raw/design/GvpA.fasta	WP_253923572.1	WP_253923572.1 gas vesicle structural protein GvpA [Halobacillus sp. A5]	c9dd3d8bb3321e485fa82b9efb3cf0cc2427f43d6df387141e74fbd90e53669e	97	True	False	exact_duplicate
ref_000534	/home/user/wangyuhan/ML-GV02-03/data/raw/design/GvpA.fasta	WP_252284046.1	WP_252284046.1 gas vesicle structural protein GvpA [Priestia megaterium]	cace8f7ec0f10f4823d0ae9dea12552172553751f3f14cb0f92c2a762afd5089	86	True	False	exact_duplicate
ref_000535	/home/user/wangyuhan/ML-GV02-03/data/raw/design/GvpA.fasta	WP_251224769.1	WP_251224769.1 gas vesicle structural protein GvpA [Halalkalibacter oceani]	01217a4061546de4f4235a8a9191a5971150e578f09e8c10e17c47b603704344	86	True	False	exact_duplicate
ref_000536	/home/user/wangyuhan/ML-GV02-03/data/raw/design/GvpA.fasta	WP_245917923.1	WP_245917923.1 gas vesicle structural protein GvpA [Alteribacillus bidgolensis]	8bb7f995156f78926ae79bebee56ba845afa75ef11e95b1602c60f944c886352	90	True	False	exact_duplicate
ref_000537	/home/user/wangyuhan/ML-GV02-03/data/raw/design/GvpA.fasta	WP_245035174.1	WP_245035174.1 gas vesicle structural protein GvpA [Halobacillus amylolyticus]	d067ede25f6c0516a95636ce1ba39bb7c9af60934aa1be5c02f93f76c57f8d13	86	True	False	exact_duplicate
ref_000538	/home/user/wangyuhan/ML-GV02-03/data/raw/design/GvpA.fasta	WP_244752026.1	WP_244752026.1 gas vesicle structural protein GvpA [Halobacillus shinanisalinarum]	09086542d4cbb738c598ac64846bcf11b99d89bf5548d9cd131ec5c41c15d981	86	True	False	exact_duplicate
ref_000539	/home/user/wangyuhan/ML-GV02-03/data/raw/design/GvpA.fasta	WP_244709876.1	WP_244709876.1 gas vesicle structural protein GvpA [Halobacillus salinarum]	b57aea053dff80c6482c73ae4d65951ad92817758d08bbac48f2486c643f6b1d	96	True	False	exact_duplicate
ref_000540	/home/user/wangyuhan/ML-GV02-03/data/raw/design/GvpA.fasta	WP_238625541.1	WP_238625541.1 MULTISPECIES: gas vesicle structural protein GvpA [Ectothiorhodospira]	1c3f16a0fdc7b319cfc790d2f90570d448332245bedff19b9985cdb064da006e	72	True	False	exact_duplicate
ref_000541	/home/user/wangyuhan/ML-GV02-03/data/raw/design/GvpA.fasta	WP_238618220.1	WP_238618220.1 gas vesicle structural protein GvpA [Ectothiorhodospira shaposhnikovii]	50dda88e67458b1e7169cf63df9f4a9573847ffb6e704b8865356239023fc0a5	72	True	False	exact_duplicate
ref_000542	/home/user/wangyuhan/ML-GV02-03/data/raw/design/GvpA.fasta	WP_237663390.1	WP_237663390.1 gas vesicle structural protein GvpA [Sutcliffiella horikoshii]	351862cb01754fd1ab98becc78f0fae74e2cef16eabbad00ce4ec4d17ea28588	88	True	False	exact_duplicate
ref_000543	/home/user/wangyuhan/ML-GV02-03/data/raw/design/GvpA.fasta	WP_236332925.1	WP_236332925.1 gas vesicle structural protein GvpA [Pseudalkalibacillus berkeleyi]	5cb381db9359101cf272e579ba3b52053113cb020d6650cf29644e5d8e8c1024	86	True	False	exact_duplicate
ref_000544	/home/user/wangyuhan/ML-GV02-03/data/raw/design/GvpA.fasta	WP_236332920.1	WP_236332920.1 gas vesicle structural protein GvpA [Pseudalkalibacillus berkeleyi]	4fb6b9391abe691f2baad498dcd90c96aa08fa3d5b40099b2c0cb556e59cae84	85	True	False	exact_duplicate
ref_000545	/home/user/wangyuhan/ML-GV02-03/data/raw/design/GvpA.fasta	WP_235277851.1	WP_235277851.1 gas vesicle structural protein GvpA [Synechococcus sp. Nb3U1]	31320e152ba1b4cfe0c578adc3bc71faebcf564d308a23d5fe331d1623dab72a	72	True	False	exact_duplicate
ref_000546	/home/user/wangyuhan/ML-GV02-03/data/raw/design/GvpA.fasta	WP_234067215.1	WP_234067215.1 gas vesicle structural protein GvpA [Myxococcus stipitatus]	8b714e1325cbfdfacd939fe7c98c8dc650c90f4f53ee18e3c84bf6021011671d	74	True	False	exact_duplicate
ref_000547	/home/user/wangyuhan/ML-GV02-03/data/raw/design/GvpA.fasta	WP_231788133.1	WP_231788133.1 gas vesicle structural protein GvpA [Metabacillus kandeliae]	07bd0e36be9cf6488fb783678d2839408a08e465eeb513fd50df7c54ed244c5b	91	True	False	exact_duplicate
ref_000548	/home/user/wangyuhan/ML-GV02-03/data/raw/design/GvpA.fasta	WP_230500926.1	WP_230500926.1 gas vesicle structural protein GvpA [Sutcliffiella rhizosphaerae]	b5963311e20bf490cf4c5833a96b65a615bf913be133dd296a6f4fd2b9dd8aef	86	True	False	exact_duplicate
ref_000549	/home/user/wangyuhan/ML-GV02-03/data/raw/design/GvpA.fasta	WP_229250374.1	WP_229250374.1 MULTISPECIES: gas vesicle structural protein GvpA [Desulfosporosinus]	45f439ecd52873031578853dd0e7bf7349fee43600e6b3b27eacb8600dc66198	71	True	False	exact_duplicate
ref_000550	/home/user/wangyuhan/ML-GV02-03/data/raw/design/GvpA.fasta	WP_227937098.1	WP_227937098.1 gas vesicle structural protein GvpA [Alkalihalobacillus deserti]	3ce8f60b99b21237414a17cdbbd31332ae83cf3b0bc83fe73fe3cfc226dd3814	85	True	False	exact_duplicate
ref_000551	/home/user/wangyuhan/ML-GV02-03/data/raw/design/GvpA.fasta	WP_226675412.1	WP_226675412.1 gas vesicle structural protein GvpA [Rossellomorea aquimaris]	9dc637e90a7070ed00fed786aa30e4b223dcf60fcb0a7a89ca12bd94a069eb83	86	True	False	exact_duplicate
ref_000552	/home/user/wangyuhan/ML-GV02-03/data/raw/design/GvpA.fasta	WP_226654652.1	WP_226654652.1 gas vesicle structural protein GvpA [Guptibacillus hwajinpoensis]	e092f1bde34194b8d96952c80a1bb45bd13eab90c8f00a8c8b92bd8f8a8e89d8	87	True	False	exact_duplicate
ref_000553	/home/user/wangyuhan/ML-GV02-03/data/raw/design/GvpA.fasta	WP_226592142.1	WP_226592142.1 gas vesicle structural protein GvpA [Halobacillus litoralis]	0f2a8f05ef1200c5dc0cf698f53b0bd686af024e90db1b1c281f9a0dc10db696	97	True	False	exact_duplicate
ref_000554	/home/user/wangyuhan/ML-GV02-03/data/raw/design/GvpA.fasta	WP_224880169.1	WP_224880169.1 gas vesicle structural protein GvpA [Guptibacillus algicola]	1da09a04eab900f303396e5c38a46627db81572da7ab13c70418a763829d05ea	86	True	False	exact_duplicate
ref_000555	/home/user/wangyuhan/ML-GV02-03/data/raw/design/GvpA.fasta	WP_224875779.1	WP_224875779.1 gas vesicle structural protein GvpA [Rossellomorea aquimaris]	a97455c28a62de8f61f44e2f9bdf762bf4d323e39305a2188042fb29f5d0070d	86	True	False	exact_duplicate
ref_000556	/home/user/wangyuhan/ML-GV02-03/data/raw/design/GvpA.fasta	WP_224341338.1	WP_224341338.1 gas vesicle structural protein GvpA [Kovacikia minuta]	5d6c7bd3713afa1895abe6ae329714a578b15ee9382769ce7e3f16678daedbea	72	True	False	exact_duplicate
ref_000557	/home/user/wangyuhan/ML-GV02-03/data/raw/design/GvpA.fasta	WP_224249737.1	WP_224249737.1 gas vesicle structural protein GvpA [Hyalangium gracile]	2b57a127896613be0c567c3e6e1bd21928d29b1de9c410605a650ef834f57699	73	True	False	exact_duplicate
ref_000558	/home/user/wangyuhan/ML-GV02-03/data/raw/design/GvpA.fasta	WP_223643714.1	WP_223643714.1 gas vesicle structural protein GvpA [Corallococcus sp. EGB]	df27c6cb10b51229e5ef6fb5a6948eea04d4f6703b5d0e0ebc4be5ec98ddec28	74	True	False	exact_duplicate
ref_000559	/home/user/wangyuhan/ML-GV02-03/data/raw/design/GvpA.fasta	WP_223587735.1	WP_223587735.1 gas vesicle structural protein GvpA [Neobacillus bataviensis]	86a1bb384f8aaccbe24ac604258d445da780447c431c6d24cc785e6ec4dc5a3f	82	True	False	exact_duplicate
ref_000560	/home/user/wangyuhan/ML-GV02-03/data/raw/design/GvpA.fasta	WP_221567459.1	WP_221567459.1 gas vesicle structural protein GvpA [Alkalihalobacillus sp. TS-13]	edef782f11b8c7eacb3496dc87b615068b7e7be32f3550a413356d8d4de95c45	85	True	False	exact_duplicate
ref_000561	/home/user/wangyuhan/ML-GV02-03/data/raw/design/GvpA.fasta	WP_220598475.1	WP_220598475.1 gas vesicle structural protein GvpA [Oscillochloris sp. ZM17-4]	5fb53d83d56d48c68c10c69bbbc1d2674a8448de312e77544dac1fbb63c5f949	71	True	False	exact_duplicate
ref_000562	/home/user/wangyuhan/ML-GV02-03/data/raw/design/GvpA.fasta	WP_220584226.1	WP_220584226.1 gas vesicle structural protein GvpA [Halobacillus sp. Nhm2S1]	7987b4f5a99061af67e90b3643f244abbd71cc8e9a26261c2cc8f3c85f45c2c9	97	True	False	exact_duplicate
ref_000563	/home/user/wangyuhan/ML-GV02-03/data/raw/design/GvpA.fasta	WP_216830687.1	WP_216830687.1 gas vesicle structural protein GvpA [Alkalihalobacterium elongatum]	da651a0a7b69341f23f4d46ee3c805e350ea3d98b94f0f4fe8704ffafe281576	80	True	False	exact_duplicate
ref_000564	/home/user/wangyuhan/ML-GV02-03/data/raw/design/GvpA.fasta	WP_216144691.1	WP_216144691.1 gas vesicle structural protein GvpA [Priestia aryabhattai]	033157a4d26d86912677f3bbdc709764136df52b7907318179702c277c3c7f0c	86	True	False	exact_duplicate
ref_000565	/home/user/wangyuhan/ML-GV02-03/data/raw/design/GvpA.fasta	WP_215831984.1	WP_215831984.1 gas vesicle structural protein GvpA [Pelorhabdus rhamnosifermentans]	5d4bc3951377fd2faff773917b35ede7c69196d80c3091cc385118c158454d40	86	True	False	exact_duplicate
ref_000566	/home/user/wangyuhan/ML-GV02-03/data/raw/design/GvpA.fasta	WP_215831982.1	WP_215831982.1 gas vesicle structural protein GvpA [Pelorhabdus rhamnosifermentans]	70e926d855b20edca8f9daf9928c0910d108d16747c667ab648201801f4d6619	78	True	False	exact_duplicate
ref_000567	/home/user/wangyuhan/ML-GV02-03/data/raw/design/GvpA.fasta	WP_215828571.1	WP_215828571.1 gas vesicle structural protein GvpA [Pelorhabdus rhamnosifermentans]	483bbff4b0b9b4108f6d432539f113f875d38f69375f16bf995878485774a420	86	True	False	exact_duplicate
ref_000568	/home/user/wangyuhan/ML-GV02-03/data/raw/design/GvpA.fasta	WP_212604240.1	WP_212604240.1 gas vesicle structural protein GvpA [Sporosarcina sp. Marseille-Q4063]	8cc5c88d15faa4d4098f2e0e279a8fb35cdc96628acfb409d13655dbc284d226	86	True	False	exact_duplicate
ref_000569	/home/user/wangyuhan/ML-GV02-03/data/raw/design/GvpA.fasta	WP_211560237.1	WP_211560237.1 gas vesicle structural protein GvpA [Metabacillus flavus]	1ae061b1db7a06cf0b365f4c7845053dda9b7ebb45e9377289bb0f188f49bd40	87	True	False	exact_duplicate
ref_000570	/home/user/wangyuhan/ML-GV02-03/data/raw/design/GvpA.fasta	WP_211077784.1	WP_211077784.1 gas vesicle structural protein GvpA [Priestia megaterium]	2e924180e7ec30a6674687b1fffadb3985fab4556a88fa6d0d47da09af19a742	88	True	False	exact_duplicate
ref_000571	/home/user/wangyuhan/ML-GV02-03/data/raw/design/GvpA.fasta	WP_208733210.1	WP_208733210.1 MULTISPECIES: gas vesicle structural protein GvpA [Priestia]	70501e44d62eb76e66ddc809eae55ad4d35f7427a66686c78618db14d874a65f	86	True	False	exact_duplicate
ref_000572	/home/user/wangyuhan/ML-GV02-03/data/raw/design/GvpA.fasta	WP_207648199.1	WP_207648199.1 gas vesicle structural protein GvpA [Desulfotruncus arcticus]	aef0e900ff08f50b51050dde6bb5f7243d00e9254cf676e0689045da47b7d7a4	75	True	False	exact_duplicate
ref_000573	/home/user/wangyuhan/ML-GV02-03/data/raw/design/GvpA.fasta	WP_207545114.1	WP_207545114.1 gas vesicle structural protein GvpA [Desulfoscipio geothermicus]	31bb770684ff35b24094bfab3a08efbea4548bf6fc3804405eea072a78fca361	74	True	False	exact_duplicate
ref_000574	/home/user/wangyuhan/ML-GV02-03/data/raw/design/GvpA.fasta	WP_206933396.1	WP_206933396.1 gas vesicle structural protein GvpA [Halobacillus kuroshimensis]	fe8e5bed782f7960b0cae5e61ebb67463773e8c2867325b46d0723d6a1d0c490	96	True	False	exact_duplicate
ref_000575	/home/user/wangyuhan/ML-GV02-03/data/raw/design/GvpA.fasta	WP_205090101.1	WP_205090101.1 gas vesicle structural protein GvpA [Thalassobacillus pellis]	dec5fa293ad4eeaffa6f9b9b68a2b16f1c63a3ac47b7654fe352ecb185f5881e	98	True	False	exact_duplicate
ref_000576	/home/user/wangyuhan/ML-GV02-03/data/raw/design/GvpA.fasta	WP_204729210.1	WP_204729210.1 gas vesicle structural protein GvpA [Jeotgalibacillus terrae]	8031a3a05037a74c25189ebe17b41b130b1bdecfaa05fecf04841ffed5b7d94e	88	True	False	exact_duplicate
ref_000577	/home/user/wangyuhan/ML-GV02-03/data/raw/design/GvpA.fasta	WP_204220980.1	WP_204220980.1 gas vesicle structural protein GvpA [Archangium violaceum]	e9a0f84c227e1492bb8380eeeef1129aebadd60aed45ef4d8da47525c8e99431	100	True	False	exact_duplicate
ref_000578	/home/user/wangyuhan/ML-GV02-03/data/raw/design/GvpA.fasta	WP_204152466.1	WP_204152466.1 gas vesicle structural protein GvpA [Leptolyngbya sp. CCY15150]	81e16e28c5b6ae6c687edf26d1131e81f064e78832c4adcc34b641fd643a0d3a	71	True	False	exact_duplicate
ref_000579	/home/user/wangyuhan/ML-GV02-03/data/raw/design/GvpA.fasta	WP_202218625.1	WP_202218625.1 gas vesicle structural protein GvpA [Okeania sp. KiyG1]	a2748151d0c02d5ee64cb337c18e79efd81482960c596f5e4f6e074f4c03cabf	90	True	False	exact_duplicate
ref_000580	/home/user/wangyuhan/ML-GV02-03/data/raw/design/GvpA.fasta	WP_201714563.1	WP_201714563.1 gas vesicle structural protein GvpA [Rossellomorea arthrocnemi]	13b468f1d3a3dbb11fa2839385568126ace3d38387010fd7e6b08a6259d94000	86	True	False	exact_duplicate
ref_000581	/home/user/wangyuhan/ML-GV02-03/data/raw/design/GvpA.fasta	WP_201392536.1	WP_201392536.1 MULTISPECIES: gas vesicle structural protein GvpA [Ktedonobacteraceae]	d4535c05655d38b6793226a1d23a25c56906808389ddcfab5e4bfda317918e57	71	True	False	exact_duplicate
ref_000582	/home/user/wangyuhan/ML-GV02-03/data/raw/design/GvpA.fasta	WP_201375104.1	WP_201375104.1 MULTISPECIES: gas vesicle structural protein GvpA [Ktedonobacter]	dd1c249d0891ddb7284f0f9c047e5891ce47556dd767e6235b9e039efc5e7d8f	71	True	False	exact_duplicate
ref_000583	/home/user/wangyuhan/ML-GV02-03/data/raw/design/GvpA.fasta	WP_201320714.1	WP_201320714.1 gas vesicle structural protein GvpA [Pseudanabaena sp. lw0831]	90d11bccd2cb7147c1fee47f2b0f358a197ba3bdfa1c9c5d2188fb199722c527	75	True	False	exact_duplicate
ref_000584	/home/user/wangyuhan/ML-GV02-03/data/raw/design/GvpA.fasta	WP_200989004.1	WP_200989004.1 gas vesicle structural protein GvpA [Anabaenopsis elenkinii]	96074fbc1c013ecec913fd6d727f8fb9ce191eaf5c13455284d6261afb06de81	71	True	False	exact_duplicate
ref_000585	/home/user/wangyuhan/ML-GV02-03/data/raw/design/GvpA.fasta	WP_200348319.1	WP_200348319.1 gas vesicle structural protein GvpA [Halochromatium glycolicum]	42c893463fb64a324e0329fe17ac8680ed28500bc84d8ca81fd4e667fa6627e9	72	True	False	exact_duplicate
ref_000586	/home/user/wangyuhan/ML-GV02-03/data/raw/design/GvpA.fasta	WP_200245878.1	WP_200245878.1 MULTISPECIES: gas vesicle structural protein GvpA [Chromatiaceae]	b210eed1ce4ece76342b0d73984857ae46c94c81715fcf6e4aeb612f57a90326	72	True	False	exact_duplicate
ref_000587	/home/user/wangyuhan/ML-GV02-03/data/raw/design/GvpA.fasta	WP_197992829.1	WP_197992829.1 gas vesicle structural protein GvpA, partial [Trichormus variabilis]	2d95495542132d4c6c5b10419e4dcfa8c4f2ecd30e7d29a132528f7090062773	60	False	False	excluded_header_term
ref_000588	/home/user/wangyuhan/ML-GV02-03/data/raw/design/GvpA.fasta	WP_195782633.1	WP_195782633.1 MULTISPECIES: gas vesicle structural protein GvpA [Priestia]	68d62db14d5f1911f6ac8ff9bb45e58ec4dd1943686990174f214a41d639ffa7	92	True	False	exact_duplicate
ref_000589	/home/user/wangyuhan/ML-GV02-03/data/raw/design/GvpA.fasta	WP_195782579.1	WP_195782579.1 MULTISPECIES: gas vesicle structural protein GvpA [Priestia]	d2440e6d37d33df171fe01f57e543b1b8dee111fd57f9374a4bd9c967cc46d30	86	True	False	exact_duplicate
ref_000590	/home/user/wangyuhan/ML-GV02-03/data/raw/design/GvpA.fasta	WP_194218447.1	WP_194218447.1 gas vesicle structural protein GvpA [Guptibacillus hwajinpoensis]	b454aacc4a69df8c17a0ae023415ccd95ef9280551de8885b41dd5cdd0974814	86	True	False	exact_duplicate
ref_000591	/home/user/wangyuhan/ML-GV02-03/data/raw/design/GvpA.fasta	WP_194056178.1	WP_194056178.1 gas vesicle structural protein GvpA [Sphaerospermopsis sp. LEGE 08334]	ec09e260540587684c1e3d9fe9e3637bb1adc3247e4a9067aa55daa390cc3d04	71	True	False	exact_duplicate
ref_000592	/home/user/wangyuhan/ML-GV02-03/data/raw/design/GvpA.fasta	WP_194056176.1	WP_194056176.1 gas vesicle structural protein GvpA, partial [Sphaerospermopsis sp. LEGE 08334]	25fcb1b7b6c3c6f6f29d297ffe5e8ee45369c0012ecf179b3592855f1435475b	68	False	False	excluded_header_term
ref_000593	/home/user/wangyuhan/ML-GV02-03/data/raw/design/GvpA.fasta	WP_193959329.1	WP_193959329.1 gas vesicle structural protein GvpA [Microcystis sp. LEGE 08355]	ac3fec2dc9e749e499b3e4a092b2209cd258b594be45b2722243983cf6668fdb	71	True	False	exact_duplicate
ref_000594	/home/user/wangyuhan/ML-GV02-03/data/raw/design/GvpA.fasta	WP_193955741.1	WP_193955741.1 gas vesicle structural protein GvpA [Microcystis aeruginosa]	a99ea42aba6e85ef549b7d8e416359a466d46ce659926a89bdc4ab5ad66466dd	71	True	False	exact_duplicate
ref_000595	/home/user/wangyuhan/ML-GV02-03/data/raw/design/GvpA.fasta	WP_193897365.1	WP_193897365.1 gas vesicle structural protein GvpA [Dolichospermum sp. LEGE 00240]	f3ffcf9688b666fefb41b15728857b3a6e39c845812a4c51303b911c0e97691c	71	True	False	exact_duplicate
ref_000596	/home/user/wangyuhan/ML-GV02-03/data/raw/design/GvpA.fasta	WP_193875962.1	WP_193875962.1 gas vesicle structural protein GvpA [Oculatella sp. LEGE 06141]	69d5fc3c411ad66493e683f263ee3611aa1ce48ec7ae2bab25d8c7bd382557f5	72	True	False	exact_duplicate
ref_000597	/home/user/wangyuhan/ML-GV02-03/data/raw/design/GvpA.fasta	WP_193725987.1	WP_193725987.1 gas vesicle structural protein GvpA [Anaerosacchariphilus polymeriproducens]	3256fc90422610c7f8cc0a145238e190ca06dd23a58996a7b90a413e590e2e97	74	True	False	exact_duplicate
ref_000598	/home/user/wangyuhan/ML-GV02-03/data/raw/design/GvpA.fasta	WP_193422258.1	WP_193422258.1 gas vesicle structural protein GvpA [Priestia aryabhattai]	41c81011f9e8389dd829259c7b6bcd460f706545f4fe7fa745aa5fb59e250d56	86	True	False	exact_duplicate
ref_000599	/home/user/wangyuhan/ML-GV02-03/data/raw/design/GvpA.fasta	WP_191157535.1	WP_191157535.1 gas vesicle structural protein GvpA [Metabacillus arenae]	fd9a2791aaca81c0c6ef24e2cab39f1a5d6e705c33b05238f2712e5de5243b2f	86	True	False	exact_duplicate
ref_000600	/home/user/wangyuhan/ML-GV02-03/data/raw/design/GvpA.fasta	WP_190828481.1	WP_190828481.1 gas vesicle structural protein GvpA [Iningainema tapete]	147b949dc21dd0206855041420faca8e32520d15d14330d7bc86cf6d33d5f357	72	True	False	exact_duplicate
ref_000601	/home/user/wangyuhan/ML-GV02-03/data/raw/design/GvpA.fasta	WP_190804824.1	WP_190804824.1 MULTISPECIES: gas vesicle structural protein GvpA [Cyanophyceae]	d6412c6847666b43092f09700057b7028e8a6ce267e669cf08a36f2c9b317164	72	True	False	exact_duplicate
ref_000602	/home/user/wangyuhan/ML-GV02-03/data/raw/design/GvpA.fasta	WP_190775818.1	WP_190775818.1 MULTISPECIES: gas vesicle structural protein GvpA [unclassified Leptolyngbya]	a742950a1415bf5dc5826e948cd1ca2bce0b191f6b93af6d7679f7196e44033c	72	True	False	exact_duplicate
ref_000603	/home/user/wangyuhan/ML-GV02-03/data/raw/design/GvpA.fasta	WP_190774558.1	WP_190774558.1 MULTISPECIES: gas vesicle structural protein GvpA [unclassified Leptolyngbya]	ac6b927c7781d88d481326c81640d4117b05bd63e1bc06fccae7cb04a5d8f13c	72	True	False	exact_duplicate
ref_000604	/home/user/wangyuhan/ML-GV02-03/data/raw/design/GvpA.fasta	WP_190627385.1	WP_190627385.1 MULTISPECIES: gas vesicle structural protein GvpA [Cyanophyceae]	41e20b6f7b2c95cf431aa42cc4d8174ac8d4e3e222df57046d9cb5654f2f63c6	72	True	False	exact_duplicate
ref_000605	/home/user/wangyuhan/ML-GV02-03/data/raw/design/GvpA.fasta	WP_190503885.1	WP_190503885.1 MULTISPECIES: gas vesicle structural protein GvpA [Cyanophyceae]	af304bea340b7ec20d1ebeedba7a97b6fb9a4988341d22c278d967bbeea464ab	72	True	False	exact_duplicate
ref_000606	/home/user/wangyuhan/ML-GV02-03/data/raw/design/GvpA.fasta	WP_190483017.1	WP_190483017.1 gas vesicle structural protein GvpA [Pseudanabaena sp. FACHB-2040]	d4359a01f2d63626acd85ed3599deb77a66e4425fc81900bae59e0664858541b	72	True	False	exact_duplicate
ref_000607	/home/user/wangyuhan/ML-GV02-03/data/raw/design/GvpA.fasta	WP_190387978.1	WP_190387978.1 MULTISPECIES: gas vesicle structural protein GvpA [Aphanizomenon]	1593c2fcfad25e37eeb44401e0a9eb7a01d85e8743bf7bffe2f10465f9841503	71	True	False	exact_duplicate
ref_000608	/home/user/wangyuhan/ML-GV02-03/data/raw/design/GvpA.fasta	WP_188484346.1	WP_188484346.1 gas vesicle structural protein GvpA [Marivita lacus]	dcefec45b0e834bbd1136c1bbb8b0429271afa94f2d470875d28280221668c7d	76	True	False	exact_duplicate
ref_000609	/home/user/wangyuhan/ML-GV02-03/data/raw/design/GvpA.fasta	WP_188376898.1	WP_188376898.1 gas vesicle structural protein GvpA [Halobacillus andaensis]	51eefbe258bc538937c4fe739b0119b2771961736afbd2f153652889eb0743f4	97	True	False	exact_duplicate
ref_000610	/home/user/wangyuhan/ML-GV02-03/data/raw/design/GvpA.fasta	WP_183851985.1	WP_183851985.1 gas vesicle structural protein GvpA [Prosthecomicrobium pneumaticum]	ffde9c8a0aa4cd762cfdac8019aa7ff22a264d2536d40a17ae6ed8124c75dfc6	70	True	False	exact_duplicate
ref_000611	/home/user/wangyuhan/ML-GV02-03/data/raw/design/GvpA.fasta	WP_182005034.1	WP_182005034.1 gas vesicle structural protein GvpA [Priestia aryabhattai]	e7817d8ef39a8df0fcfde6f2281f94ef0d214cbe50dd040a7bffeef7741c2c48	92	True	False	exact_duplicate
ref_000612	/home/user/wangyuhan/ML-GV02-03/data/raw/design/GvpA.fasta	WP_181347943.1	WP_181347943.1 gas vesicle structural protein GvpA [Thalassobacillus sp. CUG 92003]	c740155726ca8561a0237b2904e5ad28e95620f8bdb7251f4152bf37a2d904ac	91	True	False	exact_duplicate
ref_000613	/home/user/wangyuhan/ML-GV02-03/data/raw/design/GvpA.fasta	WP_176235518.1	WP_176235518.1 gas vesicle structural protein GvpA [Candidatus Hakubella thermalkaliphila]	8e2e16185848c52bf74f0b2ae60f4b5a57547e238cf8fdb907e2f0056555b7e4	68	True	False	exact_duplicate
ref_000614	/home/user/wangyuhan/ML-GV02-03/data/raw/design/GvpA.fasta	WP_176226614.1	WP_176226614.1 gas vesicle structural protein GvpA [Candidatus Hakubella thermalkaliphila]	28fa7b3d2875a180443b1cbb62a5fdb104fc20c017c17f0b1d42ba1f0796363c	68	True	False	exact_duplicate
ref_000615	/home/user/wangyuhan/ML-GV02-03/data/raw/design/GvpA.fasta	WP_175989907.1	WP_175989907.1 gas vesicle structural protein GvpA [Bacillus sp. Marseille-Q1617]	ca9d4013ee99a3222d426fc8ffbd7bf9bbebf316132153900a4314185543d6dd	86	True	False	exact_duplicate
ref_000616	/home/user/wangyuhan/ML-GV02-03/data/raw/design/GvpA.fasta	WP_173918086.1	WP_173918086.1 gas vesicle structural protein GvpA [Halobacillus sp. Marseille-Q1614]	d7a9007355adf4811ce9527f12867b4c5e1906f6bbc68b19607ff08cc3491071	99	True	False	exact_duplicate
ref_000617	/home/user/wangyuhan/ML-GV02-03/data/raw/design/GvpA.fasta	WP_172370385.1	WP_172370385.1 gas vesicle structural protein GvpA [Sporosarcina jiandibaonis]	2ea4868f939df14228bd1942b33d1d965c02fddbd819aa6644466da282657191	86	True	False	exact_duplicate
ref_000618	/home/user/wangyuhan/ML-GV02-03/data/raw/design/GvpA.fasta	WP_172253945.1	WP_172253945.1 gas vesicle structural protein GvpA [Bacillus haikouensis]	3dd127a0efcf9a5457c8aab8bd64b72b607763502880671c1eddc2683defaedd	86	True	False	exact_duplicate
ref_000619	/home/user/wangyuhan/ML-GV02-03/data/raw/design/GvpA.fasta	WP_171572203.1	WP_171572203.1 gas vesicle structural protein GvpA [Leptolyngbya sp. Cla-17]	0cf4b83878ac8a432a8cb15ea998c13ea262e62c0c024b2ffd0c14ed460d91d8	72	True	False	exact_duplicate
ref_000621	/home/user/wangyuhan/ML-GV02-03/data/raw/design/GvpA.fasta	WP_169617606.1	WP_169617606.1 gas vesicle structural protein GvpA [Nodosilinea sp. P-1105]	b5cc1b368bdd05e5035ffa80dd3cdf0f70b0d08a532c611ec882c9de48229c39	72	True	False	exact_duplicate
ref_000622	/home/user/wangyuhan/ML-GV02-03/data/raw/design/GvpA.fasta	WP_169565185.1	WP_169565185.1 gas vesicle structural protein GvpA [Shewanella salipaludis]	f3c68da8dba27ecffeaa1845c5c3adb9482736051e5c46cf94a53e40a70dc08c	72	True	False	exact_duplicate
ref_000623	/home/user/wangyuhan/ML-GV02-03/data/raw/design/GvpA.fasta	WP_169262979.1	WP_169262979.1 MULTISPECIES: gas vesicle structural protein GvpA [Brasilonema]	c43002c4a19c5a35a8b029e2fc1dc44ebe1378e0488626adc1d42d6497ce119e	72	True	False	exact_duplicate
ref_000624	/home/user/wangyuhan/ML-GV02-03/data/raw/design/GvpA.fasta	WP_168922290.1	WP_168922290.1 MULTISPECIES: gas vesicle structural protein GvpA [Comamonadaceae]	06e368ceaac5aa0f9edcd6c79dcd38e4db1343f1c85fb2646dff9f2875372bb5	72	True	False	exact_duplicate
ref_000625	/home/user/wangyuhan/ML-GV02-03/data/raw/design/GvpA.fasta	WP_168654214.1	WP_168654214.1 gas vesicle structural protein GvpA, partial [Dolichospermum sp. UHCC 0406]	bcfea43f3a708c18a0255413c67243da1bbfa1308b55ba40d2e7ee380888f5b3	70	False	False	excluded_header_term
ref_000626	/home/user/wangyuhan/ML-GV02-03/data/raw/design/GvpA.fasta	WP_168569945.1	WP_168569945.1 MULTISPECIES: gas vesicle structural protein GvpA [Oxynema]	4274eb9d5d32732dadc50cd4a62ee261fc2f41131c032bb6a31e27426acfe9a3	72	True	False	exact_duplicate
ref_000627	/home/user/wangyuhan/ML-GV02-03/data/raw/design/GvpA.fasta	WP_166344573.1	WP_166344573.1 gas vesicle structural protein GvpA [Desulfofundulus sp. TPOSR]	e97c470cdf39521e7d2b091140cac61277ad74e9c82ab70ce043eaa534b0e777	74	True	False	exact_duplicate
ref_000628	/home/user/wangyuhan/ML-GV02-03/data/raw/design/GvpA.fasta	WP_166030104.1	WP_166030104.1 gas vesicle structural protein GvpA [Neobacillus terrae]	88ee73fdf0fc427edc719994808470adface4fcba624e7ef2ff2a7cf2013ac58	86	True	False	exact_duplicate
ref_000629	/home/user/wangyuhan/ML-GV02-03/data/raw/design/GvpA.fasta	WP_166030101.1	WP_166030101.1 gas vesicle structural protein GvpA [Neobacillus terrae]	44075425e280f91869f7741a7bc28162c3513fbe4286c8c31cfabf4b92f3c471	86	True	False	exact_duplicate
ref_000630	/home/user/wangyuhan/ML-GV02-03/data/raw/design/GvpA.fasta	WP_165227581.1	WP_165227581.1 gas vesicle structural protein GvpA [Aquisphaera insulae]	2bfd989de859f7b78cc5cdafcbb82e88bba0cc02858c6702a1b7a3cbc8b48a48	72	True	False	exact_duplicate
ref_000631	/home/user/wangyuhan/ML-GV02-03/data/raw/design/GvpA.fasta	WP_163931998.1	WP_163931998.1 MULTISPECIES: gas vesicle structural protein GvpA [Nostocaceae]	f582579e03d4f33745710ec08dc14dd03fd5d94e2537499212a7d56fb6dbe395	73	True	False	exact_duplicate
ref_000632	/home/user/wangyuhan/ML-GV02-03/data/raw/design/GvpA.fasta	WP_163836694.1	WP_163836694.1 gas vesicle structural protein GvpA [Spartinivicinus ruber]	bf89f43284d2a11b93029904c571f0b75c5c61115d2e3f97cd9453172f114e44	78	True	False	exact_duplicate
ref_000633	/home/user/wangyuhan/ML-GV02-03/data/raw/design/GvpA.fasta	WP_163529014.1	WP_163529014.1 gas vesicle structural protein GvpA [Halobacillus ihumii]	a724b9a2188c92ae4680c6021e8175febfd068e3e1a36a1e8d79b9987fb1f7ef	86	True	False	exact_duplicate
ref_000634	/home/user/wangyuhan/ML-GV02-03/data/raw/design/GvpA.fasta	WP_162425313.1	WP_162425313.1 gas vesicle structural protein GvpA [Myxacorys almedinensis]	0d33e01c516b8fa75a9bae2c289330a2df1ff698409077a81508e2a1b774b408	72	True	False	exact_duplicate
ref_000635	/home/user/wangyuhan/ML-GV02-03/data/raw/design/GvpA.fasta	WP_160838115.1	WP_160838115.1 MULTISPECIES: gas vesicle structural protein GvpA [Halobacillus]	a93e3ba867fc0e432d17b97613e9dae64c4928702c27a2a4ab768499b29c6b65	96	True	False	exact_duplicate
ref_000636	/home/user/wangyuhan/ML-GV02-03/data/raw/design/GvpA.fasta	WP_160763777.1	WP_160763777.1 gas vesicle structural protein GvpA [Kangsaoukella pontilimi]	08ca607a70bf3998101a9512eb52b57c1b80e2c13c49a70a6984ed5d0bef0b30	70	True	False	exact_duplicate
ref_000637	/home/user/wangyuhan/ML-GV02-03/data/raw/design/GvpA.fasta	WP_160098649.1	WP_160098649.1 gas vesicle structural protein GvpA [Pontibacillus sp. HMF3514]	af18bcf2e4b0e65e7263498986dac3759cf19b503ad1c9afc56cd94b8d10fd6c	89	True	False	exact_duplicate
ref_000638	/home/user/wangyuhan/ML-GV02-03/data/raw/design/GvpA.fasta	WP_158737367.1	WP_158737367.1 gas vesicle structural protein GvpA [Alteribacillus sp. YIM 98480]	b65869cada68668b58e159e12433311e1de5a68dc53de91e57b6da112f6405d8	90	True	False	exact_duplicate
ref_000639	/home/user/wangyuhan/ML-GV02-03/data/raw/design/GvpA.fasta	WP_155113886.1	WP_155113886.1 gas vesicle structural protein GvpA [Metabacillus mangrovi]	26e90ce65ed710949c0616c1d01bf8d9c4da5391309914744ead4c7070782daf	93	True	False	exact_duplicate
ref_000640	/home/user/wangyuhan/ML-GV02-03/data/raw/design/GvpA.fasta	WP_155113280.1	WP_155113280.1 gas vesicle structural protein GvpA [Metabacillus mangrovi]	61426f7141080b783b8bad001f76e67d408f7293a1e1dcd5af4fbcc8d86c19a6	87	True	False	exact_duplicate
ref_000641	/home/user/wangyuhan/ML-GV02-03/data/raw/design/GvpA.fasta	WP_154318992.1	WP_154318992.1 gas vesicle structural protein GvpA [Metabacillus idriensis]	0b3996e134f02f495b8fa69573a854898b56b7746d5f239e34e570d2416197e1	89	True	False	exact_duplicate
ref_000642	/home/user/wangyuhan/ML-GV02-03/data/raw/design/GvpA.fasta	WP_154306366.1	WP_154306366.1 gas vesicle structural protein GvpA [Metabacillus lacus]	5db4631b2c67ffc9f980f26e5b49807b6cccdced28e9b4e9d9135a7be3675830	84	True	False	exact_duplicate
ref_000643	/home/user/wangyuhan/ML-GV02-03/data/raw/design/GvpA.fasta	WP_154306363.1	WP_154306363.1 gas vesicle structural protein GvpA [Metabacillus lacus]	a1aca46bcd6c4b9b05ebac7cfeeab09e2c72a59b78687d8e31b1537e10eeacc4	89	True	False	exact_duplicate
ref_000644	/home/user/wangyuhan/ML-GV02-03/data/raw/design/GvpA.fasta	WP_153488019.1	WP_153488019.1 gas vesicle structural protein GvpA [Segnochrobactrum spirostomi]	9f8db13e803cecc901b782bc92f7a669b196f8d1559a4f7432d1ca4dfbec22bc	70	True	False	exact_duplicate
ref_000645	/home/user/wangyuhan/ML-GV02-03/data/raw/design/GvpA.fasta	WP_153228363.1	WP_153228363.1 gas vesicle structural protein GvpA [Anabaena sp. YBS01]	5232d22b275d6456aae5dc4a6edaafcfcd87cefacf6cd7a043cb5e19bcebe450	61	True	False	exact_duplicate
ref_000646	/home/user/wangyuhan/ML-GV02-03/data/raw/design/GvpA.fasta	WP_152445663.1	WP_152445663.1 gas vesicle structural protein GvpA [Bacillus sp. THAF10]	57d68f25d5ecc38510164ceef8be27a7a2615ede80dd69b925319d40786dbea6	86	True	False	exact_duplicate
ref_000647	/home/user/wangyuhan/ML-GV02-03/data/raw/design/GvpA.fasta	WP_149998199.1	WP_149998199.1 gas vesicle structural protein GvpA [Chlorobium phaeovibrioides]	9c9da073119bec6006bcb26a59f51d6d9ce307413e9c293b0206492bedc5f83f	76	True	False	exact_duplicate
ref_000648	/home/user/wangyuhan/ML-GV02-03/data/raw/design/GvpA.fasta	WP_148989232.1	WP_148989232.1 MULTISPECIES: gas vesicle structural protein GvpA [Bacillaceae]	3efb93524692f0b96dfaa046d32f4a4123c23703e80573acf200f32afef6f10b	86	True	False	exact_duplicate
ref_000649	/home/user/wangyuhan/ML-GV02-03/data/raw/design/GvpA.fasta	WP_147804077.1	WP_147804077.1 gas vesicle structural protein GvpA [Alkalicoccus halolimnae]	fb5b09ad142f93c1de5fc94ad9030f80236fefe99428c8796f85f0d9f8a6e680	87	True	False	exact_duplicate
ref_000651	/home/user/wangyuhan/ML-GV02-03/data/raw/design/GvpA.fasta	WP_144644477.1	WP_144644477.1 MULTISPECIES: gas vesicle structural protein GvpA [Priestia]	f65bb2c7a1c06eb690c41d6add3becb8b971747d7fca540ad9464387cce9731a	92	True	False	exact_duplicate
ref_000652	/home/user/wangyuhan/ML-GV02-03/data/raw/design/GvpA.fasta	WP_144543769.1	WP_144543769.1 gas vesicle structural protein GvpA [Cytobacillus oceanisediminis]	bd790502a785bc49c92c22bfe6be22e078ca2560637cb3de09378ff468ab79ac	86	True	False	exact_duplicate
ref_000653	/home/user/wangyuhan/ML-GV02-03/data/raw/design/GvpA.fasta	WP_144543765.1	WP_144543765.1 gas vesicle structural protein GvpA [Cytobacillus oceanisediminis]	245b236a00cae586f79fa63c873914632e120d70515a231486106df4438d0c4a	86	True	False	exact_duplicate
ref_000654	/home/user/wangyuhan/ML-GV02-03/data/raw/design/GvpA.fasta	WP_142864691.1	WP_142864691.1 MULTISPECIES: gas vesicle structural protein GvpA [Methylosinus]	063ea39f372fcc47b8549d3aaffbd563c50edad459e9e6c3bf3095d19d3db631	72	True	False	exact_duplicate
ref_000655	/home/user/wangyuhan/ML-GV02-03/data/raw/design/GvpA.fasta	WP_142224076.1	WP_142224076.1 gas vesicle structural protein GvpA [Xanthobacter agilis]	505ccb0a3946a89f043772a19b0276f10c34dede49965e1817e861e3000c1cba	70	True	False	exact_duplicate
ref_000656	/home/user/wangyuhan/ML-GV02-03/data/raw/design/GvpA.fasta	WP_138810370.1	WP_138810370.1 gas vesicle structural protein GvpA [Alteribacter natronophilus]	de4c1cf697d48510a55069600b1f2eab433e3ebd22d7ffa77360990606008398	87	True	False	exact_duplicate
ref_000657	/home/user/wangyuhan/ML-GV02-03/data/raw/design/GvpA.fasta	WP_138780689.1	WP_138780689.1 gas vesicle structural protein GvpA [Bacillus sp. BHET2]	ab1b4f2c562433c40902e605afcc909b32209bdc98e2ca3da60691cbb23d5d67	86	True	False	exact_duplicate
ref_000658	/home/user/wangyuhan/ML-GV02-03/data/raw/design/GvpA.fasta	WP_138500607.1	WP_138500607.1 gas vesicle structural protein GvpA [Nostoc sp. PA-18-2419]	6475ddba2899c58b73cc4476693b692ad5718153e4258aafdb46621d84941a5c	73	True	False	exact_duplicate
ref_000659	/home/user/wangyuhan/ML-GV02-03/data/raw/design/GvpA.fasta	WP_136922933.1	WP_136922933.1 gas vesicle structural protein GvpA [Polyangium aurulentum]	6bbc846fc8bfac59f7c6510418290574d1f669840583c3476a2d090d30078eaa	72	True	False	exact_duplicate
ref_000660	/home/user/wangyuhan/ML-GV02-03/data/raw/design/GvpA.fasta	WP_135552856.1	WP_135552856.1 gas vesicle structural protein GvpA [Desulfosporosinus fructosivorans]	fb842fc4ca3ea6c7b170e9b7ce77ec3aa1d61dbdd09fca433c1baa3e1dd32bd5	70	True	False	exact_duplicate
ref_000661	/home/user/wangyuhan/ML-GV02-03/data/raw/design/GvpA.fasta	WP_134699217.1	WP_134699217.1 gas vesicle structural protein GvpA [Ammoniphilus sp. YIM 78166]	34624fdc2470cd5a2bf34c9a89c60b90e45ccce685c62926947223a291d04faa	74	True	False	exact_duplicate
ref_000662	/home/user/wangyuhan/ML-GV02-03/data/raw/design/GvpA.fasta	WP_134492829.1	WP_134492829.1 gas vesicle structural protein GvpA [Methylocella tundrae]	82d6c5940960b17a96d33ed7f30f9166d9ad35f19afddade725c4f4376ab8ed3	72	True	False	exact_duplicate
ref_000663	/home/user/wangyuhan/ML-GV02-03/data/raw/design/GvpA.fasta	WP_134218556.1	WP_134218556.1 MULTISPECIES: gas vesicle structural protein GvpA [Pelotomaculum]	cf3573d661974bcf483617ebe29e38abcb9dc30cd53f4a57a629ac5346636095	72	True	False	exact_duplicate
ref_000664	/home/user/wangyuhan/ML-GV02-03/data/raw/design/GvpA.fasta	WP_134214557.1	WP_134214557.1 gas vesicle structural protein GvpA [Pelotomaculum propionicicum]	365d3ed63bb6048abb9c92e244b98220c4122a7197744311ebff47ef4dcc3098	70	True	False	exact_duplicate
ref_000665	/home/user/wangyuhan/ML-GV02-03/data/raw/design/GvpA.fasta	WP_133377284.1	WP_133377284.1 gas vesicle structural protein GvpA [Jeotgalibacillus sp. S-D1]	6d7cf2e541fa269a8a552305d6f8ffb990af63631ee89181d549a46abaaee09a	89	True	False	exact_duplicate
ref_000666	/home/user/wangyuhan/ML-GV02-03/data/raw/design/GvpA.fasta	WP_133223097.1	WP_133223097.1 gas vesicle structural protein GvpA [Paracraurococcus ruber]	8bb6c5a9c15b53104f77ac1bade4b9eede346be437816743b1b4bde55ca0ab93	72	True	False	exact_duplicate
ref_000667	/home/user/wangyuhan/ML-GV02-03/data/raw/design/GvpA.fasta	WP_132243846.1	WP_132243846.1 gas vesicle structural protein GvpA [Marinisporobacter balticus]	743c7630acb96591de704472d129e2f2d3a0fef7aaa9517e51dadee07e54dd71	71	True	False	exact_duplicate
ref_000668	/home/user/wangyuhan/ML-GV02-03/data/raw/design/GvpA.fasta	WP_132243844.1	WP_132243844.1 gas vesicle structural protein GvpA [Marinisporobacter balticus]	55e5b08f11099324ee5a170e0986524a6fe91326a9aa6f8497f5cc013ed913db	71	True	False	exact_duplicate
ref_000669	/home/user/wangyuhan/ML-GV02-03/data/raw/design/GvpA.fasta	WP_132243842.1	WP_132243842.1 gas vesicle structural protein GvpA [Marinisporobacter balticus]	1cabf52c370a690f1b571a16c38fd94f7cfe2f67c52c7b4844a27cc497acd584	72	True	False	exact_duplicate
ref_000670	/home/user/wangyuhan/ML-GV02-03/data/raw/design/GvpA.fasta	WP_132034394.1	WP_132034394.1 gas vesicle structural protein GvpA [Aquabacter spiritensis]	d43d1d5ec03e055dcf06d5715d69b3a4b218fb2526beaf4ce6cd8aff93b974a4	70	True	False	exact_duplicate
ref_000671	/home/user/wangyuhan/ML-GV02-03/data/raw/design/GvpA.fasta	WP_129629567.1	WP_129629567.1 gas vesicle structural protein GvpA [Candidatus Oscillochloris fontis]	c72edb773e9a92736861118e86c5922547af44fa7cbfff690dace1f221bd8672	71	True	False	exact_duplicate
ref_000672	/home/user/wangyuhan/ML-GV02-03/data/raw/design/GvpA.fasta	WP_126462316.1	WP_126462316.1 MULTISPECIES: gas vesicle structural protein GvpA [Flavobacterium]	c8ff85651c16b5c02641dea13a8c9f6200d4c67afc73ad60421d9105f5bbec37	68	True	False	exact_duplicate
ref_000673	/home/user/wangyuhan/ML-GV02-03/data/raw/design/GvpA.fasta	WP_123918855.1	WP_123918855.1 gas vesicle structural protein GvpA [Bacillus sp. FJAT-42376]	46ac4cba4b1b67d73932515af3f6e57ce887f16631032dadae476a881b1cffd7	87	True	False	exact_duplicate
ref_000674	/home/user/wangyuhan/ML-GV02-03/data/raw/design/GvpA.fasta	WP_122899492.1	WP_122899492.1 MULTISPECIES: gas vesicle structural protein GvpA [Alteribacter]	a456b71634370e28c157ca1e8ef52833b6df4095e4c2400b03e14dce0db3065b	87	True	False	exact_duplicate
ref_000675	/home/user/wangyuhan/ML-GV02-03/data/raw/design/GvpA.fasta	WP_121937738.1	WP_121937738.1 gas vesicle structural protein GvpA [Eilatimonas milleporae]	a5d09cc64cdab8bb36764a8fa45c2c91752e4750fe379252f8a8686b6f344db9	84	True	False	exact_duplicate
ref_000676	/home/user/wangyuhan/ML-GV02-03/data/raw/design/GvpA.fasta	WP_121524050.1	WP_121524050.1 gas vesicle structural protein GvpA [Oceanobacillus piezotolerans]	d90ba4fc5295a2ed9e09eebb2759be6e487a9029759dea5359dfc98215e6c863	91	True	False	exact_duplicate
ref_000677	/home/user/wangyuhan/ML-GV02-03/data/raw/design/GvpA.fasta	WP_120191650.1	WP_120191650.1 MULTISPECIES: gas vesicle structural protein GvpA [Sinobaca]	c7c2a6d15e1ef7e082fbef8e2ae4fb5190226adbbebca7ef166a9995a882bc1b	89	True	False	exact_duplicate
ref_000678	/home/user/wangyuhan/ML-GV02-03/data/raw/design/GvpA.fasta	WP_119169329.1	WP_119169329.1 gas vesicle structural protein GvpA [Algihabitans albus]	1e86329db7dd3816b588b5074c334dd9ae52c66acb3e89031bf3036950390cd3	84	True	False	exact_duplicate
ref_000679	/home/user/wangyuhan/ML-GV02-03/data/raw/design/GvpA.fasta	WP_118877386.1	WP_118877386.1 gas vesicle structural protein GvpA [Ureibacillus yapensis]	a4c92b6223fd059e223618fae7fd1ce41bc60d11a0abf53aa7281cc4a11c3fd1	82	True	False	exact_duplicate
ref_000680	/home/user/wangyuhan/ML-GV02-03/data/raw/design/GvpA.fasta	WP_116075420.1	WP_116075420.1 gas vesicle structural protein GvpA [Priestia megaterium]	6753c4dad3e8314a4fcc8a56ad7f9df1d852047e8ee1f2806d1f7bf06136455e	88	True	False	exact_duplicate
ref_000681	/home/user/wangyuhan/ML-GV02-03/data/raw/design/GvpA.fasta	WP_116075414.1	WP_116075414.1 gas vesicle structural protein GvpA [Priestia megaterium]	bc4042a7c10b7bd447bc10cf0e7b34e62f2678ee2efe846fd1a4965f276fc9bc	86	True	False	exact_duplicate
ref_000682	/home/user/wangyuhan/ML-GV02-03/data/raw/design/GvpA.fasta	WP_115822819.1	WP_115822819.1 gas vesicle structural protein GvpA [Halobacillus trueperi]	c7332b08bc757555c17c71dfeb4762a42c7f35e9bf123276bdad17f8c04ff920	97	True	False	exact_duplicate
ref_000683	/home/user/wangyuhan/ML-GV02-03/data/raw/design/GvpA.fasta	WP_115480454.1	WP_115480454.1 gas vesicle structural protein GvpA [Anaerosacchariphilus polymeriproducens]	2a7c812c0104b829da2d234606ef194cd7b0120f827141d8cde79846a87cb82f	74	True	False	exact_duplicate
ref_000684	/home/user/wangyuhan/ML-GV02-03/data/raw/design/GvpA.fasta	WP_115480453.1	WP_115480453.1 gas vesicle structural protein GvpA [Anaerosacchariphilus polymeriproducens]	799d6db27c80e0e7903b54ad527181939a651dfc8b92e7f2257826540396fe56	71	True	False	exact_duplicate
ref_000685	/home/user/wangyuhan/ML-GV02-03/data/raw/design/GvpA.fasta	WP_115393152.1	WP_115393152.1 gas vesicle structural protein GvpA [Rhodovulum sp. 12E13]	ea394d0f8102113c7b586c4600bada1b0b8307f146bf34f34b415e1a1541a3e7	70	True	False	exact_duplicate
ref_000686	/home/user/wangyuhan/ML-GV02-03/data/raw/design/GvpA.fasta	WP_114915108.1	WP_114915108.1 gas vesicle structural protein GvpA [Oceanobacillus zhaokaii]	6a2cd3b9036aebd5361b170c7cb4ada1ca6ad2c2bf6f59ce42e84ec32692ef68	91	True	False	exact_duplicate
ref_000687	/home/user/wangyuhan/ML-GV02-03/data/raw/design/GvpA.fasta	WP_114298891.1	WP_114298891.1 gas vesicle structural protein GvpA [Anaerobacterium chartisolvens]	568a29ab96947d1f56cdd26f9b00e86bc04211c3cae7b22fd267b4e4851a89a7	72	True	False	exact_duplicate
ref_000688	/home/user/wangyuhan/ML-GV02-03/data/raw/design/GvpA.fasta	WP_110608261.1	WP_110608261.1 gas vesicle structural protein GvpA [Salipaludibacillus keqinensis]	093a223e7cabfac47e7651b01cbcb6690c92416700bfa1663891bc9a0bb64dba	89	True	False	exact_duplicate
ref_000689	/home/user/wangyuhan/ML-GV02-03/data/raw/design/GvpA.fasta	WP_110521313.1	WP_110521313.1 gas vesicle structural protein GvpA [Alteribacter lacisalsi]	77fc2ac9451a9bede3dd4afdae8227afa8425b88fbc617d8483c3a9e33760e70	86	True	False	exact_duplicate
ref_000690	/home/user/wangyuhan/ML-GV02-03/data/raw/design/GvpA.fasta	WP_110291813.1	WP_110291813.1 gas vesicle structural protein GvpA [Lachnotalea glycerini]	b7cd847cd6fe1a7829cf7f792c343b0f31ac830aa92de43035ec3efcffa0c69c	72	True	False	exact_duplicate
ref_000691	/home/user/wangyuhan/ML-GV02-03/data/raw/design/GvpA.fasta	WP_110291812.1	WP_110291812.1 gas vesicle structural protein GvpA [Lachnotalea glycerini]	5ab45ad51e4b3b910fd8c1746a4567c486de46a44aed731199d0ca87ee20ae2d	73	True	False	exact_duplicate
ref_000692	/home/user/wangyuhan/ML-GV02-03/data/raw/design/GvpA.fasta	WP_110066995.1	WP_110066995.1 gas vesicle structural protein GvpA [Cytobacillus oceanisediminis]	c4f90ad7ed7605569245466a78d6cacf132910de853f538fcb5455e24f64846f	86	True	False	exact_duplicate
ref_000693	/home/user/wangyuhan/ML-GV02-03/data/raw/design/GvpA.fasta	WP_110022885.1	WP_110022885.1 MULTISPECIES: gas vesicle structural protein GvpA [Prosthecochloris]	7d765791e125072d99a7ca1c73f9240339ae4a7f749cd0979129744541c4a65a	68	True	False	exact_duplicate
ref_000694	/home/user/wangyuhan/ML-GV02-03/data/raw/design/GvpA.fasta	WP_107805940.1	WP_107805940.1 MULTISPECIES: gas vesicle structural protein GvpA [Cyanophyceae]	9bc7ff063d928dbcb9195c75a1dc4195393661df207bc297ccedbfddf3dda716	71	True	False	exact_duplicate
ref_000695	/home/user/wangyuhan/ML-GV02-03/data/raw/design/GvpA.fasta	WP_107585507.1	WP_107585507.1 gas vesicle structural protein GvpA [Alkalicoccus saliphilus]	2db5ea05deb082340e798dcbb54d021ddfc5aad940791b9612fe65a7e726f098	87	True	False	exact_duplicate
ref_000696	/home/user/wangyuhan/ML-GV02-03/data/raw/design/GvpA.fasta	WP_107585506.1	WP_107585506.1 gas vesicle structural protein GvpA [Alkalicoccus saliphilus]	c9a543131d390ec68ed4b32369990c6c0e4f444664f2d733da7a5abdf5c6e7a6	87	True	False	exact_duplicate
ref_000697	/home/user/wangyuhan/ML-GV02-03/data/raw/design/GvpA.fasta	WP_107584481.1	WP_107584481.1 gas vesicle structural protein GvpA [Alkalicoccus saliphilus]	d6f7ae660d4103a77296431377a8a66efd54f6094f5160a4e39a4b0879a6c1f5	87	True	False	exact_duplicate
ref_000698	/home/user/wangyuhan/ML-GV02-03/data/raw/design/GvpA.fasta	WP_107562013.1	WP_107562013.1 gas vesicle structural protein GvpA [Candidatus Methylomirabilis limnetica]	d6f636dc4849c3ad6e3a58c7b0ef91a1ea0fbcc31a5257f2b09eec7527ec1947	71	True	False	exact_duplicate
ref_000699	/home/user/wangyuhan/ML-GV02-03/data/raw/design/GvpA.fasta	WP_106257461.1	WP_106257461.1 MULTISPECIES: gas vesicle structural protein GvpA [Cyanophyceae]	b06d430fdaaa1079895b90414dcee1412655c8233aae0405582a5fa156014994	72	True	False	exact_duplicate
ref_000701	/home/user/wangyuhan/ML-GV02-03/data/raw/design/GvpA.fasta	WP_105958376.1	WP_105958376.1 gas vesicle structural protein GvpA [Alkalicoccus urumqiensis]	b080db9796742f656263cec8bc0a2c0c8d8087f4e3fc287f63db20f9e5980068	86	True	False	exact_duplicate
ref_000702	/home/user/wangyuhan/ML-GV02-03/data/raw/design/GvpA.fasta	WP_104809704.1	WP_104809704.1 gas vesicle structural protein GvpA [Polaribacter filamentus]	6b39f5a7fb6bca78b4de78848a0590c9ba9381a0596c3f500d9bf9a9db38751f	68	True	False	exact_duplicate
ref_000703	/home/user/wangyuhan/ML-GV02-03/data/raw/design/GvpA.fasta	WP_104509441.1	WP_104509441.1 gas vesicle structural protein GvpA [Rhodoblastus sphagnicola]	5999831f394b80c759013cff8d5244a8fdce37763825e9e54f6d0f8238f6853d	70	True	False	exact_duplicate
ref_000704	/home/user/wangyuhan/ML-GV02-03/data/raw/design/GvpA.fasta	WP_104370972.1	WP_104370972.1 gas vesicle structural protein GvpA [Desulfocucumis palustris]	ab04988c687da6715ca95977bb07c66c672d9d16259267d8857d796078b1d39d	72	True	False	exact_duplicate
ref_000705	/home/user/wangyuhan/ML-GV02-03/data/raw/design/GvpA.fasta	WP_104057597.1	WP_104057597.1 gas vesicle structural protein GvpA [Jeotgalibacillus proteolyticus]	bb6474c2ddf0f1e41d70255e87b6101217f4300cef84397ec680971153c4c2ea	86	True	False	exact_duplicate
ref_000706	/home/user/wangyuhan/ML-GV02-03/data/raw/design/GvpA.fasta	WP_104057594.1	WP_104057594.1 gas vesicle structural protein GvpA [Jeotgalibacillus proteolyticus]	5de637450d4d853bfedabcfee0dd79695d17f9027039e6d680b7e752c77448e4	96	True	False	exact_duplicate
ref_000707	/home/user/wangyuhan/ML-GV02-03/data/raw/design/GvpA.fasta	WP_103666325.1	WP_103666325.1 gas vesicle structural protein GvpA [Pseudanabaena sp. BC1403]	9da3dcb0bb3c092c42d5e93a443a03a1d7bbe49d328f6f9a37a8879f8b120799	74	True	False	exact_duplicate
ref_000708	/home/user/wangyuhan/ML-GV02-03/data/raw/design/GvpA.fasta	WP_101646903.1	WP_101646903.1 gas vesicle structural protein GvpA [Neobacillus cucumis]	398b1c22d526b2f32567fe21c2089cb78667eae574f99061bf43c7a7a6d3afc3	90	True	False	exact_duplicate
ref_000709	/home/user/wangyuhan/ML-GV02-03/data/raw/design/GvpA.fasta	WP_101642272.1	WP_101642272.1 gas vesicle structural protein GvpA [Peribacillus deserti]	e1d36a7c3cd6d18fbd5a85b84a2a50c48d78ec9f5cae9311981556a64b402ca8	86	True	False	exact_duplicate
ref_000710	/home/user/wangyuhan/ML-GV02-03/data/raw/design/GvpA.fasta	WP_101330890.1	WP_101330890.1 gas vesicle structural protein GvpA [Halalkalibacillus sediminis]	905ebdcfc21b7ed8d2d2cb8e9b5442409818b4f764173ec496017bc6060294d2	86	True	False	exact_duplicate
ref_000711	/home/user/wangyuhan/ML-GV02-03/data/raw/design/GvpA.fasta	WP_100923022.1	WP_100923022.1 gas vesicle structural protein GvpA [Candidatus Thiodictyon syntrophicum]	87980263fe69edba436828ec3f666868f308140bdf4e6a975cd1d9398dbcfa9c	72	True	False	exact_duplicate
ref_000712	/home/user/wangyuhan/ML-GV02-03/data/raw/design/GvpA.fasta	WP_100407998.1	WP_100407998.1 gas vesicle structural protein GvpA [Bacillus solitudinis]	2b6afdfba96a597935ac7684cba1e7994395c11de3a84bc89adf12c97282e85a	86	True	False	exact_duplicate
ref_000713	/home/user/wangyuhan/ML-GV02-03/data/raw/design/GvpA.fasta	WP_100196984.1	WP_100196984.1 gas vesicle structural protein GvpA [Pseudorhodobacter sp. MZDSW-24AT]	5fa036ca3723472605e8fb1e56518c5f6df815f2774260b75dd1bedf9b7712e5	70	True	False	exact_duplicate
ref_000714	/home/user/wangyuhan/ML-GV02-03/data/raw/design/GvpA.fasta	WP_100010259.1	WP_100010259.1 gas vesicle structural protein GvpA [Lentibacillus sediminis]	e63cda87ab2705e419abd9ae6003b712d87407fc8def307fca8b29e9df629994	85	True	False	exact_duplicate
ref_000715	/home/user/wangyuhan/ML-GV02-03/data/raw/design/GvpA.fasta	WP_099068598.1	WP_099068598.1 MULTISPECIES: gas vesicle structural protein GvpA [Nostocaceae]	9c3060ca8265f2fd22a31cd72d77ad3372c96f4adc9a17bbc18958920d900968	73	True	False	exact_duplicate
ref_000716	/home/user/wangyuhan/ML-GV02-03/data/raw/design/GvpA.fasta	WP_099000391.1	WP_099000391.1 gas vesicle structural protein GvpA [Priestia aryabhattai]	f39b437ab8564f78da8d7b746d8ce9d5a40c44ea147d2464a4723f4a60d3c446	86	True	False	exact_duplicate
ref_000717	/home/user/wangyuhan/ML-GV02-03/data/raw/design/GvpA.fasta	WP_098420078.1	WP_098420078.1 MULTISPECIES: gas vesicle structural protein GvpA [unclassified Marinobacter]	5531343a7a7ecf79ad55db9ca51e2ec58b7248423070d730fbb242c095de6142	72	True	False	exact_duplicate
ref_000718	/home/user/wangyuhan/ML-GV02-03/data/raw/design/GvpA.fasta	WP_097645229.1	WP_097645229.1 gas vesicle structural protein GvpA [Candidatus Viridilinea mediisalina]	1f4f50f1349e137c7f3208f16caa01bdad2970714663a63d2c93485d175437c7	71	True	False	exact_duplicate
ref_000719	/home/user/wangyuhan/ML-GV02-03/data/raw/design/GvpA.fasta	WP_096607388.1	WP_096607388.1 gas vesicle structural protein GvpA [Calothrix sp. NIES-2100]	5ff91e8d3cfc9ac60d0da6d4bff769a4c4cef44d9e8b9d3dac677e2e966ed6fa	72	True	False	exact_duplicate
ref_000720	/home/user/wangyuhan/ML-GV02-03/data/raw/design/GvpA.fasta	WP_095882104.1	WP_095882104.1 MULTISPECIES: gas vesicle structural protein GvpA [Roseobacteraceae]	2685b9267d2b1a0083b07f35892aa0bd99f8ce2ff4c12d81c480c23f22ee9ccb	70	True	False	exact_duplicate
ref_000721	/home/user/wangyuhan/ML-GV02-03/data/raw/design/GvpA.fasta	WP_094376571.1	WP_094376571.1 gas vesicle structural protein GvpA [Lachnotalea glycerini]	8b73be19e1760871e605ab2c6e9d9e9d0237e022a68a462d4e69f4378b032985	70	True	False	exact_duplicate
ref_000722	/home/user/wangyuhan/ML-GV02-03/data/raw/design/GvpA.fasta	WP_093252384.1	WP_093252384.1 gas vesicle structural protein GvpA [Rubrimonas cliftonensis]	02e83ad46b86e8eaf5e72ac58980deb955c9923ecc5f393c34d6bbb46caacfd4	70	True	False	exact_duplicate
ref_000723	/home/user/wangyuhan/ML-GV02-03/data/raw/design/GvpA.fasta	WP_093212467.1	WP_093212467.1 gas vesicle structural protein GvpA [Sediminibacillus albus]	081e6fae1d79d93eb37e06b9b36a9051ecbb063d6869383bf5e9695311682261	91	True	False	exact_duplicate
ref_000724	/home/user/wangyuhan/ML-GV02-03/data/raw/design/GvpA.fasta	WP_093047006.1	WP_093047006.1 MULTISPECIES: gas vesicle structural protein GvpA [Salipaludibacillus]	3b8e26a87928dd1c11308a9daab1f4cae1c758048adeed5cc8c8de052c961373	89	True	False	exact_duplicate
ref_000725	/home/user/wangyuhan/ML-GV02-03/data/raw/design/GvpA.fasta	WP_093045974.1	WP_093045974.1 gas vesicle structural protein GvpA [Thalassobacillus cyri]	bfa3b303b3d7305c173f3ae35dc80425fcdb56d051e9998a25a11b72772a90e4	97	True	False	exact_duplicate
ref_000726	/home/user/wangyuhan/ML-GV02-03/data/raw/design/GvpA.fasta	WP_092960919.1	WP_092960919.1 MULTISPECIES: gas vesicle structural protein GvpA [Falsiroseomonas]	db099662bae325b9438c8704241b3f81f3d5dde85209ef4f6468d134754f5dd8	72	True	False	exact_duplicate
ref_000727	/home/user/wangyuhan/ML-GV02-03/data/raw/design/GvpA.fasta	WP_092209254.1	WP_092209254.1 MULTISPECIES: gas vesicle structural protein GvpA [Desulfoluna]	b07305ca6f722d02988a3d0c756feb0815d3b6a95c9e62b3013a423b137a8b56	71	True	False	exact_duplicate
ref_000728	/home/user/wangyuhan/ML-GV02-03/data/raw/design/GvpA.fasta	WP_091662612.1	WP_091662612.1 gas vesicle structural protein GvpA [Alteribacillus iranensis]	b9d316384ab02e663b33903a3ca16c70f79146ee07dbf4b852ffafea1ce6bf25	87	True	False	exact_duplicate
ref_000729	/home/user/wangyuhan/ML-GV02-03/data/raw/design/GvpA.fasta	WP_090841991.1	WP_090841991.1 gas vesicle structural protein GvpA [Alkalicoccus daliensis]	7175c3595a1c9e0a8512b3746323a26c378981564cc73f244683f338abe93795	87	True	False	exact_duplicate
ref_000730	/home/user/wangyuhan/ML-GV02-03/data/raw/design/GvpA.fasta	WP_090488909.1	WP_090488909.1 gas vesicle structural protein GvpA [Myxococcus virescens]	a2b40c981456774b6e29756894bbc27182fa3b0b77e5d636b4032ab626568ac2	74	True	False	exact_duplicate
ref_000731	/home/user/wangyuhan/ML-GV02-03/data/raw/design/GvpA.fasta	WP_089750581.1	WP_089750581.1 gas vesicle structural protein GvpA [Halobacillus alkaliphilus]	d8cf5bfdf78857545866e01c852739b174a99417f89c0d3fa6b133cf1c1a9fbf	100	True	False	exact_duplicate
ref_000732	/home/user/wangyuhan/ML-GV02-03/data/raw/design/GvpA.fasta	WP_089729497.1	WP_089729497.1 gas vesicle structural protein GvpA [Candidatus Thiosymbion oneisti]	e9d01ae6175270dee0d811da043d2703afeb63591e014fc1d0393f88a8a40595	74	True	False	exact_duplicate
ref_000733	/home/user/wangyuhan/ML-GV02-03/data/raw/design/GvpA.fasta	WP_089651261.1	WP_089651261.1 MULTISPECIES: gas vesicle structural protein GvpA [Halobacillus]	c50a1a828acd52df133e9550a6115bae8609dc006c477630d6d2d9af265a1d49	97	True	False	exact_duplicate
ref_000734	/home/user/wangyuhan/ML-GV02-03/data/raw/design/GvpA.fasta	WP_089530668.1	WP_089530668.1 gas vesicle structural protein GvpA [Virgibacillus necropolis]	0c171934ecf7b20bfbc9176c35ddda62ffda0e781c2c91e76cbb4789a85d1ced	93	True	False	exact_duplicate
ref_000735	/home/user/wangyuhan/ML-GV02-03/data/raw/design/GvpA.fasta	WP_089201247.1	WP_089201247.1 gas vesicle structural protein GvpA [Paenibacillus xerothermodurans]	7017fbd8c94374540f0f5a45f5801347ea8c5d0c19d9a5624dae9c0ba43c8045	88	True	False	exact_duplicate
ref_000736	/home/user/wangyuhan/ML-GV02-03/data/raw/design/GvpA.fasta	WP_088893383.1	WP_088893383.1 gas vesicle structural protein GvpA [Leptolyngbya ohadii]	8ff951966677ada5d69fa598dcdc8d21b160b6ad3a83f4e1ee63c48bff00c9d0	72	True	False	exact_duplicate
ref_000737	/home/user/wangyuhan/ML-GV02-03/data/raw/design/GvpA.fasta	WP_088554997.1	WP_088554997.1 gas vesicle structural protein GvpA [Calderihabitans maritimus]	29c35eaede0a8c75c3092a89e68567ed8b1eaddcb83fa37b7301c91ebfcb5d32	74	True	False	exact_duplicate
ref_000738	/home/user/wangyuhan/ML-GV02-03/data/raw/design/GvpA.fasta	WP_088554996.1	WP_088554996.1 gas vesicle structural protein GvpA [Calderihabitans maritimus]	61db0834b27d8f0211d3cc0246d68dfe826c840d6e539467326cc9834eb7f9f4	74	True	False	exact_duplicate
ref_000739	/home/user/wangyuhan/ML-GV02-03/data/raw/design/GvpA.fasta	WP_088051998.1	WP_088051998.1 gas vesicle structural protein GvpA [Virgibacillus dakarensis]	4d804d42d3d08ccd0ad281fc359b16b7c18295c0dcd886d9acc9487ddd5c257b	86	True	False	exact_duplicate
ref_000740	/home/user/wangyuhan/ML-GV02-03/data/raw/design/GvpA.fasta	WP_088048850.1	WP_088048850.1 gas vesicle structural protein GvpA [Priestia aryabhattai]	34a4a65736a78d22df6a6298330e17f4c31b7e4e19acc04fa044e95a52b44b9b	93	True	False	exact_duplicate
ref_000741	/home/user/wangyuhan/ML-GV02-03/data/raw/design/GvpA.fasta	WP_088019259.1	WP_088019259.1 gas vesicle structural protein GvpA [Sutcliffiella horikoshii]	ec71caa9aa98b279110db7eeddea67df583cf49a79c0c0cbc92692cecd56f8a7	84	True	False	exact_duplicate
ref_000742	/home/user/wangyuhan/ML-GV02-03/data/raw/design/GvpA.fasta	WP_087972332.1	WP_087972332.1 gas vesicle structural protein GvpA [Oceanobacillus rekensis]	487f5518a6cfaf0b0b759aa3f1c0c33eb60a885f4eea64b108da092081b51d67	91	True	False	exact_duplicate
ref_000743	/home/user/wangyuhan/ML-GV02-03/data/raw/design/GvpA.fasta	WP_085933344.1	WP_085933344.1 gas vesicle structural protein GvpA [Enhydrobacter aerosaccus]	8d6274f78693091697cf066d860d6107e0284d36ff784ac52e8bdd59f203229b	70	True	False	exact_duplicate
ref_000744	/home/user/wangyuhan/ML-GV02-03/data/raw/design/GvpA.fasta	WP_085772564.1	WP_085772564.1 gas vesicle structural protein GvpA [Methylocystis bryophila]	b409898218d5081ec4342fccc5a0fff74fb9537ef871cae59901bbc285aa9a0d	72	True	False	exact_duplicate
ref_000745	/home/user/wangyuhan/ML-GV02-03/data/raw/design/GvpA.fasta	WP_085028932.1	WP_085028932.1 gas vesicle structural protein GvpA [Halobacillus mangrovi]	2b3b9522031fea2fc99619d007c1d5fa385bad34d2c5516714d94b2414595483	97	True	False	exact_duplicate
ref_000746	/home/user/wangyuhan/ML-GV02-03/data/raw/design/GvpA.fasta	WP_084989880.1	WP_084989880.1 gas vesicle structural protein GvpA [Microcystis aeruginosa]	0cff47cd0a85e1de37e0ecd86f2547117aedabb101c8e97eb486ebb51c831023	71	True	False	exact_duplicate
ref_000747	/home/user/wangyuhan/ML-GV02-03/data/raw/design/GvpA.fasta	WP_084383942.1	WP_084383942.1 gas vesicle structural protein GvpA [Halalkalicoccus paucihalophilus]	e8e78837892ab1704b44943c3164e2473cb72f57d16f3126aa1f2a124d924f4b	74	True	False	exact_duplicate
ref_000748	/home/user/wangyuhan/ML-GV02-03/data/raw/design/GvpA.fasta	WP_084068413.1	WP_084068413.1 gas vesicle structural protein GvpA [Desulfocicer vacuolatum]	c95ec1b2f7e46d479f0b7badb82434afd4e1a2e4219d526149e245a2c5401427	72	True	False	exact_duplicate
ref_000749	/home/user/wangyuhan/ML-GV02-03/data/raw/design/GvpA.fasta	WP_083620231.1	WP_083620231.1 gas vesicle structural protein GvpA [Planktothrix serta]	f73e9b648178e6df8c6ae1b7975c7f6bb8865bfd92edda8674be445474a5a5d0	72	True	False	exact_duplicate
ref_000750	/home/user/wangyuhan/ML-GV02-03/data/raw/design/GvpA.fasta	WP_082231972.1	WP_082231972.1 gas vesicle structural protein GvpA [Halobacillus massiliensis]	bd1bbd2e9fa260563cebcadce402f2c30a6d1471c265e92ae830c79b9cd6875e	98	True	False	exact_duplicate
ref_000751	/home/user/wangyuhan/ML-GV02-03/data/raw/design/GvpA.fasta	WP_081535855.1	WP_081535855.1 gas vesicle structural protein GvpA [Rhodovulum sp. P5]	a6afc902cb295160c5db8606444b6dda5d9b591dd8a52303b79fa0c87b58528c	70	True	False	exact_duplicate
ref_000752	/home/user/wangyuhan/ML-GV02-03/data/raw/design/GvpA.fasta	WP_079526323.1	WP_079526323.1 gas vesicle structural protein GvpA [Halobacillus hunanensis]	e60de74ad1cb6abf6e3404dddf86e68bc076c53dbe08eaaf49c115452622d584	86	True	False	exact_duplicate
ref_000753	/home/user/wangyuhan/ML-GV02-03/data/raw/design/GvpA.fasta	WP_078596767.1	WP_078596767.1 gas vesicle structural protein GvpA [Evansella clarkii]	82b9d4647d83832bf059d6870b2ecea198fd5868db5ba0fb7f3476533336312b	92	True	False	exact_duplicate
ref_000754	/home/user/wangyuhan/ML-GV02-03/data/raw/design/GvpA.fasta	WP_078392697.1	WP_078392697.1 gas vesicle structural protein GvpA [Shouchella patagoniensis]	9d924853eeaeacd8d6769acf65a9a563bcbe4118b6939ea63b43e53ca6cd0cf0	88	True	False	exact_duplicate
ref_000755	/home/user/wangyuhan/ML-GV02-03/data/raw/design/GvpA.fasta	WP_077623669.1	WP_077623669.1 gas vesicle structural protein GvpA [Sediminibacillus massiliensis]	37c770390307a882825ae06de4d5b1213449231d71102a747072ae9c106c3dec	91	True	False	exact_duplicate
ref_000757	/home/user/wangyuhan/ML-GV02-03/data/raw/design/GvpA.fasta	WP_075598971.1	WP_075598971.1 gas vesicle structural protein GvpA [Leptolyngbya sp. 'hensonii']	ad033982fcb9c7e260ad2d157d65540ca5e5755820ba8a6e97491d70353f794b	72	True	False	exact_duplicate
ref_000758	/home/user/wangyuhan/ML-GV02-03/data/raw/design/GvpA.fasta	WP_075035376.1	WP_075035376.1 gas vesicle structural protein GvpA [Halobacillus dabanensis]	68925098711d386795ce552257730b7156e2f452edf3c2911a981f538ea82177	96	True	False	exact_duplicate
ref_000759	/home/user/wangyuhan/ML-GV02-03/data/raw/design/GvpA.fasta	WP_073608715.1	WP_073608715.1 MULTISPECIES: gas vesicle structural protein GvpA [Cyanophyceae]	1bae8aa5c69e1d4931dd74badaf3df348d80033e5d43b1989f61d5c7b6ee95e3	72	True	False	exact_duplicate
ref_000760	/home/user/wangyuhan/ML-GV02-03/data/raw/design/GvpA.fasta	WP_072717742.1	WP_072717742.1 MULTISPECIES: gas vesicle structural protein GvpA [Planktothrix]	b39131acb6e4086319d0c03c602fb7cf5d26620142fdeef57aa6f68352c03653	72	True	False	exact_duplicate
ref_000761	/home/user/wangyuhan/ML-GV02-03/data/raw/design/GvpA.fasta	WP_069474504.1	WP_069474504.1 gas vesicle structural protein GvpA, partial [Microcystis aeruginosa]	c69f9a6b4253e4d6089f33106133a158408665e78a978f99dedcd93f78389254	70	False	False	excluded_header_term
ref_000762	/home/user/wangyuhan/ML-GV02-03/data/raw/design/GvpA.fasta	WP_068965369.1	WP_068965369.1 gas vesicle structural protein GvpA [Desulfosporosinus sp. BG]	205609067b26bcd62eb11fef51c60bef3fa1b206aaae303129191b1769af587b	70	True	False	exact_duplicate
ref_000763	/home/user/wangyuhan/ML-GV02-03/data/raw/design/GvpA.fasta	WP_066205542.1	WP_066205542.1 gas vesicle structural protein GvpA [Bacillus sp. FJAT-27225]	c9bd062078459f51006074f80a50badc1adb85ee5c75397b239f22deb218ec7f	87	True	False	exact_duplicate
ref_000764	/home/user/wangyuhan/ML-GV02-03/data/raw/design/GvpA.fasta	WP_064098149.1	WP_064098149.1 gas vesicle structural protein GvpA [Sutcliffiella horikoshii]	8d61c399409b4395f3c50202fad06f3a8bd9f53aad013234d59976588dcf30eb	84	True	False	exact_duplicate
ref_000765	/home/user/wangyuhan/ML-GV02-03/data/raw/design/GvpA.fasta	WP_064098146.1	WP_064098146.1 gas vesicle structural protein GvpA [Sutcliffiella horikoshii]	9194534fce73964474e054c47d2eff8967d8a9c8219193e22273cef7134ec1ad	86	True	False	exact_duplicate
ref_000766	/home/user/wangyuhan/ML-GV02-03/data/raw/design/GvpA.fasta	WP_064092057.1	WP_064092057.1 gas vesicle structural protein GvpA [Rossellomorea aquimaris]	2ffb0e155508e140dfbeff5102d4c111dbe2f569e0b9c468015adecec403b793	86	True	False	exact_duplicate
ref_000767	/home/user/wangyuhan/ML-GV02-03/data/raw/design/GvpA.fasta	WP_063873375.1	WP_063873375.1 MULTISPECIES: gas vesicle structural protein GvpA [Nostocales]	a43bb7e6a797bf21e3c86ece60214d70c2b4cace0e3b15223b19cc282979d5f0	71	True	False	exact_duplicate
ref_000768	/home/user/wangyuhan/ML-GV02-03/data/raw/design/GvpA.fasta	WP_063873374.1	WP_063873374.1 MULTISPECIES: gas vesicle structural protein GvpA [Cyanophyceae]	33d41a075d0d8538e4c6c4e7fefd46ec59806251fa948a5afefa3d6835285f94	71	True	False	exact_duplicate
ref_000769	/home/user/wangyuhan/ML-GV02-03/data/raw/design/GvpA.fasta	WP_062237609.1	WP_062237609.1 gas vesicle structural protein GvpA [Fictibacillus sp. FJAT-27399]	47d50311ddb9a730042959889883933677e0dc116b42edc5b10ac81dbe0dd16f	87	True	False	exact_duplicate
ref_000770	/home/user/wangyuhan/ML-GV02-03/data/raw/design/GvpA.fasta	WP_061803181.1	WP_061803181.1 MULTISPECIES: gas vesicle structural protein GvpA [Priestia]	d5d0ae6e983cda4aeda154323d0f30aed2879536e0aaebf060ca3876d8b0c7aa	87	True	False	exact_duplicate
ref_000771	/home/user/wangyuhan/ML-GV02-03/data/raw/design/GvpA.fasta	WP_060674023.1	WP_060674023.1 MULTISPECIES: gas vesicle structural protein GvpA [Bacillaceae]	ddd28b4f0183c6c3a6e1f627f4ba7913059a06e6f7955ec67b16a218628ff1d1	86	True	False	exact_duplicate
ref_000772	/home/user/wangyuhan/ML-GV02-03/data/raw/design/GvpA.fasta	WP_060665525.1	WP_060665525.1 gas vesicle structural protein GvpA [Bacillus sp. CHD6a]	7e786e62d646d83c83d55d13f4e6e86113e563070518676d7a501e897dbac5a7	86	True	False	exact_duplicate
ref_000773	/home/user/wangyuhan/ML-GV02-03/data/raw/design/GvpA.fasta	WP_059173157.1	WP_059173157.1 gas vesicle structural protein GvpA [Bacillus sp. FJAT-27445]	0426b81b0cae1e176d21e1cfe18496d8087527924ed56155d166d600b676f15e	86	True	False	exact_duplicate
ref_000774	/home/user/wangyuhan/ML-GV02-03/data/raw/design/GvpA.fasta	WP_058557733.1	WP_058557733.1 gas vesicle structural protein GvpA [Thiohalocapsa sp. ML1]	956601650d2d23245a8b2f9b4cd73ff2dbc308d3bafe51647fd246bf1f7c7ea7	72	True	False	exact_duplicate
ref_000775	/home/user/wangyuhan/ML-GV02-03/data/raw/design/GvpA.fasta	WP_058306416.1	WP_058306416.1 gas vesicle structural protein GvpA [Gracilibacillus massiliensis]	c277f769aaa81aaf72429438ee690fcac7a0d61a596ebae1accff378366148d9	87	True	False	exact_duplicate
ref_000776	/home/user/wangyuhan/ML-GV02-03/data/raw/design/GvpA.fasta	WP_057178839.1	WP_057178839.1 MULTISPECIES: gas vesicle structural protein GvpA [Nostocales]	91bed3979bc3e4336571f4777fdc970add38d222ade8ef0f579bd78d1660a8a9	71	True	False	exact_duplicate
ref_000777	/home/user/wangyuhan/ML-GV02-03/data/raw/design/GvpA.fasta	WP_056828831.1	WP_056828831.1 MULTISPECIES: gas vesicle structural protein GvpA [Bacillaceae]	6d22046d840b353d0c87926696465f050b762778c37bd635b2e75274bc73567b	84	True	False	exact_duplicate
ref_000778	/home/user/wangyuhan/ML-GV02-03/data/raw/design/GvpA.fasta	WP_054635016.1	WP_054635016.1 MULTISPECIES: gas vesicle structural protein GvpA [Bacillaceae]	10a84e979762f336851794a37fa958b3e28635e2f8e2d98d6736c2913b6de183	89	True	False	exact_duplicate
ref_000779	/home/user/wangyuhan/ML-GV02-03/data/raw/design/GvpA.fasta	WP_053605469.1	WP_053605469.1 MULTISPECIES: gas vesicle structural protein GvpA [Bacillus]	3d07312c83e7c32af7baa33d8bd0726c3b2d5f857b0b55954222ef855340281e	87	True	False	exact_duplicate
ref_000780	/home/user/wangyuhan/ML-GV02-03/data/raw/design/GvpA.fasta	WP_053597575.1	WP_053597575.1 gas vesicle structural protein GvpA [Bacillus sp. FJAT-18017]	633e02862eb6da44de6ed37670aedbab2bedaff2a5826c4d88d0ce70e8b88315	85	True	False	exact_duplicate
ref_000781	/home/user/wangyuhan/ML-GV02-03/data/raw/design/GvpA.fasta	WP_053590916.1	WP_053590916.1 gas vesicle structural protein GvpA [Bacillus sp. FJAT-22090]	edb3955be5268406dd349fd2bc4c929d33afad48158e2958fc4ae2b8b2a1bbf8	84	True	False	exact_duplicate
ref_000782	/home/user/wangyuhan/ML-GV02-03/data/raw/design/GvpA.fasta	WP_053590913.1	WP_053590913.1 MULTISPECIES: gas vesicle structural protein GvpA [Bacillaceae]	0971f3debca181ebc092ad0087778ded116e160fc284c2275f0957fe7638c117	86	True	False	exact_duplicate
ref_001222	/home/user/wangyuhan/ML-GV02-03/data/raw/design/GvpA.fasta	WP_051273517.1	WP_051273517.1 gas vesicle structural protein GvpA [Desulfotruncus alcoholivorax]	c2f24f987da7fa8e29d94c39e1d2cb1b4fc6e21927ab8cfeb82d5a356d913c9e	76	True	True	accepted_unique
ref_000783	/home/user/wangyuhan/ML-GV02-03/data/raw/design/GvpA.fasta	WP_047972616.1	WP_047972616.1 gas vesicle structural protein GvpA, partial [Bacillus sp. LL01]	d426ca8e332bfceab95d4ba02699f3acc0ddfae6efa5b77bff2a977172221583	81	False	False	excluded_header_term
ref_000784	/home/user/wangyuhan/ML-GV02-03/data/raw/design/GvpA.fasta	WP_047808708.1	WP_047808708.1 MULTISPECIES: gas vesicle structural protein GvpA [Desulfosporosinus]	9d4c1039a70fe9d54d51603d86522e77a859eae4bc5104b364eef074e89390df	70	True	False	exact_duplicate
ref_000785	/home/user/wangyuhan/ML-GV02-03/data/raw/design/GvpA.fasta	WP_045871251.1	WP_045871251.1 MULTISPECIES: gas vesicle structural protein GvpA [Nostocales]	83cf4bae954290aa781d919a49879399b8f8f6215eafe44d5ab3358539071424	71	True	False	exact_duplicate
ref_000786	/home/user/wangyuhan/ML-GV02-03/data/raw/design/GvpA.fasta	WP_043930222.1	WP_043930222.1 gas vesicle structural protein GvpA [Bacillus sp. EB01]	a168f392bb4965ee81a431dba31382cd84f231f3a07fe5719d08fe6dc367f7ac	85	True	False	exact_duplicate
ref_000787	/home/user/wangyuhan/ML-GV02-03/data/raw/design/GvpA.fasta	WP_043769069.1	WP_043769069.1 gas vesicle structural protein GvpA [Roseivivax isoporae]	08d35b42e1d455774e7bdc375cb4bb3676095ffadfa3847765171a218a1ee815	70	True	False	exact_duplicate
ref_000788	/home/user/wangyuhan/ML-GV02-03/data/raw/design/GvpA.fasta	WP_042152734.1	WP_042152734.1 gas vesicle structural protein GvpA [Planktothrix agardhii]	fcb1203cd7b1290f06c7eee832d38d2753324a3561a148b06d5fe68ca594ccd7	72	True	False	exact_duplicate
ref_000789	/home/user/wangyuhan/ML-GV02-03/data/raw/design/GvpA.fasta	WP_041966224.1	WP_041966224.1 gas vesicle structural protein GvpA [Mesobacillus selenatarsenatis]	54d4cabb25e375c2e3083385dcad6df8507be66a2853f7ce597da7d1554f68c5	77	True	False	exact_duplicate
ref_001223	/home/user/wangyuhan/ML-GV02-03/data/raw/design/GvpA.fasta	WP_040575057.1	WP_040575057.1 gas vesicle structural protein GvpA [Methylohalobius crimeensis]	acfca75ffa4093670cf25bac76bb2b4210de82be69a439914669ab3c0962b039	72	True	True	accepted_unique
ref_000790	/home/user/wangyuhan/ML-GV02-03/data/raw/design/GvpA.fasta	WP_040047995.1	WP_040047995.1 gas vesicle structural protein GvpA [Bacillus thermotolerans]	39abeace88875ff602858f6d534b371a19590c1d4980894f79c4fcdd932b84ba	86	True	False	exact_duplicate
ref_000791	/home/user/wangyuhan/ML-GV02-03/data/raw/design/GvpA.fasta	WP_040036168.1	WP_040036168.1 gas vesicle structural protein GvpA [Bacillus thermotolerans]	0a21b67bc6dd51d1c17f7fde8a48fae5f8896c153009d5b2ae3fe77aa4a610d8	82	True	False	exact_duplicate
ref_000793	/home/user/wangyuhan/ML-GV02-03/data/raw/design/GvpA.fasta	WP_039752851.1	WP_039752851.1 MULTISPECIES: gas vesicle structural protein GvpA [Tolypothrichaceae]	12dabeef25e15f66b8b51cb9ef06884d5805b388789811193845b365ad2cf93c	72	True	False	exact_duplicate
ref_000794	/home/user/wangyuhan/ML-GV02-03/data/raw/design/GvpA.fasta	WP_039231078.1	WP_039231078.1 gas vesicle structural protein GvpA [Bacillus thermotolerans]	1e4bdf662135756f269c750686d6fb14c3f869900dc253ed6b287432cc0987f7	86	True	False	exact_duplicate
ref_000795	/home/user/wangyuhan/ML-GV02-03/data/raw/design/GvpA.fasta	WP_037259398.1	WP_037259398.1 gas vesicle structural protein GvpA [Roseivivax halodurans]	0a2d13805329602d008b5be6e073dbd519acbef026d5c3797790c26c01ff5187	70	True	False	exact_duplicate
ref_000796	/home/user/wangyuhan/ML-GV02-03/data/raw/design/GvpA.fasta	WP_036534731.1	WP_036534731.1 gas vesicle structural protein GvpA [Neosynechococcus sphagnicola]	d5a9f8a6d8ef070262196442cf709a94c96f95af2210cea7ee39955731d20d86	72	True	False	exact_duplicate
ref_000797	/home/user/wangyuhan/ML-GV02-03/data/raw/design/GvpA.fasta	WP_035542538.1	WP_035542538.1 gas vesicle structural protein GvpA [Halobacillus sp. BBL2006]	fe955d4fbb111b30864b991992428f563dd8d59899df0593d03a74fe036dedc5	97	True	False	exact_duplicate
ref_000798	/home/user/wangyuhan/ML-GV02-03/data/raw/design/GvpA.fasta	WP_035531814.1	WP_035531814.1 gas vesicle structural protein GvpA [Halobacillus kuroshimensis]	40e46fb2de86e2d32973ab1377f7dea994ed6e0a8d90bf43509295e1c8078b1e	96	True	False	exact_duplicate
ref_000799	/home/user/wangyuhan/ML-GV02-03/data/raw/design/GvpA.fasta	WP_035506199.1	WP_035506199.1 gas vesicle structural protein GvpA [Halobacillus karajensis]	43f6e7e097fbcc058a96545cd9e127c321381c2c301463b5d55b5aa6dd1827f3	96	True	False	exact_duplicate
ref_000800	/home/user/wangyuhan/ML-GV02-03/data/raw/design/GvpA.fasta	WP_035410040.1	WP_035410040.1 gas vesicle structural protein GvpA [Bacillus sp. SJS]	10462c8aed9b62ff76a8f214cd8dbedfbb0d16393691802e5c80fc865bb2da2f	93	True	False	exact_duplicate
ref_000801	/home/user/wangyuhan/ML-GV02-03/data/raw/design/GvpA.fasta	WP_035211857.1	WP_035211857.1 gas vesicle structural protein GvpA [Alkalicoccus chagannorensis]	7587716da5d19872555a989be552faa09b1e724c77cc7e3a8b962cb78b70fb70	87	True	False	exact_duplicate
ref_000802	/home/user/wangyuhan/ML-GV02-03/data/raw/design/GvpA.fasta	WP_034140466.1	WP_034140466.1 gas vesicle structural protein GvpA [Desulfosporosinus sp. BICA1-9]	d2a9cf80c0a0a91432b1b11d844eb7a81eed05bdb56f6140a039c17851dc38dc	70	True	False	exact_duplicate
ref_000803	/home/user/wangyuhan/ML-GV02-03/data/raw/design/GvpA.fasta	WP_029285673.1	WP_029285673.1 MULTISPECIES: gas vesicle structural protein GvpA [Metabacillus]	40a2221d15252edb050f337e812a0a0e82030bda075c5de81cab5b24cbf54425	88	True	False	exact_duplicate
ref_000804	/home/user/wangyuhan/ML-GV02-03/data/raw/design/GvpA.fasta	WP_028783634.1	WP_028783634.1 gas vesicle structural protein GvpA [Thalassobacillus devorans]	70ad50650b15b30241b46f6465ff33574b09f8ff6e2d85eacace07ebbdbb4b4c	96	True	False	exact_duplicate
ref_000805	/home/user/wangyuhan/ML-GV02-03/data/raw/design/GvpA.fasta	WP_027446346.1	WP_027446346.1 gas vesicle structural protein GvpA [Pontibacillus marinus]	4257786c6e5cbd18c379edb255634f13210a3a0858aa78dec286def01406e13b	80	True	False	exact_duplicate
ref_000806	/home/user/wangyuhan/ML-GV02-03/data/raw/design/GvpA.fasta	WP_026789190.1	WP_026789190.1 MULTISPECIES: gas vesicle structural protein GvpA [Planktothrix]	9246ded62fef238baf63231483e047bdc014a8a22dd10e95f7999ab152e2ce4c	72	True	False	exact_duplicate
ref_000807	/home/user/wangyuhan/ML-GV02-03/data/raw/design/GvpA.fasta	WP_026700511.1	WP_026700511.1 gas vesicle structural protein GvpA [Salibacterium aidingense]	eee8d141df1f2b85b5c588888cc7b206733c13490c748ec5b62d3dae746bdb78	89	True	False	exact_duplicate
ref_000808	/home/user/wangyuhan/ML-GV02-03/data/raw/design/GvpA.fasta	WP_026694723.1	WP_026694723.1 gas vesicle structural protein GvpA [Peribacillus kribbensis]	04c114f840f1c4058ea6e9f14c3b7e8691408d35ff5ff449b3f20f8b9054d6e9	86	True	False	exact_duplicate
ref_000809	/home/user/wangyuhan/ML-GV02-03/data/raw/design/GvpA.fasta	WP_026691531.1	WP_026691531.1 gas vesicle structural protein GvpA [Alteribacter aurantiacus]	68c548b00ffecaf3e71eaf7cda18ee6f91f89f67cfe0fccf1cb993ad6be382c1	86	True	False	exact_duplicate
ref_000810	/home/user/wangyuhan/ML-GV02-03/data/raw/design/GvpA.fasta	WP_026199334.1	WP_026199334.1 gas vesicle structural protein GvpA [Lamprocystis purpurea]	3534b37db97896c62b78885ef38a4ed0f4a24acb60b22c166f7f3229d40dc68c	72	True	False	exact_duplicate
ref_000811	/home/user/wangyuhan/ML-GV02-03/data/raw/design/GvpA.fasta	WP_022834760.1	WP_022834760.1 gas vesicle structural protein GvpA [Salisaeta longa]	f4b103f437e4c6a24ac0e6c90a00473a407fc0fe7e07cbcdde8753d9bda915e0	74	True	False	exact_duplicate
ref_000812	/home/user/wangyuhan/ML-GV02-03/data/raw/design/GvpA.fasta	WP_022794406.1	WP_022794406.1 MULTISPECIES: gas vesicle structural protein GvpA [Marinococcus]	98944d24da61fa63ee273760c8aefff575f8e518609e95c855fc9b4829e66579	89	True	False	exact_duplicate
ref_000813	/home/user/wangyuhan/ML-GV02-03/data/raw/design/GvpA.fasta	WP_021013972.1	WP_021013972.1 MULTISPECIES: gas vesicle structural protein GvpA [Gammaproteobacteria]	2c2604728bdef8750aecca71c68dd7345cd16ca9f3492c8d41790bc4ba9d256c	72	True	False	exact_duplicate
ref_000814	/home/user/wangyuhan/ML-GV02-03/data/raw/design/GvpA.fasta	WP_020503491.1	WP_020503491.1 MULTISPECIES: gas vesicle structural protein GvpA [Chromatiaceae]	37dd3e43f991da44762eda1fc03a12cfd6611a4c5b2529fd84cdc0a6c48db876	72	True	False	exact_duplicate
ref_000815	/home/user/wangyuhan/ML-GV02-03/data/raw/design/GvpA.fasta	WP_020175973.1	WP_020175973.1 gas vesicle structural protein GvpA [Methyloferula stellata]	b0f89cfe92498f0bbfbcd0093025ea5362a09020df0c6ccda90ebcbd25c82772	72	True	False	exact_duplicate
ref_000816	/home/user/wangyuhan/ML-GV02-03/data/raw/design/GvpA.fasta	WP_019501601.1	WP_019501601.1 gas vesicle structural protein GvpA [Pseudanabaena sp. PCC 6802]	f2015767f86fd10eb8269a208b2cbd9b7cbd3f431a958a88b44a851664a82136	72	True	False	exact_duplicate
ref_000817	/home/user/wangyuhan/ML-GV02-03/data/raw/design/GvpA.fasta	WP_018402864.1	WP_018402864.1 gas vesicle structural protein GvpA [Marinobacter gelidimuriae]	0bd3626b9a4c7329ae705733a82bc637c4e56a457107b06dace9e1adc430622c	72	True	False	exact_duplicate
ref_000818	/home/user/wangyuhan/ML-GV02-03/data/raw/design/GvpA.fasta	WP_018402853.1	WP_018402853.1 gas vesicle structural protein GvpA [Marinobacter gelidimuriae]	2b00e8b222b28090ae59aa4d09e406e2ae1415ac06de4391fa8479d2afafdf02	72	True	False	exact_duplicate
ref_000819	/home/user/wangyuhan/ML-GV02-03/data/raw/design/GvpA.fasta	WP_017803924.1	WP_017803924.1 gas vesicle structural protein GvpA [Nodularia spumigena]	9f00e82557108118047d7aa5c459901d325bb26517ac7d3f3ad30cb10081a05a	71	True	False	exact_duplicate
ref_000820	/home/user/wangyuhan/ML-GV02-03/data/raw/design/GvpA.fasta	WP_017803923.1	WP_017803923.1 gas vesicle structural protein GvpA [Nodularia spumigena]	183f7c25f0bd175da05b2e89e1953e3d47fd199450e2d37264e0f73ade5688e2	71	True	False	exact_duplicate
ref_000821	/home/user/wangyuhan/ML-GV02-03/data/raw/design/GvpA.fasta	WP_017300094.1	WP_017300094.1 MULTISPECIES: gas vesicle structural protein GvpA [Cyanophyceae]	2ae1a088ad5073788376e3f0ffee2fbd9a6cfbf7ccadb2c78762018e5405b300	72	True	False	exact_duplicate
ref_000822	/home/user/wangyuhan/ML-GV02-03/data/raw/design/GvpA.fasta	WP_016922591.1	WP_016922591.1 gas vesicle structural protein GvpA [Prochlorothrix hollandica]	b62ae18b3dfeec027170bd63f41ce77513e12ccca76b093f76d07368756dc390	71	True	False	exact_duplicate
ref_000823	/home/user/wangyuhan/ML-GV02-03/data/raw/design/GvpA.fasta	WP_015758460.1	WP_015758460.1 gas vesicle structural protein GvpA [Desulfofarcimen acetoxidans]	c05532e5292ee743920d65ecfe1a2852cef2168b8b687e623d231738d49b66ce	71	True	False	exact_duplicate
ref_000824	/home/user/wangyuhan/ML-GV02-03/data/raw/design/GvpA.fasta	WP_015500562.1	WP_015500562.1 gas vesicle structural protein GvpA [Octadecabacter antarcticus]	23e4974582ff9055b537c85d1c7d9bfa148bb0c89ff5e6bfcce6b9dbd5215816	67	True	False	exact_duplicate
ref_000825	/home/user/wangyuhan/ML-GV02-03/data/raw/design/GvpA.fasta	WP_015494765.1	WP_015494765.1 gas vesicle structural protein GvpA [Octadecabacter arcticus]	0ec42fc31cce1915953a69fe753ae7209efb1a24ce77db6ad3956126cc16571f	67	True	False	exact_duplicate
ref_000826	/home/user/wangyuhan/ML-GV02-03/data/raw/design/GvpA.fasta	WP_015229078.1	WP_015229078.1 gas vesicle structural protein GvpA [Dactylococcopsis salina]	1de45b2894df870d6dc93bf63b41d5b8ae87b8977ef69da8d0a6b330a57f2a2e	72	True	False	exact_duplicate
ref_000827	/home/user/wangyuhan/ML-GV02-03/data/raw/design/GvpA.fasta	WP_015224598.1	WP_015224598.1 gas vesicle structural protein GvpA [Halothece sp. PCC 7418]	0b3f3bf863a3ef16a85e9b7634232d6089ddb1d3fa11ecb4891db27bad515a16	72	True	False	exact_duplicate
ref_000828	/home/user/wangyuhan/ML-GV02-03/data/raw/design/GvpA.fasta	WP_015167036.1	WP_015167036.1 gas vesicle structural protein GvpA [Synechococcus sp. PCC 7502]	97a7f6a002cd984f87b1f1644300f4af963beddf3b4cf9f83f41584445a9d102	72	True	False	exact_duplicate
ref_000829	/home/user/wangyuhan/ML-GV02-03/data/raw/design/GvpA.fasta	WP_015146561.1	WP_015146561.1 MULTISPECIES: gas vesicle structural protein GvpA [Oscillatoriaceae]	8b0ebfde7cff54503a9090e672c63a888ebe9c83c6cd89fcf119e691ae16fccb	72	True	False	exact_duplicate
ref_000830	/home/user/wangyuhan/ML-GV02-03/data/raw/design/GvpA.fasta	WP_015080752.1	WP_015080752.1 MULTISPECIES: gas vesicle structural protein GvpA [Nostocales]	e4530a471497a647eef21f92f9c50626148b65fbacae7b18cec4b118bdc7630c	71	True	False	exact_duplicate
ref_000831	/home/user/wangyuhan/ML-GV02-03/data/raw/design/GvpA.fasta	WP_015050167.1	WP_015050167.1 gas vesicle structural protein GvpA [Thermacetogenium phaeum]	262acad32bf64e600812dbe317d432363f2a5c5dcb0bea6cfaa11de3ef08c572	75	True	False	exact_duplicate
ref_000832	/home/user/wangyuhan/ML-GV02-03/data/raw/design/GvpA.fasta	WP_015050155.1	WP_015050155.1 gas vesicle structural protein GvpA [Thermacetogenium phaeum]	4fc0ca345529f4acca56549280254126a3bce3689eee3ff1f1c7d97e1a137d46	76	True	False	exact_duplicate
ref_000833	/home/user/wangyuhan/ML-GV02-03/data/raw/design/GvpA.fasta	WP_014812662.1	WP_014812662.1 gas vesicle structural protein GvpA [Desulfomonile tiedjei]	b0df6d202bb0ca1472d2550f59247e9006db5cdd04dcf87dbb95247c1c698f20	72	True	False	exact_duplicate
ref_000834	/home/user/wangyuhan/ML-GV02-03/data/raw/design/GvpA.fasta	WP_014644367.1	WP_014644367.1 gas vesicle structural protein GvpA [Halobacillus halophilus]	3d98e85018a97647d2979b1b92da99e672ffca5c3b4c893049a8ca98064cfdba	100	True	False	exact_duplicate
ref_000835	/home/user/wangyuhan/ML-GV02-03/data/raw/design/GvpA.fasta	WP_013706740.1	WP_013706740.1 gas vesicle structural protein GvpA [Desulfobacca acetoxidans]	9ea506ab1bb26a2a159a665465c1d2e49eaa520ea544b46534f50ac65e22eb5b	72	True	False	exact_duplicate
ref_000836	/home/user/wangyuhan/ML-GV02-03/data/raw/design/GvpA.fasta	WP_013563650.1	WP_013563650.1 gas vesicle structural protein GvpA [Isosphaera pallida]	5baeb577d8a796551d8396cb82dd7b1230fa180e475aa13debe597dc37724863	72	True	False	exact_duplicate
ref_000837	/home/user/wangyuhan/ML-GV02-03/data/raw/design/GvpA.fasta	WP_013066812.1	WP_013066812.1 gas vesicle structural protein GvpA [Rhodobacter capsulatus]	48837acd9988d5a6289d0d312e5a2a0fba16154b3eb0d2bc4447a6f783bf1f0f	70	True	False	exact_duplicate
ref_000838	/home/user/wangyuhan/ML-GV02-03/data/raw/design/GvpA.fasta	WP_012960867.1	WP_012960867.1 MULTISPECIES: gas vesicle structural protein GvpA [Alkalihalophilus]	8a83398f0d99493d45ad5413f5bf4c872bbeac83ac2a2ff0f3dae7946cb25e3f	86	True	False	exact_duplicate
ref_000839	/home/user/wangyuhan/ML-GV02-03/data/raw/design/GvpA.fasta	WP_012508536.1	WP_012508536.1 gas vesicle structural protein GvpA [Pelodictyon phaeoclathratiforme]	86ba936b09d3d4c2dbfaae01e2029bfa42384277d05b3999043640c63145625b	68	True	False	exact_duplicate
ref_000840	/home/user/wangyuhan/ML-GV02-03/data/raw/design/GvpA.fasta	WP_012302590.1	WP_012302590.1 gas vesicle structural protein GvpA [Candidatus Desulforudis audaxviator]	2027255edd94d63ce24067812850194c8d30692fd604d49a3ca498b09a5c91fd	76	True	False	exact_duplicate
ref_000841	/home/user/wangyuhan/ML-GV02-03/data/raw/design/GvpA.fasta	WP_012302589.1	WP_012302589.1 gas vesicle structural protein GvpA [Candidatus Desulforudis audaxviator]	32de3bdac890ded46f9d0b6ffc66575da21679788894d4b44ee01dcd07c8c4fd	75	True	False	exact_duplicate
ref_000842	/home/user/wangyuhan/ML-GV02-03/data/raw/design/GvpA.fasta	WP_011939686.1	WP_011939686.1 gas vesicle structural protein GvpA [Geotalea uraniireducens]	5bc7120641a4b206dec615e69a9573322282b0869275b3db5d6e281c748b2aff	72	True	False	exact_duplicate
ref_000843	/home/user/wangyuhan/ML-GV02-03/data/raw/design/GvpA.fasta	WP_011924420.1	WP_011924420.1 gas vesicle structural protein GvpA [Bradyrhizobium sp. ORS 278]	b1ead8162da63f55d1d62aad886afa5920a751a7dc6eeb39d86d3b4805b4f9b8	70	True	False	exact_duplicate
ref_000844	/home/user/wangyuhan/ML-GV02-03/data/raw/design/GvpA.fasta	WP_011770092.1	WP_011770092.1 gas vesicle structural protein GvpA [Psychromonas ingrahamii]	0a83dfbba1b7aa435131d2f769a306bfb6545d0e419077a8449abf3fac54dda8	72	True	False	exact_duplicate
ref_000845	/home/user/wangyuhan/ML-GV02-03/data/raw/design/GvpA.fasta	WP_011769645.1	WP_011769645.1 gas vesicle structural protein GvpA [Psychromonas ingrahamii]	408e9d934f451bb01fbc22c8555ff5a266d41c0beb19e3e9493652d1a205bb68	72	True	False	exact_duplicate
ref_000001	/home/user/wangyuhan/ML-GV02-03/data/raw/design/GvpA.fasta	WP_011429717.1	WP_011429717.1 MULTISPECIES: gas vesicle structural protein GvpA [unclassified Synechococcus]	91f552b9f84853c37285e8ec0883b5170258f814bb6ffb90d6de28cb0f3c10ba	72	True	False	exact_duplicate
ref_000846	/home/user/wangyuhan/ML-GV02-03/data/raw/design/GvpA.fasta	WP_011357441.1	WP_011357441.1 MULTISPECIES: gas vesicle structural protein GvpA [Chlorobium/Pelodictyon group]	c96b24fc03ee6b66c3d6db1d4dbfdf5a829cb2f5a5ac51723c83800ae81e4aff	68	True	False	exact_duplicate
ref_000847	/home/user/wangyuhan/ML-GV02-03/data/raw/design/GvpA.fasta	WP_011357439.1	WP_011357439.1 gas vesicle structural protein GvpA [Pelodictyon luteolum]	ed3338aeeaf3197e41d9f3b49f822f83be8358d114c4e683180c9cbe5b6e2647	68	True	False	exact_duplicate
ref_000848	/home/user/wangyuhan/ML-GV02-03/data/raw/design/GvpA.fasta	WP_010996411.1	WP_010996411.1 MULTISPECIES: gas vesicle structural protein GvpA [Nostocales]	278c7a3fd12af0319695fae40d23ee8f76abf60d19c5e52b3b9dab1e368567ba	71	True	False	exact_duplicate
ref_000849	/home/user/wangyuhan/ML-GV02-03/data/raw/design/GvpA.fasta	WP_010195314.1	WP_010195314.1 MULTISPECIES: gas vesicle structural protein GvpA [Bacillaceae]	d692e59ba181a3631d4d3ec7f34ea0113cbddcf7fa5a4afeff130171f0e4a3be	86	True	False	exact_duplicate
ref_000850	/home/user/wangyuhan/ML-GV02-03/data/raw/design/GvpA.fasta	WP_010195308.1	WP_010195308.1 MULTISPECIES: gas vesicle structural protein GvpA [Bacillaceae]	667b333e161105876fb2cf5ab53eba1f68f65e9d3e8006d6b2792f4e76e1c0ce	84	True	False	exact_duplicate
ref_000851	/home/user/wangyuhan/ML-GV02-03/data/raw/design/GvpA.fasta	WP_010109838.1	WP_010109838.1 MULTISPECIES: gas vesicle structural protein GvpA [Burkholderia]	e6550f96a73166345a2aec6ac098824a55a382b065124fc8b710a568cb594709	73	True	False	exact_duplicate
ref_000852	/home/user/wangyuhan/ML-GV02-03/data/raw/design/GvpA.fasta	WP_009915627.1	WP_009915627.1 MULTISPECIES: gas vesicle structural protein GvpA [Burkholderia]	c4bd9707d576667fbfb8e43220880a130b3190c167d94e89b6c75585c796caeb	73	True	False	exact_duplicate
ref_000853	/home/user/wangyuhan/ML-GV02-03/data/raw/design/GvpA.fasta	WP_009768191.1	WP_009768191.1 MULTISPECIES: gas vesicle structural protein GvpA [Leptolyngbyaceae]	6f827542d262f6a8575a7ac08f23d14f643c985ecf8d65260a44d1f5c7ecb48c	72	True	False	exact_duplicate
ref_000854	/home/user/wangyuhan/ML-GV02-03/data/raw/design/GvpA.fasta	WP_009169231.1	WP_009169231.1 MULTISPECIES: gas vesicle structural protein GvpA [unclassified Clostridium]	51883a62e7fa5ef818e6499cbd55d963789b8e540a7cfb352608744ffe3513fa	71	True	False	exact_duplicate
ref_000855	/home/user/wangyuhan/ML-GV02-03/data/raw/design/GvpA.fasta	WP_009169229.1	WP_009169229.1 MULTISPECIES: gas vesicle structural protein GvpA [unclassified Clostridium]	391901271c49a6d9d54b42505e0ac2fca4b89baac5f4a103e91f1d4b3d472107	73	True	False	exact_duplicate
ref_000856	/home/user/wangyuhan/ML-GV02-03/data/raw/design/GvpA.fasta	WP_009169228.1	WP_009169228.1 MULTISPECIES: gas vesicle structural protein GvpA [unclassified Clostridium]	706052693e14c0674d094441410ac70f0fdcf9d319fc8f976e9fbab329e2e05e	74	True	False	exact_duplicate
ref_000857	/home/user/wangyuhan/ML-GV02-03/data/raw/design/GvpA.fasta	WP_009029464.1	WP_009029464.1 MULTISPECIES: gas vesicle structural protein GvpA [Bradyrhizobium]	cd1db2b9b825a77adf976a844e61a41e984ced1856c3c21d3a272461756d06e0	70	True	False	exact_duplicate
ref_000859	/home/user/wangyuhan/ML-GV02-03/data/raw/design/GvpA.fasta	WP_008311322.1	WP_008311322.1 gas vesicle structural protein GvpA [Leptolyngbya sp. PCC 6406]	4494d3357cccfc2291ada2f22a6a76541201c321b02c7a8c657ed2a36af68db8	72	True	False	exact_duplicate
ref_001224	/home/user/wangyuhan/ML-GV02-03/data/raw/design/GvpA.fasta	WP_006871719.1	WP_006871719.1 gas vesicle structural protein GvpA [Legionella drancourtii]	38939b26cbc5a274769e9d461efa0aebff28ccb8dbdd08d2dd8491837a29a457	72	True	True	accepted_unique
ref_000860	/home/user/wangyuhan/ML-GV02-03/data/raw/design/GvpA.fasta	WP_004569091.1	WP_004569091.1 gas vesicle structural protein GvpA [Polaribacter irgensii]	5883761e33f67abd193ec3c033807077fa86d7441f5480dedb0c45c47de2d2d7	68	True	False	exact_duplicate
ref_000861	/home/user/wangyuhan/ML-GV02-03/data/raw/design/GvpA.fasta	WP_002735503.1	WP_002735503.1 MULTISPECIES: gas vesicle structural protein GvpA [Oscillatoriophycideae]	1f275ce5dd842aaaf9d24fd9cd1a995ccd28e8006db8fd5d12c958ce30deb19a	71	True	False	exact_duplicate
ref_000862	/home/user/wangyuhan/ML-GV02-03/data/raw/design/GvpA.fasta	WP_002724507.1	WP_002724507.1 MULTISPECIES: gas vesicle structural protein GvpA [Cereibacter]	130e62fc868ae20abbc4d7ff1b393afceecf214e482dae49a68d7adeac27391d	70	True	False	exact_duplicate
	/home/user/wangyuhan/ML-GV02-03/data/raw/design/GvpA.fasta	WP_167795140.1	WP_167795140.1 gas vesicle synthesis-like protein, partial [Streptomyces sp. C1-2]	b85071ab0f0397f82c4c1bd36e036bdd568228086a4fd044a35ea12bc90404c8	99	False	False	missing_required_gvpa_label;excluded_header_term
