sequence_id	sequence_sha256	sequence_length	pf00741_status	pf00741_score	pf00741_sequence_score	pf00741_coverage	best_family	best_family_score	second_family	second_family_score	family_margin	best_model_coverage	best_query_coverage	family_status	classification_reason	gvpa_score	gvpj_score	control_type	expected_family	fold	parent_id
nat_91f552b9f84853c37285	91f552b9f84853c37285e8ec0883b5170258f814bb6ffb90d6de28cb0f3c10ba	72	pass	59.8	60.1	1.0			gvpa	125.5		0.0	0.0	unsupported	no_qualified_subfamily_hit	125.5	88.7	natural_heldout	gvpa	0	nat_91f552b9f84853c37285
nat_291571f679284e1c6455	291571f679284e1c6455963717615530ae130d29db41fb93abfacd00fa90ad20	73	pass	58.7	59.1	0.9743589743589743	gvpj	88.9	gvpa	121.5	-32.599999999999994	0.6140350877192983	0.9452054794520548	gvpa_gvpj_ambiguous	insufficient_competitive_margin	121.5	88.9	natural_heldout	gvpa	0	nat_291571f679284e1c6455
nat_419538444627b50496c7	419538444627b50496c73c8cf28e7a1950e49971cfa5cb42c07430d39eb23bd3	82	pass	54.0	54.3	1.0	gvpj	84.2	gvpa	118.8	-34.599999999999994	0.631578947368421	0.8658536585365854	gvpa_gvpj_ambiguous	insufficient_competitive_margin	118.8	84.2	natural_heldout	gvpa	0	nat_419538444627b50496c7
nat_d5b00906bcc6e7ee2601	d5b00906bcc6e7ee2601548874eb49cd8eb278fe52c5928828ab442fa2ac7bd2	86	pass	55.0	55.4	1.0	gvpj	93.6	gvpa	131.4	-37.80000000000001	0.6578947368421053	0.8604651162790697	gvpa_gvpj_ambiguous	insufficient_competitive_margin	131.4	93.6	natural_heldout	gvpa	0	nat_d5b00906bcc6e7ee2601
nat_cd15fd2a214ac9570bfd	cd15fd2a214ac9570bfd13751ddd824061d5d55bc28fc3df3c1367b97c80a108	83	pass	56.2	56.5	1.0			gvpa	124.8		0.0	0.0	unsupported	no_qualified_subfamily_hit	124.8	87.9	natural_heldout	gvpa	0	nat_cd15fd2a214ac9570bfd
nat_eccab6536bed142192aa	eccab6536bed142192aa8ae35f75a35f64e1e978ec751eee4b6251731c6ee4f8	70	pass	59.5	59.9	1.0			gvpa	119.7		0.0	0.0	unsupported	no_qualified_subfamily_hit	119.7	84.8	natural_heldout	gvpa	0	nat_eccab6536bed142192aa
nat_be9809bb1f91644c1e43	be9809bb1f91644c1e431f6b48e4a4183d550ce2f80f162d11f698b4c92e1824	72	pass	62.6	62.9	1.0			gvpa	124.8		0.0	0.0	unsupported	no_qualified_subfamily_hit	124.8	90.6	natural_heldout	gvpa	0	nat_be9809bb1f91644c1e43
nat_622c716866d2133b80f2	622c716866d2133b80f2821fd0bc4b15c8a3872f04f569b358001ba249e094bc	72	pass	59.1	59.6	1.0			gvpa	125.1		0.0	0.0	unsupported	no_qualified_subfamily_hit	125.1	88.2	natural_heldout	gvpa	0	nat_622c716866d2133b80f2
nat_d9b32c93cd099c72a956	d9b32c93cd099c72a9565d0d1d751944285fef4f2523b73e02fca6dad757ad3d	72	pass	61.5	61.8	1.0			gvpa	127.2		0.0	0.0	unsupported	no_qualified_subfamily_hit	127.2	91.4	natural_heldout	gvpa	0	nat_d9b32c93cd099c72a956
nat_fd161dfe59366687c2f2	fd161dfe59366687c2f2851a7085607a1a49850277ce6c989d8f377546025ebe	72	pass	52.8	53.1	1.0			gvpa	124.8		0.0	0.0	unsupported	no_qualified_subfamily_hit	124.8	86.5	natural_heldout	gvpa	0	nat_fd161dfe59366687c2f2
nat_2e707b0ae8b0c69feb2e	2e707b0ae8b0c69feb2eb75166178922a33851e0022ed4c173447055ed769eb8	72	pass	53.8	54.1	1.0			gvpa	124.8		0.0	0.0	unsupported	no_qualified_subfamily_hit	124.8	86.5	natural_heldout	gvpa	0	nat_2e707b0ae8b0c69feb2e
nat_a36a3359d46f89a3e9c6	a36a3359d46f89a3e9c6d339b24da5b9e7b56e875526568f984c4d9d61c9bfca	93	pass	60.0	60.4	1.0	gvpa	136.2	gvpj	92.1	44.099999999999994	0.6204379562043796	0.9139784946236559	supported_gvpa	pf00741_and_competitive_gvpa_support	136.2	92.1	natural_heldout	gvpa	0	nat_a36a3359d46f89a3e9c6
nat_5d20e8974d28b202ff3e	5d20e8974d28b202ff3e6522190fdbf27c7ec35790b334b7bfc0964dd160f003	88	pass	57.1	57.4	1.0	gvpj	95.9	gvpa	132.9	-37.0	0.6754385964912281	0.8636363636363636	gvpa_gvpj_ambiguous	insufficient_competitive_margin	132.9	95.9	natural_heldout	gvpa	0	nat_5d20e8974d28b202ff3e
nat_b3e7eac10f741058a688	b3e7eac10f741058a688bc7d62c0f50b5a15ad09caae40e59b5e7155d1011066	74	pass	54.9	55.3	0.9487179487179487			gvpa	113.6		0.0	0.0	unsupported	no_qualified_subfamily_hit	113.6	80.0	natural_heldout	gvpa	0	nat_b3e7eac10f741058a688
nat_9896810d394d4d1edf15	9896810d394d4d1edf15ff02a5ebe1a5ce22578a398bf69c24333fb0d1e948a5	80	pass	59.1	59.4	1.0	gvpj	92.4	gvpa	127.9	-35.5	0.6140350877192983	0.85	gvpa_gvpj_ambiguous	insufficient_competitive_margin	127.9	92.4	natural_heldout	gvpa	0	nat_9896810d394d4d1edf15
nat_17718ba432b9ffbaf06b	17718ba432b9ffbaf06b1bb2b0b2bb7a8824f8f4fa1fc5d630b80747312e1252	90	pass	57.0	57.3	1.0	gvpj	95.8	gvpa	133.4	-37.60000000000001	0.6754385964912281	0.8444444444444444	gvpa_gvpj_ambiguous	insufficient_competitive_margin	133.4	95.8	natural_heldout	gvpa	0	nat_17718ba432b9ffbaf06b
nat_58552353178d8fa2f36f	58552353178d8fa2f36f7b3daafc17974c1edbc48383f9691809dca7f0067bba	87	pass	56.4	56.7	1.0	gvpj	96.8	gvpa	133.8	-37.000000000000014	0.7368421052631579	0.9310344827586207	gvpa_gvpj_ambiguous	insufficient_competitive_margin	133.8	96.8	natural_heldout	gvpa	0	nat_58552353178d8fa2f36f
nat_969159e68bc0479327cf	969159e68bc0479327cf12527c848f43e276e0d12b14db7fde40332a3c5adbe5	92	pass	59.2	59.6	1.0	gvpj	95.5	gvpa	130.6	-35.099999999999994	0.6842105263157895	0.8478260869565217	gvpa_gvpj_ambiguous	insufficient_competitive_margin	130.6	95.5	natural_heldout	gvpa	0	nat_969159e68bc0479327cf
nat_8d9ebc646f6fec623f00	8d9ebc646f6fec623f00ceeb9030112286df2d5d8f0f5344df448c0444b19877	88	pass	58.0	58.3	1.0	gvpj	97.3	gvpa	134.0	-36.7	0.6842105263157895	0.875	gvpa_gvpj_ambiguous	insufficient_competitive_margin	134.0	97.3	natural_heldout	gvpa	0	nat_8d9ebc646f6fec623f00
nat_54de16dcd0555acdee27	54de16dcd0555acdee27e23bffaee616a31d423e9e0c7d09bc1668199d1ac85a	72	pass	63.1	63.4	1.0			gvpa	126.4		0.0	0.0	unsupported	no_qualified_subfamily_hit	126.4	91.4	natural_heldout	gvpa	0	nat_54de16dcd0555acdee27
nat_7cb4966ababb293a7db4	7cb4966ababb293a7db4a703483439d33c99a78a5a6366c84547d2b67a710fd5	80	pass	60.1	60.4	1.0	gvpj	93.3	gvpa	125.8	-32.5	0.6228070175438597	0.8625	gvpa_gvpj_ambiguous	insufficient_competitive_margin	125.8	93.3	natural_heldout	gvpa	0	nat_7cb4966ababb293a7db4
nat_de1520359c3cd2badb80	de1520359c3cd2badb80f957511e46579741fc7dd176bf9ab7bd48d3e9492cb6	80	pass	59.1	59.4	1.0	gvpj	92.8	gvpa	127.9	-35.10000000000001	0.6228070175438597	0.8625	gvpa_gvpj_ambiguous	insufficient_competitive_margin	127.9	92.8	natural_heldout	gvpa	0	nat_de1520359c3cd2badb80
nat_49d3875a5ef4bbb644f9	49d3875a5ef4bbb644f930139f267d2cc4e3bdfbfd30dde28aab18149bc1f254	95	pass	59.1	59.5	1.0	gvpa	138.1	gvpj	93.7	44.39999999999999	0.6131386861313869	0.8842105263157894	supported_gvpa	pf00741_and_competitive_gvpa_support	138.1	93.7	natural_heldout	gvpa	0	nat_49d3875a5ef4bbb644f9
nat_1e070d0d2387bb202235	1e070d0d2387bb202235dd365948f4b25f48059ea4c98d3578571e9cd7eb12bb	75	pass	55.9	56.2	1.0			gvpa	120.8		0.0	0.0	unsupported	no_qualified_subfamily_hit	120.8	81.2	natural_heldout	gvpa	0	nat_1e070d0d2387bb202235
nat_38cb7bda240a833d36b3	38cb7bda240a833d36b384add457f6a14c4bac92c8bfa58639724187005025d1	95	pass	59.3	59.7	1.0	gvpa	139.5	gvpj	95.9	43.599999999999994	0.635036496350365	0.9157894736842105	supported_gvpa	pf00741_and_competitive_gvpa_support	139.5	95.9	natural_heldout	gvpa	0	nat_38cb7bda240a833d36b3
nat_3dcd4bf22b7bbdb49d82	3dcd4bf22b7bbdb49d82bd3c0ad5243535489009f84e98c6150ccd4e5dc08f1d	95	pass	59.1	59.5	1.0	gvpa	139.6	gvpj	95.5	44.099999999999994	0.635036496350365	0.9157894736842105	supported_gvpa	pf00741_and_competitive_gvpa_support	139.6	95.5	natural_heldout	gvpa	0	nat_3dcd4bf22b7bbdb49d82
nat_8f3e753527c876cd94f0	8f3e753527c876cd94f0f40735a536faf3fc90a3524a79b993b998a48495383b	95	pass	59.1	59.5	1.0	gvpa	139.3	gvpj	95.4	43.900000000000006	0.6204379562043796	0.8947368421052632	supported_gvpa	pf00741_and_competitive_gvpa_support	139.3	95.4	natural_heldout	gvpa	0	nat_8f3e753527c876cd94f0
nat_8f7aa09afb9d7c3cc2eb	8f7aa09afb9d7c3cc2eb21e2c36d3651a0b1d0bb140446aa99cfc1a96f4de3ce	72	pass	62.3	62.7	1.0			gvpa	125.8		0.0	0.0	unsupported	no_qualified_subfamily_hit	125.8	89.7	natural_heldout	gvpa	0	nat_8f7aa09afb9d7c3cc2eb
nat_144165ea4d3ea8a64b2e	144165ea4d3ea8a64b2e97fd557e53d485b05e168aefc547e39ea8dc8fed59dd	95	pass	59.1	59.5	1.0	gvpa	139.1	gvpj	94.7	44.39999999999999	0.6277372262773723	0.9052631578947369	supported_gvpa	pf00741_and_competitive_gvpa_support	139.1	94.7	natural_heldout	gvpa	0	nat_144165ea4d3ea8a64b2e
nat_bb973ad514bc9a8e4071	bb973ad514bc9a8e4071a1875fc5756e7859556fa23d8596d35a2c4da3565928	72	pass	63.2	63.5	1.0	gvpj	91.5	gvpa	125.2	-33.7	0.6140350877192983	0.9583333333333334	gvpa_gvpj_ambiguous	insufficient_competitive_margin	125.2	91.5	natural_heldout	gvpa	0	nat_bb973ad514bc9a8e4071
nat_d5c2d4101839c4dee9b6	d5c2d4101839c4dee9b608bbafd0bb712b3bb5cc8e8bb373c074eb48f72d3a9b	86	pass	57.8	58.2	1.0	gvpj	87.7	gvpa	129.7	-41.999999999999986	0.6491228070175439	0.872093023255814	gvpa_gvpj_ambiguous	insufficient_competitive_margin	129.7	87.7	natural_heldout	gvpa	0	nat_d5c2d4101839c4dee9b6
nat_f5db5c4704d592f947d9	f5db5c4704d592f947d9390e9bcd6afde1ac2a8c4b44472ec28636a4e3ab47c5	82	pass	56.1	56.7	1.0	gvpj	89.2	gvpa	127.9	-38.7	0.6052631578947368	0.8414634146341463	gvpa_gvpj_ambiguous	insufficient_competitive_margin	127.9	89.2	natural_heldout	gvpa	0	nat_f5db5c4704d592f947d9
nat_41af882b944a1fc500db	41af882b944a1fc500dbe8f6fc01230050462280d115eeafbc8f1cb2c66f1d11	72	pass	61.9	62.2	1.0			gvpa	127.1		0.0	0.0	unsupported	no_qualified_subfamily_hit	127.1	90.7	natural_heldout	gvpa	0	nat_41af882b944a1fc500db
nat_ffef1b1b441fdc15ea9c	ffef1b1b441fdc15ea9c7981dc1e18e5fd48b4bd588343bda7a874e40857653d	72	pass	61.7	62.0	1.0			gvpa	125.4		0.0	0.0	unsupported	no_qualified_subfamily_hit	125.4	89.7	natural_heldout	gvpa	0	nat_ffef1b1b441fdc15ea9c
nat_908def535fa98fa36b50	908def535fa98fa36b50ccc7b99887e25d2d33284b95e820e8135e01dd397cd1	72	pass	60.3	60.6	1.0			gvpa	125.7		0.0	0.0	unsupported	no_qualified_subfamily_hit	125.7	89.7	natural_heldout	gvpa	0	nat_908def535fa98fa36b50
nat_f0b585defb33f68b9eec	f0b585defb33f68b9eec146548ed02b46b614ae37435ad5b020b758b4d5f244f	72	pass	55.9	56.2	1.0			gvpa	124.2		0.0	0.0	unsupported	no_qualified_subfamily_hit	124.2	85.9	natural_heldout	gvpa	0	nat_f0b585defb33f68b9eec
nat_cdcb9ea08084d402155d	cdcb9ea08084d402155df7d0686cb8cea6ba1a31a6700d9535afd219d71587fa	72	pass	55.5	56.0	1.0			gvpa	125.4		0.0	0.0	unsupported	no_qualified_subfamily_hit	125.4	88.5	natural_heldout	gvpa	0	nat_cdcb9ea08084d402155d
nat_499d1d5d62f7019687f3	499d1d5d62f7019687f3b0059c07e37c33752b65b36ec66eebc2e45d4f2fa3a4	86	pass	53.7	54.0	1.0	gvpj	94.2	gvpa	129.9	-35.7	0.6491228070175439	0.8372093023255814	gvpa_gvpj_ambiguous	insufficient_competitive_margin	129.9	94.2	natural_heldout	gvpa	0	nat_499d1d5d62f7019687f3
nat_fe5639b3f6715383286a	fe5639b3f6715383286aeb1b876f8ff0584cb9b9687213268c0fa3160ccd0d10	86	pass	54.7	55.0	1.0	gvpj	96.6	gvpa	133.1	-36.5	0.7105263157894737	0.9069767441860465	gvpa_gvpj_ambiguous	insufficient_competitive_margin	133.1	96.6	natural_heldout	gvpa	0	nat_fe5639b3f6715383286a
nat_6b64acdf3f40fdffd144	6b64acdf3f40fdffd14457cf606766a5451a179ed659c2fe7bc45e7d0a7abcb4	91	pass	56.5	56.8	1.0	gvpj	96.8	gvpa	133.9	-37.10000000000001	0.7017543859649122	0.8681318681318682	gvpa_gvpj_ambiguous	insufficient_competitive_margin	133.9	96.8	natural_heldout	gvpa	0	nat_6b64acdf3f40fdffd144
nat_fa3ceb760df75c71ed08	fa3ceb760df75c71ed088b41a6a5cb57560dd57584efea5c666da3bd00024593	86	pass	55.9	56.3	1.0	gvpj	96.4	gvpa	133.9	-37.5	0.7017543859649122	0.9186046511627907	gvpa_gvpj_ambiguous	insufficient_competitive_margin	133.9	96.4	natural_heldout	gvpa	0	nat_fa3ceb760df75c71ed08
nat_45c7c948c17d40fffc2f	45c7c948c17d40fffc2fecd18e8eb9f993cd3d908fa5567702d7b7dfc4518927	86	pass	58.0	58.4	1.0	gvpj	95.8	gvpa	131.6	-35.8	0.6578947368421053	0.872093023255814	gvpa_gvpj_ambiguous	insufficient_competitive_margin	131.6	95.8	natural_heldout	gvpa	0	nat_45c7c948c17d40fffc2f
nat_967e2f04e468a1a875d9	967e2f04e468a1a875d95aef96684bd59af17b05397db6a5e57b624802fa22d2	78	pass	59.1	59.4	1.0			gvpa	126.2		0.0	0.0	unsupported	no_qualified_subfamily_hit	126.2	91.1	natural_heldout	gvpa	0	nat_967e2f04e468a1a875d9
nat_26dd9c3e80f115461010	26dd9c3e80f115461010c3e48a60d95fe14f7e45bff5c06ac7dd6e0e34690448	71	pass	61.3	61.6	1.0			gvpa	129.1		0.0	0.0	unsupported	no_qualified_subfamily_hit	129.1	92.6	natural_heldout	gvpa	0	nat_26dd9c3e80f115461010
nat_4076ee92571a9babe66f	4076ee92571a9babe66f0519b5f715f210808ee8cf5653d8a346b1632f6930d1	71	pass	61.3	61.6	1.0	gvpj	92.8	gvpa	129.0	-36.2	0.6052631578947368	0.9436619718309859	gvpa_gvpj_ambiguous	insufficient_competitive_margin	129.0	92.8	natural_heldout	gvpa	0	nat_4076ee92571a9babe66f
nat_c306fc2a612dcf796388	c306fc2a612dcf7963887fd1483f31b8b1d3630b71566506bdbc766a133d7160	86	pass	56.7	57.0	1.0	gvpj	97.9	gvpa	134.3	-36.400000000000006	0.7105263157894737	0.9069767441860465	gvpa_gvpj_ambiguous	insufficient_competitive_margin	134.3	97.9	natural_heldout	gvpa	0	nat_c306fc2a612dcf796388
nat_81c3c33e1052ca11c9fd	81c3c33e1052ca11c9fde60fd0a62a9ef2c4738a5782114778528dc2c8d1fe8f	87	pass	55.6	56.0	1.0	gvpj	96.9	gvpa	133.1	-36.19999999999999	0.7280701754385965	0.9310344827586207	gvpa_gvpj_ambiguous	insufficient_competitive_margin	133.1	96.9	natural_heldout	gvpa	0	nat_81c3c33e1052ca11c9fd
nat_58de098a6c8aae0513de	58de098a6c8aae0513de85526b4bfd2ec959113cd4692c08455d9bd7f1221b78	72	pass	59.4	59.7	1.0	gvpj	89.4	gvpa	123.0	-33.599999999999994	0.6052631578947368	0.9444444444444444	gvpa_gvpj_ambiguous	insufficient_competitive_margin	123.0	89.4	natural_heldout	gvpa	0	nat_58de098a6c8aae0513de
nat_27cfc6c7874687adce98	27cfc6c7874687adce98fe5beec40dda323c639ba2824175d39fc4aad0117ad3	73	pass	59.0	59.4	1.0			gvpa	119.3		0.0	0.0	unsupported	no_qualified_subfamily_hit	119.3	88.4	natural_heldout	gvpa	0	nat_27cfc6c7874687adce98
nat_83d86218590801baa4be	83d86218590801baa4be9cbf64a37be9f413307984b80079d4c17313ca959345	85	pass	56.7	57.1	1.0	gvpj	94.1	gvpa	131.5	-37.400000000000006	0.631578947368421	0.8588235294117647	gvpa_gvpj_ambiguous	insufficient_competitive_margin	131.5	94.1	natural_heldout	gvpa	0	nat_83d86218590801baa4be
nat_fd49c343614a605c0f40	fd49c343614a605c0f408c1059dfd9e3f863077071d8fcc71280dc5802c3028c	87	pass	45.0	45.0	1.0	gvpj	75.5	gvpa	117.5	-42.0	0.6140350877192983	0.8045977011494253	gvpa_gvpj_ambiguous	insufficient_competitive_margin	117.5	75.5	natural_heldout	gvpa	0	nat_fd49c343614a605c0f40
nat_9ba976654c95d4d9fd8f	9ba976654c95d4d9fd8ffe4ff8d4a6186d6631fd013c161e4ccb5c524a6494cc	69	pass	56.2	56.6	0.9743589743589743			gvpa	116.8		0.0	0.0	unsupported	no_qualified_subfamily_hit	116.8	81.6	natural_heldout	gvpa	0	nat_9ba976654c95d4d9fd8f
nat_4482775e0979509e45d2	4482775e0979509e45d23f6ca737a7fdb6814c225930bbcb113f82d33d585228	95	pass	59.1	59.5	1.0	gvpa	139.4	gvpj	95.4	44.0	0.6204379562043796	0.8947368421052632	supported_gvpa	pf00741_and_competitive_gvpa_support	139.4	95.4	natural_heldout	gvpa	0	nat_4482775e0979509e45d2
nat_35226954812d95b1eb87	35226954812d95b1eb87f6c9f6c2ac5cabf4e8cb1e9932ee85489572ea157c29	84	pass	57.1	57.5	1.0			gvpa	120.6		0.0	0.0	unsupported	no_qualified_subfamily_hit	120.6	82.6	natural_heldout	gvpa	0	nat_35226954812d95b1eb87
nat_628577dc37636bc0384e	628577dc37636bc0384ee327a4aeb3192a7c90e3c438c8b2383085b819d27655	72	pass	56.0	56.3	1.0	gvpj	85.2	gvpa	123.7	-38.5	0.6140350877192983	0.9583333333333334	gvpa_gvpj_ambiguous	insufficient_competitive_margin	123.7	85.2	natural_heldout	gvpa	0	nat_628577dc37636bc0384e
nat_34e541178b7b0b894972	34e541178b7b0b894972aaad49425526fd16e04d52071bf0480f2bf5f7434458	88	pass	57.1	57.4	1.0	gvpj	95.3	gvpa	132.6	-37.3	0.6578947368421053	0.8409090909090909	gvpa_gvpj_ambiguous	insufficient_competitive_margin	132.6	95.3	natural_heldout	gvpa	0	nat_34e541178b7b0b894972
nat_f454f2a56d9c1f348b1d	f454f2a56d9c1f348b1dac3f706e94ceea099db81084cd1c70f2fc3cd1dfd5a3	87	pass	56.4	56.7	1.0	gvpj	95.5	gvpa	132.8	-37.30000000000001	0.7192982456140351	0.9080459770114943	gvpa_gvpj_ambiguous	insufficient_competitive_margin	132.8	95.5	natural_heldout	gvpa	0	nat_f454f2a56d9c1f348b1d
nat_19cd7b61a586d4e4fed8	19cd7b61a586d4e4fed893c2bbd031719e582f6c6b75c515eb7fffa1099eb2c8	84	pass	58.1	58.6	1.0	gvpj	96.8	gvpa	133.4	-36.60000000000001	0.6491228070175439	0.8571428571428571	gvpa_gvpj_ambiguous	insufficient_competitive_margin	133.4	96.8	natural_heldout	gvpa	0	nat_19cd7b61a586d4e4fed8
nat_a62ba34ed245e06a2975	a62ba34ed245e06a29758d7dd356e60f73eeb1c63f5eec9b8103fa7af5740d6a	70	pass	47.6	47.9	1.0	gvpj	80.2	gvpa	114.4	-34.2	0.6052631578947368	0.9428571428571428	gvpa_gvpj_ambiguous	insufficient_competitive_margin	114.4	80.2	natural_heldout	gvpa	0	nat_a62ba34ed245e06a2975
nat_b57946b3f69a165a3268	b57946b3f69a165a32688ee14d0fee5bcea63bf4d3ebf9eda46125a5b0948414	86	pass	58.4	58.8	1.0	gvpj	94.1	gvpa	129.7	-35.599999999999994	0.6754385964912281	0.8837209302325582	gvpa_gvpj_ambiguous	insufficient_competitive_margin	129.7	94.1	natural_heldout	gvpa	0	nat_b57946b3f69a165a3268
nat_9683dd0b519eaf04d743	9683dd0b519eaf04d7438c1faa3b5ba7bfa2c6cfe741bd86fa7ae8c0e5378d7f	72	pass	60.3	60.7	1.0			gvpa	125.6		0.0	0.0	unsupported	no_qualified_subfamily_hit	125.6	89.1	natural_heldout	gvpa	0	nat_9683dd0b519eaf04d743
nat_7c8675813e4623763282	7c8675813e46237632821dfe2c299d8a6a1afa403a3029f6dc9436af707fc73f	72	pass	56.3	56.7	1.0			gvpa	125.9		0.0	0.0	unsupported	no_qualified_subfamily_hit	125.9	89.6	natural_heldout	gvpa	0	nat_7c8675813e4623763282
nat_edc787924d6392f7c1f5	edc787924d6392f7c1f5e5e00d1e49e457b29997f69ad3227883a383e8273b5b	94	pass	59.1	59.5	1.0	gvpa	139.5	gvpj	93.3	46.2	0.6496350364963503	0.9468085106382979	supported_gvpa	pf00741_and_competitive_gvpa_support	139.5	93.3	natural_heldout	gvpa	0	nat_edc787924d6392f7c1f5
nat_b7662fa2f5d44aa0d6b4	b7662fa2f5d44aa0d6b41c24f4f96c605eb5db30149fbf2c0bac9fe17a17acbe	72	pass	62.4	62.8	1.0	gvpj	90.6	gvpa	124.7	-34.10000000000001	0.6140350877192983	0.9583333333333334	gvpa_gvpj_ambiguous	insufficient_competitive_margin	124.7	90.6	natural_heldout	gvpa	0	nat_b7662fa2f5d44aa0d6b4
nat_f65654f9aa3b69f34daa	f65654f9aa3b69f34daadee67a7561e43738c0e2ee7c492fbb794705940ddbfb	72	pass	62.4	62.8	1.0	gvpj	90.4	gvpa	124.7	-34.3	0.6140350877192983	0.9583333333333334	gvpa_gvpj_ambiguous	insufficient_competitive_margin	124.7	90.4	natural_heldout	gvpa	0	nat_f65654f9aa3b69f34daa
nat_51223251df1314e3c9ba	51223251df1314e3c9bade6b7106f3aca04a55dafced3cc5b130a47bc7b29c63	66	pass	59.2	59.5	1.0			gvpa	124.7		0.0	0.0	unsupported	no_qualified_subfamily_hit	124.7	89.7	natural_heldout	gvpa	0	nat_51223251df1314e3c9ba
nat_e9d0d8807aee29d8e61c	e9d0d8807aee29d8e61cc5812e5272da20f42b2eb9c88bded666404669277156	71	pass	57.7	58.0	1.0			gvpa	125.6		0.0	0.0	unsupported	no_qualified_subfamily_hit	125.6	87.3	natural_heldout	gvpa	0	nat_e9d0d8807aee29d8e61c
nat_39cf0fd21702af1ff2b1	39cf0fd21702af1ff2b1a85e7f95803ffe5d465cb6cae8e617df8798b8c9f644	69	pass	58.3	58.7	1.0			gvpa	118.6		0.0	0.0	unsupported	no_qualified_subfamily_hit	118.6	85.2	natural_heldout	gvpa	0	nat_39cf0fd21702af1ff2b1
nat_ce84140595a3625becb8	ce84140595a3625becb853b3896946af55d40cf7bd6ebf4c0c866321df18c48e	71	pass	59.5	59.8	1.0	gvpj	91.7	gvpa	129.2	-37.499999999999986	0.6052631578947368	0.9436619718309859	gvpa_gvpj_ambiguous	insufficient_competitive_margin	129.2	91.7	natural_heldout	gvpa	0	nat_ce84140595a3625becb8
nat_de6e45b17a1efe79f377	de6e45b17a1efe79f37778d836358d826a304d076e7019714203a05f82787777	74	pass	59.5	59.8	1.0			gvpa	125.4		0.0	0.0	unsupported	no_qualified_subfamily_hit	125.4	90.8	natural_heldout	gvpa	0	nat_de6e45b17a1efe79f377
nat_44a44809c7c1d751ebce	44a44809c7c1d751ebce0ff9a86895a50f13e140bfe6d9ae84ed0e8114d8495c	72	pass	53.6	53.9	1.0			gvpa	125.2		0.0	0.0	unsupported	no_qualified_subfamily_hit	125.2	85.7	natural_heldout	gvpa	0	nat_44a44809c7c1d751ebce
nat_1a1b9a1e258a11254cb4	1a1b9a1e258a11254cb4f5cd618e15676d2d449475d5b0ed37269cbc3185bc1d	72	pass	57.9	58.1	1.0	gvpj	90.4	gvpa	128.1	-37.69999999999999	0.6052631578947368	0.9305555555555556	gvpa_gvpj_ambiguous	insufficient_competitive_margin	128.1	90.4	natural_heldout	gvpa	0	nat_1a1b9a1e258a11254cb4
nat_72cdd34cb274da9e5e19	72cdd34cb274da9e5e194597336bd584c0601117e8bd69b326cde75988c2ef5d	92	pass	57.5	57.9	0.9743589743589743	gvpj	92.8	gvpa	128.9	-36.10000000000001	0.6491228070175439	0.8043478260869565	gvpa_gvpj_ambiguous	insufficient_competitive_margin	128.9	92.8	natural_heldout	gvpa	0	nat_72cdd34cb274da9e5e19
nat_ae37005a67bc5cb2b176	ae37005a67bc5cb2b176bbb2a26f1bbfc007226ff1abafb159c27039c720fa0e	72	pass	60.9	61.3	1.0			gvpa	126.5		0.0	0.0	unsupported	no_qualified_subfamily_hit	126.5	89.5	natural_heldout	gvpa	0	nat_ae37005a67bc5cb2b176
nat_e8c5de40001b59b84f30	e8c5de40001b59b84f3000546d57bdbffeb1f2fbded41da8015760622ba66cb1	86	pass	58.8	59.1	1.0	gvpj	98.3	gvpa	134.4	-36.10000000000001	0.6578947368421053	0.8604651162790697	gvpa_gvpj_ambiguous	insufficient_competitive_margin	134.4	98.3	natural_heldout	gvpa	0	nat_e8c5de40001b59b84f30
nat_3426f2b4953d2172f209	3426f2b4953d2172f209b39e07c92d33714de1f85bc963ee04a0c73f32a57c8b	70	pass	55.8	56.2	1.0			gvpa	117.4		0.0	0.0	unsupported	no_qualified_subfamily_hit	117.4	86.4	natural_heldout	gvpa	0	nat_3426f2b4953d2172f209
nat_fa062766acc141ed13ab	fa062766acc141ed13ab5647f670b952cf8945bbcfc8349eca2a90bcac8cd4ef	71	pass	56.9	57.2	1.0	gvpj	88.2	gvpa	124.2	-36.0	0.6052631578947368	0.9436619718309859	gvpa_gvpj_ambiguous	insufficient_competitive_margin	124.2	88.2	natural_heldout	gvpa	0	nat_fa062766acc141ed13ab
nat_6f227f789b114508ea99	6f227f789b114508ea9998be7bfc238fb7cd36b4f026ef2c1d299b426ba4d67d	72	pass	58.0	58.3	1.0			gvpa	124.6		0.0	0.0	unsupported	no_qualified_subfamily_hit	124.6	88.8	natural_heldout	gvpa	0	nat_6f227f789b114508ea99
nat_56d5d14e5f958bb848ef	56d5d14e5f958bb848effc7cddc6dd078434561bb8d86a1a4654791676632e8b	71	pass	57.9	58.2	1.0	gvpj	89.9	gvpa	127.2	-37.3	0.6052631578947368	0.9436619718309859	gvpa_gvpj_ambiguous	insufficient_competitive_margin	127.2	89.9	natural_heldout	gvpa	0	nat_56d5d14e5f958bb848ef
nat_819e640008ab1349cc70	819e640008ab1349cc70b304807fe3f89bc28dfae3f714424db06baf20ba737b	63	pass	60.0	60.3	1.0			gvpa	123.5		0.0	0.0	unsupported	no_qualified_subfamily_hit	123.5	88.2	natural_heldout	gvpa	0	nat_819e640008ab1349cc70
nat_63d39c2e5861daa31f41	63d39c2e5861daa31f41643f87a02e57bbbbceb485e5b854577bf230f2d1c5e3	83	pass	40.3	41.0	1.0	gvpj	78.9	gvpa	115.5	-36.599999999999994	0.6578947368421053	0.8554216867469879	gvpa_gvpj_ambiguous	insufficient_competitive_margin	115.5	78.9	natural_heldout	gvpa	0	nat_63d39c2e5861daa31f41
nat_6d06213120173a755e9b	6d06213120173a755e9baa644f1b79091e5fe37b3d5310decd03b265d1c1198a	88	pass	56.4	56.7	1.0	gvpj	96.0	gvpa	132.6	-36.599999999999994	0.6666666666666666	0.8522727272727273	gvpa_gvpj_ambiguous	insufficient_competitive_margin	132.6	96.0	natural_heldout	gvpa	0	nat_6d06213120173a755e9b
nat_0844cfaee9f234d540b5	0844cfaee9f234d540b527333f1f62a06e990377372b5ef2abf079432a623702	86	pass	58.0	58.5	1.0	gvpj	96.5	gvpa	133.2	-36.69999999999999	0.6578947368421053	0.872093023255814	gvpa_gvpj_ambiguous	insufficient_competitive_margin	133.2	96.5	natural_heldout	gvpa	0	nat_0844cfaee9f234d540b5
nat_271291dc0f72accfac60	271291dc0f72accfac607a148f3b6af0576a1ad6cb95ac9bf3548d2abca3aa08	86	pass	58.0	58.4	1.0	gvpj	96.9	gvpa	133.6	-36.69999999999999	0.6578947368421053	0.872093023255814	gvpa_gvpj_ambiguous	insufficient_competitive_margin	133.6	96.9	natural_heldout	gvpa	0	nat_271291dc0f72accfac60
nat_f977e0ce7c4a878af278	f977e0ce7c4a878af278f121d93c324388244920522e89fce9467528c48d695e	84	pass	54.1	54.4	1.0	gvpj	94.9	gvpa	132.2	-37.29999999999998	0.6491228070175439	0.8571428571428571	gvpa_gvpj_ambiguous	insufficient_competitive_margin	132.2	94.9	natural_heldout	gvpa	0	nat_f977e0ce7c4a878af278
nat_07561c65a5d37a8aa878	07561c65a5d37a8aa878cb07b895eb5f91fafbeef771c9befc328c8c9c84e7fc	72	pass	60.5	60.9	1.0			gvpa	122.9		0.0	0.0	unsupported	no_qualified_subfamily_hit	122.9	89.0	natural_heldout	gvpa	0	nat_07561c65a5d37a8aa878
nat_73e0b5aa88a198c56cae	73e0b5aa88a198c56caeea07f42134079d2b868fcd0dbd1b9bc7234b4f64666a	87	pass	59.4	59.9	1.0	gvpj	91.1	gvpa	135.3	-44.20000000000002	0.6842105263157895	0.8735632183908046	gvpa_gvpj_ambiguous	insufficient_competitive_margin	135.3	91.1	natural_heldout	gvpa	0	nat_73e0b5aa88a198c56cae
nat_cd0ec9cc83e20bd818b3	cd0ec9cc83e20bd818b34c3d6e32229ae82b1f4b803ad5a686041fe792cfa0b4	86	pass	55.3	55.8	1.0	gvpj	87.7	gvpa	130.6	-42.89999999999999	0.6491228070175439	0.872093023255814	gvpa_gvpj_ambiguous	insufficient_competitive_margin	130.6	87.7	natural_heldout	gvpa	0	nat_cd0ec9cc83e20bd818b3
nat_ad18f8d7fabecf9750fb	ad18f8d7fabecf9750fb27c42b42c14e2c5be22222525e8903b790ab878114cc	97	pass	54.1	54.5	0.9743589743589743	gvpa	123.0	gvpj	86.2	36.8	0.6058394160583942	0.8556701030927835	supported_gvpa	pf00741_and_competitive_gvpa_support	123.0	86.2	natural_heldout	gvpa	0	nat_ad18f8d7fabecf9750fb
nat_76418c5d471b2873e6bf	76418c5d471b2873e6bfd66246e1ddea8c46c09677d508ca4d85d7ddc4b66838	86	pass	55.3	55.8	1.0	gvpj	88.4	gvpa	131.0	-42.599999999999994	0.6491228070175439	0.872093023255814	gvpa_gvpj_ambiguous	insufficient_competitive_margin	131.0	88.4	natural_heldout	gvpa	0	nat_76418c5d471b2873e6bf
nat_7801d96d034213cf08c8	7801d96d034213cf08c8a094d7cac15ce9d441b0b84d59a3a397698d01a086b2	84	pass	56.3	56.8	1.0	gvpj	82.4	gvpa	122.5	-40.099999999999994	0.6228070175438597	0.8571428571428571	gvpa_gvpj_ambiguous	insufficient_competitive_margin	122.5	82.4	natural_heldout	gvpa	0	nat_7801d96d034213cf08c8
nat_b9d147aeaac9ffa9d0f3	b9d147aeaac9ffa9d0f345cb4414f298f5fcd7bdcb541313ba9f90ed1cf3a920	87	pass	55.3	55.8	1.0	gvpj	87.4	gvpa	130.8	-43.400000000000006	0.6491228070175439	0.8620689655172413	gvpa_gvpj_ambiguous	insufficient_competitive_margin	130.8	87.4	natural_heldout	gvpa	0	nat_b9d147aeaac9ffa9d0f3
nat_824a3264c546dbd7013f	824a3264c546dbd7013f28ea8a55f3a237060c55e29003b45dafff7fd11e8a4e	97	pass	54.1	54.5	0.9743589743589743	gvpa	123.4	gvpj	86.6	36.80000000000001	0.6058394160583942	0.8556701030927835	supported_gvpa	pf00741_and_competitive_gvpa_support	123.4	86.6	natural_heldout	gvpa	0	nat_824a3264c546dbd7013f
nat_b34a5f1cebe7f342dc3f	b34a5f1cebe7f342dc3f0266350f98a4220b9e2eabe7f053f156e8a2488af41b	72	pass	53.8	54.2	1.0			gvpa	124.9		0.0	0.0	unsupported	no_qualified_subfamily_hit	124.9	86.1	natural_heldout	gvpa	0	nat_b34a5f1cebe7f342dc3f
nat_354eeee0be3f0383107b	354eeee0be3f0383107be26977796d47824369722e4cc0040014e2231196c8e5	85	pass	58.1	58.5	1.0	gvpj	93.4	gvpa	130.9	-37.5	0.6578947368421053	0.8823529411764706	gvpa_gvpj_ambiguous	insufficient_competitive_margin	130.9	93.4	natural_heldout	gvpa	0	nat_354eeee0be3f0383107b
nat_f2eb1efff0bc22bf511d	f2eb1efff0bc22bf511d7abe25340b374cb0b499c08c0e5b5016a140d3727bb3	72	pass	58.8	59.1	0.9743589743589743	gvpj	87.8	gvpa	121.3	-33.5	0.6052631578947368	0.9444444444444444	gvpa_gvpj_ambiguous	insufficient_competitive_margin	121.3	87.8	natural_heldout	gvpa	0	nat_f2eb1efff0bc22bf511d
nat_7d8f193406ee761e1417	7d8f193406ee761e1417644f12663163f20f02aa96aa9ac9a3e9967ae45736db	95	pass	57.2	57.6	1.0	gvpa	139.5	gvpj	95.1	44.400000000000006	0.635036496350365	0.9157894736842105	supported_gvpa	pf00741_and_competitive_gvpa_support	139.5	95.1	natural_heldout	gvpa	0	nat_7d8f193406ee761e1417
nat_a6d518bf56b5cafab96a	a6d518bf56b5cafab96ad5614138c302b7592dbeed2603e0b2367a1fa9195b51	88	pass	58.1	58.4	1.0	gvpj	96.3	gvpa	130.5	-34.2	0.6491228070175439	0.8181818181818182	gvpa_gvpj_ambiguous	insufficient_competitive_margin	130.5	96.3	natural_heldout	gvpa	0	nat_a6d518bf56b5cafab96a
nat_509311e69b214d9f94e7	509311e69b214d9f94e73b22f61d8fe5ca6761a790311b2da756f7aacf9bbd78	86	pass	55.9	56.3	1.0	gvpj	96.8	gvpa	134.0	-37.2	0.7105263157894737	0.9069767441860465	gvpa_gvpj_ambiguous	insufficient_competitive_margin	134.0	96.8	natural_heldout	gvpa	0	nat_509311e69b214d9f94e7
nat_7a296141a2788c2145e9	7a296141a2788c2145e9831dd2e14af2845f1b10362686045dd37b12e3d675db	96	pass	58.8	59.2	1.0	gvpa	134.4	gvpj	97.9	36.5	0.656934306569343	0.9166666666666666	supported_gvpa	pf00741_and_competitive_gvpa_support	134.4	97.9	natural_heldout	gvpa	0	nat_7a296141a2788c2145e9
nat_38a86b2caad8351d20f8	38a86b2caad8351d20f84009e4f3fadc81641af9267c4634244814993c1e259b	70	pass	59.7	60.1	1.0			gvpa	119.2		0.0	0.0	unsupported	no_qualified_subfamily_hit	119.2	85.0	natural_heldout	gvpa	0	nat_38a86b2caad8351d20f8
nat_4ba0a2c8ff48af80e17e	4ba0a2c8ff48af80e17ea4e45f1da9493a8864d39f451200f163ff2e561d2b6f	71	pass	51.0	51.3	1.0	gvpj	81.7	gvpa	117.8	-36.099999999999994	0.6052631578947368	0.9436619718309859	gvpa_gvpj_ambiguous	insufficient_competitive_margin	117.8	81.7	natural_heldout	gvpa	0	nat_4ba0a2c8ff48af80e17e
nat_63e94d96149b61e3547f	63e94d96149b61e3547fb620a3561727505e40a05520085d6a7b53eda6afbc7c	87	pass	55.3	55.8	1.0	gvpa	132.0	gvpj	87.8	44.2	0.6058394160583942	0.9540229885057471	supported_gvpa	pf00741_and_competitive_gvpa_support	132.0	87.8	natural_heldout	gvpa	0	nat_63e94d96149b61e3547f
nat_1221e51a70c9226dfb5b	1221e51a70c9226dfb5b8f5c0eaea31f8d82a2bbe997fe275036cddfc6893f45	90	pass	56.8	57.2	0.9743589743589743	gvpj	92.1	gvpa	128.1	-36.0	0.6403508771929824	0.7888888888888889	gvpa_gvpj_ambiguous	insufficient_competitive_margin	128.1	92.1	natural_heldout	gvpa	0	nat_1221e51a70c9226dfb5b
nat_4f76b230eb60279eb5dd	4f76b230eb60279eb5dd9727b6fef53befa7b01de4543a47effc9d7219b9b6ea	95	pass	59.9	60.3	1.0	gvpa	137.8	gvpj	94.8	43.000000000000014	0.635036496350365	0.9157894736842105	supported_gvpa	pf00741_and_competitive_gvpa_support	137.8	94.8	natural_heldout	gvpa	0	nat_4f76b230eb60279eb5dd
nat_943ce15fb7773fa3a769	943ce15fb7773fa3a769b10eef21ff74af8e9455a035ac627206a70f67094829	94	pass	59.1	59.6	1.0	gvpa	138.7	gvpj	92.3	46.39999999999999	0.6496350364963503	0.9468085106382979	supported_gvpa	pf00741_and_competitive_gvpa_support	138.7	92.3	natural_heldout	gvpa	0	nat_943ce15fb7773fa3a769
nat_2395590053bc57a3bac9	2395590053bc57a3bac9a2197e4b3100849ac0586b18b27401acb2786f9ed738	91	pass	59.0	59.4	1.0	gvpj	93.7	gvpa	129.8	-36.10000000000001	0.6666666666666666	0.8351648351648352	gvpa_gvpj_ambiguous	insufficient_competitive_margin	129.8	93.7	natural_heldout	gvpa	0	nat_2395590053bc57a3bac9
nat_0dcb405a364eae4db9c2	0dcb405a364eae4db9c2e19b75732438619d866ca86f30cf78ac87bfd6ab062e	72	pass	58.6	59.1	1.0			gvpa	127.1		0.0	0.0	unsupported	no_qualified_subfamily_hit	127.1	87.5	natural_heldout	gvpa	0	nat_0dcb405a364eae4db9c2
nat_36d36d0c4f52b3ab32d3	36d36d0c4f52b3ab32d367ff704271c4f22cce71b0e9625e3e2a6ce41c559470	73	pass	56.7	57.0	0.9743589743589743			gvpa	116.7		0.0	0.0	unsupported	no_qualified_subfamily_hit	116.7	85.0	natural_heldout	gvpa	0	nat_36d36d0c4f52b3ab32d3
nat_476885d73f2103224b29	476885d73f2103224b292d5d842a8afc0794641e93e8e2d399aaf3c10eaa833c	84	pass	57.1	57.5	1.0			gvpa	120.5		0.0	0.0	unsupported	no_qualified_subfamily_hit	120.5	82.4	natural_heldout	gvpa	0	nat_476885d73f2103224b29
nat_875f973318346cb3195c	875f973318346cb3195c0e54e2957fb5e2b9705277fba1185a2959b7514f62fe	86	pass	58.5	59.0	1.0	gvpj	96.0	gvpa	130.9	-34.900000000000006	0.6140350877192983	0.813953488372093	gvpa_gvpj_ambiguous	insufficient_competitive_margin	130.9	96.0	natural_heldout	gvpa	0	nat_875f973318346cb3195c
nat_4ce0c5155ea4669922bc	4ce0c5155ea4669922bcb0230c9b672b1e80fe3a06ce66f3212edffea74321db	86	pass	56.7	57.0	1.0	gvpj	97.7	gvpa	134.3	-36.60000000000001	0.7105263157894737	0.9069767441860465	gvpa_gvpj_ambiguous	insufficient_competitive_margin	134.3	97.7	natural_heldout	gvpa	0	nat_4ce0c5155ea4669922bc
nat_92d7d81f95603487cd9c	92d7d81f95603487cd9c2e6f2b9a057290f97368162a627c34d4db46064b5d78	95	pass	59.9	60.3	1.0	gvpa	137.9	gvpj	95.6	42.30000000000001	0.6204379562043796	0.8947368421052632	supported_gvpa	pf00741_and_competitive_gvpa_support	137.9	95.6	natural_heldout	gvpa	0	nat_92d7d81f95603487cd9c
nat_b47c8eec954491beb714	b47c8eec954491beb71449c63366fd48ba5dce86743a074cbdbe978a2a2b450c	95	pass	56.4	56.8	1.0	gvpa	139.5	gvpj	95.2	44.3	0.6204379562043796	0.8947368421052632	supported_gvpa	pf00741_and_competitive_gvpa_support	139.5	95.2	natural_heldout	gvpa	0	nat_b47c8eec954491beb714
nat_ce3165ca201b0c8e2c6c	ce3165ca201b0c8e2c6c06c285e1bdb19d53d60ee32c4a51fbe5f2bfea086a03	86	pass	55.9	56.3	1.0	gvpj	96.6	gvpa	133.5	-36.900000000000006	0.7017543859649122	0.8953488372093024	gvpa_gvpj_ambiguous	insufficient_competitive_margin	133.5	96.6	natural_heldout	gvpa	0	nat_ce3165ca201b0c8e2c6c
nat_99653906bbbaa3567e58	99653906bbbaa3567e58037ebc89d71df155e279b2e9b7a7a4293bfa01ad6bd8	82	pass	35.9	36.2	1.0	gvpj	74.6	gvpa	109.9	-35.30000000000001	0.6052631578947368	0.8414634146341463	gvpa_gvpj_ambiguous	insufficient_competitive_margin	109.9	74.6	natural_heldout	gvpa	0	nat_99653906bbbaa3567e58
nat_bb09971e1315fce64b6e	bb09971e1315fce64b6ebe60ab918eb13f4e62c370d2b46304d7bccf3b3ead2c	72	pass	54.4	54.7	1.0	gvpj	83.9	gvpa	122.4	-38.5	0.6140350877192983	0.9583333333333334	gvpa_gvpj_ambiguous	insufficient_competitive_margin	122.4	83.9	natural_heldout	gvpa	0	nat_bb09971e1315fce64b6e
nat_0e91ce29d8018f1f6bc6	0e91ce29d8018f1f6bc63564bb43e1bf4a485fe22bc7a713e9a2e0a3b6c8385c	71	pass	58.8	59.1	1.0	gvpj	90.2	gvpa	128.0	-37.8	0.6052631578947368	0.9436619718309859	gvpa_gvpj_ambiguous	insufficient_competitive_margin	128.0	90.2	natural_heldout	gvpa	0	nat_0e91ce29d8018f1f6bc6
nat_004ac783975534947324	004ac7839755349473240380f645fff65b298b81cd7212d8be9f25d268874df0	94	pass	56.1	56.5	1.0	gvpa	137.9	gvpj	93.3	44.60000000000001	0.6131386861313869	0.8936170212765957	supported_gvpa	pf00741_and_competitive_gvpa_support	137.9	93.3	natural_heldout	gvpa	0	nat_004ac783975534947324
nat_07f90c8c92dbdb92b94e	07f90c8c92dbdb92b94e1c4becf058d78867504d7c200a8ac59420a67443e648	95	pass	57.4	57.8	1.0	gvpa	136.5	gvpj	91.5	45.0	0.6277372262773723	0.9052631578947369	supported_gvpa	pf00741_and_competitive_gvpa_support	136.5	91.5	natural_heldout	gvpa	0	nat_07f90c8c92dbdb92b94e
nat_5c03f7861ccf36dc0533	5c03f7861ccf36dc05336cbb110d6b9466b83c837a45b4254d8ee83f1acb7937	84	pass	54.8	55.2	1.0	gvpj	88.2	gvpa	123.6	-35.39999999999999	0.6052631578947368	0.8333333333333334	gvpa_gvpj_ambiguous	insufficient_competitive_margin	123.6	88.2	natural_heldout	gvpa	0	nat_5c03f7861ccf36dc0533
nat_4cea385a8794a0b112c3	4cea385a8794a0b112c3718b48635d7251fd2b54c59d9aaf7a1aa68ef55f0934	94	pass	59.9	60.3	1.0	gvpa	140.4	gvpj	94.9	45.5	0.656934306569343	0.9574468085106383	supported_gvpa	pf00741_and_competitive_gvpa_support	140.4	94.9	natural_heldout	gvpa	0	nat_4cea385a8794a0b112c3
nat_4e9e86277af05dbd050d	4e9e86277af05dbd050d6026de986c169c801caeb1df279e98d79b71f7f662b6	94	pass	59.9	60.3	1.0	gvpa	140.4	gvpj	94.8	45.60000000000001	0.656934306569343	0.9574468085106383	supported_gvpa	pf00741_and_competitive_gvpa_support	140.4	94.8	natural_heldout	gvpa	0	nat_4e9e86277af05dbd050d
nat_65113288b099887ef152	65113288b099887ef152fd6bb6ea78fe9b22499732ef2573c3ce4e6c82f19f7b	95	pass	52.5	53.0	0.9743589743589743	gvpj	82.4	gvpa	123.6	-41.19999999999999	0.6491228070175439	0.7894736842105263	gvpa_gvpj_ambiguous	insufficient_competitive_margin	123.6	82.4	natural_heldout	gvpa	0	nat_65113288b099887ef152
nat_0a6194eed91a047cb43e	0a6194eed91a047cb43e42df86660279db231e8e43de2021d1f6bd61c0de9318	84	pass	54.8	55.2	1.0	gvpj	88.9	gvpa	124.2	-35.3	0.6228070175438597	0.8571428571428571	gvpa_gvpj_ambiguous	insufficient_competitive_margin	124.2	88.9	natural_heldout	gvpa	0	nat_0a6194eed91a047cb43e
nat_ea5746ec582bf06f4e03	ea5746ec582bf06f4e03026eb672c30524a41db3d8f7504c2c6530701baaefa7	72	pass	51.2	51.6	1.0			gvpa	122.1		0.0	0.0	unsupported	no_qualified_subfamily_hit	122.1	80.3	natural_heldout	gvpa	0	nat_ea5746ec582bf06f4e03
nat_1a264ded2f369ea42fdd	1a264ded2f369ea42fdd34a334cd2ef3dc4ba698cda2beaf20dcacfe667afa25	89	pass	52.3	52.7	1.0	gvpj	87.4	gvpa	135.0	-47.599999999999994	0.6491228070175439	0.8426966292134831	gvpa_gvpj_ambiguous	insufficient_competitive_margin	135.0	87.4	natural_heldout	gvpa	0	nat_1a264ded2f369ea42fdd
nat_edf12e96625a3cd49854	edf12e96625a3cd498543a51165a1fe2582809ab9abb59ead2892e6153bce04a	86	pass	57.8	58.3	1.0	gvpj	91.7	gvpa	135.0	-43.3	0.631578947368421	0.8488372093023255	gvpa_gvpj_ambiguous	insufficient_competitive_margin	135.0	91.7	natural_heldout	gvpa	0	nat_edf12e96625a3cd49854
nat_4d4e00d31d935ed0527d	4d4e00d31d935ed0527dea10b018697cb7c3f72bf199a24b36075804bc95f4cd	95	pass	56.4	56.8	1.0	gvpa	140.1	gvpj	93.9	46.19999999999999	0.635036496350365	0.9157894736842105	supported_gvpa	pf00741_and_competitive_gvpa_support	140.1	93.9	natural_heldout	gvpa	0	nat_4d4e00d31d935ed0527d
nat_fca422d4ddd5dcd65605	fca422d4ddd5dcd65605aca73a48825de01049d9d8a1773ef99115068238d3f9	96	pass	59.9	60.2	1.0	gvpa	137.6	gvpj	93.7	43.89999999999999	0.6131386861313869	0.875	supported_gvpa	pf00741_and_competitive_gvpa_support	137.6	93.7	natural_heldout	gvpa	0	nat_fca422d4ddd5dcd65605
nat_d4bbfd09a62903f1dd61	d4bbfd09a62903f1dd61a6f9ad8db51b9835b18fbf9766c780f6719f9f1e9643	94	pass	59.9	60.4	1.0	gvpa	138.9	gvpj	93.3	45.60000000000001	0.656934306569343	0.9574468085106383	supported_gvpa	pf00741_and_competitive_gvpa_support	138.9	93.3	natural_heldout	gvpa	0	nat_d4bbfd09a62903f1dd61
nat_6cb2a4a67fad0b3f22b1	6cb2a4a67fad0b3f22b180db738bb3f59efd73950cd7b341fdf1ef17aafa121f	74	pass	54.5	54.9	1.0			gvpa	124.5		0.0	0.0	unsupported	no_qualified_subfamily_hit	124.5	84.1	natural_heldout	gvpa	0	nat_6cb2a4a67fad0b3f22b1
nat_340bf83afc765d1b00fd	340bf83afc765d1b00fdd15c36a88211b6ccc7b1557c106bec83457cd9bb095b	78	pass	48.2	48.5	0.9743589743589743			gvpa	125.3		0.0	0.0	unsupported	no_qualified_subfamily_hit	125.3	85.8	natural_heldout	gvpa	0	nat_340bf83afc765d1b00fd
nat_833a1708482ad34125e2	833a1708482ad34125e281ec9a7bb5ff185d6b74e637c9a4e71748011be93051	98	pass	59.4	59.8	1.0	gvpa	138.2	gvpj	94.3	43.89999999999999	0.635036496350365	0.8877551020408163	supported_gvpa	pf00741_and_competitive_gvpa_support	138.2	94.3	natural_heldout	gvpa	0	nat_833a1708482ad34125e2
nat_0aeb545239a28bae61f9	0aeb545239a28bae61f99fbd60bce02d7f124f3277108fc0d913126d6222ba8b	86	pass	57.8	58.2	1.0	gvpj	92.5	gvpa	136.6	-44.099999999999994	0.6491228070175439	0.872093023255814	gvpa_gvpj_ambiguous	insufficient_competitive_margin	136.6	92.5	natural_heldout	gvpa	0	nat_0aeb545239a28bae61f9
nat_ce5dc523b5749c0ad99a	ce5dc523b5749c0ad99a93b9d53e7343c2df1a582dcc1045a1caf959b34254dd	87	pass	57.2	57.6	1.0	gvpj	92.0	gvpa	132.7	-40.69999999999999	0.6491228070175439	0.8620689655172413	gvpa_gvpj_ambiguous	insufficient_competitive_margin	132.7	92.0	natural_heldout	gvpa	0	nat_ce5dc523b5749c0ad99a
nat_9fda348180c612303cdb	9fda348180c612303cdb7da49eec263f1c4a969cd97d7811ee7730f5dc5f4d4e	95	pass	59.2	59.6	1.0	gvpa	138.6	gvpj	94.0	44.599999999999994	0.635036496350365	0.9157894736842105	supported_gvpa	pf00741_and_competitive_gvpa_support	138.6	94.0	natural_heldout	gvpa	0	nat_9fda348180c612303cdb
nat_0145b7d0415b25474bf7	0145b7d0415b25474bf7a3c8e0a8c493009e798905f413a70669e51a92c9c25b	95	pass	57.9	58.3	1.0	gvpa	138.6	gvpj	94.0	44.599999999999994	0.635036496350365	0.9157894736842105	supported_gvpa	pf00741_and_competitive_gvpa_support	138.6	94.0	natural_heldout	gvpa	0	nat_0145b7d0415b25474bf7
nat_64b87c36790fe3acd4ba	64b87c36790fe3acd4baa751c7e30662ba7fd5dddd03a8f17f2a097d90e9a793	94	pass	59.1	59.5	1.0	gvpa	139.5	gvpj	92.8	46.7	0.6496350364963503	0.9468085106382979	supported_gvpa	pf00741_and_competitive_gvpa_support	139.5	92.8	natural_heldout	gvpa	0	nat_64b87c36790fe3acd4ba
nat_0da4fc315e8c5fa1925f	0da4fc315e8c5fa1925fb0764a91af43de57873340a143b142e0b66ac5307abb	76	pass	54.5	54.8	1.0			gvpa	123.1		0.0	0.0	unsupported	no_qualified_subfamily_hit	123.1	83.1	natural_heldout	gvpa	0	nat_0da4fc315e8c5fa1925f
nat_62b65b4bdaad5382b6fd	62b65b4bdaad5382b6fd1a8fe84b861f9f2785c845ef6d5232a5858759e89434	76	pass	54.5	54.8	1.0			gvpa	125.0		0.0	0.0	unsupported	no_qualified_subfamily_hit	125.0	84.8	natural_heldout	gvpa	0	nat_62b65b4bdaad5382b6fd
nat_644a625ed987b37152d8	644a625ed987b37152d8accd5afc91e83fbb7aa608bf5b736cb83e597789259b	76	pass	51.6	52.0	1.0			gvpa	120.9		0.0	0.0	unsupported	no_qualified_subfamily_hit	120.9	81.7	natural_heldout	gvpa	0	nat_644a625ed987b37152d8
nat_bf00fc1bb4a6bea076a5	bf00fc1bb4a6bea076a5150d4d94cbb2a3a41994343dd8761a39ebcf83a45c14	95	pass	59.9	60.2	1.0	gvpa	139.0	gvpj	95.5	43.5	0.635036496350365	0.9157894736842105	supported_gvpa	pf00741_and_competitive_gvpa_support	139.0	95.5	natural_heldout	gvpa	0	nat_bf00fc1bb4a6bea076a5
nat_1f1d6fdb82f348ed948e	1f1d6fdb82f348ed948e69813ca969e1811e69f665260cf74fa3f7a057c84e99	84	pass	54.8	55.2	1.0	gvpj	87.8	gvpa	123.8	-36.0	0.6228070175438597	0.8571428571428571	gvpa_gvpj_ambiguous	insufficient_competitive_margin	123.8	87.8	natural_heldout	gvpa	0	nat_1f1d6fdb82f348ed948e
nat_fe2e069c7d192a9aa4be	fe2e069c7d192a9aa4be872c95d8c541ca761882f3f5cd67653cf6f33ac13f55	92	pass	59.3	59.7	1.0	gvpa	135.6	gvpj	91.3	44.3	0.6131386861313869	0.9130434782608695	supported_gvpa	pf00741_and_competitive_gvpa_support	135.6	91.3	natural_heldout	gvpa	0	nat_fe2e069c7d192a9aa4be
nat_eb796c25a48cdf2ca2d4	eb796c25a48cdf2ca2d4dadeba00b8fcbecdd1aafff9a5f2eef1c0b32866c085	82	pass	56.1	56.5	1.0	gvpj	89.4	gvpa	128.9	-39.5	0.6228070175438597	0.8658536585365854	gvpa_gvpj_ambiguous	insufficient_competitive_margin	128.9	89.4	natural_heldout	gvpa	0	nat_eb796c25a48cdf2ca2d4
nat_b9de124a92fba0281b06	b9de124a92fba0281b06c043a18713db03fec66b97dafd593654c7d8ee4bdae4	93	pass	60.0	60.4	1.0	gvpa	136.5	gvpj	92.3	44.2	0.635036496350365	0.9354838709677419	supported_gvpa	pf00741_and_competitive_gvpa_support	136.5	92.3	natural_heldout	gvpa	0	nat_b9de124a92fba0281b06
nat_140f5823a50b88bf41c9	140f5823a50b88bf41c9cf8f0ecce11b98c5f03d7189a529d0efadf5d087eb18	93	pass	56.7	57.3	1.0	gvpa	137.8	gvpj	92.0	45.80000000000001	0.6131386861313869	0.9032258064516129	supported_gvpa	pf00741_and_competitive_gvpa_support	137.8	92.0	natural_heldout	gvpa	0	nat_140f5823a50b88bf41c9
nat_461115b7000bfd74f566	461115b7000bfd74f56636de688b3e75d1a99451a35df65d49a6e139de49cbf1	96	pass	58.3	58.7	1.0	gvpa	135.2	gvpj	93.4	41.79999999999998	0.6058394160583942	0.8645833333333334	supported_gvpa	pf00741_and_competitive_gvpa_support	135.2	93.4	natural_heldout	gvpa	0	nat_461115b7000bfd74f566
nat_fa2383cbfbff83286c61	fa2383cbfbff83286c6190e5f9ab210e692563b8c092e007a6f07b929ad5936a	96	pass	56.4	56.8	1.0	gvpa	139.6	gvpj	95.2	44.39999999999999	0.635036496350365	0.90625	supported_gvpa	pf00741_and_competitive_gvpa_support	139.6	95.2	natural_heldout	gvpa	0	nat_fa2383cbfbff83286c61
nat_0ae199fc6d044a2da135	0ae199fc6d044a2da1351509b524fc07b4da56bff0ab0a0763d56a10601c206a	95	pass	58.4	58.7	1.0	gvpa	138.8	gvpj	94.0	44.80000000000001	0.6423357664233577	0.9263157894736842	supported_gvpa	pf00741_and_competitive_gvpa_support	138.8	94.0	natural_heldout	gvpa	0	nat_0ae199fc6d044a2da135
nat_dca06c4ca76aafac96e9	dca06c4ca76aafac96e935b72d0eee29c4619e4488f965d6467f9755e642ab6b	97	pass	59.1	59.5	1.0	gvpa	137.3	gvpj	94.3	43.000000000000014	0.6131386861313869	0.865979381443299	supported_gvpa	pf00741_and_competitive_gvpa_support	137.3	94.3	natural_heldout	gvpa	0	nat_dca06c4ca76aafac96e9
nat_c7cb28cf54b6a88ff785	c7cb28cf54b6a88ff785e5323cd1bdbffa96279c0b39492eeb6a14c7568905bc	99	pass	58.2	58.6	1.0	gvpa	137.2	gvpj	92.8	44.39999999999999	0.6131386861313869	0.8484848484848485	supported_gvpa	pf00741_and_competitive_gvpa_support	137.2	92.8	natural_heldout	gvpa	0	nat_c7cb28cf54b6a88ff785
nat_d6e9dabc7155ae370ddb	d6e9dabc7155ae370ddb09e0bae20bdbc48caa253ce39756dca03bc4a0e50d8b	95	pass	59.9	60.3	1.0	gvpa	138.8	gvpj	94.1	44.70000000000002	0.656934306569343	0.9473684210526315	supported_gvpa	pf00741_and_competitive_gvpa_support	138.8	94.1	natural_heldout	gvpa	0	nat_d6e9dabc7155ae370ddb
nat_05a00477d12701f3890c	05a00477d12701f3890c1dd96656653d2f67adee9a1f126760ee634cb9b35334	95	pass	59.2	59.6	1.0	gvpa	137.5	gvpj	93.0	44.5	0.635036496350365	0.9157894736842105	supported_gvpa	pf00741_and_competitive_gvpa_support	137.5	93.0	natural_heldout	gvpa	0	nat_05a00477d12701f3890c
nat_75679c0d4db585656573	75679c0d4db585656573044908e13a67effd912339ddc8eec2ed6e7a995e9417	92	pass	59.6	60.0	1.0	gvpa	132.8	gvpj	93.0	39.80000000000001	0.6058394160583942	0.8695652173913043	supported_gvpa	pf00741_and_competitive_gvpa_support	132.8	93.0	natural_heldout	gvpa	0	nat_75679c0d4db585656573
nat_8d29ff35edf68fc809de	8d29ff35edf68fc809deca67c394601f9988a9628d0099af15ed1cb1d44b7a5f	95	pass	56.4	56.8	1.0	gvpa	140.0	gvpj	94.0	46.0	0.6277372262773723	0.9052631578947369	supported_gvpa	pf00741_and_competitive_gvpa_support	140.0	94.0	natural_heldout	gvpa	0	nat_8d29ff35edf68fc809de
nat_ee10b37a92559cba1989	ee10b37a92559cba1989732ac44f05e8bde57068b78b573e193360b62d897bf7	92	pass	59.6	60.0	1.0	gvpa	131.8	gvpj	92.5	39.30000000000001	0.6058394160583942	0.8695652173913043	supported_gvpa	pf00741_and_competitive_gvpa_support	131.8	92.5	natural_heldout	gvpa	0	nat_ee10b37a92559cba1989
nat_f49fe3672d6fdfda7cc7	f49fe3672d6fdfda7cc7ec0b9a4f54af44ee8f53326ed5f3c0b281e5a61cd93b	95	pass	57.2	57.5	1.0	gvpa	140.2	gvpj	96.2	43.999999999999986	0.6277372262773723	0.9052631578947369	supported_gvpa	pf00741_and_competitive_gvpa_support	140.2	96.2	natural_heldout	gvpa	0	nat_f49fe3672d6fdfda7cc7
nat_84eddb9c9ecca10afd5a	84eddb9c9ecca10afd5a775c11e3d7bab42a1aff8c6bad25b1b013a542f3bc54	99	pass	54.1	54.5	1.0	gvpa	125.0	gvpj	90.5	34.5	0.6423357664233577	0.8888888888888888	supported_gvpa	pf00741_and_competitive_gvpa_support	125.0	90.5	natural_heldout	gvpa	0	nat_84eddb9c9ecca10afd5a
nat_a7791ad55c70e7fd3462	a7791ad55c70e7fd346219c5a78230165d2e97e2e807cb98c29fac4b45d5a0de	95	pass	59.9	60.3	1.0	gvpa	138.7	gvpj	95.3	43.39999999999999	0.6204379562043796	0.8947368421052632	supported_gvpa	pf00741_and_competitive_gvpa_support	138.7	95.3	natural_heldout	gvpa	0	nat_a7791ad55c70e7fd3462
nat_2257aec2c4abeff42ec4	2257aec2c4abeff42ec43bfebdc376d024c4499995e46a6ba2ec53fff8ad6556	97	pass	59.1	59.1	1.0	gvpj	90.1	gvpa	132.9	-42.80000000000001	0.6842105263157895	0.8041237113402062	gvpa_gvpj_ambiguous	insufficient_competitive_margin	132.9	90.1	natural_heldout	gvpa	0	nat_2257aec2c4abeff42ec4
nat_a49cfe7d33cec22c3905	a49cfe7d33cec22c39058e6f0aa13a93c8f0dfff7754574197d17888f1fc55ff	95	pass	59.9	60.3	1.0	gvpa	140.1	gvpj	95.8	44.3	0.6423357664233577	0.9263157894736842	supported_gvpa	pf00741_and_competitive_gvpa_support	140.1	95.8	natural_heldout	gvpa	0	nat_a49cfe7d33cec22c3905
nat_36bb407811468e3b13d9	36bb407811468e3b13d90e626301deeb01927eea89c4e17ceb13648826572d8f	100	pass	58.2	58.6	1.0	gvpa	138.8	gvpj	94.1	44.70000000000002	0.6204379562043796	0.85	supported_gvpa	pf00741_and_competitive_gvpa_support	138.8	94.1	natural_heldout	gvpa	0	nat_36bb407811468e3b13d9
nat_b14fdba1c12c78ac4485	b14fdba1c12c78ac448516578d86300dcd54343b45823a68083ccd180c8caf83	84	pass	55.9	56.3	1.0	gvpj	87.6	gvpa	125.4	-37.80000000000001	0.6140350877192983	0.8690476190476191	gvpa_gvpj_ambiguous	insufficient_competitive_margin	125.4	87.6	natural_heldout	gvpa	0	nat_b14fdba1c12c78ac4485
nat_27cf1e5aac6ec3dd931d	27cf1e5aac6ec3dd931dff21f72095eed48d09c3f568003ed3775261bc0e6122	76	pass	57.6	58.1	1.0			gvpa	125.0		0.0	0.0	unsupported	no_qualified_subfamily_hit	125.0	85.1	natural_heldout	gvpa	0	nat_27cf1e5aac6ec3dd931d
nat_d4ba65189ba86a477cc5	d4ba65189ba86a477cc5ef0f66429d8e911333cad147cb074025253abb37da7f	92	pass	60.0	60.4	1.0	gvpa	135.9	gvpj	92.3	43.60000000000001	0.6204379562043796	0.9239130434782609	supported_gvpa	pf00741_and_competitive_gvpa_support	135.9	92.3	natural_heldout	gvpa	0	nat_d4ba65189ba86a477cc5
nat_a9c10692b45d32f772b4	a9c10692b45d32f772b49ae4400b85a55c24b3655085701096adf67a6d89a507	95	pass	59.9	60.3	1.0	gvpa	137.6	gvpj	94.9	42.69999999999999	0.635036496350365	0.9157894736842105	supported_gvpa	pf00741_and_competitive_gvpa_support	137.6	94.9	natural_heldout	gvpa	0	nat_a9c10692b45d32f772b4
nat_c477483bf308ed286daf	c477483bf308ed286dafd66898b1afa93f47b811493f49b76b651d0d3dcb7403	87	pass	53.8	54.4	1.0	gvpj	86.4	gvpa	131.4	-45.0	0.6228070175438597	0.8620689655172413	gvpa_gvpj_ambiguous	insufficient_competitive_margin	131.4	86.4	natural_heldout	gvpa	0	nat_c477483bf308ed286daf
nat_e31d0685f6a3fa9a63fd	e31d0685f6a3fa9a63fd6193f3d90958501acaa75a873ac24a4c438b68d2330c	90	pass	52.1	52.5	1.0	gvpj	82.3	gvpa	127.4	-45.10000000000001	0.6052631578947368	0.7666666666666667	gvpa_gvpj_ambiguous	insufficient_competitive_margin	127.4	82.3	natural_heldout	gvpa	0	nat_e31d0685f6a3fa9a63fd
nat_4d722634e257d2a7d133	4d722634e257d2a7d1338858bded9b52176fe2d51e0d0507a808dd93b62c2a49	95	pass	59.2	59.6	1.0	gvpa	137.0	gvpj	92.8	44.2	0.6423357664233577	0.9368421052631579	supported_gvpa	pf00741_and_competitive_gvpa_support	137.0	92.8	natural_heldout	gvpa	0	nat_4d722634e257d2a7d133
nat_82e4660fb87f57daff30	82e4660fb87f57daff301dfe4130bc4899fa88daf9461bb210d8b33d8160ea71	95	pass	59.9	60.2	1.0	gvpa	138.9	gvpj	95.5	43.400000000000006	0.6277372262773723	0.9052631578947369	supported_gvpa	pf00741_and_competitive_gvpa_support	138.9	95.5	natural_heldout	gvpa	0	nat_82e4660fb87f57daff30
nat_4dc9c1477d3d6b181da7	4dc9c1477d3d6b181da7459081875eca89af9f16bfff711a31c8124578309943	95	pass	59.1	59.5	1.0	gvpa	138.2	gvpj	93.4	44.79999999999998	0.6277372262773723	0.9052631578947369	supported_gvpa	pf00741_and_competitive_gvpa_support	138.2	93.4	natural_heldout	gvpa	0	nat_4dc9c1477d3d6b181da7
nat_1aef09f774a1818b7e24	1aef09f774a1818b7e241a497f1019c8c5004db4b09485bc075fd1124e5b6cfb	96	pass	59.9	60.3	1.0	gvpa	137.6	gvpj	93.7	43.89999999999999	0.6131386861313869	0.875	supported_gvpa	pf00741_and_competitive_gvpa_support	137.6	93.7	natural_heldout	gvpa	0	nat_1aef09f774a1818b7e24
nat_dbd11e06d90ad48401af	dbd11e06d90ad48401af88eed365b119c47a8a6791e5241aa2c7c16325b4a749	94	pass	58.3	58.7	1.0	gvpa	136.6	gvpj	94.1	42.5	0.6204379562043796	0.9042553191489362	supported_gvpa	pf00741_and_competitive_gvpa_support	136.6	94.1	natural_heldout	gvpa	0	nat_dbd11e06d90ad48401af
nat_1ed909a554bd91f8870f	1ed909a554bd91f8870f86101c7b69e680247a3cd2b0fa7e2abc3f136c712172	73	pass	57.9	58.2	1.0			gvpa	123.8		0.0	0.0	unsupported	no_qualified_subfamily_hit	123.8	85.5	natural_heldout	gvpa	0	nat_1ed909a554bd91f8870f
nat_ac44a557fbffad89a437	ac44a557fbffad89a437e1026e0c27f6123339c61d030f455ebf334321705841	72	pass	50.2	50.6	1.0			gvpa	118.2		0.0	0.0	unsupported	no_qualified_subfamily_hit	118.2	79.3	natural_heldout	gvpa	0	nat_ac44a557fbffad89a437
nat_bf5abb4d953e0d6aaa1f	bf5abb4d953e0d6aaa1f2b504bb07449e4a36340f9e5f7a959e4eda39973132d	95	pass	59.9	60.3	1.0	gvpa	136.9	gvpj	94.5	42.400000000000006	0.6277372262773723	0.9052631578947369	supported_gvpa	pf00741_and_competitive_gvpa_support	136.9	94.5	natural_heldout	gvpa	0	nat_bf5abb4d953e0d6aaa1f
nat_32fcf9c5b6202c499dc1	32fcf9c5b6202c499dc1a79030b4ef28d478a9d90e34a12676f797ac6b5f169d	88	pass	55.3	55.8	1.0	gvpj	86.3	gvpa	122.6	-36.3	0.6929824561403509	0.8977272727272727	gvpa_gvpj_ambiguous	insufficient_competitive_margin	122.6	86.3	natural_heldout	gvpa	0	nat_32fcf9c5b6202c499dc1
nat_05d62502987d9405b8af	05d62502987d9405b8afcb2a362db70fdbd68e573d229f7913ad099b24cf88c6	95	pass	59.1	59.5	1.0	gvpa	139.5	gvpj	95.1	44.400000000000006	0.6277372262773723	0.9052631578947369	supported_gvpa	pf00741_and_competitive_gvpa_support	139.5	95.1	natural_heldout	gvpa	0	nat_05d62502987d9405b8af
nat_48f4fc548c0153a5775e	48f4fc548c0153a5775e2d82043989ed247fc9808988e192c6cac4754329cc1b	96	pass	59.1	59.5	1.0	gvpa	138.3	gvpj	92.9	45.400000000000006	0.6277372262773723	0.8958333333333334	supported_gvpa	pf00741_and_competitive_gvpa_support	138.3	92.9	natural_heldout	gvpa	0	nat_48f4fc548c0153a5775e
nat_0077c6cbf903d0b80137	0077c6cbf903d0b8013785e9c2d3858815e8c0423542a065d5cdb65ad21cfb84	96	pass	59.9	60.3	1.0	gvpa	137.6	gvpj	93.7	43.89999999999999	0.6131386861313869	0.875	supported_gvpa	pf00741_and_competitive_gvpa_support	137.6	93.7	natural_heldout	gvpa	0	nat_0077c6cbf903d0b80137
nat_3beea3bf721df3e90ae2	3beea3bf721df3e90ae2c6d908b7aae76b4eaf09f5b646a01af8ad8019adf5be	94	pass	59.1	59.6	1.0	gvpa	138.7	gvpj	92.0	46.69999999999999	0.656934306569343	0.9574468085106383	supported_gvpa	pf00741_and_competitive_gvpa_support	138.7	92.0	natural_heldout	gvpa	0	nat_3beea3bf721df3e90ae2
nat_dc6aa26cbe06c32b68c2	dc6aa26cbe06c32b68c260b69a10a159aad675ed26e13576b1dcb701f11fe265	94	pass	57.2	57.6	1.0	gvpa	140.0	gvpj	95.7	44.3	0.6204379562043796	0.9042553191489362	supported_gvpa	pf00741_and_competitive_gvpa_support	140.0	95.7	natural_heldout	gvpa	0	nat_dc6aa26cbe06c32b68c2
nat_bda4e304d446361a159c	bda4e304d446361a159c993095577115b3473052d3000dd181865e8db68e4361	95	pass	59.9	60.3	1.0	gvpa	138.1	gvpj	95.6	42.5	0.635036496350365	0.9157894736842105	supported_gvpa	pf00741_and_competitive_gvpa_support	138.1	95.6	natural_heldout	gvpa	0	nat_bda4e304d446361a159c
nat_7d45d6cf3df5d3d36985	7d45d6cf3df5d3d36985ffaae9b4dca4613dcc012597c5869c1497bfb7f7e173	95	pass	59.1	59.5	1.0	gvpa	139.8	gvpj	94.9	44.900000000000006	0.6277372262773723	0.9052631578947369	supported_gvpa	pf00741_and_competitive_gvpa_support	139.8	94.9	natural_heldout	gvpa	0	nat_7d45d6cf3df5d3d36985
nat_1f7ab0dfc808b4ef03c3	1f7ab0dfc808b4ef03c3a3a7d3b7aff271b6b8d527a1dff74c65ce73a26aa483	95	pass	59.9	60.3	1.0	gvpa	137.2	gvpj	95.6	41.599999999999994	0.6277372262773723	0.9052631578947369	supported_gvpa	pf00741_and_competitive_gvpa_support	137.2	95.6	natural_heldout	gvpa	0	nat_1f7ab0dfc808b4ef03c3
nat_74aacbad701be1598660	74aacbad701be1598660e6ea3918fb6233e65fb0bdeacc530544ac385f3fcb28	95	pass	56.4	56.8	1.0	gvpa	139.6	gvpj	95.2	44.39999999999999	0.6277372262773723	0.9052631578947369	supported_gvpa	pf00741_and_competitive_gvpa_support	139.6	95.2	natural_heldout	gvpa	0	nat_74aacbad701be1598660
nat_7ee1d64f80049d71603c	7ee1d64f80049d71603c3af6a49d66d0c0f9785517dba1e88c751b17d25cee31	95	pass	59.1	59.5	1.0	gvpa	139.3	gvpj	95.7	43.60000000000001	0.6204379562043796	0.8947368421052632	supported_gvpa	pf00741_and_competitive_gvpa_support	139.3	95.7	natural_heldout	gvpa	0	nat_7ee1d64f80049d71603c
nat_9ba949b2aab9e2be6898	9ba949b2aab9e2be689813d4dd9d11381224286210801b51bf61c9dc7415dff2	95	pass	59.1	59.5	1.0	gvpa	139.7	gvpj	94.4	45.29999999999998	0.6277372262773723	0.9052631578947369	supported_gvpa	pf00741_and_competitive_gvpa_support	139.7	94.4	natural_heldout	gvpa	0	nat_9ba949b2aab9e2be6898
nat_d1b057f953bd558c0457	d1b057f953bd558c0457518dff2b0d5f7603c86a6714b7248bb19e85412d7a81	95	pass	59.1	59.5	1.0	gvpa	138.1	gvpj	93.9	44.19999999999999	0.6058394160583942	0.8736842105263158	supported_gvpa	pf00741_and_competitive_gvpa_support	138.1	93.9	natural_heldout	gvpa	0	nat_d1b057f953bd558c0457
nat_3e013aaa6defa9421798	3e013aaa6defa9421798fff8e354ef30a45acf5afc839e06d7c6c6c1bded1ff1	90	pass	52.1	52.5	1.0	gvpj	82.3	gvpa	127.8	-45.5	0.6052631578947368	0.7666666666666667	gvpa_gvpj_ambiguous	insufficient_competitive_margin	127.8	82.3	natural_heldout	gvpa	0	nat_3e013aaa6defa9421798
nat_ccd25408209dd226eaf9	ccd25408209dd226eaf95c9255ff0de12c04411c57c39f04faa95f79a7841930	94	pass	59.9	60.3	1.0	gvpa	139.5	gvpj	96.1	43.400000000000006	0.6204379562043796	0.9042553191489362	supported_gvpa	pf00741_and_competitive_gvpa_support	139.5	96.1	natural_heldout	gvpa	0	nat_ccd25408209dd226eaf9
nat_67dd37821af98e87666e	67dd37821af98e87666e5a31bf3f8cca05fbcdf425b9706e6853ca251f145d21	96	pass	58.3	58.7	1.0	gvpa	139.7	gvpj	94.2	45.499999999999986	0.6204379562043796	0.8854166666666666	supported_gvpa	pf00741_and_competitive_gvpa_support	139.7	94.2	natural_heldout	gvpa	0	nat_67dd37821af98e87666e
nat_87d470267a8c16ab7df9	87d470267a8c16ab7df940fb92fc4a563e7753d63814e65247f4b39ca6166837	92	pass	60.0	60.4	1.0	gvpa	136.0	gvpj	92.2	43.8	0.6131386861313869	0.9130434782608695	supported_gvpa	pf00741_and_competitive_gvpa_support	136.0	92.2	natural_heldout	gvpa	0	nat_87d470267a8c16ab7df9
nat_1eda5f35014077cd8e25	1eda5f35014077cd8e255895b81bcbbd3ddca329cac29a21a39478022f8aeb9d	94	pass	60.3	60.6	1.0	gvpa	136.8	gvpj	94.4	42.400000000000006	0.6131386861313869	0.8936170212765957	supported_gvpa	pf00741_and_competitive_gvpa_support	136.8	94.4	natural_heldout	gvpa	0	nat_1eda5f35014077cd8e25
nat_b3561a1e0242e2259486	b3561a1e0242e2259486fe4e0fe24920cc0a6cfa37ee2d5ee0f4ab2b949738c6	76	pass	57.2	57.5	1.0	gvpj	84.6	gvpa	127.2	-42.60000000000001	0.6052631578947368	0.9078947368421053	gvpa_gvpj_ambiguous	insufficient_competitive_margin	127.2	84.6	natural_heldout	gvpa	0	nat_b3561a1e0242e2259486
nat_ede685c8031e89299cf7	ede685c8031e89299cf7a422150732c34db87965882e0ac21561377ae427499f	76	pass	56.0	56.3	1.0	gvpj	83.7	gvpa	126.0	-42.3	0.6052631578947368	0.9078947368421053	gvpa_gvpj_ambiguous	insufficient_competitive_margin	126.0	83.7	natural_heldout	gvpa	0	nat_ede685c8031e89299cf7
nat_d80e058d93177215aa4b	d80e058d93177215aa4b827adc631f2a7322ab03a6cae75ab72c3d5738e3ecab	95	pass	59.9	60.3	1.0	gvpa	137.0	gvpj	94.9	42.099999999999994	0.6204379562043796	0.8947368421052632	supported_gvpa	pf00741_and_competitive_gvpa_support	137.0	94.9	natural_heldout	gvpa	0	nat_d80e058d93177215aa4b
nat_dbcea97f4e8354ba3556	dbcea97f4e8354ba3556f158a30c55283df4e86ebf04d7cb671a0b5bc988481e	94	pass	56.5	56.9	1.0	gvpj	91.9	gvpa	135.8	-43.900000000000006	0.7017543859649122	0.8617021276595744	gvpa_gvpj_ambiguous	insufficient_competitive_margin	135.8	91.9	natural_heldout	gvpa	0	nat_dbcea97f4e8354ba3556
nat_81de2b78d291d512c1e2	81de2b78d291d512c1e2b89ae8836cdb922d557f92f68910cd6dc03255675b39	92	pass	59.6	60.0	1.0	gvpa	132.3	gvpj	93.1	39.20000000000002	0.6058394160583942	0.8695652173913043	supported_gvpa	pf00741_and_competitive_gvpa_support	132.3	93.1	natural_heldout	gvpa	0	nat_81de2b78d291d512c1e2
nat_9ca97034ea4d97950343	9ca97034ea4d97950343fc033bf484179c8f92c0a6eacdd99f4c28a6aec2bc6e	94	pass	59.9	60.3	1.0	gvpa	137.3	gvpj	94.8	42.500000000000014	0.6131386861313869	0.8936170212765957	supported_gvpa	pf00741_and_competitive_gvpa_support	137.3	94.8	natural_heldout	gvpa	0	nat_9ca97034ea4d97950343
nat_6b2c0d4d7468a9bb7cde	6b2c0d4d7468a9bb7cde732e238d1ac37ecf48b7594a4e6dd060ed6a29af1d8a	94	pass	57.2	57.6	1.0	gvpa	140.0	gvpj	95.3	44.7	0.6131386861313869	0.8936170212765957	supported_gvpa	pf00741_and_competitive_gvpa_support	140.0	95.3	natural_heldout	gvpa	0	nat_6b2c0d4d7468a9bb7cde
nat_4b58b860e36e01bdb682	4b58b860e36e01bdb682367fbf44812eba6dd58e4e934c378bd9d6aadce1cc6b	95	pass	59.1	59.5	1.0	gvpa	139.2	gvpj	95.4	43.79999999999998	0.6131386861313869	0.8842105263157894	supported_gvpa	pf00741_and_competitive_gvpa_support	139.2	95.4	natural_heldout	gvpa	0	nat_4b58b860e36e01bdb682
nat_d92cb9dcfcf48b731b50	d92cb9dcfcf48b731b50931bffc59d2a1f06a3ae808fdec2f664a3f0d1d9d321	95	pass	59.1	59.5	1.0	gvpa	139.6	gvpj	95.0	44.599999999999994	0.635036496350365	0.9157894736842105	supported_gvpa	pf00741_and_competitive_gvpa_support	139.6	95.0	natural_heldout	gvpa	0	nat_d92cb9dcfcf48b731b50
nat_57d11d6b58e3b78591e1	57d11d6b58e3b78591e1768389256cd64c1e0161e57131810a0337f1ac2169de	95	pass	59.1	59.5	1.0	gvpa	138.1	gvpj	93.2	44.89999999999999	0.6131386861313869	0.8842105263157894	supported_gvpa	pf00741_and_competitive_gvpa_support	138.1	93.2	natural_heldout	gvpa	0	nat_57d11d6b58e3b78591e1
nat_86af2bea85657bdc848a	86af2bea85657bdc848aca42419445b798020105b889944f0f4a23c1f143c95c	93	pass	57.2	57.6	1.0	gvpa	139.8	gvpj	95.2	44.60000000000001	0.6131386861313869	0.9032258064516129	supported_gvpa	pf00741_and_competitive_gvpa_support	139.8	95.2	natural_heldout	gvpa	0	nat_86af2bea85657bdc848a
nat_6681febe116459c77b18	6681febe116459c77b18efad7fef5a7301d8814a9125f9ef8f9f141b621e879c	94	pass	57.2	57.6	1.0	gvpa	139.5	gvpj	95.4	44.099999999999994	0.6131386861313869	0.8936170212765957	supported_gvpa	pf00741_and_competitive_gvpa_support	139.5	95.4	natural_heldout	gvpa	0	nat_6681febe116459c77b18
nat_3e6bf91c590be6684eed	3e6bf91c590be6684eed9926f0f0e4b54a4578f221c09d95018d5a14908398b5	94	pass	59.9	60.3	1.0	gvpa	136.6	gvpj	94.4	42.19999999999999	0.6131386861313869	0.8936170212765957	supported_gvpa	pf00741_and_competitive_gvpa_support	136.6	94.4	natural_heldout	gvpa	0	nat_3e6bf91c590be6684eed
nat_a073bea82f9def955f00	a073bea82f9def955f000c075cfae3c1467d3fba0e830514cff5c09cb58f32f5	67	pass	48.7	48.9	0.9743589743589743			gvpa	107.3		0.0	0.0	unsupported	no_qualified_subfamily_hit	107.3	74.7	natural_heldout	gvpa	0	nat_a073bea82f9def955f00
nat_ebb2fb66a808274ef5cf	ebb2fb66a808274ef5cfe04707c1d81b3ad3ca9df72f30b25a365a4671a968a7	90	pass	50.5	50.8	1.0	gvpj	80.9	gvpa	126.6	-45.69999999999999	0.6052631578947368	0.7666666666666667	gvpa_gvpj_ambiguous	insufficient_competitive_margin	126.6	80.9	natural_heldout	gvpa	0	nat_ebb2fb66a808274ef5cf
nat_a8908cb0d732ddf5c6d4	a8908cb0d732ddf5c6d4015b65fb6269eb16472b451882b8c89d16840fbc3e35	96	pass	59.1	59.5	1.0	gvpa	139.0	gvpj	93.3	45.7	0.635036496350365	0.90625	supported_gvpa	pf00741_and_competitive_gvpa_support	139.0	93.3	natural_heldout	gvpa	0	nat_a8908cb0d732ddf5c6d4
nat_64863b5b8a6b08db9fd7	64863b5b8a6b08db9fd70b7ba62bb8445581113adc87bf956801db63e08bcc12	94	pass	57.2	57.6	1.0	gvpa	137.2	gvpj	93.2	43.999999999999986	0.6204379562043796	0.9042553191489362	supported_gvpa	pf00741_and_competitive_gvpa_support	137.2	93.2	natural_heldout	gvpa	0	nat_64863b5b8a6b08db9fd7
nat_acb38079c01f07d0de6f	acb38079c01f07d0de6f29f2273ec2474d3cad1e2f80da6f6ad246155c67ee1d	95	pass	59.9	60.3	1.0	gvpa	136.7	gvpj	94.5	42.19999999999999	0.6131386861313869	0.8842105263157894	supported_gvpa	pf00741_and_competitive_gvpa_support	136.7	94.5	natural_heldout	gvpa	0	nat_acb38079c01f07d0de6f
nat_07248f2d3ff700c7afcd	07248f2d3ff700c7afcd578e9123a5c406facb5736db0e6b2924d0c06383e9d8	82	pass	56.1	56.7	1.0	gvpj	88.2	gvpa	127.2	-39.0	0.6052631578947368	0.8414634146341463	gvpa_gvpj_ambiguous	insufficient_competitive_margin	127.2	88.2	natural_heldout	gvpa	0	nat_07248f2d3ff700c7afcd
nat_edcfcd19baadeee00eaf	edcfcd19baadeee00eaf88cd06aa255a44d20962443de37c5e4e6f69e5726912	95	pass	57.2	57.5	1.0	gvpa	139.0	gvpj	94.8	44.2	0.635036496350365	0.9157894736842105	supported_gvpa	pf00741_and_competitive_gvpa_support	139.0	94.8	natural_heldout	gvpa	0	nat_edcfcd19baadeee00eaf
nat_320fa412f1f1ad675d12	320fa412f1f1ad675d121137f62af03e9b7a5537d65ced7d2559d731d92bbefb	87	pass	55.3	55.8	1.0	gvpa	131.9	gvpj	87.8	44.10000000000001	0.6058394160583942	0.9540229885057471	supported_gvpa	pf00741_and_competitive_gvpa_support	131.9	87.8	natural_heldout	gvpa	0	nat_320fa412f1f1ad675d12
nat_c8490949e18e771ed8c8	c8490949e18e771ed8c8c54d9d56b4da4a1f8d86dfa0370f486346aacacdb834	94	pass	59.9	60.3	1.0	gvpa	138.4	gvpj	95.2	43.2	0.6131386861313869	0.8936170212765957	supported_gvpa	pf00741_and_competitive_gvpa_support	138.4	95.2	natural_heldout	gvpa	0	nat_c8490949e18e771ed8c8
nat_94cdaea6b1db7bfe983f	94cdaea6b1db7bfe983fd9e26f2c34a76d5b03114834feeda1e1a352b8bbdd5a	95	pass	57.2	57.6	1.0	gvpa	139.0	gvpj	95.2	43.8	0.6204379562043796	0.8947368421052632	supported_gvpa	pf00741_and_competitive_gvpa_support	139.0	95.2	natural_heldout	gvpa	0	nat_94cdaea6b1db7bfe983f
nat_78005b3dddedd0251b7e	78005b3dddedd0251b7e469f41fbcd8bf829877f05128bcc7791ccfc6e66686e	95	pass	59.1	59.5	1.0	gvpa	140.7	gvpj	96.0	44.69999999999999	0.6423357664233577	0.9263157894736842	supported_gvpa	pf00741_and_competitive_gvpa_support	140.7	96.0	natural_heldout	gvpa	0	nat_78005b3dddedd0251b7e
nat_448d52f7c380acd65350	448d52f7c380acd653509b909b66c6ae1230252cfa74026dcde3b1a46691dd4a	76	pass	54.4	54.9	1.0	gvpj	83.7	gvpa	125.6	-41.89999999999999	0.6052631578947368	0.9078947368421053	gvpa_gvpj_ambiguous	insufficient_competitive_margin	125.6	83.7	natural_heldout	gvpa	0	nat_448d52f7c380acd65350
nat_f603a0bdb36b55f44821	f603a0bdb36b55f4482180fa3867f971263919a815b902f3c22fbd72cd37faeb	76	pass	54.4	54.9	1.0			gvpa	124.3		0.0	0.0	unsupported	no_qualified_subfamily_hit	124.3	82.3	natural_heldout	gvpa	0	nat_f603a0bdb36b55f44821
nat_509ca7d230eacbb916e4	509ca7d230eacbb916e48c1f641bab8243caa81cc5f5a9887716747596ce64cb	76	pass	53.2	53.6	1.0	gvpj	84.7	gvpa	127.8	-43.099999999999994	0.6140350877192983	0.9210526315789473	gvpa_gvpj_ambiguous	insufficient_competitive_margin	127.8	84.7	natural_heldout	gvpa	0	nat_509ca7d230eacbb916e4
nat_3cc2cb889cfdbbcaa17b	3cc2cb889cfdbbcaa17bf78c8d1d3f4b5ca85aeafe19b48a7f83e9cfd59ead9f	72	pass	55.0	55.4	1.0			gvpa	121.7		0.0	0.0	unsupported	no_qualified_subfamily_hit	121.7	81.0	natural_heldout	gvpa	0	nat_3cc2cb889cfdbbcaa17b
nat_b5ccff48f879b7cc34ad	b5ccff48f879b7cc34ad8f5c36b63b1a1bb528349643c9b217bca4d7298417d4	92	pass	57.3	57.7	1.0	gvpa	135.6	gvpj	94.8	40.8	0.6204379562043796	0.8913043478260869	supported_gvpa	pf00741_and_competitive_gvpa_support	135.6	94.8	natural_heldout	gvpa	0	nat_b5ccff48f879b7cc34ad
nat_32d58e5d24419efe5e0e	32d58e5d24419efe5e0e2d345df828191c6edfe2f9e053ecf19a879f70d4d31e	76	pass	57.7	58.1	1.0			gvpa	124.8		0.0	0.0	unsupported	no_qualified_subfamily_hit	124.8	85.9	natural_heldout	gvpa	0	nat_32d58e5d24419efe5e0e
nat_b14dbbd56a14a6238029	b14dbbd56a14a62380290dac535357a72a6641c6900bc8a641d3956ff85a3938	93	pass	59.2	59.5	1.0	gvpa	139.3	gvpj	93.1	46.20000000000002	0.6423357664233577	0.946236559139785	supported_gvpa	pf00741_and_competitive_gvpa_support	139.3	93.1	natural_heldout	gvpa	0	nat_b14dbbd56a14a6238029
nat_842bc418f0682cd2a9c8	842bc418f0682cd2a9c8df6c49ea422dbc803155124a6846d7a60d9d83a8a90e	95	pass	59.9	60.3	1.0	gvpa	138.6	gvpj	95.2	43.39999999999999	0.6204379562043796	0.8947368421052632	supported_gvpa	pf00741_and_competitive_gvpa_support	138.6	95.2	natural_heldout	gvpa	0	nat_842bc418f0682cd2a9c8
nat_d5d6f3cedb33fb3328b6	d5d6f3cedb33fb3328b601b229fc76346413f748702fa12fdf520f8cdc8519e2	95	pass	56.4	56.8	1.0	gvpa	137.5	gvpj	93.4	44.099999999999994	0.635036496350365	0.9157894736842105	supported_gvpa	pf00741_and_competitive_gvpa_support	137.5	93.4	natural_heldout	gvpa	0	nat_d5d6f3cedb33fb3328b6
nat_30c8db5b2a48ec02340b	30c8db5b2a48ec02340b2ce6c673667f0e2f4cfc8b42d7c7d20367dd7f71507f	94	pass	59.9	60.3	1.0	gvpa	139.9	gvpj	95.3	44.60000000000001	0.6204379562043796	0.9042553191489362	supported_gvpa	pf00741_and_competitive_gvpa_support	139.9	95.3	natural_heldout	gvpa	0	nat_30c8db5b2a48ec02340b
nat_69442765a7e1224b0435	69442765a7e1224b043564331c6a208751a6131dc80765ddc7035960ee05acfe	96	pass	59.1	59.5	1.0	gvpa	138.4	gvpj	93.8	44.60000000000001	0.6204379562043796	0.8854166666666666	supported_gvpa	pf00741_and_competitive_gvpa_support	138.4	93.8	natural_heldout	gvpa	0	nat_69442765a7e1224b0435
nat_90e82772d308676c7556	90e82772d308676c75568c0c440d84add6c49bafb1f3bedb28a64fca998175f4	74	pass	54.5	54.9	1.0			gvpa	124.7		0.0	0.0	unsupported	no_qualified_subfamily_hit	124.7	83.8	natural_heldout	gvpa	0	nat_90e82772d308676c7556
nat_8f5ca23cd23d0262e12b	8f5ca23cd23d0262e12ba17fdf7f59af0af7fbfbf872d5e03a508e72d66e5cf7	76	pass	54.5	54.8	1.0			gvpa	124.3		0.0	0.0	unsupported	no_qualified_subfamily_hit	124.3	83.3	natural_heldout	gvpa	0	nat_8f5ca23cd23d0262e12b
nat_61a382d08777524701b3	61a382d08777524701b3b127d54c55544b762da256e18e1289de6de3ef39b838	72	pass	55.0	55.3	1.0			gvpa	122.7		0.0	0.0	unsupported	no_qualified_subfamily_hit	122.7	82.0	natural_heldout	gvpa	0	nat_61a382d08777524701b3
nat_a4ce46bc0db75edd2892	a4ce46bc0db75edd289273c61df2447a16f7eaa54328c95a55ded723eb926a9b	76	pass	54.4	54.8	1.0	gvpj	84.6	gvpa	126.4	-41.80000000000001	0.6140350877192983	0.9210526315789473	gvpa_gvpj_ambiguous	insufficient_competitive_margin	126.4	84.6	natural_heldout	gvpa	0	nat_a4ce46bc0db75edd2892
nat_1564401f2a553c444667	1564401f2a553c4446671309877ae8049b5a83a474fb16f11935710b111eab15	96	pass	59.9	60.3	1.0	gvpa	137.7	gvpj	93.7	43.999999999999986	0.6204379562043796	0.8854166666666666	supported_gvpa	pf00741_and_competitive_gvpa_support	137.7	93.7	natural_heldout	gvpa	0	nat_1564401f2a553c444667
nat_5d40201e59780a4578e1	5d40201e59780a4578e1d59e27b596d8b7ecbc64ed4cc25e82feb3008c524ad8	95	pass	58.4	58.7	1.0	gvpa	139.5	gvpj	94.0	45.5	0.6277372262773723	0.9052631578947369	supported_gvpa	pf00741_and_competitive_gvpa_support	139.5	94.0	natural_heldout	gvpa	0	nat_5d40201e59780a4578e1
nat_718f9add2c10ca08b4a5	718f9add2c10ca08b4a575acf96abc0dcfd73ebbeae7c2909b168d955ffc5d3f	87	pass	57.2	57.9	1.0	gvpj	92.8	gvpa	131.9	-39.10000000000001	0.6491228070175439	0.8620689655172413	gvpa_gvpj_ambiguous	insufficient_competitive_margin	131.9	92.8	natural_heldout	gvpa	0	nat_718f9add2c10ca08b4a5
nat_0101bc590c89813c161a	0101bc590c89813c161ae168ca4f86007d01c01c36444a15865973f349d0339a	94	pass	59.1	59.5	1.0	gvpa	139.1	gvpj	95.3	43.8	0.6131386861313869	0.8936170212765957	supported_gvpa	pf00741_and_competitive_gvpa_support	139.1	95.3	natural_heldout	gvpa	0	nat_0101bc590c89813c161a
nat_c0d8f1302fa41452efbc	c0d8f1302fa41452efbc27f0da36de9737dad5583e87b081c35fdb231d1dfb9e	95	pass	59.9	60.3	1.0	gvpa	137.7	gvpj	95.0	42.69999999999999	0.635036496350365	0.9157894736842105	supported_gvpa	pf00741_and_competitive_gvpa_support	137.7	95.0	natural_heldout	gvpa	0	nat_c0d8f1302fa41452efbc
nat_3d7fc725cd17cf23a73c	3d7fc725cd17cf23a73cdd2fb181a785b4c0ce2fd640f88c1f716c829b659260	97	pass	58.3	58.7	1.0	gvpa	136.2	gvpj	92.2	43.999999999999986	0.6204379562043796	0.8762886597938144	supported_gvpa	pf00741_and_competitive_gvpa_support	136.2	92.2	natural_heldout	gvpa	0	nat_3d7fc725cd17cf23a73c
nat_729a9790a662e92ab379	729a9790a662e92ab3799a9b33c364191eba685ca2792cdf185ac1d3fb9631ce	96	pass	59.9	60.3	1.0	gvpa	138.8	gvpj	93.7	45.10000000000001	0.635036496350365	0.90625	supported_gvpa	pf00741_and_competitive_gvpa_support	138.8	93.7	natural_heldout	gvpa	0	nat_729a9790a662e92ab379
nat_215f48254c804f1f2876	215f48254c804f1f2876885b96f7a1981396e0fb0da219049cbad3c376111fab	94	pass	59.9	60.3	1.0	gvpa	137.2	gvpj	94.5	42.69999999999999	0.6131386861313869	0.8936170212765957	supported_gvpa	pf00741_and_competitive_gvpa_support	137.2	94.5	natural_heldout	gvpa	0	nat_215f48254c804f1f2876
nat_62bc5089576517d5fad1	62bc5089576517d5fad1f755bd6f0eda8ed64f4dc9ca1f0cd5ab9ed08b8ae872	93	pass	60.0	60.4	1.0	gvpa	136.3	gvpj	92.2	44.10000000000001	0.6204379562043796	0.9139784946236559	supported_gvpa	pf00741_and_competitive_gvpa_support	136.3	92.2	natural_heldout	gvpa	0	nat_62bc5089576517d5fad1
nat_8189ed3c9ac18707f549	8189ed3c9ac18707f54985fd1f832186b5ab06ffd03b98d13b6a5a880b456e0a	94	pass	59.9	60.3	1.0	gvpa	136.2	gvpj	94.5	41.69999999999999	0.6131386861313869	0.8936170212765957	supported_gvpa	pf00741_and_competitive_gvpa_support	136.2	94.5	natural_heldout	gvpa	0	nat_8189ed3c9ac18707f549
nat_168a7720be25950ce7a5	168a7720be25950ce7a56e347f224374ee278a9197375f2b7d12fea4130f8457	94	pass	59.9	60.3	1.0	gvpa	136.6	gvpj	94.3	42.3	0.6131386861313869	0.8936170212765957	supported_gvpa	pf00741_and_competitive_gvpa_support	136.6	94.3	natural_heldout	gvpa	0	nat_168a7720be25950ce7a5
nat_c468502803b4ab5981f1	c468502803b4ab5981f1302a02b554d7384ecf63ec65dfc34a329984ff234ccc	95	pass	59.1	59.5	1.0	gvpa	138.3	gvpj	94.6	43.70000000000002	0.635036496350365	0.9157894736842105	supported_gvpa	pf00741_and_competitive_gvpa_support	138.3	94.6	natural_heldout	gvpa	0	nat_c468502803b4ab5981f1
nat_d07d112598796fe30d76	d07d112598796fe30d761bb0dee53a532c60b6f2660ff50f32e5608f27b8723f	95	pass	58.4	58.8	1.0	gvpa	137.7	gvpj	93.1	44.599999999999994	0.6204379562043796	0.8947368421052632	supported_gvpa	pf00741_and_competitive_gvpa_support	137.7	93.1	natural_heldout	gvpa	0	nat_d07d112598796fe30d76
nat_dad443e0412ef646de5e	dad443e0412ef646de5e1ae6b2283ed6666f0e42f2690ca0f566cbd01cf47c41	95	pass	59.1	59.5	1.0	gvpa	139.2	gvpj	94.2	44.999999999999986	0.6204379562043796	0.8947368421052632	supported_gvpa	pf00741_and_competitive_gvpa_support	139.2	94.2	natural_heldout	gvpa	0	nat_dad443e0412ef646de5e
nat_1f956fdbc151f2ec0ffb	1f956fdbc151f2ec0ffb1f0d512e8c72eb59659a79d6fdd4047293e97fad8dda	95	pass	59.1	59.5	1.0	gvpa	139.3	gvpj	95.0	44.30000000000001	0.6204379562043796	0.8947368421052632	supported_gvpa	pf00741_and_competitive_gvpa_support	139.3	95.0	natural_heldout	gvpa	0	nat_1f956fdbc151f2ec0ffb
nat_00058845722df3ede422	00058845722df3ede42246221d3dd0d68e42ec4d53ca2d5b48576007b95adbfe	94	pass	59.1	59.5	1.0	gvpa	140.2	gvpj	93.0	47.19999999999999	0.6496350364963503	0.9468085106382979	supported_gvpa	pf00741_and_competitive_gvpa_support	140.2	93.0	natural_heldout	gvpa	0	nat_00058845722df3ede422
nat_044b97bbcc6fc75d19af	044b97bbcc6fc75d19af1c5b8afe151ed6a3515841f784c5b7b639e655a343cd	72	pass	61.6	61.9	1.0			gvpa	127.7		0.0	0.0	unsupported	no_qualified_subfamily_hit	127.7	91.2	natural_heldout	gvpa	0	nat_044b97bbcc6fc75d19af
nat_0d7970548e5a353c52b0	0d7970548e5a353c52b0e8b1402d238f57b6b050f0a0b7636b28b3769e24464a	72	pass	59.5	60.0	1.0			gvpa	125.0		0.0	0.0	unsupported	no_qualified_subfamily_hit	125.0	87.9	natural_heldout	gvpa	0	nat_0d7970548e5a353c52b0
nat_9fe918e0f2a37590ea6b	9fe918e0f2a37590ea6b48533fa54067a87fbe8d176306f0c916781b3212fd6d	87	pass	55.9	56.3	1.0	gvpj	95.0	gvpa	131.7	-36.69999999999999	0.6666666666666666	0.8620689655172413	gvpa_gvpj_ambiguous	insufficient_competitive_margin	131.7	95.0	natural_heldout	gvpa	0	nat_9fe918e0f2a37590ea6b
nat_1bf14199f279ca97cc94	1bf14199f279ca97cc940b885b8a0780eec9fbdfabd31100b7af7dd87ccb4885	72	pass	58.6	58.9	1.0			gvpa	126.3		0.0	0.0	unsupported	no_qualified_subfamily_hit	126.3	89.1	natural_heldout	gvpa	0	nat_1bf14199f279ca97cc94
nat_2549c61eaa1c68f79257	2549c61eaa1c68f7925735451d0233352fadb592c390b0c9932c51733d5a24e6	86	pass	58.0	58.5	1.0	gvpj	97.3	gvpa	133.7	-36.39999999999999	0.6578947368421053	0.8604651162790697	gvpa_gvpj_ambiguous	insufficient_competitive_margin	133.7	97.3	natural_heldout	gvpa	0	nat_2549c61eaa1c68f79257
nat_142752963930eab74d74	142752963930eab74d74d4bcaff60e47ff770976c838c012b58dcaa26d2a4fea	90	pass	57.0	57.3	1.0	gvpj	96.2	gvpa	133.7	-37.499999999999986	0.6842105263157895	0.8555555555555555	gvpa_gvpj_ambiguous	insufficient_competitive_margin	133.7	96.2	natural_heldout	gvpa	0	nat_142752963930eab74d74
nat_4138c2817c5b6dca65ea	4138c2817c5b6dca65ea4991f26a8a58b0a6d5287da125ce6caec306e7a7834d	93	pass	51.7	51.7	1.0	gvpj	84.5	gvpa	116.2	-31.700000000000003	0.6228070175438597	0.7634408602150538	gvpa_gvpj_ambiguous	insufficient_competitive_margin	116.2	84.5	natural_heldout	gvpa	0	nat_4138c2817c5b6dca65ea
nat_8758b934790f5784ea1b	8758b934790f5784ea1bb3e8292ad80d63fd591ca944350e77de7212284d0934	74	pass	54.0	54.4	1.0			gvpa	115.6		0.0	0.0	unsupported	no_qualified_subfamily_hit	115.6	83.0	natural_heldout	gvpa	0	nat_8758b934790f5784ea1b
nat_6f2cfd5f0d50c7aee582	6f2cfd5f0d50c7aee582a35496301ee7cfc650c797f9102a4b8033ef3e64c4fa	87	pass	55.6	56.0	1.0	gvpj	94.7	gvpa	131.3	-36.60000000000001	0.7280701754385965	0.9310344827586207	gvpa_gvpj_ambiguous	insufficient_competitive_margin	131.3	94.7	natural_heldout	gvpa	0	nat_6f2cfd5f0d50c7aee582
nat_8991e9e4bd357d9288ea	8991e9e4bd357d9288ea6d9ba3cd490a82edbaebd3e9af08dbef6bff864b7842	86	pass	56.7	57.0	1.0	gvpj	96.8	gvpa	132.9	-36.10000000000001	0.7105263157894737	0.9069767441860465	gvpa_gvpj_ambiguous	insufficient_competitive_margin	132.9	96.8	natural_heldout	gvpa	0	nat_8991e9e4bd357d9288ea
nat_a4cf355a2019efa6dd79	a4cf355a2019efa6dd79abf348a9cb7991530977cacc4b9050ec4e66250bb49b	86	pass	56.7	57.0	1.0	gvpj	95.0	gvpa	132.9	-37.900000000000006	0.6578947368421053	0.8604651162790697	gvpa_gvpj_ambiguous	insufficient_competitive_margin	132.9	95.0	natural_heldout	gvpa	0	nat_a4cf355a2019efa6dd79
nat_f34d4928fe982f4cb0ec	f34d4928fe982f4cb0ecf452e0985f42ef9f58486a727d3528b2d1cc7a2dba3f	86	pass	56.7	57.0	1.0	gvpj	95.1	gvpa	133.2	-38.099999999999994	0.6578947368421053	0.8604651162790697	gvpa_gvpj_ambiguous	insufficient_competitive_margin	133.2	95.1	natural_heldout	gvpa	0	nat_f34d4928fe982f4cb0ec
nat_9ec7201d98ae2ffcf074	9ec7201d98ae2ffcf07447a15a44a817abbd19328a09fa7d6c31e1d1bc8b898e	72	pass	58.0	58.3	1.0			gvpa	120.8		0.0	0.0	unsupported	no_qualified_subfamily_hit	120.8	87.7	natural_heldout	gvpa	0	nat_9ec7201d98ae2ffcf074
nat_45ceddea54f47745a1ad	45ceddea54f47745a1ad9c65097c2d122a4bd298292f81068539903e0cbdd579	72	pass	63.1	63.4	1.0			gvpa	126.1		0.0	0.0	unsupported	no_qualified_subfamily_hit	126.1	91.0	natural_heldout	gvpa	0	nat_45ceddea54f47745a1ad
nat_e68eef3564e74af35e4a	e68eef3564e74af35e4a9a9b10e8b223ea3ff4b8fc1758ad6ef917d929493e04	87	pass	45.2	45.2	1.0	gvpj	76.4	gvpa	117.4	-41.0	0.6228070175438597	0.7931034482758621	gvpa_gvpj_ambiguous	insufficient_competitive_margin	117.4	76.4	natural_heldout	gvpa	0	nat_e68eef3564e74af35e4a
nat_243a30af717d5651d5fa	243a30af717d5651d5faa4134b52c94ba27cbaf36cee25267a21eee2dd07a50c	87	pass	55.4	55.7	1.0	gvpj	97.5	gvpa	133.3	-35.80000000000001	0.7017543859649122	0.8850574712643678	gvpa_gvpj_ambiguous	insufficient_competitive_margin	133.3	97.5	natural_heldout	gvpa	0	nat_243a30af717d5651d5fa
nat_1b1d36a4acc8ad9c6342	1b1d36a4acc8ad9c634280ce855361980429c335a77298c0c9f374d476b863c2	86	pass	56.7	57.0	1.0	gvpj	95.0	gvpa	133.0	-38.0	0.6578947368421053	0.8604651162790697	gvpa_gvpj_ambiguous	insufficient_competitive_margin	133.0	95.0	natural_heldout	gvpa	0	nat_1b1d36a4acc8ad9c6342
nat_c5a5f8d3e0297c749df7	c5a5f8d3e0297c749df71e201b09661efa435db12251191f1fed09764031bff7	87	pass	59.2	59.7	1.0	gvpj	91.3	gvpa	124.2	-32.900000000000006	0.6140350877192983	0.8045977011494253	gvpa_gvpj_ambiguous	insufficient_competitive_margin	124.2	91.3	natural_heldout	gvpa	0	nat_c5a5f8d3e0297c749df7
nat_62aec584cfcef3208e2b	62aec584cfcef3208e2bbf0b8b84eb77c80c150d76415e09c97366ed3433727b	86	pass	56.7	57.0	1.0	gvpj	94.1	gvpa	132.6	-38.5	0.6578947368421053	0.8604651162790697	gvpa_gvpj_ambiguous	insufficient_competitive_margin	132.6	94.1	natural_heldout	gvpa	0	nat_62aec584cfcef3208e2b
nat_626bf126ff6a42e860e1	626bf126ff6a42e860e1c20b32f28779f549346c7554d3694e519c08b6d8a44f	86	pass	56.7	57.0	1.0	gvpj	94.9	gvpa	132.9	-38.0	0.6578947368421053	0.8604651162790697	gvpa_gvpj_ambiguous	insufficient_competitive_margin	132.9	94.9	natural_heldout	gvpa	0	nat_626bf126ff6a42e860e1
nat_6eb7664db70304cf0f2b	6eb7664db70304cf0f2ba846d31c4d016d07d8bebedb70ce52fe5ab7167e72cd	88	pass	57.1	57.4	1.0	gvpj	95.7	gvpa	133.0	-37.3	0.6666666666666666	0.8522727272727273	gvpa_gvpj_ambiguous	insufficient_competitive_margin	133.0	95.7	natural_heldout	gvpa	0	nat_6eb7664db70304cf0f2b
nat_8a3f5134cee921bb3c9c	8a3f5134cee921bb3c9c52886319cab5bcf48238743cad7d934892854cbdd111	86	pass	56.7	57.0	1.0	gvpj	97.9	gvpa	134.3	-36.400000000000006	0.6929824561403509	0.9069767441860465	gvpa_gvpj_ambiguous	insufficient_competitive_margin	134.3	97.9	natural_heldout	gvpa	0	nat_8a3f5134cee921bb3c9c
nat_f82305b37f1af32ad1a0	f82305b37f1af32ad1a04e0eccf669dd82743a244d7785717f85da95bc6b510c	72	pass	58.2	58.7	1.0			gvpa	123.7		0.0	0.0	unsupported	no_qualified_subfamily_hit	123.7	88.1	natural_heldout	gvpa	0	nat_f82305b37f1af32ad1a0
nat_b145d41f03ca300fa852	b145d41f03ca300fa852173eb3cdba892b1458c61bb76d2c54aaf6738abff0fb	72	pass	59.9	60.3	1.0			gvpa	126.9		0.0	0.0	unsupported	no_qualified_subfamily_hit	126.9	89.5	natural_heldout	gvpa	0	nat_b145d41f03ca300fa852
nat_44be345e568ee6f5e906	44be345e568ee6f5e906d1708940c01f4f899fd301577fbe466b983faec9e1ff	72	pass	61.0	61.4	1.0			gvpa	124.7		0.0	0.0	unsupported	no_qualified_subfamily_hit	124.7	88.0	natural_heldout	gvpa	0	nat_44be345e568ee6f5e906
nat_fd5c322037d42e8f890c	fd5c322037d42e8f890cbb82759a0d998e5c4641f19585fd53d898e2e93c048a	72	pass	63.8	64.1	1.0	gvpj	92.0	gvpa	125.3	-33.3	0.6052631578947368	0.9444444444444444	gvpa_gvpj_ambiguous	insufficient_competitive_margin	125.3	92.0	natural_heldout	gvpa	0	nat_fd5c322037d42e8f890c
nat_f872efd67a56d21a6340	f872efd67a56d21a6340bfb63ed39bd3859d02d8cef7923a1fc7a47592530824	72	pass	63.8	64.1	1.0	gvpj	92.6	gvpa	126.3	-33.7	0.6052631578947368	0.9444444444444444	gvpa_gvpj_ambiguous	insufficient_competitive_margin	126.3	92.6	natural_heldout	gvpa	0	nat_f872efd67a56d21a6340
nat_0c568d3a5b09c7ed2240	0c568d3a5b09c7ed22406d3295924ff2d54a5753d8971e812d702ca3e9f83638	72	pass	60.3	60.6	1.0			gvpa	125.9		0.0	0.0	unsupported	no_qualified_subfamily_hit	125.9	89.5	natural_heldout	gvpa	0	nat_0c568d3a5b09c7ed2240
nat_d71bd42b79fe4d801a01	d71bd42b79fe4d801a018917a7a99157b39016a64db58d59d1c12c9993255219	72	pass	59.5	59.8	1.0			gvpa	125.3		0.0	0.0	unsupported	no_qualified_subfamily_hit	125.3	88.3	natural_heldout	gvpa	0	nat_d71bd42b79fe4d801a01
nat_e2b9c94c60da4c449a4d	e2b9c94c60da4c449a4d77e69aa77b7d21974537c85530de7782f648b2a3f592	72	pass	60.8	61.1	1.0			gvpa	126.6		0.0	0.0	unsupported	no_qualified_subfamily_hit	126.6	90.2	natural_heldout	gvpa	0	nat_e2b9c94c60da4c449a4d
nat_dda877b0008607a0fc71	dda877b0008607a0fc715bf1e261281865393b5cd3d35f1e590e3af5d6480f76	72	pass	63.2	63.4	1.0	gvpj	92.0	gvpa	125.4	-33.400000000000006	0.6140350877192983	0.9583333333333334	gvpa_gvpj_ambiguous	insufficient_competitive_margin	125.4	92.0	natural_heldout	gvpa	0	nat_dda877b0008607a0fc71
nat_63f804d4a54dfefdba01	63f804d4a54dfefdba015fb519002e2a18c1a59eb52185176714701bf8e756f4	66	pass	61.6	61.8	1.0			gvpa	123.8		0.0	0.0	unsupported	no_qualified_subfamily_hit	123.8	91.2	natural_heldout	gvpa	0	nat_63f804d4a54dfefdba01
nat_f31ef9ed0a87f1bcd7f1	f31ef9ed0a87f1bcd7f16380f5c67a3c99ab66cda4b11e28e567896af35c10fb	72	pass	61.8	62.1	1.0			gvpa	125.6		0.0	0.0	unsupported	no_qualified_subfamily_hit	125.6	91.1	natural_heldout	gvpa	0	nat_f31ef9ed0a87f1bcd7f1
nat_ab18ddbecb739bae7c0a	ab18ddbecb739bae7c0a720dfd55228c92afa153cc615fda38c1f4a95b049f96	86	pass	56.7	57.0	1.0	gvpj	95.0	gvpa	132.9	-37.900000000000006	0.6578947368421053	0.8604651162790697	gvpa_gvpj_ambiguous	insufficient_competitive_margin	132.9	95.0	natural_heldout	gvpa	0	nat_ab18ddbecb739bae7c0a
nat_12c980f97c4e594a42de	12c980f97c4e594a42de307ad5e2bf831d28aa2d1c3ee50ad7cc558e691838f2	74	pass	54.0	54.4	1.0			gvpa	114.8		0.0	0.0	unsupported	no_qualified_subfamily_hit	114.8	82.3	natural_heldout	gvpa	0	nat_12c980f97c4e594a42de
nat_867df19266611b1dd32b	867df19266611b1dd32b5cfc5f295c4f1197d03d3e66704596b1abb14590c684	91	pass	59.0	59.4	1.0	gvpj	94.3	gvpa	130.3	-36.000000000000014	0.6754385964912281	0.8461538461538461	gvpa_gvpj_ambiguous	insufficient_competitive_margin	130.3	94.3	natural_heldout	gvpa	0	nat_867df19266611b1dd32b
nat_a1131689eff9ccc2bc1c	a1131689eff9ccc2bc1cb9c6417b27251120988628db25efce7ae158aaecf416	70	pass	59.5	59.9	1.0			gvpa	119.5		0.0	0.0	unsupported	no_qualified_subfamily_hit	119.5	84.5	natural_heldout	gvpa	0	nat_a1131689eff9ccc2bc1c
nat_875b3015b17030bcf076	875b3015b17030bcf076a0d5b1a999e347b40931a5afd4181a01724d96df1a26	88	pass	54.6	54.6	1.0	gvpj	92.9	gvpa	129.5	-36.599999999999994	0.6578947368421053	0.8522727272727273	gvpa_gvpj_ambiguous	insufficient_competitive_margin	129.5	92.9	natural_heldout	gvpa	0	nat_875b3015b17030bcf076
nat_18bfe7ce20a3a4013554	18bfe7ce20a3a401355454477c1f073f04b59f469ac2d9df5f1ed69eb2d9c755	72	pass	63.2	63.5	1.0	gvpj	91.5	gvpa	125.5	-34.0	0.6140350877192983	0.9583333333333334	gvpa_gvpj_ambiguous	insufficient_competitive_margin	125.5	91.5	natural_heldout	gvpa	0	nat_18bfe7ce20a3a4013554
nat_7f3ba3408331f0b52ea1	7f3ba3408331f0b52ea131a525ffc53c066b11342bed7104933209e9082f117d	71	pass	56.2	56.5	1.0			gvpa	120.2		0.0	0.0	unsupported	no_qualified_subfamily_hit	120.2	87.0	natural_heldout	gvpa	0	nat_7f3ba3408331f0b52ea1
nat_4cc577e850a35b25573f	4cc577e850a35b25573fdd4685c9092e5ddc258f28461dd166070db0f5864ff5	72	pass	63.2	63.5	1.0	gvpj	90.8	gvpa	124.2	-33.400000000000006	0.6052631578947368	0.9444444444444444	gvpa_gvpj_ambiguous	insufficient_competitive_margin	124.2	90.8	natural_heldout	gvpa	0	nat_4cc577e850a35b25573f
nat_7192aa1b5c4b0d0cb215	7192aa1b5c4b0d0cb215f2b6466c63d14778b4ab192afa70b3d3c296e8d425c1	72	pass	61.1	61.6	1.0			gvpa	126.3		0.0	0.0	unsupported	no_qualified_subfamily_hit	126.3	89.3	natural_heldout	gvpa	0	nat_7192aa1b5c4b0d0cb215
nat_a2a7b780c74df6bd950e	a2a7b780c74df6bd950e44b846f19e8dbd13d6566314074bf2069ba9d093ab3a	72	pass	61.7	62.0	1.0			gvpa	124.6		0.0	0.0	unsupported	no_qualified_subfamily_hit	124.6	90.1	natural_heldout	gvpa	0	nat_a2a7b780c74df6bd950e
nat_603ba2fccd34d2e3b142	603ba2fccd34d2e3b1429d174e372373f06492d7f3553e69d462d07c41147e20	72	pass	60.1	60.4	1.0			gvpa	121.7		0.0	0.0	unsupported	no_qualified_subfamily_hit	121.7	86.4	natural_heldout	gvpa	0	nat_603ba2fccd34d2e3b142
nat_dc38a4313453d819bde4	dc38a4313453d819bde4cf5c13a9015df0365250c7779284ec96a6da68c2fab4	73	pass	57.2	57.5	1.0			gvpa	125.1		0.0	0.0	unsupported	no_qualified_subfamily_hit	125.1	89.1	natural_heldout	gvpa	0	nat_dc38a4313453d819bde4
nat_c5e6ef219282f46a04ba	c5e6ef219282f46a04ba0c1236dbe13f1f5258f89b8b8388ff9b4297e927ce07	72	pass	60.8	61.1	1.0			gvpa	122.9		0.0	0.0	unsupported	no_qualified_subfamily_hit	122.9	89.1	natural_heldout	gvpa	0	nat_c5e6ef219282f46a04ba
nat_fd56bd8ca14d2ea7647f	fd56bd8ca14d2ea7647f290be8b1edb2369bcfca88d88fa3e71f73703a94129c	72	pass	56.1	56.6	1.0			gvpa	126.0		0.0	0.0	unsupported	no_qualified_subfamily_hit	126.0	86.8	natural_heldout	gvpa	0	nat_fd56bd8ca14d2ea7647f
nat_0c143ad343586201fcf9	0c143ad343586201fcf9a3504764a20810d30e8d1de52807930145512c74f4c8	69	pass	59.8	60.2	1.0			gvpa	118.1		0.0	0.0	unsupported	no_qualified_subfamily_hit	118.1	81.7	natural_heldout	gvpa	0	nat_0c143ad343586201fcf9
nat_ed971bf96974483cf1a5	ed971bf96974483cf1a58b8e6709b204cbc1eaef21cea873ae25620378ddb316	72	pass	61.6	61.9	1.0			gvpa	127.7		0.0	0.0	unsupported	no_qualified_subfamily_hit	127.7	91.1	natural_heldout	gvpa	0	nat_ed971bf96974483cf1a5
nat_63042e294eae0d141b5c	63042e294eae0d141b5c2883dc58873a4850b5a7ac4fd2bddfe220e7ceec9eab	72	pass	57.9	58.2	0.9743589743589743	gvpj	86.6	gvpa	120.3	-33.7	0.6140350877192983	0.9583333333333334	gvpa_gvpj_ambiguous	insufficient_competitive_margin	120.3	86.6	natural_heldout	gvpa	0	nat_63042e294eae0d141b5c
nat_2f457cd3e21794d77204	2f457cd3e21794d7720477e14ef21b463dec89f8fc2edf315a7f973c9d51295a	68	pass	59.7	60.0	1.0			gvpa	125.1		0.0	0.0	unsupported	no_qualified_subfamily_hit	125.1	90.1	natural_heldout	gvpa	0	nat_2f457cd3e21794d77204
nat_66d41021d88e3bf58bdc	66d41021d88e3bf58bdc5253af151a5177a49b38fef6d6e436acc727d44a35db	71	pass	60.5	60.8	1.0	gvpj	91.7	gvpa	126.4	-34.7	0.6052631578947368	0.9436619718309859	gvpa_gvpj_ambiguous	insufficient_competitive_margin	126.4	91.7	natural_heldout	gvpa	0	nat_66d41021d88e3bf58bdc
nat_5601498c9a93902562db	5601498c9a93902562dbe611c5f41da9acf56aa8cf535802ef5a687a6a3351bc	71	pass	61.7	61.9	1.0	gvpj	93.5	gvpa	128.9	-35.400000000000006	0.6052631578947368	0.9436619718309859	gvpa_gvpj_ambiguous	insufficient_competitive_margin	128.9	93.5	natural_heldout	gvpa	0	nat_5601498c9a93902562db
nat_fa70cf643277a18d9353	fa70cf643277a18d935304889b37715601a4c4d526cd2d051282507269ca3e0a	63	pass	61.0	61.2	1.0			gvpa	121.3		0.0	0.0	unsupported	no_qualified_subfamily_hit	121.3	88.4	natural_heldout	gvpa	0	nat_fa70cf643277a18d9353
nat_0ba4bde6653115be1dd4	0ba4bde6653115be1dd4ecf31dd944288d9302b06a4eb7109abd4386bc4e28f6	72	pass	60.3	60.8	1.0			gvpa	126.0		0.0	0.0	unsupported	no_qualified_subfamily_hit	126.0	89.9	natural_heldout	gvpa	0	nat_0ba4bde6653115be1dd4
nat_de4f0d0b434811184abb	de4f0d0b434811184abb8b052f38372135b3400cefcaf1e93db2f3dce59657e3	86	pass	56.2	56.6	1.0	gvpj	92.6	gvpa	130.1	-37.5	0.7105263157894737	0.9069767441860465	gvpa_gvpj_ambiguous	insufficient_competitive_margin	130.1	92.6	natural_heldout	gvpa	0	nat_de4f0d0b434811184abb
nat_cb58ba6802b0f699eec6	cb58ba6802b0f699eec63a9ac0dc87bf4b9d2ad2e5912e9f70a9a019ed1c42c4	72	pass	60.8	61.1	1.0			gvpa	123.7		0.0	0.0	unsupported	no_qualified_subfamily_hit	123.7	88.6	natural_heldout	gvpa	0	nat_cb58ba6802b0f699eec6
nat_ec1d66f4985b18dd0226	ec1d66f4985b18dd022643b17cee09b8a11441bc394c817d409b1c43b43b7833	72	pass	60.6	60.9	1.0			gvpa	123.5		0.0	0.0	unsupported	no_qualified_subfamily_hit	123.5	87.7	natural_heldout	gvpa	0	nat_ec1d66f4985b18dd0226
nat_668321baf55f7bfbdc1b	668321baf55f7bfbdc1bee20fef9252620fb0636f55bb6ea2d0270fc58855c37	72	pass	60.2	60.5	1.0			gvpa	122.1		0.0	0.0	unsupported	no_qualified_subfamily_hit	122.1	88.6	natural_heldout	gvpa	0	nat_668321baf55f7bfbdc1b
nat_6166ab1a17ac507a42bf	6166ab1a17ac507a42bf2742e59eb2fe7c145df2825dd7f29f5a819b362fb620	72	pass	56.6	57.0	1.0			gvpa	122.4		0.0	0.0	unsupported	no_qualified_subfamily_hit	122.4	86.7	natural_heldout	gvpa	0	nat_6166ab1a17ac507a42bf
nat_39a0d637b9f5ad86efbf	39a0d637b9f5ad86efbf915ef25aeec70bdfae190f5763f82185e981d19d440d	86	pass	55.5	55.8	1.0	gvpj	95.0	gvpa	132.8	-37.80000000000001	0.6666666666666666	0.8837209302325582	gvpa_gvpj_ambiguous	insufficient_competitive_margin	132.8	95.0	natural_heldout	gvpa	0	nat_39a0d637b9f5ad86efbf
nat_646d43372f49b1be4f56	646d43372f49b1be4f561d502ed08bd9b4bee0104bba22dc9998d9d831069bc5	92	pass	59.2	59.6	1.0	gvpj	95.7	gvpa	130.5	-34.8	0.7192982456140351	0.8913043478260869	gvpa_gvpj_ambiguous	insufficient_competitive_margin	130.5	95.7	natural_heldout	gvpa	0	nat_646d43372f49b1be4f56
nat_6fee2e0959e28f7ad2d6	6fee2e0959e28f7ad2d6a6b8e1a180ea8cf86b5d7f2e7d0625a0d9b4d1c7c3b5	96	pass	59.1	59.5	1.0	gvpj	95.7	gvpa	131.5	-35.8	0.6491228070175439	0.7708333333333334	gvpa_gvpj_ambiguous	insufficient_competitive_margin	131.5	95.7	natural_heldout	gvpa	0	nat_6fee2e0959e28f7ad2d6
nat_9587ffd39bd2d85bd5ef	9587ffd39bd2d85bd5ef1b9a5ae86d45dd30e6a82d024d71e35f3b6b7b313f1e	83	pass	58.2	58.6	1.0	gvpj	92.5	gvpa	130.3	-37.80000000000001	0.6491228070175439	0.8674698795180723	gvpa_gvpj_ambiguous	insufficient_competitive_margin	130.3	92.5	natural_heldout	gvpa	0	nat_9587ffd39bd2d85bd5ef
nat_2708b2500f3eefced6c0	2708b2500f3eefced6c03a2e849c6957074512fb0f014e8343be33cf184f5066	69	pass	59.9	60.3	1.0			gvpa	121.3		0.0	0.0	unsupported	no_qualified_subfamily_hit	121.3	85.0	natural_heldout	gvpa	0	nat_2708b2500f3eefced6c0
nat_444b2346dad8b8d36df2	444b2346dad8b8d36df26a3c5f4c05fe76772f974e7bcd020fa19b6132e0ca44	71	pass	59.4	59.7	1.0	gvpj	92.0	gvpa	128.5	-36.5	0.6052631578947368	0.9436619718309859	gvpa_gvpj_ambiguous	insufficient_competitive_margin	128.5	92.0	natural_heldout	gvpa	0	nat_444b2346dad8b8d36df2
nat_d1ffe3160c1f85b8feb9	d1ffe3160c1f85b8feb9318303c3242b1b3f5affb5de3b3a2fc2ab8444879755	68	pass	57.8	58.3	1.0			gvpa	120.1		0.0	0.0	unsupported	no_qualified_subfamily_hit	120.1	83.1	natural_heldout	gvpa	0	nat_d1ffe3160c1f85b8feb9
nat_ccf96d6a6ed62483f79a	ccf96d6a6ed62483f79acd8fe73ca53375ccdbff2e5eb7b13fb254638c377970	72	pass	51.4	51.7	1.0	gvpj	89.0	gvpa	124.8	-35.8	0.6140350877192983	0.9583333333333334	gvpa_gvpj_ambiguous	insufficient_competitive_margin	124.8	89.0	natural_heldout	gvpa	0	nat_ccf96d6a6ed62483f79a
nat_d1371fd7814fe8dbe69e	d1371fd7814fe8dbe69eebdaac7dc0d6ec9407eaf3a1e47a77080b7271904c05	86	pass	56.7	57.0	1.0	gvpj	94.2	gvpa	132.6	-38.39999999999999	0.6491228070175439	0.8372093023255814	gvpa_gvpj_ambiguous	insufficient_competitive_margin	132.6	94.2	natural_heldout	gvpa	0	nat_d1371fd7814fe8dbe69e
nat_e6ab93f7efc7fc3ffe18	e6ab93f7efc7fc3ffe18f7c1b0f81b303e89607fc39babd5044a943fc09e239c	72	pass	61.0	61.3	0.9743589743589743	gvpj	89.1	gvpa	122.7	-33.60000000000001	0.6140350877192983	0.9583333333333334	gvpa_gvpj_ambiguous	insufficient_competitive_margin	122.7	89.1	natural_heldout	gvpa	0	nat_e6ab93f7efc7fc3ffe18
nat_2132a9e0b250f93ef073	2132a9e0b250f93ef0736ebabe690b8824688eaa43ca2b5f13031813d3be336a	71	pass	58.5	58.8	1.0	gvpj	88.5	gvpa	122.8	-34.3	0.6052631578947368	0.9436619718309859	gvpa_gvpj_ambiguous	insufficient_competitive_margin	122.8	88.5	natural_heldout	gvpa	0	nat_2132a9e0b250f93ef073
nat_9b4ea9dc72fc9d6476a6	9b4ea9dc72fc9d6476a60eecf72e56bd632d462e769dd90487b525a2b38d7cbc	71	pass	55.7	56.0	1.0	gvpj	87.4	gvpa	124.2	-36.8	0.6052631578947368	0.9436619718309859	gvpa_gvpj_ambiguous	insufficient_competitive_margin	124.2	87.4	natural_heldout	gvpa	0	nat_9b4ea9dc72fc9d6476a6
nat_2684144e3e1bc2f66f34	2684144e3e1bc2f66f34bd3471bdb834271f9c778f2e790ef6ac290001111f5f	71	pass	59.5	59.8	1.0	gvpj	90.1	gvpa	127.8	-37.7	0.6052631578947368	0.9436619718309859	gvpa_gvpj_ambiguous	insufficient_competitive_margin	127.8	90.1	natural_heldout	gvpa	0	nat_2684144e3e1bc2f66f34
nat_1589f15763a3b3a0bf84	1589f15763a3b3a0bf84fa15f5e9fc045cbb657d2ccfbf4019554b877d7df49c	61	pass	61.9	62.1	1.0			gvpa	116.5		0.0	0.0	unsupported	no_qualified_subfamily_hit	116.5	85.6	natural_heldout	gvpa	0	nat_1589f15763a3b3a0bf84
nat_6eb103ed851a261f0454	6eb103ed851a261f0454e5c7b5e46eddc554e5c21ab07bb46777bd1462e56f2c	69	pass	54.6	55.0	0.9743589743589743			gvpa	114.1		0.0	0.0	unsupported	no_qualified_subfamily_hit	114.1	78.0	natural_heldout	gvpa	0	nat_6eb103ed851a261f0454
nat_1833721e1724827de2bb	1833721e1724827de2bbb52fb85e65c97bb94592de7b309d46c4c68f6e8d83e3	71	pass	55.0	55.3	1.0	gvpj	89.7	gvpa	125.2	-35.5	0.6052631578947368	0.9436619718309859	gvpa_gvpj_ambiguous	insufficient_competitive_margin	125.2	89.7	natural_heldout	gvpa	0	nat_1833721e1724827de2bb
nat_561df1cd0484632cdef6	561df1cd0484632cdef61edba8ed8260b6efcc92409542cfb77187c7e22588b6	66	pass	61.6	61.8	1.0			gvpa	126.5		0.0	0.0	unsupported	no_qualified_subfamily_hit	126.5	92.1	natural_heldout	gvpa	0	nat_561df1cd0484632cdef6
nat_09f47a4c9a94b657ae7d	09f47a4c9a94b657ae7d1fd6a904d0e1860e493a6747ea8b5847a6bee1457ba9	87	pass	46.2	46.2	1.0	gvpj	77.4	gvpa	115.6	-38.19999999999999	0.6052631578947368	0.8045977011494253	gvpa_gvpj_ambiguous	insufficient_competitive_margin	115.6	77.4	natural_heldout	gvpa	0	nat_09f47a4c9a94b657ae7d
nat_70e619942db9ffc2c9b7	70e619942db9ffc2c9b76b5fbe40eb0e3d554fa5d8f39c38d915e4afa6068257	86	pass	55.9	56.3	1.0	gvpj	96.9	gvpa	134.1	-37.19999999999999	0.7105263157894737	0.9069767441860465	gvpa_gvpj_ambiguous	insufficient_competitive_margin	134.1	96.9	natural_heldout	gvpa	0	nat_70e619942db9ffc2c9b7
nat_51d4aa4718d4ddd20574	51d4aa4718d4ddd20574d29630496ae709e65d5bca511963ce0250a9c5527def	85	pass	56.0	56.3	1.0	gvpj	91.3	gvpa	130.5	-39.2	0.6491228070175439	0.8470588235294118	gvpa_gvpj_ambiguous	insufficient_competitive_margin	130.5	91.3	natural_heldout	gvpa	0	nat_51d4aa4718d4ddd20574
nat_261427cf6474f66e5844	261427cf6474f66e5844d86d152c1d1da25033923e42ade13bf24ba1363a06e2	100	pass	41.5	41.9	1.0	gvpj	75.5	gvpa	113.9	-38.400000000000006	0.6228070175438597	0.7	gvpa_gvpj_ambiguous	insufficient_competitive_margin	113.9	75.5	natural_heldout	gvpa	0	nat_261427cf6474f66e5844
nat_a182ae3bb53ca39deed1	a182ae3bb53ca39deed17650eea46611759fd6620025359944037de10519f372	87	pass	57.1	57.4	1.0	gvpj	96.1	gvpa	132.6	-36.5	0.6754385964912281	0.8735632183908046	gvpa_gvpj_ambiguous	insufficient_competitive_margin	132.6	96.1	natural_heldout	gvpa	0	nat_a182ae3bb53ca39deed1
nat_9c6b2526a0bb2c4a36c1	9c6b2526a0bb2c4a36c1e2117cf4711ff4b2b937b14c53f1e3da2df9ee87de56	92	pass	51.7	52.1	1.0	gvpj	93.6	gvpa	126.8	-33.2	0.7543859649122807	0.9456521739130435	gvpa_gvpj_ambiguous	insufficient_competitive_margin	126.8	93.6	natural_heldout	gvpa	0	nat_9c6b2526a0bb2c4a36c1
nat_f6ebacfa83a4d005159e	f6ebacfa83a4d005159e272ad7f53fde298c79600bbb46fde8ccdfb6f03f9f61	72	pass	56.3	56.6	1.0			gvpa	126.0		0.0	0.0	unsupported	no_qualified_subfamily_hit	126.0	90.2	natural_heldout	gvpa	0	nat_f6ebacfa83a4d005159e
nat_cace8f7ec0f10f4823d0	cace8f7ec0f10f4823d0ae9dea12552172553751f3f14cb0f92c2a762afd5089	86	pass	56.7	57.0	1.0	gvpj	94.1	gvpa	132.5	-38.400000000000006	0.6578947368421053	0.8604651162790697	gvpa_gvpj_ambiguous	insufficient_competitive_margin	132.5	94.1	natural_heldout	gvpa	0	nat_cace8f7ec0f10f4823d0
nat_01217a4061546de4f423	01217a4061546de4f4235a8a9191a5971150e578f09e8c10e17c47b603704344	86	pass	58.0	58.4	1.0	gvpj	97.2	gvpa	134.2	-36.999999999999986	0.6578947368421053	0.8604651162790697	gvpa_gvpj_ambiguous	insufficient_competitive_margin	134.2	97.2	natural_heldout	gvpa	0	nat_01217a4061546de4f423
nat_d067ede25f6c0516a956	d067ede25f6c0516a95636ce1ba39bb7c9af60934aa1be5c02f93f76c57f8d13	86	pass	55.5	55.9	1.0	gvpj	93.8	gvpa	131.5	-37.7	0.6578947368421053	0.872093023255814	gvpa_gvpj_ambiguous	insufficient_competitive_margin	131.5	93.8	natural_heldout	gvpa	0	nat_d067ede25f6c0516a956
nat_09086542d4cbb738c598	09086542d4cbb738c598ac64846bcf11b99d89bf5548d9cd131ec5c41c15d981	86	pass	55.5	55.8	1.0	gvpj	94.8	gvpa	132.5	-37.7	0.6578947368421053	0.872093023255814	gvpa_gvpj_ambiguous	insufficient_competitive_margin	132.5	94.8	natural_heldout	gvpa	0	nat_09086542d4cbb738c598
nat_b57aea053dff80c6482c	b57aea053dff80c6482c73ae4d65951ad92817758d08bbac48f2486c643f6b1d	96	pass	56.8	57.1	0.9743589743589743	gvpj	97.4	gvpa	132.1	-34.69999999999999	0.7631578947368421	0.90625	gvpa_gvpj_ambiguous	insufficient_competitive_margin	132.1	97.4	natural_heldout	gvpa	0	nat_b57aea053dff80c6482c
nat_1c3f16a0fdc7b319cfc7	1c3f16a0fdc7b319cfc790d2f90570d448332245bedff19b9985cdb064da006e	72	pass	60.6	60.6	1.0			gvpa	119.4		0.0	0.0	unsupported	no_qualified_subfamily_hit	119.4	84.7	natural_heldout	gvpa	0	nat_1c3f16a0fdc7b319cfc7
nat_50dda88e67458b1e7169	50dda88e67458b1e7169cf63df9f4a9573847ffb6e704b8865356239023fc0a5	72	pass	62.2	62.2	1.0			gvpa	120.7		0.0	0.0	unsupported	no_qualified_subfamily_hit	120.7	86.1	natural_heldout	gvpa	0	nat_50dda88e67458b1e7169
nat_351862cb01754fd1ab98	351862cb01754fd1ab98becc78f0fae74e2cef16eabbad00ce4ec4d17ea28588	88	pass	58.5	58.8	1.0	gvpj	99.4	gvpa	135.1	-35.69999999999999	0.7192982456140351	0.9204545454545454	gvpa_gvpj_ambiguous	insufficient_competitive_margin	135.1	99.4	natural_heldout	gvpa	0	nat_351862cb01754fd1ab98
nat_5cb381db9359101cf272	5cb381db9359101cf272e579ba3b52053113cb020d6650cf29644e5d8e8c1024	86	pass	56.4	56.8	1.0	gvpj	94.9	gvpa	132.1	-37.19999999999999	0.7105263157894737	0.9069767441860465	gvpa_gvpj_ambiguous	insufficient_competitive_margin	132.1	94.9	natural_heldout	gvpa	0	nat_5cb381db9359101cf272
nat_4fb6b9391abe691f2baa	4fb6b9391abe691f2baad498dcd90c96aa08fa3d5b40099b2c0cb556e59cae84	85	pass	55.8	56.1	1.0	gvpj	92.3	gvpa	131.3	-39.000000000000014	0.7105263157894737	0.9176470588235294	gvpa_gvpj_ambiguous	insufficient_competitive_margin	131.3	92.3	natural_heldout	gvpa	0	nat_4fb6b9391abe691f2baa
nat_31320e152ba1b4cfe0c5	31320e152ba1b4cfe0c578adc3bc71faebcf564d308a23d5fe331d1623dab72a	72	pass	59.8	60.1	1.0			gvpa	126.5		0.0	0.0	unsupported	no_qualified_subfamily_hit	126.5	89.1	natural_heldout	gvpa	0	nat_31320e152ba1b4cfe0c5
nat_8b714e1325cbfdfacd93	8b714e1325cbfdfacd939fe7c98c8dc650c90f4f53ee18e3c84bf6021011671d	74	pass	54.0	54.4	1.0			gvpa	115.3		0.0	0.0	unsupported	no_qualified_subfamily_hit	115.3	82.3	natural_heldout	gvpa	0	nat_8b714e1325cbfdfacd93
nat_b5963311e20bf490cf4c	b5963311e20bf490cf4c5833a96b65a615bf913be133dd296a6f4fd2b9dd8aef	86	pass	54.1	54.5	1.0	gvpj	92.4	gvpa	125.6	-33.19999999999999	0.6140350877192983	0.813953488372093	gvpa_gvpj_ambiguous	insufficient_competitive_margin	125.6	92.4	natural_heldout	gvpa	0	nat_b5963311e20bf490cf4c
nat_3ce8f60b99b21237414a	3ce8f60b99b21237414a17cdbbd31332ae83cf3b0bc83fe73fe3cfc226dd3814	85	pass	58.1	58.4	1.0	gvpj	95.8	gvpa	133.2	-37.39999999999999	0.6491228070175439	0.8470588235294118	gvpa_gvpj_ambiguous	insufficient_competitive_margin	133.2	95.8	natural_heldout	gvpa	0	nat_3ce8f60b99b21237414a
nat_9dc637e90a7070ed00fe	9dc637e90a7070ed00fed786aa30e4b223dcf60fcb0a7a89ca12bd94a069eb83	86	pass	55.9	56.3	1.0	gvpj	96.5	gvpa	133.4	-36.900000000000006	0.7017543859649122	0.8953488372093024	gvpa_gvpj_ambiguous	insufficient_competitive_margin	133.4	96.5	natural_heldout	gvpa	0	nat_9dc637e90a7070ed00fe
nat_e092f1bde34194b8d969	e092f1bde34194b8d96952c80a1bb45bd13eab90c8f00a8c8b92bd8f8a8e89d8	87	pass	56.6	57.0	1.0	gvpj	95.0	gvpa	133.2	-38.19999999999999	0.6929824561403509	0.8620689655172413	gvpa_gvpj_ambiguous	insufficient_competitive_margin	133.2	95.0	natural_heldout	gvpa	0	nat_e092f1bde34194b8d969
nat_1da09a04eab900f30339	1da09a04eab900f303396e5c38a46627db81572da7ab13c70418a763829d05ea	86	pass	55.9	56.3	1.0	gvpj	94.4	gvpa	133.1	-38.69999999999999	0.7017543859649122	0.8953488372093024	gvpa_gvpj_ambiguous	insufficient_competitive_margin	133.1	94.4	natural_heldout	gvpa	0	nat_1da09a04eab900f30339
nat_a97455c28a62de8f61f4	a97455c28a62de8f61f44e2f9bdf762bf4d323e39305a2188042fb29f5d0070d	86	pass	55.9	56.3	1.0	gvpj	96.4	gvpa	134.4	-38.0	0.7017543859649122	0.8953488372093024	gvpa_gvpj_ambiguous	insufficient_competitive_margin	134.4	96.4	natural_heldout	gvpa	0	nat_a97455c28a62de8f61f4
nat_5d6c7bd3713afa1895ab	5d6c7bd3713afa1895abe6ae329714a578b15ee9382769ce7e3f16678daedbea	72	pass	61.4	61.9	1.0			gvpa	125.7		0.0	0.0	unsupported	no_qualified_subfamily_hit	125.7	89.4	natural_heldout	gvpa	0	nat_5d6c7bd3713afa1895ab
nat_2b57a127896613be0c56	2b57a127896613be0c567c3e6e1bd21928d29b1de9c410605a650ef834f57699	73	pass	60.8	61.1	1.0			gvpa	124.9		0.0	0.0	unsupported	no_qualified_subfamily_hit	124.9	87.4	natural_heldout	gvpa	0	nat_2b57a127896613be0c56
nat_df27c6cb10b51229e5ef	df27c6cb10b51229e5ef6fb5a6948eea04d4f6703b5d0e0ebc4be5ec98ddec28	74	pass	53.2	53.5	1.0			gvpa	114.5		0.0	0.0	unsupported	no_qualified_subfamily_hit	114.5	82.9	natural_heldout	gvpa	0	nat_df27c6cb10b51229e5ef
nat_edef782f11b8c7eacb34	edef782f11b8c7eacb3496dc87b615068b7e7be32f3550a413356d8d4de95c45	85	pass	56.0	56.3	1.0	gvpj	91.3	gvpa	130.6	-39.3	0.6491228070175439	0.8470588235294118	gvpa_gvpj_ambiguous	insufficient_competitive_margin	130.6	91.3	natural_heldout	gvpa	0	nat_edef782f11b8c7eacb34
nat_5fb53d83d56d48c68c10	5fb53d83d56d48c68c10c69bbbc1d2674a8448de312e77544dac1fbb63c5f949	71	pass	61.9	62.3	1.0			gvpa	124.3		0.0	0.0	unsupported	no_qualified_subfamily_hit	124.3	88.3	natural_heldout	gvpa	0	nat_5fb53d83d56d48c68c10
nat_033157a4d26d86912677	033157a4d26d86912677f3bbdc709764136df52b7907318179702c277c3c7f0c	86	pass	56.7	57.0	1.0	gvpj	94.5	gvpa	132.6	-38.099999999999994	0.6578947368421053	0.8604651162790697	gvpa_gvpj_ambiguous	insufficient_competitive_margin	132.6	94.5	natural_heldout	gvpa	0	nat_033157a4d26d86912677
nat_8cc5c88d15faa4d4098f	8cc5c88d15faa4d4098f2e0e279a8fb35cdc96628acfb409d13655dbc284d226	86	pass	58.5	58.9	1.0	gvpj	98.4	gvpa	133.1	-34.69999999999999	0.6842105263157895	0.8837209302325582	gvpa_gvpj_ambiguous	insufficient_competitive_margin	133.1	98.4	natural_heldout	gvpa	0	nat_8cc5c88d15faa4d4098f
nat_1ae061b1db7a06cf0b36	1ae061b1db7a06cf0b365f4c7845053dda9b7ebb45e9377289bb0f188f49bd40	87	pass	55.6	56.0	1.0	gvpj	93.9	gvpa	131.1	-37.19999999999999	0.7280701754385965	0.9310344827586207	gvpa_gvpj_ambiguous	insufficient_competitive_margin	131.1	93.9	natural_heldout	gvpa	0	nat_1ae061b1db7a06cf0b36
nat_2e924180e7ec30a66746	2e924180e7ec30a6674687b1fffadb3985fab4556a88fa6d0d47da09af19a742	88	pass	57.1	57.4	1.0	gvpj	96.1	gvpa	133.2	-37.099999999999994	0.6754385964912281	0.8636363636363636	gvpa_gvpj_ambiguous	insufficient_competitive_margin	133.2	96.1	natural_heldout	gvpa	0	nat_2e924180e7ec30a66746
nat_70501e44d62eb76e66dd	70501e44d62eb76e66ddc809eae55ad4d35f7427a66686c78618db14d874a65f	86	pass	56.7	57.0	1.0	gvpj	93.7	gvpa	132.3	-38.60000000000001	0.6578947368421053	0.8604651162790697	gvpa_gvpj_ambiguous	insufficient_competitive_margin	132.3	93.7	natural_heldout	gvpa	0	nat_70501e44d62eb76e66dd
nat_aef0e900ff08f50b5105	aef0e900ff08f50b51050dde6bb5f7243d00e9254cf676e0689045da47b7d7a4	75	pass	54.1	54.4	1.0			gvpa	118.0		0.0	0.0	unsupported	no_qualified_subfamily_hit	118.0	84.8	natural_heldout	gvpa	0	nat_aef0e900ff08f50b5105
nat_fe8e5bed782f7960b0ca	fe8e5bed782f7960b0cae5e61ebb67463773e8c2867325b46d0723d6a1d0c490	96	pass	59.1	59.5	1.0	gvpj	96.1	gvpa	131.8	-35.70000000000002	0.6842105263157895	0.8125	gvpa_gvpj_ambiguous	insufficient_competitive_margin	131.8	96.1	natural_heldout	gvpa	0	nat_fe8e5bed782f7960b0ca
nat_e9a0f84c227e1492bb83	e9a0f84c227e1492bb8380eeeef1129aebadd60aed45ef4d8da47525c8e99431	100	pass	41.5	41.9	1.0	gvpj	75.1	gvpa	113.2	-38.10000000000001	0.6228070175438597	0.7	gvpa_gvpj_ambiguous	insufficient_competitive_margin	113.2	75.1	natural_heldout	gvpa	0	nat_e9a0f84c227e1492bb83
nat_81e16e28c5b6ae6c687e	81e16e28c5b6ae6c687edf26d1131e81f064e78832c4adcc34b641fd643a0d3a	71	pass	61.7	62.0	1.0			gvpa	127.3		0.0	0.0	unsupported	no_qualified_subfamily_hit	127.3	91.2	natural_heldout	gvpa	0	nat_81e16e28c5b6ae6c687e
nat_13b468f1d3a3dbb11fa2	13b468f1d3a3dbb11fa2839385568126ace3d38387010fd7e6b08a6259d94000	86	pass	55.9	56.3	1.0	gvpj	96.8	gvpa	133.3	-36.500000000000014	0.7105263157894737	0.9069767441860465	gvpa_gvpj_ambiguous	insufficient_competitive_margin	133.3	96.8	natural_heldout	gvpa	0	nat_13b468f1d3a3dbb11fa2
nat_d4535c05655d38b67932	d4535c05655d38b6793226a1d23a25c56906808389ddcfab5e4bfda317918e57	71	pass	60.0	60.3	1.0			gvpa	115.8		0.0	0.0	unsupported	no_qualified_subfamily_hit	115.8	85.4	natural_heldout	gvpa	0	nat_d4535c05655d38b67932
nat_dd1c249d0891ddb7284f	dd1c249d0891ddb7284f0f9c047e5891ce47556dd767e6235b9e039efc5e7d8f	71	pass	60.0	60.4	1.0			gvpa	115.4		0.0	0.0	unsupported	no_qualified_subfamily_hit	115.4	85.2	natural_heldout	gvpa	0	nat_dd1c249d0891ddb7284f
nat_96074fbc1c013ecec913	96074fbc1c013ecec913fd6d727f8fb9ce191eaf5c13455284d6261afb06de81	71	pass	59.7	59.9	1.0	gvpj	92.2	gvpa	127.4	-35.2	0.6052631578947368	0.9436619718309859	gvpa_gvpj_ambiguous	insufficient_competitive_margin	127.4	92.2	natural_heldout	gvpa	0	nat_96074fbc1c013ecec913
nat_42c893463fb64a324e03	42c893463fb64a324e0329fe17ac8680ed28500bc84d8ca81fd4e667fa6627e9	72	pass	60.6	60.9	1.0			gvpa	121.5		0.0	0.0	unsupported	no_qualified_subfamily_hit	121.5	86.8	natural_heldout	gvpa	0	nat_42c893463fb64a324e03
nat_b210eed1ce4ece76342b	b210eed1ce4ece76342b0d73984857ae46c94c81715fcf6e4aeb612f57a90326	72	pass	60.6	61.0	1.0			gvpa	122.3		0.0	0.0	unsupported	no_qualified_subfamily_hit	122.3	87.5	natural_heldout	gvpa	0	nat_b210eed1ce4ece76342b
nat_b454aacc4a69df8c17a0	b454aacc4a69df8c17a0ae023415ccd95ef9280551de8885b41dd5cdd0974814	86	pass	56.7	57.0	1.0	gvpj	94.3	gvpa	132.4	-38.10000000000001	0.6578947368421053	0.8604651162790697	gvpa_gvpj_ambiguous	insufficient_competitive_margin	132.4	94.3	natural_heldout	gvpa	0	nat_b454aacc4a69df8c17a0
nat_ec09e260540587684c1e	ec09e260540587684c1e3d9fe9e3637bb1adc3247e4a9067aa55daa390cc3d04	71	pass	56.6	56.9	1.0	gvpj	89.5	gvpa	125.0	-35.5	0.6052631578947368	0.9436619718309859	gvpa_gvpj_ambiguous	insufficient_competitive_margin	125.0	89.5	natural_heldout	gvpa	0	nat_ec09e260540587684c1e
nat_25fcb1b7b6c3c6f6f29d	25fcb1b7b6c3c6f6f29d297ffe5e8ee45369c0012ecf179b3592855f1435475b	68	pass	59.1	59.3	1.0			gvpa	125.8		0.0	0.0	unsupported	no_qualified_subfamily_hit	125.8	90.5	natural_heldout	gvpa	0	nat_25fcb1b7b6c3c6f6f29d
nat_ac3fec2dc9e749e499b3	ac3fec2dc9e749e499b3e4a092b2209cd258b594be45b2722243983cf6668fdb	71	pass	57.8	58.1	1.0	gvpj	89.0	gvpa	126.0	-37.0	0.6052631578947368	0.9436619718309859	gvpa_gvpj_ambiguous	insufficient_competitive_margin	126.0	89.0	natural_heldout	gvpa	0	nat_ac3fec2dc9e749e499b3
nat_a99ea42aba6e85ef549b	a99ea42aba6e85ef549b7d8e416359a466d46ce659926a89bdc4ab5ad66466dd	71	pass	59.5	59.8	1.0	gvpj	91.7	gvpa	128.7	-36.999999999999986	0.6140350877192983	0.9577464788732394	gvpa_gvpj_ambiguous	insufficient_competitive_margin	128.7	91.7	natural_heldout	gvpa	0	nat_a99ea42aba6e85ef549b
nat_f3ffcf9688b666fefb41	f3ffcf9688b666fefb41b15728857b3a6e39c845812a4c51303b911c0e97691c	71	pass	61.3	61.6	1.0	gvpj	91.4	gvpa	126.9	-35.5	0.6052631578947368	0.9436619718309859	gvpa_gvpj_ambiguous	insufficient_competitive_margin	126.9	91.4	natural_heldout	gvpa	0	nat_f3ffcf9688b666fefb41
nat_69d5fc3c411ad66493e6	69d5fc3c411ad66493e683f263ee3611aa1ce48ec7ae2bab25d8c7bd382557f5	72	pass	59.1	59.4	1.0			gvpa	125.4		0.0	0.0	unsupported	no_qualified_subfamily_hit	125.4	88.9	natural_heldout	gvpa	0	nat_69d5fc3c411ad66493e6
nat_41c81011f9e8389dd829	41c81011f9e8389dd829259c7b6bcd460f706545f4fe7fa745aa5fb59e250d56	86	pass	56.7	57.0	1.0	gvpj	94.6	gvpa	132.7	-38.099999999999994	0.6578947368421053	0.8604651162790697	gvpa_gvpj_ambiguous	insufficient_competitive_margin	132.7	94.6	natural_heldout	gvpa	0	nat_41c81011f9e8389dd829
nat_fd9a2791aaca81c0c6ef	fd9a2791aaca81c0c6ef24e2cab39f1a5d6e705c33b05238f2712e5de5243b2f	86	pass	54.8	55.1	1.0	gvpj	95.0	gvpa	129.2	-34.19999999999999	0.6666666666666666	0.8953488372093024	gvpa_gvpj_ambiguous	insufficient_competitive_margin	129.2	95.0	natural_heldout	gvpa	0	nat_fd9a2791aaca81c0c6ef
nat_147b949dc21dd0206855	147b949dc21dd0206855041420faca8e32520d15d14330d7bc86cf6d33d5f357	72	pass	56.1	56.4	1.0			gvpa	122.7		0.0	0.0	unsupported	no_qualified_subfamily_hit	122.7	87.4	natural_heldout	gvpa	0	nat_147b949dc21dd0206855
nat_d6412c6847666b43092f	d6412c6847666b43092f09700057b7028e8a6ce267e669cf08a36f2c9b317164	72	pass	59.8	60.1	1.0			gvpa	126.4		0.0	0.0	unsupported	no_qualified_subfamily_hit	126.4	88.9	natural_heldout	gvpa	0	nat_d6412c6847666b43092f
nat_a742950a1415bf5dc582	a742950a1415bf5dc5826e948cd1ca2bce0b191f6b93af6d7679f7196e44033c	72	pass	59.9	60.3	1.0			gvpa	124.1		0.0	0.0	unsupported	no_qualified_subfamily_hit	124.1	89.7	natural_heldout	gvpa	0	nat_a742950a1415bf5dc582
nat_ac6b927c7781d88d4813	ac6b927c7781d88d481326c81640d4117b05bd63e1bc06fccae7cb04a5d8f13c	72	pass	59.9	60.4	1.0			gvpa	125.0		0.0	0.0	unsupported	no_qualified_subfamily_hit	125.0	90.2	natural_heldout	gvpa	0	nat_ac6b927c7781d88d4813
nat_41e20b6f7b2c95cf431a	41e20b6f7b2c95cf431aa42cc4d8174ac8d4e3e222df57046d9cb5654f2f63c6	72	pass	61.5	61.9	1.0			gvpa	128.2		0.0	0.0	unsupported	no_qualified_subfamily_hit	128.2	90.9	natural_heldout	gvpa	0	nat_41e20b6f7b2c95cf431a
nat_af304bea340b7ec20d1e	af304bea340b7ec20d1ebeedba7a97b6fb9a4988341d22c278d967bbeea464ab	72	pass	60.3	60.7	1.0			gvpa	125.6		0.0	0.0	unsupported	no_qualified_subfamily_hit	125.6	89.1	natural_heldout	gvpa	0	nat_af304bea340b7ec20d1e
nat_d4359a01f2d63626acd8	d4359a01f2d63626acd85ed3599deb77a66e4425fc81900bae59e0664858541b	72	pass	61.1	61.6	1.0			gvpa	126.0		0.0	0.0	unsupported	no_qualified_subfamily_hit	126.0	89.1	natural_heldout	gvpa	0	nat_d4359a01f2d63626acd8
nat_1593c2fcfad25e37eeb4	1593c2fcfad25e37eeb44401e0a9eb7a01d85e8743bf7bffe2f10465f9841503	71	pass	61.0	61.3	1.0	gvpj	93.1	gvpa	126.8	-33.7	0.6052631578947368	0.9436619718309859	gvpa_gvpj_ambiguous	insufficient_competitive_margin	126.8	93.1	natural_heldout	gvpa	0	nat_1593c2fcfad25e37eeb4
nat_dcefec45b0e834bbd113	dcefec45b0e834bbd1136c1bbb8b0429271afa94f2d470875d28280221668c7d	76	pass	59.7	60.0	1.0	gvpj	90.1	gvpa	123.0	-32.900000000000006	0.631578947368421	0.9342105263157895	gvpa_gvpj_ambiguous	insufficient_competitive_margin	123.0	90.1	natural_heldout	gvpa	0	nat_dcefec45b0e834bbd113
nat_ffde9c8a0aa4cd762cfd	ffde9c8a0aa4cd762cfdac8019aa7ff22a264d2536d40a17ae6ed8124c75dfc6	70	pass	57.3	57.7	1.0			gvpa	117.3		0.0	0.0	unsupported	no_qualified_subfamily_hit	117.3	82.0	natural_heldout	gvpa	0	nat_ffde9c8a0aa4cd762cfd
nat_c740155726ca8561a023	c740155726ca8561a0237b2904e5ad28e95620f8bdb7251f4152bf37a2d904ac	91	pass	58.4	58.7	1.0	gvpj	94.9	gvpa	131.1	-36.19999999999999	0.7192982456140351	0.9120879120879121	gvpa_gvpj_ambiguous	insufficient_competitive_margin	131.1	94.9	natural_heldout	gvpa	0	nat_c740155726ca8561a023
nat_ca9d4013ee99a3222d42	ca9d4013ee99a3222d426fc8ffbd7bf9bbebf316132153900a4314185543d6dd	86	pass	55.9	56.3	1.0	gvpj	95.5	gvpa	133.2	-37.69999999999999	0.7105263157894737	0.9069767441860465	gvpa_gvpj_ambiguous	insufficient_competitive_margin	133.2	95.5	natural_heldout	gvpa	0	nat_ca9d4013ee99a3222d42
nat_2ea4868f939df14228bd	2ea4868f939df14228bd1942b33d1d965c02fddbd819aa6644466da282657191	86	pass	58.5	59.0	1.0	gvpj	97.0	gvpa	131.9	-34.900000000000006	0.6578947368421053	0.872093023255814	gvpa_gvpj_ambiguous	insufficient_competitive_margin	131.9	97.0	natural_heldout	gvpa	0	nat_2ea4868f939df14228bd
nat_3dd127a0efcf9a5457c8	3dd127a0efcf9a5457c8aab8bd64b72b607763502880671c1eddc2683defaedd	86	pass	56.2	56.6	1.0	gvpj	96.4	gvpa	133.7	-37.29999999999998	0.7017543859649122	0.8953488372093024	gvpa_gvpj_ambiguous	insufficient_competitive_margin	133.7	96.4	natural_heldout	gvpa	0	nat_3dd127a0efcf9a5457c8
nat_0cf4b83878ac8a432a8c	0cf4b83878ac8a432a8cb15ea998c13ea262e62c0c024b2ffd0c14ed460d91d8	72	pass	61.5	61.8	1.0			gvpa	127.2		0.0	0.0	unsupported	no_qualified_subfamily_hit	127.2	91.4	natural_heldout	gvpa	0	nat_0cf4b83878ac8a432a8c
nat_b5cc1b368bdd05e5035f	b5cc1b368bdd05e5035ffa80dd3cdf0f70b0d08a532c611ec882c9de48229c39	72	pass	60.3	60.7	1.0			gvpa	126.4		0.0	0.0	unsupported	no_qualified_subfamily_hit	126.4	88.9	natural_heldout	gvpa	0	nat_b5cc1b368bdd05e5035f
nat_f3c68da8dba27ecffeaa	f3c68da8dba27ecffeaa1845c5c3adb9482736051e5c46cf94a53e40a70dc08c	72	pass	58.0	58.3	0.9743589743589743	gvpj	88.3	gvpa	120.7	-32.400000000000006	0.6052631578947368	0.9444444444444444	gvpa_gvpj_ambiguous	insufficient_competitive_margin	120.7	88.3	natural_heldout	gvpa	0	nat_f3c68da8dba27ecffeaa
nat_c43002c4a19c5a35a8b0	c43002c4a19c5a35a8b029e2fc1dc44ebe1378e0488626adc1d42d6497ce119e	72	pass	56.0	56.4	1.0			gvpa	123.1		0.0	0.0	unsupported	no_qualified_subfamily_hit	123.1	86.5	natural_heldout	gvpa	0	nat_c43002c4a19c5a35a8b0
nat_06e368ceaac5aa0f9edc	06e368ceaac5aa0f9edcd6c79dcd38e4db1343f1c85fb2646dff9f2875372bb5	72	pass	63.0	63.3	1.0	gvpj	90.5	gvpa	125.5	-35.0	0.6140350877192983	0.9583333333333334	gvpa_gvpj_ambiguous	insufficient_competitive_margin	125.5	90.5	natural_heldout	gvpa	0	nat_06e368ceaac5aa0f9edc
nat_bcfea43f3a708c18a025	bcfea43f3a708c18a0255413c67243da1bbfa1308b55ba40d2e7ee380888f5b3	70	pass	61.3	61.6	1.0	gvpj	93.7	gvpa	128.7	-34.999999999999986	0.6052631578947368	0.9571428571428572	gvpa_gvpj_ambiguous	insufficient_competitive_margin	128.7	93.7	natural_heldout	gvpa	0	nat_bcfea43f3a708c18a025
nat_4274eb9d5d32732dadc5	4274eb9d5d32732dadc50cd4a62ee261fc2f41131c032bb6a31e27426acfe9a3	72	pass	54.4	54.9	1.0			gvpa	124.5		0.0	0.0	unsupported	no_qualified_subfamily_hit	124.5	85.0	natural_heldout	gvpa	0	nat_4274eb9d5d32732dadc5
nat_88ee73fdf0fc427edc71	88ee73fdf0fc427edc719994808470adface4fcba624e7ef2ff2a7cf2013ac58	86	pass	58.0	58.4	1.0	gvpj	97.8	gvpa	134.5	-36.7	0.6578947368421053	0.8604651162790697	gvpa_gvpj_ambiguous	insufficient_competitive_margin	134.5	97.8	natural_heldout	gvpa	0	nat_88ee73fdf0fc427edc71
nat_44075425e280f91869f7	44075425e280f91869f7741a7bc28162c3513fbe4286c8c31cfabf4b92f3c471	86	pass	58.5	58.9	1.0	gvpj	97.2	gvpa	133.7	-36.499999999999986	0.6578947368421053	0.8604651162790697	gvpa_gvpj_ambiguous	insufficient_competitive_margin	133.7	97.2	natural_heldout	gvpa	0	nat_44075425e280f91869f7
nat_2bfd989de859f7b78cc5	2bfd989de859f7b78cc5cdafcbb82e88bba0cc02858c6702a1b7a3cbc8b48a48	72	pass	60.3	60.6	1.0			gvpa	123.2		0.0	0.0	unsupported	no_qualified_subfamily_hit	123.2	86.2	natural_heldout	gvpa	0	nat_2bfd989de859f7b78cc5
nat_bf89f43284d2a11b9302	bf89f43284d2a11b93029904c571f0b75c5c61115d2e3f97cd9453172f114e44	78	pass	58.7	59.1	1.0			gvpa	120.5		0.0	0.0	unsupported	no_qualified_subfamily_hit	120.5	86.0	natural_heldout	gvpa	0	nat_bf89f43284d2a11b9302
nat_a724b9a2188c92ae4680	a724b9a2188c92ae4680c6021e8175febfd068e3e1a36a1e8d79b9987fb1f7ef	86	pass	55.5	55.8	1.0	gvpj	95.7	gvpa	133.7	-37.999999999999986	0.6754385964912281	0.8837209302325582	gvpa_gvpj_ambiguous	insufficient_competitive_margin	133.7	95.7	natural_heldout	gvpa	0	nat_a724b9a2188c92ae4680
nat_0d33e01c516b8fa75a9b	0d33e01c516b8fa75a9bae2c289330a2df1ff698409077a81508e2a1b774b408	72	pass	61.9	62.2	1.0			gvpa	127.1		0.0	0.0	unsupported	no_qualified_subfamily_hit	127.1	91.0	natural_heldout	gvpa	0	nat_0d33e01c516b8fa75a9b
nat_a93e3ba867fc0e432d17	a93e3ba867fc0e432d17b97613e9dae64c4928702c27a2a4ab768499b29c6b65	96	pass	59.1	59.5	1.0	gvpj	94.8	gvpa	131.2	-36.39999999999999	0.6491228070175439	0.7708333333333334	gvpa_gvpj_ambiguous	insufficient_competitive_margin	131.2	94.8	natural_heldout	gvpa	0	nat_a93e3ba867fc0e432d17
nat_08ca607a70bf3998101a	08ca607a70bf3998101a9512eb52b57c1b80e2c13c49a70a6984ed5d0bef0b30	70	pass	58.6	58.9	1.0			gvpa	109.6		0.0	0.0	unsupported	no_qualified_subfamily_hit	109.6	82.4	natural_heldout	gvpa	0	nat_08ca607a70bf3998101a
nat_af18bcf2e4b0e65e7263	af18bcf2e4b0e65e7263498986dac3759cf19b503ad1c9afc56cd94b8d10fd6c	89	pass	59.0	59.3	1.0	gvpj	97.8	gvpa	130.0	-32.2	0.6754385964912281	0.8651685393258427	gvpa_gvpj_ambiguous	insufficient_competitive_margin	130.0	97.8	natural_heldout	gvpa	0	nat_af18bcf2e4b0e65e7263
nat_26e90ce65ed710949c06	26e90ce65ed710949c0616c1d01bf8d9c4da5391309914744ead4c7070782daf	93	pass	48.8	48.8	0.9743589743589743	gvpj	83.5	gvpa	114.5	-31.0	0.6491228070175439	0.7956989247311828	gvpa_gvpj_ambiguous	insufficient_competitive_margin	114.5	83.5	natural_heldout	gvpa	0	nat_26e90ce65ed710949c06
nat_61426f7141080b783b8b	61426f7141080b783b8bad001f76e67d408f7293a1e1dcd5af4fbcc8d86c19a6	87	pass	55.6	56.0	1.0	gvpj	93.1	gvpa	130.8	-37.70000000000002	0.7017543859649122	0.896551724137931	gvpa_gvpj_ambiguous	insufficient_competitive_margin	130.8	93.1	natural_heldout	gvpa	0	nat_61426f7141080b783b8b
nat_0b3996e134f02f495b8f	0b3996e134f02f495b8fa69573a854898b56b7746d5f239e34e570d2416197e1	89	pass	56.5	56.9	1.0	gvpj	99.0	gvpa	135.0	-36.0	0.7368421052631579	0.9325842696629213	gvpa_gvpj_ambiguous	insufficient_competitive_margin	135.0	99.0	natural_heldout	gvpa	0	nat_0b3996e134f02f495b8f
nat_5db4631b2c67ffc9f980	5db4631b2c67ffc9f980f26e5b49807b6cccdced28e9b4e9d9135a7be3675830	84	pass	58.1	58.1	1.0	gvpj	94.4	gvpa	132.2	-37.79999999999998	0.6491228070175439	0.8571428571428571	gvpa_gvpj_ambiguous	insufficient_competitive_margin	132.2	94.4	natural_heldout	gvpa	0	nat_5db4631b2c67ffc9f980
nat_a1aca46bcd6c4b9b05eb	a1aca46bcd6c4b9b05ebac7cfeeab09e2c72a59b78687d8e31b1537e10eeacc4	89	pass	58.4	58.7	1.0	gvpj	99.3	gvpa	135.1	-35.8	0.7105263157894737	0.9101123595505618	gvpa_gvpj_ambiguous	insufficient_competitive_margin	135.1	99.3	natural_heldout	gvpa	0	nat_a1aca46bcd6c4b9b05eb
nat_9f8db13e803cecc901b7	9f8db13e803cecc901b782bc92f7a669b196f8d1559a4f7432d1ca4dfbec22bc	70	pass	60.2	60.6	1.0			gvpa	119.5		0.0	0.0	unsupported	no_qualified_subfamily_hit	119.5	84.9	natural_heldout	gvpa	0	nat_9f8db13e803cecc901b7
nat_57d68f25d5ecc3851016	57d68f25d5ecc38510164ceef8be27a7a2615ede80dd69b925319d40786dbea6	86	pass	54.1	54.5	1.0	gvpj	92.7	gvpa	125.8	-33.099999999999994	0.6140350877192983	0.813953488372093	gvpa_gvpj_ambiguous	insufficient_competitive_margin	125.8	92.7	natural_heldout	gvpa	0	nat_57d68f25d5ecc3851016
nat_bd790502a785bc49c92c	bd790502a785bc49c92c22bfe6be22e078ca2560637cb3de09378ff468ab79ac	86	pass	58.0	58.5	1.0	gvpj	97.7	gvpa	133.9	-36.2	0.6578947368421053	0.872093023255814	gvpa_gvpj_ambiguous	insufficient_competitive_margin	133.9	97.7	natural_heldout	gvpa	0	nat_bd790502a785bc49c92c
nat_245b236a00cae586f79f	245b236a00cae586f79fa63c873914632e120d70515a231486106df4438d0c4a	86	pass	58.5	58.9	1.0	gvpj	96.9	gvpa	132.6	-35.69999999999999	0.7017543859649122	0.9069767441860465	gvpa_gvpj_ambiguous	insufficient_competitive_margin	132.6	96.9	natural_heldout	gvpa	0	nat_245b236a00cae586f79f
nat_063ea39f372fcc47b854	063ea39f372fcc47b8549d3aaffbd563c50edad459e9e6c3bf3095d19d3db631	72	pass	63.1	63.4	1.0	gvpj	91.3	gvpa	125.7	-34.400000000000006	0.6140350877192983	0.9583333333333334	gvpa_gvpj_ambiguous	insufficient_competitive_margin	125.7	91.3	natural_heldout	gvpa	0	nat_063ea39f372fcc47b854
nat_505ccb0a3946a89f0437	505ccb0a3946a89f043772a19b0276f10c34dede49965e1817e861e3000c1cba	70	pass	59.5	59.9	1.0			gvpa	119.3		0.0	0.0	unsupported	no_qualified_subfamily_hit	119.3	84.1	natural_heldout	gvpa	0	nat_505ccb0a3946a89f0437
nat_ab1b4f2c562433c40902	ab1b4f2c562433c40902e605afcc909b32209bdc98e2ca3da60691cbb23d5d67	86	pass	56.7	57.0	1.0	gvpj	97.0	gvpa	133.2	-36.19999999999999	0.6929824561403509	0.872093023255814	gvpa_gvpj_ambiguous	insufficient_competitive_margin	133.2	97.0	natural_heldout	gvpa	0	nat_ab1b4f2c562433c40902
nat_6bbc846fc8bfac59f7c6	6bbc846fc8bfac59f7c6510418290574d1f669840583c3476a2d090d30078eaa	72	pass	59.6	59.9	1.0			gvpa	124.5		0.0	0.0	unsupported	no_qualified_subfamily_hit	124.5	88.7	natural_heldout	gvpa	0	nat_6bbc846fc8bfac59f7c6
nat_34624fdc2470cd5a2bf3	34624fdc2470cd5a2bf34c9a89c60b90e45ccce685c62926947223a291d04faa	74	pass	56.9	57.2	1.0	gvpj	88.3	gvpa	125.2	-36.900000000000006	0.6228070175438597	0.9459459459459459	gvpa_gvpj_ambiguous	insufficient_competitive_margin	125.2	88.3	natural_heldout	gvpa	0	nat_34624fdc2470cd5a2bf3
nat_82d6c5940960b17a96d3	82d6c5940960b17a96d33ed7f30f9166d9ad35f19afddade725c4f4376ab8ed3	72	pass	64.6	64.9	1.0	gvpj	92.5	gvpa	125.7	-33.2	0.6052631578947368	0.9444444444444444	gvpa_gvpj_ambiguous	insufficient_competitive_margin	125.7	92.5	natural_heldout	gvpa	0	nat_82d6c5940960b17a96d3
nat_6d7cf2e541fa269a8a55	6d7cf2e541fa269a8a552305d6f8ffb990af63631ee89181d549a46abaaee09a	89	pass	58.4	58.8	1.0	gvpj	97.9	gvpa	132.3	-34.400000000000006	0.7456140350877193	0.9325842696629213	gvpa_gvpj_ambiguous	insufficient_competitive_margin	132.3	97.9	natural_heldout	gvpa	0	nat_6d7cf2e541fa269a8a55
nat_743c7630acb96591de70	743c7630acb96591de704472d129e2f2d3a0fef7aaa9517e51dadee07e54dd71	71	pass	61.8	62.1	1.0			gvpa	119.2		0.0	0.0	unsupported	no_qualified_subfamily_hit	119.2	85.8	natural_heldout	gvpa	0	nat_743c7630acb96591de70
nat_55e5b08f11099324ee5a	55e5b08f11099324ee5a170e0986524a6fe91326a9aa6f8497f5cc013ed913db	71	pass	57.7	58.0	1.0			gvpa	119.4		0.0	0.0	unsupported	no_qualified_subfamily_hit	119.4	84.7	natural_heldout	gvpa	0	nat_55e5b08f11099324ee5a
nat_1cabf52c370a690f1b57	1cabf52c370a690f1b571a16c38fd94f7cfe2f67c52c7b4844a27cc497acd584	72	pass	61.7	62.1	1.0			gvpa	119.9		0.0	0.0	unsupported	no_qualified_subfamily_hit	119.9	86.1	natural_heldout	gvpa	0	nat_1cabf52c370a690f1b57
nat_d43d1d5ec03e055dcf06	d43d1d5ec03e055dcf06d5715d69b3a4b218fb2526beaf4ce6cd8aff93b974a4	70	pass	59.5	59.9	1.0			gvpa	119.0		0.0	0.0	unsupported	no_qualified_subfamily_hit	119.0	83.8	natural_heldout	gvpa	0	nat_d43d1d5ec03e055dcf06
nat_c72edb773e9a92736861	c72edb773e9a92736861118e86c5922547af44fa7cbfff690dace1f221bd8672	71	pass	60.8	61.2	1.0			gvpa	122.1		0.0	0.0	unsupported	no_qualified_subfamily_hit	122.1	86.8	natural_heldout	gvpa	0	nat_c72edb773e9a92736861
nat_c8ff85651c16b5c02641	c8ff85651c16b5c02641dea13a8c9f6200d4c67afc73ad60421d9105f5bbec37	68	pass	58.8	59.1	1.0			gvpa	120.5		0.0	0.0	unsupported	no_qualified_subfamily_hit	120.5	85.5	natural_heldout	gvpa	0	nat_c8ff85651c16b5c02641
nat_46ac4cba4b1b67d73932	46ac4cba4b1b67d73932515af3f6e57ce887f16631032dadae476a881b1cffd7	87	pass	55.6	56.0	1.0	gvpj	94.9	gvpa	131.5	-36.599999999999994	0.7192982456140351	0.9195402298850575	gvpa_gvpj_ambiguous	insufficient_competitive_margin	131.5	94.9	natural_heldout	gvpa	0	nat_46ac4cba4b1b67d73932
nat_a5d09cc64cdab8bb3676	a5d09cc64cdab8bb36764a8fa45c2c91752e4750fe379252f8a8686b6f344db9	84	pass	57.1	57.5	1.0			gvpa	120.5		0.0	0.0	unsupported	no_qualified_subfamily_hit	120.5	82.4	natural_heldout	gvpa	0	nat_a5d09cc64cdab8bb3676
nat_1e86329db7dd3816b588	1e86329db7dd3816b588b5074c334dd9ae52c66acb3e89031bf3036950390cd3	84	pass	57.1	57.6	1.0			gvpa	121.2		0.0	0.0	unsupported	no_qualified_subfamily_hit	121.2	83.4	natural_heldout	gvpa	0	nat_1e86329db7dd3816b588
nat_a4c92b6223fd059e2236	a4c92b6223fd059e223618fae7fd1ce41bc60d11a0abf53aa7281cc4a11c3fd1	82	pass	58.2	58.5	1.0	gvpj	98.2	gvpa	135.4	-37.2	0.6491228070175439	0.8780487804878049	gvpa_gvpj_ambiguous	insufficient_competitive_margin	135.4	98.2	natural_heldout	gvpa	0	nat_a4c92b6223fd059e2236
nat_6753c4dad3e8314a4fcc	6753c4dad3e8314a4fcc8a56ad7f9df1d852047e8ee1f2806d1f7bf06136455e	88	pass	55.6	55.9	1.0	gvpj	95.2	gvpa	131.8	-36.60000000000001	0.6666666666666666	0.8522727272727273	gvpa_gvpj_ambiguous	insufficient_competitive_margin	131.8	95.2	natural_heldout	gvpa	0	nat_6753c4dad3e8314a4fcc
nat_bc4042a7c10b7bd447bc	bc4042a7c10b7bd447bc10cf0e7b34e62f2678ee2efe846fd1a4965f276fc9bc	86	pass	56.7	57.0	1.0	gvpj	95.4	gvpa	133.1	-37.69999999999999	0.6578947368421053	0.8604651162790697	gvpa_gvpj_ambiguous	insufficient_competitive_margin	133.1	95.4	natural_heldout	gvpa	0	nat_bc4042a7c10b7bd447bc
nat_6a2cd3b9036aebd5361b	6a2cd3b9036aebd5361b170c7cb4ada1ca6ad2c2bf6f59ce42e84ec32692ef68	91	pass	59.7	60.1	1.0	gvpj	94.9	gvpa	130.7	-35.79999999999998	0.6666666666666666	0.8351648351648352	gvpa_gvpj_ambiguous	insufficient_competitive_margin	130.7	94.9	natural_heldout	gvpa	0	nat_6a2cd3b9036aebd5361b
nat_c4f90ad7ed7605569245	c4f90ad7ed7605569245466a78d6cacf132910de853f538fcb5455e24f64846f	86	pass	58.0	58.5	1.0	gvpj	97.9	gvpa	133.8	-35.900000000000006	0.6578947368421053	0.872093023255814	gvpa_gvpj_ambiguous	insufficient_competitive_margin	133.8	97.9	natural_heldout	gvpa	0	nat_c4f90ad7ed7605569245
nat_7d765791e125072d99a7	7d765791e125072d99a7ca1c73f9240339ae4a7f749cd0979129744541c4a65a	68	pass	58.1	58.5	1.0			gvpa	121.8		0.0	0.0	unsupported	no_qualified_subfamily_hit	121.8	83.5	natural_heldout	gvpa	0	nat_7d765791e125072d99a7
nat_9bc7ff063d928dbcb919	9bc7ff063d928dbcb9195c75a1dc4195393661df207bc297ccedbfddf3dda716	71	pass	61.6	61.9	1.0	gvpj	92.4	gvpa	128.1	-35.69999999999999	0.6052631578947368	0.9436619718309859	gvpa_gvpj_ambiguous	insufficient_competitive_margin	128.1	92.4	natural_heldout	gvpa	0	nat_9bc7ff063d928dbcb919
nat_2db5ea05deb082340e79	2db5ea05deb082340e798dcbb54d021ddfc5aad940791b9612fe65a7e726f098	87	pass	56.2	56.6	1.0	gvpj	93.4	gvpa	128.4	-35.0	0.6491228070175439	0.8735632183908046	gvpa_gvpj_ambiguous	insufficient_competitive_margin	128.4	93.4	natural_heldout	gvpa	0	nat_2db5ea05deb082340e79
nat_d6f636dc4849c3ad6e3a	d6f636dc4849c3ad6e3a58c7b0ef91a1ea0fbcc31a5257f2b09eec7527ec1947	71	pass	60.6	61.0	1.0			gvpa	122.6		0.0	0.0	unsupported	no_qualified_subfamily_hit	122.6	87.9	natural_heldout	gvpa	0	nat_d6f636dc4849c3ad6e3a
nat_b06d430fdaaa1079895b	b06d430fdaaa1079895b90414dcee1412655c8233aae0405582a5fa156014994	72	pass	62.9	63.4	1.0			gvpa	126.6		0.0	0.0	unsupported	no_qualified_subfamily_hit	126.6	90.8	natural_heldout	gvpa	0	nat_b06d430fdaaa1079895b
nat_6b39f5a7fb6bca78b4de	6b39f5a7fb6bca78b4de78848a0590c9ba9381a0596c3f500d9bf9a9db38751f	68	pass	57.3	57.7	1.0			gvpa	117.7		0.0	0.0	unsupported	no_qualified_subfamily_hit	117.7	84.3	natural_heldout	gvpa	0	nat_6b39f5a7fb6bca78b4de
nat_5de637450d4d853bfeda	5de637450d4d853bfedabcfee0dd79695d17f9027039e6d680b7e752c77448e4	96	pass	58.2	58.6	1.0	gvpj	98.2	gvpa	133.1	-34.89999999999999	0.7280701754385965	0.8958333333333334	gvpa_gvpj_ambiguous	insufficient_competitive_margin	133.1	98.2	natural_heldout	gvpa	0	nat_5de637450d4d853bfeda
nat_e1d36a7c3cd6d18fbd5a	e1d36a7c3cd6d18fbd5a85b84a2a50c48d78ec9f5cae9311981556a64b402ca8	86	pass	58.5	59.0	1.0	gvpj	96.3	gvpa	131.0	-34.7	0.6228070175438597	0.8372093023255814	gvpa_gvpj_ambiguous	insufficient_competitive_margin	131.0	96.3	natural_heldout	gvpa	0	nat_e1d36a7c3cd6d18fbd5a
nat_87980263fe69edba4368	87980263fe69edba436828ec3f666868f308140bdf4e6a975cd1d9398dbcfa9c	72	pass	59.7	60.0	1.0			gvpa	122.5		0.0	0.0	unsupported	no_qualified_subfamily_hit	122.5	88.3	natural_heldout	gvpa	0	nat_87980263fe69edba4368
nat_2b6afdfba96a597935ac	2b6afdfba96a597935ac7684cba1e7994395c11de3a84bc89adf12c97282e85a	86	pass	58.0	58.4	1.0	gvpj	97.2	gvpa	133.6	-36.39999999999999	0.6578947368421053	0.8604651162790697	gvpa_gvpj_ambiguous	insufficient_competitive_margin	133.6	97.2	natural_heldout	gvpa	0	nat_2b6afdfba96a597935ac
nat_e63cda87ab2705e419ab	e63cda87ab2705e419abd9ae6003b712d87407fc8def307fca8b29e9df629994	85	pass	55.5	55.9	1.0	gvpj	95.3	gvpa	132.5	-37.2	0.6578947368421053	0.8823529411764706	gvpa_gvpj_ambiguous	insufficient_competitive_margin	132.5	95.3	natural_heldout	gvpa	0	nat_e63cda87ab2705e419ab
nat_f39b437ab8564f78da8d	f39b437ab8564f78da8d7b746d8ce9d5a40c44ea147d2464a4723f4a60d3c446	86	pass	55.7	56.1	1.0	gvpj	94.6	gvpa	131.2	-36.599999999999994	0.6578947368421053	0.8604651162790697	gvpa_gvpj_ambiguous	insufficient_competitive_margin	131.2	94.6	natural_heldout	gvpa	0	nat_f39b437ab8564f78da8d
nat_5531343a7a7ecf79ad55	5531343a7a7ecf79ad55db9ca51e2ec58b7248423070d730fbb242c095de6142	72	pass	64.5	64.8	1.0	gvpj	92.8	gvpa	121.7	-28.900000000000006	0.6140350877192983	0.9583333333333334	gvpa_gvpj_ambiguous	insufficient_competitive_margin	121.7	92.8	natural_heldout	gvpa	0	nat_5531343a7a7ecf79ad55
nat_1f4f50f1349e137c7f32	1f4f50f1349e137c7f3208f16caa01bdad2970714663a63d2c93485d175437c7	71	pass	59.4	59.8	1.0			gvpa	123.4		0.0	0.0	unsupported	no_qualified_subfamily_hit	123.4	85.9	natural_heldout	gvpa	0	nat_1f4f50f1349e137c7f32
nat_5ff91e8d3cfc9ac60d0d	5ff91e8d3cfc9ac60d0da6d4bff769a4c4cef44d9e8b9d3dac677e2e966ed6fa	72	pass	54.6	54.9	1.0			gvpa	120.0		0.0	0.0	unsupported	no_qualified_subfamily_hit	120.0	84.4	natural_heldout	gvpa	0	nat_5ff91e8d3cfc9ac60d0d
nat_02e83ad46b86e8eaf5e7	02e83ad46b86e8eaf5e72ac58980deb955c9923ecc5f393c34d6bbb46caacfd4	70	pass	59.7	60.0	1.0			gvpa	111.8		0.0	0.0	unsupported	no_qualified_subfamily_hit	111.8	85.6	natural_heldout	gvpa	0	nat_02e83ad46b86e8eaf5e7
nat_b07305ca6f722d02988a	b07305ca6f722d02988a3d0c756feb0815d3b6a95c9e62b3013a423b137a8b56	71	pass	56.1	56.5	1.0			gvpa	117.5		0.0	0.0	unsupported	no_qualified_subfamily_hit	117.5	83.1	natural_heldout	gvpa	0	nat_b07305ca6f722d02988a
nat_a2b40c981456774b6e29	a2b40c981456774b6e29756894bbc27182fa3b0b77e5d636b4032ab626568ac2	74	pass	54.0	54.4	1.0			gvpa	115.0		0.0	0.0	unsupported	no_qualified_subfamily_hit	115.0	82.1	natural_heldout	gvpa	0	nat_a2b40c981456774b6e29
nat_e9d01ae6175270dee0d8	e9d01ae6175270dee0d811da043d2703afeb63591e014fc1d0393f88a8a40595	74	pass	54.2	54.5	1.0			gvpa	114.8		0.0	0.0	unsupported	no_qualified_subfamily_hit	114.8	82.7	natural_heldout	gvpa	0	nat_e9d01ae6175270dee0d8
nat_0c171934ecf7b20bfbc9	0c171934ecf7b20bfbc9176c35ddda62ffda0e781c2c91e76cbb4789a85d1ced	93	pass	61.1	61.5	1.0	gvpj	96.8	gvpa	130.9	-34.10000000000001	0.6491228070175439	0.7956989247311828	gvpa_gvpj_ambiguous	insufficient_competitive_margin	130.9	96.8	natural_heldout	gvpa	0	nat_0c171934ecf7b20bfbc9
nat_7017fbd8c94374540f0f	7017fbd8c94374540f0f5a45f5801347ea8c5d0c19d9a5624dae9c0ba43c8045	88	pass	58.5	58.8	1.0	gvpj	97.6	gvpa	131.3	-33.70000000000002	0.7368421052631579	0.9318181818181818	gvpa_gvpj_ambiguous	insufficient_competitive_margin	131.3	97.6	natural_heldout	gvpa	0	nat_7017fbd8c94374540f0f
nat_8ff951966677ada5d69f	8ff951966677ada5d69fa598dcdc8d21b160b6ad3a83f4e1ee63c48bff00c9d0	72	pass	60.3	60.7	1.0			gvpa	125.9		0.0	0.0	unsupported	no_qualified_subfamily_hit	125.9	89.3	natural_heldout	gvpa	0	nat_8ff951966677ada5d69f
nat_4d804d42d3d08ccd0ad2	4d804d42d3d08ccd0ad281fc359b16b7c18295c0dcd886d9acc9487ddd5c257b	86	pass	56.2	56.6	1.0	gvpj	90.5	gvpa	127.0	-36.5	0.7105263157894737	0.9069767441860465	gvpa_gvpj_ambiguous	insufficient_competitive_margin	127.0	90.5	natural_heldout	gvpa	0	nat_4d804d42d3d08ccd0ad2
nat_ec71caa9aa98b279110d	ec71caa9aa98b279110db7eeddea67df583cf49a79c0c0cbc92692cecd56f8a7	84	pass	58.1	58.4	1.0	gvpj	97.9	gvpa	134.5	-36.599999999999994	0.6578947368421053	0.8809523809523809	gvpa_gvpj_ambiguous	insufficient_competitive_margin	134.5	97.9	natural_heldout	gvpa	0	nat_ec71caa9aa98b279110d
nat_487f5518a6cfaf0b0b75	487f5518a6cfaf0b0b759aa3f1c0c33eb60a885f4eea64b108da092081b51d67	91	pass	61.1	61.5	1.0	gvpj	96.0	gvpa	129.9	-33.900000000000006	0.6403508771929824	0.8241758241758241	gvpa_gvpj_ambiguous	insufficient_competitive_margin	129.9	96.0	natural_heldout	gvpa	0	nat_487f5518a6cfaf0b0b75
nat_8d6274f78693091697cf	8d6274f78693091697cf066d860d6107e0284d36ff784ac52e8bdd59f203229b	70	pass	61.0	61.4	1.0			gvpa	122.2		0.0	0.0	unsupported	no_qualified_subfamily_hit	122.2	85.3	natural_heldout	gvpa	0	nat_8d6274f78693091697cf
nat_b409898218d5081ec434	b409898218d5081ec4342fccc5a0fff74fb9537ef871cae59901bbc285aa9a0d	72	pass	60.2	60.5	1.0	gvpj	90.5	gvpa	123.5	-33.0	0.6052631578947368	0.9444444444444444	gvpa_gvpj_ambiguous	insufficient_competitive_margin	123.5	90.5	natural_heldout	gvpa	0	nat_b409898218d5081ec434
nat_0cff47cd0a85e1de37e0	0cff47cd0a85e1de37e0ecd86f2547117aedabb101c8e97eb486ebb51c831023	71	pass	59.5	59.8	1.0			gvpa	128.6		0.0	0.0	unsupported	no_qualified_subfamily_hit	128.6	91.1	natural_heldout	gvpa	0	nat_0cff47cd0a85e1de37e0
nat_c95ec1b2f7e46d479f0b	c95ec1b2f7e46d479f0b7badb82434afd4e1a2e4219d526149e245a2c5401427	72	pass	60.5	60.9	1.0			gvpa	121.5		0.0	0.0	unsupported	no_qualified_subfamily_hit	121.5	86.2	natural_heldout	gvpa	0	nat_c95ec1b2f7e46d479f0b
nat_f73e9b648178e6df8c6a	f73e9b648178e6df8c6ae1b7975c7f6bb8865bfd92edda8674be445474a5a5d0	72	pass	61.5	62.0	1.0			gvpa	126.2		0.0	0.0	unsupported	no_qualified_subfamily_hit	126.2	90.4	natural_heldout	gvpa	0	nat_f73e9b648178e6df8c6a
nat_e60de74ad1cb6abf6e34	e60de74ad1cb6abf6e3404dddf86e68bc076c53dbe08eaaf49c115452622d584	86	pass	55.5	55.8	1.0	gvpj	93.0	gvpa	131.0	-38.0	0.6578947368421053	0.872093023255814	gvpa_gvpj_ambiguous	insufficient_competitive_margin	131.0	93.0	natural_heldout	gvpa	0	nat_e60de74ad1cb6abf6e34
nat_9d924853eeaeacd8d676	9d924853eeaeacd8d6769acf65a9a563bcbe4118b6939ea63b43e53ca6cd0cf0	88	pass	51.7	52.1	0.9743589743589743	gvpj	95.5	gvpa	129.1	-33.599999999999994	0.6403508771929824	0.8409090909090909	gvpa_gvpj_ambiguous	insufficient_competitive_margin	129.1	95.5	natural_heldout	gvpa	0	nat_9d924853eeaeacd8d676
nat_ad033982fcb9c7e260ad	ad033982fcb9c7e260ad2d157d65540ca5e5755820ba8a6e97491d70353f794b	72	pass	60.8	61.2	1.0			gvpa	126.5		0.0	0.0	unsupported	no_qualified_subfamily_hit	126.5	89.7	natural_heldout	gvpa	0	nat_ad033982fcb9c7e260ad
nat_68925098711d386795ce	68925098711d386795ce552257730b7156e2f452edf3c2911a981f538ea82177	96	pass	59.1	59.5	1.0	gvpj	94.6	gvpa	131.2	-36.599999999999994	0.6842105263157895	0.8125	gvpa_gvpj_ambiguous	insufficient_competitive_margin	131.2	94.6	natural_heldout	gvpa	0	nat_68925098711d386795ce
nat_1bae8aa5c69e1d4931dd	1bae8aa5c69e1d4931dd74badaf3df348d80033e5d43b1989f61d5c7b6ee95e3	72	pass	61.9	62.3	1.0			gvpa	128.1		0.0	0.0	unsupported	no_qualified_subfamily_hit	128.1	90.5	natural_heldout	gvpa	0	nat_1bae8aa5c69e1d4931dd
nat_b39131acb6e4086319d0	b39131acb6e4086319d0c03c602fb7cf5d26620142fdeef57aa6f68352c03653	72	pass	61.2	61.5	1.0			gvpa	127.3		0.0	0.0	unsupported	no_qualified_subfamily_hit	127.3	91.4	natural_heldout	gvpa	0	nat_b39131acb6e4086319d0
nat_c69f9a6b4253e4d6089f	c69f9a6b4253e4d6089f33106133a158408665e78a978f99dedcd93f78389254	70	pass	59.6	59.9	1.0	gvpj	91.1	gvpa	128.3	-37.20000000000002	0.6052631578947368	0.9571428571428572	gvpa_gvpj_ambiguous	insufficient_competitive_margin	128.3	91.1	natural_heldout	gvpa	0	nat_c69f9a6b4253e4d6089f
nat_c9bd062078459f510060	c9bd062078459f51006074f80a50badc1adb85ee5c75397b239f22deb218ec7f	87	pass	53.9	54.3	1.0	gvpj	96.7	gvpa	133.8	-37.10000000000001	0.6578947368421053	0.8505747126436781	gvpa_gvpj_ambiguous	insufficient_competitive_margin	133.8	96.7	natural_heldout	gvpa	0	nat_c9bd062078459f510060
nat_8d61c399409b4395f3c5	8d61c399409b4395f3c50202fad06f3a8bd9f53aad013234d59976588dcf30eb	84	pass	58.1	58.5	1.0	gvpj	97.2	gvpa	133.4	-36.2	0.6578947368421053	0.8809523809523809	gvpa_gvpj_ambiguous	insufficient_competitive_margin	133.4	97.2	natural_heldout	gvpa	0	nat_8d61c399409b4395f3c5
nat_9194534fce73964474e0	9194534fce73964474e054c47d2eff8967d8a9c8219193e22273cef7134ec1ad	86	pass	58.5	58.9	1.0	gvpj	98.5	gvpa	134.2	-35.69999999999999	0.7017543859649122	0.9186046511627907	gvpa_gvpj_ambiguous	insufficient_competitive_margin	134.2	98.5	natural_heldout	gvpa	0	nat_9194534fce73964474e0
nat_2ffb0e155508e140dfbe	2ffb0e155508e140dfbeff5102d4c111dbe2f569e0b9c468015adecec403b793	86	pass	55.9	56.3	1.0	gvpj	97.3	gvpa	134.0	-36.7	0.6842105263157895	0.8953488372093024	gvpa_gvpj_ambiguous	insufficient_competitive_margin	134.0	97.3	natural_heldout	gvpa	0	nat_2ffb0e155508e140dfbe
nat_a43bb7e6a797bf21e3c8	a43bb7e6a797bf21e3c86ece60214d70c2b4cace0e3b15223b19cc282979d5f0	71	pass	59.2	59.4	1.0	gvpj	91.6	gvpa	128.6	-37.0	0.6052631578947368	0.9436619718309859	gvpa_gvpj_ambiguous	insufficient_competitive_margin	128.6	91.6	natural_heldout	gvpa	0	nat_a43bb7e6a797bf21e3c8
nat_33d41a075d0d8538e4c6	33d41a075d0d8538e4c6c4e7fefd46ec59806251fa948a5afefa3d6835285f94	71	pass	59.5	59.8	1.0	gvpj	91.2	gvpa	127.8	-36.599999999999994	0.6052631578947368	0.9436619718309859	gvpa_gvpj_ambiguous	insufficient_competitive_margin	127.8	91.2	natural_heldout	gvpa	0	nat_33d41a075d0d8538e4c6
nat_47d50311ddb9a7300429	47d50311ddb9a730042959889883933677e0dc116b42edc5b10ac81dbe0dd16f	87	pass	48.1	48.1	1.0	gvpj	77.5	gvpa	115.9	-38.400000000000006	0.6052631578947368	0.8045977011494253	gvpa_gvpj_ambiguous	insufficient_competitive_margin	115.9	77.5	natural_heldout	gvpa	0	nat_47d50311ddb9a7300429
nat_ddd28b4f0183c6c3a6e1	ddd28b4f0183c6c3a6e1f627f4ba7913059a06e6f7955ec67b16a218628ff1d1	86	pass	56.7	57.0	1.0	gvpj	97.9	gvpa	133.8	-35.900000000000006	0.7105263157894737	0.9069767441860465	gvpa_gvpj_ambiguous	insufficient_competitive_margin	133.8	97.9	natural_heldout	gvpa	0	nat_ddd28b4f0183c6c3a6e1
nat_7e786e62d646d83c83d5	7e786e62d646d83c83d55d13f4e6e86113e563070518676d7a501e897dbac5a7	86	pass	54.1	54.5	1.0	gvpj	92.2	gvpa	125.6	-33.39999999999999	0.6140350877192983	0.813953488372093	gvpa_gvpj_ambiguous	insufficient_competitive_margin	125.6	92.2	natural_heldout	gvpa	0	nat_7e786e62d646d83c83d5
nat_0426b81b0cae1e176d21	0426b81b0cae1e176d21e1cfe18496d8087527924ed56155d166d600b676f15e	86	pass	53.6	53.9	1.0	gvpj	94.5	gvpa	131.8	-37.30000000000001	0.6491228070175439	0.8372093023255814	gvpa_gvpj_ambiguous	insufficient_competitive_margin	131.8	94.5	natural_heldout	gvpa	0	nat_0426b81b0cae1e176d21
nat_956601650d2d23245a8b	956601650d2d23245a8b2f9b4cd73ff2dbc308d3bafe51647fd246bf1f7c7ea7	72	pass	60.8	61.1	1.0			gvpa	123.4		0.0	0.0	unsupported	no_qualified_subfamily_hit	123.4	87.8	natural_heldout	gvpa	0	nat_956601650d2d23245a8b
nat_c277f769aaa81aaf7242	c277f769aaa81aaf72429438ee690fcac7a0d61a596ebae1accff378366148d9	87	pass	56.6	57.0	1.0	gvpj	95.8	gvpa	132.1	-36.3	0.6842105263157895	0.9080459770114943	gvpa_gvpj_ambiguous	insufficient_competitive_margin	132.1	95.8	natural_heldout	gvpa	0	nat_c277f769aaa81aaf7242
nat_91bed3979bc3e4336571	91bed3979bc3e4336571f4777fdc970add38d222ade8ef0f579bd78d1660a8a9	71	pass	58.9	59.2	1.0	gvpj	91.4	gvpa	127.2	-35.8	0.6052631578947368	0.9436619718309859	gvpa_gvpj_ambiguous	insufficient_competitive_margin	127.2	91.4	natural_heldout	gvpa	0	nat_91bed3979bc3e4336571
nat_6d22046d840b353d0c87	6d22046d840b353d0c87926696465f050b762778c37bd635b2e75274bc73567b	84	pass	58.1	58.7	1.0	gvpj	95.1	gvpa	132.6	-37.5	0.6578947368421053	0.8928571428571429	gvpa_gvpj_ambiguous	insufficient_competitive_margin	132.6	95.1	natural_heldout	gvpa	0	nat_6d22046d840b353d0c87
nat_3d07312c83e7c32af7ba	3d07312c83e7c32af7baa33d8bd0726c3b2d5f857b0b55954222ef855340281e	87	pass	54.6	55.0	1.0	gvpj	95.1	gvpa	131.8	-36.70000000000002	0.6929824561403509	0.8735632183908046	gvpa_gvpj_ambiguous	insufficient_competitive_margin	131.8	95.1	natural_heldout	gvpa	0	nat_3d07312c83e7c32af7ba
nat_633e02862eb6da44de6e	633e02862eb6da44de6ed37670aedbab2bedaff2a5826c4d88d0ce70e8b88315	85	pass	54.3	54.6	1.0	gvpj	95.3	gvpa	132.7	-37.39999999999999	0.6578947368421053	0.8705882352941177	gvpa_gvpj_ambiguous	insufficient_competitive_margin	132.7	95.3	natural_heldout	gvpa	0	nat_633e02862eb6da44de6e
nat_edb3955be5268406dd34	edb3955be5268406dd349fd2bc4c929d33afad48158e2958fc4ae2b8b2a1bbf8	84	pass	58.4	59.0	1.0	gvpj	94.7	gvpa	131.7	-36.999999999999986	0.6578947368421053	0.8928571428571429	gvpa_gvpj_ambiguous	insufficient_competitive_margin	131.7	94.7	natural_heldout	gvpa	0	nat_edb3955be5268406dd34
nat_0971f3debca181ebc092	0971f3debca181ebc092ad0087778ded116e160fc284c2275f0957fe7638c117	86	pass	58.5	59.0	1.0	gvpj	96.4	gvpa	131.2	-34.79999999999998	0.6578947368421053	0.872093023255814	gvpa_gvpj_ambiguous	insufficient_competitive_margin	131.2	96.4	natural_heldout	gvpa	0	nat_0971f3debca181ebc092
nat_d426ca8e332bfceab95d	d426ca8e332bfceab95d4ba02699f3acc0ddfae6efa5b77bff2a977172221583	81	pass	59.0	59.3	1.0	gvpj	96.3	gvpa	133.1	-36.8	0.6578947368421053	0.9135802469135802	gvpa_gvpj_ambiguous	insufficient_competitive_margin	133.1	96.3	natural_heldout	gvpa	0	nat_d426ca8e332bfceab95d
nat_83cf4bae954290aa781d	83cf4bae954290aa781d919a49879399b8f8f6215eafe44d5ab3358539071424	71	pass	59.7	59.9	1.0	gvpj	92.5	gvpa	127.7	-35.2	0.6052631578947368	0.9436619718309859	gvpa_gvpj_ambiguous	insufficient_competitive_margin	127.7	92.5	natural_heldout	gvpa	0	nat_83cf4bae954290aa781d
nat_a168f392bb4965ee81a4	a168f392bb4965ee81a431dba31382cd84f231f3a07fe5719d08fe6dc367f7ac	85	pass	54.3	54.6	1.0	gvpj	95.2	gvpa	132.2	-36.999999999999986	0.6578947368421053	0.8705882352941177	gvpa_gvpj_ambiguous	insufficient_competitive_margin	132.2	95.2	natural_heldout	gvpa	0	nat_a168f392bb4965ee81a4
nat_fcb1203cd7b1290f06c7	fcb1203cd7b1290f06c7eee832d38d2753324a3561a148b06d5fe68ca594ccd7	72	pass	60.9	61.3	1.0			gvpa	124.3		0.0	0.0	unsupported	no_qualified_subfamily_hit	124.3	89.1	natural_heldout	gvpa	0	nat_fcb1203cd7b1290f06c7
nat_39abeace88875ff60285	39abeace88875ff602858f6d534b371a19590c1d4980894f79c4fcdd932b84ba	86	pass	58.0	58.4	1.0	gvpj	99.6	gvpa	134.7	-35.099999999999994	0.6578947368421053	0.872093023255814	gvpa_gvpj_ambiguous	insufficient_competitive_margin	134.7	99.6	natural_heldout	gvpa	0	nat_39abeace88875ff60285
nat_12dabeef25e15f66b8b5	12dabeef25e15f66b8b51cb9ef06884d5805b388789811193845b365ad2cf93c	72	pass	56.5	56.9	1.0			gvpa	125.3		0.0	0.0	unsupported	no_qualified_subfamily_hit	125.3	88.5	natural_heldout	gvpa	0	nat_12dabeef25e15f66b8b5
nat_1e4bdf662135756f269c	1e4bdf662135756f269c750686d6fb14c3f869900dc253ed6b287432cc0987f7	86	pass	58.0	58.4	1.0	gvpj	99.0	gvpa	133.9	-34.900000000000006	0.6578947368421053	0.8604651162790697	gvpa_gvpj_ambiguous	insufficient_competitive_margin	133.9	99.0	natural_heldout	gvpa	0	nat_1e4bdf662135756f269c
nat_d5a9f8a6d8ef07026219	d5a9f8a6d8ef070262196442cf709a94c96f95af2210cea7ee39955731d20d86	72	pass	61.6	62.0	1.0			gvpa	127.0		0.0	0.0	unsupported	no_qualified_subfamily_hit	127.0	90.5	natural_heldout	gvpa	0	nat_d5a9f8a6d8ef07026219
nat_43f6e7e097fbcc058a96	43f6e7e097fbcc058a96545cd9e127c321381c2c301463b5d55b5aa6dd1827f3	96	pass	59.1	59.4	1.0	gvpj	96.5	gvpa	131.8	-35.30000000000001	0.7017543859649122	0.8333333333333334	gvpa_gvpj_ambiguous	insufficient_competitive_margin	131.8	96.5	natural_heldout	gvpa	0	nat_43f6e7e097fbcc058a96
nat_10462c8aed9b62ff76a8	10462c8aed9b62ff76a8f214cd8dbedfbb0d16393691802e5c80fc865bb2da2f	93	pass	51.7	51.7	1.0	gvpj	85.3	gvpa	116.2	-30.900000000000006	0.631578947368421	0.7741935483870968	gvpa_gvpj_ambiguous	insufficient_competitive_margin	116.2	85.3	natural_heldout	gvpa	0	nat_10462c8aed9b62ff76a8
nat_40a2221d15252edb050f	40a2221d15252edb050f337e812a0a0e82030bda075c5de81cab5b24cbf54425	88	pass	58.0	58.3	1.0	gvpj	98.4	gvpa	134.7	-36.29999999999998	0.6929824561403509	0.8863636363636364	gvpa_gvpj_ambiguous	insufficient_competitive_margin	134.7	98.4	natural_heldout	gvpa	0	nat_40a2221d15252edb050f
nat_70ad50650b15b30241b4	70ad50650b15b30241b46f6465ff33574b09f8ff6e2d85eacace07ebbdbb4b4c	96	pass	58.8	59.2	1.0	gvpa	134.5	gvpj	98.0	36.5	0.6642335766423357	0.9270833333333334	supported_gvpa	pf00741_and_competitive_gvpa_support	134.5	98.0	natural_heldout	gvpa	0	nat_70ad50650b15b30241b4
nat_4257786c6e5cbd18c379	4257786c6e5cbd18c379edb255634f13210a3a0858aa78dec286def01406e13b	80	pass	59.4	59.7	1.0	gvpj	94.6	gvpa	128.1	-33.5	0.6403508771929824	0.8875	gvpa_gvpj_ambiguous	insufficient_competitive_margin	128.1	94.6	natural_heldout	gvpa	0	nat_4257786c6e5cbd18c379
nat_9246ded62fef238baf63	9246ded62fef238baf63231483e047bdc014a8a22dd10e95f7999ab152e2ce4c	72	pass	62.7	63.1	1.0			gvpa	126.4		0.0	0.0	unsupported	no_qualified_subfamily_hit	126.4	91.1	natural_heldout	gvpa	0	nat_9246ded62fef238baf63
nat_04c114f840f1c4058ea6	04c114f840f1c4058ea6e9f14c3b7e8691408d35ff5ff449b3f20f8b9054d6e9	86	pass	58.0	58.4	1.0	gvpj	98.7	gvpa	135.1	-36.39999999999999	0.6842105263157895	0.8953488372093024	gvpa_gvpj_ambiguous	insufficient_competitive_margin	135.1	98.7	natural_heldout	gvpa	0	nat_04c114f840f1c4058ea6
nat_3534b37db97896c62b78	3534b37db97896c62b78885ef38a4ed0f4a24acb60b22c166f7f3229d40dc68c	72	pass	61.7	62.0	1.0			gvpa	124.0		0.0	0.0	unsupported	no_qualified_subfamily_hit	124.0	90.4	natural_heldout	gvpa	0	nat_3534b37db97896c62b78
nat_f4b103f437e4c6a24ac0	f4b103f437e4c6a24ac0e6c90a00473a407fc0fe7e07cbcdde8753d9bda915e0	74	pass	52.1	52.5	0.9743589743589743			gvpa	118.2		0.0	0.0	unsupported	no_qualified_subfamily_hit	118.2	84.2	natural_heldout	gvpa	0	nat_f4b103f437e4c6a24ac0
nat_2c2604728bdef8750aec	2c2604728bdef8750aecca71c68dd7345cd16ca9f3492c8d41790bc4ba9d256c	72	pass	63.2	63.5	1.0	gvpj	91.7	gvpa	125.5	-33.8	0.6140350877192983	0.9583333333333334	gvpa_gvpj_ambiguous	insufficient_competitive_margin	125.5	91.7	natural_heldout	gvpa	0	nat_2c2604728bdef8750aec
nat_37dd3e43f991da44762e	37dd3e43f991da44762eda1fc03a12cfd6611a4c5b2529fd84cdc0a6c48db876	72	pass	60.1	60.4	1.0			gvpa	122.4		0.0	0.0	unsupported	no_qualified_subfamily_hit	122.4	88.0	natural_heldout	gvpa	0	nat_37dd3e43f991da44762e
nat_b0f89cfe92498f0bbfbc	b0f89cfe92498f0bbfbcd0093025ea5362a09020df0c6ccda90ebcbd25c82772	72	pass	64.6	64.9	1.0	gvpj	93.1	gvpa	125.8	-32.7	0.6140350877192983	0.9583333333333334	gvpa_gvpj_ambiguous	insufficient_competitive_margin	125.8	93.1	natural_heldout	gvpa	0	nat_b0f89cfe92498f0bbfbc
nat_f2015767f86fd10eb826	f2015767f86fd10eb8269a208b2cbd9b7cbd3f431a958a88b44a851664a82136	72	pass	62.0	62.3	1.0			gvpa	125.4		0.0	0.0	unsupported	no_qualified_subfamily_hit	125.4	91.7	natural_heldout	gvpa	0	nat_f2015767f86fd10eb826
nat_0bd3626b9a4c7329ae70	0bd3626b9a4c7329ae705733a82bc637c4e56a457107b06dace9e1adc430622c	72	pass	64.3	64.7	1.0	gvpj	92.4	gvpa	123.6	-31.19999999999999	0.6140350877192983	0.9583333333333334	gvpa_gvpj_ambiguous	insufficient_competitive_margin	123.6	92.4	natural_heldout	gvpa	0	nat_0bd3626b9a4c7329ae70
nat_2b00e8b222b28090ae59	2b00e8b222b28090ae59aa4d09e406e2ae1415ac06de4391fa8479d2afafdf02	72	pass	63.6	63.9	1.0	gvpj	91.3	gvpa	122.8	-31.5	0.6140350877192983	0.9583333333333334	gvpa_gvpj_ambiguous	insufficient_competitive_margin	122.8	91.3	natural_heldout	gvpa	0	nat_2b00e8b222b28090ae59
nat_9f00e82557108118047d	9f00e82557108118047d7aa5c459901d325bb26517ac7d3f3ad30cb10081a05a	71	pass	61.6	61.9	1.0			gvpa	127.3		0.0	0.0	unsupported	no_qualified_subfamily_hit	127.3	91.8	natural_heldout	gvpa	0	nat_9f00e82557108118047d
nat_183f7c25f0bd175da05b	183f7c25f0bd175da05b2e89e1953e3d47fd199450e2d37264e0f73ade5688e2	71	pass	61.6	61.9	1.0	gvpj	93.4	gvpa	128.1	-34.69999999999999	0.6052631578947368	0.9436619718309859	gvpa_gvpj_ambiguous	insufficient_competitive_margin	128.1	93.4	natural_heldout	gvpa	0	nat_183f7c25f0bd175da05b
nat_2ae1a088ad5073788376	2ae1a088ad5073788376e3f0ffee2fbd9a6cfbf7ccadb2c78762018e5405b300	72	pass	60.3	60.7	1.0			gvpa	126.8		0.0	0.0	unsupported	no_qualified_subfamily_hit	126.8	89.1	natural_heldout	gvpa	0	nat_2ae1a088ad5073788376
nat_b62ae18b3dfeec027170	b62ae18b3dfeec027170bd63f41ce77513e12ccca76b093f76d07368756dc390	71	pass	61.2	61.6	1.0			gvpa	125.2		0.0	0.0	unsupported	no_qualified_subfamily_hit	125.2	88.1	natural_heldout	gvpa	0	nat_b62ae18b3dfeec027170
nat_97a7f6a002cd984f87b1	97a7f6a002cd984f87b1f1644300f4af963beddf3b4cf9f83f41584445a9d102	72	pass	63.3	63.7	1.0			gvpa	125.6		0.0	0.0	unsupported	no_qualified_subfamily_hit	125.6	90.6	natural_heldout	gvpa	0	nat_97a7f6a002cd984f87b1
nat_8b0ebfde7cff54503a90	8b0ebfde7cff54503a9090e672c63a888ebe9c83c6cd89fcf119e691ae16fccb	72	pass	57.2	57.5	1.0			gvpa	126.3		0.0	0.0	unsupported	no_qualified_subfamily_hit	126.3	90.3	natural_heldout	gvpa	0	nat_8b0ebfde7cff54503a90
nat_e4530a471497a647eef2	e4530a471497a647eef21f92f9c50626148b65fbacae7b18cec4b118bdc7630c	71	pass	61.3	61.6	1.0	gvpj	93.8	gvpa	129.0	-35.2	0.6052631578947368	0.9436619718309859	gvpa_gvpj_ambiguous	insufficient_competitive_margin	129.0	93.8	natural_heldout	gvpa	0	nat_e4530a471497a647eef2
nat_262acad32bf64e600812	262acad32bf64e600812dbe317d432363f2a5c5dcb0bea6cfaa11de3ef08c572	75	pass	56.3	56.7	1.0			gvpa	115.8		0.0	0.0	unsupported	no_qualified_subfamily_hit	115.8	81.4	natural_heldout	gvpa	0	nat_262acad32bf64e600812
nat_4fc0ca345529f4acca56	4fc0ca345529f4acca56549280254126a3bce3689eee3ff1f1c7d97e1a137d46	76	pass	56.9	57.2	1.0			gvpa	115.5		0.0	0.0	unsupported	no_qualified_subfamily_hit	115.5	79.6	natural_heldout	gvpa	0	nat_4fc0ca345529f4acca56
nat_b0df6d202bb0ca1472d2	b0df6d202bb0ca1472d2550f59247e9006db5cdd04dcf87dbb95247c1c698f20	72	pass	60.3	60.6	1.0			gvpa	123.0		0.0	0.0	unsupported	no_qualified_subfamily_hit	123.0	87.5	natural_heldout	gvpa	0	nat_b0df6d202bb0ca1472d2
nat_9ea506ab1bb26a2a159a	9ea506ab1bb26a2a159a665465c1d2e49eaa520ea544b46534f50ac65e22eb5b	72	pass	57.5	57.9	1.0	gvpj	86.7	gvpa	121.0	-34.3	0.6140350877192983	0.9583333333333334	gvpa_gvpj_ambiguous	insufficient_competitive_margin	121.0	86.7	natural_heldout	gvpa	0	nat_9ea506ab1bb26a2a159a
nat_5baeb577d8a796551d83	5baeb577d8a796551d8396cb82dd7b1230fa180e475aa13debe597dc37724863	72	pass	58.6	58.9	1.0			gvpa	122.1		0.0	0.0	unsupported	no_qualified_subfamily_hit	122.1	87.4	natural_heldout	gvpa	0	nat_5baeb577d8a796551d83
nat_8a83398f0d99493d45ad	8a83398f0d99493d45ad5413f5bf4c872bbeac83ac2a2ff0f3dae7946cb25e3f	86	pass	58.0	58.4	1.0	gvpj	98.3	gvpa	134.7	-36.39999999999999	0.6754385964912281	0.8837209302325582	gvpa_gvpj_ambiguous	insufficient_competitive_margin	134.7	98.3	natural_heldout	gvpa	0	nat_8a83398f0d99493d45ad
nat_86ba936b09d3d4c2dbfa	86ba936b09d3d4c2dbfaae01e2029bfa42384277d05b3999043640c63145625b	68	pass	59.2	59.5	1.0			gvpa	120.6		0.0	0.0	unsupported	no_qualified_subfamily_hit	120.6	85.6	natural_heldout	gvpa	0	nat_86ba936b09d3d4c2dbfa
nat_5bc7120641a4b206dec6	5bc7120641a4b206dec615e69a9573322282b0869275b3db5d6e281c748b2aff	72	pass	55.7	56.0	1.0			gvpa	122.3		0.0	0.0	unsupported	no_qualified_subfamily_hit	122.3	85.0	natural_heldout	gvpa	0	nat_5bc7120641a4b206dec6
nat_0a83dfbba1b7aa435131	0a83dfbba1b7aa435131d2f769a306bfb6545d0e419077a8449abf3fac54dda8	72	pass	58.0	58.3	0.9743589743589743	gvpj	88.6	gvpa	120.6	-32.0	0.6140350877192983	0.9583333333333334	gvpa_gvpj_ambiguous	insufficient_competitive_margin	120.6	88.6	natural_heldout	gvpa	0	nat_0a83dfbba1b7aa435131
nat_408e9d934f451bb01fbc	408e9d934f451bb01fbc22c8555ff5a266d41c0beb19e3e9493652d1a205bb68	72	pass	59.2	59.5	0.9743589743589743	gvpj	90.6	gvpa	123.2	-32.60000000000001	0.6052631578947368	0.9444444444444444	gvpa_gvpj_ambiguous	insufficient_competitive_margin	123.2	90.6	natural_heldout	gvpa	0	nat_408e9d934f451bb01fbc
nat_c96b24fc03ee6b66c3d6	c96b24fc03ee6b66c3d6db1d4dbfdf5a829cb2f5a5ac51723c83800ae81e4aff	68	pass	59.2	59.5	1.0			gvpa	120.3		0.0	0.0	unsupported	no_qualified_subfamily_hit	120.3	85.1	natural_heldout	gvpa	0	nat_c96b24fc03ee6b66c3d6
nat_ed3338aeeaf3197e41d9	ed3338aeeaf3197e41d9f3b49f822f83be8358d114c4e683180c9cbe5b6e2647	68	pass	58.1	58.4	1.0			gvpa	118.2		0.0	0.0	unsupported	no_qualified_subfamily_hit	118.2	82.7	natural_heldout	gvpa	0	nat_ed3338aeeaf3197e41d9
nat_278c7a3fd12af0319695	278c7a3fd12af0319695fae40d23ee8f76abf60d19c5e52b3b9dab1e368567ba	71	pass	59.7	59.9	1.0	gvpj	92.9	gvpa	128.4	-35.5	0.6052631578947368	0.9436619718309859	gvpa_gvpj_ambiguous	insufficient_competitive_margin	128.4	92.9	natural_heldout	gvpa	0	nat_278c7a3fd12af0319695
nat_d692e59ba181a3631d4d	d692e59ba181a3631d4d3ec7f34ea0113cbddcf7fa5a4afeff130171f0e4a3be	86	pass	58.5	58.9	1.0	gvpj	99.0	gvpa	134.4	-35.400000000000006	0.7017543859649122	0.9186046511627907	gvpa_gvpj_ambiguous	insufficient_competitive_margin	134.4	99.0	natural_heldout	gvpa	0	nat_d692e59ba181a3631d4d
nat_e6550f96a73166345a2a	e6550f96a73166345a2aec6ac098824a55a382b065124fc8b710a568cb594709	73	pass	56.9	57.2	1.0	gvpj	86.9	gvpa	124.6	-37.69999999999999	0.6052631578947368	0.9315068493150684	gvpa_gvpj_ambiguous	insufficient_competitive_margin	124.6	86.9	natural_heldout	gvpa	0	nat_e6550f96a73166345a2a
nat_c4bd9707d576667fbfb8	c4bd9707d576667fbfb8e43220880a130b3190c167d94e89b6c75585c796caeb	73	pass	56.9	57.2	1.0			gvpa	124.9		0.0	0.0	unsupported	no_qualified_subfamily_hit	124.9	87.0	natural_heldout	gvpa	0	nat_c4bd9707d576667fbfb8
nat_6f827542d262f6a8575a	6f827542d262f6a8575a7ac08f23d14f643c985ecf8d65260a44d1f5c7ecb48c	72	pass	60.3	60.7	1.0			gvpa	125.5		0.0	0.0	unsupported	no_qualified_subfamily_hit	125.5	89.0	natural_heldout	gvpa	0	nat_6f827542d262f6a8575a
nat_51883a62e7fa5ef818e6	51883a62e7fa5ef818e6499cbd55d963789b8e540a7cfb352608744ffe3513fa	71	pass	53.5	54.4	1.0			gvpa	112.9		0.0	0.0	unsupported	no_qualified_subfamily_hit	112.9	77.8	natural_heldout	gvpa	0	nat_51883a62e7fa5ef818e6
nat_4494d3357cccfc2291ad	4494d3357cccfc2291ada2f22a6a76541201c321b02c7a8c657ed2a36af68db8	72	pass	62.2	62.6	1.0			gvpa	126.0		0.0	0.0	unsupported	no_qualified_subfamily_hit	126.0	90.0	natural_heldout	gvpa	0	nat_4494d3357cccfc2291ad
nat_5883761e33f67abd193e	5883761e33f67abd193ec3c033807077fa86d7441f5480dedb0c45c47de2d2d7	68	pass	57.0	57.4	1.0			gvpa	116.6		0.0	0.0	unsupported	no_qualified_subfamily_hit	116.6	85.9	natural_heldout	gvpa	0	nat_5883761e33f67abd193e
nat_1f275ce5dd842aaaf9d2	1f275ce5dd842aaaf9d24fd9cd1a995ccd28e8006db8fd5d12c958ce30deb19a	71	pass	59.5	59.8	1.0	gvpj	91.3	gvpa	128.5	-37.2	0.6052631578947368	0.9436619718309859	gvpa_gvpj_ambiguous	insufficient_competitive_margin	128.5	91.3	natural_heldout	gvpa	0	nat_1f275ce5dd842aaaf9d2
nat_ba8e972cfc82013f9a87	ba8e972cfc82013f9a872b7604521bccff7228aaa4cf4699b3ef40a5b41e4d6d	126	pass	44.4	45.0	1.0	gvpa	135.4	gvpj	90.9	44.5	0.8394160583941606	0.9047619047619048	supported_gvpa	pf00741_and_competitive_gvpa_support	135.4	90.9	natural_heldout	gvpa	0	nat_ba8e972cfc82013f9a87
nat_4eaa3da48c36a3a15145	4eaa3da48c36a3a15145eb7a07beba22405b734d091843256161e81bde0d4eca	72	pass	50.5	50.9	0.9743589743589743			gvpa	119.2		0.0	0.0	unsupported	no_qualified_subfamily_hit	119.2	82.9	natural_heldout	gvpa	0	nat_4eaa3da48c36a3a15145
nat_c6694fda37ff51b3f382	c6694fda37ff51b3f38274d3a185ac8443a605c30d985300d151a639aecb11a8	71	pass	57.2	57.5	1.0	gvpj	90.5	gvpa	127.1	-36.599999999999994	0.6052631578947368	0.9436619718309859	gvpa_gvpj_ambiguous	insufficient_competitive_margin	127.1	90.5	natural_heldout	gvpa	0	nat_c6694fda37ff51b3f382
nat_f8623581c79728f8eb53	f8623581c79728f8eb53cc1e90b7ea1d14a2cf56580817def87ab94acc99e449	72	pass	54.3	54.6	1.0			gvpa	121.5		0.0	0.0	unsupported	no_qualified_subfamily_hit	121.5	84.5	natural_heldout	gvpa	0	nat_f8623581c79728f8eb53
nat_f063d1210a55bcc917a5	f063d1210a55bcc917a55d7a3c9d7ac757fba7cad9a5e0587939eceff0f37b29	72	pass	56.3	56.6	1.0			gvpa	122.8		0.0	0.0	unsupported	no_qualified_subfamily_hit	122.8	85.8	natural_heldout	gvpa	0	nat_f063d1210a55bcc917a5
nat_212e64a237d4a0795448	212e64a237d4a079544830060e000d685d6029e03106706bde492d8fbf216b5f	150	pass	47.7	48.2	1.0	gvpa	151.9	gvpj	93.2	58.7	0.9051094890510949	0.8666666666666667	supported_gvpa	pf00741_and_competitive_gvpa_support	151.9	93.2	natural_heldout	gvpa	0	nat_212e64a237d4a0795448
nat_6202903abc283dce1575	6202903abc283dce157501a24c7d05b6516fa96729fe749f2cd0677265fa2e00	141	pass	46.7	47.1	0.9743589743589743	gvpa	158.9	gvpj	95.4	63.5	0.948905109489051	0.9148936170212766	supported_gvpa	pf00741_and_competitive_gvpa_support	158.9	95.4	natural_heldout	gvpa	0	nat_6202903abc283dce1575
nat_cf176e85bcb7fcecce87	cf176e85bcb7fcecce874dc130c07994c7c2dec83f8f066b0d03e1c869dad93c	150	pass	47.7	48.2	1.0	gvpa	152.0	gvpj	93.3	58.7	0.9051094890510949	0.8666666666666667	supported_gvpa	pf00741_and_competitive_gvpa_support	152.0	93.3	natural_heldout	gvpa	0	nat_cf176e85bcb7fcecce87
nat_cd47d1496d29850f6644	cd47d1496d29850f6644a2e4918cb8d069efc2063d92c23b7ee666969d921dd9	86	pass	56.4	56.8	1.0	gvpj	95.1	gvpa	131.8	-36.70000000000002	0.6754385964912281	0.8837209302325582	gvpa_gvpj_ambiguous	insufficient_competitive_margin	131.8	95.1	natural_heldout	gvpa	0	nat_cd47d1496d29850f6644
nat_3fb1b2844ab87a8f4a72	3fb1b2844ab87a8f4a72239d1dbaef92be3ae9760ba9ae8b474c797e4c6edb12	138	pass	46.4	46.8	0.9743589743589743	gvpa	147.6	gvpj	92.8	54.8	0.8978102189781022	0.8840579710144928	supported_gvpa	pf00741_and_competitive_gvpa_support	147.6	92.8	natural_heldout	gvpa	0	nat_3fb1b2844ab87a8f4a72
nat_0739506f322325ee29fe	0739506f322325ee29fe0a7ac885f6cd9f3953ab293e001ca9b5f6b669a02e92	139	pass	48.0	48.6	0.9743589743589743	gvpa	138.1	gvpj	89.4	48.69999999999999	0.8832116788321168	0.8848920863309353	supported_gvpa	pf00741_and_competitive_gvpa_support	138.1	89.4	natural_heldout	gvpa	0	nat_0739506f322325ee29fe
nat_c7ec77b171120a344a06	c7ec77b171120a344a0655a11a6be8d15393039fa176a26181f70ba95432a0e4	144	pass	46.2	46.7	0.9743589743589743	gvpa	156.7	gvpj	93.8	62.89999999999999	0.948905109489051	0.9236111111111112	supported_gvpa	pf00741_and_competitive_gvpa_support	156.7	93.8	natural_heldout	gvpa	0	nat_c7ec77b171120a344a06
nat_0a906f70a5c423dba747	0a906f70a5c423dba7475c170e71385a2d2e99278ca4cf7cb47be7e1bb4a8597	143	pass	41.5	41.9	1.0	gvpa	133.3	gvpj	91.2	42.10000000000001	0.8175182481751825	0.8111888111888111	supported_gvpa	pf00741_and_competitive_gvpa_support	133.3	91.2	natural_heldout	gvpa	0	nat_0a906f70a5c423dba747
nat_f9a6c4e29c6909a7bfea	f9a6c4e29c6909a7bfeaee809e13e5cb6f391552d46a183aa9e19956d01e67cc	145	pass	40.0	40.4	1.0	gvpa	158.5	gvpj	92.5	66.0	0.9708029197080292	0.903448275862069	supported_gvpa	pf00741_and_competitive_gvpa_support	158.5	92.5	natural_heldout	gvpa	0	nat_f9a6c4e29c6909a7bfea
nat_fca4193e69c1cb015d9a	fca4193e69c1cb015d9a2550e476effcdacac38436423288385f83cbb499a3e0	147	pass	50.8	51.2	1.0	gvpa	151.9	gvpj	95.7	56.2	0.9343065693430657	0.8639455782312925	supported_gvpa	pf00741_and_competitive_gvpa_support	151.9	95.7	natural_heldout	gvpa	0	nat_fca4193e69c1cb015d9a
nat_feed1d4c7965994c10d5	feed1d4c7965994c10d53e18f7988c6b622e7a10dc24917a362fa91cad93d307	86	pass	58.5	58.9	1.0	gvpj	99.5	gvpa	134.6	-35.099999999999994	0.7017543859649122	0.9186046511627907	gvpa_gvpj_ambiguous	insufficient_competitive_margin	134.6	99.5	natural_heldout	gvpa	0	nat_feed1d4c7965994c10d5
nat_5e8f0a8871d86e6b22f4	5e8f0a8871d86e6b22f4def21b254b9d16002da7ae0145a210f03178265680c3	86	pass	56.0	56.3	1.0	gvpj	94.8	gvpa	131.4	-36.60000000000001	0.6929824561403509	0.9069767441860465	gvpa_gvpj_ambiguous	insufficient_competitive_margin	131.4	94.8	natural_heldout	gvpa	0	nat_5e8f0a8871d86e6b22f4
nat_0bead889339fd4f049d1	0bead889339fd4f049d1c8cdb1cb2afbce7f450012be3c4a0525a219de8b696f	84	pass	57.7	58.1	1.0	gvpj	95.1	gvpa	131.9	-36.80000000000001	0.6403508771929824	0.8452380952380952	gvpa_gvpj_ambiguous	insufficient_competitive_margin	131.9	95.1	natural_heldout	gvpa	0	nat_0bead889339fd4f049d1
nat_47e46863c347a8f8468f	47e46863c347a8f8468fe0ba13c4e5044ebc5ce094ddd6a0277b01f7aaa81010	72	pass	63.3	63.8	1.0			gvpa	126.5		0.0	0.0	unsupported	no_qualified_subfamily_hit	126.5	90.5	natural_heldout	gvpa	0	nat_47e46863c347a8f8468f
nat_58a114a587bf7627f074	58a114a587bf7627f07432177ecd8e91e0cda2a0c5d681f76b1d5fa9b8da58e0	148	pass	42.8	43.3	1.0	gvpa	156.6	gvpj	90.5	66.1	0.9343065693430657	0.8851351351351351	supported_gvpa	pf00741_and_competitive_gvpa_support	156.6	90.5	natural_heldout	gvpa	0	nat_58a114a587bf7627f074
nat_db9f1375949c94632148	db9f1375949c94632148628b52a2673d4178337edea34be38e594625ed01b535	146	pass	47.7	48.3	0.9743589743589743	gvpa	153.6	gvpj	95.9	57.69999999999999	0.9562043795620438	0.910958904109589	supported_gvpa	pf00741_and_competitive_gvpa_support	153.6	95.9	natural_heldout	gvpa	0	nat_db9f1375949c94632148
nat_c6dc835e8a7f5c8d11a7	c6dc835e8a7f5c8d11a73cd38fb6c63240024ac637d49f0f3d542143bc1f9067	154	pass	41.2	41.7	1.0	gvpa	147.4	gvpj	86.7	60.7	0.9197080291970803	0.8766233766233766	supported_gvpa	pf00741_and_competitive_gvpa_support	147.4	86.7	natural_heldout	gvpa	0	nat_c6dc835e8a7f5c8d11a7
nat_2cbea2021b2dcea14377	2cbea2021b2dcea14377227fc86daecb49411a1db98dabc2e5d54b9a0e603977	160	pass	44.0	44.5	1.0	gvpa	150.4	gvpj	84.8	65.60000000000001	0.9051094890510949	0.825	supported_gvpa	pf00741_and_competitive_gvpa_support	150.4	84.8	natural_heldout	gvpa	0	nat_2cbea2021b2dcea14377
nat_6f78ae7dbd3067bdbed8	6f78ae7dbd3067bdbed82a69a7e6d28493156abb7f90f4bb61a93d7908aad39d	146	pass	40.0	40.3	1.0	gvpa	155.0	gvpj	92.3	62.7	0.948905109489051	0.8835616438356164	supported_gvpa	pf00741_and_competitive_gvpa_support	155.0	92.3	natural_heldout	gvpa	0	nat_6f78ae7dbd3067bdbed8
nat_decd9a1d90f169f4eb3e	decd9a1d90f169f4eb3e817ca813379a7c29c411d04f58bd92e790ed3101a2db	127	pass	41.9	42.6	0.9743589743589743	gvpa	138.1	gvpj	91.5	46.599999999999994	0.8394160583941606	0.8976377952755905	supported_gvpa	pf00741_and_competitive_gvpa_support	138.1	91.5	natural_heldout	gvpa	0	nat_decd9a1d90f169f4eb3e
nat_a0c33ff7daaf9315de4b	a0c33ff7daaf9315de4b10552a4238604becbffc46359db22dd9d365e382e11d	145	pass	38.7	39.1	0.9743589743589743	gvpa	157.5	gvpj	91.8	65.7	0.9562043795620438	0.8896551724137931	supported_gvpa	pf00741_and_competitive_gvpa_support	157.5	91.8	natural_heldout	gvpa	0	nat_a0c33ff7daaf9315de4b
nat_7794e8f04dda3151b8bb	7794e8f04dda3151b8bb10de1f5bc421fb133be5fb9d7ce8c7a95a2282d7dba7	132	pass	44.8	45.4	0.9743589743589743	gvpa	134.9	gvpj	92.3	42.60000000000001	0.8102189781021898	0.8560606060606061	supported_gvpa	pf00741_and_competitive_gvpa_support	134.9	92.3	natural_heldout	gvpa	0	nat_7794e8f04dda3151b8bb
nat_1ad342624de277274295	1ad342624de277274295e25b19454e7e002ebe481aa77170aa45cf3390414015	145	pass	44.9	45.5	0.9743589743589743	gvpa	164.1	gvpj	100.5	63.599999999999994	0.948905109489051	0.903448275862069	supported_gvpa	pf00741_and_competitive_gvpa_support	164.1	100.5	natural_heldout	gvpa	0	nat_1ad342624de277274295
nat_590810062f7432024711	590810062f74320247112de18b1b054199c09acb0416ccbb72064c8396b53982	127	pass	53.0	53.5	0.9743589743589743	gvpa	135.8	gvpj	96.5	39.30000000000001	0.8248175182481752	0.8976377952755905	supported_gvpa	pf00741_and_competitive_gvpa_support	135.8	96.5	natural_heldout	gvpa	0	nat_590810062f7432024711
nat_23547210dabe68635401	23547210dabe68635401f54a1ee5a50da369729b6cafd8b9d3e564ccac2102c1	144	pass	40.0	40.4	1.0	gvpa	155.8	gvpj	91.8	64.00000000000001	0.927007299270073	0.8680555555555556	supported_gvpa	pf00741_and_competitive_gvpa_support	155.8	91.8	natural_heldout	gvpa	0	nat_23547210dabe68635401
nat_8bb53690eb425655a7a8	8bb53690eb425655a7a8581aa9f1493c9d1b50a02600bf6c4ae87360feca6763	145	pass	45.7	46.1	1.0	gvpa	149.8	gvpj	92.8	57.000000000000014	0.9124087591240876	0.8758620689655172	supported_gvpa	pf00741_and_competitive_gvpa_support	149.8	92.8	natural_heldout	gvpa	0	nat_8bb53690eb425655a7a8
nat_dc852bef97bb5a3f37ff	dc852bef97bb5a3f37ffa9f8e40973a12e4a38d9483604158ac99e3656965e82	128	pass	41.9	42.6	0.9743589743589743	gvpa	138.2	gvpj	91.7	46.499999999999986	0.8467153284671532	0.8984375	supported_gvpa	pf00741_and_competitive_gvpa_support	138.2	91.7	natural_heldout	gvpa	0	nat_dc852bef97bb5a3f37ff
nat_99a07129f51bd6011cb7	99a07129f51bd6011cb725171cefbc986a3caf35811b44b743a073ab4d7c0fd9	159	pass	44.3	44.9	1.0	gvpa	155.1	gvpj	87.6	67.5	0.9124087591240876	0.8176100628930818	supported_gvpa	pf00741_and_competitive_gvpa_support	155.1	87.6	natural_heldout	gvpa	0	nat_99a07129f51bd6011cb7
nat_febdf633d7175529519f	febdf633d7175529519f49c0e06e9a78cd0208d79bbc9db4ccd1a51ed35484f7	135	pass	44.7	45.2	0.9743589743589743	gvpa	140.4	gvpj	94.5	45.900000000000006	0.8978102189781022	0.8814814814814815	supported_gvpa	pf00741_and_competitive_gvpa_support	140.4	94.5	natural_heldout	gvpa	0	nat_febdf633d7175529519f
nat_03e37b9ff61818fe868f	03e37b9ff61818fe868fd2fa2739eb624fad58d0502f6696d13ecdcc5f039a9f	137	pass	49.4	50.0	0.9743589743589743	gvpa	144.7	gvpj	98.2	46.499999999999986	0.8978102189781022	0.8686131386861314	supported_gvpa	pf00741_and_competitive_gvpa_support	144.7	98.2	natural_heldout	gvpa	0	nat_03e37b9ff61818fe868f
nat_3ca681349695f8ed3ee4	3ca681349695f8ed3ee4fa27e1fd62ed4b5b8e25e90cd6008c6b3a078ec85bc9	145	pass	46.1	46.8	0.9743589743589743	gvpa	167.5	gvpj	100.9	66.6	0.9416058394160584	0.8827586206896552	supported_gvpa	pf00741_and_competitive_gvpa_support	167.5	100.9	natural_heldout	gvpa	0	nat_3ca681349695f8ed3ee4
nat_a85f488e5f68b0445ad1	a85f488e5f68b0445ad1f413cec34a9c5dac3c9118c0fa60cddc31f649b7e87e	127	pass	41.9	42.6	0.9743589743589743	gvpa	138.8	gvpj	91.8	47.000000000000014	0.8394160583941606	0.8976377952755905	supported_gvpa	pf00741_and_competitive_gvpa_support	138.8	91.8	natural_heldout	gvpa	0	nat_a85f488e5f68b0445ad1
nat_0f78d7acac5b21f9e204	0f78d7acac5b21f9e204318d5e9a7dcfc8dd5bcc29241026ebf99a8afac8650d	154	pass	41.2	41.7	1.0	gvpa	147.6	gvpj	87.1	60.5	0.9197080291970803	0.8766233766233766	supported_gvpa	pf00741_and_competitive_gvpa_support	147.6	87.1	natural_heldout	gvpa	0	nat_0f78d7acac5b21f9e204
nat_d3c36edb3c6b427867e3	d3c36edb3c6b427867e3c1f514fa3cf54cd130518a1bc76b3e7ea8febd916a65	158	pass	46.5	46.9	1.0	gvpa	153.5	gvpj	93.1	60.400000000000006	0.9051094890510949	0.8164556962025317	supported_gvpa	pf00741_and_competitive_gvpa_support	153.5	93.1	natural_heldout	gvpa	0	nat_d3c36edb3c6b427867e3
nat_3dee88ac2224aeef66c6	3dee88ac2224aeef66c62dd0dc079a58305bb2c1d9e90cabb1c042aece5bca88	157	pass	46.2	46.6	1.0	gvpa	151.6	gvpj	94.0	57.599999999999994	0.9124087591240876	0.821656050955414	supported_gvpa	pf00741_and_competitive_gvpa_support	151.6	94.0	natural_heldout	gvpa	0	nat_3dee88ac2224aeef66c6
nat_13f51706d5d2df8544bb	13f51706d5d2df8544bb29487d725da127af320464ee7d483f2a2e2e71809728	148	pass	46.9	47.4	1.0	gvpa	156.1	gvpj	98.2	57.89999999999999	0.9416058394160584	0.8851351351351351	supported_gvpa	pf00741_and_competitive_gvpa_support	156.1	98.2	natural_heldout	gvpa	0	nat_13f51706d5d2df8544bb
nat_cf2b86e8ceab5f9ee1d8	cf2b86e8ceab5f9ee1d8566657bc7370868854cbb61f0689dd36c37d3cb9bd8c	145	pass	43.4	44.0	0.9743589743589743	gvpa	165.1	gvpj	103.5	61.599999999999994	0.9343065693430657	0.8896551724137931	supported_gvpa	pf00741_and_competitive_gvpa_support	165.1	103.5	natural_heldout	gvpa	0	nat_cf2b86e8ceab5f9ee1d8
nat_492e347eb26b4c87a4d1	492e347eb26b4c87a4d19d5443666652b1ed572308e4f655a1c21f39e0d3395d	156	pass	48.1	48.5	1.0	gvpa	156.6	gvpj	97.0	59.599999999999994	0.9197080291970803	0.8269230769230769	supported_gvpa	pf00741_and_competitive_gvpa_support	156.6	97.0	natural_heldout	gvpa	0	nat_492e347eb26b4c87a4d1
nat_4b12dfb542826f087a7e	4b12dfb542826f087a7ecd3b9c3b833a2761d2ddf162c7e8d476a5dbe1e5f392	149	pass	42.9	43.4	1.0	gvpa	146.5	gvpj	91.7	54.8	0.9562043795620438	0.8993288590604027	supported_gvpa	pf00741_and_competitive_gvpa_support	146.5	91.7	natural_heldout	gvpa	0	nat_4b12dfb542826f087a7e
nat_9cc118c4f8ae07349652	9cc118c4f8ae073496526bb19cc0b413e6f8a4461723c3bab78cd85b399b8602	149	pass	42.9	43.4	1.0	gvpa	146.0	gvpj	92.2	53.8	0.9562043795620438	0.8993288590604027	supported_gvpa	pf00741_and_competitive_gvpa_support	146.0	92.2	natural_heldout	gvpa	0	nat_9cc118c4f8ae07349652
nat_c851ec622696a1a12ee9	c851ec622696a1a12ee9bdee37f539e41bfcfd2da320b5c14bf13bbb4feb8d9c	149	pass	42.5	43.0	1.0	gvpa	151.9	gvpj	88.6	63.30000000000001	0.9197080291970803	0.8657718120805369	supported_gvpa	pf00741_and_competitive_gvpa_support	151.9	88.6	natural_heldout	gvpa	0	nat_c851ec622696a1a12ee9
nat_db21d598502068c3fa2f	db21d598502068c3fa2fae4cedc8aacd5f1848eac6f415f495a3962354aff288	149	pass	42.5	43.0	1.0	gvpa	152.0	gvpj	88.9	63.099999999999994	0.9197080291970803	0.8657718120805369	supported_gvpa	pf00741_and_competitive_gvpa_support	152.0	88.9	natural_heldout	gvpa	0	nat_db21d598502068c3fa2f
nat_e9cfe4a312dd51479edb	e9cfe4a312dd51479edbfb3b4f6b86ef838ea81c4f8833be2739e554106767d5	139	pass	54.9	55.5	1.0	gvpa	154.0	gvpj	103.8	50.2	0.8978102189781022	0.8992805755395683	supported_gvpa	pf00741_and_competitive_gvpa_support	154.0	103.8	natural_heldout	gvpa	0	nat_e9cfe4a312dd51479edb
nat_11cdda0e14dc63f88e35	11cdda0e14dc63f88e3551b77278849f4ceab2fcac8f21cd7207c50273749519	149	pass	44.1	44.6	0.9743589743589743	gvpa	161.9	gvpj	102.7	59.2	0.927007299270073	0.8523489932885906	supported_gvpa	pf00741_and_competitive_gvpa_support	161.9	102.7	natural_heldout	gvpa	0	nat_11cdda0e14dc63f88e35
nat_f6ad48ba3d6950d55fac	f6ad48ba3d6950d55fac03dc798b0090c33afcf288b69692505c127cfef95755	145	pass	47.8	48.3	1.0	gvpa	152.9	gvpj	92.7	60.2	0.9197080291970803	0.8896551724137931	supported_gvpa	pf00741_and_competitive_gvpa_support	152.9	92.7	natural_heldout	gvpa	0	nat_f6ad48ba3d6950d55fac
nat_370aa86e30267a3a072e	370aa86e30267a3a072e5d15f626685541b839c2c5a947a9297623c927d52cbb	145	pass	43.4	44.0	0.9743589743589743	gvpa	164.2	gvpj	103.9	60.29999999999998	0.9343065693430657	0.8758620689655172	supported_gvpa	pf00741_and_competitive_gvpa_support	164.2	103.9	natural_heldout	gvpa	0	nat_370aa86e30267a3a072e
nat_bb5cf35be2d320c0ead2	bb5cf35be2d320c0ead2ea879c043d8fec579b266dd1143f58bb6288ba9ec2bd	145	pass	43.4	44.0	0.9743589743589743	gvpa	164.7	gvpj	104.0	60.69999999999999	0.9343065693430657	0.8758620689655172	supported_gvpa	pf00741_and_competitive_gvpa_support	164.7	104.0	natural_heldout	gvpa	0	nat_bb5cf35be2d320c0ead2
nat_d82c955fa7d898a2ab96	d82c955fa7d898a2ab968cd145c1de0abf568f4ddc1ef84aa0417b91848c0d7f	157	pass	43.5	43.9	1.0	gvpa	143.6	gvpj	80.0	63.599999999999994	0.948905109489051	0.8343949044585988	supported_gvpa	pf00741_and_competitive_gvpa_support	143.6	80.0	natural_heldout	gvpa	0	nat_d82c955fa7d898a2ab96
nat_e8960ef9f28cbd66312c	e8960ef9f28cbd66312ca5b05698017849d55efa3f52f772b8ba262b8bcc76db	136	pass	55.0	55.6	1.0	gvpa	150.5	gvpj	101.9	48.599999999999994	0.8978102189781022	0.8823529411764706	supported_gvpa	pf00741_and_competitive_gvpa_support	150.5	101.9	natural_heldout	gvpa	0	nat_e8960ef9f28cbd66312c
nat_c17881a40bc443471c80	c17881a40bc443471c80c123e5835ec9b0762f0c28ad42403c37477b806aa4fb	139	pass	49.5	49.9	0.9743589743589743	gvpa	151.2	gvpj	100.3	50.89999999999999	0.8978102189781022	0.8848920863309353	supported_gvpa	pf00741_and_competitive_gvpa_support	151.2	100.3	natural_heldout	gvpa	0	nat_c17881a40bc443471c80
nat_d68abcca0d121eb6dd4f	d68abcca0d121eb6dd4f9bcc068b81d53a74962cb931c43cd414bfba836ed6e8	72	pass	62.7	63.1	1.0			gvpa	126.8		0.0	0.0	unsupported	no_qualified_subfamily_hit	126.8	91.0	natural_heldout	gvpa	0	nat_d68abcca0d121eb6dd4f
nat_d565583d15eb6f192c57	d565583d15eb6f192c5761839f38d47464b1db2d5e7452ae290140b6cf00e933	67	pass	50.4	50.7	0.9743589743589743			gvpa	108.2		0.0	0.0	unsupported	no_qualified_subfamily_hit	108.2	77.8	natural_heldout	gvpa	0	nat_d565583d15eb6f192c57
nat_48dbcd4ed98d41a9651a	48dbcd4ed98d41a9651a9e5de609f285c1f0c43c3f8a21fac606361f33ba067e	143	pass	48.3	48.8	0.9743589743589743	gvpa	137.9	gvpj	100.0	37.900000000000006	0.8248175182481752	0.8041958041958042	supported_gvpa	pf00741_and_competitive_gvpa_support	137.9	100.0	natural_heldout	gvpa	0	nat_48dbcd4ed98d41a9651a
nat_cc5b8e3667bee7376c85	cc5b8e3667bee7376c85c96e25b0f21f12f9709697bdba377d1aa75580555864	99	pass	40.2	40.7	1.0			gvpa	111.9		0.0	0.0	unsupported	no_qualified_subfamily_hit	111.9	73.4	natural_heldout	gvpa	0	nat_cc5b8e3667bee7376c85
nat_9c9277ab558db757d72c	9c9277ab558db757d72cbabe7f06a699df4f536c1b2a7f9669ab077692fbfbda	72	pass	61.5	61.9	1.0			gvpa	122.0		0.0	0.0	unsupported	no_qualified_subfamily_hit	122.0	88.6	natural_heldout	gvpa	0	nat_9c9277ab558db757d72c
nat_f1aad1947e3e40ba9653	f1aad1947e3e40ba965373345ad69bc7003a38f55210a9994105559c0f718711	86	pass	56.4	56.8	1.0	gvpj	95.3	gvpa	132.8	-37.500000000000014	0.7017543859649122	0.8953488372093024	gvpa_gvpj_ambiguous	insufficient_competitive_margin	132.8	95.3	natural_heldout	gvpa	0	nat_f1aad1947e3e40ba9653
nat_50e7ec50620e080551e3	50e7ec50620e080551e3a582b0fc3d9f782f6fa052a4838ddd3c941e37302f2c	156	pass	43.7	44.2	1.0	gvpa	155.9	gvpj	93.2	62.7	0.9197080291970803	0.8012820512820513	supported_gvpa	pf00741_and_competitive_gvpa_support	155.9	93.2	natural_heldout	gvpa	0	nat_50e7ec50620e080551e3
nat_07e2adee1b1c97951e61	07e2adee1b1c97951e611748646b5d9a029edc0983ec78fb5c8f6a844d87838c	86	pass	55.9	56.3	1.0	gvpj	95.6	gvpa	132.9	-37.30000000000001	0.6578947368421053	0.8604651162790697	gvpa_gvpj_ambiguous	insufficient_competitive_margin	132.9	95.6	natural_heldout	gvpa	0	nat_07e2adee1b1c97951e61
nat_426945d8cc00ec8955a1	426945d8cc00ec8955a1646dbeed14d6101d9b701a545ad72475714ad119e38e	86	pass	57.1	57.5	1.0	gvpj	96.9	gvpa	132.8	-35.900000000000006	0.7017543859649122	0.8953488372093024	gvpa_gvpj_ambiguous	insufficient_competitive_margin	132.8	96.9	natural_heldout	gvpa	0	nat_426945d8cc00ec8955a1
nat_e1d8e1d8d2f54947a961	e1d8e1d8d2f54947a961e47ae2b8a2f3d9e21221779701cb9a59026d90dfcb18	85	pass	56.0	56.3	1.0	gvpj	94.2	gvpa	131.9	-37.7	0.6578947368421053	0.8823529411764706	gvpa_gvpj_ambiguous	insufficient_competitive_margin	131.9	94.2	natural_heldout	gvpa	0	nat_e1d8e1d8d2f54947a961
nat_16f4d6984b9b4853b848	16f4d6984b9b4853b8488d2f00837aded0a0837a54e38fc9966fcd470df131ab	86	pass	56.0	56.3	1.0	gvpj	93.6	gvpa	131.5	-37.900000000000006	0.6578947368421053	0.8604651162790697	gvpa_gvpj_ambiguous	insufficient_competitive_margin	131.5	93.6	natural_heldout	gvpa	0	nat_16f4d6984b9b4853b848
nat_ebdc86196ce4e8d00cbf	ebdc86196ce4e8d00cbf9ba38711d49948dea32e86053404b7bef7a590e2f72d	154	pass	46.4	46.9	0.9743589743589743	gvpa	146.0	gvpj	92.9	53.099999999999994	0.8978102189781022	0.7987012987012987	supported_gvpa	pf00741_and_competitive_gvpa_support	146.0	92.9	natural_heldout	gvpa	0	nat_ebdc86196ce4e8d00cbf
nat_da289e6aa9b0bf8de540	da289e6aa9b0bf8de540f065269d06f49459873a9b3833cdd0594163557e434b	151	pass	38.4	38.8	1.0	gvpa	142.8	gvpj	82.6	60.20000000000002	0.9051094890510949	0.847682119205298	supported_gvpa	pf00741_and_competitive_gvpa_support	142.8	82.6	natural_heldout	gvpa	0	nat_da289e6aa9b0bf8de540
nat_057e1cbe9c0aca38bc03	057e1cbe9c0aca38bc032bedb24b9c37910a154069de96aa158232492ad4969e	128	pass	41.9	42.6	0.9743589743589743	gvpa	139.0	gvpj	91.7	47.3	0.8467153284671532	0.8984375	supported_gvpa	pf00741_and_competitive_gvpa_support	139.0	91.7	natural_heldout	gvpa	0	nat_057e1cbe9c0aca38bc03
nat_b777f719d06f5568d601	b777f719d06f5568d601eb6c513a16a406176bbbb7d5adb954a48353aa3d09e0	145	pass	44.2	44.6	0.9743589743589743	gvpa	161.5	gvpj	101.0	60.5	0.9416058394160584	0.8758620689655172	supported_gvpa	pf00741_and_competitive_gvpa_support	161.5	101.0	natural_heldout	gvpa	0	nat_b777f719d06f5568d601
nat_ad843ea9809d8148ba5d	ad843ea9809d8148ba5da831735693bdc8c71f46ba556134ff3e43401f92f6c1	132	pass	46.5	46.9	0.9743589743589743	gvpa	152.0	gvpj	97.6	54.400000000000006	0.8759124087591241	0.9015151515151515	supported_gvpa	pf00741_and_competitive_gvpa_support	152.0	97.6	natural_heldout	gvpa	0	nat_ad843ea9809d8148ba5d
nat_7bdcd34808440e398074	7bdcd34808440e39807481e06e566bf90ef45c514350b324a9060bc6228f1ad9	144	pass	47.5	47.8	1.0	gvpa	153.3	gvpj	103.8	49.500000000000014	0.9416058394160584	0.875	supported_gvpa	pf00741_and_competitive_gvpa_support	153.3	103.8	natural_heldout	gvpa	0	nat_7bdcd34808440e398074
nat_67932dce44a393cc5d41	67932dce44a393cc5d41a1cf21299a35df270345f50883fcdd153fe6edbae429	74	pass	54.9	55.3	0.9487179487179487			gvpa	110.2		0.0	0.0	unsupported	no_qualified_subfamily_hit	110.2	77.5	natural_heldout	gvpa	0	nat_67932dce44a393cc5d41
nat_95a5abf872e631139217	95a5abf872e631139217498d65e34b4e4004b8e4b6f387d25fc00c89cf15c59f	71	pass	61.7	61.9	1.0	gvpj	93.2	gvpa	128.6	-35.39999999999999	0.6052631578947368	0.9436619718309859	gvpa_gvpj_ambiguous	insufficient_competitive_margin	128.6	93.2	natural_heldout	gvpa	0	nat_95a5abf872e631139217
nat_38c50a9f5c23bd9138cf	38c50a9f5c23bd9138cfd0ef15520aa36d2219b6f702ebc97149c9a31425b720	139	pass	46.3	46.8	0.9743589743589743	gvpa	154.0	gvpj	93.3	60.7	0.9343065693430657	0.9064748201438849	supported_gvpa	pf00741_and_competitive_gvpa_support	154.0	93.3	natural_heldout	gvpa	0	nat_38c50a9f5c23bd9138cf
nat_5db4f89b8985994be8c6	5db4f89b8985994be8c6c9b47acf47760e0dfdda7b5c138cdb46033567f95587	144	pass	47.5	47.8	1.0	gvpa	153.5	gvpj	103.8	49.7	0.948905109489051	0.8819444444444444	supported_gvpa	pf00741_and_competitive_gvpa_support	153.5	103.8	natural_heldout	gvpa	0	nat_5db4f89b8985994be8c6
nat_81fe8a6c5a2a9f1f516d	81fe8a6c5a2a9f1f516dfbb40f7804cabc783bd1ef8ff9f8baae845d25abd55b	133	pass	46.5	47.0	0.9743589743589743	gvpa	147.0	gvpj	95.0	52.0	0.8759124087591241	0.8947368421052632	supported_gvpa	pf00741_and_competitive_gvpa_support	147.0	95.0	natural_heldout	gvpa	0	nat_81fe8a6c5a2a9f1f516d
nat_3b18df9990357338331a	3b18df9990357338331ace1968a8dd7edebc544cab440ddcb0a9f68c5c0c58e1	123	pass	44.5	45.2	1.0	gvpa	137.3	gvpj	91.2	46.10000000000001	0.8175182481751825	0.9024390243902439	supported_gvpa	pf00741_and_competitive_gvpa_support	137.3	91.2	natural_heldout	gvpa	0	nat_3b18df9990357338331a
nat_861aafc294a955cecd2e	861aafc294a955cecd2e8aa021efbea89c4ff50540a59e4da72bffee0f1353b8	85	pass	56.0	56.3	1.0	gvpj	95.1	gvpa	133.0	-37.900000000000006	0.6666666666666666	0.8823529411764706	gvpa_gvpj_ambiguous	insufficient_competitive_margin	133.0	95.1	natural_heldout	gvpa	0	nat_861aafc294a955cecd2e
nat_9b2a86e0f5de235d8cf5	9b2a86e0f5de235d8cf52558cde6df4b781cc1f877562038ef4e9a43cd99efc3	86	pass	57.1	57.5	1.0	gvpj	97.8	gvpa	133.9	-36.10000000000001	0.7192982456140351	0.9186046511627907	gvpa_gvpj_ambiguous	insufficient_competitive_margin	133.9	97.8	natural_heldout	gvpa	0	nat_9b2a86e0f5de235d8cf5
nat_d3c6f8adf24bb50b5677	d3c6f8adf24bb50b5677beb00b62024c0a840888b81d68436e48442995fdd236	89	pass	56.5	56.9	1.0	gvpj	97.6	gvpa	134.6	-37.0	0.7192982456140351	0.9101123595505618	gvpa_gvpj_ambiguous	insufficient_competitive_margin	134.6	97.6	natural_heldout	gvpa	0	nat_d3c6f8adf24bb50b5677
nat_575a3ddb97ad6997411f	575a3ddb97ad6997411f8babd11bc09c4de70bf165dbcaddc2bc306b3ddfc191	148	pass	43.6	44.1	1.0	gvpa	143.6	gvpj	82.9	60.69999999999999	0.9124087591240876	0.8783783783783784	supported_gvpa	pf00741_and_competitive_gvpa_support	143.6	82.9	natural_heldout	gvpa	0	nat_575a3ddb97ad6997411f
nat_dabe1f4728c04495925e	dabe1f4728c04495925e0f9270a5657a7770fb004a500ebd6cd83d02fc54442f	127	pass	45.8	46.3	0.9743589743589743	gvpa	147.8	gvpj	97.4	50.400000000000006	0.8613138686131386	0.9212598425196851	supported_gvpa	pf00741_and_competitive_gvpa_support	147.8	97.4	natural_heldout	gvpa	0	nat_dabe1f4728c04495925e
nat_5fe0328494dc254c515b	5fe0328494dc254c515b151224ced5890975857b4eb01359ed24836ccf9c4e0b	145	pass	40.0	40.4	1.0	gvpa	157.8	gvpj	92.3	65.50000000000001	0.9708029197080292	0.903448275862069	supported_gvpa	pf00741_and_competitive_gvpa_support	157.8	92.3	natural_heldout	gvpa	0	nat_5fe0328494dc254c515b
nat_2020b232078a08b4fb2b	2020b232078a08b4fb2ba23c5957f8f9390b6f6b8f9bf83e50c07d8ad197a4f4	128	pass	45.4	46.2	0.9743589743589743	gvpa	146.8	gvpj	97.5	49.30000000000001	0.8540145985401459	0.90625	supported_gvpa	pf00741_and_competitive_gvpa_support	146.8	97.5	natural_heldout	gvpa	0	nat_2020b232078a08b4fb2b
nat_a35562a6d386286458f3	a35562a6d386286458f3f64c5f980660047b7458dc43cc950c941b3ef0e27128	128	pass	41.9	42.6	0.9743589743589743	gvpa	138.1	gvpj	90.5	47.599999999999994	0.8467153284671532	0.8984375	supported_gvpa	pf00741_and_competitive_gvpa_support	138.1	90.5	natural_heldout	gvpa	0	nat_a35562a6d386286458f3
nat_72774f3330f715fae401	72774f3330f715fae40167c5908fe22bce041ba01f9d5aab707701da56e39434	85	pass	56.0	56.3	1.0	gvpj	94.4	gvpa	132.1	-37.69999999999999	0.6578947368421053	0.8823529411764706	gvpa_gvpj_ambiguous	insufficient_competitive_margin	132.1	94.4	natural_heldout	gvpa	0	nat_72774f3330f715fae401
nat_ba64cf7825cd36a3f8b7	ba64cf7825cd36a3f8b7950863533515132c06bc5ea3e8c16b6b8e17740e07a2	86	pass	56.0	56.3	1.0	gvpj	96.5	gvpa	133.3	-36.80000000000001	0.6666666666666666	0.872093023255814	gvpa_gvpj_ambiguous	insufficient_competitive_margin	133.3	96.5	natural_heldout	gvpa	0	nat_ba64cf7825cd36a3f8b7
nat_d8ac85c1e2427ebd2b9e	d8ac85c1e2427ebd2b9e638f9cb4216daa438ae2d8862811ccb10a63bd503e7f	147	pass	40.0	40.3	1.0	gvpa	154.5	gvpj	91.5	63.0	0.948905109489051	0.8775510204081632	supported_gvpa	pf00741_and_competitive_gvpa_support	154.5	91.5	natural_heldout	gvpa	0	nat_d8ac85c1e2427ebd2b9e
nat_36827e11a82ffe460664	36827e11a82ffe4606640d17dad8a7c9d14d738f0d01c12f842d3508586b336b	151	pass	46.5	47.0	1.0	gvpa	157.3	gvpj	93.1	64.20000000000002	0.9562043795620438	0.8807947019867549	supported_gvpa	pf00741_and_competitive_gvpa_support	157.3	93.1	natural_heldout	gvpa	0	nat_36827e11a82ffe460664
nat_833997551203b7f90ae0	833997551203b7f90ae0e9d167bbef6ce157f99a88d0b932113dc2cbf0a15cf8	158	pass	44.0	44.5	1.0	gvpa	152.0	gvpj	87.3	64.7	0.9343065693430657	0.8481012658227848	supported_gvpa	pf00741_and_competitive_gvpa_support	152.0	87.3	natural_heldout	gvpa	0	nat_833997551203b7f90ae0
nat_0ebe1baa66ad5d5cb860	0ebe1baa66ad5d5cb8607d42e8fc713fc3899cf25aa348616b2a45f1003c8c9e	129	pass	52.1	52.7	0.9743589743589743	gvpa	145.7	gvpj	101.9	43.79999999999998	0.8175182481751825	0.8449612403100775	supported_gvpa	pf00741_and_competitive_gvpa_support	145.7	101.9	natural_heldout	gvpa	0	nat_0ebe1baa66ad5d5cb860
nat_98510cc23b6e65ce4afa	98510cc23b6e65ce4afaa9ef0aac7dd1f24e06cc2e132a86848129e35faba0e3	86	pass	57.1	57.5	1.0	gvpj	94.9	gvpa	131.7	-36.79999999999998	0.6491228070175439	0.872093023255814	gvpa_gvpj_ambiguous	insufficient_competitive_margin	131.7	94.9	natural_heldout	gvpa	0	nat_98510cc23b6e65ce4afa
nat_dda4548fde968a05b6df	dda4548fde968a05b6df8456c9b9332f22efb4e789588942ec227b681974452c	141	pass	46.7	47.1	0.9743589743589743	gvpa	150.8	gvpj	95.7	55.10000000000001	0.927007299270073	0.8936170212765957	supported_gvpa	pf00741_and_competitive_gvpa_support	150.8	95.7	natural_heldout	gvpa	0	nat_dda4548fde968a05b6df
nat_1928e65272069bd9fa51	1928e65272069bd9fa510db007191108443828c31f2656fea90ef95f5a182aa7	141	pass	44.3	44.7	0.9743589743589743	gvpa	160.5	gvpj	92.9	67.6	0.948905109489051	0.9148936170212766	supported_gvpa	pf00741_and_competitive_gvpa_support	160.5	92.9	natural_heldout	gvpa	0	nat_1928e65272069bd9fa51
nat_1f087f3f20cf0e414c21	1f087f3f20cf0e414c211f8b8062e786a6578090b0e7fc2bdc9e30660d1d4381	141	pass	46.7	47.1	0.9743589743589743	gvpa	155.4	gvpj	93.3	62.10000000000001	0.948905109489051	0.9148936170212766	supported_gvpa	pf00741_and_competitive_gvpa_support	155.4	93.3	natural_heldout	gvpa	0	nat_1f087f3f20cf0e414c21
nat_7ca23b11f7e72b0b7519	7ca23b11f7e72b0b7519a80a408a7b4b8beb27f907dd04a3b39decbca41655f3	145	pass	46.3	46.3	0.9743589743589743	gvpa	143.2	gvpj	93.3	49.89999999999999	0.8905109489051095	0.8620689655172413	supported_gvpa	pf00741_and_competitive_gvpa_support	143.2	93.3	natural_heldout	gvpa	0	nat_7ca23b11f7e72b0b7519
nat_241c00832790324418cd	241c00832790324418cd1075924f87a5e93d729451db5976e21208348ae45ed7	132	pass	54.4	54.4	1.0	gvpa	154.2	gvpj	103.7	50.499999999999986	0.8175182481751825	0.8257575757575758	supported_gvpa	pf00741_and_competitive_gvpa_support	154.2	103.7	natural_heldout	gvpa	0	nat_241c00832790324418cd
nat_14b8d1a3240d87319476	14b8d1a3240d87319476ab4c8dd5f122b42ed51a1bfb6ca5d4b7b3d6668363c1	91	pass	61.1	61.5	1.0	gvpj	95.7	gvpa	129.6	-33.89999999999999	0.6403508771929824	0.8241758241758241	gvpa_gvpj_ambiguous	insufficient_competitive_margin	129.6	95.7	natural_heldout	gvpj	0	nat_14b8d1a3240d87319476
nat_0e04889ea449c11132b4	0e04889ea449c11132b46b6d3cc08adbd373bf5f1465f50ae1a2ca651ea7675f	73	pass	56.5	56.8	0.9743589743589743			gvpa	119.6		0.0	0.0	unsupported	no_qualified_subfamily_hit	119.6	88.5	natural_heldout	gvpj	0	nat_0e04889ea449c11132b4
nat_ff9c5d10b21ed7b06913	ff9c5d10b21ed7b06913f77b234631b63ecb3f97c32cc95c79e1808c84902994	91	pass	55.4	55.8	0.9743589743589743	gvpj	93.7	gvpa	126.6	-32.89999999999999	0.7631578947368421	0.8791208791208791	gvpa_gvpj_ambiguous	insufficient_competitive_margin	126.6	93.7	natural_heldout	gvpj	0	nat_ff9c5d10b21ed7b06913
nat_2afc6fb850c8bc89b0f2	2afc6fb850c8bc89b0f23386d755bad743934c721099ea236eeae1863cbb4f22	80	pass	59.1	59.4	1.0	gvpj	92.7	gvpa	128.0	-35.3	0.6140350877192983	0.85	gvpa_gvpj_ambiguous	insufficient_competitive_margin	128.0	92.7	natural_heldout	gvpj	0	nat_2afc6fb850c8bc89b0f2
nat_6d995d9db67c9b27bce8	6d995d9db67c9b27bce8b5a79af86b4e60b0c43be0baa5c543e8e8dd085dc7b3	72	pass	59.2	59.6	1.0			gvpa	124.5		0.0	0.0	unsupported	no_qualified_subfamily_hit	124.5	89.1	natural_heldout	gvpj	0	nat_6d995d9db67c9b27bce8
nat_a46817057b2430d35a66	a46817057b2430d35a66af693a75d5bfb1e2d7719ba5eb53f9f053d3ec589160	87	pass	56.4	56.8	1.0	gvpj	94.7	gvpa	131.6	-36.89999999999999	0.7192982456140351	0.9080459770114943	gvpa_gvpj_ambiguous	insufficient_competitive_margin	131.6	94.7	natural_heldout	gvpj	0	nat_a46817057b2430d35a66
nat_375409e47c121ca81b85	375409e47c121ca81b85e91a4727700b9170b3cb9a5825557448f0be25b0530a	85	pass	56.0	56.3	1.0	gvpj	92.7	gvpa	131.0	-38.3	0.7192982456140351	0.9294117647058824	gvpa_gvpj_ambiguous	insufficient_competitive_margin	131.0	92.7	natural_heldout	gvpj	0	nat_375409e47c121ca81b85
nat_7549e3c1301e8688c306	7549e3c1301e8688c306a9a1a2f1b436ffcfd9c0a6d621bbb8cc665bcd67439b	86	pass	58.5	58.9	1.0	gvpj	96.7	gvpa	132.4	-35.7	0.7280701754385965	0.9418604651162791	gvpa_gvpj_ambiguous	insufficient_competitive_margin	132.4	96.7	natural_heldout	gvpj	0	nat_7549e3c1301e8688c306
nat_7b11238f75117cdf3b62	7b11238f75117cdf3b62a9661c3d26b74cef73f9e13d365defcbc3f2e532fb11	86	pass	58.0	58.4	1.0	gvpj	100.1	gvpa	135.1	-35.0	0.7192982456140351	0.9069767441860465	gvpa_gvpj_ambiguous	insufficient_competitive_margin	135.1	100.1	natural_heldout	gvpj	0	nat_7b11238f75117cdf3b62
nat_dbc06e5fd5d989a1d1e4	dbc06e5fd5d989a1d1e41a83051832f7f400c7c8c19237fa107612d16a866609	86	pass	58.5	58.9	1.0	gvpj	98.0	gvpa	133.4	-35.400000000000006	0.6666666666666666	0.872093023255814	gvpa_gvpj_ambiguous	insufficient_competitive_margin	133.4	98.0	natural_heldout	gvpj	0	nat_dbc06e5fd5d989a1d1e4
nat_fdd60eac4981a8e64371	fdd60eac4981a8e6437103549da51b55aaead533f8426200118c1e00e85eb04e	73	pass	53.7	54.0	1.0	gvpj	91.0	gvpa	126.1	-35.099999999999994	0.6140350877192983	0.9452054794520548	gvpa_gvpj_ambiguous	insufficient_competitive_margin	126.1	91.0	natural_heldout	gvpj	0	nat_fdd60eac4981a8e64371
nat_172247f25d7a88e5c254	172247f25d7a88e5c2543baf8567ae503b29468269ff71eddb9d45342ff51441	86	pass	56.4	56.8	1.0	gvpj	94.8	gvpa	131.5	-36.7	0.6491228070175439	0.872093023255814	gvpa_gvpj_ambiguous	insufficient_competitive_margin	131.5	94.8	natural_heldout	gvpj	0	nat_172247f25d7a88e5c254
nat_76fdc377bbf82dcb5234	76fdc377bbf82dcb5234e8da2542f1a4e0442f0adcb6d7cc31459bab4cc686fc	85	pass	56.0	56.3	1.0	gvpj	94.1	gvpa	131.8	-37.70000000000002	0.7192982456140351	0.9294117647058824	gvpa_gvpj_ambiguous	insufficient_competitive_margin	131.8	94.1	natural_heldout	gvpj	0	nat_76fdc377bbf82dcb5234
nat_883a9edd1d317110f140	883a9edd1d317110f1405fa9a535c6755b84d589e6a5980dca1bb63a423197fc	73	pass	57.1	57.4	1.0			gvpa	114.9		0.0	0.0	unsupported	no_qualified_subfamily_hit	114.9	86.0	natural_heldout	gvpj	0	nat_883a9edd1d317110f140
nat_7e5a0ca10a01973b587c	7e5a0ca10a01973b587c1d39d10bb469fbdea19c9a2717caeb36a4b12b33cc49	86	pass	58.5	58.9	1.0	gvpj	95.1	gvpa	130.7	-35.599999999999994	0.6578947368421053	0.872093023255814	gvpa_gvpj_ambiguous	insufficient_competitive_margin	130.7	95.1	natural_heldout	gvpj	0	nat_7e5a0ca10a01973b587c
nat_2042b63e95655cdc9d68	2042b63e95655cdc9d68dd369d8199176aab0bd38adc43ad6ebe8d52c3ab0054	72	pass	60.9	61.2	1.0			gvpa	126.1		0.0	0.0	unsupported	no_qualified_subfamily_hit	126.1	91.8	natural_heldout	gvpj	0	nat_2042b63e95655cdc9d68
nat_acfca75ffa4093670cf2	acfca75ffa4093670cf25bac76bb2b4210de82be69a439914669ab3c0962b039	72	pass	54.5	54.8	1.0	gvpj	82.4	gvpa	118.6	-36.19999999999999	0.6140350877192983	0.9583333333333334	gvpa_gvpj_ambiguous	insufficient_competitive_margin	118.6	82.4	natural_heldout	gvpa	0	nat_acfca75ffa4093670cf2
nat_38939b26cbc5a274769e	38939b26cbc5a274769e9d461efa0aebff28ccb8dbdd08d2dd8491837a29a457	72	pass	56.7	57.0	1.0			gvpa	125.6		0.0	0.0	unsupported	no_qualified_subfamily_hit	125.6	87.4	natural_heldout	gvpa	0	nat_38939b26cbc5a274769e
nat_2e67a9559a5d385089e1	2e67a9559a5d385089e166034789cf6d8f943aaba7dc751826d19336808f7330	546	fail			0.0			gvpn	426.1		0.0	0.0	unsupported	no_qualified_subfamily_hit			natural_heldout	gvpn	0	nat_2e67a9559a5d385089e1
nat_b6bdb8734681bcea444a	b6bdb8734681bcea444a9b831d639e56053b4aa9401a3f0b004e01cc9216a03f	506	fail			0.0			gvpn	424.3		0.0	0.0	unsupported	no_qualified_subfamily_hit			natural_heldout	gvpn	0	nat_b6bdb8734681bcea444a
nat_d35f18eddb686cd97007	d35f18eddb686cd97007586fc928e74bc31ad3767efa45105c6cec0de708161a	502	fail			0.0			gvpn	430.0		0.0	0.0	unsupported	no_qualified_subfamily_hit			natural_heldout	gvpn	0	nat_d35f18eddb686cd97007
nat_5322cde66edfa53888a3	5322cde66edfa53888a388479c7e2bed15dcf96facf2f60fff496d53b7ac897e	490	fail			0.0	gvpn	424.1	gvpc	44.3	379.8	0.896969696969697	0.6020408163265306	other_gvp	competitive_gvpn_support			natural_heldout	gvpn	0	nat_5322cde66edfa53888a3
nat_eea50b6e1902af9b049c	eea50b6e1902af9b049c91ed559ef9ea2c2f7dcf0f1eb3dbce323eab90e4d979	481	fail	0.9	2.1	0.41025641025641024	gvpn	402.3	gvpc	57.4	344.90000000000003	0.8939393939393939	0.6361746361746362	other_gvp	competitive_gvpn_support		2.5	natural_heldout	gvpn	0	nat_eea50b6e1902af9b049c
nat_e953b5f5229ead5bb05c	e953b5f5229ead5bb05c5bed23cd4e205d2d6ae873fb044cf21b51acb812c141	459	fail			0.0	gvpn	422.3	gvpc	23.5	398.8	0.896969696969697	0.6427015250544662	other_gvp	competitive_gvpn_support			natural_heldout	gvpn	0	nat_e953b5f5229ead5bb05c
nat_9c8132712ea576438b26	9c8132712ea576438b268b996f47a1c62b08947f730476d00e61c2cd83e182b7	452	fail			0.0	gvpn	424.3	gvpc	44.6	379.7	0.8818181818181818	0.6438053097345132	other_gvp	competitive_gvpn_support			natural_heldout	gvpn	0	nat_9c8132712ea576438b26
nat_9735bbf071ea4d0e88dc	9735bbf071ea4d0e88dc392f456701f8f940952dbccb52576897b6c39ce1a9ef	449	fail			0.0	gvpn	428.2	gvpc	47.5	380.7	0.9212121212121213	0.6748329621380846	other_gvp	competitive_gvpn_support			natural_heldout	gvpn	0	nat_9735bbf071ea4d0e88dc
nat_b801b8f74a7687732592	b801b8f74a7687732592b536a48bab890134a92186f56f82be71924917c7fb22	432	fail			0.0	gvpn	434.0	gvpc	28.8	405.2	0.8909090909090909	0.6782407407407407	other_gvp	competitive_gvpn_support			natural_heldout	gvpn	0	nat_b801b8f74a7687732592
nat_0a4e225cb9c56d6b84d6	0a4e225cb9c56d6b84d6f401011cd47198a6d1e9d76f4ad212e69ed3c57fb280	429	fail			0.0	gvpn	419.5	gvpc	26.0	393.5	0.9090909090909091	0.696969696969697	other_gvp	competitive_gvpn_support			natural_heldout	gvpn	0	nat_0a4e225cb9c56d6b84d6
nat_8eec0303cc68de85791a	8eec0303cc68de85791a0f8a212481a547683335382858958106230eb2fa780d	423	fail			0.0	gvpn	437.3	gvpc	34.1	403.2	0.9181818181818182	0.7139479905437353	other_gvp	competitive_gvpn_support			natural_heldout	gvpn	0	nat_8eec0303cc68de85791a
nat_e9c94abf9541bdaab211	e9c94abf9541bdaab211187596337d1b416f5f1647a7c536fa496d665135fbb8	422	fail			0.0	gvpn	417.8	gvpc	25.1	392.7	0.9090909090909091	0.7085308056872038	other_gvp	competitive_gvpn_support			natural_heldout	gvpn	0	nat_e9c94abf9541bdaab211
nat_2648d629b38e7cef6323	2648d629b38e7cef6323afd32592b21c6c305a88cc6087048458ff504acb50d3	421	fail			0.0	gvpn	430.0	gvpc	33.3	396.7	0.8939393939393939	0.6983372921615202	other_gvp	competitive_gvpn_support	0.5	0.1	natural_heldout	gvpn	0	nat_2648d629b38e7cef6323
nat_6fbd68d02ac2a1e1dafe	6fbd68d02ac2a1e1dafe281aaadbb6251c74b21611a5c11bc997c45a2a42fc78	419	fail			0.0	gvpn	431.5	gvpc	53.6	377.9	0.9090909090909091	0.7136038186157518	other_gvp	competitive_gvpn_support			natural_heldout	gvpn	0	nat_6fbd68d02ac2a1e1dafe
nat_54f42a9ee5419e125305	54f42a9ee5419e1253053c9842cf4155204b8688bf5b026fbb160dc310e7f11d	418	fail			0.0	gvpn	423.0	gvpc	18.5	404.5	0.9121212121212121	0.7177033492822966	other_gvp	competitive_gvpn_support			natural_heldout	gvpn	0	nat_54f42a9ee5419e125305
nat_20a0c3cba5c7bfbc2968	20a0c3cba5c7bfbc2968de08dc133eb72671c9c4ec95da165995fbb4d59384f1	418	fail			0.0	gvpn	428.9	gvpc	28.7	400.2	0.8878787878787879	0.6985645933014354	other_gvp	competitive_gvpn_support			natural_heldout	gvpn	0	nat_20a0c3cba5c7bfbc2968
nat_7f3d6f1f346dd38132e2	7f3d6f1f346dd38132e2f0ab76887c2da2325d5acb050fb7993e878cf48ccf11	417	fail			0.0	gvpn	428.5	gvpc	28.6	399.9	0.9272727272727272	0.7314148681055156	other_gvp	competitive_gvpn_support			natural_heldout	gvpn	0	nat_7f3d6f1f346dd38132e2
nat_423e61c432bfd3ff9c3b	423e61c432bfd3ff9c3b72ba7de0804ccd91e709b950891002ae002ce69581d9	416	fail			0.0	gvpn	422.1	gvpc	27.3	394.8	0.9424242424242424	0.7451923076923077	other_gvp	competitive_gvpn_support			natural_heldout	gvpn	0	nat_423e61c432bfd3ff9c3b
nat_fbd3fd4e6b2a9a3985ad	fbd3fd4e6b2a9a3985ad2f4a02167ae851b25e5c572371997f6fe145b16b88aa	415	fail			0.0	gvpn	423.5	gvpc	25.1	398.4	0.8818181818181818	0.6987951807228916	other_gvp	competitive_gvpn_support			natural_heldout	gvpn	0	nat_fbd3fd4e6b2a9a3985ad
nat_149d79d1e2e651f0b2cf	149d79d1e2e651f0b2cfa5fe4d61c835023e967814e66bb4da1a962f804a6906	413	fail			0.0	gvpn	424.2	gvpc	25.3	398.9	0.9363636363636364	0.7457627118644068	other_gvp	competitive_gvpn_support			natural_heldout	gvpn	0	nat_149d79d1e2e651f0b2cf
nat_32fdbf8eba6ab6b512a2	32fdbf8eba6ab6b512a22c6fa2e12209ba6aee560844ef118ac16763e7f4d732	411	fail			0.0	gvpn	421.7	gvpc	35.1	386.59999999999997	0.9181818181818182	0.7347931873479319	other_gvp	competitive_gvpn_support			natural_heldout	gvpn	0	nat_32fdbf8eba6ab6b512a2
nat_02aa5adb843bcbb28558	02aa5adb843bcbb2855898c5dd88db85c5cdd622c385b14e8ec774dc30ec1ef1	411	fail			0.0	gvpn	425.2	gvpc	41.0	384.2	0.9090909090909091	0.7274939172749392	other_gvp	competitive_gvpn_support			natural_heldout	gvpn	0	nat_02aa5adb843bcbb28558
nat_04782b3e5d10ee5f349b	04782b3e5d10ee5f349b6a93aaa296897bcac342558c572758d5632ae0066be7	410	fail			0.0	gvpn	414.6	gvpl	4.4	410.20000000000005	0.9030303030303031	0.7317073170731707	other_gvp	competitive_gvpn_support			natural_heldout	gvpn	0	nat_04782b3e5d10ee5f349b
nat_83b35e1afef7eb2b15e7	83b35e1afef7eb2b15e7aa49cb20cdd25f32a5d1d345e55e7fb19189f1611ea9	410	fail			0.0	gvpn	429.5	gvpc	48.7	380.8	0.8939393939393939	0.7170731707317073	other_gvp	competitive_gvpn_support			natural_heldout	gvpn	0	nat_83b35e1afef7eb2b15e7
nat_5a8b313f8585f54f4658	5a8b313f8585f54f4658eda7ab30005f84a465cc9fd60def6ca81a4ab26e967d	410	fail			0.0	gvpn	423.5	gvpc	19.9	403.6	0.8848484848484849	0.7097560975609756	other_gvp	competitive_gvpn_support			natural_heldout	gvpn	0	nat_5a8b313f8585f54f4658
nat_f349a9497408e858de5d	f349a9497408e858de5d96c42fa27c4e907379ded6f32ee494ed39953bd3367e	406	fail			0.0	gvpn	431.9	gvpc	54.8	377.09999999999997	0.8787878787878788	0.7118226600985221	other_gvp	competitive_gvpn_support			natural_heldout	gvpn	0	nat_f349a9497408e858de5d
nat_69cee74069ea570841b6	69cee74069ea570841b6077ebabc7066904906cb43eaf5a23bca653505fbbd16	403	fail			0.0	gvpc	247.6				0.9878419452887538	0.9875930521091811	other_gvp	competitive_gvpc_support;no_reportable_runner_up			natural_heldout	gvpc	0	nat_69cee74069ea570841b6
nat_d0ec3f874170382d9f35	d0ec3f874170382d9f359c16e943b419cb26e3b8ea463c476092eb9999e38f74	402	fail			0.0	gvpn	439.7	gvpc	33.7	406.0	0.9151515151515152	0.7487562189054726	other_gvp	competitive_gvpn_support			natural_heldout	gvpn	0	nat_d0ec3f874170382d9f35
nat_938a17e9c3546d6b6666	938a17e9c3546d6b6666f320146bc1b0dd6bbd20985759cfdd88fbd0fd360a6b	402	fail			0.0	gvpn	423.9	gvpc	39.1	384.79999999999995	0.896969696969697	0.7338308457711443	other_gvp	competitive_gvpn_support			natural_heldout	gvpn	0	nat_938a17e9c3546d6b6666
nat_973ad1057434fe5da28a	973ad1057434fe5da28a5001c2aec4be602911bb8d6079214469405ea1114dd1	401	fail			0.0	gvpn	340.3				0.9	0.7481296758104738	other_gvp	competitive_gvpn_support;no_reportable_runner_up			natural_heldout	gvpn	0	nat_973ad1057434fe5da28a
nat_0ea2e01b050da8389800	0ea2e01b050da8389800c864244a635c555ac0c1824810fb227efbec5669e879	399	fail			0.0	gvpn	420.4	gvpc	50.9	369.5	0.9030303030303031	0.7443609022556391	other_gvp	competitive_gvpn_support			natural_heldout	gvpn	0	nat_0ea2e01b050da8389800
nat_bfe2f0c48495399ac8c4	bfe2f0c48495399ac8c4422a19cce96ba68cdaa4f844738cd707a7c088a7cb46	398	fail			0.0	gvpn	409.8	gvpc	47.9	361.90000000000003	0.9151515151515152	0.7989949748743719	other_gvp	competitive_gvpn_support			natural_heldout	gvpn	0	nat_bfe2f0c48495399ac8c4
nat_4f933ce975202631fc9d	4f933ce975202631fc9d885ff6a08a18278fa1ba4c4a765276fc096b75209b38	398	fail			0.0	gvpn	406.5	gvpc	46.3	360.2	0.896969696969697	0.7839195979899497	other_gvp	competitive_gvpn_support			natural_heldout	gvpn	0	nat_4f933ce975202631fc9d
nat_2fcf63c4d0b08851d7bb	2fcf63c4d0b08851d7bb124e4f9a4f2392cc433ad4d00c2df987e633892779d7	396	fail			0.0	gvpn	431.3	gvpc	40.2	391.1	0.8909090909090909	0.73989898989899	other_gvp	competitive_gvpn_support			natural_heldout	gvpn	0	nat_2fcf63c4d0b08851d7bb
nat_38bf58c786f61248c36c	38bf58c786f61248c36c6cb2ce244367a25b54c4e517baeb5d631ca6aa342fa1	395	fail			0.0	gvpn	404.9	gvpc	45.1	359.79999999999995	0.906060606060606	0.8025316455696202	other_gvp	competitive_gvpn_support			natural_heldout	gvpn	0	nat_38bf58c786f61248c36c
nat_e7ed1202d1618f77bb2e	e7ed1202d1618f77bb2e6593e8283b289a6a30ae39f99f01c10bfb0f7f08562a	393	fail			0.0	gvpn	400.3	gvpc	45.7	354.6	0.9181818181818182	0.811704834605598	other_gvp	competitive_gvpn_support			natural_heldout	gvpn	0	nat_e7ed1202d1618f77bb2e
nat_28a3b1efd26c46ff28f4	28a3b1efd26c46ff28f4760af82ec26380ede6a062aaeaf8e7c59dd73dcc2293	393	fail			0.0			gvpn	301.8		0.0	0.0	unsupported	no_qualified_subfamily_hit			natural_heldout	gvpn	0	nat_28a3b1efd26c46ff28f4
nat_4b7705e733d8c506a3f1	4b7705e733d8c506a3f144ea6e9e53ce43069df834289bb7956e0b17e5f97718	389	fail			0.0			gvpn	302.3		0.0	0.0	unsupported	no_qualified_subfamily_hit			natural_heldout	gvpn	0	nat_4b7705e733d8c506a3f1
nat_7dc06544d027b1021841	7dc06544d027b10218415c0996c109da34ca9009a4a79cef49c519d2b6b715a4	388	fail			0.0			gvpn	303.0		0.0	0.0	unsupported	no_qualified_subfamily_hit			natural_heldout	gvpn	0	nat_7dc06544d027b1021841
nat_137fdc7c703d1b0379db	137fdc7c703d1b0379db62655c240303907b6ff7b1f1937434f300c45fd142f6	387	fail			0.0			gvpn	303.1		0.0	0.0	unsupported	no_qualified_subfamily_hit			natural_heldout	gvpn	0	nat_137fdc7c703d1b0379db
nat_00857e373ba6458d2397	00857e373ba6458d2397cf4debac99805b555fd0d04a0ab0b8aebeb906d2a79c	386	fail			0.0	gvpn	430.0	gvpc	9.4	420.6	0.9242424242424242	0.7875647668393783	other_gvp	competitive_gvpn_support			natural_heldout	gvpn	0	nat_00857e373ba6458d2397
nat_823d96f8c4b516596394	823d96f8c4b5165963942842f48c5800d5b3ef90ef2acd8af54929f8201a65e4	385	fail			0.0	gvpn	425.9	gvpc	26.2	399.7	0.9	0.7688311688311689	other_gvp	competitive_gvpn_support			natural_heldout	gvpn	0	nat_823d96f8c4b516596394
nat_579844cb6db93ae5e909	579844cb6db93ae5e909bbf54c5840990a218266bcbd3210d7306e8ec7c00c56	383	fail			0.0	gvpn	424.9	gvpc	16.4	408.5	0.906060606060606	0.7780678851174935	other_gvp	competitive_gvpn_support			natural_heldout	gvpn	0	nat_579844cb6db93ae5e909
nat_8fb4061b311460a720c1	8fb4061b311460a720c1bc90d815d1965f34bac84e2d0bddadf37078c823dbb1	383	fail			0.0	gvpn	427.3	gvpc	17.7	409.6	0.9121212121212121	0.783289817232376	other_gvp	competitive_gvpn_support			natural_heldout	gvpn	0	nat_8fb4061b311460a720c1
nat_93c537fc9102a67e551f	93c537fc9102a67e551fdc2137d298fab335015b882c42e6f24f1c8688908776	382	fail			0.0	gvpn	426.2	gvpc	27.6	398.59999999999997	0.906060606060606	0.7801047120418848	other_gvp	competitive_gvpn_support			natural_heldout	gvpn	0	nat_93c537fc9102a67e551f
nat_ee215e560b3bde143fef	ee215e560b3bde143fefeaea6ebb607a2b8a5a45a49105d8ecd37b6c5884030d	382	fail			0.0	gvpc	27.9				0.8693009118541033	0.9424083769633508	other_gvp	competitive_gvpc_support;no_reportable_runner_up			natural_heldout	gvpc	0	nat_ee215e560b3bde143fef
nat_acf13dff7d85dd1b4582	acf13dff7d85dd1b4582b4dcde58a707157659435bb7e7f56119c2ad40f2994b	381	fail			0.0	gvpn	433.7	gvpc	18.0	415.7	0.9424242424242424	0.8136482939632546	other_gvp	competitive_gvpn_support			natural_heldout	gvpn	0	nat_acf13dff7d85dd1b4582
nat_46493994355e9e860e13	46493994355e9e860e134bb6d7dfac89c7c4b67bfade0313be107ce3d1e1a24e	381	fail			0.0	gvpn	433.0	gvpc	34.3	398.7	0.8727272727272727	0.7532808398950132	other_gvp	competitive_gvpn_support			natural_heldout	gvpn	0	nat_46493994355e9e860e13
nat_690befef9ed3bae5c820	690befef9ed3bae5c82022acf81608a0776c62ba4d7fea6839bfaebbdcbb0500	379	fail			0.0	gvpn	421.3	gvpc	62.0	359.3	0.8909090909090909	0.7730870712401056	other_gvp	competitive_gvpn_support			natural_heldout	gvpn	0	nat_690befef9ed3bae5c820
nat_c71ec6d271d4048dc5b9	c71ec6d271d4048dc5b93e263893e207384d5ec662f3b9bdfd63ba9e38141229	379	fail			0.0	gvpn	380.1	gvpc	46.3	333.8	0.8	0.7598944591029023	other_gvp	competitive_gvpn_support			natural_heldout	gvpn	0	nat_c71ec6d271d4048dc5b9
nat_e9eb43811f2330da42df	e9eb43811f2330da42dff162d0b0545164bebc3de0867615d60d3fcc4f41ae3a	374	fail			0.0	gvpn	420.6	gvpc	48.9	371.70000000000005	0.8818181818181818	0.7754010695187166	other_gvp	competitive_gvpn_support			natural_heldout	gvpn	0	nat_e9eb43811f2330da42df
nat_8d236d3ac40de77afe2a	8d236d3ac40de77afe2afd722d2154865f930f73cf5a8941c289582b22415095	374	fail			0.0	gvpn	409.6				0.8454545454545455	0.7459893048128342	other_gvp	competitive_gvpn_support;no_reportable_runner_up			natural_heldout	gvpn	0	nat_8d236d3ac40de77afe2a
nat_7e86aa921e43cec15ccd	7e86aa921e43cec15ccd2693b36e523d3043259364d557159a798eada943f877	372	fail			0.0	gvpn	407.3				0.896969696969697	0.7983870967741935	other_gvp	competitive_gvpn_support;no_reportable_runner_up			natural_heldout	gvpn	0	nat_7e86aa921e43cec15ccd
nat_eedf2d89181613d2065f	eedf2d89181613d2065f1240fe1fb8ab844f6a350e4d8ea15481463d95e5f33c	370	fail			0.0	gvpn	416.1				0.8878787878787879	0.7945945945945946	other_gvp	competitive_gvpn_support;no_reportable_runner_up			natural_heldout	gvpn	0	nat_eedf2d89181613d2065f
nat_d357e9d3ead4e202b4ba	d357e9d3ead4e202b4baf08680062b3129ec536e0e1f5a2ff3a0f0d9c7f8389e	370	fail			0.0	gvpn	418.9				0.8939393939393939	0.8	other_gvp	competitive_gvpn_support;no_reportable_runner_up			natural_heldout	gvpn	0	nat_d357e9d3ead4e202b4ba
nat_0f51e0db355810694385	0f51e0db355810694385182441003b873f1d1bc79e9a462961e51fbddc4fef36	369	fail			0.0	gvpn	413.9	gvpa	0.7	413.2	0.896969696969697	0.8048780487804879	other_gvp	competitive_gvpn_support	0.7		natural_heldout	gvpn	0	nat_0f51e0db355810694385
nat_d1bff6ecbca72522c636	d1bff6ecbca72522c63611376383bb62711c6ea971f1d5ed5cfd284d9087d86d	366	fail			0.0	gvpn	426.2				0.9121212121212121	0.819672131147541	other_gvp	competitive_gvpn_support;no_reportable_runner_up			natural_heldout	gvpn	0	nat_d1bff6ecbca72522c636
nat_f55b54c09bc9e7d7a61d	f55b54c09bc9e7d7a61d845455dc76d8a262c56ef657ba30966456471a6c7379	361	fail			0.0	gvpn	425.1				0.9333333333333333	0.850415512465374	other_gvp	competitive_gvpn_support;no_reportable_runner_up			natural_heldout	gvpn	0	nat_f55b54c09bc9e7d7a61d
nat_d95288fc3c89b2227500	d95288fc3c89b2227500ec45156d815557ed12d071fe08e8b2f520faad224e2d	360	fail			0.0	gvpl	373.0	gvpc	1.4	371.6	0.9714285714285714	0.8444444444444444	other_gvp	competitive_gvpl_support			natural_heldout	gvpl	0	nat_d95288fc3c89b2227500
nat_bda2bb5bb32dc7505031	bda2bb5bb32dc750503154f39d052f8ec8f958105d545974bf33ce7fc7141e30	358	fail			0.0	gvpl	260.0	gvpc	2.8	257.2	0.9392857142857143	0.729050279329609	other_gvp	competitive_gvpl_support			natural_heldout	gvpl	0	nat_bda2bb5bb32dc7505031
nat_fd09d4b5d781cbc2a021	fd09d4b5d781cbc2a0212410074b496344b300827c04f1b28666b054cb7a6020	358	fail			0.0	gvpn	391.7				0.8636363636363636	0.7932960893854749	other_gvp	competitive_gvpn_support;no_reportable_runner_up			natural_heldout	gvpn	0	nat_fd09d4b5d781cbc2a021
nat_e019c232d73b7720272e	e019c232d73b7720272ea4b01dde3ff16f1fc060a340e125cd58dba57415b879	358	fail			0.0	gvpn	385.4	gvpl	2.2	383.2	0.9121212121212121	0.8463687150837989	other_gvp	competitive_gvpn_support			natural_heldout	gvpn	0	nat_e019c232d73b7720272e
nat_f2b695930cb506a8b51a	f2b695930cb506a8b51a5b600ffbc50946edf326bb51a49b48f422372c2f61e0	357	fail			0.0	gvpl	359.7	gvpv	4.4	355.3	0.9714285714285714	0.8319327731092437	other_gvp	competitive_gvpl_support			natural_heldout	gvpl	0	nat_f2b695930cb506a8b51a
nat_6a167a94a8e6ee1a149f	6a167a94a8e6ee1a149f808558ff989793ee8670e01f8a6713764f25f9d8e570	356	fail			0.0	gvpl	359.1	gvpv	3.6	355.5	0.9678571428571429	0.8398876404494382	other_gvp	competitive_gvpl_support			natural_heldout	gvpl	0	nat_6a167a94a8e6ee1a149f
nat_5b5e99744737ba3e4186	5b5e99744737ba3e4186847a1c3377cb5ecb65d825e25abd85769fc4ce1cc2ad	355	fail			0.0	gvpn	428.8	gvpg	1.4	427.40000000000003	0.9424242424242424	0.8732394366197183	other_gvp	competitive_gvpn_support	0.1		natural_heldout	gvpn	0	nat_5b5e99744737ba3e4186
nat_1f8d7c06df9e8eaedba0	1f8d7c06df9e8eaedba0d5238c4185f57c18354aee68d60613d095f6044b9578	350	fail			0.0	gvpn	429.5				0.9242424242424242	0.8685714285714285	other_gvp	competitive_gvpn_support;no_reportable_runner_up			natural_heldout	gvpn	0	nat_1f8d7c06df9e8eaedba0
nat_c892a25ffab63ddf986f	c892a25ffab63ddf986f005362f8a6702664a42c11edc15702fd6daf40cc9ee8	350	fail			0.0	gvpn	424.4				0.9181818181818182	0.8628571428571429	other_gvp	competitive_gvpn_support;no_reportable_runner_up			natural_heldout	gvpn	0	nat_c892a25ffab63ddf986f
nat_8303713c0fd3b8dd5987	8303713c0fd3b8dd59876b6cb5e5bfa072d4905343c3870eb1793a12d9904d29	348	fail			0.0	gvpn	409.0				0.9030303030303031	0.8591954022988506	other_gvp	competitive_gvpn_support;no_reportable_runner_up			natural_heldout	gvpn	0	nat_8303713c0fd3b8dd5987
nat_e158c576a529f55a2dd5	e158c576a529f55a2dd5d694bd670833421481b6c49155a871518ffd5238d012	348	fail			0.0	gvpn	431.7				0.9030303030303031	0.853448275862069	other_gvp	competitive_gvpn_support;no_reportable_runner_up			natural_heldout	gvpn	0	nat_e158c576a529f55a2dd5
nat_414c502e7645eadf3d0f	414c502e7645eadf3d0fe1dd05044360ecdf0458560170ffc315e5596817ada0	348	fail			0.0	gvpn	372.4	gvpc	0.0	372.4	0.8878787878787879	0.8218390804597702	other_gvp	competitive_gvpn_support			natural_heldout	gvpn	0	nat_414c502e7645eadf3d0f
nat_9c8d4abf9d1595e2e6a2	9c8d4abf9d1595e2e6a2f70829a40999dae5f23400eb89860a85a737679f4234	347	fail			0.0	gvpn	376.7	gvpk	2.4	374.3	0.8939393939393939	0.829971181556196	other_gvp	competitive_gvpn_support		0.3	natural_heldout	gvpn	0	nat_9c8d4abf9d1595e2e6a2
nat_4378b4a91514b8ec40b9	4378b4a91514b8ec40b9f3e723dfcd5e701cdfb9d9f5667aa2292bdd5e230a44	347	fail			0.0	gvpn	368.0	gvpk	2.3	365.7	0.8787878787878788	0.8155619596541787	other_gvp	competitive_gvpn_support	0.6	1.2	natural_heldout	gvpn	0	nat_4378b4a91514b8ec40b9
nat_70a80e329fdf3aea6213	70a80e329fdf3aea62132ab855b8cc391163e2830d4cd8127bb1cc28f1c68560	347	fail			0.0	gvpn	423.5				0.9272727272727272	0.8789625360230547	other_gvp	competitive_gvpn_support;no_reportable_runner_up			natural_heldout	gvpn	0	nat_70a80e329fdf3aea6213
nat_88ee1049db109262717a	88ee1049db109262717a2d1591f0932ba6b4be3210ea001b751b7c893594454e	347	fail			0.0	gvpn	367.1	gvpj	1.5	365.6	0.8727272727272727	0.8097982708933718	other_gvp	competitive_gvpn_support	0.7	1.5	natural_heldout	gvpn	0	nat_88ee1049db109262717a
nat_4ac64feb730b5240b0d6	4ac64feb730b5240b0d6c90ce6024089378db57684198861efe0a45c50888896	347	fail			0.0	gvpn	369.4	gvpj	1.2	368.2	0.9030303030303031	0.8386167146974063	other_gvp	competitive_gvpn_support	0.7	1.2	natural_heldout	gvpn	0	nat_4ac64feb730b5240b0d6
nat_6029afef37bd3dfb958b	6029afef37bd3dfb958b42ecf6fc0e136dd766a04e8bcd98ec57be897660bb31	347	fail			0.0	gvpn	371.4	gvpj	0.4	371.0	0.8878787878787879	0.8242074927953891	other_gvp	competitive_gvpn_support		0.4	natural_heldout	gvpn	0	nat_6029afef37bd3dfb958b
nat_13f4666837340d0e3697	13f4666837340d0e36972b77622ed3845d5dd3f762f75689e45f6d611ce9fc52	347	fail			0.0	gvpn	369.2	gvpk	0.2	369.0	0.8939393939393939	0.829971181556196	other_gvp	competitive_gvpn_support			natural_heldout	gvpn	0	nat_13f4666837340d0e3697
nat_fc4e19fc8e138cede0e0	fc4e19fc8e138cede0e027e3c0ade1c5a1078f8a53e8a98a3c17cba010cdd823	347	fail			0.0	gvpn	365.3	gvpk	2.2	363.1	0.8757575757575757	0.8126801152737753	other_gvp	competitive_gvpn_support	0.9	1.6	natural_heldout	gvpn	0	nat_fc4e19fc8e138cede0e0
nat_70a11867677ec3f699ff	70a11867677ec3f699ff8954c64d140a932d18994ee4feecfdae9efac88945de	347	fail			0.0	gvpn	368.7				0.8939393939393939	0.829971181556196	other_gvp	competitive_gvpn_support;no_reportable_runner_up			natural_heldout	gvpn	0	nat_70a11867677ec3f699ff
nat_07b59782dacb30dfb817	07b59782dacb30dfb817e93edbb6642217a16744d51430ed7ddb962efd2755da	347	fail			0.0	gvpn	364.0	gvpa	0.4	363.6	0.8939393939393939	0.829971181556196	other_gvp	competitive_gvpn_support	0.4		natural_heldout	gvpn	0	nat_07b59782dacb30dfb817
nat_119eeb16038b1399924f	119eeb16038b1399924fc280d86aab2c001956495644af6cb5e2f1580348a90d	346	fail			0.0	gvpl	324.8	gvpg	0.2	324.6	0.9892857142857143	0.9797687861271677	other_gvp	competitive_gvpl_support			natural_heldout	gvpl	0	nat_119eeb16038b1399924f
nat_5e664c95262320b2daea	5e664c95262320b2daea64a329ff1c32f941965e2b2f394f3ed4863307cc2df4	346	fail			0.0	gvpn	371.2	gvpj	0.7	370.5	0.8939393939393939	0.8352601156069365	other_gvp	competitive_gvpn_support		0.7	natural_heldout	gvpn	0	nat_5e664c95262320b2daea
nat_aa35f28532dc778082cb	aa35f28532dc778082cb30e7d2b0ceff20bd770f56720f770dbdb2b23fc7f4c3	346	fail			0.0	gvpn	421.8				0.9424242424242424	0.9017341040462428	other_gvp	competitive_gvpn_support;no_reportable_runner_up			natural_heldout	gvpn	0	nat_aa35f28532dc778082cb
nat_659e5001b0159065850e	659e5001b0159065850e520b14a25f7fc6c0e30923ad0da11312cc11698bdfba	346	fail			0.0	gvpn	427.7				0.906060606060606	0.861271676300578	other_gvp	competitive_gvpn_support;no_reportable_runner_up			natural_heldout	gvpn	0	nat_659e5001b0159065850e
nat_cc165a088a32e9102342	cc165a088a32e910234235b95a04c03c096aeaca82c0edeb1b69cebfff29b868	345	fail			0.0	gvpn	411.6				0.8454545454545455	0.8173913043478261	other_gvp	competitive_gvpn_support;no_reportable_runner_up			natural_heldout	gvpn	0	nat_cc165a088a32e9102342
nat_8389675bf7368457eedd	8389675bf7368457eedd5ebbcae9e18f6fc1cc2e9fc06553490c9c0bc72c67d8	344	fail			0.0			gvpc	3.9		0.0	0.0	unsupported	no_qualified_subfamily_hit			natural_heldout	gvpc	0	nat_8389675bf7368457eedd
nat_7358ade3753869a1bd83	7358ade3753869a1bd837cad6e8d0dd5ddd137fded94d576fb85727af6e50250	343	fail			0.0	gvpc	125.2				0.9756838905775076	0.956268221574344	other_gvp	competitive_gvpc_support;no_reportable_runner_up			natural_heldout	gvpc	0	nat_7358ade3753869a1bd83
nat_492035bd7857aca04ece	492035bd7857aca04ece2f9ff94433f31c1cdc697d5745ade3bdd77c44091f15	342	fail			0.0	gvpl	356.6	gvpv	4.6	352.0	0.9714285714285714	0.847953216374269	other_gvp	competitive_gvpl_support			natural_heldout	gvpl	0	nat_492035bd7857aca04ece
nat_ba6f00a9e52088ad727b	ba6f00a9e52088ad727b582bfefa7fa3171ee077b68d5d307517e7dba4b0b92d	342	fail			0.0	gvpn	400.6				0.8393939393939394	0.8128654970760234	other_gvp	competitive_gvpn_support;no_reportable_runner_up			natural_heldout	gvpn	0	nat_ba6f00a9e52088ad727b
nat_24324a580eb775218509	24324a580eb775218509d4e07211d053c05532567d9f3ce403e5f8ea4dd8e65e	342	fail			0.0	gvpn	417.5				0.9333333333333333	0.9035087719298246	other_gvp	competitive_gvpn_support;no_reportable_runner_up			natural_heldout	gvpn	0	nat_24324a580eb775218509
nat_9b1e10df142449a3cb25	9b1e10df142449a3cb25c05b1c515503f840269955e0ad43dd7d99a58cf81b04	342	fail			0.0	gvpn	422.4				0.9484848484848485	0.9181286549707602	other_gvp	competitive_gvpn_support;no_reportable_runner_up			natural_heldout	gvpn	0	nat_9b1e10df142449a3cb25
nat_b5e7381c9d00902df4ef	b5e7381c9d00902df4efe48995a25a789139314610fb393a627b830e7228ce21	342	fail			0.0	gvpn	372.3	gvpa	1.2	371.1	0.896969696969697	0.8450292397660819	other_gvp	competitive_gvpn_support	1.2	0.7	natural_heldout	gvpn	0	nat_b5e7381c9d00902df4ef
nat_05a51c4640d1c2771769	05a51c4640d1c277176980f0435984c0649fd54a56c47ffb5e40709b4bcda772	341	fail			0.0	gvpn	398.7				0.8424242424242424	0.8181818181818182	other_gvp	competitive_gvpn_support;no_reportable_runner_up			natural_heldout	gvpn	0	nat_05a51c4640d1c2771769
nat_f9c45289a7ec08ecb250	f9c45289a7ec08ecb2508cfcc37edd4ccacc13f8d1a6dab2a66cb8c01b074e70	340	fail			0.0	gvpn	346.3	gvpv	1.3	345.0	0.8727272727272727	0.8470588235294118	other_gvp	competitive_gvpn_support			natural_heldout	gvpn	0	nat_f9c45289a7ec08ecb250
nat_f864a12904c8dbc79075	f864a12904c8dbc79075d2499a685570d0133a64c64019c6df3c34eac0012299	340	fail			0.0	gvpn	342.2	gvpv	1.0	341.2	0.8636363636363636	0.8382352941176471	other_gvp	competitive_gvpn_support			natural_heldout	gvpn	0	nat_f864a12904c8dbc79075
nat_f8525a433cd037b737c6	f8525a433cd037b737c6a82741d9fdc00eb12d8a25a855a6adcfac323f067b3d	340	fail			0.0	gvpn	342.1	gvpv	2.2	339.90000000000003	0.8727272727272727	0.8441176470588235	other_gvp	competitive_gvpn_support			natural_heldout	gvpn	0	nat_f8525a433cd037b737c6
nat_d7183878a0382e3b50a7	d7183878a0382e3b50a79692f7e379fa2d93f434173f5ae260956e27ea2c89ef	340	fail			0.0	gvpn	439.8				0.9242424242424242	0.8970588235294118	other_gvp	competitive_gvpn_support;no_reportable_runner_up			natural_heldout	gvpn	0	nat_d7183878a0382e3b50a7
nat_2e48b321b528f593d735	2e48b321b528f593d735e2ca24a4a4339878a39c8b9d8e8afeb4e7d58d6e8785	340	fail			0.0	gvpc	124.5				0.9787234042553191	0.9588235294117647	other_gvp	competitive_gvpc_support;no_reportable_runner_up			natural_heldout	gvpc	0	nat_2e48b321b528f593d735
nat_07038320fd6e253de70b	07038320fd6e253de70be9acb56c0b7c5e351a6aca6b03c780b521bd8a1ece4f	340	fail			0.0	gvpc	114.9				0.9787234042553191	0.9588235294117647	other_gvp	competitive_gvpc_support;no_reportable_runner_up			natural_heldout	gvpc	0	nat_07038320fd6e253de70b
nat_8c0664f31a714d7a8aff	8c0664f31a714d7a8afff56d3c0fcaa65e9f157bb3420eab6a83362d6153d508	340	fail			0.0	gvpc	331.7				0.9787234042553191	0.9911764705882353	other_gvp	competitive_gvpc_support;no_reportable_runner_up			natural_heldout	gvpc	0	nat_8c0664f31a714d7a8aff
nat_7f0e9e38f80486cab386	7f0e9e38f80486cab3860dfb7a9bd3da29632b0e1cf5c585c6bca5169b3dfc30	339	fail			0.0	gvpn	349.7	gvpv	3.5	346.2	0.8666666666666667	0.8407079646017699	other_gvp	competitive_gvpn_support			natural_heldout	gvpn	0	nat_7f0e9e38f80486cab386
nat_3b38714f6cbc7137424f	3b38714f6cbc7137424f13bbda52c1c5795b92e78fc47d58124cb671f073f4af	339	fail			0.0	gvpn	340.3	gvpv	0.2	340.1	0.8454545454545455	0.8141592920353983	other_gvp	competitive_gvpn_support			natural_heldout	gvpn	0	nat_3b38714f6cbc7137424f
nat_37912e3e9ceb53157c77	37912e3e9ceb53157c7747b7378b10ca03fa4cfb6fac93d9a011e996e6a11816	339	fail			0.0	gvpn	347.3				0.8666666666666667	0.8407079646017699	other_gvp	competitive_gvpn_support;no_reportable_runner_up			natural_heldout	gvpn	0	nat_37912e3e9ceb53157c77
nat_06347dffb70449f94f8b	06347dffb70449f94f8b3ade0b7d7d1aec9b7675bc282d86be3f65e7d9c91cbb	339	fail			0.0	gvpn	343.5				0.8636363636363636	0.8377581120943953	other_gvp	competitive_gvpn_support;no_reportable_runner_up			natural_heldout	gvpn	0	nat_06347dffb70449f94f8b
nat_e2b8ba8e56f13e00095f	e2b8ba8e56f13e00095fea3ac104f0481687b1bcf8d31bcebbaf0152dad63273	339	fail			0.0	gvpc	134.0				0.9726443768996961	0.9528023598820059	other_gvp	competitive_gvpc_support;no_reportable_runner_up			natural_heldout	gvpc	0	nat_e2b8ba8e56f13e00095f
nat_f7646abb94315cdcbbbe	f7646abb94315cdcbbbe529562728b84f5964aad2f9cda05cb83501004d54c4f	339	fail			0.0	gvpc	335.5				0.9848024316109423	0.9970501474926253	other_gvp	competitive_gvpc_support;no_reportable_runner_up			natural_heldout	gvpc	0	nat_f7646abb94315cdcbbbe
nat_5ef8cfaf93da36fd8c08	5ef8cfaf93da36fd8c0801c98d7f01e51d1d3691642674017d4ea41ee7d97beb	338	fail			0.0	gvpn	342.3				0.8606060606060606	0.8313609467455622	other_gvp	competitive_gvpn_support;no_reportable_runner_up			natural_heldout	gvpn	0	nat_5ef8cfaf93da36fd8c08
nat_2539103b6a4ebbaea38e	2539103b6a4ebbaea38e189f308c8705fb0b3cc4fc47175f3fad87dea52c87b6	338	fail			0.0	gvpn	412.4				0.9151515151515152	0.893491124260355	other_gvp	competitive_gvpn_support;no_reportable_runner_up			natural_heldout	gvpn	0	nat_2539103b6a4ebbaea38e
nat_d5447c0fcbbd0287cf2b	d5447c0fcbbd0287cf2b24e2f0982b5c66e2101ebbbe990d9217094634d32e74	338	fail			0.0	gvpc	124.3				0.9787234042553191	0.9585798816568047	other_gvp	competitive_gvpc_support;no_reportable_runner_up			natural_heldout	gvpc	0	nat_d5447c0fcbbd0287cf2b
nat_06abc3bcb23160f19a53	06abc3bcb23160f19a53693a57069469a591a64290b08a03ca5ebb96990591bf	337	fail			0.0	gvpn	376.6	gvpc	1.2	375.40000000000003	0.9090909090909091	0.8902077151335311	other_gvp	competitive_gvpn_support			natural_heldout	gvpn	0	nat_06abc3bcb23160f19a53
nat_af61f3707e4227287fcd	af61f3707e4227287fcd79213fdb179d86097f7a7e1e8e64b079b2fa6a1859a8	337	fail			0.0	gvpn	437.8				0.9151515151515152	0.8961424332344213	other_gvp	competitive_gvpn_support;no_reportable_runner_up			natural_heldout	gvpn	0	nat_af61f3707e4227287fcd
nat_18c3ff0aa63aa216bdf8	18c3ff0aa63aa216bdf81dd28557b5f97ecbedc40c3a81213d4eb82756221401	336	fail			0.0	gvpn	344.2	gvpv	2.0	342.2	0.8636363636363636	0.8333333333333334	other_gvp	competitive_gvpn_support			natural_heldout	gvpn	0	nat_18c3ff0aa63aa216bdf8
nat_7d2ca121c0ce9f1da982	7d2ca121c0ce9f1da98236a9fba6cd76b2ec5b89e95cc3ef6ba2499252c9b1c4	335	fail			0.0	gvpl	378.2	gvpc	2.6	375.59999999999997	0.9964285714285714	0.9492537313432836	other_gvp	competitive_gvpl_support	0.1		natural_heldout	gvpl	0	nat_7d2ca121c0ce9f1da982
nat_0d56c1f89c5746c47ef1	0d56c1f89c5746c47ef15beada5b049422cd55c9b230704b212b5ccc141e0ab0	335	fail			0.0	gvpn	356.3				0.8909090909090909	0.8776119402985074	other_gvp	competitive_gvpn_support;no_reportable_runner_up			natural_heldout	gvpn	0	nat_0d56c1f89c5746c47ef1
nat_332704d4ea19b30a9c70	332704d4ea19b30a9c70f663ce530b6a353adea2053dc7efa2ef205a9a861e5c	335	fail			0.0	gvpc	130.6				0.9787234042553191	0.9582089552238806	other_gvp	competitive_gvpc_support;no_reportable_runner_up			natural_heldout	gvpc	0	nat_332704d4ea19b30a9c70
nat_d1fd698c577a1ad5b658	d1fd698c577a1ad5b658c3b7d81932d28144b72bacfc1a9eb59c69ebaadf06cd	335	fail			0.0			gvpc	82.1		0.0	0.0	unsupported	no_qualified_subfamily_hit			natural_heldout	gvpc	0	nat_d1fd698c577a1ad5b658
nat_74988e137075760b96c3	74988e137075760b96c35fa298286e71923ad5dac7d377c0a1b3a11827253b65	334	fail			0.0	gvpl	378.5	gvpc	2.2	376.3	0.9964285714285714	0.9341317365269461	other_gvp	competitive_gvpl_support			natural_heldout	gvpl	0	nat_74988e137075760b96c3
nat_4e0a503796f0e3b773cb	4e0a503796f0e3b773cb52d4ebd92a0b1284598d0e29c721a040c850ca0569db	334	fail			0.0	gvpn	379.1				0.896969696969697	0.8862275449101796	other_gvp	competitive_gvpn_support;no_reportable_runner_up			natural_heldout	gvpn	0	nat_4e0a503796f0e3b773cb
nat_cad1eb46349cc94da814	cad1eb46349cc94da8149a400a1ce732d5a6bd643862e83be4c7c3f093aec52d	333	fail			0.0	gvpl	383.7	gvpv	2.3	381.4	0.975	0.8708708708708709	other_gvp	competitive_gvpl_support			natural_heldout	gvpl	0	nat_cad1eb46349cc94da814
nat_b2086dbcf693d17e3c7c	b2086dbcf693d17e3c7c188ebbf081fe116a3f6d66fa7b02ce5fdbc49f3c9996	333	fail			0.0	gvpn	383.7	gvpl	0.2	383.5	0.906060606060606	0.9039039039039038	other_gvp	competitive_gvpn_support			natural_heldout	gvpn	0	nat_b2086dbcf693d17e3c7c
nat_c5e1ab0948ceb49b94c1	c5e1ab0948ceb49b94c1a916e832c00498d486ebccfbe91644bed1db28b8f0bf	333	fail			0.0	gvpn	431.0				0.9363636363636364	0.9129129129129129	other_gvp	competitive_gvpn_support;no_reportable_runner_up			natural_heldout	gvpn	0	nat_c5e1ab0948ceb49b94c1
nat_3cabc956bfd183de1f63	3cabc956bfd183de1f6311874df61f3eb23a825d52d1a79396d3ed49ac8b20e9	332	fail			0.0	gvpl	377.5	gvpc	2.4	375.1	0.9928571428571429	0.9427710843373494	other_gvp	competitive_gvpl_support			natural_heldout	gvpl	0	nat_3cabc956bfd183de1f63
nat_73088f79686650723c36	73088f79686650723c365beff713b2900b5d8c1e350013f951638fe3a8563605	332	fail			0.0	gvpn	421.1				0.9	0.8945783132530121	other_gvp	competitive_gvpn_support;no_reportable_runner_up			natural_heldout	gvpn	0	nat_73088f79686650723c36
nat_fcb4fd2861d20deea778	fcb4fd2861d20deea7787f0e06be3f4558d2e2b2e6feebfbbc7452529fa65ff0	331	fail			0.0	gvpn	419.0				0.9030303030303031	0.9003021148036254	other_gvp	competitive_gvpn_support;no_reportable_runner_up			natural_heldout	gvpn	0	nat_fcb4fd2861d20deea778
nat_843f29fe13cb1c442763	843f29fe13cb1c4427630d014f6d619c27b97bde1da7ae81e36bf00916e79dd4	331	fail			0.0	gvpn	422.7	gvpl	0.4	422.3	0.906060606060606	0.9093655589123867	other_gvp	competitive_gvpn_support			natural_heldout	gvpn	0	nat_843f29fe13cb1c442763
nat_1a4e419786810a96743b	1a4e419786810a96743b48d7385950edd1c1c778fec35c8f8c1eaa17db09c498	329	fail			0.0	gvpn	415.8	gvpl	2.0	413.8	0.9121212121212121	0.9209726443768997	other_gvp	competitive_gvpn_support			natural_heldout	gvpn	0	nat_1a4e419786810a96743b
nat_1f13c088ac72f2d85e1f	1f13c088ac72f2d85e1f3efff3ae6e1c5df1d45c4fba1832c461ce010b5bf0a8	329	fail			0.0	gvpn	422.9				0.9181818181818182	0.9240121580547113	other_gvp	competitive_gvpn_support;no_reportable_runner_up			natural_heldout	gvpn	0	nat_1f13c088ac72f2d85e1f
nat_2967a7722c0c27f9256c	2967a7722c0c27f9256cedd8c46c97cefea1dfbc9f857c8103eb391ee4839697	328	fail			0.0	gvpn	373.9				0.9030303030303031	0.9085365853658537	other_gvp	competitive_gvpn_support;no_reportable_runner_up			natural_heldout	gvpn	0	nat_2967a7722c0c27f9256c
nat_79e485b410be446395d0	79e485b410be446395d0cacf78ca78ccabcef4dc87250a12a45b7a714598135b	328	fail			0.0	gvpn	421.5				0.9121212121212121	0.9176829268292683	other_gvp	competitive_gvpn_support;no_reportable_runner_up			natural_heldout	gvpn	0	nat_79e485b410be446395d0
nat_2b02c6c6b3277ed0a16b	2b02c6c6b3277ed0a16b6b41e5f695565e03b003b165f421a82cfe335af5c39b	327	fail			0.0	gvpn	426.0				0.9121212121212121	0.9204892966360856	other_gvp	competitive_gvpn_support;no_reportable_runner_up			natural_heldout	gvpn	0	nat_2b02c6c6b3277ed0a16b
nat_f82e99068ca8b1106586	f82e99068ca8b110658604ab3a678e2feede09c67b1368411f8ab946d72cea0c	327	fail			0.0	gvpn	425.8	gvpk	0.8	425.0	0.9121212121212121	0.9204892966360856	other_gvp	competitive_gvpn_support			natural_heldout	gvpn	0	nat_f82e99068ca8b1106586
nat_a18da5d46cdaee2e1fef	a18da5d46cdaee2e1fef81add646c3a8ee96ecc60c7ff2ce2f91b321b866fe18	327	fail			0.0	gvpn	420.6	gvpk	1.2	419.40000000000003	0.9030303030303031	0.9113149847094801	other_gvp	competitive_gvpn_support			natural_heldout	gvpn	0	nat_a18da5d46cdaee2e1fef
nat_9667966bbf1f4d34340a	9667966bbf1f4d34340a9e8b88b53e25f55ae41f3971bd37cb3e0af830b437cf	326	fail			0.0	gvpn	427.9				0.896969696969697	0.9049079754601227	other_gvp	competitive_gvpn_support;no_reportable_runner_up			natural_heldout	gvpn	0	nat_9667966bbf1f4d34340a
nat_af8bd48dcfbff167e596	af8bd48dcfbff167e5963a260f5d3691b635a71263e7b05035f3a74e3a2b0e8a	326	fail			0.0	gvpn	422.9				0.8939393939393939	0.901840490797546	other_gvp	competitive_gvpn_support;no_reportable_runner_up			natural_heldout	gvpn	0	nat_af8bd48dcfbff167e596
nat_860e5230b722d5861d90	860e5230b722d5861d9031463e10f47a5c27dfc1329ea93e98eff9ae7679f3a0	325	fail			0.0	gvpn	420.1				0.9	0.9107692307692308	other_gvp	competitive_gvpn_support;no_reportable_runner_up			natural_heldout	gvpn	0	nat_860e5230b722d5861d90
nat_1b6af661fda31bf1e196	1b6af661fda31bf1e1966f565eeaf8c91b0636945e1ce5e7b3c79564ada6a7c8	323	fail			0.0	gvpl	377.6	gvpv	7.3	370.3	0.9642857142857143	0.9071207430340558	other_gvp	competitive_gvpl_support	0.4		natural_heldout	gvpl	0	nat_1b6af661fda31bf1e196
nat_4c0552cd51a9b813cc70	4c0552cd51a9b813cc70939a19686df515d53edaac68bae6ef375d55fa4fabb0	323	fail			0.0	gvpn	372.5				0.8878787878787879	0.9071207430340558	other_gvp	competitive_gvpn_support;no_reportable_runner_up			natural_heldout	gvpn	0	nat_4c0552cd51a9b813cc70
nat_2be3971a03cdb17a19a2	2be3971a03cdb17a19a22c5a1bcbb80f6a534f4d069f42169a694adb877d6570	323	fail			0.0	gvpn	372.5				0.9181818181818182	0.9318885448916409	other_gvp	competitive_gvpn_support;no_reportable_runner_up			natural_heldout	gvpn	0	nat_2be3971a03cdb17a19a2
nat_18fb9cee097c3e965dd3	18fb9cee097c3e965dd3f23d9737f1491bb787a86bb7dd700044dd8f2b76f76d	323	fail			0.0	gvpn	347.5				0.9090909090909091	0.9318885448916409	other_gvp	competitive_gvpn_support;no_reportable_runner_up			natural_heldout	gvpn	0	nat_18fb9cee097c3e965dd3
nat_14bf89de72ffebc8daf2	14bf89de72ffebc8daf2de1e777f438a484ff8427574698d5dbba5136af52b54	319	fail			0.0	gvpl	338.5	gvpv	4.5	334.0	0.9678571428571429	0.8714733542319749	other_gvp	competitive_gvpl_support			natural_heldout	gvpl	0	nat_14bf89de72ffebc8daf2
nat_4a40e33f19f4a2a739e2	4a40e33f19f4a2a739e2027facbb4be49a16cbaa431c21a6a84d6651f88e07a4	319	fail			0.0	gvpn	414.3				0.906060606060606	0.9404388714733543	other_gvp	competitive_gvpn_support;no_reportable_runner_up			natural_heldout	gvpn	0	nat_4a40e33f19f4a2a739e2
nat_e1efdd292eddc458ef64	e1efdd292eddc458ef642d6d040c2227a46c18a11c8635fc3017379b3203af6b	319	fail			0.0	gvpn	370.2				0.8878787878787879	0.9184952978056427	other_gvp	competitive_gvpn_support;no_reportable_runner_up			natural_heldout	gvpn	0	nat_e1efdd292eddc458ef64
nat_404fe3bd29de3572080f	404fe3bd29de3572080f4b3db6dbb9f5d9a9721625840c7ae25a2ddb7779c39d	318	fail			0.0	gvpn	422.2				0.9090909090909091	0.940251572327044	other_gvp	competitive_gvpn_support;no_reportable_runner_up			natural_heldout	gvpn	0	nat_404fe3bd29de3572080f
nat_a2e2c896faafb4632a0b	a2e2c896faafb4632a0bb29baae23f70b3306a26a9c13abb5197f3f4e310f2cb	317	fail			0.0	gvpl	383.7	gvpj	1.1	382.59999999999997	0.9678571428571429	0.8927444794952681	other_gvp	competitive_gvpl_support		1.1	natural_heldout	gvpl	0	nat_a2e2c896faafb4632a0b
nat_334d7739f0f8b9783b70	334d7739f0f8b9783b70aa4dc4f81f692aa8b479c0b14393534dd4c69c2cfd3d	317	fail			0.0	gvpl	385.8	gvpv	3.6	382.2	0.9714285714285714	0.8990536277602523	other_gvp	competitive_gvpl_support			natural_heldout	gvpl	0	nat_334d7739f0f8b9783b70
nat_67a4fe5ef9ce1aeb2def	67a4fe5ef9ce1aeb2def1fa5a524d723323c5881f7a02cf68440ee02693d6bcf	317	fail			0.0	gvpn	374.3				0.8878787878787879	0.9242902208201893	other_gvp	competitive_gvpn_support;no_reportable_runner_up			natural_heldout	gvpn	0	nat_67a4fe5ef9ce1aeb2def
nat_9831d0684a8c7d38552d	9831d0684a8c7d38552dabee9af5dbd536957a0c7927ae53a26e7acd252b4106	317	fail			0.0	gvpn	432.6				0.9121212121212121	0.9463722397476341	other_gvp	competitive_gvpn_support;no_reportable_runner_up			natural_heldout	gvpn	0	nat_9831d0684a8c7d38552d
nat_60128a3ac7012dbe340d	60128a3ac7012dbe340dd2cae0b75d899c4c5cf651d67697682e239427c569e0	316	fail			0.0	gvpn	438.9				0.9	0.939873417721519	other_gvp	competitive_gvpn_support;no_reportable_runner_up			natural_heldout	gvpn	0	nat_60128a3ac7012dbe340d
nat_677fef9f35b54b8f59f4	677fef9f35b54b8f59f4c2dc4018c7b97185a40cacd39b9f87110b332c373c6a	315	fail			0.0	gvpl	387.6	gvpv	6.5	381.1	0.9642857142857143	0.8920634920634921	other_gvp	competitive_gvpl_support			natural_heldout	gvpl	0	nat_677fef9f35b54b8f59f4
nat_4474792873f2fcc039e2	4474792873f2fcc039e23d3f7e3818d800afd60deb4db5230ad47e9dc94bab78	315	fail			0.0	gvpn	411.8				0.8848484848484849	0.9333333333333333	other_gvp	competitive_gvpn_support;no_reportable_runner_up			natural_heldout	gvpn	0	nat_4474792873f2fcc039e2
nat_38c4b7b40831450106bb	38c4b7b40831450106bb8a23eafefd2e6b866fef248022f3972c2c3458a8ab1d	314	fail			0.0	gvpl	388.2	gvpc	2.6	385.59999999999997	0.9714285714285714	0.8980891719745223	other_gvp	competitive_gvpl_support			natural_heldout	gvpl	0	nat_38c4b7b40831450106bb
nat_404cf82aead1f9489e72	404cf82aead1f9489e724f89c717917032efc070a9c0d825148ef2d459f38ee7	313	fail			0.0	gvpl	366.2	gvpc	4.1	362.09999999999997	0.975	0.8881789137380192	other_gvp	competitive_gvpl_support	1.2		natural_heldout	gvpl	0	nat_404cf82aead1f9489e72
nat_6456c7962887f5ec8ec6	6456c7962887f5ec8ec670c57d54ede45ea397f7d482eb97e3baea88a0f53b50	313	fail			0.0	gvpl	317.0	gvpc	1.6	315.4	0.9607142857142857	0.8690095846645367	other_gvp	competitive_gvpl_support	0.4	0.1	natural_heldout	gvpl	0	nat_6456c7962887f5ec8ec6
nat_de84dd334c6549477037	de84dd334c65494770372df6e97cacc658a4638ab6702644f4d217580094c727	312	fail			0.0	gvpn	430.8	gvpv	4.9	425.90000000000003	0.9242424242424242	0.9743589743589743	other_gvp	competitive_gvpn_support			natural_heldout	gvpn	0	nat_de84dd334c6549477037
nat_7811f927e6870316ee32	7811f927e6870316ee32379cbd76a179c8e06b498fd14a13133b22a344a16e0c	312	fail			0.0	gvpn	428.0				0.9090909090909091	0.9647435897435898	other_gvp	competitive_gvpn_support;no_reportable_runner_up			natural_heldout	gvpn	0	nat_7811f927e6870316ee32
nat_b10dc8b14b1a71067498	b10dc8b14b1a71067498bf990eda9323c71d1e311a0b5865c163b8964aaad83c	312	fail			0.0	gvpn	423.9				0.9090909090909091	0.9647435897435898	other_gvp	competitive_gvpn_support;no_reportable_runner_up			natural_heldout	gvpn	0	nat_b10dc8b14b1a71067498
nat_9991c57c84ab88fd3e26	9991c57c84ab88fd3e260093cdaacbb5d3bb53845ddb7156c9544aaf31c90de4	312	fail			0.0	gvpn	427.0				0.9363636363636364	0.9903846153846154	other_gvp	competitive_gvpn_support;no_reportable_runner_up			natural_heldout	gvpn	0	nat_9991c57c84ab88fd3e26
nat_a3da13347ba5e5c7ee2b	a3da13347ba5e5c7ee2b2f91918f40b2ce0b72d3dcd1b29396d8837ba80b7d29	311	fail			0.0	gvpn	434.3				0.9121212121212121	0.9678456591639871	other_gvp	competitive_gvpn_support;no_reportable_runner_up			natural_heldout	gvpn	0	nat_a3da13347ba5e5c7ee2b
nat_7582ab44f4a5ea674099	7582ab44f4a5ea674099e9076469ef6cf80dca3c59fb45215c8530da5a724010	311	fail			0.0	gvpn	415.6				0.8848484848484849	0.9356913183279743	other_gvp	competitive_gvpn_support;no_reportable_runner_up			natural_heldout	gvpn	0	nat_7582ab44f4a5ea674099
nat_98d8ecbaaf4dc079697a	98d8ecbaaf4dc079697a1b65f77d2fc23690ff02b9e0d368d4c5501900f4d038	310	fail			0.0	gvpl	386.9	gvpv	4.8	382.09999999999997	0.9678571428571429	0.9032258064516129	other_gvp	competitive_gvpl_support			natural_heldout	gvpl	0	nat_98d8ecbaaf4dc079697a
nat_4c93a06e77c71495a074	4c93a06e77c71495a0748d7e9d3bc242a2354ce8c2b8b57ca2b81bf65b53b7cd	310	fail			0.0	gvpl	352.8	gvpg	0.1	352.7	0.975	0.8838709677419355	other_gvp	competitive_gvpl_support			natural_heldout	gvpl	0	nat_4c93a06e77c71495a074
nat_dad73ccbce99a61640ff	dad73ccbce99a61640ff858ac8edb1174fe9fd92d83b668e154c5bfea2864fe9	310	fail			0.0	gvpn	423.9				0.9090909090909091	0.9741935483870968	other_gvp	competitive_gvpn_support;no_reportable_runner_up			natural_heldout	gvpn	0	nat_dad73ccbce99a61640ff
nat_d932ec0cc2819aabe2ee	d932ec0cc2819aabe2ee281d9af9f8de6f37c1ee8820ab092c854959d14250e3	309	fail			0.0	gvpn	392.9				0.8696969696969697	0.9158576051779935	other_gvp	competitive_gvpn_support;no_reportable_runner_up			natural_heldout	gvpn	0	nat_d932ec0cc2819aabe2ee
nat_e6206d4d062bc49b3366	e6206d4d062bc49b3366a1e5b28160bc6d78a5cb70b2c63b499155a5a3129c23	308	fail			0.0	gvpl	400.9	gvpv	5.1	395.79999999999995	0.9785714285714285	0.9058441558441559	other_gvp	competitive_gvpl_support			natural_heldout	gvpl	0	nat_e6206d4d062bc49b3366
nat_598bde578495fbb688ee	598bde578495fbb688ee81161ee410bb015e1dc7c7060c00c727402e549ecc3e	308	fail			0.0	gvpl	311.1	gvpk	0.3	310.8	0.9571428571428572	0.8766233766233766	other_gvp	competitive_gvpl_support			natural_heldout	gvpl	0	nat_598bde578495fbb688ee
nat_5549701c6952c38addff	5549701c6952c38addffe13ee65c6eb67b61c82299bc7e51c9f2a102339e4c97	308	fail			0.0	gvpn	432.3				0.8939393939393939	0.9675324675324676	other_gvp	competitive_gvpn_support;no_reportable_runner_up			natural_heldout	gvpn	0	nat_5549701c6952c38addff
nat_ff126a59b974bcf01f32	ff126a59b974bcf01f32a247346b195c5ee3a763dc87d7dc70bdf076e40030a0	308	fail			0.0	gvpn	384.8				0.8757575757575757	0.935064935064935	other_gvp	competitive_gvpn_support;no_reportable_runner_up			natural_heldout	gvpn	0	nat_ff126a59b974bcf01f32
nat_4cc7c78c2b205fd530da	4cc7c78c2b205fd530da568e4805300142fb6d6a8d47b3ead98d3df3defc0395	307	fail			0.0	gvpn	424.2				0.896969696969697	0.9739413680781759	other_gvp	competitive_gvpn_support;no_reportable_runner_up			natural_heldout	gvpn	0	nat_4cc7c78c2b205fd530da
nat_8c82fe5fea12885eaa10	8c82fe5fea12885eaa10eb81cf8a8974cff8ef46e437ed5636ff800c05f8e4eb	306	fail			0.0	gvpl	315.6	gvpa	1.0	314.6	0.9607142857142857	0.9084967320261438	other_gvp	competitive_gvpl_support	1.0		natural_heldout	gvpl	0	nat_8c82fe5fea12885eaa10
nat_89efae7ff1fb98e02024	89efae7ff1fb98e02024cea41a046f7dbb3cc7350940f77a38dbb804f024cd16	306	fail			0.0	gvpn	408.8				0.9	0.9705882352941176	other_gvp	competitive_gvpn_support;no_reportable_runner_up			natural_heldout	gvpn	0	nat_89efae7ff1fb98e02024
nat_bc193b82fd1c1522ab7d	bc193b82fd1c1522ab7d936bf135ab44295008215a1e7d18114c4166b4fb80d6	306	fail			0.0	gvpn	422.2				0.8848484848484849	0.9640522875816994	other_gvp	competitive_gvpn_support;no_reportable_runner_up			natural_heldout	gvpn	0	nat_bc193b82fd1c1522ab7d
nat_744a9d49541c2fd7d2e2	744a9d49541c2fd7d2e21d6e784824a238f1bc3001f633b6363d63e9c4291399	305	fail			0.0	gvpl	259.3	gvpv	1.9	257.40000000000003	0.9357142857142857	0.8524590163934426	other_gvp	competitive_gvpl_support	0.1		natural_heldout	gvpl	0	nat_744a9d49541c2fd7d2e2
nat_7b982f3adbb743e270fc	7b982f3adbb743e270fcd5577b73c2de7d79800ae28bc58e2d4fd1259cd4c986	305	fail			0.0	gvpl	373.0	gvpv	9.2	363.8	0.9642857142857143	0.9016393442622951	other_gvp	competitive_gvpl_support	0.1		natural_heldout	gvpl	0	nat_7b982f3adbb743e270fc
nat_11bfff8c2b3a8002eab3	11bfff8c2b3a8002eab3b36b3e263415531f3041e6e26ace114b6315dea28e84	305	fail			0.0	gvpn	411.8				0.896969696969697	0.9704918032786886	other_gvp	competitive_gvpn_support;no_reportable_runner_up			natural_heldout	gvpn	0	nat_11bfff8c2b3a8002eab3
nat_04929645ec641fea858e	04929645ec641fea858e6de311b56f939f17d66db8a0f9b6f476c77deed8cb8e	304	fail			0.0	gvpl	392.1	gvpv	8.8	383.3	0.9678571428571429	0.9078947368421053	other_gvp	competitive_gvpl_support			natural_heldout	gvpl	0	nat_04929645ec641fea858e
nat_98996c9b3f5a3aaf3f7f	98996c9b3f5a3aaf3f7f6ce16761bb213afb0891d1b59a7a9d5f0c3d975370bc	304	fail			0.0	gvpn	428.9				0.8848484848484849	0.9703947368421053	other_gvp	competitive_gvpn_support;no_reportable_runner_up			natural_heldout	gvpn	0	nat_98996c9b3f5a3aaf3f7f
nat_877b03e9bfab8022e070	877b03e9bfab8022e07023a19abdf7243d82efa7efa9dbe2f6407258a123ee93	304	fail			0.0	gvpn	397.5				0.896969696969697	0.9802631578947368	other_gvp	competitive_gvpn_support;no_reportable_runner_up			natural_heldout	gvpn	0	nat_877b03e9bfab8022e070
nat_f65a6bf82f515315678c	f65a6bf82f515315678cfb2d0cdcfe640643cb797b923bcdbd47393e55ff927f	304	fail			0.0	gvpn	420.1				0.8909090909090909	0.9769736842105263	other_gvp	competitive_gvpn_support;no_reportable_runner_up			natural_heldout	gvpn	0	nat_f65a6bf82f515315678c
nat_5d432b0aef3767463826	5d432b0aef3767463826b89afe799f8a05b526a5a6dd6eb6c94e498c26cfa180	304	fail			0.0	gvpn	397.5				0.896969696969697	0.9802631578947368	other_gvp	competitive_gvpn_support;no_reportable_runner_up			natural_heldout	gvpn	0	nat_5d432b0aef3767463826
nat_176746ff62efe3e4c3e2	176746ff62efe3e4c3e2f0e8d683b79af44773c3fec225970cabce70cc78f5fc	304	fail			0.0	gvpn	424.9				0.8909090909090909	0.9769736842105263	other_gvp	competitive_gvpn_support;no_reportable_runner_up			natural_heldout	gvpn	0	nat_176746ff62efe3e4c3e2
nat_ac5a4ab0595f93b85963	ac5a4ab0595f93b859630582d7491a4f4dfffb9b8d6e138ddfab8f4b269b6b6b	303	fail			0.0	gvpl	378.8	gvpv	5.4	373.40000000000003	0.9678571428571429	0.9075907590759076	other_gvp	competitive_gvpl_support			natural_heldout	gvpl	0	nat_ac5a4ab0595f93b85963
nat_dbc38939f14b55d473a0	dbc38939f14b55d473a031568523d08733fd82e953fdf31f29c127c2f9e3ba53	303	fail			0.0	gvpn	426.6				0.8878787878787879	0.966996699669967	other_gvp	competitive_gvpn_support;no_reportable_runner_up			natural_heldout	gvpn	0	nat_dbc38939f14b55d473a0
nat_27f8b70ca9ee842d7ef4	27f8b70ca9ee842d7ef4fffa0d73201b41cc7dde8a29f992796924a47fd5c168	303	fail			0.0	gvpn	432.2				0.8878787878787879	0.976897689768977	other_gvp	competitive_gvpn_support;no_reportable_runner_up			natural_heldout	gvpn	0	nat_27f8b70ca9ee842d7ef4
nat_dcbab6a5616c28499748	dcbab6a5616c28499748dcda0a6136f69a1ff4394f68789fef467b5e1804b479	303	fail			0.0	gvpn	424.1				0.8878787878787879	0.976897689768977	other_gvp	competitive_gvpn_support;no_reportable_runner_up			natural_heldout	gvpn	0	nat_dcbab6a5616c28499748
nat_22c79ebceae215960059	22c79ebceae215960059edc1dd129bec83690e3a9cadaf10a31c8c6db8904f25	303	fail			0.0	gvpn	430.1				0.8878787878787879	0.976897689768977	other_gvp	competitive_gvpn_support;no_reportable_runner_up			natural_heldout	gvpn	0	nat_22c79ebceae215960059
nat_577493092a2b2854c435	577493092a2b2854c435e0c5f3fa6a366cfa75e2683ed71ebdea08f91895d80e	302	fail			0.0	gvpl	386.6	gvpg	2.6	384.0	0.9785714285714285	0.9205298013245033	other_gvp	competitive_gvpl_support			natural_heldout	gvpl	0	nat_577493092a2b2854c435
nat_74c75a9811d827201939	74c75a9811d8272019397c9e1c43011922fe2e9cfa699681973d4d56f2fe7a53	302	fail			0.0	gvpl	391.4	gvpv	4.9	386.5	0.9785714285714285	0.9238410596026491	other_gvp	competitive_gvpl_support			natural_heldout	gvpl	0	nat_74c75a9811d827201939
nat_1b6894c416dda31f5bf7	1b6894c416dda31f5bf78933f348cf63773d8aabdaee7501eff71b66334e58be	302	fail			0.0	gvpn	409.9				0.803030303030303	0.8774834437086093	other_gvp	competitive_gvpn_support;no_reportable_runner_up			natural_heldout	gvpn	0	nat_1b6894c416dda31f5bf7
nat_9bb9498d893db7c92ae7	9bb9498d893db7c92ae7111b80a08c11e039a239a9c13f256090a6d1da5d71bf	302	fail			0.0	gvpn	383.1				0.8636363636363636	0.9503311258278145	other_gvp	competitive_gvpn_support;no_reportable_runner_up			natural_heldout	gvpn	0	nat_9bb9498d893db7c92ae7
nat_2dc604d7cf304f255e88	2dc604d7cf304f255e888167672ad0ce28332ad9b43a09906d491831f039a656	301	fail			0.0	gvpl	398.1	gvpv	5.6	392.5	0.9785714285714285	0.9302325581395349	other_gvp	competitive_gvpl_support			natural_heldout	gvpl	0	nat_2dc604d7cf304f255e88
nat_a1966e862ceb3d74fb59	a1966e862ceb3d74fb590f5b7c2dd023d40f3a907c3610626ce586cbc8cb70ae	301	fail			0.0	gvpn	411.3	gvpa	0.3	411.0	0.896969696969697	0.9800664451827242	other_gvp	competitive_gvpn_support	0.3		natural_heldout	gvpn	0	nat_a1966e862ceb3d74fb59
nat_a630f73f04fbd5f6252f	a630f73f04fbd5f6252f686710c56f467d1d4569a86c5058efcb78be3734b799	301	fail			0.0	gvpn	413.0				0.8636363636363636	0.9435215946843853	other_gvp	competitive_gvpn_support;no_reportable_runner_up			natural_heldout	gvpn	0	nat_a630f73f04fbd5f6252f
nat_da76428c6fdf4db3fc88	da76428c6fdf4db3fc88732818c2d44a05df0fa3c313197b811998e1da289991	301	fail			0.0	gvpn	402.2				0.896969696969697	0.9800664451827242	other_gvp	competitive_gvpn_support;no_reportable_runner_up			natural_heldout	gvpn	0	nat_da76428c6fdf4db3fc88
nat_947a33d55ad2e4a462ad	947a33d55ad2e4a462ade65c7c00529d22dd8981d8e736b24cd897a1f0bd71a8	301	fail			0.0	gvpn	403.6				0.896969696969697	0.9800664451827242	other_gvp	competitive_gvpn_support;no_reportable_runner_up			natural_heldout	gvpn	0	nat_947a33d55ad2e4a462ad
nat_15fd13404b3461247ca0	15fd13404b3461247ca0755d1377e523d7b21e2662da342d0fe5ae7d327e3648	301	fail			0.0	gvpn	402.1				0.8787878787878788	0.9867109634551495	other_gvp	competitive_gvpn_support;no_reportable_runner_up			natural_heldout	gvpn	0	nat_15fd13404b3461247ca0
nat_4847fa268d05b7ef089c	4847fa268d05b7ef089c9c20e4e78b6fc818bf7bac7848363fd48ccd68d547f1	301	fail			0.0	gvpn	416.0				0.8878787878787879	0.973421926910299	other_gvp	competitive_gvpn_support;no_reportable_runner_up			natural_heldout	gvpn	0	nat_4847fa268d05b7ef089c
nat_e694963e6e3ce8d65199	e694963e6e3ce8d6519970e821176b71c331fdc0b4b7525bd1b2d6cec61fa7b8	301	fail			0.0	gvpn	388.3				0.8696969696969697	0.9568106312292359	other_gvp	competitive_gvpn_support;no_reportable_runner_up			natural_heldout	gvpn	0	nat_e694963e6e3ce8d65199
nat_d1da419246e4a284eafb	d1da419246e4a284eafb06cca6090bfd1679b95f24fe01793226da72563eea16	301	fail			0.0	gvpn	412.9				0.896969696969697	0.9800664451827242	other_gvp	competitive_gvpn_support;no_reportable_runner_up			natural_heldout	gvpn	0	nat_d1da419246e4a284eafb
nat_9c435a2d63479c134f4d	9c435a2d63479c134f4deddaf7e9049107d26239ae1bc462cd2bae50365d5d4e	301	fail			0.0	gvpn	406.3				0.9	0.9833887043189369	other_gvp	competitive_gvpn_support;no_reportable_runner_up			natural_heldout	gvpn	0	nat_9c435a2d63479c134f4d
nat_5c04b2f6553dd27ee8b0	5c04b2f6553dd27ee8b0895923f97767c3eadbf13febbbe69a00003b90bb7922	301	fail			0.0	gvpn	411.2				0.8848484848484849	0.9700996677740864	other_gvp	competitive_gvpn_support;no_reportable_runner_up			natural_heldout	gvpn	0	nat_5c04b2f6553dd27ee8b0
nat_e71ca3ff412f63b8006b	e71ca3ff412f63b8006bca31a99494e8423bdc2ec1e3ddd57b02f899adaa4daa	301	fail			0.0	gvpn	407.0				0.8848484848484849	0.9700996677740864	other_gvp	competitive_gvpn_support;no_reportable_runner_up			natural_heldout	gvpn	0	nat_e71ca3ff412f63b8006b
nat_2a2c6ce836f6b052a898	2a2c6ce836f6b052a898f740ab70ea32031bfe09f18d6bb18af35c2382943175	300	fail			0.0	gvpl	383.2	gvpv	8.3	374.9	0.9678571428571429	0.9233333333333333	other_gvp	competitive_gvpl_support			natural_heldout	gvpl	0	nat_2a2c6ce836f6b052a898
nat_b76abc872f0c2b1b69b7	b76abc872f0c2b1b69b758522c5e9b9403744ebe4880bde811dbf152ed5115ae	300	fail			0.0	gvpn	396.0	gvpg	0.1	395.9	0.8666666666666667	0.9466666666666667	other_gvp	competitive_gvpn_support			natural_heldout	gvpn	0	nat_b76abc872f0c2b1b69b7
nat_c005c56e14df6b455526	c005c56e14df6b455526a1ff5d9c812444621994f1f094bdf232303a97d883bc	300	fail			0.0	gvpn	395.1	gvpg	6.1	389.0	0.8212121212121212	0.9033333333333333	other_gvp	competitive_gvpn_support	2.0		natural_heldout	gvpn	0	nat_c005c56e14df6b455526
nat_9a9fa733c600121c0319	9a9fa733c600121c03195f8d841175d68871c5f9e9dce02fc4ebc3e44a8c0bc2	299	fail			0.0	gvpl	391.9	gvpv	5.2	386.7	0.975	0.9230769230769231	other_gvp	competitive_gvpl_support	0.8		natural_heldout	gvpl	0	nat_9a9fa733c600121c0319
nat_8491daf10cdc78e8f39e	8491daf10cdc78e8f39e1f209ed6705479d1e222bf4033e4761a60fcc2f03545	299	fail			0.0	gvpn	389.8				0.896969696969697	0.9832775919732442	other_gvp	competitive_gvpn_support;no_reportable_runner_up			natural_heldout	gvpn	0	nat_8491daf10cdc78e8f39e
nat_400daa3180be46a7f598	400daa3180be46a7f5989321caffca9d280d302435fa0a90395e7070f67ba3d4	299	fail			0.0	gvpn	407.7				0.8818181818181818	0.9665551839464883	other_gvp	competitive_gvpn_support;no_reportable_runner_up			natural_heldout	gvpn	0	nat_400daa3180be46a7f598
nat_3eb21ff7b93129f6825b	3eb21ff7b93129f6825b55d2b34ee8142128fa059f875b7715173be2a8cb3358	299	fail			0.0	gvpn	408.2	gvpg	1.8	406.4	0.8787878787878788	0.9698996655518395	other_gvp	competitive_gvpn_support			natural_heldout	gvpn	0	nat_3eb21ff7b93129f6825b
nat_2e5af0d60bf3d90fabb5	2e5af0d60bf3d90fabb5db0aa83fecb7e11967c646f6e2fb746e26dadc4f7c1c	297	fail			0.0	gvpl	384.4	gvpv	9.4	375.0	0.9678571428571429	0.9191919191919192	other_gvp	competitive_gvpl_support			natural_heldout	gvpl	0	nat_2e5af0d60bf3d90fabb5
nat_4c15138491a9218d6eac	4c15138491a9218d6eaca0db8fb00b0648a1cea3cc10bc32e0e76ba6f55fd831	297	fail			0.0	gvpn	393.5				0.8848484848484849	0.9764309764309764	other_gvp	competitive_gvpn_support;no_reportable_runner_up			natural_heldout	gvpn	0	nat_4c15138491a9218d6eac
nat_b79546a2daa2d8e3cfe0	b79546a2daa2d8e3cfe03ce6625f97481e5419945cbd7fe5da3e7e8a1c90853f	297	fail			0.0	gvpn	412.8				0.8484848484848485	0.9393939393939394	other_gvp	competitive_gvpn_support;no_reportable_runner_up			natural_heldout	gvpn	0	nat_b79546a2daa2d8e3cfe0
nat_6576008730d58d93eed3	6576008730d58d93eed33f57b203c29f61fa718211fbc1d7a7180a8e6c001c7f	297	fail			0.0	gvpn	397.9				0.8757575757575757	0.9696969696969697	other_gvp	competitive_gvpn_support;no_reportable_runner_up			natural_heldout	gvpn	0	nat_6576008730d58d93eed3
nat_3b570d48315fa6eee660	3b570d48315fa6eee6605a4b0f569a027ebe9d56ae097649b47726c2fff80a83	297	fail			0.0	gvpn	410.6				0.8787878787878788	0.9797979797979798	other_gvp	competitive_gvpn_support;no_reportable_runner_up			natural_heldout	gvpn	0	nat_3b570d48315fa6eee660
nat_14a0330fc0c66969c562	14a0330fc0c66969c562d05bdf49075478e29d14785ddce7e23ec82e4dd7c1f8	296	fail			0.0	gvpn	405.1	gvpg	1.2	403.90000000000003	0.8878787878787879	0.9831081081081081	other_gvp	competitive_gvpn_support			natural_heldout	gvpn	0	nat_14a0330fc0c66969c562
nat_e275c2c119cdedf35af1	e275c2c119cdedf35af15f994279c1bc4c9393e1ecf7fdbef097bf2f0dda5a90	296	fail			0.0	gvpn	373.7				0.8303030303030303	0.9222972972972973	other_gvp	competitive_gvpn_support;no_reportable_runner_up			natural_heldout	gvpn	0	nat_e275c2c119cdedf35af1
nat_c0d82e06313e16097f0a	c0d82e06313e16097f0aed77e1df57bde9db8a6f4d74e7968dda4fd44c9fa8da	295	fail			0.0	gvpl	318.2	gvpc	2.4	315.8	0.9642857142857143	0.9254237288135593	other_gvp	competitive_gvpl_support			natural_heldout	gvpl	0	nat_c0d82e06313e16097f0a
nat_27aad6f6a553bce46f6c	27aad6f6a553bce46f6c78d3df68460cc04a21865949c7878217cac204dabe4b	295	fail			0.0	gvpn	393.2				0.8818181818181818	0.9796610169491525	other_gvp	competitive_gvpn_support;no_reportable_runner_up			natural_heldout	gvpn	0	nat_27aad6f6a553bce46f6c
nat_58cc5366f525d6247254	58cc5366f525d62472549108f9691bac828f60e39e74c115abf1fda688c15c41	295	fail			0.0	gvpn	390.9	gvpk	0.4	390.5	0.8818181818181818	0.9796610169491525	other_gvp	competitive_gvpn_support			natural_heldout	gvpn	0	nat_58cc5366f525d6247254
nat_a53975b3cd2709186c1a	a53975b3cd2709186c1ab3580a508b093d850fa317cd2d2ad400c0cbb2dd076b	294	fail			0.0	gvpn	426.8				0.8757575757575757	0.9795918367346939	other_gvp	competitive_gvpn_support;no_reportable_runner_up			natural_heldout	gvpn	0	nat_a53975b3cd2709186c1a
nat_34fc7cd9485e6997d2bd	34fc7cd9485e6997d2bdf0c0f6985b39bdb3c653a4684a86bdc8023d628e6b8d	294	fail			0.0	gvpn	397.0				0.8848484848484849	0.9863945578231292	other_gvp	competitive_gvpn_support;no_reportable_runner_up			natural_heldout	gvpn	0	nat_34fc7cd9485e6997d2bd
nat_a9d1da80fcafe973adc5	a9d1da80fcafe973adc5f181e796d9d04742fa9cecd7d0c7054484993970aaea	293	fail			0.0	gvpn	412.8				0.8454545454545455	0.9522184300341296	other_gvp	competitive_gvpn_support;no_reportable_runner_up			natural_heldout	gvpn	0	nat_a9d1da80fcafe973adc5
nat_4fecbd8ec7e51f46d8e8	4fecbd8ec7e51f46d8e8d05dc5542dec37055ff3ff60d52434dda7d63770641e	292	fail			0.0	gvpn	410.6				0.8484848484848485	0.958904109589041	other_gvp	competitive_gvpn_support;no_reportable_runner_up			natural_heldout	gvpn	0	nat_4fecbd8ec7e51f46d8e8
nat_b8699f45a352e4861289	b8699f45a352e486128992f6bc111e7da9cf936e88de8188d82af74eb6ef1f6a	292	fail			0.0	gvpn	414.4				0.8454545454545455	0.9554794520547946	other_gvp	competitive_gvpn_support;no_reportable_runner_up			natural_heldout	gvpn	0	nat_b8699f45a352e4861289
nat_1cd344fb6ce324dce534	1cd344fb6ce324dce53437c7a41b7f7aa8941758c720f3678df306f4c3c6204a	292	fail			0.0	gvpn	418.0	gvpg	0.5	417.5	0.8454545454545455	0.9554794520547946	other_gvp	competitive_gvpn_support			natural_heldout	gvpn	0	nat_1cd344fb6ce324dce534
nat_597d68a86a65eb266484	597d68a86a65eb26648419983534d34558b2376d3cc773704f4c0621b29c502f	291	fail			0.0	gvpn	371.0				0.8272727272727273	0.9347079037800687	other_gvp	competitive_gvpn_support;no_reportable_runner_up			natural_heldout	gvpn	0	nat_597d68a86a65eb266484
nat_71c4eaf80d5c340613c0	71c4eaf80d5c340613c0b98e5160c6fe0b0fe609180018873930c36a824c3329	290	fail			0.0	gvpl	393.3	gvpv	9.7	383.6	0.9785714285714285	0.9586206896551724	other_gvp	competitive_gvpl_support	0.1	0.8	natural_heldout	gvpl	0	nat_71c4eaf80d5c340613c0
nat_f9ed5273156498868a4d	f9ed5273156498868a4d32c9861aaab977ae96603b915977c6fbd779693187fe	290	fail			0.0	gvpl	393.2	gvpv	1.9	391.3	0.9714285714285714	0.9482758620689655	other_gvp	competitive_gvpl_support			natural_heldout	gvpl	0	nat_f9ed5273156498868a4d
nat_b7915955b20ca9c0aa4e	b7915955b20ca9c0aa4ed288ad21dd8063c84c9aa9fa718d3d13b001dc4c9445	287	fail			0.0	gvpn	408.2				0.8454545454545455	0.9686411149825784	other_gvp	competitive_gvpn_support;no_reportable_runner_up			natural_heldout	gvpn	0	nat_b7915955b20ca9c0aa4e
nat_ca242131f6ef5b732fcf	ca242131f6ef5b732fcff95114d7599e8e6caa89f84d2f8106ee970944f8f25a	285	fail			0.0	gvpl	377.5	gvpv	8.2	369.3	0.9642857142857143	0.9649122807017544	other_gvp	competitive_gvpl_support	0.3		natural_heldout	gvpl	0	nat_ca242131f6ef5b732fcf
nat_ec9b5926f08ed0206fff	ec9b5926f08ed0206fff91dd7e0729a770a890369ab34e423cee3ff322abc8ad	284	fail			0.0	gvpl	372.2	gvpg	3.5	368.7	0.975	0.9823943661971831	other_gvp	competitive_gvpl_support	1.8		natural_heldout	gvpl	0	nat_ec9b5926f08ed0206fff
nat_bb05d1469a1b3c82d2a5	bb05d1469a1b3c82d2a5bea01d27e006ba02e9a1920f040691103fbe93109eee	284	fail			0.0	gvpl	362.9	gvpa	0.9	362.0	0.975	0.9647887323943662	other_gvp	competitive_gvpl_support	0.9		natural_heldout	gvpl	0	nat_bb05d1469a1b3c82d2a5
nat_213008d40b0886a169f4	213008d40b0886a169f4a0ddc2fdbfc6e3d015d787642b8561bcc2e5da5516bb	284	fail			0.0	gvpl	350.9	gvpc	5.3	345.59999999999997	0.975	0.9647887323943662	other_gvp	competitive_gvpl_support	1.6	0.1	natural_heldout	gvpl	0	nat_213008d40b0886a169f4
nat_a06eef8fee93cc72d981	a06eef8fee93cc72d98195cc100dfd6f95e8e56484a960fb37c647e9ba80b0df	283	fail			0.0	gvpl	324.8	gvpk	3.8	321.0	0.9642857142857143	0.9575971731448764	other_gvp	competitive_gvpl_support			natural_heldout	gvpl	0	nat_a06eef8fee93cc72d981
nat_1066c516a611f0d3b670	1066c516a611f0d3b670d3af471894b6d5f8652721f25c58202288be4a035498	283	fail			0.0	gvpn	367.5				0.8242424242424242	0.950530035335689	other_gvp	competitive_gvpn_support;no_reportable_runner_up			natural_heldout	gvpn	0	nat_1066c516a611f0d3b670
nat_dcca1b13e180e73e24da	dcca1b13e180e73e24da7ade2e30b31a2e148ee25bbd3e2bf4c3cbadcf9df7ad	282	fail			0.0	gvpl	328.4				0.9464285714285714	0.9645390070921985	other_gvp	competitive_gvpl_support;no_reportable_runner_up			natural_heldout	gvpl	0	nat_dcca1b13e180e73e24da
nat_c6294867c99abd04a2a4	c6294867c99abd04a2a4c726da15e5877b26c2300a4507417fa8b95e1ee31cf1	282	fail			0.0	gvpl	335.7	gvpv	5.2	330.5	0.9464285714285714	0.9645390070921985	other_gvp	competitive_gvpl_support		0.1	natural_heldout	gvpl	0	nat_c6294867c99abd04a2a4
nat_51d61e9e87576691ccef	51d61e9e87576691ccef901079c0668494ffc51990500803092c1ca5f41b9f1d	281	fail			0.0	gvpl	354.4	gvpc	1.3	353.09999999999997	0.9821428571428571	0.99644128113879	other_gvp	competitive_gvpl_support	0.1		natural_heldout	gvpl	0	nat_51d61e9e87576691ccef
nat_f5256963794cadafaf50	f5256963794cadafaf509b3dd93a3510a7d97cae07fa4b73c3c3d3b84a883666	281	fail			0.0	gvpl	341.4	gvpv	1.7	339.7	0.9714285714285714	0.9857651245551602	other_gvp	competitive_gvpl_support			natural_heldout	gvpl	0	nat_f5256963794cadafaf50
nat_7ed72fe978260959b0d4	7ed72fe978260959b0d407d3d213db3a763234f2f523712a552fe4745bebbc91	279	fail			0.0	gvpl	344.9	gvpc	2.4	342.5	0.9714285714285714	0.978494623655914	other_gvp	competitive_gvpl_support	0.0		natural_heldout	gvpl	0	nat_7ed72fe978260959b0d4
nat_60c3f8137e62060fbc73	60c3f8137e62060fbc739d7376fa7b3490285b6d4720acaa1918f4bb3cc63a58	279	fail			0.0	gvpl	354.3	gvpc	2.8	351.5	0.9642857142857143	0.9713261648745519	other_gvp	competitive_gvpl_support			natural_heldout	gvpl	0	nat_60c3f8137e62060fbc73
nat_99861ed9cc175485de8b	99861ed9cc175485de8b52f687a01a203108335ce1d3b71316bcd7a2da22a2d3	275	fail			0.0	gvpl	316.9	gvpc	2.9	314.0	0.9321428571428572	0.9745454545454545	other_gvp	competitive_gvpl_support			natural_heldout	gvpl	0	nat_99861ed9cc175485de8b
nat_00ff0d0f8a2cc408f4fc	00ff0d0f8a2cc408f4fc2398e6828dd90410cd77a821465c92f04b7898ac6c52	275	fail			0.0	gvpl	347.4	gvpv	2.6	344.79999999999995	0.9464285714285714	0.9672727272727273	other_gvp	competitive_gvpl_support	1.7		natural_heldout	gvpl	0	nat_00ff0d0f8a2cc408f4fc
nat_e142d4451fae05079861	e142d4451fae05079861a2098e03975f80b18678c845998fd1ddcc1e538a11fb	272	fail			0.0	gvpl	345.6	gvpc	3.5	342.1	0.9464285714285714	0.9779411764705882	other_gvp	competitive_gvpl_support	1.3		natural_heldout	gvpl	0	nat_e142d4451fae05079861
nat_2de1169e3d7efe4899c8	2de1169e3d7efe4899c8f7180528ca7dc5f4adf30b6598cb4d1690e9d7923373	272	fail			0.0	gvpl	342.8	gvpk	0.1	342.7	0.9464285714285714	0.9779411764705882	other_gvp	competitive_gvpl_support			natural_heldout	gvpl	0	nat_2de1169e3d7efe4899c8
nat_768a4a0928de3c3de043	768a4a0928de3c3de0432b86cf9aa9e8f24b692b302b8b7b5324f1f388760d56	271	fail			0.0	gvpl	377.6	gvpa	1.6	376.0	0.9857142857142858	0.996309963099631	other_gvp	competitive_gvpl_support	1.6		natural_heldout	gvpl	0	nat_768a4a0928de3c3de043
nat_32bd77983dbd8dfb8a38	32bd77983dbd8dfb8a3867e1c2ce9315251f8d52ac3dcd81a066a87d5602b9bc	271	fail			0.0	gvpl	263.7	gvpc	2.7	261.0	0.95	0.966789667896679	other_gvp	competitive_gvpl_support		0.2	natural_heldout	gvpl	0	nat_32bd77983dbd8dfb8a38
nat_4866c0342df1711e5316	4866c0342df1711e5316c06568f095c9b50cfdc9498ef04e57b035b178500bcd	267	fail			0.0	gvpn	405.0				0.806060606060606	0.9962546816479401	other_gvp	competitive_gvpn_support;no_reportable_runner_up			natural_heldout	gvpn	0	nat_4866c0342df1711e5316
nat_c4902f96def6fb28eba2	c4902f96def6fb28eba21ac2722b58e25ef82ca720066464c09eba5c1d8dcf6b	266	fail			0.0	gvpl	324.9	gvpv	7.3	317.59999999999997	0.9392857142857143	0.981203007518797	other_gvp	competitive_gvpl_support			natural_heldout	gvpl	0	nat_c4902f96def6fb28eba2
nat_bf33b68f47e85cfde16e	bf33b68f47e85cfde16e59044ad91b10c63d1df76d6e3facd4905a2e4de46473	261	fail			0.0	gvpl	317.3	gvpa	1.2	316.1	0.9214285714285714	0.9885057471264368	other_gvp	competitive_gvpl_support	1.2		natural_heldout	gvpl	0	nat_bf33b68f47e85cfde16e
nat_e9e60d2de704a1d756e6	e9e60d2de704a1d756e64fe2ea558e5dd6509d5e3433db186fcaf0a39e110345	260	fail			0.0	gvpl	232.4				0.9178571428571428	0.9769230769230769	other_gvp	competitive_gvpl_support;no_reportable_runner_up			natural_heldout	gvpl	0	nat_e9e60d2de704a1d756e6
nat_7c2eb329deec0b040768	7c2eb329deec0b040768cf0390763c5091ed893b4a8c2a390d2229df0c1fd6e4	260	fail			0.0	gvpl	224.6	gvpv	9.9	214.7	0.9321428571428572	0.9538461538461539	other_gvp	competitive_gvpl_support	1.8	0.8	natural_heldout	gvpl	0	nat_7c2eb329deec0b040768
nat_13c7bdc1db3281cde4e2	13c7bdc1db3281cde4e205af8f9f21bada14277a9dfb08b78d9e2699a58a367b	259	fail			0.0	gvpl	218.6	gvpv	8.3	210.29999999999998	0.9285714285714286	0.9575289575289575	other_gvp	competitive_gvpl_support	1.5		natural_heldout	gvpl	0	nat_13c7bdc1db3281cde4e2
nat_090dc7b70b9c355b2ef5	090dc7b70b9c355b2ef55148b88fe0ecac359be7ff722834b82832573389d054	255	fail			0.0	gvpl	219.1	gvpv	8.0	211.1	0.925	0.9647058823529412	other_gvp	competitive_gvpl_support	2.0	1.6	natural_heldout	gvpl	0	nat_090dc7b70b9c355b2ef5
nat_8f0e9788569f498f75f5	8f0e9788569f498f75f5cca92caa8072d3cd9fb9a30cbd445735ff19b8a95e40	255	fail			0.0	gvpl	216.8	gvpv	8.2	208.60000000000002	0.9321428571428572	0.9725490196078431	other_gvp	competitive_gvpl_support	1.8	1.7	natural_heldout	gvpl	0	nat_8f0e9788569f498f75f5
nat_47fed4d50a814f3111f6	47fed4d50a814f3111f670e743038847af967731262958f65886b2213c0c61f8	233	fail			0.0			gvpc	109.7		0.0	0.0	unsupported	no_qualified_subfamily_hit			natural_heldout	gvpc	0	nat_47fed4d50a814f3111f6
nat_62f04737d77be4c159f5	62f04737d77be4c159f59828ab71285f539c239270aa83c297459c05adbed9b3	228	fail			0.0	gvpc	169.0	gvpk	1.6	167.4	0.6413373860182371	0.9605263157894737	other_gvp	competitive_gvpc_support			natural_heldout	gvpc	0	nat_62f04737d77be4c159f5
nat_c551d6ae7995695aef91	c551d6ae7995695aef9187692ac1f0721cdb46436dbd1c52202906394adbcabc	220	fail			0.0	gvpc	168.6	gvpk	1.5	167.1	0.6413373860182371	0.9954545454545455	other_gvp	competitive_gvpc_support			natural_heldout	gvpc	0	nat_c551d6ae7995695aef91
nat_ac4bfe79ba74d5f3dcd7	ac4bfe79ba74d5f3dcd715bb19841ba6874cc7aa0bf0c81fcde40d318039a198	220	fail			0.0			gvpc	130.8		0.0	0.0	unsupported	no_qualified_subfamily_hit			natural_heldout	gvpc	0	nat_ac4bfe79ba74d5f3dcd7
nat_a4bb4b30992ae808cf61	a4bb4b30992ae808cf61edce5b5f0912c1cb6e576972adb674cba66fe5af1bdb	218	fail			0.0			gvpc	128.6		0.0	0.0	unsupported	no_qualified_subfamily_hit			natural_heldout	gvpc	0	nat_a4bb4b30992ae808cf61
nat_00dad4d9eb9c6aee9740	00dad4d9eb9c6aee97402b93fd4636a92edbce31ef6f74a3433dd083c8339077	131	fail			0.0	gvpv	74.7	gvpc	6.4	68.3	0.9805825242718447	0.8244274809160306	other_gvp	competitive_gvpv_support	1.5	1.9	natural_heldout	gvpv	0	nat_00dad4d9eb9c6aee9740
nat_9bea7cdc12e000d2c3ea	9bea7cdc12e000d2c3eaac5d61d0df4499856a2330d59796901b0798d8dec95f	130	fail			0.0	gvpk	125.0	gvpl	1.9	123.1	0.8214285714285714	0.7	other_gvp	competitive_gvpk_support		0.5	natural_heldout	gvpk	0	nat_9bea7cdc12e000d2c3ea
nat_b0c47871cce8c048b264	b0c47871cce8c048b264a1c15e63212301957f9f3d9ff9fb1e7a53383682a2f1	129	fail			0.0	gvpk	115.1	gvpl	1.5	113.6	0.8392857142857143	0.689922480620155	other_gvp	competitive_gvpk_support			natural_heldout	gvpk	0	nat_b0c47871cce8c048b264
nat_8fce9d99308bcf67cd3b	8fce9d99308bcf67cd3b66f54e561adec7e3ed7503f998e356b8aae6f319de15	127	fail			0.0	gvpv	51.6	gvpk	5.4	46.2	0.8155339805825242	0.6771653543307087	other_gvp	competitive_gvpv_support		0.2	natural_heldout	gvpv	0	nat_8fce9d99308bcf67cd3b
nat_10402ebc20235ea85773	10402ebc20235ea85773ea760b01fd6908aaf279f7d92bd3e08f15a12d61b510	121	fail			0.0	gvpk	22.9	gvpv	3.2	19.7	0.6785714285714286	0.628099173553719	unsupported	no_qualified_subfamily_hit			natural_heldout	gvpk	0	nat_10402ebc20235ea85773
nat_3d03178d5c86075982f0	3d03178d5c86075982f0b8d944e0fc6d6869c56b4785c0cdbe69f1d4eb91ad54	121	fail			0.0	gvpk	118.7	gvpv	1.2	117.5	0.7678571428571429	0.7107438016528925	other_gvp	competitive_gvpk_support		0.2	natural_heldout	gvpk	0	nat_3d03178d5c86075982f0
nat_83028a3e0826e61bf382	83028a3e0826e61bf38274ab19b180c528ae942c97b668dd05998f6c17a8edfb	120	pass	60.5	61.0	1.0	gvpj	103.8	gvpa	80.1	23.700000000000003	0.8070175438596491	0.8	other_gvp	competitive_gvpj_support	80.1	103.8	natural_heldout	gvpj	0	nat_83028a3e0826e61bf382
nat_f0527674fd3fa7ce3faf	f0527674fd3fa7ce3faf7d4a405322e68cff7db0536d8ec18e2ac47b7acd38c4	120	pass	39.4	40.0	0.8461538461538461	gvpa	99.4	gvpj	68.3	31.10000000000001	0.8467153284671532	0.9833333333333333	supported_gvpa	pf00741_and_competitive_gvpa_support	99.4	68.3	natural_heldout	gvpj	0	nat_f0527674fd3fa7ce3faf
nat_1d519e42f5e4d4625382	1d519e42f5e4d4625382fa13cbfe19e063e01958d5871739e5ab628d6a31df0f	120	pass	59.5	59.9	1.0	gvpj	97.9	gvpa	76.5	21.400000000000006	0.7982456140350878	0.7666666666666667	other_gvp	competitive_gvpj_support	76.5	97.9	natural_heldout	gvpj	0	nat_1d519e42f5e4d4625382
nat_3fffa9db9247345bf996	3fffa9db9247345bf99619cb991110a35b469269abf6332a9a59c152cfb2ee9b	120	pass	58.4	58.7	1.0	gvpj	90.5	gvpa	68.5	22.0	0.8333333333333334	0.775	other_gvp	competitive_gvpj_support	68.5	90.5	natural_heldout	gvpj	0	nat_3fffa9db9247345bf996
nat_d3af78dd1e3340eceeac	d3af78dd1e3340eceeac636dc01f3435f19d9a20d03f82489410953fb3832359	120	pass	52.3	52.8	0.9743589743589743	gvpa	147.3	gvpj	102.6	44.70000000000002	0.8102189781021898	0.9	supported_gvpa	pf00741_and_competitive_gvpa_support	147.3	102.6	natural_heldout	gvpj	0	nat_d3af78dd1e3340eceeac
nat_c484713e8b3e1c6ab049	c484713e8b3e1c6ab04944354848a8a9ae5e665412c62d46afa7ce1852957d6b	120	pass	53.3	53.8	0.9743589743589743	gvpa	128.8	gvpj	95.9	32.900000000000006	0.7445255474452555	0.8583333333333333	supported_gvpa	pf00741_and_competitive_gvpa_support	128.8	95.9	natural_heldout	gvpj	0	nat_c484713e8b3e1c6ab049
nat_76b7cbd0ac40cdad80a9	76b7cbd0ac40cdad80a9bf2335b0ca39a1668bed3de06744c56a304e59b2b597	120	pass	44.2	44.7	0.9743589743589743	gvpa	135.5	gvpj	92.3	43.2	0.8394160583941606	0.9583333333333334	supported_gvpa	pf00741_and_competitive_gvpa_support	135.5	92.3	natural_heldout	gvpj	0	nat_76b7cbd0ac40cdad80a9
nat_fd79a669594ad1a1ef23	fd79a669594ad1a1ef23e8c3571f6cd3e34f88a1142fa99e58dffbb2bd37f726	120	fail			0.0	gvpk	117.4	gvpl	1.2	116.2	0.7767857142857143	0.725	other_gvp	competitive_gvpk_support			natural_heldout	gvpk	0	nat_fd79a669594ad1a1ef23
nat_b627cf2b1cd715426291	b627cf2b1cd7154262916ee96550ac9ba95dda00895132177e2310bb8a70f3fa	120	fail	1.0	2.2	0.358974358974359	gvpk	107.0	gvpv	6.0	101.0	0.8125	0.75	other_gvp	competitive_gvpk_support	0.9	3.0	natural_heldout	gvpk	0	nat_b627cf2b1cd715426291
nat_cce2f3d132dd4e662b2d	cce2f3d132dd4e662b2de737cc86e9352792d3112c68b9678b175eaade440eb2	120	fail			0.0	gvpv	69.8	gvpc	7.6	62.199999999999996	1.0	0.975	other_gvp	competitive_gvpv_support	1.6	1.9	natural_heldout	gvpv	0	nat_cce2f3d132dd4e662b2d
nat_7058382ccfa4518d5f28	7058382ccfa4518d5f28ce31d09d14be4271e6834a529859b2c5585993046022	119	pass	44.4	45.1	0.9743589743589743	gvpa	130.4	gvpj	91.0	39.400000000000006	0.8175182481751825	0.9495798319327731	supported_gvpa	pf00741_and_competitive_gvpa_support	130.4	91.0	natural_heldout	gvpj	0	nat_7058382ccfa4518d5f28
nat_6101e6d94bc83fd7e764	6101e6d94bc83fd7e764e2f767a5122c90933e6187872019cacdca142691eefe	119	pass	53.1	53.6	0.9743589743589743	gvpj	96.9	gvpa	72.9	24.0	0.7807017543859649	0.7478991596638656	other_gvp	competitive_gvpj_support	72.9	96.9	natural_heldout	gvpj	0	nat_6101e6d94bc83fd7e764
nat_299ca2c9b99a9aadf54a	299ca2c9b99a9aadf54a11cc3012bf45e0bd915f7f3a8c4cfd5384ed39d34513	119	pass	58.4	59.2	0.9743589743589743	gvpj	94.9	gvpa	75.3	19.60000000000001	0.8245614035087719	0.8067226890756303	other_gvp	competitive_gvpj_support	75.3	94.9	natural_heldout	gvpj	0	nat_299ca2c9b99a9aadf54a
nat_5d0398ada9a0ee712670	5d0398ada9a0ee712670c4363bf178859f8ff19adbfe559bc0a225f8aa8fa8ff	119	pass	46.4	47.0	1.0	gvpa	120.9	gvpj	89.4	31.5	0.7883211678832117	0.907563025210084	supported_gvpa	pf00741_and_competitive_gvpa_support	120.9	89.4	natural_heldout	gvpj	0	nat_5d0398ada9a0ee712670
nat_44777c3afedf76e72b09	44777c3afedf76e72b098d923190db763b6c5867be56847e807185919378bbc2	119	fail			0.0	gvpk	110.4	gvpc	0.3	110.10000000000001	0.7767857142857143	0.7310924369747899	other_gvp	competitive_gvpk_support			natural_heldout	gvpk	0	nat_44777c3afedf76e72b09
nat_8a38fd6e94c52ecb3e00	8a38fd6e94c52ecb3e00db7a3ea652aa5c4edef33fee4e8d96248019058b4b25	119	fail			0.0	gvpk	101.0	gvpv	5.3	95.7	0.8035714285714286	0.7899159663865546	other_gvp	competitive_gvpk_support	1.4	2.4	natural_heldout	gvpk	0	nat_8a38fd6e94c52ecb3e00
nat_5383c67907971360d965	5383c67907971360d9657e370c889d4d4e7d6265b0bf8e2ed13d98802342c4a1	118	pass	61.0	61.7	1.0	gvpj	88.3	gvpa	64.0	24.299999999999997	0.7719298245614035	0.7966101694915254	other_gvp	competitive_gvpj_support	64.0	88.3	natural_heldout	gvpj	0	nat_5383c67907971360d965
nat_840c1e4fe0d4806879ab	840c1e4fe0d4806879ab0212a5eb620284859106b8605dfaa0796e69208b40b4	118	pass	53.2	53.8	0.9743589743589743	gvpa	137.8	gvpj	97.3	40.500000000000014	0.8175182481751825	0.9576271186440678	supported_gvpa	pf00741_and_competitive_gvpa_support	137.8	97.3	natural_heldout	gvpj	0	nat_840c1e4fe0d4806879ab
nat_fd4bf5387ee8f62ffaee	fd4bf5387ee8f62ffaeeeb417adf4bed0eafd0956703af32588f1d398cdad124	118	pass	56.8	57.2	0.9743589743589743	gvpj	93.9	gvpa	73.4	20.5	0.8245614035087719	0.7966101694915254	other_gvp	competitive_gvpj_support	73.4	93.9	natural_heldout	gvpj	0	nat_fd4bf5387ee8f62ffaee
nat_9e4b470d40cacf2bb300	9e4b470d40cacf2bb3006fb7831283726b24511a62c9bb69fe787d422d37cd2e	118	pass	29.4	29.8	0.9743589743589743	gvpj	61.0	gvpa	83.1	-22.099999999999994	0.6578947368421053	0.6440677966101694	gvpa_gvpj_ambiguous	insufficient_competitive_margin	83.1	61.0	natural_heldout	gvpj	0	nat_9e4b470d40cacf2bb300
nat_27b11d9136abefe457ee	27b11d9136abefe457ee5a71b40c6f3d6d70216a68f7243a98e596e7c78422b3	118	fail			0.0	gvpk	112.9				0.7767857142857143	0.7372881355932204	other_gvp	competitive_gvpk_support;no_reportable_runner_up			natural_heldout	gvpk	0	nat_27b11d9136abefe457ee
nat_65a24aaa375f0bffdfc5	65a24aaa375f0bffdfc503e0bf4f54b8bb4435a52750a0487f7fe3a5439bd376	117	pass	61.3	61.8	1.0	gvpj	96.1	gvpa	74.3	21.799999999999997	0.8070175438596491	0.8034188034188035	other_gvp	competitive_gvpj_support	74.3	96.1	natural_heldout	gvpj	0	nat_65a24aaa375f0bffdfc5
nat_7c3de3fe13342d4e92f5	7c3de3fe13342d4e92f57bde47ce78213aac001133419ff6cfe865794c00c94e	117	pass	58.5	59.0	0.9743589743589743	gvpj	95.0	gvpa	75.4	19.599999999999994	0.8245614035087719	0.8205128205128205	other_gvp	competitive_gvpj_support	75.4	95.0	natural_heldout	gvpj	0	nat_7c3de3fe13342d4e92f5
nat_0df60d2fc55bf3787af1	0df60d2fc55bf3787af16c842b23a580b52a5bbdd1f38d0fcd76fcae3d7941e9	117	pass	50.2	51.0	1.0	gvpa	128.7	gvpj	99.0	29.69999999999999	0.8175182481751825	0.9401709401709402	supported_gvpa	pf00741_and_competitive_gvpa_support	128.7	99.0	natural_heldout	gvpj	0	nat_0df60d2fc55bf3787af1
nat_0d23f52cf0ddbd815d88	0d23f52cf0ddbd815d88a2971fbe3cd0d0b4c8f1a54e45f2e4cb1fe25f0cbcf6	117	fail			0.0	gvpk	114.3	gvpl	1.4	112.89999999999999	0.7767857142857143	0.7435897435897436	other_gvp	competitive_gvpk_support		0.0	natural_heldout	gvpk	0	nat_0d23f52cf0ddbd815d88
nat_2d3db8b8e0fa09ac51c5	2d3db8b8e0fa09ac51c53007ea0932fc846b34513446b3b3a49eaae4f8606413	117	fail			0.0	gvpk	105.4	gvpv	13.8	91.60000000000001	0.8839285714285714	0.8290598290598291	other_gvp	competitive_gvpk_support	4.6	2.8	natural_heldout	gvpk	0	nat_2d3db8b8e0fa09ac51c5
nat_d18c3f8a7743da7fc46c	d18c3f8a7743da7fc46cc0cef9e505a0b7789b7c3647451a86cb1283766c7413	116	pass	61.3	61.9	1.0	gvpj	96.7	gvpa	75.3	21.400000000000006	0.8157894736842105	0.8189655172413793	other_gvp	competitive_gvpj_support	75.3	96.7	natural_heldout	gvpj	0	nat_d18c3f8a7743da7fc46c
nat_ed21f429d87e61b5eec4	ed21f429d87e61b5eec49bde0367db90dfccfa67d9260e2f67563da2831e9b8b	116	pass	52.3	52.5	0.9743589743589743	gvpj	78.4	gvpa	53.4	25.000000000000007	0.7807017543859649	0.7931034482758621	other_gvp	competitive_gvpj_support	53.4	78.4	natural_heldout	gvpj	0	nat_ed21f429d87e61b5eec4
nat_64e02fc38d79639470d8	64e02fc38d79639470d8357d955663257ba11b78af6323d0ff3598e1fcca3ad5	116	pass	45.2	45.9	0.9743589743589743	gvpa	127.4	gvpj	90.7	36.7	0.7372262773722628	0.8793103448275862	supported_gvpa	pf00741_and_competitive_gvpa_support	127.4	90.7	natural_heldout	gvpj	0	nat_64e02fc38d79639470d8
nat_e2dc3b903f2c8b00f1a7	e2dc3b903f2c8b00f1a7189193c1b7821c8b9fdbc249933f5c0a040750b28c4a	116	pass	50.5	51.1	0.9743589743589743	gvpa	138.2	gvpj	95.3	42.89999999999999	0.8029197080291971	0.9568965517241379	supported_gvpa	pf00741_and_competitive_gvpa_support	138.2	95.3	natural_heldout	gvpj	0	nat_e2dc3b903f2c8b00f1a7
nat_30340d61c0959eeb66d5	30340d61c0959eeb66d5866e06197246b698ba4a58ca99bba96a21924ec439bd	116	pass	52.2	52.5	0.9743589743589743	gvpj	76.2	gvpa	51.7	24.5	0.7017543859649122	0.7844827586206896	other_gvp	competitive_gvpj_support	51.7	76.2	natural_heldout	gvpj	0	nat_30340d61c0959eeb66d5
nat_2e713fded92313c4cd32	2e713fded92313c4cd32829e87a86d953e6631a57a1bf4ddaf80a757e4ea3b97	116	pass	50.2	50.5	0.9743589743589743	gvpj	76.1	gvpa	50.5	25.599999999999994	0.8070175438596491	0.8103448275862069	other_gvp	competitive_gvpj_support	50.5	76.1	natural_heldout	gvpj	0	nat_2e713fded92313c4cd32
nat_167bf66cb53e9339f788	167bf66cb53e9339f788a90dd91c623f3cc01acbdc94f586cc3862ad0a2e7348	116	fail			0.0	gvpk	103.0	gvpv	13.0	90.0	0.8839285714285714	0.8362068965517241	other_gvp	competitive_gvpk_support	5.8	2.6	natural_heldout	gvpk	0	nat_167bf66cb53e9339f788
nat_76da33fd04b27484cbcd	76da33fd04b27484cbcdf1591c90a877e01bf32a34d204c10a11ce6b57f37788	116	fail			0.0	gvpk	100.8	gvpv	4.0	96.8	0.8482142857142857	0.853448275862069	other_gvp	competitive_gvpk_support	2.7	1.4	natural_heldout	gvpk	0	nat_76da33fd04b27484cbcd
nat_cbba243dc1613c0cb1fa	cbba243dc1613c0cb1fad6819e0becd29e19fd68f6bc0f90ad3c2d2fe833e37c	115	pass	60.4	60.9	1.0	gvpj	99.7	gvpa	73.4	26.299999999999997	0.8245614035087719	0.8347826086956521	other_gvp	competitive_gvpj_support	73.4	99.7	natural_heldout	gvpj	0	nat_cbba243dc1613c0cb1fa
nat_023128e0df407b2417ae	023128e0df407b2417aeaf081d2d1c11df386a76e95b8f8a6d8332fe374292d2	115	pass	58.9	59.3	0.9743589743589743	gvpj	98.9	gvpa	73.8	25.10000000000001	0.8070175438596491	0.9043478260869565	other_gvp	competitive_gvpj_support	73.8	98.9	natural_heldout	gvpj	0	nat_023128e0df407b2417ae
nat_d39c56188f28cb02ba10	d39c56188f28cb02ba105cce7b4a55ae92f280eb6cfc510e8e07a524754992e4	115	pass	61.4	61.9	1.0	gvpj	103.0	gvpa	74.9	28.099999999999994	0.7982456140350878	0.808695652173913	other_gvp	competitive_gvpj_support	74.9	103.0	natural_heldout	gvpj	0	nat_d39c56188f28cb02ba10
nat_fb05e2a23a89dc31d2f2	fb05e2a23a89dc31d2f2d697bab329172ebd1bd149c31638a09bd77b7ad3e2bd	115	pass	60.6	61.0	1.0	gvpj	106.0	gvpa	80.3	25.700000000000003	0.7807017543859649	0.8173913043478261	other_gvp	competitive_gvpj_support	80.3	106.0	natural_heldout	gvpj	0	nat_fb05e2a23a89dc31d2f2
nat_0888ea426b7452a347fc	0888ea426b7452a347fc36d12bc24bce584441a60ea26784b15dcecb2f318fbe	115	pass	45.9	46.3	0.9743589743589743			gvpj	77.8		0.0	0.0	unsupported	no_qualified_subfamily_hit	18.0	77.8	natural_heldout	gvpj	0	nat_0888ea426b7452a347fc
nat_cabdc6eb27bf25bd595f	cabdc6eb27bf25bd595fc01c597cc94f156ffe593949681d9a9c207ab23dd499	115	pass	58.3	58.8	1.0	gvpj	92.8	gvpa	62.2	30.599999999999994	0.8245614035087719	0.8173913043478261	other_gvp	competitive_gvpj_support	62.2	92.8	natural_heldout	gvpj	0	nat_cabdc6eb27bf25bd595f
nat_23973d3194845969e917	23973d3194845969e917ee18b49a2e794a3fd1922441add8e023f59460a8b7e4	115	fail			0.0	gvpk	111.9	gvpv	6.4	105.5	0.9196428571428571	0.8869565217391304	other_gvp	competitive_gvpk_support	4.4	3.1	natural_heldout	gvpk	0	nat_23973d3194845969e917
nat_41c961009656e555d77b	41c961009656e555d77b40ea70b89053ca3f04f015fe9893db05aa0701b6313d	114	pass	61.4	61.9	1.0	gvpj	101.1	gvpa	73.4	27.69999999999999	0.8333333333333334	0.8508771929824561	other_gvp	competitive_gvpj_support	73.4	101.1	natural_heldout	gvpj	0	nat_41c961009656e555d77b
nat_8e0a2c13b1b8165a790e	8e0a2c13b1b8165a790e6bdf316313f61514b2fad9c79fea6bcaaca1ed036ab3	114	pass	61.4	61.9	1.0	gvpj	100.6	gvpa	73.5	27.099999999999994	0.7982456140350878	0.8157894736842105	other_gvp	competitive_gvpj_support	73.5	100.6	natural_heldout	gvpj	0	nat_8e0a2c13b1b8165a790e
nat_ff88219e90de45ec84dd	ff88219e90de45ec84dd2bc1e092d7fde0a0818fce8a446c68593fdba772b9ce	114	pass	54.0	54.4	0.9743589743589743	gvpj	77.8	gvpa	53.7	24.099999999999994	0.8157894736842105	0.8245614035087719	other_gvp	competitive_gvpj_support	53.7	77.8	natural_heldout	gvpj	0	nat_ff88219e90de45ec84dd
nat_588257282ce6ea174dae	588257282ce6ea174dae2e817bc4377b9ce65c7e36b07e59ed9e89e7d3606d84	114	pass	43.1	43.5	0.9743589743589743	gvpa	119.0	gvpj	88.1	30.900000000000006	0.6715328467153284	0.7982456140350878	supported_gvpa	pf00741_and_competitive_gvpa_support	119.0	88.1	natural_heldout	gvpj	0	nat_588257282ce6ea174dae
nat_1c3d745a993f2e62d375	1c3d745a993f2e62d37514e9030b24c0b3d9a1c9443c337f96d663ca3eba7ca8	114	pass	61.4	61.9	1.0	gvpj	98.1	gvpa	76.4	21.69999999999999	0.8157894736842105	0.8333333333333334	other_gvp	competitive_gvpj_support	76.4	98.1	natural_heldout	gvpj	0	nat_1c3d745a993f2e62d375
nat_a02e830798caf1fb08c6	a02e830798caf1fb08c66cff31e8e8d66bc9000565265f72e8d9b1744e15ebfc	114	pass	44.5	44.9	0.9743589743589743	gvpa	129.8	gvpj	92.5	37.30000000000001	0.7591240875912408	0.956140350877193	supported_gvpa	pf00741_and_competitive_gvpa_support	129.8	92.5	natural_heldout	gvpj	0	nat_a02e830798caf1fb08c6
nat_c6080e51aceffe4e0a16	c6080e51aceffe4e0a1644669f36835e411bf464324e5ef0769b0721886cb1d4	114	pass	61.4	61.9	1.0	gvpj	100.0	gvpa	75.3	24.700000000000003	0.8157894736842105	0.8333333333333334	other_gvp	competitive_gvpj_support	75.3	100.0	natural_heldout	gvpj	0	nat_c6080e51aceffe4e0a16
nat_9ecb68caf9b062eead15	9ecb68caf9b062eead152a33d79c10ea058c78b6dbaa60b32a2604f9252f41aa	114	pass	56.0	56.4	0.9743589743589743	gvpj	101.3	gvpa	82.1	19.200000000000003	0.7894736842105263	0.8245614035087719	other_gvp	competitive_gvpj_support	82.1	101.3	natural_heldout	gvpj	0	nat_9ecb68caf9b062eead15
nat_b4205fc26537087a80e8	b4205fc26537087a80e8c414a7f3f7085222db08b1b1044b0b6936621d64615f	114	pass	53.3	53.6	0.9743589743589743	gvpj	79.2	gvpa	53.2	26.0	0.8333333333333334	0.8947368421052632	other_gvp	competitive_gvpj_support	53.2	79.2	natural_heldout	gvpj	0	nat_b4205fc26537087a80e8
nat_4d6fdbbe43a6a597d4b4	4d6fdbbe43a6a597d4b4515b7ce991fa99e5e38244788febdd41829bc2fdac17	114	fail			0.0	gvpk	108.9	gvpv	4.6	104.30000000000001	0.8035714285714286	0.8157894736842105	other_gvp	competitive_gvpk_support	0.9	2.2	natural_heldout	gvpk	0	nat_4d6fdbbe43a6a597d4b4
nat_cc277418f009938ffb7b	cc277418f009938ffb7b33298c424f39836cc14d69233aaa078cc03153e4d20e	114	fail			0.0	gvpk	102.8	gvpv	3.4	99.39999999999999	0.8214285714285714	0.8070175438596491	other_gvp	competitive_gvpk_support		0.6	natural_heldout	gvpk	0	nat_cc277418f009938ffb7b
nat_7ec22aa305996fdcbbe6	7ec22aa305996fdcbbe6d98c5c4c1e3294e8bd5ad92a5850f4c8bac081a17bd3	114	fail			0.0	gvpk	107.0	gvpv	5.7	101.3	0.8660714285714286	0.8596491228070176	other_gvp	competitive_gvpk_support	0.4	1.1	natural_heldout	gvpk	0	nat_7ec22aa305996fdcbbe6
nat_00945445101ba336d3c1	00945445101ba336d3c1fafdbcbdd9df5c0a1b7914382987e22446f75a11fbac	114	fail			0.0	gvpk	101.8	gvpv	4.0	97.8	0.8035714285714286	0.8157894736842105	other_gvp	competitive_gvpk_support	1.9	2.7	natural_heldout	gvpk	0	nat_00945445101ba336d3c1
nat_3051d69cdf2eb2867c43	3051d69cdf2eb2867c432f2dc5a6cbf1da1db24a792fd94a27fab6cc061b2548	114	fail			0.0	gvpk	105.9	gvpv	6.8	99.10000000000001	0.8214285714285714	0.8333333333333334	other_gvp	competitive_gvpk_support	1.6	1.5	natural_heldout	gvpk	0	nat_3051d69cdf2eb2867c43
nat_08d3e542ff49c899a532	08d3e542ff49c899a532192d9756e18d620832ce37710892bcd6425cb09fd8f5	114	fail			0.0	gvpv	78.7	gvpc	4.3	74.4	1.0	0.9736842105263158	other_gvp	competitive_gvpv_support	1.9	1.0	natural_heldout	gvpv	0	nat_08d3e542ff49c899a532
nat_68254939d0e81bc7115c	68254939d0e81bc7115c2fd2db7fbd36c8c094d536bc027b366a8b9b88e22133	114	fail			0.0	gvpv	34.7	gvpl	7.4	27.300000000000004	0.7184466019417476	0.6403508771929824	other_gvp	competitive_gvpv_support	0.9	1.9	natural_heldout	gvpv	0	nat_68254939d0e81bc7115c
nat_05b12b3e859ceb6ed015	05b12b3e859ceb6ed015a83fee85995876866a97034d31958d4f625ea90374b9	113	pass	61.4	61.9	1.0	gvpj	101.0	gvpa	75.7	25.299999999999997	0.7982456140350878	0.8230088495575221	other_gvp	competitive_gvpj_support	75.7	101.0	natural_heldout	gvpj	0	nat_05b12b3e859ceb6ed015
nat_7417efad48a14c1555d4	7417efad48a14c1555d451af2cfde434a1ca87ad1193e9a93b117d454c1f8166	113	pass	57.9	58.3	1.0	gvpj	93.3	gvpa	78.9	14.399999999999991	0.7543859649122807	0.7787610619469026	other_gvp	competitive_gvpj_support	78.9	93.3	natural_heldout	gvpj	0	nat_7417efad48a14c1555d4
nat_b0f226cab132da339d39	b0f226cab132da339d39d7370706970487941d7bfb0a1174e092d14481fd0d63	113	pass	55.1	55.4	0.9743589743589743	gvpj	79.4	gvpa	53.9	25.500000000000007	0.8333333333333334	0.8761061946902655	other_gvp	competitive_gvpj_support	53.9	79.4	natural_heldout	gvpj	0	nat_b0f226cab132da339d39
nat_47a61474e6eef4332090	47a61474e6eef433209056bdf6b906f9d837c46d4070f4892be836244739653f	113	fail			0.0	gvpk	104.4	gvpv	6.5	97.9	0.8571428571428571	0.8141592920353983	other_gvp	competitive_gvpk_support	0.8	1.8	natural_heldout	gvpk	0	nat_47a61474e6eef4332090
nat_829e22f860a4267265e7	829e22f860a4267265e7bf105a3e6fbf1c4f8160f7ff34c5817edad7b36c78f2	113	fail			0.0	gvpk	128.6	gvpl	1.8	126.8	0.8571428571428571	0.8053097345132744	other_gvp	competitive_gvpk_support	0.5	1.4	natural_heldout	gvpk	0	nat_829e22f860a4267265e7
nat_4dafb76c38e9b7d65498	4dafb76c38e9b7d65498e4e8a9d942bd7487b78132217b3c354a74b607bad70e	113	fail			0.0	gvpv	81.5	gvpa	3.8	77.7	1.0	0.9734513274336283	other_gvp	competitive_gvpv_support	3.8	2.3	natural_heldout	gvpv	0	nat_4dafb76c38e9b7d65498
nat_522d67ce81d99440c3e9	522d67ce81d99440c3e9b58298d699b07bfe37f6a07deaf6ce693907bdb22f91	113	fail			0.0	gvpv	76.0	gvpc	5.0	71.0	1.0	0.9734513274336283	other_gvp	competitive_gvpv_support	3.6	2.1	natural_heldout	gvpv	0	nat_522d67ce81d99440c3e9
nat_153267792920bb4475d5	153267792920bb4475d564e87d5844ccf774f8371c6f7db0bc29316935a2ac1a	113	fail			0.0			gvpl	1.3		0.0	0.0	unsupported	no_qualified_subfamily_hit			natural_heldout	gvpi	0	nat_153267792920bb4475d5
nat_fa4d2b91fc8467b72fd0	fa4d2b91fc8467b72fd01f5ef8bbdb5bda1b610ad13dcbe3aa88941a3f4f4f3e	112	pass	47.5	47.9	0.9743589743589743			gvpj	78.8		0.0	0.0	unsupported	no_qualified_subfamily_hit	17.9	78.8	natural_heldout	gvpj	0	nat_fa4d2b91fc8467b72fd0
nat_a6b016934d3ca7e70b85	a6b016934d3ca7e70b85dbc554393d0f833ff835e27b66a21663cf88b8a89393	112	pass	53.3	53.7	0.9743589743589743	gvpj	98.9	gvpa	73.4	25.5	0.8947368421052632	0.9107142857142857	other_gvp	competitive_gvpj_support	73.4	98.9	natural_heldout	gvpj	0	nat_a6b016934d3ca7e70b85
nat_1af92f4517cb07b380d4	1af92f4517cb07b380d43c2df929e223a277c1e32647c91979bdf627d7531149	112	pass	60.8	61.2	1.0	gvpj	90.4	gvpa	67.6	22.80000000000001	0.8157894736842105	0.8303571428571429	other_gvp	competitive_gvpj_support	67.6	90.4	natural_heldout	gvpj	0	nat_1af92f4517cb07b380d4
nat_b5b675473d129fb38c34	b5b675473d129fb38c34d9ea600945b4961308a010e22b1afde2f56d627f711e	112	fail			0.0	gvpk	102.9	gvpv	6.0	96.9	0.8303571428571429	0.8660714285714286	other_gvp	competitive_gvpk_support	0.1	1.1	natural_heldout	gvpk	0	nat_b5b675473d129fb38c34
nat_08f506a8e9498c03b468	08f506a8e9498c03b468e5a255fc496620ccbe2a9fb5d601494e793b4e4abe22	112	fail			0.0	gvpv	68.6	gvpk	5.1	63.49999999999999	0.9902912621359223	0.9375	other_gvp	competitive_gvpv_support	3.5	2.9	natural_heldout	gvpv	0	nat_08f506a8e9498c03b468
nat_42c70c8520ebfd69a3a8	42c70c8520ebfd69a3a87a99201c0dd796c94a4abbb64532c26f9ae5c724c8d8	112	fail			0.0	gvpv	51.0	gvpk	6.0	45.0	0.8155339805825242	0.7678571428571429	other_gvp	competitive_gvpv_support		0.1	natural_heldout	gvpv	0	nat_42c70c8520ebfd69a3a8
nat_ea0ea44f707886c44ad7	ea0ea44f707886c44ad7e3a6fba09f8311520e45ccf9223fc94d72a9b3ef4b1f	111	pass	44.9	45.2	0.9743589743589743	gvpj	93.4	gvpa	117.6	-24.19999999999999	0.8245614035087719	0.8468468468468469	gvpa_gvpj_ambiguous	insufficient_competitive_margin	117.6	93.4	natural_heldout	gvpj	0	nat_ea0ea44f707886c44ad7
nat_c632ec39b31da8e567b8	c632ec39b31da8e567b8fcd813ee93fa8357acdc29637d41e09a6d7ca4ffbdf3	111	pass	53.6	54.1	0.9743589743589743	gvpj	93.2	gvpa	71.8	21.400000000000006	0.7807017543859649	0.8018018018018018	other_gvp	competitive_gvpj_support	71.8	93.2	natural_heldout	gvpj	0	nat_c632ec39b31da8e567b8
nat_931f03e32a70f482ab0a	931f03e32a70f482ab0a21a9404369c221a3a338d7cc611cd7523575d4754efc	111	pass	43.2	43.7	1.0	gvpa	122.5	gvpj	88.8	33.7	0.7299270072992701	0.8018018018018018	supported_gvpa	pf00741_and_competitive_gvpa_support	122.5	88.8	natural_heldout	gvpj	0	nat_931f03e32a70f482ab0a
nat_98fe8686021ec28d761f	98fe8686021ec28d761f77a4115a27de2d362361c97566d7d50e3971a2ae5dca	111	pass	49.0	49.5	0.9743589743589743	gvpa	131.2	gvpj	99.1	32.099999999999994	0.7518248175182481	0.8918918918918919	supported_gvpa	pf00741_and_competitive_gvpa_support	131.2	99.1	natural_heldout	gvpj	0	nat_98fe8686021ec28d761f
nat_13a8858106c206244ca2	13a8858106c206244ca2424798bff90cfed8d8ffb725f4beb3d20b6642335886	111	fail			0.0	gvpk	88.8	gvpv	10.7	78.1	0.8392857142857143	0.8468468468468469	other_gvp	competitive_gvpk_support	4.6	4.5	natural_heldout	gvpk	0	nat_13a8858106c206244ca2
nat_edb5b7a4e15c97b23594	edb5b7a4e15c97b235947477f7c87e1e4c84de988fd7b327c7f417e22c8769ec	111	fail			0.0	gvpv	80.1	gvpc	4.2	75.89999999999999	1.0	0.972972972972973	other_gvp	competitive_gvpv_support	3.0	2.0	natural_heldout	gvpv	0	nat_edb5b7a4e15c97b23594
nat_944bef72ec0f0333ef58	944bef72ec0f0333ef58fe7658a94924b18bf8cbbd458c4a3b3263f77be823be	111	fail			0.0	gvpv	71.0	gvpk	6.8	64.2	0.9902912621359223	0.9369369369369369	other_gvp	competitive_gvpv_support	3.7	3.1	natural_heldout	gvpv	0	nat_944bef72ec0f0333ef58
nat_93f7db09d3715d2b4013	93f7db09d3715d2b4013172666409eaa745f76bd20a5b130d853277cf9c3a0e7	110	pass	51.2	51.6	0.9487179487179487	gvpj	95.7	gvpa	72.5	23.200000000000003	0.7982456140350878	0.8454545454545455	other_gvp	competitive_gvpj_support	72.5	95.7	natural_heldout	gvpj	0	nat_93f7db09d3715d2b4013
nat_549f36d80bd165ad0855	549f36d80bd165ad0855fbaabf01c3977ab0a05e35d47c6e18d47c64ee2124f3	110	pass	51.9	52.2	0.9487179487179487	gvpj	95.4	gvpa	73.1	22.30000000000001	0.7719298245614035	0.8	other_gvp	competitive_gvpj_support	73.1	95.4	natural_heldout	gvpj	0	nat_549f36d80bd165ad0855
nat_945a2e3fc0ecd9bbe1cd	945a2e3fc0ecd9bbe1cd18846daf1c44603d347ba078a832d42100d95ba105a1	110	pass	53.7	54.2	0.9743589743589743	gvpj	93.5	gvpa	71.7	21.799999999999997	0.7807017543859649	0.8090909090909091	other_gvp	competitive_gvpj_support	71.7	93.5	natural_heldout	gvpj	0	nat_945a2e3fc0ecd9bbe1cd
nat_9de3a1c74219c52c041e	9de3a1c74219c52c041ece98c83003a9ac9d4cb937fe4f140acf1b70d4b60e54	110	pass	51.2	51.6	0.9487179487179487	gvpj	94.6	gvpa	74.8	19.799999999999997	0.7894736842105263	0.8181818181818182	other_gvp	competitive_gvpj_support	74.8	94.6	natural_heldout	gvpj	0	nat_9de3a1c74219c52c041e
nat_ae0d3c1433adbcb50ef7	ae0d3c1433adbcb50ef7b2af013a0f0fcdc96e4884c2fba05945d08018e341ee	110	pass	59.0	59.4	0.9743589743589743	gvpj	97.3	gvpa	75.5	21.799999999999997	0.7982456140350878	0.8454545454545455	other_gvp	competitive_gvpj_support	75.5	97.3	natural_heldout	gvpj	0	nat_ae0d3c1433adbcb50ef7
nat_4ec35b7e5d4432cf30cc	4ec35b7e5d4432cf30ccccdc20d2e793cf258344bf9e25549142985155bfda45	110	pass	51.2	51.6	0.9487179487179487	gvpj	94.2	gvpa	72.0	22.200000000000003	0.7894736842105263	0.8181818181818182	other_gvp	competitive_gvpj_support	72.0	94.2	natural_heldout	gvpj	0	nat_4ec35b7e5d4432cf30cc
nat_0a6e89f60cd37515559e	0a6e89f60cd37515559eb0b4a9a8160aa790a7c04ef586c82c68edac6f2ef0cf	110	pass	51.2	51.6	0.9487179487179487	gvpj	96.4	gvpa	75.1	21.30000000000001	0.7894736842105263	0.8181818181818182	other_gvp	competitive_gvpj_support	75.1	96.4	natural_heldout	gvpj	0	nat_0a6e89f60cd37515559e
nat_4d078b98a15dd30260b8	4d078b98a15dd30260b8d7a2ba2c7a340a619693302c6bb7f3d91cd55b53223e	110	fail			0.0	gvpk	93.7	gvpv	4.7	89.0	0.8839285714285714	0.8909090909090909	other_gvp	competitive_gvpk_support	1.8	2.0	natural_heldout	gvpk	0	nat_4d078b98a15dd30260b8
nat_d4b37ab9b761d79418a8	d4b37ab9b761d79418a8d8022b02dcbff7b5ba109587e091b6ba79205d47f0b9	110	fail			0.0	gvpv	87.4	gvpa	2.8	84.60000000000001	1.0	0.9727272727272728	other_gvp	competitive_gvpv_support	2.8	1.7	natural_heldout	gvpv	0	nat_d4b37ab9b761d79418a8
nat_3521af063e9b236548c0	3521af063e9b236548c081723f6505bf961bff2b1e84b6038a462fd646ac3607	110	fail			0.0	gvpv	72.6	gvpl	5.3	67.3	0.9902912621359223	0.9363636363636364	other_gvp	competitive_gvpv_support	3.9	3.3	natural_heldout	gvpv	0	nat_3521af063e9b236548c0
nat_19313a16de85e8dc6da2	19313a16de85e8dc6da269377326e07a5a654fb3cd440e837c8a74a69dc1a361	109	pass	58.6	58.9	0.9743589743589743	gvpj	99.6	gvpa	73.1	26.5	0.8596491228070176	0.9357798165137615	other_gvp	competitive_gvpj_support	73.1	99.6	natural_heldout	gvpj	0	nat_19313a16de85e8dc6da2
nat_ab429a25b1ea00182dd5	ab429a25b1ea00182dd5be031945a9aa85f3c7a93abadcdb43571f4613f6f2ab	109	pass	47.5	48.0	0.9743589743589743			gvpj	78.2		0.0	0.0	unsupported	no_qualified_subfamily_hit	17.8	78.2	natural_heldout	gvpj	0	nat_ab429a25b1ea00182dd5
nat_97f185fb614d6fb1882a	97f185fb614d6fb1882a30509a828d9ee7b7a44a30c1bd813887665d2f60ca02	109	pass	60.0	60.3	1.0	gvpj	100.1	gvpa	76.1	24.0	0.8508771929824561	0.8899082568807339	other_gvp	competitive_gvpj_support	76.1	100.1	natural_heldout	gvpj	0	nat_97f185fb614d6fb1882a
nat_4206b3c83132ed838cad	4206b3c83132ed838cad68ac80e5b293d70a89e1d8d2e53fc096867a874f9043	109	fail			0.0	gvpk	92.6	gvpv	6.6	86.0	0.8928571428571429	0.8990825688073395	other_gvp	competitive_gvpk_support	3.8	2.8	natural_heldout	gvpk	0	nat_4206b3c83132ed838cad
nat_581afdb2c32bf607da5a	581afdb2c32bf607da5acbdbf75f5986e2401261f016cdf3bd8d1b77d625b2b2	109	fail			0.0	gvpk	113.5	gvpv	5.3	108.2	0.9642857142857143	0.981651376146789	other_gvp	competitive_gvpk_support	2.5	2.5	natural_heldout	gvpk	0	nat_581afdb2c32bf607da5a
nat_5a8e04fda20d0284fcf2	5a8e04fda20d0284fcf2ed89140a62adc1afd1512284eecd6f3b37d17a52ba3e	109	fail			0.0	gvpk	113.7	gvpv	5.5	108.2	0.9642857142857143	0.981651376146789	other_gvp	competitive_gvpk_support	2.0	3.7	natural_heldout	gvpk	0	nat_5a8e04fda20d0284fcf2
nat_bb2d656c6c5518eb0448	bb2d656c6c5518eb04483aa2781a8f9f8aa17408c9a9e0b2e938ae0f175d331d	109	fail			0.0	gvpk	96.6	gvpv	5.9	90.69999999999999	0.8214285714285714	0.8623853211009175	other_gvp	competitive_gvpk_support	1.5	2.2	natural_heldout	gvpk	0	nat_bb2d656c6c5518eb0448
nat_b803f831d4bb3d108316	b803f831d4bb3d108316f2156007a813e64da4fb11aa357b2b23e83a43c349df	108	pass	61.2	61.2	1.0	gvpj	88.6	gvpa	78.4	10.199999999999989	0.7894736842105263	0.8518518518518519	other_gvp	competitive_gvpj_support	78.4	88.6	natural_heldout	gvpj	0	nat_b803f831d4bb3d108316
nat_61dc8856dc8fc8349d45	61dc8856dc8fc8349d459ec5450613437ea3fc54b36f63da05d60e035443b42d	108	pass	52.8	53.2	0.9743589743589743	gvpj	96.1	gvpa	74.8	21.299999999999997	0.8157894736842105	0.8611111111111112	other_gvp	competitive_gvpj_support	74.8	96.1	natural_heldout	gvpj	0	nat_61dc8856dc8fc8349d45
nat_ecb1c2738797f1742802	ecb1c2738797f1742802d5420559a8fcfe7b19fc62632aed2bbd9da07068ef7b	108	pass	57.6	58.1	0.9743589743589743	gvpj	95.3	gvpa	73.8	21.5	0.8245614035087719	0.8703703703703703	other_gvp	competitive_gvpj_support	73.8	95.3	natural_heldout	gvpj	0	nat_ecb1c2738797f1742802
nat_c2b38e1874ab84e46f83	c2b38e1874ab84e46f83bccc409f25ff04b49ea3e027b25d7c18cf39e1300229	108	pass	43.4	43.4	0.8717948717948718	gvpa	113.7	gvpj	78.2	35.5	0.7372262773722628	0.8981481481481481	supported_gvpa	pf00741_and_competitive_gvpa_support	113.7	78.2	natural_heldout	gvpj	0	nat_c2b38e1874ab84e46f83
nat_efb09f3729ebcf09a0cd	efb09f3729ebcf09a0cd37b0de7f1057fb8004e03fcd0b51c4659ad2244da9e2	108	fail			0.0	gvpv	81.4	gvpa	3.8	77.60000000000001	1.0	0.9907407407407407	other_gvp	competitive_gvpv_support	3.8	2.3	natural_heldout	gvpv	0	nat_efb09f3729ebcf09a0cd
nat_b0bc17f554cd4bd5d816	b0bc17f554cd4bd5d8161d87def4bbb7510f2a5a55c56eeb1e653b9f5b8f54bf	107	pass	59.1	59.6	0.9743589743589743	gvpj	93.0	gvpa	72.3	20.700000000000003	0.7894736842105263	0.8598130841121495	other_gvp	competitive_gvpj_support	72.3	93.0	natural_heldout	gvpj	0	nat_b0bc17f554cd4bd5d816
nat_f7e68563732e131d24d8	f7e68563732e131d24d8566f445f573fa13ecb1cee43049b11d6da712d5c9d8c	107	pass	42.5	42.9	0.9743589743589743	gvpj	91.8	gvpa	125.4	-33.60000000000001	0.6403508771929824	0.719626168224299	gvpa_gvpj_ambiguous	insufficient_competitive_margin	125.4	91.8	natural_heldout	gvpj	0	nat_f7e68563732e131d24d8
nat_7ed38185a938590ae0f5	7ed38185a938590ae0f5c0b56997bd48cbc0d3934c4a07fba697ceb345cfb363	107	pass	53.1	53.5	0.9743589743589743	gvpj	89.4	gvpa	70.2	19.200000000000003	0.6842105263157895	0.7289719626168224	other_gvp	competitive_gvpj_support	70.2	89.4	natural_heldout	gvpj	0	nat_7ed38185a938590ae0f5
nat_41d8ab0f02461073a97c	41d8ab0f02461073a97c2e4be330b0e63a785383b822590153066fe9675366d8	107	pass	57.6	58.1	0.9743589743589743	gvpj	97.7	gvpa	75.1	22.60000000000001	0.7982456140350878	0.8504672897196262	other_gvp	competitive_gvpj_support	75.1	97.7	natural_heldout	gvpj	0	nat_41d8ab0f02461073a97c
nat_d11339e5575f1cf41503	d11339e5575f1cf4150308af8da162a06775644e6c328de74bfe4f6f2db65f40	107	fail			0.0	gvpk	106.4	gvpa	1.1	105.30000000000001	0.875	0.9439252336448598	other_gvp	competitive_gvpk_support	1.1	0.8	natural_heldout	gvpk	0	nat_d11339e5575f1cf41503
nat_82589630f5ae2d3f307c	82589630f5ae2d3f307c9a85a70d1d761a8d01708a90fbc5e1aee05935d13fd0	107	fail			0.0	gvpk	111.5	gvpa	1.3	110.2	0.8839285714285714	0.9532710280373832	other_gvp	competitive_gvpk_support	1.3		natural_heldout	gvpk	0	nat_82589630f5ae2d3f307c
nat_b854d939d1cc416089b0	b854d939d1cc416089b06e4a50c36bf2d600b3f74e86fe8d9015b95af53e0a5f	107	fail			0.0	gvpk	105.9	gvpv	5.3	100.60000000000001	0.8303571428571429	0.8317757009345794	other_gvp	competitive_gvpk_support	0.6	2.3	natural_heldout	gvpk	0	nat_b854d939d1cc416089b0
nat_68089f3136e08c8655d5	68089f3136e08c8655d531f6a5a7a73acf5441ee65c718a85d678e3d75f4b8d0	106	pass	52.6	53.1	0.9743589743589743			gvpj	70.9		0.0	0.0	unsupported	no_qualified_subfamily_hit	25.6	70.9	natural_heldout	gvpj	0	nat_68089f3136e08c8655d5
nat_515955f01bebed0b5963	515955f01bebed0b59630c143c3fc25d29be2c3ebc2c0ff1534271032ee7b788	106	pass	53.8	54.3	0.9743589743589743	gvpj	91.0	gvpa	70.8	20.200000000000003	0.6929824561403509	0.7452830188679245	other_gvp	competitive_gvpj_support	70.8	91.0	natural_heldout	gvpj	0	nat_515955f01bebed0b5963
nat_f9fd8306d74bf30082b9	f9fd8306d74bf30082b9052cb8892650404c0fd03e1b7f4887435d0050f59f68	106	fail			0.0	gvpk	124.1	gvpl	0.9	123.19999999999999	0.7767857142857143	0.8207547169811321	other_gvp	competitive_gvpk_support		0.3	natural_heldout	gvpk	0	nat_f9fd8306d74bf30082b9
nat_719ddebd2b5b980d36ce	719ddebd2b5b980d36ce9d42bb5936e8d73dfb27399c6d4092f1928a8e232c9c	106	fail	1.6	0.9	0.28205128205128205	gvpk	112.1	gvpg	2.0	110.1	0.8839285714285714	0.9622641509433962	other_gvp	competitive_gvpk_support	1.6	1.6	natural_heldout	gvpk	0	nat_719ddebd2b5b980d36ce
nat_6b430be939bbbcdb6ca0	6b430be939bbbcdb6ca03afa7fa2145dc067177c896f2c36b23787073d1b8081	105	pass	34.1	34.5	0.9743589743589743	gvpj	68.6	gvpa	100.2	-31.60000000000001	0.631578947368421	0.7047619047619048	gvpa_gvpj_ambiguous	insufficient_competitive_margin	100.2	68.6	natural_heldout	gvpj	0	nat_6b430be939bbbcdb6ca0
nat_4d0d1af8c6b377ed553a	4d0d1af8c6b377ed553ae1e2e8fd41ce415b8d38f86c00ed8b51f9d73bba363c	105	pass	58.7	59.1	1.0	gvpj	94.9	gvpa	76.8	18.10000000000001	0.7894736842105263	0.8571428571428571	other_gvp	competitive_gvpj_support	76.8	94.9	natural_heldout	gvpj	0	nat_4d0d1af8c6b377ed553a
nat_ca058e965d65a8238480	ca058e965d65a82384803791a0ef8efcd44e5032c320c3c149027c628612c456	105	fail			0.0	gvpk	108.0	gvpv	7.2	100.8	0.8392857142857143	0.8571428571428571	other_gvp	competitive_gvpk_support	0.8	3.1	natural_heldout	gvpk	0	nat_ca058e965d65a8238480
nat_c68280dd1cee4d2a5307	c68280dd1cee4d2a5307b449a2d8c78331f7fb24c3c9d552a35f434fe1808ae9	105	fail			0.0	gvpv	81.3	gvpj	3.7	77.6	1.0	0.9904761904761905	other_gvp	competitive_gvpv_support	2.4	3.7	natural_heldout	gvpv	0	nat_c68280dd1cee4d2a5307
nat_54cf1e0b05b06f3e29b4	54cf1e0b05b06f3e29b40697cbb3f42f9ad5083629f6546497f512a98728515c	104	pass	34.1	34.6	0.9743589743589743	gvpj	70.3	gvpa	98.8	-28.5	0.6491228070175439	0.7307692307692307	gvpa_gvpj_ambiguous	insufficient_competitive_margin	98.8	70.3	natural_heldout	gvpj	0	nat_54cf1e0b05b06f3e29b4
nat_ac61932baba86c9a492c	ac61932baba86c9a492c27667d330819de10635e0eca7172de2848875ec8a2cb	104	pass	60.4	61.1	1.0	gvpj	84.6	gvpa	63.0	21.599999999999994	0.7982456140350878	0.875	other_gvp	competitive_gvpj_support	63.0	84.6	natural_heldout	gvpj	0	nat_ac61932baba86c9a492c
nat_c24b0ac6128907419709	c24b0ac612890741970934f5fe1dd0ba04cdb42bca7a4817aa69dd16685de649	104	fail			0.0	gvpk	101.0	gvpv	2.0	99.0	0.875	0.9711538461538461	other_gvp	competitive_gvpk_support	0.7	0.9	natural_heldout	gvpk	0	nat_c24b0ac6128907419709
nat_52cf8d3cb8c8f1b32edb	52cf8d3cb8c8f1b32edb20f5bb1a7dd8553163d84805f0edfcde5bbbcdcd16d2	103	pass	58.8	59.4	0.9743589743589743	gvpj	85.4	gvpa	59.6	25.800000000000004	0.7982456140350878	0.883495145631068	other_gvp	competitive_gvpj_support	59.6	85.4	natural_heldout	gvpj	0	nat_52cf8d3cb8c8f1b32edb
nat_2be49069dec87643c3e5	2be49069dec87643c3e542986a9e85635427a362691372b78b2b26dd1d991b4f	103	fail			0.0	gvpk	119.1	gvpc	1.7	117.39999999999999	0.7767857142857143	0.8446601941747572	other_gvp	competitive_gvpk_support			natural_heldout	gvpk	0	nat_2be49069dec87643c3e5
nat_7c7d01a7d3871f469ba6	7c7d01a7d3871f469ba676061605837fb76eb4625f64936cf9e902d6d2d07ef1	103	fail			0.0	gvpv	65.3	gvpc	4.8	60.5	0.9029126213592233	0.970873786407767	other_gvp	competitive_gvpv_support	2.9	2.9	natural_heldout	gvpv	0	nat_7c7d01a7d3871f469ba6
nat_22f3216261d87724d5ca	22f3216261d87724d5caecd89c4d8606ef9ebacdf922a3ff286d0ff17da37a77	103	fail			0.0	gvpv	65.8	gvpc	3.6	62.199999999999996	0.9029126213592233	0.970873786407767	other_gvp	competitive_gvpv_support	3.2	2.6	natural_heldout	gvpv	0	nat_22f3216261d87724d5ca
nat_a120643363df57573242	a120643363df575732425a7d64297b35d440557d2aa55585b4d18453560e81e5	103	fail			0.0	gvpv	84.8	gvpk	3.1	81.7	1.0	1.0	other_gvp	competitive_gvpv_support	2.5	2.7	natural_heldout	gvpv	0	nat_a120643363df57573242
nat_0d9cf3fa4290fec6ca54	0d9cf3fa4290fec6ca54bde7947cd8ba4f864f20a49eb313811f9b9306bfa5e8	102	pass	49.5	50.1	0.9743589743589743			gvpj	74.8		0.0	0.0	unsupported	no_qualified_subfamily_hit	26.1	74.8	natural_heldout	gvpj	0	nat_0d9cf3fa4290fec6ca54
nat_86c1908d1d28058bf2a9	86c1908d1d28058bf2a9294b78c64f34172c3c305d200feb7ecb0216d0614799	102	pass	59.9	60.3	1.0	gvpj	88.6	gvpa	74.2	14.399999999999991	0.8333333333333334	0.9117647058823529	other_gvp	competitive_gvpj_support	74.2	88.6	natural_heldout	gvpj	0	nat_86c1908d1d28058bf2a9
nat_17f8dbacce8546140dc8	17f8dbacce8546140dc819c76c60f7eaedecfa167fe5cad3d19b0692d6f53b3b	102	pass	25.3	26.2	0.9487179487179487	gvpa	106.6	gvpj	71.3	35.3	0.6642335766423357	0.8529411764705882	supported_gvpa	pf00741_and_competitive_gvpa_support	106.6	71.3	natural_heldout	gvpj	0	nat_17f8dbacce8546140dc8
nat_e78348e72525b9382660	e78348e72525b93826606b6c286f7dde840b2063bea32245700b21dd88f35953	102	fail			0.0	gvpk	118.9				0.7767857142857143	0.8529411764705882	other_gvp	competitive_gvpk_support;no_reportable_runner_up			natural_heldout	gvpk	0	nat_e78348e72525b9382660
nat_acc4591c95caebc1acdc	acc4591c95caebc1acdc02cc48aa17b4cb6d07d86f46649957269b6cc1dd001d	102	fail			0.0	gvpv	65.2	gvpc	4.2	61.0	0.9029126213592233	0.9705882352941176	other_gvp	competitive_gvpv_support	3.4	2.6	natural_heldout	gvpv	0	nat_acc4591c95caebc1acdc
nat_02e0719c48b326139c30	02e0719c48b326139c302914f0a1b46a6a3a023b8a9f91891ab6aad6911cc0b9	101	pass	54.6	55.2	1.0	gvpj	84.5	gvpa	59.9	24.6	0.7631578947368421	0.9306930693069307	other_gvp	competitive_gvpj_support	59.9	84.5	natural_heldout	gvpj	0	nat_02e0719c48b326139c30
nat_d320098a8d27dbc207b8	d320098a8d27dbc207b8809e2aa6690d62cd7f4dd0c63edeee05a919f402f240	101	pass	47.8	48.2	0.9743589743589743			gvpj	78.7		0.0	0.0	unsupported	no_qualified_subfamily_hit	18.4	78.7	natural_heldout	gvpj	0	nat_d320098a8d27dbc207b8
nat_14984df4adbcd7a23bc2	14984df4adbcd7a23bc2842165a3e8a36f6bcc71e652818a10acccac00dc77db	101	pass	55.8	56.3	1.0			gvpj	78.2		0.0	0.0	unsupported	no_qualified_subfamily_hit	26.8	78.2	natural_heldout	gvpj	0	nat_14984df4adbcd7a23bc2
nat_3e818bdd944ede311b8f	3e818bdd944ede311b8fa02ba9d4a8e3cbe3becf10b0f80a2ad9e0dc2fc12788	99	pass	48.4	48.7	0.9743589743589743	gvpj	94.5	gvpa	123.0	-28.5	0.6578947368421053	0.7676767676767676	gvpa_gvpj_ambiguous	insufficient_competitive_margin	123.0	94.5	natural_heldout	gvpj	0	nat_3e818bdd944ede311b8f
nat_6d378caa0baac445cb99	6d378caa0baac445cb9931691729fba0fa051f943abff1b10a46e5640473f67a	99	pass	40.2	40.7	0.9230769230769231	gvpa	110.3	gvpj	77.6	32.7	0.6715328467153284	0.8181818181818182	supported_gvpa	pf00741_and_competitive_gvpa_support	110.3	77.6	natural_heldout	gvpj	0	nat_6d378caa0baac445cb99
nat_fb9c2dd13c55d0636bf5	fb9c2dd13c55d0636bf57e97f27e0d9b0ed83a7676eb468b423c8d248047dafe	98	pass	60.4	60.8	1.0	gvpj	94.5	gvpa	80.7	13.799999999999997	0.6491228070175439	0.7653061224489796	other_gvp	competitive_gvpj_support	80.7	94.5	natural_heldout	gvpj	0	nat_fb9c2dd13c55d0636bf5
nat_469c2c6e74bc5945041b	469c2c6e74bc5945041bb71e1a31f67a24e6277b37e191a4a639c3bb422ebbf6	98	pass	34.3	34.7	0.9743589743589743	gvpj	69.1	gvpa	99.7	-30.60000000000001	0.631578947368421	0.7448979591836735	gvpa_gvpj_ambiguous	insufficient_competitive_margin	99.7	69.1	natural_heldout	gvpj	0	nat_469c2c6e74bc5945041b
nat_cea2d8f5b7fe0c126524	cea2d8f5b7fe0c126524781da3c271df1fb36a4837334cad7895fc7f5edeb159	98	pass	49.4	49.8	0.9743589743589743	gvpj	72.2	gvpa	49.8	22.400000000000006	0.631578947368421	0.7857142857142857	other_gvp	competitive_gvpj_support	49.8	72.2	natural_heldout	gvpj	0	nat_cea2d8f5b7fe0c126524
nat_db306f3f0b6bb11db8ba	db306f3f0b6bb11db8badf528ee747b861534cb9352f69f08f9abf318cefc3fa	98	fail			0.0	gvpk	121.0	gvpl	2.1	118.9	0.7678571428571429	0.8775510204081632	other_gvp	competitive_gvpk_support			natural_heldout	gvpk	0	nat_db306f3f0b6bb11db8ba
nat_cb75faf383e3b49f7b2a	cb75faf383e3b49f7b2a54836f1fc768e507ecff394590fbc7e6a3d73cf699ef	98	fail			0.0	gvpk	84.4	gvpv	6.6	77.80000000000001	0.7946428571428571	0.8979591836734694	other_gvp	competitive_gvpk_support	2.3	4.1	natural_heldout	gvpk	0	nat_cb75faf383e3b49f7b2a
nat_af3d459664f55329d87d	af3d459664f55329d87d84c231acdad30c36f1ece611fc3e769579ee10ff0baa	97	fail			0.0	gvpk	117.2	gvpv	2.2	115.0	0.7767857142857143	0.8969072164948454	other_gvp	competitive_gvpk_support			natural_heldout	gvpk	0	nat_af3d459664f55329d87d
nat_75a89740ad2cb7445378	75a89740ad2cb7445378907fb024dda8559741cee118cdb0347d0dfab9bf11de	97	fail			0.0	gvpk	120.4	gvpv	2.8	117.60000000000001	0.7767857142857143	0.8969072164948454	other_gvp	competitive_gvpk_support			natural_heldout	gvpk	0	nat_75a89740ad2cb7445378
nat_d9b388b924f7fb872e9a	d9b388b924f7fb872e9a9b5730b47aa965949c5f5453834f183b29de0397d2c8	96	pass	43.7	44.0	0.9743589743589743	gvpj	94.6	gvpa	121.2	-26.60000000000001	0.7807017543859649	0.9270833333333334	gvpa_gvpj_ambiguous	insufficient_competitive_margin	121.2	94.6	natural_heldout	gvpj	0	nat_d9b388b924f7fb872e9a
nat_dfa30aeb69b3c1d9527c	dfa30aeb69b3c1d9527c5b0b27733091b303a3b5c157326f7a7400301c2f012e	96	pass	49.3	49.8	0.9743589743589743			gvpj	71.4		0.0	0.0	unsupported	no_qualified_subfamily_hit	17.6	71.4	natural_heldout	gvpj	0	nat_dfa30aeb69b3c1d9527c
nat_53bb9ec21df57edd61e9	53bb9ec21df57edd61e93a5724e00c48295e079c76ff62bc6c36dc4ea0403322	96	pass	58.9	59.2	1.0	gvpj	95.1	gvpa	131.6	-36.5	0.6491228070175439	0.7708333333333334	gvpa_gvpj_ambiguous	insufficient_competitive_margin	131.6	95.1	natural_heldout	gvpj	0	nat_53bb9ec21df57edd61e9
nat_c8057d4884d2825dccf9	c8057d4884d2825dccf91f0ad8b0897964392e32dd9167237ec07ae2e68ffbff	96	pass	59.8	60.2	1.0	gvpj	97.7	gvpa	132.3	-34.60000000000001	0.7280701754385965	0.8541666666666666	gvpa_gvpj_ambiguous	insufficient_competitive_margin	132.3	97.7	natural_heldout	gvpj	0	nat_c8057d4884d2825dccf9
nat_ea896810d6de49002a03	ea896810d6de49002a0334eb3c29c022a12c48c1b076642f3816410a8d3213b1	96	pass	54.1	54.6	0.9743589743589743	gvpj	91.9	gvpa	71.2	20.700000000000003	0.7017543859649122	0.8333333333333334	other_gvp	competitive_gvpj_support	71.2	91.9	natural_heldout	gvpj	0	nat_ea896810d6de49002a03
nat_f62d186d9e38a7bef1c8	f62d186d9e38a7bef1c86bb1ecabb3f6143c8f7fcf86490bb791dd64782d18e6	96	pass	54.1	54.5	0.9743589743589743	gvpj	93.1	gvpa	72.1	21.0	0.7280701754385965	0.8645833333333334	other_gvp	competitive_gvpj_support	72.1	93.1	natural_heldout	gvpj	0	nat_f62d186d9e38a7bef1c8
nat_9f67ffb9509d5a532d5a	9f67ffb9509d5a532d5aae5536c1247ad02f34e97d100c753b16040a5f35f8b4	96	fail			0.0	gvpv	60.2	gvpk	5.7	54.5	0.9029126213592233	1.0	other_gvp	competitive_gvpv_support	4.2	3.3	natural_heldout	gvpv	0	nat_9f67ffb9509d5a532d5a
nat_a4d59c0ba0a75c675a9e	a4d59c0ba0a75c675a9e045285dd546155605cfc32d38e61136bd136fb508a57	95	pass	49.6	49.9	0.9743589743589743			gvpj	80.2		0.0	0.0	unsupported	no_qualified_subfamily_hit	25.2	80.2	natural_heldout	gvpj	0	nat_a4d59c0ba0a75c675a9e
nat_590b75b8f97f712b8c55	590b75b8f97f712b8c55ad9575adc92e6a958b872a6572d8fd8b9513b58cf40f	95	fail			0.0	gvpk	110.5	gvpl	1.1	109.4	0.7857142857142857	0.9263157894736842	other_gvp	competitive_gvpk_support			natural_heldout	gvpk	0	nat_590b75b8f97f712b8c55
nat_9ad8adafd39e806bd787	9ad8adafd39e806bd7879dbe3ab502b1c498434f9f05f28469c4a35383edb589	95	fail			0.0	gvpk	109.5	gvpv	5.5	104.0	0.8214285714285714	0.9263157894736842	other_gvp	competitive_gvpk_support	1.6	1.7	natural_heldout	gvpk	0	nat_9ad8adafd39e806bd787
nat_d73c23b69cd9d76397d0	d73c23b69cd9d76397d023fe194b78005e8ab8d2306de0d388323bfc13e9a3ce	95	fail			0.0	gvpk	112.6	gvpv	1.1	111.5	0.7589285714285714	0.8947368421052632	other_gvp	competitive_gvpk_support			natural_heldout	gvpk	0	nat_d73c23b69cd9d76397d0
nat_63b8d2c76b5087893a75	63b8d2c76b5087893a752e80733d539d4ac6773d31f88bfd49e05d641ae851bc	95	fail			0.0	gvpk	107.1	gvpv	5.0	102.1	0.8214285714285714	0.9263157894736842	other_gvp	competitive_gvpk_support	1.4	1.7	natural_heldout	gvpk	0	nat_63b8d2c76b5087893a75
nat_64e943fc36a310c6d121	64e943fc36a310c6d121fc063b05d0a132a1c8f8fffa236928a011a38a26088a	95	fail			0.0	gvpv	60.2	gvpk	5.8	54.400000000000006	0.9029126213592233	1.0	other_gvp	competitive_gvpv_support	4.0	3.0	natural_heldout	gvpv	0	nat_64e943fc36a310c6d121
nat_50c226cfb171989d88e4	50c226cfb171989d88e4074c5ca5dcb30c0a9a1bcd80e3a9ddc49847a7eae91f	94	pass	54.7	55.2	1.0			gvpj	77.5		0.0	0.0	unsupported	no_qualified_subfamily_hit	27.7	77.5	natural_heldout	gvpj	0	nat_50c226cfb171989d88e4
nat_6a2caa9d644a05b1fa76	6a2caa9d644a05b1fa7616e9fd253afb24049f1181823b9b570af2732c6f2cd4	94	fail			0.0	gvpk	119.9	gvpl	1.4	118.5	0.7857142857142857	0.9361702127659575	other_gvp	competitive_gvpk_support		0.1	natural_heldout	gvpk	0	nat_6a2caa9d644a05b1fa76
nat_b94c6e496a778f2f3d21	b94c6e496a778f2f3d21d316b43d3843919739fb1e4ab7d6c85cdc0deeef2bec	94	fail			0.0	gvpk	122.6	gvpl	0.5	122.1	0.7857142857142857	0.9361702127659575	other_gvp	competitive_gvpk_support			natural_heldout	gvpk	0	nat_b94c6e496a778f2f3d21
nat_84154a5781d07c8500ca	84154a5781d07c8500cab4d5c812c91a10065fea367998a3f7e102ea03873372	94	fail			0.0	gvpk	110.1	gvpl	2.4	107.69999999999999	0.7767857142857143	0.925531914893617	other_gvp	competitive_gvpk_support			natural_heldout	gvpk	0	nat_84154a5781d07c8500ca
nat_d0f5f95022cd7da863cf	d0f5f95022cd7da863cf8731e5ba717e59ebd694c0c431c0327f35d09901f815	94	fail			0.0	gvpv	63.0	gvpk	5.7	57.3	0.9029126213592233	1.0	other_gvp	competitive_gvpv_support	4.1	3.0	natural_heldout	gvpv	0	nat_d0f5f95022cd7da863cf
nat_c09646878c86422db188	c09646878c86422db18841b0d6b33b965e2784210ddcd3505eeb4477347f32ae	93	pass	47.0	47.4	0.9743589743589743			gvpj	71.8		0.0	0.0	unsupported	no_qualified_subfamily_hit	19.4	71.8	natural_heldout	gvpj	0	nat_c09646878c86422db188
nat_1eff08f7399a2c188eeb	1eff08f7399a2c188eeb4a383f17b5df4d7747030376bf1e73173e3942995147	93	fail			0.0			gvpk	42.4		0.0	0.0	unsupported	no_qualified_subfamily_hit			natural_heldout	gvpk	0	nat_1eff08f7399a2c188eeb
nat_341f22f6df848fe1e159	341f22f6df848fe1e1595cbc6c823f21d7a4a6e9d879e179f0e0fbba55fd2461	93	fail			0.0	gvpv	69.4	gvpc	5.9	63.50000000000001	0.8932038834951457	0.989247311827957	other_gvp	competitive_gvpv_support	3.3	2.9	natural_heldout	gvpv	0	nat_341f22f6df848fe1e159
nat_f5e37f04fa6151500a34	f5e37f04fa6151500a349e250acb9adc1476a279e9c3cb7580ae4817d5614b62	92	pass	54.8	54.9	1.0			gvpj	68.2		0.0	0.0	unsupported	no_qualified_subfamily_hit	28.0	68.2	natural_heldout	gvpj	0	nat_f5e37f04fa6151500a34
nat_3955b02fcca9b64e0539	3955b02fcca9b64e05399e0f90e4873191a0d4f80eac44cf6b164545f95c42fc	92	pass	45.4	45.8	0.9487179487179487			gvpj	69.0		0.0	0.0	unsupported	no_qualified_subfamily_hit	34.7	69.0	natural_heldout	gvpj	0	nat_3955b02fcca9b64e0539
nat_2730dab12de0ce3ce325	2730dab12de0ce3ce325ddaccdd1a1326b861f35fd6198051d25587a62964f09	92	fail			0.0	gvpk	125.1	gvpl	0.4	124.69999999999999	0.8035714285714286	0.9782608695652174	other_gvp	competitive_gvpk_support			natural_heldout	gvpk	0	nat_2730dab12de0ce3ce325
nat_8b5302944c9c53b081ba	8b5302944c9c53b081babb5735ad2e8797c31729811c1683683b130f4adeafbe	91	pass	50.7	51.0	1.0	gvpj	84.0	gvpa	47.9	36.1	0.6403508771929824	0.8131868131868132	other_gvp	competitive_gvpj_support	47.9	84.0	natural_heldout	gvpj	0	nat_8b5302944c9c53b081ba
nat_071d41176330dd0796d5	071d41176330dd0796d5bb09d072d8ad44de89d9217bd1a9cb3ae9033ae27770	91	pass	52.9	53.2	1.0			gvpj	77.6		0.0	0.0	unsupported	no_qualified_subfamily_hit	18.7	77.6	natural_heldout	gvpj	0	nat_071d41176330dd0796d5
nat_25e574f58ba93dcb64e2	25e574f58ba93dcb64e244844e8a42aeeac97b7d3b7afe8cf84a134689d528eb	91	pass	58.8	59.2	1.0	gvpj	91.2	gvpa	128.1	-36.89999999999999	0.6491228070175439	0.8131868131868132	gvpa_gvpj_ambiguous	insufficient_competitive_margin	128.1	91.2	natural_heldout	gvpj	0	nat_25e574f58ba93dcb64e2
nat_6e7e127e6aabd3c6f5a8	6e7e127e6aabd3c6f5a8a9bf1dc86b47b3bd8b44954680bb42768a2a669665f3	91	fail			0.0	gvpk	121.4				0.7767857142857143	0.9560439560439561	other_gvp	competitive_gvpk_support;no_reportable_runner_up			natural_heldout	gvpk	0	nat_6e7e127e6aabd3c6f5a8
nat_568d6ca5fcbffc2ace52	568d6ca5fcbffc2ace52de3d9509a8b69207afec8a3de48b96e17e3a5d206b59	90	pass	45.4	45.7	0.9487179487179487			gvpj	69.8		0.0	0.0	unsupported	no_qualified_subfamily_hit	37.5	69.8	natural_heldout	gvpj	0	nat_568d6ca5fcbffc2ace52
nat_6e2299007a2edd2a61ea	6e2299007a2edd2a61eabf0227001e284b49d596e214eae57b2376b64b69b42a	90	pass	57.0	57.3	1.0	gvpj	96.1	gvpa	132.5	-36.400000000000006	0.7280701754385965	0.9111111111111111	gvpa_gvpj_ambiguous	insufficient_competitive_margin	132.5	96.1	natural_heldout	gvpj	0	nat_6e2299007a2edd2a61ea
nat_c98d4b9753be8dfa1f08	c98d4b9753be8dfa1f0896b25c22e72926b0c7a4e59c1c4af518974967217e88	89	pass	50.0	50.5	0.9743589743589743			gvpj	73.8		0.0	0.0	unsupported	no_qualified_subfamily_hit	25.4	73.8	natural_heldout	gvpj	0	nat_c98d4b9753be8dfa1f08
nat_18d7e5ff3cc7fe9730aa	18d7e5ff3cc7fe9730aaca81488448aa23e17e35fa76f4d24245930b0293fca4	89	pass	57.1	57.6	1.0			gvpj	78.8		0.0	0.0	unsupported	no_qualified_subfamily_hit	34.6	78.8	natural_heldout	gvpj	0	nat_18d7e5ff3cc7fe9730aa
nat_e11f8f5f145076b46b27	e11f8f5f145076b46b27dd02ce2b6ac5973d87bb7f42e89f4c8c04ecfa176fa4	89	fail			0.0	gvpk	111.0				0.7410714285714286	0.9325842696629213	other_gvp	competitive_gvpk_support;no_reportable_runner_up			natural_heldout	gvpk	0	nat_e11f8f5f145076b46b27
nat_ebd57e3d076c8cc40548	ebd57e3d076c8cc405484c68f06e965147a3bc73ec5a825d1f78b126168335c6	89	fail			0.0			gvpk	36.1		0.0	0.0	unsupported	no_qualified_subfamily_hit			natural_heldout	gvpk	0	nat_ebd57e3d076c8cc40548
nat_9295f767a32dcface418	9295f767a32dcface4186a9e9ec26ff19ea831b11ff119228d25e7109e27855a	89	fail			0.0	gvpv	84.0	gvpk	3.0	81.0	0.8737864077669902	0.9662921348314607	other_gvp	competitive_gvpv_support	0.0	0.2	natural_heldout	gvpv	0	nat_9295f767a32dcface418
nat_3b12a9f8d634154d518e	3b12a9f8d634154d518e627ad462502c1450e311364bc05d4d9d73048efb9226	88	pass	51.2	51.5	0.9743589743589743			gvpj	72.1		0.0	0.0	unsupported	no_qualified_subfamily_hit	19.2	72.1	natural_heldout	gvpj	0	nat_3b12a9f8d634154d518e
nat_40571a78567e238ce9c6	40571a78567e238ce9c66512af53be557688721acabbf0a07b677c53bc9e332a	88	pass	57.3	57.7	0.9743589743589743	gvpj	93.0	gvpa	127.6	-34.599999999999994	0.6578947368421053	0.8522727272727273	gvpa_gvpj_ambiguous	insufficient_competitive_margin	127.6	93.0	natural_heldout	gvpj	0	nat_40571a78567e238ce9c6
nat_a4ea0771a62129b6e7cf	a4ea0771a62129b6e7cf567d36b36fd20371a5efd1b268e0064fb7fda071e2c0	88	pass	34.6	35.0	0.9743589743589743			gvpa	99.1		0.0	0.0	unsupported	no_qualified_subfamily_hit	99.1	66.3	natural_heldout	gvpj	0	nat_a4ea0771a62129b6e7cf
nat_f1dfa126e7493ff95915	f1dfa126e7493ff95915679869e1d0406b33423ee9833f41aad1d110a1e3a43e	88	pass	51.4	51.4	1.0			gvpj	51.4		0.0	0.0	unsupported	no_qualified_subfamily_hit	17.0	51.4	natural_heldout	gvpj	0	nat_f1dfa126e7493ff95915
nat_6fe65d28a28456450f1d	6fe65d28a28456450f1d170f3aaa1da3da9a687b7b1f0ddc7ed82158336d3ce7	88	pass	56.6	56.9	1.0	gvpj	98.1	gvpa	134.7	-36.599999999999994	0.7017543859649122	0.8977272727272727	gvpa_gvpj_ambiguous	insufficient_competitive_margin	134.7	98.1	natural_heldout	gvpj	0	nat_6fe65d28a28456450f1d
nat_26308fc9d4bef9eb4e06	26308fc9d4bef9eb4e06fe1d1822c7ea3ef5d307f0d8ccf924dcbac00f5938cb	88	pass	58.5	58.8	1.0	gvpj	98.7	gvpa	131.9	-33.2	0.7105263157894737	0.9090909090909091	gvpa_gvpj_ambiguous	insufficient_competitive_margin	131.9	98.7	natural_heldout	gvpj	0	nat_26308fc9d4bef9eb4e06
nat_06821e5fc5c34d708729	06821e5fc5c34d70872987bcd1c5be0f87948a2fc850170fa09e31fc66b0d91f	88	fail			0.0	gvpk	117.8	gvpl	3.5	114.3	0.8035714285714286	1.0	other_gvp	competitive_gvpk_support	0.6	1.9	natural_heldout	gvpk	0	nat_06821e5fc5c34d708729
nat_f34c21bef9d83be311ab	f34c21bef9d83be311abb47903c2b8d83e12ceb90555bae23e70030a550a2450	88	fail			0.0	gvpk	117.7	gvpl	1.9	115.8	0.7410714285714286	0.9431818181818182	other_gvp	competitive_gvpk_support		0.4	natural_heldout	gvpk	0	nat_f34c21bef9d83be311ab
nat_b98ff0a704b47fc46c7b	b98ff0a704b47fc46c7bebd688317791521698b302950180580ecefa93ac0356	87	pass	58.5	58.9	1.0	gvpj	98.0	gvpa	134.3	-36.30000000000001	0.631578947368421	0.8505747126436781	gvpa_gvpj_ambiguous	insufficient_competitive_margin	134.3	98.0	natural_heldout	gvpj	0	nat_b98ff0a704b47fc46c7b
nat_9d95fb5f11c9b20cbd54	9d95fb5f11c9b20cbd54144f1189830128ae977a9f7313d8dbc777f76f3a3294	87	pass	54.5	54.8	1.0	gvpj	94.2	gvpa	129.8	-35.60000000000001	0.6754385964912281	0.896551724137931	gvpa_gvpj_ambiguous	insufficient_competitive_margin	129.8	94.2	natural_heldout	gvpj	0	nat_9d95fb5f11c9b20cbd54
nat_86681ddf38afc42e15b1	86681ddf38afc42e15b170cb966b545cf9b87629abb1b783d158d31d74720886	87	pass	47.7	48.1	0.9743589743589743			gvpj	78.2		0.0	0.0	unsupported	no_qualified_subfamily_hit	16.5	78.2	natural_heldout	gvpj	0	nat_86681ddf38afc42e15b1
nat_1a9b7eb01e9bfef0db94	1a9b7eb01e9bfef0db946bc02593244fecdeb9476691bb53d63f4c848de9386e	87	pass	58.8	59.1	1.0	gvpj	97.5	gvpa	130.9	-33.400000000000006	0.6578947368421053	0.8735632183908046	gvpa_gvpj_ambiguous	insufficient_competitive_margin	130.9	97.5	natural_heldout	gvpj	0	nat_1a9b7eb01e9bfef0db94
nat_fde7addd3bf07688f196	fde7addd3bf07688f196fd2d1b7828f2e37d49cc249524d4fc1e1f4fcf3aac7e	87	pass	48.1	48.1	1.0	gvpj	77.8	gvpa	116.2	-38.400000000000006	0.6140350877192983	0.8160919540229885	gvpa_gvpj_ambiguous	insufficient_competitive_margin	116.2	77.8	natural_heldout	gvpj	0	nat_fde7addd3bf07688f196
nat_63271297f6b3d9d8c243	63271297f6b3d9d8c24303690948f90eef2bb48414b4d091f7bb54d0e3e11ca5	87	fail			0.0	gvpk	117.0	gvpg	0.4	116.6	0.75	0.9655172413793104	other_gvp	competitive_gvpk_support			natural_heldout	gvpk	0	nat_63271297f6b3d9d8c243
nat_8d605ff22811ab4235d7	8d605ff22811ab4235d784a47e555dfd8121e8a54c42ef9ac5e9bf2b94280ace	87	fail			0.0	gvpk	81.5	gvpl	0.6	80.9	0.7142857142857143	0.9540229885057471	other_gvp	competitive_gvpk_support	0.5	0.4	natural_heldout	gvpk	0	nat_8d605ff22811ab4235d7
nat_8021adb844c9a8ddd77d	8021adb844c9a8ddd77ddefad3efe60d5b58d5a3402cc23b2d5ce7e4a542e318	86	pass	51.4	51.9	0.9743589743589743			gvpj	74.3		0.0	0.0	unsupported	no_qualified_subfamily_hit	18.0	74.3	natural_heldout	gvpj	0	nat_8021adb844c9a8ddd77d
nat_00c6196a0e576e2b1900	00c6196a0e576e2b19009e9618a873f899e8f8af1bf1475b63bce675425ed364	86	pass	53.8	54.1	1.0			gvpj	76.7		0.0	0.0	unsupported	no_qualified_subfamily_hit	30.4	76.7	natural_heldout	gvpj	0	nat_00c6196a0e576e2b1900
nat_fb104b6db70ffc781527	fb104b6db70ffc781527bd53006babd0f1f106890d798a7dbcd7b62096d47778	86	pass	48.5	48.8	1.0			gvpj	73.2		0.0	0.0	unsupported	no_qualified_subfamily_hit	20.9	73.2	natural_heldout	gvpj	0	nat_fb104b6db70ffc781527
nat_c878ed98f912803b2650	c878ed98f912803b26502e697ee499028b9118020b68b92efae123b40bae7692	86	pass	55.9	56.3	1.0	gvpj	95.2	gvpa	133.4	-38.2	0.7105263157894737	0.9069767441860465	gvpa_gvpj_ambiguous	insufficient_competitive_margin	133.4	95.2	natural_heldout	gvpj	0	nat_c878ed98f912803b2650
nat_e2ce29238f757f550f72	e2ce29238f757f550f72aad1e79209a917b41133092f324040b6518a22bb603c	86	pass	53.7	54.0	1.0			gvpj	77.5		0.0	0.0	unsupported	no_qualified_subfamily_hit	24.4	77.5	natural_heldout	gvpj	0	nat_e2ce29238f757f550f72
nat_e7917ca07f716dbc393f	e7917ca07f716dbc393fcb8368602a183a73be723da35fb7b152f4a7645c3d75	86	pass	58.1	58.4	1.0	gvpj	97.1	gvpa	131.9	-34.80000000000001	0.6929824561403509	0.9069767441860465	gvpa_gvpj_ambiguous	insufficient_competitive_margin	131.9	97.1	natural_heldout	gvpj	0	nat_e7917ca07f716dbc393f
nat_9e1803ec0ea9ee179a94	9e1803ec0ea9ee179a94cc7365a0a3d6fc52f9755a268ab8afd891a3d18150bb	86	pass	57.1	57.5	1.0	gvpj	95.7	gvpa	133.1	-37.39999999999999	0.6578947368421053	0.8604651162790697	gvpa_gvpj_ambiguous	insufficient_competitive_margin	133.1	95.7	natural_heldout	gvpj	0	nat_9e1803ec0ea9ee179a94
nat_f3a6931071d746ea3e3e	f3a6931071d746ea3e3efe38cc9058a4168925d3a595b06c467d8f3cadeb46d4	86	pass	56.4	56.8	1.0	gvpj	94.3	gvpa	131.0	-36.7	0.6666666666666666	0.872093023255814	gvpa_gvpj_ambiguous	insufficient_competitive_margin	131.0	94.3	natural_heldout	gvpj	0	nat_f3a6931071d746ea3e3e
nat_c253b9ec4d9a0828c2c9	c253b9ec4d9a0828c2c920296cbfb4abd7444919f0f743cd1a4b9672cad371d3	86	pass	57.1	57.5	1.0	gvpj	95.1	gvpa	132.5	-37.400000000000006	0.6228070175438597	0.8488372093023255	gvpa_gvpj_ambiguous	insufficient_competitive_margin	132.5	95.1	natural_heldout	gvpj	0	nat_c253b9ec4d9a0828c2c9
nat_8a82e12411d5884ab1cc	8a82e12411d5884ab1ccd38c68148807b389d0f703697047c18848d276d24048	86	pass	58.5	58.9	1.0	gvpj	97.7	gvpa	133.0	-35.3	0.6578947368421053	0.8604651162790697	gvpa_gvpj_ambiguous	insufficient_competitive_margin	133.0	97.7	natural_heldout	gvpj	0	nat_8a82e12411d5884ab1cc
nat_741da9de60585bc38db1	741da9de60585bc38db1162d556d959ecdec384033cf5aa5d754f8aa623f903d	86	pass	58.0	58.4	1.0	gvpj	97.5	gvpa	132.6	-35.099999999999994	0.6578947368421053	0.872093023255814	gvpa_gvpj_ambiguous	insufficient_competitive_margin	132.6	97.5	natural_heldout	gvpj	0	nat_741da9de60585bc38db1
nat_7bdfaf160f3bdc576512	7bdfaf160f3bdc576512a487a06fd6e71beb34681faffcfaaf0c826f0e85d556	86	pass	36.1	36.8	1.0	gvpj	67.5	gvpa	32.5	35.0	0.6578947368421053	0.9186046511627907	other_gvp	competitive_gvpj_support	32.5	67.5	natural_heldout	gvpj	0	nat_7bdfaf160f3bdc576512
nat_52878bc67dc3956b9eaa	52878bc67dc3956b9eaafefce7fd9d35b716a2a6da1e733c108251431845d7d6	86	pass	58.0	58.5	1.0	gvpj	97.1	gvpa	133.0	-35.900000000000006	0.6578947368421053	0.872093023255814	gvpa_gvpj_ambiguous	insufficient_competitive_margin	133.0	97.1	natural_heldout	gvpj	0	nat_52878bc67dc3956b9eaa
nat_bf1dfb6914e902f34199	bf1dfb6914e902f34199090eead29e7c873b3d823ab9a1e3b57c51cc56789ff6	86	pass	56.4	56.8	1.0	gvpj	94.2	gvpa	131.6	-37.39999999999999	0.6754385964912281	0.872093023255814	gvpa_gvpj_ambiguous	insufficient_competitive_margin	131.6	94.2	natural_heldout	gvpj	0	nat_bf1dfb6914e902f34199
nat_72c94665b6fe8f5a4a99	72c94665b6fe8f5a4a9991d7d938dce4d391f3d4dd31f5d7211bb7c3a4e83afd	86	pass	55.5	55.9	1.0	gvpj	92.2	gvpa	130.2	-37.999999999999986	0.6491228070175439	0.8372093023255814	gvpa_gvpj_ambiguous	insufficient_competitive_margin	130.2	92.2	natural_heldout	gvpj	0	nat_72c94665b6fe8f5a4a99
nat_00eda75e8d86c0000a3e	00eda75e8d86c0000a3e57832e5b5305cc66f3d059610af378343293cdb407fa	86	pass	56.4	56.8	1.0	gvpj	94.5	gvpa	132.3	-37.80000000000001	0.7017543859649122	0.9186046511627907	gvpa_gvpj_ambiguous	insufficient_competitive_margin	132.3	94.5	natural_heldout	gvpj	0	nat_00eda75e8d86c0000a3e
nat_71c9469d11a4b15b6ca5	71c9469d11a4b15b6ca5894c9df60cfd1710f7521d96b2936f7081ad7ff7f39c	86	pass	58.5	59.0	1.0	gvpj	93.9	gvpa	129.4	-35.5	0.6140350877192983	0.813953488372093	gvpa_gvpj_ambiguous	insufficient_competitive_margin	129.4	93.9	natural_heldout	gvpj	0	nat_71c9469d11a4b15b6ca5
nat_18142d35413b7350d3c4	18142d35413b7350d3c4778a3333d1c2abd5ca338ec125ca7ebbe0b648d17b0a	86	pass	58.5	58.9	1.0	gvpj	98.2	gvpa	132.6	-34.39999999999999	0.6754385964912281	0.8837209302325582	gvpa_gvpj_ambiguous	insufficient_competitive_margin	132.6	98.2	natural_heldout	gvpj	0	nat_18142d35413b7350d3c4
nat_a67e165cabef467e0ac9	a67e165cabef467e0ac9e94b61260bd0873a88d6ba96eadf28144f3c433e7ad7	86	pass	58.5	58.9	1.0	gvpj	97.8	gvpa	132.2	-34.39999999999999	0.6228070175438597	0.8372093023255814	gvpa_gvpj_ambiguous	insufficient_competitive_margin	132.2	97.8	natural_heldout	gvpj	0	nat_a67e165cabef467e0ac9
nat_a839bd0954a015535b42	a839bd0954a015535b42c1b7803df865d818ba71152e2148a47ca601e806727b	85	pass	55.7	56.1	1.0			gvpj	76.0		0.0	0.0	unsupported	no_qualified_subfamily_hit	26.6	76.0	natural_heldout	gvpj	0	nat_a839bd0954a015535b42
nat_8fc3a32e7b76288cb25f	8fc3a32e7b76288cb25f7c2b49c21459c1a2827d989c0ff2e951845fdb99c9d6	85	pass	58.5	58.8	1.0	gvpj	79.3	gvpa	35.2	44.099999999999994	0.6491228070175439	0.9058823529411765	other_gvp	competitive_gvpj_support	35.2	79.3	natural_heldout	gvpj	0	nat_8fc3a32e7b76288cb25f
nat_b65584b455da6ddf1098	b65584b455da6ddf10983bfe1ea7e83e296c7b58eedaec3f39b315e0e0a5bdba	85	pass	54.5	54.8	1.0			gvpj	68.7		0.0	0.0	unsupported	no_qualified_subfamily_hit	21.1	68.7	natural_heldout	gvpj	0	nat_b65584b455da6ddf1098
nat_0a3c08d96e059eeafea8	0a3c08d96e059eeafea8ac7708bce3f097018debc63e984f526fd4cf1d03600c	85	pass	56.0	56.3	1.0	gvpj	94.6	gvpa	132.3	-37.70000000000002	0.6578947368421053	0.8705882352941177	gvpa_gvpj_ambiguous	insufficient_competitive_margin	132.3	94.6	natural_heldout	gvpj	0	nat_0a3c08d96e059eeafea8
nat_f19e30abde1c734a02eb	f19e30abde1c734a02eb9c30be76ca3df44f1fe444fed8c02c121fde97e7fea5	85	fail			0.0	gvpg	126.5	gvpc	3.5	123.0	0.9879518072289156	0.9764705882352941	other_gvp	competitive_gvpg_support	1.6	3.4	natural_heldout	gvpg	0	nat_f19e30abde1c734a02eb
nat_e8725e8fbddfd6b8fab4	e8725e8fbddfd6b8fab44d7878404f016721a36258e19bb567fd63f0360343b1	85	fail			0.0	gvpg	130.1	gvpv	6.1	124.0	0.9879518072289156	0.9764705882352941	other_gvp	competitive_gvpg_support	2.0	4.1	natural_heldout	gvpg	0	nat_e8725e8fbddfd6b8fab4
nat_82b15fd1e2a58ca3c8d0	82b15fd1e2a58ca3c8d057b650ebe187702d7205cd5742665c2048b9961ee064	85	fail			0.0	gvpg	125.7	gvpj	5.0	120.7	0.9759036144578314	0.9647058823529412	other_gvp	competitive_gvpg_support	3.2	5.0	natural_heldout	gvpg	0	nat_82b15fd1e2a58ca3c8d0
nat_b07496d6758a328c5961	b07496d6758a328c5961cd1773b9150ffd595ab70c285710d018f53e5065a724	85	fail			0.0	gvpg	120.5	gvpv	5.4	115.1	0.9759036144578314	0.9647058823529412	other_gvp	competitive_gvpg_support	4.1	5.2	natural_heldout	gvpg	0	nat_b07496d6758a328c5961
nat_02fc048053a10b210a78	02fc048053a10b210a78352de90530f654735bf3e6c2c49d067cbdf369c54b50	84	pass	57.1	57.4	1.0			gvpj	79.0		0.0	0.0	unsupported	no_qualified_subfamily_hit	27.8	79.0	natural_heldout	gvpj	0	nat_02fc048053a10b210a78
nat_74d379b17330f4a662e7	74d379b17330f4a662e7797bc2eaa8e0a2f92f0219ecf0767136b79a32ccf5ff	84	pass	56.3	56.7	1.0			gvpj	79.6		0.0	0.0	unsupported	no_qualified_subfamily_hit	27.7	79.6	natural_heldout	gvpj	0	nat_74d379b17330f4a662e7
nat_ff6380bfdca9331d95d6	ff6380bfdca9331d95d63e48e67b5eeacb28cb32b34025c71372f668071506e1	84	pass	37.8	38.1	0.9487179487179487			gvpj	51.7		0.0	0.0	unsupported	no_qualified_subfamily_hit	12.5	51.7	natural_heldout	gvpj	0	nat_ff6380bfdca9331d95d6
nat_2c228d21f1ff5bf415c0	2c228d21f1ff5bf415c011402f3919641e9309a13afba1096cf970bcbcca40f7	84	pass	55.1	55.4	1.0	gvpj	96.7	gvpa	133.5	-36.8	0.6842105263157895	0.9047619047619048	gvpa_gvpj_ambiguous	insufficient_competitive_margin	133.5	96.7	natural_heldout	gvpj	0	nat_2c228d21f1ff5bf415c0
nat_9d50c7bb916513aad226	9d50c7bb916513aad2269ad2be695df1454032513e6fdfef9d25952c90d771ab	84	pass	57.7	58.1	1.0	gvpj	95.0	gvpa	131.6	-36.599999999999994	0.6403508771929824	0.8452380952380952	gvpa_gvpj_ambiguous	insufficient_competitive_margin	131.6	95.0	natural_heldout	gvpj	0	nat_9d50c7bb916513aad226
nat_4329fc20815a3de16628	4329fc20815a3de16628844302e90097fec2f8bdf52141d433a6520c319d5961	84	pass	52.2	52.2	0.9743589743589743	gvpj	81.3	gvpa	47.0	34.3	0.6578947368421053	0.9166666666666666	other_gvp	competitive_gvpj_support	47.0	81.3	natural_heldout	gvpj	0	nat_4329fc20815a3de16628
nat_01fb42ca3aea3da0dbe5	01fb42ca3aea3da0dbe5b208b477df417ec6263d2e67d368fb3865e13fb2ca68	84	pass	58.4	58.8	1.0	gvpj	95.9	gvpa	131.4	-35.5	0.6491228070175439	0.8571428571428571	gvpa_gvpj_ambiguous	insufficient_competitive_margin	131.4	95.9	natural_heldout	gvpj	0	nat_01fb42ca3aea3da0dbe5
nat_7b0f7b8528d5bb85e97b	7b0f7b8528d5bb85e97be35342b88e8565a2d017b4b067a20646c2d43ebb727e	84	fail			0.0	gvpv	32.4	gvpl	3.8	28.599999999999998	0.6407766990291263	0.7380952380952381	other_gvp	competitive_gvpv_support	1.0	1.4	natural_heldout	gvpv	0	nat_7b0f7b8528d5bb85e97b
nat_e355a3cabd64b6b94474	e355a3cabd64b6b94474f8f95e4fa9a468d092aa4b192940afe577dc4c75888c	84	fail			0.0	gvpg	134.0	gvpj	6.9	127.1	1.0	1.0	other_gvp	competitive_gvpg_support	3.4	6.9	natural_heldout	gvpf	0	nat_e355a3cabd64b6b94474
nat_2f81ae5a8efef14f8a07	2f81ae5a8efef14f8a071372156cf1961c1e82efeb231556e20621309a0c632d	84	fail			0.0	gvpg	132.6	gvpj	5.6	127.0	0.9879518072289156	0.9880952380952381	other_gvp	competitive_gvpg_support	3.8	5.6	natural_heldout	gvpf	0	nat_2f81ae5a8efef14f8a07
nat_88718dd3cb77e8c5a330	88718dd3cb77e8c5a33059db92a01020cca98b97cb39ff3b9bed7cb52179e0ed	84	fail			0.0	gvpg	131.2	gvpj	4.4	126.79999999999998	1.0	1.0	other_gvp	competitive_gvpg_support	2.1	4.4	natural_heldout	gvpf	0	nat_88718dd3cb77e8c5a330
nat_b2c27e09d74473b0ebc2	b2c27e09d74473b0ebc26bc7ae1dcde44830321e8c5dbc85f3821a57197f6904	84	fail			0.0	gvpg	130.1	gvpl	3.7	126.39999999999999	0.9879518072289156	0.9880952380952381	other_gvp	competitive_gvpg_support	1.8	3.6	natural_heldout	gvpf	0	nat_b2c27e09d74473b0ebc2
nat_a07c55369bbbf7504123	a07c55369bbbf7504123b077c43a120c3b084b64f8f25df7964014c0e4a3fc8a	84	fail			0.0	gvpg	130.5	gvpj	6.5	124.0	0.9879518072289156	0.9880952380952381	other_gvp	competitive_gvpg_support	4.5	6.5	natural_heldout	gvpf	0	nat_a07c55369bbbf7504123
nat_55b02474c0fab1efb3b4	55b02474c0fab1efb3b488a1f8ce121152c9eac726a147b638fb194e2a242226	84	fail			0.0	gvpg	131.3	gvpj	4.2	127.10000000000001	1.0	1.0	other_gvp	competitive_gvpg_support	3.0	4.2	natural_heldout	gvpf	0	nat_55b02474c0fab1efb3b4
nat_af29a9c134c8c13c12cf	af29a9c134c8c13c12cfb73975a6f9ab55ce7c93fb497652087db0c42140c494	84	fail			0.0	gvpg	132.8	gvpj	3.9	128.9	1.0	1.0	other_gvp	competitive_gvpg_support	2.4	3.9	natural_heldout	gvpf	0	nat_af29a9c134c8c13c12cf
nat_5a737a64d401db430800	5a737a64d401db43080087131d87d84cec2fb5fd12987c753fb57b1b902576f5	84	fail			0.0	gvpg	125.4	gvpj	3.4	122.0	1.0	1.0	other_gvp	competitive_gvpg_support	1.7	3.4	natural_heldout	gvpf	0	nat_5a737a64d401db430800
nat_3301e6c079648c50c9a5	3301e6c079648c50c9a55c1be1f94592eeb8c6e14faa81c77e6e10a2b797a7b7	84	fail			0.0	gvpg	127.7	gvpj	2.9	124.8	1.0	1.0	other_gvp	competitive_gvpg_support	2.0	2.9	natural_heldout	gvpf	0	nat_3301e6c079648c50c9a5
nat_28fe1b57f20e35dc1b32	28fe1b57f20e35dc1b32233f29813391c79987cdfbe4ba2236b1b62930c67116	84	fail			0.0	gvpg	131.5	gvpj	4.5	127.0	1.0	1.0	other_gvp	competitive_gvpg_support	2.8	4.5	natural_heldout	gvpf	0	nat_28fe1b57f20e35dc1b32
nat_95bd1ae896e6b37799a7	95bd1ae896e6b37799a708c2bcbb212e2e8cc7b579c08925b743cd8fa4ef2d1d	84	fail			0.0	gvpg	126.7	gvpv	2.6	124.10000000000001	1.0	1.0	other_gvp	competitive_gvpg_support	1.4	2.2	natural_heldout	gvpf	0	nat_95bd1ae896e6b37799a7
nat_d3b471aebb2636ab3f7c	d3b471aebb2636ab3f7c5fd46fc7f6a054566ee28d77b5bbbc8fed31362d1577	84	fail			0.0	gvpg	123.6	gvpj	3.6	120.0	0.9879518072289156	0.9880952380952381	other_gvp	competitive_gvpg_support	3.1	3.6	natural_heldout	gvpf	0	nat_d3b471aebb2636ab3f7c
nat_21ce4c05e2c1231a2b33	21ce4c05e2c1231a2b33c7c1250476c387e9925b5f7d3e920a9b519a95ba8636	84	fail			0.0	gvpg	134.9	gvpj	5.9	129.0	0.9879518072289156	0.9880952380952381	other_gvp	competitive_gvpg_support	3.2	5.9	natural_heldout	gvpf	0	nat_21ce4c05e2c1231a2b33
nat_a31bf6961511d9b2e5db	a31bf6961511d9b2e5db934a4d001e416997066cbdc287801f5a860372638ae7	84	fail			0.0	gvpg	120.5	gvpj	3.5	117.0	1.0	1.0	other_gvp	competitive_gvpg_support	2.4	3.5	natural_heldout	gvpf	0	nat_a31bf6961511d9b2e5db
nat_a805025f1e78467c4256	a805025f1e78467c42562c6a709f036d611ec699c90e306cef4eeef76ee91b8b	84	fail			0.0	gvpg	130.8	gvpj	6.1	124.70000000000002	1.0	1.0	other_gvp	competitive_gvpg_support	3.5	6.1	natural_heldout	gvpf	0	nat_a805025f1e78467c4256
nat_b9a3d3a346b0bcc296b5	b9a3d3a346b0bcc296b5cb8a62626ea398ce19cfc1b79284df6f553de496cd46	84	fail			0.0	gvpg	130.1	gvpj	2.0	128.1	1.0	1.0	other_gvp	competitive_gvpg_support	1.2	2.0	natural_heldout	gvpf	0	nat_b9a3d3a346b0bcc296b5
nat_d190f67f4075b2e1dcdb	d190f67f4075b2e1dcdbcc9f57536055163e4d7cce88e142cd91ed1d2456c28f	84	fail			0.0	gvpg	128.7	gvpj	4.5	124.19999999999999	0.9879518072289156	0.9880952380952381	other_gvp	competitive_gvpg_support	2.9	4.5	natural_heldout	gvpf	0	nat_d190f67f4075b2e1dcdb
nat_ae04aaf1066a11d3d107	ae04aaf1066a11d3d10731ddc0a2cd0667bca137618c1b63cc2bce83aad93d59	84	fail			0.0	gvpg	132.8	gvpj	4.2	128.60000000000002	0.9879518072289156	0.9880952380952381	other_gvp	competitive_gvpg_support	2.4	4.2	natural_heldout	gvpf	0	nat_ae04aaf1066a11d3d107
nat_faf24daf3257ab31b44d	faf24daf3257ab31b44d8d8aacb2aaa72b02af3709340617537b79dfe3bbb5b4	84	fail			0.0	gvpg	135.6	gvpj	4.2	131.4	1.0	1.0	other_gvp	competitive_gvpg_support	2.4	4.2	natural_heldout	gvpf	0	nat_faf24daf3257ab31b44d
nat_9fafac92a5d42b5a3892	9fafac92a5d42b5a3892a3f9b0e266a85a394fcd1b8f4b2e7b341afde147fff6	84	fail			0.0	gvpg	131.1	gvpj	5.2	125.89999999999999	1.0	1.0	other_gvp	competitive_gvpg_support	3.4	5.2	natural_heldout	gvpf	0	nat_9fafac92a5d42b5a3892
nat_a0004fe0af44e3e50ba6	a0004fe0af44e3e50ba62f059596e20c1c980da9c607ab4824e85cb5303cb456	84	fail			0.0	gvpg	129.6	gvpj	3.6	126.0	0.9879518072289156	0.9880952380952381	other_gvp	competitive_gvpg_support	1.9	3.6	natural_heldout	gvpf	0	nat_a0004fe0af44e3e50ba6
nat_45a9e22305a1b46f68f2	45a9e22305a1b46f68f274f2cc3d35e399f5a3baa8ff36274d501aa5e5a434a0	84	fail			0.0	gvpg	136.9	gvpj	5.6	131.3	1.0	1.0	other_gvp	competitive_gvpg_support	3.5	5.6	natural_heldout	gvpf	0	nat_45a9e22305a1b46f68f2
nat_22edc8a638b6a2edc028	22edc8a638b6a2edc0281ad4eb8c28b70302f5035f5a0701217be6e36711bcb5	84	fail			0.0	gvpg	129.0	gvpj	4.7	124.3	0.9879518072289156	0.9880952380952381	other_gvp	competitive_gvpg_support	2.9	4.7	natural_heldout	gvpf	0	nat_22edc8a638b6a2edc028
nat_012f7ed0df540c626390	012f7ed0df540c62639013367488ba0a3a8fafa28f0ae61c54a81813efa5b81b	84	fail			0.0	gvpg	128.7	gvpj	6.4	122.29999999999998	0.9879518072289156	0.9880952380952381	other_gvp	competitive_gvpg_support	2.9	6.4	natural_heldout	gvpf	0	nat_012f7ed0df540c626390
nat_0aef17ff33a56ad243d6	0aef17ff33a56ad243d6cf0aaa01d3c46a0ef552ed8b19ca17d407ed30d2e1a0	84	fail			0.0	gvpg	130.7	gvpj	5.9	124.79999999999998	1.0	1.0	other_gvp	competitive_gvpg_support	2.9	5.9	natural_heldout	gvpf	0	nat_0aef17ff33a56ad243d6
nat_9563afccb8c08431776b	9563afccb8c08431776b8837cce3e73040a85d6c24b317c6793429ae590ea486	84	fail			0.0	gvpg	130.7	gvpj	2.6	128.1	1.0	1.0	other_gvp	competitive_gvpg_support	1.6	2.6	natural_heldout	gvpf	0	nat_9563afccb8c08431776b
nat_3f4ad2718cecb9460dfc	3f4ad2718cecb9460dfccce76179cd571a8e19f0fda8a472cc6e631ca789b115	84	fail			0.0	gvpg	131.0	gvpj	5.4	125.6	0.9879518072289156	0.9880952380952381	other_gvp	competitive_gvpg_support	3.3	5.4	natural_heldout	gvpf	0	nat_3f4ad2718cecb9460dfc
nat_b7b637f34ee70e87224a	b7b637f34ee70e87224af49383e590de9ab88bce787ac7b618ee4281a882d375	84	fail			0.0	gvpg	136.6	gvpj	3.4	133.2	1.0	1.0	other_gvp	competitive_gvpg_support	1.3	3.4	natural_heldout	gvpf	0	nat_b7b637f34ee70e87224a
nat_6564bfeee9ba0940d56f	6564bfeee9ba0940d56f5d23229b3a74b646fda9f1cb3e76eb069df0ccef5590	84	fail			0.0	gvpg	122.9	gvpj	5.0	117.9	1.0	1.0	other_gvp	competitive_gvpg_support	3.0	5.0	natural_heldout	gvpf	0	nat_6564bfeee9ba0940d56f
nat_ac4b5fca0de2eeea6c28	ac4b5fca0de2eeea6c284e3b18c63dac66a735645a349388120c962e87c2f568	84	fail			0.0	gvpg	137.0	gvpj	3.3	133.7	1.0	1.0	other_gvp	competitive_gvpg_support	3.2	3.3	natural_heldout	gvpf	0	nat_ac4b5fca0de2eeea6c28
nat_f78382fe3dd21fcadefa	f78382fe3dd21fcadefaa5745ba0376b7e9f783efb1e866b3150b0f6ea10535c	84	fail			0.0	gvpg	130.5	gvpj	5.3	125.2	0.9879518072289156	0.9880952380952381	other_gvp	competitive_gvpg_support	2.7	5.3	natural_heldout	gvpf	0	nat_f78382fe3dd21fcadefa
nat_f463633620130e740645	f463633620130e7406452d225a7c4a4c39c624f0ae95563e17592b150321a819	84	fail			0.0	gvpg	132.5	gvpj	3.1	129.4	1.0	1.0	other_gvp	competitive_gvpg_support	2.0	3.1	natural_heldout	gvpf	0	nat_f463633620130e740645
nat_868cd976b7dd6f5d055d	868cd976b7dd6f5d055dfec804f62ef880e39ef4f015e4ef65ca0dce70dceeef	84	fail			0.0	gvpg	135.5	gvpj	3.2	132.3	1.0	1.0	other_gvp	competitive_gvpg_support	2.0	3.2	natural_heldout	gvpf	0	nat_868cd976b7dd6f5d055d
nat_5862b03f358ba80678c2	5862b03f358ba80678c2a86812621bd20fe5edd5f11665349242059aed417a4c	84	fail			0.0	gvpg	134.6	gvpj	4.4	130.2	0.9879518072289156	0.9880952380952381	other_gvp	competitive_gvpg_support	2.5	4.4	natural_heldout	gvpf	0	nat_5862b03f358ba80678c2
nat_e68c2635df884c45a501	e68c2635df884c45a501851f28ab7c917c28d57d52a5f9553c2d7e95d7c02de1	84	fail			0.0	gvpg	131.2	gvpj	6.2	124.99999999999999	0.9879518072289156	0.9880952380952381	other_gvp	competitive_gvpg_support	3.6	6.2	natural_heldout	gvpf	0	nat_e68c2635df884c45a501
nat_d8886baa75cb39b8df27	d8886baa75cb39b8df27566def62b786c76ef9fe4315f5d6b44b921d90eca849	84	fail			0.0	gvpg	119.4	gvpj	6.0	113.4	1.0	1.0	other_gvp	competitive_gvpg_support	2.3	6.0	natural_heldout	gvpf	0	nat_d8886baa75cb39b8df27
nat_004259139cc6a322721e	004259139cc6a322721e7242c33f745528c4252e23023852c9cf73bfcdb7c67e	84	fail			0.0	gvpg	122.6	gvpj	3.4	119.19999999999999	1.0	1.0	other_gvp	competitive_gvpg_support	2.0	3.4	natural_heldout	gvpf	0	nat_004259139cc6a322721e
nat_c25d7e556c15742553a1	c25d7e556c15742553a175f4fe169f3bd755134e08b9bd0806d434802a179534	84	fail			0.0	gvpg	137.3	gvpv	2.9	134.4	1.0	1.0	other_gvp	competitive_gvpg_support	1.0	1.9	natural_heldout	gvpg	0	nat_c25d7e556c15742553a1
nat_ebd14cfcc4230e68547c	ebd14cfcc4230e68547c4ce4bf291cb09cebc552881b6950c8fa82b33437dab1	84	fail			0.0	gvpg	126.5	gvpj	3.1	123.4	1.0	1.0	other_gvp	competitive_gvpg_support	2.6	3.1	natural_heldout	gvpg	0	nat_ebd14cfcc4230e68547c
nat_0121f9805d9138155c94	0121f9805d9138155c9460c6af80abdccefbe96fb707f2ca6ae4502c680fbe22	84	fail			0.0	gvpg	126.9	gvpk	3.2	123.7	1.0	1.0	other_gvp	competitive_gvpg_support	1.6	2.5	natural_heldout	gvpg	0	nat_0121f9805d9138155c94
nat_935d7d0e66b4d7c7301a	935d7d0e66b4d7c7301ab9b9af649f378d2943a0f1e90a432631b49d23a1c27e	84	fail			0.0	gvpg	134.9	gvpj	5.6	129.3	0.9879518072289156	0.9880952380952381	other_gvp	competitive_gvpg_support	3.0	5.6	natural_heldout	gvpg	0	nat_935d7d0e66b4d7c7301a
nat_9ec14e80a2c82af4533c	9ec14e80a2c82af4533c6da86ed922687c8a5ddab3eaa2691d51872058768f2a	84	fail			0.0	gvpg	129.5	gvpj	3.2	126.3	1.0	1.0	other_gvp	competitive_gvpg_support	2.1	3.2	natural_heldout	gvpg	0	nat_9ec14e80a2c82af4533c
nat_131fa3fa79bf624713b7	131fa3fa79bf624713b7168e756146e23f603e352eb9c8b634d3a16001d033c6	84	fail			0.0	gvpg	121.0	gvpj	2.1	118.9	1.0	1.0	other_gvp	competitive_gvpg_support	1.5	2.1	natural_heldout	gvpg	0	nat_131fa3fa79bf624713b7
nat_7ed43cadccbe39bfd14a	7ed43cadccbe39bfd14a108a23c0336e9cdd227bdeced0a43c6c50e3dc732c90	84	fail			0.0	gvpg	114.9	gvpj	3.3	111.60000000000001	0.9879518072289156	0.9880952380952381	other_gvp	competitive_gvpg_support	0.9	3.3	natural_heldout	gvpg	0	nat_7ed43cadccbe39bfd14a
nat_22b97f35b905826c7d19	22b97f35b905826c7d197c9c3aa41dba4593b6140ccea1835912e847b510d25e	84	fail			0.0	gvpg	123.9	gvpj	5.2	118.7	0.9879518072289156	0.9880952380952381	other_gvp	competitive_gvpg_support	3.4	5.2	natural_heldout	gvpg	0	nat_22b97f35b905826c7d19
nat_ebf292a13c22a6fb10ff	ebf292a13c22a6fb10ffa2557b8ffb60d662be80492c0ee5b1d42e2a9135a9c4	84	fail			0.0	gvpg	122.8	gvpj	3.1	119.7	1.0	1.0	other_gvp	competitive_gvpg_support	3.0	3.1	natural_heldout	gvpg	0	nat_ebf292a13c22a6fb10ff
nat_643eb77a8f781d63766e	643eb77a8f781d63766e6ae0a2350c428652242b668f184ff531454aa55c1c23	84	fail			0.0	gvpg	126.7	gvpk	3.1	123.60000000000001	0.9879518072289156	0.9880952380952381	other_gvp	competitive_gvpg_support	2.3	2.1	natural_heldout	gvpg	0	nat_643eb77a8f781d63766e
nat_75c7fbef14ba03f076f3	75c7fbef14ba03f076f3b589d295d670fdbc61c4c8ff00648a3bdc9e544a64d1	84	fail			0.0	gvpg	130.8	gvpk	3.0	127.80000000000001	0.9879518072289156	0.9880952380952381	other_gvp	competitive_gvpg_support	2.1	2.8	natural_heldout	gvpg	0	nat_75c7fbef14ba03f076f3
nat_e40d3b614313d5e855db	e40d3b614313d5e855dbc8d3e1dec1286c97629592eda1409a4b60c9d69eb4ef	84	fail			0.0	gvpg	134.1	gvpa	2.3	131.79999999999998	1.0	1.0	other_gvp	competitive_gvpg_support	2.3	2.2	natural_heldout	gvpg	0	nat_e40d3b614313d5e855db
nat_b10fc547fbd9c05dd022	b10fc547fbd9c05dd0224706996abc8eaa27af853ff70b70145f3753beca9e01	84	fail			0.0	gvpg	120.8	gvpv	3.0	117.8	1.0	1.0	other_gvp	competitive_gvpg_support	1.6	2.9	natural_heldout	gvpg	0	nat_b10fc547fbd9c05dd022
nat_cc09b951685ac0c5b5b6	cc09b951685ac0c5b5b6a44788454a4a7c13afc946fcee0d89abff1244b1613f	83	pass	56.0	56.3	1.0	gvpj	81.3	gvpa	34.4	46.9	0.6666666666666666	0.9156626506024096	other_gvp	competitive_gvpj_support	34.4	81.3	natural_heldout	gvpj	0	nat_cc09b951685ac0c5b5b6
nat_4ac4ff2acc517133e87a	4ac4ff2acc517133e87a13e6d0cf3c99880fde0b7ab19e97cdfec31bb6c96066	83	pass	49.6	49.9	1.0			gvpj	75.5		0.0	0.0	unsupported	no_qualified_subfamily_hit	44.3	75.5	natural_heldout	gvpj	0	nat_4ac4ff2acc517133e87a
nat_13943ba848a919563021	13943ba848a9195630211aa74e8fb8e35b1e3066ec212f0a8ee285a6d2d3aa29	83	pass	49.0	49.3	0.9743589743589743			gvpj	70.9		0.0	0.0	unsupported	no_qualified_subfamily_hit	29.4	70.9	natural_heldout	gvpj	0	nat_13943ba848a919563021
nat_019e4d041634e825f3b4	019e4d041634e825f3b467b382519858683859f7c4dbf8ed9fbc946584706ddd	83	pass	53.1	53.5	1.0	gvpj	94.4	gvpa	130.0	-35.599999999999994	0.6578947368421053	0.8795180722891566	gvpa_gvpj_ambiguous	insufficient_competitive_margin	130.0	94.4	natural_heldout	gvpj	0	nat_019e4d041634e825f3b4
nat_15f7f1ff1f3d13b3a6e4	15f7f1ff1f3d13b3a6e4bbe763ea665e6bbc6fd58a2e0a196688d4b278d9e190	83	pass	50.2	50.5	1.0			gvpj	77.5		0.0	0.0	unsupported	no_qualified_subfamily_hit	25.1	77.5	natural_heldout	gvpj	0	nat_15f7f1ff1f3d13b3a6e4
nat_f7504e4129a4bef9f7f2	f7504e4129a4bef9f7f2114332e546a2884b7662328820a5b82549683e16968d	83	pass	60.6	60.9	1.0			gvpa	113.1		0.0	0.0	unsupported	no_qualified_subfamily_hit	113.1	92.0	natural_heldout	gvpj	0	nat_f7504e4129a4bef9f7f2
nat_63e50dde20dac61b7920	63e50dde20dac61b7920cb9f3d8a302090f28deed56e90db9ff5bf6a8d9cc123	83	pass	47.0	47.2	0.9743589743589743			gvpj	79.6		0.0	0.0	unsupported	no_qualified_subfamily_hit	20.1	79.6	natural_heldout	gvpj	0	nat_63e50dde20dac61b7920
nat_adbccafe282c78df56d1	adbccafe282c78df56d1ceaceb78c45c51ed73297a4d7cacf1130cdfeb674238	83	pass	49.3	50.0	1.0			gvpa	113.3		0.0	0.0	unsupported	no_qualified_subfamily_hit	113.3	81.5	natural_heldout	gvpj	0	nat_adbccafe282c78df56d1
nat_03154ee220c3666c043c	03154ee220c3666c043c403a5b0fbc598fe443cc00fe43a51b33898f22435530	83	pass	53.1	53.5	1.0	gvpj	92.0	gvpa	130.1	-38.099999999999994	0.6491228070175439	0.8674698795180723	gvpa_gvpj_ambiguous	insufficient_competitive_margin	130.1	92.0	natural_heldout	gvpj	0	nat_03154ee220c3666c043c
nat_0e646809d1e3d9dcc68e	0e646809d1e3d9dcc68e19b1f7e5581331e09fc93379b64a4a0e64b0de42270b	83	pass	55.9	56.2	1.0	gvpj	92.0	gvpa	129.5	-37.5	0.7017543859649122	0.927710843373494	gvpa_gvpj_ambiguous	insufficient_competitive_margin	129.5	92.0	natural_heldout	gvpj	0	nat_0e646809d1e3d9dcc68e
nat_83b5a7fbdc055a7e6548	83b5a7fbdc055a7e654881dbe4b1ecc84a66d9ee0f52db19bc75fdd74a898b33	83	fail			0.0	gvpk	49.3	gvpa	5.9	43.4	0.6339285714285714	0.8313253012048193	other_gvp	competitive_gvpk_support	5.9	3.3	natural_heldout	gvpk	0	nat_83b5a7fbdc055a7e6548
nat_f3cee6b4b1ac4fbe31cd	f3cee6b4b1ac4fbe31cd82a19ba2b63d07696c230c60e37c5eda940419b46355	83	fail			0.0	gvpg	124.0	gvpj	4.3	119.7	0.9879518072289156	0.9879518072289156	other_gvp	competitive_gvpg_support	3.4	4.3	natural_heldout	gvpf	0	nat_f3cee6b4b1ac4fbe31cd
nat_d50eae402323b817dffd	d50eae402323b817dffded7e0e19479c20bdd1fc6e0a068ba72b395805fc9e0b	83	fail			0.0	gvpg	124.0	gvpk	3.4	120.6	1.0	1.0	other_gvp	competitive_gvpg_support	2.0	2.7	natural_heldout	gvpg	0	nat_d50eae402323b817dffd
nat_d0e2c9c28723db140ef6	d0e2c9c28723db140ef64633129c1885ba8ab069e2f32f61cc37dc9c659996d9	83	fail			0.0	gvpg	134.8	gvpk	2.4	132.4	1.0	1.0	other_gvp	competitive_gvpg_support	1.3	2.1	natural_heldout	gvpg	0	nat_d0e2c9c28723db140ef6
nat_dc28b3b3593d013bafd7	dc28b3b3593d013bafd7d73f248606c98eddf1a5574ad534d2bee79561fee24d	83	fail			0.0	gvpg	125.0	gvpj	3.2	121.8	1.0	1.0	other_gvp	competitive_gvpg_support	1.6	3.2	natural_heldout	gvpg	0	nat_dc28b3b3593d013bafd7
nat_5a717df99d67fd784241	5a717df99d67fd7842419fb3107f1a937b75145bda2fd727a810ace364ddb00e	83	fail			0.0	gvpg	132.4	gvpv	4.9	127.5	0.9879518072289156	0.9879518072289156	other_gvp	competitive_gvpg_support	0.8	3.1	natural_heldout	gvpg	0	nat_5a717df99d67fd784241
nat_2317929bd5b9bea26c5e	2317929bd5b9bea26c5e1876ed81b1b8dbb2d4c7d0d54c40911c034d20399efb	83	fail			0.0	gvpg	140.8	gvpj	4.0	136.8	1.0	1.0	other_gvp	competitive_gvpg_support	1.8	4.0	natural_heldout	gvpg	0	nat_2317929bd5b9bea26c5e
nat_ff99c037c948a02afb0b	ff99c037c948a02afb0bdaf2c03798a38cbec5750d7fd05a166ca532188c8994	83	fail			0.0	gvpg	129.8	gvpj	3.5	126.30000000000001	1.0	1.0	other_gvp	competitive_gvpg_support	2.1	3.5	natural_heldout	gvpg	0	nat_ff99c037c948a02afb0b
nat_ae7c31f644fee037736e	ae7c31f644fee037736ea61826484473d2230712ce3ce9c03f25631b85e98d34	83	fail			0.0	gvpg	125.2	gvpj	2.5	122.7	1.0	1.0	other_gvp	competitive_gvpg_support	1.8	2.5	natural_heldout	gvpg	0	nat_ae7c31f644fee037736e
nat_dfc6d9c3df75d03c2479	dfc6d9c3df75d03c2479fcdeb3a1301808f9dc157211bfc303c54b274b69f6a5	83	fail			0.0	gvpg	137.0	gvpj	2.8	134.2	1.0	1.0	other_gvp	competitive_gvpg_support	2.4	2.8	natural_heldout	gvpg	0	nat_dfc6d9c3df75d03c2479
nat_46f1cb4a042a2dfc3559	46f1cb4a042a2dfc3559c2d9de3c116346cbac1e58fb5772e99a875b96f81e9a	83	fail			0.0	gvpg	132.4	gvpj	4.8	127.60000000000001	0.9879518072289156	0.9879518072289156	other_gvp	competitive_gvpg_support	2.7	4.8	natural_heldout	gvpg	0	nat_46f1cb4a042a2dfc3559
nat_1ffb716e986dbe270146	1ffb716e986dbe27014626c9ebd68f0576d1db7cf8cf187c31c201f630035648	83	fail			0.0	gvpg	127.2	gvpj	3.5	123.7	1.0	1.0	other_gvp	competitive_gvpg_support	2.2	3.5	natural_heldout	gvpg	0	nat_1ffb716e986dbe270146
nat_521484c428743b2a28a2	521484c428743b2a28a2cee2ac3914bd8c7047ad00086cf23cd24b39da640d73	83	fail			0.0	gvpg	139.0	gvpj	4.4	134.6	0.9879518072289156	0.9879518072289156	other_gvp	competitive_gvpg_support	2.7	4.4	natural_heldout	gvpg	0	nat_521484c428743b2a28a2
nat_e3af4a42319243713e17	e3af4a42319243713e179b3343e3b55fe76630c4df45bdc7db2e2aa0d116bf67	82	fail			0.0	gvpk	48.3	gvpa	3.9	44.4	0.6339285714285714	0.8536585365853658	other_gvp	competitive_gvpk_support	3.9	2.6	natural_heldout	gvpk	0	nat_e3af4a42319243713e17
nat_36dfac4b8d65f9e057be	36dfac4b8d65f9e057beb78bd751daaef3dbc8eae86da09d7dcc970bc75c4784	81	pass	49.5	49.7	1.0			gvpj	76.5		0.0	0.0	unsupported	no_qualified_subfamily_hit	22.6	76.5	natural_heldout	gvpj	0	nat_36dfac4b8d65f9e057be
nat_a539aed46db05ce9e162	a539aed46db05ce9e1622b68bd93ef83e948ddfa587e3a9d0cf442af2c221187	81	pass	57.5	57.9	1.0			gvpj	75.1		0.0	0.0	unsupported	no_qualified_subfamily_hit	29.8	75.1	natural_heldout	gvpj	0	nat_a539aed46db05ce9e162
nat_3b221cf38db8c67047e0	3b221cf38db8c67047e0a355f73ae91e3e1ada30ecf72ac0584cd6d8ac57dbdb	81	pass	58.2	58.6	1.0	gvpj	97.1	gvpa	135.9	-38.80000000000001	0.6491228070175439	0.8888888888888888	gvpa_gvpj_ambiguous	insufficient_competitive_margin	135.9	97.1	natural_heldout	gvpj	0	nat_3b221cf38db8c67047e0
nat_8461ba422af788cc84f8	8461ba422af788cc84f89b0acdf9559d3fe25ebd9bd6deca6500c95ed08e5584	80	pass	50.9	51.3	1.0			gvpj	81.3		0.0	0.0	unsupported	no_qualified_subfamily_hit	23.4	81.3	natural_heldout	gvpj	0	nat_8461ba422af788cc84f8
nat_9e4e510bac6a23505f71	9e4e510bac6a23505f71892d60b1c4c96b4a1534f1b548b2babcc485db97e1b0	80	pass	48.0	48.2	0.9743589743589743			gvpj	81.3		0.0	0.0	unsupported	no_qualified_subfamily_hit	24.6	81.3	natural_heldout	gvpj	0	nat_9e4e510bac6a23505f71
nat_a17dbfe78e8ff3f30cdf	a17dbfe78e8ff3f30cdfcbf7dc71d27b45fc1d67780a4fb1febdf5b76eb0b70c	80	fail	23.2	23.9	0.5384615384615384	gvpk	61.5	gvpj	28.1	33.4	0.6071428571428571	0.8125	other_gvp	competitive_gvpk_support	6.0	28.1	natural_heldout	gvpk	0	nat_a17dbfe78e8ff3f30cdf
nat_bc0dc31c406bce90747d	bc0dc31c406bce90747d0bb33e312de13b66edcbe2ccd0c4bc2455d5518082aa	79	pass	52.5	53.0	1.0			gvpa	86.0		0.0	0.0	unsupported	no_qualified_subfamily_hit	86.0	70.1	natural_heldout	gvpj	0	nat_bc0dc31c406bce90747d
nat_2d9f554b7cf506370a12	2d9f554b7cf506370a1249826989567d31204ea9270ea199bb5be03147445bc8	79	pass	48.0	48.3	0.9743589743589743			gvpj	83.7		0.0	0.0	unsupported	no_qualified_subfamily_hit	21.8	83.7	natural_heldout	gvpj	0	nat_2d9f554b7cf506370a12
nat_4a1d68dafdaa878722dd	4a1d68dafdaa878722dd08b819ff6889ed02942d07cb5084cdfbe3424ac22df8	79	pass	48.0	48.3	0.9743589743589743			gvpj	85.6		0.0	0.0	unsupported	no_qualified_subfamily_hit	21.2	85.6	natural_heldout	gvpj	0	nat_4a1d68dafdaa878722dd
nat_71f3aa878bea7d594a02	71f3aa878bea7d594a0237b2ac3efab7c426af583c5f4b7ab1785dc7458fbad9	78	pass	40.4	40.7	0.9743589743589743			gvpj	53.9		0.0	0.0	unsupported	no_qualified_subfamily_hit	17.9	53.9	natural_heldout	gvpj	0	nat_71f3aa878bea7d594a02
nat_0d5c4d48b465e6ca9571	0d5c4d48b465e6ca9571a9d9e6aaaee9fad64b0b665b4d35b183a9a6604b9490	78	pass	59.7	60.0	1.0	gvpj	95.9	gvpa	128.7	-32.79999999999998	0.6228070175438597	0.9102564102564102	gvpa_gvpj_ambiguous	insufficient_competitive_margin	128.7	95.9	natural_heldout	gvpj	0	nat_0d5c4d48b465e6ca9571
nat_e68b15f93012eb3c69b4	e68b15f93012eb3c69b4dfb8c6b6b97a8725455dccf693b50e0c581f65a0b042	77	pass	63.5	63.9	1.0			gvpj	67.6		0.0	0.0	unsupported	no_qualified_subfamily_hit	32.1	67.6	natural_heldout	gvpj	0	nat_e68b15f93012eb3c69b4
nat_119785f1c0655d1d50b6	119785f1c0655d1d50b66783f74f5230af09283e77655d49fb8b3ebee20d1ef0	77	pass	55.0	55.3	1.0			gvpj	80.6		0.0	0.0	unsupported	no_qualified_subfamily_hit	29.9	80.6	natural_heldout	gvpj	0	nat_119785f1c0655d1d50b6
nat_693ec0d594298d9459ad	693ec0d594298d9459adc2866daf5c6917fb6d984bc7ac6cbbc137f464c491c7	77	fail			0.0			gvpk	74.5		0.0	0.0	unsupported	no_qualified_subfamily_hit			natural_heldout	gvpk	0	nat_693ec0d594298d9459ad
nat_d76ea2de7462bc6a2acb	d76ea2de7462bc6a2acbc44f8ee49424830fae3d4e953197f3936d844bc480c2	76	pass	55.9	55.9	1.0			gvpj	79.2		0.0	0.0	unsupported	no_qualified_subfamily_hit	24.1	79.2	natural_heldout	gvpj	0	nat_d76ea2de7462bc6a2acb
nat_225f75b3aac6c99832fc	225f75b3aac6c99832fc0002a7b573b99508993515467e91fbd39692e63cd2e2	76	pass	56.5	57.0	1.0			gvpa	118.8		0.0	0.0	unsupported	no_qualified_subfamily_hit	118.8	86.4	natural_heldout	gvpj	0	nat_225f75b3aac6c99832fc
nat_20d82ee5bd334e9e87ab	20d82ee5bd334e9e87abfbddf658a3cbd7e5e7796674a1441872e8a426328bc6	76	pass	48.7	49.0	0.9743589743589743			gvpj	86.2		0.0	0.0	unsupported	no_qualified_subfamily_hit	22.7	86.2	natural_heldout	gvpj	0	nat_20d82ee5bd334e9e87ab
nat_938bc5a2fbf0cc2d6a30	938bc5a2fbf0cc2d6a302112ddb7a54ad62773c7807d400cfaa1677824d82cae	76	pass	47.4	47.9	1.0			gvpa	101.7		0.0	0.0	unsupported	no_qualified_subfamily_hit	101.7	72.1	natural_heldout	gvpj	0	nat_938bc5a2fbf0cc2d6a30
nat_630c823407ef4f2e6361	630c823407ef4f2e6361eb0487a0d13026b939056be1e531be34d6f868736a5e	75	pass	55.3	55.5	1.0			gvpj	77.1		0.0	0.0	unsupported	no_qualified_subfamily_hit	28.4	77.1	natural_heldout	gvpj	0	nat_630c823407ef4f2e6361
nat_e0c3a1bd76d4c37afc8c	e0c3a1bd76d4c37afc8cecdc80f99839b29acc84a1310dbb7da812cd4fb90593	75	pass	62.2	62.5	1.0			gvpj	86.0		0.0	0.0	unsupported	no_qualified_subfamily_hit	30.7	86.0	natural_heldout	gvpj	0	nat_e0c3a1bd76d4c37afc8c
nat_b5d750fdff6867b5af57	b5d750fdff6867b5af5740b7b4b136c4003c58ce203c96058c4d758d8579b19a	75	pass	46.4	46.7	1.0	gvpj	75.5	gvpa	20.0	55.5	0.6228070175438597	0.9466666666666667	other_gvp	competitive_gvpj_support	20.0	75.5	natural_heldout	gvpj	0	nat_b5d750fdff6867b5af57
nat_22c9ea68da69251de7cc	22c9ea68da69251de7cc24b04369e80d647f45b4a78bc26d0be6b2c12e748b32	75	pass	56.3	56.7	1.0			gvpa	110.7		0.0	0.0	unsupported	no_qualified_subfamily_hit	110.7	82.0	natural_heldout	gvpj	0	nat_22c9ea68da69251de7cc
nat_0927b476e8bc6daa04d9	0927b476e8bc6daa04d984ec5f1a17aa9d50a202ec2e954ef1e2cead5cf5376f	74	pass	52.4	52.7	1.0			gvpj	80.6		0.0	0.0	unsupported	no_qualified_subfamily_hit	22.8	80.6	natural_heldout	gvpj	0	nat_0927b476e8bc6daa04d9
nat_30a43eef2b89a9b85418	30a43eef2b89a9b85418ddf9966e7dbedaf86fda4abb615cf51499964b130c2a	74	pass	55.1	55.3	1.0			gvpj	74.7		0.0	0.0	unsupported	no_qualified_subfamily_hit	31.0	74.7	natural_heldout	gvpj	0	nat_30a43eef2b89a9b85418
nat_5b4a90bc03c35db512fd	5b4a90bc03c35db512fdeef22fc302ca7f03c86c422d87bc83eb2a1adff85aa2	74	pass	46.6	46.9	1.0			gvpj	71.4		0.0	0.0	unsupported	no_qualified_subfamily_hit	17.3	71.4	natural_heldout	gvpj	0	nat_5b4a90bc03c35db512fd
nat_56827e9ef4ab0b50062c	56827e9ef4ab0b50062c2fef9c6096fc8ed091f119234b7b58937a909a52a866	74	pass	56.7	57.0	1.0			gvpj	82.7		0.0	0.0	unsupported	no_qualified_subfamily_hit	53.9	82.7	natural_heldout	gvpj	0	nat_56827e9ef4ab0b50062c
nat_efd48c99cdb0d08b6f9e	efd48c99cdb0d08b6f9e14374d7797f366956d099cd79bf7139af4bf1693a65b	74	pass	60.4	60.7	1.0			gvpj	84.4		0.0	0.0	unsupported	no_qualified_subfamily_hit	33.5	84.4	natural_heldout	gvpj	0	nat_efd48c99cdb0d08b6f9e
nat_248d1b2257a26e3431e4	248d1b2257a26e3431e489e78ee57315a4e33cb326b21637277c5c316bc63408	74	pass	45.3	45.8	0.9487179487179487			gvpj	67.6		0.0	0.0	unsupported	no_qualified_subfamily_hit	17.7	67.6	natural_heldout	gvpj	0	nat_248d1b2257a26e3431e4
nat_6ff785214200f1ea9f36	6ff785214200f1ea9f36bca849131aae3254b2f43f88e7443728b2073e06abe4	74	pass	62.5	63.0	1.0			gvpa	120.6		0.0	0.0	unsupported	no_qualified_subfamily_hit	120.6	86.5	natural_heldout	gvpj	0	nat_6ff785214200f1ea9f36
nat_2ed708bd24725eb69d2c	2ed708bd24725eb69d2cc84815b8489cc4f5d0190494ece5f3259622d2c94271	73	pass	56.2	56.4	1.0			gvpj	82.9		0.0	0.0	unsupported	no_qualified_subfamily_hit	35.5	82.9	natural_heldout	gvpj	0	nat_2ed708bd24725eb69d2c
nat_e9136a895903c3d0b4ef	e9136a895903c3d0b4ef42ce47c602d58c0697a597ed9a8f15868658e1847214	73	pass	50.6	51.0	1.0	gvpj	88.8	gvpa	124.5	-35.7	0.6228070175438597	0.958904109589041	gvpa_gvpj_ambiguous	insufficient_competitive_margin	124.5	88.8	natural_heldout	gvpj	0	nat_e9136a895903c3d0b4ef
nat_7d9c3cb46a3650cb966f	7d9c3cb46a3650cb966f81525117583c1cf03960e9393d196428f1ee16401c04	73	pass	47.5	47.9	0.9743589743589743			gvpj	74.3		0.0	0.0	unsupported	no_qualified_subfamily_hit	23.3	74.3	natural_heldout	gvpj	0	nat_7d9c3cb46a3650cb966f
nat_b350b25ce7c0236b621b	b350b25ce7c0236b621b48dbee45bebc62c216642e3a0cf8e8eadd9e85145b10	73	pass	48.8	49.2	0.9743589743589743			gvpj	84.5		0.0	0.0	unsupported	no_qualified_subfamily_hit	22.2	84.5	natural_heldout	gvpj	0	nat_b350b25ce7c0236b621b
nat_b603aa5b88f6a395b1f9	b603aa5b88f6a395b1f98454229b25e020c2445275562061701c8a1c2956a670	73	pass	60.4	60.9	1.0			gvpa	114.6		0.0	0.0	unsupported	no_qualified_subfamily_hit	114.6	83.3	natural_heldout	gvpj	0	nat_b603aa5b88f6a395b1f9
nat_ab2c1e3f0d8fb899b91a	ab2c1e3f0d8fb899b91aace484895ddf6ef78afc91644ece7e54cceb5e5c7f0d	73	pass	47.9	48.3	1.0	gvpj	91.3	gvpa	124.8	-33.5	0.6140350877192983	0.9452054794520548	gvpa_gvpj_ambiguous	insufficient_competitive_margin	124.8	91.3	natural_heldout	gvpj	0	nat_ab2c1e3f0d8fb899b91a
nat_8892cc08df511f644bcf	8892cc08df511f644bcfbe4e437aeb18089bc737fa8d635c9a9cb6d6242937e4	73	pass	52.3	52.7	1.0			gvpa	125.9		0.0	0.0	unsupported	no_qualified_subfamily_hit	125.9	88.0	natural_heldout	gvpj	0	nat_8892cc08df511f644bcf
nat_fcf6516adac55651ea82	fcf6516adac55651ea82d09beb8f95c11ddf49320c8992a9f68930dd58d62bf2	73	pass	51.2	51.5	1.0			gvpa	87.4		0.0	0.0	unsupported	no_qualified_subfamily_hit	87.4	70.4	natural_heldout	gvpj	0	nat_fcf6516adac55651ea82
nat_26bed164289c66a8ab62	26bed164289c66a8ab6269984b9af63f511427cde15d7807c7cbb81fc7e7a77c	73	pass	59.9	60.3	1.0	gvpj	94.5	gvpa	126.5	-32.0	0.6228070175438597	0.958904109589041	gvpa_gvpj_ambiguous	insufficient_competitive_margin	126.5	94.5	natural_heldout	gvpj	0	nat_26bed164289c66a8ab62
nat_317d696b35c15db3beb2	317d696b35c15db3beb2e5c6599246fca005f0ca98794bbfbcae07859c96214e	73	pass	48.3	48.7	0.9743589743589743			gvpj	77.6		0.0	0.0	unsupported	no_qualified_subfamily_hit	26.7	77.6	natural_heldout	gvpj	0	nat_317d696b35c15db3beb2
nat_586a9e121e80cef17717	586a9e121e80cef177170b44b549efa97b3cad234f1fd0e62df2f19dfaea2cc2	72	pass	50.9	51.2	1.0			gvpj	78.8		0.0	0.0	unsupported	no_qualified_subfamily_hit	21.0	78.8	natural_heldout	gvpj	0	nat_586a9e121e80cef17717
nat_1d6f00b576454c5129eb	1d6f00b576454c5129eba8b6cd22182e92f708ca8a7e4fbf3af7fc6eadfe10fc	71	pass	44.2	44.5	0.9743589743589743			gvpa	101.4		0.0	0.0	unsupported	no_qualified_subfamily_hit	101.4	71.5	natural_heldout	gvpj	0	nat_1d6f00b576454c5129eb
nat_76139d5052a6d251dc47	76139d5052a6d251dc47b3524167b17eb2d044c1081a89d5b2c8252c8e08b5f2	71	pass	50.5	50.8	1.0			gvpj	78.2		0.0	0.0	unsupported	no_qualified_subfamily_hit	20.7	78.2	natural_heldout	gvpj	0	nat_76139d5052a6d251dc47
nat_8bcb6afe25219c72fc3a	8bcb6afe25219c72fc3a17f9b991f1cb1db067a702ab9e54b05bbf3ca3083e8d	71	pass	50.9	51.2	0.9743589743589743			gvpj	66.2		0.0	0.0	unsupported	no_qualified_subfamily_hit	21.7	66.2	natural_heldout	gvpj	0	nat_8bcb6afe25219c72fc3a
nat_0d96b287dd19f0443d0b	0d96b287dd19f0443d0bc1fb0fc593955a05fe5a36aed0385a107f9d32023f94	71	fail	0.1	0.3	0.358974358974359			gvpk	71.1		0.0	0.0	unsupported	no_qualified_subfamily_hit			natural_heldout	gvpk	0	nat_0d96b287dd19f0443d0b
nat_d9e2c3510c30c0589662	d9e2c3510c30c0589662984856e4edbfbe3daecfa57efce53f3e4c00077b9197	70	pass	58.9	59.2	1.0			gvpj	71.4		0.0	0.0	unsupported	no_qualified_subfamily_hit	32.7	71.4	natural_heldout	gvpj	0	nat_d9e2c3510c30c0589662
nat_26986896a7366e29c93d	26986896a7366e29c93d332066b8cdc9ce381c66f87c32e775037e1f2bbf9461	70	pass	44.1	44.4	1.0			gvpj	58.1		0.0	0.0	unsupported	no_qualified_subfamily_hit	14.4	58.1	natural_heldout	gvpj	0	nat_26986896a7366e29c93d
nat_c792d0ccf9656242d21f	c792d0ccf9656242d21fbe974adf5fcf69d0a61a9c067fc1e505eeefae744f26	70	pass	47.4	47.7	1.0			gvpj	59.9		0.0	0.0	unsupported	no_qualified_subfamily_hit	27.8	59.9	natural_heldout	gvpj	0	nat_c792d0ccf9656242d21f
nat_3db117bf5e0e1b80df0a	3db117bf5e0e1b80df0a5307fa71194c111612e797d7ee6e0a32dbdee243ddb3	70	pass	47.0	47.3	1.0			gvpj	58.7		0.0	0.0	unsupported	no_qualified_subfamily_hit	15.3	58.7	natural_heldout	gvpj	0	nat_3db117bf5e0e1b80df0a
shuffled_nat_1e070d0d2387bb202235	64a68410ce14aba53d275b35375d5976358f1f94506fb9af379f033d50b4498b	75	fail			0.0						0.0	0.0	unsupported	no_qualified_subfamily_hit			shuffled	gvpa	0	nat_1e070d0d2387bb202235
truncated_nat_1e070d0d2387bb202235	b202e763d1bdfddf5cd275e575e45c4508e1c5e4590413eb6b73533f1ae61a5b	25	fail	30.3	30.4	0.4358974358974359			gvpa	38.4		0.0	0.0	unsupported	no_qualified_subfamily_hit	38.4	31.5	truncated	gvpa	0	nat_1e070d0d2387bb202235
exact_duplicate_nat_1e070d0d2387bb202235	1e070d0d2387bb202235dd365948f4b25f48059ea4c98d3578571e9cd7eb12bb	75	pass	55.9	56.2	1.0			gvpa	120.8		0.0	0.0	unsupported	no_qualified_subfamily_hit	120.8	81.2	exact_duplicate	gvpa	0	nat_1e070d0d2387bb202235
shuffled_nat_27cfc6c7874687adce98	4c4c63a55f44df185324689c5c251c8d326111b3d6a1d4d76e20faab3a64cdcb	73	fail			0.0						0.0	0.0	unsupported	no_qualified_subfamily_hit			shuffled	gvpa	0	nat_27cfc6c7874687adce98
truncated_nat_27cfc6c7874687adce98	580ef3aedc3612cccf739336cac6fcc5364a75d4b024409ca53b443ef48ec283	24	fail	27.8	28.0	0.41025641025641024			gvpa	33.8		0.0	0.0	unsupported	no_qualified_subfamily_hit	33.8	28.4	truncated	gvpa	0	nat_27cfc6c7874687adce98
exact_duplicate_nat_27cfc6c7874687adce98	27cfc6c7874687adce98fe5beec40dda323c639ba2824175d39fc4aad0117ad3	73	pass	59.0	59.4	1.0			gvpa	119.3		0.0	0.0	unsupported	no_qualified_subfamily_hit	119.3	88.4	exact_duplicate	gvpa	0	nat_27cfc6c7874687adce98
shuffled_nat_0844cfaee9f234d540b5	5029864c8fa8acbf8967b793db8a70721b683aeb709bc2eeb31ef59b40e4b708	86	fail			0.0			gvpk	1.6		0.0	0.0	unsupported	no_qualified_subfamily_hit			shuffled	gvpa	0	nat_0844cfaee9f234d540b5
truncated_nat_0844cfaee9f234d540b5	00102e6b246977e05e8f1bedfb2565c2e7f7fd6557d0a60dd4244e0b587b805e	28	fail	30.7	30.8	0.46153846153846156			gvpa	45.5		0.0	0.0	unsupported	no_qualified_subfamily_hit	45.5	35.6	truncated	gvpa	0	nat_0844cfaee9f234d540b5
exact_duplicate_nat_0844cfaee9f234d540b5	0844cfaee9f234d540b527333f1f62a06e990377372b5ef2abf079432a623702	86	pass	58.0	58.5	1.0	gvpj	96.5	gvpa	133.2	-36.69999999999999	0.6578947368421053	0.872093023255814	gvpa_gvpj_ambiguous	insufficient_competitive_margin	133.2	96.5	exact_duplicate	gvpa	0	nat_0844cfaee9f234d540b5
shuffled_nat_99653906bbbaa3567e58	e272b25560d8c4fab06cd4cdd978729b4481bf4ca630097e42c70ff4f9d42a91	82	fail	1.2	2.0	0.5384615384615384			gvpa	2.6		0.0	0.0	unsupported	no_qualified_subfamily_hit	2.6	1.8	shuffled	gvpa	0	nat_99653906bbbaa3567e58
truncated_nat_99653906bbbaa3567e58	0a89fec18cb6ab4416fb7709048d2dec86795351c41b739781cd7800be54e7d4	27	fail	16.9	17.1	0.41025641025641024			gvpa	30.5		0.0	0.0	unsupported	no_qualified_subfamily_hit	30.5	22.3	truncated	gvpa	0	nat_99653906bbbaa3567e58
exact_duplicate_nat_99653906bbbaa3567e58	99653906bbbaa3567e58037ebc89d71df155e279b2e9b7a7a4293bfa01ad6bd8	82	pass	35.9	36.2	1.0	gvpj	74.6	gvpa	109.9	-35.30000000000001	0.6052631578947368	0.8414634146341463	gvpa_gvpj_ambiguous	insufficient_competitive_margin	109.9	74.6	exact_duplicate	gvpa	0	nat_99653906bbbaa3567e58
shuffled_nat_0da4fc315e8c5fa1925f	a76c9f3f4734b587b0a8ad657e4f32c193d7598b27ce2b1b3d29325fd62c41e2	76	fail			0.0						0.0	0.0	unsupported	no_qualified_subfamily_hit			shuffled	gvpa	0	nat_0da4fc315e8c5fa1925f
truncated_nat_0da4fc315e8c5fa1925f	448be1dc8a0b3394803277564899a699814df5d5c9cba3fd8859664f3fb632d0	25	fail	28.2	28.3	0.41025641025641024			gvpa	35.2		0.0	0.0	unsupported	no_qualified_subfamily_hit	35.2	29.4	truncated	gvpa	0	nat_0da4fc315e8c5fa1925f
exact_duplicate_nat_0da4fc315e8c5fa1925f	0da4fc315e8c5fa1925fb0764a91af43de57873340a143b142e0b66ac5307abb	76	pass	54.5	54.8	1.0			gvpa	123.1		0.0	0.0	unsupported	no_qualified_subfamily_hit	123.1	83.1	exact_duplicate	gvpa	0	nat_0da4fc315e8c5fa1925f
shuffled_nat_0e04889ea449c11132b4	2ae6796901dec9bc2735ebb2faad63a7ad24b06c64b39b6a0e2a46b492301f9c	73	fail			0.0						0.0	0.0	unsupported	no_qualified_subfamily_hit			shuffled	gvpj	0	nat_0e04889ea449c11132b4
truncated_nat_0e04889ea449c11132b4	0617e046bb84243bfd1c8e907e7202cdb531a105a251b2fb130836f7856afb00	24	fail	17.7	17.9	0.3076923076923077			gvpa	28.6		0.0	0.0	unsupported	no_qualified_subfamily_hit	28.6	23.5	truncated	gvpj	0	nat_0e04889ea449c11132b4
exact_duplicate_nat_0e04889ea449c11132b4	0e04889ea449c11132b46b6d3cc08adbd373bf5f1465f50ae1a2ca651ea7675f	73	pass	56.5	56.8	0.9743589743589743			gvpa	119.6		0.0	0.0	unsupported	no_qualified_subfamily_hit	119.6	88.5	exact_duplicate	gvpj	0	nat_0e04889ea449c11132b4
shuffled_nat_2042b63e95655cdc9d68	c18938fa1937dad59c6f488fa95df4678843a711bf81b32673c02aa9f8453634	72	fail			0.0						0.0	0.0	unsupported	no_qualified_subfamily_hit			shuffled	gvpj	0	nat_2042b63e95655cdc9d68
truncated_nat_2042b63e95655cdc9d68	7848025169a9a8730f0a75195891a97d1eccef2b38ee77e3716a15731f9d289e	24	fail	21.5	21.6	0.358974358974359			gvpa	33.0		0.0	0.0	unsupported	no_qualified_subfamily_hit	33.0	24.9	truncated	gvpj	0	nat_2042b63e95655cdc9d68
exact_duplicate_nat_2042b63e95655cdc9d68	2042b63e95655cdc9d68dd369d8199176aab0bd38adc43ad6ebe8d52c3ab0054	72	pass	60.9	61.2	1.0			gvpa	126.1		0.0	0.0	unsupported	no_qualified_subfamily_hit	126.1	91.8	exact_duplicate	gvpj	0	nat_2042b63e95655cdc9d68
shuffled_nat_2e67a9559a5d385089e1	92b690aeacc8af861ccd23edbaa15deec3646b1d9e2a89ed98de2a032272d8f3	546	fail			0.0			gvpv	0.8		0.0	0.0	unsupported	no_qualified_subfamily_hit			shuffled	gvpn	0	nat_2e67a9559a5d385089e1
truncated_nat_2e67a9559a5d385089e1	9509737ffd250d4207c9b96aab9339b524dab1a63cfa2b0c118dcd0eefc21dfe	182	fail			0.0			gvpn	313.0		0.0	0.0	unsupported	no_qualified_subfamily_hit			truncated	gvpn	0	nat_2e67a9559a5d385089e1
exact_duplicate_nat_2e67a9559a5d385089e1	2e67a9559a5d385089e166034789cf6d8f943aaba7dc751826d19336808f7330	546	fail			0.0			gvpn	426.1		0.0	0.0	unsupported	no_qualified_subfamily_hit			exact_duplicate	gvpn	0	nat_2e67a9559a5d385089e1
shuffled_nat_b6bdb8734681bcea444a	80fa55e46508e206234ede371399220cb05b89e16cfdd24e116a3cda188b82b5	506	fail			0.0						0.0	0.0	unsupported	no_qualified_subfamily_hit			shuffled	gvpn	0	nat_b6bdb8734681bcea444a
truncated_nat_b6bdb8734681bcea444a	b8cb502870d00144c0b862c9521479001f3af1107987f8de29eeec7f8798cd20	168	fail			0.0			gvpn	278.6		0.0	0.0	unsupported	no_qualified_subfamily_hit			truncated	gvpn	0	nat_b6bdb8734681bcea444a
exact_duplicate_nat_b6bdb8734681bcea444a	b6bdb8734681bcea444a9b831d639e56053b4aa9401a3f0b004e01cc9216a03f	506	fail			0.0			gvpn	424.3		0.0	0.0	unsupported	no_qualified_subfamily_hit			exact_duplicate	gvpn	0	nat_b6bdb8734681bcea444a
shuffled_nat_5322cde66edfa53888a3	89247918917f25d102d9f2ada96f549bfc5fdfc9d2cbb54eaf21e0ca9977bc4c	490	fail			0.0						0.0	0.0	unsupported	no_qualified_subfamily_hit			shuffled	gvpn	0	nat_5322cde66edfa53888a3
truncated_nat_5322cde66edfa53888a3	179c6bf93d9415fab94169dc90945f994e1c97ae502a8c2823f0de1af3f13650	163	fail			0.0			gvpn	266.4		0.0	0.0	unsupported	no_qualified_subfamily_hit			truncated	gvpn	0	nat_5322cde66edfa53888a3
exact_duplicate_nat_5322cde66edfa53888a3	5322cde66edfa53888a388479c7e2bed15dcf96facf2f60fff496d53b7ac897e	490	fail			0.0	gvpn	424.1	gvpc	44.3	379.8	0.896969696969697	0.6020408163265306	other_gvp	competitive_gvpn_support			exact_duplicate	gvpn	0	nat_5322cde66edfa53888a3
shuffled_nat_eea50b6e1902af9b049c	077e7b3301564fee7ce74a1b4d29555b5dd789c26bcf8eb5f2cfea129b7890c2	481	fail			0.0			gvpv	1.3		0.0	0.0	unsupported	no_qualified_subfamily_hit			shuffled	gvpn	0	nat_eea50b6e1902af9b049c
truncated_nat_eea50b6e1902af9b049c	76db250af7aa4072e4385a5a40b03daf1018058e3a58c70c53dcbaf28548d3f8	160	fail			0.0			gvpn	250.5		0.0	0.0	unsupported	no_qualified_subfamily_hit			truncated	gvpn	0	nat_eea50b6e1902af9b049c
exact_duplicate_nat_eea50b6e1902af9b049c	eea50b6e1902af9b049c91ed559ef9ea2c2f7dcf0f1eb3dbce323eab90e4d979	481	fail	0.9	2.1	0.41025641025641024	gvpn	402.3	gvpc	57.4	344.90000000000003	0.8939393939393939	0.6361746361746362	other_gvp	competitive_gvpn_support		2.5	exact_duplicate	gvpn	0	nat_eea50b6e1902af9b049c
shuffled_nat_9c8132712ea576438b26	c39d6cd2577bb53162cfdb9c1ab90bdad4820830832859473406c5b7e6405f86	452	fail			0.0						0.0	0.0	unsupported	no_qualified_subfamily_hit			shuffled	gvpn	0	nat_9c8132712ea576438b26
truncated_nat_9c8132712ea576438b26	6d530da956339220ed2378c3c734d8be71287a4750663682ee51298c6139e9ec	150	fail			0.0			gvpn	248.6		0.0	0.0	unsupported	no_qualified_subfamily_hit			truncated	gvpn	0	nat_9c8132712ea576438b26
exact_duplicate_nat_9c8132712ea576438b26	9c8132712ea576438b268b996f47a1c62b08947f730476d00e61c2cd83e182b7	452	fail			0.0	gvpn	424.3	gvpc	44.6	379.7	0.8818181818181818	0.6438053097345132	other_gvp	competitive_gvpn_support			exact_duplicate	gvpn	0	nat_9c8132712ea576438b26
shuffled_nat_69cee74069ea570841b6	0677a0fb8592e0bd51110878bb60c828e6ef99ad1db174be2f6bd854e6f1ade6	403	fail			0.0						0.0	0.0	unsupported	no_qualified_subfamily_hit			shuffled	gvpc	0	nat_69cee74069ea570841b6
truncated_nat_69cee74069ea570841b6	4f65c5d10313c9c2bb2a4d4a0b073fe37a44918804b5acddaaf4a8e0aa4ba75e	134	fail			0.0			gvpc	77.4		0.0	0.0	unsupported	no_qualified_subfamily_hit	4.0		truncated	gvpc	0	nat_69cee74069ea570841b6
exact_duplicate_nat_69cee74069ea570841b6	69cee74069ea570841b6077ebabc7066904906cb43eaf5a23bca653505fbbd16	403	fail			0.0	gvpc	247.6				0.9878419452887538	0.9875930521091811	other_gvp	competitive_gvpc_support;no_reportable_runner_up			exact_duplicate	gvpc	0	nat_69cee74069ea570841b6
shuffled_nat_ee215e560b3bde143fef	b3db7491afbc6f95ef1f356e6b4460d6abdd9b4c1b8cf04276140e45aa0cd5a6	382	fail			0.0			gvpc	1.4		0.0	0.0	unsupported	no_qualified_subfamily_hit	0.6		shuffled	gvpc	0	nat_ee215e560b3bde143fef
truncated_nat_ee215e560b3bde143fef	754b8f3b36deae41f3ccd5c8a4e72f213bdc992f0896a2dba370f0aa81400a2c	127	fail			0.0			gvpc	8.0		0.0	0.0	unsupported	no_qualified_subfamily_hit	2.2	1.1	truncated	gvpc	0	nat_ee215e560b3bde143fef
exact_duplicate_nat_ee215e560b3bde143fef	ee215e560b3bde143fefeaea6ebb607a2b8a5a45a49105d8ecd37b6c5884030d	382	fail			0.0	gvpc	27.9				0.8693009118541033	0.9424083769633508	other_gvp	competitive_gvpc_support;no_reportable_runner_up			exact_duplicate	gvpc	0	nat_ee215e560b3bde143fef
shuffled_nat_119eeb16038b1399924f	b60009fc74597835da8fc24629fdeaf958271c2dc8a7ea9f25ba530b9812076b	346	fail			0.0			gvpa	2.9		0.0	0.0	unsupported	no_qualified_subfamily_hit	2.9		shuffled	gvpl	0	nat_119eeb16038b1399924f
truncated_nat_119eeb16038b1399924f	6449c06a05ad7c1a2e49f652dacd950cbe126d0c2fda20b4ec932a4eebfbaf1a	115	fail			0.0			gvpl	61.0		0.0	0.0	unsupported	no_qualified_subfamily_hit			truncated	gvpl	0	nat_119eeb16038b1399924f
exact_duplicate_nat_119eeb16038b1399924f	119eeb16038b1399924fc280d86aab2c001956495644af6cb5e2f1580348a90d	346	fail			0.0	gvpl	324.8	gvpg	0.2	324.6	0.9892857142857143	0.9797687861271677	other_gvp	competitive_gvpl_support			exact_duplicate	gvpl	0	nat_119eeb16038b1399924f
shuffled_nat_8389675bf7368457eedd	9f82801e2ea8478d017f74703c1dac8e5a2fc296e7c34a1e600f1fd783e8d4e2	344	fail			0.0						0.0	0.0	unsupported	no_qualified_subfamily_hit			shuffled	gvpc	0	nat_8389675bf7368457eedd
truncated_nat_8389675bf7368457eedd	308d5cd4a8d701dca750f78d94e36285efaf53855eb0e172211c84fa835942a5	114	fail			0.0						0.0	0.0	unsupported	no_qualified_subfamily_hit			truncated	gvpc	0	nat_8389675bf7368457eedd
exact_duplicate_nat_8389675bf7368457eedd	8389675bf7368457eedd5ebbcae9e18f6fc1cc2e9fc06553490c9c0bc72c67d8	344	fail			0.0			gvpc	3.9		0.0	0.0	unsupported	no_qualified_subfamily_hit			exact_duplicate	gvpc	0	nat_8389675bf7368457eedd
shuffled_nat_492035bd7857aca04ece	d9b54e488658ead3f221935f017a5f17175af0d43f0183fc47ecf2c68d252bc9	342	fail			0.0			gvpl	1.0		0.0	0.0	unsupported	no_qualified_subfamily_hit			shuffled	gvpl	0	nat_492035bd7857aca04ece
truncated_nat_492035bd7857aca04ece	08e6e33a2d849876aa947f89bc0806830357c5cffad24402a281832aa52ed638	114	fail			0.0			gvpl	85.3		0.0	0.0	unsupported	no_qualified_subfamily_hit			truncated	gvpl	0	nat_492035bd7857aca04ece
exact_duplicate_nat_492035bd7857aca04ece	492035bd7857aca04ece2f9ff94433f31c1cdc697d5745ade3bdd77c44091f15	342	fail			0.0	gvpl	356.6	gvpv	4.6	352.0	0.9714285714285714	0.847953216374269	other_gvp	competitive_gvpl_support			exact_duplicate	gvpl	0	nat_492035bd7857aca04ece
shuffled_nat_2e48b321b528f593d735	fcab330716431d85cefb8694f25e52c1e09f98cdc19d208cc647bc12f3650f28	340	fail			0.0			gvpk	0.3		0.0	0.0	unsupported	no_qualified_subfamily_hit			shuffled	gvpc	0	nat_2e48b321b528f593d735
truncated_nat_2e48b321b528f593d735	20d27ed66f5334b0d36c46e1579bd020eb0c532a0d50b8b6408de1456b694b2d	113	fail			0.0			gvpc	8.7		0.0	0.0	unsupported	no_qualified_subfamily_hit	1.0		truncated	gvpc	0	nat_2e48b321b528f593d735
exact_duplicate_nat_2e48b321b528f593d735	2e48b321b528f593d735e2ca24a4a4339878a39c8b9d8e8afeb4e7d58d6e8785	340	fail			0.0	gvpc	124.5				0.9787234042553191	0.9588235294117647	other_gvp	competitive_gvpc_support;no_reportable_runner_up			exact_duplicate	gvpc	0	nat_2e48b321b528f593d735
shuffled_nat_07038320fd6e253de70b	bd768d85a39908026462375e68853c0eae3a328472a0c49edb6ec86dd6835e95	340	fail			0.0						0.0	0.0	unsupported	no_qualified_subfamily_hit			shuffled	gvpc	0	nat_07038320fd6e253de70b
truncated_nat_07038320fd6e253de70b	3aba5c5fbb4d30db5f90ce1feb61babe54d0b810f9a09e72c3e0f73279a4f53b	113	fail			0.0						0.0	0.0	unsupported	no_qualified_subfamily_hit			truncated	gvpc	0	nat_07038320fd6e253de70b
exact_duplicate_nat_07038320fd6e253de70b	07038320fd6e253de70be9acb56c0b7c5e351a6aca6b03c780b521bd8a1ece4f	340	fail			0.0	gvpc	114.9				0.9787234042553191	0.9588235294117647	other_gvp	competitive_gvpc_support;no_reportable_runner_up			exact_duplicate	gvpc	0	nat_07038320fd6e253de70b
shuffled_nat_3cabc956bfd183de1f63	c40956bab31dba18ac6451cb1ada695c22631f04519a72769e8b94eb3e543844	332	fail			0.0						0.0	0.0	unsupported	no_qualified_subfamily_hit			shuffled	gvpl	0	nat_3cabc956bfd183de1f63
truncated_nat_3cabc956bfd183de1f63	171acabc5d44c3535a120d08bc68681d452f34505e0a79417f77d7213f39a510	110	fail			0.0			gvpl	158.2		0.0	0.0	unsupported	no_qualified_subfamily_hit			truncated	gvpl	0	nat_3cabc956bfd183de1f63
exact_duplicate_nat_3cabc956bfd183de1f63	3cabc956bfd183de1f6311874df61f3eb23a825d52d1a79396d3ed49ac8b20e9	332	fail			0.0	gvpl	377.5	gvpc	2.4	375.1	0.9928571428571429	0.9427710843373494	other_gvp	competitive_gvpl_support			exact_duplicate	gvpl	0	nat_3cabc956bfd183de1f63
shuffled_nat_1b6af661fda31bf1e196	425095009192ab29f74f2ba9c8a687e78eef35fe97bf0a47a0beb5cda86c9813	323	fail			0.0						0.0	0.0	unsupported	no_qualified_subfamily_hit			shuffled	gvpl	0	nat_1b6af661fda31bf1e196
truncated_nat_1b6af661fda31bf1e196	9cffd2f2a94b625d7708272dab2f967d119d09e580832db6068565befd9503b7	107	fail			0.0			gvpl	131.1		0.0	0.0	unsupported	no_qualified_subfamily_hit			truncated	gvpl	0	nat_1b6af661fda31bf1e196
exact_duplicate_nat_1b6af661fda31bf1e196	1b6af661fda31bf1e1966f565eeaf8c91b0636945e1ce5e7b3c79564ada6a7c8	323	fail			0.0	gvpl	377.6	gvpv	7.3	370.3	0.9642857142857143	0.9071207430340558	other_gvp	competitive_gvpl_support	0.4		exact_duplicate	gvpl	0	nat_1b6af661fda31bf1e196
shuffled_nat_14bf89de72ffebc8daf2	114f407365958ef18b360998c9181aca766aecb8853caecf455042cca14d0bf4	319	fail			0.0						0.0	0.0	unsupported	no_qualified_subfamily_hit			shuffled	gvpl	0	nat_14bf89de72ffebc8daf2
truncated_nat_14bf89de72ffebc8daf2	e96d1dd0c09067b64affaf0c21b5e80ee640ea7b6fc0a16a978de67ebacd51e4	106	fail			0.0			gvpl	107.8		0.0	0.0	unsupported	no_qualified_subfamily_hit			truncated	gvpl	0	nat_14bf89de72ffebc8daf2
exact_duplicate_nat_14bf89de72ffebc8daf2	14bf89de72ffebc8daf2de1e777f438a484ff8427574698d5dbba5136af52b54	319	fail			0.0	gvpl	338.5	gvpv	4.5	334.0	0.9678571428571429	0.8714733542319749	other_gvp	competitive_gvpl_support			exact_duplicate	gvpl	0	nat_14bf89de72ffebc8daf2
shuffled_nat_00dad4d9eb9c6aee9740	01f20079c6a69ed7f9df17ee91b977e779e4558c53d54db9e856d5ee31754c20	131	fail			0.0			gvpj	0.1		0.0	0.0	unsupported	no_qualified_subfamily_hit		0.1	shuffled	gvpv	0	nat_00dad4d9eb9c6aee9740
truncated_nat_00dad4d9eb9c6aee9740	14cf5c1ab105d56e59e3db42fdfdc63d0b3b3dc1c43c37ca667ddfcf4971d496	43	fail			0.0			gvpv	9.3		0.0	0.0	unsupported	no_qualified_subfamily_hit	0.6		truncated	gvpv	0	nat_00dad4d9eb9c6aee9740
exact_duplicate_nat_00dad4d9eb9c6aee9740	00dad4d9eb9c6aee97402b93fd4636a92edbce31ef6f74a3433dd083c8339077	131	fail			0.0	gvpv	74.7	gvpc	6.4	68.3	0.9805825242718447	0.8244274809160306	other_gvp	competitive_gvpv_support	1.5	1.9	exact_duplicate	gvpv	0	nat_00dad4d9eb9c6aee9740
shuffled_nat_9bea7cdc12e000d2c3ea	b8d4f80260f1e66913fc153a230fbd9d4d346a4a97b2eb929ace08393999ea4d	130	fail			0.0			gvpj	1.0		0.0	0.0	unsupported	no_qualified_subfamily_hit	0.3	1.0	shuffled	gvpk	0	nat_9bea7cdc12e000d2c3ea
truncated_nat_9bea7cdc12e000d2c3ea	06d0dfcae504509895d5402d30e5c11de05c16d217d011b4db4a204e3bc4ce1d	43	fail			0.0			gvpk	3.8		0.0	0.0	unsupported	no_qualified_subfamily_hit		0.4	truncated	gvpk	0	nat_9bea7cdc12e000d2c3ea
exact_duplicate_nat_9bea7cdc12e000d2c3ea	9bea7cdc12e000d2c3eaac5d61d0df4499856a2330d59796901b0798d8dec95f	130	fail			0.0	gvpk	125.0	gvpl	1.9	123.1	0.8214285714285714	0.7	other_gvp	competitive_gvpk_support		0.5	exact_duplicate	gvpk	0	nat_9bea7cdc12e000d2c3ea
shuffled_nat_b0c47871cce8c048b264	389e7cf0b321a774c01cba271d9056eab96405e8d932260077212d4351d13401	129	fail			0.0			gvpk	3.7		0.0	0.0	unsupported	no_qualified_subfamily_hit			shuffled	gvpk	0	nat_b0c47871cce8c048b264
truncated_nat_b0c47871cce8c048b264	1a517f99c6c51a5a1fe93af6b054927e387efb8a18bea18c4d3763d29a7ba992	43	fail			0.0			gvpv	1.4		0.0	0.0	unsupported	no_qualified_subfamily_hit			truncated	gvpk	0	nat_b0c47871cce8c048b264
exact_duplicate_nat_b0c47871cce8c048b264	b0c47871cce8c048b264a1c15e63212301957f9f3d9ff9fb1e7a53383682a2f1	129	fail			0.0	gvpk	115.1	gvpl	1.5	113.6	0.8392857142857143	0.689922480620155	other_gvp	competitive_gvpk_support			exact_duplicate	gvpk	0	nat_b0c47871cce8c048b264
shuffled_nat_10402ebc20235ea85773	0b85000e7d285a14f2c10b6a684cf6b5c2244fec5b84d46af52cb5a3af001916	121	fail			0.0						0.0	0.0	unsupported	no_qualified_subfamily_hit			shuffled	gvpk	0	nat_10402ebc20235ea85773
truncated_nat_10402ebc20235ea85773	5b1b64cfe66eebaa7571cb6d5c8167f80b4b4f6bd2c88ffb97b36d4ef317a9b1	40	fail			0.0			gvpk	5.5		0.0	0.0	unsupported	no_qualified_subfamily_hit			truncated	gvpk	0	nat_10402ebc20235ea85773
exact_duplicate_nat_10402ebc20235ea85773	10402ebc20235ea85773ea760b01fd6908aaf279f7d92bd3e08f15a12d61b510	121	fail			0.0	gvpk	22.9	gvpv	3.2	19.7	0.6785714285714286	0.628099173553719	unsupported	no_qualified_subfamily_hit			exact_duplicate	gvpk	0	nat_10402ebc20235ea85773
shuffled_nat_3d03178d5c86075982f0	76bc010569c162eac1878455ae3d6b6a8c8eb120a8a4ea4d1683ac4f6b005a22	121	fail			0.0			gvpk	1.7		0.0	0.0	unsupported	no_qualified_subfamily_hit		0.1	shuffled	gvpk	0	nat_3d03178d5c86075982f0
truncated_nat_3d03178d5c86075982f0	c4cfdc1fdde224c2451b71a6ea1bf0418b99a95551f09f50ceeb53f95b176d7e	40	fail			0.0			gvpj	1.7		0.0	0.0	unsupported	no_qualified_subfamily_hit	0.9	1.7	truncated	gvpk	0	nat_3d03178d5c86075982f0
exact_duplicate_nat_3d03178d5c86075982f0	3d03178d5c86075982f0b8d944e0fc6d6869c56b4785c0cdbe69f1d4eb91ad54	121	fail			0.0	gvpk	118.7	gvpv	1.2	117.5	0.7678571428571429	0.7107438016528925	other_gvp	competitive_gvpk_support		0.2	exact_duplicate	gvpk	0	nat_3d03178d5c86075982f0
shuffled_nat_83028a3e0826e61bf382	a1fbc644ab72e85f3d1f2f8eb23038421778e6cd3f3f5afb074ab47654c9c640	120	fail			0.0						0.0	0.0	unsupported	no_qualified_subfamily_hit			shuffled	gvpj	0	nat_83028a3e0826e61bf382
truncated_nat_83028a3e0826e61bf382	caa83f557c5b1894c1af3fb2850d3d1eaa6594eae45b87aef02e3be07143a1bc	40	fail	13.5	13.7	0.3076923076923077			gvpj	17.2		0.0	0.0	unsupported	no_qualified_subfamily_hit	14.0	17.2	truncated	gvpj	0	nat_83028a3e0826e61bf382
exact_duplicate_nat_83028a3e0826e61bf382	83028a3e0826e61bf38274ab19b180c528ae942c97b668dd05998f6c17a8edfb	120	pass	60.5	61.0	1.0	gvpj	103.8	gvpa	80.1	23.700000000000003	0.8070175438596491	0.8	other_gvp	competitive_gvpj_support	80.1	103.8	exact_duplicate	gvpj	0	nat_83028a3e0826e61bf382
shuffled_nat_f0527674fd3fa7ce3faf	6058fec7783db27e2f35b375e88e3c804d49eace0dea2a25f5f1007b1e9c00a9	120	fail			0.0			gvpk	0.4		0.0	0.0	unsupported	no_qualified_subfamily_hit			shuffled	gvpj	0	nat_f0527674fd3fa7ce3faf
truncated_nat_f0527674fd3fa7ce3faf	aa4069972574b57d7821d71cdf6443c550c1fc2f3b103b3e9da89e977aa2a3f1	40	pass	43.3	43.4	0.8461538461538461			gvpa	64.9		0.0	0.0	unsupported	no_qualified_subfamily_hit	64.9	56.0	truncated	gvpj	0	nat_f0527674fd3fa7ce3faf
exact_duplicate_nat_f0527674fd3fa7ce3faf	f0527674fd3fa7ce3faf7d4a405322e68cff7db0536d8ec18e2ac47b7acd38c4	120	pass	39.4	40.0	0.8461538461538461	gvpa	99.4	gvpj	68.3	31.10000000000001	0.8467153284671532	0.9833333333333333	supported_gvpa	pf00741_and_competitive_gvpa_support	99.4	68.3	exact_duplicate	gvpj	0	nat_f0527674fd3fa7ce3faf
shuffled_nat_1d519e42f5e4d4625382	c820821370eb5106c58d88abbf1404e64387f2aa797710d98c579cadd081d9f6	120	fail			0.0			gvpl	1.2		0.0	0.0	unsupported	no_qualified_subfamily_hit			shuffled	gvpj	0	nat_1d519e42f5e4d4625382
truncated_nat_1d519e42f5e4d4625382	162b4afd4319b03be75fd4dcd8fa3e39945c927f5fac6fa554db5d55fa225bde	40	fail	40.3	40.5	0.6666666666666666			gvpj	46.4		0.0	0.0	unsupported	no_qualified_subfamily_hit	34.3	46.4	truncated	gvpj	0	nat_1d519e42f5e4d4625382
exact_duplicate_nat_1d519e42f5e4d4625382	1d519e42f5e4d4625382fa13cbfe19e063e01958d5871739e5ab628d6a31df0f	120	pass	59.5	59.9	1.0	gvpj	97.9	gvpa	76.5	21.400000000000006	0.7982456140350878	0.7666666666666667	other_gvp	competitive_gvpj_support	76.5	97.9	exact_duplicate	gvpj	0	nat_1d519e42f5e4d4625382
shuffled_nat_fd79a669594ad1a1ef23	4c8059440e82e1cb95dc39745646dea989ee5a8da85ae11f2fdc735034930135	120	fail			0.0						0.0	0.0	unsupported	no_qualified_subfamily_hit			shuffled	gvpk	0	nat_fd79a669594ad1a1ef23
truncated_nat_fd79a669594ad1a1ef23	f437a61efe7d19309e9481b2ec9d68a47dfa49b1f98a1e7ee5891654703aaf27	40	fail			0.0						0.0	0.0	unsupported	no_qualified_subfamily_hit			truncated	gvpk	0	nat_fd79a669594ad1a1ef23
exact_duplicate_nat_fd79a669594ad1a1ef23	fd79a669594ad1a1ef23e8c3571f6cd3e34f88a1142fa99e58dffbb2bd37f726	120	fail			0.0	gvpk	117.4	gvpl	1.2	116.2	0.7767857142857143	0.725	other_gvp	competitive_gvpk_support			exact_duplicate	gvpk	0	nat_fd79a669594ad1a1ef23
shuffled_nat_68254939d0e81bc7115c	9ade4cfeef3af5562651bf877abe982c598d4185ca843b6e0f80e095fce2a09d	114	fail			0.0			gvpk	1.8		0.0	0.0	unsupported	no_qualified_subfamily_hit	0.7	0.1	shuffled	gvpv	0	nat_68254939d0e81bc7115c
truncated_nat_68254939d0e81bc7115c	b43a41dc35b5f2c0551b224005be62f14ad2ea7a1ce8d03a2e7982071272d482	38	fail			0.0			gvpv	8.5		0.0	0.0	unsupported	no_qualified_subfamily_hit			truncated	gvpv	0	nat_68254939d0e81bc7115c
exact_duplicate_nat_68254939d0e81bc7115c	68254939d0e81bc7115c2fd2db7fbd36c8c094d536bc027b366a8b9b88e22133	114	fail			0.0	gvpv	34.7	gvpl	7.4	27.300000000000004	0.7184466019417476	0.6403508771929824	other_gvp	competitive_gvpv_support	0.9	1.9	exact_duplicate	gvpv	0	nat_68254939d0e81bc7115c
shuffled_nat_153267792920bb4475d5	3aff433293dec2c8266497c8474f4727528cec523713876cd371bfdf19d57ffe	113	fail			0.0			gvpl	1.2		0.0	0.0	unsupported	no_qualified_subfamily_hit	0.9		shuffled	gvpi	0	nat_153267792920bb4475d5
truncated_nat_153267792920bb4475d5	489a362cc91cf2507e56582a677b37564b6c5b320b2065fa772b7d97541ca563	37	fail			0.0			gvpv	3.7		0.0	0.0	unsupported	no_qualified_subfamily_hit	3.2	3.6	truncated	gvpi	0	nat_153267792920bb4475d5
exact_duplicate_nat_153267792920bb4475d5	153267792920bb4475d564e87d5844ccf774f8371c6f7db0bc29316935a2ac1a	113	fail			0.0			gvpl	1.3		0.0	0.0	unsupported	no_qualified_subfamily_hit			exact_duplicate	gvpi	0	nat_153267792920bb4475d5
shuffled_nat_08f506a8e9498c03b468	4709be5b8817049b5b3b6ebda06211035259803173b10403449df0582ef9e7e4	112	fail			0.0			gvpj	4.8		0.0	0.0	unsupported	no_qualified_subfamily_hit	0.5	4.8	shuffled	gvpv	0	nat_08f506a8e9498c03b468
truncated_nat_08f506a8e9498c03b468	7425607514e505e669e0694fef14e4ab630fa78fed720b3efa61fec3141839f1	37	fail			0.0			gvpv	18.5		0.0	0.0	unsupported	no_qualified_subfamily_hit		0.5	truncated	gvpv	0	nat_08f506a8e9498c03b468
exact_duplicate_nat_08f506a8e9498c03b468	08f506a8e9498c03b468e5a255fc496620ccbe2a9fb5d601494e793b4e4abe22	112	fail			0.0	gvpv	68.6	gvpk	5.1	63.49999999999999	0.9902912621359223	0.9375	other_gvp	competitive_gvpv_support	3.5	2.9	exact_duplicate	gvpv	0	nat_08f506a8e9498c03b468
shuffled_nat_42c70c8520ebfd69a3a8	ba4160e7ecffc831e7437320647de69a8378d07cf25da2a471b409995b4ef8bc	112	fail			0.0			gvpc	1.0		0.0	0.0	unsupported	no_qualified_subfamily_hit			shuffled	gvpv	0	nat_42c70c8520ebfd69a3a8
truncated_nat_42c70c8520ebfd69a3a8	186d099252efbbaa1f276d6dc46295a041aed5d1007d30c5440a4fd2f2761d91	37	fail			0.0			gvpv	13.7		0.0	0.0	unsupported	no_qualified_subfamily_hit			truncated	gvpv	0	nat_42c70c8520ebfd69a3a8
exact_duplicate_nat_42c70c8520ebfd69a3a8	42c70c8520ebfd69a3a87a99201c0dd796c94a4abbb64532c26f9ae5c724c8d8	112	fail			0.0	gvpv	51.0	gvpk	6.0	45.0	0.8155339805825242	0.7678571428571429	other_gvp	competitive_gvpv_support		0.1	exact_duplicate	gvpv	0	nat_42c70c8520ebfd69a3a8
shuffled_nat_d4b37ab9b761d79418a8	daff5fee9cd4a952cfc673b85bf07229efbbf8be0276d50bf881a464da7da2c6	110	fail			0.0			gvpj	3.2		0.0	0.0	unsupported	no_qualified_subfamily_hit	0.4	3.2	shuffled	gvpv	0	nat_d4b37ab9b761d79418a8
truncated_nat_d4b37ab9b761d79418a8	aed7859d457fb8cdc01616d5146918844393a9d82320f821f5a718cdeecee669	36	fail			0.0			gvpv	32.1		0.0	0.0	unsupported	no_qualified_subfamily_hit		0.9	truncated	gvpv	0	nat_d4b37ab9b761d79418a8
exact_duplicate_nat_d4b37ab9b761d79418a8	d4b37ab9b761d79418a8d8022b02dcbff7b5ba109587e091b6ba79205d47f0b9	110	fail			0.0	gvpv	87.4	gvpa	2.8	84.60000000000001	1.0	0.9727272727272728	other_gvp	competitive_gvpv_support	2.8	1.7	exact_duplicate	gvpv	0	nat_d4b37ab9b761d79418a8
shuffled_nat_82b15fd1e2a58ca3c8d0	9e3a8e52bcdd4d1014840cc3418e75e54e5563cbe34d9bd64238efb4f5e8aa1c	85	fail			0.0			gvpa	2.5		0.0	0.0	unsupported	no_qualified_subfamily_hit	2.5	0.4	shuffled	gvpg	0	nat_82b15fd1e2a58ca3c8d0
truncated_nat_82b15fd1e2a58ca3c8d0	973c471e45bf9794b91b46edcd41f2fd14902322b04235a66452c0a8baf1c16e	28	fail			0.0			gvpg	36.6		0.0	0.0	unsupported	no_qualified_subfamily_hit			truncated	gvpg	0	nat_82b15fd1e2a58ca3c8d0
exact_duplicate_nat_82b15fd1e2a58ca3c8d0	82b15fd1e2a58ca3c8d057b650ebe187702d7205cd5742665c2048b9961ee064	85	fail			0.0	gvpg	125.7	gvpj	5.0	120.7	0.9759036144578314	0.9647058823529412	other_gvp	competitive_gvpg_support	3.2	5.0	exact_duplicate	gvpg	0	nat_82b15fd1e2a58ca3c8d0
shuffled_nat_b07496d6758a328c5961	c545f3b6991b1a6365fafb7ab7c1f007dda892b5547cd72302cfeeebf2dc46c1	85	fail			0.0			gvpk	2.6		0.0	0.0	unsupported	no_qualified_subfamily_hit	0.7	0.5	shuffled	gvpg	0	nat_b07496d6758a328c5961
truncated_nat_b07496d6758a328c5961	3e846f4affc5d2f3514c38c6f8cc69f609576e8af1f1f4588e7cd3e16ed3a893	28	fail			0.0			gvpg	30.1		0.0	0.0	unsupported	no_qualified_subfamily_hit			truncated	gvpg	0	nat_b07496d6758a328c5961
exact_duplicate_nat_b07496d6758a328c5961	b07496d6758a328c5961cd1773b9150ffd595ab70c285710d018f53e5065a724	85	fail			0.0	gvpg	120.5	gvpv	5.4	115.1	0.9759036144578314	0.9647058823529412	other_gvp	competitive_gvpg_support	4.1	5.2	exact_duplicate	gvpg	0	nat_b07496d6758a328c5961
shuffled_nat_ac4b5fca0de2eeea6c28	960ec3e9c43cbda2790672aa110bf566596e54384593da3996296c6acd62f502	84	fail			0.0			gvpk	0.3		0.0	0.0	unsupported	no_qualified_subfamily_hit			shuffled	gvpf	0	nat_ac4b5fca0de2eeea6c28
truncated_nat_ac4b5fca0de2eeea6c28	0c90c0376c854a645d4b94007b73887c7ee9cfc696bd25f11315fb3acb54f43d	28	fail			0.0			gvpg	43.4		0.0	0.0	unsupported	no_qualified_subfamily_hit			truncated	gvpf	0	nat_ac4b5fca0de2eeea6c28
exact_duplicate_nat_ac4b5fca0de2eeea6c28	ac4b5fca0de2eeea6c284e3b18c63dac66a735645a349388120c962e87c2f568	84	fail			0.0	gvpg	137.0	gvpj	3.3	133.7	1.0	1.0	other_gvp	competitive_gvpg_support	3.2	3.3	exact_duplicate	gvpf	0	nat_ac4b5fca0de2eeea6c28
shuffled_nat_004259139cc6a322721e	0b7edced2ef3df7e327bf9cebf9825123de39ab403c8af09cc08c3b19ad1b299	84	fail			0.0			gvpv	1.0		0.0	0.0	unsupported	no_qualified_subfamily_hit			shuffled	gvpf	0	nat_004259139cc6a322721e
truncated_nat_004259139cc6a322721e	e67e4af04120f451d0ce91a011b33a747f789b9b2d0d097a0fc6e7c20bcd9a4d	28	fail			0.0			gvpg	41.3		0.0	0.0	unsupported	no_qualified_subfamily_hit			truncated	gvpf	0	nat_004259139cc6a322721e
exact_duplicate_nat_004259139cc6a322721e	004259139cc6a322721e7242c33f745528c4252e23023852c9cf73bfcdb7c67e	84	fail			0.0	gvpg	122.6	gvpj	3.4	119.19999999999999	1.0	1.0	other_gvp	competitive_gvpg_support	2.0	3.4	exact_duplicate	gvpf	0	nat_004259139cc6a322721e
shuffled_nat_c25d7e556c15742553a1	2c552f82b1848c9fa97095e80403e0f4ac892c6d20c422ec0e5b344446773eb1	84	fail			0.0			gvpk	1.1		0.0	0.0	unsupported	no_qualified_subfamily_hit			shuffled	gvpg	0	nat_c25d7e556c15742553a1
truncated_nat_c25d7e556c15742553a1	7c2d63b471396cdb194918bf7390eca4313b08c10705634df9acc262fe3aa242	28	fail			0.0			gvpg	44.8		0.0	0.0	unsupported	no_qualified_subfamily_hit			truncated	gvpg	0	nat_c25d7e556c15742553a1
exact_duplicate_nat_c25d7e556c15742553a1	c25d7e556c15742553a175f4fe169f3bd755134e08b9bd0806d434802a179534	84	fail			0.0	gvpg	137.3	gvpv	2.9	134.4	1.0	1.0	other_gvp	competitive_gvpg_support	1.0	1.9	exact_duplicate	gvpg	0	nat_c25d7e556c15742553a1
shuffled_nat_0121f9805d9138155c94	96e5c9f92af35ef102f80857dd553fcb84c802f2c5e734363a38f8d0a728afcd	84	fail			0.0			gvpa	1.3		0.0	0.0	unsupported	no_qualified_subfamily_hit	1.3	0.6	shuffled	gvpg	0	nat_0121f9805d9138155c94
truncated_nat_0121f9805d9138155c94	c9711ae477033094210300f968276f177988b3f9969ec700036bc0b04680be16	28	fail			0.0			gvpg	39.2		0.0	0.0	unsupported	no_qualified_subfamily_hit			truncated	gvpg	0	nat_0121f9805d9138155c94
exact_duplicate_nat_0121f9805d9138155c94	0121f9805d9138155c9460c6af80abdccefbe96fb707f2ca6ae4502c680fbe22	84	fail			0.0	gvpg	126.9	gvpk	3.2	123.7	1.0	1.0	other_gvp	competitive_gvpg_support	1.6	2.5	exact_duplicate	gvpg	0	nat_0121f9805d9138155c94
shuffled_nat_935d7d0e66b4d7c7301a	5c464adad398f0ba6b063478a8dd6c2d847ef088ee1fb03a0d583c59baa39be7	84	fail			0.0			gvpn	1.7		0.0	0.0	unsupported	no_qualified_subfamily_hit			shuffled	gvpg	0	nat_935d7d0e66b4d7c7301a
truncated_nat_935d7d0e66b4d7c7301a	4c0732b9691d9e81356b72eda0a8cbce22221c69efc0977cb25a88f7cf244fba	28	fail			0.0			gvpg	42.9		0.0	0.0	unsupported	no_qualified_subfamily_hit			truncated	gvpg	0	nat_935d7d0e66b4d7c7301a
exact_duplicate_nat_935d7d0e66b4d7c7301a	935d7d0e66b4d7c7301ab9b9af649f378d2943a0f1e90a432631b49d23a1c27e	84	fail			0.0	gvpg	134.9	gvpj	5.6	129.3	0.9879518072289156	0.9880952380952381	other_gvp	competitive_gvpg_support	3.0	5.6	exact_duplicate	gvpg	0	nat_935d7d0e66b4d7c7301a
shuffled_nat_f3cee6b4b1ac4fbe31cd	1f4b7a2266b8096e59c1d381e914228f5e226c036265d4584354129fe406d0f6	83	fail			0.0			gvpk	0.4		0.0	0.0	unsupported	no_qualified_subfamily_hit	0.0		shuffled	gvpf	0	nat_f3cee6b4b1ac4fbe31cd
truncated_nat_f3cee6b4b1ac4fbe31cd	850472fe34eca4769242007eb49a81c770b6078ca1ad24b49c52bb902152e1f3	27	fail			0.0			gvpg	32.5		0.0	0.0	unsupported	no_qualified_subfamily_hit			truncated	gvpf	0	nat_f3cee6b4b1ac4fbe31cd
exact_duplicate_nat_f3cee6b4b1ac4fbe31cd	f3cee6b4b1ac4fbe31cd82a19ba2b63d07696c230c60e37c5eda940419b46355	83	fail			0.0	gvpg	124.0	gvpj	4.3	119.7	0.9879518072289156	0.9879518072289156	other_gvp	competitive_gvpg_support	3.4	4.3	exact_duplicate	gvpf	0	nat_f3cee6b4b1ac4fbe31cd
nat_3a3fe29b7daaadaf3131	3a3fe29b7daaadaf3131edb18ea6ffdc6cb6eef2fb4b06ffffa81866f20a1290	98	pass	62.0	62.6	1.0	gvpj	88.6	gvpa	118.6	-30.0	0.6260162601626016	0.7244897959183674	gvpa_gvpj_ambiguous	insufficient_competitive_margin	118.6	88.6	natural_heldout	gvpa	1	nat_3a3fe29b7daaadaf3131
nat_771e7534b299c23ea1f3	771e7534b299c23ea1f3fc11e557badf6e75402cafa8692f174709dbd4f60e34	74	pass	54.2	54.5	1.0			gvpa	118.1		0.0	0.0	unsupported	no_qualified_subfamily_hit	118.1	83.5	natural_heldout	gvpa	1	nat_771e7534b299c23ea1f3
nat_b017d8236271e13a1522	b017d8236271e13a1522a8ef3c3e41b212de7d09a483ea1ebbfd4dee7dac5625	116	pass	52.2	52.6	1.0			gvpa	124.4		0.0	0.0	unsupported	no_qualified_subfamily_hit	124.4	85.2	natural_heldout	gvpa	1	nat_b017d8236271e13a1522
nat_7577017d2109753dbbe7	7577017d2109753dbbe7029d3485d0d19c0610f0a962738329206f6c25a2e3bc	97	pass	59.4	59.7	1.0	gvpa	134.7	gvpj	97.0	37.69999999999999	0.6594202898550725	0.9381443298969072	supported_gvpa	pf00741_and_competitive_gvpa_support	134.7	97.0	natural_heldout	gvpa	1	nat_7577017d2109753dbbe7
nat_ac016806c065e58141c3	ac016806c065e58141c3b0882b333b9894e53396b76c57e421d12cc3fee9d207	89	pass	56.9	57.2	1.0	gvpj	97.1	gvpa	137.3	-40.20000000000002	0.6829268292682927	0.8876404494382022	gvpa_gvpj_ambiguous	insufficient_competitive_margin	137.3	97.1	natural_heldout	gvpa	1	nat_ac016806c065e58141c3
nat_9a9380d4b10b8ef49e08	9a9380d4b10b8ef49e08d8cdcb310b72b0898e2b53118fc0ebf7fc13e6851c59	85	pass	56.0	56.3	1.0			gvpa	132.6		0.0	0.0	unsupported	no_qualified_subfamily_hit	132.6	89.7	natural_heldout	gvpa	1	nat_9a9380d4b10b8ef49e08
nat_4c06fdcd9b94ab517ef7	4c06fdcd9b94ab517ef7d85c35ac9fe42722fa104e03d232f9906a1962e98808	73	pass	61.4	61.8	1.0			gvpa	123.3		0.0	0.0	unsupported	no_qualified_subfamily_hit	123.3	87.4	natural_heldout	gvpa	1	nat_4c06fdcd9b94ab517ef7
nat_a36db64a1cae19ba84f5	a36db64a1cae19ba84f5736ecad9f699b8c418df17453e6097baf0fe98e55ea5	75	pass	59.7	60.0	1.0			gvpa	125.9		0.0	0.0	unsupported	no_qualified_subfamily_hit	125.9	89.9	natural_heldout	gvpa	1	nat_a36db64a1cae19ba84f5
nat_86d5d5d3761caa2bee10	86d5d5d3761caa2bee10b54644a925b5b984756881a0c293ecddc246f152bd18	87	pass	54.3	54.7	1.0			gvpa	129.9		0.0	0.0	unsupported	no_qualified_subfamily_hit	129.9	92.3	natural_heldout	gvpa	1	nat_86d5d5d3761caa2bee10
nat_137eb09d8ee303361664	137eb09d8ee3033616644972d3e3e925408f94a1cacddbb7cf37e4ede6df16f3	102	pass	51.7	52.1	1.0	gvpj	82.3	gvpa	127.4	-45.10000000000001	0.6341463414634146	0.7156862745098039	gvpa_gvpj_ambiguous	insufficient_competitive_margin	127.4	82.3	natural_heldout	gvpa	1	nat_137eb09d8ee303361664
nat_911977f51fb32fb01946	911977f51fb32fb01946dc2bed8313d1fa9c4cb458417285b80e1d0b4af36425	97	pass	59.0	59.3	1.0	gvpa	136.3	gvpj	96.3	40.000000000000014	0.6666666666666666	0.9484536082474226	supported_gvpa	pf00741_and_competitive_gvpa_support	136.3	96.3	natural_heldout	gvpa	1	nat_911977f51fb32fb01946
nat_b65132e25cc65ac0170d	b65132e25cc65ac0170dec17af09ef6d9ddc86b42bf3a1dd98bef9769b556343	93	pass	60.5	60.9	1.0	gvpj	95.5	gvpa	133.4	-37.900000000000006	0.6666666666666666	0.8279569892473119	gvpa_gvpj_ambiguous	insufficient_competitive_margin	133.4	95.5	natural_heldout	gvpa	1	nat_b65132e25cc65ac0170d
nat_6ab091088c0d2085f193	6ab091088c0d2085f19341445efca3bd7552fe8e88dd3276c572540a4c79acbc	88	pass	57.1	57.4	1.0	gvpj	98.0	gvpa	137.4	-39.400000000000006	0.6829268292682927	0.8977272727272727	gvpa_gvpj_ambiguous	insufficient_competitive_margin	137.4	98.0	natural_heldout	gvpa	1	nat_6ab091088c0d2085f193
nat_e70eb92ab459701dc753	e70eb92ab459701dc753ece2045300ba79f6dcccdb811cbfe12eeb7a71243f3d	88	pass	58.1	58.4	1.0			gvpa	132.8		0.0	0.0	unsupported	no_qualified_subfamily_hit	132.8	94.3	natural_heldout	gvpa	1	nat_e70eb92ab459701dc753
nat_805855d37a367a5867e3	805855d37a367a5867e37119f6d4ca11ce3a9771efa51ee1d159b4bd843f912a	90	pass	45.9	46.6	1.0			gvpa	111.5		0.0	0.0	unsupported	no_qualified_subfamily_hit	111.5	79.0	natural_heldout	gvpa	1	nat_805855d37a367a5867e3
nat_353e9d0dff81158687ff	353e9d0dff81158687ff2e4f2b8984e4d6a17430c1d909a093884122403d9cb2	91	pass	59.0	59.4	1.0	gvpj	94.7	gvpa	132.9	-38.2	0.6666666666666666	0.8461538461538461	gvpa_gvpj_ambiguous	insufficient_competitive_margin	132.9	94.7	natural_heldout	gvpa	1	nat_353e9d0dff81158687ff
nat_71f9753012b6644cf772	71f9753012b6644cf772515c27a3c5a497fdd40153f703681603ce4eafc42ea5	73	pass	62.6	62.9	1.0			gvpa	126.0		0.0	0.0	unsupported	no_qualified_subfamily_hit	126.0	90.7	natural_heldout	gvpa	1	nat_71f9753012b6644cf772
nat_8be2e14f0153cb01c7e8	8be2e14f0153cb01c7e89076f2a6275d8da7f12e0e575e69dabb3df9999082cc	74	pass	61.1	61.4	1.0			gvpa	127.0		0.0	0.0	unsupported	no_qualified_subfamily_hit	127.0	92.0	natural_heldout	gvpa	1	nat_8be2e14f0153cb01c7e8
nat_b38024f0aba86f47c4ad	b38024f0aba86f47c4adefb470377765a198ad65def833ed535315e7ecc6271b	73	pass	62.6	62.9	1.0			gvpa	126.4		0.0	0.0	unsupported	no_qualified_subfamily_hit	126.4	91.4	natural_heldout	gvpa	1	nat_b38024f0aba86f47c4ad
nat_531760bd0ae2999dbf0a	531760bd0ae2999dbf0aa9151e722a6e3f56f36bc1e97a4473d19e1e66ba63d6	91	pass	60.4	60.8	1.0			gvpa	127.1		0.0	0.0	unsupported	no_qualified_subfamily_hit	127.1	91.3	natural_heldout	gvpa	1	nat_531760bd0ae2999dbf0a
nat_18aeb74e18302803a1f0	18aeb74e18302803a1f05608a7d4fa45b098bea94fa1a6302b33e1400eb1edfd	89	pass	60.5	60.9	1.0			gvpa	128.1		0.0	0.0	unsupported	no_qualified_subfamily_hit	128.1	91.6	natural_heldout	gvpa	1	nat_18aeb74e18302803a1f0
nat_6507b3f9f58ef91ab9d8	6507b3f9f58ef91ab9d82a0e5b2908ec0d333c616e2b17fc0f4b837dade8ca1f	88	pass	57.1	57.4	1.0	gvpj	98.2	gvpa	136.6	-38.39999999999999	0.6829268292682927	0.8977272727272727	gvpa_gvpj_ambiguous	insufficient_competitive_margin	136.6	98.2	natural_heldout	gvpa	1	nat_6507b3f9f58ef91ab9d8
nat_db2cdf073eed6ed31349	db2cdf073eed6ed31349901112a0643487f8399252e4b284641aa51cb05e0f98	100	pass	59.0	59.3	1.0	gvpa	135.0	gvpj	95.8	39.2	0.6521739130434783	0.91	supported_gvpa	pf00741_and_competitive_gvpa_support	135.0	95.8	natural_heldout	gvpa	1	nat_db2cdf073eed6ed31349
nat_0283d587032de178b666	0283d587032de178b6667e22ede30dd9a57c5ae7754c025d23503a3db3153be9	91	pass	59.2	59.7	1.0	gvpj	93.6	gvpa	131.6	-38.0	0.6341463414634146	0.8241758241758241	gvpa_gvpj_ambiguous	insufficient_competitive_margin	131.6	93.6	natural_heldout	gvpa	1	nat_0283d587032de178b666
nat_5c686c3d3778ea9403cd	5c686c3d3778ea9403cd9d61d7221e3e4812a50ef33cf1e8cd450094ca203ae0	86	pass	56.7	57.0	1.0	gvpj	92.3	gvpa	135.3	-43.000000000000014	0.6422764227642277	0.8604651162790697	gvpa_gvpj_ambiguous	insufficient_competitive_margin	135.3	92.3	natural_heldout	gvpa	1	nat_5c686c3d3778ea9403cd
nat_62e969f9025127736826	62e969f90251277368266d759d9d4fd4cc78f03b7eadcfade3fc001db4bf0600	75	pass	59.6	60.0	1.0			gvpa	124.6		0.0	0.0	unsupported	no_qualified_subfamily_hit	124.6	88.8	natural_heldout	gvpa	1	nat_62e969f9025127736826
nat_a8c546bb807cbf441766	a8c546bb807cbf441766bdc1e9d6100e34ba9f8687dc271e3c6bbc888861c9af	75	pass	59.6	59.9	1.0			gvpa	125.0		0.0	0.0	unsupported	no_qualified_subfamily_hit	125.0	89.0	natural_heldout	gvpa	1	nat_a8c546bb807cbf441766
nat_9caabe5dd41114f54d71	9caabe5dd41114f54d7157811c223a55ba4f8324b5c33e3ed04bea8f682c91b8	75	pass	56.5	56.8	1.0			gvpa	119.2		0.0	0.0	unsupported	no_qualified_subfamily_hit	119.2	83.6	natural_heldout	gvpa	1	nat_9caabe5dd41114f54d71
nat_4a871af101af640b6e2c	4a871af101af640b6e2c4613cc92d8574a387d76bed376472736fe356f550e29	89	pass	55.3	55.3	1.0			gvpa	132.0		0.0	0.0	unsupported	no_qualified_subfamily_hit	132.0	91.4	natural_heldout	gvpa	1	nat_4a871af101af640b6e2c
nat_ced70fa1ad4dcaf12a7b	ced70fa1ad4dcaf12a7b8c719004cf68917ca8132aa674f7f8c86094a7879b0c	75	pass	59.5	59.7	1.0			gvpa	125.9		0.0	0.0	unsupported	no_qualified_subfamily_hit	125.9	91.1	natural_heldout	gvpa	1	nat_ced70fa1ad4dcaf12a7b
nat_b669abd036c50b376c62	b669abd036c50b376c62ed96bedb1c48c2355a2d6963351d6db1465d4bed8684	73	pass	59.5	59.9	1.0			gvpa	124.5		0.0	0.0	unsupported	no_qualified_subfamily_hit	124.5	89.7	natural_heldout	gvpa	1	nat_b669abd036c50b376c62
nat_bf9d9ac4b0e25cbc2e14	bf9d9ac4b0e25cbc2e1482bd8291d51b80489fd66aea62fc23789d12b24004e0	75	pass	59.5	59.8	1.0			gvpa	125.6		0.0	0.0	unsupported	no_qualified_subfamily_hit	125.6	90.3	natural_heldout	gvpa	1	nat_bf9d9ac4b0e25cbc2e14
nat_3f2cb7eca6dff49eb9eb	3f2cb7eca6dff49eb9eba55009404da2596edaa8a84214ff0a062983369e81b2	76	pass	59.4	59.7	1.0			gvpa	127.1		0.0	0.0	unsupported	no_qualified_subfamily_hit	127.1	91.5	natural_heldout	gvpa	1	nat_3f2cb7eca6dff49eb9eb
nat_387a1a5b990d83c80a60	387a1a5b990d83c80a609a93287a136e5e242150b20ddd4a1e49c657c24a6c38	73	pass	58.4	58.7	0.9743589743589743			gvpa	119.3		0.0	0.0	unsupported	no_qualified_subfamily_hit	119.3	87.4	natural_heldout	gvpa	1	nat_387a1a5b990d83c80a60
nat_61cb6f10b13fb11f910f	61cb6f10b13fb11f910f8f21d07836e35e17affcc38af420a8aad2bdf75ef91c	97	pass	59.1	59.4	1.0	gvpa	136.5	gvpj	97.1	39.400000000000006	0.644927536231884	0.9175257731958762	supported_gvpa	pf00741_and_competitive_gvpa_support	136.5	97.1	natural_heldout	gvpa	1	nat_61cb6f10b13fb11f910f
nat_b81aa32b17d671599bc2	b81aa32b17d671599bc2c9e361c85b3574906f3e79199d11c11f01091914c22e	69	pass	59.3	59.7	1.0			gvpa	119.4		0.0	0.0	unsupported	no_qualified_subfamily_hit	119.4	86.1	natural_heldout	gvpa	1	nat_b81aa32b17d671599bc2
nat_42ca32a46ff9fbfe04b0	42ca32a46ff9fbfe04b03849517149d6e08810007705041d2c8b3b34d20375bb	93	pass	58.8	59.2	1.0	gvpj	94.4	gvpa	131.0	-36.599999999999994	0.6666666666666666	0.8279569892473119	gvpa_gvpj_ambiguous	insufficient_competitive_margin	131.0	94.4	natural_heldout	gvpa	1	nat_42ca32a46ff9fbfe04b0
nat_7d8900b1fc48c317aebb	7d8900b1fc48c317aebbade0a9e0f037e7f876e05e79fe26074fd735c2e3217a	86	pass	54.1	54.5	1.0	gvpj	91.6	gvpa	128.0	-36.400000000000006	0.6585365853658537	0.9069767441860465	gvpa_gvpj_ambiguous	insufficient_competitive_margin	128.0	91.6	natural_heldout	gvpa	1	nat_7d8900b1fc48c317aebb
nat_044652cd2d2677de71ee	044652cd2d2677de71ee3ad6b28cfb22905b65ba36cac1256c3f01e3fb5c37d9	85	pass	59.3	59.6	1.0	gvpj	97.2	gvpa	132.9	-35.7	0.6504065040650406	0.8823529411764706	gvpa_gvpj_ambiguous	insufficient_competitive_margin	132.9	97.2	natural_heldout	gvpa	1	nat_044652cd2d2677de71ee
nat_b258e8dfa1451eaa6d09	b258e8dfa1451eaa6d09e0b4add2594f4ff66808a1171e673e2a064015b0995e	87	pass	53.5	53.9	1.0			gvpa	128.9		0.0	0.0	unsupported	no_qualified_subfamily_hit	128.9	90.9	natural_heldout	gvpa	1	nat_b258e8dfa1451eaa6d09
nat_37f01da4a984c4443e1d	37f01da4a984c4443e1dd0bfe4c45bcaf6d4dffa1a6de05841500833014bfa0a	87	pass	54.7	55.2	1.0			gvpa	129.6		0.0	0.0	unsupported	no_qualified_subfamily_hit	129.6	89.3	natural_heldout	gvpa	1	nat_37f01da4a984c4443e1d
nat_70724efd897d81dc16e2	70724efd897d81dc16e2bdbc3589fa7441046ed49245f06ce63218699b619185	103	pass	52.2	52.7	1.0	gvpa	136.5	gvpj	87.1	49.400000000000006	0.6884057971014492	0.9223300970873787	supported_gvpa	pf00741_and_competitive_gvpa_support	136.5	87.1	natural_heldout	gvpa	1	nat_70724efd897d81dc16e2
nat_4b81ad5ffa833d3eb412	4b81ad5ffa833d3eb41268ae249d1a9cca6a34f987f4c8eedd5e5477becf8871	88	pass	53.8	54.2	1.0			gvpa	127.2		0.0	0.0	unsupported	no_qualified_subfamily_hit	127.2	92.0	natural_heldout	gvpa	1	nat_4b81ad5ffa833d3eb412
nat_00b8d6bdf51c5322f38c	00b8d6bdf51c5322f38c2f3efbe74d4123230025049524b17afcbaf1d6459e63	90	pass	53.1	53.5	1.0			gvpa	131.3		0.0	0.0	unsupported	no_qualified_subfamily_hit	131.3	92.7	natural_heldout	gvpa	1	nat_00b8d6bdf51c5322f38c
nat_699456ca14dc91b53082	699456ca14dc91b530821beaa7818b79ebdfa0de3b88f656f2ee36232fad8dba	70	pass	56.1	56.4	1.0			gvpa	121.5		0.0	0.0	unsupported	no_qualified_subfamily_hit	121.5	83.1	natural_heldout	gvpa	1	nat_699456ca14dc91b53082
nat_286c7b97c4455a336f39	286c7b97c4455a336f39e36553f7844c3b74abba1732c3052c87b33408672ad3	88	pass	54.2	54.8	1.0	gvpj	92.5	gvpa	130.2	-37.69999999999999	0.6097560975609756	0.8863636363636364	gvpa_gvpj_ambiguous	insufficient_competitive_margin	130.2	92.5	natural_heldout	gvpa	1	nat_286c7b97c4455a336f39
nat_731f8990c8cbea086350	731f8990c8cbea086350a016d4c0cac3104af7266cbadfed7c66df5ef588aa95	73	pass	58.6	58.9	0.9743589743589743			gvpa	119.3		0.0	0.0	unsupported	no_qualified_subfamily_hit	119.3	88.1	natural_heldout	gvpa	1	nat_731f8990c8cbea086350
nat_0f59cf2a0c4bb65bd343	0f59cf2a0c4bb65bd34372f8a393246c8ce3799ace769f49a02adab3a57f84c2	91	pass	52.2	52.7	1.0			gvpa	125.0		0.0	0.0	unsupported	no_qualified_subfamily_hit	125.0	85.2	natural_heldout	gvpa	1	nat_0f59cf2a0c4bb65bd343
nat_db4cf6e6d1d54bfb2db9	db4cf6e6d1d54bfb2db988a958a4fbac20cae6fc7767b874ce483eae1ebc8b85	56	pass	52.1	52.3	0.9743589743589743			gvpa	113.0		0.0	0.0	unsupported	no_qualified_subfamily_hit	113.0	78.4	natural_heldout	gvpa	1	nat_db4cf6e6d1d54bfb2db9
nat_bc5cdb91e80e5d33bb26	bc5cdb91e80e5d33bb2692c1910e2e61934a72d867eb29ce2772841eba3d3e24	110	pass	51.4	51.8	1.0	gvpa	132.1	gvpj	84.1	48.0	0.6231884057971014	0.7818181818181819	supported_gvpa	pf00741_and_competitive_gvpa_support	132.1	84.1	natural_heldout	gvpa	1	nat_bc5cdb91e80e5d33bb26
nat_dc2b0da282a1a334132b	dc2b0da282a1a334132b94fa6b433ee40a84ca23e7aee931a5e7e57eca9070ad	102	pass	55.7	56.1	1.0	gvpa	134.2	gvpj	87.3	46.89999999999999	0.6884057971014492	0.9313725490196079	supported_gvpa	pf00741_and_competitive_gvpa_support	134.2	87.3	natural_heldout	gvpa	1	nat_dc2b0da282a1a334132b
nat_c0248ec199ed97e6d9ee	c0248ec199ed97e6d9eeee75158f72893fb07d4dfcefe6acbbe62039698acf97	80	pass	42.5	42.8	0.9743589743589743			gvpa	107.6		0.0	0.0	unsupported	no_qualified_subfamily_hit	107.6	72.8	natural_heldout	gvpa	1	nat_c0248ec199ed97e6d9ee
nat_941dc16f5af7d70127ae	941dc16f5af7d70127ae0c0e7203c2ef799137e2454fcbd39a483297c7446912	94	pass	55.0	55.4	1.0	gvpa	129.4	gvpj	85.8	43.60000000000001	0.6086956521739131	0.8936170212765957	supported_gvpa	pf00741_and_competitive_gvpa_support	129.4	85.8	natural_heldout	gvpa	1	nat_941dc16f5af7d70127ae
nat_2ef2790cebd0bc14e528	2ef2790cebd0bc14e528c3f6696d3996539acc6ce896e57e9e44a6afff83563c	94	pass	55.7	56.1	1.0	gvpa	129.9	gvpj	87.5	42.400000000000006	0.6086956521739131	0.8936170212765957	supported_gvpa	pf00741_and_competitive_gvpa_support	129.9	87.5	natural_heldout	gvpa	1	nat_2ef2790cebd0bc14e528
nat_e38f9994094842734a96	e38f9994094842734a9646ac09c5e24019856960bca5d05986072a34d720515a	92	pass	53.1	53.5	1.0	gvpj	88.8	gvpa	136.3	-47.500000000000014	0.6260162601626016	0.782608695652174	gvpa_gvpj_ambiguous	insufficient_competitive_margin	136.3	88.8	natural_heldout	gvpa	1	nat_e38f9994094842734a96
nat_a7ccf9f8dd2634fb8865	a7ccf9f8dd2634fb8865a974bed75f2eb951c05b029415bc1b95e882706a1adf	92	pass	53.4	53.8	1.0			gvpa	125.7		0.0	0.0	unsupported	no_qualified_subfamily_hit	125.7	83.9	natural_heldout	gvpa	1	nat_a7ccf9f8dd2634fb8865
nat_cc5d159ca664e171159f	cc5d159ca664e171159faf64874edda58bcf4f93389e556aa786d789e977288a	102	pass	51.7	52.1	1.0	gvpj	82.7	gvpa	130.0	-47.3	0.6504065040650406	0.7254901960784313	gvpa_gvpj_ambiguous	insufficient_competitive_margin	130.0	82.7	natural_heldout	gvpa	1	nat_cc5d159ca664e171159f
nat_0a9ee98cbcc2eabfac38	0a9ee98cbcc2eabfac385b890fd7bc5f1682f6995b216b438dea5feb6bd62e2a	91	pass	52.1	52.4	1.0	gvpa	128.8	gvpj	83.7	45.10000000000001	0.6014492753623188	0.9120879120879121	supported_gvpa	pf00741_and_competitive_gvpa_support	128.8	83.7	natural_heldout	gvpa	1	nat_0a9ee98cbcc2eabfac38
nat_0e8669cb5fbefecf56bd	0e8669cb5fbefecf56bd1697b3d2dfc1f02ea47ac89f424acb6d55829e1f6a88	91	pass	54.0	54.4	1.0	gvpj	87.6	gvpa	137.7	-50.099999999999994	0.6178861788617886	0.7802197802197802	gvpa_gvpj_ambiguous	insufficient_competitive_margin	137.7	87.6	natural_heldout	gvpa	1	nat_0e8669cb5fbefecf56bd
nat_0e5f42f63b697d7ae252	0e5f42f63b697d7ae2522db4cc4e4b767a2f9bc60f48d1dbe33481842d755da4	91	pass	58.3	58.7	1.0			gvpa	131.9		0.0	0.0	unsupported	no_qualified_subfamily_hit	131.9	89.8	natural_heldout	gvpa	1	nat_0e5f42f63b697d7ae252
nat_819a3c6792d744ecbd3d	819a3c6792d744ecbd3df054e47bd22e8778614360a65140831dcca62f2baa9a	92	pass	54.2	54.6	1.0			gvpa	123.8		0.0	0.0	unsupported	no_qualified_subfamily_hit	123.8	86.6	natural_heldout	gvpa	1	nat_819a3c6792d744ecbd3d
nat_707da4af3acf7f03536c	707da4af3acf7f03536c5c37248f79250352a88e220d32a2bb8df2075eb63b07	102	pass	53.7	54.2	1.0	gvpj	85.4	gvpa	129.6	-44.19999999999999	0.6178861788617886	0.696078431372549	gvpa_gvpj_ambiguous	insufficient_competitive_margin	129.6	85.4	natural_heldout	gvpa	1	nat_707da4af3acf7f03536c
nat_26dcc139685992f211f4	26dcc139685992f211f4708924a3a2106e0b1eedf1891ca88bb45b364bfe0ced	91	pass	53.4	53.8	1.0	gvpa	133.6	gvpj	85.0	48.599999999999994	0.6231884057971014	0.945054945054945	supported_gvpa	pf00741_and_competitive_gvpa_support	133.6	85.0	natural_heldout	gvpa	1	nat_26dcc139685992f211f4
nat_2c92df9e3660ae4ae496	2c92df9e3660ae4ae496e54c73138cca30fb4548c57f0128289efe9f3f7cac36	103	pass	55.5	55.9	1.0	gvpa	133.5	gvpj	86.1	47.400000000000006	0.6811594202898551	0.912621359223301	supported_gvpa	pf00741_and_competitive_gvpa_support	133.5	86.1	natural_heldout	gvpa	1	nat_2c92df9e3660ae4ae496
nat_50547bc898f61f24df25	50547bc898f61f24df2523add228d653ee8b40ed98eed53b3ba22738f4493ddc	90	pass	52.3	52.7	1.0			gvpa	124.1		0.0	0.0	unsupported	no_qualified_subfamily_hit	124.1	85.7	natural_heldout	gvpa	1	nat_50547bc898f61f24df25
nat_457c7fa4e18854325440	457c7fa4e188543254407dcd7ec0b9f4c753a7f7645e0d50bffe5dc2233d678b	104	pass	55.5	55.9	1.0	gvpa	135.6	gvpj	85.9	49.69999999999999	0.6884057971014492	0.9134615384615384	supported_gvpa	pf00741_and_competitive_gvpa_support	135.6	85.9	natural_heldout	gvpa	1	nat_457c7fa4e18854325440
nat_b28d4ac8e7cffa9c0259	b28d4ac8e7cffa9c025926a8e11393955e2c916c71da146164fbf842c214385e	92	pass	52.2	52.6	1.0			gvpa	124.0		0.0	0.0	unsupported	no_qualified_subfamily_hit	124.0	85.8	natural_heldout	gvpa	1	nat_b28d4ac8e7cffa9c0259
nat_d15f613fad1b42703ddc	d15f613fad1b42703ddc1ccbd88fa6e754ed11b30dd462f8870eb398cdaad739	94	pass	55.0	55.4	1.0	gvpa	129.8	gvpj	86.4	43.400000000000006	0.6086956521739131	0.8936170212765957	supported_gvpa	pf00741_and_competitive_gvpa_support	129.8	86.4	natural_heldout	gvpa	1	nat_d15f613fad1b42703ddc
nat_ab2292bf5276ca31007d	ab2292bf5276ca31007d0dc53dd8ebc55cb8125531f36f45413b763b2188dc39	102	pass	52.6	53.0	1.0	gvpj	87.2	gvpa	130.3	-43.10000000000001	0.6341463414634146	0.7156862745098039	gvpa_gvpj_ambiguous	insufficient_competitive_margin	130.3	87.2	natural_heldout	gvpa	1	nat_ab2292bf5276ca31007d
nat_034d9111e895aa2cb4fa	034d9111e895aa2cb4fabb563eecf05be5b4f98a321959c457cc9a0aad52c226	104	pass	53.2	53.7	1.0	gvpj	87.5	gvpa	130.7	-43.19999999999999	0.6666666666666666	0.7307692307692307	gvpa_gvpj_ambiguous	insufficient_competitive_margin	130.7	87.5	natural_heldout	gvpa	1	nat_034d9111e895aa2cb4fa
nat_366f2df371810fefd4a4	366f2df371810fefd4a476802671222a5ca10961b020d4cf8ece4a47f03ab609	104	pass	53.2	53.7	1.0	gvpj	86.6	gvpa	129.8	-43.20000000000002	0.6260162601626016	0.6923076923076923	gvpa_gvpj_ambiguous	insufficient_competitive_margin	129.8	86.6	natural_heldout	gvpa	1	nat_366f2df371810fefd4a4
nat_478e03d6c766c6092422	478e03d6c766c60924226ea84dea052661faf07a209b53f6593e5f431ea227c3	91	pass	52.2	52.6	1.0	gvpj	86.5	gvpa	125.1	-38.599999999999994	0.6341463414634146	0.8571428571428571	gvpa_gvpj_ambiguous	insufficient_competitive_margin	125.1	86.5	natural_heldout	gvpa	1	nat_478e03d6c766c6092422
nat_36a56467f4a25638e5d8	36a56467f4a25638e5d817c77266a55f448d21d707b5e77c76f4f04be135e47a	102	pass	53.3	53.7	1.0	gvpj	87.2	gvpa	133.0	-45.8	0.6341463414634146	0.7156862745098039	gvpa_gvpj_ambiguous	insufficient_competitive_margin	133.0	87.2	natural_heldout	gvpa	1	nat_36a56467f4a25638e5d8
nat_0dbc89dc4cb8f9901795	0dbc89dc4cb8f990179544020fbefaa87d99484de6d52245136c3beb3af5cd52	112	pass	49.8	50.1	1.0	gvpa	131.9	gvpj	82.8	49.10000000000001	0.7898550724637681	0.9464285714285714	supported_gvpa	pf00741_and_competitive_gvpa_support	131.9	82.8	natural_heldout	gvpa	1	nat_0dbc89dc4cb8f9901795
nat_fbe5bf19f8b5fcb8a504	fbe5bf19f8b5fcb8a504024622d873d9b4f8c910fec29a7faa90e94923d116c4	103	pass	53.6	54.1	1.0	gvpj	85.9	gvpa	129.9	-44.0	0.6341463414634146	0.7087378640776699	gvpa_gvpj_ambiguous	insufficient_competitive_margin	129.9	85.9	natural_heldout	gvpa	1	nat_fbe5bf19f8b5fcb8a504
nat_2f7a03239bef14f78193	2f7a03239bef14f781932b4cbbdd20ea215b34ed691725f89b24eaa547c604ee	102	pass	53.6	54.1	1.0	gvpj	82.2	gvpa	129.9	-47.7	0.6341463414634146	0.7156862745098039	gvpa_gvpj_ambiguous	insufficient_competitive_margin	129.9	82.2	natural_heldout	gvpa	1	nat_2f7a03239bef14f78193
nat_b89284c786e1b2202da6	b89284c786e1b2202da6e961528e32ed308b4796e507d5315e8056ccc2ac7ed8	110	pass	51.4	51.8	1.0	gvpa	132.7	gvpj	84.6	48.099999999999994	0.6304347826086957	0.7909090909090909	supported_gvpa	pf00741_and_competitive_gvpa_support	132.7	84.6	natural_heldout	gvpa	1	nat_b89284c786e1b2202da6
nat_4983f01969b214844bb9	4983f01969b214844bb92ed36b1e236cf9d1d32f53cb2c9361b30f6210259288	110	pass	51.4	51.8	1.0	gvpa	132.2	gvpj	84.5	47.69999999999999	0.6231884057971014	0.7818181818181819	supported_gvpa	pf00741_and_competitive_gvpa_support	132.2	84.5	natural_heldout	gvpa	1	nat_4983f01969b214844bb9
nat_9f8c36880cfb04e0cba5	9f8c36880cfb04e0cba55b432093f0aa8271cf043ffe34acc59bb9d848f90db6	91	pass	59.7	60.1	1.0	gvpj	95.4	gvpa	133.2	-37.79999999999998	0.6585365853658537	0.8351648351648352	gvpa_gvpj_ambiguous	insufficient_competitive_margin	133.2	95.4	natural_heldout	gvpa	1	nat_9f8c36880cfb04e0cba5
nat_b1857f03b52d3c765ea4	b1857f03b52d3c765ea44605167b7ee6d0e849f9d810b2d427d6ff293c822d68	73	pass	58.8	59.1	1.0			gvpa	125.2		0.0	0.0	unsupported	no_qualified_subfamily_hit	125.2	89.2	natural_heldout	gvpa	1	nat_b1857f03b52d3c765ea4
nat_9d49465af66327a747b8	9d49465af66327a747b8d94fae055fdf4e4ddc64425957ec791010c5514e900e	73	pass	61.0	61.3	1.0			gvpa	124.6		0.0	0.0	unsupported	no_qualified_subfamily_hit	124.6	89.5	natural_heldout	gvpa	1	nat_9d49465af66327a747b8
nat_bd681cfbd78ed763b9df	bd681cfbd78ed763b9df5c426f960ada866da90b156367c3292b56b3e72ef7d3	89	pass	56.5	56.9	1.0	gvpa	138.5	gvpj	97.7	40.8	0.6014492753623188	0.9325842696629213	supported_gvpa	pf00741_and_competitive_gvpa_support	138.5	97.7	natural_heldout	gvpa	1	nat_bd681cfbd78ed763b9df
nat_e0205c427b560fb5fab6	e0205c427b560fb5fab631d1ec5ed63cc8c0aa7c7b755485941791546cbc6805	88	pass	55.8	56.2	1.0	gvpa	138.5	gvpj	95.9	42.599999999999994	0.6086956521739131	0.9545454545454546	supported_gvpa	pf00741_and_competitive_gvpa_support	138.5	95.9	natural_heldout	gvpa	1	nat_e0205c427b560fb5fab6
nat_8aa5636b24c4e602865a	8aa5636b24c4e602865a552806a5f0342b48ae13c8da1912f7c694d2353dbcfe	73	pass	59.5	59.9	1.0			gvpa	125.7		0.0	0.0	unsupported	no_qualified_subfamily_hit	125.7	90.3	natural_heldout	gvpa	1	nat_8aa5636b24c4e602865a
nat_40a9ee2f296e1edcfbc2	40a9ee2f296e1edcfbc272724aa2827573dacc3b2079d6c96e6da9eaaff72a2c	75	pass	59.2	59.6	1.0			gvpa	121.7		0.0	0.0	unsupported	no_qualified_subfamily_hit	121.7	87.8	natural_heldout	gvpa	1	nat_40a9ee2f296e1edcfbc2
nat_193a805604225b70bf9b	193a805604225b70bf9bc1f62baee1c0a20bc1bab4c8d87149ab2e36e52f70a1	90	pass	60.1	60.5	1.0			gvpa	126.9		0.0	0.0	unsupported	no_qualified_subfamily_hit	126.9	92.2	natural_heldout	gvpa	1	nat_193a805604225b70bf9b
nat_483476b5bde91cbf3a74	483476b5bde91cbf3a74f1c315847ab317de2944d9b90dd6cefb7cd4eb9d8ddc	90	pass	60.1	60.6	1.0			gvpa	127.9		0.0	0.0	unsupported	no_qualified_subfamily_hit	127.9	91.1	natural_heldout	gvpa	1	nat_483476b5bde91cbf3a74
nat_22ac9928a6c3fbaf8f7c	22ac9928a6c3fbaf8f7c8dae481ee31de9db75644aa3346d57ce80383dbdf4d6	89	pass	60.5	60.9	1.0			gvpa	128.0		0.0	0.0	unsupported	no_qualified_subfamily_hit	128.0	90.6	natural_heldout	gvpa	1	nat_22ac9928a6c3fbaf8f7c
nat_f5a522a905abb21e46c2	f5a522a905abb21e46c2eb43460f8b92d149cceded3f2f0c651539e57cc92243	90	pass	59.3	59.7	1.0			gvpa	122.4		0.0	0.0	unsupported	no_qualified_subfamily_hit	122.4	89.7	natural_heldout	gvpa	1	nat_f5a522a905abb21e46c2
nat_607f897bd5b7dd1b1fbe	607f897bd5b7dd1b1fbe8a536309e7984377382c6445bb1164342f9298ee574c	90	pass	60.1	60.5	1.0			gvpa	128.1		0.0	0.0	unsupported	no_qualified_subfamily_hit	128.1	91.3	natural_heldout	gvpa	1	nat_607f897bd5b7dd1b1fbe
nat_b09a8337edbf59a7c5c3	b09a8337edbf59a7c5c366497f4a539d08db637110ecd96131eec6f501ce3d61	98	pass	59.3	59.7	1.0	gvpa	135.3	gvpj	98.7	36.60000000000001	0.6521739130434783	0.9183673469387755	supported_gvpa	pf00741_and_competitive_gvpa_support	135.3	98.7	natural_heldout	gvpa	1	nat_b09a8337edbf59a7c5c3
nat_2a643259fb5c627e5a76	2a643259fb5c627e5a760a12d39c8bffca7b0f2759fb11752e71477163859744	65	pass	61.9	62.3	1.0			gvpa	94.9		0.0	0.0	unsupported	no_qualified_subfamily_hit	94.9	76.2	natural_heldout	gvpa	1	nat_2a643259fb5c627e5a76
nat_9adb2cc7f37ad19f8e0f	9adb2cc7f37ad19f8e0f5ef3b30905c0f4090471c3ec259b3fddc7492bfe73aa	70	pass	54.7	55.0	1.0			gvpa	119.1		0.0	0.0	unsupported	no_qualified_subfamily_hit	119.1	83.9	natural_heldout	gvpa	1	nat_9adb2cc7f37ad19f8e0f
nat_307aae2a7a20a7f3cf48	307aae2a7a20a7f3cf488cb36e227a148bf49d9b924e9828e229b081cb145d9b	73	pass	62.6	62.9	1.0			gvpa	126.9		0.0	0.0	unsupported	no_qualified_subfamily_hit	126.9	91.5	natural_heldout	gvpa	1	nat_307aae2a7a20a7f3cf48
nat_150260db0a312db92173	150260db0a312db92173e5b899cab7b171993c4d392a3abf7694cfa5eb8eca15	75	pass	59.7	60.2	1.0			gvpa	123.7		0.0	0.0	unsupported	no_qualified_subfamily_hit	123.7	89.2	natural_heldout	gvpa	1	nat_150260db0a312db92173
nat_68131976059d25a80b19	68131976059d25a80b1964e517478d2e06e3d10065ab1c880adc94e79071562d	86	pass	55.9	56.3	1.0	gvpj	91.9	gvpa	134.9	-43.0	0.6504065040650406	0.872093023255814	gvpa_gvpj_ambiguous	insufficient_competitive_margin	134.9	91.9	natural_heldout	gvpa	1	nat_68131976059d25a80b19
nat_b412c2b00055ebc34540	b412c2b00055ebc34540bf363c839797be298e47d292a4360c0e3098d01d727a	97	pass	59.4	59.7	1.0	gvpa	135.7	gvpj	98.3	37.39999999999999	0.6666666666666666	0.9484536082474226	supported_gvpa	pf00741_and_competitive_gvpa_support	135.7	98.3	natural_heldout	gvpa	1	nat_b412c2b00055ebc34540
nat_c9dd3d8bb3321e485fa8	c9dd3d8bb3321e485fa82b9efb3cf0cc2427f43d6df387141e74fbd90e53669e	97	pass	59.0	59.3	1.0	gvpa	136.9	gvpj	97.7	39.2	0.6666666666666666	0.9484536082474226	supported_gvpa	pf00741_and_competitive_gvpa_support	136.9	97.7	natural_heldout	gvpa	1	nat_c9dd3d8bb3321e485fa8
nat_8bb7f995156f78926ae7	8bb7f995156f78926ae79bebee56ba845afa75ef11e95b1602c60f944c886352	90	pass	53.1	53.5	1.0			gvpa	130.5		0.0	0.0	unsupported	no_qualified_subfamily_hit	130.5	92.2	natural_heldout	gvpa	1	nat_8bb7f995156f78926ae7
nat_07bd0e36be9cf6488fb7	07bd0e36be9cf6488fb783678d2839408a08e465eeb513fd50df7c54ed244c5b	91	pass	61.4	61.8	1.0	gvpj	94.8	gvpa	131.5	-36.7	0.6260162601626016	0.8131868131868132	gvpa_gvpj_ambiguous	insufficient_competitive_margin	131.5	94.8	natural_heldout	gvpa	1	nat_07bd0e36be9cf6488fb7
nat_0f2a8f05ef1200c5dc0c	0f2a8f05ef1200c5dc0cf698f53b0bd686af024e90db1b1c281f9a0dc10db696	97	pass	59.1	59.4	1.0	gvpa	135.3	gvpj	95.7	39.60000000000001	0.6304347826086957	0.8969072164948454	supported_gvpa	pf00741_and_competitive_gvpa_support	135.3	95.7	natural_heldout	gvpa	1	nat_0f2a8f05ef1200c5dc0c
nat_7987b4f5a99061af67e9	7987b4f5a99061af67e90b3643f244abbd71cc8e9a26261c2cc8f3c85f45c2c9	97	pass	59.1	59.4	1.0	gvpa	137.1	gvpj	97.2	39.89999999999999	0.6594202898550725	0.9381443298969072	supported_gvpa	pf00741_and_competitive_gvpa_support	137.1	97.2	natural_heldout	gvpa	1	nat_7987b4f5a99061af67e9
nat_5d4bc3951377fd2faff7	5d4bc3951377fd2faff773917b35ede7c69196d80c3091cc385118c158454d40	86	pass	58.2	58.7	1.0			gvpa	122.3		0.0	0.0	unsupported	no_qualified_subfamily_hit	122.3	87.4	natural_heldout	gvpa	1	nat_5d4bc3951377fd2faff7
nat_70e926d855b20edca8f9	70e926d855b20edca8f9daf9928c0910d108d16747c667ab648201801f4d6619	78	pass	58.6	59.0	1.0			gvpa	120.9		0.0	0.0	unsupported	no_qualified_subfamily_hit	120.9	85.7	natural_heldout	gvpa	1	nat_70e926d855b20edca8f9
nat_483bbff4b0b9b4108f6d	483bbff4b0b9b4108f6d432539f113f875d38f69375f16bf995878485774a420	86	pass	50.6	51.1	1.0			gvpa	122.0		0.0	0.0	unsupported	no_qualified_subfamily_hit	122.0	85.3	natural_heldout	gvpa	1	nat_483bbff4b0b9b4108f6d
nat_31bb770684ff35b24094	31bb770684ff35b24094bfab3a08efbea4548bf6fc3804405eea072a78fca361	74	pass	54.1	54.4	1.0			gvpa	114.4		0.0	0.0	unsupported	no_qualified_subfamily_hit	114.4	83.7	natural_heldout	gvpa	1	nat_31bb770684ff35b24094
nat_dec5fa293ad4eeaffa6f	dec5fa293ad4eeaffa6f9b9b68a2b16f1c63a3ac47b7654fe352ecb185f5881e	98	pass	58.6	59.0	1.0	gvpa	135.7	gvpj	99.5	36.19999999999999	0.6521739130434783	0.9183673469387755	supported_gvpa	pf00741_and_competitive_gvpa_support	135.7	99.5	natural_heldout	gvpa	1	nat_dec5fa293ad4eeaffa6f
nat_8031a3a05037a74c2518	8031a3a05037a74c25189ebe17b41b130b1bdecfaa05fecf04841ffed5b7d94e	88	pass	58.8	59.1	1.0			gvpa	132.6		0.0	0.0	unsupported	no_qualified_subfamily_hit	132.6	93.6	natural_heldout	gvpa	1	nat_8031a3a05037a74c2518
nat_a2748151d0c02d5ee64c	a2748151d0c02d5ee64cb337c18e79efd81482960c596f5e4f6e074f4c03cabf	90	pass	59.3	59.7	1.0			gvpa	121.7		0.0	0.0	unsupported	no_qualified_subfamily_hit	121.7	88.3	natural_heldout	gvpa	1	nat_a2748151d0c02d5ee64c
nat_90d11bccd2cb7147c1fe	90d11bccd2cb7147c1fee47f2b0f358a197ba3bdfa1c9c5d2188fb199722c527	75	pass	62.9	63.3	1.0			gvpa	125.5		0.0	0.0	unsupported	no_qualified_subfamily_hit	125.5	90.0	natural_heldout	gvpa	1	nat_90d11bccd2cb7147c1fe
nat_d2440e6d37d33df171fe	d2440e6d37d33df171fe01f57e543b1b8dee111fd57f9374a4bd9c967cc46d30	86	pass	56.7	57.0	1.0	gvpj	93.2	gvpa	136.1	-42.89999999999999	0.6422764227642277	0.8604651162790697	gvpa_gvpj_ambiguous	insufficient_competitive_margin	136.1	93.2	natural_heldout	gvpa	1	nat_d2440e6d37d33df171fe
nat_51eefbe258bc538937c4	51eefbe258bc538937c4fe739b0119b2771961736afbd2f153652889eb0743f4	97	pass	59.4	59.7	1.0	gvpa	134.2	gvpj	97.4	36.79999999999998	0.6521739130434783	0.9278350515463918	supported_gvpa	pf00741_and_competitive_gvpa_support	134.2	97.4	natural_heldout	gvpa	1	nat_51eefbe258bc538937c4
nat_d7a9007355adf4811ce9	d7a9007355adf4811ce9527f12867b4c5e1906f6bbc68b19607ff08cc3491071	99	pass	59.8	60.2	1.0	gvpa	137.0	gvpj	99.8	37.2	0.6594202898550725	0.9191919191919192	supported_gvpa	pf00741_and_competitive_gvpa_support	137.0	99.8	natural_heldout	gvpa	1	nat_d7a9007355adf4811ce9
nat_5e9a9badd5481f93deb7	5e9a9badd5481f93deb7077f6262099b305712bb8747404b439a37454ec9d8f1	115	pass	57.9	58.3	0.9743589743589743	gvpj	93.5	gvpa	110.5	-17.0	0.6504065040650406	0.782608695652174	gvpa_gvpj_ambiguous	insufficient_competitive_margin	110.5	93.5	natural_heldout	gvpa	1	nat_5e9a9badd5481f93deb7
nat_e97c470cdf39521e7d2b	e97c470cdf39521e7d2b091140cac61277ad74e9c82ab70ce043eaa534b0e777	74	pass	56.7	57.1	1.0			gvpa	115.5		0.0	0.0	unsupported	no_qualified_subfamily_hit	115.5	78.0	natural_heldout	gvpa	1	nat_e97c470cdf39521e7d2b
nat_f582579e03d4f3374571	f582579e03d4f33745710ec08dc14dd03fd5d94e2537499212a7d56fb6dbe395	73	pass	61.0	61.3	1.0			gvpa	125.5		0.0	0.0	unsupported	no_qualified_subfamily_hit	125.5	90.3	natural_heldout	gvpa	1	nat_f582579e03d4f3374571
nat_b65869cada68668b58e1	b65869cada68668b58e159e12433311e1de5a68dc53de91e57b6da112f6405d8	90	pass	53.1	53.5	1.0			gvpa	130.8		0.0	0.0	unsupported	no_qualified_subfamily_hit	130.8	92.1	natural_heldout	gvpa	1	nat_b65869cada68668b58e1
nat_9c9da073119bec6006bc	9c9da073119bec6006bcb26a59f51d6d9ce307413e9c293b0206492bedc5f83f	76	pass	56.3	56.6	0.9743589743589743			gvpa	115.4		0.0	0.0	unsupported	no_qualified_subfamily_hit	115.4	85.9	natural_heldout	gvpa	1	nat_9c9da073119bec6006bc
nat_3efb93524692f0b96dfa	3efb93524692f0b96dfaa046d32f4a4123c23703e80573acf200f32afef6f10b	86	pass	54.2	54.6	1.0			gvpa	129.3		0.0	0.0	unsupported	no_qualified_subfamily_hit	129.3	90.7	natural_heldout	gvpa	1	nat_3efb93524692f0b96dfa
nat_fb5b09ad142f93c1de5f	fb5b09ad142f93c1de5fc94ad9030f80236fefe99428c8796f85f0d9f8a6e680	87	pass	53.3	53.8	1.0			gvpa	131.1		0.0	0.0	unsupported	no_qualified_subfamily_hit	131.1	91.0	natural_heldout	gvpa	1	nat_fb5b09ad142f93c1de5f
nat_4b9192128c23c5a5ae9c	4b9192128c23c5a5ae9c3cb7866d9eac35318213d3e89fdfc904d9a95e07baf8	177	pass	53.2	53.7	1.0			gvpa	98.6		0.0	0.0	unsupported	no_qualified_subfamily_hit	98.6	79.0	natural_heldout	gvpa	1	nat_4b9192128c23c5a5ae9c
nat_de4c1cf697d48510a550	de4c1cf697d48510a55069600b1f2eab433e3ebd22d7ffa77360990606008398	87	pass	53.3	53.7	1.0			gvpa	130.1		0.0	0.0	unsupported	no_qualified_subfamily_hit	130.1	91.3	natural_heldout	gvpa	1	nat_de4c1cf697d48510a550
nat_6475ddba2899c58b73cc	6475ddba2899c58b73cc4476693b692ad5718153e4258aafdb46621d84941a5c	73	pass	60.4	60.7	1.0			gvpa	126.6		0.0	0.0	unsupported	no_qualified_subfamily_hit	126.6	90.5	natural_heldout	gvpa	1	nat_6475ddba2899c58b73cc
nat_cf3573d661974bcf4836	cf3573d661974bcf483617ebe29e38abcb9dc30cd53f4a57a629ac5346636095	72	pass	55.0	55.3	1.0			gvpa	114.3		0.0	0.0	unsupported	no_qualified_subfamily_hit	114.3	83.9	natural_heldout	gvpa	1	nat_cf3573d661974bcf4836
nat_365d3ed63bb6048abb9c	365d3ed63bb6048abb9c92e244b98220c4122a7197744311ebff47ef4dcc3098	70	pass	55.1	55.4	1.0			gvpa	114.0		0.0	0.0	unsupported	no_qualified_subfamily_hit	114.0	83.4	natural_heldout	gvpa	1	nat_365d3ed63bb6048abb9c
nat_a456b71634370e28c157	a456b71634370e28c157ca1e8ef52833b6df4095e4c2400b03e14dce0db3065b	87	pass	54.0	54.4	1.0			gvpa	130.6		0.0	0.0	unsupported	no_qualified_subfamily_hit	130.6	92.2	natural_heldout	gvpa	1	nat_a456b71634370e28c157
nat_d90ba4fc5295a2ed9e09	d90ba4fc5295a2ed9e09eebb2759be6e487a9029759dea5359dfc98215e6c863	91	pass	57.5	57.9	0.9743589743589743	gvpa	131.3	gvpj	92.9	38.400000000000006	0.6086956521739131	0.9230769230769231	supported_gvpa	pf00741_and_competitive_gvpa_support	131.3	92.9	natural_heldout	gvpa	1	nat_d90ba4fc5295a2ed9e09
nat_c7c2a6d15e1ef7e082fb	c7c2a6d15e1ef7e082fbef8e2ae4fb5190226adbbebca7ef166a9995a882bc1b	89	pass	53.1	53.6	1.0	gvpj	90.1	gvpa	124.6	-34.5	0.6341463414634146	0.8764044943820225	gvpa_gvpj_ambiguous	insufficient_competitive_margin	124.6	90.1	natural_heldout	gvpa	1	nat_c7c2a6d15e1ef7e082fb
nat_c7332b08bc757555c17c	c7332b08bc757555c17c71dfeb4762a42c7f35e9bf123276bdad17f8c04ff920	97	pass	59.1	59.4	1.0	gvpa	136.8	gvpj	97.5	39.30000000000001	0.6521739130434783	0.9278350515463918	supported_gvpa	pf00741_and_competitive_gvpa_support	136.8	97.5	natural_heldout	gvpa	1	nat_c7332b08bc757555c17c
nat_568a29ab96947d1f56cd	568a29ab96947d1f56cdd26f9b00e86bc04211c3cae7b22fd267b4e4851a89a7	72	pass	47.4	47.7	1.0			gvpa	109.8		0.0	0.0	unsupported	no_qualified_subfamily_hit	109.8	77.7	natural_heldout	gvpa	1	nat_568a29ab96947d1f56cd
nat_093a223e7cabfac47e76	093a223e7cabfac47e7651b01cbcb6690c92416700bfa1663891bc9a0bb64dba	89	pass	55.0	55.6	1.0			gvpa	129.3		0.0	0.0	unsupported	no_qualified_subfamily_hit	129.3	90.4	natural_heldout	gvpa	1	nat_093a223e7cabfac47e76
nat_77fc2ac9451a9bede3dd	77fc2ac9451a9bede3dd4afdae8227afa8425b88fbc617d8483c3a9e33760e70	86	pass	54.8	55.3	1.0	gvpj	94.1	gvpa	129.6	-35.5	0.6341463414634146	0.9186046511627907	gvpa_gvpj_ambiguous	insufficient_competitive_margin	129.6	94.1	natural_heldout	gvpa	1	nat_77fc2ac9451a9bede3dd
nat_c9a543131d390ec68ed4	c9a543131d390ec68ed4b32369990c6c0e4f444664f2d733da7a5abdf5c6e7a6	87	pass	50.5	51.1	1.0			gvpa	124.9		0.0	0.0	unsupported	no_qualified_subfamily_hit	124.9	84.6	natural_heldout	gvpa	1	nat_c9a543131d390ec68ed4
nat_d6f7ae660d4103a77296	d6f7ae660d4103a77296431377a8a66efd54f6094f5160a4e39a4b0879a6c1f5	87	pass	54.7	55.2	1.0			gvpa	130.6		0.0	0.0	unsupported	no_qualified_subfamily_hit	130.6	90.1	natural_heldout	gvpa	1	nat_d6f7ae660d4103a77296
nat_b080db9796742f656263	b080db9796742f656263cec8bc0a2c0c8d8087f4e3fc287f63db20f9e5980068	86	pass	54.9	55.3	1.0			gvpa	129.6		0.0	0.0	unsupported	no_qualified_subfamily_hit	129.6	92.4	natural_heldout	gvpa	1	nat_b080db9796742f656263
nat_ab04988c687da6715ca9	ab04988c687da6715ca95977bb07c66c672d9d16259267d8857d796078b1d39d	72	pass	48.2	48.5	1.0			gvpa	114.8		0.0	0.0	unsupported	no_qualified_subfamily_hit	114.8	79.7	natural_heldout	gvpa	1	nat_ab04988c687da6715ca9
nat_bb6474c2ddf0f1e41d70	bb6474c2ddf0f1e41d70255e87b6101217f4300cef84397ec680971153c4c2ea	86	pass	58.7	59.0	1.0			gvpa	132.4		0.0	0.0	unsupported	no_qualified_subfamily_hit	132.4	92.4	natural_heldout	gvpa	1	nat_bb6474c2ddf0f1e41d70
nat_9da3dcb0bb3c092c42d5	9da3dcb0bb3c092c42d5e93a443a03a1d7bbe49d328f6f9a37a8879f8b120799	74	pass	60.7	61.0	1.0			gvpa	118.9		0.0	0.0	unsupported	no_qualified_subfamily_hit	118.9	86.0	natural_heldout	gvpa	1	nat_9da3dcb0bb3c092c42d5
nat_905ebdcfc21b7ed8d2d2	905ebdcfc21b7ed8d2d2cb8e9b5442409818b4f764173ec496017bc6060294d2	86	pass	49.6	49.9	0.9743589743589743			gvpa	126.8		0.0	0.0	unsupported	no_qualified_subfamily_hit	126.8	89.2	natural_heldout	gvpa	1	nat_905ebdcfc21b7ed8d2d2
nat_9c3060ca8265f2fd22a3	9c3060ca8265f2fd22a31cd72d77ad3372c96f4adc9a17bbc18958920d900968	73	pass	58.8	59.1	1.0			gvpa	125.1		0.0	0.0	unsupported	no_qualified_subfamily_hit	125.1	89.1	natural_heldout	gvpa	1	nat_9c3060ca8265f2fd22a3
nat_081e6fae1d79d93eb37e	081e6fae1d79d93eb37e06b9b36a9051ecbb063d6869383bf5e9695311682261	91	pass	53.4	53.9	1.0			gvpa	127.4		0.0	0.0	unsupported	no_qualified_subfamily_hit	127.4	88.6	natural_heldout	gvpa	1	nat_081e6fae1d79d93eb37e
nat_3b8e26a87928dd1c1130	3b8e26a87928dd1c11308a9daab1f4cae1c758048adeed5cc8c8de052c961373	89	pass	54.6	55.3	1.0			gvpa	130.8		0.0	0.0	unsupported	no_qualified_subfamily_hit	130.8	91.6	natural_heldout	gvpa	1	nat_3b8e26a87928dd1c1130
nat_bfa3b303b3d7305c173f	bfa3b303b3d7305c173f3ae35dc80425fcdb56d051e9998a25a11b72772a90e4	97	pass	58.8	59.2	1.0	gvpa	138.6	gvpj	99.3	39.3	0.6666666666666666	0.9484536082474226	supported_gvpa	pf00741_and_competitive_gvpa_support	138.6	99.3	natural_heldout	gvpa	1	nat_bfa3b303b3d7305c173f
nat_b9d316384ab02e663b33	b9d316384ab02e663b33903a3ca16c70f79146ee07dbf4b852ffafea1ce6bf25	87	pass	53.5	54.0	1.0			gvpa	127.8		0.0	0.0	unsupported	no_qualified_subfamily_hit	127.8	87.2	natural_heldout	gvpa	1	nat_b9d316384ab02e663b33
nat_7175c3595a1c9e0a8512	7175c3595a1c9e0a8512b3746323a26c378981564cc73f244683f338abe93795	87	pass	55.6	56.1	1.0			gvpa	130.9		0.0	0.0	unsupported	no_qualified_subfamily_hit	130.9	91.4	natural_heldout	gvpa	1	nat_7175c3595a1c9e0a8512
nat_d8cf5bfdf78857545866	d8cf5bfdf78857545866e01c852739b174a99417f89c0d3fa6b133cf1c1a9fbf	100	pass	59.0	59.4	1.0	gvpa	134.4	gvpj	95.2	39.2	0.6521739130434783	0.91	supported_gvpa	pf00741_and_competitive_gvpa_support	134.4	95.2	natural_heldout	gvpa	1	nat_d8cf5bfdf78857545866
nat_c50a1a828acd52df133e	c50a1a828acd52df133e9550a6115bae8609dc006c477630d6d2d9af265a1d49	97	pass	59.1	59.4	1.0	gvpa	136.8	gvpj	97.6	39.20000000000002	0.6521739130434783	0.9278350515463918	supported_gvpa	pf00741_and_competitive_gvpa_support	136.8	97.6	natural_heldout	gvpa	1	nat_c50a1a828acd52df133e
nat_29c35eaede0a8c75c309	29c35eaede0a8c75c3092a89e68567ed8b1eaddcb83fa37b7301c91ebfcb5d32	74	pass	55.0	55.4	1.0			gvpa	115.5		0.0	0.0	unsupported	no_qualified_subfamily_hit	115.5	77.6	natural_heldout	gvpa	1	nat_29c35eaede0a8c75c309
nat_61db0834b27d8f0211d3	61db0834b27d8f0211d3cc0246d68dfe826c840d6e539467326cc9834eb7f9f4	74	pass	57.1	57.5	1.0			gvpa	115.8		0.0	0.0	unsupported	no_qualified_subfamily_hit	115.8	79.3	natural_heldout	gvpa	1	nat_61db0834b27d8f0211d3
nat_34a4a65736a78d22df6a	34a4a65736a78d22df6a6298330e17f4c31b7e4e19acc04fa044e95a52b44b9b	93	pass	56.9	57.2	1.0	gvpa	137.8	gvpj	97.8	40.000000000000014	0.6014492753623188	0.8924731182795699	supported_gvpa	pf00741_and_competitive_gvpa_support	137.8	97.8	natural_heldout	gvpa	1	nat_34a4a65736a78d22df6a
nat_2b3b9522031fea2fc996	2b3b9522031fea2fc99619d007c1d5fa385bad34d2c5516714d94b2414595483	97	pass	59.8	60.1	1.0	gvpa	134.1	gvpj	98.0	36.099999999999994	0.6521739130434783	0.9278350515463918	supported_gvpa	pf00741_and_competitive_gvpa_support	134.1	98.0	natural_heldout	gvpa	1	nat_2b3b9522031fea2fc996
nat_e8e78837892ab1704b44	e8e78837892ab1704b44943c3164e2473cb72f57d16f3126aa1f2a124d924f4b	74	pass	46.8	47.0	1.0			gvpa	95.5		0.0	0.0	unsupported	no_qualified_subfamily_hit	95.5	70.9	natural_heldout	gvpa	1	nat_e8e78837892ab1704b44
nat_bd1bbd2e9fa260563ceb	bd1bbd2e9fa260563cebcadce402f2c30a6d1471c265e92ae830c79b9cd6875e	98	pass	59.9	60.2	1.0	gvpa	137.5	gvpj	99.0	38.5	0.6666666666666666	0.9387755102040817	supported_gvpa	pf00741_and_competitive_gvpa_support	137.5	99.0	natural_heldout	gvpa	1	nat_bd1bbd2e9fa260563ceb
nat_82b9d4647d83832bf059	82b9d4647d83832bf059d6870b2ecea198fd5868db5ba0fb7f3476533336312b	92	pass	51.5	51.8	1.0	gvpa	131.2	gvpj	91.8	39.39999999999999	0.6159420289855072	0.9239130434782609	supported_gvpa	pf00741_and_competitive_gvpa_support	131.2	91.8	natural_heldout	gvpa	1	nat_82b9d4647d83832bf059
nat_37c770390307a882825a	37c770390307a882825ae06de4d5b1213449231d71102a747072ae9c106c3dec	91	pass	51.8	52.2	1.0			gvpa	125.2		0.0	0.0	unsupported	no_qualified_subfamily_hit	125.2	86.8	natural_heldout	gvpa	1	nat_37c770390307a882825a
nat_d58dfba1e9f522c883d4	d58dfba1e9f522c883d4aa9639fb35da53cd61d07051bfec6c8754003165e86f	102	pass	58.1	58.5	1.0	gvpa	133.7	gvpj	96.0	37.69999999999999	0.6231884057971014	0.8431372549019608	supported_gvpa	pf00741_and_competitive_gvpa_support	133.7	96.0	natural_heldout	gvpa	1	nat_d58dfba1e9f522c883d4
nat_d5d0ae6e983cda4aeda1	d5d0ae6e983cda4aeda154323d0f30aed2879536e0aaebf060ca3876d8b0c7aa	87	pass	59.2	59.7	1.0			gvpa	126.5		0.0	0.0	unsupported	no_qualified_subfamily_hit	126.5	91.5	natural_heldout	gvpa	1	nat_d5d0ae6e983cda4aeda1
nat_10a84e979762f3368517	10a84e979762f336851794a37fa958b3e28635e2f8e2d98d6736c2913b6de183	89	pass	54.7	55.2	1.0			gvpa	129.1		0.0	0.0	unsupported	no_qualified_subfamily_hit	129.1	89.9	natural_heldout	gvpa	1	nat_10a84e979762f3368517
nat_54d4cabb25e375c2e308	54d4cabb25e375c2e3083385dcad6df8507be66a2853f7ce597da7d1554f68c5	77	pass	55.6	56.0	1.0			gvpa	124.1		0.0	0.0	unsupported	no_qualified_subfamily_hit	124.1	85.6	natural_heldout	gvpa	1	nat_54d4cabb25e375c2e308
nat_0a21b67bc6dd51d1c17f	0a21b67bc6dd51d1c17f7fde8a48fae5f8896c153009d5b2ae3fe77aa4a610d8	82	pass	38.1	39.0	1.0	gvpj	78.0	gvpa	115.2	-37.2	0.6178861788617886	0.8292682926829268	gvpa_gvpj_ambiguous	insufficient_competitive_margin	115.2	78.0	natural_heldout	gvpa	1	nat_0a21b67bc6dd51d1c17f
nat_fe955d4fbb111b30864b	fe955d4fbb111b30864b991992428f563dd8d59899df0593d03a74fe036dedc5	97	pass	59.8	60.1	1.0	gvpa	136.3	gvpj	98.1	38.20000000000002	0.6376811594202898	0.9072164948453608	supported_gvpa	pf00741_and_competitive_gvpa_support	136.3	98.1	natural_heldout	gvpa	1	nat_fe955d4fbb111b30864b
nat_40e46fb2de86e2d32973	40e46fb2de86e2d32973ab1377f7dea994ed6e0a8d90bf43509295e1c8078b1e	96	pass	59.1	59.5	1.0	gvpa	135.2	gvpj	95.6	39.599999999999994	0.6231884057971014	0.8958333333333334	supported_gvpa	pf00741_and_competitive_gvpa_support	135.2	95.6	natural_heldout	gvpa	1	nat_40e46fb2de86e2d32973
nat_7587716da5d19872555a	7587716da5d19872555a989be552faa09b1e724c77cc7e3a8b962cb78b70fb70	87	pass	54.5	55.0	1.0			gvpa	130.1		0.0	0.0	unsupported	no_qualified_subfamily_hit	130.1	91.4	natural_heldout	gvpa	1	nat_7587716da5d19872555a
nat_eee8d141df1f2b85b5c5	eee8d141df1f2b85b5c588888cc7b206733c13490c748ec5b62d3dae746bdb78	89	pass	51.6	52.0	1.0			gvpa	121.4		0.0	0.0	unsupported	no_qualified_subfamily_hit	121.4	88.5	natural_heldout	gvpa	1	nat_eee8d141df1f2b85b5c5
nat_68c548b00ffecaf3e71e	68c548b00ffecaf3e71eaf7cda18ee6f91f89f67cfe0fccf1cb993ad6be382c1	86	pass	53.3	53.7	1.0			gvpa	129.8		0.0	0.0	unsupported	no_qualified_subfamily_hit	129.8	92.1	natural_heldout	gvpa	1	nat_68c548b00ffecaf3e71e
nat_98944d24da61fa63ee27	98944d24da61fa63ee273760c8aefff575f8e518609e95c855fc9b4829e66579	89	pass	54.8	55.2	1.0	gvpj	90.7	gvpa	126.8	-36.099999999999994	0.6016260162601627	0.8314606741573034	gvpa_gvpj_ambiguous	insufficient_competitive_margin	126.8	90.7	natural_heldout	gvpa	1	nat_98944d24da61fa63ee27
nat_c05532e5292ee743920d	c05532e5292ee743920d65ecfe1a2852cef2168b8b687e623d231738d49b66ce	71	pass	57.0	57.3	1.0			gvpa	121.0		0.0	0.0	unsupported	no_qualified_subfamily_hit	121.0	83.4	natural_heldout	gvpa	1	nat_c05532e5292ee743920d
nat_1de45b2894df870d6dc9	1de45b2894df870d6dc93bf63b41d5b8ae87b8977ef69da8d0a6b330a57f2a2e	72	pass	50.9	51.2	1.0			gvpa	120.5		0.0	0.0	unsupported	no_qualified_subfamily_hit	120.5	85.5	natural_heldout	gvpa	1	nat_1de45b2894df870d6dc9
nat_0b3f3bf863a3ef16a85e	0b3f3bf863a3ef16a85e9b7634232d6089ddb1d3fa11ecb4891db27bad515a16	72	pass	50.7	51.0	1.0			gvpa	120.4		0.0	0.0	unsupported	no_qualified_subfamily_hit	120.4	84.7	natural_heldout	gvpa	1	nat_0b3f3bf863a3ef16a85e
nat_3d98e85018a97647d297	3d98e85018a97647d2979b1b92da99e672ffca5c3b4c893049a8ca98064cfdba	100	pass	59.0	59.3	1.0	gvpa	135.1	gvpj	96.0	39.099999999999994	0.6521739130434783	0.91	supported_gvpa	pf00741_and_competitive_gvpa_support	135.1	96.0	natural_heldout	gvpa	1	nat_3d98e85018a97647d297
nat_2027255edd94d63ce240	2027255edd94d63ce24067812850194c8d30692fd604d49a3ca498b09a5c91fd	76	pass	57.4	57.8	1.0			gvpa	117.7		0.0	0.0	unsupported	no_qualified_subfamily_hit	117.7	80.5	natural_heldout	gvpa	1	nat_2027255edd94d63ce240
nat_32de3bdac890ded46f9d	32de3bdac890ded46f9d0b6ffc66575da21679788894d4b44ee01dcd07c8c4fd	75	pass	57.4	57.8	1.0			gvpa	118.6		0.0	0.0	unsupported	no_qualified_subfamily_hit	118.6	80.5	natural_heldout	gvpa	1	nat_32de3bdac890ded46f9d
nat_667b333e161105876fb2	667b333e161105876fb2cf5ab53eba1f68f65e9d3e8006d6b2792f4e76e1c0ce	84	pass	58.1	58.5	1.0	gvpj	95.9	gvpa	136.9	-41.0	0.6504065040650406	0.8928571428571429	gvpa_gvpj_ambiguous	insufficient_competitive_margin	136.9	95.9	natural_heldout	gvpa	1	nat_667b333e161105876fb2
nat_b06af7d1cee59c44dcd2	b06af7d1cee59c44dcd2e42acc873239dd11f27fc86480ff91f70f048ef1d42a	102	pass	58.9	59.4	1.0	gvpa	135.0	gvpj	96.2	38.8	0.6231884057971014	0.8431372549019608	supported_gvpa	pf00741_and_competitive_gvpa_support	135.0	96.2	natural_heldout	gvpa	1	nat_b06af7d1cee59c44dcd2
nat_996f1ae7a3cef8f9a8ed	996f1ae7a3cef8f9a8ed426bd6050be051f0c9741cedf2144548abf9bc541713	111	pass	60.0	60.4	1.0	gvpj	104.1	gvpa	72.9	31.19999999999999	0.7073170731707317	0.8378378378378378	other_gvp	competitive_gvpj_support	72.9	104.1	natural_heldout	gvpa	1	nat_996f1ae7a3cef8f9a8ed
nat_fb63ecbac61c302167f9	fb63ecbac61c302167f920fcc1a3500f2fbbd2afc3ff29984a0762f6ce0653bf	147	pass	45.2	45.7	1.0	gvpa	163.3	gvpj	102.7	60.60000000000001	0.9637681159420289	0.9319727891156463	supported_gvpa	pf00741_and_competitive_gvpa_support	163.3	102.7	natural_heldout	gvpa	1	nat_fb63ecbac61c302167f9
nat_2b769a64bdbe24f6dbc7	2b769a64bdbe24f6dbc761932d2659e2b37730bb31d575bda50d22ede5ca9712	147	pass	42.7	43.3	1.0	gvpa	162.1	gvpj	99.4	62.69999999999999	0.9565217391304348	0.9251700680272109	supported_gvpa	pf00741_and_competitive_gvpa_support	162.1	99.4	natural_heldout	gvpa	1	nat_2b769a64bdbe24f6dbc7
nat_a16c69ff4d6574406dee	a16c69ff4d6574406deefeeea27f16d1b96b050cc0bf70bb1f568109cea75374	88	pass	55.8	56.2	1.0	gvpa	138.2	gvpj	95.6	42.599999999999994	0.6014492753623188	0.9431818181818182	supported_gvpa	pf00741_and_competitive_gvpa_support	138.2	95.6	natural_heldout	gvpa	1	nat_a16c69ff4d6574406dee
nat_ce9c7c0f4a921a6df25f	ce9c7c0f4a921a6df25f652bb1811bf8635281860e4388d9d7cb32fd9cff1298	91	pass	47.7	48.1	1.0	gvpa	130.2	gvpj	83.0	47.19999999999999	0.6159420289855072	0.9340659340659341	supported_gvpa	pf00741_and_competitive_gvpa_support	130.2	83.0	natural_heldout	gvpa	1	nat_ce9c7c0f4a921a6df25f
nat_710430bf63a97b4a270f	710430bf63a97b4a270fda7b676a9113069443d72f17e670856046c44a8e6a07	122	pass	46.7	47.2	0.9743589743589743	gvpa	144.9	gvpj	96.1	48.80000000000001	0.7608695652173914	0.8852459016393442	supported_gvpa	pf00741_and_competitive_gvpa_support	144.9	96.1	natural_heldout	gvpa	1	nat_710430bf63a97b4a270f
nat_5ded9686139acac829e0	5ded9686139acac829e03b320b9c1f480513a090511ecc8579b96e7f493d0074	126	pass	47.0	47.5	0.9743589743589743	gvpa	140.5	gvpj	94.2	46.3	0.7971014492753623	0.8968253968253969	supported_gvpa	pf00741_and_competitive_gvpa_support	140.5	94.2	natural_heldout	gvpa	1	nat_5ded9686139acac829e0
nat_b1e17d61f6f3fc6cb817	b1e17d61f6f3fc6cb8179f46d898fc72ac52111e60705f395ec6e8bcb453eafc	126	pass	47.0	47.5	0.9743589743589743	gvpa	140.9	gvpj	94.2	46.7	0.8043478260869565	0.9047619047619048	supported_gvpa	pf00741_and_competitive_gvpa_support	140.9	94.2	natural_heldout	gvpa	1	nat_b1e17d61f6f3fc6cb817
nat_10816d30b94e7e319ed1	10816d30b94e7e319ed1318effe0cf0bcb80900bc27f0174960cc8267c16a257	75	pass	59.5	59.7	1.0			gvpa	127.3		0.0	0.0	unsupported	no_qualified_subfamily_hit	127.3	92.2	natural_heldout	gvpa	1	nat_10816d30b94e7e319ed1
nat_747d60b2bd9f9baa6cfc	747d60b2bd9f9baa6cfc25e72c691c86ac561a9e907c34cc5085913170b5fcb5	156	pass	42.2	42.7	1.0	gvpa	146.8	gvpj	80.9	65.9	0.9057971014492754	0.8269230769230769	supported_gvpa	pf00741_and_competitive_gvpa_support	146.8	80.9	natural_heldout	gvpa	1	nat_747d60b2bd9f9baa6cfc
nat_e7351ec1bbef6e825734	e7351ec1bbef6e8257345b2cbe54472678e3e6bd7882c9b9e714dd56c6ea9995	123	pass	47.7	48.2	0.9743589743589743	gvpa	138.8	gvpj	92.8	46.000000000000014	0.7608695652173914	0.8780487804878049	supported_gvpa	pf00741_and_competitive_gvpa_support	138.8	92.8	natural_heldout	gvpa	1	nat_e7351ec1bbef6e825734
nat_25c3216ed34dec716827	25c3216ed34dec7168270ecda67393933bac22efc6123a279c5b342914bc0b49	122	pass	46.7	47.2	0.9743589743589743	gvpa	144.6	gvpj	94.6	50.0	0.7608695652173914	0.8852459016393442	supported_gvpa	pf00741_and_competitive_gvpa_support	144.6	94.6	natural_heldout	gvpa	1	nat_25c3216ed34dec716827
nat_8430c66867e7555de5e1	8430c66867e7555de5e15b2954a1ef6fecbe33c07883a824ca457f6cecf46e1f	155	pass	42.3	42.7	1.0	gvpa	146.7	gvpj	81.8	64.89999999999999	0.9057971014492754	0.832258064516129	supported_gvpa	pf00741_and_competitive_gvpa_support	146.7	81.8	natural_heldout	gvpa	1	nat_8430c66867e7555de5e1
nat_6bd198e130544a8380c7	6bd198e130544a8380c7db1d2cbbf6fb92a84322fdf266b455cc5224aabe209b	158	pass	41.9	42.3	1.0	gvpa	136.6	gvpj	79.8	56.8	0.9202898550724637	0.8417721518987342	supported_gvpa	pf00741_and_competitive_gvpa_support	136.6	79.8	natural_heldout	gvpa	1	nat_6bd198e130544a8380c7
nat_b94659ce82742aca9749	b94659ce82742aca97494e06ee5b8e6266e7e82db47e8f24a00f5c31cbbee394	122	pass	46.7	47.2	0.9743589743589743	gvpa	144.6	gvpj	95.7	48.89999999999999	0.7608695652173914	0.8852459016393442	supported_gvpa	pf00741_and_competitive_gvpa_support	144.6	95.7	natural_heldout	gvpa	1	nat_b94659ce82742aca9749
nat_14b353a284a92953cad8	14b353a284a92953cad8859d2c3639dfffe6a44ddb83cb47d0781dc1344f0979	122	pass	46.7	47.2	0.9743589743589743	gvpa	144.3	gvpj	95.1	49.20000000000002	0.7608695652173914	0.8852459016393442	supported_gvpa	pf00741_and_competitive_gvpa_support	144.3	95.1	natural_heldout	gvpa	1	nat_14b353a284a92953cad8
nat_a6bd531a054394dd2492	a6bd531a054394dd2492a419c048d3b40d087f37d31a5c0bcf08c535c08447d5	158	pass	41.9	42.3	1.0	gvpa	136.3	gvpj	79.8	56.500000000000014	0.9130434782608695	0.8354430379746836	supported_gvpa	pf00741_and_competitive_gvpa_support	136.3	79.8	natural_heldout	gvpa	1	nat_a6bd531a054394dd2492
nat_b80283670de4d1ac6811	b80283670de4d1ac68117d77d77f5ad0da0d86aa1820dfb25d4d15984fb85944	155	pass	41.2	41.6	1.0	gvpa	150.0	gvpj	76.5	73.5	0.927536231884058	0.8709677419354839	supported_gvpa	pf00741_and_competitive_gvpa_support	150.0	76.5	natural_heldout	gvpa	1	nat_b80283670de4d1ac6811
nat_1c76cf5c7e439b773485	1c76cf5c7e439b7734854853e38c437e0479f70e74b089089b7b2be4cd0352e6	126	pass	43.7	44.1	1.0	gvpa	131.4	gvpj	93.9	37.5	0.6739130434782609	0.753968253968254	supported_gvpa	pf00741_and_competitive_gvpa_support	131.4	93.9	natural_heldout	gvpa	1	nat_1c76cf5c7e439b773485
nat_f1843d79acb220241dfc	f1843d79acb220241dfcc797c35d9cdf333bd84f6a2cdf15949d578320dc0326	154	pass	42.3	42.7	1.0	gvpa	147.0	gvpj	82.5	64.5	0.9057971014492754	0.8246753246753247	supported_gvpa	pf00741_and_competitive_gvpa_support	147.0	82.5	natural_heldout	gvpa	1	nat_f1843d79acb220241dfc
nat_2051151517b2b27c91df	2051151517b2b27c91df9d9e4e876c70ae9de0ee9e967627c0d14c1f14554329	155	pass	42.6	42.9	1.0	gvpa	151.3	gvpj	85.4	65.9	0.9202898550724637	0.864516129032258	supported_gvpa	pf00741_and_competitive_gvpa_support	151.3	85.4	natural_heldout	gvpa	1	nat_2051151517b2b27c91df
nat_ff800aecb7c2e95dee99	ff800aecb7c2e95dee995632f38f39f4f8a9337144730532c4a4464e60a684bd	156	pass	42.2	42.6	1.0	gvpa	151.9	gvpj	86.5	65.4	0.8985507246376812	0.8141025641025641	supported_gvpa	pf00741_and_competitive_gvpa_support	151.9	86.5	natural_heldout	gvpa	1	nat_ff800aecb7c2e95dee99
nat_3bac021c5495186db378	3bac021c5495186db378739542247176693480f30681e1cab53b024b73311da3	150	pass	42.3	42.7	1.0	gvpa	151.1	gvpj	81.6	69.5	0.927536231884058	0.9	supported_gvpa	pf00741_and_competitive_gvpa_support	151.1	81.6	natural_heldout	gvpa	1	nat_3bac021c5495186db378
nat_d5cf1fda20a7d9852de3	d5cf1fda20a7d9852de3ff1cc9f71fe738c0a0ea7a9b9f88376dcdc5aca2492c	137	pass	49.4	50.0	0.9743589743589743	gvpa	160.6	gvpj	103.1	57.5	0.9057971014492754	0.9051094890510949	supported_gvpa	pf00741_and_competitive_gvpa_support	160.6	103.1	natural_heldout	gvpa	1	nat_d5cf1fda20a7d9852de3
nat_1f2decc9d9629b127278	1f2decc9d9629b127278278a79c2631cfe1372e33fb9f7fa3062c90a64d8e731	158	pass	47.7	48.3	1.0	gvpa	161.4	gvpj	95.7	65.7	0.9202898550724637	0.8164556962025317	supported_gvpa	pf00741_and_competitive_gvpa_support	161.4	95.7	natural_heldout	gvpa	1	nat_1f2decc9d9629b127278
nat_101346775bd8fc719b54	101346775bd8fc719b54979e083bfbf7f14d0836e1721babe826a6889b637cab	150	pass	43.2	43.6	1.0	gvpa	148.2	gvpj	85.8	62.39999999999999	0.9057971014492754	0.8666666666666667	supported_gvpa	pf00741_and_competitive_gvpa_support	148.2	85.8	natural_heldout	gvpa	1	nat_101346775bd8fc719b54
nat_05faae01597311327997	05faae01597311327997dcaa18a986a0dcf6a39f96c69beb335d17057b021d9c	155	pass	42.6	42.9	1.0	gvpa	149.2	gvpj	85.6	63.599999999999994	0.9347826086956522	0.8709677419354839	supported_gvpa	pf00741_and_competitive_gvpa_support	149.2	85.6	natural_heldout	gvpa	1	nat_05faae01597311327997
nat_6d257d8cbeb3f3af448a	6d257d8cbeb3f3af448a4055c1cecbeae018a2b575e09fa0c35fc7d6c4bef6ea	150	pass	42.6	43.0	1.0	gvpa	150.5	gvpj	88.7	61.8	0.9057971014492754	0.8666666666666667	supported_gvpa	pf00741_and_competitive_gvpa_support	150.5	88.7	natural_heldout	gvpa	1	nat_6d257d8cbeb3f3af448a
nat_75b688dadffb1bcbff68	75b688dadffb1bcbff68a46ea43ce8e18f78ec796777e2f5f661ce6397e2051e	152	pass	42.2	42.6	1.0	gvpa	150.4	gvpj	85.3	65.10000000000001	0.9202898550724637	0.8618421052631579	supported_gvpa	pf00741_and_competitive_gvpa_support	150.4	85.3	natural_heldout	gvpa	1	nat_75b688dadffb1bcbff68
nat_fd6df642808b7adaae7d	fd6df642808b7adaae7d2540069b145a548b9730b610a70e72cead707ae5250d	156	pass	43.5	43.9	1.0	gvpa	148.7	gvpj	84.2	64.49999999999999	0.8913043478260869	0.8076923076923077	supported_gvpa	pf00741_and_competitive_gvpa_support	148.7	84.2	natural_heldout	gvpa	1	nat_fd6df642808b7adaae7d
nat_743941db45842ba9edb7	743941db45842ba9edb73e1b0810f920339cae9ddc4932b61e784ff275701b5d	151	pass	42.3	42.7	1.0	gvpa	150.5	gvpj	81.6	68.9	0.927536231884058	0.9006622516556292	supported_gvpa	pf00741_and_competitive_gvpa_support	150.5	81.6	natural_heldout	gvpa	1	nat_743941db45842ba9edb7
nat_e3bf29001a743e3b64f9	e3bf29001a743e3b64f9658118850b01ee4b7e48a2ec05c9bd0f6c62dcbbd652	158	pass	47.7	48.2	1.0	gvpa	160.2	gvpj	95.5	64.69999999999999	0.9202898550724637	0.8164556962025317	supported_gvpa	pf00741_and_competitive_gvpa_support	160.2	95.5	natural_heldout	gvpa	1	nat_e3bf29001a743e3b64f9
nat_8d21dd360b13b6dfcbe2	8d21dd360b13b6dfcbe269ec051e3be043079ebcc0ea6a19f206625b070acbdb	153	pass	41.3	41.6	1.0	gvpa	149.8	gvpj	81.1	68.70000000000002	0.927536231884058	0.869281045751634	supported_gvpa	pf00741_and_competitive_gvpa_support	149.8	81.1	natural_heldout	gvpa	1	nat_8d21dd360b13b6dfcbe2
nat_2b65cf1e277ab50a0dfe	2b65cf1e277ab50a0dfea72e404907a62cb4cb8f7818dc85a8e98caf94170131	151	pass	42.3	42.6	1.0	gvpa	151.5	gvpj	83.1	68.4	0.8913043478260869	0.8675496688741722	supported_gvpa	pf00741_and_competitive_gvpa_support	151.5	83.1	natural_heldout	gvpa	1	nat_2b65cf1e277ab50a0dfe
nat_61b16b326fc735ccf093	61b16b326fc735ccf093a59bcdc5b98d8833ec28fe92238779bfe86bb76a14cc	155	pass	42.0	42.4	1.0	gvpa	138.3	gvpj	80.1	58.20000000000002	0.9202898550724637	0.8451612903225807	supported_gvpa	pf00741_and_competitive_gvpa_support	138.3	80.1	natural_heldout	gvpa	1	nat_61b16b326fc735ccf093
nat_754029d7fdddcf0dda8b	754029d7fdddcf0dda8b015b10b770c0008b645dbb85625039485f8277785d13	147	pass	45.2	45.7	1.0	gvpa	166.0	gvpj	102.2	63.8	0.9710144927536232	0.9387755102040817	supported_gvpa	pf00741_and_competitive_gvpa_support	166.0	102.2	natural_heldout	gvpa	1	nat_754029d7fdddcf0dda8b
nat_f176d2d019718491db42	f176d2d019718491db42fdf3fe8fc1e2e16e078a963dba1dcb6d14c1db2d7da5	154	pass	42.6	42.9	1.0	gvpa	150.8	gvpj	86.1	64.70000000000002	0.927536231884058	0.8701298701298701	supported_gvpa	pf00741_and_competitive_gvpa_support	150.8	86.1	natural_heldout	gvpa	1	nat_f176d2d019718491db42
nat_3d9edce97c58d4805f58	3d9edce97c58d4805f58219bd99dd9c4a329696adfbb02a5c8e29fb166a6f2e4	152	pass	47.8	48.4	1.0	gvpa	166.2	gvpj	99.6	66.6	0.9492753623188406	0.9078947368421053	supported_gvpa	pf00741_and_competitive_gvpa_support	166.2	99.6	natural_heldout	gvpa	1	nat_3d9edce97c58d4805f58
nat_22459d46342d29cd0e51	22459d46342d29cd0e5126f0c1051d8e7002a93b86ac65ca8a81fbbce70876a4	150	pass	42.6	43.0	1.0	gvpa	150.7	gvpj	89.1	61.599999999999994	0.9057971014492754	0.8666666666666667	supported_gvpa	pf00741_and_competitive_gvpa_support	150.7	89.1	natural_heldout	gvpa	1	nat_22459d46342d29cd0e51
nat_c730fb33477ca08f29e8	c730fb33477ca08f29e8cbf859a237dc5790d467c07f2d7ec5e06e070d8eaff6	153	pass	42.3	42.7	1.0	gvpa	146.5	gvpj	80.2	66.3	0.9202898550724637	0.8496732026143791	supported_gvpa	pf00741_and_competitive_gvpa_support	146.5	80.2	natural_heldout	gvpa	1	nat_c730fb33477ca08f29e8
nat_8ba3d6668e353b537179	8ba3d6668e353b537179756d5c27fb2a95e8bd9f8c72c9284d0c8e5772848082	150	pass	42.3	42.7	1.0	gvpa	150.1	gvpj	85.1	65.0	0.927536231884058	0.9	supported_gvpa	pf00741_and_competitive_gvpa_support	150.1	85.1	natural_heldout	gvpa	1	nat_8ba3d6668e353b537179
nat_e34b44c2870a942d0092	e34b44c2870a942d0092ff8cb1f8b10fdd00486658c36ef1026ae86759838814	150	pass	42.6	43.0	1.0	gvpa	149.5	gvpj	88.7	60.8	0.9202898550724637	0.8666666666666667	supported_gvpa	pf00741_and_competitive_gvpa_support	149.5	88.7	natural_heldout	gvpa	1	nat_e34b44c2870a942d0092
nat_5cfc2961268b2ad6fbbd	5cfc2961268b2ad6fbbd0c5ffefb5f875674b86113d81548e10f8e5237ee527e	158	pass	41.9	42.4	1.0	gvpa	135.8	gvpj	76.5	59.30000000000001	0.9130434782608695	0.8354430379746836	supported_gvpa	pf00741_and_competitive_gvpa_support	135.8	76.5	natural_heldout	gvpa	1	nat_5cfc2961268b2ad6fbbd
nat_3a34394c27043f0de19a	3a34394c27043f0de19ae6be863d9c024c6e50fdd0f29720e9aece70c755069e	155	pass	42.2	42.6	1.0	gvpa	152.2	gvpj	86.8	65.39999999999999	0.9347826086956522	0.8516129032258064	supported_gvpa	pf00741_and_competitive_gvpa_support	152.2	86.8	natural_heldout	gvpa	1	nat_3a34394c27043f0de19a
nat_db787bdce100ebe0b52f	db787bdce100ebe0b52fc38bb0155a3ad5f1651f4b14e266522119f6fb676e1f	137	pass	49.4	50.0	0.9743589743589743	gvpa	159.3	gvpj	101.9	57.400000000000006	0.9202898550724637	0.9197080291970803	supported_gvpa	pf00741_and_competitive_gvpa_support	159.3	101.9	natural_heldout	gvpa	1	nat_db787bdce100ebe0b52f
nat_35afd2cfc45262b86709	35afd2cfc45262b86709175c6c44812fa40d8b9c13e38f8b81da0620af164aa9	125	pass	47.1	47.5	0.9743589743589743	gvpa	139.7	gvpj	91.1	48.599999999999994	0.8188405797101449	0.92	supported_gvpa	pf00741_and_competitive_gvpa_support	139.7	91.1	natural_heldout	gvpa	1	nat_35afd2cfc45262b86709
nat_e64c9f3350adefe5e228	e64c9f3350adefe5e2286fb43c937a1694783880222108ec4d4e661174ecb283	159	pass	41.9	42.3	1.0	gvpa	137.0	gvpj	78.8	58.2	0.9130434782608695	0.8301886792452831	supported_gvpa	pf00741_and_competitive_gvpa_support	137.0	78.8	natural_heldout	gvpa	1	nat_e64c9f3350adefe5e228
nat_9f6df4357b80feaba99b	9f6df4357b80feaba99b2ba53bb159f79268b232228ed70d93a9415cb3b0921a	156	pass	41.0	41.5	1.0	gvpa	138.8	gvpj	78.9	59.900000000000006	0.8985507246376812	0.8525641025641025	supported_gvpa	pf00741_and_competitive_gvpa_support	138.8	78.9	natural_heldout	gvpa	1	nat_9f6df4357b80feaba99b
nat_5db88465f7f6adfb1268	5db88465f7f6adfb12686974baf261cb42cde989ebbf1c8e79043a23ab24002b	108	pass	46.3	46.8	1.0			gvpa	90.0		0.0	0.0	unsupported	no_qualified_subfamily_hit	90.0	71.8	natural_heldout	gvpa	1	nat_5db88465f7f6adfb1268
nat_bbadf719897c45da08f0	bbadf719897c45da08f00f3b5f1f3fcf48ea263b44d9048a5714c4e62a107b0c	156	pass	42.2	42.7	1.0	gvpa	148.3	gvpj	81.6	66.70000000000002	0.9130434782608695	0.8333333333333334	supported_gvpa	pf00741_and_competitive_gvpa_support	148.3	81.6	natural_heldout	gvpa	1	nat_bbadf719897c45da08f0
nat_3eea95a610545d989cc1	3eea95a610545d989cc1bc7224c0e0d3753a9bf6ed82145149be65b0951b1936	157	pass	41.5	41.9	1.0	gvpa	140.3	gvpj	83.8	56.500000000000014	0.9202898550724637	0.8726114649681529	supported_gvpa	pf00741_and_competitive_gvpa_support	140.3	83.8	natural_heldout	gvpa	1	nat_3eea95a610545d989cc1
nat_13ee99e71183bcf01114	13ee99e71183bcf0111471c794073cd1a279d137f0bceb4cbb0ebcb2716406cc	156	pass	40.4	40.8	0.9743589743589743	gvpa	162.1	gvpj	93.8	68.3	0.9710144927536232	0.8910256410256411	supported_gvpa	pf00741_and_competitive_gvpa_support	162.1	93.8	natural_heldout	gvpa	1	nat_13ee99e71183bcf01114
nat_049b976820314d6d1bba	049b976820314d6d1bbac00fc960f2299f655d8385df0ce87e09c0328619714a	132	pass	54.8	55.4	1.0	gvpa	156.2	gvpj	105.4	50.79999999999998	0.8623188405797102	0.9090909090909091	supported_gvpa	pf00741_and_competitive_gvpa_support	156.2	105.4	natural_heldout	gvpa	1	nat_049b976820314d6d1bba
nat_f24e045327970281b5cd	f24e045327970281b5cd3a6621a48c3bb348a9ebf248eb2a2d9f696fdff3f874	148	pass	42.6	42.6	0.9743589743589743	gvpa	158.0	gvpj	90.9	67.1	0.9202898550724637	0.8783783783783784	supported_gvpa	pf00741_and_competitive_gvpa_support	158.0	90.9	natural_heldout	gvpa	1	nat_f24e045327970281b5cd
nat_1c790f352d60fc105062	1c790f352d60fc1050628d281382b64bb60cc1d46c7fbdf5323c09fad8bcee5f	105	pass	49.5	49.9	0.9743589743589743			gvpa	102.6		0.0	0.0	unsupported	no_qualified_subfamily_hit	102.6	83.1	natural_heldout	gvpa	1	nat_1c790f352d60fc105062
nat_d3ef836095f7ac1cead1	d3ef836095f7ac1cead1d98d31c61ff54864238ee26542b0da8e867e56e6b1ee	123	pass	46.8	47.3	0.9743589743589743	gvpa	137.2	gvpj	91.9	45.29999999999998	0.7608695652173914	0.8780487804878049	supported_gvpa	pf00741_and_competitive_gvpa_support	137.2	91.9	natural_heldout	gvpa	1	nat_d3ef836095f7ac1cead1
nat_c9181ea046190022b014	c9181ea046190022b014cb7fc613406a1af19f84db9877e048d4c02286c1df83	159	pass	42.3	42.7	1.0	gvpa	140.2	gvpj	74.9	65.29999999999998	0.9057971014492754	0.8742138364779874	supported_gvpa	pf00741_and_competitive_gvpa_support	140.2	74.9	natural_heldout	gvpa	1	nat_c9181ea046190022b014
nat_e79f3223c0e51a4419c7	e79f3223c0e51a4419c7159a208be6110a8fefc6df5837ef530cc34110738fd3	132	pass	47.0	47.5	0.9743589743589743	gvpa	146.9	gvpj	98.8	48.10000000000001	0.855072463768116	0.9166666666666666	supported_gvpa	pf00741_and_competitive_gvpa_support	146.9	98.8	natural_heldout	gvpa	1	nat_e79f3223c0e51a4419c7
nat_d93f2e1e8fed25eda55f	d93f2e1e8fed25eda55f2e54aed4fecc73c8b33129e32b73ead2b77c05bff766	123	pass	47.1	47.6	0.9743589743589743	gvpa	137.6	gvpj	89.9	47.69999999999999	0.7608695652173914	0.8780487804878049	supported_gvpa	pf00741_and_competitive_gvpa_support	137.6	89.9	natural_heldout	gvpa	1	nat_d93f2e1e8fed25eda55f
nat_baa6b104c739419a55bf	baa6b104c739419a55bfad93a6f62c8fb45469593f933f4777b8b180196495e1	147	pass	42.7	43.2	1.0	gvpa	166.0	gvpj	99.5	66.5	0.9637681159420289	0.9319727891156463	supported_gvpa	pf00741_and_competitive_gvpa_support	166.0	99.5	natural_heldout	gvpa	1	nat_baa6b104c739419a55bf
nat_31b58a77b806c43147b8	31b58a77b806c43147b8710dffbe2aa9463b06d3c57ae16443b8a8950509ab8c	89	pass	56.5	56.9	1.0	gvpa	139.4	gvpj	95.6	43.80000000000001	0.6014492753623188	0.9325842696629213	supported_gvpa	pf00741_and_competitive_gvpa_support	139.4	95.6	natural_heldout	gvpa	1	nat_31b58a77b806c43147b8
nat_eac8d42dcf851f8eb6d8	eac8d42dcf851f8eb6d8e6d157d9202b4157f06d3f5722da88eec6eb15d21516	154	pass	42.3	42.7	1.0	gvpa	148.4	gvpj	81.2	67.2	0.9130434782608695	0.8441558441558441	supported_gvpa	pf00741_and_competitive_gvpa_support	148.4	81.2	natural_heldout	gvpa	1	nat_eac8d42dcf851f8eb6d8
nat_d51344965969dceb6639	d51344965969dceb66397bf615a7d135123d4b108438c650ac71d9bde3a18e3d	132	pass	54.8	55.4	1.0	gvpa	155.9	gvpj	105.1	50.80000000000001	0.855072463768116	0.9015151515151515	supported_gvpa	pf00741_and_competitive_gvpa_support	155.9	105.1	natural_heldout	gvpa	1	nat_d51344965969dceb6639
nat_240500bb8aaece16c8a7	240500bb8aaece16c8a75fd1d1cf674532e0e6eb7dfc4d06a226490a7bc70c75	156	pass	42.2	42.6	1.0	gvpa	152.3	gvpj	87.0	65.30000000000001	0.8985507246376812	0.8141025641025641	supported_gvpa	pf00741_and_competitive_gvpa_support	152.3	87.0	natural_heldout	gvpa	1	nat_240500bb8aaece16c8a7
nat_6941eadb95ed4bfec34a	6941eadb95ed4bfec34a62a2a7b7330c574b1d7907d9b1bae481b45cbad99ab7	126	pass	43.7	44.1	1.0	gvpa	131.1	gvpj	93.4	37.69999999999999	0.6666666666666666	0.746031746031746	supported_gvpa	pf00741_and_competitive_gvpa_support	131.1	93.4	natural_heldout	gvpa	1	nat_6941eadb95ed4bfec34a
nat_cabc629dd821e7c45393	cabc629dd821e7c45393a6456158aeb7cae073e86b43f17cd4c754d071a405c4	144	pass	53.6	54.1	1.0	gvpa	149.1	gvpj	99.3	49.8	0.8768115942028986	0.8611111111111112	supported_gvpa	pf00741_and_competitive_gvpa_support	149.1	99.3	natural_heldout	gvpa	1	nat_cabc629dd821e7c45393
nat_bdb27357528f1d5d6c47	bdb27357528f1d5d6c478d788d5eca2708cf02769b8c548319a44df8931d36fb	155	pass	42.3	42.7	1.0	gvpa	148.7	gvpj	82.0	66.69999999999999	0.9057971014492754	0.832258064516129	supported_gvpa	pf00741_and_competitive_gvpa_support	148.7	82.0	natural_heldout	gvpa	1	nat_bdb27357528f1d5d6c47
nat_901c21e0006125b0e9d7	901c21e0006125b0e9d7f58d5be1aec8ffd48f7267f4abe62020262450e0b9e3	123	pass	47.1	47.6	0.9743589743589743	gvpa	139.2	gvpj	92.2	46.999999999999986	0.7608695652173914	0.8780487804878049	supported_gvpa	pf00741_and_competitive_gvpa_support	139.2	92.2	natural_heldout	gvpa	1	nat_901c21e0006125b0e9d7
nat_57c2b381c8bb4035d01c	57c2b381c8bb4035d01ccddabe10745199d9a5f91d5e7ed4ff892561b35c7fc7	133	pass	48.7	49.4	0.9743589743589743	gvpa	152.5	gvpj	100.5	52.0	0.855072463768116	0.8947368421052632	supported_gvpa	pf00741_and_competitive_gvpa_support	152.5	100.5	natural_heldout	gvpa	1	nat_57c2b381c8bb4035d01c
nat_0a0b47ef48e73f6907dd	0a0b47ef48e73f6907dd9b5e92d6d7da3847a2d5609ca8edf8f903227cfe6e0d	144	pass	54.5	55.0	1.0	gvpa	152.9	gvpj	100.6	52.30000000000001	0.9057971014492754	0.8819444444444444	supported_gvpa	pf00741_and_competitive_gvpa_support	152.9	100.6	natural_heldout	gvpa	1	nat_0a0b47ef48e73f6907dd
nat_ab4678bc7e147bea24f4	ab4678bc7e147bea24f4e725987150245c15269e78afad5c6252532317be04aa	154	pass	42.0	42.4	1.0	gvpa	137.8	gvpj	81.2	56.60000000000001	0.9202898550724637	0.8441558441558441	supported_gvpa	pf00741_and_competitive_gvpa_support	137.8	81.2	natural_heldout	gvpa	1	nat_ab4678bc7e147bea24f4
nat_48ea71fe1cd777e6ddfc	48ea71fe1cd777e6ddfc05880bfe9a1f5d1f5daf4b71bf172f2e021c120d2d74	97	pass	59.5	59.5	1.0	gvpa	130.5	gvpj	95.4	35.099999999999994	0.6231884057971014	0.8865979381443299	supported_gvpa	pf00741_and_competitive_gvpa_support	130.5	95.4	natural_heldout	gvpj	1	nat_48ea71fe1cd777e6ddfc
nat_ed46c9e7b97a1b13dc86	ed46c9e7b97a1b13dc86fea5c46d3d7436611491a16ca819269afe40ad8e0b4a	100	pass	59.0	59.3	1.0	gvpa	134.9	gvpj	95.9	39.0	0.644927536231884	0.9	supported_gvpa	pf00741_and_competitive_gvpa_support	134.9	95.9	natural_heldout	gvpj	1	nat_ed46c9e7b97a1b13dc86
nat_f9d423597b7778d440ea	f9d423597b7778d440ea6f19c29919e768fa0745ce660aba3e9c67283b869de4	100	pass	59.0	59.3	1.0	gvpa	134.9	gvpj	96.0	38.900000000000006	0.644927536231884	0.9	supported_gvpa	pf00741_and_competitive_gvpa_support	134.9	96.0	natural_heldout	gvpj	1	nat_f9d423597b7778d440ea
nat_de3106e39b73b2986cc3	de3106e39b73b2986cc3f74a3c931f43338d1cc93d442c8ca4b3063e5eb5fcec	86	pass	58.0	58.4	1.0	gvpj	95.5	gvpa	136.9	-41.400000000000006	0.6504065040650406	0.872093023255814	gvpa_gvpj_ambiguous	insufficient_competitive_margin	136.9	95.5	natural_heldout	gvpj	1	nat_de3106e39b73b2986cc3
nat_c8ca500d58f82227374e	c8ca500d58f82227374ef5850ded8cba10a96512195ed4d0368fd62280bac654	75	pass	60.9	61.2	1.0			gvpa	125.0		0.0	0.0	unsupported	no_qualified_subfamily_hit	125.0	90.7	natural_heldout	gvpj	1	nat_c8ca500d58f82227374e
nat_8343c46d763785dc6094	8343c46d763785dc6094cb806c0f6bf2a3caf353fe7e68848b60be24b1820392	685	fail			0.0			gvpn	424.3		0.0	0.0	unsupported	no_qualified_subfamily_hit			natural_heldout	gvpn	1	nat_8343c46d763785dc6094
nat_56c649d91320de13c3d9	56c649d91320de13c3d9a1b71ec0f64961303a93fdbca7803201e7758eb4f719	509	fail			0.0			gvpn	409.8		0.0	0.0	unsupported	no_qualified_subfamily_hit			natural_heldout	gvpn	1	nat_56c649d91320de13c3d9
nat_d93cc995798d0a5e81e9	d93cc995798d0a5e81e91156f2f83ffe6b24315d2faeb324f05463f707f3f5cd	504	fail			0.0	gvpn	411.0				0.8296703296703297	0.6051587301587301	other_gvp	competitive_gvpn_support;no_reportable_runner_up			natural_heldout	gvpn	1	nat_d93cc995798d0a5e81e9
nat_af322d28976cc7014aac	af322d28976cc7014aacbba4803949e04bba43dac5e95e4d3ecd13912961fe0e	490	fail			0.0	gvpn	438.4	gvpc	31.2	407.2	0.8131868131868132	0.6020408163265306	other_gvp	competitive_gvpn_support			natural_heldout	gvpn	1	nat_af322d28976cc7014aac
nat_56012f16429563f68895	56012f16429563f688957ea545561f50b4b9005228637372f019cf8f67e5ac69	485	fail			0.0	gvpn	438.3	gvpc	37.1	401.2	0.8131868131868132	0.6082474226804123	other_gvp	competitive_gvpn_support			natural_heldout	gvpn	1	nat_56012f16429563f68895
nat_6b111238dff8d4fcf344	6b111238dff8d4fcf344f6abbbf02156ee3466fa55fb0030f46b9e6f060329ed	482	fail			0.0	gvpn	393.6	gvpl	1.1	392.5	0.8901098901098901	0.6680497925311203	other_gvp	competitive_gvpn_support			natural_heldout	gvpn	1	nat_6b111238dff8d4fcf344
nat_1944acf2ada2119aa498	1944acf2ada2119aa498929c52288b57622934bfea1fb175bd0c3c0e09492e22	476	fail			0.0	gvpn	437.9	gvpc	32.0	405.9	0.8131868131868132	0.6197478991596639	other_gvp	competitive_gvpn_support			natural_heldout	gvpn	1	nat_1944acf2ada2119aa498
nat_cd472e1a07548a06f478	cd472e1a07548a06f478a31f3d659a515242425c0ae3e97d4b2eeb84ecb7d0fc	475	fail			0.0	gvpn	459.7	gvpc	36.7	423.0	0.8076923076923077	0.6168421052631579	other_gvp	competitive_gvpn_support			natural_heldout	gvpn	1	nat_cd472e1a07548a06f478
nat_2c6ae47f69b03e002709	2c6ae47f69b03e00270915ab0931111d554ed5e9e9d0383d411da1c5ba7b8153	464	fail			0.0	gvpn	439.8	gvpc	27.8	412.0	0.8131868131868132	0.6357758620689655	other_gvp	competitive_gvpn_support			natural_heldout	gvpn	1	nat_2c6ae47f69b03e002709
nat_7a9a8f4b94c47657684d	7a9a8f4b94c47657684dbf296374cca7957b660e04db67e99cfccebea0176957	462	fail			0.0	gvpn	445.0	gvpc	32.2	412.8	0.8159340659340659	0.6406926406926406	other_gvp	competitive_gvpn_support			natural_heldout	gvpn	1	nat_7a9a8f4b94c47657684d
nat_6f418e83201670537daa	6f418e83201670537daa7d1ccbddcaef1f581f27c38099974d4eff2ab21c07ac	460	fail			0.0	gvpn	438.0	gvpc	36.6	401.4	0.8104395604395604	0.6391304347826087	other_gvp	competitive_gvpn_support			natural_heldout	gvpn	1	nat_6f418e83201670537daa
nat_219ec296ddb38c6ad41b	219ec296ddb38c6ad41b8134dc856b1aec22638b0d01dee2fac5ce103f3146ae	459	fail			0.0	gvpn	439.2	gvpc	35.3	403.9	0.8104395604395604	0.6405228758169934	other_gvp	competitive_gvpn_support			natural_heldout	gvpn	1	nat_219ec296ddb38c6ad41b
nat_b8d08df1b5aa716dd206	b8d08df1b5aa716dd206f6cad4204b0290c8342fa693895a993217373aa91b6a	458	fail	0.4	1.6	0.1794871794871795	gvpn	438.5	gvpc	36.7	401.8	0.8104395604395604	0.6419213973799127	other_gvp	competitive_gvpn_support			natural_heldout	gvpn	1	nat_b8d08df1b5aa716dd206
nat_26cacb69c4d3a7cc7caa	26cacb69c4d3a7cc7caa3b6e2cb0ec4df27f906e52879a42f9e574e74e8fa55d	457	fail			0.0	gvpn	440.5	gvpc	32.6	407.9	0.8131868131868132	0.6455142231947484	other_gvp	competitive_gvpn_support			natural_heldout	gvpn	1	nat_26cacb69c4d3a7cc7caa
nat_42d94b6cd2db52cdbdb2	42d94b6cd2db52cdbdb2f8b53e0253512f4d0ab56900e3500a1deedd50a4eb21	457	fail			0.0	gvpn	438.5	gvpc	33.7	404.8	0.8104395604395604	0.6433260393873085	other_gvp	competitive_gvpn_support			natural_heldout	gvpn	1	nat_42d94b6cd2db52cdbdb2
nat_accc808f32fd9286f55b	accc808f32fd9286f55ba4ed742ea2c981ad1f282c1b867363683131a6d1e660	455	fail			0.0	gvpn	439.0	gvpc	34.2	404.8	0.8104395604395604	0.6461538461538462	other_gvp	competitive_gvpn_support			natural_heldout	gvpn	1	nat_accc808f32fd9286f55b
nat_8c8b0a437c2091328021	8c8b0a437c209132802191766ce76fd7be7555e8af51693e7145d3ff42999ee4	454	fail			0.0	gvpn	438.7	gvpc	28.0	410.7	0.8104395604395604	0.6475770925110133	other_gvp	competitive_gvpn_support			natural_heldout	gvpn	1	nat_8c8b0a437c2091328021
nat_7c5a6a1b6410258202e8	7c5a6a1b6410258202e895f1918e21e4507276b6d1e924a57f1faeeacec197e6	446	fail			0.0	gvpn	438.6	gvpc	31.4	407.20000000000005	0.8104395604395604	0.6591928251121076	other_gvp	competitive_gvpn_support			natural_heldout	gvpn	1	nat_7c5a6a1b6410258202e8
nat_7e9dfacf48635d46c7ca	7e9dfacf48635d46c7ca6f87bc40b397d9a5452011ca82408da4d3d3a0dfba2a	446	fail			0.0	gvpn	415.6				0.8406593406593407	0.6905829596412556	other_gvp	competitive_gvpn_support;no_reportable_runner_up			natural_heldout	gvpn	1	nat_7e9dfacf48635d46c7ca
nat_b36efd570ae197486e36	b36efd570ae197486e36ac0339a5c454f28bc8a8ad2d50143507c60491dceb92	444	fail			0.0	gvpn	422.7	gvpk	5.4	417.3	0.8296703296703297	0.6779279279279279	other_gvp	competitive_gvpn_support			natural_heldout	gvpn	1	nat_b36efd570ae197486e36
nat_a7e1b39edec953be30ee	a7e1b39edec953be30ee98a80b49aa8747e5c4efa9df3b8d53d99febb18dd922	443	fail			0.0	gvpn	445.2				0.8351648351648352	0.6930022573363431	other_gvp	competitive_gvpn_support;no_reportable_runner_up			natural_heldout	gvpn	1	nat_a7e1b39edec953be30ee
nat_704a249b0764cecf43df	704a249b0764cecf43dfd353c2c4f83f83a68db11d58aefccea4e7885d3ef6cf	441	fail			0.0	gvpn	452.5	gvpc	36.6	415.9	0.8434065934065934	0.691609977324263	other_gvp	competitive_gvpn_support			natural_heldout	gvpn	1	nat_704a249b0764cecf43df
nat_95be5a9e931724aad2ad	95be5a9e931724aad2adef84603e8187000232378f70b29e75834d77f60132d0	438	fail			0.0	gvpn	450.1	gvpc	23.6	426.5	0.8956043956043956	0.7442922374429224	other_gvp	competitive_gvpn_support			natural_heldout	gvpn	1	nat_95be5a9e931724aad2ad
nat_0ab9e0e44efcffa9a877	0ab9e0e44efcffa9a877857dcd6e6ba91ba7ca8866639311243ab11d56b4be26	437	fail			0.0	gvpn	468.6	gvpc	39.9	428.70000000000005	0.8406593406593407	0.6979405034324943	other_gvp	competitive_gvpn_support			natural_heldout	gvpn	1	nat_0ab9e0e44efcffa9a877
nat_cf3c565e051319b837ba	cf3c565e051319b837ba31d278333c094a03348956bfc75a4dfce1ef1e0897d5	437	fail			0.0	gvpn	395.0	gvpl	1.0	394.0	0.8901098901098901	0.7368421052631579	other_gvp	competitive_gvpn_support			natural_heldout	gvpn	1	nat_cf3c565e051319b837ba
nat_33822746f06064c1e8e3	33822746f06064c1e8e336ea17c000344f7a5e5e0ffac4718b53bf49e7c3c7b6	428	fail			0.0	gvpn	470.2	gvpc	35.3	434.9	0.8351648351648352	0.705607476635514	other_gvp	competitive_gvpn_support			natural_heldout	gvpn	1	nat_33822746f06064c1e8e3
nat_9414dc44ac8316d2782f	9414dc44ac8316d2782fbcba5e0d0de28c9e632f0ac35816017254105f0d912a	424	fail			0.0	gvpn	471.6	gvpc	34.0	437.6	0.8324175824175825	0.7099056603773585	other_gvp	competitive_gvpn_support			natural_heldout	gvpn	1	nat_9414dc44ac8316d2782f
nat_59bcd37fbc5cf35ab3cc	59bcd37fbc5cf35ab3cc77de34af2068837f0243baf7b6c7d6de08e8a6c679ac	423	fail			0.0	gvpn	467.1	gvpc	36.5	430.6	0.8214285714285714	0.7021276595744681	other_gvp	competitive_gvpn_support			natural_heldout	gvpn	1	nat_59bcd37fbc5cf35ab3cc
nat_bea89c7ed81148b012f8	bea89c7ed81148b012f8171a07599c01e3e0b26ff1a3f67ffd53ae45986520a0	417	fail			0.0	gvpn	463.3				0.8351648351648352	0.7266187050359713	other_gvp	competitive_gvpn_support;no_reportable_runner_up			natural_heldout	gvpn	1	nat_bea89c7ed81148b012f8
nat_f1576cf15faeaea3dbc6	f1576cf15faeaea3dbc6ca07ebed4f2de17b62c870fbcff38e96f319df4bc17e	414	fail			0.0	gvpc	251.1	gvpk	1.2	249.9	0.9971264367816092	0.9975845410628019	other_gvp	competitive_gvpc_support			natural_heldout	gvpc	1	nat_f1576cf15faeaea3dbc6
nat_01156e841deb1d9a772b	01156e841deb1d9a772ba05e5d7b155e211ef662ae844d15b5994d4c88dc1382	402	fail			0.0	gvpn	462.3	gvpc	15.7	446.6	0.8461538461538461	0.763681592039801	other_gvp	competitive_gvpn_support			natural_heldout	gvpn	1	nat_01156e841deb1d9a772b
nat_e6f1534b15baac6e3fa3	e6f1534b15baac6e3fa37564254e8453dd8baef5986d0279aded3e0243be7983	399	fail			0.0	gvpn	472.3				0.8379120879120879	0.7644110275689223	other_gvp	competitive_gvpn_support;no_reportable_runner_up			natural_heldout	gvpn	1	nat_e6f1534b15baac6e3fa3
nat_66568342e223b00f8d59	66568342e223b00f8d5967af9ff945176425189ed66c830c2a2c37db0b947e7e	398	fail			0.0	gvpn	423.4	gvpk	9.3	414.09999999999997	0.8214285714285714	0.7487437185929648	other_gvp	competitive_gvpn_support			natural_heldout	gvpn	1	nat_66568342e223b00f8d59
nat_b6d0df7dc4c2cb18d0b7	b6d0df7dc4c2cb18d0b7613e2b6020acc19d3ca18e83dbf0f6c6bbccf3d59007	395	fail			0.0	gvpn	461.9	gvpc	0.5	461.4	0.8104395604395604	0.7443037974683544	other_gvp	competitive_gvpn_support			natural_heldout	gvpn	1	nat_b6d0df7dc4c2cb18d0b7
nat_5bd91d40ed4572144cd6	5bd91d40ed4572144cd627fea92261e22d012dd78d38d3f47fc2933a09e36f6e	391	fail			0.0	gvpn	461.1	gvpc	15.6	445.5	0.8434065934065934	0.782608695652174	other_gvp	competitive_gvpn_support			natural_heldout	gvpn	1	nat_5bd91d40ed4572144cd6
nat_8c6a661abd0d8e73a28d	8c6a661abd0d8e73a28d33e40e69ccca4576c0f67559fc566df7f2b0a6c4d871	390	fail			0.0	gvpn	467.8	gvpc	16.1	451.7	0.8653846153846154	0.8	other_gvp	competitive_gvpn_support			natural_heldout	gvpn	1	nat_8c6a661abd0d8e73a28d
nat_4cb365260a07785de158	4cb365260a07785de158dfa8e3be4e7a47c0c034f6db576666019c9d7bf6dca1	390	fail			0.0	gvpn	464.3	gvpc	16.8	447.5	0.8434065934065934	0.7846153846153846	other_gvp	competitive_gvpn_support			natural_heldout	gvpn	1	nat_4cb365260a07785de158
nat_cca3339c235cc5e70bbc	cca3339c235cc5e70bbc725eb04709e444d343cdff168d80d1d2b0a144d5bc44	389	fail			0.0	gvpn	460.4	gvpc	19.5	440.9	0.8379120879120879	0.781491002570694	other_gvp	competitive_gvpn_support			natural_heldout	gvpn	1	nat_cca3339c235cc5e70bbc
nat_daf355aea3f08a665714	daf355aea3f08a6657143332d5859a4f5132b93b768ceb54ad7dfe6b181f6190	389	fail			0.0	gvpn	458.1	gvpc	16.8	441.3	0.8296703296703297	0.7737789203084833	other_gvp	competitive_gvpn_support			natural_heldout	gvpn	1	nat_daf355aea3f08a665714
nat_9c346ea092221109ceee	9c346ea092221109ceeec17f62f46ef51dea7efdd194fb3b02d90e0154c1138a	385	fail	1.1	3.1	0.358974358974359	gvpn	427.9	gvpc	42.5	385.4	0.7994505494505495	0.7532467532467533	other_gvp	competitive_gvpn_support			natural_heldout	gvpn	1	nat_9c346ea092221109ceee
nat_aed11ef7622a58575379	aed11ef7622a585753791d0071859d9e785e110da01738e6b6f28812ede15aaf	380	fail			0.0	gvpn	422.9				0.7747252747252747	0.7421052631578947	other_gvp	competitive_gvpn_support;no_reportable_runner_up			natural_heldout	gvpn	1	nat_aed11ef7622a58575379
nat_65195e1884dba2d18322	65195e1884dba2d183222e30c044a9ebbf1fce12731a3da1e21e3743d417b2e8	380	fail			0.0	gvpc	246.2	gvpg	6.2	240.0	0.9971264367816092	0.9973684210526316	other_gvp	competitive_gvpc_support			natural_heldout	gvpc	1	nat_65195e1884dba2d18322
nat_d75b99c1a6e6c7509167	d75b99c1a6e6c750916780f161c0b5881bc3a58582f4fbf6a222f5a66fe93fcf	377	fail			0.0	gvpn	444.4	gvpl	8.7	435.7	0.8296703296703297	0.8090185676392573	other_gvp	competitive_gvpn_support		1.8	natural_heldout	gvpn	1	nat_d75b99c1a6e6c7509167
nat_85c409a21289837d00bb	85c409a21289837d00bb3f218db26f7efc95dda25211363ddc7e2a555b1658fd	374	fail			0.0	gvpn	453.7	gvpc	49.1	404.59999999999997	0.7582417582417582	0.7379679144385026	other_gvp	competitive_gvpn_support			natural_heldout	gvpn	1	nat_85c409a21289837d00bb
nat_995571f9bd05bfb87fdc	995571f9bd05bfb87fdccd74a6c04863949f03993ab125d8fcf544022ebe8908	372	fail			0.0	gvpc	242.5				0.9971264367816092	0.9193548387096774	other_gvp	competitive_gvpc_support;no_reportable_runner_up			natural_heldout	gvpc	1	nat_995571f9bd05bfb87fdc
nat_2bf58038b2e3bdc0bb07	2bf58038b2e3bdc0bb076c868b101be56d2fe20c863e4c178e1b524f3d010798	369	fail			0.0	gvpn	455.3	gvpc	48.8	406.5	0.7884615384615384	0.7750677506775068	other_gvp	competitive_gvpn_support			natural_heldout	gvpn	1	nat_2bf58038b2e3bdc0bb07
nat_ed56784f819f350e1369	ed56784f819f350e13697a65b26a3f8334eb1f8c61dcaab780e57ea816cc789f	369	fail			0.0	gvpn	450.3	gvpc	45.6	404.7	0.8076923076923077	0.8130081300813008	other_gvp	competitive_gvpn_support			natural_heldout	gvpn	1	nat_ed56784f819f350e1369
nat_395052e88fb76205e294	395052e88fb76205e294403f97c14fba69559524a25b3feca8039ed6ede55bf5	367	fail			0.0	gvpn	394.3				0.8571428571428571	0.8337874659400545	other_gvp	competitive_gvpn_support;no_reportable_runner_up			natural_heldout	gvpn	1	nat_395052e88fb76205e294
nat_fdff8804f037d39bda49	fdff8804f037d39bda49e6d66efada23d08c02053e7f3fb66de6917f25ef6c3d	366	fail			0.0	gvpn	421.3				0.7939560439560439	0.7950819672131147	other_gvp	competitive_gvpn_support;no_reportable_runner_up			natural_heldout	gvpn	1	nat_fdff8804f037d39bda49
nat_4792c6a8a996eedbe2d7	4792c6a8a996eedbe2d7da2dfb1d5db7c352be58fe865928f60939981c15e42f	365	fail			0.0	gvpn	424.7				0.7994505494505495	0.7972602739726027	other_gvp	competitive_gvpn_support;no_reportable_runner_up			natural_heldout	gvpn	1	nat_4792c6a8a996eedbe2d7
nat_4c30b2e219c5cb768f04	4c30b2e219c5cb768f04eeacbd6a4359d47eac659ea5cf082e0186306c66045e	364	fail			0.0	gvpn	423.4				0.7774725274725275	0.7774725274725275	other_gvp	competitive_gvpn_support;no_reportable_runner_up			natural_heldout	gvpn	1	nat_4c30b2e219c5cb768f04
nat_b0bf2354fc5a8c57b484	b0bf2354fc5a8c57b484d633fa7e9a242edd611dee4a12fe6a2cfd5439f92e94	362	fail			0.0	gvpn	387.4				0.8186813186813187	0.8204419889502762	other_gvp	competitive_gvpn_support;no_reportable_runner_up			natural_heldout	gvpn	1	nat_b0bf2354fc5a8c57b484
nat_72f594d06e4e17a42e99	72f594d06e4e17a42e9978a3c15747a2b63d5320d46280ca39b746c0d1637336	361	fail			0.0	gvpn	452.6	gvpc	47.4	405.20000000000005	0.7747252747252747	0.778393351800554	other_gvp	competitive_gvpn_support			natural_heldout	gvpn	1	nat_72f594d06e4e17a42e99
nat_fa80a54ef485637ff3b1	fa80a54ef485637ff3b17f7c77f37d65692d8f4fbc93dabf205a98afc29609be	361	fail			0.0	gvpn	353.7	gvpc	1.1	352.59999999999997	0.7939560439560439	0.8282548476454293	other_gvp	competitive_gvpn_support			natural_heldout	gvpn	1	nat_fa80a54ef485637ff3b1
nat_21bdbf3d416d0e908baf	21bdbf3d416d0e908baff035fa23ecfee2a4dbd50bf17ece6e1d5a43f954bfb8	360	fail			0.0	gvpl	374.2	gvpj	0.2	374.0	0.9547038327526133	0.8888888888888888	other_gvp	competitive_gvpl_support		0.2	natural_heldout	gvpl	1	nat_21bdbf3d416d0e908baf
nat_a0846e29308f4e862d3d	a0846e29308f4e862d3dbe181662bc1ddd13e03dc8ca9dfa7c5dc3cb0cf2e05a	358	fail			0.0	gvpn	370.1	gvpv	0.1	370.0	0.8131868131868132	0.8100558659217877	other_gvp	competitive_gvpn_support			natural_heldout	gvpn	1	nat_a0846e29308f4e862d3d
nat_ef1a42f0c1feb987476d	ef1a42f0c1feb987476da87753aa24386bfc2a906e7af9d4fe1262d75b81fe3d	358	fail			0.0	gvpn	356.6	gvpc	2.3	354.3	0.7967032967032966	0.8296089385474861	other_gvp	competitive_gvpn_support			natural_heldout	gvpn	1	nat_ef1a42f0c1feb987476d
nat_7b0ae4f3bc4e0cb3ce55	7b0ae4f3bc4e0cb3ce55b6c83cd0af235037c2734b55fff52cc5d53022ab1168	357	fail			0.0	gvpn	414.6				0.7884615384615384	0.8067226890756303	other_gvp	competitive_gvpn_support;no_reportable_runner_up			natural_heldout	gvpn	1	nat_7b0ae4f3bc4e0cb3ce55
nat_8f2d6eacf54e80641dec	8f2d6eacf54e80641dec9bd86a55e594cd5f0e7cc679c5dab523747698de4e4e	357	fail			0.0	gvpn	422.5				0.8214285714285714	0.8431372549019608	other_gvp	competitive_gvpn_support;no_reportable_runner_up			natural_heldout	gvpn	1	nat_8f2d6eacf54e80641dec
nat_ebf0f177a20c1a7ceccc	ebf0f177a20c1a7cecccef37dd74e42fe2b81f70ad1d003e8a04ce653210a0ac	357	fail			0.0	gvpn	347.1				0.7692307692307693	0.7927170868347339	other_gvp	competitive_gvpn_support;no_reportable_runner_up			natural_heldout	gvpn	1	nat_ebf0f177a20c1a7ceccc
nat_962144a30e3bf82c50c2	962144a30e3bf82c50c2dfaaae3a4f617556e0440941540ffedb45255f035446	355	fail			0.0	gvpn	421.4				0.7912087912087912	0.8169014084507042	other_gvp	competitive_gvpn_support;no_reportable_runner_up			natural_heldout	gvpn	1	nat_962144a30e3bf82c50c2
nat_b06c8e90f724ebf90da9	b06c8e90f724ebf90da903509956630b0c5460df06194b32c2f185bed8378506	354	fail			0.0	gvpn	424.2				0.7939560439560439	0.8220338983050848	other_gvp	competitive_gvpn_support;no_reportable_runner_up			natural_heldout	gvpn	1	nat_b06c8e90f724ebf90da9
nat_d7e97442036033c42d10	d7e97442036033c42d10c7ba024e5457fa1fbf092e30ff864f1007d11c87ae70	352	fail			0.0	gvpn	425.9				0.8159340659340659	0.8494318181818182	other_gvp	competitive_gvpn_support;no_reportable_runner_up			natural_heldout	gvpn	1	nat_d7e97442036033c42d10
nat_2db9df512db29de5b691	2db9df512db29de5b6917b268f77033309396941ca57497591ad9061f7551b48	352	fail			0.0	gvpn	354.8				0.7857142857142857	0.8068181818181818	other_gvp	competitive_gvpn_support;no_reportable_runner_up			natural_heldout	gvpn	1	nat_2db9df512db29de5b691
nat_e2d27b68c9063f22e9dd	e2d27b68c9063f22e9dddba12ffd69d7f9acf7718bcbee2c64d90ed65757a735	352	fail			0.0	gvpn	425.3				0.7994505494505495	0.8323863636363636	other_gvp	competitive_gvpn_support;no_reportable_runner_up			natural_heldout	gvpn	1	nat_e2d27b68c9063f22e9dd
nat_129b73d1f5929eb29158	129b73d1f5929eb291587b7fc368bbf991f0e76a98b50d910d2f90df6d820746	352	fail			0.0	gvpn	434.5				0.8269230769230769	0.8607954545454546	other_gvp	competitive_gvpn_support;no_reportable_runner_up			natural_heldout	gvpn	1	nat_129b73d1f5929eb29158
nat_99b6fadf852cc16731a3	99b6fadf852cc16731a3b7d5f847875c0d32925f01ae88cff9659b4c74092998	352	fail			0.0	gvpn	380.6	gvpj	1.3	379.3	0.8296703296703297	0.84375	other_gvp	competitive_gvpn_support	0.8	1.3	natural_heldout	gvpn	1	nat_99b6fadf852cc16731a3
nat_454d9bcaa48f9d42f3d8	454d9bcaa48f9d42f3d8c7bf6d16a7a542110fd0d96938cf3f6f048073fef50f	352	fail			0.0	gvpn	345.5				0.7582417582417582	0.7982954545454546	other_gvp	competitive_gvpn_support;no_reportable_runner_up			natural_heldout	gvpn	1	nat_454d9bcaa48f9d42f3d8
nat_c74eedc7c496b4a48239	c74eedc7c496b4a48239ea7ddd2a6a7d81842c20dee3e3e7caf31a2fe65cd8b8	351	fail			0.0	gvpn	388.5	gvpg	0.2	388.3	0.8214285714285714	0.8347578347578347	other_gvp	competitive_gvpn_support			natural_heldout	gvpn	1	nat_c74eedc7c496b4a48239
nat_78b08b175d1dad3f95b1	78b08b175d1dad3f95b1528104b4d0d4029857c4e4420bf3acc2e8d0aa340f66	351	fail			0.0	gvpn	356.4	gvpk	1.1	355.29999999999995	0.7994505494505495	0.8461538461538461	other_gvp	competitive_gvpn_support			natural_heldout	gvpn	1	nat_78b08b175d1dad3f95b1
nat_4a8f42d446a085bb7f59	4a8f42d446a085bb7f591de1187b86ad8b6f8fba9ce498ffae6aecff910d09f7	351	fail			0.0	gvpn	391.5	gvpg	1.8	389.7	0.8186813186813187	0.8319088319088319	other_gvp	competitive_gvpn_support			natural_heldout	gvpn	1	nat_4a8f42d446a085bb7f59
nat_d9d768e338f58817c2ee	d9d768e338f58817c2ee284db392e2d5fb1400c94eb9ece3568434a1566ab9d0	351	fail			0.0	gvpc	236.1				0.9971264367816092	0.9857549857549858	other_gvp	competitive_gvpc_support;no_reportable_runner_up			natural_heldout	gvpc	1	nat_d9d768e338f58817c2ee
nat_276da45f10b6947549de	276da45f10b6947549dee5f745e4c5301fe875025f7afe22d52fb655a3046608	350	fail			0.0	gvpn	354.9				0.8021978021978022	0.8285714285714286	other_gvp	competitive_gvpn_support;no_reportable_runner_up			natural_heldout	gvpn	1	nat_276da45f10b6947549de
nat_423d4f51455bfc4fa9f7	423d4f51455bfc4fa9f7985d4e63b7d7a6076fc30b5e1f015470f3b1a8be3ea6	350	fail			0.0	gvpn	433.0				0.8241758241758241	0.8571428571428571	other_gvp	competitive_gvpn_support;no_reportable_runner_up			natural_heldout	gvpn	1	nat_423d4f51455bfc4fa9f7
nat_066d0caa7658382c9cb3	066d0caa7658382c9cb3d4645fb9b74ed01dceaabec00b80ea251d5d836037aa	349	fail			0.0	gvpn	364.7				0.8076923076923077	0.8252148997134671	other_gvp	competitive_gvpn_support;no_reportable_runner_up			natural_heldout	gvpn	1	nat_066d0caa7658382c9cb3
nat_fab2f064769cc6e1893c	fab2f064769cc6e1893c78aae63d529582f713baeef8f785a0d56e36aae180f3	348	fail			0.0	gvpn	352.4	gvpc	2.1	350.29999999999995	0.7857142857142857	0.8390804597701149	other_gvp	competitive_gvpn_support			natural_heldout	gvpn	1	nat_fab2f064769cc6e1893c
nat_80c965f27d2e7e432170	80c965f27d2e7e4321701cda2080ff559490ce5994ef572bcddf1753feea9dfc	348	fail			0.0	gvpn	422.8				0.8131868131868132	0.8563218390804598	other_gvp	competitive_gvpn_support;no_reportable_runner_up			natural_heldout	gvpn	1	nat_80c965f27d2e7e432170
nat_7a8616339a4ea8adf606	7a8616339a4ea8adf606b75c62e5ae9a8dd291c2475c7c03ef396620f428435c	347	fail			0.0	gvpn	409.1				0.8324175824175825	0.8731988472622478	other_gvp	competitive_gvpn_support;no_reportable_runner_up			natural_heldout	gvpn	1	nat_7a8616339a4ea8adf606
nat_6aa0a7ae55b0a8989c03	6aa0a7ae55b0a8989c0370e609d832670d832c86ccd654c05f8e1f3dad269557	347	fail			0.0	gvpn	351.1	gvpj	0.2	350.90000000000003	0.8076923076923077	0.8414985590778098	other_gvp	competitive_gvpn_support		0.2	natural_heldout	gvpn	1	nat_6aa0a7ae55b0a8989c03
nat_3333da7b9a0ceeb05aff	3333da7b9a0ceeb05afff164884239173a38e7de19a2a180c6e31f334156933f	347	fail			0.0	gvpn	404.3				0.8021978021978022	0.8414985590778098	other_gvp	competitive_gvpn_support;no_reportable_runner_up			natural_heldout	gvpn	1	nat_3333da7b9a0ceeb05aff
nat_94f670defc387d301e16	94f670defc387d301e16819748f3e97b3acbf0ebfd01657732a044390fe3a884	347	fail			0.0	gvpn	348.3				0.7939560439560439	0.8270893371757925	other_gvp	competitive_gvpn_support;no_reportable_runner_up			natural_heldout	gvpn	1	nat_94f670defc387d301e16
nat_e39db58bcb69436fcc48	e39db58bcb69436fcc489077287469ef001e0a4f12e3476ebd4ba020c784a313	347	fail			0.0	gvpn	355.2	gvpk	0.2	355.0	0.8021978021978022	0.8357348703170029	other_gvp	competitive_gvpn_support			natural_heldout	gvpn	1	nat_e39db58bcb69436fcc48
nat_adce999c5b882292c7be	adce999c5b882292c7be96307b5a1108667a99ef8b36cc4c95918708a39ad2d8	347	fail			0.0	gvpn	450.8				0.8379120879120879	0.8731988472622478	other_gvp	competitive_gvpn_support;no_reportable_runner_up			natural_heldout	gvpn	1	nat_adce999c5b882292c7be
nat_4351e558ca68e5207687	4351e558ca68e5207687e789c91010d4ceb33fa82c5fcf94c1e7a2636b20198c	347	fail			0.0	gvpn	357.5	gvpk	0.6	356.9	0.8406593406593407	0.899135446685879	other_gvp	competitive_gvpn_support			natural_heldout	gvpn	1	nat_4351e558ca68e5207687
nat_c7853ed22945f763fd8b	c7853ed22945f763fd8bb897155e82accd6a1281ff8076134eb2fb27a630d371	347	fail			0.0	gvpn	354.9	gvpk	1.0	353.9	0.804945054945055	0.861671469740634	other_gvp	competitive_gvpn_support			natural_heldout	gvpn	1	nat_c7853ed22945f763fd8b
nat_ff5328221dfb8c0ae3e7	ff5328221dfb8c0ae3e77d980629efec7360e63648561f9107e71bcfe3bbf99d	347	fail			0.0	gvpn	408.8				0.8269230769230769	0.8674351585014409	other_gvp	competitive_gvpn_support;no_reportable_runner_up			natural_heldout	gvpn	1	nat_ff5328221dfb8c0ae3e7
nat_45fbea73531cb1ca0977	45fbea73531cb1ca097762cac9e974905187a11c4a8eb26775b74d2f4c92bd6b	346	fail			0.0	gvpn	347.2				0.75	0.7832369942196532	other_gvp	competitive_gvpn_support;no_reportable_runner_up			natural_heldout	gvpn	1	nat_45fbea73531cb1ca0977
nat_77e6c98e69df6824723e	77e6c98e69df6824723e314ac640627e97f557673714d2048c1567fe60afcdac	346	fail			0.0	gvpn	406.8				0.8186813186813187	0.8583815028901735	other_gvp	competitive_gvpn_support;no_reportable_runner_up			natural_heldout	gvpn	1	nat_77e6c98e69df6824723e
nat_2c452a622be17e635307	2c452a622be17e635307284556b2f975fcdaeea8177c1d7fb5d8de66bfb8c6a2	346	fail			0.0	gvpn	355.6	gvpj	0.3	355.3	0.8076923076923077	0.8410404624277457	other_gvp	competitive_gvpn_support		0.3	natural_heldout	gvpn	1	nat_2c452a622be17e635307
nat_6838fbcfa785f49a2923	6838fbcfa785f49a2923a04ffdf32fc2ac2d6795646a7b0bda9bb4e96437187e	345	fail			0.0	gvpn	416.5				0.7664835164835165	0.8115942028985508	other_gvp	competitive_gvpn_support;no_reportable_runner_up			natural_heldout	gvpn	1	nat_6838fbcfa785f49a2923
nat_85ca2d98e8a274cbc379	85ca2d98e8a274cbc37916810e56f08552d91e1e673794d45c683c328018541d	345	fail			0.0	gvpn	349.7	gvpc	1.3	348.4	0.804945054945055	0.8608695652173913	other_gvp	competitive_gvpn_support			natural_heldout	gvpn	1	nat_85ca2d98e8a274cbc379
nat_65868336c1ed35cb0adb	65868336c1ed35cb0adb02df4cf5645a51170783d18136129a428de60d05b53d	345	fail			0.0	gvpn	343.8	gvpk	1.2	342.6	0.760989010989011	0.8028985507246377	other_gvp	competitive_gvpn_support			natural_heldout	gvpn	1	nat_65868336c1ed35cb0adb
nat_d83d584ecd84844fed1a	d83d584ecd84844fed1a884d5e8e99ccba2f3d3a24f8da659a90bc05ceb7a99b	345	fail			0.0	gvpn	417.7				0.804945054945055	0.8463768115942029	other_gvp	competitive_gvpn_support;no_reportable_runner_up			natural_heldout	gvpn	1	nat_d83d584ecd84844fed1a
nat_de771819ead074f05b72	de771819ead074f05b727b8eaf33ae6cbbdca201f9c2574b99660c1b6964d51b	345	fail			0.0	gvpn	353.9	gvpk	1.8	352.09999999999997	0.8104395604395604	0.8666666666666667	other_gvp	competitive_gvpn_support			natural_heldout	gvpn	1	nat_de771819ead074f05b72
nat_e6bc7525d975c8d5aa4c	e6bc7525d975c8d5aa4c6f666fa1562c0489cf86bfdeca5e22ca0c6bfa24d838	345	fail			0.0	gvpn	355.5				0.8104395604395604	0.8666666666666667	other_gvp	competitive_gvpn_support;no_reportable_runner_up			natural_heldout	gvpn	1	nat_e6bc7525d975c8d5aa4c
nat_1d68b0ae440f12a024ed	1d68b0ae440f12a024ed6509aab40b325484b65f059ef7830842509d5ca8efb6	345	fail			0.0	gvpn	354.7	gvpk	0.7	354.0	0.8104395604395604	0.8666666666666667	other_gvp	competitive_gvpn_support			natural_heldout	gvpn	1	nat_1d68b0ae440f12a024ed
nat_4857aa4c0603f58a1c7c	4857aa4c0603f58a1c7cc7346e4eeb47c10efb346bf37b8851c7d7bdd272e6bb	345	fail			0.0	gvpn	353.9	gvpk	0.8	353.09999999999997	0.7967032967032966	0.8521739130434782	other_gvp	competitive_gvpn_support			natural_heldout	gvpn	1	nat_4857aa4c0603f58a1c7c
nat_36525a396ff8e915d5de	36525a396ff8e915d5de9b6e654fd2a69e4fcfbe5ae56953664b412d144b4cc8	344	fail			0.0	gvpn	356.6	gvpk	0.7	355.90000000000003	0.7994505494505495	0.8546511627906976	other_gvp	competitive_gvpn_support			natural_heldout	gvpn	1	nat_36525a396ff8e915d5de
nat_084b9fff3c1387b75f10	084b9fff3c1387b75f1011e1730e13fb19aa144548e6a2c9233b50dc3de34ccb	344	fail			0.0	gvpn	349.4	gvpk	0.4	349.0	0.760989010989011	0.8081395348837209	other_gvp	competitive_gvpn_support		0.2	natural_heldout	gvpn	1	nat_084b9fff3c1387b75f10
nat_0ffe4c96f384bc26e46f	0ffe4c96f384bc26e46f068c568bcc19715ffe5bc5cdb774055c6e722cc73d49	344	fail			0.0	gvpn	355.6				0.7857142857142857	0.8401162790697675	other_gvp	competitive_gvpn_support;no_reportable_runner_up			natural_heldout	gvpn	1	nat_0ffe4c96f384bc26e46f
nat_30386f98ea528f161186	30386f98ea528f161186dff3c665cac88e1eeee2ccaee2c4c0440b557c593e44	344	fail			0.0	gvpn	354.8				0.804945054945055	0.8604651162790697	other_gvp	competitive_gvpn_support;no_reportable_runner_up			natural_heldout	gvpn	1	nat_30386f98ea528f161186
nat_24b99f830476486373ab	24b99f830476486373ab4f12082c59e959eedc46fb056519263c1543901eaf0d	344	fail			0.0	gvpn	350.1				0.8131868131868132	0.8691860465116279	other_gvp	competitive_gvpn_support;no_reportable_runner_up			natural_heldout	gvpn	1	nat_24b99f830476486373ab
nat_622ddb2991d9d2deb889	622ddb2991d9d2deb889192cde4091fef45c16af0d0d15fdec1c6ce8cf17250a	344	fail			0.0	gvpn	352.0	gvpj	0.4	351.6	0.8076923076923077	0.8459302325581395	other_gvp	competitive_gvpn_support		0.4	natural_heldout	gvpn	1	nat_622ddb2991d9d2deb889
nat_f08616fef40cce134cab	f08616fef40cce134cab7c134bd622f8518ffaad17d85b90e2ad55bd067de5bc	344	fail			0.0	gvpn	427.1				0.7912087912087912	0.8343023255813954	other_gvp	competitive_gvpn_support;no_reportable_runner_up			natural_heldout	gvpn	1	nat_f08616fef40cce134cab
nat_688e898915e9f5fca110	688e898915e9f5fca1105130254c76937383a35f073e06320172c38d0101b907	343	fail			0.0	gvpn	353.1				0.7939560439560439	0.8367346938775511	other_gvp	competitive_gvpn_support;no_reportable_runner_up			natural_heldout	gvpn	1	nat_688e898915e9f5fca110
nat_36383c82d3220b285469	36383c82d3220b28546997092cab85f2412ad32315a95a9c90ce77a0e223ba58	343	fail			0.0	gvpn	353.1	gvpc	1.2	351.90000000000003	0.7967032967032966	0.8513119533527697	other_gvp	competitive_gvpn_support			natural_heldout	gvpn	1	nat_36383c82d3220b285469
nat_95791468566e669179ba	95791468566e669179ba68e010dce6895bea0120cbf2bfc7846622e2a7819034	343	fail			0.0	gvpn	347.9	gvpl	2.7	345.2	0.8131868131868132	0.8629737609329446	other_gvp	competitive_gvpn_support		0.3	natural_heldout	gvpn	1	nat_95791468566e669179ba
nat_ce8a5962c7443a821eeb	ce8a5962c7443a821eeb93c2006b02f4c82e8f337c6d155e5f360eecec5ff586	343	fail			0.0	gvpn	355.1	gvpk	0.9	354.20000000000005	0.8104395604395604	0.8658892128279884	other_gvp	competitive_gvpn_support			natural_heldout	gvpn	1	nat_ce8a5962c7443a821eeb
nat_c154082ef8c2ddea34f1	c154082ef8c2ddea34f1810789b2092bb81c53fe6204f5552907e26ce2b653ca	342	fail			0.0	gvpn	359.8	gvpj	0.3	359.5	0.7912087912087912	0.8421052631578947	other_gvp	competitive_gvpn_support		0.3	natural_heldout	gvpn	1	nat_c154082ef8c2ddea34f1
nat_57de1110f76cb7585ea6	57de1110f76cb7585ea66062a88802abe3d23ea509af892aacac84df2b928ad7	342	fail			0.0	gvpn	356.9				0.7994505494505495	0.8596491228070176	other_gvp	competitive_gvpn_support;no_reportable_runner_up			natural_heldout	gvpn	1	nat_57de1110f76cb7585ea6
nat_098a41409ea5eda0829f	098a41409ea5eda0829fc8562a855510f6a71395212e1795f4968f79f54f5346	341	fail			0.0	gvpl	388.6	gvpv	12.4	376.20000000000005	0.9721254355400697	0.8592375366568915	other_gvp	competitive_gvpl_support			natural_heldout	gvpl	1	nat_098a41409ea5eda0829f
nat_9e67050098c24dc02b8b	9e67050098c24dc02b8b8b58a9d2ccdfe0756b67da96968ea0f2bf3f609d4764	341	fail			0.0	gvpn	352.7				0.7939560439560439	0.8475073313782991	other_gvp	competitive_gvpn_support;no_reportable_runner_up			natural_heldout	gvpn	1	nat_9e67050098c24dc02b8b
nat_0dd4687d87d6519707f4	0dd4687d87d6519707f4ceec58341340db7d6726c9ac44c9245d89d90d553f38	341	fail			0.0	gvpn	361.3	gvpk	2.3	359.0	0.8131868131868132	0.8680351906158358	other_gvp	competitive_gvpn_support			natural_heldout	gvpn	1	nat_0dd4687d87d6519707f4
nat_bf5eccfdc2f9d9974d17	bf5eccfdc2f9d9974d1732268fc06915c3a8710c9365990200e466b3e6c2b59a	341	fail			0.0	gvpn	373.4				0.804945054945055	0.8504398826979472	other_gvp	competitive_gvpn_support;no_reportable_runner_up			natural_heldout	gvpn	1	nat_bf5eccfdc2f9d9974d17
nat_30f539eae643260be2b6	30f539eae643260be2b66c6775906f32b5b7e36837d3088587c8ca9a36b6cb86	341	fail			0.0	gvpn	359.2				0.8021978021978022	0.8563049853372434	other_gvp	competitive_gvpn_support;no_reportable_runner_up			natural_heldout	gvpn	1	nat_30f539eae643260be2b6
nat_80c85ed17fcf3c736f53	80c85ed17fcf3c736f5366e9fe1edc37e41efd8d1d20f426d78afd273f1e657c	341	fail			0.0	gvpn	358.1				0.7939560439560439	0.8475073313782991	other_gvp	competitive_gvpn_support;no_reportable_runner_up			natural_heldout	gvpn	1	nat_80c85ed17fcf3c736f53
nat_072b8a0fb869a02fb8e6	072b8a0fb869a02fb8e638e5ac54fbf014d4def7ce2ea9c64d73d2392aaa4836	341	fail			0.0	gvpn	350.2				0.7582417582417582	0.8093841642228738	other_gvp	competitive_gvpn_support;no_reportable_runner_up			natural_heldout	gvpn	1	nat_072b8a0fb869a02fb8e6
nat_730d7f63f027c2f47c64	730d7f63f027c2f47c6445b3586d2c69b7e21f50d874f895fd97918648ea7d15	341	fail			0.0	gvpn	358.9				0.7884615384615384	0.841642228739003	other_gvp	competitive_gvpn_support;no_reportable_runner_up			natural_heldout	gvpn	1	nat_730d7f63f027c2f47c64
nat_d23e6b0adfb19eead32f	d23e6b0adfb19eead32fab6c48e4aa708c4500b5101f66fcce8abe8ff5196480	341	fail			0.0	gvpn	355.5				0.7912087912087912	0.844574780058651	other_gvp	competitive_gvpn_support;no_reportable_runner_up			natural_heldout	gvpn	1	nat_d23e6b0adfb19eead32f
nat_2ad83b1ad37a3688a915	2ad83b1ad37a3688a9152aea410b5ac9a32ce0ab75fe4e493e48c3a722097c5b	341	fail			0.0	gvpn	347.8				0.7994505494505495	0.8533724340175953	other_gvp	competitive_gvpn_support;no_reportable_runner_up			natural_heldout	gvpn	1	nat_2ad83b1ad37a3688a915
nat_e4d6b9ad56566b42a4c4	e4d6b9ad56566b42a4c4d5cd6b230d3a9be607a463165ed352acaa5f1945d84b	341	fail			0.0	gvpn	356.5				0.7994505494505495	0.8533724340175953	other_gvp	competitive_gvpn_support;no_reportable_runner_up			natural_heldout	gvpn	1	nat_e4d6b9ad56566b42a4c4
nat_38305ca40d434ccaa4e2	38305ca40d434ccaa4e27c2eb797ac6731864d6f9aa26e14678a5ad24b0f50f4	341	fail			0.0	gvpn	356.7	gvpk	0.7	356.0	0.7994505494505495	0.8533724340175953	other_gvp	competitive_gvpn_support			natural_heldout	gvpn	1	nat_38305ca40d434ccaa4e2
nat_2d7e014ee741540328f0	2d7e014ee741540328f09bfc074b99fe4861fedf8c84b9025f331a477b1a5842	340	fail			0.0	gvpn	348.3				0.7939560439560439	0.85	other_gvp	competitive_gvpn_support;no_reportable_runner_up			natural_heldout	gvpn	1	nat_2d7e014ee741540328f0
nat_bb5d60a7fcaf05654140	bb5d60a7fcaf0565414058ae32f2c0af9614e32414aa1caf5afb2da503c3c2a0	340	fail			0.0	gvpn	350.7	gvpk	0.7	350.0	0.8104395604395604	0.8676470588235294	other_gvp	competitive_gvpn_support			natural_heldout	gvpn	1	nat_bb5d60a7fcaf05654140
nat_696b7d56c238a94d3fa9	696b7d56c238a94d3fa9ae04d0ff2c136856ab997f936458817938688b44dbc5	340	fail			0.0	gvpn	357.2	gvpc	0.5	356.7	0.8104395604395604	0.861764705882353	other_gvp	competitive_gvpn_support		0.4	natural_heldout	gvpn	1	nat_696b7d56c238a94d3fa9
nat_224e649efb8f6afb890a	224e649efb8f6afb890a20bd33b676718da80f6832bae0846b41619ebd5a61a1	340	fail			0.0	gvpn	413.2				0.8241758241758241	0.8794117647058823	other_gvp	competitive_gvpn_support;no_reportable_runner_up			natural_heldout	gvpn	1	nat_224e649efb8f6afb890a
nat_b8a61985532eb6a4d522	b8a61985532eb6a4d5224c92977d1b2257fea312d24b2f4d812ae77f2e7a3fe5	340	fail			0.0	gvpn	354.2				0.8104395604395604	0.8647058823529412	other_gvp	competitive_gvpn_support;no_reportable_runner_up			natural_heldout	gvpn	1	nat_b8a61985532eb6a4d522
nat_09800a748cfbe77d8d9f	09800a748cfbe77d8d9f45732f776c6b7d7c95ec7b1bfdba8f6fd4f5a9b648f3	340	fail			0.0	gvpc	280.4				0.985632183908046	0.9941176470588236	other_gvp	competitive_gvpc_support;no_reportable_runner_up			natural_heldout	gvpc	1	nat_09800a748cfbe77d8d9f
nat_674d4aede798293c370c	674d4aede798293c370c001a9605b867a12fec94260cbed1dbef0e0d7452a98c	340	fail			0.0	gvpc	281.9	gvpg	2.2	279.7	0.9885057471264368	0.9970588235294118	other_gvp	competitive_gvpc_support			natural_heldout	gvpc	1	nat_674d4aede798293c370c
nat_faa65ec09906ca98d41d	faa65ec09906ca98d41d2de01fc954f6202bcef4652227b23139925e96146873	338	fail			0.0	gvpn	418.0				0.8159340659340659	0.8757396449704142	other_gvp	competitive_gvpn_support;no_reportable_runner_up			natural_heldout	gvpn	1	nat_faa65ec09906ca98d41d
nat_4b4a5aaf02e1b879854c	4b4a5aaf02e1b879854ce2a7ce5423892faee3a8aa3ec00bc66637fa8c77bf32	338	fail			0.0	gvpn	358.4	gvpk	1.5	356.9	0.7967032967032966	0.849112426035503	other_gvp	competitive_gvpn_support			natural_heldout	gvpn	1	nat_4b4a5aaf02e1b879854c
nat_b3d91f2883dd70cdee82	b3d91f2883dd70cdee82df927d8d395ab7d33d8308b3479839c23a8a3b9f04f5	335	fail			0.0	gvpn	454.9				0.8269230769230769	0.8985074626865671	other_gvp	competitive_gvpn_support;no_reportable_runner_up			natural_heldout	gvpn	1	nat_b3d91f2883dd70cdee82
nat_f2265e7f8920c8a4d6a4	f2265e7f8920c8a4d6a42713165ccbd48476d395ab9281c32c11ce43f1ce0114	335	fail			0.0	gvpn	431.9				0.8269230769230769	0.9194029850746268	other_gvp	competitive_gvpn_support;no_reportable_runner_up			natural_heldout	gvpn	1	nat_f2265e7f8920c8a4d6a4
nat_8fb1c2c8465f6395bb08	8fb1c2c8465f6395bb08573ce531ef3a04bc58c4128130466261e5e0506c2583	335	fail			0.0	gvpn	413.2				0.8214285714285714	0.8865671641791045	other_gvp	competitive_gvpn_support;no_reportable_runner_up			natural_heldout	gvpn	1	nat_8fb1c2c8465f6395bb08
nat_b94c94e12681e2de3c7f	b94c94e12681e2de3c7fe53c1fd17127ebcde6454070398ce1849c1ec92a34e5	334	fail			0.0	gvpn	435.3				0.8269230769230769	0.9161676646706587	other_gvp	competitive_gvpn_support;no_reportable_runner_up			natural_heldout	gvpn	1	nat_b94c94e12681e2de3c7f
nat_b909248a567abe20cdeb	b909248a567abe20cdeb6aec81ccf77744d648fd3641b5bd6fb4d261cef87444	333	fail			0.0	gvpn	470.1				0.8516483516483516	0.9309309309309309	other_gvp	competitive_gvpn_support;no_reportable_runner_up			natural_heldout	gvpn	1	nat_b909248a567abe20cdeb
nat_60d113e46f35310d4c7b	60d113e46f35310d4c7b0577f454c135f404a06bc949c8c73783bdcf2a866039	333	fail			0.0	gvpn	350.5				0.7857142857142857	0.8378378378378378	other_gvp	competitive_gvpn_support;no_reportable_runner_up			natural_heldout	gvpn	1	nat_60d113e46f35310d4c7b
nat_14d79c7db0ddb78fd3b7	14d79c7db0ddb78fd3b771dd4e95bd8113d21b6eacaa7551afa233a6197c0b9b	333	fail			0.0	gvpn	357.9	gvpj	0.0	357.9	0.8214285714285714	0.8618618618618619	other_gvp	competitive_gvpn_support		0.0	natural_heldout	gvpn	1	nat_14d79c7db0ddb78fd3b7
nat_de738d3f133c0d26a7f4	de738d3f133c0d26a7f40b99b9b96c327c293e037f4ac0706f6cee08ad1aa866	330	fail			0.0	gvpn	426.4				0.8214285714285714	0.9030303030303031	other_gvp	competitive_gvpn_support;no_reportable_runner_up			natural_heldout	gvpn	1	nat_de738d3f133c0d26a7f4
nat_c8df5d1ec0a683e490d4	c8df5d1ec0a683e490d45f45e175e3c73181719f051580641821bffc7460f0a5	329	fail			0.0	gvpn	427.6				0.8186813186813187	0.9118541033434651	other_gvp	competitive_gvpn_support;no_reportable_runner_up			natural_heldout	gvpn	1	nat_c8df5d1ec0a683e490d4
nat_dc27ebbf4ebecdfbc754	dc27ebbf4ebecdfbc754c083d6db63da62cc23446d319892f426c89864cb1d4a	329	fail	0.3	0.3	0.5128205128205128	gvpn	444.2				0.8269230769230769	0.9148936170212766	other_gvp	competitive_gvpn_support;no_reportable_runner_up			natural_heldout	gvpn	1	nat_dc27ebbf4ebecdfbc754
nat_3c8a019d533f73867dad	3c8a019d533f73867dadf01a14aea571be9076be51f93c61be5be1855b1fce5c	329	fail			0.0	gvpn	421.8				0.8214285714285714	0.9148936170212766	other_gvp	competitive_gvpn_support;no_reportable_runner_up			natural_heldout	gvpn	1	nat_3c8a019d533f73867dad
nat_3cb28dfb0fb4475c8300	3cb28dfb0fb4475c8300ce5fc9f68c468d572684df326b88f441618acc936a0d	328	fail			0.0	gvpn	421.6				0.7912087912087912	0.8841463414634146	other_gvp	competitive_gvpn_support;no_reportable_runner_up			natural_heldout	gvpn	1	nat_3cb28dfb0fb4475c8300
nat_f4ff162dd635f7a7df88	f4ff162dd635f7a7df88bae0b51bb7b43f8a207847958655529f0304cb973331	327	fail			0.0	gvpn	413.3				0.771978021978022	0.8623853211009175	other_gvp	competitive_gvpn_support;no_reportable_runner_up			natural_heldout	gvpn	1	nat_f4ff162dd635f7a7df88
nat_1b01a6995022d32b2f22	1b01a6995022d32b2f22cdb50561a6e089880b7a955c0f18c0b412d61a3b6e59	327	fail			0.0	gvpn	392.9				0.8434065934065934	0.9418960244648318	other_gvp	competitive_gvpn_support;no_reportable_runner_up			natural_heldout	gvpn	1	nat_1b01a6995022d32b2f22
nat_a575c7521c67f51d5d35	a575c7521c67f51d5d3579af737d1420ed4e98ea212bc79c22f0bdfce1b5ee42	327	fail			0.0	gvpc	227.3				0.9770114942528736	0.9908256880733946	other_gvp	competitive_gvpc_support;no_reportable_runner_up			natural_heldout	gvpc	1	nat_a575c7521c67f51d5d35
nat_ed6d1dbeb44aa9e7c7f5	ed6d1dbeb44aa9e7c7f58656170201e9c520e252d960a8608264a5ea90ca19e3	326	fail			0.0	gvpl	300.0	gvpk	3.9	296.1	0.9547038327526133	0.9539877300613497	other_gvp	competitive_gvpl_support			natural_heldout	gvpl	1	nat_ed6d1dbeb44aa9e7c7f5
nat_50b1fcd2e2e257364825	50b1fcd2e2e2573648259ed152f8ce475526b507e6be74e78cd625406621d7ec	326	fail			0.0	gvpn	432.3				0.8241758241758241	0.9202453987730062	other_gvp	competitive_gvpn_support;no_reportable_runner_up			natural_heldout	gvpn	1	nat_50b1fcd2e2e257364825
nat_99441ffbc2eca666e105	99441ffbc2eca666e105d2237983557e2042fe1f1fda21f637bc60e81b83de88	323	fail			0.0	gvpn	426.0				0.8186813186813187	0.9256965944272446	other_gvp	competitive_gvpn_support;no_reportable_runner_up			natural_heldout	gvpn	1	nat_99441ffbc2eca666e105
nat_702b258a80a816c75a81	702b258a80a816c75a81e1d27470ca41522bf03fa9a9dab23ac6168c07e6bbd4	323	fail			0.0	gvpn	364.4				0.804945054945055	0.8854489164086687	other_gvp	competitive_gvpn_support;no_reportable_runner_up			natural_heldout	gvpn	1	nat_702b258a80a816c75a81
nat_c500111a61f53f446ae7	c500111a61f53f446ae7ddde719bfd0cda8ec958d6924057bc0b9ce19c474398	322	fail			0.0	gvpl	337.7				0.8641114982578397	0.7639751552795031	other_gvp	competitive_gvpl_support;no_reportable_runner_up			natural_heldout	gvpl	1	nat_c500111a61f53f446ae7
nat_8033d574bb9b40ac0a39	8033d574bb9b40ac0a39fd37b85a8f3eb0b08512e4ccb273fb62ebfa58fbc656	320	fail			0.0	gvpn	383.0				0.7939560439560439	0.909375	other_gvp	competitive_gvpn_support;no_reportable_runner_up			natural_heldout	gvpn	1	nat_8033d574bb9b40ac0a39
nat_24779df4dad8b6c4a0b0	24779df4dad8b6c4a0b0a4f06e8fe474ad6a695cb3ae96eb68f77551bd559442	320	fail			0.0	gvpn	443.8				0.8104395604395604	0.928125	other_gvp	competitive_gvpn_support;no_reportable_runner_up			natural_heldout	gvpn	1	nat_24779df4dad8b6c4a0b0
nat_2eaa8f0305bf63d204a7	2eaa8f0305bf63d204a71d81850da7b1a356800d5a7f2bd421327024d44b3474	315	fail			0.0	gvpn	446.7				0.8214285714285714	0.9523809523809523	other_gvp	competitive_gvpn_support;no_reportable_runner_up			natural_heldout	gvpn	1	nat_2eaa8f0305bf63d204a7
nat_7b8317b973de3f845dc6	7b8317b973de3f845dc67abb6a33811a0c3ed8ccd9aed2680c33aa26f93e203a	314	fail			0.0	gvpn	407.6				0.804945054945055	0.9171974522292994	other_gvp	competitive_gvpn_support;no_reportable_runner_up			natural_heldout	gvpn	1	nat_7b8317b973de3f845dc6
nat_2c9bf16622aacddb165e	2c9bf16622aacddb165e86cd46f6b74ee0107cb20eb13b2862249b1548b88b72	313	fail			0.0	gvpl	347.9	gvpc	2.4	345.5	0.9686411149825784	0.9808306709265175	other_gvp	competitive_gvpl_support			natural_heldout	gvpl	1	nat_2c9bf16622aacddb165e
nat_c94da6ff72ddadbf903d	c94da6ff72ddadbf903dafbfbc7d26d07a7ba7598cc0943721ced0300ba82ccc	313	fail			0.0	gvpl	292.8	gvpc	2.2	290.6	0.9547038327526133	0.952076677316294	other_gvp	competitive_gvpl_support		0.0	natural_heldout	gvpl	1	nat_c94da6ff72ddadbf903d
nat_4a12bab0db60e22a9e8e	4a12bab0db60e22a9e8e7162c82c56f1d139abee94ac94b17d553cdc2f0bff0f	313	fail			0.0	gvpn	449.0	gvpv	0.6	448.4	0.8131868131868132	0.9488817891373802	other_gvp	competitive_gvpn_support			natural_heldout	gvpn	1	nat_4a12bab0db60e22a9e8e
nat_1d0c3bce91fc2c137fb1	1d0c3bce91fc2c137fb106aa09c597baf441cdf40cc612ba441ed2deb8ba73ad	312	fail			0.0	gvpl	299.4	gvpk	4.0	295.4	0.9477351916376306	0.9903846153846154	other_gvp	competitive_gvpl_support	2.1		natural_heldout	gvpl	1	nat_1d0c3bce91fc2c137fb1
nat_4ec834b2dca7e0af0ba8	4ec834b2dca7e0af0ba8b6a868c814064daef85a845f4e15f7f711b849e1079c	312	fail			0.0	gvpn	452.7				0.8104395604395604	0.9455128205128205	other_gvp	competitive_gvpn_support;no_reportable_runner_up			natural_heldout	gvpn	1	nat_4ec834b2dca7e0af0ba8
nat_7e883f72aaf412c24654	7e883f72aaf412c24654f2b49cda0b2b9e025a0c75c3065acb87ee32c6021c5f	311	fail			0.0	gvpl	384.0	gvpc	4.1	379.9	0.9686411149825784	0.932475884244373	other_gvp	competitive_gvpl_support			natural_heldout	gvpl	1	nat_7e883f72aaf412c24654
nat_f59e6ad0141b3890b3f2	f59e6ad0141b3890b3f228dcd3d348684b7b71ef5840084db0ffd1a7d535fb96	311	fail			0.0	gvpn	392.7				0.804945054945055	0.9453376205787781	other_gvp	competitive_gvpn_support;no_reportable_runner_up			natural_heldout	gvpn	1	nat_f59e6ad0141b3890b3f2
nat_b82dca2b5693bc0bfdef	b82dca2b5693bc0bfdefb040ca4d2d508851ef80982fb51e898eeb9602de9583	310	fail			0.0	gvpl	336.5	gvpj	1.7	334.8	0.9616724738675958	0.9354838709677419	other_gvp	competitive_gvpl_support		1.7	natural_heldout	gvpl	1	nat_b82dca2b5693bc0bfdef
nat_5d4e894d56f128b86f9e	5d4e894d56f128b86f9e2fa7e7d319ed0aa08dc71186aca90fcf4a9efa0177b2	310	fail			0.0	gvpn	406.5				0.7747252747252747	0.9032258064516129	other_gvp	competitive_gvpn_support;no_reportable_runner_up			natural_heldout	gvpn	1	nat_5d4e894d56f128b86f9e
nat_4e39ee716599aaf973b0	4e39ee716599aaf973b005d3fb1d074aa414f239d910efd674f944da38144f4a	310	fail			0.0	gvpn	438.0				0.8021978021978022	0.9516129032258065	other_gvp	competitive_gvpn_support;no_reportable_runner_up			natural_heldout	gvpn	1	nat_4e39ee716599aaf973b0
nat_c58378832d10e041e802	c58378832d10e041e802d4dfa5734ff9e21039c2375be6b56e97e2bbc06ac5bf	310	fail			0.0	gvpn	416.4	gvpj	0.3	416.09999999999997	0.8214285714285714	0.9709677419354839	other_gvp	competitive_gvpn_support		0.3	natural_heldout	gvpn	1	nat_c58378832d10e041e802
nat_31455055e0d7642bcd7e	31455055e0d7642bcd7eb8fe722e1716e7e251c59c63f93141b762145281d5f0	310	fail			0.0	gvpn	446.0				0.8021978021978022	0.9516129032258065	other_gvp	competitive_gvpn_support;no_reportable_runner_up			natural_heldout	gvpn	1	nat_31455055e0d7642bcd7e
nat_4cca1066084d420d9c60	4cca1066084d420d9c6058ab7356a750feca682c31e938b7988c989b75ef7801	309	fail			0.0	gvpl	380.2	gvpc	6.0	374.2	0.9616724738675958	0.9449838187702265	other_gvp	competitive_gvpl_support			natural_heldout	gvpl	1	nat_4cca1066084d420d9c60
nat_d784af921bd64d7ae792	d784af921bd64d7ae792f99ea11ceb56df43d8b816d6ce793b57e5b4d76f4b0d	309	fail			0.0	gvpn	421.1				0.760989010989011	0.889967637540453	other_gvp	competitive_gvpn_support;no_reportable_runner_up			natural_heldout	gvpn	1	nat_d784af921bd64d7ae792
nat_35e665e79a99b45e3432	35e665e79a99b45e34328486136800a879873b2abd013a98c903639a113582ea	309	fail			0.0	gvpn	429.5				0.8406593406593407	0.9935275080906149	other_gvp	competitive_gvpn_support;no_reportable_runner_up			natural_heldout	gvpn	1	nat_35e665e79a99b45e3432
nat_11facbeecd100c462542	11facbeecd100c46254247aee004bc2a9b60de3bad854d8162b3ef8794c102a8	308	fail			0.0	gvpl	389.6	gvpc	4.2	385.40000000000003	0.9721254355400697	0.935064935064935	other_gvp	competitive_gvpl_support			natural_heldout	gvpl	1	nat_11facbeecd100c462542
nat_ef6609ac5b8de7e40221	ef6609ac5b8de7e40221f9620d08b0871dc0e9a8bd66f2561327a51a6ee9a570	308	fail			0.0	gvpn	454.5				0.8269230769230769	0.9772727272727273	other_gvp	competitive_gvpn_support;no_reportable_runner_up			natural_heldout	gvpn	1	nat_ef6609ac5b8de7e40221
nat_3ca9346dd16ad1aa7e7a	3ca9346dd16ad1aa7e7aca7753124a6b0bf5b4028a7554679af43c8c8d6a4c8d	308	fail			0.0	gvpn	443.1				0.804945054945055	0.961038961038961	other_gvp	competitive_gvpn_support;no_reportable_runner_up			natural_heldout	gvpn	1	nat_3ca9346dd16ad1aa7e7a
nat_dc15fcc793f1ca8f4d30	dc15fcc793f1ca8f4d30d2f39383af8db86171a578b544029ed46b394fc2bd68	308	fail			0.0	gvpn	449.4				0.804945054945055	0.9577922077922078	other_gvp	competitive_gvpn_support;no_reportable_runner_up			natural_heldout	gvpn	1	nat_dc15fcc793f1ca8f4d30
nat_dab7638412f3529daa14	dab7638412f3529daa14ec7fd6bf25a202effd80752ab3db499a774f4bc15d73	308	fail			0.0	gvpn	436.6				0.8379120879120879	0.9772727272727273	other_gvp	competitive_gvpn_support;no_reportable_runner_up			natural_heldout	gvpn	1	nat_dab7638412f3529daa14
nat_3d56a8d57b96c9cc2c26	3d56a8d57b96c9cc2c26fadf890df16d4a3d87445a437c490bc44a4741d7a3e2	308	fail			0.0	gvpn	448.7	gvpk	1.0	447.7	0.8131868131868132	0.9707792207792207	other_gvp	competitive_gvpn_support			natural_heldout	gvpn	1	nat_3d56a8d57b96c9cc2c26
nat_4ecdb7970e918374926f	4ecdb7970e918374926f1314052a405a7b592ab44416e0e7b4a76989aa790d30	308	fail			0.0	gvpn	454.1				0.8104395604395604	0.9577922077922078	other_gvp	competitive_gvpn_support;no_reportable_runner_up			natural_heldout	gvpn	1	nat_4ecdb7970e918374926f
nat_c36a1b8e67c713e3d739	c36a1b8e67c713e3d739deb268c3c479527941cb716ed568aa356ce19f2e3db4	308	fail			0.0	gvpn	446.4	gvpv	1.2	445.2	0.8186813186813187	0.9707792207792207	other_gvp	competitive_gvpn_support			natural_heldout	gvpn	1	nat_c36a1b8e67c713e3d739
nat_5c452926f0423d326ea8	5c452926f0423d326ea8220719e354c19ff5db13ed77d48e8c83793ee4ed5035	308	fail			0.0	gvpn	425.8				0.8214285714285714	0.9707792207792207	other_gvp	competitive_gvpn_support;no_reportable_runner_up			natural_heldout	gvpn	1	nat_5c452926f0423d326ea8
nat_a93dbe148c2c4b1fa84f	a93dbe148c2c4b1fa84f12b826d700fe9af72a376a07de8d44d5f641d3ddf634	308	fail			0.0	gvpn	437.1				0.8159340659340659	0.9642857142857143	other_gvp	competitive_gvpn_support;no_reportable_runner_up			natural_heldout	gvpn	1	nat_a93dbe148c2c4b1fa84f
nat_5aa37250874540f82458	5aa37250874540f82458c86f1c8e3eaffd6fe4f2b4b7d78c13b8095244ae57f6	307	fail			0.0	gvpl	244.8	gvpa	1.8	243.0	0.9407665505226481	0.8664495114006515	other_gvp	competitive_gvpl_support	1.8		natural_heldout	gvpl	1	nat_5aa37250874540f82458
nat_1c3160e54d662c49056f	1c3160e54d662c49056f07f6d063fe698dda17e6c8ce20274b507214cd5c11ac	307	fail			0.0	gvpl	395.0	gvpc	4.2	390.8	0.9721254355400697	0.9348534201954397	other_gvp	competitive_gvpl_support			natural_heldout	gvpl	1	nat_1c3160e54d662c49056f
nat_d01313533761e19dcf99	d01313533761e19dcf9964cf21120e34783ad90fc91e6540f0699538c6f64d32	307	fail			0.0	gvpn	431.6				0.8186813186813187	0.9674267100977199	other_gvp	competitive_gvpn_support;no_reportable_runner_up			natural_heldout	gvpn	1	nat_d01313533761e19dcf99
nat_f52c02d2bf8eb4b5a87c	f52c02d2bf8eb4b5a87cf1728b0eb65d4f7602db46d492e324bc24f984d1eaa4	307	fail			0.0	gvpn	440.5				0.8104395604395604	0.9674267100977199	other_gvp	competitive_gvpn_support;no_reportable_runner_up			natural_heldout	gvpn	1	nat_f52c02d2bf8eb4b5a87c
nat_169db323577b20f8e142	169db323577b20f8e142e696f0438965c9f811d404f46a66a6fefbbe18085589	307	fail			0.0	gvpn	454.4				0.8021978021978022	0.9478827361563518	other_gvp	competitive_gvpn_support;no_reportable_runner_up			natural_heldout	gvpn	1	nat_169db323577b20f8e142
nat_f071c31e33c19a00c19b	f071c31e33c19a00c19b01a4d4031c8b7c05f9463b1cb6edf27694402e868f90	307	fail			0.0	gvpn	446.6				0.8186813186813187	0.9771986970684039	other_gvp	competitive_gvpn_support;no_reportable_runner_up			natural_heldout	gvpn	1	nat_f071c31e33c19a00c19b
nat_45d949ebbb79a89f7fb5	45d949ebbb79a89f7fb586f3658103cd6a646f62bf33e0dcd356d497d6b1e187	307	fail			0.0	gvpn	395.3				0.8131868131868132	0.9674267100977199	other_gvp	competitive_gvpn_support;no_reportable_runner_up			natural_heldout	gvpn	1	nat_45d949ebbb79a89f7fb5
nat_bea1a0edbf185694afaa	bea1a0edbf185694afaab37c46c852cc179a32a95352e0dd7a99fb87d617ba6f	307	fail			0.0	gvpn	436.2				0.8131868131868132	0.9706840390879479	other_gvp	competitive_gvpn_support;no_reportable_runner_up			natural_heldout	gvpn	1	nat_bea1a0edbf185694afaa
nat_30ba3fccaeb1129e2995	30ba3fccaeb1129e2995dcfea777f6eac6337d775189f1e761c38a1793097658	307	fail			0.0	gvpn	441.1				0.8186813186813187	0.9674267100977199	other_gvp	competitive_gvpn_support;no_reportable_runner_up			natural_heldout	gvpn	1	nat_30ba3fccaeb1129e2995
nat_e4a8de7e5640998fd89f	e4a8de7e5640998fd89fb7f6ae239b2d7b02fd849a55beac6a55478990d25031	307	fail			0.0	gvpn	441.0				0.8104395604395604	0.9674267100977199	other_gvp	competitive_gvpn_support;no_reportable_runner_up			natural_heldout	gvpn	1	nat_e4a8de7e5640998fd89f
nat_91f953ee50e92d72b07b	91f953ee50e92d72b07be642eaf58da0e84243180a367ab38a1f0b14aee4ab21	307	fail			0.0	gvpn	455.0				0.8159340659340659	0.9706840390879479	other_gvp	competitive_gvpn_support;no_reportable_runner_up			natural_heldout	gvpn	1	nat_91f953ee50e92d72b07b
nat_407b9405c86af136e96b	407b9405c86af136e96bdf9f6d43ceebd0c25e2c6f2dda896718104ed46a33e1	307	fail			0.0	gvpn	418.1				0.7912087912087912	0.9413680781758957	other_gvp	competitive_gvpn_support;no_reportable_runner_up			natural_heldout	gvpn	1	nat_407b9405c86af136e96b
nat_8793692830a9c68c1da1	8793692830a9c68c1da18031c518e8d4e051d0b3c3b9b6ffdafa7b1e67cea309	306	fail			0.0	gvpl	367.7	gvpc	3.9	363.8	0.9616724738675958	0.9444444444444444	other_gvp	competitive_gvpl_support			natural_heldout	gvpl	1	nat_8793692830a9c68c1da1
nat_ecb4d5eaec8b7a272c78	ecb4d5eaec8b7a272c78ecf0e3763cc6fe91662133a7b34d7185b6c4eaf7df83	306	fail			0.0	gvpn	449.0				0.8159340659340659	0.9738562091503268	other_gvp	competitive_gvpn_support;no_reportable_runner_up			natural_heldout	gvpn	1	nat_ecb4d5eaec8b7a272c78
nat_e522535f2f553ce68d23	e522535f2f553ce68d23079142c7ed6cd20c50e6aa0ef8e62b9141f67db2ad68	306	fail			0.0	gvpn	448.8				0.8104395604395604	0.9673202614379085	other_gvp	competitive_gvpn_support;no_reportable_runner_up			natural_heldout	gvpn	1	nat_e522535f2f553ce68d23
nat_588bfcf02e619796569a	588bfcf02e619796569a26d8db599e86e93046a2a0fce1e638e0faa992e5c6c5	306	fail			0.0	gvpn	450.9				0.8131868131868132	0.9705882352941176	other_gvp	competitive_gvpn_support;no_reportable_runner_up			natural_heldout	gvpn	1	nat_588bfcf02e619796569a
nat_a6b964cbd630eb922e38	a6b964cbd630eb922e38f5b88012cbdf4cf8bd83b9e56fd54eaf8c21bfb49914	306	fail			0.0	gvpn	444.6				0.8076923076923077	0.9640522875816994	other_gvp	competitive_gvpn_support;no_reportable_runner_up			natural_heldout	gvpn	1	nat_a6b964cbd630eb922e38
nat_05cf56205d19f7127aeb	05cf56205d19f7127aeb219596a807a6276fe3ab7d60737fb59897ddb68bc949	306	fail			0.0	gvpn	449.9				0.8131868131868132	0.9705882352941176	other_gvp	competitive_gvpn_support;no_reportable_runner_up			natural_heldout	gvpn	1	nat_05cf56205d19f7127aeb
nat_ce5ea2e02b05b6b9ccbf	ce5ea2e02b05b6b9ccbf7106957a8a813c39150fb80bc22cfa9bdf03693d92f7	306	fail			0.0	gvpn	453.7				0.8131868131868132	0.9705882352941176	other_gvp	competitive_gvpn_support;no_reportable_runner_up			natural_heldout	gvpn	1	nat_ce5ea2e02b05b6b9ccbf
nat_79a098113009d37b9711	79a098113009d37b9711be9c2f8d62aa1fc24c5e96264ada4e71d1e1a36133cd	306	fail			0.0	gvpn	449.7				0.8131868131868132	0.9705882352941176	other_gvp	competitive_gvpn_support;no_reportable_runner_up			natural_heldout	gvpn	1	nat_79a098113009d37b9711
nat_1bd1dbe69d1d10710aa0	1bd1dbe69d1d10710aa0d303f4602757b76921e39df9a6616df62ad8979ff9d8	306	fail			0.0	gvpn	430.0	gvpv	1.7	428.3	0.8131868131868132	0.9738562091503268	other_gvp	competitive_gvpn_support			natural_heldout	gvpn	1	nat_1bd1dbe69d1d10710aa0
nat_4ea0f5959aef820b13a5	4ea0f5959aef820b13a5335fce84d3ba36b11a5f69c2280ca3308ac283cb2b32	306	fail			0.0	gvpn	435.3				0.8076923076923077	0.9673202614379085	other_gvp	competitive_gvpn_support;no_reportable_runner_up			natural_heldout	gvpn	1	nat_4ea0f5959aef820b13a5
nat_6b1f77336fd46179c38e	6b1f77336fd46179c38eea29b9523e382d10385828b0b097f7d6c9d81ff061b5	306	fail			0.0	gvpn	433.1				0.804945054945055	0.9673202614379085	other_gvp	competitive_gvpn_support;no_reportable_runner_up			natural_heldout	gvpn	1	nat_6b1f77336fd46179c38e
nat_c9400a0c714510d1c5db	c9400a0c714510d1c5db2fb17d80a30f3f0ebccc7b2e029a19152d1526ba92d9	306	fail			0.0	gvpn	404.6				0.8186813186813187	0.9738562091503268	other_gvp	competitive_gvpn_support;no_reportable_runner_up			natural_heldout	gvpn	1	nat_c9400a0c714510d1c5db
nat_50f526ada81d8351f3be	50f526ada81d8351f3be02ab4b79aeff60f51695add9a5e891ad0e910ca381af	306	fail			0.0	gvpn	438.2				0.8131868131868132	0.9803921568627451	other_gvp	competitive_gvpn_support;no_reportable_runner_up			natural_heldout	gvpn	1	nat_50f526ada81d8351f3be
nat_40ac47de8a1fd2bdb394	40ac47de8a1fd2bdb3946058090cbb9b041d6859437c43417f8bed81e14e0bd9	306	fail			0.0	gvpn	451.4				0.8104395604395604	0.9673202614379085	other_gvp	competitive_gvpn_support;no_reportable_runner_up			natural_heldout	gvpn	1	nat_40ac47de8a1fd2bdb394
nat_e52f3b2a130c18d14ea3	e52f3b2a130c18d14ea3f55c777ed2015e2ffa1f9a661e41ae664edec8a0091e	306	fail			0.0	gvpn	443.8				0.8104395604395604	0.9673202614379085	other_gvp	competitive_gvpn_support;no_reportable_runner_up			natural_heldout	gvpn	1	nat_e52f3b2a130c18d14ea3
nat_5449879dda6b0d1f50c8	5449879dda6b0d1f50c8548c88abbffd3504eb68a422a8f67b7f4376255cf06c	306	fail			0.0	gvpn	442.6				0.8131868131868132	0.9738562091503268	other_gvp	competitive_gvpn_support;no_reportable_runner_up			natural_heldout	gvpn	1	nat_5449879dda6b0d1f50c8
nat_4a97662eb1c68a2ceae4	4a97662eb1c68a2ceae4c54aa610e89c54a9d90af284f383f7dbfed09814dd04	306	fail			0.0	gvpn	455.0	gvpc	1.1	453.9	0.8131868131868132	0.9705882352941176	other_gvp	competitive_gvpn_support			natural_heldout	gvpn	1	nat_4a97662eb1c68a2ceae4
nat_97acf1a774d82008720b	97acf1a774d82008720bdd30a555fa5396f76957ff8a3da02563a466071024f4	306	fail			0.0	gvpn	442.4				0.8104395604395604	0.9673202614379085	other_gvp	competitive_gvpn_support;no_reportable_runner_up			natural_heldout	gvpn	1	nat_97acf1a774d82008720b
nat_ac2f4acc894990445a03	ac2f4acc894990445a036ba295858099a8f301cba56655559105407ed55608c6	306	fail			0.0	gvpn	448.2				0.8131868131868132	0.9705882352941176	other_gvp	competitive_gvpn_support;no_reportable_runner_up			natural_heldout	gvpn	1	nat_ac2f4acc894990445a03
nat_d1ce50bbd76f243ab9e0	d1ce50bbd76f243ab9e0f2afa6e2831e729f2e2ca438d16eb3559a71b9135f47	306	fail			0.0	gvpn	431.1				0.8131868131868132	0.9738562091503268	other_gvp	competitive_gvpn_support;no_reportable_runner_up			natural_heldout	gvpn	1	nat_d1ce50bbd76f243ab9e0
nat_f06f0d48b6355aff3d63	f06f0d48b6355aff3d63d159d57b551989a8a59b71fc08bcbe7e792a9eede9a8	306	fail			0.0	gvpn	431.6				0.8104395604395604	0.9771241830065359	other_gvp	competitive_gvpn_support;no_reportable_runner_up			natural_heldout	gvpn	1	nat_f06f0d48b6355aff3d63
nat_a0c268810cbe681db67b	a0c268810cbe681db67b3d9405ad33f5d231a12c2dd0a6a6e1d5c149eb345dc7	306	fail			0.0	gvpn	451.3				0.8076923076923077	0.9640522875816994	other_gvp	competitive_gvpn_support;no_reportable_runner_up			natural_heldout	gvpn	1	nat_a0c268810cbe681db67b
nat_2e363c89b729cea992c9	2e363c89b729cea992c9ce4df46938ca6d12c785c1fc326f1d244f9a5d68c026	306	fail			0.0	gvpn	450.7				0.8131868131868132	0.9705882352941176	other_gvp	competitive_gvpn_support;no_reportable_runner_up			natural_heldout	gvpn	1	nat_2e363c89b729cea992c9
nat_43891639cbd0b187cd1d	43891639cbd0b187cd1d902ba47c8d74e823c7bc3622ec148da4aca5a5da0334	306	fail			0.0	gvpn	444.8				0.8131868131868132	0.9705882352941176	other_gvp	competitive_gvpn_support;no_reportable_runner_up			natural_heldout	gvpn	1	nat_43891639cbd0b187cd1d
nat_bcb9e1eae66ab21697b9	bcb9e1eae66ab21697b98fe3193d1f027068a3cb137ce24e3ab21bbc89a1eb09	306	fail			0.0	gvpn	448.8	gvpv	0.9	447.90000000000003	0.8131868131868132	0.9705882352941176	other_gvp	competitive_gvpn_support			natural_heldout	gvpn	1	nat_bcb9e1eae66ab21697b9
nat_5c2c6d85dfdc598a06ad	5c2c6d85dfdc598a06ad8cdf36b88a3f824f020eb66767ea66408b9a664bc08a	306	fail			0.0	gvpn	457.4				0.8159340659340659	0.9738562091503268	other_gvp	competitive_gvpn_support;no_reportable_runner_up			natural_heldout	gvpn	1	nat_5c2c6d85dfdc598a06ad
nat_6a4e728dd1a2748c7a6b	6a4e728dd1a2748c7a6bb9248b4390cd5d0693a74151f994c8036b3631ba7638	305	fail			0.0	gvpn	435.9				0.8076923076923077	0.9737704918032787	other_gvp	competitive_gvpn_support;no_reportable_runner_up			natural_heldout	gvpn	1	nat_6a4e728dd1a2748c7a6b
nat_fe370195324903d98258	fe370195324903d982588d625ffffd5687afd59590e37b98d4dd2a2f8457668e	305	fail			0.0	gvpn	456.1				0.8131868131868132	0.9737704918032787	other_gvp	competitive_gvpn_support;no_reportable_runner_up			natural_heldout	gvpn	1	nat_fe370195324903d98258
nat_02b312b341bceffcce29	02b312b341bceffcce29b7cce656d1c196588211305017f6a872f68c991a23e4	305	fail			0.0	gvpn	439.6				0.8131868131868132	0.9737704918032787	other_gvp	competitive_gvpn_support;no_reportable_runner_up			natural_heldout	gvpn	1	nat_02b312b341bceffcce29
nat_ede8cbd94c7fc4460ed9	ede8cbd94c7fc4460ed9059500a873a93f034a5dfa53cc715b87272f8557dbbf	305	fail			0.0	gvpn	443.3				0.804945054945055	0.9639344262295082	other_gvp	competitive_gvpn_support;no_reportable_runner_up			natural_heldout	gvpn	1	nat_ede8cbd94c7fc4460ed9
nat_d9a321ed7844ae6c4c6b	d9a321ed7844ae6c4c6b6992cd2a5b232852adaa60de2697fc1438e6a8ec7b99	305	fail			0.0	gvpn	454.3				0.8131868131868132	0.9770491803278688	other_gvp	competitive_gvpn_support;no_reportable_runner_up			natural_heldout	gvpn	1	nat_d9a321ed7844ae6c4c6b
nat_62f5ef8377aa8023fccf	62f5ef8377aa8023fccfc3574de32dfce4d6e4ace99507c1f731dd0a67657c8a	305	fail			0.0	gvpn	425.6	gvpk	2.7	422.90000000000003	0.8159340659340659	0.980327868852459	other_gvp	competitive_gvpn_support			natural_heldout	gvpn	1	nat_62f5ef8377aa8023fccf
nat_dad397d75593a205f9a3	dad397d75593a205f9a32728a6195ebb81e402b04c89231d074669d60ef61b75	305	fail			0.0	gvpn	448.3				0.8131868131868132	0.9737704918032787	other_gvp	competitive_gvpn_support;no_reportable_runner_up			natural_heldout	gvpn	1	nat_dad397d75593a205f9a3
nat_63b42649f498d1929385	63b42649f498d19293857b987adbf32937951360e8059dace79e34d73f1393f2	305	fail			0.0	gvpn	452.1				0.8104395604395604	0.9704918032786886	other_gvp	competitive_gvpn_support;no_reportable_runner_up			natural_heldout	gvpn	1	nat_63b42649f498d1929385
nat_2a1f151d8eb77a4a2e56	2a1f151d8eb77a4a2e5678b23fd5d1a75578bc560ee80606ce9ebf930eb46df5	305	fail			0.0	gvpn	445.1				0.8104395604395604	0.9672131147540983	other_gvp	competitive_gvpn_support;no_reportable_runner_up			natural_heldout	gvpn	1	nat_2a1f151d8eb77a4a2e56
nat_af0a3944c434d4553dcc	af0a3944c434d4553dcc1d178b8e8b2cc30e4348c8e5fe81ad86390f9c8dd0da	305	fail			0.0	gvpn	428.7				0.8104395604395604	0.9737704918032787	other_gvp	competitive_gvpn_support;no_reportable_runner_up			natural_heldout	gvpn	1	nat_af0a3944c434d4553dcc
nat_a88f584606c09ae4c4d8	a88f584606c09ae4c4d858c303a5ed4e5155e6242f54c4085e8ebc56abe8ac9b	304	fail			0.0	gvpn	455.9				0.8076923076923077	0.9671052631578947	other_gvp	competitive_gvpn_support;no_reportable_runner_up			natural_heldout	gvpn	1	nat_a88f584606c09ae4c4d8
nat_3be7715fb45effefa5fc	3be7715fb45effefa5fc6c2c684c9d236e65cff7bd049825fde85ce4b3631630	304	fail			0.0	gvpn	445.1	gvpc	0.2	444.90000000000003	0.8131868131868132	0.9736842105263158	other_gvp	competitive_gvpn_support			natural_heldout	gvpn	1	nat_3be7715fb45effefa5fc
nat_8c315ad23843e5bf095b	8c315ad23843e5bf095b894571bed0f05951f42611b631ee25badd1a9da74397	304	fail			0.0	gvpn	434.7				0.7994505494505495	0.9638157894736842	other_gvp	competitive_gvpn_support;no_reportable_runner_up			natural_heldout	gvpn	1	nat_8c315ad23843e5bf095b
nat_eb28da1d903c37355189	eb28da1d903c3735518995f874c96264b17799afd6b4285d104eaa3be48045f7	304	fail			0.0	gvpn	436.8				0.804945054945055	0.9638157894736842	other_gvp	competitive_gvpn_support;no_reportable_runner_up			natural_heldout	gvpn	1	nat_eb28da1d903c37355189
nat_607b0ae2146d71c2ecb9	607b0ae2146d71c2ecb9685874e5bc818c1c1602a7ae27235fbe5c6b0d419802	304	fail			0.0	gvpn	455.7				0.8131868131868132	0.9769736842105263	other_gvp	competitive_gvpn_support;no_reportable_runner_up			natural_heldout	gvpn	1	nat_607b0ae2146d71c2ecb9
nat_6e621f47c2f9077b90dd	6e621f47c2f9077b90ddd23f579dd88e307dac08bd22c0577344aaae7cf29bc1	304	fail			0.0	gvpn	455.4				0.7994505494505495	0.9572368421052632	other_gvp	competitive_gvpn_support;no_reportable_runner_up			natural_heldout	gvpn	1	nat_6e621f47c2f9077b90dd
nat_8a85013f34065225ec09	8a85013f34065225ec098271e3c95b1ee9a41584044e5499960151cd19d912d8	304	fail			0.0	gvpn	382.8				0.8021978021978022	0.9572368421052632	other_gvp	competitive_gvpn_support;no_reportable_runner_up			natural_heldout	gvpn	1	nat_8a85013f34065225ec09
nat_8d29dbea7dff784fdb6e	8d29dbea7dff784fdb6ee0f5b694abbf0e2ea608c0904951d6c27be1e02a41cb	304	fail			0.0	gvpn	458.3				0.7967032967032966	0.9605263157894737	other_gvp	competitive_gvpn_support;no_reportable_runner_up			natural_heldout	gvpn	1	nat_8d29dbea7dff784fdb6e
nat_5820c53722d3b474221a	5820c53722d3b474221ad922080241cc4316e0173f5b6d4852c7a9be77777fc5	304	fail			0.0	gvpn	442.5				0.8131868131868132	0.9703947368421053	other_gvp	competitive_gvpn_support;no_reportable_runner_up			natural_heldout	gvpn	1	nat_5820c53722d3b474221a
nat_605c1fef9ad5f1db7c71	605c1fef9ad5f1db7c712debc7832d4e689e436c932a10cb23e716e9f4838d22	304	fail			0.0	gvpn	453.7				0.8104395604395604	0.9736842105263158	other_gvp	competitive_gvpn_support;no_reportable_runner_up			natural_heldout	gvpn	1	nat_605c1fef9ad5f1db7c71
nat_1f877d52c71e6212dfea	1f877d52c71e6212dfea1574acd69c7f193d43a799fc98c2dc9b3037a76e06b7	304	fail			0.0	gvpn	431.9				0.7994505494505495	0.9671052631578947	other_gvp	competitive_gvpn_support;no_reportable_runner_up			natural_heldout	gvpn	1	nat_1f877d52c71e6212dfea
nat_55b9f05be51ef0acc146	55b9f05be51ef0acc14647463c01c57f59e5a350755aeb11b9dccaae05bd7416	304	fail			0.0	gvpn	436.5				0.8076923076923077	0.9769736842105263	other_gvp	competitive_gvpn_support;no_reportable_runner_up			natural_heldout	gvpn	1	nat_55b9f05be51ef0acc146
nat_53977051d32bf0abf5f6	53977051d32bf0abf5f632f9316f518e4ec31c67a4f76f7f7ecec9d5be98b336	304	fail			0.0	gvpn	430.8				0.7939560439560439	0.9638157894736842	other_gvp	competitive_gvpn_support;no_reportable_runner_up			natural_heldout	gvpn	1	nat_53977051d32bf0abf5f6
nat_cc8fc786d37e36329f4a	cc8fc786d37e36329f4aa883d296505e1dd4f60c65483739908b9c461ea85749	304	fail			0.0	gvpn	446.0				0.8104395604395604	0.9736842105263158	other_gvp	competitive_gvpn_support;no_reportable_runner_up			natural_heldout	gvpn	1	nat_cc8fc786d37e36329f4a
nat_bb531e143b46b0278894	bb531e143b46b02788945ef31a25ed62149a4706d4c0db3a833b5c3002866bf2	304	fail			0.0	gvpn	450.3				0.8104395604395604	0.9736842105263158	other_gvp	competitive_gvpn_support;no_reportable_runner_up			natural_heldout	gvpn	1	nat_bb531e143b46b0278894
nat_469f234ea442e352641f	469f234ea442e352641f54aaca1dee0d09aa2620661691691735e70a84edbf10	304	fail			0.0	gvpn	449.8				0.7967032967032966	0.9572368421052632	other_gvp	competitive_gvpn_support;no_reportable_runner_up			natural_heldout	gvpn	1	nat_469f234ea442e352641f
nat_d1c703b7dbcfc689dee9	d1c703b7dbcfc689dee9a7d85a82b1b40ee5299ddf8aedda940a171ec5d152b2	304	fail			0.0	gvpn	451.8				0.8104395604395604	0.9736842105263158	other_gvp	competitive_gvpn_support;no_reportable_runner_up			natural_heldout	gvpn	1	nat_d1c703b7dbcfc689dee9
nat_f0d086438337cd2de6bd	f0d086438337cd2de6bd8d0fe6c7773d6f34f6d0eac29516054fac5cb3037d1e	304	fail			0.0	gvpn	457.5				0.8104395604395604	0.9736842105263158	other_gvp	competitive_gvpn_support;no_reportable_runner_up			natural_heldout	gvpn	1	nat_f0d086438337cd2de6bd
nat_6c44dcc9cf99e76743ac	6c44dcc9cf99e76743ac30edc67daae8d3db6d5737380642819b0a95462af50e	304	fail			0.0	gvpn	436.3				0.804945054945055	0.9736842105263158	other_gvp	competitive_gvpn_support;no_reportable_runner_up			natural_heldout	gvpn	1	nat_6c44dcc9cf99e76743ac
nat_830fd35add858a598871	830fd35add858a598871c08c890d836bf2007ada1fa186295fece1c5d423e61e	304	fail			0.0	gvpn	424.4				0.7445054945054945	0.8881578947368421	other_gvp	competitive_gvpn_support;no_reportable_runner_up			natural_heldout	gvpn	1	nat_830fd35add858a598871
nat_bb8747d94d1211eb384b	bb8747d94d1211eb384b1761d126a6c08fc7b01b0955ff24b3d09f1e85010d45	303	fail			0.0	gvpn	429.4				0.8076923076923077	0.966996699669967	other_gvp	competitive_gvpn_support;no_reportable_runner_up			natural_heldout	gvpn	1	nat_bb8747d94d1211eb384b
nat_7fb8f94c1457ced9d03a	7fb8f94c1457ced9d03a0cbcc9d9f5b295b6c3b8434e5c068a134446b1584835	303	fail			0.0	gvpn	440.1	gvpk	0.6	439.5	0.8021978021978022	0.966996699669967	other_gvp	competitive_gvpn_support			natural_heldout	gvpn	1	nat_7fb8f94c1457ced9d03a
nat_1f2f2b01d2dcc425f31f	1f2f2b01d2dcc425f31ff4d1edc8ebd5c1b4b4d7d12502357cf5b753c2dded23	303	fail			0.0	gvpn	450.1				0.804945054945055	0.9636963696369637	other_gvp	competitive_gvpn_support;no_reportable_runner_up			natural_heldout	gvpn	1	nat_1f2f2b01d2dcc425f31f
nat_f2690f5ba48d23884e9e	f2690f5ba48d23884e9e98c3ba5bca6308f5bb4572f23b546ac1e69d00156473	303	fail			0.0	gvpn	449.3				0.8104395604395604	0.976897689768977	other_gvp	competitive_gvpn_support;no_reportable_runner_up			natural_heldout	gvpn	1	nat_f2690f5ba48d23884e9e
nat_d181384e60ec820e5deb	d181384e60ec820e5deb001f8584aada43ee01d86b155e0bed8868d8a8ed77b1	303	fail			0.0	gvpn	444.6				0.8076923076923077	0.976897689768977	other_gvp	competitive_gvpn_support;no_reportable_runner_up			natural_heldout	gvpn	1	nat_d181384e60ec820e5deb
nat_ec93c4d5a09e464333c6	ec93c4d5a09e464333c6db432c736fa2926332b5dc9a227053f062d9e16afd1e	303	fail			0.0	gvpn	442.4				0.8159340659340659	0.9834983498349835	other_gvp	competitive_gvpn_support;no_reportable_runner_up			natural_heldout	gvpn	1	nat_ec93c4d5a09e464333c6
nat_27cc56c1e7049ce90f96	27cc56c1e7049ce90f96727e4a6baa0baee0a303a60e42623061060d5d6c7ded	303	fail			0.0	gvpn	414.9	gvpg	1.2	413.7	0.8214285714285714	0.976897689768977	other_gvp	competitive_gvpn_support			natural_heldout	gvpn	1	nat_27cc56c1e7049ce90f96
nat_0e1c42b4d08fc28190e1	0e1c42b4d08fc28190e1ddf9179f0d4703d7e9164f66cf5361ea644f588de4f3	303	fail			0.0	gvpn	398.1				0.8021978021978022	0.9636963696369637	other_gvp	competitive_gvpn_support;no_reportable_runner_up			natural_heldout	gvpn	1	nat_0e1c42b4d08fc28190e1
nat_17bf7bb85a4623779dec	17bf7bb85a4623779dec58160d664ca9ac41575a8b95ce533399c358a2131b35	303	fail			0.0	gvpn	431.7				0.7994505494505495	0.966996699669967	other_gvp	competitive_gvpn_support;no_reportable_runner_up			natural_heldout	gvpn	1	nat_17bf7bb85a4623779dec
nat_10fd81dbb9ce99a2d13a	10fd81dbb9ce99a2d13ab5b411a38c7c60587e1943334234471fe2e10a5d09d2	303	fail			0.0	gvpn	446.5				0.804945054945055	0.9735973597359736	other_gvp	competitive_gvpn_support;no_reportable_runner_up			natural_heldout	gvpn	1	nat_10fd81dbb9ce99a2d13a
nat_2e69ec66879cf5e82204	2e69ec66879cf5e822040e86f548b3c8235f166212c3df59d708f84fb8a592c0	303	fail			0.0	gvpn	431.3				0.8186813186813187	0.9834983498349835	other_gvp	competitive_gvpn_support;no_reportable_runner_up			natural_heldout	gvpn	1	nat_2e69ec66879cf5e82204
nat_92480a5ab13398a571dd	92480a5ab13398a571dd95f5110015aacfc8b880492fc3721db068d649e38ce1	302	fail			0.0	gvpn	443.8				0.8104395604395604	0.9801324503311258	other_gvp	competitive_gvpn_support;no_reportable_runner_up			natural_heldout	gvpn	1	nat_92480a5ab13398a571dd
nat_e03e14968d4b10527ac7	e03e14968d4b10527ac7d238a93c540acbb1dce695e0cbfebb2e5a90d71d6a0d	301	fail			0.0	gvpn	425.2				0.7912087912087912	0.9534883720930233	other_gvp	competitive_gvpn_support;no_reportable_runner_up			natural_heldout	gvpn	1	nat_e03e14968d4b10527ac7
nat_e7d7f3c38f5dadaac5e7	e7d7f3c38f5dadaac5e7206a814cd3c8bc2b2f4b90f1f7464fac9773ca54efa7	301	fail			0.0	gvpn	407.2				0.7884615384615384	0.946843853820598	other_gvp	competitive_gvpn_support;no_reportable_runner_up			natural_heldout	gvpn	1	nat_e7d7f3c38f5dadaac5e7
nat_8906c075478b33af8efa	8906c075478b33af8efaa0a220d6cd7dad08b80239516c2868ab632f6223868b	301	fail			0.0	gvpn	454.5				0.8076923076923077	0.9767441860465116	other_gvp	competitive_gvpn_support;no_reportable_runner_up			natural_heldout	gvpn	1	nat_8906c075478b33af8efa
nat_f1c9516c4e3f88448e4b	f1c9516c4e3f88448e4b93a57e29cdee1f7f1d4dfdf8eb8fc16869a3036c24f7	301	fail			0.0	gvpn	424.2				0.804945054945055	0.9833887043189369	other_gvp	competitive_gvpn_support;no_reportable_runner_up			natural_heldout	gvpn	1	nat_f1c9516c4e3f88448e4b
nat_cf6baab0438a93d18ee6	cf6baab0438a93d18ee645177b76c7ccbcb2ee513ac3c526af41eef48e50c48a	301	fail			0.0	gvpn	422.5				0.8104395604395604	0.973421926910299	other_gvp	competitive_gvpn_support;no_reportable_runner_up			natural_heldout	gvpn	1	nat_cf6baab0438a93d18ee6
nat_74753c3ede23214cfad4	74753c3ede23214cfad45370ce0b4e096a7921fb46155322f1017bbaa0ee0d50	301	fail			0.0	gvpn	409.2				0.7912087912087912	0.9501661129568106	other_gvp	competitive_gvpn_support;no_reportable_runner_up			natural_heldout	gvpn	1	nat_74753c3ede23214cfad4
nat_3d3777e5d9511bc1ea9d	3d3777e5d9511bc1ea9d32ab33e94593927b364a80c7dac93b09cfb3eabd775d	301	fail			0.0	gvpn	419.7	gvpf	1.9	417.8	0.7884615384615384	0.946843853820598	other_gvp	competitive_gvpn_support			natural_heldout	gvpn	1	nat_3d3777e5d9511bc1ea9d
nat_b64b2ea2cf54e6e254cc	b64b2ea2cf54e6e254ccf18b802442b76e6d6df54301faa41f4661721779ecb7	301	fail			0.0	gvpn	405.9	gvpf	2.7	403.2	0.7912087912087912	0.9501661129568106	other_gvp	competitive_gvpn_support			natural_heldout	gvpn	1	nat_b64b2ea2cf54e6e254cc
nat_3c5d1ab84dc1fb4cd16a	3c5d1ab84dc1fb4cd16add73fa77106aa1a5bec6811e7df635a5ceb93ffd2703	301	fail			0.0	gvpn	416.5	gvpg	1.5	415.0	0.8131868131868132	0.973421926910299	other_gvp	competitive_gvpn_support			natural_heldout	gvpn	1	nat_3c5d1ab84dc1fb4cd16a
nat_0fad6598349a6da9ef01	0fad6598349a6da9ef01eb629b98207585650634e04618059deba2c0a59fc9eb	301	fail			0.0	gvpn	420.1	gvpf	4.4	415.70000000000005	0.7994505494505495	0.9601328903654485	other_gvp	competitive_gvpn_support			natural_heldout	gvpn	1	nat_0fad6598349a6da9ef01
nat_1447912ea45b4cbab435	1447912ea45b4cbab435f3692dc3510a3cf58439a8c7d60b4a014f61843d3891	301	fail			0.0	gvpn	402.4				0.7994505494505495	0.9700996677740864	other_gvp	competitive_gvpn_support;no_reportable_runner_up			natural_heldout	gvpn	1	nat_1447912ea45b4cbab435
nat_0ee5505ab5dfefb663c5	0ee5505ab5dfefb663c5e6aa19758f27c45db8698172dae903edc5dd71f4fef4	301	fail			0.0	gvpn	408.3				0.8104395604395604	0.9767441860465116	other_gvp	competitive_gvpn_support;no_reportable_runner_up			natural_heldout	gvpn	1	nat_0ee5505ab5dfefb663c5
nat_cda55e94f82e5ee8d6d1	cda55e94f82e5ee8d6d1f7c820cdba7a3e897bf67a15c18228c07887d817ddfd	301	fail			0.0	gvpn	417.0	gvpk	2.6	414.4	0.7994505494505495	0.9601328903654485	other_gvp	competitive_gvpn_support			natural_heldout	gvpn	1	nat_cda55e94f82e5ee8d6d1
nat_ea3ac1c4ba948e2dd4ad	ea3ac1c4ba948e2dd4adcf3776d3ac30c0a3d1eaf9884bc69aea6a4bd61aab2b	301	fail			0.0	gvpn	444.8				0.7994505494505495	0.9767441860465116	other_gvp	competitive_gvpn_support;no_reportable_runner_up			natural_heldout	gvpn	1	nat_ea3ac1c4ba948e2dd4ad
nat_e01857d1bc698285002f	e01857d1bc698285002fda4ee7c12be5b1c2f242b428a10d79c46e2ddfc8cd94	300	fail			0.0	gvpl	350.3	gvpc	3.1	347.2	0.9616724738675958	0.9333333333333333	other_gvp	competitive_gvpl_support		1.4	natural_heldout	gvpl	1	nat_e01857d1bc698285002f
nat_5df16f852bc146e7d551	5df16f852bc146e7d5515807a8a46b8350f98adf40652828dd8edb586a7f95a5	300	fail			0.0	gvpn	415.6	gvpf	1.0	414.6	0.7939560439560439	0.9566666666666667	other_gvp	competitive_gvpn_support			natural_heldout	gvpn	1	nat_5df16f852bc146e7d551
nat_b967b8ffb17b87b27a51	b967b8ffb17b87b27a51a36430c7b1ec195b5218d61a431b2dcb8dfbeae224e7	300	fail			0.0	gvpn	408.7				0.8076923076923077	0.97	other_gvp	competitive_gvpn_support;no_reportable_runner_up			natural_heldout	gvpn	1	nat_b967b8ffb17b87b27a51
nat_988a0f5d490f2bbc3e89	988a0f5d490f2bbc3e89e5c201e11b7225af6437d8437cb6f5968485e73d1508	300	fail			0.0	gvpn	421.7	gvpk	1.6	420.09999999999997	0.7967032967032966	0.96	other_gvp	competitive_gvpn_support			natural_heldout	gvpn	1	nat_988a0f5d490f2bbc3e89
nat_9b48b78034ddbd453c86	9b48b78034ddbd453c86f63b72c1534b27d3282dfad408b7934f2cfa499af36d	300	fail			0.0	gvpn	413.0	gvpf	1.9	411.1	0.7994505494505495	0.9633333333333334	other_gvp	competitive_gvpn_support			natural_heldout	gvpn	1	nat_9b48b78034ddbd453c86
nat_4bc9cfbe6d4136095f57	4bc9cfbe6d4136095f57840b2adbec7aece4ec7737f6385311c13e0ed7cb2461	300	fail			0.0	gvpn	413.5	gvpg	4.4	409.1	0.7884615384615384	0.95	other_gvp	competitive_gvpn_support			natural_heldout	gvpn	1	nat_4bc9cfbe6d4136095f57
nat_5f311d8f788161b76087	5f311d8f788161b7608793471c866f738ce72fba1b8091c2c1e1cc4340dc4e9f	300	fail			0.0	gvpn	415.3	gvpf	2.5	412.8	0.8021978021978022	0.9666666666666667	other_gvp	competitive_gvpn_support			natural_heldout	gvpn	1	nat_5f311d8f788161b76087
nat_5481768259de4485701e	5481768259de4485701ea8281eefe6c793b891e59ab39a75b8932802c0615cdc	299	fail			0.0	gvpl	330.7	gvpc	2.1	328.59999999999997	0.9651567944250871	0.9732441471571907	other_gvp	competitive_gvpl_support		0.4	natural_heldout	gvpl	1	nat_5481768259de4485701e
nat_4a7f2343f5c47edf5471	4a7f2343f5c47edf54719758d3c237d716a05eced7b847378744cf8506525b00	299	fail			0.0	gvpn	416.8				0.7912087912087912	0.9565217391304348	other_gvp	competitive_gvpn_support;no_reportable_runner_up			natural_heldout	gvpn	1	nat_4a7f2343f5c47edf5471
nat_2158ca0aadb49a41e17c	2158ca0aadb49a41e17cf0f8783c24b48efafe215dd6a9335ce056b754a01d24	299	fail			0.0	gvpn	409.5	gvpg	2.9	406.6	0.7912087912087912	0.9565217391304348	other_gvp	competitive_gvpn_support			natural_heldout	gvpn	1	nat_2158ca0aadb49a41e17c
nat_afc3bde2cce29344e1de	afc3bde2cce29344e1dec08a56e309bf69e71515b2c8d1780e81b0e1e22b19de	299	fail			0.0	gvpn	457.2				0.804945054945055	0.979933110367893	other_gvp	competitive_gvpn_support;no_reportable_runner_up			natural_heldout	gvpn	1	nat_afc3bde2cce29344e1de
nat_30799f48b0f3373d9576	30799f48b0f3373d9576055f1ee6435e9466f847d5ff69810f3049ce222ae66d	298	fail			0.0	gvpl	350.7	gvpc	5.4	345.3	0.9651567944250871	0.9261744966442953	other_gvp	competitive_gvpl_support			natural_heldout	gvpl	1	nat_30799f48b0f3373d9576
nat_afabb4dda1519d86ae20	afabb4dda1519d86ae20e8000e4db172ed691fac29f9e0a73f6d1b0c20c4dfab	298	fail			0.0	gvpn	416.4	gvpg	2.3	414.09999999999997	0.8104395604395604	0.9832214765100671	other_gvp	competitive_gvpn_support			natural_heldout	gvpn	1	nat_afabb4dda1519d86ae20
nat_054db53c4d4213a42836	054db53c4d4213a428366292a89b313a953c48f6ee0064545f5ba3ef121369e8	297	fail			0.0	gvpl	385.5	gvpv	6.5	379.0	0.9616724738675958	0.936026936026936	other_gvp	competitive_gvpl_support		2.9	natural_heldout	gvpl	1	nat_054db53c4d4213a42836
nat_5f4f748f5a3775c14ef8	5f4f748f5a3775c14ef8c4a6524e1d311aaabca0f930eaf595a243e1f1971be0	297	fail			0.0	gvpn	399.0				0.7857142857142857	0.9629629629629629	other_gvp	competitive_gvpn_support;no_reportable_runner_up			natural_heldout	gvpn	1	nat_5f4f748f5a3775c14ef8
nat_4a38ff9aea9ec8801260	4a38ff9aea9ec880126072f9a472a27d88c6f425f0c0f803fe4c5cd5692efa0c	296	fail			0.0	gvpl	403.8	gvpk	5.5	398.3	0.975609756097561	0.9425675675675675	other_gvp	competitive_gvpl_support			natural_heldout	gvpl	1	nat_4a38ff9aea9ec8801260
nat_71b28fb33ac62d4f545b	71b28fb33ac62d4f545bcfd2d039bce53db15baa93317135ef7a4b131b20c38e	296	fail			0.0	gvpn	421.2				0.7939560439560439	0.9831081081081081	other_gvp	competitive_gvpn_support;no_reportable_runner_up			natural_heldout	gvpn	1	nat_71b28fb33ac62d4f545b
nat_62e8e306973b3b12d1f2	62e8e306973b3b12d1f268348ebbbc0af42736935a52ad1d844ff34799cccc21	296	fail			0.0	gvpn	430.6				0.7884615384615384	0.9662162162162162	other_gvp	competitive_gvpn_support;no_reportable_runner_up			natural_heldout	gvpn	1	nat_62e8e306973b3b12d1f2
nat_051100001158f9bfccc6	051100001158f9bfccc6cad5aa5091e02ff28796b25d2b4c07ebafbcefd2223f	296	fail			0.0	gvpn	405.7				0.7994505494505495	0.9763513513513513	other_gvp	competitive_gvpn_support;no_reportable_runner_up			natural_heldout	gvpn	1	nat_051100001158f9bfccc6
nat_4427c56895f290d5ee95	4427c56895f290d5ee9501f34bae6bfddf07b11e264b4c6e3e15e7c1b41810de	294	fail			0.0	gvpn	384.5				0.7939560439560439	0.9761904761904762	other_gvp	competitive_gvpn_support;no_reportable_runner_up			natural_heldout	gvpn	1	nat_4427c56895f290d5ee95
nat_7417c2e6f2ab8024be93	7417c2e6f2ab8024be939c0925ce0f220a7b2bb1ec025740c58ec6ea5cfe594f	294	fail			0.0	gvpn	408.7				0.7884615384615384	0.9761904761904762	other_gvp	competitive_gvpn_support;no_reportable_runner_up			natural_heldout	gvpn	1	nat_7417c2e6f2ab8024be93
nat_a43ef1c6d1999c99fad7	a43ef1c6d1999c99fad700392619eb705fad135f3b55cd8a1c8e6cedbd86f0a7	294	fail			0.0	gvpn	393.9				0.7967032967032966	0.9795918367346939	other_gvp	competitive_gvpn_support;no_reportable_runner_up			natural_heldout	gvpn	1	nat_a43ef1c6d1999c99fad7
nat_d886fe7b9d022b3a41eb	d886fe7b9d022b3a41eb8d83a7e995334933c3f369498b37caaf6dfa01515dbe	294	fail			0.0	gvpn	395.5				0.7994505494505495	0.9829931972789115	other_gvp	competitive_gvpn_support;no_reportable_runner_up			natural_heldout	gvpn	1	nat_d886fe7b9d022b3a41eb
nat_356c54653106cd402fed	356c54653106cd402fed26cb110c6fb0fad59aecc6788a590aa70aaf9aad397e	294	fail			0.0	gvpn	394.3				0.7939560439560439	0.9761904761904762	other_gvp	competitive_gvpn_support;no_reportable_runner_up			natural_heldout	gvpn	1	nat_356c54653106cd402fed
nat_d2201916dd658f390480	d2201916dd658f390480d7a80b613b4d40fc33cac1170385207475f3fe5713d2	294	fail			0.0	gvpn	396.1				0.7939560439560439	0.9761904761904762	other_gvp	competitive_gvpn_support;no_reportable_runner_up			natural_heldout	gvpn	1	nat_d2201916dd658f390480
nat_29df8995a7c8279513ee	29df8995a7c8279513eebf67ae2721681a2f9998ab67db4023483ad3cedb8594	291	fail			0.0	gvpn	391.7				0.7692307692307693	0.9450171821305842	other_gvp	competitive_gvpn_support;no_reportable_runner_up			natural_heldout	gvpn	1	nat_29df8995a7c8279513ee
nat_955483f8bc06a18ea418	955483f8bc06a18ea41894f8f3a3db4ba761b1380ca8514f8af2296b2095f45f	291	fail			0.0	gvpn	444.7				0.7802197802197802	0.9828178694158075	other_gvp	competitive_gvpn_support;no_reportable_runner_up			natural_heldout	gvpn	1	nat_955483f8bc06a18ea418
nat_db93f29d25cdddad0ef3	db93f29d25cdddad0ef375258ac064a03308e4c27723ec3d6aad2f29b5ccfe24	291	fail			0.0	gvpn	417.5				0.7582417582417582	0.9278350515463918	other_gvp	competitive_gvpn_support;no_reportable_runner_up			natural_heldout	gvpn	1	nat_db93f29d25cdddad0ef3
nat_7a8485bedf5ad8561f79	7a8485bedf5ad8561f792751b2aaccb1fdf47162c2a235128b0ed71caa6ab9f3	290	fail			0.0	gvpl	370.1	gvpc	4.4	365.70000000000005	0.9477351916376306	0.9827586206896551	other_gvp	competitive_gvpl_support			natural_heldout	gvpl	1	nat_7a8485bedf5ad8561f79
nat_4838ea3cca31fd2581c8	4838ea3cca31fd2581c8e654badfd903a450be5aad17c31f729e37b3e3ba1bab	290	fail			0.0	gvpn	412.8	gvpg	0.2	412.6	0.7802197802197802	0.9724137931034482	other_gvp	competitive_gvpn_support			natural_heldout	gvpn	1	nat_4838ea3cca31fd2581c8
nat_2b04743426facfb60cfa	2b04743426facfb60cfa242c928e19e27e4787b76d9489ef7d4124b961eaffbb	290	fail			0.0	gvpn	378.6				0.7747252747252747	0.9655172413793104	other_gvp	competitive_gvpn_support;no_reportable_runner_up			natural_heldout	gvpn	1	nat_2b04743426facfb60cfa
nat_7d84d0bdb7f12b66a583	7d84d0bdb7f12b66a583e1ea5f193032792a98951c68ec8cb959d426ed7d1ff0	290	fail			0.0	gvpn	431.2				0.7884615384615384	0.9896551724137931	other_gvp	competitive_gvpn_support;no_reportable_runner_up			natural_heldout	gvpn	1	nat_7d84d0bdb7f12b66a583
nat_ec7e4b6fbb44ea6e5eff	ec7e4b6fbb44ea6e5eff2c3b6ca16e0f33379acd8f0df02ce5cd1c73b0d1c011	289	fail			0.0	gvpn	407.7	gvpg	2.7	405.0	0.7912087912087912	0.986159169550173	other_gvp	competitive_gvpn_support			natural_heldout	gvpn	1	nat_ec7e4b6fbb44ea6e5eff
nat_f061d8bf614182df84fa	f061d8bf614182df84fa4ce69dd32c7d73fad7db5813f4f995ec392fd5b4dae8	288	fail			0.0	gvpl	360.5	gvpc	2.8	357.7	0.9581881533101045	0.9479166666666666	other_gvp	competitive_gvpl_support		1.5	natural_heldout	gvpl	1	nat_f061d8bf614182df84fa
nat_798e0478a1c671011eb9	798e0478a1c671011eb940b6665a3ad488091f35b469e781a24f253e7c9f240f	288	fail			0.0	gvpl	333.5	gvpc	1.9	331.6	0.9616724738675958	0.9652777777777778	other_gvp	competitive_gvpl_support			natural_heldout	gvpl	1	nat_798e0478a1c671011eb9
nat_d8675dcca6583dc443d4	d8675dcca6583dc443d4d8e7dfd8409ef51d7b2a40fb2acd3d588f01c3be365c	285	fail			0.0	gvpn	394.9	gvpg	5.8	389.09999999999997	0.7747252747252747	0.9824561403508771	other_gvp	competitive_gvpn_support			natural_heldout	gvpn	1	nat_d8675dcca6583dc443d4
nat_6f10736cf216b77b4b1f	6f10736cf216b77b4b1f967fd7520e282aa0328e4e56010bb28b5d87370b7f91	284	fail			0.0	gvpc	107.9				0.8103448275862069	0.9507042253521126	other_gvp	competitive_gvpc_support;no_reportable_runner_up			natural_heldout	gvpc	1	nat_6f10736cf216b77b4b1f
nat_3a18122b3f94fa70d033	3a18122b3f94fa70d03384e5873cb817038b08e7700f0e984c4935bf5c23e139	283	fail			0.0	gvpl	332.0	gvpk	0.5	331.5	0.975609756097561	0.9964664310954063	other_gvp	competitive_gvpl_support			natural_heldout	gvpl	1	nat_3a18122b3f94fa70d033
nat_a1ef1d3d0111a02736fb	a1ef1d3d0111a02736fb8be9a65c75617027f616ec742e9543373a5b4c21ff06	283	fail			0.0	gvpl	313.5	gvpv	4.8	308.7	0.9372822299651568	0.950530035335689	other_gvp	competitive_gvpl_support			natural_heldout	gvpl	1	nat_a1ef1d3d0111a02736fb
nat_ac695b7698c38a1908d2	ac695b7698c38a1908d25af0a1cb45134d686e01428e01d9817770caeeb52b3c	282	fail			0.0	gvpl	372.8	gvpc	3.3	369.5	0.9686411149825784	0.975177304964539	other_gvp	competitive_gvpl_support		0.6	natural_heldout	gvpl	1	nat_ac695b7698c38a1908d2
nat_4ad1d6a6caa95658f7c1	4ad1d6a6caa95658f7c129160e1d44b3a9516e1e74542992d1ef4a7c016bdfa3	282	fail			0.0	gvpl	360.7	gvpc	2.1	358.59999999999997	0.9547038327526133	0.9716312056737588	other_gvp	competitive_gvpl_support	0.6		natural_heldout	gvpl	1	nat_4ad1d6a6caa95658f7c1
nat_48940241bf6a6f56d89d	48940241bf6a6f56d89d3fa57650629a28f6ab1da48074cc57f1b5170dcf08b2	282	fail			0.0	gvpn	325.3				0.7362637362637363	0.9539007092198581	other_gvp	competitive_gvpn_support;no_reportable_runner_up			natural_heldout	gvpn	1	nat_48940241bf6a6f56d89d
nat_75436ea92321809c82a2	75436ea92321809c82a20a46d7b41fa479fcf7401545f93f049f2f74856be250	281	fail			0.0	gvpl	336.2	gvpc	1.4	334.8	0.9651567944250871	0.9715302491103203	other_gvp	competitive_gvpl_support		0.0	natural_heldout	gvpl	1	nat_75436ea92321809c82a2
nat_9792fdffc4a0ae9dc02d	9792fdffc4a0ae9dc02dff1e05297ccc8e93fc58f5d5d8dd726648068590f1db	281	fail			0.0	gvpn	432.3				0.7582417582417582	0.9822064056939501	other_gvp	competitive_gvpn_support;no_reportable_runner_up			natural_heldout	gvpn	1	nat_9792fdffc4a0ae9dc02d
nat_ee571b7d0f5927d07949	ee571b7d0f5927d079496fa9f3f180c09bb8dc744e024abb8b86d2c1b34cf11d	280	fail			0.0	gvpl	370.7	gvpc	5.7	365.0	0.9616724738675958	0.975	other_gvp	competitive_gvpl_support		0.4	natural_heldout	gvpl	1	nat_ee571b7d0f5927d07949
nat_9048978c0c61b4eef655	9048978c0c61b4eef655c54c22b1d335d2ad3e4d218cecc4a77c9d78c0aae7f7	279	fail			0.0	gvpl	344.8	gvpj	1.2	343.6	0.9547038327526133	0.974910394265233	other_gvp	competitive_gvpl_support	1.1	1.2	natural_heldout	gvpl	1	nat_9048978c0c61b4eef655
nat_b733ce3854fcc15a1e76	b733ce3854fcc15a1e76455c3d27d6a8b7f0831ce1676bd45684d1a81a9cb69b	279	fail			0.0	gvpl	361.7	gvpc	4.0	357.7	0.9442508710801394	0.9713261648745519	other_gvp	competitive_gvpl_support	0.6		natural_heldout	gvpl	1	nat_b733ce3854fcc15a1e76
nat_46a7ea60834e5bd635f0	46a7ea60834e5bd635f0de18e9eb35ac191f872f79600e0fc39fedadba7f1e1e	279	fail			0.0	gvpl	354.6	gvpc	2.1	352.5	0.9372822299651568	0.9605734767025089	other_gvp	competitive_gvpl_support		0.0	natural_heldout	gvpl	1	nat_46a7ea60834e5bd635f0
nat_d3f4606ab07c55f746b6	d3f4606ab07c55f746b6b1a8a0f79e9a97c96a63f6004bd00cc238d2dd7611aa	279	fail			0.0	gvpn	372.6				0.7362637362637363	0.956989247311828	other_gvp	competitive_gvpn_support;no_reportable_runner_up			natural_heldout	gvpn	1	nat_d3f4606ab07c55f746b6
nat_b44993db1097fc49f167	b44993db1097fc49f167fb782b79af8b691816fa17eadb7e5b6521a1e0a40326	278	fail			0.0	gvpl	343.0	gvpj	0.6	342.4	0.9547038327526133	0.9748201438848921	other_gvp	competitive_gvpl_support	0.4	0.6	natural_heldout	gvpl	1	nat_b44993db1097fc49f167
nat_daa05d4cf018ffa933e2	daa05d4cf018ffa933e24af52d8ffa69881dc0154c2c236267a96607e0a5da03	278	fail			0.0	gvpl	365.7	gvpj	3.7	362.0	0.9442508710801394	0.9784172661870504	other_gvp	competitive_gvpl_support	0.8	3.7	natural_heldout	gvpl	1	nat_daa05d4cf018ffa933e2
nat_de2ce73c979263729ace	de2ce73c979263729ace1788d355ea41464fb060708e260d0116b7ae7fa140cd	278	fail			0.0	gvpl	371.1	gvpc	4.2	366.90000000000003	0.9547038327526133	0.9748201438848921	other_gvp	competitive_gvpl_support		0.1	natural_heldout	gvpl	1	nat_de2ce73c979263729ace
nat_687a26d89748bd8bac3c	687a26d89748bd8bac3c106a2a8417c4124b1633811f476f5aa839dad620d070	277	fail			0.0	gvpl	341.9	gvpj	2.0	339.9	0.9477351916376306	0.9675090252707581	other_gvp	competitive_gvpl_support	0.2	2.0	natural_heldout	gvpl	1	nat_687a26d89748bd8bac3c
nat_7acfc5a1252794a66ccc	7acfc5a1252794a66ccc90541432b0aa785f37ef6c50c2735600eff885ed385b	276	fail			0.0	gvpl	337.1	gvpn	6.7	330.40000000000003	0.9407665505226481	0.9746376811594203	other_gvp	competitive_gvpl_support		0.6	natural_heldout	gvpl	1	nat_7acfc5a1252794a66ccc
nat_15dc5a070647dff2c6ed	15dc5a070647dff2c6ed1213127a02e9aad12743fe0d1f8200b03e539bf5c6db	276	fail			0.0	gvpl	362.1	gvpj	0.2	361.90000000000003	0.9407665505226481	0.967391304347826	other_gvp	competitive_gvpl_support		0.2	natural_heldout	gvpl	1	nat_15dc5a070647dff2c6ed
nat_f4429346ce0cf90b2d1d	f4429346ce0cf90b2d1dc2c9977290e7ba6d820108c03f893a02ff439cd3fc59	276	fail			0.0	gvpl	368.8	gvpc	2.4	366.40000000000003	0.9477351916376306	0.9746376811594203	other_gvp	competitive_gvpl_support			natural_heldout	gvpl	1	nat_f4429346ce0cf90b2d1d
nat_b2e6feb3ee48a20f4476	b2e6feb3ee48a20f44769a2ffb97bb270b63e91c57aff90b1472476508d5e8e4	275	fail			0.0	gvpl	338.5	gvpc	2.0	336.5	0.9407665505226481	0.9818181818181818	other_gvp	competitive_gvpl_support			natural_heldout	gvpl	1	nat_b2e6feb3ee48a20f4476
nat_dd2407a644bf77fc0e6b	dd2407a644bf77fc0e6bc6f382f6ff966244a211b93de8683b7e14171770439c	275	fail			0.0	gvpl	340.5	gvpn	0.7	339.8	0.9372822299651568	0.9781818181818182	other_gvp	competitive_gvpl_support	0.6		natural_heldout	gvpl	1	nat_dd2407a644bf77fc0e6b
nat_a8b70d172039f6e7522b	a8b70d172039f6e7522bd7df6900b2273fe678589b6456f4e554186cb76aca92	275	fail			0.0	gvpl	370.2	gvpc	4.6	365.59999999999997	0.9512195121951219	0.9781818181818182	other_gvp	competitive_gvpl_support			natural_heldout	gvpl	1	nat_a8b70d172039f6e7522b
nat_f6dcec84a572391850cb	f6dcec84a572391850cbb98fe46e5df5c4e0d31c6735961e118d06e6d2be176d	275	fail			0.0	gvpl	334.3	gvpv	1.7	332.6	0.9512195121951219	0.9745454545454545	other_gvp	competitive_gvpl_support			natural_heldout	gvpl	1	nat_f6dcec84a572391850cb
nat_1aee1d6bf8ab20a9b306	1aee1d6bf8ab20a9b30603136c8bc6f5fa35141564f00e8d8cc7351e56227cda	275	fail			0.0	gvpl	362.3	gvpj	3.8	358.5	0.9442508710801394	0.9781818181818182	other_gvp	competitive_gvpl_support	0.8	3.8	natural_heldout	gvpl	1	nat_1aee1d6bf8ab20a9b306
nat_733aafddaccc4e87506c	733aafddaccc4e87506cf665cc684951f1bac4e4d54d5d011952edd6756a4c9e	273	fail			0.0	gvpl	364.9	gvpc	6.1	358.79999999999995	0.9337979094076655	0.9706959706959707	other_gvp	competitive_gvpl_support		0.2	natural_heldout	gvpl	1	nat_733aafddaccc4e87506c
nat_9b1b1f73466ebe2c9e05	9b1b1f73466ebe2c9e0592f6d6238f42baf7b7d2b5ed2791b965ba95095598b6	273	fail			0.0	gvpl	368.5	gvpv	3.4	365.1	0.9407665505226481	0.978021978021978	other_gvp	competitive_gvpl_support			natural_heldout	gvpl	1	nat_9b1b1f73466ebe2c9e05
nat_54b190843b0d8891ec3e	54b190843b0d8891ec3e655ca05589a832ef7fd5489f8a1ce96a63d2672039cd	273	fail			0.0	gvpl	346.8	gvpc	1.8	345.0	0.9407665505226481	0.978021978021978	other_gvp	competitive_gvpl_support			natural_heldout	gvpl	1	nat_54b190843b0d8891ec3e
nat_7d71ff22ec87cf520bb6	7d71ff22ec87cf520bb616a51cdf73cbf4a55b5061b6d95633a350dd4f79b54f	273	fail			0.0	gvpl	365.7	gvpv	2.4	363.3	0.9407665505226481	0.978021978021978	other_gvp	competitive_gvpl_support			natural_heldout	gvpl	1	nat_7d71ff22ec87cf520bb6
nat_99bb8d2fcec408f0187b	99bb8d2fcec408f0187bf9ee1fcf05e4d45bb2649fc22a25772346ce16377512	271	fail			0.0	gvpl	294.4	gvpf	0.0	294.4	0.9442508710801394	0.9704797047970479	other_gvp	competitive_gvpl_support			natural_heldout	gvpl	1	nat_99bb8d2fcec408f0187b
nat_40ed670f9d1b6e635ac8	40ed670f9d1b6e635ac8a21d4059c13933f9b7e0ae1f382fc5a4a6310dc80fb4	268	fail			0.0	gvpl	316.3	gvpv	4.3	312.0	0.9407665505226481	0.9850746268656716	other_gvp	competitive_gvpl_support		1.2	natural_heldout	gvpl	1	nat_40ed670f9d1b6e635ac8
nat_61f42ad31b9593aa2aeb	61f42ad31b9593aa2aebc88ff2cb3ad2c6c35564b8181b06c6db030449eba797	267	fail			0.0	gvpl	369.6	gvpk	0.4	369.20000000000005	0.9233449477351916	0.9887640449438202	other_gvp	competitive_gvpl_support		0.0	natural_heldout	gvpl	1	nat_61f42ad31b9593aa2aeb
nat_7aff4df74de39ea4e7f9	7aff4df74de39ea4e7f994871ad4a92c97e5704f9fe66fa902162be18c0c46ce	266	fail			0.0	gvpl	371.9	gvpf	0.4	371.5	0.9233449477351916	0.9887218045112782	other_gvp	competitive_gvpl_support			natural_heldout	gvpl	1	nat_7aff4df74de39ea4e7f9
nat_d0e0b2afc4385c071660	d0e0b2afc4385c071660a184a5b8c4ff84dc8f326d92ae0ecb9bbb697164a083	264	fail			0.0	gvpl	368.7	gvpj	0.7	368.0	0.9233449477351916	0.9886363636363636	other_gvp	competitive_gvpl_support		0.7	natural_heldout	gvpl	1	nat_d0e0b2afc4385c071660
nat_927bfc816ab55d54b0ef	927bfc816ab55d54b0eff1d231083929f665d178366e620042d256e240ec01e7	263	fail			0.0			gvpc	104.9		0.0	0.0	unsupported	no_qualified_subfamily_hit			natural_heldout	gvpc	1	nat_927bfc816ab55d54b0ef
nat_030fe1de47ef1266404e	030fe1de47ef1266404e2bd5387bd9ad1ba6187dc4a607d10e89d441acab25d8	261	fail			0.0	gvpl	237.6	gvpv	4.5	233.1	0.9059233449477352	0.9770114942528736	other_gvp	competitive_gvpl_support			natural_heldout	gvpl	1	nat_030fe1de47ef1266404e
nat_8c0a6e32bc5caa24dec4	8c0a6e32bc5caa24dec46e4d11f56177e10b56730694b21abba5768e198b0399	261	fail			0.0	gvpl	377.9	gvpj	1.6	376.29999999999995	0.9198606271777003	0.9846743295019157	other_gvp	competitive_gvpl_support		1.6	natural_heldout	gvpl	1	nat_8c0a6e32bc5caa24dec4
nat_848ab7e7e812fb120e9c	848ab7e7e812fb120e9c1b785f638e1a2f0b171f21e4007291d4d13ccf18d391	261	fail			0.0	gvpl	320.5	gvpj	1.3	319.2	0.9163763066202091	0.9731800766283525	other_gvp	competitive_gvpl_support		1.3	natural_heldout	gvpl	1	nat_848ab7e7e812fb120e9c
nat_7b9e82e85b87a5dfb98f	7b9e82e85b87a5dfb98f0d8720b9c6ea9f2d94422809a27c8a323da7d0503d70	256	fail			0.0			gvpc	116.6		0.0	0.0	unsupported	no_qualified_subfamily_hit			natural_heldout	gvpc	1	nat_7b9e82e85b87a5dfb98f
nat_3e4d9b015c8ebba0c966	3e4d9b015c8ebba0c966fdbcacacd397c84727bea0ae6871338eaa2cf4d3cbfc	251	fail			0.0	gvpl	321.4	gvpj	1.5	319.9	0.9303135888501742	0.9800796812749004	other_gvp	competitive_gvpl_support		1.5	natural_heldout	gvpl	1	nat_3e4d9b015c8ebba0c966
nat_dc2e237d6f81f2354a97	dc2e237d6f81f2354a9720347fa85a270b2d4ec49f01481409a4e48043ca5b83	245	fail			0.0	gvpc	188.1	gvpn	0.1	188.0	0.6781609195402298	0.9346938775510204	other_gvp	competitive_gvpc_support			natural_heldout	gvpc	1	nat_dc2e237d6f81f2354a97
nat_ca58dec55f72ac7886a1	ca58dec55f72ac7886a1531fa9e78e40a93779f8693866fa25032fa404c6028e	242	fail			0.0			gvpc	115.9		0.0	0.0	unsupported	no_qualified_subfamily_hit			natural_heldout	gvpc	1	nat_ca58dec55f72ac7886a1
nat_86531299b3cd10877014	86531299b3cd108770143539789fa11f012b8763caace6a45e93aceabc73c1fb	242	fail			0.0			gvpc	122.6		0.0	0.0	unsupported	no_qualified_subfamily_hit			natural_heldout	gvpc	1	nat_86531299b3cd10877014
nat_9557c22813f21e4b2cb5	9557c22813f21e4b2cb5a3e78a73b638d020c7f1634b53bccc397ccc11724492	226	fail			0.0			gvpc	115.9		0.0	0.0	unsupported	no_qualified_subfamily_hit			natural_heldout	gvpc	1	nat_9557c22813f21e4b2cb5
nat_e3f4e364e629f748cffd	e3f4e364e629f748cffd8070494e6ef1fb293589f3a40c355f186eea65463d60	226	fail			0.0			gvpc	122.9		0.0	0.0	unsupported	no_qualified_subfamily_hit			natural_heldout	gvpc	1	nat_e3f4e364e629f748cffd
nat_38a899b58398064cb5a8	38a899b58398064cb5a80d9e6672ff9edaf3a38627638828c667cfa4754075f7	223	fail			0.0			gvpc	115.6		0.0	0.0	unsupported	no_qualified_subfamily_hit			natural_heldout	gvpc	1	nat_38a899b58398064cb5a8
nat_ae1bb733ce0d2f1bbdfe	ae1bb733ce0d2f1bbdfea12c82eaecf25b5b4d76d2fa7a62ca7c65a674065487	212	fail			0.0	gvpc	89.6	gvpv	10.0	79.6	0.646551724137931	0.9952830188679245	other_gvp	competitive_gvpc_support			natural_heldout	gvpc	1	nat_ae1bb733ce0d2f1bbdfe
nat_4c292eb9eef6d9eb379a	4c292eb9eef6d9eb379a43d5ffeabd58b302338229ac21731e9e78bd24864437	212	fail			0.0	gvpc	92.0				0.646551724137931	0.9952830188679245	other_gvp	competitive_gvpc_support;no_reportable_runner_up			natural_heldout	gvpc	1	nat_4c292eb9eef6d9eb379a
nat_70c3a6e184ca96d89510	70c3a6e184ca96d895109e6ac9cba9d9414626118453d5e38109b6fba6a63b63	144	fail			0.0			gvpg	0.4		0.0	0.0	unsupported	no_qualified_subfamily_hit			natural_heldout	gvpi	1	nat_70c3a6e184ca96d89510
nat_1f59c5fb58b4377ef820	1f59c5fb58b4377ef82023087e258ed2e383fb6c020669a1eb3a571edf36c5f7	130	fail			0.0	gvpk	121.0	gvpl	0.2	120.8	0.898989898989899	0.6846153846153846	other_gvp	competitive_gvpk_support			natural_heldout	gvpk	1	nat_1f59c5fb58b4377ef820
nat_deedd3a1889aa71dd6b8	deedd3a1889aa71dd6b82a84a70ade6f06e25fad67348459537cd89948bff429	130	fail			0.0	gvpk	122.2	gvpl	0.5	121.7	0.898989898989899	0.6846153846153846	other_gvp	competitive_gvpk_support			natural_heldout	gvpk	1	nat_deedd3a1889aa71dd6b8
nat_4d2e7e7faa72495fbae4	4d2e7e7faa72495fbae438d79d1e1578d9fa25159578f8816ce0b2a24431c4fe	129	fail			0.0	gvpk	80.0	gvpv	0.1	79.9	0.8686868686868687	0.6821705426356589	other_gvp	competitive_gvpk_support			natural_heldout	gvpk	1	nat_4d2e7e7faa72495fbae4
nat_cacf90c6ca55636010b0	cacf90c6ca55636010b0dbd3fa5d5735b35b2787e3ef9bcc42d002801e5ffea2	129	fail			0.0	gvpk	97.3	gvpv	3.4	93.89999999999999	0.8888888888888888	0.7286821705426356	other_gvp	competitive_gvpk_support	0.4	2.3	natural_heldout	gvpk	1	nat_cacf90c6ca55636010b0
nat_026e3420597e6acb04ba	026e3420597e6acb04bab81113a292062cf3e2ce25b306cbfe1907e8962d7f3a	125	fail			0.0	gvpk	93.4	gvpl	1.6	91.80000000000001	0.8686868686868687	0.688	other_gvp	competitive_gvpk_support	1.2	0.8	natural_heldout	gvpk	1	nat_026e3420597e6acb04ba
nat_cfa34f1163e468c3993c	cfa34f1163e468c3993ca86619d713f86a0e04cb85c833136d46bcb0b4e00803	124	fail			0.0	gvpk	124.8	gvpv	3.2	121.6	0.8888888888888888	0.7096774193548387	other_gvp	competitive_gvpk_support			natural_heldout	gvpk	1	nat_cfa34f1163e468c3993c
nat_a44f859048f80cee9e81	a44f859048f80cee9e81e298839855256288dcaac6047e75650b5f7eac3dd442	124	fail			0.0	gvpk	83.2	gvpj	2.8	80.4	0.898989898989899	0.7258064516129032	other_gvp	competitive_gvpk_support	0.5	2.8	natural_heldout	gvpk	1	nat_a44f859048f80cee9e81
nat_0f33d91bf20a5dfbff82	0f33d91bf20a5dfbff82586fd4048d74bc74ec7494d6b09d1d03f10c6ea920c2	124	fail			0.0	gvpk	94.9				0.9090909090909091	0.75	other_gvp	competitive_gvpk_support;no_reportable_runner_up			natural_heldout	gvpk	1	nat_0f33d91bf20a5dfbff82
nat_3fd73c9a0c7c93f9f2b9	3fd73c9a0c7c93f9f2b94df15cd96a5a4c30db4120392b3d99504be0ad6cb72d	122	fail			0.0	gvpk	125.9	gvpv	3.8	122.10000000000001	0.8888888888888888	0.7213114754098361	other_gvp	competitive_gvpk_support		0.1	natural_heldout	gvpk	1	nat_3fd73c9a0c7c93f9f2b9
nat_39552a648e522cf0517f	39552a648e522cf0517fadc6597d187b80c706bcbacc41bf01edfd26e86e1290	120	pass	58.6	59.0	0.9743589743589743	gvpj	102.1	gvpa	64.2	37.89999999999999	0.7723577235772358	0.8916666666666667	other_gvp	competitive_gvpj_support	64.2	102.1	natural_heldout	gvpj	1	nat_39552a648e522cf0517f
nat_a9c199790fa0593efba4	a9c199790fa0593efba4b1280c488823ac36a1ee4fd7a3a9ac77e7340c3a346e	120	pass	55.5	55.8	0.9743589743589743	gvpj	92.2	gvpa	66.8	25.400000000000006	0.6910569105691057	0.75	other_gvp	competitive_gvpj_support	66.8	92.2	natural_heldout	gvpj	1	nat_a9c199790fa0593efba4
nat_65fbd3162b843c7d26ba	65fbd3162b843c7d26bade72ab73db860e631eb6f05d0a0f6bd10c6b0faec8d5	120	pass	51.6	52.6	0.9743589743589743	gvpa	102.4	gvpj	79.0	23.400000000000006	0.6159420289855072	0.7166666666666667	supported_gvpa	pf00741_and_competitive_gvpa_support	102.4	79.0	natural_heldout	gvpj	1	nat_65fbd3162b843c7d26ba
nat_4f0646e249cd3db1d37f	4f0646e249cd3db1d37f733e4d7b4c6e0b228fad3e7024b4642a8e309dbe6799	120	pass	45.2	45.7	0.9743589743589743	gvpa	145.1	gvpj	94.9	50.19999999999999	0.7681159420289855	0.9083333333333333	supported_gvpa	pf00741_and_competitive_gvpa_support	145.1	94.9	natural_heldout	gvpj	1	nat_4f0646e249cd3db1d37f
nat_96cf8fec98a326ef28f8	96cf8fec98a326ef28f8e539f412eb2e4e040690f6e988767e634dd53e7bf23e	120	pass	45.4	45.4	0.9743589743589743			gvpa	98.3		0.0	0.0	unsupported	no_qualified_subfamily_hit	98.3	76.6	natural_heldout	gvpj	1	nat_96cf8fec98a326ef28f8
nat_6048d13df283cd9c311b	6048d13df283cd9c311bb4e6bfb086367478a4e4d54c402a7dcded4dacb96966	120	pass	43.3	43.7	0.9743589743589743			gvpa	99.8		0.0	0.0	unsupported	no_qualified_subfamily_hit	99.8	78.7	natural_heldout	gvpj	1	nat_6048d13df283cd9c311b
nat_a3f05c67bc1886ca7112	a3f05c67bc1886ca71127fb9029787c72fc1dcb0919904d53ec0644db9f5576a	120	pass	46.8	47.3	0.9743589743589743	gvpa	146.6	gvpj	94.5	52.099999999999994	0.7753623188405797	0.925	supported_gvpa	pf00741_and_competitive_gvpa_support	146.6	94.5	natural_heldout	gvpj	1	nat_a3f05c67bc1886ca7112
nat_3f0807141c190c600235	3f0807141c190c60023578b8ed73391cf0d2598231344db89f5da74e73eedf8c	120	pass	57.6	58.0	1.0	gvpj	93.7	gvpa	60.7	33.0	0.7642276422764228	0.8166666666666667	other_gvp	competitive_gvpj_support	60.7	93.7	natural_heldout	gvpj	1	nat_3f0807141c190c600235
nat_797ed863bc757b701be8	797ed863bc757b701be81f60142169f638cef2312dafb3165776d1eb4b6b7d32	120	pass	55.5	55.9	0.9743589743589743	gvpj	90.9	gvpa	66.9	24.0	0.6341463414634146	0.6833333333333333	other_gvp	competitive_gvpj_support	66.9	90.9	natural_heldout	gvpj	1	nat_797ed863bc757b701be8
nat_ae205daa22aa5ad59be8	ae205daa22aa5ad59be81a44550d5b704b3eccc50b6c2d536ce07e1533963731	120	pass	59.8	60.1	1.0	gvpj	104.0	gvpa	73.0	31.0	0.7886178861788617	0.8583333333333333	other_gvp	competitive_gvpj_support	73.0	104.0	natural_heldout	gvpj	1	nat_ae205daa22aa5ad59be8
nat_29345482d2af34083837	29345482d2af34083837c26ef20efcb986ace59f043c64c1aef18c697a406ec2	120	pass	45.4	45.8	0.9743589743589743			gvpa	98.5		0.0	0.0	unsupported	no_qualified_subfamily_hit	98.5	77.4	natural_heldout	gvpj	1	nat_29345482d2af34083837
nat_f7a7384ac9671dafa785	f7a7384ac9671dafa785fbbf5d1f5a609ae4302b7d84b99fd07a875ed202a9d8	119	pass	45.7	46.2	0.9743589743589743			gvpa	100.7		0.0	0.0	unsupported	no_qualified_subfamily_hit	100.7	76.9	natural_heldout	gvpj	1	nat_f7a7384ac9671dafa785
nat_023f578aefbf7c2af4b8	023f578aefbf7c2af4b8b9998e18e6454fb08546091ad0b2a224a484ed1c0bcf	119	pass	55.5	55.9	0.9743589743589743	gvpj	91.6	gvpa	66.9	24.69999999999999	0.6585365853658537	0.7142857142857143	other_gvp	competitive_gvpj_support	66.9	91.6	natural_heldout	gvpj	1	nat_023f578aefbf7c2af4b8
nat_9863770a194a0d55027a	9863770a194a0d55027accb2e9c8a9745821ad020eb8c731fb1818676395cf91	119	pass	56.8	57.2	0.9743589743589743	gvpj	102.0	gvpa	63.3	38.7	0.7886178861788617	0.8823529411764706	other_gvp	competitive_gvpj_support	63.3	102.0	natural_heldout	gvpj	1	nat_9863770a194a0d55027a
nat_58c22377f3821c65f8d7	58c22377f3821c65f8d73421e360b1a8e91fa16993f041dbb02edcfdb819e95d	119	pass	44.0	44.5	0.9743589743589743			gvpa	98.5		0.0	0.0	unsupported	no_qualified_subfamily_hit	98.5	79.7	natural_heldout	gvpj	1	nat_58c22377f3821c65f8d7
nat_0890e07d5e23fde5596e	0890e07d5e23fde5596e458c11ff186cc783bdd521d1b00f5b26601f02ad7dc6	119	pass	46.4	46.8	0.9743589743589743	gvpa	140.7	gvpj	93.1	47.599999999999994	0.7536231884057971	0.8991596638655462	supported_gvpa	pf00741_and_competitive_gvpa_support	140.7	93.1	natural_heldout	gvpj	1	nat_0890e07d5e23fde5596e
nat_6f809a8968b616f73a26	6f809a8968b616f73a263647766c0eea68545358827b72191b74a2610fa97f91	119	pass	59.8	60.5	1.0	gvpj	103.9	gvpa	73.6	30.30000000000001	0.7560975609756098	0.8319327731092437	other_gvp	competitive_gvpj_support	73.6	103.9	natural_heldout	gvpj	1	nat_6f809a8968b616f73a26
nat_06bb445b6a5c2299edf7	06bb445b6a5c2299edf79ab9576bc7d6b6bba29a453bd8df97bfed7316971d71	119	fail			0.0	gvpk	93.9	gvpv	6.4	87.5	0.8686868686868687	0.7983193277310925	other_gvp	competitive_gvpk_support	2.0	4.1	natural_heldout	gvpk	1	nat_06bb445b6a5c2299edf7
nat_650d9a7fc14a1c8678c8	650d9a7fc14a1c8678c86ffae5426eb851a964a9ddedc9077a7c7daf8f11324b	118	pass	44.6	45.2	0.9743589743589743			gvpa	97.9		0.0	0.0	unsupported	no_qualified_subfamily_hit	97.9	75.1	natural_heldout	gvpj	1	nat_650d9a7fc14a1c8678c8
nat_8c0f48ab1366fa010ded	8c0f48ab1366fa010ded22dff234ea35b572ece619969c5211cd1806a2f174a3	118	pass	55.9	56.4	0.9743589743589743	gvpj	96.3	gvpa	65.8	30.5	0.7317073170731707	0.7966101694915254	other_gvp	competitive_gvpj_support	65.8	96.3	natural_heldout	gvpj	1	nat_8c0f48ab1366fa010ded
nat_289ca4eeda020c662490	289ca4eeda020c6624904df4f7d737e8aca2b4eef9aef62eb587a43fe669d67d	118	pass	51.4	51.8	0.9487179487179487	gvpa	142.6	gvpj	97.5	45.099999999999994	0.8260869565217391	0.9576271186440678	supported_gvpa	pf00741_and_competitive_gvpa_support	142.6	97.5	natural_heldout	gvpj	1	nat_289ca4eeda020c662490
nat_367976824ecb68e9f969	367976824ecb68e9f9695c36a52877366276f8d6e5cd3fbffb25e2da1849cb2f	118	pass	47.1	47.6	0.9743589743589743	gvpa	141.9	gvpj	92.4	49.5	0.7463768115942029	0.8983050847457628	supported_gvpa	pf00741_and_competitive_gvpa_support	141.9	92.4	natural_heldout	gvpj	1	nat_367976824ecb68e9f969
nat_13b048e7463efcc40ba1	13b048e7463efcc40ba156eea4c7b3c325ea607edf71f903061a057d6f2807d2	118	pass	49.1	49.6	1.0	gvpa	137.0	gvpj	91.7	45.3	0.7753623188405797	0.940677966101695	supported_gvpa	pf00741_and_competitive_gvpa_support	137.0	91.7	natural_heldout	gvpj	1	nat_13b048e7463efcc40ba1
nat_54bba105484c79f2fd90	54bba105484c79f2fd9037815fd6bfda03af56cd0d2bba910f197f2e4c9170cc	118	pass	47.9	48.6	0.9743589743589743			gvpa	93.1		0.0	0.0	unsupported	no_qualified_subfamily_hit	93.1	74.2	natural_heldout	gvpj	1	nat_54bba105484c79f2fd90
nat_65886a26326e73a96436	65886a26326e73a96436dadea9d8ab7c9127bb6f74596ff5f7f457587bcd0ff2	118	pass	46.8	47.5	0.9743589743589743	gvpa	135.0	gvpj	91.8	43.2	0.7536231884057971	0.8813559322033898	supported_gvpa	pf00741_and_competitive_gvpa_support	135.0	91.8	natural_heldout	gvpj	1	nat_65886a26326e73a96436
nat_a70b192b6451eefede4e	a70b192b6451eefede4e8958a66247fa8b3b4be12d25564981eede022825aee5	118	fail			0.0	gvpk	128.4	gvpf	3.2	125.2	0.8787878787878788	0.7372881355932204	other_gvp	competitive_gvpk_support			natural_heldout	gvpk	1	nat_a70b192b6451eefede4e
nat_bf1b71832bbade3da9f4	bf1b71832bbade3da9f4d67f878aa3138a6b5f843549b6150a3a96a67f934730	118	fail			0.0	gvpk	77.6	gvpa	1.2	76.39999999999999	0.9393939393939394	0.8559322033898306	other_gvp	competitive_gvpk_support	1.2	1.1	natural_heldout	gvpk	1	nat_bf1b71832bbade3da9f4
nat_47659eab3f77d326e707	47659eab3f77d326e707f5eef1a167f4c1e98d4b6ddf674334e3669de40308cc	118	fail			0.0	gvpk	101.5	gvpj	5.4	96.1	0.8484848484848485	0.7627118644067796	other_gvp	competitive_gvpk_support	0.7	5.4	natural_heldout	gvpk	1	nat_47659eab3f77d326e707
nat_d2ffb42329a865195f36	d2ffb42329a865195f362c67ae1888c1d9c9fe932dd7b0c710333649c58aa876	117	pass	51.7	52.7	0.9743589743589743			gvpa	98.4		0.0	0.0	unsupported	no_qualified_subfamily_hit	98.4	75.9	natural_heldout	gvpj	1	nat_d2ffb42329a865195f36
nat_1c9dd723ae21204d632e	1c9dd723ae21204d632e46f4873e682d406a3e5704a9f46e9d4b8c8b1d6b2d9c	117	pass	59.2	59.7	1.0	gvpj	104.2	gvpa	70.6	33.60000000000001	0.7317073170731707	0.8205128205128205	other_gvp	competitive_gvpj_support	70.6	104.2	natural_heldout	gvpj	1	nat_1c9dd723ae21204d632e
nat_5147dbb10fa927c0ad55	5147dbb10fa927c0ad555308dc8734a0f5daafa2841310f50d1411f3a28cc5e2	117	pass	55.7	56.1	0.9743589743589743	gvpj	104.7	gvpa	67.8	36.900000000000006	0.7560975609756098	0.8461538461538461	other_gvp	competitive_gvpj_support	67.8	104.7	natural_heldout	gvpj	1	nat_5147dbb10fa927c0ad55
nat_bc6806cbbc65718c537b	bc6806cbbc65718c537b9df985379ae4df1983285c57a60e73f1992ea5cf3fda	117	pass	53.6	53.6	1.0	gvpj	93.1	gvpa	57.4	35.699999999999996	0.6910569105691057	0.7948717948717948	other_gvp	competitive_gvpj_support	57.4	93.1	natural_heldout	gvpj	1	nat_bc6806cbbc65718c537b
nat_7c3fe835f2de28872203	7c3fe835f2de2887220346bb4c31595a5d2d6995eca229b8dda0016cefdbb690	117	pass	54.2	54.7	0.9743589743589743	gvpj	102.4	gvpa	63.5	38.900000000000006	0.7479674796747967	0.8376068376068376	other_gvp	competitive_gvpj_support	63.5	102.4	natural_heldout	gvpj	1	nat_7c3fe835f2de28872203
nat_19fb2828c4fc32ca705b	19fb2828c4fc32ca705bbb8d680f736b15da8c68740f1294b5aa20e4418b26a1	117	pass	58.6	59.1	0.9743589743589743	gvpj	101.4	gvpa	62.7	38.7	0.7398373983739838	0.8290598290598291	other_gvp	competitive_gvpj_support	62.7	101.4	natural_heldout	gvpj	1	nat_19fb2828c4fc32ca705b
nat_730776f5e84cc9384165	730776f5e84cc9384165587ac16eba65929c0283128d87971ecb0ffe51d370b1	117	fail			0.0	gvpk	124.8	gvpv	2.9	121.89999999999999	0.8888888888888888	0.7521367521367521	other_gvp	competitive_gvpk_support			natural_heldout	gvpk	1	nat_730776f5e84cc9384165
nat_324d5d08f6cb86df2a45	324d5d08f6cb86df2a45bd21764eab25e90ef43b35a3cf7feec57127e4d97170	116	pass	52.5	52.5	0.9743589743589743	gvpa	98.9	gvpj	76.4	22.5	0.6231884057971014	0.75	supported_gvpa	pf00741_and_competitive_gvpa_support	98.9	76.4	natural_heldout	gvpj	1	nat_324d5d08f6cb86df2a45
nat_0c3c5a88107ee11e01e1	0c3c5a88107ee11e01e149587b9ee9e6b36ba031a71b18f94e6da5166ecef952	116	pass	51.7	52.8	0.9743589743589743	gvpa	101.2	gvpj	78.9	22.299999999999997	0.6014492753623188	0.7241379310344828	supported_gvpa	pf00741_and_competitive_gvpa_support	101.2	78.9	natural_heldout	gvpj	1	nat_0c3c5a88107ee11e01e1
nat_3a0003e56b4928cb7aaa	3a0003e56b4928cb7aaaa114a4dbb48a8decd152bf7591aad9f3589e4f05c9c0	116	pass	43.0	43.9	0.9743589743589743	gvpa	115.6	gvpj	80.6	35.0	0.6739130434782609	0.8103448275862069	supported_gvpa	pf00741_and_competitive_gvpa_support	115.6	80.6	natural_heldout	gvpj	1	nat_3a0003e56b4928cb7aaa
nat_ab02cf361a66facb0d7c	ab02cf361a66facb0d7c1cfb18f1a0cbc79d7970ce4381b3dac6e8a578cb3f93	116	pass	51.7	52.7	0.9743589743589743	gvpa	100.6	gvpj	77.2	23.39999999999999	0.6014492753623188	0.7241379310344828	supported_gvpa	pf00741_and_competitive_gvpa_support	100.6	77.2	natural_heldout	gvpj	1	nat_ab02cf361a66facb0d7c
nat_826bbaee5bbff7b121a8	826bbaee5bbff7b121a8d04c39a8a68b0c12d45993a4c6e16b7d296cbd82035c	116	pass	50.5	51.6	0.9743589743589743			gvpa	97.6		0.0	0.0	unsupported	no_qualified_subfamily_hit	97.6	72.1	natural_heldout	gvpj	1	nat_826bbaee5bbff7b121a8
nat_c343edccce5faea6ca16	c343edccce5faea6ca1683563126b87d489856490a9f1cb7fb662d1dba9d81d1	116	pass	51.7	52.6	0.9743589743589743	gvpj	75.3	gvpa	97.7	-22.400000000000006	0.6666666666666666	0.6724137931034483	gvpa_gvpj_ambiguous	insufficient_competitive_margin	97.7	75.3	natural_heldout	gvpj	1	nat_c343edccce5faea6ca16
nat_256f4d9f9e8bd81a3ef9	256f4d9f9e8bd81a3ef9a9b141c88881f62c7a7aabec200858ab744625cb2a71	116	pass	44.1	44.5	0.9743589743589743			gvpa	101.2		0.0	0.0	unsupported	no_qualified_subfamily_hit	101.2	79.2	natural_heldout	gvpj	1	nat_256f4d9f9e8bd81a3ef9
nat_830632d521f3236a361b	830632d521f3236a361b2cc909113f28f1b7c9746feed10a963651baa33ddcd0	116	pass	56.1	56.6	0.9743589743589743	gvpj	92.3	gvpa	65.4	26.89999999999999	0.7235772357723578	0.896551724137931	other_gvp	competitive_gvpj_support	65.4	92.3	natural_heldout	gvpj	1	nat_830632d521f3236a361b
nat_e481176a20214b3a0873	e481176a20214b3a087301cb540f95f432176d27e7b6913e12d2fa0a9b2a2e82	116	pass	46.1	46.6	0.9743589743589743			gvpa	103.2		0.0	0.0	unsupported	no_qualified_subfamily_hit	103.2	80.5	natural_heldout	gvpj	1	nat_e481176a20214b3a0873
nat_ce958cc38501a37e45ae	ce958cc38501a37e45aed22caa19def169ab5256e5395e4349dd844b31c1ebcb	116	pass	40.0	40.5	0.9743589743589743			gvpa	85.1		0.0	0.0	unsupported	no_qualified_subfamily_hit	85.1	69.8	natural_heldout	gvpj	1	nat_ce958cc38501a37e45ae
nat_cd1929fe49d2fd7e73a2	cd1929fe49d2fd7e73a2c0e5c0b3313b0e28966a76def27c358c09268225b974	115	pass	52.0	53.2	0.9743589743589743	gvpa	100.8	gvpj	75.3	25.5	0.6086956521739131	0.7391304347826086	supported_gvpa	pf00741_and_competitive_gvpa_support	100.8	75.3	natural_heldout	gvpj	1	nat_cd1929fe49d2fd7e73a2
nat_e421fcf48d6e300eacc2	e421fcf48d6e300eacc20993a4081b6eee5c9e2b67bbe845867aa9785c754b40	115	pass	59.1	59.5	1.0	gvpj	102.9	gvpa	71.6	31.30000000000001	0.6991869918699187	0.8	other_gvp	competitive_gvpj_support	71.6	102.9	natural_heldout	gvpj	1	nat_e421fcf48d6e300eacc2
nat_db12f4452278c4bf469c	db12f4452278c4bf469c0b9ecd256ff1e5ad108a4bebff74f3a1f785100685a8	115	pass	51.5	52.0	1.0	gvpj	98.1	gvpa	64.5	33.599999999999994	0.7398373983739838	0.8608695652173913	other_gvp	competitive_gvpj_support	64.5	98.1	natural_heldout	gvpj	1	nat_db12f4452278c4bf469c
nat_675982ec30ea7a2f5047	675982ec30ea7a2f5047f368580a65fbf46f5cca60f457d8fc819a077ceac758	115	pass	47.8	48.3	0.9743589743589743	gvpa	134.5	gvpj	95.3	39.2	0.717391304347826	0.8608695652173913	supported_gvpa	pf00741_and_competitive_gvpa_support	134.5	95.3	natural_heldout	gvpj	1	nat_675982ec30ea7a2f5047
nat_7dbf168b0a730e9f7293	7dbf168b0a730e9f72933640bee62f33d4c48f955ea9a74082d481b8d6c2db57	115	pass	46.7	47.1	0.9743589743589743			gvpa	96.5		0.0	0.0	unsupported	no_qualified_subfamily_hit	96.5	78.4	natural_heldout	gvpj	1	nat_7dbf168b0a730e9f7293
nat_78a9f4fc56b943558b47	78a9f4fc56b943558b472c50cf1f9f51f665167d9390294bba59b62d79ea34a6	115	pass	58.7	59.4	1.0	gvpj	100.1	gvpa	66.4	33.69999999999999	0.7479674796747967	0.8260869565217391	other_gvp	competitive_gvpj_support	66.4	100.1	natural_heldout	gvpj	1	nat_78a9f4fc56b943558b47
nat_a7260a5a6927c219450b	a7260a5a6927c219450b0741809a62c245753bfddd1144e100c668af48ffc3e3	115	pass	53.9	54.4	0.9743589743589743	gvpj	89.6	gvpa	60.3	29.299999999999997	0.7479674796747967	0.8347826086956521	other_gvp	competitive_gvpj_support	60.3	89.6	natural_heldout	gvpj	1	nat_a7260a5a6927c219450b
nat_d8c8fefe6de77c17cf0b	d8c8fefe6de77c17cf0bccf208861904a5926db11ff2b364c98f801595b7e60f	115	fail			0.0	gvpk	123.3	gvpl	2.2	121.1	0.898989898989899	0.7739130434782608	other_gvp	competitive_gvpk_support			natural_heldout	gvpk	1	nat_d8c8fefe6de77c17cf0b
nat_287dc8e13316bfa21d5b	287dc8e13316bfa21d5b85e96858f21a644adc081803860efdc92cbec8f0773a	115	fail			0.0	gvpv	64.2	gvpc	9.4	54.800000000000004	1.0	0.9478260869565217	other_gvp	competitive_gvpv_support	2.2	2.0	natural_heldout	gvpv	1	nat_287dc8e13316bfa21d5b
nat_a2f8b9e4088f449304d6	a2f8b9e4088f449304d6d50114a2568634e271d4e24335cd2c3bf79dfd93628b	114	pass	55.6	56.0	0.9743589743589743			gvpj	90.8		0.0	0.0	unsupported	no_qualified_subfamily_hit	68.1	90.8	natural_heldout	gvpj	1	nat_a2f8b9e4088f449304d6
nat_a67dd765d5d9f1265194	a67dd765d5d9f1265194d37fcb2498565d0a41072ec86067efbb8c057ca671b3	114	pass	59.1	59.5	1.0	gvpj	91.9	gvpa	57.6	34.300000000000004	0.7073170731707317	0.7982456140350878	other_gvp	competitive_gvpj_support	57.6	91.9	natural_heldout	gvpj	1	nat_a67dd765d5d9f1265194
nat_738e58b1a8b51b7eb17a	738e58b1a8b51b7eb17a3289ac8922602b619c7eec5b09e469bce8d3c23d31eb	114	pass	46.9	47.6	0.9743589743589743	gvpa	135.2	gvpj	90.9	44.29999999999998	0.7391304347826086	0.8947368421052632	supported_gvpa	pf00741_and_competitive_gvpa_support	135.2	90.9	natural_heldout	gvpj	1	nat_738e58b1a8b51b7eb17a
nat_477b4b16e4be0d565386	477b4b16e4be0d565386d1c98e6e7f379a76193a493add27c3461873d802b603	114	pass	49.0	49.4	0.9743589743589743	gvpa	128.7	gvpj	96.1	32.599999999999994	0.6594202898550725	0.8245614035087719	supported_gvpa	pf00741_and_competitive_gvpa_support	128.7	96.1	natural_heldout	gvpj	1	nat_477b4b16e4be0d565386
nat_42e47560e4eed8697446	42e47560e4eed8697446b2631845ca884f5a4dac6dd50454670e38788e74ee4b	114	pass	46.5	47.0	0.9743589743589743	gvpa	135.6	gvpj	90.2	45.39999999999999	0.7246376811594203	0.8771929824561403	supported_gvpa	pf00741_and_competitive_gvpa_support	135.6	90.2	natural_heldout	gvpj	1	nat_42e47560e4eed8697446
nat_485a8f2cb7e24fa53ea0	485a8f2cb7e24fa53ea09e85a860f03a35852894638ff032fc6d1c664a40b078	114	pass	44.7	45.1	0.9743589743589743			gvpa	96.9		0.0	0.0	unsupported	no_qualified_subfamily_hit	96.9	74.1	natural_heldout	gvpj	1	nat_485a8f2cb7e24fa53ea0
nat_62446b1275b012a250ea	62446b1275b012a250ea848bcb92474cf18ca1abfba952b7d31567a12f8b914d	114	pass	59.9	60.5	1.0	gvpj	102.8	gvpa	72.8	30.0	0.7479674796747967	0.8596491228070176	other_gvp	competitive_gvpj_support	72.8	102.8	natural_heldout	gvpj	1	nat_62446b1275b012a250ea
nat_c54850c6159ad64d41a5	c54850c6159ad64d41a5c8a40119789488060d5b2da4d3c8f535cbf3ce53657f	114	pass	55.8	56.2	0.9743589743589743	gvpj	96.5	gvpa	62.7	33.8	0.7073170731707317	0.7982456140350878	other_gvp	competitive_gvpj_support	62.7	96.5	natural_heldout	gvpj	1	nat_c54850c6159ad64d41a5
nat_343a5e4d559b5d15afdd	343a5e4d559b5d15afddf50adcd48a35073ecc1f9483d4d6d8ac19064bda23fd	114	fail	1.2	2.2	0.358974358974359	gvpk	93.3	gvpv	5.3	88.0	0.9090909090909091	0.8421052631578947	other_gvp	competitive_gvpk_support	2.9	3.8	natural_heldout	gvpk	1	nat_343a5e4d559b5d15afdd
nat_0ce4f366361b92c40e72	0ce4f366361b92c40e72148d1bf5e15bb85dbdd3c8ae7ebafe7e5a91881a815b	114	fail			0.0	gvpv	53.3	gvpn	6.9	46.4	0.963302752293578	0.8333333333333334	other_gvp	competitive_gvpv_support	1.6	2.0	natural_heldout	gvpv	1	nat_0ce4f366361b92c40e72
nat_758a833afecd8f1c3406	758a833afecd8f1c34062d3b81591b4adac29ebc3fa17b670f72888d0c9848b9	113	pass	59.9	60.3	1.0	gvpj	104.2	gvpa	73.3	30.900000000000006	0.6910569105691057	0.8053097345132744	other_gvp	competitive_gvpj_support	73.3	104.2	natural_heldout	gvpj	1	nat_758a833afecd8f1c3406
nat_251a53475171eb7e3f69	251a53475171eb7e3f696403c915651a743be1fb2b2e096d4f37b43a134d0aae	113	pass	52.4	52.7	0.9743589743589743	gvpj	91.5	gvpa	67.7	23.799999999999997	0.6341463414634146	0.7522123893805309	other_gvp	competitive_gvpj_support	67.7	91.5	natural_heldout	gvpj	1	nat_251a53475171eb7e3f69
nat_d7456223d4168dd8bcaa	d7456223d4168dd8bcaa8c713d9969c4243543fa6400f36b2346a37b352e4692	113	pass	35.7	36.1	0.8717948717948718	gvpa	111.0	gvpj	70.3	40.7	0.7971014492753623	0.9734513274336283	supported_gvpa	pf00741_and_competitive_gvpa_support	111.0	70.3	natural_heldout	gvpj	1	nat_d7456223d4168dd8bcaa
nat_36cd672e9f0f362f84a3	36cd672e9f0f362f84a37750ebb1ec92ac088916593ac5770c2dfcfd1cdf42a8	113	pass	44.2	44.8	0.9743589743589743			gvpa	99.9		0.0	0.0	unsupported	no_qualified_subfamily_hit	99.9	78.4	natural_heldout	gvpj	1	nat_36cd672e9f0f362f84a3
nat_8cd52de919d22e5b2f70	8cd52de919d22e5b2f70bcd82a43de46636a231efc165a08ae66128ff8af463e	113	pass	44.7	45.2	0.9743589743589743			gvpa	95.2		0.0	0.0	unsupported	no_qualified_subfamily_hit	95.2	73.7	natural_heldout	gvpj	1	nat_8cd52de919d22e5b2f70
nat_6ff1830293724c205a70	6ff1830293724c205a7051235a34a0cf6b5f3306998da8667f6a262551bf46a2	113	pass	48.9	49.7	0.9743589743589743			gvpa	92.7		0.0	0.0	unsupported	no_qualified_subfamily_hit	92.7	72.0	natural_heldout	gvpj	1	nat_6ff1830293724c205a70
nat_87c687bea1af941dec3f	87c687bea1af941dec3f14db014510fde248937614ce6b1f8b950e0941541209	113	pass	42.7	43.2	0.9743589743589743			gvpa	97.7		0.0	0.0	unsupported	no_qualified_subfamily_hit	97.7	76.2	natural_heldout	gvpj	1	nat_87c687bea1af941dec3f
nat_38b618e8937e5e5e698b	38b618e8937e5e5e698b3719e0a66ce7af6776b4fd72f605c92aac62af631236	113	pass	61.6	62.0	1.0	gvpj	103.9	gvpa	75.2	28.700000000000003	0.7479674796747967	0.9646017699115044	other_gvp	competitive_gvpj_support	75.2	103.9	natural_heldout	gvpj	1	nat_38b618e8937e5e5e698b
nat_daa26bb81225045c82c6	daa26bb81225045c82c638da89cf226875d61beccc9ecd2fa855f13ba9f58446	113	pass	58.0	58.3	1.0	gvpj	100.4	gvpa	65.0	35.400000000000006	0.7642276422764228	0.9026548672566371	other_gvp	competitive_gvpj_support	65.0	100.4	natural_heldout	gvpj	1	nat_daa26bb81225045c82c6
nat_5e0a0c17153bc7a2c0f7	5e0a0c17153bc7a2c0f7b60204d1a4c4b333ddfc4057a06aceae1cf64cbf1697	113	pass	44.8	45.3	0.9743589743589743			gvpa	101.1		0.0	0.0	unsupported	no_qualified_subfamily_hit	101.1	76.3	natural_heldout	gvpj	1	nat_5e0a0c17153bc7a2c0f7
nat_f1643822251b583b4a61	f1643822251b583b4a61090d8565249f5cbd4e3990ce44637c2b0afb1f771f32	113	pass	56.7	57.2	1.0	gvpj	90.2	gvpa	59.2	31.0	0.7317073170731707	0.831858407079646	other_gvp	competitive_gvpj_support	59.2	90.2	natural_heldout	gvpj	1	nat_f1643822251b583b4a61
nat_c22ec0560f03a826fc2e	c22ec0560f03a826fc2e03fd0e979e248ce16cf87fe489ad1f2c99b51a374d13	113	pass	49.7	49.9	0.9743589743589743	gvpj	78.3	gvpa	53.1	25.199999999999996	0.8292682926829268	0.9026548672566371	other_gvp	competitive_gvpj_support	53.1	78.3	natural_heldout	gvpj	1	nat_c22ec0560f03a826fc2e
nat_b924ca0fc25dc601d2bb	b924ca0fc25dc601d2bb3d292263b5b728c4160be63bd2a219a553ba09e32b45	113	pass	51.7	52.1	0.9743589743589743	gvpj	77.5	gvpa	53.3	24.200000000000003	0.7235772357723578	0.8053097345132744	other_gvp	competitive_gvpj_support	53.3	77.5	natural_heldout	gvpj	1	nat_b924ca0fc25dc601d2bb
nat_370baf47c4f0c06f12a6	370baf47c4f0c06f12a6f759b5b577f608e749b669703f36c803fe673568c16c	112	pass	60.0	60.4	1.0	gvpj	103.9	gvpa	72.2	31.700000000000003	0.7317073170731707	0.8571428571428571	other_gvp	competitive_gvpj_support	72.2	103.9	natural_heldout	gvpj	1	nat_370baf47c4f0c06f12a6
nat_8cfb15257dddaf933d66	8cfb15257dddaf933d6642623e254723e0e2e4f0cf1e092faaaf7018c2cbf65b	112	pass	60.0	60.3	1.0	gvpj	105.0	gvpa	72.2	32.8	0.7479674796747967	0.875	other_gvp	competitive_gvpj_support	72.2	105.0	natural_heldout	gvpj	1	nat_8cfb15257dddaf933d66
nat_d56b0aa5e7ed5400a27e	d56b0aa5e7ed5400a27ecebc47993c6f80818b0c5557c3e934c0f16310c672e6	112	pass	60.0	60.3	1.0	gvpj	106.9	gvpa	74.7	32.2	0.7642276422764228	0.8928571428571429	other_gvp	competitive_gvpj_support	74.7	106.9	natural_heldout	gvpj	1	nat_d56b0aa5e7ed5400a27e
nat_e2936110b0ddfefb35cc	e2936110b0ddfefb35cca3e36095b5a370e7836f7ddb7e4a48e16b3e88545e73	112	pass	46.1	46.6	0.9487179487179487	gvpa	119.2	gvpj	86.2	33.0	0.6521739130434783	0.8125	supported_gvpa	pf00741_and_competitive_gvpa_support	119.2	86.2	natural_heldout	gvpj	1	nat_e2936110b0ddfefb35cc
nat_2f3087b5aa2a281ad976	2f3087b5aa2a281ad97677b4d51e92a77c4171e511bd0446b854c8082c5ef6b8	112	pass	48.9	49.7	0.9743589743589743			gvpa	93.5		0.0	0.0	unsupported	no_qualified_subfamily_hit	93.5	71.5	natural_heldout	gvpj	1	nat_2f3087b5aa2a281ad976
nat_6ab76c5d4defe2738feb	6ab76c5d4defe2738feb12b49a2d0eb3cb6cf955d42a78f2f6c36a5b03b26e56	112	fail			0.0	gvpk	121.6	gvpl	2.0	119.6	0.898989898989899	0.7946428571428571	other_gvp	competitive_gvpk_support		0.3	natural_heldout	gvpk	1	nat_6ab76c5d4defe2738feb
nat_50c1cc9965716061b22d	50c1cc9965716061b22dcb0f826d9960dfc46f27339ae197ab8c58fa67c99cd9	111	pass	57.7	58.0	1.0	gvpj	103.2	gvpa	72.9	30.299999999999997	0.7479674796747967	0.8828828828828829	other_gvp	competitive_gvpj_support	72.9	103.2	natural_heldout	gvpj	1	nat_50c1cc9965716061b22d
nat_0527af41f2808b342e5a	0527af41f2808b342e5acaba46f9fb9863254d771515b8d07dcd1653058ead2d	111	pass	60.0	60.8	1.0	gvpj	104.1	gvpa	71.2	32.89999999999999	0.7560975609756098	0.8918918918918919	other_gvp	competitive_gvpj_support	71.2	104.1	natural_heldout	gvpj	1	nat_0527af41f2808b342e5a
nat_a0ad89f4e1861fd114d4	a0ad89f4e1861fd114d4e67d62f275390115a7188ec0fe6600a04dfb067cc653	111	pass	61.7	62.1	1.0	gvpj	105.7	gvpa	73.1	32.60000000000001	0.7235772357723578	0.8558558558558559	other_gvp	competitive_gvpj_support	73.1	105.7	natural_heldout	gvpj	1	nat_a0ad89f4e1861fd114d4
nat_1afa662e7ba52f44c1e0	1afa662e7ba52f44c1e02a862ab3e44e60884a8dd474906d7b3699fbf041ee50	111	pass	58.5	59.2	1.0	gvpj	100.7	gvpa	69.7	31.0	0.6910569105691057	0.8198198198198198	other_gvp	competitive_gvpj_support	69.7	100.7	natural_heldout	gvpj	1	nat_1afa662e7ba52f44c1e0
nat_2593b683bc69e42309bf	2593b683bc69e42309bf8033570561f452cc4406ee3b0e2f173a50670ee08c41	111	pass	45.1	45.6	0.9743589743589743			gvpa	100.4		0.0	0.0	unsupported	no_qualified_subfamily_hit	100.4	77.9	natural_heldout	gvpj	1	nat_2593b683bc69e42309bf
nat_21f981a64332a12578c3	21f981a64332a12578c33210109182588a4c35285cac53d988608860a8861379	111	pass	52.2	52.6	0.9487179487179487	gvpj	84.2	gvpa	67.1	17.10000000000001	0.6666666666666666	0.7387387387387387	other_gvp	competitive_gvpj_support	67.1	84.2	natural_heldout	gvpj	1	nat_21f981a64332a12578c3
nat_0dbb7a6e5434eb973be2	0dbb7a6e5434eb973be23218fd55f1ec08c3f008f8c70624eb7a21b75fdbea72	111	pass	50.4	50.8	0.9743589743589743	gvpj	76.9	gvpa	49.8	27.10000000000001	0.7479674796747967	0.8648648648648649	other_gvp	competitive_gvpj_support	49.8	76.9	natural_heldout	gvpj	1	nat_0dbb7a6e5434eb973be2
nat_14e9a67df0dd3e5aba86	14e9a67df0dd3e5aba8695401b61493fce92399eef50ec7695c43e81ee85704b	111	fail			0.0	gvpk	91.9	gvpa	2.9	89.0	0.9696969696969697	0.918918918918919	other_gvp	competitive_gvpk_support	2.9		natural_heldout	gvpk	1	nat_14e9a67df0dd3e5aba86
nat_86af9eceed0fad9d4e41	86af9eceed0fad9d4e412b8b77e460cfc8efa6c56de7ea09cd7ad732693179f8	111	fail			0.0	gvpk	93.4	gvpj	0.9	92.5	0.9696969696969697	0.918918918918919	other_gvp	competitive_gvpk_support	0.0	0.9	natural_heldout	gvpk	1	nat_86af9eceed0fad9d4e41
nat_ce6587aeb16990c43df0	ce6587aeb16990c43df06ce89d9d133a35905f04bdb962b5882d22a307ad9fa0	111	fail	7.1	7.9	0.2564102564102564			gvpk	57.2		0.0	0.0	unsupported	no_qualified_subfamily_hit		13.4	natural_heldout	gvpk	1	nat_ce6587aeb16990c43df0
nat_f41f39c57e294fe1a02f	f41f39c57e294fe1a02fa8ca4e4bdc92cfdd683c129658bd2511f087117bd510	110	pass	60.1	60.9	1.0	gvpj	90.7	gvpa	63.3	27.400000000000006	0.7642276422764228	0.9272727272727272	other_gvp	competitive_gvpj_support	63.3	90.7	natural_heldout	gvpj	1	nat_f41f39c57e294fe1a02f
nat_185744979d00560dee6b	185744979d00560dee6be243a7ebd3df6217ecaa3bc867b71349d590160af35e	110	pass	60.1	60.5	1.0	gvpj	102.1	gvpa	70.6	31.5	0.7154471544715447	0.9090909090909091	other_gvp	competitive_gvpj_support	70.6	102.1	natural_heldout	gvpj	1	nat_185744979d00560dee6b
nat_2a43ec8cc7979782d2b6	2a43ec8cc7979782d2b67ee085e8b130d3ce937c40c1c925dd01f73b66435f09	110	pass	58.7	59.0	1.0	gvpj	97.9	gvpa	57.7	40.2	0.7398373983739838	0.9090909090909091	other_gvp	competitive_gvpj_support	57.7	97.9	natural_heldout	gvpj	1	nat_2a43ec8cc7979782d2b6
nat_7afd227c19d88f493be5	7afd227c19d88f493be59065ec0ee4c44e4e3a4b985da1ce08cbdac96fb3b4f6	110	pass	48.0	48.5	0.9743589743589743	gvpj	72.9	gvpa	50.0	22.900000000000006	0.6504065040650406	0.7363636363636363	other_gvp	competitive_gvpj_support	50.0	72.9	natural_heldout	gvpj	1	nat_7afd227c19d88f493be5
nat_b7b2dc53fd89ba68dfe9	b7b2dc53fd89ba68dfe92bf7077462590e78f084ca02473e6a6e595cc4eb2400	110	pass	44.2	44.7	0.9743589743589743			gvpa	101.2		0.0	0.0	unsupported	no_qualified_subfamily_hit	101.2	79.1	natural_heldout	gvpj	1	nat_b7b2dc53fd89ba68dfe9
nat_df5704c469ac5f164e3a	df5704c469ac5f164e3a777a3c1e54596ccb43c328e4af980e24644b217e1884	110	pass	59.3	59.7	1.0	gvpj	103.3	gvpa	70.7	32.599999999999994	0.7073170731707317	0.8454545454545455	other_gvp	competitive_gvpj_support	70.7	103.3	natural_heldout	gvpj	1	nat_df5704c469ac5f164e3a
nat_00f078f1a0eafd9ea851	00f078f1a0eafd9ea851b47d43f9ec33bd8934efc58a4c3a4c22dc6eb06b99fc	110	pass	44.7	45.1	0.9743589743589743			gvpa	97.6		0.0	0.0	unsupported	no_qualified_subfamily_hit	97.6	74.3	natural_heldout	gvpj	1	nat_00f078f1a0eafd9ea851
nat_caab2da04cf4baba5880	caab2da04cf4baba5880875b07a7317540c20b9ae194990a7475e1c8fb15dae0	109	pass	58.6	58.9	1.0	gvpj	102.1	gvpa	65.9	36.19999999999999	0.7398373983739838	0.9174311926605505	other_gvp	competitive_gvpj_support	65.9	102.1	natural_heldout	gvpj	1	nat_caab2da04cf4baba5880
nat_f6319f5f160f5a18b334	f6319f5f160f5a18b334a300c3fe50280eac6ac493b2396b0e78141189c0c900	109	pass	50.7	51.2	1.0	gvpa	120.7	gvpj	88.8	31.900000000000006	0.6014492753623188	0.7522935779816514	supported_gvpa	pf00741_and_competitive_gvpa_support	120.7	88.8	natural_heldout	gvpj	1	nat_f6319f5f160f5a18b334
nat_5388e98c468816cc13cf	5388e98c468816cc13cf43604ec1c0b820e7aa637080a13f377af034610fa7ed	109	pass	49.6	50.0	0.9487179487179487			gvpj	90.1		0.0	0.0	unsupported	no_qualified_subfamily_hit	60.6	90.1	natural_heldout	gvpj	1	nat_5388e98c468816cc13cf
nat_31e361e3c2b319df0670	31e361e3c2b319df0670a962baa15a8f8d5ad3d34c1a45dd25118c26148c6424	109	fail			0.0	gvpk	92.9	gvpl	2.3	90.60000000000001	0.9797979797979798	0.944954128440367	other_gvp	competitive_gvpk_support		0.4	natural_heldout	gvpk	1	nat_31e361e3c2b319df0670
nat_e7fa43c2e619fa329682	e7fa43c2e619fa32968233af3328060675b8a98cb8f61d399d14dbbe68a5c960	109	fail			0.0	gvpk	84.8	gvpv	3.9	80.89999999999999	0.797979797979798	0.7431192660550459	other_gvp	competitive_gvpk_support		2.1	natural_heldout	gvpk	1	nat_e7fa43c2e619fa329682
nat_6e6ce758d8c4852aa4fa	6e6ce758d8c4852aa4fafc011c3341ab4ae4ed29e90e4923f97978743af7c8bb	108	pass	48.5	49.0	0.9743589743589743			gvpa	98.1		0.0	0.0	unsupported	no_qualified_subfamily_hit	98.1	79.2	natural_heldout	gvpj	1	nat_6e6ce758d8c4852aa4fa
nat_08693a219f8e2c8ad83d	08693a219f8e2c8ad83daea7e2447f3d4e5dac425719ba0e700a714b4738c551	108	pass	61.6	62.0	1.0	gvpj	104.6	gvpa	72.6	32.0	0.7235772357723578	0.9166666666666666	other_gvp	competitive_gvpj_support	72.6	104.6	natural_heldout	gvpj	1	nat_08693a219f8e2c8ad83d
nat_18031ddd50aae696a324	18031ddd50aae696a324f284a05138ecefdd078fc8bc0e68aebf8d730976bcd9	108	pass	60.1	60.7	1.0	gvpj	104.6	gvpa	72.1	32.5	0.7723577235772358	0.9537037037037037	other_gvp	competitive_gvpj_support	72.1	104.6	natural_heldout	gvpj	1	nat_18031ddd50aae696a324
nat_05708ca69ef57e384a38	05708ca69ef57e384a38523bfbca85c3545c3e17fdef1a0d91d872f16237dc57	108	pass	61.8	62.2	1.0	gvpj	106.4	gvpa	72.3	34.10000000000001	0.7560975609756098	0.9351851851851852	other_gvp	competitive_gvpj_support	72.3	106.4	natural_heldout	gvpj	1	nat_05708ca69ef57e384a38
nat_69e482373852c8d89d8f	69e482373852c8d89d8f500dc576afce24ebf051e1c535ccf5e73d9e781f3296	108	pass	61.8	62.4	1.0	gvpj	107.9	gvpa	73.0	34.900000000000006	0.7398373983739838	0.9351851851851852	other_gvp	competitive_gvpj_support	73.0	107.9	natural_heldout	gvpj	1	nat_69e482373852c8d89d8f
nat_21c04a400fa9dc9f9308	21c04a400fa9dc9f9308890748b2ed64b30dd6d585bce010c3d01407fc161923	108	pass	60.3	60.7	1.0	gvpj	106.0	gvpa	72.2	33.8	0.7154471544715447	0.8703703703703703	other_gvp	competitive_gvpj_support	72.2	106.0	natural_heldout	gvpj	1	nat_21c04a400fa9dc9f9308
nat_bab08881e7a072b3f11f	bab08881e7a072b3f11f959bd09f0137169b95ba08448f21c4a237be521bea0f	108	pass	47.3	47.8	0.9743589743589743			gvpa	97.1		0.0	0.0	unsupported	no_qualified_subfamily_hit	97.1	79.1	natural_heldout	gvpj	1	nat_bab08881e7a072b3f11f
nat_9347e512b923af873132	9347e512b923af873132f1e3b18be1881feb912e7eec239d945cf0c857be0b27	108	pass	47.3	47.7	0.9743589743589743			gvpa	97.3		0.0	0.0	unsupported	no_qualified_subfamily_hit	97.3	79.7	natural_heldout	gvpj	1	nat_9347e512b923af873132
nat_04c084aa7034f2b0643c	04c084aa7034f2b0643ccb89b640bf12c71114185a9905dcd639bbadee814075	108	pass	60.1	60.6	1.0	gvpj	105.9	gvpa	71.2	34.7	0.7642276422764228	0.9629629629629629	other_gvp	competitive_gvpj_support	71.2	105.9	natural_heldout	gvpj	1	nat_04c084aa7034f2b0643c
nat_75dc6e04d78110911214	75dc6e04d78110911214e83e2379fb8af2f8cdc2d38b618f7afb62d57cb066b0	108	fail			0.0	gvpk	103.7	gvpj	5.3	98.4	0.9090909090909091	0.8888888888888888	other_gvp	competitive_gvpk_support	1.0	5.3	natural_heldout	gvpk	1	nat_75dc6e04d78110911214
nat_a52d6209dd2de857b094	a52d6209dd2de857b0941e8f40a87e88303313ef8619fb66794275b2ed554078	108	fail			0.0	gvpv	64.9	gvpk	12.3	52.60000000000001	0.8715596330275229	0.8148148148148148	other_gvp	competitive_gvpv_support	2.8	4.6	natural_heldout	gvpv	1	nat_a52d6209dd2de857b094
nat_96a553e6661e35871697	96a553e6661e358716976b266a2174afcdc29d94776099a7897d0ccbb2a0926f	108	fail			0.0	gvpv	67.9	gvpk	11.5	56.400000000000006	0.8715596330275229	0.8148148148148148	other_gvp	competitive_gvpv_support	1.9	3.4	natural_heldout	gvpv	1	nat_96a553e6661e35871697
nat_3b723aaeacc6bb57b98b	3b723aaeacc6bb57b98b5cdbe6ae1ced783797a96f36ffc293cfc4c2d938cb77	107	pass	60.8	61.3	1.0	gvpj	85.8	gvpa	58.1	27.699999999999996	0.6504065040650406	0.8317757009345794	other_gvp	competitive_gvpj_support	58.1	85.8	natural_heldout	gvpj	1	nat_3b723aaeacc6bb57b98b
nat_59adc5339e1e4cde4f85	59adc5339e1e4cde4f85156a65f51e2e8b9459a4ddd2bff2453bbe8d3454c541	107	pass	58.5	58.5	1.0	gvpj	86.8	gvpa	66.6	20.200000000000003	0.6910569105691057	0.8878504672897196	other_gvp	competitive_gvpj_support	66.6	86.8	natural_heldout	gvpj	1	nat_59adc5339e1e4cde4f85
nat_8e116b0b90509f56bbdd	8e116b0b90509f56bbddd6686d8a319e654a2c440b923f72296aaaed539d5d35	107	fail			0.0	gvpk	124.8	gvpf	4.5	120.3	0.8686868686868687	0.8037383177570093	other_gvp	competitive_gvpk_support		0.0	natural_heldout	gvpk	1	nat_8e116b0b90509f56bbdd
nat_891be5bf182f6f47b42f	891be5bf182f6f47b42fd15ddcfa00b01d73ef8e8bc605e9622171fb8f850a27	107	fail			0.0	gvpk	90.3	gvpj	3.2	87.1	0.9696969696969697	0.9532710280373832	other_gvp	competitive_gvpk_support	1.1	3.2	natural_heldout	gvpk	1	nat_891be5bf182f6f47b42f
nat_c3e07fb5ea5af421370c	c3e07fb5ea5af421370c0b3019d90ca27b9ccab65994b31221ae5d9e733380d1	107	fail			0.0	gvpk	83.4	gvpj	4.0	79.4	0.9191919191919192	0.9532710280373832	other_gvp	competitive_gvpk_support	0.6	4.0	natural_heldout	gvpk	1	nat_c3e07fb5ea5af421370c
nat_a5ecf4f0152b64075fbe	a5ecf4f0152b64075fbe92929b6c8a19c6b400fa622e9414e13a8a35e86ea5b4	107	fail	0.8	1.2	0.23076923076923078	gvpk	93.3	gvpj	2.3	91.0	0.9696969696969697	0.9532710280373832	other_gvp	competitive_gvpk_support	0.5	2.3	natural_heldout	gvpk	1	nat_a5ecf4f0152b64075fbe
nat_98c17a9a67d3ec5e7355	98c17a9a67d3ec5e73559d2f24c2c198545c9eaf5edb330dd2890903990be1ab	106	pass	61.6	62.0	1.0	gvpj	103.5	gvpa	72.9	30.599999999999994	0.6991869918699187	0.8679245283018868	other_gvp	competitive_gvpj_support	72.9	103.5	natural_heldout	gvpj	1	nat_98c17a9a67d3ec5e7355
nat_1dbd7a4a41de9f640af1	1dbd7a4a41de9f640af14e6cd63a0b465b122a6b9b2188aba7fbe2e34fdeb50d	106	pass	52.6	52.9	0.9743589743589743	gvpj	92.9	gvpa	69.2	23.700000000000003	0.6422764227642277	0.8113207547169812	other_gvp	competitive_gvpj_support	69.2	92.9	natural_heldout	gvpj	1	nat_1dbd7a4a41de9f640af1
nat_f886548319deb0533ee3	f886548319deb0533ee360bd7c1e575ef66652968c2f3482e507ef5c7dfaa004	106	fail			0.0			gvpk	50.2		0.0	0.0	unsupported	no_qualified_subfamily_hit			natural_heldout	gvpk	1	nat_f886548319deb0533ee3
nat_d861bfe11a962861f3d4	d861bfe11a962861f3d4bd4cb551d604296666b5899ed01b90d4caa4a3659da5	106	fail			0.0	gvpk	100.4	gvpj	5.1	95.30000000000001	0.898989898989899	0.8773584905660378	other_gvp	competitive_gvpk_support	0.8	5.1	natural_heldout	gvpk	1	nat_d861bfe11a962861f3d4
nat_423e7db658438d5646a8	423e7db658438d5646a8b6bad92af058f93e77096f32ec4a8a59ebde4bb4ca6b	105	pass	49.5	49.9	0.9743589743589743			gvpa	101.3		0.0	0.0	unsupported	no_qualified_subfamily_hit	101.3	82.4	natural_heldout	gvpj	1	nat_423e7db658438d5646a8
nat_fb5c50128dbd5c384bba	fb5c50128dbd5c384bba2ee781b3eddcd7cec0241a0fc7bb18a8c37f2d9f9495	105	pass	59.4	60.0	1.0	gvpj	82.9	gvpa	63.9	19.000000000000007	0.7154471544715447	0.8666666666666667	other_gvp	competitive_gvpj_support	63.9	82.9	natural_heldout	gvpj	1	nat_fb5c50128dbd5c384bba
nat_3ed9bc4471e8c5d8a73f	3ed9bc4471e8c5d8a73f7aa8795feaa700733f2bb49df5e55bd30a303e922184	105	pass	43.7	44.0	0.9743589743589743			gvpa	83.9		0.0	0.0	unsupported	no_qualified_subfamily_hit	83.9	67.3	natural_heldout	gvpj	1	nat_3ed9bc4471e8c5d8a73f
nat_99b0e6ac4f74262c1bb2	99b0e6ac4f74262c1bb28e9e923dd641a723c927b0eb277c9ec25ab6108fed09	105	pass	44.2	44.9	0.9743589743589743			gvpa	98.7		0.0	0.0	unsupported	no_qualified_subfamily_hit	98.7	78.8	natural_heldout	gvpj	1	nat_99b0e6ac4f74262c1bb2
nat_5b46a6cc850e61a43326	5b46a6cc850e61a433264c1010d6d7080214205ee851bb72470deafeee478953	105	fail			0.0	gvpk	115.6	gvpl	3.7	111.89999999999999	0.8686868686868687	0.819047619047619	other_gvp	competitive_gvpk_support	1.4	1.2	natural_heldout	gvpk	1	nat_5b46a6cc850e61a43326
nat_1c074545fa887812c40d	1c074545fa887812c40d4a89970253b6aa3e4a415bf5d809521e676eb7f30614	105	fail			0.0	gvpk	102.6	gvpj	5.3	97.3	0.9090909090909091	0.9238095238095239	other_gvp	competitive_gvpk_support	0.9	5.3	natural_heldout	gvpk	1	nat_1c074545fa887812c40d
nat_64647356df86f4d6c504	64647356df86f4d6c50408199cb26bb4d9e9eb33c13c4ae135c204a85f783d88	105	fail			0.0	gvpk	100.9	gvpj	3.9	97.0	0.9090909090909091	0.8761904761904762	other_gvp	competitive_gvpk_support	0.1	3.9	natural_heldout	gvpk	1	nat_64647356df86f4d6c504
nat_5af1dad025fd9ae899db	5af1dad025fd9ae899db41ad7b8dc1623c1abbe95043034d41c967efc99e469b	105	fail			0.0			gvpv	14.5		0.0	0.0	unsupported	no_qualified_subfamily_hit	2.0	5.3	natural_heldout	gvpv	1	nat_5af1dad025fd9ae899db
nat_b72075109bbb6320c712	b72075109bbb6320c7127716ba5530d22e39907a5c667db921f60f9e41133fba	104	pass	61.8	62.2	1.0	gvpj	106.5	gvpa	74.0	32.5	0.7479674796747967	0.9423076923076923	other_gvp	competitive_gvpj_support	74.0	106.5	natural_heldout	gvpj	1	nat_b72075109bbb6320c712
nat_8a813f6e8cd834c61935	8a813f6e8cd834c61935db1a8dec162ada0ec5ee484db4ff8b8af5d0d33ba2c4	104	pass	49.5	49.9	0.9743589743589743			gvpa	103.3		0.0	0.0	unsupported	no_qualified_subfamily_hit	103.3	84.0	natural_heldout	gvpj	1	nat_8a813f6e8cd834c61935
nat_4481f660bcc30bb1d9c4	4481f660bcc30bb1d9c4b2949aa8d715d04f74b9f70c4c0201ad3329198d2465	104	pass	58.8	58.8	1.0	gvpj	90.3	gvpa	71.4	18.89999999999999	0.7317073170731707	0.8942307692307693	other_gvp	competitive_gvpj_support	71.4	90.3	natural_heldout	gvpj	1	nat_4481f660bcc30bb1d9c4
nat_33c9d4d613592534daca	33c9d4d613592534daca7edf95eb3b0d0d151ac475f16802dbf7e60ed6db7278	104	fail			0.0	gvpk	117.7	gvpl	2.7	115.0	0.898989898989899	0.8557692307692307	other_gvp	competitive_gvpk_support			natural_heldout	gvpk	1	nat_33c9d4d613592534daca
nat_0d4146f6304fb405a11b	0d4146f6304fb405a11beba44c58456c630caf5a595dad3459a34d4d19fe8676	104	fail	0.1	1.2	0.358974358974359	gvpk	94.4	gvpv	6.9	87.5	0.8484848484848485	0.8173076923076923	other_gvp	competitive_gvpk_support		3.4	natural_heldout	gvpk	1	nat_0d4146f6304fb405a11b
nat_a016c083356c8037a132	a016c083356c8037a13292c78a098411747a541ba29861c12b59b7e0ec813c1c	104	fail			0.0	gvpk	71.9	gvpv	5.4	66.5	0.9191919191919192	0.9423076923076923	other_gvp	competitive_gvpk_support	2.4	0.9	natural_heldout	gvpk	1	nat_a016c083356c8037a132
nat_b25f81ae8808e6ebc176	b25f81ae8808e6ebc1762de7811c53e676ddbf9e2e492e885f522c53f0df7ed5	104	fail			0.0	gvpk	101.1	gvpj	6.4	94.69999999999999	0.8888888888888888	0.8653846153846154	other_gvp	competitive_gvpk_support	0.9	6.4	natural_heldout	gvpk	1	nat_b25f81ae8808e6ebc176
nat_b85d6d93ba4c4fac8738	b85d6d93ba4c4fac87381a7f4f4c0c7fe4e56ec2b1ac4ec9372273947706f9ac	103	pass	58.9	59.2	1.0	gvpj	100.4	gvpa	61.9	38.50000000000001	0.7154471544715447	0.941747572815534	other_gvp	competitive_gvpj_support	61.9	100.4	natural_heldout	gvpj	1	nat_b85d6d93ba4c4fac8738
nat_ad7c1bb463ca288e04ea	ad7c1bb463ca288e04ea49bbec3dd294b45f0e373e160e9ad287c075a14bdb85	103	pass	60.2	60.6	1.0	gvpj	103.9	gvpa	73.0	30.900000000000006	0.7235772357723578	0.9611650485436893	other_gvp	competitive_gvpj_support	73.0	103.9	natural_heldout	gvpj	1	nat_ad7c1bb463ca288e04ea
nat_c5837586dc76623d7498	c5837586dc76623d7498dc4abc8d137f0debd58fbb389e126ba07df7e038cf34	103	pass	60.3	60.6	1.0	gvpj	104.5	gvpa	70.5	34.0	0.6910569105691057	0.883495145631068	other_gvp	competitive_gvpj_support	70.5	104.5	natural_heldout	gvpj	1	nat_c5837586dc76623d7498
nat_dfd554c04446a4377ab5	dfd554c04446a4377ab537ff9ed2c0025dfb31896b894a8983fbe966805e9456	103	pass	49.3	49.6	0.9743589743589743			gvpa	87.7		0.0	0.0	unsupported	no_qualified_subfamily_hit	87.7	74.2	natural_heldout	gvpj	1	nat_dfd554c04446a4377ab5
nat_31e3d15096bef9cf7798	31e3d15096bef9cf7798cc6bd9e5f415697f66e546123e4c0d6bb531a5e62f3f	103	pass	58.1	58.4	1.0			gvpj	93.2		0.0	0.0	unsupported	no_qualified_subfamily_hit	70.3	93.2	natural_heldout	gvpj	1	nat_31e3d15096bef9cf7798
nat_25c8b136d03361e120af	25c8b136d03361e120af777ebb9131dcd324f5a227818e32d526382876d93f3d	103	fail	3.2	1.4	0.20512820512820512	gvpk	75.3	gvpv	2.7	72.6	0.9393939393939394	0.9805825242718447	other_gvp	competitive_gvpk_support	0.9	1.0	natural_heldout	gvpk	1	nat_25c8b136d03361e120af
nat_18f34224f39837d53eec	18f34224f39837d53eec2efb67044f4cf32ced37dbc5ce1269c6f6d3969194ae	102	pass	61.9	62.3	1.0			gvpj	95.9		0.0	0.0	unsupported	no_qualified_subfamily_hit	73.5	95.9	natural_heldout	gvpj	1	nat_18f34224f39837d53eec
nat_c7a61c64d45a104467ff	c7a61c64d45a104467ff5a7eedd220b853a5b95b38275019cf4ec09a9a3cd933	102	pass	48.4	48.8	0.9743589743589743			gvpj	76.2		0.0	0.0	unsupported	no_qualified_subfamily_hit	18.4	76.2	natural_heldout	gvpj	1	nat_c7a61c64d45a104467ff
nat_851698785dae5c558dd3	851698785dae5c558dd37ca0f8417a3d47922b979f7f9693fbc1f1cb675af9a6	102	pass	38.0	38.3	1.0	gvpj	82.0	gvpa	115.2	-33.2	0.6504065040650406	0.7549019607843137	gvpa_gvpj_ambiguous	insufficient_competitive_margin	115.2	82.0	natural_heldout	gvpj	1	nat_851698785dae5c558dd3
nat_dfcd4d5922ac3741b10b	dfcd4d5922ac3741b10b31d004a4ca2c4d9cf88ae871de67ac4ccaca89c7d7fb	102	pass	42.8	43.2	0.9743589743589743			gvpj	46.1		0.0	0.0	unsupported	no_qualified_subfamily_hit	12.9	46.1	natural_heldout	gvpj	1	nat_dfcd4d5922ac3741b10b
nat_702dead02f3ae53b187b	702dead02f3ae53b187b959a0ebab62b780481a268ff7d97cba1d91a0958c25a	102	pass	52.7	53.0	0.9743589743589743			gvpj	89.6		0.0	0.0	unsupported	no_qualified_subfamily_hit	68.8	89.6	natural_heldout	gvpj	1	nat_702dead02f3ae53b187b
nat_675665fb4942fba8ca99	675665fb4942fba8ca999128cb5d272a1df0d7866d9da0c50c3ad34a0b644b67	102	fail			0.0	gvpk	126.1	gvpv	5.6	120.5	0.8787878787878788	0.8529411764705882	other_gvp	competitive_gvpk_support		0.2	natural_heldout	gvpk	1	nat_675665fb4942fba8ca99
nat_b363302af55ca0deaf4a	b363302af55ca0deaf4a25a23613e5162d876e5654b0ef8a17a0108e2ced3dad	102	fail			0.0	gvpk	78.8	gvpa	1.8	77.0	0.9595959595959596	0.9901960784313726	other_gvp	competitive_gvpk_support	1.8		natural_heldout	gvpk	1	nat_b363302af55ca0deaf4a
nat_4dd27faa1e6ec7300c76	4dd27faa1e6ec7300c76093bdb9b0b9d41c40d4d3b7c688ff175204edfdedce5	101	pass	38.0	38.3	1.0	gvpj	78.9	gvpa	112.5	-33.599999999999994	0.6422764227642277	0.7524752475247525	gvpa_gvpj_ambiguous	insufficient_competitive_margin	112.5	78.9	natural_heldout	gvpj	1	nat_4dd27faa1e6ec7300c76
nat_1de0bb420c43b6a81f73	1de0bb420c43b6a81f7354473593d59c5b8be0b59d2c12cf63e953f6f52eef55	101	pass	28.6	29.5	0.9743589743589743			gvpa	68.3		0.0	0.0	unsupported	no_qualified_subfamily_hit	68.3	51.8	natural_heldout	gvpj	1	nat_1de0bb420c43b6a81f73
nat_5f9abedf20fee61c54e6	5f9abedf20fee61c54e694566462b78e8521f10ecfedc99948b77a916605a9a8	101	pass	65.8	66.2	1.0	gvpj	98.6	gvpa	78.8	19.799999999999997	0.6910569105691057	0.900990099009901	other_gvp	competitive_gvpj_support	78.8	98.6	natural_heldout	gvpj	1	nat_5f9abedf20fee61c54e6
nat_a0d0faf59b37918c6cc5	a0d0faf59b37918c6cc50f0695c496594a0c6e9b30bbad3ea0e2343f135a4a86	101	fail			0.0	gvpk	121.4	gvpl	2.4	119.0	0.898989898989899	0.8811881188118812	other_gvp	competitive_gvpk_support		0.4	natural_heldout	gvpk	1	nat_a0d0faf59b37918c6cc5
nat_04ce3ef0cebc48437e9d	04ce3ef0cebc48437e9dab45331fa8b489d598f7ea93b3de202a5f96baadeb22	101	fail			0.0	gvpv	71.6	gvpc	7.2	64.39999999999999	0.981651376146789	0.9603960396039604	other_gvp	competitive_gvpv_support	0.4	1.0	natural_heldout	gvpv	1	nat_04ce3ef0cebc48437e9d
nat_9e075611002980f0bdd1	9e075611002980f0bdd1b538f9fd6ea1e6932df9cb24d42b2a4f859bcb40545c	101	fail			0.0	gvpv	75.2	gvpc	7.6	67.60000000000001	0.981651376146789	0.9603960396039604	other_gvp	competitive_gvpv_support	0.7	1.0	natural_heldout	gvpv	1	nat_9e075611002980f0bdd1
nat_b06966010b381d82d4cd	b06966010b381d82d4cda0a1e26d5de6099b636228f6ce80b0ec4567e70d57a6	100	pass	53.5	53.8	1.0			gvpj	76.5		0.0	0.0	unsupported	no_qualified_subfamily_hit	50.4	76.5	natural_heldout	gvpj	1	nat_b06966010b381d82d4cd
nat_3062abb6a6afc7917c3a	3062abb6a6afc7917c3af854710dcb3bb30d9740b5af590293f23051f8e58fe7	100	pass	48.7	49.1	0.9743589743589743			gvpj	74.9		0.0	0.0	unsupported	no_qualified_subfamily_hit	49.9	74.9	natural_heldout	gvpj	1	nat_3062abb6a6afc7917c3a
nat_4814a0d12e58e5e9beba	4814a0d12e58e5e9beba70f0c6cbbe0af6a17fa1312e3b0dd8e52b1544a092a8	100	pass	47.8	48.3	0.9743589743589743	gvpj	90.6	gvpa	122.5	-31.900000000000006	0.6910569105691057	0.83	gvpa_gvpj_ambiguous	insufficient_competitive_margin	122.5	90.6	natural_heldout	gvpj	1	nat_4814a0d12e58e5e9beba
nat_17858e67067c36a2a936	17858e67067c36a2a936df67d72604ca7c0407cbdb7d4a5b683d1ab062573476	100	pass	48.1	48.5	0.9743589743589743			gvpa	97.2		0.0	0.0	unsupported	no_qualified_subfamily_hit	97.2	79.8	natural_heldout	gvpj	1	nat_17858e67067c36a2a936
nat_d77f2785267c8b1305ed	d77f2785267c8b1305edccf30b585bc59cd91ef06cdab9acd99cd8f1ec66a8c1	100	pass	48.5	48.9	0.9743589743589743			gvpa	99.9		0.0	0.0	unsupported	no_qualified_subfamily_hit	99.9	81.0	natural_heldout	gvpj	1	nat_d77f2785267c8b1305ed
nat_56a08e61cb35ab8bf932	56a08e61cb35ab8bf932615775975e048d28760148af1c4d5642cf14bb9e761e	100	pass	50.7	51.0	0.9743589743589743	gvpj	76.1	gvpa	48.2	27.89999999999999	0.6260162601626016	0.85	other_gvp	competitive_gvpj_support	48.2	76.1	natural_heldout	gvpj	1	nat_56a08e61cb35ab8bf932
nat_a70182d8c535b764bc30	a70182d8c535b764bc30acdf608fbbce245757f3e24727a3ee67afba73914277	100	fail			0.0	gvpk	120.4				0.8282828282828283	0.82	other_gvp	competitive_gvpk_support;no_reportable_runner_up			natural_heldout	gvpk	1	nat_a70182d8c535b764bc30
nat_fdb0b9a351d4c4c08841	fdb0b9a351d4c4c08841e476cb915571344f77e14b2812f5a838aceb3a126648	99	pass	49.3	49.8	0.9743589743589743			gvpj	74.6		0.0	0.0	unsupported	no_qualified_subfamily_hit	19.8	74.6	natural_heldout	gvpj	1	nat_fdb0b9a351d4c4c08841
nat_a58d5e6d6e3756336d95	a58d5e6d6e3756336d95055fd995f48ad9f6d5bb7a3ee237a74df8100e1edf59	99	pass	58.0	58.6	0.9743589743589743	gvpj	101.2	gvpa	71.3	29.900000000000006	0.6910569105691057	0.9191919191919192	other_gvp	competitive_gvpj_support	71.3	101.2	natural_heldout	gvpj	1	nat_a58d5e6d6e3756336d95
nat_a9b81aca9b85a9dd31fc	a9b81aca9b85a9dd31fc9230a5cae5af49188360147937c8d51eb3d24a8511cb	99	pass	60.6	60.9	1.0			gvpj	94.6		0.0	0.0	unsupported	no_qualified_subfamily_hit	66.4	94.6	natural_heldout	gvpj	1	nat_a9b81aca9b85a9dd31fc
nat_2ddb34aa2bfe89121c6e	2ddb34aa2bfe89121c6e5e8982486c8619cd7bbcb9e8d5f37abd84009fe1d753	97	pass	50.0	50.3	1.0			gvpj	83.4		0.0	0.0	unsupported	no_qualified_subfamily_hit	23.9	83.4	natural_heldout	gvpj	1	nat_2ddb34aa2bfe89121c6e
nat_08095d9387557239b7fa	08095d9387557239b7faeb9086d89d26738bc3d2fc091ce53f384cc56c0c1ec1	97	pass	43.0	43.3	0.9743589743589743			gvpj	45.7		0.0	0.0	unsupported	no_qualified_subfamily_hit	12.9	45.7	natural_heldout	gvpj	1	nat_08095d9387557239b7fa
nat_63fdb44f0206ff540bb1	63fdb44f0206ff540bb14ab57dbe14a78a831f1817c46044494b90a8703880c5	96	fail			0.0	gvpk	130.2	gvpv	7.1	123.1	0.8787878787878788	0.90625	other_gvp	competitive_gvpk_support			natural_heldout	gvpk	1	nat_63fdb44f0206ff540bb1
nat_b6fc0c88601942e519e8	b6fc0c88601942e519e8c4d2203a5f9bb7bd89ab2eaa608caf548b1e49c4cb58	96	fail			0.0	gvpk	78.2	gvpg	5.3	72.9	0.8383838383838383	0.875	other_gvp	competitive_gvpk_support	2.4	1.1	natural_heldout	gvpk	1	nat_b6fc0c88601942e519e8
nat_b6818cf3a9a74185f24e	b6818cf3a9a74185f24ebd089508dc83a51e678220e5848722d58bac041ccb05	95	pass	48.1	48.5	0.9743589743589743			gvpj	79.8		0.0	0.0	unsupported	no_qualified_subfamily_hit	19.8	79.8	natural_heldout	gvpj	1	nat_b6818cf3a9a74185f24e
nat_fef3284f3bbbf6a6d373	fef3284f3bbbf6a6d37320134bc59e8e41834ea6a121e99b640c73c4b4469d26	95	fail			0.0	gvpk	114.7	gvpv	4.0	110.7	0.8787878787878788	0.9157894736842105	other_gvp	competitive_gvpk_support			natural_heldout	gvpk	1	nat_fef3284f3bbbf6a6d373
nat_cb2a4f8786db072e6e3c	cb2a4f8786db072e6e3c2c9b0ad356ad255c70a08e6abd315230918efc17d5c1	95	fail	0.3	1.0	0.2564102564102564	gvpv	58.0	gvpc	2.2	55.8	0.8807339449541285	1.0	other_gvp	competitive_gvpv_support		0.7	natural_heldout	gvpv	1	nat_cb2a4f8786db072e6e3c
nat_a37f10bcf8297b415bfd	a37f10bcf8297b415bfd53f53c69de7b7d967ac77f0f85600debc49e70872729	95	fail	0.6	1.4	0.28205128205128205	gvpv	54.5	gvpc	2.5	52.0	0.8807339449541285	1.0	other_gvp	competitive_gvpv_support		0.7	natural_heldout	gvpv	1	nat_a37f10bcf8297b415bfd
nat_b1b4221c2360951d038d	b1b4221c2360951d038dbeb84f1eec817c1503f079b46644ba2a7878c1b6e986	94	fail			0.0	gvpk	119.9	gvpv	1.2	118.7	0.8686868686868687	0.9148936170212766	other_gvp	competitive_gvpk_support			natural_heldout	gvpk	1	nat_b1b4221c2360951d038d
nat_28c6c4690e5d74f7dda0	28c6c4690e5d74f7dda04212fec88b935886fd5f3b37460fca2e9579017f96d4	94	fail			0.0	gvpk	115.7	gvpl	0.8	114.9	0.8686868686868687	0.9148936170212766	other_gvp	competitive_gvpk_support	0.5		natural_heldout	gvpk	1	nat_28c6c4690e5d74f7dda0
nat_bcfd4b8af1f78a43fb69	bcfd4b8af1f78a43fb69d3fd2ed66ed10106f3a759a73434b190c09cfd3c9a80	94	fail			0.0	gvpv	53.0	gvpk	11.4	41.6	0.908256880733945	1.0	other_gvp	competitive_gvpv_support	1.0	2.4	natural_heldout	gvpv	1	nat_bcfd4b8af1f78a43fb69
nat_6145f3ad1ea0e157727e	6145f3ad1ea0e157727ef00920b598a647e632adcb170cf6c83566dd69da53f9	93	pass	61.2	61.6	0.9743589743589743			gvpj	78.9		0.0	0.0	unsupported	no_qualified_subfamily_hit	35.5	78.9	natural_heldout	gvpj	1	nat_6145f3ad1ea0e157727e
nat_4b18e36320efc89e1eea	4b18e36320efc89e1eea443e8884f18ba926a19b3abef43bf603e6d3f5d8c66e	93	pass	54.4	55.1	0.9743589743589743			gvpj	63.7		0.0	0.0	unsupported	no_qualified_subfamily_hit	25.1	63.7	natural_heldout	gvpj	1	nat_4b18e36320efc89e1eea
nat_236ad06337f0c9876680	236ad06337f0c98766802a314400873127aaedcbc88864efa4cb766b40849a7a	93	pass	59.3	59.6	1.0			gvpj	93.5		0.0	0.0	unsupported	no_qualified_subfamily_hit	72.0	93.5	natural_heldout	gvpj	1	nat_236ad06337f0c9876680
nat_7e161df14aecc433aaad	7e161df14aecc433aaad81bab472354531788ccc43ed4baaa6523e8db55dc039	92	pass	46.7	47.0	0.9743589743589743			gvpj	82.9		0.0	0.0	unsupported	no_qualified_subfamily_hit	23.4	82.9	natural_heldout	gvpj	1	nat_7e161df14aecc433aaad
nat_2e144ce2e0ef46f92e42	2e144ce2e0ef46f92e426806d22d8f3f1fb44e6bed89461b7a42815dc87262e3	92	fail	0.6	2.0	0.23076923076923078	gvpk	117.8	gvpl	0.3	117.5	0.898989898989899	0.967391304347826	other_gvp	competitive_gvpk_support			natural_heldout	gvpk	1	nat_2e144ce2e0ef46f92e42
nat_e7d0fda38d12f19e6029	e7d0fda38d12f19e6029b2fd964b6ea1101d88dc7dace2064a09e530e756c48f	91	pass	50.9	51.2	1.0			gvpj	84.7		0.0	0.0	unsupported	no_qualified_subfamily_hit	26.0	84.7	natural_heldout	gvpj	1	nat_e7d0fda38d12f19e6029
nat_f09b5446213cc775d1f5	f09b5446213cc775d1f5500c010d1f7155828781211976a0f551f395480e4d65	91	pass	56.0	56.0	1.0			gvpj	82.2		0.0	0.0	unsupported	no_qualified_subfamily_hit	31.4	82.2	natural_heldout	gvpj	1	nat_f09b5446213cc775d1f5
nat_9029bc6ccd84f10c931a	9029bc6ccd84f10c931a556d9f7d6450a2fd7ed802e1ec27156bbe3910f50c04	91	pass	41.8	41.8	0.8205128205128205			gvpj	50.3		0.0	0.0	unsupported	no_qualified_subfamily_hit	11.2	50.3	natural_heldout	gvpj	1	nat_9029bc6ccd84f10c931a
nat_feb7854d969d6d554dbd	feb7854d969d6d554dbd7c63e2997533a81a3cfcf9b965fb2f60ebf7971e2de6	91	fail			0.0	gvpk	122.0	gvpf	6.0	116.0	0.9090909090909091	0.989010989010989	other_gvp	competitive_gvpk_support		1.0	natural_heldout	gvpk	1	nat_feb7854d969d6d554dbd
nat_e7691975be520cbcfc17	e7691975be520cbcfc17ebcb97bd8873dd76b3fca961eafb7c47d11fe72aa932	90	pass	55.7	56.2	0.9743589743589743	gvpj	84.3	gvpa	46.6	37.699999999999996	0.6097560975609756	0.8222222222222222	other_gvp	competitive_gvpj_support	46.6	84.3	natural_heldout	gvpj	1	nat_e7691975be520cbcfc17
nat_531ae3f11b11d3960405	531ae3f11b11d3960405defe09513b2c36658e90b0c6d8b7c8f84c6370c8b947	90	pass	53.2	53.6	1.0			gvpj	78.9		0.0	0.0	unsupported	no_qualified_subfamily_hit	21.3	78.9	natural_heldout	gvpj	1	nat_531ae3f11b11d3960405
nat_09a4add84a42a4d7619a	09a4add84a42a4d7619af12218764365cac78f5d1937c9adf80aed1ee8153786	90	pass	48.6	49.3	0.9743589743589743			gvpj	56.7		0.0	0.0	unsupported	no_qualified_subfamily_hit	25.1	56.7	natural_heldout	gvpj	1	nat_09a4add84a42a4d7619a
nat_8bed007e2257e19d722b	8bed007e2257e19d722bc85fd20b94ebbeda69f59106ddc6dd0eb3e91f791da9	90	fail			0.0	gvpf	138.0	gvpg	124.6	13.400000000000006	0.9761904761904762	0.9111111111111111	other_gvp	competitive_gvpf_support	0.7	2.0	natural_heldout	gvpf	1	nat_8bed007e2257e19d722b
nat_72b3a46ef502cdedfc81	72b3a46ef502cdedfc8143a3262791644b52ac607ccbe53d67a9e9ea88556f9b	89	pass	51.5	52.1	0.9743589743589743			gvpj	77.5		0.0	0.0	unsupported	no_qualified_subfamily_hit	21.8	77.5	natural_heldout	gvpj	1	nat_72b3a46ef502cdedfc81
nat_7cb108de86cc479cc796	7cb108de86cc479cc796e0424a4720bc510575485d70dd2d4cd1f92d3422150c	89	pass	61.7	62.0	1.0			gvpj	84.5		0.0	0.0	unsupported	no_qualified_subfamily_hit	58.1	84.5	natural_heldout	gvpj	1	nat_7cb108de86cc479cc796
nat_b77997ea61d5b6352e31	b77997ea61d5b6352e313a6e015794979441a906b6feb01a43f1516e17be1ca7	89	pass	56.5	56.9	1.0	gvpj	96.1	gvpa	138.1	-42.0	0.6747967479674797	0.8764044943820225	gvpa_gvpj_ambiguous	insufficient_competitive_margin	138.1	96.1	natural_heldout	gvpj	1	nat_b77997ea61d5b6352e31
nat_6b6005bad0dd4948a190	6b6005bad0dd4948a190ffad732ca710b0302a8777bf856723ae25ee5823815e	89	fail			0.0	gvpv	55.9	gvpc	6.5	49.4	0.8807339449541285	1.0	other_gvp	competitive_gvpv_support	1.4	2.1	natural_heldout	gvpv	1	nat_6b6005bad0dd4948a190
nat_69566bd3dfb0ad71c79f	69566bd3dfb0ad71c79faef113702851b4bad7669a8e9f826a89b2146785c398	88	pass	46.8	47.1	0.9743589743589743			gvpj	87.1		0.0	0.0	unsupported	no_qualified_subfamily_hit	23.6	87.1	natural_heldout	gvpj	1	nat_69566bd3dfb0ad71c79f
nat_5e7091515d82b50cbd50	5e7091515d82b50cbd500e881e7ec47c6a494f19a8d82a311cd3b3961eb4adb2	88	pass	55.9	56.3	1.0	gvpj	94.2	gvpa	135.2	-40.999999999999986	0.6341463414634146	0.8522727272727273	gvpa_gvpj_ambiguous	insufficient_competitive_margin	135.2	94.2	natural_heldout	gvpj	1	nat_5e7091515d82b50cbd50
nat_8110e8011a6d8e0e31e9	8110e8011a6d8e0e31e9dec01424090cfdfd01e93304d55d55c34a27f2e86b96	88	fail			0.0	gvpv	61.3	gvpj	4.4	56.9	0.8807339449541285	1.0	other_gvp	competitive_gvpv_support	2.1	4.4	natural_heldout	gvpv	1	nat_8110e8011a6d8e0e31e9
nat_cd4bfde01bf7f512d7e4	cd4bfde01bf7f512d7e41f622b1e938966b0488140e867f3be22d10e2e9d04aa	87	pass	57.7	58.0	0.9743589743589743	gvpj	99.7	gvpa	136.9	-37.2	0.6585365853658537	0.8735632183908046	gvpa_gvpj_ambiguous	insufficient_competitive_margin	136.9	99.7	natural_heldout	gvpj	1	nat_cd4bfde01bf7f512d7e4
nat_8b95b6a8454826276aeb	8b95b6a8454826276aeb62867f40cf2332b9ceddbc6e6ae19a6b9fd54a1e7958	87	pass	58.5	58.8	1.0	gvpj	96.6	gvpa	136.4	-39.80000000000001	0.6585365853658537	0.8735632183908046	gvpa_gvpj_ambiguous	insufficient_competitive_margin	136.4	96.6	natural_heldout	gvpj	1	nat_8b95b6a8454826276aeb
nat_dab55a7d52a5f41dc70e	dab55a7d52a5f41dc70e24786d3a4d79ee84711456c6695c843499db461fd7d4	87	fail			0.0	gvpf	137.9	gvpg	124.3	13.600000000000009	0.9761904761904762	0.9425287356321839	other_gvp	competitive_gvpf_support	3.2	4.6	natural_heldout	gvpf	1	nat_dab55a7d52a5f41dc70e
nat_8b60c84abe52648fea48	8b60c84abe52648fea481a26a1a1e659181fed3f747795fdbefc2336df4b50c6	86	pass	48.8	49.8	0.9743589743589743			gvpj	57.7		0.0	0.0	unsupported	no_qualified_subfamily_hit	24.8	57.7	natural_heldout	gvpj	1	nat_8b60c84abe52648fea48
nat_6a0677ea515c945fa3fc	6a0677ea515c945fa3fc36fefb26e89453859ff1c05e26fe2424a2046e776a9d	86	pass	56.7	57.0	1.0	gvpj	93.8	gvpa	136.4	-42.60000000000001	0.6260162601626016	0.8372093023255814	gvpa_gvpj_ambiguous	insufficient_competitive_margin	136.4	93.8	natural_heldout	gvpj	1	nat_6a0677ea515c945fa3fc
nat_dfe8452e4eed8d606afe	dfe8452e4eed8d606afe108f706665bdcd00433f004722a6a51e41c0b0ac9695	86	pass	59.2	59.5	1.0			gvpj	87.0		0.0	0.0	unsupported	no_qualified_subfamily_hit	67.7	87.0	natural_heldout	gvpj	1	nat_dfe8452e4eed8d606afe
nat_6beaed64ee52af83e50c	6beaed64ee52af83e50cb866f75dbc1703267a6ddc1188972986d70531fc7c90	86	pass	47.0	47.3	0.9743589743589743			gvpa	106.0		0.0	0.0	unsupported	no_qualified_subfamily_hit	106.0	83.7	natural_heldout	gvpj	1	nat_6beaed64ee52af83e50c
nat_d1536b249be108b51522	d1536b249be108b51522ce161440981021e34e2d67e7ae924afffc4b039c0dd5	86	pass	58.8	59.1	1.0	gvpj	94.5	gvpa	134.5	-40.0	0.6260162601626016	0.8372093023255814	gvpa_gvpj_ambiguous	insufficient_competitive_margin	134.5	94.5	natural_heldout	gvpj	1	nat_d1536b249be108b51522
nat_7f2f7e62d33f9e83854a	7f2f7e62d33f9e83854adfb7325fffdf5200814737fa92c1c2f057320c955651	86	pass	47.0	47.5	0.9487179487179487			gvpj	55.2		0.0	0.0	unsupported	no_qualified_subfamily_hit	25.1	55.2	natural_heldout	gvpj	1	nat_7f2f7e62d33f9e83854a
nat_ec115643818e77b77aa3	ec115643818e77b77aa34d45f35192f0c982d81b51e287b4758fbd6d1c20fbaa	86	pass	47.5	48.1	0.9487179487179487			gvpj	60.7		0.0	0.0	unsupported	no_qualified_subfamily_hit	24.3	60.7	natural_heldout	gvpj	1	nat_ec115643818e77b77aa3
nat_69fb8c8dffa72eb18b9b	69fb8c8dffa72eb18b9bcf25ebc93d0421c8bceb079406c8859d9e03ce3f89f4	86	pass	55.9	56.3	1.0	gvpj	92.7	gvpa	136.9	-44.2	0.6504065040650406	0.872093023255814	gvpa_gvpj_ambiguous	insufficient_competitive_margin	136.9	92.7	natural_heldout	gvpj	1	nat_69fb8c8dffa72eb18b9b
nat_ceadeb61c495acb2e73a	ceadeb61c495acb2e73ad5acc1bc8920f01f56f5b1391646dd467e167ecd14d1	85	pass	51.0	51.5	0.9743589743589743			gvpj	78.3		0.0	0.0	unsupported	no_qualified_subfamily_hit	21.0	78.3	natural_heldout	gvpj	1	nat_ceadeb61c495acb2e73a
nat_65814e7d7b7cf9390874	65814e7d7b7cf93908742adcdf4153b68feb9764f7c02ac71203a265de8f7081	85	pass	53.2	53.7	1.0			gvpj	87.5		0.0	0.0	unsupported	no_qualified_subfamily_hit	27.6	87.5	natural_heldout	gvpj	1	nat_65814e7d7b7cf9390874
nat_edecb23d5c987164e75c	edecb23d5c987164e75cb4f6eb52d4756a367f5dced963b0ae7c30af25b25135	85	pass	51.7	52.1	0.9743589743589743			gvpj	78.5		0.0	0.0	unsupported	no_qualified_subfamily_hit	23.5	78.5	natural_heldout	gvpj	1	nat_edecb23d5c987164e75c
nat_e66080fefc6e1fc45cad	e66080fefc6e1fc45cadd7d8e5bf4e5bc46b0b34d0b4324249e108b9f08b7078	85	pass	48.8	49.4	0.9743589743589743			gvpj	57.1		0.0	0.0	unsupported	no_qualified_subfamily_hit	25.1	57.1	natural_heldout	gvpj	1	nat_e66080fefc6e1fc45cad
nat_8a100116ad2137c3e464	8a100116ad2137c3e46498b9e6358262f8f2a82972f7ad963329b8bdd6bdcb5f	85	fail			0.0	gvpk	122.6	gvpv	3.2	119.39999999999999	0.8484848484848485	0.9882352941176471	other_gvp	competitive_gvpk_support		0.7	natural_heldout	gvpk	1	nat_8a100116ad2137c3e464
nat_e094826b832044ae6553	e094826b832044ae6553cecf7d2a26233a0cc8a195dc28ce066b4591aff24b8f	85	fail			0.0	gvpg	108.4	gvpf	102.0	6.400000000000006	0.9879518072289156	0.9764705882352941	unsupported	insufficient_competitive_margin	0.8	1.5	natural_heldout	gvpg	1	nat_e094826b832044ae6553
nat_c37cb4752fc7ece7af97	c37cb4752fc7ece7af97c09457c62d997efe64c2bb07ffb5a084285cf7d5284d	85	fail	0.8	1.9	0.20512820512820512	gvpg	109.1	gvpf	103.2	5.8999999999999915	0.9879518072289156	0.9764705882352941	unsupported	insufficient_competitive_margin	1.0	1.5	natural_heldout	gvpg	1	nat_c37cb4752fc7ece7af97
nat_ba4b60d40b6ab3ab87c7	ba4b60d40b6ab3ab87c7514f2650a0be67a7eb841c794dfd02ea742d6934cbbd	85	fail			0.0	gvpg	113.4	gvpf	105.9	7.5	0.9879518072289156	0.9764705882352941	unsupported	insufficient_competitive_margin	1.4	2.3	natural_heldout	gvpg	1	nat_ba4b60d40b6ab3ab87c7
nat_59ebab222d7c72ba71eb	59ebab222d7c72ba71eb915228c3b1fcbbc5aa196e21de3cf24abdd37dfe6251	84	pass	42.9	43.2	0.9743589743589743			gvpj	82.5		0.0	0.0	unsupported	no_qualified_subfamily_hit	20.4	82.5	natural_heldout	gvpj	1	nat_59ebab222d7c72ba71eb
nat_03763a00c2145a246704	03763a00c2145a2467045daae956518887f4b69c9a912086cdb5d9457acc88f9	84	pass	50.7	51.2	1.0			gvpj	85.5		0.0	0.0	unsupported	no_qualified_subfamily_hit	27.5	85.5	natural_heldout	gvpj	1	nat_03763a00c2145a246704
nat_6dbff5a4e8597618f4ab	6dbff5a4e8597618f4ab90f254120b046e373ace2b2738913c6570f78e83e004	84	pass	52.3	52.8	1.0			gvpj	73.8		0.0	0.0	unsupported	no_qualified_subfamily_hit	31.0	73.8	natural_heldout	gvpj	1	nat_6dbff5a4e8597618f4ab
nat_1907353f8ac65d71949b	1907353f8ac65d71949b94a1a45c86431472471a9ba48686a8f7eb79ed47fdfb	84	pass	47.6	48.1	0.9487179487179487			gvpj	52.9		0.0	0.0	unsupported	no_qualified_subfamily_hit	23.1	52.9	natural_heldout	gvpj	1	nat_1907353f8ac65d71949b
nat_3390f7fbd078cd08a119	3390f7fbd078cd08a1193eac12364f11f1718803d2de07d63921ae2ee86f3b5d	84	pass	52.5	52.8	1.0			gvpj	70.1		0.0	0.0	unsupported	no_qualified_subfamily_hit	27.4	70.1	natural_heldout	gvpj	1	nat_3390f7fbd078cd08a119
nat_400956691502e8287169	400956691502e8287169238d38aee9bb52d4bee23057cca3eced21f8e969da05	84	pass	46.8	47.4	0.9487179487179487			gvpj	56.2		0.0	0.0	unsupported	no_qualified_subfamily_hit	25.0	56.2	natural_heldout	gvpj	1	nat_400956691502e8287169
nat_ea1a3849db68d6f82cc1	ea1a3849db68d6f82cc1977a099e6ce3ba25c587ecdde3a4ce22e0e955fe2033	84	fail			0.0	gvpk	119.7	gvpj	1.0	118.7	0.8383838383838383	0.9880952380952381	other_gvp	competitive_gvpk_support		1.0	natural_heldout	gvpk	1	nat_ea1a3849db68d6f82cc1
nat_600cc7dd0b3564219e23	600cc7dd0b3564219e23b1d0af0909c4ac76f4b145d9d15fb86c0b643a7a8862	84	fail			0.0	gvpf	147.9	gvpg	131.4	16.5	0.9880952380952381	0.9880952380952381	other_gvp	competitive_gvpf_support	2.0	2.7	natural_heldout	gvpf	1	nat_600cc7dd0b3564219e23
nat_6f144fe174f3d5d05cd4	6f144fe174f3d5d05cd46b693060bbf20d0d30f9349fb0cfe8b026ee76c7ff05	84	fail			0.0	gvpf	147.1	gvpg	129.9	17.19999999999999	1.0	1.0	other_gvp	competitive_gvpf_support	2.5	3.8	natural_heldout	gvpf	1	nat_6f144fe174f3d5d05cd4
nat_c369e87f87b6a7dd6238	c369e87f87b6a7dd623849f13312ca3624f7d0689c0aba9067b4e478b893841f	84	fail			0.0	gvpf	137.3	gvpg	124.4	12.900000000000006	1.0	1.0	other_gvp	competitive_gvpf_support	2.4	1.7	natural_heldout	gvpg	1	nat_c369e87f87b6a7dd6238
nat_e769f69aa7448b8d9229	e769f69aa7448b8d9229be93a34589fba2640f230e934f1b1a316a8c0018cac5	84	fail			0.0	gvpg	127.8	gvpf	126.2	1.5999999999999943	1.0	1.0	unsupported	insufficient_competitive_margin	0.1	1.0	natural_heldout	gvpg	1	nat_e769f69aa7448b8d9229
nat_155ce5a12a657fff67bd	155ce5a12a657fff67bd266320e287661cbafe7f935361f68b4a3b713eab08b0	84	fail			0.0	gvpg	121.1	gvpf	115.0	6.099999999999994	0.9879518072289156	0.9880952380952381	unsupported	insufficient_competitive_margin	1.7	2.3	natural_heldout	gvpg	1	nat_155ce5a12a657fff67bd
nat_be10ce7289e36a7cd4d2	be10ce7289e36a7cd4d26266578f982b94ce812ed48a7096e1facaad9939bb73	84	fail			0.0	gvpg	125.4	gvpf	124.9	0.5	0.9879518072289156	0.9880952380952381	unsupported	insufficient_competitive_margin	1.1	1.5	natural_heldout	gvpg	1	nat_be10ce7289e36a7cd4d2
nat_0400bc6bebe746f9e951	0400bc6bebe746f9e951a68c88bc53de15febcdae261b5b4e074993d1901a719	84	fail			0.0	gvpg	128.5	gvpf	109.7	18.799999999999997	1.0	0.9880952380952381	other_gvp	competitive_gvpg_support	1.1	1.9	natural_heldout	gvpg	1	nat_0400bc6bebe746f9e951
nat_4bb2d1867476b81ae8d0	4bb2d1867476b81ae8d0c66018e6337619543a126a2714d3a63063decfe90aad	84	fail			0.0	gvpg	130.7	gvpf	117.6	13.099999999999994	1.0	1.0	other_gvp	competitive_gvpg_support	2.2	3.9	natural_heldout	gvpg	1	nat_4bb2d1867476b81ae8d0
nat_d5d2b89b08562340fb40	d5d2b89b08562340fb40d3a57fc3a9969a8be419bb2661f6d5c26f692be9481a	84	fail			0.0	gvpf	128.0	gvpg	126.0	2.0	1.0	1.0	unsupported	insufficient_competitive_margin	0.9	1.3	natural_heldout	gvpg	1	nat_d5d2b89b08562340fb40
nat_217ee45dccf41939125a	217ee45dccf41939125a0dc551b16178f7cc7b44baf88f7c00a9812d6816114f	84	fail			0.0	gvpf	136.9	gvpg	128.7	8.200000000000017	1.0	1.0	unsupported	insufficient_competitive_margin	2.0	2.0	natural_heldout	gvpg	1	nat_217ee45dccf41939125a
nat_153fd28bce58c6b649fd	153fd28bce58c6b649fd8f7ae77abf5a64c9bb8c71abaf1f171bb12945801877	83	pass	48.7	49.0	1.0			gvpj	81.8		0.0	0.0	unsupported	no_qualified_subfamily_hit	25.3	81.8	natural_heldout	gvpj	1	nat_153fd28bce58c6b649fd
nat_3878c8f21f617dc3063f	3878c8f21f617dc3063f2d881d80dcf54457e4fb0f5d8ada0c447d85e6b13cc0	83	pass	51.8	52.1	1.0			gvpj	81.6		0.0	0.0	unsupported	no_qualified_subfamily_hit	30.6	81.6	natural_heldout	gvpj	1	nat_3878c8f21f617dc3063f
nat_48e9ecb8ea26e11eb74d	48e9ecb8ea26e11eb74dddb3c9143e743c06447cfa5ba96be4f728c5f97f145f	83	pass	51.8	52.1	1.0			gvpj	82.8		0.0	0.0	unsupported	no_qualified_subfamily_hit	30.4	82.8	natural_heldout	gvpj	1	nat_48e9ecb8ea26e11eb74d
nat_517193d41961ed2ef463	517193d41961ed2ef4635207458be57750be900af94457574a978420387e427a	83	pass	41.4	41.8	0.8461538461538461			gvpj	70.6		0.0	0.0	unsupported	no_qualified_subfamily_hit	11.4	70.6	natural_heldout	gvpj	1	nat_517193d41961ed2ef463
nat_38b51f2483ea6fcfa2ee	38b51f2483ea6fcfa2ee378b33138f8e56507bc88f272913001d5adcd6194c4d	83	fail			0.0	gvpv	38.8	gvpj	2.7	36.099999999999994	0.8807339449541285	1.0	other_gvp	competitive_gvpv_support	0.2	2.7	natural_heldout	gvpv	1	nat_38b51f2483ea6fcfa2ee
nat_2ebca5fc1ab074750689	2ebca5fc1ab074750689a0b707b56f0802d829cfde19a324adc472dd4a6a5ea8	83	fail			0.0	gvpg	128.3	gvpf	122.6	5.700000000000017	1.0	1.0	unsupported	insufficient_competitive_margin	3.7	4.3	natural_heldout	gvpg	1	nat_2ebca5fc1ab074750689
nat_5c7668a9826293f7f394	5c7668a9826293f7f394407d0bf5305d70f1477bafe1fc2d6eca1bff7bf62a50	83	fail			0.0	gvpg	140.1	gvpf	128.9	11.199999999999989	1.0	1.0	other_gvp	competitive_gvpg_support	3.5	4.5	natural_heldout	gvpg	1	nat_5c7668a9826293f7f394
nat_abb7c09a936c01a73080	abb7c09a936c01a730802a9ca872e7436bdf348e2821eaa35a313891c3729fd6	83	fail			0.0	gvpg	131.0	gvpf	116.6	14.400000000000006	1.0	1.0	other_gvp	competitive_gvpg_support	4.4	5.0	natural_heldout	gvpg	1	nat_abb7c09a936c01a73080
nat_8d679434bd6ee5d126ba	8d679434bd6ee5d126baa895d3ffb60ca3b2bc73ff87e6a810a9ce24ebb87b69	83	fail			0.0	gvpg	131.6	gvpf	121.0	10.599999999999994	1.0	1.0	other_gvp	competitive_gvpg_support	2.9	4.6	natural_heldout	gvpg	1	nat_8d679434bd6ee5d126ba
nat_99c63b717a8f4260cba2	99c63b717a8f4260cba24144ab45fb0e32ede62eb4cd141361cd60a33b850c42	83	fail			0.0	gvpg	125.3	gvpf	123.3	2.0	0.9879518072289156	0.9879518072289156	unsupported	insufficient_competitive_margin	0.1	1.1	natural_heldout	gvpg	1	nat_99c63b717a8f4260cba2
nat_6e78392ee68b0d7f0e1a	6e78392ee68b0d7f0e1a3f8f73016716ad9cb08bc3cbd6412de02ad6d30a72a8	83	fail			0.0	gvpg	137.5	gvpf	129.5	8.0	0.9879518072289156	0.9879518072289156	unsupported	insufficient_competitive_margin	4.3	2.1	natural_heldout	gvpg	1	nat_6e78392ee68b0d7f0e1a
nat_6e044414d44a341b1483	6e044414d44a341b1483e0138d826e7625e23389efbec22ef3ab714fce35d303	83	fail			0.0	gvpg	124.1	gvpf	116.6	7.5	1.0	1.0	unsupported	insufficient_competitive_margin	0.4	0.7	natural_heldout	gvpg	1	nat_6e044414d44a341b1483
nat_7a005ea865f88aded183	7a005ea865f88aded183c463c3f5999b516d6fb0ed155f0da02ef31ec598b3d4	83	fail			0.0	gvpg	134.4	gvpf	127.9	6.5	1.0	1.0	unsupported	insufficient_competitive_margin	2.4	2.9	natural_heldout	gvpg	1	nat_7a005ea865f88aded183
nat_846fac879b04f20b8dd4	846fac879b04f20b8dd471b6e698f19ad6921b54f8aec3357129cb23b4291efc	82	pass	48.9	49.2	0.9743589743589743			gvpj	69.7		0.0	0.0	unsupported	no_qualified_subfamily_hit	20.1	69.7	natural_heldout	gvpj	1	nat_846fac879b04f20b8dd4
nat_c383624a53bd673fde11	c383624a53bd673fde111dca10c5b7087a962bcc3195dc1692307c4d7b225dab	82	pass	48.7	49.0	0.9487179487179487			gvpj	68.1		0.0	0.0	unsupported	no_qualified_subfamily_hit	15.3	68.1	natural_heldout	gvpj	1	nat_c383624a53bd673fde11
nat_504c0cf484c520b01106	504c0cf484c520b0110622551144083acdc14444dc29e1cc8ede0286733cc36a	82	pass	49.9	50.2	0.9743589743589743			gvpj	71.8		0.0	0.0	unsupported	no_qualified_subfamily_hit	17.4	71.8	natural_heldout	gvpj	1	nat_504c0cf484c520b01106
nat_4b9401c72d1b603af896	4b9401c72d1b603af896730f17f33a5118aef722a5a9907e680d4ab93d68e7ac	82	pass	48.7	49.0	0.9487179487179487			gvpj	68.4		0.0	0.0	unsupported	no_qualified_subfamily_hit	13.1	68.4	natural_heldout	gvpj	1	nat_4b9401c72d1b603af896
nat_76b9bfd05f9cb7a2e5e7	76b9bfd05f9cb7a2e5e79ec883eb1d1f013b5014028af6d7616a2a982887490a	82	pass	48.3	49.0	0.9743589743589743			gvpj	81.9		0.0	0.0	unsupported	no_qualified_subfamily_hit	20.1	81.9	natural_heldout	gvpj	1	nat_76b9bfd05f9cb7a2e5e7
nat_99f9c082fc6d7119274b	99f9c082fc6d7119274bea809acb6f5d30d7226ab23d31f794e6340d3c9d8323	82	pass	47.5	47.8	0.9743589743589743			gvpj	85.1		0.0	0.0	unsupported	no_qualified_subfamily_hit	27.3	85.1	natural_heldout	gvpj	1	nat_99f9c082fc6d7119274b
nat_cac1fc977093c9f79251	cac1fc977093c9f79251c54308ff3e4db32d926637f30a7ca7ab93a771541d9d	82	pass	48.2	48.8	0.9743589743589743			gvpj	57.3		0.0	0.0	unsupported	no_qualified_subfamily_hit	25.0	57.3	natural_heldout	gvpj	1	nat_cac1fc977093c9f79251
nat_a984f11bd60c35139c61	a984f11bd60c35139c61b723efe1095574afbf567b075acdf34286a1225a2bc3	82	pass	58.9	59.2	1.0			gvpa	135.6		0.0	0.0	unsupported	no_qualified_subfamily_hit	135.6	95.5	natural_heldout	gvpj	1	nat_a984f11bd60c35139c61
nat_b0658df5234d9898146c	b0658df5234d9898146c05fa65a8b5437acf2d31cb4907faf17f86a77482fef6	82	pass	48.7	49.0	0.9487179487179487			gvpj	61.7		0.0	0.0	unsupported	no_qualified_subfamily_hit	14.4	61.7	natural_heldout	gvpj	1	nat_b0658df5234d9898146c
nat_e0ebe5d0ea6fe96cd25a	e0ebe5d0ea6fe96cd25a3dc0473dc28a21ca30da64bf5658f1a5bdfe283e74b6	82	fail			0.0	gvpv	47.3	gvpc	5.2	42.099999999999994	0.6880733944954128	0.8902439024390244	other_gvp	competitive_gvpv_support	0.4	3.2	natural_heldout	gvpv	1	nat_e0ebe5d0ea6fe96cd25a
nat_e6374c75b60fa8279ed4	e6374c75b60fa8279ed4b66afc330f32f26eef51e608fac41f8156b264d0a8d4	81	pass	55.2	55.5	1.0			gvpj	81.0		0.0	0.0	unsupported	no_qualified_subfamily_hit	32.0	81.0	natural_heldout	gvpj	1	nat_e6374c75b60fa8279ed4
nat_0f8c9a9823e4214b9eae	0f8c9a9823e4214b9eaeb085316a1c6f602ebf65f5d3ca5e43ee08c814d063d5	81	pass	50.2	50.5	1.0			gvpj	61.1		0.0	0.0	unsupported	no_qualified_subfamily_hit	31.5	61.1	natural_heldout	gvpj	1	nat_0f8c9a9823e4214b9eae
nat_b23dc8f37bc936f98c91	b23dc8f37bc936f98c9161c4396dc406ecadbcc55e9b6ac5e74d73bcf28ce446	81	pass	51.2	51.5	1.0			gvpj	69.0		0.0	0.0	unsupported	no_qualified_subfamily_hit	29.2	69.0	natural_heldout	gvpj	1	nat_b23dc8f37bc936f98c91
nat_76425a53078630280b17	76425a53078630280b174c6637b24e671276e3b36cc35ef066b4e1f7d889b386	81	pass	45.5	45.8	0.9743589743589743			gvpj	86.0		0.0	0.0	unsupported	no_qualified_subfamily_hit	20.6	86.0	natural_heldout	gvpj	1	nat_76425a53078630280b17
nat_4e739c831373f0edfba7	4e739c831373f0edfba78a306aa062ed591a37ab228798996d47dbab5862489e	81	pass	50.2	50.5	1.0			gvpj	60.7		0.0	0.0	unsupported	no_qualified_subfamily_hit	30.8	60.7	natural_heldout	gvpj	1	nat_4e739c831373f0edfba7
nat_603bcb0aa2df54c41390	603bcb0aa2df54c4139064f5c02069fc8c0818c0b8cf07850c485744ffab125d	81	fail			0.0	gvpv	42.8	gvpl	1.0	41.8	0.8807339449541285	1.0	other_gvp	competitive_gvpv_support		0.7	natural_heldout	gvpv	1	nat_603bcb0aa2df54c41390
nat_5a7b283fcc1aa481a002	5a7b283fcc1aa481a00209c5abf8e67e97a5bf609b7e190d59c9b480f1f46c7d	80	pass	47.6	47.9	0.9743589743589743			gvpj	84.4		0.0	0.0	unsupported	no_qualified_subfamily_hit	26.4	84.4	natural_heldout	gvpj	1	nat_5a7b283fcc1aa481a002
nat_e4c02bb0f7a8020ec61d	e4c02bb0f7a8020ec61da56824deb9dac5d772caa9be2143752c8fd0a4655d19	80	pass	51.7	52.1	0.9743589743589743			gvpj	77.2		0.0	0.0	unsupported	no_qualified_subfamily_hit	21.7	77.2	natural_heldout	gvpj	1	nat_e4c02bb0f7a8020ec61d
nat_fdd3e74cd40aa7354461	fdd3e74cd40aa7354461515bc8bf1b415de0f9d59024cec2afe19d0d43520aee	80	pass	48.9	49.2	0.9743589743589743			gvpj	84.6		0.0	0.0	unsupported	no_qualified_subfamily_hit	27.2	84.6	natural_heldout	gvpj	1	nat_fdd3e74cd40aa7354461
nat_11a7d8a753fe9779c7c9	11a7d8a753fe9779c7c9c878a7a20dbccbd380de030b2f193c41fce745853ab3	80	fail			0.0	gvpk	116.5	gvpv	1.0	115.5	0.7878787878787878	0.975	other_gvp	competitive_gvpk_support			natural_heldout	gvpk	1	nat_11a7d8a753fe9779c7c9
nat_2f4bcf9c4df2b9e2be92	2f4bcf9c4df2b9e2be92e28318cff4d60a126c599040cb64e4e9ef1d2050660e	79	pass	47.9	48.5	1.0			gvpj	51.9		0.0	0.0	unsupported	no_qualified_subfamily_hit	17.8	51.9	natural_heldout	gvpj	1	nat_2f4bcf9c4df2b9e2be92
nat_9a52da9108207f742f79	9a52da9108207f742f795718085680f67722a71ebf4dd869e2b4dc3d68ac3694	79	pass	52.9	53.5	1.0			gvpj	79.1		0.0	0.0	unsupported	no_qualified_subfamily_hit	32.9	79.1	natural_heldout	gvpj	1	nat_9a52da9108207f742f79
nat_9cf6f65acb0bb6519b07	9cf6f65acb0bb6519b07ba6ff4ce2860f13b89d6160119956e5ce140ffb868c0	79	pass	51.0	51.2	1.0			gvpj	81.5		0.0	0.0	unsupported	no_qualified_subfamily_hit	29.2	81.5	natural_heldout	gvpj	1	nat_9cf6f65acb0bb6519b07
nat_065fd8fdc2701d3a4560	065fd8fdc2701d3a4560e147804dc8830e8c052fa5718b0f264b2284c005a1d3	78	pass	47.2	47.9	1.0			gvpj	51.1		0.0	0.0	unsupported	no_qualified_subfamily_hit	20.2	51.1	natural_heldout	gvpj	1	nat_065fd8fdc2701d3a4560
nat_e43d8fc75f0711ed613e	e43d8fc75f0711ed613e9a555637628b1ddfe741c3c3aa5c95482ee72f444721	78	pass	49.0	49.2	0.9487179487179487			gvpj	67.7		0.0	0.0	unsupported	no_qualified_subfamily_hit	13.7	67.7	natural_heldout	gvpj	1	nat_e43d8fc75f0711ed613e
nat_c852c7981e77991797c2	c852c7981e77991797c23c7b1dcc5b560344c4a3d954b43c971e494faece4559	77	pass	53.8	54.2	1.0			gvpj	75.9		0.0	0.0	unsupported	no_qualified_subfamily_hit	28.9	75.9	natural_heldout	gvpj	1	nat_c852c7981e77991797c2
nat_ba6ff0ac3294d2c6818f	ba6ff0ac3294d2c6818fd1825660243eeb8b502c50215487a896613345ec4a7c	77	pass	50.5	50.8	0.9487179487179487			gvpj	68.2		0.0	0.0	unsupported	no_qualified_subfamily_hit	15.7	68.2	natural_heldout	gvpj	1	nat_ba6ff0ac3294d2c6818f
nat_e0ebc831130fb4447b33	e0ebc831130fb4447b3324e849034c701aab01160def7e1a420da4dbde318714	77	pass	51.2	51.4	1.0			gvpj	76.9		0.0	0.0	unsupported	no_qualified_subfamily_hit	33.1	76.9	natural_heldout	gvpj	1	nat_e0ebc831130fb4447b33
nat_cb6ed77116909eb840cc	cb6ed77116909eb840cc46f5b865b0c8da3ab1596bc9f7140b72e27ecd364231	77	pass	44.7	45.0	0.9743589743589743			gvpj	52.6		0.0	0.0	unsupported	no_qualified_subfamily_hit	17.8	52.6	natural_heldout	gvpj	1	nat_cb6ed77116909eb840cc
nat_1326ea501afe38d8f672	1326ea501afe38d8f672ca0928efefd9e6757196e41bee0976dfd2e1d34e83d3	77	pass	47.9	48.4	0.9487179487179487			gvpj	56.3		0.0	0.0	unsupported	no_qualified_subfamily_hit	24.7	56.3	natural_heldout	gvpj	1	nat_1326ea501afe38d8f672
nat_08a343a9dea7d3e71216	08a343a9dea7d3e7121649693d450cae7426c9920eaf12b7dbeeb78e94bed914	76	pass	52.3	52.6	0.9487179487179487			gvpj	68.1		0.0	0.0	unsupported	no_qualified_subfamily_hit	15.0	68.1	natural_heldout	gvpj	1	nat_08a343a9dea7d3e71216
nat_5c822346ac3970562a14	5c822346ac3970562a145de2cc406758f3f6ffbe6acf8bc855c7d6a513f7d824	76	pass	45.4	45.7	0.9743589743589743			gvpa	103.2		0.0	0.0	unsupported	no_qualified_subfamily_hit	103.2	78.0	natural_heldout	gvpj	1	nat_5c822346ac3970562a14
nat_ca44e444b9677c038eae	ca44e444b9677c038eae979e713747c21774173330c1bb48e3bd2a9569bc438a	76	pass	49.2	49.8	0.9743589743589743			gvpj	57.4		0.0	0.0	unsupported	no_qualified_subfamily_hit	25.7	57.4	natural_heldout	gvpj	1	nat_ca44e444b9677c038eae
nat_94ba15d7551886d6aa13	94ba15d7551886d6aa135685c64a241a5d38aa73e3d26ba8f4611c77db3a16b3	76	pass	53.0	53.3	0.9743589743589743			gvpj	70.4		0.0	0.0	unsupported	no_qualified_subfamily_hit	18.1	70.4	natural_heldout	gvpj	1	nat_94ba15d7551886d6aa13
nat_5a0a9494221c4659412c	5a0a9494221c4659412c92ee4bf777f282e55592438258aae555752e0217e63a	75	pass	53.2	53.5	1.0			gvpj	75.7		0.0	0.0	unsupported	no_qualified_subfamily_hit	25.3	75.7	natural_heldout	gvpj	1	nat_5a0a9494221c4659412c
nat_cac659721d3722d1a8be	cac659721d3722d1a8be8e9da1e0f35e7daa549bb1f15e628193b18d82264381	75	pass	48.8	49.2	0.9743589743589743			gvpj	78.4		0.0	0.0	unsupported	no_qualified_subfamily_hit	22.0	78.4	natural_heldout	gvpj	1	nat_cac659721d3722d1a8be
nat_7370222c1be99389cd87	7370222c1be99389cd87e35229f2f7b160bc633bc9e5a9532ccbf5695d02478a	75	pass	49.6	49.8	0.9487179487179487			gvpj	67.5		0.0	0.0	unsupported	no_qualified_subfamily_hit	13.9	67.5	natural_heldout	gvpj	1	nat_7370222c1be99389cd87
nat_1e2816be454b049f1920	1e2816be454b049f19206e89b340e66f7e242c74529ed791ff78e13327b671e7	75	pass	50.7	51.0	0.9487179487179487			gvpj	66.3		0.0	0.0	unsupported	no_qualified_subfamily_hit	14.4	66.3	natural_heldout	gvpj	1	nat_1e2816be454b049f1920
nat_f9df0af090db19867f68	f9df0af090db19867f687cfbd49109e3717616457f1744592d8d671d6fb9ea26	75	pass	51.8	52.1	0.9487179487179487			gvpj	68.3		0.0	0.0	unsupported	no_qualified_subfamily_hit	14.4	68.3	natural_heldout	gvpj	1	nat_f9df0af090db19867f68
nat_6bb19b9be704c758f3bf	6bb19b9be704c758f3bfcdc890c2cc1baea76faa7979a3cf02855218b03d9e67	74	pass	48.5	49.0	0.9743589743589743			gvpj	58.3		0.0	0.0	unsupported	no_qualified_subfamily_hit	25.4	58.3	natural_heldout	gvpj	1	nat_6bb19b9be704c758f3bf
nat_119a2208a386f4a54d9d	119a2208a386f4a54d9dbf3eda31a2a42e1f5a07c4f41b3b63fc8837745e1776	74	pass	47.3	47.7	0.9487179487179487			gvpj	58.7		0.0	0.0	unsupported	no_qualified_subfamily_hit	24.8	58.7	natural_heldout	gvpj	1	nat_119a2208a386f4a54d9d
nat_69b7f558d07e2d585aa0	69b7f558d07e2d585aa00897dcc55e3b7df7d5a0765e23e92149dca52a21e56a	74	pass	59.6	60.0	1.0			gvpj	75.1		0.0	0.0	unsupported	no_qualified_subfamily_hit	51.0	75.1	natural_heldout	gvpj	1	nat_69b7f558d07e2d585aa0
nat_12a24c2ab9a08baa2623	12a24c2ab9a08baa2623545b7c7ef38cb7abb33a2cafe52f1e1f27b9043dd334	73	pass	55.4	55.7	1.0			gvpj	80.5		0.0	0.0	unsupported	no_qualified_subfamily_hit	32.3	80.5	natural_heldout	gvpj	1	nat_12a24c2ab9a08baa2623
nat_aaf69e9ea95986ab1e08	aaf69e9ea95986ab1e089642846326c889c950dda444ede8f46f6e555fa8d1bb	73	pass	51.5	51.9	1.0			gvpa	113.3		0.0	0.0	unsupported	no_qualified_subfamily_hit	113.3	80.7	natural_heldout	gvpj	1	nat_aaf69e9ea95986ab1e08
nat_acfbc9604c933a917cd4	acfbc9604c933a917cd49338c7befe88b24040b416e906635d83ca3e2effe48e	72	pass	49.0	49.3	0.9743589743589743			gvpj	58.7		0.0	0.0	unsupported	no_qualified_subfamily_hit	16.3	58.7	natural_heldout	gvpj	1	nat_acfbc9604c933a917cd4
nat_805daea24cbec4e57a88	805daea24cbec4e57a884b93dc7850e3598e8c092ac8afa27d632aa06b2af050	72	pass	54.4	54.8	0.9743589743589743			gvpj	69.7		0.0	0.0	unsupported	no_qualified_subfamily_hit	39.7	69.7	natural_heldout	gvpj	1	nat_805daea24cbec4e57a88
nat_40323b53e14ada1bf4ba	40323b53e14ada1bf4badaa63366916bda1fd98744ad2890d7096ba89b49454d	72	pass	48.2	48.6	1.0			gvpj	63.8		0.0	0.0	unsupported	no_qualified_subfamily_hit	17.9	63.8	natural_heldout	gvpj	1	nat_40323b53e14ada1bf4ba
nat_755d6d89017e90d5fadf	755d6d89017e90d5fadfcd0bc61586280b0111ef8aa71561b11be8ea3ff08a3c	72	pass	52.9	53.3	1.0			gvpa	108.1		0.0	0.0	unsupported	no_qualified_subfamily_hit	108.1	77.9	natural_heldout	gvpj	1	nat_755d6d89017e90d5fadf
nat_20254df8ceedab382494	20254df8ceedab3824945ae19c80483ca2caf11c1d9895b39a5810e9328ac599	72	pass	47.8	48.2	1.0			gvpa	106.1		0.0	0.0	unsupported	no_qualified_subfamily_hit	106.1	75.4	natural_heldout	gvpj	1	nat_20254df8ceedab382494
nat_361f2bffb29a57e42966	361f2bffb29a57e42966bae75a9c58d86ae3cb0c714e502f16fb03c98cbe60ad	71	pass	50.4	50.7	0.9743589743589743			gvpj	68.6		0.0	0.0	unsupported	no_qualified_subfamily_hit	15.1	68.6	natural_heldout	gvpj	1	nat_361f2bffb29a57e42966
nat_9e5eb3fd2df1c3414b29	9e5eb3fd2df1c3414b29692035dec4520121a95aedaa56e50e8b7781c9b9933b	71	pass	51.9	52.2	1.0			gvpj	75.8		0.0	0.0	unsupported	no_qualified_subfamily_hit	26.0	75.8	natural_heldout	gvpj	1	nat_9e5eb3fd2df1c3414b29
nat_a283f318c6308a294b6d	a283f318c6308a294b6d125c55038cc4897267bde33655bac65e93683a3b99fc	71	pass	54.3	54.7	1.0			gvpj	81.4		0.0	0.0	unsupported	no_qualified_subfamily_hit	51.9	81.4	natural_heldout	gvpj	1	nat_a283f318c6308a294b6d
nat_e776d466f02718e89751	e776d466f02718e897511acf4b435582299c58f839b7949ad026c818fdc005c4	70	pass	50.9	51.1	0.9487179487179487			gvpj	68.2		0.0	0.0	unsupported	no_qualified_subfamily_hit	15.1	68.2	natural_heldout	gvpj	1	nat_e776d466f02718e89751
nat_d9cf1a4e61be35e90f85	d9cf1a4e61be35e90f858caf18d5f07b836a37c868a9cfaad6b1e13e45efe421	70	pass	51.2	51.6	0.9743589743589743			gvpj	68.5		0.0	0.0	unsupported	no_qualified_subfamily_hit	17.2	68.5	natural_heldout	gvpj	1	nat_d9cf1a4e61be35e90f85
nat_8c33f7d20b82781d6559	8c33f7d20b82781d65592fe3548b0198fc18dd236c901314dc86596ce8e24864	70	pass	59.7	60.0	1.0			gvpj	83.2		0.0	0.0	unsupported	no_qualified_subfamily_hit	36.3	83.2	natural_heldout	gvpj	1	nat_8c33f7d20b82781d6559
nat_7e1ce867323aad4660fd	7e1ce867323aad4660fd4e9e9755e21a9ea0e50d2e6aa36adc3fbf4f4a231589	70	pass	58.1	58.4	1.0	gvpk	4.5	gvpj	79.9	-75.4	0.6060606060606061	0.8428571428571429	unsupported	no_qualified_subfamily_hit	33.3	79.9	natural_heldout	gvpj	1	nat_7e1ce867323aad4660fd
nat_71183c6ca4e255f76416	71183c6ca4e255f7641612b85ac2cd3ccd39b15e0e39fea9be4a5640f5ef5647	70	pass	32.0	32.2	1.0			gvpa	82.7		0.0	0.0	unsupported	no_qualified_subfamily_hit	82.7	58.2	natural_heldout	gvpj	1	nat_71183c6ca4e255f76416
shuffled_nat_3a3fe29b7daaadaf3131	55d9864bf7991a509b9c9f01124f57d5cd9309abe2e99607e3be9a255bed9349	98	fail			0.0			gvpl	2.0		0.0	0.0	unsupported	no_qualified_subfamily_hit			shuffled	gvpa	1	nat_3a3fe29b7daaadaf3131
truncated_nat_3a3fe29b7daaadaf3131	027fbd4d6c62ee6f1007bdd3542615ddf0335ceacdc28b4267c749f05e824500	32	fail	38.1	38.4	0.5641025641025641			gvpa	45.4		0.0	0.0	unsupported	no_qualified_subfamily_hit	45.4	38.0	truncated	gvpa	1	nat_3a3fe29b7daaadaf3131
exact_duplicate_nat_3a3fe29b7daaadaf3131	3a3fe29b7daaadaf3131edb18ea6ffdc6cb6eef2fb4b06ffffa81866f20a1290	98	pass	62.0	62.6	1.0	gvpj	88.6	gvpa	118.6	-30.0	0.6260162601626016	0.7244897959183674	gvpa_gvpj_ambiguous	insufficient_competitive_margin	118.6	88.6	exact_duplicate	gvpa	1	nat_3a3fe29b7daaadaf3131
shuffled_nat_b017d8236271e13a1522	331f7594aa7d2d56c09abf446c41a279dcb2378da281a18aea91aa917507f3e4	116	fail			0.0						0.0	0.0	unsupported	no_qualified_subfamily_hit			shuffled	gvpa	1	nat_b017d8236271e13a1522
truncated_nat_b017d8236271e13a1522	0563297daa7d80483f64afee286ef2bb880e0b62372d5eee8a503beb5899410c	38	fail			0.0						0.0	0.0	unsupported	no_qualified_subfamily_hit			truncated	gvpa	1	nat_b017d8236271e13a1522
exact_duplicate_nat_b017d8236271e13a1522	b017d8236271e13a1522a8ef3c3e41b212de7d09a483ea1ebbfd4dee7dac5625	116	pass	52.2	52.6	1.0			gvpa	124.4		0.0	0.0	unsupported	no_qualified_subfamily_hit	124.4	85.2	exact_duplicate	gvpa	1	nat_b017d8236271e13a1522
shuffled_nat_805855d37a367a5867e3	09df85bbd1ba7ac000fdfa16f43f953d71f4c864cf9f8d39f2fca5e5d7d92015	90	fail			0.0			gvpg	2.3		0.0	0.0	unsupported	no_qualified_subfamily_hit		1.9	shuffled	gvpa	1	nat_805855d37a367a5867e3
truncated_nat_805855d37a367a5867e3	5fe056644328d4a5c933d8d010406875cc398b02349270b6aaa9b59272580a6c	30	fail	29.1	29.3	0.4358974358974359			gvpa	42.8		0.0	0.0	unsupported	no_qualified_subfamily_hit	42.8	33.5	truncated	gvpa	1	nat_805855d37a367a5867e3
exact_duplicate_nat_805855d37a367a5867e3	805855d37a367a5867e37119f6d4ca11ce3a9771efa51ee1d159b4bd843f912a	90	pass	45.9	46.6	1.0			gvpa	111.5		0.0	0.0	unsupported	no_qualified_subfamily_hit	111.5	79.0	exact_duplicate	gvpa	1	nat_805855d37a367a5867e3
shuffled_nat_0283d587032de178b666	b4320d1d1f2f7a29646dc6584125f869c3b4246113e065d412e2c5089a57c442	91	fail			0.0			gvpg	3.6		0.0	0.0	unsupported	no_qualified_subfamily_hit			shuffled	gvpa	1	nat_0283d587032de178b666
truncated_nat_0283d587032de178b666	92a913dd9f7b16271de4e90e7db8e7aa652cab1e1fdfc42fca36f65af5e1644f	30	fail	31.7	31.9	0.46153846153846156			gvpa	45.3		0.0	0.0	unsupported	no_qualified_subfamily_hit	45.3	34.9	truncated	gvpa	1	nat_0283d587032de178b666
exact_duplicate_nat_0283d587032de178b666	0283d587032de178b6667e22ede30dd9a57c5ae7754c025d23503a3db3153be9	91	pass	59.2	59.7	1.0	gvpj	93.6	gvpa	131.6	-38.0	0.6341463414634146	0.8241758241758241	gvpa_gvpj_ambiguous	insufficient_competitive_margin	131.6	93.6	exact_duplicate	gvpa	1	nat_0283d587032de178b666
shuffled_nat_00b8d6bdf51c5322f38c	0f2fb318abb5582946e979d6e829a2ec569e62263d3b29dcdfc66e72304ecd13	90	fail	2.2	3.2	0.41025641025641024			gvpa	2.5		0.0	0.0	unsupported	no_qualified_subfamily_hit	2.5		shuffled	gvpa	1	nat_00b8d6bdf51c5322f38c
truncated_nat_00b8d6bdf51c5322f38c	8a5af1899f66d04bd34f47b8c418443d7bfbabb90928defbca71f1284f5414b9	30	fail	28.0	28.3	0.4358974358974359			gvpa	45.6		0.0	0.0	unsupported	no_qualified_subfamily_hit	45.6	34.1	truncated	gvpa	1	nat_00b8d6bdf51c5322f38c
exact_duplicate_nat_00b8d6bdf51c5322f38c	00b8d6bdf51c5322f38c2f3efbe74d4123230025049524b17afcbaf1d6459e63	90	pass	53.1	53.5	1.0			gvpa	131.3		0.0	0.0	unsupported	no_qualified_subfamily_hit	131.3	92.7	exact_duplicate	gvpa	1	nat_00b8d6bdf51c5322f38c
shuffled_nat_48ea71fe1cd777e6ddfc	82dd042d890a634595c4a6d5c03319584bb1874830209fc581b0e3505de08bd6	97	fail			0.0			gvpj	0.3		0.0	0.0	unsupported	no_qualified_subfamily_hit		0.3	shuffled	gvpj	1	nat_48ea71fe1cd777e6ddfc
truncated_nat_48ea71fe1cd777e6ddfc	b4a177f773c4fa03d6b18c36a0aeba27e7dc2d1a06e80ddda11abd280e2ae706	32	fail	33.5	33.7	0.5641025641025641			gvpa	53.1		0.0	0.0	unsupported	no_qualified_subfamily_hit	53.1	38.1	truncated	gvpj	1	nat_48ea71fe1cd777e6ddfc
exact_duplicate_nat_48ea71fe1cd777e6ddfc	48ea71fe1cd777e6ddfc05880bfe9a1f5d1f5daf4b71bf172f2e021c120d2d74	97	pass	59.5	59.5	1.0	gvpa	130.5	gvpj	95.4	35.099999999999994	0.6231884057971014	0.8865979381443299	supported_gvpa	pf00741_and_competitive_gvpa_support	130.5	95.4	exact_duplicate	gvpj	1	nat_48ea71fe1cd777e6ddfc
shuffled_nat_c8ca500d58f82227374e	b956b4ed7927866e3e2f8fad1b51b934661efadde63e55c39bd557b925a69599	75	fail	4.2	5.7	0.6153846153846154			gvpj	2.2		0.0	0.0	unsupported	no_qualified_subfamily_hit		2.2	shuffled	gvpj	1	nat_c8ca500d58f82227374e
truncated_nat_c8ca500d58f82227374e	4a5108a1d25bc62108ff130201bc7e60f201f3557ea18e7da89903f2b3c8ff68	25	fail	24.5	24.7	0.38461538461538464			gvpa	34.3		0.0	0.0	unsupported	no_qualified_subfamily_hit	34.3	27.9	truncated	gvpj	1	nat_c8ca500d58f82227374e
exact_duplicate_nat_c8ca500d58f82227374e	c8ca500d58f82227374ef5850ded8cba10a96512195ed4d0368fd62280bac654	75	pass	60.9	61.2	1.0			gvpa	125.0		0.0	0.0	unsupported	no_qualified_subfamily_hit	125.0	90.7	exact_duplicate	gvpj	1	nat_c8ca500d58f82227374e
shuffled_nat_8343c46d763785dc6094	98cc473cdde7e469c4189fe8a9abcd717c70465bb7bbcfd6241d1d4cf571c6d6	685	fail			0.0			gvpg	0.4		0.0	0.0	unsupported	no_qualified_subfamily_hit			shuffled	gvpn	1	nat_8343c46d763785dc6094
truncated_nat_8343c46d763785dc6094	1de9da113475b9afb8a0e30fb946f09db78857e66c8ebccf58d5a655cb2b7d58	228	fail			0.0						0.0	0.0	unsupported	no_qualified_subfamily_hit			truncated	gvpn	1	nat_8343c46d763785dc6094
exact_duplicate_nat_8343c46d763785dc6094	8343c46d763785dc6094cb806c0f6bf2a3caf353fe7e68848b60be24b1820392	685	fail			0.0			gvpn	424.3		0.0	0.0	unsupported	no_qualified_subfamily_hit			exact_duplicate	gvpn	1	nat_8343c46d763785dc6094
shuffled_nat_56c649d91320de13c3d9	74dde4d2c961a17f163f68f525892934b4ea87e518e1e3850a52f7a254fed9c8	509	fail			0.0						0.0	0.0	unsupported	no_qualified_subfamily_hit			shuffled	gvpn	1	nat_56c649d91320de13c3d9
truncated_nat_56c649d91320de13c3d9	8f15db5f36eb7adeea0f680c40972f1148c1fbf7d1b2cdf0786364e0de5b6090	169	fail			0.0						0.0	0.0	unsupported	no_qualified_subfamily_hit			truncated	gvpn	1	nat_56c649d91320de13c3d9
exact_duplicate_nat_56c649d91320de13c3d9	56c649d91320de13c3d9a1b71ec0f64961303a93fdbca7803201e7758eb4f719	509	fail			0.0			gvpn	409.8		0.0	0.0	unsupported	no_qualified_subfamily_hit			exact_duplicate	gvpn	1	nat_56c649d91320de13c3d9
shuffled_nat_d93cc995798d0a5e81e9	9034d0aa7901b8f0155483e123b2ab4df4481cadd35a9fdabb5d6710490b1088	504	fail			0.0			gvpl	0.9		0.0	0.0	unsupported	no_qualified_subfamily_hit			shuffled	gvpn	1	nat_d93cc995798d0a5e81e9
truncated_nat_d93cc995798d0a5e81e9	cb5e66775089f9878ac122ae6f7da7faa5bfbab63e9e18f1365c1ff20e6b39bd	168	fail			0.0						0.0	0.0	unsupported	no_qualified_subfamily_hit			truncated	gvpn	1	nat_d93cc995798d0a5e81e9
exact_duplicate_nat_d93cc995798d0a5e81e9	d93cc995798d0a5e81e91156f2f83ffe6b24315d2faeb324f05463f707f3f5cd	504	fail			0.0	gvpn	411.0				0.8296703296703297	0.6051587301587301	other_gvp	competitive_gvpn_support;no_reportable_runner_up			exact_duplicate	gvpn	1	nat_d93cc995798d0a5e81e9
shuffled_nat_6b111238dff8d4fcf344	8b62480a132d4ca17e9f460b3bc5243f42fc374e19b8072f69e816c65e801d56	482	fail			0.0						0.0	0.0	unsupported	no_qualified_subfamily_hit			shuffled	gvpn	1	nat_6b111238dff8d4fcf344
truncated_nat_6b111238dff8d4fcf344	b42102580a519005fabbe2faebb6f91eb1436e3a82a32d4117bdba196aed5fae	160	fail			0.0			gvpn	140.5		0.0	0.0	unsupported	no_qualified_subfamily_hit			truncated	gvpn	1	nat_6b111238dff8d4fcf344
exact_duplicate_nat_6b111238dff8d4fcf344	6b111238dff8d4fcf344f6abbbf02156ee3466fa55fb0030f46b9e6f060329ed	482	fail			0.0	gvpn	393.6	gvpl	1.1	392.5	0.8901098901098901	0.6680497925311203	other_gvp	competitive_gvpn_support			exact_duplicate	gvpn	1	nat_6b111238dff8d4fcf344
shuffled_nat_1944acf2ada2119aa498	1d8efb4c812fcad75fe769a77fac66ef8a8f6e126c9e2c7772fb015cfc3d4e53	476	fail			0.0			gvpv	3.9		0.0	0.0	unsupported	no_qualified_subfamily_hit			shuffled	gvpn	1	nat_1944acf2ada2119aa498
truncated_nat_1944acf2ada2119aa498	6ff1ed8264950dedb643c258859a43a61494cad152de201577340409c045d89a	158	fail			0.0			gvpn	268.4		0.0	0.0	unsupported	no_qualified_subfamily_hit			truncated	gvpn	1	nat_1944acf2ada2119aa498
exact_duplicate_nat_1944acf2ada2119aa498	1944acf2ada2119aa498929c52288b57622934bfea1fb175bd0c3c0e09492e22	476	fail			0.0	gvpn	437.9	gvpc	32.0	405.9	0.8131868131868132	0.6197478991596639	other_gvp	competitive_gvpn_support			exact_duplicate	gvpn	1	nat_1944acf2ada2119aa498
shuffled_nat_f1576cf15faeaea3dbc6	ddbed751f45f459081a0b3fdd05b75efb7472f09e1d49821fd36f340550a465c	414	fail			0.0						0.0	0.0	unsupported	no_qualified_subfamily_hit			shuffled	gvpc	1	nat_f1576cf15faeaea3dbc6
truncated_nat_f1576cf15faeaea3dbc6	ee00217145124f72b3cc95c8ace4382f4424a802050ea459830124af9e7e23d9	138	fail			0.0			gvpc	99.2		0.0	0.0	unsupported	no_qualified_subfamily_hit			truncated	gvpc	1	nat_f1576cf15faeaea3dbc6
exact_duplicate_nat_f1576cf15faeaea3dbc6	f1576cf15faeaea3dbc6ca07ebed4f2de17b62c870fbcff38e96f319df4bc17e	414	fail			0.0	gvpc	251.1	gvpk	1.2	249.9	0.9971264367816092	0.9975845410628019	other_gvp	competitive_gvpc_support			exact_duplicate	gvpc	1	nat_f1576cf15faeaea3dbc6
shuffled_nat_65195e1884dba2d18322	b1b15b978a23eb3b555d34b7e31b339bd93c2a770d776186b1e579c8938d4fa3	380	fail			0.0						0.0	0.0	unsupported	no_qualified_subfamily_hit			shuffled	gvpc	1	nat_65195e1884dba2d18322
truncated_nat_65195e1884dba2d18322	268a8fa4e4d489520aafed585fd5df0798f1c0cc8e577e062ffba69ffda9ef9d	126	fail			0.0			gvpc	85.5		0.0	0.0	unsupported	no_qualified_subfamily_hit			truncated	gvpc	1	nat_65195e1884dba2d18322
exact_duplicate_nat_65195e1884dba2d18322	65195e1884dba2d183222e30c044a9ebbf1fce12731a3da1e21e3743d417b2e8	380	fail			0.0	gvpc	246.2	gvpg	6.2	240.0	0.9971264367816092	0.9973684210526316	other_gvp	competitive_gvpc_support			exact_duplicate	gvpc	1	nat_65195e1884dba2d18322
shuffled_nat_995571f9bd05bfb87fdc	2de37064b96c56bad1071f71fcafb4937926107f555a55d71292db43994383ca	372	fail			0.0						0.0	0.0	unsupported	no_qualified_subfamily_hit			shuffled	gvpc	1	nat_995571f9bd05bfb87fdc
truncated_nat_995571f9bd05bfb87fdc	d1a1cc158f9cf7a02b98475040cd87568edc7d2ed7791a6e52db19b45700d67a	124	fail			0.0			gvpc	48.3		0.0	0.0	unsupported	no_qualified_subfamily_hit			truncated	gvpc	1	nat_995571f9bd05bfb87fdc
exact_duplicate_nat_995571f9bd05bfb87fdc	995571f9bd05bfb87fdccd74a6c04863949f03993ab125d8fcf544022ebe8908	372	fail			0.0	gvpc	242.5				0.9971264367816092	0.9193548387096774	other_gvp	competitive_gvpc_support;no_reportable_runner_up			exact_duplicate	gvpc	1	nat_995571f9bd05bfb87fdc
shuffled_nat_21bdbf3d416d0e908baf	77aae9e75624eb58d3ba7262897146a9b3a5c5b480ef6c61db827530ba700301	360	fail			0.0						0.0	0.0	unsupported	no_qualified_subfamily_hit			shuffled	gvpl	1	nat_21bdbf3d416d0e908baf
truncated_nat_21bdbf3d416d0e908baf	0618a2d3ce42493976917e97942a7216dbeb6a8ebb56adde307c89297e32574a	120	fail			0.0			gvpl	104.4		0.0	0.0	unsupported	no_qualified_subfamily_hit			truncated	gvpl	1	nat_21bdbf3d416d0e908baf
exact_duplicate_nat_21bdbf3d416d0e908baf	21bdbf3d416d0e908baff035fa23ecfee2a4dbd50bf17ece6e1d5a43f954bfb8	360	fail			0.0	gvpl	374.2	gvpj	0.2	374.0	0.9547038327526133	0.8888888888888888	other_gvp	competitive_gvpl_support		0.2	exact_duplicate	gvpl	1	nat_21bdbf3d416d0e908baf
shuffled_nat_098a41409ea5eda0829f	f2c17703fb84f03225356ab9c914e95da955bb5afd31963c6475c20df6b07c81	341	fail			0.0			gvpv	1.0		0.0	0.0	unsupported	no_qualified_subfamily_hit		0.3	shuffled	gvpl	1	nat_098a41409ea5eda0829f
truncated_nat_098a41409ea5eda0829f	242ee141269c7177629b4a225b97dd512a30c23d3016688843fdb82461d46279	113	fail			0.0			gvpl	84.3		0.0	0.0	unsupported	no_qualified_subfamily_hit			truncated	gvpl	1	nat_098a41409ea5eda0829f
exact_duplicate_nat_098a41409ea5eda0829f	098a41409ea5eda0829fc8562a855510f6a71395212e1795f4968f79f54f5346	341	fail			0.0	gvpl	388.6	gvpv	12.4	376.20000000000005	0.9721254355400697	0.8592375366568915	other_gvp	competitive_gvpl_support			exact_duplicate	gvpl	1	nat_098a41409ea5eda0829f
shuffled_nat_09800a748cfbe77d8d9f	abd130d549bc437acd150c4aac28c8768346b33b5654d6737917b464dffcb655	340	fail			0.0						0.0	0.0	unsupported	no_qualified_subfamily_hit			shuffled	gvpc	1	nat_09800a748cfbe77d8d9f
truncated_nat_09800a748cfbe77d8d9f	550fd7a2ea62b8a45562b3cd9280a5ca33fbd0a2c9119f51c8a2707f987aa993	113	fail			0.0			gvpc	77.0		0.0	0.0	unsupported	no_qualified_subfamily_hit			truncated	gvpc	1	nat_09800a748cfbe77d8d9f
exact_duplicate_nat_09800a748cfbe77d8d9f	09800a748cfbe77d8d9f45732f776c6b7d7c95ec7b1bfdba8f6fd4f5a9b648f3	340	fail			0.0	gvpc	280.4				0.985632183908046	0.9941176470588236	other_gvp	competitive_gvpc_support;no_reportable_runner_up			exact_duplicate	gvpc	1	nat_09800a748cfbe77d8d9f
shuffled_nat_a575c7521c67f51d5d35	7fde9e12ff6e1e20845c1042b67fc51e98f75380038b082dd3fa602dde057888	327	fail			0.0			gvpj	2.9		0.0	0.0	unsupported	no_qualified_subfamily_hit		2.9	shuffled	gvpc	1	nat_a575c7521c67f51d5d35
truncated_nat_a575c7521c67f51d5d35	34e8099d27b613cc4f39b5e4cada8f13c2bdf59ed15a5679540dcb2bb2315f30	109	fail			0.0			gvpc	62.6		0.0	0.0	unsupported	no_qualified_subfamily_hit	0.6	1.6	truncated	gvpc	1	nat_a575c7521c67f51d5d35
exact_duplicate_nat_a575c7521c67f51d5d35	a575c7521c67f51d5d3579af737d1420ed4e98ea212bc79c22f0bdfce1b5ee42	327	fail			0.0	gvpc	227.3				0.9770114942528736	0.9908256880733946	other_gvp	competitive_gvpc_support;no_reportable_runner_up			exact_duplicate	gvpc	1	nat_a575c7521c67f51d5d35
shuffled_nat_c500111a61f53f446ae7	bddfbd3c987e719cb6af03b4545f9e5647fdf47a65007a850306bef648a66504	322	fail			0.0						0.0	0.0	unsupported	no_qualified_subfamily_hit			shuffled	gvpl	1	nat_c500111a61f53f446ae7
truncated_nat_c500111a61f53f446ae7	954e0182414620a73972fdb727efebd48c75832cf4edf3ef86623db203bbe35f	107	fail			0.0			gvpl	28.1		0.0	0.0	unsupported	no_qualified_subfamily_hit			truncated	gvpl	1	nat_c500111a61f53f446ae7
exact_duplicate_nat_c500111a61f53f446ae7	c500111a61f53f446ae7ddde719bfd0cda8ec958d6924057bc0b9ce19c474398	322	fail			0.0	gvpl	337.7				0.8641114982578397	0.7639751552795031	other_gvp	competitive_gvpl_support;no_reportable_runner_up			exact_duplicate	gvpl	1	nat_c500111a61f53f446ae7
shuffled_nat_2c9bf16622aacddb165e	516b428dd104938d4423e20ed2db057dd39257c307682482e1c285cca90c4876	313	fail			0.0						0.0	0.0	unsupported	no_qualified_subfamily_hit			shuffled	gvpl	1	nat_2c9bf16622aacddb165e
truncated_nat_2c9bf16622aacddb165e	ba4b9a3b19a7a43c968235538f0c79d95335387b50c0293159e4c128a07bbd7d	104	fail			0.0			gvpl	94.5		0.0	0.0	unsupported	no_qualified_subfamily_hit			truncated	gvpl	1	nat_2c9bf16622aacddb165e
exact_duplicate_nat_2c9bf16622aacddb165e	2c9bf16622aacddb165e86cd46f6b74ee0107cb20eb13b2862249b1548b88b72	313	fail			0.0	gvpl	347.9	gvpc	2.4	345.5	0.9686411149825784	0.9808306709265175	other_gvp	competitive_gvpl_support			exact_duplicate	gvpl	1	nat_2c9bf16622aacddb165e
shuffled_nat_c94da6ff72ddadbf903d	6491f8c1032d820c3da043b57da9dca831e975e57479651ca30055bb4ec95fd5	313	fail			0.0						0.0	0.0	unsupported	no_qualified_subfamily_hit			shuffled	gvpl	1	nat_c94da6ff72ddadbf903d
truncated_nat_c94da6ff72ddadbf903d	94ba9be2ccc29445a2966f3bc03bb6dc35e6f4a9cb2dbaf4f8d65f92f7ba4e53	104	fail			0.0			gvpl	47.8		0.0	0.0	unsupported	no_qualified_subfamily_hit			truncated	gvpl	1	nat_c94da6ff72ddadbf903d
exact_duplicate_nat_c94da6ff72ddadbf903d	c94da6ff72ddadbf903dafbfbc7d26d07a7ba7598cc0943721ced0300ba82ccc	313	fail			0.0	gvpl	292.8	gvpc	2.2	290.6	0.9547038327526133	0.952076677316294	other_gvp	competitive_gvpl_support		0.0	exact_duplicate	gvpl	1	nat_c94da6ff72ddadbf903d
shuffled_nat_70c3a6e184ca96d89510	c8cfa93299ba47799d5233cbc7a3a1793de4ce089a49f324890f0eba5f3d0ae9	144	fail			0.0			gvpn	0.7		0.0	0.0	unsupported	no_qualified_subfamily_hit			shuffled	gvpi	1	nat_70c3a6e184ca96d89510
truncated_nat_70c3a6e184ca96d89510	a3e0487dc250a6eadac2d7005831de6136d465cb89360b8ccb104f87fa367764	48	fail			0.0			gvpg	3.7		0.0	0.0	unsupported	no_qualified_subfamily_hit	1.9	1.7	truncated	gvpi	1	nat_70c3a6e184ca96d89510
exact_duplicate_nat_70c3a6e184ca96d89510	70c3a6e184ca96d895109e6ac9cba9d9414626118453d5e38109b6fba6a63b63	144	fail			0.0			gvpg	0.4		0.0	0.0	unsupported	no_qualified_subfamily_hit			exact_duplicate	gvpi	1	nat_70c3a6e184ca96d89510
shuffled_nat_1f59c5fb58b4377ef820	1497887bb57fa5b7a2b26d5c9dafbac96196113ebe875d2987991effa5cdb4eb	130	fail			0.0			gvpk	1.4		0.0	0.0	unsupported	no_qualified_subfamily_hit			shuffled	gvpk	1	nat_1f59c5fb58b4377ef820
truncated_nat_1f59c5fb58b4377ef820	b1233c9d29198b2ede0368f211e2d4108c93f20b24bb206644fccfdfb9ccbfff	43	fail			0.0			gvpv	0.4		0.0	0.0	unsupported	no_qualified_subfamily_hit			truncated	gvpk	1	nat_1f59c5fb58b4377ef820
exact_duplicate_nat_1f59c5fb58b4377ef820	1f59c5fb58b4377ef82023087e258ed2e383fb6c020669a1eb3a571edf36c5f7	130	fail			0.0	gvpk	121.0	gvpl	0.2	120.8	0.898989898989899	0.6846153846153846	other_gvp	competitive_gvpk_support			exact_duplicate	gvpk	1	nat_1f59c5fb58b4377ef820
shuffled_nat_4d2e7e7faa72495fbae4	4b62f34819bdc29c77aaae6ee8ba1497ff0f238b0391e7cef22110de4d2a3699	129	fail			0.0			gvpk	4.2		0.0	0.0	unsupported	no_qualified_subfamily_hit			shuffled	gvpk	1	nat_4d2e7e7faa72495fbae4
truncated_nat_4d2e7e7faa72495fbae4	8fe174bea10c26f9519b653693e04c0c0c4dfc3b208f7dbe37a120d0cb926c71	43	fail			0.0			gvpk	33.9		0.0	0.0	unsupported	no_qualified_subfamily_hit			truncated	gvpk	1	nat_4d2e7e7faa72495fbae4
exact_duplicate_nat_4d2e7e7faa72495fbae4	4d2e7e7faa72495fbae438d79d1e1578d9fa25159578f8816ce0b2a24431c4fe	129	fail			0.0	gvpk	80.0	gvpv	0.1	79.9	0.8686868686868687	0.6821705426356589	other_gvp	competitive_gvpk_support			exact_duplicate	gvpk	1	nat_4d2e7e7faa72495fbae4
shuffled_nat_026e3420597e6acb04ba	30e5d2b77abc667a1378ff38b69e5d5d06d827826fbff7dca61dbd18d6df7b68	125	fail			0.0						0.0	0.0	unsupported	no_qualified_subfamily_hit			shuffled	gvpk	1	nat_026e3420597e6acb04ba
truncated_nat_026e3420597e6acb04ba	a48dd3601d20bdece4679e0535242f8d60e0423a0644b236fe7ba4038e4175bf	41	fail			0.0			gvpa	2.1		0.0	0.0	unsupported	no_qualified_subfamily_hit	2.1	1.9	truncated	gvpk	1	nat_026e3420597e6acb04ba
exact_duplicate_nat_026e3420597e6acb04ba	026e3420597e6acb04bab81113a292062cf3e2ce25b306cbfe1907e8962d7f3a	125	fail			0.0	gvpk	93.4	gvpl	1.6	91.80000000000001	0.8686868686868687	0.688	other_gvp	competitive_gvpk_support	1.2	0.8	exact_duplicate	gvpk	1	nat_026e3420597e6acb04ba
shuffled_nat_a44f859048f80cee9e81	beba0dfa54518ae4b06409bef6028b1f372873074ec12b9bdd3877ae82f3c81a	124	fail			0.0			gvpk	3.7		0.0	0.0	unsupported	no_qualified_subfamily_hit		0.4	shuffled	gvpk	1	nat_a44f859048f80cee9e81
truncated_nat_a44f859048f80cee9e81	3eb3a5712a77888de45c3894d6c06f945e6518f5f5494249325ebeff3318b2b2	41	fail			0.0			gvpk	28.8		0.0	0.0	unsupported	no_qualified_subfamily_hit			truncated	gvpk	1	nat_a44f859048f80cee9e81
exact_duplicate_nat_a44f859048f80cee9e81	a44f859048f80cee9e81e298839855256288dcaac6047e75650b5f7eac3dd442	124	fail			0.0	gvpk	83.2	gvpj	2.8	80.4	0.898989898989899	0.7258064516129032	other_gvp	competitive_gvpk_support	0.5	2.8	exact_duplicate	gvpk	1	nat_a44f859048f80cee9e81
shuffled_nat_0f33d91bf20a5dfbff82	65e00dffbfc1f1699d55dba5314490d9addf4ddf696da63602f3fde54606dc5b	124	fail			0.0			gvpk	0.5		0.0	0.0	unsupported	no_qualified_subfamily_hit			shuffled	gvpk	1	nat_0f33d91bf20a5dfbff82
truncated_nat_0f33d91bf20a5dfbff82	6fda83132682bedd6dc8e4567c1ad7bb1983fcb8919dd933f8274edeb9f47f5f	41	fail			0.0			gvpk	25.0		0.0	0.0	unsupported	no_qualified_subfamily_hit			truncated	gvpk	1	nat_0f33d91bf20a5dfbff82
exact_duplicate_nat_0f33d91bf20a5dfbff82	0f33d91bf20a5dfbff82586fd4048d74bc74ec7494d6b09d1d03f10c6ea920c2	124	fail			0.0	gvpk	94.9				0.9090909090909091	0.75	other_gvp	competitive_gvpk_support;no_reportable_runner_up			exact_duplicate	gvpk	1	nat_0f33d91bf20a5dfbff82
shuffled_nat_3f0807141c190c600235	9a32e320514c4a8b98819cff0b46b551273fc087dd504198831cef6ced17ac05	120	fail			0.0						0.0	0.0	unsupported	no_qualified_subfamily_hit			shuffled	gvpj	1	nat_3f0807141c190c600235
truncated_nat_3f0807141c190c600235	aa7e29e8ac425073fda7285cc7d78ae7b6ae5c5a80c98a7fbb32e4a071cdd42a	40	fail	34.7	34.9	0.5128205128205128			gvpj	41.9		0.0	0.0	unsupported	no_qualified_subfamily_hit	35.9	41.9	truncated	gvpj	1	nat_3f0807141c190c600235
exact_duplicate_nat_3f0807141c190c600235	3f0807141c190c60023578b8ed73391cf0d2598231344db89f5da74e73eedf8c	120	pass	57.6	58.0	1.0	gvpj	93.7	gvpa	60.7	33.0	0.7642276422764228	0.8166666666666667	other_gvp	competitive_gvpj_support	60.7	93.7	exact_duplicate	gvpj	1	nat_3f0807141c190c600235
shuffled_nat_023f578aefbf7c2af4b8	588e35ca9eb3ac2878d2aea2e2e170916ac53df946fde89932b338d34b951738	119	fail			0.0						0.0	0.0	unsupported	no_qualified_subfamily_hit			shuffled	gvpj	1	nat_023f578aefbf7c2af4b8
truncated_nat_023f578aefbf7c2af4b8	e83038c30373edc6081e60e0d0a1f958cf17bd5474354bd5c57f987058ccaf9e	39	fail	16.2	16.6	0.38461538461538464			gvpj	21.7		0.0	0.0	unsupported	no_qualified_subfamily_hit	18.1	21.7	truncated	gvpj	1	nat_023f578aefbf7c2af4b8
exact_duplicate_nat_023f578aefbf7c2af4b8	023f578aefbf7c2af4b8b9998e18e6454fb08546091ad0b2a224a484ed1c0bcf	119	pass	55.5	55.9	0.9743589743589743	gvpj	91.6	gvpa	66.9	24.69999999999999	0.6585365853658537	0.7142857142857143	other_gvp	competitive_gvpj_support	66.9	91.6	exact_duplicate	gvpj	1	nat_023f578aefbf7c2af4b8
shuffled_nat_9863770a194a0d55027a	487476d541a03578f6711007a0ee97d818f072b985419287a7653c6cdeb19a30	119	fail			0.0						0.0	0.0	unsupported	no_qualified_subfamily_hit			shuffled	gvpj	1	nat_9863770a194a0d55027a
truncated_nat_9863770a194a0d55027a	6672ca81e277229760889536f0f774252072fa18ff11060dd574e0bb84a4985f	39	fail	37.3	37.5	0.6410256410256411			gvpj	44.0		0.0	0.0	unsupported	no_qualified_subfamily_hit	31.1	44.0	truncated	gvpj	1	nat_9863770a194a0d55027a
exact_duplicate_nat_9863770a194a0d55027a	9863770a194a0d55027accb2e9c8a9745821ad020eb8c731fb1818676395cf91	119	pass	56.8	57.2	0.9743589743589743	gvpj	102.0	gvpa	63.3	38.7	0.7886178861788617	0.8823529411764706	other_gvp	competitive_gvpj_support	63.3	102.0	exact_duplicate	gvpj	1	nat_9863770a194a0d55027a
shuffled_nat_287dc8e13316bfa21d5b	76993ceb6fa919823ac7aab00599c5a5c6e411399f6361f95d90d7dd31f13c63	115	fail			0.0			gvpa	1.5		0.0	0.0	unsupported	no_qualified_subfamily_hit	1.5	0.9	shuffled	gvpv	1	nat_287dc8e13316bfa21d5b
truncated_nat_287dc8e13316bfa21d5b	5b8ee49077d37488133d897ed5a72ff52dc1622b8c4b220f018df497804505f1	38	fail			0.0			gvpv	16.4		0.0	0.0	unsupported	no_qualified_subfamily_hit	0.3		truncated	gvpv	1	nat_287dc8e13316bfa21d5b
exact_duplicate_nat_287dc8e13316bfa21d5b	287dc8e13316bfa21d5b85e96858f21a644adc081803860efdc92cbec8f0773a	115	fail			0.0	gvpv	64.2	gvpc	9.4	54.800000000000004	1.0	0.9478260869565217	other_gvp	competitive_gvpv_support	2.2	2.0	exact_duplicate	gvpv	1	nat_287dc8e13316bfa21d5b
shuffled_nat_0ce4f366361b92c40e72	5a52c31e870d6f48360b0e9203fab536ad4682f0eda3304e6b556566fd314c1b	114	fail			0.0			gvpa	3.1		0.0	0.0	unsupported	no_qualified_subfamily_hit	3.1	2.4	shuffled	gvpv	1	nat_0ce4f366361b92c40e72
truncated_nat_0ce4f366361b92c40e72	e11fd084d6ca9ba05225bb0697e857e4d7be78d3bd8ec7f44561dbefd9dbbaa7	38	fail			0.0			gvpv	10.0		0.0	0.0	unsupported	no_qualified_subfamily_hit			truncated	gvpv	1	nat_0ce4f366361b92c40e72
exact_duplicate_nat_0ce4f366361b92c40e72	0ce4f366361b92c40e72148d1bf5e15bb85dbdd3c8ae7ebafe7e5a91881a815b	114	fail			0.0	gvpv	53.3	gvpn	6.9	46.4	0.963302752293578	0.8333333333333334	other_gvp	competitive_gvpv_support	1.6	2.0	exact_duplicate	gvpv	1	nat_0ce4f366361b92c40e72
shuffled_nat_96a553e6661e35871697	51cb9b58a7e92f86d1af9694502593645289511506e5e1c8946b35cdc6ebaada	108	fail			0.0			gvpj	1.5		0.0	0.0	unsupported	no_qualified_subfamily_hit		1.5	shuffled	gvpv	1	nat_96a553e6661e35871697
truncated_nat_96a553e6661e35871697	bad7aee3dfcc4f7b4abbf28d8f3f309bd0c97091f871be519a8def030c540367	36	fail			0.0			gvpv	24.3		0.0	0.0	unsupported	no_qualified_subfamily_hit			truncated	gvpv	1	nat_96a553e6661e35871697
exact_duplicate_nat_96a553e6661e35871697	96a553e6661e358716976b266a2174afcdc29d94776099a7897d0ccbb2a0926f	108	fail			0.0	gvpv	67.9	gvpk	11.5	56.400000000000006	0.8715596330275229	0.8148148148148148	other_gvp	competitive_gvpv_support	1.9	3.4	exact_duplicate	gvpv	1	nat_96a553e6661e35871697
shuffled_nat_5af1dad025fd9ae899db	b5e709969e61879474eacd4855c4392cf737017b3ea86f5551a57a215a67e248	105	fail			0.0			gvpk	4.6		0.0	0.0	unsupported	no_qualified_subfamily_hit	2.8	1.9	shuffled	gvpv	1	nat_5af1dad025fd9ae899db
truncated_nat_5af1dad025fd9ae899db	624b217e65b6d542b42611989325655f049b818a8022a04c981ea56de8af5434	35	fail			0.0						0.0	0.0	unsupported	no_qualified_subfamily_hit			truncated	gvpv	1	nat_5af1dad025fd9ae899db
exact_duplicate_nat_5af1dad025fd9ae899db	5af1dad025fd9ae899db41ad7b8dc1623c1abbe95043034d41c967efc99e469b	105	fail			0.0			gvpv	14.5		0.0	0.0	unsupported	no_qualified_subfamily_hit	2.0	5.3	exact_duplicate	gvpv	1	nat_5af1dad025fd9ae899db
shuffled_nat_04ce3ef0cebc48437e9d	4ac5c096f92e395cbbc9f182fbd2e0b793c66868235e3333327185b2c5097859	101	fail			0.0			gvpj	0.8		0.0	0.0	unsupported	no_qualified_subfamily_hit		0.8	shuffled	gvpv	1	nat_04ce3ef0cebc48437e9d
truncated_nat_04ce3ef0cebc48437e9d	cd249337f7899a8ab49042b405f4918d362b5da8c66b90ad8b43dcc02ccb79df	33	fail			0.0			gvpv	18.9		0.0	0.0	unsupported	no_qualified_subfamily_hit	1.0	0.8	truncated	gvpv	1	nat_04ce3ef0cebc48437e9d
exact_duplicate_nat_04ce3ef0cebc48437e9d	04ce3ef0cebc48437e9dab45331fa8b489d598f7ea93b3de202a5f96baadeb22	101	fail			0.0	gvpv	71.6	gvpc	7.2	64.39999999999999	0.981651376146789	0.9603960396039604	other_gvp	competitive_gvpv_support	0.4	1.0	exact_duplicate	gvpv	1	nat_04ce3ef0cebc48437e9d
shuffled_nat_ba4b60d40b6ab3ab87c7	39447eae9f18dbc374d95a325de88a53e836567cf16db8b8e4e297baa70125bd	85	fail			0.0			gvpg	5.4		0.0	0.0	unsupported	no_qualified_subfamily_hit			shuffled	gvpg	1	nat_ba4b60d40b6ab3ab87c7
truncated_nat_ba4b60d40b6ab3ab87c7	930fd9f5002342ca93f23822e707e3e539756a1429a3efcb1645a42447621256	28	fail			0.0			gvpg	42.3		0.0	0.0	unsupported	no_qualified_subfamily_hit			truncated	gvpg	1	nat_ba4b60d40b6ab3ab87c7
exact_duplicate_nat_ba4b60d40b6ab3ab87c7	ba4b60d40b6ab3ab87c7514f2650a0be67a7eb841c794dfd02ea742d6934cbbd	85	fail			0.0	gvpg	113.4	gvpf	105.9	7.5	0.9879518072289156	0.9764705882352941	unsupported	insufficient_competitive_margin	1.4	2.3	exact_duplicate	gvpg	1	nat_ba4b60d40b6ab3ab87c7
shuffled_nat_600cc7dd0b3564219e23	444a9d1f36a002d32d48514811072dfe0bf6d33051dfa6c3c7f149c2b1337608	84	fail			0.0			gvpk	2.5		0.0	0.0	unsupported	no_qualified_subfamily_hit		1.1	shuffled	gvpf	1	nat_600cc7dd0b3564219e23
truncated_nat_600cc7dd0b3564219e23	a5e565c3c2bf2bd5ed9764b5b97377074fd33e2788c9e1364d3d74a2ddb2e5f5	28	fail			0.0			gvpf	40.3		0.0	0.0	unsupported	no_qualified_subfamily_hit			truncated	gvpf	1	nat_600cc7dd0b3564219e23
exact_duplicate_nat_600cc7dd0b3564219e23	600cc7dd0b3564219e23b1d0af0909c4ac76f4b145d9d15fb86c0b643a7a8862	84	fail			0.0	gvpf	147.9	gvpg	131.4	16.5	0.9880952380952381	0.9880952380952381	other_gvp	competitive_gvpf_support	2.0	2.7	exact_duplicate	gvpf	1	nat_600cc7dd0b3564219e23
shuffled_nat_155ce5a12a657fff67bd	cc4881ea29c3d66e959fe9eeb0e7c39ee61a47e799de77b97f7598ea13af5a74	84	fail			0.0			gvpg	4.0		0.0	0.0	unsupported	no_qualified_subfamily_hit			shuffled	gvpg	1	nat_155ce5a12a657fff67bd
truncated_nat_155ce5a12a657fff67bd	d7aa59578fedc32656e8ae2810f6aecd234b6b3ffe7b2b0124178da1d5f0577d	28	fail			0.0			gvpg	43.5		0.0	0.0	unsupported	no_qualified_subfamily_hit			truncated	gvpg	1	nat_155ce5a12a657fff67bd
exact_duplicate_nat_155ce5a12a657fff67bd	155ce5a12a657fff67bd266320e287661cbafe7f935361f68b4a3b713eab08b0	84	fail			0.0	gvpg	121.1	gvpf	115.0	6.099999999999994	0.9879518072289156	0.9880952380952381	unsupported	insufficient_competitive_margin	1.7	2.3	exact_duplicate	gvpg	1	nat_155ce5a12a657fff67bd
shuffled_nat_0400bc6bebe746f9e951	6e9cc2a7a79a1b1f4ffc4c1a914c164406baca2229bb6b77952657b2e8c4f515	84	fail			0.0			gvpk	1.9		0.0	0.0	unsupported	no_qualified_subfamily_hit			shuffled	gvpg	1	nat_0400bc6bebe746f9e951
truncated_nat_0400bc6bebe746f9e951	fd52d0a392d53b5fa03fb091202fea6b2c04e715dee33314b13429f0aacc9477	28	fail			0.0			gvpg	33.0		0.0	0.0	unsupported	no_qualified_subfamily_hit			truncated	gvpg	1	nat_0400bc6bebe746f9e951
exact_duplicate_nat_0400bc6bebe746f9e951	0400bc6bebe746f9e951a68c88bc53de15febcdae261b5b4e074993d1901a719	84	fail			0.0	gvpg	128.5	gvpf	109.7	18.799999999999997	1.0	0.9880952380952381	other_gvp	competitive_gvpg_support	1.1	1.9	exact_duplicate	gvpg	1	nat_0400bc6bebe746f9e951
shuffled_nat_4bb2d1867476b81ae8d0	1bd0a0b2bd2ad6795c2226547f28393035b875d74f306926508973195cbe47f4	84	fail			0.0			gvpc	9.6		0.0	0.0	unsupported	no_qualified_subfamily_hit	0.4	0.1	shuffled	gvpg	1	nat_4bb2d1867476b81ae8d0
truncated_nat_4bb2d1867476b81ae8d0	ed56187ba4cf99d9f9a4c17e457fe69634a64f2ad80ab01e1d91126c71856642	28	fail			0.0			gvpg	43.8		0.0	0.0	unsupported	no_qualified_subfamily_hit			truncated	gvpg	1	nat_4bb2d1867476b81ae8d0
exact_duplicate_nat_4bb2d1867476b81ae8d0	4bb2d1867476b81ae8d0c66018e6337619543a126a2714d3a63063decfe90aad	84	fail			0.0	gvpg	130.7	gvpf	117.6	13.099999999999994	1.0	1.0	other_gvp	competitive_gvpg_support	2.2	3.9	exact_duplicate	gvpg	1	nat_4bb2d1867476b81ae8d0
shuffled_nat_d5d2b89b08562340fb40	c53b493bdb2b8b1042ca5126969f98c13e76c8d29000fe79e668ea5a89575303	84	fail			0.0			gvpj	0.8		0.0	0.0	unsupported	no_qualified_subfamily_hit		0.8	shuffled	gvpg	1	nat_d5d2b89b08562340fb40
truncated_nat_d5d2b89b08562340fb40	9d1f7f6873ac44f44a165b839952ee12d9ae5325e2a8153fbc8c5656b1e57f9f	28	fail			0.0			gvpf	43.4		0.0	0.0	unsupported	no_qualified_subfamily_hit			truncated	gvpg	1	nat_d5d2b89b08562340fb40
exact_duplicate_nat_d5d2b89b08562340fb40	d5d2b89b08562340fb40d3a57fc3a9969a8be419bb2661f6d5c26f692be9481a	84	fail			0.0	gvpf	128.0	gvpg	126.0	2.0	1.0	1.0	unsupported	insufficient_competitive_margin	0.9	1.3	exact_duplicate	gvpg	1	nat_d5d2b89b08562340fb40
nat_b55ecf6ba9a45824ac09	b55ecf6ba9a45824ac0902d9417c3d45586c40e90b417ea9d3dd2efec02697a5	143	pass	61.8	62.3	1.0	gvpa	121.1	gvpj	85.9	35.19999999999999	0.7175572519083969	0.6573426573426573	supported_gvpa	pf00741_and_competitive_gvpa_support	121.1	85.9	natural_heldout	gvpa	2	nat_b55ecf6ba9a45824ac09
nat_bbaedab282a048e849b5	bbaedab282a048e849b5f7ba2a3fd16f9f5e2f612426ba2ccdfdd490ac6b80dc	92	pass	54.9	55.4	1.0			gvpa	124.7		0.0	0.0	unsupported	no_qualified_subfamily_hit	124.7	90.5	natural_heldout	gvpa	2	nat_bbaedab282a048e849b5
nat_39696a92cfeac6f208a2	39696a92cfeac6f208a255a5ec1c7cae2a4ce2a68c1bd57acb083ca27b8585bb	78	pass	53.6	54.0	1.0			gvpa	122.2		0.0	0.0	unsupported	no_qualified_subfamily_hit	122.2	83.4	natural_heldout	gvpa	2	nat_39696a92cfeac6f208a2
nat_728d4a20bb169ff7ae28	728d4a20bb169ff7ae2861700c0866b80279630b2ad500072229c4d700f14351	92	pass	54.9	55.4	1.0			gvpa	124.8		0.0	0.0	unsupported	no_qualified_subfamily_hit	124.8	91.6	natural_heldout	gvpa	2	nat_728d4a20bb169ff7ae28
nat_b06d07bf5a6f8cc59b30	b06d07bf5a6f8cc59b307cc74668a4565b178a5b51a0e3498d4c26987650035e	92	pass	54.9	55.5	1.0			gvpa	124.0		0.0	0.0	unsupported	no_qualified_subfamily_hit	124.0	92.3	natural_heldout	gvpa	2	nat_b06d07bf5a6f8cc59b30
nat_910f1df4ae7a7e4e1292	910f1df4ae7a7e4e12922ebde6fee24297fb90f39eea052693cdac7ba54d0304	83	pass	52.0	52.4	1.0			gvpa	118.8		0.0	0.0	unsupported	no_qualified_subfamily_hit	118.8	90.3	natural_heldout	gvpa	2	nat_910f1df4ae7a7e4e1292
nat_0fc8bfe28907ef9fa5eb	0fc8bfe28907ef9fa5eb6ba06eadb9186ee00c3cd615714110e142bfd5e0793d	70	pass	59.0	59.3	1.0			gvpa	123.8		0.0	0.0	unsupported	no_qualified_subfamily_hit	123.8	88.8	natural_heldout	gvpa	2	nat_0fc8bfe28907ef9fa5eb
nat_484b097725196d6613d9	484b097725196d6613d9eef612aabe13e2fc6914100808e8038b38b39a3ebbaa	69	pass	58.5	58.8	1.0			gvpa	110.7		0.0	0.0	unsupported	no_qualified_subfamily_hit	110.7	84.0	natural_heldout	gvpa	2	nat_484b097725196d6613d9
nat_8029e604ce9dbbf533bc	8029e604ce9dbbf533bc34063c6ae4a15adebb3aec2e326641ead510af02f069	83	pass	54.3	54.7	1.0	gvpj	84.6	gvpa	122.8	-38.2	0.6666666666666666	0.9036144578313253	gvpa_gvpj_ambiguous	insufficient_competitive_margin	122.8	84.6	natural_heldout	gvpa	2	nat_8029e604ce9dbbf533bc
nat_a95d48deca9746ef575e	a95d48deca9746ef575ec2c96132f2d3026053b85173ca7aeafa62b090fafe87	83	pass	54.3	54.7	1.0	gvpj	86.1	gvpa	123.7	-37.60000000000001	0.6666666666666666	0.9036144578313253	gvpa_gvpj_ambiguous	insufficient_competitive_margin	123.7	86.1	natural_heldout	gvpa	2	nat_a95d48deca9746ef575e
nat_c0e3f34d82aab8fda872	c0e3f34d82aab8fda8726713aa4d0f05d8d0c58a7216b71e0372b7862d480ca1	72	pass	60.4	60.8	1.0			gvpa	115.0		0.0	0.0	unsupported	no_qualified_subfamily_hit	115.0	88.0	natural_heldout	gvpa	2	nat_c0e3f34d82aab8fda872
nat_13dff233b6dfd04cb79c	13dff233b6dfd04cb79ca09d72c28e71d76c7ac1c59a0f75ad568a11420b75ee	76	pass	50.8	51.2	1.0			gvpa	121.3		0.0	0.0	unsupported	no_qualified_subfamily_hit	121.3	83.3	natural_heldout	gvpa	2	nat_13dff233b6dfd04cb79c
nat_5ce032d4beb5b5581c61	5ce032d4beb5b5581c618476a58270e695b96c865b52dc4ae6b923e37a3377cd	81	pass	49.9	50.4	0.9743589743589743			gvpa	110.3		0.0	0.0	unsupported	no_qualified_subfamily_hit	110.3	79.9	natural_heldout	gvpa	2	nat_5ce032d4beb5b5581c61
nat_d405e6b9ae2292467032	d405e6b9ae22924670320e0579207148579619ea65916597eaa9e3b155853a8e	83	pass	54.3	54.7	1.0	gvpj	86.2	gvpa	123.5	-37.3	0.6666666666666666	0.9036144578313253	gvpa_gvpj_ambiguous	insufficient_competitive_margin	123.5	86.2	natural_heldout	gvpa	2	nat_d405e6b9ae2292467032
nat_e6ccc21f1ec1a2362fcf	e6ccc21f1ec1a2362fcf83865db79b02072bd4e4854c8eedc5c7f7b0246d5719	88	pass	54.5	54.9	1.0	gvpj	93.7	gvpa	129.5	-35.8	0.6036036036036037	0.7613636363636364	gvpa_gvpj_ambiguous	insufficient_competitive_margin	129.5	93.7	natural_heldout	gvpa	2	nat_e6ccc21f1ec1a2362fcf
nat_a66f240c8435d5f7eedc	a66f240c8435d5f7eedc413fda6c233e960d22ae30577f0ce510087aea050816	83	pass	52.0	52.4	1.0			gvpa	119.6		0.0	0.0	unsupported	no_qualified_subfamily_hit	119.6	89.4	natural_heldout	gvpa	2	nat_a66f240c8435d5f7eedc
nat_a30535db979f7cb9b9d1	a30535db979f7cb9b9d1575d743d64af85db6ff38f04fbd94a72d974ac906c20	83	pass	55.2	55.6	1.0			gvpa	124.8		0.0	0.0	unsupported	no_qualified_subfamily_hit	124.8	91.6	natural_heldout	gvpa	2	nat_a30535db979f7cb9b9d1
nat_8400e38ff12b62b40e03	8400e38ff12b62b40e03f973a10e92c50343db146d03ee3461eae584e02f49fc	83	pass	52.0	52.4	1.0			gvpa	115.9		0.0	0.0	unsupported	no_qualified_subfamily_hit	115.9	87.1	natural_heldout	gvpa	2	nat_8400e38ff12b62b40e03
nat_76384a42f96a6dc0ed31	76384a42f96a6dc0ed31f4335ecfed20e5f4a9f030a106c3909a844c5b9db10c	80	pass	54.9	55.2	1.0	gvpj	93.3	gvpa	130.2	-36.89999999999999	0.6216216216216216	0.8625	gvpa_gvpj_ambiguous	insufficient_competitive_margin	130.2	93.3	natural_heldout	gvpa	2	nat_76384a42f96a6dc0ed31
nat_1d2eaab6bc1405efd0c8	1d2eaab6bc1405efd0c8e5ab7312219bec44e62cde1589a104d7f3122aeaceec	87	pass	54.6	55.0	1.0	gvpj	92.5	gvpa	127.8	-35.3	0.6126126126126126	0.7816091954022989	gvpa_gvpj_ambiguous	insufficient_competitive_margin	127.8	92.5	natural_heldout	gvpa	2	nat_1d2eaab6bc1405efd0c8
nat_24eac37b8142531de647	24eac37b8142531de647d95b040f3bb74e20b109dd515dd14a422c5a046f198c	59	pass	54.7	55.0	0.9230769230769231			gvpa	108.8		0.0	0.0	unsupported	no_qualified_subfamily_hit	108.8	77.9	natural_heldout	gvpa	2	nat_24eac37b8142531de647
nat_651deda52eb485d5380e	651deda52eb485d5380e11d0bd0c580df38f654881a05e859441303cd3690fbc	75	pass	53.0	53.4	1.0			gvpa	117.1		0.0	0.0	unsupported	no_qualified_subfamily_hit	117.1	82.8	natural_heldout	gvpa	2	nat_651deda52eb485d5380e
nat_fc382b09fdd1c909c75c	fc382b09fdd1c909c75ca87f66ed2c98f5b6601cc069a0d6df8ae25285c11467	93	pass	45.2	45.6	1.0	gvpa	125.1	gvpj	82.0	43.099999999999994	0.6641221374045801	0.9139784946236559	supported_gvpa	pf00741_and_competitive_gvpa_support	125.1	82.0	natural_heldout	gvpa	2	nat_fc382b09fdd1c909c75c
nat_cee0ef3ec2a72c042398	cee0ef3ec2a72c0423980c1c808f76590d56140814367b61d4a668a7bebd3e90	92	pass	53.0	53.5	1.0			gvpa	124.4		0.0	0.0	unsupported	no_qualified_subfamily_hit	124.4	90.6	natural_heldout	gvpa	2	nat_cee0ef3ec2a72c042398
nat_90c029da4514f00630c7	90c029da4514f00630c70095fc4ebe43ac03b1f8aab9ac3a1687d196c4f38373	81	pass	52.9	53.5	1.0	gvpj	86.8	gvpa	121.3	-34.5	0.6306306306306306	0.8641975308641975	gvpa_gvpj_ambiguous	insufficient_competitive_margin	121.3	86.8	natural_heldout	gvpa	2	nat_90c029da4514f00630c7
nat_d7b124bfad426ab2d29d	d7b124bfad426ab2d29dac93db4cf9c6631690473c55133a110d3b15c719533b	70	pass	59.9	60.2	1.0			gvpa	108.5		0.0	0.0	unsupported	no_qualified_subfamily_hit	108.5	83.8	natural_heldout	gvpa	2	nat_d7b124bfad426ab2d29d
nat_0b5cd7683d0975317579	0b5cd7683d09753175798c62619ea564033e5f158ba14359919e46d521384fcf	72	pass	55.9	56.2	1.0			gvpa	112.0		0.0	0.0	unsupported	no_qualified_subfamily_hit	112.0	85.5	natural_heldout	gvpa	2	nat_0b5cd7683d0975317579
nat_1ca802048c4a6cd9dca3	1ca802048c4a6cd9dca398191c084cfbc6061238919610b015007080f09a9f15	76	pass	60.8	61.2	1.0			gvpa	124.6		0.0	0.0	unsupported	no_qualified_subfamily_hit	124.6	88.9	natural_heldout	gvpa	2	nat_1ca802048c4a6cd9dca3
nat_6cd6a14977934f64979a	6cd6a14977934f64979a41a3771d6fe7e8dad157178bbbd3409fe43630cb5a41	73	pass	53.1	53.5	1.0			gvpa	115.8		0.0	0.0	unsupported	no_qualified_subfamily_hit	115.8	83.8	natural_heldout	gvpa	2	nat_6cd6a14977934f64979a
nat_86ebca091b9272e65750	86ebca091b9272e657505efec988aa8e3dc5f76d49029f1af44bbb42ef160807	75	pass	53.0	53.3	1.0	gvpj	90.3	gvpa	118.0	-27.700000000000003	0.6036036036036037	0.88	gvpa_gvpj_ambiguous	insufficient_competitive_margin	118.0	90.3	natural_heldout	gvpa	2	nat_86ebca091b9272e65750
nat_c88f9ffff90291b15602	c88f9ffff90291b1560233f546b76e54fc9da0f6bafb9239779bc03168c818ea	70	pass	61.0	61.3	1.0			gvpa	105.8		0.0	0.0	unsupported	no_qualified_subfamily_hit	105.8	82.6	natural_heldout	gvpa	2	nat_c88f9ffff90291b15602
nat_10268ee8450e0bb5a453	10268ee8450e0bb5a4533dd0737c1855e098f5e675543a0dbaa927c55ecb3d54	73	pass	53.4	53.7	1.0			gvpa	117.8		0.0	0.0	unsupported	no_qualified_subfamily_hit	117.8	86.6	natural_heldout	gvpa	2	nat_10268ee8450e0bb5a453
nat_2b3e3d2d5bed050505a1	2b3e3d2d5bed050505a18c825d05bdeef9ed0a305324a5ff0a3ab44addd80e16	70	pass	61.0	61.3	1.0			gvpa	107.2		0.0	0.0	unsupported	no_qualified_subfamily_hit	107.2	84.8	natural_heldout	gvpa	2	nat_2b3e3d2d5bed050505a1
nat_f87e80c34ba5c8c8909b	f87e80c34ba5c8c8909bbdd240615676baff89720ec7c271d2c949964d53bfc2	87	pass	55.9	56.3	1.0	gvpj	91.7	gvpa	125.5	-33.8	0.6846846846846847	0.8850574712643678	gvpa_gvpj_ambiguous	insufficient_competitive_margin	125.5	91.7	natural_heldout	gvpa	2	nat_f87e80c34ba5c8c8909b
nat_38b03f42eea75fbcc3e0	38b03f42eea75fbcc3e05c70be0e2c7ed52af564e56f9e4974caed8e9dd2d76f	97	pass	57.2	57.6	0.9487179487179487	gvpa	125.5	gvpj	86.7	38.8	0.6259541984732825	0.8247422680412371	supported_gvpa	pf00741_and_competitive_gvpa_support	125.5	86.7	natural_heldout	gvpa	2	nat_38b03f42eea75fbcc3e0
nat_044a3e6477173de21b19	044a3e6477173de21b191f88651098a6ddd5f3ea0f8288b883ad9f9d97c83ee6	90	pass	56.8	57.2	0.9743589743589743	gvpj	93.0	gvpa	129.2	-36.19999999999999	0.6396396396396397	0.7888888888888889	gvpa_gvpj_ambiguous	insufficient_competitive_margin	129.2	93.0	natural_heldout	gvpa	2	nat_044a3e6477173de21b19
nat_6b94719ca1a990ee1d8f	6b94719ca1a990ee1d8f7fe4a2780bb99c98d3599cd6abe8080921d204b422e4	87	pass	55.4	55.8	1.0	gvpj	85.8	gvpa	126.1	-40.3	0.7117117117117117	0.9310344827586207	gvpa_gvpj_ambiguous	insufficient_competitive_margin	126.1	85.8	natural_heldout	gvpa	2	nat_6b94719ca1a990ee1d8f
nat_970873de163a6ff8ee05	970873de163a6ff8ee058480a3869a5416b54bf5594fe27fbb5156104085a425	88	pass	59.4	59.9	1.0	gvpj	91.1	gvpa	130.2	-39.099999999999994	0.6936936936936937	0.8977272727272727	gvpa_gvpj_ambiguous	insufficient_competitive_margin	130.2	91.1	natural_heldout	gvpa	2	nat_970873de163a6ff8ee05
nat_440c141d3d83ed043c33	440c141d3d83ed043c333614417693fd89f0dfdca16a4ae6872273ea898aeb50	76	pass	51.4	51.9	1.0			gvpa	119.6		0.0	0.0	unsupported	no_qualified_subfamily_hit	119.6	83.6	natural_heldout	gvpa	2	nat_440c141d3d83ed043c33
nat_5d20f105b230fcb464d1	5d20f105b230fcb464d172f5f60beb5d3a0433f4d04c11d7e3b12442a0876f1f	78	pass	52.8	53.2	1.0			gvpa	123.5		0.0	0.0	unsupported	no_qualified_subfamily_hit	123.5	84.1	natural_heldout	gvpa	2	nat_5d20f105b230fcb464d1
nat_d510c78ee6fcdf216c53	d510c78ee6fcdf216c53533c629c59216f4c727253280f4b8b6d62982d117c64	70	pass	61.0	61.3	1.0			gvpa	105.9		0.0	0.0	unsupported	no_qualified_subfamily_hit	105.9	82.7	natural_heldout	gvpa	2	nat_d510c78ee6fcdf216c53
nat_4f811102c58fb8e77080	4f811102c58fb8e77080f5dd3e87eca3f86feb91a847119b6ffe487ef0fe11f1	78	pass	57.6	58.0	1.0			gvpa	124.4		0.0	0.0	unsupported	no_qualified_subfamily_hit	124.4	88.5	natural_heldout	gvpa	2	nat_4f811102c58fb8e77080
nat_d8adf42b87bd05b02f3c	d8adf42b87bd05b02f3cc763ff67149aa0c8b5efa9a22382983adb8ec3fcbe16	70	pass	58.1	58.4	1.0			gvpa	103.5		0.0	0.0	unsupported	no_qualified_subfamily_hit	103.5	80.7	natural_heldout	gvpa	2	nat_d8adf42b87bd05b02f3c
nat_d9b751580230ca0e5773	d9b751580230ca0e5773c57e4ce813ad00b52f3d761de387a4ceb48a8b983c68	85	pass	55.3	55.7	1.0	gvpj	84.8	gvpa	119.7	-34.900000000000006	0.6486486486486487	0.8705882352941177	gvpa_gvpj_ambiguous	insufficient_competitive_margin	119.7	84.8	natural_heldout	gvpa	2	nat_d9b751580230ca0e5773
nat_4132d6e9996d37d7483a	4132d6e9996d37d7483a43399d0cf509931b6bc7ffe8affe4d8014ed5a994667	92	pass	59.3	59.7	1.0	gvpa	132.8	gvpj	94.2	38.60000000000001	0.6412213740458015	0.8913043478260869	supported_gvpa	pf00741_and_competitive_gvpa_support	132.8	94.2	natural_heldout	gvpa	2	nat_4132d6e9996d37d7483a
nat_fd90bc846ac4fc169df6	fd90bc846ac4fc169df6b72c6d79f22f65e19b6288aa31b62ee0ef2b7fbcbd95	92	pass	52.0	52.5	1.0	gvpj	91.2	gvpa	128.2	-36.999999999999986	0.6666666666666666	0.8260869565217391	gvpa_gvpj_ambiguous	insufficient_competitive_margin	128.2	91.2	natural_heldout	gvpa	2	nat_fd90bc846ac4fc169df6
nat_3dd2d389f45d6f0511d2	3dd2d389f45d6f0511d21268defb0f34c51a26455c8e3504fb137cf688b87ebe	93	pass	52.8	53.3	1.0	gvpj	91.0	gvpa	129.0	-38.0	0.6486486486486487	0.7956989247311828	gvpa_gvpj_ambiguous	insufficient_competitive_margin	129.0	91.0	natural_heldout	gvpa	2	nat_3dd2d389f45d6f0511d2
nat_7b672bf4b057eba2ffac	7b672bf4b057eba2ffac19a77bca9f9a17a008432a90a5b77201f2e6c3cc6e24	120	pass	53.0	53.4	0.9743589743589743	gvpa	130.5	gvpj	97.4	33.099999999999994	0.7862595419847328	0.8833333333333333	supported_gvpa	pf00741_and_competitive_gvpa_support	130.5	97.4	natural_heldout	gvpa	2	nat_7b672bf4b057eba2ffac
nat_98f6b86d7ec22351f587	98f6b86d7ec22351f58755ea2828f25a3b1ca8417fd303b5540b3d023933b12d	94	pass	53.4	53.8	1.0	gvpa	127.9	gvpj	85.0	42.900000000000006	0.6259541984732825	0.851063829787234	supported_gvpa	pf00741_and_competitive_gvpa_support	127.9	85.0	natural_heldout	gvpa	2	nat_98f6b86d7ec22351f587
nat_4a87fc740463a61b2d05	4a87fc740463a61b2d05a11bcb05ac53e96820f7fa9f523dbb26076210cd1f90	109	pass	50.2	50.6	1.0	gvpa	125.0	gvpj	89.2	35.8	0.6641221374045801	0.8256880733944955	supported_gvpa	pf00741_and_competitive_gvpa_support	125.0	89.2	natural_heldout	gvpa	2	nat_4a87fc740463a61b2d05
nat_bc61cfaf37743c96bcc0	bc61cfaf37743c96bcc099f173009a97501e9412f819aabc6f95ac7091dec987	93	pass	59.2	59.6	1.0	gvpa	133.5	gvpj	93.4	40.099999999999994	0.6641221374045801	0.946236559139785	supported_gvpa	pf00741_and_competitive_gvpa_support	133.5	93.4	natural_heldout	gvpa	2	nat_bc61cfaf37743c96bcc0
nat_5577d4ac8367231fcec5	5577d4ac8367231fcec50f83da91db8ca882c0dc8629ac4a66b76fa0e8de5f57	93	pass	52.4	52.9	1.0	gvpj	92.6	gvpa	130.2	-37.599999999999994	0.6756756756756757	0.8279569892473119	gvpa_gvpj_ambiguous	insufficient_competitive_margin	130.2	92.6	natural_heldout	gvpa	2	nat_5577d4ac8367231fcec5
nat_c5a4c69d0879da5e6614	c5a4c69d0879da5e661497a4711c5ba745137829a29919810698fe674bd10d27	97	pass	51.9	52.2	1.0	gvpa	126.7	gvpj	85.9	40.8	0.6106870229007634	0.8350515463917526	supported_gvpa	pf00741_and_competitive_gvpa_support	126.7	85.9	natural_heldout	gvpa	2	nat_c5a4c69d0879da5e6614
nat_53979ea823175001b77b	53979ea823175001b77b6bbf60f4288bd1629111bcc1c87c4ca10c6e175c17e6	95	pass	55.6	56.0	1.0	gvpj	88.1	gvpa	127.1	-39.0	0.6846846846846847	0.8210526315789474	gvpa_gvpj_ambiguous	insufficient_competitive_margin	127.1	88.1	natural_heldout	gvpa	2	nat_53979ea823175001b77b
nat_b28a6bed955c267791e6	b28a6bed955c267791e6d3709c242af34793b4f5066cb44d244505ac9d8b631f	109	pass	50.2	50.6	1.0	gvpa	124.7	gvpj	88.8	35.900000000000006	0.6106870229007634	0.7614678899082569	supported_gvpa	pf00741_and_competitive_gvpa_support	124.7	88.8	natural_heldout	gvpa	2	nat_b28a6bed955c267791e6
nat_0a5813d34fb4f832fd7d	0a5813d34fb4f832fd7d9748d68c12fae82607f9da230322e66fab8afe74727b	95	pass	54.8	55.2	1.0	gvpj	88.2	gvpa	128.3	-40.10000000000001	0.6936936936936937	0.8315789473684211	gvpa_gvpj_ambiguous	insufficient_competitive_margin	128.3	88.2	natural_heldout	gvpa	2	nat_0a5813d34fb4f832fd7d
nat_7a11e816ce4f33f127ab	7a11e816ce4f33f127ab672bd7fd1e087ce3ae422a271ad4ba9ba60d9ffcbb18	79	pass	55.8	56.1	1.0			gvpa	128.9		0.0	0.0	unsupported	no_qualified_subfamily_hit	128.9	90.2	natural_heldout	gvpa	2	nat_7a11e816ce4f33f127ab
nat_abe747a6a02da3a854f9	abe747a6a02da3a854f904f55ae2e270b0dcfdd0a91bb243b8122f76ca1b6701	86	pass	52.3	52.7	1.0			gvpa	113.9		0.0	0.0	unsupported	no_qualified_subfamily_hit	113.9	78.0	natural_heldout	gvpa	2	nat_abe747a6a02da3a854f9
nat_04e4c15b93bd18832d36	04e4c15b93bd18832d3624d3cab0dd8efc526ba0885dbef36d4312b17746e305	84	pass	55.9	56.3	1.0	gvpj	89.7	gvpa	124.2	-34.5	0.6396396396396397	0.8571428571428571	gvpa_gvpj_ambiguous	insufficient_competitive_margin	124.2	89.7	natural_heldout	gvpa	2	nat_04e4c15b93bd18832d36
nat_161cd7e3295f80b2452b	161cd7e3295f80b2452b83f5cd010d94c013909fe0747f2f6b00f5f4bb0eaa2c	84	pass	55.9	56.3	1.0	gvpj	89.9	gvpa	124.2	-34.3	0.6396396396396397	0.8571428571428571	gvpa_gvpj_ambiguous	insufficient_competitive_margin	124.2	89.9	natural_heldout	gvpa	2	nat_161cd7e3295f80b2452b
nat_3ca11356bba8d59e0a37	3ca11356bba8d59e0a3715bee43b09845f1c7879f899f72959aa2bcf59603f68	93	pass	44.4	44.7	1.0	gvpa	126.5	gvpj	83.4	43.099999999999994	0.6564885496183206	0.9032258064516129	supported_gvpa	pf00741_and_competitive_gvpa_support	126.5	83.4	natural_heldout	gvpa	2	nat_3ca11356bba8d59e0a37
nat_7d1d4ec0845163a487d6	7d1d4ec0845163a487d66c420796f6482ca852eab0c9282b03fc0c125ba15dd8	88	pass	59.4	59.9	1.0	gvpj	89.9	gvpa	129.1	-39.19999999999999	0.6846846846846847	0.8863636363636364	gvpa_gvpj_ambiguous	insufficient_competitive_margin	129.1	89.9	natural_heldout	gvpa	2	nat_7d1d4ec0845163a487d6
nat_4d627ec7ce40cceb1d25	4d627ec7ce40cceb1d25b3a543fe91316e6bb43c760ea864dc599f514738fc0f	78	pass	57.2	57.6	1.0			gvpa	124.5		0.0	0.0	unsupported	no_qualified_subfamily_hit	124.5	88.6	natural_heldout	gvpa	2	nat_4d627ec7ce40cceb1d25
nat_4a610b8daff21e476288	4a610b8daff21e47628899f45527e056a293252b40315ad74c35fae02520e728	85	pass	54.4	54.8	1.0	gvpj	91.4	gvpa	128.3	-36.900000000000006	0.6666666666666666	0.8941176470588236	gvpa_gvpj_ambiguous	insufficient_competitive_margin	128.3	91.4	natural_heldout	gvpa	2	nat_4a610b8daff21e476288
nat_34e09ae9d7236edc844b	34e09ae9d7236edc844bd9d7cb469e7a24024a380d0d79604cbdba31a25abe91	85	pass	56.9	57.2	1.0	gvpj	91.1	gvpa	125.6	-34.5	0.6846846846846847	0.9176470588235294	gvpa_gvpj_ambiguous	insufficient_competitive_margin	125.6	91.1	natural_heldout	gvpa	2	nat_34e09ae9d7236edc844b
nat_7a647eeb22ff0d5a70c4	7a647eeb22ff0d5a70c492e0cc4e2f6fa633b6f6ed86ea29d1c01f39229a5f62	97	pass	54.4	54.9	1.0	gvpa	128.4	gvpj	88.6	39.80000000000001	0.648854961832061	0.8969072164948454	supported_gvpa	pf00741_and_competitive_gvpa_support	128.4	88.6	natural_heldout	gvpa	2	nat_7a647eeb22ff0d5a70c4
nat_42d774e2b731f8e5de6a	42d774e2b731f8e5de6ac1393aff775d6bee92ee1cc3dbf92e88a48dff3f6728	93	pass	44.4	44.8	1.0	gvpa	125.9	gvpj	82.0	43.900000000000006	0.6564885496183206	0.9032258064516129	supported_gvpa	pf00741_and_competitive_gvpa_support	125.9	82.0	natural_heldout	gvpa	2	nat_42d774e2b731f8e5de6a
nat_373d638b02f47e751a57	373d638b02f47e751a57c41721893eb012f9c8426d44eccf9a30d2d9afd3030c	95	pass	54.8	55.2	1.0	gvpj	87.6	gvpa	127.9	-40.30000000000001	0.6846846846846847	0.8210526315789474	gvpa_gvpj_ambiguous	insufficient_competitive_margin	127.9	87.6	natural_heldout	gvpa	2	nat_373d638b02f47e751a57
nat_873dfd59523575571c0b	873dfd59523575571c0b5a852b23c36dbfdd894fd7b15dc4d7d0328398c94192	85	pass	56.3	56.8	1.0	gvpa	126.7	gvpj	84.9	41.8	0.6030534351145038	0.9411764705882353	supported_gvpa	pf00741_and_competitive_gvpa_support	126.7	84.9	natural_heldout	gvpa	2	nat_873dfd59523575571c0b
nat_cac8cf4903b24e69aca8	cac8cf4903b24e69aca846877fc06700a4c359f2f91bccf0bc18d01efd85d458	76	pass	52.9	53.3	1.0			gvpa	123.4		0.0	0.0	unsupported	no_qualified_subfamily_hit	123.4	83.6	natural_heldout	gvpa	2	nat_cac8cf4903b24e69aca8
nat_2a93193629740c6b70af	2a93193629740c6b70afaf073c3de7dac6d79ebf780c22b99addd3e1a8872350	76	pass	52.0	52.4	1.0			gvpa	123.5		0.0	0.0	unsupported	no_qualified_subfamily_hit	123.5	85.1	natural_heldout	gvpa	2	nat_2a93193629740c6b70af
nat_200ecff40f6b83ca60f9	200ecff40f6b83ca60f947ac373e44b4fa429130e9e83ff16612f1f26cfc3724	93	pass	44.4	44.7	1.0	gvpa	126.2	gvpj	83.0	43.2	0.648854961832061	0.8924731182795699	supported_gvpa	pf00741_and_competitive_gvpa_support	126.2	83.0	natural_heldout	gvpa	2	nat_200ecff40f6b83ca60f9
nat_9fd0842a53e077dc147a	9fd0842a53e077dc147a850cd8d6e3deb845fe96e9ea825b3c2e830bac3b6ea8	111	pass	50.2	50.6	1.0	gvpa	124.9	gvpj	88.8	36.10000000000001	0.6641221374045801	0.8108108108108109	supported_gvpa	pf00741_and_competitive_gvpa_support	124.9	88.8	natural_heldout	gvpa	2	nat_9fd0842a53e077dc147a
nat_b872ca2d5a2d145dce35	b872ca2d5a2d145dce354d36d77e70eb10a08b2055989b6d954f684f6957713d	90	pass	58.4	58.8	1.0	gvpa	130.3	gvpj	94.0	36.30000000000001	0.6412213740458015	0.9111111111111111	supported_gvpa	pf00741_and_competitive_gvpa_support	130.3	94.0	natural_heldout	gvpa	2	nat_b872ca2d5a2d145dce35
nat_bf0dfc6c51956e5d54f7	bf0dfc6c51956e5d54f7904eabcfda2aca05adff69b9fb1a544c2635718dc258	78	pass	49.9	50.3	1.0			gvpa	119.3		0.0	0.0	unsupported	no_qualified_subfamily_hit	119.3	83.1	natural_heldout	gvpa	2	nat_bf0dfc6c51956e5d54f7
nat_13cb78a146ca0e28f916	13cb78a146ca0e28f916d09fa12a36f962f1909dec115df8c0e38ff362f9dc82	94	pass	49.3	50.3	0.9487179487179487			gvpa	105.1		0.0	0.0	unsupported	no_qualified_subfamily_hit	105.1	72.7	natural_heldout	gvpa	2	nat_13cb78a146ca0e28f916
nat_019e8d05123166c4099d	019e8d05123166c4099d1d78d61a60881e08c412015de540a5f80e9c1fb5164f	86	pass	57.8	58.3	1.0	gvpj	91.3	gvpa	132.2	-40.89999999999999	0.6576576576576577	0.8372093023255814	gvpa_gvpj_ambiguous	insufficient_competitive_margin	132.2	91.3	natural_heldout	gvpa	2	nat_019e8d05123166c4099d
nat_7bd6d00159b2d7ed0289	7bd6d00159b2d7ed0289baf8dbbc0ebb56120ef74e8b85de6d4ae75633b37760	87	pass	57.2	57.6	1.0	gvpj	93.0	gvpa	130.6	-37.599999999999994	0.6846846846846847	0.8620689655172413	gvpa_gvpj_ambiguous	insufficient_competitive_margin	130.6	93.0	natural_heldout	gvpa	2	nat_7bd6d00159b2d7ed0289
nat_fb877ea45a36f28c6227	fb877ea45a36f28c6227d2338b208ab1161a2a4e796a6f84a45bb7d0af97d97c	87	pass	55.9	56.3	1.0	gvpj	92.6	gvpa	126.2	-33.60000000000001	0.6846846846846847	0.8850574712643678	gvpa_gvpj_ambiguous	insufficient_competitive_margin	126.2	92.6	natural_heldout	gvpa	2	nat_fb877ea45a36f28c6227
nat_06a18e8f389879fa7357	06a18e8f389879fa735770e4aa811f6d1182d4ca43d77b59e264dea099199cab	85	pass	50.6	50.9	0.9487179487179487			gvpa	110.2		0.0	0.0	unsupported	no_qualified_subfamily_hit	110.2	74.6	natural_heldout	gvpa	2	nat_06a18e8f389879fa7357
nat_f7dbe09f7bde0afd3543	f7dbe09f7bde0afd35430a77ff43add3b256326bed36cfc07fed23d5822002be	76	pass	54.8	55.2	1.0			gvpa	123.6		0.0	0.0	unsupported	no_qualified_subfamily_hit	123.6	85.0	natural_heldout	gvpa	2	nat_f7dbe09f7bde0afd3543
nat_766d45336d56f5b42f24	766d45336d56f5b42f24327e8017dcef111a6d0d9ef09d065ff599ed28c3610e	79	pass	53.6	54.0	1.0			gvpa	123.7		0.0	0.0	unsupported	no_qualified_subfamily_hit	123.7	84.3	natural_heldout	gvpa	2	nat_766d45336d56f5b42f24
nat_49cef355c6ba3187ae5c	49cef355c6ba3187ae5c9104097887f71b46d34a1bb4fd051de140f31dbffc07	76	pass	50.9	51.3	0.9743589743589743			gvpa	122.4		0.0	0.0	unsupported	no_qualified_subfamily_hit	122.4	82.6	natural_heldout	gvpa	2	nat_49cef355c6ba3187ae5c
nat_6dc60142a293ec7c6dcb	6dc60142a293ec7c6dcbc27c09b6bd4ab18fe21e29a4c461e5c54fe81310b371	87	pass	55.9	56.3	1.0	gvpj	93.2	gvpa	126.6	-33.39999999999999	0.6846846846846847	0.8850574712643678	gvpa_gvpj_ambiguous	insufficient_competitive_margin	126.6	93.2	natural_heldout	gvpa	2	nat_6dc60142a293ec7c6dcb
nat_145768217677e4dfa78e	145768217677e4dfa78ed5dde6674fe0ca135ad06080e9e3798a31edb3c3e23c	78	pass	52.8	53.2	1.0			gvpa	124.0		0.0	0.0	unsupported	no_qualified_subfamily_hit	124.0	84.4	natural_heldout	gvpa	2	nat_145768217677e4dfa78e
nat_a84874ccf2cf9f12a8ef	a84874ccf2cf9f12a8eff022b9f61b67400be272b175425a21b81f17d3deea8e	70	pass	59.2	59.6	1.0			gvpa	111.5		0.0	0.0	unsupported	no_qualified_subfamily_hit	111.5	82.4	natural_heldout	gvpa	2	nat_a84874ccf2cf9f12a8ef
nat_21fd512873a52dc47991	21fd512873a52dc47991989d4a44dcc25431d3e22a3b8e5d29da536fa12bac79	92	pass	54.9	55.4	1.0			gvpa	124.7		0.0	0.0	unsupported	no_qualified_subfamily_hit	124.7	90.6	natural_heldout	gvpa	2	nat_21fd512873a52dc47991
nat_7c1ee34913e269628b61	7c1ee34913e269628b618a114cee0c9a5db90412949ae6bff681672ba1b795b8	92	pass	54.9	55.4	1.0			gvpa	124.7		0.0	0.0	unsupported	no_qualified_subfamily_hit	124.7	91.6	natural_heldout	gvpa	2	nat_7c1ee34913e269628b61
nat_aca6770bcb5a580c4c2a	aca6770bcb5a580c4c2ac6637a904e7b633ef4df91ea3eb56d8c300998abf82c	70	pass	58.3	58.6	1.0			gvpa	102.4		0.0	0.0	unsupported	no_qualified_subfamily_hit	102.4	79.3	natural_heldout	gvpa	2	nat_aca6770bcb5a580c4c2a
nat_3f956a2c7b90437404b4	3f956a2c7b90437404b414f68a0c290ad3faf7be1a5a024f647a75176008e10a	70	pass	60.2	60.5	1.0			gvpa	106.8		0.0	0.0	unsupported	no_qualified_subfamily_hit	106.8	81.7	natural_heldout	gvpa	2	nat_3f956a2c7b90437404b4
nat_29752096fb51cc573566	29752096fb51cc573566c94e21ddee0921c9c57323cf37953e3e169fafe49253	70	pass	56.7	57.0	1.0			gvpa	112.1		0.0	0.0	unsupported	no_qualified_subfamily_hit	112.1	85.9	natural_heldout	gvpa	2	nat_29752096fb51cc573566
nat_ffe402200c3540873462	ffe402200c35408734624cdf77db492d9f2756a9c6eb3dd610b96d01c197f010	62	pass	60.6	60.9	1.0			gvpa	115.0		0.0	0.0	unsupported	no_qualified_subfamily_hit	115.0	82.9	natural_heldout	gvpa	2	nat_ffe402200c3540873462
nat_1e293b4cbe670455f7f8	1e293b4cbe670455f7f8a800cee3e09eec812c1e8a7734b881c6106066db3309	59	pass	55.8	56.1	0.9487179487179487			gvpa	107.9		0.0	0.0	unsupported	no_qualified_subfamily_hit	107.9	77.8	natural_heldout	gvpa	2	nat_1e293b4cbe670455f7f8
nat_f23561e6e1591a764c15	f23561e6e1591a764c152cb943827e18ac9929ba20aab72913f891d580b9c56c	62	pass	60.1	60.3	1.0			gvpa	118.3		0.0	0.0	unsupported	no_qualified_subfamily_hit	118.3	84.2	natural_heldout	gvpa	2	nat_f23561e6e1591a764c15
nat_fff3fdcc3af814966f5b	fff3fdcc3af814966f5bf1119daf90d2f9adae5efc6d8efd86dfdda6c1724b28	59	pass	60.3	60.5	1.0			gvpa	118.4		0.0	0.0	unsupported	no_qualified_subfamily_hit	118.4	85.0	natural_heldout	gvpa	2	nat_fff3fdcc3af814966f5b
nat_c98671ca28ab9cb8f04c	c98671ca28ab9cb8f04cae21231ffdd6c177743f85112a951dc5b7ecbdbe98d4	69	pass	53.0	53.5	1.0			gvpa	113.9		0.0	0.0	unsupported	no_qualified_subfamily_hit	113.9	81.6	natural_heldout	gvpa	2	nat_c98671ca28ab9cb8f04c
nat_399c6c7f39b6c9cf5ad5	399c6c7f39b6c9cf5ad57037cc9d099acc0691f6eb1695ba4f607a70ccca826c	70	pass	62.7	63.1	1.0			gvpa	106.6		0.0	0.0	unsupported	no_qualified_subfamily_hit	106.6	86.3	natural_heldout	gvpa	2	nat_399c6c7f39b6c9cf5ad5
nat_d9e7adf0f15523b79bb7	d9e7adf0f15523b79bb71f4b9e86898a470abfd3037e9de253b5b81e9e7b03c8	73	pass	52.7	53.0	1.0			gvpa	117.6		0.0	0.0	unsupported	no_qualified_subfamily_hit	117.6	84.6	natural_heldout	gvpa	2	nat_d9e7adf0f15523b79bb7
nat_45f439ecd52873031578	45f439ecd52873031578853dd0e7bf7349fee43600e6b3b27eacb8600dc66198	71	pass	60.6	60.9	1.0			gvpa	109.5		0.0	0.0	unsupported	no_qualified_subfamily_hit	109.5	86.1	natural_heldout	gvpa	2	nat_45f439ecd52873031578
nat_86a1bb384f8aaccbe24a	86a1bb384f8aaccbe24ac604258d445da780447c431c6d24cc785e6ec4dc5a3f	82	pass	47.7	48.1	1.0			gvpa	115.0		0.0	0.0	unsupported	no_qualified_subfamily_hit	115.0	84.0	natural_heldout	gvpa	2	nat_86a1bb384f8aaccbe24a
nat_da651a0a7b69341f23f4	da651a0a7b69341f23f4d46ee3c805e350ea3d98b94f0f4fe8704ffafe281576	80	pass	53.7	54.1	1.0	gvpj	90.9	gvpa	125.4	-34.5	0.6216216216216216	0.8625	gvpa_gvpj_ambiguous	insufficient_competitive_margin	125.4	90.9	natural_heldout	gvpa	2	nat_da651a0a7b69341f23f4
nat_2d95495542132d4c6c5b	2d95495542132d4c6c5b10419e4dcfa8c4f2ecd30e7d29a132528f7090062773	60	pass	56.7	57.0	0.9743589743589743			gvpa	113.9		0.0	0.0	unsupported	no_qualified_subfamily_hit	113.9	81.6	natural_heldout	gvpa	2	nat_2d95495542132d4c6c5b
nat_68d62db14d5f1911f6ac	68d62db14d5f1911f6ac8ff9bb45e58ec4dd1943686990174f214a41d639ffa7	92	pass	54.9	55.4	1.0			gvpa	124.7		0.0	0.0	unsupported	no_qualified_subfamily_hit	124.7	90.7	natural_heldout	gvpa	2	nat_68d62db14d5f1911f6ac
nat_3256fc90422610c7f8cc	3256fc90422610c7f8cc0a145238e190ca06dd23a58996a7b90a413e590e2e97	74	pass	52.6	52.9	1.0	gvpj	85.2	gvpa	118.4	-33.2	0.6036036036036037	0.9054054054054054	gvpa_gvpj_ambiguous	insufficient_competitive_margin	118.4	85.2	natural_heldout	gvpa	2	nat_3256fc90422610c7f8cc
nat_e7817d8ef39a8df0fcfd	e7817d8ef39a8df0fcfde6f2281f94ef0d214cbe50dd040a7bffeef7741c2c48	92	pass	54.9	55.4	1.0			gvpa	123.4		0.0	0.0	unsupported	no_qualified_subfamily_hit	123.4	90.0	natural_heldout	gvpa	2	nat_e7817d8ef39a8df0fcfd
nat_8e2e16185848c52bf74f	8e2e16185848c52bf74f0b2ae60f4b5a57547e238cf8fdb907e2f0056555b7e4	68	pass	60.3	60.7	1.0			gvpa	117.6		0.0	0.0	unsupported	no_qualified_subfamily_hit	117.6	84.0	natural_heldout	gvpa	2	nat_8e2e16185848c52bf74f
nat_28fa7b3d2875a180443b	28fa7b3d2875a180443b1cbb62a5fdb104fc20c017c17f0b1d42ba1f0796363c	68	pass	60.3	60.7	1.0			gvpa	115.2		0.0	0.0	unsupported	no_qualified_subfamily_hit	115.2	82.5	natural_heldout	gvpa	2	nat_28fa7b3d2875a180443b
nat_5232d22b275d6456aae5	5232d22b275d6456aae5dc4a6edaafcfcd87cefacf6cd7a043cb5e19bcebe450	61	pass	57.9	58.1	0.9743589743589743			gvpa	114.5		0.0	0.0	unsupported	no_qualified_subfamily_hit	114.5	82.2	natural_heldout	gvpa	2	nat_5232d22b275d6456aae5
nat_f65bb2c7a1c06eb690c4	f65bb2c7a1c06eb690c41d6add3becb8b971747d7fca540ad9464387cce9731a	92	pass	53.1	53.6	1.0			gvpa	122.6		0.0	0.0	unsupported	no_qualified_subfamily_hit	122.6	88.3	natural_heldout	gvpa	2	nat_f65bb2c7a1c06eb690c4
nat_fb842fc4ca3ea6c7b170	fb842fc4ca3ea6c7b170e9b7ce77ec3aa1d61dbdd09fca433c1baa3e1dd32bd5	70	pass	58.4	58.7	1.0			gvpa	104.0		0.0	0.0	unsupported	no_qualified_subfamily_hit	104.0	81.7	natural_heldout	gvpa	2	nat_fb842fc4ca3ea6c7b170
nat_8bb6c5a9c15b53104f77	8bb6c5a9c15b53104f77ac1bade4b9eede346be437816743b1b4bde55ca0ab93	72	pass	56.2	56.6	1.0			gvpa	113.3		0.0	0.0	unsupported	no_qualified_subfamily_hit	113.3	85.9	natural_heldout	gvpa	2	nat_8bb6c5a9c15b53104f77
nat_2a7c812c0104b829da2d	2a7c812c0104b829da2d234606ef194cd7b0120f827141d8cde79846a87cb82f	74	pass	51.9	52.2	1.0			gvpa	117.0		0.0	0.0	unsupported	no_qualified_subfamily_hit	117.0	84.4	natural_heldout	gvpa	2	nat_2a7c812c0104b829da2d
nat_799d6db27c80e0e7903b	799d6db27c80e0e7903b54ad527181939a651dfc8b92e7f2257826540396fe56	71	pass	50.7	51.0	1.0			gvpa	115.0		0.0	0.0	unsupported	no_qualified_subfamily_hit	115.0	83.9	natural_heldout	gvpa	2	nat_799d6db27c80e0e7903b
nat_ea394d0f8102113c7b58	ea394d0f8102113c7b586c4600bada1b0b8307f146bf34f34b415e1a1541a3e7	70	pass	58.4	58.7	1.0			gvpa	106.4		0.0	0.0	unsupported	no_qualified_subfamily_hit	106.4	82.4	natural_heldout	gvpa	2	nat_ea394d0f8102113c7b58
nat_b7cd847cd6fe1a7829cf	b7cd847cd6fe1a7829cf7f792c343b0f31ac830aa92de43035ec3efcffa0c69c	72	pass	51.7	52.0	1.0			gvpa	120.7		0.0	0.0	unsupported	no_qualified_subfamily_hit	120.7	85.0	natural_heldout	gvpa	2	nat_b7cd847cd6fe1a7829cf
nat_5ab45ad51e4b3b910fd8	5ab45ad51e4b3b910fd8c1746a4567c486de46a44aed731199d0ca87ee20ae2d	73	pass	51.7	52.0	1.0			gvpa	121.4		0.0	0.0	unsupported	no_qualified_subfamily_hit	121.4	85.5	natural_heldout	gvpa	2	nat_5ab45ad51e4b3b910fd8
nat_81137907f8a802f93802	81137907f8a802f938023314709afb0593221134347bae7f1e414c65dc4cb3d8	115	pass	57.5	57.9	1.0	gvpa	132.0	gvpj	101.3	30.700000000000003	0.816793893129771	0.8869565217391304	supported_gvpa	pf00741_and_competitive_gvpa_support	132.0	101.3	natural_heldout	gvpa	2	nat_81137907f8a802f93802
nat_5999831f394b80c75901	5999831f394b80c759013cff8d5244a8fdce37763825e9e54f6d0f8238f6853d	70	pass	59.0	59.3	1.0			gvpa	116.9		0.0	0.0	unsupported	no_qualified_subfamily_hit	116.9	87.0	natural_heldout	gvpa	2	nat_5999831f394b80c75901
nat_398b1c22d526b2f32567	398b1c22d526b2f32567fe21c2089cb78667eae574f99061bf43c7a7a6d3afc3	90	pass	54.5	54.8	1.0	gvpj	94.6	gvpa	130.1	-35.5	0.6486486486486487	0.8	gvpa_gvpj_ambiguous	insufficient_competitive_margin	130.1	94.6	natural_heldout	gvpa	2	nat_398b1c22d526b2f32567
nat_5fa036ca3723472605e8	5fa036ca3723472605e8fb1e56518c5f6df815f2774260b75dd1bedf9b7712e5	70	pass	61.3	61.6	1.0			gvpa	107.1		0.0	0.0	unsupported	no_qualified_subfamily_hit	107.1	85.4	natural_heldout	gvpa	2	nat_5fa036ca3723472605e8
nat_2685b9267d2b1a0083b0	2685b9267d2b1a0083b07f35892aa0bd99f8ce2ff4c12d81c480c23f22ee9ccb	70	pass	59.5	59.8	1.0			gvpa	110.1		0.0	0.0	unsupported	no_qualified_subfamily_hit	110.1	82.6	natural_heldout	gvpa	2	nat_2685b9267d2b1a0083b0
nat_8b73be19e1760871e605	8b73be19e1760871e605ab2c6e9d9e9d0237e022a68a462d4e69f4378b032985	70	pass	54.4	54.7	1.0			gvpa	118.9		0.0	0.0	unsupported	no_qualified_subfamily_hit	118.9	84.0	natural_heldout	gvpa	2	nat_8b73be19e1760871e605
nat_db099662bae325b9438c	db099662bae325b9438c8704241b3f81f3d5dde85209ef4f6468d134754f5dd8	72	pass	56.6	56.9	1.0			gvpa	112.6		0.0	0.0	unsupported	no_qualified_subfamily_hit	112.6	86.3	natural_heldout	gvpa	2	nat_db099662bae325b9438c
nat_a6afc902cb295160c5db	a6afc902cb295160c5db8606444b6dda5d9b591dd8a52303b79fa0c87b58528c	70	pass	60.1	60.4	1.0			gvpa	104.3		0.0	0.0	unsupported	no_qualified_subfamily_hit	104.3	79.4	natural_heldout	gvpa	2	nat_a6afc902cb295160c5db
nat_205609067b26bcd62eb1	205609067b26bcd62eb11fef51c60bef3fa1b206aaae303129191b1769af587b	70	pass	60.6	60.9	1.0			gvpa	107.8		0.0	0.0	unsupported	no_qualified_subfamily_hit	107.8	84.9	natural_heldout	gvpa	2	nat_205609067b26bcd62eb1
nat_9d4c1039a70fe9d54d51	9d4c1039a70fe9d54d51603d86522e77a859eae4bc5104b364eef074e89390df	70	pass	60.5	60.8	1.0			gvpa	107.9		0.0	0.0	unsupported	no_qualified_subfamily_hit	107.9	83.9	natural_heldout	gvpa	2	nat_9d4c1039a70fe9d54d51
nat_08d35b42e1d455774e7b	08d35b42e1d455774e7bdc375cb4bb3676095ffadfa3847765171a218a1ee815	70	pass	60.2	60.5	1.0			gvpa	103.5		0.0	0.0	unsupported	no_qualified_subfamily_hit	103.5	80.3	natural_heldout	gvpa	2	nat_08d35b42e1d455774e7b
nat_c2cecfd096d8648b9858	c2cecfd096d8648b9858e80f01b818999793807dfbcae89a893769641c4de412	54	pass	46.7	47.0	0.8205128205128205			gvpa	100.0		0.0	0.0	unsupported	no_qualified_subfamily_hit	100.0	70.1	natural_heldout	gvpa	2	nat_c2cecfd096d8648b9858
nat_0a2d13805329602d008b	0a2d13805329602d008b5be6e073dbd519acbef026d5c3797790c26c01ff5187	70	pass	60.1	60.4	1.0			gvpa	104.9		0.0	0.0	unsupported	no_qualified_subfamily_hit	104.9	80.1	natural_heldout	gvpa	2	nat_0a2d13805329602d008b
nat_d2a9cf80c0a0a91432b1	d2a9cf80c0a0a91432b1b11d844eb7a81eed05bdb56f6140a039c17851dc38dc	70	pass	60.6	60.9	1.0			gvpa	108.5		0.0	0.0	unsupported	no_qualified_subfamily_hit	108.5	85.5	natural_heldout	gvpa	2	nat_d2a9cf80c0a0a91432b1
nat_23e4974582ff9055b537	23e4974582ff9055b537c85d1c7d9bfa148bb0c89ff5e6bfcce6b9dbd5215816	67	pass	61.8	62.1	1.0			gvpa	119.4		0.0	0.0	unsupported	no_qualified_subfamily_hit	119.4	86.1	natural_heldout	gvpa	2	nat_23e4974582ff9055b537
nat_0ec42fc31cce1915953a	0ec42fc31cce1915953a69fe753ae7209efb1a24ce77db6ad3956126cc16571f	67	pass	61.8	62.1	1.0			gvpa	118.9		0.0	0.0	unsupported	no_qualified_subfamily_hit	118.9	85.9	natural_heldout	gvpa	2	nat_0ec42fc31cce1915953a
nat_48837acd9988d5a6289d	48837acd9988d5a6289d0d312e5a2a0fba16154b3eb0d2bc4447a6f783bf1f0f	70	pass	60.2	60.6	1.0			gvpa	109.0		0.0	0.0	unsupported	no_qualified_subfamily_hit	109.0	84.0	natural_heldout	gvpa	2	nat_48837acd9988d5a6289d
nat_b1ead8162da63f55d1d6	b1ead8162da63f55d1d62aad886afa5920a751a7dc6eeb39d86d3b4805b4f9b8	70	pass	56.2	56.5	1.0			gvpa	114.0		0.0	0.0	unsupported	no_qualified_subfamily_hit	114.0	83.5	natural_heldout	gvpa	2	nat_b1ead8162da63f55d1d6
nat_391901271c49a6d9d54b	391901271c49a6d9d54b42505e0ac2fca4b89baac5f4a103e91f1d4b3d472107	73	pass	55.3	55.7	1.0			gvpa	118.7		0.0	0.0	unsupported	no_qualified_subfamily_hit	118.7	84.0	natural_heldout	gvpa	2	nat_391901271c49a6d9d54b
nat_706052693e14c0674d09	706052693e14c0674d094441410ac70f0fdcf9d319fc8f976e9fbab329e2e05e	74	pass	53.1	53.4	1.0			gvpa	116.4		0.0	0.0	unsupported	no_qualified_subfamily_hit	116.4	81.9	natural_heldout	gvpa	2	nat_706052693e14c0674d09
nat_cd1db2b9b825a77adf97	cd1db2b9b825a77adf976a844e61a41e984ced1856c3c21d3a272461756d06e0	70	pass	63.5	63.8	1.0			gvpa	117.5		0.0	0.0	unsupported	no_qualified_subfamily_hit	117.5	90.5	natural_heldout	gvpa	2	nat_cd1db2b9b825a77adf97
nat_130e62fc868ae20abbc4	130e62fc868ae20abbc4d7ff1b393afceecf214e482dae49a68d7adeac27391d	70	pass	59.9	60.3	1.0			gvpa	107.6		0.0	0.0	unsupported	no_qualified_subfamily_hit	107.6	83.1	natural_heldout	gvpa	2	nat_130e62fc868ae20abbc4
nat_a7888708ef06ff429137	a7888708ef06ff429137b5f90bcf29a5554288781fc3ac1aa1956a940f6dfeff	145	pass	60.8	61.1	1.0	gvpj	102.3	gvpa	67.8	34.5	0.6846846846846847	0.6137931034482759	other_gvp	competitive_gvpj_support	67.8	102.3	natural_heldout	gvpa	2	nat_a7888708ef06ff429137
nat_18287ab709e4536a8a89	18287ab709e4536a8a89739dfa9e9f242eae4affc02341a97ddfbf290ac97055	150	pass	46.1	46.6	0.9743589743589743	gvpa	149.3	gvpj	94.7	54.60000000000001	0.916030534351145	0.86	supported_gvpa	pf00741_and_competitive_gvpa_support	149.3	94.7	natural_heldout	gvpa	2	nat_18287ab709e4536a8a89
nat_ee49db0244212648bdd1	ee49db0244212648bdd1fda85e226cd6c0bc04512141e0154eb7083f183b50dd	66	pass	61.6	61.9	1.0			gvpa	119.4		0.0	0.0	unsupported	no_qualified_subfamily_hit	119.4	86.4	natural_heldout	gvpa	2	nat_ee49db0244212648bdd1
nat_219e1145c7c5f874f9d7	219e1145c7c5f874f9d797ec77f60d84bedf5ec098c216185b4d62eb20b62e9e	154	pass	43.2	43.6	1.0	gvpa	151.2	gvpj	87.2	63.999999999999986	0.9389312977099237	0.8246753246753247	supported_gvpa	pf00741_and_competitive_gvpa_support	151.2	87.2	natural_heldout	gvpa	2	nat_219e1145c7c5f874f9d7
nat_7b9e043074608d733fa7	7b9e043074608d733fa72c2d1537a85a9f066180f066c7dccb48472069ce640e	154	pass	44.3	44.7	1.0	gvpa	148.8	gvpj	89.4	59.400000000000006	0.9312977099236641	0.8116883116883117	supported_gvpa	pf00741_and_competitive_gvpa_support	148.8	89.4	natural_heldout	gvpa	2	nat_7b9e043074608d733fa7
nat_93acd62cda39262797de	93acd62cda39262797de612ea5c4652847758913fa8ff8c766e84ebd13a17f87	160	pass	43.1	43.5	1.0	gvpa	146.5	gvpj	90.4	56.099999999999994	0.9312977099236641	0.81875	supported_gvpa	pf00741_and_competitive_gvpa_support	146.5	90.4	natural_heldout	gvpa	2	nat_93acd62cda39262797de
nat_81c712b2f98895c40a2d	81c712b2f98895c40a2ddd233e82cd441e197a9c3c238140dfe93eb144babaad	152	pass	43.5	43.9	1.0	gvpa	149.8	gvpj	90.2	59.60000000000001	0.9083969465648855	0.8421052631578947	supported_gvpa	pf00741_and_competitive_gvpa_support	149.8	90.2	natural_heldout	gvpa	2	nat_81c712b2f98895c40a2d
nat_ef77ab19922de7e129e4	ef77ab19922de7e129e43468cb5c67555d8a6b3ccb4912115f09a8c1095d9614	137	pass	46.4	46.8	0.9743589743589743	gvpa	154.9	gvpj	93.3	61.60000000000001	0.9618320610687023	0.927007299270073	supported_gvpa	pf00741_and_competitive_gvpa_support	154.9	93.3	natural_heldout	gvpa	2	nat_ef77ab19922de7e129e4
nat_79581e5ad6e56e668c37	79581e5ad6e56e668c373d7a8b72d6f1f5bc979c5b275abb52d9467871b3da6e	136	pass	46.4	46.8	0.9743589743589743	gvpa	152.4	gvpj	93.9	58.5	0.9541984732824428	0.9191176470588235	supported_gvpa	pf00741_and_competitive_gvpa_support	152.4	93.9	natural_heldout	gvpa	2	nat_79581e5ad6e56e668c37
nat_4075663fb7fccb3ebc0a	4075663fb7fccb3ebc0adf1a37c09e3ab3747f488537032590352bbfd4453fa8	136	pass	47.6	48.0	1.0	gvpa	151.8	gvpj	92.8	59.000000000000014	0.9694656488549618	0.9411764705882353	supported_gvpa	pf00741_and_competitive_gvpa_support	151.8	92.8	natural_heldout	gvpa	2	nat_4075663fb7fccb3ebc0a
nat_45d8bf8bea0b0845fea0	45d8bf8bea0b0845fea0454ddcc5aeef60886812481cab811e7b2c5e31b593c1	139	pass	50.5	51.1	0.9743589743589743	gvpa	149.0	gvpj	96.6	52.400000000000006	0.9083969465648855	0.8776978417266187	supported_gvpa	pf00741_and_competitive_gvpa_support	149.0	96.6	natural_heldout	gvpa	2	nat_45d8bf8bea0b0845fea0
nat_5d7c3d0594612da43ea2	5d7c3d0594612da43ea22e75595e807f8d301c7b38eca653a97700234387055e	137	pass	52.3	52.9	0.9743589743589743	gvpa	155.3	gvpj	100.6	54.70000000000002	0.8854961832061069	0.8321167883211679	supported_gvpa	pf00741_and_competitive_gvpa_support	155.3	100.6	natural_heldout	gvpa	2	nat_5d7c3d0594612da43ea2
nat_6de015df518c3c1fe74e	6de015df518c3c1fe74ecd4388d4d19c8bd5a22504a8df8f403053f664419105	116	pass	57.5	57.9	1.0	gvpa	136.7	gvpj	102.5	34.19999999999999	0.8396946564885496	0.9310344827586207	supported_gvpa	pf00741_and_competitive_gvpa_support	136.7	102.5	natural_heldout	gvpa	2	nat_6de015df518c3c1fe74e
nat_4469cb3e6c41fb1309a3	4469cb3e6c41fb1309a310573d010aa354b164353318ad7adc1b75671a984659	148	pass	43.3	43.7	1.0	gvpa	150.0	gvpj	92.9	57.099999999999994	0.9083969465648855	0.8648648648648649	supported_gvpa	pf00741_and_competitive_gvpa_support	150.0	92.9	natural_heldout	gvpa	2	nat_4469cb3e6c41fb1309a3
nat_8a4162d5996844339fef	8a4162d5996844339fefcc7949127c12b1face55cf3ba1afda2a99f8bb5ad3a5	135	pass	54.9	55.6	1.0	gvpa	150.0	gvpj	101.2	48.8	0.9007633587786259	0.8518518518518519	supported_gvpa	pf00741_and_competitive_gvpa_support	150.0	101.2	natural_heldout	gvpa	2	nat_8a4162d5996844339fef
nat_e3ae3cb5783250fb742f	e3ae3cb5783250fb742fb71fd41788066eafe4e9503a858545a216b3b1c140a9	155	pass	43.2	43.6	1.0	gvpa	150.9	gvpj	87.8	63.10000000000001	0.9312977099236641	0.8258064516129032	supported_gvpa	pf00741_and_competitive_gvpa_support	150.9	87.8	natural_heldout	gvpa	2	nat_e3ae3cb5783250fb742f
nat_9c7fbca4e03cd6830bf2	9c7fbca4e03cd6830bf22f375f47a20a578d93a8f16380964946093df4e4685f	146	pass	43.7	44.1	1.0	gvpa	151.1	gvpj	89.4	61.69999999999999	0.9312977099236641	0.8835616438356164	supported_gvpa	pf00741_and_competitive_gvpa_support	151.1	89.4	natural_heldout	gvpa	2	nat_9c7fbca4e03cd6830bf2
nat_a781ed1499476fa04028	a781ed1499476fa04028456993ef07a195b09521cebe488ec92344ff87e2e2d5	151	pass	43.4	43.8	1.0	gvpa	150.7	gvpj	90.9	59.79999999999998	0.9007633587786259	0.8410596026490066	supported_gvpa	pf00741_and_competitive_gvpa_support	150.7	90.9	natural_heldout	gvpa	2	nat_a781ed1499476fa04028
nat_29fc4eacaf44be490bad	29fc4eacaf44be490badeadbce3c4cd75afe1507fe0e57c73f835b331eeefd20	154	pass	42.4	42.8	1.0	gvpa	152.1	gvpj	88.8	63.3	0.9465648854961832	0.8311688311688312	supported_gvpa	pf00741_and_competitive_gvpa_support	152.1	88.8	natural_heldout	gvpa	2	nat_29fc4eacaf44be490bad
nat_be1dac504153ecab385d	be1dac504153ecab385d6451585ae431c1a72f137cf109d97d662157c10dd226	154	pass	43.2	43.6	1.0	gvpa	151.9	gvpj	86.5	65.4	0.9312977099236641	0.8311688311688312	supported_gvpa	pf00741_and_competitive_gvpa_support	151.9	86.5	natural_heldout	gvpa	2	nat_be1dac504153ecab385d
nat_074f333dec93d43ec001	074f333dec93d43ec001ab5196dc8d9407e32e65e924082593fdfab9b32f9cc2	153	pass	43.6	44.0	1.0	gvpa	150.2	gvpj	88.6	61.599999999999994	0.9465648854961832	0.8366013071895425	supported_gvpa	pf00741_and_competitive_gvpa_support	150.2	88.6	natural_heldout	gvpa	2	nat_074f333dec93d43ec001
nat_70cf8e4638ff311302cb	70cf8e4638ff311302cb5ca8bdaf2b05615557c2718837bce8b58329e68c16b3	157	pass	43.3	43.7	1.0	gvpa	150.0	gvpj	89.6	60.400000000000006	0.9312977099236641	0.8343949044585988	supported_gvpa	pf00741_and_competitive_gvpa_support	150.0	89.6	natural_heldout	gvpa	2	nat_70cf8e4638ff311302cb
nat_4b01b5214abfe7d6396a	4b01b5214abfe7d6396a3eb166a64cd0d4023bda7fada08d77ce4076434a441f	153	pass	43.2	43.6	1.0	gvpa	151.3	gvpj	87.8	63.500000000000014	0.9312977099236641	0.8300653594771242	supported_gvpa	pf00741_and_competitive_gvpa_support	151.3	87.8	natural_heldout	gvpa	2	nat_4b01b5214abfe7d6396a
nat_d71b202a146af4e5c40e	d71b202a146af4e5c40e1d8651f7c026298b5e7307054da065294585b1a2834f	157	pass	42.2	42.7	1.0	gvpa	147.8	gvpj	89.6	58.20000000000002	0.9083969465648855	0.821656050955414	supported_gvpa	pf00741_and_competitive_gvpa_support	147.8	89.6	natural_heldout	gvpa	2	nat_d71b202a146af4e5c40e
nat_d69494036b1115ae54ae	d69494036b1115ae54ae393e4fc3b3c8b3154e29a8cc4f7d49c7bcabdaaca116	156	pass	43.4	43.7	1.0	gvpa	151.9	gvpj	86.0	65.9	0.9312977099236641	0.8333333333333334	supported_gvpa	pf00741_and_competitive_gvpa_support	151.9	86.0	natural_heldout	gvpa	2	nat_d69494036b1115ae54ae
nat_48a350d902c4c631f095	48a350d902c4c631f095b6d66737f2825d9eb62b9637b7f9290a69b11513f2c7	154	pass	43.4	43.8	1.0	gvpa	151.4	gvpj	88.2	63.2	0.9389312977099237	0.8376623376623377	supported_gvpa	pf00741_and_competitive_gvpa_support	151.4	88.2	natural_heldout	gvpa	2	nat_48a350d902c4c631f095
nat_8d5392221648a605a7c2	8d5392221648a605a7c200c6891205f9bc7671101816b410142de5be6593b9ad	134	pass	52.4	53.0	1.0	gvpa	155.4	gvpj	99.4	56.0	0.9007633587786259	0.8731343283582089	supported_gvpa	pf00741_and_competitive_gvpa_support	155.4	99.4	natural_heldout	gvpa	2	nat_8d5392221648a605a7c2
nat_8087f5ca80a883ecf2fd	8087f5ca80a883ecf2fdd2bdfb6fcfef49cd21c8132104cd0e31ff6f47bdfadc	141	pass	51.8	52.2	1.0	gvpa	148.3	gvpj	97.6	50.70000000000002	0.9389312977099237	0.8936170212765957	supported_gvpa	pf00741_and_competitive_gvpa_support	148.3	97.6	natural_heldout	gvpa	2	nat_8087f5ca80a883ecf2fd
nat_3997c1e8cae542beb07c	3997c1e8cae542beb07c015028a096879da4b6d8a654cba6edf95cbe386718b3	156	pass	43.1	43.5	1.0	gvpa	151.7	gvpj	86.0	65.69999999999999	0.9465648854961832	0.8269230769230769	supported_gvpa	pf00741_and_competitive_gvpa_support	151.7	86.0	natural_heldout	gvpa	2	nat_3997c1e8cae542beb07c
nat_67d45ce3d0daa27e3aa3	67d45ce3d0daa27e3aa3c9478875543a71c41471e413409d150d415759cb9525	156	pass	43.1	43.5	1.0	gvpa	151.7	gvpj	86.1	65.6	0.9465648854961832	0.8269230769230769	supported_gvpa	pf00741_and_competitive_gvpa_support	151.7	86.1	natural_heldout	gvpa	2	nat_67d45ce3d0daa27e3aa3
nat_c7e8400b87d18c0ef7e0	c7e8400b87d18c0ef7e0fce724bd3e50a675687052b9b2896b89fa9dc2806374	152	pass	43.4	43.8	1.0	gvpa	152.1	gvpj	90.6	61.5	0.9007633587786259	0.8421052631578947	supported_gvpa	pf00741_and_competitive_gvpa_support	152.1	90.6	natural_heldout	gvpa	2	nat_c7e8400b87d18c0ef7e0
nat_45b0f1ea69baf732de14	45b0f1ea69baf732de14489d7621432c589f3147754cf2a724ee76af338459bf	147	pass	43.7	44.1	1.0	gvpa	151.0	gvpj	86.9	64.1	0.916030534351145	0.8707482993197279	supported_gvpa	pf00741_and_competitive_gvpa_support	151.0	86.9	natural_heldout	gvpa	2	nat_45b0f1ea69baf732de14
nat_33d8dbb5443a9dadf56d	33d8dbb5443a9dadf56dd26ec9768c6243bb1b51920d6d16f721c17ca4f06646	157	pass	42.2	42.7	1.0	gvpa	149.0	gvpj	85.0	64.0	0.9312977099236641	0.821656050955414	supported_gvpa	pf00741_and_competitive_gvpa_support	149.0	85.0	natural_heldout	gvpa	2	nat_33d8dbb5443a9dadf56d
nat_9065be60727dc7f9b388	9065be60727dc7f9b38883de26c912c2e67f5ca2230e5b0a4fadad7b5578bff7	148	pass	43.6	44.1	1.0	gvpa	150.6	gvpj	91.0	59.599999999999994	0.916030534351145	0.8783783783783784	supported_gvpa	pf00741_and_competitive_gvpa_support	150.6	91.0	natural_heldout	gvpa	2	nat_9065be60727dc7f9b388
nat_cefd53f493008d2ff90c	cefd53f493008d2ff90c013a3bef3626dafd83b20c3f35464070601743941cab	159	pass	43.1	43.5	1.0	gvpa	149.0	gvpj	87.2	61.8	0.9312977099236641	0.8301886792452831	supported_gvpa	pf00741_and_competitive_gvpa_support	149.0	87.2	natural_heldout	gvpa	2	nat_cefd53f493008d2ff90c
nat_e3077655950eb8305d3c	e3077655950eb8305d3cf37e4839e30e88a91376f65493a909adb159a3d26f6b	153	pass	42.5	42.9	1.0	gvpa	151.9	gvpj	87.2	64.7	0.9389312977099237	0.8300653594771242	supported_gvpa	pf00741_and_competitive_gvpa_support	151.9	87.2	natural_heldout	gvpa	2	nat_e3077655950eb8305d3c
nat_47c6d3995b8146f9e99e	47c6d3995b8146f9e99e8398246c032f09511347b340131ac62fbd578b3785fd	155	pass	43.2	43.6	1.0	gvpa	150.4	gvpj	88.4	62.0	0.9312977099236641	0.8258064516129032	supported_gvpa	pf00741_and_competitive_gvpa_support	150.4	88.4	natural_heldout	gvpa	2	nat_47c6d3995b8146f9e99e
nat_51872cd8b900b7db59b4	51872cd8b900b7db59b4cb4c59f81cffbdf3d79cd890be22619e7a1259ad8788	153	pass	43.8	44.2	1.0	gvpa	144.8	gvpj	88.2	56.60000000000001	0.916030534351145	0.8169934640522876	supported_gvpa	pf00741_and_competitive_gvpa_support	144.8	88.2	natural_heldout	gvpa	2	nat_51872cd8b900b7db59b4
nat_9c754b1740d1977b7a29	9c754b1740d1977b7a29f9164e475cadaf302bb79ba19fbee1471c103818a6b9	155	pass	42.2	42.6	1.0	gvpa	146.7	gvpj	88.2	58.499999999999986	0.8931297709923665	0.832258064516129	supported_gvpa	pf00741_and_competitive_gvpa_support	146.7	88.2	natural_heldout	gvpa	2	nat_9c754b1740d1977b7a29
nat_0eb236c2a0a999a958fc	0eb236c2a0a999a958fc0e5ac90d917c24af942e904da8a6c29f20ec71e7cf1f	156	pass	43.1	43.5	1.0	gvpa	151.5	gvpj	86.3	65.2	0.9465648854961832	0.8269230769230769	supported_gvpa	pf00741_and_competitive_gvpa_support	151.5	86.3	natural_heldout	gvpa	2	nat_0eb236c2a0a999a958fc
nat_82ecae19af2538b973da	82ecae19af2538b973dae24801b116255741710c5edd54639b5b46a6e9ef5bf8	157	pass	42.2	42.7	1.0	gvpa	149.5	gvpj	85.5	64.0	0.9312977099236641	0.821656050955414	supported_gvpa	pf00741_and_competitive_gvpa_support	149.5	85.5	natural_heldout	gvpa	2	nat_82ecae19af2538b973da
nat_d53262c07427087628bb	d53262c07427087628bb5a498703d5d97e379e19f0caa81d058eaa98a59eb751	155	pass	43.2	43.6	1.0	gvpa	150.9	gvpj	87.8	63.10000000000001	0.9465648854961832	0.8258064516129032	supported_gvpa	pf00741_and_competitive_gvpa_support	150.9	87.8	natural_heldout	gvpa	2	nat_d53262c07427087628bb
nat_210e9a5f9b72676b9ce0	210e9a5f9b72676b9ce0414231b8690a99fbf64edbe8fd9feb7357e5592b915a	157	pass	42.2	42.7	1.0	gvpa	150.8	gvpj	86.6	64.20000000000002	0.9236641221374046	0.8152866242038217	supported_gvpa	pf00741_and_competitive_gvpa_support	150.8	86.6	natural_heldout	gvpa	2	nat_210e9a5f9b72676b9ce0
nat_6ee0ebbf185af1c7d346	6ee0ebbf185af1c7d3460764754f389d48c1ea9ffab11a5e7f9dcc9084296705	135	pass	54.2	55.1	1.0	gvpa	155.7	gvpj	101.0	54.69999999999999	0.8931297709923665	0.8518518518518519	supported_gvpa	pf00741_and_competitive_gvpa_support	155.7	101.0	natural_heldout	gvpa	2	nat_6ee0ebbf185af1c7d346
nat_31ec72d1a2119ce61d3a	31ec72d1a2119ce61d3ab1c9e881b91ab153f970f83c6bec9c667d411415707c	157	pass	42.2	42.7	1.0	gvpa	147.7	gvpj	89.4	58.29999999999998	0.9083969465648855	0.821656050955414	supported_gvpa	pf00741_and_competitive_gvpa_support	147.7	89.4	natural_heldout	gvpa	2	nat_31ec72d1a2119ce61d3a
nat_f5d47642f8821cca8f9a	f5d47642f8821cca8f9ae6329a4214c7befc7fa09fd18d127a835b12ef107cce	156	pass	43.1	43.5	1.0	gvpa	151.6	gvpj	85.2	66.39999999999999	0.9465648854961832	0.8269230769230769	supported_gvpa	pf00741_and_competitive_gvpa_support	151.6	85.2	natural_heldout	gvpa	2	nat_f5d47642f8821cca8f9a
nat_fb2578ea0ecaed2ea0af	fb2578ea0ecaed2ea0af684106804e701bda55c6acad0db623d791b8fbbb5933	157	pass	43.1	43.5	1.0	gvpa	151.3	gvpj	84.7	66.60000000000001	0.8854961832061069	0.8152866242038217	supported_gvpa	pf00741_and_competitive_gvpa_support	151.3	84.7	natural_heldout	gvpa	2	nat_fb2578ea0ecaed2ea0af
nat_ae1ae553d673be7a537f	ae1ae553d673be7a537f7df1b7fdc086f9c3132ced6a0e0e96c315e46a084408	157	pass	43.1	43.5	1.0	gvpa	152.0	gvpj	84.6	67.4	0.9312977099236641	0.8152866242038217	supported_gvpa	pf00741_and_competitive_gvpa_support	152.0	84.6	natural_heldout	gvpa	2	nat_ae1ae553d673be7a537f
nat_f7d9d7742f0844e679ec	f7d9d7742f0844e679ecf4dff72420dd25def443ad8a737939309d3f808b5be7	148	pass	43.3	43.7	1.0	gvpa	152.9	gvpj	87.2	65.7	0.9007633587786259	0.8378378378378378	supported_gvpa	pf00741_and_competitive_gvpa_support	152.9	87.2	natural_heldout	gvpa	2	nat_f7d9d7742f0844e679ec
nat_4b3cb9501939449bf9be	4b3cb9501939449bf9be23813d969b79c18281ea8363a4cbe40d0dfd3828e677	152	pass	42.8	43.2	1.0	gvpa	149.7	gvpj	89.1	60.599999999999994	0.9465648854961832	0.8421052631578947	supported_gvpa	pf00741_and_competitive_gvpa_support	149.7	89.1	natural_heldout	gvpa	2	nat_4b3cb9501939449bf9be
nat_82d1db25aa951a1ad609	82d1db25aa951a1ad609e3a872c1bdb29c7e21be28b1f7c62674683a96fbfd40	159	pass	43.1	43.5	1.0	gvpa	147.2	gvpj	91.2	55.999999999999986	0.9312977099236641	0.8050314465408805	supported_gvpa	pf00741_and_competitive_gvpa_support	147.2	91.2	natural_heldout	gvpa	2	nat_82d1db25aa951a1ad609
nat_dbbc85b2e6d8fc6f3682	dbbc85b2e6d8fc6f3682ed28d3bb4d943032c767f908a24caf77a87e4685ae6c	154	pass	42.8	43.2	1.0	gvpa	149.3	gvpj	88.2	61.10000000000001	0.9389312977099237	0.8376623376623377	supported_gvpa	pf00741_and_competitive_gvpa_support	149.3	88.2	natural_heldout	gvpa	2	nat_dbbc85b2e6d8fc6f3682
nat_65c51b0fd105cce694ee	65c51b0fd105cce694eed49b439146435ebb1a08266d1e0993f7209e52213395	150	pass	44.7	45.1	1.0	gvpa	149.4	gvpj	89.5	59.900000000000006	0.9083969465648855	0.84	supported_gvpa	pf00741_and_competitive_gvpa_support	149.4	89.5	natural_heldout	gvpa	2	nat_65c51b0fd105cce694ee
nat_e8032b7ad48d42a9adf3	e8032b7ad48d42a9adf341dc5b56f9a1336c504eaf87c101307c80ef7dbc1f68	135	pass	50.7	51.3	0.9743589743589743	gvpa	154.6	gvpj	97.0	57.599999999999994	0.916030534351145	0.8814814814814815	supported_gvpa	pf00741_and_competitive_gvpa_support	154.6	97.0	natural_heldout	gvpa	2	nat_e8032b7ad48d42a9adf3
nat_e62ac75b3affa97a2f5a	e62ac75b3affa97a2f5aff1f1d462b17657ce662836aa9235041d53281de2dc4	151	pass	43.4	43.8	1.0	gvpa	152.2	gvpj	90.1	62.099999999999994	0.9389312977099237	0.8410596026490066	supported_gvpa	pf00741_and_competitive_gvpa_support	152.2	90.1	natural_heldout	gvpa	2	nat_e62ac75b3affa97a2f5a
nat_0ccad4d436403131ae6a	0ccad4d436403131ae6a894a73ced6b99066d09e653accf28c91d02a61204d81	135	pass	52.0	52.7	1.0	gvpa	151.9	gvpj	98.8	53.10000000000001	0.8854961832061069	0.8592592592592593	supported_gvpa	pf00741_and_competitive_gvpa_support	151.9	98.8	natural_heldout	gvpa	2	nat_0ccad4d436403131ae6a
nat_c0749f9d4ae82bdc9955	c0749f9d4ae82bdc99555b501d74c198148ce13a1ab3df22c693a7b377bcabb6	154	pass	43.5	44.0	1.0	gvpa	149.2	gvpj	89.7	59.499999999999986	0.9007633587786259	0.8116883116883117	supported_gvpa	pf00741_and_competitive_gvpa_support	149.2	89.7	natural_heldout	gvpa	2	nat_c0749f9d4ae82bdc9955
nat_945d9af2ef988f085e3c	945d9af2ef988f085e3ce7edb7b4de3dda976a89f6d93d97b5eab1c95ff47e23	151	pass	43.5	44.0	1.0	gvpa	150.3	gvpj	88.6	61.70000000000002	0.9083969465648855	0.8543046357615894	supported_gvpa	pf00741_and_competitive_gvpa_support	150.3	88.6	natural_heldout	gvpa	2	nat_945d9af2ef988f085e3c
nat_25e53f7654eeb15d035e	25e53f7654eeb15d035efa89ea5ba9943e3d7876da6919025fde4eac14cfb3c9	156	pass	43.4	43.7	1.0	gvpa	150.3	gvpj	88.7	61.60000000000001	0.9236641221374046	0.8269230769230769	supported_gvpa	pf00741_and_competitive_gvpa_support	150.3	88.7	natural_heldout	gvpa	2	nat_25e53f7654eeb15d035e
nat_038b08407425f0209cdb	038b08407425f0209cdb96cc36e42259071302c926fe63bba6c5ab699b4b4051	157	pass	43.1	43.5	1.0	gvpa	150.3	gvpj	87.1	63.20000000000002	0.9312977099236641	0.8280254777070064	supported_gvpa	pf00741_and_competitive_gvpa_support	150.3	87.1	natural_heldout	gvpa	2	nat_038b08407425f0209cdb
nat_a8224f75d4d10d7151b8	a8224f75d4d10d7151b8627a5242efdf0753354ffb996ca0fbb77b8351a7de4f	149	pass	43.9	44.3	1.0	gvpa	145.5	gvpj	89.0	56.5	0.916030534351145	0.8120805369127517	supported_gvpa	pf00741_and_competitive_gvpa_support	145.5	89.0	natural_heldout	gvpa	2	nat_a8224f75d4d10d7151b8
nat_0942555d17806690a15c	0942555d17806690a15c355f4e1761c5e2dda87e2d17c83e509389ac7c0876bb	148	pass	43.6	44.1	1.0	gvpa	150.8	gvpj	90.6	60.20000000000002	0.9312977099236641	0.8918918918918919	supported_gvpa	pf00741_and_competitive_gvpa_support	150.8	90.6	natural_heldout	gvpa	2	nat_0942555d17806690a15c
nat_c74d6e1106797b3a3d0f	c74d6e1106797b3a3d0f9f32beed9effd36b7ae2b05c5bc6ecb844e804aec026	133	pass	51.3	52.0	0.9743589743589743	gvpa	148.3	gvpj	95.8	52.500000000000014	0.8625954198473282	0.8421052631578947	supported_gvpa	pf00741_and_competitive_gvpa_support	148.3	95.8	natural_heldout	gvpa	2	nat_c74d6e1106797b3a3d0f
nat_ab559af1ffee249b9549	ab559af1ffee249b9549b06b7a0e03f68bf19bc47a00652b59719583773bf401	155	pass	43.2	43.6	1.0	gvpa	149.7	gvpj	90.0	59.69999999999999	0.9312977099236641	0.8258064516129032	supported_gvpa	pf00741_and_competitive_gvpa_support	149.7	90.0	natural_heldout	gvpa	2	nat_ab559af1ffee249b9549
nat_e10062d88e50908c95d3	e10062d88e50908c95d32467f65133028c80139484c803365c9bce8aea466500	135	pass	50.5	51.1	0.9743589743589743	gvpa	155.8	gvpj	96.0	59.80000000000001	0.916030534351145	0.8814814814814815	supported_gvpa	pf00741_and_competitive_gvpa_support	155.8	96.0	natural_heldout	gvpa	2	nat_e10062d88e50908c95d3
nat_84b5083183d75de0f365	84b5083183d75de0f365a2ef8890f4d0856d6028e68b24f4ba69d2ae8f2cf419	154	pass	43.5	44.0	1.0	gvpa	148.9	gvpj	88.0	60.900000000000006	0.9007633587786259	0.8116883116883117	supported_gvpa	pf00741_and_competitive_gvpa_support	148.9	88.0	natural_heldout	gvpa	2	nat_84b5083183d75de0f365
nat_25ee00a9c2b4e74f79dd	25ee00a9c2b4e74f79dddf96434d433971716d5f11893c48c16e2298f089d9f2	155	pass	49.5	50.1	0.9743589743589743	gvpa	137.8	gvpj	91.9	45.900000000000006	0.8931297709923665	0.7419354838709677	supported_gvpa	pf00741_and_competitive_gvpa_support	137.8	91.9	natural_heldout	gvpa	2	nat_25ee00a9c2b4e74f79dd
nat_31b4ab378929e0c134fa	31b4ab378929e0c134fa3e30ad8dc9c132145ff4ebd41c9917a31214252630f2	155	pass	43.2	43.6	1.0	gvpa	150.6	gvpj	86.1	64.5	0.8854961832061069	0.8258064516129032	supported_gvpa	pf00741_and_competitive_gvpa_support	150.6	86.1	natural_heldout	gvpa	2	nat_31b4ab378929e0c134fa
nat_619107fa48650be1a768	619107fa48650be1a768db3b7104edc348599f6ebace7a8862224cf94c9fe4bd	156	pass	43.1	43.5	1.0	gvpa	151.6	gvpj	86.6	65.0	0.9465648854961832	0.8269230769230769	supported_gvpa	pf00741_and_competitive_gvpa_support	151.6	86.6	natural_heldout	gvpa	2	nat_619107fa48650be1a768
nat_2f6261679e76a403b7de	2f6261679e76a403b7de70718aabc364a5318a12e13b4dedc055c65f2350fec9	156	pass	43.1	43.6	1.0	gvpa	151.3	gvpj	87.0	64.30000000000001	0.9465648854961832	0.8269230769230769	supported_gvpa	pf00741_and_competitive_gvpa_support	151.3	87.0	natural_heldout	gvpa	2	nat_2f6261679e76a403b7de
nat_cbdc755c61207d00c902	cbdc755c61207d00c902ba0c1788c6a05ea2d6e169819de36a5b18ba9a3eba03	151	pass	43.4	43.8	1.0	gvpa	152.2	gvpj	89.5	62.69999999999999	0.9007633587786259	0.8410596026490066	supported_gvpa	pf00741_and_competitive_gvpa_support	152.2	89.5	natural_heldout	gvpa	2	nat_cbdc755c61207d00c902
nat_2dee131e85e06a8f9fdd	2dee131e85e06a8f9fdd1f16d5b875342f538bb1ea66657c2b5608c2e467e2ae	76	pass	60.6	61.0	1.0			gvpa	122.2		0.0	0.0	unsupported	no_qualified_subfamily_hit	122.2	87.2	natural_heldout	gvpa	2	nat_2dee131e85e06a8f9fdd
nat_16be3cd3d97ccaa2c7df	16be3cd3d97ccaa2c7df3673a38aba6c6123df942540b93ca25dbb3f21523668	146	pass	47.4	47.8	1.0	gvpa	152.9	gvpj	92.1	60.80000000000001	0.9465648854961832	0.8835616438356164	supported_gvpa	pf00741_and_competitive_gvpa_support	152.9	92.1	natural_heldout	gvpa	2	nat_16be3cd3d97ccaa2c7df
nat_dfa741bfaf88075b5cad	dfa741bfaf88075b5cad15ff03f3a4bd4a938957483c9f9fea42e73849dfa68e	121	pass	54.2	54.8	1.0	gvpa	144.2	gvpj	98.7	45.499999999999986	0.916030534351145	0.9752066115702479	supported_gvpa	pf00741_and_competitive_gvpa_support	144.2	98.7	natural_heldout	gvpa	2	nat_dfa741bfaf88075b5cad
nat_9c60a71de8a82fd3c026	9c60a71de8a82fd3c0264b8a2946da85fabbf2ba3a05da79d0e22f6af12fc107	121	pass	54.2	54.7	1.0	gvpa	141.4	gvpj	100.0	41.400000000000006	0.8854961832061069	0.9173553719008265	supported_gvpa	pf00741_and_competitive_gvpa_support	141.4	100.0	natural_heldout	gvpa	2	nat_9c60a71de8a82fd3c026
nat_a1b20255bb0729dffa3b	a1b20255bb0729dffa3b78365eecb9b7e778154d1e5ab8e546f302c86cfa7e9e	124	pass	54.6	55.1	1.0	gvpa	146.9	gvpj	100.1	46.80000000000001	0.9236641221374046	0.9596774193548387	supported_gvpa	pf00741_and_competitive_gvpa_support	146.9	100.1	natural_heldout	gvpa	2	nat_a1b20255bb0729dffa3b
nat_4d6d67ce0c869a337d6c	4d6d67ce0c869a337d6c7f70b6a169be666cc15533960b0467d072fe34f70d79	121	pass	54.2	54.9	1.0	gvpa	147.7	gvpj	99.9	47.79999999999998	0.9007633587786259	0.9586776859504132	supported_gvpa	pf00741_and_competitive_gvpa_support	147.7	99.9	natural_heldout	gvpa	2	nat_4d6d67ce0c869a337d6c
nat_c6c6c9a5f7341498fda1	c6c6c9a5f7341498fda16b8ac46b8668b7706d52f2056e7f64698c5605a9e778	138	pass	54.3	54.9	1.0	gvpa	152.7	gvpj	98.3	54.39999999999999	0.8778625954198473	0.8333333333333334	supported_gvpa	pf00741_and_competitive_gvpa_support	152.7	98.3	natural_heldout	gvpa	2	nat_c6c6c9a5f7341498fda1
nat_e6f75ee4612442ce5aa8	e6f75ee4612442ce5aa8a42f32b481fcd858baea8d435c1f391d72781607095d	122	pass	54.2	54.9	1.0	gvpa	150.9	gvpj	99.7	51.2	0.8778625954198473	0.9344262295081968	supported_gvpa	pf00741_and_competitive_gvpa_support	150.9	99.7	natural_heldout	gvpa	2	nat_e6f75ee4612442ce5aa8
nat_1451c78833f55a393406	1451c78833f55a393406e46a493dd966d46c97be0bfa049696fa61e99ac58156	129	pass	52.3	52.8	1.0	gvpa	141.8	gvpj	96.5	45.30000000000001	0.8702290076335878	0.8682170542635659	supported_gvpa	pf00741_and_competitive_gvpa_support	141.8	96.5	natural_heldout	gvpa	2	nat_1451c78833f55a393406
nat_5c045ab07969cb21b0ad	5c045ab07969cb21b0adc650d10e1f76e3eb17c96311c8130658a00ccf3eb10f	142	pass	44.0	44.4	0.9743589743589743	gvpa	151.5	gvpj	96.1	55.400000000000006	0.9541984732824428	0.8661971830985915	supported_gvpa	pf00741_and_competitive_gvpa_support	151.5	96.1	natural_heldout	gvpa	2	nat_5c045ab07969cb21b0ad
nat_1ecba3351cb7c8c6d3e7	1ecba3351cb7c8c6d3e7ede9054328338a77f37abae1c23858b9814c9ac04ca7	146	pass	46.6	47.1	1.0	gvpa	145.9	gvpj	95.2	50.7	0.8931297709923665	0.8082191780821918	supported_gvpa	pf00741_and_competitive_gvpa_support	145.9	95.2	natural_heldout	gvpa	2	nat_1ecba3351cb7c8c6d3e7
nat_234ee7db19bcd2cc0f16	234ee7db19bcd2cc0f1630cf366548d80bba5a2dc1fe9d0a807aebb36b390595	157	pass	42.2	42.7	1.0	gvpa	148.7	gvpj	87.9	60.79999999999998	0.9083969465648855	0.8471337579617835	supported_gvpa	pf00741_and_competitive_gvpa_support	148.7	87.9	natural_heldout	gvpa	2	nat_234ee7db19bcd2cc0f16
nat_893590645f86143d64ac	893590645f86143d64ac9d9cad0fe8cda08e44007089da57829e84c369bc2b45	143	pass	46.3	46.7	0.9743589743589743	gvpa	151.2	gvpj	91.4	59.79999999999998	0.9389312977099237	0.8881118881118881	supported_gvpa	pf00741_and_competitive_gvpa_support	151.2	91.4	natural_heldout	gvpa	2	nat_893590645f86143d64ac
nat_f6a10f9036e40524b807	f6a10f9036e40524b807447f90682a250b61d19c637a2badbde8ba40801c58fa	74	pass	55.9	56.2	1.0			gvpa	120.0		0.0	0.0	unsupported	no_qualified_subfamily_hit	120.0	85.9	natural_heldout	gvpa	2	nat_f6a10f9036e40524b807
nat_158c0216b95ce3304bfe	158c0216b95ce3304bfed35a0ee8cc2949c56511ab24bda79ffa63f1631f0140	156	pass	43.5	43.9	1.0	gvpa	150.1	gvpj	88.1	62.0	0.9083969465648855	0.8397435897435898	supported_gvpa	pf00741_and_competitive_gvpa_support	150.1	88.1	natural_heldout	gvpa	2	nat_158c0216b95ce3304bfe
nat_6ec46415f5fc553cea18	6ec46415f5fc553cea18aaf0315bbe4de3a8aea445a680c864c8d1790a407c51	152	pass	43.6	44.0	1.0	gvpa	148.0	gvpj	87.1	60.900000000000006	0.9236641221374046	0.8355263157894737	supported_gvpa	pf00741_and_competitive_gvpa_support	148.0	87.1	natural_heldout	gvpa	2	nat_6ec46415f5fc553cea18
nat_b00e08214202d9da45f3	b00e08214202d9da45f30bb50e92bae31c4649152de2112d76fe233a0453dbc7	122	pass	54.2	54.9	1.0	gvpa	147.4	gvpj	99.8	47.60000000000001	0.8931297709923665	0.9426229508196722	supported_gvpa	pf00741_and_competitive_gvpa_support	147.4	99.8	natural_heldout	gvpa	2	nat_b00e08214202d9da45f3
nat_0b3dbbf8c77bc6a35545	0b3dbbf8c77bc6a3554510365aead981ad8f38fbe0585b9f2674fc20d6dfdb68	138	pass	54.3	54.9	1.0	gvpa	152.6	gvpj	98.8	53.8	0.8625954198473282	0.8115942028985508	supported_gvpa	pf00741_and_competitive_gvpa_support	152.6	98.8	natural_heldout	gvpa	2	nat_0b3dbbf8c77bc6a35545
nat_a901ff8a401719052dfa	a901ff8a401719052dfaa787f0206bda2fe5b931dd743aa439f2e39dc1850165	121	pass	54.2	54.8	1.0	gvpa	144.9	gvpj	98.9	46.0	0.916030534351145	0.9752066115702479	supported_gvpa	pf00741_and_competitive_gvpa_support	144.9	98.9	natural_heldout	gvpa	2	nat_a901ff8a401719052dfa
nat_2a69a2d4282302622a85	2a69a2d4282302622a856470c1202a1ca924d486dcb568ab30198008ae141cd7	121	pass	54.2	54.7	1.0	gvpa	137.8	gvpj	97.3	40.500000000000014	0.8854961832061069	0.9173553719008265	supported_gvpa	pf00741_and_competitive_gvpa_support	137.8	97.3	natural_heldout	gvpa	2	nat_2a69a2d4282302622a85
nat_4b655799ef9e19953b56	4b655799ef9e19953b56ab1a0b8027da55f99fd77de850a0c270d8016642a5dd	133	pass	51.9	52.6	0.9743589743589743	gvpa	149.1	gvpj	96.7	52.39999999999999	0.8625954198473282	0.8421052631578947	supported_gvpa	pf00741_and_competitive_gvpa_support	149.1	96.7	natural_heldout	gvpa	2	nat_4b655799ef9e19953b56
nat_4a11e065ece6ad06443c	4a11e065ece6ad06443c4d44b97d6566513c93f9bebdcd388c54ff766d75c586	138	pass	52.5	53.0	0.9743589743589743	gvpa	148.3	gvpj	98.6	49.70000000000002	0.9083969465648855	0.8840579710144928	supported_gvpa	pf00741_and_competitive_gvpa_support	148.3	98.6	natural_heldout	gvpa	2	nat_4a11e065ece6ad06443c
nat_8ea71d3ab15e5cf268b1	8ea71d3ab15e5cf268b147f59986a63ab493f41d0036f621f12c8f76f133d967	136	pass	52.8	53.3	0.9743589743589743	gvpa	155.2	gvpj	99.9	55.29999999999998	0.8931297709923665	0.8455882352941176	supported_gvpa	pf00741_and_competitive_gvpa_support	155.2	99.9	natural_heldout	gvpa	2	nat_8ea71d3ab15e5cf268b1
nat_490b107cc056b2e69720	490b107cc056b2e69720a76679fcc67f1959c0c2d7153631fed6fb7ca5e4d8bf	122	pass	54.6	55.2	1.0	gvpa	148.4	gvpj	100.2	48.2	0.8931297709923665	0.9590163934426229	supported_gvpa	pf00741_and_competitive_gvpa_support	148.4	100.2	natural_heldout	gvpa	2	nat_490b107cc056b2e69720
nat_f54587a3fcd451658c0d	f54587a3fcd451658c0d39f20649c556e150ea096e3db3b7cbf81f9550ceb988	137	pass	54.3	54.9	1.0	gvpa	153.2	gvpj	98.8	54.39999999999999	0.8854961832061069	0.8467153284671532	supported_gvpa	pf00741_and_competitive_gvpa_support	153.2	98.8	natural_heldout	gvpa	2	nat_f54587a3fcd451658c0d
nat_194654d9295b42cca4e2	194654d9295b42cca4e2729e4e25674a725a366bd640b7ba1836abf3a821a9ca	122	pass	54.2	54.9	1.0	gvpa	151.8	gvpj	100.0	51.80000000000001	0.8702290076335878	0.9180327868852459	supported_gvpa	pf00741_and_competitive_gvpa_support	151.8	100.0	natural_heldout	gvpa	2	nat_194654d9295b42cca4e2
nat_3e858629efd06bf33e52	3e858629efd06bf33e52ca87ba17b78cd8085683f7a5f5a47e4d331c0c42914b	139	pass	46.3	46.8	0.9743589743589743	gvpa	152.0	gvpj	94.1	57.900000000000006	0.9312977099236641	0.8920863309352518	supported_gvpa	pf00741_and_competitive_gvpa_support	152.0	94.1	natural_heldout	gvpa	2	nat_3e858629efd06bf33e52
nat_25f8dd28e9511c933322	25f8dd28e9511c933322c57174f186bc422c18c0e97e640a746de970707bfe66	137	pass	52.7	53.3	0.9743589743589743	gvpa	155.2	gvpj	99.8	55.39999999999999	0.8931297709923665	0.8394160583941606	supported_gvpa	pf00741_and_competitive_gvpa_support	155.2	99.8	natural_heldout	gvpa	2	nat_25f8dd28e9511c933322
nat_8bfb3056e00dc3525ee8	8bfb3056e00dc3525ee86889dad6377e8eb6accd3a327a53a7d5801ee1c40850	145	pass	43.7	44.1	1.0	gvpa	150.2	gvpj	89.7	60.499999999999986	0.9312977099236641	0.8827586206896552	supported_gvpa	pf00741_and_competitive_gvpa_support	150.2	89.7	natural_heldout	gvpa	2	nat_8bfb3056e00dc3525ee8
nat_83b8beb8a3b426da1be8	83b8beb8a3b426da1be81f427b205ed17028b99c7cdc6494658a5b007da423c0	122	pass	54.2	54.9	1.0	gvpa	151.5	gvpj	99.4	52.099999999999994	0.8702290076335878	0.9180327868852459	supported_gvpa	pf00741_and_competitive_gvpa_support	151.5	99.4	natural_heldout	gvpa	2	nat_83b8beb8a3b426da1be8
nat_95f263427db975386780	95f263427db9753867807c3bc66b2ff4a06170e0ff8a72257da11f08af129673	123	pass	54.2	54.7	1.0	gvpa	145.3	gvpj	99.8	45.500000000000014	0.9236641221374046	0.959349593495935	supported_gvpa	pf00741_and_competitive_gvpa_support	145.3	99.8	natural_heldout	gvpa	2	nat_95f263427db975386780
nat_a1655bd7b808d51abef6	a1655bd7b808d51abef62d02156c44b70cf7fa70a2c8862a7b9d479457bbb4ed	125	pass	54.5	55.0	1.0	gvpa	149.9	gvpj	100.5	49.400000000000006	0.9007633587786259	0.928	supported_gvpa	pf00741_and_competitive_gvpa_support	149.9	100.5	natural_heldout	gvpa	2	nat_a1655bd7b808d51abef6
nat_752dd7ddb136b7ab5ad1	752dd7ddb136b7ab5ad1fc9143aab6de80df0e038ccb4ffd14a6d4e4c5def3a1	92	pass	53.9	54.4	1.0			gvpa	123.1		0.0	0.0	unsupported	no_qualified_subfamily_hit	123.1	90.9	natural_heldout	gvpa	2	nat_752dd7ddb136b7ab5ad1
nat_1aeb097a28c863a862e4	1aeb097a28c863a862e47893fba7e73025976bb3a228c4c640b2ef60b1fad365	137	pass	52.7	53.3	0.9743589743589743	gvpa	155.3	gvpj	99.6	55.70000000000002	0.8931297709923665	0.8540145985401459	supported_gvpa	pf00741_and_competitive_gvpa_support	155.3	99.6	natural_heldout	gvpa	2	nat_1aeb097a28c863a862e4
nat_4a95098f433ac14617bc	4a95098f433ac14617bce2f5f17d41173d4ea0bba8f08c7fcebe4180207e25ec	136	pass	52.4	53.0	0.9743589743589743	gvpa	155.6	gvpj	100.9	54.69999999999999	0.8702290076335878	0.8529411764705882	supported_gvpa	pf00741_and_competitive_gvpa_support	155.6	100.9	natural_heldout	gvpa	2	nat_4a95098f433ac14617bc
nat_37d7954f2ba849ee9a13	37d7954f2ba849ee9a13c4bb70d41a45bb29a2ffde5749094fb49dc96cd6a26a	112	pass	58.4	58.8	1.0	gvpa	135.5	gvpj	101.8	33.7	0.7938931297709924	0.9285714285714286	supported_gvpa	pf00741_and_competitive_gvpa_support	135.5	101.8	natural_heldout	gvpa	2	nat_37d7954f2ba849ee9a13
nat_cb92aed15bdbfa6f9474	cb92aed15bdbfa6f94748ba3c268da5661ca56d1790c3c3bff90f55009d34d0d	115	pass	57.5	57.9	1.0	gvpa	132.9	gvpj	100.7	32.2	0.8320610687022901	0.9043478260869565	supported_gvpa	pf00741_and_competitive_gvpa_support	132.9	100.7	natural_heldout	gvpa	2	nat_cb92aed15bdbfa6f9474
nat_7aeb2efcf40db3e46e7e	7aeb2efcf40db3e46e7ee8b735cfec6cdac45445d87f0e3b4789a1ded0f902bc	115	pass	57.5	57.9	1.0	gvpa	132.5	gvpj	101.3	31.200000000000003	0.816793893129771	0.8869565217391304	supported_gvpa	pf00741_and_competitive_gvpa_support	132.5	101.3	natural_heldout	gvpa	2	nat_7aeb2efcf40db3e46e7e
nat_96462335ed2439837985	96462335ed2439837985639b62f60e5116cb73f41514a7ceb1425d814a76c292	121	pass	54.2	54.8	1.0	gvpa	143.7	gvpj	98.7	44.999999999999986	0.916030534351145	0.9752066115702479	supported_gvpa	pf00741_and_competitive_gvpa_support	143.7	98.7	natural_heldout	gvpa	2	nat_96462335ed2439837985
nat_276fe76ab836731f2d2f	276fe76ab836731f2d2fefc13795033fd89ca0179437e0c9ec8525b4d7743cef	121	pass	54.2	54.7	1.0	gvpa	140.9	gvpj	99.7	41.2	0.8702290076335878	0.9008264462809917	supported_gvpa	pf00741_and_competitive_gvpa_support	140.9	99.7	natural_heldout	gvpa	2	nat_276fe76ab836731f2d2f
nat_677429b5c213ba9473a5	677429b5c213ba9473a5bace62c444ff1c7c7bfc65f351371321e58c4192f3d1	137	pass	54.3	54.8	1.0	gvpa	142.5	gvpj	99.1	43.400000000000006	0.9007633587786259	0.8175182481751825	supported_gvpa	pf00741_and_competitive_gvpa_support	142.5	99.1	natural_heldout	gvpa	2	nat_677429b5c213ba9473a5
nat_c0da453357697c088275	c0da453357697c088275e6f609c76df76d0d4bf6991488f0cf934a8545cf07b8	131	pass	52.0	52.4	1.0	gvpa	143.7	gvpj	101.1	42.599999999999994	0.916030534351145	0.9007633587786259	supported_gvpa	pf00741_and_competitive_gvpa_support	143.7	101.1	natural_heldout	gvpa	2	nat_c0da453357697c088275
nat_fef6ccaa9b3233e46f07	fef6ccaa9b3233e46f079f1aaab5645eda36c4df6a73e8369857bda1976dc5dc	127	pass	54.5	54.9	1.0	gvpa	155.2	gvpj	100.7	54.499999999999986	0.9541984732824428	0.9606299212598425	supported_gvpa	pf00741_and_competitive_gvpa_support	155.2	100.7	natural_heldout	gvpa	2	nat_fef6ccaa9b3233e46f07
nat_97c619177bea2c666834	97c619177bea2c666834bf60ca85afad992e082e89250a7d7080b0fdd3bfc17f	122	pass	54.6	55.2	1.0	gvpa	144.4	gvpj	98.8	45.60000000000001	0.9236641221374046	0.9836065573770492	supported_gvpa	pf00741_and_competitive_gvpa_support	144.4	98.8	natural_heldout	gvpa	2	nat_97c619177bea2c666834
nat_88aac7f04fbc033600c5	88aac7f04fbc033600c5d26afe2ec10a91967bbdf9a87a958c0aeadbe5e9b759	122	pass	54.6	55.2	1.0	gvpa	143.6	gvpj	98.6	45.0	0.8854961832061069	0.9508196721311475	supported_gvpa	pf00741_and_competitive_gvpa_support	143.6	98.6	natural_heldout	gvpa	2	nat_88aac7f04fbc033600c5
nat_a992b4345d901f6ad67d	a992b4345d901f6ad67d0800ecebe6a0dea678ec926049511dac47372b26356a	138	pass	54.3	54.9	1.0	gvpa	152.0	gvpj	98.5	53.5	0.8854961832061069	0.8405797101449275	supported_gvpa	pf00741_and_competitive_gvpa_support	152.0	98.5	natural_heldout	gvpa	2	nat_a992b4345d901f6ad67d
nat_14eaddbb6f4ac252e678	14eaddbb6f4ac252e67877e62096d92bae16142b2566df312c77a89f502a98d6	122	pass	54.6	55.2	1.0	gvpa	144.3	gvpj	98.7	45.60000000000001	0.9236641221374046	0.9836065573770492	supported_gvpa	pf00741_and_competitive_gvpa_support	144.3	98.7	natural_heldout	gvpa	2	nat_14eaddbb6f4ac252e678
nat_21445f81bd709996cb4c	21445f81bd709996cb4c27fd2dfa637e0cd7a4efb3b5b5b0bfa02e40d4db7146	137	pass	54.3	54.8	1.0	gvpa	142.2	gvpj	98.1	44.099999999999994	0.8931297709923665	0.8394160583941606	supported_gvpa	pf00741_and_competitive_gvpa_support	142.2	98.1	natural_heldout	gvpa	2	nat_21445f81bd709996cb4c
nat_3578e9166bb2ea6b7aa7	3578e9166bb2ea6b7aa7654894c80c728677d733357a1617217a55c82ab80cd5	121	pass	54.6	55.1	1.0	gvpa	141.9	gvpj	100.1	41.80000000000001	0.916030534351145	0.9504132231404959	supported_gvpa	pf00741_and_competitive_gvpa_support	141.9	100.1	natural_heldout	gvpa	2	nat_3578e9166bb2ea6b7aa7
nat_ce67780828ddbb2c93cf	ce67780828ddbb2c93cfbf709fa3c2aac3deb06fa4b2c214eddd26e4135b5c23	136	pass	54.3	54.9	1.0	gvpa	153.1	gvpj	98.9	54.19999999999999	0.8854961832061069	0.8529411764705882	supported_gvpa	pf00741_and_competitive_gvpa_support	153.1	98.9	natural_heldout	gvpa	2	nat_ce67780828ddbb2c93cf
nat_62eb49c878ad7ce0be56	62eb49c878ad7ce0be56795dd423ebfd464901d060ebfa98a7d8d4362fc5ee6a	120	pass	54.7	54.7	1.0	gvpa	142.1	gvpj	98.6	43.5	0.8778625954198473	0.9416666666666667	supported_gvpa	pf00741_and_competitive_gvpa_support	142.1	98.6	natural_heldout	gvpa	2	nat_62eb49c878ad7ce0be56
nat_05aec1de9ccb89179086	05aec1de9ccb8917908680b4c6690568bea0354f61fdc2dca7cee34a1619a40f	142	pass	54.2	54.7	1.0	gvpa	144.6	gvpj	99.5	45.099999999999994	0.8931297709923665	0.8450704225352113	supported_gvpa	pf00741_and_competitive_gvpa_support	144.6	99.5	natural_heldout	gvpa	2	nat_05aec1de9ccb89179086
nat_0b443f112af31da4c521	0b443f112af31da4c521724d4819cb6dc06acd1adfc997832b1124e0f028b81d	120	pass	54.7	55.1	1.0	gvpa	149.1	gvpj	99.6	49.5	0.8931297709923665	0.9666666666666667	supported_gvpa	pf00741_and_competitive_gvpa_support	149.1	99.6	natural_heldout	gvpa	2	nat_0b443f112af31da4c521
nat_614ee05c12fc168e53ed	614ee05c12fc168e53ed7215537ef65b27aa54db0ecbd0cdf5ab3008a653b85a	125	pass	54.5	55.0	1.0	gvpa	150.7	gvpj	100.5	50.19999999999999	0.9389312977099237	0.944	supported_gvpa	pf00741_and_competitive_gvpa_support	150.7	100.5	natural_heldout	gvpa	2	nat_614ee05c12fc168e53ed
nat_9b1b09a459a6ac047cab	9b1b09a459a6ac047caba9de201cb4e501c2740f557809a2713f61b93c00c267	122	pass	54.6	55.1	1.0	gvpa	148.4	gvpj	100.4	48.0	0.8931297709923665	0.9590163934426229	supported_gvpa	pf00741_and_competitive_gvpa_support	148.4	100.4	natural_heldout	gvpa	2	nat_9b1b09a459a6ac047cab
nat_1722f0f85deef45697a7	1722f0f85deef45697a7bf63a0a67d3a192064dfc358aa1c323815e98d0ae1b9	125	pass	54.5	55.0	1.0	gvpa	153.4	gvpj	101.6	51.80000000000001	0.916030534351145	0.952	supported_gvpa	pf00741_and_competitive_gvpa_support	153.4	101.6	natural_heldout	gvpa	2	nat_1722f0f85deef45697a7
nat_9d028f688f23701e4c2b	9d028f688f23701e4c2b706eca4076ef3e14615f6ea270ed1579580d7e44df51	122	pass	54.2	54.9	1.0	gvpa	152.0	gvpj	99.9	52.099999999999994	0.8702290076335878	0.9180327868852459	supported_gvpa	pf00741_and_competitive_gvpa_support	152.0	99.9	natural_heldout	gvpa	2	nat_9d028f688f23701e4c2b
nat_8ef96f328be5cf2ac1ef	8ef96f328be5cf2ac1efa772f025ea2d828b68d14d556faa69384f870c3e1a2d	124	pass	50.3	50.9	0.9743589743589743	gvpa	146.0	gvpj	96.7	49.3	0.9007633587786259	0.9758064516129032	supported_gvpa	pf00741_and_competitive_gvpa_support	146.0	96.7	natural_heldout	gvpa	2	nat_8ef96f328be5cf2ac1ef
nat_1cc68774b93a831e1a93	1cc68774b93a831e1a935eaf2415c472a5f058450211ee5ed86c0a1037cfc92e	137	pass	52.7	53.3	0.9743589743589743	gvpa	155.0	gvpj	99.7	55.3	0.8854961832061069	0.8321167883211679	supported_gvpa	pf00741_and_competitive_gvpa_support	155.0	99.7	natural_heldout	gvpa	2	nat_1cc68774b93a831e1a93
nat_438c70c6875cb7fc8740	438c70c6875cb7fc8740cef9d78954de9ef17fb674afe443e67ee3f25ab4eb1e	136	pass	50.6	51.1	0.9743589743589743	gvpa	144.5	gvpj	96.8	47.7	0.8702290076335878	0.8676470588235294	supported_gvpa	pf00741_and_competitive_gvpa_support	144.5	96.8	natural_heldout	gvpa	2	nat_438c70c6875cb7fc8740
nat_495c2735bcdc48076ab6	495c2735bcdc48076ab650d642331359242e43e96bdc724fdf700722933826ad	140	pass	52.3	52.9	0.9743589743589743	gvpa	154.7	gvpj	100.1	54.599999999999994	0.8625954198473282	0.8214285714285714	supported_gvpa	pf00741_and_competitive_gvpa_support	154.7	100.1	natural_heldout	gvpa	2	nat_495c2735bcdc48076ab6
nat_82b87d3bb03732004ea1	82b87d3bb03732004ea1990715264711abd0cd34b6a722226d77d45ff12c49c6	159	pass	43.1	43.5	1.0	gvpa	149.4	gvpj	90.7	58.7	0.9389312977099237	0.8364779874213837	supported_gvpa	pf00741_and_competitive_gvpa_support	149.4	90.7	natural_heldout	gvpa	2	nat_82b87d3bb03732004ea1
nat_e94fe6c2cd879bdd36af	e94fe6c2cd879bdd36af2700e2bcfcce0fe6c30ed31a5c31122332b7b4b4b457	136	pass	47.6	48.0	1.0	gvpa	151.7	gvpj	92.0	59.69999999999999	0.9618320610687023	0.9338235294117647	supported_gvpa	pf00741_and_competitive_gvpa_support	151.7	92.0	natural_heldout	gvpa	2	nat_e94fe6c2cd879bdd36af
nat_93f54d1ba2a517138e6d	93f54d1ba2a517138e6d1da988645d9f0fe7755601c094b3cf4243b2ffb24e1d	122	pass	54.6	55.2	1.0	gvpa	148.4	gvpj	100.4	48.0	0.8931297709923665	0.9590163934426229	supported_gvpa	pf00741_and_competitive_gvpa_support	148.4	100.4	natural_heldout	gvpa	2	nat_93f54d1ba2a517138e6d
nat_43e7561c7d05facf2895	43e7561c7d05facf2895cca6f3c3c6e2a202e91eb37ce64eb2826529f182a684	140	pass	47.2	47.7	1.0	gvpa	153.1	gvpj	91.8	61.3	0.9465648854961832	0.9071428571428571	supported_gvpa	pf00741_and_competitive_gvpa_support	153.1	91.8	natural_heldout	gvpa	2	nat_43e7561c7d05facf2895
nat_e1f5f0f2180e18c35aa7	e1f5f0f2180e18c35aa77a97e2118fee01ee32bcec70bfa5e2781b97d1793da7	156	pass	48.4	48.8	0.9743589743589743	gvpa	145.4	gvpj	96.8	48.60000000000001	0.8549618320610687	0.7371794871794872	supported_gvpa	pf00741_and_competitive_gvpa_support	145.4	96.8	natural_heldout	gvpa	2	nat_e1f5f0f2180e18c35aa7
nat_6da5911cb6f5dbfefd09	6da5911cb6f5dbfefd0937614a7444802aea96661349bd116a94127e6fe33491	140	pass	46.3	46.8	0.9743589743589743	gvpa	155.4	gvpj	92.8	62.60000000000001	0.9389312977099237	0.9071428571428571	supported_gvpa	pf00741_and_competitive_gvpa_support	155.4	92.8	natural_heldout	gvpa	2	nat_6da5911cb6f5dbfefd09
nat_942bc0624c6f9016a403	942bc0624c6f9016a4036b5d098d15bda7f75fcc9095d79accc6a330fee570d5	135	pass	50.6	51.1	0.9743589743589743	gvpa	144.2	gvpj	96.7	47.499999999999986	0.8702290076335878	0.8740740740740741	supported_gvpa	pf00741_and_competitive_gvpa_support	144.2	96.7	natural_heldout	gvpa	2	nat_942bc0624c6f9016a403
nat_f4f90ca0708a5faa9c5b	f4f90ca0708a5faa9c5b2bd5ea4357a36aed984fdf2a5337250963afd8b178a6	137	pass	52.3	52.9	0.9743589743589743	gvpa	154.5	gvpj	100.3	54.2	0.8702290076335878	0.8467153284671532	supported_gvpa	pf00741_and_competitive_gvpa_support	154.5	100.3	natural_heldout	gvpa	2	nat_f4f90ca0708a5faa9c5b
nat_15e32a2edd6bff0d0784	15e32a2edd6bff0d07849a52374c60eb3d5bd1d9e3c285f616856865392aa17f	137	pass	52.8	53.4	1.0	gvpa	152.4	gvpj	99.6	52.80000000000001	0.8854961832061069	0.8613138686131386	supported_gvpa	pf00741_and_competitive_gvpa_support	152.4	99.6	natural_heldout	gvpa	2	nat_15e32a2edd6bff0d0784
nat_0e118acdc2771e80b4ea	0e118acdc2771e80b4ea40e4568be213694b4a93066053194c8ff76600b7631d	137	pass	52.7	53.3	0.9743589743589743	gvpa	155.0	gvpj	99.8	55.2	0.8854961832061069	0.8321167883211679	supported_gvpa	pf00741_and_competitive_gvpa_support	155.0	99.8	natural_heldout	gvpa	2	nat_0e118acdc2771e80b4ea
nat_93fc211ea4b34cbb8750	93fc211ea4b34cbb875026509884d43be1642502a001de29bc657940ba5ea750	153	pass	43.2	43.6	1.0	gvpa	151.3	gvpj	89.2	62.10000000000001	0.8778625954198473	0.8235294117647058	supported_gvpa	pf00741_and_competitive_gvpa_support	151.3	89.2	natural_heldout	gvpa	2	nat_93fc211ea4b34cbb8750
nat_a780429eddf249c23975	a780429eddf249c23975b56a9668b2a322a73d599c0b18bae063ac6f026f4a50	156	pass	44.9	45.5	0.9743589743589743	gvpa	135.3	gvpj	92.3	43.000000000000014	0.8931297709923665	0.7371794871794872	supported_gvpa	pf00741_and_competitive_gvpa_support	135.3	92.3	natural_heldout	gvpa	2	nat_a780429eddf249c23975
nat_2f6b62c5722bcacabd8e	2f6b62c5722bcacabd8e9a74967ad765236922ec0dc735ad65edb568da95afe3	136	pass	52.8	53.5	1.0	gvpa	153.4	gvpj	100.0	53.400000000000006	0.8778625954198473	0.8602941176470589	supported_gvpa	pf00741_and_competitive_gvpa_support	153.4	100.0	natural_heldout	gvpa	2	nat_2f6b62c5722bcacabd8e
nat_2ac756cb783ba8cf7947	2ac756cb783ba8cf7947cca5528ed33ce68b2c287395b815d4b8eea6bde53401	141	pass	42.2	42.6	0.9743589743589743	gvpa	153.0	gvpj	91.0	62.0	0.9541984732824428	0.9148936170212766	supported_gvpa	pf00741_and_competitive_gvpa_support	153.0	91.0	natural_heldout	gvpa	2	nat_2ac756cb783ba8cf7947
nat_8bf5071aed606f94333c	8bf5071aed606f94333c40e1154f7bf277018881c63235d9d51a9dbff1df8710	157	pass	42.2	42.7	1.0	gvpa	147.1	gvpj	89.7	57.39999999999999	0.9083969465648855	0.821656050955414	supported_gvpa	pf00741_and_competitive_gvpa_support	147.1	89.7	natural_heldout	gvpa	2	nat_8bf5071aed606f94333c
nat_f857f47b85a0e9d56172	f857f47b85a0e9d56172baf2dcfab1ec54c32e1a3aa1f5e422c24e3203ab209f	132	pass	54.0	54.0	1.0	gvpa	155.0	gvpj	101.8	53.2	0.8625954198473282	0.8409090909090909	supported_gvpa	pf00741_and_competitive_gvpa_support	155.0	101.8	natural_heldout	gvpa	2	nat_f857f47b85a0e9d56172
nat_5dfa27bda2e1f6e4c411	5dfa27bda2e1f6e4c411b6857f048394bcd9c2d17c4d60368b53f89627262ca0	120	pass	54.7	54.7	1.0	gvpa	142.0	gvpj	98.6	43.400000000000006	0.8702290076335878	0.9333333333333333	supported_gvpa	pf00741_and_competitive_gvpa_support	142.0	98.6	natural_heldout	gvpa	2	nat_5dfa27bda2e1f6e4c411
nat_aa0a61561315386ac57d	aa0a61561315386ac57d6c8ff3d536816e2bb1f84c94c1680143a5d5726cd597	120	pass	54.7	55.1	1.0	gvpa	149.2	gvpj	99.6	49.599999999999994	0.9083969465648855	0.9666666666666667	supported_gvpa	pf00741_and_competitive_gvpa_support	149.2	99.6	natural_heldout	gvpa	2	nat_aa0a61561315386ac57d
nat_f5798c1d664fe6d4faa5	f5798c1d664fe6d4faa55d9f9ca1a49531fc51ca59a1dc0e5005797e25d60a85	141	pass	54.2	54.7	1.0	gvpa	144.5	gvpj	99.2	45.3	0.8931297709923665	0.851063829787234	supported_gvpa	pf00741_and_competitive_gvpa_support	144.5	99.2	natural_heldout	gvpa	2	nat_f5798c1d664fe6d4faa5
nat_6f39269f430d826538e8	6f39269f430d826538e8ed95236e30f822c02b622c427edda07da1116e7611cc	127	pass	54.5	54.9	1.0	gvpa	155.6	gvpj	101.4	54.19999999999999	0.9541984732824428	0.9606299212598425	supported_gvpa	pf00741_and_competitive_gvpa_support	155.6	101.4	natural_heldout	gvpa	2	nat_6f39269f430d826538e8
nat_959b710d458909b25f21	959b710d458909b25f21e49fb3e46f356e6f432728c0c16675cf46e5c710ded1	121	pass	54.2	54.8	1.0	gvpa	143.9	gvpj	98.7	45.2	0.9007633587786259	0.9752066115702479	supported_gvpa	pf00741_and_competitive_gvpa_support	143.9	98.7	natural_heldout	gvpa	2	nat_959b710d458909b25f21
nat_f44c857654f488ee7ad6	f44c857654f488ee7ad6fb29585dffc979b529588fb2a61f95a91fd555fd8521	138	pass	54.3	54.8	1.0	gvpa	147.5	gvpj	98.9	48.599999999999994	0.8854961832061069	0.8333333333333334	supported_gvpa	pf00741_and_competitive_gvpa_support	147.5	98.9	natural_heldout	gvpa	2	nat_f44c857654f488ee7ad6
nat_f9153534fd162239df4c	f9153534fd162239df4c28e8b127fdfc6f459d0e8b2e9070f7cc81fa378599db	136	pass	54.3	55.0	1.0	gvpa	151.4	gvpj	99.8	51.60000000000001	0.8854961832061069	0.8455882352941176	supported_gvpa	pf00741_and_competitive_gvpa_support	151.4	99.8	natural_heldout	gvpa	2	nat_f9153534fd162239df4c
nat_1cefe08dae83aa5bd96d	1cefe08dae83aa5bd96d5c9b9bd24c393c1f652249ff602956f86a2b0c2b46d9	156	pass	43.5	43.9	1.0	gvpa	148.3	gvpj	89.7	58.60000000000001	0.9007633587786259	0.8012820512820513	supported_gvpa	pf00741_and_competitive_gvpa_support	148.3	89.7	natural_heldout	gvpa	2	nat_1cefe08dae83aa5bd96d
nat_6bca999a70c09bc7d8d3	6bca999a70c09bc7d8d369d3f8d1e1aac0153fbfbee4f197b0d3793866cfff0b	120	pass	52.7	53.3	0.9743589743589743	gvpa	154.1	gvpj	99.0	55.099999999999994	0.8931297709923665	0.9583333333333334	supported_gvpa	pf00741_and_competitive_gvpa_support	154.1	99.0	natural_heldout	gvpa	2	nat_6bca999a70c09bc7d8d3
nat_d1717d58239a48d6df6a	d1717d58239a48d6df6a814099de9a54fbd7f0234f2930a239e86e408e1361ae	149	pass	46.9	47.4	1.0	gvpa	149.4	gvpj	92.6	56.80000000000001	0.9312977099236641	0.8590604026845637	supported_gvpa	pf00741_and_competitive_gvpa_support	149.4	92.6	natural_heldout	gvpa	2	nat_d1717d58239a48d6df6a
nat_55802cc1c7918b91c298	55802cc1c7918b91c298790d7b83918135c897e3b2e614ea64f0e15ee7124dd9	139	pass	43.8	44.2	1.0	gvpa	151.8	gvpj	84.8	67.00000000000001	0.9236641221374046	0.8920863309352518	supported_gvpa	pf00741_and_competitive_gvpa_support	151.8	84.8	natural_heldout	gvpa	2	nat_55802cc1c7918b91c298
nat_fd0fbb7fdb870f3d334b	fd0fbb7fdb870f3d334b95549ba175e3e4fc5894608f48aea8c8f3dd8c084aee	139	pass	46.3	46.8	0.9743589743589743	gvpa	152.6	gvpj	92.0	60.599999999999994	0.9541984732824428	0.9136690647482014	supported_gvpa	pf00741_and_competitive_gvpa_support	152.6	92.0	natural_heldout	gvpa	2	nat_fd0fbb7fdb870f3d334b
nat_21636e3756ac6619107d	21636e3756ac6619107dbe9048d6023c45297325f9a871763969b412869185d9	136	pass	54.7	55.4	1.0	gvpa	151.3	gvpj	99.5	51.80000000000001	0.8625954198473282	0.8308823529411765	supported_gvpa	pf00741_and_competitive_gvpa_support	151.3	99.5	natural_heldout	gvpa	2	nat_21636e3756ac6619107d
nat_57133a7b2510b9196439	57133a7b2510b9196439ffecdc0b4a8e4ee2a7012a38b074c845f59769e8805f	135	pass	53.8	54.4	1.0	gvpa	150.3	gvpj	98.3	52.000000000000014	0.8702290076335878	0.837037037037037	supported_gvpa	pf00741_and_competitive_gvpa_support	150.3	98.3	natural_heldout	gvpa	2	nat_57133a7b2510b9196439
nat_efd26199102e35f9b478	efd26199102e35f9b47860793ba99e403026b51aaa22a80d0ca4979899e3d9f7	69	pass	61.4	61.7	1.0			gvpa	126.3		0.0	0.0	unsupported	no_qualified_subfamily_hit	126.3	92.0	natural_heldout	gvpa	2	nat_efd26199102e35f9b478
nat_47270a133b8b28fe68b5	47270a133b8b28fe68b5ad327d6e02e4d7036304777930e0726d7dfb216ce637	147	pass	47.4	47.8	1.0	gvpa	154.3	gvpj	86.6	67.70000000000002	0.916030534351145	0.8435374149659864	supported_gvpa	pf00741_and_competitive_gvpa_support	154.3	86.6	natural_heldout	gvpa	2	nat_47270a133b8b28fe68b5
nat_0f515c4258dc68fd3f9c	0f515c4258dc68fd3f9cedc7bd0ec1d8363965240a977e06e73a05c2f6d73f7a	149	pass	43.6	44.1	1.0	gvpa	151.4	gvpj	88.0	63.400000000000006	0.9083969465648855	0.8657718120805369	supported_gvpa	pf00741_and_competitive_gvpa_support	151.4	88.0	natural_heldout	gvpa	2	nat_0f515c4258dc68fd3f9c
nat_40df730c74b4411daafa	40df730c74b4411daafada5d994cd3ff1f924e92d736710a3286ef57e6cbe4a0	136	pass	50.6	51.1	0.9743589743589743	gvpa	144.2	gvpj	96.7	47.499999999999986	0.8702290076335878	0.8676470588235294	supported_gvpa	pf00741_and_competitive_gvpa_support	144.2	96.7	natural_heldout	gvpa	2	nat_40df730c74b4411daafa
nat_d57269e318a762146774	d57269e318a7621467749038a83199c9e2557366487c989d3edf2b762a7e4c75	137	pass	52.3	53.0	0.9743589743589743	gvpa	154.7	gvpj	100.4	54.29999999999998	0.8702290076335878	0.8467153284671532	supported_gvpa	pf00741_and_competitive_gvpa_support	154.7	100.4	natural_heldout	gvpa	2	nat_d57269e318a762146774
nat_c40ddec53c95be722ddc	c40ddec53c95be722ddc82a3b8d328207eae87718e09dce0485170d521373769	122	pass	54.2	54.9	1.0	gvpa	151.0	gvpj	99.7	51.3	0.8702290076335878	0.9180327868852459	supported_gvpa	pf00741_and_competitive_gvpa_support	151.0	99.7	natural_heldout	gvpa	2	nat_c40ddec53c95be722ddc
nat_71225d296257b8b08410	71225d296257b8b08410e32137db21a001ddf424e6d01b0f04ef198e3b3257c0	137	pass	54.3	54.9	1.0	gvpa	152.8	gvpj	98.4	54.400000000000006	0.8778625954198473	0.8394160583941606	supported_gvpa	pf00741_and_competitive_gvpa_support	152.8	98.4	natural_heldout	gvpa	2	nat_71225d296257b8b08410
nat_7d62c45eb5711910c788	7d62c45eb5711910c788fda85d31fc32669666e75e5de15546de735897e3dfc8	136	pass	52.8	53.3	0.9743589743589743	gvpa	154.2	gvpj	99.7	54.499999999999986	0.8931297709923665	0.8455882352941176	supported_gvpa	pf00741_and_competitive_gvpa_support	154.2	99.7	natural_heldout	gvpa	2	nat_7d62c45eb5711910c788
nat_b44c98ec309ed12410ab	b44c98ec309ed12410abbe1e2ebb0d0a4e69c3ea07603df36b7a3d946d68e525	144	pass	47.4	47.9	1.0	gvpa	153.7	gvpj	91.2	62.499999999999986	0.9236641221374046	0.8541666666666666	supported_gvpa	pf00741_and_competitive_gvpa_support	153.7	91.2	natural_heldout	gvpa	2	nat_b44c98ec309ed12410ab
nat_6e6874947488b4bf79cd	6e6874947488b4bf79cd9b1bbe9e642d41ad28079037ae13439b57e5ec3e6c14	78	pass	54.9	55.3	1.0			gvpa	129.4		0.0	0.0	unsupported	no_qualified_subfamily_hit	129.4	92.9	natural_heldout	gvpj	2	nat_6e6874947488b4bf79cd
nat_1d37cbb7aad699cb8ab2	1d37cbb7aad699cb8ab286941aeb4296a7075321a312d7163f8d2bb5f61fda96	70	pass	58.1	58.4	1.0			gvpa	117.5		0.0	0.0	unsupported	no_qualified_subfamily_hit	117.5	86.8	natural_heldout	gvpj	2	nat_1d37cbb7aad699cb8ab2
nat_52dd92a4f7bccb199db6	52dd92a4f7bccb199db6d5f71e6f48a985e1b7281e2ffbdf4ee3885b85067eaa	92	pass	54.9	55.4	1.0			gvpa	125.2		0.0	0.0	unsupported	no_qualified_subfamily_hit	125.2	92.4	natural_heldout	gvpj	2	nat_52dd92a4f7bccb199db6
nat_c2f24f987da7fa8e29d9	c2f24f987da7fa8e29d94c39e1d2cb1b4fc6e21927ab8cfeb82d5a356d913c9e	76	pass	54.1	54.4	1.0			gvpa	117.7		0.0	0.0	unsupported	no_qualified_subfamily_hit	117.7	83.8	natural_heldout	gvpa	2	nat_c2f24f987da7fa8e29d9
nat_8e3261c808d07fdff696	8e3261c808d07fdff696c62b12b2d5d1745c9bb2f87784de853d3f4e08dac666	757	fail			0.0			gvpn	450.3		0.0	0.0	unsupported	no_qualified_subfamily_hit			natural_heldout	gvpn	2	nat_8e3261c808d07fdff696
nat_aa024521c48af22f0cac	aa024521c48af22f0cac29febceb4efbae4411fa7d4b3acf88258b442983e52f	749	fail			0.0			gvpn	452.2		0.0	0.0	unsupported	no_qualified_subfamily_hit			natural_heldout	gvpn	2	nat_aa024521c48af22f0cac
nat_2380c4be7e7372c40f84	2380c4be7e7372c40f8497d543148c625782db0e87ba5d834ba52ca337b9884c	461	fail			0.0	gvpn	393.7				0.751937984496124	0.6334056399132321	other_gvp	competitive_gvpn_support;no_reportable_runner_up			natural_heldout	gvpn	2	nat_2380c4be7e7372c40f84
nat_2fcd2fc7cc42472e48ca	2fcd2fc7cc42472e48ca7ba52e5f731fbe43161e3376e28105434778214503b2	449	fail			0.0	gvpn	490.7	gvpc	21.0	469.7	0.9250645994832042	0.9643652561247216	other_gvp	competitive_gvpn_support			natural_heldout	gvpn	2	nat_2fcd2fc7cc42472e48ca
nat_b73eed73eb852a72ba5a	b73eed73eb852a72ba5a44128815c908b8a36c7145afe98f6cdfb6d3ff7cfd34	445	fail			0.0	gvpn	483.7	gvpc	54.6	429.09999999999997	0.937984496124031	0.9820224719101124	other_gvp	competitive_gvpn_support			natural_heldout	gvpn	2	nat_b73eed73eb852a72ba5a
nat_0191a16db7363afe30ed	0191a16db7363afe30edcc34141898dec52cc9ee2613b3e8c637fc830aed59bf	444	fail			0.0	gvpn	472.3	gvpc	32.6	439.7	0.9405684754521964	0.9684684684684685	other_gvp	competitive_gvpn_support			natural_heldout	gvpn	2	nat_0191a16db7363afe30ed
nat_aea83ae7d90d55b47242	aea83ae7d90d55b4724201edf38c7c9f190ce92077dcea891b45d6b5e1fa332c	433	fail			0.0	gvpn	489.2	gvpc	37.9	451.3	0.937984496124031	0.9792147806004619	other_gvp	competitive_gvpn_support		0.9	natural_heldout	gvpn	2	nat_aea83ae7d90d55b47242
nat_c969850f1da43f74401f	c969850f1da43f74401f8110e7a6b9b73a764dcca972204d7f9974b0f9cf005e	428	fail			0.0	gvpn	493.8	gvpc	46.1	447.7	0.9354005167958657	0.969626168224299	other_gvp	competitive_gvpn_support			natural_heldout	gvpn	2	nat_c969850f1da43f74401f
nat_af4dd8eeb92221642da5	af4dd8eeb92221642da577604cf61f51b80ca892fcf6e01b25f86965885fefcf	421	fail			0.0	gvpn	502.0	gvpc	57.0	445.0	0.9483204134366925	0.9738717339667459	other_gvp	competitive_gvpn_support			natural_heldout	gvpn	2	nat_af4dd8eeb92221642da5
nat_46e559775f06ae9479dd	46e559775f06ae9479dd7ecfc2c58078961b839055ef70d6615568068b499b19	421	fail			0.0	gvpn	470.0				0.7906976744186046	0.7268408551068883	other_gvp	competitive_gvpn_support;no_reportable_runner_up			natural_heldout	gvpn	2	nat_46e559775f06ae9479dd
nat_51a971d9f338f8db29b2	51a971d9f338f8db29b285969b808c9033d454dac27878ae59554de28d54f598	417	fail			0.0	gvpn	495.6	gvpc	22.5	473.1	0.9276485788113695	0.9664268585131894	other_gvp	competitive_gvpn_support			natural_heldout	gvpn	2	nat_51a971d9f338f8db29b2
nat_f082034c255acfb4220b	f082034c255acfb4220bb65b3fdd22af612197992eee2fb91b670b2f8f5cb297	408	fail			0.0	gvpn	483.3	gvpc	46.7	436.6	0.9457364341085271	0.9852941176470589	other_gvp	competitive_gvpn_support			natural_heldout	gvpn	2	nat_f082034c255acfb4220b
nat_f31c98742504249bd8b1	f31c98742504249bd8b13fe759c7b9c65aeda3e415a03502ca79ea7bc70a4b7d	407	fail			0.0	gvpn	477.4	gvpc	47.0	430.4	0.9483204134366925	0.9901719901719902	other_gvp	competitive_gvpn_support			natural_heldout	gvpn	2	nat_f31c98742504249bd8b1
nat_b13a30afcbd95f756c01	b13a30afcbd95f756c01c09fd0f972a2aae9f12c5980d8d0f4b46554bd8c35cf	402	fail			0.0	gvpn	487.1	gvpc	7.8	479.3	0.9689922480620154	0.9800995024875622	other_gvp	competitive_gvpn_support			natural_heldout	gvpn	2	nat_b13a30afcbd95f756c01
nat_748023a818ca467884d7	748023a818ca467884d70e1824181eaf56d9d707883acd6d8701c0d094477029	400	fail			0.0	gvpn	478.0	gvpc	8.1	469.9	0.9638242894056848	0.98	other_gvp	competitive_gvpn_support			natural_heldout	gvpn	2	nat_748023a818ca467884d7
nat_d0019d622a7986c35070	d0019d622a7986c350706b395937497d2bf9f7a82856a1f898f444acb0591c2e	400	fail			0.0	gvpn	479.5	gvpc	2.0	477.5	0.9483204134366925	0.965	other_gvp	competitive_gvpn_support			natural_heldout	gvpn	2	nat_d0019d622a7986c35070
nat_17f71edb92fc68b2218c	17f71edb92fc68b2218c2d55381053662bf817b2a1d3d25aa93715712b832f1b	398	fail			0.0	gvpn	480.9	gvpc	46.2	434.7	0.9534883720930233	0.9849246231155779	other_gvp	competitive_gvpn_support			natural_heldout	gvpn	2	nat_17f71edb92fc68b2218c
nat_944e12d4a525f631f49f	944e12d4a525f631f49f98bcaef5e915d35d49221de0d3b06eb79c29d4524cbb	397	fail			0.0	gvpn	479.8	gvpg	2.6	477.2	0.9405684754521964	0.9672544080604534	other_gvp	competitive_gvpn_support			natural_heldout	gvpn	2	nat_944e12d4a525f631f49f
nat_6041dd5ee0473abd30f2	6041dd5ee0473abd30f29bc2167eaa7566d0b11c961a4f4e308bd453536d21c4	394	fail			0.0	gvpn	480.4	gvpc	45.5	434.9	0.9457364341085271	0.9873096446700508	other_gvp	competitive_gvpn_support			natural_heldout	gvpn	2	nat_6041dd5ee0473abd30f2
nat_3d86e49e4c25ff3762f1	3d86e49e4c25ff3762f1f437859034be34d7d527d7c3909eedb032937bda0f37	393	fail			0.0	gvpn	469.2	gvpc	2.6	466.59999999999997	0.9483204134366925	0.9770992366412213	other_gvp	competitive_gvpn_support			natural_heldout	gvpn	2	nat_3d86e49e4c25ff3762f1
nat_1027009e86e43030bf4d	1027009e86e43030bf4d4f1adab99ee515bb0854965694d5b488c66caf248104	392	fail			0.0	gvpn	467.7	gvpc	3.4	464.3	0.9483204134366925	0.9770408163265306	other_gvp	competitive_gvpn_support			natural_heldout	gvpn	2	nat_1027009e86e43030bf4d
nat_c6a9f832eed0a9cab749	c6a9f832eed0a9cab7492a192f8b17d4d297e72dfce270224b842c3c324367ee	391	fail			0.0	gvpn	468.0	gvpc	3.0	465.0	0.9483204134366925	0.9769820971867008	other_gvp	competitive_gvpn_support			natural_heldout	gvpn	2	nat_c6a9f832eed0a9cab749
nat_f838ee1433dbb14490af	f838ee1433dbb14490afbf60ff97d7e64cf30a7b4eece4ea916e925773a638cc	389	fail			0.0	gvpn	322.3				0.6356589147286822	0.6632390745501285	other_gvp	competitive_gvpn_support;no_reportable_runner_up			natural_heldout	gvpn	2	nat_f838ee1433dbb14490af
nat_dbae310253aa128f5396	dbae310253aa128f539638a616cee35e839d27d20206a453b012e97db70619e8	385	fail			0.0	gvpn	319.5	gvpv	1.3	318.2	0.7441860465116279	0.8207792207792208	other_gvp	competitive_gvpn_support			natural_heldout	gvpn	2	nat_dbae310253aa128f5396
nat_bd6d641af5173919983b	bd6d641af5173919983b483006a46e270ab405b5e9d40656f71550836276f605	384	fail			0.0	gvpn	485.0	gvpc	7.9	477.1	0.9689922480620154	0.9765625	other_gvp	competitive_gvpn_support			natural_heldout	gvpn	2	nat_bd6d641af5173919983b
nat_fdd333370b4bafa79ad4	fdd333370b4bafa79ad49da626cfc39d75910d45c364198a2d3fca83a67a6994	382	fail			0.0	gvpn	443.4				0.7906976744186046	0.806282722513089	other_gvp	competitive_gvpn_support;no_reportable_runner_up			natural_heldout	gvpn	2	nat_fdd333370b4bafa79ad4
nat_9af7854b4cc48e7d4db5	9af7854b4cc48e7d4db5bab13871af5e9ea15d9fb0edecf55af7e0fbd4d63d2b	380	fail			0.0	gvpn	418.8	gvpc	0.6	418.2	0.7622739018087855	0.7842105263157895	other_gvp	competitive_gvpn_support			natural_heldout	gvpn	2	nat_9af7854b4cc48e7d4db5
nat_751560713494d34e3694	751560713494d34e36941a712b1836d6414052d9ada11f22f375a04b18195e85	378	fail			0.0	gvpc	83.0				0.9411764705882353	0.8042328042328042	other_gvp	competitive_gvpc_support;no_reportable_runner_up			natural_heldout	gvpc	2	nat_751560713494d34e3694
nat_7f5329f23c9d650fc5c5	7f5329f23c9d650fc5c530ac6bf9f37f9ee0103e0b2eda2e366a65416c96e0ef	376	fail			0.0	gvpn	454.9				0.7984496124031008	0.824468085106383	other_gvp	competitive_gvpn_support;no_reportable_runner_up			natural_heldout	gvpn	2	nat_7f5329f23c9d650fc5c5
nat_f6a69c0e0736bb18b1ef	f6a69c0e0736bb18b1ef672cd6dbff064c718918b33bb4ee131b0482f194eb6a	373	fail			0.0	gvpn	341.8				0.7596899224806202	0.8310991957104558	other_gvp	competitive_gvpn_support;no_reportable_runner_up			natural_heldout	gvpn	2	nat_f6a69c0e0736bb18b1ef
nat_d30bf18fe1fcece92677	d30bf18fe1fcece926775660f3cf807c3970a966e52eb63de7095005cf3c6f45	369	fail			0.0	gvpl	377.7	gvpk	1.5	376.2	0.9607142857142857	0.7479674796747967	other_gvp	competitive_gvpl_support			natural_heldout	gvpl	2	nat_d30bf18fe1fcece92677
nat_69c6a080a2aae0003e51	69c6a080a2aae0003e51c90fcab8da3de54e293d933d18d1a0827f03a3d7174a	368	fail			0.0	gvpc	228.3	gvpn	9.8	218.5	0.9943977591036415	0.967391304347826	other_gvp	competitive_gvpc_support			natural_heldout	gvpc	2	nat_69c6a080a2aae0003e51
nat_22f569c1a9e2e816964c	22f569c1a9e2e816964ce75898cd7bffb3315aa55a73a4aa9a5ee543a360ff75	367	fail			0.0	gvpl	378.1	gvpk	1.1	377.0	0.9607142857142857	0.7520435967302452	other_gvp	competitive_gvpl_support			natural_heldout	gvpl	2	nat_22f569c1a9e2e816964c
nat_5d52f7cf3edcb56a666d	5d52f7cf3edcb56a666d048b46b26294dd9a1e78f1a710887419ef49a4a52783	366	fail			0.0	gvpn	438.2				0.8036175710594315	0.855191256830601	other_gvp	competitive_gvpn_support;no_reportable_runner_up			natural_heldout	gvpn	2	nat_5d52f7cf3edcb56a666d
nat_057a6e1e55058641b98a	057a6e1e55058641b98acba04073bbc472e8c4712459f9f7f10f2a9bdc3313e0	364	fail			0.0	gvpn	442.6				0.7958656330749354	0.8516483516483516	other_gvp	competitive_gvpn_support;no_reportable_runner_up			natural_heldout	gvpn	2	nat_057a6e1e55058641b98a
nat_b36007e4e27659013e8f	b36007e4e27659013e8f8c348fdf64d6e8e0c5d0d80a4afd68a08021579b4c1d	363	fail			0.0	gvpn	442.7				0.7932816537467701	0.8512396694214877	other_gvp	competitive_gvpn_support;no_reportable_runner_up			natural_heldout	gvpn	2	nat_b36007e4e27659013e8f
nat_5334628e29495da4bcb2	5334628e29495da4bcb2e6e111e8545349dc9c29a19232a818de49580e1f937a	359	fail			0.0	gvpn	456.3				0.8708010335917312	0.9693593314763231	other_gvp	competitive_gvpn_support;no_reportable_runner_up			natural_heldout	gvpn	2	nat_5334628e29495da4bcb2
nat_e82c3c0653b9cb62153b	e82c3c0653b9cb62153be0dbe0c257308aa5e9555495784a0c73f5d5022d25be	358	fail			0.0	gvpn	367.4				0.7545219638242894	0.7988826815642458	other_gvp	competitive_gvpn_support;no_reportable_runner_up			natural_heldout	gvpn	2	nat_e82c3c0653b9cb62153b
nat_8b87e4f22868b02a4a4a	8b87e4f22868b02a4a4a165e04cf1a1a4dc9ab47cf4b29d0cc861c7ea1c68b1e	356	fail			0.0	gvpn	467.5	gvpc	8.1	459.4	0.8940568475452196	0.9803370786516854	other_gvp	competitive_gvpn_support			natural_heldout	gvpn	2	nat_8b87e4f22868b02a4a4a
nat_c6e3c14644f67cebef3e	c6e3c14644f67cebef3e0c821f6fb92942efbefce9e6286cf5cef7282f81d621	356	fail			0.0	gvpn	367.6	gvpa	0.1	367.5	0.7441860465116279	0.7921348314606742	other_gvp	competitive_gvpn_support	0.1		natural_heldout	gvpn	2	nat_c6e3c14644f67cebef3e
nat_8be2453bae0b87eb4953	8be2453bae0b87eb49539c6c29eee46ad3b51419c8a964fbd356efab8cd924ff	355	fail			0.0	gvpn	450.9				0.7260981912144703	0.7915492957746478	other_gvp	competitive_gvpn_support;no_reportable_runner_up			natural_heldout	gvpn	2	nat_8be2453bae0b87eb4953
nat_30b62618e113e3626d42	30b62618e113e3626d42ca0de7abc03cf7ca674f99e0b395d1fb91acfa2b19d1	355	fail			0.0	gvpn	439.5				0.7932816537467701	0.8704225352112676	other_gvp	competitive_gvpn_support;no_reportable_runner_up			natural_heldout	gvpn	2	nat_30b62618e113e3626d42
nat_0e37face31f27f3afe2e	0e37face31f27f3afe2e633571b2a24fee791db89e03964e41a6c55f4a14314f	355	fail	11.7	13.0	0.4358974358974359	gvpc	162.9	gvpn	17.4	145.5	0.6582633053221288	0.7352112676056338	other_gvp	competitive_gvpc_support		11.0	natural_heldout	gvpc	2	nat_0e37face31f27f3afe2e
nat_96692d52d60a21dbcddd	96692d52d60a21dbcddd84664f1493e7a746404ae4434fca1cc5bc02c3154152	354	fail			0.0	gvpn	337.7				0.710594315245478	0.7937853107344632	other_gvp	competitive_gvpn_support;no_reportable_runner_up			natural_heldout	gvpn	2	nat_96692d52d60a21dbcddd
nat_ffc430cd837976f6c9f6	ffc430cd837976f6c9f6d42577c58050e860f0d4a36edc6a8fbe48dc20bad40b	353	fail			0.0	gvpc	153.4	gvpn	26.9	126.5	0.6750700280112045	0.7875354107648725	other_gvp	competitive_gvpc_support			natural_heldout	gvpc	2	nat_ffc430cd837976f6c9f6
nat_9a8224ddbc9c22801acd	9a8224ddbc9c22801acd873f3e3ba8ada77150b45ac8b52c44a5f9c5818231bb	352	fail			0.0	gvpn	454.3				0.7855297157622739	0.8636363636363636	other_gvp	competitive_gvpn_support;no_reportable_runner_up			natural_heldout	gvpn	2	nat_9a8224ddbc9c22801acd
nat_29b91c4d483d1b07a362	29b91c4d483d1b07a362f2ee33acb04d338da97c3ae3f4a4fb7688f8ced5ee92	351	fail			0.0	gvpl	381.2	gvpg	1.9	379.3	0.9571428571428572	0.7777777777777778	other_gvp	competitive_gvpl_support			natural_heldout	gvpl	2	nat_29b91c4d483d1b07a362
nat_66850160e794181cb889	66850160e794181cb889c7ac24be1eb06ce9655f4d4182e28f2d7810dfdeb35a	349	fail			0.0	gvpn	439.9				0.8113695090439277	0.9054441260744985	other_gvp	competitive_gvpn_support;no_reportable_runner_up			natural_heldout	gvpn	2	nat_66850160e794181cb889
nat_b2284ef968ad70670927	b2284ef968ad70670927b20b8c83f9e3ada7cba6ba159a8f337bb785ac5301bf	349	fail			0.0	gvpn	343.4	gvpc	1.4	342.0	0.7441860465116279	0.828080229226361	other_gvp	competitive_gvpn_support			natural_heldout	gvpn	2	nat_b2284ef968ad70670927
nat_cea43bcd71c7118fb338	cea43bcd71c7118fb33826ec79749945a2b98d17c8a89e3ad76451f20dfc6f75	349	fail			0.0	gvpn	437.7				0.7803617571059431	0.8710601719197708	other_gvp	competitive_gvpn_support;no_reportable_runner_up			natural_heldout	gvpn	2	nat_cea43bcd71c7118fb338
nat_aa2f6d91e9bb3a4877e3	aa2f6d91e9bb3a4877e367471274ee91f4a49071f045ef0b92c21f947f51cbfc	347	fail			0.0	gvpn	345.6	gvpk	0.2	345.40000000000003	0.710594315245478	0.7896253602305475	other_gvp	competitive_gvpn_support			natural_heldout	gvpn	2	nat_aa2f6d91e9bb3a4877e3
nat_df641bbc6ceeeb67e11b	df641bbc6ceeeb67e11b30127e150af642d20644204e072c62b6fa22a7aa7c08	347	fail			0.0	gvpn	456.1				0.8397932816537468	0.9423631123919308	other_gvp	competitive_gvpn_support;no_reportable_runner_up			natural_heldout	gvpn	2	nat_df641bbc6ceeeb67e11b
nat_08806a564e7c2fb64d8a	08806a564e7c2fb64d8a4898f58a26f338fd5fcfa7adae2071d9211edd12c4df	346	fail			0.0	gvpn	393.0				0.7777777777777778	0.8728323699421965	other_gvp	competitive_gvpn_support;no_reportable_runner_up			natural_heldout	gvpn	2	nat_08806a564e7c2fb64d8a
nat_1bb8c3052c79ed7b3013	1bb8c3052c79ed7b301359b3c11879803e26387481889ec38f2dbb5c435bc590	344	fail			0.0	gvpl	383.6	gvpv	6.9	376.70000000000005	0.975	0.8691860465116279	other_gvp	competitive_gvpl_support			natural_heldout	gvpl	2	nat_1bb8c3052c79ed7b3013
nat_45d3092c15b7e9badf24	45d3092c15b7e9badf24efbdf25d9ac3e0c1dc6009d094698c331d81d07ba0de	344	fail			0.0	gvpn	333.1				0.7364341085271318	0.8197674418604651	other_gvp	competitive_gvpn_support;no_reportable_runner_up			natural_heldout	gvpn	2	nat_45d3092c15b7e9badf24
nat_1170e078d9d96969bdea	1170e078d9d96969bdea8020caffd83d87f1e29dcf58b52c91222df8a3950c72	344	fail			0.0	gvpn	357.3				0.7545219638242894	0.8313953488372093	other_gvp	competitive_gvpn_support;no_reportable_runner_up			natural_heldout	gvpn	2	nat_1170e078d9d96969bdea
nat_ec10e0156991628947d7	ec10e0156991628947d7fae4b41824f584b45a57aa23c1cc84df5f7a283b6f1c	344	fail			0.0	gvpn	375.5				0.7441860465116279	0.8168604651162791	other_gvp	competitive_gvpn_support;no_reportable_runner_up			natural_heldout	gvpn	2	nat_ec10e0156991628947d7
nat_3746fe8ba06fb11c8391	3746fe8ba06fb11c8391cff1ed6352ac71f28e6971e64c463ebcdf56e38e5bf8	343	fail			0.0	gvpl	323.4				0.9928571428571429	0.967930029154519	other_gvp	competitive_gvpl_support;no_reportable_runner_up			natural_heldout	gvpl	2	nat_3746fe8ba06fb11c8391
nat_a895f4b7ef74bb829558	a895f4b7ef74bb829558a0175915acf520386045470c139c93dc92d019520050	343	fail			0.0	gvpn	375.5				0.7441860465116279	0.8192419825072886	other_gvp	competitive_gvpn_support;no_reportable_runner_up			natural_heldout	gvpn	2	nat_a895f4b7ef74bb829558
nat_a38ad176ccc03d260633	a38ad176ccc03d2606337607934a5b5108242e1bf803241365dc91afc81875e1	343	fail			0.0	gvpn	395.3				0.7674418604651163	0.8688046647230321	other_gvp	competitive_gvpn_support;no_reportable_runner_up			natural_heldout	gvpn	2	nat_a38ad176ccc03d260633
nat_8e55878fc5504bc64f4e	8e55878fc5504bc64f4e17be52277d324b484bdbf74dbb566db49476061f1398	342	fail			0.0	gvpl	381.0	gvpv	7.1	373.9	0.9678571428571429	0.8625730994152047	other_gvp	competitive_gvpl_support			natural_heldout	gvpl	2	nat_8e55878fc5504bc64f4e
nat_64596db3da2e0f62b06d	64596db3da2e0f62b06dbd5022724fe1e1ca77089f9061498acb86917bdcfd13	342	fail			0.0	gvpn	351.6				0.7571059431524548	0.8596491228070176	other_gvp	competitive_gvpn_support;no_reportable_runner_up			natural_heldout	gvpn	2	nat_64596db3da2e0f62b06d
nat_8341b66f59910b6f034e	8341b66f59910b6f034e9a3c9baf95b9b7e202d991b1f46de21a05e275913d0d	342	fail			0.0	gvpn	441.6				0.8036175710594315	0.9152046783625731	other_gvp	competitive_gvpn_support;no_reportable_runner_up			natural_heldout	gvpn	2	nat_8341b66f59910b6f034e
nat_a3f9b6ab62b23c54d5e8	a3f9b6ab62b23c54d5e8a926678f44c206b92fb933772f129450b0c6706404ed	341	fail			0.0	gvpn	351.9	gvpk	1.7	350.2	0.7467700258397932	0.8504398826979472	other_gvp	competitive_gvpn_support			natural_heldout	gvpn	2	nat_a3f9b6ab62b23c54d5e8
nat_db00ca9c8e1463d05a4b	db00ca9c8e1463d05a4b2b9dce4e6169bc9a6de2a483f9d0b726c8c11cfbcc24	341	fail			0.0	gvpn	409.3				0.7932816537467701	0.9032258064516129	other_gvp	competitive_gvpn_support;no_reportable_runner_up			natural_heldout	gvpn	2	nat_db00ca9c8e1463d05a4b
nat_e13a928701aeb9987942	e13a928701aeb99879429ebcc2d88ee305e0c3b926579da81e8727e4d368c70a	341	fail			0.0	gvpn	394.2				0.7700258397932817	0.8768328445747801	other_gvp	competitive_gvpn_support;no_reportable_runner_up			natural_heldout	gvpn	2	nat_e13a928701aeb9987942
nat_471e3c107429ba4d5a30	471e3c107429ba4d5a30c3e6236d0ab565ca7cfd439a9940858f12df62f6190c	341	fail			0.0	gvpn	347.5				0.7338501291989664	0.8357771260997068	other_gvp	competitive_gvpn_support;no_reportable_runner_up			natural_heldout	gvpn	2	nat_471e3c107429ba4d5a30
nat_40a0a8750aca528762bd	40a0a8750aca528762bdb520c5c27a5ffd2eb756336db4770dc356d67425a980	340	fail			0.0	gvpn	366.8				0.7416020671834626	0.8264705882352941	other_gvp	competitive_gvpn_support;no_reportable_runner_up			natural_heldout	gvpn	2	nat_40a0a8750aca528762bd
nat_78837e50f9939021a2ee	78837e50f9939021a2eedd20c7008ae83e937c9fc62ea2896af9b64de355af1e	340	fail			0.0	gvpn	408.1				0.7932816537467701	0.9058823529411765	other_gvp	competitive_gvpn_support;no_reportable_runner_up			natural_heldout	gvpn	2	nat_78837e50f9939021a2ee
nat_279efeb59838dbe6860a	279efeb59838dbe6860ac383ca18e80e012a2d29fed6e2a472fa37aa45f99cec	340	fail			0.0	gvpn	349.8	gvpg	2.1	347.7	0.7441860465116279	0.8470588235294118	other_gvp	competitive_gvpn_support			natural_heldout	gvpn	2	nat_279efeb59838dbe6860a
nat_82e6288c889f798ef492	82e6288c889f798ef49286aef7f1fc58f21f6d4f26fae4fa511e2026147cf2cb	339	fail			0.0	gvpn	456.9				0.7881136950904393	0.8997050147492626	other_gvp	competitive_gvpn_support;no_reportable_runner_up			natural_heldout	gvpn	2	nat_82e6288c889f798ef492
nat_7dde195cdd64956680f5	7dde195cdd64956680f55a8ec8e77c9c35b28bc7860fac6889d411b4835b9e1f	339	fail			0.0	gvpn	399.3				0.7932816537467701	0.9026548672566371	other_gvp	competitive_gvpn_support;no_reportable_runner_up			natural_heldout	gvpn	2	nat_7dde195cdd64956680f5
nat_8c16a3a702fa704d18aa	8c16a3a702fa704d18aad6d2eada70a83dcab810d4addadc405679ce5fad38ed	339	fail			0.0	gvpn	348.2				0.751937984496124	0.8377581120943953	other_gvp	competitive_gvpn_support;no_reportable_runner_up			natural_heldout	gvpn	2	nat_8c16a3a702fa704d18aa
nat_2479842a47e1e4877d8a	2479842a47e1e4877d8af715ac719ac6eb43c8c3aa34822101ac65cc3d495977	338	fail			0.0	gvpn	342.7	gvpf	1.3	341.4	0.7338501291989664	0.8195266272189349	other_gvp	competitive_gvpn_support			natural_heldout	gvpn	2	nat_2479842a47e1e4877d8a
nat_34096e78626d08f58ede	34096e78626d08f58ede5f98984f543cb282fb5c747abcbe9ae58e7740fd6e93	338	fail			0.0	gvpn	392.6				0.7751937984496124	0.8905325443786982	other_gvp	competitive_gvpn_support;no_reportable_runner_up			natural_heldout	gvpn	2	nat_34096e78626d08f58ede
nat_16c77cc1fdd241647b56	16c77cc1fdd241647b56d7897f1c5054d8531d25620be8d8725b72366fe0390a	337	fail			0.0	gvpn	420.1				0.7932816537467701	0.9169139465875371	other_gvp	competitive_gvpn_support;no_reportable_runner_up			natural_heldout	gvpn	2	nat_16c77cc1fdd241647b56
nat_d8b0e73e1d04232131a7	d8b0e73e1d04232131a74f8bf3d56944d1fa71ac66c7282b6643b5a03c3690ef	337	fail			0.0	gvpn	461.2				0.7596899224806202	0.8724035608308606	other_gvp	competitive_gvpn_support;no_reportable_runner_up			natural_heldout	gvpn	2	nat_d8b0e73e1d04232131a7
nat_ea3e9ad58e17baf83b06	ea3e9ad58e17baf83b0622eb06fa3db1ec6a9f907a6e6626175d1cd939fd84f7	336	fail			0.0	gvpn	459.5				0.7829457364341085	0.9017857142857143	other_gvp	competitive_gvpn_support;no_reportable_runner_up			natural_heldout	gvpn	2	nat_ea3e9ad58e17baf83b06
nat_3d198f54418d7b19c523	3d198f54418d7b19c5233f92fc421522f491339b6b034c9a24b56d576a12d1b5	336	fail			0.0	gvpn	456.1				0.7906976744186046	0.9136904761904762	other_gvp	competitive_gvpn_support;no_reportable_runner_up			natural_heldout	gvpn	2	nat_3d198f54418d7b19c523
nat_545d493608c2e165bf9c	545d493608c2e165bf9ca7a6d8846951033c491b3fde45ded836321c7fbb5de4	335	fail			0.0	gvpl	374.5	gvpv	3.9	370.6	0.9642857142857143	0.8537313432835821	other_gvp	competitive_gvpl_support			natural_heldout	gvpl	2	nat_545d493608c2e165bf9c
nat_595925e29b600b4eb760	595925e29b600b4eb76056340c1b6c1ca8df2c4eeca711fd064b01435e99eb0a	335	fail			0.0	gvpn	457.4				0.7700258397932817	0.8895522388059701	other_gvp	competitive_gvpn_support;no_reportable_runner_up			natural_heldout	gvpn	2	nat_595925e29b600b4eb760
nat_eb0642b0187063dd3efd	eb0642b0187063dd3efd9b328cd4ae59ed81635eed99b18694dee990b6e89015	335	fail			0.0	gvpn	436.6				0.710594315245478	0.8238805970149253	other_gvp	competitive_gvpn_support;no_reportable_runner_up			natural_heldout	gvpn	2	nat_eb0642b0187063dd3efd
nat_2df69daa3558ff90d6d4	2df69daa3558ff90d6d44c8a290348e7afa2566de4dbb9c5932630e6390e74d0	334	fail			0.0	gvpl	322.5	gvpv	1.4	321.1	0.9928571428571429	0.9670658682634731	other_gvp	competitive_gvpl_support			natural_heldout	gvpl	2	nat_2df69daa3558ff90d6d4
nat_fdbae9039fa3d4e1c4d0	fdbae9039fa3d4e1c4d06fa94a2e4aaba3585662ee28168831c0eb176a896a3d	334	fail			0.0	gvpn	446.6				0.7777777777777778	0.9041916167664671	other_gvp	competitive_gvpn_support;no_reportable_runner_up			natural_heldout	gvpn	2	nat_fdbae9039fa3d4e1c4d0
nat_e348ff5b2a1292d5975a	e348ff5b2a1292d5975a5227ea7f7ab8d5543ff66abb84300ada9b91efb010df	333	fail			0.0	gvpn	447.4				0.7803617571059431	0.9069069069069069	other_gvp	competitive_gvpn_support;no_reportable_runner_up			natural_heldout	gvpn	2	nat_e348ff5b2a1292d5975a
nat_685a42f11f71ff4e28cf	685a42f11f71ff4e28cfff119ddef20471e335f075abccd091340433b190b7d8	331	fail			0.0	gvpn	358.0				0.7080103359173127	0.8277945619335347	other_gvp	competitive_gvpn_support;no_reportable_runner_up			natural_heldout	gvpn	2	nat_685a42f11f71ff4e28cf
nat_65e58812da89f40aaebc	65e58812da89f40aaebcb8aadcaf90cc561c49505668154aa16686a39706443e	331	fail			0.0	gvpn	453.9	gvpk	1.6	452.29999999999995	0.8113695090439277	0.9486404833836858	other_gvp	competitive_gvpn_support			natural_heldout	gvpn	2	nat_65e58812da89f40aaebc
nat_2b37fb345f0eede20bf3	2b37fb345f0eede20bf39ad8fb566ff27a883ffbfd3a8cd957965e14d7bfdfac	330	fail			0.0	gvpn	447.8				0.7881136950904393	0.9242424242424242	other_gvp	competitive_gvpn_support;no_reportable_runner_up			natural_heldout	gvpn	2	nat_2b37fb345f0eede20bf3
nat_2aeeb7204514959b4109	2aeeb7204514959b410947c42b1dd9716bee3e4146b835a15a1867b4075d4b54	329	fail			0.0	gvpn	451.5	gvpk	0.8	450.7	0.7932816537467701	0.9331306990881459	other_gvp	competitive_gvpn_support			natural_heldout	gvpn	2	nat_2aeeb7204514959b4109
nat_144f47620afa1a7c4163	144f47620afa1a7c4163d7b5540a96e1a0e541e7e9389e5ee365ad6a1508e68d	328	fail			0.0	gvpl	390.3	gvpc	5.6	384.7	0.9785714285714285	0.899390243902439	other_gvp	competitive_gvpl_support			natural_heldout	gvpl	2	nat_144f47620afa1a7c4163
nat_75a033ca7183447c8e24	75a033ca7183447c8e2488c0cd1a8dc6db5e9596b8a0af182484f349972c6d85	328	fail			0.0	gvpl	378.7	gvpv	2.4	376.3	0.9607142857142857	0.8567073170731707	other_gvp	competitive_gvpl_support			natural_heldout	gvpl	2	nat_75a033ca7183447c8e24
nat_3bdd2e4a8cfc279acbef	3bdd2e4a8cfc279acbef6598fe5f5de92d3de91aa1a975c76f3e00a59cade413	327	fail			0.0	gvpl	378.7	gvpv	1.9	376.8	0.975	0.8990825688073395	other_gvp	competitive_gvpl_support			natural_heldout	gvpl	2	nat_3bdd2e4a8cfc279acbef
nat_93406b3ad796dc742fb6	93406b3ad796dc742fb67e208c995d71310bb24e92ccaf45819f82148293cb33	327	fail			0.0	gvpn	417.8				0.7700258397932817	0.9357798165137615	other_gvp	competitive_gvpn_support;no_reportable_runner_up			natural_heldout	gvpn	2	nat_93406b3ad796dc742fb6
nat_5fd7f86add4de507494b	5fd7f86add4de507494b8950176787dd272b728c71e84ed4a9949c0e2c7e419e	327	fail			0.0	gvpn	409.3				0.7932816537467701	0.9418960244648318	other_gvp	competitive_gvpn_support;no_reportable_runner_up			natural_heldout	gvpn	2	nat_5fd7f86add4de507494b
nat_e0bf342be5767405a16f	e0bf342be5767405a16f2dca70578fbe4b900e9c6c3331cdeca31998bed0b8f4	327	fail			0.0	gvpn	425.1				0.7803617571059431	0.9357798165137615	other_gvp	competitive_gvpn_support;no_reportable_runner_up			natural_heldout	gvpn	2	nat_e0bf342be5767405a16f
nat_8b9e6b66305e8c27f352	8b9e6b66305e8c27f3526c68c53431d00a18e58d0be1057c22bde5c9dd263041	327	fail			0.0			gvpc	11.3		0.0	0.0	unsupported	no_qualified_subfamily_hit			natural_heldout	gvpc	2	nat_8b9e6b66305e8c27f352
nat_ed04590ddb4f4b88a9ee	ed04590ddb4f4b88a9ee3a008eebc60a85245c85d384791ce087eff9dcaeb05e	326	fail			0.0	gvpn	386.1	gvpf	1.8	384.3	0.7493540051679587	0.8987730061349694	other_gvp	competitive_gvpn_support			natural_heldout	gvpn	2	nat_ed04590ddb4f4b88a9ee
nat_7e313389d30c4624c36d	7e313389d30c4624c36d4dd81e1ce7ba1ffeace892e7d1f22e81571d2936a0bb	325	fail			0.0	gvpn	441.9				0.7777777777777778	0.9261538461538461	other_gvp	competitive_gvpn_support;no_reportable_runner_up			natural_heldout	gvpn	2	nat_7e313389d30c4624c36d
nat_58d5c8c5a9527e54e447	58d5c8c5a9527e54e44756554ad25f771d35d038f49d9a18744eb390ae45bf02	324	fail			0.0	gvpn	409.7				0.7596899224806202	0.904320987654321	other_gvp	competitive_gvpn_support;no_reportable_runner_up			natural_heldout	gvpn	2	nat_58d5c8c5a9527e54e447
nat_7fc3d35f6609a93d0dd1	7fc3d35f6609a93d0dd1ea1bac1b5a5811cd2504ba2012e30e02e6af10678e46	323	fail			0.0	gvpl	388.6	gvpv	5.1	383.5	0.9785714285714285	0.8637770897832817	other_gvp	competitive_gvpl_support			natural_heldout	gvpl	2	nat_7fc3d35f6609a93d0dd1
nat_9b5f9b7ef68b10434976	9b5f9b7ef68b10434976bbf9a4e8460e23c981029f250470d37d453466638ddf	322	fail			0.0	gvpl	391.1	gvpv	4.6	386.5	0.9785714285714285	0.9006211180124224	other_gvp	competitive_gvpl_support			natural_heldout	gvpl	2	nat_9b5f9b7ef68b10434976
nat_182237e22095168ab3a7	182237e22095168ab3a7db4021988cb4422368082d50bea276d5f1f3ba19409c	322	fail			0.0	gvpl	381.4	gvpg	2.2	379.2	0.9607142857142857	0.8509316770186336	other_gvp	competitive_gvpl_support			natural_heldout	gvpl	2	nat_182237e22095168ab3a7
nat_1c83b7230e48b0f9f02d	1c83b7230e48b0f9f02d5651a3991a3e9357ec8950f9b2c1c0116ee24027ced9	322	fail			0.0	gvpl	385.2	gvpv	3.1	382.09999999999997	0.975	0.8975155279503105	other_gvp	competitive_gvpl_support			natural_heldout	gvpl	2	nat_1c83b7230e48b0f9f02d
nat_bb4ad0389d3d02787ebc	bb4ad0389d3d02787ebc37bff559d78441f1f9afdd14528b3e12b5089cf213a5	321	fail			0.0	gvpn	448.1				0.7881136950904393	0.956386292834891	other_gvp	competitive_gvpn_support;no_reportable_runner_up			natural_heldout	gvpn	2	nat_bb4ad0389d3d02787ebc
nat_ebcd2a7f6128cf55e939	ebcd2a7f6128cf55e939dedf9c2397e63a3bfe53780470404d495defc86faf57	320	fail			0.0	gvpl	387.6	gvpv	4.0	383.6	0.975	0.86875	other_gvp	competitive_gvpl_support			natural_heldout	gvpl	2	nat_ebcd2a7f6128cf55e939
nat_11b2a80a41a28a82fe14	11b2a80a41a28a82fe14dc4eeb088b5d6ada2de6cb56b2349d3589401398d0a7	320	fail			0.0	gvpl	380.7	gvpv	1.1	379.59999999999997	0.9785714285714285	0.884375	other_gvp	competitive_gvpl_support			natural_heldout	gvpl	2	nat_11b2a80a41a28a82fe14
nat_6741f22002745c69f35f	6741f22002745c69f35fed361564d6fda0777bdfff3a67b59f9f027899a2b262	320	fail			0.0	gvpl	388.9	gvpv	3.1	385.79999999999995	0.9785714285714285	0.89375	other_gvp	competitive_gvpl_support			natural_heldout	gvpl	2	nat_6741f22002745c69f35f
nat_46199ccaadb803009175	46199ccaadb8030091756eb467178e88a3a469f564211b03f86ac6c5eb268a68	320	fail			0.0	gvpn	451.3				0.7777777777777778	0.946875	other_gvp	competitive_gvpn_support;no_reportable_runner_up			natural_heldout	gvpn	2	nat_46199ccaadb803009175
nat_b6788780f8276706d4f8	b6788780f8276706d4f8900916bfff7c727083b63c8ae41775cb04bfd0b8eed3	320	fail			0.0	gvpn	421.1				0.7777777777777778	0.94375	other_gvp	competitive_gvpn_support;no_reportable_runner_up			natural_heldout	gvpn	2	nat_b6788780f8276706d4f8
nat_71c932e8fba7c6f5dfc0	71c932e8fba7c6f5dfc078d6826d3a5bd1e7729d571237d292db2fde0a554992	319	fail			0.0	gvpl	389.7	gvpv	1.6	388.09999999999997	0.9785714285714285	0.8934169278996865	other_gvp	competitive_gvpl_support			natural_heldout	gvpl	2	nat_71c932e8fba7c6f5dfc0
nat_f9785b60713e991b45d7	f9785b60713e991b45d7e6411547c874f29f69a79aa025d400fb2132d1b056bf	319	fail			0.0	gvpl	386.0	gvpc	3.6	382.4	0.9714285714285714	0.8840125391849529	other_gvp	competitive_gvpl_support			natural_heldout	gvpl	2	nat_f9785b60713e991b45d7
nat_077e4a2d156e5a34861f	077e4a2d156e5a34861f6ccb8af3132d580b42b85dc46d310fb8e46b8a2c0b5d	319	fail			0.0	gvpn	402.7				0.7416020671834626	0.8840125391849529	other_gvp	competitive_gvpn_support;no_reportable_runner_up			natural_heldout	gvpn	2	nat_077e4a2d156e5a34861f
nat_2022a6c27d72ff193c60	2022a6c27d72ff193c608c62323c378a91a70a9cea885d4f64afe0d201ef4d96	319	fail			0.0	gvpn	427.6				0.7596899224806202	0.9247648902821317	other_gvp	competitive_gvpn_support;no_reportable_runner_up			natural_heldout	gvpn	2	nat_2022a6c27d72ff193c60
nat_6ee31a02fdf1277873e8	6ee31a02fdf1277873e8aae78edfc1fd02b411bd7048d3b76d3ffb8c94892959	318	fail			0.0	gvpl	381.0	gvpv	4.3	376.7	0.9535714285714286	0.8490566037735849	other_gvp	competitive_gvpl_support			natural_heldout	gvpl	2	nat_6ee31a02fdf1277873e8
nat_e778f1c75487e219316a	e778f1c75487e219316a9c33d2f1c21fcde41fd04cdf31be9dc19f27934ae69d	318	fail			0.0	gvpn	419.6				0.7751937984496124	0.9465408805031447	other_gvp	competitive_gvpn_support;no_reportable_runner_up			natural_heldout	gvpn	2	nat_e778f1c75487e219316a
nat_c599808be516a1f982a6	c599808be516a1f982a644823e7814c27153bafd0de1ca490eb483cbcdb7b68d	317	fail			0.0	gvpl	375.2	gvpc	1.6	373.59999999999997	0.9678571428571429	0.8706624605678234	other_gvp	competitive_gvpl_support			natural_heldout	gvpl	2	nat_c599808be516a1f982a6
nat_a69301e4ba1c03b7790b	a69301e4ba1c03b7790bb1ada797b385fee1827064d46a1ace282202cfd6f6b7	316	fail			0.0	gvpl	382.3	gvpv	7.4	374.90000000000003	0.9714285714285714	0.8734177215189873	other_gvp	competitive_gvpl_support			natural_heldout	gvpl	2	nat_a69301e4ba1c03b7790b
nat_3512bc187bf6b327c25b	3512bc187bf6b327c25b9a0269363af347b80ddc9ee58c9a83bd2f4e3fa78f66	316	fail			0.0	gvpl	389.6	gvpc	0.4	389.20000000000005	0.9678571428571429	0.879746835443038	other_gvp	competitive_gvpl_support			natural_heldout	gvpl	2	nat_3512bc187bf6b327c25b
nat_21d7ed4fbf6b3e9197c9	21d7ed4fbf6b3e9197c94080b09a34cfc1597da7743f4d7a6d1f210969dac379	316	fail			0.0	gvpl	376.5	gvpv	1.3	375.2	0.975	0.8987341772151899	other_gvp	competitive_gvpl_support			natural_heldout	gvpl	2	nat_21d7ed4fbf6b3e9197c9
nat_28794773350b0e96f58a	28794773350b0e96f58a927001c8dadc2ae1a35d09e3391d911432037e4d8fa0	316	fail			0.0	gvpl	388.4	gvpc	0.6	387.79999999999995	0.9785714285714285	0.8987341772151899	other_gvp	competitive_gvpl_support			natural_heldout	gvpl	2	nat_28794773350b0e96f58a
nat_90aff439e5b13407840a	90aff439e5b13407840af2870df73c9c381c688f7ebf7a9f2b05012351867f61	316	fail			0.0	gvpl	381.5	gvpv	2.1	379.4	0.9785714285714285	0.8987341772151899	other_gvp	competitive_gvpl_support			natural_heldout	gvpl	2	nat_90aff439e5b13407840a
nat_a62b75f57dd811b31d67	a62b75f57dd811b31d67cf6ad17bd4c8d25d874d7c482b40edb75abd5908b550	316	fail			0.0	gvpl	383.0	gvpv	4.8	378.2	0.9714285714285714	0.8734177215189873	other_gvp	competitive_gvpl_support			natural_heldout	gvpl	2	nat_a62b75f57dd811b31d67
nat_88b9978da1fe9dc46015	88b9978da1fe9dc46015e574d01319fd734e808720a2a7c26b5c4e0134ad2c16	316	fail			0.0	gvpl	381.8	gvpv	4.8	377.0	0.9642857142857143	0.8670886075949367	other_gvp	competitive_gvpl_support			natural_heldout	gvpl	2	nat_88b9978da1fe9dc46015
nat_bc1dfc529c118b23ed14	bc1dfc529c118b23ed14b678cf140eac510908dd87d8d53123cd5019fba8a81f	316	fail			0.0	gvpn	427.1				0.7571059431524548	0.930379746835443	other_gvp	competitive_gvpn_support;no_reportable_runner_up			natural_heldout	gvpn	2	nat_bc1dfc529c118b23ed14
nat_5624b7649cf855dfcd25	5624b7649cf855dfcd25e8d4341693063c0d37e21d2772653c9278373e41c5eb	316	fail			0.0	gvpc	209.4	gvpn	21.2	188.20000000000002	0.9943977591036415	0.9620253164556962	other_gvp	competitive_gvpc_support			natural_heldout	gvpc	2	nat_5624b7649cf855dfcd25
nat_8963a103455e220442bf	8963a103455e220442bf34fd7409a00661d9587c5fc07c78fcda56853cdbfb87	315	fail			0.0	gvpl	383.9	gvpc	3.0	380.9	0.975	0.8825396825396825	other_gvp	competitive_gvpl_support			natural_heldout	gvpl	2	nat_8963a103455e220442bf
nat_36dec308d21652e0fe2b	36dec308d21652e0fe2b28e8fc80923d80237dac227ab4af7a32a535a7580848	315	fail			0.0	gvpn	445.9				0.7777777777777778	0.9619047619047619	other_gvp	competitive_gvpn_support;no_reportable_runner_up			natural_heldout	gvpn	2	nat_36dec308d21652e0fe2b
nat_8d6eb3dba5f66ed00c36	8d6eb3dba5f66ed00c36c91e57a9ed057c9d179993ee1999b3d33a582619b957	315	fail			0.0	gvpn	351.4	gvpc	0.0	351.4	0.7493540051679587	0.9174603174603174	other_gvp	competitive_gvpn_support			natural_heldout	gvpn	2	nat_8d6eb3dba5f66ed00c36
nat_1493db78136bf793d087	1493db78136bf793d087d1ee0a32ff2ed0b5b97900deca85afb4fe69f6d48ef3	315	fail			0.0	gvpn	429.7				0.7260981912144703	0.8920634920634921	other_gvp	competitive_gvpn_support;no_reportable_runner_up			natural_heldout	gvpn	2	nat_1493db78136bf793d087
nat_bc9a679038febf60d01a	bc9a679038febf60d01a092ef0c0e6c27677c71803585be1cd3ff18b4de78ea5	314	fail			0.0	gvpl	380.4	gvpc	0.9	379.5	0.9785714285714285	0.9076433121019108	other_gvp	competitive_gvpl_support			natural_heldout	gvpl	2	nat_bc9a679038febf60d01a
nat_51153cf6705a7b788462	51153cf6705a7b788462316abcaef0ca0cbfc197c4f3dab37b2e5a02588310ac	314	fail			0.0	gvpl	386.1	gvpv	2.6	383.5	0.9785714285714285	0.89171974522293	other_gvp	competitive_gvpl_support			natural_heldout	gvpl	2	nat_51153cf6705a7b788462
nat_4bee481aaaf6d2cbaeaf	4bee481aaaf6d2cbaeafc21e91308bdbdda3f1653bf98411db85414dcd1d1a3f	314	fail			0.0	gvpl	384.0	gvpc	1.1	382.9	0.9785714285714285	0.8980891719745223	other_gvp	competitive_gvpl_support			natural_heldout	gvpl	2	nat_4bee481aaaf6d2cbaeaf
nat_dc4d448b28633f62a82f	dc4d448b28633f62a82f6214b8dff81f093c324e703d23894d7956a16c6916f0	314	fail			0.0	gvpl	376.1	gvpc	2.1	374.0	0.9607142857142857	0.8885350318471338	other_gvp	competitive_gvpl_support			natural_heldout	gvpl	2	nat_dc4d448b28633f62a82f
nat_0f2157a7866f864b75fb	0f2157a7866f864b75fb848fddea541d15d1344ea0fed8ea74961369ac6f9cc1	314	fail			0.0	gvpn	442.7				0.7777777777777778	0.9681528662420382	other_gvp	competitive_gvpn_support;no_reportable_runner_up			natural_heldout	gvpn	2	nat_0f2157a7866f864b75fb
nat_cc3b644590efb749343f	cc3b644590efb749343f9b1d36a46e25587842a8c7230376d192ef84217e621b	313	fail			0.0	gvpl	379.7	gvpv	2.4	377.3	0.975	0.8977635782747604	other_gvp	competitive_gvpl_support			natural_heldout	gvpl	2	nat_cc3b644590efb749343f
nat_1366f335f603b634243f	1366f335f603b634243fea5f3669d856a8d4ae19c7323c302915a9edf2226829	313	fail			0.0	gvpl	387.4	gvpc	4.1	383.29999999999995	0.975	0.8881789137380192	other_gvp	competitive_gvpl_support			natural_heldout	gvpl	2	nat_1366f335f603b634243f
nat_282cc75ff49edff67190	282cc75ff49edff671908d835c8737cd69a46b73ddc5a3f3505a3f4737dfee1f	313	fail			0.0	gvpl	389.8	gvpc	1.2	388.6	0.9785714285714285	0.8977635782747604	other_gvp	competitive_gvpl_support			natural_heldout	gvpl	2	nat_282cc75ff49edff67190
nat_966e28ed9f738f4867a4	966e28ed9f738f4867a43dc48dd8806e5d3ec7567e45999c0ae78067fc6a43f5	313	fail			0.0	gvpl	383.9	gvpv	1.2	382.7	0.975	0.8945686900958466	other_gvp	competitive_gvpl_support			natural_heldout	gvpl	2	nat_966e28ed9f738f4867a4
nat_2b6741a82f5537860280	2b6741a82f553786028047fa2673678ed21d00874762ff7646c8b81ccde174dd	313	fail			0.0	gvpl	380.6	gvpc	2.3	378.3	0.975	0.8881789137380192	other_gvp	competitive_gvpl_support			natural_heldout	gvpl	2	nat_2b6741a82f5537860280
nat_9d224bc1f4e933e79668	9d224bc1f4e933e79668466c90752f3114395418a8d751b28b2fd8d79f3fb1d3	313	fail			0.0	gvpn	352.0				0.7441860465116279	0.9105431309904153	other_gvp	competitive_gvpn_support;no_reportable_runner_up			natural_heldout	gvpn	2	nat_9d224bc1f4e933e79668
nat_050407e325dd39fb5a81	050407e325dd39fb5a81061a3f7cd760c5daa38af618b8bcd08e730f2033859c	312	fail			0.0	gvpl	385.1	gvpv	0.8	384.3	0.9678571428571429	0.8878205128205128	other_gvp	competitive_gvpl_support			natural_heldout	gvpl	2	nat_050407e325dd39fb5a81
nat_c49f755a56217cacd4cc	c49f755a56217cacd4cc2f85924f28c5379b3869548e427d75b30296dc1c0084	312	fail			0.0	gvpn	425.8				0.7751937984496124	0.9743589743589743	other_gvp	competitive_gvpn_support;no_reportable_runner_up			natural_heldout	gvpn	2	nat_c49f755a56217cacd4cc
nat_f1f86bafc5822b26f19e	f1f86bafc5822b26f19e4b2459b74950dd0acf76edd33bfc49ab5ba0fcbde173	311	fail			0.0	gvpl	335.3	gvpv	2.8	332.5	0.9678571428571429	0.9485530546623794	other_gvp	competitive_gvpl_support	0.7		natural_heldout	gvpl	2	nat_f1f86bafc5822b26f19e
nat_71bff81d8046a5fb11a5	71bff81d8046a5fb11a5d745851bfa5e47182e4bf69ba39c6b87ca0cd1210338	311	fail			0.0	gvpn	341.8				0.751937984496124	0.9356913183279743	other_gvp	competitive_gvpn_support;no_reportable_runner_up			natural_heldout	gvpn	2	nat_71bff81d8046a5fb11a5
nat_6baf6abd9a9510c8f68e	6baf6abd9a9510c8f68ef3a01e20c3c64faf63bc14474e6178e2e255de2e495b	309	fail			0.0	gvpl	385.4	gvpv	2.8	382.59999999999997	0.975	0.8932038834951457	other_gvp	competitive_gvpl_support			natural_heldout	gvpl	2	nat_6baf6abd9a9510c8f68e
nat_2c094d9153401ac63170	2c094d9153401ac631707fd24a09f784e80f2c91895c135862716d236e240f89	309	fail			0.0	gvpn	436.3				0.7596899224806202	0.9579288025889967	other_gvp	competitive_gvpn_support;no_reportable_runner_up			natural_heldout	gvpn	2	nat_2c094d9153401ac63170
nat_e187f5b07b99b6b9b6f1	e187f5b07b99b6b9b6f1e75c68042c5889adf6b8810372313b074ac6e4b04d87	308	fail			0.0	gvpl	384.3	gvpc	4.5	379.8	0.9642857142857143	0.8961038961038961	other_gvp	competitive_gvpl_support			natural_heldout	gvpl	2	nat_e187f5b07b99b6b9b6f1
nat_67ae4c013d963c0fb979	67ae4c013d963c0fb979739089eb9cec9e6504bbe5e3f5d8d109f5e6ce620230	308	fail			0.0	gvpl	387.4	gvpc	1.0	386.4	0.9607142857142857	0.8928571428571429	other_gvp	competitive_gvpl_support			natural_heldout	gvpl	2	nat_67ae4c013d963c0fb979
nat_4c362963c87951503561	4c362963c87951503561d63f6d8beae0f008a6c47d5062323e30e6b65ba84b9f	308	fail			0.0	gvpn	441.0				0.7674418604651163	0.9772727272727273	other_gvp	competitive_gvpn_support;no_reportable_runner_up			natural_heldout	gvpn	2	nat_4c362963c87951503561
nat_cf5f20b89a5128d5b056	cf5f20b89a5128d5b056862f4da39ee3e8ccec0d04627b627999aeba181942a9	308	fail			0.0	gvpn	443.3				0.7674418604651163	0.9772727272727273	other_gvp	competitive_gvpn_support;no_reportable_runner_up			natural_heldout	gvpn	2	nat_cf5f20b89a5128d5b056
nat_06088cadf5ba5ce036ac	06088cadf5ba5ce036aceedc613c8e7e70fa5d2803e5d56269644280685afe40	308	fail			0.0	gvpn	438.6				0.7648578811369509	0.974025974025974	other_gvp	competitive_gvpn_support;no_reportable_runner_up			natural_heldout	gvpn	2	nat_06088cadf5ba5ce036ac
nat_6c2de231f155f8397657	6c2de231f155f8397657dbc290830ae002ff2369229d30e162ac7f568d497cf0	308	fail			0.0	gvpn	331.8				0.7441860465116279	0.9090909090909091	other_gvp	competitive_gvpn_support;no_reportable_runner_up			natural_heldout	gvpn	2	nat_6c2de231f155f8397657
nat_439080918fad233fe9bd	439080918fad233fe9bdbeaaa4b8d0c16aa02f6a21613a01da030b4deee45645	308	fail			0.0	gvpn	342.8	gvpg	2.3	340.5	0.7416020671834626	0.9025974025974026	other_gvp	competitive_gvpn_support			natural_heldout	gvpn	2	nat_439080918fad233fe9bd
nat_ebc44a87237f68a7c915	ebc44a87237f68a7c915cdbd5cae343551e0d76a1f1a4ca1b23951692b214bc2	307	fail			0.0	gvpl	324.7	gvpc	0.4	324.3	0.9642857142857143	0.8729641693811075	other_gvp	competitive_gvpl_support			natural_heldout	gvpl	2	nat_ebc44a87237f68a7c915
nat_c5b689ce2e87b953d988	c5b689ce2e87b953d988c23a41ea400297a8626b304cafa3f4ecce0cba2b58f7	307	fail			0.0	gvpn	349.0	gvpf	2.4	346.6	0.7416020671834626	0.9055374592833876	other_gvp	competitive_gvpn_support			natural_heldout	gvpn	2	nat_c5b689ce2e87b953d988
nat_abc745ebe41e8e165dcf	abc745ebe41e8e165dcf68902f0dac4cd7c20449e1c2616bdb7b12ee2fdc5a2d	306	fail			0.0	gvpl	323.7	gvpg	1.2	322.5	0.9535714285714286	0.8660130718954249	other_gvp	competitive_gvpl_support	0.7		natural_heldout	gvpl	2	nat_abc745ebe41e8e165dcf
nat_228e5aa9fefc15a241e7	228e5aa9fefc15a241e758abe30f1e3ef4699bf7ff795f1bf2732d7e5d447fdd	306	fail			0.0	gvpl	386.0	gvpv	2.6	383.4	0.9785714285714285	0.9183006535947712	other_gvp	competitive_gvpl_support			natural_heldout	gvpl	2	nat_228e5aa9fefc15a241e7
nat_d47931a2d7755b24f2d5	d47931a2d7755b24f2d5d980d27c29c62f040160fa9d4870f76511265ae07c14	306	fail			0.0	gvpn	406.5				0.7493540051679587	0.9575163398692811	other_gvp	competitive_gvpn_support;no_reportable_runner_up			natural_heldout	gvpn	2	nat_d47931a2d7755b24f2d5
nat_654bf7b193f4cb7eb2d6	654bf7b193f4cb7eb2d62232d365cb718210a6337921809ba6ea4f5939fba7db	306	fail			0.0	gvpn	430.0				0.7571059431524548	0.9705882352941176	other_gvp	competitive_gvpn_support;no_reportable_runner_up			natural_heldout	gvpn	2	nat_654bf7b193f4cb7eb2d6
nat_49fcc1391f66ed9d4009	49fcc1391f66ed9d400985efa1e1c167c6714fab025595d20ee688b4fa5a570c	306	fail			0.0	gvpn	446.1				0.7648578811369509	0.9738562091503268	other_gvp	competitive_gvpn_support;no_reportable_runner_up			natural_heldout	gvpn	2	nat_49fcc1391f66ed9d4009
nat_e20da7d5ac77292299bb	e20da7d5ac77292299bb6cdb26920b60bf7d5662ebccf23b99f6009e57e8d569	305	fail			0.0	gvpl	326.6	gvpv	0.7	325.90000000000003	0.9571428571428572	0.8721311475409836	other_gvp	competitive_gvpl_support			natural_heldout	gvpl	2	nat_e20da7d5ac77292299bb
nat_bf7cf80a9a6c52ca1732	bf7cf80a9a6c52ca1732b4120d4153274497d32e29e35457871503254467bf87	305	fail			0.0	gvpn	425.4				0.7596899224806202	0.9770491803278688	other_gvp	competitive_gvpn_support;no_reportable_runner_up			natural_heldout	gvpn	2	nat_bf7cf80a9a6c52ca1732
nat_fb2d1c24d3abe7634d96	fb2d1c24d3abe7634d960309c08c4d2cb2a5ef49ff09b55f65af841037b9add8	305	fail			0.0	gvpn	437.8				0.7700258397932817	0.9901639344262295	other_gvp	competitive_gvpn_support;no_reportable_runner_up			natural_heldout	gvpn	2	nat_fb2d1c24d3abe7634d96
nat_1b4fe83520162a442064	1b4fe83520162a442064f3cd8a3ca7d8450e6c0c10382f82f0a24036b12cc2e8	304	fail			0.0	gvpn	425.6				0.7648578811369509	0.9802631578947368	other_gvp	competitive_gvpn_support;no_reportable_runner_up			natural_heldout	gvpn	2	nat_1b4fe83520162a442064
nat_66ad97d64837e66195b7	66ad97d64837e66195b7066ac79af36da672fa15644407d06735ee1ed3f17608	304	fail			0.0	gvpn	429.2				0.751937984496124	0.9671052631578947	other_gvp	competitive_gvpn_support;no_reportable_runner_up			natural_heldout	gvpn	2	nat_66ad97d64837e66195b7
nat_54729b2f1826b403b6dd	54729b2f1826b403b6dd21758f02f6c7275b4885ab1792228fe9caec19438f57	304	fail			0.0	gvpn	399.5				0.7441860465116279	0.9539473684210527	other_gvp	competitive_gvpn_support;no_reportable_runner_up			natural_heldout	gvpn	2	nat_54729b2f1826b403b6dd
nat_7443dc62e3c52dc9d6b7	7443dc62e3c52dc9d6b79281aabe823a3e30eb6cc29696779a44c8b2f108b2ef	304	fail			0.0	gvpn	430.0				0.7622739018087855	0.9802631578947368	other_gvp	competitive_gvpn_support;no_reportable_runner_up			natural_heldout	gvpn	2	nat_7443dc62e3c52dc9d6b7
nat_93333b22afd78b0c9c1b	93333b22afd78b0c9c1b2969009c1b4f7ca79d1ce8d63e1a760c0668d5bea730	304	fail			0.0	gvpn	424.0				0.751937984496124	0.9671052631578947	other_gvp	competitive_gvpn_support;no_reportable_runner_up			natural_heldout	gvpn	2	nat_93333b22afd78b0c9c1b
nat_0e3587f991470351545f	0e3587f991470351545ff56b8d8f66a0109f3d8ce1f1eb2d0bc2772506a5d4dc	304	fail			0.0	gvpn	422.6	gvpj	0.4	422.20000000000005	0.751937984496124	0.9671052631578947	other_gvp	competitive_gvpn_support		0.4	natural_heldout	gvpn	2	nat_0e3587f991470351545f
nat_ca49d4a05a5dd239660e	ca49d4a05a5dd239660e69c30f3a723d54edb9cb4e7a859b6e6a54527d91e8b7	304	fail			0.0	gvpn	455.7				0.7622739018087855	0.9769736842105263	other_gvp	competitive_gvpn_support;no_reportable_runner_up			natural_heldout	gvpn	2	nat_ca49d4a05a5dd239660e
nat_97acb735e6ff283d6890	97acb735e6ff283d689014b79ff360954afd667aa5ac10bdb10d9eac94720c85	304	fail			0.0	gvpn	409.3				0.7493540051679587	0.9605263157894737	other_gvp	competitive_gvpn_support;no_reportable_runner_up			natural_heldout	gvpn	2	nat_97acb735e6ff283d6890
nat_f420835f207d6db2e93c	f420835f207d6db2e93cbb4fd916c4c507b6dad43e90601cc97644a2ee7bb168	304	fail			0.0	gvpn	426.6	gvpl	1.0	425.6	0.7467700258397932	0.9605263157894737	other_gvp	competitive_gvpn_support			natural_heldout	gvpn	2	nat_f420835f207d6db2e93c
nat_1e71a0923f759cc709c7	1e71a0923f759cc709c75cd425a978fb531f94828edb280983ef48485dbeaa94	303	fail			0.0	gvpl	341.5	gvpk	6.5	335.0	0.9607142857142857	0.8976897689768977	other_gvp	competitive_gvpl_support			natural_heldout	gvpl	2	nat_1e71a0923f759cc709c7
nat_49f263ff81959560428d	49f263ff81959560428dc12bb0185e072c4b5bcd4786a9316ee63062b5800a6b	303	fail			0.0	gvpl	384.0	gvpv	5.3	378.7	0.975	0.9174917491749175	other_gvp	competitive_gvpl_support			natural_heldout	gvpl	2	nat_49f263ff81959560428d
nat_4db8b306b431cc2ba11e	4db8b306b431cc2ba11ec51d159f897711b5cb686b2344db9923969b4316a7b7	303	fail			0.0	gvpn	450.8				0.7571059431524548	0.9801980198019802	other_gvp	competitive_gvpn_support;no_reportable_runner_up			natural_heldout	gvpn	2	nat_4db8b306b431cc2ba11e
nat_4958bebf4ba5802f9732	4958bebf4ba5802f97324b564b906327fca0399e4cdf9a293d5ad9108b5278e4	303	fail			0.0	gvpn	437.3				0.7571059431524548	0.9801980198019802	other_gvp	competitive_gvpn_support;no_reportable_runner_up			natural_heldout	gvpn	2	nat_4958bebf4ba5802f9732
nat_dc5767fa98ca27c812d8	dc5767fa98ca27c812d817ba266b626feb52b3c3b1175e48ac34df27d8c8ab4b	303	fail			0.0	gvpn	433.2				0.7545219638242894	0.976897689768977	other_gvp	competitive_gvpn_support;no_reportable_runner_up			natural_heldout	gvpn	2	nat_dc5767fa98ca27c812d8
nat_d40b25e8c65d57d4e644	d40b25e8c65d57d4e644328bf29c3b476c06e03d8abc8988c25491c04ac04a26	303	fail			0.0	gvpn	445.7				0.7648578811369509	0.9735973597359736	other_gvp	competitive_gvpn_support;no_reportable_runner_up			natural_heldout	gvpn	2	nat_d40b25e8c65d57d4e644
nat_3a3921c72aab453713f1	3a3921c72aab453713f171c06558a40646e51123c8b7a3266bd220170f7ef41e	303	fail			0.0	gvpn	446.3				0.7571059431524548	0.9801980198019802	other_gvp	competitive_gvpn_support;no_reportable_runner_up			natural_heldout	gvpn	2	nat_3a3921c72aab453713f1
nat_b1a09ad8c66c5441129d	b1a09ad8c66c5441129d326d302d71da0276b7be80215dac123d5689c3fa7f52	303	fail			0.0	gvpn	403.1	gvpa	1.8	401.3	0.7493540051679587	0.9570957095709571	other_gvp	competitive_gvpn_support	1.8		natural_heldout	gvpn	2	nat_b1a09ad8c66c5441129d
nat_98c654cc7142b14d9b9b	98c654cc7142b14d9b9be1af41a7a47efd70eb0f6dd95a2f2a3ab9ac56076513	303	fail			0.0	gvpn	443.4				0.7571059431524548	0.9801980198019802	other_gvp	competitive_gvpn_support;no_reportable_runner_up			natural_heldout	gvpn	2	nat_98c654cc7142b14d9b9b
nat_040544d26977cdd0e14f	040544d26977cdd0e14f5975dbc19427ed119a9af19c7a6f91fdcba347b4b9c1	303	fail			0.0	gvpn	405.4				0.7571059431524548	0.976897689768977	other_gvp	competitive_gvpn_support;no_reportable_runner_up			natural_heldout	gvpn	2	nat_040544d26977cdd0e14f
nat_48b1990f17d08cc463f7	48b1990f17d08cc463f735203d4f9bda26248f6bdcbed32788ef91940a9d289f	303	fail			0.0	gvpn	436.2				0.7571059431524548	0.9801980198019802	other_gvp	competitive_gvpn_support;no_reportable_runner_up			natural_heldout	gvpn	2	nat_48b1990f17d08cc463f7
nat_3f3d58aff4160c1472ae	3f3d58aff4160c1472aee298eb263f5330ca5d63db53a4a1dc0936b166e443ed	302	fail			0.0	gvpl	375.3	gvpc	1.0	374.3	0.975	0.9437086092715232	other_gvp	competitive_gvpl_support			natural_heldout	gvpl	2	nat_3f3d58aff4160c1472ae
nat_8ebdf27dab289f7c10f4	8ebdf27dab289f7c10f429809e1f3d1df72464d38edaab6214e030ea229bb87f	302	fail			0.0	gvpl	387.9	gvpc	0.7	387.2	0.975	0.9205298013245033	other_gvp	competitive_gvpl_support			natural_heldout	gvpl	2	nat_8ebdf27dab289f7c10f4
nat_226a88fc48e62ac725f3	226a88fc48e62ac725f398baa3b75436ea2d7b9154e911f05de3ee6cfcfa62b6	302	fail			0.0	gvpl	390.8	gvpc	2.4	388.40000000000003	0.9714285714285714	0.9172185430463576	other_gvp	competitive_gvpl_support			natural_heldout	gvpl	2	nat_226a88fc48e62ac725f3
nat_134d6754fe48a1bb6284	134d6754fe48a1bb628448065886d2d4135be555f46aa8ffc971376070d70ce4	302	fail			0.0	gvpn	433.5				0.7648578811369509	0.9834437086092715	other_gvp	competitive_gvpn_support;no_reportable_runner_up			natural_heldout	gvpn	2	nat_134d6754fe48a1bb6284
nat_1972bea090be49a76641	1972bea090be49a766413dff0e52028fc3372c60ccdb3072aead73dbee92f896	302	fail			0.0	gvpn	438.9				0.7545219638242894	0.9801324503311258	other_gvp	competitive_gvpn_support;no_reportable_runner_up			natural_heldout	gvpn	2	nat_1972bea090be49a76641
nat_83f7d9d27121e880de17	83f7d9d27121e880de17db743f7043e3dd3e8c48dad43ffaadd9dce457663110	302	fail			0.0	gvpn	381.1				0.7209302325581395	0.9238410596026491	other_gvp	competitive_gvpn_support;no_reportable_runner_up			natural_heldout	gvpn	2	nat_83f7d9d27121e880de17
nat_994a4482dd16b5b114de	994a4482dd16b5b114de00f2ebc73d88b7338b18b877bd790000e13f55297ff2	302	fail			0.0	gvpn	378.8	gvpk	0.4	378.40000000000003	0.7545219638242894	0.9768211920529801	other_gvp	competitive_gvpn_support			natural_heldout	gvpn	2	nat_994a4482dd16b5b114de
nat_d9c5de777b6aaea91cd5	d9c5de777b6aaea91cd50ddd83b9a75d26b5a7c4f2803c79e594e3917eefa762	302	fail			0.0	gvpn	426.1				0.7545219638242894	0.9602649006622517	other_gvp	competitive_gvpn_support;no_reportable_runner_up			natural_heldout	gvpn	2	nat_d9c5de777b6aaea91cd5
nat_ba15bf60ed6004a3ce5e	ba15bf60ed6004a3ce5ea67c1874bfe63d2b0bcb3fc931bbcc7bea909ac427ef	302	fail			0.0	gvpn	440.0				0.7622739018087855	0.9867549668874173	other_gvp	competitive_gvpn_support;no_reportable_runner_up			natural_heldout	gvpn	2	nat_ba15bf60ed6004a3ce5e
nat_f9905866438c501ac7f6	f9905866438c501ac7f6e28cca6643cd89a944316275cb088a6ccbb84df046f2	302	fail			0.0	gvpn	427.2				0.7545219638242894	0.9801324503311258	other_gvp	competitive_gvpn_support;no_reportable_runner_up			natural_heldout	gvpn	2	nat_f9905866438c501ac7f6
nat_8494188a300564c49d3c	8494188a300564c49d3c6acd7f9fc72400752da14fd790d6319d83722c07df9d	301	fail			0.0	gvpl	385.9	gvpv	6.9	379.0	0.9678571428571429	0.9102990033222591	other_gvp	competitive_gvpl_support			natural_heldout	gvpl	2	nat_8494188a300564c49d3c
nat_03528e1685b91151e0fe	03528e1685b91151e0fe8fbe5bf48e9b113b19b0c6c8a1b2a0be8082be14464c	301	fail			0.0	gvpl	385.0	gvpc	4.1	380.9	0.975	0.9169435215946844	other_gvp	competitive_gvpl_support			natural_heldout	gvpl	2	nat_03528e1685b91151e0fe
nat_d07971e43367e87871c1	d07971e43367e87871c1c8bf8ea6b668ec2e0ea4b26390901365582d536cab59	301	fail			0.0	gvpn	430.5				0.7648578811369509	0.9833887043189369	other_gvp	competitive_gvpn_support;no_reportable_runner_up			natural_heldout	gvpn	2	nat_d07971e43367e87871c1
nat_a665e2e5f29929695665	a665e2e5f29929695665a56d036b3832fba3d24a7db85a9893391b7796f20ab6	301	fail			0.0	gvpn	426.8				0.7571059431524548	0.973421926910299	other_gvp	competitive_gvpn_support;no_reportable_runner_up			natural_heldout	gvpn	2	nat_a665e2e5f29929695665
nat_9c669388f9f6f54f335b	9c669388f9f6f54f335bdfdc215e160822c7f9d58357750cbe931444008a11e3	301	fail			0.0	gvpn	390.4				0.7493540051679587	0.9667774086378738	other_gvp	competitive_gvpn_support;no_reportable_runner_up			natural_heldout	gvpn	2	nat_9c669388f9f6f54f335b
nat_32bb9a298fdead7fe2cf	32bb9a298fdead7fe2cf92a6201825d366e2b6ab294f0393bede0b70bc5fa6ae	301	fail			0.0	gvpn	417.6				0.7596899224806202	0.9800664451827242	other_gvp	competitive_gvpn_support;no_reportable_runner_up			natural_heldout	gvpn	2	nat_32bb9a298fdead7fe2cf
nat_1d377a89f59da91946c1	1d377a89f59da91946c12e59d4181fa7f8944f334fe829ea6aade770726e50bb	301	fail			0.0	gvpn	420.2				0.7622739018087855	0.9833887043189369	other_gvp	competitive_gvpn_support;no_reportable_runner_up			natural_heldout	gvpn	2	nat_1d377a89f59da91946c1
nat_0690bd81d60a205e3e30	0690bd81d60a205e3e30c2897b0373868d062f16cc1cd2509b3e04b1caa36733	301	fail			0.0	gvpn	428.4				0.7648578811369509	0.9833887043189369	other_gvp	competitive_gvpn_support;no_reportable_runner_up			natural_heldout	gvpn	2	nat_0690bd81d60a205e3e30
nat_ffdf982027d2763f7932	ffdf982027d2763f7932b91bc98f8eca106645bf252558b576c905302259bd34	300	fail			0.0	gvpl	380.5	gvpf	2.4	378.1	0.9785714285714285	0.9366666666666666	other_gvp	competitive_gvpl_support			natural_heldout	gvpl	2	nat_ffdf982027d2763f7932
nat_d3968a7170c9ad3e58f2	d3968a7170c9ad3e58f26c089d9066eebc30547aab87a42114a992f337b87b3c	300	fail			0.0	gvpl	387.8	gvpv	2.4	385.40000000000003	0.9785714285714285	0.9333333333333333	other_gvp	competitive_gvpl_support			natural_heldout	gvpl	2	nat_d3968a7170c9ad3e58f2
nat_2cbf128e14aef1559fc0	2cbf128e14aef1559fc06a8a6d07f954e9cfb7b225459c8539fc637876c5c904	300	fail			0.0	gvpl	384.6	gvpv	3.1	381.5	0.9642857142857143	0.9066666666666666	other_gvp	competitive_gvpl_support			natural_heldout	gvpl	2	nat_2cbf128e14aef1559fc0
nat_a2315f1694bdc0fc2f20	a2315f1694bdc0fc2f200a1206da66f2c2fb55ecc9b640d0e6054f23ccc107f0	300	fail			0.0	gvpn	412.9				0.7467700258397932	0.9666666666666667	other_gvp	competitive_gvpn_support;no_reportable_runner_up			natural_heldout	gvpn	2	nat_a2315f1694bdc0fc2f20
nat_5273bbeb242ad7f8fdeb	5273bbeb242ad7f8fdeb8c8beb95dd7dc89a73e7a70f1d587e4decdf181bb263	299	fail			0.0	gvpn	339.8				0.7364341085271318	0.9531772575250836	other_gvp	competitive_gvpn_support;no_reportable_runner_up			natural_heldout	gvpn	2	nat_5273bbeb242ad7f8fdeb
nat_759f3fabb12a0655cffe	759f3fabb12a0655cffe65b89b06130134d9a30c1fa321cc351060db962c2006	298	fail			0.0	gvpl	384.5	gvpc	2.4	382.1	0.9714285714285714	0.9328859060402684	other_gvp	competitive_gvpl_support			natural_heldout	gvpl	2	nat_759f3fabb12a0655cffe
nat_c9b15453866afc61beb3	c9b15453866afc61beb318b75c7b46d455a9c36d8871465e3642549e4fcc0c18	298	fail			0.0	gvpl	390.9	gvpv	11.2	379.7	0.9678571428571429	0.9194630872483222	other_gvp	competitive_gvpl_support	0.6		natural_heldout	gvpl	2	nat_c9b15453866afc61beb3
nat_c0018dcc0c8798a4a59b	c0018dcc0c8798a4a59b4762418cb8a7c03fbb0e8c1629e92d88f7a8afda5056	298	fail			0.0	gvpl	392.7	gvpv	1.5	391.2	0.9714285714285714	0.9194630872483222	other_gvp	competitive_gvpl_support			natural_heldout	gvpl	2	nat_c0018dcc0c8798a4a59b
nat_9bd1a6cead0a9a834c1f	9bd1a6cead0a9a834c1f885338a224d8e96869e2de37d4794c69e960a8bd2558	297	fail			0.0	gvpl	384.9	gvpf	3.1	381.79999999999995	0.975	0.936026936026936	other_gvp	competitive_gvpl_support			natural_heldout	gvpl	2	nat_9bd1a6cead0a9a834c1f
nat_eda5ec1e6fe7d62d083c	eda5ec1e6fe7d62d083c954aec87ce8633aa3e37c1e38470226203814624c534	297	fail			0.0	gvpl	379.0	gvpc	3.4	375.6	0.9607142857142857	0.9225589225589226	other_gvp	competitive_gvpl_support			natural_heldout	gvpl	2	nat_eda5ec1e6fe7d62d083c
nat_d6ddc737a6a02349cc79	d6ddc737a6a02349cc793221d0bc61b6f52188403ea423a67d9b83cf116a352d	297	fail			0.0	gvpn	428.2				0.7260981912144703	0.9595959595959596	other_gvp	competitive_gvpn_support;no_reportable_runner_up			natural_heldout	gvpn	2	nat_d6ddc737a6a02349cc79
nat_0acc418a158f7c4abf47	0acc418a158f7c4abf47a31f5a3c99d97ccb1567b638ee6023be57716eefef62	296	fail			0.0	gvpl	387.3	gvpv	8.0	379.3	0.9642857142857143	0.9222972972972973	other_gvp	competitive_gvpl_support	0.4		natural_heldout	gvpl	2	nat_0acc418a158f7c4abf47
nat_fb5841aa8d78c29f15ce	fb5841aa8d78c29f15ce8ba5037ea46d25191137d8989090c32233650e46076f	296	fail			0.0	gvpl	378.3	gvpc	3.1	375.2	0.9607142857142857	0.9222972972972973	other_gvp	competitive_gvpl_support			natural_heldout	gvpl	2	nat_fb5841aa8d78c29f15ce
nat_4f69ec38a495fd9e0185	4f69ec38a495fd9e01851b48c38bbfa83d30fe1c3d8c3327893ec220a5a6fe38	294	fail			0.0	gvpl	384.6	gvpv	9.3	375.3	0.9607142857142857	0.9217687074829932	other_gvp	competitive_gvpl_support			natural_heldout	gvpl	2	nat_4f69ec38a495fd9e0185
nat_30915012a8ec6f8f679b	30915012a8ec6f8f679b937de1b57eb7b3c1dd2f3715cfac0c8861602b6de491	294	fail			0.0	gvpn	416.7				0.7364341085271318	0.9727891156462585	other_gvp	competitive_gvpn_support;no_reportable_runner_up			natural_heldout	gvpn	2	nat_30915012a8ec6f8f679b
nat_15c24d125497deacfd30	15c24d125497deacfd303e6d0ce22d987a5301ab07d0950331f48f1df9060768	294	fail			0.0	gvpn	410.9				0.7416020671834626	0.9795918367346939	other_gvp	competitive_gvpn_support;no_reportable_runner_up			natural_heldout	gvpn	2	nat_15c24d125497deacfd30
nat_438a2803a10a7467a3a3	438a2803a10a7467a3a3921657a982eadc6687a63aea219a1b56a171d4553904	294	fail			0.0	gvpn	422.8				0.7416020671834626	0.9795918367346939	other_gvp	competitive_gvpn_support;no_reportable_runner_up			natural_heldout	gvpn	2	nat_438a2803a10a7467a3a3
nat_71a18e5b7ee99a16fa9b	71a18e5b7ee99a16fa9bb2fb921ffd82fae8ec5bd1bd090e9d404ae1835b5a91	294	fail			0.0	gvpn	414.9				0.7416020671834626	0.9795918367346939	other_gvp	competitive_gvpn_support;no_reportable_runner_up			natural_heldout	gvpn	2	nat_71a18e5b7ee99a16fa9b
nat_efdc2424c09acf398858	efdc2424c09acf398858dd48e145a93caa095311634e516a9c2b71762cbee50d	292	fail			0.0	gvpl	336.5	gvpk	7.7	328.8	0.9928571428571429	0.952054794520548	other_gvp	competitive_gvpl_support			natural_heldout	gvpl	2	nat_efdc2424c09acf398858
nat_72a0b97a983affc4abd9	72a0b97a983affc4abd972abf9c2d4da05b78dae836213e44ce1dc10b3097bea	292	fail			0.0	gvpn	440.0				0.751937984496124	0.9931506849315068	other_gvp	competitive_gvpn_support;no_reportable_runner_up			natural_heldout	gvpn	2	nat_72a0b97a983affc4abd9
nat_0d3a44444fb3cfa6ea64	0d3a44444fb3cfa6ea64410c899daff140b04ae64916ea8f1eb71e8531fe8cbb	290	fail			0.0	gvpl	383.3	gvpc	4.4	378.90000000000003	0.9678571428571429	0.9448275862068966	other_gvp	competitive_gvpl_support			natural_heldout	gvpl	2	nat_0d3a44444fb3cfa6ea64
nat_26f12393040d80ef19bd	26f12393040d80ef19bd27800680d6d0d0466a144f51e05c2261d58fd8d23b05	289	fail			0.0	gvpl	323.0	gvpc	3.4	319.6	0.9285714285714286	0.8927335640138409	other_gvp	competitive_gvpl_support			natural_heldout	gvpl	2	nat_26f12393040d80ef19bd
nat_46dfa99150a76ad6b330	46dfa99150a76ad6b3300f9682958efac574e5f7d84f658f1a68ee301c9eee9f	289	fail			0.0	gvpl	352.6	gvpg	4.3	348.3	0.9464285714285714	0.9896193771626297	other_gvp	competitive_gvpl_support	0.3		natural_heldout	gvpl	2	nat_46dfa99150a76ad6b330
nat_8b728da9bc94157561e8	8b728da9bc94157561e8ae50c76b02d31b1f6566793a01149a4c6fa3fc8001af	285	fail			0.0	gvpl	312.1	gvpk	1.4	310.70000000000005	0.9571428571428572	0.9578947368421052	other_gvp	competitive_gvpl_support			natural_heldout	gvpl	2	nat_8b728da9bc94157561e8
nat_916c3bc7c5aeace2979b	916c3bc7c5aeace2979b0304307387b9ad6965bd7c10323d6b3b7a91475f0032	285	fail			0.0	gvpl	335.8				0.9321428571428572	0.9228070175438596	other_gvp	competitive_gvpl_support;no_reportable_runner_up			natural_heldout	gvpl	2	nat_916c3bc7c5aeace2979b
nat_509287832ecc4aacd239	509287832ecc4aacd23966bcf7240f511053367ab3c733122f2fdff9d80e7729	285	fail			0.0	gvpl	311.5	gvpk	1.3	310.2	0.95	0.9508771929824561	other_gvp	competitive_gvpl_support	0.0		natural_heldout	gvpl	2	nat_509287832ecc4aacd239
nat_fe7f89d5b48d6e6d7028	fe7f89d5b48d6e6d7028c5f2f7d9dbcf013109fa315813fc5d445ccbd815993c	285	fail			0.0	gvpl	332.8	gvpv	1.6	331.2	0.95	0.9263157894736842	other_gvp	competitive_gvpl_support			natural_heldout	gvpl	2	nat_fe7f89d5b48d6e6d7028
nat_9b7ed4f515de0180e861	9b7ed4f515de0180e861afcb46a24fdc67072571cf1a29b8c439b2e39b6a76c3	285	fail			0.0	gvpc	16.8	gvpj	2.7	14.100000000000001	0.6050420168067226	0.7017543859649122	unsupported	no_qualified_subfamily_hit	2.2	2.7	natural_heldout	gvpc	2	nat_9b7ed4f515de0180e861
nat_657f8ed615a48f36fbc2	657f8ed615a48f36fbc210c46b4f5c436f4d0a8979cb77087bab04e4c6e9f996	283	fail			0.0	gvpl	383.6	gvpf	2.6	381.0	0.9428571428571428	0.9469964664310954	other_gvp	competitive_gvpl_support			natural_heldout	gvpl	2	nat_657f8ed615a48f36fbc2
nat_4b7ad6db9515cdca0afc	4b7ad6db9515cdca0afc312580c2686256c4131a063fa685ee70575ad6752545	282	fail			0.0	gvpl	326.5				0.9857142857142858	0.9893617021276596	other_gvp	competitive_gvpl_support;no_reportable_runner_up			natural_heldout	gvpl	2	nat_4b7ad6db9515cdca0afc
nat_786b39c5c0e4d775092e	786b39c5c0e4d775092efb0d7e023707acbc1909171c889e748cc93b299ecd36	282	fail			0.0	gvpl	345.5	gvpc	1.8	343.7	0.9392857142857143	0.9645390070921985	other_gvp	competitive_gvpl_support	1.2		natural_heldout	gvpl	2	nat_786b39c5c0e4d775092e
nat_beb805c37fa10dd2a9f6	beb805c37fa10dd2a9f6f37d2508fb830df24310d50f1dfb7be8bf85b97e4ef6	282	fail			0.0	gvpl	339.1	gvpc	0.4	338.70000000000005	0.9714285714285714	0.9716312056737588	other_gvp	competitive_gvpl_support	0.0		natural_heldout	gvpl	2	nat_beb805c37fa10dd2a9f6
nat_0c4dacf6e40e747befce	0c4dacf6e40e747befce70e8c079c3e6a0def46ca06e309947b36decd391eff9	282	fail			0.0	gvpn	405.5	gvpf	0.9	404.6	0.7157622739018088	0.9929078014184397	other_gvp	competitive_gvpn_support			natural_heldout	gvpn	2	nat_0c4dacf6e40e747befce
nat_3275500866a4b7bb74af	3275500866a4b7bb74afea2377c4402433bf98c290d80d869352c3a0acbf445d	281	fail			0.0	gvpl	336.3	gvpk	1.2	335.1	0.9785714285714285	0.9857651245551602	other_gvp	competitive_gvpl_support		0.3	natural_heldout	gvpl	2	nat_3275500866a4b7bb74af
nat_cd2718b64a671e091f03	cd2718b64a671e091f0320f8b2884b48a41d36d4baf52029d6db01d00895da33	281	fail			0.0	gvpl	334.3	gvpc	3.6	330.7	0.9428571428571428	0.9893238434163701	other_gvp	competitive_gvpl_support			natural_heldout	gvpl	2	nat_cd2718b64a671e091f03
nat_bd0342686b2f502068cb	bd0342686b2f502068cbc9ca6b2672865e8f1bd8075beee33dfc2dba8f87b829	281	fail			0.0	gvpl	382.0	gvpk	6.1	375.9	0.9821428571428571	0.9928825622775801	other_gvp	competitive_gvpl_support	1.8		natural_heldout	gvpl	2	nat_bd0342686b2f502068cb
nat_56c10a8b67a275eb077d	56c10a8b67a275eb077d2b3d8c37f4c55e6c6d03b4bf7de8b9a545c8c2411852	281	fail			0.0	gvpl	384.6	gvpk	4.8	379.8	0.9821428571428571	0.9928825622775801	other_gvp	competitive_gvpl_support	1.3		natural_heldout	gvpl	2	nat_56c10a8b67a275eb077d
nat_9ffee07beb2709c0f0bd	9ffee07beb2709c0f0bdde4f5e32371686d40ad08b271bbf9c7e3b052490e475	279	fail			0.0	gvpl	362.7	gvpc	0.9	361.8	0.9607142857142857	0.9605734767025089	other_gvp	competitive_gvpl_support		0.8	natural_heldout	gvpl	2	nat_9ffee07beb2709c0f0bd
nat_8f2388b1e2d08d14e65c	8f2388b1e2d08d14e65cdcc1c54162b640bc04b5b7daa0e2e7aeb28814750b76	279	fail	0.5	1.6	0.20512820512820512	gvpl	360.0	gvpk	5.4	354.6	0.9464285714285714	0.989247311827957	other_gvp	competitive_gvpl_support	1.6		natural_heldout	gvpl	2	nat_8f2388b1e2d08d14e65c
nat_5b21333ca43991c18adf	5b21333ca43991c18adf8742a042786d7ca94c95f8921ccd93e8fea514e5649e	278	fail			0.0	gvpl	339.4	gvpa	1.0	338.4	0.9428571428571428	0.9676258992805755	other_gvp	competitive_gvpl_support	1.0		natural_heldout	gvpl	2	nat_5b21333ca43991c18adf
nat_05c8cee01647e72ca382	05c8cee01647e72ca38233bc5b437f5c8307a176f8ae247d4eff3acb41ab11ff	278	fail			0.0	gvpl	335.3	gvpj	0.7	334.6	0.9607142857142857	0.9784172661870504	other_gvp	competitive_gvpl_support		0.7	natural_heldout	gvpl	2	nat_05c8cee01647e72ca382
nat_2d8967506e540b62b829	2d8967506e540b62b829d6e97f2cb8bc0a312ddbd737e078a7a11ebbcb6ba286	278	fail			0.0	gvpl	337.5	gvpv	1.1	336.4	0.9642857142857143	0.9820143884892086	other_gvp	competitive_gvpl_support			natural_heldout	gvpl	2	nat_2d8967506e540b62b829
nat_b16e56dd0f1b4227b07c	b16e56dd0f1b4227b07c2ddb174efcf7154e0f620e6337030760dc3c3fb23d04	276	fail			0.0	gvpl	348.0	gvpa	2.4	345.6	0.9392857142857143	0.967391304347826	other_gvp	competitive_gvpl_support	2.4		natural_heldout	gvpl	2	nat_b16e56dd0f1b4227b07c
nat_66da46cd547656a41784	66da46cd547656a41784bb1c3ddb88e62962fa5494939cd6fd5c2a39ab4e4b1f	275	fail			0.0	gvpl	356.4	gvpv	3.3	353.09999999999997	0.9678571428571429	0.9854545454545455	other_gvp	competitive_gvpl_support	0.6		natural_heldout	gvpl	2	nat_66da46cd547656a41784
nat_7dea3ce49a6b125282d2	7dea3ce49a6b125282d2dd0d2cf94ee0a0b095a44b45684045c8656b8e556b4d	275	fail			0.0	gvpl	358.8				0.9428571428571428	0.9636363636363636	other_gvp	competitive_gvpl_support;no_reportable_runner_up			natural_heldout	gvpl	2	nat_7dea3ce49a6b125282d2
nat_4df28bd64c5d145f4a45	4df28bd64c5d145f4a456d7d4d0661f5ae287dbad0abf8dcd4ed765f90fb9732	275	fail			0.0	gvpl	364.1	gvpc	3.7	360.40000000000003	0.9464285714285714	0.9890909090909091	other_gvp	competitive_gvpl_support	1.0		natural_heldout	gvpl	2	nat_4df28bd64c5d145f4a45
nat_e5b12747050c4d0b3cf5	e5b12747050c4d0b3cf5940c67c0467e5a60c84964b4003d20f36d89daca2cb3	274	fail			0.0	gvpl	380.8	gvpv	3.6	377.2	0.9642857142857143	0.9671532846715328	other_gvp	competitive_gvpl_support			natural_heldout	gvpl	2	nat_e5b12747050c4d0b3cf5
nat_b70de9c440b14ce4053b	b70de9c440b14ce4053b742354a78aeed84f0e11653a772e34857b148fc1d8af	274	fail	0.2	1.7	0.20512820512820512	gvpl	337.7	gvpk	3.3	334.4	0.95	0.9781021897810219	other_gvp	competitive_gvpl_support			natural_heldout	gvpl	2	nat_b70de9c440b14ce4053b
nat_3bbdaa8f9c8e98649ebc	3bbdaa8f9c8e98649ebc00bce44bf0fe9be2e1a545aa7e32ee9cf44c444b09b2	274	fail			0.0			gvpc	68.6		0.0	0.0	unsupported	no_qualified_subfamily_hit			natural_heldout	gvpc	2	nat_3bbdaa8f9c8e98649ebc
nat_c5038f463e5d201e8120	c5038f463e5d201e81208c574cccd0c6e7b006ae925363019075e9e2149eb8c9	273	fail			0.0	gvpl	344.2	gvpk	1.0	343.2	0.9571428571428572	0.9853479853479854	other_gvp	competitive_gvpl_support	0.9		natural_heldout	gvpl	2	nat_c5038f463e5d201e8120
nat_a50f26e29ce18976c2e6	a50f26e29ce18976c2e65f40a247fa36ce0339e110323798b3c510f3ab1719e8	272	fail			0.0	gvpl	372.1	gvpc	0.1	372.0	0.9428571428571428	0.9742647058823529	other_gvp	competitive_gvpl_support			natural_heldout	gvpl	2	nat_a50f26e29ce18976c2e6
nat_09c215899b8b45d9948f	09c215899b8b45d9948fe7fb5e9abc3d929159e23881c65e1777f0fcecbe8511	268	fail			0.0	gvpl	367.2	gvpc	1.5	365.7	0.9464285714285714	0.9888059701492538	other_gvp	competitive_gvpl_support		0.1	natural_heldout	gvpl	2	nat_09c215899b8b45d9948f
nat_edf9aac73d55bd51bb53	edf9aac73d55bd51bb5331f823ce1e687cb3a473fc01768b9616866e7e65bf8e	266	fail			0.0	gvpl	367.2	gvpc	0.9	366.3	0.9464285714285714	0.9887218045112782	other_gvp	competitive_gvpl_support			natural_heldout	gvpl	2	nat_edf9aac73d55bd51bb53
nat_58ae7bce228410bcb763	58ae7bce228410bcb76384c27c6d1b92aba0b9b2a70361e5cc5bc58779c406ed	264	fail			0.0	gvpl	366.6	gvpc	6.8	359.8	0.9357142857142857	0.9886363636363636	other_gvp	competitive_gvpl_support			natural_heldout	gvpl	2	nat_58ae7bce228410bcb763
nat_a7d56953c9eb5522cd12	a7d56953c9eb5522cd12316d8cfddd4bdf348152c92e2dcc58a7c6df2e2ed312	264	fail			0.0	gvpl	371.4	gvpc	1.1	370.29999999999995	0.9357142857142857	0.9886363636363636	other_gvp	competitive_gvpl_support			natural_heldout	gvpl	2	nat_a7d56953c9eb5522cd12
nat_73fdcd529802590b2b7b	73fdcd529802590b2b7b2d96f4d7aaa05855d92718953083aad3385f459b68c7	262	fail			0.0	gvpl	308.2	gvpc	0.7	307.5	0.9214285714285714	0.9847328244274809	other_gvp	competitive_gvpl_support			natural_heldout	gvpl	2	nat_73fdcd529802590b2b7b
nat_9d025537a51bc5d03723	9d025537a51bc5d03723f53acd238f307f2437daa3bb2cb3aaadfb3f494305bc	261	fail			0.0	gvpl	204.3	gvpv	9.4	194.9	0.925	0.946360153256705	other_gvp	competitive_gvpl_support	0.1		natural_heldout	gvpl	2	nat_9d025537a51bc5d03723
nat_9f5b9c362628d07b156e	9f5b9c362628d07b156e75cfad2f4d2a2dfb4c9cae45412b719abd75c8e5b91b	259	fail			0.0	gvpl	290.7	gvpv	1.6	289.09999999999997	0.9178571428571428	0.9768339768339769	other_gvp	competitive_gvpl_support			natural_heldout	gvpl	2	nat_9f5b9c362628d07b156e
nat_a62ee5e456230e34d781	a62ee5e456230e34d781d4f4b430411be6217cf3a669203c903ac3867aea584d	259	fail			0.0	gvpl	292.4	gvpg	2.8	289.59999999999997	0.9142857142857143	0.972972972972973	other_gvp	competitive_gvpl_support			natural_heldout	gvpl	2	nat_a62ee5e456230e34d781
nat_3140e24fc354e74b1db5	3140e24fc354e74b1db5a00c0b95a9c83a38b451fb3989ca1553153302c2bb31	259	fail			0.0	gvpl	285.3	gvpg	3.7	281.6	0.9178571428571428	0.9768339768339769	other_gvp	competitive_gvpl_support			natural_heldout	gvpl	2	nat_3140e24fc354e74b1db5
nat_77f22c4e8532f2df6c85	77f22c4e8532f2df6c851f5d04472303eef94463f8a27ac85aef80d59ad454eb	245	fail			0.0			gvpn	410.2		0.0	0.0	unsupported	no_qualified_subfamily_hit			natural_heldout	gvpn	2	nat_77f22c4e8532f2df6c85
nat_c0d36e0c836a1b4958e3	c0d36e0c836a1b4958e335fcff6d2568b81d1be44d729568fd993cd2fce7b9ad	224	fail			0.0	gvpc	191.2				0.6190476190476191	0.9910714285714286	other_gvp	competitive_gvpc_support;no_reportable_runner_up			natural_heldout	gvpc	2	nat_c0d36e0c836a1b4958e3
nat_ed4e907ebf18517ba73b	ed4e907ebf18517ba73b9b3e49dff39fbf4ccbd4870df680eae9d2d421924966	215	fail			0.0			gvpc	71.0		0.0	0.0	unsupported	no_qualified_subfamily_hit			natural_heldout	gvpc	2	nat_ed4e907ebf18517ba73b
nat_6392ee051886d826e69f	6392ee051886d826e69f16fbecd77622934fd0583a58b3523fad61c39758e5c3	129	fail			0.0	gvpk	106.2	gvpv	5.5	100.7	0.9464285714285714	0.8449612403100775	other_gvp	competitive_gvpk_support	1.3		natural_heldout	gvpk	2	nat_6392ee051886d826e69f
nat_36d058ce54845888ee10	36d058ce54845888ee10ab5e7efda80cae76a5f52074111fbe75a5ba17ba7c53	127	fail			0.0	gvpk	90.8				0.7678571428571429	0.6929133858267716	other_gvp	competitive_gvpk_support;no_reportable_runner_up			natural_heldout	gvpk	2	nat_36d058ce54845888ee10
nat_e8cdf7701819b67c0045	e8cdf7701819b67c00458527456569f2f50470b96bccd1afd79814d0a4ca26d5	121	fail			0.0	gvpk	94.6	gvpa	2.4	92.19999999999999	0.9464285714285714	0.8842975206611571	other_gvp	competitive_gvpk_support	2.4		natural_heldout	gvpk	2	nat_e8cdf7701819b67c0045
nat_26c7b3dfaf246cf1a8c9	26c7b3dfaf246cf1a8c9a71c3e60c4c7cfc74f5f023ba8ddaf029ad0c9d34a61	121	fail			0.0	gvpk	111.3	gvpv	7.5	103.8	0.875	0.8264462809917356	other_gvp	competitive_gvpk_support	2.8	2.1	natural_heldout	gvpk	2	nat_26c7b3dfaf246cf1a8c9
nat_4e5681c6ec37761d7383	4e5681c6ec37761d73837b959b3c0dfe56c2604669002f59c5afc3c2eadadf20	120	pass	59.3	59.7	1.0	gvpj	104.9	gvpa	60.8	44.10000000000001	0.8558558558558559	0.9333333333333333	other_gvp	competitive_gvpj_support	60.8	104.9	natural_heldout	gvpj	2	nat_4e5681c6ec37761d7383
nat_3c9e2709e4c61b19b096	3c9e2709e4c61b19b096a4f38e30daff2e359c79db118e63c2e53661303a2949	120	pass	54.4	54.9	0.9743589743589743	gvpj	104.8	gvpa	65.1	39.7	0.7747747747747747	0.8166666666666667	other_gvp	competitive_gvpj_support	65.1	104.8	natural_heldout	gvpj	2	nat_3c9e2709e4c61b19b096
nat_4e63b8fa8ea10a0a928c	4e63b8fa8ea10a0a928ce3f92116dba3eb3faf069a902f8ea6aa695a9a6ae9bb	120	pass	54.4	54.9	0.9743589743589743	gvpj	104.2	gvpa	65.9	38.3	0.7477477477477478	0.7916666666666666	other_gvp	competitive_gvpj_support	65.9	104.2	natural_heldout	gvpj	2	nat_4e63b8fa8ea10a0a928c
nat_909a39bfcc83ce9d158a	909a39bfcc83ce9d158a8ec02756bf7374df8721015d6daf1f5a2486cc3ddd4c	120	pass	48.6	49.1	0.9743589743589743	gvpa	144.8	gvpj	96.0	48.80000000000001	0.8473282442748091	0.925	supported_gvpa	pf00741_and_competitive_gvpa_support	144.8	96.0	natural_heldout	gvpj	2	nat_909a39bfcc83ce9d158a
nat_2572b6aa122207e0614c	2572b6aa122207e0614c164e8933d183fe0b8fd813c33ea3e47f5e319357e4a6	120	pass	54.3	54.3	1.0	gvpa	141.4	gvpj	98.7	42.7	0.8625954198473282	0.925	supported_gvpa	pf00741_and_competitive_gvpa_support	141.4	98.7	natural_heldout	gvpj	2	nat_2572b6aa122207e0614c
nat_35cbbb25f10deebd7391	35cbbb25f10deebd7391bb6e5b96386ef0888a931c2b6a75cf30128b36f2394c	120	pass	43.4	44.1	0.9743589743589743			gvpa	95.2		0.0	0.0	unsupported	no_qualified_subfamily_hit	95.2	75.7	natural_heldout	gvpj	2	nat_35cbbb25f10deebd7391
nat_69f0675a9519b5f433ed	69f0675a9519b5f433ed947cd69bb9cb7c1b21d9d3f1a87067982c62cfb03e8d	120	pass	54.3	54.7	1.0	gvpa	149.9	gvpj	100.0	49.900000000000006	0.9083969465648855	0.9666666666666667	supported_gvpa	pf00741_and_competitive_gvpa_support	149.9	100.0	natural_heldout	gvpj	2	nat_69f0675a9519b5f433ed
nat_fbea79167ace5328d15a	fbea79167ace5328d15a8646a880c3c935e46e165dc0a40e37a5d696dcb1c38a	120	pass	54.7	55.3	1.0	gvpa	147.1	gvpj	99.3	47.8	0.8854961832061069	0.9583333333333334	supported_gvpa	pf00741_and_competitive_gvpa_support	147.1	99.3	natural_heldout	gvpj	2	nat_fbea79167ace5328d15a
nat_4a8d213db3f0f57c39f1	4a8d213db3f0f57c39f1d17bdae646a678264bb000c4178e72a71554571d9847	120	pass	46.7	47.2	0.9743589743589743	gvpa	143.4	gvpj	94.5	48.900000000000006	0.8320610687022901	0.9166666666666666	supported_gvpa	pf00741_and_competitive_gvpa_support	143.4	94.5	natural_heldout	gvpj	2	nat_4a8d213db3f0f57c39f1
nat_2675f550102ba64d3177	2675f550102ba64d3177a0eb429c64869b435f6d846ee8494db15ed3867b43ca	120	pass	44.1	44.4	0.9743589743589743	gvpj	56.0	gvpa	22.3	33.7	0.7207207207207207	0.7	other_gvp	competitive_gvpj_support	22.3	56.0	natural_heldout	gvpj	2	nat_2675f550102ba64d3177
nat_a439fa109b8bfbe78878	a439fa109b8bfbe78878d2923c165f3de47ec639280e8e3fbbfc978a6230e09b	120	pass	54.3	54.9	1.0	gvpa	147.6	gvpj	99.1	48.5	0.9007633587786259	0.9666666666666667	supported_gvpa	pf00741_and_competitive_gvpa_support	147.6	99.1	natural_heldout	gvpj	2	nat_a439fa109b8bfbe78878
nat_ebc083d439049b48d78d	ebc083d439049b48d78d05bef8ef9eec4ba5fdb31195fb0d44d8648c4ed0eb2a	120	pass	53.5	54.0	0.9743589743589743	gvpj	101.8	gvpa	61.8	40.0	0.6846846846846847	0.7083333333333334	other_gvp	competitive_gvpj_support	61.8	101.8	natural_heldout	gvpj	2	nat_ebc083d439049b48d78d
nat_d22fd9b7defd0d469ae2	d22fd9b7defd0d469ae2b50c386e9df31e503379cd0e20b6e470c3fdd062967b	120	pass	44.1	44.6	0.9743589743589743	gvpj	57.9	gvpa	24.1	33.8	0.8108108108108109	0.7666666666666667	other_gvp	competitive_gvpj_support	24.1	57.9	natural_heldout	gvpj	2	nat_d22fd9b7defd0d469ae2
nat_75c50ceb0577a7fdabd2	75c50ceb0577a7fdabd20ef90781147073517fb5c8656b388f8eb0bb55bd48f4	120	fail			0.0	gvpk	132.5	gvpv	4.2	128.3	0.7946428571428571	0.7416666666666667	other_gvp	competitive_gvpk_support			natural_heldout	gvpk	2	nat_75c50ceb0577a7fdabd2
nat_099ee06bc3f1047a9b40	099ee06bc3f1047a9b40bbee3135d23a4c3d39390627e8d893febfae1b3af2f5	120	fail			0.0	gvpk	136.5	gvpv	3.3	133.2	0.8392857142857143	0.7833333333333333	other_gvp	competitive_gvpk_support			natural_heldout	gvpk	2	nat_099ee06bc3f1047a9b40
nat_9d9dd9734a5c8ab98eeb	9d9dd9734a5c8ab98eeb0fc02e584e9d34672260e2aa81242151879b8b195ed9	119	pass	45.7	46.1	0.9487179487179487	gvpa	135.7	gvpj	84.6	51.099999999999994	0.8854961832061069	0.9663865546218487	supported_gvpa	pf00741_and_competitive_gvpa_support	135.7	84.6	natural_heldout	gvpj	2	nat_9d9dd9734a5c8ab98eeb
nat_4679d56f6681435313d7	4679d56f6681435313d7a8e5f534a00af74c44c4976895db12f756b86a8462ed	119	pass	58.4	58.8	0.9743589743589743	gvpj	101.5	gvpa	61.5	40.0	0.7567567567567568	0.8235294117647058	other_gvp	competitive_gvpj_support	61.5	101.5	natural_heldout	gvpj	2	nat_4679d56f6681435313d7
nat_34d80926a4ec3dd31a64	34d80926a4ec3dd31a64a2fe15fe3f63e3c943b87610ceffca23abcc093fbc83	119	pass	44.1	44.6	0.9743589743589743	gvpj	56.1	gvpa	22.8	33.3	0.7207207207207207	0.6890756302521008	other_gvp	competitive_gvpj_support	22.8	56.1	natural_heldout	gvpj	2	nat_34d80926a4ec3dd31a64
nat_4495866b5726ec2434b0	4495866b5726ec2434b03d3903edc25271faf03dadad6a5cb53e89efd58548ea	119	pass	54.5	54.9	0.9743589743589743	gvpj	101.6	gvpa	66.8	34.8	0.7117117117117117	0.773109243697479	other_gvp	competitive_gvpj_support	66.8	101.6	natural_heldout	gvpj	2	nat_4495866b5726ec2434b0
nat_9a40b0d38d561f5c4a77	9a40b0d38d561f5c4a7749a1dbac991bfd231a7343bf7da1768e6e0e7e259af1	119	pass	53.0	53.3	0.9743589743589743	gvpj	76.1	gvpa	45.3	30.799999999999997	0.8468468468468469	0.865546218487395	other_gvp	competitive_gvpj_support	45.3	76.1	natural_heldout	gvpj	2	nat_9a40b0d38d561f5c4a77
nat_6337f6ce48d2d053bb2c	6337f6ce48d2d053bb2c4836ceb2704de2977e81ae662b8af2ab7f48cd140e81	119	fail			0.0	gvpk	137.3	gvpv	3.1	134.20000000000002	0.8214285714285714	0.7647058823529411	other_gvp	competitive_gvpk_support			natural_heldout	gvpk	2	nat_6337f6ce48d2d053bb2c
nat_43ad3fce3180fed29bdc	43ad3fce3180fed29bdcd70688e8d938337e0070838d5d4ff16390641448b460	118	pass	59.4	59.8	1.0	gvpj	101.7	gvpa	68.0	33.7	0.7747747747747747	0.847457627118644	other_gvp	competitive_gvpj_support	68.0	101.7	natural_heldout	gvpj	2	nat_43ad3fce3180fed29bdc
nat_fc9079f395e9793f6462	fc9079f395e9793f646283e1c1dce4bd975fdfa4d8d1e44312725a1e5df50241	118	pass	48.2	48.7	0.8974358974358975	gvpj	78.6	gvpa	39.0	39.599999999999994	0.6666666666666666	0.7033898305084746	other_gvp	competitive_gvpj_support	39.0	78.6	natural_heldout	gvpj	2	nat_fc9079f395e9793f6462
nat_ff060c3a559a6f4f65d0	ff060c3a559a6f4f65d0dfb049ee6c95110cafc9c97852a51738c2c8afe9b6eb	118	pass	53.1	53.5	1.0	gvpj	92.4	gvpa	59.3	33.10000000000001	0.7387387387387387	0.7372881355932204	other_gvp	competitive_gvpj_support	59.3	92.4	natural_heldout	gvpj	2	nat_ff060c3a559a6f4f65d0
nat_cfdf01a7deeba973b055	cfdf01a7deeba973b05529ed8cd687a6ceb8b3da36e927cc4e84984bdba75974	118	fail			0.0	gvpk	116.3				0.7767857142857143	0.7288135593220338	other_gvp	competitive_gvpk_support;no_reportable_runner_up			natural_heldout	gvpk	2	nat_cfdf01a7deeba973b055
nat_109519c9021025e4fc63	109519c9021025e4fc6364880387717921798ed7b9c138567737d4cdc270b9d0	117	pass	59.4	59.8	1.0	gvpj	102.4	gvpa	61.3	41.10000000000001	0.8018018018018018	0.8803418803418803	other_gvp	competitive_gvpj_support	61.3	102.4	natural_heldout	gvpj	2	nat_109519c9021025e4fc63
nat_f4e9c50251e64349c6bf	f4e9c50251e64349c6bf229dd0d4d9728f1e58b9a1951c004d065a84f8565e7f	117	pass	53.9	54.3	1.0	gvpj	93.0	gvpa	59.3	33.7	0.7567567567567568	0.7606837606837606	other_gvp	competitive_gvpj_support	59.3	93.0	natural_heldout	gvpj	2	nat_f4e9c50251e64349c6bf
nat_7cf74e461ac8ae619696	7cf74e461ac8ae619696c1a672346b000dcf932e39bf9f7ed8995373a541d38c	117	pass	59.4	59.8	1.0	gvpj	103.6	gvpa	64.4	39.19999999999999	0.7747747747747747	0.8547008547008547	other_gvp	competitive_gvpj_support	64.4	103.6	natural_heldout	gvpj	2	nat_7cf74e461ac8ae619696
nat_fb3d3c8b6094f7ab7999	fb3d3c8b6094f7ab7999e8e7abb8800334f23ec2acd9cb50be499f37d92df987	117	pass	57.5	57.8	1.0	gvpa	137.3	gvpj	102.9	34.400000000000006	0.8320610687022901	0.9145299145299145	supported_gvpa	pf00741_and_competitive_gvpa_support	137.3	102.9	natural_heldout	gvpj	2	nat_fb3d3c8b6094f7ab7999
nat_fe819a15ad22899dad10	fe819a15ad22899dad108c6cf39bf72f3dfea85c6e3ca0440696966279f256e0	117	pass	54.1	54.6	0.9743589743589743	gvpj	101.7	gvpa	62.1	39.6	0.7747747747747747	0.8547008547008547	other_gvp	competitive_gvpj_support	62.1	101.7	natural_heldout	gvpj	2	nat_fe819a15ad22899dad10
nat_527c30968406b8971bd9	527c30968406b8971bd92d0c47a5aa40934149eb55246c1567c968f13ce07f96	116	pass	60.2	60.6	1.0	gvpj	100.1	gvpa	61.9	38.199999999999996	0.7387387387387387	0.8275862068965517	other_gvp	competitive_gvpj_support	61.9	100.1	natural_heldout	gvpj	2	nat_527c30968406b8971bd9
nat_57ae02b5e430d2b2bc5a	57ae02b5e430d2b2bc5abf93335a0b87b78e915600b755f3e73b4c456c3c2ed1	116	pass	58.6	59.0	1.0	gvpj	102.6	gvpa	62.4	40.199999999999996	0.7567567567567568	0.8275862068965517	other_gvp	competitive_gvpj_support	62.4	102.6	natural_heldout	gvpj	2	nat_57ae02b5e430d2b2bc5a
nat_3da05007aed6ad7ca03b	3da05007aed6ad7ca03bfd1c2ee52bed3e906079854c105ccfd0e63c2ba041c2	116	pass	59.4	59.9	1.0	gvpj	101.0	gvpa	61.6	39.4	0.7477477477477478	0.8362068965517241	other_gvp	competitive_gvpj_support	61.6	101.0	natural_heldout	gvpj	2	nat_3da05007aed6ad7ca03b
nat_2d6ae3851377c5ea8190	2d6ae3851377c5ea8190c71f2d4f543d5c80a1e7ebf641b73e95ea3757951744	116	pass	61.7	62.0	1.0	gvpj	92.7	gvpa	55.9	36.800000000000004	0.7297297297297297	0.7413793103448276	other_gvp	competitive_gvpj_support	55.9	92.7	natural_heldout	gvpj	2	nat_2d6ae3851377c5ea8190
nat_6770b7649ec68cfb7397	6770b7649ec68cfb7397bf95b7780bffc45a39624e485345e45f56762ce4d7af	115	pass	50.3	50.7	0.9743589743589743	gvpj	90.1	gvpa	56.0	34.099999999999994	0.6756756756756757	0.7565217391304347	other_gvp	competitive_gvpj_support	56.0	90.1	natural_heldout	gvpj	2	nat_6770b7649ec68cfb7397
nat_cbec58c289419737e313	cbec58c289419737e3138965565089aee25189a532f934cd154634417d2c0c1c	115	pass	46.9	47.4	0.8717948717948718	gvpa	132.8	gvpj	86.4	46.400000000000006	0.8549618320610687	0.9652173913043478	supported_gvpa	pf00741_and_competitive_gvpa_support	132.8	86.4	natural_heldout	gvpj	2	nat_cbec58c289419737e313
nat_baa75d7a0b2a702d394f	baa75d7a0b2a702d394fa5d0868c0e4e1067505f904c83bcfb04e9a15c9a244e	115	pass	61.4	61.9	1.0	gvpj	100.7	gvpa	65.3	35.400000000000006	0.7207207207207207	0.8173913043478261	other_gvp	competitive_gvpj_support	65.3	100.7	natural_heldout	gvpj	2	nat_baa75d7a0b2a702d394f
nat_7c474a0845fc63bd9dc1	7c474a0845fc63bd9dc16a8a419c1adfdadef26e7c691d51e6f9cc26000044e3	115	pass	49.0	49.7	0.9487179487179487	gvpa	133.3	gvpj	86.7	46.60000000000001	0.8473282442748091	0.9565217391304348	supported_gvpa	pf00741_and_competitive_gvpa_support	133.3	86.7	natural_heldout	gvpj	2	nat_7c474a0845fc63bd9dc1
nat_dffa8ebddc81bbafa110	dffa8ebddc81bbafa110d9d1bd8a8da795b762b2de7a321f5faa229eab01bab5	114	pass	47.8	48.6	0.9743589743589743	gvpj	89.3	gvpa	118.9	-29.60000000000001	0.6666666666666666	0.6578947368421053	gvpa_gvpj_ambiguous	insufficient_competitive_margin	118.9	89.3	natural_heldout	gvpj	2	nat_dffa8ebddc81bbafa110
nat_3fc915e39b4dd0e48f0b	3fc915e39b4dd0e48f0badbf0a73f1d961f36f3c7af92f1635beaee7f1e5ce4c	114	pass	45.0	45.4	1.0	gvpa	119.7	gvpj	91.5	28.200000000000003	0.7786259541984732	0.8947368421052632	supported_gvpa	pf00741_and_competitive_gvpa_support	119.7	91.5	natural_heldout	gvpj	2	nat_3fc915e39b4dd0e48f0b
nat_b7ce8a1b044eaedac151	b7ce8a1b044eaedac1517c8d30ebc712b7ba1b15e74430f77880c02d1e241ea7	114	pass	45.0	45.5	0.8717948717948718	gvpa	129.8	gvpj	84.9	44.900000000000006	0.816793893129771	0.9649122807017544	supported_gvpa	pf00741_and_competitive_gvpa_support	129.8	84.9	natural_heldout	gvpj	2	nat_b7ce8a1b044eaedac151
nat_67d68ebfb40b00ae5bfc	67d68ebfb40b00ae5bfc87c194aa7493d33a7e1129339efcec50719b20a116a5	114	pass	53.6	54.1	0.9743589743589743	gvpj	96.1	gvpa	62.3	33.8	0.6486486486486487	0.7368421052631579	other_gvp	competitive_gvpj_support	62.3	96.1	natural_heldout	gvpj	2	nat_67d68ebfb40b00ae5bfc
nat_92175699752c66f1a221	92175699752c66f1a2214afd8d237048074ace09b16d1c15ce11c53fa7657ff2	114	pass	54.8	55.4	1.0	gvpa	136.5	gvpj	100.1	36.400000000000006	0.6946564885496184	0.7894736842105263	supported_gvpa	pf00741_and_competitive_gvpa_support	136.5	100.1	natural_heldout	gvpj	2	nat_92175699752c66f1a221
nat_3a48abf479c0a84ce532	3a48abf479c0a84ce532babc03ed1c9480f2e79148f38d04af81aaa563c70d7c	114	pass	50.8	51.2	0.9743589743589743	gvpj	99.9	gvpa	57.8	42.10000000000001	0.7387387387387387	0.8333333333333334	other_gvp	competitive_gvpj_support	57.8	99.9	natural_heldout	gvpj	2	nat_3a48abf479c0a84ce532
nat_4148f2a81e7132b20b9f	4148f2a81e7132b20b9f083abefcc9cd4c6e24cff6024d9a6258cfecc2095248	114	fail			0.0	gvpk	105.7	gvpv	1.2	104.5	0.8214285714285714	0.8245614035087719	other_gvp	competitive_gvpk_support			natural_heldout	gvpk	2	nat_4148f2a81e7132b20b9f
nat_cc66d4eee0730ede696b	cc66d4eee0730ede696b8e59bfed0e7afebc625572b779c45a6a86786b2a5fad	113	pass	59.5	59.9	1.0	gvpj	100.1	gvpa	61.8	38.3	0.7837837837837838	0.8495575221238938	other_gvp	competitive_gvpj_support	61.8	100.1	natural_heldout	gvpj	2	nat_cc66d4eee0730ede696b
nat_d6e68514b0eb73608bd0	d6e68514b0eb73608bd0b3382a575c8907c188e75c4920dfc9ea826009b34e0d	113	pass	50.7	51.2	0.9743589743589743	gvpj	99.3	gvpa	60.0	39.3	0.7567567567567568	0.8495575221238938	other_gvp	competitive_gvpj_support	60.0	99.3	natural_heldout	gvpj	2	nat_d6e68514b0eb73608bd0
nat_92c16e14e2910a7a0ba5	92c16e14e2910a7a0ba5d4d4e5fe2b3e1a1807ce5eea781008233d516bb1634b	113	pass	59.5	59.9	1.0	gvpj	101.4	gvpa	63.3	38.10000000000001	0.7297297297297297	0.8407079646017699	other_gvp	competitive_gvpj_support	63.3	101.4	natural_heldout	gvpj	2	nat_92c16e14e2910a7a0ba5
nat_38af8bf96acabf2df8a2	38af8bf96acabf2df8a202c61bc630ac9d6c5cd166ebf20a600a61151a9d5410	113	pass	59.5	59.9	1.0	gvpj	102.8	gvpa	63.8	39.0	0.7387387387387387	0.8495575221238938	other_gvp	competitive_gvpj_support	63.8	102.8	natural_heldout	gvpj	2	nat_38af8bf96acabf2df8a2
nat_1ac3704f7f900563d271	1ac3704f7f900563d2718a5946c36de6844d6f893dbc6a14cd4b28545990c721	113	pass	53.7	54.0	0.9743589743589743	gvpj	96.9	gvpa	62.7	34.2	0.6756756756756757	0.7699115044247787	other_gvp	competitive_gvpj_support	62.7	96.9	natural_heldout	gvpj	2	nat_1ac3704f7f900563d271
nat_a50b87b6aec329c2f680	a50b87b6aec329c2f680f245be5ef78ff73a18d68c92696d3345ddbec541ea8e	113	pass	53.7	54.1	0.9743589743589743	gvpj	97.7	gvpa	62.5	35.2	0.6846846846846847	0.7787610619469026	other_gvp	competitive_gvpj_support	62.5	97.7	natural_heldout	gvpj	2	nat_a50b87b6aec329c2f680
nat_ba3ce50a83eb19a0e206	ba3ce50a83eb19a0e206ccdc76500ddf208c98fc1281813a3f822d9ab2f3dd4a	113	fail			0.0	gvpk	104.7	gvpv	12.2	92.5	0.875	0.8849557522123894	other_gvp	competitive_gvpk_support	5.4	1.3	natural_heldout	gvpk	2	nat_ba3ce50a83eb19a0e206
nat_0d84dbf97ab2b46ef91f	0d84dbf97ab2b46ef91f161206f48a40ec9bf423e4e17557048b675b75331a4a	113	fail			0.0	gvpk	105.1	gvpv	10.0	95.1	0.8660714285714286	0.9026548672566371	other_gvp	competitive_gvpk_support	5.8	0.8	natural_heldout	gvpk	2	nat_0d84dbf97ab2b46ef91f
nat_dd2f32ef247b4c80fbc3	dd2f32ef247b4c80fbc30c10263d460990437ad996c6079bb690b3e8bf1b635a	113	fail			0.0	gvpv	59.0	gvpa	2.7	56.3	1.0	0.9380530973451328	other_gvp	competitive_gvpv_support	2.7	2.2	natural_heldout	gvpv	2	nat_dd2f32ef247b4c80fbc3
nat_e8d11648d866d89f021b	e8d11648d866d89f021bbae4b25db6414c71ccb6328d2870ec3264aeef54b1bd	112	pass	57.6	58.0	1.0	gvpa	136.0	gvpj	102.9	33.099999999999994	0.7709923664122137	0.8839285714285714	supported_gvpa	pf00741_and_competitive_gvpa_support	136.0	102.9	natural_heldout	gvpj	2	nat_e8d11648d866d89f021b
nat_c816054a872b93bc9733	c816054a872b93bc9733bebb0b87fa0be50a82e88fda66561811c619a42437f4	112	pass	58.4	58.8	1.0	gvpa	134.9	gvpj	101.1	33.80000000000001	0.7709923664122137	0.9017857142857143	supported_gvpa	pf00741_and_competitive_gvpa_support	134.9	101.1	natural_heldout	gvpj	2	nat_c816054a872b93bc9733
nat_f48ac7c5719360a7ba68	f48ac7c5719360a7ba68bdc8ba7d029938e1cae4a5683ba046c1d873f876a418	112	pass	50.7	51.0	0.9743589743589743			gvpj	75.2		0.0	0.0	unsupported	no_qualified_subfamily_hit	19.7	75.2	natural_heldout	gvpj	2	nat_f48ac7c5719360a7ba68
nat_08303d07c69b3b006cc6	08303d07c69b3b006cc65bf73f15c4ba4ad3b23db68665193f21b0406f338173	112	pass	53.5	54.0	0.9743589743589743	gvpj	100.6	gvpa	69.1	31.5	0.7027027027027027	0.7678571428571429	other_gvp	competitive_gvpj_support	69.1	100.6	natural_heldout	gvpj	2	nat_08303d07c69b3b006cc6
nat_18ffe7b58122d3e247f3	18ffe7b58122d3e247f37d5fd98d7d7c1dcef0c83ce709d9ec21d14d6c815b21	112	pass	53.7	54.1	0.9743589743589743	gvpj	100.5	gvpa	62.5	38.0	0.6846846846846847	0.7589285714285714	other_gvp	competitive_gvpj_support	62.5	100.5	natural_heldout	gvpj	2	nat_18ffe7b58122d3e247f3
nat_863aa5d511e9b0bd2124	863aa5d511e9b0bd2124fa440d87762823ae6c0e3a182a051e2f0e18ecb1732e	112	pass	54.5	55.0	0.9743589743589743	gvpj	95.8	gvpa	67.1	28.700000000000003	0.6666666666666666	0.7678571428571429	other_gvp	competitive_gvpj_support	67.1	95.8	natural_heldout	gvpj	2	nat_863aa5d511e9b0bd2124
nat_1af65d71957f5cb92049	1af65d71957f5cb920491d83c26e1ef148422c8391df8c706e60989423c75867	112	pass	43.5	43.5	0.9743589743589743	gvpj	81.4	gvpa	98.4	-17.0	0.6396396396396397	0.6339285714285714	gvpa_gvpj_ambiguous	insufficient_competitive_margin	98.4	81.4	natural_heldout	gvpj	2	nat_1af65d71957f5cb92049
nat_8494cbcf9774a41e069d	8494cbcf9774a41e069d6f440a24967c39b838230d545992c1ce1ffe789f47f4	112	pass	53.7	53.7	0.9743589743589743	gvpj	97.0	gvpa	61.9	35.1	0.6396396396396397	0.7142857142857143	other_gvp	competitive_gvpj_support	61.9	97.0	natural_heldout	gvpj	2	nat_8494cbcf9774a41e069d
nat_277d97cec99a601f7659	277d97cec99a601f765939418c046631031e7ba23ef48606a950fa0f8d12e553	112	pass	59.5	59.9	1.0	gvpj	101.9	gvpa	62.4	39.50000000000001	0.7207207207207207	0.8392857142857143	other_gvp	competitive_gvpj_support	62.4	101.9	natural_heldout	gvpj	2	nat_277d97cec99a601f7659
nat_dc91976c7c3450587080	dc91976c7c3450587080b15d5c924baf43fb7473223cbd1a9b11154b87ecf19f	112	pass	58.0	58.3	1.0	gvpj	96.0	gvpa	58.0	38.0	0.6936936936936937	0.8392857142857143	other_gvp	competitive_gvpj_support	58.0	96.0	natural_heldout	gvpj	2	nat_dc91976c7c3450587080
nat_9a0abc7123e25547e268	9a0abc7123e25547e26859cedde96c6faee8476d6c664c9da5dff6d2064dbeb4	112	fail			0.0	gvpv	58.1	gvpa	2.8	55.300000000000004	1.0	0.9375	other_gvp	competitive_gvpv_support	2.8	2.4	natural_heldout	gvpv	2	nat_9a0abc7123e25547e268
nat_47f1a4ea07a3cb6c51c0	47f1a4ea07a3cb6c51c05d87ddd6743c62d25b94b7cf7ec557518ae36eed0016	111	pass	57.9	58.2	1.0	gvpj	99.5	gvpa	70.5	29.0	0.7027027027027027	0.7477477477477478	other_gvp	competitive_gvpj_support	70.5	99.5	natural_heldout	gvpj	2	nat_47f1a4ea07a3cb6c51c0
nat_d4445ac643365af43707	d4445ac643365af437073dc46b8f1e17cdf05fbb347a6c8c8ace0f8aa2b34edc	111	pass	58.8	59.2	1.0	gvpj	98.7	gvpa	67.5	31.200000000000003	0.6846846846846847	0.7837837837837838	other_gvp	competitive_gvpj_support	67.5	98.7	natural_heldout	gvpj	2	nat_d4445ac643365af43707
nat_d841fd9bd8b58bf592fe	d841fd9bd8b58bf592fe39733d6063e374b7b83748e345ee4f4618fe4fd738c0	111	pass	57.7	58.1	1.0	gvpj	100.5	gvpa	65.2	35.3	0.7387387387387387	0.8378378378378378	other_gvp	competitive_gvpj_support	65.2	100.5	natural_heldout	gvpj	2	nat_d841fd9bd8b58bf592fe
nat_395ec35f14effdb2da3a	395ec35f14effdb2da3adaf3b2f043ac80879520a3b8d36bec62b8fdc294d641	111	pass	57.8	58.1	1.0	gvpj	102.6	gvpa	62.9	39.699999999999996	0.7837837837837838	0.8108108108108109	other_gvp	competitive_gvpj_support	62.9	102.6	natural_heldout	gvpj	2	nat_395ec35f14effdb2da3a
nat_def4e5618d2d3f638abe	def4e5618d2d3f638abe594d7e834a05c793dc1196c2bad738cad9a153ae11e4	110	pass	56.4	56.7	1.0	gvpj	96.6	gvpa	52.5	44.099999999999994	0.6936936936936937	0.8545454545454545	other_gvp	competitive_gvpj_support	52.5	96.6	natural_heldout	gvpj	2	nat_def4e5618d2d3f638abe
nat_c8e916c7b41a8a9952b3	c8e916c7b41a8a9952b307f9d69b22b3394853c8559f2aa86a8b899c5a6c5e5e	110	pass	54.7	55.1	0.9743589743589743	gvpj	104.9	gvpa	67.6	37.30000000000001	0.7117117117117117	0.8272727272727273	other_gvp	competitive_gvpj_support	67.6	104.9	natural_heldout	gvpj	2	nat_c8e916c7b41a8a9952b3
nat_8f6356423342dd6a8af7	8f6356423342dd6a8af7e53a14dc12b52658757cbc6eca01fddd5762a237cc1f	110	pass	58.0	58.3	1.0	gvpj	97.8	gvpa	54.1	43.699999999999996	0.6936936936936937	0.8545454545454545	other_gvp	competitive_gvpj_support	54.1	97.8	natural_heldout	gvpj	2	nat_8f6356423342dd6a8af7
nat_7b4f76ef630d750e1cc8	7b4f76ef630d750e1cc82229cc0044360171863ac613f1a00d7c95c34bbcc365	110	pass	57.5	57.8	1.0	gvpa	135.0	gvpj	101.0	34.0	0.7251908396946565	0.8636363636363636	supported_gvpa	pf00741_and_competitive_gvpa_support	135.0	101.0	natural_heldout	gvpj	2	nat_7b4f76ef630d750e1cc8
nat_2dde3392aae621ffc247	2dde3392aae621ffc247a67531f2dde85ba38c6049084f00335fd226a0ce1386	110	pass	58.0	58.3	1.0	gvpj	98.2	gvpa	56.6	41.6	0.6936936936936937	0.8545454545454545	other_gvp	competitive_gvpj_support	56.6	98.2	natural_heldout	gvpj	2	nat_2dde3392aae621ffc247
nat_1c949f5ba7f49b569cd5	1c949f5ba7f49b569cd5e04891651e4a2cef76b8341068929a4d782a5ecf70d0	110	pass	59.6	60.0	1.0	gvpj	99.9	gvpa	62.8	37.10000000000001	0.7027027027027027	0.8363636363636363	other_gvp	competitive_gvpj_support	62.8	99.9	natural_heldout	gvpj	2	nat_1c949f5ba7f49b569cd5
nat_93ee8755b8fb64b781d3	93ee8755b8fb64b781d33f0034b793f5e4907567eb3e40fcc0696100d970762d	110	pass	58.0	58.3	1.0	gvpj	94.9	gvpa	54.7	40.2	0.6396396396396397	0.8	other_gvp	competitive_gvpj_support	54.7	94.9	natural_heldout	gvpj	2	nat_93ee8755b8fb64b781d3
nat_d7b8c5c7cb6b1053592e	d7b8c5c7cb6b1053592eec9971846e5a911786b43eb39b678e6b33a71374245c	110	pass	58.0	58.4	1.0	gvpj	96.4	gvpa	56.6	39.800000000000004	0.6846846846846847	0.7818181818181819	other_gvp	competitive_gvpj_support	56.6	96.4	natural_heldout	gvpj	2	nat_d7b8c5c7cb6b1053592e
nat_f5417bd74b0ff41e1cb0	f5417bd74b0ff41e1cb0687ce7bed4e649e66762cde0d09ebaf9ccf82279f747	110	fail			0.0	gvpk	127.0	gvpv	0.8	126.2	0.7678571428571429	0.7818181818181819	other_gvp	competitive_gvpk_support			natural_heldout	gvpk	2	nat_f5417bd74b0ff41e1cb0
nat_a03c379cbf87f690f977	a03c379cbf87f690f9776f8389c9c667f8f80be8d6ca00e8132e1c9a254b9414	110	fail	1.9	3.2	0.20512820512820512	gvpk	91.5	gvpv	3.0	88.5	0.9017857142857143	0.9272727272727272	other_gvp	competitive_gvpk_support			natural_heldout	gvpk	2	nat_a03c379cbf87f690f977
nat_8cc50c0228caae3ad7f4	8cc50c0228caae3ad7f4b447af2c62ea265bd1e8468d0d6e48857cc4a224f32c	109	pass	57.7	58.1	1.0	gvpj	94.3	gvpa	54.0	40.3	0.6306306306306306	0.7706422018348624	other_gvp	competitive_gvpj_support	54.0	94.3	natural_heldout	gvpj	2	nat_8cc50c0228caae3ad7f4
nat_8be088bcd53ef20d5eec	8be088bcd53ef20d5eec1080c625ad07e7a2249d502ca149a3a316b7304051a2	109	pass	58.2	58.6	1.0	gvpj	96.4	gvpa	53.2	43.2	0.6846846846846847	0.8532110091743119	other_gvp	competitive_gvpj_support	53.2	96.4	natural_heldout	gvpj	2	nat_8be088bcd53ef20d5eec
nat_4a66b9c8b2b4962ce727	4a66b9c8b2b4962ce727afa2123777358c38beefb35799842e40c040c84cfc97	109	pass	58.0	58.4	1.0	gvpj	95.4	gvpa	56.4	39.00000000000001	0.6936936936936937	0.8532110091743119	other_gvp	competitive_gvpj_support	56.4	95.4	natural_heldout	gvpj	2	nat_4a66b9c8b2b4962ce727
nat_78f7cb5e56edc86d1b1c	78f7cb5e56edc86d1b1c033e3f75a4d8361216da4150de6a258b837da80d670e	109	fail			0.0	gvpk	121.5	gvpl	6.0	115.5	0.7678571428571429	0.7889908256880734	other_gvp	competitive_gvpk_support			natural_heldout	gvpk	2	nat_78f7cb5e56edc86d1b1c
nat_0f8d9d1627be026a1e6b	0f8d9d1627be026a1e6befb0404900e5c6bbf68f9cb7c917a32d567eaed53bd8	108	fail			0.0	gvpk	103.0	gvpc	0.2	102.8	0.7589285714285714	0.7870370370370371	other_gvp	competitive_gvpk_support			natural_heldout	gvpk	2	nat_0f8d9d1627be026a1e6b
nat_ba3ba5496951fc0249d5	ba3ba5496951fc0249d54c9205cd0a4d49ede4ce5dfb13136a0f005fa6f98ebb	108	fail			0.0	gvpk	121.7	gvpv	7.0	114.7	0.8571428571428571	0.9074074074074074	other_gvp	competitive_gvpk_support	0.6	0.1	natural_heldout	gvpk	2	nat_ba3ba5496951fc0249d5
nat_e92400776b88a8a20901	e92400776b88a8a209010e53f251a73702cf5dbd30c0cfc1f43610dab8ea0e9f	108	fail			0.0	gvpk	117.4	gvpv	9.3	108.10000000000001	0.8660714285714286	0.9166666666666666	other_gvp	competitive_gvpk_support	1.6	0.5	natural_heldout	gvpk	2	nat_e92400776b88a8a20901
nat_b297046d38f89c457aeb	b297046d38f89c457aebe7705ea105d898f3d336647a5a0c6e42960aaab0aa4e	107	pass	59.0	59.4	1.0	gvpj	102.0	gvpa	64.9	37.099999999999994	0.6846846846846847	0.8691588785046729	other_gvp	competitive_gvpj_support	64.9	102.0	natural_heldout	gvpj	2	nat_b297046d38f89c457aeb
nat_e332f9cab97afe879bd0	e332f9cab97afe879bd092b263e2654c952b9dd7803451a1d41a25d84212d167	107	pass	59.2	59.8	0.9743589743589743	gvpj	94.5	gvpa	64.9	29.599999999999994	0.7387387387387387	0.8878504672897196	other_gvp	competitive_gvpj_support	64.9	94.5	natural_heldout	gvpj	2	nat_e332f9cab97afe879bd0
nat_42f645640533e9fbacdd	42f645640533e9fbacdd99d31f4a2851fe5a7e09a948864aa776f0eab58a0a4b	107	pass	60.4	60.8	1.0	gvpj	105.2	gvpa	76.5	28.700000000000003	0.6306306306306306	0.7383177570093458	other_gvp	competitive_gvpj_support	76.5	105.2	natural_heldout	gvpj	2	nat_42f645640533e9fbacdd
nat_953542b6961a34556ee5	953542b6961a34556ee576b94e4c232b89ffc3aa065d71f05ec5503bcc21616f	107	pass	59.7	60.0	1.0	gvpj	100.0	gvpa	63.3	36.7	0.6936936936936937	0.8504672897196262	other_gvp	competitive_gvpj_support	63.3	100.0	natural_heldout	gvpj	2	nat_953542b6961a34556ee5
nat_216c871a89607e7b1e8c	216c871a89607e7b1e8c06e16d7d8f8ed76966c29d0ca39955e805400847204e	107	pass	59.7	60.1	1.0	gvpj	100.7	gvpa	63.7	37.0	0.6846846846846847	0.8411214953271028	other_gvp	competitive_gvpj_support	63.7	100.7	natural_heldout	gvpj	2	nat_216c871a89607e7b1e8c
nat_e8f1bfaee2fbaf8ab3a0	e8f1bfaee2fbaf8ab3a076e22781a4bc2c343952ec308aa0bcc7b58ec0a139ba	107	pass	59.7	60.1	1.0	gvpj	100.4	gvpa	65.1	35.30000000000001	0.7027027027027027	0.8317757009345794	other_gvp	competitive_gvpj_support	65.1	100.4	natural_heldout	gvpj	2	nat_e8f1bfaee2fbaf8ab3a0
nat_484ac7a0bdaa1bbf4ecd	484ac7a0bdaa1bbf4ecdc846130e39463f843abbdd90ca9034e018fec7c8e73d	107	fail			0.0	gvpk	135.8	gvpv	2.3	133.5	0.7678571428571429	0.8037383177570093	other_gvp	competitive_gvpk_support			natural_heldout	gvpk	2	nat_484ac7a0bdaa1bbf4ecd
nat_c0bb6e35db076399a0b0	c0bb6e35db076399a0b0c01ee21b1e90d0ca750d881ee440265789d19af5ec56	107	fail			0.0	gvpk	114.8				0.7589285714285714	0.794392523364486	other_gvp	competitive_gvpk_support;no_reportable_runner_up			natural_heldout	gvpk	2	nat_c0bb6e35db076399a0b0
nat_55c9bd284093601349bc	55c9bd284093601349bcdc2062d674e9b47aa902409a51f96b0b6614bf851c0b	106	pass	52.6	53.0	0.9743589743589743			gvpj	75.9		0.0	0.0	unsupported	no_qualified_subfamily_hit	23.0	75.9	natural_heldout	gvpj	2	nat_55c9bd284093601349bc
nat_7c25847a55db32659928	7c25847a55db326599287a6ef44c7256d60e8733fe27ecd99d2807bc0932ed6a	106	fail			0.0	gvpk	107.7	gvpf	3.1	104.60000000000001	0.6964285714285714	0.7358490566037735	other_gvp	competitive_gvpk_support			natural_heldout	gvpk	2	nat_7c25847a55db32659928
nat_96d3b6c17b4236f755ff	96d3b6c17b4236f755ffeb5451768561cbd8965b3dd5ae64a0c91bc99da5058d	106	fail			0.0	gvpk	91.4	gvpv	1.2	90.2	0.9107142857142857	0.9716981132075472	other_gvp	competitive_gvpk_support	0.0		natural_heldout	gvpk	2	nat_96d3b6c17b4236f755ff
nat_d7ae49ed1ac2f86b33c1	d7ae49ed1ac2f86b33c19ee9c54aa093e526f23f00328f7aab900bd8aeca3a0e	106	fail			0.0	gvpv	67.2	gvpk	4.7	62.5	1.0	0.9339622641509434	other_gvp	competitive_gvpv_support	1.8	0.5	natural_heldout	gvpv	2	nat_d7ae49ed1ac2f86b33c1
nat_c3864be3a36de85b74e8	c3864be3a36de85b74e803f68b3817b782bf0abd07beba4cf6a5e489a68e4930	106	fail			0.0	gvpv	77.2	gvpa	8.2	69.0	1.0	0.9528301886792453	other_gvp	competitive_gvpv_support	8.2	1.5	natural_heldout	gvpv	2	nat_c3864be3a36de85b74e8
nat_3920ca7a93d3521445d8	3920ca7a93d3521445d8a9125d9abf04dd6363767431dca9d05c51e403d73fe5	105	pass	41.0	41.9	0.9743589743589743	gvpa	99.4	gvpj	81.7	17.700000000000003	0.6641221374045801	0.819047619047619	supported_gvpa	pf00741_and_competitive_gvpa_support	99.4	81.7	natural_heldout	gvpj	2	nat_3920ca7a93d3521445d8
nat_e5df3d986da0fca5374f	e5df3d986da0fca5374f5b77aaf60ba43e774ee542982f9dcebada52265436fd	105	fail			0.0	gvpk	98.3	gvpv	1.5	96.8	0.8125	0.8857142857142857	other_gvp	competitive_gvpk_support	0.2	0.0	natural_heldout	gvpk	2	nat_e5df3d986da0fca5374f
nat_ecec43ec6ff0f46c3f32	ecec43ec6ff0f46c3f32fc12866a4f7054a0e63b72af86b791ca2666435e5ed1	105	fail			0.0	gvpk	132.3	gvpv	4.3	128.0	0.7678571428571429	0.819047619047619	other_gvp	competitive_gvpk_support			natural_heldout	gvpk	2	nat_ecec43ec6ff0f46c3f32
nat_2288f0ab5a9d37a453af	2288f0ab5a9d37a453af50c51a1174daecc567014c77d94387050f88915acab7	105	fail			0.0	gvpk	140.8	gvpv	4.7	136.10000000000002	0.8214285714285714	0.9428571428571428	other_gvp	competitive_gvpk_support			natural_heldout	gvpk	2	nat_2288f0ab5a9d37a453af
nat_12a2e44091d101f884a5	12a2e44091d101f884a5b64e3bd4a620ed7f355a73388d4f730a0f21d88b4155	105	fail			0.0	gvpk	49.2	gvpa	3.8	45.400000000000006	0.6339285714285714	0.6476190476190476	other_gvp	competitive_gvpk_support	3.8		natural_heldout	gvpk	2	nat_12a2e44091d101f884a5
nat_2e9855a6be3700c23fe5	2e9855a6be3700c23fe5989e746dad46f6227d431fe04514dad3becb5c2b974f	105	fail			0.0	gvpv	65.8	gvpk	7.6	58.199999999999996	0.9801980198019802	0.8761904761904762	other_gvp	competitive_gvpv_support	2.9		natural_heldout	gvpv	2	nat_2e9855a6be3700c23fe5
nat_f580e47f980a015394d4	f580e47f980a015394d4af4d198d62cdad237cc56d8fd45ea8335d4240a0e65d	104	pass	56.5	56.8	0.9743589743589743	gvpj	80.5	gvpa	30.4	50.1	0.6126126126126126	0.6153846153846154	other_gvp	competitive_gvpj_support	30.4	80.5	natural_heldout	gvpj	2	nat_f580e47f980a015394d4
nat_5c2e3230af84af2b587d	5c2e3230af84af2b587d7fd45e1c3e4cf0ef51d413ca72f30021e7047469da37	104	pass	58.5	58.8	1.0	gvpj	100.6	gvpa	57.7	42.89999999999999	0.7837837837837838	0.8653846153846154	other_gvp	competitive_gvpj_support	57.7	100.6	natural_heldout	gvpj	2	nat_5c2e3230af84af2b587d
nat_a5f47ab07e6ff957de52	a5f47ab07e6ff957de52842f2779cb77c6b25ef39c7bc150c4d22b76b9a79174	104	fail			0.0	gvpk	133.7	gvpv	8.2	125.49999999999999	0.7678571428571429	0.8269230769230769	other_gvp	competitive_gvpk_support			natural_heldout	gvpk	2	nat_a5f47ab07e6ff957de52
nat_2fd75fe1ce765a30a2c2	2fd75fe1ce765a30a2c2e3ca360957a59e54c9cd03cb06c7438830e6e3b760f1	104	fail	2.8	3.7	0.20512820512820512	gvpk	93.6	gvpv	1.8	91.8	0.8928571428571429	0.9711538461538461	other_gvp	competitive_gvpk_support	0.7	1.1	natural_heldout	gvpk	2	nat_2fd75fe1ce765a30a2c2
nat_3c70afdab9e7af2e1189	3c70afdab9e7af2e1189533830466a5ba6b765d63d69ce98b9cd95ef21d1e8f2	104	fail			0.0	gvpv	70.6	gvpc	2.9	67.69999999999999	1.0	0.9519230769230769	other_gvp	competitive_gvpv_support	0.8	0.2	natural_heldout	gvpv	2	nat_3c70afdab9e7af2e1189
nat_b09acb4d26a9cf98efc4	b09acb4d26a9cf98efc4802ef698389684519cc8331c7df2b3a6870aecdfd42d	103	pass	53.4	53.7	0.9487179487179487			gvpj	63.3		0.0	0.0	unsupported	no_qualified_subfamily_hit	37.8	63.3	natural_heldout	gvpj	2	nat_b09acb4d26a9cf98efc4
nat_70ecf2053d255f8cbc58	70ecf2053d255f8cbc58c5fc61b9a2beb3c9ca2e19dc077e7e2ddaa442016c96	103	pass	61.2	61.6	0.9743589743589743	gvpj	94.4	gvpa	65.7	28.700000000000003	0.7387387387387387	0.883495145631068	other_gvp	competitive_gvpj_support	65.7	94.4	natural_heldout	gvpj	2	nat_70ecf2053d255f8cbc58
nat_cd1a9ffb557d1157e46b	cd1a9ffb557d1157e46b03c572a156d5056699c4895d65a56adb100618028da6	103	pass	58.0	58.3	1.0	gvpj	101.3	gvpa	62.1	39.199999999999996	0.7477477477477478	0.8349514563106796	other_gvp	competitive_gvpj_support	62.1	101.3	natural_heldout	gvpj	2	nat_cd1a9ffb557d1157e46b
nat_02fd8350edf1c6e15bae	02fd8350edf1c6e15bae27223b3a3873f0304c43e6d8d177ca902586ab3b3769	103	fail			0.0	gvpk	132.4	gvpv	0.3	132.1	0.7678571428571429	0.8349514563106796	other_gvp	competitive_gvpk_support			natural_heldout	gvpk	2	nat_02fd8350edf1c6e15bae
nat_a7c4b092d8efa9ce79d5	a7c4b092d8efa9ce79d5730ab6a8e77d389f6dd5a8844496afe776e3a0ed4542	103	fail			0.0	gvpk	116.4	gvpv	2.8	113.60000000000001	0.7767857142857143	0.970873786407767	other_gvp	competitive_gvpk_support			natural_heldout	gvpk	2	nat_a7c4b092d8efa9ce79d5
nat_af2e22adbdb49bc0ba60	af2e22adbdb49bc0ba60ac7a9a8af3948d1596ee602575792924ac7df8510740	103	fail			0.0			gvpk	32.7		0.0	0.0	unsupported	no_qualified_subfamily_hit			natural_heldout	gvpk	2	nat_af2e22adbdb49bc0ba60
nat_715e7f41090a31cdf1ec	715e7f41090a31cdf1ec256cea968a9a40b67c65b3f7b987a238afa7dfded127	103	fail	0.4	1.4	0.20512820512820512	gvpk	112.8	gvpl	6.6	106.2	0.7232142857142857	0.7864077669902912	other_gvp	competitive_gvpk_support			natural_heldout	gvpk	2	nat_715e7f41090a31cdf1ec
nat_e5ceabb21180b04662ae	e5ceabb21180b04662aeef81c1c71fcbc09e903033ec6c0667bdfb3085218373	103	fail			0.0	gvpv	72.4	gvpk	2.5	69.9	1.0	0.970873786407767	other_gvp	competitive_gvpv_support	0.5	0.0	natural_heldout	gvpv	2	nat_e5ceabb21180b04662ae
nat_55f831f992234588cedd	55f831f992234588ceddd1b1fcab50ed766de0927e2e3e5ee61ae63417f710b6	103	fail			0.0	gvpv	72.2	gvpc	2.9	69.3	1.0	0.9514563106796117	other_gvp	competitive_gvpv_support	1.5	0.5	natural_heldout	gvpv	2	nat_55f831f992234588cedd
nat_b629ea5b6ccdf5cafe33	b629ea5b6ccdf5cafe3371b698020cc9a38dd0ccf5967289842e2d1cc8de19e5	102	pass	57.4	57.7	1.0	gvpj	96.4	gvpa	58.2	38.2	0.6756756756756757	0.9019607843137255	other_gvp	competitive_gvpj_support	58.2	96.4	natural_heldout	gvpj	2	nat_b629ea5b6ccdf5cafe33
nat_09039b31722d95054d91	09039b31722d95054d91ac5e8dfba3f71219c385c8aefda14ee79d041ee6ceac	101	pass	60.4	60.8	0.9743589743589743	gvpj	83.8	gvpa	32.7	51.099999999999994	0.6036036036036037	0.6237623762376238	other_gvp	competitive_gvpj_support	32.7	83.8	natural_heldout	gvpj	2	nat_09039b31722d95054d91
nat_bb76aad3eff34c3e25a9	bb76aad3eff34c3e25a945ad5c291bcb1d8e892ed2096dce8ab010f63c000dba	100	pass	60.4	60.4	0.9743589743589743	gvpj	94.6	gvpa	78.5	16.099999999999994	0.6846846846846847	0.81	other_gvp	competitive_gvpj_support	78.5	94.6	natural_heldout	gvpj	2	nat_bb76aad3eff34c3e25a9
nat_ccea7d4aa043b4d32826	ccea7d4aa043b4d3282677391f146d7f1aee8183800107be31896758a0af7fa5	100	pass	58.3	58.6	1.0	gvpj	95.4	gvpa	55.5	39.900000000000006	0.6396396396396397	0.79	other_gvp	competitive_gvpj_support	55.5	95.4	natural_heldout	gvpj	2	nat_ccea7d4aa043b4d32826
nat_a346ed17080beb19b7f9	a346ed17080beb19b7f9423a9db16244bc0427c45667b49e808233cc217b9d67	100	pass	47.5	47.5	1.0	gvpa	124.4	gvpj	89.8	34.60000000000001	0.7404580152671756	0.96	supported_gvpa	pf00741_and_competitive_gvpa_support	124.4	89.8	natural_heldout	gvpj	2	nat_a346ed17080beb19b7f9
nat_41b03f4d8b23fbfeb923	41b03f4d8b23fbfeb923344627038edddf9a5ae268b45c210ff2f79cbc5a8935	100	pass	56.8	57.2	1.0			gvpa	114.5		0.0	0.0	unsupported	no_qualified_subfamily_hit	114.5	95.1	natural_heldout	gvpj	2	nat_41b03f4d8b23fbfeb923
nat_c52144aca7397b867a63	c52144aca7397b867a637af93ec73041f9fbc5b5ba5a9f46cfb5e6028b97a419	99	pass	55.8	56.1	0.9743589743589743	gvpj	96.7	gvpa	66.7	30.0	0.6306306306306306	0.7373737373737373	other_gvp	competitive_gvpj_support	66.7	96.7	natural_heldout	gvpj	2	nat_c52144aca7397b867a63
nat_537a56df1e3b5128f45c	537a56df1e3b5128f45c38d0e4d615a0cc0985a2694ae32baf5f493019b27cec	99	pass	46.7	47.1	0.9743589743589743	gvpa	128.2	gvpj	94.4	33.79999999999998	0.6259541984732825	0.8383838383838383	supported_gvpa	pf00741_and_competitive_gvpa_support	128.2	94.4	natural_heldout	gvpj	2	nat_537a56df1e3b5128f45c
nat_c0cbaeb838a26d617958	c0cbaeb838a26d6179585564796655a22219e0b2dc9a2ac16e1b3a70f1ccdd2a	99	pass	55.3	55.7	1.0			gvpa	113.6		0.0	0.0	unsupported	no_qualified_subfamily_hit	113.6	92.1	natural_heldout	gvpj	2	nat_c0cbaeb838a26d617958
nat_e357eb27850d60387f0e	e357eb27850d60387f0e1686075284077f26a6b9bf997e31408d86d7bc26e2c6	99	fail			0.0	gvpk	119.7	gvpv	0.4	119.3	0.7589285714285714	0.8585858585858586	other_gvp	competitive_gvpk_support			natural_heldout	gvpk	2	nat_e357eb27850d60387f0e
nat_2428f2a3ddc43e0b10ed	2428f2a3ddc43e0b10ed26c5c1c3f0b96f4bdee16e59a4c9456bfb4b21ddeb34	99	fail	0.1	1.4	0.28205128205128205	gvpk	100.2				0.7589285714285714	0.8585858585858586	other_gvp	competitive_gvpk_support;no_reportable_runner_up			natural_heldout	gvpk	2	nat_2428f2a3ddc43e0b10ed
nat_fd72e792f1baf1428f94	fd72e792f1baf1428f94ead08c5f10246d2033f791a48ac0b0cbefcc061e5828	98	pass	61.4	61.4	0.9743589743589743	gvpj	93.2	gvpa	78.2	15.0	0.6306306306306306	0.8061224489795918	other_gvp	competitive_gvpj_support	78.2	93.2	natural_heldout	gvpj	2	nat_fd72e792f1baf1428f94
nat_1d2f3e1cd710fe0c7fcf	1d2f3e1cd710fe0c7fcf981ab187fcbd00d0d8f641c755ac2b7d3b010d9b9b66	98	pass	45.5	45.8	0.8717948717948718	gvpa	116.7	gvpj	84.8	31.900000000000006	0.648854961832061	0.8571428571428571	supported_gvpa	pf00741_and_competitive_gvpa_support	116.7	84.8	natural_heldout	gvpj	2	nat_1d2f3e1cd710fe0c7fcf
nat_7bc4c8a6ef4aaf9c7db6	7bc4c8a6ef4aaf9c7db6d952a7ae12cf4052093c9014952f278ef9e925c05e5d	98	pass	49.3	49.7	0.9743589743589743	gvpj	72.0	gvpa	42.2	29.799999999999997	0.7567567567567568	0.8571428571428571	other_gvp	competitive_gvpj_support	42.2	72.0	natural_heldout	gvpj	2	nat_7bc4c8a6ef4aaf9c7db6
nat_71487a9fd043fc5b4741	71487a9fd043fc5b474109407a9d6f158ec4aed63e0cbdf02fc5f0576a8c552f	98	pass	46.4	46.8	0.9743589743589743	gvpa	129.4	gvpj	93.8	35.60000000000001	0.6183206106870229	0.8367346938775511	supported_gvpa	pf00741_and_competitive_gvpa_support	129.4	93.8	natural_heldout	gvpj	2	nat_71487a9fd043fc5b4741
nat_27a014e0508035f164ab	27a014e0508035f164ab58d81b1dcb2a1eeb48e87c76612fe3e2def973da6307	98	fail			0.0	gvpk	130.5	gvpv	1.0	129.5	0.7857142857142857	0.9795918367346939	other_gvp	competitive_gvpk_support			natural_heldout	gvpk	2	nat_27a014e0508035f164ab
nat_1e91833282be9f0bd4e2	1e91833282be9f0bd4e2817310a07683418e2834b2d4f95a01a16c74e8e4907c	98	fail			0.0	gvpk	120.8	gvpl	0.4	120.39999999999999	0.8035714285714286	0.9693877551020408	other_gvp	competitive_gvpk_support			natural_heldout	gvpk	2	nat_1e91833282be9f0bd4e2
nat_10a2bccfc68f5e531829	10a2bccfc68f5e53182930c6103a473ca41878c88cf718861cf984c97a4f81de	98	fail			0.0	gvpk	132.3	gvpv	0.5	131.8	0.7767857142857143	0.9693877551020408	other_gvp	competitive_gvpk_support			natural_heldout	gvpk	2	nat_10a2bccfc68f5e531829
nat_1359fb8c6e51c0f9bb89	1359fb8c6e51c0f9bb89206048d2bc1d607b026d8e2115e137dc1fcfe64885ae	97	pass	61.3	61.3	0.9743589743589743	gvpj	92.4	gvpa	77.1	15.300000000000011	0.6936936936936937	0.9175257731958762	other_gvp	competitive_gvpj_support	77.1	92.4	natural_heldout	gvpj	2	nat_1359fb8c6e51c0f9bb89
nat_6d2bef4d44f7bf3ac9b4	6d2bef4d44f7bf3ac9b418dc4d20cb494463ba5da13e02bbd2522f07c80e0625	97	pass	56.9	57.2	1.0			gvpa	114.6		0.0	0.0	unsupported	no_qualified_subfamily_hit	114.6	94.3	natural_heldout	gvpj	2	nat_6d2bef4d44f7bf3ac9b4
nat_04ba7db7d0670b52f7bf	04ba7db7d0670b52f7bf25e532828d40bb653dc8c31132efd9517de9748212b4	97	pass	55.4	55.7	1.0			gvpa	112.6		0.0	0.0	unsupported	no_qualified_subfamily_hit	112.6	92.1	natural_heldout	gvpj	2	nat_04ba7db7d0670b52f7bf
nat_54a094b6383fa8729a8a	54a094b6383fa8729a8a7d190978beb49f67f1a76004710b6c389fe554ee941f	97	fail			0.0	gvpk	119.3	gvpl	1.9	117.39999999999999	0.7767857142857143	0.8969072164948454	other_gvp	competitive_gvpk_support	1.0	0.2	natural_heldout	gvpk	2	nat_54a094b6383fa8729a8a
nat_93cf64215c7fbe783f27	93cf64215c7fbe783f2785fca3a916e055430e1121c591283c928bcbb329564b	97	fail			0.0	gvpk	132.1	gvpv	3.7	128.4	0.7946428571428571	0.9484536082474226	other_gvp	competitive_gvpk_support			natural_heldout	gvpk	2	nat_93cf64215c7fbe783f27
nat_b873f3b22ce8ca984966	b873f3b22ce8ca984966d8c0fad1fc10397d43b246a1ee352fe071be29ec75c7	97	fail			0.0	gvpk	137.5	gvpv	4.0	133.5	0.7767857142857143	0.9690721649484536	other_gvp	competitive_gvpk_support			natural_heldout	gvpk	2	nat_b873f3b22ce8ca984966
nat_d78c925145ff9cdee9e2	d78c925145ff9cdee9e2f0489cc7fc310c3e4ac9d4857ff91236c9a9362a1ed3	97	fail			0.0	gvpk	125.7	gvpl	1.3	124.4	0.7767857142857143	0.8969072164948454	other_gvp	competitive_gvpk_support			natural_heldout	gvpk	2	nat_d78c925145ff9cdee9e2
nat_fe11696e82e1518b1111	fe11696e82e1518b11111e3a1b87988acfa898ffaabddf6b9b3b73bdfcff7adb	97	fail			0.0	gvpv	49.5	gvpk	8.1	41.4	0.8316831683168316	0.7525773195876289	other_gvp	competitive_gvpv_support	3.7	1.5	natural_heldout	gvpv	2	nat_fe11696e82e1518b1111
nat_8c5563b595d2c6f99a2c	8c5563b595d2c6f99a2c05ab99295729bde23ba850b7bdc739402563ad97d904	97	fail			0.0	gvpv	51.5	gvpk	5.7	45.8	0.9603960396039604	0.8350515463917526	other_gvp	competitive_gvpv_support	3.9	2.0	natural_heldout	gvpv	2	nat_8c5563b595d2c6f99a2c
nat_2326b4b1edc73215c448	2326b4b1edc73215c4483bc156350db2049772b86b44cfd535d47f5806e8470f	96	pass	61.5	61.5	1.0			gvpj	91.2		0.0	0.0	unsupported	no_qualified_subfamily_hit	78.6	91.2	natural_heldout	gvpj	2	nat_2326b4b1edc73215c448
nat_dabbd8af7a7c1bd7efa2	dabbd8af7a7c1bd7efa2c6c73242b33f55743bacbed27e55e8771c183afe461f	96	fail			0.0	gvpk	136.0	gvpf	1.6	134.4	0.7946428571428571	0.9791666666666666	other_gvp	competitive_gvpk_support			natural_heldout	gvpk	2	nat_dabbd8af7a7c1bd7efa2
nat_eb733570d58501633fc1	eb733570d58501633fc14f413775b34e6cc96352f9a165abe53da7ca2853ee05	95	pass	54.9	55.2	1.0			gvpj	79.2		0.0	0.0	unsupported	no_qualified_subfamily_hit	28.7	79.2	natural_heldout	gvpj	2	nat_eb733570d58501633fc1
nat_bcd02030b41a775b0edc	bcd02030b41a775b0edc217e7309033fa4eff3cb34e9f0337d69b073203b607b	95	pass	43.3	43.6	0.9743589743589743			gvpj	67.3		0.0	0.0	unsupported	no_qualified_subfamily_hit	17.5	67.3	natural_heldout	gvpj	2	nat_bcd02030b41a775b0edc
nat_6052e825ac2d82997ce0	6052e825ac2d82997ce06901f9e9c62f4a54bcfb7ee1fb242b5938680dfed167	95	pass	49.6	49.9	0.9743589743589743			gvpj	65.6		0.0	0.0	unsupported	no_qualified_subfamily_hit	23.1	65.6	natural_heldout	gvpj	2	nat_6052e825ac2d82997ce0
nat_a05d2a4091bc6540fd5e	a05d2a4091bc6540fd5e28f92861d9a1a54677c8f66006c62c68ad889ee46449	95	pass	45.3	45.7	0.9743589743589743			gvpj	72.9		0.0	0.0	unsupported	no_qualified_subfamily_hit	18.4	72.9	natural_heldout	gvpj	2	nat_a05d2a4091bc6540fd5e
nat_ca24e4ec504822c5dfe9	ca24e4ec504822c5dfe958b2aee09aaf34122bb1aaf0f0a0d71897964bff6dd0	95	fail			0.0	gvpk	123.9	gvpl	1.8	122.10000000000001	0.7767857142857143	0.9157894736842105	other_gvp	competitive_gvpk_support	1.6		natural_heldout	gvpk	2	nat_ca24e4ec504822c5dfe9
nat_155ff0e1a28c900ffd67	155ff0e1a28c900ffd6787ebf103ccb23464b7ad34a4d3af9c004e647266586e	95	fail			0.0	gvpk	115.4	gvpv	7.4	108.0	0.8035714285714286	0.968421052631579	other_gvp	competitive_gvpk_support	1.0	1.4	natural_heldout	gvpk	2	nat_155ff0e1a28c900ffd67
nat_f1c7d03ba03b4be49674	f1c7d03ba03b4be49674af7364cac80edebe1f86bab0eff5997b7c7a5fe2dd70	94	pass	51.2	51.6	1.0	gvpj	77.9	gvpa	47.0	30.900000000000006	0.6936936936936937	0.8617021276595744	other_gvp	competitive_gvpj_support	47.0	77.9	natural_heldout	gvpj	2	nat_f1c7d03ba03b4be49674
nat_d8ad104f77bb8702bdff	d8ad104f77bb8702bdff982299244b95a3d7d8dd8d57cb96fef3eaf67492e053	94	pass	46.8	47.1	0.9743589743589743			gvpj	67.5		0.0	0.0	unsupported	no_qualified_subfamily_hit	29.6	67.5	natural_heldout	gvpj	2	nat_d8ad104f77bb8702bdff
nat_8b742b78955bcae0068d	8b742b78955bcae0068dcbeea3912bef6939c83d5c102e83e4bcd185c71e5a10	94	fail			0.0	gvpk	133.9	gvpv	7.3	126.60000000000001	0.7589285714285714	0.9042553191489362	other_gvp	competitive_gvpk_support			natural_heldout	gvpk	2	nat_8b742b78955bcae0068d
nat_b7219ccdbb1a8cbc3860	b7219ccdbb1a8cbc3860d8476cf4457b71bdd030399326e60cae0a5a8101ad9b	94	fail			0.0	gvpk	113.6	gvpv	4.0	109.6	0.7410714285714286	0.8829787234042553	other_gvp	competitive_gvpk_support	0.5		natural_heldout	gvpk	2	nat_b7219ccdbb1a8cbc3860
nat_08188f300b849b1f3d48	08188f300b849b1f3d48f7a0f27862c6ae750f3b3dbe056a1debf27c6a2aea4d	94	fail			0.0	gvpv	42.2	gvpk	5.6	36.6	0.8217821782178217	0.7553191489361702	other_gvp	competitive_gvpv_support	3.3	2.1	natural_heldout	gvpv	2	nat_08188f300b849b1f3d48
nat_4c1ba5fd81745b4e47ab	4c1ba5fd81745b4e47ab2413933987d64bf373b083e2fd9c6788e509a89720de	93	fail			0.0	gvpk	124.1	gvpv	0.7	123.39999999999999	0.7767857142857143	0.9354838709677419	other_gvp	competitive_gvpk_support			natural_heldout	gvpk	2	nat_4c1ba5fd81745b4e47ab
nat_fa3dad0f82d10d14690c	fa3dad0f82d10d14690c6ce63850cc377b6753d43f6427dbac65fe43d9223115	92	pass	55.0	55.5	1.0	gvpj	75.1	gvpa	45.8	29.299999999999997	0.6576576576576577	0.8152173913043478	other_gvp	competitive_gvpj_support	45.8	75.1	natural_heldout	gvpj	2	nat_fa3dad0f82d10d14690c
nat_ebb0222a6974a49233c4	ebb0222a6974a49233c48e1531ec1294b27d83a29442374c38dd8193c44a118b	92	pass	54.9	55.4	1.0			gvpa	124.6		0.0	0.0	unsupported	no_qualified_subfamily_hit	124.6	90.5	natural_heldout	gvpj	2	nat_ebb0222a6974a49233c4
nat_bad2dad2cf60a57b02f5	bad2dad2cf60a57b02f564feeca3e33ba449463a9b55790001d592137cb755cb	92	pass	45.4	45.7	0.9487179487179487			gvpj	65.5		0.0	0.0	unsupported	no_qualified_subfamily_hit	36.1	65.5	natural_heldout	gvpj	2	nat_bad2dad2cf60a57b02f5
nat_2036d4845b8237f7e56c	2036d4845b8237f7e56cb0206a1e3ae70692c91647b85d073f367ca0a3274965	92	fail			0.0			gvpk	92.9		0.0	0.0	unsupported	no_qualified_subfamily_hit			natural_heldout	gvpk	2	nat_2036d4845b8237f7e56c
nat_0a0c4f57cf79f46bf8f3	0a0c4f57cf79f46bf8f3f81975f0482084d8e2557ebe189befbb897f877bbb80	91	pass	57.8	58.1	1.0			gvpj	81.1		0.0	0.0	unsupported	no_qualified_subfamily_hit	25.9	81.1	natural_heldout	gvpj	2	nat_0a0c4f57cf79f46bf8f3
nat_bae63dd0b8d13acbfc4b	bae63dd0b8d13acbfc4b3643c97e8641f706f757e8807ba7c1c30d41f11b2f79	91	pass	47.2	47.6	0.8717948717948718	gvpa	118.2	gvpj	85.4	32.8	0.6183206106870229	0.8791208791208791	supported_gvpa	pf00741_and_competitive_gvpa_support	118.2	85.4	natural_heldout	gvpj	2	nat_bae63dd0b8d13acbfc4b
nat_68a18df6d5d153ea5481	68a18df6d5d153ea54815a42c9d0b0f566c946a536da2d6974b07aced5badb9b	91	fail			0.0	gvpk	133.8	gvpv	5.0	128.8	0.7767857142857143	0.9560439560439561	other_gvp	competitive_gvpk_support			natural_heldout	gvpk	2	nat_68a18df6d5d153ea5481
nat_e6372e2544e857de1c1a	e6372e2544e857de1c1a06cbf46724cdfa0e9326aaacc53f3cd8a2716f264020	90	pass	56.0	56.3	1.0			gvpj	81.3		0.0	0.0	unsupported	no_qualified_subfamily_hit	25.3	81.3	natural_heldout	gvpj	2	nat_e6372e2544e857de1c1a
nat_d24a0f91a34bbf48a22b	d24a0f91a34bbf48a22b184bef05f3e7485390cefef7284f68321f9220ee6d14	89	pass	46.5	47.0	0.9743589743589743			gvpj	73.3		0.0	0.0	unsupported	no_qualified_subfamily_hit	16.2	73.3	natural_heldout	gvpj	2	nat_d24a0f91a34bbf48a22b
nat_eb0256b251c333362463	eb0256b251c3333624632d3e6fbb425d634dc2419fa78a5aa96ec973b2273e44	89	fail			0.0	gvpk	124.3	gvpf	4.1	120.2	0.75	0.9438202247191011	other_gvp	competitive_gvpk_support			natural_heldout	gvpk	2	nat_eb0256b251c333362463
nat_b4afab7df9fb20b0f5db	b4afab7df9fb20b0f5db930ae9a1ed0070f5c615bb580f2e12f8700967d012e5	89	fail			0.0	gvpk	68.0	gvpn	0.1	67.9	0.6964285714285714	0.9101123595505618	other_gvp	competitive_gvpk_support			natural_heldout	gvpk	2	nat_b4afab7df9fb20b0f5db
nat_f993bd13f890ef7ea4b0	f993bd13f890ef7ea4b0d91e6613e368130b094da2b885be139dc27132a4c2d3	89	fail			0.0			gvpk	79.3		0.0	0.0	unsupported	no_qualified_subfamily_hit	0.4		natural_heldout	gvpk	2	nat_f993bd13f890ef7ea4b0
nat_ca9b369882de345fd105	ca9b369882de345fd105d6b43fd8ebf58e767cb18471f84e5f358377102ddb52	89	fail			0.0	gvpk	71.9	gvpf	1.7	70.2	0.7053571428571429	0.9213483146067416	other_gvp	competitive_gvpk_support			natural_heldout	gvpk	2	nat_ca9b369882de345fd105
nat_1e84f7075826793ff666	1e84f7075826793ff66675152d76be0b0f3d6f8094d1e24447302d2a754bb26b	88	pass	49.8	50.3	0.9743589743589743	gvpj	77.1	gvpa	47.9	29.199999999999996	0.7027027027027027	0.8863636363636364	other_gvp	competitive_gvpj_support	47.9	77.1	natural_heldout	gvpj	2	nat_1e84f7075826793ff666
nat_538664c2c899a02c8b5c	538664c2c899a02c8b5cec73dccc55c1bca271067879e6af151998b44297b7a2	87	fail			0.0	gvpk	127.2	gvpf	0.8	126.4	0.75	0.9655172413793104	other_gvp	competitive_gvpk_support			natural_heldout	gvpk	2	nat_538664c2c899a02c8b5c
nat_ad1ac7e11fe15e3670a1	ad1ac7e11fe15e3670a15e990804ccbeefb3932afed9ef21c550fb33237e31c4	86	pass	49.1	49.1	0.9743589743589743	gvpj	75.0	gvpa	46.2	28.799999999999997	0.6846846846846847	0.9186046511627907	other_gvp	competitive_gvpj_support	46.2	75.0	natural_heldout	gvpj	2	nat_ad1ac7e11fe15e3670a1
nat_ce0374b116e56b005b6e	ce0374b116e56b005b6e0ce575773ece2ec43fcad507bb029277cdc8ab98f69f	86	pass	52.5	52.8	1.0	gvpj	82.5	gvpa	53.2	29.299999999999997	0.7117117117117117	0.9186046511627907	other_gvp	competitive_gvpj_support	53.2	82.5	natural_heldout	gvpj	2	nat_ce0374b116e56b005b6e
nat_89c790125075f3b587bb	89c790125075f3b587bb05ab7b4aa3ab02a3aa9265eccb8dad553759497d2b93	86	pass	49.7	49.7	0.9743589743589743	gvpj	77.8	gvpa	50.0	27.799999999999997	0.6666666666666666	0.8953488372093024	other_gvp	competitive_gvpj_support	50.0	77.8	natural_heldout	gvpj	2	nat_89c790125075f3b587bb
nat_29912d63ac90b8f0de89	29912d63ac90b8f0de895a9c80aab86ababa485983fa281b902d7c55642ad313	86	pass	53.3	53.7	1.0	gvpj	76.0	gvpa	46.6	29.4	0.6486486486486487	0.872093023255814	other_gvp	competitive_gvpj_support	46.6	76.0	natural_heldout	gvpj	2	nat_29912d63ac90b8f0de89
nat_2c690256fac6daa57125	2c690256fac6daa57125868607203e2f7680f17fbf31d33781eb3122c790fe03	86	pass	54.6	55.0	1.0	gvpj	93.9	gvpa	130.6	-36.69999999999999	0.6306306306306306	0.813953488372093	gvpa_gvpj_ambiguous	insufficient_competitive_margin	130.6	93.9	natural_heldout	gvpj	2	nat_2c690256fac6daa57125
nat_bdbbf2ca834284fb90df	bdbbf2ca834284fb90dfa630336d7dd4a2e0fce3656f4058828650beb2dce077	86	pass	49.3	49.6	0.9743589743589743	gvpj	92.0	gvpa	59.7	32.3	0.6216216216216216	0.8488372093023255	other_gvp	competitive_gvpj_support	59.7	92.0	natural_heldout	gvpj	2	nat_bdbbf2ca834284fb90df
nat_9a422dac16c32cad3bba	9a422dac16c32cad3bba1cf55847ffb0a439ee2bdde2aeb4aaa92c60c99aba1f	86	pass	53.1	53.4	1.0	gvpj	76.8	gvpa	43.8	33.0	0.6756756756756757	0.9069767441860465	other_gvp	competitive_gvpj_support	43.8	76.8	natural_heldout	gvpj	2	nat_9a422dac16c32cad3bba
nat_ad3e371bbe2427eb778d	ad3e371bbe2427eb778d85086237ca550f1887b153107097ea4d99bc371ac339	85	pass	48.5	48.8	0.9743589743589743	gvpj	78.0	gvpa	20.1	57.9	0.6036036036036037	0.7764705882352941	other_gvp	competitive_gvpj_support	20.1	78.0	natural_heldout	gvpj	2	nat_ad3e371bbe2427eb778d
nat_fe204662a53e33e47edd	fe204662a53e33e47eddf18528d3455f1e0ddb0c0373646194fb0c16e89426db	85	fail			0.0	gvpk	48.2	gvpl	0.5	47.7	0.6071428571428571	0.8	other_gvp	competitive_gvpk_support	0.4		natural_heldout	gvpk	2	nat_fe204662a53e33e47edd
nat_78e92a5884209d4e3a56	78e92a5884209d4e3a565d8d905a7bba0c778b2acfe0d67592afe3993c0d585f	85	fail			0.0	gvpv	47.6	gvpg	2.6	45.0	0.9306930693069307	0.9529411764705882	other_gvp	competitive_gvpv_support			natural_heldout	gvpv	2	nat_78e92a5884209d4e3a56
nat_c8771a5c10fa1c296db8	c8771a5c10fa1c296db82eb6de926bc373e3b8614b4e12b6b71cc8f4a9c60d56	85	fail			0.0	gvpv	53.6	gvpk	2.8	50.800000000000004	0.9108910891089109	0.9411764705882353	other_gvp	competitive_gvpv_support			natural_heldout	gvpv	2	nat_c8771a5c10fa1c296db8
nat_c8cecfb77632c28453b2	c8cecfb77632c28453b262f3bca2a3d994117c9813d5bfe57d6ac192d9757bbe	84	pass	48.7	49.1	1.0			gvpj	71.0		0.0	0.0	unsupported	no_qualified_subfamily_hit	19.0	71.0	natural_heldout	gvpj	2	nat_c8cecfb77632c28453b2
nat_7fe76358dfedb7e7d8ad	7fe76358dfedb7e7d8ad44de7b2684f1ddf40f3bd612147b303c90f410eb0510	84	pass	47.1	47.6	0.9743589743589743			gvpj	73.6		0.0	0.0	unsupported	no_qualified_subfamily_hit	21.9	73.6	natural_heldout	gvpj	2	nat_7fe76358dfedb7e7d8ad
nat_5a279e932ed0a8a3b9fa	5a279e932ed0a8a3b9fa585ae2b452e7d998c9fab7edb392e5cf229877f180fe	84	pass	55.3	55.6	1.0			gvpj	81.2		0.0	0.0	unsupported	no_qualified_subfamily_hit	28.5	81.2	natural_heldout	gvpj	2	nat_5a279e932ed0a8a3b9fa
nat_40291105c4e4262229bd	40291105c4e4262229bdc2ba65e5ec69e78d2b8887519d0288a34f3feecbd4f1	84	pass	54.7	55.1	1.0	gvpj	93.7	gvpa	129.8	-36.10000000000001	0.6306306306306306	0.8333333333333334	gvpa_gvpj_ambiguous	insufficient_competitive_margin	129.8	93.7	natural_heldout	gvpj	2	nat_40291105c4e4262229bd
nat_1c11fdd132ba32e51d7d	1c11fdd132ba32e51d7d145dcca122dcad42267b263d4cfe7d7d5d15e962d1e2	84	fail			0.0	gvpv	49.7	gvpk	5.7	44.0	0.9900990099009901	0.9880952380952381	other_gvp	competitive_gvpv_support	2.2	2.6	natural_heldout	gvpv	2	nat_1c11fdd132ba32e51d7d
nat_92899af89be9c12f869e	92899af89be9c12f869e4e70a6f776402992fb084543c6b93cf9be776de3d175	84	fail			0.0	gvpf	142.7	gvpg	129.7	13.0	0.9880952380952381	0.9880952380952381	other_gvp	competitive_gvpf_support	2.2	0.6	natural_heldout	gvpf	2	nat_92899af89be9c12f869e
nat_fe4d20702bf334b6ba14	fe4d20702bf334b6ba1453173fab10932718d165eae4d9d5a34c5f179cbd1b42	84	fail			0.0	gvpf	145.3	gvpg	132.0	13.300000000000011	1.0	1.0	other_gvp	competitive_gvpf_support	2.7	2.2	natural_heldout	gvpf	2	nat_fe4d20702bf334b6ba14
nat_d529a4dd5362b300ea01	d529a4dd5362b300ea0199519e50b0b3109c206c9cc0ed2b85c12b6c62285cd1	84	fail			0.0	gvpf	144.9	gvpg	132.2	12.700000000000017	0.9880952380952381	0.9880952380952381	other_gvp	competitive_gvpf_support	2.1	1.7	natural_heldout	gvpf	2	nat_d529a4dd5362b300ea01
nat_1be8da2500a3aec3282a	1be8da2500a3aec3282a4e999cd4a8a0cc67437c442891b06ae7cc600e94bde7	84	fail			0.0	gvpg	131.0	gvpf	110.5	20.5	0.9879518072289156	0.9761904761904762	other_gvp	competitive_gvpg_support	1.9	1.3	natural_heldout	gvpg	2	nat_1be8da2500a3aec3282a
nat_d9f4961baff7df57d2fd	d9f4961baff7df57d2fd860001c140ced554842bc90287b6dae8c6978bc0ca18	84	fail			0.0	gvpg	129.8	gvpf	118.1	11.700000000000017	1.0	1.0	other_gvp	competitive_gvpg_support	3.2	3.8	natural_heldout	gvpg	2	nat_d9f4961baff7df57d2fd
nat_c4a69bd076e3206cdf7d	c4a69bd076e3206cdf7d63bb7d9c47f0106ce08d7796ab89fef00a423f5648a8	84	fail			0.0	gvpg	126.0	gvpf	115.9	10.099999999999994	1.0	0.9880952380952381	other_gvp	competitive_gvpg_support	0.7	1.6	natural_heldout	gvpg	2	nat_c4a69bd076e3206cdf7d
nat_a3571b1c51affce50627	a3571b1c51affce506273b98ca0855971ab80380187d3b485f66565e6374ee0b	84	fail			0.0	gvpg	128.5	gvpf	118.4	10.099999999999994	1.0	0.9880952380952381	other_gvp	competitive_gvpg_support	0.9	1.2	natural_heldout	gvpg	2	nat_a3571b1c51affce50627
nat_c1fe0a4a727199d7f1bd	c1fe0a4a727199d7f1bd6e6df60de84313309f10e2d67f78080f5f5098b8b39a	84	fail			0.0	gvpg	125.9	gvpf	116.8	9.100000000000009	1.0	1.0	unsupported	insufficient_competitive_margin	2.6	2.5	natural_heldout	gvpg	2	nat_c1fe0a4a727199d7f1bd
nat_b73460f69f417dd9c10a	b73460f69f417dd9c10a3961cba334591a71db42d0fc2cdd17035817a3b5f256	84	fail			0.0	gvpg	129.9	gvpf	112.8	17.10000000000001	0.9879518072289156	0.9761904761904762	other_gvp	competitive_gvpg_support	1.6	1.2	natural_heldout	gvpg	2	nat_b73460f69f417dd9c10a
nat_165370dde2f43a2ea77b	165370dde2f43a2ea77bcff31343ff7db84a6d52ebc30e8617d249dcf5dd42a5	83	fail			0.0	gvpg	132.6	gvpf	110.6	22.0	1.0	1.0	other_gvp	competitive_gvpg_support	1.9	1.1	natural_heldout	gvpg	2	nat_165370dde2f43a2ea77b
nat_bb8bd68fa8e0bdf188b8	bb8bd68fa8e0bdf188b89fd67b67a59298f1cf0fcff7f775993e4e452f61e94d	83	fail			0.0	gvpg	120.3	gvpf	101.2	19.099999999999994	1.0	1.0	other_gvp	competitive_gvpg_support	0.2		natural_heldout	gvpg	2	nat_bb8bd68fa8e0bdf188b8
nat_6d501cf3ce1b8e6a1e66	6d501cf3ce1b8e6a1e6676403b05cedc3fe6dd7150f5a614fd191ccfa8676287	83	fail			0.0	gvpg	135.6	gvpf	119.9	15.699999999999989	1.0	1.0	other_gvp	competitive_gvpg_support	0.8	0.9	natural_heldout	gvpg	2	nat_6d501cf3ce1b8e6a1e66
nat_504214d77faf9ddeefbb	504214d77faf9ddeefbb50fc999caffd95a13c1c960420a81cd8d9e5eccc7d22	83	fail			0.0	gvpg	127.6	gvpf	126.4	1.1999999999999886	0.9879518072289156	0.9879518072289156	unsupported	insufficient_competitive_margin	3.2	1.8	natural_heldout	gvpg	2	nat_504214d77faf9ddeefbb
nat_76bd47c3dff544aa7f3b	76bd47c3dff544aa7f3b3dc79ff6fa697dc6c7288f9b3f3b7ad5c3e158d85353	83	fail			0.0	gvpg	133.3	gvpf	114.7	18.60000000000001	0.9879518072289156	0.9879518072289156	other_gvp	competitive_gvpg_support	2.5	1.9	natural_heldout	gvpg	2	nat_76bd47c3dff544aa7f3b
nat_eefbcc5767c120619040	eefbcc5767c1206190409ffa637eb3d7e3ac13b70dc2de6d95a8bb2b7b4d4ef9	83	fail			0.0	gvpg	129.6	gvpf	116.8	12.799999999999997	1.0	1.0	other_gvp	competitive_gvpg_support	4.9	4.6	natural_heldout	gvpg	2	nat_eefbcc5767c120619040
nat_575d455e710e37b166bf	575d455e710e37b166bf825060520edeb5d3b116c259666ef8b04ee0097aaae8	83	fail			0.0	gvpg	128.8	gvpf	123.8	5.000000000000014	1.0	1.0	unsupported	insufficient_competitive_margin	2.9	2.1	natural_heldout	gvpg	2	nat_575d455e710e37b166bf
nat_ceedf3da692b323fb6cd	ceedf3da692b323fb6cdaf94fe2501ccd5fd9eaa4e5f3cd41b4261f93972bbae	83	fail			0.0	gvpg	116.1	gvpf	100.3	15.799999999999997	1.0	1.0	other_gvp	competitive_gvpg_support	2.5	1.4	natural_heldout	gvpg	2	nat_ceedf3da692b323fb6cd
nat_dbc1c002e29cf315f4b5	dbc1c002e29cf315f4b5aee958e732c1dcd6dca683da2754c6753ac70bc52e42	83	fail			0.0	gvpg	117.9	gvpf	111.0	6.900000000000006	1.0	1.0	unsupported	insufficient_competitive_margin			natural_heldout	gvpg	2	nat_dbc1c002e29cf315f4b5
nat_90b0b029f6d1842c7a1c	90b0b029f6d1842c7a1cf7fcfa05aa7ce30752c47f357e1776c8a93cf6f6988a	83	fail			0.0	gvpg	137.4	gvpf	127.0	10.400000000000006	1.0	1.0	other_gvp	competitive_gvpg_support	1.7	1.6	natural_heldout	gvpg	2	nat_90b0b029f6d1842c7a1c
nat_21ab82e3101cd9bff5e5	21ab82e3101cd9bff5e50dc04c6083485cd851d852046eeae4b782c38e92e49d	83	fail			0.0	gvpg	129.6	gvpf	120.4	9.199999999999989	1.0	1.0	unsupported	insufficient_competitive_margin	1.5	1.1	natural_heldout	gvpg	2	nat_21ab82e3101cd9bff5e5
nat_a5318d3663daa1e5ee23	a5318d3663daa1e5ee23a4a58500e683cf693fb2811eb83f18753f385426882d	83	fail			0.0	gvpg	130.0	gvpf	108.7	21.299999999999997	1.0	1.0	other_gvp	competitive_gvpg_support	1.1	0.8	natural_heldout	gvpg	2	nat_a5318d3663daa1e5ee23
nat_2726d22ebeb8d26c79ba	2726d22ebeb8d26c79bac76feba4659206364346e19144826ac98deaf02ad84e	83	fail			0.0	gvpg	132.4	gvpf	119.7	12.700000000000003	1.0	1.0	other_gvp	competitive_gvpg_support	2.2	2.2	natural_heldout	gvpg	2	nat_2726d22ebeb8d26c79ba
nat_45b22f50bea29121c3a5	45b22f50bea29121c3a5e8b646b9405a02360c56d9d012a1b4a6c0d046163020	83	fail			0.0	gvpg	110.9	gvpf	94.6	16.30000000000001	1.0	1.0	other_gvp	competitive_gvpg_support	1.3	1.2	natural_heldout	gvpg	2	nat_45b22f50bea29121c3a5
nat_0fa964bd081fca56521b	0fa964bd081fca56521bff5b01033ca036aa7e979fd75c4f8ae7c58f8c2a54a2	83	fail			0.0	gvpg	131.9	gvpf	119.0	12.900000000000006	1.0	1.0	other_gvp	competitive_gvpg_support	2.4	2.2	natural_heldout	gvpg	2	nat_0fa964bd081fca56521b
nat_5fba4ec9aa874b4658b9	5fba4ec9aa874b4658b98315ae253e63fab9e365a922e6c02d5266331fcc0ae9	83	fail			0.0	gvpg	117.2	gvpf	100.4	16.799999999999997	1.0	1.0	other_gvp	competitive_gvpg_support	1.9	3.1	natural_heldout	gvpg	2	nat_5fba4ec9aa874b4658b9
nat_0d266ce45b1a72db8115	0d266ce45b1a72db8115b2f74d4128272f34a37584a47c012e3c858eb7a356ef	82	pass	50.9	51.3	0.9743589743589743			gvpj	70.0		0.0	0.0	unsupported	no_qualified_subfamily_hit	18.2	70.0	natural_heldout	gvpj	2	nat_0d266ce45b1a72db8115
nat_c629afbe950804b62ed5	c629afbe950804b62ed5071c35af46364107953a829d3c90036d27d4fbd5af17	82	pass	54.8	55.1	1.0	gvpj	91.9	gvpa	129.0	-37.099999999999994	0.6126126126126126	0.8292682926829268	gvpa_gvpj_ambiguous	insufficient_competitive_margin	129.0	91.9	natural_heldout	gvpj	2	nat_c629afbe950804b62ed5
nat_b517a54b2425b7fab44e	b517a54b2425b7fab44e8532da5abe838432a97470e0e93389ad2f5d8646fb31	82	pass	41.5	41.9	0.9487179487179487			gvpj	58.6		0.0	0.0	unsupported	no_qualified_subfamily_hit	27.6	58.6	natural_heldout	gvpj	2	nat_b517a54b2425b7fab44e
nat_e026213b5b86b7c3c817	e026213b5b86b7c3c8177f4b74a86e07a6c56d7d01286fc4ab7298ad58e99c01	82	pass	53.8	54.2	1.0			gvpa	129.3		0.0	0.0	unsupported	no_qualified_subfamily_hit	129.3	93.6	natural_heldout	gvpj	2	nat_e026213b5b86b7c3c817
nat_15354eea3b71e93dc2d8	15354eea3b71e93dc2d854697163ec5898fedcaf2132c3277b00a77cc5637ce3	82	pass	44.2	44.8	0.9487179487179487			gvpj	59.5		0.0	0.0	unsupported	no_qualified_subfamily_hit	27.1	59.5	natural_heldout	gvpj	2	nat_15354eea3b71e93dc2d8
nat_310001c53513ca67a4e6	310001c53513ca67a4e66cf2db3007b960492b6331c7183bdb080f51aaea8c7e	81	pass	50.6	50.9	1.0			gvpj	80.9		0.0	0.0	unsupported	no_qualified_subfamily_hit	22.6	80.9	natural_heldout	gvpj	2	nat_310001c53513ca67a4e6
nat_625c344a404a2166e253	625c344a404a2166e2532c98eab2385b468aef9f6c2aa18ac6f05a438dd182c1	81	fail			0.0	gvpv	32.0	gvpf	1.6	30.4	0.8217821782178217	0.8518518518518519	other_gvp	competitive_gvpv_support			natural_heldout	gvpv	2	nat_625c344a404a2166e253
nat_5259c19a1d657c540490	5259c19a1d657c54049034797f20d45179e4ef4f8b5f68987dc3c08687c732d5	80	pass	46.9	47.1	0.9743589743589743			gvpj	77.7		0.0	0.0	unsupported	no_qualified_subfamily_hit	23.5	77.7	natural_heldout	gvpj	2	nat_5259c19a1d657c540490
nat_f73328bbfd200202daff	f73328bbfd200202dafff40cc44d6c5f8da18334fa602554a3ffd61a2081362a	80	pass	51.2	51.6	1.0			gvpa	121.8		0.0	0.0	unsupported	no_qualified_subfamily_hit	121.8	87.3	natural_heldout	gvpj	2	nat_f73328bbfd200202daff
nat_64414e6d3eb28c6a80e0	64414e6d3eb28c6a80e01ef96d86ab0d257cc5c4e037f590495eac11350411ec	80	pass	45.5	45.8	0.9743589743589743			gvpj	78.5		0.0	0.0	unsupported	no_qualified_subfamily_hit	17.1	78.5	natural_heldout	gvpj	2	nat_64414e6d3eb28c6a80e0
nat_19241b5ae6f8f8136488	19241b5ae6f8f8136488fd8ce904e4e82bed9884198ab625647292aec54e0cb7	80	pass	54.9	55.3	1.0	gvpj	91.4	gvpa	129.4	-38.0	0.6216216216216216	0.8625	gvpa_gvpj_ambiguous	insufficient_competitive_margin	129.4	91.4	natural_heldout	gvpj	2	nat_19241b5ae6f8f8136488
nat_0e5ce9bab742d3b19084	0e5ce9bab742d3b1908490961184ec8fa211b9949dce941e40c425ee9e1b62e5	79	pass	45.6	45.8	0.9743589743589743			gvpj	78.0		0.0	0.0	unsupported	no_qualified_subfamily_hit	15.5	78.0	natural_heldout	gvpj	2	nat_0e5ce9bab742d3b19084
nat_b68be2c15bf9363e43d2	b68be2c15bf9363e43d2c0c3e11ba159dd20708092e0854978fe90e2ba3bf363	79	pass	54.9	55.2	1.0	gvpj	93.7	gvpa	129.8	-36.10000000000001	0.6036036036036037	0.8481012658227848	gvpa_gvpj_ambiguous	insufficient_competitive_margin	129.8	93.7	natural_heldout	gvpj	2	nat_b68be2c15bf9363e43d2
nat_970e328c0ded530748ae	970e328c0ded530748ae62aa5432048120114a3c600dd24e1bf4d180b6b1c530	79	pass	45.9	46.3	0.9743589743589743			gvpj	71.7		0.0	0.0	unsupported	no_qualified_subfamily_hit	19.5	71.7	natural_heldout	gvpj	2	nat_970e328c0ded530748ae
nat_4072fb75166ef38f260c	4072fb75166ef38f260c9714a96b917f8a8649d8d778ea0d00aaa97a790a37a5	79	pass	42.6	43.1	1.0			gvpj	60.6		0.0	0.0	unsupported	no_qualified_subfamily_hit	30.8	60.6	natural_heldout	gvpj	2	nat_4072fb75166ef38f260c
nat_81b50d473e8fbea0d753	81b50d473e8fbea0d753c2ed7f4a30dac38fb590eabbd249e155d47ac710877b	78	pass	55.5	56.0	1.0			gvpj	69.7		0.0	0.0	unsupported	no_qualified_subfamily_hit	27.6	69.7	natural_heldout	gvpj	2	nat_81b50d473e8fbea0d753
nat_9114ed5c98a66ed29c8f	9114ed5c98a66ed29c8f071e7b3f5bc6f6e4cb0ddda726d81a2574e1e0ef85f1	78	pass	49.9	50.2	1.0			gvpj	74.1		0.0	0.0	unsupported	no_qualified_subfamily_hit	27.2	74.1	natural_heldout	gvpj	2	nat_9114ed5c98a66ed29c8f
nat_010082680009eecfac60	010082680009eecfac607f80553bdcef8c6a1199bd941d889cc0649b735cf362	78	pass	50.3	50.6	1.0			gvpj	76.1		0.0	0.0	unsupported	no_qualified_subfamily_hit	32.1	76.1	natural_heldout	gvpj	2	nat_010082680009eecfac60
nat_44e982d9a4f9a97a0d13	44e982d9a4f9a97a0d13c2f76301d574777ddbbf642614f21aab14466d71879d	78	pass	54.9	55.3	1.0	gvpj	95.3	gvpa	132.1	-36.8	0.6036036036036037	0.8589743589743589	gvpa_gvpj_ambiguous	insufficient_competitive_margin	132.1	95.3	natural_heldout	gvpj	2	nat_44e982d9a4f9a97a0d13
nat_36cf392ab682d21df0c3	36cf392ab682d21df0c329f58985e8e71a3923fe400963b95587e297ac949588	77	pass	52.6	53.0	1.0			gvpj	77.4		0.0	0.0	unsupported	no_qualified_subfamily_hit	29.5	77.4	natural_heldout	gvpj	2	nat_36cf392ab682d21df0c3
nat_2293e201a0a9994e8131	2293e201a0a9994e813116d5a73d837ca95b646451927f3207edc115c3e5b8ec	77	pass	52.7	53.0	1.0			gvpj	73.0		0.0	0.0	unsupported	no_qualified_subfamily_hit	26.3	73.0	natural_heldout	gvpj	2	nat_2293e201a0a9994e8131
nat_76fa137ce1acdc4bda19	76fa137ce1acdc4bda197ec0db5689d2c942223df5d71aa645bc2bd4c3830cea	77	pass	55.0	55.3	1.0			gvpa	128.5		0.0	0.0	unsupported	no_qualified_subfamily_hit	128.5	92.5	natural_heldout	gvpj	2	nat_76fa137ce1acdc4bda19
nat_75a81fedbebe184b8528	75a81fedbebe184b852892099d7be66bef5dfb5ef2b418802e38d11c1a8f4c33	77	pass	48.6	48.9	0.9743589743589743			gvpj	80.8		0.0	0.0	unsupported	no_qualified_subfamily_hit	21.8	80.8	natural_heldout	gvpj	2	nat_75a81fedbebe184b8528
nat_62c37e3a1f946926bc78	62c37e3a1f946926bc781e364a5c9d073de93dfea232af6d39b1be416763f18d	76	pass	49.5	50.0	1.0			gvpj	70.2		0.0	0.0	unsupported	no_qualified_subfamily_hit	29.4	70.2	natural_heldout	gvpj	2	nat_62c37e3a1f946926bc78
nat_2418f88ce760e94aa371	2418f88ce760e94aa371c1b90a97bd76f0b746ad66996e3ec6eb03a8c9f32c20	76	pass	42.8	43.1	1.0			gvpj	59.4		0.0	0.0	unsupported	no_qualified_subfamily_hit	30.9	59.4	natural_heldout	gvpj	2	nat_2418f88ce760e94aa371
nat_4827ef49d00dba1d77c1	4827ef49d00dba1d77c112339917ce6cf5f068f7ea94c37b155a251aa1042d67	76	pass	59.5	59.9	1.0			gvpa	130.3		0.0	0.0	unsupported	no_qualified_subfamily_hit	130.3	96.6	natural_heldout	gvpj	2	nat_4827ef49d00dba1d77c1
nat_4ccdc7c4ee47fd86d36c	4ccdc7c4ee47fd86d36c5fa04b401ada9eac82891683e58b8f12b7ac84a468fa	75	pass	46.3	46.6	1.0			gvpj	71.6		0.0	0.0	unsupported	no_qualified_subfamily_hit	17.6	71.6	natural_heldout	gvpj	2	nat_4ccdc7c4ee47fd86d36c
nat_5c9d5857295c1e857ae7	5c9d5857295c1e857ae7eea4a6ff7f8d448f842e8eaed90c7ede15a10d9b5e98	75	pass	56.5	56.7	1.0			gvpj	67.3		0.0	0.0	unsupported	no_qualified_subfamily_hit	35.7	67.3	natural_heldout	gvpj	2	nat_5c9d5857295c1e857ae7
nat_11170a4c1f77a2510e97	11170a4c1f77a2510e97b4564b71dc5fa30b52291da7b1c2c62672ce15c4eb35	75	pass	55.1	55.4	1.0			gvpa	128.3		0.0	0.0	unsupported	no_qualified_subfamily_hit	128.3	92.4	natural_heldout	gvpj	2	nat_11170a4c1f77a2510e97
nat_a11ad2e2da6123143c4f	a11ad2e2da6123143c4fc2a8900e274190d81c166903f55438b9e9beeb3a2346	75	fail			0.0			gvpk	44.6		0.0	0.0	unsupported	no_qualified_subfamily_hit			natural_heldout	gvpk	2	nat_a11ad2e2da6123143c4f
nat_dc71d2c9e2ae6d8df31f	dc71d2c9e2ae6d8df31f7541702cce036fa45f728ec1a9106d53401bb35884cc	75	fail			0.0			gvpk	56.6		0.0	0.0	unsupported	no_qualified_subfamily_hit			natural_heldout	gvpk	2	nat_dc71d2c9e2ae6d8df31f
nat_9898cabbd5e0fe5bcffe	9898cabbd5e0fe5bcffeeca0aef905b790083d6b533cbd6104a4e6160e803744	74	pass	49.1	49.4	0.9743589743589743			gvpj	68.5		0.0	0.0	unsupported	no_qualified_subfamily_hit	20.5	68.5	natural_heldout	gvpj	2	nat_9898cabbd5e0fe5bcffe
nat_06e8f5161feadd73f178	06e8f5161feadd73f178027bad4afe24632f8e3b202170d49552b25c0fc5d2ac	74	pass	41.2	41.4	0.9743589743589743			gvpj	48.3		0.0	0.0	unsupported	no_qualified_subfamily_hit	13.1	48.3	natural_heldout	gvpj	2	nat_06e8f5161feadd73f178
nat_cf1915a149f97296d3fd	cf1915a149f97296d3fd1e189ae831fe3d2827e46336e74f5be24e45dfa6dd90	74	pass	41.2	41.4	0.9743589743589743			gvpj	45.0		0.0	0.0	unsupported	no_qualified_subfamily_hit	11.7	45.0	natural_heldout	gvpj	2	nat_cf1915a149f97296d3fd
nat_ae4497f09726b0bcfb2f	ae4497f09726b0bcfb2fc6d7fff8e559fb43eff456397d56779423b73adff5c9	74	pass	56.7	57.0	1.0			gvpa	118.6		0.0	0.0	unsupported	no_qualified_subfamily_hit	118.6	85.0	natural_heldout	gvpj	2	nat_ae4497f09726b0bcfb2f
nat_aa41861d9ee4546b28c5	aa41861d9ee4546b28c59a1d4bd5c871582589a40352315667d0509525c6d07e	74	pass	33.6	34.0	1.0			gvpa	102.5		0.0	0.0	unsupported	no_qualified_subfamily_hit	102.5	74.4	natural_heldout	gvpj	2	nat_aa41861d9ee4546b28c5
nat_7fe60b78eb93278ce17f	7fe60b78eb93278ce17fa77ec407a547d6000093afd347524412e73014189571	74	pass	41.2	41.6	0.9743589743589743			gvpj	46.5		0.0	0.0	unsupported	no_qualified_subfamily_hit	11.7	46.5	natural_heldout	gvpj	2	nat_7fe60b78eb93278ce17f
nat_3bc61484098f8112b62d	3bc61484098f8112b62dcc2c09cd7ba3445e9c061aa703f4ef41abfd52f3e7ba	73	pass	50.0	50.0	1.0			gvpj	64.7		0.0	0.0	unsupported	no_qualified_subfamily_hit	17.6	64.7	natural_heldout	gvpj	2	nat_3bc61484098f8112b62d
nat_69d3a359681679d56e0f	69d3a359681679d56e0f9d84e56d762e8f098e41e297dc0f16008f9eca0e6da2	73	pass	54.6	54.9	1.0			gvpj	75.3		0.0	0.0	unsupported	no_qualified_subfamily_hit	40.6	75.3	natural_heldout	gvpj	2	nat_69d3a359681679d56e0f
nat_df37a457c53fb207d5f3	df37a457c53fb207d5f3d28112d9f39525d5fb77e992ff296dceeb4546cb28c3	73	pass	46.7	47.0	0.9743589743589743			gvpj	78.7		0.0	0.0	unsupported	no_qualified_subfamily_hit	21.2	78.7	natural_heldout	gvpj	2	nat_df37a457c53fb207d5f3
nat_027ad09700015f1d30d2	027ad09700015f1d30d2e80f43c674aefefe08944d8e9b966d1702364ea795af	73	pass	38.5	38.8	0.9743589743589743			gvpa	93.3		0.0	0.0	unsupported	no_qualified_subfamily_hit	93.3	68.0	natural_heldout	gvpj	2	nat_027ad09700015f1d30d2
nat_e80ed7d223f205a872d2	e80ed7d223f205a872d26a0dd74dc4a651e6058649fe6854b280d243fe8fef95	72	pass	53.5	53.5	1.0			gvpj	70.7		0.0	0.0	unsupported	no_qualified_subfamily_hit	22.0	70.7	natural_heldout	gvpj	2	nat_e80ed7d223f205a872d2
nat_d0a05bdfe7e9e584cd32	d0a05bdfe7e9e584cd32d48de9f39edc829ada65b2c8bc92af825b5e7fd190a4	72	pass	51.0	51.5	1.0			gvpj	71.3		0.0	0.0	unsupported	no_qualified_subfamily_hit	24.0	71.3	natural_heldout	gvpj	2	nat_d0a05bdfe7e9e584cd32
nat_71ad0aebbd9dc4f100e5	71ad0aebbd9dc4f100e5f9c1c4419c170c800f21af056bd54bd34cf9ed9d2dbb	72	pass	50.0	50.4	1.0			gvpa	112.3		0.0	0.0	unsupported	no_qualified_subfamily_hit	112.3	81.6	natural_heldout	gvpj	2	nat_71ad0aebbd9dc4f100e5
nat_4b6c3be4d3bf82e021a0	4b6c3be4d3bf82e021a03a7b8b9065b70fda5cf4d07a0e76693e82be758a948c	72	fail			0.0	gvpk	106.2	gvpl	2.5	103.7	0.6428571428571429	1.0	other_gvp	competitive_gvpk_support			natural_heldout	gvpk	2	nat_4b6c3be4d3bf82e021a0
nat_4fd9125da4c05324fca8	4fd9125da4c05324fca890e51d5e3d66bd46f7714aacd1e2de98a276fcdc904f	71	pass	49.7	50.2	0.9743589743589743			gvpj	64.4		0.0	0.0	unsupported	no_qualified_subfamily_hit	39.3	64.4	natural_heldout	gvpj	2	nat_4fd9125da4c05324fca8
nat_0dd57e3f0fd4025b07a4	0dd57e3f0fd4025b07a4d9011c4aafafde1970b17a8b40abfb8eadde10c51884	71	pass	49.3	49.6	0.9743589743589743			gvpj	79.2		0.0	0.0	unsupported	no_qualified_subfamily_hit	24.0	79.2	natural_heldout	gvpj	2	nat_0dd57e3f0fd4025b07a4
nat_b12ef49ba163ab644495	b12ef49ba163ab644495dabc2126e79977b9ac8641601da2b0d74039ba057f83	71	pass	48.6	49.0	0.9743589743589743			gvpj	76.0		0.0	0.0	unsupported	no_qualified_subfamily_hit	22.9	76.0	natural_heldout	gvpj	2	nat_b12ef49ba163ab644495
nat_efc0acbdbe04d80b1008	efc0acbdbe04d80b10088d3ea023c83f1cef68dddae924fa341df24c5fe82610	71	pass	57.2	57.5	1.0			gvpj	77.9		0.0	0.0	unsupported	no_qualified_subfamily_hit	30.2	77.9	natural_heldout	gvpj	2	nat_efc0acbdbe04d80b1008
nat_4e31c4d7aa8fd221c2dc	4e31c4d7aa8fd221c2dc6a736b31bbbda75edda5d516137c14c9e84c3c6aa4f3	71	pass	46.6	46.9	0.9743589743589743			gvpj	62.5		0.0	0.0	unsupported	no_qualified_subfamily_hit	35.1	62.5	natural_heldout	gvpj	2	nat_4e31c4d7aa8fd221c2dc
nat_821a6d2a970cf6bcf9bb	821a6d2a970cf6bcf9bb5bce05d05d812a384409301ca92af4a04cce8d57e212	71	pass	53.1	53.9	1.0			gvpa	113.3		0.0	0.0	unsupported	no_qualified_subfamily_hit	113.3	79.0	natural_heldout	gvpj	2	nat_821a6d2a970cf6bcf9bb
nat_aa482e3cb48c4d364fbf	aa482e3cb48c4d364fbf1498ae33b1615292a320439ebef9dc5336ff66e78241	71	pass	57.4	57.8	1.0			gvpa	117.1		0.0	0.0	unsupported	no_qualified_subfamily_hit	117.1	85.9	natural_heldout	gvpj	2	nat_aa482e3cb48c4d364fbf
nat_fb9ab597baf336e67012	fb9ab597baf336e67012a4e6861dcbde426c44ef71ea6572e141fa92652eae87	71	pass	51.1	51.6	1.0			gvpj	70.0		0.0	0.0	unsupported	no_qualified_subfamily_hit	24.7	70.0	natural_heldout	gvpj	2	nat_fb9ab597baf336e67012
nat_2a684226bc7fc883848d	2a684226bc7fc883848d6226900cefdb4a422fda32862cff91ca866296f351c6	71	fail			0.0			gvpk	66.1		0.0	0.0	unsupported	no_qualified_subfamily_hit			natural_heldout	gvpk	2	nat_2a684226bc7fc883848d
nat_a7d49e90e07b90d64e4e	a7d49e90e07b90d64e4e93ee1210f896afb9bd49557b623ad6ed57f5f98d6082	71	fail			0.0			gvpk	64.6		0.0	0.0	unsupported	no_qualified_subfamily_hit			natural_heldout	gvpk	2	nat_a7d49e90e07b90d64e4e
nat_72e84071ee76b40912a9	72e84071ee76b40912a985d5750e46809a11c928735d870ae78544899e49f66e	70	pass	53.3	53.7	0.9743589743589743			gvpj	69.5		0.0	0.0	unsupported	no_qualified_subfamily_hit	26.0	69.5	natural_heldout	gvpj	2	nat_72e84071ee76b40912a9
nat_9aa7f4be26f67c517aa1	9aa7f4be26f67c517aa1805cd3ece2cd206cc5ce53ddb0a390ad7e9fcb13c044	70	pass	51.4	51.9	0.9743589743589743			gvpj	69.4		0.0	0.0	unsupported	no_qualified_subfamily_hit	20.8	69.4	natural_heldout	gvpj	2	nat_9aa7f4be26f67c517aa1
nat_c398ecaa7268076a0300	c398ecaa7268076a0300c42ac3372619bb038844c74e598fefccc87abdfe0e7b	70	pass	53.9	54.2	1.0			gvpj	72.1		0.0	0.0	unsupported	no_qualified_subfamily_hit	44.6	72.1	natural_heldout	gvpj	2	nat_c398ecaa7268076a0300
shuffled_nat_b55ecf6ba9a45824ac09	6a19bf6e8ca9094180005257d49f77ab376843565674b168b098d1dc17e2a2c0	143	fail			0.0			gvpc	0.8		0.0	0.0	unsupported	no_qualified_subfamily_hit			shuffled	gvpa	2	nat_b55ecf6ba9a45824ac09
truncated_nat_b55ecf6ba9a45824ac09	14ca5a90071db39358cf2d269e71d5657062cf78e49093a0e976337c8ecac314	47	pass	61.7	61.9	0.9487179487179487			gvpa	76.0		0.0	0.0	unsupported	no_qualified_subfamily_hit	76.0	60.0	truncated	gvpa	2	nat_b55ecf6ba9a45824ac09
exact_duplicate_nat_b55ecf6ba9a45824ac09	b55ecf6ba9a45824ac0902d9417c3d45586c40e90b417ea9d3dd2efec02697a5	143	pass	61.8	62.3	1.0	gvpa	121.1	gvpj	85.9	35.19999999999999	0.7175572519083969	0.6573426573426573	supported_gvpa	pf00741_and_competitive_gvpa_support	121.1	85.9	exact_duplicate	gvpa	2	nat_b55ecf6ba9a45824ac09
shuffled_nat_1d2eaab6bc1405efd0c8	d70044536e1e4845411fbfa211cac863b91569a66885ae56fd3a8201f776e9a6	87	fail			0.0						0.0	0.0	unsupported	no_qualified_subfamily_hit			shuffled	gvpa	2	nat_1d2eaab6bc1405efd0c8
truncated_nat_1d2eaab6bc1405efd0c8	bc53bc53458b3b22c3c05708cacd2d11885b3254fb300cd7fa466e16f8e3657f	29	fail	14.4	14.7	0.3076923076923077			gvpa	24.7		0.0	0.0	unsupported	no_qualified_subfamily_hit	24.7	17.5	truncated	gvpa	2	nat_1d2eaab6bc1405efd0c8
exact_duplicate_nat_1d2eaab6bc1405efd0c8	1d2eaab6bc1405efd0c8e5ab7312219bec44e62cde1589a104d7f3122aeaceec	87	pass	54.6	55.0	1.0	gvpj	92.5	gvpa	127.8	-35.3	0.6126126126126126	0.7816091954022989	gvpa_gvpj_ambiguous	insufficient_competitive_margin	127.8	92.5	exact_duplicate	gvpa	2	nat_1d2eaab6bc1405efd0c8
shuffled_nat_0b5cd7683d0975317579	f80e2bfe9dc5dd957c09e092b55f91a5febbac0fc4578fdfcedc0c560a803ce8	72	fail	0.8	1.8	0.3333333333333333						0.0	0.0	unsupported	no_qualified_subfamily_hit			shuffled	gvpa	2	nat_0b5cd7683d0975317579
truncated_nat_0b5cd7683d0975317579	c4c63b4815b17b8ac30c54b9906b9ba5c818f7268a538a82cb6b0e4c695a717c	24	fail	21.5	21.7	0.358974358974359			gvpa	30.8		0.0	0.0	unsupported	no_qualified_subfamily_hit	30.8	22.7	truncated	gvpa	2	nat_0b5cd7683d0975317579
exact_duplicate_nat_0b5cd7683d0975317579	0b5cd7683d09753175798c62619ea564033e5f158ba14359919e46d521384fcf	72	pass	55.9	56.2	1.0			gvpa	112.0		0.0	0.0	unsupported	no_qualified_subfamily_hit	112.0	85.5	exact_duplicate	gvpa	2	nat_0b5cd7683d0975317579
shuffled_nat_1ca802048c4a6cd9dca3	10e2beda125503f43a0cb00706429013ee9ee73c1d7aa5ba63a0b2e7af12b099	76	fail			0.0			gvpg	0.7		0.0	0.0	unsupported	no_qualified_subfamily_hit			shuffled	gvpa	2	nat_1ca802048c4a6cd9dca3
truncated_nat_1ca802048c4a6cd9dca3	aaea0f56166269c92c35402f322974a63a7c2d0763c16d54599e6a5b659e699d	25	fail	26.6	26.8	0.38461538461538464			gvpa	34.1		0.0	0.0	unsupported	no_qualified_subfamily_hit	34.1	26.7	truncated	gvpa	2	nat_1ca802048c4a6cd9dca3
exact_duplicate_nat_1ca802048c4a6cd9dca3	1ca802048c4a6cd9dca398191c084cfbc6061238919610b015007080f09a9f15	76	pass	60.8	61.2	1.0			gvpa	124.6		0.0	0.0	unsupported	no_qualified_subfamily_hit	124.6	88.9	exact_duplicate	gvpa	2	nat_1ca802048c4a6cd9dca3
shuffled_nat_10268ee8450e0bb5a453	e9189fcdd1378c259e6e4ce9f7494c146fe1c3525802e1ce2f5cd8051f8dd2df	73	fail	0.4	1.3	0.1794871794871795						0.0	0.0	unsupported	no_qualified_subfamily_hit			shuffled	gvpa	2	nat_10268ee8450e0bb5a453
truncated_nat_10268ee8450e0bb5a453	7b84809de702905904de1b4df2eac6a0a5120074bf7fd8cbd68cf405dd963c8f	24	fail	23.5	23.6	0.358974358974359			gvpa	27.2		0.0	0.0	unsupported	no_qualified_subfamily_hit	27.2	26.3	truncated	gvpa	2	nat_10268ee8450e0bb5a453
exact_duplicate_nat_10268ee8450e0bb5a453	10268ee8450e0bb5a4533dd0737c1855e098f5e675543a0dbaa927c55ecb3d54	73	pass	53.4	53.7	1.0			gvpa	117.8		0.0	0.0	unsupported	no_qualified_subfamily_hit	117.8	86.6	exact_duplicate	gvpa	2	nat_10268ee8450e0bb5a453
shuffled_nat_1d37cbb7aad699cb8ab2	85d9e1909a05c06493c717f35b13c1811e8d69a234ce8fd86390e017fea53fa9	70	fail			0.0						0.0	0.0	unsupported	no_qualified_subfamily_hit			shuffled	gvpj	2	nat_1d37cbb7aad699cb8ab2
truncated_nat_1d37cbb7aad699cb8ab2	4d37a9754782a2467524e7f05aab1c2e368d5157ac0cdcf77dfd263d518b0e7c	23	fail	19.4	19.7	0.3333333333333333			gvpa	29.1		0.0	0.0	unsupported	no_qualified_subfamily_hit	29.1	20.6	truncated	gvpj	2	nat_1d37cbb7aad699cb8ab2
exact_duplicate_nat_1d37cbb7aad699cb8ab2	1d37cbb7aad699cb8ab286941aeb4296a7075321a312d7163f8d2bb5f61fda96	70	pass	58.1	58.4	1.0			gvpa	117.5		0.0	0.0	unsupported	no_qualified_subfamily_hit	117.5	86.8	exact_duplicate	gvpj	2	nat_1d37cbb7aad699cb8ab2
shuffled_nat_52dd92a4f7bccb199db6	1245c17ccc00d3579e926ab54ec021704ef3b082549b97a390ef856df9f4b842	92	fail	1.0	3.0	0.3333333333333333			gvpa	8.0		0.0	0.0	unsupported	no_qualified_subfamily_hit	8.0	0.9	shuffled	gvpj	2	nat_52dd92a4f7bccb199db6
truncated_nat_52dd92a4f7bccb199db6	f31e3cf7c98d8fed1681fb9c61bad513beae43a72019ef202a04d956917b9ee6	30	fail	30.1	30.1	0.4358974358974359			gvpa	44.5		0.0	0.0	unsupported	no_qualified_subfamily_hit	44.5	31.7	truncated	gvpj	2	nat_52dd92a4f7bccb199db6
exact_duplicate_nat_52dd92a4f7bccb199db6	52dd92a4f7bccb199db6d5f71e6f48a985e1b7281e2ffbdf4ee3885b85067eaa	92	pass	54.9	55.4	1.0			gvpa	125.2		0.0	0.0	unsupported	no_qualified_subfamily_hit	125.2	92.4	exact_duplicate	gvpj	2	nat_52dd92a4f7bccb199db6
shuffled_nat_8e3261c808d07fdff696	35a1d5ba6e6ee9d89571863f218c63de2d583755317602ae2dbfdf5179a80a5f	757	fail			0.0						0.0	0.0	unsupported	no_qualified_subfamily_hit			shuffled	gvpn	2	nat_8e3261c808d07fdff696
truncated_nat_8e3261c808d07fdff696	a4cdfbade6fba73a7a1241ae32279233d200cb04b0ed8008e4c1508e3fba8a29	252	fail			0.0	gvpn	420.9				0.6459948320413437	0.9920634920634921	other_gvp	competitive_gvpn_support;no_reportable_runner_up			truncated	gvpn	2	nat_8e3261c808d07fdff696
exact_duplicate_nat_8e3261c808d07fdff696	8e3261c808d07fdff696c62b12b2d5d1745c9bb2f87784de853d3f4e08dac666	757	fail			0.0			gvpn	450.3		0.0	0.0	unsupported	no_qualified_subfamily_hit			exact_duplicate	gvpn	2	nat_8e3261c808d07fdff696
shuffled_nat_2380c4be7e7372c40f84	5c67c9175a1372dbb111635a0239c6c42902adb8acb83f3719cf036265f1ae55	461	fail			0.0						0.0	0.0	unsupported	no_qualified_subfamily_hit			shuffled	gvpn	2	nat_2380c4be7e7372c40f84
truncated_nat_2380c4be7e7372c40f84	f1d6a0bffe2e878fd94e0cb5ec85ba3178e0c9a9de806698e05229d3dbd284e2	153	fail			0.0			gvpn	164.1		0.0	0.0	unsupported	no_qualified_subfamily_hit			truncated	gvpn	2	nat_2380c4be7e7372c40f84
exact_duplicate_nat_2380c4be7e7372c40f84	2380c4be7e7372c40f8497d543148c625782db0e87ba5d834ba52ca337b9884c	461	fail			0.0	gvpn	393.7				0.751937984496124	0.6334056399132321	other_gvp	competitive_gvpn_support;no_reportable_runner_up			exact_duplicate	gvpn	2	nat_2380c4be7e7372c40f84
shuffled_nat_2fcd2fc7cc42472e48ca	a10d3a82eee764a534d3efd5b365f1d3c400a39aa803567a5a7141177c9b1f2c	449	fail			0.0			gvpk	4.4		0.0	0.0	unsupported	no_qualified_subfamily_hit			shuffled	gvpn	2	nat_2fcd2fc7cc42472e48ca
truncated_nat_2fcd2fc7cc42472e48ca	4f6ce0e5017c8448c0e74d66a6aa85647fef0ae01f3271f090bb60a13eeb4998	149	fail			0.0			gvpn	270.8		0.0	0.0	unsupported	no_qualified_subfamily_hit			truncated	gvpn	2	nat_2fcd2fc7cc42472e48ca
exact_duplicate_nat_2fcd2fc7cc42472e48ca	2fcd2fc7cc42472e48ca7ba52e5f731fbe43161e3376e28105434778214503b2	449	fail			0.0	gvpn	490.7	gvpc	21.0	469.7	0.9250645994832042	0.9643652561247216	other_gvp	competitive_gvpn_support			exact_duplicate	gvpn	2	nat_2fcd2fc7cc42472e48ca
shuffled_nat_b73eed73eb852a72ba5a	d514c9529d782a66ad40114a167fb4e524f8daceb4ec00603ac02187756c57af	445	fail			0.0						0.0	0.0	unsupported	no_qualified_subfamily_hit			shuffled	gvpn	2	nat_b73eed73eb852a72ba5a
truncated_nat_b73eed73eb852a72ba5a	eb4d4f5e727b2fee6834da9bd4dd674affa862a424a1d07b9f18f04793f0da03	148	fail			0.0			gvpn	270.1		0.0	0.0	unsupported	no_qualified_subfamily_hit			truncated	gvpn	2	nat_b73eed73eb852a72ba5a
exact_duplicate_nat_b73eed73eb852a72ba5a	b73eed73eb852a72ba5a44128815c908b8a36c7145afe98f6cdfb6d3ff7cfd34	445	fail			0.0	gvpn	483.7	gvpc	54.6	429.09999999999997	0.937984496124031	0.9820224719101124	other_gvp	competitive_gvpn_support			exact_duplicate	gvpn	2	nat_b73eed73eb852a72ba5a
shuffled_nat_0191a16db7363afe30ed	66ecb7231848b9a4e3e2626beb70b76d71c76029c0d4063f0b365ca3ac26ba11	444	fail			0.0						0.0	0.0	unsupported	no_qualified_subfamily_hit			shuffled	gvpn	2	nat_0191a16db7363afe30ed
truncated_nat_0191a16db7363afe30ed	108e248624ad39ca469a08fcf3cc188eaed928f2a4603775763ec1f5c9adec40	148	fail			0.0			gvpn	255.6		0.0	0.0	unsupported	no_qualified_subfamily_hit			truncated	gvpn	2	nat_0191a16db7363afe30ed
exact_duplicate_nat_0191a16db7363afe30ed	0191a16db7363afe30edcc34141898dec52cc9ee2613b3e8c637fc830aed59bf	444	fail			0.0	gvpn	472.3	gvpc	32.6	439.7	0.9405684754521964	0.9684684684684685	other_gvp	competitive_gvpn_support			exact_duplicate	gvpn	2	nat_0191a16db7363afe30ed
shuffled_nat_751560713494d34e3694	53eced51af27aea496a91f724104b50b0a81cade26835a7fed9ed1ac0180c670	378	fail			0.0						0.0	0.0	unsupported	no_qualified_subfamily_hit			shuffled	gvpc	2	nat_751560713494d34e3694
truncated_nat_751560713494d34e3694	7e4dd7fff00d07f703ecfddf9d3cc2afdd5d26d224b347b7ad1361c595be879d	126	fail			0.0			gvpc	14.7		0.0	0.0	unsupported	no_qualified_subfamily_hit			truncated	gvpc	2	nat_751560713494d34e3694
exact_duplicate_nat_751560713494d34e3694	751560713494d34e36941a712b1836d6414052d9ada11f22f375a04b18195e85	378	fail			0.0	gvpc	83.0				0.9411764705882353	0.8042328042328042	other_gvp	competitive_gvpc_support;no_reportable_runner_up			exact_duplicate	gvpc	2	nat_751560713494d34e3694
shuffled_nat_69c6a080a2aae0003e51	c247525a4c12767294712746cb9fe7f9b2a19ea50922711d8169f0d9727accfc	368	fail			0.0			gvpf	5.1		0.0	0.0	unsupported	no_qualified_subfamily_hit			shuffled	gvpc	2	nat_69c6a080a2aae0003e51
truncated_nat_69c6a080a2aae0003e51	33bc1761ef074271f852650cee4474f9660bc8398eef738f83f72492051d182c	122	fail			0.0			gvpc	56.7		0.0	0.0	unsupported	no_qualified_subfamily_hit			truncated	gvpc	2	nat_69c6a080a2aae0003e51
exact_duplicate_nat_69c6a080a2aae0003e51	69c6a080a2aae0003e51c90fcab8da3de54e293d933d18d1a0827f03a3d7174a	368	fail			0.0	gvpc	228.3	gvpn	9.8	218.5	0.9943977591036415	0.967391304347826	other_gvp	competitive_gvpc_support			exact_duplicate	gvpc	2	nat_69c6a080a2aae0003e51
shuffled_nat_0e37face31f27f3afe2e	0db6f7e90aa44369773600a991556e0417a8a83edef3be3fed627e347662ea9b	355	fail			0.0			gvpn	0.6		0.0	0.0	unsupported	no_qualified_subfamily_hit			shuffled	gvpc	2	nat_0e37face31f27f3afe2e
truncated_nat_0e37face31f27f3afe2e	1e034657d28596289500c63727764e229d5c97ccc5b352ad61f54deabcd31cad	118	fail			0.0			gvpc	25.8		0.0	0.0	unsupported	no_qualified_subfamily_hit	3.6	2.2	truncated	gvpc	2	nat_0e37face31f27f3afe2e
exact_duplicate_nat_0e37face31f27f3afe2e	0e37face31f27f3afe2e633571b2a24fee791db89e03964e41a6c55f4a14314f	355	fail	11.7	13.0	0.4358974358974359	gvpc	162.9	gvpn	17.4	145.5	0.6582633053221288	0.7352112676056338	other_gvp	competitive_gvpc_support		11.0	exact_duplicate	gvpc	2	nat_0e37face31f27f3afe2e
shuffled_nat_ffc430cd837976f6c9f6	c95d54ab9e518866560797b026f43095f50891fe3274c1e4d95ce40151c97dda	353	fail			0.0						0.0	0.0	unsupported	no_qualified_subfamily_hit			shuffled	gvpc	2	nat_ffc430cd837976f6c9f6
truncated_nat_ffc430cd837976f6c9f6	a78a131f5755b92e5e3ebd9d290882fe526df9aab6fb8f3f6b0d436aea02e1ad	117	fail			0.0			gvpc	51.0		0.0	0.0	unsupported	no_qualified_subfamily_hit			truncated	gvpc	2	nat_ffc430cd837976f6c9f6
exact_duplicate_nat_ffc430cd837976f6c9f6	ffc430cd837976f6c9f6d42577c58050e860f0d4a36edc6a8fbe48dc20bad40b	353	fail			0.0	gvpc	153.4	gvpn	26.9	126.5	0.6750700280112045	0.7875354107648725	other_gvp	competitive_gvpc_support			exact_duplicate	gvpc	2	nat_ffc430cd837976f6c9f6
shuffled_nat_2df69daa3558ff90d6d4	e86c0deb7713ed0de6c765450c65f0d2a56e076a12b1b3792277bd3299f3b63a	334	fail			0.0						0.0	0.0	unsupported	no_qualified_subfamily_hit			shuffled	gvpl	2	nat_2df69daa3558ff90d6d4
truncated_nat_2df69daa3558ff90d6d4	196059ffdb4681203d61f5e9b9a83f4eab81c345563c6c1d54c82998af8a4cd9	111	fail			0.0			gvpl	76.8		0.0	0.0	unsupported	no_qualified_subfamily_hit			truncated	gvpl	2	nat_2df69daa3558ff90d6d4
exact_duplicate_nat_2df69daa3558ff90d6d4	2df69daa3558ff90d6d44c8a290348e7afa2566de4dbb9c5932630e6390e74d0	334	fail			0.0	gvpl	322.5	gvpv	1.4	321.1	0.9928571428571429	0.9670658682634731	other_gvp	competitive_gvpl_support			exact_duplicate	gvpl	2	nat_2df69daa3558ff90d6d4
shuffled_nat_144f47620afa1a7c4163	40235a37b67f4c138f0d0c009fccd40b13e34259569be954fbe5d27accb58520	328	fail			0.0			gvpa	1.8		0.0	0.0	unsupported	no_qualified_subfamily_hit	1.8		shuffled	gvpl	2	nat_144f47620afa1a7c4163
truncated_nat_144f47620afa1a7c4163	d738d1589895de78c00ad8be7998e935f3d4300d78eaeaa532cf7a0e80e065be	109	fail			0.0			gvpl	128.2		0.0	0.0	unsupported	no_qualified_subfamily_hit			truncated	gvpl	2	nat_144f47620afa1a7c4163
exact_duplicate_nat_144f47620afa1a7c4163	144f47620afa1a7c4163d7b5540a96e1a0e541e7e9389e5ee365ad6a1508e68d	328	fail			0.0	gvpl	390.3	gvpc	5.6	384.7	0.9785714285714285	0.899390243902439	other_gvp	competitive_gvpl_support			exact_duplicate	gvpl	2	nat_144f47620afa1a7c4163
shuffled_nat_3bdd2e4a8cfc279acbef	02605cc036030c5fb48768977f3e7b454050150a1ce9c2cfe2b1d8bb726f9805	327	fail			0.0						0.0	0.0	unsupported	no_qualified_subfamily_hit			shuffled	gvpl	2	nat_3bdd2e4a8cfc279acbef
truncated_nat_3bdd2e4a8cfc279acbef	7a8a38e3c377cb5bea9d1c76cb2a2c67e7f0f5c5b046b9c7427017be3d90b277	109	fail			0.0			gvpl	130.2		0.0	0.0	unsupported	no_qualified_subfamily_hit			truncated	gvpl	2	nat_3bdd2e4a8cfc279acbef
exact_duplicate_nat_3bdd2e4a8cfc279acbef	3bdd2e4a8cfc279acbef6598fe5f5de92d3de91aa1a975c76f3e00a59cade413	327	fail			0.0	gvpl	378.7	gvpv	1.9	376.8	0.975	0.8990825688073395	other_gvp	competitive_gvpl_support			exact_duplicate	gvpl	2	nat_3bdd2e4a8cfc279acbef
shuffled_nat_8b9e6b66305e8c27f352	67cd9038be934402a988b9993702b095d6861cbd7436b508e01ddd45aaf9d038	327	fail			0.0						0.0	0.0	unsupported	no_qualified_subfamily_hit			shuffled	gvpc	2	nat_8b9e6b66305e8c27f352
truncated_nat_8b9e6b66305e8c27f352	791e3d14e77272e3af467325e9e7d791a5e7857b258e058d451fa39f25d78158	109	fail			0.0						0.0	0.0	unsupported	no_qualified_subfamily_hit			truncated	gvpc	2	nat_8b9e6b66305e8c27f352
exact_duplicate_nat_8b9e6b66305e8c27f352	8b9e6b66305e8c27f3526c68c53431d00a18e58d0be1057c22bde5c9dd263041	327	fail			0.0			gvpc	11.3		0.0	0.0	unsupported	no_qualified_subfamily_hit			exact_duplicate	gvpc	2	nat_8b9e6b66305e8c27f352
shuffled_nat_182237e22095168ab3a7	336a84ac526c134600f908175864f9fe170c30743568fb93e516805390f3c764	322	fail			0.0						0.0	0.0	unsupported	no_qualified_subfamily_hit			shuffled	gvpl	2	nat_182237e22095168ab3a7
truncated_nat_182237e22095168ab3a7	db318d2e3dc0fc452dd0bced9e03410f56b552ba5e51d2cf05e03d32368c07d9	107	fail			0.0			gvpl	140.0		0.0	0.0	unsupported	no_qualified_subfamily_hit			truncated	gvpl	2	nat_182237e22095168ab3a7
exact_duplicate_nat_182237e22095168ab3a7	182237e22095168ab3a7db4021988cb4422368082d50bea276d5f1f3ba19409c	322	fail			0.0	gvpl	381.4	gvpg	2.2	379.2	0.9607142857142857	0.8509316770186336	other_gvp	competitive_gvpl_support			exact_duplicate	gvpl	2	nat_182237e22095168ab3a7
shuffled_nat_6ee31a02fdf1277873e8	0e9591b1789c50a0f41e8f5d655cabf263a0a75cf4db16871b329b8c005da693	318	fail			0.0			gvpk	0.6		0.0	0.0	unsupported	no_qualified_subfamily_hit			shuffled	gvpl	2	nat_6ee31a02fdf1277873e8
truncated_nat_6ee31a02fdf1277873e8	42f2ce7d05ef0c18bd7b8d2fc045b3902bd38544dc53b26bc0d4bca2936db28f	106	fail			0.0			gvpl	109.6		0.0	0.0	unsupported	no_qualified_subfamily_hit			truncated	gvpl	2	nat_6ee31a02fdf1277873e8
exact_duplicate_nat_6ee31a02fdf1277873e8	6ee31a02fdf1277873e8aae78edfc1fd02b411bd7048d3b76d3ffb8c94892959	318	fail			0.0	gvpl	381.0	gvpv	4.3	376.7	0.9535714285714286	0.8490566037735849	other_gvp	competitive_gvpl_support			exact_duplicate	gvpl	2	nat_6ee31a02fdf1277873e8
shuffled_nat_6392ee051886d826e69f	b26bdfb7e0d905e35127df120c4be8856183728acce1c323fdfe9e50d37b65db	129	fail			0.0			gvpv	0.7		0.0	0.0	unsupported	no_qualified_subfamily_hit			shuffled	gvpk	2	nat_6392ee051886d826e69f
truncated_nat_6392ee051886d826e69f	4d00c5b0e370259f4e4b5c2c89f3cdd152b31e8daa188434059f35c0a9e55d12	43	fail			0.0			gvpk	55.3		0.0	0.0	unsupported	no_qualified_subfamily_hit	0.7	1.4	truncated	gvpk	2	nat_6392ee051886d826e69f
exact_duplicate_nat_6392ee051886d826e69f	6392ee051886d826e69f16fbecd77622934fd0583a58b3523fad61c39758e5c3	129	fail			0.0	gvpk	106.2	gvpv	5.5	100.7	0.9464285714285714	0.8449612403100775	other_gvp	competitive_gvpk_support	1.3		exact_duplicate	gvpk	2	nat_6392ee051886d826e69f
shuffled_nat_36d058ce54845888ee10	4dfe6a532208916552e4bd859f71dad32832b71e5b24543d6d748c42ec092400	127	fail			0.0						0.0	0.0	unsupported	no_qualified_subfamily_hit			shuffled	gvpk	2	nat_36d058ce54845888ee10
truncated_nat_36d058ce54845888ee10	70ed41656a32cbab45fd417b04e6cd336a1d6b6bc2eefe8fd3ae93ec0b31186a	42	fail			0.0						0.0	0.0	unsupported	no_qualified_subfamily_hit			truncated	gvpk	2	nat_36d058ce54845888ee10
exact_duplicate_nat_36d058ce54845888ee10	36d058ce54845888ee10ab5e7efda80cae76a5f52074111fbe75a5ba17ba7c53	127	fail			0.0	gvpk	90.8				0.7678571428571429	0.6929133858267716	other_gvp	competitive_gvpk_support;no_reportable_runner_up			exact_duplicate	gvpk	2	nat_36d058ce54845888ee10
shuffled_nat_e8cdf7701819b67c0045	f67edc096e5399dbe33d21b13b96c64201c5afcb695e6937a519aaab2f976ef3	121	fail			0.0			gvpk	4.8		0.0	0.0	unsupported	no_qualified_subfamily_hit			shuffled	gvpk	2	nat_e8cdf7701819b67c0045
truncated_nat_e8cdf7701819b67c0045	0bb6a9e0112906c73cd1cf3958f6efaf1c493a0ca34290e0fbb1d0ad0728456f	40	fail	0.4	1.7	0.07692307692307693			gvpk	47.4		0.0	0.0	unsupported	no_qualified_subfamily_hit		0.4	truncated	gvpk	2	nat_e8cdf7701819b67c0045
exact_duplicate_nat_e8cdf7701819b67c0045	e8cdf7701819b67c00458527456569f2f50470b96bccd1afd79814d0a4ca26d5	121	fail			0.0	gvpk	94.6	gvpa	2.4	92.19999999999999	0.9464285714285714	0.8842975206611571	other_gvp	competitive_gvpk_support	2.4		exact_duplicate	gvpk	2	nat_e8cdf7701819b67c0045
shuffled_nat_26c7b3dfaf246cf1a8c9	a716daf105935787ef704898f65e7f5e857b15778c6c027329e39cfd24331ccc	121	fail			0.0			gvpv	2.4		0.0	0.0	unsupported	no_qualified_subfamily_hit	0.7		shuffled	gvpk	2	nat_26c7b3dfaf246cf1a8c9
truncated_nat_26c7b3dfaf246cf1a8c9	29fda5ab03ba6f3c22c48771b3cff0a2219d3afd55ea191515b6cc555ec31bae	40	fail	2.3	2.8	0.3333333333333333			gvpk	57.4		0.0	0.0	unsupported	no_qualified_subfamily_hit		0.6	truncated	gvpk	2	nat_26c7b3dfaf246cf1a8c9
exact_duplicate_nat_26c7b3dfaf246cf1a8c9	26c7b3dfaf246cf1a8c9a71c3e60c4c7cfc74f5f023ba8ddaf029ad0c9d34a61	121	fail			0.0	gvpk	111.3	gvpv	7.5	103.8	0.875	0.8264462809917356	other_gvp	competitive_gvpk_support	2.8	2.1	exact_duplicate	gvpk	2	nat_26c7b3dfaf246cf1a8c9
shuffled_nat_909a39bfcc83ce9d158a	8c482568c63ab762638d7e2ad5c5b128800634e1a9760a9d618088370ea71db8	120	fail	1.5	0.3	0.28205128205128205			gvpj	1.1		0.0	0.0	unsupported	no_qualified_subfamily_hit		1.1	shuffled	gvpj	2	nat_909a39bfcc83ce9d158a
truncated_nat_909a39bfcc83ce9d158a	957863343531c3de161b1a40bfc495e1482f01217f3f75ffa66ab0131b40d236	40	pass	43.9	44.0	0.8205128205128205			gvpa	69.4		0.0	0.0	unsupported	no_qualified_subfamily_hit	69.4	52.9	truncated	gvpj	2	nat_909a39bfcc83ce9d158a
exact_duplicate_nat_909a39bfcc83ce9d158a	909a39bfcc83ce9d158a8ec02756bf7374df8721015d6daf1f5a2486cc3ddd4c	120	pass	48.6	49.1	0.9743589743589743	gvpa	144.8	gvpj	96.0	48.80000000000001	0.8473282442748091	0.925	supported_gvpa	pf00741_and_competitive_gvpa_support	144.8	96.0	exact_duplicate	gvpj	2	nat_909a39bfcc83ce9d158a
shuffled_nat_2572b6aa122207e0614c	986c96d9936cb5beca1e35f8848ad809ef7d272e6edb9a40da16faa0372b9480	120	fail			0.0			gvpa	3.3		0.0	0.0	unsupported	no_qualified_subfamily_hit	3.3	1.2	shuffled	gvpj	2	nat_2572b6aa122207e0614c
truncated_nat_2572b6aa122207e0614c	d4ab922bbdf997b0d8a76b6ef2a7ee6666c00fb38c9e8c720323e29eb29892ea	40	fail	44.4	44.6	0.7435897435897436			gvpa	67.0		0.0	0.0	unsupported	no_qualified_subfamily_hit	67.0	53.1	truncated	gvpj	2	nat_2572b6aa122207e0614c
exact_duplicate_nat_2572b6aa122207e0614c	2572b6aa122207e0614c164e8933d183fe0b8fd813c33ea3e47f5e319357e4a6	120	pass	54.3	54.3	1.0	gvpa	141.4	gvpj	98.7	42.7	0.8625954198473282	0.925	supported_gvpa	pf00741_and_competitive_gvpa_support	141.4	98.7	exact_duplicate	gvpj	2	nat_2572b6aa122207e0614c
shuffled_nat_35cbbb25f10deebd7391	a083093044ccb18dfcf0d3325d77a66e54c90035f1f0a82829c51be3693a8978	120	fail			0.0						0.0	0.0	unsupported	no_qualified_subfamily_hit			shuffled	gvpj	2	nat_35cbbb25f10deebd7391
truncated_nat_35cbbb25f10deebd7391	fe6364d2ad5daaf9bb4abbd8909540eb1527e73c3eb4d04ea80771d71d5bd328	40	pass	40.6	40.7	0.8205128205128205			gvpa	53.5		0.0	0.0	unsupported	no_qualified_subfamily_hit	53.5	43.5	truncated	gvpj	2	nat_35cbbb25f10deebd7391
exact_duplicate_nat_35cbbb25f10deebd7391	35cbbb25f10deebd7391bb6e5b96386ef0888a931c2b6a75cf30128b36f2394c	120	pass	43.4	44.1	0.9743589743589743			gvpa	95.2		0.0	0.0	unsupported	no_qualified_subfamily_hit	95.2	75.7	exact_duplicate	gvpj	2	nat_35cbbb25f10deebd7391
shuffled_nat_099ee06bc3f1047a9b40	3aaf7b719f4c5794e90a3eb8889b7c2a523152bc16460676ff8247b0e29dd973	120	fail			0.0			gvpg	0.2		0.0	0.0	unsupported	no_qualified_subfamily_hit			shuffled	gvpk	2	nat_099ee06bc3f1047a9b40
truncated_nat_099ee06bc3f1047a9b40	aeb8a8446bf63f47c0d6af04546f81387d07e31376923bc36e4b0d951f1080d0	40	fail			0.0			gvpk	14.4		0.0	0.0	unsupported	no_qualified_subfamily_hit			truncated	gvpk	2	nat_099ee06bc3f1047a9b40
exact_duplicate_nat_099ee06bc3f1047a9b40	099ee06bc3f1047a9b40bbee3135d23a4c3d39390627e8d893febfae1b3af2f5	120	fail			0.0	gvpk	136.5	gvpv	3.3	133.2	0.8392857142857143	0.7833333333333333	other_gvp	competitive_gvpk_support			exact_duplicate	gvpk	2	nat_099ee06bc3f1047a9b40
shuffled_nat_9a0abc7123e25547e268	8449cfadf3430f36a8ef22d67abd6388525afcfb1b5f1f26a04346e8e26c65d0	112	fail			0.0			gvpa	0.6		0.0	0.0	unsupported	no_qualified_subfamily_hit	0.6		shuffled	gvpv	2	nat_9a0abc7123e25547e268
truncated_nat_9a0abc7123e25547e268	8cfc20ab1f5b2eba28caa6ab2d8ede79debaf311be19c46aedaaee9cf8debb9d	37	fail			0.0			gvpv	10.0		0.0	0.0	unsupported	no_qualified_subfamily_hit			truncated	gvpv	2	nat_9a0abc7123e25547e268
exact_duplicate_nat_9a0abc7123e25547e268	9a0abc7123e25547e26859cedde96c6faee8476d6c664c9da5dff6d2064dbeb4	112	fail			0.0	gvpv	58.1	gvpa	2.8	55.300000000000004	1.0	0.9375	other_gvp	competitive_gvpv_support	2.8	2.4	exact_duplicate	gvpv	2	nat_9a0abc7123e25547e268
shuffled_nat_c3864be3a36de85b74e8	7744bf004ddc519281ac76768d729e1d8296646a83c774a376632ed07dddce60	106	fail			0.0			gvpa	2.9		0.0	0.0	unsupported	no_qualified_subfamily_hit	2.9	0.2	shuffled	gvpv	2	nat_c3864be3a36de85b74e8
truncated_nat_c3864be3a36de85b74e8	ee9870859b4cf0e39ce17aa23d950f4c624b13088d415047b596d2e05226f3a5	35	fail			0.0			gvpv	30.9		0.0	0.0	unsupported	no_qualified_subfamily_hit	0.8		truncated	gvpv	2	nat_c3864be3a36de85b74e8
exact_duplicate_nat_c3864be3a36de85b74e8	c3864be3a36de85b74e803f68b3817b782bf0abd07beba4cf6a5e489a68e4930	106	fail			0.0	gvpv	77.2	gvpa	8.2	69.0	1.0	0.9528301886792453	other_gvp	competitive_gvpv_support	8.2	1.5	exact_duplicate	gvpv	2	nat_c3864be3a36de85b74e8
shuffled_nat_2e9855a6be3700c23fe5	f788d8e7d24c3d6e756d327ca3adb8064d55edb28a95a0ba451128fb90195b73	105	fail			0.0			gvpn	2.2		0.0	0.0	unsupported	no_qualified_subfamily_hit	1.0		shuffled	gvpv	2	nat_2e9855a6be3700c23fe5
truncated_nat_2e9855a6be3700c23fe5	513bb764b793681a9d34f78a9a0d39ca9e545ad449d22565f5b5247bc1118368	35	fail			0.0			gvpv	11.2		0.0	0.0	unsupported	no_qualified_subfamily_hit			truncated	gvpv	2	nat_2e9855a6be3700c23fe5
exact_duplicate_nat_2e9855a6be3700c23fe5	2e9855a6be3700c23fe5989e746dad46f6227d431fe04514dad3becb5c2b974f	105	fail			0.0	gvpv	65.8	gvpk	7.6	58.199999999999996	0.9801980198019802	0.8761904761904762	other_gvp	competitive_gvpv_support	2.9		exact_duplicate	gvpv	2	nat_2e9855a6be3700c23fe5
shuffled_nat_3c70afdab9e7af2e1189	b5d8b695a4ee764780ba2ac229fe821afaac97c6207df14274855aa4b6587b82	104	fail			0.0			gvpv	0.4		0.0	0.0	unsupported	no_qualified_subfamily_hit	0.2		shuffled	gvpv	2	nat_3c70afdab9e7af2e1189
truncated_nat_3c70afdab9e7af2e1189	cb7b269c0b87031e94091c0468a1c7ccb87eded542bc8fe05188e206e24ce5a9	34	fail			0.0			gvpv	22.0		0.0	0.0	unsupported	no_qualified_subfamily_hit	0.2	1.4	truncated	gvpv	2	nat_3c70afdab9e7af2e1189
exact_duplicate_nat_3c70afdab9e7af2e1189	3c70afdab9e7af2e1189533830466a5ba6b765d63d69ce98b9cd95ef21d1e8f2	104	fail			0.0	gvpv	70.6	gvpc	2.9	67.69999999999999	1.0	0.9519230769230769	other_gvp	competitive_gvpv_support	0.8	0.2	exact_duplicate	gvpv	2	nat_3c70afdab9e7af2e1189
shuffled_nat_e5ceabb21180b04662ae	5e96f32698c94013923b019edae47e7fd026d8b8b7ed039818f46af6263443f7	103	fail			0.0						0.0	0.0	unsupported	no_qualified_subfamily_hit			shuffled	gvpv	2	nat_e5ceabb21180b04662ae
truncated_nat_e5ceabb21180b04662ae	1b94621a918a25501cf8165829cb50a9b50904d085ee5650b0d7ac137830d958	34	fail			0.0			gvpv	26.9		0.0	0.0	unsupported	no_qualified_subfamily_hit			truncated	gvpv	2	nat_e5ceabb21180b04662ae
exact_duplicate_nat_e5ceabb21180b04662ae	e5ceabb21180b04662aeef81c1c71fcbc09e903033ec6c0667bdfb3085218373	103	fail			0.0	gvpv	72.4	gvpk	2.5	69.9	1.0	0.970873786407767	other_gvp	competitive_gvpv_support	0.5	0.0	exact_duplicate	gvpv	2	nat_e5ceabb21180b04662ae
shuffled_nat_92899af89be9c12f869e	11efb912f28d8b0811065656d02006bd4b23733067ad081267c44708138351db	84	fail			0.0			gvpc	6.3		0.0	0.0	unsupported	no_qualified_subfamily_hit	0.3		shuffled	gvpf	2	nat_92899af89be9c12f869e
truncated_nat_92899af89be9c12f869e	994c85baa7458f7549c439315e4b719667c753695d6b1537e4b4a5b95f06ee12	28	fail			0.0			gvpg	45.2		0.0	0.0	unsupported	no_qualified_subfamily_hit			truncated	gvpf	2	nat_92899af89be9c12f869e
exact_duplicate_nat_92899af89be9c12f869e	92899af89be9c12f869e4e70a6f776402992fb084543c6b93cf9be776de3d175	84	fail			0.0	gvpf	142.7	gvpg	129.7	13.0	0.9880952380952381	0.9880952380952381	other_gvp	competitive_gvpf_support	2.2	0.6	exact_duplicate	gvpf	2	nat_92899af89be9c12f869e
shuffled_nat_a3571b1c51affce50627	c5fe56669bf255f915e82640f4fe7819d15bb2e5315f3f9158afbefe953547dd	84	fail			0.0			gvpl	0.9		0.0	0.0	unsupported	no_qualified_subfamily_hit			shuffled	gvpg	2	nat_a3571b1c51affce50627
truncated_nat_a3571b1c51affce50627	43dc98b394a5475a8c350c621ac566fa5ce787b98c2316bc67d4489ca01f8a1f	28	fail			0.0			gvpg	36.7		0.0	0.0	unsupported	no_qualified_subfamily_hit			truncated	gvpg	2	nat_a3571b1c51affce50627
exact_duplicate_nat_a3571b1c51affce50627	a3571b1c51affce506273b98ca0855971ab80380187d3b485f66565e6374ee0b	84	fail			0.0	gvpg	128.5	gvpf	118.4	10.099999999999994	1.0	0.9880952380952381	other_gvp	competitive_gvpg_support	0.9	1.2	exact_duplicate	gvpg	2	nat_a3571b1c51affce50627
shuffled_nat_c1fe0a4a727199d7f1bd	3a5761f89f690e9676c9dae9cf1c257fc4a47a381e8ab8f3ae78b289cf636d03	84	fail			0.0			gvpk	7.9		0.0	0.0	unsupported	no_qualified_subfamily_hit	0.3		shuffled	gvpg	2	nat_c1fe0a4a727199d7f1bd
truncated_nat_c1fe0a4a727199d7f1bd	e013b7d363ab457e5e41aec4a94ebc9ef8e43e0a078fd9730bb908d91bc62d42	28	fail			0.0			gvpg	42.0		0.0	0.0	unsupported	no_qualified_subfamily_hit			truncated	gvpg	2	nat_c1fe0a4a727199d7f1bd
exact_duplicate_nat_c1fe0a4a727199d7f1bd	c1fe0a4a727199d7f1bd6e6df60de84313309f10e2d67f78080f5f5098b8b39a	84	fail			0.0	gvpg	125.9	gvpf	116.8	9.100000000000009	1.0	1.0	unsupported	insufficient_competitive_margin	2.6	2.5	exact_duplicate	gvpg	2	nat_c1fe0a4a727199d7f1bd
shuffled_nat_165370dde2f43a2ea77b	e036a1d6ad6fc01ef7acedf7b6ef2c1e92671a3c18c9ca02cc241c2bd3bb8371	83	fail			0.0			gvpf	1.4		0.0	0.0	unsupported	no_qualified_subfamily_hit	0.4		shuffled	gvpg	2	nat_165370dde2f43a2ea77b
truncated_nat_165370dde2f43a2ea77b	08c8ca00dfee95095c610bb07401dac0b35341927ce37f1b1891ef8f8c43bc7e	27	fail	0.6	0.7	0.1794871794871795			gvpg	36.7		0.0	0.0	unsupported	no_qualified_subfamily_hit			truncated	gvpg	2	nat_165370dde2f43a2ea77b
exact_duplicate_nat_165370dde2f43a2ea77b	165370dde2f43a2ea77bcff31343ff7db84a6d52ebc30e8617d249dcf5dd42a5	83	fail			0.0	gvpg	132.6	gvpf	110.6	22.0	1.0	1.0	other_gvp	competitive_gvpg_support	1.9	1.1	exact_duplicate	gvpg	2	nat_165370dde2f43a2ea77b
shuffled_nat_76bd47c3dff544aa7f3b	bcc2d300c4972eb939ccde478e147abd3d86c7fe634444c56a9d4b441745d1b2	83	fail	5.5	6.2	0.358974358974359			gvpa	3.9		0.0	0.0	unsupported	no_qualified_subfamily_hit	3.9	3.0	shuffled	gvpg	2	nat_76bd47c3dff544aa7f3b
truncated_nat_76bd47c3dff544aa7f3b	5d2683d3c745c592015a573ce2988d3f559783a206334c2af7017b99635ec835	27	fail			0.0			gvpg	38.1		0.0	0.0	unsupported	no_qualified_subfamily_hit			truncated	gvpg	2	nat_76bd47c3dff544aa7f3b
exact_duplicate_nat_76bd47c3dff544aa7f3b	76bd47c3dff544aa7f3b3dc79ff6fa697dc6c7288f9b3f3b7ad5c3e158d85353	83	fail			0.0	gvpg	133.3	gvpf	114.7	18.60000000000001	0.9879518072289156	0.9879518072289156	other_gvp	competitive_gvpg_support	2.5	1.9	exact_duplicate	gvpg	2	nat_76bd47c3dff544aa7f3b
shuffled_nat_575d455e710e37b166bf	df5f4cd394049b1baf4fdbb49dfa435e1a83312d0a2f01d829d722442c60cf26	83	fail			0.0			gvpk	1.3		0.0	0.0	unsupported	no_qualified_subfamily_hit		0.2	shuffled	gvpg	2	nat_575d455e710e37b166bf
truncated_nat_575d455e710e37b166bf	6077fbf886a42e104d378cc9ca641769017d949e9a1a39fa5c0bd52aa3a0fcaa	27	fail			0.0			gvpg	38.3		0.0	0.0	unsupported	no_qualified_subfamily_hit			truncated	gvpg	2	nat_575d455e710e37b166bf
exact_duplicate_nat_575d455e710e37b166bf	575d455e710e37b166bf825060520edeb5d3b116c259666ef8b04ee0097aaae8	83	fail			0.0	gvpg	128.8	gvpf	123.8	5.000000000000014	1.0	1.0	unsupported	insufficient_competitive_margin	2.9	2.1	exact_duplicate	gvpg	2	nat_575d455e710e37b166bf
