query_id	target_id	query_length	target_length	alignment_score	alignment_length	aligned_pairs	identical_residues	identity	query_coverage	target_coverage	effective_identity	distance	distance_status	distance_reason
vae_candidate_000041	vae_candidate_000113	93	148	207.0	148	93	61	0.6559139784946236	1.0	0.6283783783783784	0.41216216216216217		unresolved	low_target_coverage
vae_candidate_000041	vae_candidate_000161	93	111	162.5	120	84	47	0.5595238095238095	0.9032258064516129	0.7567567567567568	0.42342342342342343		unresolved	low_target_coverage
vae_candidate_000041	vae_candidate_000163	93	78	144.5	95	76	46	0.6052631578947368	0.8172043010752689	0.9743589743589743	0.4946236559139785	0.5053763440860215	resolved	
vae_candidate_000041	vae_candidate_000172	93	122	163.0	128	87	48	0.5517241379310345	0.9354838709677419	0.7131147540983607	0.39344262295081966		unresolved	low_target_coverage
vae_candidate_000041	vae_candidate_000184	93	105	177.5	120	78	50	0.6410256410256411	0.8387096774193549	0.7428571428571429	0.47619047619047616		unresolved	low_target_coverage
vae_candidate_000041	vae_candidate_000242	93	102	164.0	103	92	44	0.4782608695652174	0.989247311827957	0.9019607843137255	0.43137254901960786	0.5686274509803921	resolved	
vae_candidate_000041	vae_candidate_000260	93	109	218.0	109	93	54	0.5806451612903226	1.0	0.8532110091743119	0.4954128440366973	0.5045871559633027	resolved	
vae_candidate_000041	vae_candidate_000283	93	102	198.0	106	89	55	0.6179775280898876	0.956989247311828	0.8725490196078431	0.5392156862745098	0.4607843137254902	resolved	
vae_candidate_000041	vae_candidate_000290	93	90	187.5	99	84	48	0.5714285714285714	0.9032258064516129	0.9333333333333333	0.5161290322580645	0.4838709677419355	resolved	
vae_candidate_000041	vae_candidate_000298	93	79	182.5	104	68	45	0.6617647058823529	0.7311827956989247	0.8607594936708861	0.4838709677419355		unresolved	low_query_coverage
vae_candidate_000041	vae_candidate_000299	93	121	207.0	122	92	53	0.5760869565217391	0.989247311827957	0.7603305785123967	0.4380165289256198		unresolved	low_target_coverage
vae_candidate_000041	vae_candidate_000317	93	116	206.0	116	93	53	0.5698924731182796	1.0	0.8017241379310345	0.45689655172413796	0.5431034482758621	resolved	
vae_candidate_000041	vae_candidate_000322	93	92	175.5	102	83	50	0.6024096385542169	0.8924731182795699	0.9021739130434783	0.5376344086021505	0.4623655913978495	resolved	
vae_candidate_000041	vae_candidate_000368	93	116	187.0	119	90	51	0.5666666666666667	0.967741935483871	0.7758620689655172	0.4396551724137931		unresolved	low_target_coverage
vae_candidate_000041	vae_candidate_000372	93	103	209.5	108	88	56	0.6363636363636364	0.946236559139785	0.8543689320388349	0.5436893203883495	0.4563106796116505	resolved	
vae_candidate_000041	vae_candidate_000381	93	83	203.0	101	75	52	0.6933333333333334	0.8064516129032258	0.9036144578313253	0.5591397849462365	0.4408602150537635	resolved	
vae_candidate_000041	vae_candidate_000408	93	119	183.0	121	91	48	0.5274725274725275	0.978494623655914	0.7647058823529411	0.40336134453781514		unresolved	low_target_coverage
vae_candidate_000041	vae_candidate_000420	93	77	222.0	96	74	58	0.7837837837837838	0.7956989247311828	0.961038961038961	0.6236559139784946		unresolved	low_query_coverage
vae_candidate_000041	vae_candidate_000436	93	93	155.0	100	86	43	0.5	0.9247311827956989	0.9247311827956989	0.46236559139784944	0.5376344086021505	resolved	
vae_candidate_000041	vae_candidate_000451	93	113	206.0	116	90	63	0.7	0.967741935483871	0.7964601769911505	0.5575221238938053		unresolved	low_target_coverage
vae_candidate_000041	vae_candidate_000458	93	131	211.0	138	86	57	0.6627906976744186	0.9247311827956989	0.6564885496183206	0.4351145038167939		unresolved	low_target_coverage
vae_candidate_000041	vae_candidate_000482	93	107	153.5	111	89	47	0.5280898876404494	0.956989247311828	0.8317757009345794	0.4392523364485981	0.5607476635514019	resolved	
vae_candidate_000041	vae_candidate_000484	93	74	185.0	93	74	46	0.6216216216216216	0.7956989247311828	1.0	0.4946236559139785		unresolved	low_query_coverage
vae_candidate_000041	vae_candidate_000491	93	82	199.0	94	81	52	0.6419753086419753	0.8709677419354839	0.9878048780487805	0.5591397849462365	0.4408602150537635	resolved	
vae_candidate_000041	vae_candidate_000500	93	105	215.0	110	88	58	0.6590909090909091	0.946236559139785	0.8380952380952381	0.5523809523809524	0.4476190476190476	resolved	
vae_candidate_000041	vae_candidate_000529	93	100	225.5	107	86	57	0.6627906976744186	0.9247311827956989	0.86	0.57	0.43000000000000005	resolved	
vae_candidate_000041	vae_candidate_000569	93	112	224.0	114	91	60	0.6593406593406593	0.978494623655914	0.8125	0.5357142857142857	0.4642857142857143	resolved	
vae_candidate_000041	vae_candidate_000580	93	117	234.5	119	91	61	0.6703296703296703	0.978494623655914	0.7777777777777778	0.5213675213675214		unresolved	low_target_coverage
vae_candidate_000041	vae_candidate_000601	93	91	176.5	100	84	51	0.6071428571428571	0.9032258064516129	0.9230769230769231	0.5483870967741935	0.4516129032258065	resolved	
vae_candidate_000041	vae_candidate_000607	93	83	121.0	107	69	39	0.5652173913043478	0.7419354838709677	0.8313253012048193	0.41935483870967744		unresolved	low_query_coverage
vae_candidate_000041	vae_candidate_000621	93	76	127.5	96	73	40	0.547945205479452	0.7849462365591398	0.9605263157894737	0.43010752688172044		unresolved	low_query_coverage
vae_candidate_000041	vae_candidate_000639	93	89	197.5	99	83	54	0.6506024096385542	0.8924731182795699	0.9325842696629213	0.5806451612903226	0.4193548387096774	resolved	
vae_candidate_000041	vae_candidate_000704	93	113	216.5	114	92	62	0.6739130434782609	0.989247311827957	0.8141592920353983	0.5486725663716814	0.4513274336283186	resolved	
vae_candidate_000041	vae_candidate_000718	93	112	197.5	114	91	50	0.5494505494505495	0.978494623655914	0.8125	0.44642857142857145	0.5535714285714286	resolved	
vae_candidate_000041	vae_candidate_000727	93	99	167.0	115	77	51	0.6623376623376623	0.8279569892473119	0.7777777777777778	0.5151515151515151		unresolved	low_target_coverage
vae_candidate_000041	vae_candidate_000737	93	104	213.0	107	90	53	0.5888888888888889	0.967741935483871	0.8653846153846154	0.5096153846153846	0.4903846153846154	resolved	
vae_candidate_000041	vae_candidate_000758	93	96	153.5	109	80	45	0.5625	0.8602150537634409	0.8333333333333334	0.46875	0.53125	resolved	
vae_candidate_000041	vae_candidate_000779	93	120	151.0	121	92	44	0.4782608695652174	0.989247311827957	0.7666666666666667	0.36666666666666664		unresolved	low_target_coverage
vae_candidate_000041	vae_candidate_000786	93	106	206.5	113	86	55	0.6395348837209303	0.9247311827956989	0.8113207547169812	0.5188679245283019	0.4811320754716981	resolved	
vae_candidate_000041	vae_candidate_000817	93	98	162.5	101	90	43	0.4777777777777778	0.967741935483871	0.9183673469387755	0.4387755102040816	0.5612244897959184	resolved	
vae_candidate_000041	vae_candidate_000859	93	133	159.5	133	93	44	0.4731182795698925	1.0	0.6992481203007519	0.3308270676691729		unresolved	low_target_coverage
vae_candidate_000041	vae_candidate_000864	93	139	210.0	140	92	56	0.6086956521739131	0.989247311827957	0.6618705035971223	0.4028776978417266		unresolved	low_target_coverage
vae_candidate_000041	vae_candidate_000884	93	134	242.5	136	91	64	0.7032967032967034	0.978494623655914	0.6791044776119403	0.47761194029850745		unresolved	low_target_coverage
vae_candidate_000041	vae_candidate_000896	93	122	235.0	122	93	59	0.6344086021505376	1.0	0.7622950819672131	0.48360655737704916		unresolved	low_target_coverage
vae_candidate_000041	vae_candidate_000909	93	105	208.0	108	90	54	0.6	0.967741935483871	0.8571428571428571	0.5142857142857142	0.48571428571428577	resolved	
vae_candidate_000041	vae_candidate_000952	93	111	150.0	115	89	50	0.5617977528089888	0.956989247311828	0.8018018018018018	0.45045045045045046	0.5495495495495495	resolved	
vae_candidate_000113	vae_candidate_000161	148	111	198.0	166	93	59	0.6344086021505376	0.6283783783783784	0.8378378378378378	0.39864864864864863		unresolved	low_query_coverage
vae_candidate_000113	vae_candidate_000163	148	78	118.0	148	78	44	0.5641025641025641	0.527027027027027	1.0	0.2972972972972973		unresolved	low_query_coverage
vae_candidate_000113	vae_candidate_000172	148	122	167.5	182	88	59	0.6704545454545454	0.5945945945945946	0.7213114754098361	0.39864864864864863		unresolved	low_query_coverage;low_target_coverage
vae_candidate_000113	vae_candidate_000184	148	105	218.0	148	105	61	0.580952380952381	0.7094594594594594	1.0	0.41216216216216217		unresolved	low_query_coverage
vae_candidate_000113	vae_candidate_000242	148	102	159.0	152	98	50	0.5102040816326531	0.6621621621621622	0.9607843137254902	0.33783783783783783		unresolved	low_query_coverage
vae_candidate_000113	vae_candidate_000260	148	109	200.5	157	100	57	0.57	0.6756756756756757	0.9174311926605505	0.38513513513513514		unresolved	low_query_coverage
vae_candidate_000113	vae_candidate_000283	148	102	204.5	148	102	60	0.5882352941176471	0.6891891891891891	1.0	0.40540540540540543		unresolved	low_query_coverage
vae_candidate_000113	vae_candidate_000290	148	90	164.5	155	83	50	0.6024096385542169	0.5608108108108109	0.9222222222222223	0.33783783783783783		unresolved	low_query_coverage
vae_candidate_000113	vae_candidate_000298	148	79	194.5	155	72	56	0.7777777777777778	0.4864864864864865	0.9113924050632911	0.3783783783783784		unresolved	low_query_coverage
vae_candidate_000113	vae_candidate_000299	148	121	213.5	162	107	66	0.616822429906542	0.722972972972973	0.8842975206611571	0.44594594594594594		unresolved	low_query_coverage
vae_candidate_000113	vae_candidate_000317	148	116	211.5	157	107	63	0.5887850467289719	0.722972972972973	0.9224137931034483	0.42567567567567566		unresolved	low_query_coverage
vae_candidate_000113	vae_candidate_000322	148	92	166.5	148	92	53	0.5760869565217391	0.6216216216216216	1.0	0.3581081081081081		unresolved	low_query_coverage
vae_candidate_000113	vae_candidate_000368	148	116	183.5	166	98	59	0.6020408163265306	0.6621621621621622	0.8448275862068966	0.39864864864864863		unresolved	low_query_coverage
vae_candidate_000113	vae_candidate_000372	148	103	185.0	149	102	53	0.5196078431372549	0.6891891891891891	0.9902912621359223	0.3581081081081081		unresolved	low_query_coverage
vae_candidate_000113	vae_candidate_000381	148	83	213.0	148	83	54	0.6506024096385542	0.5608108108108109	1.0	0.36486486486486486		unresolved	low_query_coverage
vae_candidate_000113	vae_candidate_000408	148	119	190.0	169	98	58	0.5918367346938775	0.6621621621621622	0.8235294117647058	0.3918918918918919		unresolved	low_query_coverage
vae_candidate_000113	vae_candidate_000420	148	77	186.0	148	77	56	0.7272727272727273	0.5202702702702703	1.0	0.3783783783783784		unresolved	low_query_coverage
vae_candidate_000113	vae_candidate_000436	148	93	166.5	150	91	53	0.5824175824175825	0.6148648648648649	0.978494623655914	0.3581081081081081		unresolved	low_query_coverage
vae_candidate_000113	vae_candidate_000451	148	113	218.5	151	110	60	0.5454545454545454	0.7432432432432432	0.9734513274336283	0.40540540540540543		unresolved	low_query_coverage
vae_candidate_000113	vae_candidate_000458	148	131	218.0	176	103	68	0.6601941747572816	0.6959459459459459	0.7862595419847328	0.4594594594594595		unresolved	low_query_coverage;low_target_coverage
vae_candidate_000113	vae_candidate_000482	148	107	162.5	157	98	53	0.5408163265306123	0.6621621621621622	0.9158878504672897	0.3581081081081081		unresolved	low_query_coverage
vae_candidate_000113	vae_candidate_000484	148	74	168.5	148	74	51	0.6891891891891891	0.5	1.0	0.34459459459459457		unresolved	low_query_coverage
vae_candidate_000113	vae_candidate_000491	148	82	188.5	148	82	60	0.7317073170731707	0.5540540540540541	1.0	0.40540540540540543		unresolved	low_query_coverage
vae_candidate_000113	vae_candidate_000500	148	105	209.5	154	99	65	0.6565656565656566	0.668918918918919	0.9428571428571428	0.4391891891891892		unresolved	low_query_coverage
vae_candidate_000113	vae_candidate_000529	148	100	242.0	148	100	64	0.64	0.6756756756756757	1.0	0.43243243243243246		unresolved	low_query_coverage
vae_candidate_000113	vae_candidate_000569	148	112	219.5	156	104	64	0.6153846153846154	0.7027027027027027	0.9285714285714286	0.43243243243243246		unresolved	low_query_coverage
vae_candidate_000113	vae_candidate_000580	148	117	190.0	167	98	58	0.5918367346938775	0.6621621621621622	0.8376068376068376	0.3918918918918919		unresolved	low_query_coverage
vae_candidate_000113	vae_candidate_000601	148	91	179.0	148	91	55	0.6043956043956044	0.6148648648648649	1.0	0.3716216216216216		unresolved	low_query_coverage
vae_candidate_000113	vae_candidate_000607	148	83	128.5	148	83	40	0.4819277108433735	0.5608108108108109	1.0	0.2702702702702703		unresolved	low_query_coverage
vae_candidate_000113	vae_candidate_000621	148	76	141.0	149	75	45	0.6	0.5067567567567568	0.9868421052631579	0.30405405405405406		unresolved	low_query_coverage
vae_candidate_000113	vae_candidate_000639	148	89	210.0	148	89	60	0.6741573033707865	0.6013513513513513	1.0	0.40540540540540543		unresolved	low_query_coverage
vae_candidate_000113	vae_candidate_000704	148	113	192.0	150	111	63	0.5675675675675675	0.75	0.9823008849557522	0.42567567567567566		unresolved	low_query_coverage
vae_candidate_000113	vae_candidate_000718	148	112	179.5	164	96	52	0.5416666666666666	0.6486486486486487	0.8571428571428571	0.35135135135135137		unresolved	low_query_coverage
vae_candidate_000113	vae_candidate_000727	148	99	168.5	158	89	58	0.651685393258427	0.6013513513513513	0.898989898989899	0.3918918918918919		unresolved	low_query_coverage
vae_candidate_000113	vae_candidate_000737	148	104	224.5	149	103	59	0.5728155339805825	0.6959459459459459	0.9903846153846154	0.39864864864864863		unresolved	low_query_coverage
vae_candidate_000113	vae_candidate_000758	148	96	140.5	153	91	48	0.5274725274725275	0.6148648648648649	0.9479166666666666	0.32432432432432434		unresolved	low_query_coverage
vae_candidate_000113	vae_candidate_000779	148	120	169.5	165	103	55	0.5339805825242718	0.6959459459459459	0.8583333333333333	0.3716216216216216		unresolved	low_query_coverage
vae_candidate_000113	vae_candidate_000786	148	106	212.5	151	103	61	0.5922330097087378	0.6959459459459459	0.9716981132075472	0.41216216216216217		unresolved	low_query_coverage
vae_candidate_000113	vae_candidate_000817	148	98	177.5	149	97	55	0.5670103092783505	0.6554054054054054	0.9897959183673469	0.3716216216216216		unresolved	low_query_coverage
vae_candidate_000113	vae_candidate_000859	148	133	163.5	162	119	56	0.47058823529411764	0.8040540540540541	0.8947368421052632	0.3783783783783784	0.6216216216216216	resolved	
vae_candidate_000113	vae_candidate_000864	148	139	205.0	178	109	64	0.5871559633027523	0.7364864864864865	0.7841726618705036	0.43243243243243246		unresolved	low_query_coverage;low_target_coverage
vae_candidate_000113	vae_candidate_000884	148	134	222.5	159	123	67	0.5447154471544715	0.831081081081081	0.917910447761194	0.4527027027027027	0.5472972972972974	resolved	
vae_candidate_000113	vae_candidate_000896	148	122	210.0	159	111	63	0.5675675675675675	0.75	0.9098360655737705	0.42567567567567566		unresolved	low_query_coverage
vae_candidate_000113	vae_candidate_000909	148	105	212.5	154	99	61	0.6161616161616161	0.668918918918919	0.9428571428571428	0.41216216216216217		unresolved	low_query_coverage
vae_candidate_000113	vae_candidate_000952	148	111	147.5	163	96	53	0.5520833333333334	0.6486486486486487	0.8648648648648649	0.3581081081081081		unresolved	low_query_coverage
vae_candidate_000161	vae_candidate_000163	111	78	114.0	114	75	42	0.56	0.6756756756756757	0.9615384615384616	0.3783783783783784		unresolved	low_query_coverage
vae_candidate_000161	vae_candidate_000172	111	122	227.0	134	99	61	0.6161616161616161	0.8918918918918919	0.8114754098360656	0.5	0.5	resolved	
vae_candidate_000161	vae_candidate_000184	111	105	218.5	125	91	57	0.6263736263736264	0.8198198198198198	0.8666666666666667	0.5135135135135135	0.4864864864864865	resolved	
vae_candidate_000161	vae_candidate_000242	111	102	221.0	119	94	60	0.6382978723404256	0.8468468468468469	0.9215686274509803	0.5405405405405406	0.45945945945945943	resolved	
vae_candidate_000161	vae_candidate_000260	111	109	225.0	126	94	62	0.6595744680851063	0.8468468468468469	0.8623853211009175	0.5585585585585585	0.4414414414414415	resolved	
vae_candidate_000161	vae_candidate_000283	111	102	246.0	120	93	66	0.7096774193548387	0.8378378378378378	0.9117647058823529	0.5945945945945946	0.4054054054054054	resolved	
vae_candidate_000161	vae_candidate_000290	111	90	180.5	115	86	54	0.627906976744186	0.7747747747747747	0.9555555555555556	0.4864864864864865		unresolved	low_query_coverage
vae_candidate_000161	vae_candidate_000298	111	79	196.5	123	67	51	0.7611940298507462	0.6036036036036037	0.8481012658227848	0.4594594594594595		unresolved	low_query_coverage
vae_candidate_000161	vae_candidate_000299	111	121	275.5	133	99	67	0.6767676767676768	0.8918918918918919	0.8181818181818182	0.5537190082644629	0.44628099173553715	resolved	
vae_candidate_000161	vae_candidate_000317	111	116	163.0	144	83	52	0.6265060240963856	0.7477477477477478	0.7155172413793104	0.4482758620689655		unresolved	low_query_coverage;low_target_coverage
vae_candidate_000161	vae_candidate_000322	111	92	222.5	116	87	60	0.6896551724137931	0.7837837837837838	0.9456521739130435	0.5405405405405406		unresolved	low_query_coverage
vae_candidate_000161	vae_candidate_000368	111	116	299.5	130	97	75	0.7731958762886598	0.8738738738738738	0.8362068965517241	0.646551724137931	0.35344827586206895	resolved	
vae_candidate_000161	vae_candidate_000372	111	103	168.0	124	90	53	0.5888888888888889	0.8108108108108109	0.8737864077669902	0.4774774774774775	0.5225225225225225	resolved	
vae_candidate_000161	vae_candidate_000381	111	83	177.0	112	82	47	0.573170731707317	0.7387387387387387	0.9879518072289156	0.42342342342342343		unresolved	low_query_coverage
vae_candidate_000161	vae_candidate_000408	111	119	264.5	131	99	67	0.6767676767676768	0.8918918918918919	0.8319327731092437	0.5630252100840336	0.4369747899159664	resolved	
vae_candidate_000161	vae_candidate_000420	111	77	160.0	114	74	44	0.5945945945945946	0.6666666666666666	0.961038961038961	0.3963963963963964		unresolved	low_query_coverage
vae_candidate_000161	vae_candidate_000436	111	93	243.0	117	87	62	0.7126436781609196	0.7837837837837838	0.9354838709677419	0.5585585585585585		unresolved	low_query_coverage
vae_candidate_000161	vae_candidate_000451	111	113	181.5	125	99	50	0.5050505050505051	0.8918918918918919	0.8761061946902655	0.4424778761061947	0.5575221238938053	resolved	
vae_candidate_000161	vae_candidate_000458	111	131	279.0	140	102	71	0.696078431372549	0.918918918918919	0.7786259541984732	0.5419847328244275		unresolved	low_target_coverage
vae_candidate_000161	vae_candidate_000482	111	107	226.5	126	92	60	0.6521739130434783	0.8288288288288288	0.8598130841121495	0.5405405405405406	0.45945945945945943	resolved	
vae_candidate_000161	vae_candidate_000484	111	74	184.5	112	73	48	0.6575342465753424	0.6576576576576577	0.9864864864864865	0.43243243243243246		unresolved	low_query_coverage
vae_candidate_000161	vae_candidate_000491	111	82	267.0	114	79	62	0.7848101265822784	0.7117117117117117	0.9634146341463414	0.5585585585585585		unresolved	low_query_coverage
vae_candidate_000161	vae_candidate_000500	111	105	255.5	119	97	63	0.6494845360824743	0.8738738738738738	0.9238095238095239	0.5675675675675675	0.43243243243243246	resolved	
vae_candidate_000161	vae_candidate_000529	111	100	172.0	115	96	44	0.4583333333333333	0.8648648648648649	0.96	0.3963963963963964	0.6036036036036037	resolved	
vae_candidate_000161	vae_candidate_000569	111	112	235.0	128	95	62	0.6526315789473685	0.8558558558558559	0.8482142857142857	0.5535714285714286	0.4464285714285714	resolved	
vae_candidate_000161	vae_candidate_000580	111	117	250.0	128	100	62	0.62	0.9009009009009009	0.8547008547008547	0.5299145299145299	0.4700854700854701	resolved	
vae_candidate_000161	vae_candidate_000601	111	91	264.5	116	86	60	0.6976744186046512	0.7747747747747747	0.945054945054945	0.5405405405405406		unresolved	low_query_coverage
vae_candidate_000161	vae_candidate_000607	111	83	136.0	127	67	40	0.5970149253731343	0.6036036036036037	0.8072289156626506	0.36036036036036034		unresolved	low_query_coverage
vae_candidate_000161	vae_candidate_000621	111	76	196.5	114	73	53	0.726027397260274	0.6576576576576577	0.9605263157894737	0.4774774774774775		unresolved	low_query_coverage
vae_candidate_000161	vae_candidate_000639	111	89	189.0	115	85	52	0.611764705882353	0.7657657657657657	0.9550561797752809	0.46846846846846846		unresolved	low_query_coverage
vae_candidate_000161	vae_candidate_000704	111	113	179.0	130	94	50	0.5319148936170213	0.8468468468468469	0.831858407079646	0.4424778761061947	0.5575221238938053	resolved	
vae_candidate_000161	vae_candidate_000718	111	112	165.0	135	88	49	0.5568181818181818	0.7927927927927928	0.7857142857142857	0.4375		unresolved	low_query_coverage;low_target_coverage
vae_candidate_000161	vae_candidate_000727	111	99	254.0	119	91	66	0.7252747252747253	0.8198198198198198	0.9191919191919192	0.5945945945945946	0.4054054054054054	resolved	
vae_candidate_000161	vae_candidate_000737	111	104	187.0	117	98	52	0.5306122448979592	0.8828828828828829	0.9423076923076923	0.46846846846846846	0.5315315315315315	resolved	
vae_candidate_000161	vae_candidate_000758	111	96	152.5	120	87	47	0.5402298850574713	0.7837837837837838	0.90625	0.42342342342342343		unresolved	low_query_coverage
vae_candidate_000161	vae_candidate_000779	111	120	176.0	133	98	58	0.5918367346938775	0.8828828828828829	0.8166666666666667	0.48333333333333334	0.5166666666666666	resolved	
vae_candidate_000161	vae_candidate_000786	111	106	234.5	123	94	64	0.6808510638297872	0.8468468468468469	0.8867924528301887	0.5765765765765766	0.42342342342342343	resolved	
vae_candidate_000161	vae_candidate_000817	111	98	229.5	119	90	56	0.6222222222222222	0.8108108108108109	0.9183673469387755	0.5045045045045045	0.49549549549549554	resolved	
vae_candidate_000161	vae_candidate_000859	111	133	259.5	141	103	67	0.6504854368932039	0.9279279279279279	0.7744360902255639	0.5037593984962406		unresolved	low_target_coverage
vae_candidate_000161	vae_candidate_000864	111	139	230.0	148	102	67	0.6568627450980392	0.918918918918919	0.7338129496402878	0.48201438848920863		unresolved	low_target_coverage
vae_candidate_000161	vae_candidate_000884	111	134	159.0	144	101	52	0.5148514851485149	0.9099099099099099	0.753731343283582	0.3880597014925373		unresolved	low_target_coverage
vae_candidate_000161	vae_candidate_000896	111	122	277.0	130	103	69	0.6699029126213593	0.9279279279279279	0.8442622950819673	0.5655737704918032	0.43442622950819676	resolved	
vae_candidate_000161	vae_candidate_000909	111	105	287.5	120	96	69	0.71875	0.8648648648648649	0.9142857142857143	0.6216216216216216	0.3783783783783784	resolved	
vae_candidate_000161	vae_candidate_000952	111	111	170.5	137	85	56	0.6588235294117647	0.7657657657657657	0.7657657657657657	0.5045045045045045		unresolved	low_query_coverage;low_target_coverage
vae_candidate_000163	vae_candidate_000172	78	122	131.0	125	75	44	0.5866666666666667	0.9615384615384616	0.6147540983606558	0.36065573770491804		unresolved	low_target_coverage
vae_candidate_000163	vae_candidate_000184	78	105	138.5	105	78	44	0.5641025641025641	1.0	0.7428571428571429	0.41904761904761906		unresolved	low_target_coverage
vae_candidate_000163	vae_candidate_000242	78	102	114.0	105	75	40	0.5333333333333333	0.9615384615384616	0.7352941176470589	0.39215686274509803		unresolved	low_target_coverage
vae_candidate_000163	vae_candidate_000260	78	109	138.0	110	77	44	0.5714285714285714	0.9871794871794872	0.7064220183486238	0.4036697247706422		unresolved	low_target_coverage
vae_candidate_000163	vae_candidate_000283	78	102	122.0	106	74	43	0.581081081081081	0.9487179487179487	0.7254901960784313	0.4215686274509804		unresolved	low_target_coverage
vae_candidate_000163	vae_candidate_000290	78	90	137.0	93	75	44	0.5866666666666667	0.9615384615384616	0.8333333333333334	0.4888888888888889	0.5111111111111111	resolved	
vae_candidate_000163	vae_candidate_000298	78	79	129.5	90	67	44	0.6567164179104478	0.8589743589743589	0.8481012658227848	0.5569620253164557	0.44303797468354433	resolved	
vae_candidate_000163	vae_candidate_000299	78	121	138.5	121	78	42	0.5384615384615384	1.0	0.6446280991735537	0.34710743801652894		unresolved	low_target_coverage
vae_candidate_000163	vae_candidate_000317	78	116	143.5	116	78	47	0.6025641025641025	1.0	0.6724137931034483	0.4051724137931034		unresolved	low_target_coverage
vae_candidate_000163	vae_candidate_000322	78	92	96.5	93	77	36	0.4675324675324675	0.9871794871794872	0.8369565217391305	0.391304347826087	0.6086956521739131	resolved	
vae_candidate_000163	vae_candidate_000368	78	116	136.5	117	77	46	0.5974025974025974	0.9871794871794872	0.6637931034482759	0.39655172413793105		unresolved	low_target_coverage
vae_candidate_000163	vae_candidate_000372	78	103	142.0	105	76	48	0.631578947368421	0.9743589743589743	0.7378640776699029	0.46601941747572817		unresolved	low_target_coverage
vae_candidate_000163	vae_candidate_000381	78	83	116.0	85	76	39	0.5131578947368421	0.9743589743589743	0.9156626506024096	0.46987951807228917	0.5301204819277108	resolved	
vae_candidate_000163	vae_candidate_000408	78	119	123.5	125	72	46	0.6388888888888888	0.9230769230769231	0.6050420168067226	0.3865546218487395		unresolved	low_target_coverage
vae_candidate_000163	vae_candidate_000420	78	77	168.5	84	71	45	0.6338028169014085	0.9102564102564102	0.922077922077922	0.5769230769230769	0.42307692307692313	resolved	
vae_candidate_000163	vae_candidate_000436	78	93	118.5	94	77	41	0.5324675324675324	0.9871794871794872	0.8279569892473119	0.44086021505376344	0.5591397849462365	resolved	
vae_candidate_000163	vae_candidate_000451	78	113	117.0	113	78	43	0.5512820512820513	1.0	0.6902654867256637	0.3805309734513274		unresolved	low_target_coverage
vae_candidate_000163	vae_candidate_000458	78	131	129.5	131	78	42	0.5384615384615384	1.0	0.5954198473282443	0.32061068702290074		unresolved	low_target_coverage
vae_candidate_000163	vae_candidate_000482	78	107	97.0	109	76	42	0.5526315789473685	0.9743589743589743	0.7102803738317757	0.3925233644859813		unresolved	low_target_coverage
vae_candidate_000163	vae_candidate_000484	78	74	125.0	84	68	43	0.6323529411764706	0.8717948717948718	0.918918918918919	0.5512820512820513	0.4487179487179487	resolved	
vae_candidate_000163	vae_candidate_000491	78	82	157.0	85	75	47	0.6266666666666667	0.9615384615384616	0.9146341463414634	0.573170731707317	0.426829268292683	resolved	
vae_candidate_000163	vae_candidate_000500	78	105	147.5	110	73	48	0.6575342465753424	0.9358974358974359	0.6952380952380952	0.45714285714285713		unresolved	low_target_coverage
vae_candidate_000163	vae_candidate_000529	78	100	119.5	100	78	39	0.5	1.0	0.78	0.39		unresolved	low_target_coverage
vae_candidate_000163	vae_candidate_000569	78	112	130.0	115	75	45	0.6	0.9615384615384616	0.6696428571428571	0.4017857142857143		unresolved	low_target_coverage
vae_candidate_000163	vae_candidate_000580	78	117	106.0	123	72	43	0.5972222222222222	0.9230769230769231	0.6153846153846154	0.36752136752136755		unresolved	low_target_coverage
vae_candidate_000163	vae_candidate_000601	78	91	106.5	96	73	37	0.5068493150684932	0.9358974358974359	0.8021978021978022	0.4065934065934066	0.5934065934065934	resolved	
vae_candidate_000163	vae_candidate_000607	78	83	51.5	96	65	30	0.46153846153846156	0.8333333333333334	0.7831325301204819	0.3614457831325301		unresolved	low_target_coverage
vae_candidate_000163	vae_candidate_000621	78	76	94.5	85	69	35	0.5072463768115942	0.8846153846153846	0.9078947368421053	0.44871794871794873	0.5512820512820513	resolved	
vae_candidate_000163	vae_candidate_000639	78	89	135.5	97	70	45	0.6428571428571429	0.8974358974358975	0.7865168539325843	0.5056179775280899		unresolved	low_target_coverage
vae_candidate_000163	vae_candidate_000704	78	113	131.0	114	77	42	0.5454545454545454	0.9871794871794872	0.6814159292035398	0.37168141592920356		unresolved	low_target_coverage
vae_candidate_000163	vae_candidate_000718	78	112	102.5	113	77	40	0.5194805194805194	0.9871794871794872	0.6875	0.35714285714285715		unresolved	low_target_coverage
vae_candidate_000163	vae_candidate_000727	78	99	111.0	104	73	41	0.5616438356164384	0.9358974358974359	0.7373737373737373	0.41414141414141414		unresolved	low_target_coverage
vae_candidate_000163	vae_candidate_000737	78	104	144.0	104	78	46	0.5897435897435898	1.0	0.75	0.4423076923076923		unresolved	low_target_coverage
vae_candidate_000163	vae_candidate_000758	78	96	63.5	96	78	30	0.38461538461538464	1.0	0.8125	0.3125	0.6875	resolved	
vae_candidate_000163	vae_candidate_000779	78	120	106.0	120	78	39	0.5	1.0	0.65	0.325		unresolved	low_target_coverage
vae_candidate_000163	vae_candidate_000786	78	106	141.5	110	74	45	0.6081081081081081	0.9487179487179487	0.6981132075471698	0.42452830188679247		unresolved	low_target_coverage
vae_candidate_000163	vae_candidate_000817	78	98	86.5	102	74	35	0.47297297297297297	0.9487179487179487	0.7551020408163265	0.35714285714285715		unresolved	low_target_coverage
vae_candidate_000163	vae_candidate_000859	78	133	110.5	133	78	38	0.48717948717948717	1.0	0.5864661654135338	0.2857142857142857		unresolved	low_target_coverage
vae_candidate_000163	vae_candidate_000864	78	139	145.5	139	78	50	0.6410256410256411	1.0	0.5611510791366906	0.3597122302158273		unresolved	low_target_coverage
vae_candidate_000163	vae_candidate_000884	78	134	146.5	134	78	53	0.6794871794871795	1.0	0.582089552238806	0.39552238805970147		unresolved	low_target_coverage
vae_candidate_000163	vae_candidate_000896	78	122	161.5	123	77	48	0.6233766233766234	0.9871794871794872	0.6311475409836066	0.39344262295081966		unresolved	low_target_coverage
vae_candidate_000163	vae_candidate_000909	78	105	130.5	105	78	43	0.5512820512820513	1.0	0.7428571428571429	0.4095238095238095		unresolved	low_target_coverage
vae_candidate_000163	vae_candidate_000952	78	111	82.0	116	73	39	0.5342465753424658	0.9358974358974359	0.6576576576576577	0.35135135135135137		unresolved	low_target_coverage
vae_candidate_000172	vae_candidate_000184	122	105	216.5	134	93	61	0.6559139784946236	0.7622950819672131	0.8857142857142857	0.5		unresolved	low_query_coverage
vae_candidate_000172	vae_candidate_000242	122	102	216.5	128	96	55	0.5729166666666666	0.7868852459016393	0.9411764705882353	0.45081967213114754		unresolved	low_query_coverage
vae_candidate_000172	vae_candidate_000260	122	109	218.5	130	101	60	0.594059405940594	0.8278688524590164	0.926605504587156	0.4918032786885246	0.5081967213114754	resolved	
vae_candidate_000172	vae_candidate_000283	122	102	205.0	127	97	60	0.6185567010309279	0.7950819672131147	0.9509803921568627	0.4918032786885246		unresolved	low_query_coverage
vae_candidate_000172	vae_candidate_000290	122	90	202.5	126	86	59	0.686046511627907	0.7049180327868853	0.9555555555555556	0.48360655737704916		unresolved	low_query_coverage
vae_candidate_000172	vae_candidate_000298	122	79	181.0	134	67	49	0.7313432835820896	0.5491803278688525	0.8481012658227848	0.4016393442622951		unresolved	low_query_coverage
vae_candidate_000172	vae_candidate_000299	122	121	233.5	130	113	58	0.5132743362831859	0.9262295081967213	0.9338842975206612	0.47540983606557374	0.5245901639344263	resolved	
vae_candidate_000172	vae_candidate_000317	122	116	153.0	130	108	50	0.46296296296296297	0.8852459016393442	0.9310344827586207	0.4098360655737705	0.5901639344262295	resolved	
vae_candidate_000172	vae_candidate_000322	122	92	191.5	124	90	52	0.5777777777777777	0.7377049180327869	0.9782608695652174	0.4262295081967213		unresolved	low_query_coverage
vae_candidate_000172	vae_candidate_000368	122	116	247.5	130	108	66	0.6111111111111112	0.8852459016393442	0.9310344827586207	0.5409836065573771	0.4590163934426229	resolved	
vae_candidate_000172	vae_candidate_000372	122	103	203.5	129	96	60	0.625	0.7868852459016393	0.9320388349514563	0.4918032786885246		unresolved	low_query_coverage
vae_candidate_000172	vae_candidate_000381	122	83	181.0	123	82	48	0.5853658536585366	0.6721311475409836	0.9879518072289156	0.39344262295081966		unresolved	low_query_coverage
vae_candidate_000172	vae_candidate_000408	122	119	253.0	124	117	66	0.5641025641025641	0.9590163934426229	0.9831932773109243	0.5409836065573771	0.4590163934426229	resolved	
vae_candidate_000172	vae_candidate_000420	122	77	163.0	125	74	45	0.6081081081081081	0.6065573770491803	0.961038961038961	0.36885245901639346		unresolved	low_query_coverage
vae_candidate_000172	vae_candidate_000436	122	93	226.0	137	78	62	0.7948717948717948	0.639344262295082	0.8387096774193549	0.5081967213114754		unresolved	low_query_coverage
vae_candidate_000172	vae_candidate_000451	122	113	217.5	135	100	58	0.58	0.819672131147541	0.8849557522123894	0.47540983606557374	0.5245901639344263	resolved	
vae_candidate_000172	vae_candidate_000458	122	131	235.0	132	121	61	0.5041322314049587	0.9918032786885246	0.9236641221374046	0.46564885496183206	0.5343511450381679	resolved	
vae_candidate_000172	vae_candidate_000482	122	107	202.0	132	97	56	0.5773195876288659	0.7950819672131147	0.9065420560747663	0.45901639344262296		unresolved	low_query_coverage
vae_candidate_000172	vae_candidate_000484	122	74	198.0	123	73	52	0.7123287671232876	0.5983606557377049	0.9864864864864865	0.4262295081967213		unresolved	low_query_coverage
vae_candidate_000172	vae_candidate_000491	122	82	206.0	126	78	56	0.717948717948718	0.639344262295082	0.9512195121951219	0.45901639344262296		unresolved	low_query_coverage
vae_candidate_000172	vae_candidate_000500	122	105	248.0	122	105	63	0.6	0.860655737704918	1.0	0.5163934426229508	0.48360655737704916	resolved	
vae_candidate_000172	vae_candidate_000529	122	100	199.0	127	95	53	0.5578947368421052	0.7786885245901639	0.95	0.4344262295081967		unresolved	low_query_coverage
vae_candidate_000172	vae_candidate_000569	122	112	256.0	126	108	65	0.6018518518518519	0.8852459016393442	0.9642857142857143	0.5327868852459017	0.4672131147540983	resolved	
vae_candidate_000172	vae_candidate_000580	122	117	254.0	131	108	65	0.6018518518518519	0.8852459016393442	0.9230769230769231	0.5327868852459017	0.4672131147540983	resolved	
vae_candidate_000172	vae_candidate_000601	122	91	212.0	127	86	58	0.6744186046511628	0.7049180327868853	0.945054945054945	0.47540983606557374		unresolved	low_query_coverage
vae_candidate_000172	vae_candidate_000607	122	83	119.0	138	67	35	0.5223880597014925	0.5491803278688525	0.8072289156626506	0.28688524590163933		unresolved	low_query_coverage
vae_candidate_000172	vae_candidate_000621	122	76	201.5	125	73	51	0.6986301369863014	0.5983606557377049	0.9605263157894737	0.4180327868852459		unresolved	low_query_coverage
vae_candidate_000172	vae_candidate_000639	122	89	189.5	129	82	53	0.6463414634146342	0.6721311475409836	0.9213483146067416	0.4344262295081967		unresolved	low_query_coverage
vae_candidate_000172	vae_candidate_000704	122	113	193.5	136	99	60	0.6060606060606061	0.8114754098360656	0.8761061946902655	0.4918032786885246	0.5081967213114754	resolved	
vae_candidate_000172	vae_candidate_000718	122	112	179.5	142	92	48	0.5217391304347826	0.7540983606557377	0.8214285714285714	0.39344262295081966		unresolved	low_query_coverage
vae_candidate_000172	vae_candidate_000727	122	99	187.0	129	92	55	0.5978260869565217	0.7540983606557377	0.9292929292929293	0.45081967213114754		unresolved	low_query_coverage
vae_candidate_000172	vae_candidate_000737	122	104	207.5	130	96	58	0.6041666666666666	0.7868852459016393	0.9230769230769231	0.47540983606557374		unresolved	low_query_coverage
vae_candidate_000172	vae_candidate_000758	122	96	144.0	131	87	40	0.45977011494252873	0.7131147540983607	0.90625	0.32786885245901637		unresolved	low_query_coverage
vae_candidate_000172	vae_candidate_000779	122	120	182.5	143	99	53	0.5353535353535354	0.8114754098360656	0.825	0.4344262295081967	0.5655737704918034	resolved	
vae_candidate_000172	vae_candidate_000786	122	106	211.5	124	104	56	0.5384615384615384	0.8524590163934426	0.9811320754716981	0.45901639344262296	0.540983606557377	resolved	
vae_candidate_000172	vae_candidate_000817	122	98	217.0	128	92	59	0.6413043478260869	0.7540983606557377	0.9387755102040817	0.48360655737704916		unresolved	low_query_coverage
vae_candidate_000172	vae_candidate_000859	122	133	210.5	147	108	61	0.5648148148148148	0.8852459016393442	0.8120300751879699	0.45864661654135336	0.5413533834586466	resolved	
vae_candidate_000172	vae_candidate_000864	122	139	238.0	142	119	65	0.5462184873949579	0.9754098360655737	0.8561151079136691	0.4676258992805755	0.5323741007194245	resolved	
vae_candidate_000172	vae_candidate_000884	122	134	200.5	138	118	54	0.4576271186440678	0.9672131147540983	0.8805970149253731	0.40298507462686567	0.5970149253731343	resolved	
vae_candidate_000172	vae_candidate_000896	122	122	233.5	136	108	67	0.6203703703703703	0.8852459016393442	0.8852459016393442	0.5491803278688525	0.4508196721311475	resolved	
vae_candidate_000172	vae_candidate_000909	122	105	229.5	128	99	59	0.5959595959595959	0.8114754098360656	0.9428571428571428	0.48360655737704916	0.5163934426229508	resolved	
vae_candidate_000172	vae_candidate_000952	122	111	190.5	125	108	54	0.5	0.8852459016393442	0.972972972972973	0.4426229508196721	0.5573770491803278	resolved	
vae_candidate_000184	vae_candidate_000242	105	102	220.0	114	93	58	0.6236559139784946	0.8857142857142857	0.9117647058823529	0.5523809523809524	0.4476190476190476	resolved	
vae_candidate_000184	vae_candidate_000260	105	109	202.0	119	95	53	0.5578947368421052	0.9047619047619048	0.8715596330275229	0.48623853211009177	0.5137614678899083	resolved	
vae_candidate_000184	vae_candidate_000283	105	102	249.5	114	93	63	0.6774193548387096	0.8857142857142857	0.9117647058823529	0.6	0.4	resolved	
vae_candidate_000184	vae_candidate_000290	105	90	192.0	105	90	51	0.5666666666666667	0.8571428571428571	1.0	0.4857142857142857	0.5142857142857142	resolved	
vae_candidate_000184	vae_candidate_000298	105	79	207.5	112	72	52	0.7222222222222222	0.6857142857142857	0.9113924050632911	0.49523809523809526		unresolved	low_query_coverage
vae_candidate_000184	vae_candidate_000299	105	121	242.5	129	97	62	0.6391752577319587	0.9238095238095239	0.8016528925619835	0.512396694214876	0.487603305785124	resolved	
vae_candidate_000184	vae_candidate_000317	105	116	153.5	137	84	50	0.5952380952380952	0.8	0.7241379310344828	0.43103448275862066		unresolved	low_target_coverage
vae_candidate_000184	vae_candidate_000322	105	92	179.5	115	82	50	0.6097560975609756	0.780952380952381	0.8913043478260869	0.47619047619047616		unresolved	low_query_coverage
vae_candidate_000184	vae_candidate_000368	105	116	217.0	124	97	56	0.5773195876288659	0.9238095238095239	0.8362068965517241	0.4827586206896552	0.5172413793103448	resolved	
vae_candidate_000184	vae_candidate_000372	105	103	190.5	120	88	58	0.6590909090909091	0.8380952380952381	0.8543689320388349	0.5523809523809524	0.4476190476190476	resolved	
vae_candidate_000184	vae_candidate_000381	105	83	184.0	105	83	49	0.5903614457831325	0.7904761904761904	1.0	0.4666666666666667		unresolved	low_query_coverage
vae_candidate_000184	vae_candidate_000408	105	119	216.0	137	87	59	0.6781609195402298	0.8285714285714286	0.7310924369747899	0.4957983193277311		unresolved	low_target_coverage
vae_candidate_000184	vae_candidate_000420	105	77	176.0	105	77	47	0.6103896103896104	0.7333333333333333	1.0	0.44761904761904764		unresolved	low_query_coverage
vae_candidate_000184	vae_candidate_000436	105	93	207.0	111	87	55	0.632183908045977	0.8285714285714286	0.9354838709677419	0.5238095238095238	0.47619047619047616	resolved	
vae_candidate_000184	vae_candidate_000451	105	113	181.0	118	100	48	0.48	0.9523809523809523	0.8849557522123894	0.4247787610619469	0.5752212389380531	resolved	
vae_candidate_000184	vae_candidate_000458	105	131	211.0	140	96	61	0.6354166666666666	0.9142857142857143	0.732824427480916	0.46564885496183206		unresolved	low_target_coverage
vae_candidate_000184	vae_candidate_000482	105	107	192.5	126	86	55	0.6395348837209303	0.819047619047619	0.8037383177570093	0.514018691588785	0.485981308411215	resolved	
vae_candidate_000184	vae_candidate_000484	105	74	170.5	105	74	49	0.6621621621621622	0.7047619047619048	1.0	0.4666666666666667		unresolved	low_query_coverage
vae_candidate_000184	vae_candidate_000491	105	82	242.5	105	82	60	0.7317073170731707	0.780952380952381	1.0	0.5714285714285714		unresolved	low_query_coverage
vae_candidate_000184	vae_candidate_000500	105	105	218.0	118	92	64	0.6956521739130435	0.8761904761904762	0.8761904761904762	0.6095238095238096	0.3904761904761904	resolved	
vae_candidate_000184	vae_candidate_000529	105	100	213.5	110	95	55	0.5789473684210527	0.9047619047619048	0.95	0.5238095238095238	0.47619047619047616	resolved	
vae_candidate_000184	vae_candidate_000569	105	112	202.0	127	90	59	0.6555555555555556	0.8571428571428571	0.8035714285714286	0.5267857142857143	0.4732142857142857	resolved	
vae_candidate_000184	vae_candidate_000580	105	117	202.0	129	93	59	0.6344086021505376	0.8857142857142857	0.7948717948717948	0.5042735042735043		unresolved	low_target_coverage
vae_candidate_000184	vae_candidate_000601	105	91	200.0	107	89	53	0.5955056179775281	0.8476190476190476	0.978021978021978	0.5047619047619047	0.49523809523809526	resolved	
vae_candidate_000184	vae_candidate_000607	105	83	129.5	109	79	36	0.45569620253164556	0.7523809523809524	0.9518072289156626	0.34285714285714286		unresolved	low_query_coverage
vae_candidate_000184	vae_candidate_000621	105	76	171.5	108	73	51	0.6986301369863014	0.6952380952380952	0.9605263157894737	0.4857142857142857		unresolved	low_query_coverage
vae_candidate_000184	vae_candidate_000639	105	89	176.5	117	77	47	0.6103896103896104	0.7333333333333333	0.8651685393258427	0.44761904761904764		unresolved	low_query_coverage
vae_candidate_000184	vae_candidate_000704	105	113	179.0	123	95	56	0.5894736842105263	0.9047619047619048	0.8407079646017699	0.49557522123893805	0.504424778761062	resolved	
vae_candidate_000184	vae_candidate_000718	105	112	185.0	121	96	49	0.5104166666666666	0.9142857142857143	0.8571428571428571	0.4375	0.5625	resolved	
vae_candidate_000184	vae_candidate_000727	105	99	196.0	108	96	54	0.5625	0.9142857142857143	0.9696969696969697	0.5142857142857142	0.48571428571428577	resolved	
vae_candidate_000184	vae_candidate_000737	105	104	188.5	118	91	49	0.5384615384615384	0.8666666666666667	0.875	0.4666666666666667	0.5333333333333333	resolved	
vae_candidate_000184	vae_candidate_000758	105	96	119.0	109	92	37	0.40217391304347827	0.8761904761904762	0.9583333333333334	0.3523809523809524	0.6476190476190475	resolved	
vae_candidate_000184	vae_candidate_000779	105	120	203.0	124	101	55	0.5445544554455446	0.9619047619047619	0.8416666666666667	0.4583333333333333	0.5416666666666667	resolved	
vae_candidate_000184	vae_candidate_000786	105	106	211.5	117	94	56	0.5957446808510638	0.8952380952380953	0.8867924528301887	0.5283018867924528	0.4716981132075472	resolved	
vae_candidate_000184	vae_candidate_000817	105	98	203.5	117	86	55	0.6395348837209303	0.819047619047619	0.8775510204081632	0.5238095238095238	0.47619047619047616	resolved	
vae_candidate_000184	vae_candidate_000859	105	133	233.0	136	102	62	0.6078431372549019	0.9714285714285714	0.7669172932330827	0.46616541353383456		unresolved	low_target_coverage
vae_candidate_000184	vae_candidate_000864	105	139	236.5	149	95	66	0.6947368421052632	0.9047619047619048	0.6834532374100719	0.4748201438848921		unresolved	low_target_coverage
vae_candidate_000184	vae_candidate_000884	105	134	174.0	142	97	56	0.5773195876288659	0.9238095238095239	0.7238805970149254	0.417910447761194		unresolved	low_target_coverage
vae_candidate_000184	vae_candidate_000896	105	122	231.0	131	96	61	0.6354166666666666	0.9142857142857143	0.7868852459016393	0.5		unresolved	low_target_coverage
vae_candidate_000184	vae_candidate_000909	105	105	214.5	116	94	60	0.6382978723404256	0.8952380952380953	0.8952380952380953	0.5714285714285714	0.4285714285714286	resolved	
vae_candidate_000184	vae_candidate_000952	105	111	174.5	125	91	53	0.5824175824175825	0.8666666666666667	0.8198198198198198	0.4774774774774775	0.5225225225225225	resolved	
vae_candidate_000242	vae_candidate_000260	102	109	209.5	115	96	54	0.5625	0.9411764705882353	0.8807339449541285	0.4954128440366973	0.5045871559633027	resolved	
vae_candidate_000242	vae_candidate_000283	102	102	200.5	105	99	52	0.5252525252525253	0.9705882352941176	0.9705882352941176	0.5098039215686274	0.4901960784313726	resolved	
vae_candidate_000242	vae_candidate_000290	102	90	204.5	108	84	53	0.6309523809523809	0.8235294117647058	0.9333333333333333	0.5196078431372549	0.48039215686274506	resolved	
vae_candidate_000242	vae_candidate_000298	102	79	202.0	112	69	50	0.7246376811594203	0.6764705882352942	0.8734177215189873	0.49019607843137253		unresolved	low_query_coverage
vae_candidate_000242	vae_candidate_000299	102	121	219.5	123	100	57	0.57	0.9803921568627451	0.8264462809917356	0.47107438016528924	0.5289256198347108	resolved	
vae_candidate_000242	vae_candidate_000317	102	116	152.5	121	97	49	0.5051546391752577	0.9509803921568627	0.8362068965517241	0.4224137931034483	0.5775862068965517	resolved	
vae_candidate_000242	vae_candidate_000322	102	92	183.0	104	90	46	0.5111111111111111	0.8823529411764706	0.9782608695652174	0.45098039215686275	0.5490196078431373	resolved	
vae_candidate_000242	vae_candidate_000368	102	116	257.5	120	98	65	0.6632653061224489	0.9607843137254902	0.8448275862068966	0.5603448275862069	0.43965517241379315	resolved	
vae_candidate_000242	vae_candidate_000372	102	103	217.5	113	92	56	0.6086956521739131	0.9019607843137255	0.8932038834951457	0.5436893203883495	0.4563106796116505	resolved	
vae_candidate_000242	vae_candidate_000381	102	83	182.5	102	83	46	0.5542168674698795	0.8137254901960784	1.0	0.45098039215686275	0.5490196078431373	resolved	
vae_candidate_000242	vae_candidate_000408	102	119	245.5	122	99	60	0.6060606060606061	0.9705882352941176	0.8319327731092437	0.5042016806722689	0.4957983193277311	resolved	
vae_candidate_000242	vae_candidate_000420	102	77	141.5	105	74	40	0.5405405405405406	0.7254901960784313	0.961038961038961	0.39215686274509803		unresolved	low_query_coverage
vae_candidate_000242	vae_candidate_000436	102	93	229.5	108	87	58	0.6666666666666666	0.8529411764705882	0.9354838709677419	0.5686274509803921	0.43137254901960786	resolved	
vae_candidate_000242	vae_candidate_000451	102	113	193.5	114	101	50	0.49504950495049505	0.9901960784313726	0.8938053097345132	0.4424778761061947	0.5575221238938053	resolved	
vae_candidate_000242	vae_candidate_000458	102	131	216.0	132	101	57	0.5643564356435643	0.9901960784313726	0.7709923664122137	0.4351145038167939		unresolved	low_target_coverage
vae_candidate_000242	vae_candidate_000482	102	107	215.0	119	90	57	0.6333333333333333	0.8823529411764706	0.8411214953271028	0.5327102803738317	0.4672897196261683	resolved	
vae_candidate_000242	vae_candidate_000484	102	74	182.0	102	74	45	0.6081081081081081	0.7254901960784313	1.0	0.4411764705882353		unresolved	low_query_coverage
vae_candidate_000242	vae_candidate_000491	102	82	214.5	105	79	55	0.6962025316455697	0.7745098039215687	0.9634146341463414	0.5392156862745098		unresolved	low_query_coverage
vae_candidate_000242	vae_candidate_000500	102	105	214.5	108	99	53	0.5353535353535354	0.9705882352941176	0.9428571428571428	0.5047619047619047	0.49523809523809526	resolved	
vae_candidate_000242	vae_candidate_000529	102	100	188.5	110	92	44	0.4782608695652174	0.9019607843137255	0.92	0.43137254901960786	0.5686274509803921	resolved	
vae_candidate_000242	vae_candidate_000569	102	112	205.5	114	100	58	0.58	0.9803921568627451	0.8928571428571429	0.5178571428571429	0.4821428571428571	resolved	
vae_candidate_000242	vae_candidate_000580	102	117	230.5	118	101	56	0.5544554455445545	0.9901960784313726	0.8632478632478633	0.47863247863247865	0.5213675213675213	resolved	
vae_candidate_000242	vae_candidate_000601	102	91	217.0	104	89	50	0.5617977528089888	0.8725490196078431	0.978021978021978	0.49019607843137253	0.5098039215686274	resolved	
vae_candidate_000242	vae_candidate_000607	102	83	149.0	116	69	39	0.5652173913043478	0.6764705882352942	0.8313253012048193	0.38235294117647056		unresolved	low_query_coverage
vae_candidate_000242	vae_candidate_000621	102	76	195.0	104	74	50	0.6756756756756757	0.7254901960784313	0.9736842105263158	0.49019607843137253		unresolved	low_query_coverage
vae_candidate_000242	vae_candidate_000639	102	89	184.5	106	85	53	0.6235294117647059	0.8333333333333334	0.9550561797752809	0.5196078431372549	0.48039215686274506	resolved	
vae_candidate_000242	vae_candidate_000704	102	113	179.0	117	98	45	0.45918367346938777	0.9607843137254902	0.8672566371681416	0.39823008849557523	0.6017699115044248	resolved	
vae_candidate_000242	vae_candidate_000718	102	112	200.0	123	91	53	0.5824175824175825	0.8921568627450981	0.8125	0.4732142857142857	0.5267857142857143	resolved	
vae_candidate_000242	vae_candidate_000727	102	99	204.5	110	91	53	0.5824175824175825	0.8921568627450981	0.9191919191919192	0.5196078431372549	0.48039215686274506	resolved	
vae_candidate_000242	vae_candidate_000737	102	104	198.0	109	97	52	0.5360824742268041	0.9509803921568627	0.9326923076923077	0.5	0.5	resolved	
vae_candidate_000242	vae_candidate_000758	102	96	170.0	110	88	45	0.5113636363636364	0.8627450980392157	0.9166666666666666	0.4411764705882353	0.5588235294117647	resolved	
vae_candidate_000242	vae_candidate_000779	102	120	207.0	127	95	59	0.6210526315789474	0.9313725490196079	0.7916666666666666	0.49166666666666664		unresolved	low_target_coverage
vae_candidate_000242	vae_candidate_000786	102	106	209.0	108	100	52	0.52	0.9803921568627451	0.9433962264150944	0.49056603773584906	0.5094339622641509	resolved	
vae_candidate_000242	vae_candidate_000817	102	98	200.5	106	94	52	0.5531914893617021	0.9215686274509803	0.9591836734693877	0.5098039215686274	0.4901960784313726	resolved	
vae_candidate_000242	vae_candidate_000859	102	133	223.5	133	102	58	0.5686274509803921	1.0	0.7669172932330827	0.43609022556390975		unresolved	low_target_coverage
vae_candidate_000242	vae_candidate_000864	102	139	208.5	142	99	58	0.5858585858585859	0.9705882352941176	0.7122302158273381	0.4172661870503597		unresolved	low_target_coverage
vae_candidate_000242	vae_candidate_000884	102	134	176.5	138	98	54	0.5510204081632653	0.9607843137254902	0.7313432835820896	0.40298507462686567		unresolved	low_target_coverage
vae_candidate_000242	vae_candidate_000896	102	122	224.5	124	100	56	0.56	0.9803921568627451	0.819672131147541	0.45901639344262296	0.540983606557377	resolved	
vae_candidate_000242	vae_candidate_000909	102	105	227.0	106	101	54	0.5346534653465347	0.9901960784313726	0.9619047619047619	0.5142857142857142	0.48571428571428577	resolved	
vae_candidate_000242	vae_candidate_000952	102	111	210.0	115	98	57	0.5816326530612245	0.9607843137254902	0.8828828828828829	0.5135135135135135	0.4864864864864865	resolved	
vae_candidate_000260	vae_candidate_000283	109	102	254.5	120	91	68	0.7472527472527473	0.8348623853211009	0.8921568627450981	0.6238532110091743	0.37614678899082565	resolved	
vae_candidate_000260	vae_candidate_000290	109	90	197.0	123	76	54	0.7105263157894737	0.6972477064220184	0.8444444444444444	0.4954128440366973		unresolved	low_query_coverage
vae_candidate_000260	vae_candidate_000298	109	79	219.0	118	70	56	0.8	0.6422018348623854	0.8860759493670886	0.5137614678899083		unresolved	low_query_coverage
vae_candidate_000260	vae_candidate_000299	109	121	258.5	129	101	69	0.6831683168316832	0.926605504587156	0.8347107438016529	0.5702479338842975	0.4297520661157025	resolved	
vae_candidate_000260	vae_candidate_000317	109	116	168.0	129	96	56	0.5833333333333334	0.8807339449541285	0.8275862068965517	0.4827586206896552	0.5172413793103448	resolved	
vae_candidate_000260	vae_candidate_000322	109	92	241.0	109	92	63	0.6847826086956522	0.8440366972477065	1.0	0.5779816513761468	0.42201834862385323	resolved	
vae_candidate_000260	vae_candidate_000368	109	116	253.0	122	103	66	0.6407766990291263	0.944954128440367	0.8879310344827587	0.5689655172413793	0.43103448275862066	resolved	
vae_candidate_000260	vae_candidate_000372	109	103	201.5	122	90	57	0.6333333333333333	0.8256880733944955	0.8737864077669902	0.5229357798165137	0.47706422018348627	resolved	
vae_candidate_000260	vae_candidate_000381	109	83	212.5	109	83	58	0.6987951807228916	0.7614678899082569	1.0	0.5321100917431193		unresolved	low_query_coverage
vae_candidate_000260	vae_candidate_000408	109	119	236.0	130	98	62	0.6326530612244898	0.8990825688073395	0.8235294117647058	0.5210084033613446	0.4789915966386554	resolved	
vae_candidate_000260	vae_candidate_000420	109	77	193.0	110	76	54	0.7105263157894737	0.6972477064220184	0.987012987012987	0.4954128440366973		unresolved	low_query_coverage
vae_candidate_000260	vae_candidate_000436	109	93	223.5	123	79	59	0.7468354430379747	0.7247706422018348	0.8494623655913979	0.5412844036697247		unresolved	low_query_coverage
vae_candidate_000260	vae_candidate_000451	109	113	217.5	123	99	59	0.5959595959595959	0.908256880733945	0.8761061946902655	0.5221238938053098	0.47787610619469023	resolved	
vae_candidate_000260	vae_candidate_000458	109	131	263.5	135	105	69	0.6571428571428571	0.963302752293578	0.8015267175572519	0.5267175572519084	0.4732824427480916	resolved	
vae_candidate_000260	vae_candidate_000482	109	107	220.5	126	90	61	0.6777777777777778	0.8256880733944955	0.8411214953271028	0.5596330275229358	0.44036697247706424	resolved	
vae_candidate_000260	vae_candidate_000484	109	74	198.0	109	74	52	0.7027027027027027	0.6788990825688074	1.0	0.47706422018348627		unresolved	low_query_coverage
vae_candidate_000260	vae_candidate_000491	109	82	236.0	110	81	61	0.7530864197530864	0.7431192660550459	0.9878048780487805	0.5596330275229358		unresolved	low_query_coverage
vae_candidate_000260	vae_candidate_000500	109	105	267.0	111	103	67	0.6504854368932039	0.944954128440367	0.9809523809523809	0.6146788990825688	0.3853211009174312	resolved	
vae_candidate_000260	vae_candidate_000529	109	100	203.0	111	98	56	0.5714285714285714	0.8990825688073395	0.98	0.5137614678899083	0.4862385321100917	resolved	
vae_candidate_000260	vae_candidate_000569	109	112	274.0	115	106	67	0.6320754716981132	0.9724770642201835	0.9464285714285714	0.5982142857142857	0.4017857142857143	resolved	
vae_candidate_000260	vae_candidate_000580	109	117	253.0	122	104	66	0.6346153846153846	0.9541284403669725	0.8888888888888888	0.5641025641025641	0.4358974358974359	resolved	
vae_candidate_000260	vae_candidate_000601	109	91	235.0	117	83	56	0.6746987951807228	0.7614678899082569	0.9120879120879121	0.5137614678899083		unresolved	low_query_coverage
vae_candidate_000260	vae_candidate_000607	109	83	124.5	123	69	37	0.5362318840579711	0.6330275229357798	0.8313253012048193	0.3394495412844037		unresolved	low_query_coverage
vae_candidate_000260	vae_candidate_000621	109	76	180.5	111	74	50	0.6756756756756757	0.6788990825688074	0.9736842105263158	0.45871559633027525		unresolved	low_query_coverage
vae_candidate_000260	vae_candidate_000639	109	89	222.0	113	85	55	0.6470588235294118	0.7798165137614679	0.9550561797752809	0.5045871559633027		unresolved	low_query_coverage
vae_candidate_000260	vae_candidate_000704	109	113	236.5	118	104	65	0.625	0.9541284403669725	0.9203539823008849	0.5752212389380531	0.4247787610619469	resolved	
vae_candidate_000260	vae_candidate_000718	109	112	194.0	127	94	51	0.5425531914893617	0.8623853211009175	0.8392857142857143	0.45535714285714285	0.5446428571428572	resolved	
vae_candidate_000260	vae_candidate_000727	109	99	204.0	115	93	57	0.6129032258064516	0.8532110091743119	0.9393939393939394	0.5229357798165137	0.47706422018348627	resolved	
vae_candidate_000260	vae_candidate_000737	109	104	248.5	116	97	62	0.6391752577319587	0.8899082568807339	0.9326923076923077	0.5688073394495413	0.4311926605504587	resolved	
vae_candidate_000260	vae_candidate_000758	109	96	156.0	116	89	48	0.5393258426966292	0.8165137614678899	0.9270833333333334	0.44036697247706424	0.5596330275229358	resolved	
vae_candidate_000260	vae_candidate_000779	109	120	178.5	133	96	56	0.5833333333333334	0.8807339449541285	0.8	0.4666666666666667	0.5333333333333333	resolved	
vae_candidate_000260	vae_candidate_000786	109	106	239.5	118	97	63	0.6494845360824743	0.8899082568807339	0.9150943396226415	0.5779816513761468	0.42201834862385323	resolved	
vae_candidate_000260	vae_candidate_000817	109	98	221.0	114	93	60	0.6451612903225806	0.8532110091743119	0.9489795918367347	0.5504587155963303	0.4495412844036697	resolved	
vae_candidate_000260	vae_candidate_000859	109	133	195.0	145	97	59	0.6082474226804123	0.8899082568807339	0.7293233082706767	0.44360902255639095		unresolved	low_target_coverage
vae_candidate_000260	vae_candidate_000864	109	139	247.5	141	107	63	0.5887850467289719	0.981651376146789	0.7697841726618705	0.45323741007194246		unresolved	low_target_coverage
vae_candidate_000260	vae_candidate_000884	109	134	239.0	135	108	67	0.6203703703703703	0.9908256880733946	0.8059701492537313	0.5	0.5	resolved	
vae_candidate_000260	vae_candidate_000896	109	122	280.0	132	99	74	0.7474747474747475	0.908256880733945	0.8114754098360656	0.6065573770491803	0.39344262295081966	resolved	
vae_candidate_000260	vae_candidate_000909	109	105	257.0	121	93	66	0.7096774193548387	0.8532110091743119	0.8857142857142857	0.6055045871559633	0.39449541284403666	resolved	
vae_candidate_000260	vae_candidate_000952	109	111	207.0	117	103	58	0.5631067961165048	0.944954128440367	0.9279279279279279	0.5225225225225225	0.4774774774774775	resolved	
vae_candidate_000283	vae_candidate_000290	102	90	206.0	106	86	55	0.6395348837209303	0.8431372549019608	0.9555555555555556	0.5392156862745098	0.4607843137254902	resolved	
vae_candidate_000283	vae_candidate_000298	102	79	229.0	112	69	55	0.7971014492753623	0.6764705882352942	0.8734177215189873	0.5392156862745098		unresolved	low_query_coverage
vae_candidate_000283	vae_candidate_000299	102	121	301.5	124	99	77	0.7777777777777778	0.9705882352941176	0.8181818181818182	0.6363636363636364	0.36363636363636365	resolved	
vae_candidate_000283	vae_candidate_000317	102	116	168.0	119	99	49	0.494949494949495	0.9705882352941176	0.853448275862069	0.4224137931034483	0.5775862068965517	resolved	
vae_candidate_000283	vae_candidate_000322	102	92	243.5	104	90	63	0.7	0.8823529411764706	0.9782608695652174	0.6176470588235294	0.38235294117647056	resolved	
vae_candidate_000283	vae_candidate_000368	102	116	227.5	127	91	63	0.6923076923076923	0.8921568627450981	0.7844827586206896	0.5431034482758621		unresolved	low_target_coverage
vae_candidate_000283	vae_candidate_000372	102	103	174.0	116	89	52	0.5842696629213483	0.8725490196078431	0.8640776699029126	0.5048543689320388	0.49514563106796117	resolved	
vae_candidate_000283	vae_candidate_000381	102	83	222.5	102	83	54	0.6506024096385542	0.8137254901960784	1.0	0.5294117647058824	0.47058823529411764	resolved	
vae_candidate_000283	vae_candidate_000408	102	119	250.5	139	82	63	0.7682926829268293	0.803921568627451	0.6890756302521008	0.5294117647058824		unresolved	low_target_coverage
vae_candidate_000283	vae_candidate_000420	102	77	207.5	104	75	56	0.7466666666666667	0.7352941176470589	0.974025974025974	0.5490196078431373		unresolved	low_query_coverage
vae_candidate_000283	vae_candidate_000436	102	93	241.5	114	81	62	0.7654320987654321	0.7941176470588235	0.8709677419354839	0.6078431372549019		unresolved	low_query_coverage
vae_candidate_000283	vae_candidate_000451	102	113	213.5	115	100	57	0.57	0.9803921568627451	0.8849557522123894	0.504424778761062	0.49557522123893805	resolved	
vae_candidate_000283	vae_candidate_000458	102	131	264.0	132	101	67	0.6633663366336634	0.9901960784313726	0.7709923664122137	0.5114503816793893		unresolved	low_target_coverage
vae_candidate_000283	vae_candidate_000482	102	107	210.5	111	98	58	0.5918367346938775	0.9607843137254902	0.9158878504672897	0.5420560747663551	0.4579439252336449	resolved	
vae_candidate_000283	vae_candidate_000484	102	74	200.0	102	74	50	0.6756756756756757	0.7254901960784313	1.0	0.49019607843137253		unresolved	low_query_coverage
vae_candidate_000283	vae_candidate_000491	102	82	264.5	104	80	63	0.7875	0.7843137254901961	0.975609756097561	0.6176470588235294		unresolved	low_query_coverage
vae_candidate_000283	vae_candidate_000500	102	105	263.0	111	96	66	0.6875	0.9411764705882353	0.9142857142857143	0.6285714285714286	0.37142857142857144	resolved	
vae_candidate_000283	vae_candidate_000529	102	100	224.5	112	90	57	0.6333333333333333	0.8823529411764706	0.9	0.5588235294117647	0.4411764705882353	resolved	
vae_candidate_000283	vae_candidate_000569	102	112	255.5	114	100	66	0.66	0.9803921568627451	0.8928571428571429	0.5892857142857143	0.4107142857142857	resolved	
vae_candidate_000283	vae_candidate_000580	102	117	248.0	135	84	63	0.75	0.8235294117647058	0.717948717948718	0.5384615384615384		unresolved	low_target_coverage
vae_candidate_000283	vae_candidate_000601	102	91	250.0	108	85	60	0.7058823529411765	0.8333333333333334	0.9340659340659341	0.5882352941176471	0.4117647058823529	resolved	
vae_candidate_000283	vae_candidate_000607	102	83	131.0	117	68	39	0.5735294117647058	0.6666666666666666	0.8192771084337349	0.38235294117647056		unresolved	low_query_coverage
vae_candidate_000283	vae_candidate_000621	102	76	197.5	104	74	53	0.7162162162162162	0.7254901960784313	0.9736842105263158	0.5196078431372549		unresolved	low_query_coverage
vae_candidate_000283	vae_candidate_000639	102	89	200.0	110	81	54	0.6666666666666666	0.7941176470588235	0.9101123595505618	0.5294117647058824		unresolved	low_query_coverage
vae_candidate_000283	vae_candidate_000704	102	113	212.0	120	95	60	0.631578947368421	0.9313725490196079	0.8407079646017699	0.5309734513274337	0.4690265486725663	resolved	
vae_candidate_000283	vae_candidate_000718	102	112	161.0	121	93	42	0.45161290322580644	0.9117647058823529	0.8303571428571429	0.375	0.625	resolved	
vae_candidate_000283	vae_candidate_000727	102	99	240.0	107	94	63	0.6702127659574468	0.9215686274509803	0.9494949494949495	0.6176470588235294	0.38235294117647056	resolved	
vae_candidate_000283	vae_candidate_000737	102	104	208.0	113	93	56	0.6021505376344086	0.9117647058823529	0.8942307692307693	0.5384615384615384	0.46153846153846156	resolved	
vae_candidate_000283	vae_candidate_000758	102	96	140.0	110	88	46	0.5227272727272727	0.8627450980392157	0.9166666666666666	0.45098039215686275	0.5490196078431373	resolved	
vae_candidate_000283	vae_candidate_000779	102	120	175.0	134	88	57	0.6477272727272727	0.8627450980392157	0.7333333333333333	0.475		unresolved	low_target_coverage
vae_candidate_000283	vae_candidate_000786	102	106	279.0	110	98	66	0.673469387755102	0.9607843137254902	0.9245283018867925	0.6226415094339622	0.37735849056603776	resolved	
vae_candidate_000283	vae_candidate_000817	102	98	243.5	110	90	63	0.7	0.8823529411764706	0.9183673469387755	0.6176470588235294	0.38235294117647056	resolved	
vae_candidate_000283	vae_candidate_000859	102	133	221.0	135	100	66	0.66	0.9803921568627451	0.7518796992481203	0.49624060150375937		unresolved	low_target_coverage
vae_candidate_000283	vae_candidate_000864	102	139	226.5	142	99	64	0.6464646464646465	0.9705882352941176	0.7122302158273381	0.460431654676259		unresolved	low_target_coverage
vae_candidate_000283	vae_candidate_000884	102	134	208.5	135	101	62	0.6138613861386139	0.9901960784313726	0.753731343283582	0.4626865671641791		unresolved	low_target_coverage
vae_candidate_000283	vae_candidate_000896	102	122	283.0	123	101	70	0.693069306930693	0.9901960784313726	0.8278688524590164	0.5737704918032787	0.42622950819672134	resolved	
vae_candidate_000283	vae_candidate_000909	102	105	272.5	122	85	69	0.8117647058823529	0.8333333333333334	0.8095238095238095	0.6571428571428571	0.34285714285714286	resolved	
vae_candidate_000283	vae_candidate_000952	102	111	180.5	120	93	54	0.5806451612903226	0.9117647058823529	0.8378378378378378	0.4864864864864865	0.5135135135135135	resolved	
vae_candidate_000290	vae_candidate_000298	90	79	210.0	98	71	51	0.7183098591549296	0.7888888888888889	0.8987341772151899	0.5666666666666667		unresolved	low_query_coverage
vae_candidate_000290	vae_candidate_000299	90	121	217.0	121	90	56	0.6222222222222222	1.0	0.743801652892562	0.4628099173553719		unresolved	low_target_coverage
vae_candidate_000290	vae_candidate_000317	90	116	159.0	121	85	44	0.5176470588235295	0.9444444444444444	0.7327586206896551	0.3793103448275862		unresolved	low_target_coverage
vae_candidate_000290	vae_candidate_000322	90	92	186.0	101	81	50	0.6172839506172839	0.9	0.8804347826086957	0.5434782608695652	0.4565217391304348	resolved	
vae_candidate_000290	vae_candidate_000368	90	116	204.0	118	88	53	0.6022727272727273	0.9777777777777777	0.7586206896551724	0.45689655172413796		unresolved	low_target_coverage
vae_candidate_000290	vae_candidate_000372	90	103	175.0	114	79	54	0.6835443037974683	0.8777777777777778	0.7669902912621359	0.5242718446601942		unresolved	low_target_coverage
vae_candidate_000290	vae_candidate_000381	90	83	216.5	91	82	55	0.6707317073170732	0.9111111111111111	0.9879518072289156	0.6111111111111112	0.38888888888888884	resolved	
vae_candidate_000290	vae_candidate_000408	90	119	207.5	122	87	57	0.6551724137931034	0.9666666666666667	0.7310924369747899	0.4789915966386555		unresolved	low_target_coverage
vae_candidate_000290	vae_candidate_000420	90	77	190.0	92	75	48	0.64	0.8333333333333334	0.974025974025974	0.5333333333333333	0.4666666666666667	resolved	
vae_candidate_000290	vae_candidate_000436	90	93	194.0	113	70	54	0.7714285714285715	0.7777777777777778	0.7526881720430108	0.5806451612903226		unresolved	low_query_coverage;low_target_coverage
vae_candidate_000290	vae_candidate_000451	90	113	176.0	128	75	54	0.72	0.8333333333333334	0.6637168141592921	0.4778761061946903		unresolved	low_target_coverage
vae_candidate_000290	vae_candidate_000458	90	131	223.0	131	90	57	0.6333333333333333	1.0	0.6870229007633588	0.4351145038167939		unresolved	low_target_coverage
vae_candidate_000290	vae_candidate_000482	90	107	197.0	109	88	52	0.5909090909090909	0.9777777777777777	0.822429906542056	0.48598130841121495	0.514018691588785	resolved	
vae_candidate_000290	vae_candidate_000484	90	74	206.0	90	74	49	0.6621621621621622	0.8222222222222222	1.0	0.5444444444444444	0.4555555555555556	resolved	
vae_candidate_000290	vae_candidate_000491	90	82	215.0	98	74	53	0.7162162162162162	0.8222222222222222	0.9024390243902439	0.5888888888888889	0.4111111111111111	resolved	
vae_candidate_000290	vae_candidate_000500	90	105	209.5	109	86	54	0.627906976744186	0.9555555555555556	0.819047619047619	0.5142857142857142	0.48571428571428577	resolved	
vae_candidate_000290	vae_candidate_000529	90	100	188.5	103	87	48	0.5517241379310345	0.9666666666666667	0.87	0.48	0.52	resolved	
vae_candidate_000290	vae_candidate_000569	90	112	229.0	116	86	57	0.6627906976744186	0.9555555555555556	0.7678571428571429	0.5089285714285714		unresolved	low_target_coverage
vae_candidate_000290	vae_candidate_000580	90	117	210.5	119	88	54	0.6136363636363636	0.9777777777777777	0.7521367521367521	0.46153846153846156		unresolved	low_target_coverage
vae_candidate_000290	vae_candidate_000601	90	91	216.0	95	86	54	0.627906976744186	0.9555555555555556	0.945054945054945	0.5934065934065934	0.4065934065934066	resolved	
vae_candidate_000290	vae_candidate_000607	90	83	134.5	103	70	41	0.5857142857142857	0.7777777777777778	0.8433734939759037	0.45555555555555555		unresolved	low_query_coverage
vae_candidate_000290	vae_candidate_000621	90	76	201.5	95	71	55	0.7746478873239436	0.7888888888888889	0.9342105263157895	0.6111111111111112		unresolved	low_query_coverage
vae_candidate_000290	vae_candidate_000639	90	89	193.5	102	77	47	0.6103896103896104	0.8555555555555555	0.8651685393258427	0.5222222222222223	0.47777777777777775	resolved	
vae_candidate_000290	vae_candidate_000704	90	113	182.0	119	84	50	0.5952380952380952	0.9333333333333333	0.7433628318584071	0.4424778761061947		unresolved	low_target_coverage
vae_candidate_000290	vae_candidate_000718	90	112	185.5	116	86	50	0.5813953488372093	0.9555555555555556	0.7678571428571429	0.44642857142857145		unresolved	low_target_coverage
vae_candidate_000290	vae_candidate_000727	90	99	190.0	99	90	54	0.6	1.0	0.9090909090909091	0.5454545454545454	0.4545454545454546	resolved	
vae_candidate_000290	vae_candidate_000737	90	104	207.0	111	83	54	0.6506024096385542	0.9222222222222223	0.7980769230769231	0.5192307692307693		unresolved	low_target_coverage
vae_candidate_000290	vae_candidate_000758	90	96	161.0	100	86	43	0.5	0.9555555555555556	0.8958333333333334	0.4479166666666667	0.5520833333333333	resolved	
vae_candidate_000290	vae_candidate_000779	90	120	177.0	128	82	53	0.6463414634146342	0.9111111111111111	0.6833333333333333	0.44166666666666665		unresolved	low_target_coverage
vae_candidate_000290	vae_candidate_000786	90	106	215.0	108	88	56	0.6363636363636364	0.9777777777777777	0.8301886792452831	0.5283018867924528	0.4716981132075472	resolved	
vae_candidate_000290	vae_candidate_000817	90	98	187.5	102	86	48	0.5581395348837209	0.9555555555555556	0.8775510204081632	0.4897959183673469	0.5102040816326531	resolved	
vae_candidate_000290	vae_candidate_000859	90	133	163.5	133	90	49	0.5444444444444444	1.0	0.6766917293233082	0.3684210526315789		unresolved	low_target_coverage
vae_candidate_000290	vae_candidate_000864	90	139	191.0	140	89	57	0.6404494382022472	0.9888888888888889	0.6402877697841727	0.41007194244604317		unresolved	low_target_coverage
vae_candidate_000290	vae_candidate_000884	90	134	200.5	137	87	55	0.632183908045977	0.9666666666666667	0.6492537313432836	0.41044776119402987		unresolved	low_target_coverage
vae_candidate_000290	vae_candidate_000896	90	122	224.5	126	86	57	0.6627906976744186	0.9555555555555556	0.7049180327868853	0.4672131147540984		unresolved	low_target_coverage
vae_candidate_000290	vae_candidate_000909	90	105	209.0	109	86	56	0.6511627906976745	0.9555555555555556	0.819047619047619	0.5333333333333333	0.4666666666666667	resolved	
vae_candidate_000290	vae_candidate_000952	90	111	175.5	116	85	51	0.6	0.9444444444444444	0.7657657657657657	0.4594594594594595		unresolved	low_target_coverage
vae_candidate_000298	vae_candidate_000299	79	121	230.5	128	72	56	0.7777777777777778	0.9113924050632911	0.5950413223140496	0.4628099173553719		unresolved	low_target_coverage
vae_candidate_000298	vae_candidate_000317	79	116	143.0	126	69	46	0.6666666666666666	0.8734177215189873	0.5948275862068966	0.39655172413793105		unresolved	low_target_coverage
vae_candidate_000298	vae_candidate_000322	79	92	205.0	101	70	49	0.7	0.8860759493670886	0.7608695652173914	0.532608695652174		unresolved	low_target_coverage
vae_candidate_000298	vae_candidate_000368	79	116	219.0	121	74	53	0.7162162162162162	0.9367088607594937	0.6379310344827587	0.45689655172413796		unresolved	low_target_coverage
vae_candidate_000298	vae_candidate_000372	79	103	175.0	113	69	50	0.7246376811594203	0.8734177215189873	0.6699029126213593	0.4854368932038835		unresolved	low_target_coverage
vae_candidate_000298	vae_candidate_000381	79	83	208.0	93	69	47	0.6811594202898551	0.8734177215189873	0.8313253012048193	0.5662650602409639	0.4337349397590361	resolved	
vae_candidate_000298	vae_candidate_000408	79	119	205.0	130	68	50	0.7352941176470589	0.8607594936708861	0.5714285714285714	0.42016806722689076		unresolved	low_target_coverage
vae_candidate_000298	vae_candidate_000420	79	77	176.0	85	71	42	0.5915492957746479	0.8987341772151899	0.922077922077922	0.5316455696202531	0.4683544303797469	resolved	
vae_candidate_000298	vae_candidate_000436	79	93	215.0	98	74	51	0.6891891891891891	0.9367088607594937	0.7956989247311828	0.5483870967741935		unresolved	low_target_coverage
vae_candidate_000298	vae_candidate_000451	79	113	184.0	120	72	46	0.6388888888888888	0.9113924050632911	0.6371681415929203	0.40707964601769914		unresolved	low_target_coverage
vae_candidate_000298	vae_candidate_000458	79	131	214.5	139	71	54	0.7605633802816901	0.8987341772151899	0.5419847328244275	0.4122137404580153		unresolved	low_target_coverage
vae_candidate_000298	vae_candidate_000482	79	107	186.5	117	69	49	0.7101449275362319	0.8734177215189873	0.6448598130841121	0.45794392523364486		unresolved	low_target_coverage
vae_candidate_000298	vae_candidate_000484	79	74	220.0	84	69	52	0.7536231884057971	0.8734177215189873	0.9324324324324325	0.6582278481012658	0.3417721518987342	resolved	
vae_candidate_000298	vae_candidate_000491	79	82	227.0	90	71	53	0.7464788732394366	0.8987341772151899	0.8658536585365854	0.6463414634146342	0.35365853658536583	resolved	
vae_candidate_000298	vae_candidate_000500	79	105	229.0	117	67	56	0.835820895522388	0.8481012658227848	0.638095238095238	0.5333333333333333		unresolved	low_target_coverage
vae_candidate_000298	vae_candidate_000529	79	100	202.5	107	72	49	0.6805555555555556	0.9113924050632911	0.72	0.49		unresolved	low_target_coverage
vae_candidate_000298	vae_candidate_000569	79	112	215.0	123	68	54	0.7941176470588235	0.8607594936708861	0.6071428571428571	0.48214285714285715		unresolved	low_target_coverage
vae_candidate_000298	vae_candidate_000580	79	117	208.0	127	69	50	0.7246376811594203	0.8734177215189873	0.5897435897435898	0.42735042735042733		unresolved	low_target_coverage
vae_candidate_000298	vae_candidate_000601	79	91	212.5	101	69	50	0.7246376811594203	0.8734177215189873	0.7582417582417582	0.5494505494505495		unresolved	low_target_coverage
vae_candidate_000298	vae_candidate_000607	79	83	176.0	85	77	43	0.5584415584415584	0.9746835443037974	0.927710843373494	0.5180722891566265	0.4819277108433735	resolved	
vae_candidate_000298	vae_candidate_000621	79	76	189.0	86	69	48	0.6956521739130435	0.8734177215189873	0.9078947368421053	0.6075949367088608	0.3924050632911392	resolved	
vae_candidate_000298	vae_candidate_000639	79	89	206.0	101	67	49	0.7313432835820896	0.8481012658227848	0.7528089887640449	0.550561797752809		unresolved	low_target_coverage
vae_candidate_000298	vae_candidate_000704	79	113	173.5	122	70	45	0.6428571428571429	0.8860759493670886	0.6194690265486725	0.39823008849557523		unresolved	low_target_coverage
vae_candidate_000298	vae_candidate_000718	79	112	197.5	112	79	49	0.620253164556962	1.0	0.7053571428571429	0.4375		unresolved	low_target_coverage
vae_candidate_000298	vae_candidate_000727	79	99	196.5	105	73	49	0.6712328767123288	0.9240506329113924	0.7373737373737373	0.494949494949495		unresolved	low_target_coverage
vae_candidate_000298	vae_candidate_000737	79	104	216.5	110	73	50	0.684931506849315	0.9240506329113924	0.7019230769230769	0.4807692307692308		unresolved	low_target_coverage
vae_candidate_000298	vae_candidate_000758	79	96	154.0	98	77	39	0.5064935064935064	0.9746835443037974	0.8020833333333334	0.40625	0.59375	resolved	
vae_candidate_000298	vae_candidate_000779	79	120	170.5	121	78	46	0.5897435897435898	0.9873417721518988	0.65	0.38333333333333336		unresolved	low_target_coverage
vae_candidate_000298	vae_candidate_000786	79	106	222.5	116	69	53	0.7681159420289855	0.8734177215189873	0.6509433962264151	0.5		unresolved	low_target_coverage
vae_candidate_000298	vae_candidate_000817	79	98	194.5	110	67	47	0.7014925373134329	0.8481012658227848	0.6836734693877551	0.47959183673469385		unresolved	low_target_coverage
vae_candidate_000298	vae_candidate_000859	79	133	163.5	133	79	42	0.5316455696202531	1.0	0.5939849624060151	0.3157894736842105		unresolved	low_target_coverage
vae_candidate_000298	vae_candidate_000864	79	139	182.0	148	70	55	0.7857142857142857	0.8860759493670886	0.5035971223021583	0.39568345323741005		unresolved	low_target_coverage
vae_candidate_000298	vae_candidate_000884	79	134	182.5	140	73	50	0.684931506849315	0.9240506329113924	0.5447761194029851	0.373134328358209		unresolved	low_target_coverage
vae_candidate_000298	vae_candidate_000896	79	122	216.0	130	71	54	0.7605633802816901	0.8987341772151899	0.5819672131147541	0.4426229508196721		unresolved	low_target_coverage
vae_candidate_000298	vae_candidate_000909	79	105	230.0	116	68	60	0.8823529411764706	0.8607594936708861	0.6476190476190476	0.5714285714285714		unresolved	low_target_coverage
vae_candidate_000298	vae_candidate_000952	79	111	146.5	124	66	45	0.6818181818181818	0.8354430379746836	0.5945945945945946	0.40540540540540543		unresolved	low_target_coverage
vae_candidate_000299	vae_candidate_000317	121	116	163.5	146	91	51	0.5604395604395604	0.7520661157024794	0.7844827586206896	0.4214876033057851		unresolved	low_query_coverage;low_target_coverage
vae_candidate_000299	vae_candidate_000322	121	92	249.0	124	89	63	0.7078651685393258	0.7355371900826446	0.967391304347826	0.5206611570247934		unresolved	low_query_coverage
vae_candidate_000299	vae_candidate_000368	121	116	280.0	127	110	66	0.6	0.9090909090909091	0.9482758620689655	0.5454545454545454	0.4545454545454546	resolved	
vae_candidate_000299	vae_candidate_000372	121	103	202.0	134	90	57	0.6333333333333333	0.743801652892562	0.8737864077669902	0.47107438016528924		unresolved	low_query_coverage
vae_candidate_000299	vae_candidate_000381	121	83	216.5	121	83	55	0.6626506024096386	0.6859504132231405	1.0	0.45454545454545453		unresolved	low_query_coverage
vae_candidate_000299	vae_candidate_000408	121	119	267.0	127	113	64	0.5663716814159292	0.9338842975206612	0.9495798319327731	0.5289256198347108	0.47107438016528924	resolved	
vae_candidate_000299	vae_candidate_000420	121	77	188.5	121	77	49	0.6363636363636364	0.6363636363636364	1.0	0.4049586776859504		unresolved	low_query_coverage
vae_candidate_000299	vae_candidate_000436	121	93	258.5	121	93	60	0.6451612903225806	0.768595041322314	1.0	0.49586776859504134		unresolved	low_query_coverage
vae_candidate_000299	vae_candidate_000451	121	113	204.5	143	91	58	0.6373626373626373	0.7520661157024794	0.8053097345132744	0.4793388429752066		unresolved	low_query_coverage
vae_candidate_000299	vae_candidate_000458	121	131	312.5	138	114	76	0.6666666666666666	0.9421487603305785	0.8702290076335878	0.5801526717557252	0.41984732824427484	resolved	
vae_candidate_000299	vae_candidate_000482	121	107	230.0	124	104	57	0.5480769230769231	0.859504132231405	0.9719626168224299	0.47107438016528924	0.5289256198347108	resolved	
vae_candidate_000299	vae_candidate_000484	121	74	198.0	121	74	50	0.6756756756756757	0.6115702479338843	1.0	0.4132231404958678		unresolved	low_query_coverage
vae_candidate_000299	vae_candidate_000491	121	82	264.0	121	82	62	0.7560975609756098	0.6776859504132231	1.0	0.512396694214876		unresolved	low_query_coverage
vae_candidate_000299	vae_candidate_000500	121	105	282.5	122	104	72	0.6923076923076923	0.859504132231405	0.9904761904761905	0.5950413223140496	0.4049586776859504	resolved	
vae_candidate_000299	vae_candidate_000529	121	100	230.0	127	94	60	0.6382978723404256	0.7768595041322314	0.94	0.49586776859504134		unresolved	low_query_coverage
vae_candidate_000299	vae_candidate_000569	121	112	273.0	132	101	70	0.693069306930693	0.8347107438016529	0.9017857142857143	0.5785123966942148	0.42148760330578516	resolved	
vae_candidate_000299	vae_candidate_000580	121	117	263.0	129	109	64	0.5871559633027523	0.9008264462809917	0.9316239316239316	0.5289256198347108	0.47107438016528924	resolved	
vae_candidate_000299	vae_candidate_000601	121	91	273.0	123	89	63	0.7078651685393258	0.7355371900826446	0.978021978021978	0.5206611570247934		unresolved	low_query_coverage
vae_candidate_000299	vae_candidate_000607	121	83	143.0	131	73	43	0.589041095890411	0.6033057851239669	0.8795180722891566	0.35537190082644626		unresolved	low_query_coverage
vae_candidate_000299	vae_candidate_000621	121	76	192.0	124	73	49	0.6712328767123288	0.6033057851239669	0.9605263157894737	0.4049586776859504		unresolved	low_query_coverage
vae_candidate_000299	vae_candidate_000639	121	89	210.5	125	85	50	0.5882352941176471	0.7024793388429752	0.9550561797752809	0.4132231404958678		unresolved	low_query_coverage
vae_candidate_000299	vae_candidate_000704	121	113	219.5	131	103	57	0.5533980582524272	0.8512396694214877	0.911504424778761	0.47107438016528924	0.5289256198347108	resolved	
vae_candidate_000299	vae_candidate_000718	121	112	195.5	135	98	52	0.5306122448979592	0.8099173553719008	0.875	0.4297520661157025	0.5702479338842975	resolved	
vae_candidate_000299	vae_candidate_000727	121	99	236.0	127	93	58	0.6236559139784946	0.768595041322314	0.9393939393939394	0.4793388429752066		unresolved	low_query_coverage
vae_candidate_000299	vae_candidate_000737	121	104	239.0	133	92	58	0.6304347826086957	0.7603305785123967	0.8846153846153846	0.4793388429752066		unresolved	low_query_coverage
vae_candidate_000299	vae_candidate_000758	121	96	160.0	124	93	46	0.4946236559139785	0.768595041322314	0.96875	0.38016528925619836		unresolved	low_query_coverage
vae_candidate_000299	vae_candidate_000779	121	120	194.5	130	111	57	0.5135135135135135	0.9173553719008265	0.925	0.47107438016528924	0.5289256198347108	resolved	
vae_candidate_000299	vae_candidate_000786	121	106	280.0	124	103	68	0.6601941747572816	0.8512396694214877	0.9716981132075472	0.5619834710743802	0.4380165289256198	resolved	
vae_candidate_000299	vae_candidate_000817	121	98	261.0	123	96	62	0.6458333333333334	0.7933884297520661	0.9795918367346939	0.512396694214876		unresolved	low_query_coverage
vae_candidate_000299	vae_candidate_000859	121	133	244.0	141	113	66	0.584070796460177	0.9338842975206612	0.849624060150376	0.49624060150375937	0.5037593984962406	resolved	
vae_candidate_000299	vae_candidate_000864	121	139	246.5	145	115	69	0.6	0.9504132231404959	0.8273381294964028	0.49640287769784175	0.5035971223021583	resolved	
vae_candidate_000299	vae_candidate_000884	121	134	227.0	137	118	64	0.5423728813559322	0.9752066115702479	0.8805970149253731	0.47761194029850745	0.5223880597014925	resolved	
vae_candidate_000299	vae_candidate_000896	121	122	289.5	129	114	69	0.6052631578947368	0.9421487603305785	0.9344262295081968	0.5655737704918032	0.43442622950819676	resolved	
vae_candidate_000299	vae_candidate_000909	121	105	294.0	123	103	72	0.6990291262135923	0.8512396694214877	0.9809523809523809	0.5950413223140496	0.4049586776859504	resolved	
vae_candidate_000299	vae_candidate_000952	121	111	195.5	136	96	57	0.59375	0.7933884297520661	0.8648648648648649	0.47107438016528924		unresolved	low_query_coverage
vae_candidate_000317	vae_candidate_000322	116	92	140.5	122	86	43	0.5	0.7413793103448276	0.9347826086956522	0.3706896551724138		unresolved	low_query_coverage
vae_candidate_000317	vae_candidate_000368	116	116	175.5	137	95	54	0.5684210526315789	0.8189655172413793	0.8189655172413793	0.46551724137931033	0.5344827586206897	resolved	
vae_candidate_000317	vae_candidate_000372	116	103	156.0	128	91	54	0.5934065934065934	0.7844827586206896	0.883495145631068	0.46551724137931033		unresolved	low_query_coverage
vae_candidate_000317	vae_candidate_000381	116	83	145.5	118	81	42	0.5185185185185185	0.6982758620689655	0.9759036144578314	0.3620689655172414		unresolved	low_query_coverage
vae_candidate_000317	vae_candidate_000408	116	119	142.0	140	95	47	0.49473684210526314	0.8189655172413793	0.7983193277310925	0.3949579831932773		unresolved	low_target_coverage
vae_candidate_000317	vae_candidate_000420	116	77	198.5	116	77	52	0.6753246753246753	0.6637931034482759	1.0	0.4482758620689655		unresolved	low_query_coverage
vae_candidate_000317	vae_candidate_000436	116	93	144.5	121	88	44	0.5	0.7586206896551724	0.946236559139785	0.3793103448275862		unresolved	low_query_coverage
vae_candidate_000317	vae_candidate_000451	116	113	169.5	129	100	54	0.54	0.8620689655172413	0.8849557522123894	0.46551724137931033	0.5344827586206897	resolved	
vae_candidate_000317	vae_candidate_000458	116	131	187.5	141	106	55	0.5188679245283019	0.9137931034482759	0.8091603053435115	0.4198473282442748	0.5801526717557253	resolved	
vae_candidate_000317	vae_candidate_000482	116	107	153.5	130	93	48	0.5161290322580645	0.8017241379310345	0.8691588785046729	0.41379310344827586	0.5862068965517242	resolved	
vae_candidate_000317	vae_candidate_000484	116	74	143.0	118	72	44	0.6111111111111112	0.6206896551724138	0.972972972972973	0.3793103448275862		unresolved	low_query_coverage
vae_candidate_000317	vae_candidate_000491	116	82	187.0	118	80	51	0.6375	0.6896551724137931	0.975609756097561	0.4396551724137931		unresolved	low_query_coverage
vae_candidate_000317	vae_candidate_000500	116	105	196.5	133	88	56	0.6363636363636364	0.7586206896551724	0.8380952380952381	0.4827586206896552		unresolved	low_query_coverage
vae_candidate_000317	vae_candidate_000529	116	100	179.5	117	99	50	0.5050505050505051	0.853448275862069	0.99	0.43103448275862066	0.5689655172413793	resolved	
vae_candidate_000317	vae_candidate_000569	116	112	193.5	128	100	57	0.57	0.8620689655172413	0.8928571428571429	0.49137931034482757	0.5086206896551724	resolved	
vae_candidate_000317	vae_candidate_000580	116	117	202.5	137	96	58	0.6041666666666666	0.8275862068965517	0.8205128205128205	0.49572649572649574	0.5042735042735043	resolved	
vae_candidate_000317	vae_candidate_000601	116	91	170.0	126	81	52	0.6419753086419753	0.6982758620689655	0.8901098901098901	0.4482758620689655		unresolved	low_query_coverage
vae_candidate_000317	vae_candidate_000607	116	83	81.0	132	67	34	0.5074626865671642	0.5775862068965517	0.8072289156626506	0.29310344827586204		unresolved	low_query_coverage
vae_candidate_000317	vae_candidate_000621	116	76	107.5	121	71	38	0.5352112676056338	0.6120689655172413	0.9342105263157895	0.3275862068965517		unresolved	low_query_coverage
vae_candidate_000317	vae_candidate_000639	116	89	180.0	116	89	47	0.5280898876404494	0.7672413793103449	1.0	0.4051724137931034		unresolved	low_query_coverage
vae_candidate_000317	vae_candidate_000704	116	113	180.0	129	100	50	0.5	0.8620689655172413	0.8849557522123894	0.43103448275862066	0.5689655172413793	resolved	
vae_candidate_000317	vae_candidate_000718	116	112	147.0	136	92	51	0.5543478260869565	0.7931034482758621	0.8214285714285714	0.4396551724137931		unresolved	low_query_coverage
vae_candidate_000317	vae_candidate_000727	116	99	135.0	128	87	47	0.5402298850574713	0.75	0.8787878787878788	0.4051724137931034		unresolved	low_query_coverage
vae_candidate_000317	vae_candidate_000737	116	104	170.5	120	100	50	0.5	0.8620689655172413	0.9615384615384616	0.43103448275862066	0.5689655172413793	resolved	
vae_candidate_000317	vae_candidate_000758	116	96	124.5	123	89	41	0.4606741573033708	0.7672413793103449	0.9270833333333334	0.35344827586206895		unresolved	low_query_coverage
vae_candidate_000317	vae_candidate_000779	116	120	141.5	132	104	50	0.4807692307692308	0.896551724137931	0.8666666666666667	0.4166666666666667	0.5833333333333333	resolved	
vae_candidate_000317	vae_candidate_000786	116	106	221.5	124	98	61	0.6224489795918368	0.8448275862068966	0.9245283018867925	0.5258620689655172	0.47413793103448276	resolved	
vae_candidate_000317	vae_candidate_000817	116	98	125.0	129	85	43	0.5058823529411764	0.7327586206896551	0.8673469387755102	0.3706896551724138		unresolved	low_query_coverage
vae_candidate_000317	vae_candidate_000859	116	133	151.0	158	91	50	0.5494505494505495	0.7844827586206896	0.6842105263157895	0.37593984962406013		unresolved	low_query_coverage;low_target_coverage
vae_candidate_000317	vae_candidate_000864	116	139	211.0	147	108	57	0.5277777777777778	0.9310344827586207	0.7769784172661871	0.41007194244604317		unresolved	low_target_coverage
vae_candidate_000317	vae_candidate_000884	116	134	214.0	139	111	60	0.5405405405405406	0.9568965517241379	0.8283582089552238	0.44776119402985076	0.5522388059701493	resolved	
vae_candidate_000317	vae_candidate_000896	116	122	207.5	137	101	59	0.5841584158415841	0.8706896551724138	0.8278688524590164	0.48360655737704916	0.5163934426229508	resolved	
vae_candidate_000317	vae_candidate_000909	116	105	179.5	135	86	55	0.6395348837209303	0.7413793103448276	0.819047619047619	0.47413793103448276		unresolved	low_query_coverage
vae_candidate_000317	vae_candidate_000952	116	111	137.5	127	100	47	0.47	0.8620689655172413	0.9009009009009009	0.4051724137931034	0.5948275862068966	resolved	
vae_candidate_000322	vae_candidate_000368	92	116	231.0	119	89	58	0.651685393258427	0.967391304347826	0.7672413793103449	0.5		unresolved	low_target_coverage
vae_candidate_000322	vae_candidate_000372	92	103	142.5	120	75	42	0.56	0.8152173913043478	0.7281553398058253	0.4077669902912621		unresolved	low_target_coverage
vae_candidate_000322	vae_candidate_000381	92	83	193.5	94	81	53	0.654320987654321	0.8804347826086957	0.9759036144578314	0.5760869565217391	0.42391304347826086	resolved	
vae_candidate_000322	vae_candidate_000408	92	119	243.0	121	90	58	0.6444444444444445	0.9782608695652174	0.7563025210084033	0.48739495798319327		unresolved	low_target_coverage
vae_candidate_000322	vae_candidate_000420	92	77	157.0	93	76	45	0.5921052631578947	0.8260869565217391	0.987012987012987	0.4891304347826087	0.5108695652173914	resolved	
vae_candidate_000322	vae_candidate_000436	92	93	230.0	98	87	54	0.6206896551724138	0.9456521739130435	0.9354838709677419	0.5806451612903226	0.4193548387096774	resolved	
vae_candidate_000322	vae_candidate_000451	92	113	185.0	114	91	53	0.5824175824175825	0.9891304347826086	0.8053097345132744	0.4690265486725664	0.5309734513274336	resolved	
vae_candidate_000322	vae_candidate_000458	92	131	236.0	131	92	62	0.6739130434782609	1.0	0.7022900763358778	0.4732824427480916		unresolved	low_target_coverage
vae_candidate_000322	vae_candidate_000482	92	107	216.0	109	90	51	0.5666666666666667	0.9782608695652174	0.8411214953271028	0.4766355140186916	0.5233644859813085	resolved	
vae_candidate_000322	vae_candidate_000484	92	74	194.5	92	74	50	0.6756756756756757	0.8043478260869565	1.0	0.5434782608695652	0.4565217391304348	resolved	
vae_candidate_000322	vae_candidate_000491	92	82	228.0	93	81	54	0.6666666666666666	0.8804347826086957	0.9878048780487805	0.5869565217391305	0.4130434782608695	resolved	
vae_candidate_000322	vae_candidate_000500	92	105	235.5	108	89	57	0.6404494382022472	0.967391304347826	0.8476190476190476	0.5428571428571428	0.4571428571428572	resolved	
vae_candidate_000322	vae_candidate_000529	92	100	175.0	104	88	49	0.5568181818181818	0.9565217391304348	0.88	0.49	0.51	resolved	
vae_candidate_000322	vae_candidate_000569	92	112	234.5	114	90	60	0.6666666666666666	0.9782608695652174	0.8035714285714286	0.5357142857142857	0.4642857142857143	resolved	
vae_candidate_000322	vae_candidate_000580	92	117	251.0	118	91	61	0.6703296703296703	0.9891304347826086	0.7777777777777778	0.5213675213675214		unresolved	low_target_coverage
vae_candidate_000322	vae_candidate_000601	92	91	240.0	100	83	55	0.6626506024096386	0.9021739130434783	0.9120879120879121	0.5978260869565217	0.40217391304347827	resolved	
vae_candidate_000322	vae_candidate_000607	92	83	135.5	106	69	39	0.5652173913043478	0.75	0.8313253012048193	0.42391304347826086		unresolved	low_query_coverage
vae_candidate_000322	vae_candidate_000621	92	76	191.0	95	73	48	0.6575342465753424	0.7934782608695652	0.9605263157894737	0.5217391304347826		unresolved	low_query_coverage
vae_candidate_000322	vae_candidate_000639	92	89	178.0	96	85	45	0.5294117647058824	0.9239130434782609	0.9550561797752809	0.4891304347826087	0.5108695652173914	resolved	
vae_candidate_000322	vae_candidate_000704	92	113	183.0	114	91	49	0.5384615384615384	0.9891304347826086	0.8053097345132744	0.4336283185840708	0.5663716814159292	resolved	
vae_candidate_000322	vae_candidate_000718	92	112	163.5	114	90	47	0.5222222222222223	0.9782608695652174	0.8035714285714286	0.41964285714285715	0.5803571428571428	resolved	
vae_candidate_000322	vae_candidate_000727	92	99	224.0	102	89	59	0.6629213483146067	0.967391304347826	0.898989898989899	0.5959595959595959	0.4040404040404041	resolved	
vae_candidate_000322	vae_candidate_000737	92	104	187.5	107	89	52	0.5842696629213483	0.967391304347826	0.8557692307692307	0.5	0.5	resolved	
vae_candidate_000322	vae_candidate_000758	92	96	143.5	102	86	42	0.4883720930232558	0.9347826086956522	0.8958333333333334	0.4375	0.5625	resolved	
vae_candidate_000322	vae_candidate_000779	92	120	169.0	123	89	51	0.5730337078651685	0.967391304347826	0.7416666666666667	0.425		unresolved	low_target_coverage
vae_candidate_000322	vae_candidate_000786	92	106	243.0	107	91	60	0.6593406593406593	0.9891304347826086	0.8584905660377359	0.5660377358490566	0.4339622641509434	resolved	
vae_candidate_000322	vae_candidate_000817	92	98	242.0	101	89	56	0.6292134831460674	0.967391304347826	0.9081632653061225	0.5714285714285714	0.4285714285714286	resolved	
vae_candidate_000322	vae_candidate_000859	92	133	214.0	137	88	54	0.6136363636363636	0.9565217391304348	0.6616541353383458	0.40601503759398494		unresolved	low_target_coverage
vae_candidate_000322	vae_candidate_000864	92	139	185.5	140	91	57	0.6263736263736264	0.9891304347826086	0.6546762589928058	0.41007194244604317		unresolved	low_target_coverage
vae_candidate_000322	vae_candidate_000884	92	134	152.5	140	86	52	0.6046511627906976	0.9347826086956522	0.6417910447761194	0.3880597014925373		unresolved	low_target_coverage
vae_candidate_000322	vae_candidate_000896	92	122	238.5	124	90	62	0.6888888888888889	0.9782608695652174	0.7377049180327869	0.5081967213114754		unresolved	low_target_coverage
vae_candidate_000322	vae_candidate_000909	92	105	257.5	107	90	61	0.6777777777777778	0.9782608695652174	0.8571428571428571	0.580952380952381	0.419047619047619	resolved	
vae_candidate_000322	vae_candidate_000952	92	111	170.0	116	87	50	0.5747126436781609	0.9456521739130435	0.7837837837837838	0.45045045045045046		unresolved	low_target_coverage
vae_candidate_000368	vae_candidate_000372	116	103	253.0	121	98	65	0.6632653061224489	0.8448275862068966	0.9514563106796117	0.5603448275862069	0.43965517241379315	resolved	
vae_candidate_000368	vae_candidate_000381	116	83	175.5	116	83	48	0.5783132530120482	0.7155172413793104	1.0	0.41379310344827586		unresolved	low_query_coverage
vae_candidate_000368	vae_candidate_000408	116	119	301.0	127	108	72	0.6666666666666666	0.9310344827586207	0.907563025210084	0.6050420168067226	0.39495798319327735	resolved	
vae_candidate_000368	vae_candidate_000420	116	77	162.5	117	76	46	0.6052631578947368	0.6551724137931034	0.987012987012987	0.39655172413793105		unresolved	low_query_coverage
vae_candidate_000368	vae_candidate_000436	116	93	241.5	116	93	59	0.6344086021505376	0.8017241379310345	1.0	0.5086206896551724	0.4913793103448276	resolved	
vae_candidate_000368	vae_candidate_000451	116	113	219.5	131	98	59	0.6020408163265306	0.8448275862068966	0.8672566371681416	0.5086206896551724	0.4913793103448276	resolved	
vae_candidate_000368	vae_candidate_000458	116	131	313.0	134	113	74	0.6548672566371682	0.9741379310344828	0.8625954198473282	0.5648854961832062	0.43511450381679384	resolved	
vae_candidate_000368	vae_candidate_000482	116	107	270.0	129	94	63	0.6702127659574468	0.8103448275862069	0.8785046728971962	0.5431034482758621	0.4568965517241379	resolved	
vae_candidate_000368	vae_candidate_000484	116	74	177.0	116	74	48	0.6486486486486487	0.6379310344827587	1.0	0.41379310344827586		unresolved	low_query_coverage
vae_candidate_000368	vae_candidate_000491	116	82	285.5	117	81	66	0.8148148148148148	0.6982758620689655	0.9878048780487805	0.5689655172413793		unresolved	low_query_coverage
vae_candidate_000368	vae_candidate_000500	116	105	254.5	120	101	65	0.6435643564356436	0.8706896551724138	0.9619047619047619	0.5603448275862069	0.43965517241379315	resolved	
vae_candidate_000368	vae_candidate_000529	116	100	202.0	116	100	51	0.51	0.8620689655172413	1.0	0.4396551724137931	0.5603448275862069	resolved	
vae_candidate_000368	vae_candidate_000569	116	112	257.5	130	98	67	0.6836734693877551	0.8448275862068966	0.875	0.5775862068965517	0.4224137931034483	resolved	
vae_candidate_000368	vae_candidate_000580	116	117	293.0	122	111	68	0.6126126126126126	0.9568965517241379	0.9487179487179487	0.5811965811965812	0.41880341880341876	resolved	
vae_candidate_000368	vae_candidate_000601	116	91	263.5	120	87	61	0.7011494252873564	0.75	0.9560439560439561	0.5258620689655172		unresolved	low_query_coverage
vae_candidate_000368	vae_candidate_000607	116	83	144.0	126	73	38	0.5205479452054794	0.6293103448275862	0.8795180722891566	0.3275862068965517		unresolved	low_query_coverage
vae_candidate_000368	vae_candidate_000621	116	76	193.0	118	74	49	0.6621621621621622	0.6379310344827587	0.9736842105263158	0.4224137931034483		unresolved	low_query_coverage
vae_candidate_000368	vae_candidate_000639	116	89	204.0	122	83	56	0.6746987951807228	0.7155172413793104	0.9325842696629213	0.4827586206896552		unresolved	low_query_coverage
vae_candidate_000368	vae_candidate_000704	116	113	211.0	119	110	56	0.509090909090909	0.9482758620689655	0.9734513274336283	0.4827586206896552	0.5172413793103448	resolved	
vae_candidate_000368	vae_candidate_000718	116	112	210.5	130	98	55	0.5612244897959183	0.8448275862068966	0.875	0.47413793103448276	0.5258620689655172	resolved	
vae_candidate_000368	vae_candidate_000727	116	99	262.0	117	98	64	0.6530612244897959	0.8448275862068966	0.98989898989899	0.5517241379310345	0.4482758620689655	resolved	
vae_candidate_000368	vae_candidate_000737	116	104	218.5	121	99	57	0.5757575757575758	0.853448275862069	0.9519230769230769	0.49137931034482757	0.5086206896551724	resolved	
vae_candidate_000368	vae_candidate_000758	116	96	171.5	120	92	49	0.532608695652174	0.7931034482758621	0.9583333333333334	0.4224137931034483		unresolved	low_query_coverage
vae_candidate_000368	vae_candidate_000779	116	120	202.0	134	102	63	0.6176470588235294	0.8793103448275862	0.85	0.525	0.475	resolved	
vae_candidate_000368	vae_candidate_000786	116	106	247.0	127	95	61	0.6421052631578947	0.8189655172413793	0.8962264150943396	0.5258620689655172	0.47413793103448276	resolved	
vae_candidate_000368	vae_candidate_000817	116	98	227.0	132	82	56	0.6829268292682927	0.7068965517241379	0.8367346938775511	0.4827586206896552		unresolved	low_query_coverage
vae_candidate_000368	vae_candidate_000859	116	133	264.0	138	111	66	0.5945945945945946	0.9568965517241379	0.8345864661654135	0.49624060150375937	0.5037593984962406	resolved	
vae_candidate_000368	vae_candidate_000864	116	139	265.0	145	110	71	0.6454545454545455	0.9482758620689655	0.7913669064748201	0.5107913669064749		unresolved	low_target_coverage
vae_candidate_000368	vae_candidate_000884	116	134	219.0	151	99	63	0.6363636363636364	0.853448275862069	0.7388059701492538	0.4701492537313433		unresolved	low_target_coverage
vae_candidate_000368	vae_candidate_000896	116	122	294.5	132	106	71	0.6698113207547169	0.9137931034482759	0.8688524590163934	0.5819672131147541	0.4180327868852459	resolved	
vae_candidate_000368	vae_candidate_000909	116	105	292.5	120	101	71	0.7029702970297029	0.8706896551724138	0.9619047619047619	0.6120689655172413	0.3879310344827587	resolved	
vae_candidate_000368	vae_candidate_000952	116	111	223.0	132	95	69	0.7263157894736842	0.8189655172413793	0.8558558558558559	0.5948275862068966	0.4051724137931034	resolved	
vae_candidate_000372	vae_candidate_000381	103	83	174.5	103	83	41	0.4939759036144578	0.8058252427184466	1.0	0.39805825242718446	0.6019417475728155	resolved	
vae_candidate_000372	vae_candidate_000408	103	119	186.0	131	91	54	0.5934065934065934	0.883495145631068	0.7647058823529411	0.453781512605042		unresolved	low_target_coverage
vae_candidate_000372	vae_candidate_000420	103	77	149.5	105	75	42	0.56	0.7281553398058253	0.974025974025974	0.4077669902912621		unresolved	low_query_coverage
vae_candidate_000372	vae_candidate_000436	103	93	165.0	111	85	53	0.6235294117647059	0.8252427184466019	0.9139784946236559	0.5145631067961165	0.4854368932038835	resolved	
vae_candidate_000372	vae_candidate_000451	103	113	210.0	123	93	61	0.6559139784946236	0.9029126213592233	0.8230088495575221	0.5398230088495575	0.4601769911504425	resolved	
vae_candidate_000372	vae_candidate_000458	103	131	195.5	135	99	56	0.5656565656565656	0.9611650485436893	0.7557251908396947	0.42748091603053434		unresolved	low_target_coverage
vae_candidate_000372	vae_candidate_000482	103	107	220.5	118	92	60	0.6521739130434783	0.8932038834951457	0.8598130841121495	0.5607476635514018	0.4392523364485982	resolved	
vae_candidate_000372	vae_candidate_000484	103	74	165.5	103	74	43	0.581081081081081	0.7184466019417476	1.0	0.4174757281553398		unresolved	low_query_coverage
vae_candidate_000372	vae_candidate_000491	103	82	187.0	105	80	52	0.65	0.7766990291262136	0.975609756097561	0.5048543689320388		unresolved	low_query_coverage
vae_candidate_000372	vae_candidate_000500	103	105	194.5	116	92	53	0.5760869565217391	0.8932038834951457	0.8761904761904762	0.5047619047619047	0.49523809523809526	resolved	
vae_candidate_000372	vae_candidate_000529	103	100	197.0	115	88	54	0.6136363636363636	0.8543689320388349	0.88	0.5242718446601942	0.47572815533980584	resolved	
vae_candidate_000372	vae_candidate_000569	103	112	210.5	122	93	56	0.6021505376344086	0.9029126213592233	0.8303571428571429	0.5	0.5	resolved	
vae_candidate_000372	vae_candidate_000580	103	117	224.5	121	99	62	0.6262626262626263	0.9611650485436893	0.8461538461538461	0.5299145299145299	0.4700854700854701	resolved	
vae_candidate_000372	vae_candidate_000601	103	91	180.0	106	88	51	0.5795454545454546	0.8543689320388349	0.967032967032967	0.49514563106796117	0.5048543689320388	resolved	
vae_candidate_000372	vae_candidate_000607	103	83	131.0	118	68	37	0.5441176470588235	0.6601941747572816	0.8192771084337349	0.3592233009708738		unresolved	low_query_coverage
vae_candidate_000372	vae_candidate_000621	103	76	148.0	103	76	42	0.5526315789473685	0.7378640776699029	1.0	0.4077669902912621		unresolved	low_query_coverage
vae_candidate_000372	vae_candidate_000639	103	89	176.0	108	84	49	0.5833333333333334	0.8155339805825242	0.9438202247191011	0.47572815533980584	0.5242718446601942	resolved	
vae_candidate_000372	vae_candidate_000704	103	113	190.0	125	91	57	0.6263736263736264	0.883495145631068	0.8053097345132744	0.504424778761062	0.49557522123893805	resolved	
vae_candidate_000372	vae_candidate_000718	103	112	199.5	124	91	57	0.6263736263736264	0.883495145631068	0.8125	0.5089285714285714	0.4910714285714286	resolved	
vae_candidate_000372	vae_candidate_000727	103	99	179.5	107	95	48	0.5052631578947369	0.9223300970873787	0.9595959595959596	0.46601941747572817	0.5339805825242718	resolved	
vae_candidate_000372	vae_candidate_000737	103	104	215.0	112	95	55	0.5789473684210527	0.9223300970873787	0.9134615384615384	0.5288461538461539	0.47115384615384615	resolved	
vae_candidate_000372	vae_candidate_000758	103	96	135.0	111	88	42	0.4772727272727273	0.8543689320388349	0.9166666666666666	0.4077669902912621	0.5922330097087378	resolved	
vae_candidate_000372	vae_candidate_000779	103	120	197.0	137	86	62	0.7209302325581395	0.8349514563106796	0.7166666666666667	0.5166666666666667		unresolved	low_target_coverage
vae_candidate_000372	vae_candidate_000786	103	106	196.0	124	85	56	0.6588235294117647	0.8252427184466019	0.8018867924528302	0.5283018867924528	0.4716981132075472	resolved	
vae_candidate_000372	vae_candidate_000817	103	98	142.5	116	85	45	0.5294117647058824	0.8252427184466019	0.8673469387755102	0.4368932038834951	0.5631067961165048	resolved	
vae_candidate_000372	vae_candidate_000859	103	133	201.5	137	99	58	0.5858585858585859	0.9611650485436893	0.7443609022556391	0.43609022556390975		unresolved	low_target_coverage
vae_candidate_000372	vae_candidate_000864	103	139	203.0	144	98	62	0.6326530612244898	0.9514563106796117	0.7050359712230215	0.4460431654676259		unresolved	low_target_coverage
vae_candidate_000372	vae_candidate_000884	103	134	197.5	139	98	60	0.6122448979591837	0.9514563106796117	0.7313432835820896	0.44776119402985076		unresolved	low_target_coverage
vae_candidate_000372	vae_candidate_000896	103	122	199.0	133	92	57	0.6195652173913043	0.8932038834951457	0.7540983606557377	0.4672131147540984		unresolved	low_target_coverage
vae_candidate_000372	vae_candidate_000909	103	105	179.0	109	99	50	0.5050505050505051	0.9611650485436893	0.9428571428571428	0.47619047619047616	0.5238095238095238	resolved	
vae_candidate_000372	vae_candidate_000952	103	111	202.0	118	96	62	0.6458333333333334	0.9320388349514563	0.8648648648648649	0.5585585585585585	0.4414414414414415	resolved	
vae_candidate_000381	vae_candidate_000408	83	119	181.0	120	82	51	0.6219512195121951	0.9879518072289156	0.6890756302521008	0.42857142857142855		unresolved	low_target_coverage
vae_candidate_000381	vae_candidate_000420	83	77	187.0	86	74	48	0.6486486486486487	0.891566265060241	0.961038961038961	0.5783132530120482	0.42168674698795183	resolved	
vae_candidate_000381	vae_candidate_000436	83	93	203.5	95	81	51	0.6296296296296297	0.9759036144578314	0.8709677419354839	0.5483870967741935	0.4516129032258065	resolved	
vae_candidate_000381	vae_candidate_000451	83	113	213.5	113	83	53	0.6385542168674698	1.0	0.7345132743362832	0.4690265486725664		unresolved	low_target_coverage
vae_candidate_000381	vae_candidate_000458	83	131	218.5	131	83	59	0.7108433734939759	1.0	0.6335877862595419	0.45038167938931295		unresolved	low_target_coverage
vae_candidate_000381	vae_candidate_000482	83	107	159.5	108	82	46	0.5609756097560976	0.9879518072289156	0.7663551401869159	0.42990654205607476		unresolved	low_target_coverage
vae_candidate_000381	vae_candidate_000484	83	74	227.0	83	74	51	0.6891891891891891	0.891566265060241	1.0	0.6144578313253012	0.3855421686746988	resolved	
vae_candidate_000381	vae_candidate_000491	83	82	200.5	85	80	48	0.6	0.963855421686747	0.975609756097561	0.5783132530120482	0.42168674698795183	resolved	
vae_candidate_000381	vae_candidate_000500	83	105	218.0	108	80	55	0.6875	0.963855421686747	0.7619047619047619	0.5238095238095238		unresolved	low_target_coverage
vae_candidate_000381	vae_candidate_000529	83	100	229.5	100	83	56	0.6746987951807228	1.0	0.83	0.56	0.43999999999999995	resolved	
vae_candidate_000381	vae_candidate_000569	83	112	201.5	113	82	54	0.6585365853658537	0.9879518072289156	0.7321428571428571	0.48214285714285715		unresolved	low_target_coverage
vae_candidate_000381	vae_candidate_000580	83	117	216.0	117	83	53	0.6385542168674698	1.0	0.7094017094017094	0.452991452991453		unresolved	low_target_coverage
vae_candidate_000381	vae_candidate_000601	83	91	202.0	91	83	47	0.5662650602409639	1.0	0.9120879120879121	0.5164835164835165	0.48351648351648346	resolved	
vae_candidate_000381	vae_candidate_000607	83	83	156.0	98	68	41	0.6029411764705882	0.8192771084337349	0.8192771084337349	0.4939759036144578	0.5060240963855422	resolved	
vae_candidate_000381	vae_candidate_000621	83	76	156.0	85	74	39	0.527027027027027	0.891566265060241	0.9736842105263158	0.46987951807228917	0.5301204819277108	resolved	
vae_candidate_000381	vae_candidate_000639	83	89	207.5	93	79	51	0.6455696202531646	0.9518072289156626	0.8876404494382022	0.5730337078651685	0.4269662921348315	resolved	
vae_candidate_000381	vae_candidate_000704	83	113	215.0	113	83	57	0.6867469879518072	1.0	0.7345132743362832	0.504424778761062		unresolved	low_target_coverage
vae_candidate_000381	vae_candidate_000718	83	112	205.5	112	83	45	0.5421686746987951	1.0	0.7410714285714286	0.4017857142857143		unresolved	low_target_coverage
vae_candidate_000381	vae_candidate_000727	83	99	170.5	99	83	47	0.5662650602409639	1.0	0.8383838383838383	0.47474747474747475	0.5252525252525253	resolved	
vae_candidate_000381	vae_candidate_000737	83	104	245.0	104	83	59	0.7108433734939759	1.0	0.7980769230769231	0.5673076923076923		unresolved	low_target_coverage
vae_candidate_000381	vae_candidate_000758	83	96	160.5	99	80	43	0.5375	0.963855421686747	0.8333333333333334	0.4479166666666667	0.5520833333333333	resolved	
vae_candidate_000381	vae_candidate_000779	83	120	171.5	120	83	50	0.6024096385542169	1.0	0.6916666666666667	0.4166666666666667		unresolved	low_target_coverage
vae_candidate_000381	vae_candidate_000786	83	106	225.0	106	83	56	0.6746987951807228	1.0	0.7830188679245284	0.5283018867924528		unresolved	low_target_coverage
vae_candidate_000381	vae_candidate_000817	83	98	200.5	100	81	50	0.6172839506172839	0.9759036144578314	0.826530612244898	0.5102040816326531	0.4897959183673469	resolved	
vae_candidate_000381	vae_candidate_000859	83	133	148.5	133	83	45	0.5421686746987951	1.0	0.6240601503759399	0.3383458646616541		unresolved	low_target_coverage
vae_candidate_000381	vae_candidate_000864	83	139	178.5	140	82	53	0.6463414634146342	0.9879518072289156	0.5899280575539568	0.381294964028777		unresolved	low_target_coverage
vae_candidate_000381	vae_candidate_000884	83	134	202.0	134	83	53	0.6385542168674698	1.0	0.6194029850746269	0.39552238805970147		unresolved	low_target_coverage
vae_candidate_000381	vae_candidate_000896	83	122	207.5	122	83	55	0.6626506024096386	1.0	0.680327868852459	0.45081967213114754		unresolved	low_target_coverage
vae_candidate_000381	vae_candidate_000909	83	105	215.5	106	82	54	0.6585365853658537	0.9879518072289156	0.780952380952381	0.5142857142857142		unresolved	low_target_coverage
vae_candidate_000381	vae_candidate_000952	83	111	162.5	114	80	49	0.6125	0.963855421686747	0.7207207207207207	0.44144144144144143		unresolved	low_target_coverage
vae_candidate_000408	vae_candidate_000420	119	77	153.0	122	74	43	0.581081081081081	0.6218487394957983	0.961038961038961	0.36134453781512604		unresolved	low_query_coverage
vae_candidate_000408	vae_candidate_000436	119	93	253.0	127	85	60	0.7058823529411765	0.7142857142857143	0.9139784946236559	0.5042016806722689		unresolved	low_query_coverage
vae_candidate_000408	vae_candidate_000451	119	113	200.5	131	101	54	0.5346534653465347	0.8487394957983193	0.8938053097345132	0.453781512605042	0.546218487394958	resolved	
vae_candidate_000408	vae_candidate_000458	119	131	290.5	138	112	69	0.6160714285714286	0.9411764705882353	0.8549618320610687	0.5267175572519084	0.4732824427480916	resolved	
vae_candidate_000408	vae_candidate_000482	119	107	218.5	120	106	56	0.5283018867924528	0.8907563025210085	0.9906542056074766	0.47058823529411764	0.5294117647058824	resolved	
vae_candidate_000408	vae_candidate_000484	119	74	185.0	120	73	47	0.6438356164383562	0.6134453781512605	0.9864864864864865	0.3949579831932773		unresolved	low_query_coverage
vae_candidate_000408	vae_candidate_000491	119	82	251.0	122	79	62	0.7848101265822784	0.6638655462184874	0.9634146341463414	0.5210084033613446		unresolved	low_query_coverage
vae_candidate_000408	vae_candidate_000500	119	105	264.0	125	99	66	0.6666666666666666	0.8319327731092437	0.9428571428571428	0.5546218487394958	0.4453781512605042	resolved	
vae_candidate_000408	vae_candidate_000529	119	100	185.5	124	95	49	0.5157894736842106	0.7983193277310925	0.95	0.4117647058823529		unresolved	low_query_coverage
vae_candidate_000408	vae_candidate_000569	119	112	256.5	125	106	60	0.5660377358490566	0.8907563025210085	0.9464285714285714	0.5042016806722689	0.4957983193277311	resolved	
vae_candidate_000408	vae_candidate_000580	119	117	283.5	121	115	65	0.5652173913043478	0.9663865546218487	0.9829059829059829	0.5462184873949579	0.45378151260504207	resolved	
vae_candidate_000408	vae_candidate_000601	119	91	257.5	123	87	60	0.6896551724137931	0.7310924369747899	0.9560439560439561	0.5042016806722689		unresolved	low_query_coverage
vae_candidate_000408	vae_candidate_000607	119	83	125.0	135	67	36	0.5373134328358209	0.5630252100840336	0.8072289156626506	0.3025210084033613		unresolved	low_query_coverage
vae_candidate_000408	vae_candidate_000621	119	76	211.0	123	72	56	0.7777777777777778	0.6050420168067226	0.9473684210526315	0.47058823529411764		unresolved	low_query_coverage
vae_candidate_000408	vae_candidate_000639	119	89	175.0	124	84	49	0.5833333333333334	0.7058823529411765	0.9438202247191011	0.4117647058823529		unresolved	low_query_coverage
vae_candidate_000408	vae_candidate_000704	119	113	196.5	134	98	56	0.5714285714285714	0.8235294117647058	0.8672566371681416	0.47058823529411764	0.5294117647058824	resolved	
vae_candidate_000408	vae_candidate_000718	119	112	179.0	139	92	53	0.5760869565217391	0.773109243697479	0.8214285714285714	0.44537815126050423		unresolved	low_query_coverage
vae_candidate_000408	vae_candidate_000727	119	99	268.0	125	93	65	0.6989247311827957	0.7815126050420168	0.9393939393939394	0.5462184873949579		unresolved	low_query_coverage
vae_candidate_000408	vae_candidate_000737	119	104	197.5	135	88	55	0.625	0.7394957983193278	0.8461538461538461	0.46218487394957986		unresolved	low_query_coverage
vae_candidate_000408	vae_candidate_000758	119	96	149.5	129	86	46	0.5348837209302325	0.7226890756302521	0.8958333333333334	0.3865546218487395		unresolved	low_query_coverage
vae_candidate_000408	vae_candidate_000779	119	120	187.0	139	100	56	0.56	0.8403361344537815	0.8333333333333334	0.4666666666666667	0.5333333333333333	resolved	
vae_candidate_000408	vae_candidate_000786	119	106	248.0	127	98	56	0.5714285714285714	0.8235294117647058	0.9245283018867925	0.47058823529411764	0.5294117647058824	resolved	
vae_candidate_000408	vae_candidate_000817	119	98	252.0	119	98	59	0.6020408163265306	0.8235294117647058	1.0	0.4957983193277311	0.5042016806722689	resolved	
vae_candidate_000408	vae_candidate_000859	119	133	240.5	139	113	68	0.6017699115044248	0.9495798319327731	0.849624060150376	0.5112781954887218	0.4887218045112782	resolved	
vae_candidate_000408	vae_candidate_000864	119	139	217.0	142	116	63	0.5431034482758621	0.9747899159663865	0.8345323741007195	0.45323741007194246	0.5467625899280575	resolved	
vae_candidate_000408	vae_candidate_000884	119	134	202.0	147	106	57	0.5377358490566038	0.8907563025210085	0.7910447761194029	0.4253731343283582		unresolved	low_target_coverage
vae_candidate_000408	vae_candidate_000896	119	122	310.0	123	118	74	0.6271186440677966	0.9915966386554622	0.9672131147540983	0.6065573770491803	0.39344262295081966	resolved	
vae_candidate_000408	vae_candidate_000909	119	105	271.0	130	94	65	0.6914893617021277	0.7899159663865546	0.8952380952380953	0.5462184873949579		unresolved	low_query_coverage
vae_candidate_000408	vae_candidate_000952	119	111	185.5	130	100	54	0.54	0.8403361344537815	0.9009009009009009	0.453781512605042	0.546218487394958	resolved	
vae_candidate_000420	vae_candidate_000436	77	93	163.5	93	77	42	0.5454545454545454	1.0	0.8279569892473119	0.45161290322580644	0.5483870967741935	resolved	
vae_candidate_000420	vae_candidate_000451	77	113	172.0	113	77	50	0.6493506493506493	1.0	0.6814159292035398	0.4424778761061947		unresolved	low_target_coverage
vae_candidate_000420	vae_candidate_000458	77	131	189.0	131	77	50	0.6493506493506493	1.0	0.5877862595419847	0.3816793893129771		unresolved	low_target_coverage
vae_candidate_000420	vae_candidate_000482	77	107	129.0	110	74	41	0.5540540540540541	0.961038961038961	0.6915887850467289	0.38317757009345793		unresolved	low_target_coverage
vae_candidate_000420	vae_candidate_000484	77	74	178.5	77	74	44	0.5945945945945946	0.961038961038961	1.0	0.5714285714285714	0.4285714285714286	resolved	
vae_candidate_000420	vae_candidate_000491	77	82	216.0	82	77	48	0.6233766233766234	1.0	0.9390243902439024	0.5853658536585366	0.41463414634146345	resolved	
vae_candidate_000420	vae_candidate_000500	77	105	197.0	109	73	53	0.726027397260274	0.948051948051948	0.6952380952380952	0.5047619047619047		unresolved	low_target_coverage
vae_candidate_000420	vae_candidate_000529	77	100	199.0	100	77	50	0.6493506493506493	1.0	0.77	0.5		unresolved	low_target_coverage
vae_candidate_000420	vae_candidate_000569	77	112	184.0	115	74	50	0.6756756756756757	0.961038961038961	0.6607142857142857	0.44642857142857145		unresolved	low_target_coverage
vae_candidate_000420	vae_candidate_000580	77	117	183.5	121	73	54	0.7397260273972602	0.948051948051948	0.6239316239316239	0.46153846153846156		unresolved	low_target_coverage
vae_candidate_000420	vae_candidate_000601	77	91	185.5	92	76	47	0.618421052631579	0.987012987012987	0.8351648351648352	0.5164835164835165	0.48351648351648346	resolved	
vae_candidate_000420	vae_candidate_000607	77	83	116.0	91	69	37	0.5362318840579711	0.8961038961038961	0.8313253012048193	0.4457831325301205	0.5542168674698795	resolved	
vae_candidate_000420	vae_candidate_000621	77	76	134.0	83	70	38	0.5428571428571428	0.9090909090909091	0.9210526315789473	0.4935064935064935	0.5064935064935066	resolved	
vae_candidate_000420	vae_candidate_000639	77	89	193.5	96	70	52	0.7428571428571429	0.9090909090909091	0.7865168539325843	0.5842696629213483		unresolved	low_target_coverage
vae_candidate_000420	vae_candidate_000704	77	113	194.5	114	76	57	0.75	0.987012987012987	0.672566371681416	0.504424778761062		unresolved	low_target_coverage
vae_candidate_000420	vae_candidate_000718	77	112	159.5	112	77	44	0.5714285714285714	1.0	0.6875	0.39285714285714285		unresolved	low_target_coverage
vae_candidate_000420	vae_candidate_000727	77	99	157.5	101	75	48	0.64	0.974025974025974	0.7575757575757576	0.48484848484848486		unresolved	low_target_coverage
vae_candidate_000420	vae_candidate_000737	77	104	179.5	104	77	50	0.6493506493506493	1.0	0.7403846153846154	0.4807692307692308		unresolved	low_target_coverage
vae_candidate_000420	vae_candidate_000758	77	96	153.5	96	77	44	0.5714285714285714	1.0	0.8020833333333334	0.4583333333333333	0.5416666666666667	resolved	
vae_candidate_000420	vae_candidate_000779	77	120	126.0	120	77	40	0.5194805194805194	1.0	0.6416666666666667	0.3333333333333333		unresolved	low_target_coverage
vae_candidate_000420	vae_candidate_000786	77	106	204.5	108	75	53	0.7066666666666667	0.974025974025974	0.7075471698113207	0.5		unresolved	low_target_coverage
vae_candidate_000420	vae_candidate_000817	77	98	147.5	102	73	41	0.5616438356164384	0.948051948051948	0.7448979591836735	0.41836734693877553		unresolved	low_target_coverage
vae_candidate_000420	vae_candidate_000859	77	133	158.0	133	77	44	0.5714285714285714	1.0	0.5789473684210527	0.3308270676691729		unresolved	low_target_coverage
vae_candidate_000420	vae_candidate_000864	77	139	182.0	140	76	54	0.7105263157894737	0.987012987012987	0.5467625899280576	0.38848920863309355		unresolved	low_target_coverage
vae_candidate_000420	vae_candidate_000884	77	134	199.5	134	77	57	0.7402597402597403	1.0	0.5746268656716418	0.4253731343283582		unresolved	low_target_coverage
vae_candidate_000420	vae_candidate_000896	77	122	217.5	122	77	53	0.6883116883116883	1.0	0.6311475409836066	0.4344262295081967		unresolved	low_target_coverage
vae_candidate_000420	vae_candidate_000909	77	105	202.5	105	77	51	0.6623376623376623	1.0	0.7333333333333333	0.4857142857142857		unresolved	low_target_coverage
vae_candidate_000420	vae_candidate_000952	77	111	125.0	116	72	41	0.5694444444444444	0.935064935064935	0.6486486486486487	0.36936936936936937		unresolved	low_target_coverage
vae_candidate_000436	vae_candidate_000451	93	113	199.5	115	91	52	0.5714285714285714	0.978494623655914	0.8053097345132744	0.46017699115044247	0.5398230088495575	resolved	
vae_candidate_000436	vae_candidate_000458	93	131	248.5	139	85	62	0.7294117647058823	0.9139784946236559	0.648854961832061	0.4732824427480916		unresolved	low_target_coverage
vae_candidate_000436	vae_candidate_000482	93	107	234.0	112	88	58	0.6590909090909091	0.946236559139785	0.822429906542056	0.5420560747663551	0.4579439252336449	resolved	
vae_candidate_000436	vae_candidate_000484	93	74	181.5	93	74	43	0.581081081081081	0.7956989247311828	1.0	0.46236559139784944		unresolved	low_query_coverage
vae_candidate_000436	vae_candidate_000491	93	82	254.0	93	82	59	0.7195121951219512	0.8817204301075269	1.0	0.6344086021505376	0.3655913978494624	resolved	
vae_candidate_000436	vae_candidate_000500	93	105	232.5	122	76	57	0.75	0.8172043010752689	0.7238095238095238	0.5428571428571428		unresolved	low_target_coverage
vae_candidate_000436	vae_candidate_000529	93	100	173.0	117	76	47	0.618421052631579	0.8172043010752689	0.76	0.47		unresolved	low_target_coverage
vae_candidate_000436	vae_candidate_000569	93	112	227.0	119	86	58	0.6744186046511628	0.9247311827956989	0.7678571428571429	0.5178571428571429		unresolved	low_target_coverage
vae_candidate_000436	vae_candidate_000580	93	117	223.5	122	88	57	0.6477272727272727	0.946236559139785	0.7521367521367521	0.48717948717948717		unresolved	low_target_coverage
vae_candidate_000436	vae_candidate_000601	93	91	243.0	96	88	55	0.625	0.946236559139785	0.967032967032967	0.5913978494623656	0.4086021505376344	resolved	
vae_candidate_000436	vae_candidate_000607	93	83	144.5	103	73	37	0.5068493150684932	0.7849462365591398	0.8795180722891566	0.3978494623655914		unresolved	low_query_coverage
vae_candidate_000436	vae_candidate_000621	93	76	221.0	96	73	55	0.7534246575342466	0.7849462365591398	0.9605263157894737	0.5913978494623656		unresolved	low_query_coverage
vae_candidate_000436	vae_candidate_000639	93	89	188.5	103	79	48	0.6075949367088608	0.8494623655913979	0.8876404494382022	0.5161290322580645	0.4838709677419355	resolved	
vae_candidate_000436	vae_candidate_000704	93	113	181.0	122	84	50	0.5952380952380952	0.9032258064516129	0.7433628318584071	0.4424778761061947		unresolved	low_target_coverage
vae_candidate_000436	vae_candidate_000718	93	112	180.5	119	86	50	0.5813953488372093	0.9247311827956989	0.7678571428571429	0.44642857142857145		unresolved	low_target_coverage
vae_candidate_000436	vae_candidate_000727	93	99	237.5	101	91	62	0.6813186813186813	0.978494623655914	0.9191919191919192	0.6262626262626263	0.3737373737373737	resolved	
vae_candidate_000436	vae_candidate_000737	93	104	210.5	109	88	55	0.625	0.946236559139785	0.8461538461538461	0.5288461538461539	0.47115384615384615	resolved	
vae_candidate_000436	vae_candidate_000758	93	96	138.0	107	82	43	0.524390243902439	0.8817204301075269	0.8541666666666666	0.4479166666666667	0.5520833333333333	resolved	
vae_candidate_000436	vae_candidate_000779	93	120	184.5	121	92	55	0.5978260869565217	0.989247311827957	0.7666666666666667	0.4583333333333333		unresolved	low_target_coverage
vae_candidate_000436	vae_candidate_000786	93	106	234.5	115	84	55	0.6547619047619048	0.9032258064516129	0.7924528301886793	0.5188679245283019		unresolved	low_target_coverage
vae_candidate_000436	vae_candidate_000817	93	98	244.0	105	86	56	0.6511627906976745	0.9247311827956989	0.8775510204081632	0.5714285714285714	0.4285714285714286	resolved	
vae_candidate_000436	vae_candidate_000859	93	133	218.0	136	90	56	0.6222222222222222	0.967741935483871	0.6766917293233082	0.42105263157894735		unresolved	low_target_coverage
vae_candidate_000436	vae_candidate_000864	93	139	187.0	143	89	54	0.6067415730337079	0.956989247311828	0.6402877697841727	0.38848920863309355		unresolved	low_target_coverage
vae_candidate_000436	vae_candidate_000884	93	134	151.5	141	86	50	0.5813953488372093	0.9247311827956989	0.6417910447761194	0.373134328358209		unresolved	low_target_coverage
vae_candidate_000436	vae_candidate_000896	93	122	247.0	125	90	64	0.7111111111111111	0.967741935483871	0.7377049180327869	0.5245901639344263		unresolved	low_target_coverage
vae_candidate_000436	vae_candidate_000909	93	105	267.5	107	91	61	0.6703296703296703	0.978494623655914	0.8666666666666667	0.580952380952381	0.419047619047619	resolved	
vae_candidate_000436	vae_candidate_000952	93	111	168.5	121	83	55	0.6626506024096386	0.8924731182795699	0.7477477477477478	0.4954954954954955		unresolved	low_target_coverage
vae_candidate_000451	vae_candidate_000458	113	131	234.5	139	105	63	0.6	0.9292035398230089	0.8015267175572519	0.48091603053435117	0.5190839694656488	resolved	
vae_candidate_000451	vae_candidate_000482	113	107	178.0	121	99	51	0.5151515151515151	0.8761061946902655	0.9252336448598131	0.45132743362831856	0.5486725663716814	resolved	
vae_candidate_000451	vae_candidate_000484	113	74	208.0	113	74	52	0.7027027027027027	0.6548672566371682	1.0	0.46017699115044247		unresolved	low_query_coverage
vae_candidate_000451	vae_candidate_000491	113	82	177.5	116	79	48	0.6075949367088608	0.6991150442477876	0.9634146341463414	0.4247787610619469		unresolved	low_query_coverage
vae_candidate_000451	vae_candidate_000500	113	105	231.0	124	94	59	0.6276595744680851	0.831858407079646	0.8952380952380953	0.5221238938053098	0.47787610619469023	resolved	
vae_candidate_000451	vae_candidate_000529	113	100	246.5	115	98	60	0.6122448979591837	0.8672566371681416	0.98	0.5309734513274337	0.4690265486725663	resolved	
vae_candidate_000451	vae_candidate_000569	113	112	229.5	126	99	63	0.6363636363636364	0.8761061946902655	0.8839285714285714	0.5575221238938053	0.4424778761061947	resolved	
vae_candidate_000451	vae_candidate_000580	113	117	241.0	131	99	66	0.6666666666666666	0.8761061946902655	0.8461538461538461	0.5641025641025641	0.4358974358974359	resolved	
vae_candidate_000451	vae_candidate_000601	113	91	192.5	117	87	49	0.5632183908045977	0.7699115044247787	0.9560439560439561	0.4336283185840708		unresolved	low_query_coverage
vae_candidate_000451	vae_candidate_000607	113	83	175.0	129	67	47	0.7014925373134329	0.5929203539823009	0.8072289156626506	0.415929203539823		unresolved	low_query_coverage
vae_candidate_000451	vae_candidate_000621	113	76	142.0	116	73	39	0.5342465753424658	0.6460176991150443	0.9605263157894737	0.34513274336283184		unresolved	low_query_coverage
vae_candidate_000451	vae_candidate_000639	113	89	200.0	117	85	57	0.6705882352941176	0.7522123893805309	0.9550561797752809	0.504424778761062		unresolved	low_query_coverage
vae_candidate_000451	vae_candidate_000704	113	113	210.0	128	98	58	0.5918367346938775	0.8672566371681416	0.8672566371681416	0.5132743362831859	0.48672566371681414	resolved	
vae_candidate_000451	vae_candidate_000718	113	112	220.0	133	92	57	0.6195652173913043	0.8141592920353983	0.8214285714285714	0.504424778761062	0.49557522123893805	resolved	
vae_candidate_000451	vae_candidate_000727	113	99	159.0	119	93	48	0.5161290322580645	0.8230088495575221	0.9393939393939394	0.4247787610619469	0.5752212389380531	resolved	
vae_candidate_000451	vae_candidate_000737	113	104	287.5	114	103	70	0.6796116504854369	0.911504424778761	0.9903846153846154	0.6194690265486725	0.38053097345132747	resolved	
vae_candidate_000451	vae_candidate_000758	113	96	163.5	119	90	49	0.5444444444444444	0.7964601769911505	0.9375	0.4336283185840708		unresolved	low_query_coverage
vae_candidate_000451	vae_candidate_000779	113	120	178.0	129	104	52	0.5	0.9203539823008849	0.8666666666666667	0.43333333333333335	0.5666666666666667	resolved	
vae_candidate_000451	vae_candidate_000786	113	106	207.5	115	104	58	0.5576923076923077	0.9203539823008849	0.9811320754716981	0.5132743362831859	0.48672566371681414	resolved	
vae_candidate_000451	vae_candidate_000817	113	98	193.0	113	98	50	0.5102040816326531	0.8672566371681416	1.0	0.4424778761061947	0.5575221238938053	resolved	
vae_candidate_000451	vae_candidate_000859	113	133	200.5	134	112	49	0.4375	0.9911504424778761	0.8421052631578947	0.3684210526315789	0.631578947368421	resolved	
vae_candidate_000451	vae_candidate_000864	113	139	228.0	149	103	66	0.6407766990291263	0.911504424778761	0.7410071942446043	0.4748201438848921		unresolved	low_target_coverage
vae_candidate_000451	vae_candidate_000884	113	134	260.0	144	103	71	0.6893203883495146	0.911504424778761	0.7686567164179104	0.5298507462686567		unresolved	low_target_coverage
vae_candidate_000451	vae_candidate_000896	113	122	220.5	127	108	60	0.5555555555555556	0.9557522123893806	0.8852459016393442	0.4918032786885246	0.5081967213114754	resolved	
vae_candidate_000451	vae_candidate_000909	113	105	208.0	122	96	54	0.5625	0.8495575221238938	0.9142857142857143	0.4778761061946903	0.5221238938053097	resolved	
vae_candidate_000451	vae_candidate_000952	113	111	191.0	125	99	55	0.5555555555555556	0.8761061946902655	0.8918918918918919	0.48672566371681414	0.5132743362831859	resolved	
vae_candidate_000458	vae_candidate_000482	131	107	230.5	132	106	56	0.5283018867924528	0.8091603053435115	0.9906542056074766	0.42748091603053434	0.5725190839694656	resolved	
vae_candidate_000458	vae_candidate_000484	131	74	205.0	131	74	54	0.7297297297297297	0.5648854961832062	1.0	0.4122137404580153		unresolved	low_query_coverage
vae_candidate_000458	vae_candidate_000491	131	82	276.5	131	82	63	0.7682926829268293	0.6259541984732825	1.0	0.48091603053435117		unresolved	low_query_coverage
vae_candidate_000458	vae_candidate_000500	131	105	285.5	133	103	72	0.6990291262135923	0.7862595419847328	0.9809523809523809	0.549618320610687		unresolved	low_query_coverage
vae_candidate_000458	vae_candidate_000529	131	100	216.0	133	98	55	0.5612244897959183	0.7480916030534351	0.98	0.4198473282442748		unresolved	low_query_coverage
vae_candidate_000458	vae_candidate_000569	131	112	290.0	132	111	74	0.6666666666666666	0.8473282442748091	0.9910714285714286	0.5648854961832062	0.43511450381679384	resolved	
vae_candidate_000458	vae_candidate_000580	131	117	273.5	137	111	71	0.6396396396396397	0.8473282442748091	0.9487179487179487	0.5419847328244275	0.4580152671755725	resolved	
vae_candidate_000458	vae_candidate_000601	131	91	274.0	134	88	68	0.7727272727272727	0.6717557251908397	0.967032967032967	0.5190839694656488		unresolved	low_query_coverage
vae_candidate_000458	vae_candidate_000607	131	83	117.0	144	70	39	0.5571428571428572	0.5343511450381679	0.8433734939759037	0.29770992366412213		unresolved	low_query_coverage
vae_candidate_000458	vae_candidate_000621	131	76	193.5	134	73	53	0.726027397260274	0.5572519083969466	0.9605263157894737	0.40458015267175573		unresolved	low_query_coverage
vae_candidate_000458	vae_candidate_000639	131	89	219.5	135	85	59	0.6941176470588235	0.648854961832061	0.9550561797752809	0.45038167938931295		unresolved	low_query_coverage
vae_candidate_000458	vae_candidate_000704	131	113	253.5	131	113	66	0.584070796460177	0.8625954198473282	1.0	0.5038167938931297	0.4961832061068703	resolved	
vae_candidate_000458	vae_candidate_000718	131	112	180.5	148	95	51	0.5368421052631579	0.7251908396946565	0.8482142857142857	0.3893129770992366		unresolved	low_query_coverage
vae_candidate_000458	vae_candidate_000727	131	99	260.0	134	96	66	0.6875	0.732824427480916	0.9696969696969697	0.5038167938931297		unresolved	low_query_coverage
vae_candidate_000458	vae_candidate_000737	131	104	246.0	136	99	61	0.6161616161616161	0.7557251908396947	0.9519230769230769	0.46564885496183206		unresolved	low_query_coverage
vae_candidate_000458	vae_candidate_000758	131	96	150.0	138	89	47	0.5280898876404494	0.6793893129770993	0.9270833333333334	0.35877862595419846		unresolved	low_query_coverage
vae_candidate_000458	vae_candidate_000779	131	120	178.5	148	103	60	0.5825242718446602	0.7862595419847328	0.8583333333333333	0.4580152671755725		unresolved	low_query_coverage
vae_candidate_000458	vae_candidate_000786	131	106	273.0	141	96	69	0.71875	0.732824427480916	0.9056603773584906	0.5267175572519084		unresolved	low_query_coverage
vae_candidate_000458	vae_candidate_000817	131	98	273.0	135	94	70	0.7446808510638298	0.7175572519083969	0.9591836734693877	0.5343511450381679		unresolved	low_query_coverage
vae_candidate_000458	vae_candidate_000859	131	133	246.5	151	113	57	0.504424778761062	0.8625954198473282	0.849624060150376	0.42857142857142855	0.5714285714285714	resolved	
vae_candidate_000458	vae_candidate_000864	131	139	278.0	140	130	67	0.5153846153846153	0.9923664122137404	0.935251798561151	0.48201438848920863	0.5179856115107914	resolved	
vae_candidate_000458	vae_candidate_000884	131	134	230.0	158	107	68	0.6355140186915887	0.816793893129771	0.7985074626865671	0.5074626865671642		unresolved	low_target_coverage
vae_candidate_000458	vae_candidate_000896	131	122	317.5	138	115	74	0.6434782608695652	0.8778625954198473	0.9426229508196722	0.5648854961832062	0.43511450381679384	resolved	
vae_candidate_000458	vae_candidate_000909	131	105	320.0	132	104	78	0.75	0.7938931297709924	0.9904761904761905	0.5954198473282443		unresolved	low_query_coverage
vae_candidate_000458	vae_candidate_000952	131	111	200.0	134	108	61	0.5648148148148148	0.8244274809160306	0.972972972972973	0.46564885496183206	0.5343511450381679	resolved	
vae_candidate_000482	vae_candidate_000484	107	74	158.5	107	74	43	0.581081081081081	0.6915887850467289	1.0	0.40186915887850466		unresolved	low_query_coverage
vae_candidate_000482	vae_candidate_000491	107	82	218.0	109	80	54	0.675	0.7476635514018691	0.975609756097561	0.5046728971962616		unresolved	low_query_coverage
vae_candidate_000482	vae_candidate_000500	107	105	221.0	112	100	58	0.58	0.9345794392523364	0.9523809523809523	0.5420560747663551	0.4579439252336449	resolved	
vae_candidate_000482	vae_candidate_000529	107	100	157.0	120	87	41	0.47126436781609193	0.8130841121495327	0.87	0.38317757009345793	0.6168224299065421	resolved	
vae_candidate_000482	vae_candidate_000569	107	112	230.5	129	90	58	0.6444444444444445	0.8411214953271028	0.8035714285714286	0.5178571428571429	0.4821428571428571	resolved	
vae_candidate_000482	vae_candidate_000580	107	117	256.0	128	96	63	0.65625	0.897196261682243	0.8205128205128205	0.5384615384615384	0.46153846153846156	resolved	
vae_candidate_000482	vae_candidate_000601	107	91	225.0	110	88	56	0.6363636363636364	0.822429906542056	0.967032967032967	0.5233644859813084	0.47663551401869164	resolved	
vae_candidate_000482	vae_candidate_000607	107	83	118.5	124	66	40	0.6060606060606061	0.616822429906542	0.7951807228915663	0.37383177570093457		unresolved	low_query_coverage;low_target_coverage
vae_candidate_000482	vae_candidate_000621	107	76	185.5	109	74	48	0.6486486486486487	0.6915887850467289	0.9736842105263158	0.4485981308411215		unresolved	low_query_coverage
vae_candidate_000482	vae_candidate_000639	107	89	179.5	111	85	45	0.5294117647058824	0.794392523364486	0.9550561797752809	0.4205607476635514		unresolved	low_query_coverage
vae_candidate_000482	vae_candidate_000704	107	113	170.5	128	92	49	0.532608695652174	0.8598130841121495	0.8141592920353983	0.4336283185840708	0.5663716814159292	resolved	
vae_candidate_000482	vae_candidate_000718	107	112	183.5	131	88	50	0.5681818181818182	0.822429906542056	0.7857142857142857	0.44642857142857145		unresolved	low_target_coverage
vae_candidate_000482	vae_candidate_000727	107	99	235.0	112	94	58	0.6170212765957447	0.8785046728971962	0.9494949494949495	0.5420560747663551	0.4579439252336449	resolved	
vae_candidate_000482	vae_candidate_000737	107	104	183.0	121	90	49	0.5444444444444444	0.8411214953271028	0.8653846153846154	0.45794392523364486	0.5420560747663552	resolved	
vae_candidate_000482	vae_candidate_000758	107	96	149.5	120	83	50	0.6024096385542169	0.7757009345794392	0.8645833333333334	0.4672897196261682		unresolved	low_query_coverage
vae_candidate_000482	vae_candidate_000779	107	120	185.0	139	88	53	0.6022727272727273	0.822429906542056	0.7333333333333333	0.44166666666666665		unresolved	low_target_coverage
vae_candidate_000482	vae_candidate_000786	107	106	237.5	112	101	56	0.5544554455445545	0.9439252336448598	0.9528301886792453	0.5233644859813084	0.47663551401869164	resolved	
vae_candidate_000482	vae_candidate_000817	107	98	207.5	109	96	53	0.5520833333333334	0.897196261682243	0.9795918367346939	0.4953271028037383	0.5046728971962617	resolved	
vae_candidate_000482	vae_candidate_000859	107	133	215.0	134	106	59	0.5566037735849056	0.9906542056074766	0.7969924812030075	0.44360902255639095		unresolved	low_target_coverage
vae_candidate_000482	vae_candidate_000864	107	139	206.0	149	97	62	0.6391752577319587	0.9065420560747663	0.697841726618705	0.4460431654676259		unresolved	low_target_coverage
vae_candidate_000482	vae_candidate_000884	107	134	186.5	142	99	57	0.5757575757575758	0.9252336448598131	0.7388059701492538	0.4253731343283582		unresolved	low_target_coverage
vae_candidate_000482	vae_candidate_000896	107	122	222.5	147	82	58	0.7073170731707317	0.7663551401869159	0.6721311475409836	0.47540983606557374		unresolved	low_query_coverage;low_target_coverage
vae_candidate_000482	vae_candidate_000909	107	105	224.5	111	101	56	0.5544554455445545	0.9439252336448598	0.9619047619047619	0.5233644859813084	0.47663551401869164	resolved	
vae_candidate_000482	vae_candidate_000952	107	111	174.0	116	102	55	0.5392156862745098	0.9532710280373832	0.918918918918919	0.4954954954954955	0.5045045045045045	resolved	
vae_candidate_000484	vae_candidate_000491	74	82	188.0	82	74	47	0.6351351351351351	1.0	0.9024390243902439	0.573170731707317	0.426829268292683	resolved	
vae_candidate_000484	vae_candidate_000500	74	105	215.5	109	70	55	0.7857142857142857	0.9459459459459459	0.6666666666666666	0.5238095238095238		unresolved	low_target_coverage
vae_candidate_000484	vae_candidate_000529	74	100	206.5	100	74	53	0.7162162162162162	1.0	0.74	0.53		unresolved	low_target_coverage
vae_candidate_000484	vae_candidate_000569	74	112	207.5	113	73	52	0.7123287671232876	0.9864864864864865	0.6517857142857143	0.4642857142857143		unresolved	low_target_coverage
vae_candidate_000484	vae_candidate_000580	74	117	206.0	117	74	51	0.6891891891891891	1.0	0.6324786324786325	0.4358974358974359		unresolved	low_target_coverage
vae_candidate_000484	vae_candidate_000601	74	91	204.0	91	74	48	0.6486486486486487	1.0	0.8131868131868132	0.5274725274725275	0.4725274725274725	resolved	
vae_candidate_000484	vae_candidate_000607	74	83	160.5	89	68	40	0.5882352941176471	0.918918918918919	0.8192771084337349	0.4819277108433735	0.5180722891566265	resolved	
vae_candidate_000484	vae_candidate_000621	74	76	186.5	76	74	43	0.581081081081081	1.0	0.9736842105263158	0.5657894736842105	0.4342105263157895	resolved	
vae_candidate_000484	vae_candidate_000639	74	89	232.5	91	72	55	0.7638888888888888	0.972972972972973	0.8089887640449438	0.6179775280898876	0.3820224719101124	resolved	
vae_candidate_000484	vae_candidate_000704	74	113	197.0	114	73	52	0.7123287671232876	0.9864864864864865	0.6460176991150443	0.46017699115044247		unresolved	low_target_coverage
vae_candidate_000484	vae_candidate_000718	74	112	176.5	112	74	44	0.5945945945945946	1.0	0.6607142857142857	0.39285714285714285		unresolved	low_target_coverage
vae_candidate_000484	vae_candidate_000727	74	99	169.5	99	74	47	0.6351351351351351	1.0	0.7474747474747475	0.47474747474747475		unresolved	low_target_coverage
vae_candidate_000484	vae_candidate_000737	74	104	235.5	104	74	57	0.7702702702702703	1.0	0.7115384615384616	0.5480769230769231		unresolved	low_target_coverage
vae_candidate_000484	vae_candidate_000758	74	96	164.5	97	73	48	0.6575342465753424	0.9864864864864865	0.7604166666666666	0.5		unresolved	low_target_coverage
vae_candidate_000484	vae_candidate_000779	74	120	142.0	120	74	42	0.5675675675675675	1.0	0.6166666666666667	0.35		unresolved	low_target_coverage
vae_candidate_000484	vae_candidate_000786	74	106	213.0	106	74	51	0.6891891891891891	1.0	0.6981132075471698	0.4811320754716981		unresolved	low_target_coverage
vae_candidate_000484	vae_candidate_000817	74	98	193.0	100	72	50	0.6944444444444444	0.972972972972973	0.7346938775510204	0.5102040816326531		unresolved	low_target_coverage
vae_candidate_000484	vae_candidate_000859	74	133	168.5	133	74	45	0.6081081081081081	1.0	0.556390977443609	0.3383458646616541		unresolved	low_target_coverage
vae_candidate_000484	vae_candidate_000864	74	139	158.5	140	73	49	0.6712328767123288	0.9864864864864865	0.5251798561151079	0.35251798561151076		unresolved	low_target_coverage
vae_candidate_000484	vae_candidate_000884	74	134	190.0	136	72	53	0.7361111111111112	0.972972972972973	0.5373134328358209	0.39552238805970147		unresolved	low_target_coverage
vae_candidate_000484	vae_candidate_000896	74	122	187.5	122	74	52	0.7027027027027027	1.0	0.6065573770491803	0.4262295081967213		unresolved	low_target_coverage
vae_candidate_000484	vae_candidate_000909	74	105	206.5	105	74	54	0.7297297297297297	1.0	0.7047619047619048	0.5142857142857142		unresolved	low_target_coverage
vae_candidate_000484	vae_candidate_000952	74	111	152.0	114	71	47	0.6619718309859155	0.9594594594594594	0.6396396396396397	0.42342342342342343		unresolved	low_target_coverage
vae_candidate_000491	vae_candidate_000500	82	105	256.0	109	78	61	0.782051282051282	0.9512195121951219	0.7428571428571429	0.580952380952381		unresolved	low_target_coverage
vae_candidate_000491	vae_candidate_000529	82	100	218.0	100	82	53	0.6463414634146342	1.0	0.82	0.53	0.47	resolved	
vae_candidate_000491	vae_candidate_000569	82	112	232.5	115	79	60	0.759493670886076	0.9634146341463414	0.7053571428571429	0.5357142857142857		unresolved	low_target_coverage
vae_candidate_000491	vae_candidate_000580	82	117	214.5	119	80	51	0.6375	0.975609756097561	0.6837606837606838	0.4358974358974359		unresolved	low_target_coverage
vae_candidate_000491	vae_candidate_000601	82	91	257.5	92	81	59	0.7283950617283951	0.9878048780487805	0.8901098901098901	0.6483516483516484	0.3516483516483516	resolved	
vae_candidate_000491	vae_candidate_000607	82	83	138.0	96	69	37	0.5362318840579711	0.8414634146341463	0.8313253012048193	0.4457831325301205	0.5542168674698795	resolved	
vae_candidate_000491	vae_candidate_000621	82	76	209.5	85	73	52	0.7123287671232876	0.8902439024390244	0.9605263157894737	0.6341463414634146	0.36585365853658536	resolved	
vae_candidate_000491	vae_candidate_000639	82	89	200.0	96	75	53	0.7066666666666667	0.9146341463414634	0.8426966292134831	0.5955056179775281	0.4044943820224719	resolved	
vae_candidate_000491	vae_candidate_000704	82	113	187.5	114	81	52	0.6419753086419753	0.9878048780487805	0.7168141592920354	0.46017699115044247		unresolved	low_target_coverage
vae_candidate_000491	vae_candidate_000718	82	112	188.0	112	82	49	0.5975609756097561	1.0	0.7321428571428571	0.4375		unresolved	low_target_coverage
vae_candidate_000491	vae_candidate_000727	82	99	253.5	101	80	60	0.75	0.975609756097561	0.8080808080808081	0.6060606060606061	0.3939393939393939	resolved	
vae_candidate_000491	vae_candidate_000737	82	104	186.5	105	81	50	0.6172839506172839	0.9878048780487805	0.7788461538461539	0.4807692307692308		unresolved	low_target_coverage
vae_candidate_000491	vae_candidate_000758	82	96	133.5	96	82	39	0.47560975609756095	1.0	0.8541666666666666	0.40625	0.59375	resolved	
vae_candidate_000491	vae_candidate_000779	82	120	186.5	121	81	54	0.6666666666666666	0.9878048780487805	0.675	0.45		unresolved	low_target_coverage
vae_candidate_000491	vae_candidate_000786	82	106	250.5	108	80	63	0.7875	0.975609756097561	0.7547169811320755	0.5943396226415094		unresolved	low_target_coverage
vae_candidate_000491	vae_candidate_000817	82	98	231.5	102	78	55	0.7051282051282052	0.9512195121951219	0.7959183673469388	0.5612244897959183		unresolved	low_target_coverage
vae_candidate_000491	vae_candidate_000859	82	133	243.5	133	82	59	0.7195121951219512	1.0	0.6165413533834586	0.44360902255639095		unresolved	low_target_coverage
vae_candidate_000491	vae_candidate_000864	82	139	248.5	140	81	63	0.7777777777777778	0.9878048780487805	0.5827338129496403	0.45323741007194246		unresolved	low_target_coverage
vae_candidate_000491	vae_candidate_000884	82	134	185.0	140	76	52	0.6842105263157895	0.926829268292683	0.5671641791044776	0.3880597014925373		unresolved	low_target_coverage
vae_candidate_000491	vae_candidate_000896	82	122	305.5	122	82	67	0.8170731707317073	1.0	0.6721311475409836	0.5491803278688525		unresolved	low_target_coverage
vae_candidate_000491	vae_candidate_000909	82	105	288.0	105	82	66	0.8048780487804879	1.0	0.780952380952381	0.6285714285714286		unresolved	low_target_coverage
vae_candidate_000491	vae_candidate_000952	82	111	182.0	120	73	53	0.726027397260274	0.8902439024390244	0.6576576576576577	0.4774774774774775		unresolved	low_target_coverage
vae_candidate_000500	vae_candidate_000529	105	100	211.5	115	90	56	0.6222222222222222	0.8571428571428571	0.9	0.5333333333333333	0.4666666666666667	resolved	
vae_candidate_000500	vae_candidate_000569	105	112	262.0	127	90	66	0.7333333333333333	0.8571428571428571	0.8035714285714286	0.5892857142857143	0.4107142857142857	resolved	
vae_candidate_000500	vae_candidate_000580	105	117	266.5	117	105	65	0.6190476190476191	1.0	0.8974358974358975	0.5555555555555556	0.4444444444444444	resolved	
vae_candidate_000500	vae_candidate_000601	105	91	254.5	115	81	64	0.7901234567901234	0.7714285714285715	0.8901098901098901	0.6095238095238096		unresolved	low_query_coverage
vae_candidate_000500	vae_candidate_000607	105	83	131.5	122	66	37	0.5606060606060606	0.6285714285714286	0.7951807228915663	0.3523809523809524		unresolved	low_query_coverage;low_target_coverage
vae_candidate_000500	vae_candidate_000621	105	76	185.5	109	72	50	0.6944444444444444	0.6857142857142857	0.9473684210526315	0.47619047619047616		unresolved	low_query_coverage
vae_candidate_000500	vae_candidate_000639	105	89	239.0	112	82	58	0.7073170731707317	0.780952380952381	0.9213483146067416	0.5523809523809524		unresolved	low_query_coverage
vae_candidate_000500	vae_candidate_000704	105	113	216.5	113	105	53	0.5047619047619047	1.0	0.9292035398230089	0.4690265486725664	0.5309734513274336	resolved	
vae_candidate_000500	vae_candidate_000718	105	112	198.0	126	91	52	0.5714285714285714	0.8666666666666667	0.8125	0.4642857142857143	0.5357142857142857	resolved	
vae_candidate_000500	vae_candidate_000727	105	99	225.5	119	85	59	0.6941176470588235	0.8095238095238095	0.8585858585858586	0.5619047619047619	0.4380952380952381	resolved	
vae_candidate_000500	vae_candidate_000737	105	104	228.0	118	91	55	0.6043956043956044	0.8666666666666667	0.875	0.5238095238095238	0.47619047619047616	resolved	
vae_candidate_000500	vae_candidate_000758	105	96	157.0	115	86	41	0.47674418604651164	0.819047619047619	0.8958333333333334	0.3904761904761905	0.6095238095238096	resolved	
vae_candidate_000500	vae_candidate_000779	105	120	174.5	136	89	54	0.6067415730337079	0.8476190476190476	0.7416666666666667	0.45		unresolved	low_target_coverage
vae_candidate_000500	vae_candidate_000786	105	106	269.0	109	102	63	0.6176470588235294	0.9714285714285714	0.9622641509433962	0.5943396226415094	0.4056603773584906	resolved	
vae_candidate_000500	vae_candidate_000817	105	98	253.5	118	85	60	0.7058823529411765	0.8095238095238095	0.8673469387755102	0.5714285714285714	0.4285714285714286	resolved	
vae_candidate_000500	vae_candidate_000859	105	133	248.0	137	101	65	0.6435643564356436	0.9619047619047619	0.7593984962406015	0.48872180451127817		unresolved	low_target_coverage
vae_candidate_000500	vae_candidate_000864	105	139	242.0	140	104	64	0.6153846153846154	0.9904761904761905	0.7482014388489209	0.460431654676259		unresolved	low_target_coverage
vae_candidate_000500	vae_candidate_000884	105	134	221.5	136	103	65	0.6310679611650486	0.9809523809523809	0.7686567164179104	0.48507462686567165		unresolved	low_target_coverage
vae_candidate_000500	vae_candidate_000896	105	122	266.5	127	100	68	0.68	0.9523809523809523	0.819672131147541	0.5573770491803278	0.4426229508196722	resolved	
vae_candidate_000500	vae_candidate_000909	105	105	260.5	116	94	68	0.723404255319149	0.8952380952380953	0.8952380952380953	0.6476190476190476	0.35238095238095235	resolved	
vae_candidate_000500	vae_candidate_000952	105	111	205.5	123	93	58	0.6236559139784946	0.8857142857142857	0.8378378378378378	0.5225225225225225	0.4774774774774775	resolved	
vae_candidate_000529	vae_candidate_000569	100	112	223.5	118	94	58	0.6170212765957447	0.94	0.8392857142857143	0.5178571428571429	0.4821428571428571	resolved	
vae_candidate_000529	vae_candidate_000580	100	117	227.5	125	92	61	0.6630434782608695	0.92	0.7863247863247863	0.5213675213675214		unresolved	low_target_coverage
vae_candidate_000529	vae_candidate_000601	100	91	190.5	100	91	46	0.5054945054945055	0.91	1.0	0.46	0.54	resolved	
vae_candidate_000529	vae_candidate_000607	100	83	163.0	112	71	42	0.5915492957746479	0.71	0.8554216867469879	0.42		unresolved	low_query_coverage
vae_candidate_000529	vae_candidate_000621	100	76	139.5	102	74	40	0.5405405405405406	0.74	0.9736842105263158	0.4		unresolved	low_query_coverage
vae_candidate_000529	vae_candidate_000639	100	89	204.5	104	85	49	0.5764705882352941	0.85	0.9550561797752809	0.49	0.51	resolved	
vae_candidate_000529	vae_candidate_000704	100	113	206.0	115	98	54	0.5510204081632653	0.98	0.8672566371681416	0.4778761061946903	0.5221238938053097	resolved	
vae_candidate_000529	vae_candidate_000718	100	112	250.5	116	96	58	0.6041666666666666	0.96	0.8571428571428571	0.5178571428571429	0.4821428571428571	resolved	
vae_candidate_000529	vae_candidate_000727	100	99	176.5	107	92	47	0.5108695652173914	0.92	0.9292929292929293	0.47	0.53	resolved	
vae_candidate_000529	vae_candidate_000737	100	104	257.5	107	97	62	0.6391752577319587	0.97	0.9326923076923077	0.5961538461538461	0.40384615384615385	resolved	
vae_candidate_000529	vae_candidate_000758	100	96	168.0	105	91	40	0.43956043956043955	0.91	0.9479166666666666	0.4	0.6	resolved	
vae_candidate_000529	vae_candidate_000779	100	120	201.5	122	98	55	0.5612244897959183	0.98	0.8166666666666667	0.4583333333333333	0.5416666666666667	resolved	
vae_candidate_000529	vae_candidate_000786	100	106	202.5	109	97	54	0.5567010309278351	0.97	0.9150943396226415	0.5094339622641509	0.49056603773584906	resolved	
vae_candidate_000529	vae_candidate_000817	100	98	171.5	109	89	46	0.5168539325842697	0.89	0.9081632653061225	0.46	0.54	resolved	
vae_candidate_000529	vae_candidate_000859	100	133	189.5	137	96	53	0.5520833333333334	0.96	0.7218045112781954	0.39849624060150374		unresolved	low_target_coverage
vae_candidate_000529	vae_candidate_000864	100	139	221.5	141	98	61	0.6224489795918368	0.98	0.7050359712230215	0.43884892086330934		unresolved	low_target_coverage
vae_candidate_000529	vae_candidate_000884	100	134	241.5	139	95	68	0.7157894736842105	0.95	0.7089552238805971	0.5074626865671642		unresolved	low_target_coverage
vae_candidate_000529	vae_candidate_000896	100	122	228.5	124	98	57	0.5816326530612245	0.98	0.8032786885245902	0.4672131147540984	0.5327868852459017	resolved	
vae_candidate_000529	vae_candidate_000909	100	105	220.5	105	100	54	0.54	1.0	0.9523809523809523	0.5142857142857142	0.48571428571428577	resolved	
vae_candidate_000529	vae_candidate_000952	100	111	176.5	120	91	48	0.5274725274725275	0.91	0.8198198198198198	0.43243243243243246	0.5675675675675675	resolved	
vae_candidate_000569	vae_candidate_000580	112	117	291.5	119	110	71	0.6454545454545455	0.9821428571428571	0.9401709401709402	0.6068376068376068	0.3931623931623932	resolved	
vae_candidate_000569	vae_candidate_000601	112	91	252.5	116	87	64	0.735632183908046	0.7767857142857143	0.9560439560439561	0.5714285714285714		unresolved	low_query_coverage
vae_candidate_000569	vae_candidate_000607	112	83	120.0	129	66	39	0.5909090909090909	0.5892857142857143	0.7951807228915663	0.3482142857142857		unresolved	low_query_coverage;low_target_coverage
vae_candidate_000569	vae_candidate_000621	112	76	207.5	115	73	53	0.726027397260274	0.6517857142857143	0.9605263157894737	0.4732142857142857		unresolved	low_query_coverage
vae_candidate_000569	vae_candidate_000639	112	89	227.0	116	85	58	0.6823529411764706	0.7589285714285714	0.9550561797752809	0.5178571428571429		unresolved	low_query_coverage
vae_candidate_000569	vae_candidate_000704	112	113	242.0	121	104	64	0.6153846153846154	0.9285714285714286	0.9203539823008849	0.5663716814159292	0.4336283185840708	resolved	
vae_candidate_000569	vae_candidate_000718	112	112	188.0	132	92	48	0.5217391304347826	0.8214285714285714	0.8214285714285714	0.42857142857142855	0.5714285714285714	resolved	
vae_candidate_000569	vae_candidate_000727	112	99	223.0	118	93	58	0.6236559139784946	0.8303571428571429	0.9393939393939394	0.5178571428571429	0.4821428571428571	resolved	
vae_candidate_000569	vae_candidate_000737	112	104	240.0	123	93	62	0.6666666666666666	0.8303571428571429	0.8942307692307693	0.5535714285714286	0.4464285714285714	resolved	
vae_candidate_000569	vae_candidate_000758	112	96	162.0	121	87	43	0.4942528735632184	0.7767857142857143	0.90625	0.38392857142857145		unresolved	low_query_coverage
vae_candidate_000569	vae_candidate_000779	112	120	167.5	128	104	51	0.49038461538461536	0.9285714285714286	0.8666666666666667	0.425	0.575	resolved	
vae_candidate_000569	vae_candidate_000786	112	106	268.0	122	96	67	0.6979166666666666	0.8571428571428571	0.9056603773584906	0.5982142857142857	0.4017857142857143	resolved	
vae_candidate_000569	vae_candidate_000817	112	98	244.5	112	98	66	0.673469387755102	0.875	1.0	0.5892857142857143	0.4107142857142857	resolved	
vae_candidate_000569	vae_candidate_000859	112	133	231.0	143	102	65	0.6372549019607843	0.9107142857142857	0.7669172932330827	0.48872180451127817		unresolved	low_target_coverage
vae_candidate_000569	vae_candidate_000864	112	139	258.0	146	105	69	0.6571428571428571	0.9375	0.7553956834532374	0.49640287769784175		unresolved	low_target_coverage
vae_candidate_000569	vae_candidate_000884	112	134	251.0	136	110	70	0.6363636363636364	0.9821428571428571	0.8208955223880597	0.5223880597014925	0.4776119402985075	resolved	
vae_candidate_000569	vae_candidate_000896	112	122	280.5	126	108	70	0.6481481481481481	0.9642857142857143	0.8852459016393442	0.5737704918032787	0.42622950819672134	resolved	
vae_candidate_000569	vae_candidate_000909	112	105	272.0	118	99	68	0.6868686868686869	0.8839285714285714	0.9428571428571428	0.6071428571428571	0.3928571428571429	resolved	
vae_candidate_000569	vae_candidate_000952	112	111	205.5	125	98	58	0.5918367346938775	0.875	0.8828828828828829	0.5178571428571429	0.4821428571428571	resolved	
vae_candidate_000580	vae_candidate_000601	117	91	245.0	121	87	61	0.7011494252873564	0.7435897435897436	0.9560439560439561	0.5213675213675214		unresolved	low_query_coverage
vae_candidate_000580	vae_candidate_000607	117	83	134.0	132	68	35	0.5147058823529411	0.5811965811965812	0.8192771084337349	0.29914529914529914		unresolved	low_query_coverage
vae_candidate_000580	vae_candidate_000621	117	76	191.5	119	74	49	0.6621621621621622	0.6324786324786325	0.9736842105263158	0.4188034188034188		unresolved	low_query_coverage
vae_candidate_000580	vae_candidate_000639	117	89	211.5	122	84	58	0.6904761904761905	0.717948717948718	0.9438202247191011	0.49572649572649574		unresolved	low_query_coverage
vae_candidate_000580	vae_candidate_000704	117	113	248.0	125	105	65	0.6190476190476191	0.8974358974358975	0.9292035398230089	0.5555555555555556	0.4444444444444444	resolved	
vae_candidate_000580	vae_candidate_000718	117	112	199.5	136	93	53	0.5698924731182796	0.7948717948717948	0.8303571428571429	0.452991452991453		unresolved	low_query_coverage
vae_candidate_000580	vae_candidate_000727	117	99	229.0	126	90	58	0.6444444444444445	0.7692307692307693	0.9090909090909091	0.49572649572649574		unresolved	low_query_coverage
vae_candidate_000580	vae_candidate_000737	117	104	226.0	123	98	58	0.5918367346938775	0.8376068376068376	0.9423076923076923	0.49572649572649574	0.5042735042735043	resolved	
vae_candidate_000580	vae_candidate_000758	117	96	170.0	125	88	46	0.5227272727272727	0.7521367521367521	0.9166666666666666	0.39316239316239315		unresolved	low_query_coverage
vae_candidate_000580	vae_candidate_000779	117	120	200.0	136	101	58	0.5742574257425742	0.8632478632478633	0.8416666666666667	0.48333333333333334	0.5166666666666666	resolved	
vae_candidate_000580	vae_candidate_000786	117	106	268.5	125	98	65	0.6632653061224489	0.8376068376068376	0.9245283018867925	0.5555555555555556	0.4444444444444444	resolved	
vae_candidate_000580	vae_candidate_000817	117	98	228.5	125	90	60	0.6666666666666666	0.7692307692307693	0.9183673469387755	0.5128205128205128		unresolved	low_query_coverage
vae_candidate_000580	vae_candidate_000859	117	133	238.5	148	102	64	0.6274509803921569	0.8717948717948718	0.7669172932330827	0.48120300751879697		unresolved	low_target_coverage
vae_candidate_000580	vae_candidate_000864	117	139	274.5	142	114	75	0.6578947368421053	0.9743589743589743	0.8201438848920863	0.539568345323741	0.460431654676259	resolved	
vae_candidate_000580	vae_candidate_000884	117	134	242.0	140	111	66	0.5945945945945946	0.9487179487179487	0.8283582089552238	0.4925373134328358	0.5074626865671642	resolved	
vae_candidate_000580	vae_candidate_000896	117	122	275.5	130	109	68	0.6238532110091743	0.9316239316239316	0.8934426229508197	0.5573770491803278	0.4426229508196722	resolved	
vae_candidate_000580	vae_candidate_000909	117	105	251.5	120	102	59	0.5784313725490197	0.8717948717948718	0.9714285714285714	0.5042735042735043	0.49572649572649574	resolved	
vae_candidate_000580	vae_candidate_000952	117	111	208.5	123	105	59	0.5619047619047619	0.8974358974358975	0.9459459459459459	0.5042735042735043	0.49572649572649574	resolved	
vae_candidate_000601	vae_candidate_000607	91	83	160.0	103	71	41	0.5774647887323944	0.7802197802197802	0.8554216867469879	0.45054945054945056		unresolved	low_query_coverage
vae_candidate_000601	vae_candidate_000621	91	76	207.5	93	74	49	0.6621621621621622	0.8131868131868132	0.9736842105263158	0.5384615384615384	0.46153846153846156	resolved	
vae_candidate_000601	vae_candidate_000639	91	89	190.5	98	82	49	0.5975609756097561	0.9010989010989011	0.9213483146067416	0.5384615384615384	0.46153846153846156	resolved	
vae_candidate_000601	vae_candidate_000704	91	113	179.0	118	86	51	0.5930232558139535	0.945054945054945	0.7610619469026548	0.45132743362831856		unresolved	low_target_coverage
vae_candidate_000601	vae_candidate_000718	91	112	174.0	112	91	45	0.4945054945054945	1.0	0.8125	0.4017857142857143	0.5982142857142857	resolved	
vae_candidate_000601	vae_candidate_000727	91	99	244.0	99	91	58	0.6373626373626373	1.0	0.9191919191919192	0.5858585858585859	0.41414141414141414	resolved	
vae_candidate_000601	vae_candidate_000737	91	104	199.5	108	87	48	0.5517241379310345	0.9560439560439561	0.8365384615384616	0.46153846153846156	0.5384615384615384	resolved	
vae_candidate_000601	vae_candidate_000758	91	96	154.5	103	84	43	0.5119047619047619	0.9230769230769231	0.875	0.4479166666666667	0.5520833333333333	resolved	
vae_candidate_000601	vae_candidate_000779	91	120	165.0	127	84	48	0.5714285714285714	0.9230769230769231	0.7	0.4		unresolved	low_target_coverage
vae_candidate_000601	vae_candidate_000786	91	106	252.0	112	85	64	0.7529411764705882	0.9340659340659341	0.8018867924528302	0.6037735849056604	0.39622641509433965	resolved	
vae_candidate_000601	vae_candidate_000817	91	98	259.0	103	86	59	0.686046511627907	0.945054945054945	0.8775510204081632	0.6020408163265306	0.3979591836734694	resolved	
vae_candidate_000601	vae_candidate_000859	91	133	220.5	135	89	56	0.6292134831460674	0.978021978021978	0.6691729323308271	0.42105263157894735		unresolved	low_target_coverage
vae_candidate_000601	vae_candidate_000864	91	139	205.0	142	88	57	0.6477272727272727	0.967032967032967	0.6330935251798561	0.41007194244604317		unresolved	low_target_coverage
vae_candidate_000601	vae_candidate_000884	91	134	182.5	135	90	54	0.6	0.989010989010989	0.6716417910447762	0.40298507462686567		unresolved	low_target_coverage
vae_candidate_000601	vae_candidate_000896	91	122	276.5	124	89	65	0.7303370786516854	0.978021978021978	0.7295081967213115	0.5327868852459017		unresolved	low_target_coverage
vae_candidate_000601	vae_candidate_000909	91	105	314.0	105	91	69	0.7582417582417582	1.0	0.8666666666666667	0.6571428571428571	0.34285714285714286	resolved	
vae_candidate_000601	vae_candidate_000952	91	111	167.0	120	82	51	0.6219512195121951	0.9010989010989011	0.7387387387387387	0.4594594594594595		unresolved	low_target_coverage
vae_candidate_000607	vae_candidate_000621	83	76	141.5	93	66	41	0.6212121212121212	0.7951807228915663	0.868421052631579	0.4939759036144578		unresolved	low_query_coverage
vae_candidate_000607	vae_candidate_000639	83	89	123.0	106	66	34	0.5151515151515151	0.7951807228915663	0.7415730337078652	0.38202247191011235		unresolved	low_query_coverage;low_target_coverage
vae_candidate_000607	vae_candidate_000704	83	113	122.0	127	69	39	0.5652173913043478	0.8313253012048193	0.6106194690265486	0.34513274336283184		unresolved	low_target_coverage
vae_candidate_000607	vae_candidate_000718	83	112	178.5	119	76	47	0.618421052631579	0.9156626506024096	0.6785714285714286	0.41964285714285715		unresolved	low_target_coverage
vae_candidate_000607	vae_candidate_000727	83	99	129.0	115	67	37	0.5522388059701493	0.8072289156626506	0.6767676767676768	0.37373737373737376		unresolved	low_target_coverage
vae_candidate_000607	vae_candidate_000737	83	104	180.0	115	72	49	0.6805555555555556	0.8674698795180723	0.6923076923076923	0.47115384615384615		unresolved	low_target_coverage
vae_candidate_000607	vae_candidate_000758	83	96	151.0	103	76	40	0.5263157894736842	0.9156626506024096	0.7916666666666666	0.4166666666666667		unresolved	low_target_coverage
vae_candidate_000607	vae_candidate_000779	83	120	148.0	126	77	45	0.5844155844155844	0.927710843373494	0.6416666666666667	0.375		unresolved	low_target_coverage
vae_candidate_000607	vae_candidate_000786	83	106	130.5	121	68	36	0.5294117647058824	0.8192771084337349	0.6415094339622641	0.33962264150943394		unresolved	low_target_coverage
vae_candidate_000607	vae_candidate_000817	83	98	143.5	115	66	42	0.6363636363636364	0.7951807228915663	0.673469387755102	0.42857142857142855		unresolved	low_query_coverage;low_target_coverage
vae_candidate_000607	vae_candidate_000859	83	133	159.0	133	83	45	0.5421686746987951	1.0	0.6240601503759399	0.3383458646616541		unresolved	low_target_coverage
vae_candidate_000607	vae_candidate_000864	83	139	106.5	154	68	40	0.5882352941176471	0.8192771084337349	0.4892086330935252	0.28776978417266186		unresolved	low_target_coverage
vae_candidate_000607	vae_candidate_000884	83	134	125.5	146	71	42	0.5915492957746479	0.8554216867469879	0.5298507462686567	0.31343283582089554		unresolved	low_target_coverage
vae_candidate_000607	vae_candidate_000896	83	122	126.5	136	69	38	0.5507246376811594	0.8313253012048193	0.5655737704918032	0.3114754098360656		unresolved	low_target_coverage
vae_candidate_000607	vae_candidate_000909	83	105	145.0	118	70	42	0.6	0.8433734939759037	0.6666666666666666	0.4		unresolved	low_target_coverage
vae_candidate_000607	vae_candidate_000952	83	111	147.0	129	65	42	0.6461538461538462	0.7831325301204819	0.5855855855855856	0.3783783783783784		unresolved	low_query_coverage;low_target_coverage
vae_candidate_000621	vae_candidate_000639	76	89	154.5	93	72	42	0.5833333333333334	0.9473684210526315	0.8089887640449438	0.47191011235955055	0.5280898876404494	resolved	
vae_candidate_000621	vae_candidate_000704	76	113	140.5	116	73	43	0.589041095890411	0.9605263157894737	0.6460176991150443	0.3805309734513274		unresolved	low_target_coverage
vae_candidate_000621	vae_candidate_000718	76	112	150.0	114	74	43	0.581081081081081	0.9736842105263158	0.6607142857142857	0.38392857142857145		unresolved	low_target_coverage
vae_candidate_000621	vae_candidate_000727	76	99	187.0	101	74	52	0.7027027027027027	0.9736842105263158	0.7474747474747475	0.5252525252525253		unresolved	low_target_coverage
vae_candidate_000621	vae_candidate_000737	76	104	172.0	106	74	44	0.5945945945945946	0.9736842105263158	0.7115384615384616	0.4230769230769231		unresolved	low_target_coverage
vae_candidate_000621	vae_candidate_000758	76	96	151.5	98	74	41	0.5540540540540541	0.9736842105263158	0.7708333333333334	0.4270833333333333		unresolved	low_target_coverage
vae_candidate_000621	vae_candidate_000779	76	120	140.5	124	72	43	0.5972222222222222	0.9473684210526315	0.6	0.35833333333333334		unresolved	low_target_coverage
vae_candidate_000621	vae_candidate_000786	76	106	179.5	108	74	44	0.5945945945945946	0.9736842105263158	0.6981132075471698	0.41509433962264153		unresolved	low_target_coverage
vae_candidate_000621	vae_candidate_000817	76	98	223.5	102	72	54	0.75	0.9473684210526315	0.7346938775510204	0.5510204081632653		unresolved	low_target_coverage
vae_candidate_000621	vae_candidate_000859	76	133	174.5	136	73	51	0.6986301369863014	0.9605263157894737	0.5488721804511278	0.38345864661654133		unresolved	low_target_coverage
vae_candidate_000621	vae_candidate_000864	76	139	155.5	143	72	51	0.7083333333333334	0.9473684210526315	0.5179856115107914	0.3669064748201439		unresolved	low_target_coverage
vae_candidate_000621	vae_candidate_000884	76	134	127.5	136	74	41	0.5540540540540541	0.9736842105263158	0.5522388059701493	0.30597014925373134		unresolved	low_target_coverage
vae_candidate_000621	vae_candidate_000896	76	122	198.0	125	73	54	0.7397260273972602	0.9605263157894737	0.5983606557377049	0.4426229508196721		unresolved	low_target_coverage
vae_candidate_000621	vae_candidate_000909	76	105	215.0	107	74	54	0.7297297297297297	0.9736842105263158	0.7047619047619048	0.5142857142857142		unresolved	low_target_coverage
vae_candidate_000621	vae_candidate_000952	76	111	147.5	117	70	43	0.6142857142857143	0.9210526315789473	0.6306306306306306	0.38738738738738737		unresolved	low_target_coverage
vae_candidate_000639	vae_candidate_000704	89	113	202.5	119	83	59	0.7108433734939759	0.9325842696629213	0.7345132743362832	0.5221238938053098		unresolved	low_target_coverage
vae_candidate_000639	vae_candidate_000718	89	112	178.5	119	82	44	0.5365853658536586	0.9213483146067416	0.7321428571428571	0.39285714285714285		unresolved	low_target_coverage
vae_candidate_000639	vae_candidate_000727	89	99	179.5	107	81	52	0.6419753086419753	0.9101123595505618	0.8181818181818182	0.5252525252525253	0.4747474747474747	resolved	
vae_candidate_000639	vae_candidate_000737	89	104	231.0	108	85	56	0.6588235294117647	0.9550561797752809	0.8173076923076923	0.5384615384615384	0.46153846153846156	resolved	
vae_candidate_000639	vae_candidate_000758	89	96	151.5	107	78	45	0.5769230769230769	0.8764044943820225	0.8125	0.46875	0.53125	resolved	
vae_candidate_000639	vae_candidate_000779	89	120	145.5	124	85	44	0.5176470588235295	0.9550561797752809	0.7083333333333334	0.36666666666666664		unresolved	low_target_coverage
vae_candidate_000639	vae_candidate_000786	89	106	209.0	113	82	55	0.6707317073170732	0.9213483146067416	0.7735849056603774	0.5188679245283019		unresolved	low_target_coverage
vae_candidate_000639	vae_candidate_000817	89	98	202.5	102	85	50	0.5882352941176471	0.9550561797752809	0.8673469387755102	0.5102040816326531	0.4897959183673469	resolved	
vae_candidate_000639	vae_candidate_000859	89	133	162.0	143	79	48	0.6075949367088608	0.8876404494382022	0.5939849624060151	0.3609022556390977		unresolved	low_target_coverage
vae_candidate_000639	vae_candidate_000864	89	139	185.5	150	78	55	0.7051282051282052	0.8764044943820225	0.5611510791366906	0.39568345323741005		unresolved	low_target_coverage
vae_candidate_000639	vae_candidate_000884	89	134	213.5	138	85	58	0.6823529411764706	0.9550561797752809	0.6343283582089553	0.43283582089552236		unresolved	low_target_coverage
vae_candidate_000639	vae_candidate_000896	89	122	213.0	128	83	58	0.6987951807228916	0.9325842696629213	0.680327868852459	0.47540983606557374		unresolved	low_target_coverage
vae_candidate_000639	vae_candidate_000909	89	105	200.5	113	81	56	0.691358024691358	0.9101123595505618	0.7714285714285715	0.5333333333333333		unresolved	low_target_coverage
vae_candidate_000639	vae_candidate_000952	89	111	161.0	116	84	47	0.5595238095238095	0.9438202247191011	0.7567567567567568	0.42342342342342343		unresolved	low_target_coverage
vae_candidate_000704	vae_candidate_000718	113	112	171.5	134	91	48	0.5274725274725275	0.8053097345132744	0.8125	0.4247787610619469	0.5752212389380531	resolved	
vae_candidate_000704	vae_candidate_000727	113	99	175.0	122	90	51	0.5666666666666667	0.7964601769911505	0.9090909090909091	0.45132743362831856		unresolved	low_query_coverage
vae_candidate_000704	vae_candidate_000737	113	104	209.0	118	99	56	0.5656565656565656	0.8761061946902655	0.9519230769230769	0.49557522123893805	0.504424778761062	resolved	
vae_candidate_000704	vae_candidate_000758	113	96	143.5	124	85	43	0.5058823529411764	0.7522123893805309	0.8854166666666666	0.3805309734513274		unresolved	low_query_coverage
vae_candidate_000704	vae_candidate_000779	113	120	149.0	130	103	44	0.42718446601941745	0.911504424778761	0.8583333333333333	0.36666666666666664	0.6333333333333333	resolved	
vae_candidate_000704	vae_candidate_000786	113	106	202.5	123	96	54	0.5625	0.8495575221238938	0.9056603773584906	0.4778761061946903	0.5221238938053097	resolved	
vae_candidate_000704	vae_candidate_000817	113	98	194.5	114	97	56	0.5773195876288659	0.8584070796460177	0.9897959183673469	0.49557522123893805	0.504424778761062	resolved	
vae_candidate_000704	vae_candidate_000859	113	133	172.0	139	107	48	0.4485981308411215	0.9469026548672567	0.8045112781954887	0.3609022556390977	0.6390977443609023	resolved	
vae_candidate_000704	vae_candidate_000864	113	139	220.5	140	112	61	0.5446428571428571	0.9911504424778761	0.8057553956834532	0.43884892086330934	0.5611510791366907	resolved	
vae_candidate_000704	vae_candidate_000884	113	134	219.5	141	106	64	0.6037735849056604	0.9380530973451328	0.7910447761194029	0.47761194029850745		unresolved	low_target_coverage
vae_candidate_000704	vae_candidate_000896	113	122	225.0	133	102	65	0.6372549019607843	0.9026548672566371	0.8360655737704918	0.5327868852459017	0.4672131147540983	resolved	
vae_candidate_000704	vae_candidate_000909	113	105	215.0	116	102	57	0.5588235294117647	0.9026548672566371	0.9714285714285714	0.504424778761062	0.49557522123893805	resolved	
vae_candidate_000704	vae_candidate_000952	113	111	164.5	126	98	51	0.5204081632653061	0.8672566371681416	0.8828828828828829	0.45132743362831856	0.5486725663716814	resolved	
vae_candidate_000718	vae_candidate_000727	112	99	171.0	117	94	49	0.5212765957446809	0.8392857142857143	0.9494949494949495	0.4375	0.5625	resolved	
vae_candidate_000718	vae_candidate_000737	112	104	217.0	123	93	56	0.6021505376344086	0.8303571428571429	0.8942307692307693	0.5	0.5	resolved	
vae_candidate_000718	vae_candidate_000758	112	96	143.0	114	94	41	0.43617021276595747	0.8392857142857143	0.9791666666666666	0.36607142857142855	0.6339285714285714	resolved	
vae_candidate_000718	vae_candidate_000779	112	120	228.5	134	98	65	0.6632653061224489	0.875	0.8166666666666667	0.5416666666666666	0.45833333333333337	resolved	
vae_candidate_000718	vae_candidate_000786	112	106	188.0	125	93	51	0.5483870967741935	0.8303571428571429	0.8773584905660378	0.45535714285714285	0.5446428571428572	resolved	
vae_candidate_000718	vae_candidate_000817	112	98	150.0	119	91	37	0.4065934065934066	0.8125	0.9285714285714286	0.33035714285714285	0.6696428571428572	resolved	
vae_candidate_000718	vae_candidate_000859	112	133	175.0	142	103	54	0.5242718446601942	0.9196428571428571	0.7744360902255639	0.40601503759398494		unresolved	low_target_coverage
vae_candidate_000718	vae_candidate_000864	112	139	196.0	157	94	59	0.6276595744680851	0.8392857142857143	0.6762589928057554	0.4244604316546763		unresolved	low_target_coverage
vae_candidate_000718	vae_candidate_000884	112	134	209.5	149	97	58	0.5979381443298969	0.8660714285714286	0.7238805970149254	0.43283582089552236		unresolved	low_target_coverage
vae_candidate_000718	vae_candidate_000896	112	122	213.0	140	94	56	0.5957446808510638	0.8392857142857143	0.7704918032786885	0.45901639344262296		unresolved	low_target_coverage
vae_candidate_000718	vae_candidate_000909	112	105	177.5	121	96	47	0.4895833333333333	0.8571428571428571	0.9142857142857143	0.41964285714285715	0.5803571428571428	resolved	
vae_candidate_000718	vae_candidate_000952	112	111	168.0	133	90	50	0.5555555555555556	0.8035714285714286	0.8108108108108109	0.44642857142857145	0.5535714285714286	resolved	
vae_candidate_000727	vae_candidate_000737	99	104	169.5	105	98	47	0.47959183673469385	0.98989898989899	0.9423076923076923	0.4519230769230769	0.5480769230769231	resolved	
vae_candidate_000727	vae_candidate_000758	99	96	127.5	103	92	40	0.43478260869565216	0.9292929292929293	0.9583333333333334	0.40404040404040403	0.595959595959596	resolved	
vae_candidate_000727	vae_candidate_000779	99	120	182.5	124	95	57	0.6	0.9595959595959596	0.7916666666666666	0.475		unresolved	low_target_coverage
vae_candidate_000727	vae_candidate_000786	99	106	226.0	119	86	58	0.6744186046511628	0.8686868686868687	0.8113207547169812	0.5471698113207547	0.4528301886792453	resolved	
vae_candidate_000727	vae_candidate_000817	99	98	227.5	105	92	57	0.6195652173913043	0.9292929292929293	0.9387755102040817	0.5757575757575758	0.4242424242424242	resolved	
vae_candidate_000727	vae_candidate_000859	99	133	246.5	134	98	61	0.6224489795918368	0.98989898989899	0.7368421052631579	0.45864661654135336		unresolved	low_target_coverage
vae_candidate_000727	vae_candidate_000864	99	139	222.5	145	93	61	0.6559139784946236	0.9393939393939394	0.6690647482014388	0.43884892086330934		unresolved	low_target_coverage
vae_candidate_000727	vae_candidate_000884	99	134	174.0	147	86	56	0.6511627906976745	0.8686868686868687	0.6417910447761194	0.417910447761194		unresolved	low_target_coverage
vae_candidate_000727	vae_candidate_000896	99	122	260.0	126	95	65	0.6842105263157895	0.9595959595959596	0.7786885245901639	0.5327868852459017		unresolved	low_target_coverage
vae_candidate_000727	vae_candidate_000909	99	105	269.5	110	94	66	0.7021276595744681	0.9494949494949495	0.8952380952380953	0.6285714285714286	0.37142857142857144	resolved	
vae_candidate_000727	vae_candidate_000952	99	111	189.0	120	90	56	0.6222222222222222	0.9090909090909091	0.8108108108108109	0.5045045045045045	0.49549549549549554	resolved	
vae_candidate_000737	vae_candidate_000758	104	96	172.5	112	88	47	0.5340909090909091	0.8461538461538461	0.9166666666666666	0.4519230769230769	0.5480769230769231	resolved	
vae_candidate_000737	vae_candidate_000779	104	120	173.5	124	100	49	0.49	0.9615384615384616	0.8333333333333334	0.4083333333333333	0.5916666666666667	resolved	
vae_candidate_000737	vae_candidate_000786	104	106	220.0	110	100	55	0.55	0.9615384615384616	0.9433962264150944	0.5188679245283019	0.4811320754716981	resolved	
vae_candidate_000737	vae_candidate_000817	104	98	200.0	111	91	53	0.5824175824175825	0.875	0.9285714285714286	0.5096153846153846	0.4903846153846154	resolved	
vae_candidate_000737	vae_candidate_000859	104	133	156.5	147	90	51	0.5666666666666667	0.8653846153846154	0.6766917293233082	0.38345864661654133		unresolved	low_target_coverage
vae_candidate_000737	vae_candidate_000864	104	139	202.5	142	101	62	0.6138613861386139	0.9711538461538461	0.7266187050359713	0.4460431654676259		unresolved	low_target_coverage
vae_candidate_000737	vae_candidate_000884	104	134	262.5	140	98	69	0.7040816326530612	0.9423076923076923	0.7313432835820896	0.5149253731343284		unresolved	low_target_coverage
vae_candidate_000737	vae_candidate_000896	104	122	235.5	135	91	60	0.6593406593406593	0.875	0.7459016393442623	0.4918032786885246		unresolved	low_target_coverage
vae_candidate_000737	vae_candidate_000909	104	105	223.0	111	98	56	0.5714285714285714	0.9423076923076923	0.9333333333333333	0.5333333333333333	0.4666666666666667	resolved	
vae_candidate_000737	vae_candidate_000952	104	111	172.0	121	94	50	0.5319148936170213	0.9038461538461539	0.8468468468468469	0.45045045045045046	0.5495495495495495	resolved	
vae_candidate_000758	vae_candidate_000779	96	120	159.5	120	96	48	0.5	1.0	0.8	0.4	0.6	resolved	
vae_candidate_000758	vae_candidate_000786	96	106	171.5	114	88	48	0.5454545454545454	0.9166666666666666	0.8301886792452831	0.4528301886792453	0.5471698113207547	resolved	
vae_candidate_000758	vae_candidate_000817	96	98	172.5	111	83	49	0.5903614457831325	0.8645833333333334	0.8469387755102041	0.5	0.5	resolved	
vae_candidate_000758	vae_candidate_000859	96	133	140.5	134	95	44	0.4631578947368421	0.9895833333333334	0.7142857142857143	0.3308270676691729		unresolved	low_target_coverage
vae_candidate_000758	vae_candidate_000864	96	139	114.0	146	89	44	0.4943820224719101	0.9270833333333334	0.6402877697841727	0.31654676258992803		unresolved	low_target_coverage
vae_candidate_000758	vae_candidate_000884	96	134	150.0	138	92	50	0.5434782608695652	0.9583333333333334	0.6865671641791045	0.373134328358209		unresolved	low_target_coverage
vae_candidate_000758	vae_candidate_000896	96	122	136.5	128	90	45	0.5	0.9375	0.7377049180327869	0.36885245901639346		unresolved	low_target_coverage
vae_candidate_000758	vae_candidate_000909	96	105	153.5	111	90	44	0.4888888888888889	0.9375	0.8571428571428571	0.41904761904761906	0.5809523809523809	resolved	
vae_candidate_000758	vae_candidate_000952	96	111	136.0	123	84	45	0.5357142857142857	0.875	0.7567567567567568	0.40540540540540543		unresolved	low_target_coverage
vae_candidate_000779	vae_candidate_000786	120	106	171.5	126	100	54	0.54	0.8333333333333334	0.9433962264150944	0.45	0.55	resolved	
vae_candidate_000779	vae_candidate_000817	120	98	171.0	122	96	52	0.5416666666666666	0.8	0.9795918367346939	0.43333333333333335	0.5666666666666667	resolved	
vae_candidate_000779	vae_candidate_000859	120	133	214.0	145	108	65	0.6018518518518519	0.9	0.8120300751879699	0.48872180451127817	0.5112781954887218	resolved	
vae_candidate_000779	vae_candidate_000864	120	139	174.0	161	98	58	0.5918367346938775	0.8166666666666667	0.7050359712230215	0.4172661870503597		unresolved	low_target_coverage
vae_candidate_000779	vae_candidate_000884	120	134	169.5	160	94	53	0.5638297872340425	0.7833333333333333	0.7014925373134329	0.39552238805970147		unresolved	low_query_coverage;low_target_coverage
vae_candidate_000779	vae_candidate_000896	120	122	189.0	136	106	60	0.5660377358490566	0.8833333333333333	0.8688524590163934	0.4918032786885246	0.5081967213114754	resolved	
vae_candidate_000779	vae_candidate_000909	120	105	175.5	128	97	52	0.5360824742268041	0.8083333333333333	0.9238095238095239	0.43333333333333335	0.5666666666666667	resolved	
vae_candidate_000779	vae_candidate_000952	120	111	204.0	130	101	61	0.6039603960396039	0.8416666666666667	0.9099099099099099	0.5083333333333333	0.4916666666666667	resolved	
vae_candidate_000786	vae_candidate_000817	106	98	226.5	113	91	58	0.6373626373626373	0.8584905660377359	0.9285714285714286	0.5471698113207547	0.4528301886792453	resolved	
vae_candidate_000786	vae_candidate_000859	106	133	221.0	134	105	58	0.5523809523809524	0.9905660377358491	0.7894736842105263	0.43609022556390975		unresolved	low_target_coverage
vae_candidate_000786	vae_candidate_000864	106	139	237.0	140	105	65	0.6190476190476191	0.9905660377358491	0.7553956834532374	0.4676258992805755		unresolved	low_target_coverage
vae_candidate_000786	vae_candidate_000884	106	134	223.0	136	104	67	0.6442307692307693	0.9811320754716981	0.7761194029850746	0.5		unresolved	low_target_coverage
vae_candidate_000786	vae_candidate_000896	106	122	270.5	125	103	65	0.6310679611650486	0.9716981132075472	0.8442622950819673	0.5327868852459017	0.4672131147540983	resolved	
vae_candidate_000786	vae_candidate_000909	106	105	268.0	113	98	69	0.7040816326530612	0.9245283018867925	0.9333333333333333	0.6509433962264151	0.34905660377358494	resolved	
vae_candidate_000786	vae_candidate_000952	106	111	213.5	128	89	59	0.6629213483146067	0.839622641509434	0.8018018018018018	0.5315315315315315	0.46846846846846846	resolved	
vae_candidate_000817	vae_candidate_000859	98	133	210.0	136	95	53	0.5578947368421052	0.9693877551020408	0.7142857142857143	0.39849624060150374		unresolved	low_target_coverage
vae_candidate_000817	vae_candidate_000864	98	139	188.5	144	93	55	0.5913978494623656	0.9489795918367347	0.6690647482014388	0.39568345323741005		unresolved	low_target_coverage
vae_candidate_000817	vae_candidate_000884	98	134	181.0	140	92	58	0.6304347826086957	0.9387755102040817	0.6865671641791045	0.43283582089552236		unresolved	low_target_coverage
vae_candidate_000817	vae_candidate_000896	98	122	244.0	122	98	62	0.6326530612244898	1.0	0.8032786885245902	0.5081967213114754	0.4918032786885246	resolved	
vae_candidate_000817	vae_candidate_000909	98	105	270.0	108	95	65	0.6842105263157895	0.9693877551020408	0.9047619047619048	0.6190476190476191	0.38095238095238093	resolved	
vae_candidate_000817	vae_candidate_000952	98	111	168.5	115	94	50	0.5319148936170213	0.9591836734693877	0.8468468468468469	0.45045045045045046	0.5495495495495495	resolved	
vae_candidate_000859	vae_candidate_000864	133	139	240.5	157	115	65	0.5652173913043478	0.8646616541353384	0.8273381294964028	0.4676258992805755	0.5323741007194245	resolved	
vae_candidate_000859	vae_candidate_000884	133	134	178.5	160	107	54	0.5046728971962616	0.8045112781954887	0.7985074626865671	0.40298507462686567		unresolved	low_target_coverage
vae_candidate_000859	vae_candidate_000896	133	122	248.5	146	109	64	0.5871559633027523	0.8195488721804511	0.8934426229508197	0.48120300751879697	0.518796992481203	resolved	
vae_candidate_000859	vae_candidate_000909	133	105	250.5	134	104	64	0.6153846153846154	0.7819548872180451	0.9904761904761905	0.48120300751879697		unresolved	low_query_coverage
vae_candidate_000859	vae_candidate_000952	133	111	214.5	140	104	62	0.5961538461538461	0.7819548872180451	0.9369369369369369	0.46616541353383456		unresolved	low_query_coverage
vae_candidate_000864	vae_candidate_000884	139	134	250.5	150	123	71	0.5772357723577236	0.8848920863309353	0.917910447761194	0.5107913669064749	0.48920863309352514	resolved	
vae_candidate_000864	vae_candidate_000896	139	122	289.5	150	111	75	0.6756756756756757	0.7985611510791367	0.9098360655737705	0.539568345323741		unresolved	low_query_coverage
vae_candidate_000864	vae_candidate_000909	139	105	248.5	141	103	67	0.6504854368932039	0.7410071942446043	0.9809523809523809	0.48201438848920863		unresolved	low_query_coverage
vae_candidate_000864	vae_candidate_000952	139	111	181.5	140	110	58	0.5272727272727272	0.7913669064748201	0.990990990990991	0.4172661870503597		unresolved	low_query_coverage
vae_candidate_000884	vae_candidate_000896	134	122	247.0	147	109	65	0.5963302752293578	0.8134328358208955	0.8934426229508197	0.48507462686567165	0.5149253731343284	resolved	
vae_candidate_000884	vae_candidate_000909	134	105	232.5	141	98	64	0.6530612244897959	0.7313432835820896	0.9333333333333333	0.47761194029850745		unresolved	low_query_coverage
vae_candidate_000884	vae_candidate_000952	134	111	170.5	150	95	56	0.5894736842105263	0.7089552238805971	0.8558558558558559	0.417910447761194		unresolved	low_query_coverage
vae_candidate_000896	vae_candidate_000909	122	105	305.0	127	100	74	0.74	0.819672131147541	0.9523809523809523	0.6065573770491803	0.39344262295081966	resolved	
vae_candidate_000896	vae_candidate_000952	122	111	206.0	136	97	60	0.6185567010309279	0.7950819672131147	0.8738738738738738	0.4918032786885246		unresolved	low_query_coverage
vae_candidate_000909	vae_candidate_000952	105	111	186.5	121	95	54	0.5684210526315789	0.9047619047619048	0.8558558558558559	0.4864864864864865	0.5135135135135135	resolved	
