sequence_id	sequence_sha256	terminated_by_eos	hit_generation_cap	stop_reason	raw_token_length	length	standard_aa_only	duplicate_candidate	generation_cap_warning	low_complexity_warning	composition_outlier_checked	composition_js_divergence	composition_js_threshold	composition_outlier_warning	training_match_checked	exact_training_match	training_match_ids	reference_match_checked	exact_reference_match	reference_match_ids	hydrophobic_checked	hydrophobic_warning	hydrophobic_segments	homopolymer_checked	homopolymer_warning	homopolymer_segments	tandem_repeat_checked	tandem_repeat_warning	tandem_repeat_segments	qc_pass	qc_reasons	qc_warnings	qc_failures	pool	family_status	pf00741_status	global_query_length	global_closest_reference_id	global_closest_reference_ids	global_closest_reference_tie_count	global_target_length	global_alignment_score	global_alignment_length	global_aligned_pairs	global_identical_residues	global_identity	global_query_coverage	global_target_coverage	global_effective_identity	global_distance	global_distance_status	global_distance_reason	global_reference_count	global_resolved_reference_count	manual_review
vae_candidate_000002	84a6400a25998253960e1b4a6525a8fd85d296fe01c3107533a60fe1ae91cdf7	True	False	eos	90	89	True	False	False	False	True	0.042280620427150535	0.06381829728796116	False	True	False	[]	True	False	[]	True	False	[]	True	False	[]	True	False	[]	True				excluded	unsupported	pass	89	nat_75679c0d4db585656573	"[""nat_75679c0d4db585656573""]"	1	92	212.0	102	79	56	0.7088607594936709	0.8876404494382022	0.8586956521739131	0.6086956521739131	0.3913043478260869	resolved		346	184	True
vae_candidate_000003	47432c07ec69e6a40c297e83407158873933eb3304e55cee8c0b349bda5e6807	True	False	eos	117	116	True	False	False	False	True	0.01531141532655192	0.06381829728796116	False	True	False	[]	True	False	[]	True	False	[]	True	False	[]	True	False	[]	True				excluded	unsupported	pass	116	nat_0101bc590c89813c161a	"[""nat_0101bc590c89813c161a"", ""nat_05d62502987d9405b8af"", ""nat_4dc9c1477d3d6b181da7"", ""nat_8f3e753527c876cd94f0""]"	4	94	328.0	117	93	80	0.8602150537634409	0.8017241379310345	0.9893617021276596	0.6896551724137931	0.31034482758620685	resolved		346	102	True
vae_candidate_000004	63405740fb4dabcdb410c6b2336aaa5e9d83bc9fe5a849d43eb042fb58591c05	True	False	eos	98	97	True	False	False	False	True	0.050351939909479365	0.06381829728796116	False	True	False	[]	True	False	[]	True	False	[]	True	False	[]	True	False	[]	True				excluded	unsupported	fail	97		[]	0											unresolved	no_reliable_reference	346	0	True
vae_candidate_000005	610184726c153a1e303297f1df4fd80b864ff309610aad67032e33a0f4b6c9aa	True	False	eos	93	92	True	False	False	False	True	0.02435655055421019	0.06381829728796116	False	True	False	[]	True	False	[]	True	False	[]	True	False	[]	True	False	[]	True				excluded	unsupported	pass	92	nat_c8490949e18e771ed8c8	"[""nat_c8490949e18e771ed8c8"", ""nat_ccd25408209dd226eaf9""]"	2	94	232.5	110	76	61	0.8026315789473685	0.8260869565217391	0.8085106382978723	0.648936170212766	0.35106382978723405	resolved		346	154	True
vae_candidate_000006	33eb79fe575f5d01e2ab70ff3a0cf6a8f0d2916ac6bf65fd60bac2a92dbc0319	True	False	eos	79	78	True	False	False	False	True	0.04413016991197222	0.06381829728796116	False	True	False	[]	True	False	[]	True	False	[]	True	False	[]	True	False	[]	True				excluded	unsupported	pass	78	nat_34e09ae9d7236edc844b	"[""nat_34e09ae9d7236edc844b""]"	1	85	192.0	89	74	48	0.6486486486486487	0.9487179487179487	0.8705882352941177	0.5647058823529412	0.43529411764705883	resolved		346	137	True
vae_candidate_000007	acb0ca21c093430ec762163af6c29386bcbb7d9885decf2bd756db9e80439863	True	False	eos	55	54	True	False	False	False	True	0.19335929982427932	0.06381829728796116	True	True	False	[]	True	False	[]	True	False	[]	True	True	"[{""start"": 2, ""end"": 7, ""length"": 6, ""residue"": ""T""}, {""start"": 27, ""end"": 34, ""length"": 8, ""residue"": ""G""}]"	True	False	[]	True	composition_outlier_warning;homopolymer_warning	composition_outlier_warning;homopolymer_warning		excluded	unsupported	fail	54		[]	0											unresolved	no_reliable_reference	346	0	True
vae_candidate_000008	8a903f275ad48102db528e5e5d9fd0be294fe55afb3f576f91c8b1d9ae3a8d38	True	False	eos	113	112	True	False	False	False	True	0.04329977099141705	0.06381829728796116	False	True	False	[]	True	False	[]	True	False	[]	True	False	[]	True	False	[]	True				excluded	unsupported	fail	112	nat_9fd0842a53e077dc147a	"[""nat_9fd0842a53e077dc147a""]"	1	111	54.5	133	90	37	0.4111111111111111	0.8035714285714286	0.8108108108108109	0.33035714285714285	0.6696428571428572	resolved		346	1	True
vae_candidate_000009	196a7b1b1710b41bae60050215a212f7511aaadef9bc76f105d6d4e0c9bdcda9	True	False	eos	78	77	True	False	False	False	True	0.042648412574083874	0.06381829728796116	False	True	False	[]	True	False	[]	True	False	[]	True	False	[]	True	False	[]	True				excluded	unsupported	pass	77	nat_2dee131e85e06a8f9fdd	"[""nat_2dee131e85e06a8f9fdd""]"	1	76	152.0	89	64	37	0.578125	0.8311688311688312	0.8421052631578947	0.4805194805194805	0.5194805194805194	resolved		346	18	True
vae_candidate_000010	3d335b7733956166f1bf6e875825d4f5fd71e3220760e71cb1840a6b8ee422e8	True	False	eos	90	89	True	False	False	False	True	0.03519565836819577	0.06381829728796116	False	True	False	[]	True	False	[]	True	False	[]	True	False	[]	True	False	[]	True				excluded	unsupported	fail	89	nat_dc6aa26cbe06c32b68c2	"[""nat_dc6aa26cbe06c32b68c2""]"	1	94	96.0	101	82	41	0.5	0.9213483146067416	0.8723404255319149	0.43617021276595747	0.5638297872340425	resolved		346	180	True
vae_candidate_000011	24b09a5248405b355eb4d0b6991ba31b2f411e7b5d8bf571eca66ada82f24a35	True	False	eos	77	76	True	False	False	False	True	0.03095272747394158	0.06381829728796116	False	True	False	[]	True	False	[]	True	False	[]	True	False	[]	True	False	[]	True				excluded	unsupported	pass	76	nat_13dff233b6dfd04cb79c	"[""nat_13dff233b6dfd04cb79c"", ""nat_1ed909a554bd91f8870f"", ""nat_2a93193629740c6b70af"", ""nat_440c141d3d83ed043c33""]"	4	76	193.0	84	68	49	0.7205882352941176	0.8947368421052632	0.8947368421052632	0.6447368421052632	0.35526315789473684	resolved		346	96	True
vae_candidate_000012	2209f26349121f51c2d50683bbc79b7adb39ee0a2efe92458c2e1ef8796ccd49	True	False	eos	145	144	True	False	False	False	True	0.02023316961984231	0.06381829728796116	False	True	False	[]	True	False	[]	True	False	[]	True	False	[]	True	False	[]	True				excluded	unsupported	fail	144	nat_8bfb3056e00dc3525ee8	"[""nat_8bfb3056e00dc3525ee8""]"	1	145	252.0	168	121	70	0.5785123966942148	0.8402777777777778	0.8344827586206897	0.4827586206896552	0.5172413793103448	resolved		346	32	True
vae_candidate_000013	ff9300d2e2aef7175b58962087d76f8ea3405cf2208df6619ad6adb51165ea90	True	False	eos	168	167	True	False	False	False	True	0.04030616886892806	0.06381829728796116	False	True	False	[]	True	False	[]	True	False	[]	True	False	[]	True	False	[]	True				excluded	unsupported	pass	167	nat_82b87d3bb03732004ea1	"[""nat_82b87d3bb03732004ea1""]"	1	159	369.5	176	150	97	0.6466666666666666	0.8982035928143712	0.9433962264150944	0.5808383233532934	0.41916167664670656	resolved		346	86	True
vae_candidate_000014	bb134afc34d6066647b4fd569d5bde33baa5bfb45b52bbcbdd9b81dcc82ecc4d	True	False	eos	138	137	True	False	False	False	True	0.018715461254209063	0.06381829728796116	False	True	False	[]	True	False	[]	True	False	[]	True	False	[]	True	False	[]	True				excluded	unsupported	pass	137		[]	0											unresolved	no_reliable_reference	346	0	True
vae_candidate_000015	3bc2916e02c2a9414da1e3e8711361a2763804f0ec0cf9acf141efc580f8d86f	True	False	eos	140	139	True	False	False	False	True	0.025422015427289085	0.06381829728796116	False	True	False	[]	True	False	[]	True	False	[]	True	False	[]	True	False	[]	True				excluded	unsupported	pass	139	nat_8bfb3056e00dc3525ee8	"[""nat_8bfb3056e00dc3525ee8""]"	1	145	216.5	166	118	67	0.5677966101694916	0.8489208633093526	0.8137931034482758	0.46206896551724136	0.5379310344827586	resolved		346	89	True
vae_candidate_000016	0b5eb08f6eb332ce200c2fd9b6660662a77c6852f167a615c09a962dc0375a6d	False	True	length_cap	180	180	True	False	True	False	True	0.07926990621295985	0.06381829728796116	True	True	False	[]	True	False	[]	True	False	[]	True	False	[]	True	False	[]	True	composition_outlier_warning;generation_cap_warning	composition_outlier_warning;generation_cap_warning		excluded	unsupported	fail	180	nat_82d1db25aa951a1ad609	"[""nat_82d1db25aa951a1ad609""]"	1	159	43.5	192	147	47	0.3197278911564626	0.8166666666666667	0.9245283018867925	0.2611111111111111	0.7388888888888889	resolved		346	5	True
vae_candidate_000017	9c8ab771bfd794b1aa7ee69ee0f37530f57d5e5486e05a9672da5e3cd28c44cd	True	False	eos	96	95	True	False	False	False	True	0.04825360976372195	0.06381829728796116	False	True	False	[]	True	False	[]	True	False	[]	True	True	"[{""start"": 23, ""end"": 29, ""length"": 7, ""residue"": ""G""}]"	True	False	[]	True	homopolymer_warning	homopolymer_warning		excluded	unsupported	fail	95	nat_4d4e00d31d935ed0527d	"[""nat_4d4e00d31d935ed0527d""]"	1	95	107.5	114	76	43	0.5657894736842105	0.8	0.8	0.45263157894736844	0.5473684210526315	resolved		346	108	True
vae_candidate_000018	9903c0f8a58dfda520537020603f08a1e3bc0841c86ce6cda9c792ef6b8aecc3	True	False	eos	99	98	True	False	False	False	True	0.03830109792884931	0.06381829728796116	False	True	False	[]	True	False	[]	True	False	[]	True	False	[]	True	False	[]	True				main_supported_gvpa	supported_gvpa	pass	98	nat_0145b7d0415b25474bf7	"[""nat_0145b7d0415b25474bf7"", ""nat_168a7720be25950ce7a5"", ""nat_3e6bf91c590be6684eed"", ""nat_4f76b230eb60279eb5dd"", ""nat_9ca97034ea4d97950343"", ""nat_a9c10692b45d32f772b4"", ""nat_acb38079c01f07d0de6f"", ""nat_bf5abb4d953e0d6aaa1f"", ""nat_c0d8f1302fa41452efbc"", ""nat_c468502803b4ab5981f1"", ""nat_d5d6f3cedb33fb3328b6"", ""nat_dbd11e06d90ad48401af""]"	12	95	258.0	103	90	62	0.6888888888888889	0.9183673469387755	0.9473684210526315	0.6326530612244898	0.36734693877551017	resolved		346	159	True
vae_candidate_000019	61e1b7b4d9c8bbeaf13620a1de72d366d0d9d05983b9ea1c0889f6bbc693f8bb	True	False	eos	72	71	True	False	False	False	True	0.06971136078441709	0.06381829728796116	True	True	False	[]	True	False	[]	True	False	[]	True	False	[]	True	False	[]	True	composition_outlier_warning	composition_outlier_warning		excluded	unsupported	fail	71	nat_1ed909a554bd91f8870f	"[""nat_1ed909a554bd91f8870f""]"	1	73	4.0	84	60	19	0.31666666666666665	0.8450704225352113	0.821917808219178	0.2602739726027397	0.7397260273972603	resolved		346	18	True
vae_candidate_000021	55cbcdd2143ac3b0c8f48d84b7f3d3c6bd2088f63ca032dbd1acc5997b0b2c7c	True	False	eos	96	95	True	False	False	False	True	0.0745365628885244	0.06381829728796116	True	True	False	[]	True	False	[]	True	False	[]	True	True	"[{""start"": 7, ""end"": 15, ""length"": 9, ""residue"": ""G""}]"	True	False	[]	True	composition_outlier_warning;homopolymer_warning	composition_outlier_warning;homopolymer_warning		excluded	unsupported	fail	95	nat_fa2383cbfbff83286c61	"[""nat_fa2383cbfbff83286c61""]"	1	96	24.5	114	77	28	0.36363636363636365	0.8105263157894737	0.8020833333333334	0.2916666666666667	0.7083333333333333	resolved		346	2	True
vae_candidate_000022	5a5f5864f1c94e79295a9d04601ea627af0ffc066c1e4684e1605f4910b6bbdd	True	False	eos	142	141	True	False	False	False	True	0.05164996713497032	0.06381829728796116	False	True	False	[]	True	False	[]	True	False	[]	True	False	[]	True	False	[]	True				excluded	unsupported	fail	141	nat_101346775bd8fc719b54	"[""nat_101346775bd8fc719b54""]"	1	150	63.0	170	121	41	0.33884297520661155	0.8581560283687943	0.8066666666666666	0.2733333333333333	0.7266666666666667	resolved		346	12	True
vae_candidate_000023	227f5f85d2c1ea30fe2c2f81ec23bce8f21c213023c3c31841a36300d2234799	True	False	eos	134	133	True	False	False	False	True	0.036896639765779844	0.06381829728796116	False	True	False	[]	True	False	[]	True	False	[]	True	False	[]	True	False	[]	True				excluded	unsupported	pass	133	nat_57c2b381c8bb4035d01c	"[""nat_57c2b381c8bb4035d01c""]"	1	133	158.5	157	109	52	0.47706422018348627	0.8195488721804511	0.8195488721804511	0.39097744360902253	0.6090225563909775	resolved		346	1	True
vae_candidate_000024	1b63af6e39e9be1d0aa5db5825c7af6661efdf4146993b28e176f1e985962e8c	True	False	eos	143	142	True	False	False	False	True	0.034041604518058745	0.06381829728796116	False	True	False	[]	True	False	[]	True	False	[]	True	True	"[{""start"": 132, ""end"": 138, ""length"": 7, ""residue"": ""R""}]"	True	False	[]	True	homopolymer_warning	homopolymer_warning		excluded	unsupported	pass	142	nat_55802cc1c7918b91c298	"[""nat_55802cc1c7918b91c298""]"	1	139	351.5	146	135	81	0.6	0.9507042253521126	0.9712230215827338	0.5704225352112676	0.4295774647887324	resolved		346	120	True
vae_candidate_000025	826b8e1b9ae33fb6a5f6a3bc529102bf8ff631873ffce76f6ce8d0c277a910e4	True	False	eos	104	103	True	False	False	False	True	0.03358054254684963	0.06381829728796116	False	True	False	[]	True	False	[]	True	False	[]	True	False	[]	True	False	[]	True				excluded	unsupported	fail	103	nat_84eddb9c9ecca10afd5a	"[""nat_84eddb9c9ecca10afd5a""]"	1	99	151.5	118	84	41	0.4880952380952381	0.8155339805825242	0.8484848484848485	0.39805825242718446	0.6019417475728155	resolved		346	1	True
vae_candidate_000026	5fe8efcab91f21567b128757d6c5991e38b1a633279bb4d4253b2c5351192869	True	False	eos	126	125	True	False	False	False	True	0.03386638619797188	0.06381829728796116	False	True	False	[]	True	False	[]	True	False	[]	True	False	[]	True	False	[]	True				excluded	unsupported	fail	125	nat_8bfb3056e00dc3525ee8	"[""nat_8bfb3056e00dc3525ee8""]"	1	145	268.0	152	118	74	0.6271186440677966	0.944	0.8137931034482758	0.5103448275862069	0.4896551724137931	resolved		346	17	True
vae_candidate_000027	3f0375f4b3dc4aee1d00c8b20d4905dcb41ea55006a8d50484456911662079cd	True	False	eos	75	74	True	False	False	False	True	0.03103541623970811	0.06381829728796116	False	True	False	[]	True	False	[]	True	False	[]	True	False	[]	True	False	[]	True				excluded	unsupported	pass	74	nat_49cef355c6ba3187ae5c	"[""nat_49cef355c6ba3187ae5c""]"	1	76	250.0	80	70	54	0.7714285714285715	0.9459459459459459	0.9210526315789473	0.7105263157894737	0.2894736842105263	resolved		346	99	True
vae_candidate_000028	24df65b3d09872e03a9c1ab0952689b0946af28146612cb127f5146fc56f1786	True	False	eos	128	127	True	False	False	False	True	0.03378132842732675	0.06381829728796116	False	True	False	[]	True	False	[]	True	False	[]	True	False	[]	True	False	[]	True				excluded	unsupported	pass	127	nat_43e7561c7d05facf2895	"[""nat_43e7561c7d05facf2895""]"	1	140	181.5	155	112	58	0.5178571428571429	0.8818897637795275	0.8	0.4142857142857143	0.5857142857142856	resolved		346	10	True
vae_candidate_000030	7b6599f29821f4fc26f818b6b609f681c067638b47fa0164a89a5ae71f8f978c	True	False	eos	100	99	True	False	False	False	True	0.03418009678146153	0.06381829728796116	False	True	False	[]	True	False	[]	True	False	[]	True	False	[]	True	False	[]	True				excluded	unsupported	fail	99		[]	0											unresolved	no_reliable_reference	346	0	True
vae_candidate_000031	f27ccf550975b33eec059d426fa034dff85a85e0b929a62625b3bbddf9d79a26	True	False	eos	75	74	True	False	False	False	True	0.0523361627300771	0.06381829728796116	False	True	False	[]	True	False	[]	True	False	[]	True	False	[]	True	False	[]	True				excluded	unsupported	fail	74	nat_4a610b8daff21e476288	"[""nat_4a610b8daff21e476288"", ""nat_d9b751580230ca0e5773""]"	2	85	55.0	91	68	29	0.4264705882352941	0.918918918918919	0.8	0.3411764705882353	0.6588235294117647	resolved		346	67	True
vae_candidate_000033	fd0a65a97f33b3d0e714436d62781b63acf04ba867775752865c7f294369b2ea	True	False	eos	124	123	True	False	False	False	True	0.05568195516186458	0.06381829728796116	False	True	False	[]	True	False	[]	True	False	[]	True	False	[]	True	False	[]	True				excluded	unsupported	fail	123	nat_8d5392221648a605a7c2	"[""nat_8d5392221648a605a7c2""]"	1	134	25.0	148	109	28	0.25688073394495414	0.8861788617886179	0.8134328358208955	0.208955223880597	0.791044776119403	resolved		346	1	True
vae_candidate_000034	36662d33f08471ea31758b191a75d6473722ebfb5002258e1899528823e73149	True	False	eos	93	92	True	False	False	False	True	0.01409890524684084	0.06381829728796116	False	True	False	[]	True	False	[]	True	False	[]	True	False	[]	True	False	[]	True				main_supported_gvpa	supported_gvpa	pass	92	nat_0101bc590c89813c161a	"[""nat_0101bc590c89813c161a"", ""nat_9ca97034ea4d97950343"", ""nat_dc6aa26cbe06c32b68c2""]"	3	94	375.5	96	90	83	0.9222222222222223	0.9782608695652174	0.9574468085106383	0.8829787234042553	0.11702127659574468	resolved		346	184	True
vae_candidate_000035	2c09b2f6ce4b2ca918c815965f1d36c90b04ec1a900a04e4644541b3f1ad9a6e	True	False	eos	96	95	True	False	False	False	True	0.040349181526233124	0.06381829728796116	False	True	False	[]	True	False	[]	True	False	[]	True	False	[]	True	False	[]	True				excluded	unsupported	fail	95	nat_67dd37821af98e87666e	"[""nat_67dd37821af98e87666e""]"	1	96	226.5	105	86	57	0.6627906976744186	0.9052631578947369	0.8958333333333334	0.59375	0.40625	resolved		346	156	True
vae_candidate_000036	20ef141b558e1fc9742ce427b9de2fb2b223aca7b7a9aefff8c89a24cbcaf39b	True	False	eos	101	100	True	False	False	False	True	0.08668766484575738	0.06381829728796116	True	True	False	[]	True	False	[]	True	False	[]	True	True	"[{""start"": 69, ""end"": 77, ""length"": 9, ""residue"": ""G""}]"	True	False	[]	True	composition_outlier_warning;homopolymer_warning	composition_outlier_warning;homopolymer_warning		excluded	unsupported	fail	100	nat_461115b7000bfd74f566	"[""nat_461115b7000bfd74f566"", ""nat_a36a3359d46f89a3e9c6""]"	2	96	29.0	113	83	30	0.3614457831325301	0.83	0.8645833333333334	0.3	0.7	resolved		346	111	True
vae_candidate_000037	dcbb9e016c560cf7b18a0436e1dbaab229f8ad1eab8cb995f20d592dca291d9d	True	False	eos	64	63	True	False	False	False	True	0.03598040223932621	0.06381829728796116	False	True	False	[]	True	False	[]	True	False	[]	True	False	[]	True	False	[]	True				excluded	unsupported	pass	63	nat_25fcb1b7b6c3c6f6f29d	"[""nat_25fcb1b7b6c3c6f6f29d""]"	1	68	147.5	69	62	40	0.6451612903225806	0.9841269841269841	0.9117647058823529	0.5882352941176471	0.4117647058823529	resolved		346	45	True
vae_candidate_000038	2b615b03f06addbc70d65f130a47f9dc22844b880051f56a6b295e6c18d5af7f	True	False	eos	130	129	True	False	False	False	True	0.05493313468061916	0.06381829728796116	False	True	False	[]	True	False	[]	True	False	[]	True	False	[]	True	False	[]	True				excluded	unsupported	fail	129	nat_c7e8400b87d18c0ef7e0	"[""nat_c7e8400b87d18c0ef7e0""]"	1	152	127.0	158	123	47	0.3821138211382114	0.9534883720930233	0.8092105263157895	0.3092105263157895	0.6907894736842105	resolved		346	13	True
vae_candidate_000039	f36881fe1a088c6a58f5b3b9d119ef19814a518a5e7910936c0a00b45295f68c	True	False	eos	105	104	True	False	False	False	True	0.03911375167728097	0.06381829728796116	False	True	False	[]	True	False	[]	True	False	[]	True	False	[]	True	False	[]	True				excluded	unsupported	fail	104	nat_4a87fc740463a61b2d05	"[""nat_4a87fc740463a61b2d05"", ""nat_b28a6bed955c267791e6""]"	2	109	63.5	124	89	29	0.3258426966292135	0.8557692307692307	0.8165137614678899	0.26605504587155965	0.7339449541284404	resolved		346	6	True
vae_candidate_000040	9ed5c77bffa3ef0b1c8f8dafeb722c4c4d4bc7a46064767cfc83f1f63c7e8790	True	False	eos	169	168	True	False	False	False	True	0.025509645667142655	0.06381829728796116	False	True	False	[]	True	False	[]	True	False	[]	True	False	[]	True	False	[]	True				excluded	unsupported	pass	168		[]	0											unresolved	no_reliable_reference	346	0	True
vae_candidate_000041	186da6e177a19eacd3d559e95fd5b73ab30b9ad9d5afb4c2c73deb3d1324dc8b	True	False	eos	94	93	True	False	False	False	True	0.03687163406658322	0.06381829728796116	False	True	False	[]	True	False	[]	True	False	[]	True	False	[]	True	False	[]	True				ambiguous_exploration	gvpa_gvpj_ambiguous	pass	93	nat_2257aec2c4abeff42ec4	"[""nat_2257aec2c4abeff42ec4""]"	1	97	233.5	106	84	63	0.75	0.9032258064516129	0.865979381443299	0.6494845360824743	0.35051546391752575	resolved		346	181	True
vae_candidate_000042	3a2140bacd87687187b99035a2cd220e852a764160589cb1400a1938704425b7	True	False	eos	116	115	True	False	False	False	True	0.03410113650942495	0.06381829728796116	False	True	False	[]	True	False	[]	True	False	[]	True	False	[]	True	False	[]	True				excluded	unsupported	fail	115		[]	0											unresolved	no_reliable_reference	346	0	True
vae_candidate_000043	80dff3968fd241dfb440aacf20c77335f317f25edd65fc5cfff61a9aa3c4cfd1	True	False	eos	129	128	True	False	False	False	True	0.027206513170816758	0.06381829728796116	False	True	False	[]	True	False	[]	True	False	[]	True	False	[]	True	False	[]	True				excluded	unsupported	pass	128		[]	0											unresolved	no_reliable_reference	346	0	True
vae_candidate_000044	59841b357d6487c5a6c17e727a6931576a1d817b1cca0e2b5bd43ff1e3edecbf	True	False	eos	72	71	True	False	False	False	True	0.01911728332118463	0.06381829728796116	False	True	False	[]	True	False	[]	True	False	[]	True	False	[]	True	False	[]	True				excluded	unsupported	pass	71	nat_08ca607a70bf3998101a	"[""nat_08ca607a70bf3998101a""]"	1	70	176.0	74	67	49	0.7313432835820896	0.9436619718309859	0.9571428571428572	0.6901408450704225	0.3098591549295775	resolved		346	84	True
vae_candidate_000045	ff862c8141858294aaa9f11bf3be63a1662f9764f526a8567c6935823f6ba608	True	False	eos	135	134	True	False	False	False	True	0.03719504385281412	0.06381829728796116	False	True	False	[]	True	False	[]	True	False	[]	True	False	[]	True	False	[]	True				excluded	unsupported	pass	134	nat_8bfb3056e00dc3525ee8	"[""nat_8bfb3056e00dc3525ee8""]"	1	145	303.0	162	117	83	0.7094017094017094	0.8731343283582089	0.8068965517241379	0.5724137931034483	0.4275862068965517	resolved		346	50	True
vae_candidate_000046	fa65c311c43a8d04a3f21b200840e33d487102fdecd72e9c5582265b4f97297f	True	False	eos	127	126	True	False	False	False	True	0.02133299796115745	0.06381829728796116	False	True	False	[]	True	False	[]	True	False	[]	True	False	[]	True	False	[]	True				excluded	unsupported	pass	126	nat_9fd0842a53e077dc147a	"[""nat_9fd0842a53e077dc147a""]"	1	111	132.5	131	106	47	0.44339622641509435	0.8412698412698413	0.954954954954955	0.373015873015873	0.626984126984127	resolved		346	3	True
vae_candidate_000047	bf1e201433832bc7a494c1ad09d17d8fcdd165ba4834a97ad6232bde32830665	True	False	eos	60	59	True	False	False	False	True	0.029899120655671626	0.06381829728796116	False	True	False	[]	True	False	[]	True	False	[]	True	False	[]	True	False	[]	True				excluded	unsupported	fail	59		[]	0											unresolved	no_reliable_reference	346	0	True
vae_candidate_000048	4482ea96472d31ebc912c0de9a55f9526254ad45714394d95eb25de7dbcd242d	True	False	eos	77	76	True	False	False	False	True	0.06914563135764965	0.06381829728796116	True	True	False	[]	True	False	[]	True	False	[]	True	False	[]	True	False	[]	True	composition_outlier_warning	composition_outlier_warning		excluded	unsupported	fail	76	nat_39696a92cfeac6f208a2	"[""nat_39696a92cfeac6f208a2""]"	1	78	34.0	81	73	25	0.3424657534246575	0.9605263157894737	0.9358974358974359	0.32051282051282054	0.6794871794871795	resolved		346	70	True
vae_candidate_000049	9db73996d2979d5828d9f896ad9bf2c52ace50870be9a4f8921e9da444167070	True	False	eos	113	112	True	False	False	False	True	0.0697471703595382	0.06381829728796116	True	True	False	[]	True	False	[]	True	False	[]	True	False	[]	True	False	[]	True	composition_outlier_warning	composition_outlier_warning		excluded	unsupported	fail	112		[]	0											unresolved	no_reliable_reference	346	0	True
vae_candidate_000051	7b74ac8889f5e2d14a9efa0875b8ccb372f47f3e873c944652a036a8e7323545	True	False	eos	83	82	True	False	False	False	True	0.041223203918130585	0.06381829728796116	False	True	False	[]	True	False	[]	True	False	[]	True	False	[]	True	False	[]	True				excluded	unsupported	fail	82	nat_b14fdba1c12c78ac4485	"[""nat_b14fdba1c12c78ac4485""]"	1	84	57.5	93	73	31	0.4246575342465753	0.8902439024390244	0.8690476190476191	0.36904761904761907	0.6309523809523809	resolved		346	70	True
vae_candidate_000052	5373afba832cbdbea249f8bc08254c7ee7b3c989ddd53383703db146b0d8d20b	True	False	eos	105	104	True	False	False	False	True	0.09160801379674405	0.06381829728796116	True	True	False	[]	True	False	[]	True	False	[]	True	False	[]	True	False	[]	True	composition_outlier_warning	composition_outlier_warning		excluded	unsupported	fail	104	nat_c5a4c69d0879da5e6614	"[""nat_c5a4c69d0879da5e6614""]"	1	97	5.5	116	85	21	0.24705882352941178	0.8173076923076923	0.8762886597938144	0.20192307692307693	0.7980769230769231	resolved		346	3	True
vae_candidate_000053	b3b8c33a5b22cdfe9e9926e2dab84d1c4a2eb8cb7f2deb06cde1a737205be09a	True	False	eos	144	143	True	False	False	False	True	0.04700308888566826	0.06381829728796116	False	True	False	[]	True	False	[]	True	False	[]	True	False	[]	True	False	[]	True				excluded	unsupported	fail	143	nat_05faae01597311327997	"[""nat_05faae01597311327997""]"	1	155	48.5	174	124	38	0.3064516129032258	0.8671328671328671	0.8	0.24516129032258063	0.7548387096774194	resolved		346	1	True
vae_candidate_000054	607b9955ebaf04e0de46bf6bce67ac75f9574089b68dff97d7c30b3acb12ae4f	True	False	eos	118	117	True	False	False	False	True	0.024288533122347952	0.06381829728796116	False	True	False	[]	True	False	[]	True	False	[]	True	False	[]	True	False	[]	True				excluded	unsupported	fail	117		[]	0											unresolved	no_reliable_reference	346	0	True
vae_candidate_000055	bad7436e63e4e26e30934f8591f426c5c7a0f03a259b39448159d1df834b6a73	True	False	eos	52	51	True	False	False	False	True	0.13111040527764062	0.06381829728796116	True	True	False	[]	True	False	[]	True	False	[]	True	False	[]	True	False	[]	True	composition_outlier_warning	composition_outlier_warning		excluded	unsupported	fail	51		[]	0											unresolved	no_reliable_reference	346	0	True
vae_candidate_000056	a09c6ceedd41f54a2281e6ad7d1e6a1b299800f7d3d3c50fb4ab3b8ebb596587	True	False	eos	70	69	True	False	False	False	True	0.02917771592203599	0.06381829728796116	False	True	False	[]	True	False	[]	True	False	[]	True	False	[]	True	False	[]	True				excluded	unsupported	pass	69	nat_39cf0fd21702af1ff2b1	"[""nat_39cf0fd21702af1ff2b1""]"	1	69	238.0	70	68	53	0.7794117647058824	0.9855072463768116	0.9855072463768116	0.7681159420289855	0.23188405797101452	resolved		346	70	True
vae_candidate_000057	2af931adeb233cd39ad8d91c0c14316f33b07c0d5034356d1002a99c287b0523	True	False	eos	114	113	True	False	False	False	True	0.012160711824507339	0.06381829728796116	False	True	False	[]	True	False	[]	True	False	[]	True	False	[]	True	False	[]	True				excluded	unsupported	pass	113	nat_0077c6cbf903d0b80137	"[""nat_0077c6cbf903d0b80137"", ""nat_49d3875a5ef4bbb644f9"", ""nat_7d45d6cf3df5d3d36985"", ""nat_dad443e0412ef646de5e""]"	4	96	366.5	115	94	83	0.8829787234042553	0.831858407079646	0.9791666666666666	0.7345132743362832	0.2654867256637168	resolved		346	112	True
vae_candidate_000059	57c3a0c94772b72a830fb9c7f73ad94d96e446f7dbdb76f8362207afab88e622	True	False	eos	86	85	True	False	False	False	True	0.077589589491696	0.06381829728796116	True	True	False	[]	True	False	[]	True	False	[]	True	False	[]	True	False	[]	True	composition_outlier_warning	composition_outlier_warning		excluded	unsupported	fail	85	nat_6dc60142a293ec7c6dcb	"[""nat_6dc60142a293ec7c6dcb"", ""nat_f87e80c34ba5c8c8909b""]"	2	87	10.5	97	75	21	0.28	0.8823529411764706	0.8620689655172413	0.2413793103448276	0.7586206896551724	resolved		346	4	True
vae_candidate_000060	9292dc1d28b3bfaa6b41ff76c0e4a82a93d9e4fff0ee862ac07728e23c8bed12	True	False	eos	59	58	True	False	False	False	True	0.0854989622750497	0.06381829728796116	True	True	False	[]	True	False	[]	True	False	[]	True	False	[]	True	False	[]	True	composition_outlier_warning	composition_outlier_warning		excluded	unsupported	fail	58	nat_dd1c249d0891ddb7284f	"[""nat_dd1c249d0891ddb7284f""]"	1	71	13.0	71	58	14	0.2413793103448276	1.0	0.8169014084507042	0.19718309859154928	0.8028169014084507	resolved		346	2	True
vae_candidate_000062	d1150b8dc3ee601f11aec290ea9dc0c1d1af3c52c7290a8b136a58ab16746cc5	True	False	eos	91	90	True	False	False	False	True	0.036790571615301186	0.06381829728796116	False	True	False	[]	True	False	[]	True	False	[]	True	False	[]	True	False	[]	True				excluded	unsupported	fail	90	nat_004ac783975534947324	"[""nat_004ac783975534947324""]"	1	94	208.5	103	81	54	0.6666666666666666	0.9	0.8617021276595744	0.574468085106383	0.42553191489361697	resolved		346	160	True
vae_candidate_000063	bb097cf25c7bfa7a4edc82bd751061c1ca21902b3067fa372f74c740a706f272	True	False	eos	95	94	True	False	False	False	True	0.019907957001606014	0.06381829728796116	False	True	False	[]	True	False	[]	True	False	[]	True	False	[]	True	False	[]	True				excluded	unsupported	fail	94	nat_842bc418f0682cd2a9c8	"[""nat_842bc418f0682cd2a9c8"", ""nat_a7791ad55c70e7fd3462""]"	2	95	361.5	99	90	81	0.9	0.9574468085106383	0.9473684210526315	0.8526315789473684	0.1473684210526316	resolved		346	156	True
vae_candidate_000064	3815ac7163d0ed486e30fec2527de60e197891173649f23afeb2e98c8fb56090	True	False	eos	97	96	True	False	False	False	True	0.025130160433360214	0.06381829728796116	False	True	False	[]	True	False	[]	True	False	[]	True	False	[]	True	False	[]	True				excluded	unsupported	pass	96	nat_48f4fc548c0153a5775e	"[""nat_48f4fc548c0153a5775e"", ""nat_4d4e00d31d935ed0527d"", ""nat_8d29ff35edf68fc809de"", ""nat_9fda348180c612303cdb"", ""nat_a8908cb0d732ddf5c6d4""]"	5	96	217.5	106	86	57	0.6627906976744186	0.8958333333333334	0.8958333333333334	0.59375	0.40625	resolved		346	159	True
vae_candidate_000065	21818a9b303af01ae846a79041186c50c69d49abd6a9a29662c47d5f8daf4294	True	False	eos	82	81	True	False	False	False	True	0.03071047197796035	0.06381829728796116	False	True	False	[]	True	False	[]	True	False	[]	True	False	[]	True	False	[]	True				main_supported_gvpa	supported_gvpa	pass	81	nat_0101bc590c89813c161a	"[""nat_0101bc590c89813c161a"", ""nat_168a7720be25950ce7a5"", ""nat_215f48254c804f1f2876"", ""nat_3e6bf91c590be6684eed"", ""nat_8189ed3c9ac18707f549"", ""nat_9ca97034ea4d97950343""]"	6	94	285.0	95	80	69	0.8625	0.9876543209876543	0.851063829787234	0.7340425531914894	0.26595744680851063	resolved		346	217	True
vae_candidate_000066	c235c9d91182c84f2466c38831847d9da95690440c7c665048b5bd399bf2b23f	True	False	eos	76	75	True	False	False	False	True	0.057357987395403764	0.06381829728796116	False	True	False	[]	True	False	[]	True	False	[]	True	False	[]	True	False	[]	True				excluded	unsupported	fail	75	nat_448d52f7c380acd65350	"[""nat_448d52f7c380acd65350"", ""nat_a4ce46bc0db75edd2892""]"	2	76	34.0	90	61	23	0.3770491803278688	0.8133333333333334	0.8026315789473685	0.3026315789473684	0.6973684210526316	resolved		346	23	True
vae_candidate_000067	13493101c4fcb7b1c93534d9a73af04dbef197e3b7707d1e333aec1a353a789d	True	False	eos	134	133	True	False	False	False	True	0.01855801812057772	0.06381829728796116	False	True	False	[]	True	False	[]	True	False	[]	True	False	[]	True	False	[]	True				excluded	unsupported	fail	133		[]	0											unresolved	no_reliable_reference	346	0	True
vae_candidate_000068	c3941ba46ed9169ce82a620641e471d81cc667d5ba00186809faab54e0cdcbaf	True	False	eos	104	103	True	False	False	False	True	0.03950592752093056	0.06381829728796116	False	True	False	[]	True	False	[]	True	False	[]	True	False	[]	True	False	[]	True				excluded	unsupported	pass	103		[]	0											unresolved	no_reliable_reference	346	0	True
vae_candidate_000069	40312d15d20ecba4063c35749333f381de13f3440732e2713ea41975f2df024f	True	False	eos	146	145	True	False	False	False	True	0.03300919361712417	0.06381829728796116	False	True	False	[]	True	False	[]	True	False	[]	True	True	"[{""start"": 118, ""end"": 123, ""length"": 6, ""residue"": ""G""}]"	True	False	[]	True	homopolymer_warning	homopolymer_warning		excluded	unsupported	pass	145	nat_1aeb097a28c863a862e4	"[""nat_1aeb097a28c863a862e4"", ""nat_1cc68774b93a831e1a93""]"	2	137	222.0	159	123	71	0.5772357723577236	0.8482758620689655	0.8978102189781022	0.4896551724137931	0.5103448275862069	resolved		346	24	True
vae_candidate_000071	a6d71e31a9b891614c2c82543b722630c07bb642f52d2f88a8f65a3d293e1be7	True	False	eos	62	61	True	False	False	False	True	0.03897093668491397	0.06381829728796116	False	True	False	[]	True	False	[]	True	False	[]	True	False	[]	True	False	[]	True				excluded	unsupported	fail	61		[]	0											unresolved	no_reliable_reference	346	0	True
vae_candidate_000072	2a9f1680ab42829ab9ff306f5e2ae50f005040643ab0310a0ea76b4302f2f9f3	True	False	eos	158	157	True	False	False	False	True	0.026172436152839665	0.06381829728796116	False	True	False	[]	True	False	[]	True	False	[]	True	False	[]	True	False	[]	True				excluded	unsupported	pass	157	nat_25e53f7654eeb15d035e	"[""nat_25e53f7654eeb15d035e""]"	1	156	248.5	186	127	75	0.5905511811023622	0.8089171974522293	0.8141025641025641	0.47770700636942676	0.5222929936305732	resolved		346	21	True
vae_candidate_000073	65c791cc04edc3309f6e7b5efba23c11bc4d371d15a1d4bc709ae80ce3a4b4e1	True	False	eos	147	146	True	False	False	False	True	0.0793900471661998	0.06381829728796116	True	True	False	[]	True	False	[]	True	False	[]	True	False	[]	True	False	[]	True	composition_outlier_warning	composition_outlier_warning		excluded	unsupported	fail	146		[]	0											unresolved	no_reliable_reference	346	0	True
vae_candidate_000074	d1bea1e9a515f2726757fe74b5f1692f792c933c8a5cad4260f3b9529cc846bd	True	False	eos	104	103	True	False	False	False	True	0.04822211360489517	0.06381829728796116	False	True	False	[]	True	False	[]	True	False	[]	True	False	[]	True	False	[]	True				excluded	unsupported	fail	103		[]	0											unresolved	no_reliable_reference	346	0	True
vae_candidate_000075	74ae5e5c71d68830cf119e2a5b90269f534c34ddc9cebfbcd242cf910cfe3fac	False	True	length_cap	180	180	True	False	True	False	True	0.07340754344630901	0.06381829728796116	True	True	False	[]	True	False	[]	True	False	[]	True	False	[]	True	False	[]	True	composition_outlier_warning;generation_cap_warning	composition_outlier_warning;generation_cap_warning		excluded	unsupported	fail	180		[]	0											unresolved	no_reliable_reference	346	0	True
vae_candidate_000076	395d964efef3566326ca7a6b92d9f5cf95c9bba7d2fa10dbcbce75b9ba521115	True	False	eos	119	118	True	False	False	False	True	0.08239622708383317	0.06381829728796116	True	True	False	[]	True	False	[]	True	False	[]	True	False	[]	True	False	[]	True	composition_outlier_warning	composition_outlier_warning		excluded	unsupported	fail	118	nat_9fd0842a53e077dc147a	"[""nat_9fd0842a53e077dc147a""]"	1	111	18.0	132	97	29	0.29896907216494845	0.8220338983050848	0.8738738738738738	0.2457627118644068	0.7542372881355932	resolved		346	3	True
vae_candidate_000077	97c0f9e65dba5eda9de7fa77fe6cd53d1dcd285672c9ed2bc27fd39248ac60e1	True	False	eos	102	101	True	False	False	False	True	0.045524175433195396	0.06381829728796116	False	True	False	[]	True	False	[]	True	False	[]	True	False	[]	True	False	[]	True				excluded	unsupported	fail	101	nat_0077c6cbf903d0b80137	"[""nat_0077c6cbf903d0b80137""]"	1	96	41.5	111	86	33	0.38372093023255816	0.8514851485148515	0.8958333333333334	0.32673267326732675	0.6732673267326732	resolved		346	120	True
vae_candidate_000078	94a3a0b3cae5f64a4b96b2548a0aa7b55717d5973c2b054c2757c388b82cd979	True	False	eos	77	76	True	False	False	False	True	0.07018224175198837	0.06381829728796116	True	True	False	[]	True	False	[]	True	False	[]	True	False	[]	True	False	[]	True	composition_outlier_warning	composition_outlier_warning		excluded	unsupported	fail	76		[]	0											unresolved	no_reliable_reference	346	0	True
vae_candidate_000079	0dee989a9c30c63ca62dce7f251ab9d87d8d73d4af53b655e76f13fcc9f7a5aa	True	False	eos	105	104	True	False	False	False	True	0.08115163386858765	0.06381829728796116	True	True	False	[]	True	False	[]	True	False	[]	True	False	[]	True	False	[]	True	composition_outlier_warning	composition_outlier_warning		excluded	unsupported	fail	104	nat_84eddb9c9ecca10afd5a	"[""nat_84eddb9c9ecca10afd5a""]"	1	99	21.0	117	86	26	0.3023255813953488	0.8269230769230769	0.8686868686868687	0.25	0.75	resolved		346	12	True
vae_candidate_000080	5dfd6202ee65aae25b669856947d4ed01d617b6294dede39143b2ab94bff5379	True	False	eos	81	80	True	False	False	False	True	0.0691354322302758	0.06381829728796116	True	True	False	[]	True	False	[]	True	False	[]	True	False	[]	True	False	[]	True	composition_outlier_warning	composition_outlier_warning		excluded	unsupported	fail	80	nat_4f811102c58fb8e77080	"[""nat_4f811102c58fb8e77080""]"	1	78	34.5	94	64	27	0.421875	0.8	0.8205128205128205	0.3375	0.6625	resolved		346	13	True
vae_candidate_000081	1701ed6ca62831e09508f3dbc97de5ade97b597b3fe478bb9c6d759bc543d476	True	False	eos	52	51	True	False	False	False	True	0.09051237269543844	0.06381829728796116	True	True	False	[]	True	False	[]	True	False	[]	True	False	[]	True	False	[]	True	composition_outlier_warning	composition_outlier_warning		excluded	unsupported	fail	51		[]	0											unresolved	no_reliable_reference	346	0	True
vae_candidate_000082	d251a995a0b41b9e97106f0bc675ca43446884a37ddd6e9386e8a0159a11811c	True	False	eos	111	110	True	False	False	False	True	0.033432198844672	0.06381829728796116	False	True	False	[]	True	False	[]	True	False	[]	True	False	[]	True	False	[]	True				excluded	unsupported	fail	110	nat_acb38079c01f07d0de6f	"[""nat_acb38079c01f07d0de6f"", ""nat_bf5abb4d953e0d6aaa1f""]"	2	95	194.5	116	89	59	0.6629213483146067	0.8090909090909091	0.9368421052631579	0.5363636363636364	0.4636363636363636	resolved		346	89	True
vae_candidate_000083	8113528b1d18d0383e8bd6d9c6c77dd621fed78243a03555a1aa0800e384e76f	False	True	length_cap	180	180	True	False	True	False	True	0.06491631865989689	0.06381829728796116	True	True	False	[]	True	False	[]	True	False	[]	True	False	[]	True	False	[]	True	composition_outlier_warning;generation_cap_warning	composition_outlier_warning;generation_cap_warning		excluded	unsupported	fail	180		[]	0											unresolved	no_reliable_reference	346	0	True
vae_candidate_000084	715de92be4b811d8ddc915529c515e5c042c222217ce47c048d284045ca91ac1	False	True	length_cap	180	180	True	False	True	False	True	0.027903923421106404	0.06381829728796116	False	True	False	[]	True	False	[]	True	False	[]	True	False	[]	True	False	[]	True	generation_cap_warning	generation_cap_warning		excluded	unsupported	fail	180	nat_3d9edce97c58d4805f58	"[""nat_3d9edce97c58d4805f58"", ""nat_e3bf29001a743e3b64f9""]"	2	152	132.0	188	144	60	0.4166666666666667	0.8	0.9473684210526315	0.3333333333333333	0.6666666666666667	resolved		346	2	True
vae_candidate_000085	9275320efeafd170420e960648308094f098bbf8cf7f0e463f50812c8cd2e0e9	True	False	eos	75	74	True	False	False	False	True	0.04992331445227122	0.06381829728796116	False	True	False	[]	True	False	[]	True	False	[]	True	False	[]	True	False	[]	True				excluded	unsupported	pass	74	nat_2dee131e85e06a8f9fdd	"[""nat_2dee131e85e06a8f9fdd""]"	1	76	110.5	80	70	32	0.45714285714285713	0.9459459459459459	0.9210526315789473	0.42105263157894735	0.5789473684210527	resolved		346	70	True
vae_candidate_000086	77b7c617c822bc43785fbd37be536267e212ef3308743ba78dec5ff7b5fe6ab8	True	False	eos	92	91	True	False	False	False	True	0.06029665684267356	0.06381829728796116	False	True	False	[]	True	False	[]	True	False	[]	True	False	[]	True	False	[]	True				excluded	unsupported	fail	91	nat_fc382b09fdd1c909c75c	"[""nat_fc382b09fdd1c909c75c""]"	1	93	65.0	106	78	32	0.41025641025641024	0.8571428571428571	0.8387096774193549	0.34408602150537637	0.6559139784946236	resolved		346	19	True
vae_candidate_000087	f3f4fbb82fee12c8f85f8b131e2977c8a391d668dbbd89b5380e055921607df5	True	False	eos	94	93	True	False	False	False	True	0.012487398913580468	0.06381829728796116	False	True	False	[]	True	False	[]	True	False	[]	True	False	[]	True	False	[]	True				excluded	unsupported	pass	93	nat_62bc5089576517d5fad1	"[""nat_62bc5089576517d5fad1"", ""nat_a36a3359d46f89a3e9c6"", ""nat_b9de124a92fba0281b06""]"	3	93	320.0	96	90	76	0.8444444444444444	0.967741935483871	0.967741935483871	0.8172043010752689	0.18279569892473113	resolved		346	177	True
vae_candidate_000089	55b52c0578d58ed14845a55edb676b338912ca2d807a8cb061912d9a002a4aa8	True	False	eos	76	75	True	False	False	False	True	0.03149975261261558	0.06381829728796116	False	True	False	[]	True	False	[]	True	False	[]	True	False	[]	True	False	[]	True				excluded	unsupported	pass	75	nat_32d58e5d24419efe5e0e	"[""nat_32d58e5d24419efe5e0e"", ""nat_cac8cf4903b24e69aca8""]"	2	76	232.5	82	69	52	0.7536231884057971	0.92	0.9078947368421053	0.6842105263157895	0.3157894736842105	resolved		346	99	True
vae_candidate_000091	d0a2ecdd0b8ce56a6adc448fa5aef33cd1cd70ce5ccf42cc6955735d3b92b357	True	False	eos	94	93	True	False	False	False	True	0.01842984609853258	0.06381829728796116	False	True	False	[]	True	False	[]	True	False	[]	True	False	[]	True	False	[]	True				excluded	unsupported	pass	93	nat_fe2e069c7d192a9aa4be	"[""nat_fe2e069c7d192a9aa4be""]"	1	92	337.0	94	91	75	0.8241758241758241	0.978494623655914	0.9891304347826086	0.8064516129032258	0.19354838709677424	resolved		346	184	True
vae_candidate_000092	f22245de544f4262aa686fe5cb2bc22b23e0660a8b41f28dfc6afd33aa1ab3c2	True	False	eos	124	123	True	False	False	False	True	0.04587416057662052	0.06381829728796116	False	True	False	[]	True	False	[]	True	False	[]	True	False	[]	True	False	[]	True				excluded	unsupported	pass	123	nat_4a87fc740463a61b2d05	"[""nat_4a87fc740463a61b2d05"", ""nat_b28a6bed955c267791e6""]"	2	109	218.5	132	100	56	0.56	0.8130081300813008	0.9174311926605505	0.45528455284552843	0.5447154471544715	resolved		346	52	True
vae_candidate_000093	b0c33e69a1dcb8cf4860d6fbba900173fe2bf2123ebbeeaaf966788082bec92f	True	False	eos	141	140	True	False	False	False	True	0.04027523265172987	0.06381829728796116	False	True	False	[]	True	False	[]	True	False	[]	True	False	[]	True	False	[]	True				excluded	unsupported	pass	140		[]	0											unresolved	no_reliable_reference	346	0	True
vae_candidate_000094	7cc23aec94e841a26743eccf39ab494b432ba70dd9798d569b1d63d27c2d279a	True	False	eos	179	178	True	False	False	False	True	0.017961386641000998	0.06381829728796116	False	True	False	[]	True	False	[]	True	False	[]	True	False	[]	True	False	[]	True				excluded	unsupported	pass	178	nat_93fc211ea4b34cbb8750	"[""nat_93fc211ea4b34cbb8750""]"	1	153	285.5	187	144	81	0.5625	0.8089887640449438	0.9411764705882353	0.4550561797752809	0.5449438202247191	resolved		346	6	True
vae_candidate_000096	ec3a674bba1226203dca8260ef79039eca190c1e36e4f44627ee9f81635ce9d6	False	True	length_cap	180	180	True	False	True	False	True	0.048129867817357445	0.06381829728796116	False	True	False	[]	True	False	[]	True	False	[]	True	False	[]	True	False	[]	True	generation_cap_warning	generation_cap_warning		excluded	unsupported	fail	180	nat_1f2decc9d9629b127278	"[""nat_1f2decc9d9629b127278""]"	1	158	183.0	191	147	60	0.40816326530612246	0.8166666666666667	0.930379746835443	0.3333333333333333	0.6666666666666667	resolved		346	1	True
vae_candidate_000097	6bb68b9c28df10f0d886ecebf0a2e48a84128c60102ff33af097f35d4e87454c	True	False	eos	57	56	True	False	False	False	True	0.06793853040383058	0.06381829728796116	True	True	False	[]	True	False	[]	True	False	[]	True	False	[]	True	False	[]	True	composition_outlier_warning	composition_outlier_warning		excluded	unsupported	fail	56		[]	0											unresolved	no_reliable_reference	346	0	True
vae_candidate_000098	0a95cd89cbd51a9effadcd1e8436b3f9d133c409606f33304493c03d80d304b9	True	False	eos	71	70	True	False	False	False	True	0.032947211500361014	0.06381829728796116	False	True	False	[]	True	False	[]	True	False	[]	True	False	[]	True	False	[]	True				excluded	unsupported	pass	70	nat_1ed909a554bd91f8870f	"[""nat_1ed909a554bd91f8870f""]"	1	73	255.0	75	68	58	0.8529411764705882	0.9714285714285714	0.9315068493150684	0.7945205479452054	0.20547945205479456	resolved		346	95	True
vae_candidate_000099	3ee350ea62c2583ffde40794fb1640960a9825b9aa4b550c036215a39c01805f	True	False	eos	117	116	True	False	False	False	True	0.03934781027258208	0.06381829728796116	False	True	False	[]	True	False	[]	True	False	[]	True	False	[]	True	False	[]	True				excluded	unsupported	fail	116	nat_b28a6bed955c267791e6	"[""nat_b28a6bed955c267791e6"", ""nat_bc61cfaf37743c96bcc0""]"	2	109	150.5	132	93	44	0.4731182795698925	0.8017241379310345	0.8532110091743119	0.3793103448275862	0.6206896551724138	resolved		346	4	True
vae_candidate_000100	3b186854d9d1d30ce6ec23ba620a0eb74559ed08fed8375cdf737321378f86de	True	False	eos	139	138	True	False	False	False	True	0.013563128536814992	0.06381829728796116	False	True	False	[]	True	False	[]	True	False	[]	True	False	[]	True	False	[]	True				excluded	unsupported	pass	138	nat_9c7fbca4e03cd6830bf2	"[""nat_9c7fbca4e03cd6830bf2""]"	1	146	168.0	162	122	63	0.5163934426229508	0.8840579710144928	0.8356164383561644	0.4315068493150685	0.5684931506849316	resolved		346	81	True
vae_candidate_000101	16919e87ebf5fde39b8bec8d70c94192ad2cf0f8eff676d3638bb83b938998da	True	False	eos	98	97	True	False	False	False	True	0.028808700433515584	0.06381829728796116	False	True	False	[]	True	False	[]	True	False	[]	True	False	[]	True	False	[]	True				excluded	unsupported	fail	97	nat_0101bc590c89813c161a	"[""nat_0101bc590c89813c161a"", ""nat_6681febe116459c77b18"", ""nat_dc6aa26cbe06c32b68c2""]"	3	94	318.5	99	92	74	0.8043478260869565	0.9484536082474226	0.9787234042553191	0.7628865979381443	0.23711340206185572	resolved		346	159	True
vae_candidate_000102	371701d3a36bc643f4e4115a2f29420c0deea4b1b868aa23ef2efeb3097c3405	True	False	eos	65	64	True	False	False	False	True	0.04230939965367263	0.06381829728796116	False	True	False	[]	True	False	[]	True	False	[]	True	False	[]	True	False	[]	True				excluded	unsupported	fail	64	nat_eccab6536bed142192aa	"[""nat_eccab6536bed142192aa""]"	1	70	106.5	77	57	36	0.631578947368421	0.890625	0.8142857142857143	0.5142857142857142	0.48571428571428577	resolved		346	41	True
vae_candidate_000103	fa367bd3360d65ed99c457a47ecddf55c5ebac669817b440970ef6f6ac19c05a	True	False	eos	112	111	True	False	False	False	True	0.03957112015630135	0.06381829728796116	False	True	False	[]	True	False	[]	True	False	[]	True	False	[]	True	False	[]	True				excluded	unsupported	fail	111	nat_1f7ab0dfc808b4ef03c3	"[""nat_1f7ab0dfc808b4ef03c3"", ""nat_92d7d81f95603487cd9c"", ""nat_94cdaea6b1db7bfe983f""]"	3	95	287.5	115	91	70	0.7692307692307693	0.8198198198198198	0.9578947368421052	0.6306306306306306	0.36936936936936937	resolved		346	122	True
vae_candidate_000104	60579a87385fcd7e035e94b7014be64d38a757b962efcff74a2a0e9880e9aa50	True	False	eos	73	72	True	False	False	False	True	0.023655375517644572	0.06381829728796116	False	True	False	[]	True	False	[]	True	False	[]	True	False	[]	True	False	[]	True				excluded	unsupported	fail	72	nat_27cf1e5aac6ec3dd931d	"[""nat_27cf1e5aac6ec3dd931d""]"	1	76	128.5	87	61	36	0.5901639344262295	0.8472222222222222	0.8026315789473685	0.47368421052631576	0.5263157894736843	resolved		346	8	True
vae_candidate_000105	716deea70c9e9cbb551fc89c89094fe7765d03fb278ab2b2d777bf6b7ffd0fc6	True	False	eos	125	124	True	False	False	False	True	0.04876044269003413	0.06381829728796116	False	True	False	[]	True	False	[]	True	False	[]	True	False	[]	True	False	[]	True				excluded	unsupported	fail	124	nat_8a4162d5996844339fef	"[""nat_8a4162d5996844339fef""]"	1	135	41.5	144	115	33	0.28695652173913044	0.9274193548387096	0.8518518518518519	0.24444444444444444	0.7555555555555555	resolved		346	2	True
vae_candidate_000106	733dd02fa4f37733cbd860607908b5668ab165c27617e3577b8b37669a81116d	True	False	eos	90	89	True	False	False	False	True	0.05131365139202182	0.06381829728796116	False	True	False	[]	True	False	[]	True	False	[]	True	False	[]	True	False	[]	True				excluded	unsupported	fail	89		[]	0											unresolved	no_reliable_reference	346	0	True
vae_candidate_000107	2ae80e1b6a8055ab259e0a60e88f7b9b57d53d3d0b33766e9e87b3b7562a23a1	True	False	eos	95	94	True	False	False	False	True	0.02032218783682986	0.06381829728796116	False	True	False	[]	True	False	[]	True	False	[]	True	False	[]	True	False	[]	True				excluded	unsupported	pass	94	nat_215f48254c804f1f2876	"[""nat_215f48254c804f1f2876"", ""nat_3e6bf91c590be6684eed"", ""nat_9ca97034ea4d97950343"", ""nat_c8490949e18e771ed8c8""]"	4	94	376.0	97	91	86	0.945054945054945	0.9680851063829787	0.9680851063829787	0.9148936170212766	0.08510638297872342	resolved		346	168	True
vae_candidate_000109	1d6ebbf3421c5e15e7f56422126768098523d37af4cd09822400443d3744f15d	True	False	eos	98	97	True	False	False	False	True	0.04229837188795334	0.06381829728796116	False	True	False	[]	True	False	[]	True	False	[]	True	False	[]	True	False	[]	True				excluded	unsupported	fail	97	nat_63e94d96149b61e3547f	"[""nat_63e94d96149b61e3547f""]"	1	87	21.5	106	78	23	0.2948717948717949	0.8041237113402062	0.896551724137931	0.23711340206185566	0.7628865979381443	resolved		346	1	True
vae_candidate_000110	3fd84a2b385bc0883127e6cdb9ba4d6534791053ab15d7bd9740d81cdb7ced52	True	False	eos	72	71	True	False	False	False	True	0.051833692697853984	0.06381829728796116	False	True	False	[]	True	False	[]	True	False	[]	True	False	[]	True	False	[]	True				excluded	unsupported	fail	71	nat_5bc7120641a4b206dec6	"[""nat_5bc7120641a4b206dec6""]"	1	72	154.5	74	69	43	0.6231884057971014	0.971830985915493	0.9583333333333334	0.5972222222222222	0.4027777777777778	resolved		346	99	True
vae_candidate_000111	a5f25deb53dd0bab0bd10ac2d9888d29c3d47369b6c5951a15286986a6c2fbb2	True	False	eos	124	123	True	False	False	False	True	0.057995835971582005	0.06381829728796116	False	True	False	[]	True	False	[]	True	False	[]	True	False	[]	True	False	[]	True				excluded	unsupported	fail	123	nat_5c045ab07969cb21b0ad	"[""nat_5c045ab07969cb21b0ad""]"	1	142	38.0	147	118	38	0.3220338983050847	0.959349593495935	0.8309859154929577	0.2676056338028169	0.7323943661971831	resolved		346	7	True
vae_candidate_000112	3e4663a25123f49a02500859bcf688ea088de9c15795ff5408f1696a2e261f55	True	False	eos	132	131	True	False	False	False	True	0.01823589445032427	0.06381829728796116	False	True	False	[]	True	False	[]	True	False	[]	True	False	[]	True	False	[]	True				excluded	unsupported	fail	131	nat_1aeb097a28c863a862e4	"[""nat_1aeb097a28c863a862e4""]"	1	137	194.5	156	112	65	0.5803571428571429	0.8549618320610687	0.8175182481751825	0.4744525547445255	0.5255474452554745	resolved		346	34	True
vae_candidate_000113	f45060cdca53872c1431a510a58ca75aeda60ca24675d9f54b86f23d6d28c3b8	True	False	eos	149	148	True	False	False	False	True	0.017967398905458412	0.06381829728796116	False	True	False	[]	True	False	[]	True	False	[]	True	False	[]	True	False	[]	True				ambiguous_exploration	gvpa_gvpj_ambiguous	pass	148		[]	0											unresolved	no_reliable_reference	346	0	True
vae_candidate_000114	72cb7eff4cc8ea2871adca056ed303f753e2b28bb6184534e61bd3cdfd7bba50	True	False	eos	98	97	True	False	False	False	True	0.03218306598259496	0.06381829728796116	False	True	False	[]	True	False	[]	True	False	[]	True	False	[]	True	False	[]	True				excluded	unsupported	pass	97	nat_a36a3359d46f89a3e9c6	"[""nat_a36a3359d46f89a3e9c6"", ""nat_acb38079c01f07d0de6f""]"	2	93	200.0	112	78	58	0.7435897435897436	0.8041237113402062	0.8387096774193549	0.5979381443298969	0.4020618556701031	resolved		346	134	True
vae_candidate_000115	89ddc2878c503e558d0937dd0a0f21b2c329b1e9261df14b9113ee553a998827	True	False	eos	145	144	True	False	False	False	True	0.034233590479759164	0.06381829728796116	False	True	False	[]	True	False	[]	True	False	[]	True	False	[]	True	False	[]	True				excluded	unsupported	pass	144	nat_d57269e318a762146774	"[""nat_d57269e318a762146774"", ""nat_f4f90ca0708a5faa9c5b""]"	2	137	208.5	165	116	63	0.5431034482758621	0.8055555555555556	0.8467153284671532	0.4375	0.5625	resolved		346	9	True
vae_candidate_000116	4dc09b5e27d868d7726146a5def42d89130ab793e70f881053defb0e12a43664	True	False	eos	119	118	True	False	False	False	True	0.024293885292566705	0.06381829728796116	False	True	False	[]	True	False	[]	True	False	[]	True	False	[]	True	False	[]	True				excluded	unsupported	pass	118	nat_4a87fc740463a61b2d05	"[""nat_4a87fc740463a61b2d05""]"	1	109	246.5	131	96	61	0.6354166666666666	0.8135593220338984	0.8807339449541285	0.5169491525423728	0.48305084745762716	resolved		346	3	True
vae_candidate_000117	0e7f2c391d709306e68f0d9c6cbc9593c498164a70ceefe9d6ef40aa4c249711	True	False	eos	114	113	True	False	False	False	True	0.0712016896143049	0.06381829728796116	True	True	False	[]	True	False	[]	True	False	[]	True	False	[]	True	False	[]	True	composition_outlier_warning	composition_outlier_warning		excluded	unsupported	pass	113	nat_2257aec2c4abeff42ec4	"[""nat_2257aec2c4abeff42ec4""]"	1	97	189.5	115	95	57	0.6	0.8407079646017699	0.979381443298969	0.504424778761062	0.49557522123893805	resolved		346	85	True
vae_candidate_000119	709e772f27e3974c58be079e791d95e13a3ef0f8740757dd43ac8c5d3108393a	True	False	eos	74	73	True	False	False	False	True	0.044524834969278955	0.06381829728796116	False	True	False	[]	True	False	[]	True	False	[]	True	False	[]	True	False	[]	True				excluded	unsupported	fail	73	nat_444b2346dad8b8d36df2	"[""nat_444b2346dad8b8d36df2""]"	1	71	39.0	84	60	26	0.43333333333333335	0.821917808219178	0.8450704225352113	0.3561643835616438	0.6438356164383562	resolved		346	6	True
vae_candidate_000120	c2df4bcb9565077031ca7af1a36c0af13bca3eea6844ee0343b468043c57b621	True	False	eos	89	88	True	False	False	False	True	0.025914599573482862	0.06381829728796116	False	True	False	[]	True	False	[]	True	False	[]	True	False	[]	True	False	[]	True				excluded	unsupported	pass	88	nat_73e0b5aa88a198c56cae	"[""nat_73e0b5aa88a198c56cae""]"	1	87	246.0	100	75	61	0.8133333333333334	0.8522727272727273	0.8620689655172413	0.6931818181818182	0.30681818181818177	resolved		346	132	True
vae_candidate_000121	ca406426331689aa0585b5707a73702d92cb7cbe2e8d30f9d27e97fef320d378	True	False	eos	97	96	True	False	False	False	True	0.016977521961347566	0.06381829728796116	False	True	False	[]	True	False	[]	True	False	[]	True	False	[]	True	False	[]	True				main_supported_gvpa	supported_gvpa	pass	96	nat_0101bc590c89813c161a	"[""nat_0101bc590c89813c161a"", ""nat_4482775e0979509e45d2"", ""nat_4b58b860e36e01bdb682""]"	3	94	389.5	97	93	87	0.9354838709677419	0.96875	0.9893617021276596	0.90625	0.09375	resolved		346	166	True
vae_candidate_000122	875e0126f5636f972bc977a9bd57d125433539172a4519a70e4ba4a6c389a330	True	False	eos	104	103	True	False	False	False	True	0.061865832662846884	0.06381829728796116	False	True	False	[]	True	False	[]	True	False	[]	True	False	[]	True	False	[]	True				excluded	unsupported	fail	103	nat_833a1708482ad34125e2	"[""nat_833a1708482ad34125e2""]"	1	98	260.5	118	83	65	0.7831325301204819	0.8058252427184466	0.8469387755102041	0.6310679611650486	0.3689320388349514	resolved		346	4	True
vae_candidate_000123	140732861eff5263a2135c60bfb55930370deaf21ab0d2a94787f1fc5314c59e	True	False	eos	74	73	True	False	False	False	True	0.04403922305696051	0.06381829728796116	False	True	False	[]	True	False	[]	True	False	[]	True	False	[]	True	False	[]	True				excluded	unsupported	pass	73	nat_8d6274f78693091697cf	"[""nat_8d6274f78693091697cf""]"	1	70	198.0	73	70	51	0.7285714285714285	0.958904109589041	1.0	0.6986301369863014	0.3013698630136986	resolved		346	97	True
vae_candidate_000124	f30845a8725b493d6fea85f3d3d42606413eb69b1ca411b6a67bef34c6d9e31c	True	False	eos	75	74	True	False	False	False	True	0.14814383686488883	0.06381829728796116	True	True	False	[]	True	False	[]	True	False	[]	True	False	[]	True	False	[]	True	composition_outlier_warning	composition_outlier_warning		excluded	unsupported	fail	74	nat_d565583d15eb6f192c57	"[""nat_d565583d15eb6f192c57""]"	1	67	3.5	78	63	21	0.3333333333333333	0.8513513513513513	0.9402985074626866	0.28378378378378377	0.7162162162162162	resolved		346	1	True
vae_candidate_000125	1b2bf14d39d466fadf257b6d49c8bb8f67ef577540e11cc9f41ad0e0a1c6124d	True	False	eos	112	111	True	False	False	False	True	0.023130754913057047	0.06381829728796116	False	True	False	[]	True	False	[]	True	False	[]	True	False	[]	True	False	[]	True				excluded	unsupported	pass	111	nat_d80e058d93177215aa4b	"[""nat_d80e058d93177215aa4b""]"	1	95	376.5	111	95	84	0.8842105263157894	0.8558558558558559	1.0	0.7567567567567568	0.2432432432432432	resolved		346	123	True
vae_candidate_000126	2814f0c825ee8e789797baa54b892df83bed2d48e00ebdb3894d4dd9a27d38e9	True	False	eos	84	83	True	False	False	False	True	0.03512598581148123	0.06381829728796116	False	True	False	[]	True	False	[]	True	False	[]	True	False	[]	True	False	[]	True				excluded	unsupported	pass	83	nat_4f811102c58fb8e77080	"[""nat_4f811102c58fb8e77080""]"	1	78	234.0	86	75	58	0.7733333333333333	0.9036144578313253	0.9615384615384616	0.6987951807228916	0.3012048192771084	resolved		346	212	True
vae_candidate_000127	7e3b594e990da3c0e9f373d774e2fb278c7983d5ab09de7d294f94a91e9797cb	True	False	eos	138	137	True	False	False	False	True	0.05115124639402476	0.06381829728796116	False	True	False	[]	True	False	[]	True	False	[]	True	False	[]	True	False	[]	True				excluded	unsupported	pass	137	nat_8d5392221648a605a7c2	"[""nat_8d5392221648a605a7c2""]"	1	134	205.0	157	114	65	0.5701754385964912	0.8321167883211679	0.8507462686567164	0.4744525547445255	0.5255474452554745	resolved		346	76	True
vae_candidate_000129	93b80a28b14c5e3b7e4c3db7690679b319a4aedecd3d61530bb5b9f50d18bcf5	True	False	eos	92	91	True	False	False	False	True	0.018684658966462823	0.06381829728796116	False	True	False	[]	True	False	[]	True	False	[]	True	False	[]	True	False	[]	True				excluded	unsupported	pass	91	nat_00058845722df3ede422	"[""nat_00058845722df3ede422""]"	1	94	243.5	100	85	58	0.6823529411764706	0.9340659340659341	0.9042553191489362	0.6170212765957447	0.3829787234042553	resolved		346	190	True
vae_candidate_000130	ca72a1d39dc40164925da026d2473cafcced159842077b3c37bb309ca2875ca5	True	False	eos	79	78	True	False	False	False	True	0.025661758524037438	0.06381829728796116	False	True	False	[]	True	False	[]	True	False	[]	True	False	[]	True	False	[]	True				excluded	unsupported	pass	78	nat_448d52f7c380acd65350	"[""nat_448d52f7c380acd65350"", ""nat_a4ce46bc0db75edd2892""]"	2	76	237.0	80	74	56	0.7567567567567568	0.9487179487179487	0.9736842105263158	0.717948717948718	0.28205128205128205	resolved		346	211	True
vae_candidate_000131	68be1a70686b4f19b5c31fca557d034662f491546bd0c5d2d4a274618d3e760b	True	False	eos	110	109	True	False	False	False	True	0.06687135128749704	0.06381829728796116	True	True	False	[]	True	False	[]	True	False	[]	True	False	[]	True	False	[]	True	composition_outlier_warning	composition_outlier_warning		excluded	unsupported	fail	109	nat_4a87fc740463a61b2d05	"[""nat_4a87fc740463a61b2d05"", ""nat_53979ea823175001b77b"", ""nat_b28a6bed955c267791e6""]"	3	109	81.5	127	91	39	0.42857142857142855	0.8348623853211009	0.8348623853211009	0.3577981651376147	0.6422018348623852	resolved		346	11	True
vae_candidate_000132	4d2cb1fdca550f93c1f6e25f360f8ff667b10dda713d249e5129e391c8c2afcf	True	False	eos	87	86	True	False	False	False	True	0.0732448147854155	0.06381829728796116	True	True	False	[]	True	False	[]	True	False	[]	True	False	[]	True	False	[]	True	composition_outlier_warning	composition_outlier_warning		excluded	unsupported	fail	86	nat_75679c0d4db585656573	"[""nat_75679c0d4db585656573""]"	1	92	8.5	104	74	25	0.33783783783783783	0.8604651162790697	0.8043478260869565	0.2717391304347826	0.7282608695652174	resolved		346	18	True
vae_candidate_000134	bd9353954eb4ed6f7bd596fcecfdfdc30f2831683ea6c1ac86b875346f03986c	True	False	eos	70	69	True	False	False	False	True	0.05884950333939159	0.06381829728796116	False	True	False	[]	True	False	[]	True	False	[]	True	False	[]	True	False	[]	True				excluded	unsupported	fail	69		[]	0											unresolved	no_reliable_reference	346	0	True
vae_candidate_000136	3c81c2955a27bab93db9054931bf3a976a3498c6cd361c5b9bb52ada5ae7a7d9	True	False	eos	96	95	True	False	False	False	True	0.01996828089359919	0.06381829728796116	False	True	False	[]	True	False	[]	True	False	[]	True	False	[]	True	False	[]	True				main_supported_gvpa	supported_gvpa	pass	95	nat_9ca97034ea4d97950343	"[""nat_9ca97034ea4d97950343"", ""nat_a36a3359d46f89a3e9c6"", ""nat_a9c10692b45d32f772b4"", ""nat_acb38079c01f07d0de6f""]"	4	94	380.5	99	90	84	0.9333333333333333	0.9473684210526315	0.9574468085106383	0.8842105263157894	0.11578947368421055	resolved		346	168	True
vae_candidate_000137	c1cfce3e1d535fc0a0ca2afc4f583c2a6d57e50d49ec4f0970e74e891af19bb2	True	False	eos	92	91	True	False	False	False	True	0.09169799168793746	0.06381829728796116	True	True	False	[]	True	False	[]	True	False	[]	True	False	[]	True	False	[]	True	composition_outlier_warning	composition_outlier_warning		excluded	unsupported	pass	91	nat_76418c5d471b2873e6bf	"[""nat_76418c5d471b2873e6bf""]"	1	86	169.5	98	79	49	0.620253164556962	0.8681318681318682	0.9186046511627907	0.5384615384615384	0.46153846153846156	resolved		346	187	True
vae_candidate_000138	fcb7f264009abb4e675d751e46c25062d6fd22296ba379abc458ebff2a19f8ac	True	False	eos	123	122	True	False	False	False	True	0.04018609219089518	0.06381829728796116	False	True	False	[]	True	False	[]	True	False	[]	True	False	[]	True	False	[]	True				excluded	unsupported	fail	122		[]	0											unresolved	no_reliable_reference	346	0	True
vae_candidate_000139	4ca96f27a95f614d93a91d1f17b9bc91ef568c29ead25e1f35296c493d58cb1a	False	True	length_cap	180	180	True	False	True	False	True	0.015981247371999217	0.06381829728796116	False	True	False	[]	True	False	[]	True	False	[]	True	False	[]	True	False	[]	True	generation_cap_warning	generation_cap_warning		excluded	unsupported	pass	180		[]	0											unresolved	no_reliable_reference	346	0	True
vae_candidate_000140	2b9a8424c0644bd0137cf3e15db9ed60acb0f6879a76f3e4885a9b1d28f32444	True	False	eos	109	108	True	False	False	False	True	0.022067656984842157	0.06381829728796116	False	True	False	[]	True	False	[]	True	False	[]	True	True	"[{""start"": 10, ""end"": 18, ""length"": 9, ""residue"": ""G""}]"	True	False	[]	True	homopolymer_warning	homopolymer_warning		main_supported_gvpa	supported_gvpa	pass	108	nat_fca422d4ddd5dcd65605	"[""nat_fca422d4ddd5dcd65605""]"	1	96	312.0	114	90	79	0.8777777777777778	0.8333333333333334	0.9375	0.7314814814814815	0.2685185185185185	resolved		346	127	True
vae_candidate_000141	3b3e4546afeda51564ce1fbd918270a263ce82a2b347dc66f21c5e08c0aa8118	True	False	eos	100	99	True	False	False	False	True	0.01810188733201649	0.06381829728796116	False	True	False	[]	True	False	[]	True	False	[]	True	False	[]	True	False	[]	True				excluded	unsupported	pass	99	nat_5d40201e59780a4578e1	"[""nat_5d40201e59780a4578e1""]"	1	95	277.0	108	86	69	0.8023255813953488	0.8686868686868687	0.9052631578947369	0.696969696969697	0.303030303030303	resolved		346	155	True
vae_candidate_000142	e94a06cb107ecf5821d5d2bcf87651dadf2757f3ec1fac900ca2a661a06b15ae	True	False	eos	62	61	True	False	False	False	True	0.11356282824389763	0.06381829728796116	True	True	False	[]	True	False	[]	True	False	[]	True	False	[]	True	False	[]	True	composition_outlier_warning	composition_outlier_warning		excluded	unsupported	fail	61		[]	0											unresolved	no_reliable_reference	346	0	True
vae_candidate_000144	b93956563cb6505a05013643f7befd20e08960734eb28ee8c93a6cde7f309551	True	False	eos	81	80	True	False	False	False	True	0.03973815656038573	0.06381829728796116	False	True	False	[]	True	False	[]	True	False	[]	True	False	[]	True	False	[]	True				excluded	unsupported	fail	80	nat_b14fdba1c12c78ac4485	"[""nat_b14fdba1c12c78ac4485""]"	1	84	113.5	88	76	33	0.4342105263157895	0.95	0.9047619047619048	0.39285714285714285	0.6071428571428572	resolved		346	206	True
vae_candidate_000145	51ebe7200e137bb6add954b2ba3970f5deb0ec139b92dfde5b1b8e7056fda921	True	False	eos	73	72	True	False	False	False	True	0.020035125315919094	0.06381829728796116	False	True	False	[]	True	False	[]	True	False	[]	True	False	[]	True	False	[]	True				excluded	unsupported	fail	72		[]	0											unresolved	no_reliable_reference	346	0	True
vae_candidate_000146	2cd96b500f562124ba91388465434469cc91f92bc52e5b23a6b5a631a18a6f73	True	False	eos	175	174	True	False	False	False	True	0.07029927148575026	0.06381829728796116	True	True	False	[]	True	False	[]	True	False	[]	True	False	[]	True	False	[]	True	composition_outlier_warning	composition_outlier_warning		excluded	unsupported	fail	174		[]	0											unresolved	no_reliable_reference	346	0	True
vae_candidate_000147	0084361ba30d031bc86de88e9ccc87a4d67457402884b0dab358b6c5d518204b	True	False	eos	65	64	True	False	False	False	True	0.07049877095686037	0.06381829728796116	True	True	False	[]	True	False	[]	True	False	[]	True	False	[]	True	False	[]	True	composition_outlier_warning	composition_outlier_warning		excluded	unsupported	fail	64	nat_278c7a3fd12af0319695	"[""nat_278c7a3fd12af0319695"", ""nat_444b2346dad8b8d36df2""]"	2	71	5.0	77	58	18	0.3103448275862069	0.90625	0.8169014084507042	0.2535211267605634	0.7464788732394366	resolved		346	7	True
vae_candidate_000148	92f6d1223aef1df0a3719e5ad99ffb1a75654276bbfb2b83d25cde63b81e64f8	True	False	eos	65	64	True	False	False	False	True	0.12800890575777304	0.06381829728796116	True	True	False	[]	True	False	[]	True	False	[]	True	False	[]	True	False	[]	True	composition_outlier_warning	composition_outlier_warning		excluded	unsupported	fail	64	nat_505ccb0a3946a89f0437	"[""nat_505ccb0a3946a89f0437"", ""nat_8d6274f78693091697cf"", ""nat_a1131689eff9ccc2bc1c"", ""nat_d43d1d5ec03e055dcf06"", ""nat_eccab6536bed142192aa"", ""nat_ffde9c8a0aa4cd762cfd""]"	6	70	25.0	74	60	22	0.36666666666666664	0.9375	0.8571428571428571	0.3142857142857143	0.6857142857142857	resolved		346	43	True
vae_candidate_000150	1b0adf679719adbdfdfd58f18604287fb5603c6d1215a2f6e606e22de5f27bad	True	False	eos	75	74	True	False	False	False	True	0.013948945224027745	0.06381829728796116	False	True	False	[]	True	False	[]	True	False	[]	True	False	[]	True	False	[]	True				excluded	unsupported	pass	74	nat_ea5746ec582bf06f4e03	"[""nat_ea5746ec582bf06f4e03""]"	1	72	269.0	80	66	59	0.8939393939393939	0.8918918918918919	0.9166666666666666	0.7972972972972973	0.20270270270270274	resolved		346	78	True
vae_candidate_000152	b9f9615a7656c27f997415678f15d4b0743afd9cd51c6fe9ed833d79ea9ce896	True	False	eos	60	59	True	False	False	False	True	0.12746140248689977	0.06381829728796116	True	True	False	[]	True	False	[]	True	False	[]	True	False	[]	True	False	[]	True	composition_outlier_warning	composition_outlier_warning		excluded	unsupported	fail	59		[]	0											unresolved	no_reliable_reference	346	0	True
vae_candidate_000153	36daaa4f653074071e1cc710d733e0aaca8f5d2641c56d79339c342b951881e0	True	False	eos	105	104	True	False	False	False	True	0.015799828912517685	0.06381829728796116	False	True	False	[]	True	False	[]	True	False	[]	True	False	[]	True	False	[]	True				main_supported_gvpa	supported_gvpa	pass	104	nat_4d4e00d31d935ed0527d	"[""nat_4d4e00d31d935ed0527d"", ""nat_a49cfe7d33cec22c3905""]"	2	95	217.5	110	89	59	0.6629213483146067	0.8557692307692307	0.9368421052631579	0.5673076923076923	0.4326923076923077	resolved		346	132	True
vae_candidate_000154	bede1acd3dfa03229336f2995685abe23605c54995c0d11b041de81ce819a88c	True	False	eos	89	88	True	False	False	False	True	0.06408489739361135	0.06381829728796116	True	True	False	[]	True	False	[]	True	False	[]	True	False	[]	True	False	[]	True	composition_outlier_warning	composition_outlier_warning		excluded	unsupported	fail	88	nat_4cea385a8794a0b112c3	"[""nat_4cea385a8794a0b112c3""]"	1	94	71.0	104	78	34	0.4358974358974359	0.8863636363636364	0.8297872340425532	0.3617021276595745	0.6382978723404256	resolved		346	142	True
vae_candidate_000155	0408aa3e91484cb0ff22cfcee5bf7037ce784723e304e8e995aa32ac7a38c205	True	False	eos	88	87	True	False	False	False	True	0.06573490035718335	0.06381829728796116	True	True	False	[]	True	False	[]	True	False	[]	True	True	"[{""start"": 9, ""end"": 14, ""length"": 6, ""residue"": ""G""}]"	True	False	[]	True	composition_outlier_warning;homopolymer_warning	composition_outlier_warning;homopolymer_warning		excluded	unsupported	fail	87	nat_42d774e2b731f8e5de6a	"[""nat_42d774e2b731f8e5de6a"", ""nat_fc382b09fdd1c909c75c""]"	2	93	16.0	97	83	24	0.2891566265060241	0.9540229885057471	0.8924731182795699	0.25806451612903225	0.7419354838709677	resolved		346	3	True
vae_candidate_000156	18a711fe656e7d0306a7eb7c07d6b4e38c4dc5a82b6a9f044b67587dc40b721c	True	False	eos	88	87	True	False	False	False	True	0.05131562137389274	0.06381829728796116	False	True	False	[]	True	False	[]	True	False	[]	True	False	[]	True	False	[]	True				excluded	unsupported	pass	87	nat_873dfd59523575571c0b	"[""nat_873dfd59523575571c0b""]"	1	85	163.5	102	70	43	0.6142857142857143	0.8045977011494253	0.8235294117647058	0.4942528735632184	0.5057471264367817	resolved		346	19	True
vae_candidate_000157	54e6114d75184eb729413fb2dc6f4713bf5799d376a3a630e87f9b2f1fbb9372	True	False	eos	100	99	True	False	False	False	True	0.02618069842044847	0.06381829728796116	False	True	False	[]	True	False	[]	True	False	[]	True	False	[]	True	False	[]	True				main_supported_gvpa	supported_gvpa	pass	99	nat_92d7d81f95603487cd9c	"[""nat_92d7d81f95603487cd9c"", ""nat_a7791ad55c70e7fd3462""]"	2	95	435.5	99	95	90	0.9473684210526315	0.9595959595959596	1.0	0.9090909090909091	0.09090909090909094	resolved		346	158	True
vae_candidate_000158	8b40978c51799030cff722d3a3412c8db1b8c3fa81a7f02cafc80901ee1b37d1	True	False	eos	90	89	True	False	False	False	True	0.02776942093048166	0.06381829728796116	False	True	False	[]	True	False	[]	True	False	[]	True	False	[]	True	False	[]	True				excluded	unsupported	fail	89	nat_92d7d81f95603487cd9c	"[""nat_92d7d81f95603487cd9c"", ""nat_d80e058d93177215aa4b""]"	2	95	184.0	108	76	54	0.7105263157894737	0.8539325842696629	0.8	0.5684210526315789	0.43157894736842106	resolved		346	56	True
vae_candidate_000159	81f09ade331c8a29c45cd0c9b74066fa9850166563b0f20e0b9773365ca41d30	True	False	eos	57	56	True	False	False	False	True	0.12398782910206826	0.06381829728796116	True	True	False	[]	True	False	[]	True	False	[]	True	False	[]	True	False	[]	True	composition_outlier_warning	composition_outlier_warning		excluded	unsupported	fail	56		[]	0											unresolved	no_reliable_reference	346	0	True
vae_candidate_000160	9dd7f2cc810aab79156ced1614d62aada5b77ed90a510333a85b97301e5162e9	True	False	eos	122	121	True	False	False	False	True	0.02487008804527234	0.06381829728796116	False	True	False	[]	True	False	[]	True	False	[]	True	True	"[{""start"": 94, ""end"": 99, ""length"": 6, ""residue"": ""E""}]"	True	False	[]	True	homopolymer_warning	homopolymer_warning		main_supported_gvpa	supported_gvpa	pass	121	nat_833a1708482ad34125e2	"[""nat_833a1708482ad34125e2""]"	1	98	281.0	121	98	70	0.7142857142857143	0.8099173553719008	1.0	0.5785123966942148	0.42148760330578516	resolved		346	32	True
vae_candidate_000161	bcced92e03618490219479082e8c15fa26f631afa2ddeafbba54c297b4a1d2e7	True	False	eos	112	111	True	False	False	False	True	0.016577548745123648	0.06381829728796116	False	True	False	[]	True	False	[]	True	False	[]	True	False	[]	True	False	[]	True				ambiguous_exploration	gvpa_gvpj_ambiguous	pass	111	nat_4b58b860e36e01bdb682	"[""nat_4b58b860e36e01bdb682""]"	1	95	204.0	114	92	55	0.5978260869565217	0.8288288288288288	0.968421052631579	0.4954954954954955	0.5045045045045045	resolved		346	63	True
vae_candidate_000162	320232909f14afde702de6217dbcd3ea5a33c4fd58c49f84fa5496efaf958b72	True	False	eos	140	139	True	False	False	False	True	0.028545732746305806	0.06381829728796116	False	True	False	[]	True	False	[]	True	False	[]	True	False	[]	True	False	[]	True				excluded	unsupported	fail	139		[]	0											unresolved	no_reliable_reference	346	0	True
vae_candidate_000163	3510ae80249bd2577b08d50783ab599b11784080600d8f2388bdba14169511e7	True	False	eos	79	78	True	False	False	False	True	0.0324189459421365	0.06381829728796116	False	True	False	[]	True	False	[]	True	False	[]	True	False	[]	True	False	[]	True				ambiguous_exploration	gvpa_gvpj_ambiguous	pass	78	nat_1f956fdbc151f2ec0ffb	"[""nat_1f956fdbc151f2ec0ffb""]"	1	95	194.0	96	77	54	0.7012987012987013	0.9871794871794872	0.8105263157894737	0.5684210526315789	0.43157894736842106	resolved		346	209	True
vae_candidate_000164	fff358e816c7139b0f4493a199ac29cef6200668602f3f63de2d50b7def81600	True	False	eos	99	98	True	False	False	False	True	0.11052250077614606	0.06381829728796116	True	True	False	[]	True	False	[]	True	False	[]	True	False	[]	True	False	[]	True	composition_outlier_warning	composition_outlier_warning		excluded	unsupported	fail	98		[]	0											unresolved	no_reliable_reference	346	0	True
vae_candidate_000165	f092151e43cfa2fe0407f8ca5ca8326cd22a082f37a33ade280faeb6ac085f98	True	False	eos	115	114	True	False	False	False	True	0.019887416260191	0.06381829728796116	False	True	False	[]	True	False	[]	True	False	[]	True	False	[]	True	False	[]	True				excluded	unsupported	fail	114	nat_c5a4c69d0879da5e6614	"[""nat_c5a4c69d0879da5e6614"", ""nat_c7cb28cf54b6a88ff785"", ""nat_dc2b0da282a1a334132b""]"	3	97	137.0	116	95	40	0.42105263157894735	0.8333333333333334	0.979381443298969	0.3508771929824561	0.6491228070175439	resolved		346	10	True
vae_candidate_000166	1d6cc61702b6fa5e322a0407d197324b0d5315c3e829be0d6155af7653b5ad0d	True	False	eos	72	71	True	False	False	False	True	0.0631211961502928	0.06381829728796116	False	True	False	[]	True	False	[]	True	False	[]	True	True	"[{""start"": 9, ""end"": 15, ""length"": 7, ""residue"": ""G""}]"	True	False	[]	True	homopolymer_warning	homopolymer_warning		excluded	unsupported	fail	71	nat_b07305ca6f722d02988a	"[""nat_b07305ca6f722d02988a""]"	1	71	56.5	84	58	29	0.5	0.8169014084507042	0.8169014084507042	0.4084507042253521	0.5915492957746479	resolved		346	29	True
vae_candidate_000167	f86db6d177f86b3f6a6969a24c14d1b9253c9454d7b09a1a74fa1d79524a34b9	True	False	eos	94	93	True	False	False	False	True	0.03036690473697131	0.06381829728796116	False	True	False	[]	True	False	[]	True	False	[]	True	False	[]	True	False	[]	True				excluded	unsupported	pass	93	nat_38cb7bda240a833d36b3	"[""nat_38cb7bda240a833d36b3""]"	1	95	153.5	105	83	47	0.5662650602409639	0.8924731182795699	0.8736842105263158	0.49473684210526314	0.5052631578947369	resolved		346	184	True
vae_candidate_000168	505761e1094ef0275eed6858988df3a4e40b14303da2790c353fd83099184efb	True	False	eos	58	57	True	False	False	False	True	0.11104514036154368	0.06381829728796116	True	True	False	[]	True	False	[]	True	False	[]	True	False	[]	True	False	[]	True	composition_outlier_warning	composition_outlier_warning		excluded	unsupported	fail	57		[]	0											unresolved	no_reliable_reference	346	0	True
vae_candidate_000169	d029f98a1551f893704ceb95163ce5da371af34b3a270d76bb32a51e6fb1b769	True	False	eos	94	93	True	False	False	False	True	0.023807587308347415	0.06381829728796116	False	True	False	[]	True	False	[]	True	False	[]	True	False	[]	True	False	[]	True				excluded	unsupported	pass	93	nat_0101bc590c89813c161a	"[""nat_0101bc590c89813c161a""]"	1	94	382.5	96	91	83	0.9120879120879121	0.978494623655914	0.9680851063829787	0.8829787234042553	0.11702127659574468	resolved		346	180	True
vae_candidate_000170	7edd697090a5ff160a8ff2ee90e7df7d14cf21b835c3ac55f0f71f4ac21a2ccf	True	False	eos	114	113	True	False	False	False	True	0.03099109818347229	0.06381829728796116	False	True	False	[]	True	False	[]	True	False	[]	True	False	[]	True	False	[]	True				excluded	unsupported	pass	113	nat_0ae199fc6d044a2da135	"[""nat_0ae199fc6d044a2da135""]"	1	95	171.0	115	93	48	0.5161290322580645	0.8230088495575221	0.9789473684210527	0.4247787610619469	0.5752212389380531	resolved		346	21	True
vae_candidate_000171	9a7adce0cd18380dd22b1089be53e10e7e8ee590554cb9bbe732d5a3a5dc46ec	True	False	eos	132	131	True	False	False	False	True	0.02277138503757116	0.06381829728796116	False	True	False	[]	True	False	[]	True	False	[]	True	False	[]	True	False	[]	True				excluded	unsupported	pass	131	nat_2f6b62c5722bcacabd8e	"[""nat_2f6b62c5722bcacabd8e""]"	1	136	186.0	156	111	63	0.5675675675675675	0.8473282442748091	0.8161764705882353	0.4632352941176471	0.5367647058823529	resolved		346	28	True
vae_candidate_000172	836d8acb165c0b0db5117f24d5cdaf7ddb42ad0f347ce8723a223113738f8f08	True	False	eos	123	122	True	False	False	False	True	0.01864254733125458	0.06381829728796116	False	True	False	[]	True	False	[]	True	False	[]	True	False	[]	True	False	[]	True				ambiguous_exploration	gvpa_gvpj_ambiguous	pass	122	nat_db787bdce100ebe0b52f	"[""nat_db787bdce100ebe0b52f""]"	1	137	234.5	149	110	68	0.6181818181818182	0.9016393442622951	0.8029197080291971	0.49635036496350365	0.5036496350364963	resolved		346	50	True
vae_candidate_000173	52852e6e29ee1b90b78e092b324389ac9baf4bb81fde00e8630e56dc31c2c868	True	False	eos	97	96	True	False	False	False	True	0.04805278008392717	0.06381829728796116	False	True	False	[]	True	False	[]	True	False	[]	True	False	[]	True	False	[]	True				excluded	unsupported	fail	96		[]	0											unresolved	no_reliable_reference	346	0	True
vae_candidate_000174	8c0ed9541ec973d0a666dcf3b844a91d184a6bc496dd831b0d61ff3c3c16e7ee	True	False	eos	56	55	True	False	False	False	True	0.09517309479480718	0.06381829728796116	True	True	False	[]	True	False	[]	True	False	[]	True	False	[]	True	False	[]	True	composition_outlier_warning	composition_outlier_warning		excluded	unsupported	fail	55		[]	0											unresolved	no_reliable_reference	346	0	True
vae_candidate_000175	109657dc7dcfa36d34cfcc80285b974b2ef722eebdfb980851f30e74fcee78f3	True	False	eos	61	60	True	False	False	False	True	0.08675045631461599	0.06381829728796116	True	True	False	[]	True	False	[]	True	False	[]	True	False	[]	True	False	[]	True	composition_outlier_warning	composition_outlier_warning		excluded	unsupported	fail	60	nat_ffde9c8a0aa4cd762cfd	"[""nat_ffde9c8a0aa4cd762cfd""]"	1	70	89.5	73	57	35	0.6140350877192983	0.95	0.8142857142857143	0.5	0.5	resolved		346	28	True
vae_candidate_000176	c8ba94e8c286ae52b9074a92918e696567f9575262debab8e144b8fde83e93db	True	False	eos	110	109	True	False	False	False	True	0.029290309753205897	0.06381829728796116	False	True	False	[]	True	False	[]	True	False	[]	True	False	[]	True	False	[]	True				excluded	unsupported	fail	109		[]	0											unresolved	no_reliable_reference	346	0	True
vae_candidate_000177	bc3ad30be95c58aad8fdc57ebda99720fe908a50b73b38db786073c8e1671cfd	True	False	eos	155	154	True	False	False	False	True	0.08123095384999923	0.06381829728796116	True	True	False	[]	True	False	[]	True	False	[]	True	False	[]	True	False	[]	True	composition_outlier_warning	composition_outlier_warning		excluded	unsupported	fail	154	nat_dbbc85b2e6d8fc6f3682	"[""nat_dbbc85b2e6d8fc6f3682""]"	1	154	32.5	184	124	44	0.3548387096774194	0.8051948051948052	0.8051948051948052	0.2857142857142857	0.7142857142857143	resolved		346	6	True
vae_candidate_000178	a94294cfc7ac86eac784c22b25226923ef83d2dff8e3cfcc9c3b119aae31d4b5	True	False	eos	71	70	True	False	False	False	True	0.019903322813244164	0.06381829728796116	False	True	False	[]	True	False	[]	True	False	[]	True	False	[]	True	False	[]	True				excluded	unsupported	pass	70	nat_ea5746ec582bf06f4e03	"[""nat_ea5746ec582bf06f4e03""]"	1	72	263.0	76	66	56	0.8484848484848485	0.9428571428571428	0.9166666666666666	0.7777777777777778	0.2222222222222222	resolved		346	78	True
vae_candidate_000179	8b5e6adda9ef60506d79797e4d301b5e2604c21ae4d69d19610b2835e5686ad9	True	False	eos	92	91	True	False	False	False	True	0.024443402667051445	0.06381829728796116	False	True	False	[]	True	False	[]	True	False	[]	True	False	[]	True	False	[]	True				main_supported_gvpa	supported_gvpa	pass	91	nat_7d45d6cf3df5d3d36985	"[""nat_7d45d6cf3df5d3d36985"", ""nat_9ba949b2aab9e2be6898""]"	2	95	252.0	96	90	63	0.7	0.989010989010989	0.9473684210526315	0.6631578947368421	0.33684210526315794	resolved		346	190	True
vae_candidate_000180	8143a2dd967ce7c65ea791c24e2b799ea6e7d707b687d2fcdd4bffeb57651266	True	False	eos	70	69	True	False	False	False	True	0.03975136332731865	0.06381829728796116	False	True	False	[]	True	False	[]	True	False	[]	True	False	[]	True	False	[]	True				excluded	unsupported	fail	69	nat_2708b2500f3eefced6c0	"[""nat_2708b2500f3eefced6c0""]"	1	69	130.5	73	65	42	0.6461538461538462	0.9420289855072463	0.9420289855072463	0.6086956521739131	0.3913043478260869	resolved		346	64	True
vae_candidate_000181	9809b2f6a3ab093fb40db71de3b62bca1d193654ff24e3f2a9eb9f61f2fddd06	True	False	eos	168	167	True	False	False	False	True	0.054190731877068674	0.06381829728796116	False	True	False	[]	True	False	[]	True	False	[]	True	True	"[{""start"": 10, ""end"": 15, ""length"": 6, ""residue"": ""G""}]"	True	False	[]	True	homopolymer_warning	homopolymer_warning		excluded	unsupported	pass	167		[]	0											unresolved	no_reliable_reference	346	0	True
vae_candidate_000182	1412b0b35813875f6fbac55bd4fdfb0f14214d92eb3a8298b500f5b040b2f93b	True	False	eos	143	142	True	False	False	False	True	0.03340729744200524	0.06381829728796116	False	True	False	[]	True	False	[]	True	False	[]	True	False	[]	True	False	[]	True				excluded	unsupported	pass	142	nat_9c7fbca4e03cd6830bf2	"[""nat_9c7fbca4e03cd6830bf2""]"	1	146	312.0	164	124	80	0.6451612903225806	0.8732394366197183	0.8493150684931506	0.547945205479452	0.452054794520548	resolved		346	65	True
vae_candidate_000183	e4d5bf3abe9c034162a36b0780f92f08ab98ffdcc42381730ded88d7ccef8de1	True	False	eos	100	99	True	False	False	False	True	0.028528989843136954	0.06381829728796116	False	True	False	[]	True	False	[]	True	False	[]	True	False	[]	True	False	[]	True				excluded	unsupported	fail	99		[]	0											unresolved	no_reliable_reference	346	0	True
vae_candidate_000184	003f97e66ee9cc32d8a0f2fd8ee10bf57a49a81da98c20c5718a02b8d96f6cdc	True	False	eos	106	105	True	False	False	False	True	0.027703671140412587	0.06381829728796116	False	True	False	[]	True	False	[]	True	False	[]	True	False	[]	True	False	[]	True				ambiguous_exploration	gvpa_gvpj_ambiguous	pass	105	nat_4f76b230eb60279eb5dd	"[""nat_4f76b230eb60279eb5dd"", ""nat_82e4660fb87f57daff30"", ""nat_842bc418f0682cd2a9c8"", ""nat_9ba949b2aab9e2be6898"", ""nat_c468502803b4ab5981f1""]"	5	95	208.0	107	93	54	0.5806451612903226	0.8857142857142857	0.9789473684210527	0.5142857142857142	0.48571428571428577	resolved		346	141	True
vae_candidate_000185	dbef3f7ba961fff4a0abdd70a80781ed0f77893c517ad90431787a30e6e45fa3	True	False	eos	86	85	True	False	False	False	True	0.0882212921228199	0.06381829728796116	True	True	False	[]	True	False	[]	True	False	[]	True	True	"[{""start"": 7, ""end"": 17, ""length"": 11, ""residue"": ""G""}]"	True	False	[]	True	composition_outlier_warning;homopolymer_warning	composition_outlier_warning;homopolymer_warning		excluded	unsupported	fail	85	nat_262acad32bf64e600812	"[""nat_262acad32bf64e600812"", ""nat_476885d73f2103224b29""]"	2	75	1.0	92	68	22	0.3235294117647059	0.8	0.9066666666666666	0.25882352941176473	0.7411764705882353	resolved		346	5	True
vae_candidate_000186	1664fec985ad1e9e4c4a008b8442712cb47ff0370d88ef80e66303d30aa45400	True	False	eos	72	71	True	False	False	False	True	0.021252323818101174	0.06381829728796116	False	True	False	[]	True	False	[]	True	False	[]	True	False	[]	True	False	[]	True				excluded	unsupported	pass	71	nat_1ed909a554bd91f8870f	"[""nat_1ed909a554bd91f8870f""]"	1	73	236.5	78	66	55	0.8333333333333334	0.9295774647887324	0.9041095890410958	0.7534246575342466	0.2465753424657534	resolved		346	81	True
vae_candidate_000187	2f09036db7504ff1824b3320cad1a9bc1756673256a0d30c5cdccc775b029c88	True	False	eos	101	100	True	False	False	False	True	0.041102741526387036	0.06381829728796116	False	True	False	[]	True	False	[]	True	False	[]	True	False	[]	True	False	[]	True				excluded	unsupported	fail	100	nat_168a7720be25950ce7a5	"[""nat_168a7720be25950ce7a5"", ""nat_3d7fc725cd17cf23a73c"", ""nat_6681febe116459c77b18"", ""nat_6b2c0d4d7468a9bb7cde"", ""nat_7d45d6cf3df5d3d36985"", ""nat_9ca97034ea4d97950343""]"	6	94	101.0	109	85	43	0.5058823529411764	0.85	0.9042553191489362	0.43	0.5700000000000001	resolved		346	86	True
vae_candidate_000188	8975543947effaaab4ab837fbfb59308f468a061de87280e356de00c33c65239	False	True	length_cap	180	180	True	False	True	False	True	0.017606465411440297	0.06381829728796116	False	True	False	[]	True	False	[]	True	False	[]	True	False	[]	True	False	[]	True	generation_cap_warning	generation_cap_warning		excluded	unsupported	fail	180		[]	0											unresolved	no_reliable_reference	346	0	True
vae_candidate_000189	167fee8d36dd9af2dba6a846a2791954e239ea6ea97e34ec49786e49239b7dfa	True	False	eos	64	63	True	False	False	False	True	0.12163163997693549	0.06381829728796116	True	True	False	[]	True	False	[]	True	False	[]	True	True	"[{""start"": 9, ""end"": 21, ""length"": 13, ""residue"": ""G""}]"	True	False	[]	True	composition_outlier_warning;homopolymer_warning	composition_outlier_warning;homopolymer_warning		excluded	unsupported	fail	63		[]	0											unresolved	no_reliable_reference	346	0	True
vae_candidate_000190	a28610e7a90964be36d9c05a897725c221be1c2e43b53b9ec7af4c1e35d3a37b	True	False	eos	105	104	True	False	False	False	True	0.046865546711736816	0.06381829728796116	False	True	False	[]	True	False	[]	True	False	[]	True	False	[]	True	False	[]	True				excluded	unsupported	fail	104	nat_6681febe116459c77b18	"[""nat_6681febe116459c77b18"", ""nat_6b2c0d4d7468a9bb7cde"", ""nat_74aacbad701be1598660"", ""nat_833a1708482ad34125e2"", ""nat_b47c8eec954491beb714""]"	5	94	44.5	111	87	32	0.367816091954023	0.8365384615384616	0.925531914893617	0.3076923076923077	0.6923076923076923	resolved		346	61	True
vae_candidate_000192	668894996455d1a9db0662ad7890e7f654656f34e137eaa1a604ea4607e658c9	True	False	eos	96	95	True	False	False	False	True	0.05536943821826529	0.06381829728796116	False	True	False	[]	True	False	[]	True	False	[]	True	True	"[{""start"": 76, ""end"": 81, ""length"": 6, ""residue"": ""G""}]"	True	False	[]	True	homopolymer_warning	homopolymer_warning		excluded	unsupported	pass	95	nat_004ac783975534947324	"[""nat_004ac783975534947324"", ""nat_373d638b02f47e751a57"", ""nat_4a610b8daff21e476288"", ""nat_d9b751580230ca0e5773""]"	4	94	116.0	104	85	40	0.47058823529411764	0.8947368421052632	0.9042553191489362	0.42105263157894735	0.5789473684210527	resolved		346	172	True
vae_candidate_000193	9e188c3a36ca32596eb433129ef21f2939862d679c18620a72a953d68a45e0c5	True	False	eos	130	129	True	False	False	False	True	0.060746279734031225	0.06381829728796116	False	True	False	[]	True	False	[]	True	False	[]	True	False	[]	True	False	[]	True				excluded	unsupported	fail	129	nat_0942555d17806690a15c	"[""nat_0942555d17806690a15c""]"	1	148	55.5	153	124	43	0.3467741935483871	0.9612403100775194	0.8378378378378378	0.2905405405405405	0.7094594594594594	resolved		346	6	True
vae_candidate_000194	9a528632b5c47a07403411a3d1347c9e9d00b971c33388e88e627b8cd206149a	True	False	eos	142	141	True	False	False	False	True	0.015085870501961415	0.06381829728796116	False	True	False	[]	True	False	[]	True	False	[]	True	False	[]	True	False	[]	True				excluded	unsupported	pass	141		[]	0											unresolved	no_reliable_reference	346	0	True
vae_candidate_000195	a06ab31661ea572411ccd3513979a7ca9925d218a9a2e562f7ed83980c5c6cce	True	False	eos	103	102	True	False	False	False	True	0.024319736290810946	0.06381829728796116	False	True	False	[]	True	False	[]	True	False	[]	True	False	[]	True	False	[]	True				excluded	unsupported	pass	102	nat_0101bc590c89813c161a	"[""nat_0101bc590c89813c161a"", ""nat_1f956fdbc151f2ec0ffb"", ""nat_6681febe116459c77b18"", ""nat_67dd37821af98e87666e"", ""nat_6b2c0d4d7468a9bb7cde"", ""nat_78005b3dddedd0251b7e"", ""nat_8f3e753527c876cd94f0"", ""nat_c468502803b4ab5981f1"", ""nat_d5d6f3cedb33fb3328b6""]"	9	94	303.0	109	87	73	0.8390804597701149	0.8529411764705882	0.925531914893617	0.7156862745098039	0.28431372549019607	resolved		346	158	True
vae_candidate_000196	8c5c404c060c66e8d156577a659e57caec63a02249ea1607a4b856639775de66	True	False	eos	53	52	True	False	False	False	True	0.07334645895797229	0.06381829728796116	True	True	False	[]	True	False	[]	True	False	[]	True	False	[]	True	False	[]	True	composition_outlier_warning	composition_outlier_warning		excluded	unsupported	fail	52		[]	0											unresolved	no_reliable_reference	346	0	True
vae_candidate_000197	ee5ca7d972c405c91ecc92f1fdc176c0c3a5a0fe851f28758ac72588ec8ed07a	True	False	eos	171	170	True	False	False	False	True	0.026002661080007667	0.06381829728796116	False	True	False	[]	True	False	[]	True	False	[]	True	False	[]	True	False	[]	True				excluded	unsupported	pass	170	nat_2f6261679e76a403b7de	"[""nat_2f6261679e76a403b7de"", ""nat_d69494036b1115ae54ae""]"	2	156	244.5	185	141	72	0.5106382978723404	0.8294117647058824	0.9038461538461539	0.4235294117647059	0.5764705882352941	resolved		346	63	True
vae_candidate_000198	4feda4514dbe770bb282f520e3beaa0ca704c589650063ed1ec89e039f25fa5f	False	True	length_cap	180	180	True	False	True	False	True	0.04706005549621624	0.06381829728796116	False	True	False	[]	True	False	[]	True	False	[]	True	True	"[{""start"": 7, ""end"": 15, ""length"": 9, ""residue"": ""G""}]"	True	False	[]	True	generation_cap_warning;homopolymer_warning	generation_cap_warning;homopolymer_warning		excluded	unsupported	fail	180		[]	0											unresolved	no_reliable_reference	346	0	True
vae_candidate_000199	5f0dcc32f6b8330ee412261d921215ed90b162b98a8cc99e32a899afea33e162	True	False	eos	144	143	True	False	False	False	True	0.022530002559240564	0.06381829728796116	False	True	False	[]	True	False	[]	True	False	[]	True	False	[]	True	False	[]	True				excluded	unsupported	fail	143		[]	0											unresolved	no_reliable_reference	346	0	True
vae_candidate_000201	f80177044c9717b951fbfe25da980bda44c7d6b7114baaf196a7f83d65c45883	True	False	eos	92	91	True	False	False	False	True	0.09601906199878386	0.06381829728796116	True	True	False	[]	True	False	[]	True	False	[]	True	True	"[{""start"": 11, ""end"": 17, ""length"": 7, ""residue"": ""G""}]"	True	False	[]	True	composition_outlier_warning;homopolymer_warning	composition_outlier_warning;homopolymer_warning		excluded	unsupported	fail	91	nat_320fa412f1f1ad675d12	"[""nat_320fa412f1f1ad675d12""]"	1	87	38.0	102	76	27	0.35526315789473684	0.8351648351648352	0.8735632183908046	0.2967032967032967	0.7032967032967032	resolved		346	7	True
vae_candidate_000202	fee5a96d67a5cfa3cbd913896de11f0befc04f733642a2894d6c43335045b56d	True	False	eos	96	95	True	False	False	False	True	0.019181526100429894	0.06381829728796116	False	True	False	[]	True	False	[]	True	False	[]	True	False	[]	True	False	[]	True				excluded	unsupported	pass	95	nat_943ce15fb7773fa3a769	"[""nat_943ce15fb7773fa3a769""]"	1	94	233.5	107	82	62	0.7560975609756098	0.8631578947368421	0.8723404255319149	0.6526315789473685	0.34736842105263155	resolved		346	168	True
vae_candidate_000203	31169355add93c46a51ea5df1f72e4e338450f47be3216165aba44066c84ac37	True	False	eos	100	99	True	False	False	False	True	0.03853153052904669	0.06381829728796116	False	True	False	[]	True	False	[]	True	False	[]	True	False	[]	True	False	[]	True				excluded	unsupported	fail	99	nat_7ee1d64f80049d71603c	"[""nat_7ee1d64f80049d71603c""]"	1	95	85.0	113	81	37	0.4567901234567901	0.8181818181818182	0.8526315789473684	0.37373737373737376	0.6262626262626263	resolved		346	141	True
vae_candidate_000204	29277ab694a2273f009b2ed11a79f0ececbc3cb1d1d81955a1034d9d5fc47a74	True	False	eos	169	168	True	False	False	False	True	0.022919449390184074	0.06381829728796116	False	True	False	[]	True	False	[]	True	False	[]	True	False	[]	True	False	[]	True				excluded	unsupported	fail	168	nat_d71b202a146af4e5c40e	"[""nat_d71b202a146af4e5c40e""]"	1	157	97.0	190	135	58	0.42962962962962964	0.8035714285714286	0.8598726114649682	0.34523809523809523	0.6547619047619048	resolved		346	3	True
vae_candidate_000205	ba03762107d2984b43150caa692d9857bd6261833246a9b656307f7a0705a39e	True	False	eos	69	68	True	False	False	False	True	0.060359917455848344	0.06381829728796116	False	True	False	[]	True	False	[]	True	False	[]	True	False	[]	True	False	[]	True				excluded	unsupported	pass	68	nat_39cf0fd21702af1ff2b1	"[""nat_39cf0fd21702af1ff2b1""]"	1	69	145.5	76	61	41	0.6721311475409836	0.8970588235294118	0.8840579710144928	0.5942028985507246	0.4057971014492754	resolved		346	63	True
vae_candidate_000206	a0b1467e1e209d41a25594d394ffeff97cc775925d716010a3d348004fea2dc0	True	False	eos	102	101	True	False	False	False	True	0.12272020238208584	0.06381829728796116	True	True	False	[]	True	False	[]	True	False	[]	True	False	[]	True	False	[]	True	composition_outlier_warning	composition_outlier_warning		excluded	unsupported	fail	101	nat_67dd37821af98e87666e	"[""nat_67dd37821af98e87666e""]"	1	96	8.5	116	81	23	0.2839506172839506	0.801980198019802	0.84375	0.22772277227722773	0.7722772277227723	resolved		346	1	True
vae_candidate_000207	0c811d397f498c429da4785976f9dd4d72e3524980d5a0b2ad7a0e729bea5ec8	True	False	eos	74	73	True	False	False	False	True	0.029107311249407145	0.06381829728796116	False	True	False	[]	True	False	[]	True	False	[]	True	False	[]	True	False	[]	True				excluded	unsupported	pass	73	nat_ea5746ec582bf06f4e03	"[""nat_ea5746ec582bf06f4e03""]"	1	72	167.0	83	62	45	0.7258064516129032	0.8493150684931506	0.8611111111111112	0.6164383561643836	0.3835616438356164	resolved		346	76	True
vae_candidate_000208	1044c7eed672e2cf0b3c161db39c8758b60316d9ff28b12700d7b1e194cdf99c	True	False	eos	110	109	True	False	False	False	True	0.09122009737790868	0.06381829728796116	True	True	False	[]	True	False	[]	True	False	[]	True	False	[]	True	False	[]	True	composition_outlier_warning	composition_outlier_warning		excluded	unsupported	fail	109		[]	0											unresolved	no_reliable_reference	346	0	True
vae_candidate_000209	660a826e35b0f6aa3021db075e19ce046cb219e3e7849e6cd0f453c9cd794116	True	False	eos	122	121	True	False	False	False	True	0.06562333396458218	0.06381829728796116	True	True	False	[]	True	False	[]	True	False	[]	True	False	[]	True	False	[]	True	composition_outlier_warning	composition_outlier_warning		excluded	unsupported	fail	121		[]	0											unresolved	no_reliable_reference	346	0	True
vae_candidate_000210	50fb097c7f98840d8110e7f29c0a8a2177e622ff26833f4f5ebca72ac1cf8224	True	False	eos	73	72	True	False	False	False	True	0.020004597499756825	0.06381829728796116	False	True	False	[]	True	False	[]	True	False	[]	True	False	[]	True	False	[]	True				excluded	unsupported	pass	72	nat_3cc2cb889cfdbbcaa17b	"[""nat_3cc2cb889cfdbbcaa17b"", ""nat_61a382d08777524701b3"", ""nat_ac44a557fbffad89a437"", ""nat_ea5746ec582bf06f4e03""]"	4	72	237.0	76	68	48	0.7058823529411765	0.9444444444444444	0.9444444444444444	0.6666666666666666	0.33333333333333337	resolved		346	96	True
vae_candidate_000211	0f4c898ada2763c5951907357111bf5bfa6c45f14fb4430b1e3934e7e6936145	True	False	eos	61	60	True	False	False	False	True	0.12575482387952797	0.06381829728796116	True	True	False	[]	True	False	[]	True	False	[]	True	True	"[{""start"": 24, ""end"": 32, ""length"": 9, ""residue"": ""G""}]"	True	False	[]	True	composition_outlier_warning;homopolymer_warning	composition_outlier_warning;homopolymer_warning		excluded	unsupported	fail	60		[]	0											unresolved	no_reliable_reference	346	0	True
vae_candidate_000213	c6d96e3ca01ad4f8f6628e9cc5aa4fd5afa3022df9d3083443b9777ae7c73e6e	True	False	eos	75	74	True	False	False	False	True	0.09818007241370662	0.06381829728796116	True	True	False	[]	True	False	[]	True	False	[]	True	False	[]	True	False	[]	True	composition_outlier_warning	composition_outlier_warning		excluded	unsupported	fail	74	nat_448d52f7c380acd65350	"[""nat_448d52f7c380acd65350"", ""nat_a4ce46bc0db75edd2892"", ""nat_f603a0bdb36b55f44821""]"	3	76	9.0	85	65	20	0.3076923076923077	0.8783783783783784	0.8552631578947368	0.2631578947368421	0.736842105263158	resolved		346	11	True
vae_candidate_000214	bd7b02bbfd2cddbbecbbb8f08a9a71680af6a546ad06304f28628fb61009cb9a	True	False	eos	129	128	True	False	False	False	True	0.03535399401212637	0.06381829728796116	False	True	False	[]	True	False	[]	True	False	[]	True	False	[]	True	False	[]	True				excluded	unsupported	fail	128	nat_0ccad4d436403131ae6a	"[""nat_0ccad4d436403131ae6a""]"	1	135	255.5	154	109	69	0.6330275229357798	0.8515625	0.8074074074074075	0.5111111111111111	0.48888888888888893	resolved		346	9	True
vae_candidate_000215	c79af7cfd75e9701bc2bc2a788129c07bd1248170a01713da2f97707d4841149	True	False	eos	125	124	True	False	False	False	True	0.03347526475512964	0.06381829728796116	False	True	False	[]	True	False	[]	True	False	[]	True	False	[]	True	False	[]	True				excluded	unsupported	fail	124	nat_8d5392221648a605a7c2	"[""nat_8d5392221648a605a7c2""]"	1	134	202.0	149	109	64	0.5871559633027523	0.8790322580645161	0.8134328358208955	0.47761194029850745	0.5223880597014925	resolved		346	11	True
vae_candidate_000216	cd36da61568351d7dae4ff015b53605891c6ede0708f230bdd74440585dab482	True	False	eos	101	100	True	False	False	False	True	0.038444292473951355	0.06381829728796116	False	True	False	[]	True	False	[]	True	False	[]	True	False	[]	True	False	[]	True				main_supported_gvpa	supported_gvpa	pass	100	nat_168a7720be25950ce7a5	"[""nat_168a7720be25950ce7a5"", ""nat_1eda5f35014077cd8e25"", ""nat_1f7ab0dfc808b4ef03c3"", ""nat_9ca97034ea4d97950343"", ""nat_a49cfe7d33cec22c3905"", ""nat_c8490949e18e771ed8c8"", ""nat_ccd25408209dd226eaf9""]"	7	94	236.0	105	89	58	0.651685393258427	0.89	0.9468085106382979	0.58	0.42000000000000004	resolved		346	155	True
vae_candidate_000217	879b424e7bee2e1ef62de7b9a9b1c249a784c911e8ccc39a2f7e072125d9029c	True	False	eos	65	64	True	False	False	False	True	0.04903020287182368	0.06381829728796116	False	True	False	[]	True	False	[]	True	False	[]	True	False	[]	True	False	[]	True				excluded	unsupported	fail	64	nat_08ca607a70bf3998101a	"[""nat_08ca607a70bf3998101a"", ""nat_9f8db13e803cecc901b7"", ""nat_a1131689eff9ccc2bc1c""]"	3	70	57.5	77	57	26	0.45614035087719296	0.890625	0.8142857142857143	0.37142857142857144	0.6285714285714286	resolved		346	46	True
vae_candidate_000218	e97781bf130d007cb42afb1abb751a50e856ddaaf54349b33957bea64cb84833	True	False	eos	150	149	True	False	False	False	True	0.053173684827505466	0.06381829728796116	False	True	False	[]	True	False	[]	True	False	[]	True	False	[]	True	False	[]	True				excluded	unsupported	fail	149		[]	0											unresolved	no_reliable_reference	346	0	True
vae_candidate_000219	c6b20f8f4424d8e92aff3f454737bfb51e76e0b1d6f964f218b753bc3003b1b9	True	False	eos	98	97	True	False	False	False	True	0.019365739736763844	0.06381829728796116	False	True	False	[]	True	False	[]	True	False	[]	True	False	[]	True	False	[]	True				main_supported_gvpa	supported_gvpa	pass	97	nat_78005b3dddedd0251b7e	"[""nat_78005b3dddedd0251b7e"", ""nat_8f3e753527c876cd94f0""]"	2	95	396.0	99	93	85	0.9139784946236559	0.9587628865979382	0.9789473684210527	0.8762886597938144	0.12371134020618557	resolved		346	166	True
vae_candidate_000221	14d00cf7f72da74d0b39f43332da00c340aca9d010816042e8910f5ba2ab101c	True	False	eos	95	94	True	False	False	False	True	0.03687876264701543	0.06381829728796116	False	True	False	[]	True	False	[]	True	False	[]	True	False	[]	True	False	[]	True				excluded	unsupported	fail	94		[]	0											unresolved	no_reliable_reference	346	0	True
vae_candidate_000222	7fc2b8bd40e03017434540c10fe9cfb8eab7da437f9e85ff62a99d2d373ed5a9	True	False	eos	137	136	True	False	False	False	True	0.05953253533960748	0.06381829728796116	False	True	False	[]	True	False	[]	True	False	[]	True	False	[]	True	False	[]	True				excluded	unsupported	fail	136	nat_51872cd8b900b7db59b4	"[""nat_51872cd8b900b7db59b4""]"	1	153	60.0	165	124	45	0.3629032258064516	0.9117647058823529	0.8104575163398693	0.29411764705882354	0.7058823529411764	resolved		346	25	True
vae_candidate_000223	6f7157364cb5876ea6416ba05856a392dd52580bc32926d6b3908abed9b6b1d9	True	False	eos	102	101	True	False	False	False	True	0.042801541848281194	0.06381829728796116	False	True	False	[]	True	False	[]	True	False	[]	True	False	[]	True	False	[]	True				excluded	unsupported	fail	101	nat_67dd37821af98e87666e	"[""nat_67dd37821af98e87666e"", ""nat_c5a4c69d0879da5e6614""]"	2	96	119.0	116	81	42	0.5185185185185185	0.801980198019802	0.84375	0.4158415841584158	0.5841584158415842	resolved		346	22	True
vae_candidate_000224	28b77be9d1be32a04ef21f3af44b52439fb7978590d2791dbb65e99351ad872a	True	False	eos	135	134	True	False	False	False	True	0.02771071508368944	0.06381829728796116	False	True	False	[]	True	False	[]	True	False	[]	True	False	[]	True	False	[]	True				excluded	unsupported	pass	134	nat_8bfb3056e00dc3525ee8	"[""nat_8bfb3056e00dc3525ee8""]"	1	145	222.0	163	116	64	0.5517241379310345	0.8656716417910447	0.8	0.4413793103448276	0.5586206896551724	resolved		346	25	True
vae_candidate_000225	75d5c30e6ef4bf3de7d8cc338c30edd7703e269d4247618eccf407af14c8c522	True	False	eos	102	101	True	False	False	False	True	0.042446598910271936	0.06381829728796116	False	True	False	[]	True	False	[]	True	False	[]	True	False	[]	True	False	[]	True				excluded	unsupported	fail	101	nat_2257aec2c4abeff42ec4	"[""nat_2257aec2c4abeff42ec4"", ""nat_84eddb9c9ecca10afd5a""]"	2	97	48.5	117	81	30	0.37037037037037035	0.801980198019802	0.8350515463917526	0.297029702970297	0.7029702970297029	resolved		346	4	True
vae_candidate_000226	0b7383e9eeb3ac17facc9eb8fa0873ed9f692d9d8175e46a02c8aacdc25536c9	True	False	eos	109	108	True	False	False	False	True	0.01596483112344574	0.06381829728796116	False	True	False	[]	True	False	[]	True	False	[]	True	False	[]	True	False	[]	True				excluded	unsupported	pass	108	nat_8f3e753527c876cd94f0	"[""nat_8f3e753527c876cd94f0""]"	1	95	353.0	108	95	87	0.9157894736842105	0.8796296296296297	1.0	0.8055555555555556	0.19444444444444442	resolved		346	138	True
vae_candidate_000227	a67a0ede32fead34fec5ac93e0ec2dffe4425355e1cad2aaf1a5060cebab88ee	True	False	eos	63	62	True	False	False	False	True	0.05291089758972404	0.06381829728796116	False	True	False	[]	True	False	[]	True	False	[]	True	False	[]	True	False	[]	True				excluded	unsupported	fail	62	nat_1ed909a554bd91f8870f	"[""nat_1ed909a554bd91f8870f""]"	1	73	7.0	75	60	15	0.25	0.967741935483871	0.821917808219178	0.2054794520547945	0.7945205479452055	resolved		346	7	True
vae_candidate_000229	ce20543d15055ddfc09adb7aa9fd1ea09ab2fbde1a94fc7cff78cbca4b57a893	True	False	eos	148	147	True	False	False	False	True	0.033269177890093274	0.06381829728796116	False	True	False	[]	True	False	[]	True	False	[]	True	True	"[{""start"": 7, ""end"": 18, ""length"": 12, ""residue"": ""G""}]"	True	False	[]	True	homopolymer_warning	homopolymer_warning		excluded	unsupported	pass	147	nat_a8224f75d4d10d7151b8	"[""nat_a8224f75d4d10d7151b8""]"	1	149	112.0	170	126	50	0.3968253968253968	0.8571428571428571	0.8456375838926175	0.33557046979865773	0.6644295302013423	resolved		346	5	True
vae_candidate_000231	693ace00289170afd6108a22d6a844796718e3346f71783d354659fd056d6751	True	False	eos	118	117	True	False	False	False	True	0.027182553269490844	0.06381829728796116	False	True	False	[]	True	False	[]	True	False	[]	True	False	[]	True	False	[]	True				excluded	unsupported	fail	117	nat_5d7c3d0594612da43ea2	"[""nat_5d7c3d0594612da43ea2""]"	1	137	178.0	143	111	54	0.4864864864864865	0.9487179487179487	0.8102189781021898	0.39416058394160586	0.6058394160583942	resolved		346	14	True
vae_candidate_000232	d070a684c5f8f5b0de75d622206a9ad0712bd323811148c698fa8ebc0381aa07	True	False	eos	155	154	True	False	False	False	True	0.02040068872694479	0.06381829728796116	False	True	False	[]	True	False	[]	True	False	[]	True	False	[]	True	False	[]	True				excluded	unsupported	fail	154	nat_25ee00a9c2b4e74f79dd	"[""nat_25ee00a9c2b4e74f79dd""]"	1	155	125.0	183	126	54	0.42857142857142855	0.8181818181818182	0.8129032258064516	0.34838709677419355	0.6516129032258065	resolved		346	7	True
vae_candidate_000233	1f2a7ad75307e824bd502a9dce411f2174cafb3fd117cfced57a7dc9dbd0fed8	True	False	eos	82	81	True	False	False	False	True	0.039453647620059526	0.06381829728796116	False	True	False	[]	True	False	[]	True	False	[]	True	False	[]	True	False	[]	True				excluded	unsupported	fail	81	nat_7801d96d034213cf08c8	"[""nat_7801d96d034213cf08c8""]"	1	84	41.0	97	68	29	0.4264705882352941	0.8395061728395061	0.8095238095238095	0.34523809523809523	0.6547619047619048	resolved		346	176	True
vae_candidate_000234	ee10af931147dd1ebb99e835c416ccb681abf0330e33b57dda8d137e2ef513c2	True	False	eos	66	65	True	False	False	False	True	0.07922591318552803	0.06381829728796116	True	True	False	[]	True	False	[]	True	False	[]	True	False	[]	True	False	[]	True	composition_outlier_warning	composition_outlier_warning		excluded	unsupported	fail	65	nat_5883761e33f67abd193e	"[""nat_5883761e33f67abd193e""]"	1	68	16.5	78	55	21	0.38181818181818183	0.8461538461538461	0.8088235294117647	0.3088235294117647	0.6911764705882353	resolved		346	9	True
vae_candidate_000235	63ae5e314f10e66fcf54c8e75c964fe4c19a02e79ca4f0afe569ffaec2ea4322	True	False	eos	142	141	True	False	False	False	True	0.03399250918414189	0.06381829728796116	False	True	False	[]	True	False	[]	True	False	[]	True	False	[]	True	False	[]	True				excluded	unsupported	pass	141	nat_c74d6e1106797b3a3d0f	"[""nat_c74d6e1106797b3a3d0f""]"	1	133	226.5	157	117	68	0.5811965811965812	0.8297872340425532	0.8796992481203008	0.48226950354609927	0.5177304964539007	resolved		346	52	True
vae_candidate_000236	3f20bd45c462044d03a5b53c801639d91c542e8345e2f0d929acb493ce89f73d	True	False	eos	94	93	True	False	False	False	True	0.05047993912237443	0.06381829728796116	False	True	False	[]	True	False	[]	True	False	[]	True	False	[]	True	False	[]	True				excluded	unsupported	pass	93		[]	0											unresolved	no_reliable_reference	346	0	True
vae_candidate_000237	d64d9727bbce9534924bb2014e9f6704115f0db8f6e5c9a902afc18c35984fca	True	False	eos	102	101	True	False	False	False	True	0.05144092128039422	0.06381829728796116	False	True	False	[]	True	False	[]	True	False	[]	True	False	[]	True	False	[]	True				excluded	unsupported	fail	101	nat_833a1708482ad34125e2	"[""nat_833a1708482ad34125e2""]"	1	98	43.0	117	82	32	0.3902439024390244	0.8118811881188119	0.8367346938775511	0.31683168316831684	0.6831683168316831	resolved		346	4	True
vae_candidate_000238	315d20f77f39819a1e4bcafc222b6ecdc4e2294953e7f72e94ef4983edbd528b	True	False	eos	110	109	True	False	False	False	True	0.041195137885522606	0.06381829728796116	False	True	False	[]	True	False	[]	True	False	[]	True	False	[]	True	False	[]	True				excluded	unsupported	fail	109	nat_4a87fc740463a61b2d05	"[""nat_4a87fc740463a61b2d05"", ""nat_b28a6bed955c267791e6""]"	2	109	159.0	123	95	43	0.45263157894736844	0.8715596330275229	0.8715596330275229	0.3944954128440367	0.6055045871559632	resolved		346	4	True
vae_candidate_000239	c55eb1208ed2361cd432dc8820c64dbe0c3f0a51245204a6ba00a15fb5baab96	True	False	eos	83	82	True	False	False	False	True	0.07303001592955913	0.06381829728796116	True	True	False	[]	True	False	[]	True	False	[]	True	False	[]	True	False	[]	True	composition_outlier_warning	composition_outlier_warning		excluded	unsupported	fail	82	nat_5c03f7861ccf36dc0533	"[""nat_5c03f7861ccf36dc0533""]"	1	84	14.0	98	68	26	0.38235294117647056	0.8292682926829268	0.8095238095238095	0.30952380952380953	0.6904761904761905	resolved		346	11	True
vae_candidate_000240	0865bab596ebaf08131c0b8bcbcc95bf7031e010f8ea002df28ab6252a54e9fd	True	False	eos	71	70	True	False	False	False	True	0.06606169859479125	0.06381829728796116	True	True	False	[]	True	False	[]	True	False	[]	True	False	[]	True	False	[]	True	composition_outlier_warning	composition_outlier_warning		excluded	unsupported	fail	70	nat_5883761e33f67abd193e	"[""nat_5883761e33f67abd193e""]"	1	68	21.5	79	59	21	0.3559322033898305	0.8428571428571429	0.8676470588235294	0.3	0.7	resolved		346	4	True
vae_candidate_000241	a52b7e6c2cd7738f77ffed9d59b597a0d61a769508933469cff0767ca731b221	True	False	eos	150	149	True	False	False	False	True	0.05586315440581342	0.06381829728796116	False	True	False	[]	True	False	[]	True	False	[]	True	True	"[{""start"": 14, ""end"": 20, ""length"": 7, ""residue"": ""G""}]"	True	False	[]	True	homopolymer_warning	homopolymer_warning		excluded	unsupported	pass	149		[]	0											unresolved	no_reliable_reference	346	0	True
vae_candidate_000242	9b67f04e2c030c075e074666dad7ccea6e2046f249d7ce40677f945e4813b6b2	True	False	eos	103	102	True	False	False	False	True	0.021955717558789285	0.06381829728796116	False	True	False	[]	True	False	[]	True	False	[]	True	False	[]	True	False	[]	True				ambiguous_exploration	gvpa_gvpj_ambiguous	pass	102	nat_6b2c0d4d7468a9bb7cde	"[""nat_6b2c0d4d7468a9bb7cde""]"	1	94	208.5	106	90	56	0.6222222222222222	0.8823529411764706	0.9574468085106383	0.5490196078431373	0.4509803921568627	resolved		346	155	True
vae_candidate_000243	5ff817b2f311dedc37b0e2ef7dea34a0671c85942426131cfdf863752bb2eb98	True	False	eos	67	66	True	False	False	False	True	0.07004976232665486	0.06381829728796116	True	True	False	[]	True	False	[]	True	False	[]	True	False	[]	True	False	[]	True	composition_outlier_warning	composition_outlier_warning		excluded	unsupported	fail	66	nat_5ff91e8d3cfc9ac60d0d	"[""nat_5ff91e8d3cfc9ac60d0d""]"	1	72	22.5	80	58	23	0.39655172413793105	0.8787878787878788	0.8055555555555556	0.3194444444444444	0.6805555555555556	resolved		346	66	True
vae_candidate_000244	2cba617eb1b3a9bac851ea61faf8b0a0df7e8e84da569c3a8e4931500fa727e2	True	False	eos	124	123	True	False	False	False	True	0.08439303796552189	0.06381829728796116	True	True	False	[]	True	False	[]	True	False	[]	True	False	[]	True	False	[]	True	composition_outlier_warning	composition_outlier_warning		excluded	unsupported	fail	123	nat_57c2b381c8bb4035d01c	"[""nat_57c2b381c8bb4035d01c""]"	1	133	15.0	146	110	35	0.3181818181818182	0.8943089430894309	0.8270676691729323	0.2631578947368421	0.736842105263158	resolved		346	1	True
vae_candidate_000245	7b76af1fe561371eb2707cc196e43e2684fcdfb184dc29425f152f3ddb43493d	True	False	eos	136	135	True	False	False	False	True	0.030419623530451696	0.06381829728796116	False	True	False	[]	True	False	[]	True	False	[]	True	False	[]	True	False	[]	True				excluded	unsupported	fail	135		[]	0											unresolved	no_reliable_reference	346	0	True
vae_candidate_000246	135b9d20286cb2e97e5a2536a985806446315d83314593179918c994cf8f8248	True	False	eos	125	124	True	False	False	False	True	0.027454959961810063	0.06381829728796116	False	True	False	[]	True	False	[]	True	False	[]	True	False	[]	True	False	[]	True				excluded	unsupported	pass	124	nat_4a87fc740463a61b2d05	"[""nat_4a87fc740463a61b2d05""]"	1	109	147.5	133	100	47	0.47	0.8064516129032258	0.9174311926605505	0.3790322580645161	0.6209677419354839	resolved		346	32	True
vae_candidate_000247	5a55f4921734397caae5842d7785a9a30142cb9c5032b3237c601a432512446e	True	False	eos	97	96	True	False	False	False	True	0.018165371360153303	0.06381829728796116	False	True	False	[]	True	False	[]	True	False	[]	True	False	[]	True	False	[]	True				main_supported_gvpa	supported_gvpa	pass	96	nat_05d62502987d9405b8af	"[""nat_05d62502987d9405b8af"", ""nat_4dc9c1477d3d6b181da7"", ""nat_9ca97034ea4d97950343"", ""nat_d92cb9dcfcf48b731b50""]"	4	95	375.5	98	93	82	0.8817204301075269	0.96875	0.9789473684210527	0.8541666666666666	0.14583333333333337	resolved		346	166	True
vae_candidate_000248	017806aae4ed497f1b947060bb68ea17a4a836cd4cf1c5733ae644ce13fd44bb	True	False	eos	111	110	True	False	False	False	True	0.020811647014591417	0.06381829728796116	False	True	False	[]	True	False	[]	True	False	[]	True	False	[]	True	False	[]	True				excluded	unsupported	fail	110	nat_78005b3dddedd0251b7e	"[""nat_78005b3dddedd0251b7e""]"	1	95	281.5	117	88	71	0.8068181818181818	0.8	0.9263157894736842	0.6454545454545455	0.3545454545454545	resolved		346	93	True
vae_candidate_000250	206f63ff6fbdd66c6fb375c9ad227f313cf9dcd03cc61bdbea715c890d129686	True	False	eos	59	58	True	False	False	False	True	0.06371142208060118	0.06381829728796116	False	True	False	[]	True	False	[]	True	False	[]	True	False	[]	True	False	[]	True				excluded	unsupported	fail	58		[]	0											unresolved	no_reliable_reference	346	0	True
vae_candidate_000251	9c5b2359f44e4db023f002c80137a7038bccd5c76a6d8f1b998528f51defc535	True	False	eos	144	143	True	False	False	False	True	0.026574800047270176	0.06381829728796116	False	True	False	[]	True	False	[]	True	False	[]	True	False	[]	True	False	[]	True				excluded	unsupported	pass	143	nat_c74d6e1106797b3a3d0f	"[""nat_c74d6e1106797b3a3d0f""]"	1	133	160.0	160	116	61	0.5258620689655172	0.8111888111888111	0.8721804511278195	0.42657342657342656	0.5734265734265734	resolved		346	4	True
vae_candidate_000252	e310f87612f38b3a75fab1e722bb844f80649c0fadfd99aa694e6384d47403f6	True	False	eos	161	160	True	False	False	False	True	0.05413845034607226	0.06381829728796116	False	True	False	[]	True	False	[]	True	False	[]	True	False	[]	True	False	[]	True				excluded	unsupported	fail	160	nat_33d8dbb5443a9dadf56d	"[""nat_33d8dbb5443a9dadf56d""]"	1	157	84.5	187	130	47	0.36153846153846153	0.8125	0.8280254777070064	0.29375	0.70625	resolved		346	14	True
vae_candidate_000253	fb4411a4de003d9d40c256f37584c15662d70df74b2230b98c2bd7ec105736f6	True	False	eos	126	125	True	False	False	False	True	0.014107101533840401	0.06381829728796116	False	True	False	[]	True	False	[]	True	False	[]	True	False	[]	True	False	[]	True				excluded	unsupported	pass	125	nat_4b655799ef9e19953b56	"[""nat_4b655799ef9e19953b56""]"	1	133	204.5	151	107	55	0.514018691588785	0.856	0.8045112781954887	0.41353383458646614	0.5864661654135339	resolved		346	1	True
vae_candidate_000254	67c1ca4fabb1751bf1244aa86f3ff83df0c6b2ee14f1d5a6eff5a2eed2985499	True	False	eos	81	80	True	False	False	False	True	0.05602731434601223	0.06381829728796116	False	True	False	[]	True	False	[]	True	False	[]	True	False	[]	True	False	[]	True				excluded	unsupported	fail	80	nat_b14fdba1c12c78ac4485	"[""nat_b14fdba1c12c78ac4485""]"	1	84	36.5	90	74	29	0.3918918918918919	0.925	0.8809523809523809	0.34523809523809523	0.6547619047619048	resolved		346	77	True
vae_candidate_000255	bc9d3d5d3cbee06adcb75e74314505f3181375b15136bb3464226a2197b248e1	True	False	eos	139	138	True	False	False	False	True	0.05986119592906991	0.06381829728796116	False	True	False	[]	True	False	[]	True	False	[]	True	False	[]	True	False	[]	True				excluded	unsupported	fail	138	nat_dbbc85b2e6d8fc6f3682	"[""nat_dbbc85b2e6d8fc6f3682""]"	1	154	39.5	164	128	44	0.34375	0.927536231884058	0.8311688311688312	0.2857142857142857	0.7142857142857143	resolved		346	21	True
vae_candidate_000256	00cabd820c7c24b9bec725e1bb987525ab5a50a89a03fcfd24ecc6608ed0836a	True	False	eos	79	78	True	False	False	False	True	0.04960134874093773	0.06381829728796116	False	True	False	[]	True	False	[]	True	False	[]	True	False	[]	True	False	[]	True				excluded	unsupported	fail	78	nat_448d52f7c380acd65350	"[""nat_448d52f7c380acd65350"", ""nat_62b65b4bdaad5382b6fd"", ""nat_a4ce46bc0db75edd2892"", ""nat_f603a0bdb36b55f44821""]"	4	76	152.5	90	64	44	0.6875	0.8205128205128205	0.8421052631578947	0.5641025641025641	0.4358974358974359	resolved		346	88	True
vae_candidate_000257	651897496a02dea2beed208be00fb4184852adde17e7b7d5fa5c8539fc729fa0	True	False	eos	89	88	True	False	False	False	True	0.06829406933876656	0.06381829728796116	True	True	False	[]	True	False	[]	True	False	[]	True	False	[]	True	False	[]	True	composition_outlier_warning	composition_outlier_warning		excluded	unsupported	pass	88	nat_fd90bc846ac4fc169df6	"[""nat_fd90bc846ac4fc169df6""]"	1	92	130.5	95	85	33	0.38823529411764707	0.9659090909090909	0.9239130434782609	0.358695652173913	0.6413043478260869	resolved		346	1	True
vae_candidate_000259	240262276737733c526236bc06280588da4f043abfa99d9bf8e73454bfec646b	True	False	eos	54	53	True	False	False	False	True	0.05442386446817057	0.06381829728796116	False	True	False	[]	True	False	[]	True	False	[]	True	False	[]	True	False	[]	True				excluded	unsupported	fail	53		[]	0											unresolved	no_reliable_reference	346	0	True
vae_candidate_000260	61e64824b2a4ab597bf0f287946ca92fe261d576d7ea7c69ca70c3ece936fa89	True	False	eos	110	109	True	False	False	False	True	0.01704911137017483	0.06381829728796116	False	True	False	[]	True	False	[]	True	False	[]	True	False	[]	True	False	[]	True				ambiguous_exploration	gvpa_gvpj_ambiguous	pass	109	nat_d92cb9dcfcf48b731b50	"[""nat_d92cb9dcfcf48b731b50""]"	1	95	245.0	111	93	63	0.6774193548387096	0.8532110091743119	0.9789473684210527	0.5779816513761468	0.42201834862385323	resolved		346	109	True
vae_candidate_000261	1aaf49254d82c4f7f5034f250fa27112cfcf479360b8d990ff7d441f2ac7b6b3	True	False	eos	65	64	True	False	False	False	True	0.05358533224438586	0.06381829728796116	False	True	False	[]	True	False	[]	True	False	[]	True	False	[]	True	False	[]	True				excluded	unsupported	fail	64	nat_0c143ad343586201fcf9	"[""nat_0c143ad343586201fcf9"", ""nat_2708b2500f3eefced6c0""]"	2	69	203.5	71	62	48	0.7741935483870968	0.96875	0.8985507246376812	0.6956521739130435	0.30434782608695654	resolved		346	49	True
vae_candidate_000262	14edc0779ef70fb49778bf06ac573a34f7c59f6f2ff7add50e4d6610c9fa7ea9	True	False	eos	130	129	True	False	False	False	True	0.05040948703584769	0.06381829728796116	False	True	False	[]	True	False	[]	True	False	[]	True	False	[]	True	False	[]	True				excluded	unsupported	pass	129	nat_c74d6e1106797b3a3d0f	"[""nat_c74d6e1106797b3a3d0f""]"	1	133	159.5	155	107	54	0.5046728971962616	0.8294573643410853	0.8045112781954887	0.40601503759398494	0.5939849624060151	resolved		346	15	True
vae_candidate_000263	1bbd68fd797ea9e9ec1b37c81860e465db163ea4a7ded3d668c2a148cdb166a5	True	False	eos	119	118	True	False	False	False	True	0.05632568476130538	0.06381829728796116	False	True	False	[]	True	False	[]	True	False	[]	True	False	[]	True	False	[]	True				excluded	unsupported	fail	118	nat_0ccad4d436403131ae6a	"[""nat_0ccad4d436403131ae6a""]"	1	135	103.0	144	109	46	0.42201834862385323	0.923728813559322	0.8074074074074075	0.34074074074074073	0.6592592592592592	resolved		346	8	True
vae_candidate_000264	772b84d8a51a0148e4bf4d958846857d7b9ed316ca47d646ee8d704cc67f0cd5	True	False	eos	111	110	True	False	False	False	True	0.016198338346222373	0.06381829728796116	False	True	False	[]	True	False	[]	True	False	[]	True	True	"[{""start"": 13, ""end"": 19, ""length"": 7, ""residue"": ""G""}]"	True	False	[]	True	homopolymer_warning	homopolymer_warning		main_supported_gvpa	supported_gvpa	pass	110	nat_48f4fc548c0153a5775e	"[""nat_48f4fc548c0153a5775e"", ""nat_9ba949b2aab9e2be6898""]"	2	96	398.0	110	96	88	0.9166666666666666	0.8727272727272727	1.0	0.8	0.19999999999999996	resolved		346	127	True
vae_candidate_000265	1bd0eabcd8bccc8ef39f821d207662d71552e76775a5ac2e9cd1b4254434ce9c	True	False	eos	104	103	True	False	False	False	True	0.03826258436887364	0.06381829728796116	False	True	False	[]	True	False	[]	True	False	[]	True	False	[]	True	False	[]	True				excluded	unsupported	fail	103	nat_140f5823a50b88bf41c9	"[""nat_140f5823a50b88bf41c9"", ""nat_4cea385a8794a0b112c3""]"	2	93	141.5	103	93	46	0.4946236559139785	0.9029126213592233	1.0	0.44660194174757284	0.5533980582524272	resolved		346	152	True
vae_candidate_000267	091be3a170f7af58e8c377dbcfb5fb9cda3fbebf6eaeb16a5aab4eaddf1c4722	True	False	eos	91	90	True	False	False	False	True	0.021909702999974953	0.06381829728796116	False	True	False	[]	True	False	[]	True	False	[]	True	False	[]	True	False	[]	True				excluded	unsupported	pass	90	nat_d4ba65189ba86a477cc5	"[""nat_d4ba65189ba86a477cc5"", ""nat_fe2e069c7d192a9aa4be""]"	2	92	141.0	103	79	46	0.5822784810126582	0.8777777777777778	0.8586956521739131	0.5	0.5	resolved		346	161	True
vae_candidate_000268	4b877816f3944643def0663c6d818c0aee339ff28a03a30b7c209d138e47794e	True	False	eos	70	69	True	False	False	False	True	0.10644335503861313	0.06381829728796116	True	True	False	[]	True	False	[]	True	False	[]	True	False	[]	True	False	[]	True	composition_outlier_warning	composition_outlier_warning		excluded	unsupported	fail	69	nat_0c143ad343586201fcf9	"[""nat_0c143ad343586201fcf9""]"	1	69	22.0	81	57	21	0.3684210526315789	0.8260869565217391	0.8260869565217391	0.30434782608695654	0.6956521739130435	resolved		346	29	True
vae_candidate_000269	99241e2ebdc60376bc8a391dcec7558c66374393941c554e762e4d3606e90c67	True	False	eos	118	117	True	False	False	False	True	0.03516507994745957	0.06381829728796116	False	True	False	[]	True	False	[]	True	False	[]	True	False	[]	True	False	[]	True				excluded	unsupported	fail	117		[]	0											unresolved	no_reliable_reference	346	0	True
vae_candidate_000270	2decb12f98c155ef1586cdbe8251cb0c5579eec888253e9760943e467f50e74e	True	False	eos	93	92	True	False	False	False	True	0.0129385246944221	0.06381829728796116	False	True	False	[]	True	False	[]	True	False	[]	True	False	[]	True	False	[]	True				excluded	unsupported	pass	92	nat_8f3e753527c876cd94f0	"[""nat_8f3e753527c876cd94f0""]"	1	95	325.5	96	91	74	0.8131868131868132	0.9891304347826086	0.9578947368421052	0.7789473684210526	0.2210526315789474	resolved		346	188	True
vae_candidate_000271	6122957112e0829c1e55791407cfeadb27a6fed2d3ab009d675667ca99232d19	True	False	eos	96	95	True	False	False	False	True	0.0713286827536817	0.06381829728796116	True	True	False	[]	True	False	[]	True	False	[]	True	False	[]	True	False	[]	True	composition_outlier_warning	composition_outlier_warning		excluded	unsupported	fail	95	nat_dc2b0da282a1a334132b	"[""nat_dc2b0da282a1a334132b""]"	1	102	20.5	114	83	25	0.30120481927710846	0.8736842105263158	0.8137254901960784	0.24509803921568626	0.7549019607843137	resolved		346	2	True
vae_candidate_000272	bba28678e3f01c6b6464834a73c7d9745718a427e0563286118a7e5d494b2ccd	True	False	eos	128	127	True	False	False	False	True	0.03392360300223197	0.06381829728796116	False	True	False	[]	True	False	[]	True	False	[]	True	False	[]	True	False	[]	True				excluded	unsupported	fail	127	nat_8a4162d5996844339fef	"[""nat_8a4162d5996844339fef""]"	1	135	144.0	152	110	52	0.4727272727272727	0.8661417322834646	0.8148148148148148	0.3851851851851852	0.6148148148148148	resolved		346	23	True
vae_candidate_000273	41e41debd25c9f2c326130cd95054218c4fb0cc32dd820facca61d69eb0ca19f	True	False	eos	109	108	True	False	False	False	True	0.019256719464055452	0.06381829728796116	False	True	False	[]	True	False	[]	True	False	[]	True	False	[]	True	False	[]	True				main_supported_gvpa	supported_gvpa	pass	108	nat_82e4660fb87f57daff30	"[""nat_82e4660fb87f57daff30"", ""nat_bf00fc1bb4a6bea076a5""]"	2	95	254.0	115	88	66	0.75	0.8148148148148148	0.9263157894736842	0.6111111111111112	0.38888888888888884	resolved		346	130	True
vae_candidate_000274	94a469d25e7c6cf5c1ea6b8102c217a0ddaa427b37ab64920e43bc11d3e398e3	False	True	length_cap	180	180	True	False	True	False	True	0.02119347205419663	0.06381829728796116	False	True	False	[]	True	False	[]	True	False	[]	True	False	[]	True	False	[]	True	generation_cap_warning	generation_cap_warning		excluded	unsupported	pass	180	nat_6d257d8cbeb3f3af448a	"[""nat_6d257d8cbeb3f3af448a""]"	1	150	247.0	186	144	70	0.4861111111111111	0.8	0.96	0.3888888888888889	0.6111111111111112	resolved		346	8	True
vae_candidate_000275	cc9079c777511d4e297d2658f6897a48c8341ced9de387b970e41c44c7a5429b	True	False	eos	60	59	True	False	False	False	True	0.10601303967026356	0.06381829728796116	True	True	False	[]	True	False	[]	True	False	[]	True	False	[]	True	False	[]	True	composition_outlier_warning	composition_outlier_warning		excluded	unsupported	fail	59	nat_d565583d15eb6f192c57	"[""nat_d565583d15eb6f192c57""]"	1	67	13.5	71	55	17	0.3090909090909091	0.9322033898305084	0.8208955223880597	0.2537313432835821	0.7462686567164178	resolved		346	2	True
vae_candidate_000276	c5178b1b92e411adc9fc052974e735f979937e0795e7719db2fddbacbc5b7919	True	False	eos	87	86	True	False	False	False	True	0.045601134918233054	0.06381829728796116	False	True	False	[]	True	False	[]	True	False	[]	True	False	[]	True	False	[]	True				excluded	unsupported	fail	86	nat_73e0b5aa88a198c56cae	"[""nat_73e0b5aa88a198c56cae""]"	1	87	130.5	103	70	39	0.5571428571428572	0.813953488372093	0.8045977011494253	0.4482758620689655	0.5517241379310345	resolved		346	51	True
vae_candidate_000277	31a8039a5977ab4eefb9ae24343b01db21a5c90c6ddf13e2e2f9afc276c69095	True	False	eos	112	111	True	False	False	False	True	0.01112359728115548	0.06381829728796116	False	True	False	[]	True	False	[]	True	False	[]	True	False	[]	True	False	[]	True				excluded	unsupported	pass	111	nat_d07d112598796fe30d76	"[""nat_d07d112598796fe30d76"", ""nat_fa2383cbfbff83286c61""]"	2	95	302.5	111	95	72	0.7578947368421053	0.8558558558558559	1.0	0.6486486486486487	0.3513513513513513	resolved		346	126	True
vae_candidate_000278	01044d295ecd25d4e00059358abd4599208729014b03128d2e355ee86e1594da	True	False	eos	88	87	True	False	False	False	True	0.015409599391446354	0.06381829728796116	False	True	False	[]	True	False	[]	True	False	[]	True	False	[]	True	False	[]	True				excluded	unsupported	fail	87	nat_c8490949e18e771ed8c8	"[""nat_c8490949e18e771ed8c8""]"	1	94	320.5	95	86	74	0.8604651162790697	0.9885057471264368	0.9148936170212766	0.7872340425531915	0.21276595744680848	resolved		346	183	True
vae_candidate_000279	d0402802c467e4c43d7e4f398fd727e7cc0169e854517dc68e00f85e11146127	True	False	eos	68	67	True	False	False	False	True	0.03230014562439956	0.06381829728796116	False	True	False	[]	True	False	[]	True	False	[]	True	False	[]	True	False	[]	True				excluded	unsupported	pass	67	nat_3cc2cb889cfdbbcaa17b	"[""nat_3cc2cb889cfdbbcaa17b"", ""nat_61a382d08777524701b3"", ""nat_ea5746ec582bf06f4e03""]"	3	72	267.5	72	67	57	0.8507462686567164	1.0	0.9305555555555556	0.7916666666666666	0.20833333333333337	resolved		346	68	True
vae_candidate_000280	ea441a2e1e24010d1ef435a40568b72702b9cca4a932271d9b2e70e57667c820	True	False	eos	78	77	True	False	False	False	True	0.07116055573207222	0.06381829728796116	True	True	False	[]	True	False	[]	True	False	[]	True	False	[]	True	False	[]	True	composition_outlier_warning	composition_outlier_warning		excluded	unsupported	fail	77	nat_d4ba65189ba86a477cc5	"[""nat_d4ba65189ba86a477cc5""]"	1	92	39.0	94	75	32	0.4266666666666667	0.974025974025974	0.8152173913043478	0.34782608695652173	0.6521739130434783	resolved		346	60	True
vae_candidate_000281	bfbf7d839069bb607fb7aaf829d088b210273a4949a3653facd3bf2017380964	True	False	eos	76	75	True	False	False	False	True	0.04261490571706339	0.06381829728796116	False	True	False	[]	True	False	[]	True	False	[]	True	False	[]	True	False	[]	True				excluded	unsupported	pass	75	nat_873dfd59523575571c0b	"[""nat_873dfd59523575571c0b""]"	1	85	251.5	85	75	56	0.7466666666666667	1.0	0.8823529411764706	0.6588235294117647	0.3411764705882353	resolved		346	123	True
vae_candidate_000282	93dc9ddf3d595b41dd4a8b33b65e3918c5876c01a0ddc3ad68b3d89592ba8294	True	False	eos	107	106	True	False	False	False	True	0.049571441602760925	0.06381829728796116	False	True	False	[]	True	False	[]	True	False	[]	True	False	[]	True	False	[]	True				excluded	unsupported	fail	106		[]	0											unresolved	no_reliable_reference	346	0	True
vae_candidate_000283	0b833d0ebed5a24e65401f78c587f2be5605d7d22cab27e662c1ab3e12220488	True	False	eos	103	102	True	False	False	False	True	0.02922269998415649	0.06381829728796116	False	True	False	[]	True	False	[]	True	False	[]	True	False	[]	True	False	[]	True				ambiguous_exploration	gvpa_gvpj_ambiguous	pass	102	nat_0101bc590c89813c161a	"[""nat_0101bc590c89813c161a"", ""nat_1f956fdbc151f2ec0ffb"", ""nat_4482775e0979509e45d2"", ""nat_49d3875a5ef4bbb644f9"", ""nat_4b58b860e36e01bdb682"", ""nat_6b2c0d4d7468a9bb7cde"", ""nat_7d45d6cf3df5d3d36985"", ""nat_9ba949b2aab9e2be6898"", ""nat_d1b057f953bd558c0457"", ""nat_dad443e0412ef646de5e""]"	10	94	229.0	111	85	61	0.7176470588235294	0.8333333333333334	0.9042553191489362	0.5980392156862745	0.4019607843137255	resolved		346	149	True
vae_candidate_000285	492b4cfb3e292b64f5e462166219848f73c910256f5f838912295aed310540b0	True	False	eos	93	92	True	False	False	False	True	0.02777067021095181	0.06381829728796116	False	True	False	[]	True	False	[]	True	False	[]	True	False	[]	True	False	[]	True				excluded	unsupported	fail	92		[]	0											unresolved	no_reliable_reference	346	0	True
vae_candidate_000286	8a3a1ab211b4b1f2cb4855f37efc2543b7fcb7db3a0e241c672c496f955277a5	True	False	eos	115	114	True	False	False	False	True	0.026771184208683	0.06381829728796116	False	True	False	[]	True	False	[]	True	False	[]	True	True	"[{""start"": 10, ""end"": 17, ""length"": 8, ""residue"": ""G""}]"	True	False	[]	True	homopolymer_warning	homopolymer_warning		excluded	unsupported	pass	114		[]	0											unresolved	no_reliable_reference	346	0	True
vae_candidate_000287	4ca79c1200ea4da76d28a74fcaf0460b8b154dc5366d3c82eb33035fda8bb5ae	True	False	eos	56	55	True	False	False	False	True	0.06649493498518623	0.06381829728796116	True	True	False	[]	True	False	[]	True	False	[]	True	False	[]	True	False	[]	True	composition_outlier_warning	composition_outlier_warning		excluded	unsupported	fail	55		[]	0											unresolved	no_reliable_reference	346	0	True
vae_candidate_000288	691538e7f8c9abb2329f464828433e0c2c32e0fb6ae5a454cfc4c97fbee58c0a	True	False	eos	115	114	True	False	False	False	True	0.03207420593334437	0.06381829728796116	False	True	False	[]	True	False	[]	True	False	[]	True	False	[]	True	False	[]	True				main_supported_gvpa	supported_gvpa	pass	114	nat_3e6bf91c590be6684eed	"[""nat_3e6bf91c590be6684eed"", ""nat_842bc418f0682cd2a9c8"", ""nat_a7791ad55c70e7fd3462"", ""nat_acb38079c01f07d0de6f"", ""nat_c8490949e18e771ed8c8""]"	5	94	221.5	114	94	64	0.6808510638297872	0.8245614035087719	1.0	0.5614035087719298	0.4385964912280702	resolved		346	107	True
vae_candidate_000289	013f1253934d8f573205206882ba346b7a7605068d7b6ffb7029f1ab236a4524	True	False	eos	80	79	True	False	False	False	True	0.05023877241450159	0.06381829728796116	False	True	False	[]	True	False	[]	True	False	[]	True	False	[]	True	False	[]	True				excluded	unsupported	fail	79		[]	0											unresolved	no_reliable_reference	346	0	True
vae_candidate_000290	2642f6e97f6ecbda62695d39e65525df949740d6d66e383ed74c868dfbf75f6c	True	False	eos	91	90	True	False	False	False	True	0.02569708369667232	0.06381829728796116	False	True	False	[]	True	False	[]	True	False	[]	True	False	[]	True	False	[]	True				ambiguous_exploration	gvpa_gvpj_ambiguous	pass	90	nat_970873de163a6ff8ee05	"[""nat_970873de163a6ff8ee05"", ""nat_cd0ec9cc83e20bd818b3""]"	2	88	223.5	97	81	55	0.6790123456790124	0.9	0.9204545454545454	0.6111111111111112	0.38888888888888884	resolved		346	186	True
vae_candidate_000291	bbef997c741a578122dd933911da6c39474e9018c909a6b0c18974d207bcad9b	True	False	eos	139	138	True	False	False	False	True	0.026625347483744843	0.06381829728796116	False	True	False	[]	True	False	[]	True	False	[]	True	False	[]	True	False	[]	True				excluded	unsupported	fail	138		[]	0											unresolved	no_reliable_reference	346	0	True
vae_candidate_000292	83aa992ec993137cd9cf19004453d68ddb67b98b52d1d0e78b05083e7ab087a3	True	False	eos	82	81	True	False	False	False	True	0.0438887310458277	0.06381829728796116	False	True	False	[]	True	False	[]	True	False	[]	True	False	[]	True	False	[]	True				excluded	unsupported	fail	81	nat_fe2e069c7d192a9aa4be	"[""nat_fe2e069c7d192a9aa4be""]"	1	92	29.0	99	74	29	0.3918918918918919	0.9135802469135802	0.8043478260869565	0.31521739130434784	0.6847826086956521	resolved		346	31	True
vae_candidate_000294	562aa9306d81c5e27eac468e0f93ab271803958e8d8eefa93c0d0dc32ea44134	True	False	eos	111	110	True	False	False	False	True	0.08312690102056947	0.06381829728796116	True	True	False	[]	True	False	[]	True	False	[]	True	False	[]	True	False	[]	True	composition_outlier_warning	composition_outlier_warning		excluded	unsupported	fail	110	nat_0a5813d34fb4f832fd7d	"[""nat_0a5813d34fb4f832fd7d"", ""nat_dc2b0da282a1a334132b""]"	2	95	15.0	113	92	27	0.29347826086956524	0.8363636363636363	0.968421052631579	0.24545454545454545	0.7545454545454545	resolved		346	5	True
vae_candidate_000296	d461d032d0ebfb21f0ed500a237d8fcf0aa5096396d45aca58368b09acc545ff	True	False	eos	92	91	True	False	False	False	True	0.03761673261071703	0.06381829728796116	False	True	False	[]	True	False	[]	True	False	[]	True	False	[]	True	False	[]	True				excluded	unsupported	pass	91	nat_b5ccff48f879b7cc34ad	"[""nat_b5ccff48f879b7cc34ad""]"	1	92	176.0	101	82	47	0.573170731707317	0.9010989010989011	0.8913043478260869	0.5108695652173914	0.48913043478260865	resolved		346	186	True
vae_candidate_000297	aa7d8fc13dd5fc6f9bc3608ee4ba2dcea5924256cd8154384d4a66d7a12175bc	True	False	eos	63	62	True	False	False	False	True	0.02698551422756673	0.06381829728796116	False	True	False	[]	True	False	[]	True	False	[]	True	False	[]	True	False	[]	True				excluded	unsupported	fail	62	nat_2dee131e85e06a8f9fdd	"[""nat_2dee131e85e06a8f9fdd""]"	1	76	125.0	77	61	29	0.47540983606557374	0.9838709677419355	0.8026315789473685	0.3815789473684211	0.618421052631579	resolved		346	1	True
vae_candidate_000298	6c7c11f82e4819178dff261c38f14c9e1b9695c59733414d29b0daecf86a967a	True	False	eos	80	79	True	False	False	False	True	0.03469371987290028	0.06381829728796116	False	True	False	[]	True	False	[]	True	False	[]	True	False	[]	True	False	[]	True				ambiguous_exploration	gvpa_gvpj_ambiguous	pass	79	nat_e9d0d8807aee29d8e61c	"[""nat_e9d0d8807aee29d8e61c""]"	1	71	213.5	80	70	51	0.7285714285714285	0.8860759493670886	0.9859154929577465	0.6455696202531646	0.35443037974683544	resolved		346	85	True
vae_candidate_000299	4904c593f8ed9ef59f14d6db076418d2908aa412a70a1766447cd614295b8070	True	False	eos	122	121	True	False	False	False	True	0.019114777603429355	0.06381829728796116	False	True	False	[]	True	False	[]	True	False	[]	True	False	[]	True	False	[]	True				ambiguous_exploration	gvpa_gvpj_ambiguous	pass	121	nat_8d5392221648a605a7c2	"[""nat_8d5392221648a605a7c2""]"	1	134	263.0	142	113	72	0.6371681415929203	0.9338842975206612	0.8432835820895522	0.5373134328358209	0.4626865671641791	resolved		346	54	True
vae_candidate_000300	23bc0a607dd30a2bf9547602dfb2848aaf256e3c0ec5336d4ddb4aafecd7a7aa	True	False	eos	131	130	True	False	False	False	True	0.02668386445735744	0.06381829728796116	False	True	False	[]	True	False	[]	True	False	[]	True	False	[]	True	False	[]	True				excluded	unsupported	pass	130	nat_8a4162d5996844339fef	"[""nat_8a4162d5996844339fef""]"	1	135	180.5	155	110	59	0.5363636363636364	0.8461538461538461	0.8148148148148148	0.43703703703703706	0.5629629629629629	resolved		346	6	True
vae_candidate_000301	0783e5e1d8c55b50d63ee39293f5000174cf7c943797e53fb56e423adb2a3fab	True	False	eos	118	117	True	False	False	False	True	0.028412468826393703	0.06381829728796116	False	True	False	[]	True	False	[]	True	False	[]	True	False	[]	True	False	[]	True				excluded	unsupported	pass	117	nat_48f4fc548c0153a5775e	"[""nat_48f4fc548c0153a5775e""]"	1	96	281.5	119	94	69	0.7340425531914894	0.8034188034188035	0.9791666666666666	0.5897435897435898	0.41025641025641024	resolved		346	40	True
vae_candidate_000302	73a588b1b82bb8192c1a89d0442c6430482a377ba61023a924d72c3898ad2f14	True	False	eos	65	64	True	False	False	False	True	0.04628040907297852	0.06381829728796116	False	True	False	[]	True	False	[]	True	False	[]	True	False	[]	True	False	[]	True				excluded	unsupported	pass	64	nat_0c143ad343586201fcf9	"[""nat_0c143ad343586201fcf9""]"	1	69	122.0	71	62	37	0.5967741935483871	0.96875	0.8985507246376812	0.5362318840579711	0.46376811594202894	resolved		346	48	True
vae_candidate_000303	b300e5a5483a606d6864a29e3287e7b3ba6d84feaacbf8b02b90ee548fde4f46	True	False	eos	109	108	True	False	False	False	True	0.01826231574413651	0.06381829728796116	False	True	False	[]	True	False	[]	True	False	[]	True	False	[]	True	False	[]	True				excluded	unsupported	pass	108	nat_842bc418f0682cd2a9c8	"[""nat_842bc418f0682cd2a9c8""]"	1	95	396.0	109	94	88	0.9361702127659575	0.8703703703703703	0.9894736842105263	0.8148148148148148	0.18518518518518523	resolved		346	136	True
vae_candidate_000304	a0506f441cb98e208530a07a7053f61d209824eba2cdd34f6bbe983b927c58aa	True	False	eos	137	136	True	False	False	False	True	0.022611967710701182	0.06381829728796116	False	True	False	[]	True	False	[]	True	False	[]	True	False	[]	True	False	[]	True				excluded	unsupported	pass	136	nat_65c51b0fd105cce694ee	"[""nat_65c51b0fd105cce694ee""]"	1	150	143.5	160	126	52	0.4126984126984127	0.9264705882352942	0.84	0.3466666666666667	0.6533333333333333	resolved		346	9	True
vae_candidate_000305	feed0894fe77ba3c53a6239584f8e0133cbe145e554aa00fbd5b0cf5a6a03369	True	False	eos	81	80	True	False	False	False	True	0.029981927818108316	0.06381829728796116	False	True	False	[]	True	False	[]	True	False	[]	True	False	[]	True	False	[]	True				excluded	unsupported	pass	80	nat_4d627ec7ce40cceb1d25	"[""nat_4d627ec7ce40cceb1d25""]"	1	78	207.0	82	76	49	0.6447368421052632	0.95	0.9743589743589743	0.6125	0.38749999999999996	resolved		346	217	True
vae_candidate_000306	ef7e2918db0b75bcb7b1b6ad58c111213dad267f31a1f0bee4e9b2b999656212	True	False	eos	130	129	True	False	False	False	True	0.031708628674605076	0.06381829728796116	False	True	False	[]	True	False	[]	True	False	[]	True	False	[]	True	False	[]	True				excluded	unsupported	fail	129		[]	0											unresolved	no_reliable_reference	346	0	True
vae_candidate_000307	8520393a67239af4ea7091e8302b08d3c3e0a1b63e38fb805ca07297b4855576	True	False	eos	97	96	True	False	False	False	True	0.05531600908445902	0.06381829728796116	False	True	False	[]	True	False	[]	True	False	[]	True	False	[]	True	False	[]	True				excluded	unsupported	fail	96	nat_004ac783975534947324	"[""nat_004ac783975534947324"", ""nat_4dc9c1477d3d6b181da7"", ""nat_7d45d6cf3df5d3d36985"", ""nat_9ba949b2aab9e2be6898""]"	4	94	76.0	111	79	40	0.5063291139240507	0.8229166666666666	0.8404255319148937	0.4166666666666667	0.5833333333333333	resolved		346	36	True
vae_candidate_000308	78549212086dc30c38ac892ac76656099b7c619ccc4ff57ebb549f9c949879b0	True	False	eos	112	111	True	False	False	False	True	0.10384002916258486	0.06381829728796116	True	True	False	[]	True	False	[]	True	False	[]	True	False	[]	True	False	[]	True	composition_outlier_warning	composition_outlier_warning		excluded	unsupported	fail	111	nat_0077c6cbf903d0b80137	"[""nat_0077c6cbf903d0b80137"", ""nat_48f4fc548c0153a5775e"", ""nat_67dd37821af98e87666e"", ""nat_a8908cb0d732ddf5c6d4"", ""nat_fca422d4ddd5dcd65605""]"	5	96	33.0	118	89	30	0.33707865168539325	0.8018018018018018	0.9270833333333334	0.2702702702702703	0.7297297297297297	resolved		346	37	True
vae_candidate_000309	a394ea6c509f7184432b7c5827f11062b565568f323109f5556698874e3a771b	True	False	eos	118	117	True	False	False	False	True	0.06771789123405435	0.06381829728796116	True	True	False	[]	True	False	[]	True	False	[]	True	False	[]	True	False	[]	True	composition_outlier_warning	composition_outlier_warning		excluded	unsupported	fail	117		[]	0											unresolved	no_reliable_reference	346	0	True
vae_candidate_000310	c629c741c53e83bf9ab92bb7e9878f31af49ac546678edcab5bfc777cd7aeffd	True	False	eos	77	76	True	False	False	False	True	0.04810396953907774	0.06381829728796116	False	True	False	[]	True	False	[]	True	False	[]	True	False	[]	True	False	[]	True				excluded	unsupported	fail	76		[]	0											unresolved	no_reliable_reference	346	0	True
vae_candidate_000311	07b9b86c5e61bee975ef757b51ff2ce87dbcacdf5bae9785eec770777565d23b	True	False	eos	72	71	True	False	False	False	True	0.02725462282251201	0.06381829728796116	False	True	False	[]	True	False	[]	True	False	[]	True	False	[]	True	False	[]	True				excluded	unsupported	fail	71	nat_0aeb545239a28bae61f9	"[""nat_0aeb545239a28bae61f9""]"	1	86	152.5	87	70	40	0.5714285714285714	0.9859154929577465	0.813953488372093	0.46511627906976744	0.5348837209302326	resolved		346	11	True
vae_candidate_000312	150e742f57b0f111876dca134fc899c199a3b946639aad423394034e3bd9e006	True	False	eos	75	74	True	False	False	False	True	0.03142421963453027	0.06381829728796116	False	True	False	[]	True	False	[]	True	False	[]	True	False	[]	True	False	[]	True				excluded	unsupported	pass	74	nat_3cc2cb889cfdbbcaa17b	"[""nat_3cc2cb889cfdbbcaa17b""]"	1	72	218.5	77	69	52	0.7536231884057971	0.9324324324324325	0.9583333333333334	0.7027027027027027	0.29729729729729726	resolved		346	99	True
vae_candidate_000313	e20c28c29210b73960c515a3de504ed030457f3548170330e3892146513194ee	True	False	eos	86	85	True	False	False	False	True	0.11546586806353495	0.06381829728796116	True	True	False	[]	True	False	[]	True	False	[]	True	False	[]	True	False	[]	True	composition_outlier_warning	composition_outlier_warning		excluded	unsupported	fail	85	nat_b9d147aeaac9ffa9d0f3	"[""nat_b9d147aeaac9ffa9d0f3""]"	1	87	24.0	100	72	22	0.3055555555555556	0.8470588235294118	0.8275862068965517	0.25287356321839083	0.7471264367816092	resolved		346	6	True
vae_candidate_000314	372cebfd14f2b4853f97712ef5d84e6ff244e0696f5c599b1dd111c2f4e6d3a6	True	False	eos	98	97	True	False	False	False	True	0.05065721886539941	0.06381829728796116	False	True	False	[]	True	False	[]	True	False	[]	True	False	[]	True	False	[]	True				excluded	unsupported	pass	97	nat_d07d112598796fe30d76	"[""nat_d07d112598796fe30d76""]"	1	95	205.5	103	89	57	0.6404494382022472	0.9175257731958762	0.9368421052631579	0.5876288659793815	0.41237113402061853	resolved		346	80	True
vae_candidate_000315	7653da7c932d351b94bca4529f6a95a238123b130160f2f3fe8698c2499290ad	True	False	eos	85	84	True	False	False	False	True	0.018084589875425522	0.06381829728796116	False	True	False	[]	True	False	[]	True	False	[]	True	False	[]	True	False	[]	True				excluded	unsupported	pass	84	nat_81de2b78d291d512c1e2	"[""nat_81de2b78d291d512c1e2""]"	1	92	274.0	96	80	69	0.8625	0.9523809523809523	0.8695652173913043	0.75	0.25	resolved		346	212	True
vae_candidate_000316	7fcbb3f92fd5d911b205f86a36ea3b8fc22476fc42d653d514957af66b3d4cab	True	False	eos	86	85	True	False	False	False	True	0.02705616026395441	0.06381829728796116	False	True	False	[]	True	False	[]	True	False	[]	True	False	[]	True	False	[]	True				main_supported_gvpa	supported_gvpa	pass	85	nat_27cf1e5aac6ec3dd931d	"[""nat_27cf1e5aac6ec3dd931d"", ""nat_32d58e5d24419efe5e0e"", ""nat_f7dbe09f7bde0afd3543""]"	3	76	240.0	85	76	54	0.7105263157894737	0.8941176470588236	1.0	0.6352941176470588	0.3647058823529412	resolved		346	218	True
vae_candidate_000317	e512638eedad2e5ef04f70a47e5925b4e034ce5e23230f9640bc3de2916266e7	True	False	eos	117	116	True	False	False	False	True	0.030619214696562903	0.06381829728796116	False	True	False	[]	True	False	[]	True	False	[]	True	False	[]	True	False	[]	True				ambiguous_exploration	gvpa_gvpj_ambiguous	pass	116	nat_7d45d6cf3df5d3d36985	"[""nat_7d45d6cf3df5d3d36985""]"	1	95	219.0	116	95	58	0.6105263157894737	0.8189655172413793	1.0	0.5	0.5	resolved		346	103	True
vae_candidate_000318	223362a650826c2dd95f99c91da6e42dff55c9bf9583ca2c33674284d36d58b1	True	False	eos	78	77	True	False	False	False	True	0.020210039254179635	0.06381829728796116	False	True	False	[]	True	False	[]	True	False	[]	True	False	[]	True	False	[]	True				main_supported_gvpa	supported_gvpa	pass	77	nat_32d58e5d24419efe5e0e	"[""nat_32d58e5d24419efe5e0e"", ""nat_cac8cf4903b24e69aca8""]"	2	76	233.0	80	73	55	0.7534246575342466	0.948051948051948	0.9605263157894737	0.7142857142857143	0.2857142857142857	resolved		346	183	True
vae_candidate_000319	4dfe6c68b85606eab7954a7635f8ece4a0b9c2ab0f8b55d195e21aa13abe0e2c	True	False	eos	116	115	True	False	False	False	True	0.015366224681487524	0.06381829728796116	False	True	False	[]	True	False	[]	True	False	[]	True	False	[]	True	False	[]	True				excluded	unsupported	pass	115		[]	0											unresolved	no_reliable_reference	346	0	True
vae_candidate_000320	f8465627fb7c82fc496902e3f8a5425045bcd12c034be7664152a3eaf609e3b6	True	False	eos	115	114	True	False	False	False	True	0.024216886946341644	0.06381829728796116	False	True	False	[]	True	False	[]	True	False	[]	True	False	[]	True	False	[]	True				excluded	unsupported	fail	114	nat_b28a6bed955c267791e6	"[""nat_b28a6bed955c267791e6""]"	1	109	195.0	128	95	54	0.5684210526315789	0.8333333333333334	0.8715596330275229	0.47368421052631576	0.5263157894736843	resolved		346	30	True
vae_candidate_000321	89cead32d622f279ea064aa5b4b8e8da9aee9d5ba5c9500a7e083826b03774c6	True	False	eos	53	52	True	False	False	False	True	0.097633721415111	0.06381829728796116	True	True	False	[]	True	False	[]	True	False	[]	True	False	[]	True	False	[]	True	composition_outlier_warning	composition_outlier_warning		excluded	unsupported	fail	52		[]	0											unresolved	no_reliable_reference	346	0	True
vae_candidate_000322	bf617e1234614df2440d1384a02e3c2b414596f15e4b5a59eb36ff73376403cc	True	False	eos	93	92	True	False	False	False	True	0.04657772260754469	0.06381829728796116	False	True	False	[]	True	False	[]	True	False	[]	True	False	[]	True	False	[]	True				ambiguous_exploration	gvpa_gvpj_ambiguous	pass	92	nat_30c8db5b2a48ec02340b	"[""nat_30c8db5b2a48ec02340b""]"	1	94	189.5	99	87	50	0.5747126436781609	0.9456521739130435	0.925531914893617	0.5319148936170213	0.46808510638297873	resolved		346	184	True
vae_candidate_000323	f78454356738b928f9474d0625df5a90a7fc4c7bb128f7946596e8a9aae6c053	True	False	eos	104	103	True	False	False	False	True	0.019740260225768372	0.06381829728796116	False	True	False	[]	True	False	[]	True	False	[]	True	False	[]	True	False	[]	True				main_supported_gvpa	supported_gvpa	pass	103	nat_49d3875a5ef4bbb644f9	"[""nat_49d3875a5ef4bbb644f9"", ""nat_d1b057f953bd558c0457""]"	2	95	295.5	108	90	76	0.8444444444444444	0.8737864077669902	0.9473684210526315	0.7378640776699029	0.2621359223300971	resolved		346	153	True
vae_candidate_000324	098f58647cfb7d638dcd1770f198f5d37de0636d5033be76f01043d13025633a	True	False	eos	64	63	True	False	False	False	True	0.04688453465893497	0.06381829728796116	False	True	False	[]	True	False	[]	True	False	[]	True	False	[]	True	False	[]	True				excluded	unsupported	fail	63	nat_0da4fc315e8c5fa1925f	"[""nat_0da4fc315e8c5fa1925f"", ""nat_448d52f7c380acd65350"", ""nat_62b65b4bdaad5382b6fd"", ""nat_a4ce46bc0db75edd2892"", ""nat_f603a0bdb36b55f44821""]"	5	76	57.0	78	61	28	0.45901639344262296	0.9682539682539683	0.8026315789473685	0.3684210526315789	0.631578947368421	resolved		346	48	True
vae_candidate_000325	3833f9a7d63d33c831dc06ad69d59b27f9aaa18ab52eadb35b56e7aa2e74b3f3	True	False	eos	58	57	True	False	False	False	True	0.07177191259733841	0.06381829728796116	True	True	False	[]	True	False	[]	True	False	[]	True	False	[]	True	False	[]	True	composition_outlier_warning	composition_outlier_warning		excluded	unsupported	fail	57		[]	0											unresolved	no_reliable_reference	346	0	True
vae_candidate_000326	df5bc789a357437d93954f2788ba6956f03fdc8c8867d8e38a35fce4cd6863d9	True	False	eos	92	91	True	False	False	False	True	0.028436803471537646	0.06381829728796116	False	True	False	[]	True	False	[]	True	False	[]	True	False	[]	True	False	[]	True				excluded	unsupported	fail	91	nat_4482775e0979509e45d2	"[""nat_4482775e0979509e45d2"", ""nat_94cdaea6b1db7bfe983f"", ""nat_d07d112598796fe30d76""]"	3	95	270.0	101	85	65	0.7647058823529411	0.9340659340659341	0.8947368421052632	0.6842105263157895	0.3157894736842105	resolved		346	157	True
vae_candidate_000327	0216dce265bd39700b6de14cd15249dec76a239e24fc02e84fb2688b8f039a9f	True	False	eos	97	96	True	False	False	False	True	0.023928050602597298	0.06381829728796116	False	True	False	[]	True	False	[]	True	False	[]	True	False	[]	True	False	[]	True				main_supported_gvpa	supported_gvpa	pass	96	nat_78005b3dddedd0251b7e	"[""nat_78005b3dddedd0251b7e"", ""nat_8f3e753527c876cd94f0""]"	2	95	315.0	100	91	74	0.8131868131868132	0.9479166666666666	0.9578947368421052	0.7708333333333334	0.22916666666666663	resolved		346	159	True
vae_candidate_000328	8ff27967158b297f514e218e5208c67405f0c8bba5aded9c9601291d6e774200	True	False	eos	96	95	True	False	False	False	True	0.0343532962682801	0.06381829728796116	False	True	False	[]	True	False	[]	True	False	[]	True	False	[]	True	False	[]	True				excluded	unsupported	fail	95	nat_1f956fdbc151f2ec0ffb	"[""nat_1f956fdbc151f2ec0ffb"", ""nat_4d4e00d31d935ed0527d"", ""nat_7ee1d64f80049d71603c""]"	3	95	160.0	113	77	47	0.6103896103896104	0.8105263157894737	0.8105263157894737	0.49473684210526314	0.5052631578947369	resolved		346	127	True
vae_candidate_000329	35bae85d1314c77c0c65e7d7aaf398025d1bd4aba2a8983d407172cb3b78a1fe	True	False	eos	86	85	True	False	False	False	True	0.07666303466572483	0.06381829728796116	True	True	False	[]	True	False	[]	True	False	[]	True	False	[]	True	False	[]	True	composition_outlier_warning	composition_outlier_warning		excluded	unsupported	fail	85	nat_d9b751580230ca0e5773	"[""nat_d9b751580230ca0e5773""]"	1	85	16.0	99	71	26	0.36619718309859156	0.8352941176470589	0.8352941176470589	0.3058823529411765	0.6941176470588235	resolved		346	26	True
vae_candidate_000330	cc478e9a92daa2aac545e99949eb80a76af15a086ae7bef4d2ccf21671187e3e	True	False	eos	71	70	True	False	False	False	True	0.029114840140019364	0.06381829728796116	False	True	False	[]	True	False	[]	True	False	[]	True	False	[]	True	False	[]	True				excluded	unsupported	pass	70	nat_ea5746ec582bf06f4e03	"[""nat_ea5746ec582bf06f4e03""]"	1	72	189.5	75	67	50	0.746268656716418	0.9571428571428572	0.9305555555555556	0.6944444444444444	0.3055555555555556	resolved		346	83	True
vae_candidate_000331	ea0b736b6531ae07fa94aac74eae073ffdc13c5a295dc031b73ffed92e1068a5	True	False	eos	62	61	True	False	False	False	True	0.1455720070533743	0.06381829728796116	True	True	False	[]	True	False	[]	True	False	[]	True	False	[]	True	False	[]	True	composition_outlier_warning	composition_outlier_warning		excluded	unsupported	fail	61		[]	0											unresolved	no_reliable_reference	346	0	True
vae_candidate_000332	12bc2f2f4cce3e2f175e8e129b23f9d1d5a0a528bb9cececb2fb2b5ff819ad61	True	False	eos	106	105	True	False	False	False	True	0.015868872472758425	0.06381829728796116	False	True	False	[]	True	False	[]	True	False	[]	True	False	[]	True	False	[]	True				main_supported_gvpa	supported_gvpa	pass	105	nat_4482775e0979509e45d2	"[""nat_4482775e0979509e45d2"", ""nat_78005b3dddedd0251b7e"", ""nat_8f3e753527c876cd94f0""]"	3	95	383.0	105	95	87	0.9157894736842105	0.9047619047619048	1.0	0.8285714285714286	0.17142857142857137	resolved		346	154	True
vae_candidate_000333	0fef11ec80476500b12522a03654b72fc9df5ccf8f4f87cb83166a9f61fa18c2	True	False	eos	90	89	True	False	False	False	True	0.03561547267651078	0.06381829728796116	False	True	False	[]	True	False	[]	True	False	[]	True	False	[]	True	False	[]	True				excluded	unsupported	fail	89	nat_73e0b5aa88a198c56cae	"[""nat_73e0b5aa88a198c56cae""]"	1	87	205.5	95	81	55	0.6790123456790124	0.9101123595505618	0.9310344827586207	0.6179775280898876	0.3820224719101124	resolved		346	176	True
vae_candidate_000334	28567c0bd7e7ab47943cc928f433bb7419cef7ff3cb484ddc0fd825f20e54c9e	True	False	eos	138	137	True	False	False	False	True	0.014463062276608821	0.06381829728796116	False	True	False	[]	True	False	[]	True	False	[]	True	False	[]	True	False	[]	True				excluded	unsupported	fail	137	nat_55802cc1c7918b91c298	"[""nat_55802cc1c7918b91c298""]"	1	139	228.5	152	124	66	0.532258064516129	0.9051094890510949	0.8920863309352518	0.4748201438848921	0.525179856115108	resolved		346	101	True
vae_candidate_000335	39b255bee545579d0f8919bda3bff566fd7460bab179fb7d62e6e249e1c2eecc	True	False	eos	111	110	True	False	False	False	True	0.022833122639901803	0.06381829728796116	False	True	False	[]	True	False	[]	True	False	[]	True	False	[]	True	False	[]	True				excluded	unsupported	fail	110		[]	0											unresolved	no_reliable_reference	346	0	True
vae_candidate_000336	4193cbf6dc8ea8b43f4acea92e68ec9c1a084c47a60ee4448d53211b1a496157	True	False	eos	126	125	True	False	False	False	True	0.0388989969158023	0.06381829728796116	False	True	False	[]	True	False	[]	True	False	[]	True	False	[]	True	False	[]	True				excluded	unsupported	fail	125	nat_c74d6e1106797b3a3d0f	"[""nat_c74d6e1106797b3a3d0f""]"	1	133	139.0	150	108	51	0.4722222222222222	0.864	0.8120300751879699	0.38345864661654133	0.6165413533834587	resolved		346	9	True
vae_candidate_000337	3323558d2ab32a25895db47d78c17f3a3b412d9cbf95fa8b00fd1dd7bf176e40	True	False	eos	105	104	True	False	False	False	True	0.054734604438450726	0.06381829728796116	False	True	False	[]	True	False	[]	True	False	[]	True	False	[]	True	False	[]	True				excluded	unsupported	fail	104	nat_200ecff40f6b83ca60f9	"[""nat_200ecff40f6b83ca60f9"", ""nat_42d774e2b731f8e5de6a"", ""nat_fc382b09fdd1c909c75c""]"	3	93	45.0	113	84	35	0.4166666666666667	0.8076923076923077	0.9032258064516129	0.33653846153846156	0.6634615384615384	resolved		346	22	True
vae_candidate_000338	198f2e377e821736832cb39fe6060aeb9f974d56ff866f92eda83fb09c7d5835	True	False	eos	94	93	True	False	False	False	True	0.01674054706865408	0.06381829728796116	False	True	False	[]	True	False	[]	True	False	[]	True	False	[]	True	False	[]	True				main_supported_gvpa	supported_gvpa	pass	93	nat_a9c10692b45d32f772b4	"[""nat_a9c10692b45d32f772b4"", ""nat_c0d8f1302fa41452efbc""]"	2	95	418.0	97	91	90	0.989010989010989	0.978494623655914	0.9578947368421052	0.9473684210526315	0.052631578947368474	resolved		346	183	True
vae_candidate_000339	0c86596789451a6f04f4a31dbae5e1d4e5dadc7d29fe800d573a4f9da08a8dd8	True	False	eos	108	107	True	False	False	False	True	0.036681689690942876	0.06381829728796116	False	True	False	[]	True	False	[]	True	False	[]	True	False	[]	True	False	[]	True				excluded	unsupported	pass	107		[]	0											unresolved	no_reliable_reference	346	0	True
vae_candidate_000340	89f0be151532801fb4db7abff3569e3340a1518d55b8885d79c91823361aa30f	True	False	eos	100	99	True	False	False	False	True	0.026356769693312604	0.06381829728796116	False	True	False	[]	True	False	[]	True	False	[]	True	False	[]	True	False	[]	True				excluded	unsupported	pass	99	nat_842bc418f0682cd2a9c8	"[""nat_842bc418f0682cd2a9c8"", ""nat_a49cfe7d33cec22c3905"", ""nat_a7791ad55c70e7fd3462""]"	3	95	226.0	105	89	57	0.6404494382022472	0.898989898989899	0.9368421052631579	0.5757575757575758	0.4242424242424242	resolved		346	158	True
vae_candidate_000341	da558f76a74559d4a14f632f676c2973eaf1a8d508db0730e220778da7f588d2	True	False	eos	91	90	True	False	False	False	True	0.028589137894776746	0.06381829728796116	False	True	False	[]	True	False	[]	True	False	[]	True	False	[]	True	False	[]	True				excluded	unsupported	pass	90	nat_b3561a1e0242e2259486	"[""nat_b3561a1e0242e2259486""]"	1	76	207.5	92	74	57	0.7702702702702703	0.8222222222222222	0.9736842105263158	0.6333333333333333	0.3666666666666667	resolved		346	192	True
vae_candidate_000342	69627a414235bf88e17519ca2fa4ec1310b5359c159effb8c9459a3ceeec6140	True	False	eos	68	67	True	False	False	False	True	0.06138223478162819	0.06381829728796116	False	True	False	[]	True	False	[]	True	False	[]	True	False	[]	True	False	[]	True				excluded	unsupported	fail	67	nat_3cc2cb889cfdbbcaa17b	"[""nat_3cc2cb889cfdbbcaa17b"", ""nat_61a382d08777524701b3""]"	2	72	126.5	80	59	42	0.711864406779661	0.8805970149253731	0.8194444444444444	0.5833333333333334	0.41666666666666663	resolved		346	52	True
vae_candidate_000343	4b7a4c6032651d288d048dc853317da9f4f1b480db5445d0b2184328ef2f3b9e	True	False	eos	115	114	True	False	False	False	True	0.01809505535199704	0.06381829728796116	False	True	False	[]	True	False	[]	True	False	[]	True	False	[]	True	False	[]	True				main_supported_gvpa	supported_gvpa	pass	114	nat_461115b7000bfd74f566	"[""nat_461115b7000bfd74f566"", ""nat_833a1708482ad34125e2""]"	2	96	249.0	118	92	63	0.6847826086956522	0.8070175438596491	0.9583333333333334	0.5526315789473685	0.4473684210526315	resolved		346	37	True
vae_candidate_000346	6c7c4bf5df248402b6fc55f9e5a229889fafee26972f860568d08b809a4a94d5	True	False	eos	116	115	True	False	False	False	True	0.020267527957366627	0.06381829728796116	False	True	False	[]	True	False	[]	True	False	[]	True	False	[]	True	False	[]	True				main_supported_gvpa	supported_gvpa	pass	115	nat_d1b057f953bd558c0457	"[""nat_d1b057f953bd558c0457"", ""nat_d80e058d93177215aa4b""]"	2	95	280.0	118	92	75	0.8152173913043478	0.8	0.968421052631579	0.6521739130434783	0.34782608695652173	resolved		346	82	True
vae_candidate_000348	212f6a89393b8208816b6f63dd208adbd745498682593e5305d2112220a71649	True	False	eos	107	106	True	False	False	False	True	0.03604387003211214	0.06381829728796116	False	True	False	[]	True	False	[]	True	False	[]	True	False	[]	True	False	[]	True				excluded	unsupported	fail	106		[]	0											unresolved	no_reliable_reference	346	0	True
vae_candidate_000349	6575d890619ef3f1e4357c0532a9ae39034e10786370c7295557cfe16d63f9d5	True	False	eos	109	108	True	False	False	False	True	0.08068683281294906	0.06381829728796116	True	True	False	[]	True	False	[]	True	False	[]	True	True	"[{""start"": 71, ""end"": 76, ""length"": 6, ""residue"": ""G""}]"	True	False	[]	True	composition_outlier_warning;homopolymer_warning	composition_outlier_warning;homopolymer_warning		excluded	unsupported	fail	108	nat_5d40201e59780a4578e1	"[""nat_5d40201e59780a4578e1"", ""nat_fca422d4ddd5dcd65605""]"	2	95	3.5	116	87	28	0.3218390804597701	0.8055555555555556	0.9157894736842105	0.25925925925925924	0.7407407407407407	resolved		346	25	True
vae_candidate_000350	218f863a4018f0152a697795825e7684d1150762cae6269d30c6c01d7cf4910f	True	False	eos	103	102	True	False	False	False	True	0.04040240787806215	0.06381829728796116	False	True	False	[]	True	False	[]	True	False	[]	True	False	[]	True	False	[]	True				excluded	unsupported	fail	102	nat_4b58b860e36e01bdb682	"[""nat_4b58b860e36e01bdb682"", ""nat_8f3e753527c876cd94f0""]"	2	95	228.5	115	82	64	0.7804878048780488	0.803921568627451	0.8631578947368421	0.6274509803921569	0.37254901960784315	resolved		346	83	True
vae_candidate_000351	af712d8bbb96bccc9f4e28901123348845544e87337084f813bff62632e08736	True	False	eos	67	66	True	False	False	False	True	0.04890573599610892	0.06381829728796116	False	True	False	[]	True	False	[]	True	False	[]	True	False	[]	True	False	[]	True				excluded	unsupported	fail	66	nat_3cc2cb889cfdbbcaa17b	"[""nat_3cc2cb889cfdbbcaa17b"", ""nat_61a382d08777524701b3"", ""nat_ea5746ec582bf06f4e03""]"	3	72	122.5	76	62	37	0.5967741935483871	0.9393939393939394	0.8611111111111112	0.5138888888888888	0.48611111111111116	resolved		346	56	True
vae_candidate_000352	d5d4d246f94d8513a6076ceac506e7e2424a80d98e545c034ca59d845fa26e74	True	False	eos	73	72	True	False	False	False	True	0.0314583104951014	0.06381829728796116	False	True	False	[]	True	False	[]	True	False	[]	True	False	[]	True	False	[]	True				main_supported_gvpa	supported_gvpa	pass	72	nat_9f8db13e803cecc901b7	"[""nat_9f8db13e803cecc901b7"", ""nat_e9d0d8807aee29d8e61c""]"	2	70	239.0	73	69	56	0.8115942028985508	0.9583333333333334	0.9857142857142858	0.7777777777777778	0.2222222222222222	resolved		346	100	True
vae_candidate_000353	53f3c9a0d5ec2d4bf93821a09ceb47309fa25f9eb399447733fc448741b9dda0	True	False	eos	125	124	True	False	False	False	True	0.04824084757935948	0.06381829728796116	False	True	False	[]	True	False	[]	True	False	[]	True	False	[]	True	False	[]	True				excluded	unsupported	fail	124		[]	0											unresolved	no_reliable_reference	346	0	True
vae_candidate_000354	38e2dc077fa752f75426e2f5d9639e2bb1d9f2e7538119ec75f9b9cd842d20b5	True	False	eos	96	95	True	False	False	False	True	0.018767393224240585	0.06381829728796116	False	True	False	[]	True	False	[]	True	False	[]	True	False	[]	True	False	[]	True				main_supported_gvpa	supported_gvpa	pass	95	nat_215f48254c804f1f2876	"[""nat_215f48254c804f1f2876"", ""nat_3e6bf91c590be6684eed"", ""nat_92d7d81f95603487cd9c"", ""nat_9ca97034ea4d97950343"", ""nat_a7791ad55c70e7fd3462"", ""nat_acb38079c01f07d0de6f"", ""nat_c8490949e18e771ed8c8""]"	7	94	398.0	98	91	88	0.967032967032967	0.9578947368421052	0.9680851063829787	0.9263157894736842	0.0736842105263158	resolved		346	184	True
vae_candidate_000355	f16c6925f78ed9669373c60926c99c84a8efc4fb4895b4859033e3b8d8d9cd45	True	False	eos	75	74	True	False	False	False	True	0.02533179455714228	0.06381829728796116	False	True	False	[]	True	False	[]	True	False	[]	True	False	[]	True	False	[]	True				excluded	unsupported	pass	74	nat_0c143ad343586201fcf9	"[""nat_0c143ad343586201fcf9""]"	1	69	224.0	74	69	53	0.7681159420289855	0.9324324324324325	1.0	0.7162162162162162	0.28378378378378377	resolved		346	91	True
vae_candidate_000356	9ad752dd22b3d8d9d5cbf474e11f2eb2f3b6670443252106d7a1d7e63ff71a7a	True	False	eos	112	111	True	False	False	False	True	0.02101357374430465	0.06381829728796116	False	True	False	[]	True	False	[]	True	False	[]	True	False	[]	True	False	[]	True				main_supported_gvpa	supported_gvpa	pass	111	nat_05d62502987d9405b8af	"[""nat_05d62502987d9405b8af"", ""nat_38cb7bda240a833d36b3"", ""nat_78005b3dddedd0251b7e"", ""nat_d1b057f953bd558c0457"", ""nat_d92cb9dcfcf48b731b50"", ""nat_dad443e0412ef646de5e""]"	6	95	379.5	111	95	86	0.9052631578947369	0.8558558558558559	1.0	0.7747747747747747	0.22522522522522526	resolved		346	125	True
vae_candidate_000357	3b2acac396d5d5b338a8c14d04d01766c414e5a52e732c0bc0ac2735e9856d5e	True	False	eos	76	75	True	False	False	False	True	0.09471730972677886	0.06381829728796116	True	True	False	[]	True	False	[]	True	False	[]	True	False	[]	True	False	[]	True	composition_outlier_warning	composition_outlier_warning		excluded	unsupported	fail	75	nat_4f811102c58fb8e77080	"[""nat_4f811102c58fb8e77080""]"	1	78	2.0	87	66	19	0.2878787878787879	0.88	0.8461538461538461	0.24358974358974358	0.7564102564102564	resolved		346	1	True
vae_candidate_000358	08b3ea34aed08f0b90d8bddea57771d31281c53a246a7c02cd429bb62c3b50fe	True	False	eos	115	114	True	False	False	False	True	0.035253824743281634	0.06381829728796116	False	True	False	[]	True	False	[]	True	False	[]	True	False	[]	True	False	[]	True				excluded	unsupported	pass	114	nat_4a87fc740463a61b2d05	"[""nat_4a87fc740463a61b2d05""]"	1	109	119.0	120	103	46	0.44660194174757284	0.9035087719298246	0.944954128440367	0.40350877192982454	0.5964912280701755	resolved		346	23	True
vae_candidate_000359	20b78181a37b1a7637137c3e7d87f625707ed7bfaa2d84d536ebee331c5e005a	True	False	eos	107	106	True	False	False	False	True	0.0197276188900687	0.06381829728796116	False	True	False	[]	True	False	[]	True	False	[]	True	False	[]	True	False	[]	True				main_supported_gvpa	supported_gvpa	pass	106	nat_0077c6cbf903d0b80137	"[""nat_0077c6cbf903d0b80137"", ""nat_1aef09f774a1818b7e24"", ""nat_729a9790a662e92ab379""]"	3	96	285.0	107	95	71	0.7473684210526316	0.8962264150943396	0.9895833333333334	0.6698113207547169	0.33018867924528306	resolved		346	148	True
vae_candidate_000360	23842fd56c1cd2ebcfa198ac878fb93e6a7adff1eef6c5c1d2b20bbb2cda9e94	True	False	eos	175	174	True	False	False	False	True	0.0393584375986762	0.06381829728796116	False	True	False	[]	True	False	[]	True	False	[]	True	False	[]	True	False	[]	True				excluded	unsupported	pass	174		[]	0											unresolved	no_reliable_reference	346	0	True
vae_candidate_000361	a5ccff1ac6eadbce59ee750ef7d2b33c94302d97d6f86ececed886b813269c6c	True	False	eos	86	85	True	False	False	False	True	0.022306712506245288	0.06381829728796116	False	True	False	[]	True	False	[]	True	False	[]	True	False	[]	True	False	[]	True				excluded	unsupported	pass	85	nat_c468502803b4ab5981f1	"[""nat_c468502803b4ab5981f1""]"	1	95	225.5	99	81	59	0.7283950617283951	0.9529411764705882	0.8526315789473684	0.6210526315789474	0.3789473684210526	resolved		346	218	True
vae_candidate_000362	1d22ffc52316beb61cc584d1edeeacea9611752a549f5661884daffbcfc0487b	True	False	eos	91	90	True	False	False	False	True	0.024380172368280696	0.06381829728796116	False	True	False	[]	True	False	[]	True	False	[]	True	False	[]	True	False	[]	True				excluded	unsupported	pass	90	nat_a36a3359d46f89a3e9c6	"[""nat_a36a3359d46f89a3e9c6""]"	1	93	200.0	103	80	57	0.7125	0.8888888888888888	0.8602150537634409	0.6129032258064516	0.3870967741935484	resolved		346	191	True
vae_candidate_000363	29a45dd9b8ad4cd14e6493863a74b5c1d8a94a878e8b5a702a7a1bf9bb5ccee9	True	False	eos	126	125	True	False	False	False	True	0.02230956622307435	0.06381829728796116	False	True	False	[]	True	False	[]	True	False	[]	True	False	[]	True	False	[]	True				excluded	unsupported	pass	125		[]	0											unresolved	no_reliable_reference	346	0	True
vae_candidate_000365	492718b927ff38ff94f9dcfc57e1fcc8df22e83a788e9065508d58361f942bbf	True	False	eos	75	74	True	False	False	False	True	0.051095665657914804	0.06381829728796116	False	True	False	[]	True	False	[]	True	False	[]	True	False	[]	True	False	[]	True				excluded	unsupported	fail	74	nat_2dee131e85e06a8f9fdd	"[""nat_2dee131e85e06a8f9fdd""]"	1	76	87.5	88	62	33	0.532258064516129	0.8378378378378378	0.8157894736842105	0.4342105263157895	0.5657894736842105	resolved		346	64	True
vae_candidate_000366	fae20046d6492f5aa80ea8fdecc78212c41991ca5f84593e8747cf416e6f0c19	True	False	eos	140	139	True	False	False	False	True	0.06341371408652352	0.06381829728796116	False	True	False	[]	True	False	[]	True	False	[]	True	False	[]	True	False	[]	True				excluded	unsupported	fail	139	nat_15e32a2edd6bff0d0784	"[""nat_15e32a2edd6bff0d0784"", ""nat_438c70c6875cb7fc8740""]"	2	137	32.5	160	116	42	0.3620689655172414	0.8345323741007195	0.8467153284671532	0.302158273381295	0.697841726618705	resolved		346	27	True
vae_candidate_000367	ac3e9268749bb222e0bf26fd04ed5333a2c2382c90856524593e48bee8c06549	True	False	eos	143	142	True	False	False	False	True	0.015328041367447264	0.06381829728796116	False	True	False	[]	True	False	[]	True	False	[]	True	False	[]	True	False	[]	True				excluded	unsupported	fail	142		[]	0											unresolved	no_reliable_reference	346	0	True
vae_candidate_000368	cd4f20fcedbae5ab4787dc5222fa7a19d06cbd77997ab5048babe62abb2879ed	True	False	eos	117	116	True	False	False	False	True	0.021979433673942974	0.06381829728796116	False	True	False	[]	True	False	[]	True	False	[]	True	False	[]	True	False	[]	True				ambiguous_exploration	gvpa_gvpj_ambiguous	pass	116	nat_e8032b7ad48d42a9adf3	"[""nat_e8032b7ad48d42a9adf3""]"	1	135	285.5	143	108	74	0.6851851851851852	0.9310344827586207	0.8	0.5481481481481482	0.45185185185185184	resolved		346	78	True
vae_candidate_000370	b4cf44cf242559a543d2f1e6ad461d30bba28248194e90f46e9e771ed52f49f5	True	False	eos	83	82	True	False	False	False	True	0.01854777584822091	0.06381829728796116	False	True	False	[]	True	False	[]	True	False	[]	True	False	[]	True	False	[]	True				excluded	unsupported	pass	82	nat_6dc60142a293ec7c6dcb	"[""nat_6dc60142a293ec7c6dcb"", ""nat_f87e80c34ba5c8c8909b"", ""nat_fb877ea45a36f28c6227""]"	3	87	227.0	99	70	58	0.8285714285714286	0.8536585365853658	0.8045977011494253	0.6666666666666666	0.33333333333333337	resolved		346	94	True
vae_candidate_000371	3c784e2f0bad26e9fa7bbeddf56e8895b72cf6275271f3ed5819f9738cc69012	True	False	eos	110	109	True	False	False	False	True	0.02590951252321486	0.06381829728796116	False	True	False	[]	True	False	[]	True	False	[]	True	False	[]	True	False	[]	True				excluded	unsupported	pass	109	nat_0101bc590c89813c161a	"[""nat_0101bc590c89813c161a"", ""nat_49d3875a5ef4bbb644f9"", ""nat_4b58b860e36e01bdb682"", ""nat_8f3e753527c876cd94f0""]"	4	94	328.5	110	93	80	0.8602150537634409	0.8532110091743119	0.9893617021276596	0.7339449541284404	0.2660550458715596	resolved		346	131	True
vae_candidate_000372	265eca8ad4b2d58248ad96281d6ff2744dd144d4762c53eef267f9ea8153b36e	True	False	eos	104	103	True	False	False	False	True	0.04055212125567685	0.06381829728796116	False	True	False	[]	True	False	[]	True	False	[]	True	False	[]	True	False	[]	True				ambiguous_exploration	gvpa_gvpj_ambiguous	pass	103	nat_215f48254c804f1f2876	"[""nat_215f48254c804f1f2876"", ""nat_8189ed3c9ac18707f549"", ""nat_9ca97034ea4d97950343"", ""nat_c468502803b4ab5981f1""]"	4	94	221.0	105	92	58	0.6304347826086957	0.8932038834951457	0.9787234042553191	0.5631067961165048	0.4368932038834952	resolved		346	154	True
vae_candidate_000373	67f2d4fda89cd92223d21e774286ccca22427a9a2df0f8e1d083880fd6d21272	True	False	eos	67	66	True	False	False	False	True	0.10952445349818576	0.06381829728796116	True	True	False	[]	True	False	[]	True	False	[]	True	False	[]	True	False	[]	True	composition_outlier_warning	composition_outlier_warning		excluded	unsupported	fail	66	nat_08ca607a70bf3998101a	"[""nat_08ca607a70bf3998101a""]"	1	70	4.0	80	56	16	0.2857142857142857	0.8484848484848485	0.8	0.22857142857142856	0.7714285714285715	resolved		346	2	True
vae_candidate_000374	79824577d9b1d40717513a1e809108f8c0621de2bd69a65159d2d01844b56eb1	True	False	eos	107	106	True	False	False	False	True	0.02219905596833855	0.06381829728796116	False	True	False	[]	True	False	[]	True	False	[]	True	False	[]	True	False	[]	True				main_supported_gvpa	supported_gvpa	pass	106	nat_1f956fdbc151f2ec0ffb	"[""nat_1f956fdbc151f2ec0ffb"", ""nat_4482775e0979509e45d2"", ""nat_48f4fc548c0153a5775e"", ""nat_69442765a7e1224b0435"", ""nat_a8908cb0d732ddf5c6d4"", ""nat_d07d112598796fe30d76""]"	6	95	327.5	110	91	78	0.8571428571428571	0.8584905660377359	0.9578947368421052	0.7358490566037735	0.26415094339622647	resolved		346	138	True
vae_candidate_000375	377803da300e6c9f4fc56a523ec12b68bc502b276678d51db96ab74eca8599e3	True	False	eos	140	139	True	False	False	False	True	0.05700088106967156	0.06381829728796116	False	True	False	[]	True	False	[]	True	False	[]	True	False	[]	True	False	[]	True				excluded	unsupported	fail	139	nat_c74d6e1106797b3a3d0f	"[""nat_c74d6e1106797b3a3d0f""]"	1	133	47.5	160	112	35	0.3125	0.8057553956834532	0.8421052631578947	0.2517985611510791	0.7482014388489209	resolved		346	1	True
vae_candidate_000376	8a97167d6ed57b0b023fbc2df42acc3513d05755cc80316028849d0d7a6bc0b5	True	False	eos	111	110	True	False	False	False	True	0.07768405702978357	0.06381829728796116	True	True	False	[]	True	False	[]	True	False	[]	True	False	[]	True	False	[]	True	composition_outlier_warning	composition_outlier_warning		excluded	unsupported	fail	110		[]	0											unresolved	no_reliable_reference	346	0	True
vae_candidate_000377	99dd4551d5a3df9a03bb825ecad560b9f1e7cf03cdc24bb87e048aff343c1b45	True	False	eos	141	140	True	False	False	False	True	0.01663716314451163	0.06381829728796116	False	True	False	[]	True	False	[]	True	False	[]	True	False	[]	True	False	[]	True				excluded	unsupported	pass	140	nat_8bfb3056e00dc3525ee8	"[""nat_8bfb3056e00dc3525ee8""]"	1	145	307.0	164	121	80	0.6611570247933884	0.8642857142857143	0.8344827586206897	0.5517241379310345	0.4482758620689655	resolved		346	55	True
vae_candidate_000378	13de3981d0eae841d8021c46acf96cb239a1b87173d6c62effdc52d0eb369032	True	False	eos	176	175	True	False	False	False	True	0.10417230356025003	0.06381829728796116	True	True	False	[]	True	False	[]	True	False	[]	True	True	"[{""start"": 19, ""end"": 25, ""length"": 7, ""residue"": ""G""}]"	True	False	[]	True	composition_outlier_warning;homopolymer_warning	composition_outlier_warning;homopolymer_warning		excluded	unsupported	fail	175	nat_25ee00a9c2b4e74f79dd	"[""nat_25ee00a9c2b4e74f79dd""]"	1	155	58.0	187	143	44	0.3076923076923077	0.8171428571428572	0.9225806451612903	0.25142857142857145	0.7485714285714286	resolved		346	3	True
vae_candidate_000379	c73588ce9730509f74d9c6a747d3db2ae9b696239673ab5cff72cea5671f1f23	True	False	eos	111	110	True	False	False	False	True	0.03459415526249354	0.06381829728796116	False	True	False	[]	True	False	[]	True	False	[]	True	False	[]	True	False	[]	True				excluded	unsupported	fail	110	nat_0ccad4d436403131ae6a	"[""nat_0ccad4d436403131ae6a""]"	1	135	133.0	136	109	46	0.42201834862385323	0.990909090909091	0.8074074074074075	0.34074074074074073	0.6592592592592592	resolved		346	3	True
vae_candidate_000380	0d6a473b2d634adaeb9b56203a8c40fe6a2fe13eb106a09f33105d58baaf8426	True	False	eos	88	87	True	False	False	False	True	0.0399639021031314	0.06381829728796116	False	True	False	[]	True	False	[]	True	False	[]	True	False	[]	True	False	[]	True				excluded	unsupported	fail	87	nat_75679c0d4db585656573	"[""nat_75679c0d4db585656573""]"	1	92	142.5	104	75	49	0.6533333333333333	0.8620689655172413	0.8152173913043478	0.532608695652174	0.46739130434782605	resolved		346	79	True
vae_candidate_000381	869b6060bcc019c189e279171ae249e61df7e2a5b2d280fe44f97563187604ac	True	False	eos	84	83	True	False	False	False	True	0.040995137788062845	0.06381829728796116	False	True	False	[]	True	False	[]	True	False	[]	True	False	[]	True	False	[]	True				ambiguous_exploration	gvpa_gvpj_ambiguous	pass	83	nat_970873de163a6ff8ee05	"[""nat_970873de163a6ff8ee05""]"	1	88	265.0	88	83	59	0.7108433734939759	1.0	0.9431818181818182	0.6704545454545454	0.3295454545454546	resolved		346	219	True
vae_candidate_000382	d364580329dd7f7d9766eebab163e972f1173e0b0b82300a6d31ecd2d9599484	True	False	eos	119	118	True	False	False	False	True	0.04208405661890298	0.06381829728796116	False	True	False	[]	True	False	[]	True	False	[]	True	False	[]	True	False	[]	True				excluded	unsupported	fail	118		[]	0											unresolved	no_reliable_reference	346	0	True
vae_candidate_000383	417f0f6a99b3e9a69314a2bf4ee95f4b93c62b547f534eb1422656a206de9ed3	True	False	eos	99	98	True	False	False	False	True	0.010519180778010458	0.06381829728796116	False	True	False	[]	True	False	[]	True	False	[]	True	False	[]	True	False	[]	True				main_supported_gvpa	supported_gvpa	pass	98	nat_0077c6cbf903d0b80137	"[""nat_0077c6cbf903d0b80137"", ""nat_1564401f2a553c444667"", ""nat_1aef09f774a1818b7e24"", ""nat_729a9790a662e92ab379""]"	4	96	312.5	105	89	76	0.8539325842696629	0.9081632653061225	0.9270833333333334	0.7755102040816326	0.22448979591836737	resolved		346	158	True
vae_candidate_000384	c013f5eeca6dcba677078a0d4a2b09c91488a2eb37f7ddbedfb3e7b4d5562188	True	False	eos	100	99	True	False	False	False	True	0.03803372474983281	0.06381829728796116	False	True	False	[]	True	False	[]	True	False	[]	True	False	[]	True	False	[]	True				excluded	unsupported	pass	99	nat_a8908cb0d732ddf5c6d4	"[""nat_a8908cb0d732ddf5c6d4""]"	1	96	161.0	115	80	44	0.55	0.8080808080808081	0.8333333333333334	0.4444444444444444	0.5555555555555556	resolved		346	9	True
vae_candidate_000385	5e5057d6328b7a066d48fe2b5a5348f73a53c5d31963c6416ba4793a7289a27d	True	False	eos	163	162	True	False	False	False	True	0.02167623547085199	0.06381829728796116	False	True	False	[]	True	False	[]	True	False	[]	True	False	[]	True	False	[]	True				excluded	unsupported	pass	162		[]	0											unresolved	no_reliable_reference	346	0	True
vae_candidate_000386	ce2ecc7818a42d44601cac7cca0384cde8cd4ed7c059872be7766195a5049c81	True	False	eos	159	158	True	False	False	False	True	0.02271087902092936	0.06381829728796116	False	True	False	[]	True	False	[]	True	False	[]	True	False	[]	True	False	[]	True				excluded	unsupported	pass	158		[]	0											unresolved	no_reliable_reference	346	0	True
vae_candidate_000387	b8bb0102ecba502062cbefacd6a070700880b82165ca9a096ddcb014281c8fc9	True	False	eos	110	109	True	False	False	False	True	0.025369360763454373	0.06381829728796116	False	True	False	[]	True	False	[]	True	False	[]	True	True	"[{""start"": 32, ""end"": 37, ""length"": 6, ""residue"": ""G""}]"	True	False	[]	True	homopolymer_warning	homopolymer_warning		excluded	unsupported	fail	109	nat_9fd0842a53e077dc147a	"[""nat_9fd0842a53e077dc147a""]"	1	111	125.0	131	89	44	0.4943820224719101	0.8165137614678899	0.8018018018018018	0.3963963963963964	0.6036036036036037	resolved		346	1	True
vae_candidate_000389	0b7235f514a39c094b3c68bfe6c4e330a4b1573cd03be04d1a95ce93b8e04203	True	False	eos	61	60	True	False	False	False	True	0.14030408195717003	0.06381829728796116	True	True	False	[]	True	False	[]	True	False	[]	True	False	[]	True	False	[]	True	composition_outlier_warning	composition_outlier_warning		excluded	unsupported	fail	60		[]	0											unresolved	no_reliable_reference	346	0	True
vae_candidate_000390	a252a43103e0684bf2bb2c5e98ef95262a5e2c08e97347c1dd2023e7804d6f2a	True	False	eos	86	85	True	False	False	False	True	0.02752906781224573	0.06381829728796116	False	True	False	[]	True	False	[]	True	False	[]	True	False	[]	True	False	[]	True				excluded	unsupported	fail	85	nat_75679c0d4db585656573	"[""nat_75679c0d4db585656573""]"	1	92	120.5	101	76	47	0.618421052631579	0.8941176470588236	0.8260869565217391	0.5108695652173914	0.48913043478260865	resolved		346	108	True
vae_candidate_000391	dac0b9e33b918db1189a69cb69c84e46c452af98a226f0af32a905b23333c987	True	False	eos	96	95	True	False	False	False	True	0.03529880247649757	0.06381829728796116	False	True	False	[]	True	False	[]	True	False	[]	True	False	[]	True	False	[]	True				excluded	unsupported	fail	95		[]	0											unresolved	no_reliable_reference	346	0	True
vae_candidate_000392	4e8a70ad6e156540c6a0c387231accdaa875cfbe73e9950cb13ac80c213bbb2e	True	False	eos	92	91	True	False	False	False	True	0.021026007330579834	0.06381829728796116	False	True	False	[]	True	False	[]	True	False	[]	True	False	[]	True	False	[]	True				excluded	unsupported	pass	91	nat_b14dbbd56a14a6238029	"[""nat_b14dbbd56a14a6238029""]"	1	93	323.5	97	87	78	0.896551724137931	0.9560439560439561	0.9354838709677419	0.8387096774193549	0.16129032258064513	resolved		346	186	True
vae_candidate_000393	53f748f932a1c53d361e10c70df060ee40f269cd75b597c59bb27e97ed7f81a4	True	False	eos	77	76	True	False	False	False	True	0.08391713254836186	0.06381829728796116	True	True	False	[]	True	False	[]	True	False	[]	True	False	[]	True	False	[]	True	composition_outlier_warning	composition_outlier_warning		excluded	unsupported	fail	76		[]	0											unresolved	no_reliable_reference	346	0	True
vae_candidate_000394	81866705450dddbb560db4d347772a23eb18165d326543b4008dca0bc91df0e6	True	False	eos	83	82	True	False	False	False	True	0.03571398986475029	0.06381829728796116	False	True	False	[]	True	False	[]	True	False	[]	True	False	[]	True	False	[]	True				excluded	unsupported	pass	82	nat_6681febe116459c77b18	"[""nat_6681febe116459c77b18""]"	1	94	282.0	95	81	67	0.8271604938271605	0.9878048780487805	0.8617021276595744	0.7127659574468085	0.2872340425531915	resolved		346	189	True
vae_candidate_000395	41f404a1de5fd072ebee04bb9cf943ffd169023e1fffd44020911e91d4cf0ad9	True	False	eos	79	78	True	False	False	False	True	0.07978271321870059	0.06381829728796116	True	True	False	[]	True	False	[]	True	False	[]	True	False	[]	True	False	[]	True	composition_outlier_warning	composition_outlier_warning		excluded	unsupported	fail	78		[]	0											unresolved	no_reliable_reference	346	0	True
vae_candidate_000396	7bff28fefab204192a105d940784004b50cd0ed1837b645bdf4d87027fd427f1	True	False	eos	90	89	True	False	False	False	True	0.012060580500176592	0.06381829728796116	False	True	False	[]	True	False	[]	True	False	[]	True	False	[]	True	False	[]	True				main_supported_gvpa	supported_gvpa	pass	89	nat_168a7720be25950ce7a5	"[""nat_168a7720be25950ce7a5"", ""nat_3e6bf91c590be6684eed""]"	2	94	360.0	95	88	80	0.9090909090909091	0.9887640449438202	0.9361702127659575	0.851063829787234	0.14893617021276595	resolved		346	196	True
vae_candidate_000397	803f13f3c3b213a7a2eecc0274caf92b69b4216b2c75303ae8b7e6b05055a599	True	False	eos	85	84	True	False	False	False	True	0.020619874280818372	0.06381829728796116	False	True	False	[]	True	False	[]	True	False	[]	True	False	[]	True	False	[]	True				excluded	unsupported	pass	84	nat_e9d0d8807aee29d8e61c	"[""nat_e9d0d8807aee29d8e61c""]"	1	71	202.0	84	71	55	0.7746478873239436	0.8452380952380952	1.0	0.6547619047619048	0.34523809523809523	resolved		346	212	True
vae_candidate_000398	34f91e06859c7cec4ee9fb0532cbbc79767887cce0251ac91d012eebbefe32bd	True	False	eos	117	116	True	False	False	False	True	0.017103258826925427	0.06381829728796116	False	True	False	[]	True	False	[]	True	False	[]	True	False	[]	True	False	[]	True				excluded	unsupported	fail	116	nat_9fd0842a53e077dc147a	"[""nat_9fd0842a53e077dc147a""]"	1	111	230.0	132	95	58	0.6105263157894737	0.8189655172413793	0.8558558558558559	0.5	0.5	resolved		346	3	True
vae_candidate_000399	1fc6ef0f5047e9bb2ec01dccf5a76662073cffd2dfad993a2b4ae8287f935860	True	False	eos	95	94	True	False	False	False	True	0.01566895771449188	0.06381829728796116	False	True	False	[]	True	False	[]	True	False	[]	True	False	[]	True	False	[]	True				main_supported_gvpa	supported_gvpa	pass	94	nat_a9c10692b45d32f772b4	"[""nat_a9c10692b45d32f772b4"", ""nat_c0d8f1302fa41452efbc"", ""nat_c468502803b4ab5981f1""]"	3	95	416.5	96	93	89	0.956989247311828	0.9893617021276596	0.9789473684210527	0.9368421052631579	0.06315789473684208	resolved		346	177	True
vae_candidate_000400	cb3d8d4e4e661d1e859d64757586409ced324f77dc91bad2f1e7916b9aa3a25d	True	False	eos	67	66	True	False	False	False	True	0.09419350641919018	0.06381829728796116	True	True	False	[]	True	False	[]	True	False	[]	True	False	[]	True	False	[]	True	composition_outlier_warning	composition_outlier_warning		excluded	unsupported	fail	66	nat_f7dbe09f7bde0afd3543	"[""nat_f7dbe09f7bde0afd3543""]"	1	76	43.0	79	63	25	0.3968253968253968	0.9545454545454546	0.8289473684210527	0.32894736842105265	0.6710526315789473	resolved		346	52	True
vae_candidate_000401	88f7375f0684d82f619e9801dd8842b53af01f7da6de99ce28526624da3f7964	True	False	eos	96	95	True	False	False	False	True	0.0168489753658085	0.06381829728796116	False	True	False	[]	True	False	[]	True	False	[]	True	False	[]	True	False	[]	True				main_supported_gvpa	supported_gvpa	pass	95	nat_c468502803b4ab5981f1	"[""nat_c468502803b4ab5981f1"", ""nat_d5d6f3cedb33fb3328b6""]"	2	95	368.5	105	85	83	0.9764705882352941	0.8947368421052632	0.8947368421052632	0.8736842105263158	0.12631578947368416	resolved		346	180	True
vae_candidate_000402	4172dabb61d428d152ba5aaf8874baa136d008f79c87b157173725165dfcfc8c	True	False	eos	98	97	True	False	False	False	True	0.03590118491260357	0.06381829728796116	False	True	False	[]	True	False	[]	True	False	[]	True	False	[]	True	False	[]	True				excluded	unsupported	pass	97	nat_2257aec2c4abeff42ec4	"[""nat_2257aec2c4abeff42ec4""]"	1	97	233.5	105	89	57	0.6404494382022472	0.9175257731958762	0.9175257731958762	0.5876288659793815	0.41237113402061853	resolved		346	165	True
vae_candidate_000403	35d5828e388e7ecd56874694ca1aa79b3390e840d5af3771ccd852b1cd7ccaed	True	False	eos	176	175	True	False	False	False	True	0.05663235403506572	0.06381829728796116	False	True	False	[]	True	False	[]	True	False	[]	True	False	[]	True	False	[]	True				excluded	unsupported	fail	175	nat_16be3cd3d97ccaa2c7df	"[""nat_16be3cd3d97ccaa2c7df""]"	1	146	30.5	179	142	43	0.3028169014084507	0.8114285714285714	0.9726027397260274	0.24571428571428572	0.7542857142857142	resolved		346	4	True
vae_candidate_000404	8b66dfb3b4a3e300937c0143aaceac67efc0ed2c832236ed2531f4a36fd4c4b1	True	False	eos	85	84	True	False	False	False	True	0.016654813885591063	0.06381829728796116	False	True	False	[]	True	False	[]	True	False	[]	True	False	[]	True	False	[]	True				excluded	unsupported	fail	84	nat_fb877ea45a36f28c6227	"[""nat_fb877ea45a36f28c6227""]"	1	87	118.0	98	73	41	0.5616438356164384	0.8690476190476191	0.8390804597701149	0.47126436781609193	0.5287356321839081	resolved		346	137	True
vae_candidate_000405	db0354fcfcb9eab02839f7af1483fedcab9c55d7c822aae41659b6dc52809a8b	True	False	eos	87	86	True	False	False	False	True	0.018960420761367357	0.06381829728796116	False	True	False	[]	True	False	[]	True	False	[]	True	False	[]	True	False	[]	True				excluded	unsupported	pass	86	nat_9ca97034ea4d97950343	"[""nat_9ca97034ea4d97950343""]"	1	94	286.5	96	84	67	0.7976190476190477	0.9767441860465116	0.8936170212765957	0.7127659574468085	0.2872340425531915	resolved		346	212	True
vae_candidate_000406	cfdf7a092d211b4c8629c302b75e368d1a66fd2dc7b0db9aee8cae73e7d98f6b	True	False	eos	71	70	True	False	False	False	True	0.03437451016953004	0.06381829728796116	False	True	False	[]	True	False	[]	True	False	[]	True	False	[]	True	False	[]	True				excluded	unsupported	pass	70	nat_3cc2cb889cfdbbcaa17b	"[""nat_3cc2cb889cfdbbcaa17b""]"	1	72	201.0	76	66	49	0.7424242424242424	0.9428571428571428	0.9166666666666666	0.6805555555555556	0.3194444444444444	resolved		346	78	True
vae_candidate_000407	861fc90d9a7ea204dd849f444b7a3d3d07360807c3b0af0a601baa4f4c3b5001	True	False	eos	139	138	True	False	False	False	True	0.016817371969814532	0.06381829728796116	False	True	False	[]	True	False	[]	True	False	[]	True	False	[]	True	False	[]	True				excluded	unsupported	pass	138		[]	0											unresolved	no_reliable_reference	346	0	True
vae_candidate_000408	224dc1d9a812a77e783908656fd662c906e7ad60ba00a426ab2c815dce2e2452	True	False	eos	120	119	True	False	False	False	True	0.037888051827344234	0.06381829728796116	False	True	False	[]	True	False	[]	True	False	[]	True	False	[]	True	False	[]	True				ambiguous_exploration	gvpa_gvpj_ambiguous	pass	119	nat_8d5392221648a605a7c2	"[""nat_8d5392221648a605a7c2""]"	1	134	251.0	136	117	70	0.5982905982905983	0.9831932773109243	0.8731343283582089	0.5223880597014925	0.4776119402985075	resolved		346	32	True
vae_candidate_000409	54b038b66108e62fd94f4aae5c7f3d3336ab8fde5db12eaa0fcfd60045e72956	True	False	eos	122	121	True	False	False	False	True	0.04034794352401452	0.06381829728796116	False	True	False	[]	True	False	[]	True	False	[]	True	False	[]	True	False	[]	True				excluded	unsupported	pass	121	nat_c7cb28cf54b6a88ff785	"[""nat_c7cb28cf54b6a88ff785""]"	1	99	161.0	123	97	47	0.4845360824742268	0.8016528925619835	0.9797979797979798	0.3884297520661157	0.6115702479338843	resolved		346	15	True
vae_candidate_000410	1fcf1d65bff79a6d594b9b39f39997aa235293515faf7861fe39c8225f142336	True	False	eos	74	73	True	False	False	False	True	0.05052113997483303	0.06381829728796116	False	True	False	[]	True	False	[]	True	False	[]	True	False	[]	True	False	[]	True				excluded	unsupported	fail	73	nat_39cf0fd21702af1ff2b1	"[""nat_39cf0fd21702af1ff2b1""]"	1	69	24.5	80	62	20	0.3225806451612903	0.8493150684931506	0.8985507246376812	0.273972602739726	0.726027397260274	resolved		346	2	True
vae_candidate_000411	262427e64d668dfedcb28fa51a82fc46315fbe64e287c74e5280aca12faa2425	True	False	eos	97	96	True	False	False	False	True	0.011249517451990293	0.06381829728796116	False	True	False	[]	True	False	[]	True	False	[]	True	False	[]	True	False	[]	True				main_supported_gvpa	supported_gvpa	pass	96	nat_49d3875a5ef4bbb644f9	"[""nat_49d3875a5ef4bbb644f9"", ""nat_69442765a7e1224b0435"", ""nat_94cdaea6b1db7bfe983f"", ""nat_d1b057f953bd558c0457""]"	4	95	383.5	99	92	82	0.8913043478260869	0.9583333333333334	0.968421052631579	0.8541666666666666	0.14583333333333337	resolved		346	165	True
vae_candidate_000412	4e1969e0ec60ff349356e1f255ee5d47fbb4e38b0ccba160fbdd799bb8bc14ae	True	False	eos	118	117	True	False	False	False	True	0.045649599759373244	0.06381829728796116	False	True	False	[]	True	False	[]	True	False	[]	True	False	[]	True	False	[]	True				excluded	unsupported	pass	117		[]	0											unresolved	no_reliable_reference	346	0	True
vae_candidate_000413	7950594a4b3e18140eefea20923f638d69c87825ecc4e64370aafe96d7704289	True	False	eos	77	76	True	False	False	False	True	0.07205961406281072	0.06381829728796116	True	True	False	[]	True	False	[]	True	False	[]	True	False	[]	True	False	[]	True	composition_outlier_warning	composition_outlier_warning		excluded	unsupported	fail	76	nat_1e070d0d2387bb202235	"[""nat_1e070d0d2387bb202235"", ""nat_b3561a1e0242e2259486"", ""nat_ede685c8031e89299cf7""]"	3	75	13.0	87	64	24	0.375	0.8421052631578947	0.8533333333333334	0.3157894736842105	0.6842105263157895	resolved		346	18	True
vae_candidate_000414	e9b5bc72a9369adf2d2b3368698c6cc5bd9ca284bcd8bda38278924c230f5ef6	True	False	eos	83	82	True	False	False	False	True	0.028203069655397362	0.06381829728796116	False	True	False	[]	True	False	[]	True	False	[]	True	False	[]	True	False	[]	True				excluded	unsupported	pass	82	nat_13dff233b6dfd04cb79c	"[""nat_13dff233b6dfd04cb79c"", ""nat_440c141d3d83ed043c33"", ""nat_cac8cf4903b24e69aca8""]"	3	76	250.5	87	71	60	0.8450704225352113	0.8658536585365854	0.9342105263157895	0.7317073170731707	0.2682926829268293	resolved		346	189	True
vae_candidate_000415	369e9b4202145d261ef0eee1e03a00b64b70ac13fbfac6912c33056e64ae6e01	True	False	eos	87	86	True	False	False	False	True	0.02604751145834661	0.06381829728796116	False	True	False	[]	True	False	[]	True	False	[]	True	False	[]	True	False	[]	True				excluded	unsupported	pass	86	nat_4a610b8daff21e476288	"[""nat_4a610b8daff21e476288""]"	1	85	104.0	98	73	37	0.5068493150684932	0.8488372093023255	0.8588235294117647	0.43023255813953487	0.5697674418604651	resolved		346	138	True
vae_candidate_000416	49ddefb0c44794cbc2103bff51164a3c6d4d270d61d929a184dd64d5e9d5f899	True	False	eos	75	74	True	False	False	False	True	0.08196728272189842	0.06381829728796116	True	True	False	[]	True	False	[]	True	False	[]	True	False	[]	True	False	[]	True	composition_outlier_warning	composition_outlier_warning		excluded	unsupported	fail	74	nat_873dfd59523575571c0b	"[""nat_873dfd59523575571c0b""]"	1	85	31.5	87	72	24	0.3333333333333333	0.972972972972973	0.8470588235294118	0.2823529411764706	0.7176470588235294	resolved		346	45	True
vae_candidate_000417	6fca892d23c60be572f87cbde77598eb07ceae7896b157f1a31b928fe78ff9b1	True	False	eos	131	130	True	False	False	False	True	0.04536985555247268	0.06381829728796116	False	True	False	[]	True	False	[]	True	False	[]	True	False	[]	True	False	[]	True				excluded	unsupported	fail	130	nat_55802cc1c7918b91c298	"[""nat_55802cc1c7918b91c298""]"	1	139	130.0	153	116	48	0.41379310344827586	0.8923076923076924	0.8345323741007195	0.34532374100719426	0.6546762589928057	resolved		346	7	True
vae_candidate_000418	1492c12c9a6aaa37246ebbf85fc294bbfed69d63e9877cb6cac21183a1d0bb9d	True	False	eos	151	150	True	False	False	False	True	0.06967794715875991	0.06381829728796116	True	True	False	[]	True	False	[]	True	False	[]	True	False	[]	True	False	[]	True	composition_outlier_warning	composition_outlier_warning		excluded	unsupported	fail	150	nat_e62ac75b3affa97a2f5a	"[""nat_e62ac75b3affa97a2f5a""]"	1	151	58.5	180	121	48	0.39669421487603307	0.8066666666666666	0.8013245033112583	0.31788079470198677	0.6821192052980132	resolved		346	54	True
vae_candidate_000419	a2908cb01028b273a0ab713b54218496dc91994892113d6471d88cc0a751320f	True	False	eos	131	130	True	False	False	False	True	0.02533670943257689	0.06381829728796116	False	True	False	[]	True	False	[]	True	False	[]	True	False	[]	True	False	[]	True				excluded	unsupported	pass	130		[]	0											unresolved	no_reliable_reference	346	0	True
vae_candidate_000420	3b33f431a071683a1c51fb69b26bd3da7af1dcb4f1ca45ca1c4b100bd5ffd569	True	False	eos	78	77	True	False	False	False	True	0.03705028384295046	0.06381829728796116	False	True	False	[]	True	False	[]	True	False	[]	True	False	[]	True	False	[]	True				ambiguous_exploration	gvpa_gvpj_ambiguous	pass	77	nat_30c8db5b2a48ec02340b	"[""nat_30c8db5b2a48ec02340b""]"	1	94	234.5	95	76	59	0.7763157894736842	0.987012987012987	0.8085106382978723	0.6276595744680851	0.37234042553191493	resolved		346	167	True
vae_candidate_000421	2158defe5e714636cd8572ac7e2f0c371123b468b22749c8b30e02b9fa434689	True	False	eos	157	156	True	False	False	False	True	0.01045028520551996	0.06381829728796116	False	True	False	[]	True	False	[]	True	False	[]	True	False	[]	True	False	[]	True				excluded	unsupported	pass	156		[]	0											unresolved	no_reliable_reference	346	0	True
vae_candidate_000422	9e9c48d023509078f397478988835404b2113bc09dd713bccd4e578287339f92	True	False	eos	79	78	True	False	False	False	True	0.050304558215874415	0.06381829728796116	False	True	False	[]	True	False	[]	True	False	[]	True	False	[]	True	False	[]	True				excluded	unsupported	fail	78	nat_4d4e00d31d935ed0527d	"[""nat_4d4e00d31d935ed0527d"", ""nat_8d29ff35edf68fc809de""]"	2	95	51.5	97	76	25	0.32894736842105265	0.9743589743589743	0.8	0.2631578947368421	0.736842105263158	resolved		346	51	True
vae_candidate_000423	e7f169d994da6bbe8b96d93902d5dc04e415dd0c8e2ca24207149857070337c0	True	False	eos	72	71	True	False	False	False	True	0.028036453972333692	0.06381829728796116	False	True	False	[]	True	False	[]	True	False	[]	True	False	[]	True	False	[]	True				excluded	unsupported	pass	71	nat_1ed909a554bd91f8870f	"[""nat_1ed909a554bd91f8870f""]"	1	73	240.5	77	67	55	0.8208955223880597	0.9436619718309859	0.9178082191780822	0.7534246575342466	0.2465753424657534	resolved		346	83	True
vae_candidate_000424	ee9f94514862eb905f842c205b8bf046df1ad0525d489f8207c732142b578daf	True	False	eos	107	106	True	False	False	False	True	0.03908259318390685	0.06381829728796116	False	True	False	[]	True	False	[]	True	False	[]	True	False	[]	True	False	[]	True				excluded	unsupported	fail	106	nat_48f4fc548c0153a5775e	"[""nat_48f4fc548c0153a5775e"", ""nat_a8908cb0d732ddf5c6d4""]"	2	96	61.5	113	89	38	0.42696629213483145	0.839622641509434	0.9270833333333334	0.3584905660377358	0.6415094339622642	resolved		346	74	True
vae_candidate_000425	dddf52badc5918a7391ae519f6b1f780abbac5b93c5f45d557d6648ada656129	True	False	eos	112	111	True	False	False	False	True	0.08198777951204458	0.06381829728796116	True	True	False	[]	True	False	[]	True	False	[]	True	False	[]	True	False	[]	True	composition_outlier_warning	composition_outlier_warning		excluded	unsupported	fail	111	nat_461115b7000bfd74f566	"[""nat_461115b7000bfd74f566"", ""nat_b47c8eec954491beb714"", ""nat_b5ccff48f879b7cc34ad""]"	3	96	8.5	113	94	26	0.2765957446808511	0.8468468468468469	0.9791666666666666	0.23423423423423423	0.7657657657657657	resolved		346	4	True
vae_candidate_000427	7da2d1cf3b2f05ff98f7252bdad3dcdc703a8b83dc6925b87415bc147e572615	True	False	eos	83	82	True	False	False	False	True	0.06982487810770874	0.06381829728796116	True	True	False	[]	True	False	[]	True	False	[]	True	False	[]	True	False	[]	True	composition_outlier_warning	composition_outlier_warning		excluded	unsupported	fail	82	nat_07248f2d3ff700c7afcd	"[""nat_07248f2d3ff700c7afcd"", ""nat_644a625ed987b37152d8"", ""nat_f5db5c4704d592f947d9""]"	3	82	30.5	98	66	23	0.3484848484848485	0.8048780487804879	0.8048780487804879	0.2804878048780488	0.7195121951219512	resolved		346	30	True
vae_candidate_000428	71ef0c6c130186972fef90a71d8e7a1c6b8a28dd7f534433f1f4ab98579dac52	True	False	eos	106	105	True	False	False	False	True	0.04055272061295104	0.06381829728796116	False	True	False	[]	True	False	[]	True	False	[]	True	False	[]	True	False	[]	True				excluded	unsupported	fail	105	nat_833a1708482ad34125e2	"[""nat_833a1708482ad34125e2""]"	1	98	176.0	116	87	53	0.6091954022988506	0.8285714285714286	0.8877551020408163	0.5047619047619047	0.49523809523809526	resolved		346	122	True
vae_candidate_000429	16a48ec81053b077665fddc22ad855e7afa04a2a0a9d54ca60eb46c34fb2b3ee	True	False	eos	101	100	True	False	False	False	True	0.03378247733599156	0.06381829728796116	False	True	False	[]	True	False	[]	True	False	[]	True	False	[]	True	False	[]	True				excluded	unsupported	fail	100	nat_0a5813d34fb4f832fd7d	"[""nat_0a5813d34fb4f832fd7d"", ""nat_373d638b02f47e751a57""]"	2	95	146.5	113	82	48	0.5853658536585366	0.82	0.8631578947368421	0.48	0.52	resolved		346	135	True
vae_candidate_000430	d4f7f640173c63151a46cbb8084fb851b7508f7aa2c38c6438db74e3910a123f	True	False	eos	55	54	True	False	False	False	True	0.05140968234175582	0.06381829728796116	False	True	False	[]	True	False	[]	True	False	[]	True	False	[]	True	False	[]	True				excluded	unsupported	fail	54		[]	0											unresolved	no_reliable_reference	346	0	True
vae_candidate_000431	cfc7c74ecd47dff382d8bbca64d3aac6186513fc92bd49d863c8fbc5f3241831	True	False	eos	116	115	True	False	False	False	True	0.01636183903896126	0.06381829728796116	False	True	False	[]	True	False	[]	True	False	[]	True	False	[]	True	False	[]	True				excluded	unsupported	pass	115	nat_82e4660fb87f57daff30	"[""nat_82e4660fb87f57daff30""]"	1	95	355.0	118	92	80	0.8695652173913043	0.8	0.968421052631579	0.6956521739130435	0.30434782608695654	resolved		346	51	True
vae_candidate_000432	e191e5f16611f2fc98152b0461f13307178abd056ab58218dd0efc684868788f	True	False	eos	137	136	True	False	False	False	True	0.027819545377125998	0.06381829728796116	False	True	False	[]	True	False	[]	True	False	[]	True	False	[]	True	False	[]	True				excluded	unsupported	pass	136	nat_8a4162d5996844339fef	"[""nat_8a4162d5996844339fef""]"	1	135	235.5	151	120	65	0.5416666666666666	0.8823529411764706	0.8888888888888888	0.47794117647058826	0.5220588235294117	resolved		346	106	True
vae_candidate_000433	bd81929f96d59f12bf712f915af2ca519685843d332eaf2a31594a84ca848f2d	True	False	eos	76	75	True	False	False	False	True	0.0442140091741811	0.06381829728796116	False	True	False	[]	True	False	[]	True	False	[]	True	False	[]	True	False	[]	True				excluded	unsupported	fail	75	nat_262acad32bf64e600812	"[""nat_262acad32bf64e600812""]"	1	75	60.5	89	61	25	0.4098360655737705	0.8133333333333334	0.8133333333333334	0.3333333333333333	0.6666666666666667	resolved		346	1	True
vae_candidate_000434	f7c2afe28a990a0dbad69e715f424048bfaa5e3472aa0bddc192aca5352e7234	True	False	eos	78	77	True	False	False	False	True	0.04993758420270593	0.06381829728796116	False	True	False	[]	True	False	[]	True	False	[]	True	False	[]	True	False	[]	True				excluded	unsupported	fail	77		[]	0											unresolved	no_reliable_reference	346	0	True
vae_candidate_000435	1c60ae4c979fe5b867d2f17826d5b91fc45f200e2e25a24eab1f2e54bcade8b2	True	False	eos	115	114	True	False	False	False	True	0.023921742541430535	0.06381829728796116	False	True	False	[]	True	False	[]	True	False	[]	True	False	[]	True	False	[]	True				excluded	unsupported	pass	114	nat_4482775e0979509e45d2	"[""nat_4482775e0979509e45d2"", ""nat_94cdaea6b1db7bfe983f"", ""nat_fca422d4ddd5dcd65605""]"	3	95	391.0	114	95	85	0.8947368421052632	0.8333333333333334	1.0	0.7456140350877193	0.2543859649122807	resolved		346	112	True
vae_candidate_000436	9f0cace841a5910ecd2892aca89d938560b22f8457df4380340039518c5c18fc	True	False	eos	94	93	True	False	False	False	True	0.032597813737349046	0.06381829728796116	False	True	False	[]	True	False	[]	True	False	[]	True	True	"[{""start"": 8, ""end"": 14, ""length"": 7, ""residue"": ""G""}]"	True	False	[]	True	homopolymer_warning	homopolymer_warning		ambiguous_exploration	gvpa_gvpj_ambiguous	pass	93	nat_019e8d05123166c4099d	"[""nat_019e8d05123166c4099d"", ""nat_0aeb545239a28bae61f9""]"	2	86	222.5	95	84	54	0.6428571428571429	0.9032258064516129	0.9767441860465116	0.5806451612903226	0.4193548387096774	resolved		346	171	True
vae_candidate_000437	b4137db1222f65ade0f27032d16896961abe4a10a791d20d8b57bf342daa6de9	True	False	eos	123	122	True	False	False	False	True	0.020629183498136493	0.06381829728796116	False	True	False	[]	True	False	[]	True	False	[]	True	False	[]	True	False	[]	True				excluded	unsupported	fail	122		[]	0											unresolved	no_reliable_reference	346	0	True
vae_candidate_000438	0dea11dc355b1caa99a432367e36f7292ce26353b6802fe9f062e466331bd8ae	True	False	eos	106	105	True	False	False	False	True	0.046444049908712585	0.06381829728796116	False	True	False	[]	True	False	[]	True	False	[]	True	False	[]	True	False	[]	True				excluded	unsupported	fail	105	nat_4d4e00d31d935ed0527d	"[""nat_4d4e00d31d935ed0527d"", ""nat_74aacbad701be1598660"", ""nat_7d45d6cf3df5d3d36985"", ""nat_8d29ff35edf68fc809de""]"	4	95	255.0	110	90	61	0.6777777777777778	0.8571428571428571	0.9473684210526315	0.580952380952381	0.419047619047619	resolved		346	127	True
vae_candidate_000439	96c8ae4af2189ce43a7bdc8694d74a4fdeaff898b7d8873be5eab2fdb415427a	True	False	eos	88	87	True	False	False	False	True	0.02813166605418046	0.06381829728796116	False	True	False	[]	True	False	[]	True	False	[]	True	False	[]	True	False	[]	True				main_supported_gvpa	supported_gvpa	pass	87	nat_75679c0d4db585656573	"[""nat_75679c0d4db585656573"", ""nat_d4ba65189ba86a477cc5"", ""nat_ee10b37a92559cba1989""]"	3	92	275.0	99	80	61	0.7625	0.9195402298850575	0.8695652173913043	0.6630434782608695	0.3369565217391305	resolved		346	209	True
vae_candidate_000440	e1772a8993e885a167ead421f9cfa933b8627e318b0d062693de68de5837f460	True	False	eos	65	64	True	False	False	False	True	0.034268559048506175	0.06381829728796116	False	True	False	[]	True	False	[]	True	False	[]	True	False	[]	True	False	[]	True				excluded	unsupported	pass	64	nat_1ed909a554bd91f8870f	"[""nat_1ed909a554bd91f8870f""]"	1	73	273.0	73	64	59	0.921875	1.0	0.8767123287671232	0.8082191780821918	0.1917808219178082	resolved		346	65	True
vae_candidate_000441	dceccecf5ab33ddca5d88dfa63913b1a1fe53a9abd5f09f6fa49358e925381a7	True	False	eos	85	84	True	False	False	False	True	0.11076957860771834	0.06381829728796116	True	True	False	[]	True	False	[]	True	False	[]	True	True	"[{""start"": 7, ""end"": 16, ""length"": 10, ""residue"": ""G""}]"	True	False	[]	True	composition_outlier_warning;homopolymer_warning	composition_outlier_warning;homopolymer_warning		excluded	unsupported	fail	84		[]	0											unresolved	no_reliable_reference	346	0	True
vae_candidate_000442	97eb6101d4386f74f2e939214fdc03f0cbde7c82aed875e5bc4353475b55beda	True	False	eos	84	83	True	False	False	False	True	0.07242722513489624	0.06381829728796116	True	True	False	[]	True	False	[]	True	False	[]	True	False	[]	True	False	[]	True	composition_outlier_warning	composition_outlier_warning		excluded	unsupported	fail	83	nat_07248f2d3ff700c7afcd	"[""nat_07248f2d3ff700c7afcd"", ""nat_f5db5c4704d592f947d9""]"	2	82	24.0	98	67	25	0.373134328358209	0.8072289156626506	0.8170731707317073	0.30120481927710846	0.6987951807228916	resolved		346	59	True
vae_candidate_000443	1959081215f238b9a55c2861e5611cf9e43d829b872423eee01583329b335134	True	False	eos	176	175	True	False	False	False	True	0.016226827187888627	0.06381829728796116	False	True	False	[]	True	False	[]	True	False	[]	True	False	[]	True	False	[]	True				excluded	unsupported	pass	175		[]	0											unresolved	no_reliable_reference	346	0	True
vae_candidate_000444	34901c3a9d0c1211d4e66eaf33f548b1218e9b51fa4b715235cf66ae74d36a02	True	False	eos	125	124	True	False	False	False	True	0.07254885868633504	0.06381829728796116	True	True	False	[]	True	False	[]	True	False	[]	True	False	[]	True	False	[]	True	composition_outlier_warning	composition_outlier_warning		excluded	unsupported	fail	124		[]	0											unresolved	no_reliable_reference	346	0	True
vae_candidate_000445	e92a5808091496651f803dd89f0cdb5eb4bc9996e986a86447133d663cf05571	True	False	eos	68	67	True	False	False	False	True	0.06752715459976466	0.06381829728796116	True	True	False	[]	True	False	[]	True	False	[]	True	False	[]	True	False	[]	True	composition_outlier_warning	composition_outlier_warning		excluded	unsupported	fail	67	nat_3cc2cb889cfdbbcaa17b	"[""nat_3cc2cb889cfdbbcaa17b"", ""nat_61a382d08777524701b3""]"	2	72	10.0	80	59	20	0.3389830508474576	0.8805970149253731	0.8194444444444444	0.2777777777777778	0.7222222222222222	resolved		346	30	True
vae_candidate_000446	e8104446d9ecf5706e3a45bfb8ede941f8e51883c7d9d021a8e57366fe9e9e5c	True	False	eos	91	90	True	False	False	False	True	0.06937630893683314	0.06381829728796116	True	True	False	[]	True	False	[]	True	False	[]	True	False	[]	True	False	[]	True	composition_outlier_warning	composition_outlier_warning		excluded	unsupported	fail	90	nat_d4ba65189ba86a477cc5	"[""nat_d4ba65189ba86a477cc5""]"	1	92	60.5	108	74	33	0.44594594594594594	0.8222222222222222	0.8043478260869565	0.358695652173913	0.6413043478260869	resolved		346	14	True
vae_candidate_000447	79b3200cb42f505a1d6dd3fbc41c31f061c80cc17248a3869728d4b2cf7396c1	True	False	eos	65	64	True	False	False	False	True	0.056475443111240906	0.06381829728796116	False	True	False	[]	True	False	[]	True	False	[]	True	False	[]	True	False	[]	True				excluded	unsupported	fail	64		[]	0											unresolved	no_reliable_reference	346	0	True
vae_candidate_000448	fe1d3acf70c8f4baa3727d9cc1dee10f4b991be6a88aad21c370e25ece9495ac	True	False	eos	101	100	True	False	False	False	True	0.03178717003579758	0.06381829728796116	False	True	False	[]	True	False	[]	True	False	[]	True	False	[]	True	False	[]	True				excluded	unsupported	fail	100	nat_833a1708482ad34125e2	"[""nat_833a1708482ad34125e2""]"	1	98	192.0	115	83	56	0.6746987951807228	0.83	0.8469387755102041	0.56	0.43999999999999995	resolved		346	130	True
vae_candidate_000449	66e554c9184696239f40e0717d8c7f26a6480ba3446b5ae1968857e45234d4a1	True	False	eos	74	73	True	False	False	False	True	0.04598179071816308	0.06381829728796116	False	True	False	[]	True	False	[]	True	False	[]	True	False	[]	True	False	[]	True				excluded	unsupported	fail	73		[]	0											unresolved	no_reliable_reference	346	0	True
vae_candidate_000450	122ff4c7e3800023fed988e6dda227d405ac2d37e8f4eb249cb3b9df2b6248d8	True	False	eos	75	74	True	False	False	False	True	0.03443815503139557	0.06381829728796116	False	True	False	[]	True	False	[]	True	False	[]	True	False	[]	True	False	[]	True				excluded	unsupported	fail	74	nat_39cf0fd21702af1ff2b1	"[""nat_39cf0fd21702af1ff2b1""]"	1	69	49.0	82	61	25	0.4098360655737705	0.8243243243243243	0.8840579710144928	0.33783783783783783	0.6621621621621622	resolved		346	21	True
vae_candidate_000451	70c7faa5bafdb3b490b5a0cffdfe17e62ac5745e87fbb94966421160fa899491	True	False	eos	114	113	True	False	False	False	True	0.021473336341077367	0.06381829728796116	False	True	False	[]	True	False	[]	True	False	[]	True	False	[]	True	False	[]	True				ambiguous_exploration	gvpa_gvpj_ambiguous	pass	113	nat_0077c6cbf903d0b80137	"[""nat_0077c6cbf903d0b80137"", ""nat_4b58b860e36e01bdb682"", ""nat_842bc418f0682cd2a9c8"", ""nat_8f3e753527c876cd94f0"", ""nat_a7791ad55c70e7fd3462"", ""nat_fca422d4ddd5dcd65605""]"	6	96	299.0	117	92	76	0.8260869565217391	0.8141592920353983	0.9583333333333334	0.672566371681416	0.327433628318584	resolved		346	111	True
vae_candidate_000452	adc2424742794fcf5adabc33066bd24de6c612ca512447884c44c980c6f0f6ba	True	False	eos	125	124	True	False	False	False	True	0.024653586397361184	0.06381829728796116	False	True	False	[]	True	False	[]	True	False	[]	True	False	[]	True	False	[]	True				excluded	unsupported	fail	124	nat_43e7561c7d05facf2895	"[""nat_43e7561c7d05facf2895""]"	1	140	90.5	152	112	41	0.36607142857142855	0.9032258064516129	0.8	0.29285714285714287	0.7071428571428571	resolved		346	7	True
vae_candidate_000453	4efaaf3ed6593aa9675cbfa3f4db67b22085d2ee8767802d4a77fa2a00fa5bd6	True	False	eos	96	95	True	False	False	False	True	0.07794630896029389	0.06381829728796116	True	True	False	[]	True	False	[]	True	False	[]	True	False	[]	True	False	[]	True	composition_outlier_warning	composition_outlier_warning		excluded	unsupported	fail	95		[]	0											unresolved	no_reliable_reference	346	0	True
vae_candidate_000454	ef6880f849cf1ba3e0aacfe61fa63aa3ec532344e613e0c9640e89aeb3d3e3b1	True	False	eos	124	123	True	False	False	False	True	0.02071339175760091	0.06381829728796116	False	True	False	[]	True	False	[]	True	False	[]	True	False	[]	True	False	[]	True				excluded	unsupported	pass	123		[]	0											unresolved	no_reliable_reference	346	0	True
vae_candidate_000455	fefe3035466e1c3f091247bc77ccf1ae16fff2442b037d0eba663de782e8dc77	True	False	eos	101	100	True	False	False	False	True	0.021440901838050176	0.06381829728796116	False	True	False	[]	True	False	[]	True	False	[]	True	False	[]	True	False	[]	True				excluded	unsupported	pass	100	nat_0ae199fc6d044a2da135	"[""nat_0ae199fc6d044a2da135"", ""nat_4d4e00d31d935ed0527d"", ""nat_8d29ff35edf68fc809de"", ""nat_d07d112598796fe30d76"", ""nat_d5d6f3cedb33fb3328b6"", ""nat_dbcea97f4e8354ba3556""]"	6	95	240.5	104	91	59	0.6483516483516484	0.91	0.9578947368421052	0.59	0.41000000000000003	resolved		346	158	True
vae_candidate_000456	0ab3516c549bdcf27394ae98e3d9443cafb22364c1591e3e28a4ac007777d8f5	True	False	eos	94	93	True	False	False	False	True	0.022503193345311194	0.06381829728796116	False	True	False	[]	True	False	[]	True	False	[]	True	False	[]	True	False	[]	True				excluded	unsupported	fail	93	nat_7d8f193406ee761e1417	"[""nat_7d8f193406ee761e1417""]"	1	95	255.5	102	86	66	0.7674418604651163	0.9247311827956989	0.9052631578947369	0.6947368421052632	0.3052631578947368	resolved		346	156	True
vae_candidate_000457	d49c81b8b45165cc8a62c47c82167954f751834942382ec2b19c620754bbc5e4	True	False	eos	86	85	True	False	False	False	True	0.036603745344691976	0.06381829728796116	False	True	False	[]	True	False	[]	True	False	[]	True	False	[]	True	False	[]	True				excluded	unsupported	pass	85	nat_73e0b5aa88a198c56cae	"[""nat_73e0b5aa88a198c56cae""]"	1	87	241.0	101	71	59	0.8309859154929577	0.8352941176470589	0.8160919540229885	0.6781609195402298	0.32183908045977017	resolved		346	98	True
vae_candidate_000458	5ce156e46480e701b6deb68ade4b7ce92794f9c90caa4b13f03cfb394e1efa4d	True	False	eos	132	131	True	False	False	False	True	0.022244945770144478	0.06381829728796116	False	True	False	[]	True	False	[]	True	False	[]	True	False	[]	True	False	[]	True				ambiguous_exploration	gvpa_gvpj_ambiguous	pass	131	nat_e10062d88e50908c95d3	"[""nat_e10062d88e50908c95d3""]"	1	135	236.5	148	118	68	0.576271186440678	0.9007633587786259	0.8740740740740741	0.5037037037037037	0.49629629629629635	resolved		346	101	True
vae_candidate_000459	4227347fd420b706d58040d0edd275bd739e39be533e32f80dd90aed0a3664f3	True	False	eos	108	107	True	False	False	False	True	0.029503703086217397	0.06381829728796116	False	True	False	[]	True	False	[]	True	False	[]	True	False	[]	True	False	[]	True				excluded	unsupported	pass	107	nat_74aacbad701be1598660	"[""nat_74aacbad701be1598660"", ""nat_78005b3dddedd0251b7e"", ""nat_7d8f193406ee761e1417"", ""nat_8f3e753527c876cd94f0"", ""nat_9fda348180c612303cdb""]"	5	95	302.0	113	89	75	0.8426966292134831	0.8317757009345794	0.9368421052631579	0.7009345794392523	0.2990654205607477	resolved		346	126	True
vae_candidate_000460	7f2c17c48bb327652e0d5484d6668350e792fcc7c513efa2f45be097161886cd	True	False	eos	102	101	True	False	False	False	True	0.03138967423403613	0.06381829728796116	False	True	False	[]	True	False	[]	True	False	[]	True	False	[]	True	False	[]	True				excluded	unsupported	fail	101	nat_144165ea4d3ea8a64b2e	"[""nat_144165ea4d3ea8a64b2e""]"	1	95	168.5	107	89	50	0.5617977528089888	0.8811881188118812	0.9368421052631579	0.49504950495049505	0.504950495049505	resolved		346	141	True
vae_candidate_000461	c8c17b6add3bf99a9e7cca0da71e4f596bc0a77a39b8cd5b05e7e0793e3e4b4f	True	False	eos	106	105	True	False	False	False	True	0.019719694575510656	0.06381829728796116	False	True	False	[]	True	False	[]	True	False	[]	True	False	[]	True	False	[]	True				excluded	unsupported	fail	105	nat_dc6aa26cbe06c32b68c2	"[""nat_dc6aa26cbe06c32b68c2""]"	1	94	275.0	115	84	68	0.8095238095238095	0.8	0.8936170212765957	0.6476190476190476	0.35238095238095235	resolved		346	87	True
vae_candidate_000462	56b87d925cc8710525b3fd7a20c665d2bfccb3c62453fd40aa6f5f0c69b80e61	True	False	eos	94	93	True	False	False	False	True	0.0285423148798565	0.06381829728796116	False	True	False	[]	True	False	[]	True	False	[]	True	False	[]	True	False	[]	True				excluded	unsupported	fail	93	nat_461115b7000bfd74f566	"[""nat_461115b7000bfd74f566""]"	1	96	9.5	109	80	23	0.2875	0.8602150537634409	0.8333333333333334	0.23958333333333334	0.7604166666666666	resolved		346	3	True
vae_candidate_000464	d62e928b7952e3b59c744efecebd427180ad8b26ecdfc523a2763f912e10be15	True	False	eos	118	117	True	False	False	False	True	0.039085709857606024	0.06381829728796116	False	True	False	[]	True	False	[]	True	False	[]	True	False	[]	True	False	[]	True				excluded	unsupported	fail	117	nat_dc2b0da282a1a334132b	"[""nat_dc2b0da282a1a334132b""]"	1	102	167.5	123	96	55	0.5729166666666666	0.8205128205128205	0.9411764705882353	0.4700854700854701	0.5299145299145299	resolved		346	6	True
vae_candidate_000465	bb461b48960f315d061ed290964b0942a0897e9feaec54e1014d959ce22d5ab2	True	False	eos	70	69	True	False	False	False	True	0.022654343910343606	0.06381829728796116	False	True	False	[]	True	False	[]	True	False	[]	True	False	[]	True	False	[]	True				excluded	unsupported	pass	69	nat_ea5746ec582bf06f4e03	"[""nat_ea5746ec582bf06f4e03""]"	1	72	267.5	73	68	57	0.8382352941176471	0.9855072463768116	0.9444444444444444	0.7916666666666666	0.20833333333333337	resolved		346	84	True
vae_candidate_000466	4448658a5a9f0f858f74619c7712bda634edbb4ec68d89301b2b45ff7ca3f451	True	False	eos	102	101	True	False	False	False	True	0.03378182326683589	0.06381829728796116	False	True	False	[]	True	False	[]	True	False	[]	True	False	[]	True	False	[]	True				excluded	unsupported	fail	101	nat_1f7ab0dfc808b4ef03c3	"[""nat_1f7ab0dfc808b4ef03c3"", ""nat_92d7d81f95603487cd9c"", ""nat_bda4e304d446361a159c""]"	3	95	195.0	115	81	52	0.6419753086419753	0.801980198019802	0.8526315789473684	0.5148514851485149	0.48514851485148514	resolved		346	56	True
vae_candidate_000467	8b0c7460ab2a6b30ea22c7ff4da0a36489e99527033205cf9c1d431e9c33a58a	True	False	eos	103	102	True	False	False	False	True	0.025042768869090154	0.06381829728796116	False	True	False	[]	True	False	[]	True	False	[]	True	False	[]	True	False	[]	True				main_supported_gvpa	supported_gvpa	pass	102	nat_49d3875a5ef4bbb644f9	"[""nat_49d3875a5ef4bbb644f9"", ""nat_d1b057f953bd558c0457"", ""nat_dad443e0412ef646de5e""]"	3	95	411.0	102	95	87	0.9157894736842105	0.9313725490196079	1.0	0.8529411764705882	0.1470588235294118	resolved		346	158	True
vae_candidate_000468	6cb23a5488cab2cef86f4dda7ba512ef7d78d337c70e4b70018f2c0b1de05bce	True	False	eos	59	58	True	False	False	False	True	0.10031771390564043	0.06381829728796116	True	True	False	[]	True	False	[]	True	False	[]	True	False	[]	True	False	[]	True	composition_outlier_warning	composition_outlier_warning		excluded	unsupported	fail	58		[]	0											unresolved	no_reliable_reference	346	0	True
vae_candidate_000469	02ad16ea502185b7e8bc45c5d24e42963ca4776de235876e2a3e77ac24492ddf	True	False	eos	86	85	True	False	False	False	True	0.031237374015085084	0.06381829728796116	False	True	False	[]	True	False	[]	True	False	[]	True	False	[]	True	False	[]	True				excluded	unsupported	fail	85		[]	0											unresolved	no_reliable_reference	346	0	True
vae_candidate_000470	5248b394ee32e978001e08b1bf819b58cf447021fb1ba3942aed4b3adc089d77	True	False	eos	134	133	True	False	False	False	True	0.060508530931598276	0.06381829728796116	False	True	False	[]	True	False	[]	True	False	[]	True	True	"[{""start"": 96, ""end"": 101, ""length"": 6, ""residue"": ""E""}]"	True	False	[]	True	homopolymer_warning	homopolymer_warning		excluded	unsupported	fail	133	nat_55802cc1c7918b91c298	"[""nat_55802cc1c7918b91c298""]"	1	139	155.0	151	121	50	0.4132231404958678	0.9097744360902256	0.8705035971223022	0.3597122302158273	0.6402877697841727	resolved		346	43	True
vae_candidate_000471	f78de2ea79597aed10e75c2d475f0fb92efc599fa7f9ab5cb7cbe4eee34f42aa	True	False	eos	74	73	True	False	False	False	True	0.12814903673748881	0.06381829728796116	True	True	False	[]	True	False	[]	True	False	[]	True	False	[]	True	False	[]	True	composition_outlier_warning	composition_outlier_warning		excluded	unsupported	fail	73		[]	0											unresolved	no_reliable_reference	346	0	True
vae_candidate_000472	1acb00b6574f8d9dba82c1d5a93c555a8c1b4ab3b4f95ca906ec367d558db9d5	False	True	length_cap	180	180	True	False	True	False	True	0.02844172019263313	0.06381829728796116	False	True	False	[]	True	False	[]	True	False	[]	True	False	[]	True	False	[]	True	generation_cap_warning	generation_cap_warning		excluded	unsupported	pass	180		[]	0											unresolved	no_reliable_reference	346	0	True
vae_candidate_000473	c4e112f577eaf9f0ee4979ccfa84af64d5292eb6d77e76ea1e99710df2ab4f35	True	False	eos	65	64	True	False	False	False	True	0.10951606508779312	0.06381829728796116	True	True	False	[]	True	False	[]	True	False	[]	True	False	[]	True	False	[]	True	composition_outlier_warning	composition_outlier_warning		excluded	unsupported	fail	64	nat_766d45336d56f5b42f24	"[""nat_766d45336d56f5b42f24""]"	1	79	3.0	79	64	18	0.28125	1.0	0.810126582278481	0.22784810126582278	0.7721518987341772	resolved		346	1	True
vae_candidate_000474	d5f0c0e77b34dfdd7478052ceac5883c317ed8b1fc6791ad2529ea186313a94e	True	False	eos	64	63	True	False	False	False	True	0.06176661473269038	0.06381829728796116	False	True	False	[]	True	False	[]	True	False	[]	True	False	[]	True	False	[]	True				excluded	unsupported	fail	63	nat_0c143ad343586201fcf9	"[""nat_0c143ad343586201fcf9""]"	1	69	9.5	75	57	21	0.3684210526315789	0.9047619047619048	0.8260869565217391	0.30434782608695654	0.6956521739130435	resolved		346	20	True
vae_candidate_000475	2be70d02c5a1d7eac50a27cdd3599b5c33635e3d8a35b4ff6df721d93a26ad5e	True	False	eos	135	134	True	False	False	False	True	0.05152739531551338	0.06381829728796116	False	True	False	[]	True	False	[]	True	False	[]	True	False	[]	True	False	[]	True				excluded	unsupported	fail	134	nat_2f6b62c5722bcacabd8e	"[""nat_2f6b62c5722bcacabd8e""]"	1	136	59.0	159	111	42	0.3783783783783784	0.8283582089552238	0.8161764705882353	0.3088235294117647	0.6911764705882353	resolved		346	12	True
vae_candidate_000476	e0729a65b3064dca3bdcaf16cfb4978a275875f3e1f0344c7aba9e29fa2b4816	True	False	eos	108	107	True	False	False	False	True	0.022210683110176817	0.06381829728796116	False	True	False	[]	True	False	[]	True	False	[]	True	False	[]	True	False	[]	True				excluded	unsupported	fail	107	nat_38cb7bda240a833d36b3	"[""nat_38cb7bda240a833d36b3"", ""nat_4f76b230eb60279eb5dd"", ""nat_d6e9dabc7155ae370ddb""]"	3	95	191.5	112	90	59	0.6555555555555556	0.8411214953271028	0.9473684210526315	0.5514018691588785	0.44859813084112155	resolved		346	134	True
vae_candidate_000477	40267f3cc382df9007abb0fe8f122270f062a618764c92f32e654c1c238f9f14	True	False	eos	116	115	True	False	False	False	True	0.01653561877380274	0.06381829728796116	False	True	False	[]	True	False	[]	True	False	[]	True	False	[]	True	False	[]	True				excluded	unsupported	pass	115		[]	0											unresolved	no_reliable_reference	346	0	True
vae_candidate_000478	e1798b62f77b8b75363ce00661fd78600215056639a52d90b29a46f718614c3c	True	False	eos	102	101	True	False	False	False	True	0.04991322814349813	0.06381829728796116	False	True	False	[]	True	False	[]	True	False	[]	True	False	[]	True	False	[]	True				excluded	unsupported	fail	101	nat_833a1708482ad34125e2	"[""nat_833a1708482ad34125e2"", ""nat_fca422d4ddd5dcd65605""]"	2	98	63.5	114	85	35	0.4117647058823529	0.8415841584158416	0.8673469387755102	0.3465346534653465	0.6534653465346535	resolved		346	93	True
vae_candidate_000479	a62e5808c85e1e4671b28f8eb526d17224fb3a27fabcbbc82f1009464011f38c	False	True	length_cap	180	180	True	False	True	False	True	0.025411057561994126	0.06381829728796116	False	True	False	[]	True	False	[]	True	False	[]	True	False	[]	True	False	[]	True	generation_cap_warning	generation_cap_warning		excluded	unsupported	pass	180		[]	0											unresolved	no_reliable_reference	346	0	True
vae_candidate_000480	50192cb708432068a1d0d696d11dc865ffefc3644de8948e0fef0199901b10ee	True	False	eos	88	87	True	False	False	False	True	0.03160499155113124	0.06381829728796116	False	True	False	[]	True	False	[]	True	False	[]	True	False	[]	True	False	[]	True				excluded	unsupported	pass	87	nat_0aeb545239a28bae61f9	"[""nat_0aeb545239a28bae61f9"", ""nat_cd0ec9cc83e20bd818b3""]"	2	86	175.5	99	74	51	0.6891891891891891	0.8505747126436781	0.8604651162790697	0.5862068965517241	0.4137931034482759	resolved		346	116	True
vae_candidate_000481	dd6c49ee2635be40ceb6c4615a750f637866e9b8b130f98d47c4ebe0c4a3cb00	True	False	eos	60	59	True	False	False	False	True	0.03354446782304643	0.06381829728796116	False	True	False	[]	True	False	[]	True	False	[]	True	False	[]	True	False	[]	True				excluded	unsupported	fail	59	nat_0c143ad343586201fcf9	"[""nat_0c143ad343586201fcf9""]"	1	69	149.0	69	59	41	0.6949152542372882	1.0	0.855072463768116	0.5942028985507246	0.4057971014492754	resolved		346	33	True
vae_candidate_000482	9828ed27a61ec319dd9be68761dd3d34e9fe93c851ee1c43a1284026fc4cb13f	True	False	eos	108	107	True	False	False	False	True	0.03536935277056857	0.06381829728796116	False	True	False	[]	True	False	[]	True	False	[]	True	False	[]	True	False	[]	True				ambiguous_exploration	gvpa_gvpj_ambiguous	pass	107	nat_fca422d4ddd5dcd65605	"[""nat_fca422d4ddd5dcd65605""]"	1	96	196.0	114	89	51	0.5730337078651685	0.8317757009345794	0.9270833333333334	0.4766355140186916	0.5233644859813085	resolved		346	127	True
vae_candidate_000483	e459816bfca40d09d58a5951da82a2ab7ea603d99eb8b78037ab0111fb93b069	True	False	eos	60	59	True	False	False	False	True	0.03938343833293105	0.06381829728796116	False	True	False	[]	True	False	[]	True	False	[]	True	False	[]	True	False	[]	True				excluded	unsupported	fail	59		[]	0											unresolved	no_reliable_reference	346	0	True
vae_candidate_000484	860ae2e6e54b09cc449bf47f30c4bd29602a3b7bcfc5e1fedc1e02bba780b1d1	True	False	eos	75	74	True	False	False	False	True	0.01684791853445374	0.06381829728796116	False	True	False	[]	True	False	[]	True	False	[]	True	False	[]	True	False	[]	True				ambiguous_exploration	gvpa_gvpj_ambiguous	pass	74	nat_e9d0d8807aee29d8e61c	"[""nat_e9d0d8807aee29d8e61c""]"	1	71	242.0	75	70	56	0.8	0.9459459459459459	0.9859154929577465	0.7567567567567568	0.2432432432432432	resolved		346	106	True
vae_candidate_000485	76165ffefb61306134731cfc203a1f761412d55c8a986bb09b9f1ed4f9af4ffd	True	False	eos	90	89	True	False	False	False	True	0.03469138435777933	0.06381829728796116	False	True	False	[]	True	False	[]	True	False	[]	True	False	[]	True	False	[]	True				excluded	unsupported	pass	89	nat_766d45336d56f5b42f24	"[""nat_766d45336d56f5b42f24""]"	1	79	157.5	95	73	45	0.6164383561643836	0.8202247191011236	0.9240506329113924	0.5056179775280899	0.4943820224719101	resolved		346	164	True
vae_candidate_000486	5eb2a06fb77940d2873b48c3f39ca7cc2b06aae45f6bce006ebb6c046e2e6270	True	False	eos	98	97	True	False	False	False	True	0.06785067746649029	0.06381829728796116	True	True	False	[]	True	False	[]	True	False	[]	True	False	[]	True	False	[]	True	composition_outlier_warning	composition_outlier_warning		excluded	unsupported	fail	97		[]	0											unresolved	no_reliable_reference	346	0	True
vae_candidate_000487	88ac859bd1dce9c2f17c322e0823b6c6614613beccd39cd2d1ddb8f3a3b7cbf9	True	False	eos	91	90	True	False	False	False	True	0.09085609111889648	0.06381829728796116	True	True	False	[]	True	False	[]	True	False	[]	True	False	[]	True	False	[]	True	composition_outlier_warning	composition_outlier_warning		excluded	unsupported	fail	90	nat_0a6194eed91a047cb43e	"[""nat_0a6194eed91a047cb43e""]"	1	84	11.5	99	75	23	0.30666666666666664	0.8333333333333334	0.8928571428571429	0.25555555555555554	0.7444444444444445	resolved		346	8	True
vae_candidate_000488	5368af9dc80335e61d8d03b0e314c070fcf554273583f2830f3500927df55ab9	True	False	eos	155	154	True	False	False	False	True	0.10993814100004456	0.06381829728796116	True	True	False	[]	True	False	[]	True	False	[]	True	False	[]	True	False	[]	True	composition_outlier_warning	composition_outlier_warning		excluded	unsupported	fail	154	nat_25ee00a9c2b4e74f79dd	"[""nat_25ee00a9c2b4e74f79dd""]"	1	155	21.5	179	130	36	0.27692307692307694	0.8441558441558441	0.8387096774193549	0.23225806451612904	0.7677419354838709	resolved		346	1	True
vae_candidate_000489	5c699c8f3405e0784e364ef3e265467b2c87a2805fe57f4263424d6ecb1f3faa	True	False	eos	158	157	True	False	False	False	True	0.023974652583994623	0.06381829728796116	False	True	False	[]	True	False	[]	True	False	[]	True	False	[]	True	False	[]	True				excluded	unsupported	pass	157	nat_6ec46415f5fc553cea18	"[""nat_6ec46415f5fc553cea18""]"	1	152	283.0	178	131	78	0.5954198473282443	0.8343949044585988	0.8618421052631579	0.4968152866242038	0.5031847133757962	resolved		346	89	True
vae_candidate_000490	5ea674964c8a1b8fed464276917bbe9d6c2de1b8fb53962b3bc845d191c773af	True	False	eos	83	82	True	False	False	False	True	0.048889889080704796	0.06381829728796116	False	True	False	[]	True	False	[]	True	False	[]	True	False	[]	True	False	[]	True				excluded	unsupported	pass	82	nat_25fcb1b7b6c3c6f6f29d	"[""nat_25fcb1b7b6c3c6f6f29d"", ""nat_278c7a3fd12af0319695"", ""nat_e9d0d8807aee29d8e61c""]"	3	68	200.5	82	68	49	0.7205882352941176	0.8292682926829268	1.0	0.5975609756097561	0.4024390243902439	resolved		346	70	True
vae_candidate_000491	ca6277f91a5870408cd833d980fa569bdb2e0300f82a0a8c5cb2db0a18e8685a	True	False	eos	83	82	True	False	False	False	True	0.031081239073130457	0.06381829728796116	False	True	False	[]	True	False	[]	True	False	[]	True	False	[]	True	False	[]	True				ambiguous_exploration	gvpa_gvpj_ambiguous	pass	82	nat_13dff233b6dfd04cb79c	"[""nat_13dff233b6dfd04cb79c"", ""nat_1ed909a554bd91f8870f"", ""nat_2a93193629740c6b70af"", ""nat_32d58e5d24419efe5e0e"", ""nat_440c141d3d83ed043c33"", ""nat_cac8cf4903b24e69aca8"", ""nat_f5db5c4704d592f947d9""]"	7	76	217.5	83	75	51	0.68	0.9146341463414634	0.9868421052631579	0.6219512195121951	0.3780487804878049	resolved		346	219	True
vae_candidate_000492	bd0092b372bca838df0908c28e3e6631987d0e2a8f1120c4a73178a1f655b405	True	False	eos	68	67	True	False	False	False	True	0.04914943010532783	0.06381829728796116	False	True	False	[]	True	False	[]	True	False	[]	True	False	[]	True	False	[]	True				excluded	unsupported	pass	67	nat_6cb2a4a67fad0b3f22b1	"[""nat_6cb2a4a67fad0b3f22b1"", ""nat_90e82772d308676c7556""]"	2	74	146.0	81	60	41	0.6833333333333333	0.8955223880597015	0.8108108108108109	0.5540540540540541	0.44594594594594594	resolved		346	56	True
vae_candidate_000494	ba49c6edcd829ce33bfae0aecce0e6db16170e95b8b7aad9b32521644411916f	True	False	eos	100	99	True	False	False	False	True	0.07625568739455102	0.06381829728796116	True	True	False	[]	True	False	[]	True	False	[]	True	False	[]	True	False	[]	True	composition_outlier_warning	composition_outlier_warning		excluded	unsupported	fail	99		[]	0											unresolved	no_reliable_reference	346	0	True
vae_candidate_000495	eac7308575c68abfd38508401baeafeae11dd5e8d4d169616e98c48e3354d28e	True	False	eos	63	62	True	False	False	False	True	0.10591473639919732	0.06381829728796116	True	True	False	[]	True	False	[]	True	False	[]	True	False	[]	True	False	[]	True	composition_outlier_warning	composition_outlier_warning		excluded	unsupported	fail	62	nat_39cf0fd21702af1ff2b1	"[""nat_39cf0fd21702af1ff2b1""]"	1	69	26.5	73	58	21	0.3620689655172414	0.9354838709677419	0.8405797101449275	0.30434782608695654	0.6956521739130435	resolved		346	20	True
vae_candidate_000496	804b2c8ac1a1fca6b3799d6bb46e50a621bf3fb1196fcd77c557208e587f9734	True	False	eos	70	69	True	False	False	False	True	0.038466683710591934	0.06381829728796116	False	True	False	[]	True	False	[]	True	False	[]	True	False	[]	True	False	[]	True				excluded	unsupported	fail	69	nat_ea5746ec582bf06f4e03	"[""nat_ea5746ec582bf06f4e03""]"	1	72	231.0	76	65	54	0.8307692307692308	0.9420289855072463	0.9027777777777778	0.75	0.25	resolved		346	70	True
vae_candidate_000497	13dfea0077fb64ad22d782e2df58d35fccaa8dba314d30f573d929fcb8e95e87	True	False	eos	61	60	True	False	False	False	True	0.04385569922073404	0.06381829728796116	False	True	False	[]	True	False	[]	True	False	[]	True	False	[]	True	False	[]	True				excluded	unsupported	pass	60	nat_0c143ad343586201fcf9	"[""nat_0c143ad343586201fcf9""]"	1	69	201.5	69	60	45	0.75	1.0	0.8695652173913043	0.6521739130434783	0.34782608695652173	resolved		346	38	True
vae_candidate_000498	ac748e5edd4a5272caa3fd4038875909346a62b71d5f51bdbb56de49520ea2e1	True	False	eos	83	82	True	False	False	False	True	0.03929304911646174	0.06381829728796116	False	True	False	[]	True	False	[]	True	False	[]	True	False	[]	True	False	[]	True				excluded	unsupported	pass	82	nat_ea5746ec582bf06f4e03	"[""nat_ea5746ec582bf06f4e03""]"	1	72	183.0	84	70	53	0.7571428571428571	0.8536585365853658	0.9722222222222222	0.6463414634146342	0.35365853658536583	resolved		346	213	True
vae_candidate_000499	ffad58de7d307c70a4b28a62810c4b4fc6cd8ef65a78138a001111a3631ea452	True	False	eos	67	66	True	False	False	False	True	0.049425695848612346	0.06381829728796116	False	True	False	[]	True	False	[]	True	False	[]	True	False	[]	True	False	[]	True				excluded	unsupported	fail	66	nat_ac44a557fbffad89a437	"[""nat_ac44a557fbffad89a437"", ""nat_ea5746ec582bf06f4e03""]"	2	72	163.0	73	65	43	0.6615384615384615	0.9848484848484849	0.9027777777777778	0.5972222222222222	0.4027777777777778	resolved		346	65	True
vae_candidate_000500	051902327f66ae7251b858c922d7b71d901bcf423ea4549c8857c8653e20a97a	True	False	eos	106	105	True	False	False	False	True	0.029442479965345304	0.06381829728796116	False	True	False	[]	True	False	[]	True	False	[]	True	False	[]	True	False	[]	True				ambiguous_exploration	gvpa_gvpj_ambiguous	pass	105	nat_0145b7d0415b25474bf7	"[""nat_0145b7d0415b25474bf7"", ""nat_1f7ab0dfc808b4ef03c3"", ""nat_64b87c36790fe3acd4ba"", ""nat_7ee1d64f80049d71603c"", ""nat_82e4660fb87f57daff30"", ""nat_94cdaea6b1db7bfe983f"", ""nat_b47c8eec954491beb714"", ""nat_bf00fc1bb4a6bea076a5"", ""nat_c468502803b4ab5981f1"", ""nat_d5d6f3cedb33fb3328b6"", ""nat_edc787924d6392f7c1f5""]"	11	95	239.5	111	89	62	0.6966292134831461	0.8476190476190476	0.9368421052631579	0.5904761904761905	0.4095238095238095	resolved		346	130	True
vae_candidate_000501	237d49daae911d9b57e6934e01b1bef4158e070f4e79ed8954baf426a47f7bee	True	False	eos	91	90	True	False	False	False	True	0.01780555154169853	0.06381829728796116	False	True	False	[]	True	False	[]	True	False	[]	True	False	[]	True	False	[]	True				main_supported_gvpa	supported_gvpa	pass	90	nat_842bc418f0682cd2a9c8	"[""nat_842bc418f0682cd2a9c8"", ""nat_a7791ad55c70e7fd3462""]"	2	95	387.5	95	90	85	0.9444444444444444	1.0	0.9473684210526315	0.8947368421052632	0.10526315789473684	resolved		346	196	True
vae_candidate_000502	7466b61598868278af2348b61f3fb697807e9212965c411d0de8b966a774033d	True	False	eos	103	102	True	False	False	False	True	0.02984994704575276	0.06381829728796116	False	True	False	[]	True	False	[]	True	False	[]	True	False	[]	True	False	[]	True				excluded	unsupported	pass	102	nat_c477483bf308ed286daf	"[""nat_c477483bf308ed286daf""]"	1	87	144.5	105	84	42	0.5	0.8235294117647058	0.9655172413793104	0.4117647058823529	0.5882352941176471	resolved		346	156	True
vae_candidate_000503	43cd241ee4415ec5135249a32a6d78f6d45355887fbb727c80ed8e2cc895732c	True	False	eos	117	116	True	False	False	False	True	0.02752082510239317	0.06381829728796116	False	True	False	[]	True	False	[]	True	False	[]	True	False	[]	True	False	[]	True				excluded	unsupported	pass	116	nat_a49cfe7d33cec22c3905	"[""nat_a49cfe7d33cec22c3905"", ""nat_ccd25408209dd226eaf9""]"	2	95	368.0	116	95	82	0.8631578947368421	0.8189655172413793	1.0	0.7068965517241379	0.2931034482758621	resolved		346	135	True
vae_candidate_000504	f06c72b85e56aefe81916297bc7af4d9ed33a0b01e10c179374b0798f1111e2c	True	False	eos	90	89	True	False	False	False	True	0.029134047943031947	0.06381829728796116	False	True	False	[]	True	False	[]	True	False	[]	True	False	[]	True	False	[]	True				excluded	unsupported	fail	89	nat_4f76b230eb60279eb5dd	"[""nat_4f76b230eb60279eb5dd""]"	1	95	227.0	107	77	57	0.7402597402597403	0.8651685393258427	0.8105263157894737	0.6	0.4	resolved		346	146	True
vae_candidate_000506	bc5821c29cf117c035e7fc09e709dcfbf22957e63136eb7738b8f7d244df8f1b	True	False	eos	117	116	True	False	False	False	True	0.02731869200746576	0.06381829728796116	False	True	False	[]	True	False	[]	True	False	[]	True	False	[]	True	False	[]	True				excluded	unsupported	pass	116	nat_fa2383cbfbff83286c61	"[""nat_fa2383cbfbff83286c61""]"	1	96	247.5	118	94	63	0.6702127659574468	0.8103448275862069	0.9791666666666666	0.5431034482758621	0.4568965517241379	resolved		346	94	True
vae_candidate_000507	cc0404396f2c7e6f46f9bdc07479b8c8a09cc3f55dd0b234c2d809e11eda7667	True	False	eos	120	119	True	False	False	False	True	0.04511032132422696	0.06381829728796116	False	True	False	[]	True	False	[]	True	False	[]	True	False	[]	True	False	[]	True				excluded	unsupported	fail	119	nat_c74d6e1106797b3a3d0f	"[""nat_c74d6e1106797b3a3d0f""]"	1	133	67.0	142	110	37	0.33636363636363636	0.9243697478991597	0.8270676691729323	0.2781954887218045	0.7218045112781954	resolved		346	8	True
vae_candidate_000508	a375d8c4879bd166beba994722324ccccf3d025310ae78588960c340f49bf51a	True	False	eos	81	80	True	False	False	False	True	0.02049003893723328	0.06381829728796116	False	True	False	[]	True	False	[]	True	False	[]	True	False	[]	True	False	[]	True				excluded	unsupported	fail	80	nat_ccd25408209dd226eaf9	"[""nat_ccd25408209dd226eaf9""]"	1	94	107.0	98	76	37	0.4868421052631579	0.95	0.8085106382978723	0.39361702127659576	0.6063829787234043	resolved		346	104	True
vae_candidate_000509	0ee5ee1ba6767bea8b757627920e505b2e5ffb82cacc37e29a67a727faa50e84	True	False	eos	79	78	True	False	False	False	True	0.05838603625670571	0.06381829728796116	False	True	False	[]	True	False	[]	True	False	[]	True	False	[]	True	False	[]	True				excluded	unsupported	fail	78	nat_39696a92cfeac6f208a2	"[""nat_39696a92cfeac6f208a2"", ""nat_ea5746ec582bf06f4e03""]"	2	78	8.0	92	64	23	0.359375	0.8205128205128205	0.8205128205128205	0.2948717948717949	0.7051282051282051	resolved		346	37	True
vae_candidate_000510	75fafa9cbc88684e235979c4e2e49c13acd23c1134bbc0685f3e65a2cb547e6d	True	False	eos	120	119	True	False	False	False	True	0.09362383816911252	0.06381829728796116	True	True	False	[]	True	False	[]	True	False	[]	True	False	[]	True	False	[]	True	composition_outlier_warning	composition_outlier_warning		excluded	unsupported	fail	119	nat_e10062d88e50908c95d3	"[""nat_e10062d88e50908c95d3""]"	1	135	45.5	143	111	39	0.35135135135135137	0.9327731092436975	0.8222222222222222	0.28888888888888886	0.7111111111111111	resolved		346	10	True
vae_candidate_000511	2bd6ac247f6d90f800e072592cc884a682bf97968b125ae1abf58a9ab983a232	True	False	eos	129	128	True	False	False	False	True	0.031692384793161305	0.06381829728796116	False	True	False	[]	True	False	[]	True	False	[]	True	False	[]	True	False	[]	True				excluded	unsupported	fail	128		[]	0											unresolved	no_reliable_reference	346	0	True
vae_candidate_000512	a256c97976ce1ee6be4e79f88b55bc1417b1efafda7701b33386f4f3b4da41cb	True	False	eos	146	145	True	False	False	False	True	0.08109791017028731	0.06381829728796116	True	True	False	[]	True	False	[]	True	False	[]	True	False	[]	True	False	[]	True	composition_outlier_warning	composition_outlier_warning		excluded	unsupported	fail	145	nat_13ee99e71183bcf01114	"[""nat_13ee99e71183bcf01114""]"	1	156	56.5	167	134	46	0.34328358208955223	0.9241379310344827	0.8589743589743589	0.2948717948717949	0.7051282051282051	resolved		346	23	True
vae_candidate_000513	fdd44f8904302c5c864ba9df84b50c5b0940e4703d207b95c2bd3f547bc0e240	True	False	eos	63	62	True	False	False	False	True	0.06189838252983009	0.06381829728796116	False	True	False	[]	True	False	[]	True	False	[]	True	False	[]	True	False	[]	True				excluded	unsupported	fail	62	nat_e9d0d8807aee29d8e61c	"[""nat_e9d0d8807aee29d8e61c""]"	1	71	11.0	75	58	19	0.3275862068965517	0.9354838709677419	0.8169014084507042	0.2676056338028169	0.7323943661971831	resolved		346	3	True
vae_candidate_000514	7ae93f43ca1475f9236b778f282a07e9af02ee83bdd19e48e76b61526eb83a04	True	False	eos	67	66	True	False	False	False	True	0.041713695795861636	0.06381829728796116	False	True	False	[]	True	False	[]	True	False	[]	True	False	[]	True	False	[]	True				excluded	unsupported	fail	66	nat_9f8db13e803cecc901b7	"[""nat_9f8db13e803cecc901b7"", ""nat_ffde9c8a0aa4cd762cfd""]"	2	70	23.0	78	58	22	0.3793103448275862	0.8787878787878788	0.8285714285714286	0.3142857142857143	0.6857142857142857	resolved		346	18	True
vae_candidate_000515	28e887785ba30a233b1344044731abf5ccdbe0f36323e830a0ed70621d9cc588	True	False	eos	87	86	True	False	False	False	True	0.0870309589092205	0.06381829728796116	True	True	False	[]	True	False	[]	True	False	[]	True	False	[]	True	False	[]	True	composition_outlier_warning	composition_outlier_warning		excluded	unsupported	fail	86	nat_4a610b8daff21e476288	"[""nat_4a610b8daff21e476288""]"	1	85	5.0	101	70	23	0.32857142857142857	0.813953488372093	0.8235294117647058	0.26744186046511625	0.7325581395348837	resolved		346	1	True
vae_candidate_000516	840634e2907c4d75c78114d2fb8b5de96ce32eeb5169ba0de5b4f9e493a6c863	True	False	eos	108	107	True	False	False	False	True	0.02482353358532325	0.06381829728796116	False	True	False	[]	True	False	[]	True	False	[]	True	False	[]	True	False	[]	True				excluded	unsupported	fail	107		[]	0											unresolved	no_reliable_reference	346	0	True
vae_candidate_000517	0fad4587ee2e681239b297927ab1ff8169f6a4f6eb50db27612351834d598ac9	True	False	eos	59	58	True	False	False	False	True	0.09656721491341239	0.06381829728796116	True	True	False	[]	True	False	[]	True	False	[]	True	False	[]	True	False	[]	True	composition_outlier_warning	composition_outlier_warning		excluded	unsupported	fail	58	nat_ea5746ec582bf06f4e03	"[""nat_ea5746ec582bf06f4e03""]"	1	72	18.5	72	58	17	0.29310344827586204	1.0	0.8055555555555556	0.2361111111111111	0.7638888888888888	resolved		346	5	True
vae_candidate_000518	e9ab93a2008317333cce0dfc394c894b599e8a28a709f209fda39034185db8fb	True	False	eos	58	57	True	False	False	False	True	0.12848848075373884	0.06381829728796116	True	True	False	[]	True	False	[]	True	False	[]	True	False	[]	True	False	[]	True	composition_outlier_warning	composition_outlier_warning		excluded	unsupported	fail	57		[]	0											unresolved	no_reliable_reference	346	0	True
vae_candidate_000519	94953b40a3929de0c15937e1e22a09da20058d2df79f5f7fc9104464527624da	True	False	eos	93	92	True	False	False	False	True	0.04253733594384719	0.06381829728796116	False	True	False	[]	True	False	[]	True	False	[]	True	False	[]	True	False	[]	True				excluded	unsupported	pass	92	nat_1f956fdbc151f2ec0ffb	"[""nat_1f956fdbc151f2ec0ffb""]"	1	95	218.0	97	90	58	0.6444444444444445	0.9782608695652174	0.9473684210526315	0.6105263157894737	0.3894736842105263	resolved		346	187	True
vae_candidate_000520	fd396f455baba197f81bcb1d201fbf56e0ddf346f6f7e100d90458bc8fc52e12	True	False	eos	74	73	True	False	False	False	True	0.015064031898671847	0.06381829728796116	False	True	False	[]	True	False	[]	True	False	[]	True	False	[]	True	False	[]	True				main_supported_gvpa	supported_gvpa	pass	73	nat_1ed909a554bd91f8870f	"[""nat_1ed909a554bd91f8870f"", ""nat_ea5746ec582bf06f4e03""]"	2	73	217.5	77	69	52	0.7536231884057971	0.9452054794520548	0.9452054794520548	0.7123287671232876	0.28767123287671237	resolved		346	103	True
vae_candidate_000521	1341fbecf1d899f71d5dc654a543b6b87d4f6255499556bd15f2306b876cd56c	True	False	eos	150	149	True	False	False	False	True	0.03462431193448763	0.06381829728796116	False	True	False	[]	True	False	[]	True	False	[]	True	False	[]	True	False	[]	True				excluded	unsupported	pass	149		[]	0											unresolved	no_reliable_reference	346	0	True
vae_candidate_000522	0802a1e30164b7b26b7e5b38c9733a77a2f865ba9b9790c79ea74bc855ec02dc	True	False	eos	156	155	True	False	False	False	True	0.02845298527499505	0.06381829728796116	False	True	False	[]	True	False	[]	True	False	[]	True	False	[]	True	False	[]	True				excluded	unsupported	pass	155	nat_158c0216b95ce3304bfe	"[""nat_158c0216b95ce3304bfe"", ""nat_fd6df642808b7adaae7d""]"	2	156	209.5	185	126	64	0.5079365079365079	0.8129032258064516	0.8076923076923077	0.41025641025641024	0.5897435897435898	resolved		346	79	True
vae_candidate_000524	cea1f071f6d95a49efc08bf50783bb1cc6c85d0a66b2620d62a76c8d68e2d101	True	False	eos	99	98	True	False	False	False	True	0.04197545739483731	0.06381829728796116	False	True	False	[]	True	False	[]	True	False	[]	True	False	[]	True	False	[]	True				excluded	unsupported	fail	98	nat_461115b7000bfd74f566	"[""nat_461115b7000bfd74f566"", ""nat_fa2383cbfbff83286c61""]"	2	96	127.5	115	79	40	0.5063291139240507	0.8061224489795918	0.8229166666666666	0.40816326530612246	0.5918367346938775	resolved		346	22	True
vae_candidate_000525	cc404f7a185efe68906c545c62a0f2d0e53915b75ded8ba2c94b6a3d6845bf22	True	False	eos	92	91	True	False	False	False	True	0.06876093898893854	0.06381829728796116	True	True	False	[]	True	False	[]	True	False	[]	True	False	[]	True	False	[]	True	composition_outlier_warning	composition_outlier_warning		excluded	unsupported	fail	91	nat_200ecff40f6b83ca60f9	"[""nat_200ecff40f6b83ca60f9""]"	1	93	63.5	103	81	31	0.38271604938271603	0.8901098901098901	0.8709677419354839	0.3333333333333333	0.6666666666666667	resolved		346	13	True
vae_candidate_000526	dbdcc19a783b2f392b0c0aea54ba0aa7803b2187c5ba290bd4db73dc93f215a3	True	False	eos	157	156	True	False	False	False	True	0.033333263782665074	0.06381829728796116	False	True	False	[]	True	False	[]	True	False	[]	True	False	[]	True	False	[]	True				excluded	unsupported	fail	156	nat_13ee99e71183bcf01114	"[""nat_13ee99e71183bcf01114""]"	1	156	130.5	185	127	62	0.4881889763779528	0.8141025641025641	0.8141025641025641	0.3974358974358974	0.6025641025641026	resolved		346	4	True
vae_candidate_000528	19864a91d6c3e468c464ffbb49886cf00964f094d359a82094484fc2c9a816cf	True	False	eos	81	80	True	False	False	False	True	0.04766565939162083	0.06381829728796116	False	True	False	[]	True	False	[]	True	False	[]	True	False	[]	True	False	[]	True				excluded	unsupported	fail	80	nat_73e0b5aa88a198c56cae	"[""nat_73e0b5aa88a198c56cae""]"	1	87	172.0	92	75	49	0.6533333333333333	0.9375	0.8620689655172413	0.5632183908045977	0.4367816091954023	resolved		346	182	True
vae_candidate_000529	fdcc4d09545ae35f0252e038a8cb5eeff344d9dbbd78b848cb63ea250c2d8ce4	True	False	eos	101	100	True	False	False	False	True	0.04234209748076685	0.06381829728796116	False	True	False	[]	True	False	[]	True	False	[]	True	False	[]	True	False	[]	True				ambiguous_exploration	gvpa_gvpj_ambiguous	pass	100	nat_1eda5f35014077cd8e25	"[""nat_1eda5f35014077cd8e25"", ""nat_461115b7000bfd74f566"", ""nat_81de2b78d291d512c1e2"", ""nat_833a1708482ad34125e2""]"	4	94	278.0	100	94	66	0.7021276595744681	0.94	1.0	0.66	0.33999999999999997	resolved		346	158	True
vae_candidate_000530	17f15c5df61c504fae1058dbd4ac771c10ba9185ee3f086cc256d125462bade1	True	False	eos	72	71	True	False	False	False	True	0.017978690293516786	0.06381829728796116	False	True	False	[]	True	False	[]	True	False	[]	True	False	[]	True	False	[]	True				excluded	unsupported	pass	71	nat_1ed909a554bd91f8870f	"[""nat_1ed909a554bd91f8870f""]"	1	73	245.0	77	67	52	0.7761194029850746	0.9436619718309859	0.9178082191780822	0.7123287671232876	0.28767123287671237	resolved		346	84	True
vae_candidate_000531	ca58186bc449ff3382d94a2cc8267bc744860dc89a80d6265ec0a7e674fc335a	True	False	eos	73	72	True	False	False	False	True	0.02532745901780638	0.06381829728796116	False	True	False	[]	True	False	[]	True	False	[]	True	False	[]	True	False	[]	True				excluded	unsupported	pass	72	nat_ea5746ec582bf06f4e03	"[""nat_ea5746ec582bf06f4e03""]"	1	72	240.5	77	67	54	0.8059701492537313	0.9305555555555556	0.9305555555555556	0.75	0.25	resolved		346	96	True
vae_candidate_000532	f408168edb740c819833b0ce4b85f2a41b7c8eaea250f520c44b3aefec6b396c	True	False	eos	91	90	True	False	False	False	True	0.03910977855391164	0.06381829728796116	False	True	False	[]	True	False	[]	True	False	[]	True	False	[]	True	False	[]	True				excluded	unsupported	fail	90	nat_200ecff40f6b83ca60f9	"[""nat_200ecff40f6b83ca60f9""]"	1	93	107.5	108	75	44	0.5866666666666667	0.8333333333333334	0.8064516129032258	0.4731182795698925	0.5268817204301075	resolved		346	43	True
vae_candidate_000534	89dca49841d4813a7b2daaa5b41515c7a0c01da0ab030748993b52283dc5f4a8	True	False	eos	84	83	True	False	False	False	True	0.10324152954103952	0.06381829728796116	True	True	False	[]	True	False	[]	True	False	[]	True	False	[]	True	False	[]	True	composition_outlier_warning	composition_outlier_warning		excluded	unsupported	fail	83		[]	0											unresolved	no_reliable_reference	346	0	True
vae_candidate_000537	75f8f7259f5ac7d72362d5df53fd1f8af17ac8135a93d8d5b45e658cf8da057c	True	False	eos	59	58	True	False	False	False	True	0.06809178567240581	0.06381829728796116	True	True	False	[]	True	False	[]	True	False	[]	True	False	[]	True	False	[]	True	composition_outlier_warning	composition_outlier_warning		excluded	unsupported	fail	58		[]	0											unresolved	no_reliable_reference	346	0	True
vae_candidate_000538	25de75ea24cafb95457dc416020f9135cc7b9065334fdc59d78e479aa0b9e3cd	True	False	eos	74	73	True	False	False	False	True	0.09611205662926084	0.06381829728796116	True	True	False	[]	True	False	[]	True	False	[]	True	False	[]	True	False	[]	True	composition_outlier_warning	composition_outlier_warning		excluded	unsupported	fail	73	nat_448d52f7c380acd65350	"[""nat_448d52f7c380acd65350"", ""nat_a4ce46bc0db75edd2892""]"	2	76	20.0	83	66	24	0.36363636363636365	0.9041095890410958	0.868421052631579	0.3157894736842105	0.6842105263157895	resolved		346	25	True
vae_candidate_000539	a8e0ffb4426cf3770fa3413f7c0153ee4d4e4084d1e163a8c72280ac4d7ec347	True	False	eos	92	91	True	False	False	False	True	0.029219319787154096	0.06381829728796116	False	True	False	[]	True	False	[]	True	False	[]	True	False	[]	True	False	[]	True				main_supported_gvpa	supported_gvpa	pass	91	nat_74aacbad701be1598660	"[""nat_74aacbad701be1598660"", ""nat_b47c8eec954491beb714""]"	2	95	238.0	100	86	59	0.686046511627907	0.945054945054945	0.9052631578947369	0.6210526315789474	0.3789473684210526	resolved		346	187	True
vae_candidate_000540	35bc96f9086c35f3f10f00fb95915e62985e2827d4dd0173d5a5ee77cf1f1251	True	False	eos	92	91	True	False	False	False	True	0.03025971125239267	0.06381829728796116	False	True	False	[]	True	False	[]	True	False	[]	True	False	[]	True	False	[]	True				excluded	unsupported	pass	91	nat_73e0b5aa88a198c56cae	"[""nat_73e0b5aa88a198c56cae""]"	1	87	213.0	97	81	60	0.7407407407407407	0.8901098901098901	0.9310344827586207	0.6593406593406593	0.34065934065934067	resolved		346	176	True
vae_candidate_000541	36b0e85572868da384f84890163cb7d76f79564020177eedc3e2c49edc0b6654	True	False	eos	101	100	True	False	False	False	True	0.03348749443259247	0.06381829728796116	False	True	False	[]	True	False	[]	True	False	[]	True	False	[]	True	False	[]	True				excluded	unsupported	pass	100	nat_dca06c4ca76aafac96e9	"[""nat_dca06c4ca76aafac96e9"", ""nat_f49fe3672d6fdfda7cc7""]"	2	97	182.0	114	83	54	0.6506024096385542	0.83	0.8556701030927835	0.54	0.45999999999999996	resolved		346	145	True
vae_candidate_000542	5bd2d7c2b4e75a8fba3c6a6486f3e83be7261893a34bdd538a597ee074f5175d	True	False	eos	159	158	True	False	False	False	True	0.0686166060148291	0.06381829728796116	True	True	False	[]	True	False	[]	True	False	[]	True	False	[]	True	False	[]	True	composition_outlier_warning	composition_outlier_warning		excluded	unsupported	fail	158	nat_ae1ae553d673be7a537f	"[""nat_ae1ae553d673be7a537f"", ""nat_f7d9d7742f0844e679ec""]"	2	157	174.0	180	135	70	0.5185185185185185	0.8544303797468354	0.8598726114649682	0.4430379746835443	0.5569620253164558	resolved		346	72	True
vae_candidate_000543	31fd0565b3d4ce2347c9a38336f73c4e3a79e899d1b4392847754badb581185c	False	True	length_cap	180	180	True	False	True	False	True	0.06845464736749654	0.06381829728796116	True	True	False	[]	True	False	[]	True	False	[]	True	True	"[{""start"": 141, ""end"": 147, ""length"": 7, ""residue"": ""G""}]"	True	False	[]	True	composition_outlier_warning;generation_cap_warning;homopolymer_warning	composition_outlier_warning;generation_cap_warning;homopolymer_warning		excluded	unsupported	fail	180	nat_8bf5071aed606f94333c	"[""nat_8bf5071aed606f94333c"", ""nat_d71b202a146af4e5c40e""]"	2	157	70.0	191	146	44	0.3013698630136986	0.8111111111111111	0.9299363057324841	0.24444444444444444	0.7555555555555555	resolved		346	3	True
vae_candidate_000544	3e94f987e5fa92fa50a4ecf31f5f192bb41e23ce183e1d9be18022d401898d6b	True	False	eos	123	122	True	False	False	False	True	0.013247666816993187	0.06381829728796116	False	True	False	[]	True	False	[]	True	False	[]	True	False	[]	True	False	[]	True				excluded	unsupported	pass	122	nat_4a87fc740463a61b2d05	"[""nat_4a87fc740463a61b2d05"", ""nat_b28a6bed955c267791e6""]"	2	109	237.0	132	99	55	0.5555555555555556	0.8114754098360656	0.908256880733945	0.45081967213114754	0.5491803278688525	resolved		346	3	True
vae_candidate_000545	251b3c75ded3b2faf8237a38ad164594463e11f065affceb3040e02ff346ea6c	True	False	eos	96	95	True	False	False	False	True	0.026893069624379207	0.06381829728796116	False	True	False	[]	True	False	[]	True	False	[]	True	False	[]	True	False	[]	True				excluded	unsupported	fail	95	nat_0101bc590c89813c161a	"[""nat_0101bc590c89813c161a"", ""nat_4482775e0979509e45d2"", ""nat_4b58b860e36e01bdb682"", ""nat_94cdaea6b1db7bfe983f""]"	4	94	386.0	95	94	82	0.8723404255319149	0.9894736842105263	1.0	0.8631578947368421	0.13684210526315788	resolved		346	175	True
vae_candidate_000546	27394b2460cd194c7e71a27d722496acd7fde2b32ad7e87cfc096da9b08ae632	True	False	eos	102	101	True	False	False	False	True	0.023820600564759056	0.06381829728796116	False	True	False	[]	True	False	[]	True	False	[]	True	False	[]	True	False	[]	True				excluded	unsupported	fail	101	nat_4d722634e257d2a7d133	"[""nat_4d722634e257d2a7d133"", ""nat_a9c10692b45d32f772b4"", ""nat_c0d8f1302fa41452efbc""]"	3	95	258.5	111	85	70	0.8235294117647058	0.8415841584158416	0.8947368421052632	0.693069306930693	0.306930693069307	resolved		346	124	True
vae_candidate_000548	e6c9692fe986deec3a8c43670884e87d23865d66a922f3c16d1ce66aea179918	True	False	eos	147	146	True	False	False	False	True	0.08122794877806794	0.06381829728796116	True	True	False	[]	True	False	[]	True	False	[]	True	False	[]	True	False	[]	True	composition_outlier_warning	composition_outlier_warning		excluded	unsupported	fail	146		[]	0											unresolved	no_reliable_reference	346	0	True
vae_candidate_000549	6c45a9744d644e698804471556078f6501961c1d18961ef7cca23958b2254b69	True	False	eos	123	122	True	False	False	False	True	0.025185145332090493	0.06381829728796116	False	True	False	[]	True	False	[]	True	False	[]	True	False	[]	True	False	[]	True				excluded	unsupported	pass	122	nat_c7cb28cf54b6a88ff785	"[""nat_c7cb28cf54b6a88ff785""]"	1	99	280.0	122	99	65	0.6565656565656566	0.8114754098360656	1.0	0.5327868852459017	0.4672131147540983	resolved		346	21	True
vae_candidate_000550	73e7135f6c31101b32a681464f73af457c05cad1d69f51820922077bf46248c4	True	False	eos	66	65	True	False	False	False	True	0.0267989475951569	0.06381829728796116	False	True	False	[]	True	False	[]	True	False	[]	True	False	[]	True	False	[]	True				excluded	unsupported	pass	65	nat_ea5746ec582bf06f4e03	"[""nat_ea5746ec582bf06f4e03""]"	1	72	218.0	76	61	49	0.8032786885245902	0.9384615384615385	0.8472222222222222	0.6805555555555556	0.3194444444444444	resolved		346	58	True
vae_candidate_000551	e280f882d39711e73bdea28001a63947c26d3c05088ceb92e41d99b151df4eb5	True	False	eos	109	108	True	False	False	False	True	0.05634500023912394	0.06381829728796116	False	True	False	[]	True	False	[]	True	False	[]	True	False	[]	True	False	[]	True				excluded	unsupported	pass	108	nat_74aacbad701be1598660	"[""nat_74aacbad701be1598660"", ""nat_b47c8eec954491beb714"", ""nat_edc787924d6392f7c1f5"", ""nat_fa2383cbfbff83286c61""]"	4	95	234.0	109	94	62	0.6595744680851063	0.8703703703703703	0.9894736842105263	0.5740740740740741	0.42592592592592593	resolved		346	125	True
vae_candidate_000552	5a9efa12561af04bb7ca1f2622f2adff0b0084307b878b686d13e4ee5e0232d9	True	False	eos	56	55	True	False	False	False	True	0.060308560976917835	0.06381829728796116	False	True	False	[]	True	False	[]	True	False	[]	True	False	[]	True	False	[]	True				excluded	unsupported	fail	55		[]	0											unresolved	no_reliable_reference	346	0	True
vae_candidate_000553	05313448859bb7d30c39c0fa60524d2e014ffa3c010c1ada07117dd60b5c7e0a	True	False	eos	97	96	True	False	False	False	True	0.03229441594565343	0.06381829728796116	False	True	False	[]	True	False	[]	True	False	[]	True	False	[]	True	False	[]	True				excluded	unsupported	pass	96	nat_a49cfe7d33cec22c3905	"[""nat_a49cfe7d33cec22c3905"", ""nat_a7791ad55c70e7fd3462""]"	2	95	190.5	111	80	55	0.6875	0.8333333333333334	0.8421052631578947	0.5729166666666666	0.42708333333333337	resolved		346	144	True
vae_candidate_000554	92e29ef03d47d94444707261d17f084200f6c0bd2cc869435569bb8ce94865d3	True	False	eos	84	83	True	False	False	False	True	0.024597762720447766	0.06381829728796116	False	True	False	[]	True	False	[]	True	False	[]	True	False	[]	True	False	[]	True				excluded	unsupported	pass	83	nat_340bf83afc765d1b00fd	"[""nat_340bf83afc765d1b00fd""]"	1	78	174.5	89	72	47	0.6527777777777778	0.8674698795180723	0.9230769230769231	0.5662650602409639	0.4337349397590361	resolved		346	95	True
vae_candidate_000555	a2cf84f077620b2d50b515f05b2ee556fdd75eb901fe0a860d671dfd8c7e7242	True	False	eos	156	155	True	False	False	False	True	0.0061639403922480965	0.06381829728796116	False	True	False	[]	True	False	[]	True	False	[]	True	False	[]	True	False	[]	True				excluded	unsupported	fail	155		[]	0											unresolved	no_reliable_reference	346	0	True
vae_candidate_000556	0480009d242b3dff472b695bba0c92cc5f9e7763e17d2826da0195659c86eff1	True	False	eos	153	152	True	False	False	False	True	0.06255685440585448	0.06381829728796116	False	True	False	[]	True	False	[]	True	False	[]	True	False	[]	True	False	[]	True				excluded	unsupported	pass	152	nat_038b08407425f0209cdb	"[""nat_038b08407425f0209cdb""]"	1	157	194.0	182	127	65	0.5118110236220472	0.8355263157894737	0.8089171974522293	0.4140127388535032	0.5859872611464968	resolved		346	65	True
vae_candidate_000557	bec7f0dcc0f979e94866e38ab65c11bdfd2ffdc3ffa43a5e0a29767d9b15e196	True	False	eos	86	85	True	False	False	False	True	0.022937520164575634	0.06381829728796116	False	True	False	[]	True	False	[]	True	False	[]	True	False	[]	True	False	[]	True				excluded	unsupported	pass	85	nat_c468502803b4ab5981f1	"[""nat_c468502803b4ab5981f1""]"	1	95	234.5	100	80	59	0.7375	0.9411764705882353	0.8421052631578947	0.6210526315789474	0.3789473684210526	resolved		346	216	True
vae_candidate_000558	9208f5a87f7a037ec5f253be107ba2dddb4716f3c6a8330c14a35ff70d769dfc	True	False	eos	110	109	True	False	False	False	True	0.029045276988281764	0.06381829728796116	False	True	False	[]	True	False	[]	True	False	[]	True	False	[]	True	False	[]	True				excluded	unsupported	fail	109	nat_fa2383cbfbff83286c61	"[""nat_fa2383cbfbff83286c61""]"	1	96	168.0	117	88	50	0.5681818181818182	0.8073394495412844	0.9166666666666666	0.45871559633027525	0.5412844036697247	resolved		346	3	True
vae_candidate_000559	e71234d9f48b93f6fbb7618df62d0cf401337de4ff95444f91ba1767fdb248b0	True	False	eos	91	90	True	False	False	False	True	0.048609964442303276	0.06381829728796116	False	True	False	[]	True	False	[]	True	False	[]	True	False	[]	True	False	[]	True				excluded	unsupported	pass	90	nat_0a6194eed91a047cb43e	"[""nat_0a6194eed91a047cb43e"", ""nat_d9b751580230ca0e5773""]"	2	84	176.5	93	81	44	0.5432098765432098	0.9	0.9642857142857143	0.4888888888888889	0.5111111111111111	resolved		346	190	True
vae_candidate_000560	44b002954796311c462352d86008d642ca585ba0c7923d4ae337698d83729465	True	False	eos	85	84	True	False	False	False	True	0.04731139482525046	0.06381829728796116	False	True	False	[]	True	False	[]	True	False	[]	True	False	[]	True	False	[]	True				excluded	unsupported	pass	84	nat_0a6194eed91a047cb43e	"[""nat_0a6194eed91a047cb43e"", ""nat_440c141d3d83ed043c33"", ""nat_4f811102c58fb8e77080""]"	3	84	107.5	95	73	39	0.5342465753424658	0.8690476190476191	0.8690476190476191	0.4642857142857143	0.5357142857142857	resolved		346	103	True
vae_candidate_000561	e0eb00eafd84ed8595157bd0af774d8e67cf97180939fde6bb2e8211647c6117	True	False	eos	71	70	True	False	False	False	True	0.045563047901293965	0.06381829728796116	False	True	False	[]	True	False	[]	True	False	[]	True	False	[]	True	False	[]	True				excluded	unsupported	fail	70	nat_f7dbe09f7bde0afd3543	"[""nat_f7dbe09f7bde0afd3543""]"	1	76	50.5	85	61	22	0.36065573770491804	0.8714285714285714	0.8026315789473685	0.2894736842105263	0.7105263157894737	resolved		346	1	True
vae_candidate_000562	65a6bf2a979df403e091da0ae2c1d4a5bea0bc9fa823238a1d6114d5a01fc1d5	True	False	eos	135	134	True	False	False	False	True	0.027045819816782522	0.06381829728796116	False	True	False	[]	True	False	[]	True	False	[]	True	False	[]	True	False	[]	True				excluded	unsupported	pass	134	nat_45b0f1ea69baf732de14	"[""nat_45b0f1ea69baf732de14""]"	1	147	314.5	155	126	80	0.6349206349206349	0.9402985074626866	0.8571428571428571	0.54421768707483	0.45578231292517	resolved		346	112	True
vae_candidate_000563	dd7ea8a17357ffc5adbb578979111eb8aa45e222ad53ddcdaf737ce219eeac8b	True	False	eos	68	67	True	False	False	False	True	0.09155286635911314	0.06381829728796116	True	True	False	[]	True	False	[]	True	False	[]	True	False	[]	True	False	[]	True	composition_outlier_warning	composition_outlier_warning		excluded	unsupported	fail	67		[]	0											unresolved	no_reliable_reference	346	0	True
vae_candidate_000564	4165d50566571fd6b665aa33970582189030366fc00ca0b7a395dff9b73b3b2b	True	False	eos	96	95	True	False	False	False	True	0.07518366445173541	0.06381829728796116	True	True	False	[]	True	False	[]	True	False	[]	True	False	[]	True	False	[]	True	composition_outlier_warning	composition_outlier_warning		excluded	unsupported	fail	95	nat_76418c5d471b2873e6bf	"[""nat_76418c5d471b2873e6bf""]"	1	86	73.0	99	82	32	0.3902439024390244	0.8631578947368421	0.9534883720930233	0.3368421052631579	0.6631578947368422	resolved		346	18	True
vae_candidate_000565	17300e41f9718f65dcf650a1036d07505778c783ef68ba2be60757867acfc84e	True	False	eos	73	72	True	False	False	False	True	0.03677559171494471	0.06381829728796116	False	True	False	[]	True	False	[]	True	False	[]	True	False	[]	True	False	[]	True				excluded	unsupported	fail	72		[]	0											unresolved	no_reliable_reference	346	0	True
vae_candidate_000566	86353f3f4a48442d3601e76be629729b9246959b7cf2beb6f85f38be42566b24	True	False	eos	93	92	True	False	False	False	True	0.11819839069095796	0.06381829728796116	True	True	False	[]	True	False	[]	True	False	[]	True	False	[]	True	False	[]	True	composition_outlier_warning	composition_outlier_warning		excluded	unsupported	fail	92	nat_873dfd59523575571c0b	"[""nat_873dfd59523575571c0b"", ""nat_d9b751580230ca0e5773""]"	2	85	4.5	96	81	22	0.2716049382716049	0.8804347826086957	0.9529411764705882	0.2391304347826087	0.7608695652173914	resolved		346	3	True
vae_candidate_000567	02486214fcad533610132d613ce9eb042fbc9bbd4ae7c2e3d44488c1b876f143	True	False	eos	70	69	True	False	False	False	True	0.035211347675262836	0.06381829728796116	False	True	False	[]	True	False	[]	True	False	[]	True	False	[]	True	False	[]	True				excluded	unsupported	pass	69	nat_25fcb1b7b6c3c6f6f29d	"[""nat_25fcb1b7b6c3c6f6f29d""]"	1	68	223.0	70	67	53	0.7910447761194029	0.9710144927536232	0.9852941176470589	0.7681159420289855	0.23188405797101452	resolved		346	78	True
vae_candidate_000568	1448b3cb01c08c061458bd151ee8601dd796b43f7931f53c1799211a8131ea46	True	False	eos	89	88	True	False	False	False	True	0.05565140914254637	0.06381829728796116	False	True	False	[]	True	False	[]	True	False	[]	True	False	[]	True	False	[]	True				excluded	unsupported	fail	88	nat_d9b751580230ca0e5773	"[""nat_d9b751580230ca0e5773""]"	1	85	26.0	101	72	28	0.3888888888888889	0.8181818181818182	0.8470588235294118	0.3181818181818182	0.6818181818181819	resolved		346	18	True
vae_candidate_000569	e67e43356338b9360b6130f5b7553ad2ad20d676c85d365fb4cf6b4e6783ca6f	True	False	eos	113	112	True	False	False	False	True	0.022412048577677562	0.06381829728796116	False	True	False	[]	True	False	[]	True	False	[]	True	False	[]	True	False	[]	True				ambiguous_exploration	gvpa_gvpj_ambiguous	pass	112	nat_7ee1d64f80049d71603c	"[""nat_7ee1d64f80049d71603c"", ""nat_bf5abb4d953e0d6aaa1f"", ""nat_d80e058d93177215aa4b""]"	3	95	238.0	117	90	62	0.6888888888888889	0.8035714285714286	0.9473684210526315	0.5535714285714286	0.4464285714285714	resolved		346	92	True
vae_candidate_000570	0ed9bbb09fea7a4ecc8dfd45a1ae239d5fd6c3bce8d21e666144108f90d6880e	True	False	eos	118	117	True	False	False	False	True	0.035233782339277216	0.06381829728796116	False	True	False	[]	True	False	[]	True	False	[]	True	False	[]	True	False	[]	True				excluded	unsupported	pass	117	nat_6ee0ebbf185af1c7d346	"[""nat_6ee0ebbf185af1c7d346""]"	1	135	263.5	143	109	72	0.6605504587155964	0.9316239316239316	0.8074074074074075	0.5333333333333333	0.4666666666666667	resolved		346	31	True
vae_candidate_000571	1a154160e47661e05eaae5270950b06406f165a97d0a35f14067a7425ba96330	True	False	eos	76	75	True	False	False	False	True	0.023448112619806852	0.06381829728796116	False	True	False	[]	True	False	[]	True	False	[]	True	False	[]	True	False	[]	True				excluded	unsupported	fail	75	nat_27cf1e5aac6ec3dd931d	"[""nat_27cf1e5aac6ec3dd931d""]"	1	76	123.5	89	62	39	0.6290322580645161	0.8266666666666667	0.8157894736842105	0.5131578947368421	0.48684210526315785	resolved		346	16	True
vae_candidate_000573	35cadaf418456f54ee33784cd776313bdd6369966ea05bede98a247f4effb08a	True	False	eos	88	87	True	False	False	False	True	0.03251018860078409	0.06381829728796116	False	True	False	[]	True	False	[]	True	False	[]	True	False	[]	True	False	[]	True				excluded	unsupported	fail	87	nat_30c8db5b2a48ec02340b	"[""nat_30c8db5b2a48ec02340b"", ""nat_3e6bf91c590be6684eed"", ""nat_ccd25408209dd226eaf9""]"	3	94	235.0	99	82	66	0.8048780487804879	0.9425287356321839	0.8723404255319149	0.7021276595744681	0.2978723404255319	resolved		346	156	True
vae_candidate_000574	23b6f03457cac32e64cd3593e50abd9ca62ce8075a3001f7ff9c744219e03a66	True	False	eos	95	94	True	False	False	False	True	0.014138409972830664	0.06381829728796116	False	True	False	[]	True	False	[]	True	False	[]	True	False	[]	True	False	[]	True				main_supported_gvpa	supported_gvpa	pass	94	nat_1f7ab0dfc808b4ef03c3	"[""nat_1f7ab0dfc808b4ef03c3"", ""nat_92d7d81f95603487cd9c""]"	2	95	407.0	97	92	89	0.967391304347826	0.9787234042553191	0.968421052631579	0.9368421052631579	0.06315789473684208	resolved		346	184	True
vae_candidate_000575	6b806898a5299646c14a964e98e596a8122e634c88f917db1ede8d200f016a2e	True	False	eos	140	139	True	False	False	False	True	0.029457347469432536	0.06381829728796116	False	True	False	[]	True	False	[]	True	False	[]	True	False	[]	True	False	[]	True				excluded	unsupported	pass	139	nat_2f6b62c5722bcacabd8e	"[""nat_2f6b62c5722bcacabd8e""]"	1	136	178.5	157	118	53	0.4491525423728814	0.8489208633093526	0.8676470588235294	0.381294964028777	0.618705035971223	resolved		346	5	True
vae_candidate_000576	475000b0b0380ffc5534258175145f44d7c4eb6f2f4d2ed88a6887fdf9e2e20f	True	False	eos	128	127	True	False	False	False	True	0.03293024241318124	0.06381829728796116	False	True	False	[]	True	False	[]	True	False	[]	True	True	"[{""start"": 13, ""end"": 18, ""length"": 6, ""residue"": ""G""}]"	True	False	[]	True	homopolymer_warning	homopolymer_warning		excluded	unsupported	fail	127		[]	0											unresolved	no_reliable_reference	346	0	True
vae_candidate_000577	ece83c6dff53a7ef56b4998ed1352ddb71d85daf5686daa7031c391f7f38e9ff	True	False	eos	99	98	True	False	False	False	True	0.028676500403085295	0.06381829728796116	False	True	False	[]	True	False	[]	True	False	[]	True	False	[]	True	False	[]	True				excluded	unsupported	fail	98	nat_30c8db5b2a48ec02340b	"[""nat_30c8db5b2a48ec02340b""]"	1	94	186.5	103	89	47	0.5280898876404494	0.9081632653061225	0.9468085106382979	0.47959183673469385	0.5204081632653061	resolved		346	157	True
vae_candidate_000578	86b11d991b34eb2ff42ab995785da7f90fcf1d0ef071de0d3f5951c89f111a10	True	False	eos	93	92	True	False	False	False	True	0.02709162464086036	0.06381829728796116	False	True	False	[]	True	False	[]	True	False	[]	True	False	[]	True	False	[]	True				excluded	unsupported	pass	92	nat_b5ccff48f879b7cc34ad	"[""nat_b5ccff48f879b7cc34ad""]"	1	92	227.0	103	81	60	0.7407407407407407	0.8804347826086957	0.8804347826086957	0.6521739130434783	0.34782608695652173	resolved		346	181	True
vae_candidate_000579	cb2bd6d86e601067792f47df1f91ab508ee9186aafb10508e476bfba52313c1e	True	False	eos	124	123	True	False	False	False	True	0.029772040186949282	0.06381829728796116	False	True	False	[]	True	False	[]	True	False	[]	True	False	[]	True	False	[]	True				excluded	unsupported	fail	123	nat_6ee0ebbf185af1c7d346	"[""nat_6ee0ebbf185af1c7d346""]"	1	135	102.5	148	110	49	0.44545454545454544	0.8943089430894309	0.8148148148148148	0.362962962962963	0.6370370370370371	resolved		346	23	True
vae_candidate_000580	eb7c02872ed5178a0fd37cd6bf0cfb3a212f457d59ebb033068712818d42bd38	True	False	eos	118	117	True	False	False	False	True	0.026394154532448304	0.06381829728796116	False	True	False	[]	True	False	[]	True	False	[]	True	False	[]	True	False	[]	True				ambiguous_exploration	gvpa_gvpj_ambiguous	pass	117	nat_833a1708482ad34125e2	"[""nat_833a1708482ad34125e2""]"	1	98	227.0	119	96	59	0.6145833333333334	0.8205128205128205	0.9795918367346939	0.5042735042735043	0.49572649572649574	resolved		346	23	True
vae_candidate_000581	da975e44b89f222b98059bb87201eeec40a33806af2cc6b9787e42b1d68d5636	True	False	eos	70	69	True	False	False	False	True	0.04266751904892836	0.06381829728796116	False	True	False	[]	True	False	[]	True	False	[]	True	False	[]	True	False	[]	True				excluded	unsupported	pass	69	nat_e9d0d8807aee29d8e61c	"[""nat_e9d0d8807aee29d8e61c""]"	1	71	171.5	73	67	40	0.5970149253731343	0.9710144927536232	0.9436619718309859	0.5633802816901409	0.43661971830985913	resolved		346	83	True
vae_candidate_000582	53112e9da4634e57b4252d683fc5b2f5974987ffed923842cac2b310487cdafa	True	False	eos	87	86	True	False	False	False	True	0.018414104457843954	0.06381829728796116	False	True	False	[]	True	False	[]	True	False	[]	True	False	[]	True	False	[]	True				main_supported_gvpa	supported_gvpa	pass	86	nat_05d62502987d9405b8af	"[""nat_05d62502987d9405b8af"", ""nat_4dc9c1477d3d6b181da7""]"	2	95	344.0	96	85	79	0.9294117647058824	0.9883720930232558	0.8947368421052632	0.8315789473684211	0.16842105263157892	resolved		346	212	True
vae_candidate_000583	2892b52762d89f0b9c1c9e106e68f79375843cc89ebef47404b8b6cbed914730	True	False	eos	104	103	True	False	False	False	True	0.02042467062017843	0.06381829728796116	False	True	False	[]	True	False	[]	True	False	[]	True	False	[]	True	False	[]	True				excluded	unsupported	pass	103	nat_48f4fc548c0153a5775e	"[""nat_48f4fc548c0153a5775e"", ""nat_7ee1d64f80049d71603c"", ""nat_a8908cb0d732ddf5c6d4""]"	3	96	321.0	103	96	68	0.7083333333333334	0.9320388349514563	1.0	0.6601941747572816	0.3398058252427184	resolved		346	155	True
vae_candidate_000584	b7302680b203f4042854cf129d5fc49e8bfd96f36544ba749941fee33c7933a6	True	False	eos	97	96	True	False	False	False	True	0.01549766916650236	0.06381829728796116	False	True	False	[]	True	False	[]	True	False	[]	True	False	[]	True	False	[]	True				excluded	unsupported	pass	96	nat_1564401f2a553c444667	"[""nat_1564401f2a553c444667"", ""nat_1aef09f774a1818b7e24""]"	2	96	330.5	100	92	77	0.8369565217391305	0.9583333333333334	0.9583333333333334	0.8020833333333334	0.19791666666666663	resolved		346	162	True
vae_candidate_000585	03b372cbb741f1604ccf2762661da3b51cf875ce6ae22234af227d51401d6386	True	False	eos	80	79	True	False	False	False	True	0.07425236913330883	0.06381829728796116	True	True	False	[]	True	False	[]	True	False	[]	True	False	[]	True	False	[]	True	composition_outlier_warning	composition_outlier_warning		excluded	unsupported	fail	79	nat_27cf1e5aac6ec3dd931d	"[""nat_27cf1e5aac6ec3dd931d""]"	1	76	1.5	91	64	27	0.421875	0.810126582278481	0.8421052631578947	0.34177215189873417	0.6582278481012658	resolved		346	23	True
vae_candidate_000586	4d9aa407472e1e9676dcdc95e11a7cdf7ac1042d2441cbb32a35124d13b834f6	True	False	eos	115	114	True	False	False	False	True	0.02644558342254219	0.06381829728796116	False	True	False	[]	True	False	[]	True	False	[]	True	False	[]	True	False	[]	True				excluded	unsupported	pass	114		[]	0											unresolved	no_reliable_reference	346	0	True
vae_candidate_000587	901b80e00a893841ba99b2349d9839dd40f97453828ad3aab616dc54f9d0df67	True	False	eos	60	59	True	False	False	False	True	0.07578168999643398	0.06381829728796116	True	True	False	[]	True	False	[]	True	False	[]	True	False	[]	True	False	[]	True	composition_outlier_warning	composition_outlier_warning		excluded	unsupported	fail	59	nat_d565583d15eb6f192c57	"[""nat_d565583d15eb6f192c57""]"	1	67	63.0	72	54	27	0.5	0.9152542372881356	0.8059701492537313	0.40298507462686567	0.5970149253731343	resolved		346	29	True
vae_candidate_000589	d92743cd4ae9a061d2e6af6c8a6d1f47002cd3ce477483b6c1eac4690100a1fd	True	False	eos	78	77	True	False	False	False	True	0.05027148726357819	0.06381829728796116	False	True	False	[]	True	False	[]	True	False	[]	True	False	[]	True	False	[]	True				excluded	unsupported	pass	77	nat_39cf0fd21702af1ff2b1	"[""nat_39cf0fd21702af1ff2b1""]"	1	69	149.5	84	62	40	0.6451612903225806	0.8051948051948052	0.8985507246376812	0.5194805194805194	0.48051948051948057	resolved		346	18	True
vae_candidate_000590	bfb023add46c64402ac3bc3765736347211964289380de4cc2d52031157bf09a	True	False	eos	92	91	True	False	False	False	True	0.016233158624413997	0.06381829728796116	False	True	False	[]	True	False	[]	True	False	[]	True	False	[]	True	False	[]	True				excluded	unsupported	pass	91	nat_fe2e069c7d192a9aa4be	"[""nat_fe2e069c7d192a9aa4be""]"	1	92	266.0	96	87	63	0.7241379310344828	0.9560439560439561	0.9456521739130435	0.6847826086956522	0.3152173913043478	resolved		346	185	True
vae_candidate_000591	a44b36092f9f5eb0d9fb6677d734c75644dcffc80a5b588518b668125c251a6f	True	False	eos	89	88	True	False	False	False	True	0.04999313063311063	0.06381829728796116	False	True	False	[]	True	False	[]	True	False	[]	True	False	[]	True	False	[]	True				main_supported_gvpa	supported_gvpa	pass	88	nat_7ee1d64f80049d71603c	"[""nat_7ee1d64f80049d71603c"", ""nat_9fda348180c612303cdb"", ""nat_acb38079c01f07d0de6f"", ""nat_b47c8eec954491beb714""]"	4	95	276.5	97	86	66	0.7674418604651163	0.9772727272727273	0.9052631578947369	0.6947368421052632	0.3052631578947368	resolved		346	197	True
vae_candidate_000592	529ae5df0c01e17cad7cb200e9d1f8723a37c42faef71c91937ccfbeb572607d	True	False	eos	91	90	True	False	False	False	True	0.03392799197898016	0.06381829728796116	False	True	False	[]	True	False	[]	True	False	[]	True	False	[]	True	False	[]	True				excluded	unsupported	fail	90		[]	0											unresolved	no_reliable_reference	346	0	True
vae_candidate_000594	d5a6435169b29fdda71913be8bc2615e6f6d7866250109c77171349948af7069	False	True	length_cap	180	180	True	False	True	False	True	0.03760209755071495	0.06381829728796116	False	True	False	[]	True	False	[]	True	False	[]	True	False	[]	True	False	[]	True	generation_cap_warning	generation_cap_warning		excluded	unsupported	pass	180		[]	0											unresolved	no_reliable_reference	346	0	True
vae_candidate_000595	99c498ce8cbfd917f9c4a64cd672f3261ce8b382742d9150eb6f22a4bf3bb607	True	False	eos	75	74	True	False	False	False	True	0.03793327084629151	0.06381829728796116	False	True	False	[]	True	False	[]	True	False	[]	True	False	[]	True	False	[]	True				excluded	unsupported	fail	74	nat_c477483bf308ed286daf	"[""nat_c477483bf308ed286daf""]"	1	87	164.5	91	70	47	0.6714285714285714	0.9459459459459459	0.8045977011494253	0.5402298850574713	0.45977011494252873	resolved		346	41	True
vae_candidate_000596	e1dc8d14d9d9e1308a42f9eec9bf7148f2de50dade6e478998b773c9f942543a	True	False	eos	122	121	True	False	False	False	True	0.05212507085965505	0.06381829728796116	False	True	False	[]	True	False	[]	True	False	[]	True	False	[]	True	False	[]	True				excluded	unsupported	fail	121		[]	0											unresolved	no_reliable_reference	346	0	True
vae_candidate_000597	e5907ce161303546a7aa7fff90c48b28082f997676138c61822e0305afc5d3ed	True	False	eos	79	78	True	False	False	False	True	0.04978595650355398	0.06381829728796116	False	True	False	[]	True	False	[]	True	False	[]	True	False	[]	True	False	[]	True				excluded	unsupported	pass	78	nat_766d45336d56f5b42f24	"[""nat_766d45336d56f5b42f24""]"	1	79	182.0	83	74	48	0.6486486486486487	0.9487179487179487	0.9367088607594937	0.6075949367088608	0.3924050632911392	resolved		346	177	True
vae_candidate_000599	2ccf7982c8054b89750e58691b3b6207ef04d7f2a2c68ad2c575646f47b888d0	True	False	eos	120	119	True	False	False	False	True	0.022313685798213245	0.06381829728796116	False	True	False	[]	True	False	[]	True	False	[]	True	False	[]	True	False	[]	True				excluded	unsupported	fail	119	nat_833a1708482ad34125e2	"[""nat_833a1708482ad34125e2""]"	1	98	326.0	120	97	74	0.7628865979381443	0.8151260504201681	0.9897959183673469	0.6218487394957983	0.37815126050420167	resolved		346	6	True
vae_candidate_000600	64a67524589912248cbc0047fd834fd1f336171d2f369ff0fe86370f3ebfd3fc	True	False	eos	80	79	True	False	False	False	True	0.041789065189399344	0.06381829728796116	False	True	False	[]	True	False	[]	True	False	[]	True	False	[]	True	False	[]	True				excluded	unsupported	fail	79	nat_873dfd59523575571c0b	"[""nat_873dfd59523575571c0b""]"	1	85	86.5	96	68	32	0.47058823529411764	0.8607594936708861	0.8	0.3764705882352941	0.6235294117647059	resolved		346	84	True
vae_candidate_000601	2d0e7655a37682d85725626f3457eff77cedd070a7fa85eb51435943497a88a4	True	False	eos	92	91	True	False	False	False	True	0.03364557052498895	0.06381829728796116	False	True	False	[]	True	False	[]	True	False	[]	True	False	[]	True	False	[]	True				ambiguous_exploration	gvpa_gvpj_ambiguous	pass	91	nat_4132d6e9996d37d7483a	"[""nat_4132d6e9996d37d7483a""]"	1	92	212.0	96	87	52	0.5977011494252874	0.9560439560439561	0.9456521739130435	0.5652173913043478	0.4347826086956522	resolved		346	189	True
vae_candidate_000602	6164adf122c8c60cd996f15a72107407f183efd87dcf219a71b32ead35ccdeab	True	False	eos	107	106	True	False	False	False	True	0.03125923069700514	0.06381829728796116	False	True	False	[]	True	False	[]	True	False	[]	True	False	[]	True	False	[]	True				excluded	unsupported	fail	106		[]	0											unresolved	no_reliable_reference	346	0	True
vae_candidate_000603	a9db44ec41ad839c3ba6877710046351190414ce5bb99a31fe2394a586ee6ca3	True	False	eos	88	87	True	False	False	False	True	0.05765936531745583	0.06381829728796116	False	True	False	[]	True	False	[]	True	False	[]	True	False	[]	True	False	[]	True				excluded	unsupported	fail	87	nat_7d1d4ec0845163a487d6	"[""nat_7d1d4ec0845163a487d6"", ""nat_970873de163a6ff8ee05""]"	2	88	40.5	102	73	27	0.3698630136986301	0.8390804597701149	0.8295454545454546	0.3068181818181818	0.6931818181818181	resolved		346	44	True
vae_candidate_000604	2151510f28914796d0bd8bee622ce565c90926f23d869b9195f7f9c2cfd2b5a4	True	False	eos	101	100	True	False	False	False	True	0.06694065963925684	0.06381829728796116	True	True	False	[]	True	False	[]	True	False	[]	True	False	[]	True	False	[]	True	composition_outlier_warning	composition_outlier_warning		excluded	unsupported	fail	100	nat_3d7fc725cd17cf23a73c	"[""nat_3d7fc725cd17cf23a73c""]"	1	97	37.0	117	80	29	0.3625	0.8	0.8247422680412371	0.29	0.71	resolved		346	17	True
vae_candidate_000605	823061a35dc07ef4073c69d3114da558d17d6cab2033f3aac003ad437c33a2ad	True	False	eos	151	150	True	False	False	False	True	0.025845154571420885	0.06381829728796116	False	True	False	[]	True	False	[]	True	False	[]	True	False	[]	True	False	[]	True				excluded	unsupported	fail	150	nat_945d9af2ef988f085e3c	"[""nat_945d9af2ef988f085e3c""]"	1	151	331.0	171	130	88	0.676923076923077	0.8666666666666667	0.8609271523178808	0.5827814569536424	0.41721854304635764	resolved		346	99	True
vae_candidate_000606	489ca12479405ddfd03db74ab12d36e09e1439264a699ab4d37f0aeea4763357	True	False	eos	86	85	True	False	False	False	True	0.06055970083312062	0.06381829728796116	False	True	False	[]	True	False	[]	True	False	[]	True	False	[]	True	False	[]	True				excluded	unsupported	fail	85	nat_4a610b8daff21e476288	"[""nat_4a610b8daff21e476288"", ""nat_873dfd59523575571c0b""]"	2	85	23.5	102	68	24	0.35294117647058826	0.8	0.8	0.2823529411764706	0.7176470588235294	resolved		346	44	True
vae_candidate_000607	69ea9df556cd9e706ebb907d2dba1aa72890751992b9f55d8f1b4fb6c0dcd130	True	False	eos	84	83	True	False	False	False	True	0.03557381516753376	0.06381829728796116	False	True	False	[]	True	False	[]	True	False	[]	True	False	[]	True	False	[]	True				ambiguous_exploration	gvpa_gvpj_ambiguous	pass	83	nat_340bf83afc765d1b00fd	"[""nat_340bf83afc765d1b00fd""]"	1	78	182.0	93	68	44	0.6470588235294118	0.8192771084337349	0.8717948717948718	0.5301204819277109	0.4698795180722891	resolved		346	57	True
vae_candidate_000608	da82be8594659c59a0bed4d0a2ee397fdc47796c958fc53f6be015801471c59d	True	False	eos	87	86	True	False	False	False	True	0.043983552977947066	0.06381829728796116	False	True	False	[]	True	False	[]	True	False	[]	True	False	[]	True	False	[]	True				excluded	unsupported	fail	86		[]	0											unresolved	no_reliable_reference	346	0	True
vae_candidate_000609	9b0d749a6c829ccecf930729fdd42b6f834a6ded85ceea00f37cc2c433f927af	True	False	eos	93	92	True	False	False	False	True	0.040567294980214955	0.06381829728796116	False	True	False	[]	True	False	[]	True	False	[]	True	False	[]	True	False	[]	True				excluded	unsupported	fail	92	nat_fb877ea45a36f28c6227	"[""nat_fb877ea45a36f28c6227""]"	1	87	101.5	103	76	39	0.5131578947368421	0.8260869565217391	0.8735632183908046	0.42391304347826086	0.5760869565217391	resolved		346	137	True
vae_candidate_000610	03af29c7e40c6f3934a47921e6c3dd7c589342cadac0f8eeae0bd97db2d82b2f	True	False	eos	84	83	True	False	False	False	True	0.09833054906443842	0.06381829728796116	True	True	False	[]	True	False	[]	True	False	[]	True	False	[]	True	False	[]	True	composition_outlier_warning	composition_outlier_warning		excluded	unsupported	fail	83	nat_c477483bf308ed286daf	"[""nat_c477483bf308ed286daf""]"	1	87	12.0	99	71	22	0.30985915492957744	0.8554216867469879	0.8160919540229885	0.25287356321839083	0.7471264367816092	resolved		346	22	True
vae_candidate_000611	f92af7b900e31bf00f99ac7b7b4bef6f8842664ccad215c4e741aed77ef17c73	True	False	eos	84	83	True	False	False	False	True	0.022660500625923705	0.06381829728796116	False	True	False	[]	True	False	[]	True	False	[]	True	False	[]	True	False	[]	True				excluded	unsupported	pass	83	nat_0101bc590c89813c161a	"[""nat_0101bc590c89813c161a""]"	1	94	254.0	100	77	63	0.8181818181818182	0.927710843373494	0.8191489361702128	0.6702127659574468	0.32978723404255317	resolved		346	218	True
vae_candidate_000612	2af3e102bed543c7bd1335903f9e4aa84b12d3c47f99b95211da2454bdc49f33	False	True	length_cap	180	180	True	False	True	False	True	0.025003706090096955	0.06381829728796116	False	True	False	[]	True	False	[]	True	False	[]	True	False	[]	True	False	[]	True	generation_cap_warning	generation_cap_warning		excluded	unsupported	pass	180		[]	0											unresolved	no_reliable_reference	346	0	True
vae_candidate_000613	d257e27e89d6b5aede32b438265d094c17876cf6b048c5ab8496667f7348d310	True	False	eos	100	99	True	False	False	False	True	0.10128999071506979	0.06381829728796116	True	True	False	[]	True	False	[]	True	False	[]	True	False	[]	True	False	[]	True	composition_outlier_warning	composition_outlier_warning		excluded	unsupported	fail	99		[]	0											unresolved	no_reliable_reference	346	0	True
vae_candidate_000614	43bdc844672d78c171fd6c68259c7bb6c1f9ff33e102920ab2a23b6fdae16d5e	True	False	eos	85	84	True	False	False	False	True	0.06295802961413667	0.06381829728796116	False	True	False	[]	True	False	[]	True	False	[]	True	False	[]	True	False	[]	True				excluded	unsupported	fail	84	nat_6cb2a4a67fad0b3f22b1	"[""nat_6cb2a4a67fad0b3f22b1"", ""nat_8f5ca23cd23d0262e12b"", ""nat_90e82772d308676c7556""]"	3	74	6.0	89	69	16	0.2318840579710145	0.8214285714285714	0.9324324324324325	0.19047619047619047	0.8095238095238095	resolved		346	3	True
vae_candidate_000615	f40d5398eaedf958b868d3586b0182d41e92956450d37106487badcc7fbbb64a	True	False	eos	93	92	True	False	False	False	True	0.03163114310651099	0.06381829728796116	False	True	False	[]	True	False	[]	True	False	[]	True	False	[]	True	False	[]	True				excluded	unsupported	pass	92	nat_f49fe3672d6fdfda7cc7	"[""nat_f49fe3672d6fdfda7cc7""]"	1	95	185.0	105	82	58	0.7073170731707317	0.8913043478260869	0.8631578947368421	0.6105263157894737	0.3894736842105263	resolved		346	156	True
vae_candidate_000616	b50bc478e043ac12515b39720fae76a4a42b1668396234e4f8984d833a8b0a4c	True	False	eos	67	66	True	False	False	False	True	0.07428692401539072	0.06381829728796116	True	True	False	[]	True	False	[]	True	False	[]	True	False	[]	True	False	[]	True	composition_outlier_warning	composition_outlier_warning		excluded	unsupported	fail	66	nat_6cb2a4a67fad0b3f22b1	"[""nat_6cb2a4a67fad0b3f22b1"", ""nat_90e82772d308676c7556""]"	2	74	28.0	74	66	25	0.3787878787878788	1.0	0.8918918918918919	0.33783783783783783	0.6621621621621622	resolved		346	14	True
vae_candidate_000617	738191e528bafb0ea17cb7df23f39eef4546125820f9b5198f5b23125edd9cd0	True	False	eos	93	92	True	False	False	False	True	0.025943991369640533	0.06381829728796116	False	True	False	[]	True	False	[]	True	False	[]	True	False	[]	True	False	[]	True				excluded	unsupported	fail	92	nat_75679c0d4db585656573	"[""nat_75679c0d4db585656573""]"	1	92	166.0	107	77	50	0.6493506493506493	0.8369565217391305	0.8369565217391305	0.5434782608695652	0.4565217391304348	resolved		346	128	True
vae_candidate_000618	c50908e812ce9eb1076293f3c44239f62df5eaa2b3f58242d930d895276f12be	True	False	eos	96	95	True	False	False	False	True	0.02009846750047794	0.06381829728796116	False	True	False	[]	True	False	[]	True	False	[]	True	False	[]	True	False	[]	True				main_supported_gvpa	supported_gvpa	pass	95	nat_1f956fdbc151f2ec0ffb	"[""nat_1f956fdbc151f2ec0ffb"", ""nat_4b58b860e36e01bdb682"", ""nat_7ee1d64f80049d71603c"", ""nat_c468502803b4ab5981f1"", ""nat_d5d6f3cedb33fb3328b6""]"	5	95	396.0	96	94	85	0.9042553191489362	0.9894736842105263	0.9894736842105263	0.8947368421052632	0.10526315789473684	resolved		346	183	True
vae_candidate_000619	c6432145a47ba80b9c3cfae7ff8057da7c242a40194908ab665bb47e94f6568d	True	False	eos	114	113	True	False	False	False	True	0.03569097805201378	0.06381829728796116	False	True	False	[]	True	False	[]	True	False	[]	True	False	[]	True	False	[]	True				excluded	unsupported	pass	113	nat_69442765a7e1224b0435	"[""nat_69442765a7e1224b0435""]"	1	96	193.0	113	96	56	0.5833333333333334	0.8495575221238938	1.0	0.49557522123893805	0.504424778761062	resolved		346	116	True
vae_candidate_000621	0e5a55e0ff5a752a4464e373f76926f519282f785cd29c5f297569ac86d0fa9b	True	False	eos	77	76	True	False	False	False	True	0.05092507025415666	0.06381829728796116	False	True	False	[]	True	False	[]	True	False	[]	True	False	[]	True	False	[]	True				ambiguous_exploration	gvpa_gvpj_ambiguous	pass	76	nat_2dee131e85e06a8f9fdd	"[""nat_2dee131e85e06a8f9fdd""]"	1	76	175.5	78	74	45	0.6081081081081081	0.9736842105263158	0.9736842105263158	0.5921052631578947	0.4078947368421053	resolved		346	106	True
vae_candidate_000622	687a98349034cf3d71b18b33492478c9e9f3d76bdb5a46760e0d312bb6460021	True	False	eos	67	66	True	False	False	False	True	0.04276140767927117	0.06381829728796116	False	True	False	[]	True	False	[]	True	False	[]	True	False	[]	True	False	[]	True				excluded	unsupported	pass	66	nat_cac8cf4903b24e69aca8	"[""nat_cac8cf4903b24e69aca8""]"	1	76	141.0	81	61	38	0.6229508196721312	0.9242424242424242	0.8026315789473685	0.5	0.5	resolved		346	57	True
vae_candidate_000623	80b5c56178ba97e5622b6da029531bf9eabd793b3017226202bfbc9f57263578	True	False	eos	94	93	True	False	False	False	True	0.012884397598964977	0.06381829728796116	False	True	False	[]	True	False	[]	True	False	[]	True	False	[]	True	False	[]	True				main_supported_gvpa	supported_gvpa	pass	93	nat_c8490949e18e771ed8c8	"[""nat_c8490949e18e771ed8c8"", ""nat_ccd25408209dd226eaf9""]"	2	94	386.5	95	92	86	0.9347826086956522	0.989247311827957	0.9787234042553191	0.9148936170212766	0.08510638297872342	resolved		346	182	True
vae_candidate_000624	6bb6f71252c390b008fd2c2283718297ea367842e7c846f75a3d08aa68a406da	True	False	eos	87	86	True	False	False	False	True	0.02226627711457312	0.06381829728796116	False	True	False	[]	True	False	[]	True	False	[]	True	False	[]	True	False	[]	True				excluded	unsupported	pass	86	nat_766d45336d56f5b42f24	"[""nat_766d45336d56f5b42f24""]"	1	79	162.5	92	73	49	0.6712328767123288	0.8488372093023255	0.9240506329113924	0.5697674418604651	0.43023255813953487	resolved		346	192	True
vae_candidate_000625	fdb45f72754403a7ff4c7c8e1b286fbe0156973c5a719fd12eff8971ad06247d	True	False	eos	101	100	True	False	False	False	True	0.030849930612547802	0.06381829728796116	False	True	False	[]	True	False	[]	True	False	[]	True	False	[]	True	False	[]	True				excluded	unsupported	pass	100		[]	0											unresolved	no_reliable_reference	346	0	True
vae_candidate_000626	1ca2d00cd7b7bc560d914a854402b93b4f6561abc125a01b60955994ad194d79	True	False	eos	167	166	True	False	False	False	True	0.03558722868838357	0.06381829728796116	False	True	False	[]	True	False	[]	True	False	[]	True	False	[]	True	False	[]	True				excluded	unsupported	fail	166	nat_25ee00a9c2b4e74f79dd	"[""nat_25ee00a9c2b4e74f79dd""]"	1	155	20.0	176	145	36	0.2482758620689655	0.8734939759036144	0.9354838709677419	0.21686746987951808	0.7831325301204819	resolved		346	1	True
vae_candidate_000628	604c7a6520f85dcfb5c91e2fb4a717c5400bcf7ac428e967b92de28e91eaf75a	True	False	eos	113	112	True	False	False	False	True	0.13122910371300645	0.06381829728796116	True	True	False	[]	True	False	[]	True	False	[]	True	False	[]	True	False	[]	True	composition_outlier_warning	composition_outlier_warning		excluded	unsupported	fail	112	nat_4b655799ef9e19953b56	"[""nat_4b655799ef9e19953b56""]"	1	133	21.5	138	107	34	0.3177570093457944	0.9553571428571429	0.8045112781954887	0.2556390977443609	0.7443609022556391	resolved		346	3	True
vae_candidate_000629	68b99caae7321f1cd810bc4a1eebc30a8dc0a60e7d52b5f866646f225eb1bbfe	True	False	eos	51	50	True	False	False	False	True	0.08230752633252071	0.06381829728796116	True	True	False	[]	True	False	[]	True	False	[]	True	False	[]	True	False	[]	True	composition_outlier_warning	composition_outlier_warning		excluded	unsupported	fail	50		[]	0											unresolved	no_reliable_reference	346	0	True
vae_candidate_000630	9e4c009e6bda71312eddee8136af4e9355987ccc427b58781604b68f59cb432c	True	False	eos	112	111	True	False	False	False	True	0.026255517514440857	0.06381829728796116	False	True	False	[]	True	False	[]	True	False	[]	True	True	"[{""start"": 6, ""end"": 11, ""length"": 6, ""residue"": ""G""}]"	True	False	[]	True	homopolymer_warning	homopolymer_warning		excluded	unsupported	fail	111	nat_48f4fc548c0153a5775e	"[""nat_48f4fc548c0153a5775e"", ""nat_9fda348180c612303cdb""]"	2	96	290.0	117	90	72	0.8	0.8108108108108109	0.9375	0.6486486486486487	0.3513513513513513	resolved		346	57	True
vae_candidate_000631	beded3742d320e76bf214e4fe537d8f2e1511da86c0dc1221d330360109e51ec	True	False	eos	116	115	True	False	False	False	True	0.024207191267887902	0.06381829728796116	False	True	False	[]	True	False	[]	True	False	[]	True	False	[]	True	False	[]	True				excluded	unsupported	pass	115	nat_4482775e0979509e45d2	"[""nat_4482775e0979509e45d2"", ""nat_4b58b860e36e01bdb682"", ""nat_8f3e753527c876cd94f0""]"	3	95	301.5	118	92	68	0.7391304347826086	0.8	0.968421052631579	0.591304347826087	0.408695652173913	resolved		346	104	True
vae_candidate_000632	1f8cb5909d2ce7b5f874be1476f8711645b48e2181ad6dbf8fe777bb75f87269	True	False	eos	126	125	True	False	False	False	True	0.052290585645268194	0.06381829728796116	False	True	False	[]	True	False	[]	True	False	[]	True	False	[]	True	False	[]	True				excluded	unsupported	fail	125	nat_db787bdce100ebe0b52f	"[""nat_db787bdce100ebe0b52f""]"	1	137	50.0	151	111	42	0.3783783783783784	0.888	0.8102189781021898	0.30656934306569344	0.6934306569343065	resolved		346	4	True
vae_candidate_000634	9eccd02774533102c151e9e42f06e6bb6e399ae6fecb13dd2ef2b9965fbd3caa	True	False	eos	98	97	True	False	False	False	True	0.032941762305830506	0.06381829728796116	False	True	False	[]	True	False	[]	True	False	[]	True	False	[]	True	False	[]	True				excluded	unsupported	pass	97	nat_74aacbad701be1598660	"[""nat_74aacbad701be1598660"", ""nat_8f3e753527c876cd94f0"", ""nat_94cdaea6b1db7bfe983f"", ""nat_b47c8eec954491beb714"", ""nat_bf5abb4d953e0d6aaa1f"", ""nat_d5d6f3cedb33fb3328b6""]"	6	95	207.5	104	88	57	0.6477272727272727	0.9072164948453608	0.9263157894736842	0.5876288659793815	0.41237113402061853	resolved		346	156	True
vae_candidate_000636	1fd1b81a224310a20bc68360fafd52b13464b58fbe1f2ad230065b8d284fca5f	True	False	eos	101	100	True	False	False	False	True	0.050146472406599474	0.06381829728796116	False	True	False	[]	True	False	[]	True	False	[]	True	False	[]	True	False	[]	True				excluded	unsupported	fail	100	nat_fca422d4ddd5dcd65605	"[""nat_fca422d4ddd5dcd65605""]"	1	96	141.5	114	82	44	0.5365853658536586	0.82	0.8541666666666666	0.44	0.56	resolved		346	103	True
vae_candidate_000637	20ed6a1317427796bf1cdaa6283e818b68c18972b37d58bcf859a1e9ae63f1b5	False	True	length_cap	180	180	True	False	True	False	True	0.023661195591978053	0.06381829728796116	False	True	False	[]	True	False	[]	True	False	[]	True	False	[]	True	False	[]	True	generation_cap_warning	generation_cap_warning		excluded	unsupported	fail	180	nat_f5d47642f8821cca8f9a	"[""nat_f5d47642f8821cca8f9a""]"	1	156	277.5	192	144	86	0.5972222222222222	0.8	0.9230769230769231	0.4777777777777778	0.5222222222222221	resolved		346	30	True
vae_candidate_000639	8b35d2c02e0fa5f04b46255762cb345fecee2527c584e5fe350aeac18d84a230	True	False	eos	90	89	True	False	False	False	True	0.014651071212499991	0.06381829728796116	False	True	False	[]	True	False	[]	True	False	[]	True	False	[]	True	False	[]	True				ambiguous_exploration	gvpa_gvpj_ambiguous	pass	89	nat_9fda348180c612303cdb	"[""nat_9fda348180c612303cdb""]"	1	95	260.5	100	84	63	0.75	0.9438202247191011	0.8842105263157894	0.6631578947368421	0.33684210526315794	resolved		346	190	True
vae_candidate_000640	69e6cdebc6761216e4585a76926746c3789e47f593be9887e61c638984864481	True	False	eos	86	85	True	False	False	False	True	0.04375176358556489	0.06381829728796116	False	True	False	[]	True	False	[]	True	False	[]	True	False	[]	True	False	[]	True				excluded	unsupported	pass	85	nat_873dfd59523575571c0b	"[""nat_873dfd59523575571c0b""]"	1	85	238.0	101	69	55	0.7971014492753623	0.8117647058823529	0.8117647058823529	0.6470588235294118	0.3529411764705882	resolved		346	55	True
vae_candidate_000641	ba25cf32dfb97956002ecd6d96fc867b45e9b4f8b045a821d89a6b06f66d3fad	True	False	eos	123	122	True	False	False	False	True	0.06953299513897869	0.06381829728796116	True	True	False	[]	True	False	[]	True	False	[]	True	False	[]	True	False	[]	True	composition_outlier_warning	composition_outlier_warning		excluded	unsupported	fail	122	nat_45d8bf8bea0b0845fea0	"[""nat_45d8bf8bea0b0845fea0""]"	1	139	70.0	149	112	44	0.39285714285714285	0.9180327868852459	0.8057553956834532	0.31654676258992803	0.6834532374100719	resolved		346	19	True
vae_candidate_000642	115b19a1ced627ab332a861ee0f3ab3c25e8b6c8f7000502230f680b520750ad	True	False	eos	140	139	True	False	False	False	True	0.02363580860321267	0.06381829728796116	False	True	False	[]	True	False	[]	True	False	[]	True	False	[]	True	False	[]	True				excluded	unsupported	fail	139	nat_1aeb097a28c863a862e4	"[""nat_1aeb097a28c863a862e4""]"	1	137	164.5	164	112	59	0.5267857142857143	0.8057553956834532	0.8175182481751825	0.4244604316546763	0.5755395683453237	resolved		346	26	True
vae_candidate_000643	cbf55cfd9bcfd5a758b90ca364a7dbab20d407cd21f50c5706cb9adf2c936f75	True	False	eos	105	104	True	False	False	False	True	0.04914944232989325	0.06381829728796116	False	True	False	[]	True	False	[]	True	False	[]	True	False	[]	True	False	[]	True				excluded	unsupported	fail	104	nat_1f956fdbc151f2ec0ffb	"[""nat_1f956fdbc151f2ec0ffb"", ""nat_4482775e0979509e45d2""]"	2	95	117.0	108	91	45	0.4945054945054945	0.875	0.9578947368421052	0.4326923076923077	0.5673076923076923	resolved		346	126	True
vae_candidate_000644	4c748574fa882146742113a531743854d4db4695737f0c0b60b8609d0c6e8370	True	False	eos	177	176	True	False	False	False	True	0.020477899564861478	0.06381829728796116	False	True	False	[]	True	False	[]	True	False	[]	True	False	[]	True	False	[]	True				excluded	unsupported	pass	176	nat_3997c1e8cae542beb07c	"[""nat_3997c1e8cae542beb07c"", ""nat_f5d47642f8821cca8f9a""]"	2	156	434.0	191	141	107	0.7588652482269503	0.8011363636363636	0.9038461538461539	0.6079545454545454	0.3920454545454546	resolved		346	58	True
vae_candidate_000645	cd6f86bea5942efd527f580bae727d26c0bd1422a9de0dcb3a8ad3efe7857a61	True	False	eos	86	85	True	False	False	False	True	0.0290818409026133	0.06381829728796116	False	True	False	[]	True	False	[]	True	False	[]	True	False	[]	True	False	[]	True				excluded	unsupported	fail	85	nat_873dfd59523575571c0b	"[""nat_873dfd59523575571c0b""]"	1	85	137.0	98	72	44	0.6111111111111112	0.8470588235294118	0.8470588235294118	0.5176470588235295	0.48235294117647054	resolved		346	139	True
vae_candidate_000646	163ac79481e9f33a5be12848377117163af76d542f3bbc64c727f9f7e00d025b	True	False	eos	117	116	True	False	False	False	True	0.03902837827482339	0.06381829728796116	False	True	False	[]	True	False	[]	True	False	[]	True	False	[]	True	False	[]	True				excluded	unsupported	fail	116	nat_8d5392221648a605a7c2	"[""nat_8d5392221648a605a7c2""]"	1	134	158.0	142	108	56	0.5185185185185185	0.9310344827586207	0.8059701492537313	0.417910447761194	0.582089552238806	resolved		346	5	True
vae_candidate_000647	1576d52214e4f3ddca0ca11e9c68c7bd14accd3fa50826f4f2bac14976bfc428	True	False	eos	98	97	True	False	False	False	True	0.02615052314189674	0.06381829728796116	False	True	False	[]	True	False	[]	True	False	[]	True	False	[]	True	False	[]	True				excluded	unsupported	pass	97	nat_7d45d6cf3df5d3d36985	"[""nat_7d45d6cf3df5d3d36985"", ""nat_9ba949b2aab9e2be6898""]"	2	95	282.5	99	93	69	0.7419354838709677	0.9587628865979382	0.9789473684210527	0.711340206185567	0.28865979381443296	resolved		346	166	True
vae_candidate_000648	039c1d08503e1604c563e39325c4cd76b598954c4175d8d4c19efbfab43f87c7	True	False	eos	97	96	True	False	False	False	True	0.03027282826230463	0.06381829728796116	False	True	False	[]	True	False	[]	True	False	[]	True	False	[]	True	False	[]	True				excluded	unsupported	pass	96		[]	0											unresolved	no_reliable_reference	346	0	True
vae_candidate_000649	7bbf93a158a515d2e85719e1802e41443cd5ff0109fcdc4318712efd6076d47d	True	False	eos	91	90	True	False	False	False	True	0.0762981960883537	0.06381829728796116	True	True	False	[]	True	False	[]	True	False	[]	True	False	[]	True	False	[]	True	composition_outlier_warning	composition_outlier_warning		excluded	unsupported	fail	90	nat_5d20f105b230fcb464d1	"[""nat_5d20f105b230fcb464d1"", ""nat_6dc60142a293ec7c6dcb"", ""nat_766d45336d56f5b42f24"", ""nat_fb877ea45a36f28c6227""]"	4	78	5.5	96	72	24	0.3333333333333333	0.8	0.9230769230769231	0.26666666666666666	0.7333333333333334	resolved		346	10	True
vae_candidate_000650	6df11e1bf8f96ad93d442a7772338c7616f29f0cb027f00f52c81b4fe399894e	True	False	eos	75	74	True	False	False	False	True	0.0752639074630595	0.06381829728796116	True	True	False	[]	True	False	[]	True	False	[]	True	False	[]	True	False	[]	True	composition_outlier_warning	composition_outlier_warning		excluded	unsupported	fail	74	nat_5ff91e8d3cfc9ac60d0d	"[""nat_5ff91e8d3cfc9ac60d0d""]"	1	72	40.5	82	64	24	0.375	0.8648648648648649	0.8888888888888888	0.32432432432432434	0.6756756756756757	resolved		346	23	True
vae_candidate_000651	7ba6cd1cf2709074e932df0d21ac248babd721b5da9208f85db0f9b778d966bd	True	False	eos	95	94	True	False	False	False	True	0.016186873706079477	0.06381829728796116	False	True	False	[]	True	False	[]	True	False	[]	True	False	[]	True	False	[]	True				excluded	unsupported	pass	94	nat_07f90c8c92dbdb92b94e	"[""nat_07f90c8c92dbdb92b94e"", ""nat_5d40201e59780a4578e1""]"	2	95	209.0	106	83	57	0.6867469879518072	0.8829787234042553	0.8736842105263158	0.6	0.4	resolved		346	159	True
vae_candidate_000653	09f9ed73de457eb2475a8ff54ed15332a5db15cb4a62c8ea4c77f262a5b335c7	True	False	eos	109	108	True	False	False	False	True	0.014722832331357249	0.06381829728796116	False	True	False	[]	True	False	[]	True	False	[]	True	False	[]	True	False	[]	True				excluded	unsupported	pass	108	nat_9fda348180c612303cdb	"[""nat_9fda348180c612303cdb""]"	1	95	346.5	111	92	80	0.8695652173913043	0.8518518518518519	0.968421052631579	0.7407407407407407	0.2592592592592593	resolved		346	137	True
vae_candidate_000654	30ef6d5fc0756cccb5b25d0a9340ca4475ab06076c3dfe383a3bf35f5941708c	True	False	eos	72	71	True	False	False	False	True	0.09067708266787892	0.06381829728796116	True	True	False	[]	True	False	[]	True	False	[]	True	False	[]	True	False	[]	True	composition_outlier_warning	composition_outlier_warning		excluded	unsupported	fail	71		[]	0											unresolved	no_reliable_reference	346	0	True
vae_candidate_000655	0639455fab32b8ac108190d63ee4c4136cc0744c577f5966334b359ffcc9abc9	True	False	eos	83	82	True	False	False	False	True	0.08429439648255697	0.06381829728796116	True	True	False	[]	True	False	[]	True	False	[]	True	False	[]	True	False	[]	True	composition_outlier_warning	composition_outlier_warning		excluded	unsupported	fail	82		[]	0											unresolved	no_reliable_reference	346	0	True
vae_candidate_000656	67466894dfa424e0cdec5de861817963d5a5592dea08594dea8f927eb28e5975	True	False	eos	84	83	True	False	False	False	True	0.04078684049980863	0.06381829728796116	False	True	False	[]	True	False	[]	True	False	[]	True	False	[]	True	False	[]	True				excluded	unsupported	fail	83	nat_873dfd59523575571c0b	"[""nat_873dfd59523575571c0b""]"	1	85	148.5	95	73	46	0.6301369863013698	0.8795180722891566	0.8588235294117647	0.5411764705882353	0.45882352941176474	resolved		346	101	True
vae_candidate_000657	0d0e0bc6e72353ec0f6731a903cdcfb1f02d6cc1ffd36872f0796b6c21dee15b	True	False	eos	73	72	True	False	False	False	True	0.01770051732897583	0.06381829728796116	False	True	False	[]	True	False	[]	True	False	[]	True	False	[]	True	False	[]	True				excluded	unsupported	pass	72	nat_cac8cf4903b24e69aca8	"[""nat_cac8cf4903b24e69aca8""]"	1	76	245.5	82	66	55	0.8333333333333334	0.9166666666666666	0.868421052631579	0.7236842105263158	0.2763157894736842	resolved		346	92	True
vae_candidate_000658	8ee00fc195b3fe38910aef89cdde57ffd3ac53fc8438cbdc08a22a402a82146d	True	False	eos	97	96	True	False	False	False	True	0.017982354442184142	0.06381829728796116	False	True	False	[]	True	False	[]	True	False	[]	True	False	[]	True	False	[]	True				excluded	unsupported	pass	96	nat_fa2383cbfbff83286c61	"[""nat_fa2383cbfbff83286c61""]"	1	96	361.5	99	93	81	0.8709677419354839	0.96875	0.96875	0.84375	0.15625	resolved		346	166	True
vae_candidate_000659	0c444b80f71512bcda0d19f20b009416c858e2666305bbb1a1b0ec29e4a2e2d7	True	False	eos	113	112	True	False	False	False	True	0.03217389105116352	0.06381829728796116	False	True	False	[]	True	False	[]	True	False	[]	True	False	[]	True	False	[]	True				excluded	unsupported	fail	112	nat_9fd0842a53e077dc147a	"[""nat_9fd0842a53e077dc147a""]"	1	111	78.5	129	94	39	0.4148936170212766	0.8392857142857143	0.8468468468468469	0.3482142857142857	0.6517857142857143	resolved		346	6	True
vae_candidate_000660	fd56c03cbd674c255de7bcafd33243e4794aeec4ccd3bb0188e000175232ef02	True	False	eos	113	112	True	False	False	False	True	0.024157978430156563	0.06381829728796116	False	True	False	[]	True	False	[]	True	False	[]	True	True	"[{""start"": 6, ""end"": 12, ""length"": 7, ""residue"": ""G""}]"	True	False	[]	True	homopolymer_warning	homopolymer_warning		excluded	unsupported	fail	112	nat_48f4fc548c0153a5775e	"[""nat_48f4fc548c0153a5775e"", ""nat_74aacbad701be1598660""]"	2	96	320.0	116	92	74	0.8043478260869565	0.8214285714285714	0.9583333333333334	0.6607142857142857	0.3392857142857143	resolved		346	95	True
vae_candidate_000661	f983a3ee80865fadd35883fd627b6519959019d730c3c763988f8ee13a3ab9fe	False	True	length_cap	180	180	True	False	True	False	True	0.062162420342601624	0.06381829728796116	False	True	False	[]	True	False	[]	True	False	[]	True	False	[]	True	False	[]	True	generation_cap_warning	generation_cap_warning		excluded	unsupported	fail	180		[]	0											unresolved	no_reliable_reference	346	0	True
vae_candidate_000662	94a3f2b0bde09c30a29513170d3fc0385f9e3de9f33fa5203d5729d0a1b4d777	True	False	eos	94	93	True	False	False	False	True	0.11397001837027315	0.06381829728796116	True	True	False	[]	True	False	[]	True	False	[]	True	False	[]	True	False	[]	True	composition_outlier_warning	composition_outlier_warning		excluded	unsupported	fail	93	nat_3d7fc725cd17cf23a73c	"[""nat_3d7fc725cd17cf23a73c""]"	1	97	10.0	111	79	27	0.34177215189873417	0.8494623655913979	0.8144329896907216	0.27835051546391754	0.7216494845360825	resolved		346	60	True
vae_candidate_000663	44c0c5b9c5adad2b175a9bee05b0145c2e23e67c1fae17cc92099c590d086b1d	True	False	eos	89	88	True	False	False	False	True	0.05821081020482973	0.06381829728796116	False	True	False	[]	True	False	[]	True	False	[]	True	False	[]	True	False	[]	True				excluded	unsupported	fail	88	nat_6b94719ca1a990ee1d8f	"[""nat_6b94719ca1a990ee1d8f"", ""nat_873dfd59523575571c0b""]"	2	87	19.0	104	71	29	0.4084507042253521	0.8068181818181818	0.8160919540229885	0.32954545454545453	0.6704545454545454	resolved		346	91	True
vae_candidate_000664	1b7b0e5c8f9e82d2be451e3432a653e803b13f2d888940e9bca1f8ad33c4859d	True	False	eos	169	168	True	False	False	False	True	0.04577747571708768	0.06381829728796116	False	True	False	[]	True	False	[]	True	False	[]	True	False	[]	True	False	[]	True				excluded	unsupported	fail	168	nat_234ee7db19bcd2cc0f16	"[""nat_234ee7db19bcd2cc0f16"", ""nat_747d60b2bd9f9baa6cfc"", ""nat_8430c66867e7555de5e1""]"	3	157	45.5	189	136	38	0.27941176470588236	0.8095238095238095	0.8662420382165605	0.2261904761904762	0.7738095238095238	resolved		346	4	True
vae_candidate_000665	00696ddb4d09ea367cbd539ff174046c725e013a1f01e64bc1f8ca4c66b008cf	True	False	eos	176	175	True	False	False	False	True	0.017813491367744613	0.06381829728796116	False	True	False	[]	True	False	[]	True	False	[]	True	False	[]	True	False	[]	True				excluded	unsupported	pass	175		[]	0											unresolved	no_reliable_reference	346	0	True
vae_candidate_000667	8cfc50f3db68247fa3cfd72c6f0d2abb0943fe855f92f32d21bee1d7718b8c23	True	False	eos	62	61	True	False	False	False	True	0.15006678348548985	0.06381829728796116	True	True	False	[]	True	False	[]	True	False	[]	True	False	[]	True	False	[]	True	composition_outlier_warning	composition_outlier_warning		excluded	unsupported	fail	61	nat_2708b2500f3eefced6c0	"[""nat_2708b2500f3eefced6c0""]"	1	69	9.5	69	61	18	0.29508196721311475	1.0	0.8840579710144928	0.2608695652173913	0.7391304347826086	resolved		346	3	True
vae_candidate_000668	a74c553df6e79b380d7f8742ac52c846df2a8d4e61dcbb805688f83eba7dadb4	True	False	eos	83	82	True	False	False	False	True	0.026783516793547214	0.06381829728796116	False	True	False	[]	True	False	[]	True	False	[]	True	True	"[{""start"": 6, ""end"": 11, ""length"": 6, ""residue"": ""G""}]"	True	False	[]	True	homopolymer_warning	homopolymer_warning		excluded	unsupported	fail	82	nat_32fcf9c5b6202c499dc1	"[""nat_32fcf9c5b6202c499dc1""]"	1	88	156.5	99	71	41	0.5774647887323944	0.8658536585365854	0.8068181818181818	0.4659090909090909	0.5340909090909092	resolved		346	3	True
vae_candidate_000669	49af773ec5f54cfe159a4e2967c4d5d8b0313f3bf3557a66740ef3e6c79690ad	False	True	length_cap	180	180	True	False	True	False	True	0.03715347735684525	0.06381829728796116	False	True	False	[]	True	False	[]	True	False	[]	True	False	[]	True	False	[]	True	generation_cap_warning	generation_cap_warning		excluded	unsupported	fail	180		[]	0											unresolved	no_reliable_reference	346	0	True
vae_candidate_000670	9af81b9aee479c73d8f0e23af0a7e3750f78d58029020ae87f0207c2c1742603	True	False	eos	135	134	True	False	False	False	True	0.05055019945226827	0.06381829728796116	False	True	False	[]	True	False	[]	True	False	[]	True	False	[]	True	False	[]	True				excluded	unsupported	fail	134	nat_2f6b62c5722bcacabd8e	"[""nat_2f6b62c5722bcacabd8e""]"	1	136	107.0	156	114	45	0.39473684210526316	0.8507462686567164	0.8382352941176471	0.33088235294117646	0.6691176470588236	resolved		346	19	True
vae_candidate_000671	ff2f5733548fca8f55219602a6c981c0e75d62c1493ddceee0b837298eb95ac8	True	False	eos	74	73	True	False	False	False	True	0.04575483487647786	0.06381829728796116	False	True	False	[]	True	False	[]	True	False	[]	True	False	[]	True	False	[]	True				excluded	unsupported	fail	73	nat_38a86b2caad8351d20f8	"[""nat_38a86b2caad8351d20f8""]"	1	70	10.5	83	60	24	0.4	0.821917808219178	0.8571428571428571	0.3287671232876712	0.6712328767123288	resolved		346	41	True
vae_candidate_000673	cc0342b46f466b8c44cf4c36c26f14a0545941a2b58ced555a31604b95fbc055	True	False	eos	94	93	True	False	False	False	True	0.04277365459416136	0.06381829728796116	False	True	False	[]	True	False	[]	True	False	[]	True	False	[]	True	False	[]	True				excluded	unsupported	fail	93	nat_4f811102c58fb8e77080	"[""nat_4f811102c58fb8e77080"", ""nat_5d20f105b230fcb464d1""]"	2	78	167.0	96	75	48	0.64	0.8064516129032258	0.9615384615384616	0.5161290322580645	0.4838709677419355	resolved		346	114	True
vae_candidate_000674	6fadaad38f7b17e6f590ac524eaa045433e4169d50f5389d755349632843ecd8	True	False	eos	72	71	True	False	False	False	True	0.03676314631996392	0.06381829728796116	False	True	False	[]	True	False	[]	True	False	[]	True	False	[]	True	False	[]	True				excluded	unsupported	fail	71	nat_1ed909a554bd91f8870f	"[""nat_1ed909a554bd91f8870f""]"	1	73	161.0	75	69	39	0.5652173913043478	0.971830985915493	0.9452054794520548	0.5342465753424658	0.4657534246575342	resolved		346	84	True
vae_candidate_000675	4c60bddadec5a27f261a495dc10435d2df985a19407b08ef9ef7b0acd59e1aa6	True	False	eos	83	82	True	False	False	False	True	0.024905186544323252	0.06381829728796116	False	True	False	[]	True	False	[]	True	False	[]	True	False	[]	True	False	[]	True				excluded	unsupported	pass	82	nat_144165ea4d3ea8a64b2e	"[""nat_144165ea4d3ea8a64b2e"", ""nat_1f956fdbc151f2ec0ffb"", ""nat_4482775e0979509e45d2"", ""nat_92d7d81f95603487cd9c"", ""nat_c468502803b4ab5981f1""]"	5	95	270.0	101	76	62	0.8157894736842105	0.926829268292683	0.8	0.6526315789473685	0.34736842105263155	resolved		346	164	True
vae_candidate_000676	b1ad770d3aaf52b9b6f063729633d213cdca45339bc8598a00990e5274e93e50	True	False	eos	107	106	True	False	False	False	True	0.011306061509377385	0.06381829728796116	False	True	False	[]	True	False	[]	True	False	[]	True	False	[]	True	False	[]	True				excluded	unsupported	pass	106	nat_86af2bea85657bdc848a	"[""nat_86af2bea85657bdc848a"", ""nat_dc6aa26cbe06c32b68c2""]"	2	93	255.0	113	86	66	0.7674418604651163	0.8113207547169812	0.9247311827956989	0.6226415094339622	0.37735849056603776	resolved		346	59	True
vae_candidate_000677	250d0633702297b018d31c3e0fc802b9505528ba179acf684cfbb1295df38ce9	True	False	eos	138	137	True	False	False	False	True	0.042120068657474516	0.06381829728796116	False	True	False	[]	True	False	[]	True	False	[]	True	True	"[{""start"": 7, ""end"": 13, ""length"": 7, ""residue"": ""G""}]"	True	False	[]	True	homopolymer_warning	homopolymer_warning		excluded	unsupported	pass	137	nat_2f6b62c5722bcacabd8e	"[""nat_2f6b62c5722bcacabd8e""]"	1	136	278.5	154	119	77	0.6470588235294118	0.8686131386861314	0.875	0.5620437956204379	0.43795620437956206	resolved		346	94	True
vae_candidate_000678	ab23d3da21a2a7686a16f57e39e0ff820b632d6dcee45b022f27f59bfbf68a65	True	False	eos	88	87	True	False	False	False	True	0.040781866187839924	0.06381829728796116	False	True	False	[]	True	False	[]	True	False	[]	True	False	[]	True	False	[]	True				excluded	unsupported	fail	87	nat_0a6194eed91a047cb43e	"[""nat_0a6194eed91a047cb43e"", ""nat_1f1d6fdb82f348ed948e""]"	2	84	15.0	101	70	21	0.3	0.8045977011494253	0.8333333333333334	0.2413793103448276	0.7586206896551724	resolved		346	5	True
vae_candidate_000679	55f9e67eddc34ed21d7af3a126dc1ad8dc0b14c5a42b22124395bc19182139da	True	False	eos	71	70	True	False	False	False	True	0.029652326607919447	0.06381829728796116	False	True	False	[]	True	False	[]	True	False	[]	True	False	[]	True	False	[]	True				excluded	unsupported	pass	70	nat_1ed909a554bd91f8870f	"[""nat_1ed909a554bd91f8870f""]"	1	73	246.5	78	65	55	0.8461538461538461	0.9285714285714286	0.8904109589041096	0.7534246575342466	0.2465753424657534	resolved		346	70	True
vae_candidate_000680	be47c5b2821a63fd784bab45041f31578961c3269dffa0a56f5d7f35818bc530	True	False	eos	95	94	True	False	False	False	True	0.07861994422284144	0.06381829728796116	True	True	False	[]	True	False	[]	True	False	[]	True	False	[]	True	False	[]	True	composition_outlier_warning	composition_outlier_warning		excluded	unsupported	fail	94	nat_84eddb9c9ecca10afd5a	"[""nat_84eddb9c9ecca10afd5a""]"	1	99	16.5	111	82	22	0.2682926829268293	0.8723404255319149	0.8282828282828283	0.2222222222222222	0.7777777777777778	resolved		346	1	True
vae_candidate_000681	652dcd88e6e96d75d7cfc64ca1f2b922623fc501ff371cd7f9408e5e364fbb52	True	False	eos	82	81	True	False	False	False	True	0.038805938890722896	0.06381829728796116	False	True	False	[]	True	False	[]	True	False	[]	True	False	[]	True	False	[]	True				excluded	unsupported	pass	81	nat_75679c0d4db585656573	"[""nat_75679c0d4db585656573"", ""nat_b5ccff48f879b7cc34ad""]"	2	92	252.0	93	80	59	0.7375	0.9876543209876543	0.8695652173913043	0.6413043478260869	0.3586956521739131	resolved		346	216	True
vae_candidate_000682	3b40be25ebb441da3f25bdb6c3ee5461fb0293526385eb8f174914982231fd1b	True	False	eos	120	119	True	False	False	False	True	0.02338279933501765	0.06381829728796116	False	True	False	[]	True	False	[]	True	False	[]	True	False	[]	True	False	[]	True				excluded	unsupported	fail	119	nat_c74d6e1106797b3a3d0f	"[""nat_c74d6e1106797b3a3d0f""]"	1	133	157.0	145	107	51	0.4766355140186916	0.8991596638655462	0.8045112781954887	0.38345864661654133	0.6165413533834587	resolved		346	6	True
vae_candidate_000683	df378e3927fdcdbd3a29229d57b4772daa27c7373e680dcf685d2a7ebf8e798b	True	False	eos	94	93	True	False	False	False	True	0.012876152856862454	0.06381829728796116	False	True	False	[]	True	False	[]	True	False	[]	True	False	[]	True	False	[]	True				excluded	unsupported	pass	93	nat_c468502803b4ab5981f1	"[""nat_c468502803b4ab5981f1"", ""nat_d07d112598796fe30d76"", ""nat_d5d6f3cedb33fb3328b6""]"	3	95	397.5	95	93	82	0.8817204301075269	1.0	0.9789473684210527	0.8631578947368421	0.13684210526315788	resolved		346	182	True
vae_candidate_000684	e8b39de4d1afaaa8dcdd8e83300fcfedcb61a318080dcac76e891260d5949137	True	False	eos	176	175	True	False	False	False	True	0.027523094529578823	0.06381829728796116	False	True	False	[]	True	False	[]	True	False	[]	True	False	[]	True	False	[]	True				excluded	unsupported	pass	175	nat_25ee00a9c2b4e74f79dd	"[""nat_25ee00a9c2b4e74f79dd""]"	1	155	214.5	189	141	72	0.5106382978723404	0.8057142857142857	0.9096774193548387	0.4114285714285714	0.5885714285714285	resolved		346	31	True
vae_candidate_000686	ef8048ff58daa1be2ea707510cde18fd4935587d130472960fbde6349fef4191	True	False	eos	96	95	True	False	False	False	True	0.07545224835108624	0.06381829728796116	True	True	False	[]	True	False	[]	True	False	[]	True	False	[]	True	False	[]	True	composition_outlier_warning	composition_outlier_warning		excluded	unsupported	fail	95	nat_dbcea97f4e8354ba3556	"[""nat_dbcea97f4e8354ba3556""]"	1	94	35.5	113	76	27	0.35526315789473684	0.8	0.8085106382978723	0.28421052631578947	0.7157894736842105	resolved		346	5	True
vae_candidate_000687	850e2b2251223d46b72a698da3b64c96b9ac4f484739ff2339bac81f3b1cffdd	True	False	eos	131	130	True	False	False	False	True	0.02714699825352591	0.06381829728796116	False	True	False	[]	True	False	[]	True	False	[]	True	False	[]	True	False	[]	True				main_supported_gvpa	supported_gvpa	pass	130	nat_8a4162d5996844339fef	"[""nat_8a4162d5996844339fef"", ""nat_942bc0624c6f9016a403""]"	2	135	199.0	152	113	62	0.5486725663716814	0.8692307692307693	0.837037037037037	0.45925925925925926	0.5407407407407407	resolved		346	69	True
vae_candidate_000688	10c96751ee175a47ad117df479bbfc4b0ef524870761f6a2b11a182af2d05b83	True	False	eos	61	60	True	False	False	False	True	0.04769652407264241	0.06381829728796116	False	True	False	[]	True	False	[]	True	False	[]	True	False	[]	True	False	[]	True				excluded	unsupported	fail	60		[]	0											unresolved	no_reliable_reference	346	0	True
vae_candidate_000689	8d88d591eabe13ae2f084a670a910ad3f5a9d5c4b469816460dadec1fdbc041d	True	False	eos	127	126	True	False	False	False	True	0.0287492942040806	0.06381829728796116	False	True	False	[]	True	False	[]	True	False	[]	True	False	[]	True	False	[]	True				excluded	unsupported	fail	126	nat_0ccad4d436403131ae6a	"[""nat_0ccad4d436403131ae6a"", ""nat_6ee0ebbf185af1c7d346""]"	2	135	204.0	143	118	65	0.5508474576271186	0.9365079365079365	0.8740740740740741	0.48148148148148145	0.5185185185185186	resolved		346	32	True
vae_candidate_000690	2f9c523747f686dd38a9f66c452b33df53b1ca912775b55b7623f6f14bea126b	True	False	eos	67	66	True	False	False	False	True	0.04774776736288395	0.06381829728796116	False	True	False	[]	True	False	[]	True	False	[]	True	False	[]	True	False	[]	True				excluded	unsupported	fail	66	nat_8d6274f78693091697cf	"[""nat_8d6274f78693091697cf""]"	1	70	150.0	73	63	39	0.6190476190476191	0.9545454545454546	0.9	0.5571428571428572	0.44285714285714284	resolved		346	63	True
vae_candidate_000691	bd793ec102ccc0cb4ceb48b30042768c0a1206efbf8d942243e83ef68e84d0a5	True	False	eos	130	129	True	False	False	False	True	0.015061740702805712	0.06381829728796116	False	True	False	[]	True	False	[]	True	False	[]	True	False	[]	True	False	[]	True				excluded	unsupported	pass	129		[]	0											unresolved	no_reliable_reference	346	0	True
vae_candidate_000692	44bde09ce12698b44eb0a0714f30c2b22b8784a41a4926eb3f54a6bcab006b7a	True	False	eos	97	96	True	False	False	False	True	0.02771433379337837	0.06381829728796116	False	True	False	[]	True	False	[]	True	False	[]	True	False	[]	True	False	[]	True				excluded	unsupported	fail	96	nat_1f956fdbc151f2ec0ffb	"[""nat_1f956fdbc151f2ec0ffb"", ""nat_a49cfe7d33cec22c3905"", ""nat_a7791ad55c70e7fd3462""]"	3	95	210.0	112	79	61	0.7721518987341772	0.8229166666666666	0.8315789473684211	0.6354166666666666	0.36458333333333337	resolved		346	149	True
vae_candidate_000693	f8065cdb93421774cf759f272d7ae5833a108aeb71a4cdab70dee2e294e9945b	True	False	eos	108	107	True	False	False	False	True	0.0221691108996179	0.06381829728796116	False	True	False	[]	True	False	[]	True	False	[]	True	True	"[{""start"": 15, ""end"": 20, ""length"": 6, ""residue"": ""G""}]"	True	False	[]	True	homopolymer_warning	homopolymer_warning		excluded	unsupported	pass	107		[]	0											unresolved	no_reliable_reference	346	0	True
vae_candidate_000694	30e77652ef82860186a99498cd0d4d3cd88f5204b1d7277164ff8a304426e17e	False	True	length_cap	180	180	True	False	True	False	True	0.022723007257589002	0.06381829728796116	False	True	False	[]	True	False	[]	True	False	[]	True	False	[]	True	False	[]	True	generation_cap_warning	generation_cap_warning		excluded	unsupported	pass	180	nat_25ee00a9c2b4e74f79dd	"[""nat_25ee00a9c2b4e74f79dd""]"	1	155	166.0	191	144	67	0.4652777777777778	0.8	0.9290322580645162	0.37222222222222223	0.6277777777777778	resolved		346	2	True
vae_candidate_000695	125a36b64a9f950c31a46f2433f974337f68cea3e2d95977d15fe59e970be8e7	True	False	eos	99	98	True	False	False	False	True	0.041446001429786106	0.06381829728796116	False	True	False	[]	True	False	[]	True	False	[]	True	False	[]	True	False	[]	True				excluded	unsupported	fail	98		[]	0											unresolved	no_reliable_reference	346	0	True
vae_candidate_000697	ebe7673ac0fd32e29ba706841eccd7ccbe155541cae06ad1a25bae533bc000cb	True	False	eos	66	65	True	False	False	False	True	0.116479964685015	0.06381829728796116	True	True	False	[]	True	False	[]	True	False	[]	True	False	[]	True	False	[]	True	composition_outlier_warning	composition_outlier_warning		excluded	unsupported	fail	65		[]	0											unresolved	no_reliable_reference	346	0	True
vae_candidate_000698	6296b850f0b87ea87547668a818be052d85ba4b2f93451410c856c4a70482a62	True	False	eos	67	66	True	False	False	False	True	0.03514167289934966	0.06381829728796116	False	True	False	[]	True	False	[]	True	False	[]	True	False	[]	True	False	[]	True				excluded	unsupported	fail	66	nat_38a86b2caad8351d20f8	"[""nat_38a86b2caad8351d20f8"", ""nat_505ccb0a3946a89f0437"", ""nat_a1131689eff9ccc2bc1c"", ""nat_d43d1d5ec03e055dcf06"", ""nat_eccab6536bed142192aa""]"	5	70	79.5	80	56	31	0.5535714285714286	0.8484848484848485	0.8	0.44285714285714284	0.5571428571428572	resolved		346	18	True
vae_candidate_000699	b4efc4b82799778eea964ea842ce41d56ec39d78d980e9a14f5e2a3ead16ce49	True	False	eos	102	101	True	False	False	False	True	0.0898781087979818	0.06381829728796116	True	True	False	[]	True	False	[]	True	False	[]	True	False	[]	True	False	[]	True	composition_outlier_warning	composition_outlier_warning		excluded	unsupported	fail	101	nat_3d7fc725cd17cf23a73c	"[""nat_3d7fc725cd17cf23a73c"", ""nat_c7cb28cf54b6a88ff785""]"	2	97	25.5	116	82	30	0.36585365853658536	0.8118811881188119	0.845360824742268	0.297029702970297	0.7029702970297029	resolved		346	100	True
vae_candidate_000700	5dd3eac78d4815c437c68504717b8fc1f392d057741c2aec5a9c75a000846c38	True	False	eos	159	158	True	False	False	False	True	0.017681139723904223	0.06381829728796116	False	True	False	[]	True	False	[]	True	False	[]	True	False	[]	True	False	[]	True				excluded	unsupported	pass	158	nat_25ee00a9c2b4e74f79dd	"[""nat_25ee00a9c2b4e74f79dd""]"	1	155	154.5	181	132	57	0.4318181818181818	0.8354430379746836	0.8516129032258064	0.36075949367088606	0.639240506329114	resolved		346	34	True
vae_candidate_000702	8650c4a48fd28d416a46571b0abf6fbb75b98ff7563f7b444256dadee4dc556a	True	False	eos	100	99	True	False	False	False	True	0.05661795099246551	0.06381829728796116	False	True	False	[]	True	False	[]	True	False	[]	True	False	[]	True	False	[]	True				excluded	unsupported	pass	99		[]	0											unresolved	no_reliable_reference	346	0	True
vae_candidate_000703	cb0e4ca8b6f658f0ee875fad485699c1f8d6006ae8113fa3bdf441abdc334c40	True	False	eos	75	74	True	False	False	False	True	0.027197256502366388	0.06381829728796116	False	True	False	[]	True	False	[]	True	False	[]	True	False	[]	True	False	[]	True				excluded	unsupported	pass	74	nat_1ed909a554bd91f8870f	"[""nat_1ed909a554bd91f8870f""]"	1	73	239.0	79	68	55	0.8088235294117647	0.918918918918919	0.9315068493150684	0.7432432432432432	0.2567567567567568	resolved		346	96	True
vae_candidate_000704	f685b11884819bc3a328b04363d7c5e840f6606925f7d150be590b0bd4784a5f	True	False	eos	114	113	True	False	False	False	True	0.030423362485794008	0.06381829728796116	False	True	False	[]	True	False	[]	True	False	[]	True	False	[]	True	False	[]	True				ambiguous_exploration	gvpa_gvpj_ambiguous	pass	113	nat_461115b7000bfd74f566	"[""nat_461115b7000bfd74f566"", ""nat_4d4e00d31d935ed0527d"", ""nat_4e9e86277af05dbd050d"", ""nat_8d29ff35edf68fc809de"", ""nat_9fda348180c612303cdb"", ""nat_fca422d4ddd5dcd65605""]"	6	96	211.0	117	92	59	0.6413043478260869	0.8141592920353983	0.9583333333333334	0.5221238938053098	0.47787610619469023	resolved		346	115	True
vae_candidate_000705	b8ced9d5027629cf0bb333603a0a0bfd19616568bf34fab6f8e12976c387ff91	False	True	length_cap	180	180	True	False	True	False	True	0.033952250611500465	0.06381829728796116	False	True	False	[]	True	False	[]	True	False	[]	True	False	[]	True	False	[]	True	generation_cap_warning	generation_cap_warning		excluded	unsupported	fail	180		[]	0											unresolved	no_reliable_reference	346	0	True
vae_candidate_000706	9d6c2e9076b3096c03e8b10dcf8878b46131b5578d2c25064e9f1314fa719ea9	True	False	eos	84	83	True	False	False	False	True	0.03288890209626014	0.06381829728796116	False	True	False	[]	True	False	[]	True	False	[]	True	False	[]	True	False	[]	True				excluded	unsupported	fail	83	nat_1f956fdbc151f2ec0ffb	"[""nat_1f956fdbc151f2ec0ffb"", ""nat_d80e058d93177215aa4b""]"	2	95	169.5	100	78	49	0.6282051282051282	0.9397590361445783	0.8210526315789474	0.5157894736842106	0.4842105263157894	resolved		346	156	True
vae_candidate_000707	7c3d4861bb244b27a6a62fc5f780ee670d507e773f270652e5e0e749e1aaecd2	True	False	eos	157	156	True	False	False	False	True	0.016374640975293994	0.06381829728796116	False	True	False	[]	True	False	[]	True	False	[]	True	False	[]	True	False	[]	True				excluded	unsupported	pass	156		[]	0											unresolved	no_reliable_reference	346	0	True
vae_candidate_000708	83652a9dc7096b309b233cd7833ac3962bdc500f8770c949ae04af3d0c92941b	True	False	eos	168	167	True	False	False	False	True	0.04775933159632438	0.06381829728796116	False	True	False	[]	True	False	[]	True	False	[]	True	False	[]	True	False	[]	True				excluded	unsupported	pass	167	nat_619107fa48650be1a768	"[""nat_619107fa48650be1a768"", ""nat_e3ae3cb5783250fb742f""]"	2	156	208.0	188	135	74	0.5481481481481482	0.8083832335329342	0.8653846153846154	0.4431137724550898	0.5568862275449102	resolved		346	80	True
vae_candidate_000709	bc625d467e519e083ff2901807da63327b2c43805a98481b139aff474e8278a5	True	False	eos	178	177	True	False	False	False	True	0.03625976822223858	0.06381829728796116	False	True	False	[]	True	False	[]	True	False	[]	True	False	[]	True	False	[]	True				excluded	unsupported	fail	177		[]	0											unresolved	no_reliable_reference	346	0	True
vae_candidate_000710	953563754855762255e73cc8937ce3730fabb8a2433376e8cded4b2860a9e52d	True	False	eos	104	103	True	False	False	False	True	0.06626499958171508	0.06381829728796116	True	True	False	[]	True	False	[]	True	False	[]	True	False	[]	True	False	[]	True	composition_outlier_warning	composition_outlier_warning		excluded	unsupported	fail	103	nat_dc2b0da282a1a334132b	"[""nat_dc2b0da282a1a334132b""]"	1	102	44.0	118	87	28	0.3218390804597701	0.8446601941747572	0.8529411764705882	0.27184466019417475	0.7281553398058253	resolved		346	3	True
vae_candidate_000711	743f8b448f09a66d152c0ffe58f9c9a97bef32fc4c30c6f5049b049f2fcd4262	True	False	eos	63	62	True	False	False	False	True	0.09585774641386433	0.06381829728796116	True	True	False	[]	True	False	[]	True	False	[]	True	False	[]	True	False	[]	True	composition_outlier_warning	composition_outlier_warning		excluded	unsupported	fail	62	nat_6b39f5a7fb6bca78b4de	"[""nat_6b39f5a7fb6bca78b4de"", ""nat_c8ff85651c16b5c02641""]"	2	68	9.0	73	57	18	0.3157894736842105	0.9193548387096774	0.8382352941176471	0.2647058823529412	0.7352941176470589	resolved		346	9	True
vae_candidate_000712	70f438185e5ee155d81a84a8ac6c0096189a9a0598b6d181d9a6dfc616db7e6b	True	False	eos	155	154	True	False	False	False	True	0.01981911253840603	0.06381829728796116	False	True	False	[]	True	False	[]	True	False	[]	True	False	[]	True	False	[]	True				excluded	unsupported	fail	154	nat_9c754b1740d1977b7a29	"[""nat_9c754b1740d1977b7a29""]"	1	155	215.5	181	128	79	0.6171875	0.8311688311688312	0.8258064516129032	0.5096774193548387	0.4903225806451613	resolved		346	83	True
vae_candidate_000713	8c2a71871cbc7a369a1febb61bfb8a97b2e2f71fe4094d2c97fd13ed6a9293b6	True	False	eos	99	98	True	False	False	False	True	0.03899343283103115	0.06381829728796116	False	True	False	[]	True	False	[]	True	False	[]	True	False	[]	True	False	[]	True				excluded	unsupported	fail	98	nat_0ae199fc6d044a2da135	"[""nat_0ae199fc6d044a2da135"", ""nat_67dd37821af98e87666e"", ""nat_7ee1d64f80049d71603c""]"	3	95	210.0	114	79	59	0.7468354430379747	0.8061224489795918	0.8315789473684211	0.6020408163265306	0.3979591836734694	resolved		346	100	True
vae_candidate_000714	c4d3291f00de8d60e35e472c4c31ef0b9b77d67d208533a24859a054e92d4896	True	False	eos	71	70	True	False	False	False	True	0.036801671079709206	0.06381829728796116	False	True	False	[]	True	False	[]	True	False	[]	True	False	[]	True	False	[]	True				excluded	unsupported	fail	70		[]	0											unresolved	no_reliable_reference	346	0	True
vae_candidate_000715	2c40308b22edeffbd13b3142a97c89b20cf0c98b219598aff7113591d8c288de	True	False	eos	96	95	True	False	False	False	True	0.02192762681338197	0.06381829728796116	False	True	False	[]	True	False	[]	True	False	[]	True	False	[]	True	False	[]	True				main_supported_gvpa	supported_gvpa	pass	95	nat_c468502803b4ab5981f1	"[""nat_c468502803b4ab5981f1"", ""nat_d5d6f3cedb33fb3328b6"", ""nat_edcfcd19baadeee00eaf""]"	3	95	351.0	100	90	80	0.8888888888888888	0.9473684210526315	0.9473684210526315	0.8421052631578947	0.1578947368421053	resolved		346	184	True
vae_candidate_000716	26a9475c9ed04713889e9a47de0fdbe4cf9fa9bfe76a3849a4ecc4541c90004e	True	False	eos	73	72	True	False	False	False	True	0.12346782986568772	0.06381829728796116	True	True	False	[]	True	False	[]	True	False	[]	True	True	"[{""start"": 29, ""end"": 36, ""length"": 8, ""residue"": ""G""}]"	True	False	[]	True	composition_outlier_warning;homopolymer_warning	composition_outlier_warning;homopolymer_warning		excluded	unsupported	fail	72		[]	0											unresolved	no_reliable_reference	346	0	True
vae_candidate_000717	701fbb492de696760d694345232acf413599565b6da197a1a2acf825589499f7	True	False	eos	102	101	True	False	False	False	True	0.011001926916578626	0.06381829728796116	False	True	False	[]	True	False	[]	True	False	[]	True	False	[]	True	False	[]	True				excluded	unsupported	pass	101	nat_86af2bea85657bdc848a	"[""nat_86af2bea85657bdc848a""]"	1	93	339.5	101	93	80	0.8602150537634409	0.9207920792079208	1.0	0.7920792079207921	0.20792079207920788	resolved		346	158	True
vae_candidate_000718	4576af7375c9e75e30bd2e8f4c7f27a1d57c8dae679271d2062ad6dbb1c98d91	True	False	eos	113	112	True	False	False	False	True	0.01919988552517194	0.06381829728796116	False	True	False	[]	True	False	[]	True	False	[]	True	False	[]	True	False	[]	True				ambiguous_exploration	gvpa_gvpj_ambiguous	pass	112	nat_4b58b860e36e01bdb682	"[""nat_4b58b860e36e01bdb682"", ""nat_7d45d6cf3df5d3d36985"", ""nat_8f3e753527c876cd94f0"", ""nat_acb38079c01f07d0de6f"", ""nat_bf5abb4d953e0d6aaa1f"", ""nat_c468502803b4ab5981f1""]"	6	95	234.5	116	91	59	0.6483516483516484	0.8125	0.9578947368421052	0.5267857142857143	0.4732142857142857	resolved		346	106	True
vae_candidate_000719	d317a2d7cb3749d93cf2da0038a55447aab0d6aa4b312f5056e03db0e2d613a1	False	True	length_cap	180	180	True	False	True	False	True	0.09002480945896908	0.06381829728796116	True	True	False	[]	True	False	[]	True	False	[]	True	False	[]	True	False	[]	True	composition_outlier_warning;generation_cap_warning	composition_outlier_warning;generation_cap_warning		excluded	unsupported	fail	180		[]	0											unresolved	no_reliable_reference	346	0	True
vae_candidate_000720	cfadd656c58fb12b6474eec45549b42a28a12b1873e447eb3b0463b78d9eb85f	False	True	length_cap	180	180	True	False	True	False	True	0.056091184532388066	0.06381829728796116	False	True	False	[]	True	False	[]	True	False	[]	True	False	[]	True	False	[]	True	generation_cap_warning	generation_cap_warning		excluded	unsupported	fail	180	nat_9c754b1740d1977b7a29	"[""nat_9c754b1740d1977b7a29"", ""nat_fb2578ea0ecaed2ea0af""]"	2	155	146.0	191	144	55	0.3819444444444444	0.8	0.9290322580645162	0.3055555555555556	0.6944444444444444	resolved		346	16	True
vae_candidate_000721	61c0efe2db67758a940aeaf0ee0f15c840617e8810d53c23d948994ea152d657	True	False	eos	118	117	True	False	False	False	True	0.02335068457575166	0.06381829728796116	False	True	False	[]	True	False	[]	True	False	[]	True	True	"[{""start"": 90, ""end"": 96, ""length"": 7, ""residue"": ""E""}]"	True	False	[]	True	homopolymer_warning	homopolymer_warning		excluded	unsupported	fail	117	nat_4a87fc740463a61b2d05	"[""nat_4a87fc740463a61b2d05"", ""nat_b28a6bed955c267791e6""]"	2	109	168.5	125	101	52	0.5148514851485149	0.8632478632478633	0.926605504587156	0.4444444444444444	0.5555555555555556	resolved		346	4	True
vae_candidate_000722	03237831790c45a681f73d5aa5c3c59beb9c42b3fe82b579c9688e566da0b215	True	False	eos	78	77	True	False	False	False	True	0.04036268477282434	0.06381829728796116	False	True	False	[]	True	False	[]	True	False	[]	True	False	[]	True	False	[]	True				excluded	unsupported	pass	77	nat_62b65b4bdaad5382b6fd	"[""nat_62b65b4bdaad5382b6fd""]"	1	76	166.0	84	69	43	0.6231884057971014	0.8961038961038961	0.9078947368421053	0.5584415584415584	0.4415584415584416	resolved		346	81	True
vae_candidate_000723	3388fee23b71400ac7ca7d31ecb03c0f07431cc990b291a0b9ddfc683363e71f	True	False	eos	78	77	True	False	False	False	True	0.05183144918871793	0.06381829728796116	False	True	False	[]	True	False	[]	True	False	[]	True	False	[]	True	False	[]	True				excluded	unsupported	fail	77	nat_f7dbe09f7bde0afd3543	"[""nat_f7dbe09f7bde0afd3543""]"	1	76	70.0	90	63	31	0.49206349206349204	0.8181818181818182	0.8289473684210527	0.4025974025974026	0.5974025974025974	resolved		346	73	True
vae_candidate_000724	9c3f213ae090c22d4e4e039b419b44b640654d4bc280a3c3d6ce77a1c283bd17	True	False	eos	109	108	True	False	False	False	True	0.015953853583688424	0.06381829728796116	False	True	False	[]	True	False	[]	True	False	[]	True	False	[]	True	False	[]	True				excluded	unsupported	pass	108		[]	0											unresolved	no_reliable_reference	346	0	True
vae_candidate_000725	6bd16f0d4c43888e8b4d3e86cda7eb44dc76a7aead70da852936992bb6ea4ba2	True	False	eos	72	71	True	False	False	False	True	0.04145020683135906	0.06381829728796116	False	True	False	[]	True	False	[]	True	False	[]	True	False	[]	True	False	[]	True				excluded	unsupported	pass	71	nat_d43d1d5ec03e055dcf06	"[""nat_d43d1d5ec03e055dcf06""]"	1	70	256.0	71	70	56	0.8	0.9859154929577465	1.0	0.7887323943661971	0.21126760563380287	resolved		346	84	True
vae_candidate_000726	64d6dbcd95987fa7aa90ce848a327d3d97ca3aeba8904517c6367719a4253881	True	False	eos	64	63	True	False	False	False	True	0.06094348007575008	0.06381829728796116	False	True	False	[]	True	False	[]	True	False	[]	True	False	[]	True	False	[]	True				excluded	unsupported	fail	63		[]	0											unresolved	no_reliable_reference	346	0	True
vae_candidate_000727	ee1bc7d1ee6039228eaac646e0a2cd3a34ef6748b6bbeeb1e79fc2a1c8523f40	True	False	eos	100	99	True	False	False	False	True	0.03883027113889147	0.06381829728796116	False	True	False	[]	True	False	[]	True	False	[]	True	False	[]	True	False	[]	True				ambiguous_exploration	gvpa_gvpj_ambiguous	pass	99	nat_1f7ab0dfc808b4ef03c3	"[""nat_1f7ab0dfc808b4ef03c3"", ""nat_8f3e753527c876cd94f0"", ""nat_a49cfe7d33cec22c3905"", ""nat_b5ccff48f879b7cc34ad""]"	4	95	183.5	102	92	51	0.5543478260869565	0.9292929292929293	0.968421052631579	0.5151515151515151	0.48484848484848486	resolved		346	154	True
vae_candidate_000728	101be483950767fec12e267aca1e1a104e688af308d5f7edce1d02743813ab5e	True	False	eos	96	95	True	False	False	False	True	0.03303548406091555	0.06381829728796116	False	True	False	[]	True	False	[]	True	False	[]	True	False	[]	True	False	[]	True				excluded	unsupported	fail	95	nat_3beea3bf721df3e90ae2	"[""nat_3beea3bf721df3e90ae2"", ""nat_4d4e00d31d935ed0527d"", ""nat_b14dbbd56a14a6238029"", ""nat_edc787924d6392f7c1f5""]"	4	94	70.5	111	78	36	0.46153846153846156	0.8210526315789474	0.8297872340425532	0.37894736842105264	0.6210526315789473	resolved		346	69	True
vae_candidate_000729	81e24ccc97a6033e2742a61c475fa67420edb93c31890ecea789f3583826bbbf	True	False	eos	81	80	True	False	False	False	True	0.04491769539543922	0.06381829728796116	False	True	False	[]	True	False	[]	True	False	[]	True	False	[]	True	False	[]	True				excluded	unsupported	fail	80		[]	0											unresolved	no_reliable_reference	346	0	True
vae_candidate_000730	52dc0886a1fda13cf4dff46e85cae553d04f99a9a81f6504b6dbf3ee4a4d8c22	True	False	eos	115	114	True	False	False	False	True	0.12786677307385366	0.06381829728796116	True	True	False	[]	True	False	[]	True	False	[]	True	False	[]	True	False	[]	True	composition_outlier_warning	composition_outlier_warning		excluded	unsupported	fail	114	nat_c5a4c69d0879da5e6614	"[""nat_c5a4c69d0879da5e6614""]"	1	97	0.5	119	92	23	0.25	0.8070175438596491	0.9484536082474226	0.20175438596491227	0.7982456140350878	resolved		346	2	True
vae_candidate_000732	5f692e4fe9c461fd9634a4bdfe3498d92a55ad195ea440d7c3062c0fbb267992	True	False	eos	92	91	True	False	False	False	True	0.059663007219017405	0.06381829728796116	False	True	False	[]	True	False	[]	True	False	[]	True	False	[]	True	False	[]	True				excluded	unsupported	fail	91		[]	0											unresolved	no_reliable_reference	346	0	True
vae_candidate_000733	b06c5efb358a0c4a984a44a898c43a161e51bcae3c7e4361c48f89624d6a8fe0	True	False	eos	89	88	True	False	False	False	True	0.0214648246393346	0.06381829728796116	False	True	False	[]	True	False	[]	True	False	[]	True	False	[]	True	False	[]	True				excluded	unsupported	pass	88	nat_c8490949e18e771ed8c8	"[""nat_c8490949e18e771ed8c8""]"	1	94	234.5	99	83	59	0.7108433734939759	0.9431818181818182	0.8829787234042553	0.6276595744680851	0.37234042553191493	resolved		346	197	True
vae_candidate_000734	a67e24fd0359d23477c30675fbdafc66c629cfb56d65fa69525087c9051e1de1	True	False	eos	75	74	True	False	False	False	True	0.026207541310745885	0.06381829728796116	False	True	False	[]	True	False	[]	True	False	[]	True	False	[]	True	False	[]	True				excluded	unsupported	fail	74	nat_3cc2cb889cfdbbcaa17b	"[""nat_3cc2cb889cfdbbcaa17b"", ""nat_61a382d08777524701b3"", ""nat_ac44a557fbffad89a437""]"	3	72	70.5	86	60	29	0.48333333333333334	0.8108108108108109	0.8333333333333334	0.3918918918918919	0.6081081081081081	resolved		346	40	True
vae_candidate_000735	ad2e23145ad3da49354bfba694125076beda08fe2381bfa61ab57c6e49f2ea4b	True	False	eos	66	65	True	False	False	False	True	0.060452912635234515	0.06381829728796116	False	True	False	[]	True	False	[]	True	False	[]	True	False	[]	True	False	[]	True				excluded	unsupported	fail	65	nat_8d6274f78693091697cf	"[""nat_8d6274f78693091697cf""]"	1	70	120.0	79	56	40	0.7142857142857143	0.8615384615384616	0.8	0.5714285714285714	0.4285714285714286	resolved		346	35	True
vae_candidate_000736	fae8a2d14607c2a7f49d4fa7790e8f0a97f23a59043c752fdcfb91b61a220e9c	True	False	eos	163	162	True	False	False	False	True	0.02701125301835907	0.06381829728796116	False	True	False	[]	True	False	[]	True	False	[]	True	False	[]	True	False	[]	True				excluded	unsupported	fail	162	nat_1cefe08dae83aa5bd96d	"[""nat_1cefe08dae83aa5bd96d""]"	1	156	219.0	186	132	74	0.5606060606060606	0.8148148148148148	0.8461538461538461	0.4567901234567901	0.5432098765432098	resolved		346	61	True
vae_candidate_000737	a28f2e975a99ee11ad5bb431123291ea92bbbc7667bb32a77650bfe1518c0586	True	False	eos	105	104	True	False	False	False	True	0.013839465522901686	0.06381829728796116	False	True	False	[]	True	False	[]	True	False	[]	True	False	[]	True	False	[]	True				ambiguous_exploration	gvpa_gvpj_ambiguous	pass	104	nat_8f3e753527c876cd94f0	"[""nat_8f3e753527c876cd94f0""]"	1	95	392.0	104	95	87	0.9157894736842105	0.9134615384615384	1.0	0.8365384615384616	0.16346153846153844	resolved		346	155	True
vae_candidate_000738	6a02e5d9b5d476918e46b9578b830faf10dcd121a3d107252496a70e02ab5e84	True	False	eos	55	54	True	False	False	False	True	0.03396403886399663	0.06381829728796116	False	True	False	[]	True	False	[]	True	False	[]	True	False	[]	True	False	[]	True				excluded	unsupported	fail	54		[]	0											unresolved	no_reliable_reference	346	0	True
vae_candidate_000739	e0f5519c2ea57fe97bb7ae08ba45e09eaa654c04551553fb855c030f094b3470	True	False	eos	142	141	True	False	False	False	True	0.033859018253554855	0.06381829728796116	False	True	False	[]	True	False	[]	True	False	[]	True	False	[]	True	False	[]	True				excluded	unsupported	fail	141		[]	0											unresolved	no_reliable_reference	346	0	True
vae_candidate_000740	14e1d73781016c3415d12e266ea8558c104f22f35b33bf8db0746161b03921c1	True	False	eos	116	115	True	False	False	False	True	0.040343575024929995	0.06381829728796116	False	True	False	[]	True	False	[]	True	False	[]	True	False	[]	True	False	[]	True				excluded	unsupported	fail	115	nat_8d5392221648a605a7c2	"[""nat_8d5392221648a605a7c2""]"	1	134	196.5	140	109	60	0.5504587155963303	0.9478260869565217	0.8134328358208955	0.44776119402985076	0.5522388059701493	resolved		346	10	True
vae_candidate_000741	3bfa4cd6a535b69eb38e7e15cc8bfb5e8220ddc9eeb7625020a6a95ec36902b6	True	False	eos	83	82	True	False	False	False	True	0.09946482265886616	0.06381829728796116	True	True	False	[]	True	False	[]	True	False	[]	True	False	[]	True	False	[]	True	composition_outlier_warning	composition_outlier_warning		excluded	unsupported	fail	82	nat_13dff233b6dfd04cb79c	"[""nat_13dff233b6dfd04cb79c"", ""nat_440c141d3d83ed043c33"", ""nat_49cef355c6ba3187ae5c"", ""nat_cac8cf4903b24e69aca8""]"	4	76	3.0	91	67	21	0.31343283582089554	0.8170731707317073	0.881578947368421	0.25609756097560976	0.7439024390243902	resolved		346	23	True
vae_candidate_000742	f42f4d9cda830dd483fe8879dde814831b69f0049e6990ec0ab555e50c96dadc	True	False	eos	51	50	True	False	False	False	True	0.06844227027230766	0.06381829728796116	True	True	False	[]	True	False	[]	True	False	[]	True	False	[]	True	False	[]	True	composition_outlier_warning	composition_outlier_warning		excluded	unsupported	fail	50		[]	0											unresolved	no_reliable_reference	346	0	True
vae_candidate_000743	51cfd8991160097a633c0c79b700e7e47115a7e00d6b2bd68979727729fd3a50	True	False	eos	141	140	True	False	False	False	True	0.01013656798225867	0.06381829728796116	False	True	False	[]	True	False	[]	True	False	[]	True	False	[]	True	False	[]	True				excluded	unsupported	pass	140	nat_9c7fbca4e03cd6830bf2	"[""nat_9c7fbca4e03cd6830bf2""]"	1	146	294.0	168	118	84	0.711864406779661	0.8428571428571429	0.8082191780821918	0.5753424657534246	0.4246575342465754	resolved		346	66	True
vae_candidate_000745	b5e43dd2fcabb55089787464366df7b024b809a4dd56222a24a81baca4a0feb8	True	False	eos	120	119	True	False	False	False	True	0.022223462825170757	0.06381829728796116	False	True	False	[]	True	False	[]	True	False	[]	True	False	[]	True	False	[]	True				excluded	unsupported	fail	119	nat_833a1708482ad34125e2	"[""nat_833a1708482ad34125e2""]"	1	98	229.0	121	96	60	0.625	0.8067226890756303	0.9795918367346939	0.5042016806722689	0.4957983193277311	resolved		346	28	True
vae_candidate_000746	a9d59f4533ce694cc3dc8450ae289286bc11ae316e5e79cc6adeb6999ecc00c3	True	False	eos	131	130	True	False	False	False	True	0.035553671514847965	0.06381829728796116	False	True	False	[]	True	False	[]	True	False	[]	True	False	[]	True	False	[]	True				excluded	unsupported	fail	130	nat_c74d6e1106797b3a3d0f	"[""nat_c74d6e1106797b3a3d0f""]"	1	133	157.0	156	107	49	0.45794392523364486	0.823076923076923	0.8045112781954887	0.3684210526315789	0.631578947368421	resolved		346	1	True
vae_candidate_000747	76ada7c17dcf74c0540852b46f0112d55394fceac094290362fcf17f738c9cd1	True	False	eos	107	106	True	False	False	False	True	0.008155790773108733	0.06381829728796116	False	True	False	[]	True	False	[]	True	False	[]	True	False	[]	True	False	[]	True				excluded	unsupported	pass	106	nat_4b58b860e36e01bdb682	"[""nat_4b58b860e36e01bdb682"", ""nat_8f3e753527c876cd94f0""]"	2	95	350.5	111	90	82	0.9111111111111111	0.8490566037735849	0.9473684210526315	0.7735849056603774	0.2264150943396226	resolved		346	144	True
vae_candidate_000748	2bbb4bafa25c34259ccf84e11a91576991cce8dd9f1d7fa0c63856182c94ddc5	True	False	eos	141	140	True	False	False	False	True	0.028656678590607138	0.06381829728796116	False	True	False	[]	True	False	[]	True	False	[]	True	False	[]	True	False	[]	True				excluded	unsupported	fail	140	nat_45d8bf8bea0b0845fea0	"[""nat_45d8bf8bea0b0845fea0""]"	1	139	222.5	160	119	69	0.5798319327731093	0.85	0.8561151079136691	0.4928571428571429	0.5071428571428571	resolved		346	48	True
vae_candidate_000749	ed7c91502c7b7a20b70b754db94f5db8f625dde5d53a3e980d70ff29241841f3	True	False	eos	85	84	True	False	False	False	True	0.03869774422061033	0.06381829728796116	False	True	False	[]	True	False	[]	True	False	[]	True	False	[]	True	False	[]	True				excluded	unsupported	fail	84	nat_38cb7bda240a833d36b3	"[""nat_38cb7bda240a833d36b3""]"	1	95	96.0	101	78	35	0.44871794871794873	0.9285714285714286	0.8210526315789474	0.3684210526315789	0.631578947368421	resolved		346	122	True
vae_candidate_000750	d6c2df27e1cabf7da0c0357ff93292256795e2c9df7754c5f0b511efe5151904	True	False	eos	99	98	True	False	False	False	True	0.020517206929525675	0.06381829728796116	False	True	False	[]	True	False	[]	True	False	[]	True	False	[]	True	False	[]	True				main_supported_gvpa	supported_gvpa	pass	98	nat_0101bc590c89813c161a	"[""nat_0101bc590c89813c161a"", ""nat_05d62502987d9405b8af"", ""nat_4482775e0979509e45d2"", ""nat_4b58b860e36e01bdb682"", ""nat_8f3e753527c876cd94f0"", ""nat_9ca97034ea4d97950343"", ""nat_a9c10692b45d32f772b4"", ""nat_c468502803b4ab5981f1""]"	8	94	410.0	98	94	87	0.925531914893617	0.9591836734693877	1.0	0.8877551020408163	0.11224489795918369	resolved		346	159	True
vae_candidate_000751	0d68fb1f26fb375840030619551f964ac7d6a6d56d28f8fa587e33ffeceb1018	False	True	length_cap	180	180	True	False	True	False	True	0.023368321555912862	0.06381829728796116	False	True	False	[]	True	False	[]	True	False	[]	True	False	[]	True	False	[]	True	generation_cap_warning	generation_cap_warning		excluded	unsupported	pass	180		[]	0											unresolved	no_reliable_reference	346	0	True
vae_candidate_000753	3dcf7eb0ec6e2127dcae3b37123fa7ad143c0aa77c8e36c6e03c48a15dce3477	True	False	eos	128	127	True	False	False	False	True	0.05590193813609584	0.06381829728796116	False	True	False	[]	True	False	[]	True	False	[]	True	False	[]	True	False	[]	True				excluded	unsupported	fail	127	nat_d57269e318a762146774	"[""nat_d57269e318a762146774""]"	1	137	101.0	153	111	48	0.43243243243243246	0.8740157480314961	0.8102189781021898	0.35036496350364965	0.6496350364963503	resolved		346	9	True
vae_candidate_000754	a0a7295dde68b901b947eaca6a878bc8be7fe4bf7d06ea9c6362ccc87efb2bae	True	False	eos	104	103	True	False	False	False	True	0.07244488044054655	0.06381829728796116	True	True	False	[]	True	False	[]	True	False	[]	True	False	[]	True	False	[]	True	composition_outlier_warning	composition_outlier_warning		excluded	unsupported	fail	103	nat_84eddb9c9ecca10afd5a	"[""nat_84eddb9c9ecca10afd5a""]"	1	99	27.0	117	85	29	0.3411764705882353	0.8252427184466019	0.8585858585858586	0.2815533980582524	0.7184466019417476	resolved		346	6	True
vae_candidate_000755	2268a7d3d134ab904a47842a41d98f6b454e4fceffc36e0f608005be697d1a2d	True	False	eos	124	123	True	False	False	False	True	0.027632188132339745	0.06381829728796116	False	True	False	[]	True	False	[]	True	False	[]	True	False	[]	True	False	[]	True				excluded	unsupported	fail	123	nat_4469cb3e6c41fb1309a3	"[""nat_4469cb3e6c41fb1309a3""]"	1	148	176.5	151	120	53	0.44166666666666665	0.975609756097561	0.8108108108108109	0.3581081081081081	0.6418918918918919	resolved		346	11	True
vae_candidate_000756	45cd32971a84a65b61a2f0470d161679bb02012394958f6422b09631d4f228bb	True	False	eos	160	159	True	False	False	False	True	0.012763051595907023	0.06381829728796116	False	True	False	[]	True	False	[]	True	False	[]	True	False	[]	True	False	[]	True				excluded	unsupported	pass	159	nat_82d1db25aa951a1ad609	"[""nat_82d1db25aa951a1ad609"", ""nat_945d9af2ef988f085e3c"", ""nat_be1dac504153ecab385d""]"	3	159	230.5	183	135	75	0.5555555555555556	0.8490566037735849	0.8490566037735849	0.4716981132075472	0.5283018867924528	resolved		346	69	True
vae_candidate_000757	a1692938fd0a89782da4a983a9b2204795f49075c7af6b2d9d04a2cd9ea05b47	True	False	eos	125	124	True	False	False	False	True	0.026296689533730714	0.06381829728796116	False	True	False	[]	True	False	[]	True	False	[]	True	False	[]	True	False	[]	True				excluded	unsupported	fail	124	nat_9fd0842a53e077dc147a	"[""nat_9fd0842a53e077dc147a""]"	1	111	182.0	134	101	51	0.504950495049505	0.8145161290322581	0.9099099099099099	0.4112903225806452	0.5887096774193548	resolved		346	1	True
vae_candidate_000758	c2bf1c3df58082f2902415428e895f788b52c541f8d19b6a203b6dfe8e8efc9d	True	False	eos	97	96	True	False	False	False	True	0.05660094365031271	0.06381829728796116	False	True	False	[]	True	False	[]	True	False	[]	True	False	[]	True	False	[]	True				ambiguous_exploration	gvpa_gvpj_ambiguous	pass	96	nat_729a9790a662e92ab379	"[""nat_729a9790a662e92ab379""]"	1	96	175.0	102	90	48	0.5333333333333333	0.9375	0.9375	0.5	0.5	resolved		346	159	True
vae_candidate_000759	155b8aa2c29b7b40ffc7cfd976e1d3c07ed2dfb3122b250690491cd06c41c1f9	True	False	eos	92	91	True	False	False	False	True	0.06502848790222995	0.06381829728796116	True	True	False	[]	True	False	[]	True	False	[]	True	False	[]	True	False	[]	True	composition_outlier_warning	composition_outlier_warning		excluded	unsupported	fail	91	nat_81de2b78d291d512c1e2	"[""nat_81de2b78d291d512c1e2""]"	1	92	63.5	109	74	30	0.40540540540540543	0.8131868131868132	0.8043478260869565	0.32608695652173914	0.6739130434782609	resolved		346	17	True
vae_candidate_000760	cbf5cec3a5bbef82c4929a1d5257f1b7d29ae68233e7f494c7d72357258df5e0	True	False	eos	145	144	True	False	False	False	True	0.06011391702884486	0.06381829728796116	False	True	False	[]	True	False	[]	True	False	[]	True	False	[]	True	False	[]	True				excluded	unsupported	fail	144	nat_5c045ab07969cb21b0ad	"[""nat_5c045ab07969cb21b0ad""]"	1	142	65.0	169	117	43	0.36752136752136755	0.8125	0.823943661971831	0.2986111111111111	0.7013888888888888	resolved		346	7	True
vae_candidate_000761	776c69ca9157302bfa1012cdeb92a3452833f29a4cdcba93a7760fdb5cbf6ba0	True	False	eos	97	96	True	False	False	False	True	0.08295487905170307	0.06381829728796116	True	True	False	[]	True	False	[]	True	False	[]	True	False	[]	True	False	[]	True	composition_outlier_warning	composition_outlier_warning		excluded	unsupported	fail	96	nat_4cea385a8794a0b112c3	"[""nat_4cea385a8794a0b112c3"", ""nat_4e9e86277af05dbd050d""]"	2	94	22.0	112	78	26	0.3333333333333333	0.8125	0.8297872340425532	0.2708333333333333	0.7291666666666667	resolved		346	5	True
vae_candidate_000762	ec2f54b36e4a1df36de69a34402e5925d468d345ea48e54e014619e15ae7c443	True	False	eos	117	116	True	False	False	False	True	0.0746429451080105	0.06381829728796116	True	True	False	[]	True	False	[]	True	False	[]	True	False	[]	True	False	[]	True	composition_outlier_warning	composition_outlier_warning		excluded	unsupported	fail	116	nat_c74d6e1106797b3a3d0f	"[""nat_c74d6e1106797b3a3d0f""]"	1	133	43.0	140	109	39	0.3577981651376147	0.9396551724137931	0.8195488721804511	0.2932330827067669	0.7067669172932332	resolved		346	2	True
vae_candidate_000763	0f756f70a3439d23f91b8a31f4b1dd1ba63299f62c0afed8ad9bc4aa55e074d3	True	False	eos	150	149	True	False	False	False	True	0.024976997767049834	0.06381829728796116	False	True	False	[]	True	False	[]	True	False	[]	True	False	[]	True	False	[]	True				excluded	unsupported	fail	149		[]	0											unresolved	no_reliable_reference	346	0	True
vae_candidate_000764	5796920198068937986aed525a93b9227a45b8abf3dc33f2b008a800c5c9f22c	True	False	eos	165	164	True	False	False	False	True	0.019086859318413023	0.06381829728796116	False	True	False	[]	True	False	[]	True	False	[]	True	False	[]	True	False	[]	True				excluded	unsupported	pass	164	nat_ae1ae553d673be7a537f	"[""nat_ae1ae553d673be7a537f""]"	1	157	279.0	184	137	83	0.6058394160583942	0.8353658536585366	0.8726114649681529	0.5060975609756098	0.49390243902439024	resolved		346	88	True
vae_candidate_000765	a375f8567dde6cb540baf643ac4031b5a1f8fb10c29634ba36c9e40777d8a156	True	False	eos	140	139	True	False	False	False	True	0.01897076119394838	0.06381829728796116	False	True	False	[]	True	False	[]	True	False	[]	True	False	[]	True	False	[]	True				excluded	unsupported	pass	139		[]	0											unresolved	no_reliable_reference	346	0	True
vae_candidate_000766	ba41a924ce5509103a1ef2c2b21082433c1692cce1732672e7a4b1bbd96b4d4c	True	False	eos	106	105	True	False	False	False	True	0.05341891417880848	0.06381829728796116	False	True	False	[]	True	False	[]	True	False	[]	True	False	[]	True	False	[]	True				excluded	unsupported	fail	105	nat_4a87fc740463a61b2d05	"[""nat_4a87fc740463a61b2d05""]"	1	109	9.0	121	93	25	0.26881720430107525	0.8857142857142857	0.8532110091743119	0.22935779816513763	0.7706422018348624	resolved		346	7	True
vae_candidate_000767	b0cd76755224a357964ac3b477179e7822245e43881cfb7f9c5faf655e5cdc41	True	False	eos	116	115	True	False	False	False	True	0.025527233236929344	0.06381829728796116	False	True	False	[]	True	False	[]	True	False	[]	True	False	[]	True	False	[]	True				excluded	unsupported	pass	115	nat_0101bc590c89813c161a	"[""nat_0101bc590c89813c161a"", ""nat_4482775e0979509e45d2"", ""nat_48f4fc548c0153a5775e"", ""nat_49d3875a5ef4bbb644f9"", ""nat_4b58b860e36e01bdb682"", ""nat_842bc418f0682cd2a9c8"", ""nat_a8908cb0d732ddf5c6d4""]"	7	94	295.0	115	94	69	0.7340425531914894	0.8173913043478261	1.0	0.6	0.4	resolved		346	79	True
vae_candidate_000768	1a108f473a3011d7b538b4ff90895286fb3efe6b5e0d73b53e16f1f146060b5b	True	False	eos	75	74	True	False	False	False	True	0.052222203816983004	0.06381829728796116	False	True	False	[]	True	False	[]	True	False	[]	True	False	[]	True	False	[]	True				excluded	unsupported	fail	74	nat_49cef355c6ba3187ae5c	"[""nat_49cef355c6ba3187ae5c""]"	1	76	135.5	87	63	37	0.5873015873015873	0.8513513513513513	0.8289473684210527	0.4868421052631579	0.513157894736842	resolved		346	52	True
vae_candidate_000769	62b51ba4c37b9b4440958828679c9923be9c36859f53cfcd5acd49a9ddaa514b	True	False	eos	109	108	True	False	False	False	True	0.07061881570984199	0.06381829728796116	True	True	False	[]	True	False	[]	True	False	[]	True	False	[]	True	False	[]	True	composition_outlier_warning	composition_outlier_warning		excluded	unsupported	fail	108		[]	0											unresolved	no_reliable_reference	346	0	True
vae_candidate_000770	31db7db6d5709aba0982d4dc48c7d0b8cb9a421d87b0e2c45cf74d273d2d859f	True	False	eos	72	71	True	False	False	False	True	0.10203867524778745	0.06381829728796116	True	True	False	[]	True	False	[]	True	False	[]	True	False	[]	True	False	[]	True	composition_outlier_warning	composition_outlier_warning		excluded	unsupported	fail	71	nat_49cef355c6ba3187ae5c	"[""nat_49cef355c6ba3187ae5c""]"	1	76	6.0	85	62	18	0.2903225806451613	0.8732394366197183	0.8157894736842105	0.23684210526315788	0.7631578947368421	resolved		346	2	True
vae_candidate_000771	e8c2991d237c408dff12163719380705eb7d82e82f0ef877ef5f40032ce6d1be	True	False	eos	139	138	True	False	False	False	True	0.05465340476259195	0.06381829728796116	False	True	False	[]	True	False	[]	True	False	[]	True	False	[]	True	False	[]	True				excluded	unsupported	fail	138	nat_43e7561c7d05facf2895	"[""nat_43e7561c7d05facf2895""]"	1	140	39.5	160	118	40	0.3389830508474576	0.855072463768116	0.8428571428571429	0.2857142857142857	0.7142857142857143	resolved		346	80	True
vae_candidate_000772	613efa5fbe19638ebf41534ce5fb3595a8c485cd5544dee03a766612aafc303c	True	False	eos	99	98	True	False	False	False	True	0.016491959609054942	0.06381829728796116	False	True	False	[]	True	False	[]	True	False	[]	True	False	[]	True	False	[]	True				main_supported_gvpa	supported_gvpa	pass	98	nat_0101bc590c89813c161a	"[""nat_0101bc590c89813c161a"", ""nat_4482775e0979509e45d2"", ""nat_4b58b860e36e01bdb682""]"	3	94	380.0	101	91	88	0.967032967032967	0.9285714285714286	0.9680851063829787	0.8979591836734694	0.10204081632653061	resolved		346	159	True
vae_candidate_000773	01c52097b021df25b3a4f7828a1296859cac767f1567194db0d9e417a66e2771	True	False	eos	141	140	True	False	False	False	True	0.037301149238565735	0.06381829728796116	False	True	False	[]	True	False	[]	True	False	[]	True	False	[]	True	False	[]	True				excluded	unsupported	fail	140	nat_55802cc1c7918b91c298	"[""nat_55802cc1c7918b91c298""]"	1	139	161.0	157	122	54	0.4426229508196721	0.8714285714285714	0.8776978417266187	0.38571428571428573	0.6142857142857143	resolved		346	39	True
vae_candidate_000774	8befc0863f8a7fd559d8ff334ff2f388cfb54b3ab7fb6b288bd252bef8530aea	True	False	eos	63	62	True	False	False	False	True	0.05157734515764624	0.06381829728796116	False	True	False	[]	True	False	[]	True	False	[]	True	False	[]	True	False	[]	True				excluded	unsupported	fail	62	nat_2708b2500f3eefced6c0	"[""nat_2708b2500f3eefced6c0""]"	1	69	22.5	69	62	17	0.27419354838709675	1.0	0.8985507246376812	0.2463768115942029	0.7536231884057971	resolved		346	1	True
vae_candidate_000775	41650ce65b849aee82019314a93a899ba1a2a9d2a82f8495f790e6a8a8280265	True	False	eos	75	74	True	False	False	False	True	0.03034491080290553	0.06381829728796116	False	True	False	[]	True	False	[]	True	False	[]	True	False	[]	True	False	[]	True				excluded	unsupported	pass	74	nat_1ed909a554bd91f8870f	"[""nat_1ed909a554bd91f8870f"", ""nat_ea5746ec582bf06f4e03""]"	2	73	207.0	77	70	47	0.6714285714285714	0.9459459459459459	0.958904109589041	0.6351351351351351	0.3648648648648649	resolved		346	100	True
vae_candidate_000776	81849296635926efefca4a0292c412ab7290b506ad90fe6153836958a56a1d53	True	False	eos	137	136	True	False	False	False	True	0.07198511755468257	0.06381829728796116	True	True	False	[]	True	False	[]	True	False	[]	True	False	[]	True	False	[]	True	composition_outlier_warning	composition_outlier_warning		excluded	unsupported	fail	136	nat_d5cf1fda20a7d9852de3	"[""nat_d5cf1fda20a7d9852de3""]"	1	137	36.0	163	110	42	0.38181818181818183	0.8088235294117647	0.8029197080291971	0.30656934306569344	0.6934306569343065	resolved		346	7	True
vae_candidate_000777	9edef0b829b9e263d9ff94c8ffa3aa38b5fed56cc768c084cf8f9c47785511e5	True	False	eos	98	97	True	False	False	False	True	0.03493708119558543	0.06381829728796116	False	True	False	[]	True	False	[]	True	False	[]	True	False	[]	True	False	[]	True				excluded	unsupported	fail	97		[]	0											unresolved	no_reliable_reference	346	0	True
vae_candidate_000778	03d886fe2f8f51e82ddd2904008fd3427cea8f60baeacaeaa1de2814adbfd2c4	True	False	eos	171	170	True	False	False	False	True	0.04294772442441237	0.06381829728796116	False	True	False	[]	True	False	[]	True	False	[]	True	False	[]	True	False	[]	True				excluded	unsupported	fail	170	nat_1f2decc9d9629b127278	"[""nat_1f2decc9d9629b127278""]"	1	158	48.5	190	138	51	0.3695652173913043	0.8117647058823529	0.8734177215189873	0.3	0.7	resolved		346	19	True
vae_candidate_000779	cf302f24d7888728cef2786b7072bf540a802f6e05570a44c22e338c17cf0806	True	False	eos	121	120	True	False	False	False	True	0.033877438014869365	0.06381829728796116	False	True	False	[]	True	False	[]	True	False	[]	True	False	[]	True	False	[]	True				ambiguous_exploration	gvpa_gvpj_ambiguous	pass	120	nat_d57269e318a762146774	"[""nat_d57269e318a762146774""]"	1	137	197.5	146	111	67	0.6036036036036037	0.925	0.8102189781021898	0.48905109489051096	0.5109489051094891	resolved		346	36	True
vae_candidate_000781	e9fa0318e74624e17cc33e0650e80cceeb4d463ff30d5e676858039a87c0c445	True	False	eos	83	82	True	False	False	False	True	0.053000260289912365	0.06381829728796116	False	True	False	[]	True	False	[]	True	False	[]	True	True	"[{""start"": 53, ""end"": 58, ""length"": 6, ""residue"": ""G""}]"	True	False	[]	True	homopolymer_warning	homopolymer_warning		excluded	unsupported	fail	82	nat_b9d147aeaac9ffa9d0f3	"[""nat_b9d147aeaac9ffa9d0f3""]"	1	87	35.0	93	76	29	0.3815789473684211	0.926829268292683	0.8735632183908046	0.3333333333333333	0.6666666666666667	resolved		346	66	True
vae_candidate_000782	f5550bed79d2acbc77667248d8428d10b9184821532126fd880a1988f07ab7dd	True	False	eos	165	164	True	False	False	False	True	0.05719014408872193	0.06381829728796116	False	True	False	[]	True	False	[]	True	False	[]	True	False	[]	True	False	[]	True				excluded	unsupported	fail	164	nat_158c0216b95ce3304bfe	"[""nat_158c0216b95ce3304bfe""]"	1	156	90.0	188	132	51	0.38636363636363635	0.8048780487804879	0.8461538461538461	0.31097560975609756	0.6890243902439024	resolved		346	2	True
vae_candidate_000783	f7b5aae136ef7ed15c4612bbd17f01e099012820ddf06f45902dd88b58813290	True	False	eos	83	82	True	False	False	False	True	0.08397016823332323	0.06381829728796116	True	True	False	[]	True	False	[]	True	False	[]	True	False	[]	True	False	[]	True	composition_outlier_warning	composition_outlier_warning		excluded	unsupported	fail	82	nat_340bf83afc765d1b00fd	"[""nat_340bf83afc765d1b00fd""]"	1	78	24.0	92	68	26	0.38235294117647056	0.8292682926829268	0.8717948717948718	0.3170731707317073	0.6829268292682926	resolved		346	12	True
vae_candidate_000784	42960a51d6f3885a7606d8e27adc9d29331bfcfa0d1118e08e6e79f557b1222f	True	False	eos	135	134	True	False	False	False	True	0.0266941172795771	0.06381829728796116	False	True	False	[]	True	False	[]	True	False	[]	True	False	[]	True	False	[]	True				excluded	unsupported	pass	134		[]	0											unresolved	no_reliable_reference	346	0	True
vae_candidate_000786	5ede66baca90c2178340724c5ccc12591267e24d1dcc301c0393d88bb46473c8	True	False	eos	107	106	True	False	False	False	True	0.02317786404882087	0.06381829728796116	False	True	False	[]	True	False	[]	True	False	[]	True	False	[]	True	False	[]	True				ambiguous_exploration	gvpa_gvpj_ambiguous	pass	106	nat_461115b7000bfd74f566	"[""nat_461115b7000bfd74f566""]"	1	96	230.5	115	87	62	0.7126436781609196	0.8207547169811321	0.90625	0.5849056603773585	0.41509433962264153	resolved		346	134	True
vae_candidate_000787	dd09341c50229b5c5cfb6e817d149682299d0412fdbdc3dba34a17404f352087	True	False	eos	91	90	True	False	False	False	True	0.06469555943846927	0.06381829728796116	True	True	False	[]	True	False	[]	True	False	[]	True	False	[]	True	False	[]	True	composition_outlier_warning	composition_outlier_warning		excluded	unsupported	fail	90	nat_62bc5089576517d5fad1	"[""nat_62bc5089576517d5fad1"", ""nat_b9de124a92fba0281b06""]"	2	93	12.0	103	80	20	0.25	0.8888888888888888	0.8602150537634409	0.21505376344086022	0.7849462365591398	resolved		346	10	True
vae_candidate_000788	2cde0ae0d9d2a723bbaa88b3d0ea0bc61753b3d6e4a3c005cb50dac2a69f6713	True	False	eos	83	82	True	False	False	False	True	0.04068329441985183	0.06381829728796116	False	True	False	[]	True	False	[]	True	False	[]	True	False	[]	True	False	[]	True				excluded	unsupported	pass	82	nat_f5db5c4704d592f947d9	"[""nat_f5db5c4704d592f947d9""]"	1	82	196.5	91	73	54	0.7397260273972602	0.8902439024390244	0.8902439024390244	0.6585365853658537	0.3414634146341463	resolved		346	190	True
vae_candidate_000789	c244d747fb8edd1e2ab4921ac8a669214f58d84e9e99c0a73bf88c5662aa3797	True	False	eos	116	115	True	False	False	False	True	0.08010628700509631	0.06381829728796116	True	True	False	[]	True	False	[]	True	False	[]	True	False	[]	True	False	[]	True	composition_outlier_warning	composition_outlier_warning		excluded	unsupported	fail	115	nat_a8908cb0d732ddf5c6d4	"[""nat_a8908cb0d732ddf5c6d4"", ""nat_dbcea97f4e8354ba3556""]"	2	96	40.0	118	93	31	0.3333333333333333	0.808695652173913	0.96875	0.26956521739130435	0.7304347826086957	resolved		346	47	True
vae_candidate_000790	36738065c0ec4a7a14935038310e532f58ff5e66f3e35930e916a56e7e0b3405	True	False	eos	106	105	True	False	False	False	True	0.027429018328019167	0.06381829728796116	False	True	False	[]	True	False	[]	True	False	[]	True	False	[]	True	False	[]	True				excluded	unsupported	fail	105	nat_38cb7bda240a833d36b3	"[""nat_38cb7bda240a833d36b3""]"	1	95	184.0	114	86	55	0.6395348837209303	0.819047619047619	0.9052631578947369	0.5238095238095238	0.47619047619047616	resolved		346	32	True
vae_candidate_000791	03e78ac6c70a103cadb77b41774274300b4446698ba335ff4474563ffa4f33a3	True	False	eos	100	99	True	False	False	False	True	0.058590520454590136	0.06381829728796116	False	True	False	[]	True	False	[]	True	False	[]	True	False	[]	True	False	[]	True				excluded	unsupported	fail	99	nat_1564401f2a553c444667	"[""nat_1564401f2a553c444667"", ""nat_69442765a7e1224b0435""]"	2	96	67.0	113	82	34	0.4146341463414634	0.8282828282828283	0.8541666666666666	0.3434343434343434	0.6565656565656566	resolved		346	52	True
vae_candidate_000793	e24010cbbe18ad847364a8637a7ea4219a6f2fbaff528ddafcc092cf9dc8e74f	True	False	eos	72	71	True	False	False	False	True	0.018182283132105584	0.06381829728796116	False	True	False	[]	True	False	[]	True	False	[]	True	False	[]	True	False	[]	True				excluded	unsupported	pass	71	nat_ea5746ec582bf06f4e03	"[""nat_ea5746ec582bf06f4e03""]"	1	72	264.5	77	66	57	0.8636363636363636	0.9295774647887324	0.9166666666666666	0.7916666666666666	0.20833333333333337	resolved		346	78	True
vae_candidate_000794	a9b2bd80326e29028f39193277ccb12ba0425d436a2844f08a96a315a333ad96	True	False	eos	101	100	True	False	False	False	True	0.02367539707804127	0.06381829728796116	False	True	False	[]	True	False	[]	True	False	[]	True	True	"[{""start"": 6, ""end"": 12, ""length"": 7, ""residue"": ""G""}]"	True	False	[]	True	homopolymer_warning	homopolymer_warning		excluded	unsupported	pass	100	nat_c8490949e18e771ed8c8	"[""nat_c8490949e18e771ed8c8"", ""nat_d80e058d93177215aa4b""]"	2	94	289.5	108	86	73	0.8488372093023255	0.86	0.9148936170212766	0.73	0.27	resolved		346	157	True
vae_candidate_000795	1b198d40da7b72028a9a89b6ebf91d4b5866ec9db84504d6910819d97b6ec38a	True	False	eos	103	102	True	False	False	False	True	0.05241161015775428	0.06381829728796116	False	True	False	[]	True	False	[]	True	False	[]	True	False	[]	True	False	[]	True				excluded	unsupported	fail	102	nat_004ac783975534947324	"[""nat_004ac783975534947324""]"	1	94	173.0	112	84	50	0.5952380952380952	0.8235294117647058	0.8936170212765957	0.49019607843137253	0.5098039215686274	resolved		346	3	True
vae_candidate_000796	b8c4df59d6c0e1ce05bad8949e27516dc8829dc6884abd59e09d257d42a9c805	True	False	eos	121	120	True	False	False	False	True	0.04461620993681112	0.06381829728796116	False	True	False	[]	True	False	[]	True	False	[]	True	False	[]	True	False	[]	True				excluded	unsupported	fail	120	nat_942bc0624c6f9016a403	"[""nat_942bc0624c6f9016a403""]"	1	135	88.0	144	111	36	0.32432432432432434	0.925	0.8222222222222222	0.26666666666666666	0.7333333333333334	resolved		346	3	True
vae_candidate_000797	0541ab6e0e646e0f49be1be68a7f6881ef364cff5b3cb3488a97dccdb1bd536d	True	False	eos	108	107	True	False	False	False	True	0.02076161229675102	0.06381829728796116	False	True	False	[]	True	False	[]	True	False	[]	True	False	[]	True	False	[]	True				excluded	unsupported	fail	107	nat_dc6aa26cbe06c32b68c2	"[""nat_dc6aa26cbe06c32b68c2""]"	1	94	361.5	112	89	83	0.9325842696629213	0.8317757009345794	0.9468085106382979	0.7757009345794392	0.22429906542056077	resolved		346	124	True
vae_candidate_000798	a81fd50301b616e842577855ffeb13865569532b879ca7484a31ecf8a9d4682a	True	False	eos	96	95	True	False	False	False	True	0.04602792883440426	0.06381829728796116	False	True	False	[]	True	False	[]	True	False	[]	True	False	[]	True	False	[]	True				excluded	unsupported	pass	95	nat_92d7d81f95603487cd9c	"[""nat_92d7d81f95603487cd9c""]"	1	95	162.0	108	82	53	0.6463414634146342	0.8631578947368421	0.8631578947368421	0.5578947368421052	0.4421052631578948	resolved		346	172	True
vae_candidate_000799	4ea3f0c01e9a8baf434fe07038ca70839828b6d2da3c87521e158a996ed0f8d2	True	False	eos	92	91	True	False	False	False	True	0.032569813879938764	0.06381829728796116	False	True	False	[]	True	False	[]	True	False	[]	True	False	[]	True	False	[]	True				excluded	unsupported	pass	91	nat_4cea385a8794a0b112c3	"[""nat_4cea385a8794a0b112c3"", ""nat_4e9e86277af05dbd050d""]"	2	94	255.5	105	80	66	0.825	0.8791208791208791	0.851063829787234	0.7021276595744681	0.2978723404255319	resolved		346	184	True
vae_candidate_000800	a9b9a288b8b967e3164ac2eba2509064b5ddf348b7ee5a70d3ffc0736750ac27	True	False	eos	74	73	True	False	False	False	True	0.0414146385371003	0.06381829728796116	False	True	False	[]	True	False	[]	True	False	[]	True	False	[]	True	False	[]	True				excluded	unsupported	pass	73	nat_1ed909a554bd91f8870f	"[""nat_1ed909a554bd91f8870f"", ""nat_ea5746ec582bf06f4e03""]"	2	73	218.0	74	72	49	0.6805555555555556	0.9863013698630136	0.9863013698630136	0.6712328767123288	0.3287671232876712	resolved		346	102	True
vae_candidate_000801	a5290b3e44a43da3e71b419594f5d4aa28d82bc0f56c871befe6c7d2d4b0bd7d	True	False	eos	128	127	True	False	False	False	True	0.03623822137950061	0.06381829728796116	False	True	False	[]	True	False	[]	True	False	[]	True	False	[]	True	False	[]	True				excluded	unsupported	pass	127	nat_8bfb3056e00dc3525ee8	"[""nat_8bfb3056e00dc3525ee8""]"	1	145	236.5	155	117	72	0.6153846153846154	0.9212598425196851	0.8068965517241379	0.496551724137931	0.503448275862069	resolved		346	49	True
vae_candidate_000802	cbb5fa5710ac20a507ab827b3884d645fb6e7e96b2b74701ca0f31811b31954e	True	False	eos	57	56	True	False	False	False	True	0.10548673587734411	0.06381829728796116	True	True	False	[]	True	False	[]	True	False	[]	True	False	[]	True	False	[]	True	composition_outlier_warning	composition_outlier_warning		excluded	unsupported	fail	56		[]	0											unresolved	no_reliable_reference	346	0	True
vae_candidate_000803	9db954f822dcdd7fd08e04602947f808ed86ea06056b6f5d0e5ebdf20fd3e128	True	False	eos	91	90	True	False	False	False	True	0.03596681735319108	0.06381829728796116	False	True	False	[]	True	False	[]	True	False	[]	True	False	[]	True	False	[]	True				excluded	unsupported	fail	90	nat_2dee131e85e06a8f9fdd	"[""nat_2dee131e85e06a8f9fdd"", ""nat_7801d96d034213cf08c8"", ""nat_873dfd59523575571c0b""]"	3	76	88.0	93	73	33	0.4520547945205479	0.8111111111111111	0.9605263157894737	0.36666666666666664	0.6333333333333333	resolved		346	39	True
vae_candidate_000804	e70d4d539d592ae5e3d7df509f76d95861ad1dfa29eaea7cf12e86ff2094471b	True	False	eos	64	63	True	False	False	False	True	0.03824224982329118	0.06381829728796116	False	True	False	[]	True	False	[]	True	False	[]	True	False	[]	True	False	[]	True				excluded	unsupported	fail	63	nat_b3561a1e0242e2259486	"[""nat_b3561a1e0242e2259486"", ""nat_ede685c8031e89299cf7""]"	2	76	126.5	77	62	36	0.5806451612903226	0.9841269841269841	0.8157894736842105	0.47368421052631576	0.5263157894736843	resolved		346	9	True
vae_candidate_000805	e9124dcfea45339cb2550a7e289fa099871976807c58e928f28a4f4fdb4cc941	True	False	eos	171	170	True	False	False	False	True	0.02598716389316616	0.06381829728796116	False	True	False	[]	True	False	[]	True	False	[]	True	False	[]	True	False	[]	True				excluded	unsupported	pass	170	nat_0eb236c2a0a999a958fc	"[""nat_0eb236c2a0a999a958fc"", ""nat_3997c1e8cae542beb07c"", ""nat_619107fa48650be1a768"", ""nat_67d45ce3d0daa27e3aa3"", ""nat_82d1db25aa951a1ad609"", ""nat_f5d47642f8821cca8f9a""]"	6	156	310.0	190	136	83	0.6102941176470589	0.8	0.8717948717948718	0.48823529411764705	0.5117647058823529	resolved		346	34	True
vae_candidate_000806	4d5abc1410e81543ddbb5d5fe7061fc277d9e31997c5f07a4ce212d0530f6a64	True	False	eos	77	76	True	False	False	False	True	0.07440560278473071	0.06381829728796116	True	True	False	[]	True	False	[]	True	False	[]	True	False	[]	True	False	[]	True	composition_outlier_warning	composition_outlier_warning		excluded	unsupported	fail	76		[]	0											unresolved	no_reliable_reference	346	0	True
vae_candidate_000807	589eab7b5eba693c574ef9cfcfc707893c58fabd8a1d47359c22392eaf285204	False	True	length_cap	180	180	True	False	True	False	True	0.03289425051851715	0.06381829728796116	False	True	False	[]	True	False	[]	True	False	[]	True	False	[]	True	False	[]	True	generation_cap_warning	generation_cap_warning		excluded	unsupported	pass	180	nat_ae1ae553d673be7a537f	"[""nat_ae1ae553d673be7a537f""]"	1	157	293.0	185	152	85	0.5592105263157895	0.8444444444444444	0.9681528662420382	0.4722222222222222	0.5277777777777778	resolved		346	77	True
vae_candidate_000808	31186d62bcd94827ff25d58944fe676567ac1d36f0f30c2af9bdd8c20291c605	True	False	eos	61	60	True	False	False	False	True	0.05467444814042001	0.06381829728796116	False	True	False	[]	True	False	[]	True	False	[]	True	False	[]	True	False	[]	True				excluded	unsupported	fail	60	nat_39cf0fd21702af1ff2b1	"[""nat_39cf0fd21702af1ff2b1""]"	1	69	116.5	72	57	37	0.6491228070175439	0.95	0.8260869565217391	0.5362318840579711	0.46376811594202894	resolved		346	20	True
vae_candidate_000809	feb62120c0b1291b6928e177f6c7c471c1722a380e9e45a953ca0979100bba15	True	False	eos	82	81	True	False	False	False	True	0.03586362971497242	0.06381829728796116	False	True	False	[]	True	False	[]	True	False	[]	True	False	[]	True	False	[]	True				excluded	unsupported	pass	81	nat_1ed909a554bd91f8870f	"[""nat_1ed909a554bd91f8870f"", ""nat_9f8db13e803cecc901b7""]"	2	73	223.5	89	65	54	0.8307692307692308	0.8024691358024691	0.8904109589041096	0.6666666666666666	0.33333333333333337	resolved		346	70	True
vae_candidate_000810	e968933db070533933aca0518f9f09e96f623aaa2ec3c7cdea5a35e01ce29361	True	False	eos	129	128	True	False	False	False	True	0.05240288253074563	0.06381829728796116	False	True	False	[]	True	False	[]	True	False	[]	True	False	[]	True	False	[]	True				excluded	unsupported	fail	128	nat_8bfb3056e00dc3525ee8	"[""nat_8bfb3056e00dc3525ee8""]"	1	145	279.5	156	117	80	0.6837606837606838	0.9140625	0.8068965517241379	0.5517241379310345	0.4482758620689655	resolved		346	13	True
vae_candidate_000811	58c64900578fa7ca65807dd4792c4675a101b525cd4afd87037f538dd493b094	True	False	eos	69	68	True	False	False	False	True	0.032927930756819664	0.06381829728796116	False	True	False	[]	True	False	[]	True	False	[]	True	False	[]	True	False	[]	True				excluded	unsupported	pass	68	nat_ea5746ec582bf06f4e03	"[""nat_ea5746ec582bf06f4e03""]"	1	72	194.5	75	65	49	0.7538461538461538	0.9558823529411765	0.9027777777777778	0.6805555555555556	0.3194444444444444	resolved		346	70	True
vae_candidate_000812	29ead3ce3bbf1d7c4b17621856ba1f740d9de1d6a3e2a30f92d398040fa91075	True	False	eos	108	107	True	False	False	False	True	0.023870154123663008	0.06381829728796116	False	True	False	[]	True	False	[]	True	False	[]	True	False	[]	True	False	[]	True				main_supported_gvpa	supported_gvpa	pass	107	nat_86af2bea85657bdc848a	"[""nat_86af2bea85657bdc848a"", ""nat_d92cb9dcfcf48b731b50""]"	2	93	313.5	113	87	74	0.8505747126436781	0.8130841121495327	0.9354838709677419	0.6915887850467289	0.30841121495327106	resolved		346	144	True
vae_candidate_000813	db6368454604ce7367bb9229d0cd501d658329db51d7c1254ac1c9e98587cec5	False	True	length_cap	180	180	True	False	True	False	True	0.02197844827516798	0.06381829728796116	False	True	False	[]	True	False	[]	True	False	[]	True	False	[]	True	False	[]	True	generation_cap_warning	generation_cap_warning		excluded	unsupported	pass	180		[]	0											unresolved	no_reliable_reference	346	0	True
vae_candidate_000814	58737a638014c1b791029b5f00dc405ea336292a8ebacfe4cff491f5a6107072	True	False	eos	156	155	True	False	False	False	True	0.02950745266067782	0.06381829728796116	False	True	False	[]	True	False	[]	True	False	[]	True	False	[]	True	False	[]	True				excluded	unsupported	fail	155	nat_945d9af2ef988f085e3c	"[""nat_945d9af2ef988f085e3c""]"	1	151	265.5	182	124	81	0.6532258064516129	0.8	0.8211920529801324	0.5225806451612903	0.4774193548387097	resolved		346	11	True
vae_candidate_000815	ba6934e3a3bd14177ae0a5901fdac74da88db024a8f7102666bdaf90d85daafa	True	False	eos	107	106	True	False	False	False	True	0.025087778082591963	0.06381829728796116	False	True	False	[]	True	False	[]	True	False	[]	True	False	[]	True	False	[]	True				excluded	unsupported	pass	106	nat_fb877ea45a36f28c6227	"[""nat_fb877ea45a36f28c6227""]"	1	87	180.0	106	87	49	0.5632183908045977	0.8207547169811321	1.0	0.46226415094339623	0.5377358490566038	resolved		346	11	True
vae_candidate_000816	f73600d3a8770d4ebeee735a20ba285b4c0ae7e51a7fbe5f596d12a4eef51ee5	True	False	eos	178	177	True	False	False	False	True	0.03861009835388745	0.06381829728796116	False	True	False	[]	True	False	[]	True	False	[]	True	False	[]	True	False	[]	True				excluded	unsupported	pass	177	nat_754029d7fdddcf0dda8b	"[""nat_754029d7fdddcf0dda8b"", ""nat_fb63ecbac61c302167f9""]"	2	147	191.0	182	142	58	0.4084507042253521	0.8022598870056498	0.9659863945578231	0.327683615819209	0.672316384180791	resolved		346	2	True
vae_candidate_000817	73c64680c5900bd3060487e6d7d9f14acbe8b81f71bf562dd8dd43b541288341	True	False	eos	99	98	True	False	False	False	True	0.030810363242241845	0.06381829728796116	False	True	False	[]	True	False	[]	True	False	[]	True	False	[]	True	False	[]	True				ambiguous_exploration	gvpa_gvpj_ambiguous	pass	98	nat_0077c6cbf903d0b80137	"[""nat_0077c6cbf903d0b80137"", ""nat_1564401f2a553c444667"", ""nat_1aef09f774a1818b7e24"", ""nat_842bc418f0682cd2a9c8"", ""nat_a49cfe7d33cec22c3905"", ""nat_a7791ad55c70e7fd3462"", ""nat_fca422d4ddd5dcd65605""]"	7	96	204.5	103	91	53	0.5824175824175825	0.9285714285714286	0.9479166666666666	0.5408163265306123	0.4591836734693877	resolved		346	157	True
vae_candidate_000819	0568569dd5256db53313f3af360b2556fcb9a316a7a4811023fd60561986cd27	True	False	eos	78	77	True	False	False	False	True	0.015693498486707234	0.06381829728796116	False	True	False	[]	True	False	[]	True	False	[]	True	False	[]	True	False	[]	True				excluded	unsupported	pass	77	nat_27cf1e5aac6ec3dd931d	"[""nat_27cf1e5aac6ec3dd931d""]"	1	76	229.0	81	72	56	0.7777777777777778	0.935064935064935	0.9473684210526315	0.7272727272727273	0.2727272727272727	resolved		346	169	True
vae_candidate_000820	70c4107ac02fcbcb9b98e93d0f19f4362b64580fceaac6ca400e61992e41d2db	True	False	eos	54	53	True	False	False	False	True	0.10262651463994145	0.06381829728796116	True	True	False	[]	True	False	[]	True	False	[]	True	False	[]	True	False	[]	True	composition_outlier_warning	composition_outlier_warning		excluded	unsupported	fail	53		[]	0											unresolved	no_reliable_reference	346	0	True
vae_candidate_000821	99d03dcc246e6616d6c81427c88740cd89e7d5fcfca52091e4746ba770af31bc	True	False	eos	136	135	True	False	False	False	True	0.09476162094306129	0.06381829728796116	True	True	False	[]	True	False	[]	True	False	[]	True	False	[]	True	False	[]	True	composition_outlier_warning	composition_outlier_warning		excluded	unsupported	fail	135		[]	0											unresolved	no_reliable_reference	346	0	True
vae_candidate_000822	6e5736981710573ae89b449f994b2a6b5d1b4dc96653785e21d875513be544dc	True	False	eos	114	113	True	False	False	False	True	0.01489578527150736	0.06381829728796116	False	True	False	[]	True	False	[]	True	False	[]	True	False	[]	True	False	[]	True				excluded	unsupported	fail	113	nat_842bc418f0682cd2a9c8	"[""nat_842bc418f0682cd2a9c8"", ""nat_a7791ad55c70e7fd3462"", ""nat_c8490949e18e771ed8c8""]"	3	95	358.5	114	94	83	0.8829787234042553	0.831858407079646	0.9894736842105263	0.7345132743362832	0.2654867256637168	resolved		346	116	True
vae_candidate_000823	9e833f2ae98a094081693e7cb2d7b29989c2741c7eb88e0fab69db1381123cc5	True	False	eos	60	59	True	False	False	False	True	0.08094908653627911	0.06381829728796116	True	True	False	[]	True	False	[]	True	False	[]	True	False	[]	True	False	[]	True	composition_outlier_warning	composition_outlier_warning		excluded	unsupported	fail	59	nat_8d6274f78693091697cf	"[""nat_8d6274f78693091697cf""]"	1	70	65.0	73	56	27	0.48214285714285715	0.9491525423728814	0.8	0.38571428571428573	0.6142857142857143	resolved		346	10	True
vae_candidate_000824	290eb91a97073337aee1735b21ff433577962b2b562b82fbf4deccc9c5f9f636	True	False	eos	64	63	True	False	False	False	True	0.1308830434757504	0.06381829728796116	True	True	False	[]	True	False	[]	True	False	[]	True	True	"[{""start"": 8, ""end"": 14, ""length"": 7, ""residue"": ""G""}]"	True	False	[]	True	composition_outlier_warning;homopolymer_warning	composition_outlier_warning;homopolymer_warning		excluded	unsupported	fail	63		[]	0											unresolved	no_reliable_reference	346	0	True
vae_candidate_000825	ab5c46408aa2c8da0f00b0ac8e849f7c2ad2304b36d0bc3a02cef254bbf9e457	True	False	eos	123	122	True	False	False	False	True	0.015065209314495943	0.06381829728796116	False	True	False	[]	True	False	[]	True	False	[]	True	False	[]	True	False	[]	True				excluded	unsupported	fail	122		[]	0											unresolved	no_reliable_reference	346	0	True
vae_candidate_000826	e9cc9740af218e78b0f27e1cf0c5512cd596f08c58281d1e7b11662bea458cdb	True	False	eos	52	51	True	False	False	False	True	0.09450369492550682	0.06381829728796116	True	True	False	[]	True	False	[]	True	False	[]	True	False	[]	True	False	[]	True	composition_outlier_warning	composition_outlier_warning		excluded	unsupported	fail	51		[]	0											unresolved	no_reliable_reference	346	0	True
vae_candidate_000827	2d13bf7ec299309a710b814000b2a862df429a8b6a3ba974bdfc08644bbc9ee0	True	False	eos	98	97	True	False	False	False	True	0.03235402464106897	0.06381829728796116	False	True	False	[]	True	False	[]	True	False	[]	True	False	[]	True	False	[]	True				excluded	unsupported	fail	97	nat_49d3875a5ef4bbb644f9	"[""nat_49d3875a5ef4bbb644f9"", ""nat_69442765a7e1224b0435"", ""nat_d1b057f953bd558c0457"", ""nat_dad443e0412ef646de5e""]"	4	95	93.0	114	78	42	0.5384615384615384	0.8041237113402062	0.8210526315789474	0.4329896907216495	0.5670103092783505	resolved		346	13	True
vae_candidate_000828	03c5a8a7715bfacbc653d4c564fa0d059254ede1dc227a741b9589dc16a4f6f2	True	False	eos	106	105	True	False	False	False	True	0.02412055693352904	0.06381829728796116	False	True	False	[]	True	False	[]	True	False	[]	True	False	[]	True	False	[]	True				excluded	unsupported	pass	105	nat_4d722634e257d2a7d133	"[""nat_4d722634e257d2a7d133""]"	1	95	227.5	108	92	59	0.6413043478260869	0.8761904761904762	0.968421052631579	0.5619047619047619	0.4380952380952381	resolved		346	147	True
vae_candidate_000829	5aa4f56930f7279954abef2a8833936fd44006d21ec50de1a7403fde8f7ce171	True	False	eos	110	109	True	False	False	False	True	0.12351015090054984	0.06381829728796116	True	True	False	[]	True	False	[]	True	False	[]	True	True	"[{""start"": 39, ""end"": 48, ""length"": 10, ""residue"": ""G""}]"	True	False	[]	True	composition_outlier_warning;homopolymer_warning	composition_outlier_warning;homopolymer_warning		excluded	unsupported	fail	109		[]	0											unresolved	no_reliable_reference	346	0	True
vae_candidate_000830	afe5b594b7fc0e3d370c0b945d2eb52e0623fe4bfc3e6fcc805a634579eb6c08	True	False	eos	71	70	True	False	False	False	True	0.026111036469756318	0.06381829728796116	False	True	False	[]	True	False	[]	True	False	[]	True	False	[]	True	False	[]	True				excluded	unsupported	pass	70	nat_1ed909a554bd91f8870f	"[""nat_1ed909a554bd91f8870f""]"	1	73	225.0	77	66	50	0.7575757575757576	0.9428571428571428	0.9041095890410958	0.684931506849315	0.31506849315068497	resolved		346	78	True
vae_candidate_000831	9361907785efd7a6f8cf71a58ac328e8ed4b452e61306e59acc1f8a9cb3c0949	True	False	eos	60	59	True	False	False	False	True	0.09499778061319508	0.06381829728796116	True	True	False	[]	True	False	[]	True	False	[]	True	False	[]	True	False	[]	True	composition_outlier_warning	composition_outlier_warning		excluded	unsupported	fail	59		[]	0											unresolved	no_reliable_reference	346	0	True
vae_candidate_000832	fed19e7c450e209797954aa2779ca2d7c0a70523c8a73bb900c2c37e39391d00	True	False	eos	62	61	True	False	False	False	True	0.10430605622706379	0.06381829728796116	True	True	False	[]	True	False	[]	True	False	[]	True	False	[]	True	False	[]	True	composition_outlier_warning	composition_outlier_warning		excluded	unsupported	fail	61	nat_39cf0fd21702af1ff2b1	"[""nat_39cf0fd21702af1ff2b1""]"	1	69	10.5	73	57	18	0.3157894736842105	0.9344262295081968	0.8260869565217391	0.2608695652173913	0.7391304347826086	resolved		346	12	True
vae_candidate_000833	a92c102addb607dee230c7f52d4461ec7cd7a82458bc78935c1d990d3698b11a	True	False	eos	164	163	True	False	False	False	True	0.03234907208257354	0.06381829728796116	False	True	False	[]	True	False	[]	True	False	[]	True	False	[]	True	False	[]	True				excluded	unsupported	pass	163		[]	0											unresolved	no_reliable_reference	346	0	True
vae_candidate_000834	7012fd62d50445d5dadd356c4602853f1710bf5b2f633b3cfc5618b0cac9aef0	True	False	eos	118	117	True	False	False	False	True	0.017249698263494366	0.06381829728796116	False	True	False	[]	True	False	[]	True	False	[]	True	False	[]	True	False	[]	True				excluded	unsupported	pass	117	nat_4a87fc740463a61b2d05	"[""nat_4a87fc740463a61b2d05"", ""nat_9fd0842a53e077dc147a"", ""nat_b28a6bed955c267791e6""]"	3	109	195.5	121	105	53	0.5047619047619047	0.8974358974358975	0.963302752293578	0.452991452991453	0.5470085470085471	resolved		346	7	True
vae_candidate_000835	8fe1e9be69a12471df33802b86e26b5b2ebb9b2f1ccbd1543ffea7d41b2e4134	True	False	eos	88	87	True	False	False	False	True	0.04864574321299058	0.06381829728796116	False	True	False	[]	True	False	[]	True	False	[]	True	False	[]	True	False	[]	True				excluded	unsupported	pass	87	nat_0a6194eed91a047cb43e	"[""nat_0a6194eed91a047cb43e""]"	1	84	164.5	98	73	43	0.589041095890411	0.8390804597701149	0.8690476190476191	0.4942528735632184	0.5057471264367817	resolved		346	107	True
vae_candidate_000837	85edf590e9fbdf9ecac7122a4e59aa738fd552cabe14a8b9ab603d7c65c990fa	True	False	eos	109	108	True	False	False	False	True	0.02140542114378295	0.06381829728796116	False	True	False	[]	True	False	[]	True	False	[]	True	False	[]	True	False	[]	True				excluded	unsupported	pass	108		[]	0											unresolved	no_reliable_reference	346	0	True
vae_candidate_000838	63195babbf6947910d95da0814a1e7ecfc1ce87a7def93a12779cfb51f0fe3b0	True	False	eos	87	86	True	False	False	False	True	0.029082796252732784	0.06381829728796116	False	True	False	[]	True	False	[]	True	False	[]	True	False	[]	True	False	[]	True				excluded	unsupported	pass	86	nat_b14dbbd56a14a6238029	"[""nat_b14dbbd56a14a6238029""]"	1	93	253.0	98	81	66	0.8148148148148148	0.9418604651162791	0.8709677419354839	0.7096774193548387	0.29032258064516125	resolved		346	207	True
vae_candidate_000840	0a3ac9ded1dec736dafd54d3f528757b157c5a285a094d769b2a48b91c924e37	True	False	eos	147	146	True	False	False	False	True	0.025940640229450473	0.06381829728796116	False	True	False	[]	True	False	[]	True	False	[]	True	False	[]	True	False	[]	True				excluded	unsupported	fail	146	nat_4469cb3e6c41fb1309a3	"[""nat_4469cb3e6c41fb1309a3""]"	1	148	189.5	171	123	66	0.5365853658536586	0.8424657534246576	0.831081081081081	0.44594594594594594	0.5540540540540541	resolved		346	86	True
vae_candidate_000841	90fa3d4dfd30e0eaa00831a122993a23ce8b72e8114037f263d9d33001a8e504	True	False	eos	96	95	True	False	False	False	True	0.014432820330464124	0.06381829728796116	False	True	False	[]	True	False	[]	True	False	[]	True	False	[]	True	False	[]	True				main_supported_gvpa	supported_gvpa	pass	95	nat_8189ed3c9ac18707f549	"[""nat_8189ed3c9ac18707f549"", ""nat_9ba949b2aab9e2be6898"", ""nat_9ca97034ea4d97950343"", ""nat_a49cfe7d33cec22c3905"", ""nat_a9c10692b45d32f772b4"", ""nat_c468502803b4ab5981f1""]"	6	94	397.0	96	93	88	0.946236559139785	0.9789473684210527	0.9893617021276596	0.9263157894736842	0.0736842105263158	resolved		346	174	True
vae_candidate_000842	5fd1a782134e22add85d0ee1b99c40303694a8977a57cede508a03b9d8862809	True	False	eos	113	112	True	False	False	False	True	0.051605813929492955	0.06381829728796116	False	True	False	[]	True	False	[]	True	False	[]	True	False	[]	True	False	[]	True				excluded	unsupported	fail	112	nat_dc2b0da282a1a334132b	"[""nat_dc2b0da282a1a334132b""]"	1	102	24.0	120	94	27	0.2872340425531915	0.8392857142857143	0.9215686274509803	0.24107142857142858	0.7589285714285714	resolved		346	18	True
vae_candidate_000843	b86338297660445cc03d594186178109b41164c822a70363b8f65238a42279f4	True	False	eos	95	94	True	False	False	False	True	0.017198828190732103	0.06381829728796116	False	True	False	[]	True	False	[]	True	False	[]	True	False	[]	True	False	[]	True				main_supported_gvpa	supported_gvpa	pass	94	nat_6681febe116459c77b18	"[""nat_6681febe116459c77b18"", ""nat_86af2bea85657bdc848a"", ""nat_c8490949e18e771ed8c8"", ""nat_ccd25408209dd226eaf9"", ""nat_dc6aa26cbe06c32b68c2""]"	5	94	341.0	95	93	75	0.8064516129032258	0.9893617021276596	0.9893617021276596	0.7978723404255319	0.2021276595744681	resolved		346	182	True
vae_candidate_000844	fcd348111139db43201792b6a164c4a62e8d849c85a5eabff4dd72cb8f1c64dc	True	False	eos	125	124	True	False	False	False	True	0.02823128985815808	0.06381829728796116	False	True	False	[]	True	False	[]	True	False	[]	True	False	[]	True	False	[]	True				excluded	unsupported	fail	124		[]	0											unresolved	no_reliable_reference	346	0	True
vae_candidate_000845	e8e930f1ca8a542b2c8f59cceabe0f523caf29057f5634059c82238042dc6f26	True	False	eos	128	127	True	False	False	False	True	0.013166074895572508	0.06381829728796116	False	True	False	[]	True	False	[]	True	False	[]	True	False	[]	True	False	[]	True				excluded	unsupported	pass	127	nat_c74d6e1106797b3a3d0f	"[""nat_c74d6e1106797b3a3d0f""]"	1	133	234.0	153	107	71	0.6635514018691588	0.84251968503937	0.8045112781954887	0.5338345864661654	0.46616541353383456	resolved		346	7	True
vae_candidate_000846	7849dfcc7540a457a27a5a25e6db7288c6cb343415c71faef71f01db0a66978c	True	False	eos	87	86	True	False	False	False	True	0.020805386880273547	0.06381829728796116	False	True	False	[]	True	False	[]	True	False	[]	True	False	[]	True	False	[]	True				excluded	unsupported	fail	86	nat_78005b3dddedd0251b7e	"[""nat_78005b3dddedd0251b7e"", ""nat_9fda348180c612303cdb"", ""nat_a49cfe7d33cec22c3905""]"	3	95	363.5	96	85	78	0.9176470588235294	0.9883720930232558	0.8947368421052632	0.8210526315789474	0.17894736842105263	resolved		346	153	True
vae_candidate_000847	0a8dba8187fed5d0380d525a72c037a91c55f8ddfe79352e40a674abc0b23d09	True	False	eos	142	141	True	False	False	False	True	0.02947986614592029	0.06381829728796116	False	True	False	[]	True	False	[]	True	False	[]	True	False	[]	True	False	[]	True				excluded	unsupported	pass	141	nat_6ee0ebbf185af1c7d346	"[""nat_6ee0ebbf185af1c7d346""]"	1	135	204.5	152	124	59	0.47580645161290325	0.8794326241134752	0.9185185185185185	0.41843971631205673	0.5815602836879432	resolved		346	49	True
vae_candidate_000848	a8a052f482d11557da816907f783189aa95e8dcb00aef77e08f497a11ca56698	True	False	eos	121	120	True	False	False	False	True	0.018104753848322115	0.06381829728796116	False	True	False	[]	True	False	[]	True	False	[]	True	False	[]	True	False	[]	True				excluded	unsupported	fail	120	nat_8bfb3056e00dc3525ee8	"[""nat_8bfb3056e00dc3525ee8""]"	1	145	119.5	148	117	48	0.41025641025641024	0.975	0.8068965517241379	0.3310344827586207	0.6689655172413793	resolved		346	18	True
vae_candidate_000849	50bd325cb916448a3757789beb994c0f535ae8fb61963d195909a339752796b2	True	False	eos	160	159	True	False	False	False	True	0.029671477452537065	0.06381829728796116	False	True	False	[]	True	False	[]	True	False	[]	True	False	[]	True	False	[]	True				excluded	unsupported	fail	159	nat_31b4ab378929e0c134fa	"[""nat_31b4ab378929e0c134fa""]"	1	155	239.5	182	132	78	0.5909090909090909	0.8301886792452831	0.8516129032258064	0.49056603773584906	0.5094339622641509	resolved		346	93	True
vae_candidate_000850	29c7b6a4bb5da4d6e7072e568df80fc6f07341c8f6476ef02aaa04f2956b1a60	True	False	eos	137	136	True	False	False	False	True	0.02630088458475221	0.06381829728796116	False	True	False	[]	True	False	[]	True	False	[]	True	False	[]	True	False	[]	True				excluded	unsupported	pass	136	nat_8d5392221648a605a7c2	"[""nat_8d5392221648a605a7c2""]"	1	134	255.5	153	117	75	0.6410256410256411	0.8602941176470589	0.8731343283582089	0.5514705882352942	0.44852941176470584	resolved		346	56	True
vae_candidate_000851	003b3bf5714edca9dc273553758f876f064a11ba1112517d842756956fe4c6a5	True	False	eos	102	101	True	False	False	False	True	0.031762448416637584	0.06381829728796116	False	True	False	[]	True	False	[]	True	False	[]	True	False	[]	True	False	[]	True				excluded	unsupported	fail	101	nat_833a1708482ad34125e2	"[""nat_833a1708482ad34125e2""]"	1	98	219.0	117	82	59	0.7195121951219512	0.8118811881188119	0.8367346938775511	0.5841584158415841	0.4158415841584159	resolved		346	5	True
vae_candidate_000852	b1f9aa12829c8c643e8a53f4f5e40e880aba94280b5aaff77553061e983912e5	True	False	eos	82	81	True	False	False	False	True	0.07320323043127372	0.06381829728796116	True	True	False	[]	True	False	[]	True	False	[]	True	True	"[{""start"": 20, ""end"": 25, ""length"": 6, ""residue"": ""G""}]"	True	False	[]	True	composition_outlier_warning;homopolymer_warning	composition_outlier_warning;homopolymer_warning		excluded	unsupported	fail	81	nat_262acad32bf64e600812	"[""nat_262acad32bf64e600812""]"	1	75	1.5	89	67	22	0.3283582089552239	0.8271604938271605	0.8933333333333333	0.2716049382716049	0.7283950617283951	resolved		346	2	True
vae_candidate_000853	5dd73d8ea101649c3b7b057d62831f9d21dfb5d116a20fce4892c9658e8a9b04	True	False	eos	121	120	True	False	False	False	True	0.07675992734319616	0.06381829728796116	True	True	False	[]	True	False	[]	True	False	[]	True	False	[]	True	False	[]	True	composition_outlier_warning	composition_outlier_warning		excluded	unsupported	fail	120	nat_2b769a64bdbe24f6dbc7	"[""nat_2b769a64bdbe24f6dbc7""]"	1	147	5.5	149	118	32	0.2711864406779661	0.9833333333333333	0.8027210884353742	0.21768707482993196	0.782312925170068	resolved		346	2	True
vae_candidate_000854	90916544150818d2b9350341065a36e646514d3bc04c66c249f95263c3a10bcc	True	False	eos	110	109	True	False	False	False	True	0.010562851261829992	0.06381829728796116	False	True	False	[]	True	False	[]	True	False	[]	True	False	[]	True	False	[]	True				excluded	unsupported	fail	109	nat_1f956fdbc151f2ec0ffb	"[""nat_1f956fdbc151f2ec0ffb"", ""nat_7ee1d64f80049d71603c""]"	2	95	306.0	113	91	76	0.8351648351648352	0.8348623853211009	0.9578947368421052	0.6972477064220184	0.3027522935779816	resolved		346	122	True
vae_candidate_000855	6d15d1dc68b13254231aeb778158ed0527b20b3db9537fe3c23919183f71de22	False	True	length_cap	180	180	True	False	True	False	True	0.04009772109149643	0.06381829728796116	False	True	False	[]	True	False	[]	True	False	[]	True	True	"[{""start"": 96, ""end"": 101, ""length"": 6, ""residue"": ""G""}]"	True	False	[]	True	generation_cap_warning;homopolymer_warning	generation_cap_warning;homopolymer_warning		excluded	unsupported	fail	180		[]	0											unresolved	no_reliable_reference	346	0	True
vae_candidate_000856	5bf07cc41ce67c19d96ab837b520720dcfd99d73bdadbc6f296ad3ab449256e2	True	False	eos	61	60	True	False	False	False	True	0.09660791589802921	0.06381829728796116	True	True	False	[]	True	False	[]	True	False	[]	True	False	[]	True	False	[]	True	composition_outlier_warning	composition_outlier_warning		excluded	unsupported	fail	60	nat_8d6274f78693091697cf	"[""nat_8d6274f78693091697cf""]"	1	70	80.0	74	56	33	0.5892857142857143	0.9333333333333333	0.8	0.4714285714285714	0.5285714285714286	resolved		346	11	True
vae_candidate_000858	5cbef6625d62a2739967088e20bad7edf85cbaa8ab6dff0146ba9b1f56273425	True	False	eos	135	134	True	False	False	False	True	0.027345678690963177	0.06381829728796116	False	True	False	[]	True	False	[]	True	False	[]	True	False	[]	True	False	[]	True				excluded	unsupported	pass	134	nat_942bc0624c6f9016a403	"[""nat_942bc0624c6f9016a403""]"	1	135	227.5	151	118	68	0.576271186440678	0.8805970149253731	0.8740740740740741	0.5037037037037037	0.49629629629629635	resolved		346	40	True
vae_candidate_000859	38e3dc73b473ca7f70876c11457beba2c6f4b79bfd8e9e4013ceed8bc64daf97	True	False	eos	134	133	True	False	False	False	True	0.026511790183527735	0.06381829728796116	False	True	False	[]	True	False	[]	True	False	[]	True	False	[]	True	False	[]	True				ambiguous_exploration	gvpa_gvpj_ambiguous	pass	133	nat_45b0f1ea69baf732de14	"[""nat_45b0f1ea69baf732de14""]"	1	147	268.5	157	123	74	0.6016260162601627	0.924812030075188	0.8367346938775511	0.5034013605442177	0.4965986394557823	resolved		346	75	True
vae_candidate_000860	1f4f1763d3daf9681af62c77d778ed91fa70b73afe8fc9bb3d5761a3400cb8e4	True	False	eos	171	170	True	False	False	False	True	0.049728779441130216	0.06381829728796116	False	True	False	[]	True	False	[]	True	False	[]	True	False	[]	True	False	[]	True				excluded	unsupported	pass	170	nat_fb2578ea0ecaed2ea0af	"[""nat_fb2578ea0ecaed2ea0af""]"	1	157	202.0	188	139	64	0.460431654676259	0.8176470588235294	0.8853503184713376	0.3764705882352941	0.6235294117647059	resolved		346	68	True
vae_candidate_000861	e9d9faed55f789b7c311a12e02dc929739b85fe77e27feb11324c1cb354f10eb	True	False	eos	120	119	True	False	False	False	True	0.031000656868110925	0.06381829728796116	False	True	False	[]	True	False	[]	True	False	[]	True	False	[]	True	False	[]	True				excluded	unsupported	fail	119	nat_dc2b0da282a1a334132b	"[""nat_dc2b0da282a1a334132b""]"	1	102	83.0	124	97	33	0.3402061855670103	0.8151260504201681	0.9509803921568627	0.2773109243697479	0.7226890756302521	resolved		346	1	True
vae_candidate_000862	7df19ccea3d18907896fdeffad2f76bd0c01b54f74ece703ea4f88d1694fb600	True	False	eos	57	56	True	False	False	False	True	0.031199999174477206	0.06381829728796116	False	True	False	[]	True	False	[]	True	False	[]	True	False	[]	True	False	[]	True				excluded	unsupported	fail	56		[]	0											unresolved	no_reliable_reference	346	0	True
vae_candidate_000863	0733124815550b9feb600d841ff59f782bf229804b3bb5498654bdd9d6733cad	True	False	eos	143	142	True	False	False	False	True	0.02957511644606864	0.06381829728796116	False	True	False	[]	True	False	[]	True	False	[]	True	False	[]	True	False	[]	True				excluded	unsupported	fail	142	nat_db787bdce100ebe0b52f	"[""nat_db787bdce100ebe0b52f""]"	1	137	121.5	165	114	54	0.47368421052631576	0.8028169014084507	0.8321167883211679	0.38028169014084506	0.619718309859155	resolved		346	11	True
vae_candidate_000864	cea87c1c0017d1266a785a8596bfaac50f236751230e254d17e5dab3887ac065	True	False	eos	140	139	True	False	False	False	True	0.03677722012047996	0.06381829728796116	False	True	False	[]	True	False	[]	True	False	[]	True	False	[]	True	False	[]	True				ambiguous_exploration	gvpa_gvpj_ambiguous	pass	139	nat_d5cf1fda20a7d9852de3	"[""nat_d5cf1fda20a7d9852de3""]"	1	137	239.5	153	123	70	0.5691056910569106	0.8848920863309353	0.8978102189781022	0.5035971223021583	0.49640287769784175	resolved		346	118	True
vae_candidate_000865	f9990a44679b09fb58e13b9764642c3702230cdb08f71d16d6e95d98e53f3ec3	True	False	eos	54	53	True	False	False	False	True	0.05478425164099301	0.06381829728796116	False	True	False	[]	True	False	[]	True	False	[]	True	False	[]	True	False	[]	True				excluded	unsupported	fail	53		[]	0											unresolved	no_reliable_reference	346	0	True
vae_candidate_000866	df7a85c960731293bb3cfc991887b88799573b875d9d10587f0e8b4f5231776b	True	False	eos	109	108	True	False	False	False	True	0.04238767838712392	0.06381829728796116	False	True	False	[]	True	False	[]	True	False	[]	True	False	[]	True	False	[]	True				excluded	unsupported	fail	108	nat_30c8db5b2a48ec02340b	"[""nat_30c8db5b2a48ec02340b"", ""nat_7ee1d64f80049d71603c""]"	2	94	82.5	114	88	40	0.45454545454545453	0.8148148148148148	0.9361702127659575	0.37037037037037035	0.6296296296296297	resolved		346	35	True
vae_candidate_000867	b570c2a498556c0e629a760c896eddb8734915821e62ed85c503b78f6a807717	True	False	eos	73	72	True	False	False	False	True	0.10585306911961778	0.06381829728796116	True	True	False	[]	True	False	[]	True	False	[]	True	False	[]	True	False	[]	True	composition_outlier_warning	composition_outlier_warning		excluded	unsupported	fail	72		[]	0											unresolved	no_reliable_reference	346	0	True
vae_candidate_000868	8f9e77af16f74d18d4aed6992b197a8a0f5313262f9cb651a121f3b6a18baa49	True	False	eos	104	103	True	False	False	False	True	0.026506702747042504	0.06381829728796116	False	True	False	[]	True	False	[]	True	False	[]	True	False	[]	True	False	[]	True				excluded	unsupported	fail	103	nat_dc2b0da282a1a334132b	"[""nat_dc2b0da282a1a334132b""]"	1	102	133.0	122	83	44	0.5301204819277109	0.8058252427184466	0.8137254901960784	0.42718446601941745	0.5728155339805825	resolved		346	1	True
vae_candidate_000869	b3b9cb19dd7c43ffc26dd6375653459a223defd1d9192a8dc5fdec04034a018a	True	False	eos	98	97	True	False	False	False	True	0.026288566128108586	0.06381829728796116	False	True	False	[]	True	False	[]	True	False	[]	True	False	[]	True	False	[]	True				excluded	unsupported	fail	97		[]	0											unresolved	no_reliable_reference	346	0	True
vae_candidate_000870	c9d76e96e73994ac782c30d80d336088df452c21b49fbaa30a3b223f6120e708	True	False	eos	113	112	True	False	False	False	True	0.06380595483502995	0.06381829728796116	False	True	False	[]	True	False	[]	True	False	[]	True	False	[]	True	False	[]	True				excluded	unsupported	fail	112	nat_69442765a7e1224b0435	"[""nat_69442765a7e1224b0435"", ""nat_fa2383cbfbff83286c61"", ""nat_fca422d4ddd5dcd65605""]"	3	96	28.0	118	90	28	0.3111111111111111	0.8035714285714286	0.9375	0.25	0.75	resolved		346	7	True
vae_candidate_000871	f1e0e1aae2d5d7d9e19dc74c2cf4fa508e07d7eb94c2d1343e401d5df8def4bc	True	False	eos	76	75	True	False	False	False	True	0.044347152664556216	0.06381829728796116	False	True	False	[]	True	False	[]	True	False	[]	True	False	[]	True	False	[]	True				excluded	unsupported	fail	75	nat_b3561a1e0242e2259486	"[""nat_b3561a1e0242e2259486""]"	1	76	2.0	86	65	19	0.2923076923076923	0.8666666666666667	0.8552631578947368	0.25	0.75	resolved		346	4	True
vae_candidate_000873	8750d03da299549c192fc8dcbf673dd1eaf5c161a99b2be519784e133945e2d9	True	False	eos	69	68	True	False	False	False	True	0.09102168556299298	0.06381829728796116	True	True	False	[]	True	False	[]	True	False	[]	True	False	[]	True	False	[]	True	composition_outlier_warning	composition_outlier_warning		excluded	unsupported	fail	68		[]	0											unresolved	no_reliable_reference	346	0	True
vae_candidate_000874	aeb8d1ed799994e3e1d5417c2ce205f4eb077843269a57653de853b498ecc85d	True	False	eos	91	90	True	False	False	False	True	0.030192724947487364	0.06381829728796116	False	True	False	[]	True	False	[]	True	False	[]	True	False	[]	True	False	[]	True				excluded	unsupported	fail	90	nat_ccd25408209dd226eaf9	"[""nat_ccd25408209dd226eaf9""]"	1	94	188.0	106	78	55	0.7051282051282052	0.8666666666666667	0.8297872340425532	0.5851063829787234	0.4148936170212766	resolved		346	169	True
vae_candidate_000875	abb5b95360d165cee616e91cd6e0ea9611a15609d426a1c2c05f2c1c4d61616a	True	False	eos	95	94	True	False	False	False	True	0.06818387313935373	0.06381829728796116	True	True	False	[]	True	False	[]	True	False	[]	True	False	[]	True	False	[]	True	composition_outlier_warning	composition_outlier_warning		excluded	unsupported	fail	94	nat_9ba949b2aab9e2be6898	"[""nat_9ba949b2aab9e2be6898""]"	1	95	94.5	108	81	45	0.5555555555555556	0.8617021276595744	0.8526315789473684	0.47368421052631576	0.5263157894736843	resolved		346	132	True
vae_candidate_000877	0ae56149186459a76f10bdc7ea130e999d8d2f5899274644ddb8d61fec4cdb14	True	False	eos	67	66	True	False	False	False	True	0.07116728788034321	0.06381829728796116	True	True	False	[]	True	False	[]	True	False	[]	True	False	[]	True	False	[]	True	composition_outlier_warning	composition_outlier_warning		excluded	unsupported	fail	66	nat_39cf0fd21702af1ff2b1	"[""nat_39cf0fd21702af1ff2b1""]"	1	69	74.5	78	57	27	0.47368421052631576	0.8636363636363636	0.8260869565217391	0.391304347826087	0.6086956521739131	resolved		346	28	True
vae_candidate_000878	caa3159d0ec21845d38ccfda85d56b636741897b7e427b17c0da776b1dcc5d73	True	False	eos	70	69	True	False	False	False	True	0.12402548474032614	0.06381829728796116	True	True	False	[]	True	False	[]	True	False	[]	True	True	"[{""start"": 11, ""end"": 17, ""length"": 7, ""residue"": ""G""}]"	True	False	[]	True	composition_outlier_warning;homopolymer_warning	composition_outlier_warning;homopolymer_warning		excluded	unsupported	fail	69	nat_440c141d3d83ed043c33	"[""nat_440c141d3d83ed043c33"", ""nat_49cef355c6ba3187ae5c""]"	2	76	43.5	77	68	24	0.35294117647058826	0.9855072463768116	0.8947368421052632	0.3157894736842105	0.6842105263157895	resolved		346	48	True
vae_candidate_000879	75ae47088dae62e360bfe9bcc0f8a858561b339494e6f5b7eebd08b2023ead9d	True	False	eos	75	74	True	False	False	False	True	0.04864632715296301	0.06381829728796116	False	True	False	[]	True	False	[]	True	False	[]	True	False	[]	True	False	[]	True				excluded	unsupported	fail	74	nat_73e0b5aa88a198c56cae	"[""nat_73e0b5aa88a198c56cae""]"	1	87	48.0	88	73	25	0.3424657534246575	0.9864864864864865	0.8390804597701149	0.28735632183908044	0.7126436781609196	resolved		346	22	True
vae_candidate_000880	8feedaf83043353c9b1d0080b453dc2a13d7f276d6b139295daeaeb97b3bba90	True	False	eos	131	130	True	False	False	False	True	0.024716290215659388	0.06381829728796116	False	True	False	[]	True	False	[]	True	False	[]	True	False	[]	True	False	[]	True				excluded	unsupported	fail	130	nat_4b655799ef9e19953b56	"[""nat_4b655799ef9e19953b56""]"	1	133	51.5	151	112	42	0.375	0.8615384615384616	0.8421052631578947	0.3157894736842105	0.6842105263157895	resolved		346	1	True
vae_candidate_000882	db801ed9053597c33f2972d53072dbcbd3e79bffd9f7a17d37368285d25f6426	True	False	eos	125	124	True	False	False	False	True	0.025307859794542684	0.06381829728796116	False	True	False	[]	True	False	[]	True	False	[]	True	False	[]	True	False	[]	True				excluded	unsupported	pass	124	nat_8bfb3056e00dc3525ee8	"[""nat_8bfb3056e00dc3525ee8""]"	1	145	316.0	153	116	79	0.6810344827586207	0.9354838709677419	0.8	0.5448275862068965	0.45517241379310347	resolved		346	35	True
vae_candidate_000883	d43f5e906fb591eb8eb61adec77d07404e98b8b28e0e08b4e8db642bfb62d286	True	False	eos	93	92	True	False	False	False	True	0.022018377489688865	0.06381829728796116	False	True	False	[]	True	False	[]	True	False	[]	True	False	[]	True	False	[]	True				main_supported_gvpa	supported_gvpa	pass	92	nat_943ce15fb7773fa3a769	"[""nat_943ce15fb7773fa3a769"", ""nat_c8490949e18e771ed8c8""]"	2	94	320.5	98	88	75	0.8522727272727273	0.9565217391304348	0.9361702127659575	0.7978723404255319	0.2021276595744681	resolved		346	165	True
vae_candidate_000884	2abd1dd3734d37cb28f9344192dff3b92797ff99beafd9615f5738bdd73ec55b	True	False	eos	135	134	True	False	False	False	True	0.03993971416995652	0.06381829728796116	False	True	False	[]	True	False	[]	True	False	[]	True	False	[]	True	False	[]	True				ambiguous_exploration	gvpa_gvpj_ambiguous	pass	134	nat_e10062d88e50908c95d3	"[""nat_e10062d88e50908c95d3"", ""nat_e8032b7ad48d42a9adf3""]"	2	135	201.0	157	112	59	0.5267857142857143	0.835820895522388	0.8296296296296296	0.43703703703703706	0.5629629629629629	resolved		346	95	True
vae_candidate_000885	946a6ca808b33bda26c7456d3d5f75cb5f1637cfa467fc6b316a653b0254473f	True	False	eos	56	55	True	False	False	False	True	0.07485453618120798	0.06381829728796116	True	True	False	[]	True	False	[]	True	False	[]	True	False	[]	True	False	[]	True	composition_outlier_warning	composition_outlier_warning		excluded	unsupported	fail	55		[]	0											unresolved	no_reliable_reference	346	0	True
vae_candidate_000886	cca5bd96a5abafa91e7fc72a3050ba0614d47fc3bdbe9c2bb88cb103161705fa	True	False	eos	117	116	True	False	False	False	True	0.023506793974015935	0.06381829728796116	False	True	False	[]	True	False	[]	True	False	[]	True	False	[]	True	False	[]	True				excluded	unsupported	fail	116	nat_4a87fc740463a61b2d05	"[""nat_4a87fc740463a61b2d05""]"	1	109	147.0	126	99	46	0.46464646464646464	0.853448275862069	0.908256880733945	0.39655172413793105	0.603448275862069	resolved		346	21	True
vae_candidate_000887	6a201d17cebaf11501b1346ba2bcd6c3d9971b1c009c646318d3307ef9560b26	True	False	eos	69	68	True	False	False	False	True	0.020872952401939083	0.06381829728796116	False	True	False	[]	True	False	[]	True	False	[]	True	False	[]	True	False	[]	True				excluded	unsupported	pass	68	nat_1ed909a554bd91f8870f	"[""nat_1ed909a554bd91f8870f""]"	1	73	245.0	74	67	57	0.8507462686567164	0.9852941176470589	0.9178082191780822	0.7808219178082192	0.2191780821917808	resolved		346	77	True
vae_candidate_000888	94d525d638d95151b4de229b267eaa7375c51bffed75f7f3186276564dfc4ccb	True	False	eos	150	149	True	False	False	False	True	0.030230806370793603	0.06381829728796116	False	True	False	[]	True	False	[]	True	False	[]	True	False	[]	True	False	[]	True				excluded	unsupported	pass	149	nat_45d8bf8bea0b0845fea0	"[""nat_45d8bf8bea0b0845fea0""]"	1	139	210.0	167	121	74	0.6115702479338843	0.8120805369127517	0.8705035971223022	0.4966442953020134	0.5033557046979866	resolved		346	100	True
vae_candidate_000889	4d15240600ecc4d9adab8e28682ba6406c3bf6b1cd9fc5a61bfd5d86ee373330	True	False	eos	87	86	True	False	False	False	True	0.045857672850349356	0.06381829728796116	False	True	False	[]	True	False	[]	True	False	[]	True	False	[]	True	False	[]	True				excluded	unsupported	fail	86	nat_019e8d05123166c4099d	"[""nat_019e8d05123166c4099d"", ""nat_0aeb545239a28bae61f9"", ""nat_cd0ec9cc83e20bd818b3"", ""nat_edf12e96625a3cd49854""]"	4	86	118.0	100	72	42	0.5833333333333334	0.8372093023255814	0.8372093023255814	0.4883720930232558	0.5116279069767442	resolved		346	147	True
vae_candidate_000890	1a02c2a45b85324391ebac87e04b7641b3ff150e41be988d7a077247c5f3a8cc	True	False	eos	136	135	True	False	False	False	True	0.027089780486907387	0.06381829728796116	False	True	False	[]	True	False	[]	True	False	[]	True	False	[]	True	False	[]	True				excluded	unsupported	fail	135	nat_438c70c6875cb7fc8740	"[""nat_438c70c6875cb7fc8740""]"	1	136	101.0	157	114	47	0.41228070175438597	0.8444444444444444	0.8382352941176471	0.34558823529411764	0.6544117647058824	resolved		346	35	True
vae_candidate_000891	78b0f3a2b2b68ee341ae17d14a54886495eabd383ba602ff7e5f85140799c6e7	True	False	eos	81	80	True	False	False	False	True	0.018852283770115504	0.06381829728796116	False	True	False	[]	True	False	[]	True	False	[]	True	False	[]	True	False	[]	True				excluded	unsupported	pass	80	nat_145768217677e4dfa78e	"[""nat_145768217677e4dfa78e"", ""nat_39696a92cfeac6f208a2"", ""nat_766d45336d56f5b42f24""]"	3	78	229.5	91	67	56	0.835820895522388	0.8375	0.8589743589743589	0.7	0.30000000000000004	resolved		346	88	True
vae_candidate_000892	52211b8597aa3ee2588f8cea719bff9418aa2bcc1c4182d74ed2087bb5ae98f5	False	True	length_cap	180	180	True	False	True	False	True	0.05607509339378085	0.06381829728796116	False	True	False	[]	True	False	[]	True	False	[]	True	False	[]	True	False	[]	True	generation_cap_warning	generation_cap_warning		excluded	unsupported	fail	180	nat_e3bf29001a743e3b64f9	"[""nat_e3bf29001a743e3b64f9""]"	1	158	190.5	193	145	65	0.4482758620689655	0.8055555555555556	0.9177215189873418	0.3611111111111111	0.6388888888888888	resolved		346	1	True
vae_candidate_000893	e0418d8859cb8e82c87632e5f412cc137288a223a5201ad28455d8016dd946e2	True	False	eos	118	117	True	False	False	False	True	0.046896891374255234	0.06381829728796116	False	True	False	[]	True	False	[]	True	False	[]	True	False	[]	True	False	[]	True				excluded	unsupported	fail	117		[]	0											unresolved	no_reliable_reference	346	0	True
vae_candidate_000896	92c52ddb68b9f2dbaa03a03c132e4d71a40294f2c3e4f1ddf206d2e3b0f3c505	True	False	eos	123	122	True	False	False	False	True	0.01776720278838287	0.06381829728796116	False	True	False	[]	True	False	[]	True	False	[]	True	False	[]	True	False	[]	True				ambiguous_exploration	gvpa_gvpj_ambiguous	pass	122	nat_4a87fc740463a61b2d05	"[""nat_4a87fc740463a61b2d05""]"	1	109	217.5	133	98	60	0.6122448979591837	0.8032786885245902	0.8990825688073395	0.4918032786885246	0.5081967213114754	resolved		346	50	True
vae_candidate_000897	7f8a096c0a94875e4f541c3923c361223799a521843a5390cf31bc8be340c961	True	False	eos	56	55	True	False	False	False	True	0.0580319204929211	0.06381829728796116	False	True	False	[]	True	False	[]	True	False	[]	True	False	[]	True	False	[]	True				excluded	unsupported	pass	55		[]	0											unresolved	no_reliable_reference	346	0	True
vae_candidate_000898	8be360d77114fbc18ecbe92fe2936a1f81b54ebd69fc202efdb3a04ea4a7db10	True	False	eos	117	116	True	False	False	False	True	0.011753011272541015	0.06381829728796116	False	True	False	[]	True	False	[]	True	False	[]	True	False	[]	True	False	[]	True				excluded	unsupported	fail	116	nat_833a1708482ad34125e2	"[""nat_833a1708482ad34125e2"", ""nat_dca06c4ca76aafac96e9""]"	2	98	263.5	120	94	68	0.723404255319149	0.8103448275862069	0.9591836734693877	0.5862068965517241	0.4137931034482759	resolved		346	9	True
vae_candidate_000899	05de6a85b151a6b600d1e22d692c4adf363098109f96c94e21210f88c7b874ef	True	False	eos	105	104	True	False	False	False	True	0.06471710867357985	0.06381829728796116	True	True	False	[]	True	False	[]	True	False	[]	True	False	[]	True	False	[]	True	composition_outlier_warning	composition_outlier_warning		excluded	unsupported	fail	104	nat_3d7fc725cd17cf23a73c	"[""nat_3d7fc725cd17cf23a73c"", ""nat_461115b7000bfd74f566""]"	2	97	10.5	115	86	24	0.27906976744186046	0.8269230769230769	0.8865979381443299	0.23076923076923078	0.7692307692307692	resolved		346	2	True
vae_candidate_000901	7e6e24d98c390ff8736f88efd653d88a19e90d9e4cd8579221b1215607b11d49	True	False	eos	98	97	True	False	False	False	True	0.02541128896074872	0.06381829728796116	False	True	False	[]	True	False	[]	True	False	[]	True	False	[]	True	False	[]	True				excluded	unsupported	pass	97	nat_4dc9c1477d3d6b181da7	"[""nat_4dc9c1477d3d6b181da7""]"	1	95	243.5	105	87	63	0.7241379310344828	0.8969072164948454	0.9157894736842105	0.6494845360824743	0.35051546391752575	resolved		346	166	True
vae_candidate_000902	9830d1dede3a9fe5475e7e4b531860b9099c1c11212d3eb396f1a099b6f84bb6	True	False	eos	150	149	True	False	False	False	True	0.017306179468619166	0.06381829728796116	False	True	False	[]	True	False	[]	True	False	[]	True	False	[]	True	False	[]	True				excluded	unsupported	pass	149	nat_f4f90ca0708a5faa9c5b	"[""nat_f4f90ca0708a5faa9c5b""]"	1	137	186.5	163	123	67	0.5447154471544715	0.825503355704698	0.8978102189781022	0.44966442953020136	0.5503355704697986	resolved		346	45	True
vae_candidate_000903	aca2abfc6de64d5a9afa9e8ed3e4b890b59444c00f66dec5bd0766213cb619ff	True	False	eos	96	95	True	False	False	False	True	0.011837745287116489	0.06381829728796116	False	True	False	[]	True	False	[]	True	False	[]	True	False	[]	True	False	[]	True				main_supported_gvpa	supported_gvpa	pass	95	nat_a9c10692b45d32f772b4	"[""nat_a9c10692b45d32f772b4"", ""nat_c468502803b4ab5981f1"", ""nat_d07d112598796fe30d76""]"	3	95	419.0	95	95	88	0.9263157894736842	1.0	1.0	0.9263157894736842	0.0736842105263158	resolved		346	184	True
vae_candidate_000904	bfa524ef5e2f08d76faae767e4afaa60d34387eb3afe70cb32a993ea8e23d9e3	True	False	eos	68	67	True	False	False	False	True	0.04099542013034381	0.06381829728796116	False	True	False	[]	True	False	[]	True	False	[]	True	False	[]	True	False	[]	True				excluded	unsupported	pass	67	nat_e9d0d8807aee29d8e61c	"[""nat_e9d0d8807aee29d8e61c""]"	1	71	200.0	72	66	48	0.7272727272727273	0.9850746268656716	0.9295774647887324	0.676056338028169	0.323943661971831	resolved		346	68	True
vae_candidate_000906	6faa50ef7527c3d01da2ad690e187bdeb62b3d7cac23336fc53b47b1d585b634	True	False	eos	73	72	True	False	False	False	True	0.04882578000977855	0.06381829728796116	False	True	False	[]	True	False	[]	True	False	[]	True	False	[]	True	False	[]	True				excluded	unsupported	pass	72	nat_444b2346dad8b8d36df2	"[""nat_444b2346dad8b8d36df2""]"	1	71	171.5	73	70	40	0.5714285714285714	0.9722222222222222	0.9859154929577465	0.5555555555555556	0.4444444444444444	resolved		346	100	True
vae_candidate_000907	22e388b983f8668df8554f0ecd479c9e8b2c88611cd2ba43c21c148cb759b9ca	True	False	eos	57	56	True	False	False	False	True	0.14553734222599393	0.06381829728796116	True	True	False	[]	True	False	[]	True	False	[]	True	True	"[{""start"": 33, ""end"": 38, ""length"": 6, ""residue"": ""G""}]"	True	False	[]	True	composition_outlier_warning;homopolymer_warning	composition_outlier_warning;homopolymer_warning		excluded	unsupported	fail	56		[]	0											unresolved	no_reliable_reference	346	0	True
vae_candidate_000908	aba7dd779117b9479e3c747cee7d27f257be375eb04f9a4546acb4b26d2cb0a0	True	False	eos	97	96	True	False	False	False	True	0.016316232007197326	0.06381829728796116	False	True	False	[]	True	False	[]	True	False	[]	True	False	[]	True	False	[]	True				main_supported_gvpa	supported_gvpa	pass	96	nat_1f956fdbc151f2ec0ffb	"[""nat_1f956fdbc151f2ec0ffb"", ""nat_49d3875a5ef4bbb644f9"", ""nat_9ba949b2aab9e2be6898"", ""nat_c468502803b4ab5981f1"", ""nat_d1b057f953bd558c0457""]"	5	95	395.5	97	94	85	0.9042553191489362	0.9791666666666666	0.9894736842105263	0.8854166666666666	0.11458333333333337	resolved		346	166	True
vae_candidate_000909	3d5b2c69068bae4cce3a45aa9944919c59b59253022b7b7961cfbac32c155df4	True	False	eos	106	105	True	False	False	False	True	0.010380617444108736	0.06381829728796116	False	True	False	[]	True	False	[]	True	False	[]	True	False	[]	True	False	[]	True				ambiguous_exploration	gvpa_gvpj_ambiguous	pass	105	nat_4d4e00d31d935ed0527d	"[""nat_4d4e00d31d935ed0527d"", ""nat_8d29ff35edf68fc809de"", ""nat_c468502803b4ab5981f1"", ""nat_f49fe3672d6fdfda7cc7""]"	4	95	256.5	109	91	63	0.6923076923076923	0.8666666666666667	0.9578947368421052	0.6	0.4	resolved		346	147	True
vae_candidate_000910	489cbd1c55bed028981620c9ae104a93cc61deaccbb57c39fb15673248360b0f	True	False	eos	116	115	True	False	False	False	True	0.02661834232659995	0.06381829728796116	False	True	False	[]	True	False	[]	True	False	[]	True	False	[]	True	False	[]	True				excluded	unsupported	fail	115	nat_4b655799ef9e19953b56	"[""nat_4b655799ef9e19953b56""]"	1	133	175.5	140	108	58	0.5370370370370371	0.9391304347826087	0.8120300751879699	0.43609022556390975	0.5639097744360902	resolved		346	24	True
vae_candidate_000911	0ade9e9d4264f90b522033c4fa9033da2565020d4540a7ef2b49c103604f7bd0	True	False	eos	155	154	True	False	False	False	True	0.0341627878685095	0.06381829728796116	False	True	False	[]	True	False	[]	True	False	[]	True	True	"[{""start"": 7, ""end"": 13, ""length"": 7, ""residue"": ""G""}]"	True	False	[]	True	homopolymer_warning	homopolymer_warning		excluded	unsupported	fail	154	nat_6ee0ebbf185af1c7d346	"[""nat_6ee0ebbf185af1c7d346"", ""nat_8d5392221648a605a7c2""]"	2	135	83.5	163	126	49	0.3888888888888889	0.8181818181818182	0.9333333333333333	0.3181818181818182	0.6818181818181819	resolved		346	5	True
vae_candidate_000912	59c908cbd00abbfdfa893315b82d461fdd5157d50a4aa36391fb40fbcd6a0d84	True	False	eos	92	91	True	False	False	False	True	0.014638566736889423	0.06381829728796116	False	True	False	[]	True	False	[]	True	False	[]	True	False	[]	True	False	[]	True				main_supported_gvpa	supported_gvpa	pass	91	nat_30c8db5b2a48ec02340b	"[""nat_30c8db5b2a48ec02340b"", ""nat_d4bbfd09a62903f1dd61""]"	2	94	347.5	94	91	75	0.8241758241758241	1.0	0.9680851063829787	0.7978723404255319	0.2021276595744681	resolved		346	190	True
vae_candidate_000913	6d04e656c4b3aa499cbcfe920276fb025812ffd23f3f983e7ce57507b2da1d3f	True	False	eos	98	97	True	False	False	False	True	0.019474938724792588	0.06381829728796116	False	True	False	[]	True	False	[]	True	False	[]	True	False	[]	True	False	[]	True				main_supported_gvpa	supported_gvpa	pass	97	nat_a9c10692b45d32f772b4	"[""nat_a9c10692b45d32f772b4"", ""nat_bf5abb4d953e0d6aaa1f""]"	2	95	400.5	98	94	87	0.925531914893617	0.9690721649484536	0.9894736842105263	0.8969072164948454	0.1030927835051546	resolved		346	159	True
vae_candidate_000915	6d23cb3f99e4119cf4a9ed26176177687fdbb1c9f610df5ed658850e789b48df	True	False	eos	69	68	True	False	False	False	True	0.04072529049414048	0.06381829728796116	False	True	False	[]	True	False	[]	True	False	[]	True	False	[]	True	False	[]	True				excluded	unsupported	pass	68	nat_ea5746ec582bf06f4e03	"[""nat_ea5746ec582bf06f4e03""]"	1	72	241.5	76	64	54	0.84375	0.9411764705882353	0.8888888888888888	0.75	0.25	resolved		346	68	True
vae_candidate_000916	1dd5e78cf98a8c8050ad7abfabe5281cdb2c991ec43ee77767e24c257fa27685	True	False	eos	100	99	True	False	False	False	True	0.02269411231458316	0.06381829728796116	False	True	False	[]	True	False	[]	True	False	[]	True	False	[]	True	False	[]	True				excluded	unsupported	pass	99	nat_67dd37821af98e87666e	"[""nat_67dd37821af98e87666e"", ""nat_c7cb28cf54b6a88ff785""]"	2	96	221.5	102	93	56	0.6021505376344086	0.9393939393939394	0.96875	0.5656565656565656	0.43434343434343436	resolved		346	150	True
vae_candidate_000917	5cecf5a4fb6d46ea9dc3e8be31195968bfb81b75f6e1266c40e71d460b85f402	True	False	eos	89	88	True	False	False	False	True	0.04455480097860498	0.06381829728796116	False	True	False	[]	True	False	[]	True	False	[]	True	False	[]	True	False	[]	True				excluded	unsupported	fail	88	nat_448d52f7c380acd65350	"[""nat_448d52f7c380acd65350"", ""nat_a4ce46bc0db75edd2892"", ""nat_f603a0bdb36b55f44821""]"	3	76	7.5	88	76	17	0.2236842105263158	0.8636363636363636	1.0	0.19318181818181818	0.8068181818181819	resolved		346	3	True
vae_candidate_000918	d650d23a2a7c0e48e1806e70a9bfba59fac6a79eea506131f446562c7d6c8919	True	False	eos	81	80	True	False	False	False	True	0.06621561220399197	0.06381829728796116	True	True	False	[]	True	False	[]	True	False	[]	True	False	[]	True	False	[]	True	composition_outlier_warning	composition_outlier_warning		excluded	unsupported	fail	80	nat_edf12e96625a3cd49854	"[""nat_edf12e96625a3cd49854""]"	1	86	2.5	94	72	21	0.2916666666666667	0.9	0.8372093023255814	0.2441860465116279	0.7558139534883721	resolved		346	20	True
vae_candidate_000919	4e6599ab781d09fcc0acf35f1af79861cc9692dc39aaca5e66ea5e0c0e9f4660	True	False	eos	72	71	True	False	False	False	True	0.02705665951310192	0.06381829728796116	False	True	False	[]	True	False	[]	True	False	[]	True	False	[]	True	False	[]	True				excluded	unsupported	pass	71	nat_0c143ad343586201fcf9	"[""nat_0c143ad343586201fcf9""]"	1	69	187.0	76	64	47	0.734375	0.9014084507042254	0.927536231884058	0.6619718309859155	0.3380281690140845	resolved		346	73	True
vae_candidate_000920	d291d962aaf0b7b76038446177896de2dfa65fe9ccb223fb7b13ad1cb8bc530f	True	False	eos	153	152	True	False	False	False	True	0.021184655730447893	0.06381829728796116	False	True	False	[]	True	False	[]	True	False	[]	True	False	[]	True	False	[]	True				excluded	unsupported	fail	152	nat_29fc4eacaf44be490bad	"[""nat_29fc4eacaf44be490bad""]"	1	154	393.5	173	133	102	0.7669172932330827	0.875	0.8636363636363636	0.6623376623376623	0.33766233766233766	resolved		346	101	True
vae_candidate_000922	19ce2d9f054fdf58fa577b954f27554ddddbd35eafecd74f5ed8ff2cd1a7483e	True	False	eos	72	71	True	False	False	False	True	0.017850085195445765	0.06381829728796116	False	True	False	[]	True	False	[]	True	False	[]	True	False	[]	True	False	[]	True				excluded	unsupported	pass	71	nat_0c143ad343586201fcf9	"[""nat_0c143ad343586201fcf9""]"	1	69	198.5	76	64	47	0.734375	0.9014084507042254	0.927536231884058	0.6619718309859155	0.3380281690140845	resolved		346	64	True
vae_candidate_000923	7d2acac64ccd3c6d7e8abe19ddf5f51b4f6f7d0c450c2806cf4454cf647c5ea6	True	False	eos	69	68	True	False	False	False	True	0.060961754807342255	0.06381829728796116	False	True	False	[]	True	False	[]	True	False	[]	True	False	[]	True	False	[]	True				excluded	unsupported	fail	68	nat_86ba936b09d3d4c2dbfa	"[""nat_86ba936b09d3d4c2dbfa"", ""nat_c96b24fc03ee6b66c3d6""]"	2	68	107.5	78	58	33	0.5689655172413793	0.8529411764705882	0.8529411764705882	0.4852941176470588	0.5147058823529411	resolved		346	61	True
vae_candidate_000924	1d7c629e05520a9bbde3a0c307a16a483071b2051ab29cbb9dd2d28e5d2e14e5	True	False	eos	127	126	True	False	False	False	True	0.05807193528111361	0.06381829728796116	False	True	False	[]	True	False	[]	True	False	[]	True	False	[]	True	False	[]	True				excluded	unsupported	fail	126	nat_4b655799ef9e19953b56	"[""nat_4b655799ef9e19953b56""]"	1	133	27.5	143	116	36	0.3103448275862069	0.9206349206349206	0.8721804511278195	0.2706766917293233	0.7293233082706767	resolved		346	2	True
vae_candidate_000925	4983473191c10e1632be3f4623417fa972c7d272cbdeb506dfe80a3763a20574	True	False	eos	64	63	True	False	False	False	True	0.07503852816431725	0.06381829728796116	True	True	False	[]	True	False	[]	True	False	[]	True	False	[]	True	False	[]	True	composition_outlier_warning	composition_outlier_warning		excluded	unsupported	fail	63		[]	0											unresolved	no_reliable_reference	346	0	True
vae_candidate_000927	f99d738007b5f4312395573e1dc1144e078961787029fbeaf9836161e2483293	True	False	eos	91	90	True	False	False	False	True	0.016894911575420817	0.06381829728796116	False	True	False	[]	True	False	[]	True	False	[]	True	False	[]	True	False	[]	True				main_supported_gvpa	supported_gvpa	pass	90	nat_168a7720be25950ce7a5	"[""nat_168a7720be25950ce7a5"", ""nat_3e6bf91c590be6684eed"", ""nat_dc6aa26cbe06c32b68c2""]"	3	94	359.0	94	90	76	0.8444444444444444	1.0	0.9574468085106383	0.8085106382978723	0.19148936170212771	resolved		346	196	True
vae_candidate_000928	4260c1795a39aefee655a37341a51fccc2ac6bb7d6d964b9949971921155cb84	True	False	eos	75	74	True	False	False	False	True	0.04275553917413238	0.06381829728796116	False	True	False	[]	True	False	[]	True	False	[]	True	False	[]	True	False	[]	True				excluded	unsupported	pass	74	nat_e9d0d8807aee29d8e61c	"[""nat_e9d0d8807aee29d8e61c""]"	1	71	188.5	77	68	45	0.6617647058823529	0.918918918918919	0.9577464788732394	0.6081081081081081	0.3918918918918919	resolved		346	60	True
vae_candidate_000929	07ddb322879563c3017ae277b0ffe185fabb317bf77982b92b1f09548100099d	True	False	eos	72	71	True	False	False	False	True	0.0489480042947638	0.06381829728796116	False	True	False	[]	True	False	[]	True	False	[]	True	False	[]	True	False	[]	True				excluded	unsupported	pass	71	nat_8d6274f78693091697cf	"[""nat_8d6274f78693091697cf""]"	1	70	177.5	73	68	41	0.6029411764705882	0.9577464788732394	0.9714285714285714	0.5774647887323944	0.4225352112676056	resolved		346	70	True
vae_candidate_000930	30901ae934754a04a524d7039002a6e9e8b517b4365befa95e415704e9ecebef	True	False	eos	90	89	True	False	False	False	True	0.07719500101708143	0.06381829728796116	True	True	False	[]	True	False	[]	True	False	[]	True	False	[]	True	False	[]	True	composition_outlier_warning	composition_outlier_warning		excluded	unsupported	fail	89	nat_ee10b37a92559cba1989	"[""nat_ee10b37a92559cba1989""]"	1	92	10.5	103	78	27	0.34615384615384615	0.8764044943820225	0.8478260869565217	0.29347826086956524	0.7065217391304348	resolved		346	6	True
vae_candidate_000931	ab2933f68f1bb761ec8bcfa6e39a3a43ec336211df76f85316adbf78190cf659	True	False	eos	88	87	True	False	False	False	True	0.05218637123890568	0.06381829728796116	False	True	False	[]	True	False	[]	True	False	[]	True	False	[]	True	False	[]	True				excluded	unsupported	fail	87	nat_766d45336d56f5b42f24	"[""nat_766d45336d56f5b42f24""]"	1	79	45.5	96	70	33	0.4714285714285714	0.8045977011494253	0.8860759493670886	0.3793103448275862	0.6206896551724138	resolved		346	177	True
vae_candidate_000932	0f7f215775840f35a7397a05a22fea5ee130213b4760e7d73d9aea7505a36ed5	True	False	eos	68	67	True	False	False	False	True	0.02938594022950038	0.06381829728796116	False	True	False	[]	True	False	[]	True	False	[]	True	False	[]	True	False	[]	True				excluded	unsupported	fail	67	nat_505ccb0a3946a89f0437	"[""nat_505ccb0a3946a89f0437"", ""nat_eccab6536bed142192aa""]"	2	70	96.5	81	56	29	0.5178571428571429	0.835820895522388	0.8	0.4142857142857143	0.5857142857142856	resolved		346	16	True
vae_candidate_000933	6b57d414c85c12bda45f0d140c06876f922d51703e16f6a7fe517360e9146b10	True	False	eos	54	53	True	False	False	False	True	0.10825114890501655	0.06381829728796116	True	True	False	[]	True	False	[]	True	False	[]	True	False	[]	True	False	[]	True	composition_outlier_warning	composition_outlier_warning		excluded	unsupported	fail	53		[]	0											unresolved	no_reliable_reference	346	0	True
vae_candidate_000934	05b6f6881ba3a30533eb2acc188cd0af1491321962f33d7e6b00c8d43907a4bc	True	False	eos	78	77	True	False	False	False	True	0.016116731067947032	0.06381829728796116	False	True	False	[]	True	False	[]	True	False	[]	True	False	[]	True	False	[]	True				excluded	unsupported	pass	77	nat_86af2bea85657bdc848a	"[""nat_86af2bea85657bdc848a""]"	1	93	281.5	93	77	68	0.8831168831168831	1.0	0.8279569892473119	0.7311827956989247	0.26881720430107525	resolved		346	212	True
vae_candidate_000935	c1011c1ed24e6fa928a19b4c90b5fb92b0ecd2bd11f32e40cf9c05936d68b591	True	False	eos	72	71	True	False	False	False	True	0.0635658883499379	0.06381829728796116	False	True	False	[]	True	False	[]	True	False	[]	True	False	[]	True	False	[]	True				excluded	unsupported	fail	71	nat_27cf1e5aac6ec3dd931d	"[""nat_27cf1e5aac6ec3dd931d""]"	1	76	54.0	86	61	27	0.4426229508196721	0.8591549295774648	0.8026315789473685	0.35526315789473684	0.6447368421052632	resolved		346	6	True
vae_candidate_000936	5cd17d658067ba75a924562f95eb98855d1a7f710e7ef261ba0b84a4d58a88c7	True	False	eos	108	107	True	False	False	False	True	0.03325366197010103	0.06381829728796116	False	True	False	[]	True	False	[]	True	False	[]	True	False	[]	True	False	[]	True				excluded	unsupported	fail	107		[]	0											unresolved	no_reliable_reference	346	0	True
vae_candidate_000937	9579db3f336210a354d97f6a379b7ffe770bbd83e214886d7a46451f7592ac32	True	False	eos	143	142	True	False	False	False	True	0.022888739987527246	0.06381829728796116	False	True	False	[]	True	False	[]	True	False	[]	True	False	[]	True	False	[]	True				excluded	unsupported	fail	142	nat_8bfb3056e00dc3525ee8	"[""nat_8bfb3056e00dc3525ee8""]"	1	145	224.5	165	122	72	0.5901639344262295	0.8591549295774648	0.8413793103448276	0.496551724137931	0.503448275862069	resolved		346	95	True
vae_candidate_000938	da69c65c1161145df9e5cff525859de2cef1f69d14c8a1540a6f26ea6a9da0a7	True	False	eos	76	75	True	False	False	False	True	0.05969295054318792	0.06381829728796116	False	True	False	[]	True	False	[]	True	False	[]	True	True	"[{""start"": 11, ""end"": 16, ""length"": 6, ""residue"": ""G""}]"	True	False	[]	True	homopolymer_warning	homopolymer_warning		excluded	unsupported	pass	75	nat_6b39f5a7fb6bca78b4de	"[""nat_6b39f5a7fb6bca78b4de"", ""nat_c8ff85651c16b5c02641"", ""nat_c96b24fc03ee6b66c3d6"", ""nat_ed3338aeeaf3197e41d9""]"	4	68	144.5	83	60	41	0.6833333333333333	0.8	0.8823529411764706	0.5466666666666666	0.45333333333333337	resolved		346	27	True
vae_candidate_000939	0be93820d70adb308c6b0210aca5993495ac08450323f91f65ae35990a963635	True	False	eos	72	71	True	False	False	False	True	0.023436397635613004	0.06381829728796116	False	True	False	[]	True	False	[]	True	False	[]	True	False	[]	True	False	[]	True				excluded	unsupported	pass	71	nat_61a382d08777524701b3	"[""nat_61a382d08777524701b3"", ""nat_ea5746ec582bf06f4e03""]"	2	72	235.0	76	67	54	0.8059701492537313	0.9436619718309859	0.9305555555555556	0.75	0.25	resolved		346	83	True
vae_candidate_000940	1f62daaccbce3cf3c7a339e3567a22c2f277757cbb6558575764fd1c2e066564	True	False	eos	107	106	True	False	False	False	True	0.011572098050942992	0.06381829728796116	False	True	False	[]	True	False	[]	True	False	[]	True	False	[]	True	False	[]	True				excluded	unsupported	fail	106	nat_a9c10692b45d32f772b4	"[""nat_a9c10692b45d32f772b4"", ""nat_bf5abb4d953e0d6aaa1f""]"	2	95	368.5	109	92	84	0.9130434782608695	0.8679245283018868	0.968421052631579	0.7924528301886793	0.2075471698113207	resolved		346	140	True
vae_candidate_000941	cbc42552937d241895a6f223d81bcc7fd620262ccbc5b03a8093e8a4eceb9390	True	False	eos	87	86	True	False	False	False	True	0.019882698453030555	0.06381829728796116	False	True	False	[]	True	False	[]	True	False	[]	True	False	[]	True	False	[]	True				excluded	unsupported	pass	86	nat_7d45d6cf3df5d3d36985	"[""nat_7d45d6cf3df5d3d36985"", ""nat_9ba949b2aab9e2be6898"", ""nat_d92cb9dcfcf48b731b50""]"	3	95	244.0	104	77	63	0.8181818181818182	0.8953488372093024	0.8105263157894737	0.6631578947368421	0.33684210526315794	resolved		346	207	True
vae_candidate_000942	e71bacbd56e675a37ff0bb14a330d8dcec3e452822b01dd58811a4a3175f6d47	True	False	eos	82	81	True	False	False	False	True	0.02863212726663813	0.06381829728796116	False	True	False	[]	True	False	[]	True	False	[]	True	False	[]	True	False	[]	True				excluded	unsupported	fail	81	nat_f5db5c4704d592f947d9	"[""nat_f5db5c4704d592f947d9""]"	1	82	181.0	87	76	49	0.6447368421052632	0.9382716049382716	0.926829268292683	0.5975609756097561	0.4024390243902439	resolved		346	203	True
vae_candidate_000943	b959eb2ea5b204209904719ff2da42005fe316e9ce078c2bbedb2a49e8decc42	True	False	eos	100	99	True	False	False	False	True	0.028317617115980374	0.06381829728796116	False	True	False	[]	True	False	[]	True	False	[]	True	False	[]	True	False	[]	True				excluded	unsupported	fail	99	nat_ee10b37a92559cba1989	"[""nat_ee10b37a92559cba1989""]"	1	92	130.5	105	86	47	0.5465116279069767	0.8686868686868687	0.9347826086956522	0.47474747474747475	0.5252525252525253	resolved		346	5	True
vae_candidate_000944	22ad2ed0c9b453620e8ba3d6cb071b17737d69d00f857fb63eac1453e03d7f37	True	False	eos	93	92	True	False	False	False	True	0.023510114159844123	0.06381829728796116	False	True	False	[]	True	False	[]	True	False	[]	True	False	[]	True	False	[]	True				excluded	unsupported	fail	92	nat_c8490949e18e771ed8c8	"[""nat_c8490949e18e771ed8c8""]"	1	94	193.5	109	77	57	0.7402597402597403	0.8369565217391305	0.8191489361702128	0.6063829787234043	0.3936170212765957	resolved		346	122	True
vae_candidate_000945	21d11c26fb914c75f4d08c88faa3a8e812af830520be30a0aa2533e443f36c36	True	False	eos	118	117	True	False	False	False	True	0.01692006930832129	0.06381829728796116	False	True	False	[]	True	False	[]	True	False	[]	True	False	[]	True	False	[]	True				excluded	unsupported	pass	117	nat_9fda348180c612303cdb	"[""nat_9fda348180c612303cdb""]"	1	95	405.5	117	95	88	0.9263157894736842	0.811965811965812	1.0	0.7521367521367521	0.24786324786324787	resolved		346	90	True
vae_candidate_000946	7ac6346f780a7e9e89e619a371b630d407f09016f226f197a8c5824be8ce3a41	True	False	eos	118	117	True	False	False	False	True	0.022838854168673227	0.06381829728796116	False	True	False	[]	True	False	[]	True	False	[]	True	False	[]	True	False	[]	True				main_supported_gvpa	supported_gvpa	pass	117	nat_c7cb28cf54b6a88ff785	"[""nat_c7cb28cf54b6a88ff785"", ""nat_dc2b0da282a1a334132b""]"	2	99	264.0	121	95	61	0.6421052631578947	0.811965811965812	0.9595959595959596	0.5213675213675214	0.4786324786324786	resolved		346	25	True
vae_candidate_000947	ee2c146e47afd7c03bdcb93d33827719d3adde258ca70cfb205243eeef3ca618	True	False	eos	171	170	True	False	False	False	True	0.035262571549142946	0.06381829728796116	False	True	False	[]	True	False	[]	True	False	[]	True	False	[]	True	False	[]	True				excluded	unsupported	pass	170	nat_8bf5071aed606f94333c	"[""nat_8bf5071aed606f94333c""]"	1	157	199.5	189	138	73	0.5289855072463768	0.8117647058823529	0.8789808917197452	0.4294117647058823	0.5705882352941176	resolved		346	50	True
vae_candidate_000948	e7dae682b64984c3f4f9cde3f0526632d867d7ef9cf5d83d26730717644171c2	True	False	eos	105	104	True	False	False	False	True	0.030395933478561562	0.06381829728796116	False	True	False	[]	True	False	[]	True	False	[]	True	False	[]	True	False	[]	True				main_supported_gvpa	supported_gvpa	pass	104	nat_168a7720be25950ce7a5	"[""nat_168a7720be25950ce7a5"", ""nat_3e6bf91c590be6684eed"", ""nat_a49cfe7d33cec22c3905"", ""nat_ccd25408209dd226eaf9""]"	4	94	316.5	106	92	75	0.8152173913043478	0.8846153846153846	0.9787234042553191	0.7211538461538461	0.27884615384615385	resolved		346	153	True
vae_candidate_000949	016a538307ea11fa26542702e0f24178d26f39254cce1a57e18702b40d5f06c6	True	False	eos	130	129	True	False	False	False	True	0.053492704914269225	0.06381829728796116	False	True	False	[]	True	False	[]	True	False	[]	True	False	[]	True	False	[]	True				excluded	unsupported	fail	129	nat_5c045ab07969cb21b0ad	"[""nat_5c045ab07969cb21b0ad""]"	1	142	51.0	156	115	41	0.3565217391304348	0.8914728682170543	0.8098591549295775	0.2887323943661972	0.7112676056338028	resolved		346	16	True
vae_candidate_000950	c1e7ec165e2f41709644462db240e985e99ac4b835f4b9a5abe032d1ea0e3fc2	True	False	eos	115	114	True	False	False	False	True	0.03830217824796807	0.06381829728796116	False	True	False	[]	True	False	[]	True	False	[]	True	False	[]	True	False	[]	True				excluded	unsupported	fail	114	nat_c74d6e1106797b3a3d0f	"[""nat_c74d6e1106797b3a3d0f""]"	1	133	95.0	139	108	43	0.39814814814814814	0.9473684210526315	0.8120300751879699	0.3233082706766917	0.6766917293233083	resolved		346	1	True
vae_candidate_000951	00476fbf511b5819753d95fef44d404e893c47aadc054d2021bb3ab0ac3ed5b2	True	False	eos	135	134	True	False	False	False	True	0.010267327868880266	0.06381829728796116	False	True	False	[]	True	False	[]	True	False	[]	True	False	[]	True	False	[]	True				excluded	unsupported	pass	134	nat_8a4162d5996844339fef	"[""nat_8a4162d5996844339fef""]"	1	135	197.5	161	108	54	0.5	0.8059701492537313	0.8	0.4	0.6	resolved		346	1	True
vae_candidate_000952	d21b2b1e58914fc915102e3a15252d7ddbfd598a9877ee76acea7638d71f2806	True	False	eos	112	111	True	False	False	False	True	0.0257678651114677	0.06381829728796116	False	True	False	[]	True	False	[]	True	False	[]	True	False	[]	True	False	[]	True				ambiguous_exploration	gvpa_gvpj_ambiguous	pass	111	nat_004ac783975534947324	"[""nat_004ac783975534947324"", ""nat_9ba949b2aab9e2be6898""]"	2	94	186.0	116	89	55	0.6179775280898876	0.8018018018018018	0.9468085106382979	0.4954954954954955	0.5045045045045045	resolved		346	100	True
vae_candidate_000953	01def96d3f3e1281cf279fee5887315dbc21659b21b627d8e6f346ba9d1da891	True	False	eos	99	98	True	False	False	False	True	0.08985609361647438	0.06381829728796116	True	True	False	[]	True	False	[]	True	False	[]	True	False	[]	True	False	[]	True	composition_outlier_warning	composition_outlier_warning		excluded	unsupported	fail	98	nat_dca06c4ca76aafac96e9	"[""nat_dca06c4ca76aafac96e9""]"	1	97	9.5	110	85	26	0.3058823529411765	0.8673469387755102	0.8762886597938144	0.2653061224489796	0.7346938775510203	resolved		346	115	True
vae_candidate_000954	b3386bfb8160ce396c54a0b9f26089ef2057ebd089091f8f6cb5de54cd31c9d9	True	False	eos	113	112	True	False	False	False	True	0.03727976960242861	0.06381829728796116	False	True	False	[]	True	False	[]	True	False	[]	True	False	[]	True	False	[]	True				excluded	unsupported	fail	112	nat_dca06c4ca76aafac96e9	"[""nat_dca06c4ca76aafac96e9""]"	1	97	135.5	119	90	43	0.4777777777777778	0.8035714285714286	0.9278350515463918	0.38392857142857145	0.6160714285714286	resolved		346	6	True
vae_candidate_000955	92b37f51c0f433b9f15fc9b4489cacf25f2f1eec5b3a9fcf423a8e64bc14f8ce	True	False	eos	56	55	True	False	False	False	True	0.07587763811800669	0.06381829728796116	True	True	False	[]	True	False	[]	True	False	[]	True	False	[]	True	False	[]	True	composition_outlier_warning	composition_outlier_warning		excluded	unsupported	pass	55		[]	0											unresolved	no_reliable_reference	346	0	True
vae_candidate_000956	e28b374ecd88c5391b233cb0d484d3d20f7fe57e5899fb53e69d582b60f8bacc	True	False	eos	96	95	True	False	False	False	True	0.019093762376885263	0.06381829728796116	False	True	False	[]	True	False	[]	True	False	[]	True	False	[]	True	False	[]	True				excluded	unsupported	fail	95	nat_d5d6f3cedb33fb3328b6	"[""nat_d5d6f3cedb33fb3328b6""]"	1	95	301.5	100	90	74	0.8222222222222222	0.9473684210526315	0.9473684210526315	0.7789473684210526	0.2210526315789474	resolved		346	167	True
vae_candidate_000957	ad4dc6b3de2bed3c3e3ea94567ab412b6cd6dcc5651597f1ce577046421279d1	True	False	eos	73	72	True	False	False	False	True	0.02880552925966999	0.06381829728796116	False	True	False	[]	True	False	[]	True	False	[]	True	False	[]	True	False	[]	True				excluded	unsupported	pass	72	nat_a4ce46bc0db75edd2892	"[""nat_a4ce46bc0db75edd2892""]"	1	76	188.0	80	68	48	0.7058823529411765	0.9444444444444444	0.8947368421052632	0.631578947368421	0.368421052631579	resolved		346	84	True
vae_candidate_000958	b76b8a2c68ce64888c42c4d80f3a39a07df0b96fc5459d26fd33691383ca4db7	True	False	eos	87	86	True	False	False	False	True	0.05284628618284894	0.06381829728796116	False	True	False	[]	True	False	[]	True	False	[]	True	False	[]	True	False	[]	True				excluded	unsupported	pass	86	nat_7801d96d034213cf08c8	"[""nat_7801d96d034213cf08c8""]"	1	84	141.0	90	80	43	0.5375	0.9302325581395349	0.9523809523809523	0.5	0.5	resolved		346	171	True
vae_candidate_000959	9a6b2f7820c9b2b42f6e092ce5b18ce523f5c6ebaf4c2c333e98cccbe650dd89	True	False	eos	109	108	True	False	False	False	True	0.022478814396101884	0.06381829728796116	False	True	False	[]	True	False	[]	True	False	[]	True	False	[]	True	False	[]	True				main_supported_gvpa	supported_gvpa	pass	108	nat_0101bc590c89813c161a	"[""nat_0101bc590c89813c161a"", ""nat_1f956fdbc151f2ec0ffb"", ""nat_3e6bf91c590be6684eed"", ""nat_4482775e0979509e45d2"", ""nat_4b58b860e36e01bdb682"", ""nat_6681febe116459c77b18"", ""nat_82e4660fb87f57daff30"", ""nat_92d7d81f95603487cd9c"", ""nat_94cdaea6b1db7bfe983f"", ""nat_acb38079c01f07d0de6f"", ""nat_bf00fc1bb4a6bea076a5"", ""nat_c468502803b4ab5981f1""]"	12	94	280.0	109	93	66	0.7096774193548387	0.8611111111111112	0.9893617021276596	0.6111111111111112	0.38888888888888884	resolved		346	137	True
vae_candidate_000960	41105ec467703ef33749fb072e71baf15201016af7b9d4a6d7dbf4e004da6791	True	False	eos	114	113	True	False	False	False	True	0.01576482024935816	0.06381829728796116	False	True	False	[]	True	False	[]	True	False	[]	True	False	[]	True	False	[]	True				excluded	unsupported	pass	113	nat_4b58b860e36e01bdb682	"[""nat_4b58b860e36e01bdb682"", ""nat_8f3e753527c876cd94f0""]"	2	95	218.0	116	92	56	0.6086956521739131	0.8141592920353983	0.968421052631579	0.49557522123893805	0.504424778761062	resolved		346	103	True
vae_candidate_000961	c44b716ae573a387a58c71a57edf9822089346c1c1e42b925dea2eb881d3895a	False	True	length_cap	180	180	True	False	True	False	True	0.036570566877043034	0.06381829728796116	False	True	False	[]	True	False	[]	True	False	[]	True	False	[]	True	False	[]	True	generation_cap_warning	generation_cap_warning		excluded	unsupported	fail	180		[]	0											unresolved	no_reliable_reference	346	0	True
vae_candidate_000962	2e6160b5195546952b390790ebcc8b95c6a187d1d3c6f5323faa0616b617f6d0	True	False	eos	94	93	True	False	False	False	True	0.012183031398020641	0.06381829728796116	False	True	False	[]	True	False	[]	True	False	[]	True	False	[]	True	False	[]	True				excluded	unsupported	fail	93	nat_6b2c0d4d7468a9bb7cde	"[""nat_6b2c0d4d7468a9bb7cde""]"	1	94	206.5	109	78	55	0.7051282051282052	0.8387096774193549	0.8297872340425532	0.5851063829787234	0.4148936170212766	resolved		346	116	True
vae_candidate_000963	35bb5ca234352f1c871bd363e5a134290493d08f611963cb71b9c1b447de830c	True	False	eos	170	169	True	False	False	False	True	0.029498037855670584	0.06381829728796116	False	True	False	[]	True	False	[]	True	False	[]	True	False	[]	True	False	[]	True				excluded	unsupported	pass	169		[]	0											unresolved	no_reliable_reference	346	0	True
vae_candidate_000964	a8db9f041e0330541374a92d10ae58ceb014f435c6cc6a8d5b700e8b228d14cc	True	False	eos	104	103	True	False	False	False	True	0.052077394204613436	0.06381829728796116	False	True	False	[]	True	False	[]	True	False	[]	True	False	[]	True	False	[]	True				excluded	unsupported	fail	103		[]	0											unresolved	no_reliable_reference	346	0	True
vae_candidate_000966	a11f7b94d87017f4f8d10d9a03f51765f5b03cac1af3092bf99f40909ea40115	True	False	eos	93	92	True	False	False	False	True	0.034969674895849324	0.06381829728796116	False	True	False	[]	True	False	[]	True	False	[]	True	False	[]	True	False	[]	True				main_supported_gvpa	supported_gvpa	pass	92	nat_6681febe116459c77b18	"[""nat_6681febe116459c77b18"", ""nat_6b2c0d4d7468a9bb7cde""]"	2	94	258.5	100	86	66	0.7674418604651163	0.9347826086956522	0.9148936170212766	0.7021276595744681	0.2978723404255319	resolved		346	187	True
vae_candidate_000967	4f30a03192438b5225c5b72859ba45b639302f230b457a6f8e46b17323332233	True	False	eos	96	95	True	False	False	False	True	0.018322054546179384	0.06381829728796116	False	True	False	[]	True	False	[]	True	False	[]	True	False	[]	True	False	[]	True				main_supported_gvpa	supported_gvpa	pass	95	nat_9ca97034ea4d97950343	"[""nat_9ca97034ea4d97950343"", ""nat_a49cfe7d33cec22c3905"", ""nat_a9c10692b45d32f772b4"", ""nat_c468502803b4ab5981f1"", ""nat_d5d6f3cedb33fb3328b6""]"	5	94	431.0	95	94	90	0.9574468085106383	0.9894736842105263	1.0	0.9473684210526315	0.052631578947368474	resolved		346	181	True
vae_candidate_000968	ecbfde81ff77e954d9ae3d266ba257917aaa66b6be16e7bfa8f67dad195ac1bf	True	False	eos	91	90	True	False	False	False	True	0.024379780564101866	0.06381829728796116	False	True	False	[]	True	False	[]	True	False	[]	True	False	[]	True	False	[]	True				excluded	unsupported	pass	90	nat_c8490949e18e771ed8c8	"[""nat_c8490949e18e771ed8c8"", ""nat_dc6aa26cbe06c32b68c2""]"	2	94	243.5	101	83	58	0.6987951807228916	0.9222222222222223	0.8829787234042553	0.6170212765957447	0.3829787234042553	resolved		346	182	True
vae_candidate_000969	6b4fa21a5d780c8fff96b830780c3b73b2dade0274521adf31548aab7654630c	True	False	eos	91	90	True	False	False	False	True	0.0902484164462356	0.06381829728796116	True	True	False	[]	True	False	[]	True	False	[]	True	False	[]	True	False	[]	True	composition_outlier_warning	composition_outlier_warning		excluded	unsupported	fail	90	nat_81de2b78d291d512c1e2	"[""nat_81de2b78d291d512c1e2""]"	1	92	18.0	106	76	27	0.35526315789473684	0.8444444444444444	0.8260869565217391	0.29347826086956524	0.7065217391304348	resolved		346	88	True
vae_candidate_000970	18126e2fa800e7331201055fe61d84bf6e249c0b3fd3c9f9161bd53f20a6ff0e	True	False	eos	74	73	True	False	False	False	True	0.022733800079344314	0.06381829728796116	False	True	False	[]	True	False	[]	True	False	[]	True	False	[]	True	False	[]	True				excluded	unsupported	pass	73	nat_1ed909a554bd91f8870f	"[""nat_1ed909a554bd91f8870f""]"	1	73	245.0	74	72	54	0.75	0.9863013698630136	0.9863013698630136	0.7397260273972602	0.26027397260273977	resolved		346	102	True
vae_candidate_000971	397edbc3a00ac60dc10e2a1dc676d4db8402e38f2c2230cafcede68d55c65d86	True	False	eos	87	86	True	False	False	False	True	0.04516055867115105	0.06381829728796116	False	True	False	[]	True	False	[]	True	False	[]	True	False	[]	True	False	[]	True				excluded	unsupported	fail	86	nat_32fcf9c5b6202c499dc1	"[""nat_32fcf9c5b6202c499dc1""]"	1	88	120.0	101	73	39	0.5342465753424658	0.8488372093023255	0.8295454545454546	0.4431818181818182	0.5568181818181819	resolved		346	16	True
vae_candidate_000972	0ccd6410e8766c026f87de6a0c7546cadeab3f3e959edd72dab51a969e34a450	True	False	eos	102	101	True	False	False	False	True	0.06549935353173553	0.06381829728796116	True	True	False	[]	True	False	[]	True	False	[]	True	False	[]	True	False	[]	True	composition_outlier_warning	composition_outlier_warning		excluded	unsupported	fail	101		[]	0											unresolved	no_reliable_reference	346	0	True
vae_candidate_000973	e72809e7630d6952aef820a66885a220d4bf909e86f41441131e35407d58878b	True	False	eos	156	155	True	False	False	False	True	0.017115956063407194	0.06381829728796116	False	True	False	[]	True	False	[]	True	False	[]	True	False	[]	True	False	[]	True				excluded	unsupported	pass	155		[]	0											unresolved	no_reliable_reference	346	0	True
vae_candidate_000974	c97c8bedbd7a25d1338aecfbe9f0099b4c99bf96ad8227c17dead869471c95b8	True	False	eos	69	68	True	False	False	False	True	0.04664578018600979	0.06381829728796116	False	True	False	[]	True	False	[]	True	False	[]	True	False	[]	True	False	[]	True				excluded	unsupported	pass	68	nat_13dff233b6dfd04cb79c	"[""nat_13dff233b6dfd04cb79c"", ""nat_cac8cf4903b24e69aca8""]"	2	76	219.0	78	66	54	0.8181818181818182	0.9705882352941176	0.868421052631579	0.7105263157894737	0.2894736842105263	resolved		346	75	True
vae_candidate_000976	e5801935a1af9aa1ad80777037828f74d0fd42962c429634908750a950490d93	True	False	eos	67	66	True	False	False	False	True	0.06100154438591576	0.06381829728796116	False	True	False	[]	True	False	[]	True	False	[]	True	False	[]	True	False	[]	True				excluded	unsupported	fail	66	nat_3cc2cb889cfdbbcaa17b	"[""nat_3cc2cb889cfdbbcaa17b"", ""nat_61a382d08777524701b3""]"	2	72	66.0	79	59	28	0.4745762711864407	0.8939393939393939	0.8194444444444444	0.3888888888888889	0.6111111111111112	resolved		346	43	True
vae_candidate_000977	811df157edac62d5345b95ab1cd8a68dd9596985d167fc9eaea3f497abaa9332	True	False	eos	111	110	True	False	False	False	True	0.05937802179085945	0.06381829728796116	False	True	False	[]	True	False	[]	True	False	[]	True	False	[]	True	False	[]	True				excluded	unsupported	fail	110	nat_84eddb9c9ecca10afd5a	"[""nat_84eddb9c9ecca10afd5a"", ""nat_dc2b0da282a1a334132b""]"	2	99	26.5	121	88	28	0.3181818181818182	0.8	0.8888888888888888	0.2545454545454545	0.7454545454545455	resolved		346	13	True
vae_candidate_000978	ab04f66bad1edc99ded42d1c099bdce9b1023f870e5944812bf855c1b462b5fe	True	False	eos	152	151	True	False	False	False	True	0.03624058841009617	0.06381829728796116	False	True	False	[]	True	False	[]	True	False	[]	True	False	[]	True	False	[]	True				excluded	unsupported	fail	151		[]	0											unresolved	no_reliable_reference	346	0	True
vae_candidate_000979	56897aca08a2bd2f2a283ebaeee754681e395d35f986df9dc79523cdcfb32dbe	True	False	eos	88	87	True	False	False	False	True	0.02608951483721022	0.06381829728796116	False	True	False	[]	True	False	[]	True	False	[]	True	False	[]	True	False	[]	True				excluded	unsupported	fail	87	nat_92d7d81f95603487cd9c	"[""nat_92d7d81f95603487cd9c"", ""nat_d5d6f3cedb33fb3328b6""]"	2	95	332.5	97	85	73	0.8588235294117647	0.9770114942528736	0.8947368421052632	0.7684210526315789	0.2315789473684211	resolved		346	178	True
vae_candidate_000980	72e1fc2733026ae20242a8f8e6f90cbaecbb3d087e27351e4571b06bffd4be1f	True	False	eos	59	58	True	False	False	False	True	0.0553296098774929	0.06381829728796116	False	True	False	[]	True	False	[]	True	False	[]	True	False	[]	True	False	[]	True				excluded	unsupported	fail	58	nat_08ca607a70bf3998101a	"[""nat_08ca607a70bf3998101a""]"	1	70	10.0	70	58	14	0.2413793103448276	1.0	0.8285714285714286	0.2	0.8	resolved		346	2	True
vae_candidate_000981	3f3ce1806bf6746d7b630a268cc565104f8d37cdfc8151dbed28a069af9e17f4	True	False	eos	86	85	True	False	False	False	True	0.019250300322578646	0.06381829728796116	False	True	False	[]	True	False	[]	True	False	[]	True	False	[]	True	False	[]	True				excluded	unsupported	pass	85	nat_b5ccff48f879b7cc34ad	"[""nat_b5ccff48f879b7cc34ad""]"	1	92	274.0	100	77	64	0.8311688311688312	0.9058823529411765	0.8369565217391305	0.6956521739130435	0.30434782608695654	resolved		346	204	True
vae_candidate_000982	9497b30845886ea0363d5ef0a1e0b136a652cbf9b5ce54e25f3d70450c8fe053	True	False	eos	115	114	True	False	False	False	True	0.04418429968857934	0.06381829728796116	False	True	False	[]	True	False	[]	True	False	[]	True	False	[]	True	False	[]	True				excluded	unsupported	fail	114	nat_fc382b09fdd1c909c75c	"[""nat_fc382b09fdd1c909c75c""]"	1	93	43.5	114	93	32	0.34408602150537637	0.8157894736842105	1.0	0.2807017543859649	0.7192982456140351	resolved		346	5	True
vae_candidate_000983	ad96b723d38f1112179382ba57832471ffcb8f2b77ac0ebf7920985b2ef37610	True	False	eos	74	73	True	False	False	False	True	0.028459484346258904	0.06381829728796116	False	True	False	[]	True	False	[]	True	False	[]	True	False	[]	True	False	[]	True				excluded	unsupported	pass	73	nat_0c143ad343586201fcf9	"[""nat_0c143ad343586201fcf9"", ""nat_e9d0d8807aee29d8e61c""]"	2	69	215.0	73	69	48	0.6956521739130435	0.9452054794520548	1.0	0.6575342465753424	0.34246575342465757	resolved		346	99	True
vae_candidate_000984	17ae77349ee3c2dac28adbe033db4a4d6baff7a551b3d20c02413ee555a9f652	True	False	eos	112	111	True	False	False	False	True	0.01842857016910168	0.06381829728796116	False	True	False	[]	True	False	[]	True	False	[]	True	False	[]	True	False	[]	True				excluded	unsupported	fail	111	nat_4482775e0979509e45d2	"[""nat_4482775e0979509e45d2"", ""nat_94cdaea6b1db7bfe983f""]"	2	95	261.5	111	95	64	0.6736842105263158	0.8558558558558559	1.0	0.5765765765765766	0.42342342342342343	resolved		346	121	True
vae_candidate_000985	2de19879978ec5c695db022e9b4501c629939f3f3c4243bcbb43002e29567843	True	False	eos	162	161	True	False	False	False	True	0.02643213927158621	0.06381829728796116	False	True	False	[]	True	False	[]	True	False	[]	True	False	[]	True	False	[]	True				excluded	unsupported	fail	161	nat_84b5083183d75de0f365	"[""nat_84b5083183d75de0f365"", ""nat_c0749f9d4ae82bdc9955""]"	2	154	214.5	185	130	75	0.5769230769230769	0.8074534161490683	0.8441558441558441	0.4658385093167702	0.5341614906832298	resolved		346	46	True
vae_candidate_000986	48aa3f227f162a13b2d77a1089ee74f01ee4fe9788dea04c2766b34e84e9dccf	True	False	eos	101	100	True	False	False	False	True	0.05228899275537234	0.06381829728796116	False	True	False	[]	True	False	[]	True	False	[]	True	False	[]	True	False	[]	True				excluded	unsupported	fail	100		[]	0											unresolved	no_reliable_reference	346	0	True
vae_candidate_000987	6397c8f7524f347dc28370b8eb9d66ab84daede03953b8f35ba7b212d9739177	True	False	eos	149	148	True	False	False	False	True	0.0204888054932465	0.06381829728796116	False	True	False	[]	True	False	[]	True	False	[]	True	False	[]	True	False	[]	True				excluded	unsupported	fail	148	nat_0f515c4258dc68fd3f9c	"[""nat_0f515c4258dc68fd3f9c""]"	1	149	230.5	158	139	68	0.4892086330935252	0.9391891891891891	0.9328859060402684	0.4563758389261745	0.5436241610738255	resolved		346	95	True
vae_candidate_000988	cf9170aaa0c98fee4d8d1c8dfaa790cd40428311c572e8967325f1dfd412a225	True	False	eos	85	84	True	False	False	False	True	0.020636400482959658	0.06381829728796116	False	True	False	[]	True	False	[]	True	False	[]	True	False	[]	True	False	[]	True				excluded	unsupported	fail	84	nat_0145b7d0415b25474bf7	"[""nat_0145b7d0415b25474bf7""]"	1	95	113.0	102	77	45	0.5844155844155844	0.9166666666666666	0.8105263157894737	0.47368421052631576	0.5263157894736843	resolved		346	73	True
vae_candidate_000989	2d6504dbf5369ce265f32e113f66fbc7442acd808792eb66ce95407c5642c402	True	False	eos	121	120	True	False	False	False	True	0.025735249397650775	0.06381829728796116	False	True	False	[]	True	False	[]	True	False	[]	True	False	[]	True	False	[]	True				excluded	unsupported	fail	120		[]	0											unresolved	no_reliable_reference	346	0	True
vae_candidate_000990	e41aacbc40d9698ef06efee2a218524d2bf1e08abea830b100f4d77bac5fbe84	False	True	length_cap	180	180	True	False	True	False	True	0.04917358338875803	0.06381829728796116	False	True	False	[]	True	False	[]	True	False	[]	True	False	[]	True	False	[]	True	generation_cap_warning	generation_cap_warning		excluded	unsupported	fail	180	nat_d1717d58239a48d6df6a	"[""nat_d1717d58239a48d6df6a""]"	1	149	6.0	185	144	39	0.2708333333333333	0.8	0.9664429530201343	0.21666666666666667	0.7833333333333333	resolved		346	1	True
vae_candidate_000991	6e28487735b244b096795ae41e0a6159ee7fb8a6603b3cfa90e25ab32019d5ec	True	False	eos	118	117	True	False	False	False	True	0.03038199904617652	0.06381829728796116	False	True	False	[]	True	False	[]	True	False	[]	True	False	[]	True	False	[]	True				excluded	unsupported	fail	117		[]	0											unresolved	no_reliable_reference	346	0	True
vae_candidate_000992	52d54646c5997a16847ff0e56befe899d743c25dab1d186e4a0d0e3bd9fac3ab	True	False	eos	67	66	True	False	False	False	True	0.04776045291209147	0.06381829728796116	False	True	False	[]	True	False	[]	True	False	[]	True	False	[]	True	False	[]	True				excluded	unsupported	fail	66	nat_8d6274f78693091697cf	"[""nat_8d6274f78693091697cf""]"	1	70	61.5	77	59	30	0.5084745762711864	0.8939393939393939	0.8428571428571429	0.42857142857142855	0.5714285714285714	resolved		346	15	True
vae_candidate_000993	0cef4128387f920221841a0ea0fd271b726940bdcc4f3ddc6598b1b618ea8536	True	False	eos	130	129	True	False	False	False	True	0.05431142475047837	0.06381829728796116	False	True	False	[]	True	False	[]	True	False	[]	True	False	[]	True	False	[]	True				excluded	unsupported	fail	129	nat_2f6b62c5722bcacabd8e	"[""nat_2f6b62c5722bcacabd8e""]"	1	136	203.5	155	110	63	0.5727272727272728	0.8527131782945736	0.8088235294117647	0.4632352941176471	0.5367647058823529	resolved		346	7	True
vae_candidate_000994	722f97a1cf1ddd610bff3ec85725e679c53cc0a36a75c247f89b5f93644cd343	True	False	eos	101	100	True	False	False	False	True	0.03035264923850947	0.06381829728796116	False	True	False	[]	True	False	[]	True	False	[]	True	False	[]	True	False	[]	True				excluded	unsupported	pass	100	nat_0077c6cbf903d0b80137	"[""nat_0077c6cbf903d0b80137"", ""nat_4b58b860e36e01bdb682"", ""nat_842bc418f0682cd2a9c8"", ""nat_a49cfe7d33cec22c3905"", ""nat_a7791ad55c70e7fd3462""]"	5	96	377.5	104	92	86	0.9347826086956522	0.92	0.9583333333333334	0.86	0.14	resolved		346	158	True
vae_candidate_000996	95dc5749aa1378541e7ba75839ef53427e3fab5c03bbda16514aba58cef007a2	True	False	eos	63	62	True	False	False	False	True	0.016325056489908053	0.06381829728796116	False	True	False	[]	True	False	[]	True	False	[]	True	False	[]	True	False	[]	True				excluded	unsupported	fail	62		[]	0											unresolved	no_reliable_reference	346	0	True
vae_candidate_000997	d4a2c607000048bcbbc6945ed814db2077ac2860e579812d39a2f53b09f0b26a	True	False	eos	104	103	True	False	False	False	True	0.03523011647388813	0.06381829728796116	False	True	False	[]	True	False	[]	True	False	[]	True	False	[]	True	False	[]	True				excluded	unsupported	fail	103	nat_833a1708482ad34125e2	"[""nat_833a1708482ad34125e2"", ""nat_dca06c4ca76aafac96e9""]"	2	98	231.0	117	84	60	0.7142857142857143	0.8155339805825242	0.8571428571428571	0.5825242718446602	0.41747572815533984	resolved		346	8	True
vae_candidate_000998	293f20b4f7b92ab2399b79762e00dddecf7776fd9468050c1b6501f29e90a7f4	True	False	eos	130	129	True	False	False	False	True	0.052585728304147615	0.06381829728796116	False	True	False	[]	True	False	[]	True	False	[]	True	False	[]	True	False	[]	True				excluded	unsupported	fail	129		[]	0											unresolved	no_reliable_reference	346	0	True
vae_candidate_000999	ee720de53aa1ab516401c384d76ac368972954a5ceb6b70d2c3cb640f6ef0c27	True	False	eos	75	74	True	False	False	False	True	0.031133809864392355	0.06381829728796116	False	True	False	[]	True	False	[]	True	False	[]	True	False	[]	True	False	[]	True				excluded	unsupported	pass	74	nat_1e070d0d2387bb202235	"[""nat_1e070d0d2387bb202235""]"	1	75	208.5	82	67	48	0.7164179104477612	0.9054054054054054	0.8933333333333333	0.64	0.36	resolved		346	103	True
vae_candidate_001000	c39dc756c3cb3e9969dd1fd3ff6d964e8c070e5e1e5e70658358c76146f1ebf5	True	False	eos	67	66	True	False	False	False	True	0.037177514580031865	0.06381829728796116	False	True	False	[]	True	False	[]	True	False	[]	True	False	[]	True	False	[]	True				excluded	unsupported	pass	66	nat_1ed909a554bd91f8870f	"[""nat_1ed909a554bd91f8870f""]"	1	73	145.0	75	64	40	0.625	0.9696969696969697	0.8767123287671232	0.547945205479452	0.452054794520548	resolved		346	67	True
