sequence_id	query_length	closest_reference_id	closest_reference_ids	closest_reference_tie_count	target_length	alignment_score	alignment_length	aligned_pairs	identical_residues	identity	query_coverage	target_coverage	effective_identity	distance	distance_status	distance_reason	reference_count	resolved_reference_count
vae_candidate_000001	84	nat_d4ba65189ba86a477cc5	"[""nat_d4ba65189ba86a477cc5""]"	1	92	308.0	94	82	72	0.8780487804878049	0.9761904761904762	0.8913043478260869	0.782608695652174	0.21739130434782605	resolved		346	219
vae_candidate_000002	89	nat_75679c0d4db585656573	"[""nat_75679c0d4db585656573""]"	1	92	212.0	102	79	56	0.7088607594936709	0.8876404494382022	0.8586956521739131	0.6086956521739131	0.3913043478260869	resolved		346	184
vae_candidate_000003	116	nat_0101bc590c89813c161a	"[""nat_0101bc590c89813c161a"", ""nat_05d62502987d9405b8af"", ""nat_4dc9c1477d3d6b181da7"", ""nat_8f3e753527c876cd94f0""]"	4	94	328.0	117	93	80	0.8602150537634409	0.8017241379310345	0.9893617021276596	0.6896551724137931	0.31034482758620685	resolved		346	102
vae_candidate_000004	97		[]	0											unresolved	no_reliable_reference	346	0
vae_candidate_000005	92	nat_c8490949e18e771ed8c8	"[""nat_c8490949e18e771ed8c8"", ""nat_ccd25408209dd226eaf9""]"	2	94	232.5	110	76	61	0.8026315789473685	0.8260869565217391	0.8085106382978723	0.648936170212766	0.35106382978723405	resolved		346	154
vae_candidate_000006	78	nat_34e09ae9d7236edc844b	"[""nat_34e09ae9d7236edc844b""]"	1	85	192.0	89	74	48	0.6486486486486487	0.9487179487179487	0.8705882352941177	0.5647058823529412	0.43529411764705883	resolved		346	137
vae_candidate_000007	54		[]	0											unresolved	no_reliable_reference	346	0
vae_candidate_000008	112	nat_9fd0842a53e077dc147a	"[""nat_9fd0842a53e077dc147a""]"	1	111	54.5	133	90	37	0.4111111111111111	0.8035714285714286	0.8108108108108109	0.33035714285714285	0.6696428571428572	resolved		346	1
vae_candidate_000009	77	nat_2dee131e85e06a8f9fdd	"[""nat_2dee131e85e06a8f9fdd""]"	1	76	152.0	89	64	37	0.578125	0.8311688311688312	0.8421052631578947	0.4805194805194805	0.5194805194805194	resolved		346	18
vae_candidate_000010	89	nat_dc6aa26cbe06c32b68c2	"[""nat_dc6aa26cbe06c32b68c2""]"	1	94	96.0	101	82	41	0.5	0.9213483146067416	0.8723404255319149	0.43617021276595747	0.5638297872340425	resolved		346	180
vae_candidate_000011	76	nat_13dff233b6dfd04cb79c	"[""nat_13dff233b6dfd04cb79c"", ""nat_1ed909a554bd91f8870f"", ""nat_2a93193629740c6b70af"", ""nat_440c141d3d83ed043c33""]"	4	76	193.0	84	68	49	0.7205882352941176	0.8947368421052632	0.8947368421052632	0.6447368421052632	0.35526315789473684	resolved		346	96
vae_candidate_000012	144	nat_8bfb3056e00dc3525ee8	"[""nat_8bfb3056e00dc3525ee8""]"	1	145	252.0	168	121	70	0.5785123966942148	0.8402777777777778	0.8344827586206897	0.4827586206896552	0.5172413793103448	resolved		346	32
vae_candidate_000013	167	nat_82b87d3bb03732004ea1	"[""nat_82b87d3bb03732004ea1""]"	1	159	369.5	176	150	97	0.6466666666666666	0.8982035928143712	0.9433962264150944	0.5808383233532934	0.41916167664670656	resolved		346	86
vae_candidate_000014	137		[]	0											unresolved	no_reliable_reference	346	0
vae_candidate_000015	139	nat_8bfb3056e00dc3525ee8	"[""nat_8bfb3056e00dc3525ee8""]"	1	145	216.5	166	118	67	0.5677966101694916	0.8489208633093526	0.8137931034482758	0.46206896551724136	0.5379310344827586	resolved		346	89
vae_candidate_000016	180	nat_82d1db25aa951a1ad609	"[""nat_82d1db25aa951a1ad609""]"	1	159	43.5	192	147	47	0.3197278911564626	0.8166666666666667	0.9245283018867925	0.2611111111111111	0.7388888888888889	resolved		346	5
vae_candidate_000017	95	nat_4d4e00d31d935ed0527d	"[""nat_4d4e00d31d935ed0527d""]"	1	95	107.5	114	76	43	0.5657894736842105	0.8	0.8	0.45263157894736844	0.5473684210526315	resolved		346	108
vae_candidate_000018	98	nat_0145b7d0415b25474bf7	"[""nat_0145b7d0415b25474bf7"", ""nat_168a7720be25950ce7a5"", ""nat_3e6bf91c590be6684eed"", ""nat_4f76b230eb60279eb5dd"", ""nat_9ca97034ea4d97950343"", ""nat_a9c10692b45d32f772b4"", ""nat_acb38079c01f07d0de6f"", ""nat_bf5abb4d953e0d6aaa1f"", ""nat_c0d8f1302fa41452efbc"", ""nat_c468502803b4ab5981f1"", ""nat_d5d6f3cedb33fb3328b6"", ""nat_dbd11e06d90ad48401af""]"	12	95	258.0	103	90	62	0.6888888888888889	0.9183673469387755	0.9473684210526315	0.6326530612244898	0.36734693877551017	resolved		346	159
vae_candidate_000019	71	nat_1ed909a554bd91f8870f	"[""nat_1ed909a554bd91f8870f""]"	1	73	4.0	84	60	19	0.31666666666666665	0.8450704225352113	0.821917808219178	0.2602739726027397	0.7397260273972603	resolved		346	18
vae_candidate_000020	107	nat_d80e058d93177215aa4b	"[""nat_d80e058d93177215aa4b""]"	1	95	376.5	109	93	88	0.946236559139785	0.8691588785046729	0.9789473684210527	0.822429906542056	0.17757009345794394	resolved		346	142
vae_candidate_000021	95	nat_fa2383cbfbff83286c61	"[""nat_fa2383cbfbff83286c61""]"	1	96	24.5	114	77	28	0.36363636363636365	0.8105263157894737	0.8020833333333334	0.2916666666666667	0.7083333333333333	resolved		346	2
vae_candidate_000022	141	nat_101346775bd8fc719b54	"[""nat_101346775bd8fc719b54""]"	1	150	63.0	170	121	41	0.33884297520661155	0.8581560283687943	0.8066666666666666	0.2733333333333333	0.7266666666666667	resolved		346	12
vae_candidate_000023	133	nat_57c2b381c8bb4035d01c	"[""nat_57c2b381c8bb4035d01c""]"	1	133	158.5	157	109	52	0.47706422018348627	0.8195488721804511	0.8195488721804511	0.39097744360902253	0.6090225563909775	resolved		346	1
vae_candidate_000024	142	nat_55802cc1c7918b91c298	"[""nat_55802cc1c7918b91c298""]"	1	139	351.5	146	135	81	0.6	0.9507042253521126	0.9712230215827338	0.5704225352112676	0.4295774647887324	resolved		346	120
vae_candidate_000025	103	nat_84eddb9c9ecca10afd5a	"[""nat_84eddb9c9ecca10afd5a""]"	1	99	151.5	118	84	41	0.4880952380952381	0.8155339805825242	0.8484848484848485	0.39805825242718446	0.6019417475728155	resolved		346	1
vae_candidate_000026	125	nat_8bfb3056e00dc3525ee8	"[""nat_8bfb3056e00dc3525ee8""]"	1	145	268.0	152	118	74	0.6271186440677966	0.944	0.8137931034482758	0.5103448275862069	0.4896551724137931	resolved		346	17
vae_candidate_000027	74	nat_49cef355c6ba3187ae5c	"[""nat_49cef355c6ba3187ae5c""]"	1	76	250.0	80	70	54	0.7714285714285715	0.9459459459459459	0.9210526315789473	0.7105263157894737	0.2894736842105263	resolved		346	99
vae_candidate_000028	127	nat_43e7561c7d05facf2895	"[""nat_43e7561c7d05facf2895""]"	1	140	181.5	155	112	58	0.5178571428571429	0.8818897637795275	0.8	0.4142857142857143	0.5857142857142856	resolved		346	10
vae_candidate_000029	90	nat_c8490949e18e771ed8c8	"[""nat_c8490949e18e771ed8c8""]"	1	94	382.5	95	89	83	0.9325842696629213	0.9888888888888889	0.9468085106382979	0.8829787234042553	0.11702127659574468	resolved		346	196
vae_candidate_000030	99		[]	0											unresolved	no_reliable_reference	346	0
vae_candidate_000031	74	nat_4a610b8daff21e476288	"[""nat_4a610b8daff21e476288"", ""nat_d9b751580230ca0e5773""]"	2	85	55.0	91	68	29	0.4264705882352941	0.918918918918919	0.8	0.3411764705882353	0.6588235294117647	resolved		346	67
vae_candidate_000032	97	nat_0ae199fc6d044a2da135	"[""nat_0ae199fc6d044a2da135""]"	1	95	323.5	97	95	67	0.7052631578947368	0.979381443298969	1.0	0.6907216494845361	0.30927835051546393	resolved		346	166
vae_candidate_000033	123	nat_8d5392221648a605a7c2	"[""nat_8d5392221648a605a7c2""]"	1	134	25.0	148	109	28	0.25688073394495414	0.8861788617886179	0.8134328358208955	0.208955223880597	0.791044776119403	resolved		346	1
vae_candidate_000034	92	nat_0101bc590c89813c161a	"[""nat_0101bc590c89813c161a"", ""nat_9ca97034ea4d97950343"", ""nat_dc6aa26cbe06c32b68c2""]"	3	94	375.5	96	90	83	0.9222222222222223	0.9782608695652174	0.9574468085106383	0.8829787234042553	0.11702127659574468	resolved		346	184
vae_candidate_000035	95	nat_67dd37821af98e87666e	"[""nat_67dd37821af98e87666e""]"	1	96	226.5	105	86	57	0.6627906976744186	0.9052631578947369	0.8958333333333334	0.59375	0.40625	resolved		346	156
vae_candidate_000036	100	nat_461115b7000bfd74f566	"[""nat_461115b7000bfd74f566"", ""nat_a36a3359d46f89a3e9c6""]"	2	96	29.0	113	83	30	0.3614457831325301	0.83	0.8645833333333334	0.3	0.7	resolved		346	111
vae_candidate_000037	63	nat_25fcb1b7b6c3c6f6f29d	"[""nat_25fcb1b7b6c3c6f6f29d""]"	1	68	147.5	69	62	40	0.6451612903225806	0.9841269841269841	0.9117647058823529	0.5882352941176471	0.4117647058823529	resolved		346	45
vae_candidate_000038	129	nat_c7e8400b87d18c0ef7e0	"[""nat_c7e8400b87d18c0ef7e0""]"	1	152	127.0	158	123	47	0.3821138211382114	0.9534883720930233	0.8092105263157895	0.3092105263157895	0.6907894736842105	resolved		346	13
vae_candidate_000039	104	nat_4a87fc740463a61b2d05	"[""nat_4a87fc740463a61b2d05"", ""nat_b28a6bed955c267791e6""]"	2	109	63.5	124	89	29	0.3258426966292135	0.8557692307692307	0.8165137614678899	0.26605504587155965	0.7339449541284404	resolved		346	6
vae_candidate_000040	168		[]	0											unresolved	no_reliable_reference	346	0
vae_candidate_000041	93	nat_2257aec2c4abeff42ec4	"[""nat_2257aec2c4abeff42ec4""]"	1	97	233.5	106	84	63	0.75	0.9032258064516129	0.865979381443299	0.6494845360824743	0.35051546391752575	resolved		346	181
vae_candidate_000042	115		[]	0											unresolved	no_reliable_reference	346	0
vae_candidate_000043	128		[]	0											unresolved	no_reliable_reference	346	0
vae_candidate_000044	71	nat_08ca607a70bf3998101a	"[""nat_08ca607a70bf3998101a""]"	1	70	176.0	74	67	49	0.7313432835820896	0.9436619718309859	0.9571428571428572	0.6901408450704225	0.3098591549295775	resolved		346	84
vae_candidate_000045	134	nat_8bfb3056e00dc3525ee8	"[""nat_8bfb3056e00dc3525ee8""]"	1	145	303.0	162	117	83	0.7094017094017094	0.8731343283582089	0.8068965517241379	0.5724137931034483	0.4275862068965517	resolved		346	50
vae_candidate_000046	126	nat_9fd0842a53e077dc147a	"[""nat_9fd0842a53e077dc147a""]"	1	111	132.5	131	106	47	0.44339622641509435	0.8412698412698413	0.954954954954955	0.373015873015873	0.626984126984127	resolved		346	3
vae_candidate_000047	59		[]	0											unresolved	no_reliable_reference	346	0
vae_candidate_000048	76	nat_39696a92cfeac6f208a2	"[""nat_39696a92cfeac6f208a2""]"	1	78	34.0	81	73	25	0.3424657534246575	0.9605263157894737	0.9358974358974359	0.32051282051282054	0.6794871794871795	resolved		346	70
vae_candidate_000049	112		[]	0											unresolved	no_reliable_reference	346	0
vae_candidate_000050	70	nat_ea5746ec582bf06f4e03	"[""nat_ea5746ec582bf06f4e03""]"	1	72	246.5	75	67	54	0.8059701492537313	0.9571428571428572	0.9305555555555556	0.75	0.25	resolved		346	84
vae_candidate_000051	82	nat_b14fdba1c12c78ac4485	"[""nat_b14fdba1c12c78ac4485""]"	1	84	57.5	93	73	31	0.4246575342465753	0.8902439024390244	0.8690476190476191	0.36904761904761907	0.6309523809523809	resolved		346	70
vae_candidate_000052	104	nat_c5a4c69d0879da5e6614	"[""nat_c5a4c69d0879da5e6614""]"	1	97	5.5	116	85	21	0.24705882352941178	0.8173076923076923	0.8762886597938144	0.20192307692307693	0.7980769230769231	resolved		346	3
vae_candidate_000053	143	nat_05faae01597311327997	"[""nat_05faae01597311327997""]"	1	155	48.5	174	124	38	0.3064516129032258	0.8671328671328671	0.8	0.24516129032258063	0.7548387096774194	resolved		346	1
vae_candidate_000054	117		[]	0											unresolved	no_reliable_reference	346	0
vae_candidate_000055	51		[]	0											unresolved	no_reliable_reference	346	0
vae_candidate_000056	69	nat_39cf0fd21702af1ff2b1	"[""nat_39cf0fd21702af1ff2b1""]"	1	69	238.0	70	68	53	0.7794117647058824	0.9855072463768116	0.9855072463768116	0.7681159420289855	0.23188405797101452	resolved		346	70
vae_candidate_000057	113	nat_0077c6cbf903d0b80137	"[""nat_0077c6cbf903d0b80137"", ""nat_49d3875a5ef4bbb644f9"", ""nat_7d45d6cf3df5d3d36985"", ""nat_dad443e0412ef646de5e""]"	4	96	366.5	115	94	83	0.8829787234042553	0.831858407079646	0.9791666666666666	0.7345132743362832	0.2654867256637168	resolved		346	112
vae_candidate_000058	86	nat_970873de163a6ff8ee05	"[""nat_970873de163a6ff8ee05""]"	1	88	295.5	90	84	67	0.7976190476190477	0.9767441860465116	0.9545454545454546	0.7613636363636364	0.23863636363636365	resolved		346	206
vae_candidate_000059	85	nat_6dc60142a293ec7c6dcb	"[""nat_6dc60142a293ec7c6dcb"", ""nat_f87e80c34ba5c8c8909b""]"	2	87	10.5	97	75	21	0.28	0.8823529411764706	0.8620689655172413	0.2413793103448276	0.7586206896551724	resolved		346	4
vae_candidate_000060	58	nat_dd1c249d0891ddb7284f	"[""nat_dd1c249d0891ddb7284f""]"	1	71	13.0	71	58	14	0.2413793103448276	1.0	0.8169014084507042	0.19718309859154928	0.8028169014084507	resolved		346	2
vae_candidate_000061	110	nat_7ee1d64f80049d71603c	"[""nat_7ee1d64f80049d71603c""]"	1	95	141.0	113	92	46	0.5	0.8363636363636363	0.968421052631579	0.41818181818181815	0.5818181818181818	resolved		346	118
vae_candidate_000062	90	nat_004ac783975534947324	"[""nat_004ac783975534947324""]"	1	94	208.5	103	81	54	0.6666666666666666	0.9	0.8617021276595744	0.574468085106383	0.42553191489361697	resolved		346	160
vae_candidate_000063	94	nat_842bc418f0682cd2a9c8	"[""nat_842bc418f0682cd2a9c8"", ""nat_a7791ad55c70e7fd3462""]"	2	95	361.5	99	90	81	0.9	0.9574468085106383	0.9473684210526315	0.8526315789473684	0.1473684210526316	resolved		346	156
vae_candidate_000064	96	nat_48f4fc548c0153a5775e	"[""nat_48f4fc548c0153a5775e"", ""nat_4d4e00d31d935ed0527d"", ""nat_8d29ff35edf68fc809de"", ""nat_9fda348180c612303cdb"", ""nat_a8908cb0d732ddf5c6d4""]"	5	96	217.5	106	86	57	0.6627906976744186	0.8958333333333334	0.8958333333333334	0.59375	0.40625	resolved		346	159
vae_candidate_000065	81	nat_0101bc590c89813c161a	"[""nat_0101bc590c89813c161a"", ""nat_168a7720be25950ce7a5"", ""nat_215f48254c804f1f2876"", ""nat_3e6bf91c590be6684eed"", ""nat_8189ed3c9ac18707f549"", ""nat_9ca97034ea4d97950343""]"	6	94	285.0	95	80	69	0.8625	0.9876543209876543	0.851063829787234	0.7340425531914894	0.26595744680851063	resolved		346	217
vae_candidate_000066	75	nat_448d52f7c380acd65350	"[""nat_448d52f7c380acd65350"", ""nat_a4ce46bc0db75edd2892""]"	2	76	34.0	90	61	23	0.3770491803278688	0.8133333333333334	0.8026315789473685	0.3026315789473684	0.6973684210526316	resolved		346	23
vae_candidate_000067	133		[]	0											unresolved	no_reliable_reference	346	0
vae_candidate_000068	103		[]	0											unresolved	no_reliable_reference	346	0
vae_candidate_000069	145	nat_1aeb097a28c863a862e4	"[""nat_1aeb097a28c863a862e4"", ""nat_1cc68774b93a831e1a93""]"	2	137	222.0	159	123	71	0.5772357723577236	0.8482758620689655	0.8978102189781022	0.4896551724137931	0.5103448275862069	resolved		346	24
vae_candidate_000070	91	nat_a49cfe7d33cec22c3905	"[""nat_a49cfe7d33cec22c3905""]"	1	95	420.5	95	91	89	0.978021978021978	1.0	0.9578947368421052	0.9368421052631579	0.06315789473684208	resolved		346	186
vae_candidate_000071	61		[]	0											unresolved	no_reliable_reference	346	0
vae_candidate_000072	157	nat_25e53f7654eeb15d035e	"[""nat_25e53f7654eeb15d035e""]"	1	156	248.5	186	127	75	0.5905511811023622	0.8089171974522293	0.8141025641025641	0.47770700636942676	0.5222929936305732	resolved		346	21
vae_candidate_000073	146		[]	0											unresolved	no_reliable_reference	346	0
vae_candidate_000074	103		[]	0											unresolved	no_reliable_reference	346	0
vae_candidate_000075	180		[]	0											unresolved	no_reliable_reference	346	0
vae_candidate_000076	118	nat_9fd0842a53e077dc147a	"[""nat_9fd0842a53e077dc147a""]"	1	111	18.0	132	97	29	0.29896907216494845	0.8220338983050848	0.8738738738738738	0.2457627118644068	0.7542372881355932	resolved		346	3
vae_candidate_000077	101	nat_0077c6cbf903d0b80137	"[""nat_0077c6cbf903d0b80137""]"	1	96	41.5	111	86	33	0.38372093023255816	0.8514851485148515	0.8958333333333334	0.32673267326732675	0.6732673267326732	resolved		346	120
vae_candidate_000078	76		[]	0											unresolved	no_reliable_reference	346	0
vae_candidate_000079	104	nat_84eddb9c9ecca10afd5a	"[""nat_84eddb9c9ecca10afd5a""]"	1	99	21.0	117	86	26	0.3023255813953488	0.8269230769230769	0.8686868686868687	0.25	0.75	resolved		346	12
vae_candidate_000080	80	nat_4f811102c58fb8e77080	"[""nat_4f811102c58fb8e77080""]"	1	78	34.5	94	64	27	0.421875	0.8	0.8205128205128205	0.3375	0.6625	resolved		346	13
vae_candidate_000081	51		[]	0											unresolved	no_reliable_reference	346	0
vae_candidate_000082	110	nat_acb38079c01f07d0de6f	"[""nat_acb38079c01f07d0de6f"", ""nat_bf5abb4d953e0d6aaa1f""]"	2	95	194.5	116	89	59	0.6629213483146067	0.8090909090909091	0.9368421052631579	0.5363636363636364	0.4636363636363636	resolved		346	89
vae_candidate_000083	180		[]	0											unresolved	no_reliable_reference	346	0
vae_candidate_000084	180	nat_3d9edce97c58d4805f58	"[""nat_3d9edce97c58d4805f58"", ""nat_e3bf29001a743e3b64f9""]"	2	152	132.0	188	144	60	0.4166666666666667	0.8	0.9473684210526315	0.3333333333333333	0.6666666666666667	resolved		346	2
vae_candidate_000085	74	nat_2dee131e85e06a8f9fdd	"[""nat_2dee131e85e06a8f9fdd""]"	1	76	110.5	80	70	32	0.45714285714285713	0.9459459459459459	0.9210526315789473	0.42105263157894735	0.5789473684210527	resolved		346	70
vae_candidate_000086	91	nat_fc382b09fdd1c909c75c	"[""nat_fc382b09fdd1c909c75c""]"	1	93	65.0	106	78	32	0.41025641025641024	0.8571428571428571	0.8387096774193549	0.34408602150537637	0.6559139784946236	resolved		346	19
vae_candidate_000087	93	nat_62bc5089576517d5fad1	"[""nat_62bc5089576517d5fad1"", ""nat_a36a3359d46f89a3e9c6"", ""nat_b9de124a92fba0281b06""]"	3	93	320.0	96	90	76	0.8444444444444444	0.967741935483871	0.967741935483871	0.8172043010752689	0.18279569892473113	resolved		346	177
vae_candidate_000088	101	nat_c468502803b4ab5981f1	"[""nat_c468502803b4ab5981f1""]"	1	95	268.0	105	91	70	0.7692307692307693	0.900990099009901	0.9578947368421052	0.693069306930693	0.306930693069307	resolved		346	158
vae_candidate_000089	75	nat_32d58e5d24419efe5e0e	"[""nat_32d58e5d24419efe5e0e"", ""nat_cac8cf4903b24e69aca8""]"	2	76	232.5	82	69	52	0.7536231884057971	0.92	0.9078947368421053	0.6842105263157895	0.3157894736842105	resolved		346	99
vae_candidate_000090	93	nat_fa2383cbfbff83286c61	"[""nat_fa2383cbfbff83286c61""]"	1	96	377.5	96	93	80	0.8602150537634409	1.0	0.96875	0.8333333333333334	0.16666666666666663	resolved		346	186
vae_candidate_000091	93	nat_fe2e069c7d192a9aa4be	"[""nat_fe2e069c7d192a9aa4be""]"	1	92	337.0	94	91	75	0.8241758241758241	0.978494623655914	0.9891304347826086	0.8064516129032258	0.19354838709677424	resolved		346	184
vae_candidate_000092	123	nat_4a87fc740463a61b2d05	"[""nat_4a87fc740463a61b2d05"", ""nat_b28a6bed955c267791e6""]"	2	109	218.5	132	100	56	0.56	0.8130081300813008	0.9174311926605505	0.45528455284552843	0.5447154471544715	resolved		346	52
vae_candidate_000093	140		[]	0											unresolved	no_reliable_reference	346	0
vae_candidate_000094	178	nat_93fc211ea4b34cbb8750	"[""nat_93fc211ea4b34cbb8750""]"	1	153	285.5	187	144	81	0.5625	0.8089887640449438	0.9411764705882353	0.4550561797752809	0.5449438202247191	resolved		346	6
vae_candidate_000095	121	nat_4a87fc740463a61b2d05	"[""nat_4a87fc740463a61b2d05""]"	1	109	201.0	130	100	57	0.57	0.8264462809917356	0.9174311926605505	0.47107438016528924	0.5289256198347108	resolved		346	38
vae_candidate_000096	180	nat_1f2decc9d9629b127278	"[""nat_1f2decc9d9629b127278""]"	1	158	183.0	191	147	60	0.40816326530612246	0.8166666666666667	0.930379746835443	0.3333333333333333	0.6666666666666667	resolved		346	1
vae_candidate_000097	56		[]	0											unresolved	no_reliable_reference	346	0
vae_candidate_000098	70	nat_1ed909a554bd91f8870f	"[""nat_1ed909a554bd91f8870f""]"	1	73	255.0	75	68	58	0.8529411764705882	0.9714285714285714	0.9315068493150684	0.7945205479452054	0.20547945205479456	resolved		346	95
vae_candidate_000099	116	nat_b28a6bed955c267791e6	"[""nat_b28a6bed955c267791e6"", ""nat_bc61cfaf37743c96bcc0""]"	2	109	150.5	132	93	44	0.4731182795698925	0.8017241379310345	0.8532110091743119	0.3793103448275862	0.6206896551724138	resolved		346	4
vae_candidate_000100	138	nat_9c7fbca4e03cd6830bf2	"[""nat_9c7fbca4e03cd6830bf2""]"	1	146	168.0	162	122	63	0.5163934426229508	0.8840579710144928	0.8356164383561644	0.4315068493150685	0.5684931506849316	resolved		346	81
vae_candidate_000101	97	nat_0101bc590c89813c161a	"[""nat_0101bc590c89813c161a"", ""nat_6681febe116459c77b18"", ""nat_dc6aa26cbe06c32b68c2""]"	3	94	318.5	99	92	74	0.8043478260869565	0.9484536082474226	0.9787234042553191	0.7628865979381443	0.23711340206185572	resolved		346	159
vae_candidate_000102	64	nat_eccab6536bed142192aa	"[""nat_eccab6536bed142192aa""]"	1	70	106.5	77	57	36	0.631578947368421	0.890625	0.8142857142857143	0.5142857142857142	0.48571428571428577	resolved		346	41
vae_candidate_000103	111	nat_1f7ab0dfc808b4ef03c3	"[""nat_1f7ab0dfc808b4ef03c3"", ""nat_92d7d81f95603487cd9c"", ""nat_94cdaea6b1db7bfe983f""]"	3	95	287.5	115	91	70	0.7692307692307693	0.8198198198198198	0.9578947368421052	0.6306306306306306	0.36936936936936937	resolved		346	122
vae_candidate_000104	72	nat_27cf1e5aac6ec3dd931d	"[""nat_27cf1e5aac6ec3dd931d""]"	1	76	128.5	87	61	36	0.5901639344262295	0.8472222222222222	0.8026315789473685	0.47368421052631576	0.5263157894736843	resolved		346	8
vae_candidate_000105	124	nat_8a4162d5996844339fef	"[""nat_8a4162d5996844339fef""]"	1	135	41.5	144	115	33	0.28695652173913044	0.9274193548387096	0.8518518518518519	0.24444444444444444	0.7555555555555555	resolved		346	2
vae_candidate_000106	89		[]	0											unresolved	no_reliable_reference	346	0
vae_candidate_000107	94	nat_215f48254c804f1f2876	"[""nat_215f48254c804f1f2876"", ""nat_3e6bf91c590be6684eed"", ""nat_9ca97034ea4d97950343"", ""nat_c8490949e18e771ed8c8""]"	4	94	376.0	97	91	86	0.945054945054945	0.9680851063829787	0.9680851063829787	0.9148936170212766	0.08510638297872342	resolved		346	168
vae_candidate_000108	108	nat_4f76b230eb60279eb5dd	"[""nat_4f76b230eb60279eb5dd""]"	1	95	260.5	111	92	67	0.7282608695652174	0.8518518518518519	0.968421052631579	0.6203703703703703	0.37962962962962965	resolved		346	125
vae_candidate_000109	97	nat_63e94d96149b61e3547f	"[""nat_63e94d96149b61e3547f""]"	1	87	21.5	106	78	23	0.2948717948717949	0.8041237113402062	0.896551724137931	0.23711340206185566	0.7628865979381443	resolved		346	1
vae_candidate_000110	71	nat_5bc7120641a4b206dec6	"[""nat_5bc7120641a4b206dec6""]"	1	72	154.5	74	69	43	0.6231884057971014	0.971830985915493	0.9583333333333334	0.5972222222222222	0.4027777777777778	resolved		346	99
vae_candidate_000111	123	nat_5c045ab07969cb21b0ad	"[""nat_5c045ab07969cb21b0ad""]"	1	142	38.0	147	118	38	0.3220338983050847	0.959349593495935	0.8309859154929577	0.2676056338028169	0.7323943661971831	resolved		346	7
vae_candidate_000112	131	nat_1aeb097a28c863a862e4	"[""nat_1aeb097a28c863a862e4""]"	1	137	194.5	156	112	65	0.5803571428571429	0.8549618320610687	0.8175182481751825	0.4744525547445255	0.5255474452554745	resolved		346	34
vae_candidate_000113	148		[]	0											unresolved	no_reliable_reference	346	0
vae_candidate_000114	97	nat_a36a3359d46f89a3e9c6	"[""nat_a36a3359d46f89a3e9c6"", ""nat_acb38079c01f07d0de6f""]"	2	93	200.0	112	78	58	0.7435897435897436	0.8041237113402062	0.8387096774193549	0.5979381443298969	0.4020618556701031	resolved		346	134
vae_candidate_000115	144	nat_d57269e318a762146774	"[""nat_d57269e318a762146774"", ""nat_f4f90ca0708a5faa9c5b""]"	2	137	208.5	165	116	63	0.5431034482758621	0.8055555555555556	0.8467153284671532	0.4375	0.5625	resolved		346	9
vae_candidate_000116	118	nat_4a87fc740463a61b2d05	"[""nat_4a87fc740463a61b2d05""]"	1	109	246.5	131	96	61	0.6354166666666666	0.8135593220338984	0.8807339449541285	0.5169491525423728	0.48305084745762716	resolved		346	3
vae_candidate_000117	113	nat_2257aec2c4abeff42ec4	"[""nat_2257aec2c4abeff42ec4""]"	1	97	189.5	115	95	57	0.6	0.8407079646017699	0.979381443298969	0.504424778761062	0.49557522123893805	resolved		346	85
vae_candidate_000118	70	nat_ea5746ec582bf06f4e03	"[""nat_ea5746ec582bf06f4e03""]"	1	72	239.0	74	68	51	0.75	0.9714285714285714	0.9444444444444444	0.7083333333333334	0.29166666666666663	resolved		346	95
vae_candidate_000119	73	nat_444b2346dad8b8d36df2	"[""nat_444b2346dad8b8d36df2""]"	1	71	39.0	84	60	26	0.43333333333333335	0.821917808219178	0.8450704225352113	0.3561643835616438	0.6438356164383562	resolved		346	6
vae_candidate_000120	88	nat_73e0b5aa88a198c56cae	"[""nat_73e0b5aa88a198c56cae""]"	1	87	246.0	100	75	61	0.8133333333333334	0.8522727272727273	0.8620689655172413	0.6931818181818182	0.30681818181818177	resolved		346	132
vae_candidate_000121	96	nat_0101bc590c89813c161a	"[""nat_0101bc590c89813c161a"", ""nat_4482775e0979509e45d2"", ""nat_4b58b860e36e01bdb682""]"	3	94	389.5	97	93	87	0.9354838709677419	0.96875	0.9893617021276596	0.90625	0.09375	resolved		346	166
vae_candidate_000122	103	nat_833a1708482ad34125e2	"[""nat_833a1708482ad34125e2""]"	1	98	260.5	118	83	65	0.7831325301204819	0.8058252427184466	0.8469387755102041	0.6310679611650486	0.3689320388349514	resolved		346	4
vae_candidate_000123	73	nat_8d6274f78693091697cf	"[""nat_8d6274f78693091697cf""]"	1	70	198.0	73	70	51	0.7285714285714285	0.958904109589041	1.0	0.6986301369863014	0.3013698630136986	resolved		346	97
vae_candidate_000124	74	nat_d565583d15eb6f192c57	"[""nat_d565583d15eb6f192c57""]"	1	67	3.5	78	63	21	0.3333333333333333	0.8513513513513513	0.9402985074626866	0.28378378378378377	0.7162162162162162	resolved		346	1
vae_candidate_000125	111	nat_d80e058d93177215aa4b	"[""nat_d80e058d93177215aa4b""]"	1	95	376.5	111	95	84	0.8842105263157894	0.8558558558558559	1.0	0.7567567567567568	0.2432432432432432	resolved		346	123
vae_candidate_000126	83	nat_4f811102c58fb8e77080	"[""nat_4f811102c58fb8e77080""]"	1	78	234.0	86	75	58	0.7733333333333333	0.9036144578313253	0.9615384615384616	0.6987951807228916	0.3012048192771084	resolved		346	212
vae_candidate_000127	137	nat_8d5392221648a605a7c2	"[""nat_8d5392221648a605a7c2""]"	1	134	205.0	157	114	65	0.5701754385964912	0.8321167883211679	0.8507462686567164	0.4744525547445255	0.5255474452554745	resolved		346	76
vae_candidate_000128	117	nat_833a1708482ad34125e2	"[""nat_833a1708482ad34125e2""]"	1	98	360.0	119	96	80	0.8333333333333334	0.8205128205128205	0.9795918367346939	0.6837606837606838	0.3162393162393162	resolved		346	43
vae_candidate_000129	91	nat_00058845722df3ede422	"[""nat_00058845722df3ede422""]"	1	94	243.5	100	85	58	0.6823529411764706	0.9340659340659341	0.9042553191489362	0.6170212765957447	0.3829787234042553	resolved		346	190
vae_candidate_000130	78	nat_448d52f7c380acd65350	"[""nat_448d52f7c380acd65350"", ""nat_a4ce46bc0db75edd2892""]"	2	76	237.0	80	74	56	0.7567567567567568	0.9487179487179487	0.9736842105263158	0.717948717948718	0.28205128205128205	resolved		346	211
vae_candidate_000131	109	nat_4a87fc740463a61b2d05	"[""nat_4a87fc740463a61b2d05"", ""nat_53979ea823175001b77b"", ""nat_b28a6bed955c267791e6""]"	3	109	81.5	127	91	39	0.42857142857142855	0.8348623853211009	0.8348623853211009	0.3577981651376147	0.6422018348623852	resolved		346	11
vae_candidate_000132	86	nat_75679c0d4db585656573	"[""nat_75679c0d4db585656573""]"	1	92	8.5	104	74	25	0.33783783783783783	0.8604651162790697	0.8043478260869565	0.2717391304347826	0.7282608695652174	resolved		346	18
vae_candidate_000133	102	nat_7ee1d64f80049d71603c	"[""nat_7ee1d64f80049d71603c""]"	1	95	289.0	105	92	73	0.7934782608695652	0.9019607843137255	0.968421052631579	0.7156862745098039	0.28431372549019607	resolved		346	154
vae_candidate_000134	69		[]	0											unresolved	no_reliable_reference	346	0
vae_candidate_000135	93	nat_05d62502987d9405b8af	"[""nat_05d62502987d9405b8af""]"	1	95	432.5	95	93	90	0.967741935483871	1.0	0.9789473684210527	0.9473684210526315	0.052631578947368474	resolved		346	182
vae_candidate_000136	95	nat_9ca97034ea4d97950343	"[""nat_9ca97034ea4d97950343"", ""nat_a36a3359d46f89a3e9c6"", ""nat_a9c10692b45d32f772b4"", ""nat_acb38079c01f07d0de6f""]"	4	94	380.5	99	90	84	0.9333333333333333	0.9473684210526315	0.9574468085106383	0.8842105263157894	0.11578947368421055	resolved		346	168
vae_candidate_000137	91	nat_76418c5d471b2873e6bf	"[""nat_76418c5d471b2873e6bf""]"	1	86	169.5	98	79	49	0.620253164556962	0.8681318681318682	0.9186046511627907	0.5384615384615384	0.46153846153846156	resolved		346	187
vae_candidate_000138	122		[]	0											unresolved	no_reliable_reference	346	0
vae_candidate_000139	180		[]	0											unresolved	no_reliable_reference	346	0
vae_candidate_000140	108	nat_fca422d4ddd5dcd65605	"[""nat_fca422d4ddd5dcd65605""]"	1	96	312.0	114	90	79	0.8777777777777778	0.8333333333333334	0.9375	0.7314814814814815	0.2685185185185185	resolved		346	127
vae_candidate_000141	99	nat_5d40201e59780a4578e1	"[""nat_5d40201e59780a4578e1""]"	1	95	277.0	108	86	69	0.8023255813953488	0.8686868686868687	0.9052631578947369	0.696969696969697	0.303030303030303	resolved		346	155
vae_candidate_000142	61		[]	0											unresolved	no_reliable_reference	346	0
vae_candidate_000143	92	nat_d5d6f3cedb33fb3328b6	"[""nat_d5d6f3cedb33fb3328b6""]"	1	95	232.5	99	88	57	0.6477272727272727	0.9565217391304348	0.9263157894736842	0.6	0.4	resolved		346	158
vae_candidate_000144	80	nat_b14fdba1c12c78ac4485	"[""nat_b14fdba1c12c78ac4485""]"	1	84	113.5	88	76	33	0.4342105263157895	0.95	0.9047619047619048	0.39285714285714285	0.6071428571428572	resolved		346	206
vae_candidate_000145	72		[]	0											unresolved	no_reliable_reference	346	0
vae_candidate_000146	174		[]	0											unresolved	no_reliable_reference	346	0
vae_candidate_000147	64	nat_278c7a3fd12af0319695	"[""nat_278c7a3fd12af0319695"", ""nat_444b2346dad8b8d36df2""]"	2	71	5.0	77	58	18	0.3103448275862069	0.90625	0.8169014084507042	0.2535211267605634	0.7464788732394366	resolved		346	7
vae_candidate_000148	64	nat_505ccb0a3946a89f0437	"[""nat_505ccb0a3946a89f0437"", ""nat_8d6274f78693091697cf"", ""nat_a1131689eff9ccc2bc1c"", ""nat_d43d1d5ec03e055dcf06"", ""nat_eccab6536bed142192aa"", ""nat_ffde9c8a0aa4cd762cfd""]"	6	70	25.0	74	60	22	0.36666666666666664	0.9375	0.8571428571428571	0.3142857142857143	0.6857142857142857	resolved		346	43
vae_candidate_000149	121	nat_55802cc1c7918b91c298	"[""nat_55802cc1c7918b91c298""]"	1	139	290.5	146	114	67	0.5877192982456141	0.9421487603305785	0.8201438848920863	0.48201438848920863	0.5179856115107914	resolved		346	20
vae_candidate_000150	74	nat_ea5746ec582bf06f4e03	"[""nat_ea5746ec582bf06f4e03""]"	1	72	269.0	80	66	59	0.8939393939393939	0.8918918918918919	0.9166666666666666	0.7972972972972973	0.20270270270270274	resolved		346	78
vae_candidate_000151	73	nat_1ed909a554bd91f8870f	"[""nat_1ed909a554bd91f8870f""]"	1	73	236.5	78	68	55	0.8088235294117647	0.9315068493150684	0.9315068493150684	0.7534246575342466	0.2465753424657534	resolved		346	96
vae_candidate_000152	59		[]	0											unresolved	no_reliable_reference	346	0
vae_candidate_000153	104	nat_4d4e00d31d935ed0527d	"[""nat_4d4e00d31d935ed0527d"", ""nat_a49cfe7d33cec22c3905""]"	2	95	217.5	110	89	59	0.6629213483146067	0.8557692307692307	0.9368421052631579	0.5673076923076923	0.4326923076923077	resolved		346	132
vae_candidate_000154	88	nat_4cea385a8794a0b112c3	"[""nat_4cea385a8794a0b112c3""]"	1	94	71.0	104	78	34	0.4358974358974359	0.8863636363636364	0.8297872340425532	0.3617021276595745	0.6382978723404256	resolved		346	142
vae_candidate_000155	87	nat_42d774e2b731f8e5de6a	"[""nat_42d774e2b731f8e5de6a"", ""nat_fc382b09fdd1c909c75c""]"	2	93	16.0	97	83	24	0.2891566265060241	0.9540229885057471	0.8924731182795699	0.25806451612903225	0.7419354838709677	resolved		346	3
vae_candidate_000156	87	nat_873dfd59523575571c0b	"[""nat_873dfd59523575571c0b""]"	1	85	163.5	102	70	43	0.6142857142857143	0.8045977011494253	0.8235294117647058	0.4942528735632184	0.5057471264367817	resolved		346	19
vae_candidate_000157	99	nat_92d7d81f95603487cd9c	"[""nat_92d7d81f95603487cd9c"", ""nat_a7791ad55c70e7fd3462""]"	2	95	435.5	99	95	90	0.9473684210526315	0.9595959595959596	1.0	0.9090909090909091	0.09090909090909094	resolved		346	158
vae_candidate_000158	89	nat_92d7d81f95603487cd9c	"[""nat_92d7d81f95603487cd9c"", ""nat_d80e058d93177215aa4b""]"	2	95	184.0	108	76	54	0.7105263157894737	0.8539325842696629	0.8	0.5684210526315789	0.43157894736842106	resolved		346	56
vae_candidate_000159	56		[]	0											unresolved	no_reliable_reference	346	0
vae_candidate_000160	121	nat_833a1708482ad34125e2	"[""nat_833a1708482ad34125e2""]"	1	98	281.0	121	98	70	0.7142857142857143	0.8099173553719008	1.0	0.5785123966942148	0.42148760330578516	resolved		346	32
vae_candidate_000161	111	nat_4b58b860e36e01bdb682	"[""nat_4b58b860e36e01bdb682""]"	1	95	204.0	114	92	55	0.5978260869565217	0.8288288288288288	0.968421052631579	0.4954954954954955	0.5045045045045045	resolved		346	63
vae_candidate_000162	139		[]	0											unresolved	no_reliable_reference	346	0
vae_candidate_000163	78	nat_1f956fdbc151f2ec0ffb	"[""nat_1f956fdbc151f2ec0ffb""]"	1	95	194.0	96	77	54	0.7012987012987013	0.9871794871794872	0.8105263157894737	0.5684210526315789	0.43157894736842106	resolved		346	209
vae_candidate_000164	98		[]	0											unresolved	no_reliable_reference	346	0
vae_candidate_000165	114	nat_c5a4c69d0879da5e6614	"[""nat_c5a4c69d0879da5e6614"", ""nat_c7cb28cf54b6a88ff785"", ""nat_dc2b0da282a1a334132b""]"	3	97	137.0	116	95	40	0.42105263157894735	0.8333333333333334	0.979381443298969	0.3508771929824561	0.6491228070175439	resolved		346	10
vae_candidate_000166	71	nat_b07305ca6f722d02988a	"[""nat_b07305ca6f722d02988a""]"	1	71	56.5	84	58	29	0.5	0.8169014084507042	0.8169014084507042	0.4084507042253521	0.5915492957746479	resolved		346	29
vae_candidate_000167	93	nat_38cb7bda240a833d36b3	"[""nat_38cb7bda240a833d36b3""]"	1	95	153.5	105	83	47	0.5662650602409639	0.8924731182795699	0.8736842105263158	0.49473684210526314	0.5052631578947369	resolved		346	184
vae_candidate_000168	57		[]	0											unresolved	no_reliable_reference	346	0
vae_candidate_000169	93	nat_0101bc590c89813c161a	"[""nat_0101bc590c89813c161a""]"	1	94	382.5	96	91	83	0.9120879120879121	0.978494623655914	0.9680851063829787	0.8829787234042553	0.11702127659574468	resolved		346	180
vae_candidate_000170	113	nat_0ae199fc6d044a2da135	"[""nat_0ae199fc6d044a2da135""]"	1	95	171.0	115	93	48	0.5161290322580645	0.8230088495575221	0.9789473684210527	0.4247787610619469	0.5752212389380531	resolved		346	21
vae_candidate_000171	131	nat_2f6b62c5722bcacabd8e	"[""nat_2f6b62c5722bcacabd8e""]"	1	136	186.0	156	111	63	0.5675675675675675	0.8473282442748091	0.8161764705882353	0.4632352941176471	0.5367647058823529	resolved		346	28
vae_candidate_000172	122	nat_db787bdce100ebe0b52f	"[""nat_db787bdce100ebe0b52f""]"	1	137	234.5	149	110	68	0.6181818181818182	0.9016393442622951	0.8029197080291971	0.49635036496350365	0.5036496350364963	resolved		346	50
vae_candidate_000173	96		[]	0											unresolved	no_reliable_reference	346	0
vae_candidate_000174	55		[]	0											unresolved	no_reliable_reference	346	0
vae_candidate_000175	60	nat_ffde9c8a0aa4cd762cfd	"[""nat_ffde9c8a0aa4cd762cfd""]"	1	70	89.5	73	57	35	0.6140350877192983	0.95	0.8142857142857143	0.5	0.5	resolved		346	28
vae_candidate_000176	109		[]	0											unresolved	no_reliable_reference	346	0
vae_candidate_000177	154	nat_dbbc85b2e6d8fc6f3682	"[""nat_dbbc85b2e6d8fc6f3682""]"	1	154	32.5	184	124	44	0.3548387096774194	0.8051948051948052	0.8051948051948052	0.2857142857142857	0.7142857142857143	resolved		346	6
vae_candidate_000178	70	nat_ea5746ec582bf06f4e03	"[""nat_ea5746ec582bf06f4e03""]"	1	72	263.0	76	66	56	0.8484848484848485	0.9428571428571428	0.9166666666666666	0.7777777777777778	0.2222222222222222	resolved		346	78
vae_candidate_000179	91	nat_7d45d6cf3df5d3d36985	"[""nat_7d45d6cf3df5d3d36985"", ""nat_9ba949b2aab9e2be6898""]"	2	95	252.0	96	90	63	0.7	0.989010989010989	0.9473684210526315	0.6631578947368421	0.33684210526315794	resolved		346	190
vae_candidate_000180	69	nat_2708b2500f3eefced6c0	"[""nat_2708b2500f3eefced6c0""]"	1	69	130.5	73	65	42	0.6461538461538462	0.9420289855072463	0.9420289855072463	0.6086956521739131	0.3913043478260869	resolved		346	64
vae_candidate_000181	167		[]	0											unresolved	no_reliable_reference	346	0
vae_candidate_000182	142	nat_9c7fbca4e03cd6830bf2	"[""nat_9c7fbca4e03cd6830bf2""]"	1	146	312.0	164	124	80	0.6451612903225806	0.8732394366197183	0.8493150684931506	0.547945205479452	0.452054794520548	resolved		346	65
vae_candidate_000183	99		[]	0											unresolved	no_reliable_reference	346	0
vae_candidate_000184	105	nat_4f76b230eb60279eb5dd	"[""nat_4f76b230eb60279eb5dd"", ""nat_82e4660fb87f57daff30"", ""nat_842bc418f0682cd2a9c8"", ""nat_9ba949b2aab9e2be6898"", ""nat_c468502803b4ab5981f1""]"	5	95	208.0	107	93	54	0.5806451612903226	0.8857142857142857	0.9789473684210527	0.5142857142857142	0.48571428571428577	resolved		346	141
vae_candidate_000185	85	nat_262acad32bf64e600812	"[""nat_262acad32bf64e600812"", ""nat_476885d73f2103224b29""]"	2	75	1.0	92	68	22	0.3235294117647059	0.8	0.9066666666666666	0.25882352941176473	0.7411764705882353	resolved		346	5
vae_candidate_000186	71	nat_1ed909a554bd91f8870f	"[""nat_1ed909a554bd91f8870f""]"	1	73	236.5	78	66	55	0.8333333333333334	0.9295774647887324	0.9041095890410958	0.7534246575342466	0.2465753424657534	resolved		346	81
vae_candidate_000187	100	nat_168a7720be25950ce7a5	"[""nat_168a7720be25950ce7a5"", ""nat_3d7fc725cd17cf23a73c"", ""nat_6681febe116459c77b18"", ""nat_6b2c0d4d7468a9bb7cde"", ""nat_7d45d6cf3df5d3d36985"", ""nat_9ca97034ea4d97950343""]"	6	94	101.0	109	85	43	0.5058823529411764	0.85	0.9042553191489362	0.43	0.5700000000000001	resolved		346	86
vae_candidate_000188	180		[]	0											unresolved	no_reliable_reference	346	0
vae_candidate_000189	63		[]	0											unresolved	no_reliable_reference	346	0
vae_candidate_000190	104	nat_6681febe116459c77b18	"[""nat_6681febe116459c77b18"", ""nat_6b2c0d4d7468a9bb7cde"", ""nat_74aacbad701be1598660"", ""nat_833a1708482ad34125e2"", ""nat_b47c8eec954491beb714""]"	5	94	44.5	111	87	32	0.367816091954023	0.8365384615384616	0.925531914893617	0.3076923076923077	0.6923076923076923	resolved		346	61
vae_candidate_000191	94	nat_1f956fdbc151f2ec0ffb	"[""nat_1f956fdbc151f2ec0ffb""]"	1	95	373.0	96	93	82	0.8817204301075269	0.9893617021276596	0.9789473684210527	0.8631578947368421	0.13684210526315788	resolved		346	166
vae_candidate_000192	95	nat_004ac783975534947324	"[""nat_004ac783975534947324"", ""nat_373d638b02f47e751a57"", ""nat_4a610b8daff21e476288"", ""nat_d9b751580230ca0e5773""]"	4	94	116.0	104	85	40	0.47058823529411764	0.8947368421052632	0.9042553191489362	0.42105263157894735	0.5789473684210527	resolved		346	172
vae_candidate_000193	129	nat_0942555d17806690a15c	"[""nat_0942555d17806690a15c""]"	1	148	55.5	153	124	43	0.3467741935483871	0.9612403100775194	0.8378378378378378	0.2905405405405405	0.7094594594594594	resolved		346	6
vae_candidate_000194	141		[]	0											unresolved	no_reliable_reference	346	0
vae_candidate_000195	102	nat_0101bc590c89813c161a	"[""nat_0101bc590c89813c161a"", ""nat_1f956fdbc151f2ec0ffb"", ""nat_6681febe116459c77b18"", ""nat_67dd37821af98e87666e"", ""nat_6b2c0d4d7468a9bb7cde"", ""nat_78005b3dddedd0251b7e"", ""nat_8f3e753527c876cd94f0"", ""nat_c468502803b4ab5981f1"", ""nat_d5d6f3cedb33fb3328b6""]"	9	94	303.0	109	87	73	0.8390804597701149	0.8529411764705882	0.925531914893617	0.7156862745098039	0.28431372549019607	resolved		346	158
vae_candidate_000196	52		[]	0											unresolved	no_reliable_reference	346	0
vae_candidate_000197	170	nat_2f6261679e76a403b7de	"[""nat_2f6261679e76a403b7de"", ""nat_d69494036b1115ae54ae""]"	2	156	244.5	185	141	72	0.5106382978723404	0.8294117647058824	0.9038461538461539	0.4235294117647059	0.5764705882352941	resolved		346	63
vae_candidate_000198	180		[]	0											unresolved	no_reliable_reference	346	0
vae_candidate_000199	143		[]	0											unresolved	no_reliable_reference	346	0
vae_candidate_000200	88	nat_b5ccff48f879b7cc34ad	"[""nat_b5ccff48f879b7cc34ad""]"	1	92	323.0	93	87	73	0.8390804597701149	0.9886363636363636	0.9456521739130435	0.7934782608695652	0.2065217391304348	resolved		346	201
vae_candidate_000201	91	nat_320fa412f1f1ad675d12	"[""nat_320fa412f1f1ad675d12""]"	1	87	38.0	102	76	27	0.35526315789473684	0.8351648351648352	0.8735632183908046	0.2967032967032967	0.7032967032967032	resolved		346	7
vae_candidate_000202	95	nat_943ce15fb7773fa3a769	"[""nat_943ce15fb7773fa3a769""]"	1	94	233.5	107	82	62	0.7560975609756098	0.8631578947368421	0.8723404255319149	0.6526315789473685	0.34736842105263155	resolved		346	168
vae_candidate_000203	99	nat_7ee1d64f80049d71603c	"[""nat_7ee1d64f80049d71603c""]"	1	95	85.0	113	81	37	0.4567901234567901	0.8181818181818182	0.8526315789473684	0.37373737373737376	0.6262626262626263	resolved		346	141
vae_candidate_000204	168	nat_d71b202a146af4e5c40e	"[""nat_d71b202a146af4e5c40e""]"	1	157	97.0	190	135	58	0.42962962962962964	0.8035714285714286	0.8598726114649682	0.34523809523809523	0.6547619047619048	resolved		346	3
vae_candidate_000205	68	nat_39cf0fd21702af1ff2b1	"[""nat_39cf0fd21702af1ff2b1""]"	1	69	145.5	76	61	41	0.6721311475409836	0.8970588235294118	0.8840579710144928	0.5942028985507246	0.4057971014492754	resolved		346	63
vae_candidate_000206	101	nat_67dd37821af98e87666e	"[""nat_67dd37821af98e87666e""]"	1	96	8.5	116	81	23	0.2839506172839506	0.801980198019802	0.84375	0.22772277227722773	0.7722772277227723	resolved		346	1
vae_candidate_000207	73	nat_ea5746ec582bf06f4e03	"[""nat_ea5746ec582bf06f4e03""]"	1	72	167.0	83	62	45	0.7258064516129032	0.8493150684931506	0.8611111111111112	0.6164383561643836	0.3835616438356164	resolved		346	76
vae_candidate_000208	109		[]	0											unresolved	no_reliable_reference	346	0
vae_candidate_000209	121		[]	0											unresolved	no_reliable_reference	346	0
vae_candidate_000210	72	nat_3cc2cb889cfdbbcaa17b	"[""nat_3cc2cb889cfdbbcaa17b"", ""nat_61a382d08777524701b3"", ""nat_ac44a557fbffad89a437"", ""nat_ea5746ec582bf06f4e03""]"	4	72	237.0	76	68	48	0.7058823529411765	0.9444444444444444	0.9444444444444444	0.6666666666666666	0.33333333333333337	resolved		346	96
vae_candidate_000211	60		[]	0											unresolved	no_reliable_reference	346	0
vae_candidate_000212	111	nat_dad443e0412ef646de5e	"[""nat_dad443e0412ef646de5e""]"	1	95	289.5	115	91	71	0.7802197802197802	0.8198198198198198	0.9578947368421052	0.6396396396396397	0.36036036036036034	resolved		346	95
vae_candidate_000213	74	nat_448d52f7c380acd65350	"[""nat_448d52f7c380acd65350"", ""nat_a4ce46bc0db75edd2892"", ""nat_f603a0bdb36b55f44821""]"	3	76	9.0	85	65	20	0.3076923076923077	0.8783783783783784	0.8552631578947368	0.2631578947368421	0.736842105263158	resolved		346	11
vae_candidate_000214	128	nat_0ccad4d436403131ae6a	"[""nat_0ccad4d436403131ae6a""]"	1	135	255.5	154	109	69	0.6330275229357798	0.8515625	0.8074074074074075	0.5111111111111111	0.48888888888888893	resolved		346	9
vae_candidate_000215	124	nat_8d5392221648a605a7c2	"[""nat_8d5392221648a605a7c2""]"	1	134	202.0	149	109	64	0.5871559633027523	0.8790322580645161	0.8134328358208955	0.47761194029850745	0.5223880597014925	resolved		346	11
vae_candidate_000216	100	nat_168a7720be25950ce7a5	"[""nat_168a7720be25950ce7a5"", ""nat_1eda5f35014077cd8e25"", ""nat_1f7ab0dfc808b4ef03c3"", ""nat_9ca97034ea4d97950343"", ""nat_a49cfe7d33cec22c3905"", ""nat_c8490949e18e771ed8c8"", ""nat_ccd25408209dd226eaf9""]"	7	94	236.0	105	89	58	0.651685393258427	0.89	0.9468085106382979	0.58	0.42000000000000004	resolved		346	155
vae_candidate_000217	64	nat_08ca607a70bf3998101a	"[""nat_08ca607a70bf3998101a"", ""nat_9f8db13e803cecc901b7"", ""nat_a1131689eff9ccc2bc1c""]"	3	70	57.5	77	57	26	0.45614035087719296	0.890625	0.8142857142857143	0.37142857142857144	0.6285714285714286	resolved		346	46
vae_candidate_000218	149		[]	0											unresolved	no_reliable_reference	346	0
vae_candidate_000219	97	nat_78005b3dddedd0251b7e	"[""nat_78005b3dddedd0251b7e"", ""nat_8f3e753527c876cd94f0""]"	2	95	396.0	99	93	85	0.9139784946236559	0.9587628865979382	0.9789473684210527	0.8762886597938144	0.12371134020618557	resolved		346	166
vae_candidate_000220	84	nat_75679c0d4db585656573	"[""nat_75679c0d4db585656573""]"	1	92	323.0	97	79	76	0.9620253164556962	0.9404761904761905	0.8586956521739131	0.8260869565217391	0.17391304347826086	resolved		346	219
vae_candidate_000221	94		[]	0											unresolved	no_reliable_reference	346	0
vae_candidate_000222	136	nat_51872cd8b900b7db59b4	"[""nat_51872cd8b900b7db59b4""]"	1	153	60.0	165	124	45	0.3629032258064516	0.9117647058823529	0.8104575163398693	0.29411764705882354	0.7058823529411764	resolved		346	25
vae_candidate_000223	101	nat_67dd37821af98e87666e	"[""nat_67dd37821af98e87666e"", ""nat_c5a4c69d0879da5e6614""]"	2	96	119.0	116	81	42	0.5185185185185185	0.801980198019802	0.84375	0.4158415841584158	0.5841584158415842	resolved		346	22
vae_candidate_000224	134	nat_8bfb3056e00dc3525ee8	"[""nat_8bfb3056e00dc3525ee8""]"	1	145	222.0	163	116	64	0.5517241379310345	0.8656716417910447	0.8	0.4413793103448276	0.5586206896551724	resolved		346	25
vae_candidate_000225	101	nat_2257aec2c4abeff42ec4	"[""nat_2257aec2c4abeff42ec4"", ""nat_84eddb9c9ecca10afd5a""]"	2	97	48.5	117	81	30	0.37037037037037035	0.801980198019802	0.8350515463917526	0.297029702970297	0.7029702970297029	resolved		346	4
vae_candidate_000226	108	nat_8f3e753527c876cd94f0	"[""nat_8f3e753527c876cd94f0""]"	1	95	353.0	108	95	87	0.9157894736842105	0.8796296296296297	1.0	0.8055555555555556	0.19444444444444442	resolved		346	138
vae_candidate_000227	62	nat_1ed909a554bd91f8870f	"[""nat_1ed909a554bd91f8870f""]"	1	73	7.0	75	60	15	0.25	0.967741935483871	0.821917808219178	0.2054794520547945	0.7945205479452055	resolved		346	7
vae_candidate_000228	124	nat_9fd0842a53e077dc147a	"[""nat_9fd0842a53e077dc147a""]"	1	111	252.0	127	108	61	0.5648148148148148	0.8709677419354839	0.972972972972973	0.49193548387096775	0.5080645161290323	resolved		346	35
vae_candidate_000229	147	nat_a8224f75d4d10d7151b8	"[""nat_a8224f75d4d10d7151b8""]"	1	149	112.0	170	126	50	0.3968253968253968	0.8571428571428571	0.8456375838926175	0.33557046979865773	0.6644295302013423	resolved		346	5
vae_candidate_000230	92	nat_4f76b230eb60279eb5dd	"[""nat_4f76b230eb60279eb5dd""]"	1	95	391.0	97	90	86	0.9555555555555556	0.9782608695652174	0.9473684210526315	0.9052631578947369	0.09473684210526312	resolved		346	189
vae_candidate_000231	117	nat_5d7c3d0594612da43ea2	"[""nat_5d7c3d0594612da43ea2""]"	1	137	178.0	143	111	54	0.4864864864864865	0.9487179487179487	0.8102189781021898	0.39416058394160586	0.6058394160583942	resolved		346	14
vae_candidate_000232	154	nat_25ee00a9c2b4e74f79dd	"[""nat_25ee00a9c2b4e74f79dd""]"	1	155	125.0	183	126	54	0.42857142857142855	0.8181818181818182	0.8129032258064516	0.34838709677419355	0.6516129032258065	resolved		346	7
vae_candidate_000233	81	nat_7801d96d034213cf08c8	"[""nat_7801d96d034213cf08c8""]"	1	84	41.0	97	68	29	0.4264705882352941	0.8395061728395061	0.8095238095238095	0.34523809523809523	0.6547619047619048	resolved		346	176
vae_candidate_000234	65	nat_5883761e33f67abd193e	"[""nat_5883761e33f67abd193e""]"	1	68	16.5	78	55	21	0.38181818181818183	0.8461538461538461	0.8088235294117647	0.3088235294117647	0.6911764705882353	resolved		346	9
vae_candidate_000235	141	nat_c74d6e1106797b3a3d0f	"[""nat_c74d6e1106797b3a3d0f""]"	1	133	226.5	157	117	68	0.5811965811965812	0.8297872340425532	0.8796992481203008	0.48226950354609927	0.5177304964539007	resolved		346	52
vae_candidate_000236	93		[]	0											unresolved	no_reliable_reference	346	0
vae_candidate_000237	101	nat_833a1708482ad34125e2	"[""nat_833a1708482ad34125e2""]"	1	98	43.0	117	82	32	0.3902439024390244	0.8118811881188119	0.8367346938775511	0.31683168316831684	0.6831683168316831	resolved		346	4
vae_candidate_000238	109	nat_4a87fc740463a61b2d05	"[""nat_4a87fc740463a61b2d05"", ""nat_b28a6bed955c267791e6""]"	2	109	159.0	123	95	43	0.45263157894736844	0.8715596330275229	0.8715596330275229	0.3944954128440367	0.6055045871559632	resolved		346	4
vae_candidate_000239	82	nat_5c03f7861ccf36dc0533	"[""nat_5c03f7861ccf36dc0533""]"	1	84	14.0	98	68	26	0.38235294117647056	0.8292682926829268	0.8095238095238095	0.30952380952380953	0.6904761904761905	resolved		346	11
vae_candidate_000240	70	nat_5883761e33f67abd193e	"[""nat_5883761e33f67abd193e""]"	1	68	21.5	79	59	21	0.3559322033898305	0.8428571428571429	0.8676470588235294	0.3	0.7	resolved		346	4
vae_candidate_000241	149		[]	0											unresolved	no_reliable_reference	346	0
vae_candidate_000242	102	nat_6b2c0d4d7468a9bb7cde	"[""nat_6b2c0d4d7468a9bb7cde""]"	1	94	208.5	106	90	56	0.6222222222222222	0.8823529411764706	0.9574468085106383	0.5490196078431373	0.4509803921568627	resolved		346	155
vae_candidate_000243	66	nat_5ff91e8d3cfc9ac60d0d	"[""nat_5ff91e8d3cfc9ac60d0d""]"	1	72	22.5	80	58	23	0.39655172413793105	0.8787878787878788	0.8055555555555556	0.3194444444444444	0.6805555555555556	resolved		346	66
vae_candidate_000244	123	nat_57c2b381c8bb4035d01c	"[""nat_57c2b381c8bb4035d01c""]"	1	133	15.0	146	110	35	0.3181818181818182	0.8943089430894309	0.8270676691729323	0.2631578947368421	0.736842105263158	resolved		346	1
vae_candidate_000245	135		[]	0											unresolved	no_reliable_reference	346	0
vae_candidate_000246	124	nat_4a87fc740463a61b2d05	"[""nat_4a87fc740463a61b2d05""]"	1	109	147.5	133	100	47	0.47	0.8064516129032258	0.9174311926605505	0.3790322580645161	0.6209677419354839	resolved		346	32
vae_candidate_000247	96	nat_05d62502987d9405b8af	"[""nat_05d62502987d9405b8af"", ""nat_4dc9c1477d3d6b181da7"", ""nat_9ca97034ea4d97950343"", ""nat_d92cb9dcfcf48b731b50""]"	4	95	375.5	98	93	82	0.8817204301075269	0.96875	0.9789473684210527	0.8541666666666666	0.14583333333333337	resolved		346	166
vae_candidate_000248	110	nat_78005b3dddedd0251b7e	"[""nat_78005b3dddedd0251b7e""]"	1	95	281.5	117	88	71	0.8068181818181818	0.8	0.9263157894736842	0.6454545454545455	0.3545454545454545	resolved		346	93
vae_candidate_000249	107	nat_d1b057f953bd558c0457	"[""nat_d1b057f953bd558c0457""]"	1	95	397.0	107	95	87	0.9157894736842105	0.8878504672897196	1.0	0.8130841121495327	0.1869158878504673	resolved		346	144
vae_candidate_000250	58		[]	0											unresolved	no_reliable_reference	346	0
vae_candidate_000251	143	nat_c74d6e1106797b3a3d0f	"[""nat_c74d6e1106797b3a3d0f""]"	1	133	160.0	160	116	61	0.5258620689655172	0.8111888111888111	0.8721804511278195	0.42657342657342656	0.5734265734265734	resolved		346	4
vae_candidate_000252	160	nat_33d8dbb5443a9dadf56d	"[""nat_33d8dbb5443a9dadf56d""]"	1	157	84.5	187	130	47	0.36153846153846153	0.8125	0.8280254777070064	0.29375	0.70625	resolved		346	14
vae_candidate_000253	125	nat_4b655799ef9e19953b56	"[""nat_4b655799ef9e19953b56""]"	1	133	204.5	151	107	55	0.514018691588785	0.856	0.8045112781954887	0.41353383458646614	0.5864661654135339	resolved		346	1
vae_candidate_000254	80	nat_b14fdba1c12c78ac4485	"[""nat_b14fdba1c12c78ac4485""]"	1	84	36.5	90	74	29	0.3918918918918919	0.925	0.8809523809523809	0.34523809523809523	0.6547619047619048	resolved		346	77
vae_candidate_000255	138	nat_dbbc85b2e6d8fc6f3682	"[""nat_dbbc85b2e6d8fc6f3682""]"	1	154	39.5	164	128	44	0.34375	0.927536231884058	0.8311688311688312	0.2857142857142857	0.7142857142857143	resolved		346	21
vae_candidate_000256	78	nat_448d52f7c380acd65350	"[""nat_448d52f7c380acd65350"", ""nat_62b65b4bdaad5382b6fd"", ""nat_a4ce46bc0db75edd2892"", ""nat_f603a0bdb36b55f44821""]"	4	76	152.5	90	64	44	0.6875	0.8205128205128205	0.8421052631578947	0.5641025641025641	0.4358974358974359	resolved		346	88
vae_candidate_000257	88	nat_fd90bc846ac4fc169df6	"[""nat_fd90bc846ac4fc169df6""]"	1	92	130.5	95	85	33	0.38823529411764707	0.9659090909090909	0.9239130434782609	0.358695652173913	0.6413043478260869	resolved		346	1
vae_candidate_000258	93	nat_c8490949e18e771ed8c8	"[""nat_c8490949e18e771ed8c8""]"	1	94	382.0	94	93	80	0.8602150537634409	1.0	0.9893617021276596	0.851063829787234	0.14893617021276595	resolved		346	186
vae_candidate_000259	53		[]	0											unresolved	no_reliable_reference	346	0
vae_candidate_000260	109	nat_d92cb9dcfcf48b731b50	"[""nat_d92cb9dcfcf48b731b50""]"	1	95	245.0	111	93	63	0.6774193548387096	0.8532110091743119	0.9789473684210527	0.5779816513761468	0.42201834862385323	resolved		346	109
vae_candidate_000261	64	nat_0c143ad343586201fcf9	"[""nat_0c143ad343586201fcf9"", ""nat_2708b2500f3eefced6c0""]"	2	69	203.5	71	62	48	0.7741935483870968	0.96875	0.8985507246376812	0.6956521739130435	0.30434782608695654	resolved		346	49
vae_candidate_000262	129	nat_c74d6e1106797b3a3d0f	"[""nat_c74d6e1106797b3a3d0f""]"	1	133	159.5	155	107	54	0.5046728971962616	0.8294573643410853	0.8045112781954887	0.40601503759398494	0.5939849624060151	resolved		346	15
vae_candidate_000263	118	nat_0ccad4d436403131ae6a	"[""nat_0ccad4d436403131ae6a""]"	1	135	103.0	144	109	46	0.42201834862385323	0.923728813559322	0.8074074074074075	0.34074074074074073	0.6592592592592592	resolved		346	8
vae_candidate_000264	110	nat_48f4fc548c0153a5775e	"[""nat_48f4fc548c0153a5775e"", ""nat_9ba949b2aab9e2be6898""]"	2	96	398.0	110	96	88	0.9166666666666666	0.8727272727272727	1.0	0.8	0.19999999999999996	resolved		346	127
vae_candidate_000265	103	nat_140f5823a50b88bf41c9	"[""nat_140f5823a50b88bf41c9"", ""nat_4cea385a8794a0b112c3""]"	2	93	141.5	103	93	46	0.4946236559139785	0.9029126213592233	1.0	0.44660194174757284	0.5533980582524272	resolved		346	152
vae_candidate_000266	89	nat_3e6bf91c590be6684eed	"[""nat_3e6bf91c590be6684eed""]"	1	94	390.5	94	89	83	0.9325842696629213	1.0	0.9468085106382979	0.8829787234042553	0.11702127659574468	resolved		346	192
vae_candidate_000267	90	nat_d4ba65189ba86a477cc5	"[""nat_d4ba65189ba86a477cc5"", ""nat_fe2e069c7d192a9aa4be""]"	2	92	141.0	103	79	46	0.5822784810126582	0.8777777777777778	0.8586956521739131	0.5	0.5	resolved		346	161
vae_candidate_000268	69	nat_0c143ad343586201fcf9	"[""nat_0c143ad343586201fcf9""]"	1	69	22.0	81	57	21	0.3684210526315789	0.8260869565217391	0.8260869565217391	0.30434782608695654	0.6956521739130435	resolved		346	29
vae_candidate_000269	117		[]	0											unresolved	no_reliable_reference	346	0
vae_candidate_000270	92	nat_8f3e753527c876cd94f0	"[""nat_8f3e753527c876cd94f0""]"	1	95	325.5	96	91	74	0.8131868131868132	0.9891304347826086	0.9578947368421052	0.7789473684210526	0.2210526315789474	resolved		346	188
vae_candidate_000271	95	nat_dc2b0da282a1a334132b	"[""nat_dc2b0da282a1a334132b""]"	1	102	20.5	114	83	25	0.30120481927710846	0.8736842105263158	0.8137254901960784	0.24509803921568626	0.7549019607843137	resolved		346	2
vae_candidate_000272	127	nat_8a4162d5996844339fef	"[""nat_8a4162d5996844339fef""]"	1	135	144.0	152	110	52	0.4727272727272727	0.8661417322834646	0.8148148148148148	0.3851851851851852	0.6148148148148148	resolved		346	23
vae_candidate_000273	108	nat_82e4660fb87f57daff30	"[""nat_82e4660fb87f57daff30"", ""nat_bf00fc1bb4a6bea076a5""]"	2	95	254.0	115	88	66	0.75	0.8148148148148148	0.9263157894736842	0.6111111111111112	0.38888888888888884	resolved		346	130
vae_candidate_000274	180	nat_6d257d8cbeb3f3af448a	"[""nat_6d257d8cbeb3f3af448a""]"	1	150	247.0	186	144	70	0.4861111111111111	0.8	0.96	0.3888888888888889	0.6111111111111112	resolved		346	8
vae_candidate_000275	59	nat_d565583d15eb6f192c57	"[""nat_d565583d15eb6f192c57""]"	1	67	13.5	71	55	17	0.3090909090909091	0.9322033898305084	0.8208955223880597	0.2537313432835821	0.7462686567164178	resolved		346	2
vae_candidate_000276	86	nat_73e0b5aa88a198c56cae	"[""nat_73e0b5aa88a198c56cae""]"	1	87	130.5	103	70	39	0.5571428571428572	0.813953488372093	0.8045977011494253	0.4482758620689655	0.5517241379310345	resolved		346	51
vae_candidate_000277	111	nat_d07d112598796fe30d76	"[""nat_d07d112598796fe30d76"", ""nat_fa2383cbfbff83286c61""]"	2	95	302.5	111	95	72	0.7578947368421053	0.8558558558558559	1.0	0.6486486486486487	0.3513513513513513	resolved		346	126
vae_candidate_000278	87	nat_c8490949e18e771ed8c8	"[""nat_c8490949e18e771ed8c8""]"	1	94	320.5	95	86	74	0.8604651162790697	0.9885057471264368	0.9148936170212766	0.7872340425531915	0.21276595744680848	resolved		346	183
vae_candidate_000279	67	nat_3cc2cb889cfdbbcaa17b	"[""nat_3cc2cb889cfdbbcaa17b"", ""nat_61a382d08777524701b3"", ""nat_ea5746ec582bf06f4e03""]"	3	72	267.5	72	67	57	0.8507462686567164	1.0	0.9305555555555556	0.7916666666666666	0.20833333333333337	resolved		346	68
vae_candidate_000280	77	nat_d4ba65189ba86a477cc5	"[""nat_d4ba65189ba86a477cc5""]"	1	92	39.0	94	75	32	0.4266666666666667	0.974025974025974	0.8152173913043478	0.34782608695652173	0.6521739130434783	resolved		346	60
vae_candidate_000281	75	nat_873dfd59523575571c0b	"[""nat_873dfd59523575571c0b""]"	1	85	251.5	85	75	56	0.7466666666666667	1.0	0.8823529411764706	0.6588235294117647	0.3411764705882353	resolved		346	123
vae_candidate_000282	106		[]	0											unresolved	no_reliable_reference	346	0
vae_candidate_000283	102	nat_0101bc590c89813c161a	"[""nat_0101bc590c89813c161a"", ""nat_1f956fdbc151f2ec0ffb"", ""nat_4482775e0979509e45d2"", ""nat_49d3875a5ef4bbb644f9"", ""nat_4b58b860e36e01bdb682"", ""nat_6b2c0d4d7468a9bb7cde"", ""nat_7d45d6cf3df5d3d36985"", ""nat_9ba949b2aab9e2be6898"", ""nat_d1b057f953bd558c0457"", ""nat_dad443e0412ef646de5e""]"	10	94	229.0	111	85	61	0.7176470588235294	0.8333333333333334	0.9042553191489362	0.5980392156862745	0.4019607843137255	resolved		346	149
vae_candidate_000284	91	nat_ccd25408209dd226eaf9	"[""nat_ccd25408209dd226eaf9""]"	1	94	327.5	94	91	76	0.8351648351648352	1.0	0.9680851063829787	0.8085106382978723	0.19148936170212771	resolved		346	188
vae_candidate_000285	92		[]	0											unresolved	no_reliable_reference	346	0
vae_candidate_000286	114		[]	0											unresolved	no_reliable_reference	346	0
vae_candidate_000287	55		[]	0											unresolved	no_reliable_reference	346	0
vae_candidate_000288	114	nat_3e6bf91c590be6684eed	"[""nat_3e6bf91c590be6684eed"", ""nat_842bc418f0682cd2a9c8"", ""nat_a7791ad55c70e7fd3462"", ""nat_acb38079c01f07d0de6f"", ""nat_c8490949e18e771ed8c8""]"	5	94	221.5	114	94	64	0.6808510638297872	0.8245614035087719	1.0	0.5614035087719298	0.4385964912280702	resolved		346	107
vae_candidate_000289	79		[]	0											unresolved	no_reliable_reference	346	0
vae_candidate_000290	90	nat_970873de163a6ff8ee05	"[""nat_970873de163a6ff8ee05"", ""nat_cd0ec9cc83e20bd818b3""]"	2	88	223.5	97	81	55	0.6790123456790124	0.9	0.9204545454545454	0.6111111111111112	0.38888888888888884	resolved		346	186
vae_candidate_000291	138		[]	0											unresolved	no_reliable_reference	346	0
vae_candidate_000292	81	nat_fe2e069c7d192a9aa4be	"[""nat_fe2e069c7d192a9aa4be""]"	1	92	29.0	99	74	29	0.3918918918918919	0.9135802469135802	0.8043478260869565	0.31521739130434784	0.6847826086956521	resolved		346	31
vae_candidate_000293	93	nat_004ac783975534947324	"[""nat_004ac783975534947324""]"	1	94	260.5	103	84	62	0.7380952380952381	0.9032258064516129	0.8936170212765957	0.6595744680851063	0.34042553191489366	resolved		346	170
vae_candidate_000294	110	nat_0a5813d34fb4f832fd7d	"[""nat_0a5813d34fb4f832fd7d"", ""nat_dc2b0da282a1a334132b""]"	2	95	15.0	113	92	27	0.29347826086956524	0.8363636363636363	0.968421052631579	0.24545454545454545	0.7545454545454545	resolved		346	5
vae_candidate_000295	87	nat_67dd37821af98e87666e	"[""nat_67dd37821af98e87666e""]"	1	96	248.0	98	85	63	0.7411764705882353	0.9770114942528736	0.8854166666666666	0.65625	0.34375	resolved		346	199
vae_candidate_000296	91	nat_b5ccff48f879b7cc34ad	"[""nat_b5ccff48f879b7cc34ad""]"	1	92	176.0	101	82	47	0.573170731707317	0.9010989010989011	0.8913043478260869	0.5108695652173914	0.48913043478260865	resolved		346	186
vae_candidate_000297	62	nat_2dee131e85e06a8f9fdd	"[""nat_2dee131e85e06a8f9fdd""]"	1	76	125.0	77	61	29	0.47540983606557374	0.9838709677419355	0.8026315789473685	0.3815789473684211	0.618421052631579	resolved		346	1
vae_candidate_000298	79	nat_e9d0d8807aee29d8e61c	"[""nat_e9d0d8807aee29d8e61c""]"	1	71	213.5	80	70	51	0.7285714285714285	0.8860759493670886	0.9859154929577465	0.6455696202531646	0.35443037974683544	resolved		346	85
vae_candidate_000299	121	nat_8d5392221648a605a7c2	"[""nat_8d5392221648a605a7c2""]"	1	134	263.0	142	113	72	0.6371681415929203	0.9338842975206612	0.8432835820895522	0.5373134328358209	0.4626865671641791	resolved		346	54
vae_candidate_000300	130	nat_8a4162d5996844339fef	"[""nat_8a4162d5996844339fef""]"	1	135	180.5	155	110	59	0.5363636363636364	0.8461538461538461	0.8148148148148148	0.43703703703703706	0.5629629629629629	resolved		346	6
vae_candidate_000301	117	nat_48f4fc548c0153a5775e	"[""nat_48f4fc548c0153a5775e""]"	1	96	281.5	119	94	69	0.7340425531914894	0.8034188034188035	0.9791666666666666	0.5897435897435898	0.41025641025641024	resolved		346	40
vae_candidate_000302	64	nat_0c143ad343586201fcf9	"[""nat_0c143ad343586201fcf9""]"	1	69	122.0	71	62	37	0.5967741935483871	0.96875	0.8985507246376812	0.5362318840579711	0.46376811594202894	resolved		346	48
vae_candidate_000303	108	nat_842bc418f0682cd2a9c8	"[""nat_842bc418f0682cd2a9c8""]"	1	95	396.0	109	94	88	0.9361702127659575	0.8703703703703703	0.9894736842105263	0.8148148148148148	0.18518518518518523	resolved		346	136
vae_candidate_000304	136	nat_65c51b0fd105cce694ee	"[""nat_65c51b0fd105cce694ee""]"	1	150	143.5	160	126	52	0.4126984126984127	0.9264705882352942	0.84	0.3466666666666667	0.6533333333333333	resolved		346	9
vae_candidate_000305	80	nat_4d627ec7ce40cceb1d25	"[""nat_4d627ec7ce40cceb1d25""]"	1	78	207.0	82	76	49	0.6447368421052632	0.95	0.9743589743589743	0.6125	0.38749999999999996	resolved		346	217
vae_candidate_000306	129		[]	0											unresolved	no_reliable_reference	346	0
vae_candidate_000307	96	nat_004ac783975534947324	"[""nat_004ac783975534947324"", ""nat_4dc9c1477d3d6b181da7"", ""nat_7d45d6cf3df5d3d36985"", ""nat_9ba949b2aab9e2be6898""]"	4	94	76.0	111	79	40	0.5063291139240507	0.8229166666666666	0.8404255319148937	0.4166666666666667	0.5833333333333333	resolved		346	36
vae_candidate_000308	111	nat_0077c6cbf903d0b80137	"[""nat_0077c6cbf903d0b80137"", ""nat_48f4fc548c0153a5775e"", ""nat_67dd37821af98e87666e"", ""nat_a8908cb0d732ddf5c6d4"", ""nat_fca422d4ddd5dcd65605""]"	5	96	33.0	118	89	30	0.33707865168539325	0.8018018018018018	0.9270833333333334	0.2702702702702703	0.7297297297297297	resolved		346	37
vae_candidate_000309	117		[]	0											unresolved	no_reliable_reference	346	0
vae_candidate_000310	76		[]	0											unresolved	no_reliable_reference	346	0
vae_candidate_000311	71	nat_0aeb545239a28bae61f9	"[""nat_0aeb545239a28bae61f9""]"	1	86	152.5	87	70	40	0.5714285714285714	0.9859154929577465	0.813953488372093	0.46511627906976744	0.5348837209302326	resolved		346	11
vae_candidate_000312	74	nat_3cc2cb889cfdbbcaa17b	"[""nat_3cc2cb889cfdbbcaa17b""]"	1	72	218.5	77	69	52	0.7536231884057971	0.9324324324324325	0.9583333333333334	0.7027027027027027	0.29729729729729726	resolved		346	99
vae_candidate_000313	85	nat_b9d147aeaac9ffa9d0f3	"[""nat_b9d147aeaac9ffa9d0f3""]"	1	87	24.0	100	72	22	0.3055555555555556	0.8470588235294118	0.8275862068965517	0.25287356321839083	0.7471264367816092	resolved		346	6
vae_candidate_000314	97	nat_d07d112598796fe30d76	"[""nat_d07d112598796fe30d76""]"	1	95	205.5	103	89	57	0.6404494382022472	0.9175257731958762	0.9368421052631579	0.5876288659793815	0.41237113402061853	resolved		346	80
vae_candidate_000315	84	nat_81de2b78d291d512c1e2	"[""nat_81de2b78d291d512c1e2""]"	1	92	274.0	96	80	69	0.8625	0.9523809523809523	0.8695652173913043	0.75	0.25	resolved		346	212
vae_candidate_000316	85	nat_27cf1e5aac6ec3dd931d	"[""nat_27cf1e5aac6ec3dd931d"", ""nat_32d58e5d24419efe5e0e"", ""nat_f7dbe09f7bde0afd3543""]"	3	76	240.0	85	76	54	0.7105263157894737	0.8941176470588236	1.0	0.6352941176470588	0.3647058823529412	resolved		346	218
vae_candidate_000317	116	nat_7d45d6cf3df5d3d36985	"[""nat_7d45d6cf3df5d3d36985""]"	1	95	219.0	116	95	58	0.6105263157894737	0.8189655172413793	1.0	0.5	0.5	resolved		346	103
vae_candidate_000318	77	nat_32d58e5d24419efe5e0e	"[""nat_32d58e5d24419efe5e0e"", ""nat_cac8cf4903b24e69aca8""]"	2	76	233.0	80	73	55	0.7534246575342466	0.948051948051948	0.9605263157894737	0.7142857142857143	0.2857142857142857	resolved		346	183
vae_candidate_000319	115		[]	0											unresolved	no_reliable_reference	346	0
vae_candidate_000320	114	nat_b28a6bed955c267791e6	"[""nat_b28a6bed955c267791e6""]"	1	109	195.0	128	95	54	0.5684210526315789	0.8333333333333334	0.8715596330275229	0.47368421052631576	0.5263157894736843	resolved		346	30
vae_candidate_000321	52		[]	0											unresolved	no_reliable_reference	346	0
vae_candidate_000322	92	nat_30c8db5b2a48ec02340b	"[""nat_30c8db5b2a48ec02340b""]"	1	94	189.5	99	87	50	0.5747126436781609	0.9456521739130435	0.925531914893617	0.5319148936170213	0.46808510638297873	resolved		346	184
vae_candidate_000323	103	nat_49d3875a5ef4bbb644f9	"[""nat_49d3875a5ef4bbb644f9"", ""nat_d1b057f953bd558c0457""]"	2	95	295.5	108	90	76	0.8444444444444444	0.8737864077669902	0.9473684210526315	0.7378640776699029	0.2621359223300971	resolved		346	153
vae_candidate_000324	63	nat_0da4fc315e8c5fa1925f	"[""nat_0da4fc315e8c5fa1925f"", ""nat_448d52f7c380acd65350"", ""nat_62b65b4bdaad5382b6fd"", ""nat_a4ce46bc0db75edd2892"", ""nat_f603a0bdb36b55f44821""]"	5	76	57.0	78	61	28	0.45901639344262296	0.9682539682539683	0.8026315789473685	0.3684210526315789	0.631578947368421	resolved		346	48
vae_candidate_000325	57		[]	0											unresolved	no_reliable_reference	346	0
vae_candidate_000326	91	nat_4482775e0979509e45d2	"[""nat_4482775e0979509e45d2"", ""nat_94cdaea6b1db7bfe983f"", ""nat_d07d112598796fe30d76""]"	3	95	270.0	101	85	65	0.7647058823529411	0.9340659340659341	0.8947368421052632	0.6842105263157895	0.3157894736842105	resolved		346	157
vae_candidate_000327	96	nat_78005b3dddedd0251b7e	"[""nat_78005b3dddedd0251b7e"", ""nat_8f3e753527c876cd94f0""]"	2	95	315.0	100	91	74	0.8131868131868132	0.9479166666666666	0.9578947368421052	0.7708333333333334	0.22916666666666663	resolved		346	159
vae_candidate_000328	95	nat_1f956fdbc151f2ec0ffb	"[""nat_1f956fdbc151f2ec0ffb"", ""nat_4d4e00d31d935ed0527d"", ""nat_7ee1d64f80049d71603c""]"	3	95	160.0	113	77	47	0.6103896103896104	0.8105263157894737	0.8105263157894737	0.49473684210526314	0.5052631578947369	resolved		346	127
vae_candidate_000329	85	nat_d9b751580230ca0e5773	"[""nat_d9b751580230ca0e5773""]"	1	85	16.0	99	71	26	0.36619718309859156	0.8352941176470589	0.8352941176470589	0.3058823529411765	0.6941176470588235	resolved		346	26
vae_candidate_000330	70	nat_ea5746ec582bf06f4e03	"[""nat_ea5746ec582bf06f4e03""]"	1	72	189.5	75	67	50	0.746268656716418	0.9571428571428572	0.9305555555555556	0.6944444444444444	0.3055555555555556	resolved		346	83
vae_candidate_000331	61		[]	0											unresolved	no_reliable_reference	346	0
vae_candidate_000332	105	nat_4482775e0979509e45d2	"[""nat_4482775e0979509e45d2"", ""nat_78005b3dddedd0251b7e"", ""nat_8f3e753527c876cd94f0""]"	3	95	383.0	105	95	87	0.9157894736842105	0.9047619047619048	1.0	0.8285714285714286	0.17142857142857137	resolved		346	154
vae_candidate_000333	89	nat_73e0b5aa88a198c56cae	"[""nat_73e0b5aa88a198c56cae""]"	1	87	205.5	95	81	55	0.6790123456790124	0.9101123595505618	0.9310344827586207	0.6179775280898876	0.3820224719101124	resolved		346	176
vae_candidate_000334	137	nat_55802cc1c7918b91c298	"[""nat_55802cc1c7918b91c298""]"	1	139	228.5	152	124	66	0.532258064516129	0.9051094890510949	0.8920863309352518	0.4748201438848921	0.525179856115108	resolved		346	101
vae_candidate_000335	110		[]	0											unresolved	no_reliable_reference	346	0
vae_candidate_000336	125	nat_c74d6e1106797b3a3d0f	"[""nat_c74d6e1106797b3a3d0f""]"	1	133	139.0	150	108	51	0.4722222222222222	0.864	0.8120300751879699	0.38345864661654133	0.6165413533834587	resolved		346	9
vae_candidate_000337	104	nat_200ecff40f6b83ca60f9	"[""nat_200ecff40f6b83ca60f9"", ""nat_42d774e2b731f8e5de6a"", ""nat_fc382b09fdd1c909c75c""]"	3	93	45.0	113	84	35	0.4166666666666667	0.8076923076923077	0.9032258064516129	0.33653846153846156	0.6634615384615384	resolved		346	22
vae_candidate_000338	93	nat_a9c10692b45d32f772b4	"[""nat_a9c10692b45d32f772b4"", ""nat_c0d8f1302fa41452efbc""]"	2	95	418.0	97	91	90	0.989010989010989	0.978494623655914	0.9578947368421052	0.9473684210526315	0.052631578947368474	resolved		346	183
vae_candidate_000339	107		[]	0											unresolved	no_reliable_reference	346	0
vae_candidate_000340	99	nat_842bc418f0682cd2a9c8	"[""nat_842bc418f0682cd2a9c8"", ""nat_a49cfe7d33cec22c3905"", ""nat_a7791ad55c70e7fd3462""]"	3	95	226.0	105	89	57	0.6404494382022472	0.898989898989899	0.9368421052631579	0.5757575757575758	0.4242424242424242	resolved		346	158
vae_candidate_000341	90	nat_b3561a1e0242e2259486	"[""nat_b3561a1e0242e2259486""]"	1	76	207.5	92	74	57	0.7702702702702703	0.8222222222222222	0.9736842105263158	0.6333333333333333	0.3666666666666667	resolved		346	192
vae_candidate_000342	67	nat_3cc2cb889cfdbbcaa17b	"[""nat_3cc2cb889cfdbbcaa17b"", ""nat_61a382d08777524701b3""]"	2	72	126.5	80	59	42	0.711864406779661	0.8805970149253731	0.8194444444444444	0.5833333333333334	0.41666666666666663	resolved		346	52
vae_candidate_000343	114	nat_461115b7000bfd74f566	"[""nat_461115b7000bfd74f566"", ""nat_833a1708482ad34125e2""]"	2	96	249.0	118	92	63	0.6847826086956522	0.8070175438596491	0.9583333333333334	0.5526315789473685	0.4473684210526315	resolved		346	37
vae_candidate_000344	88	nat_0101bc590c89813c161a	"[""nat_0101bc590c89813c161a""]"	1	94	348.0	94	88	78	0.8863636363636364	1.0	0.9361702127659575	0.8297872340425532	0.17021276595744683	resolved		346	201
vae_candidate_000345	101	nat_d5d6f3cedb33fb3328b6	"[""nat_d5d6f3cedb33fb3328b6""]"	1	95	275.5	108	88	65	0.7386363636363636	0.8712871287128713	0.9263157894736842	0.6435643564356436	0.3564356435643564	resolved		346	153
vae_candidate_000346	115	nat_d1b057f953bd558c0457	"[""nat_d1b057f953bd558c0457"", ""nat_d80e058d93177215aa4b""]"	2	95	280.0	118	92	75	0.8152173913043478	0.8	0.968421052631579	0.6521739130434783	0.34782608695652173	resolved		346	82
vae_candidate_000347	93	nat_dad443e0412ef646de5e	"[""nat_dad443e0412ef646de5e""]"	1	95	259.0	99	89	62	0.6966292134831461	0.956989247311828	0.9368421052631579	0.6526315789473685	0.34736842105263155	resolved		346	182
vae_candidate_000348	106		[]	0											unresolved	no_reliable_reference	346	0
vae_candidate_000349	108	nat_5d40201e59780a4578e1	"[""nat_5d40201e59780a4578e1"", ""nat_fca422d4ddd5dcd65605""]"	2	95	3.5	116	87	28	0.3218390804597701	0.8055555555555556	0.9157894736842105	0.25925925925925924	0.7407407407407407	resolved		346	25
vae_candidate_000350	102	nat_4b58b860e36e01bdb682	"[""nat_4b58b860e36e01bdb682"", ""nat_8f3e753527c876cd94f0""]"	2	95	228.5	115	82	64	0.7804878048780488	0.803921568627451	0.8631578947368421	0.6274509803921569	0.37254901960784315	resolved		346	83
vae_candidate_000351	66	nat_3cc2cb889cfdbbcaa17b	"[""nat_3cc2cb889cfdbbcaa17b"", ""nat_61a382d08777524701b3"", ""nat_ea5746ec582bf06f4e03""]"	3	72	122.5	76	62	37	0.5967741935483871	0.9393939393939394	0.8611111111111112	0.5138888888888888	0.48611111111111116	resolved		346	56
vae_candidate_000352	72	nat_9f8db13e803cecc901b7	"[""nat_9f8db13e803cecc901b7"", ""nat_e9d0d8807aee29d8e61c""]"	2	70	239.0	73	69	56	0.8115942028985508	0.9583333333333334	0.9857142857142858	0.7777777777777778	0.2222222222222222	resolved		346	100
vae_candidate_000353	124		[]	0											unresolved	no_reliable_reference	346	0
vae_candidate_000354	95	nat_215f48254c804f1f2876	"[""nat_215f48254c804f1f2876"", ""nat_3e6bf91c590be6684eed"", ""nat_92d7d81f95603487cd9c"", ""nat_9ca97034ea4d97950343"", ""nat_a7791ad55c70e7fd3462"", ""nat_acb38079c01f07d0de6f"", ""nat_c8490949e18e771ed8c8""]"	7	94	398.0	98	91	88	0.967032967032967	0.9578947368421052	0.9680851063829787	0.9263157894736842	0.0736842105263158	resolved		346	184
vae_candidate_000355	74	nat_0c143ad343586201fcf9	"[""nat_0c143ad343586201fcf9""]"	1	69	224.0	74	69	53	0.7681159420289855	0.9324324324324325	1.0	0.7162162162162162	0.28378378378378377	resolved		346	91
vae_candidate_000356	111	nat_05d62502987d9405b8af	"[""nat_05d62502987d9405b8af"", ""nat_38cb7bda240a833d36b3"", ""nat_78005b3dddedd0251b7e"", ""nat_d1b057f953bd558c0457"", ""nat_d92cb9dcfcf48b731b50"", ""nat_dad443e0412ef646de5e""]"	6	95	379.5	111	95	86	0.9052631578947369	0.8558558558558559	1.0	0.7747747747747747	0.22522522522522526	resolved		346	125
vae_candidate_000357	75	nat_4f811102c58fb8e77080	"[""nat_4f811102c58fb8e77080""]"	1	78	2.0	87	66	19	0.2878787878787879	0.88	0.8461538461538461	0.24358974358974358	0.7564102564102564	resolved		346	1
vae_candidate_000358	114	nat_4a87fc740463a61b2d05	"[""nat_4a87fc740463a61b2d05""]"	1	109	119.0	120	103	46	0.44660194174757284	0.9035087719298246	0.944954128440367	0.40350877192982454	0.5964912280701755	resolved		346	23
vae_candidate_000359	106	nat_0077c6cbf903d0b80137	"[""nat_0077c6cbf903d0b80137"", ""nat_1aef09f774a1818b7e24"", ""nat_729a9790a662e92ab379""]"	3	96	285.0	107	95	71	0.7473684210526316	0.8962264150943396	0.9895833333333334	0.6698113207547169	0.33018867924528306	resolved		346	148
vae_candidate_000360	174		[]	0											unresolved	no_reliable_reference	346	0
vae_candidate_000361	85	nat_c468502803b4ab5981f1	"[""nat_c468502803b4ab5981f1""]"	1	95	225.5	99	81	59	0.7283950617283951	0.9529411764705882	0.8526315789473684	0.6210526315789474	0.3789473684210526	resolved		346	218
vae_candidate_000362	90	nat_a36a3359d46f89a3e9c6	"[""nat_a36a3359d46f89a3e9c6""]"	1	93	200.0	103	80	57	0.7125	0.8888888888888888	0.8602150537634409	0.6129032258064516	0.3870967741935484	resolved		346	191
vae_candidate_000363	125		[]	0											unresolved	no_reliable_reference	346	0
vae_candidate_000364	95	nat_9fda348180c612303cdb	"[""nat_9fda348180c612303cdb""]"	1	95	278.0	102	88	63	0.7159090909090909	0.9263157894736842	0.9263157894736842	0.6631578947368421	0.33684210526315794	resolved		346	183
vae_candidate_000365	74	nat_2dee131e85e06a8f9fdd	"[""nat_2dee131e85e06a8f9fdd""]"	1	76	87.5	88	62	33	0.532258064516129	0.8378378378378378	0.8157894736842105	0.4342105263157895	0.5657894736842105	resolved		346	64
vae_candidate_000366	139	nat_15e32a2edd6bff0d0784	"[""nat_15e32a2edd6bff0d0784"", ""nat_438c70c6875cb7fc8740""]"	2	137	32.5	160	116	42	0.3620689655172414	0.8345323741007195	0.8467153284671532	0.302158273381295	0.697841726618705	resolved		346	27
vae_candidate_000367	142		[]	0											unresolved	no_reliable_reference	346	0
vae_candidate_000368	116	nat_e8032b7ad48d42a9adf3	"[""nat_e8032b7ad48d42a9adf3""]"	1	135	285.5	143	108	74	0.6851851851851852	0.9310344827586207	0.8	0.5481481481481482	0.45185185185185184	resolved		346	78
vae_candidate_000369	88	nat_86af2bea85657bdc848a	"[""nat_86af2bea85657bdc848a""]"	1	93	354.0	94	87	79	0.9080459770114943	0.9886363636363636	0.9354838709677419	0.8494623655913979	0.15053763440860213	resolved		346	197
vae_candidate_000370	82	nat_6dc60142a293ec7c6dcb	"[""nat_6dc60142a293ec7c6dcb"", ""nat_f87e80c34ba5c8c8909b"", ""nat_fb877ea45a36f28c6227""]"	3	87	227.0	99	70	58	0.8285714285714286	0.8536585365853658	0.8045977011494253	0.6666666666666666	0.33333333333333337	resolved		346	94
vae_candidate_000371	109	nat_0101bc590c89813c161a	"[""nat_0101bc590c89813c161a"", ""nat_49d3875a5ef4bbb644f9"", ""nat_4b58b860e36e01bdb682"", ""nat_8f3e753527c876cd94f0""]"	4	94	328.5	110	93	80	0.8602150537634409	0.8532110091743119	0.9893617021276596	0.7339449541284404	0.2660550458715596	resolved		346	131
vae_candidate_000372	103	nat_215f48254c804f1f2876	"[""nat_215f48254c804f1f2876"", ""nat_8189ed3c9ac18707f549"", ""nat_9ca97034ea4d97950343"", ""nat_c468502803b4ab5981f1""]"	4	94	221.0	105	92	58	0.6304347826086957	0.8932038834951457	0.9787234042553191	0.5631067961165048	0.4368932038834952	resolved		346	154
vae_candidate_000373	66	nat_08ca607a70bf3998101a	"[""nat_08ca607a70bf3998101a""]"	1	70	4.0	80	56	16	0.2857142857142857	0.8484848484848485	0.8	0.22857142857142856	0.7714285714285715	resolved		346	2
vae_candidate_000374	106	nat_1f956fdbc151f2ec0ffb	"[""nat_1f956fdbc151f2ec0ffb"", ""nat_4482775e0979509e45d2"", ""nat_48f4fc548c0153a5775e"", ""nat_69442765a7e1224b0435"", ""nat_a8908cb0d732ddf5c6d4"", ""nat_d07d112598796fe30d76""]"	6	95	327.5	110	91	78	0.8571428571428571	0.8584905660377359	0.9578947368421052	0.7358490566037735	0.26415094339622647	resolved		346	138
vae_candidate_000375	139	nat_c74d6e1106797b3a3d0f	"[""nat_c74d6e1106797b3a3d0f""]"	1	133	47.5	160	112	35	0.3125	0.8057553956834532	0.8421052631578947	0.2517985611510791	0.7482014388489209	resolved		346	1
vae_candidate_000376	110		[]	0											unresolved	no_reliable_reference	346	0
vae_candidate_000377	140	nat_8bfb3056e00dc3525ee8	"[""nat_8bfb3056e00dc3525ee8""]"	1	145	307.0	164	121	80	0.6611570247933884	0.8642857142857143	0.8344827586206897	0.5517241379310345	0.4482758620689655	resolved		346	55
vae_candidate_000378	175	nat_25ee00a9c2b4e74f79dd	"[""nat_25ee00a9c2b4e74f79dd""]"	1	155	58.0	187	143	44	0.3076923076923077	0.8171428571428572	0.9225806451612903	0.25142857142857145	0.7485714285714286	resolved		346	3
vae_candidate_000379	110	nat_0ccad4d436403131ae6a	"[""nat_0ccad4d436403131ae6a""]"	1	135	133.0	136	109	46	0.42201834862385323	0.990909090909091	0.8074074074074075	0.34074074074074073	0.6592592592592592	resolved		346	3
vae_candidate_000380	87	nat_75679c0d4db585656573	"[""nat_75679c0d4db585656573""]"	1	92	142.5	104	75	49	0.6533333333333333	0.8620689655172413	0.8152173913043478	0.532608695652174	0.46739130434782605	resolved		346	79
vae_candidate_000381	83	nat_970873de163a6ff8ee05	"[""nat_970873de163a6ff8ee05""]"	1	88	265.0	88	83	59	0.7108433734939759	1.0	0.9431818181818182	0.6704545454545454	0.3295454545454546	resolved		346	219
vae_candidate_000382	118		[]	0											unresolved	no_reliable_reference	346	0
vae_candidate_000383	98	nat_0077c6cbf903d0b80137	"[""nat_0077c6cbf903d0b80137"", ""nat_1564401f2a553c444667"", ""nat_1aef09f774a1818b7e24"", ""nat_729a9790a662e92ab379""]"	4	96	312.5	105	89	76	0.8539325842696629	0.9081632653061225	0.9270833333333334	0.7755102040816326	0.22448979591836737	resolved		346	158
vae_candidate_000384	99	nat_a8908cb0d732ddf5c6d4	"[""nat_a8908cb0d732ddf5c6d4""]"	1	96	161.0	115	80	44	0.55	0.8080808080808081	0.8333333333333334	0.4444444444444444	0.5555555555555556	resolved		346	9
vae_candidate_000385	162		[]	0											unresolved	no_reliable_reference	346	0
vae_candidate_000386	158		[]	0											unresolved	no_reliable_reference	346	0
vae_candidate_000387	109	nat_9fd0842a53e077dc147a	"[""nat_9fd0842a53e077dc147a""]"	1	111	125.0	131	89	44	0.4943820224719101	0.8165137614678899	0.8018018018018018	0.3963963963963964	0.6036036036036037	resolved		346	1
vae_candidate_000388	104	nat_67dd37821af98e87666e	"[""nat_67dd37821af98e87666e""]"	1	96	293.0	107	93	73	0.7849462365591398	0.8942307692307693	0.96875	0.7019230769230769	0.29807692307692313	resolved		346	149
vae_candidate_000389	60		[]	0											unresolved	no_reliable_reference	346	0
vae_candidate_000390	85	nat_75679c0d4db585656573	"[""nat_75679c0d4db585656573""]"	1	92	120.5	101	76	47	0.618421052631579	0.8941176470588236	0.8260869565217391	0.5108695652173914	0.48913043478260865	resolved		346	108
vae_candidate_000391	95		[]	0											unresolved	no_reliable_reference	346	0
vae_candidate_000392	91	nat_b14dbbd56a14a6238029	"[""nat_b14dbbd56a14a6238029""]"	1	93	323.5	97	87	78	0.896551724137931	0.9560439560439561	0.9354838709677419	0.8387096774193549	0.16129032258064513	resolved		346	186
vae_candidate_000393	76		[]	0											unresolved	no_reliable_reference	346	0
vae_candidate_000394	82	nat_6681febe116459c77b18	"[""nat_6681febe116459c77b18""]"	1	94	282.0	95	81	67	0.8271604938271605	0.9878048780487805	0.8617021276595744	0.7127659574468085	0.2872340425531915	resolved		346	189
vae_candidate_000395	78		[]	0											unresolved	no_reliable_reference	346	0
vae_candidate_000396	89	nat_168a7720be25950ce7a5	"[""nat_168a7720be25950ce7a5"", ""nat_3e6bf91c590be6684eed""]"	2	94	360.0	95	88	80	0.9090909090909091	0.9887640449438202	0.9361702127659575	0.851063829787234	0.14893617021276595	resolved		346	196
vae_candidate_000397	84	nat_e9d0d8807aee29d8e61c	"[""nat_e9d0d8807aee29d8e61c""]"	1	71	202.0	84	71	55	0.7746478873239436	0.8452380952380952	1.0	0.6547619047619048	0.34523809523809523	resolved		346	212
vae_candidate_000398	116	nat_9fd0842a53e077dc147a	"[""nat_9fd0842a53e077dc147a""]"	1	111	230.0	132	95	58	0.6105263157894737	0.8189655172413793	0.8558558558558559	0.5	0.5	resolved		346	3
vae_candidate_000399	94	nat_a9c10692b45d32f772b4	"[""nat_a9c10692b45d32f772b4"", ""nat_c0d8f1302fa41452efbc"", ""nat_c468502803b4ab5981f1""]"	3	95	416.5	96	93	89	0.956989247311828	0.9893617021276596	0.9789473684210527	0.9368421052631579	0.06315789473684208	resolved		346	177
vae_candidate_000400	66	nat_f7dbe09f7bde0afd3543	"[""nat_f7dbe09f7bde0afd3543""]"	1	76	43.0	79	63	25	0.3968253968253968	0.9545454545454546	0.8289473684210527	0.32894736842105265	0.6710526315789473	resolved		346	52
vae_candidate_000401	95	nat_c468502803b4ab5981f1	"[""nat_c468502803b4ab5981f1"", ""nat_d5d6f3cedb33fb3328b6""]"	2	95	368.5	105	85	83	0.9764705882352941	0.8947368421052632	0.8947368421052632	0.8736842105263158	0.12631578947368416	resolved		346	180
vae_candidate_000402	97	nat_2257aec2c4abeff42ec4	"[""nat_2257aec2c4abeff42ec4""]"	1	97	233.5	105	89	57	0.6404494382022472	0.9175257731958762	0.9175257731958762	0.5876288659793815	0.41237113402061853	resolved		346	165
vae_candidate_000403	175	nat_16be3cd3d97ccaa2c7df	"[""nat_16be3cd3d97ccaa2c7df""]"	1	146	30.5	179	142	43	0.3028169014084507	0.8114285714285714	0.9726027397260274	0.24571428571428572	0.7542857142857142	resolved		346	4
vae_candidate_000404	84	nat_fb877ea45a36f28c6227	"[""nat_fb877ea45a36f28c6227""]"	1	87	118.0	98	73	41	0.5616438356164384	0.8690476190476191	0.8390804597701149	0.47126436781609193	0.5287356321839081	resolved		346	137
vae_candidate_000405	86	nat_9ca97034ea4d97950343	"[""nat_9ca97034ea4d97950343""]"	1	94	286.5	96	84	67	0.7976190476190477	0.9767441860465116	0.8936170212765957	0.7127659574468085	0.2872340425531915	resolved		346	212
vae_candidate_000406	70	nat_3cc2cb889cfdbbcaa17b	"[""nat_3cc2cb889cfdbbcaa17b""]"	1	72	201.0	76	66	49	0.7424242424242424	0.9428571428571428	0.9166666666666666	0.6805555555555556	0.3194444444444444	resolved		346	78
vae_candidate_000407	138		[]	0											unresolved	no_reliable_reference	346	0
vae_candidate_000408	119	nat_8d5392221648a605a7c2	"[""nat_8d5392221648a605a7c2""]"	1	134	251.0	136	117	70	0.5982905982905983	0.9831932773109243	0.8731343283582089	0.5223880597014925	0.4776119402985075	resolved		346	32
vae_candidate_000409	121	nat_c7cb28cf54b6a88ff785	"[""nat_c7cb28cf54b6a88ff785""]"	1	99	161.0	123	97	47	0.4845360824742268	0.8016528925619835	0.9797979797979798	0.3884297520661157	0.6115702479338843	resolved		346	15
vae_candidate_000410	73	nat_39cf0fd21702af1ff2b1	"[""nat_39cf0fd21702af1ff2b1""]"	1	69	24.5	80	62	20	0.3225806451612903	0.8493150684931506	0.8985507246376812	0.273972602739726	0.726027397260274	resolved		346	2
vae_candidate_000411	96	nat_49d3875a5ef4bbb644f9	"[""nat_49d3875a5ef4bbb644f9"", ""nat_69442765a7e1224b0435"", ""nat_94cdaea6b1db7bfe983f"", ""nat_d1b057f953bd558c0457""]"	4	95	383.5	99	92	82	0.8913043478260869	0.9583333333333334	0.968421052631579	0.8541666666666666	0.14583333333333337	resolved		346	165
vae_candidate_000412	117		[]	0											unresolved	no_reliable_reference	346	0
vae_candidate_000413	76	nat_1e070d0d2387bb202235	"[""nat_1e070d0d2387bb202235"", ""nat_b3561a1e0242e2259486"", ""nat_ede685c8031e89299cf7""]"	3	75	13.0	87	64	24	0.375	0.8421052631578947	0.8533333333333334	0.3157894736842105	0.6842105263157895	resolved		346	18
vae_candidate_000414	82	nat_13dff233b6dfd04cb79c	"[""nat_13dff233b6dfd04cb79c"", ""nat_440c141d3d83ed043c33"", ""nat_cac8cf4903b24e69aca8""]"	3	76	250.5	87	71	60	0.8450704225352113	0.8658536585365854	0.9342105263157895	0.7317073170731707	0.2682926829268293	resolved		346	189
vae_candidate_000415	86	nat_4a610b8daff21e476288	"[""nat_4a610b8daff21e476288""]"	1	85	104.0	98	73	37	0.5068493150684932	0.8488372093023255	0.8588235294117647	0.43023255813953487	0.5697674418604651	resolved		346	138
vae_candidate_000416	74	nat_873dfd59523575571c0b	"[""nat_873dfd59523575571c0b""]"	1	85	31.5	87	72	24	0.3333333333333333	0.972972972972973	0.8470588235294118	0.2823529411764706	0.7176470588235294	resolved		346	45
vae_candidate_000417	130	nat_55802cc1c7918b91c298	"[""nat_55802cc1c7918b91c298""]"	1	139	130.0	153	116	48	0.41379310344827586	0.8923076923076924	0.8345323741007195	0.34532374100719426	0.6546762589928057	resolved		346	7
vae_candidate_000418	150	nat_e62ac75b3affa97a2f5a	"[""nat_e62ac75b3affa97a2f5a""]"	1	151	58.5	180	121	48	0.39669421487603307	0.8066666666666666	0.8013245033112583	0.31788079470198677	0.6821192052980132	resolved		346	54
vae_candidate_000419	130		[]	0											unresolved	no_reliable_reference	346	0
vae_candidate_000420	77	nat_30c8db5b2a48ec02340b	"[""nat_30c8db5b2a48ec02340b""]"	1	94	234.5	95	76	59	0.7763157894736842	0.987012987012987	0.8085106382978723	0.6276595744680851	0.37234042553191493	resolved		346	167
vae_candidate_000421	156		[]	0											unresolved	no_reliable_reference	346	0
vae_candidate_000422	78	nat_4d4e00d31d935ed0527d	"[""nat_4d4e00d31d935ed0527d"", ""nat_8d29ff35edf68fc809de""]"	2	95	51.5	97	76	25	0.32894736842105265	0.9743589743589743	0.8	0.2631578947368421	0.736842105263158	resolved		346	51
vae_candidate_000423	71	nat_1ed909a554bd91f8870f	"[""nat_1ed909a554bd91f8870f""]"	1	73	240.5	77	67	55	0.8208955223880597	0.9436619718309859	0.9178082191780822	0.7534246575342466	0.2465753424657534	resolved		346	83
vae_candidate_000424	106	nat_48f4fc548c0153a5775e	"[""nat_48f4fc548c0153a5775e"", ""nat_a8908cb0d732ddf5c6d4""]"	2	96	61.5	113	89	38	0.42696629213483145	0.839622641509434	0.9270833333333334	0.3584905660377358	0.6415094339622642	resolved		346	74
vae_candidate_000425	111	nat_461115b7000bfd74f566	"[""nat_461115b7000bfd74f566"", ""nat_b47c8eec954491beb714"", ""nat_b5ccff48f879b7cc34ad""]"	3	96	8.5	113	94	26	0.2765957446808511	0.8468468468468469	0.9791666666666666	0.23423423423423423	0.7657657657657657	resolved		346	4
vae_candidate_000426	94	nat_d5d6f3cedb33fb3328b6	"[""nat_d5d6f3cedb33fb3328b6""]"	1	95	387.5	96	93	85	0.9139784946236559	0.9893617021276596	0.9789473684210527	0.8947368421052632	0.10526315789473684	resolved		346	179
vae_candidate_000427	82	nat_07248f2d3ff700c7afcd	"[""nat_07248f2d3ff700c7afcd"", ""nat_644a625ed987b37152d8"", ""nat_f5db5c4704d592f947d9""]"	3	82	30.5	98	66	23	0.3484848484848485	0.8048780487804879	0.8048780487804879	0.2804878048780488	0.7195121951219512	resolved		346	30
vae_candidate_000428	105	nat_833a1708482ad34125e2	"[""nat_833a1708482ad34125e2""]"	1	98	176.0	116	87	53	0.6091954022988506	0.8285714285714286	0.8877551020408163	0.5047619047619047	0.49523809523809526	resolved		346	122
vae_candidate_000429	100	nat_0a5813d34fb4f832fd7d	"[""nat_0a5813d34fb4f832fd7d"", ""nat_373d638b02f47e751a57""]"	2	95	146.5	113	82	48	0.5853658536585366	0.82	0.8631578947368421	0.48	0.52	resolved		346	135
vae_candidate_000430	54		[]	0											unresolved	no_reliable_reference	346	0
vae_candidate_000431	115	nat_82e4660fb87f57daff30	"[""nat_82e4660fb87f57daff30""]"	1	95	355.0	118	92	80	0.8695652173913043	0.8	0.968421052631579	0.6956521739130435	0.30434782608695654	resolved		346	51
vae_candidate_000432	136	nat_8a4162d5996844339fef	"[""nat_8a4162d5996844339fef""]"	1	135	235.5	151	120	65	0.5416666666666666	0.8823529411764706	0.8888888888888888	0.47794117647058826	0.5220588235294117	resolved		346	106
vae_candidate_000433	75	nat_262acad32bf64e600812	"[""nat_262acad32bf64e600812""]"	1	75	60.5	89	61	25	0.4098360655737705	0.8133333333333334	0.8133333333333334	0.3333333333333333	0.6666666666666667	resolved		346	1
vae_candidate_000434	77		[]	0											unresolved	no_reliable_reference	346	0
vae_candidate_000435	114	nat_4482775e0979509e45d2	"[""nat_4482775e0979509e45d2"", ""nat_94cdaea6b1db7bfe983f"", ""nat_fca422d4ddd5dcd65605""]"	3	95	391.0	114	95	85	0.8947368421052632	0.8333333333333334	1.0	0.7456140350877193	0.2543859649122807	resolved		346	112
vae_candidate_000436	93	nat_019e8d05123166c4099d	"[""nat_019e8d05123166c4099d"", ""nat_0aeb545239a28bae61f9""]"	2	86	222.5	95	84	54	0.6428571428571429	0.9032258064516129	0.9767441860465116	0.5806451612903226	0.4193548387096774	resolved		346	171
vae_candidate_000437	122		[]	0											unresolved	no_reliable_reference	346	0
vae_candidate_000438	105	nat_4d4e00d31d935ed0527d	"[""nat_4d4e00d31d935ed0527d"", ""nat_74aacbad701be1598660"", ""nat_7d45d6cf3df5d3d36985"", ""nat_8d29ff35edf68fc809de""]"	4	95	255.0	110	90	61	0.6777777777777778	0.8571428571428571	0.9473684210526315	0.580952380952381	0.419047619047619	resolved		346	127
vae_candidate_000439	87	nat_75679c0d4db585656573	"[""nat_75679c0d4db585656573"", ""nat_d4ba65189ba86a477cc5"", ""nat_ee10b37a92559cba1989""]"	3	92	275.0	99	80	61	0.7625	0.9195402298850575	0.8695652173913043	0.6630434782608695	0.3369565217391305	resolved		346	209
vae_candidate_000440	64	nat_1ed909a554bd91f8870f	"[""nat_1ed909a554bd91f8870f""]"	1	73	273.0	73	64	59	0.921875	1.0	0.8767123287671232	0.8082191780821918	0.1917808219178082	resolved		346	65
vae_candidate_000441	84		[]	0											unresolved	no_reliable_reference	346	0
vae_candidate_000442	83	nat_07248f2d3ff700c7afcd	"[""nat_07248f2d3ff700c7afcd"", ""nat_f5db5c4704d592f947d9""]"	2	82	24.0	98	67	25	0.373134328358209	0.8072289156626506	0.8170731707317073	0.30120481927710846	0.6987951807228916	resolved		346	59
vae_candidate_000443	175		[]	0											unresolved	no_reliable_reference	346	0
vae_candidate_000444	124		[]	0											unresolved	no_reliable_reference	346	0
vae_candidate_000445	67	nat_3cc2cb889cfdbbcaa17b	"[""nat_3cc2cb889cfdbbcaa17b"", ""nat_61a382d08777524701b3""]"	2	72	10.0	80	59	20	0.3389830508474576	0.8805970149253731	0.8194444444444444	0.2777777777777778	0.7222222222222222	resolved		346	30
vae_candidate_000446	90	nat_d4ba65189ba86a477cc5	"[""nat_d4ba65189ba86a477cc5""]"	1	92	60.5	108	74	33	0.44594594594594594	0.8222222222222222	0.8043478260869565	0.358695652173913	0.6413043478260869	resolved		346	14
vae_candidate_000447	64		[]	0											unresolved	no_reliable_reference	346	0
vae_candidate_000448	100	nat_833a1708482ad34125e2	"[""nat_833a1708482ad34125e2""]"	1	98	192.0	115	83	56	0.6746987951807228	0.83	0.8469387755102041	0.56	0.43999999999999995	resolved		346	130
vae_candidate_000449	73		[]	0											unresolved	no_reliable_reference	346	0
vae_candidate_000450	74	nat_39cf0fd21702af1ff2b1	"[""nat_39cf0fd21702af1ff2b1""]"	1	69	49.0	82	61	25	0.4098360655737705	0.8243243243243243	0.8840579710144928	0.33783783783783783	0.6621621621621622	resolved		346	21
vae_candidate_000451	113	nat_0077c6cbf903d0b80137	"[""nat_0077c6cbf903d0b80137"", ""nat_4b58b860e36e01bdb682"", ""nat_842bc418f0682cd2a9c8"", ""nat_8f3e753527c876cd94f0"", ""nat_a7791ad55c70e7fd3462"", ""nat_fca422d4ddd5dcd65605""]"	6	96	299.0	117	92	76	0.8260869565217391	0.8141592920353983	0.9583333333333334	0.672566371681416	0.327433628318584	resolved		346	111
vae_candidate_000452	124	nat_43e7561c7d05facf2895	"[""nat_43e7561c7d05facf2895""]"	1	140	90.5	152	112	41	0.36607142857142855	0.9032258064516129	0.8	0.29285714285714287	0.7071428571428571	resolved		346	7
vae_candidate_000453	95		[]	0											unresolved	no_reliable_reference	346	0
vae_candidate_000454	123		[]	0											unresolved	no_reliable_reference	346	0
vae_candidate_000455	100	nat_0ae199fc6d044a2da135	"[""nat_0ae199fc6d044a2da135"", ""nat_4d4e00d31d935ed0527d"", ""nat_8d29ff35edf68fc809de"", ""nat_d07d112598796fe30d76"", ""nat_d5d6f3cedb33fb3328b6"", ""nat_dbcea97f4e8354ba3556""]"	6	95	240.5	104	91	59	0.6483516483516484	0.91	0.9578947368421052	0.59	0.41000000000000003	resolved		346	158
vae_candidate_000456	93	nat_7d8f193406ee761e1417	"[""nat_7d8f193406ee761e1417""]"	1	95	255.5	102	86	66	0.7674418604651163	0.9247311827956989	0.9052631578947369	0.6947368421052632	0.3052631578947368	resolved		346	156
vae_candidate_000457	85	nat_73e0b5aa88a198c56cae	"[""nat_73e0b5aa88a198c56cae""]"	1	87	241.0	101	71	59	0.8309859154929577	0.8352941176470589	0.8160919540229885	0.6781609195402298	0.32183908045977017	resolved		346	98
vae_candidate_000458	131	nat_e10062d88e50908c95d3	"[""nat_e10062d88e50908c95d3""]"	1	135	236.5	148	118	68	0.576271186440678	0.9007633587786259	0.8740740740740741	0.5037037037037037	0.49629629629629635	resolved		346	101
vae_candidate_000459	107	nat_74aacbad701be1598660	"[""nat_74aacbad701be1598660"", ""nat_78005b3dddedd0251b7e"", ""nat_7d8f193406ee761e1417"", ""nat_8f3e753527c876cd94f0"", ""nat_9fda348180c612303cdb""]"	5	95	302.0	113	89	75	0.8426966292134831	0.8317757009345794	0.9368421052631579	0.7009345794392523	0.2990654205607477	resolved		346	126
vae_candidate_000460	101	nat_144165ea4d3ea8a64b2e	"[""nat_144165ea4d3ea8a64b2e""]"	1	95	168.5	107	89	50	0.5617977528089888	0.8811881188118812	0.9368421052631579	0.49504950495049505	0.504950495049505	resolved		346	141
vae_candidate_000461	105	nat_dc6aa26cbe06c32b68c2	"[""nat_dc6aa26cbe06c32b68c2""]"	1	94	275.0	115	84	68	0.8095238095238095	0.8	0.8936170212765957	0.6476190476190476	0.35238095238095235	resolved		346	87
vae_candidate_000462	93	nat_461115b7000bfd74f566	"[""nat_461115b7000bfd74f566""]"	1	96	9.5	109	80	23	0.2875	0.8602150537634409	0.8333333333333334	0.23958333333333334	0.7604166666666666	resolved		346	3
vae_candidate_000463	85	nat_73e0b5aa88a198c56cae	"[""nat_73e0b5aa88a198c56cae""]"	1	87	298.5	88	84	68	0.8095238095238095	0.9882352941176471	0.9655172413793104	0.7816091954022989	0.2183908045977011	resolved		346	219
vae_candidate_000464	117	nat_dc2b0da282a1a334132b	"[""nat_dc2b0da282a1a334132b""]"	1	102	167.5	123	96	55	0.5729166666666666	0.8205128205128205	0.9411764705882353	0.4700854700854701	0.5299145299145299	resolved		346	6
vae_candidate_000465	69	nat_ea5746ec582bf06f4e03	"[""nat_ea5746ec582bf06f4e03""]"	1	72	267.5	73	68	57	0.8382352941176471	0.9855072463768116	0.9444444444444444	0.7916666666666666	0.20833333333333337	resolved		346	84
vae_candidate_000466	101	nat_1f7ab0dfc808b4ef03c3	"[""nat_1f7ab0dfc808b4ef03c3"", ""nat_92d7d81f95603487cd9c"", ""nat_bda4e304d446361a159c""]"	3	95	195.0	115	81	52	0.6419753086419753	0.801980198019802	0.8526315789473684	0.5148514851485149	0.48514851485148514	resolved		346	56
vae_candidate_000467	102	nat_49d3875a5ef4bbb644f9	"[""nat_49d3875a5ef4bbb644f9"", ""nat_d1b057f953bd558c0457"", ""nat_dad443e0412ef646de5e""]"	3	95	411.0	102	95	87	0.9157894736842105	0.9313725490196079	1.0	0.8529411764705882	0.1470588235294118	resolved		346	158
vae_candidate_000468	58		[]	0											unresolved	no_reliable_reference	346	0
vae_candidate_000469	85		[]	0											unresolved	no_reliable_reference	346	0
vae_candidate_000470	133	nat_55802cc1c7918b91c298	"[""nat_55802cc1c7918b91c298""]"	1	139	155.0	151	121	50	0.4132231404958678	0.9097744360902256	0.8705035971223022	0.3597122302158273	0.6402877697841727	resolved		346	43
vae_candidate_000471	73		[]	0											unresolved	no_reliable_reference	346	0
vae_candidate_000472	180		[]	0											unresolved	no_reliable_reference	346	0
vae_candidate_000473	64	nat_766d45336d56f5b42f24	"[""nat_766d45336d56f5b42f24""]"	1	79	3.0	79	64	18	0.28125	1.0	0.810126582278481	0.22784810126582278	0.7721518987341772	resolved		346	1
vae_candidate_000474	63	nat_0c143ad343586201fcf9	"[""nat_0c143ad343586201fcf9""]"	1	69	9.5	75	57	21	0.3684210526315789	0.9047619047619048	0.8260869565217391	0.30434782608695654	0.6956521739130435	resolved		346	20
vae_candidate_000475	134	nat_2f6b62c5722bcacabd8e	"[""nat_2f6b62c5722bcacabd8e""]"	1	136	59.0	159	111	42	0.3783783783783784	0.8283582089552238	0.8161764705882353	0.3088235294117647	0.6911764705882353	resolved		346	12
vae_candidate_000476	107	nat_38cb7bda240a833d36b3	"[""nat_38cb7bda240a833d36b3"", ""nat_4f76b230eb60279eb5dd"", ""nat_d6e9dabc7155ae370ddb""]"	3	95	191.5	112	90	59	0.6555555555555556	0.8411214953271028	0.9473684210526315	0.5514018691588785	0.44859813084112155	resolved		346	134
vae_candidate_000477	115		[]	0											unresolved	no_reliable_reference	346	0
vae_candidate_000478	101	nat_833a1708482ad34125e2	"[""nat_833a1708482ad34125e2"", ""nat_fca422d4ddd5dcd65605""]"	2	98	63.5	114	85	35	0.4117647058823529	0.8415841584158416	0.8673469387755102	0.3465346534653465	0.6534653465346535	resolved		346	93
vae_candidate_000479	180		[]	0											unresolved	no_reliable_reference	346	0
vae_candidate_000480	87	nat_0aeb545239a28bae61f9	"[""nat_0aeb545239a28bae61f9"", ""nat_cd0ec9cc83e20bd818b3""]"	2	86	175.5	99	74	51	0.6891891891891891	0.8505747126436781	0.8604651162790697	0.5862068965517241	0.4137931034482759	resolved		346	116
vae_candidate_000481	59	nat_0c143ad343586201fcf9	"[""nat_0c143ad343586201fcf9""]"	1	69	149.0	69	59	41	0.6949152542372882	1.0	0.855072463768116	0.5942028985507246	0.4057971014492754	resolved		346	33
vae_candidate_000482	107	nat_fca422d4ddd5dcd65605	"[""nat_fca422d4ddd5dcd65605""]"	1	96	196.0	114	89	51	0.5730337078651685	0.8317757009345794	0.9270833333333334	0.4766355140186916	0.5233644859813085	resolved		346	127
vae_candidate_000483	59		[]	0											unresolved	no_reliable_reference	346	0
vae_candidate_000484	74	nat_e9d0d8807aee29d8e61c	"[""nat_e9d0d8807aee29d8e61c""]"	1	71	242.0	75	70	56	0.8	0.9459459459459459	0.9859154929577465	0.7567567567567568	0.2432432432432432	resolved		346	106
vae_candidate_000485	89	nat_766d45336d56f5b42f24	"[""nat_766d45336d56f5b42f24""]"	1	79	157.5	95	73	45	0.6164383561643836	0.8202247191011236	0.9240506329113924	0.5056179775280899	0.4943820224719101	resolved		346	164
vae_candidate_000486	97		[]	0											unresolved	no_reliable_reference	346	0
vae_candidate_000487	90	nat_0a6194eed91a047cb43e	"[""nat_0a6194eed91a047cb43e""]"	1	84	11.5	99	75	23	0.30666666666666664	0.8333333333333334	0.8928571428571429	0.25555555555555554	0.7444444444444445	resolved		346	8
vae_candidate_000488	154	nat_25ee00a9c2b4e74f79dd	"[""nat_25ee00a9c2b4e74f79dd""]"	1	155	21.5	179	130	36	0.27692307692307694	0.8441558441558441	0.8387096774193549	0.23225806451612904	0.7677419354838709	resolved		346	1
vae_candidate_000489	157	nat_6ec46415f5fc553cea18	"[""nat_6ec46415f5fc553cea18""]"	1	152	283.0	178	131	78	0.5954198473282443	0.8343949044585988	0.8618421052631579	0.4968152866242038	0.5031847133757962	resolved		346	89
vae_candidate_000490	82	nat_25fcb1b7b6c3c6f6f29d	"[""nat_25fcb1b7b6c3c6f6f29d"", ""nat_278c7a3fd12af0319695"", ""nat_e9d0d8807aee29d8e61c""]"	3	68	200.5	82	68	49	0.7205882352941176	0.8292682926829268	1.0	0.5975609756097561	0.4024390243902439	resolved		346	70
vae_candidate_000491	82	nat_13dff233b6dfd04cb79c	"[""nat_13dff233b6dfd04cb79c"", ""nat_1ed909a554bd91f8870f"", ""nat_2a93193629740c6b70af"", ""nat_32d58e5d24419efe5e0e"", ""nat_440c141d3d83ed043c33"", ""nat_cac8cf4903b24e69aca8"", ""nat_f5db5c4704d592f947d9""]"	7	76	217.5	83	75	51	0.68	0.9146341463414634	0.9868421052631579	0.6219512195121951	0.3780487804878049	resolved		346	219
vae_candidate_000492	67	nat_6cb2a4a67fad0b3f22b1	"[""nat_6cb2a4a67fad0b3f22b1"", ""nat_90e82772d308676c7556""]"	2	74	146.0	81	60	41	0.6833333333333333	0.8955223880597015	0.8108108108108109	0.5540540540540541	0.44594594594594594	resolved		346	56
vae_candidate_000493	91	nat_a36a3359d46f89a3e9c6	"[""nat_a36a3359d46f89a3e9c6""]"	1	93	363.5	94	90	81	0.9	0.989010989010989	0.967741935483871	0.8709677419354839	0.12903225806451613	resolved		346	186
vae_candidate_000494	99		[]	0											unresolved	no_reliable_reference	346	0
vae_candidate_000495	62	nat_39cf0fd21702af1ff2b1	"[""nat_39cf0fd21702af1ff2b1""]"	1	69	26.5	73	58	21	0.3620689655172414	0.9354838709677419	0.8405797101449275	0.30434782608695654	0.6956521739130435	resolved		346	20
vae_candidate_000496	69	nat_ea5746ec582bf06f4e03	"[""nat_ea5746ec582bf06f4e03""]"	1	72	231.0	76	65	54	0.8307692307692308	0.9420289855072463	0.9027777777777778	0.75	0.25	resolved		346	70
vae_candidate_000497	60	nat_0c143ad343586201fcf9	"[""nat_0c143ad343586201fcf9""]"	1	69	201.5	69	60	45	0.75	1.0	0.8695652173913043	0.6521739130434783	0.34782608695652173	resolved		346	38
vae_candidate_000498	82	nat_ea5746ec582bf06f4e03	"[""nat_ea5746ec582bf06f4e03""]"	1	72	183.0	84	70	53	0.7571428571428571	0.8536585365853658	0.9722222222222222	0.6463414634146342	0.35365853658536583	resolved		346	213
vae_candidate_000499	66	nat_ac44a557fbffad89a437	"[""nat_ac44a557fbffad89a437"", ""nat_ea5746ec582bf06f4e03""]"	2	72	163.0	73	65	43	0.6615384615384615	0.9848484848484849	0.9027777777777778	0.5972222222222222	0.4027777777777778	resolved		346	65
vae_candidate_000500	105	nat_0145b7d0415b25474bf7	"[""nat_0145b7d0415b25474bf7"", ""nat_1f7ab0dfc808b4ef03c3"", ""nat_64b87c36790fe3acd4ba"", ""nat_7ee1d64f80049d71603c"", ""nat_82e4660fb87f57daff30"", ""nat_94cdaea6b1db7bfe983f"", ""nat_b47c8eec954491beb714"", ""nat_bf00fc1bb4a6bea076a5"", ""nat_c468502803b4ab5981f1"", ""nat_d5d6f3cedb33fb3328b6"", ""nat_edc787924d6392f7c1f5""]"	11	95	239.5	111	89	62	0.6966292134831461	0.8476190476190476	0.9368421052631579	0.5904761904761905	0.4095238095238095	resolved		346	130
vae_candidate_000501	90	nat_842bc418f0682cd2a9c8	"[""nat_842bc418f0682cd2a9c8"", ""nat_a7791ad55c70e7fd3462""]"	2	95	387.5	95	90	85	0.9444444444444444	1.0	0.9473684210526315	0.8947368421052632	0.10526315789473684	resolved		346	196
vae_candidate_000502	102	nat_c477483bf308ed286daf	"[""nat_c477483bf308ed286daf""]"	1	87	144.5	105	84	42	0.5	0.8235294117647058	0.9655172413793104	0.4117647058823529	0.5882352941176471	resolved		346	156
vae_candidate_000503	116	nat_a49cfe7d33cec22c3905	"[""nat_a49cfe7d33cec22c3905"", ""nat_ccd25408209dd226eaf9""]"	2	95	368.0	116	95	82	0.8631578947368421	0.8189655172413793	1.0	0.7068965517241379	0.2931034482758621	resolved		346	135
vae_candidate_000504	89	nat_4f76b230eb60279eb5dd	"[""nat_4f76b230eb60279eb5dd""]"	1	95	227.0	107	77	57	0.7402597402597403	0.8651685393258427	0.8105263157894737	0.6	0.4	resolved		346	146
vae_candidate_000505	82	nat_d4ba65189ba86a477cc5	"[""nat_d4ba65189ba86a477cc5""]"	1	92	260.0	96	78	64	0.8205128205128205	0.9512195121951219	0.8478260869565217	0.6956521739130435	0.30434782608695654	resolved		346	211
vae_candidate_000506	116	nat_fa2383cbfbff83286c61	"[""nat_fa2383cbfbff83286c61""]"	1	96	247.5	118	94	63	0.6702127659574468	0.8103448275862069	0.9791666666666666	0.5431034482758621	0.4568965517241379	resolved		346	94
vae_candidate_000507	119	nat_c74d6e1106797b3a3d0f	"[""nat_c74d6e1106797b3a3d0f""]"	1	133	67.0	142	110	37	0.33636363636363636	0.9243697478991597	0.8270676691729323	0.2781954887218045	0.7218045112781954	resolved		346	8
vae_candidate_000508	80	nat_ccd25408209dd226eaf9	"[""nat_ccd25408209dd226eaf9""]"	1	94	107.0	98	76	37	0.4868421052631579	0.95	0.8085106382978723	0.39361702127659576	0.6063829787234043	resolved		346	104
vae_candidate_000509	78	nat_39696a92cfeac6f208a2	"[""nat_39696a92cfeac6f208a2"", ""nat_ea5746ec582bf06f4e03""]"	2	78	8.0	92	64	23	0.359375	0.8205128205128205	0.8205128205128205	0.2948717948717949	0.7051282051282051	resolved		346	37
vae_candidate_000510	119	nat_e10062d88e50908c95d3	"[""nat_e10062d88e50908c95d3""]"	1	135	45.5	143	111	39	0.35135135135135137	0.9327731092436975	0.8222222222222222	0.28888888888888886	0.7111111111111111	resolved		346	10
vae_candidate_000511	128		[]	0											unresolved	no_reliable_reference	346	0
vae_candidate_000512	145	nat_13ee99e71183bcf01114	"[""nat_13ee99e71183bcf01114""]"	1	156	56.5	167	134	46	0.34328358208955223	0.9241379310344827	0.8589743589743589	0.2948717948717949	0.7051282051282051	resolved		346	23
vae_candidate_000513	62	nat_e9d0d8807aee29d8e61c	"[""nat_e9d0d8807aee29d8e61c""]"	1	71	11.0	75	58	19	0.3275862068965517	0.9354838709677419	0.8169014084507042	0.2676056338028169	0.7323943661971831	resolved		346	3
vae_candidate_000514	66	nat_9f8db13e803cecc901b7	"[""nat_9f8db13e803cecc901b7"", ""nat_ffde9c8a0aa4cd762cfd""]"	2	70	23.0	78	58	22	0.3793103448275862	0.8787878787878788	0.8285714285714286	0.3142857142857143	0.6857142857142857	resolved		346	18
vae_candidate_000515	86	nat_4a610b8daff21e476288	"[""nat_4a610b8daff21e476288""]"	1	85	5.0	101	70	23	0.32857142857142857	0.813953488372093	0.8235294117647058	0.26744186046511625	0.7325581395348837	resolved		346	1
vae_candidate_000516	107		[]	0											unresolved	no_reliable_reference	346	0
vae_candidate_000517	58	nat_ea5746ec582bf06f4e03	"[""nat_ea5746ec582bf06f4e03""]"	1	72	18.5	72	58	17	0.29310344827586204	1.0	0.8055555555555556	0.2361111111111111	0.7638888888888888	resolved		346	5
vae_candidate_000518	57		[]	0											unresolved	no_reliable_reference	346	0
vae_candidate_000519	92	nat_1f956fdbc151f2ec0ffb	"[""nat_1f956fdbc151f2ec0ffb""]"	1	95	218.0	97	90	58	0.6444444444444445	0.9782608695652174	0.9473684210526315	0.6105263157894737	0.3894736842105263	resolved		346	187
vae_candidate_000520	73	nat_1ed909a554bd91f8870f	"[""nat_1ed909a554bd91f8870f"", ""nat_ea5746ec582bf06f4e03""]"	2	73	217.5	77	69	52	0.7536231884057971	0.9452054794520548	0.9452054794520548	0.7123287671232876	0.28767123287671237	resolved		346	103
vae_candidate_000521	149		[]	0											unresolved	no_reliable_reference	346	0
vae_candidate_000522	155	nat_158c0216b95ce3304bfe	"[""nat_158c0216b95ce3304bfe"", ""nat_fd6df642808b7adaae7d""]"	2	156	209.5	185	126	64	0.5079365079365079	0.8129032258064516	0.8076923076923077	0.41025641025641024	0.5897435897435898	resolved		346	79
vae_candidate_000523	109	nat_69442765a7e1224b0435	"[""nat_69442765a7e1224b0435""]"	1	96	217.5	117	88	61	0.6931818181818182	0.8073394495412844	0.9166666666666666	0.5596330275229358	0.44036697247706424	resolved		346	115
vae_candidate_000524	98	nat_461115b7000bfd74f566	"[""nat_461115b7000bfd74f566"", ""nat_fa2383cbfbff83286c61""]"	2	96	127.5	115	79	40	0.5063291139240507	0.8061224489795918	0.8229166666666666	0.40816326530612246	0.5918367346938775	resolved		346	22
vae_candidate_000525	91	nat_200ecff40f6b83ca60f9	"[""nat_200ecff40f6b83ca60f9""]"	1	93	63.5	103	81	31	0.38271604938271603	0.8901098901098901	0.8709677419354839	0.3333333333333333	0.6666666666666667	resolved		346	13
vae_candidate_000526	156	nat_13ee99e71183bcf01114	"[""nat_13ee99e71183bcf01114""]"	1	156	130.5	185	127	62	0.4881889763779528	0.8141025641025641	0.8141025641025641	0.3974358974358974	0.6025641025641026	resolved		346	4
vae_candidate_000527	93	nat_94cdaea6b1db7bfe983f	"[""nat_94cdaea6b1db7bfe983f""]"	1	95	351.0	99	89	79	0.8876404494382022	0.956989247311828	0.9368421052631579	0.8315789473684211	0.16842105263157892	resolved		346	177
vae_candidate_000528	80	nat_73e0b5aa88a198c56cae	"[""nat_73e0b5aa88a198c56cae""]"	1	87	172.0	92	75	49	0.6533333333333333	0.9375	0.8620689655172413	0.5632183908045977	0.4367816091954023	resolved		346	182
vae_candidate_000529	100	nat_1eda5f35014077cd8e25	"[""nat_1eda5f35014077cd8e25"", ""nat_461115b7000bfd74f566"", ""nat_81de2b78d291d512c1e2"", ""nat_833a1708482ad34125e2""]"	4	94	278.0	100	94	66	0.7021276595744681	0.94	1.0	0.66	0.33999999999999997	resolved		346	158
vae_candidate_000530	71	nat_1ed909a554bd91f8870f	"[""nat_1ed909a554bd91f8870f""]"	1	73	245.0	77	67	52	0.7761194029850746	0.9436619718309859	0.9178082191780822	0.7123287671232876	0.28767123287671237	resolved		346	84
vae_candidate_000531	72	nat_ea5746ec582bf06f4e03	"[""nat_ea5746ec582bf06f4e03""]"	1	72	240.5	77	67	54	0.8059701492537313	0.9305555555555556	0.9305555555555556	0.75	0.25	resolved		346	96
vae_candidate_000532	90	nat_200ecff40f6b83ca60f9	"[""nat_200ecff40f6b83ca60f9""]"	1	93	107.5	108	75	44	0.5866666666666667	0.8333333333333334	0.8064516129032258	0.4731182795698925	0.5268817204301075	resolved		346	43
vae_candidate_000533	101	nat_9fda348180c612303cdb	"[""nat_9fda348180c612303cdb""]"	1	95	393.5	101	95	87	0.9157894736842105	0.9405940594059405	1.0	0.8613861386138614	0.13861386138613863	resolved		346	158
vae_candidate_000534	83		[]	0											unresolved	no_reliable_reference	346	0
vae_candidate_000535	92	nat_fa2383cbfbff83286c61	"[""nat_fa2383cbfbff83286c61""]"	1	96	357.0	97	91	77	0.8461538461538461	0.9891304347826086	0.9479166666666666	0.8020833333333334	0.19791666666666663	resolved		346	189
vae_candidate_000536	88	nat_ee10b37a92559cba1989	"[""nat_ee10b37a92559cba1989""]"	1	92	304.0	94	86	68	0.7906976744186046	0.9772727272727273	0.9347826086956522	0.7391304347826086	0.26086956521739135	resolved		346	198
vae_candidate_000537	58		[]	0											unresolved	no_reliable_reference	346	0
vae_candidate_000538	73	nat_448d52f7c380acd65350	"[""nat_448d52f7c380acd65350"", ""nat_a4ce46bc0db75edd2892""]"	2	76	20.0	83	66	24	0.36363636363636365	0.9041095890410958	0.868421052631579	0.3157894736842105	0.6842105263157895	resolved		346	25
vae_candidate_000539	91	nat_74aacbad701be1598660	"[""nat_74aacbad701be1598660"", ""nat_b47c8eec954491beb714""]"	2	95	238.0	100	86	59	0.686046511627907	0.945054945054945	0.9052631578947369	0.6210526315789474	0.3789473684210526	resolved		346	187
vae_candidate_000540	91	nat_73e0b5aa88a198c56cae	"[""nat_73e0b5aa88a198c56cae""]"	1	87	213.0	97	81	60	0.7407407407407407	0.8901098901098901	0.9310344827586207	0.6593406593406593	0.34065934065934067	resolved		346	176
vae_candidate_000541	100	nat_dca06c4ca76aafac96e9	"[""nat_dca06c4ca76aafac96e9"", ""nat_f49fe3672d6fdfda7cc7""]"	2	97	182.0	114	83	54	0.6506024096385542	0.83	0.8556701030927835	0.54	0.45999999999999996	resolved		346	145
vae_candidate_000542	158	nat_ae1ae553d673be7a537f	"[""nat_ae1ae553d673be7a537f"", ""nat_f7d9d7742f0844e679ec""]"	2	157	174.0	180	135	70	0.5185185185185185	0.8544303797468354	0.8598726114649682	0.4430379746835443	0.5569620253164558	resolved		346	72
vae_candidate_000543	180	nat_8bf5071aed606f94333c	"[""nat_8bf5071aed606f94333c"", ""nat_d71b202a146af4e5c40e""]"	2	157	70.0	191	146	44	0.3013698630136986	0.8111111111111111	0.9299363057324841	0.24444444444444444	0.7555555555555555	resolved		346	3
vae_candidate_000544	122	nat_4a87fc740463a61b2d05	"[""nat_4a87fc740463a61b2d05"", ""nat_b28a6bed955c267791e6""]"	2	109	237.0	132	99	55	0.5555555555555556	0.8114754098360656	0.908256880733945	0.45081967213114754	0.5491803278688525	resolved		346	3
vae_candidate_000545	95	nat_0101bc590c89813c161a	"[""nat_0101bc590c89813c161a"", ""nat_4482775e0979509e45d2"", ""nat_4b58b860e36e01bdb682"", ""nat_94cdaea6b1db7bfe983f""]"	4	94	386.0	95	94	82	0.8723404255319149	0.9894736842105263	1.0	0.8631578947368421	0.13684210526315788	resolved		346	175
vae_candidate_000546	101	nat_4d722634e257d2a7d133	"[""nat_4d722634e257d2a7d133"", ""nat_a9c10692b45d32f772b4"", ""nat_c0d8f1302fa41452efbc""]"	3	95	258.5	111	85	70	0.8235294117647058	0.8415841584158416	0.8947368421052632	0.693069306930693	0.306930693069307	resolved		346	124
vae_candidate_000547	100	nat_a8908cb0d732ddf5c6d4	"[""nat_a8908cb0d732ddf5c6d4""]"	1	96	291.5	108	88	72	0.8181818181818182	0.88	0.9166666666666666	0.72	0.28	resolved		346	155
vae_candidate_000548	146		[]	0											unresolved	no_reliable_reference	346	0
vae_candidate_000549	122	nat_c7cb28cf54b6a88ff785	"[""nat_c7cb28cf54b6a88ff785""]"	1	99	280.0	122	99	65	0.6565656565656566	0.8114754098360656	1.0	0.5327868852459017	0.4672131147540983	resolved		346	21
vae_candidate_000550	65	nat_ea5746ec582bf06f4e03	"[""nat_ea5746ec582bf06f4e03""]"	1	72	218.0	76	61	49	0.8032786885245902	0.9384615384615385	0.8472222222222222	0.6805555555555556	0.3194444444444444	resolved		346	58
vae_candidate_000551	108	nat_74aacbad701be1598660	"[""nat_74aacbad701be1598660"", ""nat_b47c8eec954491beb714"", ""nat_edc787924d6392f7c1f5"", ""nat_fa2383cbfbff83286c61""]"	4	95	234.0	109	94	62	0.6595744680851063	0.8703703703703703	0.9894736842105263	0.5740740740740741	0.42592592592592593	resolved		346	125
vae_candidate_000552	55		[]	0											unresolved	no_reliable_reference	346	0
vae_candidate_000553	96	nat_a49cfe7d33cec22c3905	"[""nat_a49cfe7d33cec22c3905"", ""nat_a7791ad55c70e7fd3462""]"	2	95	190.5	111	80	55	0.6875	0.8333333333333334	0.8421052631578947	0.5729166666666666	0.42708333333333337	resolved		346	144
vae_candidate_000554	83	nat_340bf83afc765d1b00fd	"[""nat_340bf83afc765d1b00fd""]"	1	78	174.5	89	72	47	0.6527777777777778	0.8674698795180723	0.9230769230769231	0.5662650602409639	0.4337349397590361	resolved		346	95
vae_candidate_000555	155		[]	0											unresolved	no_reliable_reference	346	0
vae_candidate_000556	152	nat_038b08407425f0209cdb	"[""nat_038b08407425f0209cdb""]"	1	157	194.0	182	127	65	0.5118110236220472	0.8355263157894737	0.8089171974522293	0.4140127388535032	0.5859872611464968	resolved		346	65
vae_candidate_000557	85	nat_c468502803b4ab5981f1	"[""nat_c468502803b4ab5981f1""]"	1	95	234.5	100	80	59	0.7375	0.9411764705882353	0.8421052631578947	0.6210526315789474	0.3789473684210526	resolved		346	216
vae_candidate_000558	109	nat_fa2383cbfbff83286c61	"[""nat_fa2383cbfbff83286c61""]"	1	96	168.0	117	88	50	0.5681818181818182	0.8073394495412844	0.9166666666666666	0.45871559633027525	0.5412844036697247	resolved		346	3
vae_candidate_000559	90	nat_0a6194eed91a047cb43e	"[""nat_0a6194eed91a047cb43e"", ""nat_d9b751580230ca0e5773""]"	2	84	176.5	93	81	44	0.5432098765432098	0.9	0.9642857142857143	0.4888888888888889	0.5111111111111111	resolved		346	190
vae_candidate_000560	84	nat_0a6194eed91a047cb43e	"[""nat_0a6194eed91a047cb43e"", ""nat_440c141d3d83ed043c33"", ""nat_4f811102c58fb8e77080""]"	3	84	107.5	95	73	39	0.5342465753424658	0.8690476190476191	0.8690476190476191	0.4642857142857143	0.5357142857142857	resolved		346	103
vae_candidate_000561	70	nat_f7dbe09f7bde0afd3543	"[""nat_f7dbe09f7bde0afd3543""]"	1	76	50.5	85	61	22	0.36065573770491804	0.8714285714285714	0.8026315789473685	0.2894736842105263	0.7105263157894737	resolved		346	1
vae_candidate_000562	134	nat_45b0f1ea69baf732de14	"[""nat_45b0f1ea69baf732de14""]"	1	147	314.5	155	126	80	0.6349206349206349	0.9402985074626866	0.8571428571428571	0.54421768707483	0.45578231292517	resolved		346	112
vae_candidate_000563	67		[]	0											unresolved	no_reliable_reference	346	0
vae_candidate_000564	95	nat_76418c5d471b2873e6bf	"[""nat_76418c5d471b2873e6bf""]"	1	86	73.0	99	82	32	0.3902439024390244	0.8631578947368421	0.9534883720930233	0.3368421052631579	0.6631578947368422	resolved		346	18
vae_candidate_000565	72		[]	0											unresolved	no_reliable_reference	346	0
vae_candidate_000566	92	nat_873dfd59523575571c0b	"[""nat_873dfd59523575571c0b"", ""nat_d9b751580230ca0e5773""]"	2	85	4.5	96	81	22	0.2716049382716049	0.8804347826086957	0.9529411764705882	0.2391304347826087	0.7608695652173914	resolved		346	3
vae_candidate_000567	69	nat_25fcb1b7b6c3c6f6f29d	"[""nat_25fcb1b7b6c3c6f6f29d""]"	1	68	223.0	70	67	53	0.7910447761194029	0.9710144927536232	0.9852941176470589	0.7681159420289855	0.23188405797101452	resolved		346	78
vae_candidate_000568	88	nat_d9b751580230ca0e5773	"[""nat_d9b751580230ca0e5773""]"	1	85	26.0	101	72	28	0.3888888888888889	0.8181818181818182	0.8470588235294118	0.3181818181818182	0.6818181818181819	resolved		346	18
vae_candidate_000569	112	nat_7ee1d64f80049d71603c	"[""nat_7ee1d64f80049d71603c"", ""nat_bf5abb4d953e0d6aaa1f"", ""nat_d80e058d93177215aa4b""]"	3	95	238.0	117	90	62	0.6888888888888889	0.8035714285714286	0.9473684210526315	0.5535714285714286	0.4464285714285714	resolved		346	92
vae_candidate_000570	117	nat_6ee0ebbf185af1c7d346	"[""nat_6ee0ebbf185af1c7d346""]"	1	135	263.5	143	109	72	0.6605504587155964	0.9316239316239316	0.8074074074074075	0.5333333333333333	0.4666666666666667	resolved		346	31
vae_candidate_000571	75	nat_27cf1e5aac6ec3dd931d	"[""nat_27cf1e5aac6ec3dd931d""]"	1	76	123.5	89	62	39	0.6290322580645161	0.8266666666666667	0.8157894736842105	0.5131578947368421	0.48684210526315785	resolved		346	16
vae_candidate_000572	87	nat_73e0b5aa88a198c56cae	"[""nat_73e0b5aa88a198c56cae""]"	1	87	275.5	91	83	67	0.8072289156626506	0.9540229885057471	0.9540229885057471	0.7701149425287356	0.22988505747126442	resolved		346	189
vae_candidate_000573	87	nat_30c8db5b2a48ec02340b	"[""nat_30c8db5b2a48ec02340b"", ""nat_3e6bf91c590be6684eed"", ""nat_ccd25408209dd226eaf9""]"	3	94	235.0	99	82	66	0.8048780487804879	0.9425287356321839	0.8723404255319149	0.7021276595744681	0.2978723404255319	resolved		346	156
vae_candidate_000574	94	nat_1f7ab0dfc808b4ef03c3	"[""nat_1f7ab0dfc808b4ef03c3"", ""nat_92d7d81f95603487cd9c""]"	2	95	407.0	97	92	89	0.967391304347826	0.9787234042553191	0.968421052631579	0.9368421052631579	0.06315789473684208	resolved		346	184
vae_candidate_000575	139	nat_2f6b62c5722bcacabd8e	"[""nat_2f6b62c5722bcacabd8e""]"	1	136	178.5	157	118	53	0.4491525423728814	0.8489208633093526	0.8676470588235294	0.381294964028777	0.618705035971223	resolved		346	5
vae_candidate_000576	127		[]	0											unresolved	no_reliable_reference	346	0
vae_candidate_000577	98	nat_30c8db5b2a48ec02340b	"[""nat_30c8db5b2a48ec02340b""]"	1	94	186.5	103	89	47	0.5280898876404494	0.9081632653061225	0.9468085106382979	0.47959183673469385	0.5204081632653061	resolved		346	157
vae_candidate_000578	92	nat_b5ccff48f879b7cc34ad	"[""nat_b5ccff48f879b7cc34ad""]"	1	92	227.0	103	81	60	0.7407407407407407	0.8804347826086957	0.8804347826086957	0.6521739130434783	0.34782608695652173	resolved		346	181
vae_candidate_000579	123	nat_6ee0ebbf185af1c7d346	"[""nat_6ee0ebbf185af1c7d346""]"	1	135	102.5	148	110	49	0.44545454545454544	0.8943089430894309	0.8148148148148148	0.362962962962963	0.6370370370370371	resolved		346	23
vae_candidate_000580	117	nat_833a1708482ad34125e2	"[""nat_833a1708482ad34125e2""]"	1	98	227.0	119	96	59	0.6145833333333334	0.8205128205128205	0.9795918367346939	0.5042735042735043	0.49572649572649574	resolved		346	23
vae_candidate_000581	69	nat_e9d0d8807aee29d8e61c	"[""nat_e9d0d8807aee29d8e61c""]"	1	71	171.5	73	67	40	0.5970149253731343	0.9710144927536232	0.9436619718309859	0.5633802816901409	0.43661971830985913	resolved		346	83
vae_candidate_000582	86	nat_05d62502987d9405b8af	"[""nat_05d62502987d9405b8af"", ""nat_4dc9c1477d3d6b181da7""]"	2	95	344.0	96	85	79	0.9294117647058824	0.9883720930232558	0.8947368421052632	0.8315789473684211	0.16842105263157892	resolved		346	212
vae_candidate_000583	103	nat_48f4fc548c0153a5775e	"[""nat_48f4fc548c0153a5775e"", ""nat_7ee1d64f80049d71603c"", ""nat_a8908cb0d732ddf5c6d4""]"	3	96	321.0	103	96	68	0.7083333333333334	0.9320388349514563	1.0	0.6601941747572816	0.3398058252427184	resolved		346	155
vae_candidate_000584	96	nat_1564401f2a553c444667	"[""nat_1564401f2a553c444667"", ""nat_1aef09f774a1818b7e24""]"	2	96	330.5	100	92	77	0.8369565217391305	0.9583333333333334	0.9583333333333334	0.8020833333333334	0.19791666666666663	resolved		346	162
vae_candidate_000585	79	nat_27cf1e5aac6ec3dd931d	"[""nat_27cf1e5aac6ec3dd931d""]"	1	76	1.5	91	64	27	0.421875	0.810126582278481	0.8421052631578947	0.34177215189873417	0.6582278481012658	resolved		346	23
vae_candidate_000586	114		[]	0											unresolved	no_reliable_reference	346	0
vae_candidate_000587	59	nat_d565583d15eb6f192c57	"[""nat_d565583d15eb6f192c57""]"	1	67	63.0	72	54	27	0.5	0.9152542372881356	0.8059701492537313	0.40298507462686567	0.5970149253731343	resolved		346	29
vae_candidate_000588	99	nat_fca422d4ddd5dcd65605	"[""nat_fca422d4ddd5dcd65605""]"	1	96	256.5	103	92	64	0.6956521739130435	0.9292929292929293	0.9583333333333334	0.6464646464646465	0.3535353535353535	resolved		346	158
vae_candidate_000589	77	nat_39cf0fd21702af1ff2b1	"[""nat_39cf0fd21702af1ff2b1""]"	1	69	149.5	84	62	40	0.6451612903225806	0.8051948051948052	0.8985507246376812	0.5194805194805194	0.48051948051948057	resolved		346	18
vae_candidate_000590	91	nat_fe2e069c7d192a9aa4be	"[""nat_fe2e069c7d192a9aa4be""]"	1	92	266.0	96	87	63	0.7241379310344828	0.9560439560439561	0.9456521739130435	0.6847826086956522	0.3152173913043478	resolved		346	185
vae_candidate_000591	88	nat_7ee1d64f80049d71603c	"[""nat_7ee1d64f80049d71603c"", ""nat_9fda348180c612303cdb"", ""nat_acb38079c01f07d0de6f"", ""nat_b47c8eec954491beb714""]"	4	95	276.5	97	86	66	0.7674418604651163	0.9772727272727273	0.9052631578947369	0.6947368421052632	0.3052631578947368	resolved		346	197
vae_candidate_000592	90		[]	0											unresolved	no_reliable_reference	346	0
vae_candidate_000593	124	nat_8d5392221648a605a7c2	"[""nat_8d5392221648a605a7c2""]"	1	134	187.0	141	117	53	0.452991452991453	0.9435483870967742	0.8731343283582089	0.39552238805970147	0.6044776119402986	resolved		346	13
vae_candidate_000594	180		[]	0											unresolved	no_reliable_reference	346	0
vae_candidate_000595	74	nat_c477483bf308ed286daf	"[""nat_c477483bf308ed286daf""]"	1	87	164.5	91	70	47	0.6714285714285714	0.9459459459459459	0.8045977011494253	0.5402298850574713	0.45977011494252873	resolved		346	41
vae_candidate_000596	121		[]	0											unresolved	no_reliable_reference	346	0
vae_candidate_000597	78	nat_766d45336d56f5b42f24	"[""nat_766d45336d56f5b42f24""]"	1	79	182.0	83	74	48	0.6486486486486487	0.9487179487179487	0.9367088607594937	0.6075949367088608	0.3924050632911392	resolved		346	177
vae_candidate_000598	94	nat_4b58b860e36e01bdb682	"[""nat_4b58b860e36e01bdb682""]"	1	95	390.0	96	93	85	0.9139784946236559	0.9893617021276596	0.9789473684210527	0.8947368421052632	0.10526315789473684	resolved		346	181
vae_candidate_000599	119	nat_833a1708482ad34125e2	"[""nat_833a1708482ad34125e2""]"	1	98	326.0	120	97	74	0.7628865979381443	0.8151260504201681	0.9897959183673469	0.6218487394957983	0.37815126050420167	resolved		346	6
vae_candidate_000600	79	nat_873dfd59523575571c0b	"[""nat_873dfd59523575571c0b""]"	1	85	86.5	96	68	32	0.47058823529411764	0.8607594936708861	0.8	0.3764705882352941	0.6235294117647059	resolved		346	84
vae_candidate_000601	91	nat_4132d6e9996d37d7483a	"[""nat_4132d6e9996d37d7483a""]"	1	92	212.0	96	87	52	0.5977011494252874	0.9560439560439561	0.9456521739130435	0.5652173913043478	0.4347826086956522	resolved		346	189
vae_candidate_000602	106		[]	0											unresolved	no_reliable_reference	346	0
vae_candidate_000603	87	nat_7d1d4ec0845163a487d6	"[""nat_7d1d4ec0845163a487d6"", ""nat_970873de163a6ff8ee05""]"	2	88	40.5	102	73	27	0.3698630136986301	0.8390804597701149	0.8295454545454546	0.3068181818181818	0.6931818181818181	resolved		346	44
vae_candidate_000604	100	nat_3d7fc725cd17cf23a73c	"[""nat_3d7fc725cd17cf23a73c""]"	1	97	37.0	117	80	29	0.3625	0.8	0.8247422680412371	0.29	0.71	resolved		346	17
vae_candidate_000605	150	nat_945d9af2ef988f085e3c	"[""nat_945d9af2ef988f085e3c""]"	1	151	331.0	171	130	88	0.676923076923077	0.8666666666666667	0.8609271523178808	0.5827814569536424	0.41721854304635764	resolved		346	99
vae_candidate_000606	85	nat_4a610b8daff21e476288	"[""nat_4a610b8daff21e476288"", ""nat_873dfd59523575571c0b""]"	2	85	23.5	102	68	24	0.35294117647058826	0.8	0.8	0.2823529411764706	0.7176470588235294	resolved		346	44
vae_candidate_000607	83	nat_340bf83afc765d1b00fd	"[""nat_340bf83afc765d1b00fd""]"	1	78	182.0	93	68	44	0.6470588235294118	0.8192771084337349	0.8717948717948718	0.5301204819277109	0.4698795180722891	resolved		346	57
vae_candidate_000608	86		[]	0											unresolved	no_reliable_reference	346	0
vae_candidate_000609	92	nat_fb877ea45a36f28c6227	"[""nat_fb877ea45a36f28c6227""]"	1	87	101.5	103	76	39	0.5131578947368421	0.8260869565217391	0.8735632183908046	0.42391304347826086	0.5760869565217391	resolved		346	137
vae_candidate_000610	83	nat_c477483bf308ed286daf	"[""nat_c477483bf308ed286daf""]"	1	87	12.0	99	71	22	0.30985915492957744	0.8554216867469879	0.8160919540229885	0.25287356321839083	0.7471264367816092	resolved		346	22
vae_candidate_000611	83	nat_0101bc590c89813c161a	"[""nat_0101bc590c89813c161a""]"	1	94	254.0	100	77	63	0.8181818181818182	0.927710843373494	0.8191489361702128	0.6702127659574468	0.32978723404255317	resolved		346	218
vae_candidate_000612	180		[]	0											unresolved	no_reliable_reference	346	0
vae_candidate_000613	99		[]	0											unresolved	no_reliable_reference	346	0
vae_candidate_000614	84	nat_6cb2a4a67fad0b3f22b1	"[""nat_6cb2a4a67fad0b3f22b1"", ""nat_8f5ca23cd23d0262e12b"", ""nat_90e82772d308676c7556""]"	3	74	6.0	89	69	16	0.2318840579710145	0.8214285714285714	0.9324324324324325	0.19047619047619047	0.8095238095238095	resolved		346	3
vae_candidate_000615	92	nat_f49fe3672d6fdfda7cc7	"[""nat_f49fe3672d6fdfda7cc7""]"	1	95	185.0	105	82	58	0.7073170731707317	0.8913043478260869	0.8631578947368421	0.6105263157894737	0.3894736842105263	resolved		346	156
vae_candidate_000616	66	nat_6cb2a4a67fad0b3f22b1	"[""nat_6cb2a4a67fad0b3f22b1"", ""nat_90e82772d308676c7556""]"	2	74	28.0	74	66	25	0.3787878787878788	1.0	0.8918918918918919	0.33783783783783783	0.6621621621621622	resolved		346	14
vae_candidate_000617	92	nat_75679c0d4db585656573	"[""nat_75679c0d4db585656573""]"	1	92	166.0	107	77	50	0.6493506493506493	0.8369565217391305	0.8369565217391305	0.5434782608695652	0.4565217391304348	resolved		346	128
vae_candidate_000618	95	nat_1f956fdbc151f2ec0ffb	"[""nat_1f956fdbc151f2ec0ffb"", ""nat_4b58b860e36e01bdb682"", ""nat_7ee1d64f80049d71603c"", ""nat_c468502803b4ab5981f1"", ""nat_d5d6f3cedb33fb3328b6""]"	5	95	396.0	96	94	85	0.9042553191489362	0.9894736842105263	0.9894736842105263	0.8947368421052632	0.10526315789473684	resolved		346	183
vae_candidate_000619	113	nat_69442765a7e1224b0435	"[""nat_69442765a7e1224b0435""]"	1	96	193.0	113	96	56	0.5833333333333334	0.8495575221238938	1.0	0.49557522123893805	0.504424778761062	resolved		346	116
vae_candidate_000620	149	nat_2f6b62c5722bcacabd8e	"[""nat_2f6b62c5722bcacabd8e""]"	1	136	249.0	164	121	67	0.5537190082644629	0.8120805369127517	0.8897058823529411	0.44966442953020136	0.5503355704697986	resolved		346	85
vae_candidate_000621	76	nat_2dee131e85e06a8f9fdd	"[""nat_2dee131e85e06a8f9fdd""]"	1	76	175.5	78	74	45	0.6081081081081081	0.9736842105263158	0.9736842105263158	0.5921052631578947	0.4078947368421053	resolved		346	106
vae_candidate_000622	66	nat_cac8cf4903b24e69aca8	"[""nat_cac8cf4903b24e69aca8""]"	1	76	141.0	81	61	38	0.6229508196721312	0.9242424242424242	0.8026315789473685	0.5	0.5	resolved		346	57
vae_candidate_000623	93	nat_c8490949e18e771ed8c8	"[""nat_c8490949e18e771ed8c8"", ""nat_ccd25408209dd226eaf9""]"	2	94	386.5	95	92	86	0.9347826086956522	0.989247311827957	0.9787234042553191	0.9148936170212766	0.08510638297872342	resolved		346	182
vae_candidate_000624	86	nat_766d45336d56f5b42f24	"[""nat_766d45336d56f5b42f24""]"	1	79	162.5	92	73	49	0.6712328767123288	0.8488372093023255	0.9240506329113924	0.5697674418604651	0.43023255813953487	resolved		346	192
vae_candidate_000625	100		[]	0											unresolved	no_reliable_reference	346	0
vae_candidate_000626	166	nat_25ee00a9c2b4e74f79dd	"[""nat_25ee00a9c2b4e74f79dd""]"	1	155	20.0	176	145	36	0.2482758620689655	0.8734939759036144	0.9354838709677419	0.21686746987951808	0.7831325301204819	resolved		346	1
vae_candidate_000627	90	nat_86af2bea85657bdc848a	"[""nat_86af2bea85657bdc848a""]"	1	93	346.5	93	90	75	0.8333333333333334	1.0	0.967741935483871	0.8064516129032258	0.19354838709677424	resolved		346	196
vae_candidate_000628	112	nat_4b655799ef9e19953b56	"[""nat_4b655799ef9e19953b56""]"	1	133	21.5	138	107	34	0.3177570093457944	0.9553571428571429	0.8045112781954887	0.2556390977443609	0.7443609022556391	resolved		346	3
vae_candidate_000629	50		[]	0											unresolved	no_reliable_reference	346	0
vae_candidate_000630	111	nat_48f4fc548c0153a5775e	"[""nat_48f4fc548c0153a5775e"", ""nat_9fda348180c612303cdb""]"	2	96	290.0	117	90	72	0.8	0.8108108108108109	0.9375	0.6486486486486487	0.3513513513513513	resolved		346	57
vae_candidate_000631	115	nat_4482775e0979509e45d2	"[""nat_4482775e0979509e45d2"", ""nat_4b58b860e36e01bdb682"", ""nat_8f3e753527c876cd94f0""]"	3	95	301.5	118	92	68	0.7391304347826086	0.8	0.968421052631579	0.591304347826087	0.408695652173913	resolved		346	104
vae_candidate_000632	125	nat_db787bdce100ebe0b52f	"[""nat_db787bdce100ebe0b52f""]"	1	137	50.0	151	111	42	0.3783783783783784	0.888	0.8102189781021898	0.30656934306569344	0.6934306569343065	resolved		346	4
vae_candidate_000633	99	nat_9fda348180c612303cdb	"[""nat_9fda348180c612303cdb""]"	1	95	239.5	108	86	62	0.7209302325581395	0.8686868686868687	0.9052631578947369	0.6262626262626263	0.3737373737373737	resolved		346	157
vae_candidate_000634	97	nat_74aacbad701be1598660	"[""nat_74aacbad701be1598660"", ""nat_8f3e753527c876cd94f0"", ""nat_94cdaea6b1db7bfe983f"", ""nat_b47c8eec954491beb714"", ""nat_bf5abb4d953e0d6aaa1f"", ""nat_d5d6f3cedb33fb3328b6""]"	6	95	207.5	104	88	57	0.6477272727272727	0.9072164948453608	0.9263157894736842	0.5876288659793815	0.41237113402061853	resolved		346	156
vae_candidate_000635	89	nat_30c8db5b2a48ec02340b	"[""nat_30c8db5b2a48ec02340b""]"	1	94	315.0	96	87	73	0.8390804597701149	0.9775280898876404	0.925531914893617	0.776595744680851	0.22340425531914898	resolved		346	187
vae_candidate_000636	100	nat_fca422d4ddd5dcd65605	"[""nat_fca422d4ddd5dcd65605""]"	1	96	141.5	114	82	44	0.5365853658536586	0.82	0.8541666666666666	0.44	0.56	resolved		346	103
vae_candidate_000637	180	nat_f5d47642f8821cca8f9a	"[""nat_f5d47642f8821cca8f9a""]"	1	156	277.5	192	144	86	0.5972222222222222	0.8	0.9230769230769231	0.4777777777777778	0.5222222222222221	resolved		346	30
vae_candidate_000638	89	nat_fa2383cbfbff83286c61	"[""nat_fa2383cbfbff83286c61""]"	1	96	338.5	96	89	77	0.8651685393258427	1.0	0.9270833333333334	0.8020833333333334	0.19791666666666663	resolved		346	195
vae_candidate_000639	89	nat_9fda348180c612303cdb	"[""nat_9fda348180c612303cdb""]"	1	95	260.5	100	84	63	0.75	0.9438202247191011	0.8842105263157894	0.6631578947368421	0.33684210526315794	resolved		346	190
vae_candidate_000640	85	nat_873dfd59523575571c0b	"[""nat_873dfd59523575571c0b""]"	1	85	238.0	101	69	55	0.7971014492753623	0.8117647058823529	0.8117647058823529	0.6470588235294118	0.3529411764705882	resolved		346	55
vae_candidate_000641	122	nat_45d8bf8bea0b0845fea0	"[""nat_45d8bf8bea0b0845fea0""]"	1	139	70.0	149	112	44	0.39285714285714285	0.9180327868852459	0.8057553956834532	0.31654676258992803	0.6834532374100719	resolved		346	19
vae_candidate_000642	139	nat_1aeb097a28c863a862e4	"[""nat_1aeb097a28c863a862e4""]"	1	137	164.5	164	112	59	0.5267857142857143	0.8057553956834532	0.8175182481751825	0.4244604316546763	0.5755395683453237	resolved		346	26
vae_candidate_000643	104	nat_1f956fdbc151f2ec0ffb	"[""nat_1f956fdbc151f2ec0ffb"", ""nat_4482775e0979509e45d2""]"	2	95	117.0	108	91	45	0.4945054945054945	0.875	0.9578947368421052	0.4326923076923077	0.5673076923076923	resolved		346	126
vae_candidate_000644	176	nat_3997c1e8cae542beb07c	"[""nat_3997c1e8cae542beb07c"", ""nat_f5d47642f8821cca8f9a""]"	2	156	434.0	191	141	107	0.7588652482269503	0.8011363636363636	0.9038461538461539	0.6079545454545454	0.3920454545454546	resolved		346	58
vae_candidate_000645	85	nat_873dfd59523575571c0b	"[""nat_873dfd59523575571c0b""]"	1	85	137.0	98	72	44	0.6111111111111112	0.8470588235294118	0.8470588235294118	0.5176470588235295	0.48235294117647054	resolved		346	139
vae_candidate_000646	116	nat_8d5392221648a605a7c2	"[""nat_8d5392221648a605a7c2""]"	1	134	158.0	142	108	56	0.5185185185185185	0.9310344827586207	0.8059701492537313	0.417910447761194	0.582089552238806	resolved		346	5
vae_candidate_000647	97	nat_7d45d6cf3df5d3d36985	"[""nat_7d45d6cf3df5d3d36985"", ""nat_9ba949b2aab9e2be6898""]"	2	95	282.5	99	93	69	0.7419354838709677	0.9587628865979382	0.9789473684210527	0.711340206185567	0.28865979381443296	resolved		346	166
vae_candidate_000648	96		[]	0											unresolved	no_reliable_reference	346	0
vae_candidate_000649	90	nat_5d20f105b230fcb464d1	"[""nat_5d20f105b230fcb464d1"", ""nat_6dc60142a293ec7c6dcb"", ""nat_766d45336d56f5b42f24"", ""nat_fb877ea45a36f28c6227""]"	4	78	5.5	96	72	24	0.3333333333333333	0.8	0.9230769230769231	0.26666666666666666	0.7333333333333334	resolved		346	10
vae_candidate_000650	74	nat_5ff91e8d3cfc9ac60d0d	"[""nat_5ff91e8d3cfc9ac60d0d""]"	1	72	40.5	82	64	24	0.375	0.8648648648648649	0.8888888888888888	0.32432432432432434	0.6756756756756757	resolved		346	23
vae_candidate_000651	94	nat_07f90c8c92dbdb92b94e	"[""nat_07f90c8c92dbdb92b94e"", ""nat_5d40201e59780a4578e1""]"	2	95	209.0	106	83	57	0.6867469879518072	0.8829787234042553	0.8736842105263158	0.6	0.4	resolved		346	159
vae_candidate_000652	84	nat_4d627ec7ce40cceb1d25	"[""nat_4d627ec7ce40cceb1d25""]"	1	78	240.0	85	77	58	0.7532467532467533	0.9166666666666666	0.9871794871794872	0.6904761904761905	0.30952380952380953	resolved		346	219
vae_candidate_000653	108	nat_9fda348180c612303cdb	"[""nat_9fda348180c612303cdb""]"	1	95	346.5	111	92	80	0.8695652173913043	0.8518518518518519	0.968421052631579	0.7407407407407407	0.2592592592592593	resolved		346	137
vae_candidate_000654	71		[]	0											unresolved	no_reliable_reference	346	0
vae_candidate_000655	82		[]	0											unresolved	no_reliable_reference	346	0
vae_candidate_000656	83	nat_873dfd59523575571c0b	"[""nat_873dfd59523575571c0b""]"	1	85	148.5	95	73	46	0.6301369863013698	0.8795180722891566	0.8588235294117647	0.5411764705882353	0.45882352941176474	resolved		346	101
vae_candidate_000657	72	nat_cac8cf4903b24e69aca8	"[""nat_cac8cf4903b24e69aca8""]"	1	76	245.5	82	66	55	0.8333333333333334	0.9166666666666666	0.868421052631579	0.7236842105263158	0.2763157894736842	resolved		346	92
vae_candidate_000658	96	nat_fa2383cbfbff83286c61	"[""nat_fa2383cbfbff83286c61""]"	1	96	361.5	99	93	81	0.8709677419354839	0.96875	0.96875	0.84375	0.15625	resolved		346	166
vae_candidate_000659	112	nat_9fd0842a53e077dc147a	"[""nat_9fd0842a53e077dc147a""]"	1	111	78.5	129	94	39	0.4148936170212766	0.8392857142857143	0.8468468468468469	0.3482142857142857	0.6517857142857143	resolved		346	6
vae_candidate_000660	112	nat_48f4fc548c0153a5775e	"[""nat_48f4fc548c0153a5775e"", ""nat_74aacbad701be1598660""]"	2	96	320.0	116	92	74	0.8043478260869565	0.8214285714285714	0.9583333333333334	0.6607142857142857	0.3392857142857143	resolved		346	95
vae_candidate_000661	180		[]	0											unresolved	no_reliable_reference	346	0
vae_candidate_000662	93	nat_3d7fc725cd17cf23a73c	"[""nat_3d7fc725cd17cf23a73c""]"	1	97	10.0	111	79	27	0.34177215189873417	0.8494623655913979	0.8144329896907216	0.27835051546391754	0.7216494845360825	resolved		346	60
vae_candidate_000663	88	nat_6b94719ca1a990ee1d8f	"[""nat_6b94719ca1a990ee1d8f"", ""nat_873dfd59523575571c0b""]"	2	87	19.0	104	71	29	0.4084507042253521	0.8068181818181818	0.8160919540229885	0.32954545454545453	0.6704545454545454	resolved		346	91
vae_candidate_000664	168	nat_234ee7db19bcd2cc0f16	"[""nat_234ee7db19bcd2cc0f16"", ""nat_747d60b2bd9f9baa6cfc"", ""nat_8430c66867e7555de5e1""]"	3	157	45.5	189	136	38	0.27941176470588236	0.8095238095238095	0.8662420382165605	0.2261904761904762	0.7738095238095238	resolved		346	4
vae_candidate_000665	175		[]	0											unresolved	no_reliable_reference	346	0
vae_candidate_000666	99	nat_7d45d6cf3df5d3d36985	"[""nat_7d45d6cf3df5d3d36985""]"	1	95	289.0	104	90	68	0.7555555555555555	0.9090909090909091	0.9473684210526315	0.6868686868686869	0.31313131313131315	resolved		346	158
vae_candidate_000667	61	nat_2708b2500f3eefced6c0	"[""nat_2708b2500f3eefced6c0""]"	1	69	9.5	69	61	18	0.29508196721311475	1.0	0.8840579710144928	0.2608695652173913	0.7391304347826086	resolved		346	3
vae_candidate_000668	82	nat_32fcf9c5b6202c499dc1	"[""nat_32fcf9c5b6202c499dc1""]"	1	88	156.5	99	71	41	0.5774647887323944	0.8658536585365854	0.8068181818181818	0.4659090909090909	0.5340909090909092	resolved		346	3
vae_candidate_000669	180		[]	0											unresolved	no_reliable_reference	346	0
vae_candidate_000670	134	nat_2f6b62c5722bcacabd8e	"[""nat_2f6b62c5722bcacabd8e""]"	1	136	107.0	156	114	45	0.39473684210526316	0.8507462686567164	0.8382352941176471	0.33088235294117646	0.6691176470588236	resolved		346	19
vae_candidate_000671	73	nat_38a86b2caad8351d20f8	"[""nat_38a86b2caad8351d20f8""]"	1	70	10.5	83	60	24	0.4	0.821917808219178	0.8571428571428571	0.3287671232876712	0.6712328767123288	resolved		346	41
vae_candidate_000672	131	nat_be1dac504153ecab385d	"[""nat_be1dac504153ecab385d""]"	1	154	277.5	160	125	81	0.648	0.9541984732824428	0.8116883116883117	0.525974025974026	0.474025974025974	resolved		346	62
vae_candidate_000673	93	nat_4f811102c58fb8e77080	"[""nat_4f811102c58fb8e77080"", ""nat_5d20f105b230fcb464d1""]"	2	78	167.0	96	75	48	0.64	0.8064516129032258	0.9615384615384616	0.5161290322580645	0.4838709677419355	resolved		346	114
vae_candidate_000674	71	nat_1ed909a554bd91f8870f	"[""nat_1ed909a554bd91f8870f""]"	1	73	161.0	75	69	39	0.5652173913043478	0.971830985915493	0.9452054794520548	0.5342465753424658	0.4657534246575342	resolved		346	84
vae_candidate_000675	82	nat_144165ea4d3ea8a64b2e	"[""nat_144165ea4d3ea8a64b2e"", ""nat_1f956fdbc151f2ec0ffb"", ""nat_4482775e0979509e45d2"", ""nat_92d7d81f95603487cd9c"", ""nat_c468502803b4ab5981f1""]"	5	95	270.0	101	76	62	0.8157894736842105	0.926829268292683	0.8	0.6526315789473685	0.34736842105263155	resolved		346	164
vae_candidate_000676	106	nat_86af2bea85657bdc848a	"[""nat_86af2bea85657bdc848a"", ""nat_dc6aa26cbe06c32b68c2""]"	2	93	255.0	113	86	66	0.7674418604651163	0.8113207547169812	0.9247311827956989	0.6226415094339622	0.37735849056603776	resolved		346	59
vae_candidate_000677	137	nat_2f6b62c5722bcacabd8e	"[""nat_2f6b62c5722bcacabd8e""]"	1	136	278.5	154	119	77	0.6470588235294118	0.8686131386861314	0.875	0.5620437956204379	0.43795620437956206	resolved		346	94
vae_candidate_000678	87	nat_0a6194eed91a047cb43e	"[""nat_0a6194eed91a047cb43e"", ""nat_1f1d6fdb82f348ed948e""]"	2	84	15.0	101	70	21	0.3	0.8045977011494253	0.8333333333333334	0.2413793103448276	0.7586206896551724	resolved		346	5
vae_candidate_000679	70	nat_1ed909a554bd91f8870f	"[""nat_1ed909a554bd91f8870f""]"	1	73	246.5	78	65	55	0.8461538461538461	0.9285714285714286	0.8904109589041096	0.7534246575342466	0.2465753424657534	resolved		346	70
vae_candidate_000680	94	nat_84eddb9c9ecca10afd5a	"[""nat_84eddb9c9ecca10afd5a""]"	1	99	16.5	111	82	22	0.2682926829268293	0.8723404255319149	0.8282828282828283	0.2222222222222222	0.7777777777777778	resolved		346	1
vae_candidate_000681	81	nat_75679c0d4db585656573	"[""nat_75679c0d4db585656573"", ""nat_b5ccff48f879b7cc34ad""]"	2	92	252.0	93	80	59	0.7375	0.9876543209876543	0.8695652173913043	0.6413043478260869	0.3586956521739131	resolved		346	216
vae_candidate_000682	119	nat_c74d6e1106797b3a3d0f	"[""nat_c74d6e1106797b3a3d0f""]"	1	133	157.0	145	107	51	0.4766355140186916	0.8991596638655462	0.8045112781954887	0.38345864661654133	0.6165413533834587	resolved		346	6
vae_candidate_000683	93	nat_c468502803b4ab5981f1	"[""nat_c468502803b4ab5981f1"", ""nat_d07d112598796fe30d76"", ""nat_d5d6f3cedb33fb3328b6""]"	3	95	397.5	95	93	82	0.8817204301075269	1.0	0.9789473684210527	0.8631578947368421	0.13684210526315788	resolved		346	182
vae_candidate_000684	175	nat_25ee00a9c2b4e74f79dd	"[""nat_25ee00a9c2b4e74f79dd""]"	1	155	214.5	189	141	72	0.5106382978723404	0.8057142857142857	0.9096774193548387	0.4114285714285714	0.5885714285714285	resolved		346	31
vae_candidate_000685	106	nat_86af2bea85657bdc848a	"[""nat_86af2bea85657bdc848a""]"	1	93	375.0	106	93	85	0.9139784946236559	0.8773584905660378	1.0	0.8018867924528302	0.19811320754716977	resolved		346	149
vae_candidate_000686	95	nat_dbcea97f4e8354ba3556	"[""nat_dbcea97f4e8354ba3556""]"	1	94	35.5	113	76	27	0.35526315789473684	0.8	0.8085106382978723	0.28421052631578947	0.7157894736842105	resolved		346	5
vae_candidate_000687	130	nat_8a4162d5996844339fef	"[""nat_8a4162d5996844339fef"", ""nat_942bc0624c6f9016a403""]"	2	135	199.0	152	113	62	0.5486725663716814	0.8692307692307693	0.837037037037037	0.45925925925925926	0.5407407407407407	resolved		346	69
vae_candidate_000688	60		[]	0											unresolved	no_reliable_reference	346	0
vae_candidate_000689	126	nat_0ccad4d436403131ae6a	"[""nat_0ccad4d436403131ae6a"", ""nat_6ee0ebbf185af1c7d346""]"	2	135	204.0	143	118	65	0.5508474576271186	0.9365079365079365	0.8740740740740741	0.48148148148148145	0.5185185185185186	resolved		346	32
vae_candidate_000690	66	nat_8d6274f78693091697cf	"[""nat_8d6274f78693091697cf""]"	1	70	150.0	73	63	39	0.6190476190476191	0.9545454545454546	0.9	0.5571428571428572	0.44285714285714284	resolved		346	63
vae_candidate_000691	129		[]	0											unresolved	no_reliable_reference	346	0
vae_candidate_000692	96	nat_1f956fdbc151f2ec0ffb	"[""nat_1f956fdbc151f2ec0ffb"", ""nat_a49cfe7d33cec22c3905"", ""nat_a7791ad55c70e7fd3462""]"	3	95	210.0	112	79	61	0.7721518987341772	0.8229166666666666	0.8315789473684211	0.6354166666666666	0.36458333333333337	resolved		346	149
vae_candidate_000693	107		[]	0											unresolved	no_reliable_reference	346	0
vae_candidate_000694	180	nat_25ee00a9c2b4e74f79dd	"[""nat_25ee00a9c2b4e74f79dd""]"	1	155	166.0	191	144	67	0.4652777777777778	0.8	0.9290322580645162	0.37222222222222223	0.6277777777777778	resolved		346	2
vae_candidate_000695	98		[]	0											unresolved	no_reliable_reference	346	0
vae_candidate_000696	102	nat_67dd37821af98e87666e	"[""nat_67dd37821af98e87666e""]"	1	96	393.5	102	96	84	0.875	0.9411764705882353	1.0	0.8235294117647058	0.17647058823529416	resolved		346	158
vae_candidate_000697	65		[]	0											unresolved	no_reliable_reference	346	0
vae_candidate_000698	66	nat_38a86b2caad8351d20f8	"[""nat_38a86b2caad8351d20f8"", ""nat_505ccb0a3946a89f0437"", ""nat_a1131689eff9ccc2bc1c"", ""nat_d43d1d5ec03e055dcf06"", ""nat_eccab6536bed142192aa""]"	5	70	79.5	80	56	31	0.5535714285714286	0.8484848484848485	0.8	0.44285714285714284	0.5571428571428572	resolved		346	18
vae_candidate_000699	101	nat_3d7fc725cd17cf23a73c	"[""nat_3d7fc725cd17cf23a73c"", ""nat_c7cb28cf54b6a88ff785""]"	2	97	25.5	116	82	30	0.36585365853658536	0.8118811881188119	0.845360824742268	0.297029702970297	0.7029702970297029	resolved		346	100
vae_candidate_000700	158	nat_25ee00a9c2b4e74f79dd	"[""nat_25ee00a9c2b4e74f79dd""]"	1	155	154.5	181	132	57	0.4318181818181818	0.8354430379746836	0.8516129032258064	0.36075949367088606	0.639240506329114	resolved		346	34
vae_candidate_000701	111	nat_48f4fc548c0153a5775e	"[""nat_48f4fc548c0153a5775e""]"	1	96	293.5	114	93	75	0.8064516129032258	0.8378378378378378	0.96875	0.6756756756756757	0.32432432432432434	resolved		346	124
vae_candidate_000702	99		[]	0											unresolved	no_reliable_reference	346	0
vae_candidate_000703	74	nat_1ed909a554bd91f8870f	"[""nat_1ed909a554bd91f8870f""]"	1	73	239.0	79	68	55	0.8088235294117647	0.918918918918919	0.9315068493150684	0.7432432432432432	0.2567567567567568	resolved		346	96
vae_candidate_000704	113	nat_461115b7000bfd74f566	"[""nat_461115b7000bfd74f566"", ""nat_4d4e00d31d935ed0527d"", ""nat_4e9e86277af05dbd050d"", ""nat_8d29ff35edf68fc809de"", ""nat_9fda348180c612303cdb"", ""nat_fca422d4ddd5dcd65605""]"	6	96	211.0	117	92	59	0.6413043478260869	0.8141592920353983	0.9583333333333334	0.5221238938053098	0.47787610619469023	resolved		346	115
vae_candidate_000705	180		[]	0											unresolved	no_reliable_reference	346	0
vae_candidate_000706	83	nat_1f956fdbc151f2ec0ffb	"[""nat_1f956fdbc151f2ec0ffb"", ""nat_d80e058d93177215aa4b""]"	2	95	169.5	100	78	49	0.6282051282051282	0.9397590361445783	0.8210526315789474	0.5157894736842106	0.4842105263157894	resolved		346	156
vae_candidate_000707	156		[]	0											unresolved	no_reliable_reference	346	0
vae_candidate_000708	167	nat_619107fa48650be1a768	"[""nat_619107fa48650be1a768"", ""nat_e3ae3cb5783250fb742f""]"	2	156	208.0	188	135	74	0.5481481481481482	0.8083832335329342	0.8653846153846154	0.4431137724550898	0.5568862275449102	resolved		346	80
vae_candidate_000709	177		[]	0											unresolved	no_reliable_reference	346	0
vae_candidate_000710	103	nat_dc2b0da282a1a334132b	"[""nat_dc2b0da282a1a334132b""]"	1	102	44.0	118	87	28	0.3218390804597701	0.8446601941747572	0.8529411764705882	0.27184466019417475	0.7281553398058253	resolved		346	3
vae_candidate_000711	62	nat_6b39f5a7fb6bca78b4de	"[""nat_6b39f5a7fb6bca78b4de"", ""nat_c8ff85651c16b5c02641""]"	2	68	9.0	73	57	18	0.3157894736842105	0.9193548387096774	0.8382352941176471	0.2647058823529412	0.7352941176470589	resolved		346	9
vae_candidate_000712	154	nat_9c754b1740d1977b7a29	"[""nat_9c754b1740d1977b7a29""]"	1	155	215.5	181	128	79	0.6171875	0.8311688311688312	0.8258064516129032	0.5096774193548387	0.4903225806451613	resolved		346	83
vae_candidate_000713	98	nat_0ae199fc6d044a2da135	"[""nat_0ae199fc6d044a2da135"", ""nat_67dd37821af98e87666e"", ""nat_7ee1d64f80049d71603c""]"	3	95	210.0	114	79	59	0.7468354430379747	0.8061224489795918	0.8315789473684211	0.6020408163265306	0.3979591836734694	resolved		346	100
vae_candidate_000714	70		[]	0											unresolved	no_reliable_reference	346	0
vae_candidate_000715	95	nat_c468502803b4ab5981f1	"[""nat_c468502803b4ab5981f1"", ""nat_d5d6f3cedb33fb3328b6"", ""nat_edcfcd19baadeee00eaf""]"	3	95	351.0	100	90	80	0.8888888888888888	0.9473684210526315	0.9473684210526315	0.8421052631578947	0.1578947368421053	resolved		346	184
vae_candidate_000716	72		[]	0											unresolved	no_reliable_reference	346	0
vae_candidate_000717	101	nat_86af2bea85657bdc848a	"[""nat_86af2bea85657bdc848a""]"	1	93	339.5	101	93	80	0.8602150537634409	0.9207920792079208	1.0	0.7920792079207921	0.20792079207920788	resolved		346	158
vae_candidate_000718	112	nat_4b58b860e36e01bdb682	"[""nat_4b58b860e36e01bdb682"", ""nat_7d45d6cf3df5d3d36985"", ""nat_8f3e753527c876cd94f0"", ""nat_acb38079c01f07d0de6f"", ""nat_bf5abb4d953e0d6aaa1f"", ""nat_c468502803b4ab5981f1""]"	6	95	234.5	116	91	59	0.6483516483516484	0.8125	0.9578947368421052	0.5267857142857143	0.4732142857142857	resolved		346	106
vae_candidate_000719	180		[]	0											unresolved	no_reliable_reference	346	0
vae_candidate_000720	180	nat_9c754b1740d1977b7a29	"[""nat_9c754b1740d1977b7a29"", ""nat_fb2578ea0ecaed2ea0af""]"	2	155	146.0	191	144	55	0.3819444444444444	0.8	0.9290322580645162	0.3055555555555556	0.6944444444444444	resolved		346	16
vae_candidate_000721	117	nat_4a87fc740463a61b2d05	"[""nat_4a87fc740463a61b2d05"", ""nat_b28a6bed955c267791e6""]"	2	109	168.5	125	101	52	0.5148514851485149	0.8632478632478633	0.926605504587156	0.4444444444444444	0.5555555555555556	resolved		346	4
vae_candidate_000722	77	nat_62b65b4bdaad5382b6fd	"[""nat_62b65b4bdaad5382b6fd""]"	1	76	166.0	84	69	43	0.6231884057971014	0.8961038961038961	0.9078947368421053	0.5584415584415584	0.4415584415584416	resolved		346	81
vae_candidate_000723	77	nat_f7dbe09f7bde0afd3543	"[""nat_f7dbe09f7bde0afd3543""]"	1	76	70.0	90	63	31	0.49206349206349204	0.8181818181818182	0.8289473684210527	0.4025974025974026	0.5974025974025974	resolved		346	73
vae_candidate_000724	108		[]	0											unresolved	no_reliable_reference	346	0
vae_candidate_000725	71	nat_d43d1d5ec03e055dcf06	"[""nat_d43d1d5ec03e055dcf06""]"	1	70	256.0	71	70	56	0.8	0.9859154929577465	1.0	0.7887323943661971	0.21126760563380287	resolved		346	84
vae_candidate_000726	63		[]	0											unresolved	no_reliable_reference	346	0
vae_candidate_000727	99	nat_1f7ab0dfc808b4ef03c3	"[""nat_1f7ab0dfc808b4ef03c3"", ""nat_8f3e753527c876cd94f0"", ""nat_a49cfe7d33cec22c3905"", ""nat_b5ccff48f879b7cc34ad""]"	4	95	183.5	102	92	51	0.5543478260869565	0.9292929292929293	0.968421052631579	0.5151515151515151	0.48484848484848486	resolved		346	154
vae_candidate_000728	95	nat_3beea3bf721df3e90ae2	"[""nat_3beea3bf721df3e90ae2"", ""nat_4d4e00d31d935ed0527d"", ""nat_b14dbbd56a14a6238029"", ""nat_edc787924d6392f7c1f5""]"	4	94	70.5	111	78	36	0.46153846153846156	0.8210526315789474	0.8297872340425532	0.37894736842105264	0.6210526315789473	resolved		346	69
vae_candidate_000729	80		[]	0											unresolved	no_reliable_reference	346	0
vae_candidate_000730	114	nat_c5a4c69d0879da5e6614	"[""nat_c5a4c69d0879da5e6614""]"	1	97	0.5	119	92	23	0.25	0.8070175438596491	0.9484536082474226	0.20175438596491227	0.7982456140350878	resolved		346	2
vae_candidate_000731	125	nat_dc2b0da282a1a334132b	"[""nat_dc2b0da282a1a334132b""]"	1	102	270.0	126	101	65	0.6435643564356436	0.808	0.9901960784313726	0.52	0.48	resolved		346	53
vae_candidate_000732	91		[]	0											unresolved	no_reliable_reference	346	0
vae_candidate_000733	88	nat_c8490949e18e771ed8c8	"[""nat_c8490949e18e771ed8c8""]"	1	94	234.5	99	83	59	0.7108433734939759	0.9431818181818182	0.8829787234042553	0.6276595744680851	0.37234042553191493	resolved		346	197
vae_candidate_000734	74	nat_3cc2cb889cfdbbcaa17b	"[""nat_3cc2cb889cfdbbcaa17b"", ""nat_61a382d08777524701b3"", ""nat_ac44a557fbffad89a437""]"	3	72	70.5	86	60	29	0.48333333333333334	0.8108108108108109	0.8333333333333334	0.3918918918918919	0.6081081081081081	resolved		346	40
vae_candidate_000735	65	nat_8d6274f78693091697cf	"[""nat_8d6274f78693091697cf""]"	1	70	120.0	79	56	40	0.7142857142857143	0.8615384615384616	0.8	0.5714285714285714	0.4285714285714286	resolved		346	35
vae_candidate_000736	162	nat_1cefe08dae83aa5bd96d	"[""nat_1cefe08dae83aa5bd96d""]"	1	156	219.0	186	132	74	0.5606060606060606	0.8148148148148148	0.8461538461538461	0.4567901234567901	0.5432098765432098	resolved		346	61
vae_candidate_000737	104	nat_8f3e753527c876cd94f0	"[""nat_8f3e753527c876cd94f0""]"	1	95	392.0	104	95	87	0.9157894736842105	0.9134615384615384	1.0	0.8365384615384616	0.16346153846153844	resolved		346	155
vae_candidate_000738	54		[]	0											unresolved	no_reliable_reference	346	0
vae_candidate_000739	141		[]	0											unresolved	no_reliable_reference	346	0
vae_candidate_000740	115	nat_8d5392221648a605a7c2	"[""nat_8d5392221648a605a7c2""]"	1	134	196.5	140	109	60	0.5504587155963303	0.9478260869565217	0.8134328358208955	0.44776119402985076	0.5522388059701493	resolved		346	10
vae_candidate_000741	82	nat_13dff233b6dfd04cb79c	"[""nat_13dff233b6dfd04cb79c"", ""nat_440c141d3d83ed043c33"", ""nat_49cef355c6ba3187ae5c"", ""nat_cac8cf4903b24e69aca8""]"	4	76	3.0	91	67	21	0.31343283582089554	0.8170731707317073	0.881578947368421	0.25609756097560976	0.7439024390243902	resolved		346	23
vae_candidate_000742	50		[]	0											unresolved	no_reliable_reference	346	0
vae_candidate_000743	140	nat_9c7fbca4e03cd6830bf2	"[""nat_9c7fbca4e03cd6830bf2""]"	1	146	294.0	168	118	84	0.711864406779661	0.8428571428571429	0.8082191780821918	0.5753424657534246	0.4246575342465754	resolved		346	66
vae_candidate_000744	95	nat_67dd37821af98e87666e	"[""nat_67dd37821af98e87666e""]"	1	96	212.0	112	79	59	0.7468354430379747	0.8315789473684211	0.8229166666666666	0.6145833333333334	0.38541666666666663	resolved		346	171
vae_candidate_000745	119	nat_833a1708482ad34125e2	"[""nat_833a1708482ad34125e2""]"	1	98	229.0	121	96	60	0.625	0.8067226890756303	0.9795918367346939	0.5042016806722689	0.4957983193277311	resolved		346	28
vae_candidate_000746	130	nat_c74d6e1106797b3a3d0f	"[""nat_c74d6e1106797b3a3d0f""]"	1	133	157.0	156	107	49	0.45794392523364486	0.823076923076923	0.8045112781954887	0.3684210526315789	0.631578947368421	resolved		346	1
vae_candidate_000747	106	nat_4b58b860e36e01bdb682	"[""nat_4b58b860e36e01bdb682"", ""nat_8f3e753527c876cd94f0""]"	2	95	350.5	111	90	82	0.9111111111111111	0.8490566037735849	0.9473684210526315	0.7735849056603774	0.2264150943396226	resolved		346	144
vae_candidate_000748	140	nat_45d8bf8bea0b0845fea0	"[""nat_45d8bf8bea0b0845fea0""]"	1	139	222.5	160	119	69	0.5798319327731093	0.85	0.8561151079136691	0.4928571428571429	0.5071428571428571	resolved		346	48
vae_candidate_000749	84	nat_38cb7bda240a833d36b3	"[""nat_38cb7bda240a833d36b3""]"	1	95	96.0	101	78	35	0.44871794871794873	0.9285714285714286	0.8210526315789474	0.3684210526315789	0.631578947368421	resolved		346	122
vae_candidate_000750	98	nat_0101bc590c89813c161a	"[""nat_0101bc590c89813c161a"", ""nat_05d62502987d9405b8af"", ""nat_4482775e0979509e45d2"", ""nat_4b58b860e36e01bdb682"", ""nat_8f3e753527c876cd94f0"", ""nat_9ca97034ea4d97950343"", ""nat_a9c10692b45d32f772b4"", ""nat_c468502803b4ab5981f1""]"	8	94	410.0	98	94	87	0.925531914893617	0.9591836734693877	1.0	0.8877551020408163	0.11224489795918369	resolved		346	159
vae_candidate_000751	180		[]	0											unresolved	no_reliable_reference	346	0
vae_candidate_000752	93	nat_ccd25408209dd226eaf9	"[""nat_ccd25408209dd226eaf9""]"	1	94	344.5	95	92	75	0.8152173913043478	0.989247311827957	0.9787234042553191	0.7978723404255319	0.2021276595744681	resolved		346	186
vae_candidate_000753	127	nat_d57269e318a762146774	"[""nat_d57269e318a762146774""]"	1	137	101.0	153	111	48	0.43243243243243246	0.8740157480314961	0.8102189781021898	0.35036496350364965	0.6496350364963503	resolved		346	9
vae_candidate_000754	103	nat_84eddb9c9ecca10afd5a	"[""nat_84eddb9c9ecca10afd5a""]"	1	99	27.0	117	85	29	0.3411764705882353	0.8252427184466019	0.8585858585858586	0.2815533980582524	0.7184466019417476	resolved		346	6
vae_candidate_000755	123	nat_4469cb3e6c41fb1309a3	"[""nat_4469cb3e6c41fb1309a3""]"	1	148	176.5	151	120	53	0.44166666666666665	0.975609756097561	0.8108108108108109	0.3581081081081081	0.6418918918918919	resolved		346	11
vae_candidate_000756	159	nat_82d1db25aa951a1ad609	"[""nat_82d1db25aa951a1ad609"", ""nat_945d9af2ef988f085e3c"", ""nat_be1dac504153ecab385d""]"	3	159	230.5	183	135	75	0.5555555555555556	0.8490566037735849	0.8490566037735849	0.4716981132075472	0.5283018867924528	resolved		346	69
vae_candidate_000757	124	nat_9fd0842a53e077dc147a	"[""nat_9fd0842a53e077dc147a""]"	1	111	182.0	134	101	51	0.504950495049505	0.8145161290322581	0.9099099099099099	0.4112903225806452	0.5887096774193548	resolved		346	1
vae_candidate_000758	96	nat_729a9790a662e92ab379	"[""nat_729a9790a662e92ab379""]"	1	96	175.0	102	90	48	0.5333333333333333	0.9375	0.9375	0.5	0.5	resolved		346	159
vae_candidate_000759	91	nat_81de2b78d291d512c1e2	"[""nat_81de2b78d291d512c1e2""]"	1	92	63.5	109	74	30	0.40540540540540543	0.8131868131868132	0.8043478260869565	0.32608695652173914	0.6739130434782609	resolved		346	17
vae_candidate_000760	144	nat_5c045ab07969cb21b0ad	"[""nat_5c045ab07969cb21b0ad""]"	1	142	65.0	169	117	43	0.36752136752136755	0.8125	0.823943661971831	0.2986111111111111	0.7013888888888888	resolved		346	7
vae_candidate_000761	96	nat_4cea385a8794a0b112c3	"[""nat_4cea385a8794a0b112c3"", ""nat_4e9e86277af05dbd050d""]"	2	94	22.0	112	78	26	0.3333333333333333	0.8125	0.8297872340425532	0.2708333333333333	0.7291666666666667	resolved		346	5
vae_candidate_000762	116	nat_c74d6e1106797b3a3d0f	"[""nat_c74d6e1106797b3a3d0f""]"	1	133	43.0	140	109	39	0.3577981651376147	0.9396551724137931	0.8195488721804511	0.2932330827067669	0.7067669172932332	resolved		346	2
vae_candidate_000763	149		[]	0											unresolved	no_reliable_reference	346	0
vae_candidate_000764	164	nat_ae1ae553d673be7a537f	"[""nat_ae1ae553d673be7a537f""]"	1	157	279.0	184	137	83	0.6058394160583942	0.8353658536585366	0.8726114649681529	0.5060975609756098	0.49390243902439024	resolved		346	88
vae_candidate_000765	139		[]	0											unresolved	no_reliable_reference	346	0
vae_candidate_000766	105	nat_4a87fc740463a61b2d05	"[""nat_4a87fc740463a61b2d05""]"	1	109	9.0	121	93	25	0.26881720430107525	0.8857142857142857	0.8532110091743119	0.22935779816513763	0.7706422018348624	resolved		346	7
vae_candidate_000767	115	nat_0101bc590c89813c161a	"[""nat_0101bc590c89813c161a"", ""nat_4482775e0979509e45d2"", ""nat_48f4fc548c0153a5775e"", ""nat_49d3875a5ef4bbb644f9"", ""nat_4b58b860e36e01bdb682"", ""nat_842bc418f0682cd2a9c8"", ""nat_a8908cb0d732ddf5c6d4""]"	7	94	295.0	115	94	69	0.7340425531914894	0.8173913043478261	1.0	0.6	0.4	resolved		346	79
vae_candidate_000768	74	nat_49cef355c6ba3187ae5c	"[""nat_49cef355c6ba3187ae5c""]"	1	76	135.5	87	63	37	0.5873015873015873	0.8513513513513513	0.8289473684210527	0.4868421052631579	0.513157894736842	resolved		346	52
vae_candidate_000769	108		[]	0											unresolved	no_reliable_reference	346	0
vae_candidate_000770	71	nat_49cef355c6ba3187ae5c	"[""nat_49cef355c6ba3187ae5c""]"	1	76	6.0	85	62	18	0.2903225806451613	0.8732394366197183	0.8157894736842105	0.23684210526315788	0.7631578947368421	resolved		346	2
vae_candidate_000771	138	nat_43e7561c7d05facf2895	"[""nat_43e7561c7d05facf2895""]"	1	140	39.5	160	118	40	0.3389830508474576	0.855072463768116	0.8428571428571429	0.2857142857142857	0.7142857142857143	resolved		346	80
vae_candidate_000772	98	nat_0101bc590c89813c161a	"[""nat_0101bc590c89813c161a"", ""nat_4482775e0979509e45d2"", ""nat_4b58b860e36e01bdb682""]"	3	94	380.0	101	91	88	0.967032967032967	0.9285714285714286	0.9680851063829787	0.8979591836734694	0.10204081632653061	resolved		346	159
vae_candidate_000773	140	nat_55802cc1c7918b91c298	"[""nat_55802cc1c7918b91c298""]"	1	139	161.0	157	122	54	0.4426229508196721	0.8714285714285714	0.8776978417266187	0.38571428571428573	0.6142857142857143	resolved		346	39
vae_candidate_000774	62	nat_2708b2500f3eefced6c0	"[""nat_2708b2500f3eefced6c0""]"	1	69	22.5	69	62	17	0.27419354838709675	1.0	0.8985507246376812	0.2463768115942029	0.7536231884057971	resolved		346	1
vae_candidate_000775	74	nat_1ed909a554bd91f8870f	"[""nat_1ed909a554bd91f8870f"", ""nat_ea5746ec582bf06f4e03""]"	2	73	207.0	77	70	47	0.6714285714285714	0.9459459459459459	0.958904109589041	0.6351351351351351	0.3648648648648649	resolved		346	100
vae_candidate_000776	136	nat_d5cf1fda20a7d9852de3	"[""nat_d5cf1fda20a7d9852de3""]"	1	137	36.0	163	110	42	0.38181818181818183	0.8088235294117647	0.8029197080291971	0.30656934306569344	0.6934306569343065	resolved		346	7
vae_candidate_000777	97		[]	0											unresolved	no_reliable_reference	346	0
vae_candidate_000778	170	nat_1f2decc9d9629b127278	"[""nat_1f2decc9d9629b127278""]"	1	158	48.5	190	138	51	0.3695652173913043	0.8117647058823529	0.8734177215189873	0.3	0.7	resolved		346	19
vae_candidate_000779	120	nat_d57269e318a762146774	"[""nat_d57269e318a762146774""]"	1	137	197.5	146	111	67	0.6036036036036037	0.925	0.8102189781021898	0.48905109489051096	0.5109489051094891	resolved		346	36
vae_candidate_000780	89	nat_a36a3359d46f89a3e9c6	"[""nat_a36a3359d46f89a3e9c6""]"	1	93	373.0	94	88	86	0.9772727272727273	0.9887640449438202	0.946236559139785	0.9247311827956989	0.07526881720430112	resolved		346	191
vae_candidate_000781	82	nat_b9d147aeaac9ffa9d0f3	"[""nat_b9d147aeaac9ffa9d0f3""]"	1	87	35.0	93	76	29	0.3815789473684211	0.926829268292683	0.8735632183908046	0.3333333333333333	0.6666666666666667	resolved		346	66
vae_candidate_000782	164	nat_158c0216b95ce3304bfe	"[""nat_158c0216b95ce3304bfe""]"	1	156	90.0	188	132	51	0.38636363636363635	0.8048780487804879	0.8461538461538461	0.31097560975609756	0.6890243902439024	resolved		346	2
vae_candidate_000783	82	nat_340bf83afc765d1b00fd	"[""nat_340bf83afc765d1b00fd""]"	1	78	24.0	92	68	26	0.38235294117647056	0.8292682926829268	0.8717948717948718	0.3170731707317073	0.6829268292682926	resolved		346	12
vae_candidate_000784	134		[]	0											unresolved	no_reliable_reference	346	0
vae_candidate_000785	115	nat_57c2b381c8bb4035d01c	"[""nat_57c2b381c8bb4035d01c""]"	1	133	229.0	137	111	69	0.6216216216216216	0.9652173913043478	0.8345864661654135	0.518796992481203	0.48120300751879697	resolved		346	27
vae_candidate_000786	106	nat_461115b7000bfd74f566	"[""nat_461115b7000bfd74f566""]"	1	96	230.5	115	87	62	0.7126436781609196	0.8207547169811321	0.90625	0.5849056603773585	0.41509433962264153	resolved		346	134
vae_candidate_000787	90	nat_62bc5089576517d5fad1	"[""nat_62bc5089576517d5fad1"", ""nat_b9de124a92fba0281b06""]"	2	93	12.0	103	80	20	0.25	0.8888888888888888	0.8602150537634409	0.21505376344086022	0.7849462365591398	resolved		346	10
vae_candidate_000788	82	nat_f5db5c4704d592f947d9	"[""nat_f5db5c4704d592f947d9""]"	1	82	196.5	91	73	54	0.7397260273972602	0.8902439024390244	0.8902439024390244	0.6585365853658537	0.3414634146341463	resolved		346	190
vae_candidate_000789	115	nat_a8908cb0d732ddf5c6d4	"[""nat_a8908cb0d732ddf5c6d4"", ""nat_dbcea97f4e8354ba3556""]"	2	96	40.0	118	93	31	0.3333333333333333	0.808695652173913	0.96875	0.26956521739130435	0.7304347826086957	resolved		346	47
vae_candidate_000790	105	nat_38cb7bda240a833d36b3	"[""nat_38cb7bda240a833d36b3""]"	1	95	184.0	114	86	55	0.6395348837209303	0.819047619047619	0.9052631578947369	0.5238095238095238	0.47619047619047616	resolved		346	32
vae_candidate_000791	99	nat_1564401f2a553c444667	"[""nat_1564401f2a553c444667"", ""nat_69442765a7e1224b0435""]"	2	96	67.0	113	82	34	0.4146341463414634	0.8282828282828283	0.8541666666666666	0.3434343434343434	0.6565656565656566	resolved		346	52
vae_candidate_000792	74	nat_ea5746ec582bf06f4e03	"[""nat_ea5746ec582bf06f4e03""]"	1	72	259.0	76	70	61	0.8714285714285714	0.9459459459459459	0.9722222222222222	0.8243243243243243	0.17567567567567566	resolved		346	101
vae_candidate_000793	71	nat_ea5746ec582bf06f4e03	"[""nat_ea5746ec582bf06f4e03""]"	1	72	264.5	77	66	57	0.8636363636363636	0.9295774647887324	0.9166666666666666	0.7916666666666666	0.20833333333333337	resolved		346	78
vae_candidate_000794	100	nat_c8490949e18e771ed8c8	"[""nat_c8490949e18e771ed8c8"", ""nat_d80e058d93177215aa4b""]"	2	94	289.5	108	86	73	0.8488372093023255	0.86	0.9148936170212766	0.73	0.27	resolved		346	157
vae_candidate_000795	102	nat_004ac783975534947324	"[""nat_004ac783975534947324""]"	1	94	173.0	112	84	50	0.5952380952380952	0.8235294117647058	0.8936170212765957	0.49019607843137253	0.5098039215686274	resolved		346	3
vae_candidate_000796	120	nat_942bc0624c6f9016a403	"[""nat_942bc0624c6f9016a403""]"	1	135	88.0	144	111	36	0.32432432432432434	0.925	0.8222222222222222	0.26666666666666666	0.7333333333333334	resolved		346	3
vae_candidate_000797	107	nat_dc6aa26cbe06c32b68c2	"[""nat_dc6aa26cbe06c32b68c2""]"	1	94	361.5	112	89	83	0.9325842696629213	0.8317757009345794	0.9468085106382979	0.7757009345794392	0.22429906542056077	resolved		346	124
vae_candidate_000798	95	nat_92d7d81f95603487cd9c	"[""nat_92d7d81f95603487cd9c""]"	1	95	162.0	108	82	53	0.6463414634146342	0.8631578947368421	0.8631578947368421	0.5578947368421052	0.4421052631578948	resolved		346	172
vae_candidate_000799	91	nat_4cea385a8794a0b112c3	"[""nat_4cea385a8794a0b112c3"", ""nat_4e9e86277af05dbd050d""]"	2	94	255.5	105	80	66	0.825	0.8791208791208791	0.851063829787234	0.7021276595744681	0.2978723404255319	resolved		346	184
vae_candidate_000800	73	nat_1ed909a554bd91f8870f	"[""nat_1ed909a554bd91f8870f"", ""nat_ea5746ec582bf06f4e03""]"	2	73	218.0	74	72	49	0.6805555555555556	0.9863013698630136	0.9863013698630136	0.6712328767123288	0.3287671232876712	resolved		346	102
vae_candidate_000801	127	nat_8bfb3056e00dc3525ee8	"[""nat_8bfb3056e00dc3525ee8""]"	1	145	236.5	155	117	72	0.6153846153846154	0.9212598425196851	0.8068965517241379	0.496551724137931	0.503448275862069	resolved		346	49
vae_candidate_000802	56		[]	0											unresolved	no_reliable_reference	346	0
vae_candidate_000803	90	nat_2dee131e85e06a8f9fdd	"[""nat_2dee131e85e06a8f9fdd"", ""nat_7801d96d034213cf08c8"", ""nat_873dfd59523575571c0b""]"	3	76	88.0	93	73	33	0.4520547945205479	0.8111111111111111	0.9605263157894737	0.36666666666666664	0.6333333333333333	resolved		346	39
vae_candidate_000804	63	nat_b3561a1e0242e2259486	"[""nat_b3561a1e0242e2259486"", ""nat_ede685c8031e89299cf7""]"	2	76	126.5	77	62	36	0.5806451612903226	0.9841269841269841	0.8157894736842105	0.47368421052631576	0.5263157894736843	resolved		346	9
vae_candidate_000805	170	nat_0eb236c2a0a999a958fc	"[""nat_0eb236c2a0a999a958fc"", ""nat_3997c1e8cae542beb07c"", ""nat_619107fa48650be1a768"", ""nat_67d45ce3d0daa27e3aa3"", ""nat_82d1db25aa951a1ad609"", ""nat_f5d47642f8821cca8f9a""]"	6	156	310.0	190	136	83	0.6102941176470589	0.8	0.8717948717948718	0.48823529411764705	0.5117647058823529	resolved		346	34
vae_candidate_000806	76		[]	0											unresolved	no_reliable_reference	346	0
vae_candidate_000807	180	nat_ae1ae553d673be7a537f	"[""nat_ae1ae553d673be7a537f""]"	1	157	293.0	185	152	85	0.5592105263157895	0.8444444444444444	0.9681528662420382	0.4722222222222222	0.5277777777777778	resolved		346	77
vae_candidate_000808	60	nat_39cf0fd21702af1ff2b1	"[""nat_39cf0fd21702af1ff2b1""]"	1	69	116.5	72	57	37	0.6491228070175439	0.95	0.8260869565217391	0.5362318840579711	0.46376811594202894	resolved		346	20
vae_candidate_000809	81	nat_1ed909a554bd91f8870f	"[""nat_1ed909a554bd91f8870f"", ""nat_9f8db13e803cecc901b7""]"	2	73	223.5	89	65	54	0.8307692307692308	0.8024691358024691	0.8904109589041096	0.6666666666666666	0.33333333333333337	resolved		346	70
vae_candidate_000810	128	nat_8bfb3056e00dc3525ee8	"[""nat_8bfb3056e00dc3525ee8""]"	1	145	279.5	156	117	80	0.6837606837606838	0.9140625	0.8068965517241379	0.5517241379310345	0.4482758620689655	resolved		346	13
vae_candidate_000811	68	nat_ea5746ec582bf06f4e03	"[""nat_ea5746ec582bf06f4e03""]"	1	72	194.5	75	65	49	0.7538461538461538	0.9558823529411765	0.9027777777777778	0.6805555555555556	0.3194444444444444	resolved		346	70
vae_candidate_000812	107	nat_86af2bea85657bdc848a	"[""nat_86af2bea85657bdc848a"", ""nat_d92cb9dcfcf48b731b50""]"	2	93	313.5	113	87	74	0.8505747126436781	0.8130841121495327	0.9354838709677419	0.6915887850467289	0.30841121495327106	resolved		346	144
vae_candidate_000813	180		[]	0											unresolved	no_reliable_reference	346	0
vae_candidate_000814	155	nat_945d9af2ef988f085e3c	"[""nat_945d9af2ef988f085e3c""]"	1	151	265.5	182	124	81	0.6532258064516129	0.8	0.8211920529801324	0.5225806451612903	0.4774193548387097	resolved		346	11
vae_candidate_000815	106	nat_fb877ea45a36f28c6227	"[""nat_fb877ea45a36f28c6227""]"	1	87	180.0	106	87	49	0.5632183908045977	0.8207547169811321	1.0	0.46226415094339623	0.5377358490566038	resolved		346	11
vae_candidate_000816	177	nat_754029d7fdddcf0dda8b	"[""nat_754029d7fdddcf0dda8b"", ""nat_fb63ecbac61c302167f9""]"	2	147	191.0	182	142	58	0.4084507042253521	0.8022598870056498	0.9659863945578231	0.327683615819209	0.672316384180791	resolved		346	2
vae_candidate_000817	98	nat_0077c6cbf903d0b80137	"[""nat_0077c6cbf903d0b80137"", ""nat_1564401f2a553c444667"", ""nat_1aef09f774a1818b7e24"", ""nat_842bc418f0682cd2a9c8"", ""nat_a49cfe7d33cec22c3905"", ""nat_a7791ad55c70e7fd3462"", ""nat_fca422d4ddd5dcd65605""]"	7	96	204.5	103	91	53	0.5824175824175825	0.9285714285714286	0.9479166666666666	0.5408163265306123	0.4591836734693877	resolved		346	157
vae_candidate_000818	94	nat_144165ea4d3ea8a64b2e	"[""nat_144165ea4d3ea8a64b2e""]"	1	95	227.0	112	77	55	0.7142857142857143	0.8191489361702128	0.8105263157894737	0.5789473684210527	0.42105263157894735	resolved		346	94
vae_candidate_000819	77	nat_27cf1e5aac6ec3dd931d	"[""nat_27cf1e5aac6ec3dd931d""]"	1	76	229.0	81	72	56	0.7777777777777778	0.935064935064935	0.9473684210526315	0.7272727272727273	0.2727272727272727	resolved		346	169
vae_candidate_000820	53		[]	0											unresolved	no_reliable_reference	346	0
vae_candidate_000821	135		[]	0											unresolved	no_reliable_reference	346	0
vae_candidate_000822	113	nat_842bc418f0682cd2a9c8	"[""nat_842bc418f0682cd2a9c8"", ""nat_a7791ad55c70e7fd3462"", ""nat_c8490949e18e771ed8c8""]"	3	95	358.5	114	94	83	0.8829787234042553	0.831858407079646	0.9894736842105263	0.7345132743362832	0.2654867256637168	resolved		346	116
vae_candidate_000823	59	nat_8d6274f78693091697cf	"[""nat_8d6274f78693091697cf""]"	1	70	65.0	73	56	27	0.48214285714285715	0.9491525423728814	0.8	0.38571428571428573	0.6142857142857143	resolved		346	10
vae_candidate_000824	63		[]	0											unresolved	no_reliable_reference	346	0
vae_candidate_000825	122		[]	0											unresolved	no_reliable_reference	346	0
vae_candidate_000826	51		[]	0											unresolved	no_reliable_reference	346	0
vae_candidate_000827	97	nat_49d3875a5ef4bbb644f9	"[""nat_49d3875a5ef4bbb644f9"", ""nat_69442765a7e1224b0435"", ""nat_d1b057f953bd558c0457"", ""nat_dad443e0412ef646de5e""]"	4	95	93.0	114	78	42	0.5384615384615384	0.8041237113402062	0.8210526315789474	0.4329896907216495	0.5670103092783505	resolved		346	13
vae_candidate_000828	105	nat_4d722634e257d2a7d133	"[""nat_4d722634e257d2a7d133""]"	1	95	227.5	108	92	59	0.6413043478260869	0.8761904761904762	0.968421052631579	0.5619047619047619	0.4380952380952381	resolved		346	147
vae_candidate_000829	109		[]	0											unresolved	no_reliable_reference	346	0
vae_candidate_000830	70	nat_1ed909a554bd91f8870f	"[""nat_1ed909a554bd91f8870f""]"	1	73	225.0	77	66	50	0.7575757575757576	0.9428571428571428	0.9041095890410958	0.684931506849315	0.31506849315068497	resolved		346	78
vae_candidate_000831	59		[]	0											unresolved	no_reliable_reference	346	0
vae_candidate_000832	61	nat_39cf0fd21702af1ff2b1	"[""nat_39cf0fd21702af1ff2b1""]"	1	69	10.5	73	57	18	0.3157894736842105	0.9344262295081968	0.8260869565217391	0.2608695652173913	0.7391304347826086	resolved		346	12
vae_candidate_000833	163		[]	0											unresolved	no_reliable_reference	346	0
vae_candidate_000834	117	nat_4a87fc740463a61b2d05	"[""nat_4a87fc740463a61b2d05"", ""nat_9fd0842a53e077dc147a"", ""nat_b28a6bed955c267791e6""]"	3	109	195.5	121	105	53	0.5047619047619047	0.8974358974358975	0.963302752293578	0.452991452991453	0.5470085470085471	resolved		346	7
vae_candidate_000835	87	nat_0a6194eed91a047cb43e	"[""nat_0a6194eed91a047cb43e""]"	1	84	164.5	98	73	43	0.589041095890411	0.8390804597701149	0.8690476190476191	0.4942528735632184	0.5057471264367817	resolved		346	107
vae_candidate_000836	90	nat_73e0b5aa88a198c56cae	"[""nat_73e0b5aa88a198c56cae""]"	1	87	307.0	91	86	69	0.8023255813953488	0.9555555555555556	0.9885057471264368	0.7666666666666667	0.23333333333333328	resolved		346	195
vae_candidate_000837	108		[]	0											unresolved	no_reliable_reference	346	0
vae_candidate_000838	86	nat_b14dbbd56a14a6238029	"[""nat_b14dbbd56a14a6238029""]"	1	93	253.0	98	81	66	0.8148148148148148	0.9418604651162791	0.8709677419354839	0.7096774193548387	0.29032258064516125	resolved		346	207
vae_candidate_000839	99	nat_a8908cb0d732ddf5c6d4	"[""nat_a8908cb0d732ddf5c6d4""]"	1	96	393.5	100	95	86	0.9052631578947369	0.9595959595959596	0.9895833333333334	0.8686868686868687	0.13131313131313127	resolved		346	157
vae_candidate_000840	146	nat_4469cb3e6c41fb1309a3	"[""nat_4469cb3e6c41fb1309a3""]"	1	148	189.5	171	123	66	0.5365853658536586	0.8424657534246576	0.831081081081081	0.44594594594594594	0.5540540540540541	resolved		346	86
vae_candidate_000841	95	nat_8189ed3c9ac18707f549	"[""nat_8189ed3c9ac18707f549"", ""nat_9ba949b2aab9e2be6898"", ""nat_9ca97034ea4d97950343"", ""nat_a49cfe7d33cec22c3905"", ""nat_a9c10692b45d32f772b4"", ""nat_c468502803b4ab5981f1""]"	6	94	397.0	96	93	88	0.946236559139785	0.9789473684210527	0.9893617021276596	0.9263157894736842	0.0736842105263158	resolved		346	174
vae_candidate_000842	112	nat_dc2b0da282a1a334132b	"[""nat_dc2b0da282a1a334132b""]"	1	102	24.0	120	94	27	0.2872340425531915	0.8392857142857143	0.9215686274509803	0.24107142857142858	0.7589285714285714	resolved		346	18
vae_candidate_000843	94	nat_6681febe116459c77b18	"[""nat_6681febe116459c77b18"", ""nat_86af2bea85657bdc848a"", ""nat_c8490949e18e771ed8c8"", ""nat_ccd25408209dd226eaf9"", ""nat_dc6aa26cbe06c32b68c2""]"	5	94	341.0	95	93	75	0.8064516129032258	0.9893617021276596	0.9893617021276596	0.7978723404255319	0.2021276595744681	resolved		346	182
vae_candidate_000844	124		[]	0											unresolved	no_reliable_reference	346	0
vae_candidate_000845	127	nat_c74d6e1106797b3a3d0f	"[""nat_c74d6e1106797b3a3d0f""]"	1	133	234.0	153	107	71	0.6635514018691588	0.84251968503937	0.8045112781954887	0.5338345864661654	0.46616541353383456	resolved		346	7
vae_candidate_000846	86	nat_78005b3dddedd0251b7e	"[""nat_78005b3dddedd0251b7e"", ""nat_9fda348180c612303cdb"", ""nat_a49cfe7d33cec22c3905""]"	3	95	363.5	96	85	78	0.9176470588235294	0.9883720930232558	0.8947368421052632	0.8210526315789474	0.17894736842105263	resolved		346	153
vae_candidate_000847	141	nat_6ee0ebbf185af1c7d346	"[""nat_6ee0ebbf185af1c7d346""]"	1	135	204.5	152	124	59	0.47580645161290325	0.8794326241134752	0.9185185185185185	0.41843971631205673	0.5815602836879432	resolved		346	49
vae_candidate_000848	120	nat_8bfb3056e00dc3525ee8	"[""nat_8bfb3056e00dc3525ee8""]"	1	145	119.5	148	117	48	0.41025641025641024	0.975	0.8068965517241379	0.3310344827586207	0.6689655172413793	resolved		346	18
vae_candidate_000849	159	nat_31b4ab378929e0c134fa	"[""nat_31b4ab378929e0c134fa""]"	1	155	239.5	182	132	78	0.5909090909090909	0.8301886792452831	0.8516129032258064	0.49056603773584906	0.5094339622641509	resolved		346	93
vae_candidate_000850	136	nat_8d5392221648a605a7c2	"[""nat_8d5392221648a605a7c2""]"	1	134	255.5	153	117	75	0.6410256410256411	0.8602941176470589	0.8731343283582089	0.5514705882352942	0.44852941176470584	resolved		346	56
vae_candidate_000851	101	nat_833a1708482ad34125e2	"[""nat_833a1708482ad34125e2""]"	1	98	219.0	117	82	59	0.7195121951219512	0.8118811881188119	0.8367346938775511	0.5841584158415841	0.4158415841584159	resolved		346	5
vae_candidate_000852	81	nat_262acad32bf64e600812	"[""nat_262acad32bf64e600812""]"	1	75	1.5	89	67	22	0.3283582089552239	0.8271604938271605	0.8933333333333333	0.2716049382716049	0.7283950617283951	resolved		346	2
vae_candidate_000853	120	nat_2b769a64bdbe24f6dbc7	"[""nat_2b769a64bdbe24f6dbc7""]"	1	147	5.5	149	118	32	0.2711864406779661	0.9833333333333333	0.8027210884353742	0.21768707482993196	0.782312925170068	resolved		346	2
vae_candidate_000854	109	nat_1f956fdbc151f2ec0ffb	"[""nat_1f956fdbc151f2ec0ffb"", ""nat_7ee1d64f80049d71603c""]"	2	95	306.0	113	91	76	0.8351648351648352	0.8348623853211009	0.9578947368421052	0.6972477064220184	0.3027522935779816	resolved		346	122
vae_candidate_000855	180		[]	0											unresolved	no_reliable_reference	346	0
vae_candidate_000856	60	nat_8d6274f78693091697cf	"[""nat_8d6274f78693091697cf""]"	1	70	80.0	74	56	33	0.5892857142857143	0.9333333333333333	0.8	0.4714285714285714	0.5285714285714286	resolved		346	11
vae_candidate_000857	92	nat_c8490949e18e771ed8c8	"[""nat_c8490949e18e771ed8c8""]"	1	94	403.0	94	92	88	0.9565217391304348	1.0	0.9787234042553191	0.9361702127659575	0.06382978723404253	resolved		346	189
vae_candidate_000858	134	nat_942bc0624c6f9016a403	"[""nat_942bc0624c6f9016a403""]"	1	135	227.5	151	118	68	0.576271186440678	0.8805970149253731	0.8740740740740741	0.5037037037037037	0.49629629629629635	resolved		346	40
vae_candidate_000859	133	nat_45b0f1ea69baf732de14	"[""nat_45b0f1ea69baf732de14""]"	1	147	268.5	157	123	74	0.6016260162601627	0.924812030075188	0.8367346938775511	0.5034013605442177	0.4965986394557823	resolved		346	75
vae_candidate_000860	170	nat_fb2578ea0ecaed2ea0af	"[""nat_fb2578ea0ecaed2ea0af""]"	1	157	202.0	188	139	64	0.460431654676259	0.8176470588235294	0.8853503184713376	0.3764705882352941	0.6235294117647059	resolved		346	68
vae_candidate_000861	119	nat_dc2b0da282a1a334132b	"[""nat_dc2b0da282a1a334132b""]"	1	102	83.0	124	97	33	0.3402061855670103	0.8151260504201681	0.9509803921568627	0.2773109243697479	0.7226890756302521	resolved		346	1
vae_candidate_000862	56		[]	0											unresolved	no_reliable_reference	346	0
vae_candidate_000863	142	nat_db787bdce100ebe0b52f	"[""nat_db787bdce100ebe0b52f""]"	1	137	121.5	165	114	54	0.47368421052631576	0.8028169014084507	0.8321167883211679	0.38028169014084506	0.619718309859155	resolved		346	11
vae_candidate_000864	139	nat_d5cf1fda20a7d9852de3	"[""nat_d5cf1fda20a7d9852de3""]"	1	137	239.5	153	123	70	0.5691056910569106	0.8848920863309353	0.8978102189781022	0.5035971223021583	0.49640287769784175	resolved		346	118
vae_candidate_000865	53		[]	0											unresolved	no_reliable_reference	346	0
vae_candidate_000866	108	nat_30c8db5b2a48ec02340b	"[""nat_30c8db5b2a48ec02340b"", ""nat_7ee1d64f80049d71603c""]"	2	94	82.5	114	88	40	0.45454545454545453	0.8148148148148148	0.9361702127659575	0.37037037037037035	0.6296296296296297	resolved		346	35
vae_candidate_000867	72		[]	0											unresolved	no_reliable_reference	346	0
vae_candidate_000868	103	nat_dc2b0da282a1a334132b	"[""nat_dc2b0da282a1a334132b""]"	1	102	133.0	122	83	44	0.5301204819277109	0.8058252427184466	0.8137254901960784	0.42718446601941745	0.5728155339805825	resolved		346	1
vae_candidate_000869	97		[]	0											unresolved	no_reliable_reference	346	0
vae_candidate_000870	112	nat_69442765a7e1224b0435	"[""nat_69442765a7e1224b0435"", ""nat_fa2383cbfbff83286c61"", ""nat_fca422d4ddd5dcd65605""]"	3	96	28.0	118	90	28	0.3111111111111111	0.8035714285714286	0.9375	0.25	0.75	resolved		346	7
vae_candidate_000871	75	nat_b3561a1e0242e2259486	"[""nat_b3561a1e0242e2259486""]"	1	76	2.0	86	65	19	0.2923076923076923	0.8666666666666667	0.8552631578947368	0.25	0.75	resolved		346	4
vae_candidate_000872	71	nat_8d6274f78693091697cf	"[""nat_8d6274f78693091697cf""]"	1	70	190.5	76	65	45	0.6923076923076923	0.9154929577464789	0.9285714285714286	0.6338028169014085	0.3661971830985915	resolved		346	90
vae_candidate_000873	68		[]	0											unresolved	no_reliable_reference	346	0
vae_candidate_000874	90	nat_ccd25408209dd226eaf9	"[""nat_ccd25408209dd226eaf9""]"	1	94	188.0	106	78	55	0.7051282051282052	0.8666666666666667	0.8297872340425532	0.5851063829787234	0.4148936170212766	resolved		346	169
vae_candidate_000875	94	nat_9ba949b2aab9e2be6898	"[""nat_9ba949b2aab9e2be6898""]"	1	95	94.5	108	81	45	0.5555555555555556	0.8617021276595744	0.8526315789473684	0.47368421052631576	0.5263157894736843	resolved		346	132
vae_candidate_000876	82	nat_168a7720be25950ce7a5	"[""nat_168a7720be25950ce7a5""]"	1	94	290.5	94	82	66	0.8048780487804879	1.0	0.8723404255319149	0.7021276595744681	0.2978723404255319	resolved		346	219
vae_candidate_000877	66	nat_39cf0fd21702af1ff2b1	"[""nat_39cf0fd21702af1ff2b1""]"	1	69	74.5	78	57	27	0.47368421052631576	0.8636363636363636	0.8260869565217391	0.391304347826087	0.6086956521739131	resolved		346	28
vae_candidate_000878	69	nat_440c141d3d83ed043c33	"[""nat_440c141d3d83ed043c33"", ""nat_49cef355c6ba3187ae5c""]"	2	76	43.5	77	68	24	0.35294117647058826	0.9855072463768116	0.8947368421052632	0.3157894736842105	0.6842105263157895	resolved		346	48
vae_candidate_000879	74	nat_73e0b5aa88a198c56cae	"[""nat_73e0b5aa88a198c56cae""]"	1	87	48.0	88	73	25	0.3424657534246575	0.9864864864864865	0.8390804597701149	0.28735632183908044	0.7126436781609196	resolved		346	22
vae_candidate_000880	130	nat_4b655799ef9e19953b56	"[""nat_4b655799ef9e19953b56""]"	1	133	51.5	151	112	42	0.375	0.8615384615384616	0.8421052631578947	0.3157894736842105	0.6842105263157895	resolved		346	1
vae_candidate_000881	111	nat_dc2b0da282a1a334132b	"[""nat_dc2b0da282a1a334132b""]"	1	102	165.0	117	96	46	0.4791666666666667	0.8648648648648649	0.9411764705882353	0.4144144144144144	0.5855855855855856	resolved		346	16
vae_candidate_000882	124	nat_8bfb3056e00dc3525ee8	"[""nat_8bfb3056e00dc3525ee8""]"	1	145	316.0	153	116	79	0.6810344827586207	0.9354838709677419	0.8	0.5448275862068965	0.45517241379310347	resolved		346	35
vae_candidate_000883	92	nat_943ce15fb7773fa3a769	"[""nat_943ce15fb7773fa3a769"", ""nat_c8490949e18e771ed8c8""]"	2	94	320.5	98	88	75	0.8522727272727273	0.9565217391304348	0.9361702127659575	0.7978723404255319	0.2021276595744681	resolved		346	165
vae_candidate_000884	134	nat_e10062d88e50908c95d3	"[""nat_e10062d88e50908c95d3"", ""nat_e8032b7ad48d42a9adf3""]"	2	135	201.0	157	112	59	0.5267857142857143	0.835820895522388	0.8296296296296296	0.43703703703703706	0.5629629629629629	resolved		346	95
vae_candidate_000885	55		[]	0											unresolved	no_reliable_reference	346	0
vae_candidate_000886	116	nat_4a87fc740463a61b2d05	"[""nat_4a87fc740463a61b2d05""]"	1	109	147.0	126	99	46	0.46464646464646464	0.853448275862069	0.908256880733945	0.39655172413793105	0.603448275862069	resolved		346	21
vae_candidate_000887	68	nat_1ed909a554bd91f8870f	"[""nat_1ed909a554bd91f8870f""]"	1	73	245.0	74	67	57	0.8507462686567164	0.9852941176470589	0.9178082191780822	0.7808219178082192	0.2191780821917808	resolved		346	77
vae_candidate_000888	149	nat_45d8bf8bea0b0845fea0	"[""nat_45d8bf8bea0b0845fea0""]"	1	139	210.0	167	121	74	0.6115702479338843	0.8120805369127517	0.8705035971223022	0.4966442953020134	0.5033557046979866	resolved		346	100
vae_candidate_000889	86	nat_019e8d05123166c4099d	"[""nat_019e8d05123166c4099d"", ""nat_0aeb545239a28bae61f9"", ""nat_cd0ec9cc83e20bd818b3"", ""nat_edf12e96625a3cd49854""]"	4	86	118.0	100	72	42	0.5833333333333334	0.8372093023255814	0.8372093023255814	0.4883720930232558	0.5116279069767442	resolved		346	147
vae_candidate_000890	135	nat_438c70c6875cb7fc8740	"[""nat_438c70c6875cb7fc8740""]"	1	136	101.0	157	114	47	0.41228070175438597	0.8444444444444444	0.8382352941176471	0.34558823529411764	0.6544117647058824	resolved		346	35
vae_candidate_000891	80	nat_145768217677e4dfa78e	"[""nat_145768217677e4dfa78e"", ""nat_39696a92cfeac6f208a2"", ""nat_766d45336d56f5b42f24""]"	3	78	229.5	91	67	56	0.835820895522388	0.8375	0.8589743589743589	0.7	0.30000000000000004	resolved		346	88
vae_candidate_000892	180	nat_e3bf29001a743e3b64f9	"[""nat_e3bf29001a743e3b64f9""]"	1	158	190.5	193	145	65	0.4482758620689655	0.8055555555555556	0.9177215189873418	0.3611111111111111	0.6388888888888888	resolved		346	1
vae_candidate_000893	117		[]	0											unresolved	no_reliable_reference	346	0
vae_candidate_000894	139	nat_f7d9d7742f0844e679ec	"[""nat_f7d9d7742f0844e679ec""]"	1	148	544.0	152	135	121	0.8962962962962963	0.9712230215827338	0.9121621621621622	0.8175675675675675	0.18243243243243246	resolved		346	123
vae_candidate_000895	72	nat_ea5746ec582bf06f4e03	"[""nat_ea5746ec582bf06f4e03""]"	1	72	239.5	75	69	54	0.782608695652174	0.9583333333333334	0.9583333333333334	0.75	0.25	resolved		346	97
vae_candidate_000896	122	nat_4a87fc740463a61b2d05	"[""nat_4a87fc740463a61b2d05""]"	1	109	217.5	133	98	60	0.6122448979591837	0.8032786885245902	0.8990825688073395	0.4918032786885246	0.5081967213114754	resolved		346	50
vae_candidate_000897	55		[]	0											unresolved	no_reliable_reference	346	0
vae_candidate_000898	116	nat_833a1708482ad34125e2	"[""nat_833a1708482ad34125e2"", ""nat_dca06c4ca76aafac96e9""]"	2	98	263.5	120	94	68	0.723404255319149	0.8103448275862069	0.9591836734693877	0.5862068965517241	0.4137931034482759	resolved		346	9
vae_candidate_000899	104	nat_3d7fc725cd17cf23a73c	"[""nat_3d7fc725cd17cf23a73c"", ""nat_461115b7000bfd74f566""]"	2	97	10.5	115	86	24	0.27906976744186046	0.8269230769230769	0.8865979381443299	0.23076923076923078	0.7692307692307692	resolved		346	2
vae_candidate_000900	89	nat_a36a3359d46f89a3e9c6	"[""nat_a36a3359d46f89a3e9c6""]"	1	93	387.0	93	89	83	0.9325842696629213	1.0	0.956989247311828	0.8924731182795699	0.10752688172043012	resolved		346	192
vae_candidate_000901	97	nat_4dc9c1477d3d6b181da7	"[""nat_4dc9c1477d3d6b181da7""]"	1	95	243.5	105	87	63	0.7241379310344828	0.8969072164948454	0.9157894736842105	0.6494845360824743	0.35051546391752575	resolved		346	166
vae_candidate_000902	149	nat_f4f90ca0708a5faa9c5b	"[""nat_f4f90ca0708a5faa9c5b""]"	1	137	186.5	163	123	67	0.5447154471544715	0.825503355704698	0.8978102189781022	0.44966442953020136	0.5503355704697986	resolved		346	45
vae_candidate_000903	95	nat_a9c10692b45d32f772b4	"[""nat_a9c10692b45d32f772b4"", ""nat_c468502803b4ab5981f1"", ""nat_d07d112598796fe30d76""]"	3	95	419.0	95	95	88	0.9263157894736842	1.0	1.0	0.9263157894736842	0.0736842105263158	resolved		346	184
vae_candidate_000904	67	nat_e9d0d8807aee29d8e61c	"[""nat_e9d0d8807aee29d8e61c""]"	1	71	200.0	72	66	48	0.7272727272727273	0.9850746268656716	0.9295774647887324	0.676056338028169	0.323943661971831	resolved		346	68
vae_candidate_000905	92	nat_86af2bea85657bdc848a	"[""nat_86af2bea85657bdc848a""]"	1	93	396.0	93	92	83	0.9021739130434783	1.0	0.989247311827957	0.8924731182795699	0.10752688172043012	resolved		346	188
vae_candidate_000906	72	nat_444b2346dad8b8d36df2	"[""nat_444b2346dad8b8d36df2""]"	1	71	171.5	73	70	40	0.5714285714285714	0.9722222222222222	0.9859154929577465	0.5555555555555556	0.4444444444444444	resolved		346	100
vae_candidate_000907	56		[]	0											unresolved	no_reliable_reference	346	0
vae_candidate_000908	96	nat_1f956fdbc151f2ec0ffb	"[""nat_1f956fdbc151f2ec0ffb"", ""nat_49d3875a5ef4bbb644f9"", ""nat_9ba949b2aab9e2be6898"", ""nat_c468502803b4ab5981f1"", ""nat_d1b057f953bd558c0457""]"	5	95	395.5	97	94	85	0.9042553191489362	0.9791666666666666	0.9894736842105263	0.8854166666666666	0.11458333333333337	resolved		346	166
vae_candidate_000909	105	nat_4d4e00d31d935ed0527d	"[""nat_4d4e00d31d935ed0527d"", ""nat_8d29ff35edf68fc809de"", ""nat_c468502803b4ab5981f1"", ""nat_f49fe3672d6fdfda7cc7""]"	4	95	256.5	109	91	63	0.6923076923076923	0.8666666666666667	0.9578947368421052	0.6	0.4	resolved		346	147
vae_candidate_000910	115	nat_4b655799ef9e19953b56	"[""nat_4b655799ef9e19953b56""]"	1	133	175.5	140	108	58	0.5370370370370371	0.9391304347826087	0.8120300751879699	0.43609022556390975	0.5639097744360902	resolved		346	24
vae_candidate_000911	154	nat_6ee0ebbf185af1c7d346	"[""nat_6ee0ebbf185af1c7d346"", ""nat_8d5392221648a605a7c2""]"	2	135	83.5	163	126	49	0.3888888888888889	0.8181818181818182	0.9333333333333333	0.3181818181818182	0.6818181818181819	resolved		346	5
vae_candidate_000912	91	nat_30c8db5b2a48ec02340b	"[""nat_30c8db5b2a48ec02340b"", ""nat_d4bbfd09a62903f1dd61""]"	2	94	347.5	94	91	75	0.8241758241758241	1.0	0.9680851063829787	0.7978723404255319	0.2021276595744681	resolved		346	190
vae_candidate_000913	97	nat_a9c10692b45d32f772b4	"[""nat_a9c10692b45d32f772b4"", ""nat_bf5abb4d953e0d6aaa1f""]"	2	95	400.5	98	94	87	0.925531914893617	0.9690721649484536	0.9894736842105263	0.8969072164948454	0.1030927835051546	resolved		346	159
vae_candidate_000914	98	nat_8f3e753527c876cd94f0	"[""nat_8f3e753527c876cd94f0""]"	1	95	376.0	99	94	85	0.9042553191489362	0.9591836734693877	0.9894736842105263	0.8673469387755102	0.13265306122448983	resolved		346	159
vae_candidate_000915	68	nat_ea5746ec582bf06f4e03	"[""nat_ea5746ec582bf06f4e03""]"	1	72	241.5	76	64	54	0.84375	0.9411764705882353	0.8888888888888888	0.75	0.25	resolved		346	68
vae_candidate_000916	99	nat_67dd37821af98e87666e	"[""nat_67dd37821af98e87666e"", ""nat_c7cb28cf54b6a88ff785""]"	2	96	221.5	102	93	56	0.6021505376344086	0.9393939393939394	0.96875	0.5656565656565656	0.43434343434343436	resolved		346	150
vae_candidate_000917	88	nat_448d52f7c380acd65350	"[""nat_448d52f7c380acd65350"", ""nat_a4ce46bc0db75edd2892"", ""nat_f603a0bdb36b55f44821""]"	3	76	7.5	88	76	17	0.2236842105263158	0.8636363636363636	1.0	0.19318181818181818	0.8068181818181819	resolved		346	3
vae_candidate_000918	80	nat_edf12e96625a3cd49854	"[""nat_edf12e96625a3cd49854""]"	1	86	2.5	94	72	21	0.2916666666666667	0.9	0.8372093023255814	0.2441860465116279	0.7558139534883721	resolved		346	20
vae_candidate_000919	71	nat_0c143ad343586201fcf9	"[""nat_0c143ad343586201fcf9""]"	1	69	187.0	76	64	47	0.734375	0.9014084507042254	0.927536231884058	0.6619718309859155	0.3380281690140845	resolved		346	73
vae_candidate_000920	152	nat_29fc4eacaf44be490bad	"[""nat_29fc4eacaf44be490bad""]"	1	154	393.5	173	133	102	0.7669172932330827	0.875	0.8636363636363636	0.6623376623376623	0.33766233766233766	resolved		346	101
vae_candidate_000921	89	nat_5d20f105b230fcb464d1	"[""nat_5d20f105b230fcb464d1""]"	1	78	237.5	95	72	59	0.8194444444444444	0.8089887640449438	0.9230769230769231	0.6629213483146067	0.3370786516853933	resolved		346	181
vae_candidate_000922	71	nat_0c143ad343586201fcf9	"[""nat_0c143ad343586201fcf9""]"	1	69	198.5	76	64	47	0.734375	0.9014084507042254	0.927536231884058	0.6619718309859155	0.3380281690140845	resolved		346	64
vae_candidate_000923	68	nat_86ba936b09d3d4c2dbfa	"[""nat_86ba936b09d3d4c2dbfa"", ""nat_c96b24fc03ee6b66c3d6""]"	2	68	107.5	78	58	33	0.5689655172413793	0.8529411764705882	0.8529411764705882	0.4852941176470588	0.5147058823529411	resolved		346	61
vae_candidate_000924	126	nat_4b655799ef9e19953b56	"[""nat_4b655799ef9e19953b56""]"	1	133	27.5	143	116	36	0.3103448275862069	0.9206349206349206	0.8721804511278195	0.2706766917293233	0.7293233082706767	resolved		346	2
vae_candidate_000925	63		[]	0											unresolved	no_reliable_reference	346	0
vae_candidate_000926	77	nat_1f4f50f1349e137c7f32	"[""nat_1f4f50f1349e137c7f32""]"	1	71	232.0	78	70	52	0.7428571428571429	0.9090909090909091	0.9859154929577465	0.6753246753246753	0.3246753246753247	resolved		346	164
vae_candidate_000927	90	nat_168a7720be25950ce7a5	"[""nat_168a7720be25950ce7a5"", ""nat_3e6bf91c590be6684eed"", ""nat_dc6aa26cbe06c32b68c2""]"	3	94	359.0	94	90	76	0.8444444444444444	1.0	0.9574468085106383	0.8085106382978723	0.19148936170212771	resolved		346	196
vae_candidate_000928	74	nat_e9d0d8807aee29d8e61c	"[""nat_e9d0d8807aee29d8e61c""]"	1	71	188.5	77	68	45	0.6617647058823529	0.918918918918919	0.9577464788732394	0.6081081081081081	0.3918918918918919	resolved		346	60
vae_candidate_000929	71	nat_8d6274f78693091697cf	"[""nat_8d6274f78693091697cf""]"	1	70	177.5	73	68	41	0.6029411764705882	0.9577464788732394	0.9714285714285714	0.5774647887323944	0.4225352112676056	resolved		346	70
vae_candidate_000930	89	nat_ee10b37a92559cba1989	"[""nat_ee10b37a92559cba1989""]"	1	92	10.5	103	78	27	0.34615384615384615	0.8764044943820225	0.8478260869565217	0.29347826086956524	0.7065217391304348	resolved		346	6
vae_candidate_000931	87	nat_766d45336d56f5b42f24	"[""nat_766d45336d56f5b42f24""]"	1	79	45.5	96	70	33	0.4714285714285714	0.8045977011494253	0.8860759493670886	0.3793103448275862	0.6206896551724138	resolved		346	177
vae_candidate_000932	67	nat_505ccb0a3946a89f0437	"[""nat_505ccb0a3946a89f0437"", ""nat_eccab6536bed142192aa""]"	2	70	96.5	81	56	29	0.5178571428571429	0.835820895522388	0.8	0.4142857142857143	0.5857142857142856	resolved		346	16
vae_candidate_000933	53		[]	0											unresolved	no_reliable_reference	346	0
vae_candidate_000934	77	nat_86af2bea85657bdc848a	"[""nat_86af2bea85657bdc848a""]"	1	93	281.5	93	77	68	0.8831168831168831	1.0	0.8279569892473119	0.7311827956989247	0.26881720430107525	resolved		346	212
vae_candidate_000935	71	nat_27cf1e5aac6ec3dd931d	"[""nat_27cf1e5aac6ec3dd931d""]"	1	76	54.0	86	61	27	0.4426229508196721	0.8591549295774648	0.8026315789473685	0.35526315789473684	0.6447368421052632	resolved		346	6
vae_candidate_000936	107		[]	0											unresolved	no_reliable_reference	346	0
vae_candidate_000937	142	nat_8bfb3056e00dc3525ee8	"[""nat_8bfb3056e00dc3525ee8""]"	1	145	224.5	165	122	72	0.5901639344262295	0.8591549295774648	0.8413793103448276	0.496551724137931	0.503448275862069	resolved		346	95
vae_candidate_000938	75	nat_6b39f5a7fb6bca78b4de	"[""nat_6b39f5a7fb6bca78b4de"", ""nat_c8ff85651c16b5c02641"", ""nat_c96b24fc03ee6b66c3d6"", ""nat_ed3338aeeaf3197e41d9""]"	4	68	144.5	83	60	41	0.6833333333333333	0.8	0.8823529411764706	0.5466666666666666	0.45333333333333337	resolved		346	27
vae_candidate_000939	71	nat_61a382d08777524701b3	"[""nat_61a382d08777524701b3"", ""nat_ea5746ec582bf06f4e03""]"	2	72	235.0	76	67	54	0.8059701492537313	0.9436619718309859	0.9305555555555556	0.75	0.25	resolved		346	83
vae_candidate_000940	106	nat_a9c10692b45d32f772b4	"[""nat_a9c10692b45d32f772b4"", ""nat_bf5abb4d953e0d6aaa1f""]"	2	95	368.5	109	92	84	0.9130434782608695	0.8679245283018868	0.968421052631579	0.7924528301886793	0.2075471698113207	resolved		346	140
vae_candidate_000941	86	nat_7d45d6cf3df5d3d36985	"[""nat_7d45d6cf3df5d3d36985"", ""nat_9ba949b2aab9e2be6898"", ""nat_d92cb9dcfcf48b731b50""]"	3	95	244.0	104	77	63	0.8181818181818182	0.8953488372093024	0.8105263157894737	0.6631578947368421	0.33684210526315794	resolved		346	207
vae_candidate_000942	81	nat_f5db5c4704d592f947d9	"[""nat_f5db5c4704d592f947d9""]"	1	82	181.0	87	76	49	0.6447368421052632	0.9382716049382716	0.926829268292683	0.5975609756097561	0.4024390243902439	resolved		346	203
vae_candidate_000943	99	nat_ee10b37a92559cba1989	"[""nat_ee10b37a92559cba1989""]"	1	92	130.5	105	86	47	0.5465116279069767	0.8686868686868687	0.9347826086956522	0.47474747474747475	0.5252525252525253	resolved		346	5
vae_candidate_000944	92	nat_c8490949e18e771ed8c8	"[""nat_c8490949e18e771ed8c8""]"	1	94	193.5	109	77	57	0.7402597402597403	0.8369565217391305	0.8191489361702128	0.6063829787234043	0.3936170212765957	resolved		346	122
vae_candidate_000945	117	nat_9fda348180c612303cdb	"[""nat_9fda348180c612303cdb""]"	1	95	405.5	117	95	88	0.9263157894736842	0.811965811965812	1.0	0.7521367521367521	0.24786324786324787	resolved		346	90
vae_candidate_000946	117	nat_c7cb28cf54b6a88ff785	"[""nat_c7cb28cf54b6a88ff785"", ""nat_dc2b0da282a1a334132b""]"	2	99	264.0	121	95	61	0.6421052631578947	0.811965811965812	0.9595959595959596	0.5213675213675214	0.4786324786324786	resolved		346	25
vae_candidate_000947	170	nat_8bf5071aed606f94333c	"[""nat_8bf5071aed606f94333c""]"	1	157	199.5	189	138	73	0.5289855072463768	0.8117647058823529	0.8789808917197452	0.4294117647058823	0.5705882352941176	resolved		346	50
vae_candidate_000948	104	nat_168a7720be25950ce7a5	"[""nat_168a7720be25950ce7a5"", ""nat_3e6bf91c590be6684eed"", ""nat_a49cfe7d33cec22c3905"", ""nat_ccd25408209dd226eaf9""]"	4	94	316.5	106	92	75	0.8152173913043478	0.8846153846153846	0.9787234042553191	0.7211538461538461	0.27884615384615385	resolved		346	153
vae_candidate_000949	129	nat_5c045ab07969cb21b0ad	"[""nat_5c045ab07969cb21b0ad""]"	1	142	51.0	156	115	41	0.3565217391304348	0.8914728682170543	0.8098591549295775	0.2887323943661972	0.7112676056338028	resolved		346	16
vae_candidate_000950	114	nat_c74d6e1106797b3a3d0f	"[""nat_c74d6e1106797b3a3d0f""]"	1	133	95.0	139	108	43	0.39814814814814814	0.9473684210526315	0.8120300751879699	0.3233082706766917	0.6766917293233083	resolved		346	1
vae_candidate_000951	134	nat_8a4162d5996844339fef	"[""nat_8a4162d5996844339fef""]"	1	135	197.5	161	108	54	0.5	0.8059701492537313	0.8	0.4	0.6	resolved		346	1
vae_candidate_000952	111	nat_004ac783975534947324	"[""nat_004ac783975534947324"", ""nat_9ba949b2aab9e2be6898""]"	2	94	186.0	116	89	55	0.6179775280898876	0.8018018018018018	0.9468085106382979	0.4954954954954955	0.5045045045045045	resolved		346	100
vae_candidate_000953	98	nat_dca06c4ca76aafac96e9	"[""nat_dca06c4ca76aafac96e9""]"	1	97	9.5	110	85	26	0.3058823529411765	0.8673469387755102	0.8762886597938144	0.2653061224489796	0.7346938775510203	resolved		346	115
vae_candidate_000954	112	nat_dca06c4ca76aafac96e9	"[""nat_dca06c4ca76aafac96e9""]"	1	97	135.5	119	90	43	0.4777777777777778	0.8035714285714286	0.9278350515463918	0.38392857142857145	0.6160714285714286	resolved		346	6
vae_candidate_000955	55		[]	0											unresolved	no_reliable_reference	346	0
vae_candidate_000956	95	nat_d5d6f3cedb33fb3328b6	"[""nat_d5d6f3cedb33fb3328b6""]"	1	95	301.5	100	90	74	0.8222222222222222	0.9473684210526315	0.9473684210526315	0.7789473684210526	0.2210526315789474	resolved		346	167
vae_candidate_000957	72	nat_a4ce46bc0db75edd2892	"[""nat_a4ce46bc0db75edd2892""]"	1	76	188.0	80	68	48	0.7058823529411765	0.9444444444444444	0.8947368421052632	0.631578947368421	0.368421052631579	resolved		346	84
vae_candidate_000958	86	nat_7801d96d034213cf08c8	"[""nat_7801d96d034213cf08c8""]"	1	84	141.0	90	80	43	0.5375	0.9302325581395349	0.9523809523809523	0.5	0.5	resolved		346	171
vae_candidate_000959	108	nat_0101bc590c89813c161a	"[""nat_0101bc590c89813c161a"", ""nat_1f956fdbc151f2ec0ffb"", ""nat_3e6bf91c590be6684eed"", ""nat_4482775e0979509e45d2"", ""nat_4b58b860e36e01bdb682"", ""nat_6681febe116459c77b18"", ""nat_82e4660fb87f57daff30"", ""nat_92d7d81f95603487cd9c"", ""nat_94cdaea6b1db7bfe983f"", ""nat_acb38079c01f07d0de6f"", ""nat_bf00fc1bb4a6bea076a5"", ""nat_c468502803b4ab5981f1""]"	12	94	280.0	109	93	66	0.7096774193548387	0.8611111111111112	0.9893617021276596	0.6111111111111112	0.38888888888888884	resolved		346	137
vae_candidate_000960	113	nat_4b58b860e36e01bdb682	"[""nat_4b58b860e36e01bdb682"", ""nat_8f3e753527c876cd94f0""]"	2	95	218.0	116	92	56	0.6086956521739131	0.8141592920353983	0.968421052631579	0.49557522123893805	0.504424778761062	resolved		346	103
vae_candidate_000961	180		[]	0											unresolved	no_reliable_reference	346	0
vae_candidate_000962	93	nat_6b2c0d4d7468a9bb7cde	"[""nat_6b2c0d4d7468a9bb7cde""]"	1	94	206.5	109	78	55	0.7051282051282052	0.8387096774193549	0.8297872340425532	0.5851063829787234	0.4148936170212766	resolved		346	116
vae_candidate_000963	169		[]	0											unresolved	no_reliable_reference	346	0
vae_candidate_000964	103		[]	0											unresolved	no_reliable_reference	346	0
vae_candidate_000965	92	nat_ee10b37a92559cba1989	"[""nat_ee10b37a92559cba1989""]"	1	92	273.5	99	85	66	0.7764705882352941	0.9239130434782609	0.9239130434782609	0.717391304347826	0.28260869565217395	resolved		346	185
vae_candidate_000966	92	nat_6681febe116459c77b18	"[""nat_6681febe116459c77b18"", ""nat_6b2c0d4d7468a9bb7cde""]"	2	94	258.5	100	86	66	0.7674418604651163	0.9347826086956522	0.9148936170212766	0.7021276595744681	0.2978723404255319	resolved		346	187
vae_candidate_000967	95	nat_9ca97034ea4d97950343	"[""nat_9ca97034ea4d97950343"", ""nat_a49cfe7d33cec22c3905"", ""nat_a9c10692b45d32f772b4"", ""nat_c468502803b4ab5981f1"", ""nat_d5d6f3cedb33fb3328b6""]"	5	94	431.0	95	94	90	0.9574468085106383	0.9894736842105263	1.0	0.9473684210526315	0.052631578947368474	resolved		346	181
vae_candidate_000968	90	nat_c8490949e18e771ed8c8	"[""nat_c8490949e18e771ed8c8"", ""nat_dc6aa26cbe06c32b68c2""]"	2	94	243.5	101	83	58	0.6987951807228916	0.9222222222222223	0.8829787234042553	0.6170212765957447	0.3829787234042553	resolved		346	182
vae_candidate_000969	90	nat_81de2b78d291d512c1e2	"[""nat_81de2b78d291d512c1e2""]"	1	92	18.0	106	76	27	0.35526315789473684	0.8444444444444444	0.8260869565217391	0.29347826086956524	0.7065217391304348	resolved		346	88
vae_candidate_000970	73	nat_1ed909a554bd91f8870f	"[""nat_1ed909a554bd91f8870f""]"	1	73	245.0	74	72	54	0.75	0.9863013698630136	0.9863013698630136	0.7397260273972602	0.26027397260273977	resolved		346	102
vae_candidate_000971	86	nat_32fcf9c5b6202c499dc1	"[""nat_32fcf9c5b6202c499dc1""]"	1	88	120.0	101	73	39	0.5342465753424658	0.8488372093023255	0.8295454545454546	0.4431818181818182	0.5568181818181819	resolved		346	16
vae_candidate_000972	101		[]	0											unresolved	no_reliable_reference	346	0
vae_candidate_000973	155		[]	0											unresolved	no_reliable_reference	346	0
vae_candidate_000974	68	nat_13dff233b6dfd04cb79c	"[""nat_13dff233b6dfd04cb79c"", ""nat_cac8cf4903b24e69aca8""]"	2	76	219.0	78	66	54	0.8181818181818182	0.9705882352941176	0.868421052631579	0.7105263157894737	0.2894736842105263	resolved		346	75
vae_candidate_000975	95	nat_c0d8f1302fa41452efbc	"[""nat_c0d8f1302fa41452efbc""]"	1	95	429.0	95	95	87	0.9157894736842105	1.0	1.0	0.9157894736842105	0.08421052631578951	resolved		346	184
vae_candidate_000976	66	nat_3cc2cb889cfdbbcaa17b	"[""nat_3cc2cb889cfdbbcaa17b"", ""nat_61a382d08777524701b3""]"	2	72	66.0	79	59	28	0.4745762711864407	0.8939393939393939	0.8194444444444444	0.3888888888888889	0.6111111111111112	resolved		346	43
vae_candidate_000977	110	nat_84eddb9c9ecca10afd5a	"[""nat_84eddb9c9ecca10afd5a"", ""nat_dc2b0da282a1a334132b""]"	2	99	26.5	121	88	28	0.3181818181818182	0.8	0.8888888888888888	0.2545454545454545	0.7454545454545455	resolved		346	13
vae_candidate_000978	151		[]	0											unresolved	no_reliable_reference	346	0
vae_candidate_000979	87	nat_92d7d81f95603487cd9c	"[""nat_92d7d81f95603487cd9c"", ""nat_d5d6f3cedb33fb3328b6""]"	2	95	332.5	97	85	73	0.8588235294117647	0.9770114942528736	0.8947368421052632	0.7684210526315789	0.2315789473684211	resolved		346	178
vae_candidate_000980	58	nat_08ca607a70bf3998101a	"[""nat_08ca607a70bf3998101a""]"	1	70	10.0	70	58	14	0.2413793103448276	1.0	0.8285714285714286	0.2	0.8	resolved		346	2
vae_candidate_000981	85	nat_b5ccff48f879b7cc34ad	"[""nat_b5ccff48f879b7cc34ad""]"	1	92	274.0	100	77	64	0.8311688311688312	0.9058823529411765	0.8369565217391305	0.6956521739130435	0.30434782608695654	resolved		346	204
vae_candidate_000982	114	nat_fc382b09fdd1c909c75c	"[""nat_fc382b09fdd1c909c75c""]"	1	93	43.5	114	93	32	0.34408602150537637	0.8157894736842105	1.0	0.2807017543859649	0.7192982456140351	resolved		346	5
vae_candidate_000983	73	nat_0c143ad343586201fcf9	"[""nat_0c143ad343586201fcf9"", ""nat_e9d0d8807aee29d8e61c""]"	2	69	215.0	73	69	48	0.6956521739130435	0.9452054794520548	1.0	0.6575342465753424	0.34246575342465757	resolved		346	99
vae_candidate_000984	111	nat_4482775e0979509e45d2	"[""nat_4482775e0979509e45d2"", ""nat_94cdaea6b1db7bfe983f""]"	2	95	261.5	111	95	64	0.6736842105263158	0.8558558558558559	1.0	0.5765765765765766	0.42342342342342343	resolved		346	121
vae_candidate_000985	161	nat_84b5083183d75de0f365	"[""nat_84b5083183d75de0f365"", ""nat_c0749f9d4ae82bdc9955""]"	2	154	214.5	185	130	75	0.5769230769230769	0.8074534161490683	0.8441558441558441	0.4658385093167702	0.5341614906832298	resolved		346	46
vae_candidate_000986	100		[]	0											unresolved	no_reliable_reference	346	0
vae_candidate_000987	148	nat_0f515c4258dc68fd3f9c	"[""nat_0f515c4258dc68fd3f9c""]"	1	149	230.5	158	139	68	0.4892086330935252	0.9391891891891891	0.9328859060402684	0.4563758389261745	0.5436241610738255	resolved		346	95
vae_candidate_000988	84	nat_0145b7d0415b25474bf7	"[""nat_0145b7d0415b25474bf7""]"	1	95	113.0	102	77	45	0.5844155844155844	0.9166666666666666	0.8105263157894737	0.47368421052631576	0.5263157894736843	resolved		346	73
vae_candidate_000989	120		[]	0											unresolved	no_reliable_reference	346	0
vae_candidate_000990	180	nat_d1717d58239a48d6df6a	"[""nat_d1717d58239a48d6df6a""]"	1	149	6.0	185	144	39	0.2708333333333333	0.8	0.9664429530201343	0.21666666666666667	0.7833333333333333	resolved		346	1
vae_candidate_000991	117		[]	0											unresolved	no_reliable_reference	346	0
vae_candidate_000992	66	nat_8d6274f78693091697cf	"[""nat_8d6274f78693091697cf""]"	1	70	61.5	77	59	30	0.5084745762711864	0.8939393939393939	0.8428571428571429	0.42857142857142855	0.5714285714285714	resolved		346	15
vae_candidate_000993	129	nat_2f6b62c5722bcacabd8e	"[""nat_2f6b62c5722bcacabd8e""]"	1	136	203.5	155	110	63	0.5727272727272728	0.8527131782945736	0.8088235294117647	0.4632352941176471	0.5367647058823529	resolved		346	7
vae_candidate_000994	100	nat_0077c6cbf903d0b80137	"[""nat_0077c6cbf903d0b80137"", ""nat_4b58b860e36e01bdb682"", ""nat_842bc418f0682cd2a9c8"", ""nat_a49cfe7d33cec22c3905"", ""nat_a7791ad55c70e7fd3462""]"	5	96	377.5	104	92	86	0.9347826086956522	0.92	0.9583333333333334	0.86	0.14	resolved		346	158
vae_candidate_000995	93	nat_86af2bea85657bdc848a	"[""nat_86af2bea85657bdc848a""]"	1	93	387.0	94	92	84	0.9130434782608695	0.989247311827957	0.989247311827957	0.9032258064516129	0.09677419354838712	resolved		346	184
vae_candidate_000996	62		[]	0											unresolved	no_reliable_reference	346	0
vae_candidate_000997	103	nat_833a1708482ad34125e2	"[""nat_833a1708482ad34125e2"", ""nat_dca06c4ca76aafac96e9""]"	2	98	231.0	117	84	60	0.7142857142857143	0.8155339805825242	0.8571428571428571	0.5825242718446602	0.41747572815533984	resolved		346	8
vae_candidate_000998	129		[]	0											unresolved	no_reliable_reference	346	0
vae_candidate_000999	74	nat_1e070d0d2387bb202235	"[""nat_1e070d0d2387bb202235""]"	1	75	208.5	82	67	48	0.7164179104477612	0.9054054054054054	0.8933333333333333	0.64	0.36	resolved		346	103
vae_candidate_001000	66	nat_1ed909a554bd91f8870f	"[""nat_1ed909a554bd91f8870f""]"	1	73	145.0	75	64	40	0.625	0.9696969696969697	0.8767123287671232	0.547945205479452	0.452054794520548	resolved		346	67
