# hmmsearch :: search profile(s) against a sequence database
# HMMER 3.3 (Nov 2019); http://hmmer.org/
# Copyright (C) 2019 Howard Hughes Medical Institute.
# Freely distributed under the BSD open source license.
# - - - - - - - - - - - - - - - - - - - - - - - - - - - - - - - - - - - -
# query HMM file:                  /mnt/d/endless/机器学习综合实践/ML-GV02-03/results/gv02_03_v2/family/fold_2/profiles/gvpa.hmm
# target sequence database:        /mnt/d/endless/机器学习综合实践/ML-GV02-03/results/gv02_03_v2/family/fold_2/natural/queries.fasta
# per-dom hits tabular output:     /mnt/d/endless/机器学习综合实践/ML-GV02-03/results/gv02_03_v2/family/fold_2/natural/gvpa.domtbl
# sequence reporting threshold:    score >= 0
# domain reporting threshold:      score >= 0
# Max sensitivity mode:            on [all heuristic filters off]
# number of worker threads:        1
# - - - - - - - - - - - - - - - - - - - - - - - - - - - - - - - - - - - -

Query:       gvpa  [M=115]
Scores for complete sequences (score includes all domains):
   --- full sequence ---   --- best 1 domain ---    -#dom-
    E-value  score  bias    E-value  score  bias    exp  N  Sequence                 Description
    ------- ------ -----    ------- ------ -----   ---- --  --------                 -----------
    1.6e-47  156.4   0.1    1.8e-47  156.2   0.1    1.0  1  nat_ef77ab19922de7e129e4  
    3.8e-47  155.2   0.1      4e-47  155.1   0.1    1.0  1  nat_79581e5ad6e56e668c37  
    4.4e-47  155.0   0.1      5e-47  154.8   0.1    1.0  1  nat_3e858629efd06bf33e52  
    1.1e-46  153.7   0.0    1.3e-46  153.4   0.0    1.0  1  nat_fd0fbb7fdb870f3d334b  
    2.8e-46  152.3   0.1    3.3e-46  152.1   0.1    1.0  1  nat_6da5911cb6f5dbfefd09  
    2.5e-45  149.3   0.2    2.7e-45  149.2   0.2    1.0  1  nat_893590645f86143d64ac  
    2.2e-44  146.3   0.3    2.5e-44  146.1   0.3    1.0  1  nat_e94fe6c2cd879bdd36af  
    2.5e-44  146.1   1.3    2.9e-44  145.9   1.3    1.1  1  nat_b44c98ec309ed12410ab  
      4e-44  145.4   0.0    4.4e-44  145.3   0.0    1.0  1  nat_2ac756cb783ba8cf7947  
    9.1e-44  144.3   0.6      1e-43  144.1   0.6    1.0  1  nat_4075663fb7fccb3ebc0a  
    1.4e-43  143.7   0.4    1.8e-43  143.3   0.4    1.1  1  nat_16be3cd3d97ccaa2c7df  
      3e-43  142.6   0.5    3.8e-43  142.3   0.5    1.1  1  nat_47270a133b8b28fe68b5  
    1.3e-42  140.6   0.1    1.4e-42  140.5   0.1    1.0  1  nat_4a8d213db3f0f57c39f1  
    1.4e-42  140.5   0.3    1.5e-42  140.3   0.3    1.0  1  nat_6f39269f430d826538e8  
    1.9e-42  140.0   0.3    2.1e-42  139.9   0.3    1.0  1  nat_fef6ccaa9b3233e46f07  
      2e-42  139.9   0.3    2.2e-42  139.8   0.3    1.0  1  nat_c40ddec53c95be722ddc  
    2.1e-42  139.9   0.5    2.5e-42  139.6   0.5    1.0  1  nat_f9153534fd162239df4c  
    2.2e-42  139.8   0.4    2.6e-42  139.6   0.4    1.0  1  nat_a992b4345d901f6ad67d  
    2.7e-42  139.5   0.3      3e-42  139.4   0.3    1.0  1  nat_194654d9295b42cca4e2  
    3.3e-42  139.2   0.4      4e-42  139.0   0.4    1.0  1  nat_f54587a3fcd451658c0d  
    3.9e-42  139.0   0.1    4.5e-42  138.8   0.1    1.0  1  nat_71225d296257b8b08410  
    4.6e-42  138.8   0.3      5e-42  138.7   0.3    1.0  1  nat_9d028f688f23701e4c2b  
    4.6e-42  138.8   0.2    5.1e-42  138.6   0.2    1.0  1  nat_1722f0f85deef45697a7  
    4.8e-42  138.7   0.3    5.8e-42  138.5   0.3    1.0  1  nat_ce67780828ddbb2c93cf  
    4.9e-42  138.7   0.1    5.3e-42  138.6   0.1    1.0  1  nat_83b8beb8a3b426da1be8  
    4.9e-42  138.7   0.3    5.8e-42  138.5   0.3    1.0  1  nat_c6c6c9a5f7341498fda1  
    5.7e-42  138.5   0.4    7.2e-42  138.2   0.4    1.1  1  nat_43e7561c7d05facf2895  
    6.6e-42  138.3   0.2    7.8e-42  138.0   0.2    1.1  1  nat_d1717d58239a48d6df6a  
    7.7e-42  138.1   0.1    8.3e-42  137.9   0.1    1.0  1  nat_e6f75ee4612442ce5aa8  
    7.8e-42  138.0   0.3    8.4e-42  137.9   0.3    1.0  1  nat_f857f47b85a0e9d56172  
      8e-42  138.0   0.3    9.2e-42  137.8   0.3    1.1  1  nat_1ecba3351cb7c8c6d3e7  
    8.1e-42  138.0   0.1      9e-42  137.8   0.1    1.0  1  nat_57133a7b2510b9196439  
    9.4e-42  137.8   0.3      1e-41  137.6   0.3    1.0  1  nat_490b107cc056b2e69720  
    9.5e-42  137.8   0.3    1.1e-41  137.6   0.3    1.0  1  nat_4d6d67ce0c869a337d6c  
      1e-41  137.7   0.3    1.2e-41  137.5   0.3    1.0  1  nat_0b3dbbf8c77bc6a35545  
      1e-41  137.6   0.3    1.1e-41  137.5   0.3    1.0  1  nat_93f54d1ba2a517138e6d  
    1.1e-41  137.6   0.2    1.2e-41  137.5   0.2    1.0  1  nat_9b1b09a459a6ac047cab  
    1.2e-41  137.4   0.7    1.4e-41  137.3   0.7    1.0  1  nat_fbea79167ace5328d15a  
    1.3e-41  137.4   0.4    1.6e-41  137.0   0.4    1.1  1  nat_05aec1de9ccb89179086  
    1.3e-41  137.4   0.9    1.3e-41  137.3   0.9    1.0  1  nat_8d5392221648a605a7c2  
    1.3e-41  137.3   0.1    1.4e-41  137.2   0.1    1.0  1  nat_b00e08214202d9da45f3  
    1.4e-41  137.2   0.1    1.6e-41  137.1   0.1    1.0  1  nat_614ee05c12fc168e53ed  
    1.4e-41  137.2   0.3    1.5e-41  137.2   0.3    1.0  1  nat_e10062d88e50908c95d3  
    2.4e-41  136.5   0.3    2.9e-41  136.2   0.3    1.1  1  nat_f5798c1d664fe6d4faa5  
    2.4e-41  136.5   1.3    3.1e-41  136.1   1.3    1.0  1  nat_21636e3756ac6619107d  
    2.4e-41  136.4   0.1    2.7e-41  136.3   0.1    1.0  1  nat_69f0675a9519b5f433ed  
    2.6e-41  136.4   0.7    2.9e-41  136.2   0.7    1.1  1  nat_a439fa109b8bfbe78878  
    2.6e-41  136.3   0.5    3.1e-41  136.1   0.5    1.0  1  nat_1451c78833f55a393406  
    3.2e-41  136.1   0.5    3.3e-41  136.0   0.5    1.1  1  nat_15e32a2edd6bff0d0784  
    3.4e-41  136.0   0.0    3.4e-41  136.0   0.0    1.0  1  nat_1aeb097a28c863a862e4  
    3.6e-41  135.9   0.1    4.1e-41  135.7   0.1    1.1  1  nat_a1b20255bb0729dffa3b  
    4.1e-41  135.7   0.1    4.9e-41  135.5   0.1    1.0  1  nat_a1655bd7b808d51abef6  
    5.3e-41  135.4   0.2    5.8e-41  135.2   0.2    1.0  1  nat_0b443f112af31da4c521  
    5.4e-41  135.3   0.3      6e-41  135.2   0.3    1.0  1  nat_dfa741bfaf88075b5cad  
    5.6e-41  135.3   0.2    6.1e-41  135.2   0.2    1.0  1  nat_aa0a61561315386ac57d  
      6e-41  135.2   0.0    6.1e-41  135.2   0.0    1.0  1  nat_4a95098f433ac14617bc  
    6.4e-41  135.1   0.0    6.5e-41  135.1   0.0    1.0  1  nat_f4f90ca0708a5faa9c5b  
    6.4e-41  135.1   0.0    6.6e-41  135.1   0.0    1.0  1  nat_d57269e318a762146774  
    6.7e-41  135.0   0.2    6.9e-41  135.0   0.2    1.0  1  nat_2f6b62c5722bcacabd8e  
    6.8e-41  135.0   0.0    6.8e-41  135.0   0.0    1.0  1  nat_25f8dd28e9511c933322  
    7.1e-41  135.0   0.1    8.7e-41  134.7   0.1    1.1  1  nat_495c2735bcdc48076ab6  
    7.7e-41  134.8   0.0    7.7e-41  134.8   0.0    1.0  1  nat_8ea71d3ab15e5cf268b1  
    8.1e-41  134.8   0.0    8.1e-41  134.8   0.0    1.0  1  nat_0e118acdc2771e80b4ea  
    8.1e-41  134.8   0.3      9e-41  134.6   0.3    1.0  1  nat_a901ff8a401719052dfa  
    8.4e-41  134.7   0.0    8.4e-41  134.7   0.0    1.0  1  nat_1cc68774b93a831e1a93  
    8.5e-41  134.7   0.2      1e-40  134.5   0.2    1.1  1  nat_21445f81bd709996cb4c  
    8.7e-41  134.7   0.2    9.6e-41  134.5   0.2    1.0  1  nat_96462335ed2439837985  
      1e-40  134.4   0.0      1e-40  134.4   0.0    1.0  1  nat_7d62c45eb5711910c788  
      1e-40  134.4   0.2    1.3e-40  134.2   0.2    1.1  1  nat_f44c857654f488ee7ad6  
    1.1e-40  134.4   0.3    1.1e-40  134.3   0.3    1.0  1  nat_8087f5ca80a883ecf2fd  
    1.2e-40  134.2   0.1    1.4e-40  134.0   0.1    1.1  1  nat_677429b5c213ba9473a5  
    1.3e-40  134.1   0.0    1.5e-40  133.9   0.0    1.0  1  nat_5d7c3d0594612da43ea2  
    1.8e-40  133.7   0.4    1.9e-40  133.6   0.4    1.0  1  nat_e8032b7ad48d42a9adf3  
      2e-40  133.5   1.4    2.2e-40  133.3   1.4    1.0  1  nat_6de015df518c3c1fe74e  
      2e-40  133.5   0.2    2.3e-40  133.3   0.2    1.0  1  nat_959b710d458909b25f21  
    2.1e-40  133.4   1.4    2.6e-40  133.2   1.4    1.0  1  nat_37d7954f2ba849ee9a13  
    2.3e-40  133.3   0.4    2.4e-40  133.3   0.4    1.0  1  nat_0ccad4d436403131ae6a  
    2.3e-40  133.3   0.1    2.5e-40  133.2   0.1    1.0  1  nat_6bca999a70c09bc7d8d3  
    2.7e-40  133.1   0.2      3e-40  132.9   0.2    1.0  1  nat_6ee0ebbf185af1c7d346  
    2.7e-40  133.1   0.2    3.2e-40  132.9   0.2    1.1  1  nat_4b655799ef9e19953b56  
    2.8e-40  133.0   0.1    3.8e-40  132.6   0.1    1.1  1  nat_18287ab709e4536a8a89  
    2.9e-40  133.0   1.4    3.4e-40  132.8   1.4    1.0  1  nat_c816054a872b93bc9733  
    3.6e-40  132.7   0.3    3.9e-40  132.6   0.3    1.1  1  nat_5dfa27bda2e1f6e4c411  
    3.7e-40  132.6   0.3    4.1e-40  132.5   0.3    1.1  1  nat_62eb49c878ad7ce0be56  
    3.8e-40  132.6   0.3    4.2e-40  132.5   0.3    1.1  1  nat_88aac7f04fbc033600c5  
      4e-40  132.5   0.5    4.5e-40  132.4   0.5    1.1  1  nat_45d8bf8bea0b0845fea0  
    4.5e-40  132.4   0.2      5e-40  132.2   0.2    1.1  1  nat_97c619177bea2c666834  
    4.6e-40  132.3   0.2      5e-40  132.2   0.2    1.0  1  nat_14eaddbb6f4ac252e678  
    5.6e-40  132.1   0.2    6.3e-40  131.9   0.2    1.0  1  nat_942bc0624c6f9016a403  
    5.7e-40  132.0   0.2    6.4e-40  131.9   0.2    1.0  1  nat_438c70c6875cb7fc8740  
      6e-40  132.0   0.5    7.4e-40  131.7   0.5    1.1  1  nat_8a4162d5996844339fef  
      6e-40  132.0   0.2    6.7e-40  131.8   0.2    1.0  1  nat_40df730c74b4411daafa  
    7.3e-40  131.7   0.3      8e-40  131.6   0.3    1.1  1  nat_2572b6aa122207e0614c  
    7.7e-40  131.6   2.0    8.9e-40  131.4   2.0    1.0  1  nat_fb3d3c8b6094f7ab7999  
    8.6e-40  131.5   0.7    9.7e-40  131.3   0.7    1.0  1  nat_c0da453357697c088275  
    9.1e-40  131.4   1.3    9.6e-40  131.3   1.3    1.0  1  nat_c74d6e1106797b3a3d0f  
    1.7e-39  130.5   1.4    1.9e-39  130.3   1.4    1.0  1  nat_e8d11648d866d89f021b  
      3e-39  129.7   2.3    3.5e-39  129.5   2.3    1.0  1  nat_7b4f76ef630d750e1cc8  
    3.1e-39  129.6   0.4    3.5e-39  129.5   0.4    1.0  1  nat_3578e9166bb2ea6b7aa7  
    3.4e-39  129.5   0.5    3.8e-39  129.4   0.5    1.0  1  nat_95f263427db975386780  
    7.5e-39  128.4   0.9    1.1e-38  127.9   0.9    1.2  1  nat_e1f5f0f2180e18c35aa7  
    9.2e-39  128.1   0.9    9.9e-39  128.0   0.9    1.0  1  nat_4827ef49d00dba1d77c1  
    9.6e-39  128.1   2.5    1.1e-38  127.9   2.5    1.0  1  nat_81137907f8a802f93802  
      1e-38  128.0   0.4    1.1e-38  127.9   0.4    1.0  1  nat_276fe76ab836731f2d2f  
    1.1e-38  127.9   3.5    1.2e-38  127.8   3.5    1.0  1  nat_0fc8bfe28907ef9fa5eb  
    1.2e-38  127.8   3.0    1.3e-38  127.7   3.0    1.0  1  nat_044a3e6477173de21b19  
    1.2e-38  127.7   0.4    1.4e-38  127.6   0.4    1.0  1  nat_9c60a71de8a82fd3c026  
    1.5e-38  127.5   1.7    1.8e-38  127.2   1.7    1.0  1  nat_7aeb2efcf40db3e46e7e  
    1.6e-38  127.4   2.6    1.9e-38  127.1   2.6    1.0  1  nat_cb92aed15bdbfa6f9474  
    1.9e-38  127.1   1.8      2e-38  127.0   1.8    1.0  1  nat_efd26199102e35f9b478  
      3e-38  126.5   0.3    3.5e-38  126.3   0.3    1.1  1  nat_5c045ab07969cb21b0ad  
    4.3e-38  126.0   0.6    5.2e-38  125.7   0.6    1.0  1  nat_4a11e065ece6ad06443c  
    9.5e-38  124.9   0.9      1e-37  124.8   0.9    1.0  1  nat_1ca802048c4a6cd9dca3  
    9.7e-38  124.8   0.7    1.2e-37  124.5   0.7    1.1  1  nat_25ee00a9c2b4e74f79dd  
    1.2e-37  124.6   0.0    1.4e-37  124.3   0.0    1.1  1  nat_a8224f75d4d10d7151b8  
    1.2e-37  124.5   1.0    1.3e-37  124.4   1.0    1.1  1  nat_8ef96f328be5cf2ac1ef  
    1.3e-37  124.5   0.3    1.4e-37  124.3   0.3    1.0  1  nat_2a69a2d4282302622a85  
    1.5e-37  124.2   0.5    1.7e-37  124.1   0.5    1.0  1  nat_4f811102c58fb8e77080  
    1.8e-37  123.9   0.6    1.9e-37  123.9   0.6    1.0  1  nat_98fe8686021ec28d761f  
    1.9e-37  123.9   0.0    2.4e-37  123.6   0.0    1.1  1  nat_51872cd8b900b7db59b4  
    2.2e-37  123.7   0.6    2.4e-37  123.6   0.6    1.0  1  nat_4d627ec7ce40cceb1d25  
    3.7e-37  123.0   1.0    4.1e-37  122.8   1.0    1.0  1  nat_44e982d9a4f9a97a0d13  
    4.1e-37  122.8   1.2    4.3e-37  122.8   1.2    1.0  1  nat_f7dbe09f7bde0afd3543  
    8.2e-37  121.9   0.2      9e-37  121.7   0.2    1.0  1  nat_931f03e32a70f482ab0a  
    8.4e-37  121.8   1.8    8.8e-37  121.8   1.8    1.0  1  nat_e026213b5b86b7c3c817  
    9.2e-37  121.7   4.8    9.9e-37  121.6   4.8    1.0  1  nat_23e4974582ff9055b537  
    9.2e-37  121.7   2.5    1.3e-36  121.2   2.5    1.3  1  nat_92175699752c66f1a221  
    9.5e-37  121.6   0.4    1.2e-36  121.3   0.4    1.2  1  nat_a780429eddf249c23975  
    1.1e-36  121.5   0.2    1.3e-36  121.2   0.2    1.1  1  nat_b55ecf6ba9a45824ac09  
    1.1e-36  121.4   4.5    1.2e-36  121.4   4.5    1.0  1  nat_2dee131e85e06a8f9fdd  
    1.2e-36  121.4   0.8    1.5e-36  121.0   0.8    1.1  1  nat_f7d9d7742f0844e679ec  
    1.6e-36  121.0   0.0    1.7e-36  120.9   0.0    1.0  1  nat_e6ccc21f1ec1a2362fcf  
    1.6e-36  120.9   5.2    1.7e-36  120.8   5.2    1.0  1  nat_0ec42fc31cce1915953a  
    1.6e-36  120.9   0.8    1.8e-36  120.8   0.8    1.0  1  nat_40291105c4e4262229bd  
      2e-36  120.6   0.6    2.1e-36  120.5   0.6    1.0  1  nat_2c690256fac6daa57125  
    2.3e-36  120.4   1.0    2.4e-36  120.4   1.0    1.0  1  nat_76fa137ce1acdc4bda19  
    2.3e-36  120.4   0.7    2.6e-36  120.2   0.7    1.0  1  nat_11170a4c1f77a2510e97  
    2.5e-36  120.3   0.2    2.7e-36  120.2   0.2    1.0  1  nat_398b1c22d526b2f32567  
    2.7e-36  120.2   0.8    2.8e-36  120.1   0.8    1.0  1  nat_6e6874947488b4bf79cd  
    2.8e-36  120.1   0.6      3e-36  120.0   0.6    1.0  1  nat_b68be2c15bf9363e43d2  
    2.9e-36  120.1   1.0    3.1e-36  120.0   1.0    1.0  1  nat_76384a42f96a6dc0ed31  
    3.1e-36  120.0   0.6    3.4e-36  119.9   0.6    1.0  1  nat_145768217677e4dfa78e  
    3.3e-36  119.9   4.5    3.5e-36  119.8   4.5    1.0  1  nat_f6a10f9036e40524b807  
    3.6e-36  119.8   1.0      4e-36  119.6   1.0    1.0  1  nat_4132d6e9996d37d7483a  
      4e-36  119.6   1.3    4.6e-36  119.4   1.3    1.0  1  nat_2a93193629740c6b70af  
    4.1e-36  119.6   0.5    6.6e-36  118.9   0.5    1.2  1  nat_0f515c4258dc68fd3f9c  
    4.3e-36  119.5   2.6    4.6e-36  119.4   2.6    1.0  1  nat_fff3fdcc3af814966f5b  
    4.7e-36  119.4   0.6    5.1e-36  119.3   0.6    1.0  1  nat_5d20f105b230fcb464d1  
    5.2e-36  119.3   1.3    5.8e-36  119.1   1.3    1.0  1  nat_cd1db2b9b825a77adf97  
    5.3e-36  119.2   0.4    7.4e-36  118.8   0.4    1.2  1  nat_4b01b5214abfe7d6396a  
    5.3e-36  119.2   1.1    5.5e-36  119.2   1.1    1.0  1  nat_c629afbe950804b62ed5  
    5.8e-36  119.1   0.2    6.3e-36  119.0   0.2    1.0  1  nat_766d45336d56f5b42f24  
    6.8e-36  118.9   1.1      7e-36  118.9   1.1    1.0  1  nat_cac8cf4903b24e69aca8  
    6.8e-36  118.9   1.3    9.3e-36  118.5   1.3    1.1  1  nat_55802cc1c7918b91c298  
    7.4e-36  118.8   0.6      8e-36  118.7   0.6    1.0  1  nat_52dd92a4f7bccb199db6  
    7.5e-36  118.8   4.8    7.8e-36  118.7   4.8    1.0  1  nat_ae4497f09726b0bcfb2f  
    7.7e-36  118.7   0.4    1.1e-35  118.2   0.4    1.2  1  nat_219e1145c7c5f874f9d7  
      8e-36  118.7   1.4    8.7e-36  118.5   1.4    1.0  1  nat_970873de163a6ff8ee05  
    8.4e-36  118.6   6.6    8.9e-36  118.5   6.6    1.0  1  nat_8e2e16185848c52bf74f  
    8.5e-36  118.6   1.3      1e-35  118.3   1.3    1.0  1  nat_1d2eaab6bc1405efd0c8  
    8.8e-36  118.5   0.6    9.5e-36  118.4   0.6    1.0  1  nat_39696a92cfeac6f208a2  
    9.5e-36  118.4   0.7      1e-35  118.3   0.7    1.0  1  nat_b872ca2d5a2d145dce35  
    9.7e-36  118.4   0.4    1.4e-35  117.9   0.4    1.2  1  nat_be1dac504153ecab385d  
      1e-35  118.3   0.3    1.5e-35  117.8   0.3    1.2  1  nat_4469cb3e6c41fb1309a3  
      1e-35  118.3   2.8    1.1e-35  118.2   2.8    1.0  1  nat_19241b5ae6f8f8136488  
    1.1e-35  118.3   0.5    1.5e-35  117.8   0.5    1.2  1  nat_e3077655950eb8305d3c  
    1.1e-35  118.2   0.9    1.1e-35  118.2   0.9    1.0  1  nat_49cef355c6ba3187ae5c  
    1.1e-35  118.2   3.9    1.2e-35  118.1   3.9    1.0  1  nat_1d37cbb7aad699cb8ab2  
    1.2e-35  118.1   0.6      2e-35  117.4   0.6    1.3  1  nat_945d9af2ef988f085e3c  
    1.3e-35  118.0   1.2    1.4e-35  117.9   1.2    1.0  1  nat_019e8d05123166c4099d  
    1.3e-35  118.0   0.3    1.8e-35  117.5   0.3    1.2  1  nat_158c0216b95ce3304bfe  
    1.3e-35  117.9   0.5      2e-35  117.4   0.5    1.3  1  nat_1cefe08dae83aa5bd96d  
    1.4e-35  117.8   0.3    1.9e-35  117.4   0.3    1.2  1  nat_29fc4eacaf44be490bad  
    1.5e-35  117.8   0.3      2e-35  117.4   0.3    1.1  1  nat_e3ae3cb5783250fb742f  
    1.5e-35  117.8   0.4    2.2e-35  117.2   0.4    1.3  1  nat_45b0f1ea69baf732de14  
    1.6e-35  117.7   0.7    2.2e-35  117.3   0.7    1.2  1  nat_234ee7db19bcd2cc0f16  
    1.7e-35  117.6   3.2    1.7e-35  117.6   3.2    1.0  1  nat_5999831f394b80c75901  
    1.7e-35  117.6   2.5    1.8e-35  117.5   2.5    1.0  1  nat_f23561e6e1591a764c15  
    1.7e-35  117.6   0.6    1.8e-35  117.5   0.6    1.0  1  nat_7a11e816ce4f33f127ab  
    1.7e-35  117.6   0.1    2.5e-35  117.1   0.1    1.2  1  nat_82d1db25aa951a1ad609  
    1.7e-35  117.6   0.4    2.4e-35  117.1   0.4    1.2  1  nat_82ecae19af2538b973da  
    1.9e-35  117.5   0.6    2.1e-35  117.3   0.6    1.0  1  nat_7c1ee34913e269628b61  
    1.9e-35  117.5   0.2    2.8e-35  116.9   0.2    1.2  1  nat_e62ac75b3affa97a2f5a  
    1.9e-35  117.4   0.5    2.8e-35  116.9   0.5    1.2  1  nat_48a350d902c4c631f095  
      2e-35  117.4   0.3    2.8e-35  116.9   0.3    1.2  1  nat_d53262c07427087628bb  
      2e-35  117.4   0.5    2.1e-35  117.3   0.5    1.0  1  nat_728d4a20bb169ff7ae28  
    2.1e-35  117.3   0.6    2.3e-35  117.2   0.6    1.0  1  nat_68d62db14d5f1911f6ac  
    2.2e-35  117.2   0.8    2.4e-35  117.1   0.8    1.0  1  nat_a30535db979f7cb9b9d1  
    2.2e-35  117.2   0.2    3.2e-35  116.7   0.2    1.2  1  nat_c7e8400b87d18c0ef7e0  
    2.3e-35  117.2   0.7    2.6e-35  117.0   0.7    1.0  1  nat_ebb0222a6974a49233c4  
    2.3e-35  117.2   0.3    3.1e-35  116.8   0.3    1.1  1  nat_ab559af1ffee249b9549  
    2.4e-35  117.1   0.3    3.8e-35  116.5   0.3    1.3  1  nat_d69494036b1115ae54ae  
    2.5e-35  117.1   0.3    3.7e-35  116.5   0.3    1.3  1  nat_cbdc755c61207d00c902  
    2.5e-35  117.1   0.4    3.7e-35  116.5   0.4    1.2  1  nat_81c712b2f98895c40a2d  
    2.6e-35  117.0   0.2    3.5e-35  116.6   0.2    1.2  1  nat_93fc211ea4b34cbb8750  
    2.6e-35  117.0   0.5      3e-35  116.8   0.5    1.0  1  nat_cee0ef3ec2a72c042398  
    2.6e-35  117.0   0.3    2.7e-35  116.9   0.3    1.0  1  nat_bc61cfaf37743c96bcc0  
    2.7e-35  117.0   0.6    2.9e-35  116.9   0.6    1.0  1  nat_21fd512873a52dc47991  
    2.7e-35  117.0   0.4    3.8e-35  116.5   0.4    1.2  1  nat_7b9e043074608d733fa7  
    2.8e-35  116.9   0.2    3.7e-35  116.5   0.2    1.1  1  nat_47c6d3995b8146f9e99e  
    2.8e-35  116.9   1.9    2.9e-35  116.9   1.9    1.0  1  nat_d9e7adf0f15523b79bb7  
    2.9e-35  116.9   0.3      4e-35  116.4   0.3    1.2  1  nat_33d8dbb5443a9dadf56d  
      3e-35  116.8   0.2    4.5e-35  116.2   0.2    1.3  1  nat_2f6261679e76a403b7de  
      3e-35  116.8   0.4    4.1e-35  116.4   0.4    1.2  1  nat_210e9a5f9b72676b9ce0  
      3e-35  116.8   1.5    3.3e-35  116.7   1.5    1.0  1  nat_7d1d4ec0845163a487d6  
    3.1e-35  116.8   4.4    3.4e-35  116.6   4.4    1.0  1  nat_ee49db0244212648bdd1  
    3.1e-35  116.7   0.2    4.6e-35  116.2   0.2    1.3  1  nat_25e53f7654eeb15d035e  
    3.2e-35  116.7   0.3    3.4e-35  116.6   0.3    1.0  1  nat_b06d07bf5a6f8cc59b30  
    3.2e-35  116.7   1.9    3.4e-35  116.6   1.9    1.0  1  nat_da651a0a7b69341f23f4  
    3.3e-35  116.7   0.5    3.5e-35  116.6   0.5    1.0  1  nat_bbaedab282a048e849b5  
    3.4e-35  116.6   0.4    5.4e-35  116.0   0.4    1.3  1  nat_3997c1e8cae542beb07c  
    3.5e-35  116.6   0.2    5.2e-35  116.1   0.2    1.3  1  nat_a781ed1499476fa04028  
    3.5e-35  116.6   0.2    5.5e-35  116.0   0.2    1.3  1  nat_31b4ab378929e0c134fa  
    3.5e-35  116.6   0.3    5.6e-35  116.0   0.3    1.3  1  nat_67d45ce3d0daa27e3aa3  
    3.6e-35  116.6   0.3    5.9e-35  115.9   0.3    1.3  1  nat_619107fa48650be1a768  
    3.9e-35  116.4   0.2    6.2e-35  115.8   0.2    1.3  1  nat_0eb236c2a0a999a958fc  
    4.6e-35  116.2   0.5    7.1e-35  115.6   0.5    1.3  1  nat_0942555d17806690a15c  
    4.6e-35  116.2   1.8    4.7e-35  116.2   1.8    1.0  1  nat_13dff233b6dfd04cb79c  
    4.7e-35  116.2   0.8    7.6e-35  115.5   0.8    1.3  1  nat_84b5083183d75de0f365  
    4.7e-35  116.2   0.4    6.2e-35  115.8   0.4    1.2  1  nat_d71b202a146af4e5c40e  
    4.8e-35  116.2   0.7    6.8e-35  115.7   0.7    1.2  1  nat_65c51b0fd105cce694ee  
    4.8e-35  116.1   0.6    6.4e-35  115.8   0.6    1.2  1  nat_31ec72d1a2119ce61d3a  
    4.9e-35  116.1   0.5    5.4e-35  116.0   0.5    1.0  1  nat_bf0dfc6c51956e5d54f7  
    5.2e-35  116.1   6.6    5.5e-35  116.0   6.6    1.0  1  nat_28fa7b3d2875a180443b  
    5.2e-35  116.0   4.2    5.5e-35  116.0   4.2    1.0  1  nat_6cd6a14977934f64979a  
    5.4e-35  116.0   0.5    5.9e-35  115.9   0.5    1.0  1  nat_e7817d8ef39a8df0fcfd  
    5.4e-35  116.0   1.5    5.9e-35  115.9   1.5    1.0  1  nat_4a610b8daff21e476288  
    5.5e-35  116.0   3.7    5.8e-35  115.9   3.7    1.0  1  nat_b1ead8162da63f55d1d6  
    5.6e-35  115.9   0.4    7.6e-35  115.5   0.4    1.2  1  nat_038b08407425f0209cdb  
    5.6e-35  115.9   0.3    7.9e-35  115.5   0.3    1.2  1  nat_8bfb3056e00dc3525ee8  
      6e-35  115.8   0.4    8.2e-35  115.4   0.4    1.2  1  nat_9c7fbca4e03cd6830bf2  
    6.3e-35  115.8   2.2    6.3e-35  115.8   2.2    1.0  1  nat_f73328bbfd200202daff  
    6.3e-35  115.8   1.6    7.2e-35  115.6   1.6    1.0  1  nat_c2f24f987da7fa8e29d9  
    6.4e-35  115.8   2.7    6.7e-35  115.7   2.7    1.0  1  nat_c0e3f34d82aab8fda872  
    7.8e-35  115.5   0.0    9.5e-35  115.2   0.0    1.1  1  nat_477b4b16e4be0d565386  
    8.2e-35  115.4   0.6    8.7e-35  115.3   0.6    1.0  1  nat_7bd6d00159b2d7ed0289  
    8.5e-35  115.4   0.8    1.3e-34  114.8   0.8    1.3  1  nat_c0749f9d4ae82bdc9955  
    8.6e-35  115.3   0.5    9.2e-35  115.3   0.5    1.0  1  nat_752dd7ddb136b7ab5ad1  
    1.1e-34  115.0   0.4    1.7e-34  114.4   0.4    1.3  1  nat_9065be60727dc7f9b388  
    1.1e-34  115.0   0.3    1.7e-34  114.4   0.3    1.3  1  nat_82b87d3bb03732004ea1  
    1.1e-34  114.9   0.5    1.5e-34  114.5   0.5    1.2  1  nat_8bf5071aed606f94333c  
    1.2e-34  114.9   0.2    1.8e-34  114.3   0.2    1.3  1  nat_cefd53f493008d2ff90c  
    1.3e-34  114.7   2.0    1.4e-34  114.7   2.0    1.0  1  nat_440c141d3d83ed043c33  
    1.5e-34  114.6   1.3    1.6e-34  114.4   1.3    1.0  1  nat_98f6b86d7ec22351f587  
    1.6e-34  114.5   3.0    1.7e-34  114.4   3.0    1.0  1  nat_a84874ccf2cf9f12a8ef  
    1.7e-34  114.4   0.5    1.8e-34  114.3   0.5    1.0  1  nat_f65bb2c7a1c06eb690c4  
    1.7e-34  114.4   1.4    1.7e-34  114.4   1.4    1.0  1  nat_86ebca091b9272e65750  
    1.8e-34  114.3   2.7    1.9e-34  114.2   2.7    1.0  1  nat_5232d22b275d6456aae5  
    1.9e-34  114.2   0.1      2e-34  114.2   0.1    1.0  1  nat_3ca11356bba8d59e0a37  
      2e-34  114.2   0.1    2.6e-34  113.8   0.1    1.2  1  nat_93acd62cda39262797de  
    2.2e-34  114.0   0.2    2.2e-34  114.0   0.2    1.0  1  nat_200ecff40f6b83ca60f9  
    2.3e-34  114.0   3.1    2.4e-34  113.9   3.1    1.0  1  nat_2685b9267d2b1a0083b0  
    2.4e-34  113.9   0.4    2.6e-34  113.8   0.4    1.0  1  nat_c5a4c69d0879da5e6614  
    2.4e-34  113.9   2.9    3.9e-34  113.2   2.9    1.3  1  nat_f5d47642f8821cca8f9a  
    2.4e-34  113.9   1.8    2.7e-34  113.7   1.8    1.0  1  nat_873dfd59523575571c0b  
    2.6e-34  113.8   2.8    2.7e-34  113.7   2.8    1.0  1  nat_2d95495542132d4c6c5b  
    2.8e-34  113.7   6.1    4.7e-34  113.0   6.1    1.4  1  nat_ae1ae553d673be7a537f  
    2.9e-34  113.6   3.0      3e-34  113.6   3.0    1.0  1  nat_8bb6c5a9c15b53104f77  
    2.9e-34  113.6   0.9      3e-34  113.6   0.9    1.1  1  nat_7a647eeb22ff0d5a70c4  
      3e-34  113.6   2.6    4.8e-34  112.9   2.6    1.3  1  nat_70cf8e4638ff311302cb  
    3.3e-34  113.5   0.3    3.3e-34  113.4   0.3    1.0  1  nat_42d774e2b731f8e5de6a  
    3.4e-34  113.4   1.5    3.7e-34  113.3   1.5    1.0  1  nat_0a5813d34fb4f832fd7d  
      4e-34  113.2   1.4    4.3e-34  113.1   1.4    1.0  1  nat_373d638b02f47e751a57  
    4.7e-34  113.0   2.0    5.1e-34  112.9   2.0    1.0  1  nat_34e09ae9d7236edc844b  
    4.8e-34  112.9   2.7    5.1e-34  112.8   2.7    1.0  1  nat_90c029da4514f00630c7  
    4.9e-34  112.9   0.9    5.4e-34  112.8   0.9    1.1  1  nat_7b672bf4b057eba2ffac  
      5e-34  112.9   0.2    5.1e-34  112.8   0.2    1.0  1  nat_fc382b09fdd1c909c75c  
    5.1e-34  112.9   0.5    5.5e-34  112.7   0.5    1.0  1  nat_53979ea823175001b77b  
    5.8e-34  112.7   3.0    1.1e-33  111.8   3.0    1.4  1  nat_4b3cb9501939449bf9be  
    5.9e-34  112.7   1.9      6e-34  112.6   1.9    1.0  1  nat_a66f240c8435d5f7eedc  
    6.2e-34  112.6   1.6    6.5e-34  112.5   1.6    1.0  1  nat_48837acd9988d5a6289d  
    6.7e-34  112.5   3.9    1.1e-33  111.8   3.9    1.4  1  nat_074f333dec93d43ec001  
    7.1e-34  112.4   0.2    7.6e-34  112.3   0.2    1.0  1  nat_4a87fc740463a61b2d05  
    7.7e-34  112.3   0.3    8.2e-34  112.2   0.3    1.0  1  nat_b28a6bed955c267791e6  
    7.8e-34  112.2   3.6    8.3e-34  112.2   3.6    1.0  1  nat_db099662bae325b9438c  
    7.9e-34  112.2   1.5    7.9e-34  112.2   1.5    1.0  1  nat_391901271c49a6d9d54b  
      8e-34  112.2   2.1    8.7e-34  112.1   2.1    1.0  1  nat_6dc60142a293ec7c6dcb  
    8.4e-34  112.1   2.3    9.3e-34  112.0   2.3    1.0  1  nat_fb877ea45a36f28c6227  
    8.5e-34  112.1   0.1    9.3e-34  112.0   0.1    1.1  1  nat_9fd0842a53e077dc147a  
    9.6e-34  112.0   0.2    1.4e-33  111.4   0.2    1.2  1  nat_9c754b1740d1977b7a29  
    9.6e-34  112.0   0.5      1e-33  111.9   0.5    1.0  1  nat_3dd2d389f45d6f0511d2  
    9.6e-34  112.0   1.7      1e-33  111.9   1.7    1.0  1  nat_6b94719ca1a990ee1d8f  
    9.9e-34  111.9   1.5      1e-33  111.9   1.5    1.0  1  nat_aa482e3cb48c4d364fbf  
      1e-33  111.9   0.2    1.1e-33  111.7   0.2    1.0  1  nat_10268ee8450e0bb5a453  
    1.1e-33  111.8   0.4    1.1e-33  111.7   0.4    1.0  1  nat_5577d4ac8367231fcec5  
    1.1e-33  111.7   3.8    1.2e-33  111.6   3.8    1.0  1  nat_0b5cd7683d0975317579  
    1.2e-33  111.7   3.4    1.2e-33  111.6   3.4    1.0  1  nat_29752096fb51cc573566  
    1.2e-33  111.6   1.5    1.2e-33  111.6   1.5    1.0  1  nat_910f1df4ae7a7e4e1292  
    1.3e-33  111.5   3.8    2.5e-33  110.6   3.8    1.5  1  nat_dbbc85b2e6d8fc6f3682  
    1.4e-33  111.5   6.6    2.7e-33  110.5   6.6    1.5  1  nat_fb2578ea0ecaed2ea0af  
    1.4e-33  111.4   4.2    1.5e-33  111.4   4.2    1.0  1  nat_d7b124bfad426ab2d29d  
    1.6e-33  111.3   2.6    1.7e-33  111.1   2.6    1.0  1  nat_f87e80c34ba5c8c8909b  
    1.7e-33  111.2   1.3    1.8e-33  111.1   1.3    1.0  1  nat_ffe402200c3540873462  
    1.7e-33  111.2   4.1    3.7e-33  110.1   4.1    1.5  1  nat_6ec46415f5fc553cea18  
    2.7e-33  110.5   4.8    2.8e-33  110.5   4.8    1.0  1  nat_130e62fc868ae20abbc4  
    3.9e-33  110.0   2.2    4.1e-33  109.9   2.2    1.0  1  nat_8400e38ff12b62b40e03  
    4.3e-33  109.9   3.4    4.6e-33  109.8   3.4    1.0  1  nat_24eac37b8142531de647  
    4.4e-33  109.8   0.5    4.5e-33  109.8   0.5    1.0  1  nat_6d378caa0baac445cb99  
    4.5e-33  109.8   0.5    4.8e-33  109.7   0.5    1.1  1  nat_dffa8ebddc81bbafa110  
    5.2e-33  109.6   0.7    5.3e-33  109.6   0.7    1.0  1  nat_3256fc90422610c7f8cc  
    5.4e-33  109.5   0.5    5.8e-33  109.5   0.5    1.0  1  nat_fd90bc846ac4fc169df6  
    5.8e-33  109.5   0.5    5.9e-33  109.4   0.5    1.0  1  nat_2a7c812c0104b829da2d  
    5.9e-33  109.4   1.6    5.9e-33  109.4   1.6    1.0  1  nat_8b73be19e1760871e605  
    5.9e-33  109.4   1.8    6.1e-33  109.4   1.8    1.0  1  nat_d405e6b9ae2292467032  
      6e-33  109.4   0.1    6.4e-33  109.3   0.1    1.0  1  nat_5ab45ad51e4b3b910fd8  
    6.6e-33  109.3   1.8    6.8e-33  109.2   1.8    1.0  1  nat_a95d48deca9746ef575e  
    7.6e-33  109.1   2.0    8.1e-33  109.0   2.0    1.0  1  nat_d9b751580230ca0e5773  
    8.2e-33  109.0   2.1    8.3e-33  108.9   2.1    1.0  1  nat_c98671ca28ab9cb8f04c  
    8.2e-33  109.0   2.7    8.2e-33  109.0   2.7    1.0  1  nat_161cd7e3295f80b2452b  
    8.8e-33  108.9   2.7    8.8e-33  108.9   2.7    1.0  1  nat_04e4c15b93bd18832d36  
    8.9e-33  108.8   3.8    9.2e-33  108.8   3.8    1.0  1  nat_5fa036ca3723472605e8  
    9.6e-33  108.7   4.3      1e-32  108.7   4.3    1.0  1  nat_3f956a2c7b90437404b4  
      1e-32  108.7   0.5    1.1e-32  108.5   0.5    1.0  1  nat_b7cd847cd6fe1a7829cf  
      1e-32  108.6   0.6    1.1e-32  108.6   0.6    1.1  1  nat_38b03f42eea75fbcc3e0  
    1.1e-32  108.5   1.4    1.1e-32  108.5   1.4    1.0  1  nat_799d6db27c80e0e7903b  
    1.2e-32  108.4   6.2    1.2e-32  108.4   6.2    1.0  1  nat_484b097725196d6613d9  
    1.2e-32  108.4   4.0    1.4e-32  108.3   4.0    1.0  1  nat_821a6d2a970cf6bcf9bb  
    1.2e-32  108.4   1.2    1.3e-32  108.3   1.2    1.0  1  nat_651deda52eb485d5380e  
    1.2e-32  108.4   4.8    1.3e-32  108.3   4.8    1.0  1  nat_ea394d0f8102113c7b58  
    1.4e-32  108.2   2.0    1.4e-32  108.2   2.0    1.0  1  nat_8029e604ce9dbbf533bc  
    1.6e-32  108.1   1.4    1.7e-32  108.0   1.4    1.0  1  nat_706052693e14c0674d09  
    1.6e-32  108.0   5.0    1.7e-32  107.9   5.0    1.0  1  nat_0a2d13805329602d008b  
    1.7e-32  107.9   0.2    2.1e-32  107.6   0.2    1.0  1  nat_3fc915e39b4dd0e48f0b  
      2e-32  107.7   5.2      2e-32  107.7   5.2    1.0  1  nat_a6afc902cb295160c5db  
    3.2e-32  107.1   0.4    3.2e-32  107.1   0.4    1.0  1  nat_86a1bb384f8aaccbe24a  
    3.2e-32  107.1   3.6    3.3e-32  107.0   3.6    1.0  1  nat_d510c78ee6fcdf216c53  
    3.2e-32  107.0   3.3    3.4e-32  107.0   3.3    1.0  1  nat_399c6c7f39b6c9cf5ad5  
    3.5e-32  106.9   0.1    3.5e-32  106.9   0.1    1.0  1  nat_6d2bef4d44f7bf3ac9b4  
    3.5e-32  106.9   3.8    3.7e-32  106.9   3.8    1.0  1  nat_c88f9ffff90291b15602  
    4.2e-32  106.7   0.2    4.2e-32  106.7   0.2    1.0  1  nat_41b03f4d8b23fbfeb923  
    5.9e-32  106.2   5.4    6.1e-32  106.2   5.4    1.0  1  nat_08d35b42e1d455774e7b  
    6.6e-32  106.0   5.5    6.8e-32  106.0   5.5    1.0  1  nat_aca6770bcb5a580c4c2a  
    9.1e-32  105.6   1.5    9.5e-32  105.5   1.5    1.0  1  nat_adbccafe282c78df56d1  
    1.3e-31  105.1   0.8    1.4e-31  105.0   0.8    1.0  1  nat_c0cbaeb838a26d617958  
    1.5e-31  104.9   0.3    1.6e-31  104.8   0.3    1.0  1  nat_04ba7db7d0670b52f7bf  
    1.6e-31  104.8   4.2    1.7e-31  104.7   4.2    1.0  1  nat_d8adf42b87bd05b02f3c  
    1.7e-31  104.7   1.1    1.9e-31  104.6   1.1    1.0  1  nat_71ad0aebbd9dc4f100e5  
    1.8e-31  104.6   1.4    1.9e-31  104.5   1.4    1.0  1  nat_1e293b4cbe670455f7f8  
    4.1e-31  103.5   0.6    4.8e-31  103.3   0.6    1.1  1  nat_bae63dd0b8d13acbfc4b  
    9.7e-31  102.3   0.1    1.1e-30  102.1   0.1    1.1  1  nat_1d2f3e1cd710fe0c7fcf  
    1.1e-30  102.1   2.3    1.2e-30  102.0   2.3    1.0  1  nat_9d4c1039a70fe9d54d51  
    1.1e-30  102.1   1.9    1.1e-30  102.1   1.9    1.0  1  nat_45f439ecd52873031578  
    1.8e-30  101.4   3.0      2e-30  101.3   3.0    1.0  1  nat_2b3e3d2d5bed050505a1  
    1.9e-30  101.4   2.4      2e-30  101.2   2.4    1.0  1  nat_d2a9cf80c0a0a91432b1  
    2.3e-30  101.1   2.1    2.4e-30  101.0   2.1    1.0  1  nat_c2cecfd096d8648b9858  
    3.1e-30  100.6   2.1    3.5e-30  100.5   2.1    1.0  1  nat_205609067b26bcd62eb1  
    5.4e-30   99.9   0.2    6.3e-30   99.7   0.2    1.0  1  nat_851698785dae5c558dd3  
    8.6e-30   99.2   0.2    9.6e-30   99.1   0.2    1.0  1  nat_4dd27faa1e6ec7300c76  
    1.1e-29   98.8   2.4    1.2e-29   98.7   2.4    1.0  1  nat_fb842fc4ca3ea6c7b170  
    1.4e-29   98.6   0.3    1.4e-29   98.6   0.3    1.0  1  nat_abe747a6a02da3a854f9  
    1.3e-28   95.5   0.2    1.3e-28   95.4   0.2    1.0  1  nat_06a18e8f389879fa7357  
    2.7e-28   94.4   0.0    2.7e-28   94.4   0.0    1.0  1  nat_6beaed64ee52af83e50c  
    4.4e-28   93.7   1.3    4.9e-28   93.6   1.3    1.0  1  nat_5ce032d4beb5b5581c61  
    7.1e-28   93.1   1.1    7.5e-28   93.0   1.1    1.1  1  nat_13cb78a146ca0e28f916  
    1.7e-27   91.8   0.0    1.7e-27   91.8   0.0    1.0  1  nat_5c822346ac3970562a14  
      2e-27   91.6   3.6    2.2e-27   91.5   3.6    1.0  1  nat_938bc5a2fbf0cc2d6a30  
    7.6e-27   89.7   0.1    8.2e-27   89.6   0.1    1.0  1  nat_1af65d71957f5cb92049  
    1.8e-26   88.5   0.2    2.2e-26   88.3   0.2    1.1  1  nat_3920ca7a93d3521445d8  
    1.1e-25   86.0   0.3    1.3e-25   85.7   0.3    1.1  1  nat_35cbbb25f10deebd7391  
      2e-25   85.2   0.0    2.1e-25   85.1   0.0    1.1  1  nat_9e4b470d40cacf2bb300  
    7.7e-25   83.3   0.2      8e-25   83.2   0.2    1.0  1  nat_bc0dc31c406bce90747d  
    1.3e-24   82.5   0.5    1.3e-24   82.5   0.5    1.0  1  nat_fcf6516adac55651ea82  
    5.5e-24   80.5   0.1    5.9e-24   80.4   0.1    1.0  1  nat_027ad09700015f1d30d2  
      2e-19   65.8   1.2    2.4e-19   65.6   1.2    1.1  1  nat_fd72e792f1baf1428f94  
    5.6e-19   64.4   0.6      6e-19   64.3   0.6    1.2  1  nat_2326b4b1edc73215c448  
    7.2e-19   64.0   1.0    8.1e-19   63.8   1.0    1.2  1  nat_bb76aad3eff34c3e25a9  
    8.8e-19   63.7   1.2      1e-18   63.5   1.2    1.2  1  nat_1359fb8c6e51c0f9bb89  
    5.2e-17   58.0   0.1    6.3e-17   57.8   0.1    1.2  1  nat_42f645640533e9fbacdd  
    8.2e-17   57.4   2.5    8.8e-17   57.3   2.5    1.2  1  nat_5f9abedf20fee61c54e6  
    6.3e-16   54.5   1.6    9.4e-16   54.0   1.6    1.3  1  nat_b803f831d4bb3d108316  
    2.4e-15   52.7   0.7    3.5e-15   52.1   0.7    1.2  1  nat_08303d07c69b3b006cc6  
    5.2e-15   51.6   1.3    6.8e-15   51.2   1.3    1.1  1  nat_c52144aca7397b867a63  
    5.8e-15   51.4   0.1    6.9e-15   51.2   0.1    1.2  1  nat_d4445ac643365af43707  
    8.4e-15   50.9   0.0    9.7e-15   50.7   0.0    1.2  1  nat_d841fd9bd8b58bf592fe  
    9.8e-15   50.7   0.8    1.2e-14   50.4   0.8    1.3  1  nat_527c30968406b8971bd9  
      1e-14   50.6   1.3    1.5e-14   50.1   1.3    1.2  1  nat_863aa5d511e9b0bd2124  
    1.4e-14   50.2   0.1    1.5e-14   50.1   0.1    1.2  1  nat_fb9c2dd13c55d0636bf5  
    1.6e-14   50.0   0.0    2.1e-14   49.6   0.0    1.2  1  nat_baa75d7a0b2a702d394f  
    1.9e-14   49.8   0.3    2.7e-14   49.2   0.3    1.2  1  nat_c8e916c7b41a8a9952b3  
    2.3e-14   49.5   0.5    3.3e-14   49.0   0.5    1.3  1  nat_3c9e2709e4c61b19b096  
    2.3e-14   49.5   0.7    3.2e-14   49.1   0.7    1.2  1  nat_4495866b5726ec2434b0  
      3e-14   49.1   3.0    3.7e-14   48.8   3.0    1.4  1  nat_97f185fb614d6fb1882a  
      3e-14   49.1   1.4    3.3e-14   49.0   1.4    1.3  1  nat_43ad3fce3180fed29bdc  
    3.5e-14   48.9   0.0      4e-14   48.7   0.0    1.2  1  nat_e8f1bfaee2fbaf8ab3a0  
    3.5e-14   48.9   0.8    5.2e-14   48.4   0.8    1.2  1  nat_4e63b8fa8ea10a0a928c  
    3.7e-14   48.8   0.9    5.8e-14   48.2   0.9    1.2  1  nat_fb05e2a23a89dc31d2f2  
      4e-14   48.7   0.0    4.6e-14   48.5   0.0    1.2  1  nat_7cf74e461ac8ae619696  
    4.1e-14   48.7   0.0    4.3e-14   48.6   0.0    1.2  1  nat_109519c9021025e4fc63  
    4.6e-14   48.5   1.8    6.6e-14   48.0   1.8    1.3  1  nat_4e5681c6ec37761d7383  
    6.1e-14   48.1   0.5      9e-14   47.6   0.5    1.2  1  nat_7417efad48a14c1555d4  
    7.1e-14   47.9   0.0      8e-14   47.8   0.0    1.2  1  nat_1c949f5ba7f49b569cd5  
    7.1e-14   47.9   1.1      9e-14   47.6   1.1    1.3  1  nat_3da05007aed6ad7ca03b  
    7.4e-14   47.9   0.3    1.4e-13   47.0   0.3    1.4  1  nat_8494cbcf9774a41e069d  
    7.7e-14   47.8   1.9    9.5e-14   47.5   1.9    1.3  1  nat_57ae02b5e430d2b2bc5a  
    7.9e-14   47.8   0.0    8.7e-14   47.6   0.0    1.2  1  nat_cc66d4eee0730ede696b  
    8.4e-14   47.7   0.4    1.3e-13   47.0   0.4    1.2  1  nat_83028a3e0826e61bf382  
      1e-13   47.4   0.5    1.4e-13   46.9   0.5    1.2  1  nat_d6e68514b0eb73608bd0  
    1.1e-13   47.3   3.4    1.6e-13   46.8   3.4    1.2  1  nat_f41f39c57e294fe1a02f  
    1.2e-13   47.2   1.7    1.5e-13   46.9   1.7    1.3  1  nat_38af8bf96acabf2df8a2  
    1.2e-13   47.2   0.4    1.7e-13   46.7   0.4    1.2  1  nat_18ffe7b58122d3e247f3  
    1.3e-13   47.0   1.7    1.5e-13   46.8   1.7    1.2  1  nat_216c871a89607e7b1e8c  
    1.3e-13   47.0   1.8    1.6e-13   46.8   1.8    1.3  1  nat_953542b6961a34556ee5  
    1.4e-13   46.9   1.9    1.8e-13   46.6   1.9    1.3  1  nat_277d97cec99a601f7659  
    1.5e-13   46.9   1.5    1.7e-13   46.7   1.5    1.3  1  nat_92c16e14e2910a7a0ba5  
    1.6e-13   46.8   0.4    2.2e-13   46.4   0.4    1.1  1  nat_1ac3704f7f900563d271  
    1.7e-13   46.7   0.2    2.3e-13   46.2   0.2    1.1  1  nat_ebc083d439049b48d78d  
    1.9e-13   46.6   0.6    2.7e-13   46.1   0.6    1.2  1  nat_67d68ebfb40b00ae5bfc  
      2e-13   46.5   0.5    2.8e-13   46.0   0.5    1.2  1  nat_a50b87b6aec329c2f680  
    2.2e-13   46.3   3.4    2.2e-13   46.3   3.4    1.4  1  nat_44abe1cc1d8456dc6c46  
    3.1e-13   45.9   0.8    4.5e-13   45.3   0.8    1.2  1  nat_3a48abf479c0a84ce532  
    3.4e-13   45.7   0.7    5.1e-13   45.2   0.7    1.2  1  nat_fd4bf5387ee8f62ffaee  
    4.1e-13   45.5   2.7    5.6e-13   45.0   2.8    1.3  1  nat_a7888708ef06ff429137  
    6.6e-13   44.8   0.6    8.1e-13   44.5   0.6    1.1  1  nat_ce0374b116e56b005b6e  
    3.1e-12   42.6   0.0    3.6e-12   42.4   0.0    1.1  1  nat_b0f226cab132da339d39  
    4.8e-12   42.0   1.6    7.2e-12   41.5   1.6    1.2  1  nat_2d6ae3851377c5ea8190  
    5.9e-12   41.7   0.4    8.1e-12   41.3   0.4    1.2  1  nat_5388e98c468816cc13cf  
      1e-11   40.9   0.8    1.2e-11   40.7   0.8    1.2  1  nat_29912d63ac90b8f0de89  
    1.2e-11   40.7   0.0    1.3e-11   40.6   0.0    1.1  1  nat_ff88219e90de45ec84dd  
    1.3e-11   40.7   2.8      2e-11   40.0   2.8    1.2  1  nat_cabdc6eb27bf25bd595f  
    1.3e-11   40.6   0.1    2.7e-11   39.6   0.1    1.7  1  nat_68d2bce649ad98618d0c  
    1.4e-11   40.5   1.0    1.5e-11   40.4   1.0    1.1  1  nat_8b5302944c9c53b081ba  
    6.2e-11   38.4   0.3    6.3e-11   38.4   0.3    1.1  1  nat_f1c7d03ba03b4be49674  
    1.3e-10   37.4   0.9    1.4e-10   37.3   0.9    1.1  1  nat_9a422dac16c32cad3bba  
    1.5e-10   37.2   0.7    1.8e-10   37.0   0.7    1.1  1  nat_1e84f7075826793ff666  
    8.1e-09   31.6   0.1    8.1e-09   31.6   0.1    1.1  1  nat_6145f3ad1ea0e157727e  
      1e-08   31.3   0.6      1e-08   31.3   0.6    1.2  1  nat_8fc3a32e7b76288cb25f  
    4.5e-08   29.2   1.4    4.7e-08   29.2   1.4    1.1  1  nat_d9e2c3510c30c0589662  
    1.7e-07   27.4   0.9    1.9e-07   27.2   0.9    1.1  1  nat_b517a54b2425b7fab44e  
      2e-07   27.1   2.5    2.3e-07   27.0   2.5    1.1  1  nat_15354eea3b71e93dc2d8  
    2.2e-07   27.0   1.4    2.6e-07   26.8   1.4    1.2  1  nat_7bdfaf160f3bdc576512  
    3.7e-07   26.3   1.0    4.8e-07   25.9   1.0    1.1  1  nat_d8ad104f77bb8702bdff  
    3.7e-07   26.3   0.1      4e-07   26.2   0.1    1.2  1  nat_cc09b951685ac0c5b5b6  
    3.8e-07   26.2   0.5    4.3e-07   26.1   0.5    1.1  1  nat_4072fb75166ef38f260c  
    3.8e-07   26.2   0.4    4.5e-07   26.0   0.4    1.1  1  nat_c792d0ccf9656242d21f  
    1.4e-06   24.4   1.5    1.7e-06   24.1   1.5    1.1  1  nat_2418f88ce760e94aa371  
    2.1e-06   23.8   3.6    3.1e-06   23.3   3.6    1.2  1  nat_09039b31722d95054d91  
    2.3e-06   23.7   3.0    2.5e-06   23.6   3.0    1.1  1  nat_010082680009eecfac60  
    2.3e-06   23.7   1.1    2.7e-06   23.5   1.1    1.1  1  nat_99f9c082fc6d7119274b  
    2.7e-06   23.5   3.5      3e-06   23.4   3.5    1.1  1  nat_36cf392ab682d21df0c3  
    2.7e-06   23.5   1.4    4.4e-06   22.8   1.4    1.3  1  nat_f5e37f04fa6151500a34  
    3.2e-06   23.3   2.5      4e-06   22.9   2.5    1.1  1  nat_eb733570d58501633fc1  
    4.9e-06   22.7   2.0    5.7e-06   22.4   2.0    1.0  1  nat_efc0acbdbe04d80b1008  
    4.9e-06   22.7   2.0    5.9e-06   22.4   2.0    1.1  1  nat_e6372e2544e857de1c1a  
    1.6e-05   21.0   3.6    1.8e-05   20.9   3.6    1.1  1  nat_9114ed5c98a66ed29c8f  
    1.7e-05   20.9   3.7    2.1e-05   20.6   3.7    1.1  1  nat_5a7b283fcc1aa481a002  
    2.3e-05   20.5   3.8    3.1e-05   20.1   3.8    1.1  1  nat_f580e47f980a015394d4  
    2.9e-05   20.2   4.0    3.1e-05   20.1   4.0    1.1  1  nat_fb9ab597baf336e67012  
    4.6e-05   19.5   0.3    6.2e-05   19.1   0.3    1.1  1  nat_4b18e36320efc89e1eea  
    4.9e-05   19.4   3.4    6.5e-05   19.0   3.4    1.1  1  nat_0a0c4f57cf79f46bf8f3  
      5e-05   19.4   3.0    5.3e-05   19.3   3.0    1.1  1  nat_0dd57e3f0fd4025b07a4  
    5.2e-05   19.3   4.7    5.6e-05   19.2   4.7    1.1  1  nat_d0a05bdfe7e9e584cd32  
    5.8e-05   19.2   1.7    7.4e-05   18.9   1.7    1.1  1  nat_2293e201a0a9994e8131  
    6.2e-05   19.1   0.1    9.2e-05   18.5   0.1    1.3  1  nat_d22fd9b7defd0d469ae2  
      7e-05   18.9   3.3    7.8e-05   18.8   3.3    1.1  1  nat_e80ed7d223f205a872d2  
    7.3e-05   18.9   4.7    9.1e-05   18.6   4.7    1.1  1  nat_310001c53513ca67a4e6  
    8.4e-05   18.7   4.0    0.00011   18.2   4.0    1.1  1  nat_65814e7d7b7cf9390874  
    0.00011   18.3   4.1    0.00011   18.3   4.1    1.1  1  nat_b12ef49ba163ab644495  
    0.00016   17.8   2.5    0.00019   17.5   2.5    1.1  1  nat_8bcb6afe25219c72fc3a  
     0.0002   17.5   3.0    0.00027   17.0   3.0    1.1  1  nat_7e161df14aecc433aaad  
    0.00021   17.4   0.1    0.00023   17.3   0.1    1.2  1  nat_34d80926a4ec3dd31a64  
    0.00023   17.3   0.5    0.00028   17.0   0.5    1.1  1  nat_9aa7f4be26f67c517aa1  
    0.00027   17.0   0.6    0.00034   16.7   0.6    1.1  1  nat_b65584b455da6ddf1098  
    0.00035   16.7   0.0    0.00038   16.5   0.0    1.2  1  nat_2675f550102ba64d3177  
    0.00041   16.5   5.2    0.00044   16.4   5.2    1.1  1  nat_7d9c3cb46a3650cb966f  
    0.00046   16.3   3.2    0.00056   16.0   3.2    1.2  1  nat_76425a53078630280b17  
    0.00062   15.9   4.4    0.00084   15.4   4.4    1.1  1  nat_69566bd3dfb0ad71c79f  
    0.00081   15.5   1.3    0.00096   15.3   1.3    1.1  1  nat_fb104b6db70ffc781527  
    0.00087   15.4   3.2     0.0012   15.0   3.2    1.1  1  nat_e7d0fda38d12f19e6029  
    0.00098   15.2   0.8    0.00098   15.2   0.8    1.4  1  nat_c09646878c86422db188  
     0.0011   15.1   6.6     0.0014   14.8   6.6    1.0  1  nat_75a81fedbebe184b8528  
     0.0012   14.9   3.8     0.0018   14.3   3.8    1.2  1  nat_ab429a25b1ea00182dd5  
     0.0012   14.9   2.8     0.0016   14.6   2.8    1.1  1  nat_8021adb844c9a8ddd77d  
     0.0013   14.8   2.2     0.0018   14.4   2.2    1.1  1  nat_0d266ce45b1a72db8115  
     0.0014   14.7   3.8      0.002   14.3   3.8    1.1  1  nat_fa4d2b91fc8467b72fd0  
     0.0015   14.7   4.6     0.0018   14.4   4.6    1.1  1  nat_64414e6d3eb28c6a80e0  
     0.0015   14.6   4.5      0.002   14.3   4.5    1.1  1  nat_a4d59c0ba0a75c675a9e  
     0.0015   14.6   2.3      0.002   14.2   2.3    1.1  1  nat_531ae3f11b11d3960405  
     0.0015   14.6   6.3      0.002   14.2   6.3    1.1  1  nat_df37a457c53fb207d5f3  
     0.0017   14.5   4.0     0.0022   14.1   4.0    1.1  1  nat_2ddb34aa2bfe89121c6e  
     0.0017   14.5   4.8     0.0022   14.1   4.8    1.1  1  nat_59ebab222d7c72ba71eb  
      0.002   14.3   3.2     0.0023   14.0   3.2    1.1  1  nat_3bc61484098f8112b62d  
     0.0021   14.2   1.8     0.0028   13.7   1.8    1.2  1  nat_dfa30aeb69b3c1d9527c  
     0.0042   13.2   6.2     0.0053   12.9   6.2    1.1  1  nat_0e5ce9bab742d3b19084  
     0.0074   12.4   4.5     0.0093   12.1   4.4    1.2  1  nat_71f3aa878bea7d594a02  
  ------ inclusion threshold ------
      0.017   11.2   0.3      0.023   10.8   0.3    1.2  1  nat_ff6380bfdca9331d95d6  
      0.062    9.4   0.1      0.071    9.2   0.1    1.2  1  nat_06e8f5161feadd73f178  
       0.14    8.3   2.9       0.17    8.0   2.9    1.1  1  nat_517193d41961ed2ef463  
       0.15    8.1   0.2       0.17    8.0   0.2    1.1  1  nat_7fe60b78eb93278ce17f  
       0.16    8.1   0.1       0.18    7.9   0.1    1.2  1  nat_cf1915a149f97296d3fd  
          2    4.6   0.6        2.5    4.2   0.6    1.2  1  nat_c3864be3a36de85b74e8  
        2.2    4.4   0.9        5.1    3.3   0.9    1.6  1  nat_40a0a8750aca528762bd  
        2.8    4.1   0.2          6    3.0   0.2    1.8  1  nat_a03c379cbf87f690f977  
        4.2    3.5   0.2         11    2.2   0.2    1.7  1  nat_0d84dbf97ab2b46ef91f  
        5.2    3.2   0.5         11    2.2   0.2    1.5  1  nat_26c7b3dfaf246cf1a8c9  
        6.1    3.0   0.4         19    1.4   0.2    1.7  1  nat_96d3b6c17b4236f755ff  
        6.8    2.9   0.2         15    1.8   0.1    1.5  1  nat_3140e24fc354e74b1db5  
        7.1    2.8   0.3         11    2.1   0.2    1.6  1  nat_ba3ce50a83eb19a0e206  
        7.3    2.7   0.7         17    1.6   0.7    1.7  1  nat_2fd75fe1ce765a30a2c2  
        8.8    2.5   0.2         30    0.8   0.2    1.9  1  nat_ec10e0156991628947d7  
        9.4    2.4   0.2         30    0.8   0.2    1.8  1  nat_a895f4b7ef74bb829558  
         11    2.2   0.0         23    1.1   0.0    1.5  1  nat_32bb9a298fdead7fe2cf  
         11    2.2   0.1         12    2.0   0.1    1.3  1  nat_f993bd13f890ef7ea4b0  
         12    2.0   0.2         15    1.7   0.2    1.3  1  nat_155ff0e1a28c900ffd67  
         14    1.8   0.0         16    1.6   0.0    1.2  1  nat_54a094b6383fa8729a8a  
         17    1.6   0.5         40    0.4   0.4    1.7  1  nat_8f2388b1e2d08d14e65c  
         17    1.6   0.1         18    1.5   0.1    1.3  1  nat_2726d22ebeb8d26c79ba  
         17    1.5   0.0         41    0.3   0.0    1.5  1  nat_b6788780f8276706d4f8  
         18    1.5   0.0         43    0.3   0.0    1.5  1  nat_b1a09ad8c66c5441129d  
         20    1.4   0.2    1.3e+02   -1.2   0.0    1.9  0  nat_0e37face31f27f3afe2e  
         21    1.3   0.3         71   -0.4   0.1    1.5  0  nat_4148f2a81e7132b20b9f  
         21    1.3   0.0         24    1.1   0.0    1.2  1  nat_12a2e44091d101f884a5  
         25    1.0   0.0         31    0.7   0.0    1.4  1  nat_e8cdf7701819b67c0045  
         25    1.0   0.0         25    1.0   0.0    1.2  1  nat_fe204662a53e33e47edd  
         25    1.0   0.2      1e+02   -1.0   0.1    1.7  0  nat_4b7ad6db9515cdca0afc  
         25    1.0   0.9         64   -0.3   0.9    1.7  0  nat_cd2718b64a671e091f03  
         25    1.0   0.2         47    0.1   0.1    1.5  1  nat_6392ee051886d826e69f  
         26    1.0   0.1         29    0.8   0.1    1.4  1  nat_ba3ba5496951fc0249d5  
         26    1.0   0.2         88   -0.7   0.1    1.6  0  nat_3746fe8ba06fb11c8391  
         27    0.9   0.1         47    0.1   0.0    1.3  1  nat_0fa964bd081fca56521b  
         28    0.9   0.0    1.1e+02   -1.1   0.0    1.6  0  nat_ebc44a87237f68a7c915  
         28    0.9   0.0         33    0.7   0.0    1.1  1  nat_27a014e0508035f164ab  
         29    0.8   0.2         73   -0.5   0.1    1.5  0  nat_a62ee5e456230e34d781  
         29    0.8   0.0         36    0.5   0.0    1.2  1  nat_ecec43ec6ff0f46c3f32  
         29    0.8   0.1         93   -0.8   0.0    1.6  0  nat_c5038f463e5d201e8120  
         30    0.8   0.1         39    0.4   0.1    1.3  1  nat_76bd47c3dff544aa7f3b  
         30    0.8   0.1         91   -0.8   0.1    1.6  0  nat_b2284ef968ad70670927  
         31    0.7   0.0         32    0.7   0.0    1.3  1  nat_92899af89be9c12f869e  
         32    0.7   0.1         42    0.3   0.1    1.4  1  nat_e92400776b88a8a20901  
         32    0.7   0.8    1.3e+02   -1.3   0.1    1.8  0  nat_9d025537a51bc5d03723  
         32    0.7   0.0         63   -0.3   0.0    1.3  0  nat_994a4482dd16b5b114de  
         32    0.7   0.1         33    0.7   0.1    1.3  1  nat_eefbcc5767c120619040  
         33    0.7   0.0         71   -0.4   0.0    1.4  0  nat_bb4ad0389d3d02787ebc  
         33    0.7   0.0         35    0.6   0.0    1.3  1  nat_1be8da2500a3aec3282a  
         33    0.7   0.0    1.3e+02   -1.3   0.0    1.6  0  nat_bc1dfc529c118b23ed14  
         34    0.6   0.1         84   -0.7   0.1    1.4  0  nat_966e28ed9f738f4867a4  
         34    0.6   0.3    1.2e+02   -1.2   0.3    1.6  0  nat_1170e078d9d96969bdea  
         35    0.6   0.1         92   -0.8   0.0    1.3  0  nat_90b0b029f6d1842c7a1c  
         35    0.6   0.1    1.1e+02   -1.1   0.1    1.5  0  nat_0191a16db7363afe30ed  
         35    0.6   0.0         45    0.2   0.0    1.4  1  nat_a3571b1c51affce50627  
         36    0.5   0.1    1.1e+02   -1.0   0.1    1.5  0  nat_d07971e43367e87871c1  
         37    0.5   0.9    1.8e+02   -1.8   0.0    1.8  0  nat_dbae310253aa128f5396  
         38    0.4   0.0    1.2e+02   -1.2   0.0    1.5  0  nat_ed04590ddb4f4b88a9ee  
         38    0.4   0.2      1e+02   -1.0   0.2    1.5  0  nat_9f5b9c362628d07b156e  
         39    0.4   0.1         49    0.1   0.1    1.3  1  nat_ca9b369882de345fd105  
         39    0.4   0.7    1.4e+02   -1.4   0.7    1.7  0  nat_e13a928701aeb9987942  
         39    0.4   0.3         95   -0.8   0.3    1.6  0  nat_66da46cd547656a41784  
         39    0.4   0.0    1.9e+02   -1.8   0.1    1.6  0  nat_5b21333ca43991c18adf  
         39    0.4   0.0         45    0.2   0.0    1.3  1  nat_575d455e710e37b166bf  
         42    0.3   0.0         48    0.1   0.0    1.2  1  nat_55f831f992234588cedd  
         42    0.3   0.0    1.6e+02   -1.6   0.0    1.4  0  nat_c4a69bd076e3206cdf7d  
         42    0.3   0.0         46    0.2   0.0    1.2  1  nat_dd2f32ef247b4c80fbc3  
         43    0.3   0.1    2.3e+02   -2.1   0.1    1.6  0  nat_f6a69c0e0736bb18b1ef  
         43    0.3   0.0    1.3e+02   -1.3   0.0    1.5  0  nat_2022a6c27d72ff193c60  
         43    0.3   0.0         48    0.1   0.0    1.2  1  nat_9a0abc7123e25547e268  
         43    0.3   0.2         65   -0.3   0.2    1.4  0  nat_e5df3d986da0fca5374f  
         44    0.2   0.0    1.7e+02   -1.6   0.0    1.5  0  nat_e778f1c75487e219316a  
         45    0.2   0.0         46    0.2   0.0    1.3  1  nat_b73460f69f417dd9c10a  
         45    0.2   0.0         48    0.1   0.0    1.3  1  nat_fe4d20702bf334b6ba14  
         46    0.2   0.0      2e+02   -1.9   0.0    1.5  0  nat_8d6eb3dba5f66ed00c36  
         46    0.2   0.6      2e+02   -1.9   0.6    1.7  0  nat_aa024521c48af22f0cac  
         46    0.2   0.1         51    0.0   0.1    1.2  1  nat_d9f4961baff7df57d2fd  
         48    0.1   0.1         63   -0.3   0.0    1.3  0  nat_bb8bd68fa8e0bdf188b8  
         48    0.1   0.0    1.6e+02   -1.6   0.0    1.5  0  nat_bd0342686b2f502068cb  
         48    0.1   0.1    2.1e+02   -2.0   0.1    1.6  0  nat_aea83ae7d90d55b47242  
         48    0.1   0.0         51    0.0   0.0    1.2  1  nat_d78c925145ff9cdee9e2  
         48    0.1   0.0         83   -0.7   0.0    1.3  0  nat_dc71d2c9e2ae6d8df31f  
         49    0.1   0.8    1.8e+02   -1.8   0.8    1.6  0  nat_c6e3c14644f67cebef3e  
         49    0.1   0.1         74   -0.5   0.0    1.2  0  nat_45b22f50bea29121c3a5  
         49    0.1   0.1    2.4e+02   -2.1   0.1    1.6  0  nat_e20da7d5ac77292299bb  
         50    0.1   0.0         73   -0.5   0.0    1.3  0  nat_78e92a5884209d4e3a56  
         50    0.1   0.1         60   -0.2   0.1    1.2  0  nat_d7ae49ed1ac2f86b33c1  
         50    0.1   0.1         50    0.1   0.1    1.3  1  nat_ceedf3da692b323fb6cd  
         50    0.0   0.3    1.2e+02   -1.1   0.3    1.6  0  nat_abc745ebe41e8e165dcf  
         50    0.0   0.1    1.6e+02   -1.6   0.1    1.5  0  nat_ffdf982027d2763f7932  
         51    0.0   0.2    1.3e+02   -1.3   0.2    1.5  0  nat_4df28bd64c5d145f4a45  
         51    0.0   0.0         54   -0.0   0.0    1.2  0  nat_8c5563b595d2c6f99a2c  
         51    0.0   0.0         51    0.0   0.0    1.2  1  nat_c1fe0a4a727199d7f1bd  
         52    0.0   0.1    1.4e+02   -1.4   0.1    1.5  0  nat_9b5f9b7ef68b10434976  


Domain annotation for each sequence (and alignments):
>> nat_ef77ab19922de7e129e4  
   #    score  bias  c-Evalue  i-Evalue hmmfrom  hmm to    alifrom  ali to    envfrom  env to     acc
 ---   ------ ----- --------- --------- ------- -------    ------- -------    ------- -------    ----
   1 !  156.2   0.1   1.2e-47   1.8e-47       5     114 ..      10     134 ..       1     136 [. 0.88

  Alignments for each domain:
  == domain 1  score: 156.2 bits;  conditional E-value: 1.2e-47
                      gvpa   5 kvsdsssLaevldrvLDkGiviDafvRvslvGieiltieaRvvvasvdtyLryaeavgrld................evaesaaa 73 
                               +  +ss+L++vl++vLD+G+viDafvRvslvGieil+i++RvvvasvdtyLr+aea++rld                +v+es+a+
  nat_ef77ab19922de7e129e4  10 GGGGSSGLYDVLELVLDRGLVIDAFVRVSLVGIEILKIDVRVVVASVDTYLRFAEACNRLDlesgpnkspglpdvvgQVTESGAR 94 
                               5678********************************************************************************* PP

                      gvpa  74 evskgalsgaaeaisdalkealvseesesrkssrassrrke 114
                               ++skgalsgaae+isda+k+a+++ e  +r + +a++rrke
  nat_ef77ab19922de7e129e4  95 GKSKGALSGAAETISDAFKQARDEGEERPR-TRKAAARRKE 134
                               *********************776655555.4555555554 PP

>> nat_79581e5ad6e56e668c37  
   #    score  bias  c-Evalue  i-Evalue hmmfrom  hmm to    alifrom  ali to    envfrom  env to     acc
 ---   ------ ----- --------- --------- ------- -------    ------- -------    ------- -------    ----
   1 !  155.1   0.1   2.7e-47     4e-47       5     113 ..      10     132 ..       1     136 [] 0.91

  Alignments for each domain:
  == domain 1  score: 155.1 bits;  conditional E-value: 2.7e-47
                      gvpa   5 kvsdsssLaevldrvLDkGiviDafvRvslvGieiltieaRvvvasvdtyLryaeavgrld................evaesaaa 73 
                               +  +ss+L++vl++vLD+G+viDafvRvslvGieil+i++RvvvasvdtyLr+aea++rld                +v+es+a+
  nat_79581e5ad6e56e668c37  10 GGGGSSGLYDVLELVLDRGLVIDAFVRVSLVGIEILKIDVRVVVASVDTYLRFAEACNRLDlesgpnkspglpdvvgQVTESGAR 94 
                               5678********************************************************************************* PP

                      gvpa  74 evskgalsgaaeaisdalkealvseesesrkssrassrrk 113
                               ++skgalsgaae+isda+k+a+++ e+ +r+ + a++  k
  nat_79581e5ad6e56e668c37  95 GKSKGALSGAAETISDAFKQARDEGEARPRRKAPARR--K 132
                               *********************9999888888776533..3 PP

>> nat_3e858629efd06bf33e52  
   #    score  bias  c-Evalue  i-Evalue hmmfrom  hmm to    alifrom  ali to    envfrom  env to     acc
 ---   ------ ----- --------- --------- ------- -------    ------- -------    ------- -------    ----
   1 !  154.8   0.1   3.4e-47     5e-47       5     114 ..      11     136 ..       1     137 [. 0.94

  Alignments for each domain:
  == domain 1  score: 154.8 bits;  conditional E-value: 3.4e-47
                      gvpa   5 kvsdsssLaevldrvLDkGiviDafvRvslvGieiltieaRvvvasvdtyLryaeavgrld................evaesaaa 73 
                               +  +ss+L++vl++vLD+G+viDafvRvslvGieil+i++RvvvasvdtyLr+aea++rld                e++es+a+
  nat_3e858629efd06bf33e52  11 GGGGSSGLYDVLELVLDRGLVIDAFVRVSLVGIEILKIDVRVVVASVDTYLRFAEACNRLDleagprkspglpdlvgEITESGAR 95 
                               55689******************************************************************************** PP

                      gvpa  74 evskgalsgaaeaisdalkealvseesesrkssrassrrke 114
                               ++skgalsgaa++isda+k+a+++ e+esr+  ++++rrke
  nat_3e858629efd06bf33e52  96 GKSKGALSGAAQTISDAFKQAREEGETESRRPRKTAARRKE 136
                               ********************************999999986 PP

>> nat_fd0fbb7fdb870f3d334b  
   #    score  bias  c-Evalue  i-Evalue hmmfrom  hmm to    alifrom  ali to    envfrom  env to     acc
 ---   ------ ----- --------- --------- ------- -------    ------- -------    ------- -------    ----
   1 !  153.4   0.0   8.9e-47   1.3e-46       5     115 .]      11     137 ..       1     137 [. 0.94

  Alignments for each domain:
  == domain 1  score: 153.4 bits;  conditional E-value: 8.9e-47
                      gvpa   5 kvsdsssLaevldrvLDkGiviDafvRvslvGieiltieaRvvvasvdtyLryaeavgrld................evaesaaa 73 
                               +  ++s+L++vl++vLD+G+viDafvRvslvGieil+i++RvvvasvdtyLr+aea++rld                e++es+a+
  nat_fd0fbb7fdb870f3d334b  11 GGGGTSGLYDVLELVLDRGLVIDAFVRVSLVGIEILKIDVRVVVASVDTYLRFAEACNRLDleagphrspglpdlvgEITESGAR 95 
                               45689******************************************************************************** PP

                      gvpa  74 evskgalsgaaeaisdalkealvseesesrkssrassrrkee 115
                               ++skgalsgaa++is+a+k+a+++ e+e+r+  ++++rrkee
  nat_fd0fbb7fdb870f3d334b  96 GKSKGALSGAAQTISEAFKQAREEGEAEPRRPRKTAARRKEE 137
                               **********************************99999985 PP

>> nat_6da5911cb6f5dbfefd09  
   #    score  bias  c-Evalue  i-Evalue hmmfrom  hmm to    alifrom  ali to    envfrom  env to     acc
 ---   ------ ----- --------- --------- ------- -------    ------- -------    ------- -------    ----
   1 !  152.1   0.1   2.3e-46   3.3e-46       5     115 .]      11     138 ..       1     138 [. 0.91

  Alignments for each domain:
  == domain 1  score: 152.1 bits;  conditional E-value: 2.3e-46
                      gvpa   5 kvsdsssLaevldrvLDkGiviDafvRvslvGieiltieaRvvvasvdtyLryaeavgrld................evaesaaa 73 
                               +  +ss+L++vl++vLD+G+viDafvRvslvGieil+i++RvvvasvdtyLr+aea++rld                e++es+a+
  nat_6da5911cb6f5dbfefd09  11 GGGGSSGLYDVLELVLDRGLVIDAFVRVSLVGIEILKIDVRVVVASVDTYLRFAEACNRLDlesgprkdpglpdlvgEITESGAK 95 
                               55689******************************************************************************** PP

                      gvpa  74 evskgalsgaaeaisdalkealvseesesrkssr.assrrkee 115
                               ++skgalsgaa+++sda+++a+++ +se+r   r ++srrkee
  nat_6da5911cb6f5dbfefd09  96 GKSKGALSGAAQTVSDAFGKARDEGQSEERPRQRrTASRRKEE 138
                               **********************999998875554388888875 PP

>> nat_893590645f86143d64ac  
   #    score  bias  c-Evalue  i-Evalue hmmfrom  hmm to    alifrom  ali to    envfrom  env to     acc
 ---   ------ ----- --------- --------- ------- -------    ------- -------    ------- -------    ----
   1 !  149.2   0.2   1.8e-45   2.7e-45       6     114 ..      13     140 ..       1     141 [. 0.89

  Alignments for each domain:
  == domain 1  score: 149.2 bits;  conditional E-value: 1.8e-45
                      gvpa   6 vsdsssLaevldrvLDkGiviDafvRvslvGieiltieaRvvvasvdtyLryaeavgrld................evaesaaae 74 
                                 ++s+L++vl+++LD+G+viDafvRvslvGieil+i++RvvvasvdtyLr+aea++rld                +v+es+a++
  nat_893590645f86143d64ac  13 GGGTSGLYDVLELILDRGLVIDAFVRVSLVGIEILKIDVRVVVASVDTYLRFAEACNRLDletgankspglpdvvgQVTESGAKG 97 
                               5689********************************************************************************* PP

                      gvpa  75 vskgalsgaaeaisdalkealvseesesrkssr...assrrke 114
                               +skgalsgaae+ +da+++ +++ e+es++  r   ++sr+ke
  nat_893590645f86143d64ac  98 KSKGALSGAAETFADAIGQGRDKAEAESESQRRprrTASRKKE 140
                               ******************9988777766555543336777776 PP

>> nat_e94fe6c2cd879bdd36af  
   #    score  bias  c-Evalue  i-Evalue hmmfrom  hmm to    alifrom  ali to    envfrom  env to     acc
 ---   ------ ----- --------- --------- ------- -------    ------- -------    ------- -------    ----
   1 !  146.1   0.3   1.7e-44   2.5e-44       5     114 ..       9     133 ..       1     135 [. 0.88

  Alignments for each domain:
  == domain 1  score: 146.1 bits;  conditional E-value: 1.7e-44
                      gvpa   5 kvsdsssLaevldrvLDkGiviDafvRvslvGieiltieaRvvvasvdtyLryaeavgrld................evaesaaa 73 
                               +  ++  L++vl++vLD+G+viDafvRvslvGieil+i++RvvvasvdtyL++aea++rld                +v+es+a+
  nat_e94fe6c2cd879bdd36af   9 QGGGTGNLYDVLELVLDRGLVIDAFVRVSLVGIEILKIDVRVVVASVDTYLKFAEACNRLDlesgrnkspglpdvvgQVTESGAQ 93 
                               5567789****************************************************************************** PP

                      gvpa  74 evskgalsgaaeaisdalkealvseesesrkssrassrrke 114
                               +++kgalsgaa+++sda+++a++++ +es +  r+++r+ke
  nat_e94fe6c2cd879bdd36af  94 GKAKGALSGAAQTVSDAFQQARDES-QESGTRRRTATRKKE 133
                               ********************97654.444444555556655 PP

>> nat_b44c98ec309ed12410ab  
   #    score  bias  c-Evalue  i-Evalue hmmfrom  hmm to    alifrom  ali to    envfrom  env to     acc
 ---   ------ ----- --------- --------- ------- -------    ------- -------    ------- -------    ----
   1 !  145.9   1.3   1.9e-44   2.9e-44       5     109 ..      12     133 ..       1     143 [. 0.88

  Alignments for each domain:
  == domain 1  score: 145.9 bits;  conditional E-value: 1.9e-44
                      gvpa   5 kvsdsssLaevldrvLDkGiviDafvRvslvGieiltieaRvvvasvdtyLryaeavgrld................evaesaaa 73 
                               + s+s  L++vl+++LD+G+viDafvRvslvGieil+i++RvvvasvdtyLr+aea++rld                +++es+a+
  nat_b44c98ec309ed12410ab  12 GGSGSGNLYDVLELILDRGLVIDAFVRVSLVGIEILKIDVRVVVASVDTYLRFAEACNRLDlesgrkaptqltdivgDMTESGAK 96 
                               6789999****************************************************************************** PP

                      gvpa  74 evskgalsgaaeaisdalkealv.seesesrkssras 109
                               ++skgalsga+eaisd+l+ + + see  sr+++r+s
  nat_b44c98ec309ed12410ab  97 GKSKGALSGAVEAISDTLHRKSEdSEEEPSRRAARSS 133
                               *****************98765504455566677643 PP

>> nat_2ac756cb783ba8cf7947  
   #    score  bias  c-Evalue  i-Evalue hmmfrom  hmm to    alifrom  ali to    envfrom  env to     acc
 ---   ------ ----- --------- --------- ------- -------    ------- -------    ------- -------    ----
   1 !  145.3   0.0     3e-44   4.4e-44       5     113 ..      10     138 ..       1     140 [. 0.86

  Alignments for each domain:
  == domain 1  score: 145.3 bits;  conditional E-value: 3e-44
                      gvpa   5 kvsdsssLaevldrvLDkGiviDafvRvslvGieiltieaRvvvasvdtyLryaeavgrld................evaesaaa 73 
                               +  ++s+L++vl+++LD+G+viD fvRvslvGieil+i++RvvvasvdtyLr+aea++rld                e++es+a+
  nat_2ac756cb783ba8cf7947  10 GGGGTSGLYDVLELILDRGLVIDVFVRVSLVGIEILKIDVRVVVASVDTYLRFAEACNRLDleagphrspglpdlvgEMTESGAR 94 
                               55689******************************************************************************** PP

                      gvpa  74 evskgalsgaaeaisdalkealvseesesrkssr....assrrk 113
                               ++skgalsgaae+++ a+++a++++e++ +   r    a++r++
  nat_2ac756cb783ba8cf7947  95 GKSKGALSGAAETVAGAFRQARDEQEADGQPKPRrkstAARRKE 138
                               *******************9998776654433332221444443 PP

>> nat_4075663fb7fccb3ebc0a  
   #    score  bias  c-Evalue  i-Evalue hmmfrom  hmm to    alifrom  ali to    envfrom  env to     acc
 ---   ------ ----- --------- --------- ------- -------    ------- -------    ------- -------    ----
   1 !  144.1   0.6   7.1e-44     1e-43       5     114 ..       9     133 ..       1     135 [. 0.87

  Alignments for each domain:
  == domain 1  score: 144.1 bits;  conditional E-value: 7.1e-44
                      gvpa   5 kvsdsssLaevldrvLDkGiviDafvRvslvGieiltieaRvvvasvdtyLryaeavgrld................evaesaaa 73 
                               +  ++  L++vl++vLD+G+viDafvRvslvGieil+i++RvvvasvdtyL++aea++rld                +v+es+++
  nat_4075663fb7fccb3ebc0a   9 QGGGTGNLYDVLELVLDRGLVIDAFVRVSLVGIEILKIDVRVVVASVDTYLKFAEACNRLDlesgrnkspglpdvvgQVTESGSR 93 
                               4557789****************************************************************************** PP

                      gvpa  74 evskgalsgaaeaisdalkealvseesesrkssrassrrke 114
                               +++kgalsgaa+++sd +++a+++++ +  +  r+++rrke
  nat_4075663fb7fccb3ebc0a  94 GKTKGALSGAAQTVSDVFQQARDESQDSG-SRRRTTTRRKE 133
                               ********************976655443.33444455554 PP

>> nat_16be3cd3d97ccaa2c7df  
   #    score  bias  c-Evalue  i-Evalue hmmfrom  hmm to    alifrom  ali to    envfrom  env to     acc
 ---   ------ ----- --------- --------- ------- -------    ------- -------    ------- -------    ----
   1 !  143.3   0.4   1.2e-43   1.8e-43       6     111 ..      13     134 ..       2     144 .. 0.90

  Alignments for each domain:
  == domain 1  score: 143.3 bits;  conditional E-value: 1.2e-43
                      gvpa   6 vsdsssLaevldrvLDkGiviDafvRvslvGieiltieaRvvvasvdtyLryaeavgrld................evaesaaae 74 
                                s+s  L++vl+++LD+G+viDafvRvslvGieil+i++RvvvasvdtyLr+aea++rld                e++es+a++
  nat_16be3cd3d97ccaa2c7df  13 GSGSGNLYDVLELILDRGLVIDAFVRVSLVGIEILKIDVRVVVASVDTYLRFAEACNRLDlesgrkapsqltdlvgEATESGAKG 97 
                               578899******************************************************************************* PP

                      gvpa  75 vskgalsgaaeaisdalkealvseesesrkssrassr 111
                               +skgal+ga+ea s++l++ +++++ e+++ +r ss 
  nat_16be3cd3d97ccaa2c7df  98 KSKGALTGAVEAFSESLQKGQEDSAEEEERPARKSSA 134
                               *****************99988888887777774433 PP

>> nat_47270a133b8b28fe68b5  
   #    score  bias  c-Evalue  i-Evalue hmmfrom  hmm to    alifrom  ali to    envfrom  env to     acc
 ---   ------ ----- --------- --------- ------- -------    ------- -------    ------- -------    ----
   1 !  142.3   0.5   2.6e-43   3.8e-43       6     112 ..      14     135 ..       2     144 .. 0.85

  Alignments for each domain:
  == domain 1  score: 142.3 bits;  conditional E-value: 2.6e-43
                      gvpa   6 vsdsssLaevldrvLDkGiviDafvRvslvGieiltieaRvvvasvdtyLryaeavgrld................evaesaaae 74 
                                s+s  L++vl+++LD+G+viDafvRvslvGieil+i++RvvvasvdtyLr+aea++rld                +++es+a++
  nat_47270a133b8b28fe68b5  14 GSGSGNLYDVLELILDRGLVIDAFVRVSLVGIEILKIDVRVVVASVDTYLRFAEACNRLDlesgrkapsqltdlvgDMTESGAKG 98 
                               578999******************************************************************************* PP

                      gvpa  75 vskgalsgaaeaisdalkealvseesesrkssrassrr 112
                               +skgalsga+ea +d+l+++ +++e +++   + ++r+
  nat_47270a133b8b28fe68b5  99 KSKGALSGAVEAFTDSLQSKNDESEEKEQP-RKRTARK 135
                               ****************98875443332222.1122222 PP

>> nat_4a8d213db3f0f57c39f1  
   #    score  bias  c-Evalue  i-Evalue hmmfrom  hmm to    alifrom  ali to    envfrom  env to     acc
 ---   ------ ----- --------- --------- ------- -------    ------- -------    ------- -------    ----
   1 !  140.5   0.1   9.4e-43   1.4e-42       5      96 ..       9     116 ..       1     120 [] 0.93

  Alignments for each domain:
  == domain 1  score: 140.5 bits;  conditional E-value: 9.4e-43
                      gvpa   5 kvsdsssLaevldrvLDkGiviDafvRvslvGieiltieaRvvvasvdtyLryaeavgrld................evaesaaa 73 
                               +  +ss+L++vl+++LD+G+viDaf+RvslvGieil+i++R+vvasvdtyLr+aea++rld                +++es+a+
  nat_4a8d213db3f0f57c39f1   9 GGGGSSGLYDVLELILDRGLVIDAFIRVSLVGIEILKIDVRIVVASVDTYLRFAEACNRLDleagprkpaglaelpgRMKESGAR 93 
                               55689******************************************************************************** PP

                      gvpa  74 evskgalsgaaeaisdalkealv 96 
                               + +kg lsgaae+isda+++a++
  nat_4a8d213db3f0f57c39f1  94 GATKGLLSGAAETISDAFQQARS 116
                               *******************9865 PP

>> nat_6f39269f430d826538e8  
   #    score  bias  c-Evalue  i-Evalue hmmfrom  hmm to    alifrom  ali to    envfrom  env to     acc
 ---   ------ ----- --------- --------- ------- -------    ------- -------    ------- -------    ----
   1 !  140.3   0.3   1.1e-42   1.5e-42       1     111 [.       1     124 [.       1     127 [] 0.83

  Alignments for each domain:
  == domain 1  score: 140.3 bits;  conditional E-value: 1.1e-42
                      gvpa   1 mavekvsdsssLaevldrvLDkGiviDafvRvslvGieiltieaRvvvasvdtyLryaeavgrld.........evaesaaaevs 76 
                               m+  +  +sssLa+v+d++LDkG+viDa+vRvslvGie+lti+aRvvvasvdtyLr+aeav+rl+         e+   a+++ +
  nat_6f39269f430d826538e8   1 MTTAGGPSSSSLADVIDTILDKGLVIDAYVRVSLVGIELLTIDARVVVASVDTYLRFAEAVNRLEigsepkglsEIVSGATEGAA 85 
                               7778899******************************************************************966666666777 PP

                      gvpa  77 kgalsgaaeaisdalke....alvseesesrkssrassr 111
                               k ++ ga+e+++d+l+       ++ee+e+++ sr s+r
  nat_6f39269f430d826538e8  86 KHKTKGALESAGDKLGGlfggGEEEEEPERERVSRKSTR 124
                               777777777777777651111566777888888887655 PP

>> nat_fef6ccaa9b3233e46f07  
   #    score  bias  c-Evalue  i-Evalue hmmfrom  hmm to    alifrom  ali to    envfrom  env to     acc
 ---   ------ ----- --------- --------- ------- -------    ------- -------    ------- -------    ----
   1 !  139.9   0.3   1.4e-42   2.1e-42       1     111 [.       1     124 [.       1     127 [] 0.83

  Alignments for each domain:
  == domain 1  score: 139.9 bits;  conditional E-value: 1.4e-42
                      gvpa   1 mavekvsdsssLaevldrvLDkGiviDafvRvslvGieiltieaRvvvasvdtyLryaeavgrld.........evaesaaaevs 76 
                               m+  +  +sssLa+v+d++LDkG+viDa+vRvslvGie+lti+aRvvvasvdtyLr+aeav+rl+         e+   a+++ +
  nat_fef6ccaa9b3233e46f07   1 MTTAGGPSSSSLADVIDTILDKGLVIDAYVRVSLVGIELLTIDARVVVASVDTYLRFAEAVNRLEigsepkglsEIVSGATEGGA 85 
                               7778899******************************************************************966666666677 PP

                      gvpa  77 kgalsgaaeaisdalke....alvseesesrkssrassr 111
                               k+++ ga+e+++d+l+       ++ee+e+++ sr s+r
  nat_fef6ccaa9b3233e46f07  86 KSKTKGALESAGDKLGGlfggGEEEEEPERERVSRKSTR 124
                               777777777777777651111566777888888887655 PP

>> nat_c40ddec53c95be722ddc  
   #    score  bias  c-Evalue  i-Evalue hmmfrom  hmm to    alifrom  ali to    envfrom  env to     acc
 ---   ------ ----- --------- --------- ------- -------    ------- -------    ------- -------    ----
   1 !  139.8   0.3   1.5e-42   2.2e-42       5     111 ..       4     119 ..       1     122 [] 0.92

  Alignments for each domain:
  == domain 1  score: 139.8 bits;  conditional E-value: 1.5e-42
                      gvpa   5 kvsdsssLaevldrvLDkGiviDafvRvslvGieiltieaRvvvasvdtyLryaeavgrld.........evaesaaaevskgal 80 
                               +  +sssLa+v+d++LDkG+viDa+vRvslvGie+lti+aR+vvasvdtyLr+aeav+rl+         +   s +++ +k+++
  nat_c40ddec53c95be722ddc   4 GGPSSSSLADVIDTILDKGLVIDAYVRVSLVGIELLTIDARIVVASVDTYLRFAEAVNRLEigsepkgltDLVGSVTEGGAKSKT 88 
                               5689****************************************************************99777777778888889 PP

                      gvpa  81 sgaaeaisdalkealvseesesrkssrassr 111
                                ga+ea++d+l++ l   + e+++ sr ssr
  nat_c40ddec53c95be722ddc  89 KGALEAAGDKLGDLLGGGQEEPERVSRKSSR 119
                               999***********99999999999999887 PP

>> nat_f9153534fd162239df4c  
   #    score  bias  c-Evalue  i-Evalue hmmfrom  hmm to    alifrom  ali to    envfrom  env to     acc
 ---   ------ ----- --------- --------- ------- -------    ------- -------    ------- -------    ----
   1 !  139.6   0.5   1.7e-42   2.5e-42       2     111 ..      13     133 ..      12     136 .] 0.90

  Alignments for each domain:
  == domain 1  score: 139.6 bits;  conditional E-value: 1.7e-42
                      gvpa   2 avekvsdsssLaevldrvLDkGiviDafvRvslvGieiltieaRvvvasvdtyLryaeavgrld.............evaesaaa 73 
                               av +  +sssLa+v+d++LDkG+viDa+vRvslvGie+lti+aRvvvasvdtyLr+aeav+rl+             +v+es+a+
  nat_f9153534fd162239df4c  13 AVGGGPSSSSLADVIDTILDKGLVIDAYVRVSLVGIELLTIDARVVVASVDTYLRFAEAVNRLEigdepkgltdlvgDVTESGAK 97 
                               6778899******************************************************************999999999999 PP

                      gvpa  74 evskgalsgaaeaisdalkealvseesesrkssrassr 111
                                ++kgal +a e ++  l+    +ee+e+++ sr ssr
  nat_f9153534fd162239df4c  98 SKTKGALEAAGEKLGGILGGG--EEEPERERVSRKSSR 133
                               888877777777777777665..788999999999887 PP

>> nat_a992b4345d901f6ad67d  
   #    score  bias  c-Evalue  i-Evalue hmmfrom  hmm to    alifrom  ali to    envfrom  env to     acc
 ---   ------ ----- --------- --------- ------- -------    ------- -------    ------- -------    ----
   1 !  139.6   0.4   1.7e-42   2.6e-42       3     111 ..      15     135 ..      13     138 .] 0.84

  Alignments for each domain:
  == domain 1  score: 139.6 bits;  conditional E-value: 1.7e-42
                      gvpa   3 vekvsdsssLaevldrvLDkGiviDafvRvslvGieiltieaRvvvasvdtyLryaeavgrld..............evaesaaa 73 
                               v +  +sssLa+v+d++LDkG+viDa+vRvslvGie+lti+aRvvvasvdtyLr+aeav+rl+              +v+e +a+
  nat_a992b4345d901f6ad67d  15 VSGGPSSSSLADVIDTILDKGLVIDAYVRVSLVGIELLTIDARVVVASVDTYLRFAEAVNRLEigsgepkgltdlvgDVTEGGAK 99 
                               667899*****************************************************************99655555555555 PP

                      gvpa  74 evskgalsgaaeaisdalkealv..seesesrkssrassr 111
                                   +++ ga+ea++d+l++ l   +ee+e+++ sr ssr
  nat_a992b4345d901f6ad67d 100 ----SKTKGALEAAGDKLGDILGggQEEPERERVSRKSSR 135
                               ....555566677777777665422788999999999887 PP

>> nat_194654d9295b42cca4e2  
   #    score  bias  c-Evalue  i-Evalue hmmfrom  hmm to    alifrom  ali to    envfrom  env to     acc
 ---   ------ ----- --------- --------- ------- -------    ------- -------    ------- -------    ----
   1 !  139.4   0.3     2e-42     3e-42       5     111 ..       4     119 ..       1     122 [] 0.89

  Alignments for each domain:
  == domain 1  score: 139.4 bits;  conditional E-value: 2e-42
                      gvpa   5 kvsdsssLaevldrvLDkGiviDafvRvslvGieiltieaRvvvasvdtyLryaeavgrld.........evaesaaaevskgal 80 
                               +  +sssLa+v+d++LDkG+viDa+vRvslvGie+lti+aR+vvasvdtyLr+aeav+rl+         +   s +++ +k+++
  nat_194654d9295b42cca4e2   4 GGPSSSSLADVIDTILDKGLVIDAYVRVSLVGIELLTIDARIVVASVDTYLRFAEAVNRLEigsepkgltDLVGSVTEGGAKSKT 88 
                               5689****************************************************************99666666777777888 PP

                      gvpa  81 sgaaeaisdalkealvseesesrkssrassr 111
                                ga+ea++++l++ l   + e+++ sr ssr
  nat_194654d9295b42cca4e2  89 KGALEAAGEKLGDLLGGGQEEPERVSRKSSR 119
                               8999999999999999999999999988877 PP

>> nat_f54587a3fcd451658c0d  
   #    score  bias  c-Evalue  i-Evalue hmmfrom  hmm to    alifrom  ali to    envfrom  env to     acc
 ---   ------ ----- --------- --------- ------- -------    ------- -------    ------- -------    ----
   1 !  139.0   0.4   2.7e-42     4e-42       3     111 ..      14     134 ..      12     137 .] 0.89

  Alignments for each domain:
  == domain 1  score: 139.0 bits;  conditional E-value: 2.7e-42
                      gvpa   3 vekvsdsssLaevldrvLDkGiviDafvRvslvGieiltieaRvvvasvdtyLryaeavgrld..............evaesaaa 73 
                               v +  +sssLa+v+d++LDkG+viDa+vRvslvGie+lti+aRvvvasvdtyLr+aeav+rl+              +v+e +a+
  nat_f54587a3fcd451658c0d  14 VSGGPSSSSLADVIDTILDKGLVIDAYVRVSLVGIELLTIDARVVVASVDTYLRFAEAVNRLEigsgepkgltdlvgDVTEGGAK 98 
                               667899*******************************************************************888888888888 PP

                      gvpa  74 evskgalsgaaeaisdalkealvseesesrkssrassr 111
                                ++kgal +a e ++d l+    +ee+e+++ sr s+r
  nat_f54587a3fcd451658c0d  99 SKTKGALESAGEKLGDILGGG--QEEPERERVSRKSTR 134
                               888877777777777777776..788999999998766 PP

>> nat_71225d296257b8b08410  
   #    score  bias  c-Evalue  i-Evalue hmmfrom  hmm to    alifrom  ali to    envfrom  env to     acc
 ---   ------ ----- --------- --------- ------- -------    ------- -------    ------- -------    ----
   1 !  138.8   0.1   3.1e-42   4.5e-42       5     111 ..      16     134 ..       5     137 .] 0.89

  Alignments for each domain:
  == domain 1  score: 138.8 bits;  conditional E-value: 3.1e-42
                      gvpa   5 kvsdsssLaevldrvLDkGiviDafvRvslvGieiltieaRvvvasvdtyLryaeavgrld..............evaesaaaev 75 
                               +  +sssLa+v+d++LDkG+viDa+vRvslvGie+lti+aRvvvasvdtyLr+aeav+rl+              +v+e +a+ +
  nat_71225d296257b8b08410  16 GGPSSSSLADVIDTILDKGLVIDAYVRVSLVGIELLTIDARVVVASVDTYLRFAEAVNRLEigsgepkgltdlvgDVTEGGAKSK 100
                               6789*******************************************************************88888888888888 PP

                      gvpa  76 skgalsgaaeaisdalkealvseesesrkssrassr 111
                               +kgal +a e ++d l+    +ee+e+++ sr s+r
  nat_71225d296257b8b08410 101 TKGALESAGEKLGDILGGG--QEEPERERVSRKSTR 134
                               8877777777777777776..788999999998766 PP

>> nat_9d028f688f23701e4c2b  
   #    score  bias  c-Evalue  i-Evalue hmmfrom  hmm to    alifrom  ali to    envfrom  env to     acc
 ---   ------ ----- --------- --------- ------- -------    ------- -------    ------- -------    ----
   1 !  138.7   0.3   3.4e-42     5e-42       5     111 ..       4     119 ..       1     122 [] 0.85

  Alignments for each domain:
  == domain 1  score: 138.7 bits;  conditional E-value: 3.4e-42
                      gvpa   5 kvsdsssLaevldrvLDkGiviDafvRvslvGieiltieaRvvvasvdtyLryaeavgrld.............evaesaaaevs 76 
                               +  +sssLa+v+d++LDkG+viDa+vRvslvGie+lti+aR+vvasvdtyLr+aeav+rl+             +     +++ +
  nat_9d028f688f23701e4c2b   4 GGPSSSSLADVIDTILDKGLVIDAYVRVSLVGIELLTIDARIVVASVDTYLRFAEAVNRLEigsepkgltdlvgD----VTEGGA 84 
                               5689***************************************************************99954444....455555 PP

                      gvpa  77 kgalsgaaeaisdalkealvseesesrkssrassr 111
                               k+++ ga+ea++++l++ l   + e+++ sr ssr
  nat_9d028f688f23701e4c2b  85 KSKTKGALEAAGEKLGDLLGGGQEEPERVSRKSSR 119
                               66667888888888888888888888888887776 PP

>> nat_1722f0f85deef45697a7  
   #    score  bias  c-Evalue  i-Evalue hmmfrom  hmm to    alifrom  ali to    envfrom  env to     acc
 ---   ------ ----- --------- --------- ------- -------    ------- -------    ------- -------    ----
   1 !  138.6   0.2   3.4e-42   5.1e-42       1     111 [.       1     122 [.       1     125 [] 0.87

  Alignments for each domain:
  == domain 1  score: 138.6 bits;  conditional E-value: 3.4e-42
                      gvpa   1 mavekvsdsssLaevldrvLDkGiviDafvRvslvGieiltieaRvvvasvdtyLryaeavgrld.........evaesaaaevs 76 
                               m+  +  +sssLa+v+d++LDkG+viDa+vRvslvGie+lti+aRvvvasvdtyLr+aeav+rl+         +    a+++ +
  nat_1722f0f85deef45697a7   1 MTTAGGPSSSSLADVIDTILDKGLVIDAYVRVSLVGIELLTIDARVVVASVDTYLRFAEAVNRLEigsepkglsDLVSGATEGGA 85 
                               7778899*****************************************************************9866667777788 PP

                      gvpa  77 kgalsgaaeaisdalkealv..seesesrkssrassr 111
                               k ++ ga+e+++++l+  l   +ee+e+++ sr s+r
  nat_1722f0f85deef45697a7  86 KHKTKGALESAGEKLGGLLGggEEEPERERVSRKSTR 122
                               8889999999999999887522667788888887665 PP

>> nat_ce67780828ddbb2c93cf  
   #    score  bias  c-Evalue  i-Evalue hmmfrom  hmm to    alifrom  ali to    envfrom  env to     acc
 ---   ------ ----- --------- --------- ------- -------    ------- -------    ------- -------    ----
   1 !  138.5   0.3   3.9e-42   5.8e-42       3     111 ..      13     133 ..      11     136 .] 0.87

  Alignments for each domain:
  == domain 1  score: 138.5 bits;  conditional E-value: 3.9e-42
                      gvpa   3 vekvsdsssLaevldrvLDkGiviDafvRvslvGieiltieaRvvvasvdtyLryaeavgrld..............evaesaaa 73 
                               v +  +sssLa+v+d++LDkG+viDa+vRvslvGie+lti+aRvvvasvdtyLr+aeav+rl+              +v+e +a+
  nat_ce67780828ddbb2c93cf  13 VSGGPSSSSLADVIDTILDKGLVIDAYVRVSLVGIELLTIDARVVVASVDTYLRFAEAVNRLEigsgepkgltdlvgDVTEGGAK 97 
                               667899*******************************************************************888777777777 PP

                      gvpa  74 evskgalsgaaeaisdalkealvseesesrkssrassr 111
                                ++kga+ +a e ++d l+    +ee+e+++ sr s+r
  nat_ce67780828ddbb2c93cf  98 SKTKGAIESAGEKLGDFLGGG--QEEPERERVSRKSTR 133
                               777777777777777777666..788999999988766 PP

>> nat_83b8beb8a3b426da1be8  
   #    score  bias  c-Evalue  i-Evalue hmmfrom  hmm to    alifrom  ali to    envfrom  env to     acc
 ---   ------ ----- --------- --------- ------- -------    ------- -------    ------- -------    ----
   1 !  138.6   0.1   3.6e-42   5.3e-42       5     111 ..       4     119 ..       1     122 [] 0.89

  Alignments for each domain:
  == domain 1  score: 138.6 bits;  conditional E-value: 3.6e-42
                      gvpa   5 kvsdsssLaevldrvLDkGiviDafvRvslvGieiltieaRvvvasvdtyLryaeavgrld.........evaesaaaevskgal 80 
                               +  +sssLa+v+d++LDkG+viDa+vRvslvGie+lti+aR+vvasvdtyLr+aeav+rl+         +   s +++ +k ++
  nat_83b8beb8a3b426da1be8   4 GGPSSSSLADVIDTILDKGLVIDAYVRVSLVGIELLTIDARIVVASVDTYLRFAEAVNRLEigsepkgltDLVGSVTEGGAKPKT 88 
                               5689****************************************************************99666677777778888 PP

                      gvpa  81 sgaaeaisdalkealvseesesrkssrassr 111
                                ga+ea++++l++ l   + e+++ sr ssr
  nat_83b8beb8a3b426da1be8  89 KGALEAAGEKLGDLLGGGQEEPERVSRKSSR 119
                               8999999999999999999999999998877 PP

>> nat_c6c6c9a5f7341498fda1  
   #    score  bias  c-Evalue  i-Evalue hmmfrom  hmm to    alifrom  ali to    envfrom  env to     acc
 ---   ------ ----- --------- --------- ------- -------    ------- -------    ------- -------    ----
   1 !  138.5   0.3   3.9e-42   5.8e-42       5     111 ..      17     135 ..      13     138 .] 0.88

  Alignments for each domain:
  == domain 1  score: 138.5 bits;  conditional E-value: 3.9e-42
                      gvpa   5 kvsdsssLaevldrvLDkGiviDafvRvslvGieiltieaRvvvasvdtyLryaeavgrld..............evaesaaaev 75 
                               +  +sssLa+v+d++LDkG+viDa+vRvslvGie+lti+aRvvvasvdtyLr+aeav+rl+              +v+e +a+ +
  nat_c6c6c9a5f7341498fda1  17 GGPSSSSLADVIDTILDKGLVIDAYVRVSLVGIELLTIDARVVVASVDTYLRFAEAVNRLEigsgepkgltdlvgDVTEGGAKSK 101
                               6789*******************************************************************88888888888888 PP

                      gvpa  76 skgalsgaaeaisdalkealvseesesrkssrassr 111
                               +kgal +a e ++d l+    +ee+e+++ sr s+r
  nat_c6c6c9a5f7341498fda1 102 TKGALESAGEKLGDILGGG--QEEPERERVSRKSTR 135
                               8877777777777777776..788999999998766 PP

>> nat_43e7561c7d05facf2895  
   #    score  bias  c-Evalue  i-Evalue hmmfrom  hmm to    alifrom  ali to    envfrom  env to     acc
 ---   ------ ----- --------- --------- ------- -------    ------- -------    ------- -------    ----
   1 !  138.2   0.4   4.9e-42   7.2e-42       2     113 ..       2     132 ..       1     135 [. 0.91

  Alignments for each domain:
  == domain 1  score: 138.2 bits;  conditional E-value: 4.9e-42
                      gvpa   2 ave.....kvsdsssLaevldrvLDkGiviDafvRvslvGieiltieaRvvvasvdtyLryaeavgrld..............ev 67 
                               +v+     + ++s  L+evld++LDkG+viD f+RvslvGie+lt+++R+vvasvdtyLr+aea++rld                
  nat_43e7561c7d05facf2895   2 TVVqqsggGGRSSGNLYEVLDLILDKGLVIDVFARVSLVGIELLTVDVRIVVASVDTYLRFAEACNRLDltssggaglpdlvnGG 86 
                               555445545678899*****************************************************************99867 PP

                      gvpa  68 aesaaaevskgalsgaaeaisdalkealvseesesrkssrassrrk 113
                                e++a+ +skga++gaaeaisd++++ +++e+ ++++ +r+s+rr+
  nat_43e7561c7d05facf2895  87 MEKGARSKSKGAIAGAAEAISDSFSSGKSDEKEKEKQPARSSRRRT 132
                               7889999********************9999999999999999886 PP

>> nat_d1717d58239a48d6df6a  
   #    score  bias  c-Evalue  i-Evalue hmmfrom  hmm to    alifrom  ali to    envfrom  env to     acc
 ---   ------ ----- --------- --------- ------- -------    ------- -------    ------- -------    ----
   1 !  138.0   0.2   5.3e-42   7.8e-42       6     110 ..      15     135 ..       1     148 [. 0.89

  Alignments for each domain:
  == domain 1  score: 138.0 bits;  conditional E-value: 5.3e-42
                      gvpa   6 vsdsssLaevldrvLDkGiviDafvRvslvGieiltieaRvvvasvdtyLryaeavgrld................evaesaaae 74 
                                s++  L+++l+++LD+G+viDafvRvslvGieil+i++RvvvasvdtyLr+aea++rld                +++es+a++
  nat_d1717d58239a48d6df6a  15 GSGGGNLYDILELILDRGLVIDAFVRVSLVGIEILKIDVRVVVASVDTYLRFAEACNRLDleagrkaptqlteivgDATESGAKG 99 
                               467788******************************************************************************* PP

                      gvpa  75 vskgalsgaaeaisdalkealvseesesrkssrass 110
                               +skgal+ga+ea s++++  ++ +e e+++  r +s
  nat_d1717d58239a48d6df6a 100 KSKGALTGAVEAFSESFQRGRDGDEEEREREPRKAS 135
                               ******************999999988887766333 PP

>> nat_e6f75ee4612442ce5aa8  
   #    score  bias  c-Evalue  i-Evalue hmmfrom  hmm to    alifrom  ali to    envfrom  env to     acc
 ---   ------ ----- --------- --------- ------- -------    ------- -------    ------- -------    ----
   1 !  137.9   0.1   5.7e-42   8.3e-42       5     111 ..       4     119 ..       1     122 [] 0.89

  Alignments for each domain:
  == domain 1  score: 137.9 bits;  conditional E-value: 5.7e-42
                      gvpa   5 kvsdsssLaevldrvLDkGiviDafvRvslvGieiltieaRvvvasvdtyLryaeavgrld.........evaesaaaevskgal 80 
                               +  +sssLa+v+d++LDkG+viDa+vRvslvGie+lti+aR+vvasvdtyLr+aeav+rl+         +   s +++ +k+++
  nat_e6f75ee4612442ce5aa8   4 GGPSSSSLADVIDTILDKGLVIDAYVRVSLVGIELLTIDARIVVASVDTYLRFAEAVNRLEigsepkgltDLVGSVTEGGAKSKT 88 
                               5689****************************************************************99666677777778888 PP

                      gvpa  81 sgaaeaisdalkealvseesesrkssrassr 111
                                ga+ea++d+l++ l   + e+++  r ssr
  nat_e6f75ee4612442ce5aa8  89 KGALEAAGDKLGDLLGGGQEEPERVPRKSSR 119
                               8999999999999999888888888888776 PP

>> nat_f857f47b85a0e9d56172  
   #    score  bias  c-Evalue  i-Evalue hmmfrom  hmm to    alifrom  ali to    envfrom  env to     acc
 ---   ------ ----- --------- --------- ------- -------    ------- -------    ------- -------    ----
   1 !  137.9   0.3   5.7e-42   8.4e-42       7     109 ..      17     129 ..       3     132 .] 0.93

  Alignments for each domain:
  == domain 1  score: 137.9 bits;  conditional E-value: 5.7e-42
                      gvpa   7 sdsssLaevldrvLDkGiviDafvRvslvGieiltieaRvvvasvdtyLryaeavgrld..........evaesaaaevskgals 81 
                                +sssLa+v+d++LDkG+viDa+vRvslvGie+lti+aR+vvasvdtyLr+aeav+rld          +  e  +++ +k+++ 
  nat_f857f47b85a0e9d56172  17 PSSSSLADVIDTILDKGLVIDAYVRVSLVGIELLTIDARIVVASVDTYLRFAEAVNRLDisgteqkglpDLLEDVTSGGAKAKTR 101
                               78*******************************************************************88899999999999** PP

                      gvpa  82 gaaeaisdalkealvseesesrkssras 109
                               ga+ea++d+l++ l ++e e++  sr +
  nat_f857f47b85a0e9d56172 102 GALEAAGDKLRDILGEDEDEEEPVSRGR 129
                               **************99999998888764 PP

>> nat_1ecba3351cb7c8c6d3e7  
   #    score  bias  c-Evalue  i-Evalue hmmfrom  hmm to    alifrom  ali to    envfrom  env to     acc
 ---   ------ ----- --------- --------- ------- -------    ------- -------    ------- -------    ----
   1 !  137.8   0.3   6.2e-42   9.2e-42       7     112 ..      16     140 ..       1     143 [. 0.87

  Alignments for each domain:
  == domain 1  score: 137.8 bits;  conditional E-value: 6.2e-42
                      gvpa   7 sdsssLaevldrvLDkGiviDafvRvslvGieiltieaRvvvasvdtyLryaeavgrld................evaesaaaev 75 
                                +s +L++vl+++LD+G+viDafvRvslvGieil++++RvvvasvdtyLr+aea++rld                e++es+a+++
  nat_1ecba3351cb7c8c6d3e7  16 GNSGTLYDVLELILDRGLVIDAFVRVSLVGIEILKVDVRVVVASVDTYLRFAEACNRLDlesgrkaptqltdivgEATESGAKGK 100
                               56889******************************************************************************** PP

                      gvpa  76 skgalsgaaeaisdalkealv.seesesr..kssrassrr 112
                               skgalsga+ea++++l+  ++ ++e+es      +++srr
  nat_1ecba3351cb7c8c6d3e7 101 SKGALSGAVEAVGQTLGRGRKgDDEPESAdgDGKKTTSRR 140
                               ****************876651445554311344566666 PP

>> nat_57133a7b2510b9196439  
   #    score  bias  c-Evalue  i-Evalue hmmfrom  hmm to    alifrom  ali to    envfrom  env to     acc
 ---   ------ ----- --------- --------- ------- -------    ------- -------    ------- -------    ----
   1 !  137.8   0.1   6.1e-42     9e-42       5     111 ..      16     132 ..       4     135 .] 0.92

  Alignments for each domain:
  == domain 1  score: 137.8 bits;  conditional E-value: 6.1e-42
                      gvpa   5 kvsdsssLaevldrvLDkGiviDafvRvslvGieiltieaRvvvasvdtyLryaeavgrld..........evaesaaaevskga 79 
                               +  +sssLa+v+d++LDkG+viDa+vR+slvGie+lti+aRvvvasvdtyLr+aeav+rl+          +  +  +++ +k++
  nat_57133a7b2510b9196439  16 GGPSSSSLADVVDTILDKGLVIDAYVRLSLVGIELLTIDARVVVASVDTYLRFAEAVNRLEigdnepkglpDLVQDVTEGGAKSK 100
                               6789*******************************************************************77777788888889 PP

                      gvpa  80 lsgaaeaisdalkealvseesesrkssrassr 111
                               + ga+ea++++l++ l  e+ e+++ +r ssr
  nat_57133a7b2510b9196439 101 TRGALEAAGEKLGDLLGGEQEEPERVTRKSSR 132
                               99999999999999999999999999999887 PP

>> nat_490b107cc056b2e69720  
   #    score  bias  c-Evalue  i-Evalue hmmfrom  hmm to    alifrom  ali to    envfrom  env to     acc
 ---   ------ ----- --------- --------- ------- -------    ------- -------    ------- -------    ----
   1 !  137.6   0.3     7e-42     1e-41       5     111 ..       6     120 ..       1     122 [] 0.86

  Alignments for each domain:
  == domain 1  score: 137.6 bits;  conditional E-value: 7e-42
                      gvpa   5 kvsdsssLaevldrvLDkGiviDafvRvslvGieiltieaRvvvasvdtyLryaeavgrld..........evaesaaaevskga 79 
                               +  +sssLa+v+d++LDkG+viDa+vRvslvGie+lti+aRvvvasvdtyLr+aeav+rl+           v+  ++++ +k++
  nat_490b107cc056b2e69720   6 GGPSSSSLADVIDTILDKGLVIDAYVRVSLVGIELLTIDARVVVASVDTYLRFAEAVNRLEigsepkgltdLVSDVKGSGSTKSK 90 
                               5689*****************************************************************9978888888888999 PP

                      gvpa  80 lsgaaeaisdalkealvseesesrkssrassr 111
                               + ga+ea++++l++ l  +e+e++   r  +r
  nat_490b107cc056b2e69720  91 TKGALEAVGETLGDLLGGSEAEREPEPR--RR 120
                               9999999999999987666655554433..33 PP

>> nat_4d6d67ce0c869a337d6c  
   #    score  bias  c-Evalue  i-Evalue hmmfrom  hmm to    alifrom  ali to    envfrom  env to     acc
 ---   ------ ----- --------- --------- ------- -------    ------- -------    ------- -------    ----
   1 !  137.6   0.3   7.2e-42   1.1e-41       1     107 [.       1     117 [.       1     121 [] 0.90

  Alignments for each domain:
  == domain 1  score: 137.6 bits;  conditional E-value: 7.2e-42
                      gvpa   1 mavekvsdsssLaevldrvLDkGiviDafvRvslvGieiltieaRvvvasvdtyLryaeavgrld..........evaesaaaev 75 
                               m+  +  +sssLa+v+d++LDkG+viDa+vRvslvGie+lti+aR+vvasvdtyLr+aeav+rl+           v+  ++++ 
  nat_4d6d67ce0c869a337d6c   1 MTTAGGPSSSSLADVIDTILDKGLVIDAYVRVSLVGIELLTIDARIVVASVDTYLRFAEAVNRLEigsepkgltdLVSDVKGSGS 85 
                               7778899*******************************************************************97777788888 PP

                      gvpa  76 skgalsgaaeaisdalkealvseesesrkssr 107
                               +k+++ g++e ++++l+e l+ ++se++ + r
  nat_4d6d67ce0c869a337d6c  86 TKSKTKGVLEGVGETLSELLSGSGSEREPAPR 117
                               88889999999999999988888888876665 PP

>> nat_0b3dbbf8c77bc6a35545  
   #    score  bias  c-Evalue  i-Evalue hmmfrom  hmm to    alifrom  ali to    envfrom  env to     acc
 ---   ------ ----- --------- --------- ------- -------    ------- -------    ------- -------    ----
   1 !  137.5   0.3   7.9e-42   1.2e-41       3     111 ..      15     135 ..      13     138 .] 0.87

  Alignments for each domain:
  == domain 1  score: 137.5 bits;  conditional E-value: 7.9e-42
                      gvpa   3 vekvsdsssLaevldrvLDkGiviDafvRvslvGieiltieaRvvvasvdtyLryaeavgrld..............evaesaaa 73 
                               v +  +sssLa+v+d++LDkG+viDa+vRvslvGie+lti+aRvvvasvdtyLr+aeav+rl+              +v+e +a+
  nat_0b3dbbf8c77bc6a35545  15 VSGGPSSSSLADVIDTILDKGLVIDAYVRVSLVGIELLTIDARVVVASVDTYLRFAEAVNRLEigsgepkgltdlvgDVTEGGAK 99 
                               667899*******************************************************************888888888888 PP

                      gvpa  74 evskgalsgaaeaisdalkealvseesesrkssrassr 111
                                ++kgal +a e ++d l+    +ee+e+++ s+ s+r
  nat_0b3dbbf8c77bc6a35545 100 SKTKGALESAGEKLGDILGGG--QEEPERERVSHKSTR 135
                               888877777777777777766..677777777766554 PP

>> nat_93f54d1ba2a517138e6d  
   #    score  bias  c-Evalue  i-Evalue hmmfrom  hmm to    alifrom  ali to    envfrom  env to     acc
 ---   ------ ----- --------- --------- ------- -------    ------- -------    ------- -------    ----
   1 !  137.5   0.3   7.8e-42   1.1e-41       5     111 ..       6     120 ..       1     122 [] 0.87

  Alignments for each domain:
  == domain 1  score: 137.5 bits;  conditional E-value: 7.8e-42
                      gvpa   5 kvsdsssLaevldrvLDkGiviDafvRvslvGieiltieaRvvvasvdtyLryaeavgrld..........evaesaaaevskga 79 
                               +  +sssLa+v+d++LDkG+viDa+vRvslvGie+lti+aRvvvasvdtyLr+aeav+rl+           v+  ++++ +k++
  nat_93f54d1ba2a517138e6d   6 GGPSSSSLADVIDTILDKGLVIDAYVRVSLVGIELLTIDARVVVASVDTYLRFAEAVNRLEigsepkgltdLVSDVKGSGSTKSK 90 
                               5689*****************************************************************9978888888899999 PP

                      gvpa  80 lsgaaeaisdalkealvseesesrkssrassr 111
                               + ga+ea++++l+e l  +e+e++   r  +r
  nat_93f54d1ba2a517138e6d  91 TKGALEAVGETLGELLGGSEAEREPEPR--RR 120
                               9999999999999997666665554433..33 PP

>> nat_9b1b09a459a6ac047cab  
   #    score  bias  c-Evalue  i-Evalue hmmfrom  hmm to    alifrom  ali to    envfrom  env to     acc
 ---   ------ ----- --------- --------- ------- -------    ------- -------    ------- -------    ----
   1 !  137.5   0.2     8e-42   1.2e-41       5     111 ..       6     120 ..       1     122 [] 0.87

  Alignments for each domain:
  == domain 1  score: 137.5 bits;  conditional E-value: 8e-42
                      gvpa   5 kvsdsssLaevldrvLDkGiviDafvRvslvGieiltieaRvvvasvdtyLryaeavgrld..........evaesaaaevskga 79 
                               +  +sssLa+v+d++LDkG+viDa+vRvslvGie+lti+aRvvvasvdtyLr+aeav+rl+           v+  ++++ +k++
  nat_9b1b09a459a6ac047cab   6 GGPSSSSLADVIDTILDKGLVIDAYVRVSLVGIELLTIDARVVVASVDTYLRFAEAVNRLEigsepkgltdLVSDVKGSGSTKSK 90 
                               5689*****************************************************************9978888888899999 PP

                      gvpa  80 lsgaaeaisdalkealvseesesrkssrassr 111
                               + ga+ea++++l+e l  +e+e++   r  +r
  nat_9b1b09a459a6ac047cab  91 TKGALEAVGETLGEFLGGSEAEREPEPR--RR 120
                               9999999999999997666665554443..33 PP

>> nat_fbea79167ace5328d15a  
   #    score  bias  c-Evalue  i-Evalue hmmfrom  hmm to    alifrom  ali to    envfrom  env to     acc
 ---   ------ ----- --------- --------- ------- -------    ------- -------    ------- -------    ----
   1 !  137.3   0.7   9.2e-42   1.4e-41       5     109 ..       4     118 ..       1     120 [] 0.92

  Alignments for each domain:
  == domain 1  score: 137.3 bits;  conditional E-value: 9.2e-42
                      gvpa   5 kvsdsssLaevldrvLDkGiviDafvRvslvGieiltieaRvvvasvdtyLryaeavgrld..........evaesaaaevskga 79 
                               +  +sssLa+v+d++LDkG+viDa+vRvslvGie+lti+aRvvvasvdtyLr+aeav+rl+           v+  ++ + sk++
  nat_fbea79167ace5328d15a   4 GGPSSSSLADVIDTILDKGLVIDAYVRVSLVGIELLTIDARVVVASVDTYLRFAEAVNRLEigsepkgltdLVSDVKGGGSSKSK 88 
                               5689*****************************************************************9988888899999999 PP

                      gvpa  80 lsgaaeaisdalkealvseesesrkssras 109
                               + g++e ++++l+e l  +++e++++s+ +
  nat_fbea79167ace5328d15a  89 TKGVLEGVGETLSELLGGQDTEREHASKRR 118
                               **************9999999999888754 PP

>> nat_05aec1de9ccb89179086  
   #    score  bias  c-Evalue  i-Evalue hmmfrom  hmm to    alifrom  ali to    envfrom  env to     acc
 ---   ------ ----- --------- --------- ------- -------    ------- -------    ------- -------    ----
   1 !  137.0   0.4   1.1e-41   1.6e-41       3     112 ..      16     140 ..      15     142 .] 0.85

  Alignments for each domain:
  == domain 1  score: 137.0 bits;  conditional E-value: 1.1e-41
                      gvpa   3 vekvsdsssLaevldrvLDkGiviDafvRvslvGieiltieaRvvvasvdtyLryaeavgrld.............evaesaaae 74 
                               v +  +sssLa+v+d++LDkG+viDa+vRvslvGie+lti+aRvvvasvdtyLr+aeav+rl+               ae +a++
  nat_05aec1de9ccb89179086  16 VSGGPSSSSLADVIDTILDKGLVIDAYVRVSLVGIELLTIDARVVVASVDTYLRFAEAVNRLEigsepkgltdlagGGAEDGAED 100
                               567889*******************************************************************999556666666 PP

                      gvpa  75 vskgalsgaaeaisdalkealv..seesesrkssrassrr 112
                                +++++ ga+ a++++l++ l   +ee+e+++ sr s+r 
  nat_05aec1de9ccb89179086 101 GAESKTQGALGAVGEKLGDILGggKEEPERERVSRKSTRE 140
                               6777777777777777777664226788899999987764 PP

>> nat_8d5392221648a605a7c2  
   #    score  bias  c-Evalue  i-Evalue hmmfrom  hmm to    alifrom  ali to    envfrom  env to     acc
 ---   ------ ----- --------- --------- ------- -------    ------- -------    ------- -------    ----
   1 !  137.3   0.9   9.1e-42   1.3e-41       6     113 ..      16     133 ..       1     134 [] 0.91

  Alignments for each domain:
  == domain 1  score: 137.3 bits;  conditional E-value: 9.1e-42
                      gvpa   6 vsdsssLaevldrvLDkGiviDafvRvslvGieiltieaRvvvasvdtyLryaeavgrld..........evaesaaaevskgal 80 
                                 +sssLa+v+d++LDkG+viDaf+RvslvGie++t++aRvvvasvdtyLr+aeav+rl+          ++    +++ sk ++
  nat_8d5392221648a605a7c2  16 RPNSSSLADVVDTILDKGLVIDAFARVSLVGIELVTVDARVVVASVDTYLRFAEAVNRLEistsepkgltDIVGDVTEGASKHKT 100
                               578****************************************************************999777788888999999 PP

                      gvpa  81 sgaaeaisdalkealvseesesrkssrassrrk 113
                                ga+ea+++++k+ l++ e +++++ r+s+rr+
  nat_8d5392221648a605a7c2 101 KGALEAAGEKVKSFLDDVEDKRQTAPRSSRRRE 133
                               9*************9999999999999888776 PP

>> nat_b00e08214202d9da45f3  
   #    score  bias  c-Evalue  i-Evalue hmmfrom  hmm to    alifrom  ali to    envfrom  env to     acc
 ---   ------ ----- --------- --------- ------- -------    ------- -------    ------- -------    ----
   1 !  137.2   0.1   9.8e-42   1.4e-41       1     105 [.       1     115 [.       1     122 [] 0.90

  Alignments for each domain:
  == domain 1  score: 137.2 bits;  conditional E-value: 9.8e-42
                      gvpa   1 mavekvsdsssLaevldrvLDkGiviDafvRvslvGieiltieaRvvvasvdtyLryaeavgrld..........evaesaaaev 75 
                               m+  +  +sssLa+v+d++LDkG+viDa+vRvslvGie+lti+aR+vvasvdtyLr+aeav+rl+           v+  ++++ 
  nat_b00e08214202d9da45f3   1 MTTTGGPSSSSLADVIDTILDKGLVIDAYVRVSLVGIELLTIDARIVVASVDTYLRFAEAVNRLEigsepkgltdLVSDVKGSGS 85 
                               7778899******************************************************************997788888888 PP

                      gvpa  76 skgalsgaaeaisdalkealvseesesrks 105
                               +k+++ g++e ++++l+e l+ ++se++ +
  nat_b00e08214202d9da45f3  86 TKSKTKGVLEGVGETLSELLSGSGSEREPA 115
                               899999999999999999988888877655 PP

>> nat_614ee05c12fc168e53ed  
   #    score  bias  c-Evalue  i-Evalue hmmfrom  hmm to    alifrom  ali to    envfrom  env to     acc
 ---   ------ ----- --------- --------- ------- -------    ------- -------    ------- -------    ----
   1 !  137.1   0.1   1.1e-41   1.6e-41       1     111 [.       1     122 [.       1     125 [] 0.88

  Alignments for each domain:
  == domain 1  score: 137.1 bits;  conditional E-value: 1.1e-41
                      gvpa   1 mavekvsdsssLaevldrvLDkGiviDafvRvslvGieiltieaRvvvasvdtyLryaeavgrld.........evaesaaaevs 76 
                               m+  +  +sssLa+v+d++LDkG+viDa+vRvslvGie+lti+aRvvvasvdtyLr+aeav+rl+         + a  ++++ +
  nat_614ee05c12fc168e53ed   1 MTTAGGPSSSSLADVIDTILDKGLVIDAYVRVSLVGIELLTIDARVVVASVDTYLRFAEAVNRLEigsepkgltDLAGGGTEGGA 85 
                               7778899*****************************************************************9988888888888 PP

                      gvpa  77 kgalsgaaeaisdalkealv..seesesrkssrassr 111
                               ++++ ga+ a++++l++ l   +ee+++++ sr s+r
  nat_614ee05c12fc168e53ed  86 ESKTQGALGAAGEKLGDLLGggKEEPQRERVSRKSTR 122
                               8889999999999999887522567777888887666 PP

>> nat_e10062d88e50908c95d3  
   #    score  bias  c-Evalue  i-Evalue hmmfrom  hmm to    alifrom  ali to    envfrom  env to     acc
 ---   ------ ----- --------- --------- ------- -------    ------- -------    ------- -------    ----
   1 !  137.2   0.3     1e-41   1.5e-41       6     113 ..      17     134 ..       1     135 [] 0.86

  Alignments for each domain:
  == domain 1  score: 137.2 bits;  conditional E-value: 1e-41
                      gvpa   6 vsdsssLaevldrvLDkGiviDafvRvslvGieiltieaRvvvasvdtyLryaeavgrld..........evaesaaaevskgal 80 
                                 +ss+Laev+d++LDkG+viDaf+RvslvGie+lti+aRvvvasvdtyLr+aeav+rl+          +     +++ +k ++
  nat_e10062d88e50908c95d3  17 RPNSSGLAEVIDTILDKGLVIDAFARVSLVGIELLTIDARVVVASVDTYLRFAEAVNRLEisdtepkglpDLVGDITEGGAKHKT 101
                               478******************************************************************9555555555566667 PP

                      gvpa  81 sgaaeaisdalkealvseesesrkssrassrrk 113
                                ga+ea+++++ + l++ e +++++sr+s+rr+
  nat_e10062d88e50908c95d3 102 KGAIEAAGEKVMNFLDDVEDKRQTASRSSKRRE 134
                               788899999999998888889999999888874 PP

>> nat_f5798c1d664fe6d4faa5  
   #    score  bias  c-Evalue  i-Evalue hmmfrom  hmm to    alifrom  ali to    envfrom  env to     acc
 ---   ------ ----- --------- --------- ------- -------    ------- -------    ------- -------    ----
   1 !  136.2   0.3     2e-41   2.9e-41       3     112 ..      15     139 ..      13     141 .] 0.86

  Alignments for each domain:
  == domain 1  score: 136.2 bits;  conditional E-value: 2e-41
                      gvpa   3 vekvsdsssLaevldrvLDkGiviDafvRvslvGieiltieaRvvvasvdtyLryaeavgrld.............evaesaaae 74 
                               v +  +sssLa+v+d++LDkG+viDa+vRvslvGie+lti+aRvvvasvdtyLr+aeav+rl+               +e +a++
  nat_f5798c1d664fe6d4faa5  15 VSGGPSSSSLADVIDTILDKGLVIDAYVRVSLVGIELLTIDARVVVASVDTYLRFAEAVNRLEigsepkgltdlagGGSEGGAED 99 
                               667899******************************************************************9999666666777 PP

                      gvpa  75 vskgalsgaaeaisdalkealv..seesesrkssrassrr 112
                                +++++ ga+ a++++l++ l   +ee+e+++ sr s+r 
  nat_f5798c1d664fe6d4faa5 100 GAESKTQGALGAVGEKLGDILGggKEEPERERVSRKSTRE 139
                               7777777777777777777764226788889999987764 PP

>> nat_21636e3756ac6619107d  
   #    score  bias  c-Evalue  i-Evalue hmmfrom  hmm to    alifrom  ali to    envfrom  env to     acc
 ---   ------ ----- --------- --------- ------- -------    ------- -------    ------- -------    ----
   1 !  136.1   1.3   2.1e-41   3.1e-41       3     110 ..      13     132 ..      11     135 .. 0.92

  Alignments for each domain:
  == domain 1  score: 136.1 bits;  conditional E-value: 2.1e-41
                      gvpa   3 vekvsdsssLaevldrvLDkGiviDafvRvslvGieiltieaRvvvasvdtyLryaeavgrld..............evaesaaa 73 
                               v +  +sssLa+v+d++LDkG+viDa+vRvslvGie++ti+aRvvvasvdtyLr+aeav+rl+              +v+es+a+
  nat_21636e3756ac6619107d  13 VSGGPSSSSLADVVDTILDKGLVIDAYVRVSLVGIELVTIDARVVVASVDTYLRFAEAVNRLEigsgepegltdlvgDVTESGAK 97 
                               667899******************************************************************************* PP

                      gvpa  74 evskgalsgaaeaisdalkealvseesesrkssrass 110
                                ++kgal +a e ++d l+    +eese+++ +r s 
  nat_21636e3756ac6619107d  98 AKTKGALESAGERLGDILGGG--QEESERERVTRKSI 132
                               999999999999999999987..67777777777654 PP

>> nat_69f0675a9519b5f433ed  
   #    score  bias  c-Evalue  i-Evalue hmmfrom  hmm to    alifrom  ali to    envfrom  env to     acc
 ---   ------ ----- --------- --------- ------- -------    ------- -------    ------- -------    ----
   1 !  136.3   0.1   1.8e-41   2.7e-41       1     109 [.       1     118 [.       1     120 [] 0.90

  Alignments for each domain:
  == domain 1  score: 136.3 bits;  conditional E-value: 1.8e-41
                      gvpa   1 mavekvsdsssLaevldrvLDkGiviDafvRvslvGieiltieaRvvvasvdtyLryaeavgrld.........evaesaaaevs 76 
                               m+  +  +sssLa+v+d++LDkG+viDa+vRvslvGie+lti+aR+vvasvdtyLr+aea +rl+         +    a+++++
  nat_69f0675a9519b5f433ed   1 MTTAGGPSSSSLADVIDTILDKGLVIDAYVRVSLVGIELLTIDARIVVASVDTYLRFAEAANRLAigsepkglsDLMSGATEKIA 85 
                               7778899*****************************************************************9766666666778 PP

                      gvpa  77 kgalsgaaeaisdalkealvseesesrkssras 109
                               k+++ ga+e+++++l++ l  ++se++ + r s
  nat_69f0675a9519b5f433ed  86 KSKTKGALESAGEKLGDLLGGSGSEREPAPRRS 118
                               99999************9999999998887754 PP

>> nat_a439fa109b8bfbe78878  
   #    score  bias  c-Evalue  i-Evalue hmmfrom  hmm to    alifrom  ali to    envfrom  env to     acc
 ---   ------ ----- --------- --------- ------- -------    ------- -------    ------- -------    ----
   1 !  136.2   0.7     2e-41   2.9e-41       5     108 ..       4     117 ..       1     120 [] 0.86

  Alignments for each domain:
  == domain 1  score: 136.2 bits;  conditional E-value: 2e-41
                      gvpa   5 kvsdsssLaevldrvLDkGiviDafvRvslvGieiltieaRvvvasvdtyLryaeavgrld..........evaesaaaevskga 79 
                               +  +sssLa+v+d++LDkG+viDa+vRvslvGie+lti+aR+vvasvdtyLr+aeav+rl+           v+  ++++ +k++
  nat_a439fa109b8bfbe78878   4 GGPSSSSLADVIDTILDKGLVIDAYVRVSLVGIELLTIDARIVVASVDTYLRFAEAVNRLEigsepkgltdVVSDIKGSGSTKSK 88 
                               5689*****************************************************************9866777777888888 PP

                      gvpa  80 lsgaaeaisdalkealvseesesrkssra 108
                               + g++e ++++l+e l+ ++se++   r 
  nat_a439fa109b8bfbe78878  89 TKGVLEGVGETLSELLSGSGSEREPERRR 117
                               88888888888888877777766554433 PP

>> nat_1451c78833f55a393406  
   #    score  bias  c-Evalue  i-Evalue hmmfrom  hmm to    alifrom  ali to    envfrom  env to     acc
 ---   ------ ----- --------- --------- ------- -------    ------- -------    ------- -------    ----
   1 !  136.1   0.5   2.1e-41   3.1e-41       6     111 ..      11     126 ..       2     129 .] 0.91

  Alignments for each domain:
  == domain 1  score: 136.1 bits;  conditional E-value: 2.1e-41
                      gvpa   6 vsdsssLaevldrvLDkGiviDafvRvslvGieiltieaRvvvasvdtyLryaeavgrld.........evaesaaaevskgals 81 
                                 +sssLa+v+d++LDkG++iDa+vRvslvGie+lti+aRvvvasvdtyLr+aeav+rl+         +   s +++ +k++++
  nat_1451c78833f55a393406  11 GGGSSSLADVIDTILDKGLIIDAYVRVSLVGIELLTIDARVVVASVDTYLRFAEAVNRLEiggepdgltDLVGSVTSGGAKSKTA 95 
                               568****************************************************************9988888899999999** PP

                      gvpa  82 gaaeaisdalkealv.seesesrkssrassr 111
                               ga+ea++++l+  l  +ee+e+++ sr s+r
  nat_1451c78833f55a393406  96 GALEAAGERLGGILGgQEEPERERKSRGSRR 126
                               ***********99862678999999998665 PP

>> nat_15e32a2edd6bff0d0784  
   #    score  bias  c-Evalue  i-Evalue hmmfrom  hmm to    alifrom  ali to    envfrom  env to     acc
 ---   ------ ----- --------- --------- ------- -------    ------- -------    ------- -------    ----
   1 !  136.0   0.5   2.2e-41   3.3e-41       6     113 ..      19     135 ..       1     137 [] 0.91

  Alignments for each domain:
  == domain 1  score: 136.0 bits;  conditional E-value: 2.2e-41
                      gvpa   6 vsdsssLaevldrvLDkGiviDafvRvslvGieiltieaRvvvasvdtyLryaeavgrld..........evaesaaaevskgal 80 
                                 +sssLa+v+d++LDkG+viDaf+RvslvGie++ti+aRvvvasvdtyLr+aeav+rl+          ++    +++ +k ++
  nat_15e32a2edd6bff0d0784  19 RPNSSSLADVIDTILDKGLVIDAFARVSLVGIELVTIDARVVVASVDTYLRFAEAVNRLEistsepkgitDIVGDVTQGAAKHKT 103
                               578****************************************************************99988888889999999* PP

                      gvpa  81 sgaaeaisdalkealvseesesrkssrassrrk 113
                               sga+ea+++++ + l + e +++++sr  +r++
  nat_15e32a2edd6bff0d0784 104 SGALEAAGEKVMNFLGDVEDKRQTASRP-RRKE 135
                               *************999988888888887.4444 PP

>> nat_1aeb097a28c863a862e4  
   #    score  bias  c-Evalue  i-Evalue hmmfrom  hmm to    alifrom  ali to    envfrom  env to     acc
 ---   ------ ----- --------- --------- ------- -------    ------- -------    ------- -------    ----
   1 !  136.0   0.0   2.3e-41   3.4e-41       6     105 ..      20     133 ..       1     137 [] 0.88

  Alignments for each domain:
  == domain 1  score: 136.0 bits;  conditional E-value: 2.3e-41
                      gvpa   6 vsdsssLaevldrvLDkGiviDafvRvslvGieiltieaRvvvasvdtyLryaeavgrld..............evaesaaaevs 76 
                                 +ss+La+v+d++LDkG+viDafvRvslvGie+lti+aRvvvasvdtyLr+aeav+rl+              +++  +a+ ++
  nat_1aeb097a28c863a862e4  20 RPNSSGLADVIDTILDKGLVIDAFVRVSLVGIELLTIDARVVVASVDTYLRFAEAVNRLEisdnepkglpdlvgDITSGGARHKT 104
                               468*******************************************************************999989999999999 PP

                      gvpa  77 kgalsgaaeaisdalkealvseesesrks 105
                               kga+ +a e +s+ l+e +++ e+++r+ 
  nat_1aeb097a28c863a862e4 105 KGAIEAAGEKVSEFLGEVQQQREAAPRSR 133
                               98888888888888888866666555543 PP

>> nat_a1b20255bb0729dffa3b  
   #    score  bias  c-Evalue  i-Evalue hmmfrom  hmm to    alifrom  ali to    envfrom  env to     acc
 ---   ------ ----- --------- --------- ------- -------    ------- -------    ------- -------    ----
   1 !  135.7   0.1   2.8e-41   4.1e-41       1     112 [.       1     122 [.       1     124 [] 0.83

  Alignments for each domain:
  == domain 1  score: 135.7 bits;  conditional E-value: 2.8e-41
                      gvpa   1 mavekvsdsssLaevldrvLDkGiviDafvRvslvGieiltieaRvvvasvdtyLryaeavgrld........evaesaaaevsk 77 
                               m+  +  +sssLa+v+d++LDkG+viDa+vRvslvGie+lti+aRvvvasvdtyLr+aeav+rl+        +    ++++ ++
  nat_a1b20255bb0729dffa3b   1 MTTAGGPSSSSLADVIDTILDKGLVIDAYVRVSLVGIELLTIDARVVVASVDTYLRFAEAVNRLEigsepkglTDLAGGGEGGAE 85 
                               7778899**********************************************************99999986333344455677 PP

                      gvpa  78 galsgaaeaisdalkealv..seesesrkssrassrr 112
                               +++ ga+ a++++l++ l   +ee+++++ sr s+r 
  nat_a1b20255bb0729dffa3b  86 SKTQGALGAAGEKLGDLLGggQEEPQRERVSRKSTRE 122
                               7888888888888888765226777888888877664 PP

>> nat_a1655bd7b808d51abef6  
   #    score  bias  c-Evalue  i-Evalue hmmfrom  hmm to    alifrom  ali to    envfrom  env to     acc
 ---   ------ ----- --------- --------- ------- -------    ------- -------    ------- -------    ----
   1 !  135.5   0.1   3.4e-41   4.9e-41       1     108 [.       1     119 [.       1     124 [. 0.87

  Alignments for each domain:
  == domain 1  score: 135.5 bits;  conditional E-value: 3.4e-41
                      gvpa   1 mavekvsdsssLaevldrvLDkGiviDafvRvslvGieiltieaRvvvasvdtyLryaeavgrld.........evaesaaaevs 76 
                               m+  +  +sssLa+v+d++LDkG+viDa+vRvslvGie+lti+aRvvvasvdtyLr+aeav+rl+         + a  ++++ +
  nat_a1655bd7b808d51abef6   1 MTTAGGPSSSSLADVIDTILDKGLVIDAYVRVSLVGIELLTIDARVVVASVDTYLRFAEAVNRLEigsepkgltDLAGGGTEGGA 85 
                               7778899*****************************************************************9988888888889 PP

                      gvpa  77 kgalsgaaeaisdalkealv..seesesrkssra 108
                               ++++ ga+ a++++l++ l   +ee+++++ sr 
  nat_a1655bd7b808d51abef6  86 ESKTQGALGAAGEKLGDLLGggKEEPQRERVSRK 119
                               9999999999999999987611455555555554 PP

>> nat_0b443f112af31da4c521  
   #    score  bias  c-Evalue  i-Evalue hmmfrom  hmm to    alifrom  ali to    envfrom  env to     acc
 ---   ------ ----- --------- --------- ------- -------    ------- -------    ------- -------    ----
   1 !  135.2   0.2   3.9e-41   5.8e-41       1     108 [.       1     117 [.       1     120 [] 0.90

  Alignments for each domain:
  == domain 1  score: 135.2 bits;  conditional E-value: 3.9e-41
                      gvpa   1 mavekvsdsssLaevldrvLDkGiviDafvRvslvGieiltieaRvvvasvdtyLryaeavgrld.........evaesaaaevs 76 
                               m+  +  +sssLa+v+d++LDkG+viDa+vRvslvGie+lti+aRvvvasvdtyLr+aea +rl+         +    ++++++
  nat_0b443f112af31da4c521   1 MTTAGGPSSSSLADVIDTILDKGLVIDAYVRVSLVGIELLTIDARVVVASVDTYLRFAEAANRLAigsepkglsDLVSGGTEKIA 85 
                               7778899*****************************************************************9877777777889 PP

                      gvpa  77 kgalsgaaeaisdalkealvseesesrkssra 108
                               k+++ ga+e+++++l++ l  ++se++ + r 
  nat_0b443f112af31da4c521  86 KSKTKGALESAGEKLGDLLGGSSSEREPTPRR 117
                               99999999999999999998888888776664 PP

>> nat_dfa741bfaf88075b5cad  
   #    score  bias  c-Evalue  i-Evalue hmmfrom  hmm to    alifrom  ali to    envfrom  env to     acc
 ---   ------ ----- --------- --------- ------- -------    ------- -------    ------- -------    ----
   1 !  135.2   0.3     4e-41     6e-41       1     109 [.       1     119 [.       1     121 [] 0.93

  Alignments for each domain:
  == domain 1  score: 135.2 bits;  conditional E-value: 4e-41
                      gvpa   1 mavekvsdsssLaevldrvLDkGiviDafvRvslvGieiltieaRvvvasvdtyLryaeavgrld..........evaesaaaev 75 
                               m+  +  +sssLa+v+d++LDkG+viDa+vRvslvGie+lti+aR+vvasvdtyLr+aea +rl+           v+  ++++ 
  nat_dfa741bfaf88075b5cad   1 MTTAGGPSSSSLADVIDTILDKGLVIDAYVRVSLVGIELLTIDARIVVASVDTYLRFAEAANRLAigsepkglsdLVSDVKGSGS 85 
                               7778899******************************************************************998888889999 PP

                      gvpa  76 skgalsgaaeaisdalkealvseesesrkssras 109
                               +k+++ g++e ++++l+e l+ ++se++ + r +
  nat_dfa741bfaf88075b5cad  86 TKSKTKGVLEGVGETLGELLSGSGSEREPAPRRR 119
                               9999**************9999999988877753 PP

>> nat_aa0a61561315386ac57d  
   #    score  bias  c-Evalue  i-Evalue hmmfrom  hmm to    alifrom  ali to    envfrom  env to     acc
 ---   ------ ----- --------- --------- ------- -------    ------- -------    ------- -------    ----
   1 !  135.2   0.2   4.1e-41   6.1e-41       1     108 [.       1     117 [.       1     120 [] 0.90

  Alignments for each domain:
  == domain 1  score: 135.2 bits;  conditional E-value: 4.1e-41
                      gvpa   1 mavekvsdsssLaevldrvLDkGiviDafvRvslvGieiltieaRvvvasvdtyLryaeavgrld.........evaesaaaevs 76 
                               m+  +  +sssLa+v+d++LDkG+viDa+vRvslvGie+lti+aRvvvasvdtyLr+aea +rl+         +    ++++++
  nat_aa0a61561315386ac57d   1 MTTAGGPSSSSLADVIDTILDKGLVIDAYVRVSLVGIELLTIDARVVVASVDTYLRFAEAANRLAigsepkglsDLVSGGTEKIA 85 
                               7778899*****************************************************************9877777777789 PP

                      gvpa  77 kgalsgaaeaisdalkealvseesesrkssra 108
                               k+++ ga+e+++++l++ l  ++se++ + r 
  nat_aa0a61561315386ac57d  86 KSKTKGALESAGEKLGDLLGGSSSEREPAPRR 117
                               99999999999999999988888887766654 PP

>> nat_4a95098f433ac14617bc  
   #    score  bias  c-Evalue  i-Evalue hmmfrom  hmm to    alifrom  ali to    envfrom  env to     acc
 ---   ------ ----- --------- --------- ------- -------    ------- -------    ------- -------    ----
   1 !  135.2   0.0   4.2e-41   6.1e-41       6     111 ..      19     134 ..       1     136 [] 0.84

  Alignments for each domain:
  == domain 1  score: 135.2 bits;  conditional E-value: 4.2e-41
                      gvpa   6 vsdsssLaevldrvLDkGiviDafvRvslvGieiltieaRvvvasvdtyLryaeavgrld..........evaesaaaevskgal 80 
                                 +ss+La+v+d++LDkG+viDafvRvslvGie+lti+aR+vvasvdtyLr+aeav+rl+          +     +++ +k ++
  nat_4a95098f433ac14617bc  19 RPNSSGLADVIDTILDKGLVIDAFVRVSLVGIELLTIDARIVVASVDTYLRFAEAVNRLEisqnepkglpDLVGDITQGGAKHKT 103
                               578******************************************************************9555555555566666 PP

                      gvpa  81 sgaaeaisdalkealvseesesrkssrassr 111
                                ga+ea+++++ + l + e +++++sr ++r
  nat_4a95098f433ac14617bc 104 KGALEAAGEKVMDFLGDVEDKRQTASRPKRR 134
                               6777777777777777777778888887655 PP

>> nat_f4f90ca0708a5faa9c5b  
   #    score  bias  c-Evalue  i-Evalue hmmfrom  hmm to    alifrom  ali to    envfrom  env to     acc
 ---   ------ ----- --------- --------- ------- -------    ------- -------    ------- -------    ----
   1 !  135.1   0.0   4.4e-41   6.5e-41       6     111 ..      20     135 ..       1     137 [] 0.84

  Alignments for each domain:
  == domain 1  score: 135.1 bits;  conditional E-value: 4.4e-41
                      gvpa   6 vsdsssLaevldrvLDkGiviDafvRvslvGieiltieaRvvvasvdtyLryaeavgrld..........evaesaaaevskgal 80 
                                 +ss+La+v+d++LDkG+viDafvRvslvGie+lti+aR+vvasvdtyLr+aeav+rl+          +     +++ +k ++
  nat_f4f90ca0708a5faa9c5b  20 RPNSSGLADVIDTILDKGLVIDAFVRVSLVGIELLTIDARIVVASVDTYLRFAEAVNRLEisdnepkglpDLVGDITQGGAKHKT 104
                               578*******************************************************************555555555566666 PP

                      gvpa  81 sgaaeaisdalkealvseesesrkssrassr 111
                                ga+ea+++++ + l + e +++++sr ++r
  nat_f4f90ca0708a5faa9c5b 105 KGALEAAGEKVMDFLGDVEDKRQTASRPKRR 135
                               6777777777777777777777888887655 PP

>> nat_d57269e318a762146774  
   #    score  bias  c-Evalue  i-Evalue hmmfrom  hmm to    alifrom  ali to    envfrom  env to     acc
 ---   ------ ----- --------- --------- ------- -------    ------- -------    ------- -------    ----
   1 !  135.1   0.0   4.5e-41   6.6e-41       6     111 ..      20     135 ..       1     137 [] 0.88

  Alignments for each domain:
  == domain 1  score: 135.1 bits;  conditional E-value: 4.5e-41
                      gvpa   6 vsdsssLaevldrvLDkGiviDafvRvslvGieiltieaRvvvasvdtyLryaeavgrld..........evaesaaaevskgal 80 
                                 +ss+La+v+d++LDkG+viDafvRvslvGie+lti+aR+vvasvdtyLr+aeav+rl+          +     +++ sk ++
  nat_d57269e318a762146774  20 RPNSSGLADVIDTILDKGLVIDAFVRVSLVGIELLTIDARIVVASVDTYLRFAEAVNRLEiadnepkglpDLVGDITQGGSKHKT 104
                               578*****************************************************************99666666777777788 PP

                      gvpa  81 sgaaeaisdalkealvseesesrkssrassr 111
                                ga+ea+++++ + l + e +++++sr ++r
  nat_d57269e318a762146774 105 KGALEAAGEKVMDFLGDVEDKRETASRPKRR 135
                               8888888888888888888888888888665 PP

>> nat_2f6b62c5722bcacabd8e  
   #    score  bias  c-Evalue  i-Evalue hmmfrom  hmm to    alifrom  ali to    envfrom  env to     acc
 ---   ------ ----- --------- --------- ------- -------    ------- -------    ------- -------    ----
   1 !  135.0   0.2   4.7e-41   6.9e-41       6     111 ..      19     134 ..       1     136 [] 0.90

  Alignments for each domain:
  == domain 1  score: 135.0 bits;  conditional E-value: 4.7e-41
                      gvpa   6 vsdsssLaevldrvLDkGiviDafvRvslvGieiltieaRvvvasvdtyLryaeavgrld..........evaesaaaevskgal 80 
                                 +sssLa+v+d++LDkG+viDaf+RvslvGie++ti+aRvvvasvdtyLr+aeav+rl+          ++    +++ +k ++
  nat_2f6b62c5722bcacabd8e  19 RPNSSSLADVIDTILDKGLVIDAFARVSLVGIELVTIDARVVVASVDTYLRFAEAVNRLEistsepkgltDIVGDVTQGAAKHKT 103
                               578*****************************************************************99777777788888889 PP

                      gvpa  81 sgaaeaisdalkealvseesesrkssrassr 111
                                ga+ea+++++ + l + + +++++sr ++r
  nat_2f6b62c5722bcacabd8e 104 QGALEAAGEKVMDFLGDVQDKRQTTSRPKRR 134
                               9999999999999988888888889988766 PP

>> nat_25f8dd28e9511c933322  
   #    score  bias  c-Evalue  i-Evalue hmmfrom  hmm to    alifrom  ali to    envfrom  env to     acc
 ---   ------ ----- --------- --------- ------- -------    ------- -------    ------- -------    ----
   1 !  135.0   0.0   4.6e-41   6.8e-41       6     104 ..      20     132 ..       1     137 [] 0.87

  Alignments for each domain:
  == domain 1  score: 135.0 bits;  conditional E-value: 4.6e-41
                      gvpa   6 vsdsssLaevldrvLDkGiviDafvRvslvGieiltieaRvvvasvdtyLryaeavgrld..............evaesaaaevs 76 
                                 +ss+La+v+d++LDkG+viDafvRvslvGie+lti+aRvvvasvdtyLr+aeav+rl+              +++  +++ ++
  nat_25f8dd28e9511c933322  20 RPNSSGLADVIDTILDKGLVIDAFVRVSLVGIELLTIDARVVVASVDTYLRFAEAVNRLEisdnepkglpdlvgDITSGGSKHKT 104
                               468*******************************************************************888888888888888 PP

                      gvpa  77 kgalsgaaeaisdalkealvseesesrk 104
                               kgal +a e +s+ l++ +++ e+++r+
  nat_25f8dd28e9511c933322 105 KGALEAAGEKVSEFLGDVQEQREPARRS 132
                               8888888888888888877666666543 PP

>> nat_495c2735bcdc48076ab6  
   #    score  bias  c-Evalue  i-Evalue hmmfrom  hmm to    alifrom  ali to    envfrom  env to     acc
 ---   ------ ----- --------- --------- ------- -------    ------- -------    ------- -------    ----
   1 !  134.7   0.1   5.9e-41   8.7e-41       7     111 ..      24     138 ..      18     140 .] 0.84

  Alignments for each domain:
  == domain 1  score: 134.7 bits;  conditional E-value: 5.9e-41
                      gvpa   7 sdsssLaevldrvLDkGiviDafvRvslvGieiltieaRvvvasvdtyLryaeavgrld..............evaesaaaevsk 77 
                                +ss+La+v+d++LDkG+viDafvRvslvGie+lti+aR+vvasvdtyLr+aeav+rl+              +     +++ +k
  nat_495c2735bcdc48076ab6  24 PNSSGLADVIDTILDKGLVIDAFVRVSLVGIELLTIDARIVVASVDTYLRFAEAVNRLEiadnepkglpdlvgD----ITQGGAK 104
                               68******************************************************************955444....5555555 PP

                      gvpa  78 galsgaaeaisdalkealvseesesrkssrassr 111
                                ++ ga+ea+++++ + l + e +++++sr ++r
  nat_495c2735bcdc48076ab6 105 HKTKGALEAAGEKVMDFLGDVEDKRETASRPKRR 138
                               6666777777777777777777777778877655 PP

>> nat_8ea71d3ab15e5cf268b1  
   #    score  bias  c-Evalue  i-Evalue hmmfrom  hmm to    alifrom  ali to    envfrom  env to     acc
 ---   ------ ----- --------- --------- ------- -------    ------- -------    ------- -------    ----
   1 !  134.8   0.0   5.2e-41   7.7e-41       6     104 ..      19     131 ..       1     136 [] 0.84

  Alignments for each domain:
  == domain 1  score: 134.8 bits;  conditional E-value: 5.2e-41
                      gvpa   6 vsdsssLaevldrvLDkGiviDafvRvslvGieiltieaRvvvasvdtyLryaeavgrld..............evaesaaaevs 76 
                                 +ss+La+v+d++LDkG+viDafvRvslvGie+lti+aRvvvasvdtyLr+aeav+rl+              +++  +++ ++
  nat_8ea71d3ab15e5cf268b1  19 RPNSSGLADVIDTILDKGLVIDAFVRVSLVGIELLTIDARVVVASVDTYLRFAEAVNRLEisdnepkglpdlvgDITSGGSKHKT 103
                               478*******************************************************************877777777777777 PP

                      gvpa  77 kgalsgaaeaisdalkealvseesesrk 104
                               kgal +a e +s+ l++ +++ ++++r+
  nat_8ea71d3ab15e5cf268b1 104 KGALEAAGEKVSEFLGDVQEQRQPARRS 131
                               7777777777777777776655555443 PP

>> nat_0e118acdc2771e80b4ea  
   #    score  bias  c-Evalue  i-Evalue hmmfrom  hmm to    alifrom  ali to    envfrom  env to     acc
 ---   ------ ----- --------- --------- ------- -------    ------- -------    ------- -------    ----
   1 !  134.8   0.0   5.5e-41   8.1e-41       6     103 ..      20     131 ..       1     137 [] 0.85

  Alignments for each domain:
  == domain 1  score: 134.8 bits;  conditional E-value: 5.5e-41
                      gvpa   6 vsdsssLaevldrvLDkGiviDafvRvslvGieiltieaRvvvasvdtyLryaeavgrld..............evaesaaaevs 76 
                                 +ss+La+v+d++LDkG+viDafvRvslvGie+lti+aRvvvasvdtyLr+aeav+rl+              +++  +++ ++
  nat_0e118acdc2771e80b4ea  20 RPNSSGLADVIDTILDKGLVIDAFVRVSLVGIELLTIDARVVVASVDTYLRFAEAVNRLEisdnepkglpdlvgDITSGGSKHKT 104
                               468*******************************************************************887777777777777 PP

                      gvpa  77 kgalsgaaeaisdalkealvseesesr 103
                               kgal +a e +s+ l++ +++ e++++
  nat_0e118acdc2771e80b4ea 105 KGALEAAGEKVSEFLGDVQEQREPARQ 131
                               777777777777777777666555543 PP

>> nat_a901ff8a401719052dfa  
   #    score  bias  c-Evalue  i-Evalue hmmfrom  hmm to    alifrom  ali to    envfrom  env to     acc
 ---   ------ ----- --------- --------- ------- -------    ------- -------    ------- -------    ----
   1 !  134.6   0.3   6.1e-41     9e-41       1     109 [.       1     119 [.       1     121 [] 0.90

  Alignments for each domain:
  == domain 1  score: 134.6 bits;  conditional E-value: 6.1e-41
                      gvpa   1 mavekvsdsssLaevldrvLDkGiviDafvRvslvGieiltieaRvvvasvdtyLryaeavgrld..........evaesaaaev 75 
                               m+  +  +sssLa+v+d++LDkG+viDa+vRvslvGie+lti+aR+vvasvdtyLr+aea +rl+           v+  + ++ 
  nat_a901ff8a401719052dfa   1 MTTAGGPSSSSLADVIDTILDKGLVIDAYVRVSLVGIELLTIDARIVVASVDTYLRFAEAANRLAigsepkglsdLVSDVKDSGS 85 
                               7778899******************************************************************997777777788 PP

                      gvpa  76 skgalsgaaeaisdalkealvseesesrkssras 109
                               +k+++ g++e ++++l+e l+ ++se++ + r +
  nat_a901ff8a401719052dfa  86 TKSKTKGVLEGVGETLGELLSGSGSEREPAPRRR 119
                               8889999999999999999998888888777653 PP

>> nat_1cc68774b93a831e1a93  
   #    score  bias  c-Evalue  i-Evalue hmmfrom  hmm to    alifrom  ali to    envfrom  env to     acc
 ---   ------ ----- --------- --------- ------- -------    ------- -------    ------- -------    ----
   1 !  134.7   0.0   5.7e-41   8.4e-41       6     104 ..      20     132 ..       1     137 [] 0.85

  Alignments for each domain:
  == domain 1  score: 134.7 bits;  conditional E-value: 5.7e-41
                      gvpa   6 vsdsssLaevldrvLDkGiviDafvRvslvGieiltieaRvvvasvdtyLryaeavgrld..............evaesaaaevs 76 
                                 +ss+La+v+d++LDkG+viDafvRvslvGie+lti+aRvvvasvdtyLr+aeav+rl+              +++  +++ ++
  nat_1cc68774b93a831e1a93  20 RPNSSGLADVIDTILDKGLVIDAFVRVSLVGIELLTIDARVVVASVDTYLRFAEAVNRLEisdnepkglpdlvgDITSGGSKHKT 104
                               468*******************************************************************877777777777777 PP

                      gvpa  77 kgalsgaaeaisdalkealvseesesrk 104
                               kgal +a e +s+ l++ +++ ++++r+
  nat_1cc68774b93a831e1a93 105 KGALEAAGEKVSEFLGDVQEQRQPARRS 132
                               7777777777777777776655555443 PP

>> nat_21445f81bd709996cb4c  
   #    score  bias  c-Evalue  i-Evalue hmmfrom  hmm to    alifrom  ali to    envfrom  env to     acc
 ---   ------ ----- --------- --------- ------- -------    ------- -------    ------- -------    ----
   1 !  134.5   0.2   6.8e-41     1e-40       3     112 ..      16     135 ..      14     137 .] 0.86

  Alignments for each domain:
  == domain 1  score: 134.5 bits;  conditional E-value: 6.8e-41
                      gvpa   3 vekvsdsssLaevldrvLDkGiviDafvRvslvGieiltieaRvvvasvdtyLryaeavgrld........evaesaaaevskga 79 
                               v +  +sssLa+v+d++LDkG+viDa+vRvslvGie+lti+aRvvvasvdtyLr+aeav+rl+        +    ++ + s+++
  nat_21445f81bd709996cb4c  16 VSGGPSSSSLADVIDTILDKGLVIDAYVRVSLVGIELLTIDARVVVASVDTYLRFAEAVNRLEigsepkglTDLAGGGDGDSESK 100
                               667899*********************************************************9999998644445567789999 PP

                      gvpa  80 lsgaaeaisdalkealv..seesesrkssrassrr 112
                               + ga+ a++++l++ l   +ee+++++ sr s+r 
  nat_21445f81bd709996cb4c 101 TQGALGAAGEKLGDLLGggQEEPQRERVSRKSTRE 135
                               9***********99986226677788888876664 PP

>> nat_96462335ed2439837985  
   #    score  bias  c-Evalue  i-Evalue hmmfrom  hmm to    alifrom  ali to    envfrom  env to     acc
 ---   ------ ----- --------- --------- ------- -------    ------- -------    ------- -------    ----
   1 !  134.5   0.2   6.5e-41   9.6e-41       1     108 [.       1     118 [.       1     121 [] 0.92

  Alignments for each domain:
  == domain 1  score: 134.5 bits;  conditional E-value: 6.5e-41
                      gvpa   1 mavekvsdsssLaevldrvLDkGiviDafvRvslvGieiltieaRvvvasvdtyLryaeavgrld..........evaesaaaev 75 
                               m+  +  +sssLa+v+d++LDkG+viDa+vRvslvGie+lti+aR+vvasvdtyLr+aea +rl+           v+  ++++ 
  nat_96462335ed2439837985   1 MTTAGGPSSSSLADVIDTILDKGLVIDAYVRVSLVGIELLTIDARIVVASVDTYLRFAEAANRLAigsepkglsdLVSDVKGSGS 85 
                               7778899******************************************************************998888888999 PP

                      gvpa  76 skgalsgaaeaisdalkealvseesesrkssra 108
                               +k+++ g++e ++++l+e l+ ++se++ + r 
  nat_96462335ed2439837985  86 TKSKTKGVLEGVGETLGELLAGSGSEREPAPRR 118
                               999999999999999999999999998877665 PP

>> nat_7d62c45eb5711910c788  
   #    score  bias  c-Evalue  i-Evalue hmmfrom  hmm to    alifrom  ali to    envfrom  env to     acc
 ---   ------ ----- --------- --------- ------- -------    ------- -------    ------- -------    ----
   1 !  134.4   0.0   7.1e-41     1e-40       6     104 ..      19     131 ..       1     136 [] 0.86

  Alignments for each domain:
  == domain 1  score: 134.4 bits;  conditional E-value: 7.1e-41
                      gvpa   6 vsdsssLaevldrvLDkGiviDafvRvslvGieiltieaRvvvasvdtyLryaeavgrld..............evaesaaaevs 76 
                                 +ss+La+v+d++LDkG+viDafvRvslvGie+lti+aRvvvasvdtyLr+aeav+rl+              +++  +++ ++
  nat_7d62c45eb5711910c788  19 RPNSSGLADVIDTILDKGLVIDAFVRVSLVGIELLTIDARVVVASVDTYLRFAEAVNRLEisdnepkglpdlvgDITSGGSKHKT 103
                               478*******************************************************************888888888888888 PP

                      gvpa  77 kgalsgaaeaisdalkealvseesesrk 104
                               kgal +a e +s+ l++ +++ ++++r+
  nat_7d62c45eb5711910c788 104 KGALEAAGERVSEFLGDVQEQRQPARRS 131
                               8888888888888888876666665543 PP

>> nat_f44c857654f488ee7ad6  
   #    score  bias  c-Evalue  i-Evalue hmmfrom  hmm to    alifrom  ali to    envfrom  env to     acc
 ---   ------ ----- --------- --------- ------- -------    ------- -------    ------- -------    ----
   1 !  134.2   0.2   8.5e-41   1.3e-40       5     112 ..      18     136 ..      14     138 .] 0.80

  Alignments for each domain:
  == domain 1  score: 134.2 bits;  conditional E-value: 8.5e-41
                      gvpa   5 kvsdsssLaevldrvLDkGiviDafvRvslvGieiltieaRvvvasvdtyLryaeavgrld.........evaesaaaevskgal 80 
                               +  +sssLa+v+d++LDkG+viDa+vRvslvGie+lti+aRvvvasvdtyLr+aeav+rl+         + a  +++  +++++
  nat_f44c857654f488ee7ad6  18 GGPSSSSLADVIDTILDKGLVIDAYVRVSLVGIELLTIDARVVVASVDTYLRFAEAVNRLEigsepkgltDLAGGGGESDAESKT 102
                               6789****************************************************************99555555555555566 PP

                      gvpa  81 sgaaeaisdalkealv..seesesrkssrassrr 112
                                ga+ a+++++++ l   +ee+++++ sr s+r 
  nat_f44c857654f488ee7ad6 103 QGALGAAGEKVGDLLGggQEEPQRERVSRKSTRE 136
                               6666666666666553116788888888877664 PP

>> nat_8087f5ca80a883ecf2fd  
   #    score  bias  c-Evalue  i-Evalue hmmfrom  hmm to    alifrom  ali to    envfrom  env to     acc
 ---   ------ ----- --------- --------- ------- -------    ------- -------    ------- -------    ----
   1 !  134.3   0.3   7.8e-41   1.1e-40       5     112 ..      14     137 ..       1     141 [] 0.80

  Alignments for each domain:
  == domain 1  score: 134.3 bits;  conditional E-value: 7.8e-41
                      gvpa   5 kvsdsssLaevldrvLDkGiviDafvRvslvGieiltieaRvvvasvdtyLryaeavgrld..............evaesaaaev 75 
                               + s++s+L++v+d++LDkG+viDafvRvslvGie++ti+aR+vvasvdtyLr+aea +rld              e +e+++++ 
  nat_8087f5ca80a883ecf2fd  14 QRSSGSALVDVIDTILDKGLVIDAFVRVSLVGIELITIDARIVVASVDTYLRFAEATNRLDlyekggtglpglvgELTEKGTQGG 98 
                               457899*********************************************************************8888888888 PP

                      gvpa  76 skgalsgaaeaisdalkealvsee..sesrkssrassrr 112
                               +kg++ g+++a+ ++++e l++ +  +e+r + r s rr
  nat_8087f5ca80a883ecf2fd  99 AKGKTKGMLDAARETVGEVLEERAerAEERDTRRRSPRR 137
                               888888887777777777665433103333333333333 PP

>> nat_677429b5c213ba9473a5  
   #    score  bias  c-Evalue  i-Evalue hmmfrom  hmm to    alifrom  ali to    envfrom  env to     acc
 ---   ------ ----- --------- --------- ------- -------    ------- -------    ------- -------    ----
   1 !  134.0   0.1   9.6e-41   1.4e-40       3     111 ..      16     134 ..      14     137 .] 0.85

  Alignments for each domain:
  == domain 1  score: 134.0 bits;  conditional E-value: 9.6e-41
                      gvpa   3 vekvsdsssLaevldrvLDkGiviDafvRvslvGieiltieaRvvvasvdtyLryaeavgrld........evaesaaaevskga 79 
                               v +  +sssLa+v+d++LDkG+viDa+vRvslvGie+lti+aRvvvasvdtyLr+aeav+rl+        +    ++++ ++++
  nat_677429b5c213ba9473a5  16 VSGGPSSSSLADVIDTILDKGLVIDAYVRVSLVGIELLTIDARVVVASVDTYLRFAEAVNRLEigsepkglTDLAGGGEGDAESK 100
                               667899*********************************************************9999998633344566778889 PP

                      gvpa  80 lsgaaeaisdalkealv..seesesrkssrassr 111
                               + ga+ a++++l++ l   +ee+++++ sr s+r
  nat_677429b5c213ba9473a5 101 TQGALGAAGEKLGDLLGggKEEPQRERVSRKSTR 134
                               9999999999999987522567777778877665 PP

>> nat_5d7c3d0594612da43ea2  
   #    score  bias  c-Evalue  i-Evalue hmmfrom  hmm to    alifrom  ali to    envfrom  env to     acc
 ---   ------ ----- --------- --------- ------- -------    ------- -------    ------- -------    ----
   1 !  133.9   0.0   9.9e-41   1.5e-40       7     110 ..      21     134 ..       4     137 .] 0.82

  Alignments for each domain:
  == domain 1  score: 133.9 bits;  conditional E-value: 9.9e-41
                      gvpa   7 sdsssLaevldrvLDkGiviDafvRvslvGieiltieaRvvvasvdtyLryaeavgrld..............evaesaaaevsk 77 
                                +ss+La+v+d++LDkG+viDafvRvslvGie+lti+aR+vvasvdtyLr+aeav+rl+              ++++ +a+ ++k
  nat_5d7c3d0594612da43ea2  21 PNSSGLADVIDTILDKGLVIDAFVRVSLVGIELLTIDARIVVASVDTYLRFAEAVNRLEisqnepkglpdlvgDITQGGAKHKTK 105
                               68*******************************************************************7666666666666666 PP

                      gvpa  78 galsgaaeaisdalkealvseesesrkssrass 110
                               gal +a e + d l++     e +++ +sr ++
  nat_5d7c3d0594612da43ea2 106 GALEAAGEKVMDFLGDV----EDKRQPASRPKR 134
                               66555555555555555....555555555443 PP

>> nat_e8032b7ad48d42a9adf3  
   #    score  bias  c-Evalue  i-Evalue hmmfrom  hmm to    alifrom  ali to    envfrom  env to     acc
 ---   ------ ----- --------- --------- ------- -------    ------- -------    ------- -------    ----
   1 !  133.6   0.4   1.3e-40   1.9e-40       6     112 ..      17     133 ..       1     135 [] 0.84

  Alignments for each domain:
  == domain 1  score: 133.6 bits;  conditional E-value: 1.3e-40
                      gvpa   6 vsdsssLaevldrvLDkGiviDafvRvslvGieiltieaRvvvasvdtyLryaeavgrld..............evaesaaaevs 76 
                                 +ss+Laev+d++LDkG+viDaf+RvslvGie++ti+aRvvvasvdtyLr+aeav+rl+              +     +++ +
  nat_e8032b7ad48d42a9adf3  17 RPNSSGLAEVIDTILDKGLVIDAFARVSLVGIELVTIDARVVVASVDTYLRFAEAVNRLEisdtepkglpdlvgD----ITEGGA 97 
                               578******************************************************************955444....555555 PP

                      gvpa  77 kgalsgaaeaisdalkealvseesesrkssrassrr 112
                               k ++ ga+ea+++++ + l++ e +++++ r+s+rr
  nat_e8032b7ad48d42a9adf3  98 KHKTKGAIEAAGEKVMSFLDDVEDKRQTANRSSKRR 133
                               566667888888888888777777777777777766 PP

>> nat_6de015df518c3c1fe74e  
   #    score  bias  c-Evalue  i-Evalue hmmfrom  hmm to    alifrom  ali to    envfrom  env to     acc
 ---   ------ ----- --------- --------- ------- -------    ------- -------    ------- -------    ----
   1 !  133.3   1.4   1.5e-40   2.2e-40       2     106 ..       3     107 ..       1     115 [. 0.83

  Alignments for each domain:
  == domain 1  score: 133.3 bits;  conditional E-value: 1.5e-40
                      gvpa   2 avekvsdsssLaevldrvLDkGiviDafvRvslvGieiltieaRvvvasvdtyLryaeavgrld.evaesaaaevskgalsgaae 85 
                               +v+++ d+ssLaev+dr+LDkGiviDa+vRvs+vGieiltieaR+v+asvdt+Lryaeavg+l  ev+e++  ++ + +lsg ++
  nat_6de015df518c3c1fe74e   3 SVQRSADTSSLAEVIDRILDKGIVIDAYVRVSVVGIEILTIEARIVIASVDTWLRYAEAVGLLRdEVEEEGLPGQQQEQLSGDTN 87 
                               799**********************************************************99648999************9887 PP

                      gvpa  86 aisdalkealvseesesrkss 106
                                  +  +++ + ee+e++++ 
  nat_6de015df518c3c1fe74e  88 QQQQISQQS-EPEEAETKEAD 107
                               665544444.44444444443 PP

>> nat_959b710d458909b25f21  
   #    score  bias  c-Evalue  i-Evalue hmmfrom  hmm to    alifrom  ali to    envfrom  env to     acc
 ---   ------ ----- --------- --------- ------- -------    ------- -------    ------- -------    ----
   1 !  133.3   0.2   1.5e-40   2.3e-40       1     106 [.       1     116 [.       1     121 [] 0.89

  Alignments for each domain:
  == domain 1  score: 133.3 bits;  conditional E-value: 1.5e-40
                      gvpa   1 mavekvsdsssLaevldrvLDkGiviDafvRvslvGieiltieaRvvvasvdtyLryaeavgrld..........evaesaaaev 75 
                               m+  +  +sssLa+v+d++LDkG+viDa+vRvslvGie+lti+aR+vvasvdtyLr+aea +rl+           v+  ++++ 
  nat_959b710d458909b25f21   1 MTTAGGPSSSSLADVIDTILDKGLVIDAYVRVSLVGIELLTIDARIVVASVDTYLRFAEAANRLAigsepkglsdLVSDVKGSGS 85 
                               7778899******************************************************************997888888888 PP

                      gvpa  76 skgalsgaaeaisdalkealvseesesrkss 106
                               +k+++ g++e ++++l+e l+ +++e++ + 
  nat_959b710d458909b25f21  86 TKSKTKGVLEGVGETLGELLSGSGNEREPAP 116
                               9999999999999999999877777666544 PP

>> nat_37d7954f2ba849ee9a13  
   #    score  bias  c-Evalue  i-Evalue hmmfrom  hmm to    alifrom  ali to    envfrom  env to     acc
 ---   ------ ----- --------- --------- ------- -------    ------- -------    ------- -------    ----
   1 !  133.2   1.4   1.7e-40   2.6e-40       1     103 [.       1     104 [.       1     111 [. 0.82

  Alignments for each domain:
  == domain 1  score: 133.2 bits;  conditional E-value: 1.7e-40
                      gvpa   1 mavekvsdsssLaevldrvLDkGiviDafvRvslvGieiltieaRvvvasvdtyLryaeavgrld.evaesaaaevskgalsgaa 84 
                               m+v+++ d+ssLaev+dr+LDkGiviDafvRvs+vGieiltieaRvv+asvdt+Lryaeavg+l  +v+e++  +++  +l++  
  nat_37d7954f2ba849ee9a13   1 MSVQRSADTSSLAEVIDRILDKGIVIDAFVRVSVVGIEILTIEARVVIASVDTWLRYAEAVGLLRdDVEEEGLPGQTPERLTADN 85 
                               99************************************************************99648999999999988887665 PP

                      gvpa  85 eaisdalkealvseesesr 103
                               +   +  +++++++e +++
  nat_37d7954f2ba849ee9a13  86 NEQQQIEQQSQSDDEDKKE 104
                               5554444444444333333 PP

>> nat_0ccad4d436403131ae6a  
   #    score  bias  c-Evalue  i-Evalue hmmfrom  hmm to    alifrom  ali to    envfrom  env to     acc
 ---   ------ ----- --------- --------- ------- -------    ------- -------    ------- -------    ----
   1 !  133.3   0.4   1.6e-40   2.4e-40       6     113 ..      17     134 ..       1     135 [] 0.82

  Alignments for each domain:
  == domain 1  score: 133.3 bits;  conditional E-value: 1.6e-40
                      gvpa   6 vsdsssLaevldrvLDkGiviDafvRvslvGieiltieaRvvvasvdtyLryaeavgrld..........evaesaaaevskgal 80 
                                 +ss La+v+d++LDkG+viDaf+RvslvGie++ti+aRvvvasvdtyLr+aeav+rl+          ++    +++ sk ++
  nat_0ccad4d436403131ae6a  17 RPNSSNLADVIDTILDKGLVIDAFARVSLVGIELVTIDARVVVASVDTYLRFAEAVNRLEisssepkgltDIVGDVTEGASKHKT 101
                               4689****************************************************************99666666666677777 PP

                      gvpa  81 sgaaeaisdalkealvseesesrkssrassrrk 113
                                g++ea+++++++ l + e +++++ ++s+rr+
  nat_0ccad4d436403131ae6a 102 KGVLEAAGEKVSDFLGDIEDKRQTAPQSSRRRE 134
                               777777777777776666655555555555543 PP

>> nat_6bca999a70c09bc7d8d3  
   #    score  bias  c-Evalue  i-Evalue hmmfrom  hmm to    alifrom  ali to    envfrom  env to     acc
 ---   ------ ----- --------- --------- ------- -------    ------- -------    ------- -------    ----
   1 !  133.2   0.1   1.7e-40   2.5e-40       7     104 ..       4     115 ..       1     120 [] 0.84

  Alignments for each domain:
  == domain 1  score: 133.2 bits;  conditional E-value: 1.7e-40
                      gvpa   7 sdsssLaevldrvLDkGiviDafvRvslvGieiltieaRvvvasvdtyLryaeavgrld..............evaesaaaevsk 77 
                                +ss+La+++d++LDkG+viDafvRvslvGie+lti+aRvvvasvdtyLr+aeav+rl+              +++  +++ ++k
  nat_6bca999a70c09bc7d8d3   4 PNSSGLADIIDTILDKGLVIDAFVRVSLVGIELLTIDARVVVASVDTYLRFAEAVNRLEisdnepkglpdlvgDITSGGSKHKTK 88 
                               689******************************************************************8777777777777777 PP

                      gvpa  78 galsgaaeaisdalkealvseesesrk 104
                               gal +a e +s+ l++ +++ ++++r+
  nat_6bca999a70c09bc7d8d3  89 GALEAAGEKVSEFLGDVQEQRQPARRS 115
                               777777777777777776655555443 PP

>> nat_6ee0ebbf185af1c7d346  
   #    score  bias  c-Evalue  i-Evalue hmmfrom  hmm to    alifrom  ali to    envfrom  env to     acc
 ---   ------ ----- --------- --------- ------- -------    ------- -------    ------- -------    ----
   1 !  132.9   0.2     2e-40     3e-40       6     105 ..      17     130 ..       1     134 [. 0.91

  Alignments for each domain:
  == domain 1  score: 132.9 bits;  conditional E-value: 2e-40
                      gvpa   6 vsdsssLaevldrvLDkGiviDafvRvslvGieiltieaRvvvasvdtyLryaeavgrld..............evaesaaaevs 76 
                                 +sssLa+v+d++LDkG+viDa+vRvslvGie+lti+aR+vvasvdtyLr+aeav+rl+              +++e +a+ ++
  nat_6ee0ebbf185af1c7d346  17 GPNSSSLADVVDTILDKGLVIDAYVRVSLVGIELLTIDARIVVASVDTYLRFAEAVDRLEisssepaglpdlvgDITEGGAQHKT 101
                               578*********************************************************************99999*****9** PP

                      gvpa  77 kgalsgaaeaisdalkealvseesesrks 105
                               kgal +a e ++d l+e  ++  +++r+s
  nat_6ee0ebbf185af1c7d346 102 KGALEAAGEKVADFLDEFEEKRRPARRQS 130
                               *9999999999999999988888888776 PP

>> nat_4b655799ef9e19953b56  
   #    score  bias  c-Evalue  i-Evalue hmmfrom  hmm to    alifrom  ali to    envfrom  env to     acc
 ---   ------ ----- --------- --------- ------- -------    ------- -------    ------- -------    ----
   1 !  132.9   0.2   2.1e-40   3.2e-40       7     109 ..      18     130 ..       4     133 .] 0.94

  Alignments for each domain:
  == domain 1  score: 132.9 bits;  conditional E-value: 2.1e-40
                      gvpa   7 sdsssLaevldrvLDkGiviDafvRvslvGieiltieaRvvvasvdtyLryaeavgrld..........evaesaaaevskgals 81 
                                ++s+La+v+d++LDkG+viDa+vR+slvGie++ti+aRvvvasvdtyLr+a+av+rl+          +  e  +++ +k+++ 
  nat_4b655799ef9e19953b56  18 PNASGLADVIDTILDKGLVIDAYVRLSLVGIELITIDARVVVASVDTYLRFADAVNRLEisetekkglpDLIEGVTSGAAKSKTK 102
                               689***************************************************************99988999999999***** PP

                      gvpa  82 gaaeaisdalkealvseesesrkssras 109
                               g++ea++++l++ l + + e+++++r +
  nat_4b655799ef9e19953b56 103 GVIEAAGEKLQDFLGEAQRERERAARGR 130
                               **************99999999999864 PP

>> nat_18287ab709e4536a8a89  
   #    score  bias  c-Evalue  i-Evalue hmmfrom  hmm to    alifrom  ali to    envfrom  env to     acc
 ---   ------ ----- --------- --------- ------- -------    ------- -------    ------- -------    ----
   1 !  132.6   0.1   2.6e-40   3.8e-40       7     113 ..      14     136 ..       3     141 .. 0.93

  Alignments for each domain:
  == domain 1  score: 132.6 bits;  conditional E-value: 2.6e-40
                      gvpa   7 sdsssLaevldrvLDkGiviDafvRvslvGieiltieaRvvvasvdtyLryaeavgrld................evaesaaaev 75 
                                ++s+L++vl+++LD+G+viDaf+RvslvGieil+i++R+vvasvdtyLr+aea++rld                 ++e++a+ +
  nat_18287ab709e4536a8a89  14 GGTSGLYDVLELILDRGLVIDAFIRVSLVGIEILKIDVRIVVASVDTYLRFAEACNRLDleagrnkspglpevveGITENGARSK 98 
                               589***********************************************************************999******** PP

                      gvpa  76 skgalsgaaeaisdalkealvseesesrkssrassrrk 113
                               +kgalsga +++s+a +   ++  ++++++    +rr+
  nat_18287ab709e4536a8a89  99 TKGALSGAGDTVSKAAQTVADAIRPSEEEAEEEPRRRR 136
                               **************999998888888888877666654 PP

>> nat_c816054a872b93bc9733  
   #    score  bias  c-Evalue  i-Evalue hmmfrom  hmm to    alifrom  ali to    envfrom  env to     acc
 ---   ------ ----- --------- --------- ------- -------    ------- -------    ------- -------    ----
   1 !  132.8   1.4   2.3e-40   3.4e-40       1     103 [.       1     104 [.       1     111 [. 0.82

  Alignments for each domain:
  == domain 1  score: 132.8 bits;  conditional E-value: 2.3e-40
                      gvpa   1 mavekvsdsssLaevldrvLDkGiviDafvRvslvGieiltieaRvvvasvdtyLryaeavgrld.evaesaaaevskgalsgaa 84 
                               m+v+++ d+ssLaev+dr+LDkGiviDafvRvs+vGieiltieaRvv+asvdt+Lryaeavg+l  +v+e++  +++  +l++  
  nat_c816054a872b93bc9733   1 MSVQRSADTSSLAEVIDRILDKGIVIDAFVRVSVVGIEILTIEARVVIASVDTWLRYAEAVGLLRdDVEEEGLPGQTPERLTADN 85 
                               99************************************************************99648999999999988887666 PP

                      gvpa  85 eaisdalkealvseesesr 103
                               +   +  ++++++++ +++
  nat_c816054a872b93bc9733  86 NEQQQIEQQTRSDDDDKKE 104
                               5555444444444433333 PP

>> nat_5dfa27bda2e1f6e4c411  
   #    score  bias  c-Evalue  i-Evalue hmmfrom  hmm to    alifrom  ali to    envfrom  env to     acc
 ---   ------ ----- --------- --------- ------- -------    ------- -------    ------- -------    ----
   1 !  132.6   0.3   2.7e-40   3.9e-40       5     107 ..       6     118 ..       1     120 [] 0.88

  Alignments for each domain:
  == domain 1  score: 132.6 bits;  conditional E-value: 2.7e-40
                      gvpa   5 kvsdsssLaevldrvLDkGiviDafvRvslvGieiltieaRvvvasvdtyLryaeavgrld..........evaesaaaevskga 79 
                               +  +sssLa+v+d++LDkG+viDa+vRvslvGie+lti+aRvvvasvdtyLr+aea +rl+           v+  ++++ +k++
  nat_5dfa27bda2e1f6e4c411   6 GGPSSSSLADVIDTILDKGLVIDAYVRVSLVGIELLTIDARVVVASVDTYLRFAEAANRLAigsepkgltdLVSDVKGSGSTKSK 90 
                               5689*****************************************************************9977777788888888 PP

                      gvpa  80 lsgaaeaisdalkealvseesesrkssr 107
                               + g++e ++++l+e l+ ++s+++ + r
  nat_5dfa27bda2e1f6e4c411  91 TKGVLEGVGETLSELLDGSGSKREPAPR 118
                               8899998888888888888877766554 PP

>> nat_62eb49c878ad7ce0be56  
   #    score  bias  c-Evalue  i-Evalue hmmfrom  hmm to    alifrom  ali to    envfrom  env to     acc
 ---   ------ ----- --------- --------- ------- -------    ------- -------    ------- -------    ----
   1 !  132.5   0.3   2.8e-40   4.1e-40       5     106 ..       6     117 ..       1     120 [] 0.87

  Alignments for each domain:
  == domain 1  score: 132.5 bits;  conditional E-value: 2.8e-40
                      gvpa   5 kvsdsssLaevldrvLDkGiviDafvRvslvGieiltieaRvvvasvdtyLryaeavgrld..........evaesaaaevskga 79 
                               +  +sssLa+v+d++LDkG+viDa+vRvslvGie+lti+aRvvvasvdtyLr+aea +rl+           v+  ++++ +k++
  nat_62eb49c878ad7ce0be56   6 GGPSSSSLADVIDTILDKGLVIDAYVRVSLVGIELLTIDARVVVASVDTYLRFAEAANRLAigsepkgltdLVSDVKGSGSTKSK 90 
                               5689******************************************************************977777777888888 PP

                      gvpa  80 lsgaaeaisdalkealvseesesrkss 106
                               + g++e ++++l+e l+ ++s+++ + 
  nat_62eb49c878ad7ce0be56  91 TKGVLEGVGETLSELLDGSGSKREPAP 117
                               888888888888888887777766554 PP

>> nat_88aac7f04fbc033600c5  
   #    score  bias  c-Evalue  i-Evalue hmmfrom  hmm to    alifrom  ali to    envfrom  env to     acc
 ---   ------ ----- --------- --------- ------- -------    ------- -------    ------- -------    ----
   1 !  132.5   0.3   2.9e-40   4.2e-40       5     107 ..       6     118 ..       1     122 [] 0.80

  Alignments for each domain:
  == domain 1  score: 132.5 bits;  conditional E-value: 2.9e-40
                      gvpa   5 kvsdsssLaevldrvLDkGiviDafvRvslvGieiltieaRvvvasvdtyLryaeavgrld..........evaesaaaevskga 79 
                               +  +sssLa+v+d++LDkG+viDa+vRvslvGie+lti+aRvvvasvdtyLr+aea +rl+           v+  ++++ +k++
  nat_88aac7f04fbc033600c5   6 GGPSSSSLADVIDTILDKGLVIDAYVRVSLVGIELLTIDARVVVASVDTYLRFAEAANRLAigsepkgltdLVSDVKGSGSTKSK 90 
                               5689******************************************************************955666666666666 PP

                      gvpa  80 lsgaaeaisdalkealvseesesrkssr 107
                               + g++e ++++l+e l  +++e++ + r
  nat_88aac7f04fbc033600c5  91 TKGVLEGVGETLSELLGGSDNEREPAPR 118
                               6666666666666665555554444433 PP

>> nat_45d8bf8bea0b0845fea0  
   #    score  bias  c-Evalue  i-Evalue hmmfrom  hmm to    alifrom  ali to    envfrom  env to     acc
 ---   ------ ----- --------- --------- ------- -------    ------- -------    ------- -------    ----
   1 !  132.4   0.5     3e-40   4.5e-40       6     105 ..      17     134 ..       1     139 [] 0.84

  Alignments for each domain:
  == domain 1  score: 132.4 bits;  conditional E-value: 3e-40
                      gvpa   6 vsdsssLaevldrvLDkGiviDafvRvslvGieiltieaRvvvasvdtyLryaeavgrld..................evaesaa 72 
                                 +ss+La+v+d++LDkG+viDafvRvslvGiei+ti+aRvvvasvdtyLr+aeav+rl+                  +v e+aa
  nat_45d8bf8bea0b0845fea0  17 RPNSSGLADVIDTILDKGLVIDAFVRVSLVGIEIITIDARVVVASVDTYLRFAEAVNRLEisttepkgltdvvggvagNVVEKAA 101
                               578***********************************************************9******9999988887888888 PP

                      gvpa  73 aevskgalsgaaeaisdalkealvseesesrks 105
                               + ++kgal +a e +   l  + ++ e+++r+s
  nat_45d8bf8bea0b0845fea0 102 EHKTKGALDSAGERVRGLLAGNEDEREPAPRRS 134
                               888887777777777777777766666666654 PP

>> nat_97c619177bea2c666834  
   #    score  bias  c-Evalue  i-Evalue hmmfrom  hmm to    alifrom  ali to    envfrom  env to     acc
 ---   ------ ----- --------- --------- ------- -------    ------- -------    ------- -------    ----
   1 !  132.2   0.2   3.4e-40     5e-40       1     103 [.       1     113 [.       1     122 [] 0.84

  Alignments for each domain:
  == domain 1  score: 132.2 bits;  conditional E-value: 3.4e-40
                      gvpa   1 mavekvsdsssLaevldrvLDkGiviDafvRvslvGieiltieaRvvvasvdtyLryaeavgrld..........evaesaaaev 75 
                               m+  +  +sssLa+v+d++LDkG+viDa+vRvslvGie+lti+aRvvvasvdtyLr+aea +rl+           v+  ++++ 
  nat_97c619177bea2c666834   1 MTTAGGPSSSSLADVIDTILDKGLVIDAYVRVSLVGIELLTIDARVVVASVDTYLRFAEAANRLAigsepkgltdLVSDVKGSGS 85 
                               7778899******************************************************************997777777888 PP

                      gvpa  76 skgalsgaaeaisdalkealvseesesr 103
                               +k+++ g++e ++++l+e l  ++  +r
  nat_97c619177bea2c666834  86 TKSKTKGVLEGVGETLGELLGGSSGGER 113
                               8888888888888888887654333332 PP

>> nat_14eaddbb6f4ac252e678  
   #    score  bias  c-Evalue  i-Evalue hmmfrom  hmm to    alifrom  ali to    envfrom  env to     acc
 ---   ------ ----- --------- --------- ------- -------    ------- -------    ------- -------    ----
   1 !  132.2   0.2   3.4e-40     5e-40       1     103 [.       1     113 [.       1     122 [] 0.84

  Alignments for each domain:
  == domain 1  score: 132.2 bits;  conditional E-value: 3.4e-40
                      gvpa   1 mavekvsdsssLaevldrvLDkGiviDafvRvslvGieiltieaRvvvasvdtyLryaeavgrld..........evaesaaaev 75 
                               m+  +  +sssLa+v+d++LDkG+viDa+vRvslvGie+lti+aRvvvasvdtyLr+aea +rl+           v+  ++++ 
  nat_14eaddbb6f4ac252e678   1 MTTAGGPSSSSLADVIDTILDKGLVIDAYVRVSLVGIELLTIDARVVVASVDTYLRFAEAANRLAigsepkglsdLVSDVKGSGS 85 
                               7778899******************************************************************997777777888 PP

                      gvpa  76 skgalsgaaeaisdalkealvseesesr 103
                               +k+++ g++e ++++l+e l  ++  +r
  nat_14eaddbb6f4ac252e678  86 TKSKTKGVLEGVGETLGELLGGSSGGER 113
                               8888888888888888887654333332 PP

>> nat_942bc0624c6f9016a403  
   #    score  bias  c-Evalue  i-Evalue hmmfrom  hmm to    alifrom  ali to    envfrom  env to     acc
 ---   ------ ----- --------- --------- ------- -------    ------- -------    ------- -------    ----
   1 !  131.9   0.2   4.3e-40   6.3e-40       6     105 ..      15     132 ..       1     134 [. 0.92

  Alignments for each domain:
  == domain 1  score: 131.9 bits;  conditional E-value: 4.3e-40
                      gvpa   6 vsdsssLaevldrvLDkGiviDafvRvslvGieiltieaRvvvasvdtyLryaeavgrld..................evaesaa 72 
                                 +ss+La+v+d++LDkG+viDafvRvslvGiei+ti+aRvvvasvdtyLr+aeav+rl+                  + +e+aa
  nat_942bc0624c6f9016a403  15 RPNSSGLADVIDTILDKGLVIDAFVRVSLVGIEIITIDARVVVASVDTYLRFAEAVNRLEisttepkgltdivggpagKLTEKAA 99 
                               579***************************************************************************9****** PP

                      gvpa  73 aevskgalsgaaeaisdalkealvseesesrks 105
                               a +++gal +a e +s  l   +++ e+++r+s
  nat_942bc0624c6f9016a403 100 AHKTRGALDSAGERVSGLLAGGQDEREAAPRRS 132
                               *************99999999888887777765 PP

>> nat_438c70c6875cb7fc8740  
   #    score  bias  c-Evalue  i-Evalue hmmfrom  hmm to    alifrom  ali to    envfrom  env to     acc
 ---   ------ ----- --------- --------- ------- -------    ------- -------    ------- -------    ----
   1 !  131.9   0.2   4.3e-40   6.4e-40       6     105 ..      16     133 ..       1     135 [. 0.92

  Alignments for each domain:
  == domain 1  score: 131.9 bits;  conditional E-value: 4.3e-40
                      gvpa   6 vsdsssLaevldrvLDkGiviDafvRvslvGieiltieaRvvvasvdtyLryaeavgrld..................evaesaa 72 
                                 +ss+La+v+d++LDkG+viDafvRvslvGiei+ti+aRvvvasvdtyLr+aeav+rl+                  + +e+aa
  nat_438c70c6875cb7fc8740  16 RPNSSGLADVIDTILDKGLVIDAFVRVSLVGIEIITIDARVVVASVDTYLRFAEAVNRLEisttepkgltdivggpagKLTEKAA 100
                               578***************************************************************************9****** PP

                      gvpa  73 aevskgalsgaaeaisdalkealvseesesrks 105
                               a +++gal +a e +s  l   +++ e+++r+s
  nat_438c70c6875cb7fc8740 101 AHKTRGALDSADERVSGLLAGGQDEREAAPRRS 133
                               ****************99999988888777765 PP

>> nat_8a4162d5996844339fef  
   #    score  bias  c-Evalue  i-Evalue hmmfrom  hmm to    alifrom  ali to    envfrom  env to     acc
 ---   ------ ----- --------- --------- ------- -------    ------- -------    ------- -------    ----
   1 !  131.7   0.5     5e-40   7.4e-40       7     110 ..      20     132 ..      15     135 .] 0.86

  Alignments for each domain:
  == domain 1  score: 131.7 bits;  conditional E-value: 5e-40
                      gvpa   7 sdsssLaevldrvLDkGiviDafvRvslvGieiltieaRvvvasvdtyLryaeavgrld.........evaesaaaevskgalsg 82 
                                +sssLa+v+d++LDkG+viDafvRvslvGie++ti+aRvvvasvdtyLr+aeav+rl+         +     +++ +k ++ g
  nat_8a4162d5996844339fef  20 PNSSSLADVIDTILDKGLVIDAFVRVSLVGIELVTIDARVVVASVDTYLRFAEAVNRLEigtepkgltDLVGDVTSGAAKHKTKG 104
                               689*************************************************************999966666677777888888 PP

                      gvpa  83 aaeaisdalkealvseesesrkssrass 110
                               a+ea+++++   l++ e +++  sr ++
  nat_8a4162d5996844339fef 105 ALEAAGEKVLGFLDEVEDKRQPVSRPKR 132
                               8999999888887777777777777643 PP

>> nat_40df730c74b4411daafa  
   #    score  bias  c-Evalue  i-Evalue hmmfrom  hmm to    alifrom  ali to    envfrom  env to     acc
 ---   ------ ----- --------- --------- ------- -------    ------- -------    ------- -------    ----
   1 !  131.8   0.2   4.5e-40   6.7e-40       6     105 ..      16     133 ..       1     135 [. 0.92

  Alignments for each domain:
  == domain 1  score: 131.8 bits;  conditional E-value: 4.5e-40
                      gvpa   6 vsdsssLaevldrvLDkGiviDafvRvslvGieiltieaRvvvasvdtyLryaeavgrld..................evaesaa 72 
                                 +ss+La+v+d++LDkG+viDafvRvslvGiei+ti+aRvvvasvdtyLr+aeav+rl+                  + +e+aa
  nat_40df730c74b4411daafa  16 RPNSSGLADVIDTILDKGLVIDAFVRVSLVGIEIITIDARVVVASVDTYLRFAEAVNRLEisttepkgltdivggpagKLTEKAA 100
                               578***************************************************************************9****** PP

                      gvpa  73 aevskgalsgaaeaisdalkealvseesesrks 105
                               a +++gal +a e +s  l   +++ e+++r+s
  nat_40df730c74b4411daafa 101 AHKTRGALDSAGERVSGLLAGGQDEREAAPRRS 133
                               *************99999999888887777765 PP

>> nat_2572b6aa122207e0614c  
   #    score  bias  c-Evalue  i-Evalue hmmfrom  hmm to    alifrom  ali to    envfrom  env to     acc
 ---   ------ ----- --------- --------- ------- -------    ------- -------    ------- -------    ----
   1 !  131.6   0.3   5.4e-40     8e-40       5     105 ..       6     116 ..       1     120 [] 0.89

  Alignments for each domain:
  == domain 1  score: 131.6 bits;  conditional E-value: 5.4e-40
                      gvpa   5 kvsdsssLaevldrvLDkGiviDafvRvslvGieiltieaRvvvasvdtyLryaeavgrld..........evaesaaaevskga 79 
                               +  +sssLa+v+d++LDkG+viDa+vRvslvGie+lti+aR+vvasvdtyLr+aea +rl+           v+  ++++ +k++
  nat_2572b6aa122207e0614c   6 GGPSSSSLADVIDTILDKGLVIDAYVRVSLVGIELLTIDARIVVASVDTYLRFAEAANRLAigsepkgltdLVSDVKGSGSTKSK 90 
                               5689*****************************************************************9977777888888888 PP

                      gvpa  80 lsgaaeaisdalkealvseesesrks 105
                               + g++e ++++l+e l+ ++s+++ +
  nat_2572b6aa122207e0614c  91 TKGVLEGVGETLSELLDGSGSKREPA 116
                               99999999999998888888777655 PP

>> nat_fb3d3c8b6094f7ab7999  
   #    score  bias  c-Evalue  i-Evalue hmmfrom  hmm to    alifrom  ali to    envfrom  env to     acc
 ---   ------ ----- --------- --------- ------- -------    ------- -------    ------- -------    ----
   1 !  131.4   2.0   6.1e-40   8.9e-40       2     106 ..       3     107 ..       1     115 [. 0.77

  Alignments for each domain:
  == domain 1  score: 131.4 bits;  conditional E-value: 6.1e-40
                      gvpa   2 avekvsdsssLaevldrvLDkGiviDafvRvslvGieiltieaRvvvasvdtyLryaeavgrld.evaesaaaevskgalsgaae 85 
                               +v+k+ d+ssLaev+dr+LDkGiviDa+vRvs+vGieiltieaR+v+asvdt+Lryaeavg+l  ev+e++  ++++ ++ +   
  nat_fb3d3c8b6094f7ab7999   3 SVQKSADTSSLAEVIDRILDKGIVIDAYVRVSVVGIEILTIEARIVIASVDTWLRYAEAVGLLRdEVEEEGLPGQTNERIESES- 86 
                               799**********************************************************99647888888877775554433. PP

                      gvpa  86 aisdalkealvseesesrkss 106
                                 s++l++  + +es+s+ s 
  nat_fb3d3c8b6094f7ab7999  87 QSSKKLENESQPKESQSKDSK 107
                               334455544444444433332 PP

>> nat_c0da453357697c088275  
   #    score  bias  c-Evalue  i-Evalue hmmfrom  hmm to    alifrom  ali to    envfrom  env to     acc
 ---   ------ ----- --------- --------- ------- -------    ------- -------    ------- -------    ----
   1 !  131.3   0.7   6.6e-40   9.7e-40       5     111 ..      12     128 ..       3     131 .] 0.91

  Alignments for each domain:
  == domain 1  score: 131.3 bits;  conditional E-value: 6.6e-40
                      gvpa   5 kvsdsssLaevldrvLDkGiviDafvRvslvGieiltieaRvvvasvdtyLryaeavgrld.........evaesaaaevskgal 80 
                               +   sssLa+v+d++LDkG+viDa+vRvslvGieilti+aRvvvasvdtyLr+aeav+rl+         + a  +a++  +++ 
  nat_c0da453357697c088275  12 GGPRSSSLADVIDTILDKGLVIDAYVRVSLVGIEILTIDARVVVASVDTYLRFAEAVNRLEigsepkgltDLASDGAEGEEESTA 96 
                               5678****************************************************************99999999999999999 PP

                      gvpa  81 sgaaeaisdalkeal.vseesesrkssrassr 111
                                 ++e+  d+l+    ++ee+e+++ sr s+r
  nat_c0da453357697c088275  97 RDSIESGDDKLGGLFgADEEPERERVSRRSTR 128
                               99*********998725678899999987766 PP

>> nat_c74d6e1106797b3a3d0f  
   #    score  bias  c-Evalue  i-Evalue hmmfrom  hmm to    alifrom  ali to    envfrom  env to     acc
 ---   ------ ----- --------- --------- ------- -------    ------- -------    ------- -------    ----
   1 !  131.3   1.3   6.5e-40   9.6e-40       5     111 ..      14     130 ..       1     133 [] 0.83

  Alignments for each domain:
  == domain 1  score: 131.3 bits;  conditional E-value: 6.5e-40
                      gvpa   5 kvsdsssLaevldrvLDkGiviDafvRvslvGieiltieaRvvvasvdtyLryaeavgrld..............evaesaaaev 75 
                                  dss+Laev+d++LDkG+v+DafvRvslvGie+lti+aRvvvasvdtyLr+aea +r++              +v+esaa+ +
  nat_c74d6e1106797b3a3d0f  14 SRPDSSGLAEVVDTILDKGLVVDAFVRVSLVGIELLTIDARVVVASVDTYLRFAEATDRVEisnsepkgltdlvgDVTESAAEHK 98 
                               4589*******************************************************************99998999998888 PP

                      gvpa  76 skgalsgaaeaisdalkealvseesesrkssrassr 111
                               +kg    a+ea+++++++ l + + ++r+s r+++r
  nat_c74d6e1106797b3a3d0f  99 TKG----AIEAAGKKVQDFLGDVDDTRRTSGRSTRR 130
                               885....55666666666655556666666666555 PP

>> nat_e8d11648d866d89f021b  
   #    score  bias  c-Evalue  i-Evalue hmmfrom  hmm to    alifrom  ali to    envfrom  env to     acc
 ---   ------ ----- --------- --------- ------- -------    ------- -------    ------- -------    ----
   1 !  130.3   1.4   1.3e-39   1.9e-39       3     104 ..       4     105 ..       1     111 [. 0.81

  Alignments for each domain:
  == domain 1  score: 130.3 bits;  conditional E-value: 1.3e-39
                      gvpa   3 vekvsdsssLaevldrvLDkGiviDafvRvslvGieiltieaRvvvasvdtyLryaeavgrld.evaesaaaevskgalsgaaea 86 
                               v+k+ d+ssLaev+dr+LDkGiviDa+vRvs+vGieiltieaR+v+asvdt+Lryaeavg+l  ev+e++  ++s+ ++    ++
  nat_e8d11648d866d89f021b   4 VQKSGDTSSLAEVIDRILDKGIVIDAYVRVSVVGIEILTIEARIVIASVDTWLRYAEAVGLLRdEVEEEGLPGQSNEKIENESQS 88 
                               8999********************************************************9964899999999999887766554 PP

                      gvpa  87 isdalkealvseesesrk 104
                               + ++l+++ + +es++++
  nat_e8d11648d866d89f021b  89 A-EKLESNSQPKESKAKE 105
                               4.4555444444443333 PP

>> nat_7b4f76ef630d750e1cc8  
   #    score  bias  c-Evalue  i-Evalue hmmfrom  hmm to    alifrom  ali to    envfrom  env to     acc
 ---   ------ ----- --------- --------- ------- -------    ------- -------    ------- -------    ----
   1 !  129.5   2.3   2.3e-39   3.5e-39       2     100 ..       4     102 ..       1     108 [. 0.79

  Alignments for each domain:
  == domain 1  score: 129.5 bits;  conditional E-value: 2.3e-39
                      gvpa   2 avekvsdsssLaevldrvLDkGiviDafvRvslvGieiltieaRvvvasvdtyLryaeavgrldevaesaaaevskgalsgaaea 86 
                               av+k++d+ssLaev+dr+LDkGiviDa+vRvs+vGieiltieaR+vvasvdt+Lryaeavg+l +  + ++ e    +       
  nat_7b4f76ef630d750e1cc8   4 AVQKSTDTSSLAEVIDRILDKGIVIDAYVRVSVVGIEILTIEARIVVASVDTWLRYAEAVGLLRDEVQDEGLENNSPERIEQNSQ 88 
                               89************************************************************98544444444444444444555 PP

                      gvpa  87 isdalkealvsees 100
                                s++++++ +s+e 
  nat_7b4f76ef630d750e1cc8  89 SSEKVEDTSQSKEK 102
                               56666666555444 PP

>> nat_3578e9166bb2ea6b7aa7  
   #    score  bias  c-Evalue  i-Evalue hmmfrom  hmm to    alifrom  ali to    envfrom  env to     acc
 ---   ------ ----- --------- --------- ------- -------    ------- -------    ------- -------    ----
   1 !  129.5   0.4   2.4e-39   3.5e-39       1     111 [.       1     118 [.       1     121 [] 0.80

  Alignments for each domain:
  == domain 1  score: 129.5 bits;  conditional E-value: 2.4e-39
                      gvpa   1 mavekvsdsssLaevldrvLDkGiviDafvRvslvGieiltieaRvvvasvdtyLryaeavgrld.........evaesaaaevs 76 
                               m+  +  +sssLa+v+d++LDkG+viDa+vRvslvGie+lti+aRvvvasvdtyLr+aea +rl+         +    ++    
  nat_3578e9166bb2ea6b7aa7   1 MTTAGGPSSSSLADVIDTILDKGLVIDAYVRVSLVGIELLTIDARVVVASVDTYLRFAEAANRLAigsepkglsDLVSGGT---E 82 
                               7778899**********************************************************8777775532322333...3 PP

                      gvpa  77 kgalsgaaeaisdalkealv.seesesrkssrassr 111
                               k a s +  ai ++l+  l  +ee+e++++sr s+r
  nat_3578e9166bb2ea6b7aa7  83 KIAKSKTKSAIEEKLGGLLGgQEEPERERASRKSTR 118
                               334455666777788777642688999999998766 PP

>> nat_95f263427db975386780  
   #    score  bias  c-Evalue  i-Evalue hmmfrom  hmm to    alifrom  ali to    envfrom  env to     acc
 ---   ------ ----- --------- --------- ------- -------    ------- -------    ------- -------    ----
   1 !  129.4   0.5   2.6e-39   3.8e-39       1     111 [.       1     120 [.       1     123 [] 0.87

  Alignments for each domain:
  == domain 1  score: 129.4 bits;  conditional E-value: 2.6e-39
                      gvpa   1 mavekvsdsssLaevldrvLDkGiviDafvRvslvGieiltieaRvvvasvdtyLryaeavgrld.........evaesaaaevs 76 
                               m+  +  +sssLa+v+d++LDkG+viDa+vRvslvGie+lti+aR+vvasvdtyLr+aea +rl+         +    ++++++
  nat_95f263427db975386780   1 MTTAGGPSSSSLADVIDTILDKGLVIDAYVRVSLVGIELLTIDARIVVASVDTYLRFAEAANRLAigsepkglsDLVSGGTEKIA 85 
                               7778899**********************************************************99999999766667777788 PP

                      gvpa  77 kgalsgaaeaisdalkealvseesesrkssrassr 111
                               k+++ ga+e     l   ++++e+e+++ sr s+r
  nat_95f263427db975386780  86 KSKTKGAIEEKLGGLLGGQEEQEQERERVSRKSTR 120
                               99999998876666666667777888888887665 PP

>> nat_e1f5f0f2180e18c35aa7  
   #    score  bias  c-Evalue  i-Evalue hmmfrom  hmm to    alifrom  ali to    envfrom  env to     acc
 ---   ------ ----- --------- --------- ------- -------    ------- -------    ------- -------    ----
   1 !  127.9   0.9   7.3e-39   1.1e-38       6     108 ..      21     139 ..      17     154 .. 0.84

  Alignments for each domain:
  == domain 1  score: 127.9 bits;  conditional E-value: 7.3e-39
                      gvpa   6 vsdsssLaevldrvLDkGiviDafvRvslvGieiltieaRvvvasvdtyLryaeavgrld................evaesaaae 74 
                                s+ss+L++vl+++LDkG+viD fvRvslvGie+lti+aR+v+asvdtyLr+aeav+rld                 ++e aa+ 
  nat_e1f5f0f2180e18c35aa7  21 RSNSSGLYDVLELILDKGLVIDVFVRVSLVGIELLTIDARIVIASVDTYLRFAEAVNRLDlnagtsdkkdlpgvlsGATEGAASS 105
                               4789*********************************************************************999899999999 PP

                      gvpa  75 vskgalsgaaeaisdalkealvseesesrkssra 108
                               ++kgal ga e++  + ++  ++ ++ +++ sr+
  nat_e1f5f0f2180e18c35aa7 106 KTKGALQGAKESLFGSDDDDDDDGDAREKSGSRS 139
                               99******99998666555544444444444443 PP

>> nat_4827ef49d00dba1d77c1  
   #    score  bias  c-Evalue  i-Evalue hmmfrom  hmm to    alifrom  ali to    envfrom  env to     acc
 ---   ------ ----- --------- --------- ------- -------    ------- -------    ------- -------    ----
   1 !  128.0   0.9   6.7e-39   9.9e-39       1      68 [.       1      68 [.       1      75 [. 0.95

  Alignments for each domain:
  == domain 1  score: 128.0 bits;  conditional E-value: 6.7e-39
                      gvpa  1 mavekvsdsssLaevldrvLDkGiviDafvRvslvGieiltieaRvvvasvdtyLryaeavgrldeva 68
                              ma++k+ dsssLa+v+dr+LDkG+viDafvRvslvGie+l+ieaR+v+asvdt+L+yaeavg+l+  +
  nat_4827ef49d00dba1d77c1  1 MAIQKSVDSSSLADVIDRILDKGVVIDAFVRVSLVGIELLAIEARIVIASVDTWLKYAEAVGLLQPEE 68
                              9**************************************************************98544 PP

>> nat_81137907f8a802f93802  
   #    score  bias  c-Evalue  i-Evalue hmmfrom  hmm to    alifrom  ali to    envfrom  env to     acc
 ---   ------ ----- --------- --------- ------- -------    ------- -------    ------- -------    ----
   1 !  127.9   2.5   7.7e-39   1.1e-38       2     104 ..       3     105 ..       1     113 [. 0.79

  Alignments for each domain:
  == domain 1  score: 127.9 bits;  conditional E-value: 7.7e-39
                      gvpa   2 avekvsdsssLaevldrvLDkGiviDafvRvslvGieiltieaRvvvasvdtyLryaeavgrld.evaesaaaevskgalsgaae 85 
                               +v+++ d++sLaev+dr+LDkGiviDa+vRvs+vGieiltieaR+v+asvdt+Lryaeavg+l  ev+e++ +++s+ +l +  +
  nat_81137907f8a802f93802   3 SVQRSADTASLAEVIDRILDKGIVIDAYVRVSVVGIEILTIEARIVIASVDTWLRYAEAVGLLRdEVEEEGLQGQSQERLESEHQ 87 
                               799**********************************************************996489999999999988776554 PP

                      gvpa  86 aisdalkealvseesesrk 104
                               +      ++ + +e+e+++
  nat_81137907f8a802f93802  88 SRERIETDS-QPKEAEKEE 105
                               443333333.223333322 PP

>> nat_276fe76ab836731f2d2f  
   #    score  bias  c-Evalue  i-Evalue hmmfrom  hmm to    alifrom  ali to    envfrom  env to     acc
 ---   ------ ----- --------- --------- ------- -------    ------- -------    ------- -------    ----
   1 !  127.9   0.4   7.5e-39   1.1e-38       1     111 [.       1     118 [.       1     121 [] 0.80

  Alignments for each domain:
  == domain 1  score: 127.9 bits;  conditional E-value: 7.5e-39
                      gvpa   1 mavekvsdsssLaevldrvLDkGiviDafvRvslvGieiltieaRvvvasvdtyLryaeavgrld.........evaesaaaevs 76 
                               m+  +  +sssLa+v+d++LDkG+viDa+vRvslvGie+lti+aR+vvasvdtyLr+aea +rl+         +     + +  
  nat_276fe76ab836731f2d2f   1 MTTAGGPSSSSLADVIDTILDKGLVIDAYVRVSLVGIELLTIDARIVVASVDTYLRFAEAANRLAigsepkglsDLV---SGGTE 82 
                               7778899**********************************************************777776543222...22333 PP

                      gvpa  77 kgalsgaaeaisdalkealv.seesesrkssrassr 111
                               k a s +  ai d+l+  l  +ee+e+++ sr s+r
  nat_276fe76ab836731f2d2f  83 KIAKSKTKSAIEDKLGGLLGgQEEPERERVSRKSTR 118
                               344566667788888887642678899999988766 PP

>> nat_0fc8bfe28907ef9fa5eb  
   #    score  bias  c-Evalue  i-Evalue hmmfrom  hmm to    alifrom  ali to    envfrom  env to     acc
 ---   ------ ----- --------- --------- ------- -------    ------- -------    ------- -------    ----
   1 !  127.8   3.5   7.9e-39   1.2e-38       2      70 ..       1      69 [.       1      70 [] 0.97

  Alignments for each domain:
  == domain 1  score: 127.8 bits;  conditional E-value: 7.9e-39
                      gvpa  2 avekvsdsssLaevldrvLDkGiviDafvRvslvGieiltieaRvvvasvdtyLryaeavgrldevaes 70
                              avek+++sssLaev+dr+LDkGiv+Da+vRvslvGie+l++eaR+v+asv+tyL+yaeavg+++++a++
  nat_0fc8bfe28907ef9fa5eb  1 AVEKTNSSSSLAEVIDRILDKGIVVDAWVRVSLVGIELLAVEARIVIASVETYLKYAEAVGLTQSAAVP 69
                              79**************************************************************99987 PP

>> nat_044a3e6477173de21b19  
   #    score  bias  c-Evalue  i-Evalue hmmfrom  hmm to    alifrom  ali to    envfrom  env to     acc
 ---   ------ ----- --------- --------- ------- -------    ------- -------    ------- -------    ----
   1 !  127.7   3.0   8.7e-39   1.3e-38       1      74 [.       1      75 [.       1      86 [. 0.91

  Alignments for each domain:
  == domain 1  score: 127.7 bits;  conditional E-value: 8.7e-39
                      gvpa  1 mavekvsdsssLaevldrvLDkGiviDafvRvslvGieiltieaRvvvasvdtyLryaeavgrld.evaesaaae 74
                              ma++k++dss+Laev+dr+LDkGiviDaf+Rvs+vGie++t+eaRvvvasvdt+Lryaeavg+l+ ev+e + ++
  nat_044a3e6477173de21b19  1 MAIQKSTDSSGLAEVIDRILDKGIVIDAFARVSVVGIELITVEARVVVASVDTWLRYAEAVGLLQdEVEEDGLSN 75
                              9**************************************************************984566666554 PP

>> nat_9c60a71de8a82fd3c026  
   #    score  bias  c-Evalue  i-Evalue hmmfrom  hmm to    alifrom  ali to    envfrom  env to     acc
 ---   ------ ----- --------- --------- ------- -------    ------- -------    ------- -------    ----
   1 !  127.6   0.4   9.3e-39   1.4e-38       1     111 [.       1     118 [.       1     121 [] 0.79

  Alignments for each domain:
  == domain 1  score: 127.6 bits;  conditional E-value: 9.3e-39
                      gvpa   1 mavekvsdsssLaevldrvLDkGiviDafvRvslvGieiltieaRvvvasvdtyLryaeavgrld.........evaesaaaevs 76 
                               m+  +  +sssLa+v+d++LDkG+viDa+vRvslvGie+lti+aR+vvasvdtyLr+aea +rl+         +    ++    
  nat_9c60a71de8a82fd3c026   1 MTTAGGPSSSSLADVIDTILDKGLVIDAYVRVSLVGIELLTIDARIVVASVDTYLRFAEAANRLAigsepkglsDLVSGGT---E 82 
                               7778899**********************************************************8777775532222233...3 PP

                      gvpa  77 kgalsgaaeaisdalkealv.seesesrkssrassr 111
                               k a s +  ai ++l+  l  +ee+e+++ sr s+r
  nat_9c60a71de8a82fd3c026  83 KIAKSKTKSAIEEKLGGLLGgQEEPERERVSRKSTR 118
                               334455566677777776642678888888887666 PP

>> nat_7aeb2efcf40db3e46e7e  
   #    score  bias  c-Evalue  i-Evalue hmmfrom  hmm to    alifrom  ali to    envfrom  env to     acc
 ---   ------ ----- --------- --------- ------- -------    ------- -------    ------- -------    ----
   1 !  127.2   1.7   1.2e-38   1.8e-38       2     104 ..       3     105 ..       1     113 [. 0.79

  Alignments for each domain:
  == domain 1  score: 127.2 bits;  conditional E-value: 1.2e-38
                      gvpa   2 avekvsdsssLaevldrvLDkGiviDafvRvslvGieiltieaRvvvasvdtyLryaeavgrld.evaesaaaevskgalsgaae 85 
                               +v+++ d++sLaev+dr+LDkGiviDa+vRvs+vGieiltieaR+v+asvdt+Lryaeavg+l  ev+e++  ++s+ +l +  +
  nat_7aeb2efcf40db3e46e7e   3 SVQRSADTASLAEVIDRILDKGIVIDAYVRVSVVGIEILTIEARIVIASVDTWLRYAEAVGLLRdEVEEEGLPGQSQERLESEHQ 87 
                               799**********************************************************996489999999999987766554 PP

                      gvpa  86 aisdalkealvseesesrk 104
                               +      ++ + +e+e+++
  nat_7aeb2efcf40db3e46e7e  88 SRERIETDS-QPKEAEKEE 105
                               433333333.222223222 PP

>> nat_cb92aed15bdbfa6f9474  
   #    score  bias  c-Evalue  i-Evalue hmmfrom  hmm to    alifrom  ali to    envfrom  env to     acc
 ---   ------ ----- --------- --------- ------- -------    ------- -------    ------- -------    ----
   1 !  127.1   2.6   1.3e-38   1.9e-38       2     104 ..       3     105 ..       1     112 [. 0.80

  Alignments for each domain:
  == domain 1  score: 127.1 bits;  conditional E-value: 1.3e-38
                      gvpa   2 avekvsdsssLaevldrvLDkGiviDafvRvslvGieiltieaRvvvasvdtyLryaeavgrld.evaesaaaevskgalsgaae 85 
                                v+++ d++sLaev+dr+LDkGiviDa+vRvs+vGieiltieaR+v+asvdt+Lryaeavg+l  ev+e++  ++s+ +l++  +
  nat_cb92aed15bdbfa6f9474   3 NVQRSADTASLAEVIDRILDKGIVIDAYVRVSVVGIEILTIEARIVIASVDTWLRYAEAVGLLRdEVEEEGLPGQSQEQLASENQ 87 
                               5899*********************************************************996489999999999987765544 PP

                      gvpa  86 aisdalkealvseesesrk 104
                               +  +++++  +s+e+++++
  nat_cb92aed15bdbfa6f9474  88 SR-ERIESDSQSKEADKEE 105
                               33.3343333333333333 PP

>> nat_efd26199102e35f9b478  
   #    score  bias  c-Evalue  i-Evalue hmmfrom  hmm to    alifrom  ali to    envfrom  env to     acc
 ---   ------ ----- --------- --------- ------- -------    ------- -------    ------- -------    ----
   1 !  127.0   1.8   1.4e-38     2e-38       4      70 ..       2      68 ..       1      69 [] 0.96

  Alignments for each domain:
  == domain 1  score: 127.0 bits;  conditional E-value: 1.4e-38
                      gvpa  4 ekvsdsssLaevldrvLDkGiviDafvRvslvGieiltieaRvvvasvdtyLryaeavgrldevaes 70
                              +k+++sssLaev+dr+LDkGiviDa+vRvslvGie+l+ieaR+v+asv+tyL+yaeavg+++++a++
  nat_efd26199102e35f9b478  2 KKTNSSSSLAEVIDRILDKGIVIDAWVRVSLVGIELLAIEARIVIASVETYLKYAEAVGLTQSAAVP 68
                              689***********************************************************99987 PP

>> nat_5c045ab07969cb21b0ad  
   #    score  bias  c-Evalue  i-Evalue hmmfrom  hmm to    alifrom  ali to    envfrom  env to     acc
 ---   ------ ----- --------- --------- ------- -------    ------- -------    ------- -------    ----
   1 !  126.3   0.3   2.4e-38   3.5e-38       7     112 ..      16     133 ..       1     137 [. 0.84

  Alignments for each domain:
  == domain 1  score: 126.3 bits;  conditional E-value: 2.4e-38
                      gvpa   7 sdsssLaevldrvLDkGiviDafvRvslvGieiltieaRvvvasvdtyLryaeavgrld.............evaesaaaevskg 78 
                                + s+La+v++ +LDkG+viDa+vRvsl+Gie+lti+aR+v+asvdtyLr+aea +rld                es+a++++kg
  nat_5c045ab07969cb21b0ad  16 PEPSGLADVIEIILDKGLVIDAYVRVSLIGIEVLTIDARIVIASVDTYLRFAEATNRLDleakskdlqdlvgGSMESGAKGKTKG 100
                               5679***************************************************************998886777888889999 PP

                      gvpa  79 alsgaaeaisdalkealvseesesrkssrassrr 112
                               al ga +a+    ++  ++e+s +r+ss +ssr 
  nat_5c045ab07969cb21b0ad 101 ALEGAKDAVFGDDDDD-DDEQSRPRRSSSSSSRP 133
                               9999988876554444.56666667766666653 PP

>> nat_4a11e065ece6ad06443c  
   #    score  bias  c-Evalue  i-Evalue hmmfrom  hmm to    alifrom  ali to    envfrom  env to     acc
 ---   ------ ----- --------- --------- ------- -------    ------- -------    ------- -------    ----
   1 !  125.7   0.6   3.5e-38   5.2e-38       7     105 ..      18     134 ..      13     138 .] 0.88

  Alignments for each domain:
  == domain 1  score: 125.7 bits;  conditional E-value: 3.5e-38
                      gvpa   7 sdsssLaevldrvLDkGiviDafvRvslvGieiltieaRvvvasvdtyLryaeavgrld..................evaesaaa 73 
                                +ss+La+v+d++LDkG+viDafvRvslvGie++ti+aR+vvasvdtyLr+a+av+rl+                  ++ esaa+
  nat_4a11e065ece6ad06443c  18 PNSSGLADVIDTILDKGLVIDAFVRVSLVGIELVTIDARIVVASVDTYLRFAQAVDRLEisqtqpkgvpeivgdvggKAVESAAE 102
                               68***********************************************************************999988889999 PP

                      gvpa  74 evskgalsgaaeaisdalkealvseesesrks 105
                                +++gal +aae +   +++  ++ + ++r+ 
  nat_4a11e065ece6ad06443c 103 HKTRGALDSAAEKVLGFFDDVAEKRQEAPRRK 134
                               99999999999888888877766555554443 PP

>> nat_1ca802048c4a6cd9dca3  
   #    score  bias  c-Evalue  i-Evalue hmmfrom  hmm to    alifrom  ali to    envfrom  env to     acc
 ---   ------ ----- --------- --------- ------- -------    ------- -------    ------- -------    ----
   1 !  124.8   0.9   6.9e-38     1e-37       1      74 [.       1      74 [.       1      76 [] 0.95

  Alignments for each domain:
  == domain 1  score: 124.8 bits;  conditional E-value: 6.9e-38
                      gvpa  1 mavekvsdsssLaevldrvLDkGiviDafvRvslvGieiltieaRvvvasvdtyLryaeavgrldevaesaaae 74
                              m v+kv  sssLaevldr+LDkGiviDa+vR+sl+GieiltieaRvvvasv+tyL+yaea+g++++  e++aae
  nat_1ca802048c4a6cd9dca3  1 MPVDKVPASSSLAEVLDRILDKGIVIDAWVRLSLIGIEILTIEARVVVASVETYLKYAEAIGLVASGPEAGAAE 74
                              8899************************************************************9988888776 PP

>> nat_25ee00a9c2b4e74f79dd  
   #    score  bias  c-Evalue  i-Evalue hmmfrom  hmm to    alifrom  ali to    envfrom  env to     acc
 ---   ------ ----- --------- --------- ------- -------    ------- -------    ------- -------    ----
   1 !  124.5   0.7   8.4e-38   1.2e-37       8     104 ..      17     126 ..       5     140 .. 0.88

  Alignments for each domain:
  == domain 1  score: 124.5 bits;  conditional E-value: 8.4e-38
                      gvpa   8 dsssLaevldrvLDkGiviDafvRvslvGieiltieaRvvvasvdtyLryaeavgrld.............evaesaaaevskga 79 
                               + s+La+v+d++LDkG+viDa+vRvslvGieilti+aRvvvasvdtyLr+aea +rld             +++   +++++k  
  nat_25ee00a9c2b4e74f79dd  17 GPSGLADVIDTILDKGLVIDAYVRVSLVGIEILTIDARVVVASVDTYLRFAEAANRLDmtksekglpdviaDAKGVPSQDKAKDM 101
                               679****************************************************************99987888888999**** PP

                      gvpa  80 lsgaaeaisdalkealvseesesrk 104
                               + g++e ++d+l+e + ++   + +
  nat_25ee00a9c2b4e74f79dd 102 IQGVVEEAGDSLGELTGKQRDPAAE 126
                               ************9986554433333 PP

>> nat_a8224f75d4d10d7151b8  
   #    score  bias  c-Evalue  i-Evalue hmmfrom  hmm to    alifrom  ali to    envfrom  env to     acc
 ---   ------ ----- --------- --------- ------- -------    ------- -------    ------- -------    ----
   1 !  124.3   0.0   9.6e-38   1.4e-37       8     107 ..      19     135 ..       8     148 .. 0.87

  Alignments for each domain:
  == domain 1  score: 124.3 bits;  conditional E-value: 9.6e-38
                      gvpa   8 dsssLaevldrvLDkGiviDafvRvslvGieiltieaRvvvasvdtyLryaeavgrld................evaesaaaevs 76 
                               +  sL++v++++LD+G+viD fvR+s+vGie+++i++R+vvasvdtyLr+aea++rld                ++ e +a++++
  nat_a8224f75d4d10d7151b8  19 GRGSLYDVVELILDRGLVIDIFVRISVVGIELIKIDVRIVVASVDTYLRFAEACNRLDleagrkapaqlpevvgTMMEGGASGKA 103
                               5679**********************************************************************9********** PP

                      gvpa  77 kgalsgaaeaisdalkeal.vseesesrkssr 107
                               kga+ ga++a++++l     ++ee+e++   r
  nat_a8224f75d4d10d7151b8 104 KGAIGGAVDAVTESLTGRSgKQEEPEEEPPPR 135
                               **************987641445555544333 PP

>> nat_8ef96f328be5cf2ac1ef  
   #    score  bias  c-Evalue  i-Evalue hmmfrom  hmm to    alifrom  ali to    envfrom  env to     acc
 ---   ------ ----- --------- --------- ------- -------    ------- -------    ------- -------    ----
   1 !  124.4   1.0   9.1e-38   1.3e-37       7     109 ..       4     120 ..       1     124 [] 0.81

  Alignments for each domain:
  == domain 1  score: 124.4 bits;  conditional E-value: 9.1e-38
                      gvpa   7 sdsssLaevldrvLDkGiviDafvRvslvGieiltieaRvvvasvdtyLryaeavgrld..................evaesaaa 73 
                                +ss+La+v+d++LDkG+viDafvRvslvGiei+ti+aR+vvasvdtyLr+a+av+rl+                  ++ esaa+
  nat_8ef96f328be5cf2ac1ef   4 PNSSGLADVIDTILDKGLVIDAFVRVSLVGIEIVTIDARIVVASVDTYLRFAQAVDRLEisqtqpkgvpeivgdiggKAVESAAE 88 
                               689**********************************************************************777777777777 PP

                      gvpa  74 evskgalsgaaeaisdalkealvseesesrkssras 109
                                ++++al +aae +   l++  +    +++++ r++
  nat_8ef96f328be5cf2ac1ef  89 HKTHSALDSAAEKVLGFLDDVSE----KRQEAPRSK 120
                               77777776666666666555533....333333332 PP

>> nat_2a69a2d4282302622a85  
   #    score  bias  c-Evalue  i-Evalue hmmfrom  hmm to    alifrom  ali to    envfrom  env to     acc
 ---   ------ ----- --------- --------- ------- -------    ------- -------    ------- -------    ----
   1 !  124.3   0.3   9.7e-38   1.4e-37       1     111 [.       1     118 [.       1     121 [] 0.79

  Alignments for each domain:
  == domain 1  score: 124.3 bits;  conditional E-value: 9.7e-38
                      gvpa   1 mavekvsdsssLaevldrvLDkGiviDafvRvslvGieiltieaRvvvasvdtyLryaeavgrld.........evaesaaaevs 76 
                               m+  +  +sssLa+v+d++LDkG+viDa+vRvslvGie+lti+aR+vva vdtyLr+aea +rl+         +    ++    
  nat_2a69a2d4282302622a85   1 MTTAGGPSSSSLADVIDTILDKGLVIDAYVRVSLVGIELLTIDARIVVAGVDTYLRFAEAANRLAigsepkglsDLVSGGT---E 82 
                               7778899**********************************************************8777775532222233...3 PP

                      gvpa  77 kgalsgaaeaisdalkealv.seesesrkssrassr 111
                               k a s +  ai ++l+  l  +ee+e+++ sr s+r
  nat_2a69a2d4282302622a85  83 KIAKSKTKSAIEEKLGGLLGgQEEPERERVSRKSTR 118
                               334455566677777776642678888888887666 PP

>> nat_4f811102c58fb8e77080  
   #    score  bias  c-Evalue  i-Evalue hmmfrom  hmm to    alifrom  ali to    envfrom  env to     acc
 ---   ------ ----- --------- --------- ------- -------    ------- -------    ------- -------    ----
   1 !  124.1   0.5   1.1e-37   1.7e-37       6      76 ..       3      73 ..       1      77 [. 0.95

  Alignments for each domain:
  == domain 1  score: 124.1 bits;  conditional E-value: 1.1e-37
                      gvpa  6 vsdsssLaevldrvLDkGiviDafvRvslvGieiltieaRvvvasvdtyLryaeavgrldevaesaaaevs 76
                              + dsssLaevldrvLDkG+v+Daf+R+slvGieilt+eaRvvvasvdt+L+yae+++++++++ +a++e +
  nat_4f811102c58fb8e77080  3 QPDSSSLAEVLDRVLDKGVVVDAFARISLVGIEILTVEARVVVASVDTFLHYAEEIAKIEQAELTAGTEAA 73
                              689*************************************************************9999865 PP

>> nat_98fe8686021ec28d761f  
   #    score  bias  c-Evalue  i-Evalue hmmfrom  hmm to    alifrom  ali to    envfrom  env to     acc
 ---   ------ ----- --------- --------- ------- -------    ------- -------    ------- -------    ----
   1 !  123.9   0.6   1.3e-37   1.9e-37       6      95 ..      10     108 ..       1     111 [] 0.91

  Alignments for each domain:
  == domain 1  score: 123.9 bits;  conditional E-value: 1.3e-37
                      gvpa   6 vsdsssLaevldrvLDkGiviDafvRvslvGieiltieaRvvvasvdtyLryaeavgrld.........evaesaaaevskgals 81 
                                 + s+La+vld++LDkG+viDa+vR+slvGieilt++aR+vvasvdtyLr+aeavgrld         e +++a + + ++a  
  nat_98fe8686021ec28d761f  10 GPSPSGLADVLDLILDKGLVIDAYVRLSLVGIEILTVDARIVVASVDTYLRFAEAVGRLDleaaketplELKRTAKSRMKRAAAG 94 
                               56789*************************************************************9998888888888888999 PP

                      gvpa  82 gaaeaisdalkeal 95 
                               ga++a++d++ +a+
  nat_98fe8686021ec28d761f  95 GAVDAVTDEIADAI 108
                               99999999998875 PP

>> nat_51872cd8b900b7db59b4  
   #    score  bias  c-Evalue  i-Evalue hmmfrom  hmm to    alifrom  ali to    envfrom  env to     acc
 ---   ------ ----- --------- --------- ------- -------    ------- -------    ------- -------    ----
   1 !  123.6   0.0   1.6e-37   2.4e-37       8     106 ..      19     134 ..       9     147 .. 0.88

  Alignments for each domain:
  == domain 1  score: 123.6 bits;  conditional E-value: 1.6e-37
                      gvpa   8 dsssLaevldrvLDkGiviDafvRvslvGieiltieaRvvvasvdtyLryaeavgrld................evaesaaaevs 76 
                               +  sL++v++++LD+G+viD fvR+s+vGie+++i++R+vvasvdtyLr+aea++rld                ++ e +a++++
  nat_51872cd8b900b7db59b4  19 GRGSLYDVVELILDRGLVIDIFVRISVVGIELIKIDVRIVVASVDTYLRFAEACNRLDleagrkapaqlpevvgTMMEGGASGKA 103
                               5679**********************************************************************9********** PP

                      gvpa  77 kgalsgaaeaisdalkeal.vseesesrkss 106
                               kga+ ga++a++++l     ++ee+e++   
  nat_51872cd8b900b7db59b4 104 KGAIGGAVDAVTESLTGRSgKQEEPEEEPEE 134
                               **************98765144555554443 PP

>> nat_4d627ec7ce40cceb1d25  
   #    score  bias  c-Evalue  i-Evalue hmmfrom  hmm to    alifrom  ali to    envfrom  env to     acc
 ---   ------ ----- --------- --------- ------- -------    ------- -------    ------- -------    ----
   1 !  123.6   0.6   1.7e-37   2.4e-37       6      76 ..       3      73 ..       1      77 [. 0.95

  Alignments for each domain:
  == domain 1  score: 123.6 bits;  conditional E-value: 1.7e-37
                      gvpa  6 vsdsssLaevldrvLDkGiviDafvRvslvGieiltieaRvvvasvdtyLryaeavgrldevaesaaaevs 76
                              + dsssLaevldrvLDkG+v+Da++R+slvGieilt+eaRvvvasvdt+L+yae+++++++++ +a+ae +
  nat_4d627ec7ce40cceb1d25  3 QPDSSSLAEVLDRVLDKGVVVDAYARISLVGIEILTVEARVVVASVDTFLHYAEEIAKIEQAELTAGAEAA 73
                              689*************************************************************9998865 PP

>> nat_44e982d9a4f9a97a0d13  
   #    score  bias  c-Evalue  i-Evalue hmmfrom  hmm to    alifrom  ali to    envfrom  env to     acc
 ---   ------ ----- --------- --------- ------- -------    ------- -------    ------- -------    ----
   1 !  122.8   1.0   2.8e-37   4.1e-37       2      70 ..       3      71 ..       1      76 [. 0.93

  Alignments for each domain:
  == domain 1  score: 122.8 bits;  conditional E-value: 2.8e-37
                      gvpa  2 avekvsdsssLaevldrvLDkGiviDafvRvslvGieiltieaRvvvasvdtyLryaeavgrldevaes 70
                              a++k+ dsssLaev+dr+LDkG+viD ++RvslvGie+lti+aR+v+asvdt+Lryaeavg+l+  +e+
  nat_44e982d9a4f9a97a0d13  3 AIQKSVDSSSLAEVIDRILDKGVVIDLWARVSLVGIELLTIDARIVIASVDTWLRYAEAVGLLQPKEEE 71
                              89*************************************************************966654 PP

>> nat_f7dbe09f7bde0afd3543  
   #    score  bias  c-Evalue  i-Evalue hmmfrom  hmm to    alifrom  ali to    envfrom  env to     acc
 ---   ------ ----- --------- --------- ------- -------    ------- -------    ------- -------    ----
   1 !  122.8   1.2   2.9e-37   4.3e-37       6      75 ..       3      72 ..       1      76 [] 0.95

  Alignments for each domain:
  == domain 1  score: 122.8 bits;  conditional E-value: 2.9e-37
                      gvpa  6 vsdsssLaevldrvLDkGiviDafvRvslvGieiltieaRvvvasvdtyLryaeavgrldevaesaaaev 75
                              + dsssLaevldrvLDkGiv+D+f+R+slvGieilt+eaRvvvasvdt+L+yae+++++++++ sa+ e 
  nat_f7dbe09f7bde0afd3543  3 QPDSSSLAEVLDRVLDKGIVVDTFARISLVGIEILTVEARVVVASVDTFLHYAEEIAKIEQAELSAGVEA 72
                              689************************************************************9998776 PP

>> nat_931f03e32a70f482ab0a  
   #    score  bias  c-Evalue  i-Evalue hmmfrom  hmm to    alifrom  ali to    envfrom  env to     acc
 ---   ------ ----- --------- --------- ------- -------    ------- -------    ------- -------    ----
   1 !  121.7   0.2   6.1e-37     9e-37       5      95 ..       8     100 ..       1     110 [. 0.87

  Alignments for each domain:
  == domain 1  score: 121.7 bits;  conditional E-value: 6.1e-37
                      gvpa   5 kvsdsssLaevldrvLDkGiviDafvRvslvGieiltieaRvvvasvdtyLryaeavgrld.evaesaaaevskg.alsgaaeai 87 
                                  ++ +L+evl+++LD+G+viD fvRvslvGieilti+aRvvvasvdtyLryaeavgr++ ++ +++  ++ +g +++ga+e++
  nat_931f03e32a70f482ab0a   8 AGPSGGALTEVLELILDRGVVIDVFVRVSLVGIEILTIDARVVVASVDTYLRYAEAVGRVQlDTPKRGVPDIIEGrKTAGAIETV 92 
                               5567889*****************************************************96677888999999845789***** PP

                      gvpa  88 sdalkeal 95 
                               +d+l+e l
  nat_931f03e32a70f482ab0a  93 TDKLGEIL 100
                               ****9875 PP

>> nat_e026213b5b86b7c3c817  
   #    score  bias  c-Evalue  i-Evalue hmmfrom  hmm to    alifrom  ali to    envfrom  env to     acc
 ---   ------ ----- --------- --------- ------- -------    ------- -------    ------- -------    ----
   1 !  121.8   1.8     6e-37   8.8e-37       2      68 ..       3      69 ..       1      81 [. 0.92

  Alignments for each domain:
  == domain 1  score: 121.8 bits;  conditional E-value: 6e-37
                      gvpa  2 avekvsdsssLaevldrvLDkGiviDafvRvslvGieiltieaRvvvasvdtyLryaeavgrldeva 68
                              a++k+ dsssLaev+dr+LDkG+viD ++RvslvGie+lti+aR+v+asvdt+Lryaeavg+l++ +
  nat_e026213b5b86b7c3c817  3 AIQKSVDSSSLAEVIDRILDKGVVIDIWARVSLVGIELLTIDARIVIASVDTWLRYAEAVGLLKHDK 69
                              89************************************************************98654 PP

>> nat_23e4974582ff9055b537  
   #    score  bias  c-Evalue  i-Evalue hmmfrom  hmm to    alifrom  ali to    envfrom  env to     acc
 ---   ------ ----- --------- --------- ------- -------    ------- -------    ------- -------    ----
   1 !  121.6   4.8   6.7e-37   9.9e-37       1      66 [.       1      66 [.       1      67 [] 0.98

  Alignments for each domain:
  == domain 1  score: 121.6 bits;  conditional E-value: 6.7e-37
                      gvpa  1 mavekvsdsssLaevldrvLDkGiviDafvRvslvGieiltieaRvvvasvdtyLryaeavgrlde 66
                              mav+k+++sssLaev+dr+LDkG+viDa+vRvslvGie++++eaRvv+a vdtyL+yaeavg+++e
  nat_23e4974582ff9055b537  1 MAVNKMNSSSSLAEVVDRILDKGVVIDAWVRVSLVGIELIAVEARVVIAGVDTYLKYAEAVGLTAE 66
                              9*************************************************************9976 PP

>> nat_92175699752c66f1a221  
   #    score  bias  c-Evalue  i-Evalue hmmfrom  hmm to    alifrom  ali to    envfrom  env to     acc
 ---   ------ ----- --------- --------- ------- -------    ------- -------    ------- -------    ----
   1 !  121.2   2.5     9e-37   1.3e-36       3      68 ..      13      92 ..      11     114 .] 0.79

  Alignments for each domain:
  == domain 1  score: 121.2 bits;  conditional E-value: 9e-37
                      gvpa  3 vekvsdsssLaevldrvLDkGiviDafvRvslvGieiltieaRvvvasvdtyLryaeavgrld..............eva 68
                              v +  +sssLa+v+d++LDkG+viDa+vRvslvGie+lti+aRvvvasvdtyLr+aeav+rl+              +v+
  nat_92175699752c66f1a221 13 VSGGPSSSSLADVIDTILDKGLVIDAYVRVSLVGIELLTIDARVVVASVDTYLRFAEAVNRLEigsgepkgltdlvgDVT 92
                              667899********************************************************976555555555555333 PP

>> nat_a780429eddf249c23975  
   #    score  bias  c-Evalue  i-Evalue hmmfrom  hmm to    alifrom  ali to    envfrom  env to     acc
 ---   ------ ----- --------- --------- ------- -------    ------- -------    ------- -------    ----
   1 !  121.3   0.4   8.2e-37   1.2e-36       7     100 ..      16     122 ..       4     140 .. 0.88

  Alignments for each domain:
  == domain 1  score: 121.3 bits;  conditional E-value: 8.2e-37
                      gvpa   7 sdsssLaevldrvLDkGiviDafvRvslvGieiltieaRvvvasvdtyLryaeavgrld.............evaesaaaevskg 78 
                               ++ ++La+v+d++LD+G+viDa+vRvslvGieilti++Rvv+asvdtyLr+aea +rld             e++   +++++k 
  nat_a780429eddf249c23975  16 HGPTGLADVIDTILDRGLVIDAYVRVSLVGIEILTIDTRVVIASVDTYLRFAEAANRLDmaqsekglpevisEAKGVPSQDKTKE 100
                               56789***************************************************************99987777788999999 PP

                      gvpa  79 alsgaaeaisdalkealvsees 100
                                + g++ea++d+l+e + +++ 
  nat_a780429eddf249c23975 101 VIQGVVEAAGDTLHELTGKQSD 122
                               *************998654433 PP

>> nat_b55ecf6ba9a45824ac09  
   #    score  bias  c-Evalue  i-Evalue hmmfrom  hmm to    alifrom  ali to    envfrom  env to     acc
 ---   ------ ----- --------- --------- ------- -------    ------- -------    ------- -------    ----
   1 !  121.2   0.2   9.1e-37   1.3e-36       1     112 [.       1     114 [.       1     116 [. 0.83

  Alignments for each domain:
  == domain 1  score: 121.2 bits;  conditional E-value: 9.1e-37
                      gvpa   1 mavekvsdsssLaevldrvLDkGiviDafvRvslvGieiltieaRvvvasvdtyLryaeavgrldevaesaaaevsk..galsga 83 
                               m+ve+v ++ssL+evldrvLDkGiv+Da++RvslvGie++tieaRvv+asvdtyLrya+a+  + +v+++ + e      +ls+ 
  nat_b55ecf6ba9a45824ac09   1 MSVERVVGGSSLVEVLDRVLDKGIVVDAWIRVSLVGIELVTIEARVVIASVDTYLRYAQAIVGTPQVSRPRGVEAPGryEELSAE 85 
                               99*****************************************************************999887654311345555 PP

                      gvpa  84 aeaisdalkealvseesesrkssrassrr 112
                               + a+  +l  +    e++ + + ra++r+
  nat_b55ecf6ba9a45824ac09  86 IAALRAQLAAPPLRAEPQLQPAGRARTRK 114
                               66666667666666777777777766665 PP

>> nat_2dee131e85e06a8f9fdd  
   #    score  bias  c-Evalue  i-Evalue hmmfrom  hmm to    alifrom  ali to    envfrom  env to     acc
 ---   ------ ----- --------- --------- ------- -------    ------- -------    ------- -------    ----
   1 !  121.4   4.5   7.8e-37   1.2e-36       1      72 [.       1      72 [.       1      76 [] 0.93

  Alignments for each domain:
  == domain 1  score: 121.4 bits;  conditional E-value: 7.8e-37
                      gvpa  1 mavekvsdsssLaevldrvLDkGiviDafvRvslvGieiltieaRvvvasvdtyLryaeavgrldevaesaa 72
                              m v+kv  sssL+evldr+LDkGiviDa+vRvsl+GieiltieaRvvvasv+tyL+yaea+g++++ ++++ 
  nat_2dee131e85e06a8f9fdd  1 MPVDKVVASSSLVEVLDRILDKGIVIDAWVRVSLIGIEILTIEARVVVASVETYLKYAEAIGLIASGSNENV 72
                              8899***********************************************************997666554 PP

>> nat_f7d9d7742f0844e679ec  
   #    score  bias  c-Evalue  i-Evalue hmmfrom  hmm to    alifrom  ali to    envfrom  env to     acc
 ---   ------ ----- --------- --------- ------- -------    ------- -------    ------- -------    ----
   1 !  121.0   0.8     1e-36   1.5e-36       9     113 ..      17     135 ..      10     137 .. 0.89

  Alignments for each domain:
  == domain 1  score: 121.0 bits;  conditional E-value: 1e-36
                      gvpa   9 sssLaevldrvLDkGiviDafvRvslvGieiltieaRvvvasvdtyLryaeavgrld............evaesaaaevskgals 81 
                               + +L++vl+++LD+G+viD fvRvslvGieil+i+aR+vvasvdtyLr+aea++rld              + saa+ + k ++ 
  nat_f7d9d7742f0844e679ec  17 AGTLYDVLELILDRGMVIDVFVRVSLVGIEILKIDARIVVASVDTYLRFAEACNRLDlerdsgsttvpeLFSGSAAKSIGKRKVR 101
                               568**************************************************************99987777888888899999 PP

                      gvpa  82 gaaeaisdalkeal..vseesesrkssrassrrk 113
                                aae+++d++++a+   +eese+++  r ++rr+
  nat_f7d9d7742f0844e679ec 102 KAAETVGDTVRKAVggRDEESEEEEEERPRKRRA 135
                               99******99999833467778888888888886 PP

>> nat_e6ccc21f1ec1a2362fcf  
   #    score  bias  c-Evalue  i-Evalue hmmfrom  hmm to    alifrom  ali to    envfrom  env to     acc
 ---   ------ ----- --------- --------- ------- -------    ------- -------    ------- -------    ----
   1 !  120.9   0.0   1.1e-36   1.7e-36       2      70 ..       3      71 ..       1      87 [. 0.89

  Alignments for each domain:
  == domain 1  score: 120.9 bits;  conditional E-value: 1.1e-36
                      gvpa  2 avekvsdsssLaevldrvLDkGiviDafvRvslvGieiltieaRvvvasvdtyLryaeavgrldevaes 70
                              a++k+ dsssLaev+dr+LDkG+viD ++RvslvGie+lti+aR+v+asvdt+L+ya avg+l++ ++ 
  nat_e6ccc21f1ec1a2362fcf  3 AIQKSVDSSSLAEVIDRILDKGVVIDLWARVSLVGIELLTIDARIVIASVDTWLKYAKAVGLLKDHHHH 71
                              89*************************************************************977655 PP

>> nat_0ec42fc31cce1915953a  
   #    score  bias  c-Evalue  i-Evalue hmmfrom  hmm to    alifrom  ali to    envfrom  env to     acc
 ---   ------ ----- --------- --------- ------- -------    ------- -------    ------- -------    ----
   1 !  120.8   5.2   1.2e-36   1.7e-36       1      66 [.       1      66 [.       1      67 [] 0.98

  Alignments for each domain:
  == domain 1  score: 120.8 bits;  conditional E-value: 1.2e-36
                      gvpa  1 mavekvsdsssLaevldrvLDkGiviDafvRvslvGieiltieaRvvvasvdtyLryaeavgrlde 66
                              mav k+++sssLaev+dr+LDkG+viDa+vRvslvGie++++eaRvv+a vdtyL+yaeavg+++e
  nat_0ec42fc31cce1915953a  1 MAVSKMNSSSSLAEVVDRILDKGVVIDAWVRVSLVGIELIAVEARVVIAGVDTYLKYAEAVGLTAE 66
                              9*************************************************************9976 PP

>> nat_40291105c4e4262229bd  
   #    score  bias  c-Evalue  i-Evalue hmmfrom  hmm to    alifrom  ali to    envfrom  env to     acc
 ---   ------ ----- --------- --------- ------- -------    ------- -------    ------- -------    ----
   1 !  120.8   0.8   1.2e-36   1.8e-36       2      74 ..       3      75 ..       1      83 [. 0.90

  Alignments for each domain:
  == domain 1  score: 120.8 bits;  conditional E-value: 1.2e-36
                      gvpa  2 avekvsdsssLaevldrvLDkGiviDafvRvslvGieiltieaRvvvasvdtyLryaeavgrldevaesaaae 74
                              a++k+ dsssLaev+dr+LDkG+viD ++RvslvGie+lti+aR+v+asvdt+L+ya avg+l++  +   ++
  nat_40291105c4e4262229bd  3 AIQKSVDSSSLAEVIDRILDKGVVIDLWARVSLVGIELLTIDARIVIASVDTWLKYAKAVGLLKHHDHDHHHG 75
                              89*************************************************************9777665554 PP

>> nat_2c690256fac6daa57125  
   #    score  bias  c-Evalue  i-Evalue hmmfrom  hmm to    alifrom  ali to    envfrom  env to     acc
 ---   ------ ----- --------- --------- ------- -------    ------- -------    ------- -------    ----
   1 !  120.5   0.6   1.5e-36   2.1e-36       2      71 ..       3      72 ..       1      85 [. 0.89

  Alignments for each domain:
  == domain 1  score: 120.5 bits;  conditional E-value: 1.5e-36
                      gvpa  2 avekvsdsssLaevldrvLDkGiviDafvRvslvGieiltieaRvvvasvdtyLryaeavgrldevaesa 71
                              a++k+ dsssLaev+dr+LDkG+viD ++RvslvGie+lti+aR+v+asvdt+L+ya avg+l++  +  
  nat_2c690256fac6daa57125  3 AIQKSVDSSSLAEVIDRILDKGVVIDLWARVSLVGIELLTIDARIVIASVDTWLKYAKAVGLLKHHDHDH 72
                              89*************************************************************9665544 PP

>> nat_76fa137ce1acdc4bda19  
   #    score  bias  c-Evalue  i-Evalue hmmfrom  hmm to    alifrom  ali to    envfrom  env to     acc
 ---   ------ ----- --------- --------- ------- -------    ------- -------    ------- -------    ----
   1 !  120.4   1.0   1.6e-36   2.4e-36       2      69 ..       3      70 ..       1      77 [] 0.93

  Alignments for each domain:
  == domain 1  score: 120.4 bits;  conditional E-value: 1.6e-36
                      gvpa  2 avekvsdsssLaevldrvLDkGiviDafvRvslvGieiltieaRvvvasvdtyLryaeavgrldevae 69
                              a++k+ dsssLaev+dr+LDkG+viD ++RvslvGie+lti+aR+v+asvdt+Lrya avg+l++  +
  nat_76fa137ce1acdc4bda19  3 AIQKSVDSSSLAEVIDRILDKGVVIDLWARVSLVGIELLTIDARIVIASVDTWLRYAKAVGLLKDHDH 70
                              89************************************************************997655 PP

>> nat_11170a4c1f77a2510e97  
   #    score  bias  c-Evalue  i-Evalue hmmfrom  hmm to    alifrom  ali to    envfrom  env to     acc
 ---   ------ ----- --------- --------- ------- -------    ------- -------    ------- -------    ----
   1 !  120.2   0.7   1.8e-36   2.6e-36       2      66 ..       3      67 ..       1      74 [. 0.95

  Alignments for each domain:
  == domain 1  score: 120.2 bits;  conditional E-value: 1.8e-36
                      gvpa  2 avekvsdsssLaevldrvLDkGiviDafvRvslvGieiltieaRvvvasvdtyLryaeavgrlde 66
                              a++k+ dsssLaev+dr+LDkG+viD ++RvslvGie+lti+aR+v+asvdt+Lrya avg+l+e
  nat_11170a4c1f77a2510e97  3 AIQKSVDSSSLAEVIDRILDKGVVIDLWARVSLVGIELLTIDARIVIASVDTWLRYAKAVGLLQE 67
                              89************************************************************986 PP

>> nat_398b1c22d526b2f32567  
   #    score  bias  c-Evalue  i-Evalue hmmfrom  hmm to    alifrom  ali to    envfrom  env to     acc
 ---   ------ ----- --------- --------- ------- -------    ------- -------    ------- -------    ----
   1 !  120.2   0.2   1.8e-36   2.7e-36       2      73 ..       3      74 ..       1      89 [. 0.87

  Alignments for each domain:
  == domain 1  score: 120.2 bits;  conditional E-value: 1.8e-36
                      gvpa  2 avekvsdsssLaevldrvLDkGiviDafvRvslvGieiltieaRvvvasvdtyLryaeavgrldevaesaaa 73
                              a++k+ dsssLaev+dr+LDkG+viD ++RvslvGie+lti+aR+v+asv+t+L+ya avg+l++ ++   +
  nat_398b1c22d526b2f32567  3 AIQKSVDSSSLAEVIDRILDKGVVIDLWARVSLVGIELLTIDARIVIASVETWLKYAKAVGLLKHHHHHDHH 74
                              89*************************************************************976655444 PP

>> nat_6e6874947488b4bf79cd  
   #    score  bias  c-Evalue  i-Evalue hmmfrom  hmm to    alifrom  ali to    envfrom  env to     acc
 ---   ------ ----- --------- --------- ------- -------    ------- -------    ------- -------    ----
   1 !  120.1   0.8   1.9e-36   2.8e-36       2      68 ..       3      69 ..       1      77 [. 0.94

  Alignments for each domain:
  == domain 1  score: 120.1 bits;  conditional E-value: 1.9e-36
                      gvpa  2 avekvsdsssLaevldrvLDkGiviDafvRvslvGieiltieaRvvvasvdtyLryaeavgrldeva 68
                              a++k+ dsssLaev+dr+LDkG+viD ++RvslvGie+lti+aR+v+asvdt+Lrya avg+l++ +
  nat_6e6874947488b4bf79cd  3 AIQKSVDSSSLAEVIDRILDKGVVIDLWARVSLVGIELLTIDARIVIASVDTWLRYAKAVGLLKDHH 69
                              89************************************************************98754 PP

>> nat_b68be2c15bf9363e43d2  
   #    score  bias  c-Evalue  i-Evalue hmmfrom  hmm to    alifrom  ali to    envfrom  env to     acc
 ---   ------ ----- --------- --------- ------- -------    ------- -------    ------- -------    ----
   1 !  120.0   0.6     2e-36     3e-36       2      66 ..       3      67 ..       1      78 [. 0.93

  Alignments for each domain:
  == domain 1  score: 120.0 bits;  conditional E-value: 2e-36
                      gvpa  2 avekvsdsssLaevldrvLDkGiviDafvRvslvGieiltieaRvvvasvdtyLryaeavgrlde 66
                              a++k+ dsssLaev+dr+LDkG+viD ++RvslvGie+lti+aR+v+asvdt+Lrya avg+l++
  nat_b68be2c15bf9363e43d2  3 AIQKSVDSSSLAEVIDRILDKGVVIDLWARVSLVGIELLTIDARIVIASVDTWLRYAKAVGLLKD 67
                              89************************************************************985 PP

>> nat_76384a42f96a6dc0ed31  
   #    score  bias  c-Evalue  i-Evalue hmmfrom  hmm to    alifrom  ali to    envfrom  env to     acc
 ---   ------ ----- --------- --------- ------- -------    ------- -------    ------- -------    ----
   1 !  120.0   1.0   2.1e-36   3.1e-36       2      69 ..       3      70 ..       1      79 [. 0.92

  Alignments for each domain:
  == domain 1  score: 120.0 bits;  conditional E-value: 2.1e-36
                      gvpa  2 avekvsdsssLaevldrvLDkGiviDafvRvslvGieiltieaRvvvasvdtyLryaeavgrldevae 69
                              a++k+ dsssLaev+dr+LDkG+viD ++RvslvGie+lti+aR+v+asvdt+L+ya avg+l++ ++
  nat_76384a42f96a6dc0ed31  3 AIQKSVDSSSLAEVIDRILDKGVVIDLWARVSLVGIELLTIDARIVIASVDTWLKYAKAVGLLKHHHH 70
                              89************************************************************996654 PP

>> nat_145768217677e4dfa78e  
   #    score  bias  c-Evalue  i-Evalue hmmfrom  hmm to    alifrom  ali to    envfrom  env to     acc
 ---   ------ ----- --------- --------- ------- -------    ------- -------    ------- -------    ----
   1 !  119.9   0.6   2.3e-36   3.4e-36       6      76 ..       3      73 ..       1      77 [. 0.95

  Alignments for each domain:
  == domain 1  score: 119.9 bits;  conditional E-value: 2.3e-36
                      gvpa  6 vsdsssLaevldrvLDkGiviDafvRvslvGieiltieaRvvvasvdtyLryaeavgrldevaesaaaevs 76
                              + dsssLaevldrvLDkG+v+D ++RvslvGieilt+eaRvv asvdt+L+yae+++++++++ +a+ae +
  nat_145768217677e4dfa78e  3 QPDSSSLAEVLDRVLDKGVVVDVWARVSLVGIEILTVEARVVAASVDTFLHYAEEIAKIEQAELTATAEAA 73
                              689**************************************************************999865 PP

>> nat_f6a10f9036e40524b807  
   #    score  bias  c-Evalue  i-Evalue hmmfrom  hmm to    alifrom  ali to    envfrom  env to     acc
 ---   ------ ----- --------- --------- ------- -------    ------- -------    ------- -------    ----
   1 !  119.8   4.5   2.4e-36   3.5e-36       1      69 [.       1      69 [.       1      74 [] 0.93

  Alignments for each domain:
  == domain 1  score: 119.8 bits;  conditional E-value: 2.4e-36
                      gvpa  1 mavekvsdsssLaevldrvLDkGiviDafvRvslvGieiltieaRvvvasvdtyLryaeavgrldevae 69
                              m+++k+  sssLaev+dr+LDkGiviDafvRv+lvGie++++eaRvvvasv+tyLryaeavg++++ + 
  nat_f6a10f9036e40524b807  1 MTINKSLASSSLAEVIDRILDKGIVIDAFVRVALVGIELIAVEARVVVASVETYLRYAEAVGLTTDPTA 69
                              99*************************************************************986544 PP

>> nat_4132d6e9996d37d7483a  
   #    score  bias  c-Evalue  i-Evalue hmmfrom  hmm to    alifrom  ali to    envfrom  env to     acc
 ---   ------ ----- --------- --------- ------- -------    ------- -------    ------- -------    ----
   1 !  119.6   1.0   2.7e-36     4e-36       2      76 ..       4      77 ..       2      92 .] 0.87

  Alignments for each domain:
  == domain 1  score: 119.6 bits;  conditional E-value: 2.7e-36
                      gvpa  2 avekvsdsssLaevldrvLDkGiviDafvRvslvGieiltieaRvvvasvdtyLryaeavgrldevaesaaaevs 76
                              a +++ +sssLaevldrvLDkG+viD ++R+s+vGie+lt+eaRvvvasvdt+L+yae+++++++++ ++  e  
  nat_4132d6e9996d37d7483a  4 A-QRTPNSSSLAEVLDRVLDKGVVIDVWARISVVGIELLTVEARVVVASVDTFLHYAEEIAKIEQATAEGDVEEL 77
                              5.7899**********************************************************99887765544 PP

>> nat_2a93193629740c6b70af  
   #    score  bias  c-Evalue  i-Evalue hmmfrom  hmm to    alifrom  ali to    envfrom  env to     acc
 ---   ------ ----- --------- --------- ------- -------    ------- -------    ------- -------    ----
   1 !  119.4   1.3   3.1e-36   4.6e-36       6      75 ..       3      72 ..       1      75 [. 0.95

  Alignments for each domain:
  == domain 1  score: 119.4 bits;  conditional E-value: 3.1e-36
                      gvpa  6 vsdsssLaevldrvLDkGiviDafvRvslvGieiltieaRvvvasvdtyLryaeavgrldevaesaaaev 75
                              + dsssLaevldrvLDkGiv+D f+RvslvGieilt+eaRvvv+svdt+L+yae+++++++++ +a+ae 
  nat_2a93193629740c6b70af  3 QPDSSSLAEVLDRVLDKGIVVDVFARVSLVGIEILTVEARVVVSSVDTFLHYAEEIAKIEQAELTAGAEA 72
                              689*************************************************************999876 PP

>> nat_0f515c4258dc68fd3f9c  
   #    score  bias  c-Evalue  i-Evalue hmmfrom  hmm to    alifrom  ali to    envfrom  env to     acc
 ---   ------ ----- --------- --------- ------- -------    ------- -------    ------- -------    ----
   1 !  118.9   0.5   4.4e-36   6.6e-36      10     113 ..      18     133 ..      13     135 .. 0.90

  Alignments for each domain:
  == domain 1  score: 118.9 bits;  conditional E-value: 4.4e-36
                      gvpa  10 ssLaevldrvLDkGiviDafvRvslvGieiltieaRvvvasvdtyLryaeavgrld............evaesaaaevskgalsg 82 
                                +L++vl+++LD+G+viD fvRvslvGiei++i+aR+vvasvdtyLr+aea++rld              +   a+ v k ++  
  nat_0f515c4258dc68fd3f9c  18 GTLYDVLELILDRGMVIDVFVRVSLVGIEIIKIDARIVVASVDTYLRFAEACNRLDlerdsgsttvpeLLSGGVAKSVGKRKVRK 102
                               579***********************************************************99887544445566677788999 PP

                      gvpa  83 aaeaisdalkealvseesesrkssrassrrk 113
                               aae+++d+++ a+  ++ ++++ +r ++rr+
  nat_0f515c4258dc68fd3f9c 103 AAESVGDTVRRAVGGDDEAEEEEARPRKRRA 133
                               *************99999999999*999986 PP

>> nat_fff3fdcc3af814966f5b  
   #    score  bias  c-Evalue  i-Evalue hmmfrom  hmm to    alifrom  ali to    envfrom  env to     acc
 ---   ------ ----- --------- --------- ------- -------    ------- -------    ------- -------    ----
   1 !  119.4   2.6   3.1e-36   4.6e-36       1      59 [.       1      59 []       1      59 [] 0.99

  Alignments for each domain:
  == domain 1  score: 119.4 bits;  conditional E-value: 3.1e-36
                      gvpa  1 mavekvsdsssLaevldrvLDkGiviDafvRvslvGieiltieaRvvvasvdtyLryae 59
                              mavek+++sssLaev+dr+LDkGiviDa++RvslvGie+l+ieaRvv+asv+tyL+yae
  nat_fff3fdcc3af814966f5b  1 MAVEKTNSSSSLAEVIDRILDKGIVIDAWARVSLVGIELLAIEARVVIASVETYLKYAE 59
                              9*********************************************************8 PP

>> nat_5d20f105b230fcb464d1  
   #    score  bias  c-Evalue  i-Evalue hmmfrom  hmm to    alifrom  ali to    envfrom  env to     acc
 ---   ------ ----- --------- --------- ------- -------    ------- -------    ------- -------    ----
   1 !  119.3   0.6   3.5e-36   5.1e-36       6      76 ..       3      73 ..       1      77 [. 0.95

  Alignments for each domain:
  == domain 1  score: 119.3 bits;  conditional E-value: 3.5e-36
                      gvpa  6 vsdsssLaevldrvLDkGiviDafvRvslvGieiltieaRvvvasvdtyLryaeavgrldevaesaaaevs 76
                              + dsssLaevldrvLDkG+v+D ++RvslvGieilt+eaRvv asvdt+L+yae+++++++++ +a+ae +
  nat_5d20f105b230fcb464d1  3 QPDSSSLAEVLDRVLDKGVVVDVWARVSLVGIEILTVEARVVAASVDTFLHYAEEIAKIEQAELTAGAEAA 73
                              689*************************************************************9998865 PP

>> nat_cd1db2b9b825a77adf97  
   #    score  bias  c-Evalue  i-Evalue hmmfrom  hmm to    alifrom  ali to    envfrom  env to     acc
 ---   ------ ----- --------- --------- ------- -------    ------- -------    ------- -------    ----
   1 !  119.1   1.3   3.9e-36   5.8e-36       1      66 [.       1      66 [.       1      69 [. 0.97

  Alignments for each domain:
  == domain 1  score: 119.1 bits;  conditional E-value: 3.9e-36
                      gvpa  1 mavekvsdsssLaevldrvLDkGiviDafvRvslvGieiltieaRvvvasvdtyLryaeavgrlde 66
                              ma+ek++ sssLaev+dr+LDkG+viDafvRvslvGie+l+ie R vvasv+t+L+yaea+g++++
  nat_cd1db2b9b825a77adf97  1 MAIEKATASSSLAEVIDRILDKGVVIDAFVRVSLVGIELLSIELRAVVASVETWLKYAEAIGLVAQ 66
                              9*************************************************************9875 PP

>> nat_4b01b5214abfe7d6396a  
   #    score  bias  c-Evalue  i-Evalue hmmfrom  hmm to    alifrom  ali to    envfrom  env to     acc
 ---   ------ ----- --------- --------- ------- -------    ------- -------    ------- -------    ----
   1 !  118.8   0.4     5e-36   7.4e-36      10     107 ..      18     131 ..      11     143 .. 0.76

  Alignments for each domain:
  == domain 1  score: 118.8 bits;  conditional E-value: 5e-36
                      gvpa  10 ssLaevldrvLDkGiviDafvRvslvGieiltieaRvvvasvdtyLryaeavgrld............evaesaaaevskgalsg 82 
                                +L++vl+++LD+G+viD fvRvslvGieil+i+aR+vvasvdtyLr+aea++rld              + saa+ + k ++  
  nat_4b01b5214abfe7d6396a  18 GTLYDVLELILDRGMVIDVFVRVSLVGIEILKIDARIVVASVDTYLRFAEACNRLDlerdsgsttvpeLLSGSAAKSIGKRKVRK 102
                               68**************************************************************999855556666666666677 PP

                      gvpa  83 aaeaisdalkeal....vseesesrkssr 107
                               aae+++d++++a+    +s+e++ +++ +
  nat_4b01b5214abfe7d6396a 103 AAETVGDTVRKAVgghdDSDEQDDDEAEQ 131
                               77777776665541111333333333332 PP

>> nat_c629afbe950804b62ed5  
   #    score  bias  c-Evalue  i-Evalue hmmfrom  hmm to    alifrom  ali to    envfrom  env to     acc
 ---   ------ ----- --------- --------- ------- -------    ------- -------    ------- -------    ----
   1 !  119.2   1.1   3.7e-36   5.5e-36       2      67 ..       3      68 ..       1      81 [. 0.92

  Alignments for each domain:
  == domain 1  score: 119.2 bits;  conditional E-value: 3.7e-36
                      gvpa  2 avekvsdsssLaevldrvLDkGiviDafvRvslvGieiltieaRvvvasvdtyLryaeavgrldev 67
                              a++k+ dsssLaev+dr+LDkG+viD ++RvslvGie+lti+aR+v+asvdt+L+ya avg+l++ 
  nat_c629afbe950804b62ed5  3 AIQKSVDSSSLAEVIDRILDKGVVIDLWARVSLVGIELLTIDARIVIASVDTWLKYAKAVGLLKDD 68
                              89************************************************************9854 PP

>> nat_766d45336d56f5b42f24  
   #    score  bias  c-Evalue  i-Evalue hmmfrom  hmm to    alifrom  ali to    envfrom  env to     acc
 ---   ------ ----- --------- --------- ------- -------    ------- -------    ------- -------    ----
   1 !  119.0   0.2   4.2e-36   6.3e-36       6      75 ..       3      72 ..       1      78 [. 0.95

  Alignments for each domain:
  == domain 1  score: 119.0 bits;  conditional E-value: 4.2e-36
                      gvpa  6 vsdsssLaevldrvLDkGiviDafvRvslvGieiltieaRvvvasvdtyLryaeavgrldevaesaaaev 75
                              + dsssLaevldrvLDkG+v+D ++R+slvGieilt+eaRvv asvdt+L+yae+++++++++ +a+ae 
  nat_766d45336d56f5b42f24  3 QPDSSSLAEVLDRVLDKGVVVDVWARISLVGIEILTVEARVVAASVDTFLHYAEEIAKIEQAELTAGAEA 72
                              689*************************************************************999886 PP

>> nat_cac8cf4903b24e69aca8  
   #    score  bias  c-Evalue  i-Evalue hmmfrom  hmm to    alifrom  ali to    envfrom  env to     acc
 ---   ------ ----- --------- --------- ------- -------    ------- -------    ------- -------    ----
   1 !  118.9   1.1   4.7e-36     7e-36       6      76 ..       3      73 ..       1      76 [] 0.95

  Alignments for each domain:
  == domain 1  score: 118.9 bits;  conditional E-value: 4.7e-36
                      gvpa  6 vsdsssLaevldrvLDkGiviDafvRvslvGieiltieaRvvvasvdtyLryaeavgrldevaesaaaevs 76
                              + dsssLaevldrvLDkG+v+D ++RvslvGieilt+eaRvv asvdt+L+yae+++++++++ +a+ae +
  nat_cac8cf4903b24e69aca8  3 QPDSSSLAEVLDRVLDKGVVVDVWARVSLVGIEILTVEARVVAASVDTFLHYAEEIAKIEQAELTAGAEAA 73
                              689*************************************************************9998865 PP

>> nat_55802cc1c7918b91c298  
   #    score  bias  c-Evalue  i-Evalue hmmfrom  hmm to    alifrom  ali to    envfrom  env to     acc
 ---   ------ ----- --------- --------- ------- -------    ------- -------    ------- -------    ----
   1 !  118.5   1.3   6.3e-36   9.3e-36      10     112 ..       6     125 ..       3     128 .. 0.81

  Alignments for each domain:
  == domain 1  score: 118.5 bits;  conditional E-value: 6.3e-36
                      gvpa  10 ssLaevldrvLDkGiviDafvRvslvGieiltieaRvvvasvdtyLryaeavgrld............evaesaaaevskgalsg 82 
                                +L++vl+++LD+G+viD f+RvslvGieil+i+aR+vvasvdtyLr+aea++rld             v  +aa+ v k ++  
  nat_55802cc1c7918b91c298   6 GTLYDVLELILDRGMVIDVFIRVSLVGIEILKIDARIVVASVDTYLRFAEACNRLDlerdsgsttvpeLVGGRAAKSVGKRKVRK 90 
                               579*************************************************************999866777777788888888 PP

                      gvpa  83 aaeaisdalkeal.....vseesesrkssrassrr 112
                               aae+++d++++a+     +seese+++  r ++rr
  nat_55802cc1c7918b91c298  91 AAETVGDTVRKAVggrddESEESEEEEEERPRKRR 125
                               88888888887762211134445555555666666 PP

>> nat_52dd92a4f7bccb199db6  
   #    score  bias  c-Evalue  i-Evalue hmmfrom  hmm to    alifrom  ali to    envfrom  env to     acc
 ---   ------ ----- --------- --------- ------- -------    ------- -------    ------- -------    ----
   1 !  118.7   0.6   5.4e-36     8e-36       1      80 [.       1      80 [.       1      90 [. 0.92

  Alignments for each domain:
  == domain 1  score: 118.7 bits;  conditional E-value: 5.4e-36
                      gvpa  1 mavekvsdsssLaevldrvLDkGiviDafvRvslvGieiltieaRvvvasvdtyLryaeavgrldevaesaaaevskgal 80
                              m+++k++d ssLaev+dr+LDkG+viD f+R+s++Gie++tieaR+v+asvdt+Lryaeav +l++  e+  +   +g+ 
  nat_52dd92a4f7bccb199db6  1 MTINKSNDCSSLAEVVDRILDKGVVIDVFARISVIGIELITIEARIVIASVDTWLRYAEAVRLLHNEREEFLSSNNRGKK 80
                              9***************************************************************9888887777777765 PP

>> nat_ae4497f09726b0bcfb2f  
   #    score  bias  c-Evalue  i-Evalue hmmfrom  hmm to    alifrom  ali to    envfrom  env to     acc
 ---   ------ ----- --------- --------- ------- -------    ------- -------    ------- -------    ----
   1 !  118.7   4.8   5.3e-36   7.8e-36       1      68 [.       1      68 [.       1      74 [] 0.94

  Alignments for each domain:
  == domain 1  score: 118.7 bits;  conditional E-value: 5.3e-36
                      gvpa  1 mavekvsdsssLaevldrvLDkGiviDafvRvslvGieiltieaRvvvasvdtyLryaeavgrldeva 68
                              m+++k+  sssLaev+dr+LDkGiviDafvR++lvGie++++eaRvvvasv+tyLryaeavg++++ +
  nat_ae4497f09726b0bcfb2f  1 MTINKSLASSSLAEVIDRILDKGIVIDAFVRIALVGIELIAVEARVVVASVETYLRYAEAVGLTTDPT 68
                              99*************************************************************98644 PP

>> nat_219e1145c7c5f874f9d7  
   #    score  bias  c-Evalue  i-Evalue hmmfrom  hmm to    alifrom  ali to    envfrom  env to     acc
 ---   ------ ----- --------- --------- ------- -------    ------- -------    ------- -------    ----
   1 !  118.2   0.4   7.4e-36   1.1e-35      10     103 ..      18     123 ..      11     148 .. 0.78

  Alignments for each domain:
  == domain 1  score: 118.2 bits;  conditional E-value: 7.4e-36
                      gvpa  10 ssLaevldrvLDkGiviDafvRvslvGieiltieaRvvvasvdtyLryaeavgrld............evaesaaaevskgalsg 82 
                                +L++vl+++LD+G+viD fvRvslvGieil+i+aR+vvasvdtyLr+aea++rld              + saa+ + k ++  
  nat_219e1145c7c5f874f9d7  18 GTLYDVLELILDRGMVIDVFVRVSLVGIEILKIDARIVVASVDTYLRFAEACNRLDlerdsgsttvpeLLSGSAAKSIGKRKVRK 102
                               68**************************************************************999856666677777777777 PP

                      gvpa  83 aaeaisdalkealvseesesr 103
                               aae+++d++++a+  ++ +s+
  nat_219e1145c7c5f874f9d7 103 AAETVGDTVRKAVGGHDDDSD 123
                               888888877776543322222 PP

>> nat_970873de163a6ff8ee05  
   #    score  bias  c-Evalue  i-Evalue hmmfrom  hmm to    alifrom  ali to    envfrom  env to     acc
 ---   ------ ----- --------- --------- ------- -------    ------- -------    ------- -------    ----
   1 !  118.5   1.4   5.9e-36   8.7e-36       2      73 ..       2      72 ..       1      86 [. 0.92

  Alignments for each domain:
  == domain 1  score: 118.5 bits;  conditional E-value: 5.9e-36
                      gvpa  2 avekvsdsssLaevldrvLDkGiviDafvRvslvGieiltieaRvvvasvdtyLryaeavgrldevaesaaa 73
                              a +++ +sssLaevldrvLDkG+viD ++R+s+vGie+lt+eaRvvvasvdt+L+yae+++++++++ s+  
  nat_970873de163a6ff8ee05  2 A-QRTPNSSSLAEVLDRVLDKGVVIDVWARISVVGIELLTVEARVVVASVDTFLHYAEEIAKIEQASASGDI 72
                              5.7899**********************************************************99988765 PP

>> nat_8e2e16185848c52bf74f  
   #    score  bias  c-Evalue  i-Evalue hmmfrom  hmm to    alifrom  ali to    envfrom  env to     acc
 ---   ------ ----- --------- --------- ------- -------    ------- -------    ------- -------    ----
   1 !  118.5   6.6   6.1e-36   8.9e-36       1      67 [.       1      67 [.       1      68 [] 0.97

  Alignments for each domain:
  == domain 1  score: 118.5 bits;  conditional E-value: 6.1e-36
                      gvpa  1 mavekvsdsssLaevldrvLDkGiviDafvRvslvGieiltieaRvvvasvdtyLryaeavgrldev 67
                              mavek+  sssL+ev+dr+LDkG+viDa+vRvslvGie+l++eaRvvvasv+t+L+yaeavg+++ +
  nat_8e2e16185848c52bf74f  1 MAVEKAIASSSLVEVVDRILDKGVVIDAWVRVSLVGIELLAVEARVVVASVETFLKYAEAVGLTAAA 67
                              9*************************************************************99765 PP

>> nat_1d2eaab6bc1405efd0c8  
   #    score  bias  c-Evalue  i-Evalue hmmfrom  hmm to    alifrom  ali to    envfrom  env to     acc
 ---   ------ ----- --------- --------- ------- -------    ------- -------    ------- -------    ----
   1 !  118.3   1.3   6.8e-36     1e-35       2      68 ..       9      75 ..       8      86 .. 0.92

  Alignments for each domain:
  == domain 1  score: 118.3 bits;  conditional E-value: 6.8e-36
                      gvpa  2 avekvsdsssLaevldrvLDkGiviDafvRvslvGieiltieaRvvvasvdtyLryaeavgrldeva 68
                              a++k+ dsssLaev+dr+LDkG+viD ++RvslvGie+lti+aR+v+asvdt+L+ya avg+l++ +
  nat_1d2eaab6bc1405efd0c8  9 AIQKSVDSSSLAEVIDRILDKGVVIDLWARVSLVGIELLTIDARIVIASVDTWLKYAKAVGLLKHDH 75
                              89************************************************************98654 PP

>> nat_39696a92cfeac6f208a2  
   #    score  bias  c-Evalue  i-Evalue hmmfrom  hmm to    alifrom  ali to    envfrom  env to     acc
 ---   ------ ----- --------- --------- ------- -------    ------- -------    ------- -------    ----
   1 !  118.4   0.6   6.5e-36   9.5e-36       6      76 ..       3      73 ..       1      77 [. 0.95

  Alignments for each domain:
  == domain 1  score: 118.4 bits;  conditional E-value: 6.5e-36
                      gvpa  6 vsdsssLaevldrvLDkGiviDafvRvslvGieiltieaRvvvasvdtyLryaeavgrldevaesaaaevs 76
                              + dsssLaevldrvLDkG+v+D ++R+slvGieilt+eaRvv asvdt+L+yae+++++++++ +a+ae +
  nat_39696a92cfeac6f208a2  3 QPDSSSLAEVLDRVLDKGVVVDVWARISLVGIEILTVEARVVAASVDTFLHYAEEIAKIEQAELTAGAEAA 73
                              579*************************************************************9998865 PP

>> nat_b872ca2d5a2d145dce35  
   #    score  bias  c-Evalue  i-Evalue hmmfrom  hmm to    alifrom  ali to    envfrom  env to     acc
 ---   ------ ----- --------- --------- ------- -------    ------- -------    ------- -------    ----
   1 !  118.3   0.7   6.8e-36     1e-35       3      77 ..       2      76 ..       1      89 [. 0.91

  Alignments for each domain:
  == domain 1  score: 118.3 bits;  conditional E-value: 6.8e-36
                      gvpa  3 vekvsdsssLaevldrvLDkGiviDafvRvslvGieiltieaRvvvasvdtyLryaeavgrldevaesaaaevsk 77
                              v+k+ ++ssL+evldr+LDkG+viD ++R+s+vGie+lt+eaRvvvasvdt+L+yae++++++++ae++  e ++
  nat_b872ca2d5a2d145dce35  2 VRKEPQGSSLVEVLDRILDKGVVIDVWARISVVGIELLTVEARVVVASVDTFLHYAEEIAKIEQAAEQEELEEVE 76
                              678999**********************************************************99998877665 PP

>> nat_be1dac504153ecab385d  
   #    score  bias  c-Evalue  i-Evalue hmmfrom  hmm to    alifrom  ali to    envfrom  env to     acc
 ---   ------ ----- --------- --------- ------- -------    ------- -------    ------- -------    ----
   1 !  117.9   0.4   9.4e-36   1.4e-35      10     102 ..      18     122 ..      11     149 .. 0.78

  Alignments for each domain:
  == domain 1  score: 117.9 bits;  conditional E-value: 9.4e-36
                      gvpa  10 ssLaevldrvLDkGiviDafvRvslvGieiltieaRvvvasvdtyLryaeavgrld............evaesaaaevskgalsg 82 
                                +L++vl+++LD+G+viD fvRvslvGieil+i+aR+vvasvdtyLr+aea++rld              + saa+ + k ++  
  nat_be1dac504153ecab385d  18 GTLYDVLELILDRGMVIDVFVRVSLVGIEILKIDARIVVASVDTYLRFAEACNRLDlerdsgsttvpeLLSGSAAKSIGKRKVRK 102
                               68*************************************************************9999856666666677777777 PP

                      gvpa  83 aaeaisdalkealvseeses 102
                               aae+++d++++a+   + +s
  nat_be1dac504153ecab385d 103 AAETVGDTVRKAVGGRDDDS 122
                               77877777776653222222 PP

>> nat_4469cb3e6c41fb1309a3  
   #    score  bias  c-Evalue  i-Evalue hmmfrom  hmm to    alifrom  ali to    envfrom  env to     acc
 ---   ------ ----- --------- --------- ------- -------    ------- -------    ------- -------    ----
   1 !  117.8   0.3   9.8e-36   1.5e-35      10     112 ..      18     133 ..      14     144 .. 0.85

  Alignments for each domain:
  == domain 1  score: 117.8 bits;  conditional E-value: 9.8e-36
                      gvpa  10 ssLaevldrvLDkGiviDafvRvslvGieiltieaRvvvasvdtyLryaeavgrld............evaesaaaevskgalsg 82 
                                +L++vl+++LD+G+viD fvRvslvGieil+i+aR+vvasvdtyLr+aea++rld                +aa+ v k ++  
  nat_4469cb3e6c41fb1309a3  18 GTLYDVLELILDRGMVIDVFVRVSLVGIEILKIDARIVVASVDTYLRFAEACNRLDlerdsgsttipeLLGGRAAKSVGKRKVRQ 102
                               579***********************************************************99999866667777788888889 PP

                      gvpa  83 aaeaisdalkealvseesesrk.ssrassrr 112
                               aae+++d++++a+  ++ e +    r ++rr
  nat_4469cb3e6c41fb1309a3 103 AAESVGDTVRKAVGGDDDEDDDgNERPKKRR 133
                               9999999999888766665554144555555 PP

>> nat_19241b5ae6f8f8136488  
   #    score  bias  c-Evalue  i-Evalue hmmfrom  hmm to    alifrom  ali to    envfrom  env to     acc
 ---   ------ ----- --------- --------- ------- -------    ------- -------    ------- -------    ----
   1 !  118.2   2.8   7.6e-36   1.1e-35       2      68 ..       3      69 ..       1      79 [. 0.91

  Alignments for each domain:
  == domain 1  score: 118.2 bits;  conditional E-value: 7.6e-36
                      gvpa  2 avekvsdsssLaevldrvLDkGiviDafvRvslvGieiltieaRvvvasvdtyLryaeavgrldeva 68
                              a++k+ dsssLaev+dr+LDkG+viD ++RvslvGie+lti+aR+v+asvdt+Lrya avg+l++ +
  nat_19241b5ae6f8f8136488  3 AIQKSVDSSSLAEVIDRILDKGVVIDLWARVSLVGIELLTIDARIVIASVDTWLRYAKAVGLLKHDH 69
                              89************************************************************98544 PP

>> nat_e3077655950eb8305d3c  
   #    score  bias  c-Evalue  i-Evalue hmmfrom  hmm to    alifrom  ali to    envfrom  env to     acc
 ---   ------ ----- --------- --------- ------- -------    ------- -------    ------- -------    ----
   1 !  117.8   0.5     1e-35   1.5e-35      10     107 ..      18     127 ..      11     141 .. 0.76

  Alignments for each domain:
  == domain 1  score: 117.8 bits;  conditional E-value: 1e-35
                      gvpa  10 ssLaevldrvLDkGiviDafvRvslvGieiltieaRvvvasvdtyLryaeavgrld............evaesaaaevskgalsg 82 
                                +L++vl+++LD+G+viD fvRvslvGieil+++aR+vvasvdtyLr+aea++rld              + saa+ + k ++  
  nat_e3077655950eb8305d3c  18 GTLYDVLELILDRGMVIDVFVRVSLVGIEILKVDARIVVASVDTYLRFAEACNRLDlerdsgsttvpeLLSGSAAKSIGKRKVRK 102
                               68**************************************************************999855666666666677777 PP

                      gvpa  83 aaeaisdalkealvseesesrkssr 107
                               aae+++d++++a+   + +s++s  
  nat_e3077655950eb8305d3c 103 AAESVGDTVRKAVGGGDDDSDESDE 127
                               7777777777665433333222222 PP

>> nat_49cef355c6ba3187ae5c  
   #    score  bias  c-Evalue  i-Evalue hmmfrom  hmm to    alifrom  ali to    envfrom  env to     acc
 ---   ------ ----- --------- --------- ------- -------    ------- -------    ------- -------    ----
   1 !  118.2   0.9   7.6e-36   1.1e-35       6      76 ..       3      73 ..       1      76 [] 0.95

  Alignments for each domain:
  == domain 1  score: 118.2 bits;  conditional E-value: 7.6e-36
                      gvpa  6 vsdsssLaevldrvLDkGiviDafvRvslvGieiltieaRvvvasvdtyLryaeavgrldevaesaaaevs 76
                              + dss+LaevldrvLDkG+v+D ++RvslvGieilt+eaRvv asvdt+L+yae+++++++++ +a+ae +
  nat_49cef355c6ba3187ae5c  3 QPDSSGLAEVLDRVLDKGVVVDVWARVSLVGIEILTVEARVVAASVDTFLHYAEEIAKIEQAELTAGAEAA 73
                              689*************************************************************9998865 PP

>> nat_1d37cbb7aad699cb8ab2  
   #    score  bias  c-Evalue  i-Evalue hmmfrom  hmm to    alifrom  ali to    envfrom  env to     acc
 ---   ------ ----- --------- --------- ------- -------    ------- -------    ------- -------    ----
   1 !  118.1   3.9   7.9e-36   1.2e-35       1      66 [.       1      66 [.       1      70 [] 0.97

  Alignments for each domain:
  == domain 1  score: 118.1 bits;  conditional E-value: 7.9e-36
                      gvpa  1 mavekvsdsssLaevldrvLDkGiviDafvRvslvGieiltieaRvvvasvdtyLryaeavgrlde 66
                              ma+ek+  sssLaev+dr+LDkG+viDafvRv+lvGie+l+ieaR+v+asv+t+L+yaeavg+++e
  nat_1d37cbb7aad699cb8ab2  1 MAIEKSVASSSLAEVVDRILDKGVVIDAFVRVALVGIELLSIEARIVIASVETWLKYAEAVGLTAE 66
                              9*************************************************************9975 PP

>> nat_945d9af2ef988f085e3c  
   #    score  bias  c-Evalue  i-Evalue hmmfrom  hmm to    alifrom  ali to    envfrom  env to     acc
 ---   ------ ----- --------- --------- ------- -------    ------- -------    ------- -------    ----
   1 !  117.4   0.6   1.4e-35     2e-35      10     113 ..      20     135 ..      16     138 .. 0.89

  Alignments for each domain:
  == domain 1  score: 117.4 bits;  conditional E-value: 1.4e-35
                      gvpa  10 ssLaevldrvLDkGiviDafvRvslvGieiltieaRvvvasvdtyLryaeavgrld............evaesaaaevskgalsg 82 
                                +L++vl+++LD+G+viD fvRvslvGiei++i+aR+vvasvdtyLr+aea++rld              +   a+ v k ++  
  nat_945d9af2ef988f085e3c  20 GTLYDVLELILDRGMVIDVFVRVSLVGIEIIKIDARIVVASVDTYLRFAEACNRLDlerdsgsttvpeLLSGGVAKSVGKRKVRK 104
                               579*****************************************************99999998887544445556667778899 PP

                      gvpa  83 aaeaisdalkealvseesesrkssrassrrk 113
                               aae+++d++++a+  ++ + ++  r ++rr+
  nat_945d9af2ef988f085e3c 105 AAESVGDSVRKAVGYDDEADEEDERPKKRRA 135
                               99********999999999999999988885 PP

>> nat_019e8d05123166c4099d  
   #    score  bias  c-Evalue  i-Evalue hmmfrom  hmm to    alifrom  ali to    envfrom  env to     acc
 ---   ------ ----- --------- --------- ------- -------    ------- -------    ------- -------    ----
   1 !  117.9   1.2   9.2e-36   1.4e-35       5      75 ..       4      74 ..       1      85 [. 0.91

  Alignments for each domain:
  == domain 1  score: 117.9 bits;  conditional E-value: 9.2e-36
                      gvpa  5 kvsdsssLaevldrvLDkGiviDafvRvslvGieiltieaRvvvasvdtyLryaeavgrldevaesaaaev 75
                                 ++ssLaevldr+LDkG+viD +vRvslvGieiltieaRvv+asvdt+L+ya +++++++++es+  e 
  nat_019e8d05123166c4099d  4 ARPSTSSLAEVLDRILDKGVVIDLWVRVSLVGIEILTIEARVVIASVDTFLHYAKEISKIEQAEESGDWEE 74
                              45799************************************************************987665 PP

>> nat_158c0216b95ce3304bfe  
   #    score  bias  c-Evalue  i-Evalue hmmfrom  hmm to    alifrom  ali to    envfrom  env to     acc
 ---   ------ ----- --------- --------- ------- -------    ------- -------    ------- -------    ----
   1 !  117.5   0.3   1.2e-35   1.8e-35      10     112 ..      22     139 ..      15     150 .. 0.81

  Alignments for each domain:
  == domain 1  score: 117.5 bits;  conditional E-value: 1.2e-35
                      gvpa  10 ssLaevldrvLDkGiviDafvRvslvGieiltieaRvvvasvdtyLryaeavgrld................evaesaaaevskg 78 
                                +L++vl+++LD+G+viD f+RvslvGieil+i+aR+vvasvdtyLr+aea++rld                ++a+s ++ ++k 
  nat_158c0216b95ce3304bfe  22 GTLYDVLELILDRGMVIDVFIRVSLVGIEILKIDARIVVASVDTYLRFAEACNRLDlerdsgsvtvpelfsgQAAKSIGKSKVKK 106
                               689****************************************************************977776666666666666 PP

                      gvpa  79 alsgaaeaisdalkealvseesesrkssrassrr 112
                               a  ++ +++  a++   +s+e  s++ s+ ++rr
  nat_158c0216b95ce3304bfe 107 AAKSVGDTVRTAVGAGDDSDED-SEEESQPRRRR 139
                               6666666666666655444443.34444455554 PP

>> nat_1cefe08dae83aa5bd96d  
   #    score  bias  c-Evalue  i-Evalue hmmfrom  hmm to    alifrom  ali to    envfrom  env to     acc
 ---   ------ ----- --------- --------- ------- -------    ------- -------    ------- -------    ----
   1 !  117.4   0.5   1.3e-35     2e-35      10     112 ..      20     137 ..      16     153 .. 0.84

  Alignments for each domain:
  == domain 1  score: 117.4 bits;  conditional E-value: 1.3e-35
                      gvpa  10 ssLaevldrvLDkGiviDafvRvslvGieiltieaRvvvasvdtyLryaeavgrld............evaesaaaevskgalsg 82 
                                +L++vl+++LD+G+viD fvRvslvGiei++i+aR+vvasvdtyLr+aea++rld              +  aa+ v k ++  
  nat_1cefe08dae83aa5bd96d  20 GTLYDVLELILDRGMVIDVFVRVSLVGIEIIKIDARIVVASVDTYLRFAEACNRLDlerdsgsttvpeLLSGGAAKSVGKRKVRK 104
                               579***********************************************************99988656666777788889999 PP

                      gvpa  83 aaeaisdalkealvseese...srkssrassrr 112
                               aae+++d+l++a+ +++ +    ++  r ++rr
  nat_1cefe08dae83aa5bd96d 105 AAESVGDSLRKAVGHDDDSddaDEEDERPKKRR 137
                               999999999998865544300033444555555 PP

>> nat_29fc4eacaf44be490bad  
   #    score  bias  c-Evalue  i-Evalue hmmfrom  hmm to    alifrom  ali to    envfrom  env to     acc
 ---   ------ ----- --------- --------- ------- -------    ------- -------    ------- -------    ----
   1 !  117.4   0.3   1.3e-35   1.9e-35       9     111 ..      17     139 ..      10     144 .. 0.72

  Alignments for each domain:
  == domain 1  score: 117.4 bits;  conditional E-value: 1.3e-35
                      gvpa   9 sssLaevldrvLDkGiviDafvRvslvGieiltieaRvvvasvdtyLryaeavgrld................evaesaaaevsk 77 
                               + +L++vl+++LD+G+viD fvRvslvGieil+++aR+vvasvdtyLr+aea++rld                ++a+s ++ +++
  nat_29fc4eacaf44be490bad  17 AGTLYDVLELILDRGMVIDVFVRVSLVGIEILKVDARIVVASVDTYLRFAEACNRLDlerdsgsttvpelfsgKAAKSMGKRKVR 101
                               568**************************************************************99996666444444444444 PP

                      gvpa  78 galsgaaeaisdalk....ealvseesesrkssrassr 111
                                a  ++ +++ +a++    ++ + +e e+++  r ++r
  nat_29fc4eacaf44be490bad 102 QAAESVGDTVRKAVGgrddDSSEPDEDEEERQERPRKR 139
                               44444444444444310002222333334444444444 PP

>> nat_e3ae3cb5783250fb742f  
   #    score  bias  c-Evalue  i-Evalue hmmfrom  hmm to    alifrom  ali to    envfrom  env to     acc
 ---   ------ ----- --------- --------- ------- -------    ------- -------    ------- -------    ----
   1 !  117.4   0.3   1.3e-35     2e-35      10     112 ..      18     137 ..      11     142 .. 0.80

  Alignments for each domain:
  == domain 1  score: 117.4 bits;  conditional E-value: 1.3e-35
                      gvpa  10 ssLaevldrvLDkGiviDafvRvslvGieiltieaRvvvasvdtyLryaeavgrld................evaesaaaevskg 78 
                                +L++vl+++LD+G+viD fvRvslvGieil+i+aR+vvasvdtyLr+aea++rld                ++a+s ++ +++ 
  nat_e3ae3cb5783250fb742f  18 GTLYDVLELILDRGMVIDVFVRVSLVGIEILKIDARIVVASVDTYLRFAEACNRLDlerdsgsttipellsgSAAKSIGRRKVRK 102
                               68*****************************************************************977766666666666666 PP

                      gvpa  79 alsgaaeaisdalkeal.vseesesrkssrassrr 112
                               a   + +++ +a++    +s+e+++++ +r ++ r
  nat_e3ae3cb5783250fb742f 103 AAENVGDTVRKAVGGRDdDSDEPDEEEEAREERPR 137
                               66666666666665443145667777777754433 PP

>> nat_45b0f1ea69baf732de14  
   #    score  bias  c-Evalue  i-Evalue hmmfrom  hmm to    alifrom  ali to    envfrom  env to     acc
 ---   ------ ----- --------- --------- ------- -------    ------- -------    ------- -------    ----
   1 !  117.2   0.4   1.5e-35   2.2e-35       9     113 ..      17     133 ..      10     143 .. 0.87

  Alignments for each domain:
  == domain 1  score: 117.2 bits;  conditional E-value: 1.5e-35
                      gvpa   9 sssLaevldrvLDkGiviDafvRvslvGieiltieaRvvvasvdtyLryaeavgrld............evaesaaaevskgals 81 
                               + +L++vl+++LD+G+viD f+RvslvGieil+i+aR+vvasvdtyLr+aea++rld             +   a + + k ++ 
  nat_45b0f1ea69baf732de14  17 AGTLYDVLELILDRGMVIDVFIRVSLVGIEILKIDARIVVASVDTYLRFAEACNRLDlerdsgsttvpeLIGGGAVKSIGKRKVR 101
                               568******************************************************99*9998877754444455556677788 PP

                      gvpa  82 gaaeaisdalkealvseesesrkssrassrrk 113
                                aae+++d++++a+  +e+e++   r ++rr+
  nat_45b0f1ea69baf732de14 102 KAAESVGDTVRKAVGGDEAEEEPEERPRKRRA 133
                               89999999999999999999998888888875 PP

>> nat_234ee7db19bcd2cc0f16  
   #    score  bias  c-Evalue  i-Evalue hmmfrom  hmm to    alifrom  ali to    envfrom  env to     acc
 ---   ------ ----- --------- --------- ------- -------    ------- -------    ------- -------    ----
   1 !  117.3   0.7   1.5e-35   2.2e-35      10     113 ..      21     140 ..      16     153 .. 0.91

  Alignments for each domain:
  == domain 1  score: 117.3 bits;  conditional E-value: 1.5e-35
                      gvpa  10 ssLaevldrvLDkGiviDafvRvslvGieiltieaRvvvasvdtyLryaeavgrld................evaesaaaevskg 78 
                                +L++v++++LD+G+viD f+RvslvGieil+i+aR+vvasvdtyLr+aea++rld                ++a+  ++ ++k 
  nat_234ee7db19bcd2cc0f16  21 GTLYDVMELILDRGMVIDVFIRVSLVGIEILKIDARIVVASVDTYLRFAEACNRLDlerdsgsvtvpelfsgQAAKGIGKRKVKD 105
                               579*****************************************************************99988888888889999 PP

                      gvpa  79 alsgaaeaisdalkealvseesesrkssrassrrk 113
                               a  ++ e++  a+++  +s++ + ++ ++ ++rr+
  nat_234ee7db19bcd2cc0f16 106 AAKSVGETVRSAVGKGDDSDDDADEEEAQPQRRRR 140
                               99999999999999888888888888888777765 PP

>> nat_5999831f394b80c75901  
   #    score  bias  c-Evalue  i-Evalue hmmfrom  hmm to    alifrom  ali to    envfrom  env to     acc
 ---   ------ ----- --------- --------- ------- -------    ------- -------    ------- -------    ----
   1 !  117.6   3.2   1.2e-35   1.7e-35       1      65 [.       1      65 [.       1      70 [] 0.96

  Alignments for each domain:
  == domain 1  score: 117.6 bits;  conditional E-value: 1.2e-35
                      gvpa  1 mavekvsdsssLaevldrvLDkGiviDafvRvslvGieiltieaRvvvasvdtyLryaeavgrld 65
                              ma+ek+  sssLaev+dr+LDkG+viDafvR++lvGie+++ieaR+v+asv+t+L+yaeavg++ 
  nat_5999831f394b80c75901  1 MAIEKSVASSSLAEVIDRILDKGVVIDAFVRIALVGIELISIEARIVIASVETWLKYAEAVGLTV 65
                              9*************************************************************986 PP

>> nat_f23561e6e1591a764c15  
   #    score  bias  c-Evalue  i-Evalue hmmfrom  hmm to    alifrom  ali to    envfrom  env to     acc
 ---   ------ ----- --------- --------- ------- -------    ------- -------    ------- -------    ----
   1 !  117.5   2.5   1.2e-35   1.8e-35      10      70 ..       1      61 [.       1      62 [] 0.97

  Alignments for each domain:
  == domain 1  score: 117.5 bits;  conditional E-value: 1.2e-35
                      gvpa 10 ssLaevldrvLDkGiviDafvRvslvGieiltieaRvvvasvdtyLryaeavgrldevaes 70
                              ssLaev+dr+LDkGiviDa++RvslvGie+l+ieaRvv+asv+tyL+yaeavg+++++a++
  nat_f23561e6e1591a764c15  1 SSLAEVIDRILDKGIVIDAWARVSLVGIELLAIEARVVIASVETYLKYAEAVGLTQSAAVP 61
                              89******************************************************99987 PP

>> nat_7a11e816ce4f33f127ab  
   #    score  bias  c-Evalue  i-Evalue hmmfrom  hmm to    alifrom  ali to    envfrom  env to     acc
 ---   ------ ----- --------- --------- ------- -------    ------- -------    ------- -------    ----
   1 !  117.5   0.6   1.2e-35   1.8e-35       3      69 ..       2      68 ..       1      78 [. 0.92

  Alignments for each domain:
  == domain 1  score: 117.5 bits;  conditional E-value: 1.2e-35
                      gvpa  3 vekvsdsssLaevldrvLDkGiviDafvRvslvGieiltieaRvvvasvdtyLryaeavgrldevae 69
                              v+k+ d+ssLa+vldr+LDkG+viD ++RvslvGieiltieaR+v+asvdt+L+yae+++r++++  
  nat_7a11e816ce4f33f127ab  2 VNKSPDGSSLADVLDRILDKGVVIDLWARVSLVGIEILTIEARIVIASVDTFLHYAEEITRIERAVA 68
                              7899**********************************************************97654 PP

>> nat_82d1db25aa951a1ad609  
   #    score  bias  c-Evalue  i-Evalue hmmfrom  hmm to    alifrom  ali to    envfrom  env to     acc
 ---   ------ ----- --------- --------- ------- -------    ------- -------    ------- -------    ----
   1 !  117.1   0.1   1.7e-35   2.5e-35      10     103 ..      18     123 ..      14     143 .. 0.83

  Alignments for each domain:
  == domain 1  score: 117.1 bits;  conditional E-value: 1.7e-35
                      gvpa  10 ssLaevldrvLDkGiviDafvRvslvGieiltieaRvvvasvdtyLryaeavgrld............evaesaaaevskgalsg 82 
                                +L++vl+++LD+G+viD fvRvslvGieil+i+aR+vvasvdtyLr+aea++rld                saa+ + k ++  
  nat_82d1db25aa951a1ad609  18 GTLYDVLELILDRGMVIDVFVRVSLVGIEILKIDARIVVASVDTYLRFAEACNRLDlerdsgsttvpeLLGGSAARSIGKRKVRK 102
                               579***********************************************************99999866677777888888888 PP

                      gvpa  83 aaeaisdalkealvseesesr 103
                               aae+++d++++a+ + +s+ +
  nat_82d1db25aa951a1ad609 103 AAETVGDTVRKAVGAGGSDDE 123
                               999999988888776665544 PP

>> nat_82ecae19af2538b973da  
   #    score  bias  c-Evalue  i-Evalue hmmfrom  hmm to    alifrom  ali to    envfrom  env to     acc
 ---   ------ ----- --------- --------- ------- -------    ------- -------    ------- -------    ----
   1 !  117.1   0.4   1.6e-35   2.4e-35      10     112 ..      21     139 ..      16     155 .. 0.88

  Alignments for each domain:
  == domain 1  score: 117.1 bits;  conditional E-value: 1.6e-35
                      gvpa  10 ssLaevldrvLDkGiviDafvRvslvGieiltieaRvvvasvdtyLryaeavgrld................evaesaaaevskg 78 
                                +L++v++++LD+G+viD f+RvslvGieil+i+aR+vvasvdtyLr+aea++rld                ++a+s ++ ++k 
  nat_82ecae19af2538b973da  21 GTLYDVMELILDRGMVIDVFIRVSLVGIEILKIDARIVVASVDTYLRFAEACNRLDlehdsgsvtvpelfggQAAKSIGKSKAKK 105
                               579*****************************************************************99999999999999999 PP

                      gvpa  79 alsgaaeaisdalkealvseesesrkssrassrr 112
                               a s++ +++   ++   +se+ +++++  +++rr
  nat_82ecae19af2538b973da 106 AASSIGDTVRSVVGGGDDSEDESEEEAQPQRRRR 139
                               9999999999999888666655555554444444 PP

>> nat_7c1ee34913e269628b61  
   #    score  bias  c-Evalue  i-Evalue hmmfrom  hmm to    alifrom  ali to    envfrom  env to     acc
 ---   ------ ----- --------- --------- ------- -------    ------- -------    ------- -------    ----
   1 !  117.3   0.6   1.4e-35   2.1e-35       1      75 [.       1      75 [.       1      89 [. 0.90

  Alignments for each domain:
  == domain 1  score: 117.3 bits;  conditional E-value: 1.4e-35
                      gvpa  1 mavekvsdsssLaevldrvLDkGiviDafvRvslvGieiltieaRvvvasvdtyLryaeavgrldevaesaaaev 75
                              m+++k++d ssLaev+dr+LDkG+viD f+R+s++Gie++tieaR+v+asvdt+Lryaeav +l++  e   +  
  nat_7c1ee34913e269628b61  1 MTINKSNDCSSLAEVVDRILDKGVVIDVFARISVIGIELITIEARIVIASVDTWLRYAEAVRLLHNEREDFLSSN 75
                              9**************************************************************997766655544 PP

>> nat_e62ac75b3affa97a2f5a  
   #    score  bias  c-Evalue  i-Evalue hmmfrom  hmm to    alifrom  ali to    envfrom  env to     acc
 ---   ------ ----- --------- --------- ------- -------    ------- -------    ------- -------    ----
   1 !  116.9   0.2   1.9e-35   2.8e-35      10     111 ..      17     136 ..      13     141 .. 0.76

  Alignments for each domain:
  == domain 1  score: 116.9 bits;  conditional E-value: 1.9e-35
                      gvpa  10 ssLaevldrvLDkGiviDafvRvslvGieiltieaRvvvasvdtyLryaeavgrld............evaesaaaevskgalsg 82 
                                +L++vl+++LD+G+viD fvRvslvGieil+i+aR+v+asvdtyLr+aea++rld               + aa+ v k ++  
  nat_e62ac75b3affa97a2f5a  17 GTLYDVLELILDRGMVIDVFVRVSLVGIEILKIDARIVIASVDTYLRFAEACNRLDlerdsgsrtvpeLFGMGAAKSVGKRKVRK 101
                               579*****************************************************99****99999845555566666666667 PP

                      gvpa  83 aaeaisdalkeal....vseesesr..kssrassr 111
                               aae+++d++++a+    ++++se +  +  r ++r
  nat_e62ac75b3affa97a2f5a 102 AAESVGDSVRKAVgggdDDDDSEDEeeQHERPRKR 136
                               77777776666542221344444330033444444 PP

>> nat_48a350d902c4c631f095  
   #    score  bias  c-Evalue  i-Evalue hmmfrom  hmm to    alifrom  ali to    envfrom  env to     acc
 ---   ------ ----- --------- --------- ------- -------    ------- -------    ------- -------    ----
   1 !  116.9   0.5   1.9e-35   2.8e-35      10     110 ..      18     138 ..      11     147 .. 0.72

  Alignments for each domain:
  == domain 1  score: 116.9 bits;  conditional E-value: 1.9e-35
                      gvpa  10 ssLaevldrvLDkGiviDafvRvslvGieiltieaRvvvasvdtyLryaeavgrld................evaesaaaevskg 78 
                                +L++vl+++LD+G+viD fvRvslvGieil+i+aR+v+asvdtyLr+aea++rld                +    aa+ + k 
  nat_48a350d902c4c631f095  18 GTLYDVLELILDRGMVIDVFVRVSLVGIEILKIDARIVIASVDTYLRFAEACNRLDlerdsgsttvpellsgS----AAKSIGKR 98 
                               68******************************************************99****99999855553....44444455 PP

                      gvpa  79 alsgaaeaisdalkeal........vseesesrkssrass 110
                               ++  aae+++d++++a+        + +e e ++  r ++
  nat_48a350d902c4c631f095  99 KVRKAAESVGDTVRKAVggrsddsdDRDEDEDEQQERPRK 138
                               5555555555555444311000000333344444444444 PP

>> nat_d53262c07427087628bb  
   #    score  bias  c-Evalue  i-Evalue hmmfrom  hmm to    alifrom  ali to    envfrom  env to     acc
 ---   ------ ----- --------- --------- ------- -------    ------- -------    ------- -------    ----
   1 !  116.9   0.3   1.9e-35   2.8e-35      10     107 ..      18     127 ..      11     143 .. 0.78

  Alignments for each domain:
  == domain 1  score: 116.9 bits;  conditional E-value: 1.9e-35
                      gvpa  10 ssLaevldrvLDkGiviDafvRvslvGieiltieaRvvvasvdtyLryaeavgrld............evaesaaaevskgalsg 82 
                                +L++vl+++LD+G+viD fvRvslvGieil+i+aR+vvasvdtyLr+aea++rld              +  aa+ + k ++  
  nat_d53262c07427087628bb  18 GTLYDVLELILDRGMVIDVFVRVSLVGIEILKIDARIVVASVDTYLRFAEACNRLDlerdsgsttipeLLSGGAAKSIGKRKVRK 102
                               68******************************************************99***999998744555555666667777 PP

                      gvpa  83 aaeaisdalkealvseesesrkssr 107
                               aae+++d++++ + s + +s++   
  nat_d53262c07427087628bb 103 AAETVGDTVRKVIGSGDDDSDEHDE 127
                               8888888877766555444433333 PP

>> nat_728d4a20bb169ff7ae28  
   #    score  bias  c-Evalue  i-Evalue hmmfrom  hmm to    alifrom  ali to    envfrom  env to     acc
 ---   ------ ----- --------- --------- ------- -------    ------- -------    ------- -------    ----
   1 !  117.3   0.5   1.4e-35   2.1e-35       1      75 [.       1      75 [.       1      89 [. 0.90

  Alignments for each domain:
  == domain 1  score: 117.3 bits;  conditional E-value: 1.4e-35
                      gvpa  1 mavekvsdsssLaevldrvLDkGiviDafvRvslvGieiltieaRvvvasvdtyLryaeavgrldevaesaaaev 75
                              m+++k++d ssLaev+dr+LDkG+viD f+R+s++Gie++tieaR+v+asvdt+Lryaeav +l++  e   +  
  nat_728d4a20bb169ff7ae28  1 MTINKSNDCSSLAEVVDRILDKGVVIDVFARISVIGIELITIEARIVIASVDTWLRYAEAVRLLHNEREDFLSSN 75
                              9**************************************************************997766555544 PP

>> nat_68d62db14d5f1911f6ac  
   #    score  bias  c-Evalue  i-Evalue hmmfrom  hmm to    alifrom  ali to    envfrom  env to     acc
 ---   ------ ----- --------- --------- ------- -------    ------- -------    ------- -------    ----
   1 !  117.2   0.6   1.6e-35   2.3e-35       1      79 [.       1      79 [.       1      89 [. 0.90

  Alignments for each domain:
  == domain 1  score: 117.2 bits;  conditional E-value: 1.6e-35
                      gvpa  1 mavekvsdsssLaevldrvLDkGiviDafvRvslvGieiltieaRvvvasvdtyLryaeavgrldevaesaaaevskga 79
                              m+++k++d ssLaev+dr+LDkG+viD f+R+s++Gie++tieaR+v+asvdt+Lryaea+ +l++  e   +    g+
  nat_68d62db14d5f1911f6ac  1 MTINKSNDCSSLAEVVDRILDKGVVIDVFARISVIGIELITIEARIVIASVDTWLRYAEAIRLLHNEREDFLSSNNSGK 79
                              9***************************************************************987776666555554 PP

>> nat_a30535db979f7cb9b9d1  
   #    score  bias  c-Evalue  i-Evalue hmmfrom  hmm to    alifrom  ali to    envfrom  env to     acc
 ---   ------ ----- --------- --------- ------- -------    ------- -------    ------- -------    ----
   1 !  117.1   0.8   1.6e-35   2.4e-35       1      71 [.       1      71 [.       1      82 [. 0.91

  Alignments for each domain:
  == domain 1  score: 117.1 bits;  conditional E-value: 1.6e-35
                      gvpa  1 mavekvsdsssLaevldrvLDkGiviDafvRvslvGieiltieaRvvvasvdtyLryaeavgrldevaesa 71
                              m+++k++d ssLaev+dr+LDkG+viD f+R+s++Gie++tieaR+v+asvdt+Lryaeav +l++  e  
  nat_a30535db979f7cb9b9d1  1 MTINKSNDCSSLAEVVDRILDKGVVIDVFARISVIGIELITIEARIVIASVDTWLRYAEAVRLLHNEREDF 71
                              9*************************************************************999766654 PP

>> nat_c7e8400b87d18c0ef7e0  
   #    score  bias  c-Evalue  i-Evalue hmmfrom  hmm to    alifrom  ali to    envfrom  env to     acc
 ---   ------ ----- --------- --------- ------- -------    ------- -------    ------- -------    ----
   1 !  116.7   0.2   2.2e-35   3.2e-35      10     104 ..      17     127 ..      13     148 .. 0.77

  Alignments for each domain:
  == domain 1  score: 116.7 bits;  conditional E-value: 2.2e-35
                      gvpa  10 ssLaevldrvLDkGiviDafvRvslvGieiltieaRvvvasvdtyLryaeavgrld............evaesaaaevskgalsg 82 
                                +L++vl+++LD+G+viD fvRvslvGieil+i+aR+v+asvdtyLr+aea++rld               + aa+ v k ++  
  nat_c7e8400b87d18c0ef7e0  17 GTLYDVLELILDRGMVIDVFVRVSLVGIEILKIDARIVIASVDTYLRFAEACNRLDlerdsgsrtvpeLFGMGAAKSVGKHKVRK 101
                               579*****************************************************99999999999855556666666777777 PP

                      gvpa  83 aaeaisdalkeal....vseesesrk 104
                               aae+++d++++a+    ++++s+ ++
  nat_c7e8400b87d18c0ef7e0 102 AAESVGDSVRKAVgggdDDDDSDDQE 127
                               77777777766652211333333322 PP

>> nat_ebb0222a6974a49233c4  
   #    score  bias  c-Evalue  i-Evalue hmmfrom  hmm to    alifrom  ali to    envfrom  env to     acc
 ---   ------ ----- --------- --------- ------- -------    ------- -------    ------- -------    ----
   1 !  117.0   0.7   1.7e-35   2.6e-35       1      78 [.       1      78 [.       1      89 [. 0.90

  Alignments for each domain:
  == domain 1  score: 117.0 bits;  conditional E-value: 1.7e-35
                      gvpa  1 mavekvsdsssLaevldrvLDkGiviDafvRvslvGieiltieaRvvvasvdtyLryaeavgrldevaesaaaevskg 78
                              m+++k++d ssLaev+dr+LDkG+viD f+R+s++Gie++tieaR+v+asvdt+Lryaea+ +l++  e   +  + g
  nat_ebb0222a6974a49233c4  1 MTINKSNDCSSLAEVVDRILDKGVVIDVFARISVIGIELITIEARIVIASVDTWLRYAEAIRLLHNEREDFLSSNTSG 78
                              9**************************************************************997776666555554 PP

>> nat_ab559af1ffee249b9549  
   #    score  bias  c-Evalue  i-Evalue hmmfrom  hmm to    alifrom  ali to    envfrom  env to     acc
 ---   ------ ----- --------- --------- ------- -------    ------- -------    ------- -------    ----
   1 !  116.8   0.3   2.1e-35   3.1e-35      10     110 ..      18     135 ..      11     142 .. 0.78

  Alignments for each domain:
  == domain 1  score: 116.8 bits;  conditional E-value: 2.1e-35
                      gvpa  10 ssLaevldrvLDkGiviDafvRvslvGieiltieaRvvvasvdtyLryaeavgrld................evaesaaaevskg 78 
                                +L++vl+++LD+G+viD fvRvslvGieil+i+aR+vvasvdtyLr+aea++rld                ++a+s ++ +++ 
  nat_ab559af1ffee249b9549  18 GTLYDVLELILDRGMVIDVFVRVSLVGIEILKIDARIVVASVDTYLRFAEACNRLDlerdsgsttipellsgSAAKSIGRRKVRK 102
                               68****************************************************************9976666666666666665 PP

                      gvpa  79 alsgaaeaisdalkeal.vseesesrkssrass 110
                               a   + +++ +a++    +s+e+++++ +r  +
  nat_ab559af1ffee249b9549 103 AAENVGDTVRKAVGGRDdDSDEPDEDEEAREDR 135
                               666666666666654431455666666666433 PP

>> nat_d69494036b1115ae54ae  
   #    score  bias  c-Evalue  i-Evalue hmmfrom  hmm to    alifrom  ali to    envfrom  env to     acc
 ---   ------ ----- --------- --------- ------- -------    ------- -------    ------- -------    ----
   1 !  116.5   0.3   2.6e-35   3.8e-35      10      98 ..      18     118 ..      11     146 .. 0.73

  Alignments for each domain:
  == domain 1  score: 116.5 bits;  conditional E-value: 2.6e-35
                      gvpa  10 ssLaevldrvLDkGiviDafvRvslvGieiltieaRvvvasvdtyLryaeavgrld............evaesaaaevskgalsg 82 
                                +L++vl+++LD+G+viD fvRvslvGieil+i+aR+v+asvdtyLr+aea++rld              + saa+ + k ++  
  nat_d69494036b1115ae54ae  18 GTLYDVLELILDRGMVIDVFVRVSLVGIEILKIDARIVIASVDTYLRFAEACNRLDlerdsgsttvpeLLSGSAAKSIGKRKVRK 102
                               68******************************************************99999999999844444555555555555 PP

                      gvpa  83 aaeaisdalkealvse 98 
                               aae+++d++++a+   
  nat_d69494036b1115ae54ae 103 AAESVGDTVRKAVGGR 118
                               5555555555443221 PP

>> nat_cbdc755c61207d00c902  
   #    score  bias  c-Evalue  i-Evalue hmmfrom  hmm to    alifrom  ali to    envfrom  env to     acc
 ---   ------ ----- --------- --------- ------- -------    ------- -------    ------- -------    ----
   1 !  116.5   0.3   2.5e-35   3.7e-35      10     111 ..      17     135 ..      13     149 .. 0.76

  Alignments for each domain:
  == domain 1  score: 116.5 bits;  conditional E-value: 2.5e-35
                      gvpa  10 ssLaevldrvLDkGiviDafvRvslvGieiltieaRvvvasvdtyLryaeavgrld............evaesaaaevskgalsg 82 
                                +L++vl+++LD+G+viD fvRvslvGieil+i+aR+v+asvdtyLr+aea++rld                 aa+ v k ++  
  nat_cbdc755c61207d00c902  17 GTLYDVLELILDRGMVIDVFVRVSLVGIEILKIDARIVIASVDTYLRFAEACNRLDlerdsgsrtipeLFGAGAAKSVGKRKVRK 101
                               579*****************************************************99999999999744455555566666777 PP

                      gvpa  83 aaeaisdalkeal...vseeses..rkssrassr 111
                               aae+++d++++a+   +++es+   ++  r ++r
  nat_cbdc755c61207d00c902 102 AAESVGDSVRKAVgggDDDESDDqeEQHERPRKR 135
                               7777777777665222223332200233334444 PP

>> nat_81c712b2f98895c40a2d  
   #    score  bias  c-Evalue  i-Evalue hmmfrom  hmm to    alifrom  ali to    envfrom  env to     acc
 ---   ------ ----- --------- --------- ------- -------    ------- -------    ------- -------    ----
   1 !  116.5   0.4   2.5e-35   3.7e-35      10     111 ..      18     133 ..      14     140 .. 0.84

  Alignments for each domain:
  == domain 1  score: 116.5 bits;  conditional E-value: 2.5e-35
                      gvpa  10 ssLaevldrvLDkGiviDafvRvslvGieiltieaRvvvasvdtyLryaeavgrld............evaesaaaevskgalsg 82 
                                +L++vl+++LD+G+viD fvRvslvGiei++i+aR+vvasvdtyLr+aea++rld                saa+ + k ++  
  nat_81c712b2f98895c40a2d  18 GTLYDVLELILDRGMVIDVFVRVSLVGIEIIKIDARIVVASVDTYLRFAEACNRLDlerdsgsttvpeLLGGSAAKSIGKRKVRE 102
                               579***********************************************************99988766667777788888899 PP

                      gvpa  83 aaeaisdalkealvseesesrkssr..assr 111
                               aae+++d++++a+  ++ + + +      +r
  nat_81c712b2f98895c40a2d 103 AAESVGDSVRKAVGRDDDADEAAEEeePPRR 133
                               9999999999988766665555443323333 PP

>> nat_93fc211ea4b34cbb8750  
   #    score  bias  c-Evalue  i-Evalue hmmfrom  hmm to    alifrom  ali to    envfrom  env to     acc
 ---   ------ ----- --------- --------- ------- -------    ------- -------    ------- -------    ----
   1 !  116.6   0.2   2.3e-35   3.5e-35      10     101 ..      18     121 ..      11     148 .. 0.73

  Alignments for each domain:
  == domain 1  score: 116.6 bits;  conditional E-value: 2.3e-35
                      gvpa  10 ssLaevldrvLDkGiviDafvRvslvGieiltieaRvvvasvdtyLryaeavgrld................evaesaaaevskg 78 
                                +L++vl+++LD+G+viD fvRvslvGieil+i+aR+vvasvdtyLr+aea++rld                +    aa+ + k 
  nat_93fc211ea4b34cbb8750  18 GTLYDVLELILDRGMVIDVFVRVSLVGIEILKIDARIVVASVDTYLRFAEACNRLDlerdsgsttvpellsgS----AAKSIGKR 98 
                               68******************************************************99999999999854444....44445555 PP

                      gvpa  79 alsgaaeaisdalkealvseese 101
                               ++  aae++++++++ +  ++ +
  nat_93fc211ea4b34cbb8750  99 KVRKAAESVGETVRKVVGGHDDD 121
                               55555555555555443222211 PP

>> nat_cee0ef3ec2a72c042398  
   #    score  bias  c-Evalue  i-Evalue hmmfrom  hmm to    alifrom  ali to    envfrom  env to     acc
 ---   ------ ----- --------- --------- ------- -------    ------- -------    ------- -------    ----
   1 !  116.8   0.5     2e-35     3e-35       1      79 [.       1      79 [.       1      89 [. 0.90

  Alignments for each domain:
  == domain 1  score: 116.8 bits;  conditional E-value: 2e-35
                      gvpa  1 mavekvsdsssLaevldrvLDkGiviDafvRvslvGieiltieaRvvvasvdtyLryaeavgrldevaesaaaevskga 79
                              m+++k++d ssLaev+dr+LDkG+viD f+R+s++Gie++tieaR+v+asvdt+Lryaea+ +l++  e   +    g+
  nat_cee0ef3ec2a72c042398  1 MTINKSNDCSSLAEVVDRILDKGVVIDIFARISVIGIELITIEARIVIASVDTWLRYAEAIRLLHNEREDFLSSNNSGK 79
                              9***************************************************************987776666555554 PP

>> nat_bc61cfaf37743c96bcc0  
   #    score  bias  c-Evalue  i-Evalue hmmfrom  hmm to    alifrom  ali to    envfrom  env to     acc
 ---   ------ ----- --------- --------- ------- -------    ------- -------    ------- -------    ----
   1 !  116.9   0.3   1.9e-35   2.7e-35       3      73 ..       2      72 ..       1      91 [. 0.91

  Alignments for each domain:
  == domain 1  score: 116.9 bits;  conditional E-value: 1.9e-35
                      gvpa  3 vekvsdsssLaevldrvLDkGiviDafvRvslvGieiltieaRvvvasvdtyLryaeavgrldevaesaaa 73
                              v+k+ ++ssLaevldr+LDkG+viD ++R+s+vGie+lt+eaRvvvasvdt+L+yae++++++e++ ++  
  nat_bc61cfaf37743c96bcc0  2 VRKEPQGSSLAEVLDRILDKGVVIDVWARISVVGIELLTVEARVVVASVDTFLHYAEEIAKIEEASAEGEM 72
                              678999*********************************************************98876654 PP

>> nat_21fd512873a52dc47991  
   #    score  bias  c-Evalue  i-Evalue hmmfrom  hmm to    alifrom  ali to    envfrom  env to     acc
 ---   ------ ----- --------- --------- ------- -------    ------- -------    ------- -------    ----
   1 !  116.9   0.6     2e-35   2.9e-35       1      76 [.       1      76 [.       1      89 [. 0.90

  Alignments for each domain:
  == domain 1  score: 116.9 bits;  conditional E-value: 2e-35
                      gvpa  1 mavekvsdsssLaevldrvLDkGiviDafvRvslvGieiltieaRvvvasvdtyLryaeavgrldevaesaaaevs 76
                              m+++k++d ssLaev+dr+LDkG+viD f+R+s++Gie++tieaR+v+asvdt+Lryaea+ +l++  e   +   
  nat_21fd512873a52dc47991  1 MTINKSNDCSSLAEVVDRILDKGVVIDVFARISVIGIELITIEARIVIASVDTWLRYAEAIRLLHNEREDFLSSNN 76
                              9**************************************************************9977666555444 PP

>> nat_7b9e043074608d733fa7  
   #    score  bias  c-Evalue  i-Evalue hmmfrom  hmm to    alifrom  ali to    envfrom  env to     acc
 ---   ------ ----- --------- --------- ------- -------    ------- -------    ------- -------    ----
   1 !  116.5   0.4   2.6e-35   3.8e-35      10     104 ..      18     124 ..      14     140 .. 0.78

  Alignments for each domain:
  == domain 1  score: 116.5 bits;  conditional E-value: 2.6e-35
                      gvpa  10 ssLaevldrvLDkGiviDafvRvslvGieiltieaRvvvasvdtyLryaeavgrld............evaesaaaevskgalsg 82 
                                +L++vl+++LD+G+viD fvR+slvGiei++i+aR+vvasvdtyLr+aea++rld              + saa+ + k ++  
  nat_7b9e043074608d733fa7  18 GTLYDVLELILDRGMVIDVFVRISLVGIEIIKIDARIVVASVDTYLRFAEACNRLDlerdsgsttvpeLLSGSAAKSIGKRKVRK 102
                               579************************************************************9999855566666666667777 PP

                      gvpa  83 aaeaisdalkealvseesesrk 104
                               aae+++d+++ a+ +++++ + 
  nat_7b9e043074608d733fa7 103 AAESVGDTVRRAVGQDDASDEV 124
                               7777777776666554443322 PP

>> nat_47c6d3995b8146f9e99e  
   #    score  bias  c-Evalue  i-Evalue hmmfrom  hmm to    alifrom  ali to    envfrom  env to     acc
 ---   ------ ----- --------- --------- ------- -------    ------- -------    ------- -------    ----
   1 !  116.5   0.2   2.5e-35   3.7e-35      10     108 ..      18     133 ..      11     142 .. 0.75

  Alignments for each domain:
  == domain 1  score: 116.5 bits;  conditional E-value: 2.5e-35
                      gvpa  10 ssLaevldrvLDkGiviDafvRvslvGieiltieaRvvvasvdtyLryaeavgrld................evaesaaaevskg 78 
                                +L++vl+++LD+G+viD fvRvslvGieil+i+aR+vvasvdtyLr+aea++rld                ++a+s ++ +++ 
  nat_47c6d3995b8146f9e99e  18 GTLYDVLELILDRGMVIDVFVRVSLVGIEILKIDARIVVASVDTYLRFAEACNRLDlerdsgsttipellsgSAAKSIGRRKVRK 102
                               68****************************************************************9966665555555555555 PP

                      gvpa  79 alsgaaeaisdalkeal.vseesesrkssra 108
                               a   + +++ +a++    +s+e+++++ ++ 
  nat_47c6d3995b8146f9e99e 103 AAENVGDTVRKAVGGRDdDSDEPDEDEEAQK 133
                               5555555555555543313344444443332 PP

>> nat_d9e7adf0f15523b79bb7  
   #    score  bias  c-Evalue  i-Evalue hmmfrom  hmm to    alifrom  ali to    envfrom  env to     acc
 ---   ------ ----- --------- --------- ------- -------    ------- -------    ------- -------    ----
   1 !  116.9   1.9     2e-35   2.9e-35       1      66 [.       1      66 [.       1      73 [] 0.95

  Alignments for each domain:
  == domain 1  score: 116.9 bits;  conditional E-value: 2e-35
                      gvpa  1 mavekvsdsssLaevldrvLDkGiviDafvRvslvGieiltieaRvvvasvdtyLryaeavgrlde 66
                              m+++k+  sssLaev+dr+LDkGiv+Daf Rv+lvGie+l++e+R+vvasv+tyLryaeavg++++
  nat_d9e7adf0f15523b79bb7  1 MTINKSLASSSLAEVIDRILDKGIVVDAFLRVALVGIELLAVEIRIVVASVETYLRYAEAVGLTTD 66
                              99************************************************************9975 PP

>> nat_33d8dbb5443a9dadf56d  
   #    score  bias  c-Evalue  i-Evalue hmmfrom  hmm to    alifrom  ali to    envfrom  env to     acc
 ---   ------ ----- --------- --------- ------- -------    ------- -------    ------- -------    ----
   1 !  116.4   0.3   2.7e-35     4e-35      10     112 ..      21     139 ..      16     155 .. 0.88

  Alignments for each domain:
  == domain 1  score: 116.4 bits;  conditional E-value: 2.7e-35
                      gvpa  10 ssLaevldrvLDkGiviDafvRvslvGieiltieaRvvvasvdtyLryaeavgrld................evaesaaaevskg 78 
                                +L++v++++LD+G+viD f+RvslvGieil+i+aR+vvasvdtyLr+aea++rld                ++a+s ++ ++k 
  nat_33d8dbb5443a9dadf56d  21 GTLYDVMELILDRGMVIDVFIRVSLVGIEILKIDARIVVASVDTYLRFAEACNRLDlehdsgsvtvpelfggQAAKSIGKSKAKK 105
                               579********************************************************************99999999999999 PP

                      gvpa  79 alsgaaeaisdalkealvseesesrkssrassrr 112
                               a s+  +++   ++   +se+ +++++  +++rr
  nat_33d8dbb5443a9dadf56d 106 AASSLGDTVRSVVGGGDDSEDESEEEAQPQRRRR 139
                               9999999999999888666655555554444444 PP

>> nat_2f6261679e76a403b7de  
   #    score  bias  c-Evalue  i-Evalue hmmfrom  hmm to    alifrom  ali to    envfrom  env to     acc
 ---   ------ ----- --------- --------- ------- -------    ------- -------    ------- -------    ----
   1 !  116.2   0.2   3.1e-35   4.5e-35      10      97 ..      18     117 ..      11     144 .. 0.72

  Alignments for each domain:
  == domain 1  score: 116.2 bits;  conditional E-value: 3.1e-35
                      gvpa  10 ssLaevldrvLDkGiviDafvRvslvGieiltieaRvvvasvdtyLryaeavgrld............evaesaaaevskgalsg 82 
                                +L++vl+++LD+G+viD fvRvslvGieil+i+aR+vvasvdtyLr+aea++rld              +  aa+ + k ++  
  nat_2f6261679e76a403b7de  18 GTLYDVLELILDRGMVIDVFVRVSLVGIEILKIDARIVVASVDTYLRFAEACNRLDlerdsgsttipeLLSGGAAKSIGKRKVRK 102
                               68******************************************************99999999998733334444444555556 PP

                      gvpa  83 aaeaisdalkealvs 97 
                               aae+++d++++a+  
  nat_2f6261679e76a403b7de 103 AAETVGDTVRKAVGG 117
                               666666655554321 PP

>> nat_210e9a5f9b72676b9ce0  
   #    score  bias  c-Evalue  i-Evalue hmmfrom  hmm to    alifrom  ali to    envfrom  env to     acc
 ---   ------ ----- --------- --------- ------- -------    ------- -------    ------- -------    ----
   1 !  116.4   0.4   2.8e-35   4.1e-35      10     112 ..      21     139 ..      16     155 .. 0.87

  Alignments for each domain:
  == domain 1  score: 116.4 bits;  conditional E-value: 2.8e-35
                      gvpa  10 ssLaevldrvLDkGiviDafvRvslvGieiltieaRvvvasvdtyLryaeavgrld................evaesaaaevskg 78 
                                +L++v++++LD+G+viD f+RvslvGieil+i+aR+vvasvdtyLr+aea++rld                ++a+s ++ ++k 
  nat_210e9a5f9b72676b9ce0  21 GTLYDVMELILDRGMVIDVFIRVSLVGIEILKIDARIVVASVDTYLRFAEACNRLDlehdsgsvtvpelfggQAAKSVGKHKAKK 105
                               579*****************************************************************99998999999999998 PP

                      gvpa  79 alsgaaeaisdalkealvseesesrkssrassrr 112
                               a  ++ +++   ++   +s++ +++++  +++rr
  nat_210e9a5f9b72676b9ce0 106 AAKSIGNTVRSVVGGDDDSDDESEEEAQPQRRRR 139
                               8888888888888877666555555554444444 PP

>> nat_7d1d4ec0845163a487d6  
   #    score  bias  c-Evalue  i-Evalue hmmfrom  hmm to    alifrom  ali to    envfrom  env to     acc
 ---   ------ ----- --------- --------- ------- -------    ------- -------    ------- -------    ----
   1 !  116.7   1.5   2.2e-35   3.3e-35       2      73 ..       2      72 ..       1      86 [. 0.92

  Alignments for each domain:
  == domain 1  score: 116.7 bits;  conditional E-value: 2.2e-35
                      gvpa  2 avekvsdsssLaevldrvLDkGiviDafvRvslvGieiltieaRvvvasvdtyLryaeavgrldevaesaaa 73
                              a +++ ++ssLaevldrvLDkG+viD ++R+s+vGie+lt+eaRvvvasvdt+L+yae+++++++++ s+  
  nat_7d1d4ec0845163a487d6  2 A-QRTPNASSLAEVLDRVLDKGVVIDVWARISVVGIELLTVEARVVVASVDTFLHYAEEIAKIEQASASGDI 72
                              5.78999*********************************************************99988765 PP

>> nat_ee49db0244212648bdd1  
   #    score  bias  c-Evalue  i-Evalue hmmfrom  hmm to    alifrom  ali to    envfrom  env to     acc
 ---   ------ ----- --------- --------- ------- -------    ------- -------    ------- -------    ----
   1 !  116.6   4.4   2.3e-35   3.4e-35       3      64 ..       3      64 ..       1      65 [. 0.96

  Alignments for each domain:
  == domain 1  score: 116.6 bits;  conditional E-value: 2.3e-35
                      gvpa  3 vekvsdsssLaevldrvLDkGiviDafvRvslvGieiltieaRvvvasvdtyLryaeavgrl 64
                              v +++dsssLaev+dr+LDkGiviDa+v+vslvGie+l+ieaRvvvasv+tyL+yaea+g++
  nat_ee49db0244212648bdd1  3 VANSTDSSSLAEVIDRILDKGIVIDAWVKVSLVGIELLAIEARVVVASVETYLKYAEAIGLT 64
                              67889******************************************************986 PP

>> nat_25e53f7654eeb15d035e  
   #    score  bias  c-Evalue  i-Evalue hmmfrom  hmm to    alifrom  ali to    envfrom  env to     acc
 ---   ------ ----- --------- --------- ------- -------    ------- -------    ------- -------    ----
   1 !  116.2   0.2   3.1e-35   4.6e-35      10      97 ..      18     117 ..      11     149 .. 0.77

  Alignments for each domain:
  == domain 1  score: 116.2 bits;  conditional E-value: 3.1e-35
                      gvpa  10 ssLaevldrvLDkGiviDafvRvslvGieiltieaRvvvasvdtyLryaeavgrld............evaesaaaevskgalsg 82 
                                +L++vl+++LD+G+viD fvRvslvGieil+i+aR+v+asvdtyLr+aea++rld              + saa+ + k ++  
  nat_25e53f7654eeb15d035e  18 GTLYDVLELILDRGMVIDVFVRVSLVGIEILKIDARIVIASVDTYLRFAEACNRLDlerdsgsttvpeLLSGSAAKSIGKRKVRK 102
                               68******************************************************99999999999845555555555666666 PP

                      gvpa  83 aaeaisdalkealvs 97 
                               aae+++d++++a+  
  nat_25e53f7654eeb15d035e 103 AAESVGDTVRKAVGG 117
                               666666666655432 PP

>> nat_b06d07bf5a6f8cc59b30  
   #    score  bias  c-Evalue  i-Evalue hmmfrom  hmm to    alifrom  ali to    envfrom  env to     acc
 ---   ------ ----- --------- --------- ------- -------    ------- -------    ------- -------    ----
   1 !  116.6   0.3   2.3e-35   3.4e-35       1      76 [.       1      76 [.       1      89 [. 0.89

  Alignments for each domain:
  == domain 1  score: 116.6 bits;  conditional E-value: 2.3e-35
                      gvpa  1 mavekvsdsssLaevldrvLDkGiviDafvRvslvGieiltieaRvvvasvdtyLryaeavgrldevaesaaaevs 76
                              m+++k++d ssLaev+dr+LDkG+viD f+R+s++Gie++tieaR+v+asvdt+Lryaea+ +l++  e   +   
  nat_b06d07bf5a6f8cc59b30  1 MTINKSNDCSSLAEVVDRILDKGVVIDVFARISVIGIELITIEARIVIASVDTWLRYAEAIPLLHNEREDFLSSNN 76
                              9**************************************************************9977666555444 PP

>> nat_da651a0a7b69341f23f4  
   #    score  bias  c-Evalue  i-Evalue hmmfrom  hmm to    alifrom  ali to    envfrom  env to     acc
 ---   ------ ----- --------- --------- ------- -------    ------- -------    ------- -------    ----
   1 !  116.6   1.9   2.3e-35   3.4e-35       2      70 ..       3      71 ..       1      79 [. 0.92

  Alignments for each domain:
  == domain 1  score: 116.6 bits;  conditional E-value: 2.3e-35
                      gvpa  2 avekvsdsssLaevldrvLDkGiviDafvRvslvGieiltieaRvvvasvdtyLryaeavgrldevaes 70
                              a++k+ dsssLaev+dr+LDkG+viD ++R+slvGie+l+ieaRvv+asv+t+L+ya avg+l+e + +
  nat_da651a0a7b69341f23f4  3 AIQKSVDSSSLAEVIDRILDKGVVIDVYARISLVGIELLAIEARVVIASVETWLKYARAVGLLNEDEDE 71
                              89*************************************************************976654 PP

>> nat_bbaedab282a048e849b5  
   #    score  bias  c-Evalue  i-Evalue hmmfrom  hmm to    alifrom  ali to    envfrom  env to     acc
 ---   ------ ----- --------- --------- ------- -------    ------- -------    ------- -------    ----
   1 !  116.6   0.5   2.4e-35   3.5e-35       1      73 [.       1      73 [.       1      89 [. 0.90

  Alignments for each domain:
  == domain 1  score: 116.6 bits;  conditional E-value: 2.4e-35
                      gvpa  1 mavekvsdsssLaevldrvLDkGiviDafvRvslvGieiltieaRvvvasvdtyLryaeavgrldevaesaaa 73
                              m+++k++d ssLaev+dr+LDkG+viD f+R+s++Gie++tieaR+v+asvdt+Lryaea+ +l++  e   +
  nat_bbaedab282a048e849b5  1 MTINKSNDCSSLAEVVDRILDKGVVIDVFARISVIGIELITIEARIVIASVDTWLRYAEAIRLLHNEREDFLS 73
                              9*************************************************************99976655444 PP

>> nat_3997c1e8cae542beb07c  
   #    score  bias  c-Evalue  i-Evalue hmmfrom  hmm to    alifrom  ali to    envfrom  env to     acc
 ---   ------ ----- --------- --------- ------- -------    ------- -------    ------- -------    ----
   1 !  116.0   0.4   3.7e-35   5.4e-35      10      96 ..      18     116 ..      11     146 .. 0.70

  Alignments for each domain:
  == domain 1  score: 116.0 bits;  conditional E-value: 3.7e-35
                      gvpa  10 ssLaevldrvLDkGiviDafvRvslvGieiltieaRvvvasvdtyLryaeavgrld................evaesaaaevskg 78 
                                +L++vl+++LD+G+viD fvRvslvGieil+i+aR+vvasvdtyLr+aea++rld                     aa+ + k 
  nat_3997c1e8cae542beb07c  18 GTLYDVLELILDRGMVIDVFVRVSLVGIEILKIDARIVVASVDTYLRFAEACNRLDlerdsgsttvpeliggG----AAKSIGKR 98 
                               68******************************************************99999988888744443....33333444 PP

                      gvpa  79 alsgaaeaisdalkealv 96 
                               ++  aae+++d++++a+ 
  nat_3997c1e8cae542beb07c  99 KVRKAAETVGDTVRKAVG 116
                               444455555554444432 PP

>> nat_a781ed1499476fa04028  
   #    score  bias  c-Evalue  i-Evalue hmmfrom  hmm to    alifrom  ali to    envfrom  env to     acc
 ---   ------ ----- --------- --------- ------- -------    ------- -------    ------- -------    ----
   1 !  116.1   0.2   3.5e-35   5.2e-35      10     111 ..      17     135 ..      13     149 .. 0.76

  Alignments for each domain:
  == domain 1  score: 116.1 bits;  conditional E-value: 3.5e-35
                      gvpa  10 ssLaevldrvLDkGiviDafvRvslvGieiltieaRvvvasvdtyLryaeavgrld............evaesaaaevskgalsg 82 
                                +L++vl+++LD+G+viD fvRvslvGieil+i+aR+v+asvdtyLr+aea++rld                 aa+ v k ++  
  nat_a781ed1499476fa04028  17 GTLYDVLELILDRGMVIDVFVRVSLVGIEILKIDARIVIASVDTYLRFAEACNRLDlerdsgsrtipeLFGAGAAKSVGKRKVRK 101
                               579*****************************************************99999999998744455555566666777 PP

                      gvpa  83 aaeaisdalkeal...vsees..esrkssrassr 111
                               aae+++d++++a+   ++++s  ++++  r ++r
  nat_a781ed1499476fa04028 102 AAESVGDSVRKAVgggDDDDSdgQEEQHERPRKR 135
                               7777777777665221122220023333444444 PP

>> nat_31b4ab378929e0c134fa  
   #    score  bias  c-Evalue  i-Evalue hmmfrom  hmm to    alifrom  ali to    envfrom  env to     acc
 ---   ------ ----- --------- --------- ------- -------    ------- -------    ------- -------    ----
   1 !  116.0   0.2   3.8e-35   5.5e-35      10      98 ..      18     118 ..      11     150 .. 0.74

  Alignments for each domain:
  == domain 1  score: 116.0 bits;  conditional E-value: 3.8e-35
                      gvpa  10 ssLaevldrvLDkGiviDafvRvslvGieiltieaRvvvasvdtyLryaeavgrld............evaesaaaevskgalsg 82 
                                +L++vl+++LD+G+viD fvRvslvGieil+i+aR+vvasvdtyLr+aea++rld             +   aa+ + k ++  
  nat_31b4ab378929e0c134fa  18 GTLYDVLELILDRGMVIDVFVRVSLVGIEILKIDARIVVASVDTYLRFAEACNRLDlerdsgsttvpeLIGGGAAKSIGKRKVRK 102
                               68******************************************************99999988777633344444455555666 PP

                      gvpa  83 aaeaisdalkealvse 98 
                               +ae+++d++++a+   
  nat_31b4ab378929e0c134fa 103 VAETVGDTVRKAVGGG 118
                               6666666666554322 PP

>> nat_67d45ce3d0daa27e3aa3  
   #    score  bias  c-Evalue  i-Evalue hmmfrom  hmm to    alifrom  ali to    envfrom  env to     acc
 ---   ------ ----- --------- --------- ------- -------    ------- -------    ------- -------    ----
   1 !  116.0   0.3   3.8e-35   5.6e-35      10      96 ..      18     116 ..      11     149 .. 0.70

  Alignments for each domain:
  == domain 1  score: 116.0 bits;  conditional E-value: 3.8e-35
                      gvpa  10 ssLaevldrvLDkGiviDafvRvslvGieiltieaRvvvasvdtyLryaeavgrld................evaesaaaevskg 78 
                                +L++vl+++LD+G+viD fvRvslvGieil+i+aR+vvasvdtyLr+aea++rld                     aa+ + k 
  nat_67d45ce3d0daa27e3aa3  18 GTLYDVLELILDRGMVIDVFVRVSLVGIEILKIDARIVVASVDTYLRFAEACNRLDlerdsgsttvpeliggG----AAKSIGKR 98 
                               68******************************************************99999988888755443....33333344 PP

                      gvpa  79 alsgaaeaisdalkealv 96 
                               ++  aae+++d++++a+ 
  nat_67d45ce3d0daa27e3aa3  99 KVRKAAETVGDTVRKAVG 116
                               444444444444444332 PP

>> nat_619107fa48650be1a768  
   #    score  bias  c-Evalue  i-Evalue hmmfrom  hmm to    alifrom  ali to    envfrom  env to     acc
 ---   ------ ----- --------- --------- ------- -------    ------- -------    ------- -------    ----
   1 !  115.9   0.3     4e-35   5.9e-35      10      96 ..      18     116 ..      11     144 .. 0.70

  Alignments for each domain:
  == domain 1  score: 115.9 bits;  conditional E-value: 4e-35
                      gvpa  10 ssLaevldrvLDkGiviDafvRvslvGieiltieaRvvvasvdtyLryaeavgrld................evaesaaaevskg 78 
                                +L++vl+++LD+G+viD fvRvslvGieil+i+aR+vvasvdtyLr+aea++rld                     aa+ + k 
  nat_619107fa48650be1a768  18 GTLYDVLELILDRGMVIDVFVRVSLVGIEILKIDARIVVASVDTYLRFAEACNRLDlerdsgsttvpeliggG----AAKSIGKR 98 
                               68******************************************************99999988888744443....33333344 PP

                      gvpa  79 alsgaaeaisdalkealv 96 
                               ++  aae+++d++++a+ 
  nat_619107fa48650be1a768  99 KVRKAAETVGDTVRKAVG 116
                               444444555444444332 PP

>> nat_0eb236c2a0a999a958fc  
   #    score  bias  c-Evalue  i-Evalue hmmfrom  hmm to    alifrom  ali to    envfrom  env to     acc
 ---   ------ ----- --------- --------- ------- -------    ------- -------    ------- -------    ----
   1 !  115.8   0.2   4.2e-35   6.2e-35      10      95 ..      18     115 ..      11     149 .. 0.71

  Alignments for each domain:
  == domain 1  score: 115.8 bits;  conditional E-value: 4.2e-35
                      gvpa  10 ssLaevldrvLDkGiviDafvRvslvGieiltieaRvvvasvdtyLryaeavgrld................evaesaaaevskg 78 
                                +L++vl+++LD+G+viD fvRvslvGieil+i+aR+vvasvdtyLr+aea++rld                     aa+ + k 
  nat_0eb236c2a0a999a958fc  18 GTLYDVLELILDRGMVIDVFVRVSLVGIEILKIDARIVVASVDTYLRFAEACNRLDlerdsgsttvpeliggG----AAKSIGKR 98 
                               68******************************************************88888888887754442....33333334 PP

                      gvpa  79 alsgaaeaisdalkeal 95 
                               ++  aae+++d++++a+
  nat_0eb236c2a0a999a958fc  99 KVRKAAETVGDTVRKAV 115
                               44444444444444333 PP

>> nat_0942555d17806690a15c  
   #    score  bias  c-Evalue  i-Evalue hmmfrom  hmm to    alifrom  ali to    envfrom  env to     acc
 ---   ------ ----- --------- --------- ------- -------    ------- -------    ------- -------    ----
   1 !  115.6   0.5   4.8e-35   7.1e-35      10     111 ..      17     132 ..      13     146 .. 0.80

  Alignments for each domain:
  == domain 1  score: 115.6 bits;  conditional E-value: 4.8e-35
                      gvpa  10 ssLaevldrvLDkGiviDafvRvslvGieiltieaRvvvasvdtyLryaeavgrld............evaesaaaevskgalsg 82 
                                +L++vl+++LD+G+viD f+RvslvGieil+i+aR+vvasvdtyLr+aea++rld                  a+ v k ++  
  nat_0942555d17806690a15c  17 GTLYDVLELILDRGMVIDVFIRVSLVGIEILKIDARIVVASVDTYLRFAEACNRLDlerdsgsttipeLLGGGVAKSVGKRKVRK 101
                               579*****************************************************99*99988777633333344555666778 PP

                      gvpa  83 aaeaisdalkealvseesesrkssr..assr 111
                               aae+++d++++a+ s + e + +     ++r
  nat_0942555d17806690a15c 102 AAESVGDSVRKAVGSGDDEDDDTQEerPRKR 132
                               8888888888888776666555544114444 PP

>> nat_13dff233b6dfd04cb79c  
   #    score  bias  c-Evalue  i-Evalue hmmfrom  hmm to    alifrom  ali to    envfrom  env to     acc
 ---   ------ ----- --------- --------- ------- -------    ------- -------    ------- -------    ----
   1 !  116.2   1.8   3.2e-35   4.7e-35       6      75 ..       3      72 ..       1      76 [] 0.94

  Alignments for each domain:
  == domain 1  score: 116.2 bits;  conditional E-value: 3.2e-35
                      gvpa  6 vsdsssLaevldrvLDkGiviDafvRvslvGieiltieaRvvvasvdtyLryaeavgrldevaesaaaev 75
                              + dsssLaevldrvLDkG+v+D ++RvslvGieilt+eaRvv asvdt+L+yae+++++++++ +a+ e 
  nat_13dff233b6dfd04cb79c  3 QPDSSSLAEVLDRVLDKGVVVDVYARVSLVGIEILTVEARVVAASVDTFLHYAEEIAKIEQAELTAGVEA 72
                              689************************************************************9998775 PP

>> nat_84b5083183d75de0f365  
   #    score  bias  c-Evalue  i-Evalue hmmfrom  hmm to    alifrom  ali to    envfrom  env to     acc
 ---   ------ ----- --------- --------- ------- -------    ------- -------    ------- -------    ----
   1 !  115.5   0.8   5.2e-35   7.6e-35      10     111 ..      20     136 ..      16     140 .. 0.79

  Alignments for each domain:
  == domain 1  score: 115.5 bits;  conditional E-value: 5.2e-35
                      gvpa  10 ssLaevldrvLDkGiviDafvRvslvGieiltieaRvvvasvdtyLryaeavgrld............evaesaaaevskgalsg 82 
                                +L++vl+++LD+G+viD fvRvslvGiei++i+aR+vvasvdtyLr+aea++rld              +   a+ v k ++  
  nat_84b5083183d75de0f365  20 GTLYDVLELILDRGMVIDVFVRVSLVGIEIIKIDARIVVASVDTYLRFAEACNRLDlerdsgsttvpeLLSGGVAKSVGKRKVRK 104
                               579*****************************************************99999988777544444455666777888 PP

                      gvpa  83 aaeaisdalkealvseeses...rkssrassr 111
                               aae+++d++++a+  ++ +    ++  r ++r
  nat_84b5083183d75de0f365 105 AAETVGDSVRKAVGYDDDADeadEEDERPKKR 136
                               99999999988876554433000333445455 PP

>> nat_d71b202a146af4e5c40e  
   #    score  bias  c-Evalue  i-Evalue hmmfrom  hmm to    alifrom  ali to    envfrom  env to     acc
 ---   ------ ----- --------- --------- ------- -------    ------- -------    ------- -------    ----
   1 !  115.8   0.4   4.2e-35   6.2e-35      10     112 ..      21     139 ..      16     153 .. 0.91

  Alignments for each domain:
  == domain 1  score: 115.8 bits;  conditional E-value: 4.2e-35
                      gvpa  10 ssLaevldrvLDkGiviDafvRvslvGieiltieaRvvvasvdtyLryaeavgrld................evaesaaaevskg 78 
                                +L++v++++LD+G+viD f+RvslvGieil+i+aR+vvasvdtyLr+aea++rld                ++a+s ++ ++k 
  nat_d71b202a146af4e5c40e  21 GTLYDVMELILDRGMVIDVFIRVSLVGIEILKIDARIVVASVDTYLRFAEACNRLDlerdsgsvtvpelfsgQAAKSIGKHKAKK 105
                               579*****************************************************************99999999999999999 PP

                      gvpa  79 alsgaaeaisdalkealvseesesrkssrassrr 112
                               a s++ +++   ++   +s++ +++++   ++rr
  nat_d71b202a146af4e5c40e 106 AASSIGDTVRSVVGGGDDSDDDAEEEAQPKKKRR 139
                               9999999999999988887777777766666665 PP

>> nat_65c51b0fd105cce694ee  
   #    score  bias  c-Evalue  i-Evalue hmmfrom  hmm to    alifrom  ali to    envfrom  env to     acc
 ---   ------ ----- --------- --------- ------- -------    ------- -------    ------- -------    ----
   1 !  115.7   0.7   4.6e-35   6.8e-35       8     111 ..      16     134 ..      10     139 .. 0.81

  Alignments for each domain:
  == domain 1  score: 115.7 bits;  conditional E-value: 4.6e-35
                      gvpa   8 dsssLaevldrvLDkGiviDafvRvslvGieiltieaRvvvasvdtyLryaeavgrld............evaesaaaevskgal 80 
                                + +L++vl+++LD+G+viD f+R+slvGiei++i+aR+vvasvdtyLr+aea++rld                 aa+ v k ++
  nat_65c51b0fd105cce694ee  16 RAGTLYDVLELILDRGMVIDVFIRISLVGIEIIKIDARIVVASVDTYLRFAEACNRLDlehdsrsttvpeLFGGGAAKAVGKRKV 100
                               5678***********************************************************9888876444455666677788 PP

                      gvpa  81 sgaaeaisdalkeal...vseesesrkssrassr 111
                                 aae+++d++++a+   ++e+se+ + sr ++r
  nat_65c51b0fd105cce694ee 101 KKAAESVGDKVRDAVgggDDEDSEEYEESRPRRR 134
                               8899999999999873223455555566666444 PP

>> nat_31ec72d1a2119ce61d3a  
   #    score  bias  c-Evalue  i-Evalue hmmfrom  hmm to    alifrom  ali to    envfrom  env to     acc
 ---   ------ ----- --------- --------- ------- -------    ------- -------    ------- -------    ----
   1 !  115.8   0.6   4.3e-35   6.4e-35      10     112 ..      21     139 ..      16     153 .. 0.90

  Alignments for each domain:
  == domain 1  score: 115.8 bits;  conditional E-value: 4.3e-35
                      gvpa  10 ssLaevldrvLDkGiviDafvRvslvGieiltieaRvvvasvdtyLryaeavgrld................evaesaaaevskg 78 
                                +L++v++++LD+G+viD f+RvslvGieil+i+aR+vvasvdtyLr+aea++rld                ++a+s ++ ++k 
  nat_31ec72d1a2119ce61d3a  21 GTLYDVMELILDRGMVIDVFIRVSLVGIEILKIDARIVVASVDTYLRFAEACNRLDlerdsgsvtvpelfsgQAAKSIGKRKAKK 105
                               579*****************************************************************99999999999999999 PP

                      gvpa  79 alsgaaeaisdalkealvseesesrkssrassrr 112
                               a s++ +++   ++   +s++ +++++   ++rr
  nat_31ec72d1a2119ce61d3a 106 AASSIGDTVRSVVGGDDDSDDDAEEEAQPKKKRR 139
                               9999999999999888777777766666665555 PP

>> nat_bf0dfc6c51956e5d54f7  
   #    score  bias  c-Evalue  i-Evalue hmmfrom  hmm to    alifrom  ali to    envfrom  env to     acc
 ---   ------ ----- --------- --------- ------- -------    ------- -------    ------- -------    ----
   1 !  116.0   0.5   3.6e-35   5.4e-35       6      76 ..       3      73 ..       1      77 [. 0.95

  Alignments for each domain:
  == domain 1  score: 116.0 bits;  conditional E-value: 3.6e-35
                      gvpa  6 vsdsssLaevldrvLDkGiviDafvRvslvGieiltieaRvvvasvdtyLryaeavgrldevaesaaaevs 76
                              + dsssLaevldrvLDkG+v+D ++R+slvGieilt+eaRvv asvdt+L+yae+++++++++ +a+ae +
  nat_bf0dfc6c51956e5d54f7  3 QPDSSSLAEVLDRVLDKGVVVDVYARLSLVGIEILTVEARVVAASVDTFLHYAEEIAKIEQAELTAGAEAA 73
                              689*************************************************************9998865 PP

>> nat_28fa7b3d2875a180443b  
   #    score  bias  c-Evalue  i-Evalue hmmfrom  hmm to    alifrom  ali to    envfrom  env to     acc
 ---   ------ ----- --------- --------- ------- -------    ------- -------    ------- -------    ----
   1 !  116.0   6.6   3.7e-35   5.5e-35       1      67 [.       1      67 [.       1      68 [] 0.97

  Alignments for each domain:
  == domain 1  score: 116.0 bits;  conditional E-value: 3.7e-35
                      gvpa  1 mavekvsdsssLaevldrvLDkGiviDafvRvslvGieiltieaRvvvasvdtyLryaeavgrldev 67
                              mavek+  sssL+ev+dr+LDkG+viDa+vRvslvGie+l++eaRvvvasv+t+L+y+eavg+++ +
  nat_28fa7b3d2875a180443b  1 MAVEKAIASSSLVEVVDRILDKGVVIDAWVRVSLVGIELLAVEARVVVASVETFLKYSEAVGLTAAA 67
                              9*************************************************************99765 PP

>> nat_6cd6a14977934f64979a  
   #    score  bias  c-Evalue  i-Evalue hmmfrom  hmm to    alifrom  ali to    envfrom  env to     acc
 ---   ------ ----- --------- --------- ------- -------    ------- -------    ------- -------    ----
   1 !  116.0   4.2   3.7e-35   5.5e-35       1      70 [.       1      70 [.       1      73 [] 0.94

  Alignments for each domain:
  == domain 1  score: 116.0 bits;  conditional E-value: 3.7e-35
                      gvpa  1 mavekvsdsssLaevldrvLDkGiviDafvRvslvGieiltieaRvvvasvdtyLryaeavgrldevaes 70
                              m+++k+  sssLaev+dr+LDkGiv+Daf Rv+lvGie+l++e+Rvvvasv+tyLryaeavg++++ a  
  nat_6cd6a14977934f64979a  1 MTINKSLASSSLAEVIDRILDKGIVVDAFLRVALVGIELLAVEIRVVVASVETYLRYAEAVGLTTDPAAV 70
                              99*************************************************************9876554 PP

>> nat_e7817d8ef39a8df0fcfd  
   #    score  bias  c-Evalue  i-Evalue hmmfrom  hmm to    alifrom  ali to    envfrom  env to     acc
 ---   ------ ----- --------- --------- ------- -------    ------- -------    ------- -------    ----
   1 !  115.9   0.5     4e-35   5.9e-35       1      76 [.       1      76 [.       1      89 [. 0.90

  Alignments for each domain:
  == domain 1  score: 115.9 bits;  conditional E-value: 4e-35
                      gvpa  1 mavekvsdsssLaevldrvLDkGiviDafvRvslvGieiltieaRvvvasvdtyLryaeavgrldevaesaaaevs 76
                              m+++k++d ssLaev+dr+LDkG+viD f+R+s++Gie++tieaR+v+asv+t+Lryaea+ +l++  e   +   
  nat_e7817d8ef39a8df0fcfd  1 MTINKSNDCSSLAEVVDRILDKGVVIDVFARISVIGIELITIEARIVIASVETWLRYAEAIRLLHNEREDFLSSNN 76
                              9**************************************************************9977666555444 PP

>> nat_4a610b8daff21e476288  
   #    score  bias  c-Evalue  i-Evalue hmmfrom  hmm to    alifrom  ali to    envfrom  env to     acc
 ---   ------ ----- --------- --------- ------- -------    ------- -------    ------- -------    ----
   1 !  115.9   1.5     4e-35   5.9e-35       3      74 ..       2      73 ..       1      84 [. 0.92

  Alignments for each domain:
  == domain 1  score: 115.9 bits;  conditional E-value: 4e-35
                      gvpa  3 vekvsdsssLaevldrvLDkGiviDafvRvslvGieiltieaRvvvasvdtyLryaeavgrldevaesaaae 74
                              ve   d+ssLa+vldrvLDkGiviD ++Rvs+vGieilt+eaRvvvasvdt+L+ya +++rl++++ s+  e
  nat_4a610b8daff21e476288  2 VETGPDTSSLADVLDRVLDKGIVIDIWARVSVVGIEILTVEARVVVASVDTFLQYATEMARLEQAEASGDLE 73
                              67889************************************************************9988655 PP

>> nat_b1ead8162da63f55d1d6  
   #    score  bias  c-Evalue  i-Evalue hmmfrom  hmm to    alifrom  ali to    envfrom  env to     acc
 ---   ------ ----- --------- --------- ------- -------    ------- -------    ------- -------    ----
   1 !  115.9   3.7   3.9e-35   5.8e-35       1      66 [.       1      66 [.       1      70 [] 0.97

  Alignments for each domain:
  == domain 1  score: 115.9 bits;  conditional E-value: 3.9e-35
                      gvpa  1 mavekvsdsssLaevldrvLDkGiviDafvRvslvGieiltieaRvvvasvdtyLryaeavgrlde 66
                              ma+ek+  sss+aev+drvLDkG+viDafvRv+lvGie+++ieaRvv+asv+t+L+yaea+g++++
  nat_b1ead8162da63f55d1d6  1 MAIEKSIASSSIAEVIDRVLDKGVVIDAFVRVALVGIELIAIEARVVIASVETWLKYAEAIGLTAQ 66
                              9*************************************************************9986 PP

>> nat_038b08407425f0209cdb  
   #    score  bias  c-Evalue  i-Evalue hmmfrom  hmm to    alifrom  ali to    envfrom  env to     acc
 ---   ------ ----- --------- --------- ------- -------    ------- -------    ------- -------    ----
   1 !  115.5   0.4   5.2e-35   7.6e-35      10     105 ..      17     128 ..      10     153 .. 0.73

  Alignments for each domain:
  == domain 1  score: 115.5 bits;  conditional E-value: 5.2e-35
                      gvpa  10 ssLaevldrvLDkGiviDafvRvslvGieiltieaRvvvasvdtyLryaeavgrld................evaesaaaevskg 78 
                                +L++vl+++LD+G+viD fvRvslvGieil+i+aR+vvasvdtyLr+aea+grld                 +a+s ++ +++ 
  nat_038b08407425f0209cdb  17 GTLYDVLELILDRGMVIDVFVRVSLVGIEILKIDARIVVASVDTYLRFAEACGRLDlerdsrsttvpelfggGAAKSVGKRKVRK 101
                               68******************************************************99999999988866653333333333333 PP

                      gvpa  79 alsgaaeaisdalkealvseesesrks 105
                               a  ++ +++ +a++   ++e+ es++s
  nat_038b08407425f0209cdb 102 AAESVGDTVRKAVGGRDDDESDESDES 128
                               333344444444443333333333333 PP

>> nat_8bfb3056e00dc3525ee8  
   #    score  bias  c-Evalue  i-Evalue hmmfrom  hmm to    alifrom  ali to    envfrom  env to     acc
 ---   ------ ----- --------- --------- ------- -------    ------- -------    ------- -------    ----
   1 !  115.5   0.3   5.3e-35   7.9e-35       9     105 ..      17     126 ..      10     143 .. 0.78

  Alignments for each domain:
  == domain 1  score: 115.5 bits;  conditional E-value: 5.3e-35
                      gvpa   9 sssLaevldrvLDkGiviDafvRvslvGieiltieaRvvvasvdtyLryaeavgrld............evaesaaaevskgals 81 
                               + +L++vl+++LD+G+viD f+RvslvGieil+i+aR+vvasvdtyLr+aea++rld             +   aa+ + k ++ 
  nat_8bfb3056e00dc3525ee8  17 AGTLYDVLELILDRGMVIDVFIRVSLVGIEILKIDARIVVASVDTYLRFAEACNRLDlerdsgsttvpeLIGGGAAKSIGKRKVR 101
                               568******************************************************9999998877764445555666677778 PP

                      gvpa  82 gaaeaisdalkealvsee.sesrks 105
                                aae+++d++++a+  +e +e+++ 
  nat_8bfb3056e00dc3525ee8 102 RAAESVGDTVRKAVGGDEePEEERP 126
                               8888888888887654430333322 PP

>> nat_9c7fbca4e03cd6830bf2  
   #    score  bias  c-Evalue  i-Evalue hmmfrom  hmm to    alifrom  ali to    envfrom  env to     acc
 ---   ------ ----- --------- --------- ------- -------    ------- -------    ------- -------    ----
   1 !  115.4   0.4   5.6e-35   8.2e-35       9     112 ..      17     131 ..      10     144 .. 0.78

  Alignments for each domain:
  == domain 1  score: 115.4 bits;  conditional E-value: 5.6e-35
                      gvpa   9 sssLaevldrvLDkGiviDafvRvslvGieiltieaRvvvasvdtyLryaeavgrld............evaesaaaevskgals 81 
                               + +L++vl+++LD+G+viD f+RvslvGieil+i+aR+vvasvdtyLr+aea++rld             +   aa+ + k ++ 
  nat_9c7fbca4e03cd6830bf2  17 AGTLYDVLELILDRGMVIDVFIRVSLVGIEILKIDARIVVASVDTYLRFAEACNRLDlerdsgsttvpeLIGGGAAKSIGKRKVR 101
                               568******************************************************9999998887764444555556666777 PP

                      gvpa  82 gaaeaisdalkealvseesesrkssrassrr 112
                                aae+++d++++a+  ++ e +   r ++rr
  nat_9c7fbca4e03cd6830bf2 102 RAAESVGDTVRKAVGGDDEE-EPEERPRKRR 131
                               78888888887776433322.2223333333 PP

>> nat_f73328bbfd200202daff  
   #    score  bias  c-Evalue  i-Evalue hmmfrom  hmm to    alifrom  ali to    envfrom  env to     acc
 ---   ------ ----- --------- --------- ------- -------    ------- -------    ------- -------    ----
   1 !  115.8   2.2   4.3e-35   6.3e-35       2      66 ..       3      67 ..       1      80 [] 0.91

  Alignments for each domain:
  == domain 1  score: 115.8 bits;  conditional E-value: 4.3e-35
                      gvpa  2 avekvsdsssLaevldrvLDkGiviDafvRvslvGieiltieaRvvvasvdtyLryaeavgrlde 66
                              a++k+ dsssLaev+dr+LDkG+viD ++RvslvGie+lti+aR+v+asv+t+L yaeavg+l++
  nat_f73328bbfd200202daff  3 AIQKSVDSSSLAEVIDRILDKGVVIDLWARVSLVGIEVLTIDARIVIASVETWLVYAEAVGLLKK 67
                              89************************************************************984 PP

>> nat_c2f24f987da7fa8e29d9  
   #    score  bias  c-Evalue  i-Evalue hmmfrom  hmm to    alifrom  ali to    envfrom  env to     acc
 ---   ------ ----- --------- --------- ------- -------    ------- -------    ------- -------    ----
   1 !  115.6   1.6   4.9e-35   7.2e-35       1      66 [.       1      66 [.       1      73 [. 0.95

  Alignments for each domain:
  == domain 1  score: 115.6 bits;  conditional E-value: 4.9e-35
                      gvpa  1 mavekvsdsssLaevldrvLDkGiviDafvRvslvGieiltieaRvvvasvdtyLryaeavgrlde 66
                              ma++k+ ++ssLaev+dr+L+kGiviDafvRv+lvGie+l++eaRvv+asv+t+L+yaeavg++ +
  nat_c2f24f987da7fa8e29d9  1 MAIQKSVSASSLAEVVDRILEKGIVIDAFVRVALVGIELLALEARVVIASVETWLKYAEAVGLTVH 66
                              9*************************************************************9864 PP

>> nat_c0e3f34d82aab8fda872  
   #    score  bias  c-Evalue  i-Evalue hmmfrom  hmm to    alifrom  ali to    envfrom  env to     acc
 ---   ------ ----- --------- --------- ------- -------    ------- -------    ------- -------    ----
   1 !  115.7   2.7   4.5e-35   6.7e-35       1      68 [.       1      68 [.       1      72 [] 0.95

  Alignments for each domain:
  == domain 1  score: 115.7 bits;  conditional E-value: 4.5e-35
                      gvpa  1 mavekvsdsssLaevldrvLDkGiviDafvRvslvGieiltieaRvvvasvdtyLryaeavgrldeva 68
                              m ++k+  sssLaev+dr+LDkGiv+DafvR+slvGie+++ie+R v+asv+tyL+yaeavg++++ +
  nat_c0e3f34d82aab8fda872  1 MNINKSLASSSLAEVIDRILDKGIVVDAFVRISLVGIELIAIEIRAVIASVETYLKYAEAVGLTSDPS 68
                              8999***********************************************************98755 PP

>> nat_477b4b16e4be0d565386  
   #    score  bias  c-Evalue  i-Evalue hmmfrom  hmm to    alifrom  ali to    envfrom  env to     acc
 ---   ------ ----- --------- --------- ------- -------    ------- -------    ------- -------    ----
   1 !  115.2   0.0   6.5e-35   9.5e-35       5      87 ..      11      93 ..       6     111 .. 0.81

  Alignments for each domain:
  == domain 1  score: 115.2 bits;  conditional E-value: 6.5e-35
                      gvpa  5 kvsdsssLaevldrvLDkGiviDafvRvslvGieiltieaRvvvasvdtyLryaeavgrldevaesaaaevskgalsgaaeai 87
                              ++ ++s+L++vl+++LD+G+viDa++Rvsl+Gie+lti++RvvvasvdtyLr+aea++rld  a +a    ++  l g  +a 
  nat_477b4b16e4be0d565386 11 GSGGTSGLYDVLELILDRGLVIDAYIRVSLIGIELLTIDIRVVVASVDTYLRFAEACNRLDLEAGPARGSGARELLGGQGDAQ 93
                              56789********************************************************8888877766665555554443 PP

>> nat_7bd6d00159b2d7ed0289  
   #    score  bias  c-Evalue  i-Evalue hmmfrom  hmm to    alifrom  ali to    envfrom  env to     acc
 ---   ------ ----- --------- --------- ------- -------    ------- -------    ------- -------    ----
   1 !  115.3   0.6   5.9e-35   8.7e-35       6      75 ..       5      74 ..       1      84 [. 0.92

  Alignments for each domain:
  == domain 1  score: 115.3 bits;  conditional E-value: 5.9e-35
                      gvpa  6 vsdsssLaevldrvLDkGiviDafvRvslvGieiltieaRvvvasvdtyLryaeavgrldevaesaaaev 75
                                 +ssLaevldr+LDkG+viD ++RvslvGieiltieaRvv+asvdt+L+ya +++++++++e+++ e 
  nat_7bd6d00159b2d7ed0289  5 RPHTSSLAEVLDRILDKGVVIDIWIRVSLVGIEILTIEARVVIASVDTFLHYAREISKIERAEEEGTLEA 74
                              5689***********************************************************9998775 PP

>> nat_c0749f9d4ae82bdc9955  
   #    score  bias  c-Evalue  i-Evalue hmmfrom  hmm to    alifrom  ali to    envfrom  env to     acc
 ---   ------ ----- --------- --------- ------- -------    ------- -------    ------- -------    ----
   1 !  114.8   0.8   8.6e-35   1.3e-34      10     102 ..      20     124 ..      16     149 .. 0.77

  Alignments for each domain:
  == domain 1  score: 114.8 bits;  conditional E-value: 8.6e-35
                      gvpa  10 ssLaevldrvLDkGiviDafvRvslvGieiltieaRvvvasvdtyLryaeavgrld............evaesaaaevskgalsg 82 
                                +L++vl+++LD+G+viD fvRvslvGiei++i+aR+vvasvdtyLr+aea++rld              +   a+ v k ++  
  nat_c0749f9d4ae82bdc9955  20 GTLYDVLELILDRGMVIDVFVRVSLVGIEIIKIDARIVVASVDTYLRFAEACNRLDlerdsgsttvpeLLSGGVAKSVGKRKVRK 104
                               579*****************************************************88888887776533334444555666777 PP

                      gvpa  83 aaeaisdalkealvseeses 102
                               aae+++d++++a+  ++ + 
  nat_c0749f9d4ae82bdc9955 105 AAESVGDSVRKAVGYDDDAD 124
                               77888887777765443332 PP

>> nat_752dd7ddb136b7ab5ad1  
   #    score  bias  c-Evalue  i-Evalue hmmfrom  hmm to    alifrom  ali to    envfrom  env to     acc
 ---   ------ ----- --------- --------- ------- -------    ------- -------    ------- -------    ----
   1 !  115.3   0.5   6.2e-35   9.2e-35       1      79 [.       1      79 [.       1      90 [. 0.90

  Alignments for each domain:
  == domain 1  score: 115.3 bits;  conditional E-value: 6.2e-35
                      gvpa  1 mavekvsdsssLaevldrvLDkGiviDafvRvslvGieiltieaRvvvasvdtyLryaeavgrldevaesaaaevskga 79
                              m+++k++d ssLaev++r+LDkG+viD f+R+s++Gie++tieaR+v+asvdt+Lryaeav +l++  e+  +    g+
  nat_752dd7ddb136b7ab5ad1  1 MTIHKSNDFSSLAEVVERILDKGVVIDVFARISVIGIELITIEARIVIASVDTWLRYAEAVRLLHNEREEFLSSNNSGK 79
                              9***************************************************************987777666665555 PP

>> nat_9065be60727dc7f9b388  
   #    score  bias  c-Evalue  i-Evalue hmmfrom  hmm to    alifrom  ali to    envfrom  env to     acc
 ---   ------ ----- --------- --------- ------- -------    ------- -------    ------- -------    ----
   1 !  114.4   0.4   1.2e-34   1.7e-34      10     111 ..      17     132 ..      13     146 .. 0.74

  Alignments for each domain:
  == domain 1  score: 114.4 bits;  conditional E-value: 1.2e-34
                      gvpa  10 ssLaevldrvLDkGiviDafvRvslvGieiltieaRvvvasvdtyLryaeavgrld................evaesaaaevskg 78 
                                +L++vl+++LD+G+viD f+RvslvGieil+i+aR+vvasvdtyLr+aea++rld                      a+ v k 
  nat_9065be60727dc7f9b388  17 GTLYDVLELILDRGMVIDVFIRVSLVGIEILKIDARIVVASVDTYLRFAEACNRLDlerdsgsttipellggG----VAKSVGKR 97 
                               579*****************************************************99999988887644442....33344445 PP

                      gvpa  79 alsgaaeaisdalkealvseesesrks..srassr 111
                               ++  aae+++d++++a+   + + + s   r ++r
  nat_9065be60727dc7f9b388  98 KVRKAAESVGDSVRKAVGGGDDDDDDSqeERPRKR 132
                               55666666666666665443333333300333333 PP

>> nat_82b87d3bb03732004ea1  
   #    score  bias  c-Evalue  i-Evalue hmmfrom  hmm to    alifrom  ali to    envfrom  env to     acc
 ---   ------ ----- --------- --------- ------- -------    ------- -------    ------- -------    ----
   1 !  114.4   0.3   1.1e-34   1.7e-34       9      94 ..      17     125 ..      10     147 .. 0.69

  Alignments for each domain:
  == domain 1  score: 114.4 bits;  conditional E-value: 1.1e-34
                      gvpa   9 sssLaevldrvLDkGiviDafvRvslvGieiltieaRvvvasvdtyLryaeavgrld.......................evaes 70 
                               + +L++vl+++LD+G+viD fvRvslvGieil+i+aR+vvasvdtyLr+aea++rld                       + +++
  nat_82b87d3bb03732004ea1  17 AGTLYDVLELILDRGMVIDVFVRVSLVGIEILKIDARIVVASVDTYLRFAEACNRLDlehdsgsttipellggsaaksigKRKVR 101
                               568******************************************************9999999999997777444433322233 PP

                      gvpa  71 aaaevskgalsgaaeaisdalkea 94 
                               +aae +  ++  a+    d +++ 
  nat_82b87d3bb03732004ea1 102 KAAENVGDTVRRAVGGRDDDYDDY 125
                               333333333333333333333333 PP

>> nat_8bf5071aed606f94333c  
   #    score  bias  c-Evalue  i-Evalue hmmfrom  hmm to    alifrom  ali to    envfrom  env to     acc
 ---   ------ ----- --------- --------- ------- -------    ------- -------    ------- -------    ----
   1 !  114.5   0.5     1e-34   1.5e-34      10     112 ..      21     139 ..      16     154 .. 0.87

  Alignments for each domain:
  == domain 1  score: 114.5 bits;  conditional E-value: 1e-34
                      gvpa  10 ssLaevldrvLDkGiviDafvRvslvGieiltieaRvvvasvdtyLryaeavgrld................evaesaaaevskg 78 
                                +L++v++++LD+G+viD f+RvslvGieil+i+aR+vvasvdtyLr+aea++rld                ++a+s ++ +++ 
  nat_8bf5071aed606f94333c  21 GTLYDVMELILDRGMVIDVFIRVSLVGIEILKIDARIVVASVDTYLRFAEACNRLDlerdsgsvtvpelfsgQAAKSIGKRKAQK 105
                               579****************************************************************999998888888888888 PP

                      gvpa  79 alsgaaeaisdalkealvseesesrkssrassrr 112
                               a s++ +++   ++   +s++ +++++   ++rr
  nat_8bf5071aed606f94333c 106 AASSIGDTVRSVVGGGDDSDDDAEEEAQPKKKRR 139
                               8888888888888877777766666665555555 PP

>> nat_cefd53f493008d2ff90c  
   #    score  bias  c-Evalue  i-Evalue hmmfrom  hmm to    alifrom  ali to    envfrom  env to     acc
 ---   ------ ----- --------- --------- ------- -------    ------- -------    ------- -------    ----
   1 !  114.3   0.2   1.2e-34   1.8e-34      10      94 ..      18     125 ..      11     147 .. 0.69

  Alignments for each domain:
  == domain 1  score: 114.3 bits;  conditional E-value: 1.2e-34
                      gvpa  10 ssLaevldrvLDkGiviDafvRvslvGieiltieaRvvvasvdtyLryaeavgrld.......................evaesa 71 
                                +L++vl+++LD+G+viD fvRvslvGieil+i+aR+vvasvdtyLr+aea++rld                       + ++++
  nat_cefd53f493008d2ff90c  18 GTLYDVLELILDRGMVIDVFVRVSLVGIEILKIDARIVVASVDTYLRFAEACNRLDlehdsgsttipellggsaaksigKRKVRK 102
                               68******************************************************99999999999977764444333222233 PP

                      gvpa  72 aaevskgalsgaaeaisdalkea 94 
                               aae +  ++  a+    d +++ 
  nat_cefd53f493008d2ff90c 103 AAENVGDTVRRAVGGRDDDYDDF 125
                               33333333333333333333333 PP

>> nat_440c141d3d83ed043c33  
   #    score  bias  c-Evalue  i-Evalue hmmfrom  hmm to    alifrom  ali to    envfrom  env to     acc
 ---   ------ ----- --------- --------- ------- -------    ------- -------    ------- -------    ----
   1 !  114.7   2.0   9.3e-35   1.4e-34       6      75 ..       3      72 ..       1      76 [] 0.94

  Alignments for each domain:
  == domain 1  score: 114.7 bits;  conditional E-value: 9.3e-35
                      gvpa  6 vsdsssLaevldrvLDkGiviDafvRvslvGieiltieaRvvvasvdtyLryaeavgrldevaesaaaev 75
                              + dsssLaevldrvLDkG+v+D f+RvslvGiei+t+eaRvv asvdt+L+yae+++++++++ +a+ e 
  nat_440c141d3d83ed043c33  3 QPDSSSLAEVLDRVLDKGVVVDVFARVSLVGIEIVTVEARVVAASVDTFLHYAEEIAKIEQAELTAGVEA 72
                              689************************************************************9998775 PP

>> nat_98f6b86d7ec22351f587  
   #    score  bias  c-Evalue  i-Evalue hmmfrom  hmm to    alifrom  ali to    envfrom  env to     acc
 ---   ------ ----- --------- --------- ------- -------    ------- -------    ------- -------    ----
   1 !  114.4   1.3   1.1e-34   1.6e-34       7      74 ..       4      71 ..       1      83 [. 0.93

  Alignments for each domain:
  == domain 1  score: 114.4 bits;  conditional E-value: 1.1e-34
                      gvpa  7 sdsssLaevldrvLDkGiviDafvRvslvGieiltieaRvvvasvdtyLryaeavgrldevaesaaae 74
                               dsssLaevldr+LDkGiv+D ++R+s+vGieilt+eaRvv asvdt+L+yae +++++++++s+  e
  nat_98f6b86d7ec22351f587  4 PDSSSLAEVLDRILDKGIVVDVWARISVVGIEILTVEARVVAASVDTFLHYAESISKVEQATQSGDLE 71
                              79***********************************************************9998765 PP

>> nat_a84874ccf2cf9f12a8ef  
   #    score  bias  c-Evalue  i-Evalue hmmfrom  hmm to    alifrom  ali to    envfrom  env to     acc
 ---   ------ ----- --------- --------- ------- -------    ------- -------    ------- -------    ----
   1 !  114.4   3.0   1.1e-34   1.7e-34       1      65 [.       1      65 [.       1      70 [] 0.96

  Alignments for each domain:
  == domain 1  score: 114.4 bits;  conditional E-value: 1.1e-34
                      gvpa  1 mavekvsdsssLaevldrvLDkGiviDafvRvslvGieiltieaRvvvasvdtyLryaeavgrld 65
                              mavek+  s+sL+ev+dr+LDkGiv+DafvRvslvGie+l+ie+R vvasv+t+L+yaea+g++ 
  nat_a84874ccf2cf9f12a8ef  1 MAVEKTLASTSLTEVVDRILDKGIVVDAFVRVSLVGIELLSIEVRAVVASVETWLKYAEAIGLTV 65
                              9*************************************************************985 PP

>> nat_f65bb2c7a1c06eb690c4  
   #    score  bias  c-Evalue  i-Evalue hmmfrom  hmm to    alifrom  ali to    envfrom  env to     acc
 ---   ------ ----- --------- --------- ------- -------    ------- -------    ------- -------    ----
   1 !  114.3   0.5   1.2e-34   1.8e-34       1      76 [.       1      76 [.       1      89 [. 0.90

  Alignments for each domain:
  == domain 1  score: 114.3 bits;  conditional E-value: 1.2e-34
                      gvpa  1 mavekvsdsssLaevldrvLDkGiviDafvRvslvGieiltieaRvvvasvdtyLryaeavgrldevaesaaaevs 76
                              m+++k++d ssLaev+dr+LDkG+viD f+R+s++Gie++tiea++v+asvdt+Lryaea+ +l++  e   +   
  nat_f65bb2c7a1c06eb690c4  1 MTINKSNDCSSLAEVVDRILDKGVVIDVFARISVIGIELITIEAKIVIASVDTWLRYAEAIRLLHNEREDFLSSNN 76
                              9**************************************************************9977666555444 PP

>> nat_86ebca091b9272e65750  
   #    score  bias  c-Evalue  i-Evalue hmmfrom  hmm to    alifrom  ali to    envfrom  env to     acc
 ---   ------ ----- --------- --------- ------- -------    ------- -------    ------- -------    ----
   1 !  114.4   1.4   1.2e-34   1.7e-34       5      70 ..       7      72 ..       1      75 [] 0.91

  Alignments for each domain:
  == domain 1  score: 114.4 bits;  conditional E-value: 1.2e-34
                      gvpa  5 kvsdsssLaevldrvLDkGiviDafvRvslvGieiltieaRvvvasvdtyLryaeavgrldevaes 70
                              ++  sssLaev+dr+LDkGiv+Daf Rv+lvGie+l++e+Rvvvasv+tyLryaeavg++++ a  
  nat_86ebca091b9272e65750  7 QEPASSSLAEVIDRILDKGIVVDAFLRVALVGIELLAVEIRVVVASVETYLRYAEAVGLTTDPAAV 72
                              5678*******************************************************9876554 PP

>> nat_5232d22b275d6456aae5  
   #    score  bias  c-Evalue  i-Evalue hmmfrom  hmm to    alifrom  ali to    envfrom  env to     acc
 ---   ------ ----- --------- --------- ------- -------    ------- -------    ------- -------    ----
   1 !  114.2   2.7   1.3e-34   1.9e-34      12      70 ..       2      60 ..       1      61 [] 0.97

  Alignments for each domain:
  == domain 1  score: 114.2 bits;  conditional E-value: 1.3e-34
                      gvpa 12 LaevldrvLDkGiviDafvRvslvGieiltieaRvvvasvdtyLryaeavgrldevaes 70
                              Laev+dr+LDkGiv+Da+vRvslvGie+l+ieaR+vvasv+tyL+yaeavg+++++a++
  nat_5232d22b275d6456aae5  2 LAEVIDRILDKGIVVDAWVRVSLVGIELLAIEARIVVASVETYLKYAEAVGLTQSAAMP 60
                              89*****************************************************9987 PP

>> nat_3ca11356bba8d59e0a37  
   #    score  bias  c-Evalue  i-Evalue hmmfrom  hmm to    alifrom  ali to    envfrom  env to     acc
 ---   ------ ----- --------- --------- ------- -------    ------- -------    ------- -------    ----
   1 !  114.2   0.1   1.4e-34     2e-34       6      77 ..       3      74 ..       1      90 [. 0.92

  Alignments for each domain:
  == domain 1  score: 114.2 bits;  conditional E-value: 1.4e-34
                      gvpa  6 vsdsssLaevldrvLDkGiviDafvRvslvGieiltieaRvvvasvdtyLryaeavgrldevaesaaaevsk 77
                              + dsssLa vldr+LDkG+v+D ++Rvs+vGieilt+eaRvv asvdt+L+yae++++++++++s+  e  k
  nat_3ca11356bba8d59e0a37  3 QPDSSSLAAVLDRILDKGLVVDIWARVSVVGIEILTVEARVVAASVDTFLHYAENITKIEQASQSGELEEMK 74
                              689************************************************************999887766 PP

>> nat_93acd62cda39262797de  
   #    score  bias  c-Evalue  i-Evalue hmmfrom  hmm to    alifrom  ali to    envfrom  env to     acc
 ---   ------ ----- --------- --------- ------- -------    ------- -------    ------- -------    ----
   1 !  113.8   0.1   1.8e-34   2.6e-34       9      87 ..      17     118 ..      10     151 .. 0.70

  Alignments for each domain:
  == domain 1  score: 113.8 bits;  conditional E-value: 1.8e-34
                      gvpa   9 sssLaevldrvLDkGiviDafvRvslvGieiltieaRvvvasvdtyLryaeavgrld.......................evaes 70 
                               + +L++vl+++LD+G+viD fvRvslvGieil+i+aR+vvasvdtyLr+aea++rld                       ++ ++
  nat_93acd62cda39262797de  17 AGTLYDVLELILDRGMVIDVFVRVSLVGIEILKIDARIVVASVDTYLRFAEACNRLDlerdsgsttipellgggaagaakSMGKR 101
                               568******************************************************7777777777777776666333322222 PP

                      gvpa  71 aaaevskgalsgaaeai 87 
                               + +e +++    +++a+
  nat_93acd62cda39262797de 102 KVREAAHSVGDTVLKAV 118
                               23333332222333333 PP

>> nat_200ecff40f6b83ca60f9  
   #    score  bias  c-Evalue  i-Evalue hmmfrom  hmm to    alifrom  ali to    envfrom  env to     acc
 ---   ------ ----- --------- --------- ------- -------    ------- -------    ------- -------    ----
   1 !  114.0   0.2   1.5e-34   2.2e-34       6      77 ..       3      74 ..       1      90 [. 0.93

  Alignments for each domain:
  == domain 1  score: 114.0 bits;  conditional E-value: 1.5e-34
                      gvpa  6 vsdsssLaevldrvLDkGiviDafvRvslvGieiltieaRvvvasvdtyLryaeavgrldevaesaaaevsk 77
                              + dsssLa vldr+LDkG+v+D ++Rvs+vGieilt+eaRvv asvdt+L+yae++++++++++s+  e  k
  nat_200ecff40f6b83ca60f9  3 QPDSSSLAAVLDRILDKGLVVDIWARVSVVGIEILTVEARVVAASVDTFLHYAENITKIEQASQSGELEEMK 74
                              689************************************************************999887766 PP

>> nat_2685b9267d2b1a0083b0  
   #    score  bias  c-Evalue  i-Evalue hmmfrom  hmm to    alifrom  ali to    envfrom  env to     acc
 ---   ------ ----- --------- --------- ------- -------    ------- -------    ------- -------    ----
   1 !  113.9   3.1   1.6e-34   2.4e-34       1      65 [.       1      65 [.       1      70 [] 0.96

  Alignments for each domain:
  == domain 1  score: 113.9 bits;  conditional E-value: 1.6e-34
                      gvpa  1 mavekvsdsssLaevldrvLDkGiviDafvRvslvGieiltieaRvvvasvdtyLryaeavgrld 65
                              mavek+  s+sL+ev+drvLDkGiv+DafvRvslvGie+l+ie+R v+asv+t+L+yaea+g++ 
  nat_2685b9267d2b1a0083b0  1 MAVEKTLASTSLTEVVDRVLDKGIVVDAFVRVSLVGIELLSIEVRAVIASVETWLKYAEAIGLTV 65
                              9*************************************************************985 PP

>> nat_c5a4c69d0879da5e6614  
   #    score  bias  c-Evalue  i-Evalue hmmfrom  hmm to    alifrom  ali to    envfrom  env to     acc
 ---   ------ ----- --------- --------- ------- -------    ------- -------    ------- -------    ----
   1 !  113.8   0.4   1.8e-34   2.6e-34       3      82 ..       2      81 ..       1      95 [. 0.91

  Alignments for each domain:
  == domain 1  score: 113.8 bits;  conditional E-value: 1.8e-34
                      gvpa  3 vekvsdsssLaevldrvLDkGiviDafvRvslvGieiltieaRvvvasvdtyLryaeavgrldevaesaaaevskgalsg 82
                              v+++ +++sLaevldr+LDkGiviD ++Rvs+vGieilt+eaR+v asvdt+++yae++++++++++s+  e  +   +g
  nat_c5a4c69d0879da5e6614  2 VQQTPGTASLAEVLDRILDKGIVIDIWARVSVVGIEILTVEARIVAASVDTFIHYAEQIAKVEQASQSGELEDLQDLETG 81
                              78999**************************************************************9988877755555 PP

>> nat_f5d47642f8821cca8f9a  
   #    score  bias  c-Evalue  i-Evalue hmmfrom  hmm to    alifrom  ali to    envfrom  env to     acc
 ---   ------ ----- --------- --------- ------- -------    ------- -------    ------- -------    ----
   1 !  113.2   2.9   2.7e-34   3.9e-34      10      95 ..      18     115 ..      11     151 .. 0.71

  Alignments for each domain:
  == domain 1  score: 113.2 bits;  conditional E-value: 2.7e-34
                      gvpa  10 ssLaevldrvLDkGiviDafvRvslvGieiltieaRvvvasvdtyLryaeavgrld................evaesaaaevskg 78 
                                +L++vl+++LD+G+viD fvRvslvGieil+i+aR+vvasvdtyLr+aea++rld                     aa+ + k 
  nat_f5d47642f8821cca8f9a  18 GTLYDVLELILDRGMVIDVFVRVSLVGIEILKIDARIVVASVDTYLRFAEACNRLDlerdsgsttvpeliggG----AAKSIGKR 98 
                               68******************************************************88998888888755542....33333333 PP

                      gvpa  79 alsgaaeaisdalkeal 95 
                               ++  aae+++d++++a+
  nat_f5d47642f8821cca8f9a  99 KVRKAAETVGDTVRKAV 115
                               44444444444444332 PP

>> nat_873dfd59523575571c0b  
   #    score  bias  c-Evalue  i-Evalue hmmfrom  hmm to    alifrom  ali to    envfrom  env to     acc
 ---   ------ ----- --------- --------- ------- -------    ------- -------    ------- -------    ----
   1 !  113.7   1.8   1.8e-34   2.7e-34       1      72 [.       1      72 [.       1      83 [. 0.94

  Alignments for each domain:
  == domain 1  score: 113.7 bits;  conditional E-value: 1.8e-34
                      gvpa  1 mavekvsdsssLaevldrvLDkGiviDafvRvslvGieiltieaRvvvasvdtyLryaeavgrldevaesaa 72
                              ma +++ ++ssLaevldr+LDkG+v+D ++R+s+vGie+lt+eaRvv asvdt+L+yae+++++++++ s+ 
  nat_873dfd59523575571c0b  1 MATRQQPNASSLAEVLDRILDKGVVVDVWARISVVGIELLTVEARVVAASVDTFLHYAEEIAKIEQASASGD 72
                              899999************************************************************998875 PP

>> nat_2d95495542132d4c6c5b  
   #    score  bias  c-Evalue  i-Evalue hmmfrom  hmm to    alifrom  ali to    envfrom  env to     acc
 ---   ------ ----- --------- --------- ------- -------    ------- -------    ------- -------    ----
   1 !  113.7   2.8   1.9e-34   2.7e-34      12      70 ..       1      59 [.       1      60 [] 0.97

  Alignments for each domain:
  == domain 1  score: 113.7 bits;  conditional E-value: 1.9e-34
                      gvpa 12 LaevldrvLDkGiviDafvRvslvGieiltieaRvvvasvdtyLryaeavgrldevaes 70
                              Laev+dr+LDkGiv+Da+vRvslvGie+l+ieaR+vvasv+tyL+yaeavg+++++a++
  nat_2d95495542132d4c6c5b  1 LAEVIDRILDKGIVVDAWVRVSLVGIELLAIEARIVVASVETYLKYAEAVGLTQSAAMP 59
                              89*****************************************************9987 PP

>> nat_ae1ae553d673be7a537f  
   #    score  bias  c-Evalue  i-Evalue hmmfrom  hmm to    alifrom  ali to    envfrom  env to     acc
 ---   ------ ----- --------- --------- ------- -------    ------- -------    ------- -------    ----
   1 !  113.0   6.1   3.2e-34   4.7e-34      10     107 ..      18     127 ..      11     156 .. 0.79

  Alignments for each domain:
  == domain 1  score: 113.0 bits;  conditional E-value: 3.2e-34
                      gvpa  10 ssLaevldrvLDkGiviDafvRvslvGieiltieaRvvvasvdtyLryaeavgrld............evaesaaaevskgalsg 82 
                                +L++vl+++LD+G+viD fvRvslvGieil+i+aR+vvasvdtyLr+aea++rld              + saa+ + k ++  
  nat_ae1ae553d673be7a537f  18 GTLYDVLELILDRGMVIDVFVRVSLVGIEILKIDARIVVASVDTYLRFAEACNRLDlerdsssttipeLLSGSAAKSIGKRKVRK 102
                               68***************************************************************99856666666677777777 PP

                      gvpa  83 aaeaisdalkealvseesesrkssr 107
                               aae+++d++++a+   + +s++s  
  nat_ae1ae553d673be7a537f 103 AAETVGDTVRKAVGGRDDDSDESDE 127
                               7777777777665433333333222 PP

>> nat_8bb6c5a9c15b53104f77  
   #    score  bias  c-Evalue  i-Evalue hmmfrom  hmm to    alifrom  ali to    envfrom  env to     acc
 ---   ------ ----- --------- --------- ------- -------    ------- -------    ------- -------    ----
   1 !  113.6   3.0   2.1e-34     3e-34       1      66 [.       1      66 [.       1      72 [] 0.95

  Alignments for each domain:
  == domain 1  score: 113.6 bits;  conditional E-value: 2.1e-34
                      gvpa  1 mavekvsdsssLaevldrvLDkGiviDafvRvslvGieiltieaRvvvasvdtyLryaeavgrlde 66
                              m+++k+  sssLaev+dr+LDkG+v+DafvRv+lvGie+++ie+R vvasv+tyL+yaeavg++++
  nat_8bb6c5a9c15b53104f77  1 MTINKSLASSSLAEVIDRILDKGVVVDAFVRVALVGIELIAIEIRAVVASVETYLKYAEAVGLTTD 66
                              99************************************************************9975 PP

>> nat_7a647eeb22ff0d5a70c4  
   #    score  bias  c-Evalue  i-Evalue hmmfrom  hmm to    alifrom  ali to    envfrom  env to     acc
 ---   ------ ----- --------- --------- ------- -------    ------- -------    ------- -------    ----
   1 !  113.6   0.9     2e-34     3e-34       6      71 ..       5      70 ..       1      94 [. 0.88

  Alignments for each domain:
  == domain 1  score: 113.6 bits;  conditional E-value: 2e-34
                      gvpa  6 vsdsssLaevldrvLDkGiviDafvRvslvGieiltieaRvvvasvdtyLryaeavgrldevaesa 71
                                +sssL+evldr+LDkG+viD ++RvslvGieilt+eaRvvvasvdt+L+ya ++++++ ++ + 
  nat_7a647eeb22ff0d5a70c4  5 RPGSSSLVEVLDRILDKGVVIDVWARVSLVGIEILTVEARVVVASVDTFLHYAKEISKIEAAEAEV 70
                              479********************************************************9776543 PP

>> nat_70cf8e4638ff311302cb  
   #    score  bias  c-Evalue  i-Evalue hmmfrom  hmm to    alifrom  ali to    envfrom  env to     acc
 ---   ------ ----- --------- --------- ------- -------    ------- -------    ------- -------    ----
   1 !  112.9   2.6   3.3e-34   4.8e-34      10      97 ..      18     117 ..      11     146 .. 0.78

  Alignments for each domain:
  == domain 1  score: 112.9 bits;  conditional E-value: 3.3e-34
                      gvpa  10 ssLaevldrvLDkGiviDafvRvslvGieiltieaRvvvasvdtyLryaeavgrld............evaesaaaevskgalsg 82 
                                +L++vl+++LD+G+viD fvRvslvGieil+i+aR+v+asvdtyLr+aea++rld              + saa+ + k ++  
  nat_70cf8e4638ff311302cb  18 GTLYDVLELILDRGMVIDVFVRVSLVGIEILKIDARIVIASVDTYLRFAEACNRLDlerdsgsttvpeLLSGSAAKSIGKRKVRK 102
                               68******************************************************99999999988845555555555666666 PP

                      gvpa  83 aaeaisdalkealvs 97 
                               aae+++d++++a+  
  nat_70cf8e4638ff311302cb 103 AAESVGDTVRKAVGG 117
                               666666666655433 PP

>> nat_42d774e2b731f8e5de6a  
   #    score  bias  c-Evalue  i-Evalue hmmfrom  hmm to    alifrom  ali to    envfrom  env to     acc
 ---   ------ ----- --------- --------- ------- -------    ------- -------    ------- -------    ----
   1 !  113.4   0.3   2.3e-34   3.3e-34       6      77 ..       3      74 ..       1      90 [. 0.93

  Alignments for each domain:
  == domain 1  score: 113.4 bits;  conditional E-value: 2.3e-34
                      gvpa  6 vsdsssLaevldrvLDkGiviDafvRvslvGieiltieaRvvvasvdtyLryaeavgrldevaesaaaevsk 77
                              + dsssLa vldr+LDkG+v+D ++Rvs+vGieilt+eaRvv asvdt+L+yae++++++++++s+  e  k
  nat_42d774e2b731f8e5de6a  3 NPDSSSLAAVLDRILDKGLVVDIWARVSVVGIEILTVEARVVAASVDTFLHYAENITKIEQASQSGDMEELK 74
                              579************************************************************999887766 PP

>> nat_0a5813d34fb4f832fd7d  
   #    score  bias  c-Evalue  i-Evalue hmmfrom  hmm to    alifrom  ali to    envfrom  env to     acc
 ---   ------ ----- --------- --------- ------- -------    ------- -------    ------- -------    ----
   1 !  113.3   1.5   2.5e-34   3.7e-34       5      83 ..       4      82 ..       1      94 [. 0.89

  Alignments for each domain:
  == domain 1  score: 113.3 bits;  conditional E-value: 2.5e-34
                      gvpa  5 kvsdsssLaevldrvLDkGiviDafvRvslvGieiltieaRvvvasvdtyLryaeavgrldevaesaaaevskgalsga 83
                              ++ ++ssLaevldr+LDkG+viD ++Rvs+vGieilt+eaRvvvasvdt+++ya++++ ++++++s+  e  +   +g+
  nat_0a5813d34fb4f832fd7d  4 QSPNASSLAEVLDRILDKGMVIDVWARVSVVGIEILTVEARVVVASVDTFIHYAQQISMIEQASQSGELEDMQDLETGV 82
                              56899*************************************************************9999888776665 PP

>> nat_373d638b02f47e751a57  
   #    score  bias  c-Evalue  i-Evalue hmmfrom  hmm to    alifrom  ali to    envfrom  env to     acc
 ---   ------ ----- --------- --------- ------- -------    ------- -------    ------- -------    ----
   1 !  113.1   1.4   2.9e-34   4.3e-34       5      83 ..       4      82 ..       1      94 [. 0.90

  Alignments for each domain:
  == domain 1  score: 113.1 bits;  conditional E-value: 2.9e-34
                      gvpa  5 kvsdsssLaevldrvLDkGiviDafvRvslvGieiltieaRvvvasvdtyLryaeavgrldevaesaaaevskgalsga 83
                              ++ ++ssLaevldr+LDkG+viD ++Rvs+vGieilt+eaRvvvasvdt+++ya++++ ++++++s+  e  +   +g+
  nat_373d638b02f47e751a57  4 NTPNASSLAEVLDRILDKGMVIDVWARVSVVGIEILTVEARVVVASVDTFIHYAQQISMIEQASQSGELEDMQDLETGV 82
                              56899*************************************************************9999888776665 PP

>> nat_34e09ae9d7236edc844b  
   #    score  bias  c-Evalue  i-Evalue hmmfrom  hmm to    alifrom  ali to    envfrom  env to     acc
 ---   ------ ----- --------- --------- ------- -------    ------- -------    ------- -------    ----
   1 !  112.9   2.0   3.4e-34   5.1e-34       3      74 ..       2      73 ..       1      84 [. 0.92

  Alignments for each domain:
  == domain 1  score: 112.9 bits;  conditional E-value: 3.4e-34
                      gvpa  3 vekvsdsssLaevldrvLDkGiviDafvRvslvGieiltieaRvvvasvdtyLryaeavgrldevaesaaae 74
                              ve   ++ssLa+vldrvLDkGiviD ++Rvs+vGie+lt+eaRvvvasvdt+L+ya +++++++++ s+  e
  nat_34e09ae9d7236edc844b  2 VETGPNTSSLADVLDRVLDKGIVIDIWARVSVVGIELLTVEARVVVASVDTFLQYASEMAKIERAEASGELE 73
                              677889*********************************************************999988655 PP

>> nat_90c029da4514f00630c7  
   #    score  bias  c-Evalue  i-Evalue hmmfrom  hmm to    alifrom  ali to    envfrom  env to     acc
 ---   ------ ----- --------- --------- ------- -------    ------- -------    ------- -------    ----
   1 !  112.8   2.7   3.5e-34   5.1e-34       2      69 ..       3      70 ..       1      80 [. 0.93

  Alignments for each domain:
  == domain 1  score: 112.8 bits;  conditional E-value: 3.5e-34
                      gvpa  2 avekvsdsssLaevldrvLDkGiviDafvRvslvGieiltieaRvvvasvdtyLryaeavgrldevae 69
                              a++k+ dsssLaev+dr+LDkG+viD ++ vslvGie+ltieaR+v+asv t+L+ya+avg+l++ +e
  nat_90c029da4514f00630c7  3 AIQKSVDSSSLAEVVDRILDKGVVIDIWACVSLVGIELLTIEARIVIASVKTWLKYADAVGLLKKDKE 70
                              89************************************************************996554 PP

>> nat_7b672bf4b057eba2ffac  
   #    score  bias  c-Evalue  i-Evalue hmmfrom  hmm to    alifrom  ali to    envfrom  env to     acc
 ---   ------ ----- --------- --------- ------- -------    ------- -------    ------- -------    ----
   1 !  112.8   0.9   3.6e-34   5.4e-34       7     100 ..       9     102 ..       1     119 [. 0.77

  Alignments for each domain:
  == domain 1  score: 112.8 bits;  conditional E-value: 3.6e-34
                      gvpa   7 sdsssLaevldrvLDkGiviDafvRvslvGieiltieaRvvvasvdtyLryaeavgrldevaesaaaevskgalsgaaeais.da 90 
                                +s  L+evldr+LDkG+viD ++R+slvGieilt+eaRvv+asvdt+L+ya++++r++ ++e++a +  + +     e+   ++
  nat_7b672bf4b057eba2ffac   9 PQSGQLVEVLDRILDKGVVIDVWARISLVGIEILTVEARVVIASVDTFLHYAQEISRIEAAEEEGALDELDIRSRDQKESEWkQS 93 
                               67889**********************************************************9999888766655555443023 PP

                      gvpa  91 lkealvsees 100
                               l++  +++es
  nat_7b672bf4b057eba2ffac  94 LQQE-SQQES 102
                               3332.22222 PP

>> nat_fc382b09fdd1c909c75c  
   #    score  bias  c-Evalue  i-Evalue hmmfrom  hmm to    alifrom  ali to    envfrom  env to     acc
 ---   ------ ----- --------- --------- ------- -------    ------- -------    ------- -------    ----
   1 !  112.8   0.2   3.5e-34   5.1e-34       6      77 ..       3      74 ..       1      90 [. 0.93

  Alignments for each domain:
  == domain 1  score: 112.8 bits;  conditional E-value: 3.5e-34
                      gvpa  6 vsdsssLaevldrvLDkGiviDafvRvslvGieiltieaRvvvasvdtyLryaeavgrldevaesaaaevsk 77
                              + dsssLa vldr+LDkG+v+D ++R+s+vGieilt+eaRvv asvdt+L+yae++++++++++s+  e  k
  nat_fc382b09fdd1c909c75c  3 NPDSSSLAAVLDRILDKGLVVDIWARISVVGIEILTVEARVVAASVDTFLHYAENITKIEQASQSGDLEEMK 74
                              579************************************************************999877766 PP

>> nat_53979ea823175001b77b  
   #    score  bias  c-Evalue  i-Evalue hmmfrom  hmm to    alifrom  ali to    envfrom  env to     acc
 ---   ------ ----- --------- --------- ------- -------    ------- -------    ------- -------    ----
   1 !  112.7   0.5   3.7e-34   5.5e-34       5      83 ..       4      82 ..       1      93 [. 0.91

  Alignments for each domain:
  == domain 1  score: 112.7 bits;  conditional E-value: 3.7e-34
                      gvpa  5 kvsdsssLaevldrvLDkGiviDafvRvslvGieiltieaRvvvasvdtyLryaeavgrldevaesaaaevskgalsga 83
                              ++ ++ssLaevldr+LDkG+viD ++R+s+vGieilt+eaRvvvasvdt+++ya++++ ++++++++  e  +   +g+
  nat_53979ea823175001b77b  4 NTPNASSLAEVLDRILDKGMVIDVWARISVVGIEILTVEARVVVASVDTFIHYAQQISMIEQASQTGELEDMQNLETGV 82
                              56899************************************************************99998888766665 PP

>> nat_4b3cb9501939449bf9be  
   #    score  bias  c-Evalue  i-Evalue hmmfrom  hmm to    alifrom  ali to    envfrom  env to     acc
 ---   ------ ----- --------- --------- ------- -------    ------- -------    ------- -------    ----
   1 !  111.8   3.0   7.2e-34   1.1e-33       8      96 ..      17     117 ..      11     151 .. 0.67

  Alignments for each domain:
  == domain 1  score: 111.8 bits;  conditional E-value: 7.2e-34
                      gvpa   8 dsssLaevldrvLDkGiviDafvRvslvGieiltieaRvvvasvdtyLryaeavgrld.......................evae 69 
                                s +L++vl+++LD+G+viD f+RvslvGieil+++aR+vvasvdtyLr+aea++rld                       +   
  nat_4b3cb9501939449bf9be  17 RSGTLYDVLELILDRGMVIDVFIRVSLVGIEILKVDARIVVASVDTYLRFAEACNRLDlerdsgsttvpelfgggaakavgK--- 98 
                               5789******************************************************889999888887665533332220... PP

                      gvpa  70 saaaevskgalsgaaeaisdalkealv 96 
                                        ++  aa+++++++++ + 
  nat_4b3cb9501939449bf9be  99 --------RKVRRAADTVGETVRKVVG 117
                               ........3333333333333333222 PP

>> nat_a66f240c8435d5f7eedc  
   #    score  bias  c-Evalue  i-Evalue hmmfrom  hmm to    alifrom  ali to    envfrom  env to     acc
 ---   ------ ----- --------- --------- ------- -------    ------- -------    ------- -------    ----
   1 !  112.6   1.9   4.1e-34     6e-34       2      77 ..       3      78 ..       1      83 [] 0.92

  Alignments for each domain:
  == domain 1  score: 112.6 bits;  conditional E-value: 4.1e-34
                      gvpa  2 avekvsdsssLaevldrvLDkGiviDafvRvslvGieiltieaRvvvasvdtyLryaeavgrldevaesaaaevsk 77
                              a++k+ ++ssLaev+dr+LDkG+viD ++ vslvGie+ltieaR+v+asv t+L+yaeavg+l+++ +    evs+
  nat_a66f240c8435d5f7eedc  3 AIQKSVNTSSLAEVVDRILDKGVVIDIWAVVSLVGIELLTIEARIVIASVKTWLKYAEAVGLLKDAPHHLFDEVSE 78
                              899*************************************************************887776666665 PP

>> nat_48837acd9988d5a6289d  
   #    score  bias  c-Evalue  i-Evalue hmmfrom  hmm to    alifrom  ali to    envfrom  env to     acc
 ---   ------ ----- --------- --------- ------- -------    ------- -------    ------- -------    ----
   1 !  112.5   1.6   4.4e-34   6.5e-34       1      65 [.       1      65 [.       1      70 [] 0.96

  Alignments for each domain:
  == domain 1  score: 112.5 bits;  conditional E-value: 4.4e-34
                      gvpa  1 mavekvsdsssLaevldrvLDkGiviDafvRvslvGieiltieaRvvvasvdtyLryaeavgrld 65
                              ma+ek+  s+s+aev+drvLDkGiv+DafvR+slvGie+l+ie R vvasv+t+L+yaea+g++ 
  nat_48837acd9988d5a6289d  1 MAIEKSLASASIAEVIDRVLDKGIVVDAFVRISLVGIELLAIELRAVVASVETWLKYAEAIGLTV 65
                              9*************************************************************985 PP

>> nat_074f333dec93d43ec001  
   #    score  bias  c-Evalue  i-Evalue hmmfrom  hmm to    alifrom  ali to    envfrom  env to     acc
 ---   ------ ----- --------- --------- ------- -------    ------- -------    ------- -------    ----
   1 !  111.8   3.9   7.4e-34   1.1e-33       9     111 ..      17     137 ..      10     152 .. 0.73

  Alignments for each domain:
  == domain 1  score: 111.8 bits;  conditional E-value: 7.4e-34
                      gvpa   9 sssLaevldrvLDkGiviDafvRvslvGieiltieaRvvvasvdtyLryaeavgrld................evaesaaaevsk 77 
                               + +L++vl+++LD+G+viD f+RvslvGieil+i+aR+vvasvdtyLr+aea++rld                      a+ v k
  nat_074f333dec93d43ec001  17 AGTLYDVLELILDRGMVIDVFIRVSLVGIEILKIDARIVVASVDTYLRFAEACNRLDlerdsgsttvpellsgG----VAKSVGK 97 
                               568******************************************************99999998888744443....3333444 PP

                      gvpa  78 galsgaaeaisdalkeal......vseesesrkssrassr 111
                                ++  aae+++d++++a+      +++e e ++  r ++r
  nat_074f333dec93d43ec001  98 RKVRKAAETVGDTVRKAVgggddkSDDEDEDEQYERPRKR 137
                               4455555555555554431111103333444444444444 PP

>> nat_4a87fc740463a61b2d05  
   #    score  bias  c-Evalue  i-Evalue hmmfrom  hmm to    alifrom  ali to    envfrom  env to     acc
 ---   ------ ----- --------- --------- ------- -------    ------- -------    ------- -------    ----
   1 !  112.3   0.2   5.2e-34   7.6e-34       6      87 ..      11      92 ..       4     109 .] 0.84

  Alignments for each domain:
  == domain 1  score: 112.3 bits;  conditional E-value: 5.2e-34
                      gvpa  6 vsdsssLaevldrvLDkGiviDafvRvslvGieiltieaRvvvasvdtyLryaeavgrldevaesaaaevskgalsgaaeai 87
                                d+ssL+ev+dr+LDkG+viD ++Rvs+vGieilt+eaR+vvasvdt+L+ya  ++ l+ev es+  e  k    g+   +
  nat_4a87fc740463a61b2d05 11 RPDTSSLVEVIDRILDKGVVIDLWARVSIVGIEILTVEARIVVASVDTFLHYAKHISILEEVCESGDLEDLKNLEIGTSPMV 92
                              579**************************************************************99988887665554444 PP

>> nat_b28a6bed955c267791e6  
   #    score  bias  c-Evalue  i-Evalue hmmfrom  hmm to    alifrom  ali to    envfrom  env to     acc
 ---   ------ ----- --------- --------- ------- -------    ------- -------    ------- -------    ----
   1 !  112.2   0.3   5.6e-34   8.2e-34       6      87 ..      11      92 ..       4     109 .] 0.84

  Alignments for each domain:
  == domain 1  score: 112.2 bits;  conditional E-value: 5.6e-34
                      gvpa  6 vsdsssLaevldrvLDkGiviDafvRvslvGieiltieaRvvvasvdtyLryaeavgrldevaesaaaevskgalsgaaeai 87
                                d+ssL+ev+dr+LDkG+viD ++Rvs+vGieilt+eaR+vvasvdt+L+ya  ++ l+ev es+  e  k    g+   +
  nat_b28a6bed955c267791e6 11 RPDTSSLVEVIDRILDKGVVIDLWARVSIVGIEILTVEARIVVASVDTFLHYAKHISILEEVCESGDLEDLKNLEIGTSPMV 92
                              579**************************************************************99988886655554443 PP

>> nat_db099662bae325b9438c  
   #    score  bias  c-Evalue  i-Evalue hmmfrom  hmm to    alifrom  ali to    envfrom  env to     acc
 ---   ------ ----- --------- --------- ------- -------    ------- -------    ------- -------    ----
   1 !  112.2   3.6   5.6e-34   8.3e-34       1      69 [.       1      69 [.       1      72 [] 0.95

  Alignments for each domain:
  == domain 1  score: 112.2 bits;  conditional E-value: 5.6e-34
                      gvpa  1 mavekvsdsssLaevldrvLDkGiviDafvRvslvGieiltieaRvvvasvdtyLryaeavgrldevae 69
                              m+++k+  sssLaev+dr+LDkG+v+Daf+Rv+lvGie+++ie+R vvasv+tyL+yaeavg++++ a 
  nat_db099662bae325b9438c  1 MTINKSLASSSLAEVIDRILDKGVVVDAFIRVALVGIELIAIEIRAVVASVETYLKYAEAVGLTTDPAA 69
                              99*************************************************************987655 PP

>> nat_391901271c49a6d9d54b  
   #    score  bias  c-Evalue  i-Evalue hmmfrom  hmm to    alifrom  ali to    envfrom  env to     acc
 ---   ------ ----- --------- --------- ------- -------    ------- -------    ------- -------    ----
   1 !  112.2   1.5   5.3e-34   7.9e-34       4      66 ..       2      64 ..       1      73 [] 0.92

  Alignments for each domain:
  == domain 1  score: 112.2 bits;  conditional E-value: 5.3e-34
                      gvpa  4 ekvsdsssLaevldrvLDkGiviDafvRvslvGieiltieaRvvvasvdtyLryaeavgrlde 66
                              +k+ dsssLaev+dr+LDkGiviD ++RvslvGie+l+ieaRvv+asv t+L ya+avg+l+ 
  nat_391901271c49a6d9d54b  2 KKAIDSSSLAEVIDRILDKGIVIDVWARVSLVGIELLAIEARVVIASVHTWLVYADAVGLLKP 64
                              5788*******************************************************9983 PP

>> nat_6dc60142a293ec7c6dcb  
   #    score  bias  c-Evalue  i-Evalue hmmfrom  hmm to    alifrom  ali to    envfrom  env to     acc
 ---   ------ ----- --------- --------- ------- -------    ------- -------    ------- -------    ----
   1 !  112.1   2.1   5.9e-34   8.7e-34       3      72 ..       2      71 ..       1      86 [. 0.89

  Alignments for each domain:
  == domain 1  score: 112.1 bits;  conditional E-value: 5.9e-34
                      gvpa  3 vekvsdsssLaevldrvLDkGiviDafvRvslvGieiltieaRvvvasvdtyLryaeavgrldevaesaa 72
                              v+ + +sssLa+vldr+LDkG+viD ++R+s+vGie+lt+eaRvvvasvdt+L+ya ++++l++++ +  
  nat_6dc60142a293ec7c6dcb  2 VQAEPNSSSLADVLDRILDKGVVIDVWARISVVGIEVLTVEARVVVASVDTFLHYAKEMAKLERASSEDE 71
                              678899*********************************************************8876554 PP

>> nat_fb877ea45a36f28c6227  
   #    score  bias  c-Evalue  i-Evalue hmmfrom  hmm to    alifrom  ali to    envfrom  env to     acc
 ---   ------ ----- --------- --------- ------- -------    ------- -------    ------- -------    ----
   1 !  112.0   2.3   6.3e-34   9.3e-34       3      73 ..       2      72 ..       1      86 [. 0.88

  Alignments for each domain:
  == domain 1  score: 112.0 bits;  conditional E-value: 6.3e-34
                      gvpa  3 vekvsdsssLaevldrvLDkGiviDafvRvslvGieiltieaRvvvasvdtyLryaeavgrldevaesaaa 73
                              ve + +sssLa+vldr+LDkG+viD ++R+s+vGie+lt+eaRvvvasvdt+L+ya ++++l++++ +   
  nat_fb877ea45a36f28c6227  2 VEANPNSSSLADVLDRILDKGVVIDVWARISVVGIEVLTVEARVVVASVDTFLHYAKEMAKLERASSEDEV 72
                              678899*********************************************************88766544 PP

>> nat_9fd0842a53e077dc147a  
   #    score  bias  c-Evalue  i-Evalue hmmfrom  hmm to    alifrom  ali to    envfrom  env to     acc
 ---   ------ ----- --------- --------- ------- -------    ------- -------    ------- -------    ----
   1 !  112.0   0.1   6.3e-34   9.3e-34       6      87 ..      13      94 ..       6     111 .] 0.84

  Alignments for each domain:
  == domain 1  score: 112.0 bits;  conditional E-value: 6.3e-34
                      gvpa  6 vsdsssLaevldrvLDkGiviDafvRvslvGieiltieaRvvvasvdtyLryaeavgrldevaesaaaevskgalsgaaeai 87
                                d+ssL+ev+dr+LDkG+viD ++Rvs+vGieilt+eaR+vvasvdt+L+ya  ++ l+ev es+  e  k    g+   +
  nat_9fd0842a53e077dc147a 13 RPDTSSLVEVIDRILDKGVVIDLWARVSIVGIEILTVEARIVVASVDTFLHYAKHISILEEVCESGDLEDLKNLEIGTSPMV 94
                              579**************************************************************99988887655554433 PP

>> nat_9c754b1740d1977b7a29  
   #    score  bias  c-Evalue  i-Evalue hmmfrom  hmm to    alifrom  ali to    envfrom  env to     acc
 ---   ------ ----- --------- --------- ------- -------    ------- -------    ------- -------    ----
   1 !  111.4   0.2   9.5e-34   1.4e-33      10     111 ..      18     139 ..      11     153 .. 0.70

  Alignments for each domain:
  == domain 1  score: 111.4 bits;  conditional E-value: 9.5e-34
                      gvpa  10 ssLaevldrvLDkGiviDafvRvslvGieiltieaRvvvasvdtyLryaeavgrld....................evaesaaae 74 
                                +L++ l+++LD+G+viD fvRvslvGieil+i+aR+vvasvdtyLr+aea++rld                    +     ++ 
  nat_9c754b1740d1977b7a29  18 GTLYDTLELILDRGMVIDVFVRVSLVGIEILKIDARIVVASVDTYLRFAEACNRLDlerdsgsttipellggsaarS----IGKR 98 
                               689****************************************************************9999955551....4444 PP

                      gvpa  75 vskgalsgaaeaisdalk....ealvseesesrkssrassr 111
                               +++ a +++ +++ + ++    ++ + +e e+++  + ++r
  nat_9c754b1740d1977b7a29  99 KARKAATSMGDTVRKVIGgrddDSDELDEDEEEQQEQPRKR 139
                               44444444444443333300002222222223333333333 PP

>> nat_3dd2d389f45d6f0511d2  
   #    score  bias  c-Evalue  i-Evalue hmmfrom  hmm to    alifrom  ali to    envfrom  env to     acc
 ---   ------ ----- --------- --------- ------- -------    ------- -------    ------- -------    ----
   1 !  111.9   0.5   6.8e-34     1e-33       5      74 ..       4      73 ..       1      89 [. 0.91

  Alignments for each domain:
  == domain 1  score: 111.9 bits;  conditional E-value: 6.8e-34
                      gvpa  5 kvsdsssLaevldrvLDkGiviDafvRvslvGieiltieaRvvvasvdtyLryaeavgrldevaesaaae 74
                              +  ++ssLa+vldr+LDkG+viD ++R+s++Gieilt+eaRvvvasvdt+L+ya +++r++ ++es+  e
  nat_3dd2d389f45d6f0511d2  4 QRPGTSSLADVLDRILDKGVVIDIWARISIIGIEILTVEARVVVASVDTFLHYAKEISRIELASESGDLE 73
                              45799********************************************************999998665 PP

>> nat_6b94719ca1a990ee1d8f  
   #    score  bias  c-Evalue  i-Evalue hmmfrom  hmm to    alifrom  ali to    envfrom  env to     acc
 ---   ------ ----- --------- --------- ------- -------    ------- -------    ------- -------    ----
   1 !  111.9   1.7   6.9e-34     1e-33       6      74 ..       5      73 ..       1      86 [. 0.90

  Alignments for each domain:
  == domain 1  score: 111.9 bits;  conditional E-value: 6.9e-34
                      gvpa  6 vsdsssLaevldrvLDkGiviDafvRvslvGieiltieaRvvvasvdtyLryaeavgrldevaesaaae 74
                              + ++ssLaevldr+LDkG+v+D ++Rvs+vGie+lt+eaRvv asvdt+L+yae+++++++++ s+  +
  nat_6b94719ca1a990ee1d8f  5 QPNASSLAEVLDRILDKGVVVDVWARVSVVGIELLTVEARVVAASVDTFLHYAEEIAKIEQASASGDMD 73
                              6789********************************************************999988665 PP

>> nat_aa482e3cb48c4d364fbf  
   #    score  bias  c-Evalue  i-Evalue hmmfrom  hmm to    alifrom  ali to    envfrom  env to     acc
 ---   ------ ----- --------- --------- ------- -------    ------- -------    ------- -------    ----
   1 !  111.9   1.5   6.8e-34     1e-33       7      69 ..       5      67 ..       1      71 [] 0.90

  Alignments for each domain:
  == domain 1  score: 111.9 bits;  conditional E-value: 6.8e-34
                      gvpa  7 sdsssLaevldrvLDkGiviDafvRvslvGieiltieaRvvvasvdtyLryaeavgrldevae 69
                                +ssLaev+dr+LDkGiviDaf+RvslvGie+l+ieaR+v+asv+t+L yaeavg+++   e
  nat_aa482e3cb48c4d364fbf  5 VAASSLAEVIDRILDKGIVIDAFARVSLVGIELLAIEARIVIASVETWLLYAEAVGLTKGKWE 67
                              578******************************************************985544 PP

>> nat_10268ee8450e0bb5a453  
   #    score  bias  c-Evalue  i-Evalue hmmfrom  hmm to    alifrom  ali to    envfrom  env to     acc
 ---   ------ ----- --------- --------- ------- -------    ------- -------    ------- -------    ----
   1 !  111.7   0.2   7.7e-34   1.1e-33       1      66 [.       1      66 [.       1      72 [. 0.96

  Alignments for each domain:
  == domain 1  score: 111.7 bits;  conditional E-value: 7.7e-34
                      gvpa  1 mavekvsdsssLaevldrvLDkGiviDafvRvslvGieiltieaRvvvasvdtyLryaeavgrlde 66
                              m+++ +++ ssL+evldrvLDkG+v+D +++vslvGie+l++eaRvv+asvdt+L+ya+avg+l+ 
  nat_10268ee8450e0bb5a453  1 MSIRTSTQPSSLVEVLDRVLDKGVVVDLWAKVSLVGIELLAVEARVVIASVDTWLKYADAVGLLQP 66
                              899999********************************************************9985 PP

>> nat_5577d4ac8367231fcec5  
   #    score  bias  c-Evalue  i-Evalue hmmfrom  hmm to    alifrom  ali to    envfrom  env to     acc
 ---   ------ ----- --------- --------- ------- -------    ------- -------    ------- -------    ----
   1 !  111.7   0.4   7.7e-34   1.1e-33       5      75 ..       4      74 ..       1      89 [. 0.90

  Alignments for each domain:
  == domain 1  score: 111.7 bits;  conditional E-value: 7.7e-34
                      gvpa  5 kvsdsssLaevldrvLDkGiviDafvRvslvGieiltieaRvvvasvdtyLryaeavgrldevaesaaaev 75
                              +  ++ssLa+vldr+LDkG+viD ++R+s++Gieilt+eaR+vvasvdt+L+ya +++r++ ++es+  e 
  nat_5577d4ac8367231fcec5  4 QRPGTSSLADVLDRILDKGVVIDIWARISIIGIEILTVEARIVVASVDTFLHYAKEISRIELASESGELED 74
                              45799********************************************************9999987665 PP

>> nat_0b5cd7683d0975317579  
   #    score  bias  c-Evalue  i-Evalue hmmfrom  hmm to    alifrom  ali to    envfrom  env to     acc
 ---   ------ ----- --------- --------- ------- -------    ------- -------    ------- -------    ----
   1 !  111.6   3.8   8.2e-34   1.2e-33       1      69 [.       1      69 [.       1      72 [] 0.95

  Alignments for each domain:
  == domain 1  score: 111.6 bits;  conditional E-value: 8.2e-34
                      gvpa  1 mavekvsdsssLaevldrvLDkGiviDafvRvslvGieiltieaRvvvasvdtyLryaeavgrldevae 69
                              m+++k+  sssLaev+dr+LDkG+v+Daf+Rv+lvGie++++e+R vvasv+tyL+yaeavg++++ a 
  nat_0b5cd7683d0975317579  1 MTINKSLASSSLAEVIDRILDKGVVVDAFIRVALVGIELIAVEIRAVVASVETYLKYAEAVGLTTDPAA 69
                              99*************************************************************987655 PP

>> nat_29752096fb51cc573566  
   #    score  bias  c-Evalue  i-Evalue hmmfrom  hmm to    alifrom  ali to    envfrom  env to     acc
 ---   ------ ----- --------- --------- ------- -------    ------- -------    ------- -------    ----
   1 !  111.6   3.4   8.5e-34   1.2e-33       1      66 [.       1      66 [.       1      70 [] 0.96

  Alignments for each domain:
  == domain 1  score: 111.6 bits;  conditional E-value: 8.5e-34
                      gvpa  1 mavekvsdsssLaevldrvLDkGiviDafvRvslvGieiltieaRvvvasvdtyLryaeavgrlde 66
                              m+++k+  sssLaev+dr+LDkG+v+Daf+Rv+lvGie+++ie+R vvasv+tyL+yaeavg++++
  nat_29752096fb51cc573566  1 MTINKSLASSSLAEVIDRILDKGVVVDAFIRVALVGIELIAIEIRAVVASVETYLKYAEAVGLTTD 66
                              99************************************************************9975 PP

>> nat_910f1df4ae7a7e4e1292  
   #    score  bias  c-Evalue  i-Evalue hmmfrom  hmm to    alifrom  ali to    envfrom  env to     acc
 ---   ------ ----- --------- --------- ------- -------    ------- -------    ------- -------    ----
   1 !  111.6   1.5   8.2e-34   1.2e-33       2      68 ..       3      69 ..       1      83 [] 0.89

  Alignments for each domain:
  == domain 1  score: 111.6 bits;  conditional E-value: 8.2e-34
                      gvpa  2 avekvsdsssLaevldrvLDkGiviDafvRvslvGieiltieaRvvvasvdtyLryaeavgrldeva 68
                              a++k+ ++ssLaev+dr+LDkG+viD ++ vslvGie+ltieaR+v+asv t+L+yaeavg+l++  
  nat_910f1df4ae7a7e4e1292  3 AIQKSVNTSSLAEVVDRILDKGVVIDIWAVVSLVGIELLTIEARIVIASVKTWLKYAEAVGLLKDSP 69
                              899***********************************************************99654 PP

>> nat_dbbc85b2e6d8fc6f3682  
   #    score  bias  c-Evalue  i-Evalue hmmfrom  hmm to    alifrom  ali to    envfrom  env to     acc
 ---   ------ ----- --------- --------- ------- -------    ------- -------    ------- -------    ----
   1 !  110.6   3.8   1.7e-33   2.5e-33       8      94 ..      17     115 ..      11     153 .. 0.68

  Alignments for each domain:
  == domain 1  score: 110.6 bits;  conditional E-value: 1.7e-33
                      gvpa   8 dsssLaevldrvLDkGiviDafvRvslvGieiltieaRvvvasvdtyLryaeavgrld....................evaesaa 72 
                                s +L++vl+++LD+G+viD f+RvslvGieil+++aR+vvasvdtyLr+aea++rld                           
  nat_dbbc85b2e6d8fc6f3682  17 RSGTLYDVLELILDRGMVIDVFIRVSLVGIEILKVDARIVVASVDTYLRFAEACNRLDlerdsgsttvpelfgggaakA------ 95 
                               5789******************************************************888888887777555543331...... PP

                      gvpa  73 aevskgalsgaaeaisdalkea 94 
                                 v k ++  aa+++++++++ 
  nat_dbbc85b2e6d8fc6f3682  96 --VGKRKVRRAADTVGETVRKV 115
                               ..22222333333333333222 PP

>> nat_fb2578ea0ecaed2ea0af  
   #    score  bias  c-Evalue  i-Evalue hmmfrom  hmm to    alifrom  ali to    envfrom  env to     acc
 ---   ------ ----- --------- --------- ------- -------    ------- -------    ------- -------    ----
   1 !  110.5   6.6   1.8e-33   2.7e-33      10     103 ..      18     123 ..      11     156 .. 0.74

  Alignments for each domain:
  == domain 1  score: 110.5 bits;  conditional E-value: 1.8e-33
                      gvpa  10 ssLaevldrvLDkGiviDafvRvslvGieiltieaRvvvasvdtyLryaeavgrld............evaesaaaevskgalsg 82 
                                +L++vl+++LD+G+viD fvRvslvGieil+i+aR+vvasvdtyLr+aea++rld              +  aa+ + k ++  
  nat_fb2578ea0ecaed2ea0af  18 GTLYDVLELILDRGMVIDVFVRVSLVGIEILKIDARIVVASVDTYLRFAEACNRLDlerdsssttipeLLSGGAAKSIGKRKVRK 102
                               68******************************************************99999999998734444444455556666 PP

                      gvpa  83 aaeaisdalkealvseesesr 103
                               aae+++d++++a+   +  s+
  nat_fb2578ea0ecaed2ea0af 103 AAETVGDTVRKAVGGRDDGSD 123
                               666666666655432222222 PP

>> nat_d7b124bfad426ab2d29d  
   #    score  bias  c-Evalue  i-Evalue hmmfrom  hmm to    alifrom  ali to    envfrom  env to     acc
 ---   ------ ----- --------- --------- ------- -------    ------- -------    ------- -------    ----
   1 !  111.4   4.2     1e-33   1.5e-33       1      66 [.       1      66 [.       1      70 [] 0.96

  Alignments for each domain:
  == domain 1  score: 111.4 bits;  conditional E-value: 1e-33
                      gvpa  1 mavekvsdsssLaevldrvLDkGiviDafvRvslvGieiltieaRvvvasvdtyLryaeavgrlde 66
                              ma+ek+  s+s+aev+dr+LDkG+viDafvRvslvGie+++ie+R vvas++t+L+yaeavg++ +
  nat_d7b124bfad426ab2d29d  1 MAIEKSVASASIAEVIDRILDKGVVIDAFVRVSLVGIELIAIEVRAVVASIETWLKYAEAVGLTMD 66
                              9*************************************************************9865 PP

>> nat_f87e80c34ba5c8c8909b  
   #    score  bias  c-Evalue  i-Evalue hmmfrom  hmm to    alifrom  ali to    envfrom  env to     acc
 ---   ------ ----- --------- --------- ------- -------    ------- -------    ------- -------    ----
   1 !  111.1   2.6   1.2e-33   1.7e-33       3      72 ..       2      71 ..       1      86 [. 0.88

  Alignments for each domain:
  == domain 1  score: 111.1 bits;  conditional E-value: 1.2e-33
                      gvpa  3 vekvsdsssLaevldrvLDkGiviDafvRvslvGieiltieaRvvvasvdtyLryaeavgrldevaesaa 72
                              v+   +sssLa+vldr+LDkG+viD ++R+s+vGie+lt+eaRvvvasvdt+L+ya ++++l++++    
  nat_f87e80c34ba5c8c8909b  2 VQADPNSSSLADVLDRILDKGVVIDVWARISVVGIEVLTVEARVVVASVDTFLHYAKEMAKLERASSDDE 71
                              677889*********************************************************8776554 PP

>> nat_ffe402200c3540873462  
   #    score  bias  c-Evalue  i-Evalue hmmfrom  hmm to    alifrom  ali to    envfrom  env to     acc
 ---   ------ ----- --------- --------- ------- -------    ------- -------    ------- -------    ----
   1 !  111.1   1.3   1.2e-33   1.8e-33      10      70 ..       1      61 [.       1      62 [] 0.96

  Alignments for each domain:
  == domain 1  score: 111.1 bits;  conditional E-value: 1.2e-33
                      gvpa 10 ssLaevldrvLDkGiviDafvRvslvGieiltieaRvvvasvdtyLryaeavgrldevaes 70
                              ssLaev+dr+LDkGiviDa+ +vslvGie+l++eaRvv+asv+tyL+yaea+g+++ +a +
  nat_ffe402200c3540873462  1 SSLAEVVDRILDKGIVIDAWLKVSLVGIELLAVEARVVIASVETYLKYAEAIGLTAPAAAP 61
                              89****************************************************9987765 PP

>> nat_6ec46415f5fc553cea18  
   #    score  bias  c-Evalue  i-Evalue hmmfrom  hmm to    alifrom  ali to    envfrom  env to     acc
 ---   ------ ----- --------- --------- ------- -------    ------- -------    ------- -------    ----
   1 !  110.1   4.1   2.5e-33   3.7e-33      10     102 ..      18     122 ..      11     151 .. 0.74

  Alignments for each domain:
  == domain 1  score: 110.1 bits;  conditional E-value: 2.5e-33
                      gvpa  10 ssLaevldrvLDkGiviDafvRvslvGieiltieaRvvvasvdtyLryaeavgrld............evaesaaaevskgalsg 82 
                                +L++vl+++LD+G+viD f+RvslvGieil+i+aR+vvasvdtyLr+aea++rld                 aa+ v k ++  
  nat_6ec46415f5fc553cea18  18 GTLYDVLELILDRGMVIDVFIRVSLVGIEILKIDARIVVASVDTYLRFAEACNRLDlerdsgsttvpeLFGGGAAKAVGKRKVRK 102
                               68******************************************************88888877777523333344444555555 PP

                      gvpa  83 aaeaisdalkealvseeses 102
                               aa++++d+++ a+   +s+ 
  nat_6ec46415f5fc553cea18 103 AADTVGDTMRRAVGGGDSSD 122
                               66666666655554433333 PP

>> nat_130e62fc868ae20abbc4  
   #    score  bias  c-Evalue  i-Evalue hmmfrom  hmm to    alifrom  ali to    envfrom  env to     acc
 ---   ------ ----- --------- --------- ------- -------    ------- -------    ------- -------    ----
   1 !  110.5   4.8   1.9e-33   2.8e-33       1      65 [.       1      65 [.       1      70 [] 0.96

  Alignments for each domain:
  == domain 1  score: 110.5 bits;  conditional E-value: 1.9e-33
                      gvpa  1 mavekvsdsssLaevldrvLDkGiviDafvRvslvGieiltieaRvvvasvdtyLryaeavgrld 65
                              ma+ek+  s+s+aev+dr+LDkG+viDafvRvslvGie+++ie+R vvas++t+L+yaeavg++ 
  nat_130e62fc868ae20abbc4  1 MAIEKSVASASIAEVIDRILDKGVVIDAFVRVSLVGIELIAIEVRAVVASIETWLKYAEAVGLTV 65
                              9*************************************************************985 PP

>> nat_8400e38ff12b62b40e03  
   #    score  bias  c-Evalue  i-Evalue hmmfrom  hmm to    alifrom  ali to    envfrom  env to     acc
 ---   ------ ----- --------- --------- ------- -------    ------- -------    ------- -------    ----
   1 !  109.9   2.2   2.8e-33   4.1e-33       2      67 ..       3      68 ..       1      82 [. 0.91

  Alignments for each domain:
  == domain 1  score: 109.9 bits;  conditional E-value: 2.8e-33
                      gvpa  2 avekvsdsssLaevldrvLDkGiviDafvRvslvGieiltieaRvvvasvdtyLryaeavgrldev 67
                              a++k+ ++ssLaev+dr+LDkG+viD ++ vslvGie+ltieaR+v+asv t+L+ya+avg+l++ 
  nat_8400e38ff12b62b40e03  3 AIQKSVNTSSLAEVVDRILDKGVVIDIWAVVSLVGIELLTIEARIVIASVKTWLKYADAVGLLSDS 68
                              899***********************************************************9854 PP

>> nat_24eac37b8142531de647  
   #    score  bias  c-Evalue  i-Evalue hmmfrom  hmm to    alifrom  ali to    envfrom  env to     acc
 ---   ------ ----- --------- --------- ------- -------    ------- -------    ------- -------    ----
   1 !  109.8   3.4   3.1e-33   4.6e-33      13      70 ..       1      58 [.       1      59 [] 0.97

  Alignments for each domain:
  == domain 1  score: 109.8 bits;  conditional E-value: 3.1e-33
                      gvpa 13 aevldrvLDkGiviDafvRvslvGieiltieaRvvvasvdtyLryaeavgrldevaes 70
                              +ev+dr+LDkGiv+Da+vRvslvGie+l++eaR+v+asv+tyL+yaeavg+++++a++
  nat_24eac37b8142531de647  1 MEVIDRILDKGIVVDAWVRVSLVGIELLAVEARIVIASVETYLKYAEAVGLTQSAAVP 58
                              59***************************************************99987 PP

>> nat_6d378caa0baac445cb99  
   #    score  bias  c-Evalue  i-Evalue hmmfrom  hmm to    alifrom  ali to    envfrom  env to     acc
 ---   ------ ----- --------- --------- ------- -------    ------- -------    ------- -------    ----
   1 !  109.8   0.5     3e-33   4.5e-33      13      95 ..       4      88 ..       1      99 [] 0.88

  Alignments for each domain:
  == domain 1  score: 109.8 bits;  conditional E-value: 3e-33
                      gvpa 13 aevldrvLDkGiviDafvRvslvGieiltieaRvvvasvdtyLryaeavgrld.evaesaaaevskg.alsgaaeaisdalkeal 95
                              +evl+++LD+G+viD fvRvslvGie+lti+aRvvvasv tyLryaeavgr++ ++ +++  +  +g +++ga+ea++d+l+e  
  nat_6d378caa0baac445cb99  4 TEVLELILDRGVVIDVFVRVSLVGIEVLTIDARVVVASVGTYLRYAEAVGRVNlDTPKRGVPDLIEGrKTAGAIEAATDKLGELF 88
                              69**************************************************96677888889999835789*********9865 PP

>> nat_dffa8ebddc81bbafa110  
   #    score  bias  c-Evalue  i-Evalue hmmfrom  hmm to    alifrom  ali to    envfrom  env to     acc
 ---   ------ ----- --------- --------- ------- -------    ------- -------    ------- -------    ----
   1 !  109.7   0.5   3.3e-33   4.8e-33       5      71 ..       9      75 ..       1     100 [. 0.85

  Alignments for each domain:
  == domain 1  score: 109.7 bits;  conditional E-value: 3.3e-33
                      gvpa  5 kvsdsssLaevldrvLDkGiviDafvRvslvGieiltieaRvvvasvdtyLryaeavgrldevaesa 71
                              +  +ss+L++vl+++LD+G+viDa+vRvsl Gie+lti++R+vvasvdtyLr aea++rld  a + 
  nat_dffa8ebddc81bbafa110  9 GGGGSSGLYDVLELILDRGLVIDAYVRVSLLGIELLTIDIRIVVASVDTYLRLAEACNRLDLEAGPR 75
                              45689*******************************************************9665554 PP

>> nat_3256fc90422610c7f8cc  
   #    score  bias  c-Evalue  i-Evalue hmmfrom  hmm to    alifrom  ali to    envfrom  env to     acc
 ---   ------ ----- --------- --------- ------- -------    ------- -------    ------- -------    ----
   1 !  109.6   0.7   3.6e-33   5.3e-33       6      74 ..       4      72 ..       1      74 [] 0.93

  Alignments for each domain:
  == domain 1  score: 109.6 bits;  conditional E-value: 3.6e-33
                      gvpa  6 vsdsssLaevldrvLDkGiviDafvRvslvGieiltieaRvvvasvdtyLryaeavgrldevaesaaae 74
                              + ++ssLaev+dr+LDkGiv+D + RvslvGi++l+ieaR+v+asv+t+L ya+avg+l++ +++ a e
  nat_3256fc90422610c7f8cc  4 SIEASSLAEVIDRILDKGIVVDLWLRVSLVGIDLLAIEARIVIASVETWLCYADAVGLLQKEHHPRALE 72
                              5679********************************************************988887765 PP

>> nat_fd90bc846ac4fc169df6  
   #    score  bias  c-Evalue  i-Evalue hmmfrom  hmm to    alifrom  ali to    envfrom  env to     acc
 ---   ------ ----- --------- --------- ------- -------    ------- -------    ------- -------    ----
   1 !  109.5   0.5   3.9e-33   5.8e-33       5      74 ..       4      73 ..       1      88 [. 0.90

  Alignments for each domain:
  == domain 1  score: 109.5 bits;  conditional E-value: 3.9e-33
                      gvpa  5 kvsdsssLaevldrvLDkGiviDafvRvslvGieiltieaRvvvasvdtyLryaeavgrldevaesaaae 74
                              +  ++ssLa+vldr+LDkG+viD ++Rvs++Gieilt+eaRvvvasvdt+L+ya ++++++ +++s+  e
  nat_fd90bc846ac4fc169df6  4 QRPGTSSLADVLDRILDKGVVIDIWARVSIIGIEILTVEARVVVASVDTFLHYAREMSKIEIASQSGELE 73
                              45799********************************************************888887655 PP

>> nat_2a7c812c0104b829da2d  
   #    score  bias  c-Evalue  i-Evalue hmmfrom  hmm to    alifrom  ali to    envfrom  env to     acc
 ---   ------ ----- --------- --------- ------- -------    ------- -------    ------- -------    ----
   1 !  109.4   0.5     4e-33   5.9e-33       6      74 ..       4      72 ..       1      74 [] 0.93

  Alignments for each domain:
  == domain 1  score: 109.4 bits;  conditional E-value: 4e-33
                      gvpa  6 vsdsssLaevldrvLDkGiviDafvRvslvGieiltieaRvvvasvdtyLryaeavgrldevaesaaae 74
                              + +sssLaev+dr+LDkGi++D +v+vslvGi++l++eaR+v+asv+t+L ya+avg+l++ +++++ e
  nat_2a7c812c0104b829da2d  4 SIESSSLAEVIDRILDKGIIVDLWVKVSLVGIDLLSVEARIVIASVETWLCYADAVGLLKKEHHPKTME 72
                              568*********************************************************988887765 PP

>> nat_8b73be19e1760871e605  
   #    score  bias  c-Evalue  i-Evalue hmmfrom  hmm to    alifrom  ali to    envfrom  env to     acc
 ---   ------ ----- --------- --------- ------- -------    ------- -------    ------- -------    ----
   1 !  109.4   1.6     4e-33   5.9e-33       6      67 ..       4      65 ..       1      70 [] 0.92

  Alignments for each domain:
  == domain 1  score: 109.4 bits;  conditional E-value: 4e-33
                      gvpa  6 vsdsssLaevldrvLDkGiviDafvRvslvGieiltieaRvvvasvdtyLryaeavgrldev 67
                              + ++ssLaev+dr+LDkGiviD ++RvslvGie+l++eaR+v+asv+t+L ya+avg+l++ 
  nat_8b73be19e1760871e605  4 SIEASSLAEVIDRILDKGIVIDVWARVSLVGIELLAVEARIVIASVETWLCYADAVGLLAKP 65
                              5679******************************************************9865 PP

>> nat_d405e6b9ae2292467032  
   #    score  bias  c-Evalue  i-Evalue hmmfrom  hmm to    alifrom  ali to    envfrom  env to     acc
 ---   ------ ----- --------- --------- ------- -------    ------- -------    ------- -------    ----
   1 !  109.4   1.8   4.1e-33   6.1e-33       7      71 ..       6      70 ..       1      82 [. 0.91

  Alignments for each domain:
  == domain 1  score: 109.4 bits;  conditional E-value: 4.1e-33
                      gvpa  7 sdsssLaevldrvLDkGiviDafvRvslvGieiltieaRvvvasvdtyLryaeavgrldevaesa 71
                               ++ssLaevldr+LDkG+viD ++R+s+vGie+lt+eaRvv asvdt+L+yae+++++++++ s+
  nat_d405e6b9ae2292467032  6 PNASSLAEVLDRILDKGVVIDVWARISVVGIEVLTVEARVVAASVDTFLHYAEEISKIEKAEASE 70
                              689********************************************************998876 PP

>> nat_5ab45ad51e4b3b910fd8  
   #    score  bias  c-Evalue  i-Evalue hmmfrom  hmm to    alifrom  ali to    envfrom  env to     acc
 ---   ------ ----- --------- --------- ------- -------    ------- -------    ------- -------    ----
   1 !  109.3   0.1   4.3e-33   6.4e-33       6      70 ..       4      68 ..       1      72 [. 0.93

  Alignments for each domain:
  == domain 1  score: 109.3 bits;  conditional E-value: 4.3e-33
                      gvpa  6 vsdsssLaevldrvLDkGiviDafvRvslvGieiltieaRvvvasvdtyLryaeavgrldevaes 70
                              + ++ssLaev+dr+LDkGiv+D ++RvslvGie+l++eaR+v+asv+t+L ya+avg+l+e +++
  nat_5ab45ad51e4b3b910fd8  4 SIEASSLAEVIDRILDKGIVVDLWARVSLVGIELLAVEARIVIASVETWLCYANAVGLLKEEHQP 68
                              5679*******************************************************987665 PP

>> nat_a95d48deca9746ef575e  
   #    score  bias  c-Evalue  i-Evalue hmmfrom  hmm to    alifrom  ali to    envfrom  env to     acc
 ---   ------ ----- --------- --------- ------- -------    ------- -------    ------- -------    ----
   1 !  109.2   1.8   4.6e-33   6.8e-33       7      71 ..       6      70 ..       1      82 [. 0.91

  Alignments for each domain:
  == domain 1  score: 109.2 bits;  conditional E-value: 4.6e-33
                      gvpa  7 sdsssLaevldrvLDkGiviDafvRvslvGieiltieaRvvvasvdtyLryaeavgrldevaesa 71
                               ++ssLaevldr+LDkG+viD ++R+s+vGie+lt+eaRvv asvdt+L+yae+++++++++ s+
  nat_a95d48deca9746ef575e  6 PNASSLAEVLDRILDKGVVIDVWARISVVGIEVLTVEARVVAASVDTFLHYAEEISKIENAEASE 70
                              689********************************************************998776 PP

>> nat_d9b751580230ca0e5773  
   #    score  bias  c-Evalue  i-Evalue hmmfrom  hmm to    alifrom  ali to    envfrom  env to     acc
 ---   ------ ----- --------- --------- ------- -------    ------- -------    ------- -------    ----
   1 !  109.0   2.0   5.5e-33   8.1e-33       3      74 ..       2      73 ..       1      84 [. 0.91

  Alignments for each domain:
  == domain 1  score: 109.0 bits;  conditional E-value: 5.5e-33
                      gvpa  3 vekvsdsssLaevldrvLDkGiviDafvRvslvGieiltieaRvvvasvdtyLryaeavgrldevaesaaae 74
                              ve   ++ssLa+vldrvLDkGiviD ++Rvs+vGie+lt+eaRvv asvdt+L+ya +++++++++ s+  e
  nat_d9b751580230ca0e5773  2 VETGANTSSLADVLDRVLDKGIVIDIWARVSVVGIELLTVEARVVAASVDTFLQYAGEMAKIERAEDSGELE 73
                              677889*********************************************************999988665 PP

>> nat_c98671ca28ab9cb8f04c  
   #    score  bias  c-Evalue  i-Evalue hmmfrom  hmm to    alifrom  ali to    envfrom  env to     acc
 ---   ------ ----- --------- --------- ------- -------    ------- -------    ------- -------    ----
   1 !  108.9   2.1   5.6e-33   8.3e-33       5      66 ..       3      64 ..       1      69 [] 0.94

  Alignments for each domain:
  == domain 1  score: 108.9 bits;  conditional E-value: 5.6e-33
                      gvpa  5 kvsdsssLaevldrvLDkGiviDafvRvslvGieiltieaRvvvasvdtyLryaeavgrlde 66
                              k+ +sssLaev+dr+LDkGiviD f+RvslvGie+l +eaRvv+asv+t+L ya+avg+l++
  nat_c98671ca28ab9cb8f04c  3 KSLNSSSLAEVIDRILDKGIVIDLFARVSLVGIELLGVEARVVIASVQTWLNYADAVGLLKN 64
                              7789******************************************************9985 PP

>> nat_161cd7e3295f80b2452b  
   #    score  bias  c-Evalue  i-Evalue hmmfrom  hmm to    alifrom  ali to    envfrom  env to     acc
 ---   ------ ----- --------- --------- ------- -------    ------- -------    ------- -------    ----
   1 !  109.0   2.7   5.6e-33   8.2e-33       5      72 ..       4      71 ..       1      84 [] 0.87

  Alignments for each domain:
  == domain 1  score: 109.0 bits;  conditional E-value: 5.6e-33
                      gvpa  5 kvsdsssLaevldrvLDkGiviDafvRvslvGieiltieaRvvvasvdtyLryaeavgrldevaesaa 72
                               + dsssLaevldr+LDkG+viD ++R+s+vGie+lt+eaRvvvasvdt+++ya +++++++++  + 
  nat_161cd7e3295f80b2452b  4 TNPDSSSLAEVLDRILDKGVVIDVWARISVVGIEVLTVEARVVVASVDTFIHYAKEMSKIEHAEAGEE 71
                              5689********************************************************98775544 PP

>> nat_04e4c15b93bd18832d36  
   #    score  bias  c-Evalue  i-Evalue hmmfrom  hmm to    alifrom  ali to    envfrom  env to     acc
 ---   ------ ----- --------- --------- ------- -------    ------- -------    ------- -------    ----
   1 !  108.9   2.7     6e-33   8.8e-33       5      72 ..       4      71 ..       1      84 [] 0.87

  Alignments for each domain:
  == domain 1  score: 108.9 bits;  conditional E-value: 6e-33
                      gvpa  5 kvsdsssLaevldrvLDkGiviDafvRvslvGieiltieaRvvvasvdtyLryaeavgrldevaesaa 72
                               + dsssLaevldr+LDkG+viD ++R+s+vGie+lt+eaRvvvasvdt+++ya +++++++++  + 
  nat_04e4c15b93bd18832d36  4 SNPDSSSLAEVLDRILDKGVVIDVWARISVVGIEVLTVEARVVVASVDTFIHYAKEMSKIEHAEAGEE 71
                              5689********************************************************98775544 PP

>> nat_5fa036ca3723472605e8  
   #    score  bias  c-Evalue  i-Evalue hmmfrom  hmm to    alifrom  ali to    envfrom  env to     acc
 ---   ------ ----- --------- --------- ------- -------    ------- -------    ------- -------    ----
   1 !  108.8   3.8   6.2e-33   9.2e-33       1      64 [.       1      64 [.       1      70 [] 0.96

  Alignments for each domain:
  == domain 1  score: 108.8 bits;  conditional E-value: 6.2e-33
                      gvpa  1 mavekvsdsssLaevldrvLDkGiviDafvRvslvGieiltieaRvvvasvdtyLryaeavgrl 64
                              ma+ek+  s+s+aev+dr+LDkG+viDafvR+slvGie+++ie+R vvasv+t+L+yaeavg++
  nat_5fa036ca3723472605e8  1 MAIEKNIASASIAEVVDRILDKGVVIDAFVRISLVGIELVAIEIRAVVASVETWLKYAEAVGLT 64
                              9*************************************************************97 PP

>> nat_3f956a2c7b90437404b4  
   #    score  bias  c-Evalue  i-Evalue hmmfrom  hmm to    alifrom  ali to    envfrom  env to     acc
 ---   ------ ----- --------- --------- ------- -------    ------- -------    ------- -------    ----
   1 !  108.7   4.3   6.8e-33     1e-32       1      65 [.       1      65 [.       1      70 [] 0.96

  Alignments for each domain:
  == domain 1  score: 108.7 bits;  conditional E-value: 6.8e-33
                      gvpa  1 mavekvsdsssLaevldrvLDkGiviDafvRvslvGieiltieaRvvvasvdtyLryaeavgrld 65
                              ma+ek+  s+s+aev+dr+LDkGiviDafvR+slvGie+++ie+R vv+sv+t+L+yaeavg++ 
  nat_3f956a2c7b90437404b4  1 MAIEKNIASASIAEVVDRILDKGIVIDAFVRISLVGIELIAIEVRAVVSSVETWLKYAEAVGLTV 65
                              9*************************************************************985 PP

>> nat_b7cd847cd6fe1a7829cf  
   #    score  bias  c-Evalue  i-Evalue hmmfrom  hmm to    alifrom  ali to    envfrom  env to     acc
 ---   ------ ----- --------- --------- ------- -------    ------- -------    ------- -------    ----
   1 !  108.5   0.5   7.5e-33   1.1e-32       6      69 ..       4      67 ..       1      71 [. 0.93

  Alignments for each domain:
  == domain 1  score: 108.5 bits;  conditional E-value: 7.5e-33
                      gvpa  6 vsdsssLaevldrvLDkGiviDafvRvslvGieiltieaRvvvasvdtyLryaeavgrldevae 69
                              + ++ssLaev+dr+LDkGiv+D ++RvslvGie+l++eaR+v+asv+t+L ya+avg+l+e ++
  nat_b7cd847cd6fe1a7829cf  4 SIEASSLAEVIDRILDKGIVVDLWARVSLVGIELLAVEARIVIASVETWLCYANAVGLLKEEHH 67
                              5679******************************************************997655 PP

>> nat_38b03f42eea75fbcc3e0  
   #    score  bias  c-Evalue  i-Evalue hmmfrom  hmm to    alifrom  ali to    envfrom  env to     acc
 ---   ------ ----- --------- --------- ------- -------    ------- -------    ------- -------    ----
   1 !  108.6   0.6   7.4e-33   1.1e-32       6      72 ..       7      73 ..       1      90 [. 0.91

  Alignments for each domain:
  == domain 1  score: 108.6 bits;  conditional E-value: 7.4e-33
                      gvpa  6 vsdsssLaevldrvLDkGiviDafvRvslvGieiltieaRvvvasvdtyLryaeavgrldevaesaa 72
                                dsssLaevldr+LDkGiviD ++R+s+vGie+lt+eaRvv +svdt+L+ya+ +++++ +++s+ 
  nat_38b03f42eea75fbcc3e0  7 RPDSSSLAEVLDRILDKGIVIDVWARISVVGIELLTVEARVVASSVDTFLHYAQSISKVEMASQSGD 73
                              689*********************************************************8888764 PP

>> nat_799d6db27c80e0e7903b  
   #    score  bias  c-Evalue  i-Evalue hmmfrom  hmm to    alifrom  ali to    envfrom  env to     acc
 ---   ------ ----- --------- --------- ------- -------    ------- -------    ------- -------    ----
   1 !  108.5   1.4   7.5e-33   1.1e-32       6      67 ..       4      65 ..       1      71 [] 0.93

  Alignments for each domain:
  == domain 1  score: 108.5 bits;  conditional E-value: 7.5e-33
                      gvpa  6 vsdsssLaevldrvLDkGiviDafvRvslvGieiltieaRvvvasvdtyLryaeavgrldev 67
                              + +sssLaev+dr+LDkGi++D +vRvslvGi++l++eaR+v+asv+t+L ya+avg+l++ 
  nat_799d6db27c80e0e7903b  4 SIESSSLAEVIDRILDKGIIVDLWVRVSLVGIDLLAVEARIVIASVETWLCYADAVGLLAKE 65
                              568******************************************************99864 PP

>> nat_484b097725196d6613d9  
   #    score  bias  c-Evalue  i-Evalue hmmfrom  hmm to    alifrom  ali to    envfrom  env to     acc
 ---   ------ ----- --------- --------- ------- -------    ------- -------    ------- -------    ----
   1 !  108.4   6.2   8.4e-33   1.2e-32       3      66 ..       2      65 ..       1      69 [] 0.95

  Alignments for each domain:
  == domain 1  score: 108.4 bits;  conditional E-value: 8.4e-33
                      gvpa  3 vekvsdsssLaevldrvLDkGiviDafvRvslvGieiltieaRvvvasvdtyLryaeavgrlde 66
                              vek+++sssL++v+dr+LDkG+v+Da+vRvslvGie++++eaRvv++sv+t+++y eavg+l+e
  nat_484b097725196d6613d9  2 VEKMNSSSSLVDVVDRILDKGVVVDAWVRVSLVGIELIAVEARVVISSVETWIKYGEAVGLLAE 65
                              89**********************************************************9975 PP

>> nat_821a6d2a970cf6bcf9bb  
   #    score  bias  c-Evalue  i-Evalue hmmfrom  hmm to    alifrom  ali to    envfrom  env to     acc
 ---   ------ ----- --------- --------- ------- -------    ------- -------    ------- -------    ----
   1 !  108.3   4.0   9.2e-33   1.4e-32       4      65 ..       2      63 ..       1      70 [. 0.94

  Alignments for each domain:
  == domain 1  score: 108.3 bits;  conditional E-value: 9.2e-33
                      gvpa  4 ekvsdsssLaevldrvLDkGiviDafvRvslvGieiltieaRvvvasvdtyLryaeavgrld 65
                              +k+ dsssLaev+dr+LDkGiviD ++RvslvGie+l+ieaR+v+asv t+L ya+avg+l+
  nat_821a6d2a970cf6bcf9bb  2 KKAIDSSSLAEVIDRILDKGIVIDIWARVSLVGIELLAIEARIVIASVHTWLVYADAVGLLK 63
                              5788*******************************************************997 PP

>> nat_651deda52eb485d5380e  
   #    score  bias  c-Evalue  i-Evalue hmmfrom  hmm to    alifrom  ali to    envfrom  env to     acc
 ---   ------ ----- --------- --------- ------- -------    ------- -------    ------- -------    ----
   1 !  108.3   1.2   8.7e-33   1.3e-32       4      66 ..       2      64 ..       1      74 [. 0.92

  Alignments for each domain:
  == domain 1  score: 108.3 bits;  conditional E-value: 8.7e-33
                      gvpa  4 ekvsdsssLaevldrvLDkGiviDafvRvslvGieiltieaRvvvasvdtyLryaeavgrlde 66
                              +k+ dsssLaev+dr+L+kGiviD ++RvslvGie+l++eaRvv+asv t+L ya+avg+l+ 
  nat_651deda52eb485d5380e  2 KKAIDSSSLAEVIDRILEKGIVIDVWARVSLVGIELLAVEARVVIASVRTWLCYADAVGLLKP 64
                              5788********************************************************984 PP

>> nat_ea394d0f8102113c7b58  
   #    score  bias  c-Evalue  i-Evalue hmmfrom  hmm to    alifrom  ali to    envfrom  env to     acc
 ---   ------ ----- --------- --------- ------- -------    ------- -------    ------- -------    ----
   1 !  108.3   4.8   8.7e-33   1.3e-32       1      65 [.       1      65 [.       1      70 [] 0.96

  Alignments for each domain:
  == domain 1  score: 108.3 bits;  conditional E-value: 8.7e-33
                      gvpa  1 mavekvsdsssLaevldrvLDkGiviDafvRvslvGieiltieaRvvvasvdtyLryaeavgrld 65
                              ma+ek+  s+s+aev+dr+LDkG+v+DafvRvslvGie+++ie+R vvasv+t+L+yaea+g++ 
  nat_ea394d0f8102113c7b58  1 MAIEKSLASASIAEVVDRILDKGVVVDAFVRVSLVGIELVAIEVRAVVASVETWLKYAEAIGLTV 65
                              9*************************************************************985 PP

>> nat_8029e604ce9dbbf533bc  
   #    score  bias  c-Evalue  i-Evalue hmmfrom  hmm to    alifrom  ali to    envfrom  env to     acc
 ---   ------ ----- --------- --------- ------- -------    ------- -------    ------- -------    ----
   1 !  108.2   2.0   9.8e-33   1.4e-32       7      71 ..       6      70 ..       1      82 [. 0.90

  Alignments for each domain:
  == domain 1  score: 108.2 bits;  conditional E-value: 9.8e-33
                      gvpa  7 sdsssLaevldrvLDkGiviDafvRvslvGieiltieaRvvvasvdtyLryaeavgrldevaesa 71
                               ++ssLaevldr+LDkG+viD ++R+s+vGie+lt+eaRvv asvdt+L+yae+++++++++ + 
  nat_8029e604ce9dbbf533bc  6 PNASSLAEVLDRILDKGVVIDVWARISVVGIEVLTVEARVVAASVDTFLHYAEEISKIENASAAD 70
                              689********************************************************887654 PP

>> nat_706052693e14c0674d09  
   #    score  bias  c-Evalue  i-Evalue hmmfrom  hmm to    alifrom  ali to    envfrom  env to     acc
 ---   ------ ----- --------- --------- ------- -------    ------- -------    ------- -------    ----
   1 !  108.0   1.4   1.1e-32   1.7e-32       4      66 ..       2      64 ..       1      73 [. 0.92

  Alignments for each domain:
  == domain 1  score: 108.0 bits;  conditional E-value: 1.1e-32
                      gvpa  4 ekvsdsssLaevldrvLDkGiviDafvRvslvGieiltieaRvvvasvdtyLryaeavgrlde 66
                              +k+ dsssLaev+dr+L+kGiviD ++RvslvGie+l++eaRvv+asv t+L ya+avg+l+ 
  nat_706052693e14c0674d09  2 KKAIDSSSLAEVIDRILEKGIVIDVWARVSLVGIELLAVEARVVIASVRTWLCYADAVGLLKP 64
                              5788*******************************************************9984 PP

>> nat_0a2d13805329602d008b  
   #    score  bias  c-Evalue  i-Evalue hmmfrom  hmm to    alifrom  ali to    envfrom  env to     acc
 ---   ------ ----- --------- --------- ------- -------    ------- -------    ------- -------    ----
   1 !  107.9   5.0   1.2e-32   1.7e-32       1      65 [.       1      65 [.       1      70 [] 0.96

  Alignments for each domain:
  == domain 1  score: 107.9 bits;  conditional E-value: 1.2e-32
                      gvpa  1 mavekvsdsssLaevldrvLDkGiviDafvRvslvGieiltieaRvvvasvdtyLryaeavgrld 65
                              ma+ek+  s+s+aev+dr+LDkGiviDafvRvslvGie+++ie+R vvas++ +L+yaeavg++ 
  nat_0a2d13805329602d008b  1 MAIEKSVASASIAEVVDRILDKGIVIDAFVRVSLVGIELIAIEVRAVVASIESWLKYAEAVGLTV 65
                              9*************************************************************986 PP

>> nat_3fc915e39b4dd0e48f0b  
   #    score  bias  c-Evalue  i-Evalue hmmfrom  hmm to    alifrom  ali to    envfrom  env to     acc
 ---   ------ ----- --------- --------- ------- -------    ------- -------    ------- -------    ----
   1 !  107.6   0.2   1.5e-32   2.1e-32       7      98 ..       8     102 ..       5     111 .. 0.82

  Alignments for each domain:
  == domain 1  score: 107.6 bits;  conditional E-value: 1.5e-32
                      gvpa   7 sdsssLaevldrvLDkGiviDafvRvslvGieiltieaRvvvasvdtyLryaeavgrld...evaesaaaevskgalsgaaeais 88 
                                 sssLa+vl+ +LDkG+viDa+v +sl G+++l+++aR vvasvdtyLryaea +rld   +++ +a  + +  a  ++ae+i+
  nat_3fc915e39b4dd0e48f0b   8 PHSSSLADVLNVILDKGLVIDAYVQLSLLGVDVLSVDARFVVASVDTYLRYAEATNRLDlakQTEGKAPPDLAAKAFDSTAETIA 92 
                               579********************************************************54433334444566667778888888 PP

                      gvpa  89 dalkealvse 98 
                               + + ++++++
  nat_3fc915e39b4dd0e48f0b  93 HDVAQKKTEN 102
                               8887776655 PP

>> nat_a6afc902cb295160c5db  
   #    score  bias  c-Evalue  i-Evalue hmmfrom  hmm to    alifrom  ali to    envfrom  env to     acc
 ---   ------ ----- --------- --------- ------- -------    ------- -------    ------- -------    ----
   1 !  107.7   5.2   1.4e-32     2e-32       1      65 [.       1      65 [.       1      70 [] 0.96

  Alignments for each domain:
  == domain 1  score: 107.7 bits;  conditional E-value: 1.4e-32
                      gvpa  1 mavekvsdsssLaevldrvLDkGiviDafvRvslvGieiltieaRvvvasvdtyLryaeavgrld 65
                              ma+ek+  s+s+aev+dr+LDkGiviDafvRvslvGie+++ie+R vvas++ +L+yaeavg++ 
  nat_a6afc902cb295160c5db  1 MAIEKTVASASIAEVVDRILDKGIVIDAFVRVSLVGIELIAIEVRAVVASIESWLKYAEAVGLTV 65
                              9*************************************************************985 PP

>> nat_86a1bb384f8aaccbe24a  
   #    score  bias  c-Evalue  i-Evalue hmmfrom  hmm to    alifrom  ali to    envfrom  env to     acc
 ---   ------ ----- --------- --------- ------- -------    ------- -------    ------- -------    ----
   1 !  107.1   0.4   2.2e-32   3.2e-32       2      68 ..       3      69 ..       1      82 [] 0.89

  Alignments for each domain:
  == domain 1  score: 107.1 bits;  conditional E-value: 2.2e-32
                      gvpa  2 avekvsdsssLaevldrvLDkGiviDafvRvslvGieiltieaRvvvasvdtyLryaeavgrldeva 68
                               v+k+ d+ssLaev+dr+L kG+viD ++ vslvGi++ltieaR+v+asv t+L+yaeavg+l++ +
  nat_86a1bb384f8aaccbe24a  3 GVQKSVDTSSLAEVIDRILTKGVVIDIWACVSLVGIQLLTIEARIVIASVKTWLKYAEAVGLLKDPH 69
                              489***********************************************************99654 PP

>> nat_d510c78ee6fcdf216c53  
   #    score  bias  c-Evalue  i-Evalue hmmfrom  hmm to    alifrom  ali to    envfrom  env to     acc
 ---   ------ ----- --------- --------- ------- -------    ------- -------    ------- -------    ----
   1 !  107.0   3.6   2.3e-32   3.3e-32       1      65 [.       1      65 [.       1      70 [] 0.96

  Alignments for each domain:
  == domain 1  score: 107.0 bits;  conditional E-value: 2.3e-32
                      gvpa  1 mavekvsdsssLaevldrvLDkGiviDafvRvslvGieiltieaRvvvasvdtyLryaeavgrld 65
                              ma+ek+  s+s+aev+dr+LDkGiviDaf+R+slvGie+++ie+R vv+sv+t+L+yaeavg++ 
  nat_d510c78ee6fcdf216c53  1 MAIEKNIASASIAEVVDRILDKGIVIDAFIRISLVGIELIAIEIRAVVSSVETWLKYAEAVGLTV 65
                              9*************************************************************985 PP

>> nat_399c6c7f39b6c9cf5ad5  
   #    score  bias  c-Evalue  i-Evalue hmmfrom  hmm to    alifrom  ali to    envfrom  env to     acc
 ---   ------ ----- --------- --------- ------- -------    ------- -------    ------- -------    ----
   1 !  107.0   3.3   2.3e-32   3.4e-32       1      64 [.       1      64 [.       1      70 [] 0.96

  Alignments for each domain:
  == domain 1  score: 107.0 bits;  conditional E-value: 2.3e-32
                      gvpa  1 mavekvsdsssLaevldrvLDkGiviDafvRvslvGieiltieaRvvvasvdtyLryaeavgrl 64
                              ma+ek+  s+s+aev+dr+LDkG+viDaf+R+slvGie+++ie R vvasv+t+L+yaeavg++
  nat_399c6c7f39b6c9cf5ad5  1 MAIEKNIASTSIAEVVDRILDKGVVIDAFIRISLVGIELVAIELRAVVASVETWLKYAEAVGLT 64
                              9*************************************************************97 PP

>> nat_6d2bef4d44f7bf3ac9b4  
   #    score  bias  c-Evalue  i-Evalue hmmfrom  hmm to    alifrom  ali to    envfrom  env to     acc
 ---   ------ ----- --------- --------- ------- -------    ------- -------    ------- -------    ----
   1 !  106.9   0.1   2.4e-32   3.5e-32       7      70 ..       7      70 ..       1      89 [. 0.89

  Alignments for each domain:
  == domain 1  score: 106.9 bits;  conditional E-value: 2.4e-32
                      gvpa  7 sdsssLaevldrvLDkGiviDafvRvslvGieiltieaRvvvasvdtyLryaeavgrldevaes 70
                               +s+sLa+vld vLDkGiviDafvRvs++Gie+ltieaR+v+asvdty+ry ea+++l    ++
  nat_6d2bef4d44f7bf3ac9b4  7 GGSTSLADVLDIVLDKGIVIDAFVRVSVIGIELLTIEARIVIASVDTYIRYVEAMQQLGALPRR 70
                              4799***************************************************999855444 PP

>> nat_c88f9ffff90291b15602  
   #    score  bias  c-Evalue  i-Evalue hmmfrom  hmm to    alifrom  ali to    envfrom  env to     acc
 ---   ------ ----- --------- --------- ------- -------    ------- -------    ------- -------    ----
   1 !  106.9   3.8   2.5e-32   3.7e-32       1      65 [.       1      65 [.       1      70 [] 0.96

  Alignments for each domain:
  == domain 1  score: 106.9 bits;  conditional E-value: 2.5e-32
                      gvpa  1 mavekvsdsssLaevldrvLDkGiviDafvRvslvGieiltieaRvvvasvdtyLryaeavgrld 65
                              ma+ek+  s+s+aev+dr+LDkGiviDaf+R+slvGie+++ie+R vv+sv+t+L+yaeavg++ 
  nat_c88f9ffff90291b15602  1 MAIEKNIASASIAEVVDRILDKGIVIDAFIRISLVGIELIAIEIRAVVSSVETWLKYAEAVGLTV 65
                              9*************************************************************985 PP

>> nat_41b03f4d8b23fbfeb923  
   #    score  bias  c-Evalue  i-Evalue hmmfrom  hmm to    alifrom  ali to    envfrom  env to     acc
 ---   ------ ----- --------- --------- ------- -------    ------- -------    ------- -------    ----
   1 !  106.7   0.2   2.8e-32   4.2e-32       7      67 ..      10      70 ..       1      93 [. 0.88

  Alignments for each domain:
  == domain 1  score: 106.7 bits;  conditional E-value: 2.8e-32
                      gvpa  7 sdsssLaevldrvLDkGiviDafvRvslvGieiltieaRvvvasvdtyLryaeavgrldev 67
                               +s+sLa+vld vLDkGiviDafvRvs++Gie+ltieaR+v+asvdty+ry ea+++l   
  nat_41b03f4d8b23fbfeb923 10 GGSTSLADVLDIVLDKGIVIDAFVRVSVIGIELLTIEARIVIASVDTYIRYVEAMQQLGAL 70
                              4799***************************************************999854 PP

>> nat_08d35b42e1d455774e7b  
   #    score  bias  c-Evalue  i-Evalue hmmfrom  hmm to    alifrom  ali to    envfrom  env to     acc
 ---   ------ ----- --------- --------- ------- -------    ------- -------    ------- -------    ----
   1 !  106.2   5.4   4.1e-32   6.1e-32       1      65 [.       1      65 [.       1      70 [] 0.96

  Alignments for each domain:
  == domain 1  score: 106.2 bits;  conditional E-value: 4.1e-32
                      gvpa  1 mavekvsdsssLaevldrvLDkGiviDafvRvslvGieiltieaRvvvasvdtyLryaeavgrld 65
                              ma+ek+  s+s+aev+dr+LDkG+viDafvRvslvGie+++ie+R vvas++ +L+yaeavg++ 
  nat_08d35b42e1d455774e7b  1 MAIEKSVASASIAEVVDRILDKGVVIDAFVRVSLVGIELIAIEVRAVVASIESWLKYAEAVGLTV 65
                              9*************************************************************985 PP

>> nat_aca6770bcb5a580c4c2a  
   #    score  bias  c-Evalue  i-Evalue hmmfrom  hmm to    alifrom  ali to    envfrom  env to     acc
 ---   ------ ----- --------- --------- ------- -------    ------- -------    ------- -------    ----
   1 !  106.0   5.5   4.6e-32   6.8e-32       1      65 [.       1      65 [.       1      70 [] 0.96

  Alignments for each domain:
  == domain 1  score: 106.0 bits;  conditional E-value: 4.6e-32
                      gvpa  1 mavekvsdsssLaevldrvLDkGiviDafvRvslvGieiltieaRvvvasvdtyLryaeavgrld 65
                              ma+ek+  s+s+aev+dr+LDkG+v+DafvRvslvGie+++ie+R vvas++ +L+yaeavg++ 
  nat_aca6770bcb5a580c4c2a  1 MAIEKSVASASIAEVIDRILDKGVVVDAFVRVSLVGIELIAIEVRAVVASIESWLKYAEAVGLTV 65
                              9*************************************************************985 PP

>> nat_adbccafe282c78df56d1  
   #    score  bias  c-Evalue  i-Evalue hmmfrom  hmm to    alifrom  ali to    envfrom  env to     acc
 ---   ------ ----- --------- --------- ------- -------    ------- -------    ------- -------    ----
   1 !  105.5   1.5   6.5e-32   9.5e-32       2      69 ..       3      70 ..       1      82 [. 0.91

  Alignments for each domain:
  == domain 1  score: 105.5 bits;  conditional E-value: 6.5e-32
                      gvpa  2 avekvsdsssLaevldrvLDkGiviDafvRvslvGieiltieaRvvvasvdtyLryaeavgrldevae 69
                              a++k+ dsssLa+++dr+LDkG+viD ++R+slvGie+++i+aR+v+a +d +L yae vg+ld+ ++
  nat_adbccafe282c78df56d1  3 AIQKSVDSSSLADIIDRILDKGLVIDIYARISLVGIELIAIDARIVIAGIDKWLYYAEKVGLLDKHHN 70
                              89*************************************************************97654 PP

>> nat_c0cbaeb838a26d617958  
   #    score  bias  c-Evalue  i-Evalue hmmfrom  hmm to    alifrom  ali to    envfrom  env to     acc
 ---   ------ ----- --------- --------- ------- -------    ------- -------    ------- -------    ----
   1 !  105.0   0.8   9.5e-32   1.4e-31       4      71 ..       6      73 ..       1      88 [. 0.87

  Alignments for each domain:
  == domain 1  score: 105.0 bits;  conditional E-value: 9.5e-32
                      gvpa  4 ekvsdsssLaevldrvLDkGiviDafvRvslvGieiltieaRvvvasvdtyLryaeavgrldevaesa 71
                              +   +s+sLa+vl+ vLDkGiviDafvRvs++Gie+ltieaR+v+asvdty+ry ea+++l    +++
  nat_c0cbaeb838a26d617958  6 QSPGGSTSLADVLNIVLDKGIVIDAFVRVSVIGIELLTIEARIVIASVDTYIRYVEAMQQLGALPRRS 73
                              5556899***************************************************9998655544 PP

>> nat_04ba7db7d0670b52f7bf  
   #    score  bias  c-Evalue  i-Evalue hmmfrom  hmm to    alifrom  ali to    envfrom  env to     acc
 ---   ------ ----- --------- --------- ------- -------    ------- -------    ------- -------    ----
   1 !  104.8   0.3   1.1e-31   1.6e-31       5      70 ..       7      72 ..       1      84 [. 0.89

  Alignments for each domain:
  == domain 1  score: 104.8 bits;  conditional E-value: 1.1e-31
                      gvpa  5 kvsdsssLaevldrvLDkGiviDafvRvslvGieiltieaRvvvasvdtyLryaeavgrldevaes 70
                                  s+sLa+vl+ vLDkGiviDafvRvs++Gie+ltieaR+v+asvdty+ry ea+++l +  ++
  nat_04ba7db7d0670b52f7bf  7 SPGASTSLADVLNIVLDKGIVIDAFVRVSVIGIELLTIEARIVIASVDTYIRYVEAMQQLGSLPRR 72
                              445689***************************************************999876554 PP

>> nat_d8adf42b87bd05b02f3c  
   #    score  bias  c-Evalue  i-Evalue hmmfrom  hmm to    alifrom  ali to    envfrom  env to     acc
 ---   ------ ----- --------- --------- ------- -------    ------- -------    ------- -------    ----
   1 !  104.7   4.2   1.1e-31   1.7e-31       1      65 [.       1      65 [.       1      70 [] 0.96

  Alignments for each domain:
  == domain 1  score: 104.7 bits;  conditional E-value: 1.1e-31
                      gvpa  1 mavekvsdsssLaevldrvLDkGiviDafvRvslvGieiltieaRvvvasvdtyLryaeavgrld 65
                              m++ek+  s+s+aev+dr+LDkG++iDafvR+slvGie+++ie+R vv+sv+t+L+yaeavg++ 
  nat_d8adf42b87bd05b02f3c  1 MSIEKNIASASIAEVVDRILDKGVIIDAFVRISLVGIELIAIEVRAVVSSVETWLKYAEAVGLTV 65
                              99************************************************************985 PP

>> nat_71ad0aebbd9dc4f100e5  
   #    score  bias  c-Evalue  i-Evalue hmmfrom  hmm to    alifrom  ali to    envfrom  env to     acc
 ---   ------ ----- --------- --------- ------- -------    ------- -------    ------- -------    ----
   1 !  104.6   1.1   1.3e-31   1.9e-31       1      65 [.       1      65 [.       1      71 [. 0.97

  Alignments for each domain:
  == domain 1  score: 104.6 bits;  conditional E-value: 1.3e-31
                      gvpa  1 mavekvsdsssLaevldrvLDkGiviDafvRvslvGieiltieaRvvvasvdtyLryaeavgrld 65
                              mav+++ +sssLaevldr+L+kGiviD fvRvslvGie+l+i+ R+v+a v+t+L ya avg+l+
  nat_71ad0aebbd9dc4f100e5  1 MAVKHSVESSSLAEVLDRILEKGIVIDLFVRVSLVGIELLAIDGRIVIAGVETWLCYAKAVGLLS 65
                              9*************************************************************986 PP

>> nat_1e293b4cbe670455f7f8  
   #    score  bias  c-Evalue  i-Evalue hmmfrom  hmm to    alifrom  ali to    envfrom  env to     acc
 ---   ------ ----- --------- --------- ------- -------    ------- -------    ------- -------    ----
   1 !  104.5   1.4   1.3e-31   1.9e-31      13      70 ..       1      58 [.       1      59 [] 0.95

  Alignments for each domain:
  == domain 1  score: 104.5 bits;  conditional E-value: 1.3e-31
                      gvpa 13 aevldrvLDkGiviDafvRvslvGieiltieaRvvvasvdtyLryaeavgrldevaes 70
                              aev+dr+LDkGiviDa+ +vslvGie+l++eaRvv+asv+tyL+yaea+g+++ +a +
  nat_1e293b4cbe670455f7f8  1 AEVVDRILDKGIVIDAWLKVSLVGIELLAVEARVVIASVETYLKYAEAIGLTAPAAAP 58
                              69*************************************************9987765 PP

>> nat_bae63dd0b8d13acbfc4b  
   #    score  bias  c-Evalue  i-Evalue hmmfrom  hmm to    alifrom  ali to    envfrom  env to     acc
 ---   ------ ----- --------- --------- ------- -------    ------- -------    ------- -------    ----
   1 !  103.3   0.6   3.3e-31   4.8e-31      16      76 ..       2      76 ..       1      88 [. 0.80

  Alignments for each domain:
  == domain 1  score: 103.3 bits;  conditional E-value: 3.3e-31
                      gvpa 16 ldrvLDkGiviDafvRvslvGieiltieaRvvvasvdtyLryaeavgrld..............evaesaaaevs 76
                              +d +LDkG+viDa+vRvslvGie+lti+aR+vvasvdtyLr+aea +rld              e+aes+ +  +
  nat_bae63dd0b8d13acbfc4b  2 IDSILDKGLVIDAYVRVSLVGIELLTIDARIVVASVDTYLRFAEATNRLDldeqdgtdlpeimaETAESGLEAAA 76
                              8*************************************************7776666666655544444444444 PP

>> nat_1d2f3e1cd710fe0c7fcf  
   #    score  bias  c-Evalue  i-Evalue hmmfrom  hmm to    alifrom  ali to    envfrom  env to     acc
 ---   ------ ----- --------- --------- ------- -------    ------- -------    ------- -------    ----
   1 !  102.1   0.1   7.3e-31   1.1e-30      16      78 ..       2      78 ..       1      96 [. 0.78

  Alignments for each domain:
  == domain 1  score: 102.1 bits;  conditional E-value: 7.3e-31
                      gvpa 16 ldrvLDkGiviDafvRvslvGieiltieaRvvvasvdtyLryaeavgrld..............evaesaaaevskg 78
                              +d +LDkG+viDa+vRvsl+Gie+lti+aR+vvasvdtyLr+aea +rld              e +es+ +  s+g
  nat_1d2f3e1cd710fe0c7fcf  2 IDSILDKGLVIDAYVRVSLIGIELLTIDARIVVASVDTYLRFAEATNRLDlyekggkglpqlmaEGTESGMEAASRG 78
                              8*************************************************777666666655553334444334443 PP

>> nat_9d4c1039a70fe9d54d51  
   #    score  bias  c-Evalue  i-Evalue hmmfrom  hmm to    alifrom  ali to    envfrom  env to     acc
 ---   ------ ----- --------- --------- ------- -------    ------- -------    ------- -------    ----
   1 !  102.0   2.3   8.3e-31   1.2e-30       5      66 ..       3      64 ..       1      67 [. 0.95

  Alignments for each domain:
  == domain 1  score: 102.0 bits;  conditional E-value: 8.3e-31
                      gvpa  5 kvsdsssLaevldrvLDkGiviDafvRvslvGieiltieaRvvvasvdtyLryaeavgrlde 66
                              k  dsssLaev+dr+L+kGiviD +vRvslvGie+lt++ R+v+asv+ +L+ya avg+++e
  nat_9d4c1039a70fe9d54d51  3 KDVDSSSLAEVVDRILEKGIVIDGYVRVSLVGIELLTVDLRIVIASVNSFLKYACAVGLTTE 64
                              7789******************************************************9975 PP

>> nat_45f439ecd52873031578  
   #    score  bias  c-Evalue  i-Evalue hmmfrom  hmm to    alifrom  ali to    envfrom  env to     acc
 ---   ------ ----- --------- --------- ------- -------    ------- -------    ------- -------    ----
   1 !  102.1   1.9   7.7e-31   1.1e-30       5      67 ..       3      65 ..       1      70 [. 0.94

  Alignments for each domain:
  == domain 1  score: 102.1 bits;  conditional E-value: 7.7e-31
                      gvpa  5 kvsdsssLaevldrvLDkGiviDafvRvslvGieiltieaRvvvasvdtyLryaeavgrldev 67
                              k  dsssLaev+dr+L+kG+viD +vRvslvGie+lt++ R+v+asv+ +Lrya avg+++e 
  nat_45f439ecd52873031578  3 KDVDSSSLAEVVDRILEKGVVIDGYVRVSLVGIELLTVDLRIVIASVNSFLRYACAVGLTTEH 65
                              7789*******************************************************9875 PP

>> nat_2b3e3d2d5bed050505a1  
   #    score  bias  c-Evalue  i-Evalue hmmfrom  hmm to    alifrom  ali to    envfrom  env to     acc
 ---   ------ ----- --------- --------- ------- -------    ------- -------    ------- -------    ----
   1 !  101.3   3.0   1.4e-30     2e-30       5      66 ..       3      64 ..       1      68 [. 0.95

  Alignments for each domain:
  == domain 1  score: 101.3 bits;  conditional E-value: 1.4e-30
                      gvpa  5 kvsdsssLaevldrvLDkGiviDafvRvslvGieiltieaRvvvasvdtyLryaeavgrlde 66
                              k  dsssLaev+dr+L+kG+viD +vRvslvGie+lt++ Rvv+asv+ +Lrya avg+++e
  nat_2b3e3d2d5bed050505a1  3 KDVDSSSLAEVVDRILEKGVVIDGYVRVSLVGIELLTVDLRVVIASVNSFLRYACAVGLTTE 64
                              7789******************************************************9986 PP

>> nat_d2a9cf80c0a0a91432b1  
   #    score  bias  c-Evalue  i-Evalue hmmfrom  hmm to    alifrom  ali to    envfrom  env to     acc
 ---   ------ ----- --------- --------- ------- -------    ------- -------    ------- -------    ----
   1 !  101.2   2.4   1.4e-30     2e-30       5      66 ..       3      64 ..       1      68 [. 0.95

  Alignments for each domain:
  == domain 1  score: 101.2 bits;  conditional E-value: 1.4e-30
                      gvpa  5 kvsdsssLaevldrvLDkGiviDafvRvslvGieiltieaRvvvasvdtyLryaeavgrlde 66
                              k  dsssLaev+dr+L+kG+viD +vRvslvGie+lt++ R+v+asv+ +Lrya avg+++e
  nat_d2a9cf80c0a0a91432b1  3 KDVDSSSLAEVVDRILEKGVVIDGYVRVSLVGIELLTVDLRIVIASVNSFLRYACAVGLTTE 64
                              7789******************************************************9986 PP

>> nat_c2cecfd096d8648b9858  
   #    score  bias  c-Evalue  i-Evalue hmmfrom  hmm to    alifrom  ali to    envfrom  env to     acc
 ---   ------ ----- --------- --------- ------- -------    ------- -------    ------- -------    ----
   1 !  101.0   2.1   1.7e-30   2.4e-30      18      70 ..       1      53 [.       1      54 [] 0.97

  Alignments for each domain:
  == domain 1  score: 101.0 bits;  conditional E-value: 1.7e-30
                      gvpa 18 rvLDkGiviDafvRvslvGieiltieaRvvvasvdtyLryaeavgrldevaes 70
                              r+LDkGiv+Da+vRvslvGie+l++eaR+v+asv+tyL+yaeavg+++++a++
  nat_c2cecfd096d8648b9858  1 RILDKGIVVDAWVRVSLVGIELLAVEARIVIASVETYLKYAEAVGLTQSAAVP 53
                              7***********************************************99987 PP

>> nat_205609067b26bcd62eb1  
   #    score  bias  c-Evalue  i-Evalue hmmfrom  hmm to    alifrom  ali to    envfrom  env to     acc
 ---   ------ ----- --------- --------- ------- -------    ------- -------    ------- -------    ----
   1 !  100.5   2.1   2.4e-30   3.5e-30       5      65 ..       3      63 ..       1      67 [. 0.95

  Alignments for each domain:
  == domain 1  score: 100.5 bits;  conditional E-value: 2.4e-30
                      gvpa  5 kvsdsssLaevldrvLDkGiviDafvRvslvGieiltieaRvvvasvdtyLryaeavgrld 65
                              k  dsssLaev+dr+L+kG+viD +vRvslvGie+lt++ R+v+asv+ +Lrya avg+++
  nat_205609067b26bcd62eb1  3 KDVDSSSLAEVVDRILEKGVVIDGYVRVSLVGIELLTVDLRIVIASVNSFLRYACAVGLTT 63
                              7789******************************************************986 PP

>> nat_851698785dae5c558dd3  
   #    score  bias  c-Evalue  i-Evalue hmmfrom  hmm to    alifrom  ali to    envfrom  env to     acc
 ---   ------ ----- --------- --------- ------- -------    ------- -------    ------- -------    ----
   1 !   99.7   0.2   4.2e-30   6.3e-30       3      74 ..      11      82 ..       9     100 .. 0.87

  Alignments for each domain:
  == domain 1  score: 99.7 bits;  conditional E-value: 4.2e-30
                      gvpa  3 vekvsdsssLaevldrvLDkGiviDafvRvslvGieiltieaRvvvasvdtyLryaeavgrldevaesaaae 74
                              v++ ++ s La+v++++LD+G+viD fvRvsl G+eilti++R+vvasvdt+L+yaea +rl    +sa + 
  nat_851698785dae5c558dd3 11 VHRHRNDSNLADVVELILDRGLVIDVFVRVSLLGLEILTIDIRIVVASVDTFLQYAEATDRLYLYGTSARRR 82
                              6778899*****************************************************998665555544 PP

>> nat_4dd27faa1e6ec7300c76  
   #    score  bias  c-Evalue  i-Evalue hmmfrom  hmm to    alifrom  ali to    envfrom  env to     acc
 ---   ------ ----- --------- --------- ------- -------    ------- -------    ------- -------    ----
   1 !   99.1   0.2   6.5e-30   9.6e-30       3      73 ..      11      81 ..       9     100 .. 0.82

  Alignments for each domain:
  == domain 1  score: 99.1 bits;  conditional E-value: 6.5e-30
                      gvpa  3 vekvsdsssLaevldrvLDkGiviDafvRvslvGieiltieaRvvvasvdtyLryaeavgrldevaesaaa 73
                              v++ ++ s La+v+d++LD+G+viD fvRvsl G+eilt+++R+vvasvdt+L+yaea +rl    ++ a+
  nat_4dd27faa1e6ec7300c76 11 VVRHRGDSNLADVVDLILDRGMVIDVFVRVSLLGLEILTLDIRIVVASVDTFLQYAEATDRLYLYGTTRAE 81
                              6788999******************************************************9844433333 PP

>> nat_fb842fc4ca3ea6c7b170  
   #    score  bias  c-Evalue  i-Evalue hmmfrom  hmm to    alifrom  ali to    envfrom  env to     acc
 ---   ------ ----- --------- --------- ------- -------    ------- -------    ------- -------    ----
   1 !   98.7   2.4   8.4e-30   1.2e-29       5      66 ..       3      64 ..       1      68 [. 0.95

  Alignments for each domain:
  == domain 1  score: 98.7 bits;  conditional E-value: 8.4e-30
                      gvpa  5 kvsdsssLaevldrvLDkGiviDafvRvslvGieiltieaRvvvasvdtyLryaeavgrlde 66
                              k  dsssLaev+dr+L+kG++iD +vRvslvGie+lt++ R+v+as++ +Lrya avg+++e
  nat_fb842fc4ca3ea6c7b170  3 KDVDSSSLAEVVDRILEKGVIIDGYVRVSLVGIELLTVDLRIVIASINSFLRYACAVGLTTE 64
                              7789******************************************************9986 PP

>> nat_abe747a6a02da3a854f9  
   #    score  bias  c-Evalue  i-Evalue hmmfrom  hmm to    alifrom  ali to    envfrom  env to     acc
 ---   ------ ----- --------- --------- ------- -------    ------- -------    ------- -------    ----
   1 !   98.6   0.3   9.4e-30   1.4e-29       5      71 ..       4      70 ..       1      86 [] 0.85

  Alignments for each domain:
  == domain 1  score: 98.6 bits;  conditional E-value: 9.4e-30
                      gvpa  5 kvsdsssLaevldrvLDkGiviDafvRvslvGieiltieaRvvvasvdtyLryaeavgrldevaesa 71
                              ++ ++s Laevldr+LDkGiviD ++R+++vG+e++t+eaRvvvas+dt+L+y  ++g ++  + +a
  nat_abe747a6a02da3a854f9  4 EEPNTSNLAEVLDRILDKGIVIDLWARIAVVGLELITVEARVVVASIDTFLHYCAEIGAIQAGEIEA 70
                              45789******************************************************99554444 PP

>> nat_06a18e8f389879fa7357  
   #    score  bias  c-Evalue  i-Evalue hmmfrom  hmm to    alifrom  ali to    envfrom  env to     acc
 ---   ------ ----- --------- --------- ------- -------    ------- -------    ------- -------    ----
   1 !   95.4   0.2   9.1e-29   1.3e-28       6      70 ..       5      69 ..       1      82 [. 0.89

  Alignments for each domain:
  == domain 1  score: 95.4 bits;  conditional E-value: 9.1e-29
                      gvpa  6 vsdsssLaevldrvLDkGiviDafvRvslvGieiltieaRvvvasvdtyLryaeavgrldevaes 70
                              + ++s  aevldr+LDkGiviD ++R+++vG+e++t+eaR+vvas+dt+L+y  ++g +++ + +
  nat_06a18e8f389879fa7357  5 EPNTSNFAEVLDRILDKGIVIDLWARIAIVGLELITVEARIVVASIDTFLHYCAEIGTIESGEIA 69
                              57899*****************************************************9965544 PP

>> nat_6beaed64ee52af83e50c  
   #    score  bias  c-Evalue  i-Evalue hmmfrom  hmm to    alifrom  ali to    envfrom  env to     acc
 ---   ------ ----- --------- --------- ------- -------    ------- -------    ------- -------    ----
   1 !   94.4   0.0   1.8e-28   2.7e-28       7      69 ..      16      78 ..       1      86 [] 0.89

  Alignments for each domain:
  == domain 1  score: 94.4 bits;  conditional E-value: 1.8e-28
                      gvpa  7 sdsssLaevldrvLDkGiviDafvRvslvGieiltieaRvvvasvdtyLryaeavgrldevae 69
                                ss L + l+ +LDkG+viD +vRvslvG+eilt++ R v+asvdtyL++aea++r +++ +
  nat_6beaed64ee52af83e50c 16 PPSSDLRDALEVILDKGMVIDGYVRVSLVGLEILTVDLRAVIASVDTYLKFAEAMERHAQALK 78
                              5699****************************************************9887654 PP

>> nat_5ce032d4beb5b5581c61  
   #    score  bias  c-Evalue  i-Evalue hmmfrom  hmm to    alifrom  ali to    envfrom  env to     acc
 ---   ------ ----- --------- --------- ------- -------    ------- -------    ------- -------    ----
   1 !   93.6   1.3   3.3e-28   4.9e-28       4      71 ..       3      70 ..       1      79 [. 0.90

  Alignments for each domain:
  == domain 1  score: 93.6 bits;  conditional E-value: 3.3e-28
                      gvpa  4 ekvsdsssLaevldrvLDkGiviDafvRvslvGieiltieaRvvvasvdtyLryaeavgrldevaesa 71
                              ++++++s La+vldr+LDkG+viD ++R+++vG+e++tieaR+v+ svdt+L y  ++g ++  a++ 
  nat_5ce032d4beb5b5581c61  3 QRNQNGSNLADVLDRILDKGVVIDLWARIAVVGLELITIEARIVIVSVDTFLNYCAEIGAIEAGAVPD 70
                              678999******************************************************99777665 PP

>> nat_13cb78a146ca0e28f916  
   #    score  bias  c-Evalue  i-Evalue hmmfrom  hmm to    alifrom  ali to    envfrom  env to     acc
 ---   ------ ----- --------- --------- ------- -------    ------- -------    ------- -------    ----
   1 !   93.0   1.1   5.1e-28   7.5e-28       6      72 ..       5      71 ..       1      89 [. 0.87

  Alignments for each domain:
  == domain 1  score: 93.0 bits;  conditional E-value: 5.1e-28
                      gvpa  6 vsdsssLaevldrvLDkGiviDafvRvslvGieiltieaRvvvasvdtyLryaeavgrldevaesaa 72
                              + ++s  +evldr+LDkGiviD ++R+++vG+e++t+eaR+vvas+dt+L+y  ++g +++    a 
  nat_13cb78a146ca0e28f916  5 EPNTSNFVEVLDRILDKGIVIDLWARIAIVGLELITVEARIVVASIDTFLHYCAEIGAIESGDIDAV 71
                              578999***************************************************9996555444 PP

>> nat_5c822346ac3970562a14  
   #    score  bias  c-Evalue  i-Evalue hmmfrom  hmm to    alifrom  ali to    envfrom  env to     acc
 ---   ------ ----- --------- --------- ------- -------    ------- -------    ------- -------    ----
   1 !   91.8   0.0   1.2e-27   1.7e-27       7      65 ..      16      74 ..       1      76 [] 0.92

  Alignments for each domain:
  == domain 1  score: 91.8 bits;  conditional E-value: 1.2e-27
                      gvpa  7 sdsssLaevldrvLDkGiviDafvRvslvGieiltieaRvvvasvdtyLryaeavgrld 65
                                s+ L + ++ +LDkG+viD +vRvslvG+eilt++ R v+asvdtyL++aea++r +
  nat_5c822346ac3970562a14 16 PPSADLRDAIEAILDKGMVIDGYVRVSLVGLEILTVDLRAVIASVDTYLKFAEAMERCT 74
                              56889*************************************************99876 PP

>> nat_938bc5a2fbf0cc2d6a30  
   #    score  bias  c-Evalue  i-Evalue hmmfrom  hmm to    alifrom  ali to    envfrom  env to     acc
 ---   ------ ----- --------- --------- ------- -------    ------- -------    ------- -------    ----
   1 !   91.5   3.6   1.5e-27   2.2e-27       5      72 ..       5      71 ..       1      75 [. 0.88

  Alignments for each domain:
  == domain 1  score: 91.5 bits;  conditional E-value: 1.5e-27
                      gvpa  5 kvsdsssLaevldrvLDkGiviDafvRvslvGieiltieaRvvvasvdtyLryaeavgrldevaesaa 72
                              k+    sLaev++ +LDkGiviD +++v lvGie+++ieaR+v+asv t+L ya a+g ++e ++sa+
  nat_938bc5a2fbf0cc2d6a30  5 KK-RDGSLAEVIEIILDKGIVIDVWAKVYLVGIELIKIEARIVIASVATWLDYAKAIGIVSENNTSAG 71
                              43.4468*****************************************************99888775 PP

>> nat_1af65d71957f5cb92049  
   #    score  bias  c-Evalue  i-Evalue hmmfrom  hmm to    alifrom  ali to    envfrom  env to     acc
 ---   ------ ----- --------- --------- ------- -------    ------- -------    ------- -------    ----
   1 !   89.6   0.1   5.6e-27   8.2e-27       9      91 ..      10      97 ..       3     112 .] 0.76

  Alignments for each domain:
  == domain 1  score: 89.6 bits;  conditional E-value: 5.6e-27
                      gvpa  9 sssLaevldrvLDkGiviDafvRvslvGieiltieaRvvvasvdtyLryaeavgrld....evaesaaaevskga.lsgaaeaisda 90
                              s +Lae l+ +LDkG+viDa +Rvs++Gieil+ie+++v+asvdty+ry ea++rld     v+  +a++++ g+ l+g+   i++ 
  nat_1af65d71957f5cb92049 10 SGGLAEALNILLDKGLVIDASIRVSVIGIEILAIEIKIVIASVDTYIRYLEAMQRLDaqrtAVTAVQAQQRVLGQgLAGTYGLIAEP 96
                              789*****************************************************9665533333333333332145555555554 PP

                      gvpa 91 l 91
                              +
  nat_1af65d71957f5cb92049 97 V 97
                              4 PP

>> nat_3920ca7a93d3521445d8  
   #    score  bias  c-Evalue  i-Evalue hmmfrom  hmm to    alifrom  ali to    envfrom  env to     acc
 ---   ------ ----- --------- --------- ------- -------    ------- -------    ------- -------    ----
   1 !   88.3   0.2   1.5e-26   2.2e-26       6      75 ..      12      83 ..       7     101 .. 0.85

  Alignments for each domain:
  == domain 1  score: 88.3 bits;  conditional E-value: 1.5e-26
                      gvpa  6 vsdsssLaevldrvLDkGiviDafvRvslvGieiltieaRvvvasvdtyLryaeavgrld..evaesaaaev 75
                               + +s La+v+++vLDkG+viDa v v++vGi +l+++aR+ +as++tyLr+aeav+rld    +e++ ++v
  nat_3920ca7a93d3521445d8 12 RNPTSELADVVETVLDKGVVIDAQVSVAVVGIRLLEMNARITIASIETYLRFAEAVDRLDinPEQEQGLTDV 83
                              57799*****************************************************99543344444444 PP

>> nat_35cbbb25f10deebd7391  
   #    score  bias  c-Evalue  i-Evalue hmmfrom  hmm to    alifrom  ali to    envfrom  env to     acc
 ---   ------ ----- --------- --------- ------- -------    ------- -------    ------- -------    ----
   1 !   85.7   0.3     9e-26   1.3e-25       9      76 ..       6      73 ..       2      97 .. 0.89

  Alignments for each domain:
  == domain 1  score: 85.7 bits;  conditional E-value: 9e-26
                      gvpa  9 sssLaevldrvLDkGiviDafvRvslvGieiltieaRvvvasvdtyLryaeavgrldevaesaaaevs 76
                              + +Lae l+ +LDkG+viDa vRvs++Gieil+ie++vv+asvdty+ry ea+ rl+ + + a ++ +
  nat_35cbbb25f10deebd7391  6 TGGLAEALNILLDKGLVIDASVRVSVIGIEILAIEIKVVIASVDTYVRYLEAMLRLEVARRDANNGTT 73
                              579*****************************************************988777776654 PP

>> nat_9e4b470d40cacf2bb300  
   #    score  bias  c-Evalue  i-Evalue hmmfrom  hmm to    alifrom  ali to    envfrom  env to     acc
 ---   ------ ----- --------- --------- ------- -------    ------- -------    ------- -------    ----
   1 !   85.1   0.0   1.4e-25   2.1e-25       3      83 ..      11     100 ..       1     116 [. 0.88

  Alignments for each domain:
  == domain 1  score: 85.1 bits;  conditional E-value: 1.4e-25
                      gvpa   3 vekvsdsssLaevldrvLDkGiviDafvRvslvGieiltieaRvvvasvdtyLryaeavgrld.........evaesaaaevskg 78 
                               + + ++s  L++vl+++LD+G+ +Daf+Rv l Gie l ++aR vva  dty+rya a+grld         + +e+++a v  g
  nat_9e4b470d40cacf2bb300  11 ITRGDESGDLYDVLELILDRGLTVDAFARVPLAGIESLRVDARSVVADADTYMRYAAACGRLDvdpgsgpaaRLTERGGATVESG 95 
                               447889999******************************************************9999999987888888888888 PP

                      gvpa  79 alsga 83 
                               a sg 
  nat_9e4b470d40cacf2bb300  96 ARSGP 100
                               87775 PP

>> nat_bc0dc31c406bce90747d  
   #    score  bias  c-Evalue  i-Evalue hmmfrom  hmm to    alifrom  ali to    envfrom  env to     acc
 ---   ------ ----- --------- --------- ------- -------    ------- -------    ------- -------    ----
   1 !   83.2   0.2   5.4e-25     8e-25      11      69 ..      12      70 ..       3      79 .] 0.88

  Alignments for each domain:
  == domain 1  score: 83.2 bits;  conditional E-value: 5.4e-25
                      gvpa 11 sLaevldrvLDkGiviDafvRvslvGieiltieaRvvvasvdtyLryaeavgrldevae 69
                              s+ + ldrvLDkG+viDa   vslvGieil + aR+vva vdt+Lrya a+g+    a 
  nat_bc0dc31c406bce90747d 12 SIFDLLDRVLDKGLVIDANLSVSLVGIEILVVRARIVVAGVDTFLRYAAALGLAGPPAL 70
                              789************************************************99874444 PP

>> nat_fcf6516adac55651ea82  
   #    score  bias  c-Evalue  i-Evalue hmmfrom  hmm to    alifrom  ali to    envfrom  env to     acc
 ---   ------ ----- --------- --------- ------- -------    ------- -------    ------- -------    ----
   1 !   82.5   0.5     9e-25   1.3e-24      11      64 ..      11      64 ..       1      72 [. 0.92

  Alignments for each domain:
  == domain 1  score: 82.5 bits;  conditional E-value: 9e-25
                      gvpa 11 sLaevldrvLDkGiviDafvRvslvGieiltieaRvvvasvdtyLryaeavgrl 64
                               +++ +drvLDkG+viDa v vslvGieil i aR+vv+ vdt+Lrya a+g+ 
  nat_fcf6516adac55651ea82 11 NIYDLVDRVLDKGLVIDANVSVSLVGIEILVIRARIVVSGVDTFLRYASALGLA 64
                              579***********************************************9975 PP

>> nat_027ad09700015f1d30d2  
   #    score  bias  c-Evalue  i-Evalue hmmfrom  hmm to    alifrom  ali to    envfrom  env to     acc
 ---   ------ ----- --------- --------- ------- -------    ------- -------    ------- -------    ----
   1 !   80.4   0.1     4e-24   5.9e-24       7      70 ..       6      69 ..       1      72 [. 0.92

  Alignments for each domain:
  == domain 1  score: 80.4 bits;  conditional E-value: 4e-24
                      gvpa  7 sdsssLaevldrvLDkGiviDafvRvslvGieiltieaRvvvasvdtyLryaeavgrldevaes 70
                                +ssLae ldr+LDkGi++D   Rvsl G+ei+t+eaR+v+ s++t+L ya  ++ ++ ++e+
  nat_027ad09700015f1d30d2  6 PTGSSLAELLDRILDKGIIVDLRDRVSLLGLEIITVEARLVIGSIETFLSYARTISTMAATTEP 69
                              5789***************************************************999988876 PP

>> nat_fd72e792f1baf1428f94  
   #    score  bias  c-Evalue  i-Evalue hmmfrom  hmm to    alifrom  ali to    envfrom  env to     acc
 ---   ------ ----- --------- --------- ------- -------    ------- -------    ------- -------    ----
   1 !   65.6   1.2   1.6e-19   2.4e-19       1      65 [.       1      69 [.       1      97 [. 0.73

  Alignments for each domain:
  == domain 1  score: 65.6 bits;  conditional E-value: 1.6e-19
                      gvpa  1 mavekvsdsssLaevldrvLDkGiviDafvRvslvGieiltieaRvvvasvdtyL....ryaeavgrld 65
                              m+++++  +s+La+vl+r+LDkGiv+   + vslvG+e+lti  R+vvasvd  L    r+ ea + l+
  nat_fd72e792f1baf1428f94  1 MSLQHSVAGSGLADVLERILDKGIVVAGDISVSLVGVELLTIRLRLVVASVDRALemgiRWWEADAALT 69
                              88999999********************************************88722224444444333 PP

>> nat_2326b4b1edc73215c448  
   #    score  bias  c-Evalue  i-Evalue hmmfrom  hmm to    alifrom  ali to    envfrom  env to     acc
 ---   ------ ----- --------- --------- ------- -------    ------- -------    ------- -------    ----
   1 !   64.3   0.6   4.1e-19     6e-19       5      56 ..       3      54 ..       1      91 [. 0.82

  Alignments for each domain:
  == domain 1  score: 64.3 bits;  conditional E-value: 4.1e-19
                      gvpa  5 kvsdsssLaevldrvLDkGiviDafvRvslvGieiltieaRvvvasvdtyLr 56
                              ++ ++ssLa++l+r+LDkGiv+   + vslvG+e+lti +R+vvasvd  L 
  nat_2326b4b1edc73215c448  3 HAIGGSSLADILERILDKGIVVAGDISVSLVGVELLTIRVRLVVASVDRALE 54
                              56789*******************************************8764 PP

>> nat_bb76aad3eff34c3e25a9  
   #    score  bias  c-Evalue  i-Evalue hmmfrom  hmm to    alifrom  ali to    envfrom  env to     acc
 ---   ------ ----- --------- --------- ------- -------    ------- -------    ------- -------    ----
   1 !   63.8   1.0   5.5e-19   8.1e-19       1      56 [.       1      56 [.       1      93 [. 0.83

  Alignments for each domain:
  == domain 1  score: 63.8 bits;  conditional E-value: 5.5e-19
                      gvpa  1 mavekvsdsssLaevldrvLDkGiviDafvRvslvGieiltieaRvvvasvdtyLr 56
                              ma++++  +s+La++l+r+LDkGiv+   + vslvG+e+lt+  R+v+asvd  L 
  nat_bb76aad3eff34c3e25a9  1 MAMQHSVAGSGLADILERILDKGIVVAGDISVSLVGVELLTVRLRLVIASVDRALE 56
                              9999************************************************8774 PP

>> nat_1359fb8c6e51c0f9bb89  
   #    score  bias  c-Evalue  i-Evalue hmmfrom  hmm to    alifrom  ali to    envfrom  env to     acc
 ---   ------ ----- --------- --------- ------- -------    ------- -------    ------- -------    ----
   1 !   63.5   1.2   7.1e-19     1e-18       1      56 [.       1      56 [.       1      95 [. 0.79

  Alignments for each domain:
  == domain 1  score: 63.5 bits;  conditional E-value: 7.1e-19
                      gvpa  1 mavekvsdsssLaevldrvLDkGiviDafvRvslvGieiltieaRvvvasvdtyLr 56
                              m+++++  +s+La++l+r+LDkGiv+   + vslvG+e+lti  R+v+asvd  L 
  nat_1359fb8c6e51c0f9bb89  1 MTLQHSVAGSGLADILERILDKGIVVAGDISVSLVGVELLTIRLRLVIASVDRALE 56
                              8999999*********************************************8774 PP

>> nat_42f645640533e9fbacdd  
   #    score  bias  c-Evalue  i-Evalue hmmfrom  hmm to    alifrom  ali to    envfrom  env to     acc
 ---   ------ ----- --------- --------- ------- -------    ------- -------    ------- -------    ----
   1 !   57.8   0.1   4.3e-17   6.3e-17       7      53 ..      26      72 ..      21     103 .. 0.94

  Alignments for each domain:
  == domain 1  score: 57.8 bits;  conditional E-value: 4.3e-17
                      gvpa  7 sdsssLaevldrvLDkGiviDafvRvslvGieiltieaRvvvasvdt 53
                               ds  La++l+rvLD+G+vi   +Rvsl  ie+lti  R+v+asvdt
  nat_42f645640533e9fbacdd 26 PDSGNLADILERVLDRGVVIAGDIRVSLLDIELLTIKLRLVIASVDT 72
                              58999*****************************************9 PP

>> nat_5f9abedf20fee61c54e6  
   #    score  bias  c-Evalue  i-Evalue hmmfrom  hmm to    alifrom  ali to    envfrom  env to     acc
 ---   ------ ----- --------- --------- ------- -------    ------- -------    ------- -------    ----
   1 !   57.3   2.5     6e-17   8.8e-17       2      52 ..       2      56 ..       1      96 [. 0.89

  Alignments for each domain:
  == domain 1  score: 57.3 bits;  conditional E-value: 6e-17
                      gvpa  2 ave....kvsdsssLaevldrvLDkGiviDafvRvslvGieiltieaRvvvasvd 52
                              +++    ++ +ss La+ l+r+LDkG+vi   +R+slv ie+lti++R+v+ svd
  nat_5f9abedf20fee61c54e6  2 TIQhgaqHSIESSNLADLLERILDKGVVIAGDIRISLVDIELLTIQIRLVICSVD 56
                              55544446779*******************************************9 PP

>> nat_b803f831d4bb3d108316  
   #    score  bias  c-Evalue  i-Evalue hmmfrom  hmm to    alifrom  ali to    envfrom  env to     acc
 ---   ------ ----- --------- --------- ------- -------    ------- -------    ------- -------    ----
   1 !   54.0   1.6   6.4e-16   9.4e-16       6      52 ..      12      58 ..       1      62 [. 0.91

  Alignments for each domain:
  == domain 1  score: 54.0 bits;  conditional E-value: 6.4e-16
                      gvpa  6 vsdsssLaevldrvLDkGiviDafvRvslvGieiltieaRvvvasvd 52
                              +  s++La+vl+rvLDkG+vi   +++ lv ie+lti++R+vvasvd
  nat_b803f831d4bb3d108316 12 SVHSATLADVLERVLDKGLVIAGDIKIKLVDIELLTIQIRLVVASVD 58
                              567999****************************************9 PP

>> nat_08303d07c69b3b006cc6  
   #    score  bias  c-Evalue  i-Evalue hmmfrom  hmm to    alifrom  ali to    envfrom  env to     acc
 ---   ------ ----- --------- --------- ------- -------    ------- -------    ------- -------    ----
   1 !   52.1   0.7   2.3e-15   3.5e-15      10      53 ..      27      70 ..      21      75 .. 0.94

  Alignments for each domain:
  == domain 1  score: 52.1 bits;  conditional E-value: 2.3e-15
                      gvpa 10 ssLaevldrvLDkGiviDafvRvslvGieiltieaRvvvasvdt 53
                              + L ++l+rvLD+Givi   +Rvsl  ie+lti  R+vvasvdt
  nat_08303d07c69b3b006cc6 27 ANLGDILERVLDRGIVIVGDIRVSLLDIELLTIKLRLVVASVDT 70
                              6799***************************************9 PP

>> nat_c52144aca7397b867a63  
   #    score  bias  c-Evalue  i-Evalue hmmfrom  hmm to    alifrom  ali to    envfrom  env to     acc
 ---   ------ ----- --------- --------- ------- -------    ------- -------    ------- -------    ----
   1 !   51.2   1.3   4.6e-15   6.8e-15       9      53 ..      17      61 ..      10      69 .. 0.93

  Alignments for each domain:
  == domain 1  score: 51.2 bits;  conditional E-value: 4.6e-15
                      gvpa  9 sssLaevldrvLDkGiviDafvRvslvGieiltieaRvvvasvdt 53
                               + L ++l+rvLDkGivi   +Rvsl  ie+lt+  R+vvasvdt
  nat_c52144aca7397b867a63 17 PANLGDILERVLDKGIVIVGDIRVSLLDIELLTLKLRLVVASVDT 61
                              56899***************************************9 PP

>> nat_d4445ac643365af43707  
   #    score  bias  c-Evalue  i-Evalue hmmfrom  hmm to    alifrom  ali to    envfrom  env to     acc
 ---   ------ ----- --------- --------- ------- -------    ------- -------    ------- -------    ----
   1 !   51.2   0.1   4.7e-15   6.9e-15       6      54 ..      15      63 ..      11     104 .. 0.89

  Alignments for each domain:
  == domain 1  score: 51.2 bits;  conditional E-value: 4.7e-15
                      gvpa  6 vsdsssLaevldrvLDkGiviDafvRvslvGieiltieaRvvvasvdty 54
                                 +s La++l+rvLDkGivi   ++v l  ie+lti  R+ vasvdt 
  nat_d4445ac643365af43707 15 GPTTSNLADILERVLDKGIVIAGDIKVDLLDIELLTIRLRLFVASVDTA 63
                              56799******************************************95 PP

>> nat_d841fd9bd8b58bf592fe  
   #    score  bias  c-Evalue  i-Evalue hmmfrom  hmm to    alifrom  ali to    envfrom  env to     acc
 ---   ------ ----- --------- --------- ------- -------    ------- -------    ------- -------    ----
   1 !   50.7   0.0   6.6e-15   9.7e-15       8      57 ..      17      66 ..      12     111 .] 0.75

  Alignments for each domain:
  == domain 1  score: 50.7 bits;  conditional E-value: 6.6e-15
                      gvpa  8 dsssLaevldrvLDkGiviDafvRvslvGieiltieaRvvvasvdtyLry 57
                              +++ La++l+rvLDkGivi   ++v l  ie+lti +R+ vasvdt  + 
  nat_d841fd9bd8b58bf592fe 17 QTTNLADILERVLDKGIVIAGDIKVDLLDIELLTIRIRLFVASVDTAKKA 66
                              6789******************************************7664 PP

>> nat_527c30968406b8971bd9  
   #    score  bias  c-Evalue  i-Evalue hmmfrom  hmm to    alifrom  ali to    envfrom  env to     acc
 ---   ------ ----- --------- --------- ------- -------    ------- -------    ------- -------    ----
   1 !   50.4   0.8   8.2e-15   1.2e-14       2      58 ..      10      66 ..       9     116 .] 0.73

  Alignments for each domain:
  == domain 1  score: 50.4 bits;  conditional E-value: 8.2e-15
                      gvpa  2 avekvsdsssLaevldrvLDkGiviDafvRvslvGieiltieaRvvvasvdtyLrya 58
                              +v++ + ++ La+ l+rvLDkGivi   +++ l  ie+lti  R+ vasvdt  +  
  nat_527c30968406b8971bd9 10 SVQQGTTTTNLADLLERVLDKGIVIAGDIKIDLLDIELLTIRLRLFVASVDTAKKAG 66
                              58899999********************************************76544 PP

>> nat_863aa5d511e9b0bd2124  
   #    score  bias  c-Evalue  i-Evalue hmmfrom  hmm to    alifrom  ali to    envfrom  env to     acc
 ---   ------ ----- --------- --------- ------- -------    ------- -------    ------- -------    ----
   1 !   50.1   1.3     1e-14   1.5e-14       8      53 ..      23      68 ..      18      72 .. 0.94

  Alignments for each domain:
  == domain 1  score: 50.1 bits;  conditional E-value: 1e-14
                      gvpa  8 dsssLaevldrvLDkGiviDafvRvslvGieiltieaRvvvasvdt 53
                              +++ L ++l+rvLD+Givi   +Rv l  ie+lti  R+v+asvdt
  nat_863aa5d511e9b0bd2124 23 EAANLGDILERVLDRGIVIAGDIRVNLLDIELLTIKLRLVIASVDT 68
                              678899***************************************9 PP

>> nat_fb9c2dd13c55d0636bf5  
   #    score  bias  c-Evalue  i-Evalue hmmfrom  hmm to    alifrom  ali to    envfrom  env to     acc
 ---   ------ ----- --------- --------- ------- -------    ------- -------    ------- -------    ----
   1 !   50.1   0.1     1e-14   1.5e-14       8      52 ..      15      59 ..       9      92 .. 0.93

  Alignments for each domain:
  == domain 1  score: 50.1 bits;  conditional E-value: 1e-14
                      gvpa  8 dsssLaevldrvLDkGiviDafvRvslvGieiltieaRvvvasvd 52
                              +++ La++l+rvLDkG+vi   +R+ l  ie+lti  R++vasvd
  nat_fb9c2dd13c55d0636bf5 15 SGANLADILERVLDKGVVIAGDIRINLLDIELLTIKLRLIVASVD 59
                              5678****************************************9 PP

>> nat_baa75d7a0b2a702d394f  
   #    score  bias  c-Evalue  i-Evalue hmmfrom  hmm to    alifrom  ali to    envfrom  env to     acc
 ---   ------ ----- --------- --------- ------- -------    ------- -------    ------- -------    ----
   1 !   49.6   0.0   1.4e-14   2.1e-14       9      58 ..      20      69 ..      12     113 .. 0.75

  Alignments for each domain:
  == domain 1  score: 49.6 bits;  conditional E-value: 1.4e-14
                      gvpa  9 sssLaevldrvLDkGiviDafvRvslvGieiltieaRvvvasvdtyLrya 58
                              s sLa+ l+rvLDkGivi   +++ l  ie+lti  R+ +asvdt  +  
  nat_baa75d7a0b2a702d394f 20 SGSLADLLERVLDKGIVIAGDIKIDLLDIELLTIRLRLFIASVDTAKKAG 69
                              88*******************************************76654 PP

>> nat_c8e916c7b41a8a9952b3  
   #    score  bias  c-Evalue  i-Evalue hmmfrom  hmm to    alifrom  ali to    envfrom  env to     acc
 ---   ------ ----- --------- --------- ------- -------    ------- -------    ------- -------    ----
   1 !   49.2   0.3   1.9e-14   2.7e-14       9      53 ..      23      67 ..      15      71 .. 0.94

  Alignments for each domain:
  == domain 1  score: 49.2 bits;  conditional E-value: 1.9e-14
                      gvpa  9 sssLaevldrvLDkGiviDafvRvslvGieiltieaRvvvasvdt 53
                               + L ++l+rvLD+G+vi   +Rv l  ie+lti  R+v+asvdt
  nat_c8e916c7b41a8a9952b3 23 PANLGDILERVLDRGVVIAGDIRVNLLDIELLTIKLRLVIASVDT 67
                              56899***************************************9 PP

>> nat_3c9e2709e4c61b19b096  
   #    score  bias  c-Evalue  i-Evalue hmmfrom  hmm to    alifrom  ali to    envfrom  env to     acc
 ---   ------ ----- --------- --------- ------- -------    ------- -------    ------- -------    ----
   1 !   49.0   0.5   2.2e-14   3.3e-14       8      53 ..      23      68 ..      10      72 .. 0.93

  Alignments for each domain:
  == domain 1  score: 49.0 bits;  conditional E-value: 2.2e-14
                      gvpa  8 dsssLaevldrvLDkGiviDafvRvslvGieiltieaRvvvasvdt 53
                              + + L ++l+rvLD+G+vi   +Rv l  ie+lti  R+v+asvdt
  nat_3c9e2709e4c61b19b096 23 EPANLGDILERVLDRGVVIAGDIRVNLLDIELLTIKLRLVIASVDT 68
                              557899***************************************9 PP

>> nat_4495866b5726ec2434b0  
   #    score  bias  c-Evalue  i-Evalue hmmfrom  hmm to    alifrom  ali to    envfrom  env to     acc
 ---   ------ ----- --------- --------- ------- -------    ------- -------    ------- -------    ----
   1 !   49.1   0.7   2.1e-14   3.2e-14       8      53 ..      22      67 ..      10      71 .. 0.93

  Alignments for each domain:
  == domain 1  score: 49.1 bits;  conditional E-value: 2.1e-14
                      gvpa  8 dsssLaevldrvLDkGiviDafvRvslvGieiltieaRvvvasvdt 53
                              + + L ++l+rvLD+G+vi   +Rv l  ie+lti  R+v+asvdt
  nat_4495866b5726ec2434b0 22 EPANLGDILERVLDRGVVIAGDIRVNLLDIELLTIKLRLVIASVDT 67
                              567899***************************************9 PP

>> nat_97f185fb614d6fb1882a  
   #    score  bias  c-Evalue  i-Evalue hmmfrom  hmm to    alifrom  ali to    envfrom  env to     acc
 ---   ------ ----- --------- --------- ------- -------    ------- -------    ------- -------    ----
   1 !   48.8   3.0   2.5e-14   3.7e-14       1      53 [.       1      53 [.       1     106 [. 0.88

  Alignments for each domain:
  == domain 1  score: 48.8 bits;  conditional E-value: 2.5e-14
                      gvpa  1 mavekvsdsssLaevldrvLDkGiviDafvRvslvGieiltieaRvvvasvdt 53
                              m ve+  +s+sL++vl++vLDkG+vi   +++ l  +e+lti +R++vasvd 
  nat_97f185fb614d6fb1882a  1 MPVEHPIESNSLVDVLETVLDKGVVIAGDIKINLADVELLTIKIRLIVASVDK 53
                              77889999*******************************************95 PP

>> nat_43ad3fce3180fed29bdc  
   #    score  bias  c-Evalue  i-Evalue hmmfrom  hmm to    alifrom  ali to    envfrom  env to     acc
 ---   ------ ----- --------- --------- ------- -------    ------- -------    ------- -------    ----
   1 !   49.0   1.4   2.3e-14   3.3e-14       7      54 ..      16      63 ..      11     116 .. 0.92

  Alignments for each domain:
  == domain 1  score: 49.0 bits;  conditional E-value: 2.3e-14
                      gvpa  7 sdsssLaevldrvLDkGiviDafvRvslvGieiltieaRvvvasvdty 54
                               ++s La++l+r+LDkGivi   +++ l  ie+lti  R+ vasvdt 
  nat_43ad3fce3180fed29bdc 16 PQTSNLADILERILDKGIVIAGDIKIDLLDIELLTIRLRLFVASVDTA 63
                              5799******************************************95 PP

>> nat_e8f1bfaee2fbaf8ab3a0  
   #    score  bias  c-Evalue  i-Evalue hmmfrom  hmm to    alifrom  ali to    envfrom  env to     acc
 ---   ------ ----- --------- --------- ------- -------    ------- -------    ------- -------    ----
   1 !   48.7   0.0   2.7e-14     4e-14       7      54 ..      16      63 ..      11     103 .. 0.90

  Alignments for each domain:
  == domain 1  score: 48.7 bits;  conditional E-value: 2.7e-14
                      gvpa  7 sdsssLaevldrvLDkGiviDafvRvslvGieiltieaRvvvasvdty 54
                               +++ La++l+rvLDkGivi   +++ l  ie+lti  R+ vasvdt 
  nat_e8f1bfaee2fbaf8ab3a0 16 PQTTNLADILERVLDKGIVIAGDIKIDLLDIELLTIRLRLFVASVDTA 63
                              56889*****************************************95 PP

>> nat_4e63b8fa8ea10a0a928c  
   #    score  bias  c-Evalue  i-Evalue hmmfrom  hmm to    alifrom  ali to    envfrom  env to     acc
 ---   ------ ----- --------- --------- ------- -------    ------- -------    ------- -------    ----
   1 !   48.4   0.8   3.5e-14   5.2e-14       9      53 ..      24      68 ..      17      72 .. 0.94

  Alignments for each domain:
  == domain 1  score: 48.4 bits;  conditional E-value: 3.5e-14
                      gvpa  9 sssLaevldrvLDkGiviDafvRvslvGieiltieaRvvvasvdt 53
                               + L ++l+rvLD+G+vi   +Rv l  ie+lti  R+v+asvdt
  nat_4e63b8fa8ea10a0a928c 24 PANLGDILERVLDRGVVIAGDIRVNLLDIELLTIKLRLVIASVDT 68
                              56799***************************************9 PP

>> nat_fb05e2a23a89dc31d2f2  
   #    score  bias  c-Evalue  i-Evalue hmmfrom  hmm to    alifrom  ali to    envfrom  env to     acc
 ---   ------ ----- --------- --------- ------- -------    ------- -------    ------- -------    ----
   1 !   48.2   0.9   3.9e-14   5.8e-14       7      52 ..      20      65 ..      15      69 .. 0.94

  Alignments for each domain:
  == domain 1  score: 48.2 bits;  conditional E-value: 3.9e-14
                      gvpa  7 sdsssLaevldrvLDkGiviDafvRvslvGieiltieaRvvvasvd 52
                               +s+ La++l+rvLDkG+vi   +R+ l  ie+lti  R+ vasvd
  nat_fb05e2a23a89dc31d2f2 20 GGSANLADILERVLDKGVVIAGDIRINLLDIELLTIKLRLLVASVD 65
                              57999****************************************9 PP

>> nat_7cf74e461ac8ae619696  
   #    score  bias  c-Evalue  i-Evalue hmmfrom  hmm to    alifrom  ali to    envfrom  env to     acc
 ---   ------ ----- --------- --------- ------- -------    ------- -------    ------- -------    ----
   1 !   48.5   0.0   3.1e-14   4.6e-14       8      54 ..      17      63 ..      12     115 .. 0.85

  Alignments for each domain:
  == domain 1  score: 48.5 bits;  conditional E-value: 3.1e-14
                      gvpa  8 dsssLaevldrvLDkGiviDafvRvslvGieiltieaRvvvasvdty 54
                              +++ La++l+rvLDkGivi   +++ l  ie+lti  R+ vasvdt 
  nat_7cf74e461ac8ae619696 17 QTTNLADILERVLDKGIVIAGDIKIDLLDIELLTIRLRLFVASVDTA 63
                              6789*****************************************96 PP

>> nat_109519c9021025e4fc63  
   #    score  bias  c-Evalue  i-Evalue hmmfrom  hmm to    alifrom  ali to    envfrom  env to     acc
 ---   ------ ----- --------- --------- ------- -------    ------- -------    ------- -------    ----
   1 !   48.6   0.0   2.9e-14   4.3e-14       9      54 ..      18      63 ..      13     116 .. 0.87

  Alignments for each domain:
  == domain 1  score: 48.6 bits;  conditional E-value: 2.9e-14
                      gvpa  9 sssLaevldrvLDkGiviDafvRvslvGieiltieaRvvvasvdty 54
                              s+ La++l+rvLDkGivi   +++ l  ie+lti  R+ vasvdt 
  nat_109519c9021025e4fc63 18 STNLADILERVLDKGIVIAGDIKIDLLDIELLTIRLRLFVASVDTA 63
                              789*****************************************96 PP

>> nat_4e5681c6ec37761d7383  
   #    score  bias  c-Evalue  i-Evalue hmmfrom  hmm to    alifrom  ali to    envfrom  env to     acc
 ---   ------ ----- --------- --------- ------- -------    ------- -------    ------- -------    ----
   1 !   48.0   1.8   4.5e-14   6.6e-14       8      73 ..      17      82 ..      12     120 .] 0.66

  Alignments for each domain:
  == domain 1  score: 48.0 bits;  conditional E-value: 4.5e-14
                      gvpa  8 dsssLaevldrvLDkGiviDafvRvslvGieiltieaRvvvasvdtyLryaeavgrldevaesaaa 73
                              +++ La++l+rvLDkGivi   +++ l  ie+lti  R+ vasvdt  +   +   +d +  s a+
  nat_4e5681c6ec37761d7383 17 QTTNLADILERVLDKGIVIAGDIKIDLLDIELLTIRLRLFVASVDTAKKAGIDWWETDPALSSRAS 82
                              6789******************************************77755555555543333333 PP

>> nat_7417efad48a14c1555d4  
   #    score  bias  c-Evalue  i-Evalue hmmfrom  hmm to    alifrom  ali to    envfrom  env to     acc
 ---   ------ ----- --------- --------- ------- -------    ------- -------    ------- -------    ----
   1 !   47.6   0.5   6.1e-14     9e-14       7      52 ..      22      67 ..      16      71 .. 0.93

  Alignments for each domain:
  == domain 1  score: 47.6 bits;  conditional E-value: 6.1e-14
                      gvpa  7 sdsssLaevldrvLDkGiviDafvRvslvGieiltieaRvvvasvd 52
                               +++ La++l+rvLDkGivi   + v l  ie+lti +R+ vasvd
  nat_7417efad48a14c1555d4 22 GGGANLADILERVLDKGIVIAGDIQVNLLDIELLTIKVRLLVASVD 67
                              56789****************************************9 PP

>> nat_1c949f5ba7f49b569cd5  
   #    score  bias  c-Evalue  i-Evalue hmmfrom  hmm to    alifrom  ali to    envfrom  env to     acc
 ---   ------ ----- --------- --------- ------- -------    ------- -------    ------- -------    ----
   1 !   47.8   0.0   5.4e-14     8e-14       9      54 ..      18      63 ..      14     109 .. 0.87

  Alignments for each domain:
  == domain 1  score: 47.8 bits;  conditional E-value: 5.4e-14
                      gvpa  9 sssLaevldrvLDkGiviDafvRvslvGieiltieaRvvvasvdty 54
                               + La++l+rvLDkGivi   +++ l  ie+lti  R+ vasvdt 
  nat_1c949f5ba7f49b569cd5 18 NTNLADILERVLDKGIVIAGDIKIDLLDIELLTIRLRLFVASVDTA 63
                              568*****************************************95 PP

>> nat_3da05007aed6ad7ca03b  
   #    score  bias  c-Evalue  i-Evalue hmmfrom  hmm to    alifrom  ali to    envfrom  env to     acc
 ---   ------ ----- --------- --------- ------- -------    ------- -------    ------- -------    ----
   1 !   47.6   1.1   6.1e-14     9e-14       8      56 ..      18      66 ..      14     116 .] 0.76

  Alignments for each domain:
  == domain 1  score: 47.6 bits;  conditional E-value: 6.1e-14
                      gvpa  8 dsssLaevldrvLDkGiviDafvRvslvGieiltieaRvvvasvdtyLr 56
                               ++ La++l+rvLDkGivi   +++ l  ie+lti  R+ vasvdt  +
  nat_3da05007aed6ad7ca03b 18 HTTNLADILERVLDKGIVIAGDIKIDLLDIELLTIRLRLFVASVDTAKK 66
                              5789******************************************665 PP

>> nat_8494cbcf9774a41e069d  
   #    score  bias  c-Evalue  i-Evalue hmmfrom  hmm to    alifrom  ali to    envfrom  env to     acc
 ---   ------ ----- --------- --------- ------- -------    ------- -------    ------- -------    ----
   1 !   47.0   0.3   9.3e-14   1.4e-13       6      53 ..      21      68 ..      16      72 .. 0.93

  Alignments for each domain:
  == domain 1  score: 47.0 bits;  conditional E-value: 9.3e-14
                      gvpa  6 vsdsssLaevldrvLDkGiviDafvRvslvGieiltieaRvvvasvdt 53
                              +++ + L ++l+rvLD+G+vi   +Rv l  ie+lti  R+ +asvdt
  nat_8494cbcf9774a41e069d 21 SREPANLGDILERVLDRGVVIAGDIRVNLLDIELLTIKLRLLIASVDT 68
                              56778899***************************************9 PP

>> nat_57ae02b5e430d2b2bc5a  
   #    score  bias  c-Evalue  i-Evalue hmmfrom  hmm to    alifrom  ali to    envfrom  env to     acc
 ---   ------ ----- --------- --------- ------- -------    ------- -------    ------- -------    ----
   1 !   47.5   1.9   6.5e-14   9.5e-14       8      55 ..      17      64 ..      12     116 .] 0.80

  Alignments for each domain:
  == domain 1  score: 47.5 bits;  conditional E-value: 6.5e-14
                      gvpa  8 dsssLaevldrvLDkGiviDafvRvslvGieiltieaRvvvasvdtyL 55
                              +++ La++l+rvLDkGivi   ++v l  ie+lti  R+ vasvdt  
  nat_57ae02b5e430d2b2bc5a 17 QTTNLADILERVLDKGIVIAGDIKVDLLDIELLTIRLRLFVASVDTAK 64
                              6789*****************************************954 PP

>> nat_cc66d4eee0730ede696b  
   #    score  bias  c-Evalue  i-Evalue hmmfrom  hmm to    alifrom  ali to    envfrom  env to     acc
 ---   ------ ----- --------- --------- ------- -------    ------- -------    ------- -------    ----
   1 !   47.6   0.0   5.9e-14   8.7e-14      10      56 ..      20      66 ..      15     113 .] 0.80

  Alignments for each domain:
  == domain 1  score: 47.6 bits;  conditional E-value: 5.9e-14
                      gvpa 10 ssLaevldrvLDkGiviDafvRvslvGieiltieaRvvvasvdtyLr 56
                              + La++l+rvLDkGivi   +++ l  ie+lti  R+ vasvdt  +
  nat_cc66d4eee0730ede696b 20 TNLADILERVLDKGIVIAGDIKIDLLDIELLTIRLRLFVASVDTAKK 66
                              579*****************************************655 PP

>> nat_83028a3e0826e61bf382  
   #    score  bias  c-Evalue  i-Evalue hmmfrom  hmm to    alifrom  ali to    envfrom  env to     acc
 ---   ------ ----- --------- --------- ------- -------    ------- -------    ------- -------    ----
   1 !   47.0   0.4     9e-14   1.3e-13       8      52 ..      26      70 ..      22      75 .. 0.95

  Alignments for each domain:
  == domain 1  score: 47.0 bits;  conditional E-value: 9e-14
                      gvpa  8 dsssLaevldrvLDkGiviDafvRvslvGieiltieaRvvvasvd 52
                              +++ La++l+rvLDkG+vi   +R+ l  ie+lti  R+ vasvd
  nat_83028a3e0826e61bf382 26 QTANLADILERVLDKGVVIAGDIRINLLDIELLTIKLRLLVASVD 70
                              6789****************************************9 PP

>> nat_d6e68514b0eb73608bd0  
   #    score  bias  c-Evalue  i-Evalue hmmfrom  hmm to    alifrom  ali to    envfrom  env to     acc
 ---   ------ ----- --------- --------- ------- -------    ------- -------    ------- -------    ----
   1 !   46.9   0.5   9.8e-14   1.4e-13       8      53 ..      14      59 ..       6      63 .. 0.93

  Alignments for each domain:
  == domain 1  score: 46.9 bits;  conditional E-value: 9.8e-14
                      gvpa  8 dsssLaevldrvLDkGiviDafvRvslvGieiltieaRvvvasvdt 53
                              + + L ++l+rvLD+Gi+i   +Rv l  ie+lti  R+++asvdt
  nat_d6e68514b0eb73608bd0 14 EPANLGDILERVLDRGIIIAGDIRVNLLDIELLTIKLRLIIASVDT 59
                              556899***************************************9 PP

>> nat_f41f39c57e294fe1a02f  
   #    score  bias  c-Evalue  i-Evalue hmmfrom  hmm to    alifrom  ali to    envfrom  env to     acc
 ---   ------ ----- --------- --------- ------- -------    ------- -------    ------- -------    ----
   1 !   46.8   3.4   1.1e-13   1.6e-13       2      52 ..       9      59 ..       8      64 .. 0.96

  Alignments for each domain:
  == domain 1  score: 46.8 bits;  conditional E-value: 1.1e-13
                      gvpa  2 avekvsdsssLaevldrvLDkGiviDafvRvslvGieiltieaRvvvasvd 52
                              a++ ++ +ssLa++l+rvLDkGivi   + vs+  +e+l+i +R+ vasvd
  nat_f41f39c57e294fe1a02f  9 AIKTSTTGSSLADILERVLDKGIVIAGDITVSVGSVELLSIRIRLLVASVD 59
                              7888999*******************************************9 PP

>> nat_38af8bf96acabf2df8a2  
   #    score  bias  c-Evalue  i-Evalue hmmfrom  hmm to    alifrom  ali to    envfrom  env to     acc
 ---   ------ ----- --------- --------- ------- -------    ------- -------    ------- -------    ----
   1 !   46.9   1.7     1e-13   1.5e-13       8      54 ..      18      64 ..      14     111 .. 0.85

  Alignments for each domain:
  == domain 1  score: 46.9 bits;  conditional E-value: 1e-13
                      gvpa  8 dsssLaevldrvLDkGiviDafvRvslvGieiltieaRvvvasvdty 54
                              +++ La++l+rvLDkGivi   +++ l  ie+lti  R+ vasvdt 
  nat_38af8bf96acabf2df8a2 18 QTTNLADILERVLDKGIVIAGDIKIDLLDIELLTIRLRLFVASVDTA 64
                              6789*****************************************96 PP

>> nat_18ffe7b58122d3e247f3  
   #    score  bias  c-Evalue  i-Evalue hmmfrom  hmm to    alifrom  ali to    envfrom  env to     acc
 ---   ------ ----- --------- --------- ------- -------    ------- -------    ------- -------    ----
   1 !   46.7   0.4   1.1e-13   1.7e-13       7      53 ..      23      69 ..      16      73 .. 0.93

  Alignments for each domain:
  == domain 1  score: 46.7 bits;  conditional E-value: 1.1e-13
                      gvpa  7 sdsssLaevldrvLDkGiviDafvRvslvGieiltieaRvvvasvdt 53
                              ++ + L ++l+rvLD+G+vi   +Rv l  ie+lti  R+ +asvdt
  nat_18ffe7b58122d3e247f3 23 REPANLGDILERVLDRGVVIAGDIRVNLLDIELLTIKLRLLIASVDT 69
                              5677899***************************************9 PP

>> nat_216c871a89607e7b1e8c  
   #    score  bias  c-Evalue  i-Evalue hmmfrom  hmm to    alifrom  ali to    envfrom  env to     acc
 ---   ------ ----- --------- --------- ------- -------    ------- -------    ------- -------    ----
   1 !   46.8   1.7     1e-13   1.5e-13       7      53 ..      16      62 ..      12     102 .. 0.93

  Alignments for each domain:
  == domain 1  score: 46.8 bits;  conditional E-value: 1e-13
                      gvpa  7 sdsssLaevldrvLDkGiviDafvRvslvGieiltieaRvvvasvdt 53
                               +++ La++l+rvLDkGivi   +++ l  ie+lti  R+ vasvdt
  nat_216c871a89607e7b1e8c 16 PQTTNLADILERVLDKGIVIAGDIKIDLLDIELLTIRLRLFVASVDT 62
                              56789*****************************************9 PP

>> nat_953542b6961a34556ee5  
   #    score  bias  c-Evalue  i-Evalue hmmfrom  hmm to    alifrom  ali to    envfrom  env to     acc
 ---   ------ ----- --------- --------- ------- -------    ------- -------    ------- -------    ----
   1 !   46.8   1.8   1.1e-13   1.6e-13       8      53 ..      17      62 ..      12     105 .. 0.92

  Alignments for each domain:
  == domain 1  score: 46.8 bits;  conditional E-value: 1.1e-13
                      gvpa  8 dsssLaevldrvLDkGiviDafvRvslvGieiltieaRvvvasvdt 53
                              +++ La++l+rvLDkGivi   +++ l  ie+lti  R+ vasvdt
  nat_953542b6961a34556ee5 17 QTTNLADILERVLDKGIVIAGDIKIDLLDIELLTIRLRLFVASVDT 62
                              6789*****************************************9 PP

>> nat_277d97cec99a601f7659  
   #    score  bias  c-Evalue  i-Evalue hmmfrom  hmm to    alifrom  ali to    envfrom  env to     acc
 ---   ------ ----- --------- --------- ------- -------    ------- -------    ------- -------    ----
   1 !   46.6   1.9   1.2e-13   1.8e-13       8      54 ..      18      64 ..      14     111 .. 0.86

  Alignments for each domain:
  == domain 1  score: 46.6 bits;  conditional E-value: 1.2e-13
                      gvpa  8 dsssLaevldrvLDkGiviDafvRvslvGieiltieaRvvvasvdty 54
                              +++ La++l+rvLDkGivi   +++ l  ie+lti  R+ vasvdt 
  nat_277d97cec99a601f7659 18 QTTNLADILERVLDKGIVIAGDIKIDLLDIELLTIRLRLFVASVDTA 64
                              6789*****************************************96 PP

>> nat_92c16e14e2910a7a0ba5  
   #    score  bias  c-Evalue  i-Evalue hmmfrom  hmm to    alifrom  ali to    envfrom  env to     acc
 ---   ------ ----- --------- --------- ------- -------    ------- -------    ------- -------    ----
   1 !   46.7   1.5   1.2e-13   1.7e-13       8      54 ..      18      64 ..      13     112 .. 0.85

  Alignments for each domain:
  == domain 1  score: 46.7 bits;  conditional E-value: 1.2e-13
                      gvpa  8 dsssLaevldrvLDkGiviDafvRvslvGieiltieaRvvvasvdty 54
                              + + La++l+rvLDkGivi   +++ l  ie+lti  R+ vasvdt 
  nat_92c16e14e2910a7a0ba5 18 QNTNLADILERVLDKGIVIAGDIKIDLLDIELLTIRLRLFVASVDTA 64
                              5678*****************************************96 PP

>> nat_1ac3704f7f900563d271  
   #    score  bias  c-Evalue  i-Evalue hmmfrom  hmm to    alifrom  ali to    envfrom  env to     acc
 ---   ------ ----- --------- --------- ------- -------    ------- -------    ------- -------    ----
   1 !   46.4   0.4   1.5e-13   2.2e-13       8      53 ..      24      69 ..      18      73 .. 0.93

  Alignments for each domain:
  == domain 1  score: 46.4 bits;  conditional E-value: 1.5e-13
                      gvpa  8 dsssLaevldrvLDkGiviDafvRvslvGieiltieaRvvvasvdt 53
                              + + L ++l+rvLD+G+vi   +Rv l  ie+lti  R+ +asvdt
  nat_1ac3704f7f900563d271 24 EPANLGDILERVLDRGVVIAGDIRVNLLDIELLTIKLRLLIASVDT 69
                              567899***************************************9 PP

>> nat_ebc083d439049b48d78d  
   #    score  bias  c-Evalue  i-Evalue hmmfrom  hmm to    alifrom  ali to    envfrom  env to     acc
 ---   ------ ----- --------- --------- ------- -------    ------- -------    ------- -------    ----
   1 !   46.2   0.2   1.6e-13   2.3e-13       8      53 ..      21      66 ..      14      70 .. 0.93

  Alignments for each domain:
  == domain 1  score: 46.2 bits;  conditional E-value: 1.6e-13
                      gvpa  8 dsssLaevldrvLDkGiviDafvRvslvGieiltieaRvvvasvdt 53
                              + + L ++l+rvLD+G+vi   +Rv l  ie+lti  R+ +asvdt
  nat_ebc083d439049b48d78d 21 EPANLGDILERVLDRGVVIAGDIRVNLLDIELLTIKLRLLIASVDT 66
                              567899***************************************9 PP

>> nat_67d68ebfb40b00ae5bfc  
   #    score  bias  c-Evalue  i-Evalue hmmfrom  hmm to    alifrom  ali to    envfrom  env to     acc
 ---   ------ ----- --------- --------- ------- -------    ------- -------    ------- -------    ----
   1 !   46.1   0.6   1.8e-13   2.7e-13       8      53 ..      25      70 ..      18      74 .. 0.93

  Alignments for each domain:
  == domain 1  score: 46.1 bits;  conditional E-value: 1.8e-13
                      gvpa  8 dsssLaevldrvLDkGiviDafvRvslvGieiltieaRvvvasvdt 53
                              + + L ++l+rvLD+G+vi   +Rv l  ie+lti  R+ +asvdt
  nat_67d68ebfb40b00ae5bfc 25 EPANLGDILERVLDRGVVIAGDIRVNLLDIELLTIKLRLLIASVDT 70
                              557899***************************************9 PP

>> nat_a50b87b6aec329c2f680  
   #    score  bias  c-Evalue  i-Evalue hmmfrom  hmm to    alifrom  ali to    envfrom  env to     acc
 ---   ------ ----- --------- --------- ------- -------    ------- -------    ------- -------    ----
   1 !   46.0   0.5   1.9e-13   2.8e-13       9      53 ..      25      69 ..      19      73 .. 0.93

  Alignments for each domain:
  == domain 1  score: 46.0 bits;  conditional E-value: 1.9e-13
                      gvpa  9 sssLaevldrvLDkGiviDafvRvslvGieiltieaRvvvasvdt 53
                               + L ++l+rvLD+G+vi   +Rv l  ie+lti  R+ +asvdt
  nat_a50b87b6aec329c2f680 25 PANLGDILERVLDRGVVIAGDIRVNLLDIELLTIKLRLLIASVDT 69
                              56799***************************************9 PP

>> nat_44abe1cc1d8456dc6c46  
   #    score  bias  c-Evalue  i-Evalue hmmfrom  hmm to    alifrom  ali to    envfrom  env to     acc
 ---   ------ ----- --------- --------- ------- -------    ------- -------    ------- -------    ----
   1 !   46.3   3.4   1.5e-13   2.2e-13       2      52 ..       9      59 ..       8      64 .. 0.96

  Alignments for each domain:
  == domain 1  score: 46.3 bits;  conditional E-value: 1.5e-13
                      gvpa  2 avekvsdsssLaevldrvLDkGiviDafvRvslvGieiltieaRvvvasvd 52
                              a++ ++ +ssLa++l+rvLDkGivi   + vs+  +e+l+i +R+ vasvd
  nat_44abe1cc1d8456dc6c46  9 AIKTSTTGSSLADILERVLDKGIVIAGDITVSVGSVELLSIRIRLLVASVD 59
                              7888999*******************************************9 PP

>> nat_3a48abf479c0a84ce532  
   #    score  bias  c-Evalue  i-Evalue hmmfrom  hmm to    alifrom  ali to    envfrom  env to     acc
 ---   ------ ----- --------- --------- ------- -------    ------- -------    ------- -------    ----
   1 !   45.3   0.8     3e-13   4.5e-13       9      53 ..      15      59 ..       6      63 .. 0.93

  Alignments for each domain:
  == domain 1  score: 45.3 bits;  conditional E-value: 3e-13
                      gvpa  9 sssLaevldrvLDkGiviDafvRvslvGieiltieaRvvvasvdt 53
                               + L ++l+rvLD+G++i   +Rv l  ie+lti  R+++asvdt
  nat_3a48abf479c0a84ce532 15 PANLGDILERVLDRGVIIAGDIRVNLLDIELLTIKLRLIIASVDT 59
                              56899***************************************9 PP

>> nat_fd4bf5387ee8f62ffaee  
   #    score  bias  c-Evalue  i-Evalue hmmfrom  hmm to    alifrom  ali to    envfrom  env to     acc
 ---   ------ ----- --------- --------- ------- -------    ------- -------    ------- -------    ----
   1 !   45.2   0.7   3.5e-13   5.1e-13      10      53 ..      16      59 ..      10      65 .. 0.93

  Alignments for each domain:
  == domain 1  score: 45.2 bits;  conditional E-value: 3.5e-13
                      gvpa 10 ssLaevldrvLDkGiviDafvRvslvGieiltieaRvvvasvdt 53
                              + L ++l+rvLDkGivi   + v l  ie+lti  R+vvas+dt
  nat_fd4bf5387ee8f62ffaee 16 ANLGDILERVLDKGIVIAGDIQVNLLDIELLTIKLRLVVASLDT 59
                              6799***************************************9 PP

>> nat_a7888708ef06ff429137  
   #    score  bias  c-Evalue  i-Evalue hmmfrom  hmm to    alifrom  ali to    envfrom  env to     acc
 ---   ------ ----- --------- --------- ------- -------    ------- -------    ------- -------    ----
   1 !   45.0   2.8   3.8e-13   5.6e-13       7      52 ..      23      68 ..      19     114 .. 0.95

  Alignments for each domain:
  == domain 1  score: 45.0 bits;  conditional E-value: 3.8e-13
                      gvpa  7 sdsssLaevldrvLDkGiviDafvRvslvGieiltieaRvvvasvd 52
                               +s+sLa++l+rvLDkG+vi   + + l  ie+lti  R+ +asvd
  nat_a7888708ef06ff429137 23 ASSASLADILERVLDKGVVIAGDIQINLLDIELLTIKLRLLIASVD 68
                              5899*****************************************9 PP

>> nat_ce0374b116e56b005b6e  
   #    score  bias  c-Evalue  i-Evalue hmmfrom  hmm to    alifrom  ali to    envfrom  env to     acc
 ---   ------ ----- --------- --------- ------- -------    ------- -------    ------- -------    ----
   1 !   44.5   0.6   5.5e-13   8.1e-13       9      63 ..      11      65 ..       4      85 .. 0.79

  Alignments for each domain:
  == domain 1  score: 44.5 bits;  conditional E-value: 5.5e-13
                      gvpa  9 sssLaevldrvLDkGiviDafvRvslvGieiltieaRvvvasvdtyLryaeavgr 63
                                +L+++ld+vLDkG+ i   + +s+ Gi+++ ++ R+ ++sv+t +++ +  + 
  nat_ce0374b116e56b005b6e 11 DIALIDILDTVLDKGVAIKGDIVISIAGIDLVYLDLRILISSVETLVQHHQKAAE 65
                              5689*****************************************9987654332 PP

>> nat_b0f226cab132da339d39  
   #    score  bias  c-Evalue  i-Evalue hmmfrom  hmm to    alifrom  ali to    envfrom  env to     acc
 ---   ------ ----- --------- --------- ------- -------    ------- -------    ------- -------    ----
   1 !   42.4   0.0   2.4e-12   3.6e-12       8      94 ..       9      96 ..       4     113 .] 0.73

  Alignments for each domain:
  == domain 1  score: 42.4 bits;  conditional E-value: 2.4e-12
                      gvpa  8 dsssLaevldrvLDkGiviDafvRvslvGieiltieaRvvvasvdtyLryaeavgrldeva.esaaaevskgalsgaaeaisdalke 93
                              +   Lae+l+ +LDkG+vi+a + vs+   e+l i+ R  vas +t  +y  +    ++++ +++aa+vs  +  +  e+ s++   
  nat_b0f226cab132da339d39  9 SQGDLAEMLEMLLDKGVVINADIAVSVGDTELLGIQLRAAVASFETAAQYGLEFPTGTDMKrVETAAGVSSESSDANSETQSETELA 95
                              5567**********************************************9888766655514556666665666666666654222 PP

                      gvpa 94 a 94
                               
  nat_b0f226cab132da339d39 96 R 96
                              2 PP

>> nat_2d6ae3851377c5ea8190  
   #    score  bias  c-Evalue  i-Evalue hmmfrom  hmm to    alifrom  ali to    envfrom  env to     acc
 ---   ------ ----- --------- --------- ------- -------    ------- -------    ------- -------    ----
   1 !   41.5   1.6   4.9e-12   7.2e-12       2      52 ..      18      68 ..      17      72 .. 0.96

  Alignments for each domain:
  == domain 1  score: 41.5 bits;  conditional E-value: 4.9e-12
                      gvpa  2 avekvsdsssLaevldrvLDkGiviDafvRvslvGieiltieaRvvvasvd 52
                              a+  ++++s+La++l+rvLDkGivi   + +s+   e+l i +R+ ++svd
  nat_2d6ae3851377c5ea8190 18 AITTSTQGSTLADILERVLDKGIVIAGDISISVASTELLHIRIRLLISSVD 68
                              6788999*******************************************9 PP

>> nat_5388e98c468816cc13cf  
   #    score  bias  c-Evalue  i-Evalue hmmfrom  hmm to    alifrom  ali to    envfrom  env to     acc
 ---   ------ ----- --------- --------- ------- -------    ------- -------    ------- -------    ----
   1 !   41.3   0.4   5.5e-12   8.1e-12       8      53 ..      13      58 ..       6      63 .. 0.92

  Alignments for each domain:
  == domain 1  score: 41.3 bits;  conditional E-value: 5.5e-12
                      gvpa  8 dsssLaevldrvLDkGiviDafvRvslvGieiltieaRvvvasvdt 53
                              + + L ++l+rvLD+Givi   + v l  ie+lti  R+ + svdt
  nat_5388e98c468816cc13cf 13 QPANLGDILERVLDRGIVIAGDIQVNLLDIELLTIKLRLLIVSVDT 58
                              567899***************************************9 PP

>> nat_29912d63ac90b8f0de89  
   #    score  bias  c-Evalue  i-Evalue hmmfrom  hmm to    alifrom  ali to    envfrom  env to     acc
 ---   ------ ----- --------- --------- ------- -------    ------- -------    ------- -------    ----
   1 !   40.7   0.8   8.2e-12   1.2e-11       8      57 ..      10      59 ..       3      84 .. 0.85

  Alignments for each domain:
  == domain 1  score: 40.7 bits;  conditional E-value: 8.2e-12
                      gvpa  8 dsssLaevldrvLDkGiviDafvRvslvGieiltieaRvvvasvdtyLry 57
                              +  sL+++ld+vLDkG+ i     +s+ Gi+++ ++ Rv +++v+t ++ 
  nat_29912d63ac90b8f0de89 10 KDISLIDILDTVLDKGVAIKGDLVISIAGIDLVYLDLRVLISAVETLVQS 59
                              5679******************************************8875 PP

>> nat_ff88219e90de45ec84dd  
   #    score  bias  c-Evalue  i-Evalue hmmfrom  hmm to    alifrom  ali to    envfrom  env to     acc
 ---   ------ ----- --------- --------- ------- -------    ------- -------    ------- -------    ----
   1 !   40.6   0.0   8.7e-12   1.3e-11       7      88 ..       8      89 ..       1     113 [. 0.73

  Alignments for each domain:
  == domain 1  score: 40.6 bits;  conditional E-value: 8.7e-12
                      gvpa  7 sdsssLaevldrvLDkGiviDafvRvslvGieiltieaRvvvasvdtyLryaeavgrldevaesaaaevskgalsgaaeais 88
                              ++   Lae+l+ +LDkG+vi+a + vs+   e+l ie R  vas +t  +y  +    +++++ + a       s ++++ s
  nat_ff88219e90de45ec84dd  8 RSQGDLAEMLEMLLDKGVVINADIAVSIGDTELLGIELRAAVASFETAAQYGLEFPTGTDMERVEEAAGISPDESRSLDTRS 89
                              45667**********************************************9877666655554433333334444444444 PP

>> nat_cabdc6eb27bf25bd595f  
   #    score  bias  c-Evalue  i-Evalue hmmfrom  hmm to    alifrom  ali to    envfrom  env to     acc
 ---   ------ ----- --------- --------- ------- -------    ------- -------    ------- -------    ----
   1 !   40.0   2.8   1.4e-11     2e-11       7      52 ..      12      57 ..       1      61 [. 0.93

  Alignments for each domain:
  == domain 1  score: 40.0 bits;  conditional E-value: 1.4e-11
                      gvpa  7 sdsssLaevldrvLDkGiviDafvRvslvGieiltieaRvvvasvd 52
                              + +++La++l+rvLDkG+vi   + vs+ G+e+l + +R+ ++svd
  nat_cabdc6eb27bf25bd595f 12 TAGNTLADILERVLDKGVVIAGDITVSVGGVELLCVRIRLLISSVD 57
                              67899****************************************9 PP

>> nat_68d2bce649ad98618d0c  
   #    score  bias  c-Evalue  i-Evalue hmmfrom  hmm to    alifrom  ali to    envfrom  env to     acc
 ---   ------ ----- --------- --------- ------- -------    ------- -------    ------- -------    ----
   1 !   39.6   0.1   1.8e-11   2.7e-11       2      52 ..      13      63 ..      12     115 .. 0.95

  Alignments for each domain:
  == domain 1  score: 39.6 bits;  conditional E-value: 1.8e-11
                      gvpa  2 avekvsdsssLaevldrvLDkGiviDafvRvslvGieiltieaRvvvasvd 52
                              +++ ++++s+La++l+rvLDkGivi   + +s+   e++ i +R+ ++svd
  nat_68d2bce649ad98618d0c 13 TINTSTQGSTLADILERVLDKGIVIAGDISISIASTELVHIRIRLLISSVD 63
                              5778899*******************************************9 PP

>> nat_8b5302944c9c53b081ba  
   #    score  bias  c-Evalue  i-Evalue hmmfrom  hmm to    alifrom  ali to    envfrom  env to     acc
 ---   ------ ----- --------- --------- ------- -------    ------- -------    ------- -------    ----
   1 !   40.4   1.0     1e-11   1.5e-11       7      63 ..       9      65 ..       1      87 [. 0.83

  Alignments for each domain:
  == domain 1  score: 40.4 bits;  conditional E-value: 1e-11
                      gvpa  7 sdsssLaevldrvLDkGiviDafvRvslvGieiltieaRvvvasvdtyLryaeavgr 63
                              ++  +L+++ld +LDkG+ i     +s+ G++++ ++ Rv ++sv+t +++ +   +
  nat_8b5302944c9c53b081ba  9 NKDIALIDILDVILDKGVAIKGDLIISIAGVDLVYLDLRVLISSVETLVQHKQGTRK 65
                              45568******************************************9988766555 PP

>> nat_f1c7d03ba03b4be49674  
   #    score  bias  c-Evalue  i-Evalue hmmfrom  hmm to    alifrom  ali to    envfrom  env to     acc
 ---   ------ ----- --------- --------- ------- -------    ------- -------    ------- -------    ----
   1 !   38.4   0.3   4.3e-11   6.3e-11       9      57 ..      11      59 ..       1      88 [. 0.82

  Alignments for each domain:
  == domain 1  score: 38.4 bits;  conditional E-value: 4.3e-11
                      gvpa  9 sssLaevldrvLDkGiviDafvRvslvGieiltieaRvvvasvdtyLry 57
                                +L+++ld +LDkG+ i     +s+ G++++ ++ Rv +asv+  +  
  nat_f1c7d03ba03b4be49674 11 DIALIDILDVILDKGVAIKGDLIISIAGVDLVYLDLRVLIASVEKLVSS 59
                              5689***************************************987655 PP

>> nat_9a422dac16c32cad3bba  
   #    score  bias  c-Evalue  i-Evalue hmmfrom  hmm to    alifrom  ali to    envfrom  env to     acc
 ---   ------ ----- --------- --------- ------- -------    ------- -------    ------- -------    ----
   1 !   37.3   0.9   9.7e-11   1.4e-10      11      63 ..      13      65 ..       6      85 .. 0.86

  Alignments for each domain:
  == domain 1  score: 37.3 bits;  conditional E-value: 9.7e-11
                      gvpa 11 sLaevldrvLDkGiviDafvRvslvGieiltieaRvvvasvdtyLryaeavgr 63
                              +L+++ld+vLDkG+ i   + +s+  i+++ ++ Rv +++v+t ++  e ++ 
  nat_9a422dac16c32cad3bba 13 ALIDILDTVLDKGVAIKGDIIISIADIDLVYLDLRVLISAVETLVQSDESIAN 65
                              79******************************************999998865 PP

>> nat_1e84f7075826793ff666  
   #    score  bias  c-Evalue  i-Evalue hmmfrom  hmm to    alifrom  ali to    envfrom  env to     acc
 ---   ------ ----- --------- --------- ------- -------    ------- -------    ------- -------    ----
   1 !   37.0   0.7   1.2e-10   1.8e-10       8      60 ..      11      63 ..       6      85 .. 0.83

  Alignments for each domain:
  == domain 1  score: 37.0 bits;  conditional E-value: 1.2e-10
                      gvpa  8 dsssLaevldrvLDkGiviDafvRvslvGieiltieaRvvvasvdtyLryaea 60
                              +  +L+++ld +LDkG+ i     +s+  i+++ ++ R+ ++sv+t ++  e+
  nat_1e84f7075826793ff666 11 KEVGLIDILDVILDKGVAIRGDLIISIANIDLVYLDLRILISSVETLVQAQEN 63
                              5679******************************************8875554 PP

>> nat_6145f3ad1ea0e157727e  
   #    score  bias  c-Evalue  i-Evalue hmmfrom  hmm to    alifrom  ali to    envfrom  env to     acc
 ---   ------ ----- --------- --------- ------- -------    ------- -------    ------- -------    ----
   1 !   31.6   0.1   5.5e-09   8.1e-09       1      52 [.       1      52 [.       1      91 [. 0.88

  Alignments for each domain:
  == domain 1  score: 31.6 bits;  conditional E-value: 5.5e-09
                      gvpa  1 mavekvsdsssLaevldrvLDkGiviDafvRvslvGieiltieaRvvvasvd 52
                              m+  +vsd  +L++ ldr+L kG+vi   v +s+ G++++ +  R  v sv 
  nat_6145f3ad1ea0e157727e  1 MTTTEVSDPVGLVDLLDRLLAKGVVITGDVTLSIAGVDLVYLSLRALVTSVG 52
                              77889999******************************************95 PP

>> nat_8fc3a32e7b76288cb25f  
   #    score  bias  c-Evalue  i-Evalue hmmfrom  hmm to    alifrom  ali to    envfrom  env to     acc
 ---   ------ ----- --------- --------- ------- -------    ------- -------    ------- -------    ----
   1 !   31.3   0.6   7.1e-09     1e-08       7      53 ..       9      55 ..       1      80 [. 0.92

  Alignments for each domain:
  == domain 1  score: 31.3 bits;  conditional E-value: 7.1e-09
                      gvpa  7 sdsssLaevldrvLDkGiviDafvRvslvGieiltieaRvvvasvdt 53
                              s+  sL++ ldrvL  G+vi   v +s+ G++++ i  R  vas  t
  nat_8fc3a32e7b76288cb25f  9 SQPVSLVDLLDRVLGAGVVISGEVTLSIAGVDLVYISLRALVASAAT 55
                              45679***************************************887 PP

>> nat_d9e2c3510c30c0589662  
   #    score  bias  c-Evalue  i-Evalue hmmfrom  hmm to    alifrom  ali to    envfrom  env to     acc
 ---   ------ ----- --------- --------- ------- -------    ------- -------    ------- -------    ----
   1 !   29.2   1.4   3.2e-08   4.7e-08      11      53 ..       2      44 ..       1      66 [. 0.91

  Alignments for each domain:
  == domain 1  score: 29.2 bits;  conditional E-value: 3.2e-08
                      gvpa 11 sLaevldrvLDkGiviDafvRvslvGieiltieaRvvvasvdt 53
                              sL++ ldrvL  G+vi   v +s+ G++++ +  R  vas  t
  nat_d9e2c3510c30c0589662  2 SLVDLLDRVLGAGVVITGEVTLSIAGVDLVYVSLRALVASAAT 44
                              89**************************************988 PP

>> nat_b517a54b2425b7fab44e  
   #    score  bias  c-Evalue  i-Evalue hmmfrom  hmm to    alifrom  ali to    envfrom  env to     acc
 ---   ------ ----- --------- --------- ------- -------    ------- -------    ------- -------    ----
   1 !   27.2   0.9   1.3e-07   1.9e-07       6      50 ..      11      55 ..       2      65 .. 0.90

  Alignments for each domain:
  == domain 1  score: 27.2 bits;  conditional E-value: 1.3e-07
                      gvpa  6 vsdsssLaevldrvLDkGiviDafvRvslvGieiltieaRvvvas 50
                               ++++ L+e ldr++D+G v+   v ++l Gi+++ ++  + + s
  nat_b517a54b2425b7fab44e 11 LTGTNDLVELLDRIVDRGAVVSGDVVIALAGIDLIRLDLNLLLIS 55
                              67899*******************************998877666 PP

>> nat_15354eea3b71e93dc2d8  
   #    score  bias  c-Evalue  i-Evalue hmmfrom  hmm to    alifrom  ali to    envfrom  env to     acc
 ---   ------ ----- --------- --------- ------- -------    ------- -------    ------- -------    ----
   1 !   27.0   2.5   1.5e-07   2.3e-07       6      52 ..      11      57 ..       1      62 [. 0.91

  Alignments for each domain:
  == domain 1  score: 27.0 bits;  conditional E-value: 1.5e-07
                      gvpa  6 vsdsssLaevldrvLDkGiviDafvRvslvGieiltieaRvvvasvd 52
                               ++++ L++ ldr++D+G vi   v + l Gi+++ ++  + + sv+
  nat_15354eea3b71e93dc2d8 11 LTGTTDLVDLLDRIVDRGAVISGDVVIGLAGIDLIRLDLNLLLISVQ 57
                              678999*********************************99999986 PP

>> nat_7bdfaf160f3bdc576512  
   #    score  bias  c-Evalue  i-Evalue hmmfrom  hmm to    alifrom  ali to    envfrom  env to     acc
 ---   ------ ----- --------- --------- ------- -------    ------- -------    ------- -------    ----
   1 !   26.8   1.4   1.7e-07   2.6e-07      10      57 ..      12      61 ..       5      85 .. 0.80

  Alignments for each domain:
  == domain 1  score: 26.8 bits;  conditional E-value: 1.7e-07
                      gvpa 10 ssLaevldrvLDkG.iviDa.fvRvslvGieiltieaRvvvasvdtyLry 57
                               +L+++ld +LDkG i i      +s+ G++++ ++ Rv ++sv+  ++ 
  nat_7bdfaf160f3bdc576512 12 IALIDILDVILDKGgIAIKGgDLIISIAGVDLVYLDLRVLISSVEKLVQS 61
                              589**********648887525789*******************987764 PP

>> nat_d8ad104f77bb8702bdff  
   #    score  bias  c-Evalue  i-Evalue hmmfrom  hmm to    alifrom  ali to    envfrom  env to     acc
 ---   ------ ----- --------- --------- ------- -------    ------- -------    ------- -------    ----
   1 !   25.9   1.0   3.3e-07   4.8e-07       7      56 ..      35      84 ..      30      90 .. 0.90

  Alignments for each domain:
  == domain 1  score: 25.9 bits;  conditional E-value: 3.3e-07
                      gvpa  7 sdsssLaevldrvLDkGiviDafvRvslvGieiltieaRvvvasvdtyLr 56
                              +++ +L++ ldrv+ +G+v+   v +sl  +++l ++ R+ +  v   L 
  nat_d8ad104f77bb8702bdff 35 NETVGLVDLLDRVVHRGVVVTGDVVISLADVDLLLLDLRLLLTGVHSALA 84
                              7889*************************************999987665 PP

>> nat_cc09b951685ac0c5b5b6  
   #    score  bias  c-Evalue  i-Evalue hmmfrom  hmm to    alifrom  ali to    envfrom  env to     acc
 ---   ------ ----- --------- --------- ------- -------    ------- -------    ------- -------    ----
   1 !   26.2   0.1   2.7e-07     4e-07       1      57 [.       1      57 [.       1      82 [. 0.85

  Alignments for each domain:
  == domain 1  score: 26.2 bits;  conditional E-value: 2.7e-07
                      gvpa  1 mavekvsdsssLaevldrvLDkGiviDafvRvslvGieiltieaRvvvasvdtyLry 57
                              m++ + +d  sL++ ldr+L  G+++   + +sl  ++++ +  R  ++sv t +  
  nat_cc09b951685ac0c5b5b6  1 MTLAHPDDELSLVDLLDRLLAGGVMLTGDITISLADVDLVHVSLRALISSVSTLMEG 57
                              6777778899*******************************************8765 PP

>> nat_4072fb75166ef38f260c  
   #    score  bias  c-Evalue  i-Evalue hmmfrom  hmm to    alifrom  ali to    envfrom  env to     acc
 ---   ------ ----- --------- --------- ------- -------    ------- -------    ------- -------    ----
   1 !   26.1   0.5   2.9e-07   4.3e-07      10      53 ..      12      55 ..       7      76 .. 0.86

  Alignments for each domain:
  == domain 1  score: 26.1 bits;  conditional E-value: 2.9e-07
                      gvpa 10 ssLaevldrvLDkGiviDafvRvslvGieiltieaRvvvasvdt 53
                               +L + ld ++D G+v+   + +s+  i+++ i+ ++ ++s++ 
  nat_4072fb75166ef38f260c 12 MTLLDLLDGIIDTGVVVRGEILISIANIDLIIIDLKLLISSIES 55
                              6799**************************************96 PP

>> nat_c792d0ccf9656242d21f  
   #    score  bias  c-Evalue  i-Evalue hmmfrom  hmm to    alifrom  ali to    envfrom  env to     acc
 ---   ------ ----- --------- --------- ------- -------    ------- -------    ------- -------    ----
   1 !   26.0   0.4     3e-07   4.5e-07       7      51 ..      12      56 ..       4      58 .. 0.92

  Alignments for each domain:
  == domain 1  score: 26.0 bits;  conditional E-value: 3e-07
                      gvpa  7 sdsssLaevldrvLDkGiviDafvRvslvGieiltieaRvvvasv 51
                              + ++sL+e ldrvL +G  +   v + l Gi+++ ++ R+ + +v
  nat_c792d0ccf9656242d21f 12 TRGTSLVELLDRVLQRGAYVGGDVVITLAGIDLVRLDLRLLLTAV 56
                              5678************************************99887 PP

>> nat_2418f88ce760e94aa371  
   #    score  bias  c-Evalue  i-Evalue hmmfrom  hmm to    alifrom  ali to    envfrom  env to     acc
 ---   ------ ----- --------- --------- ------- -------    ------- -------    ------- -------    ----
   1 !   24.1   1.5   1.2e-06   1.7e-06      11      56 ..      12      57 ..       5      65 .. 0.92

  Alignments for each domain:
  == domain 1  score: 24.1 bits;  conditional E-value: 1.2e-06
                      gvpa 11 sLaevldrvLDkGiviDafvRvslvGieiltieaRvvvasvdtyLr 56
                              +L + ld ++D G v+     +s+  i+++ i+ ++ ++s++t  r
  nat_2418f88ce760e94aa371 12 TLLDLLDGIIDTGAVVSGELIISVADIDLILIDLKLLISSIETAFR 57
                              799****************************************765 PP

>> nat_09039b31722d95054d91  
   #    score  bias  c-Evalue  i-Evalue hmmfrom  hmm to    alifrom  ali to    envfrom  env to     acc
 ---   ------ ----- --------- --------- ------- -------    ------- -------    ------- -------    ----
   1 !   23.3   3.6   2.1e-06   3.1e-06      10      52 ..      39      81 ..      33      83 .. 0.94

  Alignments for each domain:
  == domain 1  score: 23.3 bits;  conditional E-value: 2.1e-06
                      gvpa 10 ssLaevldrvLDkGiviDafvRvslvGieiltieaRvvvasvd 52
                               sL++ ldrvL kG+vi     vs+  ++++ +  R  v+s++
  nat_09039b31722d95054d91 39 ISLVDLLDRVLAKGVVITGDLTVSIADVDLVRVSLRALVSSIN 81
                              69***************************************96 PP

>> nat_010082680009eecfac60  
   #    score  bias  c-Evalue  i-Evalue hmmfrom  hmm to    alifrom  ali to    envfrom  env to     acc
 ---   ------ ----- --------- --------- ------- -------    ------- -------    ------- -------    ----
   1 !   23.6   3.0   1.7e-06   2.5e-06      10      56 ..      14      60 ..       6      69 .. 0.90

  Alignments for each domain:
  == domain 1  score: 23.6 bits;  conditional E-value: 1.7e-06
                      gvpa 10 ssLaevldrvLDkGiviDafvRvslvGieiltieaRvvvasvdtyLr 56
                               +L++ ldrvL  G++i   +R+++  +++++i  R  v+sv t   
  nat_010082680009eecfac60 14 VALVDLLDRVLADGVIITGDIRLAIADVDLVAISLRALVSSVSTLSA 60
                              579****************************************9755 PP

>> nat_99f9c082fc6d7119274b  
   #    score  bias  c-Evalue  i-Evalue hmmfrom  hmm to    alifrom  ali to    envfrom  env to     acc
 ---   ------ ----- --------- --------- ------- -------    ------- -------    ------- -------    ----
   1 !   23.5   1.1   1.8e-06   2.7e-06      10      52 ..      18      60 ..      10      73 .. 0.92

  Alignments for each domain:
  == domain 1  score: 23.5 bits;  conditional E-value: 1.8e-06
                      gvpa 10 ssLaevldrvLDkGiviDafvRvslvGieiltieaRvvvasvd 52
                               +L++ ldr+L  G+v+   v +s+ Gi+++ +  R  + s+ 
  nat_99f9c082fc6d7119274b 18 VALIDLLDRLLSGGVVLTGDVVLSIAGIDLVRVSLRALIVSIS 60
                              589************************************9986 PP

>> nat_36cf392ab682d21df0c3  
   #    score  bias  c-Evalue  i-Evalue hmmfrom  hmm to    alifrom  ali to    envfrom  env to     acc
 ---   ------ ----- --------- --------- ------- -------    ------- -------    ------- -------    ----
   1 !   23.4   3.5     2e-06     3e-06      10      54 ..      14      58 ..       6      70 .. 0.92

  Alignments for each domain:
  == domain 1  score: 23.4 bits;  conditional E-value: 2e-06
                      gvpa 10 ssLaevldrvLDkGiviDafvRvslvGieiltieaRvvvasvdty 54
                               +L++ ldrvL  G+vi   +R+++  +++++i  R  ++sv t 
  nat_36cf392ab682d21df0c3 14 VALVDLLDRVLAGGVVITGDIRLAIADVDLVAISLRALISSVSTL 58
                              579***************************************995 PP

>> nat_f5e37f04fa6151500a34  
   #    score  bias  c-Evalue  i-Evalue hmmfrom  hmm to    alifrom  ali to    envfrom  env to     acc
 ---   ------ ----- --------- --------- ------- -------    ------- -------    ------- -------    ----
   1 !   22.8   1.4     3e-06   4.4e-06      10      51 ..      42      83 ..      37      87 .. 0.94

  Alignments for each domain:
  == domain 1  score: 22.8 bits;  conditional E-value: 3e-06
                      gvpa 10 ssLaevldrvLDkGiviDafvRvslvGieiltieaRvvvasv 51
                              +sL++ ldr+L  G+v+   v +sl G++++++     + sv
  nat_f5e37f04fa6151500a34 42 ASLVDLLDRLLGTGVVLAGDVVISLAGVDLVQVRLHALITSV 83
                              79**********************************999999 PP

>> nat_eb733570d58501633fc1  
   #    score  bias  c-Evalue  i-Evalue hmmfrom  hmm to    alifrom  ali to    envfrom  env to     acc
 ---   ------ ----- --------- --------- ------- -------    ------- -------    ------- -------    ----
   1 !   22.9   2.5   2.7e-06     4e-06      11      51 ..      27      67 ..      21      70 .. 0.94

  Alignments for each domain:
  == domain 1  score: 22.9 bits;  conditional E-value: 2.7e-06
                      gvpa 11 sLaevldrvLDkGiviDafvRvslvGieiltieaRvvvasv 51
                              +L++ ldr+L  Givi   v +s+  i+++ i  R  +as+
  nat_eb733570d58501633fc1 27 ALIDLLDRLLTGGIVITGDVTLSIADIDLVRISLRALIASI 67
                              79**************************************9 PP

>> nat_efc0acbdbe04d80b1008  
   #    score  bias  c-Evalue  i-Evalue hmmfrom  hmm to    alifrom  ali to    envfrom  env to     acc
 ---   ------ ----- --------- --------- ------- -------    ------- -------    ------- -------    ----
   1 !   22.4   2.0   3.9e-06   5.7e-06      10      51 ..      20      61 ..       9      65 .. 0.93

  Alignments for each domain:
  == domain 1  score: 22.4 bits;  conditional E-value: 3.9e-06
                      gvpa 10 ssLaevldrvLDkGiviDafvRvslvGieiltieaRvvvasv 51
                               +L++ ldr+L  G+vi   v +s+  i+++ i  R  + sv
  nat_efc0acbdbe04d80b1008 20 VALVDLLDRLLAGGVVIAGDVVISIADIDLVHISLRALITSV 61
                              579**************************************9 PP

>> nat_e6372e2544e857de1c1a  
   #    score  bias  c-Evalue  i-Evalue hmmfrom  hmm to    alifrom  ali to    envfrom  env to     acc
 ---   ------ ----- --------- --------- ------- -------    ------- -------    ------- -------    ----
   1 !   22.4   2.0     4e-06   5.9e-06      10      52 ..      26      68 ..      19      77 .. 0.93

  Alignments for each domain:
  == domain 1  score: 22.4 bits;  conditional E-value: 4e-06
                      gvpa 10 ssLaevldrvLDkGiviDafvRvslvGieiltieaRvvvasvd 52
                               +L++ ldrvL  G+vi   + +s+  ++++ i  R  +asv 
  nat_e6372e2544e857de1c1a 26 VALVDLLDRVLAGGVVIAGEITLSIADVDLVRISLRALIASVR 68
                              579**************************************96 PP

>> nat_9114ed5c98a66ed29c8f  
   #    score  bias  c-Evalue  i-Evalue hmmfrom  hmm to    alifrom  ali to    envfrom  env to     acc
 ---   ------ ----- --------- --------- ------- -------    ------- -------    ------- -------    ----
   1 !   20.9   3.6   1.2e-05   1.8e-05      10      53 ..      14      57 ..       6      69 .. 0.92

  Alignments for each domain:
  == domain 1  score: 20.9 bits;  conditional E-value: 1.2e-05
                      gvpa 10 ssLaevldrvLDkGiviDafvRvslvGieiltieaRvvvasvdt 53
                               +L++ ldrvL  G++i   +R+++  +++++i  R  ++s+ t
  nat_9114ed5c98a66ed29c8f 14 VALVDLLDRVLAGGVIISGDIRLAIADVDLVAISLRALISSIST 57
                              579***************************************99 PP

>> nat_5a7b283fcc1aa481a002  
   #    score  bias  c-Evalue  i-Evalue hmmfrom  hmm to    alifrom  ali to    envfrom  env to     acc
 ---   ------ ----- --------- --------- ------- -------    ------- -------    ------- -------    ----
   1 !   20.6   3.7   1.4e-05   2.1e-05      10      52 ..      18      60 ..      10      63 .. 0.93

  Alignments for each domain:
  == domain 1  score: 20.6 bits;  conditional E-value: 1.4e-05
                      gvpa 10 ssLaevldrvLDkGiviDafvRvslvGieiltieaRvvvasvd 52
                               +L++ ldr+L  G+v+   v +s+ Gi+++ +  R  + s+ 
  nat_5a7b283fcc1aa481a002 18 VALIDLLDRLLSGGVVLTGDVVLSIAGIDLVRVSLRALIVSIS 60
                              589************************************9985 PP

>> nat_f580e47f980a015394d4  
   #    score  bias  c-Evalue  i-Evalue hmmfrom  hmm to    alifrom  ali to    envfrom  env to     acc
 ---   ------ ----- --------- --------- ------- -------    ------- -------    ------- -------    ----
   1 !   20.1   3.8   2.1e-05   3.1e-05      10      52 ..      42      84 ..      36      87 .. 0.93

  Alignments for each domain:
  == domain 1  score: 20.1 bits;  conditional E-value: 2.1e-05
                      gvpa 10 ssLaevldrvLDkGiviDafvRvslvGieiltieaRvvvasvd 52
                               sL++ ldrvL kG+v+     vs+  ++++ +     v+sv+
  nat_f580e47f980a015394d4 42 ISLVDLLDRVLAKGVVVSGDLTVSIADVDLVRVSLHALVSSVN 84
                              69***************************************97 PP

>> nat_fb9ab597baf336e67012  
   #    score  bias  c-Evalue  i-Evalue hmmfrom  hmm to    alifrom  ali to    envfrom  env to     acc
 ---   ------ ----- --------- --------- ------- -------    ------- -------    ------- -------    ----
   1 !   20.1   4.0   2.1e-05   3.1e-05       9      52 ..      10      53 ..       1      65 [. 0.85

  Alignments for each domain:
  == domain 1  score: 20.1 bits;  conditional E-value: 2.1e-05
                      gvpa  9 sssLaevldrvLDkGiviDafvRvslvGieiltieaRvvvasvd 52
                                +L++ ldr+L  G+v+     +s+  ++++ i+ R v+a v 
  nat_fb9ab597baf336e67012 10 PIALIDLLDRLLQGGVVVTGDLVLSIADVDLVRIDLRAVIAPVA 53
                              4589************************************9874 PP

>> nat_4b18e36320efc89e1eea  
   #    score  bias  c-Evalue  i-Evalue hmmfrom  hmm to    alifrom  ali to    envfrom  env to     acc
 ---   ------ ----- --------- --------- ------- -------    ------- -------    ------- -------    ----
   1 !   19.1   0.3   4.2e-05   6.2e-05      10      51 ..      35      76 ..      30      82 .. 0.91

  Alignments for each domain:
  == domain 1  score: 19.1 bits;  conditional E-value: 4.2e-05
                      gvpa 10 ssLaevldrvLDkGiviDafvRvslvGieiltieaRvvvasv 51
                               +L e ld++L kG+++     +s+ G+++l i  R++v+  
  nat_4b18e36320efc89e1eea 35 VTLLELLDKLLTKGVILSGDLTLSIAGVDLLYIGLRLMVSTA 76
                              5799*********************************99765 PP

>> nat_0a0c4f57cf79f46bf8f3  
   #    score  bias  c-Evalue  i-Evalue hmmfrom  hmm to    alifrom  ali to    envfrom  env to     acc
 ---   ------ ----- --------- --------- ------- -------    ------- -------    ------- -------    ----
   1 !   19.0   3.4   4.4e-05   6.5e-05      11      51 ..      20      60 ..      14      65 .. 0.94

  Alignments for each domain:
  == domain 1  score: 19.0 bits;  conditional E-value: 4.4e-05
                      gvpa 11 sLaevldrvLDkGiviDafvRvslvGieiltieaRvvvasv 51
                              +L++ ldr+L  G+vi   + +s+  ++++ i  R  +as+
  nat_0a0c4f57cf79f46bf8f3 20 ALVDLLDRLLAGGVVITGDITISIADVDLVRISLRALIASI 60
                              79**************************************8 PP

>> nat_0dd57e3f0fd4025b07a4  
   #    score  bias  c-Evalue  i-Evalue hmmfrom  hmm to    alifrom  ali to    envfrom  env to     acc
 ---   ------ ----- --------- --------- ------- -------    ------- -------    ------- -------    ----
   1 !   19.3   3.0   3.6e-05   5.3e-05      10      52 ..      15      57 ..       1      59 [. 0.90

  Alignments for each domain:
  == domain 1  score: 19.3 bits;  conditional E-value: 3.6e-05
                      gvpa 10 ssLaevldrvLDkGiviDafvRvslvGieiltieaRvvvasvd 52
                               +L++ ldr+L  G+v+   + +s+  i+++ i  R  + svd
  nat_0dd57e3f0fd4025b07a4 15 VALVDLLDRLLSGGVVLSGDIVLSIADIDLVRISLRALIVSVD 57
                              479***************************************9 PP

>> nat_d0a05bdfe7e9e584cd32  
   #    score  bias  c-Evalue  i-Evalue hmmfrom  hmm to    alifrom  ali to    envfrom  env to     acc
 ---   ------ ----- --------- --------- ------- -------    ------- -------    ------- -------    ----
   1 !   19.2   4.7   3.8e-05   5.6e-05      10      52 ..      11      53 ..       1      66 [. 0.86

  Alignments for each domain:
  == domain 1  score: 19.2 bits;  conditional E-value: 3.8e-05
                      gvpa 10 ssLaevldrvLDkGiviDafvRvslvGieiltieaRvvvasvd 52
                               +L++ ldr+L  G+v+     +s+  ++++ i+ R v+a v 
  nat_d0a05bdfe7e9e584cd32 11 IALIDLLDRLLQGGVVVTGDLVLSIADVDLVRIDLRAVIAPVA 53
                              589************************************9874 PP

>> nat_2293e201a0a9994e8131  
   #    score  bias  c-Evalue  i-Evalue hmmfrom  hmm to    alifrom  ali to    envfrom  env to     acc
 ---   ------ ----- --------- --------- ------- -------    ------- -------    ------- -------    ----
   1 !   18.9   1.7     5e-05   7.4e-05      11      52 ..      15      56 ..       9      58 .. 0.95

  Alignments for each domain:
  == domain 1  score: 18.9 bits;  conditional E-value: 5e-05
                      gvpa 11 sLaevldrvLDkGiviDafvRvslvGieiltieaRvvvasvd 52
                              sL + ldr+L  G+v+     +s+  ++++ ++ R  ++sv+
  nat_2293e201a0a9994e8131 15 SLLDLLDRLLAGGVVLAGDLTLSIADVDLVRVDLRALISSVE 56
                              89***************************************8 PP

>> nat_d22fd9b7defd0d469ae2  
   #    score  bias  c-Evalue  i-Evalue hmmfrom  hmm to    alifrom  ali to    envfrom  env to     acc
 ---   ------ ----- --------- --------- ------- -------    ------- -------    ------- -------    ----
   1 !   18.5   0.1   6.2e-05   9.2e-05       6     107 ..       6     102 ..       1     111 [. 0.74

  Alignments for each domain:
  == domain 1  score: 18.5 bits;  conditional E-value: 6.2e-05
                      gvpa   6 vsdsssLaevldrvLDkGiviDafvRvslvGieiltieaRvvvasvdtyLryaeavgrldevaesaaaevskgalsgaaeaisda 90 
                               +s   +La  l+r L+kG +++a   + +  + ++++     +a v+t + y        +  e+a a + +  l+ ++e+  +a
  nat_d22fd9b7defd0d469ae2   6 ESADEGLAGLLNRALNKGAILNADLLITVNDVPLVAVRLQAAIANVETMIEYGIM-----TEWEPAMAHIDDDYLAETLETNDEA 85 
                               456689*********************************************9633.....2334555555566666666666666 PP

                      gvpa  91 lkealvseesesrkssr 107
                                +   ++ e++ r+  r
  nat_d22fd9b7defd0d469ae2  86 ADRIDADTEPSDRSDER 102
                               65555555555544444 PP

>> nat_e80ed7d223f205a872d2  
   #    score  bias  c-Evalue  i-Evalue hmmfrom  hmm to    alifrom  ali to    envfrom  env to     acc
 ---   ------ ----- --------- --------- ------- -------    ------- -------    ------- -------    ----
   1 !   18.8   3.3   5.3e-05   7.8e-05      11      52 ..      17      58 ..       3      62 .. 0.93

  Alignments for each domain:
  == domain 1  score: 18.8 bits;  conditional E-value: 5.3e-05
                      gvpa 11 sLaevldrvLDkGiviDafvRvslvGieiltieaRvvvasvd 52
                              +L++ ldr+L  G+vi     +s+ G++++++  R  v +v 
  nat_e80ed7d223f205a872d2 17 ALVDLLDRLLAGGVVITGDLVISIAGVDLVEVSLRALVTAVR 58
                              799*********************************999885 PP

>> nat_310001c53513ca67a4e6  
   #    score  bias  c-Evalue  i-Evalue hmmfrom  hmm to    alifrom  ali to    envfrom  env to     acc
 ---   ------ ----- --------- --------- ------- -------    ------- -------    ------- -------    ----
   1 !   18.6   4.7   6.2e-05   9.1e-05      11      52 ..      20      61 ..      16      64 .. 0.95

  Alignments for each domain:
  == domain 1  score: 18.6 bits;  conditional E-value: 6.2e-05
                      gvpa 11 sLaevldrvLDkGiviDafvRvslvGieiltieaRvvvasvd 52
                              +L++ ldr+L  G+v+   v +s+  i+++ i  R  +as+ 
  nat_310001c53513ca67a4e6 20 ALIDLLDRLLAGGVVVTGDVVLSIADIDLVRISLRALIASIS 61
                              69**************************************95 PP

>> nat_65814e7d7b7cf9390874  
   #    score  bias  c-Evalue  i-Evalue hmmfrom  hmm to    alifrom  ali to    envfrom  env to     acc
 ---   ------ ----- --------- --------- ------- -------    ------- -------    ------- -------    ----
   1 !   18.2   4.0   7.7e-05   0.00011      11      53 ..      29      71 ..      24      73 .. 0.96

  Alignments for each domain:
  == domain 1  score: 18.2 bits;  conditional E-value: 7.7e-05
                      gvpa 11 sLaevldrvLDkGiviDafvRvslvGieiltieaRvvvasvdt 53
                              +L++ ldr+L  G+vi   + +s+  i+++ i  R  ++sv t
  nat_65814e7d7b7cf9390874 29 ALVDLLDRLLAGGVVITGDIVLSIADIDLVRISLRALISSVST 71
                              799**************************************98 PP

>> nat_b12ef49ba163ab644495  
   #    score  bias  c-Evalue  i-Evalue hmmfrom  hmm to    alifrom  ali to    envfrom  env to     acc
 ---   ------ ----- --------- --------- ------- -------    ------- -------    ------- -------    ----
   1 !   18.3   4.1   7.5e-05   0.00011      10      53 ..      15      58 ..       1      61 [. 0.90

  Alignments for each domain:
  == domain 1  score: 18.3 bits;  conditional E-value: 7.5e-05
                      gvpa 10 ssLaevldrvLDkGiviDafvRvslvGieiltieaRvvvasvdt 53
                               +L++ ldr+L  G+v+   + +s+  i+++ +  R  + svd 
  nat_b12ef49ba163ab644495 15 VALVDLLDRLLSGGVVLSGDIVLSIADIDLVRVSLRALIVSVDS 58
                              479***************************************96 PP

>> nat_8bcb6afe25219c72fc3a  
   #    score  bias  c-Evalue  i-Evalue hmmfrom  hmm to    alifrom  ali to    envfrom  env to     acc
 ---   ------ ----- --------- --------- ------- -------    ------- -------    ------- -------    ----
   1 !   17.5   2.5   0.00013   0.00019      11      52 ..      13      54 ..       9      63 .. 0.95

  Alignments for each domain:
  == domain 1  score: 17.5 bits;  conditional E-value: 0.00013
                      gvpa 11 sLaevldrvLDkGiviDafvRvslvGieiltieaRvvvasvd 52
                              +L++ ldrvL  G+v+   v + +  +e++ +  R+ ++sv 
  nat_8bcb6afe25219c72fc3a 13 ALVDLLDRVLAGGVVVTGEVTLCVADVELVRVSLRLLLSSVS 54
                              699*************************************97 PP

>> nat_7e161df14aecc433aaad  
   #    score  bias  c-Evalue  i-Evalue hmmfrom  hmm to    alifrom  ali to    envfrom  env to     acc
 ---   ------ ----- --------- --------- ------- -------    ------- -------    ------- -------    ----
   1 !   17.0   3.0   0.00018   0.00027      11      52 ..      19      60 ..      13      64 .. 0.93

  Alignments for each domain:
  == domain 1  score: 17.0 bits;  conditional E-value: 0.00018
                      gvpa 11 sLaevldrvLDkGiviDafvRvslvGieiltieaRvvvasvd 52
                              +L++ ldr+L  G+v+   v +s+  i+++ +  R  + s+ 
  nat_7e161df14aecc433aaad 19 ALIDLLDRLLTGGVVVTGDVVLSIADIDLVRVSLRALIVSIS 60
                              79**********************************999985 PP

>> nat_34d80926a4ec3dd31a64  
   #    score  bias  c-Evalue  i-Evalue hmmfrom  hmm to    alifrom  ali to    envfrom  env to     acc
 ---   ------ ----- --------- --------- ------- -------    ------- -------    ------- -------    ----
   1 !   17.3   0.1   0.00016   0.00023       6      58 ..       6      58 ..       1     115 [. 0.77

  Alignments for each domain:
  == domain 1  score: 17.3 bits;  conditional E-value: 0.00016
                      gvpa  6 vsdsssLaevldrvLDkGiviDafvRvslvGieiltieaRvvvasvdtyLrya 58
                              +s   +La  l+r L+kG +++a   + +  + ++++     +a v+t + y 
  nat_34d80926a4ec3dd31a64  6 ESADEGLAGLLNRALNKGAILNADLLITVNDVPLVAVRLQAAIANVETMIEYG 58
                              456689********************************************995 PP

>> nat_9aa7f4be26f67c517aa1  
   #    score  bias  c-Evalue  i-Evalue hmmfrom  hmm to    alifrom  ali to    envfrom  env to     acc
 ---   ------ ----- --------- --------- ------- -------    ------- -------    ------- -------    ----
   1 !   17.0   0.5   0.00019   0.00028      11      51 ..      22      62 ..      13      64 .. 0.94

  Alignments for each domain:
  == domain 1  score: 17.0 bits;  conditional E-value: 0.00019
                      gvpa 11 sLaevldrvLDkGiviDafvRvslvGieiltieaRvvvasv 51
                              +L++ ldr+L+ G v+     +s+  ++++ i+ R v+ s+
  nat_9aa7f4be26f67c517aa1 22 ALIDLLDRLLNGGAVLTGDLVLSIADVDLVHINLRAVIRSI 62
                              79************************************998 PP

>> nat_b65584b455da6ddf1098  
   #    score  bias  c-Evalue  i-Evalue hmmfrom  hmm to    alifrom  ali to    envfrom  env to     acc
 ---   ------ ----- --------- --------- ------- -------    ------- -------    ------- -------    ----
   1 !   16.7   0.6   0.00023   0.00034       9      49 ..      16      56 ..      12      60 .. 0.93

  Alignments for each domain:
  == domain 1  score: 16.7 bits;  conditional E-value: 0.00023
                      gvpa  9 sssLaevldrvLDkGiviDafvRvslvGieiltieaRvvva 49
                               +sL++ ldrvL  G+v+     +s+  + ++ i+ R  +a
  nat_b65584b455da6ddf1098 16 ETSLVDLLDRVLAGGVVLHGELVLSIADVPLVRIDLRALIA 56
                              579***********************************998 PP

>> nat_2675f550102ba64d3177  
   #    score  bias  c-Evalue  i-Evalue hmmfrom  hmm to    alifrom  ali to    envfrom  env to     acc
 ---   ------ ----- --------- --------- ------- -------    ------- -------    ------- -------    ----
   1 !   16.5   0.0   0.00026   0.00038       6      58 ..       6      58 ..       1     110 [. 0.77

  Alignments for each domain:
  == domain 1  score: 16.5 bits;  conditional E-value: 0.00026
                      gvpa  6 vsdsssLaevldrvLDkGiviDafvRvslvGieiltieaRvvvasvdtyLrya 58
                              +s   +La  l+r L+kG +++a   + +  + ++++     +a ++t + y 
  nat_2675f550102ba64d3177  6 ESADEGLAGLLNRALNKGAILNADLLITVNDVPLVAVRLQAAIANIETMIEYG 58
                              456689********************************************996 PP

>> nat_7d9c3cb46a3650cb966f  
   #    score  bias  c-Evalue  i-Evalue hmmfrom  hmm to    alifrom  ali to    envfrom  env to     acc
 ---   ------ ----- --------- --------- ------- -------    ------- -------    ------- -------    ----
   1 !   16.4   5.2    0.0003   0.00044      11      52 ..      11      52 ..       1      59 [. 0.93

  Alignments for each domain:
  == domain 1  score: 16.4 bits;  conditional E-value: 0.0003
                      gvpa 11 sLaevldrvLDkGiviDafvRvslvGieiltieaRvvvasvd 52
                              +L++ ldrvL  G+vi   v +s+  ++++ i  R  ++sv 
  nat_7d9c3cb46a3650cb966f 11 ALVDLLDRVLAGGVVIVGDVVLSVADVDMVRISLRTLISSVR 52
                              79**************************************96 PP

>> nat_76425a53078630280b17  
   #    score  bias  c-Evalue  i-Evalue hmmfrom  hmm to    alifrom  ali to    envfrom  env to     acc
 ---   ------ ----- --------- --------- ------- -------    ------- -------    ------- -------    ----
   1 !   16.0   3.2   0.00038   0.00056      11      52 ..      21      62 ..       1      63 [. 0.94

  Alignments for each domain:
  == domain 1  score: 16.0 bits;  conditional E-value: 0.00038
                      gvpa 11 sLaevldrvLDkGiviDafvRvslvGieiltieaRvvvasvd 52
                              +L++ ldr+L  G+v+   v +s+  i+++ i  R  + sv 
  nat_76425a53078630280b17 21 ALVDLLDRLLAGGVVLVGDVVLSIADIDLVRISLRALIVSVS 62
                              79**************************************95 PP

>> nat_69566bd3dfb0ad71c79f  
   #    score  bias  c-Evalue  i-Evalue hmmfrom  hmm to    alifrom  ali to    envfrom  env to     acc
 ---   ------ ----- --------- --------- ------- -------    ------- -------    ------- -------    ----
   1 !   15.4   4.4   0.00057   0.00084      11      51 ..      24      64 ..      19      67 .. 0.94

  Alignments for each domain:
  == domain 1  score: 15.4 bits;  conditional E-value: 0.00057
                      gvpa 11 sLaevldrvLDkGiviDafvRvslvGieiltieaRvvvasv 51
                              +L++ ldr+L  G+v+   v +s+  i+++ +  R  + s+
  nat_69566bd3dfb0ad71c79f 24 ALIDLLDRLLTGGVVVTGDVVLSIADIDLVRVSLRALIVSI 64
                              79************************************998 PP

>> nat_fb104b6db70ffc781527  
   #    score  bias  c-Evalue  i-Evalue hmmfrom  hmm to    alifrom  ali to    envfrom  env to     acc
 ---   ------ ----- --------- --------- ------- -------    ------- -------    ------- -------    ----
   1 !   15.3   1.3   0.00065   0.00096      10      52 ..      31      73 ..      19      76 .. 0.93

  Alignments for each domain:
  == domain 1  score: 15.3 bits;  conditional E-value: 0.00065
                      gvpa 10 ssLaevldrvLDkGiviDafvRvslvGieiltieaRvvvasvd 52
                               +L++ ldr+L  G v+     + +  ++++ i+ R  ++sv+
  nat_fb104b6db70ffc781527 31 VALVDLLDRLLGTGAVLTGSLTLGIADVDLVRIDLRALISSVN 73
                              589***************************************8 PP

>> nat_e7d0fda38d12f19e6029  
   #    score  bias  c-Evalue  i-Evalue hmmfrom  hmm to    alifrom  ali to    envfrom  env to     acc
 ---   ------ ----- --------- --------- ------- -------    ------- -------    ------- -------    ----
   1 !   15.0   3.2   0.00079    0.0012      11      51 ..      24      64 ..      18      67 .. 0.94

  Alignments for each domain:
  == domain 1  score: 15.0 bits;  conditional E-value: 0.00079
                      gvpa 11 sLaevldrvLDkGiviDafvRvslvGieiltieaRvvvasv 51
                              +L++ ldr+L  G+v+     +s+  i+++ i  R  + sv
  nat_e7d0fda38d12f19e6029 24 ALVDLLDRLLTGGVVVTGDLVLSIADIDLVRISLRALITSV 64
                              79**************************************9 PP

>> nat_c09646878c86422db188  
   #    score  bias  c-Evalue  i-Evalue hmmfrom  hmm to    alifrom  ali to    envfrom  env to     acc
 ---   ------ ----- --------- --------- ------- -------    ------- -------    ------- -------    ----
   1 !   15.2   0.8   0.00066   0.00098      11      51 ..      45      85 ..      39      87 .. 0.95

  Alignments for each domain:
  == domain 1  score: 15.2 bits;  conditional E-value: 0.00066
                      gvpa 11 sLaevldrvLDkGiviDafvRvslvGieiltieaRvvvasv 51
                              +L++ ldr+L  G v+     +s+  ++++ i+ R v+ sv
  nat_c09646878c86422db188 45 ALIDLLDRLLTGGAVLTGDLVLSIADVDLVRINLRAVIHSV 85
                              79**************************************9 PP

>> nat_75a81fedbebe184b8528  
   #    score  bias  c-Evalue  i-Evalue hmmfrom  hmm to    alifrom  ali to    envfrom  env to     acc
 ---   ------ ----- --------- --------- ------- -------    ------- -------    ------- -------    ----
   1 !   14.8   6.6   0.00092    0.0014      10      52 ..      18      60 ..      13      62 .. 0.93

  Alignments for each domain:
  == domain 1  score: 14.8 bits;  conditional E-value: 0.00092
                      gvpa 10 ssLaevldrvLDkGiviDafvRvslvGieiltieaRvvvasvd 52
                               +L++ ldr+L  G+v+   v +s+  i+++ +  R  + sv 
  nat_75a81fedbebe184b8528 18 VALVDLLDRLLSGGVVVAGDVVLSIADIDLVRVSLRALIVSVS 60
                              579**************************************96 PP

>> nat_ab429a25b1ea00182dd5  
   #    score  bias  c-Evalue  i-Evalue hmmfrom  hmm to    alifrom  ali to    envfrom  env to     acc
 ---   ------ ----- --------- --------- ------- -------    ------- -------    ------- -------    ----
   1 !   14.3   3.8    0.0013    0.0018      11      51 ..      27      67 ..      22      70 .. 0.94

  Alignments for each domain:
  == domain 1  score: 14.3 bits;  conditional E-value: 0.0013
                      gvpa 11 sLaevldrvLDkGiviDafvRvslvGieiltieaRvvvasv 51
                              +L++ ldr+L  G+v+   v +s+  i+++ i  R  + s+
  nat_ab429a25b1ea00182dd5 27 ALIDLLDRLLSGGVVLTGDVVLSIADIDLVRISLRALIMSI 67
                              79************************************998 PP

>> nat_8021adb844c9a8ddd77d  
   #    score  bias  c-Evalue  i-Evalue hmmfrom  hmm to    alifrom  ali to    envfrom  env to     acc
 ---   ------ ----- --------- --------- ------- -------    ------- -------    ------- -------    ----
   1 !   14.6   2.8    0.0011    0.0016      10      51 ..      37      78 ..      28      80 .. 0.92

  Alignments for each domain:
  == domain 1  score: 14.6 bits;  conditional E-value: 0.0011
                      gvpa 10 ssLaevldrvLDkGiviDafvRvslvGieiltieaRvvvasv 51
                               +L++ ldr+L+ G v+     +s+  ++++ i+ R v+ s+
  nat_8021adb844c9a8ddd77d 37 VALIDLLDRLLNGGAVLTGDLVLSVADVDLVHINLRAVIRSI 78
                              579************************************998 PP

>> nat_0d266ce45b1a72db8115  
   #    score  bias  c-Evalue  i-Evalue hmmfrom  hmm to    alifrom  ali to    envfrom  env to     acc
 ---   ------ ----- --------- --------- ------- -------    ------- -------    ------- -------    ----
   1 !   14.4   2.2    0.0012    0.0018      11      51 ..      30      70 ..      24      72 .. 0.95

  Alignments for each domain:
  == domain 1  score: 14.4 bits;  conditional E-value: 0.0012
                      gvpa 11 sLaevldrvLDkGiviDafvRvslvGieiltieaRvvvasv 51
                              +L++ ldr+L+ G v+     +s+  ++++ i+ R v+ s+
  nat_0d266ce45b1a72db8115 30 ALIDLLDRLLNGGAVLTGDLVLSIADVDLVHINLRAVIRSI 70
                              69************************************998 PP

>> nat_fa4d2b91fc8467b72fd0  
   #    score  bias  c-Evalue  i-Evalue hmmfrom  hmm to    alifrom  ali to    envfrom  env to     acc
 ---   ------ ----- --------- --------- ------- -------    ------- -------    ------- -------    ----
   1 !   14.3   3.8    0.0013     0.002      11      51 ..      27      67 ..      22      70 .. 0.94

  Alignments for each domain:
  == domain 1  score: 14.3 bits;  conditional E-value: 0.0013
                      gvpa 11 sLaevldrvLDkGiviDafvRvslvGieiltieaRvvvasv 51
                              +L++ ldr+L  G+v+   v +s+  i+++ i  R  + s+
  nat_fa4d2b91fc8467b72fd0 27 ALIDLLDRLLSGGVVLTGDVVLSIADIDLVRISLRALIMSI 67
                              79************************************998 PP

>> nat_64414e6d3eb28c6a80e0  
   #    score  bias  c-Evalue  i-Evalue hmmfrom  hmm to    alifrom  ali to    envfrom  env to     acc
 ---   ------ ----- --------- --------- ------- -------    ------- -------    ------- -------    ----
   1 !   14.4   4.6    0.0012    0.0018      11      52 ..      19      60 ..      11      62 .. 0.94

  Alignments for each domain:
  == domain 1  score: 14.4 bits;  conditional E-value: 0.0012
                      gvpa 11 sLaevldrvLDkGiviDafvRvslvGieiltieaRvvvasvd 52
                              +L++ ldr+L  G+v+   v +s+  i+++ i  R  + sv 
  nat_64414e6d3eb28c6a80e0 19 ALVDLLDRLLAGGVVLVGDVVLSIADIDLVRISLRALIVSVS 60
                              79**************************************96 PP

>> nat_a4d59c0ba0a75c675a9e  
   #    score  bias  c-Evalue  i-Evalue hmmfrom  hmm to    alifrom  ali to    envfrom  env to     acc
 ---   ------ ----- --------- --------- ------- -------    ------- -------    ------- -------    ----
   1 !   14.3   4.5    0.0013     0.002      10      51 ..      27      68 ..      21      73 .. 0.90

  Alignments for each domain:
  == domain 1  score: 14.3 bits;  conditional E-value: 0.0013
                      gvpa 10 ssLaevldrvLDkGiviDafvRvslvGieiltieaRvvvasv 51
                               +L++ ldr+L  G+vi     +s+  i+++ +  R  v +v
  nat_a4d59c0ba0a75c675a9e 27 VALIDLLDRLLSGGVVITGDLVISVADIDLVRVSLRALVVAV 68
                              479*********************************877665 PP

>> nat_531ae3f11b11d3960405  
   #    score  bias  c-Evalue  i-Evalue hmmfrom  hmm to    alifrom  ali to    envfrom  env to     acc
 ---   ------ ----- --------- --------- ------- -------    ------- -------    ------- -------    ----
   1 !   14.2   2.3    0.0014     0.002      11      51 ..      17      57 ..      11      63 .. 0.92

  Alignments for each domain:
  == domain 1  score: 14.2 bits;  conditional E-value: 0.0014
                      gvpa 11 sLaevldrvLDkGiviDafvRvslvGieiltieaRvvvasv 51
                              +L++ ldr+L  G+vi     +s+  ++++++  R  +  v
  nat_531ae3f11b11d3960405 17 ALVDLLDRLLAGGVVITGDLVISIAEVDLVQVSLRALITTV 57
                              79**********************************99988 PP

>> nat_df37a457c53fb207d5f3  
   #    score  bias  c-Evalue  i-Evalue hmmfrom  hmm to    alifrom  ali to    envfrom  env to     acc
 ---   ------ ----- --------- --------- ------- -------    ------- -------    ------- -------    ----
   1 !   14.2   6.3    0.0013     0.002      11      52 ..      16      57 ..      11      60 .. 0.95

  Alignments for each domain:
  == domain 1  score: 14.2 bits;  conditional E-value: 0.0013
                      gvpa 11 sLaevldrvLDkGiviDafvRvslvGieiltieaRvvvasvd 52
                              +L++ ldr+L  G+v+   + +s+  i+++ i  R  + sv+
  nat_df37a457c53fb207d5f3 16 ALVDLLDRLLSGGVVVVGDIVLSIADIDLVRISLRALIVSVE 57
                              799**************************************8 PP

>> nat_2ddb34aa2bfe89121c6e  
   #    score  bias  c-Evalue  i-Evalue hmmfrom  hmm to    alifrom  ali to    envfrom  env to     acc
 ---   ------ ----- --------- --------- ------- -------    ------- -------    ------- -------    ----
   1 !   14.1   4.0    0.0015    0.0022      11      51 ..      24      64 ..      18      67 .. 0.94

  Alignments for each domain:
  == domain 1  score: 14.1 bits;  conditional E-value: 0.0015
                      gvpa 11 sLaevldrvLDkGiviDafvRvslvGieiltieaRvvvasv 51
                              +L++ ldr+L  G+v+     +s+  i+++ i  R  + sv
  nat_2ddb34aa2bfe89121c6e 24 ALVDLLDRLLAGGVVVSGDLVLSIADIDLVRISLRALITSV 64
                              79**************************************9 PP

>> nat_59ebab222d7c72ba71eb  
   #    score  bias  c-Evalue  i-Evalue hmmfrom  hmm to    alifrom  ali to    envfrom  env to     acc
 ---   ------ ----- --------- --------- ------- -------    ------- -------    ------- -------    ----
   1 !   14.1   4.8    0.0015    0.0022      11      51 ..      22      62 ..      17      64 .. 0.94

  Alignments for each domain:
  == domain 1  score: 14.1 bits;  conditional E-value: 0.0015
                      gvpa 11 sLaevldrvLDkGiviDafvRvslvGieiltieaRvvvasv 51
                              +L++ ldr+L  G+vi   v +s+  i+++ +  R  + s+
  nat_59ebab222d7c72ba71eb 22 ALIDLLDRLLTGGVVITGDVVLSIDDIDLVRVSLRALIVSI 62
                              79************************************998 PP

>> nat_3bc61484098f8112b62d  
   #    score  bias  c-Evalue  i-Evalue hmmfrom  hmm to    alifrom  ali to    envfrom  env to     acc
 ---   ------ ----- --------- --------- ------- -------    ------- -------    ------- -------    ----
   1 !   14.0   3.2    0.0016    0.0023      11      52 ..      17      58 ..      10      70 .. 0.91

  Alignments for each domain:
  == domain 1  score: 14.0 bits;  conditional E-value: 0.0016
                      gvpa 11 sLaevldrvLDkGiviDafvRvslvGieiltieaRvvvasvd 52
                              +L++ ldr+L  G++i     +s+  ++++ +  R  v sv 
  nat_3bc61484098f8112b62d 17 ALVDLLDRLLAGGVMIAGDLVISIAEVDLVRVSLRALVTSVR 58
                              799*************************************94 PP

>> nat_dfa30aeb69b3c1d9527c  
   #    score  bias  c-Evalue  i-Evalue hmmfrom  hmm to    alifrom  ali to    envfrom  env to     acc
 ---   ------ ----- --------- --------- ------- -------    ------- -------    ------- -------    ----
   1 !   13.7   1.8    0.0019    0.0028      11      51 ..      48      88 ..      38      90 .. 0.93

  Alignments for each domain:
  == domain 1  score: 13.7 bits;  conditional E-value: 0.0019
                      gvpa 11 sLaevldrvLDkGiviDafvRvslvGieiltieaRvvvasv 51
                              +L++ ldr+L  G v+     +s+  ++++ i+ R v+ s+
  nat_dfa30aeb69b3c1d9527c 48 ALIDLLDRLLTGGAVLTGDLVLSVADVDLVHINLRAVIRSI 88
                              79************************************998 PP

>> nat_0e5ce9bab742d3b19084  
   #    score  bias  c-Evalue  i-Evalue hmmfrom  hmm to    alifrom  ali to    envfrom  env to     acc
 ---   ------ ----- --------- --------- ------- -------    ------- -------    ------- -------    ----
   1 !   12.9   6.2    0.0036    0.0053      10      52 ..      18      60 ..       9      61 .. 0.92

  Alignments for each domain:
  == domain 1  score: 12.9 bits;  conditional E-value: 0.0036
                      gvpa 10 ssLaevldrvLDkGiviDafvRvslvGieiltieaRvvvasvd 52
                               +L++ ldr+L  G+v+   v +s+  i+++ +  R  + sv 
  nat_0e5ce9bab742d3b19084 18 VALVDLLDRLLAGGVVLVGDVVLSVADIDLVRVSLRALIVSVS 60
                              579**************************************95 PP

>> nat_71f3aa878bea7d594a02  
   #    score  bias  c-Evalue  i-Evalue hmmfrom  hmm to    alifrom  ali to    envfrom  env to     acc
 ---   ------ ----- --------- --------- ------- -------    ------- -------    ------- -------    ----
   1 !   12.1   4.4    0.0063    0.0093       6      50 ..       4      48 ..       1      54 [. 0.93

  Alignments for each domain:
  == domain 1  score: 12.1 bits;  conditional E-value: 0.0063
                      gvpa  6 vsdsssLaevldrvLDkGiviDafvRvslvGieiltieaRvvvas 50
                              ++d++++++ +d +L  G v+ a v + +  + ++ ++aRv +a 
  nat_71f3aa878bea7d594a02  4 TKDATAVVDLVDVLLADGAVLAADVVITVADVPLVGVQARVLLAG 48
                              578999************************************996 PP

>> nat_ff6380bfdca9331d95d6  
   #    score  bias  c-Evalue  i-Evalue hmmfrom  hmm to    alifrom  ali to    envfrom  env to     acc
 ---   ------ ----- --------- --------- ------- -------    ------- -------    ------- -------    ----
   1 ?   10.8   0.3     0.015     0.023       2      44 ..       2      43 ..       1      51 [. 0.84

  Alignments for each domain:
  == domain 1  score: 10.8 bits;  conditional E-value: 0.015
                      gvpa  2 avekvsdsssLaevldrvLDkGiviDafvRvslvGieiltiea 44
                              +v++ +   +La+ ldr+L  G v+   v + + G +++ ++ 
  nat_ff6380bfdca9331d95d6  2 TVVE-RREFALADLLDRLLGGGAVVTGDVALCVAGGDLVRVDL 43
                              5554.34568*****************************9996 PP

>> nat_06e8f5161feadd73f178  
   #    score  bias  c-Evalue  i-Evalue hmmfrom  hmm to    alifrom  ali to    envfrom  env to     acc
 ---   ------ ----- --------- --------- ------- -------    ------- -------    ------- -------    ----
   1 ?    9.2   0.1     0.048     0.071       7      28 ..      19      40 ..      11      63 .. 0.71

  Alignments for each domain:
  == domain 1  score: 9.2 bits;  conditional E-value: 0.048
                      gvpa  7 sdsssLaevldrvLDkGiviDa 28
                              s+ + L++v+d +L +Gi i  
  nat_06e8f5161feadd73f178 19 SSETRLVDVVDALLSQGIAIRG 40
                              45567*************9954 PP

>> nat_517193d41961ed2ef463  
   #    score  bias  c-Evalue  i-Evalue hmmfrom  hmm to    alifrom  ali to    envfrom  env to     acc
 ---   ------ ----- --------- --------- ------- -------    ------- -------    ------- -------    ----
   1 ?    8.0   2.9      0.12      0.17      10      46 ..      13      54 ..       7      61 .. 0.72

  Alignments for each domain:
  == domain 1  score: 8.0 bits;  conditional E-value: 0.12
                      gvpa 10 ssLaevldrvLDkGivi..DafvR...vslvGieiltieaRv 46
                               +L++ ldr+L  G+vi  D   R   v lv i+ + ++a v
  nat_517193d41961ed2ef463 13 VALVDLLDRLLAGGVVItgDLTLRiadVDLVCIDCIDLNALV 54
                              579**************5555556222457777777776644 PP

>> nat_7fe60b78eb93278ce17f  
   #    score  bias  c-Evalue  i-Evalue hmmfrom  hmm to    alifrom  ali to    envfrom  env to     acc
 ---   ------ ----- --------- --------- ------- -------    ------- -------    ------- -------    ----
   1 ?    8.0   0.2      0.12      0.17       6      28 ..      18      40 ..      11      65 .. 0.69

  Alignments for each domain:
  == domain 1  score: 8.0 bits;  conditional E-value: 0.12
                      gvpa  6 vsdsssLaevldrvLDkGiviDa 28
                              +s+   L++v+d +L +G+ i  
  nat_7fe60b78eb93278ce17f 18 QSGNGRLVDVVDALLSQGVAIRG 40
                              455667*************9954 PP

>> nat_cf1915a149f97296d3fd  
   #    score  bias  c-Evalue  i-Evalue hmmfrom  hmm to    alifrom  ali to    envfrom  env to     acc
 ---   ------ ----- --------- --------- ------- -------    ------- -------    ------- -------    ----
   1 ?    7.9   0.1      0.12      0.18      10      28 ..      22      40 ..      11      63 .. 0.71

  Alignments for each domain:
  == domain 1  score: 7.9 bits;  conditional E-value: 0.12
                      gvpa 10 ssLaevldrvLDkGiviDa 28
                                L++v+d +L +Gi i  
  nat_cf1915a149f97296d3fd 22 GRLVDVVDALLSQGIAIRG 40
                              459************9954 PP

>> nat_c3864be3a36de85b74e8  
   #    score  bias  c-Evalue  i-Evalue hmmfrom  hmm to    alifrom  ali to    envfrom  env to     acc
 ---   ------ ----- --------- --------- ------- -------    ------- -------    ------- -------    ----
   1 ?    4.2   0.6       1.7       2.5      62     114 ..      25      78 ..       2      79 .. 0.58

  Alignments for each domain:
  == domain 1  score: 4.2 bits;  conditional E-value: 1.7
                      gvpa  62 grldevaesaaaevskgalsgaaeaisdalkealvs.eesesrkssrassrrke 114
                               ++l++ ++   + + +ga +++  ++  +++e ++s +e+e+ ++ r+++rr+e
  nat_c3864be3a36de85b74e8  25 NQLARLKQDLEQFQGRGAGAAVQSSLQSRIRELQTSlSEAEAAQARRQQARRAE 78 
                               333344444444444555555666677777776655255666667777778775 PP

>> nat_40a0a8750aca528762bd  
   #    score  bias  c-Evalue  i-Evalue hmmfrom  hmm to    alifrom  ali to    envfrom  env to     acc
 ---   ------ ----- --------- --------- ------- -------    ------- -------    ------- -------    ----
   1 ?    3.3   0.9       3.5       5.1      32      84 ..     248     298 ..     213     333 .. 0.59

  Alignments for each domain:
  == domain 1  score: 3.3 bits;  conditional E-value: 3.5
                      gvpa  32 vslvGieiltieaRvvvasvdtyLryaeavgrld..evaesaaaevskgalsgaa 84 
                                 +v   +  ++a  + a vdt  r  e+v+     ++a  a+++ +    +g+ 
  nat_40a0a8750aca528762bd 248 RRIVAAHVDDVDAETIAAVVDTVRRLREEVSVPVgtRAAIMATEGFT----AGTD 298
                               45677777789999999999999999999876432233333333333....3332 PP

>> nat_a03c379cbf87f690f977  
   #    score  bias  c-Evalue  i-Evalue hmmfrom  hmm to    alifrom  ali to    envfrom  env to     acc
 ---   ------ ----- --------- --------- ------- -------    ------- -------    ------- -------    ----
   1 ?    3.0   0.2         4         6      69      91 ..      74      96 ..      11     108 .. 0.68

  Alignments for each domain:
  == domain 1  score: 3.0 bits;  conditional E-value: 4
                      gvpa 69 esaaaevskgalsgaaeaisdal 91
                              e++ +e +kg   g  e + d +
  nat_a03c379cbf87f690f977 74 EQGITESVKGIRDGLDEIVDDVV 96
                              34444555555555544444444 PP

>> nat_0d84dbf97ab2b46ef91f  
   #    score  bias  c-Evalue  i-Evalue hmmfrom  hmm to    alifrom  ali to    envfrom  env to     acc
 ---   ------ ----- --------- --------- ------- -------    ------- -------    ------- -------    ----
   1 ?    2.2   0.2       7.2        11      72      83 ..      68      79 ..      17     112 .. 0.50

  Alignments for each domain:
  == domain 1  score: 2.2 bits;  conditional E-value: 7.2
                      gvpa 72 aaevskgalsga 83
                               +e  ++++s  
  nat_0d84dbf97ab2b46ef91f 68 QQEDIDAEVSEF 79
                              222222233332 PP

>> nat_26c7b3dfaf246cf1a8c9  
   #    score  bias  c-Evalue  i-Evalue hmmfrom  hmm to    alifrom  ali to    envfrom  env to     acc
 ---   ------ ----- --------- --------- ------- -------    ------- -------    ------- -------    ----
   1 ?    2.2   0.2       7.3        11      47      98 ..      19      72 ..      15      83 .. 0.58

  Alignments for each domain:
  == domain 1  score: 2.2 bits;  conditional E-value: 7.3
                      gvpa 47 vvasvdtyLrya..eavgrldevaesaaaevskgalsgaaeaisdalkealvse 98
                              vva v+  +     ea+ r+++ + s  +    g+   a+ea  d +ke+ + e
  nat_26c7b3dfaf246cf1a8c9 19 VVAVVELLVEAMerEAIRRMESGKLSDEQIEQLGQQLQAIEAEIDDIKETSDIE 72
                              555555544432115666666666666666666666666666666666665444 PP

>> nat_96d3b6c17b4236f755ff  
   #    score  bias  c-Evalue  i-Evalue hmmfrom  hmm to    alifrom  ali to    envfrom  env to     acc
 ---   ------ ----- --------- --------- ------- -------    ------- -------    ------- -------    ----
   1 ?    1.4   0.2        13        19      10      22 ..      79      91 ..      59      99 .. 0.70

  Alignments for each domain:
  == domain 1  score: 1.4 bits;  conditional E-value: 13
                      gvpa 10 ssLaevldrvLDk 22
                               +L e++d v+D+
  nat_96d3b6c17b4236f755ff 79 DGLDEIVDSVVDR 91
                              4667777777776 PP

>> nat_3140e24fc354e74b1db5  
   #    score  bias  c-Evalue  i-Evalue hmmfrom  hmm to    alifrom  ali to    envfrom  env to     acc
 ---   ------ ----- --------- --------- ------- -------    ------- -------    ------- -------    ----
   1 ?    1.8   0.1       9.9        15      76     103 ..     215     242 ..     186     248 .. 0.71

  Alignments for each domain:
  == domain 1  score: 1.8 bits;  conditional E-value: 9.9
                      gvpa  76 skgalsgaaeaisdalkealvseesesr 103
                               s  a+ + aeai+d+l+e  ++e+ e r
  nat_3140e24fc354e74b1db5 215 SALATEAGAEAIGDKLDEVATEEGVEVR 242
                               3345566788999999998888877765 PP

>> nat_ba3ce50a83eb19a0e206  
   #    score  bias  c-Evalue  i-Evalue hmmfrom  hmm to    alifrom  ali to    envfrom  env to     acc
 ---   ------ ----- --------- --------- ------- -------    ------- -------    ------- -------    ----
   1 ?    2.1   0.2       7.8        11      83      96 ..      55      68 ..       8     110 .. 0.56

  Alignments for each domain:
  == domain 1  score: 2.1 bits;  conditional E-value: 7.8
                      gvpa 83 aaeaisdalkealv 96
                               ++a+ d+lk  ++
  nat_ba3ce50a83eb19a0e206 55 QLQALEDELKRLKQ 68
                              33333333333222 PP

>> nat_2fd75fe1ce765a30a2c2  
   #    score  bias  c-Evalue  i-Evalue hmmfrom  hmm to    alifrom  ali to    envfrom  env to     acc
 ---   ------ ----- --------- --------- ------- -------    ------- -------    ------- -------    ----
   1 ?    1.6   0.7        11        17      97      97 ..      70      70 ..      14      96 .. 0.52

  Alignments for each domain:
  == domain 1  score: 1.6 bits;  conditional E-value: 11
                      gvpa 97 s 97
                               
  nat_2fd75fe1ce765a30a2c2 70 L 70
                              1 PP

>> nat_ec10e0156991628947d7  
   #    score  bias  c-Evalue  i-Evalue hmmfrom  hmm to    alifrom  ali to    envfrom  env to     acc
 ---   ------ ----- --------- --------- ------- -------    ------- -------    ------- -------    ----
   1 ?    0.8   0.2        21        30       3      25 ..     319     342 ..     306     344 .] 0.83

  Alignments for each domain:
  == domain 1  score: 0.8 bits;  conditional E-value: 21
                      gvpa   3 vekvsdsssLaevldrvL.DkGiv 25 
                               v + sd  +L +v++  L D+G+ 
  nat_ec10e0156991628947d7 319 VSQRSDVEALRDVIEETLaDRGVT 342
                               567789999*****8766599985 PP

>> nat_a895f4b7ef74bb829558  
   #    score  bias  c-Evalue  i-Evalue hmmfrom  hmm to    alifrom  ali to    envfrom  env to     acc
 ---   ------ ----- --------- --------- ------- -------    ------- -------    ------- -------    ----
   1 ?    0.8   0.2        21        30       3      25 ..     318     341 ..     305     343 .] 0.83

  Alignments for each domain:
  == domain 1  score: 0.8 bits;  conditional E-value: 21
                      gvpa   3 vekvsdsssLaevldrvL.DkGiv 25 
                               v + sd  +L +v++  L D+G+ 
  nat_a895f4b7ef74bb829558 318 VSQRSDVEALRDVIEETLaDRGVT 341
                               567789999*****8766599985 PP

>> nat_32bb9a298fdead7fe2cf  
   #    score  bias  c-Evalue  i-Evalue hmmfrom  hmm to    alifrom  ali to    envfrom  env to     acc
 ---   ------ ----- --------- --------- ------- -------    ------- -------    ------- -------    ----
   1 ?    1.1   0.0        16        23      25      62 ..      84     124 ..      76     149 .. 0.74

  Alignments for each domain:
  == domain 1  score: 1.1 bits;  conditional E-value: 16
                      gvpa  25 viDafvR.vslvGiei..ltieaRvvvasvdtyLryaeavg 62 
                               v+D fvR v  v  e+  + ++ R+ va    y    ++ +
  nat_32bb9a298fdead7fe2cf  84 VVDNFVRsVTKVEEELsrVWVDNRLTVACQHGYTLIYDEFN 124
                               999**996777877774456799999998888855555555 PP

>> nat_f993bd13f890ef7ea4b0  
   #    score  bias  c-Evalue  i-Evalue hmmfrom  hmm to    alifrom  ali to    envfrom  env to     acc
 ---   ------ ----- --------- --------- ------- -------    ------- -------    ------- -------    ----
   1 ?    2.0   0.1       8.3        12      69     101 ..      37      70 ..       8      88 .. 0.59

  Alignments for each domain:
  == domain 1  score: 2.0 bits;  conditional E-value: 8.3
                      gvpa  69 esaaaevskgals.gaaeaisdalkealvseese 101
                               ++a + v  g l+   +ea++ al++a ++ ++ 
  nat_f993bd13f890ef7ea4b0  37 RQAIRRVDAGDLTdDQIEALGSALRDAAEQLQTL 70 
                               4444555555554135677777777665544433 PP

>> nat_155ff0e1a28c900ffd67  
   #    score  bias  c-Evalue  i-Evalue hmmfrom  hmm to    alifrom  ali to    envfrom  env to     acc
 ---   ------ ----- --------- --------- ------- -------    ------- -------    ------- -------    ----
   1 ?    1.7   0.2        10        15      59      99 ..      33      73 ..      11      89 .. 0.65

  Alignments for each domain:
  == domain 1  score: 1.7 bits;  conditional E-value: 10
                      gvpa 59 eavgrldevaesaaaevskgalsgaaeaisdalkealvsee 99
                              ea+ r+++ + s  +    g+  +a+e   ++lke  + e+
  nat_155ff0e1a28c900ffd67 33 EAIRRMESGSLSDEEIERVGQQLAALEDEVERLKELHDIED 73
                              56666666666665555556666666666666666665555 PP

>> nat_54a094b6383fa8729a8a  
   #    score  bias  c-Evalue  i-Evalue hmmfrom  hmm to    alifrom  ali to    envfrom  env to     acc
 ---   ------ ----- --------- --------- ------- -------    ------- -------    ------- -------    ----
   1 ?    1.6   0.0        11        16      63      94 ..      40      71 ..      14      80 .. 0.72

  Alignments for each domain:
  == domain 1  score: 1.6 bits;  conditional E-value: 11
                      gvpa 63 rldevaesaaaevskgalsgaaeaisdalkea 94
                               + ++++s+ +e+ +  l  a+  +sda++e 
  nat_54a094b6383fa8729a8a 40 AIRRAENSELTEQQEEDLGTALMLLSDAMDEL 71
                              34567777777777777888888888877765 PP

>> nat_8f2388b1e2d08d14e65c  
   #    score  bias  c-Evalue  i-Evalue hmmfrom  hmm to    alifrom  ali to    envfrom  env to     acc
 ---   ------ ----- --------- --------- ------- -------    ------- -------    ------- -------    ----
   1 ?    0.4   0.4        27        40      68      98 ..     228     258 ..     149     266 .. 0.69

  Alignments for each domain:
  == domain 1  score: 0.4 bits;  conditional E-value: 27
                      gvpa  68 aesaaaevskgalsgaaeaisdalkealvse 98 
                               ++++ a vs  a  + aeai+d+l+e  +++
  nat_8f2388b1e2d08d14e65c 228 ERTTQARVSLLAHESDAEAIGDTLDEVAAES 258
                               3333334444455555666666666665555 PP

>> nat_2726d22ebeb8d26c79ba  
   #    score  bias  c-Evalue  i-Evalue hmmfrom  hmm to    alifrom  ali to    envfrom  env to     acc
 ---   ------ ----- --------- --------- ------- -------    ------- -------    ------- -------    ----
   1 ?    1.5   0.1        12        18      85     113 ..      31      59 ..      13      82 .. 0.71

  Alignments for each domain:
  == domain 1  score: 1.5 bits;  conditional E-value: 12
                      gvpa  85 eaisdalkealvseesesrkssrassrrk 113
                               ++i d+lke++  +e  +r+ +  ++rr+
  nat_2726d22ebeb8d26c79ba  31 DSIRDELKENRLLHELGERSEAEYRERRA 59 
                               56666677666666666666666666655 PP

>> nat_b6788780f8276706d4f8  
   #    score  bias  c-Evalue  i-Evalue hmmfrom  hmm to    alifrom  ali to    envfrom  env to     acc
 ---   ------ ----- --------- --------- ------- -------    ------- -------    ------- -------    ----
   1 ?    0.3   0.0        28        41      27      68 ..      84     125 ..      57     155 .. 0.74

  Alignments for each domain:
  == domain 1  score: 0.3 bits;  conditional E-value: 28
                      gvpa  27 DafvRvslvGieiltieaRvvvasvdtyLryaeavgrldeva 68 
                               D f R  lvG e+     +vv   +   L+  e+v rl e +
  nat_b6788780f8276706d4f8  84 DEFGRSDLVGGEVGYRKSKVVDNFIRSVLKTDEQVKRLWEDN 125
                               788888999999988888888888888888888888876544 PP

>> nat_b1a09ad8c66c5441129d  
   #    score  bias  c-Evalue  i-Evalue hmmfrom  hmm to    alifrom  ali to    envfrom  env to     acc
 ---   ------ ----- --------- --------- ------- -------    ------- -------    ------- -------    ----
   1 ?    0.3   0.0        29        43      47      65 ..     238     256 ..     236     302 .. 0.64

  Alignments for each domain:
  == domain 1  score: 0.3 bits;  conditional E-value: 29
                      gvpa  47 vvasvdtyLryaeavgrld 65 
                               vvasv t ++ a  ++  +
  nat_b1a09ad8c66c5441129d 238 VVASVRTSIKIARVMSVHH 256
                               8999999999997654433 PP

>> nat_0e37face31f27f3afe2e  
   [No individual domains that satisfy reporting thresholds (although complete target did)]

>> nat_4148f2a81e7132b20b9f  
   [No individual domains that satisfy reporting thresholds (although complete target did)]

>> nat_12a2e44091d101f884a5  
   #    score  bias  c-Evalue  i-Evalue hmmfrom  hmm to    alifrom  ali to    envfrom  env to     acc
 ---   ------ ----- --------- --------- ------- -------    ------- -------    ------- -------    ----
   1 ?    1.1   0.0        16        24      66      99 ..      43      76 ..      14      87 .. 0.66

  Alignments for each domain:
  == domain 1  score: 1.1 bits;  conditional E-value: 16
                      gvpa 66 evaesaaaevskgalsgaaeaisdalkealvsee 99
                              ++   + +e    +l  +++ isd ++e   +ee
  nat_12a2e44091d101f884a5 43 DTDFGNLSEEETKNLEDMLNKISDIFDEEELTEE 76
                              4444555555555667777777777776655444 PP

>> nat_e8cdf7701819b67c0045  
   #    score  bias  c-Evalue  i-Evalue hmmfrom  hmm to    alifrom  ali to    envfrom  env to     acc
 ---   ------ ----- --------- --------- ------- -------    ------- -------    ------- -------    ----
   1 ?    0.7   0.0        21        31      86      86 ..      63      63 ..      15     112 .. 0.55

  Alignments for each domain:
  == domain 1  score: 0.7 bits;  conditional E-value: 21
                      gvpa 86 a 86
                              +
  nat_e8cdf7701819b67c0045 63 T 63
                              1 PP

>> nat_fe204662a53e33e47edd  
   #    score  bias  c-Evalue  i-Evalue hmmfrom  hmm to    alifrom  ali to    envfrom  env to     acc
 ---   ------ ----- --------- --------- ------- -------    ------- -------    ------- -------    ----
   1 ?    1.0   0.0        17        25      63      95 ..      40      72 ..      14      84 .. 0.69

  Alignments for each domain:
  == domain 1  score: 1.0 bits;  conditional E-value: 17
                      gvpa 63 rldevaesaaaevskgalsgaaeaisdalkeal 95
                               +d++   + +e  k++l  ++  is+ ++e  
  nat_fe204662a53e33e47edd 40 SIDDTDFGNLSENEKSNLGDMLSKISNIFDEEE 72
                              344556666667777777777777777776654 PP

>> nat_4b7ad6db9515cdca0afc  
   [No individual domains that satisfy reporting thresholds (although complete target did)]

>> nat_cd2718b64a671e091f03  
   [No individual domains that satisfy reporting thresholds (although complete target did)]

>> nat_6392ee051886d826e69f  
   #    score  bias  c-Evalue  i-Evalue hmmfrom  hmm to    alifrom  ali to    envfrom  env to     acc
 ---   ------ ----- --------- --------- ------- -------    ------- -------    ------- -------    ----
   1 ?    0.1   0.1        32        47      60      60 ..      61      61 ..      20     120 .. 0.61

  Alignments for each domain:
  == domain 1  score: 0.1 bits;  conditional E-value: 32
                      gvpa 60 a 60
                              +
  nat_6392ee051886d826e69f 61 E 61
                              1 PP

>> nat_ba3ba5496951fc0249d5  
   #    score  bias  c-Evalue  i-Evalue hmmfrom  hmm to    alifrom  ali to    envfrom  env to     acc
 ---   ------ ----- --------- --------- ------- -------    ------- -------    ------- -------    ----
   1 ?    0.8   0.1        20        29      61      68 ..      35      42 ..       5      97 .. 0.59

  Alignments for each domain:
  == domain 1  score: 0.8 bits;  conditional E-value: 20
                      gvpa 61 vgrldeva 68
                              + r+++ +
  nat_ba3ba5496951fc0249d5 35 IRRMESGS 42
                              22322222 PP

>> nat_3746fe8ba06fb11c8391  
   [No individual domains that satisfy reporting thresholds (although complete target did)]

>> nat_0fa964bd081fca56521b  
   #    score  bias  c-Evalue  i-Evalue hmmfrom  hmm to    alifrom  ali to    envfrom  env to     acc
 ---   ------ ----- --------- --------- ------- -------    ------- -------    ------- -------    ----
   1 ?    0.1   0.0        32        47      84     113 ..      30      59 ..      13      64 .. 0.67

  Alignments for each domain:
  == domain 1  score: 0.1 bits;  conditional E-value: 32
                      gvpa  84 aeaisdalkealvseesesrkssrassrrk 113
                               ++ai d+lke++   e  +r+ +  ++rr+
  nat_0fa964bd081fca56521b  30 LDAIRDELKENQLLYELGERSEAEYRERRT 59 
                               567777777776666666666666666655 PP

>> nat_ebc44a87237f68a7c915  
   [No individual domains that satisfy reporting thresholds (although complete target did)]

>> nat_27a014e0508035f164ab  
   #    score  bias  c-Evalue  i-Evalue hmmfrom  hmm to    alifrom  ali to    envfrom  env to     acc
 ---   ------ ----- --------- --------- ------- -------    ------- -------    ------- -------    ----
   1 ?    0.7   0.0        22        33      66      92 ..      37      64 ..      21      79 .. 0.65

  Alignments for each domain:
  == domain 1  score: 0.7 bits;  conditional E-value: 22
                      gvpa 66 evaesaaaevskgalsga.aeaisdalk 92
                               ++++a + v +g ls a +e ++++l 
  nat_27a014e0508035f164ab 37 LMERQAIRRVEQGDLSDAqVEQLGETLM 64
                              3555666677777777652456666554 PP

>> nat_a62ee5e456230e34d781  
   [No individual domains that satisfy reporting thresholds (although complete target did)]

>> nat_ecec43ec6ff0f46c3f32  
   #    score  bias  c-Evalue  i-Evalue hmmfrom  hmm to    alifrom  ali to    envfrom  env to     acc
 ---   ------ ----- --------- --------- ------- -------    ------- -------    ------- -------    ----
   1 ?    0.5   0.0        24        36      67      93 ..      45      72 ..      29      89 .. 0.64

  Alignments for each domain:
  == domain 1  score: 0.5 bits;  conditional E-value: 24
                      gvpa 67 vaesaaaevskgalsg.aaeaisdalke 93
                              ++++a + v +g ls   +e i+++l +
  nat_ecec43ec6ff0f46c3f32 45 MERQAIRRVEQGDLSDeQVEHIGETLMH 72
                              5555666677777764246677776654 PP

>> nat_c5038f463e5d201e8120  
   [No individual domains that satisfy reporting thresholds (although complete target did)]

>> nat_76bd47c3dff544aa7f3b  
   #    score  bias  c-Evalue  i-Evalue hmmfrom  hmm to    alifrom  ali to    envfrom  env to     acc
 ---   ------ ----- --------- --------- ------- -------    ------- -------    ------- -------    ----
   1 ?    0.4   0.1        27        39     106     111 ..      52      57 ..      23      82 .. 0.53

  Alignments for each domain:
  == domain 1  score: 0.4 bits;  conditional E-value: 27
                      gvpa 106 srassr 111
                               +  ++r
  nat_76bd47c3dff544aa7f3b  52 TEYERR 57 
                               222222 PP

>> nat_b2284ef968ad70670927  
   [No individual domains that satisfy reporting thresholds (although complete target did)]

>> nat_92899af89be9c12f869e  
   #    score  bias  c-Evalue  i-Evalue hmmfrom  hmm to    alifrom  ali to    envfrom  env to     acc
 ---   ------ ----- --------- --------- ------- -------    ------- -------    ------- -------    ----
   1 ?    0.7   0.0        21        32      84     111 ..      30      57 ..      12      82 .. 0.68

  Alignments for each domain:
  == domain 1  score: 0.7 bits;  conditional E-value: 21
                      gvpa  84 aeaisdalkealvseesesrkssrassr 111
                               +eai d+lke++   e  +r+ +  ++r
  nat_92899af89be9c12f869e  30 VEAIEDELKENQLLFELGERSETEYRQR 57 
                               5666666666655444444444444444 PP

>> nat_e92400776b88a8a20901  
   #    score  bias  c-Evalue  i-Evalue hmmfrom  hmm to    alifrom  ali to    envfrom  env to     acc
 ---   ------ ----- --------- --------- ------- -------    ------- -------    ------- -------    ----
   1 ?    0.3   0.1        28        42      63      66 ..      37      40 ..       7      91 .. 0.60

  Alignments for each domain:
  == domain 1  score: 0.3 bits;  conditional E-value: 28
                      gvpa 63 rlde 66
                              r+++
  nat_e92400776b88a8a20901 37 RMES 40
                              2222 PP

>> nat_9d025537a51bc5d03723  
   [No individual domains that satisfy reporting thresholds (although complete target did)]

>> nat_994a4482dd16b5b114de  
   [No individual domains that satisfy reporting thresholds (although complete target did)]

>> nat_eefbcc5767c120619040  
   #    score  bias  c-Evalue  i-Evalue hmmfrom  hmm to    alifrom  ali to    envfrom  env to     acc
 ---   ------ ----- --------- --------- ------- -------    ------- -------    ------- -------    ----
   1 ?    0.7   0.1        22        33      72      72 ..      57      57 ..      16      83 .] 0.55

  Alignments for each domain:
  == domain 1  score: 0.7 bits;  conditional E-value: 22
                      gvpa 72 a 72
                               
  nat_eefbcc5767c120619040 57 R 57
                              1 PP

>> nat_bb4ad0389d3d02787ebc  
   [No individual domains that satisfy reporting thresholds (although complete target did)]

>> nat_1be8da2500a3aec3282a  
   #    score  bias  c-Evalue  i-Evalue hmmfrom  hmm to    alifrom  ali to    envfrom  env to     acc
 ---   ------ ----- --------- --------- ------- -------    ------- -------    ------- -------    ----
   1 ?    0.6   0.0        23        35      84     112 ..      30      58 ..      14      81 .. 0.67

  Alignments for each domain:
  == domain 1  score: 0.6 bits;  conditional E-value: 23
                      gvpa  84 aeaisdalkealvseesesrkssrassrr 112
                               +eai d +ke++   e   r+    ++rr
  nat_1be8da2500a3aec3282a  30 VEAIQDDIKENRLLYEIGDRSEGEYERRR 58 
                               45666666666555554444444444444 PP

>> nat_bc1dfc529c118b23ed14  
   [No individual domains that satisfy reporting thresholds (although complete target did)]

>> nat_966e28ed9f738f4867a4  
   [No individual domains that satisfy reporting thresholds (although complete target did)]

>> nat_1170e078d9d96969bdea  
   [No individual domains that satisfy reporting thresholds (although complete target did)]

>> nat_90b0b029f6d1842c7a1c  
   [No individual domains that satisfy reporting thresholds (although complete target did)]

>> nat_0191a16db7363afe30ed  
   [No individual domains that satisfy reporting thresholds (although complete target did)]

>> nat_a3571b1c51affce50627  
   #    score  bias  c-Evalue  i-Evalue hmmfrom  hmm to    alifrom  ali to    envfrom  env to     acc
 ---   ------ ----- --------- --------- ------- -------    ------- -------    ------- -------    ----
   1 ?    0.2   0.0        30        45      93      93 ..      40      40 ..      23      83 .. 0.57

  Alignments for each domain:
  == domain 1  score: 0.2 bits;  conditional E-value: 30
                      gvpa 93 e 93
                              e
  nat_a3571b1c51affce50627 40 E 40
                              1 PP

>> nat_d07971e43367e87871c1  
   [No individual domains that satisfy reporting thresholds (although complete target did)]

>> nat_dbae310253aa128f5396  
   [No individual domains that satisfy reporting thresholds (although complete target did)]

>> nat_ed04590ddb4f4b88a9ee  
   [No individual domains that satisfy reporting thresholds (although complete target did)]

>> nat_9f5b9c362628d07b156e  
   [No individual domains that satisfy reporting thresholds (although complete target did)]

>> nat_ca9b369882de345fd105  
   #    score  bias  c-Evalue  i-Evalue hmmfrom  hmm to    alifrom  ali to    envfrom  env to     acc
 ---   ------ ----- --------- --------- ------- -------    ------- -------    ------- -------    ----
   1 ?    0.1   0.1        33        49      46      58 ..      13      25 ..       8      72 .. 0.52

  Alignments for each domain:
  == domain 1  score: 0.1 bits;  conditional E-value: 33
                      gvpa 46 vvvasvdtyLrya 58
                              +vva ++      
  nat_ca9b369882de345fd105 13 IVVAVLEIVCELL 25
                              5555544433332 PP

>> nat_e13a928701aeb9987942  
   [No individual domains that satisfy reporting thresholds (although complete target did)]

>> nat_66da46cd547656a41784  
   [No individual domains that satisfy reporting thresholds (although complete target did)]

>> nat_5b21333ca43991c18adf  
   [No individual domains that satisfy reporting thresholds (although complete target did)]

>> nat_575d455e710e37b166bf  
   #    score  bias  c-Evalue  i-Evalue hmmfrom  hmm to    alifrom  ali to    envfrom  env to     acc
 ---   ------ ----- --------- --------- ------- -------    ------- -------    ------- -------    ----
   1 ?    0.2   0.0        30        45     107     107 ..      53      53 ..      17      81 .. 0.58

  Alignments for each domain:
  == domain 1  score: 0.2 bits;  conditional E-value: 30
                      gvpa 107 r 107
                                
  nat_575d455e710e37b166bf  53 E 53 
                               2 PP

>> nat_55f831f992234588cedd  
   #    score  bias  c-Evalue  i-Evalue hmmfrom  hmm to    alifrom  ali to    envfrom  env to     acc
 ---   ------ ----- --------- --------- ------- -------    ------- -------    ------- -------    ----
   1 ?    0.1   0.0        33        48      69      94 ..      35      60 ..      19      93 .. 0.55

  Alignments for each domain:
  == domain 1  score: 0.1 bits;  conditional E-value: 33
                      gvpa 69 esaaaevskgalsgaaeaisdalkea 94
                              e+ ++ ++ ga+ g+++     l+ +
  nat_55f831f992234588cedd 35 EQFTSRQAGGAILGSLKERIRDLEGS 60
                              44444445555555443333333333 PP

>> nat_c4a69bd076e3206cdf7d  
   [No individual domains that satisfy reporting thresholds (although complete target did)]

>> nat_dd2f32ef247b4c80fbc3  
   #    score  bias  c-Evalue  i-Evalue hmmfrom  hmm to    alifrom  ali to    envfrom  env to     acc
 ---   ------ ----- --------- --------- ------- -------    ------- -------    ------- -------    ----
   1 ?    0.2   0.0        31        46     100     100 ..      70      70 ..      30     104 .. 0.59

  Alignments for each domain:
  == domain 1  score: 0.2 bits;  conditional E-value: 31
                      gvpa 100 s 100
                               +
  nat_dd2f32ef247b4c80fbc3  70 A 70 
                               1 PP

>> nat_f6a69c0e0736bb18b1ef  
   [No individual domains that satisfy reporting thresholds (although complete target did)]

>> nat_2022a6c27d72ff193c60  
   [No individual domains that satisfy reporting thresholds (although complete target did)]

>> nat_9a0abc7123e25547e268  
   #    score  bias  c-Evalue  i-Evalue hmmfrom  hmm to    alifrom  ali to    envfrom  env to     acc
 ---   ------ ----- --------- --------- ------- -------    ------- -------    ------- -------    ----
   1 ?    0.1   0.0        33        48     100     100 ..      70      70 ..      30     101 .. 0.58

  Alignments for each domain:
  == domain 1  score: 0.1 bits;  conditional E-value: 33
                      gvpa 100 s 100
                               +
  nat_9a0abc7123e25547e268  70 A 70 
                               1 PP

>> nat_e5df3d986da0fca5374f  
   [No individual domains that satisfy reporting thresholds (although complete target did)]

>> nat_e778f1c75487e219316a  
   [No individual domains that satisfy reporting thresholds (although complete target did)]

>> nat_b73460f69f417dd9c10a  
   #    score  bias  c-Evalue  i-Evalue hmmfrom  hmm to    alifrom  ali to    envfrom  env to     acc
 ---   ------ ----- --------- --------- ------- -------    ------- -------    ------- -------    ----
   1 ?    0.2   0.0        31        46      85     112 ..      31      58 ..      14      81 .. 0.67

  Alignments for each domain:
  == domain 1  score: 0.2 bits;  conditional E-value: 31
                      gvpa  85 eaisdalkealvseesesrkssrassrr 112
                               e i d++ke++   e   r++   ++rr
  nat_b73460f69f417dd9c10a  31 EGIRDEIKENRLLYEIGDRSAEEYERRR 58 
                               4555555555555554444444444444 PP

>> nat_fe4d20702bf334b6ba14  
   #    score  bias  c-Evalue  i-Evalue hmmfrom  hmm to    alifrom  ali to    envfrom  env to     acc
 ---   ------ ----- --------- --------- ------- -------    ------- -------    ------- -------    ----
   1 ?    0.1   0.0        32        48      87     108 ..      33      54 ..      10      82 .. 0.61

  Alignments for each domain:
  == domain 1  score: 0.1 bits;  conditional E-value: 32
                      gvpa  87 isdalkealvseesesrkssra 108
                               i d lke++   e  +r+ +  
  nat_fe4d20702bf334b6ba14  33 IEDDLKENQLLYELGERSETEY 54 
                               4444444443333333333333 PP

>> nat_8d6eb3dba5f66ed00c36  
   [No individual domains that satisfy reporting thresholds (although complete target did)]

>> nat_aa024521c48af22f0cac  
   [No individual domains that satisfy reporting thresholds (although complete target did)]

>> nat_d9f4961baff7df57d2fd  
   #    score  bias  c-Evalue  i-Evalue hmmfrom  hmm to    alifrom  ali to    envfrom  env to     acc
 ---   ------ ----- --------- --------- ------- -------    ------- -------    ------- -------    ----
   1 ?    0.0   0.1        34        51      77      77 ..      58      58 ..      17      83 .. 0.56

  Alignments for each domain:
  == domain 1  score: 0.0 bits;  conditional E-value: 34
                      gvpa 77 k 77
                              k
  nat_d9f4961baff7df57d2fd 58 K 58
                              1 PP

>> nat_bb8bd68fa8e0bdf188b8  
   [No individual domains that satisfy reporting thresholds (although complete target did)]

>> nat_bd0342686b2f502068cb  
   [No individual domains that satisfy reporting thresholds (although complete target did)]

>> nat_aea83ae7d90d55b47242  
   [No individual domains that satisfy reporting thresholds (although complete target did)]

>> nat_d78c925145ff9cdee9e2  
   #    score  bias  c-Evalue  i-Evalue hmmfrom  hmm to    alifrom  ali to    envfrom  env to     acc
 ---   ------ ----- --------- --------- ------- -------    ------- -------    ------- -------    ----
   1 ?    0.0   0.0        35        51      60      74 ..      39      53 ..      14      82 .. 0.53

  Alignments for each domain:
  == domain 1  score: 0.0 bits;  conditional E-value: 35
                      gvpa 60 avgrldevaesaaae 74
                              av r de + sa +e
  nat_d78c925145ff9cdee9e2 39 AVRRFDEGTLSAEQE 53
                              333333333333332 PP

>> nat_dc71d2c9e2ae6d8df31f  
   [No individual domains that satisfy reporting thresholds (although complete target did)]

>> nat_c6e3c14644f67cebef3e  
   [No individual domains that satisfy reporting thresholds (although complete target did)]

>> nat_45b22f50bea29121c3a5  
   [No individual domains that satisfy reporting thresholds (although complete target did)]

>> nat_e20da7d5ac77292299bb  
   [No individual domains that satisfy reporting thresholds (although complete target did)]

>> nat_78e92a5884209d4e3a56  
   [No individual domains that satisfy reporting thresholds (although complete target did)]

>> nat_d7ae49ed1ac2f86b33c1  
   [No individual domains that satisfy reporting thresholds (although complete target did)]

>> nat_ceedf3da692b323fb6cd  
   #    score  bias  c-Evalue  i-Evalue hmmfrom  hmm to    alifrom  ali to    envfrom  env to     acc
 ---   ------ ----- --------- --------- ------- -------    ------- -------    ------- -------    ----
   1 ?    0.1   0.1        34        50      70      70 ..      55      55 ..      13      82 .. 0.56

  Alignments for each domain:
  == domain 1  score: 0.1 bits;  conditional E-value: 34
                      gvpa 70 s 70
                              +
  nat_ceedf3da692b323fb6cd 55 E 55
                              1 PP

>> nat_abc745ebe41e8e165dcf  
   [No individual domains that satisfy reporting thresholds (although complete target did)]

>> nat_ffdf982027d2763f7932  
   [No individual domains that satisfy reporting thresholds (although complete target did)]

>> nat_4df28bd64c5d145f4a45  
   [No individual domains that satisfy reporting thresholds (although complete target did)]

>> nat_8c5563b595d2c6f99a2c  
   [No individual domains that satisfy reporting thresholds (although complete target did)]

>> nat_c1fe0a4a727199d7f1bd  
   #    score  bias  c-Evalue  i-Evalue hmmfrom  hmm to    alifrom  ali to    envfrom  env to     acc
 ---   ------ ----- --------- --------- ------- -------    ------- -------    ------- -------    ----
   1 ?    0.0   0.0        35        51      85     110 ..      31      56 ..      13      80 .. 0.61

  Alignments for each domain:
  == domain 1  score: 0.0 bits;  conditional E-value: 35
                      gvpa  85 eaisdalkealvseesesrkssrass 110
                               eai ++lke++   e   r  +  ++
  nat_c1fe0a4a727199d7f1bd  31 EAIQNELKENQLLYELGDRDEAEYAE 56 
                               45555555444333333333333333 PP

>> nat_9b5f9b7ef68b10434976  
   [No individual domains that satisfy reporting thresholds (although complete target did)]



Internal pipeline statistics summary:
-------------------------------------
Query model(s):                            1  (115 nodes)
Target sequences:                        852  (147449 residues searched)
Passed MSV filter:                       852  (1); expected 852.0 (1)
Passed bias filter:                      852  (1); expected 852.0 (1)
Passed Vit filter:                       852  (1); expected 852.0 (1)
Passed Fwd filter:                       852  (1); expected 852.0 (1)
Initial search space (Z):                852  [actual number of targets]
Domain search space  (domZ):             578  [number of targets reported over threshold]
# CPU time: 0.21u 0.03s 00:00:00.24 Elapsed: 00:00:00.34
# Mc/sec: 49.37
//
[ok]
