sequence_id	pool	sequence_sha256	length	tm_segment_count	tm_segments_1based_inclusive	tm_residues	max_tm_segment_length	review_status
vae_candidate_000001	main_supported_gvpa	b784a46b5b0d83f040d354c75bfaf51fb9a8bf2db443f24804d892d6db103acc	84	0		0	0	no_extra_tm_evidence
vae_candidate_000002	excluded	84a6400a25998253960e1b4a6525a8fd85d296fe01c3107533a60fe1ae91cdf7	89	0		0	0	no_extra_tm_evidence
vae_candidate_000003	excluded	47432c07ec69e6a40c297e83407158873933eb3304e55cee8c0b349bda5e6807	116	0		0	0	no_extra_tm_evidence
vae_candidate_000004	excluded	63405740fb4dabcdb410c6b2336aaa5e9d83bc9fe5a849d43eb042fb58591c05	97	0		0	0	no_extra_tm_evidence
vae_candidate_000005	excluded	610184726c153a1e303297f1df4fd80b864ff309610aad67032e33a0f4b6c9aa	92	0		0	0	no_extra_tm_evidence
vae_candidate_000006	excluded	33eb79fe575f5d01e2ab70ff3a0cf6a8f0d2916ac6bf65fd60bac2a92dbc0319	78	0		0	0	no_extra_tm_evidence
vae_candidate_000007	excluded	acb0ca21c093430ec762163af6c29386bcbb7d9885decf2bd756db9e80439863	54	0		0	0	no_extra_tm_evidence
vae_candidate_000008	excluded	8a903f275ad48102db528e5e5d9fd0be294fe55afb3f576f91c8b1d9ae3a8d38	112	0		0	0	no_extra_tm_evidence
vae_candidate_000009	excluded	196a7b1b1710b41bae60050215a212f7511aaadef9bc76f105d6d4e0c9bdcda9	77	0		0	0	no_extra_tm_evidence
vae_candidate_000010	excluded	3d335b7733956166f1bf6e875825d4f5fd71e3220760e71cb1840a6b8ee422e8	89	0		0	0	no_extra_tm_evidence
vae_candidate_000011	excluded	24b09a5248405b355eb4d0b6991ba31b2f411e7b5d8bf571eca66ada82f24a35	76	0		0	0	no_extra_tm_evidence
vae_candidate_000012	excluded	2209f26349121f51c2d50683bbc79b7adb39ee0a2efe92458c2e1ef8796ccd49	144	0		0	0	no_extra_tm_evidence
vae_candidate_000013	excluded	ff9300d2e2aef7175b58962087d76f8ea3405cf2208df6619ad6adb51165ea90	167	0		0	0	no_extra_tm_evidence
vae_candidate_000014	excluded	bb134afc34d6066647b4fd569d5bde33baa5bfb45b52bbcbdd9b81dcc82ecc4d	137	0		0	0	no_extra_tm_evidence
vae_candidate_000015	excluded	3bc2916e02c2a9414da1e3e8711361a2763804f0ec0cf9acf141efc580f8d86f	139	0		0	0	no_extra_tm_evidence
vae_candidate_000016	excluded	0b5eb08f6eb332ce200c2fd9b6660662a77c6852f167a615c09a962dc0375a6d	180	0		0	0	no_extra_tm_evidence
vae_candidate_000017	excluded	9c8ab771bfd794b1aa7ee69ee0f37530f57d5e5486e05a9672da5e3cd28c44cd	95	0		0	0	no_extra_tm_evidence
vae_candidate_000018	main_supported_gvpa	9903c0f8a58dfda520537020603f08a1e3bc0841c86ce6cda9c792ef6b8aecc3	98	0		0	0	no_extra_tm_evidence
vae_candidate_000019	excluded	61e1b7b4d9c8bbeaf13620a1de72d366d0d9d05983b9ea1c0889f6bbc693f8bb	71	0		0	0	no_extra_tm_evidence
vae_candidate_000020	main_supported_gvpa	ae8c524e0e385be95a4a7dd5c033ce06143a99f3991eb736fd2152038c13221e	107	0		0	0	no_extra_tm_evidence
vae_candidate_000021	excluded	55cbcdd2143ac3b0c8f48d84b7f3d3c6bd2088f63ca032dbd1acc5997b0b2c7c	95	0		0	0	no_extra_tm_evidence
vae_candidate_000022	excluded	5a5f5864f1c94e79295a9d04601ea627af0ffc066c1e4684e1605f4910b6bbdd	141	0		0	0	no_extra_tm_evidence
vae_candidate_000023	excluded	227f5f85d2c1ea30fe2c2f81ec23bce8f21c213023c3c31841a36300d2234799	133	0		0	0	no_extra_tm_evidence
vae_candidate_000024	excluded	1b63af6e39e9be1d0aa5db5825c7af6661efdf4146993b28e176f1e985962e8c	142	0		0	0	no_extra_tm_evidence
vae_candidate_000025	excluded	826b8e1b9ae33fb6a5f6a3bc529102bf8ff631873ffce76f6ce8d0c277a910e4	103	0		0	0	no_extra_tm_evidence
vae_candidate_000026	excluded	5fe8efcab91f21567b128757d6c5991e38b1a633279bb4d4253b2c5351192869	125	0		0	0	no_extra_tm_evidence
vae_candidate_000027	excluded	3f0375f4b3dc4aee1d00c8b20d4905dcb41ea55006a8d50484456911662079cd	74	0		0	0	no_extra_tm_evidence
vae_candidate_000028	excluded	24df65b3d09872e03a9c1ab0952689b0946af28146612cb127f5146fc56f1786	127	0		0	0	no_extra_tm_evidence
vae_candidate_000029	main_supported_gvpa	3242d585e56968b6b6d3779a84c6879dd2750e5c60057092d7c0c3c71bae79ae	90	0		0	0	no_extra_tm_evidence
vae_candidate_000030	excluded	7b6599f29821f4fc26f818b6b609f681c067638b47fa0164a89a5ae71f8f978c	99	0		0	0	no_extra_tm_evidence
vae_candidate_000031	excluded	f27ccf550975b33eec059d426fa034dff85a85e0b929a62625b3bbddf9d79a26	74	0		0	0	no_extra_tm_evidence
vae_candidate_000032	main_supported_gvpa	e44eaae089f627a5f9e9d800adbf5abc109a4bf622b625468f765a919c99cdbb	97	0		0	0	no_extra_tm_evidence
vae_candidate_000033	excluded	fd0a65a97f33b3d0e714436d62781b63acf04ba867775752865c7f294369b2ea	123	0		0	0	no_extra_tm_evidence
vae_candidate_000034	main_supported_gvpa	36662d33f08471ea31758b191a75d6473722ebfb5002258e1899528823e73149	92	0		0	0	no_extra_tm_evidence
vae_candidate_000035	excluded	2c09b2f6ce4b2ca918c815965f1d36c90b04ec1a900a04e4644541b3f1ad9a6e	95	0		0	0	no_extra_tm_evidence
vae_candidate_000036	excluded	20ef141b558e1fc9742ce427b9de2fb2b223aca7b7a9aefff8c89a24cbcaf39b	100	0		0	0	no_extra_tm_evidence
vae_candidate_000037	excluded	dcbb9e016c560cf7b18a0436e1dbaab229f8ad1eab8cb995f20d592dca291d9d	63	0		0	0	no_extra_tm_evidence
vae_candidate_000038	excluded	2b615b03f06addbc70d65f130a47f9dc22844b880051f56a6b295e6c18d5af7f	129	0		0	0	no_extra_tm_evidence
vae_candidate_000039	excluded	f36881fe1a088c6a58f5b3b9d119ef19814a518a5e7910936c0a00b45295f68c	104	0		0	0	no_extra_tm_evidence
vae_candidate_000040	excluded	9ed5c77bffa3ef0b1c8f8dafeb722c4c4d4bc7a46064767cfc83f1f63c7e8790	168	0		0	0	no_extra_tm_evidence
vae_candidate_000041	ambiguous_exploration	186da6e177a19eacd3d559e95fd5b73ab30b9ad9d5afb4c2c73deb3d1324dc8b	93	0		0	0	no_extra_tm_evidence
vae_candidate_000042	excluded	3a2140bacd87687187b99035a2cd220e852a764160589cb1400a1938704425b7	115	0		0	0	no_extra_tm_evidence
vae_candidate_000043	excluded	80dff3968fd241dfb440aacf20c77335f317f25edd65fc5cfff61a9aa3c4cfd1	128	0		0	0	no_extra_tm_evidence
vae_candidate_000044	excluded	59841b357d6487c5a6c17e727a6931576a1d817b1cca0e2b5bd43ff1e3edecbf	71	0		0	0	no_extra_tm_evidence
vae_candidate_000045	excluded	ff862c8141858294aaa9f11bf3be63a1662f9764f526a8567c6935823f6ba608	134	0		0	0	no_extra_tm_evidence
vae_candidate_000046	excluded	fa65c311c43a8d04a3f21b200840e33d487102fdecd72e9c5582265b4f97297f	126	0		0	0	no_extra_tm_evidence
vae_candidate_000047	excluded	bf1e201433832bc7a494c1ad09d17d8fcdd165ba4834a97ad6232bde32830665	59	0		0	0	no_extra_tm_evidence
vae_candidate_000048	excluded	4482ea96472d31ebc912c0de9a55f9526254ad45714394d95eb25de7dbcd242d	76	0		0	0	no_extra_tm_evidence
vae_candidate_000049	excluded	9db73996d2979d5828d9f896ad9bf2c52ace50870be9a4f8921e9da444167070	112	0		0	0	no_extra_tm_evidence
vae_candidate_000050	main_supported_gvpa	d6eade2c18d926b4a9d7ec82b7f1615b2e260abd464154bc9db8f1775dba6cf9	70	0		0	0	no_extra_tm_evidence
vae_candidate_000051	excluded	7b74ac8889f5e2d14a9efa0875b8ccb372f47f3e873c944652a036a8e7323545	82	0		0	0	no_extra_tm_evidence
vae_candidate_000052	excluded	5373afba832cbdbea249f8bc08254c7ee7b3c989ddd53383703db146b0d8d20b	104	0		0	0	no_extra_tm_evidence
vae_candidate_000053	excluded	b3b8c33a5b22cdfe9e9926e2dab84d1c4a2eb8cb7f2deb06cde1a737205be09a	143	0		0	0	no_extra_tm_evidence
vae_candidate_000054	excluded	607b9955ebaf04e0de46bf6bce67ac75f9574089b68dff97d7c30b3acb12ae4f	117	0		0	0	no_extra_tm_evidence
vae_candidate_000055	excluded	bad7436e63e4e26e30934f8591f426c5c7a0f03a259b39448159d1df834b6a73	51	0		0	0	no_extra_tm_evidence
vae_candidate_000056	excluded	a09c6ceedd41f54a2281e6ad7d1e6a1b299800f7d3d3c50fb4ab3b8ebb596587	69	0		0	0	no_extra_tm_evidence
vae_candidate_000057	excluded	2af931adeb233cd39ad8d91c0c14316f33b07c0d5034356d1002a99c287b0523	113	0		0	0	no_extra_tm_evidence
vae_candidate_000058	main_supported_gvpa	860f4a13c1f3f2220ee1db107ba1c07d4dbdf710a6ab08f42819b416d6d09fac	86	0		0	0	no_extra_tm_evidence
vae_candidate_000059	excluded	57c3a0c94772b72a830fb9c7f73ad94d96e446f7dbdb76f8362207afab88e622	85	0		0	0	no_extra_tm_evidence
vae_candidate_000060	excluded	9292dc1d28b3bfaa6b41ff76c0e4a82a93d9e4fff0ee862ac07728e23c8bed12	58	0		0	0	no_extra_tm_evidence
vae_candidate_000061	main_supported_gvpa	7b84e79a3a0beb5d80b0281069867504089a5c213346fc6895b86d1fe4a40d2c	110	0		0	0	no_extra_tm_evidence
vae_candidate_000062	excluded	d1150b8dc3ee601f11aec290ea9dc0c1d1af3c52c7290a8b136a58ab16746cc5	90	0		0	0	no_extra_tm_evidence
vae_candidate_000063	excluded	bb097cf25c7bfa7a4edc82bd751061c1ca21902b3067fa372f74c740a706f272	94	0		0	0	no_extra_tm_evidence
vae_candidate_000064	excluded	3815ac7163d0ed486e30fec2527de60e197891173649f23afeb2e98c8fb56090	96	0		0	0	no_extra_tm_evidence
vae_candidate_000065	main_supported_gvpa	21818a9b303af01ae846a79041186c50c69d49abd6a9a29662c47d5f8daf4294	81	0		0	0	no_extra_tm_evidence
vae_candidate_000066	excluded	c235c9d91182c84f2466c38831847d9da95690440c7c665048b5bd399bf2b23f	75	0		0	0	no_extra_tm_evidence
vae_candidate_000067	excluded	13493101c4fcb7b1c93534d9a73af04dbef197e3b7707d1e333aec1a353a789d	133	2	49-67;80-92	32	19	extra_tm_manual_review
vae_candidate_000068	excluded	c3941ba46ed9169ce82a620641e471d81cc667d5ba00186809faab54e0cdcbaf	103	0		0	0	no_extra_tm_evidence
vae_candidate_000069	excluded	40312d15d20ecba4063c35749333f381de13f3440732e2713ea41975f2df024f	145	0		0	0	no_extra_tm_evidence
vae_candidate_000070	main_supported_gvpa	13aea4139dbbe80aa0ac0a0547cfdd81972b9c67754b9431cb258d9c9f0deff5	91	0		0	0	no_extra_tm_evidence
vae_candidate_000071	excluded	a6d71e31a9b891614c2c82543b722630c07bb642f52d2f88a8f65a3d293e1be7	61	0		0	0	no_extra_tm_evidence
vae_candidate_000072	excluded	2a9f1680ab42829ab9ff306f5e2ae50f005040643ab0310a0ea76b4302f2f9f3	157	0		0	0	no_extra_tm_evidence
vae_candidate_000073	excluded	65c791cc04edc3309f6e7b5efba23c11bc4d371d15a1d4bc709ae80ce3a4b4e1	146	0		0	0	no_extra_tm_evidence
vae_candidate_000074	excluded	d1bea1e9a515f2726757fe74b5f1692f792c933c8a5cad4260f3b9529cc846bd	103	0		0	0	no_extra_tm_evidence
vae_candidate_000075	excluded	74ae5e5c71d68830cf119e2a5b90269f534c34ddc9cebfbcd242cf910cfe3fac	180	0		0	0	no_extra_tm_evidence
vae_candidate_000076	excluded	395d964efef3566326ca7a6b92d9f5cf95c9bba7d2fa10dbcbce75b9ba521115	118	0		0	0	no_extra_tm_evidence
vae_candidate_000077	excluded	97c0f9e65dba5eda9de7fa77fe6cd53d1dcd285672c9ed2bc27fd39248ac60e1	101	0		0	0	no_extra_tm_evidence
vae_candidate_000078	excluded	94a3a0b3cae5f64a4b96b2548a0aa7b55717d5973c2b054c2757c388b82cd979	76	0		0	0	no_extra_tm_evidence
vae_candidate_000079	excluded	0dee989a9c30c63ca62dce7f251ab9d87d8d73d4af53b655e76f13fcc9f7a5aa	104	0		0	0	no_extra_tm_evidence
vae_candidate_000080	excluded	5dfd6202ee65aae25b669856947d4ed01d617b6294dede39143b2ab94bff5379	80	0		0	0	no_extra_tm_evidence
vae_candidate_000081	excluded	1701ed6ca62831e09508f3dbc97de5ade97b597b3fe478bb9c6d759bc543d476	51	0		0	0	no_extra_tm_evidence
vae_candidate_000082	excluded	d251a995a0b41b9e97106f0bc675ca43446884a37ddd6e9386e8a0159a11811c	110	0		0	0	no_extra_tm_evidence
vae_candidate_000083	excluded	8113528b1d18d0383e8bd6d9c6c77dd621fed78243a03555a1aa0800e384e76f	180	0		0	0	no_extra_tm_evidence
vae_candidate_000084	excluded	715de92be4b811d8ddc915529c515e5c042c222217ce47c048d284045ca91ac1	180	0		0	0	no_extra_tm_evidence
vae_candidate_000085	excluded	9275320efeafd170420e960648308094f098bbf8cf7f0e463f50812c8cd2e0e9	74	0		0	0	no_extra_tm_evidence
vae_candidate_000086	excluded	77b7c617c822bc43785fbd37be536267e212ef3308743ba78dec5ff7b5fe6ab8	91	0		0	0	no_extra_tm_evidence
vae_candidate_000087	excluded	f3f4fbb82fee12c8f85f8b131e2977c8a391d668dbbd89b5380e055921607df5	93	0		0	0	no_extra_tm_evidence
vae_candidate_000088	main_supported_gvpa	7f6e1f12b07522bd93f092bf51bc2715f5eb91b0a12dade416be3659245eafdf	101	0		0	0	no_extra_tm_evidence
vae_candidate_000089	excluded	55b52c0578d58ed14845a55edb676b338912ca2d807a8cb061912d9a002a4aa8	75	0		0	0	no_extra_tm_evidence
vae_candidate_000090	main_supported_gvpa	b78d9fef3931ec7d728ac3f611e9a10f680ff2c6cfbe56206851d062600b65ff	93	0		0	0	no_extra_tm_evidence
vae_candidate_000091	excluded	d0a2ecdd0b8ce56a6adc448fa5aef33cd1cd70ce5ccf42cc6955735d3b92b357	93	0		0	0	no_extra_tm_evidence
vae_candidate_000092	excluded	f22245de544f4262aa686fe5cb2bc22b23e0660a8b41f28dfc6afd33aa1ab3c2	123	0		0	0	no_extra_tm_evidence
vae_candidate_000093	excluded	b0c33e69a1dcb8cf4860d6fbba900173fe2bf2123ebbeeaaf966788082bec92f	140	0		0	0	no_extra_tm_evidence
vae_candidate_000094	excluded	7cc23aec94e841a26743eccf39ab494b432ba70dd9798d569b1d63d27c2d279a	178	0		0	0	no_extra_tm_evidence
vae_candidate_000095	main_supported_gvpa	1d0662deaf8a0a54ca5095ce9de44a70bd57cc15225f387576ef641a8367e96f	121	0		0	0	no_extra_tm_evidence
vae_candidate_000096	excluded	ec3a674bba1226203dca8260ef79039eca190c1e36e4f44627ee9f81635ce9d6	180	0		0	0	no_extra_tm_evidence
vae_candidate_000097	excluded	6bb68b9c28df10f0d886ecebf0a2e48a84128c60102ff33af097f35d4e87454c	56	0		0	0	no_extra_tm_evidence
vae_candidate_000098	excluded	0a95cd89cbd51a9effadcd1e8436b3f9d133c409606f33304493c03d80d304b9	70	0		0	0	no_extra_tm_evidence
vae_candidate_000099	excluded	3ee350ea62c2583ffde40794fb1640960a9825b9aa4b550c036215a39c01805f	116	0		0	0	no_extra_tm_evidence
vae_candidate_000100	excluded	3b186854d9d1d30ce6ec23ba620a0eb74559ed08fed8375cdf737321378f86de	138	0		0	0	no_extra_tm_evidence
vae_candidate_000101	excluded	16919e87ebf5fde39b8bec8d70c94192ad2cf0f8eff676d3638bb83b938998da	97	1	21-39	19	19	extra_tm_manual_review
vae_candidate_000102	excluded	371701d3a36bc643f4e4115a2f29420c0deea4b1b868aa23ef2efeb3097c3405	64	0		0	0	no_extra_tm_evidence
vae_candidate_000103	excluded	fa367bd3360d65ed99c457a47ecddf55c5ebac669817b440970ef6f6ac19c05a	111	0		0	0	no_extra_tm_evidence
vae_candidate_000104	excluded	60579a87385fcd7e035e94b7014be64d38a757b962efcff74a2a0e9880e9aa50	72	0		0	0	no_extra_tm_evidence
vae_candidate_000105	excluded	716deea70c9e9cbb551fc89c89094fe7765d03fb278ab2b2d777bf6b7ffd0fc6	124	0		0	0	no_extra_tm_evidence
vae_candidate_000106	excluded	733dd02fa4f37733cbd860607908b5668ab165c27617e3577b8b37669a81116d	89	0		0	0	no_extra_tm_evidence
vae_candidate_000107	excluded	2ae80e1b6a8055ab259e0a60e88f7b9b57d53d3d0b33766e9e87b3b7562a23a1	94	0		0	0	no_extra_tm_evidence
vae_candidate_000108	main_supported_gvpa	e6c8dd1dcfd49d1e8268f1e107dc3f61a79715c67dbd8d08887b18b4b96f5e44	108	0		0	0	no_extra_tm_evidence
vae_candidate_000109	excluded	1d6ebbf3421c5e15e7f56422126768098523d37af4cd09822400443d3744f15d	97	0		0	0	no_extra_tm_evidence
vae_candidate_000110	excluded	3fd84a2b385bc0883127e6cdb9ba4d6534791053ab15d7bd9740d81cdb7ced52	71	0		0	0	no_extra_tm_evidence
vae_candidate_000111	excluded	a5f25deb53dd0bab0bd10ac2d9888d29c3d47369b6c5951a15286986a6c2fbb2	123	0		0	0	no_extra_tm_evidence
vae_candidate_000112	excluded	3e4663a25123f49a02500859bcf688ea088de9c15795ff5408f1696a2e261f55	131	0		0	0	no_extra_tm_evidence
vae_candidate_000113	ambiguous_exploration	f45060cdca53872c1431a510a58ca75aeda60ca24675d9f54b86f23d6d28c3b8	148	0		0	0	no_extra_tm_evidence
vae_candidate_000114	excluded	72cb7eff4cc8ea2871adca056ed303f753e2b28bb6184534e61bd3cdfd7bba50	97	0		0	0	no_extra_tm_evidence
vae_candidate_000115	excluded	89ddc2878c503e558d0937dd0a0f21b2c329b1e9261df14b9113ee553a998827	144	0		0	0	no_extra_tm_evidence
vae_candidate_000116	excluded	4dc09b5e27d868d7726146a5def42d89130ab793e70f881053defb0e12a43664	118	0		0	0	no_extra_tm_evidence
vae_candidate_000117	excluded	0e7f2c391d709306e68f0d9c6cbc9593c498164a70ceefe9d6ef40aa4c249711	113	0		0	0	no_extra_tm_evidence
vae_candidate_000118	main_supported_gvpa	6cd40a94ed63feb8d18f8f011ad2e48f790cab91b04f8eb2d68d38396fb77647	70	0		0	0	no_extra_tm_evidence
vae_candidate_000119	excluded	709e772f27e3974c58be079e791d95e13a3ef0f8740757dd43ac8c5d3108393a	73	0		0	0	no_extra_tm_evidence
vae_candidate_000120	excluded	c2df4bcb9565077031ca7af1a36c0af13bca3eea6844ee0343b468043c57b621	88	0		0	0	no_extra_tm_evidence
vae_candidate_000121	main_supported_gvpa	ca406426331689aa0585b5707a73702d92cb7cbe2e8d30f9d27e97fef320d378	96	0		0	0	no_extra_tm_evidence
vae_candidate_000122	excluded	875e0126f5636f972bc977a9bd57d125433539172a4519a70e4ba4a6c389a330	103	0		0	0	no_extra_tm_evidence
vae_candidate_000123	excluded	140732861eff5263a2135c60bfb55930370deaf21ab0d2a94787f1fc5314c59e	73	0		0	0	no_extra_tm_evidence
vae_candidate_000124	excluded	f30845a8725b493d6fea85f3d3d42606413eb69b1ca411b6a67bef34c6d9e31c	74	0		0	0	no_extra_tm_evidence
vae_candidate_000125	excluded	1b2bf14d39d466fadf257b6d49c8bb8f67ef577540e11cc9f41ad0e0a1c6124d	111	0		0	0	no_extra_tm_evidence
vae_candidate_000126	excluded	2814f0c825ee8e789797baa54b892df83bed2d48e00ebdb3894d4dd9a27d38e9	83	0		0	0	no_extra_tm_evidence
vae_candidate_000127	excluded	7e3b594e990da3c0e9f373d774e2fb278c7983d5ab09de7d294f94a91e9797cb	137	0		0	0	no_extra_tm_evidence
vae_candidate_000128	main_supported_gvpa	dc4d6d07d900c261975e3b9aae0f438848f37d8119578f51fd02bf0c8c92092e	117	0		0	0	no_extra_tm_evidence
vae_candidate_000129	excluded	93b80a28b14c5e3b7e4c3db7690679b319a4aedecd3d61530bb5b9f50d18bcf5	91	0		0	0	no_extra_tm_evidence
vae_candidate_000130	excluded	ca72a1d39dc40164925da026d2473cafcced159842077b3c37bb309ca2875ca5	78	0		0	0	no_extra_tm_evidence
vae_candidate_000131	excluded	68be1a70686b4f19b5c31fca557d034662f491546bd0c5d2d4a274618d3e760b	109	0		0	0	no_extra_tm_evidence
vae_candidate_000132	excluded	4d2cb1fdca550f93c1f6e25f360f8ff667b10dda713d249e5129e391c8c2afcf	86	0		0	0	no_extra_tm_evidence
vae_candidate_000133	main_supported_gvpa	d7e228be6fb77fecac1fb0de7e7ba9e99a37bf5a0d3e7d01c025676a1ca462d1	102	0		0	0	no_extra_tm_evidence
vae_candidate_000134	excluded	bd9353954eb4ed6f7bd596fcecfdfdc30f2831683ea6c1ac86b875346f03986c	69	0		0	0	no_extra_tm_evidence
vae_candidate_000135	main_supported_gvpa	0b30807440d980ffe1e84dcb55fdb058373dc5cd727c0f6be8b7d5a6fa4b610d	93	0		0	0	no_extra_tm_evidence
vae_candidate_000136	main_supported_gvpa	3c81c2955a27bab93db9054931bf3a976a3498c6cd361c5b9bb52ada5ae7a7d9	95	0		0	0	no_extra_tm_evidence
vae_candidate_000137	excluded	c1cfce3e1d535fc0a0ca2afc4f583c2a6d57e50d49ec4f0970e74e891af19bb2	91	0		0	0	no_extra_tm_evidence
vae_candidate_000138	excluded	fcb7f264009abb4e675d751e46c25062d6fd22296ba379abc458ebff2a19f8ac	122	0		0	0	no_extra_tm_evidence
vae_candidate_000139	excluded	4ca96f27a95f614d93a91d1f17b9bc91ef568c29ead25e1f35296c493d58cb1a	180	0		0	0	no_extra_tm_evidence
vae_candidate_000140	main_supported_gvpa	2b9a8424c0644bd0137cf3e15db9ed60acb0f6879a76f3e4885a9b1d28f32444	108	0		0	0	no_extra_tm_evidence
vae_candidate_000141	excluded	3b3e4546afeda51564ce1fbd918270a263ce82a2b347dc66f21c5e08c0aa8118	99	0		0	0	no_extra_tm_evidence
vae_candidate_000142	excluded	e94a06cb107ecf5821d5d2bcf87651dadf2757f3ec1fac900ca2a661a06b15ae	61	0		0	0	no_extra_tm_evidence
vae_candidate_000143	main_supported_gvpa	bbe1966c32273dc3cffff1bde570c544aa37a6c9eaaf3cb2fa6eeebb3e6ea13a	92	0		0	0	no_extra_tm_evidence
vae_candidate_000144	excluded	b93956563cb6505a05013643f7befd20e08960734eb28ee8c93a6cde7f309551	80	0		0	0	no_extra_tm_evidence
vae_candidate_000145	excluded	51ebe7200e137bb6add954b2ba3970f5deb0ec139b92dfde5b1b8e7056fda921	72	0		0	0	no_extra_tm_evidence
vae_candidate_000146	excluded	2cd96b500f562124ba91388465434469cc91f92bc52e5b23a6b5a631a18a6f73	174	0		0	0	no_extra_tm_evidence
vae_candidate_000147	excluded	0084361ba30d031bc86de88e9ccc87a4d67457402884b0dab358b6c5d518204b	64	0		0	0	no_extra_tm_evidence
vae_candidate_000148	excluded	92f6d1223aef1df0a3719e5ad99ffb1a75654276bbfb2b83d25cde63b81e64f8	64	0		0	0	no_extra_tm_evidence
vae_candidate_000149	main_supported_gvpa	f199b63266d1bb6b33d10341af3ef1658acb0aeb2a98e62e30f68b0870744d59	121	0		0	0	no_extra_tm_evidence
vae_candidate_000150	excluded	1b0adf679719adbdfdfd58f18604287fb5603c6d1215a2f6e606e22de5f27bad	74	0		0	0	no_extra_tm_evidence
vae_candidate_000151	main_supported_gvpa	3ba9280ec1f075d96c8ed417f0379d69ff2f88c2dbf5be745215a4c9ac2778d1	73	0		0	0	no_extra_tm_evidence
vae_candidate_000152	excluded	b9f9615a7656c27f997415678f15d4b0743afd9cd51c6fe9ed833d79ea9ce896	59	0		0	0	no_extra_tm_evidence
vae_candidate_000153	main_supported_gvpa	36daaa4f653074071e1cc710d733e0aaca8f5d2641c56d79339c342b951881e0	104	0		0	0	no_extra_tm_evidence
vae_candidate_000154	excluded	bede1acd3dfa03229336f2995685abe23605c54995c0d11b041de81ce819a88c	88	0		0	0	no_extra_tm_evidence
vae_candidate_000155	excluded	0408aa3e91484cb0ff22cfcee5bf7037ce784723e304e8e995aa32ac7a38c205	87	0		0	0	no_extra_tm_evidence
vae_candidate_000156	excluded	18a711fe656e7d0306a7eb7c07d6b4e38c4dc5a82b6a9f044b67587dc40b721c	87	0		0	0	no_extra_tm_evidence
vae_candidate_000157	main_supported_gvpa	54e6114d75184eb729413fb2dc6f4713bf5799d376a3a630e87f9b2f1fbb9372	99	0		0	0	no_extra_tm_evidence
vae_candidate_000158	excluded	8b40978c51799030cff722d3a3412c8db1b8c3fa81a7f02cafc80901ee1b37d1	89	0		0	0	no_extra_tm_evidence
vae_candidate_000159	excluded	81f09ade331c8a29c45cd0c9b74066fa9850166563b0f20e0b9773365ca41d30	56	0		0	0	no_extra_tm_evidence
vae_candidate_000160	main_supported_gvpa	9dd7f2cc810aab79156ced1614d62aada5b77ed90a510333a85b97301e5162e9	121	0		0	0	no_extra_tm_evidence
vae_candidate_000161	ambiguous_exploration	bcced92e03618490219479082e8c15fa26f631afa2ddeafbba54c297b4a1d2e7	111	0		0	0	no_extra_tm_evidence
vae_candidate_000162	excluded	320232909f14afde702de6217dbcd3ea5a33c4fd58c49f84fa5496efaf958b72	139	0		0	0	no_extra_tm_evidence
vae_candidate_000163	ambiguous_exploration	3510ae80249bd2577b08d50783ab599b11784080600d8f2388bdba14169511e7	78	0		0	0	no_extra_tm_evidence
vae_candidate_000164	excluded	fff358e816c7139b0f4493a199ac29cef6200668602f3f63de2d50b7def81600	98	0		0	0	no_extra_tm_evidence
vae_candidate_000165	excluded	f092151e43cfa2fe0407f8ca5ca8326cd22a082f37a33ade280faeb6ac085f98	114	0		0	0	no_extra_tm_evidence
vae_candidate_000166	excluded	1d6cc61702b6fa5e322a0407d197324b0d5315c3e829be0d6155af7653b5ad0d	71	0		0	0	no_extra_tm_evidence
vae_candidate_000167	excluded	f86db6d177f86b3f6a6969a24c14d1b9253c9454d7b09a1a74fa1d79524a34b9	93	0		0	0	no_extra_tm_evidence
vae_candidate_000168	excluded	505761e1094ef0275eed6858988df3a4e40b14303da2790c353fd83099184efb	57	0		0	0	no_extra_tm_evidence
vae_candidate_000169	excluded	d029f98a1551f893704ceb95163ce5da371af34b3a270d76bb32a51e6fb1b769	93	0		0	0	no_extra_tm_evidence
vae_candidate_000170	excluded	7edd697090a5ff160a8ff2ee90e7df7d14cf21b835c3ac55f0f71f4ac21a2ccf	113	0		0	0	no_extra_tm_evidence
vae_candidate_000171	excluded	9a7adce0cd18380dd22b1089be53e10e7e8ee590554cb9bbe732d5a3a5dc46ec	131	0		0	0	no_extra_tm_evidence
vae_candidate_000172	ambiguous_exploration	836d8acb165c0b0db5117f24d5cdaf7ddb42ad0f347ce8723a223113738f8f08	122	0		0	0	no_extra_tm_evidence
vae_candidate_000173	excluded	52852e6e29ee1b90b78e092b324389ac9baf4bb81fde00e8630e56dc31c2c868	96	0		0	0	no_extra_tm_evidence
vae_candidate_000174	excluded	8c0ed9541ec973d0a666dcf3b844a91d184a6bc496dd831b0d61ff3c3c16e7ee	55	0		0	0	no_extra_tm_evidence
vae_candidate_000175	excluded	109657dc7dcfa36d34cfcc80285b974b2ef722eebdfb980851f30e74fcee78f3	60	0		0	0	no_extra_tm_evidence
vae_candidate_000176	excluded	c8ba94e8c286ae52b9074a92918e696567f9575262debab8e144b8fde83e93db	109	0		0	0	no_extra_tm_evidence
vae_candidate_000177	excluded	bc3ad30be95c58aad8fdc57ebda99720fe908a50b73b38db786073c8e1671cfd	154	0		0	0	no_extra_tm_evidence
vae_candidate_000178	excluded	a94294cfc7ac86eac784c22b25226923ef83d2dff8e3cfcc9c3b119aae31d4b5	70	0		0	0	no_extra_tm_evidence
vae_candidate_000179	main_supported_gvpa	8b5e6adda9ef60506d79797e4d301b5e2604c21ae4d69d19610b2835e5686ad9	91	0		0	0	no_extra_tm_evidence
vae_candidate_000180	excluded	8143a2dd967ce7c65ea791c24e2b799ea6e7d707b687d2fcdd4bffeb57651266	69	0		0	0	no_extra_tm_evidence
vae_candidate_000181	excluded	9809b2f6a3ab093fb40db71de3b62bca1d193654ff24e3f2a9eb9f61f2fddd06	167	0		0	0	no_extra_tm_evidence
vae_candidate_000182	excluded	1412b0b35813875f6fbac55bd4fdfb0f14214d92eb3a8298b500f5b040b2f93b	142	0		0	0	no_extra_tm_evidence
vae_candidate_000183	excluded	e4d5bf3abe9c034162a36b0780f92f08ab98ffdcc42381730ded88d7ccef8de1	99	0		0	0	no_extra_tm_evidence
vae_candidate_000184	ambiguous_exploration	003f97e66ee9cc32d8a0f2fd8ee10bf57a49a81da98c20c5718a02b8d96f6cdc	105	0		0	0	no_extra_tm_evidence
vae_candidate_000185	excluded	dbef3f7ba961fff4a0abdd70a80781ed0f77893c517ad90431787a30e6e45fa3	85	0		0	0	no_extra_tm_evidence
vae_candidate_000186	excluded	1664fec985ad1e9e4c4a008b8442712cb47ff0370d88ef80e66303d30aa45400	71	0		0	0	no_extra_tm_evidence
vae_candidate_000187	excluded	2f09036db7504ff1824b3320cad1a9bc1756673256a0d30c5cdccc775b029c88	100	0		0	0	no_extra_tm_evidence
vae_candidate_000188	excluded	8975543947effaaab4ab837fbfb59308f468a061de87280e356de00c33c65239	180	0		0	0	no_extra_tm_evidence
vae_candidate_000189	excluded	167fee8d36dd9af2dba6a846a2791954e239ea6ea97e34ec49786e49239b7dfa	63	0		0	0	no_extra_tm_evidence
vae_candidate_000190	excluded	a28610e7a90964be36d9c05a897725c221be1c2e43b53b9ec7af4c1e35d3a37b	104	0		0	0	no_extra_tm_evidence
vae_candidate_000191	main_supported_gvpa	7f91239af5e0f306bcae623b6d89716ceffc8de4319267e733d91fe099cecded	94	0		0	0	no_extra_tm_evidence
vae_candidate_000192	excluded	668894996455d1a9db0662ad7890e7f654656f34e137eaa1a604ea4607e658c9	95	0		0	0	no_extra_tm_evidence
vae_candidate_000193	excluded	9e188c3a36ca32596eb433129ef21f2939862d679c18620a72a953d68a45e0c5	129	0		0	0	no_extra_tm_evidence
vae_candidate_000194	excluded	9a528632b5c47a07403411a3d1347c9e9d00b971c33388e88e627b8cd206149a	141	0		0	0	no_extra_tm_evidence
vae_candidate_000195	excluded	a06ab31661ea572411ccd3513979a7ca9925d218a9a2e562f7ed83980c5c6cce	102	0		0	0	no_extra_tm_evidence
vae_candidate_000196	excluded	8c5c404c060c66e8d156577a659e57caec63a02249ea1607a4b856639775de66	52	0		0	0	no_extra_tm_evidence
vae_candidate_000197	excluded	ee5ca7d972c405c91ecc92f1fdc176c0c3a5a0fe851f28758ac72588ec8ed07a	170	0		0	0	no_extra_tm_evidence
vae_candidate_000198	excluded	4feda4514dbe770bb282f520e3beaa0ca704c589650063ed1ec89e039f25fa5f	180	0		0	0	no_extra_tm_evidence
vae_candidate_000199	excluded	5f0dcc32f6b8330ee412261d921215ed90b162b98a8cc99e32a899afea33e162	143	0		0	0	no_extra_tm_evidence
vae_candidate_000200	main_supported_gvpa	85596148ead29bad7cb24cd9b1a0d99f3fca0244f8e085810ea8afa40a45c800	88	0		0	0	no_extra_tm_evidence
vae_candidate_000201	excluded	f80177044c9717b951fbfe25da980bda44c7d6b7114baaf196a7f83d65c45883	91	0		0	0	no_extra_tm_evidence
vae_candidate_000202	excluded	fee5a96d67a5cfa3cbd913896de11f0befc04f733642a2894d6c43335045b56d	95	0		0	0	no_extra_tm_evidence
vae_candidate_000203	excluded	31169355add93c46a51ea5df1f72e4e338450f47be3216165aba44066c84ac37	99	0		0	0	no_extra_tm_evidence
vae_candidate_000204	excluded	29277ab694a2273f009b2ed11a79f0ececbc3cb1d1d81955a1034d9d5fc47a74	168	0		0	0	no_extra_tm_evidence
vae_candidate_000205	excluded	ba03762107d2984b43150caa692d9857bd6261833246a9b656307f7a0705a39e	68	0		0	0	no_extra_tm_evidence
vae_candidate_000206	excluded	a0b1467e1e209d41a25594d394ffeff97cc775925d716010a3d348004fea2dc0	101	0		0	0	no_extra_tm_evidence
vae_candidate_000207	excluded	0c811d397f498c429da4785976f9dd4d72e3524980d5a0b2ad7a0e729bea5ec8	73	0		0	0	no_extra_tm_evidence
vae_candidate_000208	excluded	1044c7eed672e2cf0b3c161db39c8758b60316d9ff28b12700d7b1e194cdf99c	109	0		0	0	no_extra_tm_evidence
vae_candidate_000209	excluded	660a826e35b0f6aa3021db075e19ce046cb219e3e7849e6cd0f453c9cd794116	121	0		0	0	no_extra_tm_evidence
vae_candidate_000210	excluded	50fb097c7f98840d8110e7f29c0a8a2177e622ff26833f4f5ebca72ac1cf8224	72	0		0	0	no_extra_tm_evidence
vae_candidate_000211	excluded	0f4c898ada2763c5951907357111bf5bfa6c45f14fb4430b1e3934e7e6936145	60	0		0	0	no_extra_tm_evidence
vae_candidate_000212	main_supported_gvpa	340f0b30a79ea7c80ad6e23aa5a4862203f7f9d162fe01c34f064ca5c2c4a1f4	111	0		0	0	no_extra_tm_evidence
vae_candidate_000213	excluded	c6d96e3ca01ad4f8f6628e9cc5aa4fd5afa3022df9d3083443b9777ae7c73e6e	74	0		0	0	no_extra_tm_evidence
vae_candidate_000214	excluded	bd7b02bbfd2cddbbecbbb8f08a9a71680af6a546ad06304f28628fb61009cb9a	128	0		0	0	no_extra_tm_evidence
vae_candidate_000215	excluded	c79af7cfd75e9701bc2bc2a788129c07bd1248170a01713da2f97707d4841149	124	0		0	0	no_extra_tm_evidence
vae_candidate_000216	main_supported_gvpa	cd36da61568351d7dae4ff015b53605891c6ede0708f230bdd74440585dab482	100	0		0	0	no_extra_tm_evidence
vae_candidate_000217	excluded	879b424e7bee2e1ef62de7b9a9b1c249a784c911e8ccc39a2f7e072125d9029c	64	0		0	0	no_extra_tm_evidence
vae_candidate_000218	excluded	e97781bf130d007cb42afb1abb751a50e856ddaaf54349b33957bea64cb84833	149	0		0	0	no_extra_tm_evidence
vae_candidate_000219	main_supported_gvpa	c6b20f8f4424d8e92aff3f454737bfb51e76e0b1d6f964f218b753bc3003b1b9	97	0		0	0	no_extra_tm_evidence
vae_candidate_000220	main_supported_gvpa	ac6236b0943d18d2a2bbea2c155e4c255d0179a290acc428265afc5bd200129b	84	0		0	0	no_extra_tm_evidence
vae_candidate_000221	excluded	14d00cf7f72da74d0b39f43332da00c340aca9d010816042e8910f5ba2ab101c	94	0		0	0	no_extra_tm_evidence
vae_candidate_000222	excluded	7fc2b8bd40e03017434540c10fe9cfb8eab7da437f9e85ff62a99d2d373ed5a9	136	0		0	0	no_extra_tm_evidence
vae_candidate_000223	excluded	6f7157364cb5876ea6416ba05856a392dd52580bc32926d6b3908abed9b6b1d9	101	0		0	0	no_extra_tm_evidence
vae_candidate_000224	excluded	28b77be9d1be32a04ef21f3af44b52439fb7978590d2791dbb65e99351ad872a	134	0		0	0	no_extra_tm_evidence
vae_candidate_000225	excluded	75d5c30e6ef4bf3de7d8cc338c30edd7703e269d4247618eccf407af14c8c522	101	0		0	0	no_extra_tm_evidence
vae_candidate_000226	excluded	0b7383e9eeb3ac17facc9eb8fa0873ed9f692d9d8175e46a02c8aacdc25536c9	108	0		0	0	no_extra_tm_evidence
vae_candidate_000227	excluded	a67a0ede32fead34fec5ac93e0ec2dffe4425355e1cad2aaf1a5060cebab88ee	62	0		0	0	no_extra_tm_evidence
vae_candidate_000228	main_supported_gvpa	b67a7806258086e1d5a5bdd1d0b0178cc71f9cb1d8e5c4a4572466bdcca1a453	124	0		0	0	no_extra_tm_evidence
vae_candidate_000229	excluded	ce20543d15055ddfc09adb7aa9fd1ea09ab2fbde1a94fc7cff78cbca4b57a893	147	0		0	0	no_extra_tm_evidence
vae_candidate_000230	main_supported_gvpa	c7b60fd1451316c8ccc9aa83fbd2937dceb7b0717ca29dc4537a3f027be3f224	92	0		0	0	no_extra_tm_evidence
vae_candidate_000231	excluded	693ace00289170afd6108a22d6a844796718e3346f71783d354659fd056d6751	117	0		0	0	no_extra_tm_evidence
vae_candidate_000232	excluded	d070a684c5f8f5b0de75d622206a9ad0712bd323811148c698fa8ebc0381aa07	154	0		0	0	no_extra_tm_evidence
vae_candidate_000233	excluded	1f2a7ad75307e824bd502a9dce411f2174cafb3fd117cfced57a7dc9dbd0fed8	81	0		0	0	no_extra_tm_evidence
vae_candidate_000234	excluded	ee10af931147dd1ebb99e835c416ccb681abf0330e33b57dda8d137e2ef513c2	65	0		0	0	no_extra_tm_evidence
vae_candidate_000235	excluded	63ae5e314f10e66fcf54c8e75c964fe4c19a02e79ca4f0afe569ffaec2ea4322	141	0		0	0	no_extra_tm_evidence
vae_candidate_000236	excluded	3f20bd45c462044d03a5b53c801639d91c542e8345e2f0d929acb493ce89f73d	93	0		0	0	no_extra_tm_evidence
vae_candidate_000237	excluded	d64d9727bbce9534924bb2014e9f6704115f0db8f6e5c9a902afc18c35984fca	101	0		0	0	no_extra_tm_evidence
vae_candidate_000238	excluded	315d20f77f39819a1e4bcafc222b6ecdc4e2294953e7f72e94ef4983edbd528b	109	0		0	0	no_extra_tm_evidence
vae_candidate_000239	excluded	c55eb1208ed2361cd432dc8820c64dbe0c3f0a51245204a6ba00a15fb5baab96	82	0		0	0	no_extra_tm_evidence
vae_candidate_000240	excluded	0865bab596ebaf08131c0b8bcbcc95bf7031e010f8ea002df28ab6252a54e9fd	70	0		0	0	no_extra_tm_evidence
vae_candidate_000241	excluded	a52b7e6c2cd7738f77ffed9d59b597a0d61a769508933469cff0767ca731b221	149	0		0	0	no_extra_tm_evidence
vae_candidate_000242	ambiguous_exploration	9b67f04e2c030c075e074666dad7ccea6e2046f249d7ce40677f945e4813b6b2	102	0		0	0	no_extra_tm_evidence
vae_candidate_000243	excluded	5ff817b2f311dedc37b0e2ef7dea34a0671c85942426131cfdf863752bb2eb98	66	0		0	0	no_extra_tm_evidence
vae_candidate_000244	excluded	2cba617eb1b3a9bac851ea61faf8b0a0df7e8e84da569c3a8e4931500fa727e2	123	0		0	0	no_extra_tm_evidence
vae_candidate_000245	excluded	7b76af1fe561371eb2707cc196e43e2684fcdfb184dc29425f152f3ddb43493d	135	0		0	0	no_extra_tm_evidence
vae_candidate_000246	excluded	135b9d20286cb2e97e5a2536a985806446315d83314593179918c994cf8f8248	124	0		0	0	no_extra_tm_evidence
vae_candidate_000247	main_supported_gvpa	5a55f4921734397caae5842d7785a9a30142cb9c5032b3237c601a432512446e	96	0		0	0	no_extra_tm_evidence
vae_candidate_000248	excluded	017806aae4ed497f1b947060bb68ea17a4a836cd4cf1c5733ae644ce13fd44bb	110	0		0	0	no_extra_tm_evidence
vae_candidate_000249	main_supported_gvpa	b88050e7d5401e7253b8be88041a6479cf03c155244a4ef821c61dc4c11536e0	107	0		0	0	no_extra_tm_evidence
vae_candidate_000250	excluded	206f63ff6fbdd66c6fb375c9ad227f313cf9dcd03cc61bdbea715c890d129686	58	0		0	0	no_extra_tm_evidence
vae_candidate_000251	excluded	9c5b2359f44e4db023f002c80137a7038bccd5c76a6d8f1b998528f51defc535	143	0		0	0	no_extra_tm_evidence
vae_candidate_000252	excluded	e310f87612f38b3a75fab1e722bb844f80649c0fadfd99aa694e6384d47403f6	160	0		0	0	no_extra_tm_evidence
vae_candidate_000253	excluded	fb4411a4de003d9d40c256f37584c15662d70df74b2230b98c2bd7ec105736f6	125	0		0	0	no_extra_tm_evidence
vae_candidate_000254	excluded	67c1ca4fabb1751bf1244aa86f3ff83df0c6b2ee14f1d5a6eff5a2eed2985499	80	0		0	0	no_extra_tm_evidence
vae_candidate_000255	excluded	bc9d3d5d3cbee06adcb75e74314505f3181375b15136bb3464226a2197b248e1	138	0		0	0	no_extra_tm_evidence
vae_candidate_000256	excluded	00cabd820c7c24b9bec725e1bb987525ab5a50a89a03fcfd24ecc6608ed0836a	78	0		0	0	no_extra_tm_evidence
vae_candidate_000257	excluded	651897496a02dea2beed208be00fb4184852adde17e7b7d5fa5c8539fc729fa0	88	0		0	0	no_extra_tm_evidence
vae_candidate_000258	main_supported_gvpa	932733987db54efa80640d64fe5c17ef188eb743bfc73ba2fdbe60c8a2e7d80d	93	0		0	0	no_extra_tm_evidence
vae_candidate_000259	excluded	240262276737733c526236bc06280588da4f043abfa99d9bf8e73454bfec646b	53	0		0	0	no_extra_tm_evidence
vae_candidate_000260	ambiguous_exploration	61e64824b2a4ab597bf0f287946ca92fe261d576d7ea7c69ca70c3ece936fa89	109	0		0	0	no_extra_tm_evidence
vae_candidate_000261	excluded	1aaf49254d82c4f7f5034f250fa27112cfcf479360b8d990ff7d441f2ac7b6b3	64	0		0	0	no_extra_tm_evidence
vae_candidate_000262	excluded	14edc0779ef70fb49778bf06ac573a34f7c59f6f2ff7add50e4d6610c9fa7ea9	129	0		0	0	no_extra_tm_evidence
vae_candidate_000263	excluded	1bbd68fd797ea9e9ec1b37c81860e465db163ea4a7ded3d668c2a148cdb166a5	118	0		0	0	no_extra_tm_evidence
vae_candidate_000264	main_supported_gvpa	772b84d8a51a0148e4bf4d958846857d7b9ed316ca47d646ee8d704cc67f0cd5	110	0		0	0	no_extra_tm_evidence
vae_candidate_000265	excluded	1bd0eabcd8bccc8ef39f821d207662d71552e76775a5ac2e9cd1b4254434ce9c	103	0		0	0	no_extra_tm_evidence
vae_candidate_000266	main_supported_gvpa	a75b29a76a04ecab3fba07578eaa4b23985145277315db9d98ccbfbf98ebbf8f	89	0		0	0	no_extra_tm_evidence
vae_candidate_000267	excluded	091be3a170f7af58e8c377dbcfb5fb9cda3fbebf6eaeb16a5aab4eaddf1c4722	90	0		0	0	no_extra_tm_evidence
vae_candidate_000268	excluded	4b877816f3944643def0663c6d818c0aee339ff28a03a30b7c209d138e47794e	69	0		0	0	no_extra_tm_evidence
vae_candidate_000269	excluded	99241e2ebdc60376bc8a391dcec7558c66374393941c554e762e4d3606e90c67	117	0		0	0	no_extra_tm_evidence
vae_candidate_000270	excluded	2decb12f98c155ef1586cdbe8251cb0c5579eec888253e9760943e467f50e74e	92	0		0	0	no_extra_tm_evidence
vae_candidate_000271	excluded	6122957112e0829c1e55791407cfeadb27a6fed2d3ab009d675667ca99232d19	95	0		0	0	no_extra_tm_evidence
vae_candidate_000272	excluded	bba28678e3f01c6b6464834a73c7d9745718a427e0563286118a7e5d494b2ccd	127	0		0	0	no_extra_tm_evidence
vae_candidate_000273	main_supported_gvpa	41e41debd25c9f2c326130cd95054218c4fb0cc32dd820facca61d69eb0ca19f	108	0		0	0	no_extra_tm_evidence
vae_candidate_000274	excluded	94a469d25e7c6cf5c1ea6b8102c217a0ddaa427b37ab64920e43bc11d3e398e3	180	0		0	0	no_extra_tm_evidence
vae_candidate_000275	excluded	cc9079c777511d4e297d2658f6897a48c8341ced9de387b970e41c44c7a5429b	59	0		0	0	no_extra_tm_evidence
vae_candidate_000276	excluded	c5178b1b92e411adc9fc052974e735f979937e0795e7719db2fddbacbc5b7919	86	0		0	0	no_extra_tm_evidence
vae_candidate_000277	excluded	31a8039a5977ab4eefb9ae24343b01db21a5c90c6ddf13e2e2f9afc276c69095	111	0		0	0	no_extra_tm_evidence
vae_candidate_000278	excluded	01044d295ecd25d4e00059358abd4599208729014b03128d2e355ee86e1594da	87	0		0	0	no_extra_tm_evidence
vae_candidate_000279	excluded	d0402802c467e4c43d7e4f398fd727e7cc0169e854517dc68e00f85e11146127	67	0		0	0	no_extra_tm_evidence
vae_candidate_000280	excluded	ea441a2e1e24010d1ef435a40568b72702b9cca4a932271d9b2e70e57667c820	77	0		0	0	no_extra_tm_evidence
vae_candidate_000281	excluded	bfbf7d839069bb607fb7aaf829d088b210273a4949a3653facd3bf2017380964	75	0		0	0	no_extra_tm_evidence
vae_candidate_000282	excluded	93dc9ddf3d595b41dd4a8b33b65e3918c5876c01a0ddc3ad68b3d89592ba8294	106	0		0	0	no_extra_tm_evidence
vae_candidate_000283	ambiguous_exploration	0b833d0ebed5a24e65401f78c587f2be5605d7d22cab27e662c1ab3e12220488	102	0		0	0	no_extra_tm_evidence
vae_candidate_000284	main_supported_gvpa	a90dd89dbe7a7eb7d54552120ad00e94cee22b762d685da9428d8d02ec41ffbe	91	0		0	0	no_extra_tm_evidence
vae_candidate_000285	excluded	492b4cfb3e292b64f5e462166219848f73c910256f5f838912295aed310540b0	92	0		0	0	no_extra_tm_evidence
vae_candidate_000286	excluded	8a3a1ab211b4b1f2cb4855f37efc2543b7fcb7db3a0e241c672c496f955277a5	114	0		0	0	no_extra_tm_evidence
vae_candidate_000287	excluded	4ca79c1200ea4da76d28a74fcaf0460b8b154dc5366d3c82eb33035fda8bb5ae	55	0		0	0	no_extra_tm_evidence
vae_candidate_000288	main_supported_gvpa	691538e7f8c9abb2329f464828433e0c2c32e0fb6ae5a454cfc4c97fbee58c0a	114	0		0	0	no_extra_tm_evidence
vae_candidate_000289	excluded	013f1253934d8f573205206882ba346b7a7605068d7b6ffb7029f1ab236a4524	79	0		0	0	no_extra_tm_evidence
vae_candidate_000290	ambiguous_exploration	2642f6e97f6ecbda62695d39e65525df949740d6d66e383ed74c868dfbf75f6c	90	0		0	0	no_extra_tm_evidence
vae_candidate_000291	excluded	bbef997c741a578122dd933911da6c39474e9018c909a6b0c18974d207bcad9b	138	0		0	0	no_extra_tm_evidence
vae_candidate_000292	excluded	83aa992ec993137cd9cf19004453d68ddb67b98b52d1d0e78b05083e7ab087a3	81	0		0	0	no_extra_tm_evidence
vae_candidate_000293	main_supported_gvpa	e378e39a5f14218d620501146ccf0022981178fa3ff20a042b5b8a40da2da235	93	0		0	0	no_extra_tm_evidence
vae_candidate_000294	excluded	562aa9306d81c5e27eac468e0f93ab271803958e8d8eefa93c0d0dc32ea44134	110	0		0	0	no_extra_tm_evidence
vae_candidate_000295	main_supported_gvpa	909c35e063354b4fb505f6fc605e07c5bcebfef4d2dd77380164e3359d8fb6e0	87	0		0	0	no_extra_tm_evidence
vae_candidate_000296	excluded	d461d032d0ebfb21f0ed500a237d8fcf0aa5096396d45aca58368b09acc545ff	91	0		0	0	no_extra_tm_evidence
vae_candidate_000297	excluded	aa7d8fc13dd5fc6f9bc3608ee4ba2dcea5924256cd8154384d4a66d7a12175bc	62	0		0	0	no_extra_tm_evidence
vae_candidate_000298	ambiguous_exploration	6c7c11f82e4819178dff261c38f14c9e1b9695c59733414d29b0daecf86a967a	79	0		0	0	no_extra_tm_evidence
vae_candidate_000299	ambiguous_exploration	4904c593f8ed9ef59f14d6db076418d2908aa412a70a1766447cd614295b8070	121	0		0	0	no_extra_tm_evidence
vae_candidate_000300	excluded	23bc0a607dd30a2bf9547602dfb2848aaf256e3c0ec5336d4ddb4aafecd7a7aa	130	0		0	0	no_extra_tm_evidence
vae_candidate_000301	excluded	0783e5e1d8c55b50d63ee39293f5000174cf7c943797e53fb56e423adb2a3fab	117	0		0	0	no_extra_tm_evidence
vae_candidate_000302	excluded	73a588b1b82bb8192c1a89d0442c6430482a377ba61023a924d72c3898ad2f14	64	0		0	0	no_extra_tm_evidence
vae_candidate_000303	excluded	b300e5a5483a606d6864a29e3287e7b3ba6d84feaacbf8b02b90ee548fde4f46	108	0		0	0	no_extra_tm_evidence
vae_candidate_000304	excluded	a0506f441cb98e208530a07a7053f61d209824eba2cdd34f6bbe983b927c58aa	136	0		0	0	no_extra_tm_evidence
vae_candidate_000305	excluded	feed0894fe77ba3c53a6239584f8e0133cbe145e554aa00fbd5b0cf5a6a03369	80	0		0	0	no_extra_tm_evidence
vae_candidate_000306	excluded	ef7e2918db0b75bcb7b1b6ad58c111213dad267f31a1f0bee4e9b2b999656212	129	0		0	0	no_extra_tm_evidence
vae_candidate_000307	excluded	8520393a67239af4ea7091e8302b08d3c3e0a1b63e38fb805ca07297b4855576	96	0		0	0	no_extra_tm_evidence
vae_candidate_000308	excluded	78549212086dc30c38ac892ac76656099b7c619ccc4ff57ebb549f9c949879b0	111	0		0	0	no_extra_tm_evidence
vae_candidate_000309	excluded	a394ea6c509f7184432b7c5827f11062b565568f323109f5556698874e3a771b	117	0		0	0	no_extra_tm_evidence
vae_candidate_000310	excluded	c629c741c53e83bf9ab92bb7e9878f31af49ac546678edcab5bfc777cd7aeffd	76	0		0	0	no_extra_tm_evidence
vae_candidate_000311	excluded	07b9b86c5e61bee975ef757b51ff2ce87dbcacdf5bae9785eec770777565d23b	71	0		0	0	no_extra_tm_evidence
vae_candidate_000312	excluded	150e742f57b0f111876dca134fc899c199a3b946639aad423394034e3bd9e006	74	0		0	0	no_extra_tm_evidence
vae_candidate_000313	excluded	e20c28c29210b73960c515a3de504ed030457f3548170330e3892146513194ee	85	0		0	0	no_extra_tm_evidence
vae_candidate_000314	excluded	372cebfd14f2b4853f97712ef5d84e6ff244e0696f5c599b1dd111c2f4e6d3a6	97	0		0	0	no_extra_tm_evidence
vae_candidate_000315	excluded	7653da7c932d351b94bca4529f6a95a238123b130160f2f3fe8698c2499290ad	84	0		0	0	no_extra_tm_evidence
vae_candidate_000316	main_supported_gvpa	7fcbb3f92fd5d911b205f86a36ea3b8fc22476fc42d653d514957af66b3d4cab	85	0		0	0	no_extra_tm_evidence
vae_candidate_000317	ambiguous_exploration	e512638eedad2e5ef04f70a47e5925b4e034ce5e23230f9640bc3de2916266e7	116	0		0	0	no_extra_tm_evidence
vae_candidate_000318	main_supported_gvpa	223362a650826c2dd95f99c91da6e42dff55c9bf9583ca2c33674284d36d58b1	77	0		0	0	no_extra_tm_evidence
vae_candidate_000319	excluded	4dfe6c68b85606eab7954a7635f8ece4a0b9c2ab0f8b55d195e21aa13abe0e2c	115	0		0	0	no_extra_tm_evidence
vae_candidate_000320	excluded	f8465627fb7c82fc496902e3f8a5425045bcd12c034be7664152a3eaf609e3b6	114	0		0	0	no_extra_tm_evidence
vae_candidate_000321	excluded	89cead32d622f279ea064aa5b4b8e8da9aee9d5ba5c9500a7e083826b03774c6	52	0		0	0	no_extra_tm_evidence
vae_candidate_000322	ambiguous_exploration	bf617e1234614df2440d1384a02e3c2b414596f15e4b5a59eb36ff73376403cc	92	0		0	0	no_extra_tm_evidence
vae_candidate_000323	main_supported_gvpa	f78454356738b928f9474d0625df5a90a7fc4c7bb128f7946596e8a9aae6c053	103	0		0	0	no_extra_tm_evidence
vae_candidate_000324	excluded	098f58647cfb7d638dcd1770f198f5d37de0636d5033be76f01043d13025633a	63	0		0	0	no_extra_tm_evidence
vae_candidate_000325	excluded	3833f9a7d63d33c831dc06ad69d59b27f9aaa18ab52eadb35b56e7aa2e74b3f3	57	0		0	0	no_extra_tm_evidence
vae_candidate_000326	excluded	df5bc789a357437d93954f2788ba6956f03fdc8c8867d8e38a35fce4cd6863d9	91	0		0	0	no_extra_tm_evidence
vae_candidate_000327	main_supported_gvpa	0216dce265bd39700b6de14cd15249dec76a239e24fc02e84fb2688b8f039a9f	96	0		0	0	no_extra_tm_evidence
vae_candidate_000328	excluded	8ff27967158b297f514e218e5208c67405f0c8bba5aded9c9601291d6e774200	95	0		0	0	no_extra_tm_evidence
vae_candidate_000329	excluded	35bae85d1314c77c0c65e7d7aaf398025d1bd4aba2a8983d407172cb3b78a1fe	85	0		0	0	no_extra_tm_evidence
vae_candidate_000330	excluded	cc478e9a92daa2aac545e99949eb80a76af15a086ae7bef4d2ccf21671187e3e	70	0		0	0	no_extra_tm_evidence
vae_candidate_000331	excluded	ea0b736b6531ae07fa94aac74eae073ffdc13c5a295dc031b73ffed92e1068a5	61	0		0	0	no_extra_tm_evidence
vae_candidate_000332	main_supported_gvpa	12bc2f2f4cce3e2f175e8e129b23f9d1d5a0a528bb9cececb2fb2b5ff819ad61	105	0		0	0	no_extra_tm_evidence
vae_candidate_000333	excluded	0fef11ec80476500b12522a03654b72fc9df5ccf8f4f87cb83166a9f61fa18c2	89	0		0	0	no_extra_tm_evidence
vae_candidate_000334	excluded	28567c0bd7e7ab47943cc928f433bb7419cef7ff3cb484ddc0fd825f20e54c9e	137	0		0	0	no_extra_tm_evidence
vae_candidate_000335	excluded	39b255bee545579d0f8919bda3bff566fd7460bab179fb7d62e6e249e1c2eecc	110	0		0	0	no_extra_tm_evidence
vae_candidate_000336	excluded	4193cbf6dc8ea8b43f4acea92e68ec9c1a084c47a60ee4448d53211b1a496157	125	0		0	0	no_extra_tm_evidence
vae_candidate_000337	excluded	3323558d2ab32a25895db47d78c17f3a3b412d9cbf95fa8b00fd1dd7bf176e40	104	0		0	0	no_extra_tm_evidence
vae_candidate_000338	main_supported_gvpa	198f2e377e821736832cb39fe6060aeb9f974d56ff866f92eda83fb09c7d5835	93	0		0	0	no_extra_tm_evidence
vae_candidate_000339	excluded	0c86596789451a6f04f4a31dbae5e1d4e5dadc7d29fe800d573a4f9da08a8dd8	107	0		0	0	no_extra_tm_evidence
vae_candidate_000340	excluded	89f0be151532801fb4db7abff3569e3340a1518d55b8885d79c91823361aa30f	99	0		0	0	no_extra_tm_evidence
vae_candidate_000341	excluded	da558f76a74559d4a14f632f676c2973eaf1a8d508db0730e220778da7f588d2	90	0		0	0	no_extra_tm_evidence
vae_candidate_000342	excluded	69627a414235bf88e17519ca2fa4ec1310b5359c159effb8c9459a3ceeec6140	67	0		0	0	no_extra_tm_evidence
vae_candidate_000343	main_supported_gvpa	4b7a4c6032651d288d048dc853317da9f4f1b480db5445d0b2184328ef2f3b9e	114	0		0	0	no_extra_tm_evidence
vae_candidate_000344	main_supported_gvpa	a5808e42187afb4f95b1764f4e8e7b2e69abe3e2cc395a96dbcfcd830c3cac7a	88	0		0	0	no_extra_tm_evidence
vae_candidate_000345	main_supported_gvpa	7d4593914292670b3edaef46bc194955019f1ac3bef91e80203b9bbcae52184c	101	0		0	0	no_extra_tm_evidence
vae_candidate_000346	main_supported_gvpa	6c7c4bf5df248402b6fc55f9e5a229889fafee26972f860568d08b809a4a94d5	115	0		0	0	no_extra_tm_evidence
vae_candidate_000347	main_supported_gvpa	9a06335a5626267198cad2956b7fca119cfee5f9765eb03fc0e0f69e492c1bac	93	0		0	0	no_extra_tm_evidence
vae_candidate_000348	excluded	212f6a89393b8208816b6f63dd208adbd745498682593e5305d2112220a71649	106	0		0	0	no_extra_tm_evidence
vae_candidate_000349	excluded	6575d890619ef3f1e4357c0532a9ae39034e10786370c7295557cfe16d63f9d5	108	0		0	0	no_extra_tm_evidence
vae_candidate_000350	excluded	218f863a4018f0152a697795825e7684d1150762cae6269d30c6c01d7cf4910f	102	0		0	0	no_extra_tm_evidence
vae_candidate_000351	excluded	af712d8bbb96bccc9f4e28901123348845544e87337084f813bff62632e08736	66	0		0	0	no_extra_tm_evidence
vae_candidate_000352	main_supported_gvpa	d5d4d246f94d8513a6076ceac506e7e2424a80d98e545c034ca59d845fa26e74	72	0		0	0	no_extra_tm_evidence
vae_candidate_000353	excluded	53f3c9a0d5ec2d4bf93821a09ceb47309fa25f9eb399447733fc448741b9dda0	124	0		0	0	no_extra_tm_evidence
vae_candidate_000354	main_supported_gvpa	38e2dc077fa752f75426e2f5d9639e2bb1d9f2e7538119ec75f9b9cd842d20b5	95	0		0	0	no_extra_tm_evidence
vae_candidate_000355	excluded	f16c6925f78ed9669373c60926c99c84a8efc4fb4895b4859033e3b8d8d9cd45	74	0		0	0	no_extra_tm_evidence
vae_candidate_000356	main_supported_gvpa	9ad752dd22b3d8d9d5cbf474e11f2eb2f3b6670443252106d7a1d7e63ff71a7a	111	0		0	0	no_extra_tm_evidence
vae_candidate_000357	excluded	3b2acac396d5d5b338a8c14d04d01766c414e5a52e732c0bc0ac2735e9856d5e	75	0		0	0	no_extra_tm_evidence
vae_candidate_000358	excluded	08b3ea34aed08f0b90d8bddea57771d31281c53a246a7c02cd429bb62c3b50fe	114	0		0	0	no_extra_tm_evidence
vae_candidate_000359	main_supported_gvpa	20b78181a37b1a7637137c3e7d87f625707ed7bfaa2d84d536ebee331c5e005a	106	0		0	0	no_extra_tm_evidence
vae_candidate_000360	excluded	23842fd56c1cd2ebcfa198ac878fb93e6a7adff1eef6c5c1d2b20bbb2cda9e94	174	0		0	0	no_extra_tm_evidence
vae_candidate_000361	excluded	a5ccff1ac6eadbce59ee750ef7d2b33c94302d97d6f86ececed886b813269c6c	85	0		0	0	no_extra_tm_evidence
vae_candidate_000362	excluded	1d22ffc52316beb61cc584d1edeeacea9611752a549f5661884daffbcfc0487b	90	0		0	0	no_extra_tm_evidence
vae_candidate_000363	excluded	29a45dd9b8ad4cd14e6493863a74b5c1d8a94a878e8b5a702a7a1bf9bb5ccee9	125	0		0	0	no_extra_tm_evidence
vae_candidate_000364	main_supported_gvpa	b51baa8faae97da6fe2b3c30f179a5a0337377fe8979f9291690c0fc348390e0	95	0		0	0	no_extra_tm_evidence
vae_candidate_000365	excluded	492718b927ff38ff94f9dcfc57e1fcc8df22e83a788e9065508d58361f942bbf	74	1	10-28	19	19	extra_tm_manual_review
vae_candidate_000366	excluded	fae20046d6492f5aa80ea8fdecc78212c41991ca5f84593e8747cf416e6f0c19	139	0		0	0	no_extra_tm_evidence
vae_candidate_000367	excluded	ac3e9268749bb222e0bf26fd04ed5333a2c2382c90856524593e48bee8c06549	142	0		0	0	no_extra_tm_evidence
vae_candidate_000368	ambiguous_exploration	cd4f20fcedbae5ab4787dc5222fa7a19d06cbd77997ab5048babe62abb2879ed	116	0		0	0	no_extra_tm_evidence
vae_candidate_000369	main_supported_gvpa	d67e98b29ce4b6435cd9065738f8131c8ceacda3f53a8ae1f3c8fda5d3536a74	88	0		0	0	no_extra_tm_evidence
vae_candidate_000370	excluded	b4cf44cf242559a543d2f1e6ad461d30bba28248194e90f46e9e771ed52f49f5	82	0		0	0	no_extra_tm_evidence
vae_candidate_000371	excluded	3c784e2f0bad26e9fa7bbeddf56e8895b72cf6275271f3ed5819f9738cc69012	109	0		0	0	no_extra_tm_evidence
vae_candidate_000372	ambiguous_exploration	265eca8ad4b2d58248ad96281d6ff2744dd144d4762c53eef267f9ea8153b36e	103	0		0	0	no_extra_tm_evidence
vae_candidate_000373	excluded	67f2d4fda89cd92223d21e774286ccca22427a9a2df0f8e1d083880fd6d21272	66	0		0	0	no_extra_tm_evidence
vae_candidate_000374	main_supported_gvpa	79824577d9b1d40717513a1e809108f8c0621de2bd69a65159d2d01844b56eb1	106	0		0	0	no_extra_tm_evidence
vae_candidate_000375	excluded	377803da300e6c9f4fc56a523ec12b68bc502b276678d51db96ab74eca8599e3	139	0		0	0	no_extra_tm_evidence
vae_candidate_000376	excluded	8a97167d6ed57b0b023fbc2df42acc3513d05755cc80316028849d0d7a6bc0b5	110	0		0	0	no_extra_tm_evidence
vae_candidate_000377	excluded	99dd4551d5a3df9a03bb825ecad560b9f1e7cf03cdc24bb87e048aff343c1b45	140	0		0	0	no_extra_tm_evidence
vae_candidate_000378	excluded	13de3981d0eae841d8021c46acf96cb239a1b87173d6c62effdc52d0eb369032	175	0		0	0	no_extra_tm_evidence
vae_candidate_000379	excluded	c73588ce9730509f74d9c6a747d3db2ae9b696239673ab5cff72cea5671f1f23	110	0		0	0	no_extra_tm_evidence
vae_candidate_000380	excluded	0d6a473b2d634adaeb9b56203a8c40fe6a2fe13eb106a09f33105d58baaf8426	87	0		0	0	no_extra_tm_evidence
vae_candidate_000381	ambiguous_exploration	869b6060bcc019c189e279171ae249e61df7e2a5b2d280fe44f97563187604ac	83	0		0	0	no_extra_tm_evidence
vae_candidate_000382	excluded	d364580329dd7f7d9766eebab163e972f1173e0b0b82300a6d31ecd2d9599484	118	0		0	0	no_extra_tm_evidence
vae_candidate_000383	main_supported_gvpa	417f0f6a99b3e9a69314a2bf4ee95f4b93c62b547f534eb1422656a206de9ed3	98	0		0	0	no_extra_tm_evidence
vae_candidate_000384	excluded	c013f5eeca6dcba677078a0d4a2b09c91488a2eb37f7ddbedfb3e7b4d5562188	99	0		0	0	no_extra_tm_evidence
vae_candidate_000385	excluded	5e5057d6328b7a066d48fe2b5a5348f73a53c5d31963c6416ba4793a7289a27d	162	0		0	0	no_extra_tm_evidence
vae_candidate_000386	excluded	ce2ecc7818a42d44601cac7cca0384cde8cd4ed7c059872be7766195a5049c81	158	0		0	0	no_extra_tm_evidence
vae_candidate_000387	excluded	b8bb0102ecba502062cbefacd6a070700880b82165ca9a096ddcb014281c8fc9	109	0		0	0	no_extra_tm_evidence
vae_candidate_000388	main_supported_gvpa	369e72b6f2a82cec10727c9e67fa5ddc6cf8b37b86623a956a4ea7317d199629	104	0		0	0	no_extra_tm_evidence
vae_candidate_000389	excluded	0b7235f514a39c094b3c68bfe6c4e330a4b1573cd03be04d1a95ce93b8e04203	60	0		0	0	no_extra_tm_evidence
vae_candidate_000390	excluded	a252a43103e0684bf2bb2c5e98ef95262a5e2c08e97347c1dd2023e7804d6f2a	85	0		0	0	no_extra_tm_evidence
vae_candidate_000391	excluded	dac0b9e33b918db1189a69cb69c84e46c452af98a226f0af32a905b23333c987	95	0		0	0	no_extra_tm_evidence
vae_candidate_000392	excluded	4e8a70ad6e156540c6a0c387231accdaa875cfbe73e9950cb13ac80c213bbb2e	91	0		0	0	no_extra_tm_evidence
vae_candidate_000393	excluded	53f748f932a1c53d361e10c70df060ee40f269cd75b597c59bb27e97ed7f81a4	76	0		0	0	no_extra_tm_evidence
vae_candidate_000394	excluded	81866705450dddbb560db4d347772a23eb18165d326543b4008dca0bc91df0e6	82	0		0	0	no_extra_tm_evidence
vae_candidate_000395	excluded	41f404a1de5fd072ebee04bb9cf943ffd169023e1fffd44020911e91d4cf0ad9	78	0		0	0	no_extra_tm_evidence
vae_candidate_000396	main_supported_gvpa	7bff28fefab204192a105d940784004b50cd0ed1837b645bdf4d87027fd427f1	89	0		0	0	no_extra_tm_evidence
vae_candidate_000397	excluded	803f13f3c3b213a7a2eecc0274caf92b69b4216b2c75303ae8b7e6b05055a599	84	0		0	0	no_extra_tm_evidence
vae_candidate_000398	excluded	34f91e06859c7cec4ee9fb0532cbbc79767887cce0251ac91d012eebbefe32bd	116	0		0	0	no_extra_tm_evidence
vae_candidate_000399	main_supported_gvpa	1fc6ef0f5047e9bb2ec01dccf5a76662073cffd2dfad993a2b4ae8287f935860	94	0		0	0	no_extra_tm_evidence
vae_candidate_000400	excluded	cb3d8d4e4e661d1e859d64757586409ced324f77dc91bad2f1e7916b9aa3a25d	66	0		0	0	no_extra_tm_evidence
vae_candidate_000401	main_supported_gvpa	88f7375f0684d82f619e9801dd8842b53af01f7da6de99ce28526624da3f7964	95	0		0	0	no_extra_tm_evidence
vae_candidate_000402	excluded	4172dabb61d428d152ba5aaf8874baa136d008f79c87b157173725165dfcfc8c	97	0		0	0	no_extra_tm_evidence
vae_candidate_000403	excluded	35d5828e388e7ecd56874694ca1aa79b3390e840d5af3771ccd852b1cd7ccaed	175	0		0	0	no_extra_tm_evidence
vae_candidate_000404	excluded	8b66dfb3b4a3e300937c0143aaceac67efc0ed2c832236ed2531f4a36fd4c4b1	84	0		0	0	no_extra_tm_evidence
vae_candidate_000405	excluded	db0354fcfcb9eab02839f7af1483fedcab9c55d7c822aae41659b6dc52809a8b	86	0		0	0	no_extra_tm_evidence
vae_candidate_000406	excluded	cfdf7a092d211b4c8629c302b75e368d1a66fd2dc7b0db9aee8cae73e7d98f6b	70	0		0	0	no_extra_tm_evidence
vae_candidate_000407	excluded	861fc90d9a7ea204dd849f444b7a3d3d07360807c3b0af0a601baa4f4c3b5001	138	0		0	0	no_extra_tm_evidence
vae_candidate_000408	ambiguous_exploration	224dc1d9a812a77e783908656fd662c906e7ad60ba00a426ab2c815dce2e2452	119	0		0	0	no_extra_tm_evidence
vae_candidate_000409	excluded	54b038b66108e62fd94f4aae5c7f3d3336ab8fde5db12eaa0fcfd60045e72956	121	0		0	0	no_extra_tm_evidence
vae_candidate_000410	excluded	1fcf1d65bff79a6d594b9b39f39997aa235293515faf7861fe39c8225f142336	73	0		0	0	no_extra_tm_evidence
vae_candidate_000411	main_supported_gvpa	262427e64d668dfedcb28fa51a82fc46315fbe64e287c74e5280aca12faa2425	96	0		0	0	no_extra_tm_evidence
vae_candidate_000412	excluded	4e1969e0ec60ff349356e1f255ee5d47fbb4e38b0ccba160fbdd799bb8bc14ae	117	0		0	0	no_extra_tm_evidence
vae_candidate_000413	excluded	7950594a4b3e18140eefea20923f638d69c87825ecc4e64370aafe96d7704289	76	0		0	0	no_extra_tm_evidence
vae_candidate_000414	excluded	e9b5bc72a9369adf2d2b3368698c6cc5bd9ca284bcd8bda38278924c230f5ef6	82	0		0	0	no_extra_tm_evidence
vae_candidate_000415	excluded	369e9b4202145d261ef0eee1e03a00b64b70ac13fbfac6912c33056e64ae6e01	86	0		0	0	no_extra_tm_evidence
vae_candidate_000416	excluded	49ddefb0c44794cbc2103bff51164a3c6d4d270d61d929a184dd64d5e9d5f899	74	0		0	0	no_extra_tm_evidence
vae_candidate_000417	excluded	6fca892d23c60be572f87cbde77598eb07ceae7896b157f1a31b928fe78ff9b1	130	0		0	0	no_extra_tm_evidence
vae_candidate_000418	excluded	1492c12c9a6aaa37246ebbf85fc294bbfed69d63e9877cb6cac21183a1d0bb9d	150	0		0	0	no_extra_tm_evidence
vae_candidate_000419	excluded	a2908cb01028b273a0ab713b54218496dc91994892113d6471d88cc0a751320f	130	0		0	0	no_extra_tm_evidence
vae_candidate_000420	ambiguous_exploration	3b33f431a071683a1c51fb69b26bd3da7af1dcb4f1ca45ca1c4b100bd5ffd569	77	0		0	0	no_extra_tm_evidence
vae_candidate_000421	excluded	2158defe5e714636cd8572ac7e2f0c371123b468b22749c8b30e02b9fa434689	156	0		0	0	no_extra_tm_evidence
vae_candidate_000422	excluded	9e9c48d023509078f397478988835404b2113bc09dd713bccd4e578287339f92	78	0		0	0	no_extra_tm_evidence
vae_candidate_000423	excluded	e7f169d994da6bbe8b96d93902d5dc04e415dd0c8e2ca24207149857070337c0	71	0		0	0	no_extra_tm_evidence
vae_candidate_000424	excluded	ee9f94514862eb905f842c205b8bf046df1ad0525d489f8207c732142b578daf	106	0		0	0	no_extra_tm_evidence
vae_candidate_000425	excluded	dddf52badc5918a7391ae519f6b1f780abbac5b93c5f45d557d6648ada656129	111	0		0	0	no_extra_tm_evidence
vae_candidate_000426	main_supported_gvpa	852cf89d588a71926a1746076b48ac0def38db5cc131b9c0b9d0e0c9ee0d629e	94	0		0	0	no_extra_tm_evidence
vae_candidate_000427	excluded	7da2d1cf3b2f05ff98f7252bdad3dcdc703a8b83dc6925b87415bc147e572615	82	0		0	0	no_extra_tm_evidence
vae_candidate_000428	excluded	71ef0c6c130186972fef90a71d8e7a1c6b8a28dd7f534433f1f4ab98579dac52	105	0		0	0	no_extra_tm_evidence
vae_candidate_000429	excluded	16a48ec81053b077665fddc22ad855e7afa04a2a0a9d54ca60eb46c34fb2b3ee	100	0		0	0	no_extra_tm_evidence
vae_candidate_000430	excluded	d4f7f640173c63151a46cbb8084fb851b7508f7aa2c38c6438db74e3910a123f	54	0		0	0	no_extra_tm_evidence
vae_candidate_000431	excluded	cfc7c74ecd47dff382d8bbca64d3aac6186513fc92bd49d863c8fbc5f3241831	115	0		0	0	no_extra_tm_evidence
vae_candidate_000432	excluded	e191e5f16611f2fc98152b0461f13307178abd056ab58218dd0efc684868788f	136	0		0	0	no_extra_tm_evidence
vae_candidate_000433	excluded	bd81929f96d59f12bf712f915af2ca519685843d332eaf2a31594a84ca848f2d	75	0		0	0	no_extra_tm_evidence
vae_candidate_000434	excluded	f7c2afe28a990a0dbad69e715f424048bfaa5e3472aa0bddc192aca5352e7234	77	0		0	0	no_extra_tm_evidence
vae_candidate_000435	excluded	1c60ae4c979fe5b867d2f17826d5b91fc45f200e2e25a24eab1f2e54bcade8b2	114	0		0	0	no_extra_tm_evidence
vae_candidate_000436	ambiguous_exploration	9f0cace841a5910ecd2892aca89d938560b22f8457df4380340039518c5c18fc	93	0		0	0	no_extra_tm_evidence
vae_candidate_000437	excluded	b4137db1222f65ade0f27032d16896961abe4a10a791d20d8b57bf342daa6de9	122	0		0	0	no_extra_tm_evidence
vae_candidate_000438	excluded	0dea11dc355b1caa99a432367e36f7292ce26353b6802fe9f062e466331bd8ae	105	0		0	0	no_extra_tm_evidence
vae_candidate_000439	main_supported_gvpa	96c8ae4af2189ce43a7bdc8694d74a4fdeaff898b7d8873be5eab2fdb415427a	87	0		0	0	no_extra_tm_evidence
vae_candidate_000440	excluded	e1772a8993e885a167ead421f9cfa933b8627e318b0d062693de68de5837f460	64	0		0	0	no_extra_tm_evidence
vae_candidate_000441	excluded	dceccecf5ab33ddca5d88dfa63913b1a1fe53a9abd5f09f6fa49358e925381a7	84	0		0	0	no_extra_tm_evidence
vae_candidate_000442	excluded	97eb6101d4386f74f2e939214fdc03f0cbde7c82aed875e5bc4353475b55beda	83	0		0	0	no_extra_tm_evidence
vae_candidate_000443	excluded	1959081215f238b9a55c2861e5611cf9e43d829b872423eee01583329b335134	175	0		0	0	no_extra_tm_evidence
vae_candidate_000444	excluded	34901c3a9d0c1211d4e66eaf33f548b1218e9b51fa4b715235cf66ae74d36a02	124	0		0	0	no_extra_tm_evidence
vae_candidate_000445	excluded	e92a5808091496651f803dd89f0cdb5eb4bc9996e986a86447133d663cf05571	67	0		0	0	no_extra_tm_evidence
vae_candidate_000446	excluded	e8104446d9ecf5706e3a45bfb8ede941f8e51883c7d9d021a8e57366fe9e9e5c	90	0		0	0	no_extra_tm_evidence
vae_candidate_000447	excluded	79b3200cb42f505a1d6dd3fbc41c31f061c80cc17248a3869728d4b2cf7396c1	64	0		0	0	no_extra_tm_evidence
vae_candidate_000448	excluded	fe1d3acf70c8f4baa3727d9cc1dee10f4b991be6a88aad21c370e25ece9495ac	100	0		0	0	no_extra_tm_evidence
vae_candidate_000449	excluded	66e554c9184696239f40e0717d8c7f26a6480ba3446b5ae1968857e45234d4a1	73	0		0	0	no_extra_tm_evidence
vae_candidate_000450	excluded	122ff4c7e3800023fed988e6dda227d405ac2d37e8f4eb249cb3b9df2b6248d8	74	0		0	0	no_extra_tm_evidence
vae_candidate_000451	ambiguous_exploration	70c7faa5bafdb3b490b5a0cffdfe17e62ac5745e87fbb94966421160fa899491	113	0		0	0	no_extra_tm_evidence
vae_candidate_000452	excluded	adc2424742794fcf5adabc33066bd24de6c612ca512447884c44c980c6f0f6ba	124	0		0	0	no_extra_tm_evidence
vae_candidate_000453	excluded	4efaaf3ed6593aa9675cbfa3f4db67b22085d2ee8767802d4a77fa2a00fa5bd6	95	0		0	0	no_extra_tm_evidence
vae_candidate_000454	excluded	ef6880f849cf1ba3e0aacfe61fa63aa3ec532344e613e0c9640e89aeb3d3e3b1	123	0		0	0	no_extra_tm_evidence
vae_candidate_000455	excluded	fefe3035466e1c3f091247bc77ccf1ae16fff2442b037d0eba663de782e8dc77	100	0		0	0	no_extra_tm_evidence
vae_candidate_000456	excluded	0ab3516c549bdcf27394ae98e3d9443cafb22364c1591e3e28a4ac007777d8f5	93	0		0	0	no_extra_tm_evidence
vae_candidate_000457	excluded	d49c81b8b45165cc8a62c47c82167954f751834942382ec2b19c620754bbc5e4	85	0		0	0	no_extra_tm_evidence
vae_candidate_000458	ambiguous_exploration	5ce156e46480e701b6deb68ade4b7ce92794f9c90caa4b13f03cfb394e1efa4d	131	0		0	0	no_extra_tm_evidence
vae_candidate_000459	excluded	4227347fd420b706d58040d0edd275bd739e39be533e32f80dd90aed0a3664f3	107	0		0	0	no_extra_tm_evidence
vae_candidate_000460	excluded	7f2c17c48bb327652e0d5484d6668350e792fcc7c513efa2f45be097161886cd	101	0		0	0	no_extra_tm_evidence
vae_candidate_000461	excluded	c8c17b6add3bf99a9e7cca0da71e4f596bc0a77a39b8cd5b05e7e0793e3e4b4f	105	0		0	0	no_extra_tm_evidence
vae_candidate_000462	excluded	56b87d925cc8710525b3fd7a20c665d2bfccb3c62453fd40aa6f5f0c69b80e61	93	0		0	0	no_extra_tm_evidence
vae_candidate_000463	main_supported_gvpa	8ebe3c53cc420aafc6760a03ac285b7d74e4498260c9f91b4578874c2005479f	85	0		0	0	no_extra_tm_evidence
vae_candidate_000464	excluded	d62e928b7952e3b59c744efecebd427180ad8b26ecdfc523a2763f912e10be15	117	1	24-43	20	20	extra_tm_manual_review
vae_candidate_000465	excluded	bb461b48960f315d061ed290964b0942a0897e9feaec54e1014d959ce22d5ab2	69	0		0	0	no_extra_tm_evidence
vae_candidate_000466	excluded	4448658a5a9f0f858f74619c7712bda634edbb4ec68d89301b2b45ff7ca3f451	101	0		0	0	no_extra_tm_evidence
vae_candidate_000467	main_supported_gvpa	8b0c7460ab2a6b30ea22c7ff4da0a36489e99527033205cf9c1d431e9c33a58a	102	0		0	0	no_extra_tm_evidence
vae_candidate_000468	excluded	6cb23a5488cab2cef86f4dda7ba512ef7d78d337c70e4b70018f2c0b1de05bce	58	0		0	0	no_extra_tm_evidence
vae_candidate_000469	excluded	02ad16ea502185b7e8bc45c5d24e42963ca4776de235876e2a3e77ac24492ddf	85	0		0	0	no_extra_tm_evidence
vae_candidate_000470	excluded	5248b394ee32e978001e08b1bf819b58cf447021fb1ba3942aed4b3adc089d77	133	0		0	0	no_extra_tm_evidence
vae_candidate_000471	excluded	f78de2ea79597aed10e75c2d475f0fb92efc599fa7f9ab5cb7cbe4eee34f42aa	73	0		0	0	no_extra_tm_evidence
vae_candidate_000472	excluded	1acb00b6574f8d9dba82c1d5a93c555a8c1b4ab3b4f95ca906ec367d558db9d5	180	0		0	0	no_extra_tm_evidence
vae_candidate_000473	excluded	c4e112f577eaf9f0ee4979ccfa84af64d5292eb6d77e76ea1e99710df2ab4f35	64	0		0	0	no_extra_tm_evidence
vae_candidate_000474	excluded	d5f0c0e77b34dfdd7478052ceac5883c317ed8b1fc6791ad2529ea186313a94e	63	0		0	0	no_extra_tm_evidence
vae_candidate_000475	excluded	2be70d02c5a1d7eac50a27cdd3599b5c33635e3d8a35b4ff6df721d93a26ad5e	134	0		0	0	no_extra_tm_evidence
vae_candidate_000476	excluded	e0729a65b3064dca3bdcaf16cfb4978a275875f3e1f0344c7aba9e29fa2b4816	107	0		0	0	no_extra_tm_evidence
vae_candidate_000477	excluded	40267f3cc382df9007abb0fe8f122270f062a618764c92f32e654c1c238f9f14	115	0		0	0	no_extra_tm_evidence
vae_candidate_000478	excluded	e1798b62f77b8b75363ce00661fd78600215056639a52d90b29a46f718614c3c	101	0		0	0	no_extra_tm_evidence
vae_candidate_000479	excluded	a62e5808c85e1e4671b28f8eb526d17224fb3a27fabcbbc82f1009464011f38c	180	0		0	0	no_extra_tm_evidence
vae_candidate_000480	excluded	50192cb708432068a1d0d696d11dc865ffefc3644de8948e0fef0199901b10ee	87	0		0	0	no_extra_tm_evidence
vae_candidate_000481	excluded	dd6c49ee2635be40ceb6c4615a750f637866e9b8b130f98d47c4ebe0c4a3cb00	59	0		0	0	no_extra_tm_evidence
vae_candidate_000482	ambiguous_exploration	9828ed27a61ec319dd9be68761dd3d34e9fe93c851ee1c43a1284026fc4cb13f	107	0		0	0	no_extra_tm_evidence
vae_candidate_000483	excluded	e459816bfca40d09d58a5951da82a2ab7ea603d99eb8b78037ab0111fb93b069	59	0		0	0	no_extra_tm_evidence
vae_candidate_000484	ambiguous_exploration	860ae2e6e54b09cc449bf47f30c4bd29602a3b7bcfc5e1fedc1e02bba780b1d1	74	0		0	0	no_extra_tm_evidence
vae_candidate_000485	excluded	76165ffefb61306134731cfc203a1f761412d55c8a986bb09b9f1ed4f9af4ffd	89	0		0	0	no_extra_tm_evidence
vae_candidate_000486	excluded	5eb2a06fb77940d2873b48c3f39ca7cc2b06aae45f6bce006ebb6c046e2e6270	97	0		0	0	no_extra_tm_evidence
vae_candidate_000487	excluded	88ac859bd1dce9c2f17c322e0823b6c6614613beccd39cd2d1ddb8f3a3b7cbf9	90	0		0	0	no_extra_tm_evidence
vae_candidate_000488	excluded	5368af9dc80335e61d8d03b0e314c070fcf554273583f2830f3500927df55ab9	154	0		0	0	no_extra_tm_evidence
vae_candidate_000489	excluded	5c699c8f3405e0784e364ef3e265467b2c87a2805fe57f4263424d6ecb1f3faa	157	0		0	0	no_extra_tm_evidence
vae_candidate_000490	excluded	5ea674964c8a1b8fed464276917bbe9d6c2de1b8fb53962b3bc845d191c773af	82	0		0	0	no_extra_tm_evidence
vae_candidate_000491	ambiguous_exploration	ca6277f91a5870408cd833d980fa569bdb2e0300f82a0a8c5cb2db0a18e8685a	82	0		0	0	no_extra_tm_evidence
vae_candidate_000492	excluded	bd0092b372bca838df0908c28e3e6631987d0e2a8f1120c4a73178a1f655b405	67	0		0	0	no_extra_tm_evidence
vae_candidate_000493	main_supported_gvpa	c98768b7a4efc02a261a587c9120dbc068b9650a02994b7a4856ccd13f20ee1a	91	0		0	0	no_extra_tm_evidence
vae_candidate_000494	excluded	ba49c6edcd829ce33bfae0aecce0e6db16170e95b8b7aad9b32521644411916f	99	0		0	0	no_extra_tm_evidence
vae_candidate_000495	excluded	eac7308575c68abfd38508401baeafeae11dd5e8d4d169616e98c48e3354d28e	62	0		0	0	no_extra_tm_evidence
vae_candidate_000496	excluded	804b2c8ac1a1fca6b3799d6bb46e50a621bf3fb1196fcd77c557208e587f9734	69	0		0	0	no_extra_tm_evidence
vae_candidate_000497	excluded	13dfea0077fb64ad22d782e2df58d35fccaa8dba314d30f573d929fcb8e95e87	60	0		0	0	no_extra_tm_evidence
vae_candidate_000498	excluded	ac748e5edd4a5272caa3fd4038875909346a62b71d5f51bdbb56de49520ea2e1	82	0		0	0	no_extra_tm_evidence
vae_candidate_000499	excluded	ffad58de7d307c70a4b28a62810c4b4fc6cd8ef65a78138a001111a3631ea452	66	0		0	0	no_extra_tm_evidence
vae_candidate_000500	ambiguous_exploration	051902327f66ae7251b858c922d7b71d901bcf423ea4549c8857c8653e20a97a	105	0		0	0	no_extra_tm_evidence
vae_candidate_000501	main_supported_gvpa	237d49daae911d9b57e6934e01b1bef4158e070f4e79ed8954baf426a47f7bee	90	0		0	0	no_extra_tm_evidence
vae_candidate_000502	excluded	7466b61598868278af2348b61f3fb697807e9212965c411d0de8b966a774033d	102	0		0	0	no_extra_tm_evidence
vae_candidate_000503	excluded	43cd241ee4415ec5135249a32a6d78f6d45355887fbb727c80ed8e2cc895732c	116	0		0	0	no_extra_tm_evidence
vae_candidate_000504	excluded	f06c72b85e56aefe81916297bc7af4d9ed33a0b01e10c179374b0798f1111e2c	89	0		0	0	no_extra_tm_evidence
vae_candidate_000505	main_supported_gvpa	7290561b620b4895054749ded8512e344d7c2f77aeb8b73fc371ad126d8cc062	82	0		0	0	no_extra_tm_evidence
vae_candidate_000506	excluded	bc5821c29cf117c035e7fc09e709dcfbf22957e63136eb7738b8f7d244df8f1b	116	0		0	0	no_extra_tm_evidence
vae_candidate_000507	excluded	cc0404396f2c7e6f46f9bdc07479b8c8a09cc3f55dd0b234c2d809e11eda7667	119	0		0	0	no_extra_tm_evidence
vae_candidate_000508	excluded	a375d8c4879bd166beba994722324ccccf3d025310ae78588960c340f49bf51a	80	0		0	0	no_extra_tm_evidence
vae_candidate_000509	excluded	0ee5ee1ba6767bea8b757627920e505b2e5ffb82cacc37e29a67a727faa50e84	78	0		0	0	no_extra_tm_evidence
vae_candidate_000510	excluded	75fafa9cbc88684e235979c4e2e49c13acd23c1134bbc0685f3e65a2cb547e6d	119	0		0	0	no_extra_tm_evidence
vae_candidate_000511	excluded	2bd6ac247f6d90f800e072592cc884a682bf97968b125ae1abf58a9ab983a232	128	0		0	0	no_extra_tm_evidence
vae_candidate_000512	excluded	a256c97976ce1ee6be4e79f88b55bc1417b1efafda7701b33386f4f3b4da41cb	145	0		0	0	no_extra_tm_evidence
vae_candidate_000513	excluded	fdd44f8904302c5c864ba9df84b50c5b0940e4703d207b95c2bd3f547bc0e240	62	0		0	0	no_extra_tm_evidence
vae_candidate_000514	excluded	7ae93f43ca1475f9236b778f282a07e9af02ee83bdd19e48e76b61526eb83a04	66	0		0	0	no_extra_tm_evidence
vae_candidate_000515	excluded	28e887785ba30a233b1344044731abf5ccdbe0f36323e830a0ed70621d9cc588	86	0		0	0	no_extra_tm_evidence
vae_candidate_000516	excluded	840634e2907c4d75c78114d2fb8b5de96ce32eeb5169ba0de5b4f9e493a6c863	107	0		0	0	no_extra_tm_evidence
vae_candidate_000517	excluded	0fad4587ee2e681239b297927ab1ff8169f6a4f6eb50db27612351834d598ac9	58	0		0	0	no_extra_tm_evidence
vae_candidate_000518	excluded	e9ab93a2008317333cce0dfc394c894b599e8a28a709f209fda39034185db8fb	57	0		0	0	no_extra_tm_evidence
vae_candidate_000519	excluded	94953b40a3929de0c15937e1e22a09da20058d2df79f5f7fc9104464527624da	92	0		0	0	no_extra_tm_evidence
vae_candidate_000520	main_supported_gvpa	fd396f455baba197f81bcb1d201fbf56e0ddf346f6f7e100d90458bc8fc52e12	73	0		0	0	no_extra_tm_evidence
vae_candidate_000521	excluded	1341fbecf1d899f71d5dc654a543b6b87d4f6255499556bd15f2306b876cd56c	149	0		0	0	no_extra_tm_evidence
vae_candidate_000522	excluded	0802a1e30164b7b26b7e5b38c9733a77a2f865ba9b9790c79ea74bc855ec02dc	155	0		0	0	no_extra_tm_evidence
vae_candidate_000523	main_supported_gvpa	3158f66c154301ebe5be9b4a5c3a7b6de919ce16be2b498c1ff5a2729d247600	109	0		0	0	no_extra_tm_evidence
vae_candidate_000524	excluded	cea1f071f6d95a49efc08bf50783bb1cc6c85d0a66b2620d62a76c8d68e2d101	98	0		0	0	no_extra_tm_evidence
vae_candidate_000525	excluded	cc404f7a185efe68906c545c62a0f2d0e53915b75ded8ba2c94b6a3d6845bf22	91	0		0	0	no_extra_tm_evidence
vae_candidate_000526	excluded	dbdcc19a783b2f392b0c0aea54ba0aa7803b2187c5ba290bd4db73dc93f215a3	156	0		0	0	no_extra_tm_evidence
vae_candidate_000527	main_supported_gvpa	f1d2270e531e3478f282d78f70ff20451fefb29a5b24d804c148a4304782f3e5	93	0		0	0	no_extra_tm_evidence
vae_candidate_000528	excluded	19864a91d6c3e468c464ffbb49886cf00964f094d359a82094484fc2c9a816cf	80	0		0	0	no_extra_tm_evidence
vae_candidate_000529	ambiguous_exploration	fdcc4d09545ae35f0252e038a8cb5eeff344d9dbbd78b848cb63ea250c2d8ce4	100	0		0	0	no_extra_tm_evidence
vae_candidate_000530	excluded	17f15c5df61c504fae1058dbd4ac771c10ba9185ee3f086cc256d125462bade1	71	0		0	0	no_extra_tm_evidence
vae_candidate_000531	excluded	ca58186bc449ff3382d94a2cc8267bc744860dc89a80d6265ec0a7e674fc335a	72	0		0	0	no_extra_tm_evidence
vae_candidate_000532	excluded	f408168edb740c819833b0ce4b85f2a41b7c8eaea250f520c44b3aefec6b396c	90	0		0	0	no_extra_tm_evidence
vae_candidate_000533	main_supported_gvpa	9c5a336ac6e4933ec99c70dbc329fae5f95411759913fe3a795956c139289ce4	101	0		0	0	no_extra_tm_evidence
vae_candidate_000534	excluded	89dca49841d4813a7b2daaa5b41515c7a0c01da0ab030748993b52283dc5f4a8	83	0		0	0	no_extra_tm_evidence
vae_candidate_000535	main_supported_gvpa	62675d4dc50128f8c57f313541fe6b9df12a2ca46f12101dfe4955bdc72f394c	92	0		0	0	no_extra_tm_evidence
vae_candidate_000536	main_supported_gvpa	9afa5083ffbfd9d5f230069fdad3506f2b109cc83b99b9e4c43c4c15c5634cb8	88	0		0	0	no_extra_tm_evidence
vae_candidate_000537	excluded	75f8f7259f5ac7d72362d5df53fd1f8af17ac8135a93d8d5b45e658cf8da057c	58	0		0	0	no_extra_tm_evidence
vae_candidate_000538	excluded	25de75ea24cafb95457dc416020f9135cc7b9065334fdc59d78e479aa0b9e3cd	73	0		0	0	no_extra_tm_evidence
vae_candidate_000539	main_supported_gvpa	a8e0ffb4426cf3770fa3413f7c0153ee4d4e4084d1e163a8c72280ac4d7ec347	91	0		0	0	no_extra_tm_evidence
vae_candidate_000540	excluded	35bc96f9086c35f3f10f00fb95915e62985e2827d4dd0173d5a5ee77cf1f1251	91	0		0	0	no_extra_tm_evidence
vae_candidate_000541	excluded	36b0e85572868da384f84890163cb7d76f79564020177eedc3e2c49edc0b6654	100	0		0	0	no_extra_tm_evidence
vae_candidate_000542	excluded	5bd2d7c2b4e75a8fba3c6a6486f3e83be7261893a34bdd538a597ee074f5175d	158	0		0	0	no_extra_tm_evidence
vae_candidate_000543	excluded	31fd0565b3d4ce2347c9a38336f73c4e3a79e899d1b4392847754badb581185c	180	0		0	0	no_extra_tm_evidence
vae_candidate_000544	excluded	3e94f987e5fa92fa50a4ecf31f5f192bb41e23ce183e1d9be18022d401898d6b	122	0		0	0	no_extra_tm_evidence
vae_candidate_000545	excluded	251b3c75ded3b2faf8237a38ad164594463e11f065affceb3040e02ff346ea6c	95	0		0	0	no_extra_tm_evidence
vae_candidate_000546	excluded	27394b2460cd194c7e71a27d722496acd7fde2b32ad7e87cfc096da9b08ae632	101	0		0	0	no_extra_tm_evidence
vae_candidate_000547	main_supported_gvpa	feaf8c0547325aa45512d83cf62f40fe54443d47b3c7e32c106381f552ecc696	100	0		0	0	no_extra_tm_evidence
vae_candidate_000548	excluded	e6c9692fe986deec3a8c43670884e87d23865d66a922f3c16d1ce66aea179918	146	0		0	0	no_extra_tm_evidence
vae_candidate_000549	excluded	6c45a9744d644e698804471556078f6501961c1d18961ef7cca23958b2254b69	122	0		0	0	no_extra_tm_evidence
vae_candidate_000550	excluded	73e7135f6c31101b32a681464f73af457c05cad1d69f51820922077bf46248c4	65	0		0	0	no_extra_tm_evidence
vae_candidate_000551	excluded	e280f882d39711e73bdea28001a63947c26d3c05088ceb92e41d99b151df4eb5	108	0		0	0	no_extra_tm_evidence
vae_candidate_000552	excluded	5a9efa12561af04bb7ca1f2622f2adff0b0084307b878b686d13e4ee5e0232d9	55	0		0	0	no_extra_tm_evidence
vae_candidate_000553	excluded	05313448859bb7d30c39c0fa60524d2e014ffa3c010c1ada07117dd60b5c7e0a	96	0		0	0	no_extra_tm_evidence
vae_candidate_000554	excluded	92e29ef03d47d94444707261d17f084200f6c0bd2cc869435569bb8ce94865d3	83	0		0	0	no_extra_tm_evidence
vae_candidate_000555	excluded	a2cf84f077620b2d50b515f05b2ee556fdd75eb901fe0a860d671dfd8c7e7242	155	0		0	0	no_extra_tm_evidence
vae_candidate_000556	excluded	0480009d242b3dff472b695bba0c92cc5f9e7763e17d2826da0195659c86eff1	152	0		0	0	no_extra_tm_evidence
vae_candidate_000557	excluded	bec7f0dcc0f979e94866e38ab65c11bdfd2ffdc3ffa43a5e0a29767d9b15e196	85	0		0	0	no_extra_tm_evidence
vae_candidate_000558	excluded	9208f5a87f7a037ec5f253be107ba2dddb4716f3c6a8330c14a35ff70d769dfc	109	0		0	0	no_extra_tm_evidence
vae_candidate_000559	excluded	e71234d9f48b93f6fbb7618df62d0cf401337de4ff95444f91ba1767fdb248b0	90	0		0	0	no_extra_tm_evidence
vae_candidate_000560	excluded	44b002954796311c462352d86008d642ca585ba0c7923d4ae337698d83729465	84	0		0	0	no_extra_tm_evidence
vae_candidate_000561	excluded	e0eb00eafd84ed8595157bd0af774d8e67cf97180939fde6bb2e8211647c6117	70	0		0	0	no_extra_tm_evidence
vae_candidate_000562	excluded	65a6bf2a979df403e091da0ae2c1d4a5bea0bc9fa823238a1d6114d5a01fc1d5	134	0		0	0	no_extra_tm_evidence
vae_candidate_000563	excluded	dd7ea8a17357ffc5adbb578979111eb8aa45e222ad53ddcdaf737ce219eeac8b	67	0		0	0	no_extra_tm_evidence
vae_candidate_000564	excluded	4165d50566571fd6b665aa33970582189030366fc00ca0b7a395dff9b73b3b2b	95	0		0	0	no_extra_tm_evidence
vae_candidate_000565	excluded	17300e41f9718f65dcf650a1036d07505778c783ef68ba2be60757867acfc84e	72	0		0	0	no_extra_tm_evidence
vae_candidate_000566	excluded	86353f3f4a48442d3601e76be629729b9246959b7cf2beb6f85f38be42566b24	92	0		0	0	no_extra_tm_evidence
vae_candidate_000567	excluded	02486214fcad533610132d613ce9eb042fbc9bbd4ae7c2e3d44488c1b876f143	69	0		0	0	no_extra_tm_evidence
vae_candidate_000568	excluded	1448b3cb01c08c061458bd151ee8601dd796b43f7931f53c1799211a8131ea46	88	0		0	0	no_extra_tm_evidence
vae_candidate_000569	ambiguous_exploration	e67e43356338b9360b6130f5b7553ad2ad20d676c85d365fb4cf6b4e6783ca6f	112	0		0	0	no_extra_tm_evidence
vae_candidate_000570	excluded	0ed9bbb09fea7a4ecc8dfd45a1ae239d5fd6c3bce8d21e666144108f90d6880e	117	0		0	0	no_extra_tm_evidence
vae_candidate_000571	excluded	1a154160e47661e05eaae5270950b06406f165a97d0a35f14067a7425ba96330	75	0		0	0	no_extra_tm_evidence
vae_candidate_000572	main_supported_gvpa	f4801e8d1850a1d2995436a8f4f51f7f0b65b5cb88fe831f187ed6826632267d	87	0		0	0	no_extra_tm_evidence
vae_candidate_000573	excluded	35cadaf418456f54ee33784cd776313bdd6369966ea05bede98a247f4effb08a	87	0		0	0	no_extra_tm_evidence
vae_candidate_000574	main_supported_gvpa	23b6f03457cac32e64cd3593e50abd9ca62ce8075a3001f7ff9c744219e03a66	94	0		0	0	no_extra_tm_evidence
vae_candidate_000575	excluded	6b806898a5299646c14a964e98e596a8122e634c88f917db1ede8d200f016a2e	139	0		0	0	no_extra_tm_evidence
vae_candidate_000576	excluded	475000b0b0380ffc5534258175145f44d7c4eb6f2f4d2ed88a6887fdf9e2e20f	127	0		0	0	no_extra_tm_evidence
vae_candidate_000577	excluded	ece83c6dff53a7ef56b4998ed1352ddb71d85daf5686daa7031c391f7f38e9ff	98	0		0	0	no_extra_tm_evidence
vae_candidate_000578	excluded	86b11d991b34eb2ff42ab995785da7f90fcf1d0ef071de0d3f5951c89f111a10	92	0		0	0	no_extra_tm_evidence
vae_candidate_000579	excluded	cb2bd6d86e601067792f47df1f91ab508ee9186aafb10508e476bfba52313c1e	123	0		0	0	no_extra_tm_evidence
vae_candidate_000580	ambiguous_exploration	eb7c02872ed5178a0fd37cd6bf0cfb3a212f457d59ebb033068712818d42bd38	117	0		0	0	no_extra_tm_evidence
vae_candidate_000581	excluded	da975e44b89f222b98059bb87201eeec40a33806af2cc6b9787e42b1d68d5636	69	0		0	0	no_extra_tm_evidence
vae_candidate_000582	main_supported_gvpa	53112e9da4634e57b4252d683fc5b2f5974987ffed923842cac2b310487cdafa	86	0		0	0	no_extra_tm_evidence
vae_candidate_000583	excluded	2892b52762d89f0b9c1c9e106e68f79375843cc89ebef47404b8b6cbed914730	103	0		0	0	no_extra_tm_evidence
vae_candidate_000584	excluded	b7302680b203f4042854cf129d5fc49e8bfd96f36544ba749941fee33c7933a6	96	0		0	0	no_extra_tm_evidence
vae_candidate_000585	excluded	03b372cbb741f1604ccf2762661da3b51cf875ce6ae22234af227d51401d6386	79	0		0	0	no_extra_tm_evidence
vae_candidate_000586	excluded	4d9aa407472e1e9676dcdc95e11a7cdf7ac1042d2441cbb32a35124d13b834f6	114	0		0	0	no_extra_tm_evidence
vae_candidate_000587	excluded	901b80e00a893841ba99b2349d9839dd40f97453828ad3aab616dc54f9d0df67	59	0		0	0	no_extra_tm_evidence
vae_candidate_000588	main_supported_gvpa	dd111bef68824755ae99208d23b1c9cbb41ad5e7507b9d44ed02105bbbd638f8	99	0		0	0	no_extra_tm_evidence
vae_candidate_000589	excluded	d92743cd4ae9a061d2e6af6c8a6d1f47002cd3ce477483b6c1eac4690100a1fd	77	0		0	0	no_extra_tm_evidence
vae_candidate_000590	excluded	bfb023add46c64402ac3bc3765736347211964289380de4cc2d52031157bf09a	91	0		0	0	no_extra_tm_evidence
vae_candidate_000591	main_supported_gvpa	a44b36092f9f5eb0d9fb6677d734c75644dcffc80a5b588518b668125c251a6f	88	0		0	0	no_extra_tm_evidence
vae_candidate_000592	excluded	529ae5df0c01e17cad7cb200e9d1f8723a37c42faef71c91937ccfbeb572607d	90	0		0	0	no_extra_tm_evidence
vae_candidate_000593	main_supported_gvpa	801b606aaf646c7c90dafeda72ed20c56205cd8dc4a9cf9bc9087c4b80379963	124	0		0	0	no_extra_tm_evidence
vae_candidate_000594	excluded	d5a6435169b29fdda71913be8bc2615e6f6d7866250109c77171349948af7069	180	0		0	0	no_extra_tm_evidence
vae_candidate_000595	excluded	99c498ce8cbfd917f9c4a64cd672f3261ce8b382742d9150eb6f22a4bf3bb607	74	0		0	0	no_extra_tm_evidence
vae_candidate_000596	excluded	e1dc8d14d9d9e1308a42f9eec9bf7148f2de50dade6e478998b773c9f942543a	121	0		0	0	no_extra_tm_evidence
vae_candidate_000597	excluded	e5907ce161303546a7aa7fff90c48b28082f997676138c61822e0305afc5d3ed	78	0		0	0	no_extra_tm_evidence
vae_candidate_000598	main_supported_gvpa	7518a0b61745860a85edb12a3f0feb56fa06f0f7e51d349b7f5d9fd28b63adb9	94	0		0	0	no_extra_tm_evidence
vae_candidate_000599	excluded	2ccf7982c8054b89750e58691b3b6207ef04d7f2a2c68ad2c575646f47b888d0	119	0		0	0	no_extra_tm_evidence
vae_candidate_000600	excluded	64a67524589912248cbc0047fd834fd1f336171d2f369ff0fe86370f3ebfd3fc	79	1	17-36	20	20	extra_tm_manual_review
vae_candidate_000601	ambiguous_exploration	2d0e7655a37682d85725626f3457eff77cedd070a7fa85eb51435943497a88a4	91	0		0	0	no_extra_tm_evidence
vae_candidate_000602	excluded	6164adf122c8c60cd996f15a72107407f183efd87dcf219a71b32ead35ccdeab	106	0		0	0	no_extra_tm_evidence
vae_candidate_000603	excluded	a9db44ec41ad839c3ba6877710046351190414ce5bb99a31fe2394a586ee6ca3	87	0		0	0	no_extra_tm_evidence
vae_candidate_000604	excluded	2151510f28914796d0bd8bee622ce565c90926f23d869b9195f7f9c2cfd2b5a4	100	0		0	0	no_extra_tm_evidence
vae_candidate_000605	excluded	823061a35dc07ef4073c69d3114da558d17d6cab2033f3aac003ad437c33a2ad	150	0		0	0	no_extra_tm_evidence
vae_candidate_000606	excluded	489ca12479405ddfd03db74ab12d36e09e1439264a699ab4d37f0aeea4763357	85	0		0	0	no_extra_tm_evidence
vae_candidate_000607	ambiguous_exploration	69ea9df556cd9e706ebb907d2dba1aa72890751992b9f55d8f1b4fb6c0dcd130	83	0		0	0	no_extra_tm_evidence
vae_candidate_000608	excluded	da82be8594659c59a0bed4d0a2ee397fdc47796c958fc53f6be015801471c59d	86	0		0	0	no_extra_tm_evidence
vae_candidate_000609	excluded	9b0d749a6c829ccecf930729fdd42b6f834a6ded85ceea00f37cc2c433f927af	92	0		0	0	no_extra_tm_evidence
vae_candidate_000610	excluded	03af29c7e40c6f3934a47921e6c3dd7c589342cadac0f8eeae0bd97db2d82b2f	83	0		0	0	no_extra_tm_evidence
vae_candidate_000611	excluded	f92af7b900e31bf00f99ac7b7b4bef6f8842664ccad215c4e741aed77ef17c73	83	0		0	0	no_extra_tm_evidence
vae_candidate_000612	excluded	2af3e102bed543c7bd1335903f9e4aa84b12d3c47f99b95211da2454bdc49f33	180	0		0	0	no_extra_tm_evidence
vae_candidate_000613	excluded	d257e27e89d6b5aede32b438265d094c17876cf6b048c5ab8496667f7348d310	99	1	21-41	21	21	extra_tm_manual_review
vae_candidate_000614	excluded	43bdc844672d78c171fd6c68259c7bb6c1f9ff33e102920ab2a23b6fdae16d5e	84	0		0	0	no_extra_tm_evidence
vae_candidate_000615	excluded	f40d5398eaedf958b868d3586b0182d41e92956450d37106487badcc7fbbb64a	92	0		0	0	no_extra_tm_evidence
vae_candidate_000616	excluded	b50bc478e043ac12515b39720fae76a4a42b1668396234e4f8984d833a8b0a4c	66	0		0	0	no_extra_tm_evidence
vae_candidate_000617	excluded	738191e528bafb0ea17cb7df23f39eef4546125820f9b5198f5b23125edd9cd0	92	0		0	0	no_extra_tm_evidence
vae_candidate_000618	main_supported_gvpa	c50908e812ce9eb1076293f3c44239f62df5eaa2b3f58242d930d895276f12be	95	0		0	0	no_extra_tm_evidence
vae_candidate_000619	excluded	c6432145a47ba80b9c3cfae7ff8057da7c242a40194908ab665bb47e94f6568d	113	0		0	0	no_extra_tm_evidence
vae_candidate_000620	main_supported_gvpa	fe0e6ae29f189603d1fc20d13958f12819bea636b1ae3ee8266fcd27eb608fd6	149	0		0	0	no_extra_tm_evidence
vae_candidate_000621	ambiguous_exploration	0e5a55e0ff5a752a4464e373f76926f519282f785cd29c5f297569ac86d0fa9b	76	0		0	0	no_extra_tm_evidence
vae_candidate_000622	excluded	687a98349034cf3d71b18b33492478c9e9f3d76bdb5a46760e0d312bb6460021	66	0		0	0	no_extra_tm_evidence
vae_candidate_000623	main_supported_gvpa	80b5c56178ba97e5622b6da029531bf9eabd793b3017226202bfbc9f57263578	93	0		0	0	no_extra_tm_evidence
vae_candidate_000624	excluded	6bb6f71252c390b008fd2c2283718297ea367842e7c846f75a3d08aa68a406da	86	0		0	0	no_extra_tm_evidence
vae_candidate_000625	excluded	fdb45f72754403a7ff4c7c8e1b286fbe0156973c5a719fd12eff8971ad06247d	100	0		0	0	no_extra_tm_evidence
vae_candidate_000626	excluded	1ca2d00cd7b7bc560d914a854402b93b4f6561abc125a01b60955994ad194d79	166	0		0	0	no_extra_tm_evidence
vae_candidate_000627	main_supported_gvpa	a5ccbbda7cb5bf3b459f0c698f53230b9aaae4b837b52b8d7fcda29974d74776	90	0		0	0	no_extra_tm_evidence
vae_candidate_000628	excluded	604c7a6520f85dcfb5c91e2fb4a717c5400bcf7ac428e967b92de28e91eaf75a	112	0		0	0	no_extra_tm_evidence
vae_candidate_000629	excluded	68b99caae7321f1cd810bc4a1eebc30a8dc0a60e7d52b5f866646f225eb1bbfe	50	0		0	0	no_extra_tm_evidence
vae_candidate_000630	excluded	9e4c009e6bda71312eddee8136af4e9355987ccc427b58781604b68f59cb432c	111	0		0	0	no_extra_tm_evidence
vae_candidate_000631	excluded	beded3742d320e76bf214e4fe537d8f2e1511da86c0dc1221d330360109e51ec	115	0		0	0	no_extra_tm_evidence
vae_candidate_000632	excluded	1f8cb5909d2ce7b5f874be1476f8711645b48e2181ad6dbf8fe777bb75f87269	125	0		0	0	no_extra_tm_evidence
vae_candidate_000633	main_supported_gvpa	afb6b4748aad8a36281584e1dad95ba42f4a7fbe947fb58621fcf54996be2c86	99	0		0	0	no_extra_tm_evidence
vae_candidate_000634	excluded	9eccd02774533102c151e9e42f06e6bb6e399ae6fecb13dd2ef2b9965fbd3caa	97	0		0	0	no_extra_tm_evidence
vae_candidate_000635	main_supported_gvpa	7b2c8269e84e7bb33fae6cd8d3780b01365b73305e754cafee6c195195a65cb3	89	0		0	0	no_extra_tm_evidence
vae_candidate_000636	excluded	1fd1b81a224310a20bc68360fafd52b13464b58fbe1f2ad230065b8d284fca5f	100	1	37-56	20	20	extra_tm_manual_review
vae_candidate_000637	excluded	20ed6a1317427796bf1cdaa6283e818b68c18972b37d58bcf859a1e9ae63f1b5	180	0		0	0	no_extra_tm_evidence
vae_candidate_000638	main_supported_gvpa	a7a50b47d4a9a44506c4d7b38fb94d12bcfe96b96aa2f872b267336c89d1c597	89	0		0	0	no_extra_tm_evidence
vae_candidate_000639	ambiguous_exploration	8b35d2c02e0fa5f04b46255762cb345fecee2527c584e5fe350aeac18d84a230	89	0		0	0	no_extra_tm_evidence
vae_candidate_000640	excluded	69e6cdebc6761216e4585a76926746c3789e47f593be9887e61c638984864481	85	0		0	0	no_extra_tm_evidence
vae_candidate_000641	excluded	ba25cf32dfb97956002ecd6d96fc867b45e9b4f8b045a821d89a6b06f66d3fad	122	0		0	0	no_extra_tm_evidence
vae_candidate_000642	excluded	115b19a1ced627ab332a861ee0f3ab3c25e8b6c8f7000502230f680b520750ad	139	0		0	0	no_extra_tm_evidence
vae_candidate_000643	excluded	cbf55cfd9bcfd5a758b90ca364a7dbab20d407cd21f50c5706cb9adf2c936f75	104	0		0	0	no_extra_tm_evidence
vae_candidate_000644	excluded	4c748574fa882146742113a531743854d4db4695737f0c0b60b8609d0c6e8370	176	0		0	0	no_extra_tm_evidence
vae_candidate_000645	excluded	cd6f86bea5942efd527f580bae727d26c0bd1422a9de0dcb3a8ad3efe7857a61	85	0		0	0	no_extra_tm_evidence
vae_candidate_000646	excluded	163ac79481e9f33a5be12848377117163af76d542f3bbc64c727f9f7e00d025b	116	0		0	0	no_extra_tm_evidence
vae_candidate_000647	excluded	1576d52214e4f3ddca0ca11e9c68c7bd14accd3fa50826f4f2bac14976bfc428	97	0		0	0	no_extra_tm_evidence
vae_candidate_000648	excluded	039c1d08503e1604c563e39325c4cd76b598954c4175d8d4c19efbfab43f87c7	96	0		0	0	no_extra_tm_evidence
vae_candidate_000649	excluded	7bbf93a158a515d2e85719e1802e41443cd5ff0109fcdc4318712efd6076d47d	90	0		0	0	no_extra_tm_evidence
vae_candidate_000650	excluded	6df11e1bf8f96ad93d442a7772338c7616f29f0cb027f00f52c81b4fe399894e	74	0		0	0	no_extra_tm_evidence
vae_candidate_000651	excluded	7ba6cd1cf2709074e932df0d21ac248babd721b5da9208f85db0f9b778d966bd	94	0		0	0	no_extra_tm_evidence
vae_candidate_000652	main_supported_gvpa	8398475e250133c7c12cf15ec3507718435f4a57d6a7f1c5e00bce374b55eea5	84	0		0	0	no_extra_tm_evidence
vae_candidate_000653	excluded	09f9ed73de457eb2475a8ff54ed15332a5db15cb4a62c8ea4c77f262a5b335c7	108	0		0	0	no_extra_tm_evidence
vae_candidate_000654	excluded	30ef6d5fc0756cccb5b25d0a9340ca4475ab06076c3dfe383a3bf35f5941708c	71	0		0	0	no_extra_tm_evidence
vae_candidate_000655	excluded	0639455fab32b8ac108190d63ee4c4136cc0744c577f5966334b359ffcc9abc9	82	0		0	0	no_extra_tm_evidence
vae_candidate_000656	excluded	67466894dfa424e0cdec5de861817963d5a5592dea08594dea8f927eb28e5975	83	0		0	0	no_extra_tm_evidence
vae_candidate_000657	excluded	0d0e0bc6e72353ec0f6731a903cdcfb1f02d6cc1ffd36872f0796b6c21dee15b	72	0		0	0	no_extra_tm_evidence
vae_candidate_000658	excluded	8ee00fc195b3fe38910aef89cdde57ffd3ac53fc8438cbdc08a22a402a82146d	96	0		0	0	no_extra_tm_evidence
vae_candidate_000659	excluded	0c444b80f71512bcda0d19f20b009416c858e2666305bbb1a1b0ec29e4a2e2d7	112	0		0	0	no_extra_tm_evidence
vae_candidate_000660	excluded	fd56c03cbd674c255de7bcafd33243e4794aeec4ccd3bb0188e000175232ef02	112	0		0	0	no_extra_tm_evidence
vae_candidate_000661	excluded	f983a3ee80865fadd35883fd627b6519959019d730c3c763988f8ee13a3ab9fe	180	0		0	0	no_extra_tm_evidence
vae_candidate_000662	excluded	94a3f2b0bde09c30a29513170d3fc0385f9e3de9f33fa5203d5729d0a1b4d777	93	0		0	0	no_extra_tm_evidence
vae_candidate_000663	excluded	44c0c5b9c5adad2b175a9bee05b0145c2e23e67c1fae17cc92099c590d086b1d	88	0		0	0	no_extra_tm_evidence
vae_candidate_000664	excluded	1b7b0e5c8f9e82d2be451e3432a653e803b13f2d888940e9bca1f8ad33c4859d	168	0		0	0	no_extra_tm_evidence
vae_candidate_000665	excluded	00696ddb4d09ea367cbd539ff174046c725e013a1f01e64bc1f8ca4c66b008cf	175	0		0	0	no_extra_tm_evidence
vae_candidate_000666	main_supported_gvpa	d00ef087190b31c0e2913c6b659c39df42c2782f19d50215427a54feb91abe3b	99	0		0	0	no_extra_tm_evidence
vae_candidate_000667	excluded	8cfc50f3db68247fa3cfd72c6f0d2abb0943fe855f92f32d21bee1d7718b8c23	61	0		0	0	no_extra_tm_evidence
vae_candidate_000668	excluded	a74c553df6e79b380d7f8742ac52c846df2a8d4e61dcbb805688f83eba7dadb4	82	0		0	0	no_extra_tm_evidence
vae_candidate_000669	excluded	49af773ec5f54cfe159a4e2967c4d5d8b0313f3bf3557a66740ef3e6c79690ad	180	0		0	0	no_extra_tm_evidence
vae_candidate_000670	excluded	9af81b9aee479c73d8f0e23af0a7e3750f78d58029020ae87f0207c2c1742603	134	0		0	0	no_extra_tm_evidence
vae_candidate_000671	excluded	ff2f5733548fca8f55219602a6c981c0e75d62c1493ddceee0b837298eb95ac8	73	0		0	0	no_extra_tm_evidence
vae_candidate_000672	main_supported_gvpa	7e2d18d074206ea5cd39ea79fe96940e6738bd774c81f5826cb2234587485918	131	0		0	0	no_extra_tm_evidence
vae_candidate_000673	excluded	cc0342b46f466b8c44cf4c36c26f14a0545941a2b58ced555a31604b95fbc055	93	0		0	0	no_extra_tm_evidence
vae_candidate_000674	excluded	6fadaad38f7b17e6f590ac524eaa045433e4169d50f5389d755349632843ecd8	71	0		0	0	no_extra_tm_evidence
vae_candidate_000675	excluded	4c60bddadec5a27f261a495dc10435d2df985a19407b08ef9ef7b0acd59e1aa6	82	0		0	0	no_extra_tm_evidence
vae_candidate_000676	excluded	b1ad770d3aaf52b9b6f063729633d213cdca45339bc8598a00990e5274e93e50	106	0		0	0	no_extra_tm_evidence
vae_candidate_000677	excluded	250d0633702297b018d31c3e0fc802b9505528ba179acf684cfbb1295df38ce9	137	0		0	0	no_extra_tm_evidence
vae_candidate_000678	excluded	ab23d3da21a2a7686a16f57e39e0ff820b632d6dcee45b022f27f59bfbf68a65	87	0		0	0	no_extra_tm_evidence
vae_candidate_000679	excluded	55f9e67eddc34ed21d7af3a126dc1ad8dc0b14c5a42b22124395bc19182139da	70	0		0	0	no_extra_tm_evidence
vae_candidate_000680	excluded	be47c5b2821a63fd784bab45041f31578961c3269dffa0a56f5d7f35818bc530	94	0		0	0	no_extra_tm_evidence
vae_candidate_000681	excluded	652dcd88e6e96d75d7cfc64ca1f2b922623fc501ff371cd7f9408e5e364fbb52	81	0		0	0	no_extra_tm_evidence
vae_candidate_000682	excluded	3b40be25ebb441da3f25bdb6c3ee5461fb0293526385eb8f174914982231fd1b	119	0		0	0	no_extra_tm_evidence
vae_candidate_000683	excluded	df378e3927fdcdbd3a29229d57b4772daa27c7373e680dcf685d2a7ebf8e798b	93	0		0	0	no_extra_tm_evidence
vae_candidate_000684	excluded	e8b39de4d1afaaa8dcdd8e83300fcfedcb61a318080dcac76e891260d5949137	175	0		0	0	no_extra_tm_evidence
vae_candidate_000685	main_supported_gvpa	795186849f83612a04d6ea280ca3c86f7ef297d6f2b237dff27dc036ecca7766	106	0		0	0	no_extra_tm_evidence
vae_candidate_000686	excluded	ef8048ff58daa1be2ea707510cde18fd4935587d130472960fbde6349fef4191	95	0		0	0	no_extra_tm_evidence
vae_candidate_000687	main_supported_gvpa	850e2b2251223d46b72a698da3b64c96b9ac4f484739ff2339bac81f3b1cffdd	130	0		0	0	no_extra_tm_evidence
vae_candidate_000688	excluded	10c96751ee175a47ad117df479bbfc4b0ef524870761f6a2b11a182af2d05b83	60	0		0	0	no_extra_tm_evidence
vae_candidate_000689	excluded	8d88d591eabe13ae2f084a670a910ad3f5a9d5c4b469816460dadec1fdbc041d	126	0		0	0	no_extra_tm_evidence
vae_candidate_000690	excluded	2f9c523747f686dd38a9f66c452b33df53b1ca912775b55b7623f6f14bea126b	66	0		0	0	no_extra_tm_evidence
vae_candidate_000691	excluded	bd793ec102ccc0cb4ceb48b30042768c0a1206efbf8d942243e83ef68e84d0a5	129	0		0	0	no_extra_tm_evidence
vae_candidate_000692	excluded	44bde09ce12698b44eb0a0714f30c2b22b8784a41a4926eb3f54a6bcab006b7a	96	0		0	0	no_extra_tm_evidence
vae_candidate_000693	excluded	f8065cdb93421774cf759f272d7ae5833a108aeb71a4cdab70dee2e294e9945b	107	0		0	0	no_extra_tm_evidence
vae_candidate_000694	excluded	30e77652ef82860186a99498cd0d4d3cd88f5204b1d7277164ff8a304426e17e	180	0		0	0	no_extra_tm_evidence
vae_candidate_000695	excluded	125a36b64a9f950c31a46f2433f974337f68cea3e2d95977d15fe59e970be8e7	98	0		0	0	no_extra_tm_evidence
vae_candidate_000696	main_supported_gvpa	4175451b8194645180cc583ad73672e0d34e2d66dd3a96e3cc4b4e9831e1116d	102	0		0	0	no_extra_tm_evidence
vae_candidate_000697	excluded	ebe7673ac0fd32e29ba706841eccd7ccbe155541cae06ad1a25bae533bc000cb	65	0		0	0	no_extra_tm_evidence
vae_candidate_000698	excluded	6296b850f0b87ea87547668a818be052d85ba4b2f93451410c856c4a70482a62	66	0		0	0	no_extra_tm_evidence
vae_candidate_000699	excluded	b4efc4b82799778eea964ea842ce41d56ec39d78d980e9a14f5e2a3ead16ce49	101	0		0	0	no_extra_tm_evidence
vae_candidate_000700	excluded	5dd3eac78d4815c437c68504717b8fc1f392d057741c2aec5a9c75a000846c38	158	0		0	0	no_extra_tm_evidence
vae_candidate_000701	main_supported_gvpa	c737c42b439ab81d2bc913c7c47569b616c7fef4963d0dd1f1e59952c9717504	111	0		0	0	no_extra_tm_evidence
vae_candidate_000702	excluded	8650c4a48fd28d416a46571b0abf6fbb75b98ff7563f7b444256dadee4dc556a	99	0		0	0	no_extra_tm_evidence
vae_candidate_000703	excluded	cb0e4ca8b6f658f0ee875fad485699c1f8d6006ae8113fa3bdf441abdc334c40	74	0		0	0	no_extra_tm_evidence
vae_candidate_000704	ambiguous_exploration	f685b11884819bc3a328b04363d7c5e840f6606925f7d150be590b0bd4784a5f	113	0		0	0	no_extra_tm_evidence
vae_candidate_000705	excluded	b8ced9d5027629cf0bb333603a0a0bfd19616568bf34fab6f8e12976c387ff91	180	0		0	0	no_extra_tm_evidence
vae_candidate_000706	excluded	9d6c2e9076b3096c03e8b10dcf8878b46131b5578d2c25064e9f1314fa719ea9	83	0		0	0	no_extra_tm_evidence
vae_candidate_000707	excluded	7c3d4861bb244b27a6a62fc5f780ee670d507e773f270652e5e0e749e1aaecd2	156	0		0	0	no_extra_tm_evidence
vae_candidate_000708	excluded	83652a9dc7096b309b233cd7833ac3962bdc500f8770c949ae04af3d0c92941b	167	0		0	0	no_extra_tm_evidence
vae_candidate_000709	excluded	bc625d467e519e083ff2901807da63327b2c43805a98481b139aff474e8278a5	177	0		0	0	no_extra_tm_evidence
vae_candidate_000710	excluded	953563754855762255e73cc8937ce3730fabb8a2433376e8cded4b2860a9e52d	103	0		0	0	no_extra_tm_evidence
vae_candidate_000711	excluded	743f8b448f09a66d152c0ffe58f9c9a97bef32fc4c30c6f5049b049f2fcd4262	62	0		0	0	no_extra_tm_evidence
vae_candidate_000712	excluded	70f438185e5ee155d81a84a8ac6c0096189a9a0598b6d181d9a6dfc616db7e6b	154	0		0	0	no_extra_tm_evidence
vae_candidate_000713	excluded	8c2a71871cbc7a369a1febb61bfb8a97b2e2f71fe4094d2c97fd13ed6a9293b6	98	0		0	0	no_extra_tm_evidence
vae_candidate_000714	excluded	c4d3291f00de8d60e35e472c4c31ef0b9b77d67d208533a24859a054e92d4896	70	0		0	0	no_extra_tm_evidence
vae_candidate_000715	main_supported_gvpa	2c40308b22edeffbd13b3142a97c89b20cf0c98b219598aff7113591d8c288de	95	0		0	0	no_extra_tm_evidence
vae_candidate_000716	excluded	26a9475c9ed04713889e9a47de0fdbe4cf9fa9bfe76a3849a4ecc4541c90004e	72	0		0	0	no_extra_tm_evidence
vae_candidate_000717	excluded	701fbb492de696760d694345232acf413599565b6da197a1a2acf825589499f7	101	0		0	0	no_extra_tm_evidence
vae_candidate_000718	ambiguous_exploration	4576af7375c9e75e30bd2e8f4c7f27a1d57c8dae679271d2062ad6dbb1c98d91	112	0		0	0	no_extra_tm_evidence
vae_candidate_000719	excluded	d317a2d7cb3749d93cf2da0038a55447aab0d6aa4b312f5056e03db0e2d613a1	180	0		0	0	no_extra_tm_evidence
vae_candidate_000720	excluded	cfadd656c58fb12b6474eec45549b42a28a12b1873e447eb3b0463b78d9eb85f	180	0		0	0	no_extra_tm_evidence
vae_candidate_000721	excluded	61c0efe2db67758a940aeaf0ee0f15c840617e8810d53c23d948994ea152d657	117	0		0	0	no_extra_tm_evidence
vae_candidate_000722	excluded	03237831790c45a681f73d5aa5c3c59beb9c42b3fe82b579c9688e566da0b215	77	0		0	0	no_extra_tm_evidence
vae_candidate_000723	excluded	3388fee23b71400ac7ca7d31ecb03c0f07431cc990b291a0b9ddfc683363e71f	77	0		0	0	no_extra_tm_evidence
vae_candidate_000724	excluded	9c3f213ae090c22d4e4e039b419b44b640654d4bc280a3c3d6ce77a1c283bd17	108	0		0	0	no_extra_tm_evidence
vae_candidate_000725	excluded	6bd16f0d4c43888e8b4d3e86cda7eb44dc76a7aead70da852936992bb6ea4ba2	71	0		0	0	no_extra_tm_evidence
vae_candidate_000726	excluded	64d6dbcd95987fa7aa90ce848a327d3d97ca3aeba8904517c6367719a4253881	63	0		0	0	no_extra_tm_evidence
vae_candidate_000727	ambiguous_exploration	ee1bc7d1ee6039228eaac646e0a2cd3a34ef6748b6bbeeb1e79fc2a1c8523f40	99	0		0	0	no_extra_tm_evidence
vae_candidate_000728	excluded	101be483950767fec12e267aca1e1a104e688af308d5f7edce1d02743813ab5e	95	0		0	0	no_extra_tm_evidence
vae_candidate_000729	excluded	81e24ccc97a6033e2742a61c475fa67420edb93c31890ecea789f3583826bbbf	80	0		0	0	no_extra_tm_evidence
vae_candidate_000730	excluded	52dc0886a1fda13cf4dff46e85cae553d04f99a9a81f6504b6dbf3ee4a4d8c22	114	0		0	0	no_extra_tm_evidence
vae_candidate_000731	main_supported_gvpa	c2bbb41571144ce7c88387cadbd2996bcc97de026eed2b94f5a94366c09a13d2	125	0		0	0	no_extra_tm_evidence
vae_candidate_000732	excluded	5f692e4fe9c461fd9634a4bdfe3498d92a55ad195ea440d7c3062c0fbb267992	91	0		0	0	no_extra_tm_evidence
vae_candidate_000733	excluded	b06c5efb358a0c4a984a44a898c43a161e51bcae3c7e4361c48f89624d6a8fe0	88	0		0	0	no_extra_tm_evidence
vae_candidate_000734	excluded	a67e24fd0359d23477c30675fbdafc66c629cfb56d65fa69525087c9051e1de1	74	0		0	0	no_extra_tm_evidence
vae_candidate_000735	excluded	ad2e23145ad3da49354bfba694125076beda08fe2381bfa61ab57c6e49f2ea4b	65	0		0	0	no_extra_tm_evidence
vae_candidate_000736	excluded	fae8a2d14607c2a7f49d4fa7790e8f0a97f23a59043c752fdcfb91b61a220e9c	162	0		0	0	no_extra_tm_evidence
vae_candidate_000737	ambiguous_exploration	a28f2e975a99ee11ad5bb431123291ea92bbbc7667bb32a77650bfe1518c0586	104	0		0	0	no_extra_tm_evidence
vae_candidate_000738	excluded	6a02e5d9b5d476918e46b9578b830faf10dcd121a3d107252496a70e02ab5e84	54	0		0	0	no_extra_tm_evidence
vae_candidate_000739	excluded	e0f5519c2ea57fe97bb7ae08ba45e09eaa654c04551553fb855c030f094b3470	141	0		0	0	no_extra_tm_evidence
vae_candidate_000740	excluded	14e1d73781016c3415d12e266ea8558c104f22f35b33bf8db0746161b03921c1	115	0		0	0	no_extra_tm_evidence
vae_candidate_000741	excluded	3bfa4cd6a535b69eb38e7e15cc8bfb5e8220ddc9eeb7625020a6a95ec36902b6	82	0		0	0	no_extra_tm_evidence
vae_candidate_000742	excluded	f42f4d9cda830dd483fe8879dde814831b69f0049e6990ec0ab555e50c96dadc	50	0		0	0	no_extra_tm_evidence
vae_candidate_000743	excluded	51cfd8991160097a633c0c79b700e7e47115a7e00d6b2bd68979727729fd3a50	140	0		0	0	no_extra_tm_evidence
vae_candidate_000744	main_supported_gvpa	e14b2df542d80a22b06994cfa7abd102740bba9843b1bf4dbb0228166e65e011	95	0		0	0	no_extra_tm_evidence
vae_candidate_000745	excluded	b5e43dd2fcabb55089787464366df7b024b809a4dd56222a24a81baca4a0feb8	119	0		0	0	no_extra_tm_evidence
vae_candidate_000746	excluded	a9d59f4533ce694cc3dc8450ae289286bc11ae316e5e79cc6adeb6999ecc00c3	130	0		0	0	no_extra_tm_evidence
vae_candidate_000747	excluded	76ada7c17dcf74c0540852b46f0112d55394fceac094290362fcf17f738c9cd1	106	0		0	0	no_extra_tm_evidence
vae_candidate_000748	excluded	2bbb4bafa25c34259ccf84e11a91576991cce8dd9f1d7fa0c63856182c94ddc5	140	0		0	0	no_extra_tm_evidence
vae_candidate_000749	excluded	ed7c91502c7b7a20b70b754db94f5db8f625dde5d53a3e980d70ff29241841f3	84	0		0	0	no_extra_tm_evidence
vae_candidate_000750	main_supported_gvpa	d6c2df27e1cabf7da0c0357ff93292256795e2c9df7754c5f0b511efe5151904	98	0		0	0	no_extra_tm_evidence
vae_candidate_000751	excluded	0d68fb1f26fb375840030619551f964ac7d6a6d56d28f8fa587e33ffeceb1018	180	0		0	0	no_extra_tm_evidence
vae_candidate_000752	main_supported_gvpa	42936568904618a2afe4a492218db9309b49e9a7f33fccbc790818cfdeee5008	93	0		0	0	no_extra_tm_evidence
vae_candidate_000753	excluded	3dcf7eb0ec6e2127dcae3b37123fa7ad143c0aa77c8e36c6e03c48a15dce3477	127	0		0	0	no_extra_tm_evidence
vae_candidate_000754	excluded	a0a7295dde68b901b947eaca6a878bc8be7fe4bf7d06ea9c6362ccc87efb2bae	103	0		0	0	no_extra_tm_evidence
vae_candidate_000755	excluded	2268a7d3d134ab904a47842a41d98f6b454e4fceffc36e0f608005be697d1a2d	123	0		0	0	no_extra_tm_evidence
vae_candidate_000756	excluded	45cd32971a84a65b61a2f0470d161679bb02012394958f6422b09631d4f228bb	159	0		0	0	no_extra_tm_evidence
vae_candidate_000757	excluded	a1692938fd0a89782da4a983a9b2204795f49075c7af6b2d9d04a2cd9ea05b47	124	0		0	0	no_extra_tm_evidence
vae_candidate_000758	ambiguous_exploration	c2bf1c3df58082f2902415428e895f788b52c541f8d19b6a203b6dfe8e8efc9d	96	0		0	0	no_extra_tm_evidence
vae_candidate_000759	excluded	155b8aa2c29b7b40ffc7cfd976e1d3c07ed2dfb3122b250690491cd06c41c1f9	91	0		0	0	no_extra_tm_evidence
vae_candidate_000760	excluded	cbf5cec3a5bbef82c4929a1d5257f1b7d29ae68233e7f494c7d72357258df5e0	144	0		0	0	no_extra_tm_evidence
vae_candidate_000761	excluded	776c69ca9157302bfa1012cdeb92a3452833f29a4cdcba93a7760fdb5cbf6ba0	96	0		0	0	no_extra_tm_evidence
vae_candidate_000762	excluded	ec2f54b36e4a1df36de69a34402e5925d468d345ea48e54e014619e15ae7c443	116	0		0	0	no_extra_tm_evidence
vae_candidate_000763	excluded	0f756f70a3439d23f91b8a31f4b1dd1ba63299f62c0afed8ad9bc4aa55e074d3	149	0		0	0	no_extra_tm_evidence
vae_candidate_000764	excluded	5796920198068937986aed525a93b9227a45b8abf3dc33f2b008a800c5c9f22c	164	0		0	0	no_extra_tm_evidence
vae_candidate_000765	excluded	a375f8567dde6cb540baf643ac4031b5a1f8fb10c29634ba36c9e40777d8a156	139	0		0	0	no_extra_tm_evidence
vae_candidate_000766	excluded	ba41a924ce5509103a1ef2c2b21082433c1692cce1732672e7a4b1bbd96b4d4c	105	0		0	0	no_extra_tm_evidence
vae_candidate_000767	excluded	b0cd76755224a357964ac3b477179e7822245e43881cfb7f9c5faf655e5cdc41	115	0		0	0	no_extra_tm_evidence
vae_candidate_000768	excluded	1a108f473a3011d7b538b4ff90895286fb3efe6b5e0d73b53e16f1f146060b5b	74	0		0	0	no_extra_tm_evidence
vae_candidate_000769	excluded	62b51ba4c37b9b4440958828679c9923be9c36859f53cfcd5acd49a9ddaa514b	108	0		0	0	no_extra_tm_evidence
vae_candidate_000770	excluded	31db7db6d5709aba0982d4dc48c7d0b8cb9a421d87b0e2c45cf74d273d2d859f	71	0		0	0	no_extra_tm_evidence
vae_candidate_000771	excluded	e8c2991d237c408dff12163719380705eb7d82e82f0ef877ef5f40032ce6d1be	138	0		0	0	no_extra_tm_evidence
vae_candidate_000772	main_supported_gvpa	613efa5fbe19638ebf41534ce5fb3595a8c485cd5544dee03a766612aafc303c	98	0		0	0	no_extra_tm_evidence
vae_candidate_000773	excluded	01c52097b021df25b3a4f7828a1296859cac767f1567194db0d9e417a66e2771	140	0		0	0	no_extra_tm_evidence
vae_candidate_000774	excluded	8befc0863f8a7fd559d8ff334ff2f388cfb54b3ab7fb6b288bd252bef8530aea	62	0		0	0	no_extra_tm_evidence
vae_candidate_000775	excluded	41650ce65b849aee82019314a93a899ba1a2a9d2a82f8495f790e6a8a8280265	74	0		0	0	no_extra_tm_evidence
vae_candidate_000776	excluded	81849296635926efefca4a0292c412ab7290b506ad90fe6153836958a56a1d53	136	0		0	0	no_extra_tm_evidence
vae_candidate_000777	excluded	9edef0b829b9e263d9ff94c8ffa3aa38b5fed56cc768c084cf8f9c47785511e5	97	0		0	0	no_extra_tm_evidence
vae_candidate_000778	excluded	03d886fe2f8f51e82ddd2904008fd3427cea8f60baeacaeaa1de2814adbfd2c4	170	0		0	0	no_extra_tm_evidence
vae_candidate_000779	ambiguous_exploration	cf302f24d7888728cef2786b7072bf540a802f6e05570a44c22e338c17cf0806	120	0		0	0	no_extra_tm_evidence
vae_candidate_000780	main_supported_gvpa	208eaad59261e36f4a364f17d161710de4fc052ef77f34bdf4a2d9aebb851ed8	89	0		0	0	no_extra_tm_evidence
vae_candidate_000781	excluded	e9fa0318e74624e17cc33e0650e80cceeb4d463ff30d5e676858039a87c0c445	82	0		0	0	no_extra_tm_evidence
vae_candidate_000782	excluded	f5550bed79d2acbc77667248d8428d10b9184821532126fd880a1988f07ab7dd	164	0		0	0	no_extra_tm_evidence
vae_candidate_000783	excluded	f7b5aae136ef7ed15c4612bbd17f01e099012820ddf06f45902dd88b58813290	82	0		0	0	no_extra_tm_evidence
vae_candidate_000784	excluded	42960a51d6f3885a7606d8e27adc9d29331bfcfa0d1118e08e6e79f557b1222f	134	0		0	0	no_extra_tm_evidence
vae_candidate_000785	main_supported_gvpa	061f17e71020fe18cc3d974d91ecf87c546d35143d716e150c6d54984058ce91	115	0		0	0	no_extra_tm_evidence
vae_candidate_000786	ambiguous_exploration	5ede66baca90c2178340724c5ccc12591267e24d1dcc301c0393d88bb46473c8	106	0		0	0	no_extra_tm_evidence
vae_candidate_000787	excluded	dd09341c50229b5c5cfb6e817d149682299d0412fdbdc3dba34a17404f352087	90	0		0	0	no_extra_tm_evidence
vae_candidate_000788	excluded	2cde0ae0d9d2a723bbaa88b3d0ea0bc61753b3d6e4a3c005cb50dac2a69f6713	82	0		0	0	no_extra_tm_evidence
vae_candidate_000789	excluded	c244d747fb8edd1e2ab4921ac8a669214f58d84e9e99c0a73bf88c5662aa3797	115	0		0	0	no_extra_tm_evidence
vae_candidate_000790	excluded	36738065c0ec4a7a14935038310e532f58ff5e66f3e35930e916a56e7e0b3405	105	0		0	0	no_extra_tm_evidence
vae_candidate_000791	excluded	03e78ac6c70a103cadb77b41774274300b4446698ba335ff4474563ffa4f33a3	99	0		0	0	no_extra_tm_evidence
vae_candidate_000792	main_supported_gvpa	599e2491a28b8851b691ca16d6c1447da868526b06711c4b2ef3e7cf4c02fa6e	74	0		0	0	no_extra_tm_evidence
vae_candidate_000793	excluded	e24010cbbe18ad847364a8637a7ea4219a6f2fbaff528ddafcc092cf9dc8e74f	71	0		0	0	no_extra_tm_evidence
vae_candidate_000794	excluded	a9b2bd80326e29028f39193277ccb12ba0425d436a2844f08a96a315a333ad96	100	0		0	0	no_extra_tm_evidence
vae_candidate_000795	excluded	1b198d40da7b72028a9a89b6ebf91d4b5866ec9db84504d6910819d97b6ec38a	102	0		0	0	no_extra_tm_evidence
vae_candidate_000796	excluded	b8c4df59d6c0e1ce05bad8949e27516dc8829dc6884abd59e09d257d42a9c805	120	0		0	0	no_extra_tm_evidence
vae_candidate_000797	excluded	0541ab6e0e646e0f49be1be68a7f6881ef364cff5b3cb3488a97dccdb1bd536d	107	0		0	0	no_extra_tm_evidence
vae_candidate_000798	excluded	a81fd50301b616e842577855ffeb13865569532b879ca7484a31ecf8a9d4682a	95	0		0	0	no_extra_tm_evidence
vae_candidate_000799	excluded	4ea3f0c01e9a8baf434fe07038ca70839828b6d2da3c87521e158a996ed0f8d2	91	0		0	0	no_extra_tm_evidence
vae_candidate_000800	excluded	a9b9a288b8b967e3164ac2eba2509064b5ddf348b7ee5a70d3ffc0736750ac27	73	0		0	0	no_extra_tm_evidence
vae_candidate_000801	excluded	a5290b3e44a43da3e71b419594f5d4aa28d82bc0f56c871befe6c7d2d4b0bd7d	127	0		0	0	no_extra_tm_evidence
vae_candidate_000802	excluded	cbb5fa5710ac20a507ab827b3884d645fb6e7e96b2b74701ca0f31811b31954e	56	0		0	0	no_extra_tm_evidence
vae_candidate_000803	excluded	9db954f822dcdd7fd08e04602947f808ed86ea06056b6f5d0e5ebdf20fd3e128	90	0		0	0	no_extra_tm_evidence
vae_candidate_000804	excluded	e70d4d539d592ae5e3d7df509f76d95861ad1dfa29eaea7cf12e86ff2094471b	63	0		0	0	no_extra_tm_evidence
vae_candidate_000805	excluded	e9124dcfea45339cb2550a7e289fa099871976807c58e928f28a4f4fdb4cc941	170	0		0	0	no_extra_tm_evidence
vae_candidate_000806	excluded	4d5abc1410e81543ddbb5d5fe7061fc277d9e31997c5f07a4ce212d0530f6a64	76	0		0	0	no_extra_tm_evidence
vae_candidate_000807	excluded	589eab7b5eba693c574ef9cfcfc707893c58fabd8a1d47359c22392eaf285204	180	0		0	0	no_extra_tm_evidence
vae_candidate_000808	excluded	31186d62bcd94827ff25d58944fe676567ac1d36f0f30c2af9bdd8c20291c605	60	0		0	0	no_extra_tm_evidence
vae_candidate_000809	excluded	feb62120c0b1291b6928e177f6c7c471c1722a380e9e45a953ca0979100bba15	81	0		0	0	no_extra_tm_evidence
vae_candidate_000810	excluded	e968933db070533933aca0518f9f09e96f623aaa2ec3c7cdea5a35e01ce29361	128	0		0	0	no_extra_tm_evidence
vae_candidate_000811	excluded	58c64900578fa7ca65807dd4792c4675a101b525cd4afd87037f538dd493b094	68	0		0	0	no_extra_tm_evidence
vae_candidate_000812	main_supported_gvpa	29ead3ce3bbf1d7c4b17621856ba1f740d9de1d6a3e2a30f92d398040fa91075	107	0		0	0	no_extra_tm_evidence
vae_candidate_000813	excluded	db6368454604ce7367bb9229d0cd501d658329db51d7c1254ac1c9e98587cec5	180	0		0	0	no_extra_tm_evidence
vae_candidate_000814	excluded	58737a638014c1b791029b5f00dc405ea336292a8ebacfe4cff491f5a6107072	155	0		0	0	no_extra_tm_evidence
vae_candidate_000815	excluded	ba6934e3a3bd14177ae0a5901fdac74da88db024a8f7102666bdaf90d85daafa	106	0		0	0	no_extra_tm_evidence
vae_candidate_000816	excluded	f73600d3a8770d4ebeee735a20ba285b4c0ae7e51a7fbe5f596d12a4eef51ee5	177	0		0	0	no_extra_tm_evidence
vae_candidate_000817	ambiguous_exploration	73c64680c5900bd3060487e6d7d9f14acbe8b81f71bf562dd8dd43b541288341	98	0		0	0	no_extra_tm_evidence
vae_candidate_000818	main_supported_gvpa	debca2dcd2b74396a3a0f99a719ae2a6dcc6278892e8bcabc20f413c56131852	94	0		0	0	no_extra_tm_evidence
vae_candidate_000819	excluded	0568569dd5256db53313f3af360b2556fcb9a316a7a4811023fd60561986cd27	77	0		0	0	no_extra_tm_evidence
vae_candidate_000820	excluded	70c4107ac02fcbcb9b98e93d0f19f4362b64580fceaac6ca400e61992e41d2db	53	0		0	0	no_extra_tm_evidence
vae_candidate_000821	excluded	99d03dcc246e6616d6c81427c88740cd89e7d5fcfca52091e4746ba770af31bc	135	0		0	0	no_extra_tm_evidence
vae_candidate_000822	excluded	6e5736981710573ae89b449f994b2a6b5d1b4dc96653785e21d875513be544dc	113	0		0	0	no_extra_tm_evidence
vae_candidate_000823	excluded	9e833f2ae98a094081693e7cb2d7b29989c2741c7eb88e0fab69db1381123cc5	59	0		0	0	no_extra_tm_evidence
vae_candidate_000824	excluded	290eb91a97073337aee1735b21ff433577962b2b562b82fbf4deccc9c5f9f636	63	0		0	0	no_extra_tm_evidence
vae_candidate_000825	excluded	ab5c46408aa2c8da0f00b0ac8e849f7c2ad2304b36d0bc3a02cef254bbf9e457	122	0		0	0	no_extra_tm_evidence
vae_candidate_000826	excluded	e9cc9740af218e78b0f27e1cf0c5512cd596f08c58281d1e7b11662bea458cdb	51	0		0	0	no_extra_tm_evidence
vae_candidate_000827	excluded	2d13bf7ec299309a710b814000b2a862df429a8b6a3ba974bdfc08644bbc9ee0	97	0		0	0	no_extra_tm_evidence
vae_candidate_000828	excluded	03c5a8a7715bfacbc653d4c564fa0d059254ede1dc227a741b9589dc16a4f6f2	105	0		0	0	no_extra_tm_evidence
vae_candidate_000829	excluded	5aa4f56930f7279954abef2a8833936fd44006d21ec50de1a7403fde8f7ce171	109	0		0	0	no_extra_tm_evidence
vae_candidate_000830	excluded	afe5b594b7fc0e3d370c0b945d2eb52e0623fe4bfc3e6fcc805a634579eb6c08	70	0		0	0	no_extra_tm_evidence
vae_candidate_000831	excluded	9361907785efd7a6f8cf71a58ac328e8ed4b452e61306e59acc1f8a9cb3c0949	59	0		0	0	no_extra_tm_evidence
vae_candidate_000832	excluded	fed19e7c450e209797954aa2779ca2d7c0a70523c8a73bb900c2c37e39391d00	61	0		0	0	no_extra_tm_evidence
vae_candidate_000833	excluded	a92c102addb607dee230c7f52d4461ec7cd7a82458bc78935c1d990d3698b11a	163	0		0	0	no_extra_tm_evidence
vae_candidate_000834	excluded	7012fd62d50445d5dadd356c4602853f1710bf5b2f633b3cfc5618b0cac9aef0	117	0		0	0	no_extra_tm_evidence
vae_candidate_000835	excluded	8fe1e9be69a12471df33802b86e26b5b2ebb9b2f1ccbd1543ffea7d41b2e4134	87	0		0	0	no_extra_tm_evidence
vae_candidate_000836	main_supported_gvpa	0dd02133076e63021bf34dbcae8f31904576072013a7ad61b05085e8299a3ba6	90	0		0	0	no_extra_tm_evidence
vae_candidate_000837	excluded	85edf590e9fbdf9ecac7122a4e59aa738fd552cabe14a8b9ab603d7c65c990fa	108	0		0	0	no_extra_tm_evidence
vae_candidate_000838	excluded	63195babbf6947910d95da0814a1e7ecfc1ce87a7def93a12779cfb51f0fe3b0	86	0		0	0	no_extra_tm_evidence
vae_candidate_000839	main_supported_gvpa	a97e7312e7a30b9c3c71f5a9441ae5ff5f45db4266bd17ddc37b74256ff9649b	99	0		0	0	no_extra_tm_evidence
vae_candidate_000840	excluded	0a3ac9ded1dec736dafd54d3f528757b157c5a285a094d769b2a48b91c924e37	146	0		0	0	no_extra_tm_evidence
vae_candidate_000841	main_supported_gvpa	90fa3d4dfd30e0eaa00831a122993a23ce8b72e8114037f263d9d33001a8e504	95	0		0	0	no_extra_tm_evidence
vae_candidate_000842	excluded	5fd1a782134e22add85d0ee1b99c40303694a8977a57cede508a03b9d8862809	112	0		0	0	no_extra_tm_evidence
vae_candidate_000843	main_supported_gvpa	b86338297660445cc03d594186178109b41164c822a70363b8f65238a42279f4	94	0		0	0	no_extra_tm_evidence
vae_candidate_000844	excluded	fcd348111139db43201792b6a164c4a62e8d849c85a5eabff4dd72cb8f1c64dc	124	0		0	0	no_extra_tm_evidence
vae_candidate_000845	excluded	e8e930f1ca8a542b2c8f59cceabe0f523caf29057f5634059c82238042dc6f26	127	0		0	0	no_extra_tm_evidence
vae_candidate_000846	excluded	7849dfcc7540a457a27a5a25e6db7288c6cb343415c71faef71f01db0a66978c	86	0		0	0	no_extra_tm_evidence
vae_candidate_000847	excluded	0a8dba8187fed5d0380d525a72c037a91c55f8ddfe79352e40a674abc0b23d09	141	0		0	0	no_extra_tm_evidence
vae_candidate_000848	excluded	a8a052f482d11557da816907f783189aa95e8dcb00aef77e08f497a11ca56698	120	0		0	0	no_extra_tm_evidence
vae_candidate_000849	excluded	50bd325cb916448a3757789beb994c0f535ae8fb61963d195909a339752796b2	159	0		0	0	no_extra_tm_evidence
vae_candidate_000850	excluded	29c7b6a4bb5da4d6e7072e568df80fc6f07341c8f6476ef02aaa04f2956b1a60	136	0		0	0	no_extra_tm_evidence
vae_candidate_000851	excluded	003b3bf5714edca9dc273553758f876f064a11ba1112517d842756956fe4c6a5	101	0		0	0	no_extra_tm_evidence
vae_candidate_000852	excluded	b1f9aa12829c8c643e8a53f4f5e40e880aba94280b5aaff77553061e983912e5	81	0		0	0	no_extra_tm_evidence
vae_candidate_000853	excluded	5dd73d8ea101649c3b7b057d62831f9d21dfb5d116a20fce4892c9658e8a9b04	120	0		0	0	no_extra_tm_evidence
vae_candidate_000854	excluded	90916544150818d2b9350341065a36e646514d3bc04c66c249f95263c3a10bcc	109	0		0	0	no_extra_tm_evidence
vae_candidate_000855	excluded	6d15d1dc68b13254231aeb778158ed0527b20b3db9537fe3c23919183f71de22	180	0		0	0	no_extra_tm_evidence
vae_candidate_000856	excluded	5bf07cc41ce67c19d96ab837b520720dcfd99d73bdadbc6f296ad3ab449256e2	60	0		0	0	no_extra_tm_evidence
vae_candidate_000857	main_supported_gvpa	08081eb97dd46a6e97d0cd97db2252cd5bbb4cfd370be60bd9b620bbebfbb3aa	92	0		0	0	no_extra_tm_evidence
vae_candidate_000858	excluded	5cbef6625d62a2739967088e20bad7edf85cbaa8ab6dff0146ba9b1f56273425	134	0		0	0	no_extra_tm_evidence
vae_candidate_000859	ambiguous_exploration	38e3dc73b473ca7f70876c11457beba2c6f4b79bfd8e9e4013ceed8bc64daf97	133	0		0	0	no_extra_tm_evidence
vae_candidate_000860	excluded	1f4f1763d3daf9681af62c77d778ed91fa70b73afe8fc9bb3d5761a3400cb8e4	170	0		0	0	no_extra_tm_evidence
vae_candidate_000861	excluded	e9d9faed55f789b7c311a12e02dc929739b85fe77e27feb11324c1cb354f10eb	119	0		0	0	no_extra_tm_evidence
vae_candidate_000862	excluded	7df19ccea3d18907896fdeffad2f76bd0c01b54f74ece703ea4f88d1694fb600	56	0		0	0	no_extra_tm_evidence
vae_candidate_000863	excluded	0733124815550b9feb600d841ff59f782bf229804b3bb5498654bdd9d6733cad	142	0		0	0	no_extra_tm_evidence
vae_candidate_000864	ambiguous_exploration	cea87c1c0017d1266a785a8596bfaac50f236751230e254d17e5dab3887ac065	139	0		0	0	no_extra_tm_evidence
vae_candidate_000865	excluded	f9990a44679b09fb58e13b9764642c3702230cdb08f71d16d6e95d98e53f3ec3	53	0		0	0	no_extra_tm_evidence
vae_candidate_000866	excluded	df7a85c960731293bb3cfc991887b88799573b875d9d10587f0e8b4f5231776b	108	0		0	0	no_extra_tm_evidence
vae_candidate_000867	excluded	b570c2a498556c0e629a760c896eddb8734915821e62ed85c503b78f6a807717	72	0		0	0	no_extra_tm_evidence
vae_candidate_000868	excluded	8f9e77af16f74d18d4aed6992b197a8a0f5313262f9cb651a121f3b6a18baa49	103	0		0	0	no_extra_tm_evidence
vae_candidate_000869	excluded	b3b9cb19dd7c43ffc26dd6375653459a223defd1d9192a8dc5fdec04034a018a	97	0		0	0	no_extra_tm_evidence
vae_candidate_000870	excluded	c9d76e96e73994ac782c30d80d336088df452c21b49fbaa30a3b223f6120e708	112	0		0	0	no_extra_tm_evidence
vae_candidate_000871	excluded	f1e0e1aae2d5d7d9e19dc74c2cf4fa508e07d7eb94c2d1343e401d5df8def4bc	75	0		0	0	no_extra_tm_evidence
vae_candidate_000872	main_supported_gvpa	701b1c0f0ac227aca5b8efa137666efd2d6e6476a4fcc97c1e4a0dcd25de5e29	71	0		0	0	no_extra_tm_evidence
vae_candidate_000873	excluded	8750d03da299549c192fc8dcbf673dd1eaf5c161a99b2be519784e133945e2d9	68	0		0	0	no_extra_tm_evidence
vae_candidate_000874	excluded	aeb8d1ed799994e3e1d5417c2ce205f4eb077843269a57653de853b498ecc85d	90	0		0	0	no_extra_tm_evidence
vae_candidate_000875	excluded	abb5b95360d165cee616e91cd6e0ea9611a15609d426a1c2c05f2c1c4d61616a	94	0		0	0	no_extra_tm_evidence
vae_candidate_000876	main_supported_gvpa	7473a1f66e79ee674ff19cb246275ee2689436bcad8cd11261e17459d30e62d5	82	0		0	0	no_extra_tm_evidence
vae_candidate_000877	excluded	0ae56149186459a76f10bdc7ea130e999d8d2f5899274644ddb8d61fec4cdb14	66	0		0	0	no_extra_tm_evidence
vae_candidate_000878	excluded	caa3159d0ec21845d38ccfda85d56b636741897b7e427b17c0da776b1dcc5d73	69	0		0	0	no_extra_tm_evidence
vae_candidate_000879	excluded	75ae47088dae62e360bfe9bcc0f8a858561b339494e6f5b7eebd08b2023ead9d	74	0		0	0	no_extra_tm_evidence
vae_candidate_000880	excluded	8feedaf83043353c9b1d0080b453dc2a13d7f276d6b139295daeaeb97b3bba90	130	0		0	0	no_extra_tm_evidence
vae_candidate_000881	main_supported_gvpa	eabd735fb7bd922b0f8752aa421424aeefdaf5f38629a4e6fb7719bd2a0de670	111	0		0	0	no_extra_tm_evidence
vae_candidate_000882	excluded	db801ed9053597c33f2972d53072dbcbd3e79bffd9f7a17d37368285d25f6426	124	0		0	0	no_extra_tm_evidence
vae_candidate_000883	main_supported_gvpa	d43f5e906fb591eb8eb61adec77d07404e98b8b28e0e08b4e8db642bfb62d286	92	0		0	0	no_extra_tm_evidence
vae_candidate_000884	ambiguous_exploration	2abd1dd3734d37cb28f9344192dff3b92797ff99beafd9615f5738bdd73ec55b	134	0		0	0	no_extra_tm_evidence
vae_candidate_000885	excluded	946a6ca808b33bda26c7456d3d5f75cb5f1637cfa467fc6b316a653b0254473f	55	0		0	0	no_extra_tm_evidence
vae_candidate_000886	excluded	cca5bd96a5abafa91e7fc72a3050ba0614d47fc3bdbe9c2bb88cb103161705fa	116	0		0	0	no_extra_tm_evidence
vae_candidate_000887	excluded	6a201d17cebaf11501b1346ba2bcd6c3d9971b1c009c646318d3307ef9560b26	68	0		0	0	no_extra_tm_evidence
vae_candidate_000888	excluded	94d525d638d95151b4de229b267eaa7375c51bffed75f7f3186276564dfc4ccb	149	0		0	0	no_extra_tm_evidence
vae_candidate_000889	excluded	4d15240600ecc4d9adab8e28682ba6406c3bf6b1cd9fc5a61bfd5d86ee373330	86	0		0	0	no_extra_tm_evidence
vae_candidate_000890	excluded	1a02c2a45b85324391ebac87e04b7641b3ff150e41be988d7a077247c5f3a8cc	135	0		0	0	no_extra_tm_evidence
vae_candidate_000891	excluded	78b0f3a2b2b68ee341ae17d14a54886495eabd383ba602ff7e5f85140799c6e7	80	0		0	0	no_extra_tm_evidence
vae_candidate_000892	excluded	52211b8597aa3ee2588f8cea719bff9418aa2bcc1c4182d74ed2087bb5ae98f5	180	0		0	0	no_extra_tm_evidence
vae_candidate_000893	excluded	e0418d8859cb8e82c87632e5f412cc137288a223a5201ad28455d8016dd946e2	117	0		0	0	no_extra_tm_evidence
vae_candidate_000894	main_supported_gvpa	80d47582a125f6161ae060ee831067b29e9a51085516c39a12acc95d250e1345	139	0		0	0	no_extra_tm_evidence
vae_candidate_000895	main_supported_gvpa	ae3e200e80e20ea626789747bae49c211374d5200f09b727ca3ec311d4e86935	72	0		0	0	no_extra_tm_evidence
vae_candidate_000896	ambiguous_exploration	92c52ddb68b9f2dbaa03a03c132e4d71a40294f2c3e4f1ddf206d2e3b0f3c505	122	0		0	0	no_extra_tm_evidence
vae_candidate_000897	excluded	7f8a096c0a94875e4f541c3923c361223799a521843a5390cf31bc8be340c961	55	0		0	0	no_extra_tm_evidence
vae_candidate_000898	excluded	8be360d77114fbc18ecbe92fe2936a1f81b54ebd69fc202efdb3a04ea4a7db10	116	0		0	0	no_extra_tm_evidence
vae_candidate_000899	excluded	05de6a85b151a6b600d1e22d692c4adf363098109f96c94e21210f88c7b874ef	104	0		0	0	no_extra_tm_evidence
vae_candidate_000900	main_supported_gvpa	00c3e52305cebeb585232daa3807a2c50d3442e1f88be148c74ec535d271b178	89	0		0	0	no_extra_tm_evidence
vae_candidate_000901	excluded	7e6e24d98c390ff8736f88efd653d88a19e90d9e4cd8579221b1215607b11d49	97	0		0	0	no_extra_tm_evidence
vae_candidate_000902	excluded	9830d1dede3a9fe5475e7e4b531860b9099c1c11212d3eb396f1a099b6f84bb6	149	0		0	0	no_extra_tm_evidence
vae_candidate_000903	main_supported_gvpa	aca2abfc6de64d5a9afa9e8ed3e4b890b59444c00f66dec5bd0766213cb619ff	95	0		0	0	no_extra_tm_evidence
vae_candidate_000904	excluded	bfa524ef5e2f08d76faae767e4afaa60d34387eb3afe70cb32a993ea8e23d9e3	67	0		0	0	no_extra_tm_evidence
vae_candidate_000905	main_supported_gvpa	3dd00c9183d716848d85329d9c73e90106f5b0093eabf627888ed7c79658f923	92	0		0	0	no_extra_tm_evidence
vae_candidate_000906	excluded	6faa50ef7527c3d01da2ad690e187bdeb62b3d7cac23336fc53b47b1d585b634	72	0		0	0	no_extra_tm_evidence
vae_candidate_000907	excluded	22e388b983f8668df8554f0ecd479c9e8b2c88611cd2ba43c21c148cb759b9ca	56	0		0	0	no_extra_tm_evidence
vae_candidate_000908	main_supported_gvpa	aba7dd779117b9479e3c747cee7d27f257be375eb04f9a4546acb4b26d2cb0a0	96	0		0	0	no_extra_tm_evidence
vae_candidate_000909	ambiguous_exploration	3d5b2c69068bae4cce3a45aa9944919c59b59253022b7b7961cfbac32c155df4	105	0		0	0	no_extra_tm_evidence
vae_candidate_000910	excluded	489cbd1c55bed028981620c9ae104a93cc61deaccbb57c39fb15673248360b0f	115	0		0	0	no_extra_tm_evidence
vae_candidate_000911	excluded	0ade9e9d4264f90b522033c4fa9033da2565020d4540a7ef2b49c103604f7bd0	154	0		0	0	no_extra_tm_evidence
vae_candidate_000912	main_supported_gvpa	59c908cbd00abbfdfa893315b82d461fdd5157d50a4aa36391fb40fbcd6a0d84	91	0		0	0	no_extra_tm_evidence
vae_candidate_000913	main_supported_gvpa	6d04e656c4b3aa499cbcfe920276fb025812ffd23f3f983e7ce57507b2da1d3f	97	0		0	0	no_extra_tm_evidence
vae_candidate_000914	main_supported_gvpa	0bf1aa4c7c9f548c28f0a1f17a83491c20146ab9ce74626081693fb4a4c40c56	98	0		0	0	no_extra_tm_evidence
vae_candidate_000915	excluded	6d23cb3f99e4119cf4a9ed26176177687fdbb1c9f610df5ed658850e789b48df	68	0		0	0	no_extra_tm_evidence
vae_candidate_000916	excluded	1dd5e78cf98a8c8050ad7abfabe5281cdb2c991ec43ee77767e24c257fa27685	99	0		0	0	no_extra_tm_evidence
vae_candidate_000917	excluded	5cecf5a4fb6d46ea9dc3e8be31195968bfb81b75f6e1266c40e71d460b85f402	88	0		0	0	no_extra_tm_evidence
vae_candidate_000918	excluded	d650d23a2a7c0e48e1806e70a9bfba59fac6a79eea506131f446562c7d6c8919	80	0		0	0	no_extra_tm_evidence
vae_candidate_000919	excluded	4e6599ab781d09fcc0acf35f1af79861cc9692dc39aaca5e66ea5e0c0e9f4660	71	0		0	0	no_extra_tm_evidence
vae_candidate_000920	excluded	d291d962aaf0b7b76038446177896de2dfa65fe9ccb223fb7b13ad1cb8bc530f	152	0		0	0	no_extra_tm_evidence
vae_candidate_000921	main_supported_gvpa	cf9cdc7ea1a1a1abbed73a3e8178ac619ff242c7e3f13f4e1e1ab9b2218a4436	89	0		0	0	no_extra_tm_evidence
vae_candidate_000922	excluded	19ce2d9f054fdf58fa577b954f27554ddddbd35eafecd74f5ed8ff2cd1a7483e	71	0		0	0	no_extra_tm_evidence
vae_candidate_000923	excluded	7d2acac64ccd3c6d7e8abe19ddf5f51b4f6f7d0c450c2806cf4454cf647c5ea6	68	0		0	0	no_extra_tm_evidence
vae_candidate_000924	excluded	1d7c629e05520a9bbde3a0c307a16a483071b2051ab29cbb9dd2d28e5d2e14e5	126	0		0	0	no_extra_tm_evidence
vae_candidate_000925	excluded	4983473191c10e1632be3f4623417fa972c7d272cbdeb506dfe80a3763a20574	63	0		0	0	no_extra_tm_evidence
vae_candidate_000926	main_supported_gvpa	58bd73e212f9c79c292e51e4a763d30b02aa7e9246ae684486f731610900d1cf	77	0		0	0	no_extra_tm_evidence
vae_candidate_000927	main_supported_gvpa	f99d738007b5f4312395573e1dc1144e078961787029fbeaf9836161e2483293	90	0		0	0	no_extra_tm_evidence
vae_candidate_000928	excluded	4260c1795a39aefee655a37341a51fccc2ac6bb7d6d964b9949971921155cb84	74	0		0	0	no_extra_tm_evidence
vae_candidate_000929	excluded	07ddb322879563c3017ae277b0ffe185fabb317bf77982b92b1f09548100099d	71	0		0	0	no_extra_tm_evidence
vae_candidate_000930	excluded	30901ae934754a04a524d7039002a6e9e8b517b4365befa95e415704e9ecebef	89	0		0	0	no_extra_tm_evidence
vae_candidate_000931	excluded	ab2933f68f1bb761ec8bcfa6e39a3a43ec336211df76f85316adbf78190cf659	87	0		0	0	no_extra_tm_evidence
vae_candidate_000932	excluded	0f7f215775840f35a7397a05a22fea5ee130213b4760e7d73d9aea7505a36ed5	67	0		0	0	no_extra_tm_evidence
vae_candidate_000933	excluded	6b57d414c85c12bda45f0d140c06876f922d51703e16f6a7fe517360e9146b10	53	0		0	0	no_extra_tm_evidence
vae_candidate_000934	excluded	05b6f6881ba3a30533eb2acc188cd0af1491321962f33d7e6b00c8d43907a4bc	77	0		0	0	no_extra_tm_evidence
vae_candidate_000935	excluded	c1011c1ed24e6fa928a19b4c90b5fb92b0ecd2bd11f32e40cf9c05936d68b591	71	0		0	0	no_extra_tm_evidence
vae_candidate_000936	excluded	5cd17d658067ba75a924562f95eb98855d1a7f710e7ef261ba0b84a4d58a88c7	107	0		0	0	no_extra_tm_evidence
vae_candidate_000937	excluded	9579db3f336210a354d97f6a379b7ffe770bbd83e214886d7a46451f7592ac32	142	0		0	0	no_extra_tm_evidence
vae_candidate_000938	excluded	da69c65c1161145df9e5cff525859de2cef1f69d14c8a1540a6f26ea6a9da0a7	75	0		0	0	no_extra_tm_evidence
vae_candidate_000939	excluded	0be93820d70adb308c6b0210aca5993495ac08450323f91f65ae35990a963635	71	0		0	0	no_extra_tm_evidence
vae_candidate_000940	excluded	1f62daaccbce3cf3c7a339e3567a22c2f277757cbb6558575764fd1c2e066564	106	0		0	0	no_extra_tm_evidence
vae_candidate_000941	excluded	cbc42552937d241895a6f223d81bcc7fd620262ccbc5b03a8093e8a4eceb9390	86	0		0	0	no_extra_tm_evidence
vae_candidate_000942	excluded	e71bacbd56e675a37ff0bb14a330d8dcec3e452822b01dd58811a4a3175f6d47	81	0		0	0	no_extra_tm_evidence
vae_candidate_000943	excluded	b959eb2ea5b204209904719ff2da42005fe316e9ce078c2bbedb2a49e8decc42	99	0		0	0	no_extra_tm_evidence
vae_candidate_000944	excluded	22ad2ed0c9b453620e8ba3d6cb071b17737d69d00f857fb63eac1453e03d7f37	92	0		0	0	no_extra_tm_evidence
vae_candidate_000945	excluded	21d11c26fb914c75f4d08c88faa3a8e812af830520be30a0aa2533e443f36c36	117	0		0	0	no_extra_tm_evidence
vae_candidate_000946	main_supported_gvpa	7ac6346f780a7e9e89e619a371b630d407f09016f226f197a8c5824be8ce3a41	117	0		0	0	no_extra_tm_evidence
vae_candidate_000947	excluded	ee2c146e47afd7c03bdcb93d33827719d3adde258ca70cfb205243eeef3ca618	170	0		0	0	no_extra_tm_evidence
vae_candidate_000948	main_supported_gvpa	e7dae682b64984c3f4f9cde3f0526632d867d7ef9cf5d83d26730717644171c2	104	0		0	0	no_extra_tm_evidence
vae_candidate_000949	excluded	016a538307ea11fa26542702e0f24178d26f39254cce1a57e18702b40d5f06c6	129	0		0	0	no_extra_tm_evidence
vae_candidate_000950	excluded	c1e7ec165e2f41709644462db240e985e99ac4b835f4b9a5abe032d1ea0e3fc2	114	0		0	0	no_extra_tm_evidence
vae_candidate_000951	excluded	00476fbf511b5819753d95fef44d404e893c47aadc054d2021bb3ab0ac3ed5b2	134	0		0	0	no_extra_tm_evidence
vae_candidate_000952	ambiguous_exploration	d21b2b1e58914fc915102e3a15252d7ddbfd598a9877ee76acea7638d71f2806	111	0		0	0	no_extra_tm_evidence
vae_candidate_000953	excluded	01def96d3f3e1281cf279fee5887315dbc21659b21b627d8e6f346ba9d1da891	98	0		0	0	no_extra_tm_evidence
vae_candidate_000954	excluded	b3386bfb8160ce396c54a0b9f26089ef2057ebd089091f8f6cb5de54cd31c9d9	112	0		0	0	no_extra_tm_evidence
vae_candidate_000955	excluded	92b37f51c0f433b9f15fc9b4489cacf25f2f1eec5b3a9fcf423a8e64bc14f8ce	55	0		0	0	no_extra_tm_evidence
vae_candidate_000956	excluded	e28b374ecd88c5391b233cb0d484d3d20f7fe57e5899fb53e69d582b60f8bacc	95	0		0	0	no_extra_tm_evidence
vae_candidate_000957	excluded	ad4dc6b3de2bed3c3e3ea94567ab412b6cd6dcc5651597f1ce577046421279d1	72	0		0	0	no_extra_tm_evidence
vae_candidate_000958	excluded	b76b8a2c68ce64888c42c4d80f3a39a07df0b96fc5459d26fd33691383ca4db7	86	0		0	0	no_extra_tm_evidence
vae_candidate_000959	main_supported_gvpa	9a6b2f7820c9b2b42f6e092ce5b18ce523f5c6ebaf4c2c333e98cccbe650dd89	108	0		0	0	no_extra_tm_evidence
vae_candidate_000960	excluded	41105ec467703ef33749fb072e71baf15201016af7b9d4a6d7dbf4e004da6791	113	0		0	0	no_extra_tm_evidence
vae_candidate_000961	excluded	c44b716ae573a387a58c71a57edf9822089346c1c1e42b925dea2eb881d3895a	180	0		0	0	no_extra_tm_evidence
vae_candidate_000962	excluded	2e6160b5195546952b390790ebcc8b95c6a187d1d3c6f5323faa0616b617f6d0	93	0		0	0	no_extra_tm_evidence
vae_candidate_000963	excluded	35bb5ca234352f1c871bd363e5a134290493d08f611963cb71b9c1b447de830c	169	0		0	0	no_extra_tm_evidence
vae_candidate_000964	excluded	a8db9f041e0330541374a92d10ae58ceb014f435c6cc6a8d5b700e8b228d14cc	103	0		0	0	no_extra_tm_evidence
vae_candidate_000965	main_supported_gvpa	4f72254750b56b8638c3793b88cc5bd2a5e2c3486ec30b3b933521ee032c2b26	92	0		0	0	no_extra_tm_evidence
vae_candidate_000966	main_supported_gvpa	a11f7b94d87017f4f8d10d9a03f51765f5b03cac1af3092bf99f40909ea40115	92	0		0	0	no_extra_tm_evidence
vae_candidate_000967	main_supported_gvpa	4f30a03192438b5225c5b72859ba45b639302f230b457a6f8e46b17323332233	95	0		0	0	no_extra_tm_evidence
vae_candidate_000968	excluded	ecbfde81ff77e954d9ae3d266ba257917aaa66b6be16e7bfa8f67dad195ac1bf	90	0		0	0	no_extra_tm_evidence
vae_candidate_000969	excluded	6b4fa21a5d780c8fff96b830780c3b73b2dade0274521adf31548aab7654630c	90	0		0	0	no_extra_tm_evidence
vae_candidate_000970	excluded	18126e2fa800e7331201055fe61d84bf6e249c0b3fd3c9f9161bd53f20a6ff0e	73	0		0	0	no_extra_tm_evidence
vae_candidate_000971	excluded	397edbc3a00ac60dc10e2a1dc676d4db8402e38f2c2230cafcede68d55c65d86	86	0		0	0	no_extra_tm_evidence
vae_candidate_000972	excluded	0ccd6410e8766c026f87de6a0c7546cadeab3f3e959edd72dab51a969e34a450	101	0		0	0	no_extra_tm_evidence
vae_candidate_000973	excluded	e72809e7630d6952aef820a66885a220d4bf909e86f41441131e35407d58878b	155	0		0	0	no_extra_tm_evidence
vae_candidate_000974	excluded	c97c8bedbd7a25d1338aecfbe9f0099b4c99bf96ad8227c17dead869471c95b8	68	0		0	0	no_extra_tm_evidence
vae_candidate_000975	main_supported_gvpa	041f6a7274ac24b2ffe8b016076df60fd353eddd3d229c1dba09df3183d1d43c	95	0		0	0	no_extra_tm_evidence
vae_candidate_000976	excluded	e5801935a1af9aa1ad80777037828f74d0fd42962c429634908750a950490d93	66	0		0	0	no_extra_tm_evidence
vae_candidate_000977	excluded	811df157edac62d5345b95ab1cd8a68dd9596985d167fc9eaea3f497abaa9332	110	0		0	0	no_extra_tm_evidence
vae_candidate_000978	excluded	ab04f66bad1edc99ded42d1c099bdce9b1023f870e5944812bf855c1b462b5fe	151	0		0	0	no_extra_tm_evidence
vae_candidate_000979	excluded	56897aca08a2bd2f2a283ebaeee754681e395d35f986df9dc79523cdcfb32dbe	87	0		0	0	no_extra_tm_evidence
vae_candidate_000980	excluded	72e1fc2733026ae20242a8f8e6f90cbaecbb3d087e27351e4571b06bffd4be1f	58	0		0	0	no_extra_tm_evidence
vae_candidate_000981	excluded	3f3ce1806bf6746d7b630a268cc565104f8d37cdfc8151dbed28a069af9e17f4	85	0		0	0	no_extra_tm_evidence
vae_candidate_000982	excluded	9497b30845886ea0363d5ef0a1e0b136a652cbf9b5ce54e25f3d70450c8fe053	114	0		0	0	no_extra_tm_evidence
vae_candidate_000983	excluded	ad96b723d38f1112179382ba57832471ffcb8f2b77ac0ebf7920985b2ef37610	73	0		0	0	no_extra_tm_evidence
vae_candidate_000984	excluded	17ae77349ee3c2dac28adbe033db4a4d6baff7a551b3d20c02413ee555a9f652	111	0		0	0	no_extra_tm_evidence
vae_candidate_000985	excluded	2de19879978ec5c695db022e9b4501c629939f3f3c4243bcbb43002e29567843	161	0		0	0	no_extra_tm_evidence
vae_candidate_000986	excluded	48aa3f227f162a13b2d77a1089ee74f01ee4fe9788dea04c2766b34e84e9dccf	100	0		0	0	no_extra_tm_evidence
vae_candidate_000987	excluded	6397c8f7524f347dc28370b8eb9d66ab84daede03953b8f35ba7b212d9739177	148	0		0	0	no_extra_tm_evidence
vae_candidate_000988	excluded	cf9170aaa0c98fee4d8d1c8dfaa790cd40428311c572e8967325f1dfd412a225	84	0		0	0	no_extra_tm_evidence
vae_candidate_000989	excluded	2d6504dbf5369ce265f32e113f66fbc7442acd808792eb66ce95407c5642c402	120	0		0	0	no_extra_tm_evidence
vae_candidate_000990	excluded	e41aacbc40d9698ef06efee2a218524d2bf1e08abea830b100f4d77bac5fbe84	180	0		0	0	no_extra_tm_evidence
vae_candidate_000991	excluded	6e28487735b244b096795ae41e0a6159ee7fb8a6603b3cfa90e25ab32019d5ec	117	0		0	0	no_extra_tm_evidence
vae_candidate_000992	excluded	52d54646c5997a16847ff0e56befe899d743c25dab1d186e4a0d0e3bd9fac3ab	66	0		0	0	no_extra_tm_evidence
vae_candidate_000993	excluded	0cef4128387f920221841a0ea0fd271b726940bdcc4f3ddc6598b1b618ea8536	129	0		0	0	no_extra_tm_evidence
vae_candidate_000994	excluded	722f97a1cf1ddd610bff3ec85725e679c53cc0a36a75c247f89b5f93644cd343	100	0		0	0	no_extra_tm_evidence
vae_candidate_000995	main_supported_gvpa	79c5509defba57a73b471ee581c1edef7453cbb251e1d37bad050ea96f1193dd	93	0		0	0	no_extra_tm_evidence
vae_candidate_000996	excluded	95dc5749aa1378541e7ba75839ef53427e3fab5c03bbda16514aba58cef007a2	62	0		0	0	no_extra_tm_evidence
vae_candidate_000997	excluded	d4a2c607000048bcbbc6945ed814db2077ac2860e579812d39a2f53b09f0b26a	103	0		0	0	no_extra_tm_evidence
vae_candidate_000998	excluded	293f20b4f7b92ab2399b79762e00dddecf7776fd9468050c1b6501f29e90a7f4	129	0		0	0	no_extra_tm_evidence
vae_candidate_000999	excluded	ee720de53aa1ab516401c384d76ac368972954a5ceb6b70d2c3cb640f6ef0c27	74	0		0	0	no_extra_tm_evidence
vae_candidate_001000	excluded	c39dc756c3cb3e9969dd1fd3ff6d964e8c070e5e1e5e70658358c76146f1ebf5	66	0		0	0	no_extra_tm_evidence
