sequence_id	generator_type	model_checkpoint	checkpoint_sha256	reference_release_id	split_manifest_sha256	vocabulary_sha256	generation_seed	sample_index	temperature	top_k	top_p	latent_id	raw_token_length	terminated_by_eos	hit_generation_cap	stop_reason	sequence_length	sequence_sha256
vae_candidate_000001	sequence_vae	models/generator/sequence_vae/member_a_v1_seed42/best.pt	d2801a2a130928739f44f9726bcb5bbd7be229fadfe2f05fba5d0f6cc87debdf	member_a_v1_conservative_provisional	28e2c439d1946a789cb3a3812d4c54f1cce0502dbfa9429d77c238425b501f30	4664cb809825b7023ad6a8a90b9492f757446b7b97890595c397504646aa55d4	42	0	1.0	0	1.0	0	85	true	false	eos	84	b784a46b5b0d83f040d354c75bfaf51fb9a8bf2db443f24804d892d6db103acc
vae_candidate_000002	sequence_vae	models/generator/sequence_vae/member_a_v1_seed42/best.pt	d2801a2a130928739f44f9726bcb5bbd7be229fadfe2f05fba5d0f6cc87debdf	member_a_v1_conservative_provisional	28e2c439d1946a789cb3a3812d4c54f1cce0502dbfa9429d77c238425b501f30	4664cb809825b7023ad6a8a90b9492f757446b7b97890595c397504646aa55d4	42	1	1.0	0	1.0	1	90	true	false	eos	89	84a6400a25998253960e1b4a6525a8fd85d296fe01c3107533a60fe1ae91cdf7
vae_candidate_000003	sequence_vae	models/generator/sequence_vae/member_a_v1_seed42/best.pt	d2801a2a130928739f44f9726bcb5bbd7be229fadfe2f05fba5d0f6cc87debdf	member_a_v1_conservative_provisional	28e2c439d1946a789cb3a3812d4c54f1cce0502dbfa9429d77c238425b501f30	4664cb809825b7023ad6a8a90b9492f757446b7b97890595c397504646aa55d4	42	2	1.0	0	1.0	2	117	true	false	eos	116	47432c07ec69e6a40c297e83407158873933eb3304e55cee8c0b349bda5e6807
vae_candidate_000004	sequence_vae	models/generator/sequence_vae/member_a_v1_seed42/best.pt	d2801a2a130928739f44f9726bcb5bbd7be229fadfe2f05fba5d0f6cc87debdf	member_a_v1_conservative_provisional	28e2c439d1946a789cb3a3812d4c54f1cce0502dbfa9429d77c238425b501f30	4664cb809825b7023ad6a8a90b9492f757446b7b97890595c397504646aa55d4	42	3	1.0	0	1.0	3	98	true	false	eos	97	63405740fb4dabcdb410c6b2336aaa5e9d83bc9fe5a849d43eb042fb58591c05
vae_candidate_000005	sequence_vae	models/generator/sequence_vae/member_a_v1_seed42/best.pt	d2801a2a130928739f44f9726bcb5bbd7be229fadfe2f05fba5d0f6cc87debdf	member_a_v1_conservative_provisional	28e2c439d1946a789cb3a3812d4c54f1cce0502dbfa9429d77c238425b501f30	4664cb809825b7023ad6a8a90b9492f757446b7b97890595c397504646aa55d4	42	4	1.0	0	1.0	4	93	true	false	eos	92	610184726c153a1e303297f1df4fd80b864ff309610aad67032e33a0f4b6c9aa
vae_candidate_000006	sequence_vae	models/generator/sequence_vae/member_a_v1_seed42/best.pt	d2801a2a130928739f44f9726bcb5bbd7be229fadfe2f05fba5d0f6cc87debdf	member_a_v1_conservative_provisional	28e2c439d1946a789cb3a3812d4c54f1cce0502dbfa9429d77c238425b501f30	4664cb809825b7023ad6a8a90b9492f757446b7b97890595c397504646aa55d4	42	5	1.0	0	1.0	5	79	true	false	eos	78	33eb79fe575f5d01e2ab70ff3a0cf6a8f0d2916ac6bf65fd60bac2a92dbc0319
vae_candidate_000007	sequence_vae	models/generator/sequence_vae/member_a_v1_seed42/best.pt	d2801a2a130928739f44f9726bcb5bbd7be229fadfe2f05fba5d0f6cc87debdf	member_a_v1_conservative_provisional	28e2c439d1946a789cb3a3812d4c54f1cce0502dbfa9429d77c238425b501f30	4664cb809825b7023ad6a8a90b9492f757446b7b97890595c397504646aa55d4	42	6	1.0	0	1.0	6	55	true	false	eos	54	acb0ca21c093430ec762163af6c29386bcbb7d9885decf2bd756db9e80439863
vae_candidate_000008	sequence_vae	models/generator/sequence_vae/member_a_v1_seed42/best.pt	d2801a2a130928739f44f9726bcb5bbd7be229fadfe2f05fba5d0f6cc87debdf	member_a_v1_conservative_provisional	28e2c439d1946a789cb3a3812d4c54f1cce0502dbfa9429d77c238425b501f30	4664cb809825b7023ad6a8a90b9492f757446b7b97890595c397504646aa55d4	42	7	1.0	0	1.0	7	113	true	false	eos	112	8a903f275ad48102db528e5e5d9fd0be294fe55afb3f576f91c8b1d9ae3a8d38
vae_candidate_000009	sequence_vae	models/generator/sequence_vae/member_a_v1_seed42/best.pt	d2801a2a130928739f44f9726bcb5bbd7be229fadfe2f05fba5d0f6cc87debdf	member_a_v1_conservative_provisional	28e2c439d1946a789cb3a3812d4c54f1cce0502dbfa9429d77c238425b501f30	4664cb809825b7023ad6a8a90b9492f757446b7b97890595c397504646aa55d4	42	8	1.0	0	1.0	8	78	true	false	eos	77	196a7b1b1710b41bae60050215a212f7511aaadef9bc76f105d6d4e0c9bdcda9
vae_candidate_000010	sequence_vae	models/generator/sequence_vae/member_a_v1_seed42/best.pt	d2801a2a130928739f44f9726bcb5bbd7be229fadfe2f05fba5d0f6cc87debdf	member_a_v1_conservative_provisional	28e2c439d1946a789cb3a3812d4c54f1cce0502dbfa9429d77c238425b501f30	4664cb809825b7023ad6a8a90b9492f757446b7b97890595c397504646aa55d4	42	9	1.0	0	1.0	9	90	true	false	eos	89	3d335b7733956166f1bf6e875825d4f5fd71e3220760e71cb1840a6b8ee422e8
vae_candidate_000011	sequence_vae	models/generator/sequence_vae/member_a_v1_seed42/best.pt	d2801a2a130928739f44f9726bcb5bbd7be229fadfe2f05fba5d0f6cc87debdf	member_a_v1_conservative_provisional	28e2c439d1946a789cb3a3812d4c54f1cce0502dbfa9429d77c238425b501f30	4664cb809825b7023ad6a8a90b9492f757446b7b97890595c397504646aa55d4	42	10	1.0	0	1.0	10	77	true	false	eos	76	24b09a5248405b355eb4d0b6991ba31b2f411e7b5d8bf571eca66ada82f24a35
vae_candidate_000012	sequence_vae	models/generator/sequence_vae/member_a_v1_seed42/best.pt	d2801a2a130928739f44f9726bcb5bbd7be229fadfe2f05fba5d0f6cc87debdf	member_a_v1_conservative_provisional	28e2c439d1946a789cb3a3812d4c54f1cce0502dbfa9429d77c238425b501f30	4664cb809825b7023ad6a8a90b9492f757446b7b97890595c397504646aa55d4	42	11	1.0	0	1.0	11	145	true	false	eos	144	2209f26349121f51c2d50683bbc79b7adb39ee0a2efe92458c2e1ef8796ccd49
vae_candidate_000013	sequence_vae	models/generator/sequence_vae/member_a_v1_seed42/best.pt	d2801a2a130928739f44f9726bcb5bbd7be229fadfe2f05fba5d0f6cc87debdf	member_a_v1_conservative_provisional	28e2c439d1946a789cb3a3812d4c54f1cce0502dbfa9429d77c238425b501f30	4664cb809825b7023ad6a8a90b9492f757446b7b97890595c397504646aa55d4	42	12	1.0	0	1.0	12	168	true	false	eos	167	ff9300d2e2aef7175b58962087d76f8ea3405cf2208df6619ad6adb51165ea90
vae_candidate_000014	sequence_vae	models/generator/sequence_vae/member_a_v1_seed42/best.pt	d2801a2a130928739f44f9726bcb5bbd7be229fadfe2f05fba5d0f6cc87debdf	member_a_v1_conservative_provisional	28e2c439d1946a789cb3a3812d4c54f1cce0502dbfa9429d77c238425b501f30	4664cb809825b7023ad6a8a90b9492f757446b7b97890595c397504646aa55d4	42	13	1.0	0	1.0	13	138	true	false	eos	137	bb134afc34d6066647b4fd569d5bde33baa5bfb45b52bbcbdd9b81dcc82ecc4d
vae_candidate_000015	sequence_vae	models/generator/sequence_vae/member_a_v1_seed42/best.pt	d2801a2a130928739f44f9726bcb5bbd7be229fadfe2f05fba5d0f6cc87debdf	member_a_v1_conservative_provisional	28e2c439d1946a789cb3a3812d4c54f1cce0502dbfa9429d77c238425b501f30	4664cb809825b7023ad6a8a90b9492f757446b7b97890595c397504646aa55d4	42	14	1.0	0	1.0	14	140	true	false	eos	139	3bc2916e02c2a9414da1e3e8711361a2763804f0ec0cf9acf141efc580f8d86f
vae_candidate_000016	sequence_vae	models/generator/sequence_vae/member_a_v1_seed42/best.pt	d2801a2a130928739f44f9726bcb5bbd7be229fadfe2f05fba5d0f6cc87debdf	member_a_v1_conservative_provisional	28e2c439d1946a789cb3a3812d4c54f1cce0502dbfa9429d77c238425b501f30	4664cb809825b7023ad6a8a90b9492f757446b7b97890595c397504646aa55d4	42	15	1.0	0	1.0	15	180	false	true	length_cap	180	0b5eb08f6eb332ce200c2fd9b6660662a77c6852f167a615c09a962dc0375a6d
vae_candidate_000017	sequence_vae	models/generator/sequence_vae/member_a_v1_seed42/best.pt	d2801a2a130928739f44f9726bcb5bbd7be229fadfe2f05fba5d0f6cc87debdf	member_a_v1_conservative_provisional	28e2c439d1946a789cb3a3812d4c54f1cce0502dbfa9429d77c238425b501f30	4664cb809825b7023ad6a8a90b9492f757446b7b97890595c397504646aa55d4	42	16	1.0	0	1.0	16	96	true	false	eos	95	9c8ab771bfd794b1aa7ee69ee0f37530f57d5e5486e05a9672da5e3cd28c44cd
vae_candidate_000018	sequence_vae	models/generator/sequence_vae/member_a_v1_seed42/best.pt	d2801a2a130928739f44f9726bcb5bbd7be229fadfe2f05fba5d0f6cc87debdf	member_a_v1_conservative_provisional	28e2c439d1946a789cb3a3812d4c54f1cce0502dbfa9429d77c238425b501f30	4664cb809825b7023ad6a8a90b9492f757446b7b97890595c397504646aa55d4	42	17	1.0	0	1.0	17	99	true	false	eos	98	9903c0f8a58dfda520537020603f08a1e3bc0841c86ce6cda9c792ef6b8aecc3
vae_candidate_000019	sequence_vae	models/generator/sequence_vae/member_a_v1_seed42/best.pt	d2801a2a130928739f44f9726bcb5bbd7be229fadfe2f05fba5d0f6cc87debdf	member_a_v1_conservative_provisional	28e2c439d1946a789cb3a3812d4c54f1cce0502dbfa9429d77c238425b501f30	4664cb809825b7023ad6a8a90b9492f757446b7b97890595c397504646aa55d4	42	18	1.0	0	1.0	18	72	true	false	eos	71	61e1b7b4d9c8bbeaf13620a1de72d366d0d9d05983b9ea1c0889f6bbc693f8bb
vae_candidate_000020	sequence_vae	models/generator/sequence_vae/member_a_v1_seed42/best.pt	d2801a2a130928739f44f9726bcb5bbd7be229fadfe2f05fba5d0f6cc87debdf	member_a_v1_conservative_provisional	28e2c439d1946a789cb3a3812d4c54f1cce0502dbfa9429d77c238425b501f30	4664cb809825b7023ad6a8a90b9492f757446b7b97890595c397504646aa55d4	42	19	1.0	0	1.0	19	108	true	false	eos	107	ae8c524e0e385be95a4a7dd5c033ce06143a99f3991eb736fd2152038c13221e
vae_candidate_000021	sequence_vae	models/generator/sequence_vae/member_a_v1_seed42/best.pt	d2801a2a130928739f44f9726bcb5bbd7be229fadfe2f05fba5d0f6cc87debdf	member_a_v1_conservative_provisional	28e2c439d1946a789cb3a3812d4c54f1cce0502dbfa9429d77c238425b501f30	4664cb809825b7023ad6a8a90b9492f757446b7b97890595c397504646aa55d4	42	20	1.0	0	1.0	20	96	true	false	eos	95	55cbcdd2143ac3b0c8f48d84b7f3d3c6bd2088f63ca032dbd1acc5997b0b2c7c
vae_candidate_000022	sequence_vae	models/generator/sequence_vae/member_a_v1_seed42/best.pt	d2801a2a130928739f44f9726bcb5bbd7be229fadfe2f05fba5d0f6cc87debdf	member_a_v1_conservative_provisional	28e2c439d1946a789cb3a3812d4c54f1cce0502dbfa9429d77c238425b501f30	4664cb809825b7023ad6a8a90b9492f757446b7b97890595c397504646aa55d4	42	21	1.0	0	1.0	21	142	true	false	eos	141	5a5f5864f1c94e79295a9d04601ea627af0ffc066c1e4684e1605f4910b6bbdd
vae_candidate_000023	sequence_vae	models/generator/sequence_vae/member_a_v1_seed42/best.pt	d2801a2a130928739f44f9726bcb5bbd7be229fadfe2f05fba5d0f6cc87debdf	member_a_v1_conservative_provisional	28e2c439d1946a789cb3a3812d4c54f1cce0502dbfa9429d77c238425b501f30	4664cb809825b7023ad6a8a90b9492f757446b7b97890595c397504646aa55d4	42	22	1.0	0	1.0	22	134	true	false	eos	133	227f5f85d2c1ea30fe2c2f81ec23bce8f21c213023c3c31841a36300d2234799
vae_candidate_000024	sequence_vae	models/generator/sequence_vae/member_a_v1_seed42/best.pt	d2801a2a130928739f44f9726bcb5bbd7be229fadfe2f05fba5d0f6cc87debdf	member_a_v1_conservative_provisional	28e2c439d1946a789cb3a3812d4c54f1cce0502dbfa9429d77c238425b501f30	4664cb809825b7023ad6a8a90b9492f757446b7b97890595c397504646aa55d4	42	23	1.0	0	1.0	23	143	true	false	eos	142	1b63af6e39e9be1d0aa5db5825c7af6661efdf4146993b28e176f1e985962e8c
vae_candidate_000025	sequence_vae	models/generator/sequence_vae/member_a_v1_seed42/best.pt	d2801a2a130928739f44f9726bcb5bbd7be229fadfe2f05fba5d0f6cc87debdf	member_a_v1_conservative_provisional	28e2c439d1946a789cb3a3812d4c54f1cce0502dbfa9429d77c238425b501f30	4664cb809825b7023ad6a8a90b9492f757446b7b97890595c397504646aa55d4	42	24	1.0	0	1.0	24	104	true	false	eos	103	826b8e1b9ae33fb6a5f6a3bc529102bf8ff631873ffce76f6ce8d0c277a910e4
vae_candidate_000026	sequence_vae	models/generator/sequence_vae/member_a_v1_seed42/best.pt	d2801a2a130928739f44f9726bcb5bbd7be229fadfe2f05fba5d0f6cc87debdf	member_a_v1_conservative_provisional	28e2c439d1946a789cb3a3812d4c54f1cce0502dbfa9429d77c238425b501f30	4664cb809825b7023ad6a8a90b9492f757446b7b97890595c397504646aa55d4	42	25	1.0	0	1.0	25	126	true	false	eos	125	5fe8efcab91f21567b128757d6c5991e38b1a633279bb4d4253b2c5351192869
vae_candidate_000027	sequence_vae	models/generator/sequence_vae/member_a_v1_seed42/best.pt	d2801a2a130928739f44f9726bcb5bbd7be229fadfe2f05fba5d0f6cc87debdf	member_a_v1_conservative_provisional	28e2c439d1946a789cb3a3812d4c54f1cce0502dbfa9429d77c238425b501f30	4664cb809825b7023ad6a8a90b9492f757446b7b97890595c397504646aa55d4	42	26	1.0	0	1.0	26	75	true	false	eos	74	3f0375f4b3dc4aee1d00c8b20d4905dcb41ea55006a8d50484456911662079cd
vae_candidate_000028	sequence_vae	models/generator/sequence_vae/member_a_v1_seed42/best.pt	d2801a2a130928739f44f9726bcb5bbd7be229fadfe2f05fba5d0f6cc87debdf	member_a_v1_conservative_provisional	28e2c439d1946a789cb3a3812d4c54f1cce0502dbfa9429d77c238425b501f30	4664cb809825b7023ad6a8a90b9492f757446b7b97890595c397504646aa55d4	42	27	1.0	0	1.0	27	128	true	false	eos	127	24df65b3d09872e03a9c1ab0952689b0946af28146612cb127f5146fc56f1786
vae_candidate_000029	sequence_vae	models/generator/sequence_vae/member_a_v1_seed42/best.pt	d2801a2a130928739f44f9726bcb5bbd7be229fadfe2f05fba5d0f6cc87debdf	member_a_v1_conservative_provisional	28e2c439d1946a789cb3a3812d4c54f1cce0502dbfa9429d77c238425b501f30	4664cb809825b7023ad6a8a90b9492f757446b7b97890595c397504646aa55d4	42	28	1.0	0	1.0	28	91	true	false	eos	90	3242d585e56968b6b6d3779a84c6879dd2750e5c60057092d7c0c3c71bae79ae
vae_candidate_000030	sequence_vae	models/generator/sequence_vae/member_a_v1_seed42/best.pt	d2801a2a130928739f44f9726bcb5bbd7be229fadfe2f05fba5d0f6cc87debdf	member_a_v1_conservative_provisional	28e2c439d1946a789cb3a3812d4c54f1cce0502dbfa9429d77c238425b501f30	4664cb809825b7023ad6a8a90b9492f757446b7b97890595c397504646aa55d4	42	29	1.0	0	1.0	29	100	true	false	eos	99	7b6599f29821f4fc26f818b6b609f681c067638b47fa0164a89a5ae71f8f978c
vae_candidate_000031	sequence_vae	models/generator/sequence_vae/member_a_v1_seed42/best.pt	d2801a2a130928739f44f9726bcb5bbd7be229fadfe2f05fba5d0f6cc87debdf	member_a_v1_conservative_provisional	28e2c439d1946a789cb3a3812d4c54f1cce0502dbfa9429d77c238425b501f30	4664cb809825b7023ad6a8a90b9492f757446b7b97890595c397504646aa55d4	42	30	1.0	0	1.0	30	75	true	false	eos	74	f27ccf550975b33eec059d426fa034dff85a85e0b929a62625b3bbddf9d79a26
vae_candidate_000032	sequence_vae	models/generator/sequence_vae/member_a_v1_seed42/best.pt	d2801a2a130928739f44f9726bcb5bbd7be229fadfe2f05fba5d0f6cc87debdf	member_a_v1_conservative_provisional	28e2c439d1946a789cb3a3812d4c54f1cce0502dbfa9429d77c238425b501f30	4664cb809825b7023ad6a8a90b9492f757446b7b97890595c397504646aa55d4	42	31	1.0	0	1.0	31	98	true	false	eos	97	e44eaae089f627a5f9e9d800adbf5abc109a4bf622b625468f765a919c99cdbb
vae_candidate_000033	sequence_vae	models/generator/sequence_vae/member_a_v1_seed42/best.pt	d2801a2a130928739f44f9726bcb5bbd7be229fadfe2f05fba5d0f6cc87debdf	member_a_v1_conservative_provisional	28e2c439d1946a789cb3a3812d4c54f1cce0502dbfa9429d77c238425b501f30	4664cb809825b7023ad6a8a90b9492f757446b7b97890595c397504646aa55d4	42	32	1.0	0	1.0	32	124	true	false	eos	123	fd0a65a97f33b3d0e714436d62781b63acf04ba867775752865c7f294369b2ea
vae_candidate_000034	sequence_vae	models/generator/sequence_vae/member_a_v1_seed42/best.pt	d2801a2a130928739f44f9726bcb5bbd7be229fadfe2f05fba5d0f6cc87debdf	member_a_v1_conservative_provisional	28e2c439d1946a789cb3a3812d4c54f1cce0502dbfa9429d77c238425b501f30	4664cb809825b7023ad6a8a90b9492f757446b7b97890595c397504646aa55d4	42	33	1.0	0	1.0	33	93	true	false	eos	92	36662d33f08471ea31758b191a75d6473722ebfb5002258e1899528823e73149
vae_candidate_000035	sequence_vae	models/generator/sequence_vae/member_a_v1_seed42/best.pt	d2801a2a130928739f44f9726bcb5bbd7be229fadfe2f05fba5d0f6cc87debdf	member_a_v1_conservative_provisional	28e2c439d1946a789cb3a3812d4c54f1cce0502dbfa9429d77c238425b501f30	4664cb809825b7023ad6a8a90b9492f757446b7b97890595c397504646aa55d4	42	34	1.0	0	1.0	34	96	true	false	eos	95	2c09b2f6ce4b2ca918c815965f1d36c90b04ec1a900a04e4644541b3f1ad9a6e
vae_candidate_000036	sequence_vae	models/generator/sequence_vae/member_a_v1_seed42/best.pt	d2801a2a130928739f44f9726bcb5bbd7be229fadfe2f05fba5d0f6cc87debdf	member_a_v1_conservative_provisional	28e2c439d1946a789cb3a3812d4c54f1cce0502dbfa9429d77c238425b501f30	4664cb809825b7023ad6a8a90b9492f757446b7b97890595c397504646aa55d4	42	35	1.0	0	1.0	35	101	true	false	eos	100	20ef141b558e1fc9742ce427b9de2fb2b223aca7b7a9aefff8c89a24cbcaf39b
vae_candidate_000037	sequence_vae	models/generator/sequence_vae/member_a_v1_seed42/best.pt	d2801a2a130928739f44f9726bcb5bbd7be229fadfe2f05fba5d0f6cc87debdf	member_a_v1_conservative_provisional	28e2c439d1946a789cb3a3812d4c54f1cce0502dbfa9429d77c238425b501f30	4664cb809825b7023ad6a8a90b9492f757446b7b97890595c397504646aa55d4	42	36	1.0	0	1.0	36	64	true	false	eos	63	dcbb9e016c560cf7b18a0436e1dbaab229f8ad1eab8cb995f20d592dca291d9d
vae_candidate_000038	sequence_vae	models/generator/sequence_vae/member_a_v1_seed42/best.pt	d2801a2a130928739f44f9726bcb5bbd7be229fadfe2f05fba5d0f6cc87debdf	member_a_v1_conservative_provisional	28e2c439d1946a789cb3a3812d4c54f1cce0502dbfa9429d77c238425b501f30	4664cb809825b7023ad6a8a90b9492f757446b7b97890595c397504646aa55d4	42	37	1.0	0	1.0	37	130	true	false	eos	129	2b615b03f06addbc70d65f130a47f9dc22844b880051f56a6b295e6c18d5af7f
vae_candidate_000039	sequence_vae	models/generator/sequence_vae/member_a_v1_seed42/best.pt	d2801a2a130928739f44f9726bcb5bbd7be229fadfe2f05fba5d0f6cc87debdf	member_a_v1_conservative_provisional	28e2c439d1946a789cb3a3812d4c54f1cce0502dbfa9429d77c238425b501f30	4664cb809825b7023ad6a8a90b9492f757446b7b97890595c397504646aa55d4	42	38	1.0	0	1.0	38	105	true	false	eos	104	f36881fe1a088c6a58f5b3b9d119ef19814a518a5e7910936c0a00b45295f68c
vae_candidate_000040	sequence_vae	models/generator/sequence_vae/member_a_v1_seed42/best.pt	d2801a2a130928739f44f9726bcb5bbd7be229fadfe2f05fba5d0f6cc87debdf	member_a_v1_conservative_provisional	28e2c439d1946a789cb3a3812d4c54f1cce0502dbfa9429d77c238425b501f30	4664cb809825b7023ad6a8a90b9492f757446b7b97890595c397504646aa55d4	42	39	1.0	0	1.0	39	169	true	false	eos	168	9ed5c77bffa3ef0b1c8f8dafeb722c4c4d4bc7a46064767cfc83f1f63c7e8790
vae_candidate_000041	sequence_vae	models/generator/sequence_vae/member_a_v1_seed42/best.pt	d2801a2a130928739f44f9726bcb5bbd7be229fadfe2f05fba5d0f6cc87debdf	member_a_v1_conservative_provisional	28e2c439d1946a789cb3a3812d4c54f1cce0502dbfa9429d77c238425b501f30	4664cb809825b7023ad6a8a90b9492f757446b7b97890595c397504646aa55d4	42	40	1.0	0	1.0	40	94	true	false	eos	93	186da6e177a19eacd3d559e95fd5b73ab30b9ad9d5afb4c2c73deb3d1324dc8b
vae_candidate_000042	sequence_vae	models/generator/sequence_vae/member_a_v1_seed42/best.pt	d2801a2a130928739f44f9726bcb5bbd7be229fadfe2f05fba5d0f6cc87debdf	member_a_v1_conservative_provisional	28e2c439d1946a789cb3a3812d4c54f1cce0502dbfa9429d77c238425b501f30	4664cb809825b7023ad6a8a90b9492f757446b7b97890595c397504646aa55d4	42	41	1.0	0	1.0	41	116	true	false	eos	115	3a2140bacd87687187b99035a2cd220e852a764160589cb1400a1938704425b7
vae_candidate_000043	sequence_vae	models/generator/sequence_vae/member_a_v1_seed42/best.pt	d2801a2a130928739f44f9726bcb5bbd7be229fadfe2f05fba5d0f6cc87debdf	member_a_v1_conservative_provisional	28e2c439d1946a789cb3a3812d4c54f1cce0502dbfa9429d77c238425b501f30	4664cb809825b7023ad6a8a90b9492f757446b7b97890595c397504646aa55d4	42	42	1.0	0	1.0	42	129	true	false	eos	128	80dff3968fd241dfb440aacf20c77335f317f25edd65fc5cfff61a9aa3c4cfd1
vae_candidate_000044	sequence_vae	models/generator/sequence_vae/member_a_v1_seed42/best.pt	d2801a2a130928739f44f9726bcb5bbd7be229fadfe2f05fba5d0f6cc87debdf	member_a_v1_conservative_provisional	28e2c439d1946a789cb3a3812d4c54f1cce0502dbfa9429d77c238425b501f30	4664cb809825b7023ad6a8a90b9492f757446b7b97890595c397504646aa55d4	42	43	1.0	0	1.0	43	72	true	false	eos	71	59841b357d6487c5a6c17e727a6931576a1d817b1cca0e2b5bd43ff1e3edecbf
vae_candidate_000045	sequence_vae	models/generator/sequence_vae/member_a_v1_seed42/best.pt	d2801a2a130928739f44f9726bcb5bbd7be229fadfe2f05fba5d0f6cc87debdf	member_a_v1_conservative_provisional	28e2c439d1946a789cb3a3812d4c54f1cce0502dbfa9429d77c238425b501f30	4664cb809825b7023ad6a8a90b9492f757446b7b97890595c397504646aa55d4	42	44	1.0	0	1.0	44	135	true	false	eos	134	ff862c8141858294aaa9f11bf3be63a1662f9764f526a8567c6935823f6ba608
vae_candidate_000046	sequence_vae	models/generator/sequence_vae/member_a_v1_seed42/best.pt	d2801a2a130928739f44f9726bcb5bbd7be229fadfe2f05fba5d0f6cc87debdf	member_a_v1_conservative_provisional	28e2c439d1946a789cb3a3812d4c54f1cce0502dbfa9429d77c238425b501f30	4664cb809825b7023ad6a8a90b9492f757446b7b97890595c397504646aa55d4	42	45	1.0	0	1.0	45	127	true	false	eos	126	fa65c311c43a8d04a3f21b200840e33d487102fdecd72e9c5582265b4f97297f
vae_candidate_000047	sequence_vae	models/generator/sequence_vae/member_a_v1_seed42/best.pt	d2801a2a130928739f44f9726bcb5bbd7be229fadfe2f05fba5d0f6cc87debdf	member_a_v1_conservative_provisional	28e2c439d1946a789cb3a3812d4c54f1cce0502dbfa9429d77c238425b501f30	4664cb809825b7023ad6a8a90b9492f757446b7b97890595c397504646aa55d4	42	46	1.0	0	1.0	46	60	true	false	eos	59	bf1e201433832bc7a494c1ad09d17d8fcdd165ba4834a97ad6232bde32830665
vae_candidate_000048	sequence_vae	models/generator/sequence_vae/member_a_v1_seed42/best.pt	d2801a2a130928739f44f9726bcb5bbd7be229fadfe2f05fba5d0f6cc87debdf	member_a_v1_conservative_provisional	28e2c439d1946a789cb3a3812d4c54f1cce0502dbfa9429d77c238425b501f30	4664cb809825b7023ad6a8a90b9492f757446b7b97890595c397504646aa55d4	42	47	1.0	0	1.0	47	77	true	false	eos	76	4482ea96472d31ebc912c0de9a55f9526254ad45714394d95eb25de7dbcd242d
vae_candidate_000049	sequence_vae	models/generator/sequence_vae/member_a_v1_seed42/best.pt	d2801a2a130928739f44f9726bcb5bbd7be229fadfe2f05fba5d0f6cc87debdf	member_a_v1_conservative_provisional	28e2c439d1946a789cb3a3812d4c54f1cce0502dbfa9429d77c238425b501f30	4664cb809825b7023ad6a8a90b9492f757446b7b97890595c397504646aa55d4	42	48	1.0	0	1.0	48	113	true	false	eos	112	9db73996d2979d5828d9f896ad9bf2c52ace50870be9a4f8921e9da444167070
vae_candidate_000050	sequence_vae	models/generator/sequence_vae/member_a_v1_seed42/best.pt	d2801a2a130928739f44f9726bcb5bbd7be229fadfe2f05fba5d0f6cc87debdf	member_a_v1_conservative_provisional	28e2c439d1946a789cb3a3812d4c54f1cce0502dbfa9429d77c238425b501f30	4664cb809825b7023ad6a8a90b9492f757446b7b97890595c397504646aa55d4	42	49	1.0	0	1.0	49	71	true	false	eos	70	d6eade2c18d926b4a9d7ec82b7f1615b2e260abd464154bc9db8f1775dba6cf9
vae_candidate_000051	sequence_vae	models/generator/sequence_vae/member_a_v1_seed42/best.pt	d2801a2a130928739f44f9726bcb5bbd7be229fadfe2f05fba5d0f6cc87debdf	member_a_v1_conservative_provisional	28e2c439d1946a789cb3a3812d4c54f1cce0502dbfa9429d77c238425b501f30	4664cb809825b7023ad6a8a90b9492f757446b7b97890595c397504646aa55d4	42	50	1.0	0	1.0	50	83	true	false	eos	82	7b74ac8889f5e2d14a9efa0875b8ccb372f47f3e873c944652a036a8e7323545
vae_candidate_000052	sequence_vae	models/generator/sequence_vae/member_a_v1_seed42/best.pt	d2801a2a130928739f44f9726bcb5bbd7be229fadfe2f05fba5d0f6cc87debdf	member_a_v1_conservative_provisional	28e2c439d1946a789cb3a3812d4c54f1cce0502dbfa9429d77c238425b501f30	4664cb809825b7023ad6a8a90b9492f757446b7b97890595c397504646aa55d4	42	51	1.0	0	1.0	51	105	true	false	eos	104	5373afba832cbdbea249f8bc08254c7ee7b3c989ddd53383703db146b0d8d20b
vae_candidate_000053	sequence_vae	models/generator/sequence_vae/member_a_v1_seed42/best.pt	d2801a2a130928739f44f9726bcb5bbd7be229fadfe2f05fba5d0f6cc87debdf	member_a_v1_conservative_provisional	28e2c439d1946a789cb3a3812d4c54f1cce0502dbfa9429d77c238425b501f30	4664cb809825b7023ad6a8a90b9492f757446b7b97890595c397504646aa55d4	42	52	1.0	0	1.0	52	144	true	false	eos	143	b3b8c33a5b22cdfe9e9926e2dab84d1c4a2eb8cb7f2deb06cde1a737205be09a
vae_candidate_000054	sequence_vae	models/generator/sequence_vae/member_a_v1_seed42/best.pt	d2801a2a130928739f44f9726bcb5bbd7be229fadfe2f05fba5d0f6cc87debdf	member_a_v1_conservative_provisional	28e2c439d1946a789cb3a3812d4c54f1cce0502dbfa9429d77c238425b501f30	4664cb809825b7023ad6a8a90b9492f757446b7b97890595c397504646aa55d4	42	53	1.0	0	1.0	53	118	true	false	eos	117	607b9955ebaf04e0de46bf6bce67ac75f9574089b68dff97d7c30b3acb12ae4f
vae_candidate_000055	sequence_vae	models/generator/sequence_vae/member_a_v1_seed42/best.pt	d2801a2a130928739f44f9726bcb5bbd7be229fadfe2f05fba5d0f6cc87debdf	member_a_v1_conservative_provisional	28e2c439d1946a789cb3a3812d4c54f1cce0502dbfa9429d77c238425b501f30	4664cb809825b7023ad6a8a90b9492f757446b7b97890595c397504646aa55d4	42	54	1.0	0	1.0	54	52	true	false	eos	51	bad7436e63e4e26e30934f8591f426c5c7a0f03a259b39448159d1df834b6a73
vae_candidate_000056	sequence_vae	models/generator/sequence_vae/member_a_v1_seed42/best.pt	d2801a2a130928739f44f9726bcb5bbd7be229fadfe2f05fba5d0f6cc87debdf	member_a_v1_conservative_provisional	28e2c439d1946a789cb3a3812d4c54f1cce0502dbfa9429d77c238425b501f30	4664cb809825b7023ad6a8a90b9492f757446b7b97890595c397504646aa55d4	42	55	1.0	0	1.0	55	70	true	false	eos	69	a09c6ceedd41f54a2281e6ad7d1e6a1b299800f7d3d3c50fb4ab3b8ebb596587
vae_candidate_000057	sequence_vae	models/generator/sequence_vae/member_a_v1_seed42/best.pt	d2801a2a130928739f44f9726bcb5bbd7be229fadfe2f05fba5d0f6cc87debdf	member_a_v1_conservative_provisional	28e2c439d1946a789cb3a3812d4c54f1cce0502dbfa9429d77c238425b501f30	4664cb809825b7023ad6a8a90b9492f757446b7b97890595c397504646aa55d4	42	56	1.0	0	1.0	56	114	true	false	eos	113	2af931adeb233cd39ad8d91c0c14316f33b07c0d5034356d1002a99c287b0523
vae_candidate_000058	sequence_vae	models/generator/sequence_vae/member_a_v1_seed42/best.pt	d2801a2a130928739f44f9726bcb5bbd7be229fadfe2f05fba5d0f6cc87debdf	member_a_v1_conservative_provisional	28e2c439d1946a789cb3a3812d4c54f1cce0502dbfa9429d77c238425b501f30	4664cb809825b7023ad6a8a90b9492f757446b7b97890595c397504646aa55d4	42	57	1.0	0	1.0	57	87	true	false	eos	86	860f4a13c1f3f2220ee1db107ba1c07d4dbdf710a6ab08f42819b416d6d09fac
vae_candidate_000059	sequence_vae	models/generator/sequence_vae/member_a_v1_seed42/best.pt	d2801a2a130928739f44f9726bcb5bbd7be229fadfe2f05fba5d0f6cc87debdf	member_a_v1_conservative_provisional	28e2c439d1946a789cb3a3812d4c54f1cce0502dbfa9429d77c238425b501f30	4664cb809825b7023ad6a8a90b9492f757446b7b97890595c397504646aa55d4	42	58	1.0	0	1.0	58	86	true	false	eos	85	57c3a0c94772b72a830fb9c7f73ad94d96e446f7dbdb76f8362207afab88e622
vae_candidate_000060	sequence_vae	models/generator/sequence_vae/member_a_v1_seed42/best.pt	d2801a2a130928739f44f9726bcb5bbd7be229fadfe2f05fba5d0f6cc87debdf	member_a_v1_conservative_provisional	28e2c439d1946a789cb3a3812d4c54f1cce0502dbfa9429d77c238425b501f30	4664cb809825b7023ad6a8a90b9492f757446b7b97890595c397504646aa55d4	42	59	1.0	0	1.0	59	59	true	false	eos	58	9292dc1d28b3bfaa6b41ff76c0e4a82a93d9e4fff0ee862ac07728e23c8bed12
vae_candidate_000061	sequence_vae	models/generator/sequence_vae/member_a_v1_seed42/best.pt	d2801a2a130928739f44f9726bcb5bbd7be229fadfe2f05fba5d0f6cc87debdf	member_a_v1_conservative_provisional	28e2c439d1946a789cb3a3812d4c54f1cce0502dbfa9429d77c238425b501f30	4664cb809825b7023ad6a8a90b9492f757446b7b97890595c397504646aa55d4	42	60	1.0	0	1.0	60	111	true	false	eos	110	7b84e79a3a0beb5d80b0281069867504089a5c213346fc6895b86d1fe4a40d2c
vae_candidate_000062	sequence_vae	models/generator/sequence_vae/member_a_v1_seed42/best.pt	d2801a2a130928739f44f9726bcb5bbd7be229fadfe2f05fba5d0f6cc87debdf	member_a_v1_conservative_provisional	28e2c439d1946a789cb3a3812d4c54f1cce0502dbfa9429d77c238425b501f30	4664cb809825b7023ad6a8a90b9492f757446b7b97890595c397504646aa55d4	42	61	1.0	0	1.0	61	91	true	false	eos	90	d1150b8dc3ee601f11aec290ea9dc0c1d1af3c52c7290a8b136a58ab16746cc5
vae_candidate_000063	sequence_vae	models/generator/sequence_vae/member_a_v1_seed42/best.pt	d2801a2a130928739f44f9726bcb5bbd7be229fadfe2f05fba5d0f6cc87debdf	member_a_v1_conservative_provisional	28e2c439d1946a789cb3a3812d4c54f1cce0502dbfa9429d77c238425b501f30	4664cb809825b7023ad6a8a90b9492f757446b7b97890595c397504646aa55d4	42	62	1.0	0	1.0	62	95	true	false	eos	94	bb097cf25c7bfa7a4edc82bd751061c1ca21902b3067fa372f74c740a706f272
vae_candidate_000064	sequence_vae	models/generator/sequence_vae/member_a_v1_seed42/best.pt	d2801a2a130928739f44f9726bcb5bbd7be229fadfe2f05fba5d0f6cc87debdf	member_a_v1_conservative_provisional	28e2c439d1946a789cb3a3812d4c54f1cce0502dbfa9429d77c238425b501f30	4664cb809825b7023ad6a8a90b9492f757446b7b97890595c397504646aa55d4	42	63	1.0	0	1.0	63	97	true	false	eos	96	3815ac7163d0ed486e30fec2527de60e197891173649f23afeb2e98c8fb56090
vae_candidate_000065	sequence_vae	models/generator/sequence_vae/member_a_v1_seed42/best.pt	d2801a2a130928739f44f9726bcb5bbd7be229fadfe2f05fba5d0f6cc87debdf	member_a_v1_conservative_provisional	28e2c439d1946a789cb3a3812d4c54f1cce0502dbfa9429d77c238425b501f30	4664cb809825b7023ad6a8a90b9492f757446b7b97890595c397504646aa55d4	42	64	1.0	0	1.0	64	82	true	false	eos	81	21818a9b303af01ae846a79041186c50c69d49abd6a9a29662c47d5f8daf4294
vae_candidate_000066	sequence_vae	models/generator/sequence_vae/member_a_v1_seed42/best.pt	d2801a2a130928739f44f9726bcb5bbd7be229fadfe2f05fba5d0f6cc87debdf	member_a_v1_conservative_provisional	28e2c439d1946a789cb3a3812d4c54f1cce0502dbfa9429d77c238425b501f30	4664cb809825b7023ad6a8a90b9492f757446b7b97890595c397504646aa55d4	42	65	1.0	0	1.0	65	76	true	false	eos	75	c235c9d91182c84f2466c38831847d9da95690440c7c665048b5bd399bf2b23f
vae_candidate_000067	sequence_vae	models/generator/sequence_vae/member_a_v1_seed42/best.pt	d2801a2a130928739f44f9726bcb5bbd7be229fadfe2f05fba5d0f6cc87debdf	member_a_v1_conservative_provisional	28e2c439d1946a789cb3a3812d4c54f1cce0502dbfa9429d77c238425b501f30	4664cb809825b7023ad6a8a90b9492f757446b7b97890595c397504646aa55d4	42	66	1.0	0	1.0	66	134	true	false	eos	133	13493101c4fcb7b1c93534d9a73af04dbef197e3b7707d1e333aec1a353a789d
vae_candidate_000068	sequence_vae	models/generator/sequence_vae/member_a_v1_seed42/best.pt	d2801a2a130928739f44f9726bcb5bbd7be229fadfe2f05fba5d0f6cc87debdf	member_a_v1_conservative_provisional	28e2c439d1946a789cb3a3812d4c54f1cce0502dbfa9429d77c238425b501f30	4664cb809825b7023ad6a8a90b9492f757446b7b97890595c397504646aa55d4	42	67	1.0	0	1.0	67	104	true	false	eos	103	c3941ba46ed9169ce82a620641e471d81cc667d5ba00186809faab54e0cdcbaf
vae_candidate_000069	sequence_vae	models/generator/sequence_vae/member_a_v1_seed42/best.pt	d2801a2a130928739f44f9726bcb5bbd7be229fadfe2f05fba5d0f6cc87debdf	member_a_v1_conservative_provisional	28e2c439d1946a789cb3a3812d4c54f1cce0502dbfa9429d77c238425b501f30	4664cb809825b7023ad6a8a90b9492f757446b7b97890595c397504646aa55d4	42	68	1.0	0	1.0	68	146	true	false	eos	145	40312d15d20ecba4063c35749333f381de13f3440732e2713ea41975f2df024f
vae_candidate_000070	sequence_vae	models/generator/sequence_vae/member_a_v1_seed42/best.pt	d2801a2a130928739f44f9726bcb5bbd7be229fadfe2f05fba5d0f6cc87debdf	member_a_v1_conservative_provisional	28e2c439d1946a789cb3a3812d4c54f1cce0502dbfa9429d77c238425b501f30	4664cb809825b7023ad6a8a90b9492f757446b7b97890595c397504646aa55d4	42	69	1.0	0	1.0	69	92	true	false	eos	91	13aea4139dbbe80aa0ac0a0547cfdd81972b9c67754b9431cb258d9c9f0deff5
vae_candidate_000071	sequence_vae	models/generator/sequence_vae/member_a_v1_seed42/best.pt	d2801a2a130928739f44f9726bcb5bbd7be229fadfe2f05fba5d0f6cc87debdf	member_a_v1_conservative_provisional	28e2c439d1946a789cb3a3812d4c54f1cce0502dbfa9429d77c238425b501f30	4664cb809825b7023ad6a8a90b9492f757446b7b97890595c397504646aa55d4	42	70	1.0	0	1.0	70	62	true	false	eos	61	a6d71e31a9b891614c2c82543b722630c07bb642f52d2f88a8f65a3d293e1be7
vae_candidate_000072	sequence_vae	models/generator/sequence_vae/member_a_v1_seed42/best.pt	d2801a2a130928739f44f9726bcb5bbd7be229fadfe2f05fba5d0f6cc87debdf	member_a_v1_conservative_provisional	28e2c439d1946a789cb3a3812d4c54f1cce0502dbfa9429d77c238425b501f30	4664cb809825b7023ad6a8a90b9492f757446b7b97890595c397504646aa55d4	42	71	1.0	0	1.0	71	158	true	false	eos	157	2a9f1680ab42829ab9ff306f5e2ae50f005040643ab0310a0ea76b4302f2f9f3
vae_candidate_000073	sequence_vae	models/generator/sequence_vae/member_a_v1_seed42/best.pt	d2801a2a130928739f44f9726bcb5bbd7be229fadfe2f05fba5d0f6cc87debdf	member_a_v1_conservative_provisional	28e2c439d1946a789cb3a3812d4c54f1cce0502dbfa9429d77c238425b501f30	4664cb809825b7023ad6a8a90b9492f757446b7b97890595c397504646aa55d4	42	72	1.0	0	1.0	72	147	true	false	eos	146	65c791cc04edc3309f6e7b5efba23c11bc4d371d15a1d4bc709ae80ce3a4b4e1
vae_candidate_000074	sequence_vae	models/generator/sequence_vae/member_a_v1_seed42/best.pt	d2801a2a130928739f44f9726bcb5bbd7be229fadfe2f05fba5d0f6cc87debdf	member_a_v1_conservative_provisional	28e2c439d1946a789cb3a3812d4c54f1cce0502dbfa9429d77c238425b501f30	4664cb809825b7023ad6a8a90b9492f757446b7b97890595c397504646aa55d4	42	73	1.0	0	1.0	73	104	true	false	eos	103	d1bea1e9a515f2726757fe74b5f1692f792c933c8a5cad4260f3b9529cc846bd
vae_candidate_000075	sequence_vae	models/generator/sequence_vae/member_a_v1_seed42/best.pt	d2801a2a130928739f44f9726bcb5bbd7be229fadfe2f05fba5d0f6cc87debdf	member_a_v1_conservative_provisional	28e2c439d1946a789cb3a3812d4c54f1cce0502dbfa9429d77c238425b501f30	4664cb809825b7023ad6a8a90b9492f757446b7b97890595c397504646aa55d4	42	74	1.0	0	1.0	74	180	false	true	length_cap	180	74ae5e5c71d68830cf119e2a5b90269f534c34ddc9cebfbcd242cf910cfe3fac
vae_candidate_000076	sequence_vae	models/generator/sequence_vae/member_a_v1_seed42/best.pt	d2801a2a130928739f44f9726bcb5bbd7be229fadfe2f05fba5d0f6cc87debdf	member_a_v1_conservative_provisional	28e2c439d1946a789cb3a3812d4c54f1cce0502dbfa9429d77c238425b501f30	4664cb809825b7023ad6a8a90b9492f757446b7b97890595c397504646aa55d4	42	75	1.0	0	1.0	75	119	true	false	eos	118	395d964efef3566326ca7a6b92d9f5cf95c9bba7d2fa10dbcbce75b9ba521115
vae_candidate_000077	sequence_vae	models/generator/sequence_vae/member_a_v1_seed42/best.pt	d2801a2a130928739f44f9726bcb5bbd7be229fadfe2f05fba5d0f6cc87debdf	member_a_v1_conservative_provisional	28e2c439d1946a789cb3a3812d4c54f1cce0502dbfa9429d77c238425b501f30	4664cb809825b7023ad6a8a90b9492f757446b7b97890595c397504646aa55d4	42	76	1.0	0	1.0	76	102	true	false	eos	101	97c0f9e65dba5eda9de7fa77fe6cd53d1dcd285672c9ed2bc27fd39248ac60e1
vae_candidate_000078	sequence_vae	models/generator/sequence_vae/member_a_v1_seed42/best.pt	d2801a2a130928739f44f9726bcb5bbd7be229fadfe2f05fba5d0f6cc87debdf	member_a_v1_conservative_provisional	28e2c439d1946a789cb3a3812d4c54f1cce0502dbfa9429d77c238425b501f30	4664cb809825b7023ad6a8a90b9492f757446b7b97890595c397504646aa55d4	42	77	1.0	0	1.0	77	77	true	false	eos	76	94a3a0b3cae5f64a4b96b2548a0aa7b55717d5973c2b054c2757c388b82cd979
vae_candidate_000079	sequence_vae	models/generator/sequence_vae/member_a_v1_seed42/best.pt	d2801a2a130928739f44f9726bcb5bbd7be229fadfe2f05fba5d0f6cc87debdf	member_a_v1_conservative_provisional	28e2c439d1946a789cb3a3812d4c54f1cce0502dbfa9429d77c238425b501f30	4664cb809825b7023ad6a8a90b9492f757446b7b97890595c397504646aa55d4	42	78	1.0	0	1.0	78	105	true	false	eos	104	0dee989a9c30c63ca62dce7f251ab9d87d8d73d4af53b655e76f13fcc9f7a5aa
vae_candidate_000080	sequence_vae	models/generator/sequence_vae/member_a_v1_seed42/best.pt	d2801a2a130928739f44f9726bcb5bbd7be229fadfe2f05fba5d0f6cc87debdf	member_a_v1_conservative_provisional	28e2c439d1946a789cb3a3812d4c54f1cce0502dbfa9429d77c238425b501f30	4664cb809825b7023ad6a8a90b9492f757446b7b97890595c397504646aa55d4	42	79	1.0	0	1.0	79	81	true	false	eos	80	5dfd6202ee65aae25b669856947d4ed01d617b6294dede39143b2ab94bff5379
vae_candidate_000081	sequence_vae	models/generator/sequence_vae/member_a_v1_seed42/best.pt	d2801a2a130928739f44f9726bcb5bbd7be229fadfe2f05fba5d0f6cc87debdf	member_a_v1_conservative_provisional	28e2c439d1946a789cb3a3812d4c54f1cce0502dbfa9429d77c238425b501f30	4664cb809825b7023ad6a8a90b9492f757446b7b97890595c397504646aa55d4	42	80	1.0	0	1.0	80	52	true	false	eos	51	1701ed6ca62831e09508f3dbc97de5ade97b597b3fe478bb9c6d759bc543d476
vae_candidate_000082	sequence_vae	models/generator/sequence_vae/member_a_v1_seed42/best.pt	d2801a2a130928739f44f9726bcb5bbd7be229fadfe2f05fba5d0f6cc87debdf	member_a_v1_conservative_provisional	28e2c439d1946a789cb3a3812d4c54f1cce0502dbfa9429d77c238425b501f30	4664cb809825b7023ad6a8a90b9492f757446b7b97890595c397504646aa55d4	42	81	1.0	0	1.0	81	111	true	false	eos	110	d251a995a0b41b9e97106f0bc675ca43446884a37ddd6e9386e8a0159a11811c
vae_candidate_000083	sequence_vae	models/generator/sequence_vae/member_a_v1_seed42/best.pt	d2801a2a130928739f44f9726bcb5bbd7be229fadfe2f05fba5d0f6cc87debdf	member_a_v1_conservative_provisional	28e2c439d1946a789cb3a3812d4c54f1cce0502dbfa9429d77c238425b501f30	4664cb809825b7023ad6a8a90b9492f757446b7b97890595c397504646aa55d4	42	82	1.0	0	1.0	82	180	false	true	length_cap	180	8113528b1d18d0383e8bd6d9c6c77dd621fed78243a03555a1aa0800e384e76f
vae_candidate_000084	sequence_vae	models/generator/sequence_vae/member_a_v1_seed42/best.pt	d2801a2a130928739f44f9726bcb5bbd7be229fadfe2f05fba5d0f6cc87debdf	member_a_v1_conservative_provisional	28e2c439d1946a789cb3a3812d4c54f1cce0502dbfa9429d77c238425b501f30	4664cb809825b7023ad6a8a90b9492f757446b7b97890595c397504646aa55d4	42	83	1.0	0	1.0	83	180	false	true	length_cap	180	715de92be4b811d8ddc915529c515e5c042c222217ce47c048d284045ca91ac1
vae_candidate_000085	sequence_vae	models/generator/sequence_vae/member_a_v1_seed42/best.pt	d2801a2a130928739f44f9726bcb5bbd7be229fadfe2f05fba5d0f6cc87debdf	member_a_v1_conservative_provisional	28e2c439d1946a789cb3a3812d4c54f1cce0502dbfa9429d77c238425b501f30	4664cb809825b7023ad6a8a90b9492f757446b7b97890595c397504646aa55d4	42	84	1.0	0	1.0	84	75	true	false	eos	74	9275320efeafd170420e960648308094f098bbf8cf7f0e463f50812c8cd2e0e9
vae_candidate_000086	sequence_vae	models/generator/sequence_vae/member_a_v1_seed42/best.pt	d2801a2a130928739f44f9726bcb5bbd7be229fadfe2f05fba5d0f6cc87debdf	member_a_v1_conservative_provisional	28e2c439d1946a789cb3a3812d4c54f1cce0502dbfa9429d77c238425b501f30	4664cb809825b7023ad6a8a90b9492f757446b7b97890595c397504646aa55d4	42	85	1.0	0	1.0	85	92	true	false	eos	91	77b7c617c822bc43785fbd37be536267e212ef3308743ba78dec5ff7b5fe6ab8
vae_candidate_000087	sequence_vae	models/generator/sequence_vae/member_a_v1_seed42/best.pt	d2801a2a130928739f44f9726bcb5bbd7be229fadfe2f05fba5d0f6cc87debdf	member_a_v1_conservative_provisional	28e2c439d1946a789cb3a3812d4c54f1cce0502dbfa9429d77c238425b501f30	4664cb809825b7023ad6a8a90b9492f757446b7b97890595c397504646aa55d4	42	86	1.0	0	1.0	86	94	true	false	eos	93	f3f4fbb82fee12c8f85f8b131e2977c8a391d668dbbd89b5380e055921607df5
vae_candidate_000088	sequence_vae	models/generator/sequence_vae/member_a_v1_seed42/best.pt	d2801a2a130928739f44f9726bcb5bbd7be229fadfe2f05fba5d0f6cc87debdf	member_a_v1_conservative_provisional	28e2c439d1946a789cb3a3812d4c54f1cce0502dbfa9429d77c238425b501f30	4664cb809825b7023ad6a8a90b9492f757446b7b97890595c397504646aa55d4	42	87	1.0	0	1.0	87	102	true	false	eos	101	7f6e1f12b07522bd93f092bf51bc2715f5eb91b0a12dade416be3659245eafdf
vae_candidate_000089	sequence_vae	models/generator/sequence_vae/member_a_v1_seed42/best.pt	d2801a2a130928739f44f9726bcb5bbd7be229fadfe2f05fba5d0f6cc87debdf	member_a_v1_conservative_provisional	28e2c439d1946a789cb3a3812d4c54f1cce0502dbfa9429d77c238425b501f30	4664cb809825b7023ad6a8a90b9492f757446b7b97890595c397504646aa55d4	42	88	1.0	0	1.0	88	76	true	false	eos	75	55b52c0578d58ed14845a55edb676b338912ca2d807a8cb061912d9a002a4aa8
vae_candidate_000090	sequence_vae	models/generator/sequence_vae/member_a_v1_seed42/best.pt	d2801a2a130928739f44f9726bcb5bbd7be229fadfe2f05fba5d0f6cc87debdf	member_a_v1_conservative_provisional	28e2c439d1946a789cb3a3812d4c54f1cce0502dbfa9429d77c238425b501f30	4664cb809825b7023ad6a8a90b9492f757446b7b97890595c397504646aa55d4	42	89	1.0	0	1.0	89	94	true	false	eos	93	b78d9fef3931ec7d728ac3f611e9a10f680ff2c6cfbe56206851d062600b65ff
vae_candidate_000091	sequence_vae	models/generator/sequence_vae/member_a_v1_seed42/best.pt	d2801a2a130928739f44f9726bcb5bbd7be229fadfe2f05fba5d0f6cc87debdf	member_a_v1_conservative_provisional	28e2c439d1946a789cb3a3812d4c54f1cce0502dbfa9429d77c238425b501f30	4664cb809825b7023ad6a8a90b9492f757446b7b97890595c397504646aa55d4	42	90	1.0	0	1.0	90	94	true	false	eos	93	d0a2ecdd0b8ce56a6adc448fa5aef33cd1cd70ce5ccf42cc6955735d3b92b357
vae_candidate_000092	sequence_vae	models/generator/sequence_vae/member_a_v1_seed42/best.pt	d2801a2a130928739f44f9726bcb5bbd7be229fadfe2f05fba5d0f6cc87debdf	member_a_v1_conservative_provisional	28e2c439d1946a789cb3a3812d4c54f1cce0502dbfa9429d77c238425b501f30	4664cb809825b7023ad6a8a90b9492f757446b7b97890595c397504646aa55d4	42	91	1.0	0	1.0	91	124	true	false	eos	123	f22245de544f4262aa686fe5cb2bc22b23e0660a8b41f28dfc6afd33aa1ab3c2
vae_candidate_000093	sequence_vae	models/generator/sequence_vae/member_a_v1_seed42/best.pt	d2801a2a130928739f44f9726bcb5bbd7be229fadfe2f05fba5d0f6cc87debdf	member_a_v1_conservative_provisional	28e2c439d1946a789cb3a3812d4c54f1cce0502dbfa9429d77c238425b501f30	4664cb809825b7023ad6a8a90b9492f757446b7b97890595c397504646aa55d4	42	92	1.0	0	1.0	92	141	true	false	eos	140	b0c33e69a1dcb8cf4860d6fbba900173fe2bf2123ebbeeaaf966788082bec92f
vae_candidate_000094	sequence_vae	models/generator/sequence_vae/member_a_v1_seed42/best.pt	d2801a2a130928739f44f9726bcb5bbd7be229fadfe2f05fba5d0f6cc87debdf	member_a_v1_conservative_provisional	28e2c439d1946a789cb3a3812d4c54f1cce0502dbfa9429d77c238425b501f30	4664cb809825b7023ad6a8a90b9492f757446b7b97890595c397504646aa55d4	42	93	1.0	0	1.0	93	179	true	false	eos	178	7cc23aec94e841a26743eccf39ab494b432ba70dd9798d569b1d63d27c2d279a
vae_candidate_000095	sequence_vae	models/generator/sequence_vae/member_a_v1_seed42/best.pt	d2801a2a130928739f44f9726bcb5bbd7be229fadfe2f05fba5d0f6cc87debdf	member_a_v1_conservative_provisional	28e2c439d1946a789cb3a3812d4c54f1cce0502dbfa9429d77c238425b501f30	4664cb809825b7023ad6a8a90b9492f757446b7b97890595c397504646aa55d4	42	94	1.0	0	1.0	94	122	true	false	eos	121	1d0662deaf8a0a54ca5095ce9de44a70bd57cc15225f387576ef641a8367e96f
vae_candidate_000096	sequence_vae	models/generator/sequence_vae/member_a_v1_seed42/best.pt	d2801a2a130928739f44f9726bcb5bbd7be229fadfe2f05fba5d0f6cc87debdf	member_a_v1_conservative_provisional	28e2c439d1946a789cb3a3812d4c54f1cce0502dbfa9429d77c238425b501f30	4664cb809825b7023ad6a8a90b9492f757446b7b97890595c397504646aa55d4	42	95	1.0	0	1.0	95	180	false	true	length_cap	180	ec3a674bba1226203dca8260ef79039eca190c1e36e4f44627ee9f81635ce9d6
vae_candidate_000097	sequence_vae	models/generator/sequence_vae/member_a_v1_seed42/best.pt	d2801a2a130928739f44f9726bcb5bbd7be229fadfe2f05fba5d0f6cc87debdf	member_a_v1_conservative_provisional	28e2c439d1946a789cb3a3812d4c54f1cce0502dbfa9429d77c238425b501f30	4664cb809825b7023ad6a8a90b9492f757446b7b97890595c397504646aa55d4	42	96	1.0	0	1.0	96	57	true	false	eos	56	6bb68b9c28df10f0d886ecebf0a2e48a84128c60102ff33af097f35d4e87454c
vae_candidate_000098	sequence_vae	models/generator/sequence_vae/member_a_v1_seed42/best.pt	d2801a2a130928739f44f9726bcb5bbd7be229fadfe2f05fba5d0f6cc87debdf	member_a_v1_conservative_provisional	28e2c439d1946a789cb3a3812d4c54f1cce0502dbfa9429d77c238425b501f30	4664cb809825b7023ad6a8a90b9492f757446b7b97890595c397504646aa55d4	42	97	1.0	0	1.0	97	71	true	false	eos	70	0a95cd89cbd51a9effadcd1e8436b3f9d133c409606f33304493c03d80d304b9
vae_candidate_000099	sequence_vae	models/generator/sequence_vae/member_a_v1_seed42/best.pt	d2801a2a130928739f44f9726bcb5bbd7be229fadfe2f05fba5d0f6cc87debdf	member_a_v1_conservative_provisional	28e2c439d1946a789cb3a3812d4c54f1cce0502dbfa9429d77c238425b501f30	4664cb809825b7023ad6a8a90b9492f757446b7b97890595c397504646aa55d4	42	98	1.0	0	1.0	98	117	true	false	eos	116	3ee350ea62c2583ffde40794fb1640960a9825b9aa4b550c036215a39c01805f
vae_candidate_000100	sequence_vae	models/generator/sequence_vae/member_a_v1_seed42/best.pt	d2801a2a130928739f44f9726bcb5bbd7be229fadfe2f05fba5d0f6cc87debdf	member_a_v1_conservative_provisional	28e2c439d1946a789cb3a3812d4c54f1cce0502dbfa9429d77c238425b501f30	4664cb809825b7023ad6a8a90b9492f757446b7b97890595c397504646aa55d4	42	99	1.0	0	1.0	99	139	true	false	eos	138	3b186854d9d1d30ce6ec23ba620a0eb74559ed08fed8375cdf737321378f86de
vae_candidate_000101	sequence_vae	models/generator/sequence_vae/member_a_v1_seed42/best.pt	d2801a2a130928739f44f9726bcb5bbd7be229fadfe2f05fba5d0f6cc87debdf	member_a_v1_conservative_provisional	28e2c439d1946a789cb3a3812d4c54f1cce0502dbfa9429d77c238425b501f30	4664cb809825b7023ad6a8a90b9492f757446b7b97890595c397504646aa55d4	42	100	1.0	0	1.0	100	98	true	false	eos	97	16919e87ebf5fde39b8bec8d70c94192ad2cf0f8eff676d3638bb83b938998da
vae_candidate_000102	sequence_vae	models/generator/sequence_vae/member_a_v1_seed42/best.pt	d2801a2a130928739f44f9726bcb5bbd7be229fadfe2f05fba5d0f6cc87debdf	member_a_v1_conservative_provisional	28e2c439d1946a789cb3a3812d4c54f1cce0502dbfa9429d77c238425b501f30	4664cb809825b7023ad6a8a90b9492f757446b7b97890595c397504646aa55d4	42	101	1.0	0	1.0	101	65	true	false	eos	64	371701d3a36bc643f4e4115a2f29420c0deea4b1b868aa23ef2efeb3097c3405
vae_candidate_000103	sequence_vae	models/generator/sequence_vae/member_a_v1_seed42/best.pt	d2801a2a130928739f44f9726bcb5bbd7be229fadfe2f05fba5d0f6cc87debdf	member_a_v1_conservative_provisional	28e2c439d1946a789cb3a3812d4c54f1cce0502dbfa9429d77c238425b501f30	4664cb809825b7023ad6a8a90b9492f757446b7b97890595c397504646aa55d4	42	102	1.0	0	1.0	102	112	true	false	eos	111	fa367bd3360d65ed99c457a47ecddf55c5ebac669817b440970ef6f6ac19c05a
vae_candidate_000104	sequence_vae	models/generator/sequence_vae/member_a_v1_seed42/best.pt	d2801a2a130928739f44f9726bcb5bbd7be229fadfe2f05fba5d0f6cc87debdf	member_a_v1_conservative_provisional	28e2c439d1946a789cb3a3812d4c54f1cce0502dbfa9429d77c238425b501f30	4664cb809825b7023ad6a8a90b9492f757446b7b97890595c397504646aa55d4	42	103	1.0	0	1.0	103	73	true	false	eos	72	60579a87385fcd7e035e94b7014be64d38a757b962efcff74a2a0e9880e9aa50
vae_candidate_000105	sequence_vae	models/generator/sequence_vae/member_a_v1_seed42/best.pt	d2801a2a130928739f44f9726bcb5bbd7be229fadfe2f05fba5d0f6cc87debdf	member_a_v1_conservative_provisional	28e2c439d1946a789cb3a3812d4c54f1cce0502dbfa9429d77c238425b501f30	4664cb809825b7023ad6a8a90b9492f757446b7b97890595c397504646aa55d4	42	104	1.0	0	1.0	104	125	true	false	eos	124	716deea70c9e9cbb551fc89c89094fe7765d03fb278ab2b2d777bf6b7ffd0fc6
vae_candidate_000106	sequence_vae	models/generator/sequence_vae/member_a_v1_seed42/best.pt	d2801a2a130928739f44f9726bcb5bbd7be229fadfe2f05fba5d0f6cc87debdf	member_a_v1_conservative_provisional	28e2c439d1946a789cb3a3812d4c54f1cce0502dbfa9429d77c238425b501f30	4664cb809825b7023ad6a8a90b9492f757446b7b97890595c397504646aa55d4	42	105	1.0	0	1.0	105	90	true	false	eos	89	733dd02fa4f37733cbd860607908b5668ab165c27617e3577b8b37669a81116d
vae_candidate_000107	sequence_vae	models/generator/sequence_vae/member_a_v1_seed42/best.pt	d2801a2a130928739f44f9726bcb5bbd7be229fadfe2f05fba5d0f6cc87debdf	member_a_v1_conservative_provisional	28e2c439d1946a789cb3a3812d4c54f1cce0502dbfa9429d77c238425b501f30	4664cb809825b7023ad6a8a90b9492f757446b7b97890595c397504646aa55d4	42	106	1.0	0	1.0	106	95	true	false	eos	94	2ae80e1b6a8055ab259e0a60e88f7b9b57d53d3d0b33766e9e87b3b7562a23a1
vae_candidate_000108	sequence_vae	models/generator/sequence_vae/member_a_v1_seed42/best.pt	d2801a2a130928739f44f9726bcb5bbd7be229fadfe2f05fba5d0f6cc87debdf	member_a_v1_conservative_provisional	28e2c439d1946a789cb3a3812d4c54f1cce0502dbfa9429d77c238425b501f30	4664cb809825b7023ad6a8a90b9492f757446b7b97890595c397504646aa55d4	42	107	1.0	0	1.0	107	109	true	false	eos	108	e6c8dd1dcfd49d1e8268f1e107dc3f61a79715c67dbd8d08887b18b4b96f5e44
vae_candidate_000109	sequence_vae	models/generator/sequence_vae/member_a_v1_seed42/best.pt	d2801a2a130928739f44f9726bcb5bbd7be229fadfe2f05fba5d0f6cc87debdf	member_a_v1_conservative_provisional	28e2c439d1946a789cb3a3812d4c54f1cce0502dbfa9429d77c238425b501f30	4664cb809825b7023ad6a8a90b9492f757446b7b97890595c397504646aa55d4	42	108	1.0	0	1.0	108	98	true	false	eos	97	1d6ebbf3421c5e15e7f56422126768098523d37af4cd09822400443d3744f15d
vae_candidate_000110	sequence_vae	models/generator/sequence_vae/member_a_v1_seed42/best.pt	d2801a2a130928739f44f9726bcb5bbd7be229fadfe2f05fba5d0f6cc87debdf	member_a_v1_conservative_provisional	28e2c439d1946a789cb3a3812d4c54f1cce0502dbfa9429d77c238425b501f30	4664cb809825b7023ad6a8a90b9492f757446b7b97890595c397504646aa55d4	42	109	1.0	0	1.0	109	72	true	false	eos	71	3fd84a2b385bc0883127e6cdb9ba4d6534791053ab15d7bd9740d81cdb7ced52
vae_candidate_000111	sequence_vae	models/generator/sequence_vae/member_a_v1_seed42/best.pt	d2801a2a130928739f44f9726bcb5bbd7be229fadfe2f05fba5d0f6cc87debdf	member_a_v1_conservative_provisional	28e2c439d1946a789cb3a3812d4c54f1cce0502dbfa9429d77c238425b501f30	4664cb809825b7023ad6a8a90b9492f757446b7b97890595c397504646aa55d4	42	110	1.0	0	1.0	110	124	true	false	eos	123	a5f25deb53dd0bab0bd10ac2d9888d29c3d47369b6c5951a15286986a6c2fbb2
vae_candidate_000112	sequence_vae	models/generator/sequence_vae/member_a_v1_seed42/best.pt	d2801a2a130928739f44f9726bcb5bbd7be229fadfe2f05fba5d0f6cc87debdf	member_a_v1_conservative_provisional	28e2c439d1946a789cb3a3812d4c54f1cce0502dbfa9429d77c238425b501f30	4664cb809825b7023ad6a8a90b9492f757446b7b97890595c397504646aa55d4	42	111	1.0	0	1.0	111	132	true	false	eos	131	3e4663a25123f49a02500859bcf688ea088de9c15795ff5408f1696a2e261f55
vae_candidate_000113	sequence_vae	models/generator/sequence_vae/member_a_v1_seed42/best.pt	d2801a2a130928739f44f9726bcb5bbd7be229fadfe2f05fba5d0f6cc87debdf	member_a_v1_conservative_provisional	28e2c439d1946a789cb3a3812d4c54f1cce0502dbfa9429d77c238425b501f30	4664cb809825b7023ad6a8a90b9492f757446b7b97890595c397504646aa55d4	42	112	1.0	0	1.0	112	149	true	false	eos	148	f45060cdca53872c1431a510a58ca75aeda60ca24675d9f54b86f23d6d28c3b8
vae_candidate_000114	sequence_vae	models/generator/sequence_vae/member_a_v1_seed42/best.pt	d2801a2a130928739f44f9726bcb5bbd7be229fadfe2f05fba5d0f6cc87debdf	member_a_v1_conservative_provisional	28e2c439d1946a789cb3a3812d4c54f1cce0502dbfa9429d77c238425b501f30	4664cb809825b7023ad6a8a90b9492f757446b7b97890595c397504646aa55d4	42	113	1.0	0	1.0	113	98	true	false	eos	97	72cb7eff4cc8ea2871adca056ed303f753e2b28bb6184534e61bd3cdfd7bba50
vae_candidate_000115	sequence_vae	models/generator/sequence_vae/member_a_v1_seed42/best.pt	d2801a2a130928739f44f9726bcb5bbd7be229fadfe2f05fba5d0f6cc87debdf	member_a_v1_conservative_provisional	28e2c439d1946a789cb3a3812d4c54f1cce0502dbfa9429d77c238425b501f30	4664cb809825b7023ad6a8a90b9492f757446b7b97890595c397504646aa55d4	42	114	1.0	0	1.0	114	145	true	false	eos	144	89ddc2878c503e558d0937dd0a0f21b2c329b1e9261df14b9113ee553a998827
vae_candidate_000116	sequence_vae	models/generator/sequence_vae/member_a_v1_seed42/best.pt	d2801a2a130928739f44f9726bcb5bbd7be229fadfe2f05fba5d0f6cc87debdf	member_a_v1_conservative_provisional	28e2c439d1946a789cb3a3812d4c54f1cce0502dbfa9429d77c238425b501f30	4664cb809825b7023ad6a8a90b9492f757446b7b97890595c397504646aa55d4	42	115	1.0	0	1.0	115	119	true	false	eos	118	4dc09b5e27d868d7726146a5def42d89130ab793e70f881053defb0e12a43664
vae_candidate_000117	sequence_vae	models/generator/sequence_vae/member_a_v1_seed42/best.pt	d2801a2a130928739f44f9726bcb5bbd7be229fadfe2f05fba5d0f6cc87debdf	member_a_v1_conservative_provisional	28e2c439d1946a789cb3a3812d4c54f1cce0502dbfa9429d77c238425b501f30	4664cb809825b7023ad6a8a90b9492f757446b7b97890595c397504646aa55d4	42	116	1.0	0	1.0	116	114	true	false	eos	113	0e7f2c391d709306e68f0d9c6cbc9593c498164a70ceefe9d6ef40aa4c249711
vae_candidate_000118	sequence_vae	models/generator/sequence_vae/member_a_v1_seed42/best.pt	d2801a2a130928739f44f9726bcb5bbd7be229fadfe2f05fba5d0f6cc87debdf	member_a_v1_conservative_provisional	28e2c439d1946a789cb3a3812d4c54f1cce0502dbfa9429d77c238425b501f30	4664cb809825b7023ad6a8a90b9492f757446b7b97890595c397504646aa55d4	42	117	1.0	0	1.0	117	71	true	false	eos	70	6cd40a94ed63feb8d18f8f011ad2e48f790cab91b04f8eb2d68d38396fb77647
vae_candidate_000119	sequence_vae	models/generator/sequence_vae/member_a_v1_seed42/best.pt	d2801a2a130928739f44f9726bcb5bbd7be229fadfe2f05fba5d0f6cc87debdf	member_a_v1_conservative_provisional	28e2c439d1946a789cb3a3812d4c54f1cce0502dbfa9429d77c238425b501f30	4664cb809825b7023ad6a8a90b9492f757446b7b97890595c397504646aa55d4	42	118	1.0	0	1.0	118	74	true	false	eos	73	709e772f27e3974c58be079e791d95e13a3ef0f8740757dd43ac8c5d3108393a
vae_candidate_000120	sequence_vae	models/generator/sequence_vae/member_a_v1_seed42/best.pt	d2801a2a130928739f44f9726bcb5bbd7be229fadfe2f05fba5d0f6cc87debdf	member_a_v1_conservative_provisional	28e2c439d1946a789cb3a3812d4c54f1cce0502dbfa9429d77c238425b501f30	4664cb809825b7023ad6a8a90b9492f757446b7b97890595c397504646aa55d4	42	119	1.0	0	1.0	119	89	true	false	eos	88	c2df4bcb9565077031ca7af1a36c0af13bca3eea6844ee0343b468043c57b621
vae_candidate_000121	sequence_vae	models/generator/sequence_vae/member_a_v1_seed42/best.pt	d2801a2a130928739f44f9726bcb5bbd7be229fadfe2f05fba5d0f6cc87debdf	member_a_v1_conservative_provisional	28e2c439d1946a789cb3a3812d4c54f1cce0502dbfa9429d77c238425b501f30	4664cb809825b7023ad6a8a90b9492f757446b7b97890595c397504646aa55d4	42	120	1.0	0	1.0	120	97	true	false	eos	96	ca406426331689aa0585b5707a73702d92cb7cbe2e8d30f9d27e97fef320d378
vae_candidate_000122	sequence_vae	models/generator/sequence_vae/member_a_v1_seed42/best.pt	d2801a2a130928739f44f9726bcb5bbd7be229fadfe2f05fba5d0f6cc87debdf	member_a_v1_conservative_provisional	28e2c439d1946a789cb3a3812d4c54f1cce0502dbfa9429d77c238425b501f30	4664cb809825b7023ad6a8a90b9492f757446b7b97890595c397504646aa55d4	42	121	1.0	0	1.0	121	104	true	false	eos	103	875e0126f5636f972bc977a9bd57d125433539172a4519a70e4ba4a6c389a330
vae_candidate_000123	sequence_vae	models/generator/sequence_vae/member_a_v1_seed42/best.pt	d2801a2a130928739f44f9726bcb5bbd7be229fadfe2f05fba5d0f6cc87debdf	member_a_v1_conservative_provisional	28e2c439d1946a789cb3a3812d4c54f1cce0502dbfa9429d77c238425b501f30	4664cb809825b7023ad6a8a90b9492f757446b7b97890595c397504646aa55d4	42	122	1.0	0	1.0	122	74	true	false	eos	73	140732861eff5263a2135c60bfb55930370deaf21ab0d2a94787f1fc5314c59e
vae_candidate_000124	sequence_vae	models/generator/sequence_vae/member_a_v1_seed42/best.pt	d2801a2a130928739f44f9726bcb5bbd7be229fadfe2f05fba5d0f6cc87debdf	member_a_v1_conservative_provisional	28e2c439d1946a789cb3a3812d4c54f1cce0502dbfa9429d77c238425b501f30	4664cb809825b7023ad6a8a90b9492f757446b7b97890595c397504646aa55d4	42	123	1.0	0	1.0	123	75	true	false	eos	74	f30845a8725b493d6fea85f3d3d42606413eb69b1ca411b6a67bef34c6d9e31c
vae_candidate_000125	sequence_vae	models/generator/sequence_vae/member_a_v1_seed42/best.pt	d2801a2a130928739f44f9726bcb5bbd7be229fadfe2f05fba5d0f6cc87debdf	member_a_v1_conservative_provisional	28e2c439d1946a789cb3a3812d4c54f1cce0502dbfa9429d77c238425b501f30	4664cb809825b7023ad6a8a90b9492f757446b7b97890595c397504646aa55d4	42	124	1.0	0	1.0	124	112	true	false	eos	111	1b2bf14d39d466fadf257b6d49c8bb8f67ef577540e11cc9f41ad0e0a1c6124d
vae_candidate_000126	sequence_vae	models/generator/sequence_vae/member_a_v1_seed42/best.pt	d2801a2a130928739f44f9726bcb5bbd7be229fadfe2f05fba5d0f6cc87debdf	member_a_v1_conservative_provisional	28e2c439d1946a789cb3a3812d4c54f1cce0502dbfa9429d77c238425b501f30	4664cb809825b7023ad6a8a90b9492f757446b7b97890595c397504646aa55d4	42	125	1.0	0	1.0	125	84	true	false	eos	83	2814f0c825ee8e789797baa54b892df83bed2d48e00ebdb3894d4dd9a27d38e9
vae_candidate_000127	sequence_vae	models/generator/sequence_vae/member_a_v1_seed42/best.pt	d2801a2a130928739f44f9726bcb5bbd7be229fadfe2f05fba5d0f6cc87debdf	member_a_v1_conservative_provisional	28e2c439d1946a789cb3a3812d4c54f1cce0502dbfa9429d77c238425b501f30	4664cb809825b7023ad6a8a90b9492f757446b7b97890595c397504646aa55d4	42	126	1.0	0	1.0	126	138	true	false	eos	137	7e3b594e990da3c0e9f373d774e2fb278c7983d5ab09de7d294f94a91e9797cb
vae_candidate_000128	sequence_vae	models/generator/sequence_vae/member_a_v1_seed42/best.pt	d2801a2a130928739f44f9726bcb5bbd7be229fadfe2f05fba5d0f6cc87debdf	member_a_v1_conservative_provisional	28e2c439d1946a789cb3a3812d4c54f1cce0502dbfa9429d77c238425b501f30	4664cb809825b7023ad6a8a90b9492f757446b7b97890595c397504646aa55d4	42	127	1.0	0	1.0	127	118	true	false	eos	117	dc4d6d07d900c261975e3b9aae0f438848f37d8119578f51fd02bf0c8c92092e
vae_candidate_000129	sequence_vae	models/generator/sequence_vae/member_a_v1_seed42/best.pt	d2801a2a130928739f44f9726bcb5bbd7be229fadfe2f05fba5d0f6cc87debdf	member_a_v1_conservative_provisional	28e2c439d1946a789cb3a3812d4c54f1cce0502dbfa9429d77c238425b501f30	4664cb809825b7023ad6a8a90b9492f757446b7b97890595c397504646aa55d4	42	128	1.0	0	1.0	128	92	true	false	eos	91	93b80a28b14c5e3b7e4c3db7690679b319a4aedecd3d61530bb5b9f50d18bcf5
vae_candidate_000130	sequence_vae	models/generator/sequence_vae/member_a_v1_seed42/best.pt	d2801a2a130928739f44f9726bcb5bbd7be229fadfe2f05fba5d0f6cc87debdf	member_a_v1_conservative_provisional	28e2c439d1946a789cb3a3812d4c54f1cce0502dbfa9429d77c238425b501f30	4664cb809825b7023ad6a8a90b9492f757446b7b97890595c397504646aa55d4	42	129	1.0	0	1.0	129	79	true	false	eos	78	ca72a1d39dc40164925da026d2473cafcced159842077b3c37bb309ca2875ca5
vae_candidate_000131	sequence_vae	models/generator/sequence_vae/member_a_v1_seed42/best.pt	d2801a2a130928739f44f9726bcb5bbd7be229fadfe2f05fba5d0f6cc87debdf	member_a_v1_conservative_provisional	28e2c439d1946a789cb3a3812d4c54f1cce0502dbfa9429d77c238425b501f30	4664cb809825b7023ad6a8a90b9492f757446b7b97890595c397504646aa55d4	42	130	1.0	0	1.0	130	110	true	false	eos	109	68be1a70686b4f19b5c31fca557d034662f491546bd0c5d2d4a274618d3e760b
vae_candidate_000132	sequence_vae	models/generator/sequence_vae/member_a_v1_seed42/best.pt	d2801a2a130928739f44f9726bcb5bbd7be229fadfe2f05fba5d0f6cc87debdf	member_a_v1_conservative_provisional	28e2c439d1946a789cb3a3812d4c54f1cce0502dbfa9429d77c238425b501f30	4664cb809825b7023ad6a8a90b9492f757446b7b97890595c397504646aa55d4	42	131	1.0	0	1.0	131	87	true	false	eos	86	4d2cb1fdca550f93c1f6e25f360f8ff667b10dda713d249e5129e391c8c2afcf
vae_candidate_000133	sequence_vae	models/generator/sequence_vae/member_a_v1_seed42/best.pt	d2801a2a130928739f44f9726bcb5bbd7be229fadfe2f05fba5d0f6cc87debdf	member_a_v1_conservative_provisional	28e2c439d1946a789cb3a3812d4c54f1cce0502dbfa9429d77c238425b501f30	4664cb809825b7023ad6a8a90b9492f757446b7b97890595c397504646aa55d4	42	132	1.0	0	1.0	132	103	true	false	eos	102	d7e228be6fb77fecac1fb0de7e7ba9e99a37bf5a0d3e7d01c025676a1ca462d1
vae_candidate_000134	sequence_vae	models/generator/sequence_vae/member_a_v1_seed42/best.pt	d2801a2a130928739f44f9726bcb5bbd7be229fadfe2f05fba5d0f6cc87debdf	member_a_v1_conservative_provisional	28e2c439d1946a789cb3a3812d4c54f1cce0502dbfa9429d77c238425b501f30	4664cb809825b7023ad6a8a90b9492f757446b7b97890595c397504646aa55d4	42	133	1.0	0	1.0	133	70	true	false	eos	69	bd9353954eb4ed6f7bd596fcecfdfdc30f2831683ea6c1ac86b875346f03986c
vae_candidate_000135	sequence_vae	models/generator/sequence_vae/member_a_v1_seed42/best.pt	d2801a2a130928739f44f9726bcb5bbd7be229fadfe2f05fba5d0f6cc87debdf	member_a_v1_conservative_provisional	28e2c439d1946a789cb3a3812d4c54f1cce0502dbfa9429d77c238425b501f30	4664cb809825b7023ad6a8a90b9492f757446b7b97890595c397504646aa55d4	42	134	1.0	0	1.0	134	94	true	false	eos	93	0b30807440d980ffe1e84dcb55fdb058373dc5cd727c0f6be8b7d5a6fa4b610d
vae_candidate_000136	sequence_vae	models/generator/sequence_vae/member_a_v1_seed42/best.pt	d2801a2a130928739f44f9726bcb5bbd7be229fadfe2f05fba5d0f6cc87debdf	member_a_v1_conservative_provisional	28e2c439d1946a789cb3a3812d4c54f1cce0502dbfa9429d77c238425b501f30	4664cb809825b7023ad6a8a90b9492f757446b7b97890595c397504646aa55d4	42	135	1.0	0	1.0	135	96	true	false	eos	95	3c81c2955a27bab93db9054931bf3a976a3498c6cd361c5b9bb52ada5ae7a7d9
vae_candidate_000137	sequence_vae	models/generator/sequence_vae/member_a_v1_seed42/best.pt	d2801a2a130928739f44f9726bcb5bbd7be229fadfe2f05fba5d0f6cc87debdf	member_a_v1_conservative_provisional	28e2c439d1946a789cb3a3812d4c54f1cce0502dbfa9429d77c238425b501f30	4664cb809825b7023ad6a8a90b9492f757446b7b97890595c397504646aa55d4	42	136	1.0	0	1.0	136	92	true	false	eos	91	c1cfce3e1d535fc0a0ca2afc4f583c2a6d57e50d49ec4f0970e74e891af19bb2
vae_candidate_000138	sequence_vae	models/generator/sequence_vae/member_a_v1_seed42/best.pt	d2801a2a130928739f44f9726bcb5bbd7be229fadfe2f05fba5d0f6cc87debdf	member_a_v1_conservative_provisional	28e2c439d1946a789cb3a3812d4c54f1cce0502dbfa9429d77c238425b501f30	4664cb809825b7023ad6a8a90b9492f757446b7b97890595c397504646aa55d4	42	137	1.0	0	1.0	137	123	true	false	eos	122	fcb7f264009abb4e675d751e46c25062d6fd22296ba379abc458ebff2a19f8ac
vae_candidate_000139	sequence_vae	models/generator/sequence_vae/member_a_v1_seed42/best.pt	d2801a2a130928739f44f9726bcb5bbd7be229fadfe2f05fba5d0f6cc87debdf	member_a_v1_conservative_provisional	28e2c439d1946a789cb3a3812d4c54f1cce0502dbfa9429d77c238425b501f30	4664cb809825b7023ad6a8a90b9492f757446b7b97890595c397504646aa55d4	42	138	1.0	0	1.0	138	180	false	true	length_cap	180	4ca96f27a95f614d93a91d1f17b9bc91ef568c29ead25e1f35296c493d58cb1a
vae_candidate_000140	sequence_vae	models/generator/sequence_vae/member_a_v1_seed42/best.pt	d2801a2a130928739f44f9726bcb5bbd7be229fadfe2f05fba5d0f6cc87debdf	member_a_v1_conservative_provisional	28e2c439d1946a789cb3a3812d4c54f1cce0502dbfa9429d77c238425b501f30	4664cb809825b7023ad6a8a90b9492f757446b7b97890595c397504646aa55d4	42	139	1.0	0	1.0	139	109	true	false	eos	108	2b9a8424c0644bd0137cf3e15db9ed60acb0f6879a76f3e4885a9b1d28f32444
vae_candidate_000141	sequence_vae	models/generator/sequence_vae/member_a_v1_seed42/best.pt	d2801a2a130928739f44f9726bcb5bbd7be229fadfe2f05fba5d0f6cc87debdf	member_a_v1_conservative_provisional	28e2c439d1946a789cb3a3812d4c54f1cce0502dbfa9429d77c238425b501f30	4664cb809825b7023ad6a8a90b9492f757446b7b97890595c397504646aa55d4	42	140	1.0	0	1.0	140	100	true	false	eos	99	3b3e4546afeda51564ce1fbd918270a263ce82a2b347dc66f21c5e08c0aa8118
vae_candidate_000142	sequence_vae	models/generator/sequence_vae/member_a_v1_seed42/best.pt	d2801a2a130928739f44f9726bcb5bbd7be229fadfe2f05fba5d0f6cc87debdf	member_a_v1_conservative_provisional	28e2c439d1946a789cb3a3812d4c54f1cce0502dbfa9429d77c238425b501f30	4664cb809825b7023ad6a8a90b9492f757446b7b97890595c397504646aa55d4	42	141	1.0	0	1.0	141	62	true	false	eos	61	e94a06cb107ecf5821d5d2bcf87651dadf2757f3ec1fac900ca2a661a06b15ae
vae_candidate_000143	sequence_vae	models/generator/sequence_vae/member_a_v1_seed42/best.pt	d2801a2a130928739f44f9726bcb5bbd7be229fadfe2f05fba5d0f6cc87debdf	member_a_v1_conservative_provisional	28e2c439d1946a789cb3a3812d4c54f1cce0502dbfa9429d77c238425b501f30	4664cb809825b7023ad6a8a90b9492f757446b7b97890595c397504646aa55d4	42	142	1.0	0	1.0	142	93	true	false	eos	92	bbe1966c32273dc3cffff1bde570c544aa37a6c9eaaf3cb2fa6eeebb3e6ea13a
vae_candidate_000144	sequence_vae	models/generator/sequence_vae/member_a_v1_seed42/best.pt	d2801a2a130928739f44f9726bcb5bbd7be229fadfe2f05fba5d0f6cc87debdf	member_a_v1_conservative_provisional	28e2c439d1946a789cb3a3812d4c54f1cce0502dbfa9429d77c238425b501f30	4664cb809825b7023ad6a8a90b9492f757446b7b97890595c397504646aa55d4	42	143	1.0	0	1.0	143	81	true	false	eos	80	b93956563cb6505a05013643f7befd20e08960734eb28ee8c93a6cde7f309551
vae_candidate_000145	sequence_vae	models/generator/sequence_vae/member_a_v1_seed42/best.pt	d2801a2a130928739f44f9726bcb5bbd7be229fadfe2f05fba5d0f6cc87debdf	member_a_v1_conservative_provisional	28e2c439d1946a789cb3a3812d4c54f1cce0502dbfa9429d77c238425b501f30	4664cb809825b7023ad6a8a90b9492f757446b7b97890595c397504646aa55d4	42	144	1.0	0	1.0	144	73	true	false	eos	72	51ebe7200e137bb6add954b2ba3970f5deb0ec139b92dfde5b1b8e7056fda921
vae_candidate_000146	sequence_vae	models/generator/sequence_vae/member_a_v1_seed42/best.pt	d2801a2a130928739f44f9726bcb5bbd7be229fadfe2f05fba5d0f6cc87debdf	member_a_v1_conservative_provisional	28e2c439d1946a789cb3a3812d4c54f1cce0502dbfa9429d77c238425b501f30	4664cb809825b7023ad6a8a90b9492f757446b7b97890595c397504646aa55d4	42	145	1.0	0	1.0	145	175	true	false	eos	174	2cd96b500f562124ba91388465434469cc91f92bc52e5b23a6b5a631a18a6f73
vae_candidate_000147	sequence_vae	models/generator/sequence_vae/member_a_v1_seed42/best.pt	d2801a2a130928739f44f9726bcb5bbd7be229fadfe2f05fba5d0f6cc87debdf	member_a_v1_conservative_provisional	28e2c439d1946a789cb3a3812d4c54f1cce0502dbfa9429d77c238425b501f30	4664cb809825b7023ad6a8a90b9492f757446b7b97890595c397504646aa55d4	42	146	1.0	0	1.0	146	65	true	false	eos	64	0084361ba30d031bc86de88e9ccc87a4d67457402884b0dab358b6c5d518204b
vae_candidate_000148	sequence_vae	models/generator/sequence_vae/member_a_v1_seed42/best.pt	d2801a2a130928739f44f9726bcb5bbd7be229fadfe2f05fba5d0f6cc87debdf	member_a_v1_conservative_provisional	28e2c439d1946a789cb3a3812d4c54f1cce0502dbfa9429d77c238425b501f30	4664cb809825b7023ad6a8a90b9492f757446b7b97890595c397504646aa55d4	42	147	1.0	0	1.0	147	65	true	false	eos	64	92f6d1223aef1df0a3719e5ad99ffb1a75654276bbfb2b83d25cde63b81e64f8
vae_candidate_000149	sequence_vae	models/generator/sequence_vae/member_a_v1_seed42/best.pt	d2801a2a130928739f44f9726bcb5bbd7be229fadfe2f05fba5d0f6cc87debdf	member_a_v1_conservative_provisional	28e2c439d1946a789cb3a3812d4c54f1cce0502dbfa9429d77c238425b501f30	4664cb809825b7023ad6a8a90b9492f757446b7b97890595c397504646aa55d4	42	148	1.0	0	1.0	148	122	true	false	eos	121	f199b63266d1bb6b33d10341af3ef1658acb0aeb2a98e62e30f68b0870744d59
vae_candidate_000150	sequence_vae	models/generator/sequence_vae/member_a_v1_seed42/best.pt	d2801a2a130928739f44f9726bcb5bbd7be229fadfe2f05fba5d0f6cc87debdf	member_a_v1_conservative_provisional	28e2c439d1946a789cb3a3812d4c54f1cce0502dbfa9429d77c238425b501f30	4664cb809825b7023ad6a8a90b9492f757446b7b97890595c397504646aa55d4	42	149	1.0	0	1.0	149	75	true	false	eos	74	1b0adf679719adbdfdfd58f18604287fb5603c6d1215a2f6e606e22de5f27bad
vae_candidate_000151	sequence_vae	models/generator/sequence_vae/member_a_v1_seed42/best.pt	d2801a2a130928739f44f9726bcb5bbd7be229fadfe2f05fba5d0f6cc87debdf	member_a_v1_conservative_provisional	28e2c439d1946a789cb3a3812d4c54f1cce0502dbfa9429d77c238425b501f30	4664cb809825b7023ad6a8a90b9492f757446b7b97890595c397504646aa55d4	42	150	1.0	0	1.0	150	74	true	false	eos	73	3ba9280ec1f075d96c8ed417f0379d69ff2f88c2dbf5be745215a4c9ac2778d1
vae_candidate_000152	sequence_vae	models/generator/sequence_vae/member_a_v1_seed42/best.pt	d2801a2a130928739f44f9726bcb5bbd7be229fadfe2f05fba5d0f6cc87debdf	member_a_v1_conservative_provisional	28e2c439d1946a789cb3a3812d4c54f1cce0502dbfa9429d77c238425b501f30	4664cb809825b7023ad6a8a90b9492f757446b7b97890595c397504646aa55d4	42	151	1.0	0	1.0	151	60	true	false	eos	59	b9f9615a7656c27f997415678f15d4b0743afd9cd51c6fe9ed833d79ea9ce896
vae_candidate_000153	sequence_vae	models/generator/sequence_vae/member_a_v1_seed42/best.pt	d2801a2a130928739f44f9726bcb5bbd7be229fadfe2f05fba5d0f6cc87debdf	member_a_v1_conservative_provisional	28e2c439d1946a789cb3a3812d4c54f1cce0502dbfa9429d77c238425b501f30	4664cb809825b7023ad6a8a90b9492f757446b7b97890595c397504646aa55d4	42	152	1.0	0	1.0	152	105	true	false	eos	104	36daaa4f653074071e1cc710d733e0aaca8f5d2641c56d79339c342b951881e0
vae_candidate_000154	sequence_vae	models/generator/sequence_vae/member_a_v1_seed42/best.pt	d2801a2a130928739f44f9726bcb5bbd7be229fadfe2f05fba5d0f6cc87debdf	member_a_v1_conservative_provisional	28e2c439d1946a789cb3a3812d4c54f1cce0502dbfa9429d77c238425b501f30	4664cb809825b7023ad6a8a90b9492f757446b7b97890595c397504646aa55d4	42	153	1.0	0	1.0	153	89	true	false	eos	88	bede1acd3dfa03229336f2995685abe23605c54995c0d11b041de81ce819a88c
vae_candidate_000155	sequence_vae	models/generator/sequence_vae/member_a_v1_seed42/best.pt	d2801a2a130928739f44f9726bcb5bbd7be229fadfe2f05fba5d0f6cc87debdf	member_a_v1_conservative_provisional	28e2c439d1946a789cb3a3812d4c54f1cce0502dbfa9429d77c238425b501f30	4664cb809825b7023ad6a8a90b9492f757446b7b97890595c397504646aa55d4	42	154	1.0	0	1.0	154	88	true	false	eos	87	0408aa3e91484cb0ff22cfcee5bf7037ce784723e304e8e995aa32ac7a38c205
vae_candidate_000156	sequence_vae	models/generator/sequence_vae/member_a_v1_seed42/best.pt	d2801a2a130928739f44f9726bcb5bbd7be229fadfe2f05fba5d0f6cc87debdf	member_a_v1_conservative_provisional	28e2c439d1946a789cb3a3812d4c54f1cce0502dbfa9429d77c238425b501f30	4664cb809825b7023ad6a8a90b9492f757446b7b97890595c397504646aa55d4	42	155	1.0	0	1.0	155	88	true	false	eos	87	18a711fe656e7d0306a7eb7c07d6b4e38c4dc5a82b6a9f044b67587dc40b721c
vae_candidate_000157	sequence_vae	models/generator/sequence_vae/member_a_v1_seed42/best.pt	d2801a2a130928739f44f9726bcb5bbd7be229fadfe2f05fba5d0f6cc87debdf	member_a_v1_conservative_provisional	28e2c439d1946a789cb3a3812d4c54f1cce0502dbfa9429d77c238425b501f30	4664cb809825b7023ad6a8a90b9492f757446b7b97890595c397504646aa55d4	42	156	1.0	0	1.0	156	100	true	false	eos	99	54e6114d75184eb729413fb2dc6f4713bf5799d376a3a630e87f9b2f1fbb9372
vae_candidate_000158	sequence_vae	models/generator/sequence_vae/member_a_v1_seed42/best.pt	d2801a2a130928739f44f9726bcb5bbd7be229fadfe2f05fba5d0f6cc87debdf	member_a_v1_conservative_provisional	28e2c439d1946a789cb3a3812d4c54f1cce0502dbfa9429d77c238425b501f30	4664cb809825b7023ad6a8a90b9492f757446b7b97890595c397504646aa55d4	42	157	1.0	0	1.0	157	90	true	false	eos	89	8b40978c51799030cff722d3a3412c8db1b8c3fa81a7f02cafc80901ee1b37d1
vae_candidate_000159	sequence_vae	models/generator/sequence_vae/member_a_v1_seed42/best.pt	d2801a2a130928739f44f9726bcb5bbd7be229fadfe2f05fba5d0f6cc87debdf	member_a_v1_conservative_provisional	28e2c439d1946a789cb3a3812d4c54f1cce0502dbfa9429d77c238425b501f30	4664cb809825b7023ad6a8a90b9492f757446b7b97890595c397504646aa55d4	42	158	1.0	0	1.0	158	57	true	false	eos	56	81f09ade331c8a29c45cd0c9b74066fa9850166563b0f20e0b9773365ca41d30
vae_candidate_000160	sequence_vae	models/generator/sequence_vae/member_a_v1_seed42/best.pt	d2801a2a130928739f44f9726bcb5bbd7be229fadfe2f05fba5d0f6cc87debdf	member_a_v1_conservative_provisional	28e2c439d1946a789cb3a3812d4c54f1cce0502dbfa9429d77c238425b501f30	4664cb809825b7023ad6a8a90b9492f757446b7b97890595c397504646aa55d4	42	159	1.0	0	1.0	159	122	true	false	eos	121	9dd7f2cc810aab79156ced1614d62aada5b77ed90a510333a85b97301e5162e9
vae_candidate_000161	sequence_vae	models/generator/sequence_vae/member_a_v1_seed42/best.pt	d2801a2a130928739f44f9726bcb5bbd7be229fadfe2f05fba5d0f6cc87debdf	member_a_v1_conservative_provisional	28e2c439d1946a789cb3a3812d4c54f1cce0502dbfa9429d77c238425b501f30	4664cb809825b7023ad6a8a90b9492f757446b7b97890595c397504646aa55d4	42	160	1.0	0	1.0	160	112	true	false	eos	111	bcced92e03618490219479082e8c15fa26f631afa2ddeafbba54c297b4a1d2e7
vae_candidate_000162	sequence_vae	models/generator/sequence_vae/member_a_v1_seed42/best.pt	d2801a2a130928739f44f9726bcb5bbd7be229fadfe2f05fba5d0f6cc87debdf	member_a_v1_conservative_provisional	28e2c439d1946a789cb3a3812d4c54f1cce0502dbfa9429d77c238425b501f30	4664cb809825b7023ad6a8a90b9492f757446b7b97890595c397504646aa55d4	42	161	1.0	0	1.0	161	140	true	false	eos	139	320232909f14afde702de6217dbcd3ea5a33c4fd58c49f84fa5496efaf958b72
vae_candidate_000163	sequence_vae	models/generator/sequence_vae/member_a_v1_seed42/best.pt	d2801a2a130928739f44f9726bcb5bbd7be229fadfe2f05fba5d0f6cc87debdf	member_a_v1_conservative_provisional	28e2c439d1946a789cb3a3812d4c54f1cce0502dbfa9429d77c238425b501f30	4664cb809825b7023ad6a8a90b9492f757446b7b97890595c397504646aa55d4	42	162	1.0	0	1.0	162	79	true	false	eos	78	3510ae80249bd2577b08d50783ab599b11784080600d8f2388bdba14169511e7
vae_candidate_000164	sequence_vae	models/generator/sequence_vae/member_a_v1_seed42/best.pt	d2801a2a130928739f44f9726bcb5bbd7be229fadfe2f05fba5d0f6cc87debdf	member_a_v1_conservative_provisional	28e2c439d1946a789cb3a3812d4c54f1cce0502dbfa9429d77c238425b501f30	4664cb809825b7023ad6a8a90b9492f757446b7b97890595c397504646aa55d4	42	163	1.0	0	1.0	163	99	true	false	eos	98	fff358e816c7139b0f4493a199ac29cef6200668602f3f63de2d50b7def81600
vae_candidate_000165	sequence_vae	models/generator/sequence_vae/member_a_v1_seed42/best.pt	d2801a2a130928739f44f9726bcb5bbd7be229fadfe2f05fba5d0f6cc87debdf	member_a_v1_conservative_provisional	28e2c439d1946a789cb3a3812d4c54f1cce0502dbfa9429d77c238425b501f30	4664cb809825b7023ad6a8a90b9492f757446b7b97890595c397504646aa55d4	42	164	1.0	0	1.0	164	115	true	false	eos	114	f092151e43cfa2fe0407f8ca5ca8326cd22a082f37a33ade280faeb6ac085f98
vae_candidate_000166	sequence_vae	models/generator/sequence_vae/member_a_v1_seed42/best.pt	d2801a2a130928739f44f9726bcb5bbd7be229fadfe2f05fba5d0f6cc87debdf	member_a_v1_conservative_provisional	28e2c439d1946a789cb3a3812d4c54f1cce0502dbfa9429d77c238425b501f30	4664cb809825b7023ad6a8a90b9492f757446b7b97890595c397504646aa55d4	42	165	1.0	0	1.0	165	72	true	false	eos	71	1d6cc61702b6fa5e322a0407d197324b0d5315c3e829be0d6155af7653b5ad0d
vae_candidate_000167	sequence_vae	models/generator/sequence_vae/member_a_v1_seed42/best.pt	d2801a2a130928739f44f9726bcb5bbd7be229fadfe2f05fba5d0f6cc87debdf	member_a_v1_conservative_provisional	28e2c439d1946a789cb3a3812d4c54f1cce0502dbfa9429d77c238425b501f30	4664cb809825b7023ad6a8a90b9492f757446b7b97890595c397504646aa55d4	42	166	1.0	0	1.0	166	94	true	false	eos	93	f86db6d177f86b3f6a6969a24c14d1b9253c9454d7b09a1a74fa1d79524a34b9
vae_candidate_000168	sequence_vae	models/generator/sequence_vae/member_a_v1_seed42/best.pt	d2801a2a130928739f44f9726bcb5bbd7be229fadfe2f05fba5d0f6cc87debdf	member_a_v1_conservative_provisional	28e2c439d1946a789cb3a3812d4c54f1cce0502dbfa9429d77c238425b501f30	4664cb809825b7023ad6a8a90b9492f757446b7b97890595c397504646aa55d4	42	167	1.0	0	1.0	167	58	true	false	eos	57	505761e1094ef0275eed6858988df3a4e40b14303da2790c353fd83099184efb
vae_candidate_000169	sequence_vae	models/generator/sequence_vae/member_a_v1_seed42/best.pt	d2801a2a130928739f44f9726bcb5bbd7be229fadfe2f05fba5d0f6cc87debdf	member_a_v1_conservative_provisional	28e2c439d1946a789cb3a3812d4c54f1cce0502dbfa9429d77c238425b501f30	4664cb809825b7023ad6a8a90b9492f757446b7b97890595c397504646aa55d4	42	168	1.0	0	1.0	168	94	true	false	eos	93	d029f98a1551f893704ceb95163ce5da371af34b3a270d76bb32a51e6fb1b769
vae_candidate_000170	sequence_vae	models/generator/sequence_vae/member_a_v1_seed42/best.pt	d2801a2a130928739f44f9726bcb5bbd7be229fadfe2f05fba5d0f6cc87debdf	member_a_v1_conservative_provisional	28e2c439d1946a789cb3a3812d4c54f1cce0502dbfa9429d77c238425b501f30	4664cb809825b7023ad6a8a90b9492f757446b7b97890595c397504646aa55d4	42	169	1.0	0	1.0	169	114	true	false	eos	113	7edd697090a5ff160a8ff2ee90e7df7d14cf21b835c3ac55f0f71f4ac21a2ccf
vae_candidate_000171	sequence_vae	models/generator/sequence_vae/member_a_v1_seed42/best.pt	d2801a2a130928739f44f9726bcb5bbd7be229fadfe2f05fba5d0f6cc87debdf	member_a_v1_conservative_provisional	28e2c439d1946a789cb3a3812d4c54f1cce0502dbfa9429d77c238425b501f30	4664cb809825b7023ad6a8a90b9492f757446b7b97890595c397504646aa55d4	42	170	1.0	0	1.0	170	132	true	false	eos	131	9a7adce0cd18380dd22b1089be53e10e7e8ee590554cb9bbe732d5a3a5dc46ec
vae_candidate_000172	sequence_vae	models/generator/sequence_vae/member_a_v1_seed42/best.pt	d2801a2a130928739f44f9726bcb5bbd7be229fadfe2f05fba5d0f6cc87debdf	member_a_v1_conservative_provisional	28e2c439d1946a789cb3a3812d4c54f1cce0502dbfa9429d77c238425b501f30	4664cb809825b7023ad6a8a90b9492f757446b7b97890595c397504646aa55d4	42	171	1.0	0	1.0	171	123	true	false	eos	122	836d8acb165c0b0db5117f24d5cdaf7ddb42ad0f347ce8723a223113738f8f08
vae_candidate_000173	sequence_vae	models/generator/sequence_vae/member_a_v1_seed42/best.pt	d2801a2a130928739f44f9726bcb5bbd7be229fadfe2f05fba5d0f6cc87debdf	member_a_v1_conservative_provisional	28e2c439d1946a789cb3a3812d4c54f1cce0502dbfa9429d77c238425b501f30	4664cb809825b7023ad6a8a90b9492f757446b7b97890595c397504646aa55d4	42	172	1.0	0	1.0	172	97	true	false	eos	96	52852e6e29ee1b90b78e092b324389ac9baf4bb81fde00e8630e56dc31c2c868
vae_candidate_000174	sequence_vae	models/generator/sequence_vae/member_a_v1_seed42/best.pt	d2801a2a130928739f44f9726bcb5bbd7be229fadfe2f05fba5d0f6cc87debdf	member_a_v1_conservative_provisional	28e2c439d1946a789cb3a3812d4c54f1cce0502dbfa9429d77c238425b501f30	4664cb809825b7023ad6a8a90b9492f757446b7b97890595c397504646aa55d4	42	173	1.0	0	1.0	173	56	true	false	eos	55	8c0ed9541ec973d0a666dcf3b844a91d184a6bc496dd831b0d61ff3c3c16e7ee
vae_candidate_000175	sequence_vae	models/generator/sequence_vae/member_a_v1_seed42/best.pt	d2801a2a130928739f44f9726bcb5bbd7be229fadfe2f05fba5d0f6cc87debdf	member_a_v1_conservative_provisional	28e2c439d1946a789cb3a3812d4c54f1cce0502dbfa9429d77c238425b501f30	4664cb809825b7023ad6a8a90b9492f757446b7b97890595c397504646aa55d4	42	174	1.0	0	1.0	174	61	true	false	eos	60	109657dc7dcfa36d34cfcc80285b974b2ef722eebdfb980851f30e74fcee78f3
vae_candidate_000176	sequence_vae	models/generator/sequence_vae/member_a_v1_seed42/best.pt	d2801a2a130928739f44f9726bcb5bbd7be229fadfe2f05fba5d0f6cc87debdf	member_a_v1_conservative_provisional	28e2c439d1946a789cb3a3812d4c54f1cce0502dbfa9429d77c238425b501f30	4664cb809825b7023ad6a8a90b9492f757446b7b97890595c397504646aa55d4	42	175	1.0	0	1.0	175	110	true	false	eos	109	c8ba94e8c286ae52b9074a92918e696567f9575262debab8e144b8fde83e93db
vae_candidate_000177	sequence_vae	models/generator/sequence_vae/member_a_v1_seed42/best.pt	d2801a2a130928739f44f9726bcb5bbd7be229fadfe2f05fba5d0f6cc87debdf	member_a_v1_conservative_provisional	28e2c439d1946a789cb3a3812d4c54f1cce0502dbfa9429d77c238425b501f30	4664cb809825b7023ad6a8a90b9492f757446b7b97890595c397504646aa55d4	42	176	1.0	0	1.0	176	155	true	false	eos	154	bc3ad30be95c58aad8fdc57ebda99720fe908a50b73b38db786073c8e1671cfd
vae_candidate_000178	sequence_vae	models/generator/sequence_vae/member_a_v1_seed42/best.pt	d2801a2a130928739f44f9726bcb5bbd7be229fadfe2f05fba5d0f6cc87debdf	member_a_v1_conservative_provisional	28e2c439d1946a789cb3a3812d4c54f1cce0502dbfa9429d77c238425b501f30	4664cb809825b7023ad6a8a90b9492f757446b7b97890595c397504646aa55d4	42	177	1.0	0	1.0	177	71	true	false	eos	70	a94294cfc7ac86eac784c22b25226923ef83d2dff8e3cfcc9c3b119aae31d4b5
vae_candidate_000179	sequence_vae	models/generator/sequence_vae/member_a_v1_seed42/best.pt	d2801a2a130928739f44f9726bcb5bbd7be229fadfe2f05fba5d0f6cc87debdf	member_a_v1_conservative_provisional	28e2c439d1946a789cb3a3812d4c54f1cce0502dbfa9429d77c238425b501f30	4664cb809825b7023ad6a8a90b9492f757446b7b97890595c397504646aa55d4	42	178	1.0	0	1.0	178	92	true	false	eos	91	8b5e6adda9ef60506d79797e4d301b5e2604c21ae4d69d19610b2835e5686ad9
vae_candidate_000180	sequence_vae	models/generator/sequence_vae/member_a_v1_seed42/best.pt	d2801a2a130928739f44f9726bcb5bbd7be229fadfe2f05fba5d0f6cc87debdf	member_a_v1_conservative_provisional	28e2c439d1946a789cb3a3812d4c54f1cce0502dbfa9429d77c238425b501f30	4664cb809825b7023ad6a8a90b9492f757446b7b97890595c397504646aa55d4	42	179	1.0	0	1.0	179	70	true	false	eos	69	8143a2dd967ce7c65ea791c24e2b799ea6e7d707b687d2fcdd4bffeb57651266
vae_candidate_000181	sequence_vae	models/generator/sequence_vae/member_a_v1_seed42/best.pt	d2801a2a130928739f44f9726bcb5bbd7be229fadfe2f05fba5d0f6cc87debdf	member_a_v1_conservative_provisional	28e2c439d1946a789cb3a3812d4c54f1cce0502dbfa9429d77c238425b501f30	4664cb809825b7023ad6a8a90b9492f757446b7b97890595c397504646aa55d4	42	180	1.0	0	1.0	180	168	true	false	eos	167	9809b2f6a3ab093fb40db71de3b62bca1d193654ff24e3f2a9eb9f61f2fddd06
vae_candidate_000182	sequence_vae	models/generator/sequence_vae/member_a_v1_seed42/best.pt	d2801a2a130928739f44f9726bcb5bbd7be229fadfe2f05fba5d0f6cc87debdf	member_a_v1_conservative_provisional	28e2c439d1946a789cb3a3812d4c54f1cce0502dbfa9429d77c238425b501f30	4664cb809825b7023ad6a8a90b9492f757446b7b97890595c397504646aa55d4	42	181	1.0	0	1.0	181	143	true	false	eos	142	1412b0b35813875f6fbac55bd4fdfb0f14214d92eb3a8298b500f5b040b2f93b
vae_candidate_000183	sequence_vae	models/generator/sequence_vae/member_a_v1_seed42/best.pt	d2801a2a130928739f44f9726bcb5bbd7be229fadfe2f05fba5d0f6cc87debdf	member_a_v1_conservative_provisional	28e2c439d1946a789cb3a3812d4c54f1cce0502dbfa9429d77c238425b501f30	4664cb809825b7023ad6a8a90b9492f757446b7b97890595c397504646aa55d4	42	182	1.0	0	1.0	182	100	true	false	eos	99	e4d5bf3abe9c034162a36b0780f92f08ab98ffdcc42381730ded88d7ccef8de1
vae_candidate_000184	sequence_vae	models/generator/sequence_vae/member_a_v1_seed42/best.pt	d2801a2a130928739f44f9726bcb5bbd7be229fadfe2f05fba5d0f6cc87debdf	member_a_v1_conservative_provisional	28e2c439d1946a789cb3a3812d4c54f1cce0502dbfa9429d77c238425b501f30	4664cb809825b7023ad6a8a90b9492f757446b7b97890595c397504646aa55d4	42	183	1.0	0	1.0	183	106	true	false	eos	105	003f97e66ee9cc32d8a0f2fd8ee10bf57a49a81da98c20c5718a02b8d96f6cdc
vae_candidate_000185	sequence_vae	models/generator/sequence_vae/member_a_v1_seed42/best.pt	d2801a2a130928739f44f9726bcb5bbd7be229fadfe2f05fba5d0f6cc87debdf	member_a_v1_conservative_provisional	28e2c439d1946a789cb3a3812d4c54f1cce0502dbfa9429d77c238425b501f30	4664cb809825b7023ad6a8a90b9492f757446b7b97890595c397504646aa55d4	42	184	1.0	0	1.0	184	86	true	false	eos	85	dbef3f7ba961fff4a0abdd70a80781ed0f77893c517ad90431787a30e6e45fa3
vae_candidate_000186	sequence_vae	models/generator/sequence_vae/member_a_v1_seed42/best.pt	d2801a2a130928739f44f9726bcb5bbd7be229fadfe2f05fba5d0f6cc87debdf	member_a_v1_conservative_provisional	28e2c439d1946a789cb3a3812d4c54f1cce0502dbfa9429d77c238425b501f30	4664cb809825b7023ad6a8a90b9492f757446b7b97890595c397504646aa55d4	42	185	1.0	0	1.0	185	72	true	false	eos	71	1664fec985ad1e9e4c4a008b8442712cb47ff0370d88ef80e66303d30aa45400
vae_candidate_000187	sequence_vae	models/generator/sequence_vae/member_a_v1_seed42/best.pt	d2801a2a130928739f44f9726bcb5bbd7be229fadfe2f05fba5d0f6cc87debdf	member_a_v1_conservative_provisional	28e2c439d1946a789cb3a3812d4c54f1cce0502dbfa9429d77c238425b501f30	4664cb809825b7023ad6a8a90b9492f757446b7b97890595c397504646aa55d4	42	186	1.0	0	1.0	186	101	true	false	eos	100	2f09036db7504ff1824b3320cad1a9bc1756673256a0d30c5cdccc775b029c88
vae_candidate_000188	sequence_vae	models/generator/sequence_vae/member_a_v1_seed42/best.pt	d2801a2a130928739f44f9726bcb5bbd7be229fadfe2f05fba5d0f6cc87debdf	member_a_v1_conservative_provisional	28e2c439d1946a789cb3a3812d4c54f1cce0502dbfa9429d77c238425b501f30	4664cb809825b7023ad6a8a90b9492f757446b7b97890595c397504646aa55d4	42	187	1.0	0	1.0	187	180	false	true	length_cap	180	8975543947effaaab4ab837fbfb59308f468a061de87280e356de00c33c65239
vae_candidate_000189	sequence_vae	models/generator/sequence_vae/member_a_v1_seed42/best.pt	d2801a2a130928739f44f9726bcb5bbd7be229fadfe2f05fba5d0f6cc87debdf	member_a_v1_conservative_provisional	28e2c439d1946a789cb3a3812d4c54f1cce0502dbfa9429d77c238425b501f30	4664cb809825b7023ad6a8a90b9492f757446b7b97890595c397504646aa55d4	42	188	1.0	0	1.0	188	64	true	false	eos	63	167fee8d36dd9af2dba6a846a2791954e239ea6ea97e34ec49786e49239b7dfa
vae_candidate_000190	sequence_vae	models/generator/sequence_vae/member_a_v1_seed42/best.pt	d2801a2a130928739f44f9726bcb5bbd7be229fadfe2f05fba5d0f6cc87debdf	member_a_v1_conservative_provisional	28e2c439d1946a789cb3a3812d4c54f1cce0502dbfa9429d77c238425b501f30	4664cb809825b7023ad6a8a90b9492f757446b7b97890595c397504646aa55d4	42	189	1.0	0	1.0	189	105	true	false	eos	104	a28610e7a90964be36d9c05a897725c221be1c2e43b53b9ec7af4c1e35d3a37b
vae_candidate_000191	sequence_vae	models/generator/sequence_vae/member_a_v1_seed42/best.pt	d2801a2a130928739f44f9726bcb5bbd7be229fadfe2f05fba5d0f6cc87debdf	member_a_v1_conservative_provisional	28e2c439d1946a789cb3a3812d4c54f1cce0502dbfa9429d77c238425b501f30	4664cb809825b7023ad6a8a90b9492f757446b7b97890595c397504646aa55d4	42	190	1.0	0	1.0	190	95	true	false	eos	94	7f91239af5e0f306bcae623b6d89716ceffc8de4319267e733d91fe099cecded
vae_candidate_000192	sequence_vae	models/generator/sequence_vae/member_a_v1_seed42/best.pt	d2801a2a130928739f44f9726bcb5bbd7be229fadfe2f05fba5d0f6cc87debdf	member_a_v1_conservative_provisional	28e2c439d1946a789cb3a3812d4c54f1cce0502dbfa9429d77c238425b501f30	4664cb809825b7023ad6a8a90b9492f757446b7b97890595c397504646aa55d4	42	191	1.0	0	1.0	191	96	true	false	eos	95	668894996455d1a9db0662ad7890e7f654656f34e137eaa1a604ea4607e658c9
vae_candidate_000193	sequence_vae	models/generator/sequence_vae/member_a_v1_seed42/best.pt	d2801a2a130928739f44f9726bcb5bbd7be229fadfe2f05fba5d0f6cc87debdf	member_a_v1_conservative_provisional	28e2c439d1946a789cb3a3812d4c54f1cce0502dbfa9429d77c238425b501f30	4664cb809825b7023ad6a8a90b9492f757446b7b97890595c397504646aa55d4	42	192	1.0	0	1.0	192	130	true	false	eos	129	9e188c3a36ca32596eb433129ef21f2939862d679c18620a72a953d68a45e0c5
vae_candidate_000194	sequence_vae	models/generator/sequence_vae/member_a_v1_seed42/best.pt	d2801a2a130928739f44f9726bcb5bbd7be229fadfe2f05fba5d0f6cc87debdf	member_a_v1_conservative_provisional	28e2c439d1946a789cb3a3812d4c54f1cce0502dbfa9429d77c238425b501f30	4664cb809825b7023ad6a8a90b9492f757446b7b97890595c397504646aa55d4	42	193	1.0	0	1.0	193	142	true	false	eos	141	9a528632b5c47a07403411a3d1347c9e9d00b971c33388e88e627b8cd206149a
vae_candidate_000195	sequence_vae	models/generator/sequence_vae/member_a_v1_seed42/best.pt	d2801a2a130928739f44f9726bcb5bbd7be229fadfe2f05fba5d0f6cc87debdf	member_a_v1_conservative_provisional	28e2c439d1946a789cb3a3812d4c54f1cce0502dbfa9429d77c238425b501f30	4664cb809825b7023ad6a8a90b9492f757446b7b97890595c397504646aa55d4	42	194	1.0	0	1.0	194	103	true	false	eos	102	a06ab31661ea572411ccd3513979a7ca9925d218a9a2e562f7ed83980c5c6cce
vae_candidate_000196	sequence_vae	models/generator/sequence_vae/member_a_v1_seed42/best.pt	d2801a2a130928739f44f9726bcb5bbd7be229fadfe2f05fba5d0f6cc87debdf	member_a_v1_conservative_provisional	28e2c439d1946a789cb3a3812d4c54f1cce0502dbfa9429d77c238425b501f30	4664cb809825b7023ad6a8a90b9492f757446b7b97890595c397504646aa55d4	42	195	1.0	0	1.0	195	53	true	false	eos	52	8c5c404c060c66e8d156577a659e57caec63a02249ea1607a4b856639775de66
vae_candidate_000197	sequence_vae	models/generator/sequence_vae/member_a_v1_seed42/best.pt	d2801a2a130928739f44f9726bcb5bbd7be229fadfe2f05fba5d0f6cc87debdf	member_a_v1_conservative_provisional	28e2c439d1946a789cb3a3812d4c54f1cce0502dbfa9429d77c238425b501f30	4664cb809825b7023ad6a8a90b9492f757446b7b97890595c397504646aa55d4	42	196	1.0	0	1.0	196	171	true	false	eos	170	ee5ca7d972c405c91ecc92f1fdc176c0c3a5a0fe851f28758ac72588ec8ed07a
vae_candidate_000198	sequence_vae	models/generator/sequence_vae/member_a_v1_seed42/best.pt	d2801a2a130928739f44f9726bcb5bbd7be229fadfe2f05fba5d0f6cc87debdf	member_a_v1_conservative_provisional	28e2c439d1946a789cb3a3812d4c54f1cce0502dbfa9429d77c238425b501f30	4664cb809825b7023ad6a8a90b9492f757446b7b97890595c397504646aa55d4	42	197	1.0	0	1.0	197	180	false	true	length_cap	180	4feda4514dbe770bb282f520e3beaa0ca704c589650063ed1ec89e039f25fa5f
vae_candidate_000199	sequence_vae	models/generator/sequence_vae/member_a_v1_seed42/best.pt	d2801a2a130928739f44f9726bcb5bbd7be229fadfe2f05fba5d0f6cc87debdf	member_a_v1_conservative_provisional	28e2c439d1946a789cb3a3812d4c54f1cce0502dbfa9429d77c238425b501f30	4664cb809825b7023ad6a8a90b9492f757446b7b97890595c397504646aa55d4	42	198	1.0	0	1.0	198	144	true	false	eos	143	5f0dcc32f6b8330ee412261d921215ed90b162b98a8cc99e32a899afea33e162
vae_candidate_000200	sequence_vae	models/generator/sequence_vae/member_a_v1_seed42/best.pt	d2801a2a130928739f44f9726bcb5bbd7be229fadfe2f05fba5d0f6cc87debdf	member_a_v1_conservative_provisional	28e2c439d1946a789cb3a3812d4c54f1cce0502dbfa9429d77c238425b501f30	4664cb809825b7023ad6a8a90b9492f757446b7b97890595c397504646aa55d4	42	199	1.0	0	1.0	199	89	true	false	eos	88	85596148ead29bad7cb24cd9b1a0d99f3fca0244f8e085810ea8afa40a45c800
vae_candidate_000201	sequence_vae	models/generator/sequence_vae/member_a_v1_seed42/best.pt	d2801a2a130928739f44f9726bcb5bbd7be229fadfe2f05fba5d0f6cc87debdf	member_a_v1_conservative_provisional	28e2c439d1946a789cb3a3812d4c54f1cce0502dbfa9429d77c238425b501f30	4664cb809825b7023ad6a8a90b9492f757446b7b97890595c397504646aa55d4	42	200	1.0	0	1.0	200	92	true	false	eos	91	f80177044c9717b951fbfe25da980bda44c7d6b7114baaf196a7f83d65c45883
vae_candidate_000202	sequence_vae	models/generator/sequence_vae/member_a_v1_seed42/best.pt	d2801a2a130928739f44f9726bcb5bbd7be229fadfe2f05fba5d0f6cc87debdf	member_a_v1_conservative_provisional	28e2c439d1946a789cb3a3812d4c54f1cce0502dbfa9429d77c238425b501f30	4664cb809825b7023ad6a8a90b9492f757446b7b97890595c397504646aa55d4	42	201	1.0	0	1.0	201	96	true	false	eos	95	fee5a96d67a5cfa3cbd913896de11f0befc04f733642a2894d6c43335045b56d
vae_candidate_000203	sequence_vae	models/generator/sequence_vae/member_a_v1_seed42/best.pt	d2801a2a130928739f44f9726bcb5bbd7be229fadfe2f05fba5d0f6cc87debdf	member_a_v1_conservative_provisional	28e2c439d1946a789cb3a3812d4c54f1cce0502dbfa9429d77c238425b501f30	4664cb809825b7023ad6a8a90b9492f757446b7b97890595c397504646aa55d4	42	202	1.0	0	1.0	202	100	true	false	eos	99	31169355add93c46a51ea5df1f72e4e338450f47be3216165aba44066c84ac37
vae_candidate_000204	sequence_vae	models/generator/sequence_vae/member_a_v1_seed42/best.pt	d2801a2a130928739f44f9726bcb5bbd7be229fadfe2f05fba5d0f6cc87debdf	member_a_v1_conservative_provisional	28e2c439d1946a789cb3a3812d4c54f1cce0502dbfa9429d77c238425b501f30	4664cb809825b7023ad6a8a90b9492f757446b7b97890595c397504646aa55d4	42	203	1.0	0	1.0	203	169	true	false	eos	168	29277ab694a2273f009b2ed11a79f0ececbc3cb1d1d81955a1034d9d5fc47a74
vae_candidate_000205	sequence_vae	models/generator/sequence_vae/member_a_v1_seed42/best.pt	d2801a2a130928739f44f9726bcb5bbd7be229fadfe2f05fba5d0f6cc87debdf	member_a_v1_conservative_provisional	28e2c439d1946a789cb3a3812d4c54f1cce0502dbfa9429d77c238425b501f30	4664cb809825b7023ad6a8a90b9492f757446b7b97890595c397504646aa55d4	42	204	1.0	0	1.0	204	69	true	false	eos	68	ba03762107d2984b43150caa692d9857bd6261833246a9b656307f7a0705a39e
vae_candidate_000206	sequence_vae	models/generator/sequence_vae/member_a_v1_seed42/best.pt	d2801a2a130928739f44f9726bcb5bbd7be229fadfe2f05fba5d0f6cc87debdf	member_a_v1_conservative_provisional	28e2c439d1946a789cb3a3812d4c54f1cce0502dbfa9429d77c238425b501f30	4664cb809825b7023ad6a8a90b9492f757446b7b97890595c397504646aa55d4	42	205	1.0	0	1.0	205	102	true	false	eos	101	a0b1467e1e209d41a25594d394ffeff97cc775925d716010a3d348004fea2dc0
vae_candidate_000207	sequence_vae	models/generator/sequence_vae/member_a_v1_seed42/best.pt	d2801a2a130928739f44f9726bcb5bbd7be229fadfe2f05fba5d0f6cc87debdf	member_a_v1_conservative_provisional	28e2c439d1946a789cb3a3812d4c54f1cce0502dbfa9429d77c238425b501f30	4664cb809825b7023ad6a8a90b9492f757446b7b97890595c397504646aa55d4	42	206	1.0	0	1.0	206	74	true	false	eos	73	0c811d397f498c429da4785976f9dd4d72e3524980d5a0b2ad7a0e729bea5ec8
vae_candidate_000208	sequence_vae	models/generator/sequence_vae/member_a_v1_seed42/best.pt	d2801a2a130928739f44f9726bcb5bbd7be229fadfe2f05fba5d0f6cc87debdf	member_a_v1_conservative_provisional	28e2c439d1946a789cb3a3812d4c54f1cce0502dbfa9429d77c238425b501f30	4664cb809825b7023ad6a8a90b9492f757446b7b97890595c397504646aa55d4	42	207	1.0	0	1.0	207	110	true	false	eos	109	1044c7eed672e2cf0b3c161db39c8758b60316d9ff28b12700d7b1e194cdf99c
vae_candidate_000209	sequence_vae	models/generator/sequence_vae/member_a_v1_seed42/best.pt	d2801a2a130928739f44f9726bcb5bbd7be229fadfe2f05fba5d0f6cc87debdf	member_a_v1_conservative_provisional	28e2c439d1946a789cb3a3812d4c54f1cce0502dbfa9429d77c238425b501f30	4664cb809825b7023ad6a8a90b9492f757446b7b97890595c397504646aa55d4	42	208	1.0	0	1.0	208	122	true	false	eos	121	660a826e35b0f6aa3021db075e19ce046cb219e3e7849e6cd0f453c9cd794116
vae_candidate_000210	sequence_vae	models/generator/sequence_vae/member_a_v1_seed42/best.pt	d2801a2a130928739f44f9726bcb5bbd7be229fadfe2f05fba5d0f6cc87debdf	member_a_v1_conservative_provisional	28e2c439d1946a789cb3a3812d4c54f1cce0502dbfa9429d77c238425b501f30	4664cb809825b7023ad6a8a90b9492f757446b7b97890595c397504646aa55d4	42	209	1.0	0	1.0	209	73	true	false	eos	72	50fb097c7f98840d8110e7f29c0a8a2177e622ff26833f4f5ebca72ac1cf8224
vae_candidate_000211	sequence_vae	models/generator/sequence_vae/member_a_v1_seed42/best.pt	d2801a2a130928739f44f9726bcb5bbd7be229fadfe2f05fba5d0f6cc87debdf	member_a_v1_conservative_provisional	28e2c439d1946a789cb3a3812d4c54f1cce0502dbfa9429d77c238425b501f30	4664cb809825b7023ad6a8a90b9492f757446b7b97890595c397504646aa55d4	42	210	1.0	0	1.0	210	61	true	false	eos	60	0f4c898ada2763c5951907357111bf5bfa6c45f14fb4430b1e3934e7e6936145
vae_candidate_000212	sequence_vae	models/generator/sequence_vae/member_a_v1_seed42/best.pt	d2801a2a130928739f44f9726bcb5bbd7be229fadfe2f05fba5d0f6cc87debdf	member_a_v1_conservative_provisional	28e2c439d1946a789cb3a3812d4c54f1cce0502dbfa9429d77c238425b501f30	4664cb809825b7023ad6a8a90b9492f757446b7b97890595c397504646aa55d4	42	211	1.0	0	1.0	211	112	true	false	eos	111	340f0b30a79ea7c80ad6e23aa5a4862203f7f9d162fe01c34f064ca5c2c4a1f4
vae_candidate_000213	sequence_vae	models/generator/sequence_vae/member_a_v1_seed42/best.pt	d2801a2a130928739f44f9726bcb5bbd7be229fadfe2f05fba5d0f6cc87debdf	member_a_v1_conservative_provisional	28e2c439d1946a789cb3a3812d4c54f1cce0502dbfa9429d77c238425b501f30	4664cb809825b7023ad6a8a90b9492f757446b7b97890595c397504646aa55d4	42	212	1.0	0	1.0	212	75	true	false	eos	74	c6d96e3ca01ad4f8f6628e9cc5aa4fd5afa3022df9d3083443b9777ae7c73e6e
vae_candidate_000214	sequence_vae	models/generator/sequence_vae/member_a_v1_seed42/best.pt	d2801a2a130928739f44f9726bcb5bbd7be229fadfe2f05fba5d0f6cc87debdf	member_a_v1_conservative_provisional	28e2c439d1946a789cb3a3812d4c54f1cce0502dbfa9429d77c238425b501f30	4664cb809825b7023ad6a8a90b9492f757446b7b97890595c397504646aa55d4	42	213	1.0	0	1.0	213	129	true	false	eos	128	bd7b02bbfd2cddbbecbbb8f08a9a71680af6a546ad06304f28628fb61009cb9a
vae_candidate_000215	sequence_vae	models/generator/sequence_vae/member_a_v1_seed42/best.pt	d2801a2a130928739f44f9726bcb5bbd7be229fadfe2f05fba5d0f6cc87debdf	member_a_v1_conservative_provisional	28e2c439d1946a789cb3a3812d4c54f1cce0502dbfa9429d77c238425b501f30	4664cb809825b7023ad6a8a90b9492f757446b7b97890595c397504646aa55d4	42	214	1.0	0	1.0	214	125	true	false	eos	124	c79af7cfd75e9701bc2bc2a788129c07bd1248170a01713da2f97707d4841149
vae_candidate_000216	sequence_vae	models/generator/sequence_vae/member_a_v1_seed42/best.pt	d2801a2a130928739f44f9726bcb5bbd7be229fadfe2f05fba5d0f6cc87debdf	member_a_v1_conservative_provisional	28e2c439d1946a789cb3a3812d4c54f1cce0502dbfa9429d77c238425b501f30	4664cb809825b7023ad6a8a90b9492f757446b7b97890595c397504646aa55d4	42	215	1.0	0	1.0	215	101	true	false	eos	100	cd36da61568351d7dae4ff015b53605891c6ede0708f230bdd74440585dab482
vae_candidate_000217	sequence_vae	models/generator/sequence_vae/member_a_v1_seed42/best.pt	d2801a2a130928739f44f9726bcb5bbd7be229fadfe2f05fba5d0f6cc87debdf	member_a_v1_conservative_provisional	28e2c439d1946a789cb3a3812d4c54f1cce0502dbfa9429d77c238425b501f30	4664cb809825b7023ad6a8a90b9492f757446b7b97890595c397504646aa55d4	42	216	1.0	0	1.0	216	65	true	false	eos	64	879b424e7bee2e1ef62de7b9a9b1c249a784c911e8ccc39a2f7e072125d9029c
vae_candidate_000218	sequence_vae	models/generator/sequence_vae/member_a_v1_seed42/best.pt	d2801a2a130928739f44f9726bcb5bbd7be229fadfe2f05fba5d0f6cc87debdf	member_a_v1_conservative_provisional	28e2c439d1946a789cb3a3812d4c54f1cce0502dbfa9429d77c238425b501f30	4664cb809825b7023ad6a8a90b9492f757446b7b97890595c397504646aa55d4	42	217	1.0	0	1.0	217	150	true	false	eos	149	e97781bf130d007cb42afb1abb751a50e856ddaaf54349b33957bea64cb84833
vae_candidate_000219	sequence_vae	models/generator/sequence_vae/member_a_v1_seed42/best.pt	d2801a2a130928739f44f9726bcb5bbd7be229fadfe2f05fba5d0f6cc87debdf	member_a_v1_conservative_provisional	28e2c439d1946a789cb3a3812d4c54f1cce0502dbfa9429d77c238425b501f30	4664cb809825b7023ad6a8a90b9492f757446b7b97890595c397504646aa55d4	42	218	1.0	0	1.0	218	98	true	false	eos	97	c6b20f8f4424d8e92aff3f454737bfb51e76e0b1d6f964f218b753bc3003b1b9
vae_candidate_000220	sequence_vae	models/generator/sequence_vae/member_a_v1_seed42/best.pt	d2801a2a130928739f44f9726bcb5bbd7be229fadfe2f05fba5d0f6cc87debdf	member_a_v1_conservative_provisional	28e2c439d1946a789cb3a3812d4c54f1cce0502dbfa9429d77c238425b501f30	4664cb809825b7023ad6a8a90b9492f757446b7b97890595c397504646aa55d4	42	219	1.0	0	1.0	219	85	true	false	eos	84	ac6236b0943d18d2a2bbea2c155e4c255d0179a290acc428265afc5bd200129b
vae_candidate_000221	sequence_vae	models/generator/sequence_vae/member_a_v1_seed42/best.pt	d2801a2a130928739f44f9726bcb5bbd7be229fadfe2f05fba5d0f6cc87debdf	member_a_v1_conservative_provisional	28e2c439d1946a789cb3a3812d4c54f1cce0502dbfa9429d77c238425b501f30	4664cb809825b7023ad6a8a90b9492f757446b7b97890595c397504646aa55d4	42	220	1.0	0	1.0	220	95	true	false	eos	94	14d00cf7f72da74d0b39f43332da00c340aca9d010816042e8910f5ba2ab101c
vae_candidate_000222	sequence_vae	models/generator/sequence_vae/member_a_v1_seed42/best.pt	d2801a2a130928739f44f9726bcb5bbd7be229fadfe2f05fba5d0f6cc87debdf	member_a_v1_conservative_provisional	28e2c439d1946a789cb3a3812d4c54f1cce0502dbfa9429d77c238425b501f30	4664cb809825b7023ad6a8a90b9492f757446b7b97890595c397504646aa55d4	42	221	1.0	0	1.0	221	137	true	false	eos	136	7fc2b8bd40e03017434540c10fe9cfb8eab7da437f9e85ff62a99d2d373ed5a9
vae_candidate_000223	sequence_vae	models/generator/sequence_vae/member_a_v1_seed42/best.pt	d2801a2a130928739f44f9726bcb5bbd7be229fadfe2f05fba5d0f6cc87debdf	member_a_v1_conservative_provisional	28e2c439d1946a789cb3a3812d4c54f1cce0502dbfa9429d77c238425b501f30	4664cb809825b7023ad6a8a90b9492f757446b7b97890595c397504646aa55d4	42	222	1.0	0	1.0	222	102	true	false	eos	101	6f7157364cb5876ea6416ba05856a392dd52580bc32926d6b3908abed9b6b1d9
vae_candidate_000224	sequence_vae	models/generator/sequence_vae/member_a_v1_seed42/best.pt	d2801a2a130928739f44f9726bcb5bbd7be229fadfe2f05fba5d0f6cc87debdf	member_a_v1_conservative_provisional	28e2c439d1946a789cb3a3812d4c54f1cce0502dbfa9429d77c238425b501f30	4664cb809825b7023ad6a8a90b9492f757446b7b97890595c397504646aa55d4	42	223	1.0	0	1.0	223	135	true	false	eos	134	28b77be9d1be32a04ef21f3af44b52439fb7978590d2791dbb65e99351ad872a
vae_candidate_000225	sequence_vae	models/generator/sequence_vae/member_a_v1_seed42/best.pt	d2801a2a130928739f44f9726bcb5bbd7be229fadfe2f05fba5d0f6cc87debdf	member_a_v1_conservative_provisional	28e2c439d1946a789cb3a3812d4c54f1cce0502dbfa9429d77c238425b501f30	4664cb809825b7023ad6a8a90b9492f757446b7b97890595c397504646aa55d4	42	224	1.0	0	1.0	224	102	true	false	eos	101	75d5c30e6ef4bf3de7d8cc338c30edd7703e269d4247618eccf407af14c8c522
vae_candidate_000226	sequence_vae	models/generator/sequence_vae/member_a_v1_seed42/best.pt	d2801a2a130928739f44f9726bcb5bbd7be229fadfe2f05fba5d0f6cc87debdf	member_a_v1_conservative_provisional	28e2c439d1946a789cb3a3812d4c54f1cce0502dbfa9429d77c238425b501f30	4664cb809825b7023ad6a8a90b9492f757446b7b97890595c397504646aa55d4	42	225	1.0	0	1.0	225	109	true	false	eos	108	0b7383e9eeb3ac17facc9eb8fa0873ed9f692d9d8175e46a02c8aacdc25536c9
vae_candidate_000227	sequence_vae	models/generator/sequence_vae/member_a_v1_seed42/best.pt	d2801a2a130928739f44f9726bcb5bbd7be229fadfe2f05fba5d0f6cc87debdf	member_a_v1_conservative_provisional	28e2c439d1946a789cb3a3812d4c54f1cce0502dbfa9429d77c238425b501f30	4664cb809825b7023ad6a8a90b9492f757446b7b97890595c397504646aa55d4	42	226	1.0	0	1.0	226	63	true	false	eos	62	a67a0ede32fead34fec5ac93e0ec2dffe4425355e1cad2aaf1a5060cebab88ee
vae_candidate_000228	sequence_vae	models/generator/sequence_vae/member_a_v1_seed42/best.pt	d2801a2a130928739f44f9726bcb5bbd7be229fadfe2f05fba5d0f6cc87debdf	member_a_v1_conservative_provisional	28e2c439d1946a789cb3a3812d4c54f1cce0502dbfa9429d77c238425b501f30	4664cb809825b7023ad6a8a90b9492f757446b7b97890595c397504646aa55d4	42	227	1.0	0	1.0	227	125	true	false	eos	124	b67a7806258086e1d5a5bdd1d0b0178cc71f9cb1d8e5c4a4572466bdcca1a453
vae_candidate_000229	sequence_vae	models/generator/sequence_vae/member_a_v1_seed42/best.pt	d2801a2a130928739f44f9726bcb5bbd7be229fadfe2f05fba5d0f6cc87debdf	member_a_v1_conservative_provisional	28e2c439d1946a789cb3a3812d4c54f1cce0502dbfa9429d77c238425b501f30	4664cb809825b7023ad6a8a90b9492f757446b7b97890595c397504646aa55d4	42	228	1.0	0	1.0	228	148	true	false	eos	147	ce20543d15055ddfc09adb7aa9fd1ea09ab2fbde1a94fc7cff78cbca4b57a893
vae_candidate_000230	sequence_vae	models/generator/sequence_vae/member_a_v1_seed42/best.pt	d2801a2a130928739f44f9726bcb5bbd7be229fadfe2f05fba5d0f6cc87debdf	member_a_v1_conservative_provisional	28e2c439d1946a789cb3a3812d4c54f1cce0502dbfa9429d77c238425b501f30	4664cb809825b7023ad6a8a90b9492f757446b7b97890595c397504646aa55d4	42	229	1.0	0	1.0	229	93	true	false	eos	92	c7b60fd1451316c8ccc9aa83fbd2937dceb7b0717ca29dc4537a3f027be3f224
vae_candidate_000231	sequence_vae	models/generator/sequence_vae/member_a_v1_seed42/best.pt	d2801a2a130928739f44f9726bcb5bbd7be229fadfe2f05fba5d0f6cc87debdf	member_a_v1_conservative_provisional	28e2c439d1946a789cb3a3812d4c54f1cce0502dbfa9429d77c238425b501f30	4664cb809825b7023ad6a8a90b9492f757446b7b97890595c397504646aa55d4	42	230	1.0	0	1.0	230	118	true	false	eos	117	693ace00289170afd6108a22d6a844796718e3346f71783d354659fd056d6751
vae_candidate_000232	sequence_vae	models/generator/sequence_vae/member_a_v1_seed42/best.pt	d2801a2a130928739f44f9726bcb5bbd7be229fadfe2f05fba5d0f6cc87debdf	member_a_v1_conservative_provisional	28e2c439d1946a789cb3a3812d4c54f1cce0502dbfa9429d77c238425b501f30	4664cb809825b7023ad6a8a90b9492f757446b7b97890595c397504646aa55d4	42	231	1.0	0	1.0	231	155	true	false	eos	154	d070a684c5f8f5b0de75d622206a9ad0712bd323811148c698fa8ebc0381aa07
vae_candidate_000233	sequence_vae	models/generator/sequence_vae/member_a_v1_seed42/best.pt	d2801a2a130928739f44f9726bcb5bbd7be229fadfe2f05fba5d0f6cc87debdf	member_a_v1_conservative_provisional	28e2c439d1946a789cb3a3812d4c54f1cce0502dbfa9429d77c238425b501f30	4664cb809825b7023ad6a8a90b9492f757446b7b97890595c397504646aa55d4	42	232	1.0	0	1.0	232	82	true	false	eos	81	1f2a7ad75307e824bd502a9dce411f2174cafb3fd117cfced57a7dc9dbd0fed8
vae_candidate_000234	sequence_vae	models/generator/sequence_vae/member_a_v1_seed42/best.pt	d2801a2a130928739f44f9726bcb5bbd7be229fadfe2f05fba5d0f6cc87debdf	member_a_v1_conservative_provisional	28e2c439d1946a789cb3a3812d4c54f1cce0502dbfa9429d77c238425b501f30	4664cb809825b7023ad6a8a90b9492f757446b7b97890595c397504646aa55d4	42	233	1.0	0	1.0	233	66	true	false	eos	65	ee10af931147dd1ebb99e835c416ccb681abf0330e33b57dda8d137e2ef513c2
vae_candidate_000235	sequence_vae	models/generator/sequence_vae/member_a_v1_seed42/best.pt	d2801a2a130928739f44f9726bcb5bbd7be229fadfe2f05fba5d0f6cc87debdf	member_a_v1_conservative_provisional	28e2c439d1946a789cb3a3812d4c54f1cce0502dbfa9429d77c238425b501f30	4664cb809825b7023ad6a8a90b9492f757446b7b97890595c397504646aa55d4	42	234	1.0	0	1.0	234	142	true	false	eos	141	63ae5e314f10e66fcf54c8e75c964fe4c19a02e79ca4f0afe569ffaec2ea4322
vae_candidate_000236	sequence_vae	models/generator/sequence_vae/member_a_v1_seed42/best.pt	d2801a2a130928739f44f9726bcb5bbd7be229fadfe2f05fba5d0f6cc87debdf	member_a_v1_conservative_provisional	28e2c439d1946a789cb3a3812d4c54f1cce0502dbfa9429d77c238425b501f30	4664cb809825b7023ad6a8a90b9492f757446b7b97890595c397504646aa55d4	42	235	1.0	0	1.0	235	94	true	false	eos	93	3f20bd45c462044d03a5b53c801639d91c542e8345e2f0d929acb493ce89f73d
vae_candidate_000237	sequence_vae	models/generator/sequence_vae/member_a_v1_seed42/best.pt	d2801a2a130928739f44f9726bcb5bbd7be229fadfe2f05fba5d0f6cc87debdf	member_a_v1_conservative_provisional	28e2c439d1946a789cb3a3812d4c54f1cce0502dbfa9429d77c238425b501f30	4664cb809825b7023ad6a8a90b9492f757446b7b97890595c397504646aa55d4	42	236	1.0	0	1.0	236	102	true	false	eos	101	d64d9727bbce9534924bb2014e9f6704115f0db8f6e5c9a902afc18c35984fca
vae_candidate_000238	sequence_vae	models/generator/sequence_vae/member_a_v1_seed42/best.pt	d2801a2a130928739f44f9726bcb5bbd7be229fadfe2f05fba5d0f6cc87debdf	member_a_v1_conservative_provisional	28e2c439d1946a789cb3a3812d4c54f1cce0502dbfa9429d77c238425b501f30	4664cb809825b7023ad6a8a90b9492f757446b7b97890595c397504646aa55d4	42	237	1.0	0	1.0	237	110	true	false	eos	109	315d20f77f39819a1e4bcafc222b6ecdc4e2294953e7f72e94ef4983edbd528b
vae_candidate_000239	sequence_vae	models/generator/sequence_vae/member_a_v1_seed42/best.pt	d2801a2a130928739f44f9726bcb5bbd7be229fadfe2f05fba5d0f6cc87debdf	member_a_v1_conservative_provisional	28e2c439d1946a789cb3a3812d4c54f1cce0502dbfa9429d77c238425b501f30	4664cb809825b7023ad6a8a90b9492f757446b7b97890595c397504646aa55d4	42	238	1.0	0	1.0	238	83	true	false	eos	82	c55eb1208ed2361cd432dc8820c64dbe0c3f0a51245204a6ba00a15fb5baab96
vae_candidate_000240	sequence_vae	models/generator/sequence_vae/member_a_v1_seed42/best.pt	d2801a2a130928739f44f9726bcb5bbd7be229fadfe2f05fba5d0f6cc87debdf	member_a_v1_conservative_provisional	28e2c439d1946a789cb3a3812d4c54f1cce0502dbfa9429d77c238425b501f30	4664cb809825b7023ad6a8a90b9492f757446b7b97890595c397504646aa55d4	42	239	1.0	0	1.0	239	71	true	false	eos	70	0865bab596ebaf08131c0b8bcbcc95bf7031e010f8ea002df28ab6252a54e9fd
vae_candidate_000241	sequence_vae	models/generator/sequence_vae/member_a_v1_seed42/best.pt	d2801a2a130928739f44f9726bcb5bbd7be229fadfe2f05fba5d0f6cc87debdf	member_a_v1_conservative_provisional	28e2c439d1946a789cb3a3812d4c54f1cce0502dbfa9429d77c238425b501f30	4664cb809825b7023ad6a8a90b9492f757446b7b97890595c397504646aa55d4	42	240	1.0	0	1.0	240	150	true	false	eos	149	a52b7e6c2cd7738f77ffed9d59b597a0d61a769508933469cff0767ca731b221
vae_candidate_000242	sequence_vae	models/generator/sequence_vae/member_a_v1_seed42/best.pt	d2801a2a130928739f44f9726bcb5bbd7be229fadfe2f05fba5d0f6cc87debdf	member_a_v1_conservative_provisional	28e2c439d1946a789cb3a3812d4c54f1cce0502dbfa9429d77c238425b501f30	4664cb809825b7023ad6a8a90b9492f757446b7b97890595c397504646aa55d4	42	241	1.0	0	1.0	241	103	true	false	eos	102	9b67f04e2c030c075e074666dad7ccea6e2046f249d7ce40677f945e4813b6b2
vae_candidate_000243	sequence_vae	models/generator/sequence_vae/member_a_v1_seed42/best.pt	d2801a2a130928739f44f9726bcb5bbd7be229fadfe2f05fba5d0f6cc87debdf	member_a_v1_conservative_provisional	28e2c439d1946a789cb3a3812d4c54f1cce0502dbfa9429d77c238425b501f30	4664cb809825b7023ad6a8a90b9492f757446b7b97890595c397504646aa55d4	42	242	1.0	0	1.0	242	67	true	false	eos	66	5ff817b2f311dedc37b0e2ef7dea34a0671c85942426131cfdf863752bb2eb98
vae_candidate_000244	sequence_vae	models/generator/sequence_vae/member_a_v1_seed42/best.pt	d2801a2a130928739f44f9726bcb5bbd7be229fadfe2f05fba5d0f6cc87debdf	member_a_v1_conservative_provisional	28e2c439d1946a789cb3a3812d4c54f1cce0502dbfa9429d77c238425b501f30	4664cb809825b7023ad6a8a90b9492f757446b7b97890595c397504646aa55d4	42	243	1.0	0	1.0	243	124	true	false	eos	123	2cba617eb1b3a9bac851ea61faf8b0a0df7e8e84da569c3a8e4931500fa727e2
vae_candidate_000245	sequence_vae	models/generator/sequence_vae/member_a_v1_seed42/best.pt	d2801a2a130928739f44f9726bcb5bbd7be229fadfe2f05fba5d0f6cc87debdf	member_a_v1_conservative_provisional	28e2c439d1946a789cb3a3812d4c54f1cce0502dbfa9429d77c238425b501f30	4664cb809825b7023ad6a8a90b9492f757446b7b97890595c397504646aa55d4	42	244	1.0	0	1.0	244	136	true	false	eos	135	7b76af1fe561371eb2707cc196e43e2684fcdfb184dc29425f152f3ddb43493d
vae_candidate_000246	sequence_vae	models/generator/sequence_vae/member_a_v1_seed42/best.pt	d2801a2a130928739f44f9726bcb5bbd7be229fadfe2f05fba5d0f6cc87debdf	member_a_v1_conservative_provisional	28e2c439d1946a789cb3a3812d4c54f1cce0502dbfa9429d77c238425b501f30	4664cb809825b7023ad6a8a90b9492f757446b7b97890595c397504646aa55d4	42	245	1.0	0	1.0	245	125	true	false	eos	124	135b9d20286cb2e97e5a2536a985806446315d83314593179918c994cf8f8248
vae_candidate_000247	sequence_vae	models/generator/sequence_vae/member_a_v1_seed42/best.pt	d2801a2a130928739f44f9726bcb5bbd7be229fadfe2f05fba5d0f6cc87debdf	member_a_v1_conservative_provisional	28e2c439d1946a789cb3a3812d4c54f1cce0502dbfa9429d77c238425b501f30	4664cb809825b7023ad6a8a90b9492f757446b7b97890595c397504646aa55d4	42	246	1.0	0	1.0	246	97	true	false	eos	96	5a55f4921734397caae5842d7785a9a30142cb9c5032b3237c601a432512446e
vae_candidate_000248	sequence_vae	models/generator/sequence_vae/member_a_v1_seed42/best.pt	d2801a2a130928739f44f9726bcb5bbd7be229fadfe2f05fba5d0f6cc87debdf	member_a_v1_conservative_provisional	28e2c439d1946a789cb3a3812d4c54f1cce0502dbfa9429d77c238425b501f30	4664cb809825b7023ad6a8a90b9492f757446b7b97890595c397504646aa55d4	42	247	1.0	0	1.0	247	111	true	false	eos	110	017806aae4ed497f1b947060bb68ea17a4a836cd4cf1c5733ae644ce13fd44bb
vae_candidate_000249	sequence_vae	models/generator/sequence_vae/member_a_v1_seed42/best.pt	d2801a2a130928739f44f9726bcb5bbd7be229fadfe2f05fba5d0f6cc87debdf	member_a_v1_conservative_provisional	28e2c439d1946a789cb3a3812d4c54f1cce0502dbfa9429d77c238425b501f30	4664cb809825b7023ad6a8a90b9492f757446b7b97890595c397504646aa55d4	42	248	1.0	0	1.0	248	108	true	false	eos	107	b88050e7d5401e7253b8be88041a6479cf03c155244a4ef821c61dc4c11536e0
vae_candidate_000250	sequence_vae	models/generator/sequence_vae/member_a_v1_seed42/best.pt	d2801a2a130928739f44f9726bcb5bbd7be229fadfe2f05fba5d0f6cc87debdf	member_a_v1_conservative_provisional	28e2c439d1946a789cb3a3812d4c54f1cce0502dbfa9429d77c238425b501f30	4664cb809825b7023ad6a8a90b9492f757446b7b97890595c397504646aa55d4	42	249	1.0	0	1.0	249	59	true	false	eos	58	206f63ff6fbdd66c6fb375c9ad227f313cf9dcd03cc61bdbea715c890d129686
vae_candidate_000251	sequence_vae	models/generator/sequence_vae/member_a_v1_seed42/best.pt	d2801a2a130928739f44f9726bcb5bbd7be229fadfe2f05fba5d0f6cc87debdf	member_a_v1_conservative_provisional	28e2c439d1946a789cb3a3812d4c54f1cce0502dbfa9429d77c238425b501f30	4664cb809825b7023ad6a8a90b9492f757446b7b97890595c397504646aa55d4	42	250	1.0	0	1.0	250	144	true	false	eos	143	9c5b2359f44e4db023f002c80137a7038bccd5c76a6d8f1b998528f51defc535
vae_candidate_000252	sequence_vae	models/generator/sequence_vae/member_a_v1_seed42/best.pt	d2801a2a130928739f44f9726bcb5bbd7be229fadfe2f05fba5d0f6cc87debdf	member_a_v1_conservative_provisional	28e2c439d1946a789cb3a3812d4c54f1cce0502dbfa9429d77c238425b501f30	4664cb809825b7023ad6a8a90b9492f757446b7b97890595c397504646aa55d4	42	251	1.0	0	1.0	251	161	true	false	eos	160	e310f87612f38b3a75fab1e722bb844f80649c0fadfd99aa694e6384d47403f6
vae_candidate_000253	sequence_vae	models/generator/sequence_vae/member_a_v1_seed42/best.pt	d2801a2a130928739f44f9726bcb5bbd7be229fadfe2f05fba5d0f6cc87debdf	member_a_v1_conservative_provisional	28e2c439d1946a789cb3a3812d4c54f1cce0502dbfa9429d77c238425b501f30	4664cb809825b7023ad6a8a90b9492f757446b7b97890595c397504646aa55d4	42	252	1.0	0	1.0	252	126	true	false	eos	125	fb4411a4de003d9d40c256f37584c15662d70df74b2230b98c2bd7ec105736f6
vae_candidate_000254	sequence_vae	models/generator/sequence_vae/member_a_v1_seed42/best.pt	d2801a2a130928739f44f9726bcb5bbd7be229fadfe2f05fba5d0f6cc87debdf	member_a_v1_conservative_provisional	28e2c439d1946a789cb3a3812d4c54f1cce0502dbfa9429d77c238425b501f30	4664cb809825b7023ad6a8a90b9492f757446b7b97890595c397504646aa55d4	42	253	1.0	0	1.0	253	81	true	false	eos	80	67c1ca4fabb1751bf1244aa86f3ff83df0c6b2ee14f1d5a6eff5a2eed2985499
vae_candidate_000255	sequence_vae	models/generator/sequence_vae/member_a_v1_seed42/best.pt	d2801a2a130928739f44f9726bcb5bbd7be229fadfe2f05fba5d0f6cc87debdf	member_a_v1_conservative_provisional	28e2c439d1946a789cb3a3812d4c54f1cce0502dbfa9429d77c238425b501f30	4664cb809825b7023ad6a8a90b9492f757446b7b97890595c397504646aa55d4	42	254	1.0	0	1.0	254	139	true	false	eos	138	bc9d3d5d3cbee06adcb75e74314505f3181375b15136bb3464226a2197b248e1
vae_candidate_000256	sequence_vae	models/generator/sequence_vae/member_a_v1_seed42/best.pt	d2801a2a130928739f44f9726bcb5bbd7be229fadfe2f05fba5d0f6cc87debdf	member_a_v1_conservative_provisional	28e2c439d1946a789cb3a3812d4c54f1cce0502dbfa9429d77c238425b501f30	4664cb809825b7023ad6a8a90b9492f757446b7b97890595c397504646aa55d4	42	255	1.0	0	1.0	255	79	true	false	eos	78	00cabd820c7c24b9bec725e1bb987525ab5a50a89a03fcfd24ecc6608ed0836a
vae_candidate_000257	sequence_vae	models/generator/sequence_vae/member_a_v1_seed42/best.pt	d2801a2a130928739f44f9726bcb5bbd7be229fadfe2f05fba5d0f6cc87debdf	member_a_v1_conservative_provisional	28e2c439d1946a789cb3a3812d4c54f1cce0502dbfa9429d77c238425b501f30	4664cb809825b7023ad6a8a90b9492f757446b7b97890595c397504646aa55d4	42	256	1.0	0	1.0	256	89	true	false	eos	88	651897496a02dea2beed208be00fb4184852adde17e7b7d5fa5c8539fc729fa0
vae_candidate_000258	sequence_vae	models/generator/sequence_vae/member_a_v1_seed42/best.pt	d2801a2a130928739f44f9726bcb5bbd7be229fadfe2f05fba5d0f6cc87debdf	member_a_v1_conservative_provisional	28e2c439d1946a789cb3a3812d4c54f1cce0502dbfa9429d77c238425b501f30	4664cb809825b7023ad6a8a90b9492f757446b7b97890595c397504646aa55d4	42	257	1.0	0	1.0	257	94	true	false	eos	93	932733987db54efa80640d64fe5c17ef188eb743bfc73ba2fdbe60c8a2e7d80d
vae_candidate_000259	sequence_vae	models/generator/sequence_vae/member_a_v1_seed42/best.pt	d2801a2a130928739f44f9726bcb5bbd7be229fadfe2f05fba5d0f6cc87debdf	member_a_v1_conservative_provisional	28e2c439d1946a789cb3a3812d4c54f1cce0502dbfa9429d77c238425b501f30	4664cb809825b7023ad6a8a90b9492f757446b7b97890595c397504646aa55d4	42	258	1.0	0	1.0	258	54	true	false	eos	53	240262276737733c526236bc06280588da4f043abfa99d9bf8e73454bfec646b
vae_candidate_000260	sequence_vae	models/generator/sequence_vae/member_a_v1_seed42/best.pt	d2801a2a130928739f44f9726bcb5bbd7be229fadfe2f05fba5d0f6cc87debdf	member_a_v1_conservative_provisional	28e2c439d1946a789cb3a3812d4c54f1cce0502dbfa9429d77c238425b501f30	4664cb809825b7023ad6a8a90b9492f757446b7b97890595c397504646aa55d4	42	259	1.0	0	1.0	259	110	true	false	eos	109	61e64824b2a4ab597bf0f287946ca92fe261d576d7ea7c69ca70c3ece936fa89
vae_candidate_000261	sequence_vae	models/generator/sequence_vae/member_a_v1_seed42/best.pt	d2801a2a130928739f44f9726bcb5bbd7be229fadfe2f05fba5d0f6cc87debdf	member_a_v1_conservative_provisional	28e2c439d1946a789cb3a3812d4c54f1cce0502dbfa9429d77c238425b501f30	4664cb809825b7023ad6a8a90b9492f757446b7b97890595c397504646aa55d4	42	260	1.0	0	1.0	260	65	true	false	eos	64	1aaf49254d82c4f7f5034f250fa27112cfcf479360b8d990ff7d441f2ac7b6b3
vae_candidate_000262	sequence_vae	models/generator/sequence_vae/member_a_v1_seed42/best.pt	d2801a2a130928739f44f9726bcb5bbd7be229fadfe2f05fba5d0f6cc87debdf	member_a_v1_conservative_provisional	28e2c439d1946a789cb3a3812d4c54f1cce0502dbfa9429d77c238425b501f30	4664cb809825b7023ad6a8a90b9492f757446b7b97890595c397504646aa55d4	42	261	1.0	0	1.0	261	130	true	false	eos	129	14edc0779ef70fb49778bf06ac573a34f7c59f6f2ff7add50e4d6610c9fa7ea9
vae_candidate_000263	sequence_vae	models/generator/sequence_vae/member_a_v1_seed42/best.pt	d2801a2a130928739f44f9726bcb5bbd7be229fadfe2f05fba5d0f6cc87debdf	member_a_v1_conservative_provisional	28e2c439d1946a789cb3a3812d4c54f1cce0502dbfa9429d77c238425b501f30	4664cb809825b7023ad6a8a90b9492f757446b7b97890595c397504646aa55d4	42	262	1.0	0	1.0	262	119	true	false	eos	118	1bbd68fd797ea9e9ec1b37c81860e465db163ea4a7ded3d668c2a148cdb166a5
vae_candidate_000264	sequence_vae	models/generator/sequence_vae/member_a_v1_seed42/best.pt	d2801a2a130928739f44f9726bcb5bbd7be229fadfe2f05fba5d0f6cc87debdf	member_a_v1_conservative_provisional	28e2c439d1946a789cb3a3812d4c54f1cce0502dbfa9429d77c238425b501f30	4664cb809825b7023ad6a8a90b9492f757446b7b97890595c397504646aa55d4	42	263	1.0	0	1.0	263	111	true	false	eos	110	772b84d8a51a0148e4bf4d958846857d7b9ed316ca47d646ee8d704cc67f0cd5
vae_candidate_000265	sequence_vae	models/generator/sequence_vae/member_a_v1_seed42/best.pt	d2801a2a130928739f44f9726bcb5bbd7be229fadfe2f05fba5d0f6cc87debdf	member_a_v1_conservative_provisional	28e2c439d1946a789cb3a3812d4c54f1cce0502dbfa9429d77c238425b501f30	4664cb809825b7023ad6a8a90b9492f757446b7b97890595c397504646aa55d4	42	264	1.0	0	1.0	264	104	true	false	eos	103	1bd0eabcd8bccc8ef39f821d207662d71552e76775a5ac2e9cd1b4254434ce9c
vae_candidate_000266	sequence_vae	models/generator/sequence_vae/member_a_v1_seed42/best.pt	d2801a2a130928739f44f9726bcb5bbd7be229fadfe2f05fba5d0f6cc87debdf	member_a_v1_conservative_provisional	28e2c439d1946a789cb3a3812d4c54f1cce0502dbfa9429d77c238425b501f30	4664cb809825b7023ad6a8a90b9492f757446b7b97890595c397504646aa55d4	42	265	1.0	0	1.0	265	90	true	false	eos	89	a75b29a76a04ecab3fba07578eaa4b23985145277315db9d98ccbfbf98ebbf8f
vae_candidate_000267	sequence_vae	models/generator/sequence_vae/member_a_v1_seed42/best.pt	d2801a2a130928739f44f9726bcb5bbd7be229fadfe2f05fba5d0f6cc87debdf	member_a_v1_conservative_provisional	28e2c439d1946a789cb3a3812d4c54f1cce0502dbfa9429d77c238425b501f30	4664cb809825b7023ad6a8a90b9492f757446b7b97890595c397504646aa55d4	42	266	1.0	0	1.0	266	91	true	false	eos	90	091be3a170f7af58e8c377dbcfb5fb9cda3fbebf6eaeb16a5aab4eaddf1c4722
vae_candidate_000268	sequence_vae	models/generator/sequence_vae/member_a_v1_seed42/best.pt	d2801a2a130928739f44f9726bcb5bbd7be229fadfe2f05fba5d0f6cc87debdf	member_a_v1_conservative_provisional	28e2c439d1946a789cb3a3812d4c54f1cce0502dbfa9429d77c238425b501f30	4664cb809825b7023ad6a8a90b9492f757446b7b97890595c397504646aa55d4	42	267	1.0	0	1.0	267	70	true	false	eos	69	4b877816f3944643def0663c6d818c0aee339ff28a03a30b7c209d138e47794e
vae_candidate_000269	sequence_vae	models/generator/sequence_vae/member_a_v1_seed42/best.pt	d2801a2a130928739f44f9726bcb5bbd7be229fadfe2f05fba5d0f6cc87debdf	member_a_v1_conservative_provisional	28e2c439d1946a789cb3a3812d4c54f1cce0502dbfa9429d77c238425b501f30	4664cb809825b7023ad6a8a90b9492f757446b7b97890595c397504646aa55d4	42	268	1.0	0	1.0	268	118	true	false	eos	117	99241e2ebdc60376bc8a391dcec7558c66374393941c554e762e4d3606e90c67
vae_candidate_000270	sequence_vae	models/generator/sequence_vae/member_a_v1_seed42/best.pt	d2801a2a130928739f44f9726bcb5bbd7be229fadfe2f05fba5d0f6cc87debdf	member_a_v1_conservative_provisional	28e2c439d1946a789cb3a3812d4c54f1cce0502dbfa9429d77c238425b501f30	4664cb809825b7023ad6a8a90b9492f757446b7b97890595c397504646aa55d4	42	269	1.0	0	1.0	269	93	true	false	eos	92	2decb12f98c155ef1586cdbe8251cb0c5579eec888253e9760943e467f50e74e
vae_candidate_000271	sequence_vae	models/generator/sequence_vae/member_a_v1_seed42/best.pt	d2801a2a130928739f44f9726bcb5bbd7be229fadfe2f05fba5d0f6cc87debdf	member_a_v1_conservative_provisional	28e2c439d1946a789cb3a3812d4c54f1cce0502dbfa9429d77c238425b501f30	4664cb809825b7023ad6a8a90b9492f757446b7b97890595c397504646aa55d4	42	270	1.0	0	1.0	270	96	true	false	eos	95	6122957112e0829c1e55791407cfeadb27a6fed2d3ab009d675667ca99232d19
vae_candidate_000272	sequence_vae	models/generator/sequence_vae/member_a_v1_seed42/best.pt	d2801a2a130928739f44f9726bcb5bbd7be229fadfe2f05fba5d0f6cc87debdf	member_a_v1_conservative_provisional	28e2c439d1946a789cb3a3812d4c54f1cce0502dbfa9429d77c238425b501f30	4664cb809825b7023ad6a8a90b9492f757446b7b97890595c397504646aa55d4	42	271	1.0	0	1.0	271	128	true	false	eos	127	bba28678e3f01c6b6464834a73c7d9745718a427e0563286118a7e5d494b2ccd
vae_candidate_000273	sequence_vae	models/generator/sequence_vae/member_a_v1_seed42/best.pt	d2801a2a130928739f44f9726bcb5bbd7be229fadfe2f05fba5d0f6cc87debdf	member_a_v1_conservative_provisional	28e2c439d1946a789cb3a3812d4c54f1cce0502dbfa9429d77c238425b501f30	4664cb809825b7023ad6a8a90b9492f757446b7b97890595c397504646aa55d4	42	272	1.0	0	1.0	272	109	true	false	eos	108	41e41debd25c9f2c326130cd95054218c4fb0cc32dd820facca61d69eb0ca19f
vae_candidate_000274	sequence_vae	models/generator/sequence_vae/member_a_v1_seed42/best.pt	d2801a2a130928739f44f9726bcb5bbd7be229fadfe2f05fba5d0f6cc87debdf	member_a_v1_conservative_provisional	28e2c439d1946a789cb3a3812d4c54f1cce0502dbfa9429d77c238425b501f30	4664cb809825b7023ad6a8a90b9492f757446b7b97890595c397504646aa55d4	42	273	1.0	0	1.0	273	180	false	true	length_cap	180	94a469d25e7c6cf5c1ea6b8102c217a0ddaa427b37ab64920e43bc11d3e398e3
vae_candidate_000275	sequence_vae	models/generator/sequence_vae/member_a_v1_seed42/best.pt	d2801a2a130928739f44f9726bcb5bbd7be229fadfe2f05fba5d0f6cc87debdf	member_a_v1_conservative_provisional	28e2c439d1946a789cb3a3812d4c54f1cce0502dbfa9429d77c238425b501f30	4664cb809825b7023ad6a8a90b9492f757446b7b97890595c397504646aa55d4	42	274	1.0	0	1.0	274	60	true	false	eos	59	cc9079c777511d4e297d2658f6897a48c8341ced9de387b970e41c44c7a5429b
vae_candidate_000276	sequence_vae	models/generator/sequence_vae/member_a_v1_seed42/best.pt	d2801a2a130928739f44f9726bcb5bbd7be229fadfe2f05fba5d0f6cc87debdf	member_a_v1_conservative_provisional	28e2c439d1946a789cb3a3812d4c54f1cce0502dbfa9429d77c238425b501f30	4664cb809825b7023ad6a8a90b9492f757446b7b97890595c397504646aa55d4	42	275	1.0	0	1.0	275	87	true	false	eos	86	c5178b1b92e411adc9fc052974e735f979937e0795e7719db2fddbacbc5b7919
vae_candidate_000277	sequence_vae	models/generator/sequence_vae/member_a_v1_seed42/best.pt	d2801a2a130928739f44f9726bcb5bbd7be229fadfe2f05fba5d0f6cc87debdf	member_a_v1_conservative_provisional	28e2c439d1946a789cb3a3812d4c54f1cce0502dbfa9429d77c238425b501f30	4664cb809825b7023ad6a8a90b9492f757446b7b97890595c397504646aa55d4	42	276	1.0	0	1.0	276	112	true	false	eos	111	31a8039a5977ab4eefb9ae24343b01db21a5c90c6ddf13e2e2f9afc276c69095
vae_candidate_000278	sequence_vae	models/generator/sequence_vae/member_a_v1_seed42/best.pt	d2801a2a130928739f44f9726bcb5bbd7be229fadfe2f05fba5d0f6cc87debdf	member_a_v1_conservative_provisional	28e2c439d1946a789cb3a3812d4c54f1cce0502dbfa9429d77c238425b501f30	4664cb809825b7023ad6a8a90b9492f757446b7b97890595c397504646aa55d4	42	277	1.0	0	1.0	277	88	true	false	eos	87	01044d295ecd25d4e00059358abd4599208729014b03128d2e355ee86e1594da
vae_candidate_000279	sequence_vae	models/generator/sequence_vae/member_a_v1_seed42/best.pt	d2801a2a130928739f44f9726bcb5bbd7be229fadfe2f05fba5d0f6cc87debdf	member_a_v1_conservative_provisional	28e2c439d1946a789cb3a3812d4c54f1cce0502dbfa9429d77c238425b501f30	4664cb809825b7023ad6a8a90b9492f757446b7b97890595c397504646aa55d4	42	278	1.0	0	1.0	278	68	true	false	eos	67	d0402802c467e4c43d7e4f398fd727e7cc0169e854517dc68e00f85e11146127
vae_candidate_000280	sequence_vae	models/generator/sequence_vae/member_a_v1_seed42/best.pt	d2801a2a130928739f44f9726bcb5bbd7be229fadfe2f05fba5d0f6cc87debdf	member_a_v1_conservative_provisional	28e2c439d1946a789cb3a3812d4c54f1cce0502dbfa9429d77c238425b501f30	4664cb809825b7023ad6a8a90b9492f757446b7b97890595c397504646aa55d4	42	279	1.0	0	1.0	279	78	true	false	eos	77	ea441a2e1e24010d1ef435a40568b72702b9cca4a932271d9b2e70e57667c820
vae_candidate_000281	sequence_vae	models/generator/sequence_vae/member_a_v1_seed42/best.pt	d2801a2a130928739f44f9726bcb5bbd7be229fadfe2f05fba5d0f6cc87debdf	member_a_v1_conservative_provisional	28e2c439d1946a789cb3a3812d4c54f1cce0502dbfa9429d77c238425b501f30	4664cb809825b7023ad6a8a90b9492f757446b7b97890595c397504646aa55d4	42	280	1.0	0	1.0	280	76	true	false	eos	75	bfbf7d839069bb607fb7aaf829d088b210273a4949a3653facd3bf2017380964
vae_candidate_000282	sequence_vae	models/generator/sequence_vae/member_a_v1_seed42/best.pt	d2801a2a130928739f44f9726bcb5bbd7be229fadfe2f05fba5d0f6cc87debdf	member_a_v1_conservative_provisional	28e2c439d1946a789cb3a3812d4c54f1cce0502dbfa9429d77c238425b501f30	4664cb809825b7023ad6a8a90b9492f757446b7b97890595c397504646aa55d4	42	281	1.0	0	1.0	281	107	true	false	eos	106	93dc9ddf3d595b41dd4a8b33b65e3918c5876c01a0ddc3ad68b3d89592ba8294
vae_candidate_000283	sequence_vae	models/generator/sequence_vae/member_a_v1_seed42/best.pt	d2801a2a130928739f44f9726bcb5bbd7be229fadfe2f05fba5d0f6cc87debdf	member_a_v1_conservative_provisional	28e2c439d1946a789cb3a3812d4c54f1cce0502dbfa9429d77c238425b501f30	4664cb809825b7023ad6a8a90b9492f757446b7b97890595c397504646aa55d4	42	282	1.0	0	1.0	282	103	true	false	eos	102	0b833d0ebed5a24e65401f78c587f2be5605d7d22cab27e662c1ab3e12220488
vae_candidate_000284	sequence_vae	models/generator/sequence_vae/member_a_v1_seed42/best.pt	d2801a2a130928739f44f9726bcb5bbd7be229fadfe2f05fba5d0f6cc87debdf	member_a_v1_conservative_provisional	28e2c439d1946a789cb3a3812d4c54f1cce0502dbfa9429d77c238425b501f30	4664cb809825b7023ad6a8a90b9492f757446b7b97890595c397504646aa55d4	42	283	1.0	0	1.0	283	92	true	false	eos	91	a90dd89dbe7a7eb7d54552120ad00e94cee22b762d685da9428d8d02ec41ffbe
vae_candidate_000285	sequence_vae	models/generator/sequence_vae/member_a_v1_seed42/best.pt	d2801a2a130928739f44f9726bcb5bbd7be229fadfe2f05fba5d0f6cc87debdf	member_a_v1_conservative_provisional	28e2c439d1946a789cb3a3812d4c54f1cce0502dbfa9429d77c238425b501f30	4664cb809825b7023ad6a8a90b9492f757446b7b97890595c397504646aa55d4	42	284	1.0	0	1.0	284	93	true	false	eos	92	492b4cfb3e292b64f5e462166219848f73c910256f5f838912295aed310540b0
vae_candidate_000286	sequence_vae	models/generator/sequence_vae/member_a_v1_seed42/best.pt	d2801a2a130928739f44f9726bcb5bbd7be229fadfe2f05fba5d0f6cc87debdf	member_a_v1_conservative_provisional	28e2c439d1946a789cb3a3812d4c54f1cce0502dbfa9429d77c238425b501f30	4664cb809825b7023ad6a8a90b9492f757446b7b97890595c397504646aa55d4	42	285	1.0	0	1.0	285	115	true	false	eos	114	8a3a1ab211b4b1f2cb4855f37efc2543b7fcb7db3a0e241c672c496f955277a5
vae_candidate_000287	sequence_vae	models/generator/sequence_vae/member_a_v1_seed42/best.pt	d2801a2a130928739f44f9726bcb5bbd7be229fadfe2f05fba5d0f6cc87debdf	member_a_v1_conservative_provisional	28e2c439d1946a789cb3a3812d4c54f1cce0502dbfa9429d77c238425b501f30	4664cb809825b7023ad6a8a90b9492f757446b7b97890595c397504646aa55d4	42	286	1.0	0	1.0	286	56	true	false	eos	55	4ca79c1200ea4da76d28a74fcaf0460b8b154dc5366d3c82eb33035fda8bb5ae
vae_candidate_000288	sequence_vae	models/generator/sequence_vae/member_a_v1_seed42/best.pt	d2801a2a130928739f44f9726bcb5bbd7be229fadfe2f05fba5d0f6cc87debdf	member_a_v1_conservative_provisional	28e2c439d1946a789cb3a3812d4c54f1cce0502dbfa9429d77c238425b501f30	4664cb809825b7023ad6a8a90b9492f757446b7b97890595c397504646aa55d4	42	287	1.0	0	1.0	287	115	true	false	eos	114	691538e7f8c9abb2329f464828433e0c2c32e0fb6ae5a454cfc4c97fbee58c0a
vae_candidate_000289	sequence_vae	models/generator/sequence_vae/member_a_v1_seed42/best.pt	d2801a2a130928739f44f9726bcb5bbd7be229fadfe2f05fba5d0f6cc87debdf	member_a_v1_conservative_provisional	28e2c439d1946a789cb3a3812d4c54f1cce0502dbfa9429d77c238425b501f30	4664cb809825b7023ad6a8a90b9492f757446b7b97890595c397504646aa55d4	42	288	1.0	0	1.0	288	80	true	false	eos	79	013f1253934d8f573205206882ba346b7a7605068d7b6ffb7029f1ab236a4524
vae_candidate_000290	sequence_vae	models/generator/sequence_vae/member_a_v1_seed42/best.pt	d2801a2a130928739f44f9726bcb5bbd7be229fadfe2f05fba5d0f6cc87debdf	member_a_v1_conservative_provisional	28e2c439d1946a789cb3a3812d4c54f1cce0502dbfa9429d77c238425b501f30	4664cb809825b7023ad6a8a90b9492f757446b7b97890595c397504646aa55d4	42	289	1.0	0	1.0	289	91	true	false	eos	90	2642f6e97f6ecbda62695d39e65525df949740d6d66e383ed74c868dfbf75f6c
vae_candidate_000291	sequence_vae	models/generator/sequence_vae/member_a_v1_seed42/best.pt	d2801a2a130928739f44f9726bcb5bbd7be229fadfe2f05fba5d0f6cc87debdf	member_a_v1_conservative_provisional	28e2c439d1946a789cb3a3812d4c54f1cce0502dbfa9429d77c238425b501f30	4664cb809825b7023ad6a8a90b9492f757446b7b97890595c397504646aa55d4	42	290	1.0	0	1.0	290	139	true	false	eos	138	bbef997c741a578122dd933911da6c39474e9018c909a6b0c18974d207bcad9b
vae_candidate_000292	sequence_vae	models/generator/sequence_vae/member_a_v1_seed42/best.pt	d2801a2a130928739f44f9726bcb5bbd7be229fadfe2f05fba5d0f6cc87debdf	member_a_v1_conservative_provisional	28e2c439d1946a789cb3a3812d4c54f1cce0502dbfa9429d77c238425b501f30	4664cb809825b7023ad6a8a90b9492f757446b7b97890595c397504646aa55d4	42	291	1.0	0	1.0	291	82	true	false	eos	81	83aa992ec993137cd9cf19004453d68ddb67b98b52d1d0e78b05083e7ab087a3
vae_candidate_000293	sequence_vae	models/generator/sequence_vae/member_a_v1_seed42/best.pt	d2801a2a130928739f44f9726bcb5bbd7be229fadfe2f05fba5d0f6cc87debdf	member_a_v1_conservative_provisional	28e2c439d1946a789cb3a3812d4c54f1cce0502dbfa9429d77c238425b501f30	4664cb809825b7023ad6a8a90b9492f757446b7b97890595c397504646aa55d4	42	292	1.0	0	1.0	292	94	true	false	eos	93	e378e39a5f14218d620501146ccf0022981178fa3ff20a042b5b8a40da2da235
vae_candidate_000294	sequence_vae	models/generator/sequence_vae/member_a_v1_seed42/best.pt	d2801a2a130928739f44f9726bcb5bbd7be229fadfe2f05fba5d0f6cc87debdf	member_a_v1_conservative_provisional	28e2c439d1946a789cb3a3812d4c54f1cce0502dbfa9429d77c238425b501f30	4664cb809825b7023ad6a8a90b9492f757446b7b97890595c397504646aa55d4	42	293	1.0	0	1.0	293	111	true	false	eos	110	562aa9306d81c5e27eac468e0f93ab271803958e8d8eefa93c0d0dc32ea44134
vae_candidate_000295	sequence_vae	models/generator/sequence_vae/member_a_v1_seed42/best.pt	d2801a2a130928739f44f9726bcb5bbd7be229fadfe2f05fba5d0f6cc87debdf	member_a_v1_conservative_provisional	28e2c439d1946a789cb3a3812d4c54f1cce0502dbfa9429d77c238425b501f30	4664cb809825b7023ad6a8a90b9492f757446b7b97890595c397504646aa55d4	42	294	1.0	0	1.0	294	88	true	false	eos	87	909c35e063354b4fb505f6fc605e07c5bcebfef4d2dd77380164e3359d8fb6e0
vae_candidate_000296	sequence_vae	models/generator/sequence_vae/member_a_v1_seed42/best.pt	d2801a2a130928739f44f9726bcb5bbd7be229fadfe2f05fba5d0f6cc87debdf	member_a_v1_conservative_provisional	28e2c439d1946a789cb3a3812d4c54f1cce0502dbfa9429d77c238425b501f30	4664cb809825b7023ad6a8a90b9492f757446b7b97890595c397504646aa55d4	42	295	1.0	0	1.0	295	92	true	false	eos	91	d461d032d0ebfb21f0ed500a237d8fcf0aa5096396d45aca58368b09acc545ff
vae_candidate_000297	sequence_vae	models/generator/sequence_vae/member_a_v1_seed42/best.pt	d2801a2a130928739f44f9726bcb5bbd7be229fadfe2f05fba5d0f6cc87debdf	member_a_v1_conservative_provisional	28e2c439d1946a789cb3a3812d4c54f1cce0502dbfa9429d77c238425b501f30	4664cb809825b7023ad6a8a90b9492f757446b7b97890595c397504646aa55d4	42	296	1.0	0	1.0	296	63	true	false	eos	62	aa7d8fc13dd5fc6f9bc3608ee4ba2dcea5924256cd8154384d4a66d7a12175bc
vae_candidate_000298	sequence_vae	models/generator/sequence_vae/member_a_v1_seed42/best.pt	d2801a2a130928739f44f9726bcb5bbd7be229fadfe2f05fba5d0f6cc87debdf	member_a_v1_conservative_provisional	28e2c439d1946a789cb3a3812d4c54f1cce0502dbfa9429d77c238425b501f30	4664cb809825b7023ad6a8a90b9492f757446b7b97890595c397504646aa55d4	42	297	1.0	0	1.0	297	80	true	false	eos	79	6c7c11f82e4819178dff261c38f14c9e1b9695c59733414d29b0daecf86a967a
vae_candidate_000299	sequence_vae	models/generator/sequence_vae/member_a_v1_seed42/best.pt	d2801a2a130928739f44f9726bcb5bbd7be229fadfe2f05fba5d0f6cc87debdf	member_a_v1_conservative_provisional	28e2c439d1946a789cb3a3812d4c54f1cce0502dbfa9429d77c238425b501f30	4664cb809825b7023ad6a8a90b9492f757446b7b97890595c397504646aa55d4	42	298	1.0	0	1.0	298	122	true	false	eos	121	4904c593f8ed9ef59f14d6db076418d2908aa412a70a1766447cd614295b8070
vae_candidate_000300	sequence_vae	models/generator/sequence_vae/member_a_v1_seed42/best.pt	d2801a2a130928739f44f9726bcb5bbd7be229fadfe2f05fba5d0f6cc87debdf	member_a_v1_conservative_provisional	28e2c439d1946a789cb3a3812d4c54f1cce0502dbfa9429d77c238425b501f30	4664cb809825b7023ad6a8a90b9492f757446b7b97890595c397504646aa55d4	42	299	1.0	0	1.0	299	131	true	false	eos	130	23bc0a607dd30a2bf9547602dfb2848aaf256e3c0ec5336d4ddb4aafecd7a7aa
vae_candidate_000301	sequence_vae	models/generator/sequence_vae/member_a_v1_seed42/best.pt	d2801a2a130928739f44f9726bcb5bbd7be229fadfe2f05fba5d0f6cc87debdf	member_a_v1_conservative_provisional	28e2c439d1946a789cb3a3812d4c54f1cce0502dbfa9429d77c238425b501f30	4664cb809825b7023ad6a8a90b9492f757446b7b97890595c397504646aa55d4	42	300	1.0	0	1.0	300	118	true	false	eos	117	0783e5e1d8c55b50d63ee39293f5000174cf7c943797e53fb56e423adb2a3fab
vae_candidate_000302	sequence_vae	models/generator/sequence_vae/member_a_v1_seed42/best.pt	d2801a2a130928739f44f9726bcb5bbd7be229fadfe2f05fba5d0f6cc87debdf	member_a_v1_conservative_provisional	28e2c439d1946a789cb3a3812d4c54f1cce0502dbfa9429d77c238425b501f30	4664cb809825b7023ad6a8a90b9492f757446b7b97890595c397504646aa55d4	42	301	1.0	0	1.0	301	65	true	false	eos	64	73a588b1b82bb8192c1a89d0442c6430482a377ba61023a924d72c3898ad2f14
vae_candidate_000303	sequence_vae	models/generator/sequence_vae/member_a_v1_seed42/best.pt	d2801a2a130928739f44f9726bcb5bbd7be229fadfe2f05fba5d0f6cc87debdf	member_a_v1_conservative_provisional	28e2c439d1946a789cb3a3812d4c54f1cce0502dbfa9429d77c238425b501f30	4664cb809825b7023ad6a8a90b9492f757446b7b97890595c397504646aa55d4	42	302	1.0	0	1.0	302	109	true	false	eos	108	b300e5a5483a606d6864a29e3287e7b3ba6d84feaacbf8b02b90ee548fde4f46
vae_candidate_000304	sequence_vae	models/generator/sequence_vae/member_a_v1_seed42/best.pt	d2801a2a130928739f44f9726bcb5bbd7be229fadfe2f05fba5d0f6cc87debdf	member_a_v1_conservative_provisional	28e2c439d1946a789cb3a3812d4c54f1cce0502dbfa9429d77c238425b501f30	4664cb809825b7023ad6a8a90b9492f757446b7b97890595c397504646aa55d4	42	303	1.0	0	1.0	303	137	true	false	eos	136	a0506f441cb98e208530a07a7053f61d209824eba2cdd34f6bbe983b927c58aa
vae_candidate_000305	sequence_vae	models/generator/sequence_vae/member_a_v1_seed42/best.pt	d2801a2a130928739f44f9726bcb5bbd7be229fadfe2f05fba5d0f6cc87debdf	member_a_v1_conservative_provisional	28e2c439d1946a789cb3a3812d4c54f1cce0502dbfa9429d77c238425b501f30	4664cb809825b7023ad6a8a90b9492f757446b7b97890595c397504646aa55d4	42	304	1.0	0	1.0	304	81	true	false	eos	80	feed0894fe77ba3c53a6239584f8e0133cbe145e554aa00fbd5b0cf5a6a03369
vae_candidate_000306	sequence_vae	models/generator/sequence_vae/member_a_v1_seed42/best.pt	d2801a2a130928739f44f9726bcb5bbd7be229fadfe2f05fba5d0f6cc87debdf	member_a_v1_conservative_provisional	28e2c439d1946a789cb3a3812d4c54f1cce0502dbfa9429d77c238425b501f30	4664cb809825b7023ad6a8a90b9492f757446b7b97890595c397504646aa55d4	42	305	1.0	0	1.0	305	130	true	false	eos	129	ef7e2918db0b75bcb7b1b6ad58c111213dad267f31a1f0bee4e9b2b999656212
vae_candidate_000307	sequence_vae	models/generator/sequence_vae/member_a_v1_seed42/best.pt	d2801a2a130928739f44f9726bcb5bbd7be229fadfe2f05fba5d0f6cc87debdf	member_a_v1_conservative_provisional	28e2c439d1946a789cb3a3812d4c54f1cce0502dbfa9429d77c238425b501f30	4664cb809825b7023ad6a8a90b9492f757446b7b97890595c397504646aa55d4	42	306	1.0	0	1.0	306	97	true	false	eos	96	8520393a67239af4ea7091e8302b08d3c3e0a1b63e38fb805ca07297b4855576
vae_candidate_000308	sequence_vae	models/generator/sequence_vae/member_a_v1_seed42/best.pt	d2801a2a130928739f44f9726bcb5bbd7be229fadfe2f05fba5d0f6cc87debdf	member_a_v1_conservative_provisional	28e2c439d1946a789cb3a3812d4c54f1cce0502dbfa9429d77c238425b501f30	4664cb809825b7023ad6a8a90b9492f757446b7b97890595c397504646aa55d4	42	307	1.0	0	1.0	307	112	true	false	eos	111	78549212086dc30c38ac892ac76656099b7c619ccc4ff57ebb549f9c949879b0
vae_candidate_000309	sequence_vae	models/generator/sequence_vae/member_a_v1_seed42/best.pt	d2801a2a130928739f44f9726bcb5bbd7be229fadfe2f05fba5d0f6cc87debdf	member_a_v1_conservative_provisional	28e2c439d1946a789cb3a3812d4c54f1cce0502dbfa9429d77c238425b501f30	4664cb809825b7023ad6a8a90b9492f757446b7b97890595c397504646aa55d4	42	308	1.0	0	1.0	308	118	true	false	eos	117	a394ea6c509f7184432b7c5827f11062b565568f323109f5556698874e3a771b
vae_candidate_000310	sequence_vae	models/generator/sequence_vae/member_a_v1_seed42/best.pt	d2801a2a130928739f44f9726bcb5bbd7be229fadfe2f05fba5d0f6cc87debdf	member_a_v1_conservative_provisional	28e2c439d1946a789cb3a3812d4c54f1cce0502dbfa9429d77c238425b501f30	4664cb809825b7023ad6a8a90b9492f757446b7b97890595c397504646aa55d4	42	309	1.0	0	1.0	309	77	true	false	eos	76	c629c741c53e83bf9ab92bb7e9878f31af49ac546678edcab5bfc777cd7aeffd
vae_candidate_000311	sequence_vae	models/generator/sequence_vae/member_a_v1_seed42/best.pt	d2801a2a130928739f44f9726bcb5bbd7be229fadfe2f05fba5d0f6cc87debdf	member_a_v1_conservative_provisional	28e2c439d1946a789cb3a3812d4c54f1cce0502dbfa9429d77c238425b501f30	4664cb809825b7023ad6a8a90b9492f757446b7b97890595c397504646aa55d4	42	310	1.0	0	1.0	310	72	true	false	eos	71	07b9b86c5e61bee975ef757b51ff2ce87dbcacdf5bae9785eec770777565d23b
vae_candidate_000312	sequence_vae	models/generator/sequence_vae/member_a_v1_seed42/best.pt	d2801a2a130928739f44f9726bcb5bbd7be229fadfe2f05fba5d0f6cc87debdf	member_a_v1_conservative_provisional	28e2c439d1946a789cb3a3812d4c54f1cce0502dbfa9429d77c238425b501f30	4664cb809825b7023ad6a8a90b9492f757446b7b97890595c397504646aa55d4	42	311	1.0	0	1.0	311	75	true	false	eos	74	150e742f57b0f111876dca134fc899c199a3b946639aad423394034e3bd9e006
vae_candidate_000313	sequence_vae	models/generator/sequence_vae/member_a_v1_seed42/best.pt	d2801a2a130928739f44f9726bcb5bbd7be229fadfe2f05fba5d0f6cc87debdf	member_a_v1_conservative_provisional	28e2c439d1946a789cb3a3812d4c54f1cce0502dbfa9429d77c238425b501f30	4664cb809825b7023ad6a8a90b9492f757446b7b97890595c397504646aa55d4	42	312	1.0	0	1.0	312	86	true	false	eos	85	e20c28c29210b73960c515a3de504ed030457f3548170330e3892146513194ee
vae_candidate_000314	sequence_vae	models/generator/sequence_vae/member_a_v1_seed42/best.pt	d2801a2a130928739f44f9726bcb5bbd7be229fadfe2f05fba5d0f6cc87debdf	member_a_v1_conservative_provisional	28e2c439d1946a789cb3a3812d4c54f1cce0502dbfa9429d77c238425b501f30	4664cb809825b7023ad6a8a90b9492f757446b7b97890595c397504646aa55d4	42	313	1.0	0	1.0	313	98	true	false	eos	97	372cebfd14f2b4853f97712ef5d84e6ff244e0696f5c599b1dd111c2f4e6d3a6
vae_candidate_000315	sequence_vae	models/generator/sequence_vae/member_a_v1_seed42/best.pt	d2801a2a130928739f44f9726bcb5bbd7be229fadfe2f05fba5d0f6cc87debdf	member_a_v1_conservative_provisional	28e2c439d1946a789cb3a3812d4c54f1cce0502dbfa9429d77c238425b501f30	4664cb809825b7023ad6a8a90b9492f757446b7b97890595c397504646aa55d4	42	314	1.0	0	1.0	314	85	true	false	eos	84	7653da7c932d351b94bca4529f6a95a238123b130160f2f3fe8698c2499290ad
vae_candidate_000316	sequence_vae	models/generator/sequence_vae/member_a_v1_seed42/best.pt	d2801a2a130928739f44f9726bcb5bbd7be229fadfe2f05fba5d0f6cc87debdf	member_a_v1_conservative_provisional	28e2c439d1946a789cb3a3812d4c54f1cce0502dbfa9429d77c238425b501f30	4664cb809825b7023ad6a8a90b9492f757446b7b97890595c397504646aa55d4	42	315	1.0	0	1.0	315	86	true	false	eos	85	7fcbb3f92fd5d911b205f86a36ea3b8fc22476fc42d653d514957af66b3d4cab
vae_candidate_000317	sequence_vae	models/generator/sequence_vae/member_a_v1_seed42/best.pt	d2801a2a130928739f44f9726bcb5bbd7be229fadfe2f05fba5d0f6cc87debdf	member_a_v1_conservative_provisional	28e2c439d1946a789cb3a3812d4c54f1cce0502dbfa9429d77c238425b501f30	4664cb809825b7023ad6a8a90b9492f757446b7b97890595c397504646aa55d4	42	316	1.0	0	1.0	316	117	true	false	eos	116	e512638eedad2e5ef04f70a47e5925b4e034ce5e23230f9640bc3de2916266e7
vae_candidate_000318	sequence_vae	models/generator/sequence_vae/member_a_v1_seed42/best.pt	d2801a2a130928739f44f9726bcb5bbd7be229fadfe2f05fba5d0f6cc87debdf	member_a_v1_conservative_provisional	28e2c439d1946a789cb3a3812d4c54f1cce0502dbfa9429d77c238425b501f30	4664cb809825b7023ad6a8a90b9492f757446b7b97890595c397504646aa55d4	42	317	1.0	0	1.0	317	78	true	false	eos	77	223362a650826c2dd95f99c91da6e42dff55c9bf9583ca2c33674284d36d58b1
vae_candidate_000319	sequence_vae	models/generator/sequence_vae/member_a_v1_seed42/best.pt	d2801a2a130928739f44f9726bcb5bbd7be229fadfe2f05fba5d0f6cc87debdf	member_a_v1_conservative_provisional	28e2c439d1946a789cb3a3812d4c54f1cce0502dbfa9429d77c238425b501f30	4664cb809825b7023ad6a8a90b9492f757446b7b97890595c397504646aa55d4	42	318	1.0	0	1.0	318	116	true	false	eos	115	4dfe6c68b85606eab7954a7635f8ece4a0b9c2ab0f8b55d195e21aa13abe0e2c
vae_candidate_000320	sequence_vae	models/generator/sequence_vae/member_a_v1_seed42/best.pt	d2801a2a130928739f44f9726bcb5bbd7be229fadfe2f05fba5d0f6cc87debdf	member_a_v1_conservative_provisional	28e2c439d1946a789cb3a3812d4c54f1cce0502dbfa9429d77c238425b501f30	4664cb809825b7023ad6a8a90b9492f757446b7b97890595c397504646aa55d4	42	319	1.0	0	1.0	319	115	true	false	eos	114	f8465627fb7c82fc496902e3f8a5425045bcd12c034be7664152a3eaf609e3b6
vae_candidate_000321	sequence_vae	models/generator/sequence_vae/member_a_v1_seed42/best.pt	d2801a2a130928739f44f9726bcb5bbd7be229fadfe2f05fba5d0f6cc87debdf	member_a_v1_conservative_provisional	28e2c439d1946a789cb3a3812d4c54f1cce0502dbfa9429d77c238425b501f30	4664cb809825b7023ad6a8a90b9492f757446b7b97890595c397504646aa55d4	42	320	1.0	0	1.0	320	53	true	false	eos	52	89cead32d622f279ea064aa5b4b8e8da9aee9d5ba5c9500a7e083826b03774c6
vae_candidate_000322	sequence_vae	models/generator/sequence_vae/member_a_v1_seed42/best.pt	d2801a2a130928739f44f9726bcb5bbd7be229fadfe2f05fba5d0f6cc87debdf	member_a_v1_conservative_provisional	28e2c439d1946a789cb3a3812d4c54f1cce0502dbfa9429d77c238425b501f30	4664cb809825b7023ad6a8a90b9492f757446b7b97890595c397504646aa55d4	42	321	1.0	0	1.0	321	93	true	false	eos	92	bf617e1234614df2440d1384a02e3c2b414596f15e4b5a59eb36ff73376403cc
vae_candidate_000323	sequence_vae	models/generator/sequence_vae/member_a_v1_seed42/best.pt	d2801a2a130928739f44f9726bcb5bbd7be229fadfe2f05fba5d0f6cc87debdf	member_a_v1_conservative_provisional	28e2c439d1946a789cb3a3812d4c54f1cce0502dbfa9429d77c238425b501f30	4664cb809825b7023ad6a8a90b9492f757446b7b97890595c397504646aa55d4	42	322	1.0	0	1.0	322	104	true	false	eos	103	f78454356738b928f9474d0625df5a90a7fc4c7bb128f7946596e8a9aae6c053
vae_candidate_000324	sequence_vae	models/generator/sequence_vae/member_a_v1_seed42/best.pt	d2801a2a130928739f44f9726bcb5bbd7be229fadfe2f05fba5d0f6cc87debdf	member_a_v1_conservative_provisional	28e2c439d1946a789cb3a3812d4c54f1cce0502dbfa9429d77c238425b501f30	4664cb809825b7023ad6a8a90b9492f757446b7b97890595c397504646aa55d4	42	323	1.0	0	1.0	323	64	true	false	eos	63	098f58647cfb7d638dcd1770f198f5d37de0636d5033be76f01043d13025633a
vae_candidate_000325	sequence_vae	models/generator/sequence_vae/member_a_v1_seed42/best.pt	d2801a2a130928739f44f9726bcb5bbd7be229fadfe2f05fba5d0f6cc87debdf	member_a_v1_conservative_provisional	28e2c439d1946a789cb3a3812d4c54f1cce0502dbfa9429d77c238425b501f30	4664cb809825b7023ad6a8a90b9492f757446b7b97890595c397504646aa55d4	42	324	1.0	0	1.0	324	58	true	false	eos	57	3833f9a7d63d33c831dc06ad69d59b27f9aaa18ab52eadb35b56e7aa2e74b3f3
vae_candidate_000326	sequence_vae	models/generator/sequence_vae/member_a_v1_seed42/best.pt	d2801a2a130928739f44f9726bcb5bbd7be229fadfe2f05fba5d0f6cc87debdf	member_a_v1_conservative_provisional	28e2c439d1946a789cb3a3812d4c54f1cce0502dbfa9429d77c238425b501f30	4664cb809825b7023ad6a8a90b9492f757446b7b97890595c397504646aa55d4	42	325	1.0	0	1.0	325	92	true	false	eos	91	df5bc789a357437d93954f2788ba6956f03fdc8c8867d8e38a35fce4cd6863d9
vae_candidate_000327	sequence_vae	models/generator/sequence_vae/member_a_v1_seed42/best.pt	d2801a2a130928739f44f9726bcb5bbd7be229fadfe2f05fba5d0f6cc87debdf	member_a_v1_conservative_provisional	28e2c439d1946a789cb3a3812d4c54f1cce0502dbfa9429d77c238425b501f30	4664cb809825b7023ad6a8a90b9492f757446b7b97890595c397504646aa55d4	42	326	1.0	0	1.0	326	97	true	false	eos	96	0216dce265bd39700b6de14cd15249dec76a239e24fc02e84fb2688b8f039a9f
vae_candidate_000328	sequence_vae	models/generator/sequence_vae/member_a_v1_seed42/best.pt	d2801a2a130928739f44f9726bcb5bbd7be229fadfe2f05fba5d0f6cc87debdf	member_a_v1_conservative_provisional	28e2c439d1946a789cb3a3812d4c54f1cce0502dbfa9429d77c238425b501f30	4664cb809825b7023ad6a8a90b9492f757446b7b97890595c397504646aa55d4	42	327	1.0	0	1.0	327	96	true	false	eos	95	8ff27967158b297f514e218e5208c67405f0c8bba5aded9c9601291d6e774200
vae_candidate_000329	sequence_vae	models/generator/sequence_vae/member_a_v1_seed42/best.pt	d2801a2a130928739f44f9726bcb5bbd7be229fadfe2f05fba5d0f6cc87debdf	member_a_v1_conservative_provisional	28e2c439d1946a789cb3a3812d4c54f1cce0502dbfa9429d77c238425b501f30	4664cb809825b7023ad6a8a90b9492f757446b7b97890595c397504646aa55d4	42	328	1.0	0	1.0	328	86	true	false	eos	85	35bae85d1314c77c0c65e7d7aaf398025d1bd4aba2a8983d407172cb3b78a1fe
vae_candidate_000330	sequence_vae	models/generator/sequence_vae/member_a_v1_seed42/best.pt	d2801a2a130928739f44f9726bcb5bbd7be229fadfe2f05fba5d0f6cc87debdf	member_a_v1_conservative_provisional	28e2c439d1946a789cb3a3812d4c54f1cce0502dbfa9429d77c238425b501f30	4664cb809825b7023ad6a8a90b9492f757446b7b97890595c397504646aa55d4	42	329	1.0	0	1.0	329	71	true	false	eos	70	cc478e9a92daa2aac545e99949eb80a76af15a086ae7bef4d2ccf21671187e3e
vae_candidate_000331	sequence_vae	models/generator/sequence_vae/member_a_v1_seed42/best.pt	d2801a2a130928739f44f9726bcb5bbd7be229fadfe2f05fba5d0f6cc87debdf	member_a_v1_conservative_provisional	28e2c439d1946a789cb3a3812d4c54f1cce0502dbfa9429d77c238425b501f30	4664cb809825b7023ad6a8a90b9492f757446b7b97890595c397504646aa55d4	42	330	1.0	0	1.0	330	62	true	false	eos	61	ea0b736b6531ae07fa94aac74eae073ffdc13c5a295dc031b73ffed92e1068a5
vae_candidate_000332	sequence_vae	models/generator/sequence_vae/member_a_v1_seed42/best.pt	d2801a2a130928739f44f9726bcb5bbd7be229fadfe2f05fba5d0f6cc87debdf	member_a_v1_conservative_provisional	28e2c439d1946a789cb3a3812d4c54f1cce0502dbfa9429d77c238425b501f30	4664cb809825b7023ad6a8a90b9492f757446b7b97890595c397504646aa55d4	42	331	1.0	0	1.0	331	106	true	false	eos	105	12bc2f2f4cce3e2f175e8e129b23f9d1d5a0a528bb9cececb2fb2b5ff819ad61
vae_candidate_000333	sequence_vae	models/generator/sequence_vae/member_a_v1_seed42/best.pt	d2801a2a130928739f44f9726bcb5bbd7be229fadfe2f05fba5d0f6cc87debdf	member_a_v1_conservative_provisional	28e2c439d1946a789cb3a3812d4c54f1cce0502dbfa9429d77c238425b501f30	4664cb809825b7023ad6a8a90b9492f757446b7b97890595c397504646aa55d4	42	332	1.0	0	1.0	332	90	true	false	eos	89	0fef11ec80476500b12522a03654b72fc9df5ccf8f4f87cb83166a9f61fa18c2
vae_candidate_000334	sequence_vae	models/generator/sequence_vae/member_a_v1_seed42/best.pt	d2801a2a130928739f44f9726bcb5bbd7be229fadfe2f05fba5d0f6cc87debdf	member_a_v1_conservative_provisional	28e2c439d1946a789cb3a3812d4c54f1cce0502dbfa9429d77c238425b501f30	4664cb809825b7023ad6a8a90b9492f757446b7b97890595c397504646aa55d4	42	333	1.0	0	1.0	333	138	true	false	eos	137	28567c0bd7e7ab47943cc928f433bb7419cef7ff3cb484ddc0fd825f20e54c9e
vae_candidate_000335	sequence_vae	models/generator/sequence_vae/member_a_v1_seed42/best.pt	d2801a2a130928739f44f9726bcb5bbd7be229fadfe2f05fba5d0f6cc87debdf	member_a_v1_conservative_provisional	28e2c439d1946a789cb3a3812d4c54f1cce0502dbfa9429d77c238425b501f30	4664cb809825b7023ad6a8a90b9492f757446b7b97890595c397504646aa55d4	42	334	1.0	0	1.0	334	111	true	false	eos	110	39b255bee545579d0f8919bda3bff566fd7460bab179fb7d62e6e249e1c2eecc
vae_candidate_000336	sequence_vae	models/generator/sequence_vae/member_a_v1_seed42/best.pt	d2801a2a130928739f44f9726bcb5bbd7be229fadfe2f05fba5d0f6cc87debdf	member_a_v1_conservative_provisional	28e2c439d1946a789cb3a3812d4c54f1cce0502dbfa9429d77c238425b501f30	4664cb809825b7023ad6a8a90b9492f757446b7b97890595c397504646aa55d4	42	335	1.0	0	1.0	335	126	true	false	eos	125	4193cbf6dc8ea8b43f4acea92e68ec9c1a084c47a60ee4448d53211b1a496157
vae_candidate_000337	sequence_vae	models/generator/sequence_vae/member_a_v1_seed42/best.pt	d2801a2a130928739f44f9726bcb5bbd7be229fadfe2f05fba5d0f6cc87debdf	member_a_v1_conservative_provisional	28e2c439d1946a789cb3a3812d4c54f1cce0502dbfa9429d77c238425b501f30	4664cb809825b7023ad6a8a90b9492f757446b7b97890595c397504646aa55d4	42	336	1.0	0	1.0	336	105	true	false	eos	104	3323558d2ab32a25895db47d78c17f3a3b412d9cbf95fa8b00fd1dd7bf176e40
vae_candidate_000338	sequence_vae	models/generator/sequence_vae/member_a_v1_seed42/best.pt	d2801a2a130928739f44f9726bcb5bbd7be229fadfe2f05fba5d0f6cc87debdf	member_a_v1_conservative_provisional	28e2c439d1946a789cb3a3812d4c54f1cce0502dbfa9429d77c238425b501f30	4664cb809825b7023ad6a8a90b9492f757446b7b97890595c397504646aa55d4	42	337	1.0	0	1.0	337	94	true	false	eos	93	198f2e377e821736832cb39fe6060aeb9f974d56ff866f92eda83fb09c7d5835
vae_candidate_000339	sequence_vae	models/generator/sequence_vae/member_a_v1_seed42/best.pt	d2801a2a130928739f44f9726bcb5bbd7be229fadfe2f05fba5d0f6cc87debdf	member_a_v1_conservative_provisional	28e2c439d1946a789cb3a3812d4c54f1cce0502dbfa9429d77c238425b501f30	4664cb809825b7023ad6a8a90b9492f757446b7b97890595c397504646aa55d4	42	338	1.0	0	1.0	338	108	true	false	eos	107	0c86596789451a6f04f4a31dbae5e1d4e5dadc7d29fe800d573a4f9da08a8dd8
vae_candidate_000340	sequence_vae	models/generator/sequence_vae/member_a_v1_seed42/best.pt	d2801a2a130928739f44f9726bcb5bbd7be229fadfe2f05fba5d0f6cc87debdf	member_a_v1_conservative_provisional	28e2c439d1946a789cb3a3812d4c54f1cce0502dbfa9429d77c238425b501f30	4664cb809825b7023ad6a8a90b9492f757446b7b97890595c397504646aa55d4	42	339	1.0	0	1.0	339	100	true	false	eos	99	89f0be151532801fb4db7abff3569e3340a1518d55b8885d79c91823361aa30f
vae_candidate_000341	sequence_vae	models/generator/sequence_vae/member_a_v1_seed42/best.pt	d2801a2a130928739f44f9726bcb5bbd7be229fadfe2f05fba5d0f6cc87debdf	member_a_v1_conservative_provisional	28e2c439d1946a789cb3a3812d4c54f1cce0502dbfa9429d77c238425b501f30	4664cb809825b7023ad6a8a90b9492f757446b7b97890595c397504646aa55d4	42	340	1.0	0	1.0	340	91	true	false	eos	90	da558f76a74559d4a14f632f676c2973eaf1a8d508db0730e220778da7f588d2
vae_candidate_000342	sequence_vae	models/generator/sequence_vae/member_a_v1_seed42/best.pt	d2801a2a130928739f44f9726bcb5bbd7be229fadfe2f05fba5d0f6cc87debdf	member_a_v1_conservative_provisional	28e2c439d1946a789cb3a3812d4c54f1cce0502dbfa9429d77c238425b501f30	4664cb809825b7023ad6a8a90b9492f757446b7b97890595c397504646aa55d4	42	341	1.0	0	1.0	341	68	true	false	eos	67	69627a414235bf88e17519ca2fa4ec1310b5359c159effb8c9459a3ceeec6140
vae_candidate_000343	sequence_vae	models/generator/sequence_vae/member_a_v1_seed42/best.pt	d2801a2a130928739f44f9726bcb5bbd7be229fadfe2f05fba5d0f6cc87debdf	member_a_v1_conservative_provisional	28e2c439d1946a789cb3a3812d4c54f1cce0502dbfa9429d77c238425b501f30	4664cb809825b7023ad6a8a90b9492f757446b7b97890595c397504646aa55d4	42	342	1.0	0	1.0	342	115	true	false	eos	114	4b7a4c6032651d288d048dc853317da9f4f1b480db5445d0b2184328ef2f3b9e
vae_candidate_000344	sequence_vae	models/generator/sequence_vae/member_a_v1_seed42/best.pt	d2801a2a130928739f44f9726bcb5bbd7be229fadfe2f05fba5d0f6cc87debdf	member_a_v1_conservative_provisional	28e2c439d1946a789cb3a3812d4c54f1cce0502dbfa9429d77c238425b501f30	4664cb809825b7023ad6a8a90b9492f757446b7b97890595c397504646aa55d4	42	343	1.0	0	1.0	343	89	true	false	eos	88	a5808e42187afb4f95b1764f4e8e7b2e69abe3e2cc395a96dbcfcd830c3cac7a
vae_candidate_000345	sequence_vae	models/generator/sequence_vae/member_a_v1_seed42/best.pt	d2801a2a130928739f44f9726bcb5bbd7be229fadfe2f05fba5d0f6cc87debdf	member_a_v1_conservative_provisional	28e2c439d1946a789cb3a3812d4c54f1cce0502dbfa9429d77c238425b501f30	4664cb809825b7023ad6a8a90b9492f757446b7b97890595c397504646aa55d4	42	344	1.0	0	1.0	344	102	true	false	eos	101	7d4593914292670b3edaef46bc194955019f1ac3bef91e80203b9bbcae52184c
vae_candidate_000346	sequence_vae	models/generator/sequence_vae/member_a_v1_seed42/best.pt	d2801a2a130928739f44f9726bcb5bbd7be229fadfe2f05fba5d0f6cc87debdf	member_a_v1_conservative_provisional	28e2c439d1946a789cb3a3812d4c54f1cce0502dbfa9429d77c238425b501f30	4664cb809825b7023ad6a8a90b9492f757446b7b97890595c397504646aa55d4	42	345	1.0	0	1.0	345	116	true	false	eos	115	6c7c4bf5df248402b6fc55f9e5a229889fafee26972f860568d08b809a4a94d5
vae_candidate_000347	sequence_vae	models/generator/sequence_vae/member_a_v1_seed42/best.pt	d2801a2a130928739f44f9726bcb5bbd7be229fadfe2f05fba5d0f6cc87debdf	member_a_v1_conservative_provisional	28e2c439d1946a789cb3a3812d4c54f1cce0502dbfa9429d77c238425b501f30	4664cb809825b7023ad6a8a90b9492f757446b7b97890595c397504646aa55d4	42	346	1.0	0	1.0	346	94	true	false	eos	93	9a06335a5626267198cad2956b7fca119cfee5f9765eb03fc0e0f69e492c1bac
vae_candidate_000348	sequence_vae	models/generator/sequence_vae/member_a_v1_seed42/best.pt	d2801a2a130928739f44f9726bcb5bbd7be229fadfe2f05fba5d0f6cc87debdf	member_a_v1_conservative_provisional	28e2c439d1946a789cb3a3812d4c54f1cce0502dbfa9429d77c238425b501f30	4664cb809825b7023ad6a8a90b9492f757446b7b97890595c397504646aa55d4	42	347	1.0	0	1.0	347	107	true	false	eos	106	212f6a89393b8208816b6f63dd208adbd745498682593e5305d2112220a71649
vae_candidate_000349	sequence_vae	models/generator/sequence_vae/member_a_v1_seed42/best.pt	d2801a2a130928739f44f9726bcb5bbd7be229fadfe2f05fba5d0f6cc87debdf	member_a_v1_conservative_provisional	28e2c439d1946a789cb3a3812d4c54f1cce0502dbfa9429d77c238425b501f30	4664cb809825b7023ad6a8a90b9492f757446b7b97890595c397504646aa55d4	42	348	1.0	0	1.0	348	109	true	false	eos	108	6575d890619ef3f1e4357c0532a9ae39034e10786370c7295557cfe16d63f9d5
vae_candidate_000350	sequence_vae	models/generator/sequence_vae/member_a_v1_seed42/best.pt	d2801a2a130928739f44f9726bcb5bbd7be229fadfe2f05fba5d0f6cc87debdf	member_a_v1_conservative_provisional	28e2c439d1946a789cb3a3812d4c54f1cce0502dbfa9429d77c238425b501f30	4664cb809825b7023ad6a8a90b9492f757446b7b97890595c397504646aa55d4	42	349	1.0	0	1.0	349	103	true	false	eos	102	218f863a4018f0152a697795825e7684d1150762cae6269d30c6c01d7cf4910f
vae_candidate_000351	sequence_vae	models/generator/sequence_vae/member_a_v1_seed42/best.pt	d2801a2a130928739f44f9726bcb5bbd7be229fadfe2f05fba5d0f6cc87debdf	member_a_v1_conservative_provisional	28e2c439d1946a789cb3a3812d4c54f1cce0502dbfa9429d77c238425b501f30	4664cb809825b7023ad6a8a90b9492f757446b7b97890595c397504646aa55d4	42	350	1.0	0	1.0	350	67	true	false	eos	66	af712d8bbb96bccc9f4e28901123348845544e87337084f813bff62632e08736
vae_candidate_000352	sequence_vae	models/generator/sequence_vae/member_a_v1_seed42/best.pt	d2801a2a130928739f44f9726bcb5bbd7be229fadfe2f05fba5d0f6cc87debdf	member_a_v1_conservative_provisional	28e2c439d1946a789cb3a3812d4c54f1cce0502dbfa9429d77c238425b501f30	4664cb809825b7023ad6a8a90b9492f757446b7b97890595c397504646aa55d4	42	351	1.0	0	1.0	351	73	true	false	eos	72	d5d4d246f94d8513a6076ceac506e7e2424a80d98e545c034ca59d845fa26e74
vae_candidate_000353	sequence_vae	models/generator/sequence_vae/member_a_v1_seed42/best.pt	d2801a2a130928739f44f9726bcb5bbd7be229fadfe2f05fba5d0f6cc87debdf	member_a_v1_conservative_provisional	28e2c439d1946a789cb3a3812d4c54f1cce0502dbfa9429d77c238425b501f30	4664cb809825b7023ad6a8a90b9492f757446b7b97890595c397504646aa55d4	42	352	1.0	0	1.0	352	125	true	false	eos	124	53f3c9a0d5ec2d4bf93821a09ceb47309fa25f9eb399447733fc448741b9dda0
vae_candidate_000354	sequence_vae	models/generator/sequence_vae/member_a_v1_seed42/best.pt	d2801a2a130928739f44f9726bcb5bbd7be229fadfe2f05fba5d0f6cc87debdf	member_a_v1_conservative_provisional	28e2c439d1946a789cb3a3812d4c54f1cce0502dbfa9429d77c238425b501f30	4664cb809825b7023ad6a8a90b9492f757446b7b97890595c397504646aa55d4	42	353	1.0	0	1.0	353	96	true	false	eos	95	38e2dc077fa752f75426e2f5d9639e2bb1d9f2e7538119ec75f9b9cd842d20b5
vae_candidate_000355	sequence_vae	models/generator/sequence_vae/member_a_v1_seed42/best.pt	d2801a2a130928739f44f9726bcb5bbd7be229fadfe2f05fba5d0f6cc87debdf	member_a_v1_conservative_provisional	28e2c439d1946a789cb3a3812d4c54f1cce0502dbfa9429d77c238425b501f30	4664cb809825b7023ad6a8a90b9492f757446b7b97890595c397504646aa55d4	42	354	1.0	0	1.0	354	75	true	false	eos	74	f16c6925f78ed9669373c60926c99c84a8efc4fb4895b4859033e3b8d8d9cd45
vae_candidate_000356	sequence_vae	models/generator/sequence_vae/member_a_v1_seed42/best.pt	d2801a2a130928739f44f9726bcb5bbd7be229fadfe2f05fba5d0f6cc87debdf	member_a_v1_conservative_provisional	28e2c439d1946a789cb3a3812d4c54f1cce0502dbfa9429d77c238425b501f30	4664cb809825b7023ad6a8a90b9492f757446b7b97890595c397504646aa55d4	42	355	1.0	0	1.0	355	112	true	false	eos	111	9ad752dd22b3d8d9d5cbf474e11f2eb2f3b6670443252106d7a1d7e63ff71a7a
vae_candidate_000357	sequence_vae	models/generator/sequence_vae/member_a_v1_seed42/best.pt	d2801a2a130928739f44f9726bcb5bbd7be229fadfe2f05fba5d0f6cc87debdf	member_a_v1_conservative_provisional	28e2c439d1946a789cb3a3812d4c54f1cce0502dbfa9429d77c238425b501f30	4664cb809825b7023ad6a8a90b9492f757446b7b97890595c397504646aa55d4	42	356	1.0	0	1.0	356	76	true	false	eos	75	3b2acac396d5d5b338a8c14d04d01766c414e5a52e732c0bc0ac2735e9856d5e
vae_candidate_000358	sequence_vae	models/generator/sequence_vae/member_a_v1_seed42/best.pt	d2801a2a130928739f44f9726bcb5bbd7be229fadfe2f05fba5d0f6cc87debdf	member_a_v1_conservative_provisional	28e2c439d1946a789cb3a3812d4c54f1cce0502dbfa9429d77c238425b501f30	4664cb809825b7023ad6a8a90b9492f757446b7b97890595c397504646aa55d4	42	357	1.0	0	1.0	357	115	true	false	eos	114	08b3ea34aed08f0b90d8bddea57771d31281c53a246a7c02cd429bb62c3b50fe
vae_candidate_000359	sequence_vae	models/generator/sequence_vae/member_a_v1_seed42/best.pt	d2801a2a130928739f44f9726bcb5bbd7be229fadfe2f05fba5d0f6cc87debdf	member_a_v1_conservative_provisional	28e2c439d1946a789cb3a3812d4c54f1cce0502dbfa9429d77c238425b501f30	4664cb809825b7023ad6a8a90b9492f757446b7b97890595c397504646aa55d4	42	358	1.0	0	1.0	358	107	true	false	eos	106	20b78181a37b1a7637137c3e7d87f625707ed7bfaa2d84d536ebee331c5e005a
vae_candidate_000360	sequence_vae	models/generator/sequence_vae/member_a_v1_seed42/best.pt	d2801a2a130928739f44f9726bcb5bbd7be229fadfe2f05fba5d0f6cc87debdf	member_a_v1_conservative_provisional	28e2c439d1946a789cb3a3812d4c54f1cce0502dbfa9429d77c238425b501f30	4664cb809825b7023ad6a8a90b9492f757446b7b97890595c397504646aa55d4	42	359	1.0	0	1.0	359	175	true	false	eos	174	23842fd56c1cd2ebcfa198ac878fb93e6a7adff1eef6c5c1d2b20bbb2cda9e94
vae_candidate_000361	sequence_vae	models/generator/sequence_vae/member_a_v1_seed42/best.pt	d2801a2a130928739f44f9726bcb5bbd7be229fadfe2f05fba5d0f6cc87debdf	member_a_v1_conservative_provisional	28e2c439d1946a789cb3a3812d4c54f1cce0502dbfa9429d77c238425b501f30	4664cb809825b7023ad6a8a90b9492f757446b7b97890595c397504646aa55d4	42	360	1.0	0	1.0	360	86	true	false	eos	85	a5ccff1ac6eadbce59ee750ef7d2b33c94302d97d6f86ececed886b813269c6c
vae_candidate_000362	sequence_vae	models/generator/sequence_vae/member_a_v1_seed42/best.pt	d2801a2a130928739f44f9726bcb5bbd7be229fadfe2f05fba5d0f6cc87debdf	member_a_v1_conservative_provisional	28e2c439d1946a789cb3a3812d4c54f1cce0502dbfa9429d77c238425b501f30	4664cb809825b7023ad6a8a90b9492f757446b7b97890595c397504646aa55d4	42	361	1.0	0	1.0	361	91	true	false	eos	90	1d22ffc52316beb61cc584d1edeeacea9611752a549f5661884daffbcfc0487b
vae_candidate_000363	sequence_vae	models/generator/sequence_vae/member_a_v1_seed42/best.pt	d2801a2a130928739f44f9726bcb5bbd7be229fadfe2f05fba5d0f6cc87debdf	member_a_v1_conservative_provisional	28e2c439d1946a789cb3a3812d4c54f1cce0502dbfa9429d77c238425b501f30	4664cb809825b7023ad6a8a90b9492f757446b7b97890595c397504646aa55d4	42	362	1.0	0	1.0	362	126	true	false	eos	125	29a45dd9b8ad4cd14e6493863a74b5c1d8a94a878e8b5a702a7a1bf9bb5ccee9
vae_candidate_000364	sequence_vae	models/generator/sequence_vae/member_a_v1_seed42/best.pt	d2801a2a130928739f44f9726bcb5bbd7be229fadfe2f05fba5d0f6cc87debdf	member_a_v1_conservative_provisional	28e2c439d1946a789cb3a3812d4c54f1cce0502dbfa9429d77c238425b501f30	4664cb809825b7023ad6a8a90b9492f757446b7b97890595c397504646aa55d4	42	363	1.0	0	1.0	363	96	true	false	eos	95	b51baa8faae97da6fe2b3c30f179a5a0337377fe8979f9291690c0fc348390e0
vae_candidate_000365	sequence_vae	models/generator/sequence_vae/member_a_v1_seed42/best.pt	d2801a2a130928739f44f9726bcb5bbd7be229fadfe2f05fba5d0f6cc87debdf	member_a_v1_conservative_provisional	28e2c439d1946a789cb3a3812d4c54f1cce0502dbfa9429d77c238425b501f30	4664cb809825b7023ad6a8a90b9492f757446b7b97890595c397504646aa55d4	42	364	1.0	0	1.0	364	75	true	false	eos	74	492718b927ff38ff94f9dcfc57e1fcc8df22e83a788e9065508d58361f942bbf
vae_candidate_000366	sequence_vae	models/generator/sequence_vae/member_a_v1_seed42/best.pt	d2801a2a130928739f44f9726bcb5bbd7be229fadfe2f05fba5d0f6cc87debdf	member_a_v1_conservative_provisional	28e2c439d1946a789cb3a3812d4c54f1cce0502dbfa9429d77c238425b501f30	4664cb809825b7023ad6a8a90b9492f757446b7b97890595c397504646aa55d4	42	365	1.0	0	1.0	365	140	true	false	eos	139	fae20046d6492f5aa80ea8fdecc78212c41991ca5f84593e8747cf416e6f0c19
vae_candidate_000367	sequence_vae	models/generator/sequence_vae/member_a_v1_seed42/best.pt	d2801a2a130928739f44f9726bcb5bbd7be229fadfe2f05fba5d0f6cc87debdf	member_a_v1_conservative_provisional	28e2c439d1946a789cb3a3812d4c54f1cce0502dbfa9429d77c238425b501f30	4664cb809825b7023ad6a8a90b9492f757446b7b97890595c397504646aa55d4	42	366	1.0	0	1.0	366	143	true	false	eos	142	ac3e9268749bb222e0bf26fd04ed5333a2c2382c90856524593e48bee8c06549
vae_candidate_000368	sequence_vae	models/generator/sequence_vae/member_a_v1_seed42/best.pt	d2801a2a130928739f44f9726bcb5bbd7be229fadfe2f05fba5d0f6cc87debdf	member_a_v1_conservative_provisional	28e2c439d1946a789cb3a3812d4c54f1cce0502dbfa9429d77c238425b501f30	4664cb809825b7023ad6a8a90b9492f757446b7b97890595c397504646aa55d4	42	367	1.0	0	1.0	367	117	true	false	eos	116	cd4f20fcedbae5ab4787dc5222fa7a19d06cbd77997ab5048babe62abb2879ed
vae_candidate_000369	sequence_vae	models/generator/sequence_vae/member_a_v1_seed42/best.pt	d2801a2a130928739f44f9726bcb5bbd7be229fadfe2f05fba5d0f6cc87debdf	member_a_v1_conservative_provisional	28e2c439d1946a789cb3a3812d4c54f1cce0502dbfa9429d77c238425b501f30	4664cb809825b7023ad6a8a90b9492f757446b7b97890595c397504646aa55d4	42	368	1.0	0	1.0	368	89	true	false	eos	88	d67e98b29ce4b6435cd9065738f8131c8ceacda3f53a8ae1f3c8fda5d3536a74
vae_candidate_000370	sequence_vae	models/generator/sequence_vae/member_a_v1_seed42/best.pt	d2801a2a130928739f44f9726bcb5bbd7be229fadfe2f05fba5d0f6cc87debdf	member_a_v1_conservative_provisional	28e2c439d1946a789cb3a3812d4c54f1cce0502dbfa9429d77c238425b501f30	4664cb809825b7023ad6a8a90b9492f757446b7b97890595c397504646aa55d4	42	369	1.0	0	1.0	369	83	true	false	eos	82	b4cf44cf242559a543d2f1e6ad461d30bba28248194e90f46e9e771ed52f49f5
vae_candidate_000371	sequence_vae	models/generator/sequence_vae/member_a_v1_seed42/best.pt	d2801a2a130928739f44f9726bcb5bbd7be229fadfe2f05fba5d0f6cc87debdf	member_a_v1_conservative_provisional	28e2c439d1946a789cb3a3812d4c54f1cce0502dbfa9429d77c238425b501f30	4664cb809825b7023ad6a8a90b9492f757446b7b97890595c397504646aa55d4	42	370	1.0	0	1.0	370	110	true	false	eos	109	3c784e2f0bad26e9fa7bbeddf56e8895b72cf6275271f3ed5819f9738cc69012
vae_candidate_000372	sequence_vae	models/generator/sequence_vae/member_a_v1_seed42/best.pt	d2801a2a130928739f44f9726bcb5bbd7be229fadfe2f05fba5d0f6cc87debdf	member_a_v1_conservative_provisional	28e2c439d1946a789cb3a3812d4c54f1cce0502dbfa9429d77c238425b501f30	4664cb809825b7023ad6a8a90b9492f757446b7b97890595c397504646aa55d4	42	371	1.0	0	1.0	371	104	true	false	eos	103	265eca8ad4b2d58248ad96281d6ff2744dd144d4762c53eef267f9ea8153b36e
vae_candidate_000373	sequence_vae	models/generator/sequence_vae/member_a_v1_seed42/best.pt	d2801a2a130928739f44f9726bcb5bbd7be229fadfe2f05fba5d0f6cc87debdf	member_a_v1_conservative_provisional	28e2c439d1946a789cb3a3812d4c54f1cce0502dbfa9429d77c238425b501f30	4664cb809825b7023ad6a8a90b9492f757446b7b97890595c397504646aa55d4	42	372	1.0	0	1.0	372	67	true	false	eos	66	67f2d4fda89cd92223d21e774286ccca22427a9a2df0f8e1d083880fd6d21272
vae_candidate_000374	sequence_vae	models/generator/sequence_vae/member_a_v1_seed42/best.pt	d2801a2a130928739f44f9726bcb5bbd7be229fadfe2f05fba5d0f6cc87debdf	member_a_v1_conservative_provisional	28e2c439d1946a789cb3a3812d4c54f1cce0502dbfa9429d77c238425b501f30	4664cb809825b7023ad6a8a90b9492f757446b7b97890595c397504646aa55d4	42	373	1.0	0	1.0	373	107	true	false	eos	106	79824577d9b1d40717513a1e809108f8c0621de2bd69a65159d2d01844b56eb1
vae_candidate_000375	sequence_vae	models/generator/sequence_vae/member_a_v1_seed42/best.pt	d2801a2a130928739f44f9726bcb5bbd7be229fadfe2f05fba5d0f6cc87debdf	member_a_v1_conservative_provisional	28e2c439d1946a789cb3a3812d4c54f1cce0502dbfa9429d77c238425b501f30	4664cb809825b7023ad6a8a90b9492f757446b7b97890595c397504646aa55d4	42	374	1.0	0	1.0	374	140	true	false	eos	139	377803da300e6c9f4fc56a523ec12b68bc502b276678d51db96ab74eca8599e3
vae_candidate_000376	sequence_vae	models/generator/sequence_vae/member_a_v1_seed42/best.pt	d2801a2a130928739f44f9726bcb5bbd7be229fadfe2f05fba5d0f6cc87debdf	member_a_v1_conservative_provisional	28e2c439d1946a789cb3a3812d4c54f1cce0502dbfa9429d77c238425b501f30	4664cb809825b7023ad6a8a90b9492f757446b7b97890595c397504646aa55d4	42	375	1.0	0	1.0	375	111	true	false	eos	110	8a97167d6ed57b0b023fbc2df42acc3513d05755cc80316028849d0d7a6bc0b5
vae_candidate_000377	sequence_vae	models/generator/sequence_vae/member_a_v1_seed42/best.pt	d2801a2a130928739f44f9726bcb5bbd7be229fadfe2f05fba5d0f6cc87debdf	member_a_v1_conservative_provisional	28e2c439d1946a789cb3a3812d4c54f1cce0502dbfa9429d77c238425b501f30	4664cb809825b7023ad6a8a90b9492f757446b7b97890595c397504646aa55d4	42	376	1.0	0	1.0	376	141	true	false	eos	140	99dd4551d5a3df9a03bb825ecad560b9f1e7cf03cdc24bb87e048aff343c1b45
vae_candidate_000378	sequence_vae	models/generator/sequence_vae/member_a_v1_seed42/best.pt	d2801a2a130928739f44f9726bcb5bbd7be229fadfe2f05fba5d0f6cc87debdf	member_a_v1_conservative_provisional	28e2c439d1946a789cb3a3812d4c54f1cce0502dbfa9429d77c238425b501f30	4664cb809825b7023ad6a8a90b9492f757446b7b97890595c397504646aa55d4	42	377	1.0	0	1.0	377	176	true	false	eos	175	13de3981d0eae841d8021c46acf96cb239a1b87173d6c62effdc52d0eb369032
vae_candidate_000379	sequence_vae	models/generator/sequence_vae/member_a_v1_seed42/best.pt	d2801a2a130928739f44f9726bcb5bbd7be229fadfe2f05fba5d0f6cc87debdf	member_a_v1_conservative_provisional	28e2c439d1946a789cb3a3812d4c54f1cce0502dbfa9429d77c238425b501f30	4664cb809825b7023ad6a8a90b9492f757446b7b97890595c397504646aa55d4	42	378	1.0	0	1.0	378	111	true	false	eos	110	c73588ce9730509f74d9c6a747d3db2ae9b696239673ab5cff72cea5671f1f23
vae_candidate_000380	sequence_vae	models/generator/sequence_vae/member_a_v1_seed42/best.pt	d2801a2a130928739f44f9726bcb5bbd7be229fadfe2f05fba5d0f6cc87debdf	member_a_v1_conservative_provisional	28e2c439d1946a789cb3a3812d4c54f1cce0502dbfa9429d77c238425b501f30	4664cb809825b7023ad6a8a90b9492f757446b7b97890595c397504646aa55d4	42	379	1.0	0	1.0	379	88	true	false	eos	87	0d6a473b2d634adaeb9b56203a8c40fe6a2fe13eb106a09f33105d58baaf8426
vae_candidate_000381	sequence_vae	models/generator/sequence_vae/member_a_v1_seed42/best.pt	d2801a2a130928739f44f9726bcb5bbd7be229fadfe2f05fba5d0f6cc87debdf	member_a_v1_conservative_provisional	28e2c439d1946a789cb3a3812d4c54f1cce0502dbfa9429d77c238425b501f30	4664cb809825b7023ad6a8a90b9492f757446b7b97890595c397504646aa55d4	42	380	1.0	0	1.0	380	84	true	false	eos	83	869b6060bcc019c189e279171ae249e61df7e2a5b2d280fe44f97563187604ac
vae_candidate_000382	sequence_vae	models/generator/sequence_vae/member_a_v1_seed42/best.pt	d2801a2a130928739f44f9726bcb5bbd7be229fadfe2f05fba5d0f6cc87debdf	member_a_v1_conservative_provisional	28e2c439d1946a789cb3a3812d4c54f1cce0502dbfa9429d77c238425b501f30	4664cb809825b7023ad6a8a90b9492f757446b7b97890595c397504646aa55d4	42	381	1.0	0	1.0	381	119	true	false	eos	118	d364580329dd7f7d9766eebab163e972f1173e0b0b82300a6d31ecd2d9599484
vae_candidate_000383	sequence_vae	models/generator/sequence_vae/member_a_v1_seed42/best.pt	d2801a2a130928739f44f9726bcb5bbd7be229fadfe2f05fba5d0f6cc87debdf	member_a_v1_conservative_provisional	28e2c439d1946a789cb3a3812d4c54f1cce0502dbfa9429d77c238425b501f30	4664cb809825b7023ad6a8a90b9492f757446b7b97890595c397504646aa55d4	42	382	1.0	0	1.0	382	99	true	false	eos	98	417f0f6a99b3e9a69314a2bf4ee95f4b93c62b547f534eb1422656a206de9ed3
vae_candidate_000384	sequence_vae	models/generator/sequence_vae/member_a_v1_seed42/best.pt	d2801a2a130928739f44f9726bcb5bbd7be229fadfe2f05fba5d0f6cc87debdf	member_a_v1_conservative_provisional	28e2c439d1946a789cb3a3812d4c54f1cce0502dbfa9429d77c238425b501f30	4664cb809825b7023ad6a8a90b9492f757446b7b97890595c397504646aa55d4	42	383	1.0	0	1.0	383	100	true	false	eos	99	c013f5eeca6dcba677078a0d4a2b09c91488a2eb37f7ddbedfb3e7b4d5562188
vae_candidate_000385	sequence_vae	models/generator/sequence_vae/member_a_v1_seed42/best.pt	d2801a2a130928739f44f9726bcb5bbd7be229fadfe2f05fba5d0f6cc87debdf	member_a_v1_conservative_provisional	28e2c439d1946a789cb3a3812d4c54f1cce0502dbfa9429d77c238425b501f30	4664cb809825b7023ad6a8a90b9492f757446b7b97890595c397504646aa55d4	42	384	1.0	0	1.0	384	163	true	false	eos	162	5e5057d6328b7a066d48fe2b5a5348f73a53c5d31963c6416ba4793a7289a27d
vae_candidate_000386	sequence_vae	models/generator/sequence_vae/member_a_v1_seed42/best.pt	d2801a2a130928739f44f9726bcb5bbd7be229fadfe2f05fba5d0f6cc87debdf	member_a_v1_conservative_provisional	28e2c439d1946a789cb3a3812d4c54f1cce0502dbfa9429d77c238425b501f30	4664cb809825b7023ad6a8a90b9492f757446b7b97890595c397504646aa55d4	42	385	1.0	0	1.0	385	159	true	false	eos	158	ce2ecc7818a42d44601cac7cca0384cde8cd4ed7c059872be7766195a5049c81
vae_candidate_000387	sequence_vae	models/generator/sequence_vae/member_a_v1_seed42/best.pt	d2801a2a130928739f44f9726bcb5bbd7be229fadfe2f05fba5d0f6cc87debdf	member_a_v1_conservative_provisional	28e2c439d1946a789cb3a3812d4c54f1cce0502dbfa9429d77c238425b501f30	4664cb809825b7023ad6a8a90b9492f757446b7b97890595c397504646aa55d4	42	386	1.0	0	1.0	386	110	true	false	eos	109	b8bb0102ecba502062cbefacd6a070700880b82165ca9a096ddcb014281c8fc9
vae_candidate_000388	sequence_vae	models/generator/sequence_vae/member_a_v1_seed42/best.pt	d2801a2a130928739f44f9726bcb5bbd7be229fadfe2f05fba5d0f6cc87debdf	member_a_v1_conservative_provisional	28e2c439d1946a789cb3a3812d4c54f1cce0502dbfa9429d77c238425b501f30	4664cb809825b7023ad6a8a90b9492f757446b7b97890595c397504646aa55d4	42	387	1.0	0	1.0	387	105	true	false	eos	104	369e72b6f2a82cec10727c9e67fa5ddc6cf8b37b86623a956a4ea7317d199629
vae_candidate_000389	sequence_vae	models/generator/sequence_vae/member_a_v1_seed42/best.pt	d2801a2a130928739f44f9726bcb5bbd7be229fadfe2f05fba5d0f6cc87debdf	member_a_v1_conservative_provisional	28e2c439d1946a789cb3a3812d4c54f1cce0502dbfa9429d77c238425b501f30	4664cb809825b7023ad6a8a90b9492f757446b7b97890595c397504646aa55d4	42	388	1.0	0	1.0	388	61	true	false	eos	60	0b7235f514a39c094b3c68bfe6c4e330a4b1573cd03be04d1a95ce93b8e04203
vae_candidate_000390	sequence_vae	models/generator/sequence_vae/member_a_v1_seed42/best.pt	d2801a2a130928739f44f9726bcb5bbd7be229fadfe2f05fba5d0f6cc87debdf	member_a_v1_conservative_provisional	28e2c439d1946a789cb3a3812d4c54f1cce0502dbfa9429d77c238425b501f30	4664cb809825b7023ad6a8a90b9492f757446b7b97890595c397504646aa55d4	42	389	1.0	0	1.0	389	86	true	false	eos	85	a252a43103e0684bf2bb2c5e98ef95262a5e2c08e97347c1dd2023e7804d6f2a
vae_candidate_000391	sequence_vae	models/generator/sequence_vae/member_a_v1_seed42/best.pt	d2801a2a130928739f44f9726bcb5bbd7be229fadfe2f05fba5d0f6cc87debdf	member_a_v1_conservative_provisional	28e2c439d1946a789cb3a3812d4c54f1cce0502dbfa9429d77c238425b501f30	4664cb809825b7023ad6a8a90b9492f757446b7b97890595c397504646aa55d4	42	390	1.0	0	1.0	390	96	true	false	eos	95	dac0b9e33b918db1189a69cb69c84e46c452af98a226f0af32a905b23333c987
vae_candidate_000392	sequence_vae	models/generator/sequence_vae/member_a_v1_seed42/best.pt	d2801a2a130928739f44f9726bcb5bbd7be229fadfe2f05fba5d0f6cc87debdf	member_a_v1_conservative_provisional	28e2c439d1946a789cb3a3812d4c54f1cce0502dbfa9429d77c238425b501f30	4664cb809825b7023ad6a8a90b9492f757446b7b97890595c397504646aa55d4	42	391	1.0	0	1.0	391	92	true	false	eos	91	4e8a70ad6e156540c6a0c387231accdaa875cfbe73e9950cb13ac80c213bbb2e
vae_candidate_000393	sequence_vae	models/generator/sequence_vae/member_a_v1_seed42/best.pt	d2801a2a130928739f44f9726bcb5bbd7be229fadfe2f05fba5d0f6cc87debdf	member_a_v1_conservative_provisional	28e2c439d1946a789cb3a3812d4c54f1cce0502dbfa9429d77c238425b501f30	4664cb809825b7023ad6a8a90b9492f757446b7b97890595c397504646aa55d4	42	392	1.0	0	1.0	392	77	true	false	eos	76	53f748f932a1c53d361e10c70df060ee40f269cd75b597c59bb27e97ed7f81a4
vae_candidate_000394	sequence_vae	models/generator/sequence_vae/member_a_v1_seed42/best.pt	d2801a2a130928739f44f9726bcb5bbd7be229fadfe2f05fba5d0f6cc87debdf	member_a_v1_conservative_provisional	28e2c439d1946a789cb3a3812d4c54f1cce0502dbfa9429d77c238425b501f30	4664cb809825b7023ad6a8a90b9492f757446b7b97890595c397504646aa55d4	42	393	1.0	0	1.0	393	83	true	false	eos	82	81866705450dddbb560db4d347772a23eb18165d326543b4008dca0bc91df0e6
vae_candidate_000395	sequence_vae	models/generator/sequence_vae/member_a_v1_seed42/best.pt	d2801a2a130928739f44f9726bcb5bbd7be229fadfe2f05fba5d0f6cc87debdf	member_a_v1_conservative_provisional	28e2c439d1946a789cb3a3812d4c54f1cce0502dbfa9429d77c238425b501f30	4664cb809825b7023ad6a8a90b9492f757446b7b97890595c397504646aa55d4	42	394	1.0	0	1.0	394	79	true	false	eos	78	41f404a1de5fd072ebee04bb9cf943ffd169023e1fffd44020911e91d4cf0ad9
vae_candidate_000396	sequence_vae	models/generator/sequence_vae/member_a_v1_seed42/best.pt	d2801a2a130928739f44f9726bcb5bbd7be229fadfe2f05fba5d0f6cc87debdf	member_a_v1_conservative_provisional	28e2c439d1946a789cb3a3812d4c54f1cce0502dbfa9429d77c238425b501f30	4664cb809825b7023ad6a8a90b9492f757446b7b97890595c397504646aa55d4	42	395	1.0	0	1.0	395	90	true	false	eos	89	7bff28fefab204192a105d940784004b50cd0ed1837b645bdf4d87027fd427f1
vae_candidate_000397	sequence_vae	models/generator/sequence_vae/member_a_v1_seed42/best.pt	d2801a2a130928739f44f9726bcb5bbd7be229fadfe2f05fba5d0f6cc87debdf	member_a_v1_conservative_provisional	28e2c439d1946a789cb3a3812d4c54f1cce0502dbfa9429d77c238425b501f30	4664cb809825b7023ad6a8a90b9492f757446b7b97890595c397504646aa55d4	42	396	1.0	0	1.0	396	85	true	false	eos	84	803f13f3c3b213a7a2eecc0274caf92b69b4216b2c75303ae8b7e6b05055a599
vae_candidate_000398	sequence_vae	models/generator/sequence_vae/member_a_v1_seed42/best.pt	d2801a2a130928739f44f9726bcb5bbd7be229fadfe2f05fba5d0f6cc87debdf	member_a_v1_conservative_provisional	28e2c439d1946a789cb3a3812d4c54f1cce0502dbfa9429d77c238425b501f30	4664cb809825b7023ad6a8a90b9492f757446b7b97890595c397504646aa55d4	42	397	1.0	0	1.0	397	117	true	false	eos	116	34f91e06859c7cec4ee9fb0532cbbc79767887cce0251ac91d012eebbefe32bd
vae_candidate_000399	sequence_vae	models/generator/sequence_vae/member_a_v1_seed42/best.pt	d2801a2a130928739f44f9726bcb5bbd7be229fadfe2f05fba5d0f6cc87debdf	member_a_v1_conservative_provisional	28e2c439d1946a789cb3a3812d4c54f1cce0502dbfa9429d77c238425b501f30	4664cb809825b7023ad6a8a90b9492f757446b7b97890595c397504646aa55d4	42	398	1.0	0	1.0	398	95	true	false	eos	94	1fc6ef0f5047e9bb2ec01dccf5a76662073cffd2dfad993a2b4ae8287f935860
vae_candidate_000400	sequence_vae	models/generator/sequence_vae/member_a_v1_seed42/best.pt	d2801a2a130928739f44f9726bcb5bbd7be229fadfe2f05fba5d0f6cc87debdf	member_a_v1_conservative_provisional	28e2c439d1946a789cb3a3812d4c54f1cce0502dbfa9429d77c238425b501f30	4664cb809825b7023ad6a8a90b9492f757446b7b97890595c397504646aa55d4	42	399	1.0	0	1.0	399	67	true	false	eos	66	cb3d8d4e4e661d1e859d64757586409ced324f77dc91bad2f1e7916b9aa3a25d
vae_candidate_000401	sequence_vae	models/generator/sequence_vae/member_a_v1_seed42/best.pt	d2801a2a130928739f44f9726bcb5bbd7be229fadfe2f05fba5d0f6cc87debdf	member_a_v1_conservative_provisional	28e2c439d1946a789cb3a3812d4c54f1cce0502dbfa9429d77c238425b501f30	4664cb809825b7023ad6a8a90b9492f757446b7b97890595c397504646aa55d4	42	400	1.0	0	1.0	400	96	true	false	eos	95	88f7375f0684d82f619e9801dd8842b53af01f7da6de99ce28526624da3f7964
vae_candidate_000402	sequence_vae	models/generator/sequence_vae/member_a_v1_seed42/best.pt	d2801a2a130928739f44f9726bcb5bbd7be229fadfe2f05fba5d0f6cc87debdf	member_a_v1_conservative_provisional	28e2c439d1946a789cb3a3812d4c54f1cce0502dbfa9429d77c238425b501f30	4664cb809825b7023ad6a8a90b9492f757446b7b97890595c397504646aa55d4	42	401	1.0	0	1.0	401	98	true	false	eos	97	4172dabb61d428d152ba5aaf8874baa136d008f79c87b157173725165dfcfc8c
vae_candidate_000403	sequence_vae	models/generator/sequence_vae/member_a_v1_seed42/best.pt	d2801a2a130928739f44f9726bcb5bbd7be229fadfe2f05fba5d0f6cc87debdf	member_a_v1_conservative_provisional	28e2c439d1946a789cb3a3812d4c54f1cce0502dbfa9429d77c238425b501f30	4664cb809825b7023ad6a8a90b9492f757446b7b97890595c397504646aa55d4	42	402	1.0	0	1.0	402	176	true	false	eos	175	35d5828e388e7ecd56874694ca1aa79b3390e840d5af3771ccd852b1cd7ccaed
vae_candidate_000404	sequence_vae	models/generator/sequence_vae/member_a_v1_seed42/best.pt	d2801a2a130928739f44f9726bcb5bbd7be229fadfe2f05fba5d0f6cc87debdf	member_a_v1_conservative_provisional	28e2c439d1946a789cb3a3812d4c54f1cce0502dbfa9429d77c238425b501f30	4664cb809825b7023ad6a8a90b9492f757446b7b97890595c397504646aa55d4	42	403	1.0	0	1.0	403	85	true	false	eos	84	8b66dfb3b4a3e300937c0143aaceac67efc0ed2c832236ed2531f4a36fd4c4b1
vae_candidate_000405	sequence_vae	models/generator/sequence_vae/member_a_v1_seed42/best.pt	d2801a2a130928739f44f9726bcb5bbd7be229fadfe2f05fba5d0f6cc87debdf	member_a_v1_conservative_provisional	28e2c439d1946a789cb3a3812d4c54f1cce0502dbfa9429d77c238425b501f30	4664cb809825b7023ad6a8a90b9492f757446b7b97890595c397504646aa55d4	42	404	1.0	0	1.0	404	87	true	false	eos	86	db0354fcfcb9eab02839f7af1483fedcab9c55d7c822aae41659b6dc52809a8b
vae_candidate_000406	sequence_vae	models/generator/sequence_vae/member_a_v1_seed42/best.pt	d2801a2a130928739f44f9726bcb5bbd7be229fadfe2f05fba5d0f6cc87debdf	member_a_v1_conservative_provisional	28e2c439d1946a789cb3a3812d4c54f1cce0502dbfa9429d77c238425b501f30	4664cb809825b7023ad6a8a90b9492f757446b7b97890595c397504646aa55d4	42	405	1.0	0	1.0	405	71	true	false	eos	70	cfdf7a092d211b4c8629c302b75e368d1a66fd2dc7b0db9aee8cae73e7d98f6b
vae_candidate_000407	sequence_vae	models/generator/sequence_vae/member_a_v1_seed42/best.pt	d2801a2a130928739f44f9726bcb5bbd7be229fadfe2f05fba5d0f6cc87debdf	member_a_v1_conservative_provisional	28e2c439d1946a789cb3a3812d4c54f1cce0502dbfa9429d77c238425b501f30	4664cb809825b7023ad6a8a90b9492f757446b7b97890595c397504646aa55d4	42	406	1.0	0	1.0	406	139	true	false	eos	138	861fc90d9a7ea204dd849f444b7a3d3d07360807c3b0af0a601baa4f4c3b5001
vae_candidate_000408	sequence_vae	models/generator/sequence_vae/member_a_v1_seed42/best.pt	d2801a2a130928739f44f9726bcb5bbd7be229fadfe2f05fba5d0f6cc87debdf	member_a_v1_conservative_provisional	28e2c439d1946a789cb3a3812d4c54f1cce0502dbfa9429d77c238425b501f30	4664cb809825b7023ad6a8a90b9492f757446b7b97890595c397504646aa55d4	42	407	1.0	0	1.0	407	120	true	false	eos	119	224dc1d9a812a77e783908656fd662c906e7ad60ba00a426ab2c815dce2e2452
vae_candidate_000409	sequence_vae	models/generator/sequence_vae/member_a_v1_seed42/best.pt	d2801a2a130928739f44f9726bcb5bbd7be229fadfe2f05fba5d0f6cc87debdf	member_a_v1_conservative_provisional	28e2c439d1946a789cb3a3812d4c54f1cce0502dbfa9429d77c238425b501f30	4664cb809825b7023ad6a8a90b9492f757446b7b97890595c397504646aa55d4	42	408	1.0	0	1.0	408	122	true	false	eos	121	54b038b66108e62fd94f4aae5c7f3d3336ab8fde5db12eaa0fcfd60045e72956
vae_candidate_000410	sequence_vae	models/generator/sequence_vae/member_a_v1_seed42/best.pt	d2801a2a130928739f44f9726bcb5bbd7be229fadfe2f05fba5d0f6cc87debdf	member_a_v1_conservative_provisional	28e2c439d1946a789cb3a3812d4c54f1cce0502dbfa9429d77c238425b501f30	4664cb809825b7023ad6a8a90b9492f757446b7b97890595c397504646aa55d4	42	409	1.0	0	1.0	409	74	true	false	eos	73	1fcf1d65bff79a6d594b9b39f39997aa235293515faf7861fe39c8225f142336
vae_candidate_000411	sequence_vae	models/generator/sequence_vae/member_a_v1_seed42/best.pt	d2801a2a130928739f44f9726bcb5bbd7be229fadfe2f05fba5d0f6cc87debdf	member_a_v1_conservative_provisional	28e2c439d1946a789cb3a3812d4c54f1cce0502dbfa9429d77c238425b501f30	4664cb809825b7023ad6a8a90b9492f757446b7b97890595c397504646aa55d4	42	410	1.0	0	1.0	410	97	true	false	eos	96	262427e64d668dfedcb28fa51a82fc46315fbe64e287c74e5280aca12faa2425
vae_candidate_000412	sequence_vae	models/generator/sequence_vae/member_a_v1_seed42/best.pt	d2801a2a130928739f44f9726bcb5bbd7be229fadfe2f05fba5d0f6cc87debdf	member_a_v1_conservative_provisional	28e2c439d1946a789cb3a3812d4c54f1cce0502dbfa9429d77c238425b501f30	4664cb809825b7023ad6a8a90b9492f757446b7b97890595c397504646aa55d4	42	411	1.0	0	1.0	411	118	true	false	eos	117	4e1969e0ec60ff349356e1f255ee5d47fbb4e38b0ccba160fbdd799bb8bc14ae
vae_candidate_000413	sequence_vae	models/generator/sequence_vae/member_a_v1_seed42/best.pt	d2801a2a130928739f44f9726bcb5bbd7be229fadfe2f05fba5d0f6cc87debdf	member_a_v1_conservative_provisional	28e2c439d1946a789cb3a3812d4c54f1cce0502dbfa9429d77c238425b501f30	4664cb809825b7023ad6a8a90b9492f757446b7b97890595c397504646aa55d4	42	412	1.0	0	1.0	412	77	true	false	eos	76	7950594a4b3e18140eefea20923f638d69c87825ecc4e64370aafe96d7704289
vae_candidate_000414	sequence_vae	models/generator/sequence_vae/member_a_v1_seed42/best.pt	d2801a2a130928739f44f9726bcb5bbd7be229fadfe2f05fba5d0f6cc87debdf	member_a_v1_conservative_provisional	28e2c439d1946a789cb3a3812d4c54f1cce0502dbfa9429d77c238425b501f30	4664cb809825b7023ad6a8a90b9492f757446b7b97890595c397504646aa55d4	42	413	1.0	0	1.0	413	83	true	false	eos	82	e9b5bc72a9369adf2d2b3368698c6cc5bd9ca284bcd8bda38278924c230f5ef6
vae_candidate_000415	sequence_vae	models/generator/sequence_vae/member_a_v1_seed42/best.pt	d2801a2a130928739f44f9726bcb5bbd7be229fadfe2f05fba5d0f6cc87debdf	member_a_v1_conservative_provisional	28e2c439d1946a789cb3a3812d4c54f1cce0502dbfa9429d77c238425b501f30	4664cb809825b7023ad6a8a90b9492f757446b7b97890595c397504646aa55d4	42	414	1.0	0	1.0	414	87	true	false	eos	86	369e9b4202145d261ef0eee1e03a00b64b70ac13fbfac6912c33056e64ae6e01
vae_candidate_000416	sequence_vae	models/generator/sequence_vae/member_a_v1_seed42/best.pt	d2801a2a130928739f44f9726bcb5bbd7be229fadfe2f05fba5d0f6cc87debdf	member_a_v1_conservative_provisional	28e2c439d1946a789cb3a3812d4c54f1cce0502dbfa9429d77c238425b501f30	4664cb809825b7023ad6a8a90b9492f757446b7b97890595c397504646aa55d4	42	415	1.0	0	1.0	415	75	true	false	eos	74	49ddefb0c44794cbc2103bff51164a3c6d4d270d61d929a184dd64d5e9d5f899
vae_candidate_000417	sequence_vae	models/generator/sequence_vae/member_a_v1_seed42/best.pt	d2801a2a130928739f44f9726bcb5bbd7be229fadfe2f05fba5d0f6cc87debdf	member_a_v1_conservative_provisional	28e2c439d1946a789cb3a3812d4c54f1cce0502dbfa9429d77c238425b501f30	4664cb809825b7023ad6a8a90b9492f757446b7b97890595c397504646aa55d4	42	416	1.0	0	1.0	416	131	true	false	eos	130	6fca892d23c60be572f87cbde77598eb07ceae7896b157f1a31b928fe78ff9b1
vae_candidate_000418	sequence_vae	models/generator/sequence_vae/member_a_v1_seed42/best.pt	d2801a2a130928739f44f9726bcb5bbd7be229fadfe2f05fba5d0f6cc87debdf	member_a_v1_conservative_provisional	28e2c439d1946a789cb3a3812d4c54f1cce0502dbfa9429d77c238425b501f30	4664cb809825b7023ad6a8a90b9492f757446b7b97890595c397504646aa55d4	42	417	1.0	0	1.0	417	151	true	false	eos	150	1492c12c9a6aaa37246ebbf85fc294bbfed69d63e9877cb6cac21183a1d0bb9d
vae_candidate_000419	sequence_vae	models/generator/sequence_vae/member_a_v1_seed42/best.pt	d2801a2a130928739f44f9726bcb5bbd7be229fadfe2f05fba5d0f6cc87debdf	member_a_v1_conservative_provisional	28e2c439d1946a789cb3a3812d4c54f1cce0502dbfa9429d77c238425b501f30	4664cb809825b7023ad6a8a90b9492f757446b7b97890595c397504646aa55d4	42	418	1.0	0	1.0	418	131	true	false	eos	130	a2908cb01028b273a0ab713b54218496dc91994892113d6471d88cc0a751320f
vae_candidate_000420	sequence_vae	models/generator/sequence_vae/member_a_v1_seed42/best.pt	d2801a2a130928739f44f9726bcb5bbd7be229fadfe2f05fba5d0f6cc87debdf	member_a_v1_conservative_provisional	28e2c439d1946a789cb3a3812d4c54f1cce0502dbfa9429d77c238425b501f30	4664cb809825b7023ad6a8a90b9492f757446b7b97890595c397504646aa55d4	42	419	1.0	0	1.0	419	78	true	false	eos	77	3b33f431a071683a1c51fb69b26bd3da7af1dcb4f1ca45ca1c4b100bd5ffd569
vae_candidate_000421	sequence_vae	models/generator/sequence_vae/member_a_v1_seed42/best.pt	d2801a2a130928739f44f9726bcb5bbd7be229fadfe2f05fba5d0f6cc87debdf	member_a_v1_conservative_provisional	28e2c439d1946a789cb3a3812d4c54f1cce0502dbfa9429d77c238425b501f30	4664cb809825b7023ad6a8a90b9492f757446b7b97890595c397504646aa55d4	42	420	1.0	0	1.0	420	157	true	false	eos	156	2158defe5e714636cd8572ac7e2f0c371123b468b22749c8b30e02b9fa434689
vae_candidate_000422	sequence_vae	models/generator/sequence_vae/member_a_v1_seed42/best.pt	d2801a2a130928739f44f9726bcb5bbd7be229fadfe2f05fba5d0f6cc87debdf	member_a_v1_conservative_provisional	28e2c439d1946a789cb3a3812d4c54f1cce0502dbfa9429d77c238425b501f30	4664cb809825b7023ad6a8a90b9492f757446b7b97890595c397504646aa55d4	42	421	1.0	0	1.0	421	79	true	false	eos	78	9e9c48d023509078f397478988835404b2113bc09dd713bccd4e578287339f92
vae_candidate_000423	sequence_vae	models/generator/sequence_vae/member_a_v1_seed42/best.pt	d2801a2a130928739f44f9726bcb5bbd7be229fadfe2f05fba5d0f6cc87debdf	member_a_v1_conservative_provisional	28e2c439d1946a789cb3a3812d4c54f1cce0502dbfa9429d77c238425b501f30	4664cb809825b7023ad6a8a90b9492f757446b7b97890595c397504646aa55d4	42	422	1.0	0	1.0	422	72	true	false	eos	71	e7f169d994da6bbe8b96d93902d5dc04e415dd0c8e2ca24207149857070337c0
vae_candidate_000424	sequence_vae	models/generator/sequence_vae/member_a_v1_seed42/best.pt	d2801a2a130928739f44f9726bcb5bbd7be229fadfe2f05fba5d0f6cc87debdf	member_a_v1_conservative_provisional	28e2c439d1946a789cb3a3812d4c54f1cce0502dbfa9429d77c238425b501f30	4664cb809825b7023ad6a8a90b9492f757446b7b97890595c397504646aa55d4	42	423	1.0	0	1.0	423	107	true	false	eos	106	ee9f94514862eb905f842c205b8bf046df1ad0525d489f8207c732142b578daf
vae_candidate_000425	sequence_vae	models/generator/sequence_vae/member_a_v1_seed42/best.pt	d2801a2a130928739f44f9726bcb5bbd7be229fadfe2f05fba5d0f6cc87debdf	member_a_v1_conservative_provisional	28e2c439d1946a789cb3a3812d4c54f1cce0502dbfa9429d77c238425b501f30	4664cb809825b7023ad6a8a90b9492f757446b7b97890595c397504646aa55d4	42	424	1.0	0	1.0	424	112	true	false	eos	111	dddf52badc5918a7391ae519f6b1f780abbac5b93c5f45d557d6648ada656129
vae_candidate_000426	sequence_vae	models/generator/sequence_vae/member_a_v1_seed42/best.pt	d2801a2a130928739f44f9726bcb5bbd7be229fadfe2f05fba5d0f6cc87debdf	member_a_v1_conservative_provisional	28e2c439d1946a789cb3a3812d4c54f1cce0502dbfa9429d77c238425b501f30	4664cb809825b7023ad6a8a90b9492f757446b7b97890595c397504646aa55d4	42	425	1.0	0	1.0	425	95	true	false	eos	94	852cf89d588a71926a1746076b48ac0def38db5cc131b9c0b9d0e0c9ee0d629e
vae_candidate_000427	sequence_vae	models/generator/sequence_vae/member_a_v1_seed42/best.pt	d2801a2a130928739f44f9726bcb5bbd7be229fadfe2f05fba5d0f6cc87debdf	member_a_v1_conservative_provisional	28e2c439d1946a789cb3a3812d4c54f1cce0502dbfa9429d77c238425b501f30	4664cb809825b7023ad6a8a90b9492f757446b7b97890595c397504646aa55d4	42	426	1.0	0	1.0	426	83	true	false	eos	82	7da2d1cf3b2f05ff98f7252bdad3dcdc703a8b83dc6925b87415bc147e572615
vae_candidate_000428	sequence_vae	models/generator/sequence_vae/member_a_v1_seed42/best.pt	d2801a2a130928739f44f9726bcb5bbd7be229fadfe2f05fba5d0f6cc87debdf	member_a_v1_conservative_provisional	28e2c439d1946a789cb3a3812d4c54f1cce0502dbfa9429d77c238425b501f30	4664cb809825b7023ad6a8a90b9492f757446b7b97890595c397504646aa55d4	42	427	1.0	0	1.0	427	106	true	false	eos	105	71ef0c6c130186972fef90a71d8e7a1c6b8a28dd7f534433f1f4ab98579dac52
vae_candidate_000429	sequence_vae	models/generator/sequence_vae/member_a_v1_seed42/best.pt	d2801a2a130928739f44f9726bcb5bbd7be229fadfe2f05fba5d0f6cc87debdf	member_a_v1_conservative_provisional	28e2c439d1946a789cb3a3812d4c54f1cce0502dbfa9429d77c238425b501f30	4664cb809825b7023ad6a8a90b9492f757446b7b97890595c397504646aa55d4	42	428	1.0	0	1.0	428	101	true	false	eos	100	16a48ec81053b077665fddc22ad855e7afa04a2a0a9d54ca60eb46c34fb2b3ee
vae_candidate_000430	sequence_vae	models/generator/sequence_vae/member_a_v1_seed42/best.pt	d2801a2a130928739f44f9726bcb5bbd7be229fadfe2f05fba5d0f6cc87debdf	member_a_v1_conservative_provisional	28e2c439d1946a789cb3a3812d4c54f1cce0502dbfa9429d77c238425b501f30	4664cb809825b7023ad6a8a90b9492f757446b7b97890595c397504646aa55d4	42	429	1.0	0	1.0	429	55	true	false	eos	54	d4f7f640173c63151a46cbb8084fb851b7508f7aa2c38c6438db74e3910a123f
vae_candidate_000431	sequence_vae	models/generator/sequence_vae/member_a_v1_seed42/best.pt	d2801a2a130928739f44f9726bcb5bbd7be229fadfe2f05fba5d0f6cc87debdf	member_a_v1_conservative_provisional	28e2c439d1946a789cb3a3812d4c54f1cce0502dbfa9429d77c238425b501f30	4664cb809825b7023ad6a8a90b9492f757446b7b97890595c397504646aa55d4	42	430	1.0	0	1.0	430	116	true	false	eos	115	cfc7c74ecd47dff382d8bbca64d3aac6186513fc92bd49d863c8fbc5f3241831
vae_candidate_000432	sequence_vae	models/generator/sequence_vae/member_a_v1_seed42/best.pt	d2801a2a130928739f44f9726bcb5bbd7be229fadfe2f05fba5d0f6cc87debdf	member_a_v1_conservative_provisional	28e2c439d1946a789cb3a3812d4c54f1cce0502dbfa9429d77c238425b501f30	4664cb809825b7023ad6a8a90b9492f757446b7b97890595c397504646aa55d4	42	431	1.0	0	1.0	431	137	true	false	eos	136	e191e5f16611f2fc98152b0461f13307178abd056ab58218dd0efc684868788f
vae_candidate_000433	sequence_vae	models/generator/sequence_vae/member_a_v1_seed42/best.pt	d2801a2a130928739f44f9726bcb5bbd7be229fadfe2f05fba5d0f6cc87debdf	member_a_v1_conservative_provisional	28e2c439d1946a789cb3a3812d4c54f1cce0502dbfa9429d77c238425b501f30	4664cb809825b7023ad6a8a90b9492f757446b7b97890595c397504646aa55d4	42	432	1.0	0	1.0	432	76	true	false	eos	75	bd81929f96d59f12bf712f915af2ca519685843d332eaf2a31594a84ca848f2d
vae_candidate_000434	sequence_vae	models/generator/sequence_vae/member_a_v1_seed42/best.pt	d2801a2a130928739f44f9726bcb5bbd7be229fadfe2f05fba5d0f6cc87debdf	member_a_v1_conservative_provisional	28e2c439d1946a789cb3a3812d4c54f1cce0502dbfa9429d77c238425b501f30	4664cb809825b7023ad6a8a90b9492f757446b7b97890595c397504646aa55d4	42	433	1.0	0	1.0	433	78	true	false	eos	77	f7c2afe28a990a0dbad69e715f424048bfaa5e3472aa0bddc192aca5352e7234
vae_candidate_000435	sequence_vae	models/generator/sequence_vae/member_a_v1_seed42/best.pt	d2801a2a130928739f44f9726bcb5bbd7be229fadfe2f05fba5d0f6cc87debdf	member_a_v1_conservative_provisional	28e2c439d1946a789cb3a3812d4c54f1cce0502dbfa9429d77c238425b501f30	4664cb809825b7023ad6a8a90b9492f757446b7b97890595c397504646aa55d4	42	434	1.0	0	1.0	434	115	true	false	eos	114	1c60ae4c979fe5b867d2f17826d5b91fc45f200e2e25a24eab1f2e54bcade8b2
vae_candidate_000436	sequence_vae	models/generator/sequence_vae/member_a_v1_seed42/best.pt	d2801a2a130928739f44f9726bcb5bbd7be229fadfe2f05fba5d0f6cc87debdf	member_a_v1_conservative_provisional	28e2c439d1946a789cb3a3812d4c54f1cce0502dbfa9429d77c238425b501f30	4664cb809825b7023ad6a8a90b9492f757446b7b97890595c397504646aa55d4	42	435	1.0	0	1.0	435	94	true	false	eos	93	9f0cace841a5910ecd2892aca89d938560b22f8457df4380340039518c5c18fc
vae_candidate_000437	sequence_vae	models/generator/sequence_vae/member_a_v1_seed42/best.pt	d2801a2a130928739f44f9726bcb5bbd7be229fadfe2f05fba5d0f6cc87debdf	member_a_v1_conservative_provisional	28e2c439d1946a789cb3a3812d4c54f1cce0502dbfa9429d77c238425b501f30	4664cb809825b7023ad6a8a90b9492f757446b7b97890595c397504646aa55d4	42	436	1.0	0	1.0	436	123	true	false	eos	122	b4137db1222f65ade0f27032d16896961abe4a10a791d20d8b57bf342daa6de9
vae_candidate_000438	sequence_vae	models/generator/sequence_vae/member_a_v1_seed42/best.pt	d2801a2a130928739f44f9726bcb5bbd7be229fadfe2f05fba5d0f6cc87debdf	member_a_v1_conservative_provisional	28e2c439d1946a789cb3a3812d4c54f1cce0502dbfa9429d77c238425b501f30	4664cb809825b7023ad6a8a90b9492f757446b7b97890595c397504646aa55d4	42	437	1.0	0	1.0	437	106	true	false	eos	105	0dea11dc355b1caa99a432367e36f7292ce26353b6802fe9f062e466331bd8ae
vae_candidate_000439	sequence_vae	models/generator/sequence_vae/member_a_v1_seed42/best.pt	d2801a2a130928739f44f9726bcb5bbd7be229fadfe2f05fba5d0f6cc87debdf	member_a_v1_conservative_provisional	28e2c439d1946a789cb3a3812d4c54f1cce0502dbfa9429d77c238425b501f30	4664cb809825b7023ad6a8a90b9492f757446b7b97890595c397504646aa55d4	42	438	1.0	0	1.0	438	88	true	false	eos	87	96c8ae4af2189ce43a7bdc8694d74a4fdeaff898b7d8873be5eab2fdb415427a
vae_candidate_000440	sequence_vae	models/generator/sequence_vae/member_a_v1_seed42/best.pt	d2801a2a130928739f44f9726bcb5bbd7be229fadfe2f05fba5d0f6cc87debdf	member_a_v1_conservative_provisional	28e2c439d1946a789cb3a3812d4c54f1cce0502dbfa9429d77c238425b501f30	4664cb809825b7023ad6a8a90b9492f757446b7b97890595c397504646aa55d4	42	439	1.0	0	1.0	439	65	true	false	eos	64	e1772a8993e885a167ead421f9cfa933b8627e318b0d062693de68de5837f460
vae_candidate_000441	sequence_vae	models/generator/sequence_vae/member_a_v1_seed42/best.pt	d2801a2a130928739f44f9726bcb5bbd7be229fadfe2f05fba5d0f6cc87debdf	member_a_v1_conservative_provisional	28e2c439d1946a789cb3a3812d4c54f1cce0502dbfa9429d77c238425b501f30	4664cb809825b7023ad6a8a90b9492f757446b7b97890595c397504646aa55d4	42	440	1.0	0	1.0	440	85	true	false	eos	84	dceccecf5ab33ddca5d88dfa63913b1a1fe53a9abd5f09f6fa49358e925381a7
vae_candidate_000442	sequence_vae	models/generator/sequence_vae/member_a_v1_seed42/best.pt	d2801a2a130928739f44f9726bcb5bbd7be229fadfe2f05fba5d0f6cc87debdf	member_a_v1_conservative_provisional	28e2c439d1946a789cb3a3812d4c54f1cce0502dbfa9429d77c238425b501f30	4664cb809825b7023ad6a8a90b9492f757446b7b97890595c397504646aa55d4	42	441	1.0	0	1.0	441	84	true	false	eos	83	97eb6101d4386f74f2e939214fdc03f0cbde7c82aed875e5bc4353475b55beda
vae_candidate_000443	sequence_vae	models/generator/sequence_vae/member_a_v1_seed42/best.pt	d2801a2a130928739f44f9726bcb5bbd7be229fadfe2f05fba5d0f6cc87debdf	member_a_v1_conservative_provisional	28e2c439d1946a789cb3a3812d4c54f1cce0502dbfa9429d77c238425b501f30	4664cb809825b7023ad6a8a90b9492f757446b7b97890595c397504646aa55d4	42	442	1.0	0	1.0	442	176	true	false	eos	175	1959081215f238b9a55c2861e5611cf9e43d829b872423eee01583329b335134
vae_candidate_000444	sequence_vae	models/generator/sequence_vae/member_a_v1_seed42/best.pt	d2801a2a130928739f44f9726bcb5bbd7be229fadfe2f05fba5d0f6cc87debdf	member_a_v1_conservative_provisional	28e2c439d1946a789cb3a3812d4c54f1cce0502dbfa9429d77c238425b501f30	4664cb809825b7023ad6a8a90b9492f757446b7b97890595c397504646aa55d4	42	443	1.0	0	1.0	443	125	true	false	eos	124	34901c3a9d0c1211d4e66eaf33f548b1218e9b51fa4b715235cf66ae74d36a02
vae_candidate_000445	sequence_vae	models/generator/sequence_vae/member_a_v1_seed42/best.pt	d2801a2a130928739f44f9726bcb5bbd7be229fadfe2f05fba5d0f6cc87debdf	member_a_v1_conservative_provisional	28e2c439d1946a789cb3a3812d4c54f1cce0502dbfa9429d77c238425b501f30	4664cb809825b7023ad6a8a90b9492f757446b7b97890595c397504646aa55d4	42	444	1.0	0	1.0	444	68	true	false	eos	67	e92a5808091496651f803dd89f0cdb5eb4bc9996e986a86447133d663cf05571
vae_candidate_000446	sequence_vae	models/generator/sequence_vae/member_a_v1_seed42/best.pt	d2801a2a130928739f44f9726bcb5bbd7be229fadfe2f05fba5d0f6cc87debdf	member_a_v1_conservative_provisional	28e2c439d1946a789cb3a3812d4c54f1cce0502dbfa9429d77c238425b501f30	4664cb809825b7023ad6a8a90b9492f757446b7b97890595c397504646aa55d4	42	445	1.0	0	1.0	445	91	true	false	eos	90	e8104446d9ecf5706e3a45bfb8ede941f8e51883c7d9d021a8e57366fe9e9e5c
vae_candidate_000447	sequence_vae	models/generator/sequence_vae/member_a_v1_seed42/best.pt	d2801a2a130928739f44f9726bcb5bbd7be229fadfe2f05fba5d0f6cc87debdf	member_a_v1_conservative_provisional	28e2c439d1946a789cb3a3812d4c54f1cce0502dbfa9429d77c238425b501f30	4664cb809825b7023ad6a8a90b9492f757446b7b97890595c397504646aa55d4	42	446	1.0	0	1.0	446	65	true	false	eos	64	79b3200cb42f505a1d6dd3fbc41c31f061c80cc17248a3869728d4b2cf7396c1
vae_candidate_000448	sequence_vae	models/generator/sequence_vae/member_a_v1_seed42/best.pt	d2801a2a130928739f44f9726bcb5bbd7be229fadfe2f05fba5d0f6cc87debdf	member_a_v1_conservative_provisional	28e2c439d1946a789cb3a3812d4c54f1cce0502dbfa9429d77c238425b501f30	4664cb809825b7023ad6a8a90b9492f757446b7b97890595c397504646aa55d4	42	447	1.0	0	1.0	447	101	true	false	eos	100	fe1d3acf70c8f4baa3727d9cc1dee10f4b991be6a88aad21c370e25ece9495ac
vae_candidate_000449	sequence_vae	models/generator/sequence_vae/member_a_v1_seed42/best.pt	d2801a2a130928739f44f9726bcb5bbd7be229fadfe2f05fba5d0f6cc87debdf	member_a_v1_conservative_provisional	28e2c439d1946a789cb3a3812d4c54f1cce0502dbfa9429d77c238425b501f30	4664cb809825b7023ad6a8a90b9492f757446b7b97890595c397504646aa55d4	42	448	1.0	0	1.0	448	74	true	false	eos	73	66e554c9184696239f40e0717d8c7f26a6480ba3446b5ae1968857e45234d4a1
vae_candidate_000450	sequence_vae	models/generator/sequence_vae/member_a_v1_seed42/best.pt	d2801a2a130928739f44f9726bcb5bbd7be229fadfe2f05fba5d0f6cc87debdf	member_a_v1_conservative_provisional	28e2c439d1946a789cb3a3812d4c54f1cce0502dbfa9429d77c238425b501f30	4664cb809825b7023ad6a8a90b9492f757446b7b97890595c397504646aa55d4	42	449	1.0	0	1.0	449	75	true	false	eos	74	122ff4c7e3800023fed988e6dda227d405ac2d37e8f4eb249cb3b9df2b6248d8
vae_candidate_000451	sequence_vae	models/generator/sequence_vae/member_a_v1_seed42/best.pt	d2801a2a130928739f44f9726bcb5bbd7be229fadfe2f05fba5d0f6cc87debdf	member_a_v1_conservative_provisional	28e2c439d1946a789cb3a3812d4c54f1cce0502dbfa9429d77c238425b501f30	4664cb809825b7023ad6a8a90b9492f757446b7b97890595c397504646aa55d4	42	450	1.0	0	1.0	450	114	true	false	eos	113	70c7faa5bafdb3b490b5a0cffdfe17e62ac5745e87fbb94966421160fa899491
vae_candidate_000452	sequence_vae	models/generator/sequence_vae/member_a_v1_seed42/best.pt	d2801a2a130928739f44f9726bcb5bbd7be229fadfe2f05fba5d0f6cc87debdf	member_a_v1_conservative_provisional	28e2c439d1946a789cb3a3812d4c54f1cce0502dbfa9429d77c238425b501f30	4664cb809825b7023ad6a8a90b9492f757446b7b97890595c397504646aa55d4	42	451	1.0	0	1.0	451	125	true	false	eos	124	adc2424742794fcf5adabc33066bd24de6c612ca512447884c44c980c6f0f6ba
vae_candidate_000453	sequence_vae	models/generator/sequence_vae/member_a_v1_seed42/best.pt	d2801a2a130928739f44f9726bcb5bbd7be229fadfe2f05fba5d0f6cc87debdf	member_a_v1_conservative_provisional	28e2c439d1946a789cb3a3812d4c54f1cce0502dbfa9429d77c238425b501f30	4664cb809825b7023ad6a8a90b9492f757446b7b97890595c397504646aa55d4	42	452	1.0	0	1.0	452	96	true	false	eos	95	4efaaf3ed6593aa9675cbfa3f4db67b22085d2ee8767802d4a77fa2a00fa5bd6
vae_candidate_000454	sequence_vae	models/generator/sequence_vae/member_a_v1_seed42/best.pt	d2801a2a130928739f44f9726bcb5bbd7be229fadfe2f05fba5d0f6cc87debdf	member_a_v1_conservative_provisional	28e2c439d1946a789cb3a3812d4c54f1cce0502dbfa9429d77c238425b501f30	4664cb809825b7023ad6a8a90b9492f757446b7b97890595c397504646aa55d4	42	453	1.0	0	1.0	453	124	true	false	eos	123	ef6880f849cf1ba3e0aacfe61fa63aa3ec532344e613e0c9640e89aeb3d3e3b1
vae_candidate_000455	sequence_vae	models/generator/sequence_vae/member_a_v1_seed42/best.pt	d2801a2a130928739f44f9726bcb5bbd7be229fadfe2f05fba5d0f6cc87debdf	member_a_v1_conservative_provisional	28e2c439d1946a789cb3a3812d4c54f1cce0502dbfa9429d77c238425b501f30	4664cb809825b7023ad6a8a90b9492f757446b7b97890595c397504646aa55d4	42	454	1.0	0	1.0	454	101	true	false	eos	100	fefe3035466e1c3f091247bc77ccf1ae16fff2442b037d0eba663de782e8dc77
vae_candidate_000456	sequence_vae	models/generator/sequence_vae/member_a_v1_seed42/best.pt	d2801a2a130928739f44f9726bcb5bbd7be229fadfe2f05fba5d0f6cc87debdf	member_a_v1_conservative_provisional	28e2c439d1946a789cb3a3812d4c54f1cce0502dbfa9429d77c238425b501f30	4664cb809825b7023ad6a8a90b9492f757446b7b97890595c397504646aa55d4	42	455	1.0	0	1.0	455	94	true	false	eos	93	0ab3516c549bdcf27394ae98e3d9443cafb22364c1591e3e28a4ac007777d8f5
vae_candidate_000457	sequence_vae	models/generator/sequence_vae/member_a_v1_seed42/best.pt	d2801a2a130928739f44f9726bcb5bbd7be229fadfe2f05fba5d0f6cc87debdf	member_a_v1_conservative_provisional	28e2c439d1946a789cb3a3812d4c54f1cce0502dbfa9429d77c238425b501f30	4664cb809825b7023ad6a8a90b9492f757446b7b97890595c397504646aa55d4	42	456	1.0	0	1.0	456	86	true	false	eos	85	d49c81b8b45165cc8a62c47c82167954f751834942382ec2b19c620754bbc5e4
vae_candidate_000458	sequence_vae	models/generator/sequence_vae/member_a_v1_seed42/best.pt	d2801a2a130928739f44f9726bcb5bbd7be229fadfe2f05fba5d0f6cc87debdf	member_a_v1_conservative_provisional	28e2c439d1946a789cb3a3812d4c54f1cce0502dbfa9429d77c238425b501f30	4664cb809825b7023ad6a8a90b9492f757446b7b97890595c397504646aa55d4	42	457	1.0	0	1.0	457	132	true	false	eos	131	5ce156e46480e701b6deb68ade4b7ce92794f9c90caa4b13f03cfb394e1efa4d
vae_candidate_000459	sequence_vae	models/generator/sequence_vae/member_a_v1_seed42/best.pt	d2801a2a130928739f44f9726bcb5bbd7be229fadfe2f05fba5d0f6cc87debdf	member_a_v1_conservative_provisional	28e2c439d1946a789cb3a3812d4c54f1cce0502dbfa9429d77c238425b501f30	4664cb809825b7023ad6a8a90b9492f757446b7b97890595c397504646aa55d4	42	458	1.0	0	1.0	458	108	true	false	eos	107	4227347fd420b706d58040d0edd275bd739e39be533e32f80dd90aed0a3664f3
vae_candidate_000460	sequence_vae	models/generator/sequence_vae/member_a_v1_seed42/best.pt	d2801a2a130928739f44f9726bcb5bbd7be229fadfe2f05fba5d0f6cc87debdf	member_a_v1_conservative_provisional	28e2c439d1946a789cb3a3812d4c54f1cce0502dbfa9429d77c238425b501f30	4664cb809825b7023ad6a8a90b9492f757446b7b97890595c397504646aa55d4	42	459	1.0	0	1.0	459	102	true	false	eos	101	7f2c17c48bb327652e0d5484d6668350e792fcc7c513efa2f45be097161886cd
vae_candidate_000461	sequence_vae	models/generator/sequence_vae/member_a_v1_seed42/best.pt	d2801a2a130928739f44f9726bcb5bbd7be229fadfe2f05fba5d0f6cc87debdf	member_a_v1_conservative_provisional	28e2c439d1946a789cb3a3812d4c54f1cce0502dbfa9429d77c238425b501f30	4664cb809825b7023ad6a8a90b9492f757446b7b97890595c397504646aa55d4	42	460	1.0	0	1.0	460	106	true	false	eos	105	c8c17b6add3bf99a9e7cca0da71e4f596bc0a77a39b8cd5b05e7e0793e3e4b4f
vae_candidate_000462	sequence_vae	models/generator/sequence_vae/member_a_v1_seed42/best.pt	d2801a2a130928739f44f9726bcb5bbd7be229fadfe2f05fba5d0f6cc87debdf	member_a_v1_conservative_provisional	28e2c439d1946a789cb3a3812d4c54f1cce0502dbfa9429d77c238425b501f30	4664cb809825b7023ad6a8a90b9492f757446b7b97890595c397504646aa55d4	42	461	1.0	0	1.0	461	94	true	false	eos	93	56b87d925cc8710525b3fd7a20c665d2bfccb3c62453fd40aa6f5f0c69b80e61
vae_candidate_000463	sequence_vae	models/generator/sequence_vae/member_a_v1_seed42/best.pt	d2801a2a130928739f44f9726bcb5bbd7be229fadfe2f05fba5d0f6cc87debdf	member_a_v1_conservative_provisional	28e2c439d1946a789cb3a3812d4c54f1cce0502dbfa9429d77c238425b501f30	4664cb809825b7023ad6a8a90b9492f757446b7b97890595c397504646aa55d4	42	462	1.0	0	1.0	462	86	true	false	eos	85	8ebe3c53cc420aafc6760a03ac285b7d74e4498260c9f91b4578874c2005479f
vae_candidate_000464	sequence_vae	models/generator/sequence_vae/member_a_v1_seed42/best.pt	d2801a2a130928739f44f9726bcb5bbd7be229fadfe2f05fba5d0f6cc87debdf	member_a_v1_conservative_provisional	28e2c439d1946a789cb3a3812d4c54f1cce0502dbfa9429d77c238425b501f30	4664cb809825b7023ad6a8a90b9492f757446b7b97890595c397504646aa55d4	42	463	1.0	0	1.0	463	118	true	false	eos	117	d62e928b7952e3b59c744efecebd427180ad8b26ecdfc523a2763f912e10be15
vae_candidate_000465	sequence_vae	models/generator/sequence_vae/member_a_v1_seed42/best.pt	d2801a2a130928739f44f9726bcb5bbd7be229fadfe2f05fba5d0f6cc87debdf	member_a_v1_conservative_provisional	28e2c439d1946a789cb3a3812d4c54f1cce0502dbfa9429d77c238425b501f30	4664cb809825b7023ad6a8a90b9492f757446b7b97890595c397504646aa55d4	42	464	1.0	0	1.0	464	70	true	false	eos	69	bb461b48960f315d061ed290964b0942a0897e9feaec54e1014d959ce22d5ab2
vae_candidate_000466	sequence_vae	models/generator/sequence_vae/member_a_v1_seed42/best.pt	d2801a2a130928739f44f9726bcb5bbd7be229fadfe2f05fba5d0f6cc87debdf	member_a_v1_conservative_provisional	28e2c439d1946a789cb3a3812d4c54f1cce0502dbfa9429d77c238425b501f30	4664cb809825b7023ad6a8a90b9492f757446b7b97890595c397504646aa55d4	42	465	1.0	0	1.0	465	102	true	false	eos	101	4448658a5a9f0f858f74619c7712bda634edbb4ec68d89301b2b45ff7ca3f451
vae_candidate_000467	sequence_vae	models/generator/sequence_vae/member_a_v1_seed42/best.pt	d2801a2a130928739f44f9726bcb5bbd7be229fadfe2f05fba5d0f6cc87debdf	member_a_v1_conservative_provisional	28e2c439d1946a789cb3a3812d4c54f1cce0502dbfa9429d77c238425b501f30	4664cb809825b7023ad6a8a90b9492f757446b7b97890595c397504646aa55d4	42	466	1.0	0	1.0	466	103	true	false	eos	102	8b0c7460ab2a6b30ea22c7ff4da0a36489e99527033205cf9c1d431e9c33a58a
vae_candidate_000468	sequence_vae	models/generator/sequence_vae/member_a_v1_seed42/best.pt	d2801a2a130928739f44f9726bcb5bbd7be229fadfe2f05fba5d0f6cc87debdf	member_a_v1_conservative_provisional	28e2c439d1946a789cb3a3812d4c54f1cce0502dbfa9429d77c238425b501f30	4664cb809825b7023ad6a8a90b9492f757446b7b97890595c397504646aa55d4	42	467	1.0	0	1.0	467	59	true	false	eos	58	6cb23a5488cab2cef86f4dda7ba512ef7d78d337c70e4b70018f2c0b1de05bce
vae_candidate_000469	sequence_vae	models/generator/sequence_vae/member_a_v1_seed42/best.pt	d2801a2a130928739f44f9726bcb5bbd7be229fadfe2f05fba5d0f6cc87debdf	member_a_v1_conservative_provisional	28e2c439d1946a789cb3a3812d4c54f1cce0502dbfa9429d77c238425b501f30	4664cb809825b7023ad6a8a90b9492f757446b7b97890595c397504646aa55d4	42	468	1.0	0	1.0	468	86	true	false	eos	85	02ad16ea502185b7e8bc45c5d24e42963ca4776de235876e2a3e77ac24492ddf
vae_candidate_000470	sequence_vae	models/generator/sequence_vae/member_a_v1_seed42/best.pt	d2801a2a130928739f44f9726bcb5bbd7be229fadfe2f05fba5d0f6cc87debdf	member_a_v1_conservative_provisional	28e2c439d1946a789cb3a3812d4c54f1cce0502dbfa9429d77c238425b501f30	4664cb809825b7023ad6a8a90b9492f757446b7b97890595c397504646aa55d4	42	469	1.0	0	1.0	469	134	true	false	eos	133	5248b394ee32e978001e08b1bf819b58cf447021fb1ba3942aed4b3adc089d77
vae_candidate_000471	sequence_vae	models/generator/sequence_vae/member_a_v1_seed42/best.pt	d2801a2a130928739f44f9726bcb5bbd7be229fadfe2f05fba5d0f6cc87debdf	member_a_v1_conservative_provisional	28e2c439d1946a789cb3a3812d4c54f1cce0502dbfa9429d77c238425b501f30	4664cb809825b7023ad6a8a90b9492f757446b7b97890595c397504646aa55d4	42	470	1.0	0	1.0	470	74	true	false	eos	73	f78de2ea79597aed10e75c2d475f0fb92efc599fa7f9ab5cb7cbe4eee34f42aa
vae_candidate_000472	sequence_vae	models/generator/sequence_vae/member_a_v1_seed42/best.pt	d2801a2a130928739f44f9726bcb5bbd7be229fadfe2f05fba5d0f6cc87debdf	member_a_v1_conservative_provisional	28e2c439d1946a789cb3a3812d4c54f1cce0502dbfa9429d77c238425b501f30	4664cb809825b7023ad6a8a90b9492f757446b7b97890595c397504646aa55d4	42	471	1.0	0	1.0	471	180	false	true	length_cap	180	1acb00b6574f8d9dba82c1d5a93c555a8c1b4ab3b4f95ca906ec367d558db9d5
vae_candidate_000473	sequence_vae	models/generator/sequence_vae/member_a_v1_seed42/best.pt	d2801a2a130928739f44f9726bcb5bbd7be229fadfe2f05fba5d0f6cc87debdf	member_a_v1_conservative_provisional	28e2c439d1946a789cb3a3812d4c54f1cce0502dbfa9429d77c238425b501f30	4664cb809825b7023ad6a8a90b9492f757446b7b97890595c397504646aa55d4	42	472	1.0	0	1.0	472	65	true	false	eos	64	c4e112f577eaf9f0ee4979ccfa84af64d5292eb6d77e76ea1e99710df2ab4f35
vae_candidate_000474	sequence_vae	models/generator/sequence_vae/member_a_v1_seed42/best.pt	d2801a2a130928739f44f9726bcb5bbd7be229fadfe2f05fba5d0f6cc87debdf	member_a_v1_conservative_provisional	28e2c439d1946a789cb3a3812d4c54f1cce0502dbfa9429d77c238425b501f30	4664cb809825b7023ad6a8a90b9492f757446b7b97890595c397504646aa55d4	42	473	1.0	0	1.0	473	64	true	false	eos	63	d5f0c0e77b34dfdd7478052ceac5883c317ed8b1fc6791ad2529ea186313a94e
vae_candidate_000475	sequence_vae	models/generator/sequence_vae/member_a_v1_seed42/best.pt	d2801a2a130928739f44f9726bcb5bbd7be229fadfe2f05fba5d0f6cc87debdf	member_a_v1_conservative_provisional	28e2c439d1946a789cb3a3812d4c54f1cce0502dbfa9429d77c238425b501f30	4664cb809825b7023ad6a8a90b9492f757446b7b97890595c397504646aa55d4	42	474	1.0	0	1.0	474	135	true	false	eos	134	2be70d02c5a1d7eac50a27cdd3599b5c33635e3d8a35b4ff6df721d93a26ad5e
vae_candidate_000476	sequence_vae	models/generator/sequence_vae/member_a_v1_seed42/best.pt	d2801a2a130928739f44f9726bcb5bbd7be229fadfe2f05fba5d0f6cc87debdf	member_a_v1_conservative_provisional	28e2c439d1946a789cb3a3812d4c54f1cce0502dbfa9429d77c238425b501f30	4664cb809825b7023ad6a8a90b9492f757446b7b97890595c397504646aa55d4	42	475	1.0	0	1.0	475	108	true	false	eos	107	e0729a65b3064dca3bdcaf16cfb4978a275875f3e1f0344c7aba9e29fa2b4816
vae_candidate_000477	sequence_vae	models/generator/sequence_vae/member_a_v1_seed42/best.pt	d2801a2a130928739f44f9726bcb5bbd7be229fadfe2f05fba5d0f6cc87debdf	member_a_v1_conservative_provisional	28e2c439d1946a789cb3a3812d4c54f1cce0502dbfa9429d77c238425b501f30	4664cb809825b7023ad6a8a90b9492f757446b7b97890595c397504646aa55d4	42	476	1.0	0	1.0	476	116	true	false	eos	115	40267f3cc382df9007abb0fe8f122270f062a618764c92f32e654c1c238f9f14
vae_candidate_000478	sequence_vae	models/generator/sequence_vae/member_a_v1_seed42/best.pt	d2801a2a130928739f44f9726bcb5bbd7be229fadfe2f05fba5d0f6cc87debdf	member_a_v1_conservative_provisional	28e2c439d1946a789cb3a3812d4c54f1cce0502dbfa9429d77c238425b501f30	4664cb809825b7023ad6a8a90b9492f757446b7b97890595c397504646aa55d4	42	477	1.0	0	1.0	477	102	true	false	eos	101	e1798b62f77b8b75363ce00661fd78600215056639a52d90b29a46f718614c3c
vae_candidate_000479	sequence_vae	models/generator/sequence_vae/member_a_v1_seed42/best.pt	d2801a2a130928739f44f9726bcb5bbd7be229fadfe2f05fba5d0f6cc87debdf	member_a_v1_conservative_provisional	28e2c439d1946a789cb3a3812d4c54f1cce0502dbfa9429d77c238425b501f30	4664cb809825b7023ad6a8a90b9492f757446b7b97890595c397504646aa55d4	42	478	1.0	0	1.0	478	180	false	true	length_cap	180	a62e5808c85e1e4671b28f8eb526d17224fb3a27fabcbbc82f1009464011f38c
vae_candidate_000480	sequence_vae	models/generator/sequence_vae/member_a_v1_seed42/best.pt	d2801a2a130928739f44f9726bcb5bbd7be229fadfe2f05fba5d0f6cc87debdf	member_a_v1_conservative_provisional	28e2c439d1946a789cb3a3812d4c54f1cce0502dbfa9429d77c238425b501f30	4664cb809825b7023ad6a8a90b9492f757446b7b97890595c397504646aa55d4	42	479	1.0	0	1.0	479	88	true	false	eos	87	50192cb708432068a1d0d696d11dc865ffefc3644de8948e0fef0199901b10ee
vae_candidate_000481	sequence_vae	models/generator/sequence_vae/member_a_v1_seed42/best.pt	d2801a2a130928739f44f9726bcb5bbd7be229fadfe2f05fba5d0f6cc87debdf	member_a_v1_conservative_provisional	28e2c439d1946a789cb3a3812d4c54f1cce0502dbfa9429d77c238425b501f30	4664cb809825b7023ad6a8a90b9492f757446b7b97890595c397504646aa55d4	42	480	1.0	0	1.0	480	60	true	false	eos	59	dd6c49ee2635be40ceb6c4615a750f637866e9b8b130f98d47c4ebe0c4a3cb00
vae_candidate_000482	sequence_vae	models/generator/sequence_vae/member_a_v1_seed42/best.pt	d2801a2a130928739f44f9726bcb5bbd7be229fadfe2f05fba5d0f6cc87debdf	member_a_v1_conservative_provisional	28e2c439d1946a789cb3a3812d4c54f1cce0502dbfa9429d77c238425b501f30	4664cb809825b7023ad6a8a90b9492f757446b7b97890595c397504646aa55d4	42	481	1.0	0	1.0	481	108	true	false	eos	107	9828ed27a61ec319dd9be68761dd3d34e9fe93c851ee1c43a1284026fc4cb13f
vae_candidate_000483	sequence_vae	models/generator/sequence_vae/member_a_v1_seed42/best.pt	d2801a2a130928739f44f9726bcb5bbd7be229fadfe2f05fba5d0f6cc87debdf	member_a_v1_conservative_provisional	28e2c439d1946a789cb3a3812d4c54f1cce0502dbfa9429d77c238425b501f30	4664cb809825b7023ad6a8a90b9492f757446b7b97890595c397504646aa55d4	42	482	1.0	0	1.0	482	60	true	false	eos	59	e459816bfca40d09d58a5951da82a2ab7ea603d99eb8b78037ab0111fb93b069
vae_candidate_000484	sequence_vae	models/generator/sequence_vae/member_a_v1_seed42/best.pt	d2801a2a130928739f44f9726bcb5bbd7be229fadfe2f05fba5d0f6cc87debdf	member_a_v1_conservative_provisional	28e2c439d1946a789cb3a3812d4c54f1cce0502dbfa9429d77c238425b501f30	4664cb809825b7023ad6a8a90b9492f757446b7b97890595c397504646aa55d4	42	483	1.0	0	1.0	483	75	true	false	eos	74	860ae2e6e54b09cc449bf47f30c4bd29602a3b7bcfc5e1fedc1e02bba780b1d1
vae_candidate_000485	sequence_vae	models/generator/sequence_vae/member_a_v1_seed42/best.pt	d2801a2a130928739f44f9726bcb5bbd7be229fadfe2f05fba5d0f6cc87debdf	member_a_v1_conservative_provisional	28e2c439d1946a789cb3a3812d4c54f1cce0502dbfa9429d77c238425b501f30	4664cb809825b7023ad6a8a90b9492f757446b7b97890595c397504646aa55d4	42	484	1.0	0	1.0	484	90	true	false	eos	89	76165ffefb61306134731cfc203a1f761412d55c8a986bb09b9f1ed4f9af4ffd
vae_candidate_000486	sequence_vae	models/generator/sequence_vae/member_a_v1_seed42/best.pt	d2801a2a130928739f44f9726bcb5bbd7be229fadfe2f05fba5d0f6cc87debdf	member_a_v1_conservative_provisional	28e2c439d1946a789cb3a3812d4c54f1cce0502dbfa9429d77c238425b501f30	4664cb809825b7023ad6a8a90b9492f757446b7b97890595c397504646aa55d4	42	485	1.0	0	1.0	485	98	true	false	eos	97	5eb2a06fb77940d2873b48c3f39ca7cc2b06aae45f6bce006ebb6c046e2e6270
vae_candidate_000487	sequence_vae	models/generator/sequence_vae/member_a_v1_seed42/best.pt	d2801a2a130928739f44f9726bcb5bbd7be229fadfe2f05fba5d0f6cc87debdf	member_a_v1_conservative_provisional	28e2c439d1946a789cb3a3812d4c54f1cce0502dbfa9429d77c238425b501f30	4664cb809825b7023ad6a8a90b9492f757446b7b97890595c397504646aa55d4	42	486	1.0	0	1.0	486	91	true	false	eos	90	88ac859bd1dce9c2f17c322e0823b6c6614613beccd39cd2d1ddb8f3a3b7cbf9
vae_candidate_000488	sequence_vae	models/generator/sequence_vae/member_a_v1_seed42/best.pt	d2801a2a130928739f44f9726bcb5bbd7be229fadfe2f05fba5d0f6cc87debdf	member_a_v1_conservative_provisional	28e2c439d1946a789cb3a3812d4c54f1cce0502dbfa9429d77c238425b501f30	4664cb809825b7023ad6a8a90b9492f757446b7b97890595c397504646aa55d4	42	487	1.0	0	1.0	487	155	true	false	eos	154	5368af9dc80335e61d8d03b0e314c070fcf554273583f2830f3500927df55ab9
vae_candidate_000489	sequence_vae	models/generator/sequence_vae/member_a_v1_seed42/best.pt	d2801a2a130928739f44f9726bcb5bbd7be229fadfe2f05fba5d0f6cc87debdf	member_a_v1_conservative_provisional	28e2c439d1946a789cb3a3812d4c54f1cce0502dbfa9429d77c238425b501f30	4664cb809825b7023ad6a8a90b9492f757446b7b97890595c397504646aa55d4	42	488	1.0	0	1.0	488	158	true	false	eos	157	5c699c8f3405e0784e364ef3e265467b2c87a2805fe57f4263424d6ecb1f3faa
vae_candidate_000490	sequence_vae	models/generator/sequence_vae/member_a_v1_seed42/best.pt	d2801a2a130928739f44f9726bcb5bbd7be229fadfe2f05fba5d0f6cc87debdf	member_a_v1_conservative_provisional	28e2c439d1946a789cb3a3812d4c54f1cce0502dbfa9429d77c238425b501f30	4664cb809825b7023ad6a8a90b9492f757446b7b97890595c397504646aa55d4	42	489	1.0	0	1.0	489	83	true	false	eos	82	5ea674964c8a1b8fed464276917bbe9d6c2de1b8fb53962b3bc845d191c773af
vae_candidate_000491	sequence_vae	models/generator/sequence_vae/member_a_v1_seed42/best.pt	d2801a2a130928739f44f9726bcb5bbd7be229fadfe2f05fba5d0f6cc87debdf	member_a_v1_conservative_provisional	28e2c439d1946a789cb3a3812d4c54f1cce0502dbfa9429d77c238425b501f30	4664cb809825b7023ad6a8a90b9492f757446b7b97890595c397504646aa55d4	42	490	1.0	0	1.0	490	83	true	false	eos	82	ca6277f91a5870408cd833d980fa569bdb2e0300f82a0a8c5cb2db0a18e8685a
vae_candidate_000492	sequence_vae	models/generator/sequence_vae/member_a_v1_seed42/best.pt	d2801a2a130928739f44f9726bcb5bbd7be229fadfe2f05fba5d0f6cc87debdf	member_a_v1_conservative_provisional	28e2c439d1946a789cb3a3812d4c54f1cce0502dbfa9429d77c238425b501f30	4664cb809825b7023ad6a8a90b9492f757446b7b97890595c397504646aa55d4	42	491	1.0	0	1.0	491	68	true	false	eos	67	bd0092b372bca838df0908c28e3e6631987d0e2a8f1120c4a73178a1f655b405
vae_candidate_000493	sequence_vae	models/generator/sequence_vae/member_a_v1_seed42/best.pt	d2801a2a130928739f44f9726bcb5bbd7be229fadfe2f05fba5d0f6cc87debdf	member_a_v1_conservative_provisional	28e2c439d1946a789cb3a3812d4c54f1cce0502dbfa9429d77c238425b501f30	4664cb809825b7023ad6a8a90b9492f757446b7b97890595c397504646aa55d4	42	492	1.0	0	1.0	492	92	true	false	eos	91	c98768b7a4efc02a261a587c9120dbc068b9650a02994b7a4856ccd13f20ee1a
vae_candidate_000494	sequence_vae	models/generator/sequence_vae/member_a_v1_seed42/best.pt	d2801a2a130928739f44f9726bcb5bbd7be229fadfe2f05fba5d0f6cc87debdf	member_a_v1_conservative_provisional	28e2c439d1946a789cb3a3812d4c54f1cce0502dbfa9429d77c238425b501f30	4664cb809825b7023ad6a8a90b9492f757446b7b97890595c397504646aa55d4	42	493	1.0	0	1.0	493	100	true	false	eos	99	ba49c6edcd829ce33bfae0aecce0e6db16170e95b8b7aad9b32521644411916f
vae_candidate_000495	sequence_vae	models/generator/sequence_vae/member_a_v1_seed42/best.pt	d2801a2a130928739f44f9726bcb5bbd7be229fadfe2f05fba5d0f6cc87debdf	member_a_v1_conservative_provisional	28e2c439d1946a789cb3a3812d4c54f1cce0502dbfa9429d77c238425b501f30	4664cb809825b7023ad6a8a90b9492f757446b7b97890595c397504646aa55d4	42	494	1.0	0	1.0	494	63	true	false	eos	62	eac7308575c68abfd38508401baeafeae11dd5e8d4d169616e98c48e3354d28e
vae_candidate_000496	sequence_vae	models/generator/sequence_vae/member_a_v1_seed42/best.pt	d2801a2a130928739f44f9726bcb5bbd7be229fadfe2f05fba5d0f6cc87debdf	member_a_v1_conservative_provisional	28e2c439d1946a789cb3a3812d4c54f1cce0502dbfa9429d77c238425b501f30	4664cb809825b7023ad6a8a90b9492f757446b7b97890595c397504646aa55d4	42	495	1.0	0	1.0	495	70	true	false	eos	69	804b2c8ac1a1fca6b3799d6bb46e50a621bf3fb1196fcd77c557208e587f9734
vae_candidate_000497	sequence_vae	models/generator/sequence_vae/member_a_v1_seed42/best.pt	d2801a2a130928739f44f9726bcb5bbd7be229fadfe2f05fba5d0f6cc87debdf	member_a_v1_conservative_provisional	28e2c439d1946a789cb3a3812d4c54f1cce0502dbfa9429d77c238425b501f30	4664cb809825b7023ad6a8a90b9492f757446b7b97890595c397504646aa55d4	42	496	1.0	0	1.0	496	61	true	false	eos	60	13dfea0077fb64ad22d782e2df58d35fccaa8dba314d30f573d929fcb8e95e87
vae_candidate_000498	sequence_vae	models/generator/sequence_vae/member_a_v1_seed42/best.pt	d2801a2a130928739f44f9726bcb5bbd7be229fadfe2f05fba5d0f6cc87debdf	member_a_v1_conservative_provisional	28e2c439d1946a789cb3a3812d4c54f1cce0502dbfa9429d77c238425b501f30	4664cb809825b7023ad6a8a90b9492f757446b7b97890595c397504646aa55d4	42	497	1.0	0	1.0	497	83	true	false	eos	82	ac748e5edd4a5272caa3fd4038875909346a62b71d5f51bdbb56de49520ea2e1
vae_candidate_000499	sequence_vae	models/generator/sequence_vae/member_a_v1_seed42/best.pt	d2801a2a130928739f44f9726bcb5bbd7be229fadfe2f05fba5d0f6cc87debdf	member_a_v1_conservative_provisional	28e2c439d1946a789cb3a3812d4c54f1cce0502dbfa9429d77c238425b501f30	4664cb809825b7023ad6a8a90b9492f757446b7b97890595c397504646aa55d4	42	498	1.0	0	1.0	498	67	true	false	eos	66	ffad58de7d307c70a4b28a62810c4b4fc6cd8ef65a78138a001111a3631ea452
vae_candidate_000500	sequence_vae	models/generator/sequence_vae/member_a_v1_seed42/best.pt	d2801a2a130928739f44f9726bcb5bbd7be229fadfe2f05fba5d0f6cc87debdf	member_a_v1_conservative_provisional	28e2c439d1946a789cb3a3812d4c54f1cce0502dbfa9429d77c238425b501f30	4664cb809825b7023ad6a8a90b9492f757446b7b97890595c397504646aa55d4	42	499	1.0	0	1.0	499	106	true	false	eos	105	051902327f66ae7251b858c922d7b71d901bcf423ea4549c8857c8653e20a97a
vae_candidate_000501	sequence_vae	models/generator/sequence_vae/member_a_v1_seed42/best.pt	d2801a2a130928739f44f9726bcb5bbd7be229fadfe2f05fba5d0f6cc87debdf	member_a_v1_conservative_provisional	28e2c439d1946a789cb3a3812d4c54f1cce0502dbfa9429d77c238425b501f30	4664cb809825b7023ad6a8a90b9492f757446b7b97890595c397504646aa55d4	42	500	1.0	0	1.0	500	91	true	false	eos	90	237d49daae911d9b57e6934e01b1bef4158e070f4e79ed8954baf426a47f7bee
vae_candidate_000502	sequence_vae	models/generator/sequence_vae/member_a_v1_seed42/best.pt	d2801a2a130928739f44f9726bcb5bbd7be229fadfe2f05fba5d0f6cc87debdf	member_a_v1_conservative_provisional	28e2c439d1946a789cb3a3812d4c54f1cce0502dbfa9429d77c238425b501f30	4664cb809825b7023ad6a8a90b9492f757446b7b97890595c397504646aa55d4	42	501	1.0	0	1.0	501	103	true	false	eos	102	7466b61598868278af2348b61f3fb697807e9212965c411d0de8b966a774033d
vae_candidate_000503	sequence_vae	models/generator/sequence_vae/member_a_v1_seed42/best.pt	d2801a2a130928739f44f9726bcb5bbd7be229fadfe2f05fba5d0f6cc87debdf	member_a_v1_conservative_provisional	28e2c439d1946a789cb3a3812d4c54f1cce0502dbfa9429d77c238425b501f30	4664cb809825b7023ad6a8a90b9492f757446b7b97890595c397504646aa55d4	42	502	1.0	0	1.0	502	117	true	false	eos	116	43cd241ee4415ec5135249a32a6d78f6d45355887fbb727c80ed8e2cc895732c
vae_candidate_000504	sequence_vae	models/generator/sequence_vae/member_a_v1_seed42/best.pt	d2801a2a130928739f44f9726bcb5bbd7be229fadfe2f05fba5d0f6cc87debdf	member_a_v1_conservative_provisional	28e2c439d1946a789cb3a3812d4c54f1cce0502dbfa9429d77c238425b501f30	4664cb809825b7023ad6a8a90b9492f757446b7b97890595c397504646aa55d4	42	503	1.0	0	1.0	503	90	true	false	eos	89	f06c72b85e56aefe81916297bc7af4d9ed33a0b01e10c179374b0798f1111e2c
vae_candidate_000505	sequence_vae	models/generator/sequence_vae/member_a_v1_seed42/best.pt	d2801a2a130928739f44f9726bcb5bbd7be229fadfe2f05fba5d0f6cc87debdf	member_a_v1_conservative_provisional	28e2c439d1946a789cb3a3812d4c54f1cce0502dbfa9429d77c238425b501f30	4664cb809825b7023ad6a8a90b9492f757446b7b97890595c397504646aa55d4	42	504	1.0	0	1.0	504	83	true	false	eos	82	7290561b620b4895054749ded8512e344d7c2f77aeb8b73fc371ad126d8cc062
vae_candidate_000506	sequence_vae	models/generator/sequence_vae/member_a_v1_seed42/best.pt	d2801a2a130928739f44f9726bcb5bbd7be229fadfe2f05fba5d0f6cc87debdf	member_a_v1_conservative_provisional	28e2c439d1946a789cb3a3812d4c54f1cce0502dbfa9429d77c238425b501f30	4664cb809825b7023ad6a8a90b9492f757446b7b97890595c397504646aa55d4	42	505	1.0	0	1.0	505	117	true	false	eos	116	bc5821c29cf117c035e7fc09e709dcfbf22957e63136eb7738b8f7d244df8f1b
vae_candidate_000507	sequence_vae	models/generator/sequence_vae/member_a_v1_seed42/best.pt	d2801a2a130928739f44f9726bcb5bbd7be229fadfe2f05fba5d0f6cc87debdf	member_a_v1_conservative_provisional	28e2c439d1946a789cb3a3812d4c54f1cce0502dbfa9429d77c238425b501f30	4664cb809825b7023ad6a8a90b9492f757446b7b97890595c397504646aa55d4	42	506	1.0	0	1.0	506	120	true	false	eos	119	cc0404396f2c7e6f46f9bdc07479b8c8a09cc3f55dd0b234c2d809e11eda7667
vae_candidate_000508	sequence_vae	models/generator/sequence_vae/member_a_v1_seed42/best.pt	d2801a2a130928739f44f9726bcb5bbd7be229fadfe2f05fba5d0f6cc87debdf	member_a_v1_conservative_provisional	28e2c439d1946a789cb3a3812d4c54f1cce0502dbfa9429d77c238425b501f30	4664cb809825b7023ad6a8a90b9492f757446b7b97890595c397504646aa55d4	42	507	1.0	0	1.0	507	81	true	false	eos	80	a375d8c4879bd166beba994722324ccccf3d025310ae78588960c340f49bf51a
vae_candidate_000509	sequence_vae	models/generator/sequence_vae/member_a_v1_seed42/best.pt	d2801a2a130928739f44f9726bcb5bbd7be229fadfe2f05fba5d0f6cc87debdf	member_a_v1_conservative_provisional	28e2c439d1946a789cb3a3812d4c54f1cce0502dbfa9429d77c238425b501f30	4664cb809825b7023ad6a8a90b9492f757446b7b97890595c397504646aa55d4	42	508	1.0	0	1.0	508	79	true	false	eos	78	0ee5ee1ba6767bea8b757627920e505b2e5ffb82cacc37e29a67a727faa50e84
vae_candidate_000510	sequence_vae	models/generator/sequence_vae/member_a_v1_seed42/best.pt	d2801a2a130928739f44f9726bcb5bbd7be229fadfe2f05fba5d0f6cc87debdf	member_a_v1_conservative_provisional	28e2c439d1946a789cb3a3812d4c54f1cce0502dbfa9429d77c238425b501f30	4664cb809825b7023ad6a8a90b9492f757446b7b97890595c397504646aa55d4	42	509	1.0	0	1.0	509	120	true	false	eos	119	75fafa9cbc88684e235979c4e2e49c13acd23c1134bbc0685f3e65a2cb547e6d
vae_candidate_000511	sequence_vae	models/generator/sequence_vae/member_a_v1_seed42/best.pt	d2801a2a130928739f44f9726bcb5bbd7be229fadfe2f05fba5d0f6cc87debdf	member_a_v1_conservative_provisional	28e2c439d1946a789cb3a3812d4c54f1cce0502dbfa9429d77c238425b501f30	4664cb809825b7023ad6a8a90b9492f757446b7b97890595c397504646aa55d4	42	510	1.0	0	1.0	510	129	true	false	eos	128	2bd6ac247f6d90f800e072592cc884a682bf97968b125ae1abf58a9ab983a232
vae_candidate_000512	sequence_vae	models/generator/sequence_vae/member_a_v1_seed42/best.pt	d2801a2a130928739f44f9726bcb5bbd7be229fadfe2f05fba5d0f6cc87debdf	member_a_v1_conservative_provisional	28e2c439d1946a789cb3a3812d4c54f1cce0502dbfa9429d77c238425b501f30	4664cb809825b7023ad6a8a90b9492f757446b7b97890595c397504646aa55d4	42	511	1.0	0	1.0	511	146	true	false	eos	145	a256c97976ce1ee6be4e79f88b55bc1417b1efafda7701b33386f4f3b4da41cb
vae_candidate_000513	sequence_vae	models/generator/sequence_vae/member_a_v1_seed42/best.pt	d2801a2a130928739f44f9726bcb5bbd7be229fadfe2f05fba5d0f6cc87debdf	member_a_v1_conservative_provisional	28e2c439d1946a789cb3a3812d4c54f1cce0502dbfa9429d77c238425b501f30	4664cb809825b7023ad6a8a90b9492f757446b7b97890595c397504646aa55d4	42	512	1.0	0	1.0	512	63	true	false	eos	62	fdd44f8904302c5c864ba9df84b50c5b0940e4703d207b95c2bd3f547bc0e240
vae_candidate_000514	sequence_vae	models/generator/sequence_vae/member_a_v1_seed42/best.pt	d2801a2a130928739f44f9726bcb5bbd7be229fadfe2f05fba5d0f6cc87debdf	member_a_v1_conservative_provisional	28e2c439d1946a789cb3a3812d4c54f1cce0502dbfa9429d77c238425b501f30	4664cb809825b7023ad6a8a90b9492f757446b7b97890595c397504646aa55d4	42	513	1.0	0	1.0	513	67	true	false	eos	66	7ae93f43ca1475f9236b778f282a07e9af02ee83bdd19e48e76b61526eb83a04
vae_candidate_000515	sequence_vae	models/generator/sequence_vae/member_a_v1_seed42/best.pt	d2801a2a130928739f44f9726bcb5bbd7be229fadfe2f05fba5d0f6cc87debdf	member_a_v1_conservative_provisional	28e2c439d1946a789cb3a3812d4c54f1cce0502dbfa9429d77c238425b501f30	4664cb809825b7023ad6a8a90b9492f757446b7b97890595c397504646aa55d4	42	514	1.0	0	1.0	514	87	true	false	eos	86	28e887785ba30a233b1344044731abf5ccdbe0f36323e830a0ed70621d9cc588
vae_candidate_000516	sequence_vae	models/generator/sequence_vae/member_a_v1_seed42/best.pt	d2801a2a130928739f44f9726bcb5bbd7be229fadfe2f05fba5d0f6cc87debdf	member_a_v1_conservative_provisional	28e2c439d1946a789cb3a3812d4c54f1cce0502dbfa9429d77c238425b501f30	4664cb809825b7023ad6a8a90b9492f757446b7b97890595c397504646aa55d4	42	515	1.0	0	1.0	515	108	true	false	eos	107	840634e2907c4d75c78114d2fb8b5de96ce32eeb5169ba0de5b4f9e493a6c863
vae_candidate_000517	sequence_vae	models/generator/sequence_vae/member_a_v1_seed42/best.pt	d2801a2a130928739f44f9726bcb5bbd7be229fadfe2f05fba5d0f6cc87debdf	member_a_v1_conservative_provisional	28e2c439d1946a789cb3a3812d4c54f1cce0502dbfa9429d77c238425b501f30	4664cb809825b7023ad6a8a90b9492f757446b7b97890595c397504646aa55d4	42	516	1.0	0	1.0	516	59	true	false	eos	58	0fad4587ee2e681239b297927ab1ff8169f6a4f6eb50db27612351834d598ac9
vae_candidate_000518	sequence_vae	models/generator/sequence_vae/member_a_v1_seed42/best.pt	d2801a2a130928739f44f9726bcb5bbd7be229fadfe2f05fba5d0f6cc87debdf	member_a_v1_conservative_provisional	28e2c439d1946a789cb3a3812d4c54f1cce0502dbfa9429d77c238425b501f30	4664cb809825b7023ad6a8a90b9492f757446b7b97890595c397504646aa55d4	42	517	1.0	0	1.0	517	58	true	false	eos	57	e9ab93a2008317333cce0dfc394c894b599e8a28a709f209fda39034185db8fb
vae_candidate_000519	sequence_vae	models/generator/sequence_vae/member_a_v1_seed42/best.pt	d2801a2a130928739f44f9726bcb5bbd7be229fadfe2f05fba5d0f6cc87debdf	member_a_v1_conservative_provisional	28e2c439d1946a789cb3a3812d4c54f1cce0502dbfa9429d77c238425b501f30	4664cb809825b7023ad6a8a90b9492f757446b7b97890595c397504646aa55d4	42	518	1.0	0	1.0	518	93	true	false	eos	92	94953b40a3929de0c15937e1e22a09da20058d2df79f5f7fc9104464527624da
vae_candidate_000520	sequence_vae	models/generator/sequence_vae/member_a_v1_seed42/best.pt	d2801a2a130928739f44f9726bcb5bbd7be229fadfe2f05fba5d0f6cc87debdf	member_a_v1_conservative_provisional	28e2c439d1946a789cb3a3812d4c54f1cce0502dbfa9429d77c238425b501f30	4664cb809825b7023ad6a8a90b9492f757446b7b97890595c397504646aa55d4	42	519	1.0	0	1.0	519	74	true	false	eos	73	fd396f455baba197f81bcb1d201fbf56e0ddf346f6f7e100d90458bc8fc52e12
vae_candidate_000521	sequence_vae	models/generator/sequence_vae/member_a_v1_seed42/best.pt	d2801a2a130928739f44f9726bcb5bbd7be229fadfe2f05fba5d0f6cc87debdf	member_a_v1_conservative_provisional	28e2c439d1946a789cb3a3812d4c54f1cce0502dbfa9429d77c238425b501f30	4664cb809825b7023ad6a8a90b9492f757446b7b97890595c397504646aa55d4	42	520	1.0	0	1.0	520	150	true	false	eos	149	1341fbecf1d899f71d5dc654a543b6b87d4f6255499556bd15f2306b876cd56c
vae_candidate_000522	sequence_vae	models/generator/sequence_vae/member_a_v1_seed42/best.pt	d2801a2a130928739f44f9726bcb5bbd7be229fadfe2f05fba5d0f6cc87debdf	member_a_v1_conservative_provisional	28e2c439d1946a789cb3a3812d4c54f1cce0502dbfa9429d77c238425b501f30	4664cb809825b7023ad6a8a90b9492f757446b7b97890595c397504646aa55d4	42	521	1.0	0	1.0	521	156	true	false	eos	155	0802a1e30164b7b26b7e5b38c9733a77a2f865ba9b9790c79ea74bc855ec02dc
vae_candidate_000523	sequence_vae	models/generator/sequence_vae/member_a_v1_seed42/best.pt	d2801a2a130928739f44f9726bcb5bbd7be229fadfe2f05fba5d0f6cc87debdf	member_a_v1_conservative_provisional	28e2c439d1946a789cb3a3812d4c54f1cce0502dbfa9429d77c238425b501f30	4664cb809825b7023ad6a8a90b9492f757446b7b97890595c397504646aa55d4	42	522	1.0	0	1.0	522	110	true	false	eos	109	3158f66c154301ebe5be9b4a5c3a7b6de919ce16be2b498c1ff5a2729d247600
vae_candidate_000524	sequence_vae	models/generator/sequence_vae/member_a_v1_seed42/best.pt	d2801a2a130928739f44f9726bcb5bbd7be229fadfe2f05fba5d0f6cc87debdf	member_a_v1_conservative_provisional	28e2c439d1946a789cb3a3812d4c54f1cce0502dbfa9429d77c238425b501f30	4664cb809825b7023ad6a8a90b9492f757446b7b97890595c397504646aa55d4	42	523	1.0	0	1.0	523	99	true	false	eos	98	cea1f071f6d95a49efc08bf50783bb1cc6c85d0a66b2620d62a76c8d68e2d101
vae_candidate_000525	sequence_vae	models/generator/sequence_vae/member_a_v1_seed42/best.pt	d2801a2a130928739f44f9726bcb5bbd7be229fadfe2f05fba5d0f6cc87debdf	member_a_v1_conservative_provisional	28e2c439d1946a789cb3a3812d4c54f1cce0502dbfa9429d77c238425b501f30	4664cb809825b7023ad6a8a90b9492f757446b7b97890595c397504646aa55d4	42	524	1.0	0	1.0	524	92	true	false	eos	91	cc404f7a185efe68906c545c62a0f2d0e53915b75ded8ba2c94b6a3d6845bf22
vae_candidate_000526	sequence_vae	models/generator/sequence_vae/member_a_v1_seed42/best.pt	d2801a2a130928739f44f9726bcb5bbd7be229fadfe2f05fba5d0f6cc87debdf	member_a_v1_conservative_provisional	28e2c439d1946a789cb3a3812d4c54f1cce0502dbfa9429d77c238425b501f30	4664cb809825b7023ad6a8a90b9492f757446b7b97890595c397504646aa55d4	42	525	1.0	0	1.0	525	157	true	false	eos	156	dbdcc19a783b2f392b0c0aea54ba0aa7803b2187c5ba290bd4db73dc93f215a3
vae_candidate_000527	sequence_vae	models/generator/sequence_vae/member_a_v1_seed42/best.pt	d2801a2a130928739f44f9726bcb5bbd7be229fadfe2f05fba5d0f6cc87debdf	member_a_v1_conservative_provisional	28e2c439d1946a789cb3a3812d4c54f1cce0502dbfa9429d77c238425b501f30	4664cb809825b7023ad6a8a90b9492f757446b7b97890595c397504646aa55d4	42	526	1.0	0	1.0	526	94	true	false	eos	93	f1d2270e531e3478f282d78f70ff20451fefb29a5b24d804c148a4304782f3e5
vae_candidate_000528	sequence_vae	models/generator/sequence_vae/member_a_v1_seed42/best.pt	d2801a2a130928739f44f9726bcb5bbd7be229fadfe2f05fba5d0f6cc87debdf	member_a_v1_conservative_provisional	28e2c439d1946a789cb3a3812d4c54f1cce0502dbfa9429d77c238425b501f30	4664cb809825b7023ad6a8a90b9492f757446b7b97890595c397504646aa55d4	42	527	1.0	0	1.0	527	81	true	false	eos	80	19864a91d6c3e468c464ffbb49886cf00964f094d359a82094484fc2c9a816cf
vae_candidate_000529	sequence_vae	models/generator/sequence_vae/member_a_v1_seed42/best.pt	d2801a2a130928739f44f9726bcb5bbd7be229fadfe2f05fba5d0f6cc87debdf	member_a_v1_conservative_provisional	28e2c439d1946a789cb3a3812d4c54f1cce0502dbfa9429d77c238425b501f30	4664cb809825b7023ad6a8a90b9492f757446b7b97890595c397504646aa55d4	42	528	1.0	0	1.0	528	101	true	false	eos	100	fdcc4d09545ae35f0252e038a8cb5eeff344d9dbbd78b848cb63ea250c2d8ce4
vae_candidate_000530	sequence_vae	models/generator/sequence_vae/member_a_v1_seed42/best.pt	d2801a2a130928739f44f9726bcb5bbd7be229fadfe2f05fba5d0f6cc87debdf	member_a_v1_conservative_provisional	28e2c439d1946a789cb3a3812d4c54f1cce0502dbfa9429d77c238425b501f30	4664cb809825b7023ad6a8a90b9492f757446b7b97890595c397504646aa55d4	42	529	1.0	0	1.0	529	72	true	false	eos	71	17f15c5df61c504fae1058dbd4ac771c10ba9185ee3f086cc256d125462bade1
vae_candidate_000531	sequence_vae	models/generator/sequence_vae/member_a_v1_seed42/best.pt	d2801a2a130928739f44f9726bcb5bbd7be229fadfe2f05fba5d0f6cc87debdf	member_a_v1_conservative_provisional	28e2c439d1946a789cb3a3812d4c54f1cce0502dbfa9429d77c238425b501f30	4664cb809825b7023ad6a8a90b9492f757446b7b97890595c397504646aa55d4	42	530	1.0	0	1.0	530	73	true	false	eos	72	ca58186bc449ff3382d94a2cc8267bc744860dc89a80d6265ec0a7e674fc335a
vae_candidate_000532	sequence_vae	models/generator/sequence_vae/member_a_v1_seed42/best.pt	d2801a2a130928739f44f9726bcb5bbd7be229fadfe2f05fba5d0f6cc87debdf	member_a_v1_conservative_provisional	28e2c439d1946a789cb3a3812d4c54f1cce0502dbfa9429d77c238425b501f30	4664cb809825b7023ad6a8a90b9492f757446b7b97890595c397504646aa55d4	42	531	1.0	0	1.0	531	91	true	false	eos	90	f408168edb740c819833b0ce4b85f2a41b7c8eaea250f520c44b3aefec6b396c
vae_candidate_000533	sequence_vae	models/generator/sequence_vae/member_a_v1_seed42/best.pt	d2801a2a130928739f44f9726bcb5bbd7be229fadfe2f05fba5d0f6cc87debdf	member_a_v1_conservative_provisional	28e2c439d1946a789cb3a3812d4c54f1cce0502dbfa9429d77c238425b501f30	4664cb809825b7023ad6a8a90b9492f757446b7b97890595c397504646aa55d4	42	532	1.0	0	1.0	532	102	true	false	eos	101	9c5a336ac6e4933ec99c70dbc329fae5f95411759913fe3a795956c139289ce4
vae_candidate_000534	sequence_vae	models/generator/sequence_vae/member_a_v1_seed42/best.pt	d2801a2a130928739f44f9726bcb5bbd7be229fadfe2f05fba5d0f6cc87debdf	member_a_v1_conservative_provisional	28e2c439d1946a789cb3a3812d4c54f1cce0502dbfa9429d77c238425b501f30	4664cb809825b7023ad6a8a90b9492f757446b7b97890595c397504646aa55d4	42	533	1.0	0	1.0	533	84	true	false	eos	83	89dca49841d4813a7b2daaa5b41515c7a0c01da0ab030748993b52283dc5f4a8
vae_candidate_000535	sequence_vae	models/generator/sequence_vae/member_a_v1_seed42/best.pt	d2801a2a130928739f44f9726bcb5bbd7be229fadfe2f05fba5d0f6cc87debdf	member_a_v1_conservative_provisional	28e2c439d1946a789cb3a3812d4c54f1cce0502dbfa9429d77c238425b501f30	4664cb809825b7023ad6a8a90b9492f757446b7b97890595c397504646aa55d4	42	534	1.0	0	1.0	534	93	true	false	eos	92	62675d4dc50128f8c57f313541fe6b9df12a2ca46f12101dfe4955bdc72f394c
vae_candidate_000536	sequence_vae	models/generator/sequence_vae/member_a_v1_seed42/best.pt	d2801a2a130928739f44f9726bcb5bbd7be229fadfe2f05fba5d0f6cc87debdf	member_a_v1_conservative_provisional	28e2c439d1946a789cb3a3812d4c54f1cce0502dbfa9429d77c238425b501f30	4664cb809825b7023ad6a8a90b9492f757446b7b97890595c397504646aa55d4	42	535	1.0	0	1.0	535	89	true	false	eos	88	9afa5083ffbfd9d5f230069fdad3506f2b109cc83b99b9e4c43c4c15c5634cb8
vae_candidate_000537	sequence_vae	models/generator/sequence_vae/member_a_v1_seed42/best.pt	d2801a2a130928739f44f9726bcb5bbd7be229fadfe2f05fba5d0f6cc87debdf	member_a_v1_conservative_provisional	28e2c439d1946a789cb3a3812d4c54f1cce0502dbfa9429d77c238425b501f30	4664cb809825b7023ad6a8a90b9492f757446b7b97890595c397504646aa55d4	42	536	1.0	0	1.0	536	59	true	false	eos	58	75f8f7259f5ac7d72362d5df53fd1f8af17ac8135a93d8d5b45e658cf8da057c
vae_candidate_000538	sequence_vae	models/generator/sequence_vae/member_a_v1_seed42/best.pt	d2801a2a130928739f44f9726bcb5bbd7be229fadfe2f05fba5d0f6cc87debdf	member_a_v1_conservative_provisional	28e2c439d1946a789cb3a3812d4c54f1cce0502dbfa9429d77c238425b501f30	4664cb809825b7023ad6a8a90b9492f757446b7b97890595c397504646aa55d4	42	537	1.0	0	1.0	537	74	true	false	eos	73	25de75ea24cafb95457dc416020f9135cc7b9065334fdc59d78e479aa0b9e3cd
vae_candidate_000539	sequence_vae	models/generator/sequence_vae/member_a_v1_seed42/best.pt	d2801a2a130928739f44f9726bcb5bbd7be229fadfe2f05fba5d0f6cc87debdf	member_a_v1_conservative_provisional	28e2c439d1946a789cb3a3812d4c54f1cce0502dbfa9429d77c238425b501f30	4664cb809825b7023ad6a8a90b9492f757446b7b97890595c397504646aa55d4	42	538	1.0	0	1.0	538	92	true	false	eos	91	a8e0ffb4426cf3770fa3413f7c0153ee4d4e4084d1e163a8c72280ac4d7ec347
vae_candidate_000540	sequence_vae	models/generator/sequence_vae/member_a_v1_seed42/best.pt	d2801a2a130928739f44f9726bcb5bbd7be229fadfe2f05fba5d0f6cc87debdf	member_a_v1_conservative_provisional	28e2c439d1946a789cb3a3812d4c54f1cce0502dbfa9429d77c238425b501f30	4664cb809825b7023ad6a8a90b9492f757446b7b97890595c397504646aa55d4	42	539	1.0	0	1.0	539	92	true	false	eos	91	35bc96f9086c35f3f10f00fb95915e62985e2827d4dd0173d5a5ee77cf1f1251
vae_candidate_000541	sequence_vae	models/generator/sequence_vae/member_a_v1_seed42/best.pt	d2801a2a130928739f44f9726bcb5bbd7be229fadfe2f05fba5d0f6cc87debdf	member_a_v1_conservative_provisional	28e2c439d1946a789cb3a3812d4c54f1cce0502dbfa9429d77c238425b501f30	4664cb809825b7023ad6a8a90b9492f757446b7b97890595c397504646aa55d4	42	540	1.0	0	1.0	540	101	true	false	eos	100	36b0e85572868da384f84890163cb7d76f79564020177eedc3e2c49edc0b6654
vae_candidate_000542	sequence_vae	models/generator/sequence_vae/member_a_v1_seed42/best.pt	d2801a2a130928739f44f9726bcb5bbd7be229fadfe2f05fba5d0f6cc87debdf	member_a_v1_conservative_provisional	28e2c439d1946a789cb3a3812d4c54f1cce0502dbfa9429d77c238425b501f30	4664cb809825b7023ad6a8a90b9492f757446b7b97890595c397504646aa55d4	42	541	1.0	0	1.0	541	159	true	false	eos	158	5bd2d7c2b4e75a8fba3c6a6486f3e83be7261893a34bdd538a597ee074f5175d
vae_candidate_000543	sequence_vae	models/generator/sequence_vae/member_a_v1_seed42/best.pt	d2801a2a130928739f44f9726bcb5bbd7be229fadfe2f05fba5d0f6cc87debdf	member_a_v1_conservative_provisional	28e2c439d1946a789cb3a3812d4c54f1cce0502dbfa9429d77c238425b501f30	4664cb809825b7023ad6a8a90b9492f757446b7b97890595c397504646aa55d4	42	542	1.0	0	1.0	542	180	false	true	length_cap	180	31fd0565b3d4ce2347c9a38336f73c4e3a79e899d1b4392847754badb581185c
vae_candidate_000544	sequence_vae	models/generator/sequence_vae/member_a_v1_seed42/best.pt	d2801a2a130928739f44f9726bcb5bbd7be229fadfe2f05fba5d0f6cc87debdf	member_a_v1_conservative_provisional	28e2c439d1946a789cb3a3812d4c54f1cce0502dbfa9429d77c238425b501f30	4664cb809825b7023ad6a8a90b9492f757446b7b97890595c397504646aa55d4	42	543	1.0	0	1.0	543	123	true	false	eos	122	3e94f987e5fa92fa50a4ecf31f5f192bb41e23ce183e1d9be18022d401898d6b
vae_candidate_000545	sequence_vae	models/generator/sequence_vae/member_a_v1_seed42/best.pt	d2801a2a130928739f44f9726bcb5bbd7be229fadfe2f05fba5d0f6cc87debdf	member_a_v1_conservative_provisional	28e2c439d1946a789cb3a3812d4c54f1cce0502dbfa9429d77c238425b501f30	4664cb809825b7023ad6a8a90b9492f757446b7b97890595c397504646aa55d4	42	544	1.0	0	1.0	544	96	true	false	eos	95	251b3c75ded3b2faf8237a38ad164594463e11f065affceb3040e02ff346ea6c
vae_candidate_000546	sequence_vae	models/generator/sequence_vae/member_a_v1_seed42/best.pt	d2801a2a130928739f44f9726bcb5bbd7be229fadfe2f05fba5d0f6cc87debdf	member_a_v1_conservative_provisional	28e2c439d1946a789cb3a3812d4c54f1cce0502dbfa9429d77c238425b501f30	4664cb809825b7023ad6a8a90b9492f757446b7b97890595c397504646aa55d4	42	545	1.0	0	1.0	545	102	true	false	eos	101	27394b2460cd194c7e71a27d722496acd7fde2b32ad7e87cfc096da9b08ae632
vae_candidate_000547	sequence_vae	models/generator/sequence_vae/member_a_v1_seed42/best.pt	d2801a2a130928739f44f9726bcb5bbd7be229fadfe2f05fba5d0f6cc87debdf	member_a_v1_conservative_provisional	28e2c439d1946a789cb3a3812d4c54f1cce0502dbfa9429d77c238425b501f30	4664cb809825b7023ad6a8a90b9492f757446b7b97890595c397504646aa55d4	42	546	1.0	0	1.0	546	101	true	false	eos	100	feaf8c0547325aa45512d83cf62f40fe54443d47b3c7e32c106381f552ecc696
vae_candidate_000548	sequence_vae	models/generator/sequence_vae/member_a_v1_seed42/best.pt	d2801a2a130928739f44f9726bcb5bbd7be229fadfe2f05fba5d0f6cc87debdf	member_a_v1_conservative_provisional	28e2c439d1946a789cb3a3812d4c54f1cce0502dbfa9429d77c238425b501f30	4664cb809825b7023ad6a8a90b9492f757446b7b97890595c397504646aa55d4	42	547	1.0	0	1.0	547	147	true	false	eos	146	e6c9692fe986deec3a8c43670884e87d23865d66a922f3c16d1ce66aea179918
vae_candidate_000549	sequence_vae	models/generator/sequence_vae/member_a_v1_seed42/best.pt	d2801a2a130928739f44f9726bcb5bbd7be229fadfe2f05fba5d0f6cc87debdf	member_a_v1_conservative_provisional	28e2c439d1946a789cb3a3812d4c54f1cce0502dbfa9429d77c238425b501f30	4664cb809825b7023ad6a8a90b9492f757446b7b97890595c397504646aa55d4	42	548	1.0	0	1.0	548	123	true	false	eos	122	6c45a9744d644e698804471556078f6501961c1d18961ef7cca23958b2254b69
vae_candidate_000550	sequence_vae	models/generator/sequence_vae/member_a_v1_seed42/best.pt	d2801a2a130928739f44f9726bcb5bbd7be229fadfe2f05fba5d0f6cc87debdf	member_a_v1_conservative_provisional	28e2c439d1946a789cb3a3812d4c54f1cce0502dbfa9429d77c238425b501f30	4664cb809825b7023ad6a8a90b9492f757446b7b97890595c397504646aa55d4	42	549	1.0	0	1.0	549	66	true	false	eos	65	73e7135f6c31101b32a681464f73af457c05cad1d69f51820922077bf46248c4
vae_candidate_000551	sequence_vae	models/generator/sequence_vae/member_a_v1_seed42/best.pt	d2801a2a130928739f44f9726bcb5bbd7be229fadfe2f05fba5d0f6cc87debdf	member_a_v1_conservative_provisional	28e2c439d1946a789cb3a3812d4c54f1cce0502dbfa9429d77c238425b501f30	4664cb809825b7023ad6a8a90b9492f757446b7b97890595c397504646aa55d4	42	550	1.0	0	1.0	550	109	true	false	eos	108	e280f882d39711e73bdea28001a63947c26d3c05088ceb92e41d99b151df4eb5
vae_candidate_000552	sequence_vae	models/generator/sequence_vae/member_a_v1_seed42/best.pt	d2801a2a130928739f44f9726bcb5bbd7be229fadfe2f05fba5d0f6cc87debdf	member_a_v1_conservative_provisional	28e2c439d1946a789cb3a3812d4c54f1cce0502dbfa9429d77c238425b501f30	4664cb809825b7023ad6a8a90b9492f757446b7b97890595c397504646aa55d4	42	551	1.0	0	1.0	551	56	true	false	eos	55	5a9efa12561af04bb7ca1f2622f2adff0b0084307b878b686d13e4ee5e0232d9
vae_candidate_000553	sequence_vae	models/generator/sequence_vae/member_a_v1_seed42/best.pt	d2801a2a130928739f44f9726bcb5bbd7be229fadfe2f05fba5d0f6cc87debdf	member_a_v1_conservative_provisional	28e2c439d1946a789cb3a3812d4c54f1cce0502dbfa9429d77c238425b501f30	4664cb809825b7023ad6a8a90b9492f757446b7b97890595c397504646aa55d4	42	552	1.0	0	1.0	552	97	true	false	eos	96	05313448859bb7d30c39c0fa60524d2e014ffa3c010c1ada07117dd60b5c7e0a
vae_candidate_000554	sequence_vae	models/generator/sequence_vae/member_a_v1_seed42/best.pt	d2801a2a130928739f44f9726bcb5bbd7be229fadfe2f05fba5d0f6cc87debdf	member_a_v1_conservative_provisional	28e2c439d1946a789cb3a3812d4c54f1cce0502dbfa9429d77c238425b501f30	4664cb809825b7023ad6a8a90b9492f757446b7b97890595c397504646aa55d4	42	553	1.0	0	1.0	553	84	true	false	eos	83	92e29ef03d47d94444707261d17f084200f6c0bd2cc869435569bb8ce94865d3
vae_candidate_000555	sequence_vae	models/generator/sequence_vae/member_a_v1_seed42/best.pt	d2801a2a130928739f44f9726bcb5bbd7be229fadfe2f05fba5d0f6cc87debdf	member_a_v1_conservative_provisional	28e2c439d1946a789cb3a3812d4c54f1cce0502dbfa9429d77c238425b501f30	4664cb809825b7023ad6a8a90b9492f757446b7b97890595c397504646aa55d4	42	554	1.0	0	1.0	554	156	true	false	eos	155	a2cf84f077620b2d50b515f05b2ee556fdd75eb901fe0a860d671dfd8c7e7242
vae_candidate_000556	sequence_vae	models/generator/sequence_vae/member_a_v1_seed42/best.pt	d2801a2a130928739f44f9726bcb5bbd7be229fadfe2f05fba5d0f6cc87debdf	member_a_v1_conservative_provisional	28e2c439d1946a789cb3a3812d4c54f1cce0502dbfa9429d77c238425b501f30	4664cb809825b7023ad6a8a90b9492f757446b7b97890595c397504646aa55d4	42	555	1.0	0	1.0	555	153	true	false	eos	152	0480009d242b3dff472b695bba0c92cc5f9e7763e17d2826da0195659c86eff1
vae_candidate_000557	sequence_vae	models/generator/sequence_vae/member_a_v1_seed42/best.pt	d2801a2a130928739f44f9726bcb5bbd7be229fadfe2f05fba5d0f6cc87debdf	member_a_v1_conservative_provisional	28e2c439d1946a789cb3a3812d4c54f1cce0502dbfa9429d77c238425b501f30	4664cb809825b7023ad6a8a90b9492f757446b7b97890595c397504646aa55d4	42	556	1.0	0	1.0	556	86	true	false	eos	85	bec7f0dcc0f979e94866e38ab65c11bdfd2ffdc3ffa43a5e0a29767d9b15e196
vae_candidate_000558	sequence_vae	models/generator/sequence_vae/member_a_v1_seed42/best.pt	d2801a2a130928739f44f9726bcb5bbd7be229fadfe2f05fba5d0f6cc87debdf	member_a_v1_conservative_provisional	28e2c439d1946a789cb3a3812d4c54f1cce0502dbfa9429d77c238425b501f30	4664cb809825b7023ad6a8a90b9492f757446b7b97890595c397504646aa55d4	42	557	1.0	0	1.0	557	110	true	false	eos	109	9208f5a87f7a037ec5f253be107ba2dddb4716f3c6a8330c14a35ff70d769dfc
vae_candidate_000559	sequence_vae	models/generator/sequence_vae/member_a_v1_seed42/best.pt	d2801a2a130928739f44f9726bcb5bbd7be229fadfe2f05fba5d0f6cc87debdf	member_a_v1_conservative_provisional	28e2c439d1946a789cb3a3812d4c54f1cce0502dbfa9429d77c238425b501f30	4664cb809825b7023ad6a8a90b9492f757446b7b97890595c397504646aa55d4	42	558	1.0	0	1.0	558	91	true	false	eos	90	e71234d9f48b93f6fbb7618df62d0cf401337de4ff95444f91ba1767fdb248b0
vae_candidate_000560	sequence_vae	models/generator/sequence_vae/member_a_v1_seed42/best.pt	d2801a2a130928739f44f9726bcb5bbd7be229fadfe2f05fba5d0f6cc87debdf	member_a_v1_conservative_provisional	28e2c439d1946a789cb3a3812d4c54f1cce0502dbfa9429d77c238425b501f30	4664cb809825b7023ad6a8a90b9492f757446b7b97890595c397504646aa55d4	42	559	1.0	0	1.0	559	85	true	false	eos	84	44b002954796311c462352d86008d642ca585ba0c7923d4ae337698d83729465
vae_candidate_000561	sequence_vae	models/generator/sequence_vae/member_a_v1_seed42/best.pt	d2801a2a130928739f44f9726bcb5bbd7be229fadfe2f05fba5d0f6cc87debdf	member_a_v1_conservative_provisional	28e2c439d1946a789cb3a3812d4c54f1cce0502dbfa9429d77c238425b501f30	4664cb809825b7023ad6a8a90b9492f757446b7b97890595c397504646aa55d4	42	560	1.0	0	1.0	560	71	true	false	eos	70	e0eb00eafd84ed8595157bd0af774d8e67cf97180939fde6bb2e8211647c6117
vae_candidate_000562	sequence_vae	models/generator/sequence_vae/member_a_v1_seed42/best.pt	d2801a2a130928739f44f9726bcb5bbd7be229fadfe2f05fba5d0f6cc87debdf	member_a_v1_conservative_provisional	28e2c439d1946a789cb3a3812d4c54f1cce0502dbfa9429d77c238425b501f30	4664cb809825b7023ad6a8a90b9492f757446b7b97890595c397504646aa55d4	42	561	1.0	0	1.0	561	135	true	false	eos	134	65a6bf2a979df403e091da0ae2c1d4a5bea0bc9fa823238a1d6114d5a01fc1d5
vae_candidate_000563	sequence_vae	models/generator/sequence_vae/member_a_v1_seed42/best.pt	d2801a2a130928739f44f9726bcb5bbd7be229fadfe2f05fba5d0f6cc87debdf	member_a_v1_conservative_provisional	28e2c439d1946a789cb3a3812d4c54f1cce0502dbfa9429d77c238425b501f30	4664cb809825b7023ad6a8a90b9492f757446b7b97890595c397504646aa55d4	42	562	1.0	0	1.0	562	68	true	false	eos	67	dd7ea8a17357ffc5adbb578979111eb8aa45e222ad53ddcdaf737ce219eeac8b
vae_candidate_000564	sequence_vae	models/generator/sequence_vae/member_a_v1_seed42/best.pt	d2801a2a130928739f44f9726bcb5bbd7be229fadfe2f05fba5d0f6cc87debdf	member_a_v1_conservative_provisional	28e2c439d1946a789cb3a3812d4c54f1cce0502dbfa9429d77c238425b501f30	4664cb809825b7023ad6a8a90b9492f757446b7b97890595c397504646aa55d4	42	563	1.0	0	1.0	563	96	true	false	eos	95	4165d50566571fd6b665aa33970582189030366fc00ca0b7a395dff9b73b3b2b
vae_candidate_000565	sequence_vae	models/generator/sequence_vae/member_a_v1_seed42/best.pt	d2801a2a130928739f44f9726bcb5bbd7be229fadfe2f05fba5d0f6cc87debdf	member_a_v1_conservative_provisional	28e2c439d1946a789cb3a3812d4c54f1cce0502dbfa9429d77c238425b501f30	4664cb809825b7023ad6a8a90b9492f757446b7b97890595c397504646aa55d4	42	564	1.0	0	1.0	564	73	true	false	eos	72	17300e41f9718f65dcf650a1036d07505778c783ef68ba2be60757867acfc84e
vae_candidate_000566	sequence_vae	models/generator/sequence_vae/member_a_v1_seed42/best.pt	d2801a2a130928739f44f9726bcb5bbd7be229fadfe2f05fba5d0f6cc87debdf	member_a_v1_conservative_provisional	28e2c439d1946a789cb3a3812d4c54f1cce0502dbfa9429d77c238425b501f30	4664cb809825b7023ad6a8a90b9492f757446b7b97890595c397504646aa55d4	42	565	1.0	0	1.0	565	93	true	false	eos	92	86353f3f4a48442d3601e76be629729b9246959b7cf2beb6f85f38be42566b24
vae_candidate_000567	sequence_vae	models/generator/sequence_vae/member_a_v1_seed42/best.pt	d2801a2a130928739f44f9726bcb5bbd7be229fadfe2f05fba5d0f6cc87debdf	member_a_v1_conservative_provisional	28e2c439d1946a789cb3a3812d4c54f1cce0502dbfa9429d77c238425b501f30	4664cb809825b7023ad6a8a90b9492f757446b7b97890595c397504646aa55d4	42	566	1.0	0	1.0	566	70	true	false	eos	69	02486214fcad533610132d613ce9eb042fbc9bbd4ae7c2e3d44488c1b876f143
vae_candidate_000568	sequence_vae	models/generator/sequence_vae/member_a_v1_seed42/best.pt	d2801a2a130928739f44f9726bcb5bbd7be229fadfe2f05fba5d0f6cc87debdf	member_a_v1_conservative_provisional	28e2c439d1946a789cb3a3812d4c54f1cce0502dbfa9429d77c238425b501f30	4664cb809825b7023ad6a8a90b9492f757446b7b97890595c397504646aa55d4	42	567	1.0	0	1.0	567	89	true	false	eos	88	1448b3cb01c08c061458bd151ee8601dd796b43f7931f53c1799211a8131ea46
vae_candidate_000569	sequence_vae	models/generator/sequence_vae/member_a_v1_seed42/best.pt	d2801a2a130928739f44f9726bcb5bbd7be229fadfe2f05fba5d0f6cc87debdf	member_a_v1_conservative_provisional	28e2c439d1946a789cb3a3812d4c54f1cce0502dbfa9429d77c238425b501f30	4664cb809825b7023ad6a8a90b9492f757446b7b97890595c397504646aa55d4	42	568	1.0	0	1.0	568	113	true	false	eos	112	e67e43356338b9360b6130f5b7553ad2ad20d676c85d365fb4cf6b4e6783ca6f
vae_candidate_000570	sequence_vae	models/generator/sequence_vae/member_a_v1_seed42/best.pt	d2801a2a130928739f44f9726bcb5bbd7be229fadfe2f05fba5d0f6cc87debdf	member_a_v1_conservative_provisional	28e2c439d1946a789cb3a3812d4c54f1cce0502dbfa9429d77c238425b501f30	4664cb809825b7023ad6a8a90b9492f757446b7b97890595c397504646aa55d4	42	569	1.0	0	1.0	569	118	true	false	eos	117	0ed9bbb09fea7a4ecc8dfd45a1ae239d5fd6c3bce8d21e666144108f90d6880e
vae_candidate_000571	sequence_vae	models/generator/sequence_vae/member_a_v1_seed42/best.pt	d2801a2a130928739f44f9726bcb5bbd7be229fadfe2f05fba5d0f6cc87debdf	member_a_v1_conservative_provisional	28e2c439d1946a789cb3a3812d4c54f1cce0502dbfa9429d77c238425b501f30	4664cb809825b7023ad6a8a90b9492f757446b7b97890595c397504646aa55d4	42	570	1.0	0	1.0	570	76	true	false	eos	75	1a154160e47661e05eaae5270950b06406f165a97d0a35f14067a7425ba96330
vae_candidate_000572	sequence_vae	models/generator/sequence_vae/member_a_v1_seed42/best.pt	d2801a2a130928739f44f9726bcb5bbd7be229fadfe2f05fba5d0f6cc87debdf	member_a_v1_conservative_provisional	28e2c439d1946a789cb3a3812d4c54f1cce0502dbfa9429d77c238425b501f30	4664cb809825b7023ad6a8a90b9492f757446b7b97890595c397504646aa55d4	42	571	1.0	0	1.0	571	88	true	false	eos	87	f4801e8d1850a1d2995436a8f4f51f7f0b65b5cb88fe831f187ed6826632267d
vae_candidate_000573	sequence_vae	models/generator/sequence_vae/member_a_v1_seed42/best.pt	d2801a2a130928739f44f9726bcb5bbd7be229fadfe2f05fba5d0f6cc87debdf	member_a_v1_conservative_provisional	28e2c439d1946a789cb3a3812d4c54f1cce0502dbfa9429d77c238425b501f30	4664cb809825b7023ad6a8a90b9492f757446b7b97890595c397504646aa55d4	42	572	1.0	0	1.0	572	88	true	false	eos	87	35cadaf418456f54ee33784cd776313bdd6369966ea05bede98a247f4effb08a
vae_candidate_000574	sequence_vae	models/generator/sequence_vae/member_a_v1_seed42/best.pt	d2801a2a130928739f44f9726bcb5bbd7be229fadfe2f05fba5d0f6cc87debdf	member_a_v1_conservative_provisional	28e2c439d1946a789cb3a3812d4c54f1cce0502dbfa9429d77c238425b501f30	4664cb809825b7023ad6a8a90b9492f757446b7b97890595c397504646aa55d4	42	573	1.0	0	1.0	573	95	true	false	eos	94	23b6f03457cac32e64cd3593e50abd9ca62ce8075a3001f7ff9c744219e03a66
vae_candidate_000575	sequence_vae	models/generator/sequence_vae/member_a_v1_seed42/best.pt	d2801a2a130928739f44f9726bcb5bbd7be229fadfe2f05fba5d0f6cc87debdf	member_a_v1_conservative_provisional	28e2c439d1946a789cb3a3812d4c54f1cce0502dbfa9429d77c238425b501f30	4664cb809825b7023ad6a8a90b9492f757446b7b97890595c397504646aa55d4	42	574	1.0	0	1.0	574	140	true	false	eos	139	6b806898a5299646c14a964e98e596a8122e634c88f917db1ede8d200f016a2e
vae_candidate_000576	sequence_vae	models/generator/sequence_vae/member_a_v1_seed42/best.pt	d2801a2a130928739f44f9726bcb5bbd7be229fadfe2f05fba5d0f6cc87debdf	member_a_v1_conservative_provisional	28e2c439d1946a789cb3a3812d4c54f1cce0502dbfa9429d77c238425b501f30	4664cb809825b7023ad6a8a90b9492f757446b7b97890595c397504646aa55d4	42	575	1.0	0	1.0	575	128	true	false	eos	127	475000b0b0380ffc5534258175145f44d7c4eb6f2f4d2ed88a6887fdf9e2e20f
vae_candidate_000577	sequence_vae	models/generator/sequence_vae/member_a_v1_seed42/best.pt	d2801a2a130928739f44f9726bcb5bbd7be229fadfe2f05fba5d0f6cc87debdf	member_a_v1_conservative_provisional	28e2c439d1946a789cb3a3812d4c54f1cce0502dbfa9429d77c238425b501f30	4664cb809825b7023ad6a8a90b9492f757446b7b97890595c397504646aa55d4	42	576	1.0	0	1.0	576	99	true	false	eos	98	ece83c6dff53a7ef56b4998ed1352ddb71d85daf5686daa7031c391f7f38e9ff
vae_candidate_000578	sequence_vae	models/generator/sequence_vae/member_a_v1_seed42/best.pt	d2801a2a130928739f44f9726bcb5bbd7be229fadfe2f05fba5d0f6cc87debdf	member_a_v1_conservative_provisional	28e2c439d1946a789cb3a3812d4c54f1cce0502dbfa9429d77c238425b501f30	4664cb809825b7023ad6a8a90b9492f757446b7b97890595c397504646aa55d4	42	577	1.0	0	1.0	577	93	true	false	eos	92	86b11d991b34eb2ff42ab995785da7f90fcf1d0ef071de0d3f5951c89f111a10
vae_candidate_000579	sequence_vae	models/generator/sequence_vae/member_a_v1_seed42/best.pt	d2801a2a130928739f44f9726bcb5bbd7be229fadfe2f05fba5d0f6cc87debdf	member_a_v1_conservative_provisional	28e2c439d1946a789cb3a3812d4c54f1cce0502dbfa9429d77c238425b501f30	4664cb809825b7023ad6a8a90b9492f757446b7b97890595c397504646aa55d4	42	578	1.0	0	1.0	578	124	true	false	eos	123	cb2bd6d86e601067792f47df1f91ab508ee9186aafb10508e476bfba52313c1e
vae_candidate_000580	sequence_vae	models/generator/sequence_vae/member_a_v1_seed42/best.pt	d2801a2a130928739f44f9726bcb5bbd7be229fadfe2f05fba5d0f6cc87debdf	member_a_v1_conservative_provisional	28e2c439d1946a789cb3a3812d4c54f1cce0502dbfa9429d77c238425b501f30	4664cb809825b7023ad6a8a90b9492f757446b7b97890595c397504646aa55d4	42	579	1.0	0	1.0	579	118	true	false	eos	117	eb7c02872ed5178a0fd37cd6bf0cfb3a212f457d59ebb033068712818d42bd38
vae_candidate_000581	sequence_vae	models/generator/sequence_vae/member_a_v1_seed42/best.pt	d2801a2a130928739f44f9726bcb5bbd7be229fadfe2f05fba5d0f6cc87debdf	member_a_v1_conservative_provisional	28e2c439d1946a789cb3a3812d4c54f1cce0502dbfa9429d77c238425b501f30	4664cb809825b7023ad6a8a90b9492f757446b7b97890595c397504646aa55d4	42	580	1.0	0	1.0	580	70	true	false	eos	69	da975e44b89f222b98059bb87201eeec40a33806af2cc6b9787e42b1d68d5636
vae_candidate_000582	sequence_vae	models/generator/sequence_vae/member_a_v1_seed42/best.pt	d2801a2a130928739f44f9726bcb5bbd7be229fadfe2f05fba5d0f6cc87debdf	member_a_v1_conservative_provisional	28e2c439d1946a789cb3a3812d4c54f1cce0502dbfa9429d77c238425b501f30	4664cb809825b7023ad6a8a90b9492f757446b7b97890595c397504646aa55d4	42	581	1.0	0	1.0	581	87	true	false	eos	86	53112e9da4634e57b4252d683fc5b2f5974987ffed923842cac2b310487cdafa
vae_candidate_000583	sequence_vae	models/generator/sequence_vae/member_a_v1_seed42/best.pt	d2801a2a130928739f44f9726bcb5bbd7be229fadfe2f05fba5d0f6cc87debdf	member_a_v1_conservative_provisional	28e2c439d1946a789cb3a3812d4c54f1cce0502dbfa9429d77c238425b501f30	4664cb809825b7023ad6a8a90b9492f757446b7b97890595c397504646aa55d4	42	582	1.0	0	1.0	582	104	true	false	eos	103	2892b52762d89f0b9c1c9e106e68f79375843cc89ebef47404b8b6cbed914730
vae_candidate_000584	sequence_vae	models/generator/sequence_vae/member_a_v1_seed42/best.pt	d2801a2a130928739f44f9726bcb5bbd7be229fadfe2f05fba5d0f6cc87debdf	member_a_v1_conservative_provisional	28e2c439d1946a789cb3a3812d4c54f1cce0502dbfa9429d77c238425b501f30	4664cb809825b7023ad6a8a90b9492f757446b7b97890595c397504646aa55d4	42	583	1.0	0	1.0	583	97	true	false	eos	96	b7302680b203f4042854cf129d5fc49e8bfd96f36544ba749941fee33c7933a6
vae_candidate_000585	sequence_vae	models/generator/sequence_vae/member_a_v1_seed42/best.pt	d2801a2a130928739f44f9726bcb5bbd7be229fadfe2f05fba5d0f6cc87debdf	member_a_v1_conservative_provisional	28e2c439d1946a789cb3a3812d4c54f1cce0502dbfa9429d77c238425b501f30	4664cb809825b7023ad6a8a90b9492f757446b7b97890595c397504646aa55d4	42	584	1.0	0	1.0	584	80	true	false	eos	79	03b372cbb741f1604ccf2762661da3b51cf875ce6ae22234af227d51401d6386
vae_candidate_000586	sequence_vae	models/generator/sequence_vae/member_a_v1_seed42/best.pt	d2801a2a130928739f44f9726bcb5bbd7be229fadfe2f05fba5d0f6cc87debdf	member_a_v1_conservative_provisional	28e2c439d1946a789cb3a3812d4c54f1cce0502dbfa9429d77c238425b501f30	4664cb809825b7023ad6a8a90b9492f757446b7b97890595c397504646aa55d4	42	585	1.0	0	1.0	585	115	true	false	eos	114	4d9aa407472e1e9676dcdc95e11a7cdf7ac1042d2441cbb32a35124d13b834f6
vae_candidate_000587	sequence_vae	models/generator/sequence_vae/member_a_v1_seed42/best.pt	d2801a2a130928739f44f9726bcb5bbd7be229fadfe2f05fba5d0f6cc87debdf	member_a_v1_conservative_provisional	28e2c439d1946a789cb3a3812d4c54f1cce0502dbfa9429d77c238425b501f30	4664cb809825b7023ad6a8a90b9492f757446b7b97890595c397504646aa55d4	42	586	1.0	0	1.0	586	60	true	false	eos	59	901b80e00a893841ba99b2349d9839dd40f97453828ad3aab616dc54f9d0df67
vae_candidate_000588	sequence_vae	models/generator/sequence_vae/member_a_v1_seed42/best.pt	d2801a2a130928739f44f9726bcb5bbd7be229fadfe2f05fba5d0f6cc87debdf	member_a_v1_conservative_provisional	28e2c439d1946a789cb3a3812d4c54f1cce0502dbfa9429d77c238425b501f30	4664cb809825b7023ad6a8a90b9492f757446b7b97890595c397504646aa55d4	42	587	1.0	0	1.0	587	100	true	false	eos	99	dd111bef68824755ae99208d23b1c9cbb41ad5e7507b9d44ed02105bbbd638f8
vae_candidate_000589	sequence_vae	models/generator/sequence_vae/member_a_v1_seed42/best.pt	d2801a2a130928739f44f9726bcb5bbd7be229fadfe2f05fba5d0f6cc87debdf	member_a_v1_conservative_provisional	28e2c439d1946a789cb3a3812d4c54f1cce0502dbfa9429d77c238425b501f30	4664cb809825b7023ad6a8a90b9492f757446b7b97890595c397504646aa55d4	42	588	1.0	0	1.0	588	78	true	false	eos	77	d92743cd4ae9a061d2e6af6c8a6d1f47002cd3ce477483b6c1eac4690100a1fd
vae_candidate_000590	sequence_vae	models/generator/sequence_vae/member_a_v1_seed42/best.pt	d2801a2a130928739f44f9726bcb5bbd7be229fadfe2f05fba5d0f6cc87debdf	member_a_v1_conservative_provisional	28e2c439d1946a789cb3a3812d4c54f1cce0502dbfa9429d77c238425b501f30	4664cb809825b7023ad6a8a90b9492f757446b7b97890595c397504646aa55d4	42	589	1.0	0	1.0	589	92	true	false	eos	91	bfb023add46c64402ac3bc3765736347211964289380de4cc2d52031157bf09a
vae_candidate_000591	sequence_vae	models/generator/sequence_vae/member_a_v1_seed42/best.pt	d2801a2a130928739f44f9726bcb5bbd7be229fadfe2f05fba5d0f6cc87debdf	member_a_v1_conservative_provisional	28e2c439d1946a789cb3a3812d4c54f1cce0502dbfa9429d77c238425b501f30	4664cb809825b7023ad6a8a90b9492f757446b7b97890595c397504646aa55d4	42	590	1.0	0	1.0	590	89	true	false	eos	88	a44b36092f9f5eb0d9fb6677d734c75644dcffc80a5b588518b668125c251a6f
vae_candidate_000592	sequence_vae	models/generator/sequence_vae/member_a_v1_seed42/best.pt	d2801a2a130928739f44f9726bcb5bbd7be229fadfe2f05fba5d0f6cc87debdf	member_a_v1_conservative_provisional	28e2c439d1946a789cb3a3812d4c54f1cce0502dbfa9429d77c238425b501f30	4664cb809825b7023ad6a8a90b9492f757446b7b97890595c397504646aa55d4	42	591	1.0	0	1.0	591	91	true	false	eos	90	529ae5df0c01e17cad7cb200e9d1f8723a37c42faef71c91937ccfbeb572607d
vae_candidate_000593	sequence_vae	models/generator/sequence_vae/member_a_v1_seed42/best.pt	d2801a2a130928739f44f9726bcb5bbd7be229fadfe2f05fba5d0f6cc87debdf	member_a_v1_conservative_provisional	28e2c439d1946a789cb3a3812d4c54f1cce0502dbfa9429d77c238425b501f30	4664cb809825b7023ad6a8a90b9492f757446b7b97890595c397504646aa55d4	42	592	1.0	0	1.0	592	125	true	false	eos	124	801b606aaf646c7c90dafeda72ed20c56205cd8dc4a9cf9bc9087c4b80379963
vae_candidate_000594	sequence_vae	models/generator/sequence_vae/member_a_v1_seed42/best.pt	d2801a2a130928739f44f9726bcb5bbd7be229fadfe2f05fba5d0f6cc87debdf	member_a_v1_conservative_provisional	28e2c439d1946a789cb3a3812d4c54f1cce0502dbfa9429d77c238425b501f30	4664cb809825b7023ad6a8a90b9492f757446b7b97890595c397504646aa55d4	42	593	1.0	0	1.0	593	180	false	true	length_cap	180	d5a6435169b29fdda71913be8bc2615e6f6d7866250109c77171349948af7069
vae_candidate_000595	sequence_vae	models/generator/sequence_vae/member_a_v1_seed42/best.pt	d2801a2a130928739f44f9726bcb5bbd7be229fadfe2f05fba5d0f6cc87debdf	member_a_v1_conservative_provisional	28e2c439d1946a789cb3a3812d4c54f1cce0502dbfa9429d77c238425b501f30	4664cb809825b7023ad6a8a90b9492f757446b7b97890595c397504646aa55d4	42	594	1.0	0	1.0	594	75	true	false	eos	74	99c498ce8cbfd917f9c4a64cd672f3261ce8b382742d9150eb6f22a4bf3bb607
vae_candidate_000596	sequence_vae	models/generator/sequence_vae/member_a_v1_seed42/best.pt	d2801a2a130928739f44f9726bcb5bbd7be229fadfe2f05fba5d0f6cc87debdf	member_a_v1_conservative_provisional	28e2c439d1946a789cb3a3812d4c54f1cce0502dbfa9429d77c238425b501f30	4664cb809825b7023ad6a8a90b9492f757446b7b97890595c397504646aa55d4	42	595	1.0	0	1.0	595	122	true	false	eos	121	e1dc8d14d9d9e1308a42f9eec9bf7148f2de50dade6e478998b773c9f942543a
vae_candidate_000597	sequence_vae	models/generator/sequence_vae/member_a_v1_seed42/best.pt	d2801a2a130928739f44f9726bcb5bbd7be229fadfe2f05fba5d0f6cc87debdf	member_a_v1_conservative_provisional	28e2c439d1946a789cb3a3812d4c54f1cce0502dbfa9429d77c238425b501f30	4664cb809825b7023ad6a8a90b9492f757446b7b97890595c397504646aa55d4	42	596	1.0	0	1.0	596	79	true	false	eos	78	e5907ce161303546a7aa7fff90c48b28082f997676138c61822e0305afc5d3ed
vae_candidate_000598	sequence_vae	models/generator/sequence_vae/member_a_v1_seed42/best.pt	d2801a2a130928739f44f9726bcb5bbd7be229fadfe2f05fba5d0f6cc87debdf	member_a_v1_conservative_provisional	28e2c439d1946a789cb3a3812d4c54f1cce0502dbfa9429d77c238425b501f30	4664cb809825b7023ad6a8a90b9492f757446b7b97890595c397504646aa55d4	42	597	1.0	0	1.0	597	95	true	false	eos	94	7518a0b61745860a85edb12a3f0feb56fa06f0f7e51d349b7f5d9fd28b63adb9
vae_candidate_000599	sequence_vae	models/generator/sequence_vae/member_a_v1_seed42/best.pt	d2801a2a130928739f44f9726bcb5bbd7be229fadfe2f05fba5d0f6cc87debdf	member_a_v1_conservative_provisional	28e2c439d1946a789cb3a3812d4c54f1cce0502dbfa9429d77c238425b501f30	4664cb809825b7023ad6a8a90b9492f757446b7b97890595c397504646aa55d4	42	598	1.0	0	1.0	598	120	true	false	eos	119	2ccf7982c8054b89750e58691b3b6207ef04d7f2a2c68ad2c575646f47b888d0
vae_candidate_000600	sequence_vae	models/generator/sequence_vae/member_a_v1_seed42/best.pt	d2801a2a130928739f44f9726bcb5bbd7be229fadfe2f05fba5d0f6cc87debdf	member_a_v1_conservative_provisional	28e2c439d1946a789cb3a3812d4c54f1cce0502dbfa9429d77c238425b501f30	4664cb809825b7023ad6a8a90b9492f757446b7b97890595c397504646aa55d4	42	599	1.0	0	1.0	599	80	true	false	eos	79	64a67524589912248cbc0047fd834fd1f336171d2f369ff0fe86370f3ebfd3fc
vae_candidate_000601	sequence_vae	models/generator/sequence_vae/member_a_v1_seed42/best.pt	d2801a2a130928739f44f9726bcb5bbd7be229fadfe2f05fba5d0f6cc87debdf	member_a_v1_conservative_provisional	28e2c439d1946a789cb3a3812d4c54f1cce0502dbfa9429d77c238425b501f30	4664cb809825b7023ad6a8a90b9492f757446b7b97890595c397504646aa55d4	42	600	1.0	0	1.0	600	92	true	false	eos	91	2d0e7655a37682d85725626f3457eff77cedd070a7fa85eb51435943497a88a4
vae_candidate_000602	sequence_vae	models/generator/sequence_vae/member_a_v1_seed42/best.pt	d2801a2a130928739f44f9726bcb5bbd7be229fadfe2f05fba5d0f6cc87debdf	member_a_v1_conservative_provisional	28e2c439d1946a789cb3a3812d4c54f1cce0502dbfa9429d77c238425b501f30	4664cb809825b7023ad6a8a90b9492f757446b7b97890595c397504646aa55d4	42	601	1.0	0	1.0	601	107	true	false	eos	106	6164adf122c8c60cd996f15a72107407f183efd87dcf219a71b32ead35ccdeab
vae_candidate_000603	sequence_vae	models/generator/sequence_vae/member_a_v1_seed42/best.pt	d2801a2a130928739f44f9726bcb5bbd7be229fadfe2f05fba5d0f6cc87debdf	member_a_v1_conservative_provisional	28e2c439d1946a789cb3a3812d4c54f1cce0502dbfa9429d77c238425b501f30	4664cb809825b7023ad6a8a90b9492f757446b7b97890595c397504646aa55d4	42	602	1.0	0	1.0	602	88	true	false	eos	87	a9db44ec41ad839c3ba6877710046351190414ce5bb99a31fe2394a586ee6ca3
vae_candidate_000604	sequence_vae	models/generator/sequence_vae/member_a_v1_seed42/best.pt	d2801a2a130928739f44f9726bcb5bbd7be229fadfe2f05fba5d0f6cc87debdf	member_a_v1_conservative_provisional	28e2c439d1946a789cb3a3812d4c54f1cce0502dbfa9429d77c238425b501f30	4664cb809825b7023ad6a8a90b9492f757446b7b97890595c397504646aa55d4	42	603	1.0	0	1.0	603	101	true	false	eos	100	2151510f28914796d0bd8bee622ce565c90926f23d869b9195f7f9c2cfd2b5a4
vae_candidate_000605	sequence_vae	models/generator/sequence_vae/member_a_v1_seed42/best.pt	d2801a2a130928739f44f9726bcb5bbd7be229fadfe2f05fba5d0f6cc87debdf	member_a_v1_conservative_provisional	28e2c439d1946a789cb3a3812d4c54f1cce0502dbfa9429d77c238425b501f30	4664cb809825b7023ad6a8a90b9492f757446b7b97890595c397504646aa55d4	42	604	1.0	0	1.0	604	151	true	false	eos	150	823061a35dc07ef4073c69d3114da558d17d6cab2033f3aac003ad437c33a2ad
vae_candidate_000606	sequence_vae	models/generator/sequence_vae/member_a_v1_seed42/best.pt	d2801a2a130928739f44f9726bcb5bbd7be229fadfe2f05fba5d0f6cc87debdf	member_a_v1_conservative_provisional	28e2c439d1946a789cb3a3812d4c54f1cce0502dbfa9429d77c238425b501f30	4664cb809825b7023ad6a8a90b9492f757446b7b97890595c397504646aa55d4	42	605	1.0	0	1.0	605	86	true	false	eos	85	489ca12479405ddfd03db74ab12d36e09e1439264a699ab4d37f0aeea4763357
vae_candidate_000607	sequence_vae	models/generator/sequence_vae/member_a_v1_seed42/best.pt	d2801a2a130928739f44f9726bcb5bbd7be229fadfe2f05fba5d0f6cc87debdf	member_a_v1_conservative_provisional	28e2c439d1946a789cb3a3812d4c54f1cce0502dbfa9429d77c238425b501f30	4664cb809825b7023ad6a8a90b9492f757446b7b97890595c397504646aa55d4	42	606	1.0	0	1.0	606	84	true	false	eos	83	69ea9df556cd9e706ebb907d2dba1aa72890751992b9f55d8f1b4fb6c0dcd130
vae_candidate_000608	sequence_vae	models/generator/sequence_vae/member_a_v1_seed42/best.pt	d2801a2a130928739f44f9726bcb5bbd7be229fadfe2f05fba5d0f6cc87debdf	member_a_v1_conservative_provisional	28e2c439d1946a789cb3a3812d4c54f1cce0502dbfa9429d77c238425b501f30	4664cb809825b7023ad6a8a90b9492f757446b7b97890595c397504646aa55d4	42	607	1.0	0	1.0	607	87	true	false	eos	86	da82be8594659c59a0bed4d0a2ee397fdc47796c958fc53f6be015801471c59d
vae_candidate_000609	sequence_vae	models/generator/sequence_vae/member_a_v1_seed42/best.pt	d2801a2a130928739f44f9726bcb5bbd7be229fadfe2f05fba5d0f6cc87debdf	member_a_v1_conservative_provisional	28e2c439d1946a789cb3a3812d4c54f1cce0502dbfa9429d77c238425b501f30	4664cb809825b7023ad6a8a90b9492f757446b7b97890595c397504646aa55d4	42	608	1.0	0	1.0	608	93	true	false	eos	92	9b0d749a6c829ccecf930729fdd42b6f834a6ded85ceea00f37cc2c433f927af
vae_candidate_000610	sequence_vae	models/generator/sequence_vae/member_a_v1_seed42/best.pt	d2801a2a130928739f44f9726bcb5bbd7be229fadfe2f05fba5d0f6cc87debdf	member_a_v1_conservative_provisional	28e2c439d1946a789cb3a3812d4c54f1cce0502dbfa9429d77c238425b501f30	4664cb809825b7023ad6a8a90b9492f757446b7b97890595c397504646aa55d4	42	609	1.0	0	1.0	609	84	true	false	eos	83	03af29c7e40c6f3934a47921e6c3dd7c589342cadac0f8eeae0bd97db2d82b2f
vae_candidate_000611	sequence_vae	models/generator/sequence_vae/member_a_v1_seed42/best.pt	d2801a2a130928739f44f9726bcb5bbd7be229fadfe2f05fba5d0f6cc87debdf	member_a_v1_conservative_provisional	28e2c439d1946a789cb3a3812d4c54f1cce0502dbfa9429d77c238425b501f30	4664cb809825b7023ad6a8a90b9492f757446b7b97890595c397504646aa55d4	42	610	1.0	0	1.0	610	84	true	false	eos	83	f92af7b900e31bf00f99ac7b7b4bef6f8842664ccad215c4e741aed77ef17c73
vae_candidate_000612	sequence_vae	models/generator/sequence_vae/member_a_v1_seed42/best.pt	d2801a2a130928739f44f9726bcb5bbd7be229fadfe2f05fba5d0f6cc87debdf	member_a_v1_conservative_provisional	28e2c439d1946a789cb3a3812d4c54f1cce0502dbfa9429d77c238425b501f30	4664cb809825b7023ad6a8a90b9492f757446b7b97890595c397504646aa55d4	42	611	1.0	0	1.0	611	180	false	true	length_cap	180	2af3e102bed543c7bd1335903f9e4aa84b12d3c47f99b95211da2454bdc49f33
vae_candidate_000613	sequence_vae	models/generator/sequence_vae/member_a_v1_seed42/best.pt	d2801a2a130928739f44f9726bcb5bbd7be229fadfe2f05fba5d0f6cc87debdf	member_a_v1_conservative_provisional	28e2c439d1946a789cb3a3812d4c54f1cce0502dbfa9429d77c238425b501f30	4664cb809825b7023ad6a8a90b9492f757446b7b97890595c397504646aa55d4	42	612	1.0	0	1.0	612	100	true	false	eos	99	d257e27e89d6b5aede32b438265d094c17876cf6b048c5ab8496667f7348d310
vae_candidate_000614	sequence_vae	models/generator/sequence_vae/member_a_v1_seed42/best.pt	d2801a2a130928739f44f9726bcb5bbd7be229fadfe2f05fba5d0f6cc87debdf	member_a_v1_conservative_provisional	28e2c439d1946a789cb3a3812d4c54f1cce0502dbfa9429d77c238425b501f30	4664cb809825b7023ad6a8a90b9492f757446b7b97890595c397504646aa55d4	42	613	1.0	0	1.0	613	85	true	false	eos	84	43bdc844672d78c171fd6c68259c7bb6c1f9ff33e102920ab2a23b6fdae16d5e
vae_candidate_000615	sequence_vae	models/generator/sequence_vae/member_a_v1_seed42/best.pt	d2801a2a130928739f44f9726bcb5bbd7be229fadfe2f05fba5d0f6cc87debdf	member_a_v1_conservative_provisional	28e2c439d1946a789cb3a3812d4c54f1cce0502dbfa9429d77c238425b501f30	4664cb809825b7023ad6a8a90b9492f757446b7b97890595c397504646aa55d4	42	614	1.0	0	1.0	614	93	true	false	eos	92	f40d5398eaedf958b868d3586b0182d41e92956450d37106487badcc7fbbb64a
vae_candidate_000616	sequence_vae	models/generator/sequence_vae/member_a_v1_seed42/best.pt	d2801a2a130928739f44f9726bcb5bbd7be229fadfe2f05fba5d0f6cc87debdf	member_a_v1_conservative_provisional	28e2c439d1946a789cb3a3812d4c54f1cce0502dbfa9429d77c238425b501f30	4664cb809825b7023ad6a8a90b9492f757446b7b97890595c397504646aa55d4	42	615	1.0	0	1.0	615	67	true	false	eos	66	b50bc478e043ac12515b39720fae76a4a42b1668396234e4f8984d833a8b0a4c
vae_candidate_000617	sequence_vae	models/generator/sequence_vae/member_a_v1_seed42/best.pt	d2801a2a130928739f44f9726bcb5bbd7be229fadfe2f05fba5d0f6cc87debdf	member_a_v1_conservative_provisional	28e2c439d1946a789cb3a3812d4c54f1cce0502dbfa9429d77c238425b501f30	4664cb809825b7023ad6a8a90b9492f757446b7b97890595c397504646aa55d4	42	616	1.0	0	1.0	616	93	true	false	eos	92	738191e528bafb0ea17cb7df23f39eef4546125820f9b5198f5b23125edd9cd0
vae_candidate_000618	sequence_vae	models/generator/sequence_vae/member_a_v1_seed42/best.pt	d2801a2a130928739f44f9726bcb5bbd7be229fadfe2f05fba5d0f6cc87debdf	member_a_v1_conservative_provisional	28e2c439d1946a789cb3a3812d4c54f1cce0502dbfa9429d77c238425b501f30	4664cb809825b7023ad6a8a90b9492f757446b7b97890595c397504646aa55d4	42	617	1.0	0	1.0	617	96	true	false	eos	95	c50908e812ce9eb1076293f3c44239f62df5eaa2b3f58242d930d895276f12be
vae_candidate_000619	sequence_vae	models/generator/sequence_vae/member_a_v1_seed42/best.pt	d2801a2a130928739f44f9726bcb5bbd7be229fadfe2f05fba5d0f6cc87debdf	member_a_v1_conservative_provisional	28e2c439d1946a789cb3a3812d4c54f1cce0502dbfa9429d77c238425b501f30	4664cb809825b7023ad6a8a90b9492f757446b7b97890595c397504646aa55d4	42	618	1.0	0	1.0	618	114	true	false	eos	113	c6432145a47ba80b9c3cfae7ff8057da7c242a40194908ab665bb47e94f6568d
vae_candidate_000620	sequence_vae	models/generator/sequence_vae/member_a_v1_seed42/best.pt	d2801a2a130928739f44f9726bcb5bbd7be229fadfe2f05fba5d0f6cc87debdf	member_a_v1_conservative_provisional	28e2c439d1946a789cb3a3812d4c54f1cce0502dbfa9429d77c238425b501f30	4664cb809825b7023ad6a8a90b9492f757446b7b97890595c397504646aa55d4	42	619	1.0	0	1.0	619	150	true	false	eos	149	fe0e6ae29f189603d1fc20d13958f12819bea636b1ae3ee8266fcd27eb608fd6
vae_candidate_000621	sequence_vae	models/generator/sequence_vae/member_a_v1_seed42/best.pt	d2801a2a130928739f44f9726bcb5bbd7be229fadfe2f05fba5d0f6cc87debdf	member_a_v1_conservative_provisional	28e2c439d1946a789cb3a3812d4c54f1cce0502dbfa9429d77c238425b501f30	4664cb809825b7023ad6a8a90b9492f757446b7b97890595c397504646aa55d4	42	620	1.0	0	1.0	620	77	true	false	eos	76	0e5a55e0ff5a752a4464e373f76926f519282f785cd29c5f297569ac86d0fa9b
vae_candidate_000622	sequence_vae	models/generator/sequence_vae/member_a_v1_seed42/best.pt	d2801a2a130928739f44f9726bcb5bbd7be229fadfe2f05fba5d0f6cc87debdf	member_a_v1_conservative_provisional	28e2c439d1946a789cb3a3812d4c54f1cce0502dbfa9429d77c238425b501f30	4664cb809825b7023ad6a8a90b9492f757446b7b97890595c397504646aa55d4	42	621	1.0	0	1.0	621	67	true	false	eos	66	687a98349034cf3d71b18b33492478c9e9f3d76bdb5a46760e0d312bb6460021
vae_candidate_000623	sequence_vae	models/generator/sequence_vae/member_a_v1_seed42/best.pt	d2801a2a130928739f44f9726bcb5bbd7be229fadfe2f05fba5d0f6cc87debdf	member_a_v1_conservative_provisional	28e2c439d1946a789cb3a3812d4c54f1cce0502dbfa9429d77c238425b501f30	4664cb809825b7023ad6a8a90b9492f757446b7b97890595c397504646aa55d4	42	622	1.0	0	1.0	622	94	true	false	eos	93	80b5c56178ba97e5622b6da029531bf9eabd793b3017226202bfbc9f57263578
vae_candidate_000624	sequence_vae	models/generator/sequence_vae/member_a_v1_seed42/best.pt	d2801a2a130928739f44f9726bcb5bbd7be229fadfe2f05fba5d0f6cc87debdf	member_a_v1_conservative_provisional	28e2c439d1946a789cb3a3812d4c54f1cce0502dbfa9429d77c238425b501f30	4664cb809825b7023ad6a8a90b9492f757446b7b97890595c397504646aa55d4	42	623	1.0	0	1.0	623	87	true	false	eos	86	6bb6f71252c390b008fd2c2283718297ea367842e7c846f75a3d08aa68a406da
vae_candidate_000625	sequence_vae	models/generator/sequence_vae/member_a_v1_seed42/best.pt	d2801a2a130928739f44f9726bcb5bbd7be229fadfe2f05fba5d0f6cc87debdf	member_a_v1_conservative_provisional	28e2c439d1946a789cb3a3812d4c54f1cce0502dbfa9429d77c238425b501f30	4664cb809825b7023ad6a8a90b9492f757446b7b97890595c397504646aa55d4	42	624	1.0	0	1.0	624	101	true	false	eos	100	fdb45f72754403a7ff4c7c8e1b286fbe0156973c5a719fd12eff8971ad06247d
vae_candidate_000626	sequence_vae	models/generator/sequence_vae/member_a_v1_seed42/best.pt	d2801a2a130928739f44f9726bcb5bbd7be229fadfe2f05fba5d0f6cc87debdf	member_a_v1_conservative_provisional	28e2c439d1946a789cb3a3812d4c54f1cce0502dbfa9429d77c238425b501f30	4664cb809825b7023ad6a8a90b9492f757446b7b97890595c397504646aa55d4	42	625	1.0	0	1.0	625	167	true	false	eos	166	1ca2d00cd7b7bc560d914a854402b93b4f6561abc125a01b60955994ad194d79
vae_candidate_000627	sequence_vae	models/generator/sequence_vae/member_a_v1_seed42/best.pt	d2801a2a130928739f44f9726bcb5bbd7be229fadfe2f05fba5d0f6cc87debdf	member_a_v1_conservative_provisional	28e2c439d1946a789cb3a3812d4c54f1cce0502dbfa9429d77c238425b501f30	4664cb809825b7023ad6a8a90b9492f757446b7b97890595c397504646aa55d4	42	626	1.0	0	1.0	626	91	true	false	eos	90	a5ccbbda7cb5bf3b459f0c698f53230b9aaae4b837b52b8d7fcda29974d74776
vae_candidate_000628	sequence_vae	models/generator/sequence_vae/member_a_v1_seed42/best.pt	d2801a2a130928739f44f9726bcb5bbd7be229fadfe2f05fba5d0f6cc87debdf	member_a_v1_conservative_provisional	28e2c439d1946a789cb3a3812d4c54f1cce0502dbfa9429d77c238425b501f30	4664cb809825b7023ad6a8a90b9492f757446b7b97890595c397504646aa55d4	42	627	1.0	0	1.0	627	113	true	false	eos	112	604c7a6520f85dcfb5c91e2fb4a717c5400bcf7ac428e967b92de28e91eaf75a
vae_candidate_000629	sequence_vae	models/generator/sequence_vae/member_a_v1_seed42/best.pt	d2801a2a130928739f44f9726bcb5bbd7be229fadfe2f05fba5d0f6cc87debdf	member_a_v1_conservative_provisional	28e2c439d1946a789cb3a3812d4c54f1cce0502dbfa9429d77c238425b501f30	4664cb809825b7023ad6a8a90b9492f757446b7b97890595c397504646aa55d4	42	628	1.0	0	1.0	628	51	true	false	eos	50	68b99caae7321f1cd810bc4a1eebc30a8dc0a60e7d52b5f866646f225eb1bbfe
vae_candidate_000630	sequence_vae	models/generator/sequence_vae/member_a_v1_seed42/best.pt	d2801a2a130928739f44f9726bcb5bbd7be229fadfe2f05fba5d0f6cc87debdf	member_a_v1_conservative_provisional	28e2c439d1946a789cb3a3812d4c54f1cce0502dbfa9429d77c238425b501f30	4664cb809825b7023ad6a8a90b9492f757446b7b97890595c397504646aa55d4	42	629	1.0	0	1.0	629	112	true	false	eos	111	9e4c009e6bda71312eddee8136af4e9355987ccc427b58781604b68f59cb432c
vae_candidate_000631	sequence_vae	models/generator/sequence_vae/member_a_v1_seed42/best.pt	d2801a2a130928739f44f9726bcb5bbd7be229fadfe2f05fba5d0f6cc87debdf	member_a_v1_conservative_provisional	28e2c439d1946a789cb3a3812d4c54f1cce0502dbfa9429d77c238425b501f30	4664cb809825b7023ad6a8a90b9492f757446b7b97890595c397504646aa55d4	42	630	1.0	0	1.0	630	116	true	false	eos	115	beded3742d320e76bf214e4fe537d8f2e1511da86c0dc1221d330360109e51ec
vae_candidate_000632	sequence_vae	models/generator/sequence_vae/member_a_v1_seed42/best.pt	d2801a2a130928739f44f9726bcb5bbd7be229fadfe2f05fba5d0f6cc87debdf	member_a_v1_conservative_provisional	28e2c439d1946a789cb3a3812d4c54f1cce0502dbfa9429d77c238425b501f30	4664cb809825b7023ad6a8a90b9492f757446b7b97890595c397504646aa55d4	42	631	1.0	0	1.0	631	126	true	false	eos	125	1f8cb5909d2ce7b5f874be1476f8711645b48e2181ad6dbf8fe777bb75f87269
vae_candidate_000633	sequence_vae	models/generator/sequence_vae/member_a_v1_seed42/best.pt	d2801a2a130928739f44f9726bcb5bbd7be229fadfe2f05fba5d0f6cc87debdf	member_a_v1_conservative_provisional	28e2c439d1946a789cb3a3812d4c54f1cce0502dbfa9429d77c238425b501f30	4664cb809825b7023ad6a8a90b9492f757446b7b97890595c397504646aa55d4	42	632	1.0	0	1.0	632	100	true	false	eos	99	afb6b4748aad8a36281584e1dad95ba42f4a7fbe947fb58621fcf54996be2c86
vae_candidate_000634	sequence_vae	models/generator/sequence_vae/member_a_v1_seed42/best.pt	d2801a2a130928739f44f9726bcb5bbd7be229fadfe2f05fba5d0f6cc87debdf	member_a_v1_conservative_provisional	28e2c439d1946a789cb3a3812d4c54f1cce0502dbfa9429d77c238425b501f30	4664cb809825b7023ad6a8a90b9492f757446b7b97890595c397504646aa55d4	42	633	1.0	0	1.0	633	98	true	false	eos	97	9eccd02774533102c151e9e42f06e6bb6e399ae6fecb13dd2ef2b9965fbd3caa
vae_candidate_000635	sequence_vae	models/generator/sequence_vae/member_a_v1_seed42/best.pt	d2801a2a130928739f44f9726bcb5bbd7be229fadfe2f05fba5d0f6cc87debdf	member_a_v1_conservative_provisional	28e2c439d1946a789cb3a3812d4c54f1cce0502dbfa9429d77c238425b501f30	4664cb809825b7023ad6a8a90b9492f757446b7b97890595c397504646aa55d4	42	634	1.0	0	1.0	634	90	true	false	eos	89	7b2c8269e84e7bb33fae6cd8d3780b01365b73305e754cafee6c195195a65cb3
vae_candidate_000636	sequence_vae	models/generator/sequence_vae/member_a_v1_seed42/best.pt	d2801a2a130928739f44f9726bcb5bbd7be229fadfe2f05fba5d0f6cc87debdf	member_a_v1_conservative_provisional	28e2c439d1946a789cb3a3812d4c54f1cce0502dbfa9429d77c238425b501f30	4664cb809825b7023ad6a8a90b9492f757446b7b97890595c397504646aa55d4	42	635	1.0	0	1.0	635	101	true	false	eos	100	1fd1b81a224310a20bc68360fafd52b13464b58fbe1f2ad230065b8d284fca5f
vae_candidate_000637	sequence_vae	models/generator/sequence_vae/member_a_v1_seed42/best.pt	d2801a2a130928739f44f9726bcb5bbd7be229fadfe2f05fba5d0f6cc87debdf	member_a_v1_conservative_provisional	28e2c439d1946a789cb3a3812d4c54f1cce0502dbfa9429d77c238425b501f30	4664cb809825b7023ad6a8a90b9492f757446b7b97890595c397504646aa55d4	42	636	1.0	0	1.0	636	180	false	true	length_cap	180	20ed6a1317427796bf1cdaa6283e818b68c18972b37d58bcf859a1e9ae63f1b5
vae_candidate_000638	sequence_vae	models/generator/sequence_vae/member_a_v1_seed42/best.pt	d2801a2a130928739f44f9726bcb5bbd7be229fadfe2f05fba5d0f6cc87debdf	member_a_v1_conservative_provisional	28e2c439d1946a789cb3a3812d4c54f1cce0502dbfa9429d77c238425b501f30	4664cb809825b7023ad6a8a90b9492f757446b7b97890595c397504646aa55d4	42	637	1.0	0	1.0	637	90	true	false	eos	89	a7a50b47d4a9a44506c4d7b38fb94d12bcfe96b96aa2f872b267336c89d1c597
vae_candidate_000639	sequence_vae	models/generator/sequence_vae/member_a_v1_seed42/best.pt	d2801a2a130928739f44f9726bcb5bbd7be229fadfe2f05fba5d0f6cc87debdf	member_a_v1_conservative_provisional	28e2c439d1946a789cb3a3812d4c54f1cce0502dbfa9429d77c238425b501f30	4664cb809825b7023ad6a8a90b9492f757446b7b97890595c397504646aa55d4	42	638	1.0	0	1.0	638	90	true	false	eos	89	8b35d2c02e0fa5f04b46255762cb345fecee2527c584e5fe350aeac18d84a230
vae_candidate_000640	sequence_vae	models/generator/sequence_vae/member_a_v1_seed42/best.pt	d2801a2a130928739f44f9726bcb5bbd7be229fadfe2f05fba5d0f6cc87debdf	member_a_v1_conservative_provisional	28e2c439d1946a789cb3a3812d4c54f1cce0502dbfa9429d77c238425b501f30	4664cb809825b7023ad6a8a90b9492f757446b7b97890595c397504646aa55d4	42	639	1.0	0	1.0	639	86	true	false	eos	85	69e6cdebc6761216e4585a76926746c3789e47f593be9887e61c638984864481
vae_candidate_000641	sequence_vae	models/generator/sequence_vae/member_a_v1_seed42/best.pt	d2801a2a130928739f44f9726bcb5bbd7be229fadfe2f05fba5d0f6cc87debdf	member_a_v1_conservative_provisional	28e2c439d1946a789cb3a3812d4c54f1cce0502dbfa9429d77c238425b501f30	4664cb809825b7023ad6a8a90b9492f757446b7b97890595c397504646aa55d4	42	640	1.0	0	1.0	640	123	true	false	eos	122	ba25cf32dfb97956002ecd6d96fc867b45e9b4f8b045a821d89a6b06f66d3fad
vae_candidate_000642	sequence_vae	models/generator/sequence_vae/member_a_v1_seed42/best.pt	d2801a2a130928739f44f9726bcb5bbd7be229fadfe2f05fba5d0f6cc87debdf	member_a_v1_conservative_provisional	28e2c439d1946a789cb3a3812d4c54f1cce0502dbfa9429d77c238425b501f30	4664cb809825b7023ad6a8a90b9492f757446b7b97890595c397504646aa55d4	42	641	1.0	0	1.0	641	140	true	false	eos	139	115b19a1ced627ab332a861ee0f3ab3c25e8b6c8f7000502230f680b520750ad
vae_candidate_000643	sequence_vae	models/generator/sequence_vae/member_a_v1_seed42/best.pt	d2801a2a130928739f44f9726bcb5bbd7be229fadfe2f05fba5d0f6cc87debdf	member_a_v1_conservative_provisional	28e2c439d1946a789cb3a3812d4c54f1cce0502dbfa9429d77c238425b501f30	4664cb809825b7023ad6a8a90b9492f757446b7b97890595c397504646aa55d4	42	642	1.0	0	1.0	642	105	true	false	eos	104	cbf55cfd9bcfd5a758b90ca364a7dbab20d407cd21f50c5706cb9adf2c936f75
vae_candidate_000644	sequence_vae	models/generator/sequence_vae/member_a_v1_seed42/best.pt	d2801a2a130928739f44f9726bcb5bbd7be229fadfe2f05fba5d0f6cc87debdf	member_a_v1_conservative_provisional	28e2c439d1946a789cb3a3812d4c54f1cce0502dbfa9429d77c238425b501f30	4664cb809825b7023ad6a8a90b9492f757446b7b97890595c397504646aa55d4	42	643	1.0	0	1.0	643	177	true	false	eos	176	4c748574fa882146742113a531743854d4db4695737f0c0b60b8609d0c6e8370
vae_candidate_000645	sequence_vae	models/generator/sequence_vae/member_a_v1_seed42/best.pt	d2801a2a130928739f44f9726bcb5bbd7be229fadfe2f05fba5d0f6cc87debdf	member_a_v1_conservative_provisional	28e2c439d1946a789cb3a3812d4c54f1cce0502dbfa9429d77c238425b501f30	4664cb809825b7023ad6a8a90b9492f757446b7b97890595c397504646aa55d4	42	644	1.0	0	1.0	644	86	true	false	eos	85	cd6f86bea5942efd527f580bae727d26c0bd1422a9de0dcb3a8ad3efe7857a61
vae_candidate_000646	sequence_vae	models/generator/sequence_vae/member_a_v1_seed42/best.pt	d2801a2a130928739f44f9726bcb5bbd7be229fadfe2f05fba5d0f6cc87debdf	member_a_v1_conservative_provisional	28e2c439d1946a789cb3a3812d4c54f1cce0502dbfa9429d77c238425b501f30	4664cb809825b7023ad6a8a90b9492f757446b7b97890595c397504646aa55d4	42	645	1.0	0	1.0	645	117	true	false	eos	116	163ac79481e9f33a5be12848377117163af76d542f3bbc64c727f9f7e00d025b
vae_candidate_000647	sequence_vae	models/generator/sequence_vae/member_a_v1_seed42/best.pt	d2801a2a130928739f44f9726bcb5bbd7be229fadfe2f05fba5d0f6cc87debdf	member_a_v1_conservative_provisional	28e2c439d1946a789cb3a3812d4c54f1cce0502dbfa9429d77c238425b501f30	4664cb809825b7023ad6a8a90b9492f757446b7b97890595c397504646aa55d4	42	646	1.0	0	1.0	646	98	true	false	eos	97	1576d52214e4f3ddca0ca11e9c68c7bd14accd3fa50826f4f2bac14976bfc428
vae_candidate_000648	sequence_vae	models/generator/sequence_vae/member_a_v1_seed42/best.pt	d2801a2a130928739f44f9726bcb5bbd7be229fadfe2f05fba5d0f6cc87debdf	member_a_v1_conservative_provisional	28e2c439d1946a789cb3a3812d4c54f1cce0502dbfa9429d77c238425b501f30	4664cb809825b7023ad6a8a90b9492f757446b7b97890595c397504646aa55d4	42	647	1.0	0	1.0	647	97	true	false	eos	96	039c1d08503e1604c563e39325c4cd76b598954c4175d8d4c19efbfab43f87c7
vae_candidate_000649	sequence_vae	models/generator/sequence_vae/member_a_v1_seed42/best.pt	d2801a2a130928739f44f9726bcb5bbd7be229fadfe2f05fba5d0f6cc87debdf	member_a_v1_conservative_provisional	28e2c439d1946a789cb3a3812d4c54f1cce0502dbfa9429d77c238425b501f30	4664cb809825b7023ad6a8a90b9492f757446b7b97890595c397504646aa55d4	42	648	1.0	0	1.0	648	91	true	false	eos	90	7bbf93a158a515d2e85719e1802e41443cd5ff0109fcdc4318712efd6076d47d
vae_candidate_000650	sequence_vae	models/generator/sequence_vae/member_a_v1_seed42/best.pt	d2801a2a130928739f44f9726bcb5bbd7be229fadfe2f05fba5d0f6cc87debdf	member_a_v1_conservative_provisional	28e2c439d1946a789cb3a3812d4c54f1cce0502dbfa9429d77c238425b501f30	4664cb809825b7023ad6a8a90b9492f757446b7b97890595c397504646aa55d4	42	649	1.0	0	1.0	649	75	true	false	eos	74	6df11e1bf8f96ad93d442a7772338c7616f29f0cb027f00f52c81b4fe399894e
vae_candidate_000651	sequence_vae	models/generator/sequence_vae/member_a_v1_seed42/best.pt	d2801a2a130928739f44f9726bcb5bbd7be229fadfe2f05fba5d0f6cc87debdf	member_a_v1_conservative_provisional	28e2c439d1946a789cb3a3812d4c54f1cce0502dbfa9429d77c238425b501f30	4664cb809825b7023ad6a8a90b9492f757446b7b97890595c397504646aa55d4	42	650	1.0	0	1.0	650	95	true	false	eos	94	7ba6cd1cf2709074e932df0d21ac248babd721b5da9208f85db0f9b778d966bd
vae_candidate_000652	sequence_vae	models/generator/sequence_vae/member_a_v1_seed42/best.pt	d2801a2a130928739f44f9726bcb5bbd7be229fadfe2f05fba5d0f6cc87debdf	member_a_v1_conservative_provisional	28e2c439d1946a789cb3a3812d4c54f1cce0502dbfa9429d77c238425b501f30	4664cb809825b7023ad6a8a90b9492f757446b7b97890595c397504646aa55d4	42	651	1.0	0	1.0	651	85	true	false	eos	84	8398475e250133c7c12cf15ec3507718435f4a57d6a7f1c5e00bce374b55eea5
vae_candidate_000653	sequence_vae	models/generator/sequence_vae/member_a_v1_seed42/best.pt	d2801a2a130928739f44f9726bcb5bbd7be229fadfe2f05fba5d0f6cc87debdf	member_a_v1_conservative_provisional	28e2c439d1946a789cb3a3812d4c54f1cce0502dbfa9429d77c238425b501f30	4664cb809825b7023ad6a8a90b9492f757446b7b97890595c397504646aa55d4	42	652	1.0	0	1.0	652	109	true	false	eos	108	09f9ed73de457eb2475a8ff54ed15332a5db15cb4a62c8ea4c77f262a5b335c7
vae_candidate_000654	sequence_vae	models/generator/sequence_vae/member_a_v1_seed42/best.pt	d2801a2a130928739f44f9726bcb5bbd7be229fadfe2f05fba5d0f6cc87debdf	member_a_v1_conservative_provisional	28e2c439d1946a789cb3a3812d4c54f1cce0502dbfa9429d77c238425b501f30	4664cb809825b7023ad6a8a90b9492f757446b7b97890595c397504646aa55d4	42	653	1.0	0	1.0	653	72	true	false	eos	71	30ef6d5fc0756cccb5b25d0a9340ca4475ab06076c3dfe383a3bf35f5941708c
vae_candidate_000655	sequence_vae	models/generator/sequence_vae/member_a_v1_seed42/best.pt	d2801a2a130928739f44f9726bcb5bbd7be229fadfe2f05fba5d0f6cc87debdf	member_a_v1_conservative_provisional	28e2c439d1946a789cb3a3812d4c54f1cce0502dbfa9429d77c238425b501f30	4664cb809825b7023ad6a8a90b9492f757446b7b97890595c397504646aa55d4	42	654	1.0	0	1.0	654	83	true	false	eos	82	0639455fab32b8ac108190d63ee4c4136cc0744c577f5966334b359ffcc9abc9
vae_candidate_000656	sequence_vae	models/generator/sequence_vae/member_a_v1_seed42/best.pt	d2801a2a130928739f44f9726bcb5bbd7be229fadfe2f05fba5d0f6cc87debdf	member_a_v1_conservative_provisional	28e2c439d1946a789cb3a3812d4c54f1cce0502dbfa9429d77c238425b501f30	4664cb809825b7023ad6a8a90b9492f757446b7b97890595c397504646aa55d4	42	655	1.0	0	1.0	655	84	true	false	eos	83	67466894dfa424e0cdec5de861817963d5a5592dea08594dea8f927eb28e5975
vae_candidate_000657	sequence_vae	models/generator/sequence_vae/member_a_v1_seed42/best.pt	d2801a2a130928739f44f9726bcb5bbd7be229fadfe2f05fba5d0f6cc87debdf	member_a_v1_conservative_provisional	28e2c439d1946a789cb3a3812d4c54f1cce0502dbfa9429d77c238425b501f30	4664cb809825b7023ad6a8a90b9492f757446b7b97890595c397504646aa55d4	42	656	1.0	0	1.0	656	73	true	false	eos	72	0d0e0bc6e72353ec0f6731a903cdcfb1f02d6cc1ffd36872f0796b6c21dee15b
vae_candidate_000658	sequence_vae	models/generator/sequence_vae/member_a_v1_seed42/best.pt	d2801a2a130928739f44f9726bcb5bbd7be229fadfe2f05fba5d0f6cc87debdf	member_a_v1_conservative_provisional	28e2c439d1946a789cb3a3812d4c54f1cce0502dbfa9429d77c238425b501f30	4664cb809825b7023ad6a8a90b9492f757446b7b97890595c397504646aa55d4	42	657	1.0	0	1.0	657	97	true	false	eos	96	8ee00fc195b3fe38910aef89cdde57ffd3ac53fc8438cbdc08a22a402a82146d
vae_candidate_000659	sequence_vae	models/generator/sequence_vae/member_a_v1_seed42/best.pt	d2801a2a130928739f44f9726bcb5bbd7be229fadfe2f05fba5d0f6cc87debdf	member_a_v1_conservative_provisional	28e2c439d1946a789cb3a3812d4c54f1cce0502dbfa9429d77c238425b501f30	4664cb809825b7023ad6a8a90b9492f757446b7b97890595c397504646aa55d4	42	658	1.0	0	1.0	658	113	true	false	eos	112	0c444b80f71512bcda0d19f20b009416c858e2666305bbb1a1b0ec29e4a2e2d7
vae_candidate_000660	sequence_vae	models/generator/sequence_vae/member_a_v1_seed42/best.pt	d2801a2a130928739f44f9726bcb5bbd7be229fadfe2f05fba5d0f6cc87debdf	member_a_v1_conservative_provisional	28e2c439d1946a789cb3a3812d4c54f1cce0502dbfa9429d77c238425b501f30	4664cb809825b7023ad6a8a90b9492f757446b7b97890595c397504646aa55d4	42	659	1.0	0	1.0	659	113	true	false	eos	112	fd56c03cbd674c255de7bcafd33243e4794aeec4ccd3bb0188e000175232ef02
vae_candidate_000661	sequence_vae	models/generator/sequence_vae/member_a_v1_seed42/best.pt	d2801a2a130928739f44f9726bcb5bbd7be229fadfe2f05fba5d0f6cc87debdf	member_a_v1_conservative_provisional	28e2c439d1946a789cb3a3812d4c54f1cce0502dbfa9429d77c238425b501f30	4664cb809825b7023ad6a8a90b9492f757446b7b97890595c397504646aa55d4	42	660	1.0	0	1.0	660	180	false	true	length_cap	180	f983a3ee80865fadd35883fd627b6519959019d730c3c763988f8ee13a3ab9fe
vae_candidate_000662	sequence_vae	models/generator/sequence_vae/member_a_v1_seed42/best.pt	d2801a2a130928739f44f9726bcb5bbd7be229fadfe2f05fba5d0f6cc87debdf	member_a_v1_conservative_provisional	28e2c439d1946a789cb3a3812d4c54f1cce0502dbfa9429d77c238425b501f30	4664cb809825b7023ad6a8a90b9492f757446b7b97890595c397504646aa55d4	42	661	1.0	0	1.0	661	94	true	false	eos	93	94a3f2b0bde09c30a29513170d3fc0385f9e3de9f33fa5203d5729d0a1b4d777
vae_candidate_000663	sequence_vae	models/generator/sequence_vae/member_a_v1_seed42/best.pt	d2801a2a130928739f44f9726bcb5bbd7be229fadfe2f05fba5d0f6cc87debdf	member_a_v1_conservative_provisional	28e2c439d1946a789cb3a3812d4c54f1cce0502dbfa9429d77c238425b501f30	4664cb809825b7023ad6a8a90b9492f757446b7b97890595c397504646aa55d4	42	662	1.0	0	1.0	662	89	true	false	eos	88	44c0c5b9c5adad2b175a9bee05b0145c2e23e67c1fae17cc92099c590d086b1d
vae_candidate_000664	sequence_vae	models/generator/sequence_vae/member_a_v1_seed42/best.pt	d2801a2a130928739f44f9726bcb5bbd7be229fadfe2f05fba5d0f6cc87debdf	member_a_v1_conservative_provisional	28e2c439d1946a789cb3a3812d4c54f1cce0502dbfa9429d77c238425b501f30	4664cb809825b7023ad6a8a90b9492f757446b7b97890595c397504646aa55d4	42	663	1.0	0	1.0	663	169	true	false	eos	168	1b7b0e5c8f9e82d2be451e3432a653e803b13f2d888940e9bca1f8ad33c4859d
vae_candidate_000665	sequence_vae	models/generator/sequence_vae/member_a_v1_seed42/best.pt	d2801a2a130928739f44f9726bcb5bbd7be229fadfe2f05fba5d0f6cc87debdf	member_a_v1_conservative_provisional	28e2c439d1946a789cb3a3812d4c54f1cce0502dbfa9429d77c238425b501f30	4664cb809825b7023ad6a8a90b9492f757446b7b97890595c397504646aa55d4	42	664	1.0	0	1.0	664	176	true	false	eos	175	00696ddb4d09ea367cbd539ff174046c725e013a1f01e64bc1f8ca4c66b008cf
vae_candidate_000666	sequence_vae	models/generator/sequence_vae/member_a_v1_seed42/best.pt	d2801a2a130928739f44f9726bcb5bbd7be229fadfe2f05fba5d0f6cc87debdf	member_a_v1_conservative_provisional	28e2c439d1946a789cb3a3812d4c54f1cce0502dbfa9429d77c238425b501f30	4664cb809825b7023ad6a8a90b9492f757446b7b97890595c397504646aa55d4	42	665	1.0	0	1.0	665	100	true	false	eos	99	d00ef087190b31c0e2913c6b659c39df42c2782f19d50215427a54feb91abe3b
vae_candidate_000667	sequence_vae	models/generator/sequence_vae/member_a_v1_seed42/best.pt	d2801a2a130928739f44f9726bcb5bbd7be229fadfe2f05fba5d0f6cc87debdf	member_a_v1_conservative_provisional	28e2c439d1946a789cb3a3812d4c54f1cce0502dbfa9429d77c238425b501f30	4664cb809825b7023ad6a8a90b9492f757446b7b97890595c397504646aa55d4	42	666	1.0	0	1.0	666	62	true	false	eos	61	8cfc50f3db68247fa3cfd72c6f0d2abb0943fe855f92f32d21bee1d7718b8c23
vae_candidate_000668	sequence_vae	models/generator/sequence_vae/member_a_v1_seed42/best.pt	d2801a2a130928739f44f9726bcb5bbd7be229fadfe2f05fba5d0f6cc87debdf	member_a_v1_conservative_provisional	28e2c439d1946a789cb3a3812d4c54f1cce0502dbfa9429d77c238425b501f30	4664cb809825b7023ad6a8a90b9492f757446b7b97890595c397504646aa55d4	42	667	1.0	0	1.0	667	83	true	false	eos	82	a74c553df6e79b380d7f8742ac52c846df2a8d4e61dcbb805688f83eba7dadb4
vae_candidate_000669	sequence_vae	models/generator/sequence_vae/member_a_v1_seed42/best.pt	d2801a2a130928739f44f9726bcb5bbd7be229fadfe2f05fba5d0f6cc87debdf	member_a_v1_conservative_provisional	28e2c439d1946a789cb3a3812d4c54f1cce0502dbfa9429d77c238425b501f30	4664cb809825b7023ad6a8a90b9492f757446b7b97890595c397504646aa55d4	42	668	1.0	0	1.0	668	180	false	true	length_cap	180	49af773ec5f54cfe159a4e2967c4d5d8b0313f3bf3557a66740ef3e6c79690ad
vae_candidate_000670	sequence_vae	models/generator/sequence_vae/member_a_v1_seed42/best.pt	d2801a2a130928739f44f9726bcb5bbd7be229fadfe2f05fba5d0f6cc87debdf	member_a_v1_conservative_provisional	28e2c439d1946a789cb3a3812d4c54f1cce0502dbfa9429d77c238425b501f30	4664cb809825b7023ad6a8a90b9492f757446b7b97890595c397504646aa55d4	42	669	1.0	0	1.0	669	135	true	false	eos	134	9af81b9aee479c73d8f0e23af0a7e3750f78d58029020ae87f0207c2c1742603
vae_candidate_000671	sequence_vae	models/generator/sequence_vae/member_a_v1_seed42/best.pt	d2801a2a130928739f44f9726bcb5bbd7be229fadfe2f05fba5d0f6cc87debdf	member_a_v1_conservative_provisional	28e2c439d1946a789cb3a3812d4c54f1cce0502dbfa9429d77c238425b501f30	4664cb809825b7023ad6a8a90b9492f757446b7b97890595c397504646aa55d4	42	670	1.0	0	1.0	670	74	true	false	eos	73	ff2f5733548fca8f55219602a6c981c0e75d62c1493ddceee0b837298eb95ac8
vae_candidate_000672	sequence_vae	models/generator/sequence_vae/member_a_v1_seed42/best.pt	d2801a2a130928739f44f9726bcb5bbd7be229fadfe2f05fba5d0f6cc87debdf	member_a_v1_conservative_provisional	28e2c439d1946a789cb3a3812d4c54f1cce0502dbfa9429d77c238425b501f30	4664cb809825b7023ad6a8a90b9492f757446b7b97890595c397504646aa55d4	42	671	1.0	0	1.0	671	132	true	false	eos	131	7e2d18d074206ea5cd39ea79fe96940e6738bd774c81f5826cb2234587485918
vae_candidate_000673	sequence_vae	models/generator/sequence_vae/member_a_v1_seed42/best.pt	d2801a2a130928739f44f9726bcb5bbd7be229fadfe2f05fba5d0f6cc87debdf	member_a_v1_conservative_provisional	28e2c439d1946a789cb3a3812d4c54f1cce0502dbfa9429d77c238425b501f30	4664cb809825b7023ad6a8a90b9492f757446b7b97890595c397504646aa55d4	42	672	1.0	0	1.0	672	94	true	false	eos	93	cc0342b46f466b8c44cf4c36c26f14a0545941a2b58ced555a31604b95fbc055
vae_candidate_000674	sequence_vae	models/generator/sequence_vae/member_a_v1_seed42/best.pt	d2801a2a130928739f44f9726bcb5bbd7be229fadfe2f05fba5d0f6cc87debdf	member_a_v1_conservative_provisional	28e2c439d1946a789cb3a3812d4c54f1cce0502dbfa9429d77c238425b501f30	4664cb809825b7023ad6a8a90b9492f757446b7b97890595c397504646aa55d4	42	673	1.0	0	1.0	673	72	true	false	eos	71	6fadaad38f7b17e6f590ac524eaa045433e4169d50f5389d755349632843ecd8
vae_candidate_000675	sequence_vae	models/generator/sequence_vae/member_a_v1_seed42/best.pt	d2801a2a130928739f44f9726bcb5bbd7be229fadfe2f05fba5d0f6cc87debdf	member_a_v1_conservative_provisional	28e2c439d1946a789cb3a3812d4c54f1cce0502dbfa9429d77c238425b501f30	4664cb809825b7023ad6a8a90b9492f757446b7b97890595c397504646aa55d4	42	674	1.0	0	1.0	674	83	true	false	eos	82	4c60bddadec5a27f261a495dc10435d2df985a19407b08ef9ef7b0acd59e1aa6
vae_candidate_000676	sequence_vae	models/generator/sequence_vae/member_a_v1_seed42/best.pt	d2801a2a130928739f44f9726bcb5bbd7be229fadfe2f05fba5d0f6cc87debdf	member_a_v1_conservative_provisional	28e2c439d1946a789cb3a3812d4c54f1cce0502dbfa9429d77c238425b501f30	4664cb809825b7023ad6a8a90b9492f757446b7b97890595c397504646aa55d4	42	675	1.0	0	1.0	675	107	true	false	eos	106	b1ad770d3aaf52b9b6f063729633d213cdca45339bc8598a00990e5274e93e50
vae_candidate_000677	sequence_vae	models/generator/sequence_vae/member_a_v1_seed42/best.pt	d2801a2a130928739f44f9726bcb5bbd7be229fadfe2f05fba5d0f6cc87debdf	member_a_v1_conservative_provisional	28e2c439d1946a789cb3a3812d4c54f1cce0502dbfa9429d77c238425b501f30	4664cb809825b7023ad6a8a90b9492f757446b7b97890595c397504646aa55d4	42	676	1.0	0	1.0	676	138	true	false	eos	137	250d0633702297b018d31c3e0fc802b9505528ba179acf684cfbb1295df38ce9
vae_candidate_000678	sequence_vae	models/generator/sequence_vae/member_a_v1_seed42/best.pt	d2801a2a130928739f44f9726bcb5bbd7be229fadfe2f05fba5d0f6cc87debdf	member_a_v1_conservative_provisional	28e2c439d1946a789cb3a3812d4c54f1cce0502dbfa9429d77c238425b501f30	4664cb809825b7023ad6a8a90b9492f757446b7b97890595c397504646aa55d4	42	677	1.0	0	1.0	677	88	true	false	eos	87	ab23d3da21a2a7686a16f57e39e0ff820b632d6dcee45b022f27f59bfbf68a65
vae_candidate_000679	sequence_vae	models/generator/sequence_vae/member_a_v1_seed42/best.pt	d2801a2a130928739f44f9726bcb5bbd7be229fadfe2f05fba5d0f6cc87debdf	member_a_v1_conservative_provisional	28e2c439d1946a789cb3a3812d4c54f1cce0502dbfa9429d77c238425b501f30	4664cb809825b7023ad6a8a90b9492f757446b7b97890595c397504646aa55d4	42	678	1.0	0	1.0	678	71	true	false	eos	70	55f9e67eddc34ed21d7af3a126dc1ad8dc0b14c5a42b22124395bc19182139da
vae_candidate_000680	sequence_vae	models/generator/sequence_vae/member_a_v1_seed42/best.pt	d2801a2a130928739f44f9726bcb5bbd7be229fadfe2f05fba5d0f6cc87debdf	member_a_v1_conservative_provisional	28e2c439d1946a789cb3a3812d4c54f1cce0502dbfa9429d77c238425b501f30	4664cb809825b7023ad6a8a90b9492f757446b7b97890595c397504646aa55d4	42	679	1.0	0	1.0	679	95	true	false	eos	94	be47c5b2821a63fd784bab45041f31578961c3269dffa0a56f5d7f35818bc530
vae_candidate_000681	sequence_vae	models/generator/sequence_vae/member_a_v1_seed42/best.pt	d2801a2a130928739f44f9726bcb5bbd7be229fadfe2f05fba5d0f6cc87debdf	member_a_v1_conservative_provisional	28e2c439d1946a789cb3a3812d4c54f1cce0502dbfa9429d77c238425b501f30	4664cb809825b7023ad6a8a90b9492f757446b7b97890595c397504646aa55d4	42	680	1.0	0	1.0	680	82	true	false	eos	81	652dcd88e6e96d75d7cfc64ca1f2b922623fc501ff371cd7f9408e5e364fbb52
vae_candidate_000682	sequence_vae	models/generator/sequence_vae/member_a_v1_seed42/best.pt	d2801a2a130928739f44f9726bcb5bbd7be229fadfe2f05fba5d0f6cc87debdf	member_a_v1_conservative_provisional	28e2c439d1946a789cb3a3812d4c54f1cce0502dbfa9429d77c238425b501f30	4664cb809825b7023ad6a8a90b9492f757446b7b97890595c397504646aa55d4	42	681	1.0	0	1.0	681	120	true	false	eos	119	3b40be25ebb441da3f25bdb6c3ee5461fb0293526385eb8f174914982231fd1b
vae_candidate_000683	sequence_vae	models/generator/sequence_vae/member_a_v1_seed42/best.pt	d2801a2a130928739f44f9726bcb5bbd7be229fadfe2f05fba5d0f6cc87debdf	member_a_v1_conservative_provisional	28e2c439d1946a789cb3a3812d4c54f1cce0502dbfa9429d77c238425b501f30	4664cb809825b7023ad6a8a90b9492f757446b7b97890595c397504646aa55d4	42	682	1.0	0	1.0	682	94	true	false	eos	93	df378e3927fdcdbd3a29229d57b4772daa27c7373e680dcf685d2a7ebf8e798b
vae_candidate_000684	sequence_vae	models/generator/sequence_vae/member_a_v1_seed42/best.pt	d2801a2a130928739f44f9726bcb5bbd7be229fadfe2f05fba5d0f6cc87debdf	member_a_v1_conservative_provisional	28e2c439d1946a789cb3a3812d4c54f1cce0502dbfa9429d77c238425b501f30	4664cb809825b7023ad6a8a90b9492f757446b7b97890595c397504646aa55d4	42	683	1.0	0	1.0	683	176	true	false	eos	175	e8b39de4d1afaaa8dcdd8e83300fcfedcb61a318080dcac76e891260d5949137
vae_candidate_000685	sequence_vae	models/generator/sequence_vae/member_a_v1_seed42/best.pt	d2801a2a130928739f44f9726bcb5bbd7be229fadfe2f05fba5d0f6cc87debdf	member_a_v1_conservative_provisional	28e2c439d1946a789cb3a3812d4c54f1cce0502dbfa9429d77c238425b501f30	4664cb809825b7023ad6a8a90b9492f757446b7b97890595c397504646aa55d4	42	684	1.0	0	1.0	684	107	true	false	eos	106	795186849f83612a04d6ea280ca3c86f7ef297d6f2b237dff27dc036ecca7766
vae_candidate_000686	sequence_vae	models/generator/sequence_vae/member_a_v1_seed42/best.pt	d2801a2a130928739f44f9726bcb5bbd7be229fadfe2f05fba5d0f6cc87debdf	member_a_v1_conservative_provisional	28e2c439d1946a789cb3a3812d4c54f1cce0502dbfa9429d77c238425b501f30	4664cb809825b7023ad6a8a90b9492f757446b7b97890595c397504646aa55d4	42	685	1.0	0	1.0	685	96	true	false	eos	95	ef8048ff58daa1be2ea707510cde18fd4935587d130472960fbde6349fef4191
vae_candidate_000687	sequence_vae	models/generator/sequence_vae/member_a_v1_seed42/best.pt	d2801a2a130928739f44f9726bcb5bbd7be229fadfe2f05fba5d0f6cc87debdf	member_a_v1_conservative_provisional	28e2c439d1946a789cb3a3812d4c54f1cce0502dbfa9429d77c238425b501f30	4664cb809825b7023ad6a8a90b9492f757446b7b97890595c397504646aa55d4	42	686	1.0	0	1.0	686	131	true	false	eos	130	850e2b2251223d46b72a698da3b64c96b9ac4f484739ff2339bac81f3b1cffdd
vae_candidate_000688	sequence_vae	models/generator/sequence_vae/member_a_v1_seed42/best.pt	d2801a2a130928739f44f9726bcb5bbd7be229fadfe2f05fba5d0f6cc87debdf	member_a_v1_conservative_provisional	28e2c439d1946a789cb3a3812d4c54f1cce0502dbfa9429d77c238425b501f30	4664cb809825b7023ad6a8a90b9492f757446b7b97890595c397504646aa55d4	42	687	1.0	0	1.0	687	61	true	false	eos	60	10c96751ee175a47ad117df479bbfc4b0ef524870761f6a2b11a182af2d05b83
vae_candidate_000689	sequence_vae	models/generator/sequence_vae/member_a_v1_seed42/best.pt	d2801a2a130928739f44f9726bcb5bbd7be229fadfe2f05fba5d0f6cc87debdf	member_a_v1_conservative_provisional	28e2c439d1946a789cb3a3812d4c54f1cce0502dbfa9429d77c238425b501f30	4664cb809825b7023ad6a8a90b9492f757446b7b97890595c397504646aa55d4	42	688	1.0	0	1.0	688	127	true	false	eos	126	8d88d591eabe13ae2f084a670a910ad3f5a9d5c4b469816460dadec1fdbc041d
vae_candidate_000690	sequence_vae	models/generator/sequence_vae/member_a_v1_seed42/best.pt	d2801a2a130928739f44f9726bcb5bbd7be229fadfe2f05fba5d0f6cc87debdf	member_a_v1_conservative_provisional	28e2c439d1946a789cb3a3812d4c54f1cce0502dbfa9429d77c238425b501f30	4664cb809825b7023ad6a8a90b9492f757446b7b97890595c397504646aa55d4	42	689	1.0	0	1.0	689	67	true	false	eos	66	2f9c523747f686dd38a9f66c452b33df53b1ca912775b55b7623f6f14bea126b
vae_candidate_000691	sequence_vae	models/generator/sequence_vae/member_a_v1_seed42/best.pt	d2801a2a130928739f44f9726bcb5bbd7be229fadfe2f05fba5d0f6cc87debdf	member_a_v1_conservative_provisional	28e2c439d1946a789cb3a3812d4c54f1cce0502dbfa9429d77c238425b501f30	4664cb809825b7023ad6a8a90b9492f757446b7b97890595c397504646aa55d4	42	690	1.0	0	1.0	690	130	true	false	eos	129	bd793ec102ccc0cb4ceb48b30042768c0a1206efbf8d942243e83ef68e84d0a5
vae_candidate_000692	sequence_vae	models/generator/sequence_vae/member_a_v1_seed42/best.pt	d2801a2a130928739f44f9726bcb5bbd7be229fadfe2f05fba5d0f6cc87debdf	member_a_v1_conservative_provisional	28e2c439d1946a789cb3a3812d4c54f1cce0502dbfa9429d77c238425b501f30	4664cb809825b7023ad6a8a90b9492f757446b7b97890595c397504646aa55d4	42	691	1.0	0	1.0	691	97	true	false	eos	96	44bde09ce12698b44eb0a0714f30c2b22b8784a41a4926eb3f54a6bcab006b7a
vae_candidate_000693	sequence_vae	models/generator/sequence_vae/member_a_v1_seed42/best.pt	d2801a2a130928739f44f9726bcb5bbd7be229fadfe2f05fba5d0f6cc87debdf	member_a_v1_conservative_provisional	28e2c439d1946a789cb3a3812d4c54f1cce0502dbfa9429d77c238425b501f30	4664cb809825b7023ad6a8a90b9492f757446b7b97890595c397504646aa55d4	42	692	1.0	0	1.0	692	108	true	false	eos	107	f8065cdb93421774cf759f272d7ae5833a108aeb71a4cdab70dee2e294e9945b
vae_candidate_000694	sequence_vae	models/generator/sequence_vae/member_a_v1_seed42/best.pt	d2801a2a130928739f44f9726bcb5bbd7be229fadfe2f05fba5d0f6cc87debdf	member_a_v1_conservative_provisional	28e2c439d1946a789cb3a3812d4c54f1cce0502dbfa9429d77c238425b501f30	4664cb809825b7023ad6a8a90b9492f757446b7b97890595c397504646aa55d4	42	693	1.0	0	1.0	693	180	false	true	length_cap	180	30e77652ef82860186a99498cd0d4d3cd88f5204b1d7277164ff8a304426e17e
vae_candidate_000695	sequence_vae	models/generator/sequence_vae/member_a_v1_seed42/best.pt	d2801a2a130928739f44f9726bcb5bbd7be229fadfe2f05fba5d0f6cc87debdf	member_a_v1_conservative_provisional	28e2c439d1946a789cb3a3812d4c54f1cce0502dbfa9429d77c238425b501f30	4664cb809825b7023ad6a8a90b9492f757446b7b97890595c397504646aa55d4	42	694	1.0	0	1.0	694	99	true	false	eos	98	125a36b64a9f950c31a46f2433f974337f68cea3e2d95977d15fe59e970be8e7
vae_candidate_000696	sequence_vae	models/generator/sequence_vae/member_a_v1_seed42/best.pt	d2801a2a130928739f44f9726bcb5bbd7be229fadfe2f05fba5d0f6cc87debdf	member_a_v1_conservative_provisional	28e2c439d1946a789cb3a3812d4c54f1cce0502dbfa9429d77c238425b501f30	4664cb809825b7023ad6a8a90b9492f757446b7b97890595c397504646aa55d4	42	695	1.0	0	1.0	695	103	true	false	eos	102	4175451b8194645180cc583ad73672e0d34e2d66dd3a96e3cc4b4e9831e1116d
vae_candidate_000697	sequence_vae	models/generator/sequence_vae/member_a_v1_seed42/best.pt	d2801a2a130928739f44f9726bcb5bbd7be229fadfe2f05fba5d0f6cc87debdf	member_a_v1_conservative_provisional	28e2c439d1946a789cb3a3812d4c54f1cce0502dbfa9429d77c238425b501f30	4664cb809825b7023ad6a8a90b9492f757446b7b97890595c397504646aa55d4	42	696	1.0	0	1.0	696	66	true	false	eos	65	ebe7673ac0fd32e29ba706841eccd7ccbe155541cae06ad1a25bae533bc000cb
vae_candidate_000698	sequence_vae	models/generator/sequence_vae/member_a_v1_seed42/best.pt	d2801a2a130928739f44f9726bcb5bbd7be229fadfe2f05fba5d0f6cc87debdf	member_a_v1_conservative_provisional	28e2c439d1946a789cb3a3812d4c54f1cce0502dbfa9429d77c238425b501f30	4664cb809825b7023ad6a8a90b9492f757446b7b97890595c397504646aa55d4	42	697	1.0	0	1.0	697	67	true	false	eos	66	6296b850f0b87ea87547668a818be052d85ba4b2f93451410c856c4a70482a62
vae_candidate_000699	sequence_vae	models/generator/sequence_vae/member_a_v1_seed42/best.pt	d2801a2a130928739f44f9726bcb5bbd7be229fadfe2f05fba5d0f6cc87debdf	member_a_v1_conservative_provisional	28e2c439d1946a789cb3a3812d4c54f1cce0502dbfa9429d77c238425b501f30	4664cb809825b7023ad6a8a90b9492f757446b7b97890595c397504646aa55d4	42	698	1.0	0	1.0	698	102	true	false	eos	101	b4efc4b82799778eea964ea842ce41d56ec39d78d980e9a14f5e2a3ead16ce49
vae_candidate_000700	sequence_vae	models/generator/sequence_vae/member_a_v1_seed42/best.pt	d2801a2a130928739f44f9726bcb5bbd7be229fadfe2f05fba5d0f6cc87debdf	member_a_v1_conservative_provisional	28e2c439d1946a789cb3a3812d4c54f1cce0502dbfa9429d77c238425b501f30	4664cb809825b7023ad6a8a90b9492f757446b7b97890595c397504646aa55d4	42	699	1.0	0	1.0	699	159	true	false	eos	158	5dd3eac78d4815c437c68504717b8fc1f392d057741c2aec5a9c75a000846c38
vae_candidate_000701	sequence_vae	models/generator/sequence_vae/member_a_v1_seed42/best.pt	d2801a2a130928739f44f9726bcb5bbd7be229fadfe2f05fba5d0f6cc87debdf	member_a_v1_conservative_provisional	28e2c439d1946a789cb3a3812d4c54f1cce0502dbfa9429d77c238425b501f30	4664cb809825b7023ad6a8a90b9492f757446b7b97890595c397504646aa55d4	42	700	1.0	0	1.0	700	112	true	false	eos	111	c737c42b439ab81d2bc913c7c47569b616c7fef4963d0dd1f1e59952c9717504
vae_candidate_000702	sequence_vae	models/generator/sequence_vae/member_a_v1_seed42/best.pt	d2801a2a130928739f44f9726bcb5bbd7be229fadfe2f05fba5d0f6cc87debdf	member_a_v1_conservative_provisional	28e2c439d1946a789cb3a3812d4c54f1cce0502dbfa9429d77c238425b501f30	4664cb809825b7023ad6a8a90b9492f757446b7b97890595c397504646aa55d4	42	701	1.0	0	1.0	701	100	true	false	eos	99	8650c4a48fd28d416a46571b0abf6fbb75b98ff7563f7b444256dadee4dc556a
vae_candidate_000703	sequence_vae	models/generator/sequence_vae/member_a_v1_seed42/best.pt	d2801a2a130928739f44f9726bcb5bbd7be229fadfe2f05fba5d0f6cc87debdf	member_a_v1_conservative_provisional	28e2c439d1946a789cb3a3812d4c54f1cce0502dbfa9429d77c238425b501f30	4664cb809825b7023ad6a8a90b9492f757446b7b97890595c397504646aa55d4	42	702	1.0	0	1.0	702	75	true	false	eos	74	cb0e4ca8b6f658f0ee875fad485699c1f8d6006ae8113fa3bdf441abdc334c40
vae_candidate_000704	sequence_vae	models/generator/sequence_vae/member_a_v1_seed42/best.pt	d2801a2a130928739f44f9726bcb5bbd7be229fadfe2f05fba5d0f6cc87debdf	member_a_v1_conservative_provisional	28e2c439d1946a789cb3a3812d4c54f1cce0502dbfa9429d77c238425b501f30	4664cb809825b7023ad6a8a90b9492f757446b7b97890595c397504646aa55d4	42	703	1.0	0	1.0	703	114	true	false	eos	113	f685b11884819bc3a328b04363d7c5e840f6606925f7d150be590b0bd4784a5f
vae_candidate_000705	sequence_vae	models/generator/sequence_vae/member_a_v1_seed42/best.pt	d2801a2a130928739f44f9726bcb5bbd7be229fadfe2f05fba5d0f6cc87debdf	member_a_v1_conservative_provisional	28e2c439d1946a789cb3a3812d4c54f1cce0502dbfa9429d77c238425b501f30	4664cb809825b7023ad6a8a90b9492f757446b7b97890595c397504646aa55d4	42	704	1.0	0	1.0	704	180	false	true	length_cap	180	b8ced9d5027629cf0bb333603a0a0bfd19616568bf34fab6f8e12976c387ff91
vae_candidate_000706	sequence_vae	models/generator/sequence_vae/member_a_v1_seed42/best.pt	d2801a2a130928739f44f9726bcb5bbd7be229fadfe2f05fba5d0f6cc87debdf	member_a_v1_conservative_provisional	28e2c439d1946a789cb3a3812d4c54f1cce0502dbfa9429d77c238425b501f30	4664cb809825b7023ad6a8a90b9492f757446b7b97890595c397504646aa55d4	42	705	1.0	0	1.0	705	84	true	false	eos	83	9d6c2e9076b3096c03e8b10dcf8878b46131b5578d2c25064e9f1314fa719ea9
vae_candidate_000707	sequence_vae	models/generator/sequence_vae/member_a_v1_seed42/best.pt	d2801a2a130928739f44f9726bcb5bbd7be229fadfe2f05fba5d0f6cc87debdf	member_a_v1_conservative_provisional	28e2c439d1946a789cb3a3812d4c54f1cce0502dbfa9429d77c238425b501f30	4664cb809825b7023ad6a8a90b9492f757446b7b97890595c397504646aa55d4	42	706	1.0	0	1.0	706	157	true	false	eos	156	7c3d4861bb244b27a6a62fc5f780ee670d507e773f270652e5e0e749e1aaecd2
vae_candidate_000708	sequence_vae	models/generator/sequence_vae/member_a_v1_seed42/best.pt	d2801a2a130928739f44f9726bcb5bbd7be229fadfe2f05fba5d0f6cc87debdf	member_a_v1_conservative_provisional	28e2c439d1946a789cb3a3812d4c54f1cce0502dbfa9429d77c238425b501f30	4664cb809825b7023ad6a8a90b9492f757446b7b97890595c397504646aa55d4	42	707	1.0	0	1.0	707	168	true	false	eos	167	83652a9dc7096b309b233cd7833ac3962bdc500f8770c949ae04af3d0c92941b
vae_candidate_000709	sequence_vae	models/generator/sequence_vae/member_a_v1_seed42/best.pt	d2801a2a130928739f44f9726bcb5bbd7be229fadfe2f05fba5d0f6cc87debdf	member_a_v1_conservative_provisional	28e2c439d1946a789cb3a3812d4c54f1cce0502dbfa9429d77c238425b501f30	4664cb809825b7023ad6a8a90b9492f757446b7b97890595c397504646aa55d4	42	708	1.0	0	1.0	708	178	true	false	eos	177	bc625d467e519e083ff2901807da63327b2c43805a98481b139aff474e8278a5
vae_candidate_000710	sequence_vae	models/generator/sequence_vae/member_a_v1_seed42/best.pt	d2801a2a130928739f44f9726bcb5bbd7be229fadfe2f05fba5d0f6cc87debdf	member_a_v1_conservative_provisional	28e2c439d1946a789cb3a3812d4c54f1cce0502dbfa9429d77c238425b501f30	4664cb809825b7023ad6a8a90b9492f757446b7b97890595c397504646aa55d4	42	709	1.0	0	1.0	709	104	true	false	eos	103	953563754855762255e73cc8937ce3730fabb8a2433376e8cded4b2860a9e52d
vae_candidate_000711	sequence_vae	models/generator/sequence_vae/member_a_v1_seed42/best.pt	d2801a2a130928739f44f9726bcb5bbd7be229fadfe2f05fba5d0f6cc87debdf	member_a_v1_conservative_provisional	28e2c439d1946a789cb3a3812d4c54f1cce0502dbfa9429d77c238425b501f30	4664cb809825b7023ad6a8a90b9492f757446b7b97890595c397504646aa55d4	42	710	1.0	0	1.0	710	63	true	false	eos	62	743f8b448f09a66d152c0ffe58f9c9a97bef32fc4c30c6f5049b049f2fcd4262
vae_candidate_000712	sequence_vae	models/generator/sequence_vae/member_a_v1_seed42/best.pt	d2801a2a130928739f44f9726bcb5bbd7be229fadfe2f05fba5d0f6cc87debdf	member_a_v1_conservative_provisional	28e2c439d1946a789cb3a3812d4c54f1cce0502dbfa9429d77c238425b501f30	4664cb809825b7023ad6a8a90b9492f757446b7b97890595c397504646aa55d4	42	711	1.0	0	1.0	711	155	true	false	eos	154	70f438185e5ee155d81a84a8ac6c0096189a9a0598b6d181d9a6dfc616db7e6b
vae_candidate_000713	sequence_vae	models/generator/sequence_vae/member_a_v1_seed42/best.pt	d2801a2a130928739f44f9726bcb5bbd7be229fadfe2f05fba5d0f6cc87debdf	member_a_v1_conservative_provisional	28e2c439d1946a789cb3a3812d4c54f1cce0502dbfa9429d77c238425b501f30	4664cb809825b7023ad6a8a90b9492f757446b7b97890595c397504646aa55d4	42	712	1.0	0	1.0	712	99	true	false	eos	98	8c2a71871cbc7a369a1febb61bfb8a97b2e2f71fe4094d2c97fd13ed6a9293b6
vae_candidate_000714	sequence_vae	models/generator/sequence_vae/member_a_v1_seed42/best.pt	d2801a2a130928739f44f9726bcb5bbd7be229fadfe2f05fba5d0f6cc87debdf	member_a_v1_conservative_provisional	28e2c439d1946a789cb3a3812d4c54f1cce0502dbfa9429d77c238425b501f30	4664cb809825b7023ad6a8a90b9492f757446b7b97890595c397504646aa55d4	42	713	1.0	0	1.0	713	71	true	false	eos	70	c4d3291f00de8d60e35e472c4c31ef0b9b77d67d208533a24859a054e92d4896
vae_candidate_000715	sequence_vae	models/generator/sequence_vae/member_a_v1_seed42/best.pt	d2801a2a130928739f44f9726bcb5bbd7be229fadfe2f05fba5d0f6cc87debdf	member_a_v1_conservative_provisional	28e2c439d1946a789cb3a3812d4c54f1cce0502dbfa9429d77c238425b501f30	4664cb809825b7023ad6a8a90b9492f757446b7b97890595c397504646aa55d4	42	714	1.0	0	1.0	714	96	true	false	eos	95	2c40308b22edeffbd13b3142a97c89b20cf0c98b219598aff7113591d8c288de
vae_candidate_000716	sequence_vae	models/generator/sequence_vae/member_a_v1_seed42/best.pt	d2801a2a130928739f44f9726bcb5bbd7be229fadfe2f05fba5d0f6cc87debdf	member_a_v1_conservative_provisional	28e2c439d1946a789cb3a3812d4c54f1cce0502dbfa9429d77c238425b501f30	4664cb809825b7023ad6a8a90b9492f757446b7b97890595c397504646aa55d4	42	715	1.0	0	1.0	715	73	true	false	eos	72	26a9475c9ed04713889e9a47de0fdbe4cf9fa9bfe76a3849a4ecc4541c90004e
vae_candidate_000717	sequence_vae	models/generator/sequence_vae/member_a_v1_seed42/best.pt	d2801a2a130928739f44f9726bcb5bbd7be229fadfe2f05fba5d0f6cc87debdf	member_a_v1_conservative_provisional	28e2c439d1946a789cb3a3812d4c54f1cce0502dbfa9429d77c238425b501f30	4664cb809825b7023ad6a8a90b9492f757446b7b97890595c397504646aa55d4	42	716	1.0	0	1.0	716	102	true	false	eos	101	701fbb492de696760d694345232acf413599565b6da197a1a2acf825589499f7
vae_candidate_000718	sequence_vae	models/generator/sequence_vae/member_a_v1_seed42/best.pt	d2801a2a130928739f44f9726bcb5bbd7be229fadfe2f05fba5d0f6cc87debdf	member_a_v1_conservative_provisional	28e2c439d1946a789cb3a3812d4c54f1cce0502dbfa9429d77c238425b501f30	4664cb809825b7023ad6a8a90b9492f757446b7b97890595c397504646aa55d4	42	717	1.0	0	1.0	717	113	true	false	eos	112	4576af7375c9e75e30bd2e8f4c7f27a1d57c8dae679271d2062ad6dbb1c98d91
vae_candidate_000719	sequence_vae	models/generator/sequence_vae/member_a_v1_seed42/best.pt	d2801a2a130928739f44f9726bcb5bbd7be229fadfe2f05fba5d0f6cc87debdf	member_a_v1_conservative_provisional	28e2c439d1946a789cb3a3812d4c54f1cce0502dbfa9429d77c238425b501f30	4664cb809825b7023ad6a8a90b9492f757446b7b97890595c397504646aa55d4	42	718	1.0	0	1.0	718	180	false	true	length_cap	180	d317a2d7cb3749d93cf2da0038a55447aab0d6aa4b312f5056e03db0e2d613a1
vae_candidate_000720	sequence_vae	models/generator/sequence_vae/member_a_v1_seed42/best.pt	d2801a2a130928739f44f9726bcb5bbd7be229fadfe2f05fba5d0f6cc87debdf	member_a_v1_conservative_provisional	28e2c439d1946a789cb3a3812d4c54f1cce0502dbfa9429d77c238425b501f30	4664cb809825b7023ad6a8a90b9492f757446b7b97890595c397504646aa55d4	42	719	1.0	0	1.0	719	180	false	true	length_cap	180	cfadd656c58fb12b6474eec45549b42a28a12b1873e447eb3b0463b78d9eb85f
vae_candidate_000721	sequence_vae	models/generator/sequence_vae/member_a_v1_seed42/best.pt	d2801a2a130928739f44f9726bcb5bbd7be229fadfe2f05fba5d0f6cc87debdf	member_a_v1_conservative_provisional	28e2c439d1946a789cb3a3812d4c54f1cce0502dbfa9429d77c238425b501f30	4664cb809825b7023ad6a8a90b9492f757446b7b97890595c397504646aa55d4	42	720	1.0	0	1.0	720	118	true	false	eos	117	61c0efe2db67758a940aeaf0ee0f15c840617e8810d53c23d948994ea152d657
vae_candidate_000722	sequence_vae	models/generator/sequence_vae/member_a_v1_seed42/best.pt	d2801a2a130928739f44f9726bcb5bbd7be229fadfe2f05fba5d0f6cc87debdf	member_a_v1_conservative_provisional	28e2c439d1946a789cb3a3812d4c54f1cce0502dbfa9429d77c238425b501f30	4664cb809825b7023ad6a8a90b9492f757446b7b97890595c397504646aa55d4	42	721	1.0	0	1.0	721	78	true	false	eos	77	03237831790c45a681f73d5aa5c3c59beb9c42b3fe82b579c9688e566da0b215
vae_candidate_000723	sequence_vae	models/generator/sequence_vae/member_a_v1_seed42/best.pt	d2801a2a130928739f44f9726bcb5bbd7be229fadfe2f05fba5d0f6cc87debdf	member_a_v1_conservative_provisional	28e2c439d1946a789cb3a3812d4c54f1cce0502dbfa9429d77c238425b501f30	4664cb809825b7023ad6a8a90b9492f757446b7b97890595c397504646aa55d4	42	722	1.0	0	1.0	722	78	true	false	eos	77	3388fee23b71400ac7ca7d31ecb03c0f07431cc990b291a0b9ddfc683363e71f
vae_candidate_000724	sequence_vae	models/generator/sequence_vae/member_a_v1_seed42/best.pt	d2801a2a130928739f44f9726bcb5bbd7be229fadfe2f05fba5d0f6cc87debdf	member_a_v1_conservative_provisional	28e2c439d1946a789cb3a3812d4c54f1cce0502dbfa9429d77c238425b501f30	4664cb809825b7023ad6a8a90b9492f757446b7b97890595c397504646aa55d4	42	723	1.0	0	1.0	723	109	true	false	eos	108	9c3f213ae090c22d4e4e039b419b44b640654d4bc280a3c3d6ce77a1c283bd17
vae_candidate_000725	sequence_vae	models/generator/sequence_vae/member_a_v1_seed42/best.pt	d2801a2a130928739f44f9726bcb5bbd7be229fadfe2f05fba5d0f6cc87debdf	member_a_v1_conservative_provisional	28e2c439d1946a789cb3a3812d4c54f1cce0502dbfa9429d77c238425b501f30	4664cb809825b7023ad6a8a90b9492f757446b7b97890595c397504646aa55d4	42	724	1.0	0	1.0	724	72	true	false	eos	71	6bd16f0d4c43888e8b4d3e86cda7eb44dc76a7aead70da852936992bb6ea4ba2
vae_candidate_000726	sequence_vae	models/generator/sequence_vae/member_a_v1_seed42/best.pt	d2801a2a130928739f44f9726bcb5bbd7be229fadfe2f05fba5d0f6cc87debdf	member_a_v1_conservative_provisional	28e2c439d1946a789cb3a3812d4c54f1cce0502dbfa9429d77c238425b501f30	4664cb809825b7023ad6a8a90b9492f757446b7b97890595c397504646aa55d4	42	725	1.0	0	1.0	725	64	true	false	eos	63	64d6dbcd95987fa7aa90ce848a327d3d97ca3aeba8904517c6367719a4253881
vae_candidate_000727	sequence_vae	models/generator/sequence_vae/member_a_v1_seed42/best.pt	d2801a2a130928739f44f9726bcb5bbd7be229fadfe2f05fba5d0f6cc87debdf	member_a_v1_conservative_provisional	28e2c439d1946a789cb3a3812d4c54f1cce0502dbfa9429d77c238425b501f30	4664cb809825b7023ad6a8a90b9492f757446b7b97890595c397504646aa55d4	42	726	1.0	0	1.0	726	100	true	false	eos	99	ee1bc7d1ee6039228eaac646e0a2cd3a34ef6748b6bbeeb1e79fc2a1c8523f40
vae_candidate_000728	sequence_vae	models/generator/sequence_vae/member_a_v1_seed42/best.pt	d2801a2a130928739f44f9726bcb5bbd7be229fadfe2f05fba5d0f6cc87debdf	member_a_v1_conservative_provisional	28e2c439d1946a789cb3a3812d4c54f1cce0502dbfa9429d77c238425b501f30	4664cb809825b7023ad6a8a90b9492f757446b7b97890595c397504646aa55d4	42	727	1.0	0	1.0	727	96	true	false	eos	95	101be483950767fec12e267aca1e1a104e688af308d5f7edce1d02743813ab5e
vae_candidate_000729	sequence_vae	models/generator/sequence_vae/member_a_v1_seed42/best.pt	d2801a2a130928739f44f9726bcb5bbd7be229fadfe2f05fba5d0f6cc87debdf	member_a_v1_conservative_provisional	28e2c439d1946a789cb3a3812d4c54f1cce0502dbfa9429d77c238425b501f30	4664cb809825b7023ad6a8a90b9492f757446b7b97890595c397504646aa55d4	42	728	1.0	0	1.0	728	81	true	false	eos	80	81e24ccc97a6033e2742a61c475fa67420edb93c31890ecea789f3583826bbbf
vae_candidate_000730	sequence_vae	models/generator/sequence_vae/member_a_v1_seed42/best.pt	d2801a2a130928739f44f9726bcb5bbd7be229fadfe2f05fba5d0f6cc87debdf	member_a_v1_conservative_provisional	28e2c439d1946a789cb3a3812d4c54f1cce0502dbfa9429d77c238425b501f30	4664cb809825b7023ad6a8a90b9492f757446b7b97890595c397504646aa55d4	42	729	1.0	0	1.0	729	115	true	false	eos	114	52dc0886a1fda13cf4dff46e85cae553d04f99a9a81f6504b6dbf3ee4a4d8c22
vae_candidate_000731	sequence_vae	models/generator/sequence_vae/member_a_v1_seed42/best.pt	d2801a2a130928739f44f9726bcb5bbd7be229fadfe2f05fba5d0f6cc87debdf	member_a_v1_conservative_provisional	28e2c439d1946a789cb3a3812d4c54f1cce0502dbfa9429d77c238425b501f30	4664cb809825b7023ad6a8a90b9492f757446b7b97890595c397504646aa55d4	42	730	1.0	0	1.0	730	126	true	false	eos	125	c2bbb41571144ce7c88387cadbd2996bcc97de026eed2b94f5a94366c09a13d2
vae_candidate_000732	sequence_vae	models/generator/sequence_vae/member_a_v1_seed42/best.pt	d2801a2a130928739f44f9726bcb5bbd7be229fadfe2f05fba5d0f6cc87debdf	member_a_v1_conservative_provisional	28e2c439d1946a789cb3a3812d4c54f1cce0502dbfa9429d77c238425b501f30	4664cb809825b7023ad6a8a90b9492f757446b7b97890595c397504646aa55d4	42	731	1.0	0	1.0	731	92	true	false	eos	91	5f692e4fe9c461fd9634a4bdfe3498d92a55ad195ea440d7c3062c0fbb267992
vae_candidate_000733	sequence_vae	models/generator/sequence_vae/member_a_v1_seed42/best.pt	d2801a2a130928739f44f9726bcb5bbd7be229fadfe2f05fba5d0f6cc87debdf	member_a_v1_conservative_provisional	28e2c439d1946a789cb3a3812d4c54f1cce0502dbfa9429d77c238425b501f30	4664cb809825b7023ad6a8a90b9492f757446b7b97890595c397504646aa55d4	42	732	1.0	0	1.0	732	89	true	false	eos	88	b06c5efb358a0c4a984a44a898c43a161e51bcae3c7e4361c48f89624d6a8fe0
vae_candidate_000734	sequence_vae	models/generator/sequence_vae/member_a_v1_seed42/best.pt	d2801a2a130928739f44f9726bcb5bbd7be229fadfe2f05fba5d0f6cc87debdf	member_a_v1_conservative_provisional	28e2c439d1946a789cb3a3812d4c54f1cce0502dbfa9429d77c238425b501f30	4664cb809825b7023ad6a8a90b9492f757446b7b97890595c397504646aa55d4	42	733	1.0	0	1.0	733	75	true	false	eos	74	a67e24fd0359d23477c30675fbdafc66c629cfb56d65fa69525087c9051e1de1
vae_candidate_000735	sequence_vae	models/generator/sequence_vae/member_a_v1_seed42/best.pt	d2801a2a130928739f44f9726bcb5bbd7be229fadfe2f05fba5d0f6cc87debdf	member_a_v1_conservative_provisional	28e2c439d1946a789cb3a3812d4c54f1cce0502dbfa9429d77c238425b501f30	4664cb809825b7023ad6a8a90b9492f757446b7b97890595c397504646aa55d4	42	734	1.0	0	1.0	734	66	true	false	eos	65	ad2e23145ad3da49354bfba694125076beda08fe2381bfa61ab57c6e49f2ea4b
vae_candidate_000736	sequence_vae	models/generator/sequence_vae/member_a_v1_seed42/best.pt	d2801a2a130928739f44f9726bcb5bbd7be229fadfe2f05fba5d0f6cc87debdf	member_a_v1_conservative_provisional	28e2c439d1946a789cb3a3812d4c54f1cce0502dbfa9429d77c238425b501f30	4664cb809825b7023ad6a8a90b9492f757446b7b97890595c397504646aa55d4	42	735	1.0	0	1.0	735	163	true	false	eos	162	fae8a2d14607c2a7f49d4fa7790e8f0a97f23a59043c752fdcfb91b61a220e9c
vae_candidate_000737	sequence_vae	models/generator/sequence_vae/member_a_v1_seed42/best.pt	d2801a2a130928739f44f9726bcb5bbd7be229fadfe2f05fba5d0f6cc87debdf	member_a_v1_conservative_provisional	28e2c439d1946a789cb3a3812d4c54f1cce0502dbfa9429d77c238425b501f30	4664cb809825b7023ad6a8a90b9492f757446b7b97890595c397504646aa55d4	42	736	1.0	0	1.0	736	105	true	false	eos	104	a28f2e975a99ee11ad5bb431123291ea92bbbc7667bb32a77650bfe1518c0586
vae_candidate_000738	sequence_vae	models/generator/sequence_vae/member_a_v1_seed42/best.pt	d2801a2a130928739f44f9726bcb5bbd7be229fadfe2f05fba5d0f6cc87debdf	member_a_v1_conservative_provisional	28e2c439d1946a789cb3a3812d4c54f1cce0502dbfa9429d77c238425b501f30	4664cb809825b7023ad6a8a90b9492f757446b7b97890595c397504646aa55d4	42	737	1.0	0	1.0	737	55	true	false	eos	54	6a02e5d9b5d476918e46b9578b830faf10dcd121a3d107252496a70e02ab5e84
vae_candidate_000739	sequence_vae	models/generator/sequence_vae/member_a_v1_seed42/best.pt	d2801a2a130928739f44f9726bcb5bbd7be229fadfe2f05fba5d0f6cc87debdf	member_a_v1_conservative_provisional	28e2c439d1946a789cb3a3812d4c54f1cce0502dbfa9429d77c238425b501f30	4664cb809825b7023ad6a8a90b9492f757446b7b97890595c397504646aa55d4	42	738	1.0	0	1.0	738	142	true	false	eos	141	e0f5519c2ea57fe97bb7ae08ba45e09eaa654c04551553fb855c030f094b3470
vae_candidate_000740	sequence_vae	models/generator/sequence_vae/member_a_v1_seed42/best.pt	d2801a2a130928739f44f9726bcb5bbd7be229fadfe2f05fba5d0f6cc87debdf	member_a_v1_conservative_provisional	28e2c439d1946a789cb3a3812d4c54f1cce0502dbfa9429d77c238425b501f30	4664cb809825b7023ad6a8a90b9492f757446b7b97890595c397504646aa55d4	42	739	1.0	0	1.0	739	116	true	false	eos	115	14e1d73781016c3415d12e266ea8558c104f22f35b33bf8db0746161b03921c1
vae_candidate_000741	sequence_vae	models/generator/sequence_vae/member_a_v1_seed42/best.pt	d2801a2a130928739f44f9726bcb5bbd7be229fadfe2f05fba5d0f6cc87debdf	member_a_v1_conservative_provisional	28e2c439d1946a789cb3a3812d4c54f1cce0502dbfa9429d77c238425b501f30	4664cb809825b7023ad6a8a90b9492f757446b7b97890595c397504646aa55d4	42	740	1.0	0	1.0	740	83	true	false	eos	82	3bfa4cd6a535b69eb38e7e15cc8bfb5e8220ddc9eeb7625020a6a95ec36902b6
vae_candidate_000742	sequence_vae	models/generator/sequence_vae/member_a_v1_seed42/best.pt	d2801a2a130928739f44f9726bcb5bbd7be229fadfe2f05fba5d0f6cc87debdf	member_a_v1_conservative_provisional	28e2c439d1946a789cb3a3812d4c54f1cce0502dbfa9429d77c238425b501f30	4664cb809825b7023ad6a8a90b9492f757446b7b97890595c397504646aa55d4	42	741	1.0	0	1.0	741	51	true	false	eos	50	f42f4d9cda830dd483fe8879dde814831b69f0049e6990ec0ab555e50c96dadc
vae_candidate_000743	sequence_vae	models/generator/sequence_vae/member_a_v1_seed42/best.pt	d2801a2a130928739f44f9726bcb5bbd7be229fadfe2f05fba5d0f6cc87debdf	member_a_v1_conservative_provisional	28e2c439d1946a789cb3a3812d4c54f1cce0502dbfa9429d77c238425b501f30	4664cb809825b7023ad6a8a90b9492f757446b7b97890595c397504646aa55d4	42	742	1.0	0	1.0	742	141	true	false	eos	140	51cfd8991160097a633c0c79b700e7e47115a7e00d6b2bd68979727729fd3a50
vae_candidate_000744	sequence_vae	models/generator/sequence_vae/member_a_v1_seed42/best.pt	d2801a2a130928739f44f9726bcb5bbd7be229fadfe2f05fba5d0f6cc87debdf	member_a_v1_conservative_provisional	28e2c439d1946a789cb3a3812d4c54f1cce0502dbfa9429d77c238425b501f30	4664cb809825b7023ad6a8a90b9492f757446b7b97890595c397504646aa55d4	42	743	1.0	0	1.0	743	96	true	false	eos	95	e14b2df542d80a22b06994cfa7abd102740bba9843b1bf4dbb0228166e65e011
vae_candidate_000745	sequence_vae	models/generator/sequence_vae/member_a_v1_seed42/best.pt	d2801a2a130928739f44f9726bcb5bbd7be229fadfe2f05fba5d0f6cc87debdf	member_a_v1_conservative_provisional	28e2c439d1946a789cb3a3812d4c54f1cce0502dbfa9429d77c238425b501f30	4664cb809825b7023ad6a8a90b9492f757446b7b97890595c397504646aa55d4	42	744	1.0	0	1.0	744	120	true	false	eos	119	b5e43dd2fcabb55089787464366df7b024b809a4dd56222a24a81baca4a0feb8
vae_candidate_000746	sequence_vae	models/generator/sequence_vae/member_a_v1_seed42/best.pt	d2801a2a130928739f44f9726bcb5bbd7be229fadfe2f05fba5d0f6cc87debdf	member_a_v1_conservative_provisional	28e2c439d1946a789cb3a3812d4c54f1cce0502dbfa9429d77c238425b501f30	4664cb809825b7023ad6a8a90b9492f757446b7b97890595c397504646aa55d4	42	745	1.0	0	1.0	745	131	true	false	eos	130	a9d59f4533ce694cc3dc8450ae289286bc11ae316e5e79cc6adeb6999ecc00c3
vae_candidate_000747	sequence_vae	models/generator/sequence_vae/member_a_v1_seed42/best.pt	d2801a2a130928739f44f9726bcb5bbd7be229fadfe2f05fba5d0f6cc87debdf	member_a_v1_conservative_provisional	28e2c439d1946a789cb3a3812d4c54f1cce0502dbfa9429d77c238425b501f30	4664cb809825b7023ad6a8a90b9492f757446b7b97890595c397504646aa55d4	42	746	1.0	0	1.0	746	107	true	false	eos	106	76ada7c17dcf74c0540852b46f0112d55394fceac094290362fcf17f738c9cd1
vae_candidate_000748	sequence_vae	models/generator/sequence_vae/member_a_v1_seed42/best.pt	d2801a2a130928739f44f9726bcb5bbd7be229fadfe2f05fba5d0f6cc87debdf	member_a_v1_conservative_provisional	28e2c439d1946a789cb3a3812d4c54f1cce0502dbfa9429d77c238425b501f30	4664cb809825b7023ad6a8a90b9492f757446b7b97890595c397504646aa55d4	42	747	1.0	0	1.0	747	141	true	false	eos	140	2bbb4bafa25c34259ccf84e11a91576991cce8dd9f1d7fa0c63856182c94ddc5
vae_candidate_000749	sequence_vae	models/generator/sequence_vae/member_a_v1_seed42/best.pt	d2801a2a130928739f44f9726bcb5bbd7be229fadfe2f05fba5d0f6cc87debdf	member_a_v1_conservative_provisional	28e2c439d1946a789cb3a3812d4c54f1cce0502dbfa9429d77c238425b501f30	4664cb809825b7023ad6a8a90b9492f757446b7b97890595c397504646aa55d4	42	748	1.0	0	1.0	748	85	true	false	eos	84	ed7c91502c7b7a20b70b754db94f5db8f625dde5d53a3e980d70ff29241841f3
vae_candidate_000750	sequence_vae	models/generator/sequence_vae/member_a_v1_seed42/best.pt	d2801a2a130928739f44f9726bcb5bbd7be229fadfe2f05fba5d0f6cc87debdf	member_a_v1_conservative_provisional	28e2c439d1946a789cb3a3812d4c54f1cce0502dbfa9429d77c238425b501f30	4664cb809825b7023ad6a8a90b9492f757446b7b97890595c397504646aa55d4	42	749	1.0	0	1.0	749	99	true	false	eos	98	d6c2df27e1cabf7da0c0357ff93292256795e2c9df7754c5f0b511efe5151904
vae_candidate_000751	sequence_vae	models/generator/sequence_vae/member_a_v1_seed42/best.pt	d2801a2a130928739f44f9726bcb5bbd7be229fadfe2f05fba5d0f6cc87debdf	member_a_v1_conservative_provisional	28e2c439d1946a789cb3a3812d4c54f1cce0502dbfa9429d77c238425b501f30	4664cb809825b7023ad6a8a90b9492f757446b7b97890595c397504646aa55d4	42	750	1.0	0	1.0	750	180	false	true	length_cap	180	0d68fb1f26fb375840030619551f964ac7d6a6d56d28f8fa587e33ffeceb1018
vae_candidate_000752	sequence_vae	models/generator/sequence_vae/member_a_v1_seed42/best.pt	d2801a2a130928739f44f9726bcb5bbd7be229fadfe2f05fba5d0f6cc87debdf	member_a_v1_conservative_provisional	28e2c439d1946a789cb3a3812d4c54f1cce0502dbfa9429d77c238425b501f30	4664cb809825b7023ad6a8a90b9492f757446b7b97890595c397504646aa55d4	42	751	1.0	0	1.0	751	94	true	false	eos	93	42936568904618a2afe4a492218db9309b49e9a7f33fccbc790818cfdeee5008
vae_candidate_000753	sequence_vae	models/generator/sequence_vae/member_a_v1_seed42/best.pt	d2801a2a130928739f44f9726bcb5bbd7be229fadfe2f05fba5d0f6cc87debdf	member_a_v1_conservative_provisional	28e2c439d1946a789cb3a3812d4c54f1cce0502dbfa9429d77c238425b501f30	4664cb809825b7023ad6a8a90b9492f757446b7b97890595c397504646aa55d4	42	752	1.0	0	1.0	752	128	true	false	eos	127	3dcf7eb0ec6e2127dcae3b37123fa7ad143c0aa77c8e36c6e03c48a15dce3477
vae_candidate_000754	sequence_vae	models/generator/sequence_vae/member_a_v1_seed42/best.pt	d2801a2a130928739f44f9726bcb5bbd7be229fadfe2f05fba5d0f6cc87debdf	member_a_v1_conservative_provisional	28e2c439d1946a789cb3a3812d4c54f1cce0502dbfa9429d77c238425b501f30	4664cb809825b7023ad6a8a90b9492f757446b7b97890595c397504646aa55d4	42	753	1.0	0	1.0	753	104	true	false	eos	103	a0a7295dde68b901b947eaca6a878bc8be7fe4bf7d06ea9c6362ccc87efb2bae
vae_candidate_000755	sequence_vae	models/generator/sequence_vae/member_a_v1_seed42/best.pt	d2801a2a130928739f44f9726bcb5bbd7be229fadfe2f05fba5d0f6cc87debdf	member_a_v1_conservative_provisional	28e2c439d1946a789cb3a3812d4c54f1cce0502dbfa9429d77c238425b501f30	4664cb809825b7023ad6a8a90b9492f757446b7b97890595c397504646aa55d4	42	754	1.0	0	1.0	754	124	true	false	eos	123	2268a7d3d134ab904a47842a41d98f6b454e4fceffc36e0f608005be697d1a2d
vae_candidate_000756	sequence_vae	models/generator/sequence_vae/member_a_v1_seed42/best.pt	d2801a2a130928739f44f9726bcb5bbd7be229fadfe2f05fba5d0f6cc87debdf	member_a_v1_conservative_provisional	28e2c439d1946a789cb3a3812d4c54f1cce0502dbfa9429d77c238425b501f30	4664cb809825b7023ad6a8a90b9492f757446b7b97890595c397504646aa55d4	42	755	1.0	0	1.0	755	160	true	false	eos	159	45cd32971a84a65b61a2f0470d161679bb02012394958f6422b09631d4f228bb
vae_candidate_000757	sequence_vae	models/generator/sequence_vae/member_a_v1_seed42/best.pt	d2801a2a130928739f44f9726bcb5bbd7be229fadfe2f05fba5d0f6cc87debdf	member_a_v1_conservative_provisional	28e2c439d1946a789cb3a3812d4c54f1cce0502dbfa9429d77c238425b501f30	4664cb809825b7023ad6a8a90b9492f757446b7b97890595c397504646aa55d4	42	756	1.0	0	1.0	756	125	true	false	eos	124	a1692938fd0a89782da4a983a9b2204795f49075c7af6b2d9d04a2cd9ea05b47
vae_candidate_000758	sequence_vae	models/generator/sequence_vae/member_a_v1_seed42/best.pt	d2801a2a130928739f44f9726bcb5bbd7be229fadfe2f05fba5d0f6cc87debdf	member_a_v1_conservative_provisional	28e2c439d1946a789cb3a3812d4c54f1cce0502dbfa9429d77c238425b501f30	4664cb809825b7023ad6a8a90b9492f757446b7b97890595c397504646aa55d4	42	757	1.0	0	1.0	757	97	true	false	eos	96	c2bf1c3df58082f2902415428e895f788b52c541f8d19b6a203b6dfe8e8efc9d
vae_candidate_000759	sequence_vae	models/generator/sequence_vae/member_a_v1_seed42/best.pt	d2801a2a130928739f44f9726bcb5bbd7be229fadfe2f05fba5d0f6cc87debdf	member_a_v1_conservative_provisional	28e2c439d1946a789cb3a3812d4c54f1cce0502dbfa9429d77c238425b501f30	4664cb809825b7023ad6a8a90b9492f757446b7b97890595c397504646aa55d4	42	758	1.0	0	1.0	758	92	true	false	eos	91	155b8aa2c29b7b40ffc7cfd976e1d3c07ed2dfb3122b250690491cd06c41c1f9
vae_candidate_000760	sequence_vae	models/generator/sequence_vae/member_a_v1_seed42/best.pt	d2801a2a130928739f44f9726bcb5bbd7be229fadfe2f05fba5d0f6cc87debdf	member_a_v1_conservative_provisional	28e2c439d1946a789cb3a3812d4c54f1cce0502dbfa9429d77c238425b501f30	4664cb809825b7023ad6a8a90b9492f757446b7b97890595c397504646aa55d4	42	759	1.0	0	1.0	759	145	true	false	eos	144	cbf5cec3a5bbef82c4929a1d5257f1b7d29ae68233e7f494c7d72357258df5e0
vae_candidate_000761	sequence_vae	models/generator/sequence_vae/member_a_v1_seed42/best.pt	d2801a2a130928739f44f9726bcb5bbd7be229fadfe2f05fba5d0f6cc87debdf	member_a_v1_conservative_provisional	28e2c439d1946a789cb3a3812d4c54f1cce0502dbfa9429d77c238425b501f30	4664cb809825b7023ad6a8a90b9492f757446b7b97890595c397504646aa55d4	42	760	1.0	0	1.0	760	97	true	false	eos	96	776c69ca9157302bfa1012cdeb92a3452833f29a4cdcba93a7760fdb5cbf6ba0
vae_candidate_000762	sequence_vae	models/generator/sequence_vae/member_a_v1_seed42/best.pt	d2801a2a130928739f44f9726bcb5bbd7be229fadfe2f05fba5d0f6cc87debdf	member_a_v1_conservative_provisional	28e2c439d1946a789cb3a3812d4c54f1cce0502dbfa9429d77c238425b501f30	4664cb809825b7023ad6a8a90b9492f757446b7b97890595c397504646aa55d4	42	761	1.0	0	1.0	761	117	true	false	eos	116	ec2f54b36e4a1df36de69a34402e5925d468d345ea48e54e014619e15ae7c443
vae_candidate_000763	sequence_vae	models/generator/sequence_vae/member_a_v1_seed42/best.pt	d2801a2a130928739f44f9726bcb5bbd7be229fadfe2f05fba5d0f6cc87debdf	member_a_v1_conservative_provisional	28e2c439d1946a789cb3a3812d4c54f1cce0502dbfa9429d77c238425b501f30	4664cb809825b7023ad6a8a90b9492f757446b7b97890595c397504646aa55d4	42	762	1.0	0	1.0	762	150	true	false	eos	149	0f756f70a3439d23f91b8a31f4b1dd1ba63299f62c0afed8ad9bc4aa55e074d3
vae_candidate_000764	sequence_vae	models/generator/sequence_vae/member_a_v1_seed42/best.pt	d2801a2a130928739f44f9726bcb5bbd7be229fadfe2f05fba5d0f6cc87debdf	member_a_v1_conservative_provisional	28e2c439d1946a789cb3a3812d4c54f1cce0502dbfa9429d77c238425b501f30	4664cb809825b7023ad6a8a90b9492f757446b7b97890595c397504646aa55d4	42	763	1.0	0	1.0	763	165	true	false	eos	164	5796920198068937986aed525a93b9227a45b8abf3dc33f2b008a800c5c9f22c
vae_candidate_000765	sequence_vae	models/generator/sequence_vae/member_a_v1_seed42/best.pt	d2801a2a130928739f44f9726bcb5bbd7be229fadfe2f05fba5d0f6cc87debdf	member_a_v1_conservative_provisional	28e2c439d1946a789cb3a3812d4c54f1cce0502dbfa9429d77c238425b501f30	4664cb809825b7023ad6a8a90b9492f757446b7b97890595c397504646aa55d4	42	764	1.0	0	1.0	764	140	true	false	eos	139	a375f8567dde6cb540baf643ac4031b5a1f8fb10c29634ba36c9e40777d8a156
vae_candidate_000766	sequence_vae	models/generator/sequence_vae/member_a_v1_seed42/best.pt	d2801a2a130928739f44f9726bcb5bbd7be229fadfe2f05fba5d0f6cc87debdf	member_a_v1_conservative_provisional	28e2c439d1946a789cb3a3812d4c54f1cce0502dbfa9429d77c238425b501f30	4664cb809825b7023ad6a8a90b9492f757446b7b97890595c397504646aa55d4	42	765	1.0	0	1.0	765	106	true	false	eos	105	ba41a924ce5509103a1ef2c2b21082433c1692cce1732672e7a4b1bbd96b4d4c
vae_candidate_000767	sequence_vae	models/generator/sequence_vae/member_a_v1_seed42/best.pt	d2801a2a130928739f44f9726bcb5bbd7be229fadfe2f05fba5d0f6cc87debdf	member_a_v1_conservative_provisional	28e2c439d1946a789cb3a3812d4c54f1cce0502dbfa9429d77c238425b501f30	4664cb809825b7023ad6a8a90b9492f757446b7b97890595c397504646aa55d4	42	766	1.0	0	1.0	766	116	true	false	eos	115	b0cd76755224a357964ac3b477179e7822245e43881cfb7f9c5faf655e5cdc41
vae_candidate_000768	sequence_vae	models/generator/sequence_vae/member_a_v1_seed42/best.pt	d2801a2a130928739f44f9726bcb5bbd7be229fadfe2f05fba5d0f6cc87debdf	member_a_v1_conservative_provisional	28e2c439d1946a789cb3a3812d4c54f1cce0502dbfa9429d77c238425b501f30	4664cb809825b7023ad6a8a90b9492f757446b7b97890595c397504646aa55d4	42	767	1.0	0	1.0	767	75	true	false	eos	74	1a108f473a3011d7b538b4ff90895286fb3efe6b5e0d73b53e16f1f146060b5b
vae_candidate_000769	sequence_vae	models/generator/sequence_vae/member_a_v1_seed42/best.pt	d2801a2a130928739f44f9726bcb5bbd7be229fadfe2f05fba5d0f6cc87debdf	member_a_v1_conservative_provisional	28e2c439d1946a789cb3a3812d4c54f1cce0502dbfa9429d77c238425b501f30	4664cb809825b7023ad6a8a90b9492f757446b7b97890595c397504646aa55d4	42	768	1.0	0	1.0	768	109	true	false	eos	108	62b51ba4c37b9b4440958828679c9923be9c36859f53cfcd5acd49a9ddaa514b
vae_candidate_000770	sequence_vae	models/generator/sequence_vae/member_a_v1_seed42/best.pt	d2801a2a130928739f44f9726bcb5bbd7be229fadfe2f05fba5d0f6cc87debdf	member_a_v1_conservative_provisional	28e2c439d1946a789cb3a3812d4c54f1cce0502dbfa9429d77c238425b501f30	4664cb809825b7023ad6a8a90b9492f757446b7b97890595c397504646aa55d4	42	769	1.0	0	1.0	769	72	true	false	eos	71	31db7db6d5709aba0982d4dc48c7d0b8cb9a421d87b0e2c45cf74d273d2d859f
vae_candidate_000771	sequence_vae	models/generator/sequence_vae/member_a_v1_seed42/best.pt	d2801a2a130928739f44f9726bcb5bbd7be229fadfe2f05fba5d0f6cc87debdf	member_a_v1_conservative_provisional	28e2c439d1946a789cb3a3812d4c54f1cce0502dbfa9429d77c238425b501f30	4664cb809825b7023ad6a8a90b9492f757446b7b97890595c397504646aa55d4	42	770	1.0	0	1.0	770	139	true	false	eos	138	e8c2991d237c408dff12163719380705eb7d82e82f0ef877ef5f40032ce6d1be
vae_candidate_000772	sequence_vae	models/generator/sequence_vae/member_a_v1_seed42/best.pt	d2801a2a130928739f44f9726bcb5bbd7be229fadfe2f05fba5d0f6cc87debdf	member_a_v1_conservative_provisional	28e2c439d1946a789cb3a3812d4c54f1cce0502dbfa9429d77c238425b501f30	4664cb809825b7023ad6a8a90b9492f757446b7b97890595c397504646aa55d4	42	771	1.0	0	1.0	771	99	true	false	eos	98	613efa5fbe19638ebf41534ce5fb3595a8c485cd5544dee03a766612aafc303c
vae_candidate_000773	sequence_vae	models/generator/sequence_vae/member_a_v1_seed42/best.pt	d2801a2a130928739f44f9726bcb5bbd7be229fadfe2f05fba5d0f6cc87debdf	member_a_v1_conservative_provisional	28e2c439d1946a789cb3a3812d4c54f1cce0502dbfa9429d77c238425b501f30	4664cb809825b7023ad6a8a90b9492f757446b7b97890595c397504646aa55d4	42	772	1.0	0	1.0	772	141	true	false	eos	140	01c52097b021df25b3a4f7828a1296859cac767f1567194db0d9e417a66e2771
vae_candidate_000774	sequence_vae	models/generator/sequence_vae/member_a_v1_seed42/best.pt	d2801a2a130928739f44f9726bcb5bbd7be229fadfe2f05fba5d0f6cc87debdf	member_a_v1_conservative_provisional	28e2c439d1946a789cb3a3812d4c54f1cce0502dbfa9429d77c238425b501f30	4664cb809825b7023ad6a8a90b9492f757446b7b97890595c397504646aa55d4	42	773	1.0	0	1.0	773	63	true	false	eos	62	8befc0863f8a7fd559d8ff334ff2f388cfb54b3ab7fb6b288bd252bef8530aea
vae_candidate_000775	sequence_vae	models/generator/sequence_vae/member_a_v1_seed42/best.pt	d2801a2a130928739f44f9726bcb5bbd7be229fadfe2f05fba5d0f6cc87debdf	member_a_v1_conservative_provisional	28e2c439d1946a789cb3a3812d4c54f1cce0502dbfa9429d77c238425b501f30	4664cb809825b7023ad6a8a90b9492f757446b7b97890595c397504646aa55d4	42	774	1.0	0	1.0	774	75	true	false	eos	74	41650ce65b849aee82019314a93a899ba1a2a9d2a82f8495f790e6a8a8280265
vae_candidate_000776	sequence_vae	models/generator/sequence_vae/member_a_v1_seed42/best.pt	d2801a2a130928739f44f9726bcb5bbd7be229fadfe2f05fba5d0f6cc87debdf	member_a_v1_conservative_provisional	28e2c439d1946a789cb3a3812d4c54f1cce0502dbfa9429d77c238425b501f30	4664cb809825b7023ad6a8a90b9492f757446b7b97890595c397504646aa55d4	42	775	1.0	0	1.0	775	137	true	false	eos	136	81849296635926efefca4a0292c412ab7290b506ad90fe6153836958a56a1d53
vae_candidate_000777	sequence_vae	models/generator/sequence_vae/member_a_v1_seed42/best.pt	d2801a2a130928739f44f9726bcb5bbd7be229fadfe2f05fba5d0f6cc87debdf	member_a_v1_conservative_provisional	28e2c439d1946a789cb3a3812d4c54f1cce0502dbfa9429d77c238425b501f30	4664cb809825b7023ad6a8a90b9492f757446b7b97890595c397504646aa55d4	42	776	1.0	0	1.0	776	98	true	false	eos	97	9edef0b829b9e263d9ff94c8ffa3aa38b5fed56cc768c084cf8f9c47785511e5
vae_candidate_000778	sequence_vae	models/generator/sequence_vae/member_a_v1_seed42/best.pt	d2801a2a130928739f44f9726bcb5bbd7be229fadfe2f05fba5d0f6cc87debdf	member_a_v1_conservative_provisional	28e2c439d1946a789cb3a3812d4c54f1cce0502dbfa9429d77c238425b501f30	4664cb809825b7023ad6a8a90b9492f757446b7b97890595c397504646aa55d4	42	777	1.0	0	1.0	777	171	true	false	eos	170	03d886fe2f8f51e82ddd2904008fd3427cea8f60baeacaeaa1de2814adbfd2c4
vae_candidate_000779	sequence_vae	models/generator/sequence_vae/member_a_v1_seed42/best.pt	d2801a2a130928739f44f9726bcb5bbd7be229fadfe2f05fba5d0f6cc87debdf	member_a_v1_conservative_provisional	28e2c439d1946a789cb3a3812d4c54f1cce0502dbfa9429d77c238425b501f30	4664cb809825b7023ad6a8a90b9492f757446b7b97890595c397504646aa55d4	42	778	1.0	0	1.0	778	121	true	false	eos	120	cf302f24d7888728cef2786b7072bf540a802f6e05570a44c22e338c17cf0806
vae_candidate_000780	sequence_vae	models/generator/sequence_vae/member_a_v1_seed42/best.pt	d2801a2a130928739f44f9726bcb5bbd7be229fadfe2f05fba5d0f6cc87debdf	member_a_v1_conservative_provisional	28e2c439d1946a789cb3a3812d4c54f1cce0502dbfa9429d77c238425b501f30	4664cb809825b7023ad6a8a90b9492f757446b7b97890595c397504646aa55d4	42	779	1.0	0	1.0	779	90	true	false	eos	89	208eaad59261e36f4a364f17d161710de4fc052ef77f34bdf4a2d9aebb851ed8
vae_candidate_000781	sequence_vae	models/generator/sequence_vae/member_a_v1_seed42/best.pt	d2801a2a130928739f44f9726bcb5bbd7be229fadfe2f05fba5d0f6cc87debdf	member_a_v1_conservative_provisional	28e2c439d1946a789cb3a3812d4c54f1cce0502dbfa9429d77c238425b501f30	4664cb809825b7023ad6a8a90b9492f757446b7b97890595c397504646aa55d4	42	780	1.0	0	1.0	780	83	true	false	eos	82	e9fa0318e74624e17cc33e0650e80cceeb4d463ff30d5e676858039a87c0c445
vae_candidate_000782	sequence_vae	models/generator/sequence_vae/member_a_v1_seed42/best.pt	d2801a2a130928739f44f9726bcb5bbd7be229fadfe2f05fba5d0f6cc87debdf	member_a_v1_conservative_provisional	28e2c439d1946a789cb3a3812d4c54f1cce0502dbfa9429d77c238425b501f30	4664cb809825b7023ad6a8a90b9492f757446b7b97890595c397504646aa55d4	42	781	1.0	0	1.0	781	165	true	false	eos	164	f5550bed79d2acbc77667248d8428d10b9184821532126fd880a1988f07ab7dd
vae_candidate_000783	sequence_vae	models/generator/sequence_vae/member_a_v1_seed42/best.pt	d2801a2a130928739f44f9726bcb5bbd7be229fadfe2f05fba5d0f6cc87debdf	member_a_v1_conservative_provisional	28e2c439d1946a789cb3a3812d4c54f1cce0502dbfa9429d77c238425b501f30	4664cb809825b7023ad6a8a90b9492f757446b7b97890595c397504646aa55d4	42	782	1.0	0	1.0	782	83	true	false	eos	82	f7b5aae136ef7ed15c4612bbd17f01e099012820ddf06f45902dd88b58813290
vae_candidate_000784	sequence_vae	models/generator/sequence_vae/member_a_v1_seed42/best.pt	d2801a2a130928739f44f9726bcb5bbd7be229fadfe2f05fba5d0f6cc87debdf	member_a_v1_conservative_provisional	28e2c439d1946a789cb3a3812d4c54f1cce0502dbfa9429d77c238425b501f30	4664cb809825b7023ad6a8a90b9492f757446b7b97890595c397504646aa55d4	42	783	1.0	0	1.0	783	135	true	false	eos	134	42960a51d6f3885a7606d8e27adc9d29331bfcfa0d1118e08e6e79f557b1222f
vae_candidate_000785	sequence_vae	models/generator/sequence_vae/member_a_v1_seed42/best.pt	d2801a2a130928739f44f9726bcb5bbd7be229fadfe2f05fba5d0f6cc87debdf	member_a_v1_conservative_provisional	28e2c439d1946a789cb3a3812d4c54f1cce0502dbfa9429d77c238425b501f30	4664cb809825b7023ad6a8a90b9492f757446b7b97890595c397504646aa55d4	42	784	1.0	0	1.0	784	116	true	false	eos	115	061f17e71020fe18cc3d974d91ecf87c546d35143d716e150c6d54984058ce91
vae_candidate_000786	sequence_vae	models/generator/sequence_vae/member_a_v1_seed42/best.pt	d2801a2a130928739f44f9726bcb5bbd7be229fadfe2f05fba5d0f6cc87debdf	member_a_v1_conservative_provisional	28e2c439d1946a789cb3a3812d4c54f1cce0502dbfa9429d77c238425b501f30	4664cb809825b7023ad6a8a90b9492f757446b7b97890595c397504646aa55d4	42	785	1.0	0	1.0	785	107	true	false	eos	106	5ede66baca90c2178340724c5ccc12591267e24d1dcc301c0393d88bb46473c8
vae_candidate_000787	sequence_vae	models/generator/sequence_vae/member_a_v1_seed42/best.pt	d2801a2a130928739f44f9726bcb5bbd7be229fadfe2f05fba5d0f6cc87debdf	member_a_v1_conservative_provisional	28e2c439d1946a789cb3a3812d4c54f1cce0502dbfa9429d77c238425b501f30	4664cb809825b7023ad6a8a90b9492f757446b7b97890595c397504646aa55d4	42	786	1.0	0	1.0	786	91	true	false	eos	90	dd09341c50229b5c5cfb6e817d149682299d0412fdbdc3dba34a17404f352087
vae_candidate_000788	sequence_vae	models/generator/sequence_vae/member_a_v1_seed42/best.pt	d2801a2a130928739f44f9726bcb5bbd7be229fadfe2f05fba5d0f6cc87debdf	member_a_v1_conservative_provisional	28e2c439d1946a789cb3a3812d4c54f1cce0502dbfa9429d77c238425b501f30	4664cb809825b7023ad6a8a90b9492f757446b7b97890595c397504646aa55d4	42	787	1.0	0	1.0	787	83	true	false	eos	82	2cde0ae0d9d2a723bbaa88b3d0ea0bc61753b3d6e4a3c005cb50dac2a69f6713
vae_candidate_000789	sequence_vae	models/generator/sequence_vae/member_a_v1_seed42/best.pt	d2801a2a130928739f44f9726bcb5bbd7be229fadfe2f05fba5d0f6cc87debdf	member_a_v1_conservative_provisional	28e2c439d1946a789cb3a3812d4c54f1cce0502dbfa9429d77c238425b501f30	4664cb809825b7023ad6a8a90b9492f757446b7b97890595c397504646aa55d4	42	788	1.0	0	1.0	788	116	true	false	eos	115	c244d747fb8edd1e2ab4921ac8a669214f58d84e9e99c0a73bf88c5662aa3797
vae_candidate_000790	sequence_vae	models/generator/sequence_vae/member_a_v1_seed42/best.pt	d2801a2a130928739f44f9726bcb5bbd7be229fadfe2f05fba5d0f6cc87debdf	member_a_v1_conservative_provisional	28e2c439d1946a789cb3a3812d4c54f1cce0502dbfa9429d77c238425b501f30	4664cb809825b7023ad6a8a90b9492f757446b7b97890595c397504646aa55d4	42	789	1.0	0	1.0	789	106	true	false	eos	105	36738065c0ec4a7a14935038310e532f58ff5e66f3e35930e916a56e7e0b3405
vae_candidate_000791	sequence_vae	models/generator/sequence_vae/member_a_v1_seed42/best.pt	d2801a2a130928739f44f9726bcb5bbd7be229fadfe2f05fba5d0f6cc87debdf	member_a_v1_conservative_provisional	28e2c439d1946a789cb3a3812d4c54f1cce0502dbfa9429d77c238425b501f30	4664cb809825b7023ad6a8a90b9492f757446b7b97890595c397504646aa55d4	42	790	1.0	0	1.0	790	100	true	false	eos	99	03e78ac6c70a103cadb77b41774274300b4446698ba335ff4474563ffa4f33a3
vae_candidate_000792	sequence_vae	models/generator/sequence_vae/member_a_v1_seed42/best.pt	d2801a2a130928739f44f9726bcb5bbd7be229fadfe2f05fba5d0f6cc87debdf	member_a_v1_conservative_provisional	28e2c439d1946a789cb3a3812d4c54f1cce0502dbfa9429d77c238425b501f30	4664cb809825b7023ad6a8a90b9492f757446b7b97890595c397504646aa55d4	42	791	1.0	0	1.0	791	75	true	false	eos	74	599e2491a28b8851b691ca16d6c1447da868526b06711c4b2ef3e7cf4c02fa6e
vae_candidate_000793	sequence_vae	models/generator/sequence_vae/member_a_v1_seed42/best.pt	d2801a2a130928739f44f9726bcb5bbd7be229fadfe2f05fba5d0f6cc87debdf	member_a_v1_conservative_provisional	28e2c439d1946a789cb3a3812d4c54f1cce0502dbfa9429d77c238425b501f30	4664cb809825b7023ad6a8a90b9492f757446b7b97890595c397504646aa55d4	42	792	1.0	0	1.0	792	72	true	false	eos	71	e24010cbbe18ad847364a8637a7ea4219a6f2fbaff528ddafcc092cf9dc8e74f
vae_candidate_000794	sequence_vae	models/generator/sequence_vae/member_a_v1_seed42/best.pt	d2801a2a130928739f44f9726bcb5bbd7be229fadfe2f05fba5d0f6cc87debdf	member_a_v1_conservative_provisional	28e2c439d1946a789cb3a3812d4c54f1cce0502dbfa9429d77c238425b501f30	4664cb809825b7023ad6a8a90b9492f757446b7b97890595c397504646aa55d4	42	793	1.0	0	1.0	793	101	true	false	eos	100	a9b2bd80326e29028f39193277ccb12ba0425d436a2844f08a96a315a333ad96
vae_candidate_000795	sequence_vae	models/generator/sequence_vae/member_a_v1_seed42/best.pt	d2801a2a130928739f44f9726bcb5bbd7be229fadfe2f05fba5d0f6cc87debdf	member_a_v1_conservative_provisional	28e2c439d1946a789cb3a3812d4c54f1cce0502dbfa9429d77c238425b501f30	4664cb809825b7023ad6a8a90b9492f757446b7b97890595c397504646aa55d4	42	794	1.0	0	1.0	794	103	true	false	eos	102	1b198d40da7b72028a9a89b6ebf91d4b5866ec9db84504d6910819d97b6ec38a
vae_candidate_000796	sequence_vae	models/generator/sequence_vae/member_a_v1_seed42/best.pt	d2801a2a130928739f44f9726bcb5bbd7be229fadfe2f05fba5d0f6cc87debdf	member_a_v1_conservative_provisional	28e2c439d1946a789cb3a3812d4c54f1cce0502dbfa9429d77c238425b501f30	4664cb809825b7023ad6a8a90b9492f757446b7b97890595c397504646aa55d4	42	795	1.0	0	1.0	795	121	true	false	eos	120	b8c4df59d6c0e1ce05bad8949e27516dc8829dc6884abd59e09d257d42a9c805
vae_candidate_000797	sequence_vae	models/generator/sequence_vae/member_a_v1_seed42/best.pt	d2801a2a130928739f44f9726bcb5bbd7be229fadfe2f05fba5d0f6cc87debdf	member_a_v1_conservative_provisional	28e2c439d1946a789cb3a3812d4c54f1cce0502dbfa9429d77c238425b501f30	4664cb809825b7023ad6a8a90b9492f757446b7b97890595c397504646aa55d4	42	796	1.0	0	1.0	796	108	true	false	eos	107	0541ab6e0e646e0f49be1be68a7f6881ef364cff5b3cb3488a97dccdb1bd536d
vae_candidate_000798	sequence_vae	models/generator/sequence_vae/member_a_v1_seed42/best.pt	d2801a2a130928739f44f9726bcb5bbd7be229fadfe2f05fba5d0f6cc87debdf	member_a_v1_conservative_provisional	28e2c439d1946a789cb3a3812d4c54f1cce0502dbfa9429d77c238425b501f30	4664cb809825b7023ad6a8a90b9492f757446b7b97890595c397504646aa55d4	42	797	1.0	0	1.0	797	96	true	false	eos	95	a81fd50301b616e842577855ffeb13865569532b879ca7484a31ecf8a9d4682a
vae_candidate_000799	sequence_vae	models/generator/sequence_vae/member_a_v1_seed42/best.pt	d2801a2a130928739f44f9726bcb5bbd7be229fadfe2f05fba5d0f6cc87debdf	member_a_v1_conservative_provisional	28e2c439d1946a789cb3a3812d4c54f1cce0502dbfa9429d77c238425b501f30	4664cb809825b7023ad6a8a90b9492f757446b7b97890595c397504646aa55d4	42	798	1.0	0	1.0	798	92	true	false	eos	91	4ea3f0c01e9a8baf434fe07038ca70839828b6d2da3c87521e158a996ed0f8d2
vae_candidate_000800	sequence_vae	models/generator/sequence_vae/member_a_v1_seed42/best.pt	d2801a2a130928739f44f9726bcb5bbd7be229fadfe2f05fba5d0f6cc87debdf	member_a_v1_conservative_provisional	28e2c439d1946a789cb3a3812d4c54f1cce0502dbfa9429d77c238425b501f30	4664cb809825b7023ad6a8a90b9492f757446b7b97890595c397504646aa55d4	42	799	1.0	0	1.0	799	74	true	false	eos	73	a9b9a288b8b967e3164ac2eba2509064b5ddf348b7ee5a70d3ffc0736750ac27
vae_candidate_000801	sequence_vae	models/generator/sequence_vae/member_a_v1_seed42/best.pt	d2801a2a130928739f44f9726bcb5bbd7be229fadfe2f05fba5d0f6cc87debdf	member_a_v1_conservative_provisional	28e2c439d1946a789cb3a3812d4c54f1cce0502dbfa9429d77c238425b501f30	4664cb809825b7023ad6a8a90b9492f757446b7b97890595c397504646aa55d4	42	800	1.0	0	1.0	800	128	true	false	eos	127	a5290b3e44a43da3e71b419594f5d4aa28d82bc0f56c871befe6c7d2d4b0bd7d
vae_candidate_000802	sequence_vae	models/generator/sequence_vae/member_a_v1_seed42/best.pt	d2801a2a130928739f44f9726bcb5bbd7be229fadfe2f05fba5d0f6cc87debdf	member_a_v1_conservative_provisional	28e2c439d1946a789cb3a3812d4c54f1cce0502dbfa9429d77c238425b501f30	4664cb809825b7023ad6a8a90b9492f757446b7b97890595c397504646aa55d4	42	801	1.0	0	1.0	801	57	true	false	eos	56	cbb5fa5710ac20a507ab827b3884d645fb6e7e96b2b74701ca0f31811b31954e
vae_candidate_000803	sequence_vae	models/generator/sequence_vae/member_a_v1_seed42/best.pt	d2801a2a130928739f44f9726bcb5bbd7be229fadfe2f05fba5d0f6cc87debdf	member_a_v1_conservative_provisional	28e2c439d1946a789cb3a3812d4c54f1cce0502dbfa9429d77c238425b501f30	4664cb809825b7023ad6a8a90b9492f757446b7b97890595c397504646aa55d4	42	802	1.0	0	1.0	802	91	true	false	eos	90	9db954f822dcdd7fd08e04602947f808ed86ea06056b6f5d0e5ebdf20fd3e128
vae_candidate_000804	sequence_vae	models/generator/sequence_vae/member_a_v1_seed42/best.pt	d2801a2a130928739f44f9726bcb5bbd7be229fadfe2f05fba5d0f6cc87debdf	member_a_v1_conservative_provisional	28e2c439d1946a789cb3a3812d4c54f1cce0502dbfa9429d77c238425b501f30	4664cb809825b7023ad6a8a90b9492f757446b7b97890595c397504646aa55d4	42	803	1.0	0	1.0	803	64	true	false	eos	63	e70d4d539d592ae5e3d7df509f76d95861ad1dfa29eaea7cf12e86ff2094471b
vae_candidate_000805	sequence_vae	models/generator/sequence_vae/member_a_v1_seed42/best.pt	d2801a2a130928739f44f9726bcb5bbd7be229fadfe2f05fba5d0f6cc87debdf	member_a_v1_conservative_provisional	28e2c439d1946a789cb3a3812d4c54f1cce0502dbfa9429d77c238425b501f30	4664cb809825b7023ad6a8a90b9492f757446b7b97890595c397504646aa55d4	42	804	1.0	0	1.0	804	171	true	false	eos	170	e9124dcfea45339cb2550a7e289fa099871976807c58e928f28a4f4fdb4cc941
vae_candidate_000806	sequence_vae	models/generator/sequence_vae/member_a_v1_seed42/best.pt	d2801a2a130928739f44f9726bcb5bbd7be229fadfe2f05fba5d0f6cc87debdf	member_a_v1_conservative_provisional	28e2c439d1946a789cb3a3812d4c54f1cce0502dbfa9429d77c238425b501f30	4664cb809825b7023ad6a8a90b9492f757446b7b97890595c397504646aa55d4	42	805	1.0	0	1.0	805	77	true	false	eos	76	4d5abc1410e81543ddbb5d5fe7061fc277d9e31997c5f07a4ce212d0530f6a64
vae_candidate_000807	sequence_vae	models/generator/sequence_vae/member_a_v1_seed42/best.pt	d2801a2a130928739f44f9726bcb5bbd7be229fadfe2f05fba5d0f6cc87debdf	member_a_v1_conservative_provisional	28e2c439d1946a789cb3a3812d4c54f1cce0502dbfa9429d77c238425b501f30	4664cb809825b7023ad6a8a90b9492f757446b7b97890595c397504646aa55d4	42	806	1.0	0	1.0	806	180	false	true	length_cap	180	589eab7b5eba693c574ef9cfcfc707893c58fabd8a1d47359c22392eaf285204
vae_candidate_000808	sequence_vae	models/generator/sequence_vae/member_a_v1_seed42/best.pt	d2801a2a130928739f44f9726bcb5bbd7be229fadfe2f05fba5d0f6cc87debdf	member_a_v1_conservative_provisional	28e2c439d1946a789cb3a3812d4c54f1cce0502dbfa9429d77c238425b501f30	4664cb809825b7023ad6a8a90b9492f757446b7b97890595c397504646aa55d4	42	807	1.0	0	1.0	807	61	true	false	eos	60	31186d62bcd94827ff25d58944fe676567ac1d36f0f30c2af9bdd8c20291c605
vae_candidate_000809	sequence_vae	models/generator/sequence_vae/member_a_v1_seed42/best.pt	d2801a2a130928739f44f9726bcb5bbd7be229fadfe2f05fba5d0f6cc87debdf	member_a_v1_conservative_provisional	28e2c439d1946a789cb3a3812d4c54f1cce0502dbfa9429d77c238425b501f30	4664cb809825b7023ad6a8a90b9492f757446b7b97890595c397504646aa55d4	42	808	1.0	0	1.0	808	82	true	false	eos	81	feb62120c0b1291b6928e177f6c7c471c1722a380e9e45a953ca0979100bba15
vae_candidate_000810	sequence_vae	models/generator/sequence_vae/member_a_v1_seed42/best.pt	d2801a2a130928739f44f9726bcb5bbd7be229fadfe2f05fba5d0f6cc87debdf	member_a_v1_conservative_provisional	28e2c439d1946a789cb3a3812d4c54f1cce0502dbfa9429d77c238425b501f30	4664cb809825b7023ad6a8a90b9492f757446b7b97890595c397504646aa55d4	42	809	1.0	0	1.0	809	129	true	false	eos	128	e968933db070533933aca0518f9f09e96f623aaa2ec3c7cdea5a35e01ce29361
vae_candidate_000811	sequence_vae	models/generator/sequence_vae/member_a_v1_seed42/best.pt	d2801a2a130928739f44f9726bcb5bbd7be229fadfe2f05fba5d0f6cc87debdf	member_a_v1_conservative_provisional	28e2c439d1946a789cb3a3812d4c54f1cce0502dbfa9429d77c238425b501f30	4664cb809825b7023ad6a8a90b9492f757446b7b97890595c397504646aa55d4	42	810	1.0	0	1.0	810	69	true	false	eos	68	58c64900578fa7ca65807dd4792c4675a101b525cd4afd87037f538dd493b094
vae_candidate_000812	sequence_vae	models/generator/sequence_vae/member_a_v1_seed42/best.pt	d2801a2a130928739f44f9726bcb5bbd7be229fadfe2f05fba5d0f6cc87debdf	member_a_v1_conservative_provisional	28e2c439d1946a789cb3a3812d4c54f1cce0502dbfa9429d77c238425b501f30	4664cb809825b7023ad6a8a90b9492f757446b7b97890595c397504646aa55d4	42	811	1.0	0	1.0	811	108	true	false	eos	107	29ead3ce3bbf1d7c4b17621856ba1f740d9de1d6a3e2a30f92d398040fa91075
vae_candidate_000813	sequence_vae	models/generator/sequence_vae/member_a_v1_seed42/best.pt	d2801a2a130928739f44f9726bcb5bbd7be229fadfe2f05fba5d0f6cc87debdf	member_a_v1_conservative_provisional	28e2c439d1946a789cb3a3812d4c54f1cce0502dbfa9429d77c238425b501f30	4664cb809825b7023ad6a8a90b9492f757446b7b97890595c397504646aa55d4	42	812	1.0	0	1.0	812	180	false	true	length_cap	180	db6368454604ce7367bb9229d0cd501d658329db51d7c1254ac1c9e98587cec5
vae_candidate_000814	sequence_vae	models/generator/sequence_vae/member_a_v1_seed42/best.pt	d2801a2a130928739f44f9726bcb5bbd7be229fadfe2f05fba5d0f6cc87debdf	member_a_v1_conservative_provisional	28e2c439d1946a789cb3a3812d4c54f1cce0502dbfa9429d77c238425b501f30	4664cb809825b7023ad6a8a90b9492f757446b7b97890595c397504646aa55d4	42	813	1.0	0	1.0	813	156	true	false	eos	155	58737a638014c1b791029b5f00dc405ea336292a8ebacfe4cff491f5a6107072
vae_candidate_000815	sequence_vae	models/generator/sequence_vae/member_a_v1_seed42/best.pt	d2801a2a130928739f44f9726bcb5bbd7be229fadfe2f05fba5d0f6cc87debdf	member_a_v1_conservative_provisional	28e2c439d1946a789cb3a3812d4c54f1cce0502dbfa9429d77c238425b501f30	4664cb809825b7023ad6a8a90b9492f757446b7b97890595c397504646aa55d4	42	814	1.0	0	1.0	814	107	true	false	eos	106	ba6934e3a3bd14177ae0a5901fdac74da88db024a8f7102666bdaf90d85daafa
vae_candidate_000816	sequence_vae	models/generator/sequence_vae/member_a_v1_seed42/best.pt	d2801a2a130928739f44f9726bcb5bbd7be229fadfe2f05fba5d0f6cc87debdf	member_a_v1_conservative_provisional	28e2c439d1946a789cb3a3812d4c54f1cce0502dbfa9429d77c238425b501f30	4664cb809825b7023ad6a8a90b9492f757446b7b97890595c397504646aa55d4	42	815	1.0	0	1.0	815	178	true	false	eos	177	f73600d3a8770d4ebeee735a20ba285b4c0ae7e51a7fbe5f596d12a4eef51ee5
vae_candidate_000817	sequence_vae	models/generator/sequence_vae/member_a_v1_seed42/best.pt	d2801a2a130928739f44f9726bcb5bbd7be229fadfe2f05fba5d0f6cc87debdf	member_a_v1_conservative_provisional	28e2c439d1946a789cb3a3812d4c54f1cce0502dbfa9429d77c238425b501f30	4664cb809825b7023ad6a8a90b9492f757446b7b97890595c397504646aa55d4	42	816	1.0	0	1.0	816	99	true	false	eos	98	73c64680c5900bd3060487e6d7d9f14acbe8b81f71bf562dd8dd43b541288341
vae_candidate_000818	sequence_vae	models/generator/sequence_vae/member_a_v1_seed42/best.pt	d2801a2a130928739f44f9726bcb5bbd7be229fadfe2f05fba5d0f6cc87debdf	member_a_v1_conservative_provisional	28e2c439d1946a789cb3a3812d4c54f1cce0502dbfa9429d77c238425b501f30	4664cb809825b7023ad6a8a90b9492f757446b7b97890595c397504646aa55d4	42	817	1.0	0	1.0	817	95	true	false	eos	94	debca2dcd2b74396a3a0f99a719ae2a6dcc6278892e8bcabc20f413c56131852
vae_candidate_000819	sequence_vae	models/generator/sequence_vae/member_a_v1_seed42/best.pt	d2801a2a130928739f44f9726bcb5bbd7be229fadfe2f05fba5d0f6cc87debdf	member_a_v1_conservative_provisional	28e2c439d1946a789cb3a3812d4c54f1cce0502dbfa9429d77c238425b501f30	4664cb809825b7023ad6a8a90b9492f757446b7b97890595c397504646aa55d4	42	818	1.0	0	1.0	818	78	true	false	eos	77	0568569dd5256db53313f3af360b2556fcb9a316a7a4811023fd60561986cd27
vae_candidate_000820	sequence_vae	models/generator/sequence_vae/member_a_v1_seed42/best.pt	d2801a2a130928739f44f9726bcb5bbd7be229fadfe2f05fba5d0f6cc87debdf	member_a_v1_conservative_provisional	28e2c439d1946a789cb3a3812d4c54f1cce0502dbfa9429d77c238425b501f30	4664cb809825b7023ad6a8a90b9492f757446b7b97890595c397504646aa55d4	42	819	1.0	0	1.0	819	54	true	false	eos	53	70c4107ac02fcbcb9b98e93d0f19f4362b64580fceaac6ca400e61992e41d2db
vae_candidate_000821	sequence_vae	models/generator/sequence_vae/member_a_v1_seed42/best.pt	d2801a2a130928739f44f9726bcb5bbd7be229fadfe2f05fba5d0f6cc87debdf	member_a_v1_conservative_provisional	28e2c439d1946a789cb3a3812d4c54f1cce0502dbfa9429d77c238425b501f30	4664cb809825b7023ad6a8a90b9492f757446b7b97890595c397504646aa55d4	42	820	1.0	0	1.0	820	136	true	false	eos	135	99d03dcc246e6616d6c81427c88740cd89e7d5fcfca52091e4746ba770af31bc
vae_candidate_000822	sequence_vae	models/generator/sequence_vae/member_a_v1_seed42/best.pt	d2801a2a130928739f44f9726bcb5bbd7be229fadfe2f05fba5d0f6cc87debdf	member_a_v1_conservative_provisional	28e2c439d1946a789cb3a3812d4c54f1cce0502dbfa9429d77c238425b501f30	4664cb809825b7023ad6a8a90b9492f757446b7b97890595c397504646aa55d4	42	821	1.0	0	1.0	821	114	true	false	eos	113	6e5736981710573ae89b449f994b2a6b5d1b4dc96653785e21d875513be544dc
vae_candidate_000823	sequence_vae	models/generator/sequence_vae/member_a_v1_seed42/best.pt	d2801a2a130928739f44f9726bcb5bbd7be229fadfe2f05fba5d0f6cc87debdf	member_a_v1_conservative_provisional	28e2c439d1946a789cb3a3812d4c54f1cce0502dbfa9429d77c238425b501f30	4664cb809825b7023ad6a8a90b9492f757446b7b97890595c397504646aa55d4	42	822	1.0	0	1.0	822	60	true	false	eos	59	9e833f2ae98a094081693e7cb2d7b29989c2741c7eb88e0fab69db1381123cc5
vae_candidate_000824	sequence_vae	models/generator/sequence_vae/member_a_v1_seed42/best.pt	d2801a2a130928739f44f9726bcb5bbd7be229fadfe2f05fba5d0f6cc87debdf	member_a_v1_conservative_provisional	28e2c439d1946a789cb3a3812d4c54f1cce0502dbfa9429d77c238425b501f30	4664cb809825b7023ad6a8a90b9492f757446b7b97890595c397504646aa55d4	42	823	1.0	0	1.0	823	64	true	false	eos	63	290eb91a97073337aee1735b21ff433577962b2b562b82fbf4deccc9c5f9f636
vae_candidate_000825	sequence_vae	models/generator/sequence_vae/member_a_v1_seed42/best.pt	d2801a2a130928739f44f9726bcb5bbd7be229fadfe2f05fba5d0f6cc87debdf	member_a_v1_conservative_provisional	28e2c439d1946a789cb3a3812d4c54f1cce0502dbfa9429d77c238425b501f30	4664cb809825b7023ad6a8a90b9492f757446b7b97890595c397504646aa55d4	42	824	1.0	0	1.0	824	123	true	false	eos	122	ab5c46408aa2c8da0f00b0ac8e849f7c2ad2304b36d0bc3a02cef254bbf9e457
vae_candidate_000826	sequence_vae	models/generator/sequence_vae/member_a_v1_seed42/best.pt	d2801a2a130928739f44f9726bcb5bbd7be229fadfe2f05fba5d0f6cc87debdf	member_a_v1_conservative_provisional	28e2c439d1946a789cb3a3812d4c54f1cce0502dbfa9429d77c238425b501f30	4664cb809825b7023ad6a8a90b9492f757446b7b97890595c397504646aa55d4	42	825	1.0	0	1.0	825	52	true	false	eos	51	e9cc9740af218e78b0f27e1cf0c5512cd596f08c58281d1e7b11662bea458cdb
vae_candidate_000827	sequence_vae	models/generator/sequence_vae/member_a_v1_seed42/best.pt	d2801a2a130928739f44f9726bcb5bbd7be229fadfe2f05fba5d0f6cc87debdf	member_a_v1_conservative_provisional	28e2c439d1946a789cb3a3812d4c54f1cce0502dbfa9429d77c238425b501f30	4664cb809825b7023ad6a8a90b9492f757446b7b97890595c397504646aa55d4	42	826	1.0	0	1.0	826	98	true	false	eos	97	2d13bf7ec299309a710b814000b2a862df429a8b6a3ba974bdfc08644bbc9ee0
vae_candidate_000828	sequence_vae	models/generator/sequence_vae/member_a_v1_seed42/best.pt	d2801a2a130928739f44f9726bcb5bbd7be229fadfe2f05fba5d0f6cc87debdf	member_a_v1_conservative_provisional	28e2c439d1946a789cb3a3812d4c54f1cce0502dbfa9429d77c238425b501f30	4664cb809825b7023ad6a8a90b9492f757446b7b97890595c397504646aa55d4	42	827	1.0	0	1.0	827	106	true	false	eos	105	03c5a8a7715bfacbc653d4c564fa0d059254ede1dc227a741b9589dc16a4f6f2
vae_candidate_000829	sequence_vae	models/generator/sequence_vae/member_a_v1_seed42/best.pt	d2801a2a130928739f44f9726bcb5bbd7be229fadfe2f05fba5d0f6cc87debdf	member_a_v1_conservative_provisional	28e2c439d1946a789cb3a3812d4c54f1cce0502dbfa9429d77c238425b501f30	4664cb809825b7023ad6a8a90b9492f757446b7b97890595c397504646aa55d4	42	828	1.0	0	1.0	828	110	true	false	eos	109	5aa4f56930f7279954abef2a8833936fd44006d21ec50de1a7403fde8f7ce171
vae_candidate_000830	sequence_vae	models/generator/sequence_vae/member_a_v1_seed42/best.pt	d2801a2a130928739f44f9726bcb5bbd7be229fadfe2f05fba5d0f6cc87debdf	member_a_v1_conservative_provisional	28e2c439d1946a789cb3a3812d4c54f1cce0502dbfa9429d77c238425b501f30	4664cb809825b7023ad6a8a90b9492f757446b7b97890595c397504646aa55d4	42	829	1.0	0	1.0	829	71	true	false	eos	70	afe5b594b7fc0e3d370c0b945d2eb52e0623fe4bfc3e6fcc805a634579eb6c08
vae_candidate_000831	sequence_vae	models/generator/sequence_vae/member_a_v1_seed42/best.pt	d2801a2a130928739f44f9726bcb5bbd7be229fadfe2f05fba5d0f6cc87debdf	member_a_v1_conservative_provisional	28e2c439d1946a789cb3a3812d4c54f1cce0502dbfa9429d77c238425b501f30	4664cb809825b7023ad6a8a90b9492f757446b7b97890595c397504646aa55d4	42	830	1.0	0	1.0	830	60	true	false	eos	59	9361907785efd7a6f8cf71a58ac328e8ed4b452e61306e59acc1f8a9cb3c0949
vae_candidate_000832	sequence_vae	models/generator/sequence_vae/member_a_v1_seed42/best.pt	d2801a2a130928739f44f9726bcb5bbd7be229fadfe2f05fba5d0f6cc87debdf	member_a_v1_conservative_provisional	28e2c439d1946a789cb3a3812d4c54f1cce0502dbfa9429d77c238425b501f30	4664cb809825b7023ad6a8a90b9492f757446b7b97890595c397504646aa55d4	42	831	1.0	0	1.0	831	62	true	false	eos	61	fed19e7c450e209797954aa2779ca2d7c0a70523c8a73bb900c2c37e39391d00
vae_candidate_000833	sequence_vae	models/generator/sequence_vae/member_a_v1_seed42/best.pt	d2801a2a130928739f44f9726bcb5bbd7be229fadfe2f05fba5d0f6cc87debdf	member_a_v1_conservative_provisional	28e2c439d1946a789cb3a3812d4c54f1cce0502dbfa9429d77c238425b501f30	4664cb809825b7023ad6a8a90b9492f757446b7b97890595c397504646aa55d4	42	832	1.0	0	1.0	832	164	true	false	eos	163	a92c102addb607dee230c7f52d4461ec7cd7a82458bc78935c1d990d3698b11a
vae_candidate_000834	sequence_vae	models/generator/sequence_vae/member_a_v1_seed42/best.pt	d2801a2a130928739f44f9726bcb5bbd7be229fadfe2f05fba5d0f6cc87debdf	member_a_v1_conservative_provisional	28e2c439d1946a789cb3a3812d4c54f1cce0502dbfa9429d77c238425b501f30	4664cb809825b7023ad6a8a90b9492f757446b7b97890595c397504646aa55d4	42	833	1.0	0	1.0	833	118	true	false	eos	117	7012fd62d50445d5dadd356c4602853f1710bf5b2f633b3cfc5618b0cac9aef0
vae_candidate_000835	sequence_vae	models/generator/sequence_vae/member_a_v1_seed42/best.pt	d2801a2a130928739f44f9726bcb5bbd7be229fadfe2f05fba5d0f6cc87debdf	member_a_v1_conservative_provisional	28e2c439d1946a789cb3a3812d4c54f1cce0502dbfa9429d77c238425b501f30	4664cb809825b7023ad6a8a90b9492f757446b7b97890595c397504646aa55d4	42	834	1.0	0	1.0	834	88	true	false	eos	87	8fe1e9be69a12471df33802b86e26b5b2ebb9b2f1ccbd1543ffea7d41b2e4134
vae_candidate_000836	sequence_vae	models/generator/sequence_vae/member_a_v1_seed42/best.pt	d2801a2a130928739f44f9726bcb5bbd7be229fadfe2f05fba5d0f6cc87debdf	member_a_v1_conservative_provisional	28e2c439d1946a789cb3a3812d4c54f1cce0502dbfa9429d77c238425b501f30	4664cb809825b7023ad6a8a90b9492f757446b7b97890595c397504646aa55d4	42	835	1.0	0	1.0	835	91	true	false	eos	90	0dd02133076e63021bf34dbcae8f31904576072013a7ad61b05085e8299a3ba6
vae_candidate_000837	sequence_vae	models/generator/sequence_vae/member_a_v1_seed42/best.pt	d2801a2a130928739f44f9726bcb5bbd7be229fadfe2f05fba5d0f6cc87debdf	member_a_v1_conservative_provisional	28e2c439d1946a789cb3a3812d4c54f1cce0502dbfa9429d77c238425b501f30	4664cb809825b7023ad6a8a90b9492f757446b7b97890595c397504646aa55d4	42	836	1.0	0	1.0	836	109	true	false	eos	108	85edf590e9fbdf9ecac7122a4e59aa738fd552cabe14a8b9ab603d7c65c990fa
vae_candidate_000838	sequence_vae	models/generator/sequence_vae/member_a_v1_seed42/best.pt	d2801a2a130928739f44f9726bcb5bbd7be229fadfe2f05fba5d0f6cc87debdf	member_a_v1_conservative_provisional	28e2c439d1946a789cb3a3812d4c54f1cce0502dbfa9429d77c238425b501f30	4664cb809825b7023ad6a8a90b9492f757446b7b97890595c397504646aa55d4	42	837	1.0	0	1.0	837	87	true	false	eos	86	63195babbf6947910d95da0814a1e7ecfc1ce87a7def93a12779cfb51f0fe3b0
vae_candidate_000839	sequence_vae	models/generator/sequence_vae/member_a_v1_seed42/best.pt	d2801a2a130928739f44f9726bcb5bbd7be229fadfe2f05fba5d0f6cc87debdf	member_a_v1_conservative_provisional	28e2c439d1946a789cb3a3812d4c54f1cce0502dbfa9429d77c238425b501f30	4664cb809825b7023ad6a8a90b9492f757446b7b97890595c397504646aa55d4	42	838	1.0	0	1.0	838	100	true	false	eos	99	a97e7312e7a30b9c3c71f5a9441ae5ff5f45db4266bd17ddc37b74256ff9649b
vae_candidate_000840	sequence_vae	models/generator/sequence_vae/member_a_v1_seed42/best.pt	d2801a2a130928739f44f9726bcb5bbd7be229fadfe2f05fba5d0f6cc87debdf	member_a_v1_conservative_provisional	28e2c439d1946a789cb3a3812d4c54f1cce0502dbfa9429d77c238425b501f30	4664cb809825b7023ad6a8a90b9492f757446b7b97890595c397504646aa55d4	42	839	1.0	0	1.0	839	147	true	false	eos	146	0a3ac9ded1dec736dafd54d3f528757b157c5a285a094d769b2a48b91c924e37
vae_candidate_000841	sequence_vae	models/generator/sequence_vae/member_a_v1_seed42/best.pt	d2801a2a130928739f44f9726bcb5bbd7be229fadfe2f05fba5d0f6cc87debdf	member_a_v1_conservative_provisional	28e2c439d1946a789cb3a3812d4c54f1cce0502dbfa9429d77c238425b501f30	4664cb809825b7023ad6a8a90b9492f757446b7b97890595c397504646aa55d4	42	840	1.0	0	1.0	840	96	true	false	eos	95	90fa3d4dfd30e0eaa00831a122993a23ce8b72e8114037f263d9d33001a8e504
vae_candidate_000842	sequence_vae	models/generator/sequence_vae/member_a_v1_seed42/best.pt	d2801a2a130928739f44f9726bcb5bbd7be229fadfe2f05fba5d0f6cc87debdf	member_a_v1_conservative_provisional	28e2c439d1946a789cb3a3812d4c54f1cce0502dbfa9429d77c238425b501f30	4664cb809825b7023ad6a8a90b9492f757446b7b97890595c397504646aa55d4	42	841	1.0	0	1.0	841	113	true	false	eos	112	5fd1a782134e22add85d0ee1b99c40303694a8977a57cede508a03b9d8862809
vae_candidate_000843	sequence_vae	models/generator/sequence_vae/member_a_v1_seed42/best.pt	d2801a2a130928739f44f9726bcb5bbd7be229fadfe2f05fba5d0f6cc87debdf	member_a_v1_conservative_provisional	28e2c439d1946a789cb3a3812d4c54f1cce0502dbfa9429d77c238425b501f30	4664cb809825b7023ad6a8a90b9492f757446b7b97890595c397504646aa55d4	42	842	1.0	0	1.0	842	95	true	false	eos	94	b86338297660445cc03d594186178109b41164c822a70363b8f65238a42279f4
vae_candidate_000844	sequence_vae	models/generator/sequence_vae/member_a_v1_seed42/best.pt	d2801a2a130928739f44f9726bcb5bbd7be229fadfe2f05fba5d0f6cc87debdf	member_a_v1_conservative_provisional	28e2c439d1946a789cb3a3812d4c54f1cce0502dbfa9429d77c238425b501f30	4664cb809825b7023ad6a8a90b9492f757446b7b97890595c397504646aa55d4	42	843	1.0	0	1.0	843	125	true	false	eos	124	fcd348111139db43201792b6a164c4a62e8d849c85a5eabff4dd72cb8f1c64dc
vae_candidate_000845	sequence_vae	models/generator/sequence_vae/member_a_v1_seed42/best.pt	d2801a2a130928739f44f9726bcb5bbd7be229fadfe2f05fba5d0f6cc87debdf	member_a_v1_conservative_provisional	28e2c439d1946a789cb3a3812d4c54f1cce0502dbfa9429d77c238425b501f30	4664cb809825b7023ad6a8a90b9492f757446b7b97890595c397504646aa55d4	42	844	1.0	0	1.0	844	128	true	false	eos	127	e8e930f1ca8a542b2c8f59cceabe0f523caf29057f5634059c82238042dc6f26
vae_candidate_000846	sequence_vae	models/generator/sequence_vae/member_a_v1_seed42/best.pt	d2801a2a130928739f44f9726bcb5bbd7be229fadfe2f05fba5d0f6cc87debdf	member_a_v1_conservative_provisional	28e2c439d1946a789cb3a3812d4c54f1cce0502dbfa9429d77c238425b501f30	4664cb809825b7023ad6a8a90b9492f757446b7b97890595c397504646aa55d4	42	845	1.0	0	1.0	845	87	true	false	eos	86	7849dfcc7540a457a27a5a25e6db7288c6cb343415c71faef71f01db0a66978c
vae_candidate_000847	sequence_vae	models/generator/sequence_vae/member_a_v1_seed42/best.pt	d2801a2a130928739f44f9726bcb5bbd7be229fadfe2f05fba5d0f6cc87debdf	member_a_v1_conservative_provisional	28e2c439d1946a789cb3a3812d4c54f1cce0502dbfa9429d77c238425b501f30	4664cb809825b7023ad6a8a90b9492f757446b7b97890595c397504646aa55d4	42	846	1.0	0	1.0	846	142	true	false	eos	141	0a8dba8187fed5d0380d525a72c037a91c55f8ddfe79352e40a674abc0b23d09
vae_candidate_000848	sequence_vae	models/generator/sequence_vae/member_a_v1_seed42/best.pt	d2801a2a130928739f44f9726bcb5bbd7be229fadfe2f05fba5d0f6cc87debdf	member_a_v1_conservative_provisional	28e2c439d1946a789cb3a3812d4c54f1cce0502dbfa9429d77c238425b501f30	4664cb809825b7023ad6a8a90b9492f757446b7b97890595c397504646aa55d4	42	847	1.0	0	1.0	847	121	true	false	eos	120	a8a052f482d11557da816907f783189aa95e8dcb00aef77e08f497a11ca56698
vae_candidate_000849	sequence_vae	models/generator/sequence_vae/member_a_v1_seed42/best.pt	d2801a2a130928739f44f9726bcb5bbd7be229fadfe2f05fba5d0f6cc87debdf	member_a_v1_conservative_provisional	28e2c439d1946a789cb3a3812d4c54f1cce0502dbfa9429d77c238425b501f30	4664cb809825b7023ad6a8a90b9492f757446b7b97890595c397504646aa55d4	42	848	1.0	0	1.0	848	160	true	false	eos	159	50bd325cb916448a3757789beb994c0f535ae8fb61963d195909a339752796b2
vae_candidate_000850	sequence_vae	models/generator/sequence_vae/member_a_v1_seed42/best.pt	d2801a2a130928739f44f9726bcb5bbd7be229fadfe2f05fba5d0f6cc87debdf	member_a_v1_conservative_provisional	28e2c439d1946a789cb3a3812d4c54f1cce0502dbfa9429d77c238425b501f30	4664cb809825b7023ad6a8a90b9492f757446b7b97890595c397504646aa55d4	42	849	1.0	0	1.0	849	137	true	false	eos	136	29c7b6a4bb5da4d6e7072e568df80fc6f07341c8f6476ef02aaa04f2956b1a60
vae_candidate_000851	sequence_vae	models/generator/sequence_vae/member_a_v1_seed42/best.pt	d2801a2a130928739f44f9726bcb5bbd7be229fadfe2f05fba5d0f6cc87debdf	member_a_v1_conservative_provisional	28e2c439d1946a789cb3a3812d4c54f1cce0502dbfa9429d77c238425b501f30	4664cb809825b7023ad6a8a90b9492f757446b7b97890595c397504646aa55d4	42	850	1.0	0	1.0	850	102	true	false	eos	101	003b3bf5714edca9dc273553758f876f064a11ba1112517d842756956fe4c6a5
vae_candidate_000852	sequence_vae	models/generator/sequence_vae/member_a_v1_seed42/best.pt	d2801a2a130928739f44f9726bcb5bbd7be229fadfe2f05fba5d0f6cc87debdf	member_a_v1_conservative_provisional	28e2c439d1946a789cb3a3812d4c54f1cce0502dbfa9429d77c238425b501f30	4664cb809825b7023ad6a8a90b9492f757446b7b97890595c397504646aa55d4	42	851	1.0	0	1.0	851	82	true	false	eos	81	b1f9aa12829c8c643e8a53f4f5e40e880aba94280b5aaff77553061e983912e5
vae_candidate_000853	sequence_vae	models/generator/sequence_vae/member_a_v1_seed42/best.pt	d2801a2a130928739f44f9726bcb5bbd7be229fadfe2f05fba5d0f6cc87debdf	member_a_v1_conservative_provisional	28e2c439d1946a789cb3a3812d4c54f1cce0502dbfa9429d77c238425b501f30	4664cb809825b7023ad6a8a90b9492f757446b7b97890595c397504646aa55d4	42	852	1.0	0	1.0	852	121	true	false	eos	120	5dd73d8ea101649c3b7b057d62831f9d21dfb5d116a20fce4892c9658e8a9b04
vae_candidate_000854	sequence_vae	models/generator/sequence_vae/member_a_v1_seed42/best.pt	d2801a2a130928739f44f9726bcb5bbd7be229fadfe2f05fba5d0f6cc87debdf	member_a_v1_conservative_provisional	28e2c439d1946a789cb3a3812d4c54f1cce0502dbfa9429d77c238425b501f30	4664cb809825b7023ad6a8a90b9492f757446b7b97890595c397504646aa55d4	42	853	1.0	0	1.0	853	110	true	false	eos	109	90916544150818d2b9350341065a36e646514d3bc04c66c249f95263c3a10bcc
vae_candidate_000855	sequence_vae	models/generator/sequence_vae/member_a_v1_seed42/best.pt	d2801a2a130928739f44f9726bcb5bbd7be229fadfe2f05fba5d0f6cc87debdf	member_a_v1_conservative_provisional	28e2c439d1946a789cb3a3812d4c54f1cce0502dbfa9429d77c238425b501f30	4664cb809825b7023ad6a8a90b9492f757446b7b97890595c397504646aa55d4	42	854	1.0	0	1.0	854	180	false	true	length_cap	180	6d15d1dc68b13254231aeb778158ed0527b20b3db9537fe3c23919183f71de22
vae_candidate_000856	sequence_vae	models/generator/sequence_vae/member_a_v1_seed42/best.pt	d2801a2a130928739f44f9726bcb5bbd7be229fadfe2f05fba5d0f6cc87debdf	member_a_v1_conservative_provisional	28e2c439d1946a789cb3a3812d4c54f1cce0502dbfa9429d77c238425b501f30	4664cb809825b7023ad6a8a90b9492f757446b7b97890595c397504646aa55d4	42	855	1.0	0	1.0	855	61	true	false	eos	60	5bf07cc41ce67c19d96ab837b520720dcfd99d73bdadbc6f296ad3ab449256e2
vae_candidate_000857	sequence_vae	models/generator/sequence_vae/member_a_v1_seed42/best.pt	d2801a2a130928739f44f9726bcb5bbd7be229fadfe2f05fba5d0f6cc87debdf	member_a_v1_conservative_provisional	28e2c439d1946a789cb3a3812d4c54f1cce0502dbfa9429d77c238425b501f30	4664cb809825b7023ad6a8a90b9492f757446b7b97890595c397504646aa55d4	42	856	1.0	0	1.0	856	93	true	false	eos	92	08081eb97dd46a6e97d0cd97db2252cd5bbb4cfd370be60bd9b620bbebfbb3aa
vae_candidate_000858	sequence_vae	models/generator/sequence_vae/member_a_v1_seed42/best.pt	d2801a2a130928739f44f9726bcb5bbd7be229fadfe2f05fba5d0f6cc87debdf	member_a_v1_conservative_provisional	28e2c439d1946a789cb3a3812d4c54f1cce0502dbfa9429d77c238425b501f30	4664cb809825b7023ad6a8a90b9492f757446b7b97890595c397504646aa55d4	42	857	1.0	0	1.0	857	135	true	false	eos	134	5cbef6625d62a2739967088e20bad7edf85cbaa8ab6dff0146ba9b1f56273425
vae_candidate_000859	sequence_vae	models/generator/sequence_vae/member_a_v1_seed42/best.pt	d2801a2a130928739f44f9726bcb5bbd7be229fadfe2f05fba5d0f6cc87debdf	member_a_v1_conservative_provisional	28e2c439d1946a789cb3a3812d4c54f1cce0502dbfa9429d77c238425b501f30	4664cb809825b7023ad6a8a90b9492f757446b7b97890595c397504646aa55d4	42	858	1.0	0	1.0	858	134	true	false	eos	133	38e3dc73b473ca7f70876c11457beba2c6f4b79bfd8e9e4013ceed8bc64daf97
vae_candidate_000860	sequence_vae	models/generator/sequence_vae/member_a_v1_seed42/best.pt	d2801a2a130928739f44f9726bcb5bbd7be229fadfe2f05fba5d0f6cc87debdf	member_a_v1_conservative_provisional	28e2c439d1946a789cb3a3812d4c54f1cce0502dbfa9429d77c238425b501f30	4664cb809825b7023ad6a8a90b9492f757446b7b97890595c397504646aa55d4	42	859	1.0	0	1.0	859	171	true	false	eos	170	1f4f1763d3daf9681af62c77d778ed91fa70b73afe8fc9bb3d5761a3400cb8e4
vae_candidate_000861	sequence_vae	models/generator/sequence_vae/member_a_v1_seed42/best.pt	d2801a2a130928739f44f9726bcb5bbd7be229fadfe2f05fba5d0f6cc87debdf	member_a_v1_conservative_provisional	28e2c439d1946a789cb3a3812d4c54f1cce0502dbfa9429d77c238425b501f30	4664cb809825b7023ad6a8a90b9492f757446b7b97890595c397504646aa55d4	42	860	1.0	0	1.0	860	120	true	false	eos	119	e9d9faed55f789b7c311a12e02dc929739b85fe77e27feb11324c1cb354f10eb
vae_candidate_000862	sequence_vae	models/generator/sequence_vae/member_a_v1_seed42/best.pt	d2801a2a130928739f44f9726bcb5bbd7be229fadfe2f05fba5d0f6cc87debdf	member_a_v1_conservative_provisional	28e2c439d1946a789cb3a3812d4c54f1cce0502dbfa9429d77c238425b501f30	4664cb809825b7023ad6a8a90b9492f757446b7b97890595c397504646aa55d4	42	861	1.0	0	1.0	861	57	true	false	eos	56	7df19ccea3d18907896fdeffad2f76bd0c01b54f74ece703ea4f88d1694fb600
vae_candidate_000863	sequence_vae	models/generator/sequence_vae/member_a_v1_seed42/best.pt	d2801a2a130928739f44f9726bcb5bbd7be229fadfe2f05fba5d0f6cc87debdf	member_a_v1_conservative_provisional	28e2c439d1946a789cb3a3812d4c54f1cce0502dbfa9429d77c238425b501f30	4664cb809825b7023ad6a8a90b9492f757446b7b97890595c397504646aa55d4	42	862	1.0	0	1.0	862	143	true	false	eos	142	0733124815550b9feb600d841ff59f782bf229804b3bb5498654bdd9d6733cad
vae_candidate_000864	sequence_vae	models/generator/sequence_vae/member_a_v1_seed42/best.pt	d2801a2a130928739f44f9726bcb5bbd7be229fadfe2f05fba5d0f6cc87debdf	member_a_v1_conservative_provisional	28e2c439d1946a789cb3a3812d4c54f1cce0502dbfa9429d77c238425b501f30	4664cb809825b7023ad6a8a90b9492f757446b7b97890595c397504646aa55d4	42	863	1.0	0	1.0	863	140	true	false	eos	139	cea87c1c0017d1266a785a8596bfaac50f236751230e254d17e5dab3887ac065
vae_candidate_000865	sequence_vae	models/generator/sequence_vae/member_a_v1_seed42/best.pt	d2801a2a130928739f44f9726bcb5bbd7be229fadfe2f05fba5d0f6cc87debdf	member_a_v1_conservative_provisional	28e2c439d1946a789cb3a3812d4c54f1cce0502dbfa9429d77c238425b501f30	4664cb809825b7023ad6a8a90b9492f757446b7b97890595c397504646aa55d4	42	864	1.0	0	1.0	864	54	true	false	eos	53	f9990a44679b09fb58e13b9764642c3702230cdb08f71d16d6e95d98e53f3ec3
vae_candidate_000866	sequence_vae	models/generator/sequence_vae/member_a_v1_seed42/best.pt	d2801a2a130928739f44f9726bcb5bbd7be229fadfe2f05fba5d0f6cc87debdf	member_a_v1_conservative_provisional	28e2c439d1946a789cb3a3812d4c54f1cce0502dbfa9429d77c238425b501f30	4664cb809825b7023ad6a8a90b9492f757446b7b97890595c397504646aa55d4	42	865	1.0	0	1.0	865	109	true	false	eos	108	df7a85c960731293bb3cfc991887b88799573b875d9d10587f0e8b4f5231776b
vae_candidate_000867	sequence_vae	models/generator/sequence_vae/member_a_v1_seed42/best.pt	d2801a2a130928739f44f9726bcb5bbd7be229fadfe2f05fba5d0f6cc87debdf	member_a_v1_conservative_provisional	28e2c439d1946a789cb3a3812d4c54f1cce0502dbfa9429d77c238425b501f30	4664cb809825b7023ad6a8a90b9492f757446b7b97890595c397504646aa55d4	42	866	1.0	0	1.0	866	73	true	false	eos	72	b570c2a498556c0e629a760c896eddb8734915821e62ed85c503b78f6a807717
vae_candidate_000868	sequence_vae	models/generator/sequence_vae/member_a_v1_seed42/best.pt	d2801a2a130928739f44f9726bcb5bbd7be229fadfe2f05fba5d0f6cc87debdf	member_a_v1_conservative_provisional	28e2c439d1946a789cb3a3812d4c54f1cce0502dbfa9429d77c238425b501f30	4664cb809825b7023ad6a8a90b9492f757446b7b97890595c397504646aa55d4	42	867	1.0	0	1.0	867	104	true	false	eos	103	8f9e77af16f74d18d4aed6992b197a8a0f5313262f9cb651a121f3b6a18baa49
vae_candidate_000869	sequence_vae	models/generator/sequence_vae/member_a_v1_seed42/best.pt	d2801a2a130928739f44f9726bcb5bbd7be229fadfe2f05fba5d0f6cc87debdf	member_a_v1_conservative_provisional	28e2c439d1946a789cb3a3812d4c54f1cce0502dbfa9429d77c238425b501f30	4664cb809825b7023ad6a8a90b9492f757446b7b97890595c397504646aa55d4	42	868	1.0	0	1.0	868	98	true	false	eos	97	b3b9cb19dd7c43ffc26dd6375653459a223defd1d9192a8dc5fdec04034a018a
vae_candidate_000870	sequence_vae	models/generator/sequence_vae/member_a_v1_seed42/best.pt	d2801a2a130928739f44f9726bcb5bbd7be229fadfe2f05fba5d0f6cc87debdf	member_a_v1_conservative_provisional	28e2c439d1946a789cb3a3812d4c54f1cce0502dbfa9429d77c238425b501f30	4664cb809825b7023ad6a8a90b9492f757446b7b97890595c397504646aa55d4	42	869	1.0	0	1.0	869	113	true	false	eos	112	c9d76e96e73994ac782c30d80d336088df452c21b49fbaa30a3b223f6120e708
vae_candidate_000871	sequence_vae	models/generator/sequence_vae/member_a_v1_seed42/best.pt	d2801a2a130928739f44f9726bcb5bbd7be229fadfe2f05fba5d0f6cc87debdf	member_a_v1_conservative_provisional	28e2c439d1946a789cb3a3812d4c54f1cce0502dbfa9429d77c238425b501f30	4664cb809825b7023ad6a8a90b9492f757446b7b97890595c397504646aa55d4	42	870	1.0	0	1.0	870	76	true	false	eos	75	f1e0e1aae2d5d7d9e19dc74c2cf4fa508e07d7eb94c2d1343e401d5df8def4bc
vae_candidate_000872	sequence_vae	models/generator/sequence_vae/member_a_v1_seed42/best.pt	d2801a2a130928739f44f9726bcb5bbd7be229fadfe2f05fba5d0f6cc87debdf	member_a_v1_conservative_provisional	28e2c439d1946a789cb3a3812d4c54f1cce0502dbfa9429d77c238425b501f30	4664cb809825b7023ad6a8a90b9492f757446b7b97890595c397504646aa55d4	42	871	1.0	0	1.0	871	72	true	false	eos	71	701b1c0f0ac227aca5b8efa137666efd2d6e6476a4fcc97c1e4a0dcd25de5e29
vae_candidate_000873	sequence_vae	models/generator/sequence_vae/member_a_v1_seed42/best.pt	d2801a2a130928739f44f9726bcb5bbd7be229fadfe2f05fba5d0f6cc87debdf	member_a_v1_conservative_provisional	28e2c439d1946a789cb3a3812d4c54f1cce0502dbfa9429d77c238425b501f30	4664cb809825b7023ad6a8a90b9492f757446b7b97890595c397504646aa55d4	42	872	1.0	0	1.0	872	69	true	false	eos	68	8750d03da299549c192fc8dcbf673dd1eaf5c161a99b2be519784e133945e2d9
vae_candidate_000874	sequence_vae	models/generator/sequence_vae/member_a_v1_seed42/best.pt	d2801a2a130928739f44f9726bcb5bbd7be229fadfe2f05fba5d0f6cc87debdf	member_a_v1_conservative_provisional	28e2c439d1946a789cb3a3812d4c54f1cce0502dbfa9429d77c238425b501f30	4664cb809825b7023ad6a8a90b9492f757446b7b97890595c397504646aa55d4	42	873	1.0	0	1.0	873	91	true	false	eos	90	aeb8d1ed799994e3e1d5417c2ce205f4eb077843269a57653de853b498ecc85d
vae_candidate_000875	sequence_vae	models/generator/sequence_vae/member_a_v1_seed42/best.pt	d2801a2a130928739f44f9726bcb5bbd7be229fadfe2f05fba5d0f6cc87debdf	member_a_v1_conservative_provisional	28e2c439d1946a789cb3a3812d4c54f1cce0502dbfa9429d77c238425b501f30	4664cb809825b7023ad6a8a90b9492f757446b7b97890595c397504646aa55d4	42	874	1.0	0	1.0	874	95	true	false	eos	94	abb5b95360d165cee616e91cd6e0ea9611a15609d426a1c2c05f2c1c4d61616a
vae_candidate_000876	sequence_vae	models/generator/sequence_vae/member_a_v1_seed42/best.pt	d2801a2a130928739f44f9726bcb5bbd7be229fadfe2f05fba5d0f6cc87debdf	member_a_v1_conservative_provisional	28e2c439d1946a789cb3a3812d4c54f1cce0502dbfa9429d77c238425b501f30	4664cb809825b7023ad6a8a90b9492f757446b7b97890595c397504646aa55d4	42	875	1.0	0	1.0	875	83	true	false	eos	82	7473a1f66e79ee674ff19cb246275ee2689436bcad8cd11261e17459d30e62d5
vae_candidate_000877	sequence_vae	models/generator/sequence_vae/member_a_v1_seed42/best.pt	d2801a2a130928739f44f9726bcb5bbd7be229fadfe2f05fba5d0f6cc87debdf	member_a_v1_conservative_provisional	28e2c439d1946a789cb3a3812d4c54f1cce0502dbfa9429d77c238425b501f30	4664cb809825b7023ad6a8a90b9492f757446b7b97890595c397504646aa55d4	42	876	1.0	0	1.0	876	67	true	false	eos	66	0ae56149186459a76f10bdc7ea130e999d8d2f5899274644ddb8d61fec4cdb14
vae_candidate_000878	sequence_vae	models/generator/sequence_vae/member_a_v1_seed42/best.pt	d2801a2a130928739f44f9726bcb5bbd7be229fadfe2f05fba5d0f6cc87debdf	member_a_v1_conservative_provisional	28e2c439d1946a789cb3a3812d4c54f1cce0502dbfa9429d77c238425b501f30	4664cb809825b7023ad6a8a90b9492f757446b7b97890595c397504646aa55d4	42	877	1.0	0	1.0	877	70	true	false	eos	69	caa3159d0ec21845d38ccfda85d56b636741897b7e427b17c0da776b1dcc5d73
vae_candidate_000879	sequence_vae	models/generator/sequence_vae/member_a_v1_seed42/best.pt	d2801a2a130928739f44f9726bcb5bbd7be229fadfe2f05fba5d0f6cc87debdf	member_a_v1_conservative_provisional	28e2c439d1946a789cb3a3812d4c54f1cce0502dbfa9429d77c238425b501f30	4664cb809825b7023ad6a8a90b9492f757446b7b97890595c397504646aa55d4	42	878	1.0	0	1.0	878	75	true	false	eos	74	75ae47088dae62e360bfe9bcc0f8a858561b339494e6f5b7eebd08b2023ead9d
vae_candidate_000880	sequence_vae	models/generator/sequence_vae/member_a_v1_seed42/best.pt	d2801a2a130928739f44f9726bcb5bbd7be229fadfe2f05fba5d0f6cc87debdf	member_a_v1_conservative_provisional	28e2c439d1946a789cb3a3812d4c54f1cce0502dbfa9429d77c238425b501f30	4664cb809825b7023ad6a8a90b9492f757446b7b97890595c397504646aa55d4	42	879	1.0	0	1.0	879	131	true	false	eos	130	8feedaf83043353c9b1d0080b453dc2a13d7f276d6b139295daeaeb97b3bba90
vae_candidate_000881	sequence_vae	models/generator/sequence_vae/member_a_v1_seed42/best.pt	d2801a2a130928739f44f9726bcb5bbd7be229fadfe2f05fba5d0f6cc87debdf	member_a_v1_conservative_provisional	28e2c439d1946a789cb3a3812d4c54f1cce0502dbfa9429d77c238425b501f30	4664cb809825b7023ad6a8a90b9492f757446b7b97890595c397504646aa55d4	42	880	1.0	0	1.0	880	112	true	false	eos	111	eabd735fb7bd922b0f8752aa421424aeefdaf5f38629a4e6fb7719bd2a0de670
vae_candidate_000882	sequence_vae	models/generator/sequence_vae/member_a_v1_seed42/best.pt	d2801a2a130928739f44f9726bcb5bbd7be229fadfe2f05fba5d0f6cc87debdf	member_a_v1_conservative_provisional	28e2c439d1946a789cb3a3812d4c54f1cce0502dbfa9429d77c238425b501f30	4664cb809825b7023ad6a8a90b9492f757446b7b97890595c397504646aa55d4	42	881	1.0	0	1.0	881	125	true	false	eos	124	db801ed9053597c33f2972d53072dbcbd3e79bffd9f7a17d37368285d25f6426
vae_candidate_000883	sequence_vae	models/generator/sequence_vae/member_a_v1_seed42/best.pt	d2801a2a130928739f44f9726bcb5bbd7be229fadfe2f05fba5d0f6cc87debdf	member_a_v1_conservative_provisional	28e2c439d1946a789cb3a3812d4c54f1cce0502dbfa9429d77c238425b501f30	4664cb809825b7023ad6a8a90b9492f757446b7b97890595c397504646aa55d4	42	882	1.0	0	1.0	882	93	true	false	eos	92	d43f5e906fb591eb8eb61adec77d07404e98b8b28e0e08b4e8db642bfb62d286
vae_candidate_000884	sequence_vae	models/generator/sequence_vae/member_a_v1_seed42/best.pt	d2801a2a130928739f44f9726bcb5bbd7be229fadfe2f05fba5d0f6cc87debdf	member_a_v1_conservative_provisional	28e2c439d1946a789cb3a3812d4c54f1cce0502dbfa9429d77c238425b501f30	4664cb809825b7023ad6a8a90b9492f757446b7b97890595c397504646aa55d4	42	883	1.0	0	1.0	883	135	true	false	eos	134	2abd1dd3734d37cb28f9344192dff3b92797ff99beafd9615f5738bdd73ec55b
vae_candidate_000885	sequence_vae	models/generator/sequence_vae/member_a_v1_seed42/best.pt	d2801a2a130928739f44f9726bcb5bbd7be229fadfe2f05fba5d0f6cc87debdf	member_a_v1_conservative_provisional	28e2c439d1946a789cb3a3812d4c54f1cce0502dbfa9429d77c238425b501f30	4664cb809825b7023ad6a8a90b9492f757446b7b97890595c397504646aa55d4	42	884	1.0	0	1.0	884	56	true	false	eos	55	946a6ca808b33bda26c7456d3d5f75cb5f1637cfa467fc6b316a653b0254473f
vae_candidate_000886	sequence_vae	models/generator/sequence_vae/member_a_v1_seed42/best.pt	d2801a2a130928739f44f9726bcb5bbd7be229fadfe2f05fba5d0f6cc87debdf	member_a_v1_conservative_provisional	28e2c439d1946a789cb3a3812d4c54f1cce0502dbfa9429d77c238425b501f30	4664cb809825b7023ad6a8a90b9492f757446b7b97890595c397504646aa55d4	42	885	1.0	0	1.0	885	117	true	false	eos	116	cca5bd96a5abafa91e7fc72a3050ba0614d47fc3bdbe9c2bb88cb103161705fa
vae_candidate_000887	sequence_vae	models/generator/sequence_vae/member_a_v1_seed42/best.pt	d2801a2a130928739f44f9726bcb5bbd7be229fadfe2f05fba5d0f6cc87debdf	member_a_v1_conservative_provisional	28e2c439d1946a789cb3a3812d4c54f1cce0502dbfa9429d77c238425b501f30	4664cb809825b7023ad6a8a90b9492f757446b7b97890595c397504646aa55d4	42	886	1.0	0	1.0	886	69	true	false	eos	68	6a201d17cebaf11501b1346ba2bcd6c3d9971b1c009c646318d3307ef9560b26
vae_candidate_000888	sequence_vae	models/generator/sequence_vae/member_a_v1_seed42/best.pt	d2801a2a130928739f44f9726bcb5bbd7be229fadfe2f05fba5d0f6cc87debdf	member_a_v1_conservative_provisional	28e2c439d1946a789cb3a3812d4c54f1cce0502dbfa9429d77c238425b501f30	4664cb809825b7023ad6a8a90b9492f757446b7b97890595c397504646aa55d4	42	887	1.0	0	1.0	887	150	true	false	eos	149	94d525d638d95151b4de229b267eaa7375c51bffed75f7f3186276564dfc4ccb
vae_candidate_000889	sequence_vae	models/generator/sequence_vae/member_a_v1_seed42/best.pt	d2801a2a130928739f44f9726bcb5bbd7be229fadfe2f05fba5d0f6cc87debdf	member_a_v1_conservative_provisional	28e2c439d1946a789cb3a3812d4c54f1cce0502dbfa9429d77c238425b501f30	4664cb809825b7023ad6a8a90b9492f757446b7b97890595c397504646aa55d4	42	888	1.0	0	1.0	888	87	true	false	eos	86	4d15240600ecc4d9adab8e28682ba6406c3bf6b1cd9fc5a61bfd5d86ee373330
vae_candidate_000890	sequence_vae	models/generator/sequence_vae/member_a_v1_seed42/best.pt	d2801a2a130928739f44f9726bcb5bbd7be229fadfe2f05fba5d0f6cc87debdf	member_a_v1_conservative_provisional	28e2c439d1946a789cb3a3812d4c54f1cce0502dbfa9429d77c238425b501f30	4664cb809825b7023ad6a8a90b9492f757446b7b97890595c397504646aa55d4	42	889	1.0	0	1.0	889	136	true	false	eos	135	1a02c2a45b85324391ebac87e04b7641b3ff150e41be988d7a077247c5f3a8cc
vae_candidate_000891	sequence_vae	models/generator/sequence_vae/member_a_v1_seed42/best.pt	d2801a2a130928739f44f9726bcb5bbd7be229fadfe2f05fba5d0f6cc87debdf	member_a_v1_conservative_provisional	28e2c439d1946a789cb3a3812d4c54f1cce0502dbfa9429d77c238425b501f30	4664cb809825b7023ad6a8a90b9492f757446b7b97890595c397504646aa55d4	42	890	1.0	0	1.0	890	81	true	false	eos	80	78b0f3a2b2b68ee341ae17d14a54886495eabd383ba602ff7e5f85140799c6e7
vae_candidate_000892	sequence_vae	models/generator/sequence_vae/member_a_v1_seed42/best.pt	d2801a2a130928739f44f9726bcb5bbd7be229fadfe2f05fba5d0f6cc87debdf	member_a_v1_conservative_provisional	28e2c439d1946a789cb3a3812d4c54f1cce0502dbfa9429d77c238425b501f30	4664cb809825b7023ad6a8a90b9492f757446b7b97890595c397504646aa55d4	42	891	1.0	0	1.0	891	180	false	true	length_cap	180	52211b8597aa3ee2588f8cea719bff9418aa2bcc1c4182d74ed2087bb5ae98f5
vae_candidate_000893	sequence_vae	models/generator/sequence_vae/member_a_v1_seed42/best.pt	d2801a2a130928739f44f9726bcb5bbd7be229fadfe2f05fba5d0f6cc87debdf	member_a_v1_conservative_provisional	28e2c439d1946a789cb3a3812d4c54f1cce0502dbfa9429d77c238425b501f30	4664cb809825b7023ad6a8a90b9492f757446b7b97890595c397504646aa55d4	42	892	1.0	0	1.0	892	118	true	false	eos	117	e0418d8859cb8e82c87632e5f412cc137288a223a5201ad28455d8016dd946e2
vae_candidate_000894	sequence_vae	models/generator/sequence_vae/member_a_v1_seed42/best.pt	d2801a2a130928739f44f9726bcb5bbd7be229fadfe2f05fba5d0f6cc87debdf	member_a_v1_conservative_provisional	28e2c439d1946a789cb3a3812d4c54f1cce0502dbfa9429d77c238425b501f30	4664cb809825b7023ad6a8a90b9492f757446b7b97890595c397504646aa55d4	42	893	1.0	0	1.0	893	140	true	false	eos	139	80d47582a125f6161ae060ee831067b29e9a51085516c39a12acc95d250e1345
vae_candidate_000895	sequence_vae	models/generator/sequence_vae/member_a_v1_seed42/best.pt	d2801a2a130928739f44f9726bcb5bbd7be229fadfe2f05fba5d0f6cc87debdf	member_a_v1_conservative_provisional	28e2c439d1946a789cb3a3812d4c54f1cce0502dbfa9429d77c238425b501f30	4664cb809825b7023ad6a8a90b9492f757446b7b97890595c397504646aa55d4	42	894	1.0	0	1.0	894	73	true	false	eos	72	ae3e200e80e20ea626789747bae49c211374d5200f09b727ca3ec311d4e86935
vae_candidate_000896	sequence_vae	models/generator/sequence_vae/member_a_v1_seed42/best.pt	d2801a2a130928739f44f9726bcb5bbd7be229fadfe2f05fba5d0f6cc87debdf	member_a_v1_conservative_provisional	28e2c439d1946a789cb3a3812d4c54f1cce0502dbfa9429d77c238425b501f30	4664cb809825b7023ad6a8a90b9492f757446b7b97890595c397504646aa55d4	42	895	1.0	0	1.0	895	123	true	false	eos	122	92c52ddb68b9f2dbaa03a03c132e4d71a40294f2c3e4f1ddf206d2e3b0f3c505
vae_candidate_000897	sequence_vae	models/generator/sequence_vae/member_a_v1_seed42/best.pt	d2801a2a130928739f44f9726bcb5bbd7be229fadfe2f05fba5d0f6cc87debdf	member_a_v1_conservative_provisional	28e2c439d1946a789cb3a3812d4c54f1cce0502dbfa9429d77c238425b501f30	4664cb809825b7023ad6a8a90b9492f757446b7b97890595c397504646aa55d4	42	896	1.0	0	1.0	896	56	true	false	eos	55	7f8a096c0a94875e4f541c3923c361223799a521843a5390cf31bc8be340c961
vae_candidate_000898	sequence_vae	models/generator/sequence_vae/member_a_v1_seed42/best.pt	d2801a2a130928739f44f9726bcb5bbd7be229fadfe2f05fba5d0f6cc87debdf	member_a_v1_conservative_provisional	28e2c439d1946a789cb3a3812d4c54f1cce0502dbfa9429d77c238425b501f30	4664cb809825b7023ad6a8a90b9492f757446b7b97890595c397504646aa55d4	42	897	1.0	0	1.0	897	117	true	false	eos	116	8be360d77114fbc18ecbe92fe2936a1f81b54ebd69fc202efdb3a04ea4a7db10
vae_candidate_000899	sequence_vae	models/generator/sequence_vae/member_a_v1_seed42/best.pt	d2801a2a130928739f44f9726bcb5bbd7be229fadfe2f05fba5d0f6cc87debdf	member_a_v1_conservative_provisional	28e2c439d1946a789cb3a3812d4c54f1cce0502dbfa9429d77c238425b501f30	4664cb809825b7023ad6a8a90b9492f757446b7b97890595c397504646aa55d4	42	898	1.0	0	1.0	898	105	true	false	eos	104	05de6a85b151a6b600d1e22d692c4adf363098109f96c94e21210f88c7b874ef
vae_candidate_000900	sequence_vae	models/generator/sequence_vae/member_a_v1_seed42/best.pt	d2801a2a130928739f44f9726bcb5bbd7be229fadfe2f05fba5d0f6cc87debdf	member_a_v1_conservative_provisional	28e2c439d1946a789cb3a3812d4c54f1cce0502dbfa9429d77c238425b501f30	4664cb809825b7023ad6a8a90b9492f757446b7b97890595c397504646aa55d4	42	899	1.0	0	1.0	899	90	true	false	eos	89	00c3e52305cebeb585232daa3807a2c50d3442e1f88be148c74ec535d271b178
vae_candidate_000901	sequence_vae	models/generator/sequence_vae/member_a_v1_seed42/best.pt	d2801a2a130928739f44f9726bcb5bbd7be229fadfe2f05fba5d0f6cc87debdf	member_a_v1_conservative_provisional	28e2c439d1946a789cb3a3812d4c54f1cce0502dbfa9429d77c238425b501f30	4664cb809825b7023ad6a8a90b9492f757446b7b97890595c397504646aa55d4	42	900	1.0	0	1.0	900	98	true	false	eos	97	7e6e24d98c390ff8736f88efd653d88a19e90d9e4cd8579221b1215607b11d49
vae_candidate_000902	sequence_vae	models/generator/sequence_vae/member_a_v1_seed42/best.pt	d2801a2a130928739f44f9726bcb5bbd7be229fadfe2f05fba5d0f6cc87debdf	member_a_v1_conservative_provisional	28e2c439d1946a789cb3a3812d4c54f1cce0502dbfa9429d77c238425b501f30	4664cb809825b7023ad6a8a90b9492f757446b7b97890595c397504646aa55d4	42	901	1.0	0	1.0	901	150	true	false	eos	149	9830d1dede3a9fe5475e7e4b531860b9099c1c11212d3eb396f1a099b6f84bb6
vae_candidate_000903	sequence_vae	models/generator/sequence_vae/member_a_v1_seed42/best.pt	d2801a2a130928739f44f9726bcb5bbd7be229fadfe2f05fba5d0f6cc87debdf	member_a_v1_conservative_provisional	28e2c439d1946a789cb3a3812d4c54f1cce0502dbfa9429d77c238425b501f30	4664cb809825b7023ad6a8a90b9492f757446b7b97890595c397504646aa55d4	42	902	1.0	0	1.0	902	96	true	false	eos	95	aca2abfc6de64d5a9afa9e8ed3e4b890b59444c00f66dec5bd0766213cb619ff
vae_candidate_000904	sequence_vae	models/generator/sequence_vae/member_a_v1_seed42/best.pt	d2801a2a130928739f44f9726bcb5bbd7be229fadfe2f05fba5d0f6cc87debdf	member_a_v1_conservative_provisional	28e2c439d1946a789cb3a3812d4c54f1cce0502dbfa9429d77c238425b501f30	4664cb809825b7023ad6a8a90b9492f757446b7b97890595c397504646aa55d4	42	903	1.0	0	1.0	903	68	true	false	eos	67	bfa524ef5e2f08d76faae767e4afaa60d34387eb3afe70cb32a993ea8e23d9e3
vae_candidate_000905	sequence_vae	models/generator/sequence_vae/member_a_v1_seed42/best.pt	d2801a2a130928739f44f9726bcb5bbd7be229fadfe2f05fba5d0f6cc87debdf	member_a_v1_conservative_provisional	28e2c439d1946a789cb3a3812d4c54f1cce0502dbfa9429d77c238425b501f30	4664cb809825b7023ad6a8a90b9492f757446b7b97890595c397504646aa55d4	42	904	1.0	0	1.0	904	93	true	false	eos	92	3dd00c9183d716848d85329d9c73e90106f5b0093eabf627888ed7c79658f923
vae_candidate_000906	sequence_vae	models/generator/sequence_vae/member_a_v1_seed42/best.pt	d2801a2a130928739f44f9726bcb5bbd7be229fadfe2f05fba5d0f6cc87debdf	member_a_v1_conservative_provisional	28e2c439d1946a789cb3a3812d4c54f1cce0502dbfa9429d77c238425b501f30	4664cb809825b7023ad6a8a90b9492f757446b7b97890595c397504646aa55d4	42	905	1.0	0	1.0	905	73	true	false	eos	72	6faa50ef7527c3d01da2ad690e187bdeb62b3d7cac23336fc53b47b1d585b634
vae_candidate_000907	sequence_vae	models/generator/sequence_vae/member_a_v1_seed42/best.pt	d2801a2a130928739f44f9726bcb5bbd7be229fadfe2f05fba5d0f6cc87debdf	member_a_v1_conservative_provisional	28e2c439d1946a789cb3a3812d4c54f1cce0502dbfa9429d77c238425b501f30	4664cb809825b7023ad6a8a90b9492f757446b7b97890595c397504646aa55d4	42	906	1.0	0	1.0	906	57	true	false	eos	56	22e388b983f8668df8554f0ecd479c9e8b2c88611cd2ba43c21c148cb759b9ca
vae_candidate_000908	sequence_vae	models/generator/sequence_vae/member_a_v1_seed42/best.pt	d2801a2a130928739f44f9726bcb5bbd7be229fadfe2f05fba5d0f6cc87debdf	member_a_v1_conservative_provisional	28e2c439d1946a789cb3a3812d4c54f1cce0502dbfa9429d77c238425b501f30	4664cb809825b7023ad6a8a90b9492f757446b7b97890595c397504646aa55d4	42	907	1.0	0	1.0	907	97	true	false	eos	96	aba7dd779117b9479e3c747cee7d27f257be375eb04f9a4546acb4b26d2cb0a0
vae_candidate_000909	sequence_vae	models/generator/sequence_vae/member_a_v1_seed42/best.pt	d2801a2a130928739f44f9726bcb5bbd7be229fadfe2f05fba5d0f6cc87debdf	member_a_v1_conservative_provisional	28e2c439d1946a789cb3a3812d4c54f1cce0502dbfa9429d77c238425b501f30	4664cb809825b7023ad6a8a90b9492f757446b7b97890595c397504646aa55d4	42	908	1.0	0	1.0	908	106	true	false	eos	105	3d5b2c69068bae4cce3a45aa9944919c59b59253022b7b7961cfbac32c155df4
vae_candidate_000910	sequence_vae	models/generator/sequence_vae/member_a_v1_seed42/best.pt	d2801a2a130928739f44f9726bcb5bbd7be229fadfe2f05fba5d0f6cc87debdf	member_a_v1_conservative_provisional	28e2c439d1946a789cb3a3812d4c54f1cce0502dbfa9429d77c238425b501f30	4664cb809825b7023ad6a8a90b9492f757446b7b97890595c397504646aa55d4	42	909	1.0	0	1.0	909	116	true	false	eos	115	489cbd1c55bed028981620c9ae104a93cc61deaccbb57c39fb15673248360b0f
vae_candidate_000911	sequence_vae	models/generator/sequence_vae/member_a_v1_seed42/best.pt	d2801a2a130928739f44f9726bcb5bbd7be229fadfe2f05fba5d0f6cc87debdf	member_a_v1_conservative_provisional	28e2c439d1946a789cb3a3812d4c54f1cce0502dbfa9429d77c238425b501f30	4664cb809825b7023ad6a8a90b9492f757446b7b97890595c397504646aa55d4	42	910	1.0	0	1.0	910	155	true	false	eos	154	0ade9e9d4264f90b522033c4fa9033da2565020d4540a7ef2b49c103604f7bd0
vae_candidate_000912	sequence_vae	models/generator/sequence_vae/member_a_v1_seed42/best.pt	d2801a2a130928739f44f9726bcb5bbd7be229fadfe2f05fba5d0f6cc87debdf	member_a_v1_conservative_provisional	28e2c439d1946a789cb3a3812d4c54f1cce0502dbfa9429d77c238425b501f30	4664cb809825b7023ad6a8a90b9492f757446b7b97890595c397504646aa55d4	42	911	1.0	0	1.0	911	92	true	false	eos	91	59c908cbd00abbfdfa893315b82d461fdd5157d50a4aa36391fb40fbcd6a0d84
vae_candidate_000913	sequence_vae	models/generator/sequence_vae/member_a_v1_seed42/best.pt	d2801a2a130928739f44f9726bcb5bbd7be229fadfe2f05fba5d0f6cc87debdf	member_a_v1_conservative_provisional	28e2c439d1946a789cb3a3812d4c54f1cce0502dbfa9429d77c238425b501f30	4664cb809825b7023ad6a8a90b9492f757446b7b97890595c397504646aa55d4	42	912	1.0	0	1.0	912	98	true	false	eos	97	6d04e656c4b3aa499cbcfe920276fb025812ffd23f3f983e7ce57507b2da1d3f
vae_candidate_000914	sequence_vae	models/generator/sequence_vae/member_a_v1_seed42/best.pt	d2801a2a130928739f44f9726bcb5bbd7be229fadfe2f05fba5d0f6cc87debdf	member_a_v1_conservative_provisional	28e2c439d1946a789cb3a3812d4c54f1cce0502dbfa9429d77c238425b501f30	4664cb809825b7023ad6a8a90b9492f757446b7b97890595c397504646aa55d4	42	913	1.0	0	1.0	913	99	true	false	eos	98	0bf1aa4c7c9f548c28f0a1f17a83491c20146ab9ce74626081693fb4a4c40c56
vae_candidate_000915	sequence_vae	models/generator/sequence_vae/member_a_v1_seed42/best.pt	d2801a2a130928739f44f9726bcb5bbd7be229fadfe2f05fba5d0f6cc87debdf	member_a_v1_conservative_provisional	28e2c439d1946a789cb3a3812d4c54f1cce0502dbfa9429d77c238425b501f30	4664cb809825b7023ad6a8a90b9492f757446b7b97890595c397504646aa55d4	42	914	1.0	0	1.0	914	69	true	false	eos	68	6d23cb3f99e4119cf4a9ed26176177687fdbb1c9f610df5ed658850e789b48df
vae_candidate_000916	sequence_vae	models/generator/sequence_vae/member_a_v1_seed42/best.pt	d2801a2a130928739f44f9726bcb5bbd7be229fadfe2f05fba5d0f6cc87debdf	member_a_v1_conservative_provisional	28e2c439d1946a789cb3a3812d4c54f1cce0502dbfa9429d77c238425b501f30	4664cb809825b7023ad6a8a90b9492f757446b7b97890595c397504646aa55d4	42	915	1.0	0	1.0	915	100	true	false	eos	99	1dd5e78cf98a8c8050ad7abfabe5281cdb2c991ec43ee77767e24c257fa27685
vae_candidate_000917	sequence_vae	models/generator/sequence_vae/member_a_v1_seed42/best.pt	d2801a2a130928739f44f9726bcb5bbd7be229fadfe2f05fba5d0f6cc87debdf	member_a_v1_conservative_provisional	28e2c439d1946a789cb3a3812d4c54f1cce0502dbfa9429d77c238425b501f30	4664cb809825b7023ad6a8a90b9492f757446b7b97890595c397504646aa55d4	42	916	1.0	0	1.0	916	89	true	false	eos	88	5cecf5a4fb6d46ea9dc3e8be31195968bfb81b75f6e1266c40e71d460b85f402
vae_candidate_000918	sequence_vae	models/generator/sequence_vae/member_a_v1_seed42/best.pt	d2801a2a130928739f44f9726bcb5bbd7be229fadfe2f05fba5d0f6cc87debdf	member_a_v1_conservative_provisional	28e2c439d1946a789cb3a3812d4c54f1cce0502dbfa9429d77c238425b501f30	4664cb809825b7023ad6a8a90b9492f757446b7b97890595c397504646aa55d4	42	917	1.0	0	1.0	917	81	true	false	eos	80	d650d23a2a7c0e48e1806e70a9bfba59fac6a79eea506131f446562c7d6c8919
vae_candidate_000919	sequence_vae	models/generator/sequence_vae/member_a_v1_seed42/best.pt	d2801a2a130928739f44f9726bcb5bbd7be229fadfe2f05fba5d0f6cc87debdf	member_a_v1_conservative_provisional	28e2c439d1946a789cb3a3812d4c54f1cce0502dbfa9429d77c238425b501f30	4664cb809825b7023ad6a8a90b9492f757446b7b97890595c397504646aa55d4	42	918	1.0	0	1.0	918	72	true	false	eos	71	4e6599ab781d09fcc0acf35f1af79861cc9692dc39aaca5e66ea5e0c0e9f4660
vae_candidate_000920	sequence_vae	models/generator/sequence_vae/member_a_v1_seed42/best.pt	d2801a2a130928739f44f9726bcb5bbd7be229fadfe2f05fba5d0f6cc87debdf	member_a_v1_conservative_provisional	28e2c439d1946a789cb3a3812d4c54f1cce0502dbfa9429d77c238425b501f30	4664cb809825b7023ad6a8a90b9492f757446b7b97890595c397504646aa55d4	42	919	1.0	0	1.0	919	153	true	false	eos	152	d291d962aaf0b7b76038446177896de2dfa65fe9ccb223fb7b13ad1cb8bc530f
vae_candidate_000921	sequence_vae	models/generator/sequence_vae/member_a_v1_seed42/best.pt	d2801a2a130928739f44f9726bcb5bbd7be229fadfe2f05fba5d0f6cc87debdf	member_a_v1_conservative_provisional	28e2c439d1946a789cb3a3812d4c54f1cce0502dbfa9429d77c238425b501f30	4664cb809825b7023ad6a8a90b9492f757446b7b97890595c397504646aa55d4	42	920	1.0	0	1.0	920	90	true	false	eos	89	cf9cdc7ea1a1a1abbed73a3e8178ac619ff242c7e3f13f4e1e1ab9b2218a4436
vae_candidate_000922	sequence_vae	models/generator/sequence_vae/member_a_v1_seed42/best.pt	d2801a2a130928739f44f9726bcb5bbd7be229fadfe2f05fba5d0f6cc87debdf	member_a_v1_conservative_provisional	28e2c439d1946a789cb3a3812d4c54f1cce0502dbfa9429d77c238425b501f30	4664cb809825b7023ad6a8a90b9492f757446b7b97890595c397504646aa55d4	42	921	1.0	0	1.0	921	72	true	false	eos	71	19ce2d9f054fdf58fa577b954f27554ddddbd35eafecd74f5ed8ff2cd1a7483e
vae_candidate_000923	sequence_vae	models/generator/sequence_vae/member_a_v1_seed42/best.pt	d2801a2a130928739f44f9726bcb5bbd7be229fadfe2f05fba5d0f6cc87debdf	member_a_v1_conservative_provisional	28e2c439d1946a789cb3a3812d4c54f1cce0502dbfa9429d77c238425b501f30	4664cb809825b7023ad6a8a90b9492f757446b7b97890595c397504646aa55d4	42	922	1.0	0	1.0	922	69	true	false	eos	68	7d2acac64ccd3c6d7e8abe19ddf5f51b4f6f7d0c450c2806cf4454cf647c5ea6
vae_candidate_000924	sequence_vae	models/generator/sequence_vae/member_a_v1_seed42/best.pt	d2801a2a130928739f44f9726bcb5bbd7be229fadfe2f05fba5d0f6cc87debdf	member_a_v1_conservative_provisional	28e2c439d1946a789cb3a3812d4c54f1cce0502dbfa9429d77c238425b501f30	4664cb809825b7023ad6a8a90b9492f757446b7b97890595c397504646aa55d4	42	923	1.0	0	1.0	923	127	true	false	eos	126	1d7c629e05520a9bbde3a0c307a16a483071b2051ab29cbb9dd2d28e5d2e14e5
vae_candidate_000925	sequence_vae	models/generator/sequence_vae/member_a_v1_seed42/best.pt	d2801a2a130928739f44f9726bcb5bbd7be229fadfe2f05fba5d0f6cc87debdf	member_a_v1_conservative_provisional	28e2c439d1946a789cb3a3812d4c54f1cce0502dbfa9429d77c238425b501f30	4664cb809825b7023ad6a8a90b9492f757446b7b97890595c397504646aa55d4	42	924	1.0	0	1.0	924	64	true	false	eos	63	4983473191c10e1632be3f4623417fa972c7d272cbdeb506dfe80a3763a20574
vae_candidate_000926	sequence_vae	models/generator/sequence_vae/member_a_v1_seed42/best.pt	d2801a2a130928739f44f9726bcb5bbd7be229fadfe2f05fba5d0f6cc87debdf	member_a_v1_conservative_provisional	28e2c439d1946a789cb3a3812d4c54f1cce0502dbfa9429d77c238425b501f30	4664cb809825b7023ad6a8a90b9492f757446b7b97890595c397504646aa55d4	42	925	1.0	0	1.0	925	78	true	false	eos	77	58bd73e212f9c79c292e51e4a763d30b02aa7e9246ae684486f731610900d1cf
vae_candidate_000927	sequence_vae	models/generator/sequence_vae/member_a_v1_seed42/best.pt	d2801a2a130928739f44f9726bcb5bbd7be229fadfe2f05fba5d0f6cc87debdf	member_a_v1_conservative_provisional	28e2c439d1946a789cb3a3812d4c54f1cce0502dbfa9429d77c238425b501f30	4664cb809825b7023ad6a8a90b9492f757446b7b97890595c397504646aa55d4	42	926	1.0	0	1.0	926	91	true	false	eos	90	f99d738007b5f4312395573e1dc1144e078961787029fbeaf9836161e2483293
vae_candidate_000928	sequence_vae	models/generator/sequence_vae/member_a_v1_seed42/best.pt	d2801a2a130928739f44f9726bcb5bbd7be229fadfe2f05fba5d0f6cc87debdf	member_a_v1_conservative_provisional	28e2c439d1946a789cb3a3812d4c54f1cce0502dbfa9429d77c238425b501f30	4664cb809825b7023ad6a8a90b9492f757446b7b97890595c397504646aa55d4	42	927	1.0	0	1.0	927	75	true	false	eos	74	4260c1795a39aefee655a37341a51fccc2ac6bb7d6d964b9949971921155cb84
vae_candidate_000929	sequence_vae	models/generator/sequence_vae/member_a_v1_seed42/best.pt	d2801a2a130928739f44f9726bcb5bbd7be229fadfe2f05fba5d0f6cc87debdf	member_a_v1_conservative_provisional	28e2c439d1946a789cb3a3812d4c54f1cce0502dbfa9429d77c238425b501f30	4664cb809825b7023ad6a8a90b9492f757446b7b97890595c397504646aa55d4	42	928	1.0	0	1.0	928	72	true	false	eos	71	07ddb322879563c3017ae277b0ffe185fabb317bf77982b92b1f09548100099d
vae_candidate_000930	sequence_vae	models/generator/sequence_vae/member_a_v1_seed42/best.pt	d2801a2a130928739f44f9726bcb5bbd7be229fadfe2f05fba5d0f6cc87debdf	member_a_v1_conservative_provisional	28e2c439d1946a789cb3a3812d4c54f1cce0502dbfa9429d77c238425b501f30	4664cb809825b7023ad6a8a90b9492f757446b7b97890595c397504646aa55d4	42	929	1.0	0	1.0	929	90	true	false	eos	89	30901ae934754a04a524d7039002a6e9e8b517b4365befa95e415704e9ecebef
vae_candidate_000931	sequence_vae	models/generator/sequence_vae/member_a_v1_seed42/best.pt	d2801a2a130928739f44f9726bcb5bbd7be229fadfe2f05fba5d0f6cc87debdf	member_a_v1_conservative_provisional	28e2c439d1946a789cb3a3812d4c54f1cce0502dbfa9429d77c238425b501f30	4664cb809825b7023ad6a8a90b9492f757446b7b97890595c397504646aa55d4	42	930	1.0	0	1.0	930	88	true	false	eos	87	ab2933f68f1bb761ec8bcfa6e39a3a43ec336211df76f85316adbf78190cf659
vae_candidate_000932	sequence_vae	models/generator/sequence_vae/member_a_v1_seed42/best.pt	d2801a2a130928739f44f9726bcb5bbd7be229fadfe2f05fba5d0f6cc87debdf	member_a_v1_conservative_provisional	28e2c439d1946a789cb3a3812d4c54f1cce0502dbfa9429d77c238425b501f30	4664cb809825b7023ad6a8a90b9492f757446b7b97890595c397504646aa55d4	42	931	1.0	0	1.0	931	68	true	false	eos	67	0f7f215775840f35a7397a05a22fea5ee130213b4760e7d73d9aea7505a36ed5
vae_candidate_000933	sequence_vae	models/generator/sequence_vae/member_a_v1_seed42/best.pt	d2801a2a130928739f44f9726bcb5bbd7be229fadfe2f05fba5d0f6cc87debdf	member_a_v1_conservative_provisional	28e2c439d1946a789cb3a3812d4c54f1cce0502dbfa9429d77c238425b501f30	4664cb809825b7023ad6a8a90b9492f757446b7b97890595c397504646aa55d4	42	932	1.0	0	1.0	932	54	true	false	eos	53	6b57d414c85c12bda45f0d140c06876f922d51703e16f6a7fe517360e9146b10
vae_candidate_000934	sequence_vae	models/generator/sequence_vae/member_a_v1_seed42/best.pt	d2801a2a130928739f44f9726bcb5bbd7be229fadfe2f05fba5d0f6cc87debdf	member_a_v1_conservative_provisional	28e2c439d1946a789cb3a3812d4c54f1cce0502dbfa9429d77c238425b501f30	4664cb809825b7023ad6a8a90b9492f757446b7b97890595c397504646aa55d4	42	933	1.0	0	1.0	933	78	true	false	eos	77	05b6f6881ba3a30533eb2acc188cd0af1491321962f33d7e6b00c8d43907a4bc
vae_candidate_000935	sequence_vae	models/generator/sequence_vae/member_a_v1_seed42/best.pt	d2801a2a130928739f44f9726bcb5bbd7be229fadfe2f05fba5d0f6cc87debdf	member_a_v1_conservative_provisional	28e2c439d1946a789cb3a3812d4c54f1cce0502dbfa9429d77c238425b501f30	4664cb809825b7023ad6a8a90b9492f757446b7b97890595c397504646aa55d4	42	934	1.0	0	1.0	934	72	true	false	eos	71	c1011c1ed24e6fa928a19b4c90b5fb92b0ecd2bd11f32e40cf9c05936d68b591
vae_candidate_000936	sequence_vae	models/generator/sequence_vae/member_a_v1_seed42/best.pt	d2801a2a130928739f44f9726bcb5bbd7be229fadfe2f05fba5d0f6cc87debdf	member_a_v1_conservative_provisional	28e2c439d1946a789cb3a3812d4c54f1cce0502dbfa9429d77c238425b501f30	4664cb809825b7023ad6a8a90b9492f757446b7b97890595c397504646aa55d4	42	935	1.0	0	1.0	935	108	true	false	eos	107	5cd17d658067ba75a924562f95eb98855d1a7f710e7ef261ba0b84a4d58a88c7
vae_candidate_000937	sequence_vae	models/generator/sequence_vae/member_a_v1_seed42/best.pt	d2801a2a130928739f44f9726bcb5bbd7be229fadfe2f05fba5d0f6cc87debdf	member_a_v1_conservative_provisional	28e2c439d1946a789cb3a3812d4c54f1cce0502dbfa9429d77c238425b501f30	4664cb809825b7023ad6a8a90b9492f757446b7b97890595c397504646aa55d4	42	936	1.0	0	1.0	936	143	true	false	eos	142	9579db3f336210a354d97f6a379b7ffe770bbd83e214886d7a46451f7592ac32
vae_candidate_000938	sequence_vae	models/generator/sequence_vae/member_a_v1_seed42/best.pt	d2801a2a130928739f44f9726bcb5bbd7be229fadfe2f05fba5d0f6cc87debdf	member_a_v1_conservative_provisional	28e2c439d1946a789cb3a3812d4c54f1cce0502dbfa9429d77c238425b501f30	4664cb809825b7023ad6a8a90b9492f757446b7b97890595c397504646aa55d4	42	937	1.0	0	1.0	937	76	true	false	eos	75	da69c65c1161145df9e5cff525859de2cef1f69d14c8a1540a6f26ea6a9da0a7
vae_candidate_000939	sequence_vae	models/generator/sequence_vae/member_a_v1_seed42/best.pt	d2801a2a130928739f44f9726bcb5bbd7be229fadfe2f05fba5d0f6cc87debdf	member_a_v1_conservative_provisional	28e2c439d1946a789cb3a3812d4c54f1cce0502dbfa9429d77c238425b501f30	4664cb809825b7023ad6a8a90b9492f757446b7b97890595c397504646aa55d4	42	938	1.0	0	1.0	938	72	true	false	eos	71	0be93820d70adb308c6b0210aca5993495ac08450323f91f65ae35990a963635
vae_candidate_000940	sequence_vae	models/generator/sequence_vae/member_a_v1_seed42/best.pt	d2801a2a130928739f44f9726bcb5bbd7be229fadfe2f05fba5d0f6cc87debdf	member_a_v1_conservative_provisional	28e2c439d1946a789cb3a3812d4c54f1cce0502dbfa9429d77c238425b501f30	4664cb809825b7023ad6a8a90b9492f757446b7b97890595c397504646aa55d4	42	939	1.0	0	1.0	939	107	true	false	eos	106	1f62daaccbce3cf3c7a339e3567a22c2f277757cbb6558575764fd1c2e066564
vae_candidate_000941	sequence_vae	models/generator/sequence_vae/member_a_v1_seed42/best.pt	d2801a2a130928739f44f9726bcb5bbd7be229fadfe2f05fba5d0f6cc87debdf	member_a_v1_conservative_provisional	28e2c439d1946a789cb3a3812d4c54f1cce0502dbfa9429d77c238425b501f30	4664cb809825b7023ad6a8a90b9492f757446b7b97890595c397504646aa55d4	42	940	1.0	0	1.0	940	87	true	false	eos	86	cbc42552937d241895a6f223d81bcc7fd620262ccbc5b03a8093e8a4eceb9390
vae_candidate_000942	sequence_vae	models/generator/sequence_vae/member_a_v1_seed42/best.pt	d2801a2a130928739f44f9726bcb5bbd7be229fadfe2f05fba5d0f6cc87debdf	member_a_v1_conservative_provisional	28e2c439d1946a789cb3a3812d4c54f1cce0502dbfa9429d77c238425b501f30	4664cb809825b7023ad6a8a90b9492f757446b7b97890595c397504646aa55d4	42	941	1.0	0	1.0	941	82	true	false	eos	81	e71bacbd56e675a37ff0bb14a330d8dcec3e452822b01dd58811a4a3175f6d47
vae_candidate_000943	sequence_vae	models/generator/sequence_vae/member_a_v1_seed42/best.pt	d2801a2a130928739f44f9726bcb5bbd7be229fadfe2f05fba5d0f6cc87debdf	member_a_v1_conservative_provisional	28e2c439d1946a789cb3a3812d4c54f1cce0502dbfa9429d77c238425b501f30	4664cb809825b7023ad6a8a90b9492f757446b7b97890595c397504646aa55d4	42	942	1.0	0	1.0	942	100	true	false	eos	99	b959eb2ea5b204209904719ff2da42005fe316e9ce078c2bbedb2a49e8decc42
vae_candidate_000944	sequence_vae	models/generator/sequence_vae/member_a_v1_seed42/best.pt	d2801a2a130928739f44f9726bcb5bbd7be229fadfe2f05fba5d0f6cc87debdf	member_a_v1_conservative_provisional	28e2c439d1946a789cb3a3812d4c54f1cce0502dbfa9429d77c238425b501f30	4664cb809825b7023ad6a8a90b9492f757446b7b97890595c397504646aa55d4	42	943	1.0	0	1.0	943	93	true	false	eos	92	22ad2ed0c9b453620e8ba3d6cb071b17737d69d00f857fb63eac1453e03d7f37
vae_candidate_000945	sequence_vae	models/generator/sequence_vae/member_a_v1_seed42/best.pt	d2801a2a130928739f44f9726bcb5bbd7be229fadfe2f05fba5d0f6cc87debdf	member_a_v1_conservative_provisional	28e2c439d1946a789cb3a3812d4c54f1cce0502dbfa9429d77c238425b501f30	4664cb809825b7023ad6a8a90b9492f757446b7b97890595c397504646aa55d4	42	944	1.0	0	1.0	944	118	true	false	eos	117	21d11c26fb914c75f4d08c88faa3a8e812af830520be30a0aa2533e443f36c36
vae_candidate_000946	sequence_vae	models/generator/sequence_vae/member_a_v1_seed42/best.pt	d2801a2a130928739f44f9726bcb5bbd7be229fadfe2f05fba5d0f6cc87debdf	member_a_v1_conservative_provisional	28e2c439d1946a789cb3a3812d4c54f1cce0502dbfa9429d77c238425b501f30	4664cb809825b7023ad6a8a90b9492f757446b7b97890595c397504646aa55d4	42	945	1.0	0	1.0	945	118	true	false	eos	117	7ac6346f780a7e9e89e619a371b630d407f09016f226f197a8c5824be8ce3a41
vae_candidate_000947	sequence_vae	models/generator/sequence_vae/member_a_v1_seed42/best.pt	d2801a2a130928739f44f9726bcb5bbd7be229fadfe2f05fba5d0f6cc87debdf	member_a_v1_conservative_provisional	28e2c439d1946a789cb3a3812d4c54f1cce0502dbfa9429d77c238425b501f30	4664cb809825b7023ad6a8a90b9492f757446b7b97890595c397504646aa55d4	42	946	1.0	0	1.0	946	171	true	false	eos	170	ee2c146e47afd7c03bdcb93d33827719d3adde258ca70cfb205243eeef3ca618
vae_candidate_000948	sequence_vae	models/generator/sequence_vae/member_a_v1_seed42/best.pt	d2801a2a130928739f44f9726bcb5bbd7be229fadfe2f05fba5d0f6cc87debdf	member_a_v1_conservative_provisional	28e2c439d1946a789cb3a3812d4c54f1cce0502dbfa9429d77c238425b501f30	4664cb809825b7023ad6a8a90b9492f757446b7b97890595c397504646aa55d4	42	947	1.0	0	1.0	947	105	true	false	eos	104	e7dae682b64984c3f4f9cde3f0526632d867d7ef9cf5d83d26730717644171c2
vae_candidate_000949	sequence_vae	models/generator/sequence_vae/member_a_v1_seed42/best.pt	d2801a2a130928739f44f9726bcb5bbd7be229fadfe2f05fba5d0f6cc87debdf	member_a_v1_conservative_provisional	28e2c439d1946a789cb3a3812d4c54f1cce0502dbfa9429d77c238425b501f30	4664cb809825b7023ad6a8a90b9492f757446b7b97890595c397504646aa55d4	42	948	1.0	0	1.0	948	130	true	false	eos	129	016a538307ea11fa26542702e0f24178d26f39254cce1a57e18702b40d5f06c6
vae_candidate_000950	sequence_vae	models/generator/sequence_vae/member_a_v1_seed42/best.pt	d2801a2a130928739f44f9726bcb5bbd7be229fadfe2f05fba5d0f6cc87debdf	member_a_v1_conservative_provisional	28e2c439d1946a789cb3a3812d4c54f1cce0502dbfa9429d77c238425b501f30	4664cb809825b7023ad6a8a90b9492f757446b7b97890595c397504646aa55d4	42	949	1.0	0	1.0	949	115	true	false	eos	114	c1e7ec165e2f41709644462db240e985e99ac4b835f4b9a5abe032d1ea0e3fc2
vae_candidate_000951	sequence_vae	models/generator/sequence_vae/member_a_v1_seed42/best.pt	d2801a2a130928739f44f9726bcb5bbd7be229fadfe2f05fba5d0f6cc87debdf	member_a_v1_conservative_provisional	28e2c439d1946a789cb3a3812d4c54f1cce0502dbfa9429d77c238425b501f30	4664cb809825b7023ad6a8a90b9492f757446b7b97890595c397504646aa55d4	42	950	1.0	0	1.0	950	135	true	false	eos	134	00476fbf511b5819753d95fef44d404e893c47aadc054d2021bb3ab0ac3ed5b2
vae_candidate_000952	sequence_vae	models/generator/sequence_vae/member_a_v1_seed42/best.pt	d2801a2a130928739f44f9726bcb5bbd7be229fadfe2f05fba5d0f6cc87debdf	member_a_v1_conservative_provisional	28e2c439d1946a789cb3a3812d4c54f1cce0502dbfa9429d77c238425b501f30	4664cb809825b7023ad6a8a90b9492f757446b7b97890595c397504646aa55d4	42	951	1.0	0	1.0	951	112	true	false	eos	111	d21b2b1e58914fc915102e3a15252d7ddbfd598a9877ee76acea7638d71f2806
vae_candidate_000953	sequence_vae	models/generator/sequence_vae/member_a_v1_seed42/best.pt	d2801a2a130928739f44f9726bcb5bbd7be229fadfe2f05fba5d0f6cc87debdf	member_a_v1_conservative_provisional	28e2c439d1946a789cb3a3812d4c54f1cce0502dbfa9429d77c238425b501f30	4664cb809825b7023ad6a8a90b9492f757446b7b97890595c397504646aa55d4	42	952	1.0	0	1.0	952	99	true	false	eos	98	01def96d3f3e1281cf279fee5887315dbc21659b21b627d8e6f346ba9d1da891
vae_candidate_000954	sequence_vae	models/generator/sequence_vae/member_a_v1_seed42/best.pt	d2801a2a130928739f44f9726bcb5bbd7be229fadfe2f05fba5d0f6cc87debdf	member_a_v1_conservative_provisional	28e2c439d1946a789cb3a3812d4c54f1cce0502dbfa9429d77c238425b501f30	4664cb809825b7023ad6a8a90b9492f757446b7b97890595c397504646aa55d4	42	953	1.0	0	1.0	953	113	true	false	eos	112	b3386bfb8160ce396c54a0b9f26089ef2057ebd089091f8f6cb5de54cd31c9d9
vae_candidate_000955	sequence_vae	models/generator/sequence_vae/member_a_v1_seed42/best.pt	d2801a2a130928739f44f9726bcb5bbd7be229fadfe2f05fba5d0f6cc87debdf	member_a_v1_conservative_provisional	28e2c439d1946a789cb3a3812d4c54f1cce0502dbfa9429d77c238425b501f30	4664cb809825b7023ad6a8a90b9492f757446b7b97890595c397504646aa55d4	42	954	1.0	0	1.0	954	56	true	false	eos	55	92b37f51c0f433b9f15fc9b4489cacf25f2f1eec5b3a9fcf423a8e64bc14f8ce
vae_candidate_000956	sequence_vae	models/generator/sequence_vae/member_a_v1_seed42/best.pt	d2801a2a130928739f44f9726bcb5bbd7be229fadfe2f05fba5d0f6cc87debdf	member_a_v1_conservative_provisional	28e2c439d1946a789cb3a3812d4c54f1cce0502dbfa9429d77c238425b501f30	4664cb809825b7023ad6a8a90b9492f757446b7b97890595c397504646aa55d4	42	955	1.0	0	1.0	955	96	true	false	eos	95	e28b374ecd88c5391b233cb0d484d3d20f7fe57e5899fb53e69d582b60f8bacc
vae_candidate_000957	sequence_vae	models/generator/sequence_vae/member_a_v1_seed42/best.pt	d2801a2a130928739f44f9726bcb5bbd7be229fadfe2f05fba5d0f6cc87debdf	member_a_v1_conservative_provisional	28e2c439d1946a789cb3a3812d4c54f1cce0502dbfa9429d77c238425b501f30	4664cb809825b7023ad6a8a90b9492f757446b7b97890595c397504646aa55d4	42	956	1.0	0	1.0	956	73	true	false	eos	72	ad4dc6b3de2bed3c3e3ea94567ab412b6cd6dcc5651597f1ce577046421279d1
vae_candidate_000958	sequence_vae	models/generator/sequence_vae/member_a_v1_seed42/best.pt	d2801a2a130928739f44f9726bcb5bbd7be229fadfe2f05fba5d0f6cc87debdf	member_a_v1_conservative_provisional	28e2c439d1946a789cb3a3812d4c54f1cce0502dbfa9429d77c238425b501f30	4664cb809825b7023ad6a8a90b9492f757446b7b97890595c397504646aa55d4	42	957	1.0	0	1.0	957	87	true	false	eos	86	b76b8a2c68ce64888c42c4d80f3a39a07df0b96fc5459d26fd33691383ca4db7
vae_candidate_000959	sequence_vae	models/generator/sequence_vae/member_a_v1_seed42/best.pt	d2801a2a130928739f44f9726bcb5bbd7be229fadfe2f05fba5d0f6cc87debdf	member_a_v1_conservative_provisional	28e2c439d1946a789cb3a3812d4c54f1cce0502dbfa9429d77c238425b501f30	4664cb809825b7023ad6a8a90b9492f757446b7b97890595c397504646aa55d4	42	958	1.0	0	1.0	958	109	true	false	eos	108	9a6b2f7820c9b2b42f6e092ce5b18ce523f5c6ebaf4c2c333e98cccbe650dd89
vae_candidate_000960	sequence_vae	models/generator/sequence_vae/member_a_v1_seed42/best.pt	d2801a2a130928739f44f9726bcb5bbd7be229fadfe2f05fba5d0f6cc87debdf	member_a_v1_conservative_provisional	28e2c439d1946a789cb3a3812d4c54f1cce0502dbfa9429d77c238425b501f30	4664cb809825b7023ad6a8a90b9492f757446b7b97890595c397504646aa55d4	42	959	1.0	0	1.0	959	114	true	false	eos	113	41105ec467703ef33749fb072e71baf15201016af7b9d4a6d7dbf4e004da6791
vae_candidate_000961	sequence_vae	models/generator/sequence_vae/member_a_v1_seed42/best.pt	d2801a2a130928739f44f9726bcb5bbd7be229fadfe2f05fba5d0f6cc87debdf	member_a_v1_conservative_provisional	28e2c439d1946a789cb3a3812d4c54f1cce0502dbfa9429d77c238425b501f30	4664cb809825b7023ad6a8a90b9492f757446b7b97890595c397504646aa55d4	42	960	1.0	0	1.0	960	180	false	true	length_cap	180	c44b716ae573a387a58c71a57edf9822089346c1c1e42b925dea2eb881d3895a
vae_candidate_000962	sequence_vae	models/generator/sequence_vae/member_a_v1_seed42/best.pt	d2801a2a130928739f44f9726bcb5bbd7be229fadfe2f05fba5d0f6cc87debdf	member_a_v1_conservative_provisional	28e2c439d1946a789cb3a3812d4c54f1cce0502dbfa9429d77c238425b501f30	4664cb809825b7023ad6a8a90b9492f757446b7b97890595c397504646aa55d4	42	961	1.0	0	1.0	961	94	true	false	eos	93	2e6160b5195546952b390790ebcc8b95c6a187d1d3c6f5323faa0616b617f6d0
vae_candidate_000963	sequence_vae	models/generator/sequence_vae/member_a_v1_seed42/best.pt	d2801a2a130928739f44f9726bcb5bbd7be229fadfe2f05fba5d0f6cc87debdf	member_a_v1_conservative_provisional	28e2c439d1946a789cb3a3812d4c54f1cce0502dbfa9429d77c238425b501f30	4664cb809825b7023ad6a8a90b9492f757446b7b97890595c397504646aa55d4	42	962	1.0	0	1.0	962	170	true	false	eos	169	35bb5ca234352f1c871bd363e5a134290493d08f611963cb71b9c1b447de830c
vae_candidate_000964	sequence_vae	models/generator/sequence_vae/member_a_v1_seed42/best.pt	d2801a2a130928739f44f9726bcb5bbd7be229fadfe2f05fba5d0f6cc87debdf	member_a_v1_conservative_provisional	28e2c439d1946a789cb3a3812d4c54f1cce0502dbfa9429d77c238425b501f30	4664cb809825b7023ad6a8a90b9492f757446b7b97890595c397504646aa55d4	42	963	1.0	0	1.0	963	104	true	false	eos	103	a8db9f041e0330541374a92d10ae58ceb014f435c6cc6a8d5b700e8b228d14cc
vae_candidate_000965	sequence_vae	models/generator/sequence_vae/member_a_v1_seed42/best.pt	d2801a2a130928739f44f9726bcb5bbd7be229fadfe2f05fba5d0f6cc87debdf	member_a_v1_conservative_provisional	28e2c439d1946a789cb3a3812d4c54f1cce0502dbfa9429d77c238425b501f30	4664cb809825b7023ad6a8a90b9492f757446b7b97890595c397504646aa55d4	42	964	1.0	0	1.0	964	93	true	false	eos	92	4f72254750b56b8638c3793b88cc5bd2a5e2c3486ec30b3b933521ee032c2b26
vae_candidate_000966	sequence_vae	models/generator/sequence_vae/member_a_v1_seed42/best.pt	d2801a2a130928739f44f9726bcb5bbd7be229fadfe2f05fba5d0f6cc87debdf	member_a_v1_conservative_provisional	28e2c439d1946a789cb3a3812d4c54f1cce0502dbfa9429d77c238425b501f30	4664cb809825b7023ad6a8a90b9492f757446b7b97890595c397504646aa55d4	42	965	1.0	0	1.0	965	93	true	false	eos	92	a11f7b94d87017f4f8d10d9a03f51765f5b03cac1af3092bf99f40909ea40115
vae_candidate_000967	sequence_vae	models/generator/sequence_vae/member_a_v1_seed42/best.pt	d2801a2a130928739f44f9726bcb5bbd7be229fadfe2f05fba5d0f6cc87debdf	member_a_v1_conservative_provisional	28e2c439d1946a789cb3a3812d4c54f1cce0502dbfa9429d77c238425b501f30	4664cb809825b7023ad6a8a90b9492f757446b7b97890595c397504646aa55d4	42	966	1.0	0	1.0	966	96	true	false	eos	95	4f30a03192438b5225c5b72859ba45b639302f230b457a6f8e46b17323332233
vae_candidate_000968	sequence_vae	models/generator/sequence_vae/member_a_v1_seed42/best.pt	d2801a2a130928739f44f9726bcb5bbd7be229fadfe2f05fba5d0f6cc87debdf	member_a_v1_conservative_provisional	28e2c439d1946a789cb3a3812d4c54f1cce0502dbfa9429d77c238425b501f30	4664cb809825b7023ad6a8a90b9492f757446b7b97890595c397504646aa55d4	42	967	1.0	0	1.0	967	91	true	false	eos	90	ecbfde81ff77e954d9ae3d266ba257917aaa66b6be16e7bfa8f67dad195ac1bf
vae_candidate_000969	sequence_vae	models/generator/sequence_vae/member_a_v1_seed42/best.pt	d2801a2a130928739f44f9726bcb5bbd7be229fadfe2f05fba5d0f6cc87debdf	member_a_v1_conservative_provisional	28e2c439d1946a789cb3a3812d4c54f1cce0502dbfa9429d77c238425b501f30	4664cb809825b7023ad6a8a90b9492f757446b7b97890595c397504646aa55d4	42	968	1.0	0	1.0	968	91	true	false	eos	90	6b4fa21a5d780c8fff96b830780c3b73b2dade0274521adf31548aab7654630c
vae_candidate_000970	sequence_vae	models/generator/sequence_vae/member_a_v1_seed42/best.pt	d2801a2a130928739f44f9726bcb5bbd7be229fadfe2f05fba5d0f6cc87debdf	member_a_v1_conservative_provisional	28e2c439d1946a789cb3a3812d4c54f1cce0502dbfa9429d77c238425b501f30	4664cb809825b7023ad6a8a90b9492f757446b7b97890595c397504646aa55d4	42	969	1.0	0	1.0	969	74	true	false	eos	73	18126e2fa800e7331201055fe61d84bf6e249c0b3fd3c9f9161bd53f20a6ff0e
vae_candidate_000971	sequence_vae	models/generator/sequence_vae/member_a_v1_seed42/best.pt	d2801a2a130928739f44f9726bcb5bbd7be229fadfe2f05fba5d0f6cc87debdf	member_a_v1_conservative_provisional	28e2c439d1946a789cb3a3812d4c54f1cce0502dbfa9429d77c238425b501f30	4664cb809825b7023ad6a8a90b9492f757446b7b97890595c397504646aa55d4	42	970	1.0	0	1.0	970	87	true	false	eos	86	397edbc3a00ac60dc10e2a1dc676d4db8402e38f2c2230cafcede68d55c65d86
vae_candidate_000972	sequence_vae	models/generator/sequence_vae/member_a_v1_seed42/best.pt	d2801a2a130928739f44f9726bcb5bbd7be229fadfe2f05fba5d0f6cc87debdf	member_a_v1_conservative_provisional	28e2c439d1946a789cb3a3812d4c54f1cce0502dbfa9429d77c238425b501f30	4664cb809825b7023ad6a8a90b9492f757446b7b97890595c397504646aa55d4	42	971	1.0	0	1.0	971	102	true	false	eos	101	0ccd6410e8766c026f87de6a0c7546cadeab3f3e959edd72dab51a969e34a450
vae_candidate_000973	sequence_vae	models/generator/sequence_vae/member_a_v1_seed42/best.pt	d2801a2a130928739f44f9726bcb5bbd7be229fadfe2f05fba5d0f6cc87debdf	member_a_v1_conservative_provisional	28e2c439d1946a789cb3a3812d4c54f1cce0502dbfa9429d77c238425b501f30	4664cb809825b7023ad6a8a90b9492f757446b7b97890595c397504646aa55d4	42	972	1.0	0	1.0	972	156	true	false	eos	155	e72809e7630d6952aef820a66885a220d4bf909e86f41441131e35407d58878b
vae_candidate_000974	sequence_vae	models/generator/sequence_vae/member_a_v1_seed42/best.pt	d2801a2a130928739f44f9726bcb5bbd7be229fadfe2f05fba5d0f6cc87debdf	member_a_v1_conservative_provisional	28e2c439d1946a789cb3a3812d4c54f1cce0502dbfa9429d77c238425b501f30	4664cb809825b7023ad6a8a90b9492f757446b7b97890595c397504646aa55d4	42	973	1.0	0	1.0	973	69	true	false	eos	68	c97c8bedbd7a25d1338aecfbe9f0099b4c99bf96ad8227c17dead869471c95b8
vae_candidate_000975	sequence_vae	models/generator/sequence_vae/member_a_v1_seed42/best.pt	d2801a2a130928739f44f9726bcb5bbd7be229fadfe2f05fba5d0f6cc87debdf	member_a_v1_conservative_provisional	28e2c439d1946a789cb3a3812d4c54f1cce0502dbfa9429d77c238425b501f30	4664cb809825b7023ad6a8a90b9492f757446b7b97890595c397504646aa55d4	42	974	1.0	0	1.0	974	96	true	false	eos	95	041f6a7274ac24b2ffe8b016076df60fd353eddd3d229c1dba09df3183d1d43c
vae_candidate_000976	sequence_vae	models/generator/sequence_vae/member_a_v1_seed42/best.pt	d2801a2a130928739f44f9726bcb5bbd7be229fadfe2f05fba5d0f6cc87debdf	member_a_v1_conservative_provisional	28e2c439d1946a789cb3a3812d4c54f1cce0502dbfa9429d77c238425b501f30	4664cb809825b7023ad6a8a90b9492f757446b7b97890595c397504646aa55d4	42	975	1.0	0	1.0	975	67	true	false	eos	66	e5801935a1af9aa1ad80777037828f74d0fd42962c429634908750a950490d93
vae_candidate_000977	sequence_vae	models/generator/sequence_vae/member_a_v1_seed42/best.pt	d2801a2a130928739f44f9726bcb5bbd7be229fadfe2f05fba5d0f6cc87debdf	member_a_v1_conservative_provisional	28e2c439d1946a789cb3a3812d4c54f1cce0502dbfa9429d77c238425b501f30	4664cb809825b7023ad6a8a90b9492f757446b7b97890595c397504646aa55d4	42	976	1.0	0	1.0	976	111	true	false	eos	110	811df157edac62d5345b95ab1cd8a68dd9596985d167fc9eaea3f497abaa9332
vae_candidate_000978	sequence_vae	models/generator/sequence_vae/member_a_v1_seed42/best.pt	d2801a2a130928739f44f9726bcb5bbd7be229fadfe2f05fba5d0f6cc87debdf	member_a_v1_conservative_provisional	28e2c439d1946a789cb3a3812d4c54f1cce0502dbfa9429d77c238425b501f30	4664cb809825b7023ad6a8a90b9492f757446b7b97890595c397504646aa55d4	42	977	1.0	0	1.0	977	152	true	false	eos	151	ab04f66bad1edc99ded42d1c099bdce9b1023f870e5944812bf855c1b462b5fe
vae_candidate_000979	sequence_vae	models/generator/sequence_vae/member_a_v1_seed42/best.pt	d2801a2a130928739f44f9726bcb5bbd7be229fadfe2f05fba5d0f6cc87debdf	member_a_v1_conservative_provisional	28e2c439d1946a789cb3a3812d4c54f1cce0502dbfa9429d77c238425b501f30	4664cb809825b7023ad6a8a90b9492f757446b7b97890595c397504646aa55d4	42	978	1.0	0	1.0	978	88	true	false	eos	87	56897aca08a2bd2f2a283ebaeee754681e395d35f986df9dc79523cdcfb32dbe
vae_candidate_000980	sequence_vae	models/generator/sequence_vae/member_a_v1_seed42/best.pt	d2801a2a130928739f44f9726bcb5bbd7be229fadfe2f05fba5d0f6cc87debdf	member_a_v1_conservative_provisional	28e2c439d1946a789cb3a3812d4c54f1cce0502dbfa9429d77c238425b501f30	4664cb809825b7023ad6a8a90b9492f757446b7b97890595c397504646aa55d4	42	979	1.0	0	1.0	979	59	true	false	eos	58	72e1fc2733026ae20242a8f8e6f90cbaecbb3d087e27351e4571b06bffd4be1f
vae_candidate_000981	sequence_vae	models/generator/sequence_vae/member_a_v1_seed42/best.pt	d2801a2a130928739f44f9726bcb5bbd7be229fadfe2f05fba5d0f6cc87debdf	member_a_v1_conservative_provisional	28e2c439d1946a789cb3a3812d4c54f1cce0502dbfa9429d77c238425b501f30	4664cb809825b7023ad6a8a90b9492f757446b7b97890595c397504646aa55d4	42	980	1.0	0	1.0	980	86	true	false	eos	85	3f3ce1806bf6746d7b630a268cc565104f8d37cdfc8151dbed28a069af9e17f4
vae_candidate_000982	sequence_vae	models/generator/sequence_vae/member_a_v1_seed42/best.pt	d2801a2a130928739f44f9726bcb5bbd7be229fadfe2f05fba5d0f6cc87debdf	member_a_v1_conservative_provisional	28e2c439d1946a789cb3a3812d4c54f1cce0502dbfa9429d77c238425b501f30	4664cb809825b7023ad6a8a90b9492f757446b7b97890595c397504646aa55d4	42	981	1.0	0	1.0	981	115	true	false	eos	114	9497b30845886ea0363d5ef0a1e0b136a652cbf9b5ce54e25f3d70450c8fe053
vae_candidate_000983	sequence_vae	models/generator/sequence_vae/member_a_v1_seed42/best.pt	d2801a2a130928739f44f9726bcb5bbd7be229fadfe2f05fba5d0f6cc87debdf	member_a_v1_conservative_provisional	28e2c439d1946a789cb3a3812d4c54f1cce0502dbfa9429d77c238425b501f30	4664cb809825b7023ad6a8a90b9492f757446b7b97890595c397504646aa55d4	42	982	1.0	0	1.0	982	74	true	false	eos	73	ad96b723d38f1112179382ba57832471ffcb8f2b77ac0ebf7920985b2ef37610
vae_candidate_000984	sequence_vae	models/generator/sequence_vae/member_a_v1_seed42/best.pt	d2801a2a130928739f44f9726bcb5bbd7be229fadfe2f05fba5d0f6cc87debdf	member_a_v1_conservative_provisional	28e2c439d1946a789cb3a3812d4c54f1cce0502dbfa9429d77c238425b501f30	4664cb809825b7023ad6a8a90b9492f757446b7b97890595c397504646aa55d4	42	983	1.0	0	1.0	983	112	true	false	eos	111	17ae77349ee3c2dac28adbe033db4a4d6baff7a551b3d20c02413ee555a9f652
vae_candidate_000985	sequence_vae	models/generator/sequence_vae/member_a_v1_seed42/best.pt	d2801a2a130928739f44f9726bcb5bbd7be229fadfe2f05fba5d0f6cc87debdf	member_a_v1_conservative_provisional	28e2c439d1946a789cb3a3812d4c54f1cce0502dbfa9429d77c238425b501f30	4664cb809825b7023ad6a8a90b9492f757446b7b97890595c397504646aa55d4	42	984	1.0	0	1.0	984	162	true	false	eos	161	2de19879978ec5c695db022e9b4501c629939f3f3c4243bcbb43002e29567843
vae_candidate_000986	sequence_vae	models/generator/sequence_vae/member_a_v1_seed42/best.pt	d2801a2a130928739f44f9726bcb5bbd7be229fadfe2f05fba5d0f6cc87debdf	member_a_v1_conservative_provisional	28e2c439d1946a789cb3a3812d4c54f1cce0502dbfa9429d77c238425b501f30	4664cb809825b7023ad6a8a90b9492f757446b7b97890595c397504646aa55d4	42	985	1.0	0	1.0	985	101	true	false	eos	100	48aa3f227f162a13b2d77a1089ee74f01ee4fe9788dea04c2766b34e84e9dccf
vae_candidate_000987	sequence_vae	models/generator/sequence_vae/member_a_v1_seed42/best.pt	d2801a2a130928739f44f9726bcb5bbd7be229fadfe2f05fba5d0f6cc87debdf	member_a_v1_conservative_provisional	28e2c439d1946a789cb3a3812d4c54f1cce0502dbfa9429d77c238425b501f30	4664cb809825b7023ad6a8a90b9492f757446b7b97890595c397504646aa55d4	42	986	1.0	0	1.0	986	149	true	false	eos	148	6397c8f7524f347dc28370b8eb9d66ab84daede03953b8f35ba7b212d9739177
vae_candidate_000988	sequence_vae	models/generator/sequence_vae/member_a_v1_seed42/best.pt	d2801a2a130928739f44f9726bcb5bbd7be229fadfe2f05fba5d0f6cc87debdf	member_a_v1_conservative_provisional	28e2c439d1946a789cb3a3812d4c54f1cce0502dbfa9429d77c238425b501f30	4664cb809825b7023ad6a8a90b9492f757446b7b97890595c397504646aa55d4	42	987	1.0	0	1.0	987	85	true	false	eos	84	cf9170aaa0c98fee4d8d1c8dfaa790cd40428311c572e8967325f1dfd412a225
vae_candidate_000989	sequence_vae	models/generator/sequence_vae/member_a_v1_seed42/best.pt	d2801a2a130928739f44f9726bcb5bbd7be229fadfe2f05fba5d0f6cc87debdf	member_a_v1_conservative_provisional	28e2c439d1946a789cb3a3812d4c54f1cce0502dbfa9429d77c238425b501f30	4664cb809825b7023ad6a8a90b9492f757446b7b97890595c397504646aa55d4	42	988	1.0	0	1.0	988	121	true	false	eos	120	2d6504dbf5369ce265f32e113f66fbc7442acd808792eb66ce95407c5642c402
vae_candidate_000990	sequence_vae	models/generator/sequence_vae/member_a_v1_seed42/best.pt	d2801a2a130928739f44f9726bcb5bbd7be229fadfe2f05fba5d0f6cc87debdf	member_a_v1_conservative_provisional	28e2c439d1946a789cb3a3812d4c54f1cce0502dbfa9429d77c238425b501f30	4664cb809825b7023ad6a8a90b9492f757446b7b97890595c397504646aa55d4	42	989	1.0	0	1.0	989	180	false	true	length_cap	180	e41aacbc40d9698ef06efee2a218524d2bf1e08abea830b100f4d77bac5fbe84
vae_candidate_000991	sequence_vae	models/generator/sequence_vae/member_a_v1_seed42/best.pt	d2801a2a130928739f44f9726bcb5bbd7be229fadfe2f05fba5d0f6cc87debdf	member_a_v1_conservative_provisional	28e2c439d1946a789cb3a3812d4c54f1cce0502dbfa9429d77c238425b501f30	4664cb809825b7023ad6a8a90b9492f757446b7b97890595c397504646aa55d4	42	990	1.0	0	1.0	990	118	true	false	eos	117	6e28487735b244b096795ae41e0a6159ee7fb8a6603b3cfa90e25ab32019d5ec
vae_candidate_000992	sequence_vae	models/generator/sequence_vae/member_a_v1_seed42/best.pt	d2801a2a130928739f44f9726bcb5bbd7be229fadfe2f05fba5d0f6cc87debdf	member_a_v1_conservative_provisional	28e2c439d1946a789cb3a3812d4c54f1cce0502dbfa9429d77c238425b501f30	4664cb809825b7023ad6a8a90b9492f757446b7b97890595c397504646aa55d4	42	991	1.0	0	1.0	991	67	true	false	eos	66	52d54646c5997a16847ff0e56befe899d743c25dab1d186e4a0d0e3bd9fac3ab
vae_candidate_000993	sequence_vae	models/generator/sequence_vae/member_a_v1_seed42/best.pt	d2801a2a130928739f44f9726bcb5bbd7be229fadfe2f05fba5d0f6cc87debdf	member_a_v1_conservative_provisional	28e2c439d1946a789cb3a3812d4c54f1cce0502dbfa9429d77c238425b501f30	4664cb809825b7023ad6a8a90b9492f757446b7b97890595c397504646aa55d4	42	992	1.0	0	1.0	992	130	true	false	eos	129	0cef4128387f920221841a0ea0fd271b726940bdcc4f3ddc6598b1b618ea8536
vae_candidate_000994	sequence_vae	models/generator/sequence_vae/member_a_v1_seed42/best.pt	d2801a2a130928739f44f9726bcb5bbd7be229fadfe2f05fba5d0f6cc87debdf	member_a_v1_conservative_provisional	28e2c439d1946a789cb3a3812d4c54f1cce0502dbfa9429d77c238425b501f30	4664cb809825b7023ad6a8a90b9492f757446b7b97890595c397504646aa55d4	42	993	1.0	0	1.0	993	101	true	false	eos	100	722f97a1cf1ddd610bff3ec85725e679c53cc0a36a75c247f89b5f93644cd343
vae_candidate_000995	sequence_vae	models/generator/sequence_vae/member_a_v1_seed42/best.pt	d2801a2a130928739f44f9726bcb5bbd7be229fadfe2f05fba5d0f6cc87debdf	member_a_v1_conservative_provisional	28e2c439d1946a789cb3a3812d4c54f1cce0502dbfa9429d77c238425b501f30	4664cb809825b7023ad6a8a90b9492f757446b7b97890595c397504646aa55d4	42	994	1.0	0	1.0	994	94	true	false	eos	93	79c5509defba57a73b471ee581c1edef7453cbb251e1d37bad050ea96f1193dd
vae_candidate_000996	sequence_vae	models/generator/sequence_vae/member_a_v1_seed42/best.pt	d2801a2a130928739f44f9726bcb5bbd7be229fadfe2f05fba5d0f6cc87debdf	member_a_v1_conservative_provisional	28e2c439d1946a789cb3a3812d4c54f1cce0502dbfa9429d77c238425b501f30	4664cb809825b7023ad6a8a90b9492f757446b7b97890595c397504646aa55d4	42	995	1.0	0	1.0	995	63	true	false	eos	62	95dc5749aa1378541e7ba75839ef53427e3fab5c03bbda16514aba58cef007a2
vae_candidate_000997	sequence_vae	models/generator/sequence_vae/member_a_v1_seed42/best.pt	d2801a2a130928739f44f9726bcb5bbd7be229fadfe2f05fba5d0f6cc87debdf	member_a_v1_conservative_provisional	28e2c439d1946a789cb3a3812d4c54f1cce0502dbfa9429d77c238425b501f30	4664cb809825b7023ad6a8a90b9492f757446b7b97890595c397504646aa55d4	42	996	1.0	0	1.0	996	104	true	false	eos	103	d4a2c607000048bcbbc6945ed814db2077ac2860e579812d39a2f53b09f0b26a
vae_candidate_000998	sequence_vae	models/generator/sequence_vae/member_a_v1_seed42/best.pt	d2801a2a130928739f44f9726bcb5bbd7be229fadfe2f05fba5d0f6cc87debdf	member_a_v1_conservative_provisional	28e2c439d1946a789cb3a3812d4c54f1cce0502dbfa9429d77c238425b501f30	4664cb809825b7023ad6a8a90b9492f757446b7b97890595c397504646aa55d4	42	997	1.0	0	1.0	997	130	true	false	eos	129	293f20b4f7b92ab2399b79762e00dddecf7776fd9468050c1b6501f29e90a7f4
vae_candidate_000999	sequence_vae	models/generator/sequence_vae/member_a_v1_seed42/best.pt	d2801a2a130928739f44f9726bcb5bbd7be229fadfe2f05fba5d0f6cc87debdf	member_a_v1_conservative_provisional	28e2c439d1946a789cb3a3812d4c54f1cce0502dbfa9429d77c238425b501f30	4664cb809825b7023ad6a8a90b9492f757446b7b97890595c397504646aa55d4	42	998	1.0	0	1.0	998	75	true	false	eos	74	ee720de53aa1ab516401c384d76ac368972954a5ceb6b70d2c3cb640f6ef0c27
vae_candidate_001000	sequence_vae	models/generator/sequence_vae/member_a_v1_seed42/best.pt	d2801a2a130928739f44f9726bcb5bbd7be229fadfe2f05fba5d0f6cc87debdf	member_a_v1_conservative_provisional	28e2c439d1946a789cb3a3812d4c54f1cce0502dbfa9429d77c238425b501f30	4664cb809825b7023ad6a8a90b9492f757446b7b97890595c397504646aa55d4	42	999	1.0	0	1.0	999	67	true	false	eos	66	c39dc756c3cb3e9969dd1fd3ff6d964e8c070e5e1e5e70658358c76146f1ebf5
