sequence_id	split	cluster_id	length	sequence_sha256	source_path	source_id	source_header	annotation_support	family_verification_status
ref_000001	train	cluster_000226	72	91f552b9f84853c37285e8ec0883b5170258f814bb6ffb90d6de28cb0f3c10ba	data/raw/t05/gvpa/GvpA_RefSeq.fasta	WP_011429717|gvpA|protein	WP_011429717|gvpA|protein	explicit_gvpa_source_label	pending_competitive_gvpa_gvpj_verification
ref_000002	train	cluster_000083	143	b55ecf6ba9a45824ac0902d9417c3d45586c40e90b417ea9d3dd2efec02697a5	data/raw/t05/gvpa/GvpA_RefSeq.fasta	WP_201675936|gvpA|protein	WP_201675936|gvpA|protein	explicit_gvpa_source_label	pending_competitive_gvpa_gvpj_verification
ref_000003	train	cluster_000166	98	3a3fe29b7daaadaf3131edb18ea6ffdc6cb6eef2fb4b06ffffa81866f20a1290	data/raw/t05/gvpa/GvpA_RefSeq.fasta	WP_011523206|gvpA|protein	WP_011523206|gvpA|protein	explicit_gvpa_source_label	pending_competitive_gvpa_gvpj_verification
ref_000004	train	cluster_000359	73	291571f679284e1c6455963717615530ae130d29db41fb93abfacd00fa90ad20	data/raw/t05/gvpa/GvpA_RefSeq.fasta	WP_212716182|gvpA|protein	WP_212716182|gvpA|protein	explicit_gvpa_source_label	pending_competitive_gvpa_gvpj_verification
ref_000005	validation	cluster_000312	82	419538444627b50496c73c8cf28e7a1950e49971cfa5cb42c07430d39eb23bd3	data/raw/t05/gvpa/GvpA_RefSeq.fasta	WP_022949487|gvpA|protein	WP_022949487|gvpA|protein	explicit_gvpa_source_label	pending_competitive_gvpa_gvpj_verification
ref_000006	train	cluster_000267	86	d5b00906bcc6e7ee2601548874eb49cd8eb278fe52c5928828ab442fa2ac7bd2	data/raw/t05/gvpa/GvpA_RefSeq.fasta	WP_456223989|gvpA|protein	WP_456223989|gvpA|protein	explicit_gvpa_source_label	pending_competitive_gvpa_gvpj_verification
ref_000007	train	cluster_000308	83	cd15fd2a214ac9570bfd13751ddd824061d5d55bc28fc3df3c1367b97c80a108	data/raw/t05/gvpa/GvpA_RefSeq.fasta	WP_233491533|gvpA|protein	WP_233491533|gvpA|protein	explicit_gvpa_source_label	pending_competitive_gvpa_gvpj_verification
ref_000008	train	cluster_000340	74	771e7534b299c23ea1f3fc11e557badf6e75402cafa8692f174709dbd4f60e34	data/raw/t05/gvpa/GvpA_RefSeq.fasta	WP_207637540|gvpA|protein	WP_207637540|gvpA|protein	explicit_gvpa_source_label	pending_competitive_gvpa_gvpj_verification
ref_000009	train	cluster_000144	116	b017d8236271e13a1522a8ef3c3e41b212de7d09a483ea1ebbfd4dee7dac5625	data/raw/t05/gvpa/GvpA_RefSeq.fasta	WP_316679069|gvpA|protein	WP_316679069|gvpA|protein	explicit_gvpa_source_label	pending_competitive_gvpa_gvpj_verification
ref_000010	train	cluster_000389	70	eccab6536bed142192aa8ae35f75a35f64e1e978ec751eee4b6251731c6ee4f8	data/raw/t05/gvpa/GvpA_RefSeq.fasta	WP_213372596|gvpA|protein	WP_213372596|gvpA|protein	explicit_gvpa_source_label	pending_competitive_gvpa_gvpj_verification
ref_000011	validation	cluster_000342	72	be9809bb1f91644c1e431f6b48e4a4183d550ce2f80f162d11f698b4c92e1824	data/raw/t05/gvpa/GvpA_RefSeq.fasta	WP_007357596|gvpA|protein	WP_007357596|gvpA|protein	explicit_gvpa_source_label	pending_competitive_gvpa_gvpj_verification
ref_000012	validation	cluster_000342	72	622c716866d2133b80f2821fd0bc4b15c8a3872f04f569b358001ba249e094bc	data/raw/t05/gvpa/GvpA_RefSeq.fasta	WP_265902100|gvpA|protein	WP_265902100|gvpA|protein	explicit_gvpa_source_label	pending_competitive_gvpa_gvpj_verification
ref_000013	train	cluster_000201	92	bbaedab282a048e849b5f7ba2a3fd16f9f5e2f612426ba2ccdfdd490ac6b80dc	data/raw/t05/gvpa/GvpA_RefSeq.fasta	WP_449053447|gvpA|protein	WP_449053447|gvpA|protein	explicit_gvpa_source_label	pending_competitive_gvpa_gvpj_verification
ref_000014	train	cluster_000226	72	d9b32c93cd099c72a9565d0d1d751944285fef4f2523b73e02fca6dad757ad3d	data/raw/t05/gvpa/GvpA_RefSeq.fasta	WP_446859740|gvpA|protein	WP_446859740|gvpA|protein	explicit_gvpa_source_label	pending_competitive_gvpa_gvpj_verification
ref_000015	train	cluster_000318	72	fd161dfe59366687c2f2851a7085607a1a49850277ce6c989d8f377546025ebe	data/raw/t05/gvpa/GvpA_RefSeq.fasta	WP_017721733|gvpA|protein	WP_017721733|gvpA|protein	explicit_gvpa_source_label	pending_competitive_gvpa_gvpj_verification
ref_000016	train	cluster_000318	72	2e707b0ae8b0c69feb2eb75166178922a33851e0022ed4c173447055ed769eb8	data/raw/t05/gvpa/GvpA_RefSeq.fasta	WP_017721725|gvpA|protein	WP_017721725|gvpA|protein	explicit_gvpa_source_label	pending_competitive_gvpa_gvpj_verification
ref_000017	train	cluster_000322	78	39696a92cfeac6f208a255a5ec1c7cae2a4ce2a68c1bd57acb083ca27b8585bb	data/raw/t05/gvpa/GvpA_RefSeq.fasta	WP_004056706|gvpA|protein	WP_004056706|gvpA|protein	explicit_gvpa_source_label	pending_competitive_gvpa_gvpj_verification
ref_000018	train	cluster_000168	97	7577017d2109753dbbe7029d3485d0d19c0610f0a962738329206f6c25a2e3bc	data/raw/t05/gvpa/GvpA_RefSeq.fasta	WP_394584192|gvpA|protein	WP_394584192|gvpA|protein	explicit_gvpa_source_label	pending_competitive_gvpa_gvpj_verification
ref_000019	test	cluster_000178	93	a36a3359d46f89a3e9c6d339b24da5b9e7b56e875526568f984c4d9d61c9bfca	data/raw/t05/gvpa/GvpA_RefSeq.fasta	WP_138244856|gvpA|protein	WP_138244856|gvpA|protein	explicit_gvpa_source_label	pending_competitive_gvpa_gvpj_verification
ref_000020	train	cluster_000200	88	5d20e8974d28b202ff3e6522190fdbf27c7ec35790b334b7bfc0964dd160f003	data/raw/t05/gvpa/GvpA_RefSeq.fasta	WP_427576720|gvpA|protein	WP_427576720|gvpA|protein	explicit_gvpa_source_label	pending_competitive_gvpa_gvpj_verification
ref_000021	train	cluster_000201	92	728d4a20bb169ff7ae2861700c0866b80279630b2ad500072229c4d700f14351	data/raw/t05/gvpa/GvpA_RefSeq.fasta	WP_427090790|gvpA|protein	WP_427090790|gvpA|protein	explicit_gvpa_source_label	pending_competitive_gvpa_gvpj_verification
ref_000022	train	cluster_000348	74	b3e7eac10f741058a688bc7d62c0f50b5a15ad09caae40e59b5e7155d1011066	data/raw/t05/gvpa/GvpA_RefSeq.fasta	WP_426749826|gvpA|protein	WP_426749826|gvpA|protein	explicit_gvpa_source_label	pending_competitive_gvpa_gvpj_verification
ref_000023	train	cluster_000201	92	b06d07bf5a6f8cc59b307cc74668a4565b178a5b51a0e3498d4c26987650035e	data/raw/t05/gvpa/GvpA_RefSeq.fasta	WP_426659139|gvpA|protein	WP_426659139|gvpA|protein	explicit_gvpa_source_label	pending_competitive_gvpa_gvpj_verification
ref_000024	train	cluster_000318	80	9896810d394d4d1edf15ff02a5ebe1a5ce22578a398bf69c24333fb0d1e948a5	data/raw/t05/gvpa/GvpA_RefSeq.fasta	WP_431193991|gvpA|protein	WP_431193991|gvpA|protein	explicit_gvpa_source_label	pending_competitive_gvpa_gvpj_verification
ref_000025	train	cluster_000309	83	910f1df4ae7a7e4e12922ebde6fee24297fb90f39eea052693cdac7ba54d0304	data/raw/t05/gvpa/GvpA_RefSeq.fasta	WP_430140347|gvpA|protein	WP_430140347|gvpA|protein	explicit_gvpa_source_label	pending_competitive_gvpa_gvpj_verification
ref_000026	train	cluster_000200	90	17718ba432b9ffbaf06b1bb2b0b2bb7a8824f8f4fa1fc5d630b80747312e1252	data/raw/t05/gvpa/GvpA_RefSeq.fasta	WP_430127181|gvpA|protein	WP_430127181|gvpA|protein	explicit_gvpa_source_label	pending_competitive_gvpa_gvpj_verification
ref_000027	train	cluster_000228	89	ac016806c065e58141c3b0882b333b9894e53396b76c57e421d12cc3fee9d207	data/raw/t05/gvpa/GvpA_RefSeq.fasta	WP_430006374|gvpA|protein	WP_430006374|gvpA|protein	explicit_gvpa_source_label	pending_competitive_gvpa_gvpj_verification
ref_000028	train	cluster_000318	70	0fc8bfe28907ef9fa5eb6ba06eadb9186ee00c3cd615714110e142bfd5e0793d	data/raw/t05/gvpa/GvpA_RefSeq.fasta	WP_428089254|gvpA|protein	WP_428089254|gvpA|protein	explicit_gvpa_source_label	pending_competitive_gvpa_gvpj_verification
ref_000029	train	cluster_000231	87	58552353178d8fa2f36f7b3daafc17974c1edbc48383f9691809dca7f0067bba	data/raw/t05/gvpa/GvpA_RefSeq.fasta	WP_221567456|gvpA|protein	WP_221567456|gvpA|protein	explicit_gvpa_source_label	pending_competitive_gvpa_gvpj_verification
ref_000030	test	cluster_000295	85	9a9380d4b10b8ef49e08d8cdcb310b72b0898e2b53118fc0ebf7fc13e6851c59	data/raw/t05/gvpa/GvpA_RefSeq.fasta	WP_443143372|gvpA|protein	WP_443143372|gvpA|protein	explicit_gvpa_source_label	pending_competitive_gvpa_gvpj_verification
ref_000031	train	cluster_000160	92	969159e68bc0479327cf12527c848f43e276e0d12b14db7fde40332a3c5adbe5	data/raw/t05/gvpa/GvpA_RefSeq.fasta	WP_128525920|gvpA|protein	WP_128525920|gvpA|protein	explicit_gvpa_source_label	pending_competitive_gvpa_gvpj_verification
ref_000032	train	cluster_000405	69	484b097725196d6613d9eef612aabe13e2fc6914100808e8038b38b39a3ebbaa	data/raw/t05/gvpa/GvpA_RefSeq.fasta	WP_257743183|gvpA|protein	WP_257743183|gvpA|protein	explicit_gvpa_source_label	pending_competitive_gvpa_gvpj_verification
ref_000033	train	cluster_000236	88	8d9ebc646f6fec623f00ceeb9030112286df2d5d8f0f5344df448c0444b19877	data/raw/t05/gvpa/GvpA_RefSeq.fasta	WP_342825632|gvpA|protein	WP_342825632|gvpA|protein	explicit_gvpa_source_label	pending_competitive_gvpa_gvpj_verification
ref_000034	train	cluster_000318	72	54de16dcd0555acdee27e23bffaee616a31d423e9e0c7d09bc1668199d1ac85a	data/raw/t05/gvpa/GvpA_RefSeq.fasta	WP_330483830|gvpA|protein	WP_330483830|gvpA|protein	explicit_gvpa_source_label	pending_competitive_gvpa_gvpj_verification
ref_000035	train	cluster_000318	80	7cb4966ababb293a7db4a703483439d33c99a78a5a6366c84547d2b67a710fd5	data/raw/t05/gvpa/GvpA_RefSeq.fasta	WP_425589715|gvpA|protein	WP_425589715|gvpA|protein	explicit_gvpa_source_label	pending_competitive_gvpa_gvpj_verification
ref_000036	validation	cluster_000342	73	4c06fdcd9b94ab517ef7d85c35ac9fe42722fa104e03d232f9906a1962e98808	data/raw/t05/gvpa/GvpA_RefSeq.fasta	WP_015164085|gvpA|protein	WP_015164085|gvpA|protein	explicit_gvpa_source_label	pending_competitive_gvpa_gvpj_verification
ref_000037	train	cluster_000318	80	de1520359c3cd2badb80f957511e46579741fc7dd176bf9ab7bd48d3e9492cb6	data/raw/t05/gvpa/GvpA_RefSeq.fasta	WP_425311603|gvpA|protein	WP_425311603|gvpA|protein	explicit_gvpa_source_label	pending_competitive_gvpa_gvpj_verification
ref_000038	test	cluster_000178	95	49d3875a5ef4bbb644f930139f267d2cc4e3bdfbfd30dde28aab18149bc1f254	data/raw/t05/gvpa/GvpA_RefSeq.fasta	WP_436344290|gvpA|protein	WP_436344290|gvpA|protein	explicit_gvpa_source_label	pending_competitive_gvpa_gvpj_verification
ref_000039	train	cluster_000341	75	1e070d0d2387bb202235dd365948f4b25f48059ea4c98d3578571e9cd7eb12bb	data/raw/t05/gvpa/GvpA_RefSeq.fasta	WP_440955508|gvpA|protein	WP_440955508|gvpA|protein	explicit_gvpa_source_label	pending_competitive_gvpa_gvpj_verification
ref_000040	test	cluster_000178	95	38cb7bda240a833d36b384add457f6a14c4bac92c8bfa58639724187005025d1	data/raw/t05/gvpa/GvpA_RefSeq.fasta	WP_440769334|gvpA|protein	WP_440769334|gvpA|protein	explicit_gvpa_source_label	pending_competitive_gvpa_gvpj_verification
ref_000041	train	cluster_000179	95	3dcd4bf22b7bbdb49d82bd3c0ad5243535489009f84e98c6150ccd4e5dc08f1d	data/raw/t05/gvpa/GvpA_RefSeq.fasta	WP_440765493|gvpA|protein	WP_440765493|gvpA|protein	explicit_gvpa_source_label	pending_competitive_gvpa_gvpj_verification
ref_000042	train	cluster_000179	95	8f3e753527c876cd94f0f40735a536faf3fc90a3524a79b993b998a48495383b	data/raw/t05/gvpa/GvpA_RefSeq.fasta	WP_124192755|gvpA|protein	WP_124192755|gvpA|protein	explicit_gvpa_source_label	pending_competitive_gvpa_gvpj_verification
ref_000043	validation	cluster_000342	75	a36db64a1cae19ba84f5736ecad9f699b8c418df17453e6097baf0fe98e55ea5	data/raw/t05/gvpa/GvpA_RefSeq.fasta	WP_069965561|gvpA|protein	WP_069965561|gvpA|protein	explicit_gvpa_source_label	pending_competitive_gvpa_gvpj_verification
ref_000044	train	cluster_000310	83	8029e604ce9dbbf533bc34063c6ae4a15adebb3aec2e326641ead510af02f069	data/raw/t05/gvpa/GvpA_RefSeq.fasta	WP_433627171|gvpA|protein	WP_433627171|gvpA|protein	explicit_gvpa_source_label	pending_competitive_gvpa_gvpj_verification
ref_000045	train	cluster_000310	83	a95d48deca9746ef575ec2c96132f2d3026053b85173ca7aeafa62b090fafe87	data/raw/t05/gvpa/GvpA_RefSeq.fasta	WP_113279097|gvpA|protein	WP_113279097|gvpA|protein	explicit_gvpa_source_label	pending_competitive_gvpa_gvpj_verification
ref_000046	train	cluster_000346	72	8f7aa09afb9d7c3cc2eb21e2c36d3651a0b1d0bb140446aa99cfc1a96f4de3ce	data/raw/t05/gvpa/GvpA_RefSeq.fasta	WP_006616598|gvpA|protein	WP_006616598|gvpA|protein	explicit_gvpa_source_label	pending_competitive_gvpa_gvpj_verification
ref_000047	train	cluster_000366	72	c0e3f34d82aab8fda8726713aa4d0f05d8d0c58a7216b71e0372b7862d480ca1	data/raw/t05/gvpa/GvpA_RefSeq.fasta	WP_168048067|gvpA|protein	WP_168048067|gvpA|protein	explicit_gvpa_source_label	pending_competitive_gvpa_gvpj_verification
ref_000048	train	cluster_000184	95	144165ea4d3ea8a64b2e97fd557e53d485b05e168aefc547e39ea8dc8fed59dd	data/raw/t05/gvpa/GvpA_RefSeq.fasta	WP_436345017|gvpA|protein	WP_436345017|gvpA|protein	explicit_gvpa_source_label	pending_competitive_gvpa_gvpj_verification
ref_000049	train	cluster_000223	87	86d5d5d3761caa2bee10b54644a925b5b984756881a0c293ecddc246f152bd18	data/raw/t05/gvpa/GvpA_RefSeq.fasta	WP_110939071|gvpA|protein	WP_110939071|gvpA|protein	explicit_gvpa_source_label	pending_competitive_gvpa_gvpj_verification
ref_000050	train	cluster_000334	72	bb973ad514bc9a8e4071a1875fc5756e7859556fa23d8596d35a2c4da3565928	data/raw/t05/gvpa/GvpA_RefSeq.fasta	WP_435550518|gvpA|protein	WP_435550518|gvpA|protein	explicit_gvpa_source_label	pending_competitive_gvpa_gvpj_verification
ref_000051	train	cluster_000268	86	d5c2d4101839c4dee9b608bbafd0bb712b3bb5cc8e8bb373c074eb48f72d3a9b	data/raw/t05/gvpa/GvpA_RefSeq.fasta	WP_435348186|gvpA|protein	WP_435348186|gvpA|protein	explicit_gvpa_source_label	pending_competitive_gvpa_gvpj_verification
ref_000052	train	cluster_000322	76	13dff233b6dfd04cb79ca09d72c28e71d76c7ac1c59a0f75ad568a11420b75ee	data/raw/t05/gvpa/GvpA_RefSeq.fasta	WP_435186752|gvpA|protein	WP_435186752|gvpA|protein	explicit_gvpa_source_label	pending_competitive_gvpa_gvpj_verification
ref_000053	train	cluster_000313	82	f5db5c4704d592f947d9390e9bcd6afde1ac2a8c4b44472ec28636a4e3ab47c5	data/raw/t05/gvpa/GvpA_RefSeq.fasta	WP_435154202|gvpA|protein	WP_435154202|gvpA|protein	explicit_gvpa_source_label	pending_competitive_gvpa_gvpj_verification
ref_000054	train	cluster_000316	81	5ce032d4beb5b5581c618476a58270e695b96c865b52dc4ae6b923e37a3377cd	data/raw/t05/gvpa/GvpA_RefSeq.fasta	WP_435154193|gvpA|protein	WP_435154193|gvpA|protein	explicit_gvpa_source_label	pending_competitive_gvpa_gvpj_verification
ref_000055	train	cluster_000157	102	137eb09d8ee3033616644972d3e3e925408f94a1cacddbb7cf37e4ede6df16f3	data/raw/t05/gvpa/GvpA_RefSeq.fasta	WP_435076947|gvpA|protein	WP_435076947|gvpA|protein	explicit_gvpa_source_label	pending_competitive_gvpa_gvpj_verification
ref_000056	train	cluster_000310	83	d405e6b9ae22924670320e0579207148579619ea65916597eaa9e3b155853a8e	data/raw/t05/gvpa/GvpA_RefSeq.fasta	WP_433627166|gvpA|protein	WP_433627166|gvpA|protein	explicit_gvpa_source_label	pending_competitive_gvpa_gvpj_verification
ref_000057	train	cluster_000318	72	41af882b944a1fc500dbe8f6fc01230050462280d115eeafbc8f1cb2c66f1d11	data/raw/t05/gvpa/GvpA_RefSeq.fasta	WP_431662249|gvpA|protein	WP_431662249|gvpA|protein	explicit_gvpa_source_label	pending_competitive_gvpa_gvpj_verification
ref_000058	train	cluster_000164	97	911977f51fb32fb01946dc2bed8313d1fa9c4cb458417285b80e1d0b4af36425	data/raw/t05/gvpa/GvpA_RefSeq.fasta	WP_101841863|gvpA|protein	WP_101841863|gvpA|protein	explicit_gvpa_source_label	pending_competitive_gvpa_gvpj_verification
ref_000059	validation	cluster_000342	72	ffef1b1b441fdc15ea9c7981dc1e18e5fd48b4bd588343bda7a874e40857653d	data/raw/t05/gvpa/GvpA_RefSeq.fasta	WP_190575773|gvpA|protein	WP_190575773|gvpA|protein	explicit_gvpa_source_label	pending_competitive_gvpa_gvpj_verification
ref_000060	train	cluster_000194	93	b65132e25cc65ac0170dec17af09ef6d9ddc86b42bf3a1dd98bef9769b556343	data/raw/t05/gvpa/GvpA_RefSeq.fasta	WP_430790276|gvpA|protein	WP_430790276|gvpA|protein	explicit_gvpa_source_label	pending_competitive_gvpa_gvpj_verification
ref_000061	train	cluster_000318	72	908def535fa98fa36b50ccc7b99887e25d2d33284b95e820e8135e01dd397cd1	data/raw/t05/gvpa/GvpA_RefSeq.fasta	WP_430686742|gvpA|protein	WP_430686742|gvpA|protein	explicit_gvpa_source_label	pending_competitive_gvpa_gvpj_verification
ref_000062	train	cluster_000227	88	e6ccc21f1ec1a2362fcf83865db79b02072bd4e4854c8eedc5c7f7b0246d5719	data/raw/t05/gvpa/GvpA_RefSeq.fasta	WP_430120777|gvpA|protein	WP_430120777|gvpA|protein	explicit_gvpa_source_label	pending_competitive_gvpa_gvpj_verification
ref_000063	train	cluster_000309	83	a66f240c8435d5f7eedc413fda6c233e960d22ae30577f0ce510087aea050816	data/raw/t05/gvpa/GvpA_RefSeq.fasta	WP_430065897|gvpA|protein	WP_430065897|gvpA|protein	explicit_gvpa_source_label	pending_competitive_gvpa_gvpj_verification
ref_000064	train	cluster_000201	83	a30535db979f7cb9b9d1575d743d64af85db6ff38f04fbd94a72d974ac906c20	data/raw/t05/gvpa/GvpA_RefSeq.fasta	WP_328257699|gvpA|protein	WP_328257699|gvpA|protein	explicit_gvpa_source_label	pending_competitive_gvpa_gvpj_verification
ref_000065	train	cluster_000367	72	f0b585defb33f68b9eec146548ed02b46b614ae37435ad5b020b758b4d5f244f	data/raw/t05/gvpa/GvpA_RefSeq.fasta	WP_324632560|gvpA|protein	WP_324632560|gvpA|protein	explicit_gvpa_source_label	pending_competitive_gvpa_gvpj_verification
ref_000066	train	cluster_000200	88	6ab091088c0d2085f19341445efca3bd7552fe8e88dd3276c572540a4c79acbc	data/raw/t05/gvpa/GvpA_RefSeq.fasta	WP_323618175|gvpA|protein	WP_323618175|gvpA|protein	explicit_gvpa_source_label	pending_competitive_gvpa_gvpj_verification
ref_000067	validation	cluster_000342	72	cdcb9ea08084d402155df7d0686cb8cea6ba1a31a6700d9535afd219d71587fa	data/raw/t05/gvpa/GvpA_RefSeq.fasta	WP_322732512|gvpA|protein	WP_322732512|gvpA|protein	explicit_gvpa_source_label	pending_competitive_gvpa_gvpj_verification
ref_000068	train	cluster_000237	88	e70eb92ab459701dc753ece2045300ba79f6dcccdb811cbfe12eeb7a71243f3d	data/raw/t05/gvpa/GvpA_RefSeq.fasta	WP_322420075|gvpA|protein	WP_322420075|gvpA|protein	explicit_gvpa_source_label	pending_competitive_gvpa_gvpj_verification
ref_000069	train	cluster_000221	90	805855d37a367a5867e37119f6d4ca11ce3a9771efa51ee1d159b4bd843f912a	data/raw/t05/gvpa/GvpA_RefSeq.fasta	WP_320156897|gvpA|protein	WP_320156897|gvpA|protein	explicit_gvpa_source_label	pending_competitive_gvpa_gvpj_verification
ref_000070	train	cluster_000269	86	499d1d5d62f7019687f3b0059c07e37c33752b65b36ec66eebc2e45d4f2fa3a4	data/raw/t05/gvpa/GvpA_RefSeq.fasta	WP_316572692|gvpA|protein	WP_316572692|gvpA|protein	explicit_gvpa_source_label	pending_competitive_gvpa_gvpj_verification
ref_000071	validation	cluster_000255	86	fe5639b3f6715383286aeb1b876f8ff0584cb9b9687213268c0fa3160ccd0d10	data/raw/t05/gvpa/GvpA_RefSeq.fasta	WP_290399117|gvpA|protein	WP_290399117|gvpA|protein	explicit_gvpa_source_label	pending_competitive_gvpa_gvpj_verification
ref_000072	test	cluster_000210	91	6b64acdf3f40fdffd14457cf606766a5451a179ed659c2fe7bc45e7d0a7abcb4	data/raw/t05/gvpa/GvpA_RefSeq.fasta	WP_347395773|gvpA|protein	WP_347395773|gvpA|protein	explicit_gvpa_source_label	pending_competitive_gvpa_gvpj_verification
ref_000073	train	cluster_000241	86	fa3ceb760df75c71ed088b41a6a5cb57560dd57584efea5c666da3bd00024593	data/raw/t05/gvpa/GvpA_RefSeq.fasta	WP_341982146|gvpA|protein	WP_341982146|gvpA|protein	explicit_gvpa_source_label	pending_competitive_gvpa_gvpj_verification
ref_000074	train	cluster_000202	91	353e9d0dff81158687ff2e4f2b8984e4d6a17430c1d909a093884122403d9cb2	data/raw/t05/gvpa/GvpA_RefSeq.fasta	WP_339227026|gvpA|protein	WP_339227026|gvpA|protein	explicit_gvpa_source_label	pending_competitive_gvpa_gvpj_verification
ref_000075	validation	cluster_000270	86	45c7c948c17d40fffc2fecd18e8eb9f993cd3d908fa5567702d7b7dfc4518927	data/raw/t05/gvpa/GvpA_RefSeq.fasta	WP_335961848|gvpA|protein	WP_335961848|gvpA|protein	explicit_gvpa_source_label	pending_competitive_gvpa_gvpj_verification
ref_000076	train	cluster_000309	83	8400e38ff12b62b40e03f973a10e92c50343db146d03ee3461eae584e02f49fc	data/raw/t05/gvpa/GvpA_RefSeq.fasta	WP_335714145|gvpA|protein	WP_335714145|gvpA|protein	explicit_gvpa_source_label	pending_competitive_gvpa_gvpj_verification
ref_000077	train	cluster_000245	80	76384a42f96a6dc0ed31f4335ecfed20e5f4a9f030a106c3909a844c5b9db10c	data/raw/t05/gvpa/GvpA_RefSeq.fasta	WP_335558846|gvpA|protein	WP_335558846|gvpA|protein	explicit_gvpa_source_label	pending_competitive_gvpa_gvpj_verification
ref_000078	train	cluster_000245	87	1d2eaab6bc1405efd0c8e5ab7312219bec44e62cde1589a104d7f3122aeaceec	data/raw/t05/gvpa/GvpA_RefSeq.fasta	WP_335537523|gvpA|protein	WP_335537523|gvpA|protein	explicit_gvpa_source_label	pending_competitive_gvpa_gvpj_verification
ref_000079	train	cluster_000323	78	967e2f04e468a1a875d95aef96684bd59af17b05397db6a5e57b624802fa22d2	data/raw/t05/gvpa/GvpA_RefSeq.fasta	WP_335072082|gvpA|protein	WP_335072082|gvpA|protein	explicit_gvpa_source_label	pending_competitive_gvpa_gvpj_verification
ref_000080	train	cluster_000329	71	26dd9c3e80f115461010c3e48a60d95fe14f7e45bff5c06ac7dd6e0e34690448	data/raw/t05/gvpa/GvpA_RefSeq.fasta	WP_335059862|gvpA|protein	WP_335059862|gvpA|protein	explicit_gvpa_source_label	pending_competitive_gvpa_gvpj_verification
ref_000081	validation	cluster_000342	73	71f9753012b6644cf772515c27a3c5a497fdd40153f703681603ce4eafc42ea5	data/raw/t05/gvpa/GvpA_RefSeq.fasta	WP_335049349|gvpA|protein	WP_335049349|gvpA|protein	explicit_gvpa_source_label	pending_competitive_gvpa_gvpj_verification
ref_000082	train	cluster_000318	74	8be2e14f0153cb01c7e89076f2a6275d8da7f12e0e575e69dabb3df9999082cc	data/raw/t05/gvpa/GvpA_RefSeq.fasta	WP_334789054|gvpA|protein	WP_334789054|gvpA|protein	explicit_gvpa_source_label	pending_competitive_gvpa_gvpj_verification
ref_000083	train	cluster_000318	71	4076ee92571a9babe66f0519b5f715f210808ee8cf5653d8a346b1632f6930d1	data/raw/t05/gvpa/GvpA_RefSeq.fasta	WP_334779866|gvpA|protein	WP_334779866|gvpA|protein	explicit_gvpa_source_label	pending_competitive_gvpa_gvpj_verification
ref_000084	validation	cluster_000342	73	b38024f0aba86f47c4adefb470377765a198ad65def833ed535315e7ecc6271b	data/raw/t05/gvpa/GvpA_RefSeq.fasta	WP_334710560|gvpA|protein	WP_334710560|gvpA|protein	explicit_gvpa_source_label	pending_competitive_gvpa_gvpj_verification
ref_000085	train	cluster_000318	59	24eac37b8142531de647d95b040f3bb74e20b109dd515dd14a422c5a046f198c	data/raw/t05/gvpa/GvpA_RefSeq.fasta	WP_330936551|gvpA|protein	WP_330936551|gvpA|protein	explicit_gvpa_source_label	pending_competitive_gvpa_gvpj_verification
ref_000086	train	cluster_000343	75	651deda52eb485d5380e11d0bd0c580df38f654881a05e859441303cd3690fbc	data/raw/t05/gvpa/GvpA_RefSeq.fasta	WP_315073129|gvpA|protein	WP_315073129|gvpA|protein	explicit_gvpa_source_label	pending_competitive_gvpa_gvpj_verification
ref_000087	train	cluster_000228	86	c306fc2a612dcf7963887fd1483f31b8b1d3630b71566506bdbc766a133d7160	data/raw/t05/gvpa/GvpA_RefSeq.fasta	WP_113969339|gvpA|protein	WP_113969339|gvpA|protein	explicit_gvpa_source_label	pending_competitive_gvpa_gvpj_verification
ref_000088	train	cluster_000246	87	81c3c33e1052ca11c9fde60fd0a62a9ef2c4738a5782114778528dc2c8d1fe8f	data/raw/t05/gvpa/GvpA_RefSeq.fasta	WP_426842538|gvpA|protein	WP_426842538|gvpA|protein	explicit_gvpa_source_label	pending_competitive_gvpa_gvpj_verification
ref_000089	validation	cluster_000368	72	58de098a6c8aae0513de85526b4bfd2ec959113cd4692c08455d9bd7f1221b78	data/raw/t05/gvpa/GvpA_RefSeq.fasta	WP_428403798|gvpA|protein	WP_428403798|gvpA|protein	explicit_gvpa_source_label	pending_competitive_gvpa_gvpj_verification
ref_000090	train	cluster_000211	91	531760bd0ae2999dbf0aa9151e722a6e3f56f36bc1e97a4473d19e1e66ba63d6	data/raw/t05/gvpa/GvpA_RefSeq.fasta	WP_426585015|gvpA|protein	WP_426585015|gvpA|protein	explicit_gvpa_source_label	pending_competitive_gvpa_gvpj_verification
ref_000091	train	cluster_000211	89	18aeb74e18302803a1f05608a7d4fa45b098bea94fa1a6302b33e1400eb1edfd	data/raw/t05/gvpa/GvpA_RefSeq.fasta	WP_426542028|gvpA|protein	WP_426542028|gvpA|protein	explicit_gvpa_source_label	pending_competitive_gvpa_gvpj_verification
ref_000092	test	cluster_000360	73	27cfc6c7874687adce98fe5beec40dda323c639ba2824175d39fc4aad0117ad3	data/raw/t05/gvpa/GvpA_RefSeq.fasta	WP_426380802|gvpA|protein	WP_426380802|gvpA|protein	explicit_gvpa_source_label	pending_competitive_gvpa_gvpj_verification
ref_000093	train	cluster_000258	85	83d86218590801baa4be9cbf64a37be9f413307984b80079d4c17313ca959345	data/raw/t05/gvpa/GvpA_RefSeq.fasta	WP_224590714|gvpA|protein	WP_224590714|gvpA|protein	explicit_gvpa_source_label	pending_competitive_gvpa_gvpj_verification
ref_000094	validation	cluster_000195	93	fc382b09fdd1c909c75ca87f66ed2c98f5b6601cc069a0d6df8ae25285c11467	data/raw/t05/gvpa/GvpA_RefSeq.fasta	WP_423999109|gvpA|protein	WP_423999109|gvpA|protein	explicit_gvpa_source_label	pending_competitive_gvpa_gvpj_verification
ref_000095	train	cluster_000201	92	cee0ef3ec2a72c0423980c1c808f76590d56140814367b61d4a668a7bebd3e90	data/raw/t05/gvpa/GvpA_RefSeq.fasta	WP_310323875|gvpA|protein	WP_310323875|gvpA|protein	explicit_gvpa_source_label	pending_competitive_gvpa_gvpj_verification
ref_000096	train	cluster_000247	87	fd49c343614a605c0f408c1059dfd9e3f863077071d8fcc71280dc5802c3028c	data/raw/t05/gvpa/GvpA_RefSeq.fasta	WP_309192103|gvpA|protein	WP_309192103|gvpA|protein	explicit_gvpa_source_label	pending_competitive_gvpa_gvpj_verification
ref_000097	train	cluster_000317	81	90c029da4514f00630c70095fc4ebe43ac03b1f8aab9ac3a1687d196c4f38373	data/raw/t05/gvpa/GvpA_RefSeq.fasta	WP_423801245|gvpA|protein	WP_423801245|gvpA|protein	explicit_gvpa_source_label	pending_competitive_gvpa_gvpj_verification
ref_000098	train	cluster_000406	69	9ba976654c95d4d9fd8ffe4ff8d4a6186d6631fd013c161e4ccb5c524a6494cc	data/raw/t05/gvpa/GvpA_RefSeq.fasta	WP_274373506|gvpA|protein	WP_274373506|gvpA|protein	explicit_gvpa_source_label	pending_competitive_gvpa_gvpj_verification
ref_000099	train	cluster_000200	88	6507b3f9f58ef91ab9d82a0e5b2908ec0d333c616e2b17fc0f4b837dade8ca1f	data/raw/t05/gvpa/GvpA_RefSeq.fasta	WP_226555226|gvpA|protein	WP_226555226|gvpA|protein	explicit_gvpa_source_label	pending_competitive_gvpa_gvpj_verification
ref_000100	train	cluster_000179	95	4482775e0979509e45d23f6ca737a7fdb6814c225930bbcb113f82d33d585228	data/raw/t05/gvpa/GvpA_RefSeq.fasta	WP_007143586|gvpA|protein	WP_007143586|gvpA|protein	explicit_gvpa_source_label	pending_competitive_gvpa_gvpj_verification
ref_000101	train	cluster_000160	100	db2cdf073eed6ed31349901112a0643487f8399252e4b284641aa51cb05e0f98	data/raw/t05/gvpa/GvpA_RefSeq.fasta	WP_422165804|gvpA|protein	WP_422165804|gvpA|protein	explicit_gvpa_source_label	pending_competitive_gvpa_gvpj_verification
ref_000102	train	cluster_000303	84	35226954812d95b1eb87f6c9f6c2ac5cabf4e8cb1e9932ee85489572ea157c29	data/raw/t05/gvpa/GvpA_RefSeq.fasta	WP_421708292|gvpA|protein	WP_421708292|gvpA|protein	explicit_gvpa_source_label	pending_competitive_gvpa_gvpj_verification
ref_000103	train	cluster_000212	91	0283d587032de178b6667e22ede30dd9a57c5ae7754c025d23503a3db3153be9	data/raw/t05/gvpa/GvpA_RefSeq.fasta	WP_421653262|gvpA|protein	WP_421653262|gvpA|protein	explicit_gvpa_source_label	pending_competitive_gvpa_gvpj_verification
ref_000104	train	cluster_000144	72	628577dc37636bc0384ee327a4aeb3192a7c90e3c438c8b2383085b819d27655	data/raw/t05/gvpa/GvpA_RefSeq.fasta	WP_421032811|gvpA|protein	WP_421032811|gvpA|protein	explicit_gvpa_source_label	pending_competitive_gvpa_gvpj_verification
ref_000105	train	cluster_000200	88	34e541178b7b0b894972aaad49425526fd16e04d52071bf0480f2bf5f7434458	data/raw/t05/gvpa/GvpA_RefSeq.fasta	WP_415382277|gvpA|protein	WP_415382277|gvpA|protein	explicit_gvpa_source_label	pending_competitive_gvpa_gvpj_verification
ref_000106	train	cluster_000267	86	5c686c3d3778ea9403cd9d61d7221e3e4812a50ef33cf1e8cd450094ca203ae0	data/raw/t05/gvpa/GvpA_RefSeq.fasta	WP_413917177|gvpA|protein	WP_413917177|gvpA|protein	explicit_gvpa_source_label	pending_competitive_gvpa_gvpj_verification
ref_000107	test	cluster_000390	70	d7b124bfad426ab2d29dac93db4cf9c6631690473c55133a110d3b15c719533b	data/raw/t05/gvpa/GvpA_RefSeq.fasta	WP_412092736|gvpA|protein	WP_412092736|gvpA|protein	explicit_gvpa_source_label	pending_competitive_gvpa_gvpj_verification
ref_000108	train	cluster_000231	87	f454f2a56d9c1f348b1dac3f706e94ceea099db81084cd1c70f2fc3cd1dfd5a3	data/raw/t05/gvpa/GvpA_RefSeq.fasta	WP_349407376|gvpA|protein	WP_349407376|gvpA|protein	explicit_gvpa_source_label	pending_competitive_gvpa_gvpj_verification
ref_000109	train	cluster_000304	84	19cd7b61a586d4e4fed893c2bbd031719e582f6c6b75c515eb7fffa1099eb2c8	data/raw/t05/gvpa/GvpA_RefSeq.fasta	WP_336497511|gvpA|protein	WP_336497511|gvpA|protein	explicit_gvpa_source_label	pending_competitive_gvpa_gvpj_verification
ref_000110	train	cluster_000318	70	a62ba34ed245e06a29758d7dd356e60f73eeb1c63f5eec9b8103fa7af5740d6a	data/raw/t05/gvpa/GvpA_RefSeq.fasta	WP_323244924|gvpA|protein	WP_323244924|gvpA|protein	explicit_gvpa_source_label	pending_competitive_gvpa_gvpj_verification
ref_000111	validation	cluster_000242	86	b57946b3f69a165a32688ee14d0fee5bcea63bf4d3ebf9eda46125a5b0948414	data/raw/t05/gvpa/GvpA_RefSeq.fasta	WP_049665784|gvpA|protein	WP_049665784|gvpA|protein	explicit_gvpa_source_label	pending_competitive_gvpa_gvpj_verification
ref_000112	validation	cluster_000363	72	0b5cd7683d09753175798c62619ea564033e5f158ba14359919e46d521384fcf	data/raw/t05/gvpa/GvpA_RefSeq.fasta	WP_164693470|gvpA|protein	WP_164693470|gvpA|protein	explicit_gvpa_source_label	pending_competitive_gvpa_gvpj_verification
ref_000113	train	cluster_000318	72	9683dd0b519eaf04d7438c1faa3b5ba7bfa2c6cfe741bd86fa7ae8c0e5378d7f	data/raw/t05/gvpa/GvpA_RefSeq.fasta	WP_039726782|gvpA|protein	WP_039726782|gvpA|protein	explicit_gvpa_source_label	pending_competitive_gvpa_gvpj_verification
ref_000114	validation	cluster_000342	72	7c8675813e46237632821dfe2c299d8a6a1afa403a3029f6dc9436af707fc73f	data/raw/t05/gvpa/GvpA_RefSeq.fasta	WP_322681236|gvpA|protein	WP_322681236|gvpA|protein	explicit_gvpa_source_label	pending_competitive_gvpa_gvpj_verification
ref_000115	train	cluster_000180	94	edc787924d6392f7c1f5e5e00d1e49e457b29997f69ad3227883a383e8273b5b	data/raw/t05/gvpa/GvpA_RefSeq.fasta	WP_416285140|gvpA|protein	WP_416285140|gvpA|protein	explicit_gvpa_source_label	pending_competitive_gvpa_gvpj_verification
ref_000116	train	cluster_000359	72	b7662fa2f5d44aa0d6b41c24f4f96c605eb5db30149fbf2c0bac9fe17a17acbe	data/raw/t05/gvpa/GvpA_RefSeq.fasta	WP_416108851|gvpA|protein	WP_416108851|gvpA|protein	explicit_gvpa_source_label	pending_competitive_gvpa_gvpj_verification
ref_000117	validation	cluster_000312	72	f65654f9aa3b69f34daadee67a7561e43738c0e2ee7c492fbb794705940ddbfb	data/raw/t05/gvpa/GvpA_RefSeq.fasta	WP_416108847|gvpA|protein	WP_416108847|gvpA|protein	explicit_gvpa_source_label	pending_competitive_gvpa_gvpj_verification
ref_000118	train	cluster_000226	66	51223251df1314e3c9bade6b7106f3aca04a55dafced3cc5b130a47bc7b29c63	data/raw/t05/gvpa/GvpA_RefSeq.fasta	WP_406912117|gvpA|protein	WP_406912117|gvpA|protein	explicit_gvpa_source_label	pending_competitive_gvpa_gvpj_verification
ref_000119	train	cluster_000328	76	1ca802048c4a6cd9dca398191c084cfbc6061238919610b015007080f09a9f15	data/raw/t05/gvpa/GvpA_RefSeq.fasta	WP_338255845|gvpA|protein	WP_338255845|gvpA|protein	explicit_gvpa_source_label	pending_competitive_gvpa_gvpj_verification
ref_000120	test	cluster_000381	71	e9d0d8807aee29d8e61cc5812e5272da20f42b2eb9c88bded666404669277156	data/raw/t05/gvpa/GvpA_RefSeq.fasta	WP_310619223|gvpA|protein	WP_310619223|gvpA|protein	explicit_gvpa_source_label	pending_competitive_gvpa_gvpj_verification
ref_000121	train	cluster_000344	75	62e969f90251277368266d759d9d4fd4cc78f03b7eadcfade3fc001db4bf0600	data/raw/t05/gvpa/GvpA_RefSeq.fasta	WP_414404485|gvpA|protein	WP_414404485|gvpA|protein	explicit_gvpa_source_label	pending_competitive_gvpa_gvpj_verification
ref_000122	train	cluster_000344	75	a8c546bb807cbf441766bdc1e9d6100e34ba9f8687dc271e3c6bbc888861c9af	data/raw/t05/gvpa/GvpA_RefSeq.fasta	WP_414362100|gvpA|protein	WP_414362100|gvpA|protein	explicit_gvpa_source_label	pending_competitive_gvpa_gvpj_verification
ref_000123	train	cluster_000344	75	9caabe5dd41114f54d7157811c223a55ba4f8324b5c33e3ed04bea8f682c91b8	data/raw/t05/gvpa/GvpA_RefSeq.fasta	WP_414395174|gvpA|protein	WP_414395174|gvpA|protein	explicit_gvpa_source_label	pending_competitive_gvpa_gvpj_verification
ref_000124	train	cluster_000407	69	39cf0fd21702af1ff2b1a85e7f95803ffe5d465cb6cae8e617df8798b8c9f644	data/raw/t05/gvpa/GvpA_RefSeq.fasta	WP_024336577|gvpA|protein	WP_024336577|gvpA|protein	explicit_gvpa_source_label	pending_competitive_gvpa_gvpj_verification
ref_000125	train	cluster_000318	71	ce84140595a3625becb853b3896946af55d40cf7bd6ebf4c0c866321df18c48e	data/raw/t05/gvpa/GvpA_RefSeq.fasta	WP_193980327|gvpA|protein	WP_193980327|gvpA|protein	explicit_gvpa_source_label	pending_competitive_gvpa_gvpj_verification
ref_000126	train	cluster_000229	89	4a871af101af640b6e2c4613cc92d8574a387d76bed376472736fe356f550e29	data/raw/t05/gvpa/GvpA_RefSeq.fasta	WP_413242310|gvpA|protein	WP_413242310|gvpA|protein	explicit_gvpa_source_label	pending_competitive_gvpa_gvpj_verification
ref_000127	train	cluster_000329	75	ced70fa1ad4dcaf12a7b8c719004cf68917ca8132aa674f7f8c86094a7879b0c	data/raw/t05/gvpa/GvpA_RefSeq.fasta	WP_413173348|gvpA|protein	WP_413173348|gvpA|protein	explicit_gvpa_source_label	pending_competitive_gvpa_gvpj_verification
ref_000128	train	cluster_000329	74	de6e45b17a1efe79f37778d836358d826a304d076e7019714203a05f82787777	data/raw/t05/gvpa/GvpA_RefSeq.fasta	WP_413173347|gvpA|protein	WP_413173347|gvpA|protein	explicit_gvpa_source_label	pending_competitive_gvpa_gvpj_verification
ref_000129	train	cluster_000329	73	b669abd036c50b376c62ed96bedb1c48c2355a2d6963351d6db1465d4bed8684	data/raw/t05/gvpa/GvpA_RefSeq.fasta	WP_413173346|gvpA|protein	WP_413173346|gvpA|protein	explicit_gvpa_source_label	pending_competitive_gvpa_gvpj_verification
ref_000130	train	cluster_000329	75	bf9d9ac4b0e25cbc2e1482bd8291d51b80489fd66aea62fc23789d12b24004e0	data/raw/t05/gvpa/GvpA_RefSeq.fasta	WP_413173345|gvpA|protein	WP_413173345|gvpA|protein	explicit_gvpa_source_label	pending_competitive_gvpa_gvpj_verification
ref_000131	train	cluster_000329	76	3f2cb7eca6dff49eb9eba55009404da2596edaa8a84214ff0a062983369e81b2	data/raw/t05/gvpa/GvpA_RefSeq.fasta	WP_413173344|gvpA|protein	WP_413173344|gvpA|protein	explicit_gvpa_source_label	pending_competitive_gvpa_gvpj_verification
ref_000132	train	cluster_000367	72	44a44809c7c1d751ebce0ff9a86895a50f13e140bfe6d9ae84ed0e8114d8495c	data/raw/t05/gvpa/GvpA_RefSeq.fasta	WP_190464766|gvpA|protein	WP_190464766|gvpA|protein	explicit_gvpa_source_label	pending_competitive_gvpa_gvpj_verification
ref_000133	train	cluster_000318	72	1a1b9a1e258a11254cb4f5cd618e15676d2d449475d5b0ed37269cbc3185bc1d	data/raw/t05/gvpa/GvpA_RefSeq.fasta	WP_190463961|gvpA|protein	WP_190463961|gvpA|protein	explicit_gvpa_source_label	pending_competitive_gvpa_gvpj_verification
ref_000134	train	cluster_000357	73	387a1a5b990d83c80a609a93287a136e5e242150b20ddd4a1e49c657c24a6c38	data/raw/t05/gvpa/GvpA_RefSeq.fasta	WP_410337796|gvpA|protein	WP_410337796|gvpA|protein	explicit_gvpa_source_label	pending_competitive_gvpa_gvpj_verification
ref_000135	train	cluster_000345	73	6cd6a14977934f64979a41a3771d6fe7e8dad157178bbbd3409fe43630cb5a41	data/raw/t05/gvpa/GvpA_RefSeq.fasta	WP_379650762|gvpA|protein	WP_379650762|gvpA|protein	explicit_gvpa_source_label	pending_competitive_gvpa_gvpj_verification
ref_000136	train	cluster_000345	75	86ebca091b9272e657505efec988aa8e3dc5f76d49029f1af44bbb42ef160807	data/raw/t05/gvpa/GvpA_RefSeq.fasta	WP_379640496|gvpA|protein	WP_379640496|gvpA|protein	explicit_gvpa_source_label	pending_competitive_gvpa_gvpj_verification
ref_000137	train	cluster_000391	70	c88f9ffff90291b1560233f546b76e54fc9da0f6bafb9239779bc03168c818ea	data/raw/t05/gvpa/GvpA_RefSeq.fasta	WP_342070892|gvpA|protein	WP_342070892|gvpA|protein	explicit_gvpa_source_label	pending_competitive_gvpa_gvpj_verification
ref_000138	train	cluster_000202	92	72cdd34cb274da9e5e194597336bd584c0601117e8bd69b326cde75988c2ef5d	data/raw/t05/gvpa/GvpA_RefSeq.fasta	WP_327608074|gvpA|protein	WP_327608074|gvpA|protein	explicit_gvpa_source_label	pending_competitive_gvpa_gvpj_verification
ref_000139	test	cluster_000361	73	10268ee8450e0bb5a4533dd0737c1855e098f5e675543a0dbaa927c55ecb3d54	data/raw/t05/gvpa/GvpA_RefSeq.fasta	WP_324716694|gvpA|protein	WP_324716694|gvpA|protein	explicit_gvpa_source_label	pending_competitive_gvpa_gvpj_verification
ref_000140	train	cluster_000211	72	ae37005a67bc5cb2b176bbb2a26f1bbfc007226ff1abafb159c27039c720fa0e	data/raw/t05/gvpa/GvpA_RefSeq.fasta	WP_324704072|gvpA|protein	WP_324704072|gvpA|protein	explicit_gvpa_source_label	pending_competitive_gvpa_gvpj_verification
ref_000141	train	cluster_000271	86	e8c5de40001b59b84f3000546d57bdbffeb1f2fbded41da8015760622ba66cb1	data/raw/t05/gvpa/GvpA_RefSeq.fasta	WP_317121874|gvpA|protein	WP_317121874|gvpA|protein	explicit_gvpa_source_label	pending_competitive_gvpa_gvpj_verification
ref_000142	train	cluster_000392	70	3426f2b4953d2172f209b39e07c92d33714de1f85bc963ee04a0c73f32a57c8b	data/raw/t05/gvpa/GvpA_RefSeq.fasta	WP_295848159|gvpA|protein	WP_295848159|gvpA|protein	explicit_gvpa_source_label	pending_competitive_gvpa_gvpj_verification
ref_000143	train	cluster_000318	71	fa062766acc141ed13ab5647f670b952cf8945bbcfc8349eca2a90bcac8cd4ef	data/raw/t05/gvpa/GvpA_RefSeq.fasta	WP_280793164|gvpA|protein	WP_280793164|gvpA|protein	explicit_gvpa_source_label	pending_competitive_gvpa_gvpj_verification
ref_000144	train	cluster_000318	72	6f227f789b114508ea9998be7bfc238fb7cd36b4f026ef2c1d299b426ba4d67d	data/raw/t05/gvpa/GvpA_RefSeq.fasta	WP_283757384|gvpA|protein	WP_283757384|gvpA|protein	explicit_gvpa_source_label	pending_competitive_gvpa_gvpj_verification
ref_000145	train	cluster_000318	71	56d5d14e5f958bb848effc7cddc6dd078434561bb8d86a1a4654791676632e8b	data/raw/t05/gvpa/GvpA_RefSeq.fasta	WP_280652748|gvpA|protein	WP_280652748|gvpA|protein	explicit_gvpa_source_label	pending_competitive_gvpa_gvpj_verification
ref_000146	train	cluster_000211	63	819e640008ab1349cc70b304807fe3f89bc28dfae3f714424db06baf20ba737b	data/raw/t05/gvpa/GvpA_RefSeq.fasta	WP_409772926|gvpA|protein	WP_409772926|gvpA|protein	explicit_gvpa_source_label	pending_competitive_gvpa_gvpj_verification
ref_000147	test	cluster_000210	83	63d39c2e5861daa31f41643f87a02e57bbbbceb485e5b854577bf230f2d1c5e3	data/raw/t05/gvpa/GvpA_RefSeq.fasta	WP_353746961|gvpA|protein	WP_353746961|gvpA|protein	explicit_gvpa_source_label	pending_competitive_gvpa_gvpj_verification
ref_000148	train	cluster_000200	88	6d06213120173a755e9baa644f1b79091e5fe37b3d5310decd03b265d1c1198a	data/raw/t05/gvpa/GvpA_RefSeq.fasta	WP_328257960|gvpA|protein	WP_328257960|gvpA|protein	explicit_gvpa_source_label	pending_competitive_gvpa_gvpj_verification
ref_000149	train	cluster_000272	86	0844cfaee9f234d540b527333f1f62a06e990377372b5ef2abf079432a623702	data/raw/t05/gvpa/GvpA_RefSeq.fasta	WP_409303451|gvpA|protein	WP_409303451|gvpA|protein	explicit_gvpa_source_label	pending_competitive_gvpa_gvpj_verification
ref_000150	train	cluster_000273	86	271291dc0f72accfac607a148f3b6af0576a1ad6cb95ac9bf3548d2abca3aa08	data/raw/t05/gvpa/GvpA_RefSeq.fasta	WP_409293715|gvpA|protein	WP_409293715|gvpA|protein	explicit_gvpa_source_label	pending_competitive_gvpa_gvpj_verification
ref_000151	train	cluster_000269	84	f977e0ce7c4a878af278f121d93c324388244920522e89fce9467528c48d695e	data/raw/t05/gvpa/GvpA_RefSeq.fasta	WP_409274759|gvpA|protein	WP_409274759|gvpA|protein	explicit_gvpa_source_label	pending_competitive_gvpa_gvpj_verification
ref_000152	train	cluster_000226	72	07561c65a5d37a8aa878cb07b895eb5f91fafbeef771c9befc328c8c9c84e7fc	data/raw/t05/gvpa/GvpA_RefSeq.fasta	WP_408963110|gvpA|protein	WP_408963110|gvpA|protein	explicit_gvpa_source_label	pending_competitive_gvpa_gvpj_verification
ref_000153	train	cluster_000187	87	73e0b5aa88a198c56caeea07f42134079d2b868fcd0dbd1b9bc7234b4f64666a	data/raw/t05/gvpa/GvpA_RefSeq.fasta	WP_408958174|gvpA|protein	WP_408958174|gvpA|protein	explicit_gvpa_source_label	pending_competitive_gvpa_gvpj_verification
ref_000154	train	cluster_000248	86	cd0ec9cc83e20bd818b34c3d6e32229ae82b1f4b803ad5a686041fe792cfa0b4	data/raw/t05/gvpa/GvpA_RefSeq.fasta	WP_336364780|gvpA|protein	WP_336364780|gvpA|protein	explicit_gvpa_source_label	pending_competitive_gvpa_gvpj_verification
ref_000155	train	cluster_000170	97	ad18f8d7fabecf9750fb27c42b42c14e2c5be22222525e8903b790ab878114cc	data/raw/t05/gvpa/GvpA_RefSeq.fasta	WP_336364362|gvpA|protein	WP_336364362|gvpA|protein	explicit_gvpa_source_label	pending_competitive_gvpa_gvpj_verification
ref_000156	train	cluster_000248	86	76418c5d471b2873e6bfd66246e1ddea8c46c09677d508ca4d85d7ddc4b66838	data/raw/t05/gvpa/GvpA_RefSeq.fasta	WP_332101109|gvpA|protein	WP_332101109|gvpA|protein	explicit_gvpa_source_label	pending_competitive_gvpa_gvpj_verification
ref_000157	train	cluster_000248	84	7801d96d034213cf08c8a094d7cac15ce9d441b0b84d59a3a397698d01a086b2	data/raw/t05/gvpa/GvpA_RefSeq.fasta	WP_332100865|gvpA|protein	WP_332100865|gvpA|protein	explicit_gvpa_source_label	pending_competitive_gvpa_gvpj_verification
ref_000158	train	cluster_000248	87	b9d147aeaac9ffa9d0f345cb4414f298f5fcd7bdcb541313ba9f90ed1cf3a920	data/raw/t05/gvpa/GvpA_RefSeq.fasta	WP_332099299|gvpA|protein	WP_332099299|gvpA|protein	explicit_gvpa_source_label	pending_competitive_gvpa_gvpj_verification
ref_000159	train	cluster_000170	97	824a3264c546dbd7013f28ea8a55f3a237060c55e29003b45dafff7fd11e8a4e	data/raw/t05/gvpa/GvpA_RefSeq.fasta	WP_332097579|gvpA|protein	WP_332097579|gvpA|protein	explicit_gvpa_source_label	pending_competitive_gvpa_gvpj_verification
ref_000160	train	cluster_000318	72	b34a5f1cebe7f342dc3f0266350f98a4220b9e2eabe7f053f156e8a2488af41b	data/raw/t05/gvpa/GvpA_RefSeq.fasta	WP_038082255|gvpA|protein	WP_038082255|gvpA|protein	explicit_gvpa_source_label	pending_competitive_gvpa_gvpj_verification
ref_000161	train	cluster_000282	85	354eeee0be3f0383107be26977796d47824369722e4cc0040014e2231196c8e5	data/raw/t05/gvpa/GvpA_RefSeq.fasta	WP_408011836|gvpA|protein	WP_408011836|gvpA|protein	explicit_gvpa_source_label	pending_competitive_gvpa_gvpj_verification
ref_000162	train	cluster_000359	72	f2eb1efff0bc22bf511d7abe25340b374cb0b499c08c0e5b5016a140d3727bb3	data/raw/t05/gvpa/GvpA_RefSeq.fasta	WP_215820231|gvpA|protein	WP_215820231|gvpA|protein	explicit_gvpa_source_label	pending_competitive_gvpa_gvpj_verification
ref_000163	train	cluster_000383	70	2b3e3d2d5bed050505a18c825d05bdeef9ed0a305324a5ff0a3ab44addd80e16	data/raw/t05/gvpa/GvpA_RefSeq.fasta	WP_407312170|gvpA|protein	WP_407312170|gvpA|protein	explicit_gvpa_source_label	pending_competitive_gvpa_gvpj_verification
ref_000164	train	cluster_000179	95	7d8f193406ee761e1417644f12663163f20f02aa96aa9ac9a3e9967ae45736db	data/raw/t05/gvpa/GvpA_RefSeq.fasta	WP_407039562|gvpA|protein	WP_407039562|gvpA|protein	explicit_gvpa_source_label	pending_competitive_gvpa_gvpj_verification
ref_000165	train	cluster_000160	97	61cb6f10b13fb11f910f8f21d07836e35e17affcc38af420a8aad2bdf75ef91c	data/raw/t05/gvpa/GvpA_RefSeq.fasta	WP_406944744|gvpA|protein	WP_406944744|gvpA|protein	explicit_gvpa_source_label	pending_competitive_gvpa_gvpj_verification
ref_000166	train	cluster_000408	69	b81aa32b17d671599bc2c9e361c85b3574906f3e79199d11c11f01091914c22e	data/raw/t05/gvpa/GvpA_RefSeq.fasta	WP_406606980|gvpA|protein	WP_406606980|gvpA|protein	explicit_gvpa_source_label	pending_competitive_gvpa_gvpj_verification
ref_000167	train	cluster_000194	93	42ca32a46ff9fbfe04b03849517149d6e08810007705041d2c8b3b34d20375bb	data/raw/t05/gvpa/GvpA_RefSeq.fasta	WP_404455754|gvpA|protein	WP_404455754|gvpA|protein	explicit_gvpa_source_label	pending_competitive_gvpa_gvpj_verification
ref_000168	train	cluster_000237	88	a6d518bf56b5cafab96ad5614138c302b7592dbeed2603e0b2367a1fa9195b51	data/raw/t05/gvpa/GvpA_RefSeq.fasta	WP_404405697|gvpA|protein	WP_404405697|gvpA|protein	explicit_gvpa_source_label	pending_competitive_gvpa_gvpj_verification
ref_000169	train	cluster_000228	86	509311e69b214d9f94e73b22f61d8fe5ca6761a790311b2da756f7aacf9bbd78	data/raw/t05/gvpa/GvpA_RefSeq.fasta	WP_224944266|gvpA|protein	WP_224944266|gvpA|protein	explicit_gvpa_source_label	pending_competitive_gvpa_gvpj_verification
ref_000170	train	cluster_000249	87	f87e80c34ba5c8c8909bbdd240615676baff89720ec7c271d2c949964d53bfc2	data/raw/t05/gvpa/GvpA_RefSeq.fasta	WP_231183142|gvpA|protein	WP_231183142|gvpA|protein	explicit_gvpa_source_label	pending_competitive_gvpa_gvpj_verification
ref_000171	train	cluster_000169	96	7a296141a2788c2145e9831dd2e14af2845f1b10362686045dd37b12e3d675db	data/raw/t05/gvpa/GvpA_RefSeq.fasta	WP_062441008|gvpA|protein	WP_062441008|gvpA|protein	explicit_gvpa_source_label	pending_competitive_gvpa_gvpj_verification
ref_000172	test	cluster_000171	97	38b03f42eea75fbcc3e05c70be0e2c7ed52af564e56f9e4974caed8e9dd2d76f	data/raw/t05/gvpa/GvpA_RefSeq.fasta	WP_394342364|gvpA|protein	WP_394342364|gvpA|protein	explicit_gvpa_source_label	pending_competitive_gvpa_gvpj_verification
ref_000173	train	cluster_000389	70	38a86b2caad8351d20f84009e4f3fadc81641af9267c4634244814993c1e259b	data/raw/t05/gvpa/GvpA_RefSeq.fasta	WP_394079722|gvpA|protein	WP_394079722|gvpA|protein	explicit_gvpa_source_label	pending_competitive_gvpa_gvpj_verification
ref_000174	train	cluster_000318	71	4ba0a2c8ff48af80e17ea4e45f1da9493a8864d39f451200f163ff2e561d2b6f	data/raw/t05/gvpa/GvpA_RefSeq.fasta	WP_392535573|gvpA|protein	WP_392535573|gvpA|protein	explicit_gvpa_source_label	pending_competitive_gvpa_gvpj_verification
ref_000175	train	cluster_000248	87	63e94d96149b61e3547fb620a3561727505e40a05520085d6a7b53eda6afbc7c	data/raw/t05/gvpa/GvpA_RefSeq.fasta	WP_122090611|gvpA|protein	WP_122090611|gvpA|protein	explicit_gvpa_source_label	pending_competitive_gvpa_gvpj_verification
ref_000176	train	cluster_000222	90	1221e51a70c9226dfb5b8f5c0eaea31f8d82a2bbe997fe275036cddfc6893f45	data/raw/t05/gvpa/GvpA_RefSeq.fasta	WP_390306325|gvpA|protein	WP_390306325|gvpA|protein	explicit_gvpa_source_label	pending_competitive_gvpa_gvpj_verification
ref_000177	test	cluster_000178	95	4f76b230eb60279eb5dd9727b6fef53befa7b01de4543a47effc9d7219b9b6ea	data/raw/t05/gvpa/GvpA_RefSeq.fasta	WP_390283382|gvpA|protein	WP_390283382|gvpA|protein	explicit_gvpa_source_label	pending_competitive_gvpa_gvpj_verification
ref_000178	train	cluster_000202	90	044a3e6477173de21b191f88651098a6ddd5f3ea0f8288b883ad9f9d97c83ee6	data/raw/t05/gvpa/GvpA_RefSeq.fasta	WP_390271558|gvpA|protein	WP_390271558|gvpA|protein	explicit_gvpa_source_label	pending_competitive_gvpa_gvpj_verification
ref_000179	train	cluster_000274	86	7d8900b1fc48c317aebbade0a9e0f037e7f876e05e79fe26074fd735c2e3217a	data/raw/t05/gvpa/GvpA_RefSeq.fasta	WP_204418811|gvpA|protein	WP_204418811|gvpA|protein	explicit_gvpa_source_label	pending_competitive_gvpa_gvpj_verification
ref_000180	test	cluster_000296	85	044652cd2d2677de71ee3ad6b28cfb22905b65ba36cac1256c3f01e3fb5c37d9	data/raw/t05/gvpa/GvpA_RefSeq.fasta	WP_386062796|gvpA|protein	WP_386062796|gvpA|protein	explicit_gvpa_source_label	pending_competitive_gvpa_gvpj_verification
ref_000181	train	cluster_000250	87	6b94719ca1a990ee1d8f7fe4a2780bb99c98d3599cd6abe8080921d204b422e4	data/raw/t05/gvpa/GvpA_RefSeq.fasta	WP_253517921|gvpA|protein	WP_253517921|gvpA|protein	explicit_gvpa_source_label	pending_competitive_gvpa_gvpj_verification
ref_000182	train	cluster_000189	94	943ce15fb7773fa3a769b10eef21ff74af8e9455a035ac627206a70f67094829	data/raw/t05/gvpa/GvpA_RefSeq.fasta	WP_252487173|gvpA|protein	WP_252487173|gvpA|protein	explicit_gvpa_source_label	pending_competitive_gvpa_gvpj_verification
ref_000183	train	cluster_000238	88	970873de163a6ff8ee058480a3869a5416b54bf5594fe27fbb5156104085a425	data/raw/t05/gvpa/GvpA_RefSeq.fasta	WP_217628970|gvpA|protein	WP_217628970|gvpA|protein	explicit_gvpa_source_label	pending_competitive_gvpa_gvpj_verification
ref_000184	train	cluster_000251	87	b258e8dfa1451eaa6d09e0b4add2594f4ff66808a1171e673e2a064015b0995e	data/raw/t05/gvpa/GvpA_RefSeq.fasta	WP_380704376|gvpA|protein	WP_380704376|gvpA|protein	explicit_gvpa_source_label	pending_competitive_gvpa_gvpj_verification
ref_000185	train	cluster_000213	91	2395590053bc57a3bac9a2197e4b3100849ac0586b18b27401acb2786f9ed738	data/raw/t05/gvpa/GvpA_RefSeq.fasta	WP_379496047|gvpA|protein	WP_379496047|gvpA|protein	explicit_gvpa_source_label	pending_competitive_gvpa_gvpj_verification
ref_000186	train	cluster_000233	87	37f01da4a984c4443e1dd0bfe4c45bcaf6d4dffa1a6de05841500833014bfa0a	data/raw/t05/gvpa/GvpA_RefSeq.fasta	WP_168006768|gvpA|protein	WP_168006768|gvpA|protein	explicit_gvpa_source_label	pending_competitive_gvpa_gvpj_verification
ref_000187	train	cluster_000156	103	70724efd897d81dc16e2bdbc3589fa7441046ed49245f06ce63218699b619185	data/raw/t05/gvpa/GvpA_RefSeq.fasta	WP_049893539|gvpA|protein	WP_049893539|gvpA|protein	explicit_gvpa_source_label	pending_competitive_gvpa_gvpj_verification
ref_000188	validation	cluster_000342	72	0dcb405a364eae4db9c2e19b75732438619d866ca86f30cf78ac87bfd6ab062e	data/raw/t05/gvpa/GvpA_RefSeq.fasta	WP_377962562|gvpA|protein	WP_377962562|gvpA|protein	explicit_gvpa_source_label	pending_competitive_gvpa_gvpj_verification
ref_000189	train	cluster_000322	76	440c141d3d83ed043c333614417693fd89f0dfdca16a4ae6872273ea898aeb50	data/raw/t05/gvpa/GvpA_RefSeq.fasta	WP_375796785|gvpA|protein	WP_375796785|gvpA|protein	explicit_gvpa_source_label	pending_competitive_gvpa_gvpj_verification
ref_000190	train	cluster_000357	73	36d36d0c4f52b3ab32d367ff704271c4f22cce71b0e9625e3e2a6ce41c559470	data/raw/t05/gvpa/GvpA_RefSeq.fasta	WP_375803144|gvpA|protein	WP_375803144|gvpA|protein	explicit_gvpa_source_label	pending_competitive_gvpa_gvpj_verification
ref_000191	train	cluster_000303	84	476885d73f2103224b292d5d842a8afc0794641e93e8e2d399aaf3c10eaa833c	data/raw/t05/gvpa/GvpA_RefSeq.fasta	WP_375594093|gvpA|protein	WP_375594093|gvpA|protein	explicit_gvpa_source_label	pending_competitive_gvpa_gvpj_verification
ref_000192	test	cluster_000239	88	4b81ad5ffa833d3eb41268ae249d1a9cca6a34f987f4c8eedd5e5477becf8871	data/raw/t05/gvpa/GvpA_RefSeq.fasta	WP_375535661|gvpA|protein	WP_375535661|gvpA|protein	explicit_gvpa_source_label	pending_competitive_gvpa_gvpj_verification
ref_000193	train	cluster_000275	86	875f973318346cb3195c0e54e2957fb5e2b9705277fba1185a2959b7514f62fe	data/raw/t05/gvpa/GvpA_RefSeq.fasta	WP_375218407|gvpA|protein	WP_375218407|gvpA|protein	explicit_gvpa_source_label	pending_competitive_gvpa_gvpj_verification
ref_000194	train	cluster_000223	90	00b8d6bdf51c5322f38c2f3efbe74d4123230025049524b17afcbaf1d6459e63	data/raw/t05/gvpa/GvpA_RefSeq.fasta	WP_375007750|gvpA|protein	WP_375007750|gvpA|protein	explicit_gvpa_source_label	pending_competitive_gvpa_gvpj_verification
ref_000195	train	cluster_000228	86	4ce0c5155ea4669922bcb0230c9b672b1e80fe3a06ce66f3212edffea74321db	data/raw/t05/gvpa/GvpA_RefSeq.fasta	WP_044340217|gvpA|protein	WP_044340217|gvpA|protein	explicit_gvpa_source_label	pending_competitive_gvpa_gvpj_verification
ref_000196	train	cluster_000322	78	5d20f105b230fcb464d172f5f60beb5d3a0433f4d04c11d7e3b12442a0876f1f	data/raw/t05/gvpa/GvpA_RefSeq.fasta	WP_373674330|gvpA|protein	WP_373674330|gvpA|protein	explicit_gvpa_source_label	pending_competitive_gvpa_gvpj_verification
ref_000197	train	cluster_000167	95	92d7d81f95603487cd9c2e6f2b9a057290f97368162a627c34d4db46064b5d78	data/raw/t05/gvpa/GvpA_RefSeq.fasta	WP_373618838|gvpA|protein	WP_373618838|gvpA|protein	explicit_gvpa_source_label	pending_competitive_gvpa_gvpj_verification
ref_000198	train	cluster_000391	70	d510c78ee6fcdf216c53533c629c59216f4c727253280f4b8b6d62982d117c64	data/raw/t05/gvpa/GvpA_RefSeq.fasta	WP_373411272|gvpA|protein	WP_373411272|gvpA|protein	explicit_gvpa_source_label	pending_competitive_gvpa_gvpj_verification
ref_000199	train	cluster_000393	70	699456ca14dc91b530821beaa7818b79ebdfa0de3b88f656f2ee36232fad8dba	data/raw/t05/gvpa/GvpA_RefSeq.fasta	WP_372960227|gvpA|protein	WP_372960227|gvpA|protein	explicit_gvpa_source_label	pending_competitive_gvpa_gvpj_verification
ref_000200	train	cluster_000322	78	4f811102c58fb8e77080f5dd3e87eca3f86feb91a847119b6ffe487ef0fe11f1	data/raw/t05/gvpa/GvpA_RefSeq.fasta	WP_267662982|gvpA|protein	WP_267662982|gvpA|protein	explicit_gvpa_source_label	pending_competitive_gvpa_gvpj_verification
ref_000201	train	cluster_000391	70	d8adf42b87bd05b02f3cc763ff67149aa0c8b5efa9a22382983adb8ec3fcbe16	data/raw/t05/gvpa/GvpA_RefSeq.fasta	WP_299881917|gvpA|protein	WP_299881917|gvpA|protein	explicit_gvpa_source_label	pending_competitive_gvpa_gvpj_verification
ref_000202	train	cluster_000179	95	b47c8eec954491beb71449c63366fd48ba5dce86743a074cbdbe978a2a2b450c	data/raw/t05/gvpa/GvpA_RefSeq.fasta	WP_149081285|gvpA|protein	WP_149081285|gvpA|protein	explicit_gvpa_source_label	pending_competitive_gvpa_gvpj_verification
ref_000203	train	cluster_000228	86	ce3165ca201b0c8e2c6c06c285e1bdb19d53d60ee32c4a51fbe5f2bfea086a03	data/raw/t05/gvpa/GvpA_RefSeq.fasta	WP_219165518|gvpA|protein	WP_219165518|gvpA|protein	explicit_gvpa_source_label	pending_competitive_gvpa_gvpj_verification
ref_000204	train	cluster_000314	82	99653906bbbaa3567e58037ebc89d71df155e279b2e9b7a7a4293bfa01ad6bd8	data/raw/t05/gvpa/GvpA_RefSeq.fasta	WP_367750907|gvpA|protein	WP_367750907|gvpA|protein	explicit_gvpa_source_label	pending_competitive_gvpa_gvpj_verification
ref_000205	train	cluster_000233	88	286c7b97c4455a336f39e36553f7844c3b74abba1732c3052c87b33408672ad3	data/raw/t05/gvpa/GvpA_RefSeq.fasta	WP_280768082|gvpA|protein	WP_280768082|gvpA|protein	explicit_gvpa_source_label	pending_competitive_gvpa_gvpj_verification
ref_000206	validation	cluster_000312	72	bb09971e1315fce64b6ebe60ab918eb13f4e62c370d2b46304d7bccf3b3ead2c	data/raw/t05/gvpa/GvpA_RefSeq.fasta	WP_218806347|gvpA|protein	WP_218806347|gvpA|protein	explicit_gvpa_source_label	pending_competitive_gvpa_gvpj_verification
ref_000207	train	cluster_000318	71	0e91ce29d8018f1f6bc63564bb43e1bf4a485fe22bc7a713e9a2e0a3b6c8385c	data/raw/t05/gvpa/GvpA_RefSeq.fasta	WP_054470142|gvpA|protein	WP_054470142|gvpA|protein	explicit_gvpa_source_label	pending_competitive_gvpa_gvpj_verification
ref_000208	train	cluster_000357	73	731f8990c8cbea086350a016d4c0cac3104af7266cbadfed7c66df5ef588aa95	data/raw/t05/gvpa/GvpA_RefSeq.fasta	WP_353564278|gvpA|protein	WP_353564278|gvpA|protein	explicit_gvpa_source_label	pending_competitive_gvpa_gvpj_verification
ref_000209	train	cluster_000179	94	004ac7839755349473240380f645fff65b298b81cd7212d8be9f25d268874df0	data/raw/t05/gvpa/GvpA_RefSeq.fasta	WP_342809826|gvpA|protein	WP_342809826|gvpA|protein	explicit_gvpa_source_label	pending_competitive_gvpa_gvpj_verification
ref_000210	train	cluster_000185	95	07f90c8c92dbdb92b94e1c4becf058d78867504d7c200a8ac59420a67443e648	data/raw/t05/gvpa/GvpA_RefSeq.fasta	WP_339102459|gvpA|protein	WP_339102459|gvpA|protein	explicit_gvpa_source_label	pending_competitive_gvpa_gvpj_verification
ref_000211	train	cluster_000305	84	5c03f7861ccf36dc05336cbb110d6b9466b83c837a45b4254d8ee83f1acb7937	data/raw/t05/gvpa/GvpA_RefSeq.fasta	WP_338727022|gvpA|protein	WP_338727022|gvpA|protein	explicit_gvpa_source_label	pending_competitive_gvpa_gvpj_verification
ref_000212	test	cluster_000178	94	4cea385a8794a0b112c3718b48635d7251fd2b54c59d9aaf7a1aa68ef55f0934	data/raw/t05/gvpa/GvpA_RefSeq.fasta	WP_338007780|gvpA|protein	WP_338007780|gvpA|protein	explicit_gvpa_source_label	pending_competitive_gvpa_gvpj_verification
ref_000213	test	cluster_000178	94	4e9e86277af05dbd050d6026de986c169c801caeb1df279e98d79b71f7f662b6	data/raw/t05/gvpa/GvpA_RefSeq.fasta	WP_338001785|gvpA|protein	WP_338001785|gvpA|protein	explicit_gvpa_source_label	pending_competitive_gvpa_gvpj_verification
ref_000214	train	cluster_000170	95	65113288b099887ef152fd6bb6ea78fe9b22499732ef2573c3ce4e6c82f19f7b	data/raw/t05/gvpa/GvpA_RefSeq.fasta	WP_336343652|gvpA|protein	WP_336343652|gvpA|protein	explicit_gvpa_source_label	pending_competitive_gvpa_gvpj_verification
ref_000215	train	cluster_000305	84	0a6194eed91a047cb43e42df86660279db231e8e43de2021d1f6bd61c0de9318	data/raw/t05/gvpa/GvpA_RefSeq.fasta	WP_332897853|gvpA|protein	WP_332897853|gvpA|protein	explicit_gvpa_source_label	pending_competitive_gvpa_gvpj_verification
ref_000216	train	cluster_000322	72	ea5746ec582bf06f4e03026eb672c30524a41db3d8f7504c2c6530701baaefa7	data/raw/t05/gvpa/GvpA_RefSeq.fasta	WP_332321129|gvpA|protein	WP_332321129|gvpA|protein	explicit_gvpa_source_label	pending_competitive_gvpa_gvpj_verification
ref_000217	train	cluster_000230	89	1a264ded2f369ea42fdd34a334cd2ef3dc4ba698cda2beaf20dcacfe667afa25	data/raw/t05/gvpa/GvpA_RefSeq.fasta	WP_331236528|gvpA|protein	WP_331236528|gvpA|protein	explicit_gvpa_source_label	pending_competitive_gvpa_gvpj_verification
ref_000218	train	cluster_000276	86	edf12e96625a3cd498543a51165a1fe2582809ab9abb59ead2892e6153bce04a	data/raw/t05/gvpa/GvpA_RefSeq.fasta	WP_331233287|gvpA|protein	WP_331233287|gvpA|protein	explicit_gvpa_source_label	pending_competitive_gvpa_gvpj_verification
ref_000219	train	cluster_000297	85	d9b751580230ca0e5773c57e4ce813ad00b52f3d761de387a4ceb48a8b983c68	data/raw/t05/gvpa/GvpA_RefSeq.fasta	WP_313692695|gvpA|protein	WP_313692695|gvpA|protein	explicit_gvpa_source_label	pending_competitive_gvpa_gvpj_verification
ref_000220	train	cluster_000180	95	4d4e00d31d935ed0527dea10b018697cb7c3f72bf199a24b36075804bc95f4cd	data/raw/t05/gvpa/GvpA_RefSeq.fasta	WP_312909280|gvpA|protein	WP_312909280|gvpA|protein	explicit_gvpa_source_label	pending_competitive_gvpa_gvpj_verification
ref_000221	test	cluster_000214	91	0f59cf2a0c4bb65bd34372f8a393246c8ce3799ace769f49a02adab3a57f84c2	data/raw/t05/gvpa/GvpA_RefSeq.fasta	WP_310927095|gvpA|protein	WP_310927095|gvpA|protein	explicit_gvpa_source_label	pending_competitive_gvpa_gvpj_verification
ref_000222	train	cluster_000203	92	4132d6e9996d37d7483a43399d0cf509931b6bc7ffe8affe4d8014ed5a994667	data/raw/t05/gvpa/GvpA_RefSeq.fasta	WP_310905889|gvpA|protein	WP_310905889|gvpA|protein	explicit_gvpa_source_label	pending_competitive_gvpa_gvpj_verification
ref_000223	test	cluster_000178	96	fca422d4ddd5dcd65605aca73a48825de01049d9d8a1773ef99115068238d3f9	data/raw/t05/gvpa/GvpA_RefSeq.fasta	WP_306756674|gvpA|protein	WP_306756674|gvpA|protein	explicit_gvpa_source_label	pending_competitive_gvpa_gvpj_verification
ref_000224	train	cluster_000189	94	d4bbfd09a62903f1dd61a6f9ad8db51b9835b18fbf9766c780f6719f9f1e9643	data/raw/t05/gvpa/GvpA_RefSeq.fasta	WP_306059442|gvpA|protein	WP_306059442|gvpA|protein	explicit_gvpa_source_label	pending_competitive_gvpa_gvpj_verification
ref_000225	train	cluster_000204	92	fd90bc846ac4fc169df6b72c6d79f22f65e19b6288aa31b62ee0ef2b7fbcbd95	data/raw/t05/gvpa/GvpA_RefSeq.fasta	WP_304447146|gvpA|protein	WP_304447146|gvpA|protein	explicit_gvpa_source_label	pending_competitive_gvpa_gvpj_verification
ref_000226	validation	cluster_000330	74	6cb2a4a67fad0b3f22b180db738bb3f59efd73950cd7b341fdf1ef17aafa121f	data/raw/t05/gvpa/GvpA_RefSeq.fasta	WP_296608059|gvpA|protein	WP_296608059|gvpA|protein	explicit_gvpa_source_label	pending_competitive_gvpa_gvpj_verification
ref_000227	train	cluster_000324	78	340bf83afc765d1b00fdd15c36a88211b6ccc7b1557c106bec83457cd9bb095b	data/raw/t05/gvpa/GvpA_RefSeq.fasta	WP_292371610|gvpA|protein	WP_292371610|gvpA|protein	explicit_gvpa_source_label	pending_competitive_gvpa_gvpj_verification
ref_000228	train	cluster_000167	98	833a1708482ad34125e281ec9a7bb5ff185d6b74e637c9a4e71748011be93051	data/raw/t05/gvpa/GvpA_RefSeq.fasta	WP_290814024|gvpA|protein	WP_290814024|gvpA|protein	explicit_gvpa_source_label	pending_competitive_gvpa_gvpj_verification
ref_000229	train	cluster_000277	86	0aeb545239a28bae61f99fbd60bce02d7f124f3277108fc0d913126d6222ba8b	data/raw/t05/gvpa/GvpA_RefSeq.fasta	WP_286046597|gvpA|protein	WP_286046597|gvpA|protein	explicit_gvpa_source_label	pending_competitive_gvpa_gvpj_verification
ref_000230	train	cluster_000252	87	ce5dc523b5749c0ad99a93b9d53e7343c2df1a582dcc1045a1caf959b34254dd	data/raw/t05/gvpa/GvpA_RefSeq.fasta	WP_286043823|gvpA|protein	WP_286043823|gvpA|protein	explicit_gvpa_source_label	pending_competitive_gvpa_gvpj_verification
ref_000231	train	cluster_000167	95	9fda348180c612303cdb7da49eec263f1c4a969cd97d7811ee7730f5dc5f4d4e	data/raw/t05/gvpa/GvpA_RefSeq.fasta	WP_285927312|gvpA|protein	WP_285927312|gvpA|protein	explicit_gvpa_source_label	pending_competitive_gvpa_gvpj_verification
ref_000232	train	cluster_000322	56	db4cf6e6d1d54bfb2db988a958a4fbac20cae6fc7767b874ce483eae1ebc8b85	data/raw/t05/gvpa/GvpA_RefSeq.fasta	WP_285270566|gvpA|protein	WP_285270566|gvpA|protein	explicit_gvpa_source_label	pending_competitive_gvpa_gvpj_verification
ref_000233	train	cluster_000186	95	0145b7d0415b25474bf7a3c8e0a8c493009e798905f413a70669e51a92c9c25b	data/raw/t05/gvpa/GvpA_RefSeq.fasta	WP_283836894|gvpA|protein	WP_283836894|gvpA|protein	explicit_gvpa_source_label	pending_competitive_gvpa_gvpj_verification
ref_000234	train	cluster_000180	94	64b87c36790fe3acd4baa751c7e30662ba7fd5dddd03a8f17f2a097d90e9a793	data/raw/t05/gvpa/GvpA_RefSeq.fasta	WP_278293264|gvpA|protein	WP_278293264|gvpA|protein	explicit_gvpa_source_label	pending_competitive_gvpa_gvpj_verification
ref_000235	validation	cluster_000330	76	0da4fc315e8c5fa1925fb0764a91af43de57873340a143b142e0b66ac5307abb	data/raw/t05/gvpa/GvpA_RefSeq.fasta	WP_276835635|gvpA|protein	WP_276835635|gvpA|protein	explicit_gvpa_source_label	pending_competitive_gvpa_gvpj_verification
ref_000236	validation	cluster_000330	76	62b65b4bdaad5382b6fd1a8fe84b861f9f2785c845ef6d5232a5858759e89434	data/raw/t05/gvpa/GvpA_RefSeq.fasta	WP_276835632|gvpA|protein	WP_276835632|gvpA|protein	explicit_gvpa_source_label	pending_competitive_gvpa_gvpj_verification
ref_000237	validation	cluster_000330	76	644a625ed987b37152d8accd5afc91e83fbb7aa608bf5b736cb83e597789259b	data/raw/t05/gvpa/GvpA_RefSeq.fasta	WP_276835630|gvpA|protein	WP_276835630|gvpA|protein	explicit_gvpa_source_label	pending_competitive_gvpa_gvpj_verification
ref_000238	validation	cluster_000196	93	3dd2d389f45d6f0511d21268defb0f34c51a26455c8e3504fb137cf688b87ebe	data/raw/t05/gvpa/GvpA_RefSeq.fasta	WP_276304827|gvpA|protein	WP_276304827|gvpA|protein	explicit_gvpa_source_label	pending_competitive_gvpa_gvpj_verification
ref_000239	test	cluster_000178	95	bf00fc1bb4a6bea076a5150d4d94cbb2a3a41994343dd8761a39ebcf83a45c14	data/raw/t05/gvpa/GvpA_RefSeq.fasta	WP_276254240|gvpA|protein	WP_276254240|gvpA|protein	explicit_gvpa_source_label	pending_competitive_gvpa_gvpj_verification
ref_000240	train	cluster_000305	84	1f1d6fdb82f348ed948e69813ca969e1811e69f665260cf74fa3f7a057c84e99	data/raw/t05/gvpa/GvpA_RefSeq.fasta	WP_276245661|gvpA|protein	WP_276245661|gvpA|protein	explicit_gvpa_source_label	pending_competitive_gvpa_gvpj_verification
ref_000241	validation	cluster_000149	110	bc5cdb91e80e5d33bb2692c1910e2e61934a72d867eb29ce2772841eba3d3e24	data/raw/t05/gvpa/GvpA_RefSeq.fasta	WP_273836796|gvpA|protein	WP_273836796|gvpA|protein	explicit_gvpa_source_label	pending_competitive_gvpa_gvpj_verification
ref_000242	test	cluster_000178	92	fe2e069c7d192a9aa4be872c95d8c541ca761882f3f5cd67653cf6f33ac13f55	data/raw/t05/gvpa/GvpA_RefSeq.fasta	WP_273740706|gvpA|protein	WP_273740706|gvpA|protein	explicit_gvpa_source_label	pending_competitive_gvpa_gvpj_verification
ref_000243	train	cluster_000141	120	7b672bf4b057eba2ffac19a77bca9f9a17a008432a90a5b77201f2e6c3cc6e24	data/raw/t05/gvpa/GvpA_RefSeq.fasta	WP_269782710|gvpA|protein	WP_269782710|gvpA|protein	explicit_gvpa_source_label	pending_competitive_gvpa_gvpj_verification
ref_000244	train	cluster_000190	94	98f6b86d7ec22351f58755ea2828f25a3b1ca8417fd303b5540b3d023933b12d	data/raw/t05/gvpa/GvpA_RefSeq.fasta	WP_267643774|gvpA|protein	WP_267643774|gvpA|protein	explicit_gvpa_source_label	pending_competitive_gvpa_gvpj_verification
ref_000245	validation	cluster_000158	102	dc2b0da282a1a334132b94fa6b433ee40a84ca23e7aee931a5e7e57eca9070ad	data/raw/t05/gvpa/GvpA_RefSeq.fasta	WP_267623160|gvpA|protein	WP_267623160|gvpA|protein	explicit_gvpa_source_label	pending_competitive_gvpa_gvpj_verification
ref_000246	train	cluster_000313	82	eb796c25a48cdf2ca2d4dadeba00b8fcbecdd1aafff9a5f2eef1c0b32866c085	data/raw/t05/gvpa/GvpA_RefSeq.fasta	WP_266077553|gvpA|protein	WP_266077553|gvpA|protein	explicit_gvpa_source_label	pending_competitive_gvpa_gvpj_verification
ref_000247	train	cluster_000319	80	c0248ec199ed97e6d9eeee75158f72893fb07d4dfcefe6acbbe62039698acf97	data/raw/t05/gvpa/GvpA_RefSeq.fasta	WP_266077548|gvpA|protein	WP_266077548|gvpA|protein	explicit_gvpa_source_label	pending_competitive_gvpa_gvpj_verification
ref_000248	validation	cluster_000151	109	4a87fc740463a61b2d05a11bcb05ac53e96820f7fa9f523dbb26076210cd1f90	data/raw/t05/gvpa/GvpA_RefSeq.fasta	WP_264556325|gvpA|protein	WP_264556325|gvpA|protein	explicit_gvpa_source_label	pending_competitive_gvpa_gvpj_verification
ref_000249	train	cluster_000187	93	b9de124a92fba0281b06c043a18713db03fec66b97dafd593654c7d8ee4bdae4	data/raw/t05/gvpa/GvpA_RefSeq.fasta	WP_264182115|gvpA|protein	WP_264182115|gvpA|protein	explicit_gvpa_source_label	pending_competitive_gvpa_gvpj_verification
ref_000250	train	cluster_000179	93	140f5823a50b88bf41c9cf8f0ecce11b98c5f03d7189a529d0efadf5d087eb18	data/raw/t05/gvpa/GvpA_RefSeq.fasta	WP_263019417|gvpA|protein	WP_263019417|gvpA|protein	explicit_gvpa_source_label	pending_competitive_gvpa_gvpj_verification
ref_000251	train	cluster_000175	96	461115b7000bfd74f56636de688b3e75d1a99451a35df65d49a6e139de49cbf1	data/raw/t05/gvpa/GvpA_RefSeq.fasta	WP_256531060|gvpA|protein	WP_256531060|gvpA|protein	explicit_gvpa_source_label	pending_competitive_gvpa_gvpj_verification
ref_000252	test	cluster_000191	94	941dc16f5af7d70127ae0c0e7203c2ef799137e2454fcbd39a483297c7446912	data/raw/t05/gvpa/GvpA_RefSeq.fasta	WP_256394859|gvpA|protein	WP_256394859|gvpA|protein	explicit_gvpa_source_label	pending_competitive_gvpa_gvpj_verification
ref_000253	train	cluster_000197	93	bc61cfaf37743c96bcc099f173009a97501e9412f819aabc6f95ac7091dec987	data/raw/t05/gvpa/GvpA_RefSeq.fasta	WP_256392402|gvpA|protein	WP_256392402|gvpA|protein	explicit_gvpa_source_label	pending_competitive_gvpa_gvpj_verification
ref_000254	train	cluster_000179	96	fa2383cbfbff83286c6190e5f9ab210e692563b8c092e007a6f07b929ad5936a	data/raw/t05/gvpa/GvpA_RefSeq.fasta	WP_255193947|gvpA|protein	WP_255193947|gvpA|protein	explicit_gvpa_source_label	pending_competitive_gvpa_gvpj_verification
ref_000255	train	cluster_000180	95	0ae199fc6d044a2da1351509b524fc07b4da56bff0ab0a0763d56a10601c206a	data/raw/t05/gvpa/GvpA_RefSeq.fasta	WP_255167832|gvpA|protein	WP_255167832|gvpA|protein	explicit_gvpa_source_label	pending_competitive_gvpa_gvpj_verification
ref_000256	train	cluster_000167	97	dca06c4ca76aafac96e935b72d0eee29c4619e4488f965d6467f9755e642ab6b	data/raw/t05/gvpa/GvpA_RefSeq.fasta	WP_254863316|gvpA|protein	WP_254863316|gvpA|protein	explicit_gvpa_source_label	pending_competitive_gvpa_gvpj_verification
ref_000257	train	cluster_000161	99	c7cb28cf54b6a88ff785e5323cd1bdbffa96279c0b39492eeb6a14c7568905bc	data/raw/t05/gvpa/GvpA_RefSeq.fasta	WP_254765721|gvpA|protein	WP_254765721|gvpA|protein	explicit_gvpa_source_label	pending_competitive_gvpa_gvpj_verification
ref_000258	validation	cluster_000196	93	5577d4ac8367231fcec50f83da91db8ca882c0dc8629ac4a66b76fa0e8de5f57	data/raw/t05/gvpa/GvpA_RefSeq.fasta	WP_254545002|gvpA|protein	WP_254545002|gvpA|protein	explicit_gvpa_source_label	pending_competitive_gvpa_gvpj_verification
ref_000259	validation	cluster_000172	97	c5a4c69d0879da5e661497a4711c5ba745137829a29919810698fe674bd10d27	data/raw/t05/gvpa/GvpA_RefSeq.fasta	WP_254535116|gvpA|protein	WP_254535116|gvpA|protein	explicit_gvpa_source_label	pending_competitive_gvpa_gvpj_verification
ref_000260	test	cluster_000178	95	d6e9dabc7155ae370ddb09e0bae20bdbc48caa253ce39756dca03bc4a0e50d8b	data/raw/t05/gvpa/GvpA_RefSeq.fasta	WP_254532508|gvpA|protein	WP_254532508|gvpA|protein	explicit_gvpa_source_label	pending_competitive_gvpa_gvpj_verification
ref_000261	train	cluster_000187	95	05a00477d12701f3890c1dd96656653d2f67adee9a1f126760ee634cb9b35334	data/raw/t05/gvpa/GvpA_RefSeq.fasta	WP_254525374|gvpA|protein	WP_254525374|gvpA|protein	explicit_gvpa_source_label	pending_competitive_gvpa_gvpj_verification
ref_000262	train	cluster_000167	92	75679c0d4db585656573044908e13a67effd912339ddc8eec2ed6e7a995e9417	data/raw/t05/gvpa/GvpA_RefSeq.fasta	WP_254160480|gvpA|protein	WP_254160480|gvpA|protein	explicit_gvpa_source_label	pending_competitive_gvpa_gvpj_verification
ref_000263	test	cluster_000191	94	2ef2790cebd0bc14e528c3f6696d3996539acc6ce896e57e9e44a6afff83563c	data/raw/t05/gvpa/GvpA_RefSeq.fasta	WP_253738026|gvpA|protein	WP_253738026|gvpA|protein	explicit_gvpa_source_label	pending_competitive_gvpa_gvpj_verification
ref_000264	train	cluster_000180	95	8d29ff35edf68fc809deca67c394601f9988a9628d0099af15ed1cb1d44b7a5f	data/raw/t05/gvpa/GvpA_RefSeq.fasta	WP_253437521|gvpA|protein	WP_253437521|gvpA|protein	explicit_gvpa_source_label	pending_competitive_gvpa_gvpj_verification
ref_000265	train	cluster_000167	92	ee10b37a92559cba1989732ac44f05e8bde57068b78b573e193360b62d897bf7	data/raw/t05/gvpa/GvpA_RefSeq.fasta	WP_253430212|gvpA|protein	WP_253430212|gvpA|protein	explicit_gvpa_source_label	pending_competitive_gvpa_gvpj_verification
ref_000266	train	cluster_000179	95	f49fe3672d6fdfda7cc7ec0b9a4f54af44ee8f53326ed5f3c0b281e5a61cd93b	data/raw/t05/gvpa/GvpA_RefSeq.fasta	WP_252700730|gvpA|protein	WP_252700730|gvpA|protein	explicit_gvpa_source_label	pending_competitive_gvpa_gvpj_verification
ref_000267	train	cluster_000188	95	53979ea823175001b77b6bbf60f4288bd1629111bcc1c87c4ca10c6e175c17e6	data/raw/t05/gvpa/GvpA_RefSeq.fasta	WP_250874940|gvpA|protein	WP_250874940|gvpA|protein	explicit_gvpa_source_label	pending_competitive_gvpa_gvpj_verification
ref_000268	train	cluster_000163	99	84eddb9c9ecca10afd5a775c11e3d7bab42a1aff8c6bad25b1b013a542f3bc54	data/raw/t05/gvpa/GvpA_RefSeq.fasta	WP_250872509|gvpA|protein	WP_250872509|gvpA|protein	explicit_gvpa_source_label	pending_competitive_gvpa_gvpj_verification
ref_000269	train	cluster_000167	95	a7791ad55c70e7fd346219c5a78230165d2e97e2e807cb98c29fac4b45d5a0de	data/raw/t05/gvpa/GvpA_RefSeq.fasta	WP_250139719|gvpA|protein	WP_250139719|gvpA|protein	explicit_gvpa_source_label	pending_competitive_gvpa_gvpj_verification
ref_000270	train	cluster_000153	109	b28a6bed955c267791e6d3709c242af34793b4f5066cb44d244505ac9d8b631f	data/raw/t05/gvpa/GvpA_RefSeq.fasta	WP_248909849|gvpA|protein	WP_248909849|gvpA|protein	explicit_gvpa_source_label	pending_competitive_gvpa_gvpj_verification
ref_000271	train	cluster_000205	92	e38f9994094842734a9646ac09c5e24019856960bca5d05986072a34d720515a	data/raw/t05/gvpa/GvpA_RefSeq.fasta	WP_248905493|gvpA|protein	WP_248905493|gvpA|protein	explicit_gvpa_source_label	pending_competitive_gvpa_gvpj_verification
ref_000272	train	cluster_000206	92	a7ccf9f8dd2634fb8865a974bed75f2eb951c05b029415bc1b95e882706a1adf	data/raw/t05/gvpa/GvpA_RefSeq.fasta	WP_247995707|gvpA|protein	WP_247995707|gvpA|protein	explicit_gvpa_source_label	pending_competitive_gvpa_gvpj_verification
ref_000273	train	cluster_000173	97	2257aec2c4abeff42ec43bfebdc376d024c4499995e46a6ba2ec53fff8ad6556	data/raw/t05/gvpa/GvpA_RefSeq.fasta	WP_247729007|gvpA|protein	WP_247729007|gvpA|protein	explicit_gvpa_source_label	pending_competitive_gvpa_gvpj_verification
ref_000274	train	cluster_000188	95	0a5813d34fb4f832fd7d9748d68c12fae82607f9da230322e66fab8afe74727b	data/raw/t05/gvpa/GvpA_RefSeq.fasta	WP_247416651|gvpA|protein	WP_247416651|gvpA|protein	explicit_gvpa_source_label	pending_competitive_gvpa_gvpj_verification
ref_000275	train	cluster_000167	95	a49cfe7d33cec22c39058e6f0aa13a93c8f0dfff7754574197d17888f1fc55ff	data/raw/t05/gvpa/GvpA_RefSeq.fasta	WP_247001169|gvpA|protein	WP_247001169|gvpA|protein	explicit_gvpa_source_label	pending_competitive_gvpa_gvpj_verification
ref_000276	train	cluster_000161	100	36bb407811468e3b13d90e626301deeb01927eea89c4e17ceb13648826572d8f	data/raw/t05/gvpa/GvpA_RefSeq.fasta	WP_246971313|gvpA|protein	WP_246971313|gvpA|protein	explicit_gvpa_source_label	pending_competitive_gvpa_gvpj_verification
ref_000277	train	cluster_000157	102	cc5d159ca664e171159faf64874edda58bcf4f93389e556aa786d789e977288a	data/raw/t05/gvpa/GvpA_RefSeq.fasta	WP_244704578|gvpA|protein	WP_244704578|gvpA|protein	explicit_gvpa_source_label	pending_competitive_gvpa_gvpj_verification
ref_000278	train	cluster_000321	79	7a11e816ce4f33f127ab672bd7fd1e087ce3ae422a271ad4ba9ba60d9ffcbb18	data/raw/t05/gvpa/GvpA_RefSeq.fasta	WP_229388838|gvpA|protein	WP_229388838|gvpA|protein	explicit_gvpa_source_label	pending_competitive_gvpa_gvpj_verification
ref_000279	validation	cluster_000278	86	abe747a6a02da3a854f904f55ae2e270b0dcfdd0a91bb243b8122f76ca1b6701	data/raw/t05/gvpa/GvpA_RefSeq.fasta	WP_227775558|gvpA|protein	WP_227775558|gvpA|protein	explicit_gvpa_source_label	pending_competitive_gvpa_gvpj_verification
ref_000280	train	cluster_000306	84	04e4c15b93bd18832d3624d3cab0dd8efc526ba0885dbef36d4312b17746e305	data/raw/t05/gvpa/GvpA_RefSeq.fasta	WP_227380740|gvpA|protein	WP_227380740|gvpA|protein	explicit_gvpa_source_label	pending_competitive_gvpa_gvpj_verification
ref_000281	train	cluster_000306	84	b14fdba1c12c78ac448516578d86300dcd54343b45823a68083ccd180c8caf83	data/raw/t05/gvpa/GvpA_RefSeq.fasta	WP_227373847|gvpA|protein	WP_227373847|gvpA|protein	explicit_gvpa_source_label	pending_competitive_gvpa_gvpj_verification
ref_000282	train	cluster_000306	84	161cd7e3295f80b2452b83f5cd010d94c013909fe0747f2f6b00f5f4bb0eaa2c	data/raw/t05/gvpa/GvpA_RefSeq.fasta	WP_227354244|gvpA|protein	WP_227354244|gvpA|protein	explicit_gvpa_source_label	pending_competitive_gvpa_gvpj_verification
ref_000283	train	cluster_000331	76	27cf1e5aac6ec3dd931dff21f72095eed48d09c3f568003ed3775261bc0e6122	data/raw/t05/gvpa/GvpA_RefSeq.fasta	WP_227132931|gvpA|protein	WP_227132931|gvpA|protein	explicit_gvpa_source_label	pending_competitive_gvpa_gvpj_verification
ref_000284	test	cluster_000178	92	d4ba65189ba86a477cc5ef0f66429d8e911333cad147cb074025253abb37da7f	data/raw/t05/gvpa/GvpA_RefSeq.fasta	WP_226041793|gvpA|protein	WP_226041793|gvpA|protein	explicit_gvpa_source_label	pending_competitive_gvpa_gvpj_verification
ref_000285	train	cluster_000167	95	a9c10692b45d32f772b49ae4400b85a55c24b3655085701096adf67a6d89a507	data/raw/t05/gvpa/GvpA_RefSeq.fasta	WP_226007125|gvpA|protein	WP_226007125|gvpA|protein	explicit_gvpa_source_label	pending_competitive_gvpa_gvpj_verification
ref_000286	train	cluster_000253	87	c477483bf308ed286dafd66898b1afa93f47b811493f49b76b651d0d3dcb7403	data/raw/t05/gvpa/GvpA_RefSeq.fasta	WP_224447735|gvpA|protein	WP_224447735|gvpA|protein	explicit_gvpa_source_label	pending_competitive_gvpa_gvpj_verification
ref_000287	train	cluster_000215	90	e31d0685f6a3fa9a63fd6193f3d90958501acaa75a873ac24a4c438b68d2330c	data/raw/t05/gvpa/GvpA_RefSeq.fasta	WP_224332750|gvpA|protein	WP_224332750|gvpA|protein	explicit_gvpa_source_label	pending_competitive_gvpa_gvpj_verification
ref_000288	train	cluster_000215	91	0a9ee98cbcc2eabfac385b890fd7bc5f1682f6995b216b438dea5feb6bd62e2a	data/raw/t05/gvpa/GvpA_RefSeq.fasta	WP_224270101|gvpA|protein	WP_224270101|gvpA|protein	explicit_gvpa_source_label	pending_competitive_gvpa_gvpj_verification
ref_000289	train	cluster_000187	95	4d722634e257d2a7d1338858bded9b52176fe2d51e0d0507a808dd93b62c2a49	data/raw/t05/gvpa/GvpA_RefSeq.fasta	WP_222918710|gvpA|protein	WP_222918710|gvpA|protein	explicit_gvpa_source_label	pending_competitive_gvpa_gvpj_verification
ref_000290	validation	cluster_000195	93	3ca11356bba8d59e0a3715bee43b09845f1c7879f899f72959aa2bcf59603f68	data/raw/t05/gvpa/GvpA_RefSeq.fasta	WP_220580832|gvpA|protein	WP_220580832|gvpA|protein	explicit_gvpa_source_label	pending_competitive_gvpa_gvpj_verification
ref_000291	train	cluster_000238	88	7d1d4ec0845163a487d66c420796f6482ca852eab0c9282b03fc0c125ba15dd8	data/raw/t05/gvpa/GvpA_RefSeq.fasta	WP_218153787|gvpA|protein	WP_218153787|gvpA|protein	explicit_gvpa_source_label	pending_competitive_gvpa_gvpj_verification
ref_000292	test	cluster_000178	95	82e4660fb87f57daff301dfe4130bc4899fa88daf9461bb210d8b33d8160ea71	data/raw/t05/gvpa/GvpA_RefSeq.fasta	WP_207587676|gvpA|protein	WP_207587676|gvpA|protein	explicit_gvpa_source_label	pending_competitive_gvpa_gvpj_verification
ref_000293	train	cluster_000185	95	4dc9c1477d3d6b181da7459081875eca89af9f16bfff711a31c8124578309943	data/raw/t05/gvpa/GvpA_RefSeq.fasta	WP_207289157|gvpA|protein	WP_207289157|gvpA|protein	explicit_gvpa_source_label	pending_competitive_gvpa_gvpj_verification
ref_000294	test	cluster_000178	96	1aef09f774a1818b7e241a497f1019c8c5004db4b09485bc075fd1124e5b6cfb	data/raw/t05/gvpa/GvpA_RefSeq.fasta	WP_207288917|gvpA|protein	WP_207288917|gvpA|protein	explicit_gvpa_source_label	pending_competitive_gvpa_gvpj_verification
ref_000295	test	cluster_000178	94	dbd11e06d90ad48401af88eed365b119c47a8a6791e5241aa2c7c16325b4a749	data/raw/t05/gvpa/GvpA_RefSeq.fasta	WP_207269842|gvpA|protein	WP_207269842|gvpA|protein	explicit_gvpa_source_label	pending_competitive_gvpa_gvpj_verification
ref_000296	train	cluster_000322	73	1ed909a554bd91f8870f86101c7b69e680247a3cd2b0fa7e2abc3f136c712172	data/raw/t05/gvpa/GvpA_RefSeq.fasta	WP_207269332|gvpA|protein	WP_207269332|gvpA|protein	explicit_gvpa_source_label	pending_competitive_gvpa_gvpj_verification
ref_000297	train	cluster_000322	72	ac44a557fbffad89a437e1026e0c27f6123339c61d030f455ebf334321705841	data/raw/t05/gvpa/GvpA_RefSeq.fasta	WP_188786682|gvpA|protein	WP_188786682|gvpA|protein	explicit_gvpa_source_label	pending_competitive_gvpa_gvpj_verification
ref_000298	train	cluster_000322	78	4d627ec7ce40cceb1d25b3a543fe91316e6bb43c760ea864dc599f514738fc0f	data/raw/t05/gvpa/GvpA_RefSeq.fasta	WP_181692579|gvpA|protein	WP_181692579|gvpA|protein	explicit_gvpa_source_label	pending_competitive_gvpa_gvpj_verification
ref_000299	train	cluster_000298	85	4a610b8daff21e47628899f45527e056a293252b40315ad74c35fae02520e728	data/raw/t05/gvpa/GvpA_RefSeq.fasta	WP_179267280|gvpA|protein	WP_179267280|gvpA|protein	explicit_gvpa_source_label	pending_competitive_gvpa_gvpj_verification
ref_000300	test	cluster_000178	95	bf5abb4d953e0d6aaa1f2b504bb07449e4a36340f9e5f7a959e4eda39973132d	data/raw/t05/gvpa/GvpA_RefSeq.fasta	WP_179259819|gvpA|protein	WP_179259819|gvpA|protein	explicit_gvpa_source_label	pending_competitive_gvpa_gvpj_verification
ref_000301	train	cluster_000240	88	32fcf9c5b6202c499dc1a79030b4ef28d478a9d90e34a12676f797ac6b5f169d	data/raw/t05/gvpa/GvpA_RefSeq.fasta	WP_179171077|gvpA|protein	WP_179171077|gvpA|protein	explicit_gvpa_source_label	pending_competitive_gvpa_gvpj_verification
ref_000302	train	cluster_000299	85	34e09ae9d7236edc844bd9d7cb469e7a24024a380d0d79604cbdba31a25abe91	data/raw/t05/gvpa/GvpA_RefSeq.fasta	WP_179170132|gvpA|protein	WP_179170132|gvpA|protein	explicit_gvpa_source_label	pending_competitive_gvpa_gvpj_verification
ref_000303	train	cluster_000174	97	7a647eeb22ff0d5a70c492e0cc4e2f6fa633b6f6ed86ea29d1c01f39229a5f62	data/raw/t05/gvpa/GvpA_RefSeq.fasta	WP_178335387|gvpA|protein	WP_178335387|gvpA|protein	explicit_gvpa_source_label	pending_competitive_gvpa_gvpj_verification
ref_000304	train	cluster_000179	95	05d62502987d9405b8afcb2a362db70fdbd68e573d229f7913ad099b24cf88c6	data/raw/t05/gvpa/GvpA_RefSeq.fasta	WP_174678802|gvpA|protein	WP_174678802|gvpA|protein	explicit_gvpa_source_label	pending_competitive_gvpa_gvpj_verification
ref_000305	test	cluster_000178	96	48f4fc548c0153a5775e2d82043989ed247fc9808988e192c6cac4754329cc1b	data/raw/t05/gvpa/GvpA_RefSeq.fasta	WP_165161358|gvpA|protein	WP_165161358|gvpA|protein	explicit_gvpa_source_label	pending_competitive_gvpa_gvpj_verification
ref_000306	validation	cluster_000195	93	42d774e2b731f8e5de6ac1393aff775d6bee92ee1cc3dbf92e88a48dff3f6728	data/raw/t05/gvpa/GvpA_RefSeq.fasta	WP_162413127|gvpA|protein	WP_162413127|gvpA|protein	explicit_gvpa_source_label	pending_competitive_gvpa_gvpj_verification
ref_000307	test	cluster_000178	96	0077c6cbf903d0b8013785e9c2d3858815e8c0423542a065d5cdb65ad21cfb84	data/raw/t05/gvpa/GvpA_RefSeq.fasta	WP_160063339|gvpA|protein	WP_160063339|gvpA|protein	explicit_gvpa_source_label	pending_competitive_gvpa_gvpj_verification
ref_000308	train	cluster_000188	95	373d638b02f47e751a57c41721893eb012f9c8426d44eccf9a30d2d9afd3030c	data/raw/t05/gvpa/GvpA_RefSeq.fasta	WP_158205683|gvpA|protein	WP_158205683|gvpA|protein	explicit_gvpa_source_label	pending_competitive_gvpa_gvpj_verification
ref_000309	train	cluster_000250	85	873dfd59523575571c0b5a852b23c36dbfdd894fd7b15dc4d7d0328398c94192	data/raw/t05/gvpa/GvpA_RefSeq.fasta	WP_158056335|gvpA|protein	WP_158056335|gvpA|protein	explicit_gvpa_source_label	pending_competitive_gvpa_gvpj_verification
ref_000310	train	cluster_000189	94	3beea3bf721df3e90ae2c6d908b7aae76b4eaf09f5b646a01af8ad8019adf5be	data/raw/t05/gvpa/GvpA_RefSeq.fasta	WP_148860446|gvpA|protein	WP_148860446|gvpA|protein	explicit_gvpa_source_label	pending_competitive_gvpa_gvpj_verification
ref_000311	train	cluster_000322	76	cac8cf4903b24e69aca846877fc06700a4c359f2f91bccf0bc18d01efd85d458	data/raw/t05/gvpa/GvpA_RefSeq.fasta	WP_145843683|gvpA|protein	WP_145843683|gvpA|protein	explicit_gvpa_source_label	pending_competitive_gvpa_gvpj_verification
ref_000312	train	cluster_000322	76	2a93193629740c6b70afaf073c3de7dac6d79ebf780c22b99addd3e1a8872350	data/raw/t05/gvpa/GvpA_RefSeq.fasta	WP_144261482|gvpA|protein	WP_144261482|gvpA|protein	explicit_gvpa_source_label	pending_competitive_gvpa_gvpj_verification
ref_000313	train	cluster_000179	94	dc6aa26cbe06c32b68c260b69a10a159aad675ed26e13576b1dcb701f11fe265	data/raw/t05/gvpa/GvpA_RefSeq.fasta	WP_141465890|gvpA|protein	WP_141465890|gvpA|protein	explicit_gvpa_source_label	pending_competitive_gvpa_gvpj_verification
ref_000314	test	cluster_000178	95	bda4e304d446361a159c993095577115b3473052d3000dd181865e8db68e4361	data/raw/t05/gvpa/GvpA_RefSeq.fasta	WP_138780111|gvpA|protein	WP_138780111|gvpA|protein	explicit_gvpa_source_label	pending_competitive_gvpa_gvpj_verification
ref_000315	train	cluster_000179	95	7d45d6cf3df5d3d36985ffaae9b4dca4613dcc012597c5869c1497bfb7f7e173	data/raw/t05/gvpa/GvpA_RefSeq.fasta	WP_137291688|gvpA|protein	WP_137291688|gvpA|protein	explicit_gvpa_source_label	pending_competitive_gvpa_gvpj_verification
ref_000316	validation	cluster_000195	93	200ecff40f6b83ca60f947ac373e44b4fa429130e9e83ff16612f1f26cfc3724	data/raw/t05/gvpa/GvpA_RefSeq.fasta	WP_135305013|gvpA|protein	WP_135305013|gvpA|protein	explicit_gvpa_source_label	pending_competitive_gvpa_gvpj_verification
ref_000317	test	cluster_000178	95	1f7ab0dfc808b4ef03c3a3a7d3b7aff271b6b8d527a1dff74c65ce73a26aa483	data/raw/t05/gvpa/GvpA_RefSeq.fasta	WP_130499831|gvpA|protein	WP_130499831|gvpA|protein	explicit_gvpa_source_label	pending_competitive_gvpa_gvpj_verification
ref_000318	train	cluster_000216	91	0e8669cb5fbefecf56bd1697b3d2dfc1f02ea47ac89f424acb6d55829e1f6a88	data/raw/t05/gvpa/GvpA_RefSeq.fasta	WP_129115144|gvpA|protein	WP_129115144|gvpA|protein	explicit_gvpa_source_label	pending_competitive_gvpa_gvpj_verification
ref_000319	train	cluster_000217	91	0e5f42f63b697d7ae2522db4cc4e4b767a2f9bc60f48d1dbe33481842d755da4	data/raw/t05/gvpa/GvpA_RefSeq.fasta	WP_129113450|gvpA|protein	WP_129113450|gvpA|protein	explicit_gvpa_source_label	pending_competitive_gvpa_gvpj_verification
ref_000320	validation	cluster_000151	111	9fd0842a53e077dc147a850cd8d6e3deb845fe96e9ea825b3c2e830bac3b6ea8	data/raw/t05/gvpa/GvpA_RefSeq.fasta	WP_124955529|gvpA|protein	WP_124955529|gvpA|protein	explicit_gvpa_source_label	pending_competitive_gvpa_gvpj_verification
ref_000321	train	cluster_000206	92	819a3c6792d744ecbd3df054e47bd22e8778614360a65140831dcca62f2baa9a	data/raw/t05/gvpa/GvpA_RefSeq.fasta	WP_124954518|gvpA|protein	WP_124954518|gvpA|protein	explicit_gvpa_source_label	pending_competitive_gvpa_gvpj_verification
ref_000322	train	cluster_000179	95	74aacbad701be1598660e6ea3918fb6233e65fb0bdeacc530544ac385f3fcb28	data/raw/t05/gvpa/GvpA_RefSeq.fasta	WP_124194920|gvpA|protein	WP_124194920|gvpA|protein	explicit_gvpa_source_label	pending_competitive_gvpa_gvpj_verification
ref_000323	train	cluster_000180	95	7ee1d64f80049d71603c3af6a49d66d0c0f9785517dba1e88c751b17d25cee31	data/raw/t05/gvpa/GvpA_RefSeq.fasta	WP_124177937|gvpA|protein	WP_124177937|gvpA|protein	explicit_gvpa_source_label	pending_competitive_gvpa_gvpj_verification
ref_000324	train	cluster_000180	95	9ba949b2aab9e2be689813d4dd9d11381224286210801b51bf61c9dc7415dff2	data/raw/t05/gvpa/GvpA_RefSeq.fasta	WP_121744691|gvpA|protein	WP_121744691|gvpA|protein	explicit_gvpa_source_label	pending_competitive_gvpa_gvpj_verification
ref_000325	train	cluster_000184	95	d1b057f953bd558c0457518dff2b0d5f7603c86a6714b7248bb19e85412d7a81	data/raw/t05/gvpa/GvpA_RefSeq.fasta	WP_121744350|gvpA|protein	WP_121744350|gvpA|protein	explicit_gvpa_source_label	pending_competitive_gvpa_gvpj_verification
ref_000326	train	cluster_000157	102	707da4af3acf7f03536c5c37248f79250352a88e220d32a2bb8df2075eb63b07	data/raw/t05/gvpa/GvpA_RefSeq.fasta	WP_120074899|gvpA|protein	WP_120074899|gvpA|protein	explicit_gvpa_source_label	pending_competitive_gvpa_gvpj_verification
ref_000327	train	cluster_000215	90	3e013aaa6defa9421798fff8e354ef30a45acf5afc839e06d7c6c6c1bded1ff1	data/raw/t05/gvpa/GvpA_RefSeq.fasta	WP_117592720|gvpA|protein	WP_117592720|gvpA|protein	explicit_gvpa_source_label	pending_competitive_gvpa_gvpj_verification
ref_000328	train	cluster_000167	94	ccd25408209dd226eaf95c9255ff0de12c04411c57c39f04faa95f79a7841930	data/raw/t05/gvpa/GvpA_RefSeq.fasta	WP_117364027|gvpA|protein	WP_117364027|gvpA|protein	explicit_gvpa_source_label	pending_competitive_gvpa_gvpj_verification
ref_000329	train	cluster_000180	96	67dd37821af98e87666e5a31bf3f8cca05fbcdf425b9706e6853ca251f145d21	data/raw/t05/gvpa/GvpA_RefSeq.fasta	WP_114575686|gvpA|protein	WP_114575686|gvpA|protein	explicit_gvpa_source_label	pending_competitive_gvpa_gvpj_verification
ref_000330	validation	cluster_000218	91	26dcc139685992f211f4708924a3a2106e0b1eedf1891ca88bb45b364bfe0ced	data/raw/t05/gvpa/GvpA_RefSeq.fasta	WP_101296553|gvpA|protein	WP_101296553|gvpA|protein	explicit_gvpa_source_label	pending_competitive_gvpa_gvpj_verification
ref_000331	test	cluster_000178	92	87d470267a8c16ab7df940fb92fc4a563e7753d63814e65247f4b39ca6166837	data/raw/t05/gvpa/GvpA_RefSeq.fasta	WP_098726914|gvpA|protein	WP_098726914|gvpA|protein	explicit_gvpa_source_label	pending_competitive_gvpa_gvpj_verification
ref_000332	train	cluster_000167	94	1eda5f35014077cd8e255895b81bcbbd3ddca329cac29a21a39478022f8aeb9d	data/raw/t05/gvpa/GvpA_RefSeq.fasta	WP_097380016|gvpA|protein	WP_097380016|gvpA|protein	explicit_gvpa_source_label	pending_competitive_gvpa_gvpj_verification
ref_000333	train	cluster_000224	90	b872ca2d5a2d145dce354d36d77e70eb10a08b2055989b6d954f684f6957713d	data/raw/t05/gvpa/GvpA_RefSeq.fasta	WP_097009060|gvpA|protein	WP_097009060|gvpA|protein	explicit_gvpa_source_label	pending_competitive_gvpa_gvpj_verification
ref_000334	train	cluster_000332	76	b3561a1e0242e2259486fe4e0fe24920cc0a6cfa37ee2d5ee0f4ab2b949738c6	data/raw/t05/gvpa/GvpA_RefSeq.fasta	WP_095644993|gvpA|protein	WP_095644993|gvpA|protein	explicit_gvpa_source_label	pending_competitive_gvpa_gvpj_verification
ref_000335	train	cluster_000332	76	ede685c8031e89299cf7a422150732c34db87965882e0ac21561377ae427499f	data/raw/t05/gvpa/GvpA_RefSeq.fasta	WP_095644610|gvpA|protein	WP_095644610|gvpA|protein	explicit_gvpa_source_label	pending_competitive_gvpa_gvpj_verification
ref_000336	train	cluster_000156	103	2c92df9e3660ae4ae496e54c73138cca30fb4548c57f0128289efe9f3f7cac36	data/raw/t05/gvpa/GvpA_RefSeq.fasta	WP_094525166|gvpA|protein	WP_094525166|gvpA|protein	explicit_gvpa_source_label	pending_competitive_gvpa_gvpj_verification
ref_000337	test	cluster_000178	95	d80e058d93177215aa4b827adc631f2a7322ab03a6cae75ab72c3d5738e3ecab	data/raw/t05/gvpa/GvpA_RefSeq.fasta	WP_092931071|gvpA|protein	WP_092931071|gvpA|protein	explicit_gvpa_source_label	pending_competitive_gvpa_gvpj_verification
ref_000338	train	cluster_000192	94	dbcea97f4e8354ba3556f158a30c55283df4e86ebf04d7cb671a0b5bc988481e	data/raw/t05/gvpa/GvpA_RefSeq.fasta	WP_092903619|gvpA|protein	WP_092903619|gvpA|protein	explicit_gvpa_source_label	pending_competitive_gvpa_gvpj_verification
ref_000339	train	cluster_000207	92	81de2b78d291d512c1e2b89ae8836cdb922d557f92f68910cd6dc03255675b39	data/raw/t05/gvpa/GvpA_RefSeq.fasta	WP_090618336|gvpA|protein	WP_090618336|gvpA|protein	explicit_gvpa_source_label	pending_competitive_gvpa_gvpj_verification
ref_000340	train	cluster_000167	94	9ca97034ea4d97950343fc033bf484179c8f92c0a6eacdd99f4c28a6aec2bc6e	data/raw/t05/gvpa/GvpA_RefSeq.fasta	WP_090613434|gvpA|protein	WP_090613434|gvpA|protein	explicit_gvpa_source_label	pending_competitive_gvpa_gvpj_verification
ref_000341	train	cluster_000179	94	6b2c0d4d7468a9bb7cde732e238d1ac37ecf48b7594a4e6dd060ed6a29af1d8a	data/raw/t05/gvpa/GvpA_RefSeq.fasta	WP_090506853|gvpA|protein	WP_090506853|gvpA|protein	explicit_gvpa_source_label	pending_competitive_gvpa_gvpj_verification
ref_000342	train	cluster_000179	95	4b58b860e36e01bdb682367fbf44812eba6dd58e4e934c378bd9d6aadce1cc6b	data/raw/t05/gvpa/GvpA_RefSeq.fasta	WP_090381763|gvpA|protein	WP_090381763|gvpA|protein	explicit_gvpa_source_label	pending_competitive_gvpa_gvpj_verification
ref_000343	train	cluster_000179	95	d92cb9dcfcf48b731b50931bffc59d2a1f06a3ae808fdec2f664a3f0d1d9d321	data/raw/t05/gvpa/GvpA_RefSeq.fasta	WP_090303974|gvpA|protein	WP_090303974|gvpA|protein	explicit_gvpa_source_label	pending_competitive_gvpa_gvpj_verification
ref_000344	test	cluster_000178	95	57d11d6b58e3b78591e1768389256cd64c1e0161e57131810a0337f1ac2169de	data/raw/t05/gvpa/GvpA_RefSeq.fasta	WP_090303661|gvpA|protein	WP_090303661|gvpA|protein	explicit_gvpa_source_label	pending_competitive_gvpa_gvpj_verification
ref_000345	train	cluster_000208	90	50547bc898f61f24df2523add228d653ee8b40ed98eed53b3ba22738f4493ddc	data/raw/t05/gvpa/GvpA_RefSeq.fasta	WP_089878752|gvpA|protein	WP_089878752|gvpA|protein	explicit_gvpa_source_label	pending_competitive_gvpa_gvpj_verification
ref_000346	train	cluster_000156	104	457c7fa4e188543254407dcd7ec0b9f4c753a7f7645e0d50bffe5dc2233d678b	data/raw/t05/gvpa/GvpA_RefSeq.fasta	WP_089821089|gvpA|protein	WP_089821089|gvpA|protein	explicit_gvpa_source_label	pending_competitive_gvpa_gvpj_verification
ref_000347	train	cluster_000208	92	b28d4ac8e7cffa9c025926a8e11393955e2c916c71da146164fbf842c214385e	data/raw/t05/gvpa/GvpA_RefSeq.fasta	WP_089805792|gvpA|protein	WP_089805792|gvpA|protein	explicit_gvpa_source_label	pending_competitive_gvpa_gvpj_verification
ref_000348	test	cluster_000191	94	d15f613fad1b42703ddc1ccbd88fa6e754ed11b30dd462f8870eb398cdaad739	data/raw/t05/gvpa/GvpA_RefSeq.fasta	WP_089671674|gvpA|protein	WP_089671674|gvpA|protein	explicit_gvpa_source_label	pending_competitive_gvpa_gvpj_verification
ref_000349	train	cluster_000322	78	bf0dfc6c51956e5d54f7904eabcfda2aca05adff69b9fb1a544c2635718dc258	data/raw/t05/gvpa/GvpA_RefSeq.fasta	WP_089386074|gvpA|protein	WP_089386074|gvpA|protein	explicit_gvpa_source_label	pending_competitive_gvpa_gvpj_verification
ref_000350	train	cluster_000179	93	86af2bea85657bdc848aca42419445b798020105b889944f0f4a23c1f143c95c	data/raw/t05/gvpa/GvpA_RefSeq.fasta	WP_086886824|gvpA|protein	WP_086886824|gvpA|protein	explicit_gvpa_source_label	pending_competitive_gvpa_gvpj_verification
ref_000351	train	cluster_000179	94	6681febe116459c77b18efad7fef5a7301d8814a9125f9ef8f9f141b621e879c	data/raw/t05/gvpa/GvpA_RefSeq.fasta	WP_076582330|gvpA|protein	WP_076582330|gvpA|protein	explicit_gvpa_source_label	pending_competitive_gvpa_gvpj_verification
ref_000352	train	cluster_000193	94	13cb78a146ca0e28f916d09fa12a36f962f1909dec115df8c0e38ff362f9dc82	data/raw/t05/gvpa/GvpA_RefSeq.fasta	WP_076429430|gvpA|protein	WP_076429430|gvpA|protein	explicit_gvpa_source_label	pending_competitive_gvpa_gvpj_verification
ref_000353	train	cluster_000167	94	3e6bf91c590be6684eed9926f0f0e4b54a4578f221c09d95018d5a14908398b5	data/raw/t05/gvpa/GvpA_RefSeq.fasta	WP_076144968|gvpA|protein	WP_076144968|gvpA|protein	explicit_gvpa_source_label	pending_competitive_gvpa_gvpj_verification
ref_000354	train	cluster_000277	86	019e8d05123166c4099d1d78d61a60881e08c412015de540a5f80e9c1fb5164f	data/raw/t05/gvpa/GvpA_RefSeq.fasta	WP_066384857|gvpA|protein	WP_066384857|gvpA|protein	explicit_gvpa_source_label	pending_competitive_gvpa_gvpj_verification
ref_000355	train	cluster_000415	67	a073bea82f9def955f000c075cfae3c1467d3fba0e830514cff5c09cb58f32f5	data/raw/t05/gvpa/GvpA_RefSeq.fasta	WP_066383060|gvpA|protein	WP_066383060|gvpA|protein	explicit_gvpa_source_label	pending_competitive_gvpa_gvpj_verification
ref_000356	train	cluster_000252	87	7bd6d00159b2d7ed0289baf8dbbc0ebb56120ef74e8b85de6d4ae75633b37760	data/raw/t05/gvpa/GvpA_RefSeq.fasta	WP_066382543|gvpA|protein	WP_066382543|gvpA|protein	explicit_gvpa_source_label	pending_competitive_gvpa_gvpj_verification
ref_000357	train	cluster_000249	87	fb877ea45a36f28c6227d2338b208ab1161a2a4e796a6f84a45bb7d0af97d97c	data/raw/t05/gvpa/GvpA_RefSeq.fasta	WP_066146101|gvpA|protein	WP_066146101|gvpA|protein	explicit_gvpa_source_label	pending_competitive_gvpa_gvpj_verification
ref_000358	train	cluster_000225	90	ebb2fb66a808274ef5cfe04707c1d81b3ad3ca9df72f30b25a365a4671a968a7	data/raw/t05/gvpa/GvpA_RefSeq.fasta	WP_058580750|gvpA|protein	WP_058580750|gvpA|protein	explicit_gvpa_source_label	pending_competitive_gvpa_gvpj_verification
ref_000359	test	cluster_000178	96	a8908cb0d732ddf5c6d4015b65fb6269eb16472b451882b8c89d16840fbc3e35	data/raw/t05/gvpa/GvpA_RefSeq.fasta	WP_054862714|gvpA|protein	WP_054862714|gvpA|protein	explicit_gvpa_source_label	pending_competitive_gvpa_gvpj_verification
ref_000360	train	cluster_000189	94	64863b5b8a6b08db9fd70b7ba62bb8445581113adc87bf956801db63e08bcc12	data/raw/t05/gvpa/GvpA_RefSeq.fasta	WP_050050395|gvpA|protein	WP_050050395|gvpA|protein	explicit_gvpa_source_label	pending_competitive_gvpa_gvpj_verification
ref_000361	train	cluster_000157	102	ab2292bf5276ca31007d0dc53dd8ebc55cb8125531f36f45413b763b2188dc39	data/raw/t05/gvpa/GvpA_RefSeq.fasta	WP_049998656|gvpA|protein	WP_049998656|gvpA|protein	explicit_gvpa_source_label	pending_competitive_gvpa_gvpj_verification
ref_000362	train	cluster_000157	104	034d9111e895aa2cb4fabb563eecf05be5b4f98a321959c457cc9a0aad52c226	data/raw/t05/gvpa/GvpA_RefSeq.fasta	WP_049998364|gvpA|protein	WP_049998364|gvpA|protein	explicit_gvpa_source_label	pending_competitive_gvpa_gvpj_verification
ref_000363	train	cluster_000157	104	366f2df371810fefd4a476802671222a5ca10961b020d4cf8ece4a47f03ab609	data/raw/t05/gvpa/GvpA_RefSeq.fasta	WP_049997333|gvpA|protein	WP_049997333|gvpA|protein	explicit_gvpa_source_label	pending_competitive_gvpa_gvpj_verification
ref_000364	test	cluster_000178	95	acb38079c01f07d0de6f29f2273ec2474d3cad1e2f80da6f6ad246155c67ee1d	data/raw/t05/gvpa/GvpA_RefSeq.fasta	WP_049989893|gvpA|protein	WP_049989893|gvpA|protein	explicit_gvpa_source_label	pending_competitive_gvpa_gvpj_verification
ref_000365	train	cluster_000193	85	06a18e8f389879fa735770e4aa811f6d1182d4ca43d77b59e264dea099199cab	data/raw/t05/gvpa/GvpA_RefSeq.fasta	WP_049970408|gvpA|protein	WP_049970408|gvpA|protein	explicit_gvpa_source_label	pending_competitive_gvpa_gvpj_verification
ref_000366	train	cluster_000313	82	07248f2d3ff700c7afcd578e9123a5c406facb5736db0e6b2924d0c06383e9d8	data/raw/t05/gvpa/GvpA_RefSeq.fasta	WP_049970405|gvpA|protein	WP_049970405|gvpA|protein	explicit_gvpa_source_label	pending_competitive_gvpa_gvpj_verification
ref_000367	train	cluster_000186	95	edcfcd19baadeee00eaf88cd06aa255a44d20962443de37c5e4e6f69e5726912	data/raw/t05/gvpa/GvpA_RefSeq.fasta	WP_049954064|gvpA|protein	WP_049954064|gvpA|protein	explicit_gvpa_source_label	pending_competitive_gvpa_gvpj_verification
ref_000368	train	cluster_000248	87	320fa412f1f1ad675d121137f62af03e9b7a5537d65ced7d2559d731d92bbefb	data/raw/t05/gvpa/GvpA_RefSeq.fasta	WP_049934428|gvpA|protein	WP_049934428|gvpA|protein	explicit_gvpa_source_label	pending_competitive_gvpa_gvpj_verification
ref_000369	train	cluster_000322	76	f7dbe09f7bde0afd35430a77ff43add3b256326bed36cfc07fed23d5822002be	data/raw/t05/gvpa/GvpA_RefSeq.fasta	WP_049934333|gvpA|protein	WP_049934333|gvpA|protein	explicit_gvpa_source_label	pending_competitive_gvpa_gvpj_verification
ref_000370	train	cluster_000167	94	c8490949e18e771ed8c8c54d9d56b4da4a1f8d86dfa0370f486346aacacdb834	data/raw/t05/gvpa/GvpA_RefSeq.fasta	WP_049924581|gvpA|protein	WP_049924581|gvpA|protein	explicit_gvpa_source_label	pending_competitive_gvpa_gvpj_verification
ref_000371	train	cluster_000179	95	94cdaea6b1db7bfe983fd9e26f2c34a76d5b03114834feeda1e1a352b8bbdd5a	data/raw/t05/gvpa/GvpA_RefSeq.fasta	WP_049920063|gvpA|protein	WP_049920063|gvpA|protein	explicit_gvpa_source_label	pending_competitive_gvpa_gvpj_verification
ref_000372	test	cluster_000214	91	478e03d6c766c60924226ea84dea052661faf07a209b53f6593e5f431ea227c3	data/raw/t05/gvpa/GvpA_RefSeq.fasta	WP_049917180|gvpA|protein	WP_049917180|gvpA|protein	explicit_gvpa_source_label	pending_competitive_gvpa_gvpj_verification
ref_000373	train	cluster_000157	102	36a56467f4a25638e5d817c77266a55f448d21d707b5e77c76f4f04be135e47a	data/raw/t05/gvpa/GvpA_RefSeq.fasta	WP_049916017|gvpA|protein	WP_049916017|gvpA|protein	explicit_gvpa_source_label	pending_competitive_gvpa_gvpj_verification
ref_000374	validation	cluster_000149	112	0dbc89dc4cb8f990179544020fbefaa87d99484de6d52245136c3beb3af5cd52	data/raw/t05/gvpa/GvpA_RefSeq.fasta	WP_049898790|gvpA|protein	WP_049898790|gvpA|protein	explicit_gvpa_source_label	pending_competitive_gvpa_gvpj_verification
ref_000375	train	cluster_000179	95	78005b3dddedd0251b7e469f41fbcd8bf829877f05128bcc7791ccfc6e66686e	data/raw/t05/gvpa/GvpA_RefSeq.fasta	WP_049889998|gvpA|protein	WP_049889998|gvpA|protein	explicit_gvpa_source_label	pending_competitive_gvpa_gvpj_verification
ref_000376	train	cluster_000333	76	448d52f7c380acd653509b909b66c6ae1230252cfa74026dcde3b1a46691dd4a	data/raw/t05/gvpa/GvpA_RefSeq.fasta	WP_048122675|gvpA|protein	WP_048122675|gvpA|protein	explicit_gvpa_source_label	pending_competitive_gvpa_gvpj_verification
ref_000377	train	cluster_000333	76	f603a0bdb36b55f4482180fa3867f971263919a815b902f3c22fbd72cd37faeb	data/raw/t05/gvpa/GvpA_RefSeq.fasta	WP_048122673|gvpA|protein	WP_048122673|gvpA|protein	explicit_gvpa_source_label	pending_competitive_gvpa_gvpj_verification
ref_000378	train	cluster_000333	76	509ca7d230eacbb916e48c1f641bab8243caa81cc5f5a9887716747596ce64cb	data/raw/t05/gvpa/GvpA_RefSeq.fasta	WP_048109058|gvpA|protein	WP_048109058|gvpA|protein	explicit_gvpa_source_label	pending_competitive_gvpa_gvpj_verification
ref_000379	train	cluster_000322	72	3cc2cb889cfdbbcaa17bf78c8d1d3f4b5ca85aeafe19b48a7f83e9cfd59ead9f	data/raw/t05/gvpa/GvpA_RefSeq.fasta	WP_021056303|gvpA|protein	WP_021056303|gvpA|protein	explicit_gvpa_source_label	pending_competitive_gvpa_gvpj_verification
ref_000380	train	cluster_000179	92	b5ccff48f879b7cc34ad8f5c36b63b1a1bb528349643c9b217bca4d7298417d4	data/raw/t05/gvpa/GvpA_RefSeq.fasta	WP_019991572|gvpA|protein	WP_019991572|gvpA|protein	explicit_gvpa_source_label	pending_competitive_gvpa_gvpj_verification
ref_000381	train	cluster_000322	76	32d58e5d24419efe5e0e2d345df828191c6edfe2f9e053ecf19a879f70d4d31e	data/raw/t05/gvpa/GvpA_RefSeq.fasta	WP_015408777|gvpA|protein	WP_015408777|gvpA|protein	explicit_gvpa_source_label	pending_competitive_gvpa_gvpj_verification
ref_000382	train	cluster_000179	93	b14dbbd56a14a62380290dac535357a72a6641c6900bc8a641d3956ff85a3938	data/raw/t05/gvpa/GvpA_RefSeq.fasta	WP_015322023|gvpA|protein	WP_015322023|gvpA|protein	explicit_gvpa_source_label	pending_competitive_gvpa_gvpj_verification
ref_000383	train	cluster_000167	95	842bc418f0682cd2a9c8df6c49ea422dbc803155124a6846d7a60d9d83a8a90e	data/raw/t05/gvpa/GvpA_RefSeq.fasta	WP_013878361|gvpA|protein	WP_013878361|gvpA|protein	explicit_gvpa_source_label	pending_competitive_gvpa_gvpj_verification
ref_000384	train	cluster_000179	95	d5d6f3cedb33fb3328b601b229fc76346413f748702fa12fdf520f8cdc8519e2	data/raw/t05/gvpa/GvpA_RefSeq.fasta	WP_012996341|gvpA|protein	WP_012996341|gvpA|protein	explicit_gvpa_source_label	pending_competitive_gvpa_gvpj_verification
ref_000385	train	cluster_000184	94	30c8db5b2a48ec02340b2ce6c673667f0e2f4cfc8b42d7c7d20367dd7f71507f	data/raw/t05/gvpa/GvpA_RefSeq.fasta	WP_012944239|gvpA|protein	WP_012944239|gvpA|protein	explicit_gvpa_source_label	pending_competitive_gvpa_gvpj_verification
ref_000386	test	cluster_000178	96	69442765a7e1224b043564331c6a208751a6131dc80765ddc7035960ee05acfe	data/raw/t05/gvpa/GvpA_RefSeq.fasta	WP_012943535|gvpA|protein	WP_012943535|gvpA|protein	explicit_gvpa_source_label	pending_competitive_gvpa_gvpj_verification
ref_000387	validation	cluster_000330	74	90e82772d308676c75568c0c440d84add6c49bafb1f3bedb28a64fca998175f4	data/raw/t05/gvpa/GvpA_RefSeq.fasta	WP_011695264|gvpA|protein	WP_011695264|gvpA|protein	explicit_gvpa_source_label	pending_competitive_gvpa_gvpj_verification
ref_000388	validation	cluster_000330	76	8f5ca23cd23d0262e12ba17fdf7f59af0af7fbfbf872d5e03a508e72d66e5cf7	data/raw/t05/gvpa/GvpA_RefSeq.fasta	WP_011695263|gvpA|protein	WP_011695263|gvpA|protein	explicit_gvpa_source_label	pending_competitive_gvpa_gvpj_verification
ref_000389	train	cluster_000322	72	61a382d08777524701b3b127d54c55544b762da256e18e1289de6de3ef39b838	data/raw/t05/gvpa/GvpA_RefSeq.fasta	WP_011571057|gvpA|protein	WP_011571057|gvpA|protein	explicit_gvpa_source_label	pending_competitive_gvpa_gvpj_verification
ref_000390	train	cluster_000333	76	a4ce46bc0db75edd289273c61df2447a16f7eaa54328c95a55ded723eb926a9b	data/raw/t05/gvpa/GvpA_RefSeq.fasta	WP_011305365|gvpA|protein	WP_011305365|gvpA|protein	explicit_gvpa_source_label	pending_competitive_gvpa_gvpj_verification
ref_000391	train	cluster_000322	79	766d45336d56f5b42f24327e8017dcef111a6d0d9ef09d065ff599ed28c3610e	data/raw/t05/gvpa/GvpA_RefSeq.fasta	WP_010904108|gvpA|protein	WP_010904108|gvpA|protein	explicit_gvpa_source_label	pending_competitive_gvpa_gvpj_verification
ref_000392	train	cluster_000322	76	49cef355c6ba3187ae5c9104097887f71b46d34a1bb4fd051de140f31dbffc07	data/raw/t05/gvpa/GvpA_RefSeq.fasta	WP_010890519|gvpA|protein	WP_010890519|gvpA|protein	explicit_gvpa_source_label	pending_competitive_gvpa_gvpj_verification
ref_000393	train	cluster_000157	103	fbe5bf19f8b5fcb8a504024622d873d9b4f8c910fec29a7faa90e94923d116c4	data/raw/t05/gvpa/GvpA_RefSeq.fasta	WP_010612514|gvpA|protein	WP_010612514|gvpA|protein	explicit_gvpa_source_label	pending_competitive_gvpa_gvpj_verification
ref_000394	test	cluster_000178	96	1564401f2a553c4446671309877ae8049b5a83a474fb16f11935710b111eab15	data/raw/t05/gvpa/GvpA_RefSeq.fasta	WP_008894730|gvpA|protein	WP_008894730|gvpA|protein	explicit_gvpa_source_label	pending_competitive_gvpa_gvpj_verification
ref_000395	train	cluster_000179	95	5d40201e59780a4578e1d59e27b596d8b7ecbc64ed4cc25e82feb3008c524ad8	data/raw/t05/gvpa/GvpA_RefSeq.fasta	WP_008893968|gvpA|protein	WP_008893968|gvpA|protein	explicit_gvpa_source_label	pending_competitive_gvpa_gvpj_verification
ref_000396	train	cluster_000252	87	718f9add2c10ca08b4a575acf96abc0dcfd73ebbeae7c2909b168d955ffc5d3f	data/raw/t05/gvpa/GvpA_RefSeq.fasta	WP_008417043|gvpA|protein	WP_008417043|gvpA|protein	explicit_gvpa_source_label	pending_competitive_gvpa_gvpj_verification
ref_000397	train	cluster_000179	94	0101bc590c89813c161ae168ca4f86007d01c01c36444a15865973f349d0339a	data/raw/t05/gvpa/GvpA_RefSeq.fasta	WP_008159420|gvpA|protein	WP_008159420|gvpA|protein	explicit_gvpa_source_label	pending_competitive_gvpa_gvpj_verification
ref_000398	test	cluster_000178	95	c0d8f1302fa41452efbc27f0da36de9737dad5583e87b081c35fdb231d1dfb9e	data/raw/t05/gvpa/GvpA_RefSeq.fasta	WP_008012794|gvpA|protein	WP_008012794|gvpA|protein	explicit_gvpa_source_label	pending_competitive_gvpa_gvpj_verification
ref_000399	train	cluster_000249	87	6dc60142a293ec7c6dcbc27c09b6bd4ab18fe21e29a4c461e5c54fe81310b371	data/raw/t05/gvpa/GvpA_RefSeq.fasta	WP_007982669|gvpA|protein	WP_007982669|gvpA|protein	explicit_gvpa_source_label	pending_competitive_gvpa_gvpj_verification
ref_000400	train	cluster_000157	102	2f7a03239bef14f781932b4cbbdd20ea215b34ed691725f89b24eaa547c604ee	data/raw/t05/gvpa/GvpA_RefSeq.fasta	WP_007739252|gvpA|protein	WP_007739252|gvpA|protein	explicit_gvpa_source_label	pending_competitive_gvpa_gvpj_verification
ref_000401	train	cluster_000175	97	3d7fc725cd17cf23a73cdd2fb181a785b4c0ce2fd640f88c1f716c829b659260	data/raw/t05/gvpa/GvpA_RefSeq.fasta	WP_007704306|gvpA|protein	WP_007704306|gvpA|protein	explicit_gvpa_source_label	pending_competitive_gvpa_gvpj_verification
ref_000402	test	cluster_000178	96	729a9790a662e92ab3799a9b33c364191eba685ca2792cdf185ac1d3fb9631ce	data/raw/t05/gvpa/GvpA_RefSeq.fasta	WP_007260761|gvpA|protein	WP_007260761|gvpA|protein	explicit_gvpa_source_label	pending_competitive_gvpa_gvpj_verification
ref_000403	train	cluster_000167	94	215f48254c804f1f2876885b96f7a1981396e0fb0da219049cbad3c376111fab	data/raw/t05/gvpa/GvpA_RefSeq.fasta	WP_007109509|gvpA|protein	WP_007109509|gvpA|protein	explicit_gvpa_source_label	pending_competitive_gvpa_gvpj_verification
ref_000404	test	cluster_000178	93	62bc5089576517d5fad1f755bd6f0eda8ed64f4dc9ca1f0cd5ab9ed08b8ae872	data/raw/t05/gvpa/GvpA_RefSeq.fasta	WP_006432777|gvpA|protein	WP_006432777|gvpA|protein	explicit_gvpa_source_label	pending_competitive_gvpa_gvpj_verification
ref_000405	test	cluster_000178	94	8189ed3c9ac18707f54985fd1f832186b5ab06ffd03b98d13b6a5a880b456e0a	data/raw/t05/gvpa/GvpA_RefSeq.fasta	WP_006184742|gvpA|protein	WP_006184742|gvpA|protein	explicit_gvpa_source_label	pending_competitive_gvpa_gvpj_verification
ref_000406	test	cluster_000178	94	168a7720be25950ce7a56e347f224374ee278a9197375f2b7d12fea4130f8457	data/raw/t05/gvpa/GvpA_RefSeq.fasta	WP_006182094|gvpA|protein	WP_006182094|gvpA|protein	explicit_gvpa_source_label	pending_competitive_gvpa_gvpj_verification
ref_000407	train	cluster_000180	95	c468502803b4ab5981f1302a02b554d7384ecf63ec65dfc34a329984ff234ccc	data/raw/t05/gvpa/GvpA_RefSeq.fasta	WP_006168082|gvpA|protein	WP_006168082|gvpA|protein	explicit_gvpa_source_label	pending_competitive_gvpa_gvpj_verification
ref_000408	train	cluster_000180	95	d07d112598796fe30d761bb0dee53a532c60b6f2660ff50f32e5608f27b8723f	data/raw/t05/gvpa/GvpA_RefSeq.fasta	WP_006108429|gvpA|protein	WP_006108429|gvpA|protein	explicit_gvpa_source_label	pending_competitive_gvpa_gvpj_verification
ref_000409	test	cluster_000178	95	dad443e0412ef646de5e1ae6b2283ed6666f0e42f2690ca0f566cbd01cf47c41	data/raw/t05/gvpa/GvpA_RefSeq.fasta	WP_006088519|gvpA|protein	WP_006088519|gvpA|protein	explicit_gvpa_source_label	pending_competitive_gvpa_gvpj_verification
ref_000410	validation	cluster_000149	110	b89284c786e1b2202da6e961528e32ed308b4796e507d5315e8056ccc2ac7ed8	data/raw/t05/gvpa/GvpA_RefSeq.fasta	WP_006076709|gvpA|protein	WP_006076709|gvpA|protein	explicit_gvpa_source_label	pending_competitive_gvpa_gvpj_verification
ref_000411	train	cluster_000322	78	145768217677e4dfa78ed5dde6674fe0ca135ad06080e9e3798a31edb3c3e23c	data/raw/t05/gvpa/GvpA_RefSeq.fasta	WP_006056149|gvpA|protein	WP_006056149|gvpA|protein	explicit_gvpa_source_label	pending_competitive_gvpa_gvpj_verification
ref_000412	train	cluster_000179	95	1f956fdbc151f2ec0ffb1f0d512e8c72eb59659a79d6fdd4047293e97fad8dda	data/raw/t05/gvpa/GvpA_RefSeq.fasta	WP_005580866|gvpA|protein	WP_005580866|gvpA|protein	explicit_gvpa_source_label	pending_competitive_gvpa_gvpj_verification
ref_000413	train	cluster_000189	94	00058845722df3ede42246221d3dd0d68e42ec4d53ca2d5b48576007b95adbfe	data/raw/t05/gvpa/GvpA_RefSeq.fasta	WP_005558079|gvpA|protein	WP_005558079|gvpA|protein	explicit_gvpa_source_label	pending_competitive_gvpa_gvpj_verification
ref_000414	validation	cluster_000149	110	4983f01969b214844bb92ed36b1e236cf9d1d32f53cb2c9361b30f6210259288	data/raw/t05/gvpa/GvpA_RefSeq.fasta	WP_005043849|gvpA|protein	WP_005043849|gvpA|protein	explicit_gvpa_source_label	pending_competitive_gvpa_gvpj_verification
ref_000415	train	cluster_000318	72	044b97bbcc6fc75d19af1c5b8afe151ed6a3515841f784c5b7b639e655a343cd	data/raw/t05/gvpa/GvpA_RefSeq.fasta	WP_190432663|gvpA|protein	WP_190432663|gvpA|protein	explicit_gvpa_source_label	pending_competitive_gvpa_gvpj_verification
ref_000416	train	cluster_000211	72	0d7970548e5a353c52b0e8b1402d238f57b6b050f0a0b7636b28b3769e24464a	data/raw/t05/gvpa/GvpA_RefSeq.fasta	WP_190377542|gvpA|protein	WP_190377542|gvpA|protein	explicit_gvpa_source_label	pending_competitive_gvpa_gvpj_verification
ref_000417	test	cluster_000254	87	9fe918e0f2a37590ea6b48533fa54067a87fbe8d176306f0c916781b3212fd6d	data/raw/t05/gvpa/GvpA_RefSeq.fasta	WP_054860102|gvpA|protein	WP_054860102|gvpA|protein	explicit_gvpa_source_label	pending_competitive_gvpa_gvpj_verification
ref_000418	train	cluster_000318	72	1bf14199f279ca97cc940b885b8a0780eec9fbdfabd31100b7af7dd87ccb4885	data/raw/t05/gvpa/GvpA_RefSeq.fasta	WP_341471618|gvpA|protein	WP_341471618|gvpA|protein	explicit_gvpa_source_label	pending_competitive_gvpa_gvpj_verification
ref_000419	test	cluster_000394	70	a84874ccf2cf9f12a8eff022b9f61b67400be272b175425a21b81f17d3deea8e	data/raw/t05/gvpa/GvpA_RefSeq.fasta	WP_089851011|gvpA|protein	WP_089851011|gvpA|protein	explicit_gvpa_source_label	pending_competitive_gvpa_gvpj_verification
ref_000420	train	cluster_000279	86	2549c61eaa1c68f7925735451d0233352fadb592c390b0c9932c51733d5a24e6	data/raw/t05/gvpa/GvpA_RefSeq.fasta	WP_159869007|gvpA|protein	WP_159869007|gvpA|protein	explicit_gvpa_source_label	pending_competitive_gvpa_gvpj_verification
ref_000421	train	cluster_000200	90	142752963930eab74d74d4bcaff60e47ff770976c838c012b58dcaa26d2a4fea	data/raw/t05/gvpa/GvpA_RefSeq.fasta	WP_071272787|gvpA|protein	WP_071272787|gvpA|protein	explicit_gvpa_source_label	pending_competitive_gvpa_gvpj_verification
ref_000422	train	cluster_000202	91	9f8c36880cfb04e0cba55b432093f0aa8271cf043ffe34acc59bb9d848f90db6	data/raw/t05/gvpa/GvpA_RefSeq.fasta	WP_095313309|gvpA|protein	WP_095313309|gvpA|protein	explicit_gvpa_source_label	pending_competitive_gvpa_gvpj_verification
ref_000423	validation	cluster_000342	73	b1857f03b52d3c765ea44605167b7ee6d0e849f9d810b2d427d6ff293c822d68	data/raw/t05/gvpa/GvpA_RefSeq.fasta	WP_086756007|gvpA|protein	WP_086756007|gvpA|protein	explicit_gvpa_source_label	pending_competitive_gvpa_gvpj_verification
ref_000424	train	cluster_000198	93	4138c2817c5b6dca65ea4991f26a8a58b0a6d5287da125ce6caec306e7a7834d	data/raw/t05/gvpa/GvpA_RefSeq.fasta	WP_211555852|gvpA|protein	WP_211555852|gvpA|protein	explicit_gvpa_source_label	pending_competitive_gvpa_gvpj_verification
ref_000425	train	cluster_000348	74	8758b934790f5784ea1bb3e8292ad80d63fd591ca944350e77de7212284d0934	data/raw/t05/gvpa/GvpA_RefSeq.fasta	WP_141589788|gvpA|protein	WP_141589788|gvpA|protein	explicit_gvpa_source_label	pending_competitive_gvpa_gvpj_verification
ref_000426	train	cluster_000246	87	6f2cfd5f0d50c7aee582a35496301ee7cfc650c797f9102a4b8033ef3e64c4fa	data/raw/t05/gvpa/GvpA_RefSeq.fasta	WP_035412262|gvpA|protein	WP_035412262|gvpA|protein	explicit_gvpa_source_label	pending_competitive_gvpa_gvpj_verification
ref_000427	train	cluster_000228	86	8991e9e4bd357d9288ea6d9ba3cd490a82edbaebd3e9af08dbef6bff864b7842	data/raw/t05/gvpa/GvpA_RefSeq.fasta	WP_034764902|gvpA|protein	WP_034764902|gvpA|protein	explicit_gvpa_source_label	pending_competitive_gvpa_gvpj_verification
ref_000428	test	cluster_000210	86	a4cf355a2019efa6dd79abf348a9cb7991530977cacc4b9050ec4e66250bb49b	data/raw/t05/gvpa/GvpA_RefSeq.fasta	WP_301862454|gvpA|protein	WP_301862454|gvpA|protein	explicit_gvpa_source_label	pending_competitive_gvpa_gvpj_verification
ref_000429	validation	cluster_000342	73	9d49465af66327a747b8d94fae055fdf4e4ddc64425957ec791010c5514e900e	data/raw/t05/gvpa/GvpA_RefSeq.fasta	WP_292781623|gvpA|protein	WP_292781623|gvpA|protein	explicit_gvpa_source_label	pending_competitive_gvpa_gvpj_verification
ref_000430	train	cluster_000267	86	f34d4928fe982f4cb0ecf452e0985f42ef9f58486a727d3528b2d1cc7a2dba3f	data/raw/t05/gvpa/GvpA_RefSeq.fasta	WP_034265327|gvpA|protein	WP_034265327|gvpA|protein	explicit_gvpa_source_label	pending_competitive_gvpa_gvpj_verification
ref_000431	validation	cluster_000342	72	9ec7201d98ae2ffcf07447a15a44a817abbd19328a09fa7d6c31e1d1bc8b898e	data/raw/t05/gvpa/GvpA_RefSeq.fasta	WP_054464971|gvpA|protein	WP_054464971|gvpA|protein	explicit_gvpa_source_label	pending_competitive_gvpa_gvpj_verification
ref_000432	train	cluster_000318	72	45ceddea54f47745a1ad9c65097c2d122a4bd298292f81068539903e0cbdd579	data/raw/t05/gvpa/GvpA_RefSeq.fasta	WP_009626980|gvpA|protein	WP_009626980|gvpA|protein	explicit_gvpa_source_label	pending_competitive_gvpa_gvpj_verification
ref_000433	train	cluster_000228	89	bd681cfbd78ed763b9df5c426f960ada866da90b156367c3292b56b3e72ef7d3	data/raw/t05/gvpa/GvpA_RefSeq.fasta	WP_070879557|gvpA|protein	WP_070879557|gvpA|protein	explicit_gvpa_source_label	pending_competitive_gvpa_gvpj_verification
ref_000434	train	cluster_000247	87	e68eef3564e74af35e4a9a9b10e8b223ea3ff4b8fc1758ad6ef917d929493e04	data/raw/t05/gvpa/GvpA_RefSeq.fasta	WP_070877683|gvpA|protein	WP_070877683|gvpA|protein	explicit_gvpa_source_label	pending_competitive_gvpa_gvpj_verification
ref_000435	validation	cluster_000255	87	243a30af717d5651d5faa4134b52c94ba27cbaf36cee25267a21eee2dd07a50c	data/raw/t05/gvpa/GvpA_RefSeq.fasta	WP_062232702|gvpA|protein	WP_062232702|gvpA|protein	explicit_gvpa_source_label	pending_competitive_gvpa_gvpj_verification
ref_000436	train	cluster_000267	86	1b1d36a4acc8ad9c634280ce855361980429c335a77298c0c9f374d476b863c2	data/raw/t05/gvpa/GvpA_RefSeq.fasta	WP_057244326|gvpA|protein	WP_057244326|gvpA|protein	explicit_gvpa_source_label	pending_competitive_gvpa_gvpj_verification
ref_000437	train	cluster_000241	88	e0205c427b560fb5fab631d1ec5ed63cc8c0aa7c7b755485941791546cbc6805	data/raw/t05/gvpa/GvpA_RefSeq.fasta	WP_032087041|gvpA|protein	WP_032087041|gvpA|protein	explicit_gvpa_source_label	pending_competitive_gvpa_gvpj_verification
ref_000438	train	cluster_000201	92	21fd512873a52dc47991989d4a44dcc25431d3e22a3b8e5d29da536fa12bac79	data/raw/t05/gvpa/GvpA_RefSeq.fasta	WP_029714942|gvpA|protein	WP_029714942|gvpA|protein	explicit_gvpa_source_label	pending_competitive_gvpa_gvpj_verification
ref_000439	train	cluster_000256	87	c5a5f8d3e0297c749df71e201b09661efa435db12251191f1fed09764031bff7	data/raw/t05/gvpa/GvpA_RefSeq.fasta	WP_019393985|gvpA|protein	WP_019393985|gvpA|protein	explicit_gvpa_source_label	pending_competitive_gvpa_gvpj_verification
ref_000440	train	cluster_000267	86	62aec584cfcef3208e2bbf0b8b84eb77c80c150d76415e09c97366ed3433727b	data/raw/t05/gvpa/GvpA_RefSeq.fasta	WP_014459198|gvpA|protein	WP_014459198|gvpA|protein	explicit_gvpa_source_label	pending_competitive_gvpa_gvpj_verification
ref_000441	test	cluster_000210	86	626bf126ff6a42e860e1c20b32f28779f549346c7554d3694e519c08b6d8a44f	data/raw/t05/gvpa/GvpA_RefSeq.fasta	WP_013058000|gvpA|protein	WP_013058000|gvpA|protein	explicit_gvpa_source_label	pending_competitive_gvpa_gvpj_verification
ref_000442	train	cluster_000200	88	6eb7664db70304cf0f2ba846d31c4d016d07d8bebedb70ce52fe5ab7167e72cd	data/raw/t05/gvpa/GvpA_RefSeq.fasta	WP_013057997|gvpA|protein	WP_013057997|gvpA|protein	explicit_gvpa_source_label	pending_competitive_gvpa_gvpj_verification
ref_000443	train	cluster_000201	92	7c1ee34913e269628b618a114cee0c9a5db90412949ae6bff681672ba1b795b8	data/raw/t05/gvpa/GvpA_RefSeq.fasta	WP_013057921|gvpA|protein	WP_013057921|gvpA|protein	explicit_gvpa_source_label	pending_competitive_gvpa_gvpj_verification
ref_000444	test	cluster_000390	70	aca6770bcb5a580c4c2ac6637a904e7b633ef4df91ea3eb56d8c300998abf82c	data/raw/t05/gvpa/GvpA_RefSeq.fasta	WP_278028173|gvpA|protein	WP_278028173|gvpA|protein	explicit_gvpa_source_label	pending_competitive_gvpa_gvpj_verification
ref_000445	train	cluster_000228	86	8a3f5134cee921bb3c9c52886319cab5bcf48238743cad7d934892854cbdd111	data/raw/t05/gvpa/GvpA_RefSeq.fasta	WP_258264475|gvpA|protein	WP_258264475|gvpA|protein	explicit_gvpa_source_label	pending_competitive_gvpa_gvpj_verification
ref_000446	train	cluster_000391	70	3f956a2c7b90437404b414f68a0c290ad3faf7be1a5a024f647a75176008e10a	data/raw/t05/gvpa/GvpA_RefSeq.fasta	WP_100366348|gvpA|protein	WP_100366348|gvpA|protein	explicit_gvpa_source_label	pending_competitive_gvpa_gvpj_verification
ref_000447	train	cluster_000090	108	195e3e4467c2240660f2c932c17f63ea5a91241ecee4427e5dad56a814f41b3c	data/raw/t05/gvpa/GvpA_RefSeq.fasta	WP_319354971|gvpA|protein	WP_319354971|gvpA|protein	explicit_gvpa_source_label	pending_competitive_gvpa_gvpj_verification
ref_000448	train	cluster_000148	113	f34be8e95fff2a8624d1f28f4dd841dd297d9322c8cce48e5f486a925efd6df0	data/raw/t05/gvpa/GvpA_RefSeq.fasta	WP_319354943|gvpA|protein	WP_319354943|gvpA|protein	explicit_gvpa_source_label	pending_competitive_gvpa_gvpj_verification
ref_000449	validation	cluster_000342	73	8aa5636b24c4e602865a552806a5f0342b48ae13c8da1912f7c694d2353dbcfe	data/raw/t05/gvpa/GvpA_RefSeq.fasta	WP_073640805|gvpA|protein	WP_073640805|gvpA|protein	explicit_gvpa_source_label	pending_competitive_gvpa_gvpj_verification
ref_000450	train	cluster_000318	72	f82305b37f1af32ad1a04e0eccf669dd82743a244d7785717f85da95bc6b510c	data/raw/t05/gvpa/GvpA_RefSeq.fasta	WP_283753117|gvpA|protein	WP_283753117|gvpA|protein	explicit_gvpa_source_label	pending_competitive_gvpa_gvpj_verification
ref_000451	validation	cluster_000342	72	b145d41f03ca300fa852173eb3cdba892b1458c61bb76d2c54aaf6738abff0fb	data/raw/t05/gvpa/GvpA_RefSeq.fasta	WP_193963479|gvpA|protein	WP_193963479|gvpA|protein	explicit_gvpa_source_label	pending_competitive_gvpa_gvpj_verification
ref_000452	validation	cluster_000342	72	44be345e568ee6f5e906d1708940c01f4f899fd301577fbe466b983faec9e1ff	data/raw/t05/gvpa/GvpA_RefSeq.fasta	WP_036004549|gvpA|protein	WP_036004549|gvpA|protein	explicit_gvpa_source_label	pending_competitive_gvpa_gvpj_verification
ref_000453	train	cluster_000334	72	fd5c322037d42e8f890cbb82759a0d998e5c4641f19585fd53d898e2e93c048a	data/raw/t05/gvpa/GvpA_RefSeq.fasta	WP_253707812|gvpA|protein	WP_253707812|gvpA|protein	explicit_gvpa_source_label	pending_competitive_gvpa_gvpj_verification
ref_000454	train	cluster_000334	72	f872efd67a56d21a6340bfb63ed39bd3859d02d8cef7923a1fc7a47592530824	data/raw/t05/gvpa/GvpA_RefSeq.fasta	WP_123176516|gvpA|protein	WP_123176516|gvpA|protein	explicit_gvpa_source_label	pending_competitive_gvpa_gvpj_verification
ref_000455	train	cluster_000318	72	0c568d3a5b09c7ed22406d3295924ff2d54a5753d8971e812d702ca3e9f83638	data/raw/t05/gvpa/GvpA_RefSeq.fasta	WP_190643620|gvpA|protein	WP_190643620|gvpA|protein	explicit_gvpa_source_label	pending_competitive_gvpa_gvpj_verification
ref_000456	validation	cluster_000342	72	d71bd42b79fe4d801a018917a7a99157b39016a64db58d59d1c12c9993255219	data/raw/t05/gvpa/GvpA_RefSeq.fasta	WP_068510916|gvpA|protein	WP_068510916|gvpA|protein	explicit_gvpa_source_label	pending_competitive_gvpa_gvpj_verification
ref_000457	validation	cluster_000342	72	e2b9c94c60da4c449a4d77e69aa77b7d21974537c85530de7782f648b2a3f592	data/raw/t05/gvpa/GvpA_RefSeq.fasta	WP_015171018|gvpA|protein	WP_015171018|gvpA|protein	explicit_gvpa_source_label	pending_competitive_gvpa_gvpj_verification
ref_000458	train	cluster_000359	72	dda877b0008607a0fc715bf1e261281865393b5cd3d35f1e590e3af5d6480f76	data/raw/t05/gvpa/GvpA_RefSeq.fasta	WP_301077186|gvpA|protein	WP_301077186|gvpA|protein	explicit_gvpa_source_label	pending_competitive_gvpa_gvpj_verification
ref_000459	train	cluster_000318	66	63f804d4a54dfefdba015fb519002e2a18c1a59eb52185176714701bf8e756f4	data/raw/t05/gvpa/GvpA_RefSeq.fasta	WP_290603055|gvpA|protein	WP_290603055|gvpA|protein	explicit_gvpa_source_label	pending_competitive_gvpa_gvpj_verification
ref_000460	train	cluster_000226	72	f31ef9ed0a87f1bcd7f16380f5c67a3c99ab66cda4b11e28e567896af35c10fb	data/raw/t05/gvpa/GvpA_RefSeq.fasta	WP_287130436|gvpA|protein	WP_287130436|gvpA|protein	explicit_gvpa_source_label	pending_competitive_gvpa_gvpj_verification
ref_000461	train	cluster_000376	70	29752096fb51cc573566c94e21ddee0921c9c57323cf37953e3e169fafe49253	data/raw/t05/gvpa/GvpA_RefSeq.fasta	WP_184385022|gvpA|protein	WP_184385022|gvpA|protein	explicit_gvpa_source_label	pending_competitive_gvpa_gvpj_verification
ref_000462	test	cluster_000210	86	ab18ddbecb739bae7c0a720dfd55228c92afa153cc615fda38c1f4a95b049f96	data/raw/t05/gvpa/GvpA_RefSeq.fasta	WP_071272778|gvpA|protein	WP_071272778|gvpA|protein	explicit_gvpa_source_label	pending_competitive_gvpa_gvpj_verification
ref_000463	train	cluster_000348	74	12c980f97c4e594a42de307ad5e2bf831d28aa2d1c3ee50ad7cc558e691838f2	data/raw/t05/gvpa/GvpA_RefSeq.fasta	WP_191265777|gvpA|protein	WP_191265777|gvpA|protein	explicit_gvpa_source_label	pending_competitive_gvpa_gvpj_verification
ref_000464	train	cluster_000213	91	867df19266611b1dd32b5cfc5f295c4f1197d03d3e66704596b1abb14590c684	data/raw/t05/gvpa/GvpA_RefSeq.fasta	WP_067726060|gvpA|protein	WP_067726060|gvpA|protein	explicit_gvpa_source_label	pending_competitive_gvpa_gvpj_verification
ref_000465	train	cluster_000389	70	a1131689eff9ccc2bc1cb9c6417b27251120988628db25efce7ae158aaecf416	data/raw/t05/gvpa/GvpA_RefSeq.fasta	WP_018390783|gvpA|protein	WP_018390783|gvpA|protein	explicit_gvpa_source_label	pending_competitive_gvpa_gvpj_verification
ref_000466	train	cluster_000229	88	875b3015b17030bcf076a0d5b1a999e347b40931a5afd4181a01724d96df1a26	data/raw/t05/gvpa/GvpA_RefSeq.fasta	WP_307394734|gvpA|protein	WP_307394734|gvpA|protein	explicit_gvpa_source_label	pending_competitive_gvpa_gvpj_verification
ref_000467	train	cluster_000308	72	18bfe7ce20a3a401355454477c1f073f04b59f469ac2d9df5f1ed69eb2d9c755	data/raw/t05/gvpa/GvpA_RefSeq.fasta	WP_304892876|gvpA|protein	WP_304892876|gvpA|protein	explicit_gvpa_source_label	pending_competitive_gvpa_gvpj_verification
ref_000468	validation	cluster_000382	71	7f3ba3408331f0b52ea131a525ffc53c066b11342bed7104933209e9082f117d	data/raw/t05/gvpa/GvpA_RefSeq.fasta	WP_304839272|gvpA|protein	WP_304839272|gvpA|protein	explicit_gvpa_source_label	pending_competitive_gvpa_gvpj_verification
ref_000469	train	cluster_000359	72	4cc577e850a35b25573fdd4685c9092e5ddc258f28461dd166070db0f5864ff5	data/raw/t05/gvpa/GvpA_RefSeq.fasta	WP_304825881|gvpA|protein	WP_304825881|gvpA|protein	explicit_gvpa_source_label	pending_competitive_gvpa_gvpj_verification
ref_000470	train	cluster_000211	72	7192aa1b5c4b0d0cb215f2b6466c63d14778b4ab192afa70b3d3c296e8d425c1	data/raw/t05/gvpa/GvpA_RefSeq.fasta	WP_268609013|gvpA|protein	WP_268609013|gvpA|protein	explicit_gvpa_source_label	pending_competitive_gvpa_gvpj_verification
ref_000471	train	cluster_000359	72	a2a7b780c74df6bd950e44b846f19e8dbd13d6566314074bf2069ba9d093ab3a	data/raw/t05/gvpa/GvpA_RefSeq.fasta	WP_120798278|gvpA|protein	WP_120798278|gvpA|protein	explicit_gvpa_source_label	pending_competitive_gvpa_gvpj_verification
ref_000472	test	cluster_000364	72	603ba2fccd34d2e3b1429d174e372373f06492d7f3553e69d462d07c41147e20	data/raw/t05/gvpa/GvpA_RefSeq.fasta	WP_295540625|gvpA|protein	WP_295540625|gvpA|protein	explicit_gvpa_source_label	pending_competitive_gvpa_gvpj_verification
ref_000473	train	cluster_000323	75	40a9ee2f296e1edcfbc272724aa2827573dacc3b2079d6c96e6da9eaaff72a2c	data/raw/t05/gvpa/GvpA_RefSeq.fasta	WP_298916699|gvpA|protein	WP_298916699|gvpA|protein	explicit_gvpa_source_label	pending_competitive_gvpa_gvpj_verification
ref_000474	train	cluster_000211	62	ffe402200c35408734624cdf77db492d9f2756a9c6eb3dd610b96d01c197f010	data/raw/t05/gvpa/GvpA_RefSeq.fasta	WP_295613139|gvpA|protein	WP_295613139|gvpA|protein	explicit_gvpa_source_label	pending_competitive_gvpa_gvpj_verification
ref_000475	train	cluster_000359	59	1e293b4cbe670455f7f8a800cee3e09eec812c1e8a7734b881c6106066db3309	data/raw/t05/gvpa/GvpA_RefSeq.fasta	WP_295606775|gvpA|protein	WP_295606775|gvpA|protein	explicit_gvpa_source_label	pending_competitive_gvpa_gvpj_verification
ref_000476	train	cluster_000362	73	dc38a4313453d819bde4cf5c13a9015df0365250c7779284ec96a6da68c2fab4	data/raw/t05/gvpa/GvpA_RefSeq.fasta	WP_295448790|gvpA|protein	WP_295448790|gvpA|protein	explicit_gvpa_source_label	pending_competitive_gvpa_gvpj_verification
ref_000477	train	cluster_000362	72	c5e6ef219282f46a04ba0c1236dbe13f1f5258f89b8b8388ff9b4297e927ce07	data/raw/t05/gvpa/GvpA_RefSeq.fasta	WP_295391135|gvpA|protein	WP_295391135|gvpA|protein	explicit_gvpa_source_label	pending_competitive_gvpa_gvpj_verification
ref_000478	train	cluster_000226	90	193a805604225b70bf9bc1f62baee1c0a20bc1bab4c8d87149ab2e36e52f70a1	data/raw/t05/gvpa/GvpA_RefSeq.fasta	WP_293160100|gvpA|protein	WP_293160100|gvpA|protein	explicit_gvpa_source_label	pending_competitive_gvpa_gvpj_verification
ref_000479	train	cluster_000211	90	483476b5bde91cbf3a74f1c315847ab317de2944d9b90dd6cefb7cd4eb9d8ddc	data/raw/t05/gvpa/GvpA_RefSeq.fasta	WP_293126616|gvpA|protein	WP_293126616|gvpA|protein	explicit_gvpa_source_label	pending_competitive_gvpa_gvpj_verification
ref_000480	validation	cluster_000342	72	fd56bd8ca14d2ea7647f290be8b1edb2369bcfca88d88fa3e71f73703a94129c	data/raw/t05/gvpa/GvpA_RefSeq.fasta	WP_293124005|gvpA|protein	WP_293124005|gvpA|protein	explicit_gvpa_source_label	pending_competitive_gvpa_gvpj_verification
ref_000481	train	cluster_000211	89	22ac9928a6c3fbaf8f7c8dae481ee31de9db75644aa3346d57ce80383dbdf4d6	data/raw/t05/gvpa/GvpA_RefSeq.fasta	WP_293100807|gvpA|protein	WP_293100807|gvpA|protein	explicit_gvpa_source_label	pending_competitive_gvpa_gvpj_verification
ref_000482	train	cluster_000226	90	f5a522a905abb21e46c2eb43460f8b92d149cceded3f2f0c651539e57cc92243	data/raw/t05/gvpa/GvpA_RefSeq.fasta	WP_293087767|gvpA|protein	WP_293087767|gvpA|protein	explicit_gvpa_source_label	pending_competitive_gvpa_gvpj_verification
ref_000483	train	cluster_000226	90	607f897bd5b7dd1b1fbe8a536309e7984377382c6445bb1164342f9298ee574c	data/raw/t05/gvpa/GvpA_RefSeq.fasta	WP_293061633|gvpA|protein	WP_293061633|gvpA|protein	explicit_gvpa_source_label	pending_competitive_gvpa_gvpj_verification
ref_000484	train	cluster_000409	69	0c143ad343586201fcf9a3504764a20810d30e8d1de52807930145512c74f4c8	data/raw/t05/gvpa/GvpA_RefSeq.fasta	WP_291003874|gvpA|protein	WP_291003874|gvpA|protein	explicit_gvpa_source_label	pending_competitive_gvpa_gvpj_verification
ref_000485	train	cluster_000318	72	ed971bf96974483cf1a58b8e6709b204cbc1eaef21cea873ae25620378ddb316	data/raw/t05/gvpa/GvpA_RefSeq.fasta	WP_190553740|gvpA|protein	WP_190553740|gvpA|protein	explicit_gvpa_source_label	pending_competitive_gvpa_gvpj_verification
ref_000486	validation	cluster_000312	72	63042e294eae0d141b5c2883dc58873a4850b5a7ac4fd2bddfe220e7ceec9eab	data/raw/t05/gvpa/GvpA_RefSeq.fasta	WP_163833110|gvpA|protein	WP_163833110|gvpA|protein	explicit_gvpa_source_label	pending_competitive_gvpa_gvpj_verification
ref_000487	train	cluster_000168	98	b09a8337edbf59a7c5c366497f4a539d08db637110ecd96131eec6f501ce3d61	data/raw/t05/gvpa/GvpA_RefSeq.fasta	WP_289215673|gvpA|protein	WP_289215673|gvpA|protein	explicit_gvpa_source_label	pending_competitive_gvpa_gvpj_verification
ref_000488	train	cluster_000318	62	f23561e6e1591a764c152cb943827e18ac9929ba20aab72913f891d580b9c56c	data/raw/t05/gvpa/GvpA_RefSeq.fasta	WP_287999814|gvpA|protein	WP_287999814|gvpA|protein	explicit_gvpa_source_label	pending_competitive_gvpa_gvpj_verification
ref_000489	train	cluster_000318	68	2f457cd3e21794d7720477e14ef21b463dec89f8fc2edf315a7f973c9d51295a	data/raw/t05/gvpa/GvpA_RefSeq.fasta	WP_287703642|gvpA|protein	WP_287703642|gvpA|protein	explicit_gvpa_source_label	pending_competitive_gvpa_gvpj_verification
ref_000490	train	cluster_000318	71	66d41021d88e3bf58bdc5253af151a5177a49b38fef6d6e436acc727d44a35db	data/raw/t05/gvpa/GvpA_RefSeq.fasta	WP_287674806|gvpA|protein	WP_287674806|gvpA|protein	explicit_gvpa_source_label	pending_competitive_gvpa_gvpj_verification
ref_000491	train	cluster_000318	71	5601498c9a93902562dbe611c5f41da9acf56aa8cf535802ef5a687a6a3351bc	data/raw/t05/gvpa/GvpA_RefSeq.fasta	WP_287627019|gvpA|protein	WP_287627019|gvpA|protein	explicit_gvpa_source_label	pending_competitive_gvpa_gvpj_verification
ref_000492	train	cluster_000211	59	fff3fdcc3af814966f5bf1119daf90d2f9adae5efc6d8efd86dfdda6c1724b28	data/raw/t05/gvpa/GvpA_RefSeq.fasta	WP_288140785|gvpA|protein	WP_288140785|gvpA|protein	explicit_gvpa_source_label	pending_competitive_gvpa_gvpj_verification
ref_000493	train	cluster_000211	63	fa70cf643277a18d935304889b37715601a4c4d526cd2d051282507269ca3e0a	data/raw/t05/gvpa/GvpA_RefSeq.fasta	WP_287973455|gvpA|protein	WP_287973455|gvpA|protein	explicit_gvpa_source_label	pending_competitive_gvpa_gvpj_verification
ref_000494	validation	cluster_000342	72	0ba4bde6653115be1dd4ecf31dd944288d9302b06a4eb7109abd4386bc4e28f6	data/raw/t05/gvpa/GvpA_RefSeq.fasta	WP_287280996|gvpA|protein	WP_287280996|gvpA|protein	explicit_gvpa_source_label	pending_competitive_gvpa_gvpj_verification
ref_000495	test	cluster_000280	86	de4f0d0b434811184abb8b052f38372135b3400cefcaf1e93db2f3dce59657e3	data/raw/t05/gvpa/GvpA_RefSeq.fasta	WP_102414373|gvpA|protein	WP_102414373|gvpA|protein	explicit_gvpa_source_label	pending_competitive_gvpa_gvpj_verification
ref_000496	train	cluster_000308	72	cb58ba6802b0f699eec63a9ac0dc87bf4b9d2ad2e5912e9f70a9a019ed1c42c4	data/raw/t05/gvpa/GvpA_RefSeq.fasta	WP_052562317|gvpA|protein	WP_052562317|gvpA|protein	explicit_gvpa_source_label	pending_competitive_gvpa_gvpj_verification
ref_000497	validation	cluster_000312	72	ec1d66f4985b18dd022643b17cee09b8a11441bc394c817d409b1c43b43b7833	data/raw/t05/gvpa/GvpA_RefSeq.fasta	WP_052562316|gvpA|protein	WP_052562316|gvpA|protein	explicit_gvpa_source_label	pending_competitive_gvpa_gvpj_verification
ref_000498	train	cluster_000417	65	2a643259fb5c627e5a760a12d39c8bffca7b0f2759fb11752e71477163859744	data/raw/t05/gvpa/GvpA_RefSeq.fasta	WP_285442166|gvpA|protein	WP_285442166|gvpA|protein	explicit_gvpa_source_label	pending_competitive_gvpa_gvpj_verification
ref_000499	validation	cluster_000368	72	668321baf55f7bfbdc1bee20fef9252620fb0636f55bb6ea2d0270fc58855c37	data/raw/t05/gvpa/GvpA_RefSeq.fasta	WP_165053833|gvpA|protein	WP_165053833|gvpA|protein	explicit_gvpa_source_label	pending_competitive_gvpa_gvpj_verification
ref_000500	train	cluster_000395	70	9adb2cc7f37ad19f8e0f5ef3b30905c0f4090471c3ec259b3fddc7492bfe73aa	data/raw/t05/gvpa/GvpA_RefSeq.fasta	WP_277442832|gvpA|protein	WP_277442832|gvpA|protein	explicit_gvpa_source_label	pending_competitive_gvpa_gvpj_verification
ref_000501	validation	cluster_000342	72	6166ab1a17ac507a42bf2742e59eb2fe7c145df2825dd7f29f5a819b362fb620	data/raw/t05/gvpa/GvpA_RefSeq.fasta	WP_271944488|gvpA|protein	WP_271944488|gvpA|protein	explicit_gvpa_source_label	pending_competitive_gvpa_gvpj_verification
ref_000502	train	cluster_000281	86	39a0d637b9f5ad86efbf915ef25aeec70bdfae190f5763f82185e981d19d440d	data/raw/t05/gvpa/GvpA_RefSeq.fasta	WP_283077690|gvpA|protein	WP_283077690|gvpA|protein	explicit_gvpa_source_label	pending_competitive_gvpa_gvpj_verification
ref_000503	train	cluster_000160	92	646d43372f49b1be4f561d502ed08bd9b4bee0104bba22dc9998d9d831069bc5	data/raw/t05/gvpa/GvpA_RefSeq.fasta	WP_281974780|gvpA|protein	WP_281974780|gvpA|protein	explicit_gvpa_source_label	pending_competitive_gvpa_gvpj_verification
ref_000504	train	cluster_000160	96	6fee2e0959e28f7ad2d6a6b8e1a180ea8cf86b5d7f2e7d0625a0d9b4d1c7c3b5	data/raw/t05/gvpa/GvpA_RefSeq.fasta	WP_281658544|gvpA|protein	WP_281658544|gvpA|protein	explicit_gvpa_source_label	pending_competitive_gvpa_gvpj_verification
ref_000505	train	cluster_000282	83	9587ffd39bd2d85bd5ef1b9a5ae86d45dd30e6a82d024d71e35f3b6b7b313f1e	data/raw/t05/gvpa/GvpA_RefSeq.fasta	WP_225064982|gvpA|protein	WP_225064982|gvpA|protein	explicit_gvpa_source_label	pending_competitive_gvpa_gvpj_verification
ref_000506	test	cluster_000381	69	2708b2500f3eefced6c03a2e849c6957074512fb0f014e8343be33cf184f5066	data/raw/t05/gvpa/GvpA_RefSeq.fasta	WP_097650585|gvpA|protein	WP_097650585|gvpA|protein	explicit_gvpa_source_label	pending_competitive_gvpa_gvpj_verification
ref_000507	validation	cluster_000342	73	307aae2a7a20a7f3cf488cb36e227a148bf49d9b924e9828e229b081cb145d9b	data/raw/t05/gvpa/GvpA_RefSeq.fasta	WP_012408764|gvpA|protein	WP_012408764|gvpA|protein	explicit_gvpa_source_label	pending_competitive_gvpa_gvpj_verification
ref_000508	train	cluster_000318	71	444b2346dad8b8d36df26a3c5f4c05fe76772f974e7bcd020fa19b6132e0ca44	data/raw/t05/gvpa/GvpA_RefSeq.fasta	WP_011316976|gvpA|protein	WP_011316976|gvpA|protein	explicit_gvpa_source_label	pending_competitive_gvpa_gvpj_verification
ref_000509	train	cluster_000412	68	d1ffe3160c1f85b8feb9318303c3242b1b3f5affb5de3b3a2fc2ab8444879755	data/raw/t05/gvpa/GvpA_RefSeq.fasta	WP_068866927|gvpA|protein	WP_068866927|gvpA|protein	explicit_gvpa_source_label	pending_competitive_gvpa_gvpj_verification
ref_000510	train	cluster_000369	72	ccf96d6a6ed62483f79acd8fe73ca53375ccdbff2e5eb7b13fb254638c377970	data/raw/t05/gvpa/GvpA_RefSeq.fasta	WP_275118280|gvpA|protein	WP_275118280|gvpA|protein	explicit_gvpa_source_label	pending_competitive_gvpa_gvpj_verification
ref_000511	train	cluster_000267	86	d1371fd7814fe8dbe69eebdaac7dc0d6ec9407eaf3a1e47a77080b7271904c05	data/raw/t05/gvpa/GvpA_RefSeq.fasta	WP_275036028|gvpA|protein	WP_275036028|gvpA|protein	explicit_gvpa_source_label	pending_competitive_gvpa_gvpj_verification
ref_000512	train	cluster_000359	72	e6ab93f7efc7fc3ffe18f7c1b0f81b303e89607fc39babd5044a943fc09e239c	data/raw/t05/gvpa/GvpA_RefSeq.fasta	WP_274691980|gvpA|protein	WP_274691980|gvpA|protein	explicit_gvpa_source_label	pending_competitive_gvpa_gvpj_verification
ref_000513	train	cluster_000318	71	2132a9e0b250f93ef0736ebabe690b8824688eaa43ca2b5f13031813d3be336a	data/raw/t05/gvpa/GvpA_RefSeq.fasta	WP_272092571|gvpA|protein	WP_272092571|gvpA|protein	explicit_gvpa_source_label	pending_competitive_gvpa_gvpj_verification
ref_000514	train	cluster_000318	71	9b4ea9dc72fc9d6476a60eecf72e56bd632d462e769dd90487b525a2b38d7cbc	data/raw/t05/gvpa/GvpA_RefSeq.fasta	WP_272074942|gvpA|protein	WP_272074942|gvpA|protein	explicit_gvpa_source_label	pending_competitive_gvpa_gvpj_verification
ref_000515	train	cluster_000318	71	2684144e3e1bc2f66f34bd3471bdb834271f9c778f2e790ef6ac290001111f5f	data/raw/t05/gvpa/GvpA_RefSeq.fasta	WP_271933955|gvpA|protein	WP_271933955|gvpA|protein	explicit_gvpa_source_label	pending_competitive_gvpa_gvpj_verification
ref_000516	train	cluster_000318	61	1589f15763a3b3a0bf84fa15f5e9fc045cbb657d2ccfbf4019554b877d7df49c	data/raw/t05/gvpa/GvpA_RefSeq.fasta	WP_271795298|gvpA|protein	WP_271795298|gvpA|protein	explicit_gvpa_source_label	pending_competitive_gvpa_gvpj_verification
ref_000517	validation	cluster_000410	69	c98671ca28ab9cb8f04cae21231ffdd6c177743f85112a951dc5b7ecbdbe98d4	data/raw/t05/gvpa/GvpA_RefSeq.fasta	WP_268070118|gvpA|protein	WP_268070118|gvpA|protein	explicit_gvpa_source_label	pending_competitive_gvpa_gvpj_verification
ref_000518	train	cluster_000411	69	6eb103ed851a261f0454e5c7b5e46eddc554e5c21ab07bb46777bd1462e56f2c	data/raw/t05/gvpa/GvpA_RefSeq.fasta	WP_213698146|gvpA|protein	WP_213698146|gvpA|protein	explicit_gvpa_source_label	pending_competitive_gvpa_gvpj_verification
ref_000519	train	cluster_000318	71	1833721e1724827de2bbb52fb85e65c97bb94592de7b309d46c4c68f6e8d83e3	data/raw/t05/gvpa/GvpA_RefSeq.fasta	WP_272058300|gvpA|protein	WP_272058300|gvpA|protein	explicit_gvpa_source_label	pending_competitive_gvpa_gvpj_verification
ref_000520	train	cluster_000226	66	561df1cd0484632cdef61edba8ed8260b6efcc92409542cfb77187c7e22588b6	data/raw/t05/gvpa/GvpA_RefSeq.fasta	WP_271806167|gvpA|protein	WP_271806167|gvpA|protein	explicit_gvpa_source_label	pending_competitive_gvpa_gvpj_verification
ref_000521	train	cluster_000257	87	09f47a4c9a94b657ae7d1fd6a904d0e1860e493a6747ea8b5847a6bee1457ba9	data/raw/t05/gvpa/GvpA_RefSeq.fasta	WP_265409472|gvpA|protein	WP_265409472|gvpA|protein	explicit_gvpa_source_label	pending_competitive_gvpa_gvpj_verification
ref_000522	train	cluster_000396	70	399c6c7f39b6c9cf5ad57037cc9d099acc0691f6eb1695ba4f607a70ccca826c	data/raw/t05/gvpa/GvpA_RefSeq.fasta	WP_264492078|gvpA|protein	WP_264492078|gvpA|protein	explicit_gvpa_source_label	pending_competitive_gvpa_gvpj_verification
ref_000523	train	cluster_000228	86	70e619942db9ffc2c9b76b5fbe40eb0e3d554fa5d8f39c38d915e4afa6068257	data/raw/t05/gvpa/GvpA_RefSeq.fasta	WP_261749222|gvpA|protein	WP_261749222|gvpA|protein	explicit_gvpa_source_label	pending_competitive_gvpa_gvpj_verification
ref_000524	validation	cluster_000342	75	150260db0a312db92173e5b899cab7b171993c4d392a3abf7694cfa5eb8eca15	data/raw/t05/gvpa/GvpA_RefSeq.fasta	WP_261225443|gvpA|protein	WP_261225443|gvpA|protein	explicit_gvpa_source_label	pending_competitive_gvpa_gvpj_verification
ref_000525	test	cluster_000295	85	51d4aa4718d4ddd20574d29630496ae709e65d5bca511963ce0250a9c5527def	data/raw/t05/gvpa/GvpA_RefSeq.fasta	WP_261131333|gvpA|protein	WP_261131333|gvpA|protein	explicit_gvpa_source_label	pending_competitive_gvpa_gvpj_verification
ref_000526	test	cluster_000162	100	261427cf6474f66e5844d86d152c1d1da25033923e42ade13bf24ba1363a06e2	data/raw/t05/gvpa/GvpA_RefSeq.fasta	WP_257448585|gvpA|protein	WP_257448585|gvpA|protein	explicit_gvpa_source_label	pending_competitive_gvpa_gvpj_verification
ref_000527	train	cluster_000282	86	68131976059d25a80b1964e517478d2e06e3d10065ab1c880adc94e79071562d	data/raw/t05/gvpa/GvpA_RefSeq.fasta	WP_257347633|gvpA|protein	WP_257347633|gvpA|protein	explicit_gvpa_source_label	pending_competitive_gvpa_gvpj_verification
ref_000528	validation	cluster_000242	87	a182ae3bb53ca39deed17650eea46611759fd6620025359944037de10519f372	data/raw/t05/gvpa/GvpA_RefSeq.fasta	WP_257347630|gvpA|protein	WP_257347630|gvpA|protein	explicit_gvpa_source_label	pending_competitive_gvpa_gvpj_verification
ref_000529	validation	cluster_000363	73	d9e7adf0f15523b79bb71f4b9e86898a470abfd3037e9de253b5b81e9e7b03c8	data/raw/t05/gvpa/GvpA_RefSeq.fasta	WP_256019813|gvpA|protein	WP_256019813|gvpA|protein	explicit_gvpa_source_label	pending_competitive_gvpa_gvpj_verification
ref_000530	train	cluster_000209	92	9c6b2526a0bb2c4a36c1e2117cf4711ff4b2b937b14c53f1e3da2df9ee87de56	data/raw/t05/gvpa/GvpA_RefSeq.fasta	WP_255242257|gvpA|protein	WP_255242257|gvpA|protein	explicit_gvpa_source_label	pending_competitive_gvpa_gvpj_verification
ref_000531	validation	cluster_000342	72	f6ebacfa83a4d005159e272ad7f53fde298c79600bbb46fde8ccdfb6f03f9f61	data/raw/t05/gvpa/GvpA_RefSeq.fasta	WP_254567340|gvpA|protein	WP_254567340|gvpA|protein	explicit_gvpa_source_label	pending_competitive_gvpa_gvpj_verification
ref_000532	train	cluster_000168	97	b412c2b00055ebc34540bf363c839797be298e47d292a4360c0e3098d01d727a	data/raw/t05/gvpa/GvpA_RefSeq.fasta	WP_253936202|gvpA|protein	WP_253936202|gvpA|protein	explicit_gvpa_source_label	pending_competitive_gvpa_gvpj_verification
ref_000533	train	cluster_000164	97	c9dd3d8bb3321e485fa82b9efb3cf0cc2427f43d6df387141e74fbd90e53669e	data/raw/t05/gvpa/GvpA_RefSeq.fasta	WP_253923572|gvpA|protein	WP_253923572|gvpA|protein	explicit_gvpa_source_label	pending_competitive_gvpa_gvpj_verification
ref_000534	train	cluster_000267	86	cace8f7ec0f10f4823d0ae9dea12552172553751f3f14cb0f92c2a762afd5089	data/raw/t05/gvpa/GvpA_RefSeq.fasta	WP_252284046|gvpA|protein	WP_252284046|gvpA|protein	explicit_gvpa_source_label	pending_competitive_gvpa_gvpj_verification
ref_000535	train	cluster_000283	86	01217a4061546de4f4235a8a9191a5971150e578f09e8c10e17c47b603704344	data/raw/t05/gvpa/GvpA_RefSeq.fasta	WP_251224769|gvpA|protein	WP_251224769|gvpA|protein	explicit_gvpa_source_label	pending_competitive_gvpa_gvpj_verification
ref_000536	train	cluster_000223	90	8bb7f995156f78926ae79bebee56ba845afa75ef11e95b1602c60f944c886352	data/raw/t05/gvpa/GvpA_RefSeq.fasta	WP_245917923|gvpA|protein	WP_245917923|gvpA|protein	explicit_gvpa_source_label	pending_competitive_gvpa_gvpj_verification
ref_000537	train	cluster_000281	86	d067ede25f6c0516a95636ce1ba39bb7c9af60934aa1be5c02f93f76c57f8d13	data/raw/t05/gvpa/GvpA_RefSeq.fasta	WP_245035174|gvpA|protein	WP_245035174|gvpA|protein	explicit_gvpa_source_label	pending_competitive_gvpa_gvpj_verification
ref_000538	train	cluster_000281	86	09086542d4cbb738c598ac64846bcf11b99d89bf5548d9cd131ec5c41c15d981	data/raw/t05/gvpa/GvpA_RefSeq.fasta	WP_244752026|gvpA|protein	WP_244752026|gvpA|protein	explicit_gvpa_source_label	pending_competitive_gvpa_gvpj_verification
ref_000539	train	cluster_000181	96	b57aea053dff80c6482c73ae4d65951ad92817758d08bbac48f2486c643f6b1d	data/raw/t05/gvpa/GvpA_RefSeq.fasta	WP_244709876|gvpA|protein	WP_244709876|gvpA|protein	explicit_gvpa_source_label	pending_competitive_gvpa_gvpj_verification
ref_000540	train	cluster_000370	72	1c3f16a0fdc7b319cfc790d2f90570d448332245bedff19b9985cdb064da006e	data/raw/t05/gvpa/GvpA_RefSeq.fasta	WP_238625541|gvpA|protein	WP_238625541|gvpA|protein	explicit_gvpa_source_label	pending_competitive_gvpa_gvpj_verification
ref_000541	train	cluster_000370	72	50dda88e67458b1e7169cf63df9f4a9573847ffb6e704b8865356239023fc0a5	data/raw/t05/gvpa/GvpA_RefSeq.fasta	WP_238618220|gvpA|protein	WP_238618220|gvpA|protein	explicit_gvpa_source_label	pending_competitive_gvpa_gvpj_verification
ref_000542	validation	cluster_000242	88	351862cb01754fd1ab98becc78f0fae74e2cef16eabbad00ce4ec4d17ea28588	data/raw/t05/gvpa/GvpA_RefSeq.fasta	WP_237663390|gvpA|protein	WP_237663390|gvpA|protein	explicit_gvpa_source_label	pending_competitive_gvpa_gvpj_verification
ref_000543	test	cluster_000254	86	5cb381db9359101cf272e579ba3b52053113cb020d6650cf29644e5d8e8c1024	data/raw/t05/gvpa/GvpA_RefSeq.fasta	WP_236332925|gvpA|protein	WP_236332925|gvpA|protein	explicit_gvpa_source_label	pending_competitive_gvpa_gvpj_verification
ref_000544	test	cluster_000300	85	4fb6b9391abe691f2baad498dcd90c96aa08fa3d5b40099b2c0cb556e59cae84	data/raw/t05/gvpa/GvpA_RefSeq.fasta	WP_236332920|gvpA|protein	WP_236332920|gvpA|protein	explicit_gvpa_source_label	pending_competitive_gvpa_gvpj_verification
ref_000545	train	cluster_000344	72	31320e152ba1b4cfe0c578adc3bc71faebcf564d308a23d5fe331d1623dab72a	data/raw/t05/gvpa/GvpA_RefSeq.fasta	WP_235277851|gvpA|protein	WP_235277851|gvpA|protein	explicit_gvpa_source_label	pending_competitive_gvpa_gvpj_verification
ref_000546	train	cluster_000348	74	8b714e1325cbfdfacd939fe7c98c8dc650c90f4f53ee18e3c84bf6021011671d	data/raw/t05/gvpa/GvpA_RefSeq.fasta	WP_234067215|gvpA|protein	WP_234067215|gvpA|protein	explicit_gvpa_source_label	pending_competitive_gvpa_gvpj_verification
ref_000547	train	cluster_000212	91	07bd0e36be9cf6488fb783678d2839408a08e465eeb513fd50df7c54ed244c5b	data/raw/t05/gvpa/GvpA_RefSeq.fasta	WP_231788133|gvpA|protein	WP_231788133|gvpA|protein	explicit_gvpa_source_label	pending_competitive_gvpa_gvpj_verification
ref_000548	train	cluster_000274	86	b5963311e20bf490cf4c5833a96b65a615bf913be133dd296a6f4fd2b9dd8aef	data/raw/t05/gvpa/GvpA_RefSeq.fasta	WP_230500926|gvpA|protein	WP_230500926|gvpA|protein	explicit_gvpa_source_label	pending_competitive_gvpa_gvpj_verification
ref_000549	train	cluster_000383	71	45f439ecd52873031578853dd0e7bf7349fee43600e6b3b27eacb8600dc66198	data/raw/t05/gvpa/GvpA_RefSeq.fasta	WP_229250374|gvpA|protein	WP_229250374|gvpA|protein	explicit_gvpa_source_label	pending_competitive_gvpa_gvpj_verification
ref_000550	train	cluster_000236	85	3ce8f60b99b21237414a17cdbbd31332ae83cf3b0bc83fe73fe3cfc226dd3814	data/raw/t05/gvpa/GvpA_RefSeq.fasta	WP_227937098|gvpA|protein	WP_227937098|gvpA|protein	explicit_gvpa_source_label	pending_competitive_gvpa_gvpj_verification
ref_000551	train	cluster_000258	86	9dc637e90a7070ed00fed786aa30e4b223dcf60fcb0a7a89ca12bd94a069eb83	data/raw/t05/gvpa/GvpA_RefSeq.fasta	WP_226675412|gvpA|protein	WP_226675412|gvpA|protein	explicit_gvpa_source_label	pending_competitive_gvpa_gvpj_verification
ref_000552	train	cluster_000258	87	e092f1bde34194b8d96952c80a1bb45bd13eab90c8f00a8c8b92bd8f8a8e89d8	data/raw/t05/gvpa/GvpA_RefSeq.fasta	WP_226654652|gvpA|protein	WP_226654652|gvpA|protein	explicit_gvpa_source_label	pending_competitive_gvpa_gvpj_verification
ref_000553	train	cluster_000176	97	0f2a8f05ef1200c5dc0cf698f53b0bd686af024e90db1b1c281f9a0dc10db696	data/raw/t05/gvpa/GvpA_RefSeq.fasta	WP_226592142|gvpA|protein	WP_226592142|gvpA|protein	explicit_gvpa_source_label	pending_competitive_gvpa_gvpj_verification
ref_000554	train	cluster_000284	86	1da09a04eab900f303396e5c38a46627db81572da7ab13c70418a763829d05ea	data/raw/t05/gvpa/GvpA_RefSeq.fasta	WP_224880169|gvpA|protein	WP_224880169|gvpA|protein	explicit_gvpa_source_label	pending_competitive_gvpa_gvpj_verification
ref_000555	train	cluster_000285	86	a97455c28a62de8f61f44e2f9bdf762bf4d323e39305a2188042fb29f5d0070d	data/raw/t05/gvpa/GvpA_RefSeq.fasta	WP_224875779|gvpA|protein	WP_224875779|gvpA|protein	explicit_gvpa_source_label	pending_competitive_gvpa_gvpj_verification
ref_000556	train	cluster_000318	72	5d6c7bd3713afa1895abe6ae329714a578b15ee9382769ce7e3f16678daedbea	data/raw/t05/gvpa/GvpA_RefSeq.fasta	WP_224341338|gvpA|protein	WP_224341338|gvpA|protein	explicit_gvpa_source_label	pending_competitive_gvpa_gvpj_verification
ref_000557	test	cluster_000364	73	2b57a127896613be0c567c3e6e1bd21928d29b1de9c410605a650ef834f57699	data/raw/t05/gvpa/GvpA_RefSeq.fasta	WP_224249737|gvpA|protein	WP_224249737|gvpA|protein	explicit_gvpa_source_label	pending_competitive_gvpa_gvpj_verification
ref_000558	train	cluster_000348	74	df27c6cb10b51229e5ef6fb5a6948eea04d4f6703b5d0e0ebc4be5ec98ddec28	data/raw/t05/gvpa/GvpA_RefSeq.fasta	WP_223643714|gvpA|protein	WP_223643714|gvpA|protein	explicit_gvpa_source_label	pending_competitive_gvpa_gvpj_verification
ref_000559	train	cluster_000315	82	86a1bb384f8aaccbe24ac604258d445da780447c431c6d24cc785e6ec4dc5a3f	data/raw/t05/gvpa/GvpA_RefSeq.fasta	WP_223587735|gvpA|protein	WP_223587735|gvpA|protein	explicit_gvpa_source_label	pending_competitive_gvpa_gvpj_verification
ref_000560	test	cluster_000295	85	edef782f11b8c7eacb3496dc87b615068b7e7be32f3550a413356d8d4de95c45	data/raw/t05/gvpa/GvpA_RefSeq.fasta	WP_221567459|gvpA|protein	WP_221567459|gvpA|protein	explicit_gvpa_source_label	pending_competitive_gvpa_gvpj_verification
ref_000561	train	cluster_000346	71	5fb53d83d56d48c68c10c69bbbc1d2674a8448de312e77544dac1fbb63c5f949	data/raw/t05/gvpa/GvpA_RefSeq.fasta	WP_220598475|gvpA|protein	WP_220598475|gvpA|protein	explicit_gvpa_source_label	pending_competitive_gvpa_gvpj_verification
ref_000562	train	cluster_000160	97	7987b4f5a99061af67e90b3643f244abbd71cc8e9a26261c2cc8f3c85f45c2c9	data/raw/t05/gvpa/GvpA_RefSeq.fasta	WP_220584226|gvpA|protein	WP_220584226|gvpA|protein	explicit_gvpa_source_label	pending_competitive_gvpa_gvpj_verification
ref_000563	test	cluster_000320	80	da651a0a7b69341f23f4d46ee3c805e350ea3d98b94f0f4fe8704ffafe281576	data/raw/t05/gvpa/GvpA_RefSeq.fasta	WP_216830687|gvpA|protein	WP_216830687|gvpA|protein	explicit_gvpa_source_label	pending_competitive_gvpa_gvpj_verification
ref_000564	test	cluster_000210	86	033157a4d26d86912677f3bbdc709764136df52b7907318179702c277c3c7f0c	data/raw/t05/gvpa/GvpA_RefSeq.fasta	WP_216144691|gvpA|protein	WP_216144691|gvpA|protein	explicit_gvpa_source_label	pending_competitive_gvpa_gvpj_verification
ref_000565	train	cluster_000286	86	5d4bc3951377fd2faff773917b35ede7c69196d80c3091cc385118c158454d40	data/raw/t05/gvpa/GvpA_RefSeq.fasta	WP_215831984|gvpA|protein	WP_215831984|gvpA|protein	explicit_gvpa_source_label	pending_competitive_gvpa_gvpj_verification
ref_000566	train	cluster_000286	78	70e926d855b20edca8f9daf9928c0910d108d16747c667ab648201801f4d6619	data/raw/t05/gvpa/GvpA_RefSeq.fasta	WP_215831982|gvpA|protein	WP_215831982|gvpA|protein	explicit_gvpa_source_label	pending_competitive_gvpa_gvpj_verification
ref_000567	train	cluster_000286	86	483bbff4b0b9b4108f6d432539f113f875d38f69375f16bf995878485774a420	data/raw/t05/gvpa/GvpA_RefSeq.fasta	WP_215828571|gvpA|protein	WP_215828571|gvpA|protein	explicit_gvpa_source_label	pending_competitive_gvpa_gvpj_verification
ref_000568	train	cluster_000275	86	8cc5c88d15faa4d4098f2e0e279a8fb35cdc96628acfb409d13655dbc284d226	data/raw/t05/gvpa/GvpA_RefSeq.fasta	WP_212604240|gvpA|protein	WP_212604240|gvpA|protein	explicit_gvpa_source_label	pending_competitive_gvpa_gvpj_verification
ref_000569	train	cluster_000246	87	1ae061b1db7a06cf0b365f4c7845053dda9b7ebb45e9377289bb0f188f49bd40	data/raw/t05/gvpa/GvpA_RefSeq.fasta	WP_211560237|gvpA|protein	WP_211560237|gvpA|protein	explicit_gvpa_source_label	pending_competitive_gvpa_gvpj_verification
ref_000570	train	cluster_000200	88	2e924180e7ec30a6674687b1fffadb3985fab4556a88fa6d0d47da09af19a742	data/raw/t05/gvpa/GvpA_RefSeq.fasta	WP_211077784|gvpA|protein	WP_211077784|gvpA|protein	explicit_gvpa_source_label	pending_competitive_gvpa_gvpj_verification
ref_000571	train	cluster_000267	86	70501e44d62eb76e66ddc809eae55ad4d35f7427a66686c78618db14d874a65f	data/raw/t05/gvpa/GvpA_RefSeq.fasta	WP_208733210|gvpA|protein	WP_208733210|gvpA|protein	explicit_gvpa_source_label	pending_competitive_gvpa_gvpj_verification
ref_000572	train	cluster_000340	75	aef0e900ff08f50b51050dde6bb5f7243d00e9254cf676e0689045da47b7d7a4	data/raw/t05/gvpa/GvpA_RefSeq.fasta	WP_207648199|gvpA|protein	WP_207648199|gvpA|protein	explicit_gvpa_source_label	pending_competitive_gvpa_gvpj_verification
ref_000573	train	cluster_000349	74	31bb770684ff35b24094bfab3a08efbea4548bf6fc3804405eea072a78fca361	data/raw/t05/gvpa/GvpA_RefSeq.fasta	WP_207545114|gvpA|protein	WP_207545114|gvpA|protein	explicit_gvpa_source_label	pending_competitive_gvpa_gvpj_verification
ref_000574	train	cluster_000160	96	fe8e5bed782f7960b0cae5e61ebb67463773e8c2867325b46d0723d6a1d0c490	data/raw/t05/gvpa/GvpA_RefSeq.fasta	WP_206933396|gvpA|protein	WP_206933396|gvpA|protein	explicit_gvpa_source_label	pending_competitive_gvpa_gvpj_verification
ref_000575	train	cluster_000169	98	dec5fa293ad4eeaffa6f9b9b68a2b16f1c63a3ac47b7654fe352ecb185f5881e	data/raw/t05/gvpa/GvpA_RefSeq.fasta	WP_205090101|gvpA|protein	WP_205090101|gvpA|protein	explicit_gvpa_source_label	pending_competitive_gvpa_gvpj_verification
ref_000576	train	cluster_000237	88	8031a3a05037a74c25189ebe17b41b130b1bdecfaa05fecf04841ffed5b7d94e	data/raw/t05/gvpa/GvpA_RefSeq.fasta	WP_204729210|gvpA|protein	WP_204729210|gvpA|protein	explicit_gvpa_source_label	pending_competitive_gvpa_gvpj_verification
ref_000577	test	cluster_000162	100	e9a0f84c227e1492bb8380eeeef1129aebadd60aed45ef4d8da47525c8e99431	data/raw/t05/gvpa/GvpA_RefSeq.fasta	WP_204220980|gvpA|protein	WP_204220980|gvpA|protein	explicit_gvpa_source_label	pending_competitive_gvpa_gvpj_verification
ref_000578	train	cluster_000318	71	81e16e28c5b6ae6c687edf26d1131e81f064e78832c4adcc34b641fd643a0d3a	data/raw/t05/gvpa/GvpA_RefSeq.fasta	WP_204152466|gvpA|protein	WP_204152466|gvpA|protein	explicit_gvpa_source_label	pending_competitive_gvpa_gvpj_verification
ref_000579	train	cluster_000226	90	a2748151d0c02d5ee64cb337c18e79efd81482960c596f5e4f6e074f4c03cabf	data/raw/t05/gvpa/GvpA_RefSeq.fasta	WP_202218625|gvpA|protein	WP_202218625|gvpA|protein	explicit_gvpa_source_label	pending_competitive_gvpa_gvpj_verification
ref_000580	train	cluster_000228	86	13b468f1d3a3dbb11fa2839385568126ace3d38387010fd7e6b08a6259d94000	data/raw/t05/gvpa/GvpA_RefSeq.fasta	WP_201714563|gvpA|protein	WP_201714563|gvpA|protein	explicit_gvpa_source_label	pending_competitive_gvpa_gvpj_verification
ref_000581	train	cluster_000384	71	d4535c05655d38b6793226a1d23a25c56906808389ddcfab5e4bfda317918e57	data/raw/t05/gvpa/GvpA_RefSeq.fasta	WP_201392536|gvpA|protein	WP_201392536|gvpA|protein	explicit_gvpa_source_label	pending_competitive_gvpa_gvpj_verification
ref_000582	train	cluster_000384	71	dd1c249d0891ddb7284f0f9c047e5891ce47556dd767e6235b9e039efc5e7d8f	data/raw/t05/gvpa/GvpA_RefSeq.fasta	WP_201375104|gvpA|protein	WP_201375104|gvpA|protein	explicit_gvpa_source_label	pending_competitive_gvpa_gvpj_verification
ref_000583	train	cluster_000346	75	90d11bccd2cb7147c1fee47f2b0f358a197ba3bdfa1c9c5d2188fb199722c527	data/raw/t05/gvpa/GvpA_RefSeq.fasta	WP_201320714|gvpA|protein	WP_201320714|gvpA|protein	explicit_gvpa_source_label	pending_competitive_gvpa_gvpj_verification
ref_000584	train	cluster_000318	71	96074fbc1c013ecec913fd6d727f8fb9ce191eaf5c13455284d6261afb06de81	data/raw/t05/gvpa/GvpA_RefSeq.fasta	WP_200989004|gvpA|protein	WP_200989004|gvpA|protein	explicit_gvpa_source_label	pending_competitive_gvpa_gvpj_verification
ref_000585	train	cluster_000359	72	42c893463fb64a324e0329fe17ac8680ed28500bc84d8ca81fd4e667fa6627e9	data/raw/t05/gvpa/GvpA_RefSeq.fasta	WP_200348319|gvpA|protein	WP_200348319|gvpA|protein	explicit_gvpa_source_label	pending_competitive_gvpa_gvpj_verification
ref_000586	validation	cluster_000312	72	b210eed1ce4ece76342b0d73984857ae46c94c81715fcf6e4aeb612f57a90326	data/raw/t05/gvpa/GvpA_RefSeq.fasta	WP_200245878|gvpA|protein	WP_200245878|gvpA|protein	explicit_gvpa_source_label	pending_competitive_gvpa_gvpj_verification
ref_000587	train	cluster_000318	60	2d95495542132d4c6c5b10419e4dcfa8c4f2ecd30e7d29a132528f7090062773	data/raw/t05/gvpa/GvpA_RefSeq.fasta	WP_197992829|gvpA|protein	WP_197992829|gvpA|protein	explicit_gvpa_source_label	pending_competitive_gvpa_gvpj_verification
ref_000588	train	cluster_000201	92	68d62db14d5f1911f6ac8ff9bb45e58ec4dd1943686990174f214a41d639ffa7	data/raw/t05/gvpa/GvpA_RefSeq.fasta	WP_195782633|gvpA|protein	WP_195782633|gvpA|protein	explicit_gvpa_source_label	pending_competitive_gvpa_gvpj_verification
ref_000589	train	cluster_000267	86	d2440e6d37d33df171fe01f57e543b1b8dee111fd57f9374a4bd9c967cc46d30	data/raw/t05/gvpa/GvpA_RefSeq.fasta	WP_195782579|gvpA|protein	WP_195782579|gvpA|protein	explicit_gvpa_source_label	pending_competitive_gvpa_gvpj_verification
ref_000590	train	cluster_000258	86	b454aacc4a69df8c17a0ae023415ccd95ef9280551de8885b41dd5cdd0974814	data/raw/t05/gvpa/GvpA_RefSeq.fasta	WP_194218447|gvpA|protein	WP_194218447|gvpA|protein	explicit_gvpa_source_label	pending_competitive_gvpa_gvpj_verification
ref_000591	train	cluster_000318	71	ec09e260540587684c1e3d9fe9e3637bb1adc3247e4a9067aa55daa390cc3d04	data/raw/t05/gvpa/GvpA_RefSeq.fasta	WP_194056178|gvpA|protein	WP_194056178|gvpA|protein	explicit_gvpa_source_label	pending_competitive_gvpa_gvpj_verification
ref_000592	train	cluster_000226	68	25fcb1b7b6c3c6f6f29d297ffe5e8ee45369c0012ecf179b3592855f1435475b	data/raw/t05/gvpa/GvpA_RefSeq.fasta	WP_194056176|gvpA|protein	WP_194056176|gvpA|protein	explicit_gvpa_source_label	pending_competitive_gvpa_gvpj_verification
ref_000593	train	cluster_000318	71	ac3fec2dc9e749e499b3e4a092b2209cd258b594be45b2722243983cf6668fdb	data/raw/t05/gvpa/GvpA_RefSeq.fasta	WP_193959329|gvpA|protein	WP_193959329|gvpA|protein	explicit_gvpa_source_label	pending_competitive_gvpa_gvpj_verification
ref_000594	train	cluster_000318	71	a99ea42aba6e85ef549b7d8e416359a466d46ce659926a89bdc4ab5ad66466dd	data/raw/t05/gvpa/GvpA_RefSeq.fasta	WP_193955741|gvpA|protein	WP_193955741|gvpA|protein	explicit_gvpa_source_label	pending_competitive_gvpa_gvpj_verification
ref_000595	train	cluster_000318	71	f3ffcf9688b666fefb41b15728857b3a6e39c845812a4c51303b911c0e97691c	data/raw/t05/gvpa/GvpA_RefSeq.fasta	WP_193897365|gvpA|protein	WP_193897365|gvpA|protein	explicit_gvpa_source_label	pending_competitive_gvpa_gvpj_verification
ref_000596	train	cluster_000226	72	69d5fc3c411ad66493e683f263ee3611aa1ce48ec7ae2bab25d8c7bd382557f5	data/raw/t05/gvpa/GvpA_RefSeq.fasta	WP_193875962|gvpA|protein	WP_193875962|gvpA|protein	explicit_gvpa_source_label	pending_competitive_gvpa_gvpj_verification
ref_000597	train	cluster_000350	74	3256fc90422610c7f8cc0a145238e190ca06dd23a58996a7b90a413e590e2e97	data/raw/t05/gvpa/GvpA_RefSeq.fasta	WP_193725987|gvpA|protein	WP_193725987|gvpA|protein	explicit_gvpa_source_label	pending_competitive_gvpa_gvpj_verification
ref_000598	test	cluster_000210	86	41c81011f9e8389dd829259c7b6bcd460f706545f4fe7fa745aa5fb59e250d56	data/raw/t05/gvpa/GvpA_RefSeq.fasta	WP_193422258|gvpA|protein	WP_193422258|gvpA|protein	explicit_gvpa_source_label	pending_competitive_gvpa_gvpj_verification
ref_000599	test	cluster_000287	86	fd9a2791aaca81c0c6ef24e2cab39f1a5d6e705c33b05238f2712e5de5243b2f	data/raw/t05/gvpa/GvpA_RefSeq.fasta	WP_191157535|gvpA|protein	WP_191157535|gvpA|protein	explicit_gvpa_source_label	pending_competitive_gvpa_gvpj_verification
ref_000600	train	cluster_000367	72	147b949dc21dd0206855041420faca8e32520d15d14330d7bc86cf6d33d5f357	data/raw/t05/gvpa/GvpA_RefSeq.fasta	WP_190828481|gvpA|protein	WP_190828481|gvpA|protein	explicit_gvpa_source_label	pending_competitive_gvpa_gvpj_verification
ref_000601	train	cluster_000344	72	d6412c6847666b43092f09700057b7028e8a6ce267e669cf08a36f2c9b317164	data/raw/t05/gvpa/GvpA_RefSeq.fasta	WP_190804824|gvpA|protein	WP_190804824|gvpA|protein	explicit_gvpa_source_label	pending_competitive_gvpa_gvpj_verification
ref_000602	train	cluster_000211	72	a742950a1415bf5dc5826e948cd1ca2bce0b191f6b93af6d7679f7196e44033c	data/raw/t05/gvpa/GvpA_RefSeq.fasta	WP_190775818|gvpA|protein	WP_190775818|gvpA|protein	explicit_gvpa_source_label	pending_competitive_gvpa_gvpj_verification
ref_000603	train	cluster_000226	72	ac6b927c7781d88d481326c81640d4117b05bd63e1bc06fccae7cb04a5d8f13c	data/raw/t05/gvpa/GvpA_RefSeq.fasta	WP_190774558|gvpA|protein	WP_190774558|gvpA|protein	explicit_gvpa_source_label	pending_competitive_gvpa_gvpj_verification
ref_000604	validation	cluster_000342	72	41e20b6f7b2c95cf431aa42cc4d8174ac8d4e3e222df57046d9cb5654f2f63c6	data/raw/t05/gvpa/GvpA_RefSeq.fasta	WP_190627385|gvpA|protein	WP_190627385|gvpA|protein	explicit_gvpa_source_label	pending_competitive_gvpa_gvpj_verification
ref_000605	validation	cluster_000342	72	af304bea340b7ec20d1ebeedba7a97b6fb9a4988341d22c278d967bbeea464ab	data/raw/t05/gvpa/GvpA_RefSeq.fasta	WP_190503885|gvpA|protein	WP_190503885|gvpA|protein	explicit_gvpa_source_label	pending_competitive_gvpa_gvpj_verification
ref_000606	train	cluster_000211	72	d4359a01f2d63626acd85ed3599deb77a66e4425fc81900bae59e0664858541b	data/raw/t05/gvpa/GvpA_RefSeq.fasta	WP_190483017|gvpA|protein	WP_190483017|gvpA|protein	explicit_gvpa_source_label	pending_competitive_gvpa_gvpj_verification
ref_000607	train	cluster_000318	71	1593c2fcfad25e37eeb44401e0a9eb7a01d85e8743bf7bffe2f10465f9841503	data/raw/t05/gvpa/GvpA_RefSeq.fasta	WP_190387978|gvpA|protein	WP_190387978|gvpA|protein	explicit_gvpa_source_label	pending_competitive_gvpa_gvpj_verification
ref_000608	train	cluster_000334	76	dcefec45b0e834bbd1136c1bbb8b0429271afa94f2d470875d28280221668c7d	data/raw/t05/gvpa/GvpA_RefSeq.fasta	WP_188484346|gvpA|protein	WP_188484346|gvpA|protein	explicit_gvpa_source_label	pending_competitive_gvpa_gvpj_verification
ref_000609	train	cluster_000168	97	51eefbe258bc538937c4fe739b0119b2771961736afbd2f153652889eb0743f4	data/raw/t05/gvpa/GvpA_RefSeq.fasta	WP_188376898|gvpA|protein	WP_188376898|gvpA|protein	explicit_gvpa_source_label	pending_competitive_gvpa_gvpj_verification
ref_000610	train	cluster_000389	70	ffde9c8a0aa4cd762cfdac8019aa7ff22a264d2536d40a17ae6ed8124c75dfc6	data/raw/t05/gvpa/GvpA_RefSeq.fasta	WP_183851985|gvpA|protein	WP_183851985|gvpA|protein	explicit_gvpa_source_label	pending_competitive_gvpa_gvpj_verification
ref_000611	train	cluster_000201	92	e7817d8ef39a8df0fcfde6f2281f94ef0d214cbe50dd040a7bffeef7741c2c48	data/raw/t05/gvpa/GvpA_RefSeq.fasta	WP_182005034|gvpA|protein	WP_182005034|gvpA|protein	explicit_gvpa_source_label	pending_competitive_gvpa_gvpj_verification
ref_000612	train	cluster_000160	91	c740155726ca8561a0237b2904e5ad28e95620f8bdb7251f4152bf37a2d904ac	data/raw/t05/gvpa/GvpA_RefSeq.fasta	WP_181347943|gvpA|protein	WP_181347943|gvpA|protein	explicit_gvpa_source_label	pending_competitive_gvpa_gvpj_verification
ref_000613	train	cluster_000413	68	8e2e16185848c52bf74f0b2ae60f4b5a57547e238cf8fdb907e2f0056555b7e4	data/raw/t05/gvpa/GvpA_RefSeq.fasta	WP_176235518|gvpA|protein	WP_176235518|gvpA|protein	explicit_gvpa_source_label	pending_competitive_gvpa_gvpj_verification
ref_000614	train	cluster_000413	68	28fa7b3d2875a180443b1cbb62a5fdb104fc20c017c17f0b1d42ba1f0796363c	data/raw/t05/gvpa/GvpA_RefSeq.fasta	WP_176226614|gvpA|protein	WP_176226614|gvpA|protein	explicit_gvpa_source_label	pending_competitive_gvpa_gvpj_verification
ref_000615	train	cluster_000241	86	ca9d4013ee99a3222d426fc8ffbd7bf9bbebf316132153900a4314185543d6dd	data/raw/t05/gvpa/GvpA_RefSeq.fasta	WP_175989907|gvpA|protein	WP_175989907|gvpA|protein	explicit_gvpa_source_label	pending_competitive_gvpa_gvpj_verification
ref_000616	train	cluster_000164	99	d7a9007355adf4811ce9527f12867b4c5e1906f6bbc68b19607ff08cc3491071	data/raw/t05/gvpa/GvpA_RefSeq.fasta	WP_173918086|gvpA|protein	WP_173918086|gvpA|protein	explicit_gvpa_source_label	pending_competitive_gvpa_gvpj_verification
ref_000617	train	cluster_000275	86	2ea4868f939df14228bd1942b33d1d965c02fddbd819aa6644466da282657191	data/raw/t05/gvpa/GvpA_RefSeq.fasta	WP_172370385|gvpA|protein	WP_172370385|gvpA|protein	explicit_gvpa_source_label	pending_competitive_gvpa_gvpj_verification
ref_000618	train	cluster_000241	86	3dd127a0efcf9a5457c8aab8bd64b72b607763502880671c1eddc2683defaedd	data/raw/t05/gvpa/GvpA_RefSeq.fasta	WP_172253945|gvpA|protein	WP_172253945|gvpA|protein	explicit_gvpa_source_label	pending_competitive_gvpa_gvpj_verification
ref_000619	train	cluster_000318	72	0cf4b83878ac8a432a8cb15ea998c13ea262e62c0c024b2ffd0c14ed460d91d8	data/raw/t05/gvpa/GvpA_RefSeq.fasta	WP_171572203|gvpA|protein	WP_171572203|gvpA|protein	explicit_gvpa_source_label	pending_competitive_gvpa_gvpj_verification
ref_000620	train	cluster_000146	115	5e9a9badd5481f93deb7077f6262099b305712bb8747404b439a37454ec9d8f1	data/raw/t05/gvpa/GvpA_RefSeq.fasta	WP_171164264|gvpA|protein	WP_171164264|gvpA|protein	explicit_gvpa_source_label	pending_competitive_gvpa_gvpj_verification
ref_000621	validation	cluster_000342	72	b5cc1b368bdd05e5035ffa80dd3cdf0f70b0d08a532c611ec882c9de48229c39	data/raw/t05/gvpa/GvpA_RefSeq.fasta	WP_169617606|gvpA|protein	WP_169617606|gvpA|protein	explicit_gvpa_source_label	pending_competitive_gvpa_gvpj_verification
ref_000622	train	cluster_000359	72	f3c68da8dba27ecffeaa1845c5c3adb9482736051e5c46cf94a53e40a70dc08c	data/raw/t05/gvpa/GvpA_RefSeq.fasta	WP_169565185|gvpA|protein	WP_169565185|gvpA|protein	explicit_gvpa_source_label	pending_competitive_gvpa_gvpj_verification
ref_000623	train	cluster_000211	72	c43002c4a19c5a35a8b029e2fc1dc44ebe1378e0488626adc1d42d6497ce119e	data/raw/t05/gvpa/GvpA_RefSeq.fasta	WP_169262979|gvpA|protein	WP_169262979|gvpA|protein	explicit_gvpa_source_label	pending_competitive_gvpa_gvpj_verification
ref_000624	train	cluster_000334	72	06e368ceaac5aa0f9edcd6c79dcd38e4db1343f1c85fb2646dff9f2875372bb5	data/raw/t05/gvpa/GvpA_RefSeq.fasta	WP_168922290|gvpA|protein	WP_168922290|gvpA|protein	explicit_gvpa_source_label	pending_competitive_gvpa_gvpj_verification
ref_000625	train	cluster_000329	70	bcfea43f3a708c18a0255413c67243da1bbfa1308b55ba40d2e7ee380888f5b3	data/raw/t05/gvpa/GvpA_RefSeq.fasta	WP_168654214|gvpA|protein	WP_168654214|gvpA|protein	explicit_gvpa_source_label	pending_competitive_gvpa_gvpj_verification
ref_000626	train	cluster_000367	72	4274eb9d5d32732dadc50cd4a62ee261fc2f41131c032bb6a31e27426acfe9a3	data/raw/t05/gvpa/GvpA_RefSeq.fasta	WP_168569945|gvpA|protein	WP_168569945|gvpA|protein	explicit_gvpa_source_label	pending_competitive_gvpa_gvpj_verification
ref_000627	train	cluster_000337	74	e97c470cdf39521e7d2b091140cac61277ad74e9c82ab70ce043eaa534b0e777	data/raw/t05/gvpa/GvpA_RefSeq.fasta	WP_166344573|gvpA|protein	WP_166344573|gvpA|protein	explicit_gvpa_source_label	pending_competitive_gvpa_gvpj_verification
ref_000628	validation	cluster_000288	86	88ee73fdf0fc427edc719994808470adface4fcba624e7ef2ff2a7cf2013ac58	data/raw/t05/gvpa/GvpA_RefSeq.fasta	WP_166030104|gvpA|protein	WP_166030104|gvpA|protein	explicit_gvpa_source_label	pending_competitive_gvpa_gvpj_verification
ref_000629	train	cluster_000231	86	44075425e280f91869f7741a7bc28162c3513fbe4286c8c31cfabf4b92f3c471	data/raw/t05/gvpa/GvpA_RefSeq.fasta	WP_166030101|gvpA|protein	WP_166030101|gvpA|protein	explicit_gvpa_source_label	pending_competitive_gvpa_gvpj_verification
ref_000630	train	cluster_000308	72	2bfd989de859f7b78cc5cdafcbb82e88bba0cc02858c6702a1b7a3cbc8b48a48	data/raw/t05/gvpa/GvpA_RefSeq.fasta	WP_165227581|gvpA|protein	WP_165227581|gvpA|protein	explicit_gvpa_source_label	pending_competitive_gvpa_gvpj_verification
ref_000631	validation	cluster_000342	73	f582579e03d4f33745710ec08dc14dd03fd5d94e2537499212a7d56fb6dbe395	data/raw/t05/gvpa/GvpA_RefSeq.fasta	WP_163931998|gvpA|protein	WP_163931998|gvpA|protein	explicit_gvpa_source_label	pending_competitive_gvpa_gvpj_verification
ref_000632	train	cluster_000325	78	bf89f43284d2a11b93029904c571f0b75c5c61115d2e3f97cd9453172f114e44	data/raw/t05/gvpa/GvpA_RefSeq.fasta	WP_163836694|gvpA|protein	WP_163836694|gvpA|protein	explicit_gvpa_source_label	pending_competitive_gvpa_gvpj_verification
ref_000633	train	cluster_000281	86	a724b9a2188c92ae4680c6021e8175febfd068e3e1a36a1e8d79b9987fb1f7ef	data/raw/t05/gvpa/GvpA_RefSeq.fasta	WP_163529014|gvpA|protein	WP_163529014|gvpA|protein	explicit_gvpa_source_label	pending_competitive_gvpa_gvpj_verification
ref_000634	train	cluster_000318	72	0d33e01c516b8fa75a9bae2c289330a2df1ff698409077a81508e2a1b774b408	data/raw/t05/gvpa/GvpA_RefSeq.fasta	WP_162425313|gvpA|protein	WP_162425313|gvpA|protein	explicit_gvpa_source_label	pending_competitive_gvpa_gvpj_verification
ref_000635	train	cluster_000182	96	a93e3ba867fc0e432d17b97613e9dae64c4928702c27a2a4ab768499b29c6b65	data/raw/t05/gvpa/GvpA_RefSeq.fasta	WP_160838115|gvpA|protein	WP_160838115|gvpA|protein	explicit_gvpa_source_label	pending_competitive_gvpa_gvpj_verification
ref_000636	test	cluster_000390	70	08ca607a70bf3998101a9512eb52b57c1b80e2c13c49a70a6984ed5d0bef0b30	data/raw/t05/gvpa/GvpA_RefSeq.fasta	WP_160763777|gvpA|protein	WP_160763777|gvpA|protein	explicit_gvpa_source_label	pending_competitive_gvpa_gvpj_verification
ref_000637	train	cluster_000169	89	af18bcf2e4b0e65e7263498986dac3759cf19b503ad1c9afc56cd94b8d10fd6c	data/raw/t05/gvpa/GvpA_RefSeq.fasta	WP_160098649|gvpA|protein	WP_160098649|gvpA|protein	explicit_gvpa_source_label	pending_competitive_gvpa_gvpj_verification
ref_000638	train	cluster_000223	90	b65869cada68668b58e159e12433311e1de5a68dc53de91e57b6da112f6405d8	data/raw/t05/gvpa/GvpA_RefSeq.fasta	WP_158737367|gvpA|protein	WP_158737367|gvpA|protein	explicit_gvpa_source_label	pending_competitive_gvpa_gvpj_verification
ref_000639	train	cluster_000199	93	26e90ce65ed710949c0616c1d01bf8d9c4da5391309914744ead4c7070782daf	data/raw/t05/gvpa/GvpA_RefSeq.fasta	WP_155113886|gvpA|protein	WP_155113886|gvpA|protein	explicit_gvpa_source_label	pending_competitive_gvpa_gvpj_verification
ref_000640	train	cluster_000246	87	61426f7141080b783b8bad001f76e67d408f7293a1e1dcd5af4fbcc8d86c19a6	data/raw/t05/gvpa/GvpA_RefSeq.fasta	WP_155113280|gvpA|protein	WP_155113280|gvpA|protein	explicit_gvpa_source_label	pending_competitive_gvpa_gvpj_verification
ref_000641	train	cluster_000228	89	0b3996e134f02f495b8fa69573a854898b56b7746d5f239e34e570d2416197e1	data/raw/t05/gvpa/GvpA_RefSeq.fasta	WP_154318992|gvpA|protein	WP_154318992|gvpA|protein	explicit_gvpa_source_label	pending_competitive_gvpa_gvpj_verification
ref_000642	train	cluster_000273	84	5db4631b2c67ffc9f980f26e5b49807b6cccdced28e9b4e9d9135a7be3675830	data/raw/t05/gvpa/GvpA_RefSeq.fasta	WP_154306366|gvpA|protein	WP_154306366|gvpA|protein	explicit_gvpa_source_label	pending_competitive_gvpa_gvpj_verification
ref_000643	train	cluster_000231	89	a1aca46bcd6c4b9b05ebac7cfeeab09e2c72a59b78687d8e31b1537e10eeacc4	data/raw/t05/gvpa/GvpA_RefSeq.fasta	WP_154306363|gvpA|protein	WP_154306363|gvpA|protein	explicit_gvpa_source_label	pending_competitive_gvpa_gvpj_verification
ref_000644	train	cluster_000389	70	9f8db13e803cecc901b782bc92f7a669b196f8d1559a4f7432d1ca4dfbec22bc	data/raw/t05/gvpa/GvpA_RefSeq.fasta	WP_153488019|gvpA|protein	WP_153488019|gvpA|protein	explicit_gvpa_source_label	pending_competitive_gvpa_gvpj_verification
ref_000645	train	cluster_000318	61	5232d22b275d6456aae5dc4a6edaafcfcd87cefacf6cd7a043cb5e19bcebe450	data/raw/t05/gvpa/GvpA_RefSeq.fasta	WP_153228363|gvpA|protein	WP_153228363|gvpA|protein	explicit_gvpa_source_label	pending_competitive_gvpa_gvpj_verification
ref_000646	train	cluster_000274	86	57d68f25d5ecc38510164ceef8be27a7a2615ede80dd69b925319d40786dbea6	data/raw/t05/gvpa/GvpA_RefSeq.fasta	WP_152445663|gvpA|protein	WP_152445663|gvpA|protein	explicit_gvpa_source_label	pending_competitive_gvpa_gvpj_verification
ref_000647	train	cluster_000335	76	9c9da073119bec6006bcb26a59f51d6d9ce307413e9c293b0206492bedc5f83f	data/raw/t05/gvpa/GvpA_RefSeq.fasta	WP_149998199|gvpA|protein	WP_149998199|gvpA|protein	explicit_gvpa_source_label	pending_competitive_gvpa_gvpj_verification
ref_000648	train	cluster_000274	86	3efb93524692f0b96dfaa046d32f4a4123c23703e80573acf200f32afef6f10b	data/raw/t05/gvpa/GvpA_RefSeq.fasta	WP_148989232|gvpA|protein	WP_148989232|gvpA|protein	explicit_gvpa_source_label	pending_competitive_gvpa_gvpj_verification
ref_000649	train	cluster_000259	87	fb5b09ad142f93c1de5fc94ad9030f80236fefe99428c8796f85f0d9f8a6e680	data/raw/t05/gvpa/GvpA_RefSeq.fasta	WP_147804077|gvpA|protein	WP_147804077|gvpA|protein	explicit_gvpa_source_label	pending_competitive_gvpa_gvpj_verification
ref_000650	train	cluster_000000	177	4b9192128c23c5a5ae9c3cb7866d9eac35318213d3e89fdfc904d9a95e07baf8	data/raw/t05/gvpa/GvpA_RefSeq.fasta	WP_146646520|gvpA|protein	WP_146646520|gvpA|protein	explicit_gvpa_source_label	pending_competitive_gvpa_gvpj_verification
ref_000651	train	cluster_000201	92	f65bb2c7a1c06eb690c41d6add3becb8b971747d7fca540ad9464387cce9731a	data/raw/t05/gvpa/GvpA_RefSeq.fasta	WP_144644477|gvpA|protein	WP_144644477|gvpA|protein	explicit_gvpa_source_label	pending_competitive_gvpa_gvpj_verification
ref_000652	train	cluster_000279	86	bd790502a785bc49c92c22bfe6be22e078ca2560637cb3de09378ff468ab79ac	data/raw/t05/gvpa/GvpA_RefSeq.fasta	WP_144543769|gvpA|protein	WP_144543769|gvpA|protein	explicit_gvpa_source_label	pending_competitive_gvpa_gvpj_verification
ref_000653	train	cluster_000243	86	245b236a00cae586f79fa63c873914632e120d70515a231486106df4438d0c4a	data/raw/t05/gvpa/GvpA_RefSeq.fasta	WP_144543765|gvpA|protein	WP_144543765|gvpA|protein	explicit_gvpa_source_label	pending_competitive_gvpa_gvpj_verification
ref_000654	validation	cluster_000368	72	063ea39f372fcc47b8549d3aaffbd563c50edad459e9e6c3bf3095d19d3db631	data/raw/t05/gvpa/GvpA_RefSeq.fasta	WP_142864691|gvpA|protein	WP_142864691|gvpA|protein	explicit_gvpa_source_label	pending_competitive_gvpa_gvpj_verification
ref_000655	train	cluster_000389	70	505ccb0a3946a89f043772a19b0276f10c34dede49965e1817e861e3000c1cba	data/raw/t05/gvpa/GvpA_RefSeq.fasta	WP_142224076|gvpA|protein	WP_142224076|gvpA|protein	explicit_gvpa_source_label	pending_competitive_gvpa_gvpj_verification
ref_000656	train	cluster_000260	87	de4c1cf697d48510a55069600b1f2eab433e3ebd22d7ffa77360990606008398	data/raw/t05/gvpa/GvpA_RefSeq.fasta	WP_138810370|gvpA|protein	WP_138810370|gvpA|protein	explicit_gvpa_source_label	pending_competitive_gvpa_gvpj_verification
ref_000657	train	cluster_000228	86	ab1b4f2c562433c40902e605afcc909b32209bdc98e2ca3da60691cbb23d5d67	data/raw/t05/gvpa/GvpA_RefSeq.fasta	WP_138780689|gvpA|protein	WP_138780689|gvpA|protein	explicit_gvpa_source_label	pending_competitive_gvpa_gvpj_verification
ref_000658	validation	cluster_000342	73	6475ddba2899c58b73cc4476693b692ad5718153e4258aafdb46621d84941a5c	data/raw/t05/gvpa/GvpA_RefSeq.fasta	WP_138500607|gvpA|protein	WP_138500607|gvpA|protein	explicit_gvpa_source_label	pending_competitive_gvpa_gvpj_verification
ref_000659	test	cluster_000364	72	6bbc846fc8bfac59f7c6510418290574d1f669840583c3476a2d090d30078eaa	data/raw/t05/gvpa/GvpA_RefSeq.fasta	WP_136922933|gvpA|protein	WP_136922933|gvpA|protein	explicit_gvpa_source_label	pending_competitive_gvpa_gvpj_verification
ref_000660	train	cluster_000383	70	fb842fc4ca3ea6c7b170e9b7ce77ec3aa1d61dbdd09fca433c1baa3e1dd32bd5	data/raw/t05/gvpa/GvpA_RefSeq.fasta	WP_135552856|gvpA|protein	WP_135552856|gvpA|protein	explicit_gvpa_source_label	pending_competitive_gvpa_gvpj_verification
ref_000661	test	cluster_000351	74	34624fdc2470cd5a2bf34c9a89c60b90e45ccce685c62926947223a291d04faa	data/raw/t05/gvpa/GvpA_RefSeq.fasta	WP_134699217|gvpA|protein	WP_134699217|gvpA|protein	explicit_gvpa_source_label	pending_competitive_gvpa_gvpj_verification
ref_000662	train	cluster_000334	72	82d6c5940960b17a96d33ed7f30f9166d9ad35f19afddade725c4f4376ab8ed3	data/raw/t05/gvpa/GvpA_RefSeq.fasta	WP_134492829|gvpA|protein	WP_134492829|gvpA|protein	explicit_gvpa_source_label	pending_competitive_gvpa_gvpj_verification
ref_000663	train	cluster_000371	72	cf3573d661974bcf483617ebe29e38abcb9dc30cd53f4a57a629ac5346636095	data/raw/t05/gvpa/GvpA_RefSeq.fasta	WP_134218556|gvpA|protein	WP_134218556|gvpA|protein	explicit_gvpa_source_label	pending_competitive_gvpa_gvpj_verification
ref_000664	train	cluster_000371	70	365d3ed63bb6048abb9c92e244b98220c4122a7197744311ebff47ef4dcc3098	data/raw/t05/gvpa/GvpA_RefSeq.fasta	WP_134214557|gvpA|protein	WP_134214557|gvpA|protein	explicit_gvpa_source_label	pending_competitive_gvpa_gvpj_verification
ref_000665	train	cluster_000183	89	6d7cf2e541fa269a8a552305d6f8ffb990af63631ee89181d549a46abaaee09a	data/raw/t05/gvpa/GvpA_RefSeq.fasta	WP_133377284|gvpA|protein	WP_133377284|gvpA|protein	explicit_gvpa_source_label	pending_competitive_gvpa_gvpj_verification
ref_000666	validation	cluster_000363	72	8bb6c5a9c15b53104f77ac1bade4b9eede346be437816743b1b4bde55ca0ab93	data/raw/t05/gvpa/GvpA_RefSeq.fasta	WP_133223097|gvpA|protein	WP_133223097|gvpA|protein	explicit_gvpa_source_label	pending_competitive_gvpa_gvpj_verification
ref_000667	train	cluster_000372	71	743c7630acb96591de704472d129e2f2d3a0fef7aaa9517e51dadee07e54dd71	data/raw/t05/gvpa/GvpA_RefSeq.fasta	WP_132243846|gvpA|protein	WP_132243846|gvpA|protein	explicit_gvpa_source_label	pending_competitive_gvpa_gvpj_verification
ref_000668	train	cluster_000372	71	55e5b08f11099324ee5a170e0986524a6fe91326a9aa6f8497f5cc013ed913db	data/raw/t05/gvpa/GvpA_RefSeq.fasta	WP_132243844|gvpA|protein	WP_132243844|gvpA|protein	explicit_gvpa_source_label	pending_competitive_gvpa_gvpj_verification
ref_000669	train	cluster_000372	72	1cabf52c370a690f1b571a16c38fd94f7cfe2f67c52c7b4844a27cc497acd584	data/raw/t05/gvpa/GvpA_RefSeq.fasta	WP_132243842|gvpA|protein	WP_132243842|gvpA|protein	explicit_gvpa_source_label	pending_competitive_gvpa_gvpj_verification
ref_000670	train	cluster_000389	70	d43d1d5ec03e055dcf06d5715d69b3a4b218fb2526beaf4ce6cd8aff93b974a4	data/raw/t05/gvpa/GvpA_RefSeq.fasta	WP_132034394|gvpA|protein	WP_132034394|gvpA|protein	explicit_gvpa_source_label	pending_competitive_gvpa_gvpj_verification
ref_000671	train	cluster_000385	71	c72edb773e9a92736861118e86c5922547af44fa7cbfff690dace1f221bd8672	data/raw/t05/gvpa/GvpA_RefSeq.fasta	WP_129629567|gvpA|protein	WP_129629567|gvpA|protein	explicit_gvpa_source_label	pending_competitive_gvpa_gvpj_verification
ref_000672	train	cluster_000412	68	c8ff85651c16b5c02641dea13a8c9f6200d4c67afc73ad60421d9105f5bbec37	data/raw/t05/gvpa/GvpA_RefSeq.fasta	WP_126462316|gvpA|protein	WP_126462316|gvpA|protein	explicit_gvpa_source_label	pending_competitive_gvpa_gvpj_verification
ref_000673	train	cluster_000246	87	46ac4cba4b1b67d73932515af3f6e57ce887f16631032dadae476a881b1cffd7	data/raw/t05/gvpa/GvpA_RefSeq.fasta	WP_123918855|gvpA|protein	WP_123918855|gvpA|protein	explicit_gvpa_source_label	pending_competitive_gvpa_gvpj_verification
ref_000674	train	cluster_000260	87	a456b71634370e28c157ca1e8ef52833b6df4095e4c2400b03e14dce0db3065b	data/raw/t05/gvpa/GvpA_RefSeq.fasta	WP_122899492|gvpA|protein	WP_122899492|gvpA|protein	explicit_gvpa_source_label	pending_competitive_gvpa_gvpj_verification
ref_000675	train	cluster_000303	84	a5d09cc64cdab8bb36764a8fa45c2c91752e4750fe379252f8a8686b6f344db9	data/raw/t05/gvpa/GvpA_RefSeq.fasta	WP_121937738|gvpA|protein	WP_121937738|gvpA|protein	explicit_gvpa_source_label	pending_competitive_gvpa_gvpj_verification
ref_000676	train	cluster_000213	91	d90ba4fc5295a2ed9e09eebb2759be6e487a9029759dea5359dfc98215e6c863	data/raw/t05/gvpa/GvpA_RefSeq.fasta	WP_121524050|gvpA|protein	WP_121524050|gvpA|protein	explicit_gvpa_source_label	pending_competitive_gvpa_gvpj_verification
ref_000677	train	cluster_000232	89	c7c2a6d15e1ef7e082fbef8e2ae4fb5190226adbbebca7ef166a9995a882bc1b	data/raw/t05/gvpa/GvpA_RefSeq.fasta	WP_120191650|gvpA|protein	WP_120191650|gvpA|protein	explicit_gvpa_source_label	pending_competitive_gvpa_gvpj_verification
ref_000678	train	cluster_000303	84	1e86329db7dd3816b588b5074c334dd9ae52c66acb3e89031bf3036950390cd3	data/raw/t05/gvpa/GvpA_RefSeq.fasta	WP_119169329|gvpA|protein	WP_119169329|gvpA|protein	explicit_gvpa_source_label	pending_competitive_gvpa_gvpj_verification
ref_000679	train	cluster_000273	82	a4c92b6223fd059e223618fae7fd1ce41bc60d11a0abf53aa7281cc4a11c3fd1	data/raw/t05/gvpa/GvpA_RefSeq.fasta	WP_118877386|gvpA|protein	WP_118877386|gvpA|protein	explicit_gvpa_source_label	pending_competitive_gvpa_gvpj_verification
ref_000680	train	cluster_000200	88	6753c4dad3e8314a4fcc8a56ad7f9df1d852047e8ee1f2806d1f7bf06136455e	data/raw/t05/gvpa/GvpA_RefSeq.fasta	WP_116075420|gvpA|protein	WP_116075420|gvpA|protein	explicit_gvpa_source_label	pending_competitive_gvpa_gvpj_verification
ref_000681	train	cluster_000267	86	bc4042a7c10b7bd447bc10cf0e7b34e62f2678ee2efe846fd1a4965f276fc9bc	data/raw/t05/gvpa/GvpA_RefSeq.fasta	WP_116075414|gvpA|protein	WP_116075414|gvpA|protein	explicit_gvpa_source_label	pending_competitive_gvpa_gvpj_verification
ref_000682	train	cluster_000160	97	c7332b08bc757555c17c71dfeb4762a42c7f35e9bf123276bdad17f8c04ff920	data/raw/t05/gvpa/GvpA_RefSeq.fasta	WP_115822819|gvpA|protein	WP_115822819|gvpA|protein	explicit_gvpa_source_label	pending_competitive_gvpa_gvpj_verification
ref_000683	train	cluster_000352	74	2a7c812c0104b829da2d234606ef194cd7b0120f827141d8cde79846a87cb82f	data/raw/t05/gvpa/GvpA_RefSeq.fasta	WP_115480454|gvpA|protein	WP_115480454|gvpA|protein	explicit_gvpa_source_label	pending_competitive_gvpa_gvpj_verification
ref_000684	train	cluster_000352	71	799d6db27c80e0e7903b54ad527181939a651dfc8b92e7f2257826540396fe56	data/raw/t05/gvpa/GvpA_RefSeq.fasta	WP_115480453|gvpA|protein	WP_115480453|gvpA|protein	explicit_gvpa_source_label	pending_competitive_gvpa_gvpj_verification
ref_000685	train	cluster_000397	70	ea394d0f8102113c7b586c4600bada1b0b8307f146bf34f34b415e1a1541a3e7	data/raw/t05/gvpa/GvpA_RefSeq.fasta	WP_115393152|gvpA|protein	WP_115393152|gvpA|protein	explicit_gvpa_source_label	pending_competitive_gvpa_gvpj_verification
ref_000686	train	cluster_000202	91	6a2cd3b9036aebd5361b170c7cb4ada1ca6ad2c2bf6f59ce42e84ec32692ef68	data/raw/t05/gvpa/GvpA_RefSeq.fasta	WP_114915108|gvpA|protein	WP_114915108|gvpA|protein	explicit_gvpa_source_label	pending_competitive_gvpa_gvpj_verification
ref_000687	test	cluster_000373	72	568a29ab96947d1f56cdd26f9b00e86bc04211c3cae7b22fd267b4e4851a89a7	data/raw/t05/gvpa/GvpA_RefSeq.fasta	WP_114298891|gvpA|protein	WP_114298891|gvpA|protein	explicit_gvpa_source_label	pending_competitive_gvpa_gvpj_verification
ref_000688	train	cluster_000233	89	093a223e7cabfac47e7651b01cbcb6690c92416700bfa1663891bc9a0bb64dba	data/raw/t05/gvpa/GvpA_RefSeq.fasta	WP_110608261|gvpA|protein	WP_110608261|gvpA|protein	explicit_gvpa_source_label	pending_competitive_gvpa_gvpj_verification
ref_000689	train	cluster_000233	86	77fc2ac9451a9bede3dd4afdae8227afa8425b88fbc617d8483c3a9e33760e70	data/raw/t05/gvpa/GvpA_RefSeq.fasta	WP_110521313|gvpA|protein	WP_110521313|gvpA|protein	explicit_gvpa_source_label	pending_competitive_gvpa_gvpj_verification
ref_000690	train	cluster_000350	72	b7cd847cd6fe1a7829cf7f792c343b0f31ac830aa92de43035ec3efcffa0c69c	data/raw/t05/gvpa/GvpA_RefSeq.fasta	WP_110291813|gvpA|protein	WP_110291813|gvpA|protein	explicit_gvpa_source_label	pending_competitive_gvpa_gvpj_verification
ref_000691	train	cluster_000365	73	5ab45ad51e4b3b910fd8c1746a4567c486de46a44aed731199d0ca87ee20ae2d	data/raw/t05/gvpa/GvpA_RefSeq.fasta	WP_110291812|gvpA|protein	WP_110291812|gvpA|protein	explicit_gvpa_source_label	pending_competitive_gvpa_gvpj_verification
ref_000692	train	cluster_000279	86	c4f90ad7ed7605569245466a78d6cacf132910de853f538fcb5455e24f64846f	data/raw/t05/gvpa/GvpA_RefSeq.fasta	WP_110066995|gvpA|protein	WP_110066995|gvpA|protein	explicit_gvpa_source_label	pending_competitive_gvpa_gvpj_verification
ref_000693	train	cluster_000412	68	7d765791e125072d99a7ca1c73f9240339ae4a7f749cd0979129744541c4a65a	data/raw/t05/gvpa/GvpA_RefSeq.fasta	WP_110022885|gvpA|protein	WP_110022885|gvpA|protein	explicit_gvpa_source_label	pending_competitive_gvpa_gvpj_verification
ref_000694	train	cluster_000318	71	9bc7ff063d928dbcb9195c75a1dc4195393661df207bc297ccedbfddf3dda716	data/raw/t05/gvpa/GvpA_RefSeq.fasta	WP_107805940|gvpA|protein	WP_107805940|gvpA|protein	explicit_gvpa_source_label	pending_competitive_gvpa_gvpj_verification
ref_000695	train	cluster_000261	87	2db5ea05deb082340e798dcbb54d021ddfc5aad940791b9612fe65a7e726f098	data/raw/t05/gvpa/GvpA_RefSeq.fasta	WP_107585507|gvpA|protein	WP_107585507|gvpA|protein	explicit_gvpa_source_label	pending_competitive_gvpa_gvpj_verification
ref_000696	train	cluster_000261	87	c9a543131d390ec68ed4b32369990c6c0e4f444664f2d733da7a5abdf5c6e7a6	data/raw/t05/gvpa/GvpA_RefSeq.fasta	WP_107585506|gvpA|protein	WP_107585506|gvpA|protein	explicit_gvpa_source_label	pending_competitive_gvpa_gvpj_verification
ref_000697	train	cluster_000259	87	d6f7ae660d4103a77296431377a8a66efd54f6094f5160a4e39a4b0879a6c1f5	data/raw/t05/gvpa/GvpA_RefSeq.fasta	WP_107584481|gvpA|protein	WP_107584481|gvpA|protein	explicit_gvpa_source_label	pending_competitive_gvpa_gvpj_verification
ref_000698	train	cluster_000344	71	d6f636dc4849c3ad6e3a58c7b0ef91a1ea0fbcc31a5257f2b09eec7527ec1947	data/raw/t05/gvpa/GvpA_RefSeq.fasta	WP_107562013|gvpA|protein	WP_107562013|gvpA|protein	explicit_gvpa_source_label	pending_competitive_gvpa_gvpj_verification
ref_000699	validation	cluster_000342	72	b06d430fdaaa1079895b90414dcee1412655c8233aae0405582a5fa156014994	data/raw/t05/gvpa/GvpA_RefSeq.fasta	WP_106257461|gvpA|protein	WP_106257461|gvpA|protein	explicit_gvpa_source_label	pending_competitive_gvpa_gvpj_verification
ref_000700	train	cluster_000147	115	81137907f8a802f938023314709afb0593221134347bae7f1e414c65dc4cb3d8	data/raw/t05/gvpa/GvpA_RefSeq.fasta	WP_105986389|gvpA|protein	WP_105986389|gvpA|protein	explicit_gvpa_source_label	pending_competitive_gvpa_gvpj_verification
ref_000701	train	cluster_000233	86	b080db9796742f656263cec8bc0a2c0c8d8087f4e3fc287f63db20f9e5980068	data/raw/t05/gvpa/GvpA_RefSeq.fasta	WP_105958376|gvpA|protein	WP_105958376|gvpA|protein	explicit_gvpa_source_label	pending_competitive_gvpa_gvpj_verification
ref_000702	validation	cluster_000414	68	6b39f5a7fb6bca78b4de78848a0590c9ba9381a0596c3f500d9bf9a9db38751f	data/raw/t05/gvpa/GvpA_RefSeq.fasta	WP_104809704|gvpA|protein	WP_104809704|gvpA|protein	explicit_gvpa_source_label	pending_competitive_gvpa_gvpj_verification
ref_000703	validation	cluster_000398	70	5999831f394b80c759013cff8d5244a8fdce37763825e9e54f6d0f8238f6853d	data/raw/t05/gvpa/GvpA_RefSeq.fasta	WP_104509441|gvpA|protein	WP_104509441|gvpA|protein	explicit_gvpa_source_label	pending_competitive_gvpa_gvpj_verification
ref_000704	train	cluster_000374	72	ab04988c687da6715ca95977bb07c66c672d9d16259267d8857d796078b1d39d	data/raw/t05/gvpa/GvpA_RefSeq.fasta	WP_104370972|gvpA|protein	WP_104370972|gvpA|protein	explicit_gvpa_source_label	pending_competitive_gvpa_gvpj_verification
ref_000705	test	cluster_000289	86	bb6474c2ddf0f1e41d70255e87b6101217f4300cef84397ec680971153c4c2ea	data/raw/t05/gvpa/GvpA_RefSeq.fasta	WP_104057597|gvpA|protein	WP_104057597|gvpA|protein	explicit_gvpa_source_label	pending_competitive_gvpa_gvpj_verification
ref_000706	train	cluster_000183	96	5de637450d4d853bfedabcfee0dd79695d17f9027039e6d680b7e752c77448e4	data/raw/t05/gvpa/GvpA_RefSeq.fasta	WP_104057594|gvpA|protein	WP_104057594|gvpA|protein	explicit_gvpa_source_label	pending_competitive_gvpa_gvpj_verification
ref_000707	train	cluster_000353	74	9da3dcb0bb3c092c42d5e93a443a03a1d7bbe49d328f6f9a37a8879f8b120799	data/raw/t05/gvpa/GvpA_RefSeq.fasta	WP_103666325|gvpA|protein	WP_103666325|gvpA|protein	explicit_gvpa_source_label	pending_competitive_gvpa_gvpj_verification
ref_000708	train	cluster_000227	90	398b1c22d526b2f32567fe21c2089cb78667eae574f99061bf43c7a7a6d3afc3	data/raw/t05/gvpa/GvpA_RefSeq.fasta	WP_101646903|gvpA|protein	WP_101646903|gvpA|protein	explicit_gvpa_source_label	pending_competitive_gvpa_gvpj_verification
ref_000709	train	cluster_000243	86	e1d36a7c3cd6d18fbd5a85b84a2a50c48d78ec9f5cae9311981556a64b402ca8	data/raw/t05/gvpa/GvpA_RefSeq.fasta	WP_101642272|gvpA|protein	WP_101642272|gvpA|protein	explicit_gvpa_source_label	pending_competitive_gvpa_gvpj_verification
ref_000710	validation	cluster_000290	86	905ebdcfc21b7ed8d2d2cb8e9b5442409818b4f764173ec496017bc6060294d2	data/raw/t05/gvpa/GvpA_RefSeq.fasta	WP_101330890|gvpA|protein	WP_101330890|gvpA|protein	explicit_gvpa_source_label	pending_competitive_gvpa_gvpj_verification
ref_000711	train	cluster_000362	72	87980263fe69edba436828ec3f666868f308140bdf4e6a975cd1d9398dbcfa9c	data/raw/t05/gvpa/GvpA_RefSeq.fasta	WP_100923022|gvpA|protein	WP_100923022|gvpA|protein	explicit_gvpa_source_label	pending_competitive_gvpa_gvpj_verification
ref_000712	train	cluster_000236	86	2b6afdfba96a597935ac7684cba1e7994395c11de3a84bc89adf12c97282e85a	data/raw/t05/gvpa/GvpA_RefSeq.fasta	WP_100407998|gvpA|protein	WP_100407998|gvpA|protein	explicit_gvpa_source_label	pending_competitive_gvpa_gvpj_verification
ref_000713	train	cluster_000391	70	5fa036ca3723472605e8fb1e56518c5f6df815f2774260b75dd1bedf9b7712e5	data/raw/t05/gvpa/GvpA_RefSeq.fasta	WP_100196984|gvpA|protein	WP_100196984|gvpA|protein	explicit_gvpa_source_label	pending_competitive_gvpa_gvpj_verification
ref_000714	train	cluster_000301	85	e63cda87ab2705e419abd9ae6003b712d87407fc8def307fca8b29e9df629994	data/raw/t05/gvpa/GvpA_RefSeq.fasta	WP_100010259|gvpA|protein	WP_100010259|gvpA|protein	explicit_gvpa_source_label	pending_competitive_gvpa_gvpj_verification
ref_000715	validation	cluster_000342	73	9c3060ca8265f2fd22a31cd72d77ad3372c96f4adc9a17bbc18958920d900968	data/raw/t05/gvpa/GvpA_RefSeq.fasta	WP_099068598|gvpA|protein	WP_099068598|gvpA|protein	explicit_gvpa_source_label	pending_competitive_gvpa_gvpj_verification
ref_000716	train	cluster_000267	86	f39b437ab8564f78da8d7b746d8ce9d5a40c44ea147d2464a4723f4a60d3c446	data/raw/t05/gvpa/GvpA_RefSeq.fasta	WP_099000391|gvpA|protein	WP_099000391|gvpA|protein	explicit_gvpa_source_label	pending_competitive_gvpa_gvpj_verification
ref_000717	train	cluster_000359	72	5531343a7a7ecf79ad55db9ca51e2ec58b7248423070d730fbb242c095de6142	data/raw/t05/gvpa/GvpA_RefSeq.fasta	WP_098420078|gvpA|protein	WP_098420078|gvpA|protein	explicit_gvpa_source_label	pending_competitive_gvpa_gvpj_verification
ref_000718	train	cluster_000385	71	1f4f50f1349e137c7f3208f16caa01bdad2970714663a63d2c93485d175437c7	data/raw/t05/gvpa/GvpA_RefSeq.fasta	WP_097645229|gvpA|protein	WP_097645229|gvpA|protein	explicit_gvpa_source_label	pending_competitive_gvpa_gvpj_verification
ref_000719	train	cluster_000375	72	5ff91e8d3cfc9ac60d0da6d4bff769a4c4cef44d9e8b9d3dac677e2e966ed6fa	data/raw/t05/gvpa/GvpA_RefSeq.fasta	WP_096607388|gvpA|protein	WP_096607388|gvpA|protein	explicit_gvpa_source_label	pending_competitive_gvpa_gvpj_verification
ref_000720	test	cluster_000394	70	2685b9267d2b1a0083b07f35892aa0bd99f8ce2ff4c12d81c480c23f22ee9ccb	data/raw/t05/gvpa/GvpA_RefSeq.fasta	WP_095882104|gvpA|protein	WP_095882104|gvpA|protein	explicit_gvpa_source_label	pending_competitive_gvpa_gvpj_verification
ref_000721	train	cluster_000399	70	8b73be19e1760871e605ab2c6e9d9e9d0237e022a68a462d4e69f4378b032985	data/raw/t05/gvpa/GvpA_RefSeq.fasta	WP_094376571|gvpA|protein	WP_094376571|gvpA|protein	explicit_gvpa_source_label	pending_competitive_gvpa_gvpj_verification
ref_000722	train	cluster_000400	70	02e83ad46b86e8eaf5e72ac58980deb955c9923ecc5f393c34d6bbb46caacfd4	data/raw/t05/gvpa/GvpA_RefSeq.fasta	WP_093252384|gvpA|protein	WP_093252384|gvpA|protein	explicit_gvpa_source_label	pending_competitive_gvpa_gvpj_verification
ref_000723	train	cluster_000219	91	081e6fae1d79d93eb37e06b9b36a9051ecbb063d6869383bf5e9695311682261	data/raw/t05/gvpa/GvpA_RefSeq.fasta	WP_093212467|gvpA|protein	WP_093212467|gvpA|protein	explicit_gvpa_source_label	pending_competitive_gvpa_gvpj_verification
ref_000724	train	cluster_000233	89	3b8e26a87928dd1c11308a9daab1f4cae1c758048adeed5cc8c8de052c961373	data/raw/t05/gvpa/GvpA_RefSeq.fasta	WP_093047006|gvpA|protein	WP_093047006|gvpA|protein	explicit_gvpa_source_label	pending_competitive_gvpa_gvpj_verification
ref_000725	train	cluster_000169	97	bfa3b303b3d7305c173f3ae35dc80425fcdb56d051e9998a25a11b72772a90e4	data/raw/t05/gvpa/GvpA_RefSeq.fasta	WP_093045974|gvpA|protein	WP_093045974|gvpA|protein	explicit_gvpa_source_label	pending_competitive_gvpa_gvpj_verification
ref_000726	train	cluster_000376	72	db099662bae325b9438c8704241b3f81f3d5dde85209ef4f6468d134754f5dd8	data/raw/t05/gvpa/GvpA_RefSeq.fasta	WP_092960919|gvpA|protein	WP_092960919|gvpA|protein	explicit_gvpa_source_label	pending_competitive_gvpa_gvpj_verification
ref_000727	train	cluster_000386	71	b07305ca6f722d02988a3d0c756feb0815d3b6a95c9e62b3013a423b137a8b56	data/raw/t05/gvpa/GvpA_RefSeq.fasta	WP_092209254|gvpA|protein	WP_092209254|gvpA|protein	explicit_gvpa_source_label	pending_competitive_gvpa_gvpj_verification
ref_000728	validation	cluster_000262	87	b9d316384ab02e663b33903a3ca16c70f79146ee07dbf4b852ffafea1ce6bf25	data/raw/t05/gvpa/GvpA_RefSeq.fasta	WP_091662612|gvpA|protein	WP_091662612|gvpA|protein	explicit_gvpa_source_label	pending_competitive_gvpa_gvpj_verification
ref_000729	train	cluster_000259	87	7175c3595a1c9e0a8512b3746323a26c378981564cc73f244683f338abe93795	data/raw/t05/gvpa/GvpA_RefSeq.fasta	WP_090841991|gvpA|protein	WP_090841991|gvpA|protein	explicit_gvpa_source_label	pending_competitive_gvpa_gvpj_verification
ref_000730	train	cluster_000348	74	a2b40c981456774b6e29756894bbc27182fa3b0b77e5d636b4032ab626568ac2	data/raw/t05/gvpa/GvpA_RefSeq.fasta	WP_090488909|gvpA|protein	WP_090488909|gvpA|protein	explicit_gvpa_source_label	pending_competitive_gvpa_gvpj_verification
ref_000731	train	cluster_000160	100	d8cf5bfdf78857545866e01c852739b174a99417f89c0d3fa6b133cf1c1a9fbf	data/raw/t05/gvpa/GvpA_RefSeq.fasta	WP_089750581|gvpA|protein	WP_089750581|gvpA|protein	explicit_gvpa_source_label	pending_competitive_gvpa_gvpj_verification
ref_000732	train	cluster_000354	74	e9d01ae6175270dee0d811da043d2703afeb63591e014fc1d0393f88a8a40595	data/raw/t05/gvpa/GvpA_RefSeq.fasta	WP_089729497|gvpA|protein	WP_089729497|gvpA|protein	explicit_gvpa_source_label	pending_competitive_gvpa_gvpj_verification
ref_000733	train	cluster_000160	97	c50a1a828acd52df133e9550a6115bae8609dc006c477630d6d2d9af265a1d49	data/raw/t05/gvpa/GvpA_RefSeq.fasta	WP_089651261|gvpA|protein	WP_089651261|gvpA|protein	explicit_gvpa_source_label	pending_competitive_gvpa_gvpj_verification
ref_000734	train	cluster_000194	93	0c171934ecf7b20bfbc9176c35ddda62ffda0e781c2c91e76cbb4789a85d1ced	data/raw/t05/gvpa/GvpA_RefSeq.fasta	WP_089530668|gvpA|protein	WP_089530668|gvpA|protein	explicit_gvpa_source_label	pending_competitive_gvpa_gvpj_verification
ref_000735	train	cluster_000243	88	7017fbd8c94374540f0f5a45f5801347ea8c5d0c19d9a5624dae9c0ba43c8045	data/raw/t05/gvpa/GvpA_RefSeq.fasta	WP_089201247|gvpA|protein	WP_089201247|gvpA|protein	explicit_gvpa_source_label	pending_competitive_gvpa_gvpj_verification
ref_000736	train	cluster_000318	72	8ff951966677ada5d69fa598dcdc8d21b160b6ad3a83f4e1ee63c48bff00c9d0	data/raw/t05/gvpa/GvpA_RefSeq.fasta	WP_088893383|gvpA|protein	WP_088893383|gvpA|protein	explicit_gvpa_source_label	pending_competitive_gvpa_gvpj_verification
ref_000737	train	cluster_000355	74	29c35eaede0a8c75c3092a89e68567ed8b1eaddcb83fa37b7301c91ebfcb5d32	data/raw/t05/gvpa/GvpA_RefSeq.fasta	WP_088554997|gvpA|protein	WP_088554997|gvpA|protein	explicit_gvpa_source_label	pending_competitive_gvpa_gvpj_verification
ref_000738	train	cluster_000355	74	61db0834b27d8f0211d3cc0246d68dfe826c840d6e539467326cc9834eb7f9f4	data/raw/t05/gvpa/GvpA_RefSeq.fasta	WP_088554996|gvpA|protein	WP_088554996|gvpA|protein	explicit_gvpa_source_label	pending_competitive_gvpa_gvpj_verification
ref_000739	test	cluster_000280	86	4d804d42d3d08ccd0ad281fc359b16b7c18295c0dcd886d9acc9487ddd5c257b	data/raw/t05/gvpa/GvpA_RefSeq.fasta	WP_088051998|gvpA|protein	WP_088051998|gvpA|protein	explicit_gvpa_source_label	pending_competitive_gvpa_gvpj_verification
ref_000740	train	cluster_000200	93	34a4a65736a78d22df6a6298330e17f4c31b7e4e19acc04fa044e95a52b44b9b	data/raw/t05/gvpa/GvpA_RefSeq.fasta	WP_088048850|gvpA|protein	WP_088048850|gvpA|protein	explicit_gvpa_source_label	pending_competitive_gvpa_gvpj_verification
ref_000741	validation	cluster_000270	84	ec71caa9aa98b279110db7eeddea67df583cf49a79c0c0cbc92692cecd56f8a7	data/raw/t05/gvpa/GvpA_RefSeq.fasta	WP_088019259|gvpA|protein	WP_088019259|gvpA|protein	explicit_gvpa_source_label	pending_competitive_gvpa_gvpj_verification
ref_000742	train	cluster_000213	91	487f5518a6cfaf0b0b759aa3f1c0c33eb60a885f4eea64b108da092081b51d67	data/raw/t05/gvpa/GvpA_RefSeq.fasta	WP_087972332|gvpA|protein	WP_087972332|gvpA|protein	explicit_gvpa_source_label	pending_competitive_gvpa_gvpj_verification
ref_000743	train	cluster_000389	70	8d6274f78693091697cf066d860d6107e0284d36ff784ac52e8bdd59f203229b	data/raw/t05/gvpa/GvpA_RefSeq.fasta	WP_085933344|gvpA|protein	WP_085933344|gvpA|protein	explicit_gvpa_source_label	pending_competitive_gvpa_gvpj_verification
ref_000744	train	cluster_000334	72	b409898218d5081ec4342fccc5a0fff74fb9537ef871cae59901bbc285aa9a0d	data/raw/t05/gvpa/GvpA_RefSeq.fasta	WP_085772564|gvpA|protein	WP_085772564|gvpA|protein	explicit_gvpa_source_label	pending_competitive_gvpa_gvpj_verification
ref_000745	train	cluster_000177	97	2b3b9522031fea2fc99619d007c1d5fa385bad34d2c5516714d94b2414595483	data/raw/t05/gvpa/GvpA_RefSeq.fasta	WP_085028932|gvpA|protein	WP_085028932|gvpA|protein	explicit_gvpa_source_label	pending_competitive_gvpa_gvpj_verification
ref_000746	train	cluster_000318	71	0cff47cd0a85e1de37e0ecd86f2547117aedabb101c8e97eb486ebb51c831023	data/raw/t05/gvpa/GvpA_RefSeq.fasta	WP_084989880|gvpA|protein	WP_084989880|gvpA|protein	explicit_gvpa_source_label	pending_competitive_gvpa_gvpj_verification
ref_000747	train	cluster_000356	74	e8e78837892ab1704b44943c3164e2473cb72f57d16f3126aa1f2a124d924f4b	data/raw/t05/gvpa/GvpA_RefSeq.fasta	WP_084383942|gvpA|protein	WP_084383942|gvpA|protein	explicit_gvpa_source_label	pending_competitive_gvpa_gvpj_verification
ref_000748	train	cluster_000377	72	c95ec1b2f7e46d479f0b7badb82434afd4e1a2e4219d526149e245a2c5401427	data/raw/t05/gvpa/GvpA_RefSeq.fasta	WP_084068413|gvpA|protein	WP_084068413|gvpA|protein	explicit_gvpa_source_label	pending_competitive_gvpa_gvpj_verification
ref_000749	train	cluster_000318	72	f73e9b648178e6df8c6ae1b7975c7f6bb8865bfd92edda8674be445474a5a5d0	data/raw/t05/gvpa/GvpA_RefSeq.fasta	WP_083620231|gvpA|protein	WP_083620231|gvpA|protein	explicit_gvpa_source_label	pending_competitive_gvpa_gvpj_verification
ref_000750	train	cluster_000164	98	bd1bbd2e9fa260563cebcadce402f2c30a6d1471c265e92ae830c79b9cd6875e	data/raw/t05/gvpa/GvpA_RefSeq.fasta	WP_082231972|gvpA|protein	WP_082231972|gvpA|protein	explicit_gvpa_source_label	pending_competitive_gvpa_gvpj_verification
ref_000751	train	cluster_000401	70	a6afc902cb295160c5db8606444b6dda5d9b591dd8a52303b79fa0c87b58528c	data/raw/t05/gvpa/GvpA_RefSeq.fasta	WP_081535855|gvpA|protein	WP_081535855|gvpA|protein	explicit_gvpa_source_label	pending_competitive_gvpa_gvpj_verification
ref_000752	train	cluster_000281	86	e60de74ad1cb6abf6e3404dddf86e68bc076c53dbe08eaaf49c115452622d584	data/raw/t05/gvpa/GvpA_RefSeq.fasta	WP_079526323|gvpA|protein	WP_079526323|gvpA|protein	explicit_gvpa_source_label	pending_competitive_gvpa_gvpj_verification
ref_000753	train	cluster_000209	92	82b9d4647d83832bf059d6870b2ecea198fd5868db5ba0fb7f3476533336312b	data/raw/t05/gvpa/GvpA_RefSeq.fasta	WP_078596767|gvpA|protein	WP_078596767|gvpA|protein	explicit_gvpa_source_label	pending_competitive_gvpa_gvpj_verification
ref_000754	train	cluster_000244	88	9d924853eeaeacd8d6769acf65a9a563bcbe4118b6939ea63b43e53ca6cd0cf0	data/raw/t05/gvpa/GvpA_RefSeq.fasta	WP_078392697|gvpA|protein	WP_078392697|gvpA|protein	explicit_gvpa_source_label	pending_competitive_gvpa_gvpj_verification
ref_000755	train	cluster_000219	91	37c770390307a882825ae06de4d5b1213449231d71102a747072ae9c106c3dec	data/raw/t05/gvpa/GvpA_RefSeq.fasta	WP_077623669|gvpA|protein	WP_077623669|gvpA|protein	explicit_gvpa_source_label	pending_competitive_gvpa_gvpj_verification
ref_000756	train	cluster_000159	102	d58dfba1e9f522c883d4aa9639fb35da53cd61d07051bfec6c8754003165e86f	data/raw/t05/gvpa/GvpA_RefSeq.fasta	WP_076570741|gvpA|protein	WP_076570741|gvpA|protein	explicit_gvpa_source_label	pending_competitive_gvpa_gvpj_verification
ref_000757	train	cluster_000211	72	ad033982fcb9c7e260ad2d157d65540ca5e5755820ba8a6e97491d70353f794b	data/raw/t05/gvpa/GvpA_RefSeq.fasta	WP_075598971|gvpA|protein	WP_075598971|gvpA|protein	explicit_gvpa_source_label	pending_competitive_gvpa_gvpj_verification
ref_000758	train	cluster_000160	96	68925098711d386795ce552257730b7156e2f452edf3c2911a981f538ea82177	data/raw/t05/gvpa/GvpA_RefSeq.fasta	WP_075035376|gvpA|protein	WP_075035376|gvpA|protein	explicit_gvpa_source_label	pending_competitive_gvpa_gvpj_verification
ref_000759	train	cluster_000318	72	1bae8aa5c69e1d4931dd74badaf3df348d80033e5d43b1989f61d5c7b6ee95e3	data/raw/t05/gvpa/GvpA_RefSeq.fasta	WP_073608715|gvpA|protein	WP_073608715|gvpA|protein	explicit_gvpa_source_label	pending_competitive_gvpa_gvpj_verification
ref_000760	train	cluster_000318	72	b39131acb6e4086319d0c03c602fb7cf5d26620142fdeef57aa6f68352c03653	data/raw/t05/gvpa/GvpA_RefSeq.fasta	WP_072717742|gvpA|protein	WP_072717742|gvpA|protein	explicit_gvpa_source_label	pending_competitive_gvpa_gvpj_verification
ref_000761	train	cluster_000318	70	c69f9a6b4253e4d6089f33106133a158408665e78a978f99dedcd93f78389254	data/raw/t05/gvpa/GvpA_RefSeq.fasta	WP_069474504|gvpA|protein	WP_069474504|gvpA|protein	explicit_gvpa_source_label	pending_competitive_gvpa_gvpj_verification
ref_000762	train	cluster_000383	70	205609067b26bcd62eb11fef51c60bef3fa1b206aaae303129191b1769af587b	data/raw/t05/gvpa/GvpA_RefSeq.fasta	WP_068965369|gvpA|protein	WP_068965369|gvpA|protein	explicit_gvpa_source_label	pending_competitive_gvpa_gvpj_verification
ref_000763	train	cluster_000263	87	c9bd062078459f51006074f80a50badc1adb85ee5c75397b239f22deb218ec7f	data/raw/t05/gvpa/GvpA_RefSeq.fasta	WP_066205542|gvpA|protein	WP_066205542|gvpA|protein	explicit_gvpa_source_label	pending_competitive_gvpa_gvpj_verification
ref_000764	train	cluster_000236	84	8d61c399409b4395f3c50202fad06f3a8bd9f53aad013234d59976588dcf30eb	data/raw/t05/gvpa/GvpA_RefSeq.fasta	WP_064098149|gvpA|protein	WP_064098149|gvpA|protein	explicit_gvpa_source_label	pending_competitive_gvpa_gvpj_verification
ref_000765	train	cluster_000231	86	9194534fce73964474e054c47d2eff8967d8a9c8219193e22273cef7134ec1ad	data/raw/t05/gvpa/GvpA_RefSeq.fasta	WP_064098146|gvpA|protein	WP_064098146|gvpA|protein	explicit_gvpa_source_label	pending_competitive_gvpa_gvpj_verification
ref_000766	train	cluster_000228	86	2ffb0e155508e140dfbeff5102d4c111dbe2f569e0b9c468015adecec403b793	data/raw/t05/gvpa/GvpA_RefSeq.fasta	WP_064092057|gvpA|protein	WP_064092057|gvpA|protein	explicit_gvpa_source_label	pending_competitive_gvpa_gvpj_verification
ref_000767	train	cluster_000318	71	a43bb7e6a797bf21e3c86ece60214d70c2b4cace0e3b15223b19cc282979d5f0	data/raw/t05/gvpa/GvpA_RefSeq.fasta	WP_063873375|gvpA|protein	WP_063873375|gvpA|protein	explicit_gvpa_source_label	pending_competitive_gvpa_gvpj_verification
ref_000768	train	cluster_000318	71	33d41a075d0d8538e4c6c4e7fefd46ec59806251fa948a5afefa3d6835285f94	data/raw/t05/gvpa/GvpA_RefSeq.fasta	WP_063873374|gvpA|protein	WP_063873374|gvpA|protein	explicit_gvpa_source_label	pending_competitive_gvpa_gvpj_verification
ref_000769	train	cluster_000257	87	47d50311ddb9a730042959889883933677e0dc116b42edc5b10ac81dbe0dd16f	data/raw/t05/gvpa/GvpA_RefSeq.fasta	WP_062237609|gvpA|protein	WP_062237609|gvpA|protein	explicit_gvpa_source_label	pending_competitive_gvpa_gvpj_verification
ref_000770	train	cluster_000256	87	d5d0ae6e983cda4aeda154323d0f30aed2879536e0aaebf060ca3876d8b0c7aa	data/raw/t05/gvpa/GvpA_RefSeq.fasta	WP_061803181|gvpA|protein	WP_061803181|gvpA|protein	explicit_gvpa_source_label	pending_competitive_gvpa_gvpj_verification
ref_000771	train	cluster_000228	86	ddd28b4f0183c6c3a6e1f627f4ba7913059a06e6f7955ec67b16a218628ff1d1	data/raw/t05/gvpa/GvpA_RefSeq.fasta	WP_060674023|gvpA|protein	WP_060674023|gvpA|protein	explicit_gvpa_source_label	pending_competitive_gvpa_gvpj_verification
ref_000772	train	cluster_000274	86	7e786e62d646d83c83d55d13f4e6e86113e563070518676d7a501e897dbac5a7	data/raw/t05/gvpa/GvpA_RefSeq.fasta	WP_060665525|gvpA|protein	WP_060665525|gvpA|protein	explicit_gvpa_source_label	pending_competitive_gvpa_gvpj_verification
ref_000773	validation	cluster_000291	86	0426b81b0cae1e176d21e1cfe18496d8087527924ed56155d166d600b676f15e	data/raw/t05/gvpa/GvpA_RefSeq.fasta	WP_059173157|gvpA|protein	WP_059173157|gvpA|protein	explicit_gvpa_source_label	pending_competitive_gvpa_gvpj_verification
ref_000774	test	cluster_000364	72	956601650d2d23245a8b2f9b4cd73ff2dbc308d3bafe51647fd246bf1f7c7ea7	data/raw/t05/gvpa/GvpA_RefSeq.fasta	WP_058557733|gvpA|protein	WP_058557733|gvpA|protein	explicit_gvpa_source_label	pending_competitive_gvpa_gvpj_verification
ref_000775	train	cluster_000264	87	c277f769aaa81aaf72429438ee690fcac7a0d61a596ebae1accff378366148d9	data/raw/t05/gvpa/GvpA_RefSeq.fasta	WP_058306416|gvpA|protein	WP_058306416|gvpA|protein	explicit_gvpa_source_label	pending_competitive_gvpa_gvpj_verification
ref_000776	train	cluster_000318	71	91bed3979bc3e4336571f4777fdc970add38d222ade8ef0f579bd78d1660a8a9	data/raw/t05/gvpa/GvpA_RefSeq.fasta	WP_057178839|gvpA|protein	WP_057178839|gvpA|protein	explicit_gvpa_source_label	pending_competitive_gvpa_gvpj_verification
ref_000777	train	cluster_000272	84	6d22046d840b353d0c87926696465f050b762778c37bd635b2e75274bc73567b	data/raw/t05/gvpa/GvpA_RefSeq.fasta	WP_056828831|gvpA|protein	WP_056828831|gvpA|protein	explicit_gvpa_source_label	pending_competitive_gvpa_gvpj_verification
ref_000778	train	cluster_000233	89	10a84e979762f336851794a37fa958b3e28635e2f8e2d98d6736c2913b6de183	data/raw/t05/gvpa/GvpA_RefSeq.fasta	WP_054635016|gvpA|protein	WP_054635016|gvpA|protein	explicit_gvpa_source_label	pending_competitive_gvpa_gvpj_verification
ref_000779	validation	cluster_000255	87	3d07312c83e7c32af7baa33d8bd0726c3b2d5f857b0b55954222ef855340281e	data/raw/t05/gvpa/GvpA_RefSeq.fasta	WP_053605469|gvpA|protein	WP_053605469|gvpA|protein	explicit_gvpa_source_label	pending_competitive_gvpa_gvpj_verification
ref_000780	train	cluster_000263	85	633e02862eb6da44de6ed37670aedbab2bedaff2a5826c4d88d0ce70e8b88315	data/raw/t05/gvpa/GvpA_RefSeq.fasta	WP_053597575|gvpA|protein	WP_053597575|gvpA|protein	explicit_gvpa_source_label	pending_competitive_gvpa_gvpj_verification
ref_000781	train	cluster_000273	84	edb3955be5268406dd349fd2bc4c929d33afad48158e2958fc4ae2b8b2a1bbf8	data/raw/t05/gvpa/GvpA_RefSeq.fasta	WP_053590916|gvpA|protein	WP_053590916|gvpA|protein	explicit_gvpa_source_label	pending_competitive_gvpa_gvpj_verification
ref_000782	train	cluster_000275	86	0971f3debca181ebc092ad0087778ded116e160fc284c2275f0957fe7638c117	data/raw/t05/gvpa/GvpA_RefSeq.fasta	WP_053590913|gvpA|protein	WP_053590913|gvpA|protein	explicit_gvpa_source_label	pending_competitive_gvpa_gvpj_verification
ref_000783	train	cluster_000236	81	d426ca8e332bfceab95d4ba02699f3acc0ddfae6efa5b77bff2a977172221583	data/raw/t05/gvpa/GvpA_RefSeq.fasta	WP_047972616|gvpA|protein	WP_047972616|gvpA|protein	explicit_gvpa_source_label	pending_competitive_gvpa_gvpj_verification
ref_000784	train	cluster_000383	70	9d4c1039a70fe9d54d51603d86522e77a859eae4bc5104b364eef074e89390df	data/raw/t05/gvpa/GvpA_RefSeq.fasta	WP_047808708|gvpA|protein	WP_047808708|gvpA|protein	explicit_gvpa_source_label	pending_competitive_gvpa_gvpj_verification
ref_000785	train	cluster_000318	71	83cf4bae954290aa781d919a49879399b8f8f6215eafe44d5ab3358539071424	data/raw/t05/gvpa/GvpA_RefSeq.fasta	WP_045871251|gvpA|protein	WP_045871251|gvpA|protein	explicit_gvpa_source_label	pending_competitive_gvpa_gvpj_verification
ref_000786	train	cluster_000263	85	a168f392bb4965ee81a431dba31382cd84f231f3a07fe5719d08fe6dc367f7ac	data/raw/t05/gvpa/GvpA_RefSeq.fasta	WP_043930222|gvpA|protein	WP_043930222|gvpA|protein	explicit_gvpa_source_label	pending_competitive_gvpa_gvpj_verification
ref_000787	test	cluster_000390	70	08d35b42e1d455774e7bdc375cb4bb3676095ffadfa3847765171a218a1ee815	data/raw/t05/gvpa/GvpA_RefSeq.fasta	WP_043769069|gvpA|protein	WP_043769069|gvpA|protein	explicit_gvpa_source_label	pending_competitive_gvpa_gvpj_verification
ref_000788	validation	cluster_000342	72	fcb1203cd7b1290f06c7eee832d38d2753324a3561a148b06d5fe68ca594ccd7	data/raw/t05/gvpa/GvpA_RefSeq.fasta	WP_042152734|gvpA|protein	WP_042152734|gvpA|protein	explicit_gvpa_source_label	pending_competitive_gvpa_gvpj_verification
ref_000789	train	cluster_000327	77	54d4cabb25e375c2e3083385dcad6df8507be66a2853f7ce597da7d1554f68c5	data/raw/t05/gvpa/GvpA_RefSeq.fasta	WP_041966224|gvpA|protein	WP_041966224|gvpA|protein	explicit_gvpa_source_label	pending_competitive_gvpa_gvpj_verification
ref_000790	train	cluster_000292	86	39abeace88875ff602858f6d534b371a19590c1d4980894f79c4fcdd932b84ba	data/raw/t05/gvpa/GvpA_RefSeq.fasta	WP_040047995|gvpA|protein	WP_040047995|gvpA|protein	explicit_gvpa_source_label	pending_competitive_gvpa_gvpj_verification
ref_000791	train	cluster_000292	82	0a21b67bc6dd51d1c17f7fde8a48fae5f8896c153009d5b2ae3fe77aa4a610d8	data/raw/t05/gvpa/GvpA_RefSeq.fasta	WP_040036168|gvpA|protein	WP_040036168|gvpA|protein	explicit_gvpa_source_label	pending_competitive_gvpa_gvpj_verification
ref_000792	train	cluster_000318	54	c2cecfd096d8648b9858e80f01b818999793807dfbcae89a893769641c4de412	data/raw/t05/gvpa/GvpA_RefSeq.fasta	WP_040008434|gvpA|protein	WP_040008434|gvpA|protein	explicit_gvpa_source_label	pending_competitive_gvpa_gvpj_verification
ref_000793	train	cluster_000211	72	12dabeef25e15f66b8b51cb9ef06884d5805b388789811193845b365ad2cf93c	data/raw/t05/gvpa/GvpA_RefSeq.fasta	WP_039752851|gvpA|protein	WP_039752851|gvpA|protein	explicit_gvpa_source_label	pending_competitive_gvpa_gvpj_verification
ref_000794	train	cluster_000292	86	1e4bdf662135756f269c750686d6fb14c3f869900dc253ed6b287432cc0987f7	data/raw/t05/gvpa/GvpA_RefSeq.fasta	WP_039231078|gvpA|protein	WP_039231078|gvpA|protein	explicit_gvpa_source_label	pending_competitive_gvpa_gvpj_verification
ref_000795	train	cluster_000401	70	0a2d13805329602d008b5be6e073dbd519acbef026d5c3797790c26c01ff5187	data/raw/t05/gvpa/GvpA_RefSeq.fasta	WP_037259398|gvpA|protein	WP_037259398|gvpA|protein	explicit_gvpa_source_label	pending_competitive_gvpa_gvpj_verification
ref_000796	train	cluster_000318	72	d5a9f8a6d8ef070262196442cf709a94c96f95af2210cea7ee39955731d20d86	data/raw/t05/gvpa/GvpA_RefSeq.fasta	WP_036534731|gvpA|protein	WP_036534731|gvpA|protein	explicit_gvpa_source_label	pending_competitive_gvpa_gvpj_verification
ref_000797	train	cluster_000160	97	fe955d4fbb111b30864b991992428f563dd8d59899df0593d03a74fe036dedc5	data/raw/t05/gvpa/GvpA_RefSeq.fasta	WP_035542538|gvpA|protein	WP_035542538|gvpA|protein	explicit_gvpa_source_label	pending_competitive_gvpa_gvpj_verification
ref_000798	train	cluster_000160	96	40e46fb2de86e2d32973ab1377f7dea994ed6e0a8d90bf43509295e1c8078b1e	data/raw/t05/gvpa/GvpA_RefSeq.fasta	WP_035531814|gvpA|protein	WP_035531814|gvpA|protein	explicit_gvpa_source_label	pending_competitive_gvpa_gvpj_verification
ref_000799	train	cluster_000160	96	43f6e7e097fbcc058a96545cd9e127c321381c2c301463b5d55b5aa6dd1827f3	data/raw/t05/gvpa/GvpA_RefSeq.fasta	WP_035506199|gvpA|protein	WP_035506199|gvpA|protein	explicit_gvpa_source_label	pending_competitive_gvpa_gvpj_verification
ref_000800	train	cluster_000198	93	10462c8aed9b62ff76a8f214cd8dbedfbb0d16393691802e5c80fc865bb2da2f	data/raw/t05/gvpa/GvpA_RefSeq.fasta	WP_035410040|gvpA|protein	WP_035410040|gvpA|protein	explicit_gvpa_source_label	pending_competitive_gvpa_gvpj_verification
ref_000801	train	cluster_000265	87	7587716da5d19872555a989be552faa09b1e724c77cc7e3a8b962cb78b70fb70	data/raw/t05/gvpa/GvpA_RefSeq.fasta	WP_035211857|gvpA|protein	WP_035211857|gvpA|protein	explicit_gvpa_source_label	pending_competitive_gvpa_gvpj_verification
ref_000802	train	cluster_000383	70	d2a9cf80c0a0a91432b1b11d844eb7a81eed05bdb56f6140a039c17851dc38dc	data/raw/t05/gvpa/GvpA_RefSeq.fasta	WP_034140466|gvpA|protein	WP_034140466|gvpA|protein	explicit_gvpa_source_label	pending_competitive_gvpa_gvpj_verification
ref_000803	train	cluster_000236	88	40a2221d15252edb050f337e812a0a0e82030bda075c5de81cab5b24cbf54425	data/raw/t05/gvpa/GvpA_RefSeq.fasta	WP_029285673|gvpA|protein	WP_029285673|gvpA|protein	explicit_gvpa_source_label	pending_competitive_gvpa_gvpj_verification
ref_000804	train	cluster_000169	96	70ad50650b15b30241b46f6465ff33574b09f8ff6e2d85eacace07ebbdbb4b4c	data/raw/t05/gvpa/GvpA_RefSeq.fasta	WP_028783634|gvpA|protein	WP_028783634|gvpA|protein	explicit_gvpa_source_label	pending_competitive_gvpa_gvpj_verification
ref_000805	train	cluster_000159	80	4257786c6e5cbd18c379edb255634f13210a3a0858aa78dec286def01406e13b	data/raw/t05/gvpa/GvpA_RefSeq.fasta	WP_027446346|gvpA|protein	WP_027446346|gvpA|protein	explicit_gvpa_source_label	pending_competitive_gvpa_gvpj_verification
ref_000806	train	cluster_000226	72	9246ded62fef238baf63231483e047bdc014a8a22dd10e95f7999ab152e2ce4c	data/raw/t05/gvpa/GvpA_RefSeq.fasta	WP_026789190|gvpA|protein	WP_026789190|gvpA|protein	explicit_gvpa_source_label	pending_competitive_gvpa_gvpj_verification
ref_000807	train	cluster_000234	89	eee8d141df1f2b85b5c588888cc7b206733c13490c748ec5b62d3dae746bdb78	data/raw/t05/gvpa/GvpA_RefSeq.fasta	WP_026700511|gvpA|protein	WP_026700511|gvpA|protein	explicit_gvpa_source_label	pending_competitive_gvpa_gvpj_verification
ref_000808	train	cluster_000273	86	04c114f840f1c4058ea6e9f14c3b7e8691408d35ff5ff449b3f20f8b9054d6e9	data/raw/t05/gvpa/GvpA_RefSeq.fasta	WP_026694723|gvpA|protein	WP_026694723|gvpA|protein	explicit_gvpa_source_label	pending_competitive_gvpa_gvpj_verification
ref_000809	train	cluster_000223	86	68c548b00ffecaf3e71eaf7cda18ee6f91f89f67cfe0fccf1cb993ad6be382c1	data/raw/t05/gvpa/GvpA_RefSeq.fasta	WP_026691531|gvpA|protein	WP_026691531|gvpA|protein	explicit_gvpa_source_label	pending_competitive_gvpa_gvpj_verification
ref_000810	train	cluster_000362	72	3534b37db97896c62b78885ef38a4ed0f4a24acb60b22c166f7f3229d40dc68c	data/raw/t05/gvpa/GvpA_RefSeq.fasta	WP_026199334|gvpA|protein	WP_026199334|gvpA|protein	explicit_gvpa_source_label	pending_competitive_gvpa_gvpj_verification
ref_000811	train	cluster_000357	74	f4b103f437e4c6a24ac0e6c90a00473a407fc0fe7e07cbcdde8753d9bda915e0	data/raw/t05/gvpa/GvpA_RefSeq.fasta	WP_022834760|gvpA|protein	WP_022834760|gvpA|protein	explicit_gvpa_source_label	pending_competitive_gvpa_gvpj_verification
ref_000812	train	cluster_000235	89	98944d24da61fa63ee273760c8aefff575f8e518609e95c855fc9b4829e66579	data/raw/t05/gvpa/GvpA_RefSeq.fasta	WP_022794406|gvpA|protein	WP_022794406|gvpA|protein	explicit_gvpa_source_label	pending_competitive_gvpa_gvpj_verification
ref_000813	train	cluster_000308	72	2c2604728bdef8750aecca71c68dd7345cd16ca9f3492c8d41790bc4ba9d256c	data/raw/t05/gvpa/GvpA_RefSeq.fasta	WP_021013972|gvpA|protein	WP_021013972|gvpA|protein	explicit_gvpa_source_label	pending_competitive_gvpa_gvpj_verification
ref_000814	train	cluster_000359	72	37dd3e43f991da44762eda1fc03a12cfd6611a4c5b2529fd84cdc0a6c48db876	data/raw/t05/gvpa/GvpA_RefSeq.fasta	WP_020503491|gvpA|protein	WP_020503491|gvpA|protein	explicit_gvpa_source_label	pending_competitive_gvpa_gvpj_verification
ref_000815	validation	cluster_000368	72	b0f89cfe92498f0bbfbcd0093025ea5362a09020df0c6ccda90ebcbd25c82772	data/raw/t05/gvpa/GvpA_RefSeq.fasta	WP_020175973|gvpA|protein	WP_020175973|gvpA|protein	explicit_gvpa_source_label	pending_competitive_gvpa_gvpj_verification
ref_000816	train	cluster_000211	72	f2015767f86fd10eb8269a208b2cbd9b7cbd3f431a958a88b44a851664a82136	data/raw/t05/gvpa/GvpA_RefSeq.fasta	WP_019501601|gvpA|protein	WP_019501601|gvpA|protein	explicit_gvpa_source_label	pending_competitive_gvpa_gvpj_verification
ref_000817	train	cluster_000359	72	0bd3626b9a4c7329ae705733a82bc637c4e56a457107b06dace9e1adc430622c	data/raw/t05/gvpa/GvpA_RefSeq.fasta	WP_018402864|gvpA|protein	WP_018402864|gvpA|protein	explicit_gvpa_source_label	pending_competitive_gvpa_gvpj_verification
ref_000818	train	cluster_000359	72	2b00e8b222b28090ae59aa4d09e406e2ae1415ac06de4391fa8479d2afafdf02	data/raw/t05/gvpa/GvpA_RefSeq.fasta	WP_018402853|gvpA|protein	WP_018402853|gvpA|protein	explicit_gvpa_source_label	pending_competitive_gvpa_gvpj_verification
ref_000819	train	cluster_000318	71	9f00e82557108118047d7aa5c459901d325bb26517ac7d3f3ad30cb10081a05a	data/raw/t05/gvpa/GvpA_RefSeq.fasta	WP_017803924|gvpA|protein	WP_017803924|gvpA|protein	explicit_gvpa_source_label	pending_competitive_gvpa_gvpj_verification
ref_000820	train	cluster_000318	71	183f7c25f0bd175da05b2e89e1953e3d47fd199450e2d37264e0f73ade5688e2	data/raw/t05/gvpa/GvpA_RefSeq.fasta	WP_017803923|gvpA|protein	WP_017803923|gvpA|protein	explicit_gvpa_source_label	pending_competitive_gvpa_gvpj_verification
ref_000821	validation	cluster_000342	72	2ae1a088ad5073788376e3f0ffee2fbd9a6cfbf7ccadb2c78762018e5405b300	data/raw/t05/gvpa/GvpA_RefSeq.fasta	WP_017300094|gvpA|protein	WP_017300094|gvpA|protein	explicit_gvpa_source_label	pending_competitive_gvpa_gvpj_verification
ref_000822	train	cluster_000318	71	b62ae18b3dfeec027170bd63f41ce77513e12ccca76b093f76d07368756dc390	data/raw/t05/gvpa/GvpA_RefSeq.fasta	WP_016922591|gvpA|protein	WP_016922591|gvpA|protein	explicit_gvpa_source_label	pending_competitive_gvpa_gvpj_verification
ref_000823	train	cluster_000387	71	c05532e5292ee743920d65ecfe1a2852cef2168b8b687e623d231738d49b66ce	data/raw/t05/gvpa/GvpA_RefSeq.fasta	WP_015758460|gvpA|protein	WP_015758460|gvpA|protein	explicit_gvpa_source_label	pending_competitive_gvpa_gvpj_verification
ref_000824	train	cluster_000211	67	23e4974582ff9055b537c85d1c7d9bfa148bb0c89ff5e6bfcce6b9dbd5215816	data/raw/t05/gvpa/GvpA_RefSeq.fasta	WP_015500562|gvpA|protein	WP_015500562|gvpA|protein	explicit_gvpa_source_label	pending_competitive_gvpa_gvpj_verification
ref_000825	train	cluster_000211	67	0ec42fc31cce1915953a69fe753ae7209efb1a24ce77db6ad3956126cc16571f	data/raw/t05/gvpa/GvpA_RefSeq.fasta	WP_015494765|gvpA|protein	WP_015494765|gvpA|protein	explicit_gvpa_source_label	pending_competitive_gvpa_gvpj_verification
ref_000826	train	cluster_000378	72	1de45b2894df870d6dc93bf63b41d5b8ae87b8977ef69da8d0a6b330a57f2a2e	data/raw/t05/gvpa/GvpA_RefSeq.fasta	WP_015229078|gvpA|protein	WP_015229078|gvpA|protein	explicit_gvpa_source_label	pending_competitive_gvpa_gvpj_verification
ref_000827	train	cluster_000378	72	0b3f3bf863a3ef16a85e9b7634232d6089ddb1d3fa11ecb4891db27bad515a16	data/raw/t05/gvpa/GvpA_RefSeq.fasta	WP_015224598|gvpA|protein	WP_015224598|gvpA|protein	explicit_gvpa_source_label	pending_competitive_gvpa_gvpj_verification
ref_000828	train	cluster_000318	72	97a7f6a002cd984f87b1f1644300f4af963beddf3b4cf9f83f41584445a9d102	data/raw/t05/gvpa/GvpA_RefSeq.fasta	WP_015167036|gvpA|protein	WP_015167036|gvpA|protein	explicit_gvpa_source_label	pending_competitive_gvpa_gvpj_verification
ref_000829	validation	cluster_000342	72	8b0ebfde7cff54503a9090e672c63a888ebe9c83c6cd89fcf119e691ae16fccb	data/raw/t05/gvpa/GvpA_RefSeq.fasta	WP_015146561|gvpA|protein	WP_015146561|gvpA|protein	explicit_gvpa_source_label	pending_competitive_gvpa_gvpj_verification
ref_000830	train	cluster_000318	71	e4530a471497a647eef21f92f9c50626148b65fbacae7b18cec4b118bdc7630c	data/raw/t05/gvpa/GvpA_RefSeq.fasta	WP_015080752|gvpA|protein	WP_015080752|gvpA|protein	explicit_gvpa_source_label	pending_competitive_gvpa_gvpj_verification
ref_000831	train	cluster_000347	75	262acad32bf64e600812dbe317d432363f2a5c5dcb0bea6cfaa11de3ef08c572	data/raw/t05/gvpa/GvpA_RefSeq.fasta	WP_015050167|gvpA|protein	WP_015050167|gvpA|protein	explicit_gvpa_source_label	pending_competitive_gvpa_gvpj_verification
ref_000832	train	cluster_000336	76	4fc0ca345529f4acca56549280254126a3bce3689eee3ff1f1c7d97e1a137d46	data/raw/t05/gvpa/GvpA_RefSeq.fasta	WP_015050155|gvpA|protein	WP_015050155|gvpA|protein	explicit_gvpa_source_label	pending_competitive_gvpa_gvpj_verification
ref_000833	validation	cluster_000312	72	b0df6d202bb0ca1472d2550f59247e9006db5cdd04dcf87dbb95247c1c698f20	data/raw/t05/gvpa/GvpA_RefSeq.fasta	WP_014812662|gvpA|protein	WP_014812662|gvpA|protein	explicit_gvpa_source_label	pending_competitive_gvpa_gvpj_verification
ref_000834	train	cluster_000160	100	3d98e85018a97647d2979b1b92da99e672ffca5c3b4c893049a8ca98064cfdba	data/raw/t05/gvpa/GvpA_RefSeq.fasta	WP_014644367|gvpA|protein	WP_014644367|gvpA|protein	explicit_gvpa_source_label	pending_competitive_gvpa_gvpj_verification
ref_000835	validation	cluster_000312	72	9ea506ab1bb26a2a159a665465c1d2e49eaa520ea544b46534f50ac65e22eb5b	data/raw/t05/gvpa/GvpA_RefSeq.fasta	WP_013706740|gvpA|protein	WP_013706740|gvpA|protein	explicit_gvpa_source_label	pending_competitive_gvpa_gvpj_verification
ref_000836	train	cluster_000359	72	5baeb577d8a796551d8396cb82dd7b1230fa180e475aa13debe597dc37724863	data/raw/t05/gvpa/GvpA_RefSeq.fasta	WP_013563650|gvpA|protein	WP_013563650|gvpA|protein	explicit_gvpa_source_label	pending_competitive_gvpa_gvpj_verification
ref_000837	test	cluster_000402	70	48837acd9988d5a6289d0d312e5a2a0fba16154b3eb0d2bc4447a6f783bf1f0f	data/raw/t05/gvpa/GvpA_RefSeq.fasta	WP_013066812|gvpA|protein	WP_013066812|gvpA|protein	explicit_gvpa_source_label	pending_competitive_gvpa_gvpj_verification
ref_000838	train	cluster_000283	86	8a83398f0d99493d45ad5413f5bf4c872bbeac83ac2a2ff0f3dae7946cb25e3f	data/raw/t05/gvpa/GvpA_RefSeq.fasta	WP_012960867|gvpA|protein	WP_012960867|gvpA|protein	explicit_gvpa_source_label	pending_competitive_gvpa_gvpj_verification
ref_000839	train	cluster_000408	68	86ba936b09d3d4c2dbfaae01e2029bfa42384277d05b3999043640c63145625b	data/raw/t05/gvpa/GvpA_RefSeq.fasta	WP_012508536|gvpA|protein	WP_012508536|gvpA|protein	explicit_gvpa_source_label	pending_competitive_gvpa_gvpj_verification
ref_000840	train	cluster_000337	76	2027255edd94d63ce24067812850194c8d30692fd604d49a3ca498b09a5c91fd	data/raw/t05/gvpa/GvpA_RefSeq.fasta	WP_012302590|gvpA|protein	WP_012302590|gvpA|protein	explicit_gvpa_source_label	pending_competitive_gvpa_gvpj_verification
ref_000841	train	cluster_000337	75	32de3bdac890ded46f9d0b6ffc66575da21679788894d4b44ee01dcd07c8c4fd	data/raw/t05/gvpa/GvpA_RefSeq.fasta	WP_012302589|gvpA|protein	WP_012302589|gvpA|protein	explicit_gvpa_source_label	pending_competitive_gvpa_gvpj_verification
ref_000842	train	cluster_000379	72	5bc7120641a4b206dec615e69a9573322282b0869275b3db5d6e281c748b2aff	data/raw/t05/gvpa/GvpA_RefSeq.fasta	WP_011939686|gvpA|protein	WP_011939686|gvpA|protein	explicit_gvpa_source_label	pending_competitive_gvpa_gvpj_verification
ref_000843	validation	cluster_000403	70	b1ead8162da63f55d1d62aad886afa5920a751a7dc6eeb39d86d3b4805b4f9b8	data/raw/t05/gvpa/GvpA_RefSeq.fasta	WP_011924420|gvpA|protein	WP_011924420|gvpA|protein	explicit_gvpa_source_label	pending_competitive_gvpa_gvpj_verification
ref_000844	train	cluster_000359	72	0a83dfbba1b7aa435131d2f769a306bfb6545d0e419077a8449abf3fac54dda8	data/raw/t05/gvpa/GvpA_RefSeq.fasta	WP_011770092|gvpA|protein	WP_011770092|gvpA|protein	explicit_gvpa_source_label	pending_competitive_gvpa_gvpj_verification
ref_000845	train	cluster_000359	72	408e9d934f451bb01fbc22c8555ff5a266d41c0beb19e3e9493652d1a205bb68	data/raw/t05/gvpa/GvpA_RefSeq.fasta	WP_011769645|gvpA|protein	WP_011769645|gvpA|protein	explicit_gvpa_source_label	pending_competitive_gvpa_gvpj_verification
ref_000846	train	cluster_000408	68	c96b24fc03ee6b66c3d6db1d4dbfdf5a829cb2f5a5ac51723c83800ae81e4aff	data/raw/t05/gvpa/GvpA_RefSeq.fasta	WP_011357441|gvpA|protein	WP_011357441|gvpA|protein	explicit_gvpa_source_label	pending_competitive_gvpa_gvpj_verification
ref_000847	train	cluster_000408	68	ed3338aeeaf3197e41d9f3b49f822f83be8358d114c4e683180c9cbe5b6e2647	data/raw/t05/gvpa/GvpA_RefSeq.fasta	WP_011357439|gvpA|protein	WP_011357439|gvpA|protein	explicit_gvpa_source_label	pending_competitive_gvpa_gvpj_verification
ref_000848	train	cluster_000329	71	278c7a3fd12af0319695fae40d23ee8f76abf60d19c5e52b3b9dab1e368567ba	data/raw/t05/gvpa/GvpA_RefSeq.fasta	WP_010996411|gvpA|protein	WP_010996411|gvpA|protein	explicit_gvpa_source_label	pending_competitive_gvpa_gvpj_verification
ref_000849	train	cluster_000231	86	d692e59ba181a3631d4d3ec7f34ea0113cbddcf7fa5a4afeff130171f0e4a3be	data/raw/t05/gvpa/GvpA_RefSeq.fasta	WP_010195314|gvpA|protein	WP_010195314|gvpA|protein	explicit_gvpa_source_label	pending_competitive_gvpa_gvpj_verification
ref_000850	validation	cluster_000270	84	667b333e161105876fb2cf5ab53eba1f68f65e9d3e8006d6b2792f4e76e1c0ce	data/raw/t05/gvpa/GvpA_RefSeq.fasta	WP_010195308|gvpA|protein	WP_010195308|gvpA|protein	explicit_gvpa_source_label	pending_competitive_gvpa_gvpj_verification
ref_000851	train	cluster_000308	73	e6550f96a73166345a2aec6ac098824a55a382b065124fc8b710a568cb594709	data/raw/t05/gvpa/GvpA_RefSeq.fasta	WP_010109838|gvpA|protein	WP_010109838|gvpA|protein	explicit_gvpa_source_label	pending_competitive_gvpa_gvpj_verification
ref_000852	test	cluster_000364	73	c4bd9707d576667fbfb8e43220880a130b3190c167d94e89b6c75585c796caeb	data/raw/t05/gvpa/GvpA_RefSeq.fasta	WP_009915627|gvpA|protein	WP_009915627|gvpA|protein	explicit_gvpa_source_label	pending_competitive_gvpa_gvpj_verification
ref_000853	train	cluster_000318	72	6f827542d262f6a8575a7ac08f23d14f643c985ecf8d65260a44d1f5c7ecb48c	data/raw/t05/gvpa/GvpA_RefSeq.fasta	WP_009768191|gvpA|protein	WP_009768191|gvpA|protein	explicit_gvpa_source_label	pending_competitive_gvpa_gvpj_verification
ref_000854	train	cluster_000388	71	51883a62e7fa5ef818e6499cbd55d963789b8e540a7cfb352608744ffe3513fa	data/raw/t05/gvpa/GvpA_RefSeq.fasta	WP_009169231|gvpA|protein	WP_009169231|gvpA|protein	explicit_gvpa_source_label	pending_competitive_gvpa_gvpj_verification
ref_000855	train	cluster_000343	73	391901271c49a6d9d54b42505e0ac2fca4b89baac5f4a103e91f1d4b3d472107	data/raw/t05/gvpa/GvpA_RefSeq.fasta	WP_009169229|gvpA|protein	WP_009169229|gvpA|protein	explicit_gvpa_source_label	pending_competitive_gvpa_gvpj_verification
ref_000856	train	cluster_000343	74	706052693e14c0674d094441410ac70f0fdcf9d319fc8f976e9fbab329e2e05e	data/raw/t05/gvpa/GvpA_RefSeq.fasta	WP_009169228|gvpA|protein	WP_009169228|gvpA|protein	explicit_gvpa_source_label	pending_competitive_gvpa_gvpj_verification
ref_000857	train	cluster_000404	70	cd1db2b9b825a77adf976a844e61a41e984ced1856c3c21d3a272461756d06e0	data/raw/t05/gvpa/GvpA_RefSeq.fasta	WP_009029464|gvpA|protein	WP_009029464|gvpA|protein	explicit_gvpa_source_label	pending_competitive_gvpa_gvpj_verification
ref_000858	train	cluster_000159	102	b06af7d1cee59c44dcd2e42acc873239dd11f27fc86480ff91f70f048ef1d42a	data/raw/t05/gvpa/GvpA_RefSeq.fasta	WP_008586911|gvpA|protein	WP_008586911|gvpA|protein	explicit_gvpa_source_label	pending_competitive_gvpa_gvpj_verification
ref_000859	train	cluster_000318	72	4494d3357cccfc2291ada2f22a6a76541201c321b02c7a8c657ed2a36af68db8	data/raw/t05/gvpa/GvpA_RefSeq.fasta	WP_008311322|gvpA|protein	WP_008311322|gvpA|protein	explicit_gvpa_source_label	pending_competitive_gvpa_gvpj_verification
ref_000860	validation	cluster_000414	68	5883761e33f67abd193ec3c033807077fa86d7441f5480dedb0c45c47de2d2d7	data/raw/t05/gvpa/GvpA_RefSeq.fasta	WP_004569091|gvpA|protein	WP_004569091|gvpA|protein	explicit_gvpa_source_label	pending_competitive_gvpa_gvpj_verification
ref_000861	train	cluster_000318	71	1f275ce5dd842aaaf9d24fd9cd1a995ccd28e8006db8fd5d12c958ce30deb19a	data/raw/t05/gvpa/GvpA_RefSeq.fasta	WP_002735503|gvpA|protein	WP_002735503|gvpA|protein	explicit_gvpa_source_label	pending_competitive_gvpa_gvpj_verification
ref_000862	test	cluster_000390	70	130e62fc868ae20abbc4d7ff1b393afceecf214e482dae49a68d7adeac27391d	data/raw/t05/gvpa/GvpA_RefSeq.fasta	WP_002724507|gvpA|protein	WP_002724507|gvpA|protein	explicit_gvpa_source_label	pending_competitive_gvpa_gvpj_verification
ref_000863	train	cluster_000068	145	a7888708ef06ff429137b5f90bcf29a5554288781fc3ac1aa1956a940f6dfeff	data/raw/t05/gvpa/GvpA_NotPartial.fasta	CAM5684750|gvpA|protein	CAM5684750|gvpA|protein	explicit_gvpa_source_label	pending_competitive_gvpa_gvpj_verification
ref_000864	train	cluster_000152	111	996f1ae7a3cef8f9a8ed426bd6050be051f0c9741cedf2144548abf9bc541713	data/raw/t05/gvpa/GvpA_NotPartial.fasta	CAM5741545|gvpA|protein	CAM5741545|gvpA|protein	explicit_gvpa_source_label	pending_competitive_gvpa_gvpj_verification
ref_000865	test	cluster_000089	141	eb976eb99310af7a1b4c5b8a783bb21ea23cc0b2ffa88cb827b8175fca3e50bc	data/raw/t05/gvpa/GvpA_NotPartial.fasta	CAM5530930|gvpA|protein	CAM5530930|gvpA|protein	explicit_gvpa_source_label	pending_competitive_gvpa_gvpj_verification
ref_000866	train	cluster_000135	126	ba8e972cfc82013f9a872b7604521bccff7228aaa4cf4699b3ef40a5b41e4d6d	data/raw/t05/gvpa/GvpA_NotPartial.fasta	UHH23718|gvpA|protein	UHH23718|gvpA|protein	explicit_gvpa_source_label	pending_competitive_gvpa_gvpj_verification
ref_000867	train	cluster_000059	147	fb63ecbac61c302167f920fcc1a3500f2fbbd2afc3ff29984a0762f6ce0653bf	data/raw/t05/gvpa/GvpA_NotPartial.fasta	UHH21717|gvpA|protein	UHH21717|gvpA|protein	explicit_gvpa_source_label	pending_competitive_gvpa_gvpj_verification
ref_000868	test	cluster_000045	150	18287ab709e4536a8a89739dfa9e9f242eae4affc02341a97ddfbf290ac97055	data/raw/t05/gvpa/GvpA_NotPartial.fasta	QPI55488|gvpA|protein	QPI55488|gvpA|protein	explicit_gvpa_source_label	pending_competitive_gvpa_gvpj_verification
ref_000869	train	cluster_000380	72	4eaa3da48c36a3a15145eb7a07beba22405b734d091843256161e81bde0d4eca	data/raw/t05/gvpa/GvpA_NotPartial.fasta	XZE34423|gvpA|protein	XZE34423|gvpA|protein	explicit_gvpa_source_label	pending_competitive_gvpa_gvpj_verification
ref_000870	train	cluster_000318	71	c6694fda37ff51b3f38274d3a185ac8443a605c30d985300d151a639aecb11a8	data/raw/t05/gvpa/GvpA_NotPartial.fasta	XZF63074|gvpA|protein	XZF63074|gvpA|protein	explicit_gvpa_source_label	pending_competitive_gvpa_gvpj_verification
ref_000871	validation	cluster_000312	72	f8623581c79728f8eb53cc1e90b7ea1d14a2cf56580817def87ab94acc99e449	data/raw/t05/gvpa/GvpA_NotPartial.fasta	XZE52656|gvpA|protein	XZE52656|gvpA|protein	explicit_gvpa_source_label	pending_competitive_gvpa_gvpj_verification
ref_000872	validation	cluster_000312	72	f063d1210a55bcc917a55d7a3c9d7ac757fba7cad9a5e0587939eceff0f37b29	data/raw/t05/gvpa/GvpA_NotPartial.fasta	XZE39488|gvpA|protein	XZE39488|gvpA|protein	explicit_gvpa_source_label	pending_competitive_gvpa_gvpj_verification
ref_000873	train	cluster_000059	147	2b769a64bdbe24f6dbc761932d2659e2b37730bb31d575bda50d22ede5ca9712	data/raw/t05/gvpa/GvpA_NotPartial.fasta	WNE94752|gvpA|protein	WNE94752|gvpA|protein	explicit_gvpa_source_label	pending_competitive_gvpa_gvpj_verification
ref_000874	train	cluster_000046	150	212e64a237d4a079544830060e000d685d6029e03106706bde492d8fbf216b5f	data/raw/t05/gvpa/GvpA_NotPartial.fasta	QTU67326|gvpA|protein	QTU67326|gvpA|protein	explicit_gvpa_source_label	pending_competitive_gvpa_gvpj_verification
ref_000875	train	cluster_000090	141	6202903abc283dce157501a24c7d05b6516fa96729fe749f2cd0677265fa2e00	data/raw/t05/gvpa/GvpA_NotPartial.fasta	QTU65643|gvpA|protein	QTU65643|gvpA|protein	explicit_gvpa_source_label	pending_competitive_gvpa_gvpj_verification
ref_000876	train	cluster_000046	150	cf176e85bcb7fcecce874dc130c07994c7c2dec83f8f066b0d03e1c869dad93c	data/raw/t05/gvpa/GvpA_NotPartial.fasta	QTU59252|gvpA|protein	QTU59252|gvpA|protein	explicit_gvpa_source_label	pending_competitive_gvpa_gvpj_verification
ref_000877	train	cluster_000293	86	cd47d1496d29850f6644a2e4918cb8d069efc2063d92c23b7ee666969d921dd9	data/raw/t05/gvpa/GvpA_NotPartial.fasta	CAN7153602|gvpA|protein	CAN7153602|gvpA|protein	explicit_gvpa_source_label	pending_competitive_gvpa_gvpj_verification
ref_000878	train	cluster_000228	86	17825fed28b3816957865a9787600fce91fde45a10731384cca9440cc2086949	data/raw/t05/gvpa/GvpA_NotPartial.fasta	CAN7153246|gvpA|protein	CAN7153246|gvpA|protein	explicit_gvpa_source_label	pending_competitive_gvpa_gvpj_verification
ref_000879	train	cluster_000241	88	a16c69ff4d6574406deefeeea27f16d1b96b050cc0bf70bb1f568109cea75374	data/raw/t05/gvpa/GvpA_NotPartial.fasta	XXM72724|gvpA|protein	XXM72724|gvpA|protein	explicit_gvpa_source_label	pending_competitive_gvpa_gvpj_verification
ref_000880	train	cluster_000359	72	64208f7b33282b03c8c6f4013e438a9f19fc9c3f1337c93bcd03d0755e87ee6b	data/raw/t05/gvpa/GvpA_NotPartial.fasta	XXJ15031|gvpA|protein	XXJ15031|gvpA|protein	explicit_gvpa_source_label	pending_competitive_gvpa_gvpj_verification
ref_000881	train	cluster_000102	138	3fb1b2844ab87a8f4a72239d1dbaef92be3ae9760ba9ae8b474c797e4c6edb12	data/raw/t05/gvpa/GvpA_NotPartial.fasta	sp|A0A1Q5LR04|gvpA|protein	sp|A0A1Q5LR04|gvpA|protein	explicit_gvpa_source_label	pending_competitive_gvpa_gvpj_verification
ref_000882	train	cluster_000097	139	0739506f322325ee29fe0a7ac885f6cd9f3953ab293e001ca9b5f6b669a02e92	data/raw/t05/gvpa/GvpA_NotPartial.fasta	sp|A1UFH1|gvpA|protein	sp|A1UFH1|gvpA|protein	explicit_gvpa_source_label	pending_competitive_gvpa_gvpj_verification
ref_000883	train	cluster_000078	144	c7ec77b171120a344a0655a11a6be8d15393039fa176a26181f70ba95432a0e4	data/raw/t05/gvpa/GvpA_NotPartial.fasta	sp|Q9ZC13|gvpA|protein	sp|Q9ZC13|gvpA|protein	explicit_gvpa_source_label	pending_competitive_gvpa_gvpj_verification
ref_000884	train	cluster_000362	66	ee49db0244212648bdd1fda85e226cd6c0bc04512141e0154eb7083f183b50dd	data/raw/t05/gvpa/GvpA_NotPartial.fasta	sp|P80998|gvpA|protein	sp|P80998|gvpA|protein	explicit_gvpa_source_label	pending_competitive_gvpa_gvpj_verification
ref_000885	train	cluster_000084	143	0a906f70a5c423dba7475c170e71385a2d2e99278ca4cf7cb47be7e1bb4a8597	data/raw/t05/gvpa/GvpA_NotPartial.fasta	XVJ74616|gvpA|protein	XVJ74616|gvpA|protein	explicit_gvpa_source_label	pending_competitive_gvpa_gvpj_verification
ref_000886	train	cluster_000220	91	ce9c7c0f4a921a6df25f652bb1811bf8635281860e4388d9d7cb32fd9cff1298	data/raw/t05/gvpa/GvpA_NotPartial.fasta	XVH31159|gvpA|protein	XVH31159|gvpA|protein	explicit_gvpa_source_label	pending_competitive_gvpa_gvpj_verification
ref_000887	train	cluster_000013	154	219e1145c7c5f874f9d797ec77f60d84bedf5ec098c216185b4d62eb20b62e9e	data/raw/t05/gvpa/GvpA_NotPartial.fasta	WTU55064|gvpA|protein	WTU55064|gvpA|protein	explicit_gvpa_source_label	pending_competitive_gvpa_gvpj_verification
ref_000888	train	cluster_000032	154	7b9e043074608d733fa72c2d1537a85a9f066180f066c7dccb48472069ce640e	data/raw/t05/gvpa/GvpA_NotPartial.fasta	WSS54069|gvpA|protein	WSS54069|gvpA|protein	explicit_gvpa_source_label	pending_competitive_gvpa_gvpj_verification
ref_000889	train	cluster_000001	160	93acd62cda39262797de612ea5c4652847758913fa8ff8c766e84ebd13a17f87	data/raw/t05/gvpa/GvpA_NotPartial.fasta	WSK64696|gvpA|protein	WSK64696|gvpA|protein	explicit_gvpa_source_label	pending_competitive_gvpa_gvpj_verification
ref_000890	train	cluster_000139	122	710430bf63a97b4a270fda7b676a9113069443d72f17e670856046c44a8e6a07	data/raw/t05/gvpa/GvpA_NotPartial.fasta	WTB46070|gvpA|protein	WTB46070|gvpA|protein	explicit_gvpa_source_label	pending_competitive_gvpa_gvpj_verification
ref_000891	train	cluster_000039	152	81c712b2f98895c40a2ddd233e82cd441e197a9c3c238140dfe93eb144babaad	data/raw/t05/gvpa/GvpA_NotPartial.fasta	XUT62697|gvpA|protein	XUT62697|gvpA|protein	explicit_gvpa_source_label	pending_competitive_gvpa_gvpj_verification
ref_000892	train	cluster_000136	126	5ded9686139acac829e03b320b9c1f480513a090511ecc8579b96e7f493d0074	data/raw/t05/gvpa/GvpA_NotPartial.fasta	CAL2066747|gvpA|protein	CAL2066747|gvpA|protein	explicit_gvpa_source_label	pending_competitive_gvpa_gvpj_verification
ref_000893	train	cluster_000078	137	ef77ab19922de7e129e43468cb5c67555d8a6b3ccb4912115f09a8c1095d9614	data/raw/t05/gvpa/GvpA_NotPartial.fasta	CAL2069912|gvpA|protein	CAL2069912|gvpA|protein	explicit_gvpa_source_label	pending_competitive_gvpa_gvpj_verification
ref_000894	train	cluster_000136	126	b1e17d61f6f3fc6cb8179f46d898fc72ac52111e60705f395ec6e8bcb453eafc	data/raw/t05/gvpa/GvpA_NotPartial.fasta	CAL2056582|gvpA|protein	CAL2056582|gvpA|protein	explicit_gvpa_source_label	pending_competitive_gvpa_gvpj_verification
ref_000895	train	cluster_000078	136	79581e5ad6e56e668c373d7a8b72d6f1f5bc979c5b275abb52d9467871b3da6e	data/raw/t05/gvpa/GvpA_NotPartial.fasta	CAK7279695|gvpA|protein	CAK7279695|gvpA|protein	explicit_gvpa_source_label	pending_competitive_gvpa_gvpj_verification
ref_000896	train	cluster_000109	136	4075663fb7fccb3ebc0adf1a37c09e3ab3747f488537032590352bbfd4453fa8	data/raw/t05/gvpa/GvpA_NotPartial.fasta	CAM3415122|gvpA|protein	CAM3415122|gvpA|protein	explicit_gvpa_source_label	pending_competitive_gvpa_gvpj_verification
ref_000897	validation	cluster_000069	145	f9a6c4e29c6909a7bfeaee809e13e5cb6f391552d46a183aa9e19956d01e67cc	data/raw/t05/gvpa/GvpA_NotPartial.fasta	XNL79175|gvpA|protein	XNL79175|gvpA|protein	explicit_gvpa_source_label	pending_competitive_gvpa_gvpj_verification
ref_000898	train	cluster_000060	147	fca4193e69c1cb015d9a2550e476effcdacac38436423288385f83cbb499a3e0	data/raw/t05/gvpa/GvpA_NotPartial.fasta	XLD97541|gvpA|protein	XLD97541|gvpA|protein	explicit_gvpa_source_label	pending_competitive_gvpa_gvpj_verification
ref_000899	train	cluster_000098	139	45d8bf8bea0b0845fea0454ddcc5aeef60886812481cab811e7b2c5e31b593c1	data/raw/t05/gvpa/GvpA_NotPartial.fasta	XKU37254|gvpA|protein	XKU37254|gvpA|protein	explicit_gvpa_source_label	pending_competitive_gvpa_gvpj_verification
ref_000900	train	cluster_000094	137	5d7c3d0594612da43ea22e75595e807f8d301c7b38eca653a97700234387055e	data/raw/t05/gvpa/GvpA_NotPartial.fasta	XKU35982|gvpA|protein	XKU35982|gvpA|protein	explicit_gvpa_source_label	pending_competitive_gvpa_gvpj_verification
ref_000901	validation	cluster_000242	86	feed1d4c7965994c10d53e18f7988c6b622e7a10dc24917a362fa91cad93d307	data/raw/t05/gvpa/GvpA_NotPartial.fasta	XKG84048|gvpA|protein	XKG84048|gvpA|protein	explicit_gvpa_source_label	pending_competitive_gvpa_gvpj_verification
ref_000902	train	cluster_000231	86	5e8f0a8871d86e6b22f4def21b254b9d16002da7ae0145a210f03178265680c3	data/raw/t05/gvpa/GvpA_NotPartial.fasta	XKE79926|gvpA|protein	XKE79926|gvpA|protein	explicit_gvpa_source_label	pending_competitive_gvpa_gvpj_verification
ref_000903	train	cluster_000307	84	0bead889339fd4f049d1c8cdb1cb2afbce7f450012be3c4a0525a219de8b696f	data/raw/t05/gvpa/GvpA_NotPartial.fasta	XKE66939|gvpA|protein	XKE66939|gvpA|protein	explicit_gvpa_source_label	pending_competitive_gvpa_gvpj_verification
ref_000904	train	cluster_000165	98	3270880922dd8263ecfda34d30cdec84e9dff6e35c474352a928c4e39f3e63f9	data/raw/t05/gvpa/GvpA_NotPartial.fasta	XHF12957|gvpA|protein	XHF12957|gvpA|protein	explicit_gvpa_source_label	pending_competitive_gvpa_gvpj_verification
ref_000905	train	cluster_000318	72	47e46863c347a8f8468fe0ba13c4e5044ebc5ce094ddd6a0277b01f7aaa81010	data/raw/t05/gvpa/GvpA_NotPartial.fasta	XGV98739|gvpA|protein	XGV98739|gvpA|protein	explicit_gvpa_source_label	pending_competitive_gvpa_gvpj_verification
ref_000906	train	cluster_000142	116	6de015df518c3c1fe74ecd4388d4d19c8bd5a22504a8df8f403053f664419105	data/raw/t05/gvpa/GvpA_NotPartial.fasta	XCC59600|gvpA|protein	XCC59600|gvpA|protein	explicit_gvpa_source_label	pending_competitive_gvpa_gvpj_verification
ref_000907	train	cluster_000329	75	10816d30b94e7e319ed1318effe0cf0bcb80900bc27f0174960cc8267c16a257	data/raw/t05/gvpa/GvpA_NotPartial.fasta	WYL99910|gvpA|protein	WYL99910|gvpA|protein	explicit_gvpa_source_label	pending_competitive_gvpa_gvpj_verification
ref_000908	train	cluster_000053	148	4469cb3e6c41fb1309a310573d010aa354b164353318ad7adc1b75671a984659	data/raw/t05/gvpa/GvpA_NotPartial.fasta	WWM28407|gvpA|protein	WWM28407|gvpA|protein	explicit_gvpa_source_label	pending_competitive_gvpa_gvpj_verification
ref_000909	test	cluster_000145	116	6df357493495a5fabe065349251c5b9ea37a2aca7c493cb3ea8d229b953f58d5	data/raw/t05/gvpa/GvpA_NotPartial.fasta	UFR07008|gvpA|protein	UFR07008|gvpA|protein	explicit_gvpa_source_label	pending_competitive_gvpa_gvpj_verification
ref_000910	validation	cluster_000017	156	747d60b2bd9f9baa6cfc25e72c691c86ac561a9e907c34cc5085913170b5fcb5	data/raw/t05/gvpa/GvpA_NotPartial.fasta	WTI50344|gvpA|protein	WTI50344|gvpA|protein	explicit_gvpa_source_label	pending_competitive_gvpa_gvpj_verification
ref_000911	train	cluster_000113	135	8a4162d5996844339fefcc7949127c12b1face55cf3ba1afda2a99f8bb5ad3a5	data/raw/t05/gvpa/GvpA_NotPartial.fasta	WUD64512|gvpA|protein	WUD64512|gvpA|protein	explicit_gvpa_source_label	pending_competitive_gvpa_gvpj_verification
ref_000912	train	cluster_000003	155	e3ae3cb5783250fb742fb71fd41788066eafe4e9503a858545a216b3b1c140a9	data/raw/t05/gvpa/GvpA_NotPartial.fasta	WUD30313|gvpA|protein	WUD30313|gvpA|protein	explicit_gvpa_source_label	pending_competitive_gvpa_gvpj_verification
ref_000913	train	cluster_000136	123	e7351ec1bbef6e8257345b2cbe54472678e3e6bd7882c9b9e714dd56c6ea9995	data/raw/t05/gvpa/GvpA_NotPartial.fasta	WUD04921|gvpA|protein	WUD04921|gvpA|protein	explicit_gvpa_source_label	pending_competitive_gvpa_gvpj_verification
ref_000914	train	cluster_000061	146	9c7fbca4e03cd6830bf22f375f47a20a578d93a8f16380964946093df4e4685f	data/raw/t05/gvpa/GvpA_NotPartial.fasta	WUC98569|gvpA|protein	WUC98569|gvpA|protein	explicit_gvpa_source_label	pending_competitive_gvpa_gvpj_verification
ref_000915	train	cluster_000139	122	25c3216ed34dec7168270ecda67393933bac22efc6123a279c5b342914bc0b49	data/raw/t05/gvpa/GvpA_NotPartial.fasta	WUC45199|gvpA|protein	WUC45199|gvpA|protein	explicit_gvpa_source_label	pending_competitive_gvpa_gvpj_verification
ref_000916	train	cluster_000040	151	a781ed1499476fa04028456993ef07a195b09521cebe488ec92344ff87e2e2d5	data/raw/t05/gvpa/GvpA_NotPartial.fasta	WUC31711|gvpA|protein	WUC31711|gvpA|protein	explicit_gvpa_source_label	pending_competitive_gvpa_gvpj_verification
ref_000917	train	cluster_000050	148	58a114a587bf7627f07432177ecd8e91e0cda2a0c5d681f76b1d5fa9b8da58e0	data/raw/t05/gvpa/GvpA_NotPartial.fasta	WUC25209|gvpA|protein	WUC25209|gvpA|protein	explicit_gvpa_source_label	pending_competitive_gvpa_gvpj_verification
ref_000918	validation	cluster_000017	155	8430c66867e7555de5e15b2954a1ef6fecbe33c07883a824ca457f6cecf46e1f	data/raw/t05/gvpa/GvpA_NotPartial.fasta	WUB84097|gvpA|protein	WUB84097|gvpA|protein	explicit_gvpa_source_label	pending_competitive_gvpa_gvpj_verification
ref_000919	train	cluster_000033	154	29fc4eacaf44be490badeadbce3c4cd75afe1507fe0e57c73f835b331eeefd20	data/raw/t05/gvpa/GvpA_NotPartial.fasta	WUB21575|gvpA|protein	WUB21575|gvpA|protein	explicit_gvpa_source_label	pending_competitive_gvpa_gvpj_verification
ref_000920	train	cluster_000006	158	6bd198e130544a8380c7db1d2cbbf6fb92a84322fdf266b455cc5224aabe209b	data/raw/t05/gvpa/GvpA_NotPartial.fasta	WSD52786|gvpA|protein	WSD52786|gvpA|protein	explicit_gvpa_source_label	pending_competitive_gvpa_gvpj_verification
ref_000921	train	cluster_000013	154	be1dac504153ecab385d6451585ae431c1a72f137cf109d97d662157c10dd226	data/raw/t05/gvpa/GvpA_NotPartial.fasta	WSN64185|gvpA|protein	WSN64185|gvpA|protein	explicit_gvpa_source_label	pending_competitive_gvpa_gvpj_verification
ref_000922	train	cluster_000064	146	db9f1375949c94632148628b52a2673d4178337edea34be38e594625ed01b535	data/raw/t05/gvpa/GvpA_NotPartial.fasta	WTL67178|gvpA|protein	WTL67178|gvpA|protein	explicit_gvpa_source_label	pending_competitive_gvpa_gvpj_verification
ref_000923	train	cluster_000013	153	074f333dec93d43ec001ab5196dc8d9407e32e65e924082593fdfab9b32f9cc2	data/raw/t05/gvpa/GvpA_NotPartial.fasta	WTL39756|gvpA|protein	WTL39756|gvpA|protein	explicit_gvpa_source_label	pending_competitive_gvpa_gvpj_verification
ref_000924	test	cluster_000011	157	70cf8e4638ff311302cb5ca8bdaf2b05615557c2718837bce8b58329e68c16b3	data/raw/t05/gvpa/GvpA_NotPartial.fasta	WSN15356|gvpA|protein	WSN15356|gvpA|protein	explicit_gvpa_source_label	pending_competitive_gvpa_gvpj_verification
ref_000925	train	cluster_000139	122	b94659ce82742aca97494e06ee5b8e6266e7e82db47e8f24a00f5c31cbbee394	data/raw/t05/gvpa/GvpA_NotPartial.fasta	WSM75465|gvpA|protein	WSM75465|gvpA|protein	explicit_gvpa_source_label	pending_competitive_gvpa_gvpj_verification
ref_000926	train	cluster_000139	122	14b353a284a92953cad8859d2c3639dfffe6a44ddb83cb47d0781dc1344f0979	data/raw/t05/gvpa/GvpA_NotPartial.fasta	WSM71952|gvpA|protein	WSM71952|gvpA|protein	explicit_gvpa_source_label	pending_competitive_gvpa_gvpj_verification
ref_000927	validation	cluster_000034	154	c6dc835e8a7f5c8d11a73cd38fb6c63240024ac637d49f0f3d542143bc1f9067	data/raw/t05/gvpa/GvpA_NotPartial.fasta	WSM59866|gvpA|protein	WSM59866|gvpA|protein	explicit_gvpa_source_label	pending_competitive_gvpa_gvpj_verification
ref_000928	train	cluster_000006	158	a6bd531a054394dd2492a419c048d3b40d087f37d31a5c0bcf08c535c08447d5	data/raw/t05/gvpa/GvpA_NotPartial.fasta	WSL93748|gvpA|protein	WSL93748|gvpA|protein	explicit_gvpa_source_label	pending_competitive_gvpa_gvpj_verification
ref_000929	train	cluster_000026	155	b80283670de4d1ac68117d77d77f5ad0da0d86aa1820dfb25d4d15984fb85944	data/raw/t05/gvpa/GvpA_NotPartial.fasta	WSL57044|gvpA|protein	WSL57044|gvpA|protein	explicit_gvpa_source_label	pending_competitive_gvpa_gvpj_verification
ref_000930	train	cluster_000137	126	1c76cf5c7e439b7734854853e38c437e0479f70e74b089089b7b2be4cd0352e6	data/raw/t05/gvpa/GvpA_NotPartial.fasta	WSL23944|gvpA|protein	WSL23944|gvpA|protein	explicit_gvpa_source_label	pending_competitive_gvpa_gvpj_verification
ref_000931	train	cluster_000013	153	4b01b5214abfe7d6396a3eb166a64cd0d4023bda7fada08d77ce4076434a441f	data/raw/t05/gvpa/GvpA_NotPartial.fasta	WSL23219|gvpA|protein	WSL23219|gvpA|protein	explicit_gvpa_source_label	pending_competitive_gvpa_gvpj_verification
ref_000932	train	cluster_000012	157	d71b202a146af4e5c40e1d8651f7c026298b5e7307054da065294585b1a2834f	data/raw/t05/gvpa/GvpA_NotPartial.fasta	WSF73295|gvpA|protein	WSF73295|gvpA|protein	explicit_gvpa_source_label	pending_competitive_gvpa_gvpj_verification
ref_000933	validation	cluster_000017	154	f1843d79acb220241dfcc797c35d9cdf333bd84f6a2cdf15949d578320dc0326	data/raw/t05/gvpa/GvpA_NotPartial.fasta	WUW74399|gvpA|protein	WUW74399|gvpA|protein	explicit_gvpa_source_label	pending_competitive_gvpa_gvpj_verification
ref_000934	train	cluster_000002	160	2cbea2021b2dcea14377227fc86daecb49411a1db98dabc2e5d54b9a0e603977	data/raw/t05/gvpa/GvpA_NotPartial.fasta	WUW94253|gvpA|protein	WUW94253|gvpA|protein	explicit_gvpa_source_label	pending_competitive_gvpa_gvpj_verification
ref_000935	test	cluster_000011	156	d69494036b1115ae54ae393e4fc3b3c8b3154e29a8cc4f7d49c7bcabdaaca116	data/raw/t05/gvpa/GvpA_NotPartial.fasta	WUW66585|gvpA|protein	WUW66585|gvpA|protein	explicit_gvpa_source_label	pending_competitive_gvpa_gvpj_verification
ref_000936	test	cluster_000011	154	48a350d902c4c631f095b6d66737f2825d9eb62b9637b7f9290a69b11513f2c7	data/raw/t05/gvpa/GvpA_NotPartial.fasta	WUW66212|gvpA|protein	WUW66212|gvpA|protein	explicit_gvpa_source_label	pending_competitive_gvpa_gvpj_verification
ref_000937	train	cluster_000027	155	2051151517b2b27c91df9d9e4e876c70ae9de0ee9e967627c0d14c1f14554329	data/raw/t05/gvpa/GvpA_NotPartial.fasta	WUV98501|gvpA|protein	WUV98501|gvpA|protein	explicit_gvpa_source_label	pending_competitive_gvpa_gvpj_verification
ref_000938	train	cluster_000117	134	8d5392221648a605a7c200c6891205f9bc7671101816b410142de5be6593b9ad	data/raw/t05/gvpa/GvpA_NotPartial.fasta	WUV46274|gvpA|protein	WUV46274|gvpA|protein	explicit_gvpa_source_label	pending_competitive_gvpa_gvpj_verification
ref_000939	test	cluster_000065	146	6f78ae7dbd3067bdbed82a69a7e6d28493156abb7f90f4bb61a93d7908aad39d	data/raw/t05/gvpa/GvpA_NotPartial.fasta	WUV03576|gvpA|protein	WUV03576|gvpA|protein	explicit_gvpa_source_label	pending_competitive_gvpa_gvpj_verification
ref_000940	train	cluster_000091	141	8087f5ca80a883ecf2fdd2bdfb6fcfef49cd21c8132104cd0e31ff6f47bdfadc	data/raw/t05/gvpa/GvpA_NotPartial.fasta	WUV01345|gvpA|protein	WUV01345|gvpA|protein	explicit_gvpa_source_label	pending_competitive_gvpa_gvpj_verification
ref_000941	train	cluster_000013	156	3997c1e8cae542beb07c015028a096879da4b6d8a654cba6edf95cbe386718b3	data/raw/t05/gvpa/GvpA_NotPartial.fasta	WUU42325|gvpA|protein	WUU42325|gvpA|protein	explicit_gvpa_source_label	pending_competitive_gvpa_gvpj_verification
ref_000942	train	cluster_000013	156	67d45ce3d0daa27e3aa3c9478875543a71c41471e413409d150d415759cb9525	data/raw/t05/gvpa/GvpA_NotPartial.fasta	WUU41922|gvpA|protein	WUU41922|gvpA|protein	explicit_gvpa_source_label	pending_competitive_gvpa_gvpj_verification
ref_000943	train	cluster_000040	152	c7e8400b87d18c0ef7e0fce724bd3e50a675687052b9b2896b89fa9dc2806374	data/raw/t05/gvpa/GvpA_NotPartial.fasta	WUT59625|gvpA|protein	WUT59625|gvpA|protein	explicit_gvpa_source_label	pending_competitive_gvpa_gvpj_verification
ref_000944	train	cluster_000061	147	45b0f1ea69baf732de14489d7621432c589f3147754cf2a724ee76af338459bf	data/raw/t05/gvpa/GvpA_NotPartial.fasta	WUS95394|gvpA|protein	WUS95394|gvpA|protein	explicit_gvpa_source_label	pending_competitive_gvpa_gvpj_verification
ref_000945	train	cluster_000012	157	33d8dbb5443a9dadf56dd26ec9768c6243bb1b51920d6d16f721c17ca4f06646	data/raw/t05/gvpa/GvpA_NotPartial.fasta	WUS27179|gvpA|protein	WUS27179|gvpA|protein	explicit_gvpa_source_label	pending_competitive_gvpa_gvpj_verification
ref_000946	train	cluster_000131	127	decd9a1d90f169f4eb3e817ca813379a7c29c411d04f58bd92e790ed3101a2db	data/raw/t05/gvpa/GvpA_NotPartial.fasta	WUR70621|gvpA|protein	WUR70621|gvpA|protein	explicit_gvpa_source_label	pending_competitive_gvpa_gvpj_verification
ref_000947	validation	cluster_000070	145	a0c33ff7daaf9315de4b10552a4238604becbffc46359db22dd9d365e382e11d	data/raw/t05/gvpa/GvpA_NotPartial.fasta	WUR51724|gvpA|protein	WUR51724|gvpA|protein	explicit_gvpa_source_label	pending_competitive_gvpa_gvpj_verification
ref_000948	validation	cluster_000018	156	ff800aecb7c2e95dee995632f38f39f4f8a9337144730532c4a4464e60a684bd	data/raw/t05/gvpa/GvpA_NotPartial.fasta	WTJ02229|gvpA|protein	WTJ02229|gvpA|protein	explicit_gvpa_source_label	pending_competitive_gvpa_gvpj_verification
ref_000949	train	cluster_000054	148	9065be60727dc7f9b38883de26c912c2e67f5ca2230e5b0a4fadad7b5578bff7	data/raw/t05/gvpa/GvpA_NotPartial.fasta	WTP83072|gvpA|protein	WTP83072|gvpA|protein	explicit_gvpa_source_label	pending_competitive_gvpa_gvpj_verification
ref_000950	train	cluster_000003	159	cefd53f493008d2ff90c013a3bef3626dafd83b20c3f35464070601743941cab	data/raw/t05/gvpa/GvpA_NotPartial.fasta	WTP49231|gvpA|protein	WTP49231|gvpA|protein	explicit_gvpa_source_label	pending_competitive_gvpa_gvpj_verification
ref_000951	test	cluster_000011	153	e3077655950eb8305d3cf37e4839e30e88a91376f65493a909adb159a3d26f6b	data/raw/t05/gvpa/GvpA_NotPartial.fasta	WUQ36349|gvpA|protein	WUQ36349|gvpA|protein	explicit_gvpa_source_label	pending_competitive_gvpa_gvpj_verification
ref_000952	train	cluster_000026	150	3bac021c5495186db378739542247176693480f30681e1cab53b024b73311da3	data/raw/t05/gvpa/GvpA_NotPartial.fasta	WUQ24581|gvpA|protein	WUQ24581|gvpA|protein	explicit_gvpa_source_label	pending_competitive_gvpa_gvpj_verification
ref_000953	train	cluster_000105	137	d5cf1fda20a7d9852de3ff1cc9f71fe738c0a0ea7a9b9f88376dcdc5aca2492c	data/raw/t05/gvpa/GvpA_NotPartial.fasta	WUP84382|gvpA|protein	WUP84382|gvpA|protein	explicit_gvpa_source_label	pending_competitive_gvpa_gvpj_verification
ref_000954	train	cluster_000003	155	47c6d3995b8146f9e99e8398246c032f09511347b340131ac62fbd578b3785fd	data/raw/t05/gvpa/GvpA_NotPartial.fasta	WUP38561|gvpA|protein	WUP38561|gvpA|protein	explicit_gvpa_source_label	pending_competitive_gvpa_gvpj_verification
ref_000955	train	cluster_000037	153	51872cd8b900b7db59b4cb4c59f81cffbdf3d79cd890be22619e7a1259ad8788	data/raw/t05/gvpa/GvpA_NotPartial.fasta	WUO67544|gvpA|protein	WUO67544|gvpA|protein	explicit_gvpa_source_label	pending_competitive_gvpa_gvpj_verification
ref_000956	train	cluster_000028	155	9c754b1740d1977b7a29f9164e475cadaf302bb79ba19fbee1471c103818a6b9	data/raw/t05/gvpa/GvpA_NotPartial.fasta	WUN95856|gvpA|protein	WUN95856|gvpA|protein	explicit_gvpa_source_label	pending_competitive_gvpa_gvpj_verification
ref_000957	validation	cluster_000123	132	7794e8f04dda3151b8bb10de1f5bc421fb133be5fb9d7ce8c7a95a2282d7dba7	data/raw/t05/gvpa/GvpA_NotPartial.fasta	WUO29378|gvpA|protein	WUO29378|gvpA|protein	explicit_gvpa_source_label	pending_competitive_gvpa_gvpj_verification
ref_000958	train	cluster_000013	156	0eb236c2a0a999a958fc0e5ac90d917c24af942e904da8a6c29f20ec71e7cf1f	data/raw/t05/gvpa/GvpA_NotPartial.fasta	WUM80544|gvpA|protein	WUM80544|gvpA|protein	explicit_gvpa_source_label	pending_competitive_gvpa_gvpj_verification
ref_000959	train	cluster_000012	157	82ecae19af2538b973dae24801b116255741710c5edd54639b5b46a6e9ef5bf8	data/raw/t05/gvpa/GvpA_NotPartial.fasta	WUL89703|gvpA|protein	WUL89703|gvpA|protein	explicit_gvpa_source_label	pending_competitive_gvpa_gvpj_verification
ref_000960	train	cluster_000071	145	1ad342624de277274295e25b19454e7e002ebe481aa77170aa45cf3390414015	data/raw/t05/gvpa/GvpA_NotPartial.fasta	WUM89467|gvpA|protein	WUM89467|gvpA|protein	explicit_gvpa_source_label	pending_competitive_gvpa_gvpj_verification
ref_000961	train	cluster_000008	158	1f2decc9d9629b127278278a79c2631cfe1372e33fb9f7fa3062c90a64d8e731	data/raw/t05/gvpa/GvpA_NotPartial.fasta	WUK43022|gvpA|protein	WUK43022|gvpA|protein	explicit_gvpa_source_label	pending_competitive_gvpa_gvpj_verification
ref_000962	train	cluster_000047	150	101346775bd8fc719b54979e083bfbf7f14d0836e1721babe826a6889b637cab	data/raw/t05/gvpa/GvpA_NotPartial.fasta	WUL61904|gvpA|protein	WUL61904|gvpA|protein	explicit_gvpa_source_label	pending_competitive_gvpa_gvpj_verification
ref_000963	train	cluster_000013	155	d53262c07427087628bb5a498703d5d97e379e19f0caa81d058eaa98a59eb751	data/raw/t05/gvpa/GvpA_NotPartial.fasta	WUJ34042|gvpA|protein	WUJ34042|gvpA|protein	explicit_gvpa_source_label	pending_competitive_gvpa_gvpj_verification
ref_000964	train	cluster_000027	155	05faae01597311327997dcaa18a986a0dcf6a39f96c69beb335d17057b021d9c	data/raw/t05/gvpa/GvpA_NotPartial.fasta	WUJ29488|gvpA|protein	WUJ29488|gvpA|protein	explicit_gvpa_source_label	pending_competitive_gvpa_gvpj_verification
ref_000965	train	cluster_000012	157	210e9a5f9b72676b9ce0414231b8690a99fbf64edbe8fd9feb7357e5592b915a	data/raw/t05/gvpa/GvpA_NotPartial.fasta	WUI78559|gvpA|protein	WUI78559|gvpA|protein	explicit_gvpa_source_label	pending_competitive_gvpa_gvpj_verification
ref_000966	train	cluster_000114	135	6ee0ebbf185af1c7d3460764754f389d48c1ea9ffab11a5e7f9dcc9084296705	data/raw/t05/gvpa/GvpA_NotPartial.fasta	WUI34122|gvpA|protein	WUI34122|gvpA|protein	explicit_gvpa_source_label	pending_competitive_gvpa_gvpj_verification
ref_000967	validation	cluster_000133	127	590810062f74320247112de18b1b054199c09acb0416ccbb72064c8396b53982	data/raw/t05/gvpa/GvpA_NotPartial.fasta	WUI59959|gvpA|protein	WUI59959|gvpA|protein	explicit_gvpa_source_label	pending_competitive_gvpa_gvpj_verification
ref_000968	train	cluster_000079	144	23547210dabe68635401f54a1ee5a50da369729b6cafd8b9d3e564ccac2102c1	data/raw/t05/gvpa/GvpA_NotPartial.fasta	WUI03290|gvpA|protein	WUI03290|gvpA|protein	explicit_gvpa_source_label	pending_competitive_gvpa_gvpj_verification
ref_000969	train	cluster_000027	150	6d257d8cbeb3f3af448a4055c1cecbeae018a2b575e09fa0c35fc7d6c4bef6ea	data/raw/t05/gvpa/GvpA_NotPartial.fasta	WUH67075|gvpA|protein	WUH67075|gvpA|protein	explicit_gvpa_source_label	pending_competitive_gvpa_gvpj_verification
ref_000970	train	cluster_000072	145	8bb53690eb425655a7a8581aa9f1493c9d1b50a02600bf6c4ae87360feca6763	data/raw/t05/gvpa/GvpA_NotPartial.fasta	WUH21957|gvpA|protein	WUH21957|gvpA|protein	explicit_gvpa_source_label	pending_competitive_gvpa_gvpj_verification
ref_000971	train	cluster_000131	128	dc852bef97bb5a3f37ffa9f8e40973a12e4a38d9483604158ac99e3656965e82	data/raw/t05/gvpa/GvpA_NotPartial.fasta	WUH06990|gvpA|protein	WUH06990|gvpA|protein	explicit_gvpa_source_label	pending_competitive_gvpa_gvpj_verification
ref_000972	test	cluster_000029	152	75b688dadffb1bcbff68a46ea43ce8e18f78ec796777e2f5f661ce6397e2051e	data/raw/t05/gvpa/GvpA_NotPartial.fasta	WUG79270|gvpA|protein	WUG79270|gvpA|protein	explicit_gvpa_source_label	pending_competitive_gvpa_gvpj_verification
ref_000973	train	cluster_000012	157	31ec72d1a2119ce61d3ab1c9e881b91ab153f970f83c6bec9c667d411415707c	data/raw/t05/gvpa/GvpA_NotPartial.fasta	WUF59764|gvpA|protein	WUF59764|gvpA|protein	explicit_gvpa_source_label	pending_competitive_gvpa_gvpj_verification
ref_000974	train	cluster_000019	156	fd6df642808b7adaae7d2540069b145a548b9730b610a70e72cead707ae5250d	data/raw/t05/gvpa/GvpA_NotPartial.fasta	WUF51925|gvpA|protein	WUF51925|gvpA|protein	explicit_gvpa_source_label	pending_competitive_gvpa_gvpj_verification
ref_000975	train	cluster_000004	159	99a07129f51bd6011cb725171cefbc986a3caf35811b44b743a073ab4d7c0fd9	data/raw/t05/gvpa/GvpA_NotPartial.fasta	WUD77707|gvpA|protein	WUD77707|gvpA|protein	explicit_gvpa_source_label	pending_competitive_gvpa_gvpj_verification
ref_000976	train	cluster_000013	156	f5d47642f8821cca8f9ae6329a4214c7befc7fa09fd18d127a835b12ef107cce	data/raw/t05/gvpa/GvpA_NotPartial.fasta	WTZ12838|gvpA|protein	WTZ12838|gvpA|protein	explicit_gvpa_source_label	pending_competitive_gvpa_gvpj_verification
ref_000977	train	cluster_000115	135	febdf633d7175529519f49c0e06e9a78cd0208d79bbc9db4ccd1a51ed35484f7	data/raw/t05/gvpa/GvpA_NotPartial.fasta	WTY90603|gvpA|protein	WTY90603|gvpA|protein	explicit_gvpa_source_label	pending_competitive_gvpa_gvpj_verification
ref_000978	train	cluster_000042	151	743941db45842ba9edb73e1b0810f920339cae9ddc4932b61e784ff275701b5d	data/raw/t05/gvpa/GvpA_NotPartial.fasta	WTY93595|gvpA|protein	WTY93595|gvpA|protein	explicit_gvpa_source_label	pending_competitive_gvpa_gvpj_verification
ref_000979	test	cluster_000106	137	03e37b9ff61818fe868fd2fa2739eb624fad58d0502f6696d13ecdcc5f039a9f	data/raw/t05/gvpa/GvpA_NotPartial.fasta	WTZ26275|gvpA|protein	WTZ26275|gvpA|protein	explicit_gvpa_source_label	pending_competitive_gvpa_gvpj_verification
ref_000980	train	cluster_000013	157	fb2578ea0ecaed2ea0af684106804e701bda55c6acad0db623d791b8fbbb5933	data/raw/t05/gvpa/GvpA_NotPartial.fasta	WTX75655|gvpA|protein	WTX75655|gvpA|protein	explicit_gvpa_source_label	pending_competitive_gvpa_gvpj_verification
ref_000981	train	cluster_000073	145	3ca681349695f8ed3ee4fa27e1fd62ed4b5b8e25e90cd6008c6b3a078ec85bc9	data/raw/t05/gvpa/GvpA_NotPartial.fasta	WTY68224|gvpA|protein	WTY68224|gvpA|protein	explicit_gvpa_source_label	pending_competitive_gvpa_gvpj_verification
ref_000982	train	cluster_000013	157	ae1ae553d673be7a537f7df1b7fdc086f9c3132ced6a0e0e96c315e46a084408	data/raw/t05/gvpa/GvpA_NotPartial.fasta	WTX77504|gvpA|protein	WTX77504|gvpA|protein	explicit_gvpa_source_label	pending_competitive_gvpa_gvpj_verification
ref_000983	train	cluster_000131	127	a85f488e5f68b0445ad1f413cec34a9c5dac3c9118c0fa60cddc31f649b7e87e	data/raw/t05/gvpa/GvpA_NotPartial.fasta	WTW32478|gvpA|protein	WTW32478|gvpA|protein	explicit_gvpa_source_label	pending_competitive_gvpa_gvpj_verification
ref_000984	validation	cluster_000034	154	0f78d7acac5b21f9e204318d5e9a7dcfc8dd5bcc29241026ebf99a8afac8650d	data/raw/t05/gvpa/GvpA_NotPartial.fasta	WTU70147|gvpA|protein	WTU70147|gvpA|protein	explicit_gvpa_source_label	pending_competitive_gvpa_gvpj_verification
ref_000985	train	cluster_000009	158	d3c36edb3c6b427867e3c1f514fa3cf54cd130518a1bc76b3e7ea8febd916a65	data/raw/t05/gvpa/GvpA_NotPartial.fasta	WTT65212|gvpA|protein	WTT65212|gvpA|protein	explicit_gvpa_source_label	pending_competitive_gvpa_gvpj_verification
ref_000986	train	cluster_000009	157	3dee88ac2224aeef66c62dd0dc079a58305bb2c1d9e90cabb1c042aece5bca88	data/raw/t05/gvpa/GvpA_NotPartial.fasta	WTT04611|gvpA|protein	WTT04611|gvpA|protein	explicit_gvpa_source_label	pending_competitive_gvpa_gvpj_verification
ref_000987	train	cluster_000055	148	13f51706d5d2df8544bb29487d725da127af320464ee7d483f2a2e2e71809728	data/raw/t05/gvpa/GvpA_NotPartial.fasta	WTQ70312|gvpA|protein	WTQ70312|gvpA|protein	explicit_gvpa_source_label	pending_competitive_gvpa_gvpj_verification
ref_000988	train	cluster_000008	158	e3bf29001a743e3b64f9658118850b01ee4b7e48a2ec05c9bd0f6c62dcbbd652	data/raw/t05/gvpa/GvpA_NotPartial.fasta	WTQ37371|gvpA|protein	WTQ37371|gvpA|protein	explicit_gvpa_source_label	pending_competitive_gvpa_gvpj_verification
ref_000989	train	cluster_000056	148	f7d9d7742f0844e679ecf4dff72420dd25def443ad8a737939309d3f808b5be7	data/raw/t05/gvpa/GvpA_NotPartial.fasta	WTO50092|gvpA|protein	WTO50092|gvpA|protein	explicit_gvpa_source_label	pending_competitive_gvpa_gvpj_verification
ref_000990	train	cluster_000074	145	cf2b86e8ceab5f9ee1d8566657bc7370868854cbb61f0689dd36c37d3cb9bd8c	data/raw/t05/gvpa/GvpA_NotPartial.fasta	WTP18404|gvpA|protein	WTP18404|gvpA|protein	explicit_gvpa_source_label	pending_competitive_gvpa_gvpj_verification
ref_000991	train	cluster_000026	153	8d21dd360b13b6dfcbe269ec051e3be043079ebcc0ea6a19f206625b070acbdb	data/raw/t05/gvpa/GvpA_NotPartial.fasta	WTK92545|gvpA|protein	WTK92545|gvpA|protein	explicit_gvpa_source_label	pending_competitive_gvpa_gvpj_verification
ref_000992	train	cluster_000009	156	492e347eb26b4c87a4d19d5443666652b1ed572308e4f655a1c21f39e0d3395d	data/raw/t05/gvpa/GvpA_NotPartial.fasta	WTJ87519|gvpA|protein	WTJ87519|gvpA|protein	explicit_gvpa_source_label	pending_competitive_gvpa_gvpj_verification
ref_000993	train	cluster_000026	151	2b65cf1e277ab50a0dfea72e404907a62cb4cb8f7818dc85a8e98caf94170131	data/raw/t05/gvpa/GvpA_NotPartial.fasta	WTK48656|gvpA|protein	WTK48656|gvpA|protein	explicit_gvpa_source_label	pending_competitive_gvpa_gvpj_verification
ref_000994	train	cluster_000049	149	4b12dfb542826f087a7ecd3b9c3b833a2761d2ddf162c7e8d476a5dbe1e5f392	data/raw/t05/gvpa/GvpA_NotPartial.fasta	WTG11908|gvpA|protein	WTG11908|gvpA|protein	explicit_gvpa_source_label	pending_competitive_gvpa_gvpj_verification
ref_000995	train	cluster_000049	149	9cc118c4f8ae073496526bb19cc0b413e6f8a4461723c3bab78cd85b399b8602	data/raw/t05/gvpa/GvpA_NotPartial.fasta	WTF79703|gvpA|protein	WTF79703|gvpA|protein	explicit_gvpa_source_label	pending_competitive_gvpa_gvpj_verification
ref_000996	train	cluster_000050	149	c851ec622696a1a12ee9bdee37f539e41bfcfd2da320b5c14bf13bbb4feb8d9c	data/raw/t05/gvpa/GvpA_NotPartial.fasta	WTE65329|gvpA|protein	WTE65329|gvpA|protein	explicit_gvpa_source_label	pending_competitive_gvpa_gvpj_verification
ref_000997	train	cluster_000050	149	db21d598502068c3fa2fae4cedc8aacd5f1848eac6f415f495a3962354aff288	data/raw/t05/gvpa/GvpA_NotPartial.fasta	WTE56683|gvpA|protein	WTE56683|gvpA|protein	explicit_gvpa_source_label	pending_competitive_gvpa_gvpj_verification
ref_000998	train	cluster_000099	139	e9cfe4a312dd51479edbfb3b4f6b86ef838ea81c4f8833be2739e554106767d5	data/raw/t05/gvpa/GvpA_NotPartial.fasta	WTD53381|gvpA|protein	WTD53381|gvpA|protein	explicit_gvpa_source_label	pending_competitive_gvpa_gvpj_verification
ref_000999	train	cluster_000035	152	4b3cb9501939449bf9be23813d969b79c18281ea8363a4cbe40d0dfd3828e677	data/raw/t05/gvpa/GvpA_NotPartial.fasta	WTD74887|gvpA|protein	WTD74887|gvpA|protein	explicit_gvpa_source_label	pending_competitive_gvpa_gvpj_verification
ref_001000	train	cluster_000005	159	82d1db25aa951a1ad609e3a872c1bdb29c7e21be28b1f7c62674683a96fbfd40	data/raw/t05/gvpa/GvpA_NotPartial.fasta	WTD69457|gvpA|protein	WTD69457|gvpA|protein	explicit_gvpa_source_label	pending_competitive_gvpa_gvpj_verification
ref_001001	train	cluster_000006	155	61b16b326fc735ccf093a59bcdc5b98d8833ec28fe92238779bfe86bb76a14cc	data/raw/t05/gvpa/GvpA_NotPartial.fasta	WTD02610|gvpA|protein	WTD02610|gvpA|protein	explicit_gvpa_source_label	pending_competitive_gvpa_gvpj_verification
ref_001002	train	cluster_000035	154	dbbc85b2e6d8fc6f3682ed28d3bb4d943032c767f908a24caf77a87e4685ae6c	data/raw/t05/gvpa/GvpA_NotPartial.fasta	WTD20195|gvpA|protein	WTD20195|gvpA|protein	explicit_gvpa_source_label	pending_competitive_gvpa_gvpj_verification
ref_001003	train	cluster_000059	147	754029d7fdddcf0dda8b015b10b770c0008b645dbb85625039485f8277785d13	data/raw/t05/gvpa/GvpA_NotPartial.fasta	WTB03865|gvpA|protein	WTB03865|gvpA|protein	explicit_gvpa_source_label	pending_competitive_gvpa_gvpj_verification
ref_001004	train	cluster_000051	149	11cdda0e14dc63f88e3551b77278849f4ceab2fcac8f21cd7207c50273749519	data/raw/t05/gvpa/GvpA_NotPartial.fasta	WTB14440|gvpA|protein	WTB14440|gvpA|protein	explicit_gvpa_source_label	pending_competitive_gvpa_gvpj_verification
ref_001005	train	cluster_000027	154	f176d2d019718491db42fdf3fe8fc1e2e16e078a963dba1dcb6d14c1db2d7da5	data/raw/t05/gvpa/GvpA_NotPartial.fasta	WSZ84505|gvpA|protein	WSZ84505|gvpA|protein	explicit_gvpa_source_label	pending_competitive_gvpa_gvpj_verification
ref_001006	train	cluster_000048	150	65c51b0fd105cce694eed49b439146435ebb1a08266d1e0993f7209e52213395	data/raw/t05/gvpa/GvpA_NotPartial.fasta	WSZ94419|gvpA|protein	WSZ94419|gvpA|protein	explicit_gvpa_source_label	pending_competitive_gvpa_gvpj_verification
ref_001007	train	cluster_000008	152	3d9edce97c58d4805f58219bd99dd9c4a329696adfbb02a5c8e29fb166a6f2e4	data/raw/t05/gvpa/GvpA_NotPartial.fasta	WTA16234|gvpA|protein	WTA16234|gvpA|protein	explicit_gvpa_source_label	pending_competitive_gvpa_gvpj_verification
ref_001008	train	cluster_000075	145	f6ad48ba3d6950d55fac03dc798b0090c33afcf288b69692505c127cfef95755	data/raw/t05/gvpa/GvpA_NotPartial.fasta	WSY99352|gvpA|protein	WSY99352|gvpA|protein	explicit_gvpa_source_label	pending_competitive_gvpa_gvpj_verification
ref_001009	train	cluster_000074	145	370aa86e30267a3a072e5d15f626685541b839c2c5a947a9297623c927d52cbb	data/raw/t05/gvpa/GvpA_NotPartial.fasta	WSY72809|gvpA|protein	WSY72809|gvpA|protein	explicit_gvpa_source_label	pending_competitive_gvpa_gvpj_verification
ref_001010	train	cluster_000071	145	bb5cf35be2d320c0ead2ea879c043d8fec579b266dd1143f58bb6288ba9ec2bd	data/raw/t05/gvpa/GvpA_NotPartial.fasta	WSY65263|gvpA|protein	WSY65263|gvpA|protein	explicit_gvpa_source_label	pending_competitive_gvpa_gvpj_verification
ref_001011	train	cluster_000116	135	e8032b7ad48d42a9adf341dc5b56f9a1336c504eaf87c101307c80ef7dbc1f68	data/raw/t05/gvpa/GvpA_NotPartial.fasta	WSY58681|gvpA|protein	WSY58681|gvpA|protein	explicit_gvpa_source_label	pending_competitive_gvpa_gvpj_verification
ref_001012	train	cluster_000040	151	e62ac75b3affa97a2f5aff1f1d462b17657ce662836aa9235041d53281de2dc4	data/raw/t05/gvpa/GvpA_NotPartial.fasta	WSY30356|gvpA|protein	WSY30356|gvpA|protein	explicit_gvpa_source_label	pending_competitive_gvpa_gvpj_verification
ref_001013	train	cluster_000014	157	d82c955fa7d898a2ab968cd145c1de0abf568f4ddc1ef84aa0417b91848c0d7f	data/raw/t05/gvpa/GvpA_NotPartial.fasta	WSX74523|gvpA|protein	WSX74523|gvpA|protein	explicit_gvpa_source_label	pending_competitive_gvpa_gvpj_verification
ref_001014	train	cluster_000027	150	22459d46342d29cd0e5126f0c1051d8e7002a93b86ac65ca8a81fbbce70876a4	data/raw/t05/gvpa/GvpA_NotPartial.fasta	WSX42425|gvpA|protein	WSX42425|gvpA|protein	explicit_gvpa_source_label	pending_competitive_gvpa_gvpj_verification
ref_001015	train	cluster_000117	135	0ccad4d436403131ae6a894a73ced6b99066d09e653accf28c91d02a61204d81	data/raw/t05/gvpa/GvpA_NotPartial.fasta	WSV87016|gvpA|protein	WSV87016|gvpA|protein	explicit_gvpa_source_label	pending_competitive_gvpa_gvpj_verification
ref_001016	validation	cluster_000017	153	c730fb33477ca08f29e8cbf859a237dc5790d467c07f2d7ec5e06e070d8eaff6	data/raw/t05/gvpa/GvpA_NotPartial.fasta	WSW56593|gvpA|protein	WSW56593|gvpA|protein	explicit_gvpa_source_label	pending_competitive_gvpa_gvpj_verification
ref_001017	train	cluster_000042	150	8ba3d6668e353b537179756d5c27fb2a95e8bd9f8c72c9284d0c8e5772848082	data/raw/t05/gvpa/GvpA_NotPartial.fasta	WSV66202|gvpA|protein	WSV66202|gvpA|protein	explicit_gvpa_source_label	pending_competitive_gvpa_gvpj_verification
ref_001018	test	cluster_000025	154	c0749f9d4ae82bdc99555b501d74c198148ce13a1ab3df22c693a7b377bcabb6	data/raw/t05/gvpa/GvpA_NotPartial.fasta	WSV93775|gvpA|protein	WSV93775|gvpA|protein	explicit_gvpa_source_label	pending_competitive_gvpa_gvpj_verification
ref_001019	train	cluster_000027	150	e34b44c2870a942d0092ff8cb1f8b10fdd00486658c36ef1026ae86759838814	data/raw/t05/gvpa/GvpA_NotPartial.fasta	WSV04354|gvpA|protein	WSV04354|gvpA|protein	explicit_gvpa_source_label	pending_competitive_gvpa_gvpj_verification
ref_001020	train	cluster_000010	158	5cfc2961268b2ad6fbbd0c5ffefb5f875674b86113d81548e10f8e5237ee527e	data/raw/t05/gvpa/GvpA_NotPartial.fasta	WSU37981|gvpA|protein	WSU37981|gvpA|protein	explicit_gvpa_source_label	pending_competitive_gvpa_gvpj_verification
ref_001021	test	cluster_000025	151	945d9af2ef988f085e3ce7edb7b4de3dda976a89f6d93d97b5eab1c95ff47e23	data/raw/t05/gvpa/GvpA_NotPartial.fasta	WST51606|gvpA|protein	WST51606|gvpA|protein	explicit_gvpa_source_label	pending_competitive_gvpa_gvpj_verification
ref_001022	test	cluster_000011	156	25e53f7654eeb15d035efa89ea5ba9943e3d7876da6919025fde4eac14cfb3c9	data/raw/t05/gvpa/GvpA_NotPartial.fasta	WSS83536|gvpA|protein	WSS83536|gvpA|protein	explicit_gvpa_source_label	pending_competitive_gvpa_gvpj_verification
ref_001023	test	cluster_000029	155	3a34394c27043f0de19ae6be863d9c024c6e50fdd0f29720e9aece70c755069e	data/raw/t05/gvpa/GvpA_NotPartial.fasta	WSS53551|gvpA|protein	WSS53551|gvpA|protein	explicit_gvpa_source_label	pending_competitive_gvpa_gvpj_verification
ref_001024	test	cluster_000106	137	db787bdce100ebe0b52fc38bb0155a3ad5f1651f4b14e266522119f6fb676e1f	data/raw/t05/gvpa/GvpA_NotPartial.fasta	WSS09182|gvpA|protein	WSS09182|gvpA|protein	explicit_gvpa_source_label	pending_competitive_gvpa_gvpj_verification
ref_001025	train	cluster_000015	157	038b08407425f0209cdb96cc36e42259071302c926fe63bba6c5ab699b4b4051	data/raw/t05/gvpa/GvpA_NotPartial.fasta	WSR03362|gvpA|protein	WSR03362|gvpA|protein	explicit_gvpa_source_label	pending_competitive_gvpa_gvpj_verification
ref_001026	train	cluster_000037	149	a8224f75d4d10d7151b8627a5242efdf0753354ffb996ca0fbb77b8351a7de4f	data/raw/t05/gvpa/GvpA_NotPartial.fasta	WSQ16395|gvpA|protein	WSQ16395|gvpA|protein	explicit_gvpa_source_label	pending_competitive_gvpa_gvpj_verification
ref_001027	train	cluster_000136	125	35afd2cfc45262b86709175c6c44812fa40d8b9c13e38f8b81da0620af164aa9	data/raw/t05/gvpa/GvpA_NotPartial.fasta	WSI83191|gvpA|protein	WSI83191|gvpA|protein	explicit_gvpa_source_label	pending_competitive_gvpa_gvpj_verification
ref_001028	train	cluster_000053	148	0942555d17806690a15c355f4e1761c5e2dda87e2d17c83e509389ac7c0876bb	data/raw/t05/gvpa/GvpA_NotPartial.fasta	WSI30154|gvpA|protein	WSI30154|gvpA|protein	explicit_gvpa_source_label	pending_competitive_gvpa_gvpj_verification
ref_001029	train	cluster_000119	133	c74d6e1106797b3a3d0f9f32beed9effd36b7ae2b05c5bc6ecb844e804aec026	data/raw/t05/gvpa/GvpA_NotPartial.fasta	WSJ01303|gvpA|protein	WSJ01303|gvpA|protein	explicit_gvpa_source_label	pending_competitive_gvpa_gvpj_verification
ref_001030	train	cluster_000110	136	e8960ef9f28cbd66312ca5b05698017849d55efa3f52f772b8ba262b8bcc76db	data/raw/t05/gvpa/GvpA_NotPartial.fasta	WSG36340|gvpA|protein	WSG36340|gvpA|protein	explicit_gvpa_source_label	pending_competitive_gvpa_gvpj_verification
ref_001031	train	cluster_000003	155	ab559af1ffee249b9549b06b7a0e03f68bf19bc47a00652b59719583773bf401	data/raw/t05/gvpa/GvpA_NotPartial.fasta	WSG27899|gvpA|protein	WSG27899|gvpA|protein	explicit_gvpa_source_label	pending_competitive_gvpa_gvpj_verification
ref_001032	train	cluster_000116	135	e10062d88e50908c95d32467f65133028c80139484c803365c9bce8aea466500	data/raw/t05/gvpa/GvpA_NotPartial.fasta	WSG57338|gvpA|protein	WSG57338|gvpA|protein	explicit_gvpa_source_label	pending_competitive_gvpa_gvpj_verification
ref_001033	test	cluster_000025	154	84b5083183d75de0f365a2ef8890f4d0856d6028e68b24f4ba69d2ae8f2cf419	data/raw/t05/gvpa/GvpA_NotPartial.fasta	WSF80833|gvpA|protein	WSF80833|gvpA|protein	explicit_gvpa_source_label	pending_competitive_gvpa_gvpj_verification
ref_001034	train	cluster_000030	155	25ee00a9c2b4e74f79dddf96434d433971716d5f11893c48c16e2298f089d9f2	data/raw/t05/gvpa/GvpA_NotPartial.fasta	WSA50400|gvpA|protein	WSA50400|gvpA|protein	explicit_gvpa_source_label	pending_competitive_gvpa_gvpj_verification
ref_001035	train	cluster_000006	159	e64c9f3350adefe5e2286fb43c937a1694783880222108ec4d4e661174ecb283	data/raw/t05/gvpa/GvpA_NotPartial.fasta	WSB20178|gvpA|protein	WSB20178|gvpA|protein	explicit_gvpa_source_label	pending_competitive_gvpa_gvpj_verification
ref_001036	train	cluster_000100	139	c17881a40bc443471c80c123e5835ec9b0762f0c28ad42403c37477b806aa4fb	data/raw/t05/gvpa/GvpA_NotPartial.fasta	WSA16079|gvpA|protein	WSA16079|gvpA|protein	explicit_gvpa_source_label	pending_competitive_gvpa_gvpj_verification
ref_001037	train	cluster_000020	156	9f6df4357b80feaba99b2ba53bb159f79268b232228ed70d93a9415cb3b0921a	data/raw/t05/gvpa/GvpA_NotPartial.fasta	WSA44165|gvpA|protein	WSA44165|gvpA|protein	explicit_gvpa_source_label	pending_competitive_gvpa_gvpj_verification
ref_001038	test	cluster_000011	155	31b4ab378929e0c134fa3e30ad8dc9c132145ff4ebd41c9917a31214252630f2	data/raw/t05/gvpa/GvpA_NotPartial.fasta	WRZ88263|gvpA|protein	WRZ88263|gvpA|protein	explicit_gvpa_source_label	pending_competitive_gvpa_gvpj_verification
ref_001039	train	cluster_000013	156	619107fa48650be1a768db3b7104edc348599f6ebace7a8862224cf94c9fe4bd	data/raw/t05/gvpa/GvpA_NotPartial.fasta	WRZ38336|gvpA|protein	WRZ38336|gvpA|protein	explicit_gvpa_source_label	pending_competitive_gvpa_gvpj_verification
ref_001040	train	cluster_000013	156	2f6261679e76a403b7de70718aabc364a5318a12e13b4dedc055c65f2350fec9	data/raw/t05/gvpa/GvpA_NotPartial.fasta	WRZ37882|gvpA|protein	WRZ37882|gvpA|protein	explicit_gvpa_source_label	pending_competitive_gvpa_gvpj_verification
ref_001041	train	cluster_000040	151	cbdc755c61207d00c902ba0c1788c6a05ea2d6e169819de36a5b18ba9a3eba03	data/raw/t05/gvpa/GvpA_NotPartial.fasta	WRY86001|gvpA|protein	WRY86001|gvpA|protein	explicit_gvpa_source_label	pending_competitive_gvpa_gvpj_verification
ref_001042	train	cluster_000318	72	d68abcca0d121eb6dd4f9bcc068b81d53a74962cb931c43cd414bfba836ed6e8	data/raw/t05/gvpa/GvpA_NotPartial.fasta	WRH65089|gvpA|protein	WRH65089|gvpA|protein	explicit_gvpa_source_label	pending_competitive_gvpa_gvpj_verification
ref_001043	train	cluster_000416	67	d565583d15eb6f192c5761839f38d47464b1db2d5e7452ae290140b6cf00e933	data/raw/t05/gvpa/GvpA_NotPartial.fasta	QUL99245|gvpA|protein	QUL99245|gvpA|protein	explicit_gvpa_source_label	pending_competitive_gvpa_gvpj_verification
ref_001044	train	cluster_000348	74	51a017c7ff97500f71b8cc37a06c698ef11be1326ea6263a19b0d6346a880783	data/raw/t05/gvpa/GvpA_NotPartial.fasta	WNZ64804|gvpA|protein	WNZ64804|gvpA|protein	explicit_gvpa_source_label	pending_competitive_gvpa_gvpj_verification
ref_001045	train	cluster_000085	143	48dbcd4ed98d41a9651a9e5de609f285c1f0c43c3f8a21fac606361f33ba067e	data/raw/t05/gvpa/GvpA_NotPartial.fasta	CAI7976625|gvpA|protein	CAI7976625|gvpA|protein	explicit_gvpa_source_label	pending_competitive_gvpa_gvpj_verification
ref_001046	train	cluster_000165	99	cc5b8e3667bee7376c85c96e25b0f21f12f9709697bdba377d1aa75580555864	data/raw/t05/gvpa/GvpA_NotPartial.fasta	WNG55795|gvpA|protein	WNG55795|gvpA|protein	explicit_gvpa_source_label	pending_competitive_gvpa_gvpj_verification
ref_001047	train	cluster_000359	72	9c9277ab558db757d72cbabe7f06a699df4f536c1b2a7f9669ab077692fbfbda	data/raw/t05/gvpa/GvpA_NotPartial.fasta	GIL19100|gvpA|protein	GIL19100|gvpA|protein	explicit_gvpa_source_label	pending_competitive_gvpa_gvpj_verification
ref_001048	train	cluster_000384	70	9d1e986876b41ef2d630bab0549feec753da10da9bee5c8f80d804af859159fc	data/raw/t05/gvpa/GvpA_NotPartial.fasta	GHO93516|gvpA|protein	GHO93516|gvpA|protein	explicit_gvpa_source_label	pending_competitive_gvpa_gvpj_verification
ref_001049	train	cluster_000338	76	bb529df5511214c3371c6ba40b7c3d42cabaa8fb1856cc621b98631d4fe75ab8	data/raw/t05/gvpa/GvpA_NotPartial.fasta	GHO83156|gvpA|protein	GHO83156|gvpA|protein	explicit_gvpa_source_label	pending_competitive_gvpa_gvpj_verification
ref_001050	train	cluster_000154	108	5db88465f7f6adfb12686974baf261cb42cde989ebbf1c8e79043a23ab24002b	data/raw/t05/gvpa/GvpA_NotPartial.fasta	GHG16607|gvpA|protein	GHG16607|gvpA|protein	explicit_gvpa_source_label	pending_competitive_gvpa_gvpj_verification
ref_001051	test	cluster_000254	86	f1aad1947e3e40ba965373345ad69bc7003a38f55210a9994105559c0f718711	data/raw/t05/gvpa/GvpA_NotPartial.fasta	GGB35698|gvpA|protein	GGB35698|gvpA|protein	explicit_gvpa_source_label	pending_competitive_gvpa_gvpj_verification
ref_001052	train	cluster_000339	76	2dee131e85e06a8f9fdd1f16d5b875342f538bb1ea66657c2b5608c2e467e2ae	data/raw/t05/gvpa/GvpA_NotPartial.fasta	GER86469|gvpA|protein	GER86469|gvpA|protein	explicit_gvpa_source_label	pending_competitive_gvpa_gvpj_verification
ref_001053	train	cluster_000328	76	0817890ddac6c1156cd631c70f7f9c8eb9ee598dcb1d44e1dfa102283643f641	data/raw/t05/gvpa/GvpA_NotPartial.fasta	GCE06047|gvpA|protein	GCE06047|gvpA|protein	explicit_gvpa_source_label	pending_competitive_gvpa_gvpj_verification
ref_001054	validation	cluster_000017	156	bbadf719897c45da08f00f3b5f1f3fcf48ea263b44d9048a5714c4e62a107b0c	data/raw/t05/gvpa/GvpA_NotPartial.fasta	GAO07967|gvpA|protein	GAO07967|gvpA|protein	explicit_gvpa_source_label	pending_competitive_gvpa_gvpj_verification
ref_001055	train	cluster_000066	146	16be3cd3d97ccaa2c7df3673a38aba6c6123df942540b93ca25dbb3f21523668	data/raw/t05/gvpa/GvpA_NotPartial.fasta	GAO07916|gvpA|protein	GAO07916|gvpA|protein	explicit_gvpa_source_label	pending_competitive_gvpa_gvpj_verification
ref_001056	train	cluster_000021	156	50e7ec50620e080551e3a582b0fc3d9f782f6fa052a4838ddd3c941e37302f2c	data/raw/t05/gvpa/GvpA_NotPartial.fasta	GAO11825|gvpA|protein	GAO11825|gvpA|protein	explicit_gvpa_source_label	pending_competitive_gvpa_gvpj_verification
ref_001057	train	cluster_000016	157	3eea95a610545d989cc1bc7224c0e0d3753a9bf6ed82145149be65b0951b1936	data/raw/t05/gvpa/GvpA_NotPartial.fasta	KAK1181699|gvpA|protein	KAK1181699|gvpA|protein	explicit_gvpa_source_label	pending_competitive_gvpa_gvpj_verification
ref_001058	train	cluster_000022	156	13ee99e71183bcf0111471c794073cd1a279d137f0bceb4cbb0ebcb2716406cc	data/raw/t05/gvpa/GvpA_NotPartial.fasta	KAK1177480|gvpA|protein	KAK1177480|gvpA|protein	explicit_gvpa_source_label	pending_competitive_gvpa_gvpj_verification
ref_001059	train	cluster_000140	121	dfa741bfaf88075b5cad15ff03f3a4bd4a938957483c9f9fea42e73849dfa68e	data/raw/t05/gvpa/GvpA_NotPartial.fasta	GAF45372|gvpA|protein	GAF45372|gvpA|protein	explicit_gvpa_source_label	pending_competitive_gvpa_gvpj_verification
ref_001060	train	cluster_000138	121	9c60a71de8a82fd3c0264b8a2946da85fabbf2ba3a05da79d0e22f6af12fc107	data/raw/t05/gvpa/GvpA_NotPartial.fasta	GAF45368|gvpA|protein	GAF45368|gvpA|protein	explicit_gvpa_source_label	pending_competitive_gvpa_gvpj_verification
ref_001061	train	cluster_000088	124	a1b20255bb0729dffa3b78365eecb9b7e778154d1e5ab8e546f302c86cfa7e9e	data/raw/t05/gvpa/GvpA_NotPartial.fasta	GAF45367|gvpA|protein	GAF45367|gvpA|protein	explicit_gvpa_source_label	pending_competitive_gvpa_gvpj_verification
ref_001062	train	cluster_000140	121	4d6d67ce0c869a337d6c7f70b6a169be666cc15533960b0467d072fe34f70d79	data/raw/t05/gvpa/GvpA_NotPartial.fasta	GAF46083|gvpA|protein	GAF46083|gvpA|protein	explicit_gvpa_source_label	pending_competitive_gvpa_gvpj_verification
ref_001063	test	cluster_000103	138	c6c6c9a5f7341498fda16b8ac46b8668b7706d52f2056e7f64698c5605a9e778	data/raw/t05/gvpa/GvpA_NotPartial.fasta	GAF46326|gvpA|protein	GAF46326|gvpA|protein	explicit_gvpa_source_label	pending_competitive_gvpa_gvpj_verification
ref_001064	test	cluster_000103	122	e6f75ee4612442ce5aa8a42f32b481fcd858baea8d435c1f391d72781607095d	data/raw/t05/gvpa/GvpA_NotPartial.fasta	GAF49024|gvpA|protein	GAF49024|gvpA|protein	explicit_gvpa_source_label	pending_competitive_gvpa_gvpj_verification
ref_001065	train	cluster_000129	129	1451c78833f55a393406e46a493dd966d46c97be0bfa049696fa61e99ac58156	data/raw/t05/gvpa/GvpA_NotPartial.fasta	GAC01520|gvpA|protein	GAC01520|gvpA|protein	explicit_gvpa_source_label	pending_competitive_gvpa_gvpj_verification
ref_001066	train	cluster_000228	86	07e2adee1b1c97951e611748646b5d9a029edc0983ec78fb5c8f6a844d87838c	data/raw/t05/gvpa/GvpA_NotPartial.fasta	WJV30592|gvpA|protein	WJV30592|gvpA|protein	explicit_gvpa_source_label	pending_competitive_gvpa_gvpj_verification
ref_001067	train	cluster_000124	132	049b976820314d6d1bbac00fc960f2299f655d8385df0ce87e09c0328619714a	data/raw/t05/gvpa/GvpA_NotPartial.fasta	WJJ13758|gvpA|protein	WJJ13758|gvpA|protein	explicit_gvpa_source_label	pending_competitive_gvpa_gvpj_verification
ref_001068	train	cluster_000057	148	f24e045327970281b5cd3a6621a48c3bb348a9ebf248eb2a2d9f696fdff3f874	data/raw/t05/gvpa/GvpA_NotPartial.fasta	ULN46847|gvpA|protein	ULN46847|gvpA|protein	explicit_gvpa_source_label	pending_competitive_gvpa_gvpj_verification
ref_001069	train	cluster_000155	105	1c790f352d60fc1050628d281382b64bb60cc1d46c7fbdf5323c09fad8bcee5f	data/raw/t05/gvpa/GvpA_NotPartial.fasta	GLY35594|gvpA|protein	GLY35594|gvpA|protein	explicit_gvpa_source_label	pending_competitive_gvpa_gvpj_verification
ref_001070	train	cluster_000293	86	426945d8cc00ec8955a1646dbeed14d6101d9b701a545ad72475714ad119e38e	data/raw/t05/gvpa/GvpA_NotPartial.fasta	UTE73172|gvpA|protein	UTE73172|gvpA|protein	explicit_gvpa_source_label	pending_competitive_gvpa_gvpj_verification
ref_001071	test	cluster_000302	85	e1d8e1d8d2f54947a961e47ae2b8a2f3d9e21221779701cb9a59026d90dfcb18	data/raw/t05/gvpa/GvpA_NotPartial.fasta	UTE73169|gvpA|protein	UTE73169|gvpA|protein	explicit_gvpa_source_label	pending_competitive_gvpa_gvpj_verification
ref_001072	test	cluster_000254	86	16f4d6984b9b4853b8488d2f00837aded0a0837a54e38fc9966fcd470df131ab	data/raw/t05/gvpa/GvpA_NotPartial.fasta	WFT75727|gvpA|protein	WFT75727|gvpA|protein	explicit_gvpa_source_label	pending_competitive_gvpa_gvpj_verification
ref_001073	test	cluster_000036	154	ebdc86196ce4e8d00cbf9ba38711d49948dea32e86053404b7bef7a590e2f72d	data/raw/t05/gvpa/GvpA_NotPartial.fasta	WFB05881|gvpA|protein	WFB05881|gvpA|protein	explicit_gvpa_source_label	pending_competitive_gvpa_gvpj_verification
ref_001074	train	cluster_000087	142	5c045ab07969cb21b0adc650d10e1f76e3eb17c96311c8130658a00ccf3eb10f	data/raw/t05/gvpa/GvpA_NotPartial.fasta	WEV78833|gvpA|protein	WEV78833|gvpA|protein	explicit_gvpa_source_label	pending_competitive_gvpa_gvpj_verification
ref_001075	train	cluster_000067	146	1ecba3351cb7c8c6d3e7ede9054328338a77f37abae1c23858b9814c9ac04ca7	data/raw/t05/gvpa/GvpA_NotPartial.fasta	WEV23940|gvpA|protein	WEV23940|gvpA|protein	explicit_gvpa_source_label	pending_competitive_gvpa_gvpj_verification
ref_001076	train	cluster_000043	151	da289e6aa9b0bf8de540f065269d06f49459873a9b3833cdd0594163557e434b	data/raw/t05/gvpa/GvpA_NotPartial.fasta	WEH26905|gvpA|protein	WEH26905|gvpA|protein	explicit_gvpa_source_label	pending_competitive_gvpa_gvpj_verification
ref_001077	train	cluster_000231	86	75f16cfcd7774084910314086a21ce49b2b8a929d88d1941e395b4f42a265f44	data/raw/t05/gvpa/GvpA_NotPartial.fasta	WEG16931|gvpA|protein	WEG16931|gvpA|protein	explicit_gvpa_source_label	pending_competitive_gvpa_gvpj_verification
ref_001078	train	cluster_000201	92	d27b0b4319762b785a390cb62ffdfa1d560037b77fe536d62498913f8063b82c	data/raw/t05/gvpa/GvpA_NotPartial.fasta	WEA42512|gvpA|protein	WEA42512|gvpA|protein	explicit_gvpa_source_label	pending_competitive_gvpa_gvpj_verification
ref_001079	train	cluster_000131	128	057e1cbe9c0aca38bc032bedb24b9c37910a154069de96aa158232492ad4969e	data/raw/t05/gvpa/GvpA_NotPartial.fasta	WDV55283|gvpA|protein	WDV55283|gvpA|protein	explicit_gvpa_source_label	pending_competitive_gvpa_gvpj_verification
ref_001080	validation	cluster_000017	157	234ee7db19bcd2cc0f1630cf366548d80bba5a2dc1fe9d0a807aebb36b390595	data/raw/t05/gvpa/GvpA_NotPartial.fasta	WDT53200|gvpA|protein	WDT53200|gvpA|protein	explicit_gvpa_source_label	pending_competitive_gvpa_gvpj_verification
ref_001081	train	cluster_000086	143	893590645f86143d64ac9d9cad0fe8cda08e44007089da57829e84c369bc2b45	data/raw/t05/gvpa/GvpA_NotPartial.fasta	QGY67124|gvpA|protein	QGY67124|gvpA|protein	explicit_gvpa_source_label	pending_competitive_gvpa_gvpj_verification
ref_001082	train	cluster_000136	123	d3ef836095f7ac1cead1d98d31c61ff54864238ee26542b0da8e867e56e6b1ee	data/raw/t05/gvpa/GvpA_NotPartial.fasta	WDO10602|gvpA|protein	WDO10602|gvpA|protein	explicit_gvpa_source_label	pending_competitive_gvpa_gvpj_verification
ref_001083	train	cluster_000358	74	f6a10f9036e40524b807447f90682a250b61d19c637a2badbde8ba40801c58fa	data/raw/t05/gvpa/GvpA_NotPartial.fasta	WBV43491|gvpA|protein	WBV43491|gvpA|protein	explicit_gvpa_source_label	pending_competitive_gvpa_gvpj_verification
ref_001084	train	cluster_000019	156	158c0216b95ce3304bfed35a0ee8cc2949c56511ab24bda79ffa63f1631f0140	data/raw/t05/gvpa/GvpA_NotPartial.fasta	WAU16295|gvpA|protein	WAU16295|gvpA|protein	explicit_gvpa_source_label	pending_competitive_gvpa_gvpj_verification
ref_001085	validation	cluster_000041	152	6ec46415f5fc553cea18aaf0315bbe4de3a8aea445a680c864c8d1790a407c51	data/raw/t05/gvpa/GvpA_NotPartial.fasta	WAX80261|gvpA|protein	WAX80261|gvpA|protein	explicit_gvpa_source_label	pending_competitive_gvpa_gvpj_verification
ref_001086	validation	cluster_000007	159	c9181ea046190022b014cb7fc613406a1af19f84db9877e048d4c02286c1df83	data/raw/t05/gvpa/GvpA_NotPartial.fasta	WAP57939|gvpA|protein	WAP57939|gvpA|protein	explicit_gvpa_source_label	pending_competitive_gvpa_gvpj_verification
ref_001087	train	cluster_000140	122	b00e08214202d9da45f30bb50e92bae31c4649152de2112d76fe233a0453dbc7	data/raw/t05/gvpa/GvpA_NotPartial.fasta	WAM16949|gvpA|protein	WAM16949|gvpA|protein	explicit_gvpa_source_label	pending_competitive_gvpa_gvpj_verification
ref_001088	test	cluster_000103	138	0b3dbbf8c77bc6a3554510365aead981ad8f38fbe0585b9f2674fc20d6dfdb68	data/raw/t05/gvpa/GvpA_NotPartial.fasta	WAM15102|gvpA|protein	WAM15102|gvpA|protein	explicit_gvpa_source_label	pending_competitive_gvpa_gvpj_verification
ref_001089	train	cluster_000140	121	a901ff8a401719052dfaa787f0206bda2fe5b931dd743aa439f2e39dc1850165	data/raw/t05/gvpa/GvpA_NotPartial.fasta	WAM14861|gvpA|protein	WAM14861|gvpA|protein	explicit_gvpa_source_label	pending_competitive_gvpa_gvpj_verification
ref_001090	train	cluster_000138	121	2a69a2d4282302622a856470c1202a1ca924d486dcb568ab30198008ae141cd7	data/raw/t05/gvpa/GvpA_NotPartial.fasta	WAM14857|gvpA|protein	WAM14857|gvpA|protein	explicit_gvpa_source_label	pending_competitive_gvpa_gvpj_verification
ref_001091	train	cluster_000147	115	5b77cb790e4257984be3f5fe0f83308d20a225669ae6b121ddf82ab9c73843f9	data/raw/t05/gvpa/GvpA_NotPartial.fasta	ALN77651|gvpA|protein	ALN77651|gvpA|protein	explicit_gvpa_source_label	pending_competitive_gvpa_gvpj_verification
ref_001092	train	cluster_000120	133	4b655799ef9e19953b56ab1a0b8027da55f99fd77de850a0c270d8016642a5dd	data/raw/t05/gvpa/GvpA_NotPartial.fasta	WAL68913|gvpA|protein	WAL68913|gvpA|protein	explicit_gvpa_source_label	pending_competitive_gvpa_gvpj_verification
ref_001093	train	cluster_000076	145	b777f719d06f5568d601eb6c513a16a406176bbbb7d5adb954a48353aa3d09e0	data/raw/t05/gvpa/GvpA_NotPartial.fasta	WAL76183|gvpA|protein	WAL76183|gvpA|protein	explicit_gvpa_source_label	pending_competitive_gvpa_gvpj_verification
ref_001094	train	cluster_000104	138	4a11e065ece6ad06443c4d44b97d6566513c93f9bebdcd388c54ff766d75c586	data/raw/t05/gvpa/GvpA_NotPartial.fasta	WAL48730|gvpA|protein	WAL48730|gvpA|protein	explicit_gvpa_source_label	pending_competitive_gvpa_gvpj_verification
ref_001095	train	cluster_000107	136	8ea71d3ab15e5cf268b147f59986a63ab493f41d0036f621f12c8f76f133d967	data/raw/t05/gvpa/GvpA_NotPartial.fasta	WAL46480|gvpA|protein	WAL46480|gvpA|protein	explicit_gvpa_source_label	pending_competitive_gvpa_gvpj_verification
ref_001096	train	cluster_000140	122	490b107cc056b2e69720a76679fcc67f1959c0c2d7153631fed6fb7ca5e4d8bf	data/raw/t05/gvpa/GvpA_NotPartial.fasta	QZS59445|gvpA|protein	QZS59445|gvpA|protein	explicit_gvpa_source_label	pending_competitive_gvpa_gvpj_verification
ref_001097	test	cluster_000103	137	f54587a3fcd451658c0d39f20649c556e150ea096e3db3b7cbf81f9550ceb988	data/raw/t05/gvpa/GvpA_NotPartial.fasta	QZS56483|gvpA|protein	QZS56483|gvpA|protein	explicit_gvpa_source_label	pending_competitive_gvpa_gvpj_verification
ref_001098	test	cluster_000103	122	194654d9295b42cca4e2729e4e25674a725a366bd640b7ba1836abf3a821a9ca	data/raw/t05/gvpa/GvpA_NotPartial.fasta	QZS56274|gvpA|protein	QZS56274|gvpA|protein	explicit_gvpa_source_label	pending_competitive_gvpa_gvpj_verification
ref_001099	train	cluster_000125	132	ad843ea9809d8148ba5da831735693bdc8c71f46ba556134ff3e43401f92f6c1	data/raw/t05/gvpa/GvpA_NotPartial.fasta	QJS10908|gvpA|protein	QJS10908|gvpA|protein	explicit_gvpa_source_label	pending_competitive_gvpa_gvpj_verification
ref_001100	train	cluster_000078	139	3e858629efd06bf33e52ca87ba17b78cd8085683f7a5f5a47e4d331c0c42914b	data/raw/t05/gvpa/GvpA_NotPartial.fasta	QJS09032|gvpA|protein	QJS09032|gvpA|protein	explicit_gvpa_source_label	pending_competitive_gvpa_gvpj_verification
ref_001101	train	cluster_000107	137	25f8dd28e9511c933322c57174f186bc422c18c0e97e640a746de970707bfe66	data/raw/t05/gvpa/GvpA_NotPartial.fasta	UZF45086|gvpA|protein	UZF45086|gvpA|protein	explicit_gvpa_source_label	pending_competitive_gvpa_gvpj_verification
ref_001102	train	cluster_000061	145	8bfb3056e00dc3525ee86889dad6377e8eb6accd3a327a53a7d5801ee1c40850	data/raw/t05/gvpa/GvpA_NotPartial.fasta	UZK57711|gvpA|protein	UZK57711|gvpA|protein	explicit_gvpa_source_label	pending_competitive_gvpa_gvpj_verification
ref_001103	train	cluster_000326	78	0e9e8ccae45355dc3f28017c3d12799d8de76faee41e6a387cc5d9cbc54f627e	data/raw/t05/gvpa/GvpA_NotPartial.fasta	UZJ78483|gvpA|protein	UZJ78483|gvpA|protein	explicit_gvpa_source_label	pending_competitive_gvpa_gvpj_verification
ref_001104	test	cluster_000103	122	83b8beb8a3b426da1be81f427b205ed17028b99c7cdc6494658a5b007da423c0	data/raw/t05/gvpa/GvpA_NotPartial.fasta	UZG59184|gvpA|protein	UZG59184|gvpA|protein	explicit_gvpa_source_label	pending_competitive_gvpa_gvpj_verification
ref_001105	train	cluster_000138	123	95f263427db9753867807c3bc66b2ff4a06170e0ff8a72257da11f08af129673	data/raw/t05/gvpa/GvpA_NotPartial.fasta	UZG58869|gvpA|protein	UZG58869|gvpA|protein	explicit_gvpa_source_label	pending_competitive_gvpa_gvpj_verification
ref_001106	train	cluster_000088	125	a1655bd7b808d51abef62d02156c44b70cf7fa70a2c8862a7b9d479457bbb4ed	data/raw/t05/gvpa/GvpA_NotPartial.fasta	UZG58868|gvpA|protein	UZG58868|gvpA|protein	explicit_gvpa_source_label	pending_competitive_gvpa_gvpj_verification
ref_001107	train	cluster_000080	144	7bdcd34808440e39807481e06e566bf90ef45c514350b324a9060bc6228f1ad9	data/raw/t05/gvpa/GvpA_NotPartial.fasta	UZD61660|gvpA|protein	UZD61660|gvpA|protein	explicit_gvpa_source_label	pending_competitive_gvpa_gvpj_verification
ref_001108	train	cluster_000201	92	752dd7ddb136b7ab5ad1fc9143aab6de80df0e038ccb4ffd14a6d4e4c5def3a1	data/raw/t05/gvpa/GvpA_NotPartial.fasta	UYT86641|gvpA|protein	UYT86641|gvpA|protein	explicit_gvpa_source_label	pending_competitive_gvpa_gvpj_verification
ref_001109	train	cluster_000107	137	1aeb097a28c863a862e47893fba7e73025976bb3a228c4c640b2ef60b1fad365	data/raw/t05/gvpa/GvpA_NotPartial.fasta	UYP18967|gvpA|protein	UYP18967|gvpA|protein	explicit_gvpa_source_label	pending_competitive_gvpa_gvpj_verification
ref_001110	train	cluster_000348	74	67932dce44a393cc5d41a1cf21299a35df270345f50883fcdd153fe6edbae429	data/raw/t05/gvpa/GvpA_NotPartial.fasta	UYI24884|gvpA|protein	UYI24884|gvpA|protein	explicit_gvpa_source_label	pending_competitive_gvpa_gvpj_verification
ref_001111	train	cluster_000094	136	4a95098f433ac14617bce2f5f17d41173d4ea0bba8f08c7fcebe4180207e25ec	data/raw/t05/gvpa/GvpA_NotPartial.fasta	UYF94575|gvpA|protein	UYF94575|gvpA|protein	explicit_gvpa_source_label	pending_competitive_gvpa_gvpj_verification
ref_001112	train	cluster_000126	132	e79f3223c0e51a4419c7159a208be6110a8fefc6df5837ef530cc34110738fd3	data/raw/t05/gvpa/GvpA_NotPartial.fasta	UXY39821|gvpA|protein	UXY39821|gvpA|protein	explicit_gvpa_source_label	pending_competitive_gvpa_gvpj_verification
ref_001113	train	cluster_000142	120	b0e9e51b3bfaca065301fc71d934af351112074540b2e341455393a85c94f637	data/raw/t05/gvpa/GvpA_NotPartial.fasta	UXV42771|gvpA|protein	UXV42771|gvpA|protein	explicit_gvpa_source_label	pending_competitive_gvpa_gvpj_verification
ref_001114	validation	cluster_000150	112	37d7954f2ba849ee9a13c4bb70d41a45bb29a2ffde5749094fb49dc96cd6a26a	data/raw/t05/gvpa/GvpA_NotPartial.fasta	UXV34675|gvpA|protein	UXV34675|gvpA|protein	explicit_gvpa_source_label	pending_competitive_gvpa_gvpj_verification
ref_001115	train	cluster_000147	115	cb92aed15bdbfa6f94748ba3c268da5661ca56d1790c3c3bff90f55009d34d0d	data/raw/t05/gvpa/GvpA_NotPartial.fasta	UXU66582|gvpA|protein	UXU66582|gvpA|protein	explicit_gvpa_source_label	pending_competitive_gvpa_gvpj_verification
ref_001116	train	cluster_000147	115	7aeb2efcf40db3e46e7ee8b735cfec6cdac45445d87f0e3b4789a1ded0f902bc	data/raw/t05/gvpa/GvpA_NotPartial.fasta	UXS67867|gvpA|protein	UXS67867|gvpA|protein	explicit_gvpa_source_label	pending_competitive_gvpa_gvpj_verification
ref_001117	train	cluster_000318	71	95a5abf872e631139217498d65e34b4e4004b8e4b6f387d25fc00c89cf15c59f	data/raw/t05/gvpa/GvpA_NotPartial.fasta	UXE62282|gvpA|protein	UXE62282|gvpA|protein	explicit_gvpa_source_label	pending_competitive_gvpa_gvpj_verification
ref_001118	train	cluster_000136	123	d93f2e1e8fed25eda55f2e54aed4fecc73c8b33129e32b73ead2b77c05bff766	data/raw/t05/gvpa/GvpA_NotPartial.fasta	UWW92593|gvpA|protein	UWW92593|gvpA|protein	explicit_gvpa_source_label	pending_competitive_gvpa_gvpj_verification
ref_001119	train	cluster_000140	121	96462335ed2439837985639b62f60e5116cb73f41514a7ceb1425d814a76c292	data/raw/t05/gvpa/GvpA_NotPartial.fasta	QSE86850|gvpA|protein	QSE86850|gvpA|protein	explicit_gvpa_source_label	pending_competitive_gvpa_gvpj_verification
ref_001120	train	cluster_000138	121	276fe76ab836731f2d2fefc13795033fd89ca0179437e0c9ec8525b4d7743cef	data/raw/t05/gvpa/GvpA_NotPartial.fasta	QSE86841|gvpA|protein	QSE86841|gvpA|protein	explicit_gvpa_source_label	pending_competitive_gvpa_gvpj_verification
ref_001121	train	cluster_000088	137	677429b5c213ba9473a5bace62c444ff1c7c7bfc65f351371321e58c4192f3d1	data/raw/t05/gvpa/GvpA_NotPartial.fasta	QSE86840|gvpA|protein	QSE86840|gvpA|protein	explicit_gvpa_source_label	pending_competitive_gvpa_gvpj_verification
ref_001122	train	cluster_000128	131	c0da453357697c088275e6f609c76df76d0d4bf6991488f0cf934a8545cf07b8	data/raw/t05/gvpa/GvpA_NotPartial.fasta	QSE82942|gvpA|protein	QSE82942|gvpA|protein	explicit_gvpa_source_label	pending_competitive_gvpa_gvpj_verification
ref_001123	train	cluster_000134	127	fef6ccaa9b3233e46f079f1aaab5645eda36c4df6a73e8369857bda1976dc5dc	data/raw/t05/gvpa/GvpA_NotPartial.fasta	QSE82207|gvpA|protein	QSE82207|gvpA|protein	explicit_gvpa_source_label	pending_competitive_gvpa_gvpj_verification
ref_001124	train	cluster_000140	122	97c619177bea2c666834bf60ca85afad992e082e89250a7d7080b0fdd3bfc17f	data/raw/t05/gvpa/GvpA_NotPartial.fasta	QSE82200|gvpA|protein	QSE82200|gvpA|protein	explicit_gvpa_source_label	pending_competitive_gvpa_gvpj_verification
ref_001125	train	cluster_000140	122	88aac7f04fbc033600c5d26afe2ec10a91967bbdf9a87a958c0aeadbe5e9b759	data/raw/t05/gvpa/GvpA_NotPartial.fasta	QSE81337|gvpA|protein	QSE81337|gvpA|protein	explicit_gvpa_source_label	pending_competitive_gvpa_gvpj_verification
ref_001126	test	cluster_000103	138	a992b4345d901f6ad67d0800ecebe6a0dea678ec926049511dac47372b26356a	data/raw/t05/gvpa/GvpA_NotPartial.fasta	QSE77975|gvpA|protein	QSE77975|gvpA|protein	explicit_gvpa_source_label	pending_competitive_gvpa_gvpj_verification
ref_001127	train	cluster_000140	122	14eaddbb6f4ac252e67877e62096d92bae16142b2566df312c77a89f502a98d6	data/raw/t05/gvpa/GvpA_NotPartial.fasta	QSE77786|gvpA|protein	QSE77786|gvpA|protein	explicit_gvpa_source_label	pending_competitive_gvpa_gvpj_verification
ref_001128	train	cluster_000088	137	21445f81bd709996cb4c27fd2dfa637e0cd7a4efb3b5b5b0bfa02e40d4db7146	data/raw/t05/gvpa/GvpA_NotPartial.fasta	QSE77781|gvpA|protein	QSE77781|gvpA|protein	explicit_gvpa_source_label	pending_competitive_gvpa_gvpj_verification
ref_001129	train	cluster_000138	121	3578e9166bb2ea6b7aa7654894c80c728677d733357a1617217a55c82ab80cd5	data/raw/t05/gvpa/GvpA_NotPartial.fasta	QSE77780|gvpA|protein	QSE77780|gvpA|protein	explicit_gvpa_source_label	pending_competitive_gvpa_gvpj_verification
ref_001130	test	cluster_000103	136	ce67780828ddbb2c93cfbf709fa3c2aac3deb06fa4b2c214eddd26e4135b5c23	data/raw/t05/gvpa/GvpA_NotPartial.fasta	QSE95107|gvpA|protein	QSE95107|gvpA|protein	explicit_gvpa_source_label	pending_competitive_gvpa_gvpj_verification
ref_001131	train	cluster_000140	120	62eb49c878ad7ce0be56795dd423ebfd464901d060ebfa98a7d8d4362fc5ee6a	data/raw/t05/gvpa/GvpA_NotPartial.fasta	QSE94814|gvpA|protein	QSE94814|gvpA|protein	explicit_gvpa_source_label	pending_competitive_gvpa_gvpj_verification
ref_001132	train	cluster_000088	142	05aec1de9ccb8917908680b4c6690568bea0354f61fdc2dca7cee34a1619a40f	data/raw/t05/gvpa/GvpA_NotPartial.fasta	QSE89872|gvpA|protein	QSE89872|gvpA|protein	explicit_gvpa_source_label	pending_competitive_gvpa_gvpj_verification
ref_001133	train	cluster_000143	120	0b443f112af31da4c521724d4819cb6dc06acd1adfc997832b1124e0f028b81d	data/raw/t05/gvpa/GvpA_NotPartial.fasta	QSE89870|gvpA|protein	QSE89870|gvpA|protein	explicit_gvpa_source_label	pending_competitive_gvpa_gvpj_verification
ref_001134	train	cluster_000078	139	38c50a9f5c23bd9138cfd0ef15520aa36d2219b6f702ebc97149c9a31425b720	data/raw/t05/gvpa/GvpA_NotPartial.fasta	UVT12667|gvpA|protein	UVT12667|gvpA|protein	explicit_gvpa_source_label	pending_competitive_gvpa_gvpj_verification
ref_001135	train	cluster_000080	144	5db4f89b8985994be8c6c9b47acf47760e0dfdda7b5c138cdb46033567f95587	data/raw/t05/gvpa/GvpA_NotPartial.fasta	UVI35343|gvpA|protein	UVI35343|gvpA|protein	explicit_gvpa_source_label	pending_competitive_gvpa_gvpj_verification
ref_001136	train	cluster_000121	133	81fe8a6c5a2a9f1f516dfbb40f7804cabc783bd1ef8ff9f8baae845d25abd55b	data/raw/t05/gvpa/GvpA_NotPartial.fasta	UUS29594|gvpA|protein	UUS29594|gvpA|protein	explicit_gvpa_source_label	pending_competitive_gvpa_gvpj_verification
ref_001137	train	cluster_000088	125	614ee05c12fc168e53ed7215537ef65b27aa54db0ecbd0cdf5ab3008a653b85a	data/raw/t05/gvpa/GvpA_NotPartial.fasta	UOT07260|gvpA|protein	UOT07260|gvpA|protein	explicit_gvpa_source_label	pending_competitive_gvpa_gvpj_verification
ref_001138	train	cluster_000140	122	9b1b09a459a6ac047caba9de201cb4e501c2740f557809a2713f61b93c00c267	data/raw/t05/gvpa/GvpA_NotPartial.fasta	UOT04069|gvpA|protein	UOT04069|gvpA|protein	explicit_gvpa_source_label	pending_competitive_gvpa_gvpj_verification
ref_001139	test	cluster_000103	125	1722f0f85deef45697a7bf63a0a67d3a192064dfc358aa1c323815e98d0ae1b9	data/raw/t05/gvpa/GvpA_NotPartial.fasta	UOT01462|gvpA|protein	UOT01462|gvpA|protein	explicit_gvpa_source_label	pending_competitive_gvpa_gvpj_verification
ref_001140	train	cluster_000118	122	9d028f688f23701e4c2b706eca4076ef3e14615f6ea270ed1579580d7e44df51	data/raw/t05/gvpa/GvpA_NotPartial.fasta	UOT00987|gvpA|protein	UOT00987|gvpA|protein	explicit_gvpa_source_label	pending_competitive_gvpa_gvpj_verification
ref_001141	train	cluster_000104	124	8ef96f328be5cf2ac1efa772f025ea2d828b68d14d556faa69384f870c3e1a2d	data/raw/t05/gvpa/GvpA_NotPartial.fasta	UTT50675|gvpA|protein	UTT50675|gvpA|protein	explicit_gvpa_source_label	pending_competitive_gvpa_gvpj_verification
ref_001142	train	cluster_000107	137	1cc68774b93a831e1a935eaf2415c472a5f058450211ee5ed86c0a1037cfc92e	data/raw/t05/gvpa/GvpA_NotPartial.fasta	UTT48597|gvpA|protein	UTT48597|gvpA|protein	explicit_gvpa_source_label	pending_competitive_gvpa_gvpj_verification
ref_001143	train	cluster_000135	123	3b18df9990357338331ace1968a8dd7edebc544cab440ddcb0a9f68c5c0c58e1	data/raw/t05/gvpa/GvpA_NotPartial.fasta	UTP37086|gvpA|protein	UTP37086|gvpA|protein	explicit_gvpa_source_label	pending_competitive_gvpa_gvpj_verification
ref_001144	train	cluster_000059	147	baa6b104c739419a55bfad93a6f62c8fb45469593f933f4777b8b180196495e1	data/raw/t05/gvpa/GvpA_NotPartial.fasta	UTP29213|gvpA|protein	UTP29213|gvpA|protein	explicit_gvpa_source_label	pending_competitive_gvpa_gvpj_verification
ref_001145	test	cluster_000302	85	861aafc294a955cecd2e8aa021efbea89c4ff50540a59e4da72bffee0f1353b8	data/raw/t05/gvpa/GvpA_NotPartial.fasta	USK92028|gvpA|protein	USK92028|gvpA|protein	explicit_gvpa_source_label	pending_competitive_gvpa_gvpj_verification
ref_001146	train	cluster_000200	86	9b2a86e0f5de235d8cf52558cde6df4b781cc1f877562038ef4e9a43cd99efc3	data/raw/t05/gvpa/GvpA_NotPartial.fasta	USK34280|gvpA|protein	USK34280|gvpA|protein	explicit_gvpa_source_label	pending_competitive_gvpa_gvpj_verification
ref_001147	train	cluster_000228	89	31b58a77b806c43147b8710dffbe2aa9463b06d3c57ae16443b8a8950509ab8c	data/raw/t05/gvpa/GvpA_NotPartial.fasta	USK34277|gvpA|protein	USK34277|gvpA|protein	explicit_gvpa_source_label	pending_competitive_gvpa_gvpj_verification
ref_001148	train	cluster_000200	86	9e9838f9103591942aeedf4afb3a8d31f08778fcde32fce54f61fcdb0b0dc016	data/raw/t05/gvpa/GvpA_NotPartial.fasta	USK29051|gvpA|protein	USK29051|gvpA|protein	explicit_gvpa_source_label	pending_competitive_gvpa_gvpj_verification
ref_001149	train	cluster_000228	89	d3c6f8adf24bb50b5677beb00b62024c0a840888b81d68436e48442995fdd236	data/raw/t05/gvpa/GvpA_NotPartial.fasta	USK29048|gvpA|protein	USK29048|gvpA|protein	explicit_gvpa_source_label	pending_competitive_gvpa_gvpj_verification
ref_001150	validation	cluster_000017	154	eac8d42dcf851f8eb6d8e6d157d9202b4157f06d3f5722da88eec6eb15d21516	data/raw/t05/gvpa/GvpA_NotPartial.fasta	USA05447|gvpA|protein	USA05447|gvpA|protein	explicit_gvpa_source_label	pending_competitive_gvpa_gvpj_verification
ref_001151	train	cluster_000058	148	575a3ddb97ad6997411f8babd11bc09c4de70bf165dbcaddc2bc306b3ddfc191	data/raw/t05/gvpa/GvpA_NotPartial.fasta	CAG7645962|gvpA|protein	CAG7645962|gvpA|protein	explicit_gvpa_source_label	pending_competitive_gvpa_gvpj_verification
ref_001152	test	cluster_000132	127	dabe1f4728c04495925e0f9270a5657a7770fb004a500ebd6cd83d02fc54442f	data/raw/t05/gvpa/GvpA_NotPartial.fasta	URN18430|gvpA|protein	URN18430|gvpA|protein	explicit_gvpa_source_label	pending_competitive_gvpa_gvpj_verification
ref_001153	validation	cluster_000069	145	5fe0328494dc254c515b151224ced5890975857b4eb01359ed24836ccf9c4e0b	data/raw/t05/gvpa/GvpA_NotPartial.fasta	URN04122|gvpA|protein	URN04122|gvpA|protein	explicit_gvpa_source_label	pending_competitive_gvpa_gvpj_verification
ref_001154	test	cluster_000132	128	2020b232078a08b4fb2ba23c5957f8f9390b6f6b8f9bf83e50c07d8ad197a4f4	data/raw/t05/gvpa/GvpA_NotPartial.fasta	URM92448|gvpA|protein	URM92448|gvpA|protein	explicit_gvpa_source_label	pending_competitive_gvpa_gvpj_verification
ref_001155	validation	cluster_000111	136	438c70c6875cb7fc8740cef9d78954de9ef17fb674afe443e67ee3f25ab4eb1e	data/raw/t05/gvpa/GvpA_NotPartial.fasta	UQB73902|gvpA|protein	UQB73902|gvpA|protein	explicit_gvpa_source_label	pending_competitive_gvpa_gvpj_verification
ref_001156	train	cluster_000094	140	495c2735bcdc48076ab650d642331359242e43e96bdc724fdf700722933826ad	data/raw/t05/gvpa/GvpA_NotPartial.fasta	UQB72796|gvpA|protein	UQB72796|gvpA|protein	explicit_gvpa_source_label	pending_competitive_gvpa_gvpj_verification
ref_001157	train	cluster_000003	159	82b87d3bb03732004ea1990715264711abd0cd34b6a722226d77d45ff12c49c6	data/raw/t05/gvpa/GvpA_NotPartial.fasta	UPZ28683|gvpA|protein	UPZ28683|gvpA|protein	explicit_gvpa_source_label	pending_competitive_gvpa_gvpj_verification
ref_001158	train	cluster_000124	132	d51344965969dceb66397bf615a7d135123d4b108438c650ac71d9bde3a18e3d	data/raw/t05/gvpa/GvpA_NotPartial.fasta	UNQ37791|gvpA|protein	UNQ37791|gvpA|protein	explicit_gvpa_source_label	pending_competitive_gvpa_gvpj_verification
ref_001159	train	cluster_000131	128	a35562a6d386286458f3f64c5f980660047b7458dc43cc950c941b3ef0e27128	data/raw/t05/gvpa/GvpA_NotPartial.fasta	UOB15569|gvpA|protein	UOB15569|gvpA|protein	explicit_gvpa_source_label	pending_competitive_gvpa_gvpj_verification
ref_001160	train	cluster_000109	136	e94fe6c2cd879bdd36af2700e2bcfcce0fe6c30ed31a5c31122332b7b4b4b457	data/raw/t05/gvpa/GvpA_NotPartial.fasta	UNZ20179|gvpA|protein	UNZ20179|gvpA|protein	explicit_gvpa_source_label	pending_competitive_gvpa_gvpj_verification
ref_001161	train	cluster_000140	122	93f54d1ba2a517138e6d1da988645d9f0fe7755601c094b3cf4243b2ffb24e1d	data/raw/t05/gvpa/GvpA_NotPartial.fasta	UNM98676|gvpA|protein	UNM98676|gvpA|protein	explicit_gvpa_source_label	pending_competitive_gvpa_gvpj_verification
ref_001162	train	cluster_000294	86	5a65931304c85af4f9a6a8601ff381e882ea89409a4bc331451f79f09290c2a5	data/raw/t05/gvpa/GvpA_NotPartial.fasta	UNL86342|gvpA|protein	UNL86342|gvpA|protein	explicit_gvpa_source_label	pending_competitive_gvpa_gvpj_verification
ref_001163	validation	cluster_000266	87	293e1b872cd54d43e73bc8e3767bce8f873a68ea2121c0dbb9c597cef3c7d480	data/raw/t05/gvpa/GvpA_NotPartial.fasta	ULT55714|gvpA|protein	ULT55714|gvpA|protein	explicit_gvpa_source_label	pending_competitive_gvpa_gvpj_verification
ref_001164	test	cluster_000302	85	72774f3330f715fae40167c5908fe22bce041ba01f9d5aab707701da56e39434	data/raw/t05/gvpa/GvpA_NotPartial.fasta	UKS65176|gvpA|protein	UKS65176|gvpA|protein	explicit_gvpa_source_label	pending_competitive_gvpa_gvpj_verification
ref_001165	test	cluster_000095	140	43e7561c7d05facf2895cca6f3c3c6e2a202e91eb37ce64eb2826529f182a684	data/raw/t05/gvpa/GvpA_NotPartial.fasta	QUX23196|gvpA|protein	QUX23196|gvpA|protein	explicit_gvpa_source_label	pending_competitive_gvpa_gvpj_verification
ref_001166	validation	cluster_000242	86	ba64cf7825cd36a3f8b7950863533515132c06bc5ea3e8c16b6b8e17740e07a2	data/raw/t05/gvpa/GvpA_NotPartial.fasta	UJL47059|gvpA|protein	UJL47059|gvpA|protein	explicit_gvpa_source_label	pending_competitive_gvpa_gvpj_verification
ref_001167	test	cluster_000023	156	e1f5f0f2180e18c35aa77a97e2118fee01ee32bcec70bfa5e2781b97d1793da7	data/raw/t05/gvpa/GvpA_NotPartial.fasta	UJA19453|gvpA|protein	UJA19453|gvpA|protein	explicit_gvpa_source_label	pending_competitive_gvpa_gvpj_verification
ref_001168	test	cluster_000096	140	6da5911cb6f5dbfefd0937614a7444802aea96661349bd116a94127e6fe33491	data/raw/t05/gvpa/GvpA_NotPartial.fasta	UJA13684|gvpA|protein	UJA13684|gvpA|protein	explicit_gvpa_source_label	pending_competitive_gvpa_gvpj_verification
ref_001169	validation	cluster_000111	135	942bc0624c6f9016a4036b5d098d15bda7f75fcc9095d79accc6a330fee570d5	data/raw/t05/gvpa/GvpA_NotPartial.fasta	UIR37060|gvpA|protein	UIR37060|gvpA|protein	explicit_gvpa_source_label	pending_competitive_gvpa_gvpj_verification
ref_001170	train	cluster_000094	137	f4f90ca0708a5faa9c5b2bd5ea4357a36aed984fdf2a5337250963afd8b178a6	data/raw/t05/gvpa/GvpA_NotPartial.fasta	UIR35885|gvpA|protein	UIR35885|gvpA|protein	explicit_gvpa_source_label	pending_competitive_gvpa_gvpj_verification
ref_001171	test	cluster_000108	137	15e32a2edd6bff0d07849a52374c60eb3d5bd1d9e3c285f616856865392aa17f	data/raw/t05/gvpa/GvpA_NotPartial.fasta	UGT65683|gvpA|protein	UGT65683|gvpA|protein	explicit_gvpa_source_label	pending_competitive_gvpa_gvpj_verification
ref_001172	train	cluster_000107	137	0e118acdc2771e80b4ea40e4568be213694b4a93066053194c8ff76600b7631d	data/raw/t05/gvpa/GvpA_NotPartial.fasta	UGQ58408|gvpA|protein	UGQ58408|gvpA|protein	explicit_gvpa_source_label	pending_competitive_gvpa_gvpj_verification
ref_001173	validation	cluster_000062	147	d8ac85c1e2427ebd2b9e638f9cb4216daa438ae2d8862811ccb10a63bd503e7f	data/raw/t05/gvpa/GvpA_NotPartial.fasta	QXJ19741|gvpA|protein	QXJ19741|gvpA|protein	explicit_gvpa_source_label	pending_competitive_gvpa_gvpj_verification
ref_001174	validation	cluster_000018	156	240500bb8aaece16c8a75fd1d1cf674532e0e6eb7dfc4d06a226490a7bc70c75	data/raw/t05/gvpa/GvpA_NotPartial.fasta	UEG89562|gvpA|protein	UEG89562|gvpA|protein	explicit_gvpa_source_label	pending_competitive_gvpa_gvpj_verification
ref_001175	validation	cluster_000038	153	93fc211ea4b34cbb875026509884d43be1642502a001de29bc657940ba5ea750	data/raw/t05/gvpa/GvpA_NotPartial.fasta	UDL97234|gvpA|protein	UDL97234|gvpA|protein	explicit_gvpa_source_label	pending_competitive_gvpa_gvpj_verification
ref_001176	train	cluster_000137	126	6941eadb95ed4bfec34a62a2a7b7330c574b1d7907d9b1bae481b45cbad99ab7	data/raw/t05/gvpa/GvpA_NotPartial.fasta	UDL97050|gvpA|protein	UDL97050|gvpA|protein	explicit_gvpa_source_label	pending_competitive_gvpa_gvpj_verification
ref_001177	train	cluster_000044	151	36827e11a82ffe4606640d17dad8a7c9d14d738f0d01c12f842d3508586b336b	data/raw/t05/gvpa/GvpA_NotPartial.fasta	UCM87006|gvpA|protein	UCM87006|gvpA|protein	explicit_gvpa_source_label	pending_competitive_gvpa_gvpj_verification
ref_001178	test	cluster_000024	156	a780429eddf249c23975b56a9668b2a322a73d599c0b18bae063ac6f026f4a50	data/raw/t05/gvpa/GvpA_NotPartial.fasta	UBU14556|gvpA|protein	UBU14556|gvpA|protein	explicit_gvpa_source_label	pending_competitive_gvpa_gvpj_verification
ref_001179	test	cluster_000108	136	2f6b62c5722bcacabd8e9a74967ad765236922ec0dc735ad65edb568da95afe3	data/raw/t05/gvpa/GvpA_NotPartial.fasta	UAK35078|gvpA|protein	UAK35078|gvpA|protein	explicit_gvpa_source_label	pending_competitive_gvpa_gvpj_verification
ref_001180	train	cluster_000092	141	2ac756cb783ba8cf7947cca5528ed33ce68b2c287395b815d4b8eea6bde53401	data/raw/t05/gvpa/GvpA_NotPartial.fasta	QZZ32569|gvpA|protein	QZZ32569|gvpA|protein	explicit_gvpa_source_label	pending_competitive_gvpa_gvpj_verification
ref_001181	train	cluster_000012	157	8bf5071aed606f94333c40e1154f7bf277018881c63235d9d51a9dbff1df8710	data/raw/t05/gvpa/GvpA_NotPartial.fasta	QZY14285|gvpA|protein	QZY14285|gvpA|protein	explicit_gvpa_source_label	pending_competitive_gvpa_gvpj_verification
ref_001182	train	cluster_000002	158	833997551203b7f90ae0e9d167bbef6ce157f99a88d0b932113dc2cbf0a15cf8	data/raw/t05/gvpa/GvpA_NotPartial.fasta	QDO37243|gvpA|protein	QDO37243|gvpA|protein	explicit_gvpa_source_label	pending_competitive_gvpa_gvpj_verification
ref_001183	train	cluster_000130	129	0ebe1baa66ad5d5cb8607d42e8fc713fc3899cf25aa348616b2a45f1003c8c9e	data/raw/t05/gvpa/GvpA_NotPartial.fasta	QYN38089|gvpA|protein	QYN38089|gvpA|protein	explicit_gvpa_source_label	pending_competitive_gvpa_gvpj_verification
ref_001184	validation	cluster_000127	132	f857f47b85a0e9d56172baf2dcfab1ec54c32e1a3aa1f5e422c24e3203ab209f	data/raw/t05/gvpa/GvpA_NotPartial.fasta	QYN18622|gvpA|protein	QYN18622|gvpA|protein	explicit_gvpa_source_label	pending_competitive_gvpa_gvpj_verification
ref_001185	train	cluster_000140	120	5dfa27bda2e1f6e4c411b6857f048394bcd9c2d17c4d60368b53f89627262ca0	data/raw/t05/gvpa/GvpA_NotPartial.fasta	QYB04743|gvpA|protein	QYB04743|gvpA|protein	explicit_gvpa_source_label	pending_competitive_gvpa_gvpj_verification
ref_001186	train	cluster_000143	120	aa0a61561315386ac57d6c8ff3d536816e2bb1f84c94c1680143a5d5726cd597	data/raw/t05/gvpa/GvpA_NotPartial.fasta	QYB02727|gvpA|protein	QYB02727|gvpA|protein	explicit_gvpa_source_label	pending_competitive_gvpa_gvpj_verification
ref_001187	train	cluster_000088	141	f5798c1d664fe6d4faa55d9f9ca1a49531fc51ca59a1dc0e5005797e25d60a85	data/raw/t05/gvpa/GvpA_NotPartial.fasta	QYB02725|gvpA|protein	QYB02725|gvpA|protein	explicit_gvpa_source_label	pending_competitive_gvpa_gvpj_verification
ref_001188	train	cluster_000134	127	6f39269f430d826538e8ed95236e30f822c02b622c427edda07da1116e7611cc	data/raw/t05/gvpa/GvpA_NotPartial.fasta	QYA99969|gvpA|protein	QYA99969|gvpA|protein	explicit_gvpa_source_label	pending_competitive_gvpa_gvpj_verification
ref_001189	train	cluster_000140	121	959b710d458909b25f21e49fb3e46f356e6f432728c0c16675cf46e5c710ded1	data/raw/t05/gvpa/GvpA_NotPartial.fasta	QYA99671|gvpA|protein	QYA99671|gvpA|protein	explicit_gvpa_source_label	pending_competitive_gvpa_gvpj_verification
ref_001190	train	cluster_000088	138	f44c857654f488ee7ad6fb29585dffc979b529588fb2a61f95a91fd555fd8521	data/raw/t05/gvpa/GvpA_NotPartial.fasta	QYA99660|gvpA|protein	QYA99660|gvpA|protein	explicit_gvpa_source_label	pending_competitive_gvpa_gvpj_verification
ref_001191	test	cluster_000103	136	f9153534fd162239df4c28e8b127fdfc6f459d0e8b2e9070f7cc81fa378599db	data/raw/t05/gvpa/GvpA_NotPartial.fasta	QXW04748|gvpA|protein	QXW04748|gvpA|protein	explicit_gvpa_source_label	pending_competitive_gvpa_gvpj_verification
ref_001192	test	cluster_000025	156	1cefe08dae83aa5bd96d5c9b9bd24c393c1f652249ff602956f86a2b0c2b46d9	data/raw/t05/gvpa/GvpA_NotPartial.fasta	QXR01077|gvpA|protein	QXR01077|gvpA|protein	explicit_gvpa_source_label	pending_competitive_gvpa_gvpj_verification
ref_001193	train	cluster_000107	120	6bca999a70c09bc7d8d369d3f8d1e1aac0153fbfbee4f197b0d3793866cfff0b	data/raw/t05/gvpa/GvpA_NotPartial.fasta	QXF83806|gvpA|protein	QXF83806|gvpA|protein	explicit_gvpa_source_label	pending_competitive_gvpa_gvpj_verification
ref_001194	train	cluster_000052	149	d1717d58239a48d6df6a814099de9a54fbd7f0234f2930a239e86e408e1361ae	data/raw/t05/gvpa/GvpA_NotPartial.fasta	QPP09651|gvpA|protein	QPP09651|gvpA|protein	explicit_gvpa_source_label	pending_competitive_gvpa_gvpj_verification
ref_001195	train	cluster_000293	86	98510cc23b6e65ce4afaa9ef0aac7dd1f24e06cc2e132a86848129e35faba0e3	data/raw/t05/gvpa/GvpA_NotPartial.fasta	QWC22771|gvpA|protein	QWC22771|gvpA|protein	explicit_gvpa_source_label	pending_competitive_gvpa_gvpj_verification
ref_001196	train	cluster_000093	141	dda4548fde968a05b6df8456c9b9332f22efb4e789588942ec227b681974452c	data/raw/t05/gvpa/GvpA_NotPartial.fasta	QWA20925|gvpA|protein	QWA20925|gvpA|protein	explicit_gvpa_source_label	pending_competitive_gvpa_gvpj_verification
ref_001197	train	cluster_000056	139	55802cc1c7918b91c298790d7b83918135c897e3b2e614ea64f0e15ee7124dd9	data/raw/t05/gvpa/GvpA_NotPartial.fasta	QWA20403|gvpA|protein	QWA20403|gvpA|protein	explicit_gvpa_source_label	pending_competitive_gvpa_gvpj_verification
ref_001198	validation	cluster_000101	139	fd0fbb7fdb870f3d334b95549ba175e3e4fc5894608f48aea8c8f3dd8c084aee	data/raw/t05/gvpa/GvpA_NotPartial.fasta	BCM70661|gvpA|protein	BCM70661|gvpA|protein	explicit_gvpa_source_label	pending_competitive_gvpa_gvpj_verification
ref_001199	train	cluster_000304	77	63a459194d6b4339d8bf814e76f0ac33b9d16532c77a479f1eed33164d7e7ffe	data/raw/t05/gvpa/GvpA_NotPartial.fasta	QUW20519|gvpA|protein	QUW20519|gvpA|protein	explicit_gvpa_source_label	pending_competitive_gvpa_gvpj_verification
ref_001200	train	cluster_000090	141	1928e65272069bd9fa510db007191108443828c31f2656fea90ef95f5a182aa7	data/raw/t05/gvpa/GvpA_NotPartial.fasta	QUI34830|gvpA|protein	QUI34830|gvpA|protein	explicit_gvpa_source_label	pending_competitive_gvpa_gvpj_verification
ref_001201	train	cluster_000081	144	cabc629dd821e7c45393a6456158aeb7cae073e86b43f17cd4c754d071a405c4	data/raw/t05/gvpa/GvpA_NotPartial.fasta	QUH00234|gvpA|protein	QUH00234|gvpA|protein	explicit_gvpa_source_label	pending_competitive_gvpa_gvpj_verification
ref_001202	train	cluster_000078	141	1f087f3f20cf0e414c211f8b8062e786a6578090b0e7fc2bdc9e30660d1d4381	data/raw/t05/gvpa/GvpA_NotPartial.fasta	QUC57648|gvpA|protein	QUC57648|gvpA|protein	explicit_gvpa_source_label	pending_competitive_gvpa_gvpj_verification
ref_001203	train	cluster_000031	155	bdb27357528f1d5d6c478d788d5eca2708cf02769b8c548319a44df8931d36fb	data/raw/t05/gvpa/GvpA_NotPartial.fasta	QTZ90370|gvpA|protein	QTZ90370|gvpA|protein	explicit_gvpa_source_label	pending_competitive_gvpa_gvpj_verification
ref_001204	train	cluster_000112	136	21636e3756ac6619107dbe9048d6023c45297325f9a871763969b412869185d9	data/raw/t05/gvpa/GvpA_NotPartial.fasta	QTJ68534|gvpA|protein	QTJ68534|gvpA|protein	explicit_gvpa_source_label	pending_competitive_gvpa_gvpj_verification
ref_001205	train	cluster_000118	135	57133a7b2510b9196439ffecdc0b4a8e4ee2a7012a38b074c845f59769e8805f	data/raw/t05/gvpa/GvpA_NotPartial.fasta	QTJ66504|gvpA|protein	QTJ66504|gvpA|protein	explicit_gvpa_source_label	pending_competitive_gvpa_gvpj_verification
ref_001206	train	cluster_000318	69	efd26199102e35f9b47860793ba99e403026b51aaa22a80d0ca4979899e3d9f7	data/raw/t05/gvpa/GvpA_NotPartial.fasta	QSV57704|gvpA|protein	QSV57704|gvpA|protein	explicit_gvpa_source_label	pending_competitive_gvpa_gvpj_verification
ref_001207	train	cluster_000063	147	47270a133b8b28fe68b5ad327d6e02e4d7036304777930e0726d7dfb216ce637	data/raw/t05/gvpa/GvpA_NotPartial.fasta	QSS89162|gvpA|protein	QSS89162|gvpA|protein	explicit_gvpa_source_label	pending_competitive_gvpa_gvpj_verification
ref_001208	train	cluster_000136	123	901c21e0006125b0e9d7f58d5be1aec8ffd48f7267f4abe62020262450e0b9e3	data/raw/t05/gvpa/GvpA_NotPartial.fasta	QNT97737|gvpA|protein	QNT97737|gvpA|protein	explicit_gvpa_source_label	pending_competitive_gvpa_gvpj_verification
ref_001209	train	cluster_000122	133	57c2b381c8bb4035d01ccddabe10745199d9a5f91d5e7ed4ff892561b35c7fc7	data/raw/t05/gvpa/GvpA_NotPartial.fasta	QSI46523|gvpA|protein	QSI46523|gvpA|protein	explicit_gvpa_source_label	pending_competitive_gvpa_gvpj_verification
ref_001210	train	cluster_000081	144	0a0b47ef48e73f6907dd9b5e92d6d7da3847a2d5609ca8edf8f903227cfe6e0d	data/raw/t05/gvpa/GvpA_NotPartial.fasta	QRK90893|gvpA|protein	QRK90893|gvpA|protein	explicit_gvpa_source_label	pending_competitive_gvpa_gvpj_verification
ref_001211	train	cluster_000077	145	7ca23b11f7e72b0b7519a80a408a7b4b8beb27f907dd04a3b39decbca41655f3	data/raw/t05/gvpa/GvpA_NotPartial.fasta	QSB15186|gvpA|protein	QSB15186|gvpA|protein	explicit_gvpa_source_label	pending_competitive_gvpa_gvpj_verification
ref_001212	train	cluster_000032	149	0f515c4258dc68fd3f9cedc7bd0ec1d8363965240a977e06e73a05c2f6d73f7a	data/raw/t05/gvpa/GvpA_NotPartial.fasta	QRV46238|gvpA|protein	QRV46238|gvpA|protein	explicit_gvpa_source_label	pending_competitive_gvpa_gvpj_verification
ref_001213	validation	cluster_000127	132	241c00832790324418cd1075924f87a5e93d729451db5976e21208348ae45ed7	data/raw/t05/gvpa/GvpA_NotPartial.fasta	QRP49674|gvpA|protein	QRP49674|gvpA|protein	explicit_gvpa_source_label	pending_competitive_gvpa_gvpj_verification
ref_001214	train	cluster_000006	154	ab4678bc7e147bea24f4e725987150245c15269e78afad5c6252532317be04aa	data/raw/t05/gvpa/GvpA_NotPartial.fasta	QRF02135|gvpA|protein	QRF02135|gvpA|protein	explicit_gvpa_source_label	pending_competitive_gvpa_gvpj_verification
ref_001215	validation	cluster_000111	136	40df730c74b4411daafada5d994cd3ff1f924e92d736710a3286ef57e6cbe4a0	data/raw/t05/gvpa/GvpA_NotPartial.fasta	QRE79951|gvpA|protein	QRE79951|gvpA|protein	explicit_gvpa_source_label	pending_competitive_gvpa_gvpj_verification
ref_001216	train	cluster_000094	137	d57269e318a7621467749038a83199c9e2557366487c989d3edf2b762a7e4c75	data/raw/t05/gvpa/GvpA_NotPartial.fasta	QRE79029|gvpA|protein	QRE79029|gvpA|protein	explicit_gvpa_source_label	pending_competitive_gvpa_gvpj_verification
ref_001217	test	cluster_000103	122	c40ddec53c95be722ddc82a3b8d328207eae87718e09dce0485170d521373769	data/raw/t05/gvpa/GvpA_NotPartial.fasta	QQZ17066|gvpA|protein	QQZ17066|gvpA|protein	explicit_gvpa_source_label	pending_competitive_gvpa_gvpj_verification
ref_001218	test	cluster_000103	137	71225d296257b8b08410e32137db21a001ddf424e6d01b0f04ef198e3b3257c0	data/raw/t05/gvpa/GvpA_NotPartial.fasta	QQZ16867|gvpA|protein	QQZ16867|gvpA|protein	explicit_gvpa_source_label	pending_competitive_gvpa_gvpj_verification
ref_001219	train	cluster_000107	136	7d62c45eb5711910c788fda85d31fc32669666e75e5de15546de735897e3dfc8	data/raw/t05/gvpa/GvpA_NotPartial.fasta	QQM53155|gvpA|protein	QQM53155|gvpA|protein	explicit_gvpa_source_label	pending_competitive_gvpa_gvpj_verification
ref_001220	train	cluster_000082	144	b44c98ec309ed12410abbe1e2ebb0d0a4e69c3ea07603df36b7a3d946d68e525	data/raw/t05/gvpa/GvpA_NotPartial.fasta	QGZ52351|gvpA|protein	QGZ52351|gvpA|protein	explicit_gvpa_source_label	pending_competitive_gvpa_gvpj_verification
ref_001221	train	cluster_000311	83	efe993148d9c1b2df3de7c4db95b50307ee77218fb4d82307b2044e0e77ad01a	data/raw/t05/gvpa/rescued_GvpA_candidates.fasta	WP_212716194.1|gvpA|protein_rescued	WP_212716194.1|gvpA|protein_rescued from_NZ_JAEVHG010000001.1	explicit_gvpa_source_label	pending_competitive_gvpa_gvpj_verification
ref_001222	train	cluster_000340	76	c2f24f987da7fa8e29d94c39e1d2cb1b4fc6e21927ab8cfeb82d5a356d913c9e	data/raw/design/GvpA.fasta	WP_051273517.1	WP_051273517.1 gas vesicle structural protein GvpA [Desulfotruncus alcoholivorax]	explicit_gvpa_source_label	pending_competitive_gvpa_gvpj_verification
ref_001223	validation	cluster_000312	72	acfca75ffa4093670cf25bac76bb2b4210de82be69a439914669ab3c0962b039	data/raw/design/GvpA.fasta	WP_040575057.1	WP_040575057.1 gas vesicle structural protein GvpA [Methylohalobius crimeensis]	explicit_gvpa_source_label	pending_competitive_gvpa_gvpj_verification
ref_001224	train	cluster_000308	72	38939b26cbc5a274769e9d461efa0aebff28ccb8dbdd08d2dd8491837a29a457	data/raw/design/GvpA.fasta	WP_006871719.1	WP_006871719.1 gas vesicle structural protein GvpA [Legionella drancourtii]	explicit_gvpa_source_label	pending_competitive_gvpa_gvpj_verification
