# hmmsearch :: search profile(s) against a sequence database
# HMMER 3.3 (Nov 2019); http://hmmer.org/
# Copyright (C) 2019 Howard Hughes Medical Institute.
# Freely distributed under the BSD open source license.
# - - - - - - - - - - - - - - - - - - - - - - - - - - - - - - - - - - - -
# query HMM file:                  /mnt/d/endless/机器学习综合实践/ML-GV02-03/results/gv02_03_v2/family/fold_1/profiles/gvpa.hmm
# target sequence database:        /mnt/d/endless/机器学习综合实践/ML-GV02-03/results/gv02_03_v2/family/fold_1/natural/queries.fasta
# per-dom hits tabular output:     /mnt/d/endless/机器学习综合实践/ML-GV02-03/results/gv02_03_v2/family/fold_1/natural/gvpa.domtbl
# sequence reporting threshold:    score >= 0
# domain reporting threshold:      score >= 0
# Max sensitivity mode:            on [all heuristic filters off]
# number of worker threads:        1
# - - - - - - - - - - - - - - - - - - - - - - - - - - - - - - - - - - - -

Query:       gvpa  [M=121]
Scores for complete sequences (score includes all domains):
   --- full sequence ---   --- best 1 domain ---    -#dom-
    E-value  score  bias    E-value  score  bias    exp  N  Sequence                 Description
    ------- ------ -----    ------- ------ -----   ---- --  --------                 -----------
    1.8e-46  153.4   0.1    1.9e-46  153.3   0.1    1.0  1  nat_a3f05c67bc1886ca7112  
    1.9e-45  150.1   0.1    1.9e-45  150.1   0.1    1.0  1  nat_367976824ecb68e9f969  
    2.8e-45  149.6   0.1    3.4e-45  149.3   0.1    1.0  1  nat_db787bdce100ebe0b52f  
    5.4e-45  148.6   0.1    6.7e-45  148.3   0.1    1.0  1  nat_d5cf1fda20a7d9852de3  
      1e-44  147.8   0.0      1e-44  147.7   0.0    1.0  1  nat_b94659ce82742aca9749  
      1e-44  147.8   0.0      1e-44  147.7   0.0    1.0  1  nat_25c3216ed34dec716827  
    1.4e-44  147.3   0.0    1.5e-44  147.2   0.0    1.0  1  nat_4f0646e249cd3db1d37f  
    1.6e-44  147.1   1.0    1.7e-44  147.0   1.0    1.0  1  nat_57c2b381c8bb4035d01c  
    1.9e-44  146.9   0.1      2e-44  146.8   0.1    1.0  1  nat_b1e17d61f6f3fc6cb817  
    2.2e-44  146.7   0.0    2.3e-44  146.6   0.0    1.0  1  nat_14b353a284a92953cad8  
    2.5e-44  146.5   0.0    2.6e-44  146.4   0.0    1.0  1  nat_901c21e0006125b0e9d7  
    2.8e-44  146.3   0.3    2.9e-44  146.3   0.3    1.0  1  nat_e79f3223c0e51a4419c7  
    3.2e-44  146.2   0.0    3.3e-44  146.1   0.0    1.0  1  nat_35afd2cfc45262b86709  
    3.6e-44  146.0   0.0    3.7e-44  145.9   0.0    1.0  1  nat_e7351ec1bbef6e825734  
    3.9e-44  145.9   0.5    4.2e-44  145.8   0.5    1.0  1  nat_d2440e6d37d33df171fe  
      4e-44  145.8   0.1    4.2e-44  145.8   0.1    1.0  1  nat_0890e07d5e23fde5596e  
    6.1e-44  145.2   1.4    6.6e-44  145.1   1.4    1.0  1  nat_5c686c3d3778ea9403cd  
    6.6e-44  145.1   0.0    6.8e-44  145.1   0.0    1.0  1  nat_710430bf63a97b4a270f  
    8.9e-44  144.7   0.0    9.2e-44  144.7   0.0    1.0  1  nat_d3ef836095f7ac1cead1  
    1.1e-43  144.4   0.0    1.1e-43  144.4   0.0    1.0  1  nat_d93f2e1e8fed25eda55f  
    1.7e-43  143.8   1.3    1.9e-43  143.6   1.3    1.0  1  nat_40e46fb2de86e2d32973  
    2.4e-43  143.3   0.1    2.4e-43  143.3   0.1    1.0  1  nat_5ded9686139acac829e0  
    5.3e-43  142.2   1.0    6.1e-43  142.0   1.0    1.0  1  nat_baa6b104c739419a55bf  
      1e-42  141.3   2.8    1.2e-42  141.1   2.8    1.0  1  nat_8b95b6a8454826276aeb  
    1.5e-42  140.8   1.7    1.7e-42  140.5   1.7    1.0  1  nat_bd1bbd2e9fa260563ceb  
    1.5e-42  140.7   1.5    1.6e-42  140.6   1.5    1.0  1  nat_fe955d4fbb111b30864b  
    1.5e-42  140.7   0.7    1.8e-42  140.5   0.7    1.0  1  nat_2b769a64bdbe24f6dbc7  
    1.8e-42  140.5   1.2    1.9e-42  140.4   1.2    1.0  1  nat_69fb8c8dffa72eb18b9b  
      2e-42  140.4   1.0    2.2e-42  140.2   1.0    1.0  1  nat_bd681cfbd78ed763b9df  
    2.3e-42  140.1   2.0    2.7e-42  139.9   2.0    1.0  1  nat_7987b4f5a99061af67e9  
    2.4e-42  140.1   0.8    2.9e-42  139.9   0.8    1.0  1  nat_e0205c427b560fb5fab6  
    2.6e-42  140.0   2.1      3e-42  139.8   2.1    1.0  1  nat_c50a1a828acd52df133e  
    2.7e-42  139.9   2.2    3.1e-42  139.7   2.2    1.0  1  nat_c7332b08bc757555c17c  
    3.2e-42  139.7   0.3    3.7e-42  139.5   0.3    1.0  1  nat_754029d7fdddcf0dda8b  
    3.2e-42  139.7   1.3    3.5e-42  139.5   1.3    1.0  1  nat_61cb6f10b13fb11f910f  
    3.9e-42  139.4   1.4    4.4e-42  139.3   1.4    1.0  1  nat_ac016806c065e58141c3  
    4.1e-42  139.3   1.4    4.6e-42  139.2   1.4    1.0  1  nat_b77997ea61d5b6352e31  
    4.3e-42  139.3   1.3    5.1e-42  139.1   1.3    1.0  1  nat_cd4bfde01bf7f512d7e4  
    4.9e-42  139.1   1.0    5.4e-42  139.0   1.0    1.0  1  nat_2b3b9522031fea2fc996  
    5.2e-42  139.0   2.1    5.8e-42  138.9   2.1    1.0  1  nat_667b333e161105876fb2  
    5.3e-42  139.0   0.7    6.2e-42  138.8   0.7    1.0  1  nat_a16c69ff4d6574406dee  
    5.9e-42  138.8   0.2    6.4e-42  138.7   0.2    1.0  1  nat_049b976820314d6d1bba  
      6e-42  138.8   1.1    6.8e-42  138.6   1.1    1.0  1  nat_b412c2b00055ebc34540  
    6.2e-42  138.8   1.3      7e-42  138.6   1.3    1.0  1  nat_31b58a77b806c43147b8  
    6.5e-42  138.7   0.8    7.3e-42  138.5   0.8    1.0  1  nat_d7a9007355adf4811ce9  
    6.8e-42  138.6   2.4    7.9e-42  138.4   2.4    1.0  1  nat_3d98e85018a97647d297  
    6.9e-42  138.6   3.0      8e-42  138.4   3.0    1.0  1  nat_db2cdf073eed6ed31349  
      7e-42  138.6   0.2    7.4e-42  138.5   0.2    1.0  1  nat_d51344965969dceb6639  
    7.1e-42  138.6   3.0    8.2e-42  138.4   3.0    1.0  1  nat_ed46c9e7b97a1b13dc86  
    7.9e-42  138.4   2.1    8.9e-42  138.3   2.1    1.0  1  nat_48ea71fe1cd777e6ddfc  
    7.9e-42  138.4   2.6    9.2e-42  138.2   2.6    1.0  1  nat_f9d423597b7778d440ea  
      8e-42  138.4   1.4    9.2e-42  138.2   1.4    1.0  1  nat_b09a8337edbf59a7c5c3  
    9.9e-42  138.1   0.4    1.1e-41  137.9   0.4    1.2  1  nat_e3bf29001a743e3b64f9  
      1e-41  138.0   3.1    1.2e-41  137.8   3.1    1.0  1  nat_d8cf5bfdf78857545866  
    1.1e-41  138.0   1.2    1.2e-41  137.8   1.2    1.0  1  nat_0f2a8f05ef1200c5dc0c  
    1.2e-41  137.9   0.2    1.3e-41  137.7   0.2    1.1  1  nat_3d9edce97c58d4805f58  
    1.2e-41  137.8   0.7    1.4e-41  137.6   0.7    1.1  1  nat_fb63ecbac61c302167f9  
    1.2e-41  137.8   1.3    1.4e-41  137.6   1.3    1.0  1  nat_c9dd3d8bb3321e485fa8  
    1.3e-41  137.8   1.9    1.3e-41  137.7   1.9    1.0  1  nat_6a0677ea515c945fa3fc  
    1.3e-41  137.8   2.7    1.3e-41  137.7   2.7    1.0  1  nat_de3106e39b73b2986cc3  
    1.5e-41  137.5   1.3    1.6e-41  137.5   1.3    1.0  1  nat_68131976059d25a80b19  
    1.5e-41  137.5   0.0    1.7e-41  137.3   0.0    1.0  1  nat_9d9dd9734a5c8ab98eeb  
    1.7e-41  137.3   1.8      2e-41  137.1   1.8    1.0  1  nat_911977f51fb32fb01946  
    1.8e-41  137.3   3.0      2e-41  137.1   3.0    1.0  1  nat_dec5fa293ad4eeaffa6f  
    2.4e-41  136.9   3.9    2.7e-41  136.7   3.9    1.0  1  nat_b06af7d1cee59c44dcd2  
    2.9e-41  136.6   0.6    3.4e-41  136.4   0.6    1.0  1  nat_34a4a65736a78d22df6a  
    3.5e-41  136.3   2.0      4e-41  136.2   2.0    1.0  1  nat_bfa3b303b3d7305c173f  
    3.6e-41  136.3   2.3    4.1e-41  136.1   2.3    1.0  1  nat_51eefbe258bc538937c4  
    3.9e-41  136.2   0.7    4.4e-41  136.0   0.7    1.0  1  nat_6ab091088c0d2085f193  
    4.3e-41  136.1   0.6    4.7e-41  135.9   0.6    1.0  1  nat_6507b3f9f58ef91ab9d8  
    4.5e-41  136.0   1.8    5.3e-41  135.7   1.8    1.2  1  nat_1f2decc9d9629b127278  
    5.5e-41  135.7   2.6    6.2e-41  135.5   2.6    1.0  1  nat_d1536b249be108b51522  
    6.9e-41  135.4   1.7    7.8e-41  135.2   1.7    1.0  1  nat_7577017d2109753dbbe7  
    7.3e-41  135.3   2.1    8.4e-41  135.1   2.1    1.0  1  nat_9f8c36880cfb04e0cba5  
    7.5e-41  135.3   4.4    8.3e-41  135.1   4.4    1.0  1  nat_d58dfba1e9f522c883d4  
      9e-41  135.0   2.2      1e-40  134.8   2.2    1.0  1  nat_353e9d0dff81158687ff  
      1e-40  134.8   2.1    1.2e-40  134.6   2.1    1.0  1  nat_e70eb92ab459701dc753  
    1.3e-40  134.5   2.1    1.4e-40  134.4   2.1    1.0  1  nat_8031a3a05037a74c2518  
    1.4e-40  134.4   1.6    1.5e-40  134.3   1.6    1.0  1  nat_9a9380d4b10b8ef49e08  
    1.4e-40  134.3   1.3    1.6e-40  134.2   1.3    1.0  1  nat_a984f11bd60c35139c61  
    1.6e-40  134.2   0.4    1.8e-40  134.1   0.4    1.1  1  nat_13ee99e71183bcf01114  
    1.7e-40  134.1   0.1    1.7e-40  134.1   0.1    1.0  1  nat_42e47560e4eed8697446  
    1.7e-40  134.1   0.1    1.7e-40  134.1   0.1    1.0  1  nat_675982ec30ea7a2f5047  
    1.8e-40  134.0   0.2    2.2e-40  133.7   0.2    1.1  1  nat_f24e045327970281b5cd  
      2e-40  133.9   1.3    2.2e-40  133.7   1.3    1.0  1  nat_5e7091515d82b50cbd50  
    2.8e-40  133.4   4.2    3.1e-40  133.3   4.2    1.0  1  nat_b65132e25cc65ac0170d  
    3.3e-40  133.2   0.1    3.7e-40  133.1   0.1    1.0  1  nat_65886a26326e73a96436  
    4.2e-40  132.8   1.6    4.7e-40  132.7   1.6    1.0  1  nat_4a871af101af640b6e2c  
    5.6e-40  132.5   2.8    6.1e-40  132.3   2.8    1.0  1  nat_d90ba4fc5295a2ed9e09  
    5.9e-40  132.4   0.9    7.2e-40  132.1   0.9    1.0  1  nat_289ca4eeda020c662490  
    6.4e-40  132.3   1.7    7.2e-40  132.1   1.7    1.0  1  nat_bb6474c2ddf0f1e41d70  
    7.3e-40  132.1   1.9    8.2e-40  131.9   1.9    1.0  1  nat_044652cd2d2677de71ee  
    9.5e-40  131.7   1.9    1.1e-39  131.6   1.9    1.0  1  nat_3f2cb7eca6dff49eb9eb  
    9.9e-40  131.7   4.1    1.1e-39  131.5   4.1    1.0  1  nat_42ca32a46ff9fbfe04b0  
    1.1e-39  131.5   0.2    1.3e-39  131.3   0.2    1.0  1  nat_0a0b47ef48e73f6907dd  
    1.6e-39  131.0   0.0    1.6e-39  131.0   0.0    1.0  1  nat_738e58b1a8b51b7eb17a  
    1.9e-39  130.8   2.2    2.1e-39  130.6   2.2    1.0  1  nat_de4c1cf697d48510a550  
    1.9e-39  130.8   2.2    2.1e-39  130.6   2.2    1.0  1  nat_193a805604225b70bf9b  
    1.9e-39  130.7   0.6    2.2e-39  130.5   0.6    1.0  1  nat_909a39bfcc83ce9d158a  
    2.2e-39  130.5   3.6    2.6e-39  130.3   3.6    1.0  1  nat_8be2e14f0153cb01c7e8  
    2.8e-39  130.2   3.1    3.1e-39  130.0   3.1    1.0  1  nat_82b9d4647d83832bf059  
    2.9e-39  130.1   5.1    3.1e-39  130.1   5.1    1.0  1  nat_90d11bccd2cb7147c1fe  
    3.8e-39  129.8   2.7    4.2e-39  129.6   2.7    1.0  1  nat_607f897bd5b7dd1b1fbe  
    4.1e-39  129.7   2.1    4.6e-39  129.5   2.1    1.0  1  nat_18aeb74e18302803a1f0  
    4.3e-39  129.6   3.0    4.8e-39  129.4   3.0    1.0  1  nat_483476b5bde91cbf3a74  
    4.7e-39  129.5   3.7    4.9e-39  129.4   3.7    1.0  1  nat_307aae2a7a20a7f3cf48  
    4.7e-39  129.5   1.6    5.3e-39  129.3   1.6    1.0  1  nat_3b8e26a87928dd1c1130  
    4.9e-39  129.4   1.4    5.3e-39  129.3   1.4    1.0  1  nat_a456b71634370e28c157  
    5.1e-39  129.4   4.3    5.9e-39  129.1   4.3    1.0  1  nat_a8c546bb807cbf441766  
    5.6e-39  129.2   3.5    6.2e-39  129.1   3.5    1.0  1  nat_bf9d9ac4b0e25cbc2e14  
    5.7e-39  129.2   3.0    6.3e-39  129.1   3.0    1.0  1  nat_ced70fa1ad4dcaf12a7b  
      6e-39  129.1   2.8    6.7e-39  129.0   2.8    1.0  1  nat_22ac9928a6c3fbaf8f7c  
    6.2e-39  129.1   1.6      7e-39  128.9   1.6    1.0  1  nat_10816d30b94e7e319ed1  
    6.3e-39  129.1   4.3    6.7e-39  129.0   4.3    1.0  1  nat_b38024f0aba86f47c4ad  
    6.9e-39  128.9   4.1    7.3e-39  128.9   4.1    1.0  1  nat_8aa5636b24c4e602865a  
    7.1e-39  128.9   4.1    7.5e-39  128.8   4.1    1.0  1  nat_6475ddba2899c58b73cc  
    7.3e-39  128.8   4.0    7.7e-39  128.8   4.0    1.0  1  nat_f582579e03d4f3374571  
    7.5e-39  128.8   4.5    8.7e-39  128.6   4.5    1.0  1  nat_62e969f9025127736826  
    7.8e-39  128.8   3.8    8.1e-39  128.7   3.8    1.0  1  nat_a36db64a1cae19ba84f5  
    7.8e-39  128.8   4.3    9.1e-39  128.5   4.3    1.0  1  nat_71f9753012b6644cf772  
    8.7e-39  128.6   3.4    9.7e-39  128.5   3.4    1.0  1  nat_150260db0a312db92173  
      9e-39  128.6   1.7    9.8e-39  128.4   1.7    1.0  1  nat_68c548b00ffecaf3e71e  
    9.2e-39  128.5   2.4      1e-38  128.4   2.4    1.0  1  nat_531760bd0ae2999dbf0a  
    9.3e-39  128.5   4.5    9.9e-39  128.4   4.5    1.0  1  nat_9c3060ca8265f2fd22a3  
    9.5e-39  128.5   4.8      1e-38  128.4   4.8    1.0  1  nat_4c06fdcd9b94ab517ef7  
    1.1e-38  128.3   2.7    1.2e-38  128.2   2.7    1.0  1  nat_77fc2ac9451a9bede3dd  
    1.1e-38  128.3   2.2    1.2e-38  128.1   2.2    1.0  1  nat_37f01da4a984c4443e1d  
    1.1e-38  128.3   4.4    1.2e-38  128.2   4.4    1.0  1  nat_b1857f03b52d3c765ea4  
    1.2e-38  128.1   3.7    1.3e-38  128.0   3.7    1.0  1  nat_b669abd036c50b376c62  
    1.2e-38  128.1   4.5    1.4e-38  127.9   4.5    1.0  1  nat_9d49465af66327a747b8  
    1.4e-38  128.0   1.8    1.5e-38  127.8   1.8    1.0  1  nat_b080db9796742f656263  
    1.6e-38  127.8   2.4    1.6e-38  127.8   2.4    1.0  1  nat_07bd0e36be9cf6488fb7  
    1.7e-38  127.7   2.7    1.9e-38  127.5   2.7    1.0  1  nat_286c7b97c4455a336f39  
    2.2e-38  127.3   1.8    2.2e-38  127.3   1.8    1.1  1  nat_0283d587032de178b666  
    2.2e-38  127.3   2.0    2.3e-38  127.2   2.0    1.0  1  nat_093a223e7cabfac47e76  
    2.2e-38  127.3   2.5    2.4e-38  127.2   2.5    1.0  1  nat_86d5d5d3761caa2bee10  
    2.4e-38  127.2   1.5    2.6e-38  127.1   1.5    1.0  1  nat_b65869cada68668b58e1  
    2.8e-38  127.0   2.3    3.1e-38  126.8   2.3    1.0  1  nat_7175c3595a1c9e0a8512  
    3.1e-38  126.8   1.8    3.3e-38  126.7   1.8    1.0  1  nat_10a84e979762f3368517  
    3.1e-38  126.8   0.2    3.7e-38  126.6   0.2    1.0  1  nat_cabc629dd821e7c45393  
    3.3e-38  126.7   1.6    3.7e-38  126.6   1.6    1.0  1  nat_00b8d6bdf51c5322f38c  
    3.3e-38  126.7   2.0    3.7e-38  126.6   2.0    1.0  1  nat_f5a522a905abb21e46c2  
    3.8e-38  126.5   1.7    4.2e-38  126.4   1.7    1.0  1  nat_d6f7ae660d4103a77296  
    4.2e-38  126.4   1.5    4.6e-38  126.3   1.5    1.0  1  nat_7587716da5d19872555a  
    4.5e-38  126.3   2.2    5.2e-38  126.1   2.2    1.0  1  nat_8bb7f995156f78926ae7  
    4.6e-38  126.3   2.6    4.8e-38  126.2   2.6    1.0  1  nat_c8ca500d58f82227374e  
    4.6e-38  126.3   1.8      5e-38  126.1   1.8    1.0  1  nat_fb5b09ad142f93c1de5f  
    5.5e-38  126.0   2.6      6e-38  125.9   2.6    1.0  1  nat_a2748151d0c02d5ee64c  
    8.3e-38  125.4   0.9    9.6e-38  125.2   0.9    1.0  1  nat_cbec58c289419737e313  
    8.6e-38  125.4   0.6    1.1e-37  125.0   0.6    1.1  1  nat_240500bb8aaece16c8a7  
      9e-38  125.3   1.9    9.4e-38  125.3   1.9    1.0  1  nat_3efb93524692f0b96dfa  
    1.4e-37  124.7   2.1    1.5e-37  124.6   2.1    1.0  1  nat_905ebdcfc21b7ed8d2d2  
    1.7e-37  124.4   0.5    2.1e-37  124.2   0.5    1.0  1  nat_7c474a0845fc63bd9dc1  
    1.8e-37  124.3   0.6    2.4e-37  124.0   0.6    1.1  1  nat_ff800aecb7c2e95dee99  
      2e-37  124.2   0.7    2.1e-37  124.2   0.7    1.0  1  nat_13b048e7463efcc40ba1  
    2.3e-37  124.0   0.7    2.8e-37  123.8   0.7    1.0  1  nat_b7ce8a1b044eaedac151  
    3.1e-37  123.6   2.6    3.2e-37  123.5   2.6    1.0  1  nat_98944d24da61fa63ee27  
    3.2e-37  123.6   4.8    3.7e-37  123.3   4.8    1.0  1  nat_9caabe5dd41114f54d71  
    3.2e-37  123.5   3.3    3.7e-37  123.3   3.3    1.0  1  nat_081e6fae1d79d93eb37e  
    3.4e-37  123.5   2.6    3.6e-37  123.4   2.6    1.0  1  nat_9da3dcb0bb3c092c42d5  
    3.9e-37  123.3   4.0    4.1e-37  123.2   4.0    1.0  1  nat_0b3f3bf863a3ef16a85e  
    3.9e-37  123.3   3.7    4.2e-37  123.2   3.7    1.0  1  nat_1de45b2894df870d6dc9  
    4.9e-37  123.0   3.0    5.1e-37  122.9   3.0    1.0  1  nat_b9d316384ab02e663b33  
    5.3e-37  122.8   3.8    5.9e-37  122.7   3.8    1.0  1  nat_c9a543131d390ec68ed4  
    5.9e-37  122.7   1.3    7.4e-37  122.4   1.3    1.2  1  nat_75b688dadffb1bcbff68  
    8.1e-37  122.3   3.3    8.3e-37  122.2   3.3    1.0  1  nat_7d8900b1fc48c317aebb  
      9e-37  122.1   1.2    9.8e-37  122.0   1.2    1.0  1  nat_d5d0ae6e983cda4aeda1  
    1.1e-36  121.9   1.1    1.4e-36  121.5   1.1    1.2  1  nat_3a34394c27043f0de19a  
    1.3e-36  121.6   4.5    1.5e-36  121.4   4.5    1.0  1  nat_40a9ee2f296e1edcfbc2  
    1.4e-36  121.5   1.0    1.8e-36  121.1   1.0    1.1  1  nat_22459d46342d29cd0e51  
    1.5e-36  121.4   1.8    1.6e-36  121.3   1.8    1.0  1  nat_b258e8dfa1451eaa6d09  
    1.9e-36  121.1   6.4      2e-36  121.0   6.4    1.0  1  nat_b81aa32b17d671599bc2  
    1.9e-36  121.1   1.0    2.5e-36  120.7   1.0    1.1  1  nat_6d257d8cbeb3f3af448a  
    1.9e-36  121.1   1.2    2.6e-36  120.6   1.2    1.2  1  nat_3bac021c5495186db378  
      2e-36  121.0   0.8    2.6e-36  120.6   0.8    1.1  1  nat_e34b44c2870a942d0092  
      2e-36  121.0   0.7    2.7e-36  120.6   0.7    1.2  1  nat_8ba3d6668e353b537179  
    2.4e-36  120.7   2.3    2.6e-36  120.6   2.3    1.0  1  nat_4b81ad5ffa833d3eb412  
    2.8e-36  120.5   4.0    2.9e-36  120.5   4.0    1.0  1  nat_699456ca14dc91b53082  
    4.1e-36  120.0   0.6    5.3e-36  119.6   0.6    1.1  1  nat_101346775bd8fc719b54  
    4.2e-36  120.0   3.4    4.6e-36  119.8   3.4    1.0  1  nat_37c770390307a882825a  
    4.3e-36  119.9   1.8    4.6e-36  119.8   1.8    1.0  1  nat_5d4bc3951377fd2faff7  
    4.3e-36  119.9   3.5    4.6e-36  119.8   3.5    1.0  1  nat_c05532e5292ee743920d  
    4.4e-36  119.9   0.6    6.1e-36  119.4   0.6    1.2  1  nat_2051151517b2b27c91df  
    5.6e-36  119.5   0.6      6e-36  119.5   0.6    1.0  1  nat_e38f9994094842734a96  
    5.6e-36  119.5   0.7    7.1e-36  119.2   0.7    1.2  1  nat_bdb27357528f1d5d6c47  
    5.8e-36  119.5   1.1    7.6e-36  119.1   1.1    1.1  1  nat_743941db45842ba9edb7  
    6.4e-36  119.4   0.6    8.8e-36  118.9   0.6    1.2  1  nat_f176d2d019718491db42  
    7.3e-36  119.2   0.4      1e-35  118.7   0.4    1.2  1  nat_fd6df642808b7adaae7d  
    7.5e-36  119.1   3.3    8.4e-36  119.0   3.3    1.0  1  nat_70e926d855b20edca8f9  
    9.4e-36  118.8   1.7    1.1e-35  118.5   1.7    1.1  1  nat_b017d8236271e13a1522  
    1.2e-35  118.5   0.3    1.4e-35  118.2   0.3    1.1  1  nat_9f6df4357b80feaba99b  
    1.2e-35  118.5   2.7    1.8e-35  117.9   2.7    1.3  1  nat_2b65cf1e277ab50a0dfe  
    1.2e-35  118.4   0.8    1.8e-35  117.9   0.8    1.2  1  nat_05faae01597311327997  
    1.6e-35  118.0   2.6    1.8e-35  117.9   2.6    1.0  1  nat_c7c2a6d15e1ef7e082fb  
    1.8e-35  117.9   2.5      2e-35  117.8   2.5    1.0  1  nat_483bbff4b0b9b4108f6d  
    1.8e-35  117.9   2.8    1.9e-35  117.8   2.8    1.0  1  nat_731f8990c8cbea086350  
    1.9e-35  117.8   0.7    2.5e-35  117.5   0.7    1.2  1  nat_f1843d79acb220241dfc  
    2.1e-35  117.7   2.9    2.1e-35  117.7   2.9    1.0  1  nat_387a1a5b990d83c80a60  
    2.2e-35  117.6   1.3      3e-35  117.2   1.3    1.2  1  nat_8d21dd360b13b6dfcbe2  
    2.6e-35  117.4   0.6    2.6e-35  117.4   0.6    1.0  1  nat_0e8669cb5fbefecf56bd  
    3.5e-35  117.0   0.6    4.4e-35  116.7   0.6    1.2  1  nat_eac8d42dcf851f8eb6d8  
    3.6e-35  116.9   0.6    4.6e-35  116.6   0.6    1.2  1  nat_bbadf719897c45da08f0  
      4e-35  116.8   1.3    4.3e-35  116.7   1.3    1.1  1  nat_457c7fa4e18854325440  
      4e-35  116.8   2.0    4.1e-35  116.7   2.0    1.0  1  nat_54d4cabb25e375c2e308  
    4.2e-35  116.7   0.6    5.8e-35  116.3   0.6    1.3  1  nat_747d60b2bd9f9baa6cfc  
    4.3e-35  116.7   0.5    5.5e-35  116.3   0.5    1.2  1  nat_8430c66867e7555de5e1  
    4.6e-35  116.6   0.5    6.2e-35  116.2   0.5    1.3  1  nat_c730fb33477ca08f29e8  
    5.7e-35  116.3   2.8    6.3e-35  116.1   2.8    1.1  1  nat_dc2b0da282a1a334132b  
    6.6e-35  116.1   1.3      7e-35  116.0   1.3    1.1  1  nat_70724efd897d81dc16e2  
      8e-35  115.8   1.0    8.8e-35  115.7   1.0    1.1  1  nat_2c92df9e3660ae4ae496  
    8.2e-35  115.8   4.7    1.5e-34  114.9   4.7    1.5  1  nat_b80283670de4d1ac6811  
    9.3e-35  115.6   0.4    1.2e-34  115.3   0.4    1.1  1  nat_3eea95a610545d989cc1  
    9.4e-35  115.6   2.6      1e-34  115.5   2.6    1.1  1  nat_3a3fe29b7daaadaf3131  
    1.4e-34  115.0   0.2    1.5e-34  114.9   0.2    1.0  1  nat_0a9ee98cbcc2eabfac38  
    1.6e-34  114.9   0.4    1.7e-34  114.8   0.4    1.0  1  nat_26dcc139685992f211f4  
    1.7e-34  114.8   1.6    1.8e-34  114.7   1.6    1.0  1  nat_a346ed17080beb19b7f9  
    1.8e-34  114.7   0.5      2e-34  114.6   0.5    1.1  1  nat_36a56467f4a25638e5d8  
    1.8e-34  114.7   0.7    2.8e-34  114.1   0.7    1.3  1  nat_c9181ea046190022b014  
    2.5e-34  114.2   0.5    2.7e-34  114.1   0.5    1.0  1  nat_0a21b67bc6dd51d1c17f  
    3.3e-34  113.8   2.7    3.5e-34  113.7   2.7    1.0  1  nat_eee8d141df1f2b85b5c5  
    4.7e-34  113.3   1.5    5.1e-34  113.2   1.5    1.0  1  nat_771e7534b299c23ea1f3  
    5.8e-34  113.0   1.9    6.7e-34  112.8   1.9    1.0  1  nat_32de3bdac890ded46f9d  
    5.8e-34  113.0   1.1    5.9e-34  113.0   1.1    1.0  1  nat_0e5f42f63b697d7ae252  
      7e-34  112.8   0.2      9e-34  112.4   0.2    1.1  1  nat_ab4678bc7e147bea24f4  
    7.3e-34  112.7   0.2    9.5e-34  112.3   0.2    1.1  1  nat_61b16b326fc735ccf093  
    7.3e-34  112.7   0.5    9.6e-34  112.3   0.5    1.1  1  nat_5cfc2961268b2ad6fbbd  
    7.5e-34  112.7   1.2    7.8e-34  112.6   1.2    1.0  1  nat_9c9da073119bec6006bc  
    7.5e-34  112.7   0.1    7.5e-34  112.7   0.1    1.0  1  nat_4814a0d12e58e5e9beba  
      9e-34  112.4   0.6    9.8e-34  112.3   0.6    1.1  1  nat_2f7a03239bef14f78193  
    9.9e-34  112.3   0.2    1.1e-33  112.2   0.2    1.1  1  nat_cc5d159ca664e171159f  
    1.1e-33  112.1   2.2    1.2e-33  112.0   2.2    1.0  1  nat_2027255edd94d63ce240  
    1.2e-33  112.0   1.4    1.3e-33  111.9   1.4    1.0  1  nat_31bb770684ff35b24094  
    1.5e-33  111.7   0.1      2e-33  111.3   0.1    1.1  1  nat_6bd198e130544a8380c7  
    1.5e-33  111.7   0.1      2e-33  111.3   0.1    1.1  1  nat_a6bd531a054394dd2492  
    1.6e-33  111.6   0.2    1.6e-33  111.6   0.2    1.1  1  nat_4983f01969b214844bb9  
    1.6e-33  111.6   0.2    1.6e-33  111.6   0.2    1.1  1  nat_b89284c786e1b2202da6  
    1.6e-33  111.6   0.2    2.2e-33  111.2   0.2    1.2  1  nat_e64c9f3350adefe5e228  
    1.7e-33  111.5   0.3    1.7e-33  111.5   0.3    1.1  1  nat_bc5cdb91e80e5d33bb26  
    1.9e-33  111.4   0.6    2.1e-33  111.2   0.6    1.1  1  nat_707da4af3acf7f03536c  
    1.9e-33  111.4   1.5    1.9e-33  111.4   1.5    1.0  1  nat_9adb2cc7f37ad19f8e0f  
    2.3e-33  111.1   0.8    2.5e-33  111.0   0.8    1.1  1  nat_fbe5bf19f8b5fcb8a504  
    3.1e-33  110.7   2.7    3.2e-33  110.6   2.7    1.0  1  nat_61db0834b27d8f0211d3  
    3.1e-33  110.7   0.4    3.5e-33  110.5   0.4    1.1  1  nat_034d9111e895aa2cb4fa  
    3.2e-33  110.6   0.4    3.5e-33  110.5   0.4    1.1  1  nat_ab2292bf5276ca31007d  
    3.4e-33  110.6   2.3    3.6e-33  110.5   2.3    1.0  1  nat_29c35eaede0a8c75c309  
    3.6e-33  110.5   0.2    3.8e-33  110.4   0.2    1.1  1  nat_0dbc89dc4cb8f9901795  
    3.8e-33  110.4   2.4      4e-33  110.3   2.4    1.0  1  nat_ab04988c687da6715ca9  
    3.9e-33  110.4   0.4    4.1e-33  110.3   0.4    1.0  1  nat_0f59cf2a0c4bb65bd343  
      4e-33  110.3   0.7    4.4e-33  110.2   0.7    1.1  1  nat_366f2df371810fefd4a4  
    4.1e-33  110.3   1.5    4.2e-33  110.3   1.5    1.0  1  nat_941dc16f5af7d70127ae  
    4.1e-33  110.3   1.2    4.2e-33  110.3   1.2    1.0  1  nat_2ef2790cebd0bc14e528  
    4.2e-33  110.2   0.3    4.4e-33  110.2   0.3    1.0  1  nat_478e03d6c766c6092422  
    5.6e-33  109.9   1.2    5.7e-33  109.8   1.2    1.0  1  nat_d15f613fad1b42703ddc  
    7.2e-33  109.5   3.8    7.4e-33  109.5   3.8    1.0  1  nat_e97c470cdf39521e7d2b  
    7.2e-33  109.5   0.4    7.5e-33  109.4   0.4    1.0  1  nat_50547bc898f61f24df25  
    7.2e-33  109.5   0.4    7.4e-33  109.5   0.4    1.0  1  nat_b28d4ac8e7cffa9c0259  
    8.8e-33  109.2   2.0    1.3e-32  108.7   2.0    1.3  1  nat_6941eadb95ed4bfec34a  
    1.4e-32  108.6   0.7    1.4e-32  108.5   0.7    1.0  1  nat_ce9c7c0f4a921a6df25f  
    1.5e-32  108.5   0.3    1.6e-32  108.4   0.3    1.0  1  nat_cf3573d661974bcf4836  
    1.6e-32  108.4   1.2    1.7e-32  108.3   1.2    1.0  1  nat_a7ccf9f8dd2634fb8865  
    1.6e-32  108.4   0.4    1.7e-32  108.3   0.4    1.1  1  nat_137eb09d8ee303361664  
    1.6e-32  108.4   3.0    2.4e-32  107.8   3.0    1.3  1  nat_1c76cf5c7e439b773485  
    1.7e-32  108.3   0.6    1.8e-32  108.2   0.6    1.0  1  nat_365d3ed63bb6048abb9c  
    3.8e-32  107.2   0.8    4.1e-32  107.1   0.8    1.0  1  nat_819a3c6792d744ecbd3d  
    3.9e-32  107.1   2.0    4.1e-32  107.1   2.0    1.0  1  nat_db4cf6e6d1d54bfb2db9  
    5.1e-32  106.8   2.8      6e-32  106.5   2.8    1.1  1  nat_5d0398ada9a0ee712670  
    6.3e-32  106.5   5.7    6.6e-32  106.4   5.7    1.0  1  nat_755d6d89017e90d5fadf  
    8.7e-32  106.0   2.9      1e-31  105.8   2.9    1.1  1  nat_3a0003e56b4928cb7aaa  
    2.3e-31  104.7   0.4    2.5e-31  104.5   0.4    1.1  1  nat_5e9a9badd5481f93deb7  
    2.6e-31  104.5   3.4      3e-31  104.3   3.4    1.0  1  nat_aaf69e9ea95986ab1e08  
    6.6e-31  103.2   1.1    6.8e-31  103.1   1.1    1.0  1  nat_568a29ab96947d1f56cd  
    7.6e-31  103.0   2.1    8.4e-31  102.8   2.1    1.0  1  nat_805855d37a367a5867e3  
    1.1e-30  102.4   0.0    1.3e-30  102.3   0.0    1.1  1  nat_e2936110b0ddfefb35cc  
    9.7e-30   99.4   4.3    1.1e-29   99.3   4.3    1.0  1  nat_aa41861d9ee4546b28c5  
    1.2e-29   99.1   0.8    1.3e-29   99.0   0.8    1.0  1  nat_20254df8ceedab382494  
      8e-29   96.4   0.5      9e-29   96.3   0.5    1.1  1  nat_d7456223d4168dd8bcaa  
    9.2e-29   96.2   1.5      1e-28   96.1   1.5    1.0  1  nat_c0248ec199ed97e6d9ee  
      1e-28   96.1   0.3    1.1e-28   96.0   0.3    1.1  1  nat_2593b683bc69e42309bf  
    2.3e-28   95.0   0.5    2.4e-28   94.9   0.5    1.1  1  nat_f7a7384ac9671dafa785  
    2.9e-28   94.6   0.2    3.1e-28   94.5   0.2    1.1  1  nat_e481176a20214b3a0873  
    3.8e-28   94.2   1.2    4.1e-28   94.2   1.2    1.1  1  nat_36cd672e9f0f362f84a3  
    4.1e-28   94.1   0.5    4.3e-28   94.1   0.5    1.1  1  nat_5e0a0c17153bc7a2c0f7  
    4.7e-28   94.0   0.1    4.9e-28   93.9   0.1    1.1  1  nat_b7b2dc53fd89ba68dfe9  
    6.8e-28   93.4   0.4    7.1e-28   93.4   0.4    1.1  1  nat_256f4d9f9e8bd81a3ef9  
    7.6e-28   93.3   0.1    7.6e-28   93.3   0.1    1.1  1  nat_6b430be939bbbcdb6ca0  
    7.7e-28   93.3   4.9    9.6e-28   93.0   4.9    1.1  1  nat_cd1929fe49d2fd7e73a2  
    8.8e-28   93.1   0.1      9e-28   93.0   0.1    1.1  1  nat_6048d13df283cd9c311b  
    9.2e-28   93.0   0.3    9.5e-28   93.0   0.3    1.1  1  nat_58c22377f3821c65f8d7  
    9.2e-28   93.0   3.9    1.2e-27   92.7   3.9    1.1  1  nat_65fbd3162b843c7d26ba  
    1.3e-27   92.6   0.1    1.3e-27   92.6   0.1    1.0  1  nat_469c2c6e74bc5945041b  
    1.5e-27   92.3   0.0    1.7e-27   92.2   0.0    1.0  1  nat_423e7db658438d5646a8  
    1.5e-27   92.3   0.0    1.7e-27   92.2   0.0    1.0  1  nat_8a813f6e8cd834c61935  
    1.6e-27   92.3   0.0    1.8e-27   92.1   0.0    1.0  1  nat_1c790f352d60fc105062  
    1.6e-27   92.3   0.6    1.6e-27   92.2   0.6    1.1  1  nat_99b0e6ac4f74262c1bb2  
    1.9e-27   92.0   0.3    2.1e-27   91.9   0.3    1.1  1  nat_29345482d2af34083837  
    2.3e-27   91.7   0.1    2.4e-27   91.7   0.1    1.1  1  nat_54cf1e0b05b06f3e29b4  
    2.9e-27   91.4   4.2    3.4e-27   91.2   4.2    1.1  1  nat_0c3c5a88107ee11e01e1  
      3e-27   91.4   0.3      3e-27   91.4   0.3    1.1  1  nat_a4ea0771a62129b6e7cf  
    3.4e-27   91.2   0.3    3.5e-27   91.1   0.3    1.1  1  nat_87c687bea1af941dec3f  
    3.6e-27   91.1   4.2    4.5e-27   90.8   4.2    1.1  1  nat_ab02cf361a66facb0d7c  
    3.6e-27   91.1   5.8    4.1e-27   90.9   5.8    1.0  1  nat_2a643259fb5c627e5a76  
    3.8e-27   91.0   5.2    4.5e-27   90.8   5.2    1.1  1  nat_826bbaee5bbff7b121a8  
    3.9e-27   91.0   1.2    4.2e-27   90.9   1.2    1.1  1  nat_96cf8fec98a326ef28f8  
    6.4e-27   90.3   0.0      7e-27   90.2   0.0    1.0  1  nat_d77f2785267c8b1305ed  
    7.1e-27   90.2   0.1    7.9e-27   90.0   0.1    1.0  1  nat_6e6ce758d8c4852aa4fa  
    7.5e-27   90.1   0.1    7.5e-27   90.1   0.1    1.2  1  nat_650d9a7fc14a1c8678c8  
    9.3e-27   89.8   3.0    1.1e-26   89.5   3.0    1.1  1  nat_324d5d08f6cb86df2a45  
    1.1e-26   89.5   0.0    1.2e-26   89.4   0.0    1.1  1  nat_9347e512b923af873132  
    1.3e-26   89.3   5.1    1.6e-26   89.0   5.1    1.1  1  nat_d2ffb42329a865195f36  
    1.5e-26   89.1   0.1    1.6e-26   89.0   0.1    1.1  1  nat_17858e67067c36a2a936  
    1.5e-26   89.1   0.1    1.7e-26   88.9   0.1    1.1  1  nat_bab08881e7a072b3f11f  
    2.1e-26   88.6   0.0    2.3e-26   88.5   0.0    1.0  1  nat_00f078f1a0eafd9ea851  
    2.5e-26   88.4   3.3    3.2e-26   88.1   3.3    1.1  1  nat_c343edccce5faea6ca16  
    1.1e-25   86.3   0.0    1.5e-25   85.9   0.0    1.2  1  nat_4b9192128c23c5a5ae9c  
    1.2e-25   86.2   0.0    1.3e-25   86.1   0.0    1.1  1  nat_485a8f2cb7e24fa53ea0  
    1.3e-25   86.1   0.0    1.5e-25   85.9   0.0    1.1  1  nat_6ff1830293724c205a70  
    1.4e-25   86.0   0.0    1.6e-25   85.8   0.0    1.1  1  nat_2f3087b5aa2a281ad976  
    1.8e-25   85.6   0.0      2e-25   85.4   0.0    1.1  1  nat_54bba105484c79f2fd90  
    3.2e-25   84.8   0.1    3.5e-25   84.7   0.1    1.1  1  nat_8cd52de919d22e5b2f70  
      1e-24   83.2   0.1      1e-24   83.2   0.1    1.0  1  nat_e8e78837892ab1704b44  
    1.6e-24   82.6   0.0    1.7e-24   82.4   0.0    1.0  1  nat_5db88465f7f6adfb1268  
    8.8e-24   80.2   0.0    9.7e-24   80.0   0.0    1.0  1  nat_dfd554c04446a4377ab5  
    2.8e-23   78.5   0.0    2.8e-23   78.5   0.0    1.1  1  nat_ce958cc38501a37e45ae  
    1.3e-22   76.4   0.0    1.4e-22   76.3   0.0    1.1  1  nat_3ed9bc4471e8c5d8a73f  
    2.3e-21   72.4   0.2    2.4e-21   72.3   0.2    1.0  1  nat_71183c6ca4e255f76416  
      1e-17   60.6   0.0    1.1e-17   60.5   0.0    1.1  1  nat_1de0bb420c43b6a81f73  
    5.6e-16   55.0   0.4    8.6e-16   54.4   0.4    1.3  1  nat_70ecf2053d255f8cbc58  
    1.1e-15   54.1   0.1    1.5e-15   53.6   0.1    1.2  1  nat_b72075109bbb6320c712  
    1.5e-15   53.6   1.4    2.2e-15   53.1   1.4    1.1  1  nat_18f34224f39837d53eec  
    3.1e-15   52.6   0.1    4.2e-15   52.1   0.1    1.2  1  nat_ad7c1bb463ca288e04ea  
    3.6e-15   52.4   5.3    4.4e-15   52.1   5.3    1.4  1  nat_b85d6d93ba4c4fac8738  
    4.4e-15   52.1   4.3    7.6e-15   51.3   4.3    1.5  1  nat_caab2da04cf4baba5880  
    4.6e-15   52.0   0.2    6.1e-15   51.6   0.2    1.2  1  nat_e332f9cab97afe879bd0  
    4.6e-15   52.0   1.2    8.2e-15   51.2   1.2    1.3  1  nat_1c9dd723ae21204d632e  
    5.8e-15   51.7   0.4    7.5e-15   51.3   0.4    1.2  1  nat_797ed863bc757b701be8  
    5.8e-15   51.7   2.3    6.5e-15   51.5   2.3    1.3  1  nat_4481f660bcc30bb1d9c4  
    5.8e-15   51.7   0.2    7.8e-15   51.3   0.2    1.1  1  nat_702dead02f3ae53b187b  
    7.4e-15   51.4   0.1    8.2e-15   51.2   0.1    1.2  1  nat_21c04a400fa9dc9f9308  
    7.8e-15   51.3   2.6    1.1e-14   50.8   2.6    1.3  1  nat_38b618e8937e5e5e698b  
    8.2e-15   51.2   0.6    1.2e-14   50.6   0.6    1.3  1  nat_a9c199790fa0593efba4  
    8.5e-15   51.2   0.5    1.2e-14   50.7   0.5    1.2  1  nat_a2f8b9e4088f449304d6  
    8.9e-15   51.1   0.6    1.2e-14   50.7   0.6    1.2  1  nat_023f578aefbf7c2af4b8  
    1.1e-14   50.8   0.3    1.7e-14   50.2   0.3    1.2  1  nat_7cb4140e283c8e67ca6a  
    1.3e-14   50.5   0.1      2e-14   50.0   0.1    1.2  1  nat_08693a219f8e2c8ad83d  
    1.4e-14   50.5   0.0    1.5e-14   50.3   0.0    1.2  1  nat_fe819a15ad22899dad10  
    1.7e-14   50.2   2.2    2.1e-14   49.9   1.6    1.3  1  nat_d56b0aa5e7ed5400a27e  
    1.7e-14   50.2   1.3    2.4e-14   49.7   1.3    1.1  1  nat_1dbd7a4a41de9f640af1  
    1.7e-14   50.2   0.0    1.8e-14   50.1   0.0    1.2  1  nat_18031ddd50aae696a324  
    1.7e-14   50.2   0.9    2.4e-14   49.7   0.9    1.2  1  nat_4d0d1af8c6b377ed553a  
    2.2e-14   49.8   5.2    2.7e-14   49.6   5.2    1.3  1  nat_b297046d38f89c457aeb  
    2.4e-14   49.7   1.3    3.2e-14   49.3   1.3    1.1  1  nat_251a53475171eb7e3f69  
    2.4e-14   49.7   0.2    3.3e-14   49.3   0.2    1.2  1  nat_c5837586dc76623d7498  
    2.5e-14   49.7   3.1    2.8e-14   49.5   2.6    1.3  1  nat_a58d5e6d6e3756336d95  
    2.6e-14   49.6   0.2    3.4e-14   49.2   0.2    1.1  1  nat_236ad06337f0c9876680  
    2.8e-14   49.5   2.3    3.4e-14   49.2   2.3    1.2  1  nat_69e482373852c8d89d8f  
    3.3e-14   49.3   2.8    3.9e-14   49.0   2.0    1.4  1  nat_758a833afecd8f1c3406  
    3.7e-14   49.1   0.0    4.2e-14   48.9   0.0    1.2  1  nat_df5704c469ac5f164e3a  
      4e-14   49.0   2.7    4.5e-14   48.8   2.7    1.3  1  nat_98c17a9a67d3ec5e7355  
      4e-14   49.0   3.8    7.3e-14   48.1   3.8    1.6  1  nat_370baf47c4f0c06f12a6  
    4.6e-14   48.8   2.2    6.4e-14   48.3   2.2    1.3  1  nat_ae205daa22aa5ad59be8  
    5.4e-14   48.6   0.4    7.5e-14   48.1   0.4    1.1  1  nat_a9b81aca9b85a9dd31fc  
    5.6e-14   48.5   0.2    7.5e-14   48.1   0.2    1.1  1  nat_31e3d15096bef9cf7798  
    5.9e-14   48.4   0.6      1e-13   47.6   0.6    1.3  1  nat_50c1cc9965716061b22d  
    6.2e-14   48.4   3.2    8.6e-14   47.9   2.9    1.3  1  nat_05708ca69ef57e384a38  
    7.2e-14   48.2   2.6    9.6e-14   47.8   2.1    1.2  1  nat_996f1ae7a3cef8f9a8ed  
    7.3e-14   48.2   3.2    8.4e-14   48.0   2.6    1.3  1  nat_a0ad89f4e1861fd114d4  
    7.3e-14   48.1   4.7    9.9e-14   47.7   4.7    1.4  1  nat_2a43ec8cc7979782d2b6  
    7.5e-14   48.1   0.1    8.6e-14   47.9   0.1    1.0  1  nat_56827e9ef4ab0b50062c  
    7.7e-14   48.1   2.2    9.2e-14   47.8   2.2    1.3  1  nat_6f809a8968b616f73a26  
    7.9e-14   48.0   0.2    9.4e-14   47.8   0.2    1.1  1  nat_f62d186d9e38a7bef1c8  
      8e-14   48.0   0.8    8.8e-14   47.9   0.8    1.1  1  nat_dfe8452e4eed8d606afe  
    8.6e-14   47.9   0.0    1.2e-13   47.5   0.0    1.1  1  nat_945a2e3fc0ecd9bbe1cd  
      1e-13   47.7   0.8    1.3e-13   47.4   0.8    1.4  1  nat_a6b016934d3ca7e70b85  
    1.1e-13   47.6   0.1    1.4e-13   47.3   0.1    1.1  1  nat_515955f01bebed0b5963  
    1.1e-13   47.6   0.4    1.4e-13   47.2   0.4    1.1  1  nat_ea896810d6de49002a03  
    1.1e-13   47.6   0.1    1.5e-13   47.2   0.1    1.1  1  nat_c632ec39b31da8e567b8  
    1.3e-13   47.4   2.8    1.7e-13   47.0   2.2    1.3  1  nat_8cfb15257dddaf933d66  
    1.4e-13   47.3   2.4    1.5e-13   47.1   2.4    1.3  1  nat_62446b1275b012a250ea  
    1.4e-13   47.2   0.6    2.5e-13   46.4   0.6    1.4  1  nat_ff060c3a559a6f4f65d0  
    1.4e-13   47.2   2.8    1.8e-13   46.9   2.3    1.3  1  nat_e421fcf48d6e300eacc2  
    1.5e-13   47.1   1.2      2e-13   46.8   1.2    1.2  1  nat_59adc5339e1e4cde4f85  
    1.6e-13   47.0   2.8    1.8e-13   46.9   2.8    1.2  1  nat_04c084aa7034f2b0643c  
    1.9e-13   46.8   2.9    2.7e-13   46.3   2.9    1.3  1  nat_0527af41f2808b342e5a  
      2e-13   46.8   4.2    2.8e-13   46.2   4.2    1.5  1  nat_5147dbb10fa927c0ad55  
    2.1e-13   46.7   0.2    2.6e-13   46.4   0.2    1.1  1  nat_7ed38185a938590ae0f5  
    2.6e-13   46.4   4.5    3.3e-13   46.0   4.0    1.3  1  nat_1afa662e7ba52f44c1e0  
      3e-13   46.2   3.2    3.1e-13   46.1   2.5    1.3  1  nat_185744979d00560dee6b  
    3.1e-13   46.1   4.9    3.7e-13   45.9   4.9    1.3  1  nat_cd1a9ffb557d1157e46b  
    3.4e-13   46.0   0.1    4.1e-13   45.7   0.1    1.1  1  nat_bdbbf2ca834284fb90df  
    4.2e-13   45.7   3.2    8.2e-13   44.8   3.2    1.4  1  nat_21f981a64332a12578c3  
    4.9e-13   45.5   5.7    8.6e-13   44.7   5.7    1.6  1  nat_d790919b750d218eb5d2  
    5.2e-13   45.4   2.5    6.2e-13   45.1   2.5    1.1  1  nat_7cb108de86cc479cc796  
    5.5e-13   45.3   1.8    6.1e-13   45.2   1.5    1.3  1  nat_6101e6d94bc83fd7e764  
    5.9e-13   45.2   5.8    9.5e-13   44.5   5.8    1.6  1  nat_ccea7d4aa043b4d32826  
    6.8e-13   45.0   2.1    7.5e-13   44.9   2.1    1.3  1  nat_5383c67907971360d965  
    8.4e-13   44.7   1.9    1.4e-12   44.0   1.9    1.3  1  nat_3b723aaeacc6bb57b98b  
    1.7e-12   43.8   4.6    1.8e-12   43.7   4.6    1.3  1  nat_8cc50c0228caae3ad7f4  
    2.1e-12   43.4   3.8    2.2e-12   43.4   3.8    1.4  1  nat_f4e9c50251e64349c6bf  
    2.6e-12   43.2   1.0    3.1e-12   42.9   1.0    1.2  1  nat_39552a648e522cf0517f  
    4.7e-12   42.3   1.5    5.1e-12   42.2   1.5    1.3  1  nat_19fb2828c4fc32ca705b  
    5.3e-12   42.1   1.8    5.3e-12   42.1   1.8    1.4  1  nat_ac61932baba86c9a492c  
    7.3e-12   41.7   1.9    1.2e-11   41.0   1.9    1.3  1  nat_52cf8d3cb8c8f1b32edb  
    1.3e-11   40.9   4.5      2e-11   40.3   4.4    1.2  1  nat_3f0807141c190c600235  
    1.6e-11   40.6   0.1    1.8e-11   40.5   0.1    1.2  1  nat_3062abb6a6afc7917c3a  
    1.7e-11   40.5   4.5    2.8e-11   39.8   4.5    1.2  1  nat_a7260a5a6927c219450b  
    1.8e-11   40.4   0.0    1.9e-11   40.3   0.0    1.2  1  nat_b06966010b381d82d4cd  
    2.4e-11   40.0   0.1    2.4e-11   40.0   0.1    1.1  1  nat_7afd227c19d88f493be5  
    3.5e-11   39.5   0.1    3.9e-11   39.4   0.1    1.2  1  nat_0dbb7a6e5434eb973be2  
    4.7e-11   39.1   0.8      5e-11   39.0   0.8    1.1  1  nat_ad1ac7e11fe15e3670a1  
    5.4e-11   38.9   0.6    5.7e-11   38.8   0.6    1.0  1  nat_e7691975be520cbcfc17  
    6.2e-11   38.7   0.4    6.4e-11   38.6   0.4    1.1  1  nat_89c790125075f3b587bb  
    7.8e-11   38.4   1.6    8.1e-11   38.3   1.6    1.0  1  nat_fa3dad0f82d10d14690c  
    8.7e-11   38.2   0.1      1e-10   38.0   0.1    1.0  1  nat_69d3a359681679d56e0f  
      1e-10   38.0   0.0    1.1e-10   37.9   0.0    1.1  1  nat_56a08e61cb35ab8bf932  
    2.3e-10   36.9   1.6    3.3e-10   36.3   1.6    1.2  1  nat_fc9079f395e9793f6462  
    2.8e-10   36.6   1.1    2.8e-10   36.6   1.1    1.0  1  nat_c398ecaa7268076a0300  
    3.1e-10   36.5   0.1    3.7e-10   36.2   0.1    1.2  1  nat_9a40b0d38d561f5c4a77  
    9.1e-10   34.9   0.0    9.2e-10   34.9   0.0    1.1  1  nat_7bc4c8a6ef4aaf9c7db6  
    1.3e-09   34.5   0.4    1.3e-09   34.4   0.4    1.1  1  nat_4ac4ff2acc517133e87a  
    1.5e-08   31.0   0.2    1.8e-08   30.7   0.2    1.1  1  nat_bad2dad2cf60a57b02f5  
    2.3e-08   30.4   3.4    2.9e-08   30.1   3.4    1.3  1  nat_b09acb4d26a9cf98efc4  
    7.8e-08   28.7   0.0    8.6e-08   28.5   0.0    1.1  1  nat_0f8c9a9823e4214b9eae  
    1.5e-07   27.8   0.0    1.7e-07   27.6   0.0    1.1  1  nat_4e739c831373f0edfba7  
    9.1e-07   25.3   2.3    1.1e-06   25.0   2.3    1.1  1  nat_8c33f7d20b82781d6559  
    2.5e-06   23.8   1.6    3.1e-06   23.5   1.6    1.1  1  nat_ca44e444b9677c038eae  
    3.4e-06   23.4   1.1      4e-06   23.2   1.1    1.1  1  nat_6bb19b9be704c758f3bf  
    3.7e-06   23.3   1.1    4.6e-06   23.0   1.1    1.1  1  nat_09a4add84a42a4d7619a  
      4e-06   23.2   3.8    4.2e-06   23.1   3.8    1.1  1  nat_81b50d473e8fbea0d753  
    4.2e-06   23.1   1.5    5.4e-06   22.7   1.5    1.1  1  nat_cac1fc977093c9f79251  
    4.2e-06   23.1   1.3    5.7e-06   22.7   1.3    1.2  1  nat_8b60c84abe52648fea48  
    4.8e-06   22.9   1.1    6.3e-06   22.5   1.1    1.1  1  nat_e66080fefc6e1fc45cad  
    4.8e-06   22.9   1.3    5.5e-06   22.7   1.3    1.1  1  nat_e0ebc831130fb4447b33  
    4.9e-06   22.9   1.5    6.4e-06   22.5   1.5    1.1  1  nat_400956691502e8287169  
    5.7e-06   22.7   1.1    6.6e-06   22.5   1.1    1.1  1  nat_119a2208a386f4a54d9d  
    5.8e-06   22.7   1.4    7.2e-06   22.4   1.4    1.1  1  nat_1326ea501afe38d8f672  
    7.3e-06   22.3   1.4    9.8e-06   21.9   1.4    1.2  1  nat_ec115643818e77b77aa3  
    8.5e-06   22.1   2.8      1e-05   21.9   2.8    1.1  1  nat_7e1ce867323aad4660fd  
    1.9e-05   21.0   2.7    2.2e-05   20.8   2.7    1.1  1  nat_e6374c75b60fa8279ed4  
    1.9e-05   21.0   2.7    2.3e-05   20.7   2.7    1.2  1  nat_f09b5446213cc775d1f5  
    2.6e-05   20.6   2.2    3.3e-05   20.2   2.2    1.1  1  nat_c852c7981e77991797c2  
    2.7e-05   20.5   2.1    3.6e-05   20.1   2.1    1.2  1  nat_1907353f8ac65d71949b  
    2.7e-05   20.5   2.6    3.2e-05   20.3   2.6    1.1  1  nat_12a24c2ab9a08baa2623  
    2.8e-05   20.4   0.4    3.4e-05   20.2   0.4    1.1  1  nat_72e84071ee76b40912a9  
      3e-05   20.3   0.2    3.5e-05   20.1   0.2    1.1  1  nat_48e9ecb8ea26e11eb74d  
    5.2e-05   19.6   3.8    5.2e-05   19.6   3.8    1.5  1  nat_7f2f7e62d33f9e83854a  
    5.4e-05   19.5   2.1    6.9e-05   19.2   2.1    1.1  1  nat_3390f7fbd078cd08a119  
    8.1e-05   19.0   1.7    9.8e-05   18.7   1.7    1.1  1  nat_3878c8f21f617dc3063f  
    8.2e-05   18.9   1.6     0.0001   18.7   1.6    1.1  1  nat_9e4e510bac6a23505f71  
     0.0001   18.6   3.4    0.00013   18.3   3.4    1.1  1  nat_970e328c0ded530748ae  
     0.0001   18.6   2.3    0.00012   18.4   2.3    1.1  1  nat_9e5eb3fd2df1c3414b29  
    0.00011   18.5   2.1    0.00013   18.3   2.1    1.1  1  nat_03763a00c2145a246704  
    0.00019   17.7   0.1    0.00026   17.3   0.1    1.1  1  nat_065fd8fdc2701d3a4560  
    0.00027   17.3   2.8    0.00032   17.0   2.8    1.1  1  nat_ad3e371bbe2427eb778d  
    0.00027   17.3   1.7     0.0003   17.1   1.7    1.1  1  nat_40323b53e14ada1bf4ba  
    0.00028   17.2   4.0    0.00036   16.9   4.0    1.1  1  nat_a05d2a4091bc6540fd5e  
     0.0004   16.7   3.4    0.00045   16.5   3.4    1.1  1  nat_cac659721d3722d1a8be  
    0.00049   16.4   1.3     0.0006   16.1   1.3    1.1  1  nat_63e50dde20dac61b7920  
     0.0005   16.4   5.5    0.00059   16.2   5.5    1.1  1  nat_5a0a9494221c4659412c  
     0.0006   16.1   3.8    0.00071   15.9   3.8    1.0  1  nat_2d9f554b7cf506370a12  
    0.00076   15.8   3.0      0.001   15.4   3.0    1.2  1  nat_bcd02030b41a775b0edc  
    0.00086   15.6   3.8      0.001   15.4   3.8    1.1  1  nat_4a1d68dafdaa878722dd  
    0.00098   15.5   1.9     0.0013   15.1   1.9    1.1  1  nat_7fe76358dfedb7e7d8ad  
      0.001   15.4   0.1     0.0013   15.1   0.1    1.1  1  nat_2f4bcf9c4df2b9e2be92  
     0.0016   14.8   4.1     0.0019   14.5   4.1    1.1  1  nat_9898cabbd5e0fe5bcffe  
     0.0022   14.3   1.3      0.003   13.9   1.3    1.2  1  nat_c8cecfb77632c28453b2  
     0.0023   14.3   3.0      0.003   13.9   3.0    1.1  1  nat_153fd28bce58c6b649fd  
     0.0039   13.5   3.3     0.0049   13.2   3.3    1.1  1  nat_86681ddf38afc42e15b1  
     0.0046   13.3   2.3     0.0056   13.0   2.3    1.1  1  nat_76b9bfd05f9cb7a2e5e7  
     0.0058   13.0  13.0      0.016   11.5  13.0    1.7  1  nat_68089f3136e08c8655d5  
     0.0087   12.4   0.0     0.0087   12.4   0.0    1.1  1  nat_08095d9387557239b7fa  
  ------ inclusion threshold ------
      0.011   12.1   4.1      0.015   11.6   4.1    1.1  1  nat_d24a0f91a34bbf48a22b  
      0.015   11.7   0.0      0.015   11.7   0.0    1.1  1  nat_dfcd4d5922ac3741b10b  
      0.023   11.0   0.6      0.028   10.8   0.6    1.1  1  nat_504c0cf484c520b01106  
      0.026   10.9   2.6      0.034   10.5   2.6    1.1  1  nat_846fac879b04f20b8dd4  
      0.048   10.0   0.7      0.059    9.7   0.7    1.1  1  nat_5b4a90bc03c35db512fd  
      0.065    9.6   1.6      0.074    9.4   1.6    1.1  1  nat_d9cf1a4e61be35e90f85  
      0.079    9.3   2.1      0.094    9.1   2.1    1.1  1  nat_361f2bffb29a57e42966  
       0.22    7.9   1.2       0.27    7.6   1.2    1.1  1  nat_c383624a53bd673fde11  
       0.23    7.8   2.4        0.3    7.4   2.4    1.1  1  nat_ba6ff0ac3294d2c6818f  
       0.24    7.7   1.7        0.3    7.4   1.7    1.1  1  nat_08a343a9dea7d3e71216  
       0.29    7.5   1.6       0.37    7.2   1.6    1.1  1  nat_4b9401c72d1b603af896  
       0.35    7.2   2.0       0.42    7.0   2.0    1.1  1  nat_f9df0af090db19867f68  
       0.43    6.9   3.5       0.53    6.6   3.5    1.1  1  nat_e776d466f02718e89751  
       0.44    6.9   2.3       0.53    6.6   2.3    1.1  1  nat_1e2816be454b049f1920  
       0.47    6.8   3.9       0.59    6.5   3.9    1.1  1  nat_7370222c1be99389cd87  
          1    5.7   3.3        1.3    5.4   3.3    1.1  1  nat_e43d8fc75f0711ed613e  
        1.7    5.0   1.4        2.6    4.4   0.7    1.7  1  nat_14e9a67df0dd3e5aba86  
        3.1    4.2   0.3         14    2.1   0.0    2.0  1  nat_1d0c3bce91fc2c137fb1  
        3.7    3.9   0.1         10    2.5   0.0    1.7  1  nat_4ad1d6a6caa95658f7c1  
        5.3    3.4   1.3         10    2.5   0.4    1.8  1  nat_bf1b71832bbade3da9f4  
        5.4    3.4   0.8         16    1.8   0.5    1.9  1  nat_b363302af55ca0deaf4a  
        6.8    3.1   0.1         22    1.4   0.0    1.7  1  nat_b733ce3854fcc15a1e76  
        9.3    2.6   1.2         15    2.0   0.5    1.7  1  nat_86af9eceed0fad9d4e41  
         11    2.3   0.7         20    1.6   0.7    1.4  1  nat_343a5e4d559b5d15afdd  
         13    2.2   1.6         19    1.6   0.8    1.7  1  nat_31e361e3c2b319df0670  
         13    2.1   0.1         87   -0.5   0.0    1.9  0  nat_c94da6ff72ddadbf903d  
         14    2.0   0.4    1.1e+02   -0.8   0.0    2.0  0  nat_ed6d1dbeb44aa9e7c7f5  
         14    2.0   0.0         34    0.8   0.0    1.5  1  nat_99441ffbc2eca666e105  
         15    2.0   0.5         26    1.2   0.5    1.7  1  nat_c3e07fb5ea5af421370c  
         15    1.9   0.1         20    1.6   0.1    1.4  1  nat_75dc6e04d78110911214  
         15    1.9   0.2         22    1.4   0.1    1.3  1  nat_b25f81ae8808e6ebc176  
         16    1.9   0.0         58    0.0   0.0    1.7  1  nat_af322d28976cc7014aac  
         17    1.7   2.1         23    1.4   2.0    1.4  1  nat_5af1dad025fd9ae899db  
         18    1.7   0.1         21    1.5   0.1    1.3  1  nat_c369e87f87b6a7dd6238  
         19    1.6   0.4         45    0.4   0.3    1.6  1  nat_ae1bb733ce0d2f1bbdfe  
         20    1.6   0.4         66   -0.1   0.2    1.6  0  nat_25c8b136d03361e120af  
         21    1.5   0.1         58    0.0   0.1    1.5  1  nat_b6fc0c88601942e519e8  
         22    1.4   0.2         57    0.1   0.0    1.5  1  nat_891be5bf182f6f47b42f  
         22    1.4   0.0         22    1.4   0.0    1.2  1  nat_2ebca5fc1ab074750689  
         24    1.3   0.6         76   -0.3   0.2    1.6  0  nat_a5ecf4f0152b64075fbe  
         25    1.2   0.2         27    1.1   0.2    1.3  1  nat_0d4146f6304fb405a11b  
         25    1.2   0.2         26    1.2   0.1    1.3  1  nat_600cc7dd0b3564219e23  
         25    1.2   0.1         42    0.5   0.1    1.3  1  nat_47659eab3f77d326e707  
         25    1.2   0.0    1.1e+02   -0.8   0.0    1.6  0  nat_46a7ea60834e5bd635f0  
         26    1.2   0.2         35    0.8   0.2    1.4  1  nat_06bb445b6a5c2299edf7  
         26    1.2   0.1         32    0.9   0.1    1.4  1  nat_d861bfe11a962861f3d4  
         27    1.1   0.1         51    0.2   0.1    1.5  1  nat_a016c083356c8037a132  
         28    1.1   0.0         64   -0.1   0.0    1.4  0  nat_c58378832d10e041e802  
         28    1.1   0.1         33    0.8   0.1    1.4  1  nat_64647356df86f4d6c504  
         30    1.0   0.0         40    0.6   0.0    1.2  1  nat_217ee45dccf41939125a  
         31    0.9   0.1         37    0.7   0.1    1.5  1  nat_cacf90c6ca55636010b0  
         31    0.9   0.1         36    0.7   0.1    1.4  1  nat_1c074545fa887812c40d  
         31    0.9   0.1    1.8e+02   -1.5   0.0    1.6  0  nat_40ed670f9d1b6e635ac8  
         34    0.8   0.0         43    0.5   0.0    1.2  1  nat_155ce5a12a657fff67bd  
         34    0.8   0.0      1e+02   -0.8   0.0    1.5  0  nat_988a0f5d490f2bbc3e89  
         35    0.8   0.1         72   -0.3   0.0    1.4  0  nat_e7fa43c2e619fa329682  
         37    0.7   0.1    1.8e+02   -1.5   0.1    1.7  0  nat_f061d8bf614182df84fa  
         37    0.7   0.0    1.1e+02   -0.8   0.0    1.5  0  nat_830fd35add858a598871  
         38    0.7   1.8      1e+02   -0.7   0.1    1.9  0  nat_38a899b58398064cb5a8  
         38    0.6   0.0    1.3e+02   -1.1   0.0    1.5  0  nat_8f2d6eacf54e80641dec  
         40    0.6   0.8    2.2e+02   -1.8   0.1    1.9  0  nat_14d79c7db0ddb78fd3b7  
         40    0.6   0.0    1.5e+02   -1.3   0.0    1.5  0  nat_43891639cbd0b187cd1d  
         42    0.5   0.4    2.2e+02   -1.8   0.4    1.7  0  nat_30799f48b0f3373d9576  
         42    0.5   0.1         41    0.5   0.1    1.2  1  nat_dab55a7d52a5f41dc70e  
         43    0.5   0.1         50    0.3   0.1    1.4  1  nat_026e3420597e6acb04ba  
         43    0.5   0.1         41    0.5   0.1    1.3  1  nat_4bb2d1867476b81ae8d0  
         43    0.5   0.1    2.7e+02   -2.1   0.1    1.7  0  nat_276da45f10b6947549de  
         43    0.5   0.1         88   -0.5   0.1    1.4  0  nat_29df8995a7c8279513ee  
         44    0.4   0.2    2.8e+02   -2.2   0.0    1.6  0  nat_798e0478a1c671011eb9  
         46    0.4   1.2         70   -0.2   1.2    1.8  0  nat_e3f4e364e629f748cffd  
         46    0.4   0.0    1.8e+02   -1.5   0.0    1.5  0  nat_423d4f51455bfc4fa9f7  
         46    0.4   0.4         94   -0.6   0.2    1.6  0  nat_4c292eb9eef6d9eb379a  
         46    0.4   0.2    1.4e+02   -1.2   0.0    1.5  0  nat_5481768259de4485701e  
         47    0.4   0.1         59    0.0   0.1    1.2  1  nat_abb7c09a936c01a73080  
         47    0.4   0.1      3e+02   -2.3   0.1    1.7  0  nat_2db9df512db29de5b691  
         47    0.3   2.5    1.4e+02   -1.2   1.9    2.0  0  nat_d75b99c1a6e6c7509167  
         47    0.3   0.1         54    0.2   0.1    1.2  1  nat_6e78392ee68b0d7f0e1a  
         47    0.3   0.2    1.5e+02   -1.3   0.1    1.7  0  nat_d784af921bd64d7ae792  
         49    0.3   0.1    1.5e+02   -1.3   0.1    1.5  0  nat_687a26d89748bd8bac3c  
         50    0.3   0.1    3.4e+02   -2.4   0.1    1.6  0  nat_6aa0a7ae55b0a8989c03  
         50    0.3   0.4    1.9e+02   -1.6   0.2    1.6  0  nat_995571f9bd05bfb87fdc  
         50    0.2   0.0         64   -0.1   0.0    1.1  0  nat_6b6005bad0dd4948a190  
         51    0.2   0.1    2.1e+02   -1.7   0.1    1.5  0  nat_d9a321ed7844ae6c4c6b  
         53    0.2   0.0    2.8e+02   -2.2   0.0    1.5  0  nat_3333da7b9a0ceeb05aff  
         53    0.2   0.0    3.1e+02   -2.3   0.0    1.5  0  nat_e4a8de7e5640998fd89f  
         54    0.1   0.0         61   -0.0   0.0    1.2  0  nat_a52d6209dd2de857b094  
         55    0.1   0.1         66   -0.1   0.1    1.2  0  nat_04ce3ef0cebc48437e9d  
         56    0.1   0.1         53    0.2   0.1    1.2  1  nat_8d679434bd6ee5d126ba  
         56    0.1   1.3      1e+02   -0.7   0.3    1.8  0  nat_86531299b3cd10877014  
         57    0.1   0.5    3.4e+02   -2.4   0.0    1.7  0  nat_e01857d1bc698285002f  
         57    0.1   0.2    2.3e+02   -1.9   0.1    1.5  0  nat_7d71ff22ec87cf520bb6  
         59    0.0   0.0         59    0.0   0.0    1.3  1  nat_c37cb4752fc7ece7af97  
         59    0.0   0.3    7.5e+02   -3.5   0.3    1.7  0  nat_702b258a80a816c75a81  
         59    0.0   0.9         66   -0.1   0.9    1.6  0  nat_70c3a6e184ca96d89510  
         59    0.0   0.1    2.1e+02   -1.7   0.1    1.5  0  nat_95be5a9e931724aad2ad  
         59    0.0   0.0    5.3e+02   -3.0   0.0    1.6  0  nat_60d113e46f35310d4c7b  
         60    0.0   0.1    2.1e+02   -1.8   0.1    1.5  0  nat_733aafddaccc4e87506c  
         60    0.0   0.0    2.9e+02   -2.2   0.0    1.5  0  nat_ff5328221dfb8c0ae3e7  


Domain annotation for each sequence (and alignments):
>> nat_a3f05c67bc1886ca7112  
   #    score  bias  c-Evalue  i-Evalue hmmfrom  hmm to    alifrom  ali to    envfrom  env to     acc
 ---   ------ ----- --------- --------- ------- -------    ------- -------    ------- -------    ----
   1 !  153.3   0.1   1.2e-46   1.9e-46       4     108 ..       7     117 ..       1     120 [] 0.93

  Alignments for each domain:
  == domain 1  score: 153.3 bits;  conditional E-value: 1.2e-46
                      gvpa   4 ekasdssslaevldriLDkGiviDafvRvslvGieiltieaRvvvasvdtyLryaeavgklesaaepk......glvgevaesaa 82 
                               +   +ss+l++vl++iLD+G+viDafvRvslvGieil+i++R+vvasvdtyLr+aea+++l+ +a p+      +l+g+++es+a
  nat_a3f05c67bc1886ca7112   7 QGGGGSSGLYDVLELILDRGLVIDAFVRVSLVGIEILKIDIRIVVASVDTYLRFAEACNRLDLEAGPRkpagitELPGRLTESGA 91 
                               34479**************************************************************99**9999********** PP

                      gvpa  83 rgkakgalsgaaeaisdalkdasdes 108
                               rgk+kg lsgaaea++da+++  de 
  nat_a3f05c67bc1886ca7112  92 RGKTKGVLSGAAEAVADAFQQGRDEG 117
                               *******************9987665 PP

>> nat_367976824ecb68e9f969  
   #    score  bias  c-Evalue  i-Evalue hmmfrom  hmm to    alifrom  ali to    envfrom  env to     acc
 ---   ------ ----- --------- --------- ------- -------    ------- -------    ------- -------    ----
   1 !  150.1   0.1   1.2e-45   1.9e-45       7     105 ..      11     115 ..       1     118 [] 0.93

  Alignments for each domain:
  == domain 1  score: 150.1 bits;  conditional E-value: 1.2e-45
                      gvpa   7 sdssslaevldriLDkGiviDafvRvslvGieiltieaRvvvasvdtyLryaeavgklesaaepk......glvgevaesaargk 85 
                                +ss+l++vl++iLD+G+viDaf+RvslvGieil+i++RvvvasvdtyLr+aea+++l+ +  p+      +l+g+++e++arg+
  nat_367976824ecb68e9f969  11 GGSSGLYDVLELILDRGLVIDAFIRVSLVGIEILKIDVRVVVASVDTYLRFAEACNRLDLESGPRkpagltELPGKMKEEGARGV 95 
                               68*************************************************************999999999************* PP

                      gvpa  86 akgalsgaaeaisdalkdas 105
                               akgalsgaa++is+a+++  
  nat_367976824ecb68e9f969  96 AKGALSGAAQTISEAFREGR 115
                               ***************99864 PP

>> nat_db787bdce100ebe0b52f  
   #    score  bias  c-Evalue  i-Evalue hmmfrom  hmm to    alifrom  ali to    envfrom  env to     acc
 ---   ------ ----- --------- --------- ------- -------    ------- -------    ------- -------    ----
   1 !  149.3   0.1   2.1e-45   3.4e-45       7     119 ..      17     132 ..       3     136 .. 0.84

  Alignments for each domain:
  == domain 1  score: 149.3 bits;  conditional E-value: 2.1e-45
                      gvpa   7 sdssslaevldriLDkGiviDafvRvslvGieiltieaRvvvasvdtyLryaeavgklesaaepk...glvgevaesaargkakg 88 
                               s+ s+la+v+d+iLDkG+viDa+vRvslvGieilti++RvvvasvdtyLr+aeav++l+ a ++k   +l  e   s argk+kg
  nat_db787bdce100ebe0b52f  17 SSGSGLADVIDTILDKGLVIDAYVRVSLVGIEILTIDVRVVVASVDTYLRFAEAVNRLDIASQQKglpDLLSEAPRSIARGKSKG 101
                               6779*************************************************************55555566667889****** PP

                      gvpa  89 alsgaaeaisdalkdasdesesekssrsrrk 119
                                + g++ea++++l+d  ++  +e + r+rr+
  nat_db787bdce100ebe0b52f 102 ITQGVLEAAGEKLQDLMANHGEEPAPRARRR 132
                               ***************9555555555554433 PP

>> nat_d5cf1fda20a7d9852de3  
   #    score  bias  c-Evalue  i-Evalue hmmfrom  hmm to    alifrom  ali to    envfrom  env to     acc
 ---   ------ ----- --------- --------- ------- -------    ------- -------    ------- -------    ----
   1 !  148.3   0.1   4.1e-45   6.7e-45       7     119 ..      17     132 ..       3     136 .. 0.88

  Alignments for each domain:
  == domain 1  score: 148.3 bits;  conditional E-value: 4.1e-45
                      gvpa   7 sdssslaevldriLDkGiviDafvRvslvGieiltieaRvvvasvdtyLryaeavgklesaaepk...glvgevaesaargkakg 88 
                               s+ s+la+v+d+iLDkG+viDa+vRvslvGieilti++RvvvasvdtyLr+aeav++l+ a +++   +l  +  +s argk+kg
  nat_d5cf1fda20a7d9852de3  17 SSGSGLADVIDTILDKGLVIDAYVRVSLVGIEILTIDVRVVVASVDTYLRFAEAVNRLDLASQKQglpDLLSSAPQSVARGKTKG 101
                               6779*********************************************************99996666778888999******* PP

                      gvpa  89 alsgaaeaisdalkdasdesesekssrsrrk 119
                                + g++ea++++l+d+ ++   e + r+rr+
  nat_d5cf1fda20a7d9852de3 102 MVQGVLEAAGEKLQDMRESYVDEPAPRARRR 132
                               ****************877777777665554 PP

>> nat_b94659ce82742aca9749  
   #    score  bias  c-Evalue  i-Evalue hmmfrom  hmm to    alifrom  ali to    envfrom  env to     acc
 ---   ------ ----- --------- --------- ------- -------    ------- -------    ------- -------    ----
   1 !  147.7   0.0   6.3e-45     1e-44       7     110 ..      12     121 ..       1     122 [] 0.94

  Alignments for each domain:
  == domain 1  score: 147.7 bits;  conditional E-value: 6.3e-45
                      gvpa   7 sdssslaevldriLDkGiviDafvRvslvGieiltieaRvvvasvdtyLryaeavgklesaaepk......glvgevaesaargk 85 
                                +ss+l++vl++iLD+G+viDafvRvslvGieil+i++R+vvasvdtyLr+aea+++l+ +  p+      +l+ ++ es+++g 
  nat_b94659ce82742aca9749  12 GGSSGLYDVLELILDRGLVIDAFVRVSLVGIEILKIDIRIVVASVDTYLRFAEACNRLDLESGPRkpagltELPDKMRESGSKGA 96 
                               689************************************************************99999999999*********** PP

                      gvpa  86 akgalsgaaeaisdalkdasdeses 110
                               akg lsgaae+is+a+++a +e+ +
  nat_b94659ce82742aca9749  97 AKGILSGAAETISEAFQSAREEPRR 121
                               *****************99888765 PP

>> nat_25c3216ed34dec716827  
   #    score  bias  c-Evalue  i-Evalue hmmfrom  hmm to    alifrom  ali to    envfrom  env to     acc
 ---   ------ ----- --------- --------- ------- -------    ------- -------    ------- -------    ----
   1 !  147.7   0.0   6.4e-45     1e-44       7     110 ..      12     121 ..       1     122 [] 0.94

  Alignments for each domain:
  == domain 1  score: 147.7 bits;  conditional E-value: 6.4e-45
                      gvpa   7 sdssslaevldriLDkGiviDafvRvslvGieiltieaRvvvasvdtyLryaeavgklesaaepk......glvgevaesaargk 85 
                                +ss+l++vl++iLD+G+viDafvRvslvGieil+i++R+vvasvdtyLr+aea+++l+ +  p+      +l+ ++ es+++g 
  nat_25c3216ed34dec716827  12 GGSSGLYDVLELILDRGLVIDAFVRVSLVGIEILKIDIRIVVASVDTYLRFAEACNRLDLESGPRkpvgltELPDKMRESGSKGA 96 
                               689*************************************************************9999999999*********** PP

                      gvpa  86 akgalsgaaeaisdalkdasdeses 110
                               akg lsgaae+is+a+++a +e+ +
  nat_25c3216ed34dec716827  97 AKGILSGAAETISEAFQSAREEPRR 121
                               *****************99888765 PP

>> nat_4f0646e249cd3db1d37f  
   #    score  bias  c-Evalue  i-Evalue hmmfrom  hmm to    alifrom  ali to    envfrom  env to     acc
 ---   ------ ----- --------- --------- ------- -------    ------- -------    ------- -------    ----
   1 !  147.2   0.0     9e-45   1.5e-44       7     108 ..      10     117 ..       1     120 [] 0.93

  Alignments for each domain:
  == domain 1  score: 147.2 bits;  conditional E-value: 9e-45
                      gvpa   7 sdssslaevldriLDkGiviDafvRvslvGieiltieaRvvvasvdtyLryaeavgklesaaepk......glvgevaesaargk 85 
                                +ss+l++vl++iLD+G+viDa+vRvsl+Gieilti++R+vvas+dtyLr+aea+++l+ +a p+      +l+g++ es+a++k
  nat_4f0646e249cd3db1d37f  10 GGSSGLYDVLELILDRGLVIDAYVRVSLIGIEILTIDVRIVVASIDTYLRFAEACNRLDLEAGPRkpagltELPGKLMESGAHAK 94 
                               68**************************************************************99999999************* PP

                      gvpa  86 akgalsgaaeaisdalkdasdes 108
                               +kg lsgaae+++da+++  +e 
  nat_4f0646e249cd3db1d37f  95 TKGVLSGAAETLADAFQQGREEG 117
                               ****************9986654 PP

>> nat_57c2b381c8bb4035d01c  
   #    score  bias  c-Evalue  i-Evalue hmmfrom  hmm to    alifrom  ali to    envfrom  env to     acc
 ---   ------ ----- --------- --------- ------- -------    ------- -------    ------- -------    ----
   1 !  147.0   1.0   1.1e-44   1.7e-44       8     119 ..      18     132 ..       3     133 .] 0.93

  Alignments for each domain:
  == domain 1  score: 147.0 bits;  conditional E-value: 1.1e-44
                      gvpa   8 dssslaevldriLDkGiviDafvRvslvGieiltieaRvvvasvdtyLryaeavgklesaaepk...glvgevaesaargkakga 89 
                                 s+la+v+d+iLDkG+viDa+vRvslvGie+lti+aRvvvasvdtyLr+a av++l+  +++    +lvg ++e  a+gk+kg 
  nat_57c2b381c8bb4035d01c  18 TGSGLADVIDTILDKGLVIDAYVRVSLVGIEVLTIDARVVVASVDTYLRFASAVNRLDLTETQDglpELVGGLTEGVAHGKSKGV 102
                               579********************************************************99999777899*************** PP

                      gvpa  90 lsgaaeaisdalkdasdesesekssrsrrk 119
                                 g++ea++d+l++ +++ e +++ r rr 
  nat_57c2b381c8bb4035d01c 103 AKGVIEAAGDKLREFAASEEDRRAVRRRRG 132
                               ***************999999999998875 PP

>> nat_b1e17d61f6f3fc6cb817  
   #    score  bias  c-Evalue  i-Evalue hmmfrom  hmm to    alifrom  ali to    envfrom  env to     acc
 ---   ------ ----- --------- --------- ------- -------    ------- -------    ------- -------    ----
   1 !  146.8   0.1   1.2e-44     2e-44       7     110 ..      14     123 ..       1     126 [] 0.92

  Alignments for each domain:
  == domain 1  score: 146.8 bits;  conditional E-value: 1.2e-44
                      gvpa   7 sdssslaevldriLDkGiviDafvRvslvGieiltieaRvvvasvdtyLryaeavgklesaaepk......glvgevaesaargk 85 
                                +ss+l++vl++iLD+G+viDafvRvslvGieil+i++RvvvasvdtyLr+aea+++l+ +  p+      +l+g+++ s+ rg 
  nat_b1e17d61f6f3fc6cb817  14 GSSSGLYDVLELILDRGLVIDAFVRVSLVGIEILKIDIRVVVASVDTYLRFAEACNRLDLESGPRkpagltELPGQLKGSGGRGM 98 
                               689************************************************************999999999************* PP

                      gvpa  86 akgalsgaaeaisdalkdasdeses 110
                               akg lsgaaea+sda+++a +e  s
  nat_b1e17d61f6f3fc6cb817  99 AKGVLSGAAEAMSDAFHQARGEGRS 123
                               ******************9776654 PP

>> nat_14b353a284a92953cad8  
   #    score  bias  c-Evalue  i-Evalue hmmfrom  hmm to    alifrom  ali to    envfrom  env to     acc
 ---   ------ ----- --------- --------- ------- -------    ------- -------    ------- -------    ----
   1 !  146.6   0.0   1.4e-44   2.3e-44       7     110 ..      12     121 ..       1     122 [] 0.93

  Alignments for each domain:
  == domain 1  score: 146.6 bits;  conditional E-value: 1.4e-44
                      gvpa   7 sdssslaevldriLDkGiviDafvRvslvGieiltieaRvvvasvdtyLryaeavgklesaaepk......glvgevaesaargk 85 
                                +ss+l++vl++iLD+G+viDafvRvslvGieil+i++R+vvasvdtyLr+aea+++l+ +  p+      +++ ++ es+++g 
  nat_14b353a284a92953cad8  12 GGSSGLYDVLELILDRGLVIDAFVRVSLVGIEILKIDIRIVVASVDTYLRFAEACNRLDLESGPRkpagltEIPDKMRESGSKGA 96 
                               689***********************************************************9999998888899********** PP

                      gvpa  86 akgalsgaaeaisdalkdasdeses 110
                               akg lsgaae+is+a+++a +e+ +
  nat_14b353a284a92953cad8  97 AKGILSGAAETISEAFQSAREEPRR 121
                               *****************99888765 PP

>> nat_901c21e0006125b0e9d7  
   #    score  bias  c-Evalue  i-Evalue hmmfrom  hmm to    alifrom  ali to    envfrom  env to     acc
 ---   ------ ----- --------- --------- ------- -------    ------- -------    ------- -------    ----
   1 !  146.4   0.0   1.6e-44   2.6e-44       7     110 ..      11     120 ..       1     123 [] 0.92

  Alignments for each domain:
  == domain 1  score: 146.4 bits;  conditional E-value: 1.6e-44
                      gvpa   7 sdssslaevldriLDkGiviDafvRvslvGieiltieaRvvvasvdtyLryaeavgklesaaepk......glvgevaesaargk 85 
                                +ss+l++vl++iLD+G+viDafvRvslvGieil+i++RvvvasvdtyLr+aea+++l+ +  p+      +l+g+++ s+ rg 
  nat_901c21e0006125b0e9d7  11 GGSSGLYDVLELILDRGLVIDAFVRVSLVGIEILKIDIRVVVASVDTYLRFAEACNRLDLESGPRkpagltELPGQLKGSGGRGM 95 
                               68*************************************************************999999999************* PP

                      gvpa  86 akgalsgaaeaisdalkdasdeses 110
                               akg lsgaaea+sda+++a +e  s
  nat_901c21e0006125b0e9d7  96 AKGVLSGAAEAMSDAFHQARGEGRS 120
                               ******************9776654 PP

>> nat_e79f3223c0e51a4419c7  
   #    score  bias  c-Evalue  i-Evalue hmmfrom  hmm to    alifrom  ali to    envfrom  env to     acc
 ---   ------ ----- --------- --------- ------- -------    ------- -------    ------- -------    ----
   1 !  146.3   0.3   1.8e-44   2.9e-44       7     118 ..      11     128 ..       1     132 [] 0.92

  Alignments for each domain:
  == domain 1  score: 146.3 bits;  conditional E-value: 1.8e-44
                      gvpa   7 sdssslaevldriLDkGiviDafvRvslvGieiltieaRvvvasvdtyLryaeavgklesaaepk......glvgevaesaargk 85 
                                +ss+l++vl++iLD+G+viDaf+Rvs++Giei+ti++R+vvas+dtyLr+aea+++l+ +  p+      +l+ +++es++rgk
  nat_e79f3223c0e51a4419c7  11 GGSSGLYDVLELILDRGLVIDAFIRVSVIGIEIITIDIRIVVASIDTYLRFAEACNRLDLESGPRkpagltDLTEKLTESGSRGK 95 
                               689************************************************************999999999************* PP

                      gvpa  86 akgalsgaaeaisdalkdasdesesekssrsrr 118
                               akgalsgaae++  a+++a de  +++s r+  
  nat_e79f3223c0e51a4419c7  96 AKGALSGAAETVFGAYQQARDEGRARQSERAAD 128
                               *******************99999999999543 PP

>> nat_35afd2cfc45262b86709  
   #    score  bias  c-Evalue  i-Evalue hmmfrom  hmm to    alifrom  ali to    envfrom  env to     acc
 ---   ------ ----- --------- --------- ------- -------    ------- -------    ------- -------    ----
   1 !  146.1   0.0     2e-44   3.3e-44       7     110 ..      13     122 ..       1     125 [] 0.93

  Alignments for each domain:
  == domain 1  score: 146.1 bits;  conditional E-value: 2e-44
                      gvpa   7 sdssslaevldriLDkGiviDafvRvslvGieiltieaRvvvasvdtyLryaeavgklesaaepk......glvgevaesaargk 85 
                                +ss+l++vl++iLD+G+viDafvRvslvGieil+i++RvvvasvdtyLr+aea+++l+ +  p+      +l+g+++ s+ rg 
  nat_35afd2cfc45262b86709  13 GGSSGLYDVLELILDRGLVIDAFVRVSLVGIEILKIDIRVVVASVDTYLRFAEACNRLDLESGPRkpagltELPGQLKGSGGRGM 97 
                               689************************************************************999999999************* PP

                      gvpa  86 akgalsgaaeaisdalkdasdeses 110
                               akg lsgaaea+sda+++a +e  s
  nat_35afd2cfc45262b86709  98 AKGVLSGAAEAMSDAFHQARGEGRS 122
                               ******************9776654 PP

>> nat_e7351ec1bbef6e825734  
   #    score  bias  c-Evalue  i-Evalue hmmfrom  hmm to    alifrom  ali to    envfrom  env to     acc
 ---   ------ ----- --------- --------- ------- -------    ------- -------    ------- -------    ----
   1 !  145.9   0.0   2.3e-44   3.7e-44       7     110 ..      11     120 ..       1     123 [] 0.92

  Alignments for each domain:
  == domain 1  score: 145.9 bits;  conditional E-value: 2.3e-44
                      gvpa   7 sdssslaevldriLDkGiviDafvRvslvGieiltieaRvvvasvdtyLryaeavgklesaaepk......glvgevaesaargk 85 
                                +ss+l++vl+ iLD+G+viDafvRvslvGieil+i++RvvvasvdtyLr+aea+++l+ +  p+      +l+g+++ s+ rg 
  nat_e7351ec1bbef6e825734  11 GGSSGLYDVLEVILDRGLVIDAFVRVSLVGIEILKIDIRVVVASVDTYLRFAEACNRLDLESGPRkpagltELPGQLKGSGGRGM 95 
                               68*************************************************************999999999************* PP

                      gvpa  86 akgalsgaaeaisdalkdasdeses 110
                               akg lsgaaea+sda+++a +e  s
  nat_e7351ec1bbef6e825734  96 AKGVLSGAAEAMSDAFHQARGEGRS 120
                               ******************9776654 PP

>> nat_d2440e6d37d33df171fe  
   #    score  bias  c-Evalue  i-Evalue hmmfrom  hmm to    alifrom  ali to    envfrom  env to     acc
 ---   ------ ----- --------- --------- ------- -------    ------- -------    ------- -------    ----
   1 !  145.8   0.5   2.6e-44   4.2e-44       1      84 [.       1      84 [.       1      86 [] 0.98

  Alignments for each domain:
  == domain 1  score: 145.8 bits;  conditional E-value: 2.6e-44
                      gvpa  1 mavekasdssslaevldriLDkGiviDafvRvslvGieiltieaRvvvasvdtyLryaeavgklesaaepkglvgevaesaarg 84
                              m+++k++dssslaev+driLDkGiviDaf+RvslvGieiltieaRvv+asvdt+Lryaeavg+l++++e+ gl+g+ +e++a  
  nat_d2440e6d37d33df171fe  1 MSIQKSTDSSSLAEVIDRILDKGIVIDAFARVSLVGIEILTIEARVVIASVDTWLRYAEAVGLLTDKVEEDGLPGRPEERGAGL 84
                              99******************************************************************************9976 PP

>> nat_0890e07d5e23fde5596e  
   #    score  bias  c-Evalue  i-Evalue hmmfrom  hmm to    alifrom  ali to    envfrom  env to     acc
 ---   ------ ----- --------- --------- ------- -------    ------- -------    ------- -------    ----
   1 !  145.8   0.1   2.5e-44   4.2e-44       6     107 ..       6     117 ..       1     119 [] 0.93

  Alignments for each domain:
  == domain 1  score: 145.8 bits;  conditional E-value: 2.5e-44
                      gvpa   6 a....sdssslaevldriLDkGiviDafvRvslvGieiltieaRvvvasvdtyLryaeavgklesaaepk......glvgevaes 80 
                                     +ss+l++vl++iLD+G+viDafvRvslvGieil+i++R+vvasvdtyLr+aea+++l+ +  p+      +l+g+++ +
  nat_0890e07d5e23fde5596e   6 QsgggGGSSGLYDVLELILDRGLVIDAFVRVSLVGIEILKIDVRIVVASVDTYLRFAEACNRLDLESGPRkpagltELPGKLEGA 90 
                               3345578*************************************************************999999999******** PP

                      gvpa  81 aargkakgalsgaaeaisdalkdasde 107
                               ++rg +kg lsgaaea+sda+++a d+
  nat_0890e07d5e23fde5596e  91 GSRGATKGILSGAAEALSDAFQQARDG 117
                               **********************99765 PP

>> nat_5c686c3d3778ea9403cd  
   #    score  bias  c-Evalue  i-Evalue hmmfrom  hmm to    alifrom  ali to    envfrom  env to     acc
 ---   ------ ----- --------- --------- ------- -------    ------- -------    ------- -------    ----
   1 !  145.1   1.4     4e-44   6.6e-44       1      84 [.       1      84 [.       1      86 [] 0.98

  Alignments for each domain:
  == domain 1  score: 145.1 bits;  conditional E-value: 4e-44
                      gvpa  1 mavekasdssslaevldriLDkGiviDafvRvslvGieiltieaRvvvasvdtyLryaeavgklesaaepkglvgevaesaarg 84
                              m+++k++dssslaev+driLDkGiviDaf+RvslvGieiltieaRvv+asvdt+Lryaeavg+l++++e++g++g+  e++a  
  nat_5c686c3d3778ea9403cd  1 MSIQKSTDSSSLAEVIDRILDKGIVIDAFARVSLVGIEILTIEARVVIASVDTWLRYAEAVGLLTDKVEEEGIPGRADERGAGL 84
                              99******************************************************************************9976 PP

>> nat_710430bf63a97b4a270f  
   #    score  bias  c-Evalue  i-Evalue hmmfrom  hmm to    alifrom  ali to    envfrom  env to     acc
 ---   ------ ----- --------- --------- ------- -------    ------- -------    ------- -------    ----
   1 !  145.1   0.0   4.1e-44   6.8e-44       7     109 ..      12     120 ..       1     122 [] 0.94

  Alignments for each domain:
  == domain 1  score: 145.1 bits;  conditional E-value: 4.1e-44
                      gvpa   7 sdssslaevldriLDkGiviDafvRvslvGieiltieaRvvvasvdtyLryaeavgklesaaepk......glvgevaesaargk 85 
                                +ss+l++vl++iLD+G+viDafvRvslvGieil+i++R+vvasvdtyLr+aea+++l+ +  p+      +l+ ++ es+++g 
  nat_710430bf63a97b4a270f  12 GGSSGLYDVLELILDRGLVIDAFVRVSLVGIEILKIDIRIVVASVDTYLRFAEACNRLDLESGPRkpagltELPDKMRESGSKGA 96 
                               689************************************************************99999999999*********** PP

                      gvpa  86 akgalsgaaeaisdalkdasdese 109
                               +kg l+gaae++s+a+++a +e+ 
  nat_710430bf63a97b4a270f  97 TKGILAGAAETVSEAFQSARAEPR 120
                               ****************99987765 PP

>> nat_d3ef836095f7ac1cead1  
   #    score  bias  c-Evalue  i-Evalue hmmfrom  hmm to    alifrom  ali to    envfrom  env to     acc
 ---   ------ ----- --------- --------- ------- -------    ------- -------    ------- -------    ----
   1 !  144.7   0.0   5.6e-44   9.2e-44       7     110 ..      11     120 ..       1     123 [] 0.92

  Alignments for each domain:
  == domain 1  score: 144.7 bits;  conditional E-value: 5.6e-44
                      gvpa   7 sdssslaevldriLDkGiviDafvRvslvGieiltieaRvvvasvdtyLryaeavgklesaaepk......glvgevaesaargk 85 
                                +ss+l++vl++iLD+G+viDafvRvslvG+eil+i++RvvvasvdtyLr+aea+++l+ +  p+      +l+g+++ s+ rg 
  nat_d3ef836095f7ac1cead1  11 GGSSGLYDVLELILDRGLVIDAFVRVSLVGVEILKIDIRVVVASVDTYLRFAEACNRLDLESGPRkpagltELPGQLKGSGGRGM 95 
                               68*************************************************************999999999************* PP

                      gvpa  86 akgalsgaaeaisdalkdasdeses 110
                               akg lsgaaea+sda+++a +e  s
  nat_d3ef836095f7ac1cead1  96 AKGVLSGAAEAMSDAFHQARGEGRS 120
                               ******************9776654 PP

>> nat_d93f2e1e8fed25eda55f  
   #    score  bias  c-Evalue  i-Evalue hmmfrom  hmm to    alifrom  ali to    envfrom  env to     acc
 ---   ------ ----- --------- --------- ------- -------    ------- -------    ------- -------    ----
   1 !  144.4   0.0   6.9e-44   1.1e-43       7     110 ..      11     120 ..       1     123 [] 0.92

  Alignments for each domain:
  == domain 1  score: 144.4 bits;  conditional E-value: 6.9e-44
                      gvpa   7 sdssslaevldriLDkGiviDafvRvslvGieiltieaRvvvasvdtyLryaeavgklesaaepk......glvgevaesaargk 85 
                                +ss+l++vl++iLD+G+viDafvRvslvGieil+i++RvvvasvdtyLr+aea+++l+ +  p       +l+g+++ s+ rg 
  nat_d93f2e1e8fed25eda55f  11 GGSSGLYDVLELILDRGLVIDAFVRVSLVGIEILKIDIRVVVASVDTYLRFAEACNRLDLESGPLkpagltELPGQLKGSGGRGM 95 
                               68**********************************************************9998778899999************ PP

                      gvpa  86 akgalsgaaeaisdalkdasdeses 110
                               akg lsgaaea+sda+++a +e  s
  nat_d93f2e1e8fed25eda55f  96 AKGVLSGAAEAMSDAFHQARGEGRS 120
                               ******************9776654 PP

>> nat_40e46fb2de86e2d32973  
   #    score  bias  c-Evalue  i-Evalue hmmfrom  hmm to    alifrom  ali to    envfrom  env to     acc
 ---   ------ ----- --------- --------- ------- -------    ------- -------    ------- -------    ----
   1 !  143.6   1.3   1.2e-43   1.9e-43       1      87 [.       1      87 [.       1      95 [. 0.96

  Alignments for each domain:
  == domain 1  score: 143.6 bits;  conditional E-value: 1.2e-43
                      gvpa  1 mavekasdssslaevldriLDkGiviDafvRvslvGieiltieaRvvvasvdtyLryaeavgklesaaepkglvgevaesaargkak 87
                              ma++k++dssslaev+driLDkGiviDaf+Rvs+vGie++t+eaRvv+asvdt+Lryaeavg+l++++e++gl g++ es++++++ 
  nat_40e46fb2de86e2d32973  1 MAIQKSTDSSSLAEVVDRILDKGIVIDAFARVSVVGIELITVEARVVIASVDTWLRYAEAVGLLRDEVEEEGLGGRLGESGSSPETG 87
                              9*********************************************************************************99874 PP

>> nat_5ded9686139acac829e0  
   #    score  bias  c-Evalue  i-Evalue hmmfrom  hmm to    alifrom  ali to    envfrom  env to     acc
 ---   ------ ----- --------- --------- ------- -------    ------- -------    ------- -------    ----
   1 !  143.3   0.1   1.5e-43   2.4e-43       7     110 ..      14     123 ..       1     126 [] 0.91

  Alignments for each domain:
  == domain 1  score: 143.3 bits;  conditional E-value: 1.5e-43
                      gvpa   7 sdssslaevldriLDkGiviDafvRvslvGieiltieaRvvvasvdtyLryaeavgklesaaepk......glvgevaesaargk 85 
                                +ss+l++vl++iLD+G+viDafvRvslvGieil+i++RvvvasvdtyLr+aea+++l+ +  p+      +l+ +++ s+ rg 
  nat_5ded9686139acac829e0  14 GGSSGLYDVLELILDRGLVIDAFVRVSLVGIEILKIDIRVVVASVDTYLRFAEACNRLDLESGPRkpagltELPEQLKGSGGRGM 98 
                               68*************************************************************999999999999********** PP

                      gvpa  86 akgalsgaaeaisdalkdasdeses 110
                               akg lsgaaea+sda+++a +e  s
  nat_5ded9686139acac829e0  99 AKGVLSGAAEAMSDAFHQARGEGRS 123
                               ******************9776654 PP

>> nat_baa6b104c739419a55bf  
   #    score  bias  c-Evalue  i-Evalue hmmfrom  hmm to    alifrom  ali to    envfrom  env to     acc
 ---   ------ ----- --------- --------- ------- -------    ------- -------    ------- -------    ----
   1 !  142.0   1.0   3.7e-43   6.1e-43       7     117 ..      15     132 ..       1     139 [. 0.84

  Alignments for each domain:
  == domain 1  score: 142.0 bits;  conditional E-value: 3.7e-43
                      gvpa   7 sdssslaevldriLDkGiviDafvRvslvGieiltieaRvvvasvdtyLryaeavgklesaaepk......glvgevaesaargk 85 
                               ++ss+l +v+d+iLDkG+viD++vRvslvGieilti+aR+vvasvdtyLr+aea ++l+ a +        gl+ e++es+ ++k
  nat_baa6b104c739419a55bf  15 ASSSALVDVVDLILDKGLVIDVYVRVSLVGIEILTIDARIVVASVDTYLRFAEATNRLDLARSGTethglpGLMDEIQESGGKKK 99 
                               7899*******************************************************976555578888888899******** PP

                      gvpa  86 akgalsgaaeaisdalkdasde.sesekssrsr 117
                               +kgal g+ e++sd l+d +de  e+e+  r r
  nat_baa6b104c739419a55bf 100 TKGALEGVKESVSDLLRDDDDEdREPEAEERER 132
                               ****************99855413444444433 PP

>> nat_8b95b6a8454826276aeb  
   #    score  bias  c-Evalue  i-Evalue hmmfrom  hmm to    alifrom  ali to    envfrom  env to     acc
 ---   ------ ----- --------- --------- ------- -------    ------- -------    ------- -------    ----
   1 !  141.1   2.8   7.3e-43   1.2e-42       1      83 [.       1      83 [.       1      86 [. 0.97

  Alignments for each domain:
  == domain 1  score: 141.1 bits;  conditional E-value: 7.3e-43
                      gvpa  1 mavekasdssslaevldriLDkGiviDafvRvslvGieiltieaRvvvasvdtyLryaeavgklesaaepkglvgevaesaar 83
                              mav+k++dssslaev+driLDkGiviDafvRvs+vGieilt+eaRvv+asvdt+Lryaeavg+l++++e++gl+ + +e++a+
  nat_8b95b6a8454826276aeb  1 MAVQKSTDSSSLAEVIDRILDKGIVIDAFVRVSVVGIEILTVEARVVIASVDTWLRYAEAVGLLRDEVEQEGLPAQSNERSAA 83
                              9****************************************************************************999875 PP

>> nat_bd1bbd2e9fa260563ceb  
   #    score  bias  c-Evalue  i-Evalue hmmfrom  hmm to    alifrom  ali to    envfrom  env to     acc
 ---   ------ ----- --------- --------- ------- -------    ------- -------    ------- -------    ----
   1 !  140.5   1.7   1.1e-42   1.7e-42       1      86 [.       1      86 [.       1      95 [. 0.94

  Alignments for each domain:
  == domain 1  score: 140.5 bits;  conditional E-value: 1.1e-42
                      gvpa  1 mavekasdssslaevldriLDkGiviDafvRvslvGieiltieaRvvvasvdtyLryaeavgklesaaepkglvgevaesaargka 86
                              ma++k++dssslaev+driLDkGiviDa++R+s+vGie++tieaRvv+asvdt+Lryaeavg+l++++e++gl g+++e +++++ 
  nat_bd1bbd2e9fa260563ceb  1 MAIQKSTDSSSLAEVIDRILDKGIVIDAYARISVVGIELITIEARVVIASVDTWLRYAEAVGLLRDEVEDEGLGGRLSEDTSQSSQ 86
                              9******************************************************************************9877655 PP

>> nat_fe955d4fbb111b30864b  
   #    score  bias  c-Evalue  i-Evalue hmmfrom  hmm to    alifrom  ali to    envfrom  env to     acc
 ---   ------ ----- --------- --------- ------- -------    ------- -------    ------- -------    ----
   1 !  140.6   1.5     1e-42   1.6e-42       1      86 [.       1      86 [.       1      96 [. 0.93

  Alignments for each domain:
  == domain 1  score: 140.6 bits;  conditional E-value: 1e-42
                      gvpa  1 mavekasdssslaevldriLDkGiviDafvRvslvGieiltieaRvvvasvdtyLryaeavgklesaaepkglvgevaesaargka 86
                              ma++k++dssslaev+driLDkGiviDaf+Rvs+vGie++tieaRvv+asvdt+Lryaeavg+l++++e++gl g++ e+ ++++ 
  nat_fe955d4fbb111b30864b  1 MAIQKSTDSSSLAEVVDRILDKGIVIDAFARVSVVGIELITIEARVVIASVDTWLRYAEAVGLLRDEVEEEGLGGRLGEQDSSQSG 86
                              9****************************************************************************998776654 PP

>> nat_2b769a64bdbe24f6dbc7  
   #    score  bias  c-Evalue  i-Evalue hmmfrom  hmm to    alifrom  ali to    envfrom  env to     acc
 ---   ------ ----- --------- --------- ------- -------    ------- -------    ------- -------    ----
   1 !  140.5   0.7   1.1e-42   1.8e-42       7     117 ..      15     132 ..       1     138 [. 0.85

  Alignments for each domain:
  == domain 1  score: 140.5 bits;  conditional E-value: 1.1e-42
                      gvpa   7 sdssslaevldriLDkGiviDafvRvslvGieiltieaRvvvasvdtyLryaeavgklesaaepk......glvgevaesaargk 85 
                               ++ss+l +v+d+iLDkG+viD++vRvslvGieilti+aR+vvasvdtyLr+aea ++l+ a +        gl+ +++es+ ++k
  nat_2b769a64bdbe24f6dbc7  15 ASSSALVDVVDLILDKGLVIDVYVRVSLVGIEILTIDARIVVASVDTYLRFAEATNRLDIARSGTethglpGLMDQLQESGGKKK 99 
                               7899*******************************************************976555578788888899******** PP

                      gvpa  86 akgalsgaaeaisdalkda.sdesesekssrsr 117
                               +kgal g+ e++sd l++  +++ e+e+  r+r
  nat_2b769a64bdbe24f6dbc7 100 TKGALEGVKESVSDLLQGDaDEDREPEAGERAR 132
                               ***************986536666666666654 PP

>> nat_69fb8c8dffa72eb18b9b  
   #    score  bias  c-Evalue  i-Evalue hmmfrom  hmm to    alifrom  ali to    envfrom  env to     acc
 ---   ------ ----- --------- --------- ------- -------    ------- -------    ------- -------    ----
   1 !  140.4   1.2   1.2e-42   1.9e-42       1      83 [.       1      83 [.       1      86 [] 0.97

  Alignments for each domain:
  == domain 1  score: 140.4 bits;  conditional E-value: 1.2e-42
                      gvpa  1 mavekasdssslaevldriLDkGiviDafvRvslvGieiltieaRvvvasvdtyLryaeavgklesaaepkglvgevaesaar 83
                              m+++k++dssslaev+driLDkGiviDaf+RvslvGieilt+eaRvv+asvdt+Lryaeavg+l++++e+kgl  + +e++ +
  nat_69fb8c8dffa72eb18b9b  1 MSIQKSADSSSLAEVIDRILDKGIVIDAFARVSLVGIEILTVEARVVIASVDTWLRYAEAVGLLRDEVEEKGLLNQQNERSQQ 83
                              99*************************************************************************99998765 PP

>> nat_bd681cfbd78ed763b9df  
   #    score  bias  c-Evalue  i-Evalue hmmfrom  hmm to    alifrom  ali to    envfrom  env to     acc
 ---   ------ ----- --------- --------- ------- -------    ------- -------    ------- -------    ----
   1 !  140.2   1.0   1.3e-42   2.2e-42       1      82 [.       1      82 [.       1      88 [. 0.92

  Alignments for each domain:
  == domain 1  score: 140.2 bits;  conditional E-value: 1.3e-42
                      gvpa  1 mavekasdssslaevldriLDkGiviDafvRvslvGieiltieaRvvvasvdtyLryaeavgklesaaepkglvgevaesaa 82
                              m+++k++dssslaev+driLDkGiviDaf+RvslvGieiltieaRvv+asvdt+Lryaeavg+l+++++++gl+ + +++  
  nat_bd681cfbd78ed763b9df  1 MSIQKSNDSSSLAEVIDRILDKGIVIDAFARVSLVGIEILTIEARVVIASVDTWLRYAEAVGLLRDEVQEEGLANRQKNERN 82
                              99**********************************************************************9987654433 PP

>> nat_7987b4f5a99061af67e9  
   #    score  bias  c-Evalue  i-Evalue hmmfrom  hmm to    alifrom  ali to    envfrom  env to     acc
 ---   ------ ----- --------- --------- ------- -------    ------- -------    ------- -------    ----
   1 !  139.9   2.0   1.6e-42   2.7e-42       1      86 [.       1      86 [.       1      95 [. 0.94

  Alignments for each domain:
  == domain 1  score: 139.9 bits;  conditional E-value: 1.6e-42
                      gvpa  1 mavekasdssslaevldriLDkGiviDafvRvslvGieiltieaRvvvasvdtyLryaeavgklesaaepkglvgevaesaargka 86
                              ma++k++dssslaev+driLDkGiviDaf+Rvs+vGie++t+eaRvv+asvdt+Lryaeavg+l++++e++gl g++ e+  ++++
  nat_7987b4f5a99061af67e9  1 MAIQKSTDSSSLAEVVDRILDKGIVIDAFARVSVVGIELITVEARVVIASVDTWLRYAEAVGLLRDEVEEEGLGGRLGEENQSSSS 86
                              9***************************************************************************9998877665 PP

>> nat_e0205c427b560fb5fab6  
   #    score  bias  c-Evalue  i-Evalue hmmfrom  hmm to    alifrom  ali to    envfrom  env to     acc
 ---   ------ ----- --------- --------- ------- -------    ------- -------    ------- -------    ----
   1 !  139.9   0.8   1.7e-42   2.9e-42       1      84 [.       1      84 [.       1      87 [. 0.96

  Alignments for each domain:
  == domain 1  score: 139.9 bits;  conditional E-value: 1.7e-42
                      gvpa  1 mavekasdssslaevldriLDkGiviDafvRvslvGieiltieaRvvvasvdtyLryaeavgklesaaepkglvgevaesaarg 84
                              m+++k++dssslaev+driLDkGiviDaf+RvslvGieilt+eaRvv+asvdt+Lryaeavg+l++++e++gl+ + +e+  ++
  nat_e0205c427b560fb5fab6  1 MSIQKTTDSSSLAEVIDRILDKGIVIDAFARVSLVGIEILTVEARVVIASVDTWLRYAEAVGLLRDEVEEEGLPQQDNERNKQS 84
                              99************************************************************************9999987665 PP

>> nat_c50a1a828acd52df133e  
   #    score  bias  c-Evalue  i-Evalue hmmfrom  hmm to    alifrom  ali to    envfrom  env to     acc
 ---   ------ ----- --------- --------- ------- -------    ------- -------    ------- -------    ----
   1 !  139.8   2.1   1.8e-42     3e-42       1      87 [.       1      87 [.       1      95 [. 0.94

  Alignments for each domain:
  == domain 1  score: 139.8 bits;  conditional E-value: 1.8e-42
                      gvpa  1 mavekasdssslaevldriLDkGiviDafvRvslvGieiltieaRvvvasvdtyLryaeavgklesaaepkglvgevaesaargkak 87
                              ma++k++dssslaev+driLDkGiviDaf+Rvs+vGie++t+eaRvv+asvdt+Lryaeavg+l++++e++gl g++ e+  +++++
  nat_c50a1a828acd52df133e  1 MAIQKSTDSSSLAEVVDRILDKGIVIDAFARVSVVGIELITVEARVVIASVDTWLRYAEAVGLLRDEVEEEGLGGRLGEEEQSSSSR 87
                              9***************************************************************************99988777765 PP

>> nat_c7332b08bc757555c17c  
   #    score  bias  c-Evalue  i-Evalue hmmfrom  hmm to    alifrom  ali to    envfrom  env to     acc
 ---   ------ ----- --------- --------- ------- -------    ------- -------    ------- -------    ----
   1 !  139.7   2.2   1.9e-42   3.1e-42       1      88 [.       1      88 [.       1      95 [. 0.94

  Alignments for each domain:
  == domain 1  score: 139.7 bits;  conditional E-value: 1.9e-42
                      gvpa  1 mavekasdssslaevldriLDkGiviDafvRvslvGieiltieaRvvvasvdtyLryaeavgklesaaepkglvgevaesaargkak 87
                              ma++k++dssslaev+driLDkGiviDaf+Rvs+vGie++t+eaRvv+asvdt+Lryaeavg+l++++e++gl g++ e+  +++a+
  nat_c7332b08bc757555c17c  1 MAIQKSTDSSSLAEVVDRILDKGIVIDAFARVSVVGIELITVEARVVIASVDTWLRYAEAVGLLRDEVEEEGLGGRLGEEEQSSSAR 87
                              9***************************************************************************99988777765 PP

                      gvpa 88 g 88
                              +
  nat_c7332b08bc757555c17c 88 S 88
                              4 PP

>> nat_754029d7fdddcf0dda8b  
   #    score  bias  c-Evalue  i-Evalue hmmfrom  hmm to    alifrom  ali to    envfrom  env to     acc
 ---   ------ ----- --------- --------- ------- -------    ------- -------    ------- -------    ----
   1 !  139.5   0.3   2.3e-42   3.7e-42       7     118 ..      15     135 ..       1     138 [. 0.84

  Alignments for each domain:
  == domain 1  score: 139.5 bits;  conditional E-value: 2.3e-42
                      gvpa   7 sdssslaevldriLDkGiviDafvRvslvGieiltieaRvvvasvdtyLryaeavgklesaaepk......glvgevaesaargk 85 
                               ++ss+l +v+d+iLDkG+viD++vRvslvGie+lti+aR+vvasvdtyLr+aea ++l+ a +        gl+ ++ e + ++k
  nat_754029d7fdddcf0dda8b  15 ASSSALVDVVDLILDKGLVIDVYVRVSLVGIELLTIDARIVVASVDTYLRFAEATNRLDLARSGTethglpGLMDDLREGGGKKK 99 
                               7899*******************************************************9765555787888888999******* PP

                      gvpa  86 akgalsgaaeaisdalkda...sdesesekssrsrr 118
                               +kgal g+ e++sd l+d    + e+e+e+ sr rr
  nat_754029d7fdddcf0dda8b 100 TKGALEGVKESVSDLLQDDddeDREPEPEERSRPRR 135
                               ****************99842233445555555554 PP

>> nat_61cb6f10b13fb11f910f  
   #    score  bias  c-Evalue  i-Evalue hmmfrom  hmm to    alifrom  ali to    envfrom  env to     acc
 ---   ------ ----- --------- --------- ------- -------    ------- -------    ------- -------    ----
   1 !  139.5   1.3   2.2e-42   3.5e-42       1      85 [.       1      85 [.       1      95 [. 0.93

  Alignments for each domain:
  == domain 1  score: 139.5 bits;  conditional E-value: 2.2e-42
                      gvpa  1 mavekasdssslaevldriLDkGiviDafvRvslvGieiltieaRvvvasvdtyLryaeavgklesaaepkglvgevaesaargk 85
                              ma++k++dssslaev+driLDkGiviDaf+Rvs+vGie++t+eaRvv+asvdt+Lryaeavg+l++++e++gl g++ e+  +++
  nat_61cb6f10b13fb11f910f  1 MAIQKSTDSSSLAEVVDRILDKGIVIDAFARVSVVGIELITVEARVVIASVDTWLRYAEAVGLLRDEVEEEGLGGRLGEEEQSSS 85
                              9**************************************************************************9988766554 PP

>> nat_ac016806c065e58141c3  
   #    score  bias  c-Evalue  i-Evalue hmmfrom  hmm to    alifrom  ali to    envfrom  env to     acc
 ---   ------ ----- --------- --------- ------- -------    ------- -------    ------- -------    ----
   1 !  139.3   1.4   2.7e-42   4.4e-42       1      83 [.       1      83 [.       1      88 [. 0.92

  Alignments for each domain:
  == domain 1  score: 139.3 bits;  conditional E-value: 2.7e-42
                      gvpa  1 mavekasdssslaevldriLDkGiviDafvRvslvGieiltieaRvvvasvdtyLryaeavgklesaaepkglvgevaesaar 83
                              m+++k++dssslaev+driLDkGiviDaf+RvslvGiei+tieaRvv+asvdt+Lryaeavg+l+++++++gl+ + +++ ++
  nat_ac016806c065e58141c3  1 MSIQKSNDSSSLAEVIDRILDKGIVIDAFARVSLVGIEIITIEARVVIASVDTWLRYAEAVGLLRDEVQEEGLANRQKNERST 83
                              99**********************************************************************99876544333 PP

>> nat_b77997ea61d5b6352e31  
   #    score  bias  c-Evalue  i-Evalue hmmfrom  hmm to    alifrom  ali to    envfrom  env to     acc
 ---   ------ ----- --------- --------- ------- -------    ------- -------    ------- -------    ----
   1 !  139.2   1.4   2.8e-42   4.6e-42       1      83 [.       1      83 [.       1      88 [. 0.92

  Alignments for each domain:
  == domain 1  score: 139.2 bits;  conditional E-value: 2.8e-42
                      gvpa  1 mavekasdssslaevldriLDkGiviDafvRvslvGieiltieaRvvvasvdtyLryaeavgklesaaepkglvgevaesaar 83
                              m+++k++dssslaev+driLDkGiviDaf+RvslvGieiltieaRvv+asvdt+Lryaeavg+l+++++++gl+ + +++ ++
  nat_b77997ea61d5b6352e31  1 MSIQKSADSSSLAEVIDRILDKGIVIDAFARVSLVGIEILTIEARVVIASVDTWLRYAEAVGLLRDEVQEEGLANRQKNERST 83
                              99**********************************************************************99876544333 PP

>> nat_cd4bfde01bf7f512d7e4  
   #    score  bias  c-Evalue  i-Evalue hmmfrom  hmm to    alifrom  ali to    envfrom  env to     acc
 ---   ------ ----- --------- --------- ------- -------    ------- -------    ------- -------    ----
   1 !  139.1   1.3   3.1e-42   5.1e-42       1      83 [.       1      83 [.       1      86 [. 0.97

  Alignments for each domain:
  == domain 1  score: 139.1 bits;  conditional E-value: 3.1e-42
                      gvpa  1 mavekasdssslaevldriLDkGiviDafvRvslvGieiltieaRvvvasvdtyLryaeavgklesaaepkglvgevaesaar 83
                              mav+k++dss+la+v+driLDkGiviDaf+Rvs+vGieiltieaRvv+asvdt+Lryaeavg+l+++++++gl+ + +e++ +
  nat_cd4bfde01bf7f512d7e4  1 MAVQKSTDSSGLADVIDRILDKGIVIDAFIRVSVVGIEILTIEARVVIASVDTWLRYAEAVGLLRDEVQNEGLPEQKNERSNS 83
                              9**************************************************************************99998865 PP

>> nat_2b3b9522031fea2fc996  
   #    score  bias  c-Evalue  i-Evalue hmmfrom  hmm to    alifrom  ali to    envfrom  env to     acc
 ---   ------ ----- --------- --------- ------- -------    ------- -------    ------- -------    ----
   1 !  139.0   1.0   3.3e-42   5.4e-42       1      87 [.       1      87 [.       1      96 [. 0.93

  Alignments for each domain:
  == domain 1  score: 139.0 bits;  conditional E-value: 3.3e-42
                      gvpa  1 mavekasdssslaevldriLDkGiviDafvRvslvGieiltieaRvvvasvdtyLryaeavgklesaaepkglvgevaesaargkak 87
                              ma++k++dssslaev+driLDkGiviDaf+Rvs+vGie++tieaRvv+asv+t++ryaeavg+l+++++++gl g++ e+ ++++ +
  nat_2b3b9522031fea2fc996  1 MAIQKSTDSSSLAEVVDRILDKGIVIDAFARVSVVGIELITIEARVVIASVETWMRYAEAVGLLRDEVQEEGLGGRLGEQESSPSKQ 87
                              9***************************************************************************99887776554 PP

>> nat_667b333e161105876fb2  
   #    score  bias  c-Evalue  i-Evalue hmmfrom  hmm to    alifrom  ali to    envfrom  env to     acc
 ---   ------ ----- --------- --------- ------- -------    ------- -------    ------- -------    ----
   1 !  138.9   2.1   3.5e-42   5.8e-42       1      79 [.       1      79 [.       1      83 [. 0.97

  Alignments for each domain:
  == domain 1  score: 138.9 bits;  conditional E-value: 3.5e-42
                      gvpa  1 mavekasdssslaevldriLDkGiviDafvRvslvGieiltieaRvvvasvdtyLryaeavgklesaaepkglvgevae 79
                              m+v+k++dssslaev+driLDkGiviDafvRvslvGieilt+eaRvv+asvdt+Lryaeavg+l+++++++gl+ + +e
  nat_667b333e161105876fb2  1 MSVQKSTDSSSLAEVIDRILDKGIVIDAFVRVSLVGIEILTVEARVVIASVDTWLRYAEAVGLLRDEVQEEGLANRNQE 79
                              99**********************************************************************9988776 PP

>> nat_a16c69ff4d6574406dee  
   #    score  bias  c-Evalue  i-Evalue hmmfrom  hmm to    alifrom  ali to    envfrom  env to     acc
 ---   ------ ----- --------- --------- ------- -------    ------- -------    ------- -------    ----
   1 !  138.8   0.7   3.8e-42   6.2e-42       1      84 [.       1      84 [.       1      87 [. 0.96

  Alignments for each domain:
  == domain 1  score: 138.8 bits;  conditional E-value: 3.8e-42
                      gvpa  1 mavekasdssslaevldriLDkGiviDafvRvslvGieiltieaRvvvasvdtyLryaeavgklesaaepkglvgevaesaarg 84
                              m ++k++dssslaev+driLDkGiviDaf+RvslvGieilt+eaRvv+asvdt+Lryaeavg+l++++e++gl+ + +e+  ++
  nat_a16c69ff4d6574406dee  1 MGIQKTTDSSSLAEVIDRILDKGIVIDAFARVSLVGIEILTVEARVVIASVDTWLRYAEAVGLLRDEVEEEGLPQQDNERNKQS 84
                              899***********************************************************************9999987665 PP

>> nat_049b976820314d6d1bba  
   #    score  bias  c-Evalue  i-Evalue hmmfrom  hmm to    alifrom  ali to    envfrom  env to     acc
 ---   ------ ----- --------- --------- ------- -------    ------- -------    ------- -------    ----
   1 !  138.7   0.2   3.9e-42   6.4e-42       8     113 ..      14     119 ..       1     130 [. 0.78

  Alignments for each domain:
  == domain 1  score: 138.7 bits;  conditional E-value: 3.9e-42
                      gvpa   8 dssslaevldriLDkGiviDafvRvslvGieiltieaRvvvasvdtyLryaeavgkles.aaepkglvgevaesaargkakgals 91 
                               +s sla+v+d+iLDkG+viDa+vRvslvGie++ti+aRvvvasvdtyLr+aeav++le  +++pkgl+ ++ +  ++g+a+g++ 
  nat_049b976820314d6d1bba  14 SSQSLADVVDTILDKGLVIDAYVRVSLVGIELVTIDARVVVASVDTYLRFAEAVNRLEIsETQPKGLP-DMVQDMTTGVAEGKTK 97 
                               799*******************************************************9456677755.4444555666667777 PP

                      gvpa  92 gaaeaisdalkdasdeseseks 113
                               ga+ea+++++ d  ++s+ e+ 
  nat_049b976820314d6d1bba  98 GAIEAAGEKVLDFLGGSQDERE 119
                               7777777777666444443332 PP

>> nat_b412c2b00055ebc34540  
   #    score  bias  c-Evalue  i-Evalue hmmfrom  hmm to    alifrom  ali to    envfrom  env to     acc
 ---   ------ ----- --------- --------- ------- -------    ------- -------    ------- -------    ----
   1 !  138.6   1.1   4.1e-42   6.8e-42       1      86 [.       1      86 [.       1      95 [. 0.94

  Alignments for each domain:
  == domain 1  score: 138.6 bits;  conditional E-value: 4.1e-42
                      gvpa  1 mavekasdssslaevldriLDkGiviDafvRvslvGieiltieaRvvvasvdtyLryaeavgklesaaepkglvgevaesaargka 86
                              ma++k++dssslaev+driLDkGiviDafvR+ +vGie++t+eaRvvvasvdt+Lryaeavg+l++++e++gl g++ e+ ++++ 
  nat_b412c2b00055ebc34540  1 MAIQKSTDSSSLAEVIDRILDKGIVIDAFVRINVVGIELITVEARVVVASVDTWLRYAEAVGLLRDEVEEEGLGGRLGEQESSPSN 86
                              9***************************************************************************9998777654 PP

>> nat_31b58a77b806c43147b8  
   #    score  bias  c-Evalue  i-Evalue hmmfrom  hmm to    alifrom  ali to    envfrom  env to     acc
 ---   ------ ----- --------- --------- ------- -------    ------- -------    ------- -------    ----
   1 !  138.6   1.3   4.2e-42     7e-42       1      82 [.       1      83 [.       1      88 [. 0.91

  Alignments for each domain:
  == domain 1  score: 138.6 bits;  conditional E-value: 4.2e-42
                      gvpa  1 mavekasdssslaevldriLDkGiviDafvRvslvGieiltieaRvvvasvdtyLryaeavgklesaaepkglvg.evaesaa 82
                              m+++k++dssslaev+driLDkGiviDaf+RvslvGieiltieaRvv+asvdt+Lryaeavg+l+++++++gl+  + +e+++
  nat_31b58a77b806c43147b8  1 MSIQKSTDSSSLAEVIDRILDKGIVIDAFARVSLVGIEILTIEARVVIASVDTWLRYAEAVGLLRDEVQEEGLANlQKNERST 83
                              99*********************************************************************997623344444 PP

>> nat_d7a9007355adf4811ce9  
   #    score  bias  c-Evalue  i-Evalue hmmfrom  hmm to    alifrom  ali to    envfrom  env to     acc
 ---   ------ ----- --------- --------- ------- -------    ------- -------    ------- -------    ----
   1 !  138.5   0.8   4.4e-42   7.3e-42       1      83 [.       1      83 [.       1      96 [. 0.93

  Alignments for each domain:
  == domain 1  score: 138.5 bits;  conditional E-value: 4.4e-42
                      gvpa  1 mavekasdssslaevldriLDkGiviDafvRvslvGieiltieaRvvvasvdtyLryaeavgklesaaepkglvgevaesaar 83
                              ma++k++dssslaev+driLDkGiviDa++R+s+vGie++tieaRvv+asvdt+Lryaeavg+l++++e++gl g+++++  +
  nat_d7a9007355adf4811ce9  1 MAIQKSTDSSSLAEVIDRILDKGIVIDAYARISVVGIELITIEARVVIASVDTWLRYAEAVGLLRDEVEEEGLGGRLSDQEYS 83
                              9**************************************************************************99876544 PP

>> nat_3d98e85018a97647d297  
   #    score  bias  c-Evalue  i-Evalue hmmfrom  hmm to    alifrom  ali to    envfrom  env to     acc
 ---   ------ ----- --------- --------- ------- -------    ------- -------    ------- -------    ----
   1 !  138.4   2.4   4.8e-42   7.9e-42       1      86 [.       1      86 [.       1      96 [. 0.94

  Alignments for each domain:
  == domain 1  score: 138.4 bits;  conditional E-value: 4.8e-42
                      gvpa  1 mavekasdssslaevldriLDkGiviDafvRvslvGieiltieaRvvvasvdtyLryaeavgklesaaepkglvgevaesaargka 86
                              ma++k++dssslaev+driLDkGiviDaf+Rvs+vGie++t+eaRvv+asvdt+Lryaeavg+l++++e++g+ g++ae+   +++
  nat_3d98e85018a97647d297  1 MAIQKSTDSSSLAEVVDRILDKGIVIDAFARVSVVGIELITVEARVVIASVDTWLRYAEAVGLLRDEVEEEGIGGRLAEQRLGSQS 86
                              9******************************************************************************9776665 PP

>> nat_db2cdf073eed6ed31349  
   #    score  bias  c-Evalue  i-Evalue hmmfrom  hmm to    alifrom  ali to    envfrom  env to     acc
 ---   ------ ----- --------- --------- ------- -------    ------- -------    ------- -------    ----
   1 !  138.4   3.0   4.9e-42     8e-42       1      87 [.       1      87 [.       1      96 [. 0.95

  Alignments for each domain:
  == domain 1  score: 138.4 bits;  conditional E-value: 4.9e-42
                      gvpa  1 mavekasdssslaevldriLDkGiviDafvRvslvGieiltieaRvvvasvdtyLryaeavgklesaaepkglvgevaesaargkak 87
                              ma++k++dssslaev+driLDkGiviDaf+Rvs+vGie++t+eaRvv+asvdt+Lryaeavg+l++++e++g+ g++ae+   ++++
  nat_db2cdf073eed6ed31349  1 MAIQKSTDSSSLAEVVDRILDKGIVIDAFARVSVVGIELITVEARVVIASVDTWLRYAEAVGLLRDEVEEEGIGGRLAEQRVGSQSQ 87
                              9******************************************************************************98877764 PP

>> nat_d51344965969dceb6639  
   #    score  bias  c-Evalue  i-Evalue hmmfrom  hmm to    alifrom  ali to    envfrom  env to     acc
 ---   ------ ----- --------- --------- ------- -------    ------- -------    ------- -------    ----
   1 !  138.5   0.2   4.5e-42   7.4e-42       8     112 ..      14     118 ..       1     130 [. 0.79

  Alignments for each domain:
  == domain 1  score: 138.5 bits;  conditional E-value: 4.5e-42
                      gvpa   8 dssslaevldriLDkGiviDafvRvslvGieiltieaRvvvasvdtyLryaeavgkles.aaepkglvgevaesaargkakgals 91 
                               +s sla+v+d+iLDkG+viDa+vRvslvGie++ti+aRvvvasvdtyLr+aeav++le  +++pkgl+ ++ +  ++g+a+g++ 
  nat_d51344965969dceb6639  14 SSQSLADVVDTILDKGLVIDAYVRVSLVGIELVTIDARVVVASVDTYLRFAEAVNRLEIsETQPKGLP-DMVQDMTTGVAEGKTK 97 
                               799*******************************************************9456677755.4444555666667777 PP

                      gvpa  92 gaaeaisdalkdasdesesek 112
                               ga+ea+++++ d  ++s+ e+
  nat_d51344965969dceb6639  98 GAIEAAGEKVLDFLGGSQDER 118
                               777777777766644444333 PP

>> nat_ed46c9e7b97a1b13dc86  
   #    score  bias  c-Evalue  i-Evalue hmmfrom  hmm to    alifrom  ali to    envfrom  env to     acc
 ---   ------ ----- --------- --------- ------- -------    ------- -------    ------- -------    ----
   1 !  138.4   3.0     5e-42   8.2e-42       1      87 [.       1      87 [.       1      96 [. 0.95

  Alignments for each domain:
  == domain 1  score: 138.4 bits;  conditional E-value: 5e-42
                      gvpa  1 mavekasdssslaevldriLDkGiviDafvRvslvGieiltieaRvvvasvdtyLryaeavgklesaaepkglvgevaesaargkak 87
                              ma++k++dssslaev+driLDkGiviDaf+Rvs+vGie++t+eaRvv+asvdt+Lryaeavg+l++++e++g+ g++ae+   ++++
  nat_ed46c9e7b97a1b13dc86  1 MAIQKSTDSSSLAEVVDRILDKGIVIDAFARVSVVGIELITVEARVVIASVDTWLRYAEAVGLLRDEVEEEGIGGRLAEQRVGSQSQ 87
                              9******************************************************************************98777664 PP

>> nat_48ea71fe1cd777e6ddfc  
   #    score  bias  c-Evalue  i-Evalue hmmfrom  hmm to    alifrom  ali to    envfrom  env to     acc
 ---   ------ ----- --------- --------- ------- -------    ------- -------    ------- -------    ----
   1 !  138.3   2.1   5.4e-42   8.9e-42       1      86 [.       1      86 [.       1      94 [. 0.95

  Alignments for each domain:
  == domain 1  score: 138.3 bits;  conditional E-value: 5.4e-42
                      gvpa  1 mavekasdssslaevldriLDkGiviDafvRvslvGieiltieaRvvvasvdtyLryaeavgklesaaepkglvgevaesaargka 86
                              ma++k++dssslaev+driLDkGiviDaf+Rvs+vGie++tieaRvv+asv+t++ryaeavg+l++++ ++g+ g+++e+ a+++ 
  nat_48ea71fe1cd777e6ddfc  1 MAIQKSTDSSSLAEVIDRILDKGIVIDAFARVSVVGIELITIEARVVIASVETWMRYAEAVGLLRDEVLEEGIGGRLEEQEASQSN 86
                              9******************************************************************************9988765 PP

>> nat_f9d423597b7778d440ea  
   #    score  bias  c-Evalue  i-Evalue hmmfrom  hmm to    alifrom  ali to    envfrom  env to     acc
 ---   ------ ----- --------- --------- ------- -------    ------- -------    ------- -------    ----
   1 !  138.2   2.6   5.6e-42   9.2e-42       1      86 [.       1      86 [.       1      96 [. 0.94

  Alignments for each domain:
  == domain 1  score: 138.2 bits;  conditional E-value: 5.6e-42
                      gvpa  1 mavekasdssslaevldriLDkGiviDafvRvslvGieiltieaRvvvasvdtyLryaeavgklesaaepkglvgevaesaargka 86
                              ma++k++dssslaev+driLDkGiviDaf+Rvs+vGie++t+eaRvv+asvdt+Lryaeavg+l++++e++g+ g++ae+   +++
  nat_f9d423597b7778d440ea  1 MAIQKSTDSSSLAEVVDRILDKGIVIDAFARVSVVGIELITVEARVVIASVDTWLRYAEAVGLLRDEVEEEGIGGRLAEQRLGSES 86
                              9******************************************************************************9877666 PP

>> nat_b09a8337edbf59a7c5c3  
   #    score  bias  c-Evalue  i-Evalue hmmfrom  hmm to    alifrom  ali to    envfrom  env to     acc
 ---   ------ ----- --------- --------- ------- -------    ------- -------    ------- -------    ----
   1 !  138.2   1.4   5.6e-42   9.2e-42       1      86 [.       1      86 [.       1      95 [. 0.94

  Alignments for each domain:
  == domain 1  score: 138.2 bits;  conditional E-value: 5.6e-42
                      gvpa  1 mavekasdssslaevldriLDkGiviDafvRvslvGieiltieaRvvvasvdtyLryaeavgklesaaepkglvgevaesaargka 86
                              ma++k++dssslaev+driLDkGiviDafvR+ +vGie++t+eaRvvvasvdt+Lryaeavg+l++++e++gl g++ e+ +++ +
  nat_b09a8337edbf59a7c5c3  1 MAIQKSTDSSSLAEVIDRILDKGIVIDAFVRINVVGIELITVEARVVVASVDTWLRYAEAVGLLRDEVEEEGLGGRLGEQESSSPS 86
                              9***************************************************************************9998776655 PP

>> nat_e3bf29001a743e3b64f9  
   #    score  bias  c-Evalue  i-Evalue hmmfrom  hmm to    alifrom  ali to    envfrom  env to     acc
 ---   ------ ----- --------- --------- ------- -------    ------- -------    ------- -------    ----
   1 !  137.9   0.4   6.8e-42   1.1e-41       8     115 ..      14     125 ..       1     152 [. 0.83

  Alignments for each domain:
  == domain 1  score: 137.9 bits;  conditional E-value: 6.8e-42
                      gvpa   8 dssslaevldriLDkGiviDafvRvslvGieiltieaRvvvasvdtyLryaeavgklesaaepk....glvgevaesaargkakg 88 
                               + ssla+v+d+iLDkG+viD +vRvslvGie+lti+aR+v+asvdtyLr+aeav++l+   ++     +l+  v+es+a+gk+ g
  nat_e3bf29001a743e3b64f9  14 APSSLADVIDTILDKGLVIDIYVRVSLVGIELLTIDARIVIASVDTYLRFAEAVNRLDLTDTQThgipELIEGVTESGAKGKTSG 98 
                               569*******************************************************987777566667777777777777777 PP

                      gvpa  89 alsgaaeaisdalkdasdesesekssr 115
                               a+ ga e ++  l++ +++s++++   
  nat_e3bf29001a743e3b64f9  99 AIEGAKEKLGSILGSDDEDSDKDADKD 125
                               777777777777776666666554443 PP

>> nat_d8cf5bfdf78857545866  
   #    score  bias  c-Evalue  i-Evalue hmmfrom  hmm to    alifrom  ali to    envfrom  env to     acc
 ---   ------ ----- --------- --------- ------- -------    ------- -------    ------- -------    ----
   1 !  137.8   3.1   7.4e-42   1.2e-41       1      87 [.       1      87 [.       1      96 [. 0.95

  Alignments for each domain:
  == domain 1  score: 137.8 bits;  conditional E-value: 7.4e-42
                      gvpa  1 mavekasdssslaevldriLDkGiviDafvRvslvGieiltieaRvvvasvdtyLryaeavgklesaaepkglvgevaesaargkak 87
                              ma++k++dssslaev+driLDkGiviDaf+Rvs+vGie++t+eaRvv+asvdt+Lryaeavg+l++++e++g+ g++ae+   ++++
  nat_d8cf5bfdf78857545866  1 MAIQKSTDSSSLAEVVDRILDKGIVIDAFARVSVVGIELITVEARVVIASVDTWLRYAEAVGLLRDEVEDEGIGGRLAEQRVGSQSQ 87
                              9******************************************************************************98877764 PP

>> nat_0f2a8f05ef1200c5dc0c  
   #    score  bias  c-Evalue  i-Evalue hmmfrom  hmm to    alifrom  ali to    envfrom  env to     acc
 ---   ------ ----- --------- --------- ------- -------    ------- -------    ------- -------    ----
   1 !  137.8   1.2   7.4e-42   1.2e-41       1      83 [.       1      83 [.       1      95 [. 0.90

  Alignments for each domain:
  == domain 1  score: 137.8 bits;  conditional E-value: 7.4e-42
                      gvpa  1 mavekasdssslaevldriLDkGiviDafvRvslvGieiltieaRvvvasvdtyLryaeavgklesaaepkglvgevaesaar 83
                              ma++k++dssslaev+driLDkGiviDaf+Rvs+vGie++t+eaRvv+asvdt+Lryaeavg+l++++e++gl g++ +   +
  nat_0f2a8f05ef1200c5dc0c  1 MAIQKSTDSSSLAEVVDRILDKGIVIDAFARVSVVGIELITVEARVVIASVDTWLRYAEAVGLLRDEVEEEGLGGRLGDGEET 83
                              9**********************************************************************998877544333 PP

>> nat_3d9edce97c58d4805f58  
   #    score  bias  c-Evalue  i-Evalue hmmfrom  hmm to    alifrom  ali to    envfrom  env to     acc
 ---   ------ ----- --------- --------- ------- -------    ------- -------    ------- -------    ----
   1 !  137.7   0.2   8.1e-42   1.3e-41       8     112 ..      14     122 ..       1     141 [. 0.81

  Alignments for each domain:
  == domain 1  score: 137.7 bits;  conditional E-value: 8.1e-42
                      gvpa   8 dssslaevldriLDkGiviDafvRvslvGieiltieaRvvvasvdtyLryaeavgklesaaepk....glvgevaesaargkakg 88 
                               + ssla+v+d+iLDkG+viD +vRvslvGie+lti+aR+v+asvdtyLr+aeav++l+   ++     +l+  v+es+a+gk+ g
  nat_3d9edce97c58d4805f58  14 APSSLADVIDTILDKGLVIDIYVRVSLVGIELLTIDARIVIASVDTYLRFAEAVNRLDLTDTQThgipELIEGVTESGAKGKTSG 98 
                               569*******************************************************987777566666777777777777777 PP

                      gvpa  89 alsgaaeaisdalkdasdesesek 112
                               a+ ga e ++  l++ +++s++++
  nat_3d9edce97c58d4805f58  99 AIEGAKEKLGSILGSDDEDSDKNA 122
                               777777777777766665555543 PP

>> nat_fb63ecbac61c302167f9  
   #    score  bias  c-Evalue  i-Evalue hmmfrom  hmm to    alifrom  ali to    envfrom  env to     acc
 ---   ------ ----- --------- --------- ------- -------    ------- -------    ------- -------    ----
   1 !  137.6   0.7   8.4e-42   1.4e-41       7     117 ..      15     132 ..       1     141 [. 0.83

  Alignments for each domain:
  == domain 1  score: 137.6 bits;  conditional E-value: 8.4e-42
                      gvpa   7 sdssslaevldriLDkGiviDafvRvslvGieiltieaRvvvasvdtyLryaeavgklesaaepk......glvgevaesaargk 85 
                               ++ss+l +v+d+iLDkG+viD++vRvslvGie+lti+aR+vvasvdtyLr+aea ++l+ a +        gl+ e+ e + ++k
  nat_fb63ecbac61c302167f9  15 ASSSALVDVVDLILDKGLVIDVYVRVSLVGIELLTIDARIVVASVDTYLRFAEATNRLDLARSGTethglpGLMDEIREGGGKSK 99 
                               7899*******************************************************976555578777788899999***** PP

                      gvpa  86 akgalsgaaeaisdalkda.sdesesekssrsr 117
                               +kgal g+ e++sd +++  +++ e+e+  r r
  nat_fb63ecbac61c302167f9 100 TKGALEGVKESVSDLFQGDeDEDREPEAEERER 132
                               ***************987734444444444433 PP

>> nat_c9dd3d8bb3321e485fa8  
   #    score  bias  c-Evalue  i-Evalue hmmfrom  hmm to    alifrom  ali to    envfrom  env to     acc
 ---   ------ ----- --------- --------- ------- -------    ------- -------    ------- -------    ----
   1 !  137.6   1.3   8.4e-42   1.4e-41       1      84 [.       1      84 [.       1      95 [. 0.92

  Alignments for each domain:
  == domain 1  score: 137.6 bits;  conditional E-value: 8.4e-42
                      gvpa  1 mavekasdssslaevldriLDkGiviDafvRvslvGieiltieaRvvvasvdtyLryaeavgklesaaepkglvgevaesaarg 84
                              ma++k++dssslaev+driLDkGiviDa++R+s+vGie++t+eaRvvvasvdt+Lryaeavg+l++++e++gl g++ ++  ++
  nat_c9dd3d8bb3321e485fa8  1 MAIQKSTDSSSLAEVIDRILDKGIVIDAYARISVVGIELITVEARVVVASVDTWLRYAEAVGLLRDEVEEEGLGGRLGDQEYSQ 84
                              9************************************************************************99987665443 PP

>> nat_6a0677ea515c945fa3fc  
   #    score  bias  c-Evalue  i-Evalue hmmfrom  hmm to    alifrom  ali to    envfrom  env to     acc
 ---   ------ ----- --------- --------- ------- -------    ------- -------    ------- -------    ----
   1 !  137.7   1.9   8.1e-42   1.3e-41       1      83 [.       1      83 [.       1      86 [] 0.97

  Alignments for each domain:
  == domain 1  score: 137.7 bits;  conditional E-value: 8.1e-42
                      gvpa  1 mavekasdssslaevldriLDkGiviDafvRvslvGieiltieaRvvvasvdtyLryaeavgklesaaepkglvgevaesaar 83
                              m+++k+sdssslaev+driLDkGiviDaf+RvslvGieiltieaRvv+asvdt+Lryaeavg+l++++e+  l  + +e+a++
  nat_6a0677ea515c945fa3fc  1 MSIQKSSDSSSLAEVIDRILDKGIVIDAFARVSLVGIEILTIEARVVIASVDTWLRYAEAVGLLRDEVEEDSLSKQDNERAPQ 83
                              99***********************************************************************9999999876 PP

>> nat_de3106e39b73b2986cc3  
   #    score  bias  c-Evalue  i-Evalue hmmfrom  hmm to    alifrom  ali to    envfrom  env to     acc
 ---   ------ ----- --------- --------- ------- -------    ------- -------    ------- -------    ----
   1 !  137.7   2.7   8.1e-42   1.3e-41       1      81 [.       1      81 [.       1      86 [] 0.93

  Alignments for each domain:
  == domain 1  score: 137.7 bits;  conditional E-value: 8.1e-42
                      gvpa  1 mavekasdssslaevldriLDkGiviDafvRvslvGieiltieaRvvvasvdtyLryaeavgklesaaepkglvgevaesa 81
                              m+v+k++dssslaev+driLDkGiviDafvRvslvGieilt+eaRvv+asvdt+Lryaeavg+l+++ae++ l+ + + ++
  nat_de3106e39b73b2986cc3  1 MSVQKSTDSSSLAEVIDRILDKGIVIDAFVRVSLVGIEILTVEARVVIASVDTWLRYAEAVGLLSDEAETESLAYQNESQT 81
                              99*********************************************************************9877655444 PP

>> nat_68131976059d25a80b19  
   #    score  bias  c-Evalue  i-Evalue hmmfrom  hmm to    alifrom  ali to    envfrom  env to     acc
 ---   ------ ----- --------- --------- ------- -------    ------- -------    ------- -------    ----
   1 !  137.5   1.3   9.5e-42   1.6e-41       1      83 [.       1      83 [.       1      86 [] 0.96

  Alignments for each domain:
  == domain 1  score: 137.5 bits;  conditional E-value: 9.5e-42
                      gvpa  1 mavekasdssslaevldriLDkGiviDafvRvslvGieiltieaRvvvasvdtyLryaeavgklesaaepkglvgevaesaar 83
                              m+++k++dssslaev+driLDkGiviDaf+RvslvGieilt+eaRvv+asvdt+Lrya+avg+l+++++++gl+ +  e++++
  nat_68131976059d25a80b19  1 MSIQKSTDSSSLAEVIDRILDKGIVIDAFARVSLVGIEILTVEARVVIASVDTWLRYANAVGLLRDDVQEEGLMEQQGERSSQ 83
                              99***********************************************************************9999998765 PP

>> nat_9d9dd9734a5c8ab98eeb  
   #    score  bias  c-Evalue  i-Evalue hmmfrom  hmm to    alifrom  ali to    envfrom  env to     acc
 ---   ------ ----- --------- --------- ------- -------    ------- -------    ------- -------    ----
   1 !  137.3   0.0     1e-41   1.7e-41      12     119 ..       1     115 [.       1     118 [. 0.92

  Alignments for each domain:
  == domain 1  score: 137.3 bits;  conditional E-value: 1e-41
                      gvpa  12 laevldriLDkGiviDafvRvslvGieiltieaRvvvasvdtyLryaeavgklesaaepk.......glvgevaesaargkakga 89 
                               +++vl+++LD+G+viDafvRvslvGieil+i++RvvvasvdtyLr+aea+++++ +a p+        + g+++ s+++ ++kga
  nat_9d9dd9734a5c8ab98eeb   1 MYDVLELVLDRGLVIDAFVRVSLVGIEILKIDVRVVVASVDTYLRFAEACNRMDLEAGPHkpaglpeMVGGQLTGSGSQDRTKGA 85 
                               69*******************************************************9999998884344799************ PP

                      gvpa  90 lsgaaeaisdalkdasdesesekssrsrrk 119
                               lsga +++sda+++  +e  +++++r r++
  nat_9d9dd9734a5c8ab98eeb  86 LSGAGQTVSDAFQEGRGEDRERETARPRHR 115
                               ***************999888888886654 PP

>> nat_911977f51fb32fb01946  
   #    score  bias  c-Evalue  i-Evalue hmmfrom  hmm to    alifrom  ali to    envfrom  env to     acc
 ---   ------ ----- --------- --------- ------- -------    ------- -------    ------- -------    ----
   1 !  137.1   1.8   1.2e-41     2e-41       1      84 [.       1      84 [.       1      94 [. 0.93

  Alignments for each domain:
  == domain 1  score: 137.1 bits;  conditional E-value: 1.2e-41
                      gvpa  1 mavekasdssslaevldriLDkGiviDafvRvslvGieiltieaRvvvasvdtyLryaeavgklesaaepkglvgevaesaarg 84
                              ma++k++dssslaev+driLDkGiviDa++R+s+vGie++t+eaRvvvasvdt+Lryaeavg+l++++e++gl g++ ++  ++
  nat_911977f51fb32fb01946  1 MAIQKSTDSSSLAEVIDRILDKGIVIDAYARISVVGIELITVEARVVVASVDTWLRYAEAVGLLRDEVEEEGLGGRLGDQNYSS 84
                              9************************************************************************99998776544 PP

>> nat_dec5fa293ad4eeaffa6f  
   #    score  bias  c-Evalue  i-Evalue hmmfrom  hmm to    alifrom  ali to    envfrom  env to     acc
 ---   ------ ----- --------- --------- ------- -------    ------- -------    ------- -------    ----
   1 !  137.1   3.0   1.2e-41     2e-41       1      92 [.       1      92 [.       1      97 [. 0.95

  Alignments for each domain:
  == domain 1  score: 137.1 bits;  conditional E-value: 1.2e-41
                      gvpa  1 mavekasdssslaevldriLDkGiviDafvRvslvGieiltieaRvvvasvdtyLryaeavgklesaaepkglvgevaesaargkak 87
                              mav+k++dssslaev+driLDkGiviDaf+Rvs+vGie++t+eaRvv+asvdt+Lryaeavg+l++++e++gl  +++ ++ ++++ 
  nat_dec5fa293ad4eeaffa6f  1 MAVQKTTDSSSLAEVIDRILDKGIVIDAFARVSVVGIELVTVEARVVIASVDTWLRYAEAVGLLRDEVEEEGLSNRLSARTDSTSSS 87
                              9****************************************************************************9999999998 PP

                      gvpa 88 galsg 92
                              g+++ 
  nat_dec5fa293ad4eeaffa6f 88 GQTNE 92
                              88765 PP

>> nat_b06af7d1cee59c44dcd2  
   #    score  bias  c-Evalue  i-Evalue hmmfrom  hmm to    alifrom  ali to    envfrom  env to     acc
 ---   ------ ----- --------- --------- ------- -------    ------- -------    ------- -------    ----
   1 !  136.7   3.9   1.6e-41   2.7e-41       1      96 [.       1      96 [.       1     101 [. 0.93

  Alignments for each domain:
  == domain 1  score: 136.7 bits;  conditional E-value: 1.6e-41
                      gvpa  1 mavekasdssslaevldriLDkGiviDafvRvslvGieiltieaRvvvasvdtyLryaeavgklesaaepkglvgevaesaargkak 87
                              mav+k++dssslaev+driLDkGiviDa++Rvs+vGie++tieaRvv+asvdt+Lryaeavg+l++++e++g+ g  +  ++rg+++
  nat_b06af7d1cee59c44dcd2  1 MAVQKSTDSSSLAEVIDRILDKGIVIDAYARVSVVGIELITIEARVVIASVDTWLRYAEAVGLLRDEVEDEGVEGVEERLSSRGSSR 87
                              9***********************************************************************888888889999999 PP

                      gvpa 88 galsgaaea 96
                               a sg  + 
  nat_b06af7d1cee59c44dcd2 88 IASSGGSNE 96
                              988887665 PP

>> nat_34a4a65736a78d22df6a  
   #    score  bias  c-Evalue  i-Evalue hmmfrom  hmm to    alifrom  ali to    envfrom  env to     acc
 ---   ------ ----- --------- --------- ------- -------    ------- -------    ------- -------    ----
   1 !  136.4   0.6     2e-41   3.4e-41       1      84 [.       1      84 [.       1      90 [. 0.93

  Alignments for each domain:
  == domain 1  score: 136.4 bits;  conditional E-value: 2e-41
                      gvpa  1 mavekasdssslaevldriLDkGiviDafvRvslvGieiltieaRvvvasvdtyLryaeavgklesaaepkglvgevaesaarg 84
                              m+++k+++ssslaev+driLDkGiviDaf+Rvs+vGieiltieaRvv+asvdt+Lryaeavg+l++++e++gl+ + + ++++g
  nat_34a4a65736a78d22df6a  1 MSIQKSTNSSSLAEVIDRILDKGIVIDAFARVSVVGIEILTIEARVVIASVDTWLRYAEAVGLLRDDVEENGLPERSNSNSSEG 84
                              99**********************************************************************998776666555 PP

>> nat_bfa3b303b3d7305c173f  
   #    score  bias  c-Evalue  i-Evalue hmmfrom  hmm to    alifrom  ali to    envfrom  env to     acc
 ---   ------ ----- --------- --------- ------- -------    ------- -------    ------- -------    ----
   1 !  136.2   2.0   2.4e-41     4e-41       1      85 [.       1      85 [.       1      94 [. 0.93

  Alignments for each domain:
  == domain 1  score: 136.2 bits;  conditional E-value: 2.4e-41
                      gvpa  1 mavekasdssslaevldriLDkGiviDafvRvslvGieiltieaRvvvasvdtyLryaeavgklesaaepkglvgevaesaargk 85
                              mav+k++dssslaev+driLDkGiviDaf+Rvs+vGie++t+eaRvv+asvdt+Lryaeavg+l++++e++gl  +++ ++ +++
  nat_bfa3b303b3d7305c173f  1 MAVQKSTDSSSLAEVIDRILDKGIVIDAFARVSVVGIELITVEARVVIASVDTWLRYAEAVGLLRDEVEEEGLSDRLSSRTDSPS 85
                              9***********************************************************************9999887766554 PP

>> nat_51eefbe258bc538937c4  
   #    score  bias  c-Evalue  i-Evalue hmmfrom  hmm to    alifrom  ali to    envfrom  env to     acc
 ---   ------ ----- --------- --------- ------- -------    ------- -------    ------- -------    ----
   1 !  136.1   2.3   2.5e-41   4.1e-41       1      84 [.       1      84 [.       1      94 [. 0.94

  Alignments for each domain:
  == domain 1  score: 136.1 bits;  conditional E-value: 2.5e-41
                      gvpa  1 mavekasdssslaevldriLDkGiviDafvRvslvGieiltieaRvvvasvdtyLryaeavgklesaaepkglvgevaesaarg 84
                              ma++k++dssslaev+driLDkGiviDafvR+ +vGie++t+eaRvvvasvdt+Lryaeavg+l++++e++gl g++a++  + 
  nat_51eefbe258bc538937c4  1 MAIQKSTDSSSLAEVIDRILDKGIVIDAFVRINVVGIELITVEARVVVASVDTWLRYAEAVGLLRDEVEEEGLGGRLADQDYSE 84
                              9***************************************************************************99876554 PP

>> nat_6ab091088c0d2085f193  
   #    score  bias  c-Evalue  i-Evalue hmmfrom  hmm to    alifrom  ali to    envfrom  env to     acc
 ---   ------ ----- --------- --------- ------- -------    ------- -------    ------- -------    ----
   1 !  136.0   0.7   2.7e-41   4.4e-41       1      81 [.       1      81 [.       1      87 [. 0.94

  Alignments for each domain:
  == domain 1  score: 136.0 bits;  conditional E-value: 2.7e-41
                      gvpa  1 mavekasdssslaevldriLDkGiviDafvRvslvGieiltieaRvvvasvdtyLryaeavgklesaaepkglvgevaesa 81
                              m+++k+++ssslaev+driLDkGiviDaf+Rvs+vGieiltieaRvv+asvdt+Lryaeavg+l++++e++gl+ + + s 
  nat_6ab091088c0d2085f193  1 MSIQKSTNSSSLAEVIDRILDKGIVIDAFARVSVVGIEILTIEARVVIASVDTWLRYAEAVGLLRDDVEENGLPERSNSSE 81
                              99**********************************************************************998766554 PP

>> nat_6507b3f9f58ef91ab9d8  
   #    score  bias  c-Evalue  i-Evalue hmmfrom  hmm to    alifrom  ali to    envfrom  env to     acc
 ---   ------ ----- --------- --------- ------- -------    ------- -------    ------- -------    ----
   1 !  135.9   0.6   2.9e-41   4.7e-41       1      80 [.       1      80 [.       1      87 [. 0.94

  Alignments for each domain:
  == domain 1  score: 135.9 bits;  conditional E-value: 2.9e-41
                      gvpa  1 mavekasdssslaevldriLDkGiviDafvRvslvGieiltieaRvvvasvdtyLryaeavgklesaaepkglvgevaes 80
                              m+++k+++ssslaev+driLDkGiviDaf+Rvs+vGieiltieaRvv+asvdt+Lryaeavg+l++++e++gl+ + + s
  nat_6507b3f9f58ef91ab9d8  1 MSIQKSTNSSSLAEVIDRILDKGIVIDAFARVSVVGIEILTIEARVVIASVDTWLRYAEAVGLLRDDVEENGLPERSNAS 80
                              99**********************************************************************98876655 PP

>> nat_1f2decc9d9629b127278  
   #    score  bias  c-Evalue  i-Evalue hmmfrom  hmm to    alifrom  ali to    envfrom  env to     acc
 ---   ------ ----- --------- --------- ------- -------    ------- -------    ------- -------    ----
   1 !  135.7   1.8   3.2e-41   5.3e-41       8     112 ..      14     122 ..       1     149 [. 0.83

  Alignments for each domain:
  == domain 1  score: 135.7 bits;  conditional E-value: 3.2e-41
                      gvpa   8 dssslaevldriLDkGiviDafvRvslvGieiltieaRvvvasvdtyLryaeavgklesaaepk....glvgevaesaargkakg 88 
                               + ssla+v+d+iLDkG+viD +vRvslvGie+lti+aR+v+asvdtyLr+aeav++l+   ++     +l+  v+es+a+gk+ g
  nat_1f2decc9d9629b127278  14 APSSLADVIDTILDKGLVIDIYVRVSLVGIELLTIDARIVIASVDTYLRFAEAVNRLDLTDTQThgipELIEGVTESGAKGKTSG 98 
                               569*******************************************************987777566667777788888888777 PP

                      gvpa  89 alsgaaeaisdalkdasdesesek 112
                               a+ ga e ++  l++ +++s++++
  nat_1f2decc9d9629b127278  99 AIEGAKEKLGSILGGDDEDSDEDA 122
                               777777777777777666655443 PP

>> nat_d1536b249be108b51522  
   #    score  bias  c-Evalue  i-Evalue hmmfrom  hmm to    alifrom  ali to    envfrom  env to     acc
 ---   ------ ----- --------- --------- ------- -------    ------- -------    ------- -------    ----
   1 !  135.5   2.6   3.8e-41   6.2e-41       1      77 [.       1      77 [.       1      85 [. 0.92

  Alignments for each domain:
  == domain 1  score: 135.5 bits;  conditional E-value: 3.8e-41
                      gvpa  1 mavekasdssslaevldriLDkGiviDafvRvslvGieiltieaRvvvasvdtyLryaeavgklesaaepkglvgev 77
                              ma++k++dssslaev+driLDkGiviDafvRvslvGieiltieaRvv+asvdt+Lryaeavg+l++++e+  l  + 
  nat_d1536b249be108b51522  1 MAIQKSTDSSSLAEVIDRILDKGIVIDAFVRVSLVGIEILTIEARVVIASVDTWLRYAEAVGLLRDEVEEDFLSKRE 77
                              9****************************************************************999887665554 PP

>> nat_7577017d2109753dbbe7  
   #    score  bias  c-Evalue  i-Evalue hmmfrom  hmm to    alifrom  ali to    envfrom  env to     acc
 ---   ------ ----- --------- --------- ------- -------    ------- -------    ------- -------    ----
   1 !  135.2   1.7   4.8e-41   7.8e-41       1      83 [.       1      83 [.       1      94 [. 0.93

  Alignments for each domain:
  == domain 1  score: 135.2 bits;  conditional E-value: 4.8e-41
                      gvpa  1 mavekasdssslaevldriLDkGiviDafvRvslvGieiltieaRvvvasvdtyLryaeavgklesaaepkglvgevaesaar 83
                              ma++k++dssslaev+driLDkGiviDafvR+ +vGie++t+eaRvvvasvdt+Lryaeavg+l++++e++gl g++ ++  +
  nat_7577017d2109753dbbe7  1 MAIQKSTDSSSLAEVIDRILDKGIVIDAFVRINVVGIELITVEARVVVASVDTWLRYAEAVGLLRDEVEEEGLGGRLGDQDYS 83
                              9*************************************************************************998776554 PP

>> nat_9f8c36880cfb04e0cba5  
   #    score  bias  c-Evalue  i-Evalue hmmfrom  hmm to    alifrom  ali to    envfrom  env to     acc
 ---   ------ ----- --------- --------- ------- -------    ------- -------    ------- -------    ----
   1 !  135.1   2.1   5.1e-41   8.4e-41       1      85 [.       1      85 [.       1      90 [. 0.95

  Alignments for each domain:
  == domain 1  score: 135.1 bits;  conditional E-value: 5.1e-41
                      gvpa  1 mavekasdssslaevldriLDkGiviDafvRvslvGieiltieaRvvvasvdtyLryaeavgklesaaepkglvgevaesaargk 85
                              ma++k++dssslaev+driLDkGiviDaf+Rvs+vGie++tieaRvv+asvdt+Lryaeavg+l+++ e+ gl  +++ ++ + +
  nat_9f8c36880cfb04e0cba5  1 MAIQKSTDSSSLAEVIDRILDKGIVIDAFARVSVVGIELITIEARVVIASVDTWLRYAEAVGLLQDDFEEDGLSDRLSARGDSLE 85
                              9************************************************************************999988887665 PP

>> nat_d58dfba1e9f522c883d4  
   #    score  bias  c-Evalue  i-Evalue hmmfrom  hmm to    alifrom  ali to    envfrom  env to     acc
 ---   ------ ----- --------- --------- ------- -------    ------- -------    ------- -------    ----
   1 !  135.1   4.4   5.1e-41   8.3e-41       1      96 [.       1      96 [.       1     101 [. 0.93

  Alignments for each domain:
  == domain 1  score: 135.1 bits;  conditional E-value: 5.1e-41
                      gvpa  1 mavekasdssslaevldriLDkGiviDafvRvslvGieiltieaRvvvasvdtyLryaeavgklesaaepkglvgevaesaargkak 87
                              mav+k++dssslaev+driLDkGiviDa++Rvs+vGie++t+eaRvv+asvdt+Lryaeavg+l++++e++g+ g  +  ++rg+++
  nat_d58dfba1e9f522c883d4  1 MAVQKSTDSSSLAEVIDRILDKGIVIDAYARVSVVGIELVTVEARVVIASVDTWLRYAEAVGLLRDEVEDEGVEGVEERLSSRGSSR 87
                              9***********************************************************************888888889999999 PP

                      gvpa 88 galsgaaea 96
                               a sg  + 
  nat_d58dfba1e9f522c883d4 88 IASSGGSNE 96
                              988887665 PP

>> nat_353e9d0dff81158687ff  
   #    score  bias  c-Evalue  i-Evalue hmmfrom  hmm to    alifrom  ali to    envfrom  env to     acc
 ---   ------ ----- --------- --------- ------- -------    ------- -------    ------- -------    ----
   1 !  134.8   2.2   6.2e-41     1e-40       1      85 [.       1      85 [.       1      90 [. 0.96

  Alignments for each domain:
  == domain 1  score: 134.8 bits;  conditional E-value: 6.2e-41
                      gvpa  1 mavekasdssslaevldriLDkGiviDafvRvslvGieiltieaRvvvasvdtyLryaeavgklesaaepkglvgevaesaargk 85
                              ma++k++dssslaev+driLDkGiviDaf+Rvs+vGie++t+eaRvv+asvdt+Lryaeavg+l+++ e+ gl  +++ ++ + +
  nat_353e9d0dff81158687ff  1 MAIQKSTDSSSLAEVIDRILDKGIVIDAFARVSVVGIELITVEARVVIASVDTWLRYAEAVGLLQDDFEEDGLSDRLSARGNSLE 85
                              9************************************************************************999998887765 PP

>> nat_e70eb92ab459701dc753  
   #    score  bias  c-Evalue  i-Evalue hmmfrom  hmm to    alifrom  ali to    envfrom  env to     acc
 ---   ------ ----- --------- --------- ------- -------    ------- -------    ------- -------    ----
   1 !  134.6   2.1   7.1e-41   1.2e-40       1      79 [.       1      81 [.       1      87 [. 0.90

  Alignments for each domain:
  == domain 1  score: 134.6 bits;  conditional E-value: 7.1e-41
                      gvpa  1 mavekasdssslaevldriLDkGiviDafvRvslvGieiltieaRvvvasvdtyLryaeavgklesaaepkg..lvgevae 79
                              ma++k++dssslaev+driLDkGiviDafvRvs+vGieilt+eaR+v+asvdt+Lryaeavg+l+++++++g  l g+ + 
  nat_e70eb92ab459701dc753  1 MAIQKSTDSSSLAEVIDRILDKGIVIDAFVRVSVVGIEILTVEARIVIASVDTWLRYAEAVGLLRDDVQEEGrfLSGNRER 81
                              9****************************************************************9888875225665544 PP

>> nat_8031a3a05037a74c2518  
   #    score  bias  c-Evalue  i-Evalue hmmfrom  hmm to    alifrom  ali to    envfrom  env to     acc
 ---   ------ ----- --------- --------- ------- -------    ------- -------    ------- -------    ----
   1 !  134.4   2.1   8.7e-41   1.4e-40       1      72 [.       1      72 [.       1      87 [. 0.90

  Alignments for each domain:
  == domain 1  score: 134.4 bits;  conditional E-value: 8.7e-41
                      gvpa  1 mavekasdssslaevldriLDkGiviDafvRvslvGieiltieaRvvvasvdtyLryaeavgklesaaepkg 72
                              ma++k++dssslaev+driLDkGiviDafvRvs+vGieiltieaR+v+asvdt+Lryaeavg+l+++++++g
  nat_8031a3a05037a74c2518  1 MAIQKSTDSSSLAEVIDRILDKGIVIDAFVRVSVVGIEILTIEARIVIASVDTWLRYAEAVGLLRDDVQEEG 72
                              9****************************************************************9988885 PP

>> nat_9a9380d4b10b8ef49e08  
   #    score  bias  c-Evalue  i-Evalue hmmfrom  hmm to    alifrom  ali to    envfrom  env to     acc
 ---   ------ ----- --------- --------- ------- -------    ------- -------    ------- -------    ----
   1 !  134.3   1.6   9.1e-41   1.5e-40       1      76 [.       1      76 [.       1      84 [. 0.94

  Alignments for each domain:
  == domain 1  score: 134.3 bits;  conditional E-value: 9.1e-41
                      gvpa  1 mavekasdssslaevldriLDkGiviDafvRvslvGieiltieaRvvvasvdtyLryaeavgklesaaepkglvge 76
                              mav+k++dssslaev+driLDkGiviDaf+RvslvGieilt+eaRvv+asvdt+Lrya+avg+l+++++++g v  
  nat_9a9380d4b10b8ef49e08  1 MAVQKSTDSSSLAEVIDRILDKGIVIDAFARVSLVGIEILTVEARVVIASVDTWLRYANAVGLLRDDVQEEGWVQG 76
                              9********************************************************************9987654 PP

>> nat_a984f11bd60c35139c61  
   #    score  bias  c-Evalue  i-Evalue hmmfrom  hmm to    alifrom  ali to    envfrom  env to     acc
 ---   ------ ----- --------- --------- ------- -------    ------- -------    ------- -------    ----
   1 !  134.2   1.3   9.8e-41   1.6e-40       1      70 [.       1      70 [.       1      79 [. 0.95

  Alignments for each domain:
  == domain 1  score: 134.2 bits;  conditional E-value: 9.8e-41
                      gvpa  1 mavekasdssslaevldriLDkGiviDafvRvslvGieiltieaRvvvasvdtyLryaeavgklesaaep 70
                              m+v+k++dssslaev+driLDkGiviDafvRvslvGieiltieaRvv+asvdt+Lryaeavg+l+++  +
  nat_a984f11bd60c35139c61  1 MSVQKSTDSSSLAEVIDRILDKGIVIDAFVRVSLVGIEILTIEARVVIASVDTWLRYAEAVGLLSDESLS 70
                              99**************************************************************998765 PP

>> nat_13ee99e71183bcf01114  
   #    score  bias  c-Evalue  i-Evalue hmmfrom  hmm to    alifrom  ali to    envfrom  env to     acc
 ---   ------ ----- --------- --------- ------- -------    ------- -------    ------- -------    ----
   1 !  134.1   0.4   1.1e-40   1.8e-40       7     115 ..      14     129 ..       1     141 [. 0.81

  Alignments for each domain:
  == domain 1  score: 134.1 bits;  conditional E-value: 1.1e-40
                      gvpa   7 sdssslaevldriLDkGiviDafvRvslvGieiltieaRvvvasvdtyLryaeavgklesaaepk......glvgevaesaargk 85 
                                +ss+la+v+  iLDkG+viD++vRvslvGie+lt++aR+vvasvdtyL++aea ++l+ a +        gl+ e+ e +ar+k
  nat_13ee99e71183bcf01114  14 PSSSGLADVVGVILDKGLVIDVYVRVSLVGIELLTVDARIVVASVDTYLKFAEATSRLDIARSGTetrglpGLMEELHEGGARKK 98 
                               589********************************************************976544467666677788899***** PP

                      gvpa  86 akgalsgaaeaisdalkda.sdesesekssr 115
                               +kgal g++e +sd l+ a +++ e+ +  r
  nat_13ee99e71183bcf01114  99 TKGALEGVTEKVSDLLHPAgDEDDEEGEEER 129
                               ****************988533333333333 PP

>> nat_42e47560e4eed8697446  
   #    score  bias  c-Evalue  i-Evalue hmmfrom  hmm to    alifrom  ali to    envfrom  env to     acc
 ---   ------ ----- --------- --------- ------- -------    ------- -------    ------- -------    ----
   1 !  134.1   0.1   1.1e-40   1.7e-40       7     103 ..      11     110 ..       1     114 [] 0.91

  Alignments for each domain:
  == domain 1  score: 134.1 bits;  conditional E-value: 1.1e-40
                      gvpa   7 sdssslaevldriLDkGiviDafvRvslvGieiltieaRvvvasvdtyLryaeavgklesaaepk...glvgevaesaargkakg 88 
                               +++s+l++vl++iLD+G+viDafvRvslvGieil+i++R+vvasvdtyLr+aea+++l+ ++ +k   gl+  ++ +a+rg++++
  nat_42e47560e4eed8697446  11 AGTSGLYDVLELILDRGLVIDAFVRVSLVGIEILKIDVRIVVASVDTYLRFAEACNRLDLETGSKkpaGLPEIMSGTASRGRTES 95 
                               689********************************************************976655555***************** PP

                      gvpa  89 alsgaaeaisdalkd 103
                               alsg+++ isdal++
  nat_42e47560e4eed8697446  96 ALSGVVKGISDALGQ 110
                               ************987 PP

>> nat_675982ec30ea7a2f5047  
   #    score  bias  c-Evalue  i-Evalue hmmfrom  hmm to    alifrom  ali to    envfrom  env to     acc
 ---   ------ ----- --------- --------- ------- -------    ------- -------    ------- -------    ----
   1 !  134.1   0.1   1.1e-40   1.7e-40       7     103 ..      12     111 ..       1     115 [] 0.91

  Alignments for each domain:
  == domain 1  score: 134.1 bits;  conditional E-value: 1.1e-40
                      gvpa   7 sdssslaevldriLDkGiviDafvRvslvGieiltieaRvvvasvdtyLryaeavgklesaaepk...glvgevaesaargkakg 88 
                                ++s+l++vl++iLD+G+viDafvRvslvGieil+i++R+v+asvdtyLr+aea+++l+ ++ ++   gl+  va +a+rg++++
  nat_675982ec30ea7a2f5047  12 GGTSGLYDVLELILDRGVVIDAFVRVSLVGIEILKIDVRIVIASVDTYLRFAEACNRLDLETGNRkpaGLPEMVAGTASRGRTES 96 
                               679********************************************************976655555***************** PP

                      gvpa  89 alsgaaeaisdalkd 103
                               al+g+a+ isd l++
  nat_675982ec30ea7a2f5047  97 ALTGVAKGISDVLGQ 111
                               ***********9987 PP

>> nat_f24e045327970281b5cd  
   #    score  bias  c-Evalue  i-Evalue hmmfrom  hmm to    alifrom  ali to    envfrom  env to     acc
 ---   ------ ----- --------- --------- ------- -------    ------- -------    ------- -------    ----
   1 !  133.7   0.2   1.4e-40   2.2e-40       7     115 ..      20     134 ..       4     146 .. 0.84

  Alignments for each domain:
  == domain 1  score: 133.7 bits;  conditional E-value: 1.4e-40
                      gvpa   7 sdssslaevldriLDkGiviDafvRvslvGieiltieaRvvvasvdtyLryaeavgklesaaepk......glvgevaesaargk 85 
                                +ss+laev+++iLDkG+viD+fvRvslvGieilti+aR+vvasvdt+Lr+aea ++l+  a+ k      +l+  + e +a+gk
  nat_f24e045327970281b5cd  20 GGSSGLAEVIELILDKGLVIDVFVRVSLVGIEILTIDARIVVASVDTFLRFAEATNRLDLYAKGKggkdlsELAQGMMEGGAKGK 104
                               689*********************************************************9999888877778888999999999 PP

                      gvpa  86 akgalsgaaeaisdalkdasdesesekssr 115
                               + g l ga+e + d l++  d  ++e+   
  nat_f24e045327970281b5cd 105 TSGVLEGAVEKVDDLLGKGRDRRDREEEPA 134
                               999999999999999987755554444333 PP

>> nat_5e7091515d82b50cbd50  
   #    score  bias  c-Evalue  i-Evalue hmmfrom  hmm to    alifrom  ali to    envfrom  env to     acc
 ---   ------ ----- --------- --------- ------- -------    ------- -------    ------- -------    ----
   1 !  133.7   1.3   1.4e-40   2.2e-40       1      82 [.       1      82 [.       1      87 [. 0.94

  Alignments for each domain:
  == domain 1  score: 133.7 bits;  conditional E-value: 1.4e-40
                      gvpa  1 mavekasdssslaevldriLDkGiviDafvRvslvGieiltieaRvvvasvdtyLryaeavgklesaaepkglvgevaesaa 82
                              m v+k++dssslaev+driLDkGiviDa++Rvs+vGieilt+eaRvv+asvdt+Lryaeavg+l+++ e+++l  e +e+  
  nat_5e7091515d82b50cbd50  1 MGVQKSTDSSSLAEVIDRILDKGIVIDAYARVSVVGIEILTVEARVVIASVDTWLRYAEAVGLLRDELEDEELSLENQENER 82
                              899****************************************************************999999888877655 PP

>> nat_b65132e25cc65ac0170d  
   #    score  bias  c-Evalue  i-Evalue hmmfrom  hmm to    alifrom  ali to    envfrom  env to     acc
 ---   ------ ----- --------- --------- ------- -------    ------- -------    ------- -------    ----
   1 !  133.3   4.2   1.9e-40   3.1e-40       1      81 [.       1      81 [.       1      91 [. 0.94

  Alignments for each domain:
  == domain 1  score: 133.3 bits;  conditional E-value: 1.9e-40
                      gvpa  1 mavekasdssslaevldriLDkGiviDafvRvslvGieiltieaRvvvasvdtyLryaeavgklesaaepkglvgevaesa 81
                              ma++k++dssslaev+driLDkGiviDafvRvs+vGie++t+eaR+vvasvdt+Lryaeavg+l++++e+ gl+ +++ ++
  nat_b65132e25cc65ac0170d  1 MAIQKSTDSSSLAEVIDRILDKGIVIDAFVRVSVVGIELITVEARIVVASVDTWLRYAEAVGLLRDEVEEDGLADRLSARS 81
                              9***********************************************************************998876655 PP

>> nat_65886a26326e73a96436  
   #    score  bias  c-Evalue  i-Evalue hmmfrom  hmm to    alifrom  ali to    envfrom  env to     acc
 ---   ------ ----- --------- --------- ------- -------    ------- -------    ------- -------    ----
   1 !  133.1   0.1   2.2e-40   3.7e-40       7     103 ..      15     114 ..       2     118 .] 0.91

  Alignments for each domain:
  == domain 1  score: 133.1 bits;  conditional E-value: 2.2e-40
                      gvpa   7 sdssslaevldriLDkGiviDafvRvslvGieiltieaRvvvasvdtyLryaeavgklesaaepk...glvgevaesaargkakg 88 
                                ++s+l++vl++iLD+G+viDaf+RvslvGieil+i++R+vvasvdtyLr+aea+++l+ ++ +k   gl+  +  +a+rgk++g
  nat_65886a26326e73a96436  15 GGTSGLYDVLELILDRGLVIDAFIRVSLVGIEILKIDVRIVVASVDTYLRFAEACNRLDLETGSKkpkGLPEVLDGTASRGKTEG 99 
                               579********************************************************976544444***************** PP

                      gvpa  89 alsgaaeaisdalkd 103
                               alsg+++ is+a+++
  nat_65886a26326e73a96436 100 ALSGVVKGISEAVGQ 114
                               ***********9986 PP

>> nat_4a871af101af640b6e2c  
   #    score  bias  c-Evalue  i-Evalue hmmfrom  hmm to    alifrom  ali to    envfrom  env to     acc
 ---   ------ ----- --------- --------- ------- -------    ------- -------    ------- -------    ----
   1 !  132.7   1.6   2.9e-40   4.7e-40       1      74 [.       1      74 [.       1      87 [. 0.93

  Alignments for each domain:
  == domain 1  score: 132.7 bits;  conditional E-value: 2.9e-40
                      gvpa  1 mavekasdssslaevldriLDkGiviDafvRvslvGieiltieaRvvvasvdtyLryaeavgklesaaepkglv 74
                              m+++k++dssslaev+driLDkG+viD+f+RvslvGie++tieaRvv+asvdt+Lryaeavg+l++++ ++gl+
  nat_4a871af101af640b6e2c  1 MSIQKSTDSSSLAEVIDRILDKGVVIDVFARVSLVGIELITIEARVVIASVDTWLRYAEAVGLLRDEVLEEGLP 74
                              99*********************************************************************986 PP

>> nat_d90ba4fc5295a2ed9e09  
   #    score  bias  c-Evalue  i-Evalue hmmfrom  hmm to    alifrom  ali to    envfrom  env to     acc
 ---   ------ ----- --------- --------- ------- -------    ------- -------    ------- -------    ----
   1 !  132.3   2.8   3.7e-40   6.1e-40       1      81 [.       1      81 [.       1      90 [. 0.94

  Alignments for each domain:
  == domain 1  score: 132.3 bits;  conditional E-value: 3.7e-40
                      gvpa  1 mavekasdssslaevldriLDkGiviDafvRvslvGieiltieaRvvvasvdtyLryaeavgklesaaepkglvgevaesa 81
                              ma++k++dss+laev+driLDkGiviDaf+Rvs+vGie++tieaRvvvasvdt+Lryaeavg+l+++ e+ gl  +++ ++
  nat_d90ba4fc5295a2ed9e09  1 MAIQKSTDSSGLAEVIDRILDKGIVIDAFARVSVVGIELITIEARVVVASVDTWLRYAEAVGLLQDDFEDDGLSDRLSARS 81
                              9**********************************************************************9998887665 PP

>> nat_289ca4eeda020c662490  
   #    score  bias  c-Evalue  i-Evalue hmmfrom  hmm to    alifrom  ali to    envfrom  env to     acc
 ---   ------ ----- --------- --------- ------- -------    ------- -------    ------- -------    ----
   1 !  132.1   0.9   4.4e-40   7.2e-40      12     121 .]       1     115 [.       1     115 [. 0.91

  Alignments for each domain:
  == domain 1  score: 132.1 bits;  conditional E-value: 4.4e-40
                      gvpa  12 laevldriLDkGiviDafvRvslvGieiltieaRvvvasvdtyLryaeavgklesaaepk....glvgevaesaargkakgalsg 92 
                               +a+v+d+iLDkG+viDa+vRvslvGie+lti+aR+v+asvdtyLr+aeav++++ +++      +l+ ++++   +gk+k    g
  nat_289ca4eeda020c662490   1 MADVIDTILDKGLVIDAYVRVSLVGIELLTIDARIVIASVDTYLRFAEAVNRTDLSESGGeglpELMKDMSQGQISGKSKDVAQG 85 
                               69****************************************************9776555666788899999999********* PP

                      gvpa  93 aaeaisdalkda.sdesesekssrsrrkee 121
                               ++ea++++l+d   + se+++ +r rr+++
  nat_289ca4eeda020c662490  86 VLEAAGEKLGDFvGGRSEKSEETRGRRHDR 115
                               ***********9566788889999999875 PP

>> nat_bb6474c2ddf0f1e41d70  
   #    score  bias  c-Evalue  i-Evalue hmmfrom  hmm to    alifrom  ali to    envfrom  env to     acc
 ---   ------ ----- --------- --------- ------- -------    ------- -------    ------- -------    ----
   1 !  132.1   1.7   4.4e-40   7.2e-40       1      75 [.       1      75 [.       1      85 [. 0.92

  Alignments for each domain:
  == domain 1  score: 132.1 bits;  conditional E-value: 4.4e-40
                      gvpa  1 mavekasdssslaevldriLDkGiviDafvRvslvGieiltieaRvvvasvdtyLryaeavgklesaaepkglvg 75
                              mav+k++dssslaev+driLDkGiviDafvRvslvGiei+tieaR+v+asv+t+Lrya+avg+l+++ ++  l  
  nat_bb6474c2ddf0f1e41d70  1 MAVQKSTDSSSLAEVIDRILDKGIVIDAFVRVSLVGIEIITIEARIVIASVETWLRYADAVGLLRDESQDTFLSK 75
                              9****************************************************************9988776554 PP

>> nat_044652cd2d2677de71ee  
   #    score  bias  c-Evalue  i-Evalue hmmfrom  hmm to    alifrom  ali to    envfrom  env to     acc
 ---   ------ ----- --------- --------- ------- -------    ------- -------    ------- -------    ----
   1 !  131.9   1.9     5e-40   8.2e-40       1      81 [.       1      81 [.       1      84 [. 0.96

  Alignments for each domain:
  == domain 1  score: 131.9 bits;  conditional E-value: 5e-40
                      gvpa  1 mavekasdssslaevldriLDkGiviDafvRvslvGieiltieaRvvvasvdtyLryaeavgklesaaepkglvgevaesa 81
                              mav+k+ dsssla+v+driLDkG+viDaf+RvslvGie++t+eaRvv+asvdt+Lryaeavg+l+++ e++gl  + +e++
  nat_044652cd2d2677de71ee  1 MAVKKTGDSSSLADVVDRILDKGVVIDAFARVSLVGIELITVEARVVIASVDTWLRYAEAVGLLRDDYENQGLENQENERS 81
                              9***********************************************************************998888865 PP

>> nat_3f2cb7eca6dff49eb9eb  
   #    score  bias  c-Evalue  i-Evalue hmmfrom  hmm to    alifrom  ali to    envfrom  env to     acc
 ---   ------ ----- --------- --------- ------- -------    ------- -------    ------- -------    ----
   1 !  131.6   1.9   6.5e-40   1.1e-39       1      70 [.       1      70 [.       1      74 [. 0.98

  Alignments for each domain:
  == domain 1  score: 131.6 bits;  conditional E-value: 6.5e-40
                      gvpa  1 mavekasdssslaevldriLDkGiviDafvRvslvGieiltieaRvvvasvdtyLryaeavgklesaaep 70
                              mavek+++ssslaev+driLDkGiv+Da+vRvslvGie+l+ieaR+v+asv+tyL+yaeavg+++saa+p
  nat_3f2cb7eca6dff49eb9eb  1 MAVEKTNSSSSLAEVIDRILDKGIVVDAWVRVSLVGIELLAIEARIVIASVETYLKYAEAVGLTQSAAMP 70
                              9*****************************************************************9987 PP

>> nat_42ca32a46ff9fbfe04b0  
   #    score  bias  c-Evalue  i-Evalue hmmfrom  hmm to    alifrom  ali to    envfrom  env to     acc
 ---   ------ ----- --------- --------- ------- -------    ------- -------    ------- -------    ----
   1 !  131.5   4.1   6.8e-40   1.1e-39       1      81 [.       1      81 [.       1      91 [. 0.94

  Alignments for each domain:
  == domain 1  score: 131.5 bits;  conditional E-value: 6.8e-40
                      gvpa  1 mavekasdssslaevldriLDkGiviDafvRvslvGieiltieaRvvvasvdtyLryaeavgklesaaepkglvgevaesa 81
                              ma++k++dssslaev+driLDkGiviDaf+Rvs+vGie++t+eaRvv+asvdt+Lryaeavg+l++++e+ gl+ +++ ++
  nat_42ca32a46ff9fbfe04b0  1 MAIQKSTDSSSLAEVIDRILDKGIVIDAFARVSVVGIELVTVEARVVIASVDTWLRYAEAVGLLRDDVEEDGLADRLSARS 81
                              9***********************************************************************998876655 PP

>> nat_0a0b47ef48e73f6907dd  
   #    score  bias  c-Evalue  i-Evalue hmmfrom  hmm to    alifrom  ali to    envfrom  env to     acc
 ---   ------ ----- --------- --------- ------- -------    ------- -------    ------- -------    ----
   1 !  131.3   0.2   7.9e-40   1.3e-39       7     118 ..      18     134 ..       6     141 .. 0.84

  Alignments for each domain:
  == domain 1  score: 131.3 bits;  conditional E-value: 7.9e-40
                      gvpa   7 sdssslaevldriLDkGiviDafvRvslvGieiltieaRvvvasvdtyLryaeavgklesaaepk....glvgevaesaargkak 87 
                               ++sssla+v++ iL+kGiviDafvRvslvGie++ti+aRvvvasvdtyLr+aea ++l+ +a+      +l+  +++  ++g a+
  nat_0a0b47ef48e73f6907dd  18 AGSSSLADVVEMILEKGIVIDAFVRVSLVGIELITIDARVVVASVDTYLRFAEATNRLDLHAKGGkdlpELMQGMSQGVTQGGAH 102
                               68*********************************************************97765546666677788888999999 PP

                      gvpa  88 galsgaaeaisdalkda.sdesesekssrsrr 118
                               g++ g+++a+ +++++  ++e+e+e+    rr
  nat_0a0b47ef48e73f6907dd 103 GKTKGVLDAAKEKIDEFrTEEPERERQPARRR 134
                               99999**9999999998555666554433333 PP

>> nat_738e58b1a8b51b7eb17a  
   #    score  bias  c-Evalue  i-Evalue hmmfrom  hmm to    alifrom  ali to    envfrom  env to     acc
 ---   ------ ----- --------- --------- ------- -------    ------- -------    ------- -------    ----
   1 !  131.0   0.0   9.9e-40   1.6e-39       7     103 ..      11     110 ..       1     114 [] 0.92

  Alignments for each domain:
  == domain 1  score: 131.0 bits;  conditional E-value: 9.9e-40
                      gvpa   7 sdssslaevldriLDkGiviDafvRvslvGieiltieaRvvvasvdtyLryaeavgklesaaepk...glvgevaesaargkakg 88 
                                ++s+l++vl++iLD+G+viDaf+RvslvGieil+i++R+vvasvdtyLr+aea+++l+ ++ +    gl+  +  sa+rgk+++
  nat_738e58b1a8b51b7eb17a  11 GGTSGLYDVLELILDRGLVIDAFIRVSLVGIEILKIDVRIVVASVDTYLRFAEACNRLDLETGSTkppGLPEVLDGSASRGKTES 95 
                               679********************************************************9876655779999************* PP

                      gvpa  89 alsgaaeaisdalkd 103
                               alsg+++ isd l++
  nat_738e58b1a8b51b7eb17a  96 ALSGVVKGISDVLGQ 110
                               ***********9987 PP

>> nat_de4c1cf697d48510a550  
   #    score  bias  c-Evalue  i-Evalue hmmfrom  hmm to    alifrom  ali to    envfrom  env to     acc
 ---   ------ ----- --------- --------- ------- -------    ------- -------    ------- -------    ----
   1 !  130.6   2.2   1.3e-39   2.1e-39       1      83 [.       1      82 [.       1      86 [. 0.93

  Alignments for each domain:
  == domain 1  score: 130.6 bits;  conditional E-value: 1.3e-39
                      gvpa  1 mavekasdssslaevldriLDkGiviDafvRvslvGieiltieaRvvvasvdtyLryaeavgklesaaepkglvgevaesaar 83
                              ma++k++dssslaev+driLDkG+viD ++RvslvGie++t+eaRvv+asvdt+Lryaeavg+l+++++  +l ge +e++++
  nat_de4c1cf697d48510a550  1 MAIQKSTDSSSLAEVIDRILDKGVVIDLYARVSLVGIELITVEARVVIASVDTWLRYAEAVGLLRDEVQG-ELDGEESEEGSS 82
                              9***************************************************************998765.567888887765 PP

>> nat_193a805604225b70bf9b  
   #    score  bias  c-Evalue  i-Evalue hmmfrom  hmm to    alifrom  ali to    envfrom  env to     acc
 ---   ------ ----- --------- --------- ------- -------    ------- -------    ------- -------    ----
   1 !  130.6   2.2   1.3e-39   2.1e-39       1      79 [.       1      79 [.       1      88 [. 0.91

  Alignments for each domain:
  == domain 1  score: 130.6 bits;  conditional E-value: 1.3e-39
                      gvpa  1 mavekasdssslaevldriLDkGiviDafvRvslvGieiltieaRvvvasvdtyLryaeavgklesaaepkglvgevae 79
                              mavek+++ssslaev+driLDkG+viDa+vRvslvGie+l++eaR+v+asv+tyL+yaeavg+++ aa p+  + + +e
  nat_193a805604225b70bf9b  1 MAVEKVNSSSSLAEVVDRILDKGVVIDAWVRVSLVGIELLAVEARIVIASVETYLKYAEAVGLTALAAAPAVGTTDETE 79
                              9*******************************************************************99953444444 PP

>> nat_909a39bfcc83ce9d158a  
   #    score  bias  c-Evalue  i-Evalue hmmfrom  hmm to    alifrom  ali to    envfrom  env to     acc
 ---   ------ ----- --------- --------- ------- -------    ------- -------    ------- -------    ----
   1 !  130.5   0.6   1.3e-39   2.2e-39      10     119 ..       7     116 ..       3     120 .] 0.81

  Alignments for each domain:
  == domain 1  score: 130.5 bits;  conditional E-value: 1.3e-39
                      gvpa  10 sslaevldriLDkGiviDafvRvslvGieiltieaRvvvasvdtyLryaeavgklesaaepk.glvgevaesaargkakgalsga 93 
                                +la+v+d+iLDkG+viDa+vRvslvGie+lti+aR+vvasv+tyL++aea ++l+  ++++ g++g +++   +g ak ++ ga
  nat_909a39bfcc83ce9d158a   7 GGLADVIDTILDKGLVIDAYVRVSLVGIEVLTIDARIVVASVETYLQFAEAANRLDLTQTEEqGIPGLMKDIQ-EGGAKHKTRGA 90 
                               68******************************************************97666556666555543.33445666788 PP

                      gvpa  94 aeaisdalkdasdesesekssrsrrk 119
                               +e ++++l++ ++  ++e++ r r++
  nat_909a39bfcc83ce9d158a  91 IEGVGEKLREFAGVDDAERAVRRRHR 116
                               88888999998777777777775543 PP

>> nat_8be2e14f0153cb01c7e8  
   #    score  bias  c-Evalue  i-Evalue hmmfrom  hmm to    alifrom  ali to    envfrom  env to     acc
 ---   ------ ----- --------- --------- ------- -------    ------- -------    ------- -------    ----
   1 !  130.3   3.6   1.6e-39   2.6e-39       1      71 [.       1      71 [.       1      73 [. 0.98

  Alignments for each domain:
  == domain 1  score: 130.3 bits;  conditional E-value: 1.6e-39
                      gvpa  1 mavekasdssslaevldriLDkGiviDafvRvslvGieiltieaRvvvasvdtyLryaeavgklesaaepk 71
                              mavek+++ssslaev+driLDkGiviDa+vRvslvGie+l+ieaR+v+asv+tyL+yaeavg+++saa p+
  nat_8be2e14f0153cb01c7e8  1 MAVEKTNSSSSLAEVIDRILDKGIVIDAWVRVSLVGIELLAIEARIVIASVETYLKYAEAVGLTQSAAVPA 71
                              9*****************************************************************99875 PP

>> nat_82b9d4647d83832bf059  
   #    score  bias  c-Evalue  i-Evalue hmmfrom  hmm to    alifrom  ali to    envfrom  env to     acc
 ---   ------ ----- --------- --------- ------- -------    ------- -------    ------- -------    ----
   1 !  130.0   3.1   1.9e-39   3.1e-39       2      84 ..       4      86 ..       1      90 [. 0.95

  Alignments for each domain:
  == domain 1  score: 130.0 bits;  conditional E-value: 1.9e-39
                      gvpa  2 avekasdssslaevldriLDkGiviDafvRvslvGieiltieaRvvvasvdtyLryaeavgklesaaepkglvgevaesaarg 84
                              a++k++dssslaev+driLDkG+v+D ++RvslvGie++t+eaRvv+asvdt+Lrya+avg+l+++++++ l g+ +es  ++
  nat_82b9d4647d83832bf059  4 AIKKSTDSSSLAEVIDRILDKGVVVDLYARVSLVGIELITVEARVVIASVDTWLRYADAVGLLRDEVMTESLEGSEEESENSQ 86
                              799************************************************************************99997765 PP

>> nat_90d11bccd2cb7147c1fe  
   #    score  bias  c-Evalue  i-Evalue hmmfrom  hmm to    alifrom  ali to    envfrom  env to     acc
 ---   ------ ----- --------- --------- ------- -------    ------- -------    ------- -------    ----
   1 !  130.1   5.1   1.9e-39   3.1e-39       1      73 [.       1      73 [.       1      75 [] 0.97

  Alignments for each domain:
  == domain 1  score: 130.1 bits;  conditional E-value: 1.9e-39
                      gvpa  1 mavekasdssslaevldriLDkGiviDafvRvslvGieiltieaRvvvasvdtyLryaeavgklesaaepkgl 73
                              mavek+++ssslaev+driLDkGiviDa+vRvslvGie+l+ieaRvv+asvdtyL+yaea+g+++saa+p+ +
  nat_90d11bccd2cb7147c1fe  1 MAVEKVNSSSSLAEVIDRILDKGIVIDAWVRVSLVGIELLSIEARVVIASVDTYLKYAEAIGLTASAATPAVI 73
                              9*******************************************************************99865 PP

>> nat_607f897bd5b7dd1b1fbe  
   #    score  bias  c-Evalue  i-Evalue hmmfrom  hmm to    alifrom  ali to    envfrom  env to     acc
 ---   ------ ----- --------- --------- ------- -------    ------- -------    ------- -------    ----
   1 !  129.6   2.7   2.6e-39   4.2e-39       1      81 [.       1      81 [.       1      88 [. 0.93

  Alignments for each domain:
  == domain 1  score: 129.6 bits;  conditional E-value: 2.6e-39
                      gvpa  1 mavekasdssslaevldriLDkGiviDafvRvslvGieiltieaRvvvasvdtyLryaeavgklesaaepkglvgevaesa 81
                              mavek+++ssslaev+driLDkG+viDa+vRvslvGie+l++eaR+v+asv+tyL+yaeavg+++ aa p   v + +e +
  nat_607f897bd5b7dd1b1fbe  1 MAVEKVNSSSSLAEVVDRILDKGVVIDAWVRVSLVGIELLAVEARIVIASVETYLKYAEAVGLTALAAAPGTEVVDETEIG 81
                              9*****************************************************************999987666666655 PP

>> nat_18aeb74e18302803a1f0  
   #    score  bias  c-Evalue  i-Evalue hmmfrom  hmm to    alifrom  ali to    envfrom  env to     acc
 ---   ------ ----- --------- --------- ------- -------    ------- -------    ------- -------    ----
   1 !  129.5   2.1   2.8e-39   4.6e-39       1      76 [.       1      76 [.       1      86 [. 0.93

  Alignments for each domain:
  == domain 1  score: 129.5 bits;  conditional E-value: 2.8e-39
                      gvpa  1 mavekasdssslaevldriLDkGiviDafvRvslvGieiltieaRvvvasvdtyLryaeavgklesaaepkglvge 76
                              mavek ++ssslaev+driLDkG+viDa+vRvslvGie+l++eaRvv+asv+tyL+yaeavg+++ aa p + v e
  nat_18aeb74e18302803a1f0  1 MAVEKINSSSSLAEVVDRILDKGVVIDAWVRVSLVGIELLAVEARVVIASVETYLKYAEAVGLTALAAAPGEAVDE 76
                              9******************************************************************999875544 PP

>> nat_483476b5bde91cbf3a74  
   #    score  bias  c-Evalue  i-Evalue hmmfrom  hmm to    alifrom  ali to    envfrom  env to     acc
 ---   ------ ----- --------- --------- ------- -------    ------- -------    ------- -------    ----
   1 !  129.4   3.0   2.9e-39   4.8e-39       1      81 [.       1      81 [.       1      88 [. 0.92

  Alignments for each domain:
  == domain 1  score: 129.4 bits;  conditional E-value: 2.9e-39
                      gvpa  1 mavekasdssslaevldriLDkGiviDafvRvslvGieiltieaRvvvasvdtyLryaeavgklesaaepkglvgevaesa 81
                              mavek+++ssslaev+driLDkG+viDa+vRvslvGie+l++eaR+v+asv+tyL+yaeavg+++ aa p   v + +e +
  nat_483476b5bde91cbf3a74  1 MAVEKVNSSSSLAEVVDRILDKGVVIDAWVRVSLVGIELLAVEARIVIASVETYLKYAEAVGLTALAAAPGAEVVDETEIG 81
                              9*****************************************************************999986666666655 PP

>> nat_307aae2a7a20a7f3cf48  
   #    score  bias  c-Evalue  i-Evalue hmmfrom  hmm to    alifrom  ali to    envfrom  env to     acc
 ---   ------ ----- --------- --------- ------- -------    ------- -------    ------- -------    ----
   1 !  129.4   3.7     3e-39   4.9e-39       1      71 [.       1      71 [.       1      73 [] 0.97

  Alignments for each domain:
  == domain 1  score: 129.4 bits;  conditional E-value: 3e-39
                      gvpa  1 mavekasdssslaevldriLDkGiviDafvRvslvGieiltieaRvvvasvdtyLryaeavgklesaaepk 71
                              mavek+++ssslaev+driLDkGiviDa+vRvslvGie+l+ieaR+v+asv+tyLryaeavg++++aa p 
  nat_307aae2a7a20a7f3cf48  1 MAVEKVNSSSSLAEVIDRILDKGIVIDAWVRVSLVGIELLSIEARIVIASVETYLRYAEAVGLTSQAAVPS 71
                              9*****************************************************************99875 PP

>> nat_3b8e26a87928dd1c1130  
   #    score  bias  c-Evalue  i-Evalue hmmfrom  hmm to    alifrom  ali to    envfrom  env to     acc
 ---   ------ ----- --------- --------- ------- -------    ------- -------    ------- -------    ----
   1 !  129.3   1.6   3.2e-39   5.3e-39       1      77 [.       1      76 [.       1      87 [. 0.89

  Alignments for each domain:
  == domain 1  score: 129.3 bits;  conditional E-value: 3.2e-39
                      gvpa  1 mavekasdssslaevldriLDkGiviDafvRvslvGieiltieaRvvvasvdtyLryaeavgklesaaepk.glvgev 77
                              ma++k++dssslaev+driLDkGiviD ++R+slvGie++tieaRvv+asvdt+Lryaeavg+l+++++ + +l   +
  nat_3b8e26a87928dd1c1130  1 MAIQKSTDSSSLAEVIDRILDKGIVIDLYARISLVGIELITIEARVVIASVDTWLRYAEAVGLLRDEVQGEiDLE--T 76
                              9***************************************************************99887664543..3 PP

>> nat_a456b71634370e28c157  
   #    score  bias  c-Evalue  i-Evalue hmmfrom  hmm to    alifrom  ali to    envfrom  env to     acc
 ---   ------ ----- --------- --------- ------- -------    ------- -------    ------- -------    ----
   1 !  129.3   1.4   3.2e-39   5.3e-39       1      71 [.       1      71 [.       1      86 [. 0.90

  Alignments for each domain:
  == domain 1  score: 129.3 bits;  conditional E-value: 3.2e-39
                      gvpa  1 mavekasdssslaevldriLDkGiviDafvRvslvGieiltieaRvvvasvdtyLryaeavgklesaaepk 71
                              ma++k++dssslaev+driLDkG+viD ++RvslvGie++tieaRvv+asvdt+Lryaeavg+l+++++ +
  nat_a456b71634370e28c157  1 MAIQKSTDSSSLAEVIDRILDKGVVIDLYARVSLVGIELITIEARVVIASVDTWLRYAEAVGLLRDEVQGE 71
                              9***************************************************************9987765 PP

>> nat_a8c546bb807cbf441766  
   #    score  bias  c-Evalue  i-Evalue hmmfrom  hmm to    alifrom  ali to    envfrom  env to     acc
 ---   ------ ----- --------- --------- ------- -------    ------- -------    ------- -------    ----
   1 !  129.1   4.3   3.6e-39   5.9e-39       1      71 [.       1      71 [.       1      74 [. 0.97

  Alignments for each domain:
  == domain 1  score: 129.1 bits;  conditional E-value: 3.6e-39
                      gvpa  1 mavekasdssslaevldriLDkGiviDafvRvslvGieiltieaRvvvasvdtyLryaeavgklesaaepk 71
                              mavek+++ssslaev+driLDkGiv+Da+vRvslvGie+l+ieaRvvvasv+tyL+yaeavg++++aa p+
  nat_a8c546bb807cbf441766  1 MAVEKVNSSSSLAEVIDRILDKGIVVDAWVRVSLVGIELLAIEARVVVASVETYLKYAEAVGLTTTAAAPA 71
                              9****************************************************************999875 PP

>> nat_bf9d9ac4b0e25cbc2e14  
   #    score  bias  c-Evalue  i-Evalue hmmfrom  hmm to    alifrom  ali to    envfrom  env to     acc
 ---   ------ ----- --------- --------- ------- -------    ------- -------    ------- -------    ----
   1 !  129.1   3.5   3.7e-39   6.2e-39       1      69 [.       1      69 [.       1      74 [. 0.97

  Alignments for each domain:
  == domain 1  score: 129.1 bits;  conditional E-value: 3.7e-39
                      gvpa  1 mavekasdssslaevldriLDkGiviDafvRvslvGieiltieaRvvvasvdtyLryaeavgklesaae 69
                              mavek+++ssslaev+driLDkGiv+Da+vRvslvGie+l+ieaR+v+asv+tyL+yaeavg+++saa+
  nat_bf9d9ac4b0e25cbc2e14  1 MAVEKTNSSSSLAEVIDRILDKGIVVDAWVRVSLVGIELLAIEARIVIASVETYLKYAEAVGLTQSAAM 69
                              9****************************************************************9987 PP

>> nat_ced70fa1ad4dcaf12a7b  
   #    score  bias  c-Evalue  i-Evalue hmmfrom  hmm to    alifrom  ali to    envfrom  env to     acc
 ---   ------ ----- --------- --------- ------- -------    ------- -------    ------- -------    ----
   1 !  129.1   3.0   3.8e-39   6.3e-39       1      69 [.       1      69 [.       1      74 [. 0.97

  Alignments for each domain:
  == domain 1  score: 129.1 bits;  conditional E-value: 3.8e-39
                      gvpa  1 mavekasdssslaevldriLDkGiviDafvRvslvGieiltieaRvvvasvdtyLryaeavgklesaae 69
                              mavek+++ssslaev+driLDkGiv+Da+vRvslvGie+l+ieaR+v+asv+tyL+yaeavg+++saa 
  nat_ced70fa1ad4dcaf12a7b  1 MAVEKTNSSSSLAEVIDRILDKGIVVDAWVRVSLVGIELLAIEARIVIASVETYLKYAEAVGLTQSAAI 69
                              9***************************************************************99875 PP

>> nat_22ac9928a6c3fbaf8f7c  
   #    score  bias  c-Evalue  i-Evalue hmmfrom  hmm to    alifrom  ali to    envfrom  env to     acc
 ---   ------ ----- --------- --------- ------- -------    ------- -------    ------- -------    ----
   1 !  129.0   2.8   4.1e-39   6.7e-39       1      80 [.       1      79 [.       1      87 [. 0.92

  Alignments for each domain:
  == domain 1  score: 129.0 bits;  conditional E-value: 4.1e-39
                      gvpa  1 mavekasdssslaevldriLDkGiviDafvRvslvGieiltieaRvvvasvdtyLryaeavgklesaaepkglvgevaes 80
                              mavek ++ssslaev+driLDkG+viDa+vRvslvGie+l++eaRvv+asv+tyL+yaeavg+++ aa p + + ev e 
  nat_22ac9928a6c3fbaf8f7c  1 MAVEKINSSSSLAEVVDRILDKGVVIDAWVRVSLVGIELLAVEARVVIASVETYLKYAEAVGLTALAAAPGE-AVEVDEI 79
                              9*****************************************************************999986.4455555 PP

>> nat_10816d30b94e7e319ed1  
   #    score  bias  c-Evalue  i-Evalue hmmfrom  hmm to    alifrom  ali to    envfrom  env to     acc
 ---   ------ ----- --------- --------- ------- -------    ------- -------    ------- -------    ----
   1 !  128.9   1.6   4.2e-39     7e-39       1      67 [.       1      67 [.       1      73 [. 0.96

  Alignments for each domain:
  == domain 1  score: 128.9 bits;  conditional E-value: 4.2e-39
                      gvpa  1 mavekasdssslaevldriLDkGiviDafvRvslvGieiltieaRvvvasvdtyLryaeavgklesa 67
                              mavek+++ssslaev+driLDkGiv+Da+vRvslvGie+l+ieaR+v+asv+tyL+yaeavg+++s 
  nat_10816d30b94e7e319ed1  1 MAVEKTNSSSSLAEVIDRILDKGIVVDAWVRVSLVGIELLAIEARIVIASVETYLKYAEAVGLTQSG 67
                              9**************************************************************9975 PP

>> nat_b38024f0aba86f47c4ad  
   #    score  bias  c-Evalue  i-Evalue hmmfrom  hmm to    alifrom  ali to    envfrom  env to     acc
 ---   ------ ----- --------- --------- ------- -------    ------- -------    ------- -------    ----
   1 !  129.0   4.3   4.1e-39   6.7e-39       1      71 [.       1      71 [.       1      73 [] 0.97

  Alignments for each domain:
  == domain 1  score: 129.0 bits;  conditional E-value: 4.1e-39
                      gvpa  1 mavekasdssslaevldriLDkGiviDafvRvslvGieiltieaRvvvasvdtyLryaeavgklesaaepk 71
                              mavek+++ssslaev+driLDkGiviDa+vRvslvGie+l+ieaR+v+asv+tyLryaeavg++++aa p 
  nat_b38024f0aba86f47c4ad  1 MAVEKVNSSSSLAEVIDRILDKGIVIDAWVRVSLVGIELLSIEARIVIASVETYLRYAEAVGLTSQAAVPS 71
                              9*****************************************************************99885 PP

>> nat_8aa5636b24c4e602865a  
   #    score  bias  c-Evalue  i-Evalue hmmfrom  hmm to    alifrom  ali to    envfrom  env to     acc
 ---   ------ ----- --------- --------- ------- -------    ------- -------    ------- -------    ----
   1 !  128.9   4.1   4.4e-39   7.3e-39       1      71 [.       1      71 [.       1      73 [] 0.97

  Alignments for each domain:
  == domain 1  score: 128.9 bits;  conditional E-value: 4.4e-39
                      gvpa  1 mavekasdssslaevldriLDkGiviDafvRvslvGieiltieaRvvvasvdtyLryaeavgklesaaepk 71
                              mavek+++ssslaev+driLDkGiv+Da+vRvslvGie+l+ieaR+v+asv+tyLryaeavg++++aa p 
  nat_8aa5636b24c4e602865a  1 MAVEKVNSSSSLAEVIDRILDKGIVVDAWVRVSLVGIELLAIEARIVIASVETYLRYAEAVGLTSQAAVPS 71
                              9*****************************************************************99875 PP

>> nat_6475ddba2899c58b73cc  
   #    score  bias  c-Evalue  i-Evalue hmmfrom  hmm to    alifrom  ali to    envfrom  env to     acc
 ---   ------ ----- --------- --------- ------- -------    ------- -------    ------- -------    ----
   1 !  128.8   4.1   4.6e-39   7.5e-39       1      71 [.       1      71 [.       1      73 [] 0.97

  Alignments for each domain:
  == domain 1  score: 128.8 bits;  conditional E-value: 4.6e-39
                      gvpa  1 mavekasdssslaevldriLDkGiviDafvRvslvGieiltieaRvvvasvdtyLryaeavgklesaaepk 71
                              mavek+++ssslaev+driLDkGiviDa+vRvslvGie+l++eaR+v+asv+tyLryaeavg++++aa p 
  nat_6475ddba2899c58b73cc  1 MAVEKVNSSSSLAEVIDRILDKGIVIDAWVRVSLVGIELLAVEARIVIASVETYLRYAEAVGLTSQAAVPS 71
                              9*****************************************************************99875 PP

>> nat_f582579e03d4f3374571  
   #    score  bias  c-Evalue  i-Evalue hmmfrom  hmm to    alifrom  ali to    envfrom  env to     acc
 ---   ------ ----- --------- --------- ------- -------    ------- -------    ------- -------    ----
   1 !  128.8   4.0   4.7e-39   7.7e-39       1      71 [.       1      71 [.       1      73 [] 0.97

  Alignments for each domain:
  == domain 1  score: 128.8 bits;  conditional E-value: 4.7e-39
                      gvpa  1 mavekasdssslaevldriLDkGiviDafvRvslvGieiltieaRvvvasvdtyLryaeavgklesaaepk 71
                              mavek+++ssslaev+driLDkGiv+Da+vRvslvGie+l+ieaR+v+asv+tyLryaeavg++++aa p 
  nat_f582579e03d4f3374571  1 MAVEKVNSSSSLAEVIDRILDKGIVVDAWVRVSLVGIELLSIEARIVIASVETYLRYAEAVGLTSQAAVPS 71
                              9*****************************************************************99875 PP

>> nat_62e969f9025127736826  
   #    score  bias  c-Evalue  i-Evalue hmmfrom  hmm to    alifrom  ali to    envfrom  env to     acc
 ---   ------ ----- --------- --------- ------- -------    ------- -------    ------- -------    ----
   1 !  128.6   4.5   5.3e-39   8.7e-39       1      71 [.       1      71 [.       1      74 [. 0.97

  Alignments for each domain:
  == domain 1  score: 128.6 bits;  conditional E-value: 5.3e-39
                      gvpa  1 mavekasdssslaevldriLDkGiviDafvRvslvGieiltieaRvvvasvdtyLryaeavgklesaaepk 71
                              mavek+++ssslaev+driLDkGiv+Da+vRvslvGie+l+ieaRvvvasv+tyL+yaeavg++++aa p+
  nat_62e969f9025127736826  1 MAVEKVNSSSSLAEVIDRILDKGIVVDAWVRVSLVGIELLAIEARVVVASVETYLKYAEAVGLTATAAAPA 71
                              9****************************************************************999875 PP

>> nat_a36db64a1cae19ba84f5  
   #    score  bias  c-Evalue  i-Evalue hmmfrom  hmm to    alifrom  ali to    envfrom  env to     acc
 ---   ------ ----- --------- --------- ------- -------    ------- -------    ------- -------    ----
   1 !  128.7   3.8   4.9e-39   8.1e-39       1      71 [.       1      71 [.       1      75 [] 0.97

  Alignments for each domain:
  == domain 1  score: 128.7 bits;  conditional E-value: 4.9e-39
                      gvpa  1 mavekasdssslaevldriLDkGiviDafvRvslvGieiltieaRvvvasvdtyLryaeavgklesaaepk 71
                              mavek+++ssslaev+driLDkGiv+Da+vRvslvGie+l+ieaR+v+asv+tyL+yaeavg++++aa p+
  nat_a36db64a1cae19ba84f5  1 MAVEKVNSSSSLAEVVDRILDKGIVVDAWVRVSLVGIELLAIEARIVIASVETYLKYAEAVGLTSQAAVPA 71
                              9*****************************************************************99886 PP

>> nat_71f9753012b6644cf772  
   #    score  bias  c-Evalue  i-Evalue hmmfrom  hmm to    alifrom  ali to    envfrom  env to     acc
 ---   ------ ----- --------- --------- ------- -------    ------- -------    ------- -------    ----
   1 !  128.5   4.3   5.5e-39   9.1e-39       1      70 [.       1      70 [.       1      72 [. 0.98

  Alignments for each domain:
  == domain 1  score: 128.5 bits;  conditional E-value: 5.5e-39
                      gvpa  1 mavekasdssslaevldriLDkGiviDafvRvslvGieiltieaRvvvasvdtyLryaeavgklesaaep 70
                              mavek+++ssslaev+driLDkGiviDa+vRvslvGie+l+ieaR+v+asv+tyLryaeavg++++aa p
  nat_71f9753012b6644cf772  1 MAVEKVNSSSSLAEVIDRILDKGIVIDAWVRVSLVGIELLSIEARIVIASVETYLRYAEAVGLTSQAAVP 70
                              9*****************************************************************9987 PP

>> nat_150260db0a312db92173  
   #    score  bias  c-Evalue  i-Evalue hmmfrom  hmm to    alifrom  ali to    envfrom  env to     acc
 ---   ------ ----- --------- --------- ------- -------    ------- -------    ------- -------    ----
   1 !  128.5   3.4   5.9e-39   9.7e-39       1      70 [.       1      70 [.       1      74 [. 0.98

  Alignments for each domain:
  == domain 1  score: 128.5 bits;  conditional E-value: 5.9e-39
                      gvpa  1 mavekasdssslaevldriLDkGiviDafvRvslvGieiltieaRvvvasvdtyLryaeavgklesaaep 70
                              mavek+++ssslaev+driLDkGiv+Da+vRvslvGie+l+ieaR+v+asv+tyL+yaeavg++++aa p
  nat_150260db0a312db92173  1 MAVEKVNSSSSLAEVVDRILDKGIVVDAWVRVSLVGIELLAIEARIVIASVETYLKYAEAVGLTAQAAVP 70
                              9*****************************************************************9987 PP

>> nat_68c548b00ffecaf3e71e  
   #    score  bias  c-Evalue  i-Evalue hmmfrom  hmm to    alifrom  ali to    envfrom  env to     acc
 ---   ------ ----- --------- --------- ------- -------    ------- -------    ------- -------    ----
   1 !  128.4   1.7     6e-39   9.8e-39       1      71 [.       1      71 [.       1      85 [. 0.90

  Alignments for each domain:
  == domain 1  score: 128.4 bits;  conditional E-value: 6e-39
                      gvpa  1 mavekasdssslaevldriLDkGiviDafvRvslvGieiltieaRvvvasvdtyLryaeavgklesaaepk 71
                              ma++k++dssslaev+driLDkG+viD ++RvslvGie++t+eaRvv+asvdt+Lryaeavg+l+++++ +
  nat_68c548b00ffecaf3e71e  1 MAIQKSTDSSSLAEVIDRILDKGVVIDLYARVSLVGIELITVEARVVIASVDTWLRYAEAVGLLRDEVQGE 71
                              9***************************************************************9987654 PP

>> nat_531760bd0ae2999dbf0a  
   #    score  bias  c-Evalue  i-Evalue hmmfrom  hmm to    alifrom  ali to    envfrom  env to     acc
 ---   ------ ----- --------- --------- ------- -------    ------- -------    ------- -------    ----
   1 !  128.4   2.4   6.2e-39     1e-38       1      73 [.       1      73 [.       1      86 [. 0.93

  Alignments for each domain:
  == domain 1  score: 128.4 bits;  conditional E-value: 6.2e-39
                      gvpa  1 mavekasdssslaevldriLDkGiviDafvRvslvGieiltieaRvvvasvdtyLryaeavgklesaaepkgl 73
                              mavek ++ssslaev+driLDkG+viDa+vRvslvGie+l++eaRvv+asv+tyL+yaeavg+++ aa p + 
  nat_531760bd0ae2999dbf0a  1 MAVEKINSSSSLAEVVDRILDKGVVIDAWVRVSLVGIELLAVEARVVIASVETYLKYAEAVGLTALAAAPGEA 73
                              9*****************************************************************9998763 PP

>> nat_9c3060ca8265f2fd22a3  
   #    score  bias  c-Evalue  i-Evalue hmmfrom  hmm to    alifrom  ali to    envfrom  env to     acc
 ---   ------ ----- --------- --------- ------- -------    ------- -------    ------- -------    ----
   1 !  128.4   4.5     6e-39   9.9e-39       1      71 [.       1      71 [.       1      73 [] 0.98

  Alignments for each domain:
  == domain 1  score: 128.4 bits;  conditional E-value: 6e-39
                      gvpa  1 mavekasdssslaevldriLDkGiviDafvRvslvGieiltieaRvvvasvdtyLryaeavgklesaaepk 71
                              mavek+++ssslaev+driLDkGiv+Da+vRvslvGie+l++eaR+v+asv+tyLryaeavg++++aa p+
  nat_9c3060ca8265f2fd22a3  1 MAVEKVNSSSSLAEVIDRILDKGIVVDAWVRVSLVGIELLAVEARIVIASVETYLRYAEAVGLTSQAAVPA 71
                              9*****************************************************************99886 PP

>> nat_4c06fdcd9b94ab517ef7  
   #    score  bias  c-Evalue  i-Evalue hmmfrom  hmm to    alifrom  ali to    envfrom  env to     acc
 ---   ------ ----- --------- --------- ------- -------    ------- -------    ------- -------    ----
   1 !  128.4   4.8   6.1e-39     1e-38       1      71 [.       1      71 [.       1      73 [] 0.98

  Alignments for each domain:
  == domain 1  score: 128.4 bits;  conditional E-value: 6.1e-39
                      gvpa  1 mavekasdssslaevldriLDkGiviDafvRvslvGieiltieaRvvvasvdtyLryaeavgklesaaepk 71
                              mavek+++ssslaev+driLDkGiv+Da+vRvslvGie+l+ieaRvvvasv+tyL+yaeavg+++saa p+
  nat_4c06fdcd9b94ab517ef7  1 MAVEKVNSSSSLAEVVDRILDKGIVVDAWVRVSLVGIELLSIEARVVVASVETYLKYAEAVGLTTSAAVPA 71
                              9*****************************************************************99886 PP

>> nat_77fc2ac9451a9bede3dd  
   #    score  bias  c-Evalue  i-Evalue hmmfrom  hmm to    alifrom  ali to    envfrom  env to     acc
 ---   ------ ----- --------- --------- ------- -------    ------- -------    ------- -------    ----
   1 !  128.2   2.7     7e-39   1.2e-38       1      82 [.       1      81 [.       1      86 [] 0.88

  Alignments for each domain:
  == domain 1  score: 128.2 bits;  conditional E-value: 7e-39
                      gvpa  1 mavekasdssslaevldriLDkGiviDafvRvslvGieiltieaRvvvasvdtyLryaeavgklesaaepkglvgevaesaa 82
                              mav+k++dssslaev+driLDkG+viD ++R+slvGie++tieaRvv+asvdt+Lryaeavg+l+++++ + +  e +e +a
  nat_77fc2ac9451a9bede3dd  1 MAVQKSTDSSSLAEVIDRILDKGVVIDLYARISLVGIELITIEARVVIASVDTWLRYAEAVGLLRDEVQGE-IDEESEEGSA 81
                              9***************************************************************9987654.2344444444 PP

>> nat_37f01da4a984c4443e1d  
   #    score  bias  c-Evalue  i-Evalue hmmfrom  hmm to    alifrom  ali to    envfrom  env to     acc
 ---   ------ ----- --------- --------- ------- -------    ------- -------    ------- -------    ----
   1 !  128.1   2.2   7.4e-39   1.2e-38       1      71 [.       1      71 [.       1      85 [. 0.90

  Alignments for each domain:
  == domain 1  score: 128.1 bits;  conditional E-value: 7.4e-39
                      gvpa  1 mavekasdssslaevldriLDkGiviDafvRvslvGieiltieaRvvvasvdtyLryaeavgklesaaepk 71
                              ma++k++dssslaev+driLDkGiviD ++R+slvGie++tieaRvv+asvdt+Lryaeavg+l+++++ +
  nat_37f01da4a984c4443e1d  1 MAIQKSTDSSSLAEVIDRILDKGIVIDLYARISLVGIELITIEARVVIASVDTWLRYAEAVGLLRDEVQGE 71
                              9***************************************************************9987765 PP

>> nat_b1857f03b52d3c765ea4  
   #    score  bias  c-Evalue  i-Evalue hmmfrom  hmm to    alifrom  ali to    envfrom  env to     acc
 ---   ------ ----- --------- --------- ------- -------    ------- -------    ------- -------    ----
   1 !  128.2   4.4   7.2e-39   1.2e-38       1      71 [.       1      71 [.       1      73 [] 0.97

  Alignments for each domain:
  == domain 1  score: 128.2 bits;  conditional E-value: 7.2e-39
                      gvpa  1 mavekasdssslaevldriLDkGiviDafvRvslvGieiltieaRvvvasvdtyLryaeavgklesaaepk 71
                              mavek+++ssslaev+driLDkGiv+Da+vRvslvGie+l++eaR+v+asv+tyLryaeavg++++aa p 
  nat_b1857f03b52d3c765ea4  1 MAVEKVNSSSSLAEVIDRILDKGIVVDAWVRVSLVGIELLAVEARIVIASVETYLRYAEAVGLTSQAAVPS 71
                              9*****************************************************************99875 PP

>> nat_b669abd036c50b376c62  
   #    score  bias  c-Evalue  i-Evalue hmmfrom  hmm to    alifrom  ali to    envfrom  env to     acc
 ---   ------ ----- --------- --------- ------- -------    ------- -------    ------- -------    ----
   1 !  128.0   3.7   8.1e-39   1.3e-38       1      68 [.       1      68 [.       1      72 [. 0.98

  Alignments for each domain:
  == domain 1  score: 128.0 bits;  conditional E-value: 8.1e-39
                      gvpa  1 mavekasdssslaevldriLDkGiviDafvRvslvGieiltieaRvvvasvdtyLryaeavgklesaa 68
                              mavek+++ssslaev+driLDkGiv+Da+vRvslvGie+l+ieaR+v+asv+tyL+yaeavg+++saa
  nat_b669abd036c50b376c62  1 MAVEKTNSSSSLAEVIDRILDKGIVVDAWVRVSLVGIELLAIEARIVIASVETYLKYAEAVGLTQSAA 68
                              9***************************************************************9986 PP

>> nat_9d49465af66327a747b8  
   #    score  bias  c-Evalue  i-Evalue hmmfrom  hmm to    alifrom  ali to    envfrom  env to     acc
 ---   ------ ----- --------- --------- ------- -------    ------- -------    ------- -------    ----
   1 !  127.9   4.5   8.7e-39   1.4e-38       1      70 [.       1      70 [.       1      72 [. 0.98

  Alignments for each domain:
  == domain 1  score: 127.9 bits;  conditional E-value: 8.7e-39
                      gvpa  1 mavekasdssslaevldriLDkGiviDafvRvslvGieiltieaRvvvasvdtyLryaeavgklesaaep 70
                              mavek+++ssslaev+driLDkGiv+Da+vRvslvGie+l+ieaR+v+asv+tyLryaeavg++++aa p
  nat_9d49465af66327a747b8  1 MAVEKVNSSSSLAEVIDRILDKGIVVDAWVRVSLVGIELLSIEARIVIASVETYLRYAEAVGLTSQAAVP 70
                              9*****************************************************************9987 PP

>> nat_b080db9796742f656263  
   #    score  bias  c-Evalue  i-Evalue hmmfrom  hmm to    alifrom  ali to    envfrom  env to     acc
 ---   ------ ----- --------- --------- ------- -------    ------- -------    ------- -------    ----
   1 !  127.8   1.8   9.4e-39   1.5e-38       1      71 [.       1      71 [.       1      83 [. 0.93

  Alignments for each domain:
  == domain 1  score: 127.8 bits;  conditional E-value: 9.4e-39
                      gvpa  1 mavekasdssslaevldriLDkGiviDafvRvslvGieiltieaRvvvasvdtyLryaeavgklesaaepk 71
                              ma++k++dsssla+v+driLDkGiviD ++R+slvGie++tieaRvv+asvdt+Lryaeavg+l+++++ +
  nat_b080db9796742f656263  1 MAIQKSTDSSSLADVIDRILDKGIVIDLYARISLVGIELITIEARVVIASVDTWLRYAEAVGLLRDEVQGE 71
                              9***************************************************************9987654 PP

>> nat_07bd0e36be9cf6488fb7  
   #    score  bias  c-Evalue  i-Evalue hmmfrom  hmm to    alifrom  ali to    envfrom  env to     acc
 ---   ------ ----- --------- --------- ------- -------    ------- -------    ------- -------    ----
   1 !  127.8   2.4   9.7e-39   1.6e-38       3      72 ..       4      73 ..       1      91 [] 0.86

  Alignments for each domain:
  == domain 1  score: 127.8 bits;  conditional E-value: 9.7e-39
                      gvpa  3 vekasdssslaevldriLDkGiviDafvRvslvGieiltieaRvvvasvdtyLryaeavgklesaaepkg 72
                              +++++dssslaev+driLDkGiviDafvRvslvGie++tieaRvv+asvdt+Lryaeavg+++++ ++ +
  nat_07bd0e36be9cf6488fb7  4 IQRSTDSSSLAEVIDRILDKGIVIDAFVRVSLVGIELITIEARVVIASVDTWLRYAEAVGLIRDELMDDE 73
                              8999**********************************************************99987763 PP

>> nat_286c7b97c4455a336f39  
   #    score  bias  c-Evalue  i-Evalue hmmfrom  hmm to    alifrom  ali to    envfrom  env to     acc
 ---   ------ ----- --------- --------- ------- -------    ------- -------    ------- -------    ----
   1 !  127.5   2.7   1.1e-38   1.9e-38       1      72 [.       1      73 [.       1      86 [. 0.90

  Alignments for each domain:
  == domain 1  score: 127.5 bits;  conditional E-value: 1.1e-38
                      gvpa  1 mavekasdssslaevldriLDkGiviDafvRvslvGieiltieaRvvvasvdtyLryaeavgklesaaepk.g 72
                              ma++k++dssslaev+driLDkG+viD ++RvslvGie++tieaRvv+asvdt+Lryaeavg+l+++++ + +
  nat_286c7b97c4455a336f39  1 MAIQKSTDSSSLAEVVDRILDKGVVIDLYARVSLVGIELITIEARVVIASVDTWLRYAEAVGLLRDEVQGEvD 73
                              9****************************************************************99876634 PP

>> nat_0283d587032de178b666  
   #    score  bias  c-Evalue  i-Evalue hmmfrom  hmm to    alifrom  ali to    envfrom  env to     acc
 ---   ------ ----- --------- --------- ------- -------    ------- -------    ------- -------    ----
   1 !  127.3   1.8   1.3e-38   2.2e-38       3      72 ..       4      75 ..       1      91 [] 0.86

  Alignments for each domain:
  == domain 1  score: 127.3 bits;  conditional E-value: 1.3e-38
                      gvpa  3 vekasdssslaevldriLDkGiviDafvRvslvGieiltieaRvvvasvdtyLryaeavgklesaaepk..g 72
                              +++++dssslaev+driLDkGiviDaf+RvslvGie++tieaRvv+asvdt+Lryaeavg+++++ ++    
  nat_0283d587032de178b666  4 IQRSTDSSSLAEVIDRILDKGIVIDAFARVSLVGIELITIEARVVIASVDTWLRYAEAVGLIRDELMDDefK 75
                              8999**********************************************************9998877342 PP

>> nat_093a223e7cabfac47e76  
   #    score  bias  c-Evalue  i-Evalue hmmfrom  hmm to    alifrom  ali to    envfrom  env to     acc
 ---   ------ ----- --------- --------- ------- -------    ------- -------    ------- -------    ----
   1 !  127.2   2.0   1.4e-38   2.3e-38       1      72 [.       1      73 [.       1      87 [. 0.91

  Alignments for each domain:
  == domain 1  score: 127.2 bits;  conditional E-value: 1.4e-38
                      gvpa  1 mavekasdssslaevldriLDkGiviDafvRvslvGieiltieaRvvvasvdtyLryaeavgklesaaepk.g 72
                              ma++k++dssslaev+driLDkG+viD ++R+slvGie++tieaRvv+asvdt+Lryaeavg+l+++++ + +
  nat_093a223e7cabfac47e76  1 MAIQKSTDSSSLAEVVDRILDKGVVIDLYARISLVGIELITIEARVVIASVDTWLRYAEAVGLLRDEVQGEiD 73
                              9***************************************************************998876544 PP

>> nat_86d5d5d3761caa2bee10  
   #    score  bias  c-Evalue  i-Evalue hmmfrom  hmm to    alifrom  ali to    envfrom  env to     acc
 ---   ------ ----- --------- --------- ------- -------    ------- -------    ------- -------    ----
   1 !  127.2   2.5   1.5e-38   2.4e-38       1      71 [.       1      71 [.       1      85 [. 0.91

  Alignments for each domain:
  == domain 1  score: 127.2 bits;  conditional E-value: 1.5e-38
                      gvpa  1 mavekasdssslaevldriLDkGiviDafvRvslvGieiltieaRvvvasvdtyLryaeavgklesaaepk 71
                              ma++k++dssslaev+driLDkG+viD ++RvslvGie++tieaRvv+asvdt+Lryaeavg+l+++++ +
  nat_86d5d5d3761caa2bee10  1 MAIQKSTDSSSLAEVVDRILDKGVVIDLYARVSLVGIELITIEARVVIASVDTWLRYAEAVGLLRDEVQGE 71
                              9***************************************************************9987755 PP

>> nat_b65869cada68668b58e1  
   #    score  bias  c-Evalue  i-Evalue hmmfrom  hmm to    alifrom  ali to    envfrom  env to     acc
 ---   ------ ----- --------- --------- ------- -------    ------- -------    ------- -------    ----
   1 !  127.1   1.5   1.6e-38   2.6e-38       2      79 ..       3      81 ..       1      89 [. 0.87

  Alignments for each domain:
  == domain 1  score: 127.1 bits;  conditional E-value: 1.6e-38
                      gvpa  2 avekasdssslaevldriLDkGiviDafvRvslvGieiltieaRvvvasvdtyLryaeavgklesaaepk.glvgevae 79
                              a++k++dssslaev+driLDkGiviD ++RvslvGie++t+eaRvv+asvdt+Lryaeavg+l+++++ + +    ++e
  nat_b65869cada68668b58e1  3 AIQKSTDSSSLAEVIDRILDKGIVIDLYARVSLVGIELITVEARVVIASVDTWLRYAEAVGLLRDEVQGEiDDESGTNE 81
                              79*************************************************************9988766432333444 PP

>> nat_7175c3595a1c9e0a8512  
   #    score  bias  c-Evalue  i-Evalue hmmfrom  hmm to    alifrom  ali to    envfrom  env to     acc
 ---   ------ ----- --------- --------- ------- -------    ------- -------    ------- -------    ----
   1 !  126.8   2.3   1.9e-38   3.1e-38       1      71 [.       1      71 [.       1      84 [. 0.92

  Alignments for each domain:
  == domain 1  score: 126.8 bits;  conditional E-value: 1.9e-38
                      gvpa  1 mavekasdssslaevldriLDkGiviDafvRvslvGieiltieaRvvvasvdtyLryaeavgklesaaepk 71
                              ma++k++d+sslaev+driLDkGiviD +vRvslvGie++tieaR+v+asvdt+Lryaeavg+l+++++ +
  nat_7175c3595a1c9e0a8512  1 MAIQKSTDTSSLAEVIDRILDKGIVIDLYVRVSLVGIELITIEARIVIASVDTWLRYAEAVGLLRDEVQGE 71
                              9***************************************************************9987654 PP

>> nat_10a84e979762f3368517  
   #    score  bias  c-Evalue  i-Evalue hmmfrom  hmm to    alifrom  ali to    envfrom  env to     acc
 ---   ------ ----- --------- --------- ------- -------    ------- -------    ------- -------    ----
   1 !  126.7   1.8     2e-38   3.3e-38       1      72 [.       1      74 [.       1      88 [. 0.89

  Alignments for each domain:
  == domain 1  score: 126.7 bits;  conditional E-value: 2e-38
                      gvpa  1 mavekasdssslaevldriLDkGiviDafvRvslvGieiltieaRvvvasvdtyLryaeavgklesaaepk..g 72
                              ma++k++d+sslaev+driLDkG+viD ++R+slvGie++tieaRvv+asvdt+Lryaeavg+l+++++ +  +
  nat_10a84e979762f3368517  1 MAIQKSTDTSSLAEVIDRILDKGVVIDLYARISLVGIELITIEARVVIASVDTWLRYAEAVGLLRDEVQGEidE 74
                              9***************************************************************9988765433 PP

>> nat_cabc629dd821e7c45393  
   #    score  bias  c-Evalue  i-Evalue hmmfrom  hmm to    alifrom  ali to    envfrom  env to     acc
 ---   ------ ----- --------- --------- ------- -------    ------- -------    ------- -------    ----
   1 !  126.6   0.2   2.3e-38   3.7e-38       7     118 ..      18     134 ..      10     141 .. 0.83

  Alignments for each domain:
  == domain 1  score: 126.6 bits;  conditional E-value: 2.3e-38
                      gvpa   7 sdssslaevldriLDkGiviDafvRvslvGieiltieaRvvvasvdtyLryaeavgklesaaepk....glvgevaesaargkak 87 
                               ++s  la+v++ iL+kGiviDafvRvslvGie++ti+aRvvvasvdtyLr+aea ++l+ +a+      +l+  +++  ++g a+
  nat_cabc629dd821e7c45393  18 AGSGNLADVVEMILEKGIVIDAFVRVSLVGIELITIDARVVVASVDTYLRFAEATNRLDLHAKGGkdlpELMQGMSQGVTQGGAH 102
                               67899******************************************************97765546666777788888999999 PP

                      gvpa  88 galsgaaeaisdalkda.sdesesekssrsrr 118
                               g++ g+++a+ +++++  ++e+e+e+    rr
  nat_cabc629dd821e7c45393 103 GKTKGVLDAAKEKIDEFrTEEPERERQPTRRR 134
                               99*********999998556666655433333 PP

>> nat_00b8d6bdf51c5322f38c  
   #    score  bias  c-Evalue  i-Evalue hmmfrom  hmm to    alifrom  ali to    envfrom  env to     acc
 ---   ------ ----- --------- --------- ------- -------    ------- -------    ------- -------    ----
   1 !  126.6   1.6   2.2e-38   3.7e-38       2      72 ..       3      74 ..       1      88 [. 0.87

  Alignments for each domain:
  == domain 1  score: 126.6 bits;  conditional E-value: 2.2e-38
                      gvpa  2 avekasdssslaevldriLDkGiviDafvRvslvGieiltieaRvvvasvdtyLryaeavgklesaaepk.g 72
                              a++k++dssslaev+driLDkGiviD ++RvslvGie++t+eaRvv+asvdt+Lryaeavg+l+++++ + +
  nat_00b8d6bdf51c5322f38c  3 AIQKSTDSSSLAEVIDRILDKGIVIDLYARVSLVGIELITVEARVVIASVDTWLRYAEAVGLLRDEVQGEiD 74
                              79*************************************************************998876543 PP

>> nat_f5a522a905abb21e46c2  
   #    score  bias  c-Evalue  i-Evalue hmmfrom  hmm to    alifrom  ali to    envfrom  env to     acc
 ---   ------ ----- --------- --------- ------- -------    ------- -------    ------- -------    ----
   1 !  126.6   2.0   2.2e-38   3.7e-38       1      79 [.       1      79 [.       1      88 [. 0.91

  Alignments for each domain:
  == domain 1  score: 126.6 bits;  conditional E-value: 2.2e-38
                      gvpa  1 mavekasdssslaevldriLDkGiviDafvRvslvGieiltieaRvvvasvdtyLryaeavgklesaaepkglvgevae 79
                              mavek+++ssslaev+driLDkG+viDa+vR+slvGie+l++eaR+v+asv+tyL+yaeavg+++ a +p+  + + +e
  nat_f5a522a905abb21e46c2  1 MAVEKVNSSSSLAEVVDRILDKGVVIDAWVRLSLVGIELLAVEARIVIASVETYLKYAEAVGLTALAGSPAVGITDETE 79
                              9*****************************************************************9999854455555 PP

>> nat_d6f7ae660d4103a77296  
   #    score  bias  c-Evalue  i-Evalue hmmfrom  hmm to    alifrom  ali to    envfrom  env to     acc
 ---   ------ ----- --------- --------- ------- -------    ------- -------    ------- -------    ----
   1 !  126.4   1.7   2.6e-38   4.2e-38       1      71 [.       1      71 [.       1      85 [. 0.90

  Alignments for each domain:
  == domain 1  score: 126.4 bits;  conditional E-value: 2.6e-38
                      gvpa  1 mavekasdssslaevldriLDkGiviDafvRvslvGieiltieaRvvvasvdtyLryaeavgklesaaepk 71
                              m ++k++dssslaev+driLDkGiviD ++R+slvGie++tieaRvv+asvdt+Lryaeavg+l+++++ +
  nat_d6f7ae660d4103a77296  1 MGIQKSTDSSSLAEVIDRILDKGIVIDLYARISLVGIELITIEARVVIASVDTWLRYAEAVGLLRDEVQGE 71
                              899*************************************************************9987654 PP

>> nat_7587716da5d19872555a  
   #    score  bias  c-Evalue  i-Evalue hmmfrom  hmm to    alifrom  ali to    envfrom  env to     acc
 ---   ------ ----- --------- --------- ------- -------    ------- -------    ------- -------    ----
   1 !  126.3   1.5   2.8e-38   4.6e-38       1      71 [.       1      71 [.       1      84 [. 0.92

  Alignments for each domain:
  == domain 1  score: 126.3 bits;  conditional E-value: 2.8e-38
                      gvpa  1 mavekasdssslaevldriLDkGiviDafvRvslvGieiltieaRvvvasvdtyLryaeavgklesaaepk 71
                              ma++k++dsssla+++driLDkGiviD ++R+slvGie++tieaRvv+asvdt+Lryaeavg+l+++++ +
  nat_7587716da5d19872555a  1 MAIQKSTDSSSLADIIDRILDKGIVIDLYARISLVGIELITIEARVVIASVDTWLRYAEAVGLLRDEVQGE 71
                              9***************************************************************9987654 PP

>> nat_8bb7f995156f78926ae7  
   #    score  bias  c-Evalue  i-Evalue hmmfrom  hmm to    alifrom  ali to    envfrom  env to     acc
 ---   ------ ----- --------- --------- ------- -------    ------- -------    ------- -------    ----
   1 !  126.1   2.2   3.1e-38   5.2e-38       2      79 ..       3      81 ..       1      88 [. 0.87

  Alignments for each domain:
  == domain 1  score: 126.1 bits;  conditional E-value: 3.1e-38
                      gvpa  2 avekasdssslaevldriLDkGiviDafvRvslvGieiltieaRvvvasvdtyLryaeavgklesaaepk.glvgevae 79
                              a++k++dssslaev+driLDkGiviD ++RvslvGie++t+eaRvv+asvdt+Lryaeavg+l+++++ + +   + +e
  nat_8bb7f995156f78926ae7  3 AIQKSTDSSSLAEVIDRILDKGIVIDLYARVSLVGIELITVEARVVIASVDTWLRYAEAVGLLRDEVQGEiDDESSANE 81
                              79*************************************************************9988765443344444 PP

>> nat_c8ca500d58f82227374e  
   #    score  bias  c-Evalue  i-Evalue hmmfrom  hmm to    alifrom  ali to    envfrom  env to     acc
 ---   ------ ----- --------- --------- ------- -------    ------- -------    ------- -------    ----
   1 !  126.2   2.6   2.9e-38   4.8e-38       1      70 [.       1      70 [.       1      75 [] 0.96

  Alignments for each domain:
  == domain 1  score: 126.2 bits;  conditional E-value: 2.9e-38
                      gvpa  1 mavekasdssslaevldriLDkGiviDafvRvslvGieiltieaRvvvasvdtyLryaeavgklesaaep 70
                              mavek+++ssslaev+driLDkG+v+Da++R+slvGie+ltieaR+vvasv+tyL+yaeavg+++ aa p
  nat_c8ca500d58f82227374e  1 MAVEKVNSSSSLAEVIDRILDKGVVVDAWIRLSLVGIELLTIEARIVVASVETYLKYAEAVGLTTLAAAP 70
                              9***************************************************************999887 PP

>> nat_fb5b09ad142f93c1de5f  
   #    score  bias  c-Evalue  i-Evalue hmmfrom  hmm to    alifrom  ali to    envfrom  env to     acc
 ---   ------ ----- --------- --------- ------- -------    ------- -------    ------- -------    ----
   1 !  126.1   1.8   3.1e-38     5e-38       1      71 [.       1      71 [.       1      85 [. 0.90

  Alignments for each domain:
  == domain 1  score: 126.1 bits;  conditional E-value: 3.1e-38
                      gvpa  1 mavekasdssslaevldriLDkGiviDafvRvslvGieiltieaRvvvasvdtyLryaeavgklesaaepk 71
                              m ++k++dssslaev+driLDkGiviD ++R+slvGie++tieaR+v+asvdt+Lryaeavg+l+++++ +
  nat_fb5b09ad142f93c1de5f  1 MGIQKSTDSSSLAEVIDRILDKGIVIDIYARISLVGIELITIEARIVIASVDTWLRYAEAVGLLRDEVQGE 71
                              899*************************************************************9987654 PP

>> nat_a2748151d0c02d5ee64c  
   #    score  bias  c-Evalue  i-Evalue hmmfrom  hmm to    alifrom  ali to    envfrom  env to     acc
 ---   ------ ----- --------- --------- ------- -------    ------- -------    ------- -------    ----
   1 !  125.9   2.6   3.7e-38     6e-38       1      79 [.       1      79 [.       1      88 [. 0.91

  Alignments for each domain:
  == domain 1  score: 125.9 bits;  conditional E-value: 3.7e-38
                      gvpa  1 mavekasdssslaevldriLDkGiviDafvRvslvGieiltieaRvvvasvdtyLryaeavgklesaaepkglvgevae 79
                              mavek+++ssslaev+driLDkG+viDa+vR+slvGie+l++eaR+v+asv+tyL+yaeavg+++ a +p+  + + +e
  nat_a2748151d0c02d5ee64c  1 MAVEKVNSSSSLAEVVDRILDKGVVIDAWVRLSLVGIELLAVEARIVIASVETYLKYAEAVGLTALAGSPAVGITDETE 79
                              9*****************************************************************9999844444444 PP

>> nat_cbec58c289419737e313  
   #    score  bias  c-Evalue  i-Evalue hmmfrom  hmm to    alifrom  ali to    envfrom  env to     acc
 ---   ------ ----- --------- --------- ------- -------    ------- -------    ------- -------    ----
   1 !  125.2   0.9   5.9e-38   9.6e-38      16     119 ..       2     110 ..       1     114 [. 0.84

  Alignments for each domain:
  == domain 1  score: 125.2 bits;  conditional E-value: 5.9e-38
                      gvpa  16 ldriLDkGiviDafvRvslvGieiltieaRvvvasvdtyLryaeavgklesaaepk....glvgevaesaargkakgalsgaaea 96 
                               +d+iLDkG+viDa+vRvslvGie+lti+aR+vvasvdtyLr+aeav++l+ +++      +l+ +++++  + + k+a  g++ea
  nat_cbec58c289419737e313   2 IDTILDKGLVIDAYVRVSLVGIELLTIDARIVVASVDTYLRFAEAVNRLDISEQGGqglpELMQNIKQNKVSREGKSAAQGVLEA 86 
                               9*************************************************977665566677788888899999999******** PP

                      gvpa  97 isdalkdasdesesekssr.srrk 119
                               ++++l+d  ++s  e+ +r srr+
  nat_cbec58c289419737e313  87 AAEKLDDLMGGSGDEEEARsSRRR 110
                               ******996666555555523332 PP

>> nat_240500bb8aaece16c8a7  
   #    score  bias  c-Evalue  i-Evalue hmmfrom  hmm to    alifrom  ali to    envfrom  env to     acc
 ---   ------ ----- --------- --------- ------- -------    ------- -------    ------- -------    ----
   1 !  125.0   0.6   6.8e-38   1.1e-37      10     118 ..      21     137 ..      13     143 .. 0.82

  Alignments for each domain:
  == domain 1  score: 125.0 bits;  conditional E-value: 6.8e-38
                      gvpa  10 sslaevldriLDkGiviDafvRvslvGieiltieaRvvvasvdtyLryaeavgklesaaepk.....glv.gevaesaargkakg 88 
                                +l++v+++iLD+G+viD+f+RvslvGieil+i+aR+vvasvdtyLr+aea+++l+ +++++     +l  g+ a+sa ++kak 
  nat_240500bb8aaece16c8a7  21 GTLYDVMELILDRGMVIDVFIRVSLVGIEILKIDARIVVASVDTYLRFAEACNRLDLENTTRsttvpELFgGQAAKSAGKSKAKK 105
                               579*******************************************************9999999995541788999999***** PP

                      gvpa  89 alsgaaeaisdalkda...sdesesekssrsrr 118
                               a+ ++ e++   ++     +dese+e+   +rr
  nat_240500bb8aaece16c8a7 106 AVKSVGETVRSVVGADddsDDESEEEAQP-ARR 137
                               ********998886553213444333322.332 PP

>> nat_3efb93524692f0b96dfa  
   #    score  bias  c-Evalue  i-Evalue hmmfrom  hmm to    alifrom  ali to    envfrom  env to     acc
 ---   ------ ----- --------- --------- ------- -------    ------- -------    ------- -------    ----
   1 !  125.3   1.9   5.7e-38   9.4e-38       2      80 ..       3      83 ..       1      86 [] 0.91

  Alignments for each domain:
  == domain 1  score: 125.3 bits;  conditional E-value: 5.7e-38
                      gvpa  2 avekasdssslaevldriLDkGiviDafvRvslvGieiltieaRvvvasvdtyLryaeavgklesaaepk..glvgevaes 80
                              a++k++d sslaev+driLDkG+viD+++RvslvGie++t+eaRvv+asvdt+Lryaeavg+l+++ ++    l g+ +e+
  nat_3efb93524692f0b96dfa  3 AIQKSTDGSSLAEVIDRILDKGVVIDVYARVSLVGIELITVEARVVIASVDTWLRYAEAVGLLRDDLMDGefHLSGQSTER 83
                              79*************************************************************997766545788988887 PP

>> nat_905ebdcfc21b7ed8d2d2  
   #    score  bias  c-Evalue  i-Evalue hmmfrom  hmm to    alifrom  ali to    envfrom  env to     acc
 ---   ------ ----- --------- --------- ------- -------    ------- -------    ------- -------    ----
   1 !  124.6   2.1   9.2e-38   1.5e-37       1      71 [.       1      71 [.       1      84 [. 0.92

  Alignments for each domain:
  == domain 1  score: 124.6 bits;  conditional E-value: 9.2e-38
                      gvpa  1 mavekasdssslaevldriLDkGiviDafvRvslvGieiltieaRvvvasvdtyLryaeavgklesaaepk 71
                              mav+k++d+s+la+v+driLDkG+v+D ++RvslvGie++t+eaRvvvasvdt+Lryaeavg+l+++++ +
  nat_905ebdcfc21b7ed8d2d2  1 MAVQKSTDASGLADVIDRILDKGVVVDLYARVSLVGIELITVEARVVVASVDTWLRYAEAVGLLRDEVQGE 71
                              9***************************************************************9988765 PP

>> nat_7c474a0845fc63bd9dc1  
   #    score  bias  c-Evalue  i-Evalue hmmfrom  hmm to    alifrom  ali to    envfrom  env to     acc
 ---   ------ ----- --------- --------- ------- -------    ------- -------    ------- -------    ----
   1 !  124.2   0.5   1.3e-37   2.1e-37      12     118 ..       1     112 [.       1     114 [. 0.85

  Alignments for each domain:
  == domain 1  score: 124.2 bits;  conditional E-value: 1.3e-37
                      gvpa  12 laevldriLDkGiviDafvRvslvGieiltieaRvvvasvdtyLryaeavgkles.aaepkglvgevaesaargkakgalsgaae 95 
                               +a+v+d+iLDkG+viDa++R+slvGie++ti+aR+v+asvdtyLr+a+a ++l+   +epkg   ++ +s  +g +k+++ g++e
  nat_7c474a0845fc63bd9dc1   1 MADVIDTILDKGLVIDAYARLSLVGIELITIDARIVIASVDTYLRFAQAANRLQIsTNEPKG-LADLVQSVKSGGSKSKTQGVLE 84 
                               69****************************************************94566777.567888899999999******* PP

                      gvpa  96 aisdalkda...sdesesekssr..srr 118
                               a+s++l+d    +++++++k  r  srr
  nat_7c474a0845fc63bd9dc1  85 AASEKLGDFltqAQQPQRQKVKRvsSRR 112
                               *****99985545556666666664444 PP

>> nat_ff800aecb7c2e95dee99  
   #    score  bias  c-Evalue  i-Evalue hmmfrom  hmm to    alifrom  ali to    envfrom  env to     acc
 ---   ------ ----- --------- --------- ------- -------    ------- -------    ------- -------    ----
   1 !  124.0   0.6   1.4e-37   2.4e-37      10     118 ..      21     137 ..      13     143 .. 0.82

  Alignments for each domain:
  == domain 1  score: 124.0 bits;  conditional E-value: 1.4e-37
                      gvpa  10 sslaevldriLDkGiviDafvRvslvGieiltieaRvvvasvdtyLryaeavgklesaaepk.....glv.gevaesaargkakg 88 
                                +l++v+++iLD+G+viD+f+RvslvGieil+i+aR+vvasvdtyLr+aea+++l+ +++++     +l  g+ a+sa ++kak 
  nat_ff800aecb7c2e95dee99  21 GTLYDVMELILDRGMVIDVFIRVSLVGIEILKIDARIVVASVDTYLRFAEACNRLDLENTTRsttvpELFgGQAAKSAGKSKAKK 105
                               579*******************************************************99999999955417889999999**** PP

                      gvpa  89 alsgaaeaisdalkda...sdesesekssrsrr 118
                               a+ ++ e++   ++     +dese+e+   +rr
  nat_ff800aecb7c2e95dee99 106 AVKSVGESVRSVVGADddsDDESEEEAQP-ARR 137
                               **999999988876543214444433322.222 PP

>> nat_13b048e7463efcc40ba1  
   #    score  bias  c-Evalue  i-Evalue hmmfrom  hmm to    alifrom  ali to    envfrom  env to     acc
 ---   ------ ----- --------- --------- ------- -------    ------- -------    ------- -------    ----
   1 !  124.2   0.7   1.3e-37   2.1e-37       4     111 ..       5     115 ..       1     118 [] 0.83

  Alignments for each domain:
  == domain 1  score: 124.2 bits;  conditional E-value: 1.3e-37
                      gvpa   4 ekasdssslaevldriLDkGiviDafvRvslvGieiltieaRvvvasvdtyLryaeavgklesaaepkglvgev...aesaargk 85 
                                +  +s +laev+d iLDkG+viDa+vRvsl+Gie+lt+++RvvvasvdtyL++aea ++l+ + + ++   ++   +   a+ k
  nat_13b048e7463efcc40ba1   5 ARRPASGTLAEVIDIILDKGLVIDAYVRVSLIGIELLTVDVRVVVASVDTYLHFAEATNRLDLRGQAEEYDADItdfTTGFAKEK 89 
                               45568999******************************************************97777755555500055567899 PP

                      gvpa  86 akgalsgaaeaisdalkdasdesese 111
                               a+g +sga+e + + ++ + +  e++
  nat_13b048e7463efcc40ba1  90 ARGITSGAIEGVREGFHRSFHRDEAR 115
                               9************9999885555544 PP

>> nat_b7ce8a1b044eaedac151  
   #    score  bias  c-Evalue  i-Evalue hmmfrom  hmm to    alifrom  ali to    envfrom  env to     acc
 ---   ------ ----- --------- --------- ------- -------    ------- -------    ------- -------    ----
   1 !  123.8   0.7   1.7e-37   2.8e-37      16     119 ..       2     109 ..       1     113 [. 0.80

  Alignments for each domain:
  == domain 1  score: 123.8 bits;  conditional E-value: 1.7e-37
                      gvpa  16 ldriLDkGiviDafvRvslvGieiltieaRvvvasvdtyLryaeavgklesaaepkglvgevaesa...argkakgalsgaaeai 97 
                               +d+iLDkG+viDa+vRvslvGiei+ti+aRvv+asvdtyLr+aeav++l+ a++ +gl+  ++e        ++k  + g++ea+
  nat_b7ce8a1b044eaedac151   2 IDTILDKGLVIDAYVRVSLVGIEIVTIDARVVIASVDTYLRFAEAVNRLDLAEQGQGLPEIMQEMKggqIGDRTKDITQGVLEAA 86 
                               9*******************************************************9988887764111456789999******* PP

                      gvpa  98 sdalkdasdesesekssr.srrk 119
                               +d+l++  ++  +++  r +rr+
  nat_b7ce8a1b044eaedac151  87 GDKLHELVGDFTEDAERRpARRR 109
                               ****9984443333333332222 PP

>> nat_98944d24da61fa63ee27  
   #    score  bias  c-Evalue  i-Evalue hmmfrom  hmm to    alifrom  ali to    envfrom  env to     acc
 ---   ------ ----- --------- --------- ------- -------    ------- -------    ------- -------    ----
   1 !  123.5   2.6     2e-37   3.2e-37       2      81 ..       3      83 ..       1      89 [] 0.84

  Alignments for each domain:
  == domain 1  score: 123.5 bits;  conditional E-value: 2e-37
                      gvpa  2 avekasdssslaevldriLDkGiviDafvRvslvGieiltieaRvvvasvdtyLryaeavgklesaaepk.glvgevaesa 81
                              ++ek++dssslaev+driLDkGiviD ++R+s+vGie++tieaR+v+asvdt+Lryaeavg+l+++++ + +   + +e+a
  nat_98944d24da61fa63ee27  3 TIEKSTDSSSLAEVIDRILDKGIVIDLYARISVVGIELITIEARIVIASVDTWLRYAEAVGLLRDDVQGEiDEDADSNERA 83
                              799************************************************************986654433334444444 PP

>> nat_9caabe5dd41114f54d71  
   #    score  bias  c-Evalue  i-Evalue hmmfrom  hmm to    alifrom  ali to    envfrom  env to     acc
 ---   ------ ----- --------- --------- ------- -------    ------- -------    ------- -------    ----
   1 !  123.3   4.8   2.3e-37   3.7e-37       1      71 [.       1      71 [.       1      74 [. 0.97

  Alignments for each domain:
  == domain 1  score: 123.3 bits;  conditional E-value: 2.3e-37
                      gvpa  1 mavekasdssslaevldriLDkGiviDafvRvslvGieiltieaRvvvasvdtyLryaeavgklesaaepk 71
                              mavek+++ssslaev+driLDkGiv+Da+vRvslv ie+l+ieaRvvvasv+tyL+yaeavg++++aa p+
  nat_9caabe5dd41114f54d71  1 MAVEKVNSSSSLAEVIDRILDKGIVVDAWVRVSLVRIELLAIEARVVVASVETYLKYAEAVGLTATAAAPA 71
                              9****************************************************************999875 PP

>> nat_081e6fae1d79d93eb37e  
   #    score  bias  c-Evalue  i-Evalue hmmfrom  hmm to    alifrom  ali to    envfrom  env to     acc
 ---   ------ ----- --------- --------- ------- -------    ------- -------    ------- -------    ----
   1 !  123.3   3.3   2.3e-37   3.7e-37       2      80 ..       3      81 ..       1      89 [. 0.91

  Alignments for each domain:
  == domain 1  score: 123.3 bits;  conditional E-value: 2.3e-37
                      gvpa  2 avekasdssslaevldriLDkGiviDafvRvslvGieiltieaRvvvasvdtyLryaeavgklesaaepkglvgevaes 80
                              a++k++d+sslaev+driLDkG+viD ++RvslvGie++t+eaRvv+asvdt+Lryaeavg+l+++++     g+v+e 
  nat_081e6fae1d79d93eb37e  3 AIQKSTDTSSLAEVVDRILDKGVVIDLYARVSLVGIELITVEARVVIASVDTWLRYAEAVGLLRDDVQGSIDEGDVEEG 81
                              79**************************************************************999888557888764 PP

>> nat_9da3dcb0bb3c092c42d5  
   #    score  bias  c-Evalue  i-Evalue hmmfrom  hmm to    alifrom  ali to    envfrom  env to     acc
 ---   ------ ----- --------- --------- ------- -------    ------- -------    ------- -------    ----
   1 !  123.4   2.6   2.2e-37   3.6e-37       1      71 [.       1      71 [.       1      74 [] 0.97

  Alignments for each domain:
  == domain 1  score: 123.4 bits;  conditional E-value: 2.2e-37
                      gvpa  1 mavekasdssslaevldriLDkGiviDafvRvslvGieiltieaRvvvasvdtyLryaeavgklesaaepk 71
                              mavek+++ssslaev+driLDkGiviDa+vRvsl Gie+++ieaRvv+asv+tyL+yaeavg+++s a +k
  nat_9da3dcb0bb3c092c42d5  1 MAVEKVNSSSSLAEVIDRILDKGIVIDAWVRVSLGGIELFSIEARVVIASVETYLKYAEAVGLTTSTAVNK 71
                              9***************************************************************9988776 PP

>> nat_0b3f3bf863a3ef16a85e  
   #    score  bias  c-Evalue  i-Evalue hmmfrom  hmm to    alifrom  ali to    envfrom  env to     acc
 ---   ------ ----- --------- --------- ------- -------    ------- -------    ------- -------    ----
   1 !  123.2   4.0   2.5e-37   4.1e-37       1      71 [.       1      71 [.       1      72 [] 0.98

  Alignments for each domain:
  == domain 1  score: 123.2 bits;  conditional E-value: 2.5e-37
                      gvpa  1 mavekasdssslaevldriLDkGiviDafvRvslvGieiltieaRvvvasvdtyLryaeavgklesaaepk 71
                              mavek+++sssl ev+driLDkG+v+D +vRvslvGie+l++eaRvvvasv+tyL+yaeavg+++saa p+
  nat_0b3f3bf863a3ef16a85e  1 MAVEKTNSSSSLGEVVDRILDKGVVVDLWVRVSLVGIELLAVEARVVVASVETYLKYAEAVGLTSSAAVPA 71
                              9*****************************************************************99886 PP

>> nat_1de45b2894df870d6dc9  
   #    score  bias  c-Evalue  i-Evalue hmmfrom  hmm to    alifrom  ali to    envfrom  env to     acc
 ---   ------ ----- --------- --------- ------- -------    ------- -------    ------- -------    ----
   1 !  123.2   3.7   2.6e-37   4.2e-37       1      71 [.       1      71 [.       1      72 [] 0.98

  Alignments for each domain:
  == domain 1  score: 123.2 bits;  conditional E-value: 2.6e-37
                      gvpa  1 mavekasdssslaevldriLDkGiviDafvRvslvGieiltieaRvvvasvdtyLryaeavgklesaaepk 71
                              mavek+++sssl ev+driLDkG+v+D +vRvslvGie+l++eaRvv+asv+tyL+yaeavg+++saa p+
  nat_1de45b2894df870d6dc9  1 MAVEKTNSSSSLGEVVDRILDKGVVVDLWVRVSLVGIELLAVEARVVIASVETYLKYAEAVGLTSSAAVPA 71
                              9*****************************************************************99886 PP

>> nat_b9d316384ab02e663b33  
   #    score  bias  c-Evalue  i-Evalue hmmfrom  hmm to    alifrom  ali to    envfrom  env to     acc
 ---   ------ ----- --------- --------- ------- -------    ------- -------    ------- -------    ----
   1 !  122.9   3.0   3.1e-37   5.1e-37       1      71 [.       1      71 [.       1      85 [. 0.91

  Alignments for each domain:
  == domain 1  score: 122.9 bits;  conditional E-value: 3.1e-37
                      gvpa  1 mavekasdssslaevldriLDkGiviDafvRvslvGieiltieaRvvvasvdtyLryaeavgklesaaepk 71
                              m ++k++dssslaev+driLDkG+viD ++RvslvGie++t+eaRvv+asvdt+Lrya+avg+l+++++ +
  nat_b9d316384ab02e663b33  1 MGIQKSTDSSSLAEVVDRILDKGVVIDLYARVSLVGIELITVEARVVIASVDTWLRYADAVGLLRDEVQGE 71
                              899*************************************************************9987654 PP

>> nat_c9a543131d390ec68ed4  
   #    score  bias  c-Evalue  i-Evalue hmmfrom  hmm to    alifrom  ali to    envfrom  env to     acc
 ---   ------ ----- --------- --------- ------- -------    ------- -------    ------- -------    ----
   1 !  122.7   3.8   3.6e-37   5.9e-37       1      73 [.       1      76 [.       1      85 [. 0.89

  Alignments for each domain:
  == domain 1  score: 122.7 bits;  conditional E-value: 3.6e-37
                      gvpa  1 mavekasdssslaevldriLDkGiviDafvRvslvGieiltieaRvvvasvdtyLryaeavgklesaaepk...gl 73
                              m ++k++dssslaev+driLDkGiviD+++R+s+vGie +tieaRvv+asvdt+Lryaeavg+l+++++ +   +l
  nat_c9a543131d390ec68ed4  1 MGIQKSTDSSSLAEVIDRILDKGIVIDVYARISVVGIEAITIEARVVIASVDTWLRYAEAVGLLRDEVQGEidaDL 76
                              899*************************************************************998776533343 PP

>> nat_75b688dadffb1bcbff68  
   #    score  bias  c-Evalue  i-Evalue hmmfrom  hmm to    alifrom  ali to    envfrom  env to     acc
 ---   ------ ----- --------- --------- ------- -------    ------- -------    ------- -------    ----
   1 !  122.4   1.3   4.5e-37   7.4e-37       8     118 ..      13     133 ..       6     147 .. 0.81

  Alignments for each domain:
  == domain 1  score: 122.4 bits;  conditional E-value: 4.5e-37
                      gvpa   8 dssslaevldriLDkGiviDafvRvslvGieiltieaRvvvasvdtyLryaeavgklesaaepk........glvgevaesaarg 84 
                                + sl++vl++iLD+G+viD fvRvslvGieil+i+aR+vvasvdtyLr+aea+++l+ + +          g  g++++sa ++
  nat_75b688dadffb1bcbff68  13 RAGSLYDVLELILDRGMVIDIFVRVSLVGIEILKIDARIVVASVDTYLRFAEACNRLDLEHDATsrtvpelfG-GGSMTKSAGKA 96 
                               5789*****************************************************9977666668885543.47899999999 PP

                      gvpa  85 kakgalsgaaeaisdalkdasdes...esekssrsrr 118
                                ak a  ++ e + +a++  +d+    e+e+  r r+
  nat_75b688dadffb1bcbff68  97 GAKKAARSVGEKVKKAVGAGDDDGddeEREEVPRRRK 133
                               9999999999999999887744430003333334443 PP

>> nat_7d8900b1fc48c317aebb  
   #    score  bias  c-Evalue  i-Evalue hmmfrom  hmm to    alifrom  ali to    envfrom  env to     acc
 ---   ------ ----- --------- --------- ------- -------    ------- -------    ------- -------    ----
   1 !  122.2   3.3   5.1e-37   8.3e-37       2      79 ..       3      82 ..       1      86 [] 0.89

  Alignments for each domain:
  == domain 1  score: 122.2 bits;  conditional E-value: 5.1e-37
                      gvpa  2 avekasdssslaevldriLDkGiviDafvRvslvGieiltieaRvvvasvdtyLryaeavgklesaaepk..glvgevae 79
                              a++k++d sslaev+driLDkG+viD+++RvslvGie++t+eaRvv+asvdt+Lryaeavg+l+++ ++    l  +v+e
  nat_7d8900b1fc48c317aebb  3 AIQKSTDGSSLAEVIDRILDKGVVIDVYARVSLVGIELVTVEARVVIASVDTWLRYAEAVGLLRDDLMDDefKLSEQVNE 82
                              79*************************************************************99877763455556655 PP

>> nat_d5d0ae6e983cda4aeda1  
   #    score  bias  c-Evalue  i-Evalue hmmfrom  hmm to    alifrom  ali to    envfrom  env to     acc
 ---   ------ ----- --------- --------- ------- -------    ------- -------    ------- -------    ----
   1 !  122.0   1.2     6e-37   9.8e-37       2      72 ..       3      73 ..       1      86 [. 0.92

  Alignments for each domain:
  == domain 1  score: 122.0 bits;  conditional E-value: 6e-37
                      gvpa  2 avekasdssslaevldriLDkGiviDafvRvslvGieiltieaRvvvasvdtyLryaeavgklesaaepkg 72
                              a++k++d sslaev+driLDkG+viDa++++slvGie++t+eaRvv+asvdt+Lryaeavg+++++ +++g
  nat_d5d0ae6e983cda4aeda1  3 AIQKSTDGSSLAEVVDRILDKGVVIDAYAKISLVGIELITVEARVVIASVDTWLRYAEAVGLIRDDLMDEG 73
                              79*************************************************************99888775 PP

>> nat_3a34394c27043f0de19a  
   #    score  bias  c-Evalue  i-Evalue hmmfrom  hmm to    alifrom  ali to    envfrom  env to     acc
 ---   ------ ----- --------- --------- ------- -------    ------- -------    ------- -------    ----
   1 !  121.5   1.1   8.5e-37   1.4e-36       8     119 ..      15     136 ..       9     151 .. 0.80

  Alignments for each domain:
  == domain 1  score: 121.5 bits;  conditional E-value: 8.5e-37
                      gvpa   8 dssslaevldriLDkGiviDafvRvslvGieiltieaRvvvasvdtyLryaeavgklesaaepk......glvgevaesaargka 86 
                                + sl++vl++iLD+G+viD fvRvslvGieil+i+aR+vvasvdtyLr+aea+++l+ + +         + g++++sa ++ a
  nat_3a34394c27043f0de19a  15 RAGSLYDVLELILDRGMVIDIFVRVSLVGIEILKIDARIVVASVDTYLRFAEACNRLDLEHDVTsrtvpeLFGGSMSKSAGKAGA 99 
                               5789*****************************************************9976655567774334678888888888 PP

                      gvpa  87 kgalsgaaeaisdalkda....sdesesekssrsrrk 119
                               k a  ++ + + +a++      +d+ e+e++ r r++
  nat_3a34394c27043f0de19a 100 KKAAHSVGDKVKKAVGAGdddgDDDEEREEAPRRRKA 136
                               7777777777777766543233555666666666654 PP

>> nat_40a9ee2f296e1edcfbc2  
   #    score  bias  c-Evalue  i-Evalue hmmfrom  hmm to    alifrom  ali to    envfrom  env to     acc
 ---   ------ ----- --------- --------- ------- -------    ------- -------    ------- -------    ----
   1 !  121.4   4.5     9e-37   1.5e-36       1      71 [.       1      71 [.       1      74 [. 0.97

  Alignments for each domain:
  == domain 1  score: 121.4 bits;  conditional E-value: 9e-37
                      gvpa  1 mavekasdssslaevldriLDkGiviDafvRvslvGieiltieaRvvvasvdtyLryaeavgklesaaepk 71
                              m++ek+++sssl ev+driLDkGiviD+++R+slvGie+ltieaR+v+asv+tyL+ya+avg+++saa p+
  nat_40a9ee2f296e1edcfbc2  1 MVIEKVNSSSSLVEVIDRILDKGIVIDVWIRISLVGIELLTIEARIVIASVETYLKYAQAVGLTQSAAVPA 71
                              99****************************************************************99885 PP

>> nat_22459d46342d29cd0e51  
   #    score  bias  c-Evalue  i-Evalue hmmfrom  hmm to    alifrom  ali to    envfrom  env to     acc
 ---   ------ ----- --------- --------- ------- -------    ------- -------    ------- -------    ----
   1 !  121.1   1.0   1.1e-36   1.8e-36       8     119 ..      13     131 ..       7     139 .. 0.82

  Alignments for each domain:
  == domain 1  score: 121.1 bits;  conditional E-value: 1.1e-36
                      gvpa   8 dssslaevldriLDkGiviDafvRvslvGieiltieaRvvvasvdtyLryaeavgklesaaepk......glvgevaesaargka 86 
                                + sl++vl++iLD+G+viD f+RvslvGieil+i+aR+vvasvdtyLr+aea+++l+ ++++        + g +a+sa ++ a
  nat_22459d46342d29cd0e51  13 RAGSLYDVLELILDRGMVIDIFIRVSLVGIEILKIDARIVVASVDTYLRFAEACNRLDLENDSTsrtvpeLFGGGMAKSAGKAGA 97 
                               5789******************************************************987766677774334678888888888 PP

                      gvpa  87 kgalsgaaeaisdalkda.sdesesekssrsrrk 119
                               k a  ++ + + +a++   +d+ ++++ +r rr+
  nat_22459d46342d29cd0e51  98 KKAAHSVGDKVKKAVGAGgDDDDDEREEARPRRS 131
                               8888888888888877666666666666776554 PP

>> nat_b258e8dfa1451eaa6d09  
   #    score  bias  c-Evalue  i-Evalue hmmfrom  hmm to    alifrom  ali to    envfrom  env to     acc
 ---   ------ ----- --------- --------- ------- -------    ------- -------    ------- -------    ----
   1 !  121.3   1.8   9.6e-37   1.6e-36       2      67 ..       3      68 ..       1      86 [. 0.92

  Alignments for each domain:
  == domain 1  score: 121.3 bits;  conditional E-value: 9.6e-37
                      gvpa  2 avekasdssslaevldriLDkGiviDafvRvslvGieiltieaRvvvasvdtyLryaeavgklesa 67
                              a++k++dssslaev+driLDkGiviD +++vs+vGie++t+eaRvv+asvdt+Lryaeavg+l+++
  nat_b258e8dfa1451eaa6d09  3 AIQKSTDSSSLAEVIDRILDKGIVIDLYAKVSVVGIELITVEARVVIASVDTWLRYAEAVGLLQEE 68
                              79*************************************************************986 PP

>> nat_b81aa32b17d671599bc2  
   #    score  bias  c-Evalue  i-Evalue hmmfrom  hmm to    alifrom  ali to    envfrom  env to     acc
 ---   ------ ----- --------- --------- ------- -------    ------- -------    ------- -------    ----
   1 !  121.0   6.4   1.2e-36     2e-36       1      68 [.       1      68 [.       1      69 [] 0.97

  Alignments for each domain:
  == domain 1  score: 121.0 bits;  conditional E-value: 1.2e-36
                      gvpa  1 mavekasdssslaevldriLDkGiviDafvRvslvGieiltieaRvvvasvdtyLryaeavgklesaa 68
                              maveka +sssl ev+driLDkG+v+Da+vRvslvGie+l+ieaRvv+asv+tyL+yaea+g++++aa
  nat_b81aa32b17d671599bc2  1 MAVEKAIASSSLVEVIDRILDKGVVVDAWVRVSLVGIELLAIEARVVIASVETYLKYAEAIGLTATAA 68
                              9**************************************************************98865 PP

>> nat_6d257d8cbeb3f3af448a  
   #    score  bias  c-Evalue  i-Evalue hmmfrom  hmm to    alifrom  ali to    envfrom  env to     acc
 ---   ------ ----- --------- --------- ------- -------    ------- -------    ------- -------    ----
   1 !  120.7   1.0   1.5e-36   2.5e-36       8     119 ..      13     131 ..       7     139 .. 0.83

  Alignments for each domain:
  == domain 1  score: 120.7 bits;  conditional E-value: 1.5e-36
                      gvpa   8 dssslaevldriLDkGiviDafvRvslvGieiltieaRvvvasvdtyLryaeavgklesaaepk......glvgevaesaargka 86 
                                + sl++vl++iLD+G+viD f+RvslvGieil+i+aR+vvasvdtyLr+aea+++l+ ++++        + g +a+sa ++ a
  nat_6d257d8cbeb3f3af448a  13 RAGSLYDVLELILDRGMVIDIFIRVSLVGIEILKIDARIVVASVDTYLRFAEACNRLDLENDSTsrtvpeLFGGGMAKSAGKAGA 97 
                               5789******************************************************987766677884334789999999999 PP

                      gvpa  87 kgalsgaaeaisdalkda.sdesesekssrsrrk 119
                               k a  ++ + + +a++   +d+ ++++ +r rr+
  nat_6d257d8cbeb3f3af448a  98 KKAAHSVGDKVRKAVGAGgDDDDDEREEARPRRS 131
                               8888888888888887766666666666776554 PP

>> nat_3bac021c5495186db378  
   #    score  bias  c-Evalue  i-Evalue hmmfrom  hmm to    alifrom  ali to    envfrom  env to     acc
 ---   ------ ----- --------- --------- ------- -------    ------- -------    ------- -------    ----
   1 !  120.6   1.2   1.6e-36   2.6e-36       8     118 ..      13     129 ..       7     146 .. 0.73

  Alignments for each domain:
  == domain 1  score: 120.6 bits;  conditional E-value: 1.6e-36
                      gvpa   8 dssslaevldriLDkGiviDafvRvslvGieiltieaRvvvasvdtyLryaeavgklesaaepk........glvgevaesaarg 84 
                                + sl++vl++iLD+G+viD fvRvslvGieil+i+aR+vvasvdtyLr+aea+++l+ +++ +        g  g +a+s  ++
  nat_3bac021c5495186db378  13 RAGSLYDVLELILDRGMVIDIFVRVSLVGIEILKIDARIVVASVDTYLRFAEACNRLDLETDANsrtvpelfG--GGMAKSVGKA 95 
                               5789*****************************************************9987776667885331..5566666666 PP

                      gvpa  85 kakgalsgaaeaisdalkdasdesesekssrsrr 118
                                ak a  ++++ + +a++  +d+ ++ +  r rr
  nat_3bac021c5495186db378  96 GAKKAAHSVTDKVKKAVGVGEDDEDELEEERPRR 129
                               6666666666666655554433333333333222 PP

>> nat_e34b44c2870a942d0092  
   #    score  bias  c-Evalue  i-Evalue hmmfrom  hmm to    alifrom  ali to    envfrom  env to     acc
 ---   ------ ----- --------- --------- ------- -------    ------- -------    ------- -------    ----
   1 !  120.6   0.8   1.6e-36   2.6e-36       8     119 ..      13     131 ..       7     140 .. 0.81

  Alignments for each domain:
  == domain 1  score: 120.6 bits;  conditional E-value: 1.6e-36
                      gvpa   8 dssslaevldriLDkGiviDafvRvslvGieiltieaRvvvasvdtyLryaeavgklesaaepk......glvgevaesaargka 86 
                                + sl++vl++iLD+G+viD f+RvslvGieil+i+aR+vvasvdtyLr+aea+++l+ ++++        + g +a+sa ++ a
  nat_e34b44c2870a942d0092  13 RAGSLYDVLELILDRGMVIDIFIRVSLVGIEILKIDARIVVASVDTYLRFAEACNRLDLENDSTsrtvpeLFGGGMAKSAGKAGA 97 
                               5789******************************************************987766677774334678888888888 PP

                      gvpa  87 kgalsgaaeaisdalkda.sdesesekssrsrrk 119
                               k a  ++ + + +a++   +++ ++++ +r rr+
  nat_e34b44c2870a942d0092  98 KKAAHSVGDKVKKAVGAGgDGDDDEREEARPRRS 131
                               8888888888888887664555555666665554 PP

>> nat_8ba3d6668e353b537179  
   #    score  bias  c-Evalue  i-Evalue hmmfrom  hmm to    alifrom  ali to    envfrom  env to     acc
 ---   ------ ----- --------- --------- ------- -------    ------- -------    ------- -------    ----
   1 !  120.6   0.7   1.6e-36   2.7e-36       8     115 ..      13     129 ..       7     145 .. 0.75

  Alignments for each domain:
  == domain 1  score: 120.6 bits;  conditional E-value: 1.6e-36
                      gvpa   8 dssslaevldriLDkGiviDafvRvslvGieiltieaRvvvasvdtyLryaeavgklesaaepk......glvgevaesaargka 86 
                                + sl++vl++iLD+G+viD fvRvslvGieil+i+aR+vvasvdtyLr+aea+++l+ ++++        + g +a+sa ++ a
  nat_8ba3d6668e353b537179  13 RAGSLYDVLELILDRGMVIDIFVRVSLVGIEILKIDARIVVASVDTYLRFAEACNRLDLETDSTsrtvpeLFGGGMAKSAGKAGA 97 
                               5789******************************************************987776667774234678888888877 PP

                      gvpa  87 kgalsgaaeaisdalkda...sdesesekssr 115
                               k a  ++ + + +a++     +d+ e+++  r
  nat_8ba3d6668e353b537179  98 KRAAHSVGDKVKKAVGVDgddEDDLEKKRPHR 129
                               77777777666666654332122222222222 PP

>> nat_4b81ad5ffa833d3eb412  
   #    score  bias  c-Evalue  i-Evalue hmmfrom  hmm to    alifrom  ali to    envfrom  env to     acc
 ---   ------ ----- --------- --------- ------- -------    ------- -------    ------- -------    ----
   1 !  120.6   2.3   1.6e-36   2.6e-36       2      71 ..       3      72 ..       1      86 [. 0.90

  Alignments for each domain:
  == domain 1  score: 120.6 bits;  conditional E-value: 1.6e-36
                      gvpa  2 avekasdssslaevldriLDkGiviDafvRvslvGieiltieaRvvvasvdtyLryaeavgklesaaepk 71
                              ++ek +dssslaev+driLDkGiviD ++R+s+vGie++tieaR+v+asvdt+Lryaeavg+l+++++ +
  nat_4b81ad5ffa833d3eb412  3 TLEKHTDSSSLAEVIDRILDKGIVIDIYARISVVGIELITIEARIVIASVDTWLRYAEAVGLLRDEVQGE 72
                              57899**********************************************************9987654 PP

>> nat_699456ca14dc91b53082  
   #    score  bias  c-Evalue  i-Evalue hmmfrom  hmm to    alifrom  ali to    envfrom  env to     acc
 ---   ------ ----- --------- --------- ------- -------    ------- -------    ------- -------    ----
   1 !  120.5   4.0   1.8e-36   2.9e-36       3      68 ..       2      67 ..       1      70 [] 0.96

  Alignments for each domain:
  == domain 1  score: 120.5 bits;  conditional E-value: 1.8e-36
                      gvpa  3 vekasdssslaevldriLDkGiviDafvRvslvGieiltieaRvvvasvdtyLryaeavgklesaa 68
                              vek ++sssl ev+driLDkGiv+Da++RvslvGieil+ieaRvv+asv+t+L+yaeavg++e+a+
  nat_699456ca14dc91b53082  2 VEKMNSSSSLVEVIDRILDKGIVVDAWARVSLVGIEILSIEARVVIASVETFLKYAEAVGLTEHAE 67
                              7899**********************************************************9987 PP

>> nat_101346775bd8fc719b54  
   #    score  bias  c-Evalue  i-Evalue hmmfrom  hmm to    alifrom  ali to    envfrom  env to     acc
 ---   ------ ----- --------- --------- ------- -------    ------- -------    ------- -------    ----
   1 !  119.6   0.6   3.3e-36   5.3e-36       9     118 ..      14     129 ..       7     134 .. 0.82

  Alignments for each domain:
  == domain 1  score: 119.6 bits;  conditional E-value: 3.3e-36
                      gvpa   9 ssslaevldriLDkGiviDafvRvslvGieiltieaRvvvasvdtyLryaeavgklesaaepk......glvgevaesaargkak 87 
                               + +l++vl++iLD+G+viD+fvRvslvGieil+i+aR+vvasvdtyLr+aea+++l+ + +         + g + +s  ++ ak
  nat_101346775bd8fc719b54  14 AGTLYDVLELILDRGMVIDVFVRVSLVGIEILKIDARIVVASVDTYLRFAEACNRLDLDHDATsktvpeLFGGGMGKSVRKAGAK 98 
                               5689***************************************************998655444577732346788888888899 PP

                      gvpa  88 galsgaaeaisdalkdasdesesekssrsrr 118
                                a+ +a   + d+l+  +d+ e+e+s   rr
  nat_101346775bd8fc719b54  99 KAVRSAGSKVKDKLGMGDDDGEEEESRPRRR 129
                               9999999999999998877766665543333 PP

>> nat_37c770390307a882825a  
   #    score  bias  c-Evalue  i-Evalue hmmfrom  hmm to    alifrom  ali to    envfrom  env to     acc
 ---   ------ ----- --------- --------- ------- -------    ------- -------    ------- -------    ----
   1 !  119.8   3.4   2.8e-36   4.6e-36       2      71 ..       3      72 ..       1      89 [. 0.87

  Alignments for each domain:
  == domain 1  score: 119.8 bits;  conditional E-value: 2.8e-36
                      gvpa  2 avekasdssslaevldriLDkGiviDafvRvslvGieiltieaRvvvasvdtyLryaeavgklesaaepk 71
                              a++k++d sslaev+driLDkG+v+D ++RvslvGie++t+eaRvv+asvdt+Lryaeavg+l+++++  
  nat_37c770390307a882825a  3 AIQKSTDNSSLAEVVDRILDKGVVVDLYARVSLVGIELITVEARVVIASVDTWLRYAEAVGLLRDDVQGS 72
                              79*************************************************************9987655 PP

>> nat_5d4bc3951377fd2faff7  
   #    score  bias  c-Evalue  i-Evalue hmmfrom  hmm to    alifrom  ali to    envfrom  env to     acc
 ---   ------ ----- --------- --------- ------- -------    ------- -------    ------- -------    ----
   1 !  119.8   1.8   2.8e-36   4.6e-36       1      66 [.       1      66 [.       1      82 [. 0.94

  Alignments for each domain:
  == domain 1  score: 119.8 bits;  conditional E-value: 2.8e-36
                      gvpa  1 mavekasdssslaevldriLDkGiviDafvRvslvGieiltieaRvvvasvdtyLryaeavgkles 66
                              mav+ a +sssl ev+driLDkGiviDa++RvslvGie+l+ieaRvv+asv+t+L+yaea+g++ +
  nat_5d4bc3951377fd2faff7  1 MAVRTAMASSSLVEVVDRILDKGIVIDAWARVSLVGIELLAIEARVVIASVETFLKYAEAIGLTVD 66
                              99************************************************************9876 PP

>> nat_c05532e5292ee743920d  
   #    score  bias  c-Evalue  i-Evalue hmmfrom  hmm to    alifrom  ali to    envfrom  env to     acc
 ---   ------ ----- --------- --------- ------- -------    ------- -------    ------- -------    ----
   1 !  119.8   3.5   2.8e-36   4.6e-36       1      70 [.       1      70 [.       1      71 [] 0.97

  Alignments for each domain:
  == domain 1  score: 119.8 bits;  conditional E-value: 2.8e-36
                      gvpa  1 mavekasdssslaevldriLDkGiviDafvRvslvGieiltieaRvvvasvdtyLryaeavgklesaaep 70
                              mav+++ +sssl ev+driL+kGiviDa++RvslvGie+l+ieaRvvvasvdt+L+yaea+g+++ aa p
  nat_c05532e5292ee743920d  1 MAVKHSVASSSLVEVIDRILEKGIVIDAWARVSLVGIELLAIEARVVVASVDTFLKYAEAIGLTKFAAVP 70
                              99**************************************************************998876 PP

>> nat_2051151517b2b27c91df  
   #    score  bias  c-Evalue  i-Evalue hmmfrom  hmm to    alifrom  ali to    envfrom  env to     acc
 ---   ------ ----- --------- --------- ------- -------    ------- -------    ------- -------    ----
   1 !  119.4   0.6   3.7e-36   6.1e-36       8     118 ..      13     134 ..       7     141 .. 0.77

  Alignments for each domain:
  == domain 1  score: 119.4 bits;  conditional E-value: 3.7e-36
                      gvpa   8 dssslaevldriLDkGiviDafvRvslvGieiltieaRvvvasvdtyLryaeavgklesaaepk......glvgevaesaargka 86 
                                + sl++vl++iLD+G+viD f+RvslvGieil+i+aR+vvasvdtyLr+aea+++l+ ++++        + g +a+sa ++ a
  nat_2051151517b2b27c91df  13 RAGSLYDVLELILDRGMVIDIFIRVSLVGIEILKIDARIVVASVDTYLRFAEACNRLDLENDSTsrtvpeLFGGGMAKSAGKAGA 97 
                               5789******************************************************987766677774234678888888888 PP

                      gvpa  87 kgalsgaaeaisdalkda.....sdesesekssrsrr 118
                               k a  ++ + + +a++       +d+ e+++ +r rr
  nat_2051151517b2b27c91df  98 KKAAHSVGDKVKKAVGVGgddddDDDDEAQEETRPRR 134
                               7777777777776665333322244445555566555 PP

>> nat_e38f9994094842734a96  
   #    score  bias  c-Evalue  i-Evalue hmmfrom  hmm to    alifrom  ali to    envfrom  env to     acc
 ---   ------ ----- --------- --------- ------- -------    ------- -------    ------- -------    ----
   1 !  119.5   0.6   3.6e-36     6e-36       7      74 ..       6      73 ..       1      88 [. 0.90

  Alignments for each domain:
  == domain 1  score: 119.5 bits;  conditional E-value: 3.6e-36
                      gvpa  7 sdssslaevldriLDkGiviDafvRvslvGieiltieaRvvvasvdtyLryaeavgklesaaepkglv 74
                               +++slaevldriLDkGiviD ++Rvs+vGie+ltieaR+vvasvdt+L+yaea++kle+a ++++l 
  nat_e38f9994094842734a96  6 PSTASLAEVLDRILDKGIVIDIWARVSVVGIEVLTIEARIVVASVDTFLHYAEAITKLEQASQSEDLQ 73
                              5789***********************************************************99975 PP

>> nat_bdb27357528f1d5d6c47  
   #    score  bias  c-Evalue  i-Evalue hmmfrom  hmm to    alifrom  ali to    envfrom  env to     acc
 ---   ------ ----- --------- --------- ------- -------    ------- -------    ------- -------    ----
   1 !  119.2   0.7   4.3e-36   7.1e-36      10     117 ..      21     137 ..      13     152 .. 0.80

  Alignments for each domain:
  == domain 1  score: 119.2 bits;  conditional E-value: 4.3e-36
                      gvpa  10 sslaevldriLDkGiviDafvRvslvGieiltieaRvvvasvdtyLryaeavgklesaaepk......glvgevaesaargkakg 88 
                                +l++v+++iLD+G+viD+f+RvslvGieil+i+aR+vvasvdtyLr+aea+++l+ + ++        + g+ a+s  ++k+k 
  nat_bdb27357528f1d5d6c47  21 GTLYDVMELILDRGMVIDVFIRVSLVGIEILKIDARIVVASVDTYLRFAEACNRLDLERDSGsvtvpeLFSGQAAKSIGKSKVKD 105
                               679*****************************************************98877656666445788888888888888 PP

                      gvpa  89 alsgaaeaisdalkda.sdesesekssr..sr 117
                               a  ++ e++  a++   +++ ese+ s+   r
  nat_bdb27357528f1d5d6c47 106 AAQSVGETVRSAVGAGgDSDEESEEESKpqRR 137
                               88899999888887655333333333332122 PP

>> nat_743941db45842ba9edb7  
   #    score  bias  c-Evalue  i-Evalue hmmfrom  hmm to    alifrom  ali to    envfrom  env to     acc
 ---   ------ ----- --------- --------- ------- -------    ------- -------    ------- -------    ----
   1 !  119.1   1.1   4.7e-36   7.6e-36       8     118 ..      13     130 ..       7     142 .. 0.78

  Alignments for each domain:
  == domain 1  score: 119.1 bits;  conditional E-value: 4.7e-36
                      gvpa   8 dssslaevldriLDkGiviDafvRvslvGieiltieaRvvvasvdtyLryaeavgklesaaepk......glvgevaesaargka 86 
                                + sl++vl++iLD+G+viD fvRvslvGieil+i+aR+vvasvdtyLr+aea+++l+ ++++        + g + +sa ++ a
  nat_743941db45842ba9edb7  13 RAGSLYDVLELILDRGMVIDIFVRVSLVGIEILKIDARIVVASVDTYLRFAEACNRLDLETDSTsrtvpeLFGGGMVKSAGKAGA 97 
                               5789******************************************************988776667774223567777777777 PP

                      gvpa  87 kgalsgaaeaisdalkda.sdesesekssrsrr 118
                               k a  ++ + + +a++   +de e e   r r+
  nat_743941db45842ba9edb7  98 KKAAHSVGDRVKKAVGVDgDDEDEDELEERPRK 130
                               777777777776666544455556555555544 PP

>> nat_f176d2d019718491db42  
   #    score  bias  c-Evalue  i-Evalue hmmfrom  hmm to    alifrom  ali to    envfrom  env to     acc
 ---   ------ ----- --------- --------- ------- -------    ------- -------    ------- -------    ----
   1 !  118.9   0.6   5.3e-36   8.8e-36       8     117 ..      13     132 ..       7     143 .. 0.76

  Alignments for each domain:
  == domain 1  score: 118.9 bits;  conditional E-value: 5.3e-36
                      gvpa   8 dssslaevldriLDkGiviDafvRvslvGieiltieaRvvvasvdtyLryaeavgklesaaepk......glvgevaesaargka 86 
                                + sl++vl++iLD+G+viD f+RvslvGieil+i+aR+vvasvdtyLr+aea+++l+ ++++        + g +a+sa ++ a
  nat_f176d2d019718491db42  13 RAGSLYDVLELILDRGMVIDIFIRVSLVGIEILKIDARIVVASVDTYLRFAEACNRLDLENDSTsrtvpeLFGGGMAKSAGKAGA 97 
                               5789******************************************************987766667774234678888877777 PP

                      gvpa  87 kgalsgaaeaisdalkda....sdesesekssrsr 117
                               k a  ++ + + +a++      +d+ e+++  r r
  nat_f176d2d019718491db42  98 KKAAHSVGDKVKKAVGVGggsdDDDDEAQEEERPR 132
                               77776666666666543333333444444444544 PP

>> nat_fd6df642808b7adaae7d  
   #    score  bias  c-Evalue  i-Evalue hmmfrom  hmm to    alifrom  ali to    envfrom  env to     acc
 ---   ------ ----- --------- --------- ------- -------    ------- -------    ------- -------    ----
   1 !  118.7   0.4   6.1e-36     1e-35      10     118 ..      22     139 ..      13     143 .. 0.76

  Alignments for each domain:
  == domain 1  score: 118.7 bits;  conditional E-value: 6.1e-36
                      gvpa  10 sslaevldriLDkGiviDafvRvslvGieiltieaRvvvasvdtyLryaeavgklesaaepk......glvgevaesaargkakg 88 
                                +l++vl++iLD+G+viD+f+RvslvGieil+i+aR+vvasvdtyLr+aea+++l+ + ++        + g+ a+s  ++k+k 
  nat_fd6df642808b7adaae7d  22 GTLYDVLELILDRGMVIDVFIRVSLVGIEILKIDARIVVASVDTYLRFAEACNRLDLERDSGsvtvpeLFSGQAAKSIGKSKVKK 106
                               689*****************************************************98877655555344566677766666666 PP

                      gvpa  89 alsgaaeaisdalkda...sdesesekssrsrr 118
                               a  ++ +++  a++     +++se+e+  r rr
  nat_fd6df642808b7adaae7d 107 AAKSVGDTVRTAVGAGddtDEDSEEESQPRRRR 139
                               666666666666654432244455555555554 PP

>> nat_70e926d855b20edca8f9  
   #    score  bias  c-Evalue  i-Evalue hmmfrom  hmm to    alifrom  ali to    envfrom  env to     acc
 ---   ------ ----- --------- --------- ------- -------    ------- -------    ------- -------    ----
   1 !  119.0   3.3   5.1e-36   8.4e-36       1      67 [.       1      67 [.       1      76 [. 0.94

  Alignments for each domain:
  == domain 1  score: 119.0 bits;  conditional E-value: 5.1e-36
                      gvpa  1 mavekasdssslaevldriLDkGiviDafvRvslvGieiltieaRvvvasvdtyLryaeavgklesa 67
                              mav+ a +sssl ev+driLDkGiviDa++RvslvGie+l+ieaRvv+asv+t+L+yaea+g++ + 
  nat_70e926d855b20edca8f9  1 MAVRTAMASSSLVEVVDRILDKGIVIDAWARVSLVGIELLAIEARVVIASVETFLKYAEAIGLTVDV 67
                              99************************************************************98764 PP

>> nat_b017d8236271e13a1522  
   #    score  bias  c-Evalue  i-Evalue hmmfrom  hmm to    alifrom  ali to    envfrom  env to     acc
 ---   ------ ----- --------- --------- ------- -------    ------- -------    ------- -------    ----
   1 !  118.5   1.7   6.9e-36   1.1e-35       4      70 ..      49     115 ..      46     116 .] 0.96

  Alignments for each domain:
  == domain 1  score: 118.5 bits;  conditional E-value: 6.9e-36
                      gvpa   4 ekasdssslaevldriLDkGiviDafvRvslvGieiltieaRvvvasvdtyLryaeavgklesaaep 70 
                               +k++dssslaev+driLD+GiviD++++vslvGie+l+ieaRvvvasv+tyL+yaea+g++++aa p
  nat_b017d8236271e13a1522  49 QKSTDSSSLAEVVDRILDRGIVIDVWAKVSLVGIELLSIEARVVVASVETYLKYAEAIGLTANAAAP 115
                               799**********************************************************999876 PP

>> nat_9f6df4357b80feaba99b  
   #    score  bias  c-Evalue  i-Evalue hmmfrom  hmm to    alifrom  ali to    envfrom  env to     acc
 ---   ------ ----- --------- --------- ------- -------    ------- -------    ------- -------    ----
   1 !  118.2   0.3   8.7e-36   1.4e-35       9     111 ..      17     126 ..       2     144 .. 0.77

  Alignments for each domain:
  == domain 1  score: 118.2 bits;  conditional E-value: 8.7e-36
                      gvpa   9 ssslaevldriLDkGiviDafvRvslvGieiltieaRvvvasvdtyLryaeavgklesaaepk........glvgevaesaargk 85 
                               + +l++v+d iLD+G+viD+f RvslvGieil+i++Rvv+asvdtyLr+aea+++++ +a+++        g  g v+  + +g 
  nat_9f6df4357b80feaba99b  17 TGTLYDVIDIILDRGMVIDVFLRVSLVGIEILKIDVRVVIASVDTYLRFAEACNRIDLEADTRsrtvpelfGGGGAVSGLGRKGL 101
                               678**********************************************************999999988833455555555555 PP

                      gvpa  86 akgalsgaaeaisdalkdasdesese 111
                               +k a  ga +a+ +al + +d+ +++
  nat_9f6df4357b80feaba99b 102 SK-AAKGAGHAAKEALVGEDDDEDEH 126
                               53.33455555555555553333322 PP

>> nat_2b65cf1e277ab50a0dfe  
   #    score  bias  c-Evalue  i-Evalue hmmfrom  hmm to    alifrom  ali to    envfrom  env to     acc
 ---   ------ ----- --------- --------- ------- -------    ------- -------    ------- -------    ----
   1 !  117.9   2.7   1.1e-35   1.8e-35       8     118 ..      13     129 ..       7     149 .. 0.74

  Alignments for each domain:
  == domain 1  score: 117.9 bits;  conditional E-value: 1.1e-35
                      gvpa   8 dssslaevldriLDkGiviDafvRvslvGieiltieaRvvvasvdtyLryaeavgklesaaepk......glvgevaesaargka 86 
                                + sl++vl++iLD+G+viD fvRvslvGieil+i+aR+vvasvdtyLr+aea+++l+ +++         + g +++s  ++ a
  nat_2b65cf1e277ab50a0dfe  13 RAGSLYDVLELILDRGMVIDIFVRVSLVGIEILKIDARIVVASVDTYLRFAEACNRLDLENDAGsrtvpeLFGGGMTKSVGKAGA 97 
                               5789*****************************************************9976655446663223556666666666 PP

                      gvpa  87 kgalsgaaeaisdalkdasdesesekssrsrr 118
                               k a  ++ + + +a++   d+ ++++  r rr
  nat_2b65cf1e277ab50a0dfe  98 KKAAQSVGDKVKKAVGVGGDDEDEQEEERPRR 129
                               65555555555555554444444444444333 PP

>> nat_05faae01597311327997  
   #    score  bias  c-Evalue  i-Evalue hmmfrom  hmm to    alifrom  ali to    envfrom  env to     acc
 ---   ------ ----- --------- --------- ------- -------    ------- -------    ------- -------    ----
   1 !  117.9   0.8   1.1e-35   1.8e-35       8     114 ..      13     130 ..       7     144 .. 0.74

  Alignments for each domain:
  == domain 1  score: 117.9 bits;  conditional E-value: 1.1e-35
                      gvpa   8 dssslaevldriLDkGiviDafvRvslvGieiltieaRvvvasvdtyLryaeavgklesaaepk......glvgevaesaargka 86 
                                + sl++vl++iLD+G+viD f+RvslvGieil+i+aR+vvasvdtyLr+aea+++l+ ++++        + g +a+sa ++ a
  nat_05faae01597311327997  13 RAGSLYDVLELILDRGMVIDIFIRVSLVGIEILKIDARIVVASVDTYLRFAEACNRLDLENDSTsrtvpeLFGGGMAKSAGKAGA 97 
                               5789******************************************************987766567773234677888777777 PP

                      gvpa  87 kgalsgaaeaisdalkda.....sdesesekss 114
                               k a  ++ + + +a++       +d+ ++++  
  nat_05faae01597311327997  98 KKAAHSVGDKVKKAVGVGgggddDDDHDAREEE 130
                               776666666666665433322222333333333 PP

>> nat_c7c2a6d15e1ef7e082fb  
   #    score  bias  c-Evalue  i-Evalue hmmfrom  hmm to    alifrom  ali to    envfrom  env to     acc
 ---   ------ ----- --------- --------- ------- -------    ------- -------    ------- -------    ----
   1 !  117.9   2.6   1.1e-35   1.8e-35       2      72 ..       3      74 ..       1      88 [. 0.85

  Alignments for each domain:
  == domain 1  score: 117.9 bits;  conditional E-value: 1.1e-35
                      gvpa  2 avekasdssslaevldriLDkGiviDafvRvslvGieiltieaRvvvasvdtyLryaeavgklesaaepk.g 72
                              ++e+ sdssslaev+driLDkGiviD ++++slvGie++tieaR+v+asvdt+Lryaeavg+l+++++ + +
  nat_c7c2a6d15e1ef7e082fb  3 TLERNSDSSSLAEVIDRILDKGIVIDIYAKISLVGIELITIEARIVIASVDTWLRYAEAVGLLRDDVQGEiD 74
                              567889*********************************************************987665433 PP

>> nat_483bbff4b0b9b4108f6d  
   #    score  bias  c-Evalue  i-Evalue hmmfrom  hmm to    alifrom  ali to    envfrom  env to     acc
 ---   ------ ----- --------- --------- ------- -------    ------- -------    ------- -------    ----
   1 !  117.8   2.5   1.2e-35     2e-35       1      70 [.       1      70 [.       1      83 [. 0.93

  Alignments for each domain:
  == domain 1  score: 117.8 bits;  conditional E-value: 1.2e-35
                      gvpa  1 mavekasdssslaevldriLDkGiviDafvRvslvGieiltieaRvvvasvdtyLryaeavgklesaaep 70
                              mav+ a +sssl ev+driLDkGiv+D ++RvslvGie+l+ieaRvv+asv+t+L+yaea+g++ + a+ 
  nat_483bbff4b0b9b4108f6d  1 MAVRTAMASSSLVEVVDRILDKGIVVDIWARVSLVGIELLAIEARVVIASVETFLKYAEAIGLTVDVASH 70
                              99*************************************************************9886654 PP

>> nat_731f8990c8cbea086350  
   #    score  bias  c-Evalue  i-Evalue hmmfrom  hmm to    alifrom  ali to    envfrom  env to     acc
 ---   ------ ----- --------- --------- ------- -------    ------- -------    ------- -------    ----
   1 !  117.8   2.8   1.2e-35   1.9e-35       3      71 ..       4      72 ..       1      73 [] 0.95

  Alignments for each domain:
  == domain 1  score: 117.8 bits;  conditional E-value: 1.2e-35
                      gvpa  3 vekasdssslaevldriLDkGiviDafvRvslvGieiltieaRvvvasvdtyLryaeavgklesaaepk 71
                              v+k+sd+s+laev+driLDkGiviDafvRvslvGie++++eaR+v+asv+tyL+yae +g++++aa p+
  nat_731f8990c8cbea086350  4 VQKTSDASGLAEVVDRILDKGIVIDAFVRVSLVGIELVSVEARIVIASVETYLKYAEGIGLTATAAAPA 72
                              899************************************************************999875 PP

>> nat_f1843d79acb220241dfc  
   #    score  bias  c-Evalue  i-Evalue hmmfrom  hmm to    alifrom  ali to    envfrom  env to     acc
 ---   ------ ----- --------- --------- ------- -------    ------- -------    ------- -------    ----
   1 !  117.5   0.7   1.5e-35   2.5e-35      10     117 ..      21     136 ..      13     151 .. 0.73

  Alignments for each domain:
  == domain 1  score: 117.5 bits;  conditional E-value: 1.5e-35
                      gvpa  10 sslaevldriLDkGiviDafvRvslvGieiltieaRvvvasvdtyLryaeavgklesaaepk......glvgevaesaargkakg 88 
                                +l++v+++iLD+G+viD+f+RvslvGieil+i+aR+vvasvdtyLr+aea+++l+ + ++        + g+ a+   + k+k 
  nat_f1843d79acb220241dfc  21 GTLYDVMELILDRGMVIDVFIRVSLVGIEILKIDARIVVASVDTYLRFAEACNRLDLERDSGsvtvpeLFSGQAAKGIGKRKVKD 105
                               679*****************************************************98877655444233455555555555566 PP

                      gvpa  89 alsgaaeaisdalkda..sdesesekssrsr 117
                               a  ++ e++  a++    sde ++++  r r
  nat_f1843d79acb220241dfc 106 AAKSVGETVRSAVGAGddSDEDSEKEPQRRR 136
                               6666666666665544322222222233333 PP

>> nat_387a1a5b990d83c80a60  
   #    score  bias  c-Evalue  i-Evalue hmmfrom  hmm to    alifrom  ali to    envfrom  env to     acc
 ---   ------ ----- --------- --------- ------- -------    ------- -------    ------- -------    ----
   1 !  117.7   2.9   1.3e-35   2.1e-35       3      70 ..       4      71 ..       1      73 [] 0.95

  Alignments for each domain:
  == domain 1  score: 117.7 bits;  conditional E-value: 1.3e-35
                      gvpa  3 vekasdssslaevldriLDkGiviDafvRvslvGieiltieaRvvvasvdtyLryaeavgklesaaep 70
                              v+k+sd+s+laev+driLDkGiviDafvRvslvGie++++eaR+vvasv+tyL+yae +g++++aa p
  nat_387a1a5b990d83c80a60  4 VQKTSDASGLAEVVDRILDKGIVIDAFVRVSLVGIELVSVEARIVVASVETYLKYAEGIGLTATAAAP 71
                              899***********************************************************999877 PP

>> nat_8d21dd360b13b6dfcbe2  
   #    score  bias  c-Evalue  i-Evalue hmmfrom  hmm to    alifrom  ali to    envfrom  env to     acc
 ---   ------ ----- --------- --------- ------- -------    ------- -------    ------- -------    ----
   1 !  117.2   1.3   1.8e-35     3e-35       9     109 ..      14     120 ..       7     145 .. 0.71

  Alignments for each domain:
  == domain 1  score: 117.2 bits;  conditional E-value: 1.8e-35
                      gvpa   9 ssslaevldriLDkGiviDafvRvslvGieiltieaRvvvasvdtyLryaeavgklesaaepk........glvgevaesaargk 85 
                               + +l++vl++iLD+G+viD fvRvslvGieil+i+aR+vvasvdtyLr+aea+++l+ +++++        g  g +++s  ++ 
  nat_8d21dd360b13b6dfcbe2  14 AGTLYDVLELILDRGMVIDIFVRVSLVGIEILKIDARIVVASVDTYLRFAEACNRLDLENDSAsrtvpelfG--GGMTKSVGKAG 96 
                               678******************************************************998888777774331..45555555555 PP

                      gvpa  86 akgalsgaaeaisdalkda.sdese 109
                               ak a  ++ + + +a++   + + e
  nat_8d21dd360b13b6dfcbe2  97 AKKAAHSVGDKVKKAVGAGgD-DEE 120
                               555544444444444443321.211 PP

>> nat_0e8669cb5fbefecf56bd  
   #    score  bias  c-Evalue  i-Evalue hmmfrom  hmm to    alifrom  ali to    envfrom  env to     acc
 ---   ------ ----- --------- --------- ------- -------    ------- -------    ------- -------    ----
   1 !  117.4   0.6   1.6e-35   2.6e-35       8      73 ..       7      72 ..       1      89 [. 0.90

  Alignments for each domain:
  == domain 1  score: 117.4 bits;  conditional E-value: 1.6e-35
                      gvpa  8 dssslaevldriLDkGiviDafvRvslvGieiltieaRvvvasvdtyLryaeavgklesaaepkgl 73
                              +ssslaevldriLDkGiviD ++Rvs+vGieilt+eaRvvvasvdt+L+ya +++k+e+a+e+ +l
  nat_0e8669cb5fbefecf56bd  7 GSSSLAEVLDRILDKGIVIDIWARVSVVGIEILTVEARVVVASVDTFLHYAAEISKIEQATESGEL 72
                              79********************************************************99877644 PP

>> nat_eac8d42dcf851f8eb6d8  
   #    score  bias  c-Evalue  i-Evalue hmmfrom  hmm to    alifrom  ali to    envfrom  env to     acc
 ---   ------ ----- --------- --------- ------- -------    ------- -------    ------- -------    ----
   1 !  116.7   0.6   2.7e-35   4.4e-35      10     111 ..      19     126 ..      11     149 .. 0.75

  Alignments for each domain:
  == domain 1  score: 116.7 bits;  conditional E-value: 2.7e-35
                      gvpa  10 sslaevldriLDkGiviDafvRvslvGieiltieaRvvvasvdtyLryaeavgklesaaepk......glvgevaesaargkakg 88 
                                +l++v+++iLD+G+viD+f+RvslvGieil+i+aR+vvasvdtyLr+aea+++l+ + ++        + g+ a+   + k+k 
  nat_eac8d42dcf851f8eb6d8  19 GTLYDVMELILDRGMVIDVFIRVSLVGIEILKIDARIVVASVDTYLRFAEACNRLDLERDSGsvtvpeLFSGQAAKGIGKRKVKD 103
                               579*****************************************************98877655444233455555556666666 PP

                      gvpa  89 alsgaaeaisdalkdasdesese 111
                               a  ++ e++  a+++ +de +  
  nat_eac8d42dcf851f8eb6d8 104 AAKSVGETVRSAVGKGDDEDDDA 126
                               66667777766666554333222 PP

>> nat_bbadf719897c45da08f0  
   #    score  bias  c-Evalue  i-Evalue hmmfrom  hmm to    alifrom  ali to    envfrom  env to     acc
 ---   ------ ----- --------- --------- ------- -------    ------- -------    ------- -------    ----
   1 !  116.6   0.6   2.8e-35   4.6e-35      10     111 ..      21     128 ..      13     151 .. 0.75

  Alignments for each domain:
  == domain 1  score: 116.6 bits;  conditional E-value: 2.8e-35
                      gvpa  10 sslaevldriLDkGiviDafvRvslvGieiltieaRvvvasvdtyLryaeavgklesaaepk......glvgevaesaargkakg 88 
                                +l++v+++iLD+G+viD+f+RvslvGieil+i+aR+vvasvdtyLr+aea+++l+ + ++        + g+ a+   + k+k 
  nat_bbadf719897c45da08f0  21 GTLYDVMELILDRGMVIDVFIRVSLVGIEILKIDARIVVASVDTYLRFAEACNRLDLERDSGsvtvpeLFSGQAAKGIGKRKVKD 105
                               579*****************************************************98877655444233455555556666666 PP

                      gvpa  89 alsgaaeaisdalkdasdesese 111
                               a  ++ e++  a+++ +de +  
  nat_bbadf719897c45da08f0 106 AAKSVGETVRSAVGKGDDEDDDA 128
                               66667777766666554333222 PP

>> nat_457c7fa4e18854325440  
   #    score  bias  c-Evalue  i-Evalue hmmfrom  hmm to    alifrom  ali to    envfrom  env to     acc
 ---   ------ ----- --------- --------- ------- -------    ------- -------    ------- -------    ----
   1 !  116.7   1.3   2.6e-35   4.3e-35       4      75 ..       4      75 ..       1     103 [. 0.81

  Alignments for each domain:
  == domain 1  score: 116.7 bits;  conditional E-value: 2.6e-35
                      gvpa  4 ekasdssslaevldriLDkGiviDafvRvslvGieiltieaRvvvasvdtyLryaeavgklesaaepkglvg 75
                              + + +ssslaevldriLDkGiviD+++R+s+vGieiltieaRvv asvdt+L ya +++k+e+a+++ +l  
  nat_457c7fa4e18854325440  4 SASPNSSSLAEVLDRILDKGIVIDVWARISVVGIEILTIEARVVAASVDTFLTYASEISKIEQATQTGDLDD 75
                              45679***********************************************************99997532 PP

>> nat_54d4cabb25e375c2e308  
   #    score  bias  c-Evalue  i-Evalue hmmfrom  hmm to    alifrom  ali to    envfrom  env to     acc
 ---   ------ ----- --------- --------- ------- -------    ------- -------    ------- -------    ----
   1 !  116.7   2.0   2.5e-35   4.1e-35       2      71 ..       3      72 ..       1      77 [] 0.93

  Alignments for each domain:
  == domain 1  score: 116.7 bits;  conditional E-value: 2.5e-35
                      gvpa  2 avekasdssslaevldriLDkGiviDafvRvslvGieiltieaRvvvasvdtyLryaeavgklesaaepk 71
                              +++k+ dssslaev+driLDkG+viD +++vslvGie+lt+eaRvv+asv+t+L yae+vg+l++++  +
  nat_54d4cabb25e375c2e308  3 SIQKSVDSSSLAEVVDRILDKGVVIDLWAKVSLVGIELLTVEARVVIASVETWLVYAEKVGLLKTNQPAE 72
                              699***********************************************************99876555 PP

>> nat_747d60b2bd9f9baa6cfc  
   #    score  bias  c-Evalue  i-Evalue hmmfrom  hmm to    alifrom  ali to    envfrom  env to     acc
 ---   ------ ----- --------- --------- ------- -------    ------- -------    ------- -------    ----
   1 !  116.3   0.6   3.5e-35   5.8e-35      10     111 ..      21     128 ..      13     154 .. 0.76

  Alignments for each domain:
  == domain 1  score: 116.3 bits;  conditional E-value: 3.5e-35
                      gvpa  10 sslaevldriLDkGiviDafvRvslvGieiltieaRvvvasvdtyLryaeavgklesaaepk......glvgevaesaargkakg 88 
                                +l++v+++iLD+G+viD+f+RvslvGieil+i+aR+vvasvdtyLr+aea+++l+ + ++        + g+ a+   + k+k 
  nat_747d60b2bd9f9baa6cfc  21 GTLYDVMELILDRGMVIDVFIRVSLVGIEILKIDARIVVASVDTYLRFAEACNRLDLERDSGsvtvpeLFSGQAAKGIGKRKVKD 105
                               579*****************************************************98877655555333456666666666777 PP

                      gvpa  89 alsgaaeaisdalkdasdesese 111
                               a  ++ e++  a+++ +d+ +  
  nat_747d60b2bd9f9baa6cfc 106 AAKSVGETVRSAVGKGDDGDDDA 128
                               77777777777776654433322 PP

>> nat_8430c66867e7555de5e1  
   #    score  bias  c-Evalue  i-Evalue hmmfrom  hmm to    alifrom  ali to    envfrom  env to     acc
 ---   ------ ----- --------- --------- ------- -------    ------- -------    ------- -------    ----
   1 !  116.3   0.5   3.4e-35   5.5e-35      10     111 ..      21     128 ..      13     151 .. 0.75

  Alignments for each domain:
  == domain 1  score: 116.3 bits;  conditional E-value: 3.4e-35
                      gvpa  10 sslaevldriLDkGiviDafvRvslvGieiltieaRvvvasvdtyLryaeavgklesaaepk......glvgevaesaargkakg 88 
                                +l++v+++iLD+G+viD+f+RvslvGieil+i+aR+vvasvdtyLr+aea+++l+ + ++        + g+ a+   + k+k 
  nat_8430c66867e7555de5e1  21 GTLYDVMELILDRGMVIDVFIRVSLVGIEILKIDARIVVASVDTYLRFAEACNRLDLERDSGsvtvpeLFSGQAAKGIGKRKVKD 105
                               579*****************************************************98877655555333456666666666777 PP

                      gvpa  89 alsgaaeaisdalkdasdesese 111
                               a  ++ e++  a+++ +d+ +  
  nat_8430c66867e7555de5e1 106 AAKSVGETVRSAVGKGDDGDDDA 128
                               77777777777776664433322 PP

>> nat_c730fb33477ca08f29e8  
   #    score  bias  c-Evalue  i-Evalue hmmfrom  hmm to    alifrom  ali to    envfrom  env to     acc
 ---   ------ ----- --------- --------- ------- -------    ------- -------    ------- -------    ----
   1 !  116.2   0.5   3.8e-35   6.2e-35      10     112 ..      19     127 ..      11     151 .. 0.77

  Alignments for each domain:
  == domain 1  score: 116.2 bits;  conditional E-value: 3.8e-35
                      gvpa  10 sslaevldriLDkGiviDafvRvslvGieiltieaRvvvasvdtyLryaeavgklesaaepk......glvgevaesaargkakg 88 
                                +l++v+++iLD+G+viD+f+RvslvGieil+i+aR+vvasvdtyLr+aea+++l+ + ++        + g+ a+   + k+k 
  nat_c730fb33477ca08f29e8  19 GTLYDVMELILDRGMVIDVFIRVSLVGIEILKIDARIVVASVDTYLRFAEACNRLDLERDSGsvtvpeLFSGQAAKGIGKRKVKD 103
                               579*****************************************************98877655555333566666666666777 PP

                      gvpa  89 alsgaaeaisdalkdasdesesek 112
                               a  ++ e++  a+++ +d+ ++ +
  nat_c730fb33477ca08f29e8 104 AAKSVGETVRSAVGKGDDGDDEGD 127
                               777777777777766654443322 PP

>> nat_dc2b0da282a1a334132b  
   #    score  bias  c-Evalue  i-Evalue hmmfrom  hmm to    alifrom  ali to    envfrom  env to     acc
 ---   ------ ----- --------- --------- ------- -------    ------- -------    ------- -------    ----
   1 !  116.1   2.8   3.9e-35   6.3e-35       2      76 ..       2      74 ..       1     101 [. 0.80

  Alignments for each domain:
  == domain 1  score: 116.1 bits;  conditional E-value: 3.9e-35
                      gvpa  2 avekasdssslaevldriLDkGiviDafvRvslvGieiltieaRvvvasvdtyLryaeavgklesaaepkglvge 76
                              a + + +s+slaevldriLDkG+viD+++Rvs+vGieilt+eaRvvvasvdt+L ya +++k+e+a ++ ++  e
  nat_dc2b0da282a1a334132b  2 ATQ-TPGSASLAEVLDRILDKGVVIDVWARVSVVGIEILTVEARVVVASVDTFLTYASEISKIEQASQTGDMD-E 74
                              444.789**********************************************************99988532.2 PP

>> nat_70724efd897d81dc16e2  
   #    score  bias  c-Evalue  i-Evalue hmmfrom  hmm to    alifrom  ali to    envfrom  env to     acc
 ---   ------ ----- --------- --------- ------- -------    ------- -------    ------- -------    ----
   1 !  116.0   1.3   4.3e-35     7e-35       5      75 ..       5      75 ..       1     102 [. 0.81

  Alignments for each domain:
  == domain 1  score: 116.0 bits;  conditional E-value: 4.3e-35
                      gvpa  5 kasdssslaevldriLDkGiviDafvRvslvGieiltieaRvvvasvdtyLryaeavgklesaaepkglvg 75
                               + +sssla+vldriLDkGiviD ++Rvs+vGieilt+eaRvv asvdt+L ya +++k+e+a+++ +l  
  nat_70724efd897d81dc16e2  5 ASPNSSSLADVLDRILDKGIVIDIWARVSVVGIEILTVEARVVAASVDTFLTYASEISKIEQATQTGDLDD 75
                              5679***********************************************************99997532 PP

>> nat_2c92df9e3660ae4ae496  
   #    score  bias  c-Evalue  i-Evalue hmmfrom  hmm to    alifrom  ali to    envfrom  env to     acc
 ---   ------ ----- --------- --------- ------- -------    ------- -------    ------- -------    ----
   1 !  115.7   1.0   5.4e-35   8.8e-35       4      74 ..       4      74 ..       1     101 [. 0.84

  Alignments for each domain:
  == domain 1  score: 115.7 bits;  conditional E-value: 5.4e-35
                      gvpa  4 ekasdssslaevldriLDkGiviDafvRvslvGieiltieaRvvvasvdtyLryaeavgklesaaepkglv 74
                              + + dssslaevldriLDkGiviD+++R+s+vGieiltieaRvv as+dt+L ya +++k+e+a+++ +l 
  nat_2c92df9e3660ae4ae496  4 SASPDSSSLAEVLDRILDKGIVIDVWARISVVGIEILTIEARVVAASIDTFLTYASEMSKIEQATQTGDLD 74
                              55789**********************************************************99998753 PP

>> nat_b80283670de4d1ac6811  
   #    score  bias  c-Evalue  i-Evalue hmmfrom  hmm to    alifrom  ali to    envfrom  env to     acc
 ---   ------ ----- --------- --------- ------- -------    ------- -------    ------- -------    ----
   1 !  114.9   4.7   9.2e-35   1.5e-34       9     118 ..      14     134 ..       7     154 .. 0.76

  Alignments for each domain:
  == domain 1  score: 114.9 bits;  conditional E-value: 9.2e-35
                      gvpa   9 ssslaevldriLDkGiviDafvRvslvGieiltieaRvvvasvdtyLryaeavgklesaaepk........glvgevaesaargk 85 
                               + +l++vl++iLD+G+viD fvRvslvGieil+i+aR+vvasvdtyLr+aea+++l+ +++++        g  g +++s  ++ 
  nat_b80283670de4d1ac6811  14 AGTLYDVLELILDRGMVIDIFVRVSLVGIEILKIDARIVVASVDTYLRFAEACNRLDLENDSAsrtvpelfG--GGMTKSVGKAG 96 
                               678******************************************************998888778885331..55666666666 PP

                      gvpa  86 akgalsgaaeaisdalkda.....sdesesekssrsrr 118
                               ak a  ++ e + +a++       +de e e++ r rr
  nat_b80283670de4d1ac6811  97 AKKAAKSVGEKVKQAVGPGgddddEDEDELEEAERPRR 134
                               66666666666666665333221234444555555444 PP

>> nat_3eea95a610545d989cc1  
   #    score  bias  c-Evalue  i-Evalue hmmfrom  hmm to    alifrom  ali to    envfrom  env to     acc
 ---   ------ ----- --------- --------- ------- -------    ------- -------    ------- -------    ----
   1 !  115.3   0.4   7.2e-35   1.2e-34       7     108 ..      17     128 ..       9     151 .. 0.77

  Alignments for each domain:
  == domain 1  score: 115.3 bits;  conditional E-value: 7.2e-35
                      gvpa   7 sdssslaevldriLDkGiviDafvRvslvGieiltieaRvvvasvdtyLryaeavgklesaaepk.....glvgevaesaargk. 85 
                               s s  l++vl++iLD+G+viD+f RvslvGieil+++aR+vvasvdtyLr+aea+++l+ + +       +l g+   ++  ++ 
  nat_3eea95a610545d989cc1  17 SRSGNLYDVLELILDRGMVIDVFLRVSLVGIEILKVDARIVVASVDTYLRFAEACNRLDLEFDRSsttvpELLGSGPAAGLGKRa 101
                               57889******************************************************98777666778677666555544431 PP

                      gvpa  86 akgalsgaaeaisdalkda....sdes 108
                               ak +   a+e+++ ++k+a     de 
  nat_3eea95a610545d989cc1 102 AKKTAKKAVETVGGKVKKAvtggGDED 128
                               455556788999998888743222222 PP

>> nat_3a3fe29b7daaadaf3131  
   #    score  bias  c-Evalue  i-Evalue hmmfrom  hmm to    alifrom  ali to    envfrom  env to     acc
 ---   ------ ----- --------- --------- ------- -------    ------- -------    ------- -------    ----
   1 !  115.5   2.6   6.2e-35     1e-34       1      71 [.       1      71 [.       1      95 [. 0.87

  Alignments for each domain:
  == domain 1  score: 115.5 bits;  conditional E-value: 6.2e-35
                      gvpa  1 mavekasdssslaevldriLDkGiviDafvRvslvGieiltieaRvvvasvdtyLryaeavgklesaaepk 71
                              mave++s+ ssl +vldr+LDkGiviDa+vR+slvGi+++t+eaRvvvas+dtyL+ya+avg++     p+
  nat_3a3fe29b7daaadaf3131  1 MAVERVSGGSSLIDVLDRVLDKGIVIDAWVRISLVGIDLITVEARVVVASIDTYLKYADAVGLTGLVSRPQ 71
                              9*************************************************************998877766 PP

>> nat_0a9ee98cbcc2eabfac38  
   #    score  bias  c-Evalue  i-Evalue hmmfrom  hmm to    alifrom  ali to    envfrom  env to     acc
 ---   ------ ----- --------- --------- ------- -------    ------- -------    ------- -------    ----
   1 !  114.9   0.2   9.1e-35   1.5e-34       4      71 ..       2      69 ..       1      88 [. 0.87

  Alignments for each domain:
  == domain 1  score: 114.9 bits;  conditional E-value: 9.1e-35
                      gvpa  4 ekasdssslaevldriLDkGiviDafvRvslvGieiltieaRvvvasvdtyLryaeavgklesaaepk 71
                              +++ ds+slaevldriLDkGiviD ++Rvs+vGieilt+eaR+v asvdt+L+ya +++k+e+a+   
  nat_0a9ee98cbcc2eabfac38  2 QNTPDSTSLAEVLDRILDKGIVIDIWARVSVVGIEILTVEARIVAASVDTFLHYAHEISKIEQATAGD 69
                              56789*********************************************************975433 PP

>> nat_26dcc139685992f211f4  
   #    score  bias  c-Evalue  i-Evalue hmmfrom  hmm to    alifrom  ali to    envfrom  env to     acc
 ---   ------ ----- --------- --------- ------- -------    ------- -------    ------- -------    ----
   1 !  114.8   0.4     1e-34   1.7e-34       7      72 ..       6      71 ..       1      89 [. 0.89

  Alignments for each domain:
  == domain 1  score: 114.8 bits;  conditional E-value: 1e-34
                      gvpa  7 sdssslaevldriLDkGiviDafvRvslvGieiltieaRvvvasvdtyLryaeavgklesaaepkg 72
                               +sssla+vldriLDkGiviD ++R+s+vGieilt+eaRvv asvdt+L+ya +++k+e+a+++ +
  nat_26dcc139685992f211f4  6 PGSSSLADVLDRILDKGIVIDIWARISVVGIEILTVEARVVAASVDTFLHYAAEISKIEQATQSGD 71
                              589*********************************************************988764 PP

>> nat_a346ed17080beb19b7f9  
   #    score  bias  c-Evalue  i-Evalue hmmfrom  hmm to    alifrom  ali to    envfrom  env to     acc
 ---   ------ ----- --------- --------- ------- -------    ------- -------    ------- -------    ----
   1 !  114.7   1.6   1.1e-34   1.8e-34       8      96 ..       5      97 ..       1     100 [] 0.89

  Alignments for each domain:
  == domain 1  score: 114.7 bits;  conditional E-value: 1.1e-34
                      gvpa  8 dssslaevldriLDkGiviDafvRvslvGieiltieaRvvvasvdtyLryaeavgklesaaepk....glvgevaesaargkakgal 90
                              +sssla+v++ iLDkG+viDa+v vs++Gie+lti+aRvv+ svdtyLr+aea ++l+  +       +l   v  s+a+g ++ga+
  nat_a346ed17080beb19b7f9  5 QSSSLADVVEVILDKGLVIDAYVGVSVIGIEMLTIDARVVISSVDTYLRFAEATNRLDLTQVGGtapmDLKDAVIHSGAKGAVRGAI 91
                              79*******************************************************997654434559999999999999999999 PP

                      gvpa 91 sgaaea 96
                              sg+ e 
  nat_a346ed17080beb19b7f9 92 SGIKEG 97
                              999886 PP

>> nat_36a56467f4a25638e5d8  
   #    score  bias  c-Evalue  i-Evalue hmmfrom  hmm to    alifrom  ali to    envfrom  env to     acc
 ---   ------ ----- --------- --------- ------- -------    ------- -------    ------- -------    ----
   1 !  114.6   0.5   1.2e-34     2e-34       8      73 ..       6      71 ..       1      86 [. 0.91

  Alignments for each domain:
  == domain 1  score: 114.6 bits;  conditional E-value: 1.2e-34
                      gvpa  8 dssslaevldriLDkGiviDafvRvslvGieiltieaRvvvasvdtyLryaeavgklesaaepkgl 73
                              +s slaevldriLDkGiviD ++Rvs+vGieilt+eaR+vvasvdt+L+ya +++kle a e+ +l
  nat_36a56467f4a25638e5d8  6 SSDSLAEVLDRILDKGIVIDIWARVSVVGIEILTVEARIVVASVDTFLHYAKEISKLEMASETGDL 71
                              789********************************************************9998876 PP

>> nat_c9181ea046190022b014  
   #    score  bias  c-Evalue  i-Evalue hmmfrom  hmm to    alifrom  ali to    envfrom  env to     acc
 ---   ------ ----- --------- --------- ------- -------    ------- -------    ------- -------    ----
   1 !  114.1   0.7   1.7e-34   2.8e-34       8     114 ..      15     136 ..       8     151 .. 0.78

  Alignments for each domain:
  == domain 1  score: 114.1 bits;  conditional E-value: 1.7e-34
                      gvpa   8 dssslaevldriLDkGiviDafvRvslvGieiltieaRvvvasvdtyLryaeavgklesaaepk..............glvgeva 78 
                                + +l++ l++iLD+G+viD+f+RvslvGieil+i+aR+vvasvdtyLr+aea+++l+ + +                  +g +a
  nat_c9181ea046190022b014  15 RTGTLYDALELILDRGMVIDVFIRVSLVGIEILKIDARIVVASVDTYLRFAEACNRLDLEFDRSktvpellggmsgggSPAGGMA 99 
                               6779******************************************************987766688989997777654467788 PP

                      gvpa  79 esaargkakgalsgaaeaisdalkda.sdesesekss 114
                                  a++kak a+ g+ e +  a++   ++ese e++ 
  nat_c9181ea046190022b014 100 TGLAKKKAKKAVGGVGEKVKRAVGVDdEGESEDEEAE 136
                               8888888888888888888888765522333333222 PP

>> nat_0a21b67bc6dd51d1c17f  
   #    score  bias  c-Evalue  i-Evalue hmmfrom  hmm to    alifrom  ali to    envfrom  env to     acc
 ---   ------ ----- --------- --------- ------- -------    ------- -------    ------- -------    ----
   1 !  114.1   0.5   1.7e-34   2.7e-34       1      76 [.       1      71 [.       1      80 [. 0.91

  Alignments for each domain:
  == domain 1  score: 114.1 bits;  conditional E-value: 1.7e-34
                      gvpa  1 mavekasdssslaevldriLDkGiviDafvRvslvGieiltieaRvvvasvdtyLryaeavgklesaaepkglvge 76
                              m+++k++dssslaev+driLDkGiviD    vslvGieilt+eaRvv+asvdt+Lryaeavg+l+++ +++   g+
  nat_0a21b67bc6dd51d1c17f  1 MSIQKSTDSSSLAEVIDRILDKGIVID----VSLVGIEILTVEARVVIASVDTWLRYAEAVGLLSDEGQEER-SGR 71
                              99*************************....8********************************99877664.455 PP

>> nat_eee8d141df1f2b85b5c5  
   #    score  bias  c-Evalue  i-Evalue hmmfrom  hmm to    alifrom  ali to    envfrom  env to     acc
 ---   ------ ----- --------- --------- ------- -------    ------- -------    ------- -------    ----
   1 !  113.7   2.7   2.2e-34   3.5e-34       2      70 ..       3      71 ..       1      85 [. 0.91

  Alignments for each domain:
  == domain 1  score: 113.7 bits;  conditional E-value: 2.2e-34
                      gvpa  2 avekasdssslaevldriLDkGiviDafvRvslvGieiltieaRvvvasvdtyLryaeavgklesaaep 70
                              ++ek +dssslaev+driLDkG+viD ++ vs+vGie++t+eaRvv+asvdt+Lryaeavg+l+++++ 
  nat_eee8d141df1f2b85b5c5  3 TLEKRTDSSSLAEVIDRILDKGVVIDLYAIVSVVGIELITVEARVVIASVDTWLRYAEAVGLLRDDVQG 71
                              67899**********************************************************987654 PP

>> nat_771e7534b299c23ea1f3  
   #    score  bias  c-Evalue  i-Evalue hmmfrom  hmm to    alifrom  ali to    envfrom  env to     acc
 ---   ------ ----- --------- --------- ------- -------    ------- -------    ------- -------    ----
   1 !  113.2   1.5   3.1e-34   5.1e-34       4      70 ..       2      68 ..       1      73 [. 0.94

  Alignments for each domain:
  == domain 1  score: 113.2 bits;  conditional E-value: 3.1e-34
                      gvpa  4 ekasdssslaevldriLDkGiviDafvRvslvGieiltieaRvvvasvdtyLryaeavgklesaaep 70
                              +k+ ++sslaev+driL+kGiviDafvRv+lvGie+l++eaRvv+asv+t+L+yaeavg++ ++ ++
  nat_771e7534b299c23ea1f3  2 QKSVSASSLAEVVDRILEKGIVIDAFVRVALVGIELLALEARVVIASVETWLKYAEAVGLTVHHHHE 68
                              7899********************************************************9887665 PP

>> nat_32de3bdac890ded46f9d  
   #    score  bias  c-Evalue  i-Evalue hmmfrom  hmm to    alifrom  ali to    envfrom  env to     acc
 ---   ------ ----- --------- --------- ------- -------    ------- -------    ------- -------    ----
   1 !  112.8   1.9   4.1e-34   6.7e-34       1      71 [.       1      71 [.       1      74 [. 0.96

  Alignments for each domain:
  == domain 1  score: 112.8 bits;  conditional E-value: 4.1e-34
                      gvpa  1 mavekasdssslaevldriLDkGiviDafvRvslvGieiltieaRvvvasvdtyLryaeavgklesaaepk 71
                              m+v+k  d+sslaev+driLDkGiviD +vR+slvGi+++ ieaRvv+asv+t+L yaea+g+l +++e +
  nat_32de3bdac890ded46f9d  1 MSVKKNLDTSSLAEVIDRILDKGIVIDLWVRISLVGIDLIGIEARVVIASVETFLLYAEAIGLLPTEEEGR 71
                              99**************************************************************9988765 PP

>> nat_0e5f42f63b697d7ae252  
   #    score  bias  c-Evalue  i-Evalue hmmfrom  hmm to    alifrom  ali to    envfrom  env to     acc
 ---   ------ ----- --------- --------- ------- -------    ------- -------    ------- -------    ----
   1 !  113.0   1.1   3.6e-34   5.9e-34       7      72 ..       6      71 ..       1      90 [. 0.86

  Alignments for each domain:
  == domain 1  score: 113.0 bits;  conditional E-value: 3.6e-34
                      gvpa  7 sdssslaevldriLDkGiviDafvRvslvGieiltieaRvvvasvdtyLryaeavgklesaaepkg 72
                               +ssslaevldriLDkGiviD ++R+s+vGie++tieaRvvvasvdt+L+ya +++kle+a e+ +
  nat_0e5f42f63b697d7ae252  6 PESSSLAEVLDRILDKGIVIDIWARISVVGIELITIEARVVVASVDTFLHYAVEISKLEEAMESGD 71
                              589*******************************************************99877653 PP

>> nat_ab4678bc7e147bea24f4  
   #    score  bias  c-Evalue  i-Evalue hmmfrom  hmm to    alifrom  ali to    envfrom  env to     acc
 ---   ------ ----- --------- --------- ------- -------    ------- -------    ------- -------    ----
   1 !  112.4   0.2   5.5e-34     9e-34       9     116 ..      17     134 ..      11     142 .. 0.74

  Alignments for each domain:
  == domain 1  score: 112.4 bits;  conditional E-value: 5.5e-34
                      gvpa   9 ssslaevldriLDkGiviDafvRvslvGieiltieaRvvvasvdtyLryaeavgklesaaepk........glvgevaesaargk 85 
                               + +l++ l++iLD+G+viD+f+RvslvGieil+i+aR+ vasvdtyLr+aea+++l+ +++++        g  g +a +a ++ 
  nat_ab4678bc7e147bea24f4  17 AGTLYDTLELILDRGMVIDVFIRVSLVGIEILKIDARICVASVDTYLRFAEACNRLDLENDSHsrtvpelfG--GGMAGAAGKAG 99 
                               5689*****************************************************988887788885441..55666666666 PP

                      gvpa  86 akgalsgaaeaisdalkda....sdesesekssrs 116
                               ak a s++   +  al+      ++e+++ek+ r 
  nat_ab4678bc7e147bea24f4 100 AKRAASSVGGKVKGALGLDdddsEEEADEEKAERV 134
                               66666666666666655441111444455555553 PP

>> nat_61b16b326fc735ccf093  
   #    score  bias  c-Evalue  i-Evalue hmmfrom  hmm to    alifrom  ali to    envfrom  env to     acc
 ---   ------ ----- --------- --------- ------- -------    ------- -------    ------- -------    ----
   1 !  112.3   0.2   5.8e-34   9.5e-34       9     115 ..      17     129 ..      11     143 .. 0.73

  Alignments for each domain:
  == domain 1  score: 112.3 bits;  conditional E-value: 5.8e-34
                      gvpa   9 ssslaevldriLDkGiviDafvRvslvGieiltieaRvvvasvdtyLryaeavgklesaaepk........glvgevaesaargk 85 
                               + +l++ l++iLD+G+viD+f+RvslvGieil+i+aR+ vasvdtyLr+aea+++l+ +++++        g  g +a +a ++ 
  nat_61b16b326fc735ccf093  17 AGTLYDTLELILDRGMVIDVFIRVSLVGIEILKIDARICVASVDTYLRFAEACNRLDLENDSHsrtvpelfG--GGMAGAAGKAG 99 
                               5689*****************************************************988887788886441..45666666666 PP

                      gvpa  86 akgalsgaaeaisdalkdasdesesekssr 115
                               ak a s++   +  al+  +d+se+e++  
  nat_61b16b326fc735ccf093 100 AKRAASSVGGKVKGALGLDDDDSEEEETDE 129
                               666666666666666554444444333222 PP

>> nat_5cfc2961268b2ad6fbbd  
   #    score  bias  c-Evalue  i-Evalue hmmfrom  hmm to    alifrom  ali to    envfrom  env to     acc
 ---   ------ ----- --------- --------- ------- -------    ------- -------    ------- -------    ----
   1 !  112.3   0.5   5.8e-34   9.6e-34       9     117 ..      17     138 ..      11     144 .. 0.77

  Alignments for each domain:
  == domain 1  score: 112.3 bits;  conditional E-value: 5.8e-34
                      gvpa   9 ssslaevldriLDkGiviDafvRvslvGieiltieaRvvvasvdtyLryaeavgklesaaepk..........glvgevaesaar 83 
                               + +l++ l++iLD+G+viD+f+RvslvGieil+i+aR+ vasvdtyLr+aea+++++ +++++          g++g v +++ar
  nat_5cfc2961268b2ad6fbbd  17 AGTLYDTLELILDRGMVIDVFIRVSLVGIEILKIDARICVASVDTYLRFAEACNRIDLENDSRsrtvpelfggGVAGAVGKAGAR 101
                               5689******************************************************999999999999999677777777766 PP

                      gvpa  84 gkak..g.alsgaaeaisdalkdasdesesek.ssrsr 117
                                 a   g ++ g++  + d +++a+de+e+e+ + r r
  nat_5cfc2961268b2ad6fbbd 102 RAASsvGdKVKGVL-GMDDDVEEAEDEAEKEEqAERVR 138
                               54431131444544.56777788877766654144433 PP

>> nat_9c9da073119bec6006bc  
   #    score  bias  c-Evalue  i-Evalue hmmfrom  hmm to    alifrom  ali to    envfrom  env to     acc
 ---   ------ ----- --------- --------- ------- -------    ------- -------    ------- -------    ----
   1 !  112.6   1.2   4.8e-34   7.8e-34       8      68 ..       4      64 ..       1      73 [. 0.92

  Alignments for each domain:
  == domain 1  score: 112.6 bits;  conditional E-value: 4.8e-34
                      gvpa  8 dssslaevldriLDkGiviDafvRvslvGieiltieaRvvvasvdtyLryaeavgklesaa 68
                              +s  l ev+driLDkG+v+Da+vRvslvGie+l+ieaRvvvasv+tyL+yaea+g++++  
  nat_9c9da073119bec6006bc  4 KSRRLVEVIDRILDKGVVVDAWVRVSLVGIELLAIEARVVVASVETYLKYAEAIGLTAKVR 64
                              6889***************************************************998755 PP

>> nat_4814a0d12e58e5e9beba  
   #    score  bias  c-Evalue  i-Evalue hmmfrom  hmm to    alifrom  ali to    envfrom  env to     acc
 ---   ------ ----- --------- --------- ------- -------    ------- -------    ------- -------    ----
   1 !  112.7   0.1   4.6e-34   7.5e-34       7      89 ..      13      94 ..       1     100 [] 0.84

  Alignments for each domain:
  == domain 1  score: 112.7 bits;  conditional E-value: 4.6e-34
                      gvpa  7 sdssslaevldriLDkGiviDafvRvslvGieiltieaRvvvasvdtyLryaeavgklesaaepkglvgevaesaargkakga 89
                               ++s+l++vl++iLD+G+viDa +Rvs++Gie+lti++R+vvasvdtyLr+aea+++l+ +  p+  vg     +a+gk+ g+
  nat_4814a0d12e58e5e9beba 13 GGTSGLYDVLELILDRGLVIDACIRVSVIGIELLTIDIRIVVASVDTYLRFAEACNRLDLESGPRRSVGLPDLIGAQGKS-GS 94
                              679**************************************************************666666555665555.33 PP

>> nat_2f7a03239bef14f78193  
   #    score  bias  c-Evalue  i-Evalue hmmfrom  hmm to    alifrom  ali to    envfrom  env to     acc
 ---   ------ ----- --------- --------- ------- -------    ------- -------    ------- -------    ----
   1 !  112.3   0.6     6e-34   9.8e-34       8      73 ..       6      71 ..       1      86 [. 0.91

  Alignments for each domain:
  == domain 1  score: 112.3 bits;  conditional E-value: 6e-34
                      gvpa  8 dssslaevldriLDkGiviDafvRvslvGieiltieaRvvvasvdtyLryaeavgklesaaepkgl 73
                              +s slaevldriLDkGiviD+++Rvs+vGieilt+eaR+v asvdt+L+ya +++kle a+e+ +l
  nat_2f7a03239bef14f78193  6 SSDSLAEVLDRILDKGIVIDVWARVSVVGIEILTVEARIVAASVDTFLHYAKEISKLEMATESGDL 71
                              789*******************************************************99887765 PP

>> nat_cc5d159ca664e171159f  
   #    score  bias  c-Evalue  i-Evalue hmmfrom  hmm to    alifrom  ali to    envfrom  env to     acc
 ---   ------ ----- --------- --------- ------- -------    ------- -------    ------- -------    ----
   1 !  112.2   0.2   6.5e-34   1.1e-33       8      74 ..       6      72 ..       1      88 [. 0.89

  Alignments for each domain:
  == domain 1  score: 112.2 bits;  conditional E-value: 6.5e-34
                      gvpa  8 dssslaevldriLDkGiviDafvRvslvGieiltieaRvvvasvdtyLryaeavgklesaaepkglv 74
                              +s slaevldriLDkGiviD ++Rvs+vGieilt+eaR+v asvdt+L+ya +++kle a+e+ +l 
  nat_cc5d159ca664e171159f  6 SSDSLAEVLDRILDKGIVIDIWARVSVVGIEILTVEARIVAASVDTFLHYAKEISKLEMATESGDLE 72
                              789*******************************************************999887754 PP

>> nat_2027255edd94d63ce240  
   #    score  bias  c-Evalue  i-Evalue hmmfrom  hmm to    alifrom  ali to    envfrom  env to     acc
 ---   ------ ----- --------- --------- ------- -------    ------- -------    ------- -------    ----
   1 !  112.0   2.2   7.4e-34   1.2e-33       1      70 [.       1      70 [.       1      75 [. 0.95

  Alignments for each domain:
  == domain 1  score: 112.0 bits;  conditional E-value: 7.4e-34
                      gvpa  1 mavekasdssslaevldriLDkGiviDafvRvslvGieiltieaRvvvasvdtyLryaeavgklesaaep 70
                              m+v+k  d+sslaev+driLDkGiviD +vR+slvGi+++ ieaRvv+asv+t+L yaea+g+l  ++ +
  nat_2027255edd94d63ce240  1 MSVKKNLDTSSLAEVIDRILDKGIVIDLWVRISLVGIDLIGIEARVVIASVETFLLYAEAIGLLPAEEAE 70
                              99*************************************************************9887654 PP

>> nat_31bb770684ff35b24094  
   #    score  bias  c-Evalue  i-Evalue hmmfrom  hmm to    alifrom  ali to    envfrom  env to     acc
 ---   ------ ----- --------- --------- ------- -------    ------- -------    ------- -------    ----
   1 !  111.9   1.4   7.8e-34   1.3e-33       4      68 ..       2      66 ..       1      73 [. 0.93

  Alignments for each domain:
  == domain 1  score: 111.9 bits;  conditional E-value: 7.8e-34
                      gvpa  4 ekasdssslaevldriLDkGiviDafvRvslvGieiltieaRvvvasvdtyLryaeavgklesaa 68
                               k+ d+sslaev+driL+kGiviDa+vR++lvGie+l+ieaRvv+asv+t+L+yaeavg++   +
  nat_31bb770684ff35b24094  2 AKSVDASSLAEVVDRILEKGIVIDAYVRLALVGIELLAIEARVVIASVETWLKYAEAVGLTVPPT 66
                              5789*******************************************************987655 PP

>> nat_6bd198e130544a8380c7  
   #    score  bias  c-Evalue  i-Evalue hmmfrom  hmm to    alifrom  ali to    envfrom  env to     acc
 ---   ------ ----- --------- --------- ------- -------    ------- -------    ------- -------    ----
   1 !  111.3   0.1   1.2e-33     2e-33       9     115 ..      17     136 ..      11     144 .. 0.76

  Alignments for each domain:
  == domain 1  score: 111.3 bits;  conditional E-value: 1.2e-33
                      gvpa   9 ssslaevldriLDkGiviDafvRvslvGieiltieaRvvvasvdtyLryaeavgklesaaepk.............glvgevaes 80 
                               + +l++ l++iLD+G+viD+f+RvslvGieil+i+aR+ vasvdtyLr+aea+++l+ + +++             g +g+   +
  nat_6bd198e130544a8380c7  17 AGTLYDTLELILDRGMVIDVFIRVSLVGIEILKIDARICVASVDTYLRFAEACNRLDLESDSHsrtvpelfgggmaGAAGKAGAK 101
                               5689*****************************************************9988888899988877333333333333 PP

                      gvpa  81 aargkakgalsgaaeaisdalkdasdesesekssr 115
                                a++++ g++ ga+   ++  +d +de+e+e++ +
  nat_6bd198e130544a8380c7 102 RAASSVGGKVKGALGLDGEDDDDEADEAEEERAEK 136
                               33444457777777777777777766666666655 PP

>> nat_a6bd531a054394dd2492  
   #    score  bias  c-Evalue  i-Evalue hmmfrom  hmm to    alifrom  ali to    envfrom  env to     acc
 ---   ------ ----- --------- --------- ------- -------    ------- -------    ------- -------    ----
   1 !  111.3   0.1   1.2e-33     2e-33       9     115 ..      17     136 ..      11     144 .. 0.76

  Alignments for each domain:
  == domain 1  score: 111.3 bits;  conditional E-value: 1.2e-33
                      gvpa   9 ssslaevldriLDkGiviDafvRvslvGieiltieaRvvvasvdtyLryaeavgklesaaepk.............glvgevaes 80 
                               + +l++ l++iLD+G+viD+f+RvslvGieil+i+aR+ vasvdtyLr+aea+++l+ + +++             g +g+   +
  nat_a6bd531a054394dd2492  17 AGTLYDTLELILDRGMVIDVFIRVSLVGIEILKIDARICVASVDTYLRFAEACNRLDLESDSHsrtvpelfgggmaGAAGKAGAK 101
                               5689*****************************************************9988888899988877333333333333 PP

                      gvpa  81 aargkakgalsgaaeaisdalkdasdesesekssr 115
                                a++++ g++ ga+   ++  +d +de+e+e++ +
  nat_a6bd531a054394dd2492 102 RAASSVGGKVKGALGLDGEDDDDEADEAEEERAEK 136
                               33444457777777777777777766666666655 PP

>> nat_4983f01969b214844bb9  
   #    score  bias  c-Evalue  i-Evalue hmmfrom  hmm to    alifrom  ali to    envfrom  env to     acc
 ---   ------ ----- --------- --------- ------- -------    ------- -------    ------- -------    ----
   1 !  111.6   0.2   9.7e-34   1.6e-33       7      73 ..       6      72 ..       1     108 [. 0.88

  Alignments for each domain:
  == domain 1  score: 111.6 bits;  conditional E-value: 9.7e-34
                      gvpa  7 sdssslaevldriLDkGiviDafvRvslvGieiltieaRvvvasvdtyLryaeavgklesaaepkgl 73
                               +++slaev+driLDkGiviD ++Rvs+vGieilt+eaRvvvasvdt+L+y  +++kle a ++ +l
  nat_4983f01969b214844bb9  6 PSTASLAEVVDRILDKGIVIDIWARVSVVGIEILTVEARVVVASVDTFLHYSKEISKLEMASQSGEL 72
                              5789*******************************************************98877654 PP

>> nat_b89284c786e1b2202da6  
   #    score  bias  c-Evalue  i-Evalue hmmfrom  hmm to    alifrom  ali to    envfrom  env to     acc
 ---   ------ ----- --------- --------- ------- -------    ------- -------    ------- -------    ----
   1 !  111.6   0.2   9.9e-34   1.6e-33       7      73 ..       6      72 ..       1     108 [. 0.89

  Alignments for each domain:
  == domain 1  score: 111.6 bits;  conditional E-value: 9.9e-34
                      gvpa  7 sdssslaevldriLDkGiviDafvRvslvGieiltieaRvvvasvdtyLryaeavgklesaaepkgl 73
                               +++slaev+driLDkGiviD ++Rvs+vGieilt+eaRvvvasvdt+L+y  +++kle a ++ +l
  nat_b89284c786e1b2202da6  6 PSTASLAEVVDRILDKGIVIDIWARVSVVGIEILTVEARVVVASVDTFLHYSKEISKLEMASQSGEL 72
                              5789*******************************************************98877654 PP

>> nat_e64c9f3350adefe5e228  
   #    score  bias  c-Evalue  i-Evalue hmmfrom  hmm to    alifrom  ali to    envfrom  env to     acc
 ---   ------ ----- --------- --------- ------- -------    ------- -------    ------- -------    ----
   1 !  111.2   0.2   1.3e-33   2.2e-33       9     115 ..      17     136 ..      11     146 .. 0.73

  Alignments for each domain:
  == domain 1  score: 111.2 bits;  conditional E-value: 1.3e-33
                      gvpa   9 ssslaevldriLDkGiviDafvRvslvGieiltieaRvvvasvdtyLryaeavgklesaaepk.............glvgevaes 80 
                               + +l++ l++iLD+G+viD+f+RvslvGieil+i+aR+ vasvdtyLr+aea+++l+ + +++             g +g+   +
  nat_e64c9f3350adefe5e228  17 AGTLYDTLELILDRGMVIDVFIRVSLVGIEILKIDARICVASVDTYLRFAEACNRLDLESDSHsrtvpelfggsmaGAAGKAGAK 101
                               5689*****************************************************9988877899976655443333333333 PP

                      gvpa  81 aargkakgalsgaaeaisdalkdasdesesekssr 115
                                a++++ g++ ga+   ++  +d +de+e+e++ +
  nat_e64c9f3350adefe5e228 102 RAASSVGGKVKGALGLDGEDDDDEADEAEEERAEK 136
                               33344445555665555555555555555555544 PP

>> nat_bc5cdb91e80e5d33bb26  
   #    score  bias  c-Evalue  i-Evalue hmmfrom  hmm to    alifrom  ali to    envfrom  env to     acc
 ---   ------ ----- --------- --------- ------- -------    ------- -------    ------- -------    ----
   1 !  111.5   0.3     1e-33   1.7e-33       7      73 ..       6      72 ..       1     108 [. 0.89

  Alignments for each domain:
  == domain 1  score: 111.5 bits;  conditional E-value: 1e-33
                      gvpa  7 sdssslaevldriLDkGiviDafvRvslvGieiltieaRvvvasvdtyLryaeavgklesaaepkgl 73
                               +++slaev+driLDkGiviD ++Rvs+vGieilt+eaRvvvasvdt+L+y  +++kle a ++ +l
  nat_bc5cdb91e80e5d33bb26  6 PSTASLAEVVDRILDKGIVIDIWARVSVVGIEILTVEARVVVASVDTFLHYSKEISKLEMASQSGEL 72
                              5789*******************************************************98877654 PP

>> nat_707da4af3acf7f03536c  
   #    score  bias  c-Evalue  i-Evalue hmmfrom  hmm to    alifrom  ali to    envfrom  env to     acc
 ---   ------ ----- --------- --------- ------- -------    ------- -------    ------- -------    ----
   1 !  111.2   0.6   1.3e-33   2.1e-33       8      73 ..       6      71 ..       1      84 [. 0.92

  Alignments for each domain:
  == domain 1  score: 111.2 bits;  conditional E-value: 1.3e-33
                      gvpa  8 dssslaevldriLDkGiviDafvRvslvGieiltieaRvvvasvdtyLryaeavgklesaaepkgl 73
                              +s slaevldriLDkGiviD ++Rvs+vGieilt+eaRvvvasvdt+L+y  +++kle a ++ +l
  nat_707da4af3acf7f03536c  6 SSDSLAEVLDRILDKGIVIDIWARVSVVGIEILTVEARVVVASVDTFLHYGKEISKLEMASQSGDL 71
                              789*******************************************************99988775 PP

>> nat_9adb2cc7f37ad19f8e0f  
   #    score  bias  c-Evalue  i-Evalue hmmfrom  hmm to    alifrom  ali to    envfrom  env to     acc
 ---   ------ ----- --------- --------- ------- -------    ------- -------    ------- -------    ----
   1 !  111.4   1.5   1.2e-33   1.9e-33       6      65 ..       4      63 ..       1      70 [] 0.93

  Alignments for each domain:
  == domain 1  score: 111.4 bits;  conditional E-value: 1.2e-33
                      gvpa  6 asdssslaevldriLDkGiviDafvRvslvGieiltieaRvvvasvdtyLryaeavgkle 65
                              + ++sslaev+driL+kGiviD +vRvslvGie+l++eaRvv+asv+t+L+yaeavg+++
  nat_9adb2cc7f37ad19f8e0f  4 SIKASSLAEVVDRILEKGIVIDLWVRVSLVGIELLAVEARVVIASVETWLKYAEAVGLTA 63
                              6789*****************************************************986 PP

>> nat_fbe5bf19f8b5fcb8a504  
   #    score  bias  c-Evalue  i-Evalue hmmfrom  hmm to    alifrom  ali to    envfrom  env to     acc
 ---   ------ ----- --------- --------- ------- -------    ------- -------    ------- -------    ----
   1 !  111.0   0.8   1.5e-33   2.5e-33       8      73 ..       6      71 ..       1      85 [. 0.91

  Alignments for each domain:
  == domain 1  score: 111.0 bits;  conditional E-value: 1.5e-33
                      gvpa  8 dssslaevldriLDkGiviDafvRvslvGieiltieaRvvvasvdtyLryaeavgklesaaepkgl 73
                              +s slaevldriLDkGiviD ++Rvs+vGieilt+eaRvvvasvdt+L+y  +++kle a ++ +l
  nat_fbe5bf19f8b5fcb8a504  6 SSDSLAEVLDRILDKGIVIDIWARVSVVGIEILTVEARVVVASVDTFLHYGKEISKLEMASQSGDL 71
                              789*******************************************************99988775 PP

>> nat_61db0834b27d8f0211d3  
   #    score  bias  c-Evalue  i-Evalue hmmfrom  hmm to    alifrom  ali to    envfrom  env to     acc
 ---   ------ ----- --------- --------- ------- -------    ------- -------    ------- -------    ----
   1 !  110.6   2.7     2e-33   3.2e-33       1      71 [.       1      71 [.       1      74 [] 0.95

  Alignments for each domain:
  == domain 1  score: 110.6 bits;  conditional E-value: 2e-33
                      gvpa  1 mavekasdssslaevldriLDkGiviDafvRvslvGieiltieaRvvvasvdtyLryaeavgklesaaepk 71
                              m+v+k  d sslaev+driLDkGiviD +vR+slvGi+++ ieaR+v+asv+t+L yaeavg+l s++ ++
  nat_61db0834b27d8f0211d3  1 MSVQKNLDVSSLAEVIDRILDKGIVIDLWVRISLVGIDLIGIEARIVIASVETFLLYAEAVGLLPSQKATA 71
                              99*************************************************************99877665 PP

>> nat_034d9111e895aa2cb4fa  
   #    score  bias  c-Evalue  i-Evalue hmmfrom  hmm to    alifrom  ali to    envfrom  env to     acc
 ---   ------ ----- --------- --------- ------- -------    ------- -------    ------- -------    ----
   1 !  110.5   0.4   2.1e-33   3.5e-33       8      73 ..       6      71 ..       1      86 [. 0.91

  Alignments for each domain:
  == domain 1  score: 110.5 bits;  conditional E-value: 2.1e-33
                      gvpa  8 dssslaevldriLDkGiviDafvRvslvGieiltieaRvvvasvdtyLryaeavgklesaaepkgl 73
                              +s slaevldriLDkGiviD ++Rvs+vGieilt+eaR+vvasvdt+L+y  +++kle a e+ +l
  nat_034d9111e895aa2cb4fa  6 SSDSLAEVLDRILDKGIVIDIWARVSVVGIEILTVEARIVVASVDTFLHYGKEISKLEMASESGDL 71
                              789*******************************************************99888775 PP

>> nat_ab2292bf5276ca31007d  
   #    score  bias  c-Evalue  i-Evalue hmmfrom  hmm to    alifrom  ali to    envfrom  env to     acc
 ---   ------ ----- --------- --------- ------- -------    ------- -------    ------- -------    ----
   1 !  110.5   0.4   2.1e-33   3.5e-33       8      73 ..       6      71 ..       1      86 [. 0.91

  Alignments for each domain:
  == domain 1  score: 110.5 bits;  conditional E-value: 2.1e-33
                      gvpa  8 dssslaevldriLDkGiviDafvRvslvGieiltieaRvvvasvdtyLryaeavgklesaaepkgl 73
                              +s slaevldriLDkGiviD ++Rvs+vGieilt+eaR+vvasvdt+L+y  +++kle a e+ +l
  nat_ab2292bf5276ca31007d  6 SSDSLAEVLDRILDKGIVIDIWARVSIVGIEILTVEARIVVASVDTFLHYGKEISKLEMASESGDL 71
                              789*******************************************************99888775 PP

>> nat_29c35eaede0a8c75c309  
   #    score  bias  c-Evalue  i-Evalue hmmfrom  hmm to    alifrom  ali to    envfrom  env to     acc
 ---   ------ ----- --------- --------- ------- -------    ------- -------    ------- -------    ----
   1 !  110.5   2.3   2.2e-33   3.6e-33       1      71 [.       1      71 [.       1      74 [] 0.96

  Alignments for each domain:
  == domain 1  score: 110.5 bits;  conditional E-value: 2.2e-33
                      gvpa  1 mavekasdssslaevldriLDkGiviDafvRvslvGieiltieaRvvvasvdtyLryaeavgklesaaepk 71
                              m+v+k  d sslaev+driLDkGiviD ++R+slvGi+++ ieaR+v+asv+t+L yaeavg+l s++ ++
  nat_29c35eaede0a8c75c309  1 MSVQKNLDVSSLAEVIDRILDKGIVIDLWARISLVGIDLIGIEARIVIASVETFLLYAEAVGLLPSQEATA 71
                              99**************************************************************9988776 PP

>> nat_0dbc89dc4cb8f9901795  
   #    score  bias  c-Evalue  i-Evalue hmmfrom  hmm to    alifrom  ali to    envfrom  env to     acc
 ---   ------ ----- --------- --------- ------- -------    ------- -------    ------- -------    ----
   1 !  110.4   0.2   2.3e-33   3.8e-33       7      75 ..       6      74 ..       1     111 [. 0.84

  Alignments for each domain:
  == domain 1  score: 110.4 bits;  conditional E-value: 2.3e-33
                      gvpa  7 sdssslaevldriLDkGiviDafvRvslvGieiltieaRvvvasvdtyLryaeavgklesaaepkglvg 75
                               +++slaev+driLDkGiviD ++Rvs+vGieilt+eaRvv asvdt+L+y  +++kle a ++ +l  
  nat_0dbc89dc4cb8f9901795  6 PSTASLAEVVDRILDKGIVIDIWARVSVVGIEILTVEARVVAASVDTFLHYSKEISKLEMASQSGDLED 74
                              5789********************************************************999887653 PP

>> nat_ab04988c687da6715ca9  
   #    score  bias  c-Evalue  i-Evalue hmmfrom  hmm to    alifrom  ali to    envfrom  env to     acc
 ---   ------ ----- --------- --------- ------- -------    ------- -------    ------- -------    ----
   1 !  110.3   2.4   2.4e-33     4e-33       3      65 ..       2      64 ..       1      71 [. 0.95

  Alignments for each domain:
  == domain 1  score: 110.3 bits;  conditional E-value: 2.4e-33
                      gvpa  3 vekasdssslaevldriLDkGiviDafvRvslvGieiltieaRvvvasvdtyLryaeavgkle 65
                              v+k+ d+sslaev+driL kGi+iD ++RvslvGie+l+ieaRvv+asv+t+L+yaeavg+++
  nat_ab04988c687da6715ca9  2 VRKSVDASSLAEVIDRILTKGIIIDLYARVSLVGIELLAIEARVVIASVETWLKYAEAVGLTK 64
                              6799********************************************************986 PP

>> nat_0f59cf2a0c4bb65bd343  
   #    score  bias  c-Evalue  i-Evalue hmmfrom  hmm to    alifrom  ali to    envfrom  env to     acc
 ---   ------ ----- --------- --------- ------- -------    ------- -------    ------- -------    ----
   1 !  110.3   0.4   2.5e-33   4.1e-33       6      70 ..       5      69 ..       1      89 [. 0.88

  Alignments for each domain:
  == domain 1  score: 110.3 bits;  conditional E-value: 2.5e-33
                      gvpa  6 asdssslaevldriLDkGiviDafvRvslvGieiltieaRvvvasvdtyLryaeavgklesaaep 70
                              + d+ssla+vldriLDkGiviD ++Rvs+vGieilt+eaR+v asvdt+L ya +++k+e+a + 
  nat_0f59cf2a0c4bb65bd343  5 SPDASSLADVLDRILDKGIVIDIWARVSVVGIEILTVEARIVAASVDTFLTYASEMAKIEKASQG 69
                              5799*******************************************************997654 PP

>> nat_366f2df371810fefd4a4  
   #    score  bias  c-Evalue  i-Evalue hmmfrom  hmm to    alifrom  ali to    envfrom  env to     acc
 ---   ------ ----- --------- --------- ------- -------    ------- -------    ------- -------    ----
   1 !  110.2   0.7   2.7e-33   4.4e-33       8      72 ..       6      70 ..       1      85 [. 0.90

  Alignments for each domain:
  == domain 1  score: 110.2 bits;  conditional E-value: 2.7e-33
                      gvpa  8 dssslaevldriLDkGiviDafvRvslvGieiltieaRvvvasvdtyLryaeavgklesaaepkg 72
                              +s slaevldriLDkGiviD ++Rvs+vGieilt+eaR+vvasvdt+L+y  +++kle aae+ +
  nat_366f2df371810fefd4a4  6 SSDSLAEVLDRILDKGIVIDIWARVSVVGIEILTVEARIVVASVDTFLHYGKEISKLELAAESGE 70
                              789*******************************************************9987654 PP

>> nat_941dc16f5af7d70127ae  
   #    score  bias  c-Evalue  i-Evalue hmmfrom  hmm to    alifrom  ali to    envfrom  env to     acc
 ---   ------ ----- --------- --------- ------- -------    ------- -------    ------- -------    ----
   1 !  110.3   1.5   2.6e-33   4.2e-33       8      73 ..       7      72 ..       1      90 [. 0.88

  Alignments for each domain:
  == domain 1  score: 110.3 bits;  conditional E-value: 2.6e-33
                      gvpa  8 dssslaevldriLDkGiviDafvRvslvGieiltieaRvvvasvdtyLryaeavgklesaaepkgl 73
                              ++ sla+vldriLDkG+viD ++R+s+vGieilt+eaRvvvasvdt+L+ya +++k+e+ +e+ +l
  nat_941dc16f5af7d70127ae  7 GADSLADVLDRILDKGVVIDIWARISVVGIEILTVEARVVVASVDTFLHYAAEISKIEEVTEEGDL 72
                              5789*****************************************************997777664 PP

>> nat_2ef2790cebd0bc14e528  
   #    score  bias  c-Evalue  i-Evalue hmmfrom  hmm to    alifrom  ali to    envfrom  env to     acc
 ---   ------ ----- --------- --------- ------- -------    ------- -------    ------- -------    ----
   1 !  110.3   1.2   2.6e-33   4.2e-33       8      71 ..       7      70 ..       1      90 [. 0.87

  Alignments for each domain:
  == domain 1  score: 110.3 bits;  conditional E-value: 2.6e-33
                      gvpa  8 dssslaevldriLDkGiviDafvRvslvGieiltieaRvvvasvdtyLryaeavgklesaaepk 71
                              ++ sla+vldriLDkG+viD ++R+s+vGieiltieaRvvvasvdt+L+ya +++k+e+ +e+ 
  nat_2ef2790cebd0bc14e528  7 GADSLADVLDRILDKGVVIDIWARISVVGIEILTIEARVVVASVDTFLHYAAEISKIEEVTEEG 70
                              5789*****************************************************9865554 PP

>> nat_478e03d6c766c6092422  
   #    score  bias  c-Evalue  i-Evalue hmmfrom  hmm to    alifrom  ali to    envfrom  env to     acc
 ---   ------ ----- --------- --------- ------- -------    ------- -------    ------- -------    ----
   1 !  110.2   0.3   2.7e-33   4.4e-33       6      70 ..       5      69 ..       1      89 [. 0.88

  Alignments for each domain:
  == domain 1  score: 110.2 bits;  conditional E-value: 2.7e-33
                      gvpa  6 asdssslaevldriLDkGiviDafvRvslvGieiltieaRvvvasvdtyLryaeavgklesaaep 70
                              + d+ssla+vldriLDkGiviD ++Rvs+vGieilt+eaR+v asvdt+L ya +++k+e+a + 
  nat_478e03d6c766c6092422  5 SPDASSLADVLDRILDKGIVIDIWARVSVVGIEILTVEARIVAASVDTFLTYASEMAKIEKASQG 69
                              5799*******************************************************997654 PP

>> nat_d15f613fad1b42703ddc  
   #    score  bias  c-Evalue  i-Evalue hmmfrom  hmm to    alifrom  ali to    envfrom  env to     acc
 ---   ------ ----- --------- --------- ------- -------    ------- -------    ------- -------    ----
   1 !  109.8   1.2   3.5e-33   5.7e-33       8      71 ..       7      70 ..       1      90 [. 0.86

  Alignments for each domain:
  == domain 1  score: 109.8 bits;  conditional E-value: 3.5e-33
                      gvpa  8 dssslaevldriLDkGiviDafvRvslvGieiltieaRvvvasvdtyLryaeavgklesaaepk 71
                              ++ sla+vldriLDkG+viD ++R+s+vGieilt+eaRvvvasvdt+L+ya +++kle+ +e+ 
  nat_d15f613fad1b42703ddc  7 GADSLADVLDRILDKGVVIDIWARISVVGIEILTVEARVVVASVDTFLHYAAEISKLEEVTEEG 70
                              5789*****************************************************9855543 PP

>> nat_e97c470cdf39521e7d2b  
   #    score  bias  c-Evalue  i-Evalue hmmfrom  hmm to    alifrom  ali to    envfrom  env to     acc
 ---   ------ ----- --------- --------- ------- -------    ------- -------    ------- -------    ----
   1 !  109.5   3.8   4.5e-33   7.4e-33       1      70 [.       1      70 [.       1      74 [] 0.95

  Alignments for each domain:
  == domain 1  score: 109.5 bits;  conditional E-value: 4.5e-33
                      gvpa  1 mavekasdssslaevldriLDkGiviDafvRvslvGieiltieaRvvvasvdtyLryaeavgklesaaep 70
                              m+v+k  d sslaev+driLDkGiviD +vRvslvGi+++ ieaRvv+asv+t+L yaea+g+l  +++ 
  nat_e97c470cdf39521e7d2b  1 MSVKKNLDVSSLAEVIDRILDKGIVIDLWVRVSLVGIDLIGIEARVVIASVETFLLYAEAIGLLPAEENR 70
                              99*************************************************************9887765 PP

>> nat_50547bc898f61f24df25  
   #    score  bias  c-Evalue  i-Evalue hmmfrom  hmm to    alifrom  ali to    envfrom  env to     acc
 ---   ------ ----- --------- --------- ------- -------    ------- -------    ------- -------    ----
   1 !  109.4   0.4   4.6e-33   7.5e-33       6      70 ..       5      69 ..       1      88 [. 0.88

  Alignments for each domain:
  == domain 1  score: 109.4 bits;  conditional E-value: 4.6e-33
                      gvpa  6 asdssslaevldriLDkGiviDafvRvslvGieiltieaRvvvasvdtyLryaeavgklesaaep 70
                              + d ssla+vldriLDkGiviD ++Rvs+vGieilt+eaR+v asvdt+L ya +++k+e+a + 
  nat_50547bc898f61f24df25  5 SPDGSSLADVLDRILDKGIVIDIWARVSVVGIEILTVEARIVAASVDTFLTYASEMAKIEKASQG 69
                              5689*******************************************************997654 PP

>> nat_b28d4ac8e7cffa9c0259  
   #    score  bias  c-Evalue  i-Evalue hmmfrom  hmm to    alifrom  ali to    envfrom  env to     acc
 ---   ------ ----- --------- --------- ------- -------    ------- -------    ------- -------    ----
   1 !  109.5   0.4   4.5e-33   7.4e-33       6      71 ..       5      70 ..       1      89 [. 0.88

  Alignments for each domain:
  == domain 1  score: 109.5 bits;  conditional E-value: 4.5e-33
                      gvpa  6 asdssslaevldriLDkGiviDafvRvslvGieiltieaRvvvasvdtyLryaeavgklesaaepk 71
                              + d ssla+vldriLDkGiviD ++Rvs+vGieilt+eaR+v asvdt+L ya +++k+e+a +  
  nat_b28d4ac8e7cffa9c0259  5 SPDGSSLADVLDRILDKGIVIDIWARVSVVGIEILTVEARIVAASVDTFLTYASEMAKIEKASQGD 70
                              5689*******************************************************9976543 PP

>> nat_6941eadb95ed4bfec34a  
   #    score  bias  c-Evalue  i-Evalue hmmfrom  hmm to    alifrom  ali to    envfrom  env to     acc
 ---   ------ ----- --------- --------- ------- -------    ------- -------    ------- -------    ----
   1 !  108.7   2.0   7.7e-33   1.3e-32      10      72 ..      18      80 ..      10     122 .. 0.82

  Alignments for each domain:
  == domain 1  score: 108.7 bits;  conditional E-value: 7.7e-33
                      gvpa 10 sslaevldriLDkGiviDafvRvslvGieiltieaRvvvasvdtyLryaeavgklesaaepkg 72
                               +l++vl++iLD+G+viD+fvRvslvGieil+i+aR+vvasvdtyLr+aea+++l+ + ++  
  nat_6941eadb95ed4bfec34a 18 GTLYDVLELILDRGMVIDVFVRVSLVGIEILKIDARIVVASVDTYLRFAEACNRLDLERDSGS 80
                              679****************************************************99876552 PP

>> nat_ce9c7c0f4a921a6df25f  
   #    score  bias  c-Evalue  i-Evalue hmmfrom  hmm to    alifrom  ali to    envfrom  env to     acc
 ---   ------ ----- --------- --------- ------- -------    ------- -------    ------- -------    ----
   1 !  108.5   0.7   8.7e-33   1.4e-32       8      74 ..       7      73 ..       1      90 [. 0.86

  Alignments for each domain:
  == domain 1  score: 108.5 bits;  conditional E-value: 8.7e-33
                      gvpa  8 dssslaevldriLDkGiviDafvRvslvGieiltieaRvvvasvdtyLryaeavgklesaaepkglv 74
                              +ss l +vldriLDkG+v+D ++Rvs+vGieilt+eaR+v asvdt+L+ya +++k+e+ +e+ +l 
  nat_ce9c7c0f4a921a6df25f  7 NSSNLVDVLDRILDKGLVVDIWARVSVVGIEILTVEARIVAASVDTFLHYAAEISKIEQVTESGDLE 73
                              799*******************************************************988777643 PP

>> nat_cf3573d661974bcf4836  
   #    score  bias  c-Evalue  i-Evalue hmmfrom  hmm to    alifrom  ali to    envfrom  env to     acc
 ---   ------ ----- --------- --------- ------- -------    ------- -------    ------- -------    ----
   1 !  108.4   0.3   9.8e-33   1.6e-32       6      65 ..       4      63 ..       1      69 [. 0.94

  Alignments for each domain:
  == domain 1  score: 108.4 bits;  conditional E-value: 9.8e-33
                      gvpa  6 asdssslaevldriLDkGiviDafvRvslvGieiltieaRvvvasvdtyLryaeavgkle 65
                              + ++sslaev+driL kGiviDafvRv+lvGie+l+ieaRvv+asv+t+L yaeavg+++
  nat_cf3573d661974bcf4836  4 SIQASSLAEVVDRILTKGIVIDAFVRVALVGIELLAIEARVVIASVETWLMYAEAVGLTA 63
                              5689*****************************************************986 PP

>> nat_a7ccf9f8dd2634fb8865  
   #    score  bias  c-Evalue  i-Evalue hmmfrom  hmm to    alifrom  ali to    envfrom  env to     acc
 ---   ------ ----- --------- --------- ------- -------    ------- -------    ------- -------    ----
   1 !  108.3   1.2     1e-32   1.7e-32       7      73 ..       6      72 ..       1      86 [. 0.90

  Alignments for each domain:
  == domain 1  score: 108.3 bits;  conditional E-value: 1e-32
                      gvpa  7 sdssslaevldriLDkGiviDafvRvslvGieiltieaRvvvasvdtyLryaeavgklesaaepkgl 73
                               +++sl evldr+LDkGiviD ++Rvs+vGieiltieaR+vvas+dt+L+y  +++k+e+a+++ ++
  nat_a7ccf9f8dd2634fb8865  6 PNTASLVEVLDRVLDKGIVIDIWARVSVVGIEILTIEARIVVASIDTFLHYTKEMSKIEQATQSDDI 72
                              4789********************************************************9998874 PP

>> nat_137eb09d8ee303361664  
   #    score  bias  c-Evalue  i-Evalue hmmfrom  hmm to    alifrom  ali to    envfrom  env to     acc
 ---   ------ ----- --------- --------- ------- -------    ------- -------    ------- -------    ----
   1 !  108.3   0.4   1.1e-32   1.7e-32       8      73 ..       6      71 ..       1      86 [. 0.91

  Alignments for each domain:
  == domain 1  score: 108.3 bits;  conditional E-value: 1.1e-32
                      gvpa  8 dssslaevldriLDkGiviDafvRvslvGieiltieaRvvvasvdtyLryaeavgklesaaepkgl 73
                              +s slaevldriLDkGiviD ++Rvs+vGieilt+eaR+v asvdt+L+y  +++kle a e+ +l
  nat_137eb09d8ee303361664  6 SSDSLAEVLDRILDKGIVIDIWARVSVVGIEILTVEARIVAASVDTFLHYGKEISKLEMASESGDL 71
                              789*******************************************************99887765 PP

>> nat_1c76cf5c7e439b773485  
   #    score  bias  c-Evalue  i-Evalue hmmfrom  hmm to    alifrom  ali to    envfrom  env to     acc
 ---   ------ ----- --------- --------- ------- -------    ------- -------    ------- -------    ----
   1 !  107.8   3.0   1.4e-32   2.4e-32      10      72 ..      18      80 ..      10     123 .. 0.81

  Alignments for each domain:
  == domain 1  score: 107.8 bits;  conditional E-value: 1.4e-32
                      gvpa 10 sslaevldriLDkGiviDafvRvslvGieiltieaRvvvasvdtyLryaeavgklesaaepkg 72
                               +l++vl++iLD+G+viD+fvRvslvGieil+i+aR+vvasvdtyLr+aea+++l+ + ++  
  nat_1c76cf5c7e439b773485 18 GTLYDVLELILDRGMVIDVFVRVSLVGIEILKIDARIVVASVDTYLRFAEACNRLDLERDSGS 80
                              679****************************************************99876552 PP

>> nat_365d3ed63bb6048abb9c  
   #    score  bias  c-Evalue  i-Evalue hmmfrom  hmm to    alifrom  ali to    envfrom  env to     acc
 ---   ------ ----- --------- --------- ------- -------    ------- -------    ------- -------    ----
   1 !  108.2   0.6   1.1e-32   1.8e-32       6      65 ..       4      63 ..       1      69 [. 0.94

  Alignments for each domain:
  == domain 1  score: 108.2 bits;  conditional E-value: 1.1e-32
                      gvpa  6 asdssslaevldriLDkGiviDafvRvslvGieiltieaRvvvasvdtyLryaeavgkle 65
                              + ++sslaev+driL kGiviDafvRv+lvGie+l+ieaRvv+asv+t+L yaeavg+++
  nat_365d3ed63bb6048abb9c  4 SIQASSLAEVVDRILTKGIVIDAFVRVALVGIELLAIEARVVIASVETWLMYAEAVGLTA 63
                              5689*****************************************************986 PP

>> nat_819a3c6792d744ecbd3d  
   #    score  bias  c-Evalue  i-Evalue hmmfrom  hmm to    alifrom  ali to    envfrom  env to     acc
 ---   ------ ----- --------- --------- ------- -------    ------- -------    ------- -------    ----
   1 !  107.1   0.8   2.5e-32   4.1e-32       8      72 ..       7      71 ..       1      87 [. 0.89

  Alignments for each domain:
  == domain 1  score: 107.1 bits;  conditional E-value: 2.5e-32
                      gvpa  8 dssslaevldriLDkGiviDafvRvslvGieiltieaRvvvasvdtyLryaeavgklesaaepkg 72
                              +++sl evldr+LDkGiviD ++R+s+vGieiltieaR+vvas+dt+L+y  +++k+e+a ++ +
  nat_819a3c6792d744ecbd3d  7 NTTSLVEVLDRVLDKGIVIDIWARISVVGIEILTIEARIVVASIDTFLHYTKEMSKIEQASQSDD 71
                              6899*******************************************************988765 PP

>> nat_db4cf6e6d1d54bfb2db9  
   #    score  bias  c-Evalue  i-Evalue hmmfrom  hmm to    alifrom  ali to    envfrom  env to     acc
 ---   ------ ----- --------- --------- ------- -------    ------- -------    ------- -------    ----
   1 !  107.1   2.0   2.5e-32   4.1e-32       3      59 ..       3      56 .]       1      56 [] 0.95

  Alignments for each domain:
  == domain 1  score: 107.1 bits;  conditional E-value: 2.5e-32
                      gvpa  3 vekasdssslaevldriLDkGiviDafvRvslvGieiltieaRvvvasvdtyLryae 59
                              ++   dss+laevldr+LDkG+v+D+++RvslvGieilt+eaRvv asvdt+L+yae
  nat_db4cf6e6d1d54bfb2db9  3 QP---DSSGLAEVLDRVLDKGVVVDVWARVSLVGIEILTVEARVVAASVDTFLHYAE 56
                              44...9**************************************************8 PP

>> nat_5d0398ada9a0ee712670  
   #    score  bias  c-Evalue  i-Evalue hmmfrom  hmm to    alifrom  ali to    envfrom  env to     acc
 ---   ------ ----- --------- --------- ------- -------    ------- -------    ------- -------    ----
   1 !  106.5   2.8   3.7e-32     6e-32       3     102 ..       9     108 ..       6     119 .] 0.73

  Alignments for each domain:
  == domain 1  score: 106.5 bits;  conditional E-value: 3.7e-32
                      gvpa   3 vekasdssslaevldriLDkGiviDafvRvslvGieiltieaRvvvasvdtyLryaeavgklesaaepkgl.vgevaesaargka 86 
                               ++k  +s sl +v++ iLDkG+viDa+vRvsl+Gie+lti+aR++vas+dtyLrya av +l+ +++++g    +   s   g++
  nat_5d0398ada9a0ee712670   9 IRKEPSSGSLKDVIEVILDKGLVIDAYVRVSLIGIELLTIDARIIVASLDTYLRYARAVDRLDLRQKSNGAtLANFISSDDDGDS 93 
                               56778999*******************************************************9998886202333333333333 PP

                      gvpa  87 kgalsgaaeaisdalk 102
                                ++  g  e + +a++
  nat_5d0398ada9a0ee712670  94 MSENVG-EEIVDEAIE 108
                               222222.233344444 PP

>> nat_755d6d89017e90d5fadf  
   #    score  bias  c-Evalue  i-Evalue hmmfrom  hmm to    alifrom  ali to    envfrom  env to     acc
 ---   ------ ----- --------- --------- ------- -------    ------- -------    ------- -------    ----
   1 !  106.4   5.7     4e-32   6.6e-32       1      70 [.       1      70 [.       1      72 [] 0.97

  Alignments for each domain:
  == domain 1  score: 106.4 bits;  conditional E-value: 4e-32
                      gvpa  1 mavekasdssslaevldriLDkGiviDafvRvslvGieiltieaRvvvasvdtyLryaeavgklesaaep 70
                              ma++k++d+sslaev+driLDkGiviDa++ v+lvGie+l++eaRvv+asv+ +L yaeavg++++++++
  nat_755d6d89017e90d5fadf  1 MALKKSTDASSLAEVVDRILDKGIVIDAYAIVALVGIELLSVEARVVIASVERWLSYAEAVGLVADDTTT 70
                              99*************************************************************9998765 PP

>> nat_3a0003e56b4928cb7aaa  
   #    score  bias  c-Evalue  i-Evalue hmmfrom  hmm to    alifrom  ali to    envfrom  env to     acc
 ---   ------ ----- --------- --------- ------- -------    ------- -------    ------- -------    ----
   1 !  105.8   2.9   6.3e-32     1e-31       3      84 ..      13     102 ..       8     115 .. 0.77

  Alignments for each domain:
  == domain 1  score: 105.8 bits;  conditional E-value: 6.3e-32
                      gvpa   3 vekasdssslaevldriLDkGiviDafvRvslvGieiltieaRvvvasvdtyLryaeavgklesaaepk........glvgevae 79 
                               v++ s+ss+l +v+++iLDkG+viDafv vsl+Gie+lti+aRvvvasv+tyLrya+a+++l+ + + +        g +g  a+
  nat_3a0003e56b4928cb7aaa  13 VVERSGSSGLGDVVELILDKGLVIDAFVQVSLIGIEVLTIQARVVVASVETYLRYAQAIERLDIRGDGAeeisvdvrGPIGPAAQ 97 
                               556689********************************************************99766554455533333333333 PP

                      gvpa  80 saarg 84 
                               + ++ 
  nat_3a0003e56b4928cb7aaa  98 KETQV 102
                               33333 PP

>> nat_5e9a9badd5481f93deb7  
   #    score  bias  c-Evalue  i-Evalue hmmfrom  hmm to    alifrom  ali to    envfrom  env to     acc
 ---   ------ ----- --------- --------- ------- -------    ------- -------    ------- -------    ----
   1 !  104.5   0.4   1.5e-31   2.5e-31       1      72 [.       1      78 [.       1     109 [. 0.83

  Alignments for each domain:
  == domain 1  score: 104.5 bits;  conditional E-value: 1.5e-31
                      gvpa  1 maveka.sdssslaevldriLDkGiviDafvRvslvGieiltieaRvvvasvdtyLryaeavgklesaaepk.....g 72
                              m v++a ++ ssl +vldr+LDkGiv+Da+vRvs+vGi+++t+eaRv++ s+dty+rya avg l +aa p+     g
  nat_5e9a9badd5481f93deb7  1 MNVQHAgTGGSSLVDVLDRVLDKGIVVDAWVRVSIVGIDLVTVEARVIISSIDTYIRYAGAVGALPTAAPPQmeasrG 78
                              6666665889*******************************************************9999887533332 PP

>> nat_aaf69e9ea95986ab1e08  
   #    score  bias  c-Evalue  i-Evalue hmmfrom  hmm to    alifrom  ali to    envfrom  env to     acc
 ---   ------ ----- --------- --------- ------- -------    ------- -------    ------- -------    ----
   1 !  104.3   3.4   1.8e-31     3e-31       1      69 [.       1      69 [.       1      72 [. 0.96

  Alignments for each domain:
  == domain 1  score: 104.3 bits;  conditional E-value: 1.8e-31
                      gvpa  1 mavekasdssslaevldriLDkGiviDafvRvslvGieiltieaRvvvasvdtyLryaeavgklesaae 69
                              mav+ + ++ssl evldriLDkGiviD ++ vslvGie+l+ieaRvv+asv+t+L ya avg+l+++ e
  nat_aaf69e9ea95986ab1e08  1 MAVKTSVGASSLVEVLDRILDKGIVIDLYAIVSLVGIELLAIEARVVIASVETWLCYARAVGLLAHHRE 69
                              99*************************************************************988655 PP

>> nat_568a29ab96947d1f56cd  
   #    score  bias  c-Evalue  i-Evalue hmmfrom  hmm to    alifrom  ali to    envfrom  env to     acc
 ---   ------ ----- --------- --------- ------- -------    ------- -------    ------- -------    ----
   1 !  103.1   1.1   4.2e-31   6.8e-31       1      67 [.       1      67 [.       1      72 [] 0.96

  Alignments for each domain:
  == domain 1  score: 103.1 bits;  conditional E-value: 4.2e-31
                      gvpa  1 mavekasdssslaevldriLDkGiviDafvRvslvGieiltieaRvvvasvdtyLryaeavgklesa 67
                              mav+++ +ssslaevldriL+kGiviD fvRvsl Gie+l+++ R+v+a v+t+L ya a+g+++ +
  nat_568a29ab96947d1f56cd  1 MAVKHSVESSSLAEVLDRILEKGIVIDLFVRVSLLGIELLAVDGRIVIAGVETWLCYARAIGLTDYS 67
                              99*************************************************************9875 PP

>> nat_805855d37a367a5867e3  
   #    score  bias  c-Evalue  i-Evalue hmmfrom  hmm to    alifrom  ali to    envfrom  env to     acc
 ---   ------ ----- --------- --------- ------- -------    ------- -------    ------- -------    ----
   1 !  102.8   2.1   5.1e-31   8.4e-31       1      74 [.       1      74 [.       1      84 [. 0.93

  Alignments for each domain:
  == domain 1  score: 102.8 bits;  conditional E-value: 5.1e-31
                      gvpa  1 mavekasdssslaevldriLDkGiviDafvRvslvGieiltieaRvvvasvdtyLryaeavgklesaaepkglv 74
                              m v+k +d ssl ev+driLDkGiviD+++++s+ G+e++tieaR+vv s++t+Lrya+av++l++ +++  l 
  nat_805855d37a367a5867e3  1 MHVKKYNDESSLVEVVDRILDKGIVIDVYAKISVLGLEVITIEARIVVSSIETWLRYADAVELLKKGKDETSLS 74
                              88999***********************************************************9988877665 PP

>> nat_e2936110b0ddfefb35cc  
   #    score  bias  c-Evalue  i-Evalue hmmfrom  hmm to    alifrom  ali to    envfrom  env to     acc
 ---   ------ ----- --------- --------- ------- -------    ------- -------    ------- -------    ----
   1 !  102.3   0.0   7.7e-31   1.3e-30      12      82 ..      20      94 ..      14     111 .. 0.82

  Alignments for each domain:
  == domain 1  score: 102.3 bits;  conditional E-value: 7.7e-31
                      gvpa 12 laevldriLDkGiviDafvRvslvGieiltieaRvvvasvdtyLryaeavgklesaaepk....glvgevaesaa 82
                               a+vld iLDkG+viD++ RvslvGie+lt++aR+vvasvdtyLr+aea ++l+ a        +lv +++  ++
  nat_e2936110b0ddfefb35cc 20 PADVLDPILDKGLVIDVYLRVSLVGIELLTVDARIVVASVDTYLRFAEAANRLDPADGRSrgtpELVHRLQGGGT 94
                              59***************************************************9977665455555555554444 PP

>> nat_aa41861d9ee4546b28c5  
   #    score  bias  c-Evalue  i-Evalue hmmfrom  hmm to    alifrom  ali to    envfrom  env to     acc
 ---   ------ ----- --------- --------- ------- -------    ------- -------    ------- -------    ----
   1 !   99.3   4.3   6.5e-30   1.1e-29       1      67 [.       1      67 [.       1      73 [. 0.96

  Alignments for each domain:
  == domain 1  score: 99.3 bits;  conditional E-value: 6.5e-30
                      gvpa  1 mavekasdssslaevldriLDkGiviDafvRvslvGieiltieaRvvvasvdtyLryaeavgklesa 67
                              ma++k++dsssla+v++ iLDkG+viD  ++v +vG+e++ ie R+v+asvdt+Lryaeavg +es+
  nat_aa41861d9ee4546b28c5  1 MAIQKSRDSSSLADVIEIILDKGVVIDLVIKVLVVGMELIRIEGRIVIASVDTWLRYAEAVGIVESR 67
                              9*************************************************************99875 PP

>> nat_20254df8ceedab382494  
   #    score  bias  c-Evalue  i-Evalue hmmfrom  hmm to    alifrom  ali to    envfrom  env to     acc
 ---   ------ ----- --------- --------- ------- -------    ------- -------    ------- -------    ----
   1 !   99.0   0.8   7.8e-30   1.3e-29       1      67 [.       1      67 [.       1      72 [] 0.95

  Alignments for each domain:
  == domain 1  score: 99.0 bits;  conditional E-value: 7.8e-30
                      gvpa  1 mavekasdssslaevldriLDkGiviDafvRvslvGieiltieaRvvvasvdtyLryaeavgklesa 67
                              m+v+++ +ssslaevldriL+kGiviD fvR sl Gie+lt ++R+v+a v+t+L ya avg+ e++
  nat_20254df8ceedab382494  1 MSVRHSVESSSLAEVLDRILEKGIVIDIFVRASLLGIELLTADVRIVIAGVETWLCYARAVGLSEEH 67
                              8999**********************************************************98876 PP

>> nat_d7456223d4168dd8bcaa  
   #    score  bias  c-Evalue  i-Evalue hmmfrom  hmm to    alifrom  ali to    envfrom  env to     acc
 ---   ------ ----- --------- --------- ------- -------    ------- -------    ------- -------    ----
   1 !   96.3   0.5   5.5e-29     9e-29      16     120 ..       2     112 ..       1     113 [] 0.66

  Alignments for each domain:
  == domain 1  score: 96.3 bits;  conditional E-value: 5.5e-29
                      gvpa  16 ldriLDkGiviDafvRvslvGieiltieaRvvvasvdtyLryaeavgklesaaepkglvgevaesaarg...kakgalsgaaeai 97 
                               +d+iLDkG+viDafvRvslvGi + ti+aRvv a vdtyLr+aea ++l+ + +    + +++e ++++   ++k  + +   ++
  nat_d7456223d4168dd8bcaa   2 IDLILDKGLVIDAFVRVSLVGIQVATIDARVVAAGVDTYLRFAEATNRLDLELKGGKDIAQLTEGTSQSgddTSKRMTDAKPRTA 86 
                               9*************************************************98776644666666544321112333333333333 PP

                      gvpa  98 sd...alkdasdesesekssrsrrke 120
                                d   + k+a++  e++  s srr+e
  nat_d7456223d4168dd8bcaa  87 DDgekREKQAAHRREPRGESDSRRRE 112
                               33100223334444444455577766 PP

>> nat_c0248ec199ed97e6d9ee  
   #    score  bias  c-Evalue  i-Evalue hmmfrom  hmm to    alifrom  ali to    envfrom  env to     acc
 ---   ------ ----- --------- --------- ------- -------    ------- -------    ------- -------    ----
   1 !   96.1   1.5   6.3e-29     1e-28       2      72 ..       2      71 ..       1      78 [. 0.92

  Alignments for each domain:
  == domain 1  score: 96.1 bits;  conditional E-value: 6.3e-29
                      gvpa  2 avekasdssslaevldriLDkGiviDafvRvslvGieiltieaRvvvasvdtyLryaeavgklesaaepkg 72
                              +++ + +sssla vldriLDkG+v D+++R+++vG+e++tieaR+vv svdt+L+y  ++g +e  + p +
  nat_c0248ec199ed97e6d9ee  2 TQQ-TPQSSSLAAVLDRILDKGVVTDVWARIAVVGLELITIEARIVVVSVDTFLHYCAEIGAIEAGTVPDD 71
                              554.889********************************************************99888776 PP

>> nat_2593b683bc69e42309bf  
   #    score  bias  c-Evalue  i-Evalue hmmfrom  hmm to    alifrom  ali to    envfrom  env to     acc
 ---   ------ ----- --------- --------- ------- -------    ------- -------    ------- -------    ----
   1 !   96.0   0.3   6.6e-29   1.1e-28       1      68 [.       1      68 [.       1      98 [. 0.91

  Alignments for each domain:
  == domain 1  score: 96.0 bits;  conditional E-value: 6.6e-29
                      gvpa  1 mavekasdssslaevldriLDkGiviDafvRvslvGieiltieaRvvvasvdtyLryaeavgklesaa 68
                              m+ + +++s +la+vl+ +LDkG+viDa vRvsl+Gieil+ie++vv+asvdty+ry ea+ +le+  
  nat_2593b683bc69e42309bf  1 MTAPATQNSGGLADVLNVLLDKGLVIDASVRVSLIGIEILAIEIKVVIASVDTYIRYLEAMHRLETVR 68
                              7888899********************************************************98754 PP

>> nat_f7a7384ac9671dafa785  
   #    score  bias  c-Evalue  i-Evalue hmmfrom  hmm to    alifrom  ali to    envfrom  env to     acc
 ---   ------ ----- --------- --------- ------- -------    ------- -------    ------- -------    ----
   1 !   94.9   0.5   1.5e-28   2.4e-28       1      69 [.       1      69 [.       1     105 [. 0.87

  Alignments for each domain:
  == domain 1  score: 94.9 bits;  conditional E-value: 1.5e-28
                      gvpa  1 mavekasdssslaevldriLDkGiviDafvRvslvGieiltieaRvvvasvdtyLryaeavgklesaae 69
                              m+ + + +s +la+vl+ +LDkG+viDa vRvsl+Gieil+ie++vv+asvdty+ry ea+++lesa  
  nat_f7a7384ac9671dafa785  1 MTAPAVPASGGLADVLNILLDKGLVIDASVRVSLIGIEILSIEIKVVIASVDTYIRYLEAMQRLESARR 69
                              666777899*******************************************************98764 PP

>> nat_e481176a20214b3a0873  
   #    score  bias  c-Evalue  i-Evalue hmmfrom  hmm to    alifrom  ali to    envfrom  env to     acc
 ---   ------ ----- --------- --------- ------- -------    ------- -------    ------- -------    ----
   1 !   94.5   0.2   1.9e-28   3.1e-28       2      68 ..       2      68 ..       1     102 [. 0.84

  Alignments for each domain:
  == domain 1  score: 94.5 bits;  conditional E-value: 1.9e-28
                      gvpa  2 avekasdssslaevldriLDkGiviDafvRvslvGieiltieaRvvvasvdtyLryaeavgklesaa 68
                              + +   +s +la+vl+ +LDkG+viDa vRvsl+Gieilti+++vv+asvdty+ry ea+ +l+   
  nat_e481176a20214b3a0873  2 TAPALPNSGGLADVLNVLLDKGLVIDASVRVSLIGIEILTIDIKVVIASVDTYIRYLEAMHRLDLTR 68
                              555557899*****************************************************99753 PP

>> nat_36cd672e9f0f362f84a3  
   #    score  bias  c-Evalue  i-Evalue hmmfrom  hmm to    alifrom  ali to    envfrom  env to     acc
 ---   ------ ----- --------- --------- ------- -------    ------- -------    ------- -------    ----
   1 !   94.2   1.2   2.5e-28   4.1e-28       1      74 [.       1      72 [.       1     104 [. 0.82

  Alignments for each domain:
  == domain 1  score: 94.2 bits;  conditional E-value: 2.5e-28
                      gvpa  1 mavekasdssslaevldriLDkGiviDafvRvslvGieiltieaRvvvasvdtyLryaeavgklesaaepkglv 74
                              m+ + + +s +la+vl+ +LDkG+viDa vRvsl+Gieil+i+++vv+asvdty+ry ea+++le     +g+v
  nat_36cd672e9f0f362f84a3  1 MTAPVVPNSGGLADVLNVLLDKGLVIDASVRVSLIGIEILAIDIKVVIASVDTYIRYLEAMQRLEAT--RRGVV 72
                              556666799******************************************************9754..44443 PP

>> nat_5e0a0c17153bc7a2c0f7  
   #    score  bias  c-Evalue  i-Evalue hmmfrom  hmm to    alifrom  ali to    envfrom  env to     acc
 ---   ------ ----- --------- --------- ------- -------    ------- -------    ------- -------    ----
   1 !   94.1   0.5   2.6e-28   4.3e-28       1      75 [.       1      73 [.       1     105 [. 0.82

  Alignments for each domain:
  == domain 1  score: 94.1 bits;  conditional E-value: 2.6e-28
                      gvpa  1 mavekasdssslaevldriLDkGiviDafvRvslvGieiltieaRvvvasvdtyLryaeavgklesaaepkglvg 75
                              m+ +   +s +la+vl+ +LDkG+viDa vRvsl+Gieil+ie+++v+asvdty+ry ea+++l+ a   +g+v 
  nat_5e0a0c17153bc7a2c0f7  1 MTAPAIPNSGGLADVLNILLDKGLVIDATVRVSLIGIEILSIEIKIVIASVDTYIRYLEAMQRLDAAR--RGVVA 73
                              5555567899*****************************************************99764..44444 PP

>> nat_b7b2dc53fd89ba68dfe9  
   #    score  bias  c-Evalue  i-Evalue hmmfrom  hmm to    alifrom  ali to    envfrom  env to     acc
 ---   ------ ----- --------- --------- ------- -------    ------- -------    ------- -------    ----
   1 !   93.9   0.1     3e-28   4.9e-28       1      67 [.       1      67 [.       1      94 [. 0.91

  Alignments for each domain:
  == domain 1  score: 93.9 bits;  conditional E-value: 3e-28
                      gvpa  1 mavekasdssslaevldriLDkGiviDafvRvslvGieiltieaRvvvasvdtyLryaeavgklesa 67
                              m+ +   +s +la+vl+ +LDkG+viDa vRvsl+Gieil+i+++vv+asvdty+ry ea+++le  
  nat_b7b2dc53fd89ba68dfe9  1 MTAPAIPNSGGLADVLNVLLDKGLVIDASVRVSLIGIEILAIDIKVVIASVDTYIRYLEAMQRLEAT 67
                              5555567899*****************************************************9875 PP

>> nat_256f4d9f9e8bd81a3ef9  
   #    score  bias  c-Evalue  i-Evalue hmmfrom  hmm to    alifrom  ali to    envfrom  env to     acc
 ---   ------ ----- --------- --------- ------- -------    ------- -------    ------- -------    ----
   1 !   93.4   0.4   4.3e-28   7.1e-28       1      66 [.       1      66 [.       1      99 [. 0.88

  Alignments for each domain:
  == domain 1  score: 93.4 bits;  conditional E-value: 4.3e-28
                      gvpa  1 mavekasdssslaevldriLDkGiviDafvRvslvGieiltieaRvvvasvdtyLryaeavgkles 66
                              m+ +   +s +la+vl+ +LDkG+viDa vRvsl+Gieil+i+++vv+asvdty+ry ea+++le 
  nat_256f4d9f9e8bd81a3ef9  1 MTAPAIPNSGGLADVLNVLLDKGLVIDASVRVSLIGIEILAIDIKVVIASVDTYIRYLEAMQRLEA 66
                              5555567899*****************************************************986 PP

>> nat_6b430be939bbbcdb6ca0  
   #    score  bias  c-Evalue  i-Evalue hmmfrom  hmm to    alifrom  ali to    envfrom  env to     acc
 ---   ------ ----- --------- --------- ------- -------    ------- -------    ------- -------    ----
   1 !   93.3   0.1   4.6e-28   7.6e-28       7      70 ..      11      74 ..       1     102 [. 0.85

  Alignments for each domain:
  == domain 1  score: 93.3 bits;  conditional E-value: 4.6e-28
                      gvpa  7 sdssslaevldriLDkGiviDafvRvslvGieiltieaRvvvasvdtyLryaeavgklesaaep 70
                              + s  l+ v+++iLD+G+viD+fvRvs++G+e++ti+aRvvva vd yLr+ae +g+l+ a ++
  nat_6b430be939bbbcdb6ca0 11 RLSGELYKVVELILDRGLVIDVFVRVSVIGLEVVTIDARVVVAGVDAYLRFAEVCGRLDLAGSS 74
                              56788*****************************************************987554 PP

>> nat_cd1929fe49d2fd7e73a2  
   #    score  bias  c-Evalue  i-Evalue hmmfrom  hmm to    alifrom  ali to    envfrom  env to     acc
 ---   ------ ----- --------- --------- ------- -------    ------- -------    ------- -------    ----
   1 !   93.0   4.9   5.8e-28   9.6e-28       7      83 ..      17      97 ..       9     113 .. 0.85

  Alignments for each domain:
  == domain 1  score: 93.0 bits;  conditional E-value: 5.8e-28
                      gvpa  7 sdssslaevldriLDkGiviDafvRvslvGieiltieaRvvvasvdtyLryaeavgklesaaepk....glvgevaesaar 83
                              ++s +la+v++++LDkG+viDa v v +vGi +++i+aRvvvas++tyLr+aeav +l+ a +++    glvg v+++ + 
  nat_cd1929fe49d2fd7e73a2 17 TGSGGLADVVETVLDKGVVIDAQVSVGVVGIPLVQINARVVVASIETYLRFAEAVDRLDIAPDDAgglaGLVGGVTDAVSD 97
                              6899********************************************************988887666788888776543 PP

>> nat_6048d13df283cd9c311b  
   #    score  bias  c-Evalue  i-Evalue hmmfrom  hmm to    alifrom  ali to    envfrom  env to     acc
 ---   ------ ----- --------- --------- ------- -------    ------- -------    ------- -------    ----
   1 !   93.0   0.1   5.5e-28     9e-28       1      66 [.       1      66 [.       1     104 [. 0.89

  Alignments for each domain:
  == domain 1  score: 93.0 bits;  conditional E-value: 5.5e-28
                      gvpa  1 mavekasdssslaevldriLDkGiviDafvRvslvGieiltieaRvvvasvdtyLryaeavgkles 66
                              m+ +   +s +la+vl+ +LDkG+viDa vRvsl+Gieil+i+++vv+asvdty+ry ea+ +le 
  nat_6048d13df283cd9c311b  1 MTAPAIPNSGGLADVLNILLDKGLVIDASVRVSLIGIEILAIDIKVVIASVDTYIRYLEAMHRLEA 66
                              5555567899*****************************************************986 PP

>> nat_58c22377f3821c65f8d7  
   #    score  bias  c-Evalue  i-Evalue hmmfrom  hmm to    alifrom  ali to    envfrom  env to     acc
 ---   ------ ----- --------- --------- ------- -------    ------- -------    ------- -------    ----
   1 !   93.0   0.3   5.8e-28   9.5e-28       6      68 ..       8      70 ..       1     102 [. 0.88

  Alignments for each domain:
  == domain 1  score: 93.0 bits;  conditional E-value: 5.8e-28
                      gvpa  6 asdssslaevldriLDkGiviDafvRvslvGieiltieaRvvvasvdtyLryaeavgklesaa 68
                              +++  +la+vl+ +LDkG+viDa vRvsl+Gieil+i+++vv+asvdty+ry ea+++le a 
  nat_58c22377f3821c65f8d7  8 SNSGGGLADVLNVLLDKGLVIDASVRVSLIGIEILAIDIKVVIASVDTYIRYLEAMQRLEAAR 70
                              367789****************************************************99765 PP

>> nat_65fbd3162b843c7d26ba  
   #    score  bias  c-Evalue  i-Evalue hmmfrom  hmm to    alifrom  ali to    envfrom  env to     acc
 ---   ------ ----- --------- --------- ------- -------    ------- -------    ------- -------    ----
   1 !   92.7   3.9   7.1e-28   1.2e-27       3      98 ..      14     111 ..      12     119 .. 0.77

  Alignments for each domain:
  == domain 1  score: 92.7 bits;  conditional E-value: 7.1e-28
                      gvpa   3 vekasdssslaevldriLDkGiviDafvRvslvGieiltieaRvvvasvdtyLryaeavgklesaaepk....glvgevaesaar 83 
                               +e++ ++ +la+v++++LDkG+viDa v v +vGi +++i+aRvvvas++tyLr+aeav +l+ + ++     glvg v+  +a 
  nat_65fbd3162b843c7d26ba  14 LERVGSAGGLADVVETVLDKGVVIDAQVTVGVVGIPLVEINARVVVASIETYLRFAEAVDRLDLSPDEGeglaGLVGGVT--GAV 96 
                               566778899******************************************************95544333446666654..344 PP

                      gvpa  84 gkakgalsgaaeais 98 
                                ++ g++ g ++ ++
  nat_65fbd3162b843c7d26ba  97 RDVTGSVRGLTDDAT 111
                               444455555555444 PP

>> nat_469c2c6e74bc5945041b  
   #    score  bias  c-Evalue  i-Evalue hmmfrom  hmm to    alifrom  ali to    envfrom  env to     acc
 ---   ------ ----- --------- --------- ------- -------    ------- -------    ------- -------    ----
   1 !   92.6   0.1   7.8e-28   1.3e-27       7      67 ..      10      70 ..       1      93 [. 0.87

  Alignments for each domain:
  == domain 1  score: 92.6 bits;  conditional E-value: 7.8e-28
                      gvpa  7 sdssslaevldriLDkGiviDafvRvslvGieiltieaRvvvasvdtyLryaeavgklesa 67
                              + s  l+ v+++iLD+G+viD+fvRvs++G+e++ti+aRvvva vd yLr+ae +g+l+  
  nat_469c2c6e74bc5945041b 10 RLSGELYKVVELILDRGLVIDVFVRVSVIGLEVVTIDARVVVAGVDAYLRFAEVCGRLDLT 70
                              56889*****************************************************975 PP

>> nat_423e7db658438d5646a8  
   #    score  bias  c-Evalue  i-Evalue hmmfrom  hmm to    alifrom  ali to    envfrom  env to     acc
 ---   ------ ----- --------- --------- ------- -------    ------- -------    ------- -------    ----
   1 !   92.2   0.0     1e-27   1.7e-27       7      71 ..       6      70 ..       1      82 [. 0.89

  Alignments for each domain:
  == domain 1  score: 92.2 bits;  conditional E-value: 1e-27
                      gvpa  7 sdssslaevldriLDkGiviDafvRvslvGieiltieaRvvvasvdtyLryaeavgklesaaepk 71
                              +   +la+ ld +LDkG+viDa vRvs++Gie+l+ieaR+v+asvdty+ry ea+++l+s   p 
  nat_423e7db658438d5646a8  6 QTGGGLADTLDILLDKGLVIDASVRVSVIGIELLAIEARIVIASVDTYIRYLEAMQRLQSTPVPG 70
                              56789*****************************************************9987665 PP

>> nat_8a813f6e8cd834c61935  
   #    score  bias  c-Evalue  i-Evalue hmmfrom  hmm to    alifrom  ali to    envfrom  env to     acc
 ---   ------ ----- --------- --------- ------- -------    ------- -------    ------- -------    ----
   1 !   92.2   0.0     1e-27   1.7e-27       8      71 ..       6      69 ..       1      81 [. 0.89

  Alignments for each domain:
  == domain 1  score: 92.2 bits;  conditional E-value: 1e-27
                      gvpa  8 dssslaevldriLDkGiviDafvRvslvGieiltieaRvvvasvdtyLryaeavgklesaaepk 71
                              ++ +la+ ld +LDkG+viDa vRvs++Gie+l+ieaR+v+asvdty+ry ea+++l+ +  p 
  nat_8a813f6e8cd834c61935  6 QTGGLADTLDILLDKGLVIDASVRVSVIGIELLAIEARIVIASVDTYIRYLEAMQRLQASPAPG 69
                              6789*****************************************************9876654 PP

>> nat_1c790f352d60fc105062  
   #    score  bias  c-Evalue  i-Evalue hmmfrom  hmm to    alifrom  ali to    envfrom  env to     acc
 ---   ------ ----- --------- --------- ------- -------    ------- -------    ------- -------    ----
   1 !   92.1   0.0   1.1e-27   1.8e-27       7      71 ..       6      70 ..       1      82 [. 0.89

  Alignments for each domain:
  == domain 1  score: 92.1 bits;  conditional E-value: 1.1e-27
                      gvpa  7 sdssslaevldriLDkGiviDafvRvslvGieiltieaRvvvasvdtyLryaeavgklesaaepk 71
                              +   +la+ ld +LDkG+viDa vRvs++Gie+l+ieaR+v+asvdty+ry ea+++l++   p 
  nat_1c790f352d60fc105062  6 QTGGGLADTLDILLDKGLVIDASVRVSVIGIELLAIEARIVIASVDTYIRYLEAMQRLQNTPAPG 70
                              56789*****************************************************9876665 PP

>> nat_99b0e6ac4f74262c1bb2  
   #    score  bias  c-Evalue  i-Evalue hmmfrom  hmm to    alifrom  ali to    envfrom  env to     acc
 ---   ------ ----- --------- --------- ------- -------    ------- -------    ------- -------    ----
   1 !   92.2   0.6   9.8e-28   1.6e-27       7      69 ..       8      70 ..       1      99 [. 0.82

  Alignments for each domain:
  == domain 1  score: 92.2 bits;  conditional E-value: 9.8e-28
                      gvpa  7 sdssslaevldriLDkGiviDafvRvslvGieiltieaRvvvasvdtyLryaeavgklesaae 69
                              ++  +la+vl+ +LDkG+viDa vRvsl+Gieil+ie+++v+asvdty+ry ea+++l+ a  
  nat_99b0e6ac4f74262c1bb2  8 NSGGGLADVLNILLDKGLVIDASVRVSLIGIEILAIEIKIVIASVDTYIRYLEAMQRLDAARR 70
                              56789*****************************************************97643 PP

>> nat_29345482d2af34083837  
   #    score  bias  c-Evalue  i-Evalue hmmfrom  hmm to    alifrom  ali to    envfrom  env to     acc
 ---   ------ ----- --------- --------- ------- -------    ------- -------    ------- -------    ----
   1 !   91.9   0.3   1.3e-27   2.1e-27       1      74 [.       1      72 [.       1     100 [. 0.84

  Alignments for each domain:
  == domain 1  score: 91.9 bits;  conditional E-value: 1.3e-27
                      gvpa  1 mavekasdssslaevldriLDkGiviDafvRvslvGieiltieaRvvvasvdtyLryaeavgklesaaepkglv 74
                              m+ +   +s +la+vl+ +LDkG+viDa v+vsl+Gieil+i+++vv+asvdty+ry ea+++le a   +glv
  nat_29345482d2af34083837  1 MTAPAIPNSGGLADVLNVLLDKGLVIDASVKVSLIGIEILSIDIKVVIASVDTYIRYLEAMQRLEAA--RRGLV 72
                              5555567899*****************************************************9865..44555 PP

>> nat_54cf1e0b05b06f3e29b4  
   #    score  bias  c-Evalue  i-Evalue hmmfrom  hmm to    alifrom  ali to    envfrom  env to     acc
 ---   ------ ----- --------- --------- ------- -------    ------- -------    ------- -------    ----
   1 !   91.7   0.1   1.4e-27   2.4e-27       7      68 ..      16      77 ..       4      99 .. 0.86

  Alignments for each domain:
  == domain 1  score: 91.7 bits;  conditional E-value: 1.4e-27
                      gvpa  7 sdssslaevldriLDkGiviDafvRvslvGieiltieaRvvvasvdtyLryaeavgklesaa 68
                              + s  l+ v+++iLD+G+viD+fvRvs++G+e++ti+aRvvva vd yLr+ae +g+l+   
  nat_54cf1e0b05b06f3e29b4 16 RLSGELYKVVELILDRGLVIDVFVRVSVIGLEVVTIDARVVVAGVDAYLRFAEMCGRLSLTG 77
                              56889****************************************************98754 PP

>> nat_0c3c5a88107ee11e01e1  
   #    score  bias  c-Evalue  i-Evalue hmmfrom  hmm to    alifrom  ali to    envfrom  env to     acc
 ---   ------ ----- --------- --------- ------- -------    ------- -------    ------- -------    ----
   1 !   91.2   4.2   2.1e-27   3.4e-27       4      90 ..      15     103 ..      12     115 .. 0.77

  Alignments for each domain:
  == domain 1  score: 91.2 bits;  conditional E-value: 2.1e-27
                      gvpa   4 ekasdssslaevldriLDkGiviDafvRvslvGieiltieaRvvvasvdtyLryaeavgklesaaepk....glvgevaesaarg 84 
                               e++ +  +la+v++++LDkG+viDa v v +vGi +++i+aRvvvas++tyLr+aeav +l+ a ++     glvg v+ +    
  nat_0c3c5a88107ee11e01e1  15 ERVGSGGGLADVVETVLDKGVVIDAQVTVGVVGIPLVEINARVVVASIETYLRFAEAVDRLDLAPDEGeglaGLVGGVTGAV--R 97 
                               66677889******************************************************97655444456666665433..2 PP

                      gvpa  85 kakgal 90 
                               ++ g++
  nat_0c3c5a88107ee11e01e1  98 DVTGSV 103
                               232333 PP

>> nat_a4ea0771a62129b6e7cf  
   #    score  bias  c-Evalue  i-Evalue hmmfrom  hmm to    alifrom  ali to    envfrom  env to     acc
 ---   ------ ----- --------- --------- ------- -------    ------- -------    ------- -------    ----
   1 !   91.4   0.3   1.8e-27     3e-27       9      68 ..       2      61 ..       1      84 [. 0.91

  Alignments for each domain:
  == domain 1  score: 91.4 bits;  conditional E-value: 1.8e-27
                      gvpa  9 ssslaevldriLDkGiviDafvRvslvGieiltieaRvvvasvdtyLryaeavgklesaa 68
                              s  l+ v+++iLD+G+viD+fvRvs++G+e++ti+aRvvva vd yLr+ae +g+l+   
  nat_a4ea0771a62129b6e7cf  2 SGELYKVVELILDRGLVIDVFVRVSVIGLEVVTIDARVVVAGVDAYLRFAEMCGRLDLTG 61
                              6679****************************************************9754 PP

>> nat_87c687bea1af941dec3f  
   #    score  bias  c-Evalue  i-Evalue hmmfrom  hmm to    alifrom  ali to    envfrom  env to     acc
 ---   ------ ----- --------- --------- ------- -------    ------- -------    ------- -------    ----
   1 !   91.1   0.3   2.1e-27   3.5e-27       1      67 [.       1      67 [.       1     104 [. 0.86

  Alignments for each domain:
  == domain 1  score: 91.1 bits;  conditional E-value: 2.1e-27
                      gvpa  1 mavekasdssslaevldriLDkGiviDafvRvslvGieiltieaRvvvasvdtyLryaeavgklesa 67
                              m+ + + ++ +l +vl+ +LDkG+viDa vRvsl+Gieil+i+++vv+asvdty+ry ea+++le  
  nat_87c687bea1af941dec3f  1 MTAPAVPNTGGLSDVLNVLLDKGLVIDASVRVSLIGIEILAIDIKVVIASVDTYIRYLEAMQRLEVT 67
                              6666677899*****************************************************9864 PP

>> nat_ab02cf361a66facb0d7c  
   #    score  bias  c-Evalue  i-Evalue hmmfrom  hmm to    alifrom  ali to    envfrom  env to     acc
 ---   ------ ----- --------- --------- ------- -------    ------- -------    ------- -------    ----
   1 !   90.8   4.2   2.7e-27   4.5e-27       3      92 ..      14     108 ..      12     115 .. 0.78

  Alignments for each domain:
  == domain 1  score: 90.8 bits;  conditional E-value: 2.7e-27
                      gvpa   3 vekasdssslaevldriLDkGiviDafvRvslvGieiltieaRvvvasvdtyLryaeavgklesaaepk....glvgevaesaar 83 
                               +e++ ++ +la+v++++LDkG+viDa v v +vGi +++i+aRvvvas++tyLr+aeav +l+ a ++     gl g v+ +   
  nat_ab02cf361a66facb0d7c  14 LERVGSAGGLADVVETVLDKGVVIDAQVTVGVVGIPLVEINARVVVASIETYLRFAEAVDRLDIAPDEGeglaGLLGGVTGAVRD 98 
                               566778899******************************************************9765544444555555544322 PP

                      gvpa  84 .gkakgalsg 92 
                                +++ g+++g
  nat_ab02cf361a66facb0d7c  99 vTDSVGEVTG 108
                               1233444444 PP

>> nat_2a643259fb5c627e5a76  
   #    score  bias  c-Evalue  i-Evalue hmmfrom  hmm to    alifrom  ali to    envfrom  env to     acc
 ---   ------ ----- --------- --------- ------- -------    ------- -------    ------- -------    ----
   1 !   90.9   5.8   2.5e-27   4.1e-27       2      52 ..       3      53 ..       1      56 [. 0.95

  Alignments for each domain:
  == domain 1  score: 90.9 bits;  conditional E-value: 2.5e-27
                      gvpa  2 avekasdssslaevldriLDkGiviDafvRvslvGieiltieaRvvvasvd 52
                               v+k++dssslaev+driLDkGiv+Da+v+vslvGie+l+ieaRvv+asv+
  nat_2a643259fb5c627e5a76  3 KVQKSTDSSSLAEVVDRILDKGIVVDAWVKVSLVGIELLSIEARVVIASVE 53
                              4899**********************************************8 PP

>> nat_826bbaee5bbff7b121a8  
   #    score  bias  c-Evalue  i-Evalue hmmfrom  hmm to    alifrom  ali to    envfrom  env to     acc
 ---   ------ ----- --------- --------- ------- -------    ------- -------    ------- -------    ----
   1 !   90.8   5.2   2.7e-27   4.5e-27       4      82 ..      15      97 ..      12     115 .. 0.83

  Alignments for each domain:
  == domain 1  score: 90.8 bits;  conditional E-value: 2.7e-27
                      gvpa  4 ekasdssslaevldriLDkGiviDafvRvslvGieiltieaRvvvasvdtyLryaeavgklesaaepk....glvgevaesaa 82
                              e++ +  +la+v++++LDkG+viDa v v +vGi +++i+aRvvvas++tyLr+aeav +l+ a e++    glvg v++  +
  nat_826bbaee5bbff7b121a8 15 ERTGAVGGLADVVETVLDKGVVIDAQVNVGVVGIPLVEINARVVVASIETYLRFAEAVDRLDIAPEDAgglaGLVGGVTDVVS 97
                              66777889*******************************************************88888766677777776543 PP

>> nat_96cf8fec98a326ef28f8  
   #    score  bias  c-Evalue  i-Evalue hmmfrom  hmm to    alifrom  ali to    envfrom  env to     acc
 ---   ------ ----- --------- --------- ------- -------    ------- -------    ------- -------    ----
   1 !   90.9   1.2   2.6e-27   4.2e-27       1      68 [.       1      68 [.       1     102 [. 0.89

  Alignments for each domain:
  == domain 1  score: 90.9 bits;  conditional E-value: 2.6e-27
                      gvpa  1 mavekasdssslaevldriLDkGiviDafvRvslvGieiltieaRvvvasvdtyLryaeavgklesaa 68
                              m+ + + +s +la+vl+ +LDkG+viDa v+vsl+Gieil+i+++vv+asvdty+ry ea+++le a 
  nat_96cf8fec98a326ef28f8  1 MTAPAVPSSGGLADVLNVLLDKGLVIDASVKVSLIGIEILSIDIKVVIASVDTYIRYLEAMQRLEVAR 68
                              6666678999*****************************************************98764 PP

>> nat_d77f2785267c8b1305ed  
   #    score  bias  c-Evalue  i-Evalue hmmfrom  hmm to    alifrom  ali to    envfrom  env to     acc
 ---   ------ ----- --------- --------- ------- -------    ------- -------    ------- -------    ----
   1 !   90.2   0.0   4.3e-27     7e-27       7      71 ..       6      70 ..       1      83 [. 0.89

  Alignments for each domain:
  == domain 1  score: 90.2 bits;  conditional E-value: 4.3e-27
                      gvpa  7 sdssslaevldriLDkGiviDafvRvslvGieiltieaRvvvasvdtyLryaeavgklesaaepk 71
                              +   +la+ ld +LDkG+viDa vRvs++Gie+l++eaR+v+asvdty+ry ea+++l++   p 
  nat_d77f2785267c8b1305ed  6 QTGGGLADTLDILLDKGLVIDASVRVSVIGIELLALEARIVIASVDTYIRYLEAMQRLQNTPAPG 70
                              56789*****************************************************9876665 PP

>> nat_6e6ce758d8c4852aa4fa  
   #    score  bias  c-Evalue  i-Evalue hmmfrom  hmm to    alifrom  ali to    envfrom  env to     acc
 ---   ------ ----- --------- --------- ------- -------    ------- -------    ------- -------    ----
   1 !   90.0   0.1   4.8e-27   7.9e-27       7      71 ..       6      70 ..       1      83 [. 0.89

  Alignments for each domain:
  == domain 1  score: 90.0 bits;  conditional E-value: 4.8e-27
                      gvpa  7 sdssslaevldriLDkGiviDafvRvslvGieiltieaRvvvasvdtyLryaeavgklesaaepk 71
                              +   +la+ l+ +LDkG+viDa v+vsl+Gie+l+ieaRvv+asvdty+ry ea+++++ +a++ 
  nat_6e6ce758d8c4852aa4fa  6 QTGGGLADTLNILLDKGLVIDATVKVSLIGIELLSIEARVVIASVDTYIRYLEAMQRVNAQAQQP 70
                              56789*****************************************************9987764 PP

>> nat_650d9a7fc14a1c8678c8  
   #    score  bias  c-Evalue  i-Evalue hmmfrom  hmm to    alifrom  ali to    envfrom  env to     acc
 ---   ------ ----- --------- --------- ------- -------    ------- -------    ------- -------    ----
   1 !   90.1   0.1   4.6e-27   7.5e-27       3      69 ..       3      69 ..       1     112 [. 0.88

  Alignments for each domain:
  == domain 1  score: 90.1 bits;  conditional E-value: 4.6e-27
                      gvpa  3 vekasdssslaevldriLDkGiviDafvRvslvGieiltieaRvvvasvdtyLryaeavgklesaae 69
                               +   +s +lae l+ +LDkG+viDa +Rvs++Gieiltiea++v+asvdty+ry ea+++l+    
  nat_650d9a7fc14a1c8678c8  3 APALPASGGLAEALNILLDKGLVIDATIRVSVIGIEILTIEAKIVIASVDTYIRYLEAMQRLDATRR 69
                              55557899*****************************************************997543 PP

>> nat_324d5d08f6cb86df2a45  
   #    score  bias  c-Evalue  i-Evalue hmmfrom  hmm to    alifrom  ali to    envfrom  env to     acc
 ---   ------ ----- --------- --------- ------- -------    ------- -------    ------- -------    ----
   1 !   89.5   3.0   6.9e-27   1.1e-26       2      94 ..      13     107 ..      12     115 .. 0.79

  Alignments for each domain:
  == domain 1  score: 89.5 bits;  conditional E-value: 6.9e-27
                      gvpa   2 avekasdssslaevldriLDkGiviDafvRvslvGieiltieaRvvvasvdtyLryaeavgkles.aaepkglvgevae.saarg 84 
                               a+ek+ ++ +la+v++++LDkG+viDa v + +vGi +++i+aRvvvas++tyLr+ae v +l+   ae +gl g +   ++a  
  nat_324d5d08f6cb86df2a45  13 ALEKVGSAGGLADVVETVLDKGVVIDAQVTIGVVGIPLVEINARVVVASIETYLRFAELVDRLDItPAEGEGLSGLLGGvTGAVR 97 
                               568889999*******************************************************955666766665543123344 PP

                      gvpa  85 kakgalsgaa 94 
                               +a  ++ g++
  nat_324d5d08f6cb86df2a45  98 DATDSVGGIT 107
                               4444444444 PP

>> nat_9347e512b923af873132  
   #    score  bias  c-Evalue  i-Evalue hmmfrom  hmm to    alifrom  ali to    envfrom  env to     acc
 ---   ------ ----- --------- --------- ------- -------    ------- -------    ------- -------    ----
   1 !   89.4   0.0   7.6e-27   1.2e-26       7      71 ..       6      70 ..       1      84 [. 0.89

  Alignments for each domain:
  == domain 1  score: 89.4 bits;  conditional E-value: 7.6e-27
                      gvpa  7 sdssslaevldriLDkGiviDafvRvslvGieiltieaRvvvasvdtyLryaeavgklesaaepk 71
                              +   +la+ l+ +LDkG+viDa v+vsl+Gie+l+ieaR+v+asvdty+ry ea+++++ +a++ 
  nat_9347e512b923af873132  6 QTGGGLADTLNILLDKGLVIDASVKVSLIGIELLAIEARIVIASVDTYIRYLEAMQRVNAQANTP 70
                              56789*****************************************************9988765 PP

>> nat_d2ffb42329a865195f36  
   #    score  bias  c-Evalue  i-Evalue hmmfrom  hmm to    alifrom  ali to    envfrom  env to     acc
 ---   ------ ----- --------- --------- ------- -------    ------- -------    ------- -------    ----
   1 !   89.0   5.1   9.7e-27   1.6e-26       8      82 ..      20      98 ..      12     116 .. 0.80

  Alignments for each domain:
  == domain 1  score: 89.0 bits;  conditional E-value: 9.7e-27
                      gvpa  8 dssslaevldriLDkGiviDafvRvslvGieiltieaRvvvasvdtyLryaeavgklesaaepk....glvgevaesaa 82
                               + +la+v++++LDkG+viDa v v +vGi +++i+aRvvvas++tyLr+aeav +l+ a e++     lvg v++  +
  nat_d2ffb42329a865195f36 20 TAGGLADVVETVLDKGVVIDAQVTVGVVGIPLVEINARVVVASIETYLRFAEAVDRLDIAPEDAgglaSLVGGVTDVVS 98
                              5679*******************************************************98888555555666555433 PP

>> nat_17858e67067c36a2a936  
   #    score  bias  c-Evalue  i-Evalue hmmfrom  hmm to    alifrom  ali to    envfrom  env to     acc
 ---   ------ ----- --------- --------- ------- -------    ------- -------    ------- -------    ----
   1 !   89.0   0.1   9.7e-27   1.6e-26       6      66 ..       5      65 ..       1      79 [. 0.91

  Alignments for each domain:
  == domain 1  score: 89.0 bits;  conditional E-value: 9.7e-27
                      gvpa  6 asdssslaevldriLDkGiviDafvRvslvGieiltieaRvvvasvdtyLryaeavgkles 66
                               +++ +la+ l+ +LDkG+viDa vRvs++Gie+l+ieaR+v+asvdty+ry ea+++l+ 
  nat_17858e67067c36a2a936  5 GHATGGLADTLNILLDKGLVIDASVRVSVIGIELLAIEARIVIASVDTYIRYLEAMQRLNG 65
                              57889****************************************************9975 PP

>> nat_bab08881e7a072b3f11f  
   #    score  bias  c-Evalue  i-Evalue hmmfrom  hmm to    alifrom  ali to    envfrom  env to     acc
 ---   ------ ----- --------- --------- ------- -------    ------- -------    ------- -------    ----
   1 !   88.9   0.1   1.1e-26   1.7e-26       7      71 ..       6      70 ..       1      83 [. 0.89

  Alignments for each domain:
  == domain 1  score: 88.9 bits;  conditional E-value: 1.1e-26
                      gvpa  7 sdssslaevldriLDkGiviDafvRvslvGieiltieaRvvvasvdtyLryaeavgklesaaepk 71
                              +   +la+ l+ +LDkG+viDa v+vsl+Gie+l+ieaR+v+asvdty+ry ea+++++ +a+  
  nat_bab08881e7a072b3f11f  6 QTGGGLADTLNILLDKGLVIDASVKVSLIGIELLAIEARIVIASVDTYIRYLEAMQRVNAQAKMP 70
                              66789*****************************************************9977654 PP

>> nat_00f078f1a0eafd9ea851  
   #    score  bias  c-Evalue  i-Evalue hmmfrom  hmm to    alifrom  ali to    envfrom  env to     acc
 ---   ------ ----- --------- --------- ------- -------    ------- -------    ------- -------    ----
   1 !   88.5   0.0   1.4e-26   2.3e-26      10      71 ..       8      69 ..       1      85 [. 0.89

  Alignments for each domain:
  == domain 1  score: 88.5 bits;  conditional E-value: 1.4e-26
                      gvpa 10 sslaevldriLDkGiviDafvRvslvGieiltieaRvvvasvdtyLryaeavgklesaaepk 71
                               +lae l+ +LDkG+viDa vRvs++Gieiltiea++v+asvdty+ry ea+ +l+    ++
  nat_00f078f1a0eafd9ea851  8 GGLAETLNILLDKGLVIDATVRVSVIGIEILTIEAKIVIASVDTYIRYLEAMHRLDLTRRTA 69
                              68*****************************************************9987766 PP

>> nat_c343edccce5faea6ca16  
   #    score  bias  c-Evalue  i-Evalue hmmfrom  hmm to    alifrom  ali to    envfrom  env to     acc
 ---   ------ ----- --------- --------- ------- -------    ------- -------    ------- -------    ----
   1 !   88.1   3.3   1.9e-26   3.2e-26       3      79 ..      14      94 ..      12     114 .. 0.79

  Alignments for each domain:
  == domain 1  score: 88.1 bits;  conditional E-value: 1.9e-26
                      gvpa  3 vekasdssslaevldriLDkGiviDafvRvslvGieiltieaRvvvasvdtyLryaeavgklesaaepk....glvgevae 79
                              +e++ ++ +la+v++++LDkG+viDa v v +vGi +++i+aRvvvas++tyLr+a+av +l+   +p     g+ g+v+ 
  nat_c343edccce5faea6ca16 14 LERVGSAGGLADVVETVLDKGVVIDAQVTVGVVGIPLVEINARVVVASIETYLRFAQAVDRLDLGLDPGeglgGVLGDVTG 94
                              566778899******************************************************988887533333344332 PP

>> nat_4b9192128c23c5a5ae9c  
   #    score  bias  c-Evalue  i-Evalue hmmfrom  hmm to    alifrom  ali to    envfrom  env to     acc
 ---   ------ ----- --------- --------- ------- -------    ------- -------    ------- -------    ----
   1 !   85.9   0.0   8.9e-26   1.5e-25      10      72 ..      21      83 ..      12     117 .. 0.83

  Alignments for each domain:
  == domain 1  score: 85.9 bits;  conditional E-value: 8.9e-26
                      gvpa 10 sslaevldriLDkGiviDafvRvslvGieiltieaRvvvasvdtyLryaeavgklesaaepkg 72
                               +la++ldr+LDkGivi+a++ vsl Gieil + a vvvasv+tyL+ya+ ++   +aa+   
  nat_4b9192128c23c5a5ae9c 21 GTLADILDRVLDKGIVIEAWATVSLLGIEILGVKAQVVVASVETYLKYANLIAGGGQAAQASS 83
                              679***********************************************9998777776664 PP

>> nat_485a8f2cb7e24fa53ea0  
   #    score  bias  c-Evalue  i-Evalue hmmfrom  hmm to    alifrom  ali to    envfrom  env to     acc
 ---   ------ ----- --------- --------- ------- -------    ------- -------    ------- -------    ----
   1 !   86.1   0.0     8e-26   1.3e-25       8      68 ..       8      68 ..       1      86 [. 0.89

  Alignments for each domain:
  == domain 1  score: 86.1 bits;  conditional E-value: 8e-26
                      gvpa  8 dssslaevldriLDkGiviDafvRvslvGieiltieaRvvvasvdtyLryaeavgklesaa 68
                              +  +lae l+ +LDkG+viDa +Rvs++Gieiltiea++v+asvdty+ry ea+ ++e   
  nat_485a8f2cb7e24fa53ea0  8 APGGLAEALNILLDKGLVIDATIRVSVIGIEILTIEAKIVIASVDTYIRYLEAMHRVEMTR 68
                              5679****************************************************99765 PP

>> nat_6ff1830293724c205a70  
   #    score  bias  c-Evalue  i-Evalue hmmfrom  hmm to    alifrom  ali to    envfrom  env to     acc
 ---   ------ ----- --------- --------- ------- -------    ------- -------    ------- -------    ----
   1 !   85.9   0.0   9.1e-26   1.5e-25       9      69 ..       7      67 ..       1      83 [. 0.89

  Alignments for each domain:
  == domain 1  score: 85.9 bits;  conditional E-value: 9.1e-26
                      gvpa  9 ssslaevldriLDkGiviDafvRvslvGieiltieaRvvvasvdtyLryaeavgklesaae 69
                                +lae l+ +LDkG+viDa v+vsl+Gie+l+ieaRvv+a vdty+ry ea+++++ +a+
  nat_6ff1830293724c205a70  7 GGGLAETLNILLDKGLVIDASVKVSLIGIELLSIEARVVIACVDTYIRYLEAMQRINAQAN 67
                              579*****************************************************98775 PP

>> nat_2f3087b5aa2a281ad976  
   #    score  bias  c-Evalue  i-Evalue hmmfrom  hmm to    alifrom  ali to    envfrom  env to     acc
 ---   ------ ----- --------- --------- ------- -------    ------- -------    ------- -------    ----
   1 !   85.8   0.0   9.4e-26   1.6e-25       9      69 ..       6      66 ..       1      82 [. 0.90

  Alignments for each domain:
  == domain 1  score: 85.8 bits;  conditional E-value: 9.4e-26
                      gvpa  9 ssslaevldriLDkGiviDafvRvslvGieiltieaRvvvasvdtyLryaeavgklesaae 69
                                +lae l+ +LDkG+viDa v+vsl+Gie+l+ieaRvv+a vdty+ry ea+++++ +a+
  nat_2f3087b5aa2a281ad976  6 QGGLAETLNILLDKGLVIDASVKVSLIGIELLSIEARVVIACVDTYIRYLEAMQRINAQAN 66
                              579*****************************************************98775 PP

>> nat_54bba105484c79f2fd90  
   #    score  bias  c-Evalue  i-Evalue hmmfrom  hmm to    alifrom  ali to    envfrom  env to     acc
 ---   ------ ----- --------- --------- ------- -------    ------- -------    ------- -------    ----
   1 !   85.4   0.0   1.2e-25     2e-25       9      71 ..       7      69 ..       1      83 [. 0.89

  Alignments for each domain:
  == domain 1  score: 85.4 bits;  conditional E-value: 1.2e-25
                      gvpa  9 ssslaevldriLDkGiviDafvRvslvGieiltieaRvvvasvdtyLryaeavgklesaaepk 71
                                +lae l+ +LDkG+viDa +Rvs++Gie+l+ieaR+v+a vdty+ry ea+++++ +a+  
  nat_54bba105484c79f2fd90  7 GGGLAETLNILLDKGLVIDASIRVSVIGIELLAIEARIVIACVDTYIRYLEAMQRVNAQAQMP 69
                              579*****************************************************9977654 PP

>> nat_8cd52de919d22e5b2f70  
   #    score  bias  c-Evalue  i-Evalue hmmfrom  hmm to    alifrom  ali to    envfrom  env to     acc
 ---   ------ ----- --------- --------- ------- -------    ------- -------    ------- -------    ----
   1 !   84.7   0.1   2.1e-25   3.5e-25       8      67 ..       8      67 ..       1      86 [. 0.89

  Alignments for each domain:
  == domain 1  score: 84.7 bits;  conditional E-value: 2.1e-25
                      gvpa  8 dssslaevldriLDkGiviDafvRvslvGieiltieaRvvvasvdtyLryaeavgklesa 67
                              +  +lae l+ +LDkG+viDa +Rvs++Gieiltiea++v+asvdty+ry ea  ++e  
  nat_8cd52de919d22e5b2f70  8 APGGLAEALNILLDKGLVIDATIRVSVIGIEILTIEAKIVIASVDTYIRYLEATHRVEMV 67
                              5679**************************************************999864 PP

>> nat_e8e78837892ab1704b44  
   #    score  bias  c-Evalue  i-Evalue hmmfrom  hmm to    alifrom  ali to    envfrom  env to     acc
 ---   ------ ----- --------- --------- ------- -------    ------- -------    ------- -------    ----
   1 !   83.2   0.1   6.3e-25     1e-24       8      64 ..       7      63 ..       1      72 [. 0.90

  Alignments for each domain:
  == domain 1  score: 83.2 bits;  conditional E-value: 6.3e-25
                      gvpa  8 dssslaevldriLDkGiviDafvRvslvGieiltieaRvvvasvdtyLryaeavgkl 64
                              ++sslae+ldriLDkGiv+D + R+s+ G+e++t+ea +v+ s++t+L+y  +++  
  nat_e8e78837892ab1704b44  7 STSSLAEILDRILDKGIVVDLWDRISVLGLELITVEAHLVISSIETFLHYVKEITSF 63
                              789************************************************999865 PP

>> nat_5db88465f7f6adfb1268  
   #    score  bias  c-Evalue  i-Evalue hmmfrom  hmm to    alifrom  ali to    envfrom  env to     acc
 ---   ------ ----- --------- --------- ------- -------    ------- -------    ------- -------    ----
   1 !   82.4   0.0   1.1e-24   1.7e-24       7      72 ..       6      71 ..       1      83 [. 0.89

  Alignments for each domain:
  == domain 1  score: 82.4 bits;  conditional E-value: 1.1e-24
                      gvpa  7 sdssslaevldriLDkGiviDafvRvslvGieiltieaRvvvasvdtyLryaeavgklesaaepkg 72
                              ++  +l + l+ +LDkG viDa v+vsl+Gie+l ieaRvv+asvdty+ry ea+++++ +a++ +
  nat_5db88465f7f6adfb1268  6 QAGGTLTDTLNVLLDKGPVIDATVKVSLIGIELLPIEARVVIASVDTYIRYLEAMQRVNAQAQQPN 71
                              566789****************************************************99887654 PP

>> nat_dfd554c04446a4377ab5  
   #    score  bias  c-Evalue  i-Evalue hmmfrom  hmm to    alifrom  ali to    envfrom  env to     acc
 ---   ------ ----- --------- --------- ------- -------    ------- -------    ------- -------    ----
   1 !   80.0   0.0   5.9e-24   9.7e-24       7      71 ..       6      70 ..       1      83 [. 0.89

  Alignments for each domain:
  == domain 1  score: 80.0 bits;  conditional E-value: 5.9e-24
                      gvpa  7 sdssslaevldriLDkGiviDafvRvslvGieiltieaRvvvasvdtyLryaeavgklesaaepk 71
                              +   +la+ ld +LDkG+viDa vRvs++Gie+l+ieaR+ +a vdt +ry ea+ +l+s   p 
  nat_dfd554c04446a4377ab5  6 QTGGGLADTLDILLDKGLVIDASVRVSVIGIELLAIEARIAIAGVDTCIRYLEAMRRLQSTPVPG 70
                              56789*****************************************************9977665 PP

>> nat_ce958cc38501a37e45ae  
   #    score  bias  c-Evalue  i-Evalue hmmfrom  hmm to    alifrom  ali to    envfrom  env to     acc
 ---   ------ ----- --------- --------- ------- -------    ------- -------    ------- -------    ----
   1 !   78.5   0.0   1.7e-23   2.8e-23       8      70 ..       9      71 ..       1     103 [. 0.87

  Alignments for each domain:
  == domain 1  score: 78.5 bits;  conditional E-value: 1.7e-23
                      gvpa  8 dssslaevldriLDkGiviDafvRvslvGieiltieaRvvvasvdtyLryaeavgklesaaep 70
                               s +lae l+ +LDkG+v+Da +++ ++Gie+ltie++v++asvdty+ry ea+++le a ++
  nat_ce958cc38501a37e45ae  9 TSGGLAEALNILLDKGLVLDASIKITVIGIEVLTIEIKVIIASVDTYIRYLEAMQRLELARQN 71
                              6889*****************************************************997654 PP

>> nat_3ed9bc4471e8c5d8a73f  
   #    score  bias  c-Evalue  i-Evalue hmmfrom  hmm to    alifrom  ali to    envfrom  env to     acc
 ---   ------ ----- --------- --------- ------- -------    ------- -------    ------- -------    ----
   1 !   76.3   0.0   8.6e-23   1.4e-22      10      70 ..       9      69 ..       1      82 [. 0.89

  Alignments for each domain:
  == domain 1  score: 76.3 bits;  conditional E-value: 8.6e-23
                      gvpa 10 sslaevldriLDkGiviDafvRvslvGieiltieaRvvvasvdtyLryaeavgklesaaep 70
                               +la+ ld +LD+G+viDa vRvs++Gie+ +ieaR+v+a vdt +ry ea+++l+    p
  nat_3ed9bc4471e8c5d8a73f  9 GGLADTLDILLDRGLVIDASVRVSVIGIELPAIEARIVIAGVDTCIRYLEAMQRLQGTPVP 69
                              69****************************************************9976555 PP

>> nat_71183c6ca4e255f76416  
   #    score  bias  c-Evalue  i-Evalue hmmfrom  hmm to    alifrom  ali to    envfrom  env to     acc
 ---   ------ ----- --------- --------- ------- -------    ------- -------    ------- -------    ----
   1 !   72.3   0.2   1.5e-21   2.4e-21       8      62 ..       7      61 ..       1      69 [. 0.90

  Alignments for each domain:
  == domain 1  score: 72.3 bits;  conditional E-value: 1.5e-21
                      gvpa  8 dssslaevldriLDkGiviDafvRvslvGieiltieaRvvvasvdtyLryaeavg 62
                              ++ssla +ldri+DkGi+iD + R+s+ G+ i+t+ea +v+ s++t+L+y  +++
  nat_71183c6ca4e255f76416  7 STSSLAAILDRIVDKGIIIDLWDRISVLGLKIITVEAHLVISSIETFLHYVRKMS 61
                              789***********************************************87765 PP

>> nat_1de0bb420c43b6a81f73  
   #    score  bias  c-Evalue  i-Evalue hmmfrom  hmm to    alifrom  ali to    envfrom  env to     acc
 ---   ------ ----- --------- --------- ------- -------    ------- -------    ------- -------    ----
   1 !   60.5   0.0   6.8e-18   1.1e-17       7      70 ..       6      65 ..       1      78 [. 0.88

  Alignments for each domain:
  == domain 1  score: 60.5 bits;  conditional E-value: 6.8e-18
                      gvpa  7 sdssslaevldriLDkGiviDafvRvslvGieiltieaRvvvasvdtyLryaeavgklesaaep 70
                              +   +la+ ld +LDkG+viDa    s++Gie+ +ieaR+v+a vdt +ry ea+++l+    p
  nat_1de0bb420c43b6a81f73  6 QTGGGLADTLDILLDKGLVIDA----SVIGIELPAIEARIVIAGVDTCIRYLEAMQRLQGTPVP 65
                              56789****************9....99*****************************9976555 PP

>> nat_70ecf2053d255f8cbc58  
   #    score  bias  c-Evalue  i-Evalue hmmfrom  hmm to    alifrom  ali to    envfrom  env to     acc
 ---   ------ ----- --------- --------- ------- -------    ------- -------    ------- -------    ----
   1 !   54.4   0.4   5.2e-16   8.6e-16       1      52 [.       1      52 [.       1      58 [. 0.96

  Alignments for each domain:
  == domain 1  score: 54.4 bits;  conditional E-value: 5.2e-16
                      gvpa  1 mavekasdssslaevldriLDkGiviDafvRvslvGieiltieaRvvvasvd 52
                              m++++a +  +la++l+riLDkGivi   v vslvGie+l+i  R+ +a vd
  nat_70ecf2053d255f8cbc58  1 MTQRNALQPDGLADILERILDKGIVIAGDVSVSLVGIELLSIRLRLLIATVD 52
                              889999999******************************************9 PP

>> nat_b72075109bbb6320c712  
   #    score  bias  c-Evalue  i-Evalue hmmfrom  hmm to    alifrom  ali to    envfrom  env to     acc
 ---   ------ ----- --------- --------- ------- -------    ------- -------    ------- -------    ----
   1 !   53.6   0.1   9.4e-16   1.5e-15       7      52 ..      13      58 ..       3      63 .. 0.92

  Alignments for each domain:
  == domain 1  score: 53.6 bits;  conditional E-value: 9.4e-16
                      gvpa  7 sdssslaevldriLDkGiviDafvRvslvGieiltieaRvvvasvd 52
                               +s+ la++l+r+LDkGivi   +R+ l  ie+lti  R+vvasvd
  nat_b72075109bbb6320c712 13 GESANLADILERVLDKGIVIAGDIRINLLDIELLTIKLRLVVASVD 58
                              6899*****************************************9 PP

>> nat_18f34224f39837d53eec  
   #    score  bias  c-Evalue  i-Evalue hmmfrom  hmm to    alifrom  ali to    envfrom  env to     acc
 ---   ------ ----- --------- --------- ------- -------    ------- -------    ------- -------    ----
   1 !   53.1   1.4   1.3e-15   2.2e-15       6      52 ..      17      63 ..      13      68 .. 0.95

  Alignments for each domain:
  == domain 1  score: 53.1 bits;  conditional E-value: 1.3e-15
                      gvpa  6 asdssslaevldriLDkGiviDafvRvslvGieiltieaRvvvasvd 52
                              + ds+ la++l+r+LDkG+vi   +R+ l  ie+lti  R+vvasvd
  nat_18f34224f39837d53eec 17 SGDSANLADILERVLDKGVVIAGDIRINLLDIELLTIKLRLVVASVD 63
                              679*******************************************9 PP

>> nat_ad7c1bb463ca288e04ea  
   #    score  bias  c-Evalue  i-Evalue hmmfrom  hmm to    alifrom  ali to    envfrom  env to     acc
 ---   ------ ----- --------- --------- ------- -------    ------- -------    ------- -------    ----
   1 !   52.1   0.1   2.6e-15   4.2e-15       7      52 ..      14      59 ..       2      63 .. 0.95

  Alignments for each domain:
  == domain 1  score: 52.1 bits;  conditional E-value: 2.6e-15
                      gvpa  7 sdssslaevldriLDkGiviDafvRvslvGieiltieaRvvvasvd 52
                              ++s+ la++l+r+LDkGivi   +R+ l  ie+lti  R++vasvd
  nat_ad7c1bb463ca288e04ea 14 NGSANLADILERVLDKGIVIAGDIRINLLDIELLTIKLRLIVASVD 59
                              789******************************************9 PP

>> nat_b85d6d93ba4c4fac8738  
   #    score  bias  c-Evalue  i-Evalue hmmfrom  hmm to    alifrom  ali to    envfrom  env to     acc
 ---   ------ ----- --------- --------- ------- -------    ------- -------    ------- -------    ----
   1 !   52.1   5.3   2.7e-15   4.4e-15       1      53 [.       1      53 [.       1     100 [. 0.93

  Alignments for each domain:
  == domain 1  score: 52.1 bits;  conditional E-value: 2.7e-15
                      gvpa  1 mavekasdssslaevldriLDkGiviDafvRvslvGieiltieaRvvvasvdt 53
                              ma+e++++s+sl +vl+++LDkG+vi   +Rv +  +e+l+i +R++vasvd 
  nat_b85d6d93ba4c4fac8738  1 MAIEQSTQSNSLVDVLETVLDKGVVIAGDIRVGIADVELLSIKIRLIVASVDK 53
                              9**************************************************95 PP

>> nat_caab2da04cf4baba5880  
   #    score  bias  c-Evalue  i-Evalue hmmfrom  hmm to    alifrom  ali to    envfrom  env to     acc
 ---   ------ ----- --------- --------- ------- -------    ------- -------    ------- -------    ----
   1 !   51.3   4.3   4.6e-15   7.6e-15       1      53 [.       1      53 [.       1     108 [. 0.82

  Alignments for each domain:
  == domain 1  score: 51.3 bits;  conditional E-value: 4.6e-15
                      gvpa  1 mavekasdssslaevldriLDkGiviDafvRvslvGieiltieaRvvvasvdt 53
                              m++e+ ++s+s+ +vl+++LDkG+vi   +Rv l  +e+lti +R++vasvd 
  nat_caab2da04cf4baba5880  1 MSIEHPTQSNSIVDVLETVLDKGVVIAGDIRVGLADVELLTIKIRLIVASVDK 53
                              899999*********************************************95 PP

>> nat_e332f9cab97afe879bd0  
   #    score  bias  c-Evalue  i-Evalue hmmfrom  hmm to    alifrom  ali to    envfrom  env to     acc
 ---   ------ ----- --------- --------- ------- -------    ------- -------    ------- -------    ----
   1 !   51.6   0.2   3.7e-15   6.1e-15       9      52 ..      13      56 ..       1      62 [. 0.92

  Alignments for each domain:
  == domain 1  score: 51.6 bits;  conditional E-value: 3.7e-15
                      gvpa  9 ssslaevldriLDkGiviDafvRvslvGieiltieaRvvvasvd 52
                                +la++l+riLDkGiv+   v vslvGie+l+i  R+ va vd
  nat_e332f9cab97afe879bd0 13 PDGLADILERILDKGIVVAGDVSVSLVGIELLSIRLRLLVATVD 56
                              579****************************************9 PP

>> nat_1c9dd723ae21204d632e  
   #    score  bias  c-Evalue  i-Evalue hmmfrom  hmm to    alifrom  ali to    envfrom  env to     acc
 ---   ------ ----- --------- --------- ------- -------    ------- -------    ------- -------    ----
   1 !   51.2   1.2     5e-15   8.2e-15       7      52 ..      13      58 ..       5      62 .. 0.94

  Alignments for each domain:
  == domain 1  score: 51.2 bits;  conditional E-value: 5e-15
                      gvpa  7 sdssslaevldriLDkGiviDafvRvslvGieiltieaRvvvasvd 52
                                s+ la++l+r+LDkG+vi   +Rv l  ie+lti  R+vvasvd
  nat_1c9dd723ae21204d632e 13 GTSANLADILERVLDKGVVIAGDIRVDLLDIELLTIKLRLVVASVD 58
                              57999****************************************9 PP

>> nat_797ed863bc757b701be8  
   #    score  bias  c-Evalue  i-Evalue hmmfrom  hmm to    alifrom  ali to    envfrom  env to     acc
 ---   ------ ----- --------- --------- ------- -------    ------- -------    ------- -------    ----
   1 !   51.3   0.4   4.6e-15   7.5e-15       7      53 ..      19      65 ..       1      69 [. 0.87

  Alignments for each domain:
  == domain 1  score: 51.3 bits;  conditional E-value: 4.6e-15
                      gvpa  7 sdssslaevldriLDkGiviDafvRvslvGieiltieaRvvvasvdt 53
                              ++ + l ++l+r+LD+Givi   +Rvsl  ie+lt+  R+v+asvdt
  nat_797ed863bc757b701be8 19 HEPANLGDILERVLDRGIVIAGDIRVSLLDIELLTLKLRLVIASVDT 65
                              677899****************************************9 PP

>> nat_4481f660bcc30bb1d9c4  
   #    score  bias  c-Evalue  i-Evalue hmmfrom  hmm to    alifrom  ali to    envfrom  env to     acc
 ---   ------ ----- --------- --------- ------- -------    ------- -------    ------- -------    ----
   1 !   51.5   2.3   3.9e-15   6.5e-15       4      52 ..       7      55 ..       1     100 [. 0.90

  Alignments for each domain:
  == domain 1  score: 51.5 bits;  conditional E-value: 3.9e-15
                      gvpa  4 ekasdssslaevldriLDkGiviDafvRvslvGieiltieaRvvvasvd 52
                              +++  s++la+vldr+LDkG+v+   +++ l  ie+lti++R+vv svd
  nat_4481f660bcc30bb1d9c4  7 VQSPRSATLADVLDRVLDKGLVVAGDIKIKLLDIELLTIQVRLVVCSVD 55
                              456789******************************************9 PP

>> nat_702dead02f3ae53b187b  
   #    score  bias  c-Evalue  i-Evalue hmmfrom  hmm to    alifrom  ali to    envfrom  env to     acc
 ---   ------ ----- --------- --------- ------- -------    ------- -------    ------- -------    ----
   1 !   51.3   0.2   4.7e-15   7.8e-15       7      53 ..      15      61 ..       4      65 .. 0.91

  Alignments for each domain:
  == domain 1  score: 51.3 bits;  conditional E-value: 4.7e-15
                      gvpa  7 sdssslaevldriLDkGiviDafvRvslvGieiltieaRvvvasvdt 53
                              ++ + l ++l+r+LD+Givi   +Rvsl  ie+lt+  R+vvasvdt
  nat_702dead02f3ae53b187b 15 HEPANLGDILERVLDRGIVIVGDIRVSLLDIELLTLKLRLVVASVDT 61
                              667899****************************************9 PP

>> nat_21c04a400fa9dc9f9308  
   #    score  bias  c-Evalue  i-Evalue hmmfrom  hmm to    alifrom  ali to    envfrom  env to     acc
 ---   ------ ----- --------- --------- ------- -------    ------- -------    ------- -------    ----
   1 !   51.2   0.1     5e-15   8.2e-15       7      52 ..      15      60 ..       9      99 .. 0.94

  Alignments for each domain:
  == domain 1  score: 51.2 bits;  conditional E-value: 5e-15
                      gvpa  7 sdssslaevldriLDkGiviDafvRvslvGieiltieaRvvvasvd 52
                               +s+ la++l+r+LDkG+vi   +R+ l  ie+lti  R+++asvd
  nat_21c04a400fa9dc9f9308 15 DGSANLADILERVLDKGVVIAGDIRINLLDIELLTIKLRLIIASVD 60
                              5799*****************************************9 PP

>> nat_38b618e8937e5e5e698b  
   #    score  bias  c-Evalue  i-Evalue hmmfrom  hmm to    alifrom  ali to    envfrom  env to     acc
 ---   ------ ----- --------- --------- ------- -------    ------- -------    ------- -------    ----
   1 !   50.8   2.6   6.6e-15   1.1e-14       7      52 ..      14      59 ..       4      90 .. 0.95

  Alignments for each domain:
  == domain 1  score: 50.8 bits;  conditional E-value: 6.6e-15
                      gvpa  7 sdssslaevldriLDkGiviDafvRvslvGieiltieaRvvvasvd 52
                              ++s+ la++l+r+LDkG+vi   +R+ l  ie+lti  R+vvasvd
  nat_38b618e8937e5e5e698b 14 HSSANLADILERVLDKGVVIAGDIRINLLDIELLTIKLRLVVASVD 59
                              57999****************************************9 PP

>> nat_a9c199790fa0593efba4  
   #    score  bias  c-Evalue  i-Evalue hmmfrom  hmm to    alifrom  ali to    envfrom  env to     acc
 ---   ------ ----- --------- --------- ------- -------    ------- -------    ------- -------    ----
   1 !   50.6   0.6   7.6e-15   1.2e-14       8      53 ..      22      67 ..       9      71 .. 0.92

  Alignments for each domain:
  == domain 1  score: 50.6 bits;  conditional E-value: 7.6e-15
                      gvpa  8 dssslaevldriLDkGiviDafvRvslvGieiltieaRvvvasvdt 53
                              + + l ++l+r+LD+Givi   +Rvsl  ie+lt+  R+v+asvdt
  nat_a9c199790fa0593efba4 22 EPANLGDILERVLDRGIVIAGDIRVSLLDIELLTLKLRLVIASVDT 67
                              667899***************************************9 PP

>> nat_a2f8b9e4088f449304d6  
   #    score  bias  c-Evalue  i-Evalue hmmfrom  hmm to    alifrom  ali to    envfrom  env to     acc
 ---   ------ ----- --------- --------- ------- -------    ------- -------    ------- -------    ----
   1 !   50.7   0.5   7.4e-15   1.2e-14       8      53 ..      14      59 ..       2      63 .. 0.93

  Alignments for each domain:
  == domain 1  score: 50.7 bits;  conditional E-value: 7.4e-15
                      gvpa  8 dssslaevldriLDkGiviDafvRvslvGieiltieaRvvvasvdt 53
                              + + l ++l+r+LD+Givi   +Rvsl  ie+lt+  R+v+asvdt
  nat_a2f8b9e4088f449304d6 14 EPANLGDILERVLDRGIVIAGDIRVSLLDIELLTLKLRLVIASVDT 59
                              567899***************************************9 PP

>> nat_023f578aefbf7c2af4b8  
   #    score  bias  c-Evalue  i-Evalue hmmfrom  hmm to    alifrom  ali to    envfrom  env to     acc
 ---   ------ ----- --------- --------- ------- -------    ------- -------    ------- -------    ----
   1 !   50.7   0.6   7.4e-15   1.2e-14       8      53 ..      22      67 ..       9      71 .. 0.92

  Alignments for each domain:
  == domain 1  score: 50.7 bits;  conditional E-value: 7.4e-15
                      gvpa  8 dssslaevldriLDkGiviDafvRvslvGieiltieaRvvvasvdt 53
                              + + l ++l+r+LD+Givi   +Rvsl  ie+lt+  R+v+asvdt
  nat_023f578aefbf7c2af4b8 22 EPANLGDILERVLDRGIVIAGDIRVSLLDIELLTLKLRLVIASVDT 67
                              667899***************************************9 PP

>> nat_7cb4140e283c8e67ca6a  
   #    score  bias  c-Evalue  i-Evalue hmmfrom  hmm to    alifrom  ali to    envfrom  env to     acc
 ---   ------ ----- --------- --------- ------- -------    ------- -------    ------- -------    ----
   1 !   50.2   0.3     1e-14   1.7e-14       7      52 ..      17      62 ..       8      67 .. 0.93

  Alignments for each domain:
  == domain 1  score: 50.2 bits;  conditional E-value: 1e-14
                      gvpa  7 sdssslaevldriLDkGiviDafvRvslvGieiltieaRvvvasvd 52
                               +s+ la++l+r+LDkG+vi   +++ l  ie+lti  R+vvasvd
  nat_7cb4140e283c8e67ca6a 17 GSSANLADILERVLDKGVVIAGDIKINLLDIELLTIKLRLVVASVD 62
                              57889****************************************9 PP

>> nat_08693a219f8e2c8ad83d  
   #    score  bias  c-Evalue  i-Evalue hmmfrom  hmm to    alifrom  ali to    envfrom  env to     acc
 ---   ------ ----- --------- --------- ------- -------    ------- -------    ------- -------    ----
   1 !   50.0   0.1   1.2e-14     2e-14       8      52 ..      15      59 ..       4      65 .. 0.95

  Alignments for each domain:
  == domain 1  score: 50.0 bits;  conditional E-value: 1.2e-14
                      gvpa  8 dssslaevldriLDkGiviDafvRvslvGieiltieaRvvvasvd 52
                              +s+ la++l+r+LDkG+vi   +++ l  ie+lti  R+vvasvd
  nat_08693a219f8e2c8ad83d 15 QSANLADILERVLDKGVVIAGDIKINLLDIELLTIKLRLVVASVD 59
                              799*****************************************9 PP

>> nat_fe819a15ad22899dad10  
   #    score  bias  c-Evalue  i-Evalue hmmfrom  hmm to    alifrom  ali to    envfrom  env to     acc
 ---   ------ ----- --------- --------- ------- -------    ------- -------    ------- -------    ----
   1 !   50.3   0.0   9.3e-15   1.5e-14       5      53 ..      16      64 ..       5     108 .. 0.91

  Alignments for each domain:
  == domain 1  score: 50.3 bits;  conditional E-value: 9.3e-15
                      gvpa  5 kasdssslaevldriLDkGiviDafvRvslvGieiltieaRvvvasvdt 53
                               +++s+ l ++l+r+LDkG++i   +Rv l  ie+lti  R+v+as++t
  nat_fe819a15ad22899dad10 16 GSNQSANLGDILERVLDKGLIIAGDIRVNLLDIELLTIKLRLVIASLET 64
                              3589********************************************9 PP

>> nat_d56b0aa5e7ed5400a27e  
   #    score  bias  c-Evalue  i-Evalue hmmfrom  hmm to    alifrom  ali to    envfrom  env to     acc
 ---   ------ ----- --------- --------- ------- -------    ------- -------    ------- -------    ----
   1 !   49.9   1.6   1.2e-14   2.1e-14       7      52 ..      14      59 ..       3      64 .. 0.94

  Alignments for each domain:
  == domain 1  score: 49.9 bits;  conditional E-value: 1.2e-14
                      gvpa  7 sdssslaevldriLDkGiviDafvRvslvGieiltieaRvvvasvd 52
                               +s+ la++l+r+LDkGivi   +R+ l  ie+lti  R++vasvd
  nat_d56b0aa5e7ed5400a27e 14 GSSANLADILERVLDKGIVIAGDIRINLLDIELLTIKLRLIVASVD 59
                              57899****************************************9 PP

>> nat_1dbd7a4a41de9f640af1  
   #    score  bias  c-Evalue  i-Evalue hmmfrom  hmm to    alifrom  ali to    envfrom  env to     acc
 ---   ------ ----- --------- --------- ------- -------    ------- -------    ------- -------    ----
   1 !   49.7   1.3   1.4e-14   2.4e-14       7      53 ..      16      62 ..      10      66 .. 0.92

  Alignments for each domain:
  == domain 1  score: 49.7 bits;  conditional E-value: 1.4e-14
                      gvpa  7 sdssslaevldriLDkGiviDafvRvslvGieiltieaRvvvasvdt 53
                              ++ + l ++l+r+LD+Givi   +Rvsl  ie+lt+  R+vvasvdt
  nat_1dbd7a4a41de9f640af1 16 HEPANLGDILERVLDRGIVIVGDIRVSLLDIELLTLKLRLVVASVDT 62
                              667899****************************************9 PP

>> nat_18031ddd50aae696a324  
   #    score  bias  c-Evalue  i-Evalue hmmfrom  hmm to    alifrom  ali to    envfrom  env to     acc
 ---   ------ ----- --------- --------- ------- -------    ------- -------    ------- -------    ----
   1 !   50.1   0.0   1.1e-14   1.8e-14       8      52 ..      15      59 ..       3     101 .. 0.91

  Alignments for each domain:
  == domain 1  score: 50.1 bits;  conditional E-value: 1.1e-14
                      gvpa  8 dssslaevldriLDkGiviDafvRvslvGieiltieaRvvvasvd 52
                              + + la++l+r+LDkGivi   +R+ l  ie+lti  R++vasvd
  nat_18031ddd50aae696a324 15 SGANLADILERVLDKGIVIAGDIRINLLDIELLTIKLRLIVASVD 59
                              4578****************************************9 PP

>> nat_4d0d1af8c6b377ed553a  
   #    score  bias  c-Evalue  i-Evalue hmmfrom  hmm to    alifrom  ali to    envfrom  env to     acc
 ---   ------ ----- --------- --------- ------- -------    ------- -------    ------- -------    ----
   1 !   49.7   0.9   1.5e-14   2.4e-14       4      52 ..      15      63 ..      12      67 .. 0.92

  Alignments for each domain:
  == domain 1  score: 49.7 bits;  conditional E-value: 1.5e-14
                      gvpa  4 ekasdssslaevldriLDkGiviDafvRvslvGieiltieaRvvvasvd 52
                                a + + +a+vl+r+LDkGivi   +Rv l  ie+lti +R+ +asvd
  nat_4d0d1af8c6b377ed553a 15 AAAPQPANIADVLERVLDKGIVIAGDIRVNLLDIELLTIKIRLLIASVD 63
                              55667789****************************************9 PP

>> nat_b297046d38f89c457aeb  
   #    score  bias  c-Evalue  i-Evalue hmmfrom  hmm to    alifrom  ali to    envfrom  env to     acc
 ---   ------ ----- --------- --------- ------- -------    ------- -------    ------- -------    ----
   1 !   49.6   5.2   1.6e-14   2.7e-14       4      52 ..       8      56 ..       4     104 .. 0.94

  Alignments for each domain:
  == domain 1  score: 49.6 bits;  conditional E-value: 1.6e-14
                      gvpa  4 ekasdssslaevldriLDkGiviDafvRvslvGieiltieaRvvvasvd 52
                              + +++sssl +vl+++LDkG+vi   +Rv +  ie+l+i +R++vasvd
  nat_b297046d38f89c457aeb  8 QTTNQSSSLVDVLETVLDKGVVIAGDIRVGIADIELLSIKIRLIVASVD 56
                              56799*******************************************9 PP

>> nat_251a53475171eb7e3f69  
   #    score  bias  c-Evalue  i-Evalue hmmfrom  hmm to    alifrom  ali to    envfrom  env to     acc
 ---   ------ ----- --------- --------- ------- -------    ------- -------    ------- -------    ----
   1 !   49.3   1.3   1.9e-14   3.2e-14       8      53 ..      18      63 ..      10      67 .. 0.92

  Alignments for each domain:
  == domain 1  score: 49.3 bits;  conditional E-value: 1.9e-14
                      gvpa  8 dssslaevldriLDkGiviDafvRvslvGieiltieaRvvvasvdt 53
                              + + l ++l+r+LD+Givi   +Rvsl  ie+lt+  R+vvasvdt
  nat_251a53475171eb7e3f69 18 EPANLGDILERVLDRGIVIVGDIRVSLLDIELLTLKLRLVVASVDT 63
                              567899***************************************9 PP

>> nat_c5837586dc76623d7498  
   #    score  bias  c-Evalue  i-Evalue hmmfrom  hmm to    alifrom  ali to    envfrom  env to     acc
 ---   ------ ----- --------- --------- ------- -------    ------- -------    ------- -------    ----
   1 !   49.3   0.2     2e-14   3.3e-14       7      52 ..      12      57 ..       1      62 [. 0.91

  Alignments for each domain:
  == domain 1  score: 49.3 bits;  conditional E-value: 2e-14
                      gvpa  7 sdssslaevldriLDkGiviDafvRvslvGieiltieaRvvvasvd 52
                               + + la++l+r+LDkG+vi   +R+ l  ie+lti  R++vasvd
  nat_c5837586dc76623d7498 12 GGGANLADILERVLDKGVVIAGDIRINLLDIELLTIKLRLIVASVD 57
                              56688****************************************9 PP

>> nat_a58d5e6d6e3756336d95  
   #    score  bias  c-Evalue  i-Evalue hmmfrom  hmm to    alifrom  ali to    envfrom  env to     acc
 ---   ------ ----- --------- --------- ------- -------    ------- -------    ------- -------    ----
   1 !   49.5   2.6   1.7e-14   2.8e-14       2      52 ..       2      52 ..       1      58 [. 0.92

  Alignments for each domain:
  == domain 1  score: 49.5 bits;  conditional E-value: 1.7e-14
                      gvpa  2 avekasdssslaevldriLDkGiviDafvRvslvGieiltieaRvvvasvd 52
                              +  + s+ + la++l+r+LDkG+vi   +Rv l  ie+lt+  R+vvasvd
  nat_a58d5e6d6e3756336d95  2 VTGPGSGGADLADILERVLDKGVVIAGDIRVNLLDIELLTVKLRLVVASVD 52
                              5566778899****************************************9 PP

>> nat_236ad06337f0c9876680  
   #    score  bias  c-Evalue  i-Evalue hmmfrom  hmm to    alifrom  ali to    envfrom  env to     acc
 ---   ------ ----- --------- --------- ------- -------    ------- -------    ------- -------    ----
   1 !   49.2   0.2   2.1e-14   3.4e-14      10      52 ..      25      67 ..      17      71 .. 0.94

  Alignments for each domain:
  == domain 1  score: 49.2 bits;  conditional E-value: 2.1e-14
                      gvpa 10 sslaevldriLDkGiviDafvRvslvGieiltieaRvvvasvd 52
                              + la++l+r+LDkGivi   +Rv l  ie+lti +R+ vasvd
  nat_236ad06337f0c9876680 25 ANLADILERVLDKGIVIAGDIRVNLLDIELLTIKIRLLVASVD 67
                              68****************************************9 PP

>> nat_69e482373852c8d89d8f  
   #    score  bias  c-Evalue  i-Evalue hmmfrom  hmm to    alifrom  ali to    envfrom  env to     acc
 ---   ------ ----- --------- --------- ------- -------    ------- -------    ------- -------    ----
   1 !   49.2   2.3   2.1e-14   3.4e-14       9      53 ..      16      60 ..       9     103 .. 0.83

  Alignments for each domain:
  == domain 1  score: 49.2 bits;  conditional E-value: 2.1e-14
                      gvpa  9 ssslaevldriLDkGiviDafvRvslvGieiltieaRvvvasvdt 53
                               + la++l+r+LDkG+vi   +R+ l  ie+lti  R+vvasvd 
  nat_69e482373852c8d89d8f 16 GANLADILERVLDKGVVIAGDIRINLLDIELLTIKLRLVVASVDK 60
                              578****************************************95 PP

>> nat_758a833afecd8f1c3406  
   #    score  bias  c-Evalue  i-Evalue hmmfrom  hmm to    alifrom  ali to    envfrom  env to     acc
 ---   ------ ----- --------- --------- ------- -------    ------- -------    ------- -------    ----
   1 !   49.0   2.0   2.4e-14   3.9e-14       7      52 ..      15      60 ..       5      64 .. 0.95

  Alignments for each domain:
  == domain 1  score: 49.0 bits;  conditional E-value: 2.4e-14
                      gvpa  7 sdssslaevldriLDkGiviDafvRvslvGieiltieaRvvvasvd 52
                               +s+ la++l+r+LDkGivi   +R+ l  ie+lti  R++vasvd
  nat_758a833afecd8f1c3406 15 GGSANLADILERVLDKGIVIAGDIRINLLDIELLTIKLRLIVASVD 60
                              5799*****************************************9 PP

>> nat_df5704c469ac5f164e3a  
   #    score  bias  c-Evalue  i-Evalue hmmfrom  hmm to    alifrom  ali to    envfrom  env to     acc
 ---   ------ ----- --------- --------- ------- -------    ------- -------    ------- -------    ----
   1 !   48.9   0.0   2.6e-14   4.2e-14       9      52 ..      18      61 ..      12      99 .. 0.93

  Alignments for each domain:
  == domain 1  score: 48.9 bits;  conditional E-value: 2.6e-14
                      gvpa  9 ssslaevldriLDkGiviDafvRvslvGieiltieaRvvvasvd 52
                               + la++l+r+LDkGivi   +R+ l  ie+lt+  R++vasvd
  nat_df5704c469ac5f164e3a 18 GANLADILERVLDKGIVIAGDIRINLLDIELLTVKLRLIVASVD 61
                              578****************************************9 PP

>> nat_98c17a9a67d3ec5e7355  
   #    score  bias  c-Evalue  i-Evalue hmmfrom  hmm to    alifrom  ali to    envfrom  env to     acc
 ---   ------ ----- --------- --------- ------- -------    ------- -------    ------- -------    ----
   1 !   48.8   2.7   2.7e-14   4.5e-14       7      52 ..      17      62 ..       9     101 .. 0.94

  Alignments for each domain:
  == domain 1  score: 48.8 bits;  conditional E-value: 2.7e-14
                      gvpa  7 sdssslaevldriLDkGiviDafvRvslvGieiltieaRvvvasvd 52
                               +s+ la++l+r+LDkGivi   +++ l  ie+lti  R+vvasvd
  nat_98c17a9a67d3ec5e7355 17 GSSANLADILERVLDKGIVIAGDIKINLLDIELLTIKLRLVVASVD 62
                              57899****************************************9 PP

>> nat_370baf47c4f0c06f12a6  
   #    score  bias  c-Evalue  i-Evalue hmmfrom  hmm to    alifrom  ali to    envfrom  env to     acc
 ---   ------ ----- --------- --------- ------- -------    ------- -------    ------- -------    ----
   1 !   48.1   3.8   4.5e-14   7.3e-14       6      52 ..      14      60 ..      10     111 .. 0.91

  Alignments for each domain:
  == domain 1  score: 48.1 bits;  conditional E-value: 4.5e-14
                      gvpa  6 asdssslaevldriLDkGiviDafvRvslvGieiltieaRvvvasvd 52
                              a +s+ la++l+r+LDkGivi   +R+ l  ie+lti  R++vas+d
  nat_370baf47c4f0c06f12a6 14 ADGSANLADILERVLDKGIVIAGDIRINLLDIELLTIKLRLIVASID 60
                              5789******************************************9 PP

>> nat_ae205daa22aa5ad59be8  
   #    score  bias  c-Evalue  i-Evalue hmmfrom  hmm to    alifrom  ali to    envfrom  env to     acc
 ---   ------ ----- --------- --------- ------- -------    ------- -------    ------- -------    ----
   1 !   48.3   2.2   3.9e-14   6.4e-14       8      53 ..      14      59 ..       7     119 .. 0.75

  Alignments for each domain:
  == domain 1  score: 48.3 bits;  conditional E-value: 3.9e-14
                      gvpa  8 dssslaevldriLDkGiviDafvRvslvGieiltieaRvvvasvdt 53
                              + + la++l+r+LDkGivi   +R+ l  ie+lti  R++vasvd 
  nat_ae205daa22aa5ad59be8 14 GGANLADILERVLDKGIVIAGDIRINLLDIELLTIKLRLIVASVDK 59
                              5689****************************************96 PP

>> nat_a9b81aca9b85a9dd31fc  
   #    score  bias  c-Evalue  i-Evalue hmmfrom  hmm to    alifrom  ali to    envfrom  env to     acc
 ---   ------ ----- --------- --------- ------- -------    ------- -------    ------- -------    ----
   1 !   48.1   0.4   4.5e-14   7.5e-14       8      52 ..      20      64 ..      14      68 .. 0.94

  Alignments for each domain:
  == domain 1  score: 48.1 bits;  conditional E-value: 4.5e-14
                      gvpa  8 dssslaevldriLDkGiviDafvRvslvGieiltieaRvvvasvd 52
                              + + la++l+r+LDkG+vi   +R+ l  ie+lti  R+vvasv+
  nat_a9b81aca9b85a9dd31fc 20 EPANLADILERVLDKGVVIAGDIRIELLDIELLTIRLRLVVASVE 64
                              5678****************************************8 PP

>> nat_31e3d15096bef9cf7798  
   #    score  bias  c-Evalue  i-Evalue hmmfrom  hmm to    alifrom  ali to    envfrom  env to     acc
 ---   ------ ----- --------- --------- ------- -------    ------- -------    ------- -------    ----
   1 !   48.1   0.2   4.6e-14   7.5e-14      10      52 ..      25      67 ..      17      71 .. 0.94

  Alignments for each domain:
  == domain 1  score: 48.1 bits;  conditional E-value: 4.6e-14
                      gvpa 10 sslaevldriLDkGiviDafvRvslvGieiltieaRvvvasvd 52
                              + la++l+r+LDkGivi   +Rv l  ie+lti +R+ vasvd
  nat_31e3d15096bef9cf7798 25 ANLADILERVLDKGIVIAGDIRVNLLDIELLTIRIRLLVASVD 67
                              78****************************************9 PP

>> nat_50c1cc9965716061b22d  
   #    score  bias  c-Evalue  i-Evalue hmmfrom  hmm to    alifrom  ali to    envfrom  env to     acc
 ---   ------ ----- --------- --------- ------- -------    ------- -------    ------- -------    ----
   1 !   47.6   0.6   6.4e-14     1e-13       8      53 ..      17      62 ..       9      69 .. 0.94

  Alignments for each domain:
  == domain 1  score: 47.6 bits;  conditional E-value: 6.4e-14
                      gvpa  8 dssslaevldriLDkGiviDafvRvslvGieiltieaRvvvasvdt 53
                              +++ la++l+r+LDkGivi   ++v l  ie+lti +R+ vasvdt
  nat_50c1cc9965716061b22d 17 QTTNLADILERVLDKGIVIAGDIKVDLLDIELLTIRIRLFVASVDT 62
                              5789*****************************************9 PP

>> nat_05708ca69ef57e384a38  
   #    score  bias  c-Evalue  i-Evalue hmmfrom  hmm to    alifrom  ali to    envfrom  env to     acc
 ---   ------ ----- --------- --------- ------- -------    ------- -------    ------- -------    ----
   1 !   47.9   2.9   5.2e-14   8.6e-14       8      52 ..      15      59 ..       7      63 .. 0.93

  Alignments for each domain:
  == domain 1  score: 47.9 bits;  conditional E-value: 5.2e-14
                      gvpa  8 dssslaevldriLDkGiviDafvRvslvGieiltieaRvvvasvd 52
                              + + la++l+r+LDkG+vi   +R+ l  ie+lti  R+vvasvd
  nat_05708ca69ef57e384a38 15 SGANLADILERVLDKGVVIAGDIRINLLDIELLTIKLRLVVASVD 59
                              4578****************************************9 PP

>> nat_996f1ae7a3cef8f9a8ed  
   #    score  bias  c-Evalue  i-Evalue hmmfrom  hmm to    alifrom  ali to    envfrom  env to     acc
 ---   ------ ----- --------- --------- ------- -------    ------- -------    ------- -------    ----
   1 !   47.8   2.1   5.8e-14   9.6e-14       8      52 ..      15      59 ..       8      62 .. 0.95

  Alignments for each domain:
  == domain 1  score: 47.8 bits;  conditional E-value: 5.8e-14
                      gvpa  8 dssslaevldriLDkGiviDafvRvslvGieiltieaRvvvasvd 52
                              + s la++l+r+LDkGivi   +R+ l  ie+lti  R++vasvd
  nat_996f1ae7a3cef8f9a8ed 15 GGSNLADILERVLDKGIVIAGDIRINLLDIELLTIKLRLIVASVD 59
                              5689****************************************9 PP

>> nat_a0ad89f4e1861fd114d4  
   #    score  bias  c-Evalue  i-Evalue hmmfrom  hmm to    alifrom  ali to    envfrom  env to     acc
 ---   ------ ----- --------- --------- ------- -------    ------- -------    ------- -------    ----
   1 !   48.0   2.6   5.1e-14   8.4e-14       8      52 ..      15      59 ..       5      64 .. 0.94

  Alignments for each domain:
  == domain 1  score: 48.0 bits;  conditional E-value: 5.1e-14
                      gvpa  8 dssslaevldriLDkGiviDafvRvslvGieiltieaRvvvasvd 52
                              + + la++l+r+LDkG+vi   +R+ l  ie+lti  R+vvasvd
  nat_a0ad89f4e1861fd114d4 15 SGANLADILERVLDKGVVIAGDIRINLLDIELLTIKLRLVVASVD 59
                              4578****************************************9 PP

>> nat_2a43ec8cc7979782d2b6  
   #    score  bias  c-Evalue  i-Evalue hmmfrom  hmm to    alifrom  ali to    envfrom  env to     acc
 ---   ------ ----- --------- --------- ------- -------    ------- -------    ------- -------    ----
   1 !   47.7   4.7     6e-14   9.9e-14       1      53 [.       1      53 [.       1     109 [. 0.86

  Alignments for each domain:
  == domain 1  score: 47.7 bits;  conditional E-value: 6e-14
                      gvpa  1 mavekasdssslaevldriLDkGiviDafvRvslvGieiltieaRvvvasvdt 53
                              m+ve+  +s s+ +vl+++LDkG+vi   +Rv l  +e+l+i +R+++asvd 
  nat_2a43ec8cc7979782d2b6  1 MSVEHPVQSHSIVDVLEKVLDKGVVIAGDIRVGLADVELLSIKIRLIIASVDK 53
                              899999*********************************************95 PP

>> nat_56827e9ef4ab0b50062c  
   #    score  bias  c-Evalue  i-Evalue hmmfrom  hmm to    alifrom  ali to    envfrom  env to     acc
 ---   ------ ----- --------- --------- ------- -------    ------- -------    ------- -------    ----
   1 !   47.9   0.1   5.2e-14   8.6e-14       8      56 ..      16      64 ..      11      71 .. 0.91

  Alignments for each domain:
  == domain 1  score: 47.9 bits;  conditional E-value: 5.2e-14
                      gvpa  8 dssslaevldriLDkGiviDafvRvslvGieiltieaRvvvasvdtyLr 56
                                 sl +vld++LD G+v+D  + +sl G++++ i  R+ vasvdt  r
  nat_56827e9ef4ab0b50062c 16 PQQSLVDVLDKLLDTGVVLDGQIVISLAGVDLIHIGLRALVASVDTAQR 64
                              5689******************************************655 PP

>> nat_6f809a8968b616f73a26  
   #    score  bias  c-Evalue  i-Evalue hmmfrom  hmm to    alifrom  ali to    envfrom  env to     acc
 ---   ------ ----- --------- --------- ------- -------    ------- -------    ------- -------    ----
   1 !   47.8   2.2   5.6e-14   9.2e-14       8      53 ..      15      60 ..       7     116 .. 0.86

  Alignments for each domain:
  == domain 1  score: 47.8 bits;  conditional E-value: 5.6e-14
                      gvpa  8 dssslaevldriLDkGiviDafvRvslvGieiltieaRvvvasvdt 53
                              + + la++l+r+LDkGivi   +R+ l  ie+lti  R++vasvd 
  nat_6f809a8968b616f73a26 15 GGANLADILERVLDKGIVIAGDIRINLLDIELLTIKLRLIVASVDK 60
                              5678****************************************95 PP

>> nat_f62d186d9e38a7bef1c8  
   #    score  bias  c-Evalue  i-Evalue hmmfrom  hmm to    alifrom  ali to    envfrom  env to     acc
 ---   ------ ----- --------- --------- ------- -------    ------- -------    ------- -------    ----
   1 !   47.8   0.2   5.7e-14   9.4e-14       7      53 ..      11      57 ..       1      61 [. 0.92

  Alignments for each domain:
  == domain 1  score: 47.8 bits;  conditional E-value: 5.7e-14
                      gvpa  7 sdssslaevldriLDkGiviDafvRvslvGieiltieaRvvvasvdt 53
                              ++ + l ++l+r+LD+G+vi   +Rv l  ie+lti  R+ +asvdt
  nat_f62d186d9e38a7bef1c8 11 REPANLGDILERVLDRGVVIAGDIRVNLLDIELLTIKLRLLIASVDT 57
                              567889****************************************9 PP

>> nat_dfe8452e4eed8d606afe  
   #    score  bias  c-Evalue  i-Evalue hmmfrom  hmm to    alifrom  ali to    envfrom  env to     acc
 ---   ------ ----- --------- --------- ------- -------    ------- -------    ------- -------    ----
   1 !   47.9   0.8   5.4e-14   8.8e-14       8      52 ..      12      56 ..       1      61 [. 0.91

  Alignments for each domain:
  == domain 1  score: 47.9 bits;  conditional E-value: 5.4e-14
                      gvpa  8 dssslaevldriLDkGiviDafvRvslvGieiltieaRvvvasvd 52
                                ++la+vldr+LDkG+v+   +++ l  +e+lti++R+vv svd
  nat_dfe8452e4eed8d606afe 12 RNATLADVLDRVLDKGLVVAGDIKIKLLDVELLTIQVRLVVCSVD 56
                              5689****************************************9 PP

>> nat_945a2e3fc0ecd9bbe1cd  
   #    score  bias  c-Evalue  i-Evalue hmmfrom  hmm to    alifrom  ali to    envfrom  env to     acc
 ---   ------ ----- --------- --------- ------- -------    ------- -------    ------- -------    ----
   1 !   47.5   0.0     7e-14   1.2e-13       8      53 ..      21      66 ..      10      70 .. 0.93

  Alignments for each domain:
  == domain 1  score: 47.5 bits;  conditional E-value: 7e-14
                      gvpa  8 dssslaevldriLDkGiviDafvRvslvGieiltieaRvvvasvdt 53
                              + + l ++l+r+LD+Givi   +Rv l  ie+lti  R+ +asvdt
  nat_945a2e3fc0ecd9bbe1cd 21 EPANLGDILERVLDRGIVIAGDIRVNLLDIELLTIKLRLLIASVDT 66
                              667899***************************************9 PP

>> nat_a6b016934d3ca7e70b85  
   #    score  bias  c-Evalue  i-Evalue hmmfrom  hmm to    alifrom  ali to    envfrom  env to     acc
 ---   ------ ----- --------- --------- ------- -------    ------- -------    ------- -------    ----
   1 !   47.4   0.8   7.6e-14   1.3e-13       7      53 ..       9      55 ..       1     112 [] 0.76

  Alignments for each domain:
  == domain 1  score: 47.4 bits;  conditional E-value: 7.6e-14
                      gvpa  7 sdssslaevldriLDkGiviDafvRvslvGieiltieaRvvvasvdt 53
                              ++s+ l ++l+r+LD+G+vi   + v l  ie+lti  R+ +asvdt
  nat_a6b016934d3ca7e70b85  9 RESANLGDILERVLDRGVVIAGDIQVNLLDIELLTIKLRLLIASVDT 55
                              789*******************************************9 PP

>> nat_515955f01bebed0b5963  
   #    score  bias  c-Evalue  i-Evalue hmmfrom  hmm to    alifrom  ali to    envfrom  env to     acc
 ---   ------ ----- --------- --------- ------- -------    ------- -------    ------- -------    ----
   1 !   47.3   0.1   8.4e-14   1.4e-13       7      53 ..      20      66 ..      12      70 .. 0.94

  Alignments for each domain:
  == domain 1  score: 47.3 bits;  conditional E-value: 8.4e-14
                      gvpa  7 sdssslaevldriLDkGiviDafvRvslvGieiltieaRvvvasvdt 53
                              ++ + l ++l+r+LD+G+vi   +Rv l  ie+lti  R+ +asvdt
  nat_515955f01bebed0b5963 20 REPANLGDILERVLDRGVVIAGDIRVNLLDIELLTIKLRLLIASVDT 66
                              5668899***************************************9 PP

>> nat_ea896810d6de49002a03  
   #    score  bias  c-Evalue  i-Evalue hmmfrom  hmm to    alifrom  ali to    envfrom  env to     acc
 ---   ------ ----- --------- --------- ------- -------    ------- -------    ------- -------    ----
   1 !   47.2   0.4   8.5e-14   1.4e-13       7      53 ..      10      56 ..       5      60 .. 0.94

  Alignments for each domain:
  == domain 1  score: 47.2 bits;  conditional E-value: 8.5e-14
                      gvpa  7 sdssslaevldriLDkGiviDafvRvslvGieiltieaRvvvasvdt 53
                              ++ + l ++l+r+LD+G+vi   +Rv l  ie+lti  R+ +asvdt
  nat_ea896810d6de49002a03 10 REPANLGDILERVLDRGVVIAGDIRVNLLDIELLTIKLRLLIASVDT 56
                              5668899***************************************9 PP

>> nat_c632ec39b31da8e567b8  
   #    score  bias  c-Evalue  i-Evalue hmmfrom  hmm to    alifrom  ali to    envfrom  env to     acc
 ---   ------ ----- --------- --------- ------- -------    ------- -------    ------- -------    ----
   1 !   47.2   0.1   9.1e-14   1.5e-13       8      53 ..      24      69 ..      17      73 .. 0.93

  Alignments for each domain:
  == domain 1  score: 47.2 bits;  conditional E-value: 9.1e-14
                      gvpa  8 dssslaevldriLDkGiviDafvRvslvGieiltieaRvvvasvdt 53
                              + + l ++l+r+LD+Givi   +Rv l  ie+lti  R+ +asvdt
  nat_c632ec39b31da8e567b8 24 EPANLGDILERVLDRGIVIAGDIRVNLLDIELLTIKLRLLIASVDT 69
                              567899***************************************9 PP

>> nat_8cfb15257dddaf933d66  
   #    score  bias  c-Evalue  i-Evalue hmmfrom  hmm to    alifrom  ali to    envfrom  env to     acc
 ---   ------ ----- --------- --------- ------- -------    ------- -------    ------- -------    ----
   1 !   47.0   2.2     1e-13   1.7e-13       8      52 ..      16      60 ..      10      66 .. 0.93

  Alignments for each domain:
  == domain 1  score: 47.0 bits;  conditional E-value: 1e-13
                      gvpa  8 dssslaevldriLDkGiviDafvRvslvGieiltieaRvvvasvd 52
                              + + la++l+r+LDkGivi   +R+ l  ie+lti  R++vasvd
  nat_8cfb15257dddaf933d66 16 SGANLADILERVLDKGIVIAGDIRINLLDIELLTIKLRLIVASVD 60
                              4578****************************************9 PP

>> nat_62446b1275b012a250ea  
   #    score  bias  c-Evalue  i-Evalue hmmfrom  hmm to    alifrom  ali to    envfrom  env to     acc
 ---   ------ ----- --------- --------- ------- -------    ------- -------    ------- -------    ----
   1 !   47.1   2.4   9.4e-14   1.5e-13       9      52 ..      16      59 ..       9     110 .. 0.91

  Alignments for each domain:
  == domain 1  score: 47.1 bits;  conditional E-value: 9.4e-14
                      gvpa  9 ssslaevldriLDkGiviDafvRvslvGieiltieaRvvvasvd 52
                               + la++l+r+LDkGivi   +R+ l  ie+lti  R++vasvd
  nat_62446b1275b012a250ea 16 GANLADILERVLDKGIVIAGDIRINLLDIELLTIKLRLIVASVD 59
                              578****************************************9 PP

>> nat_ff060c3a559a6f4f65d0  
   #    score  bias  c-Evalue  i-Evalue hmmfrom  hmm to    alifrom  ali to    envfrom  env to     acc
 ---   ------ ----- --------- --------- ------- -------    ------- -------    ------- -------    ----
   1 !   46.4   0.6   1.6e-13   2.5e-13       7      52 ..       9      54 ..       1      59 [. 0.92

  Alignments for each domain:
  == domain 1  score: 46.4 bits;  conditional E-value: 1.6e-13
                      gvpa  7 sdssslaevldriLDkGiviDafvRvslvGieiltieaRvvvasvd 52
                               + + la++l+r+LD+G+vi   +Rv l  ie+lti  R++vasv+
  nat_ff060c3a559a6f4f65d0  9 GGGANLADILERVLDRGVVIVGDIRVNLLDIELLTIKLRLIVASVE 54
                              56789****************************************8 PP

>> nat_e421fcf48d6e300eacc2  
   #    score  bias  c-Evalue  i-Evalue hmmfrom  hmm to    alifrom  ali to    envfrom  env to     acc
 ---   ------ ----- --------- --------- ------- -------    ------- -------    ------- -------    ----
   1 !   46.9   2.3   1.1e-13   1.8e-13       8      52 ..      19      63 ..      12      69 .. 0.92

  Alignments for each domain:
  == domain 1  score: 46.9 bits;  conditional E-value: 1.1e-13
                      gvpa  8 dssslaevldriLDkGiviDafvRvslvGieiltieaRvvvasvd 52
                              + + la++l+r+LDkGivi   +R+ l  ie+lt+  R++vasvd
  nat_e421fcf48d6e300eacc2 19 SGANLADILERVLDKGIVIAGDIRINLLDIELLTVKLRLIVASVD 63
                              4568****************************************9 PP

>> nat_59adc5339e1e4cde4f85  
   #    score  bias  c-Evalue  i-Evalue hmmfrom  hmm to    alifrom  ali to    envfrom  env to     acc
 ---   ------ ----- --------- --------- ------- -------    ------- -------    ------- -------    ----
   1 !   46.8   1.2   1.2e-13     2e-13       9      53 ..      12      56 ..       1      63 [. 0.92

  Alignments for each domain:
  == domain 1  score: 46.8 bits;  conditional E-value: 1.2e-13
                      gvpa  9 ssslaevldriLDkGiviDafvRvslvGieiltieaRvvvasvdt 53
                               ++la+vldr+LDkG+v+   +++ l  +e+lti++R+vv svd 
  nat_59adc5339e1e4cde4f85 12 NATLADVLDRVLDKGLVVAGDIKIKLLDVELLTIQVRLVVCSVDK 56
                              679****************************************95 PP

>> nat_04c084aa7034f2b0643c  
   #    score  bias  c-Evalue  i-Evalue hmmfrom  hmm to    alifrom  ali to    envfrom  env to     acc
 ---   ------ ----- --------- --------- ------- -------    ------- -------    ------- -------    ----
   1 !   46.9   2.8   1.1e-13   1.8e-13       8      52 ..      15      59 ..       7      96 .. 0.93

  Alignments for each domain:
  == domain 1  score: 46.9 bits;  conditional E-value: 1.1e-13
                      gvpa  8 dssslaevldriLDkGiviDafvRvslvGieiltieaRvvvasvd 52
                              + + la++l+r+LDkG+vi   +R+ l  ie+lti  R++vasvd
  nat_04c084aa7034f2b0643c 15 SGANLADILERVLDKGVVIAGDIRINLLDIELLTIKLRLIVASVD 59
                              4578****************************************9 PP

>> nat_0527af41f2808b342e5a  
   #    score  bias  c-Evalue  i-Evalue hmmfrom  hmm to    alifrom  ali to    envfrom  env to     acc
 ---   ------ ----- --------- --------- ------- -------    ------- -------    ------- -------    ----
   1 !   46.3   2.9   1.6e-13   2.7e-13       9      52 ..      16      59 ..       9      90 .. 0.95

  Alignments for each domain:
  == domain 1  score: 46.3 bits;  conditional E-value: 1.6e-13
                      gvpa  9 ssslaevldriLDkGiviDafvRvslvGieiltieaRvvvasvd 52
                               + la++l+r+LDkGivi   +R+ l  ie+lti  R++vasvd
  nat_0527af41f2808b342e5a 16 GANLADILERVLDKGIVIAGDIRINLLDIELLTIKLRLIVASVD 59
                              578****************************************9 PP

>> nat_5147dbb10fa927c0ad55  
   #    score  bias  c-Evalue  i-Evalue hmmfrom  hmm to    alifrom  ali to    envfrom  env to     acc
 ---   ------ ----- --------- --------- ------- -------    ------- -------    ------- -------    ----
   1 !   46.2   4.2   1.7e-13   2.8e-13       5      52 ..      15      62 ..      12     115 .. 0.95

  Alignments for each domain:
  == domain 1  score: 46.2 bits;  conditional E-value: 1.7e-13
                      gvpa  5 kasdssslaevldriLDkGiviDafvRvslvGieiltieaRvvvasvd 52
                              ++ +s+ la++l+r+LDkG+vi   +Rv l  ie+lti  R++v svd
  nat_5147dbb10fa927c0ad55 15 PSGSSANLADILERVLDKGVVIAGDIRVNLLDIELLTIKLRLIVVSVD 62
                              67899******************************************9 PP

>> nat_7ed38185a938590ae0f5  
   #    score  bias  c-Evalue  i-Evalue hmmfrom  hmm to    alifrom  ali to    envfrom  env to     acc
 ---   ------ ----- --------- --------- ------- -------    ------- -------    ------- -------    ----
   1 !   46.4   0.2   1.6e-13   2.6e-13       9      53 ..      23      67 ..      11      71 .. 0.93

  Alignments for each domain:
  == domain 1  score: 46.4 bits;  conditional E-value: 1.6e-13
                      gvpa  9 ssslaevldriLDkGiviDafvRvslvGieiltieaRvvvasvdt 53
                               + l ++l+r+LD+G+vi   +Rv l  ie+lt+  R+ +asvdt
  nat_7ed38185a938590ae0f5 23 PANLGDILERVLDRGVVIAGDIRVNLLDIELLTVKLRLLIASVDT 67
                              57899***************************************9 PP

>> nat_1afa662e7ba52f44c1e0  
   #    score  bias  c-Evalue  i-Evalue hmmfrom  hmm to    alifrom  ali to    envfrom  env to     acc
 ---   ------ ----- --------- --------- ------- -------    ------- -------    ------- -------    ----
   1 !   46.0   4.0     2e-13   3.3e-13       8      52 ..      20      64 ..      13      68 .. 0.94

  Alignments for each domain:
  == domain 1  score: 46.0 bits;  conditional E-value: 2e-13
                      gvpa  8 dssslaevldriLDkGiviDafvRvslvGieiltieaRvvvasvd 52
                              + + la++l+r+LDkG+vi   +Rv l  ie+lti  R+vvasvd
  nat_1afa662e7ba52f44c1e0 20 GGANLADILERVLDKGVVIAGDIRVDLLDIELLTIRLRLVVASVD 64
                              6689****************************************9 PP

>> nat_185744979d00560dee6b  
   #    score  bias  c-Evalue  i-Evalue hmmfrom  hmm to    alifrom  ali to    envfrom  env to     acc
 ---   ------ ----- --------- --------- ------- -------    ------- -------    ------- -------    ----
   1 !   46.1   2.5   1.9e-13   3.1e-13       9      52 ..      16      59 ..       6      65 .. 0.94

  Alignments for each domain:
  == domain 1  score: 46.1 bits;  conditional E-value: 1.9e-13
                      gvpa  9 ssslaevldriLDkGiviDafvRvslvGieiltieaRvvvasvd 52
                               + la++l+r+LDkG+vi   +R+ l  ie+lti  R++vasvd
  nat_185744979d00560dee6b 16 GANLADILERVLDKGVVIAGDIRINLLDIELLTIKLRLIVASVD 59
                              578****************************************9 PP

>> nat_cd1a9ffb557d1157e46b  
   #    score  bias  c-Evalue  i-Evalue hmmfrom  hmm to    alifrom  ali to    envfrom  env to     acc
 ---   ------ ----- --------- --------- ------- -------    ------- -------    ------- -------    ----
   1 !   45.9   4.9   2.3e-13   3.7e-13       4      52 ..       6      54 ..       1      99 [. 0.91

  Alignments for each domain:
  == domain 1  score: 45.9 bits;  conditional E-value: 2.3e-13
                      gvpa  4 ekasdssslaevldriLDkGiviDafvRvslvGieiltieaRvvvasvd 52
                              + +++ss l +vl+++LDkG+vi   +Rv +  +e+l+i +R++vasvd
  nat_cd1a9ffb557d1157e46b  6 QSTTQSSNLVDVLETVLDKGVVIAGDIRVGIADVELLSIKIRLIVASVD 54
                              45689*******************************************9 PP

>> nat_bdbbf2ca834284fb90df  
   #    score  bias  c-Evalue  i-Evalue hmmfrom  hmm to    alifrom  ali to    envfrom  env to     acc
 ---   ------ ----- --------- --------- ------- -------    ------- -------    ------- -------    ----
   1 !   45.7   0.1   2.5e-13   4.1e-13       8      53 ..      15      60 ..       5      64 .. 0.93

  Alignments for each domain:
  == domain 1  score: 45.7 bits;  conditional E-value: 2.5e-13
                      gvpa  8 dssslaevldriLDkGiviDafvRvslvGieiltieaRvvvasvdt 53
                              + + l ++l+r+LD+G+v+   +R+ l  ie+lti  R+ vasvdt
  nat_bdbbf2ca834284fb90df 15 QPANLGDILERVLDRGLVVVGDIRINLLDIELLTIKLRLLVASVDT 60
                              567899***************************************9 PP

>> nat_21f981a64332a12578c3  
   #    score  bias  c-Evalue  i-Evalue hmmfrom  hmm to    alifrom  ali to    envfrom  env to     acc
 ---   ------ ----- --------- --------- ------- -------    ------- -------    ------- -------    ----
   1 !   44.8   3.2     5e-13   8.2e-13       3      52 ..       6      55 ..       4      61 .. 0.95

  Alignments for each domain:
  == domain 1  score: 44.8 bits;  conditional E-value: 5e-13
                      gvpa  3 vekasdssslaevldriLDkGiviDafvRvslvGieiltieaRvvvasvd 52
                              + +++++s++ e+l+riLD+G+vi   + v+l  ie+lti +R++vasvd
  nat_21f981a64332a12578c3  6 IARSTSASGIGEILERILDRGVVIAGDISVALADIELLTIKIRLIVASVD 55
                              678899*******************************************9 PP

>> nat_d790919b750d218eb5d2  
   #    score  bias  c-Evalue  i-Evalue hmmfrom  hmm to    alifrom  ali to    envfrom  env to     acc
 ---   ------ ----- --------- --------- ------- -------    ------- -------    ------- -------    ----
   1 !   44.7   5.7   5.2e-13   8.6e-13       1      52 [.       1      52 [.       1      99 [. 0.96

  Alignments for each domain:
  == domain 1  score: 44.7 bits;  conditional E-value: 5.2e-13
                      gvpa  1 mavekasdssslaevldriLDkGiviDafvRvslvGieiltieaRvvvasvd 52
                              mave+  +ss++ +vl++iLDkG+vi   + v +  +e+lti +R++vasvd
  nat_d790919b750d218eb5d2  1 MAVEHNMQSSTIVDVLEKILDKGVVIAGDITVGIADVELLTIKIRLIVASVD 52
                              99*************************************************9 PP

>> nat_7cb108de86cc479cc796  
   #    score  bias  c-Evalue  i-Evalue hmmfrom  hmm to    alifrom  ali to    envfrom  env to     acc
 ---   ------ ----- --------- --------- ------- -------    ------- -------    ------- -------    ----
   1 !   45.1   2.5   3.8e-13   6.2e-13       6      53 ..       2      49 ..       1      53 [. 0.95

  Alignments for each domain:
  == domain 1  score: 45.1 bits;  conditional E-value: 3.8e-13
                      gvpa  6 asdssslaevldriLDkGiviDafvRvslvGieiltieaRvvvasvdt 53
                              a++s sla+vl+r+LDkG+vi   + vs+v +e+lt+ +R+ +as +t
  nat_7cb108de86cc479cc796  2 AASSDSLADVLERVLDKGVVIAGDIGVSVVDVELLTLRIRLFIASAQT 49
                              56899****************************************988 PP

>> nat_6101e6d94bc83fd7e764  
   #    score  bias  c-Evalue  i-Evalue hmmfrom  hmm to    alifrom  ali to    envfrom  env to     acc
 ---   ------ ----- --------- --------- ------- -------    ------- -------    ------- -------    ----
   1 !   45.2   1.5   3.7e-13   6.1e-13       7      53 ..       8      54 ..       1      97 [. 0.94

  Alignments for each domain:
  == domain 1  score: 45.2 bits;  conditional E-value: 3.7e-13
                      gvpa  7 sdssslaevldriLDkGiviDafvRvslvGieiltieaRvvvasvdt 53
                              ++s+ l ++l+r+LD+G+vi   + v l  ie+lti  R+ +asvdt
  nat_6101e6d94bc83fd7e764  8 RESANLGDILERVLDRGVVIAGDIQVNLLDIELLTIKLRLLIASVDT 54
                              6899******************************************9 PP

>> nat_ccea7d4aa043b4d32826  
   #    score  bias  c-Evalue  i-Evalue hmmfrom  hmm to    alifrom  ali to    envfrom  env to     acc
 ---   ------ ----- --------- --------- ------- -------    ------- -------    ------- -------    ----
   1 !   44.5   5.8   5.8e-13   9.5e-13       1      52 [.       1      52 [.       1      99 [. 0.96

  Alignments for each domain:
  == domain 1  score: 44.5 bits;  conditional E-value: 5.8e-13
                      gvpa  1 mavekasdssslaevldriLDkGiviDafvRvslvGieiltieaRvvvasvd 52
                              mave+  +ss++ +vl++iLDkG+vi   + v +  +e+lti +R++vasvd
  nat_ccea7d4aa043b4d32826  1 MAVEHNMQSSTIVDVLEKILDKGVVIAGDITVGIADVELLTIKIRLIVASVD 52
                              99*************************************************9 PP

>> nat_5383c67907971360d965  
   #    score  bias  c-Evalue  i-Evalue hmmfrom  hmm to    alifrom  ali to    envfrom  env to     acc
 ---   ------ ----- --------- --------- ------- -------    ------- -------    ------- -------    ----
   1 !   44.9   2.1   4.6e-13   7.5e-13       4      52 ..      13      61 ..       6     115 .. 0.92

  Alignments for each domain:
  == domain 1  score: 44.9 bits;  conditional E-value: 4.6e-13
                      gvpa  4 ekasdssslaevldriLDkGiviDafvRvslvGieiltieaRvvvasvd 52
                              +++ +s+ la+ l+riLDkG+v+   + + lv +e+lti+ R+v+ svd
  nat_5383c67907971360d965 13 THSVESTNLADLLERILDKGVVVAGDISIKLVEVELLTIQLRLVICSVD 61
                              55689*******************************************9 PP

>> nat_3b723aaeacc6bb57b98b  
   #    score  bias  c-Evalue  i-Evalue hmmfrom  hmm to    alifrom  ali to    envfrom  env to     acc
 ---   ------ ----- --------- --------- ------- -------    ------- -------    ------- -------    ----
   1 !   44.0   1.9   8.6e-13   1.4e-12       6      53 ..       5      52 ..       1      57 [. 0.94

  Alignments for each domain:
  == domain 1  score: 44.0 bits;  conditional E-value: 8.6e-13
                      gvpa  6 asdssslaevldriLDkGiviDafvRvslvGieiltieaRvvvasvdt 53
                              a++s sla++l+r+LDkG+vi   + vs+v +e+lt+ +R+ +as +t
  nat_3b723aaeacc6bb57b98b  5 AASSDSLADILERVLDKGVVIAGDIGVSVVDVELLTLRIRLFIASAQT 52
                              67999****************************************988 PP

>> nat_8cc50c0228caae3ad7f4  
   #    score  bias  c-Evalue  i-Evalue hmmfrom  hmm to    alifrom  ali to    envfrom  env to     acc
 ---   ------ ----- --------- --------- ------- -------    ------- -------    ------- -------    ----
   1 !   43.7   4.6   1.1e-12   1.8e-12       1      52 [.       1      52 [.       1     101 [. 0.96

  Alignments for each domain:
  == domain 1  score: 43.7 bits;  conditional E-value: 1.1e-12
                      gvpa  1 mavekasdssslaevldriLDkGiviDafvRvslvGieiltieaRvvvasvd 52
                              mave+  +ss++ +vl++iLDkG+vi   + + +  +e+lti +R++vas+d
  nat_8cc50c0228caae3ad7f4  1 MAVEHHMQSSTIVDVLEKILDKGVVIAGDISIGIADVELLTIKIRLIVASID 52
                              99*************************************************9 PP

>> nat_f4e9c50251e64349c6bf  
   #    score  bias  c-Evalue  i-Evalue hmmfrom  hmm to    alifrom  ali to    envfrom  env to     acc
 ---   ------ ----- --------- --------- ------- -------    ------- -------    ------- -------    ----
   1 !   43.4   3.8   1.3e-12   2.2e-12       7      52 ..       8      53 ..       1     115 [. 0.93

  Alignments for each domain:
  == domain 1  score: 43.4 bits;  conditional E-value: 1.3e-12
                      gvpa  7 sdssslaevldriLDkGiviDafvRvslvGieiltieaRvvvasvd 52
                              ++ + la++l+r+LD+G+vi   +R+ l  ie+lti  R++vasv+
  nat_f4e9c50251e64349c6bf  8 AGGANLADILERVLDRGVVIVGDIRINLLDIELLTIKLRLIVASVE 53
                              45689****************************************8 PP

>> nat_39552a648e522cf0517f  
   #    score  bias  c-Evalue  i-Evalue hmmfrom  hmm to    alifrom  ali to    envfrom  env to     acc
 ---   ------ ----- --------- --------- ------- -------    ------- -------    ------- -------    ----
   1 !   42.9   1.0   1.9e-12   3.1e-12       8      54 ..      17      63 ..      10     114 .. 0.87

  Alignments for each domain:
  == domain 1  score: 42.9 bits;  conditional E-value: 1.9e-12
                      gvpa  8 dssslaevldriLDkGiviDafvRvslvGieiltieaRvvvasvdty 54
                              +++ la++l+r+LDkGivi   +++ l  ie+lti  R+ v sv+t 
  nat_39552a648e522cf0517f 17 GTTNLADILERVLDKGIVIAGDIKIDLLDIELLTIRLRLFVSSVETA 63
                              5789*****************************************95 PP

>> nat_19fb2828c4fc32ca705b  
   #    score  bias  c-Evalue  i-Evalue hmmfrom  hmm to    alifrom  ali to    envfrom  env to     acc
 ---   ------ ----- --------- --------- ------- -------    ------- -------    ------- -------    ----
   1 !   42.2   1.5   3.1e-12   5.1e-12       9      54 ..      18      63 ..       8     115 .. 0.88

  Alignments for each domain:
  == domain 1  score: 42.2 bits;  conditional E-value: 3.1e-12
                      gvpa  9 ssslaevldriLDkGiviDafvRvslvGieiltieaRvvvasvdty 54
                              ++ la++l+r+LDkGivi   +++ l  ie+lti  R+ v sv+t 
  nat_19fb2828c4fc32ca705b 18 TTNLADILERVLDKGIVIAGDIKIDLLDIELLTIRLRLFVSSVETA 63
                              678*****************************************95 PP

>> nat_ac61932baba86c9a492c  
   #    score  bias  c-Evalue  i-Evalue hmmfrom  hmm to    alifrom  ali to    envfrom  env to     acc
 ---   ------ ----- --------- --------- ------- -------    ------- -------    ------- -------    ----
   1 !   42.1   1.8   3.2e-12   5.3e-12       3      52 ..       7      56 ..       5      62 .. 0.95

  Alignments for each domain:
  == domain 1  score: 42.1 bits;  conditional E-value: 3.2e-12
                      gvpa  3 vekasdssslaevldriLDkGiviDafvRvslvGieiltieaRvvvasvd 52
                              + k+++  sla+vl+r+LDkGivi   + vs+   e+l+i +R+ + sv+
  nat_ac61932baba86c9a492c  7 IAKSAGGDSLADVLERVLDKGIVIAGDISVSIASTELLNIKIRLLISSVE 56
                              67889999*****************************************8 PP

>> nat_52cf8d3cb8c8f1b32edb  
   #    score  bias  c-Evalue  i-Evalue hmmfrom  hmm to    alifrom  ali to    envfrom  env to     acc
 ---   ------ ----- --------- --------- ------- -------    ------- -------    ------- -------    ----
   1 !   41.0   1.9   7.2e-12   1.2e-11       4      52 ..       8      56 ..       4      61 .. 0.93

  Alignments for each domain:
  == domain 1  score: 41.0 bits;  conditional E-value: 7.2e-12
                      gvpa  4 ekasdssslaevldriLDkGiviDafvRvslvGieiltieaRvvvasvd 52
                                +++ ++la+vl+r+LDkG+vi   + vs+   e+l+i +R+ + sv+
  nat_52cf8d3cb8c8f1b32edb  8 ATSASGNGLADVLERVLDKGVVIAGDISVSIASTELLNIKIRLLISSVE 56
                              5567889*****************************************8 PP

>> nat_3f0807141c190c600235  
   #    score  bias  c-Evalue  i-Evalue hmmfrom  hmm to    alifrom  ali to    envfrom  env to     acc
 ---   ------ ----- --------- --------- ------- -------    ------- -------    ------- -------    ----
   1 !   40.3   4.4   1.2e-11     2e-11       3      52 ..      13      62 ..      11      67 .. 0.95

  Alignments for each domain:
  == domain 1  score: 40.3 bits;  conditional E-value: 1.2e-11
                      gvpa  3 vekasdssslaevldriLDkGiviDafvRvslvGieiltieaRvvvasvd 52
                              ++ a++sssl +vl+r+LDkGivi   + +s+   e+l+i +R+ + svd
  nat_3f0807141c190c600235 13 ITTATQSSSLVDVLERVLDKGIVIAGDISISVGSTELLSIRIRLLISSVD 62
                              567899*******************************************9 PP

>> nat_3062abb6a6afc7917c3a  
   #    score  bias  c-Evalue  i-Evalue hmmfrom  hmm to    alifrom  ali to    envfrom  env to     acc
 ---   ------ ----- --------- --------- ------- -------    ------- -------    ------- -------    ----
   1 !   40.5   0.1   1.1e-11   1.8e-11       4      61 ..       5      62 ..       1      98 [. 0.80

  Alignments for each domain:
  == domain 1  score: 40.5 bits;  conditional E-value: 1.1e-11
                      gvpa  4 ekasdssslaevldriLDkGiviDafvRvslvGieiltieaRvvvasvdtyLryaeav 61
                              +++++   la++++++LDkG+vi+a + vs+   e+l i +R+ +as +t  +y  + 
  nat_3062abb6a6afc7917c3a  5 RPSRQQGDLADMVELLLDKGVVINADIAVSVGDTELLDIRIRAAIASFETAAQYGLEF 62
                              56788889******************************************99997554 PP

>> nat_a7260a5a6927c219450b  
   #    score  bias  c-Evalue  i-Evalue hmmfrom  hmm to    alifrom  ali to    envfrom  env to     acc
 ---   ------ ----- --------- --------- ------- -------    ------- -------    ------- -------    ----
   1 !   39.8   4.5   1.7e-11   2.8e-11       4      52 ..      16      64 ..      13      71 .. 0.94

  Alignments for each domain:
  == domain 1  score: 39.8 bits;  conditional E-value: 1.7e-11
                      gvpa  4 ekasdssslaevldriLDkGiviDafvRvslvGieiltieaRvvvasvd 52
                              + a++ ssl +v++r+LDkGivi   + vs+   e+l+i +R+++ svd
  nat_a7260a5a6927c219450b 16 STATQGSSLVDVIERVLDKGIVIAGDISVSVGSTELLSIRIRLIISSVD 64
                              567899******************************************9 PP

>> nat_b06966010b381d82d4cd  
   #    score  bias  c-Evalue  i-Evalue hmmfrom  hmm to    alifrom  ali to    envfrom  env to     acc
 ---   ------ ----- --------- --------- ------- -------    ------- -------    ------- -------    ----
   1 !   40.3   0.0   1.2e-11   1.9e-11       4      60 ..       5      61 ..       1      97 [. 0.84

  Alignments for each domain:
  == domain 1  score: 40.3 bits;  conditional E-value: 1.2e-11
                      gvpa  4 ekasdssslaevldriLDkGiviDafvRvslvGieiltieaRvvvasvdtyLryaea 60
                              +++++   la++++ +LDkG+vi+a + vs+   e+l i +R+ +as +t  +y  +
  nat_b06966010b381d82d4cd  5 RPSRQQGNLADMVEMLLDKGVVINADIAVSVGDTELLDIRIRAAIASFETAAQYGLE 61
                              56788899******************************************9999755 PP

>> nat_7afd227c19d88f493be5  
   #    score  bias  c-Evalue  i-Evalue hmmfrom  hmm to    alifrom  ali to    envfrom  env to     acc
 ---   ------ ----- --------- --------- ------- -------    ------- -------    ------- -------    ----
   1 !   40.0   0.1   1.5e-11   2.4e-11       5      60 ..       6      61 ..       1     102 [. 0.83

  Alignments for each domain:
  == domain 1  score: 40.0 bits;  conditional E-value: 1.5e-11
                      gvpa  5 kasdssslaevldriLDkGiviDafvRvslvGieiltieaRvvvasvdtyLryaea 60
                              +++  s la+v++++LDkG+vi+a + v +   e+l +  R+ vas +t  +y  +
  nat_7afd227c19d88f493be5  6 PTRRQSDLADVVELLLDKGVVINADIAVTVGETELLGVKLRAAVASFETAAQYGME 61
                              677889*******************************************9999644 PP

>> nat_0dbb7a6e5434eb973be2  
   #    score  bias  c-Evalue  i-Evalue hmmfrom  hmm to    alifrom  ali to    envfrom  env to     acc
 ---   ------ ----- --------- --------- ------- -------    ------- -------    ------- -------    ----
   1 !   39.4   0.1   2.3e-11   3.9e-11       5      66 ..       6      67 ..       1     110 [. 0.75

  Alignments for each domain:
  == domain 1  score: 39.4 bits;  conditional E-value: 2.3e-11
                      gvpa  5 kasdssslaevldriLDkGiviDafvRvslvGieiltieaRvvvasvdtyLryaeavgkles 66
                              +++  s la++l+++LDkG+vi+a + v +   e+l +  R+ vas +t  +y  +    ++
  nat_0dbb7a6e5434eb973be2  6 PTRRQSDLADMLELLLDKGVVINADIAVTVGETELLGVKLRAAVASFETAAKYGMEFPDGTD 67
                              677889***********************************************876644333 PP

>> nat_ad1ac7e11fe15e3670a1  
   #    score  bias  c-Evalue  i-Evalue hmmfrom  hmm to    alifrom  ali to    envfrom  env to     acc
 ---   ------ ----- --------- --------- ------- -------    ------- -------    ------- -------    ----
   1 !   39.0   0.8     3e-11     5e-11       7      70 ..       9      73 ..       1      85 [. 0.82

  Alignments for each domain:
  == domain 1  score: 39.0 bits;  conditional E-value: 3e-11
                      gvpa  7 sdssslaevldriLDkGiviDafvRvslvGieiltieaRvvvasvdtyLrya.eavgklesaaep 70
                              ++  +l ++ld +LDkG+ +     +s+ Gi+++ ++ Rv + sv+t +    e  +kl+s++ +
  nat_ad1ac7e11fe15e3670a1  9 NKDVGLIDILDVVLDKGVALKGDLIISIAGIDLVYLDLRVLISSVETLIESNkESAAKLSSKQLD 73
                              55679******************************************997542566677766554 PP

>> nat_e7691975be520cbcfc17  
   #    score  bias  c-Evalue  i-Evalue hmmfrom  hmm to    alifrom  ali to    envfrom  env to     acc
 ---   ------ ----- --------- --------- ------- -------    ------- -------    ------- -------    ----
   1 !   38.8   0.6   3.5e-11   5.7e-11       7      83 ..       8      88 ..       1      90 [] 0.81

  Alignments for each domain:
  == domain 1  score: 38.8 bits;  conditional E-value: 3.5e-11
                      gvpa  7 sdssslaevldriLDkGiviDafvRvslvGieiltieaRvvvasvdtyLryaeavgkles....aaepkglvgevaesaar 83
                              ++  sl ++ld +L+kG+v+   + +s+  i+++ ++ R+ + sv+t +    + g +e     ++ ++g+vg+ +e+a+ 
  nat_e7691975be520cbcfc17  8 NQDVSLLDILDAVLEKGVVLRGDITISIADIDLVYLDLRILLSSVETLMEARKKPGVMEMeqkiKEAERGVVGHGTETATV 88
                              56679*******************************************9887765555441123445559****9999875 PP

>> nat_89c790125075f3b587bb  
   #    score  bias  c-Evalue  i-Evalue hmmfrom  hmm to    alifrom  ali to    envfrom  env to     acc
 ---   ------ ----- --------- --------- ------- -------    ------- -------    ------- -------    ----
   1 !   38.6   0.4   3.9e-11   6.4e-11       6      63 ..       8      65 ..       1      84 [. 0.84

  Alignments for each domain:
  == domain 1  score: 38.6 bits;  conditional E-value: 3.9e-11
                      gvpa  6 asdssslaevldriLDkGiviDafvRvslvGieiltieaRvvvasvdtyLryaeavgk 63
                              a++  +l ++ld +LDkG+ i     +s+ Gi+++ ++ R+ + sv+t +    + ++
  nat_89c790125075f3b587bb  8 ANKEVGLIDILDVVLDKGVAIKGDLILSVAGIDLVYLDLRILISSVETLIESNKETAR 65
                              577789******************************************9987766665 PP

>> nat_fa3dad0f82d10d14690c  
   #    score  bias  c-Evalue  i-Evalue hmmfrom  hmm to    alifrom  ali to    envfrom  env to     acc
 ---   ------ ----- --------- --------- ------- -------    ------- -------    ------- -------    ----
   1 !   38.3   1.6   4.9e-11   8.1e-11      10      80 ..      10      82 ..       1      90 [. 0.82

  Alignments for each domain:
  == domain 1  score: 38.3 bits;  conditional E-value: 4.9e-11
                      gvpa 10 sslaevldriLDkGiviDafvRvslvGieiltieaRvvvasvdtyLrya..eavgklesaaepkglvgevaes 80
                               +l + ld iLDkG+ i   + +s+ G++++ ++ Rv++ sv+t ++      ++ +e +++  +l+  v+es
  nat_fa3dad0f82d10d14690c 10 IALIDLLDVILDKGVAIKGDIIISVAGVDLVYLDLRVMISSVETLVQAKgdSTITSVELDEQRGDLTNAVNES 82
                              5799****************************************98754114566666677777888888776 PP

>> nat_69d3a359681679d56e0f  
   #    score  bias  c-Evalue  i-Evalue hmmfrom  hmm to    alifrom  ali to    envfrom  env to     acc
 ---   ------ ----- --------- --------- ------- -------    ------- -------    ------- -------    ----
   1 !   38.0   0.1   6.2e-11     1e-10       9      52 ..      16      59 ..       7      63 .. 0.94

  Alignments for each domain:
  == domain 1  score: 38.0 bits;  conditional E-value: 6.2e-11
                      gvpa  9 ssslaevldriLDkGiviDafvRvslvGieiltieaRvvvasvd 52
                                +l +vldr+LD G+v+D  + +sl G++++ +  R+ +asvd
  nat_69d3a359681679d56e0f 16 PQALVDVLDRLLDTGVVVDGQIVLSLAGVDLVHLGLRALLASVD 59
                              5689***************************************9 PP

>> nat_56a08e61cb35ab8bf932  
   #    score  bias  c-Evalue  i-Evalue hmmfrom  hmm to    alifrom  ali to    envfrom  env to     acc
 ---   ------ ----- --------- --------- ------- -------    ------- -------    ------- -------    ----
   1 !   37.9   0.0   6.5e-11   1.1e-10       5      61 ..       6      62 ..       1      96 [. 0.82

  Alignments for each domain:
  == domain 1  score: 37.9 bits;  conditional E-value: 6.5e-11
                      gvpa  5 kasdssslaevldriLDkGiviDafvRvslvGieiltieaRvvvasvdtyLryaeav 61
                              ++++   la++++ +LDkG+vi+a + vs+   e+l i +R+ +as +t  +y  + 
  nat_56a08e61cb35ab8bf932  6 PTRQQGDLADMVEMLLDKGVVINADIAVSVGDTELLDIRIRAALASFETAAQYGLEF 62
                              6677889******************************************99997554 PP

>> nat_fc9079f395e9793f6462  
   #    score  bias  c-Evalue  i-Evalue hmmfrom  hmm to    alifrom  ali to    envfrom  env to     acc
 ---   ------ ----- --------- --------- ------- -------    ------- -------    ------- -------    ----
   1 !   36.3   1.6     2e-10   3.3e-10       7      52 ..      12      57 ..       1      61 [. 0.87

  Alignments for each domain:
  == domain 1  score: 36.3 bits;  conditional E-value: 2e-10
                      gvpa  7 sdssslaevldriLDkGiviDafvRvslvGieiltieaRvvvasvd 52
                              ++ +++ ++l+riLDkGivi   + + lvG+e++ti  R+ +as +
  nat_fc9079f395e9793f6462 12 TEVNGIGNILERILDKGIVIVGDIALELVGVELITIRLRLLIASTE 57
                              56789***************************************86 PP

>> nat_c398ecaa7268076a0300  
   #    score  bias  c-Evalue  i-Evalue hmmfrom  hmm to    alifrom  ali to    envfrom  env to     acc
 ---   ------ ----- --------- --------- ------- -------    ------- -------    ------- -------    ----
   1 !   36.6   1.1   1.7e-10   2.8e-10      10      65 ..      11      66 ..       1      70 [] 0.88

  Alignments for each domain:
  == domain 1  score: 36.6 bits;  conditional E-value: 1.7e-10
                      gvpa 10 sslaevldriLDkGiviDafvRvslvGieiltieaRvvvasvdtyLryaeavgkle 65
                               +l +vld +L+kG+v+   + +s+  i+++ ++ R+ + svdt ++  e    +e
  nat_c398ecaa7268076a0300 11 VALLDVLDAVLEKGVVLKGDIMISIADIDLVYLDLRILLTSVDTLIKSTERKHEME 66
                              5799******************************************9988766665 PP

>> nat_9a40b0d38d561f5c4a77  
   #    score  bias  c-Evalue  i-Evalue hmmfrom  hmm to    alifrom  ali to    envfrom  env to     acc
 ---   ------ ----- --------- --------- ------- -------    ------- -------    ------- -------    ----
   1 !   36.2   0.1   2.3e-10   3.7e-10       5      72 ..       6      73 ..       1     117 [. 0.72

  Alignments for each domain:
  == domain 1  score: 36.2 bits;  conditional E-value: 2.3e-10
                      gvpa  5 kasdssslaevldriLDkGiviDafvRvslvGieiltieaRvvvasvdtyLryaeavgklesaaepkg 72
                              ++++   lae l+++LDkG+vi+a + v +   e+l i  R+ +as +t  +y  +    ++ ++ ++
  nat_9a40b0d38d561f5c4a77  6 PTRSQGDLAELLETLLDKGVVINADIAVTVGDTELLGIKLRAALASFETAAQYGLEFPSGTDMEMVNE 73
                              5667778*******************************************999877655544444433 PP

>> nat_7bc4c8a6ef4aaf9c7db6  
   #    score  bias  c-Evalue  i-Evalue hmmfrom  hmm to    alifrom  ali to    envfrom  env to     acc
 ---   ------ ----- --------- --------- ------- -------    ------- -------    ------- -------    ----
   1 !   34.9   0.0   5.6e-10   9.2e-10       6      59 ..       7      60 ..       1      93 [. 0.82

  Alignments for each domain:
  == domain 1  score: 34.9 bits;  conditional E-value: 5.6e-10
                      gvpa  6 asdssslaevldriLDkGiviDafvRvslvGieiltieaRvvvasvdtyLryae 59
                              ++    lae ++++LDkG+vi+a + v +   e+l ++ R+ +as +t  +y  
  nat_7bc4c8a6ef4aaf9c7db6  7 TRTQGDLAELVETLLDKGVVINADIVVTVGDTELLGVQLRAALASFETAAKYGL 60
                              556678***********************99*****************999964 PP

>> nat_4ac4ff2acc517133e87a  
   #    score  bias  c-Evalue  i-Evalue hmmfrom  hmm to    alifrom  ali to    envfrom  env to     acc
 ---   ------ ----- --------- --------- ------- -------    ------- -------    ------- -------    ----
   1 !   34.4   0.4   7.8e-10   1.3e-09      10      55 ..      14      59 ..       3      80 .. 0.90

  Alignments for each domain:
  == domain 1  score: 34.4 bits;  conditional E-value: 7.8e-10
                      gvpa 10 sslaevldriLDkGiviDafvRvslvGieiltieaRvvvasvdtyL 55
                               +l ++ld iLDkGi i     +s+ Gi+++ ++ Rv + s +t +
  nat_4ac4ff2acc517133e87a 14 IALIDILDVILDKGIAIKGDLLISIAGIDLVYLDLRVLISSAETLI 59
                              5799***************************************975 PP

>> nat_bad2dad2cf60a57b02f5  
   #    score  bias  c-Evalue  i-Evalue hmmfrom  hmm to    alifrom  ali to    envfrom  env to     acc
 ---   ------ ----- --------- --------- ------- -------    ------- -------    ------- -------    ----
   1 !   30.7   0.2   1.1e-08   1.8e-08       7      61 ..      36      90 ..      23      91 .. 0.91

  Alignments for each domain:
  == domain 1  score: 30.7 bits;  conditional E-value: 1.1e-08
                      gvpa  7 sdssslaevldriLDkGiviDafvRvslvGieiltieaRvvvasvdtyLryaeav 61
                              +++  la+ ldr++D G v+   v v+l G+++l ++ R+ +  v+t L  a +v
  nat_bad2dad2cf60a57b02f5 36 TSAQPLADLLDRLVDTGAVVSGDVVVALAGVDLLRVDLRLLLVGVQTALEGAGEV 90
                              56678******************************************99887766 PP

>> nat_b09acb4d26a9cf98efc4  
   #    score  bias  c-Evalue  i-Evalue hmmfrom  hmm to    alifrom  ali to    envfrom  env to     acc
 ---   ------ ----- --------- --------- ------- -------    ------- -------    ------- -------    ----
   1 !   30.1   3.4   1.7e-08   2.9e-08      11      56 ..       7      52 ..       3      98 .. 0.89

  Alignments for each domain:
  == domain 1  score: 30.1 bits;  conditional E-value: 1.7e-08
                      gvpa 11 slaevldriLDkGiviDafvRvslvGieiltieaRvvvasvdtyLr 56
                               lae +dr+L kG v+     vs+ G+++l ++ Rv++ +vdt +r
  nat_b09acb4d26a9cf98efc4  7 QLAEAIDRVLHKGAVVRGDLIVSVAGVDLLYLDLRVILSAVDTAMR 52
                              59*****************************************876 PP

>> nat_0f8c9a9823e4214b9eae  
   #    score  bias  c-Evalue  i-Evalue hmmfrom  hmm to    alifrom  ali to    envfrom  env to     acc
 ---   ------ ----- --------- --------- ------- -------    ------- -------    ------- -------    ----
   1 !   28.5   0.0   5.3e-08   8.6e-08       6      56 ..      14      64 ..       9      79 .. 0.88

  Alignments for each domain:
  == domain 1  score: 28.5 bits;  conditional E-value: 5.3e-08
                      gvpa  6 asdssslaevldriLDkGiviDafvRvslvGieiltieaRvvvasvdtyLr 56
                              asd  sl e ld++LD+G+ +    R+s+  +e++++  ++++as  t  r
  nat_0f8c9a9823e4214b9eae 14 ASDEGSLLELLDHLLDRGVLLWGELRISVADVELIEVGLKLMLASAHTADR 64
                              58899****************************************998554 PP

>> nat_4e739c831373f0edfba7  
   #    score  bias  c-Evalue  i-Evalue hmmfrom  hmm to    alifrom  ali to    envfrom  env to     acc
 ---   ------ ----- --------- --------- ------- -------    ------- -------    ------- -------    ----
   1 !   27.6   0.0     1e-07   1.7e-07       6      56 ..      14      64 ..       9      76 .. 0.86

  Alignments for each domain:
  == domain 1  score: 27.6 bits;  conditional E-value: 1e-07
                      gvpa  6 asdssslaevldriLDkGiviDafvRvslvGieiltieaRvvvasvdtyLr 56
                              as+  sl e ld++LD+G+ +    R+s+  +e++++  ++++as  t  r
  nat_4e739c831373f0edfba7 14 ASSEGSLLELLDHLLDRGVLLWGELRISVADVELIEVGLKLMLASARTADR 64
                              355579***************************************988655 PP

>> nat_8c33f7d20b82781d6559  
   #    score  bias  c-Evalue  i-Evalue hmmfrom  hmm to    alifrom  ali to    envfrom  env to     acc
 ---   ------ ----- --------- --------- ------- -------    ------- -------    ------- -------    ----
   1 !   25.0   2.3   6.4e-07   1.1e-06      11      52 ..      20      61 ..      12      64 .. 0.94

  Alignments for each domain:
  == domain 1  score: 25.0 bits;  conditional E-value: 6.4e-07
                      gvpa 11 slaevldriLDkGiviDafvRvslvGieiltieaRvvvasvd 52
                              +l + ldr+L  G+vi   + +s+  +e++ i  R+ vasv 
  nat_8c33f7d20b82781d6559 20 ALVDLLDRVLATGVVISGDITLSIADVELVRISLRALVASVG 61
                              799*************************************96 PP

>> nat_ca44e444b9677c038eae  
   #    score  bias  c-Evalue  i-Evalue hmmfrom  hmm to    alifrom  ali to    envfrom  env to     acc
 ---   ------ ----- --------- --------- ------- -------    ------- -------    ------- -------    ----
   1 !   23.5   1.6   1.9e-06   3.1e-06       7      52 ..      27      72 ..      19      75 .. 0.88

  Alignments for each domain:
  == domain 1  score: 23.5 bits;  conditional E-value: 1.9e-06
                      gvpa  7 sdssslaevldriLDkGiviDafvRvslvGieiltieaRvvvasvd 52
                              + + ++ + ldr++ +G v+   v +sl Gi+++ ++ R+ +  +d
  nat_ca44e444b9677c038eae 27 NTAEAIVDLLDRVVHRGAVVTGDVIISLAGIDLVRLDLRLLLLGID 72
                              678899*********************************9887776 PP

>> nat_6bb19b9be704c758f3bf  
   #    score  bias  c-Evalue  i-Evalue hmmfrom  hmm to    alifrom  ali to    envfrom  env to     acc
 ---   ------ ----- --------- --------- ------- -------    ------- -------    ------- -------    ----
   1 !   23.2   1.1   2.4e-06     4e-06       6      47 ..      24      65 ..      17      71 .. 0.89

  Alignments for each domain:
  == domain 1  score: 23.2 bits;  conditional E-value: 2.4e-06
                      gvpa  6 asdssslaevldriLDkGiviDafvRvslvGieiltieaRvv 47
                              ++++ ++ + ldr++ +G v+   v +sl Gi+++ ++ R+ 
  nat_6bb19b9be704c758f3bf 24 TNAAEAIVDLLDRVVHRGAVVTGDVVISLAGIDLVRLDLRLL 65
                              477889*********************************986 PP

>> nat_09a4add84a42a4d7619a  
   #    score  bias  c-Evalue  i-Evalue hmmfrom  hmm to    alifrom  ali to    envfrom  env to     acc
 ---   ------ ----- --------- --------- ------- -------    ------- -------    ------- -------    ----
   1 !   23.0   1.1   2.8e-06   4.6e-06       7      52 ..      41      86 ..      33      88 .. 0.89

  Alignments for each domain:
  == domain 1  score: 23.0 bits;  conditional E-value: 2.8e-06
                      gvpa  7 sdssslaevldriLDkGiviDafvRvslvGieiltieaRvvvasvd 52
                              + + ++ + ldr++ +G v+   v +sl Gi+++ ++ R+ +  +d
  nat_09a4add84a42a4d7619a 41 NTAEAIVDLLDRVVHRGAVVTGDVIISLAGIDLVRLDLRLLLLGID 86
                              677899*********************************9877766 PP

>> nat_81b50d473e8fbea0d753  
   #    score  bias  c-Evalue  i-Evalue hmmfrom  hmm to    alifrom  ali to    envfrom  env to     acc
 ---   ------ ----- --------- --------- ------- -------    ------- -------    ------- -------    ----
   1 !   23.1   3.8   2.6e-06   4.2e-06      10      52 ..      21      63 ..      10      77 .. 0.87

  Alignments for each domain:
  == domain 1  score: 23.1 bits;  conditional E-value: 2.6e-06
                      gvpa 10 sslaevldriLDkGiviDafvRvslvGieiltieaRvvvasvd 52
                               +l + ldr+L  G+v+   v +sl G++++ +  R+++ s+ 
  nat_81b50d473e8fbea0d753 21 IALVDLLDRLLAGGVVLAGDVTISLAGVDLVRVSLRAIITSIH 63
                              46899************************************96 PP

>> nat_cac1fc977093c9f79251  
   #    score  bias  c-Evalue  i-Evalue hmmfrom  hmm to    alifrom  ali to    envfrom  env to     acc
 ---   ------ ----- --------- --------- ------- -------    ------- -------    ------- -------    ----
   1 !   22.7   1.5   3.3e-06   5.4e-06       7      49 ..      33      75 ..      25      79 .. 0.89

  Alignments for each domain:
  == domain 1  score: 22.7 bits;  conditional E-value: 3.3e-06
                      gvpa  7 sdssslaevldriLDkGiviDafvRvslvGieiltieaRvvva 49
                              +++ ++ + ldr++ +G v+   v +sl Gi+++ ++ R+ + 
  nat_cac1fc977093c9f79251 33 NAAEAIVDLLDRVVHRGAVVTGDVVISLAGIDLVRLDLRLLLL 75
                              678899*********************************8765 PP

>> nat_8b60c84abe52648fea48  
   #    score  bias  c-Evalue  i-Evalue hmmfrom  hmm to    alifrom  ali to    envfrom  env to     acc
 ---   ------ ----- --------- --------- ------- -------    ------- -------    ------- -------    ----
   1 !   22.7   1.3   3.4e-06   5.7e-06       6      49 ..      36      79 ..      29      83 .. 0.89

  Alignments for each domain:
  == domain 1  score: 22.7 bits;  conditional E-value: 3.4e-06
                      gvpa  6 asdssslaevldriLDkGiviDafvRvslvGieiltieaRvvva 49
                              ++++ ++ + ldr++ +G v+   v +sl Gi+++ ++ R+ + 
  nat_8b60c84abe52648fea48 36 TNAAEAIVDLLDRVVHRGAVVTGDVIISLAGIDLVRLDLRLLLL 79
                              477889**********************************8765 PP

>> nat_e66080fefc6e1fc45cad  
   #    score  bias  c-Evalue  i-Evalue hmmfrom  hmm to    alifrom  ali to    envfrom  env to     acc
 ---   ------ ----- --------- --------- ------- -------    ------- -------    ------- -------    ----
   1 !   22.5   1.1   3.8e-06   6.3e-06       7      49 ..      36      78 ..      29      82 .. 0.88

  Alignments for each domain:
  == domain 1  score: 22.5 bits;  conditional E-value: 3.8e-06
                      gvpa  7 sdssslaevldriLDkGiviDafvRvslvGieiltieaRvvva 49
                              + + ++ + ldr++ +G v+   v +sl Gi+++ ++ R+ + 
  nat_e66080fefc6e1fc45cad 36 NTAEAIVDLLDRVVHRGAVVTGDVIISLAGIDLVRLDLRLLLL 78
                              677899*********************************8765 PP

>> nat_e0ebc831130fb4447b33  
   #    score  bias  c-Evalue  i-Evalue hmmfrom  hmm to    alifrom  ali to    envfrom  env to     acc
 ---   ------ ----- --------- --------- ------- -------    ------- -------    ------- -------    ----
   1 !   22.7   1.3   3.4e-06   5.5e-06      11      52 ..      23      64 ..       9      69 .. 0.91

  Alignments for each domain:
  == domain 1  score: 22.7 bits;  conditional E-value: 3.4e-06
                      gvpa 11 slaevldriLDkGiviDafvRvslvGieiltieaRvvvasvd 52
                              +l + ldr+L  G+v+   v vsl G+++++i   + + sv 
  nat_e0ebc831130fb4447b33 23 ALVDLLDRLLGTGVVVAGDVVVSLAGVDLVEIRLHLLISSVR 64
                              789*************************************95 PP

>> nat_400956691502e8287169  
   #    score  bias  c-Evalue  i-Evalue hmmfrom  hmm to    alifrom  ali to    envfrom  env to     acc
 ---   ------ ----- --------- --------- ------- -------    ------- -------    ------- -------    ----
   1 !   22.5   1.5   3.9e-06   6.4e-06       6      48 ..      34      76 ..      28      82 .. 0.89

  Alignments for each domain:
  == domain 1  score: 22.5 bits;  conditional E-value: 3.9e-06
                      gvpa  6 asdssslaevldriLDkGiviDafvRvslvGieiltieaRvvv 48
                              a+++ ++ + ldr++ +G v+   v vsl Gi+++ ++ R+ +
  nat_400956691502e8287169 34 ANAAEAVVDLLDRVVHRGAVVTGDVIVSLAGIDLVRLDLRLLL 76
                              5788899*********************************876 PP

>> nat_119a2208a386f4a54d9d  
   #    score  bias  c-Evalue  i-Evalue hmmfrom  hmm to    alifrom  ali to    envfrom  env to     acc
 ---   ------ ----- --------- --------- ------- -------    ------- -------    ------- -------    ----
   1 !   22.5   1.1     4e-06   6.6e-06       7      47 ..      25      65 ..      17      71 .. 0.89

  Alignments for each domain:
  == domain 1  score: 22.5 bits;  conditional E-value: 4e-06
                      gvpa  7 sdssslaevldriLDkGiviDafvRvslvGieiltieaRvv 47
                              +++ ++ + ldr++ +G v+   v +sl Gi+++ ++ R+ 
  nat_119a2208a386f4a54d9d 25 NAAEAVVDLLDRVVHRGAVVTGDVVISLAGIDLVRLDLRLL 65
                              6788999*******************************986 PP

>> nat_1326ea501afe38d8f672  
   #    score  bias  c-Evalue  i-Evalue hmmfrom  hmm to    alifrom  ali to    envfrom  env to     acc
 ---   ------ ----- --------- --------- ------- -------    ------- -------    ------- -------    ----
   1 !   22.4   1.4   4.4e-06   7.2e-06       7      50 ..      28      71 ..      20      74 .. 0.88

  Alignments for each domain:
  == domain 1  score: 22.4 bits;  conditional E-value: 4.4e-06
                      gvpa  7 sdssslaevldriLDkGiviDafvRvslvGieiltieaRvvvas 50
                              +++ ++ + ldr++ +G v+   v +sl Gi+++ ++ R+ +  
  nat_1326ea501afe38d8f672 28 NAAEAVVDLLDRVVHRGAVVTGDVIISLAGIDLVRLDLRLLLLG 71
                              6788999********************************97655 PP

>> nat_ec115643818e77b77aa3  
   #    score  bias  c-Evalue  i-Evalue hmmfrom  hmm to    alifrom  ali to    envfrom  env to     acc
 ---   ------ ----- --------- --------- ------- -------    ------- -------    ------- -------    ----
   1 !   21.9   1.4   5.9e-06   9.8e-06       7      49 ..      37      79 ..      29      83 .. 0.88

  Alignments for each domain:
  == domain 1  score: 21.9 bits;  conditional E-value: 5.9e-06
                      gvpa  7 sdssslaevldriLDkGiviDafvRvslvGieiltieaRvvva 49
                              +++ ++ + ldr++ +G v+   v +sl Gi+++ ++ R+ + 
  nat_ec115643818e77b77aa3 37 NAAEAVVDLLDRVVHRGAVVTGDVIISLAGIDLVRLDLRLLLL 79
                              6788999********************************8765 PP

>> nat_7e1ce867323aad4660fd  
   #    score  bias  c-Evalue  i-Evalue hmmfrom  hmm to    alifrom  ali to    envfrom  env to     acc
 ---   ------ ----- --------- --------- ------- -------    ------- -------    ------- -------    ----
   1 !   21.9   2.8   6.2e-06     1e-05      11      52 ..      20      61 ..      11      64 .. 0.94

  Alignments for each domain:
  == domain 1  score: 21.9 bits;  conditional E-value: 6.2e-06
                      gvpa 11 slaevldriLDkGiviDafvRvslvGieiltieaRvvvasvd 52
                              +l + ldr+L  G+vi   + +s+  ++++ i  R+ vasv 
  nat_7e1ce867323aad4660fd 20 ALVDLLDRVLATGVVISGDITLSIAEVDLVRISLRALVASVG 61
                              799*************************************96 PP

>> nat_e6374c75b60fa8279ed4  
   #    score  bias  c-Evalue  i-Evalue hmmfrom  hmm to    alifrom  ali to    envfrom  env to     acc
 ---   ------ ----- --------- --------- ------- -------    ------- -------    ------- -------    ----
   1 !   20.8   2.7   1.4e-05   2.2e-05      11      52 ..      21      62 ..      13      65 .. 0.94

  Alignments for each domain:
  == domain 1  score: 20.8 bits;  conditional E-value: 1.4e-05
                      gvpa 11 slaevldriLDkGiviDafvRvslvGieiltieaRvvvasvd 52
                              +l + ldr+L  G+vi   + +++  i+++ i  R+ vasv 
  nat_e6374c75b60fa8279ed4 21 ALVDLLDRVLATGVVISGDITLAIADIDLVRISLRALVASVG 62
                              799*************************************96 PP

>> nat_f09b5446213cc775d1f5  
   #    score  bias  c-Evalue  i-Evalue hmmfrom  hmm to    alifrom  ali to    envfrom  env to     acc
 ---   ------ ----- --------- --------- ------- -------    ------- -------    ------- -------    ----
   1 !   20.7   2.7   1.4e-05   2.3e-05      11      51 ..      23      63 ..      14      78 .. 0.94

  Alignments for each domain:
  == domain 1  score: 20.7 bits;  conditional E-value: 1.4e-05
                      gvpa 11 slaevldriLDkGiviDafvRvslvGieiltieaRvvvasv 51
                              +l + ldr+L  G+vi   v +s+  ++++ +  R+++as+
  nat_f09b5446213cc775d1f5 23 ALVDLLDRLLAGGVVITGDVTISIADVDLVRVSLRAIIASI 63
                              699*************************************9 PP

>> nat_c852c7981e77991797c2  
   #    score  bias  c-Evalue  i-Evalue hmmfrom  hmm to    alifrom  ali to    envfrom  env to     acc
 ---   ------ ----- --------- --------- ------- -------    ------- -------    ------- -------    ----
   1 !   20.2   2.2     2e-05   3.3e-05      10      53 ..      14      57 ..       5      60 .. 0.92

  Alignments for each domain:
  == domain 1  score: 20.2 bits;  conditional E-value: 2e-05
                      gvpa 10 sslaevldriLDkGiviDafvRvslvGieiltieaRvvvasvdt 53
                               +l + ldr+L  G+vi   +++++  +++++i  R+ + s+ t
  nat_c852c7981e77991797c2 14 VALVDLLDRVLAGGVVISGDIKLAIADVDLVQISLRALISSIST 57
                              6899**************************************99 PP

>> nat_1907353f8ac65d71949b  
   #    score  bias  c-Evalue  i-Evalue hmmfrom  hmm to    alifrom  ali to    envfrom  env to     acc
 ---   ------ ----- --------- --------- ------- -------    ------- -------    ------- -------    ----
   1 !   20.1   2.1   2.2e-05   3.6e-05       8      47 ..      36      75 ..      28      80 .. 0.89

  Alignments for each domain:
  == domain 1  score: 20.1 bits;  conditional E-value: 2.2e-05
                      gvpa  8 dssslaevldriLDkGiviDafvRvslvGieiltieaRvv 47
                              ++ ++ + ldr++ +G v+   v +sl Gi+++ ++ R+ 
  nat_1907353f8ac65d71949b 36 AAEAVVDLLDRVVHRGAVVTGDVIISLAGIDLVRLDLRLL 75
                              567899*******************************986 PP

>> nat_12a24c2ab9a08baa2623  
   #    score  bias  c-Evalue  i-Evalue hmmfrom  hmm to    alifrom  ali to    envfrom  env to     acc
 ---   ------ ----- --------- --------- ------- -------    ------- -------    ------- -------    ----
   1 !   20.3   2.6   1.9e-05   3.2e-05      11      52 ..      21      62 ..      12      65 .. 0.94

  Alignments for each domain:
  == domain 1  score: 20.3 bits;  conditional E-value: 1.9e-05
                      gvpa 11 slaevldriLDkGiviDafvRvslvGieiltieaRvvvasvd 52
                              +l + ldr+L  G+vi   + +++  i+++ +  R+ +asv 
  nat_12a24c2ab9a08baa2623 21 ALVDLLDRVLATGVVITGDITLAIADIDLVRVSLRALIASVG 62
                              799*************************************96 PP

>> nat_72e84071ee76b40912a9  
   #    score  bias  c-Evalue  i-Evalue hmmfrom  hmm to    alifrom  ali to    envfrom  env to     acc
 ---   ------ ----- --------- --------- ------- -------    ------- -------    ------- -------    ----
   1 !   20.2   0.4   2.1e-05   3.4e-05      10      51 ..      21      62 ..      13      64 .. 0.94

  Alignments for each domain:
  == domain 1  score: 20.2 bits;  conditional E-value: 2.1e-05
                      gvpa 10 sslaevldriLDkGiviDafvRvslvGieiltieaRvvvasv 51
                              +sl + ldr+L+ G v+   v +s+  ++++ ++ R+v+ sv
  nat_72e84071ee76b40912a9 21 ASLIDLLDRLLNGGAVLTGDVVLSIADVDLVHVNLRAVIRSV 62
                              79***************************************9 PP

>> nat_48e9ecb8ea26e11eb74d  
   #    score  bias  c-Evalue  i-Evalue hmmfrom  hmm to    alifrom  ali to    envfrom  env to     acc
 ---   ------ ----- --------- --------- ------- -------    ------- -------    ------- -------    ----
   1 !   20.1   0.2   2.1e-05   3.5e-05      10      54 ..      24      68 ..      11      77 .. 0.92

  Alignments for each domain:
  == domain 1  score: 20.1 bits;  conditional E-value: 2.1e-05
                      gvpa 10 sslaevldriLDkGiviDafvRvslvGieiltieaRvvvasvdty 54
                               +l + ldr+L  G++i   +++++  +++++i  R+ + s+ t 
  nat_48e9ecb8ea26e11eb74d 24 IALVDLLDRVLAGGVIITGDIKLAIADVDLVQISLRALISSISTL 68
                              5799**************************************996 PP

>> nat_7f2f7e62d33f9e83854a  
   #    score  bias  c-Evalue  i-Evalue hmmfrom  hmm to    alifrom  ali to    envfrom  env to     acc
 ---   ------ ----- --------- --------- ------- -------    ------- -------    ------- -------    ----
   1 !   19.6   3.8   3.2e-05   5.2e-05       7      47 ..      37      77 ..      28      83 .. 0.88

  Alignments for each domain:
  == domain 1  score: 19.6 bits;  conditional E-value: 3.2e-05
                      gvpa  7 sdssslaevldriLDkGiviDafvRvslvGieiltieaRvv 47
                              +++ ++ + ldr++ +G v+   v +sl Gi+++ ++ R+ 
  nat_7f2f7e62d33f9e83854a 37 NAAEAVVDLLDRVVHRGAVVSGDVIISLAGIDLVRLDLRLL 77
                              778899********************************986 PP

>> nat_3390f7fbd078cd08a119  
   #    score  bias  c-Evalue  i-Evalue hmmfrom  hmm to    alifrom  ali to    envfrom  env to     acc
 ---   ------ ----- --------- --------- ------- -------    ------- -------    ------- -------    ----
   1 !   19.2   2.1   4.2e-05   6.9e-05      11      51 ..      31      71 ..      21      75 .. 0.91

  Alignments for each domain:
  == domain 1  score: 19.2 bits;  conditional E-value: 4.2e-05
                      gvpa 11 slaevldriLDkGiviDafvRvslvGieiltieaRvvvasv 51
                              +l + ldr+L  G+v+   v vsl G+++++i   +++ +v
  nat_3390f7fbd078cd08a119 31 ALVDLLDRLLGSGVVVAGDVVVSLAGVDLVEIRLQLMISAV 71
                              689*****************************999999887 PP

>> nat_3878c8f21f617dc3063f  
   #    score  bias  c-Evalue  i-Evalue hmmfrom  hmm to    alifrom  ali to    envfrom  env to     acc
 ---   ------ ----- --------- --------- ------- -------    ------- -------    ------- -------    ----
   1 !   18.7   1.7     6e-05   9.8e-05      10      54 ..      24      68 ..      15      72 .. 0.91

  Alignments for each domain:
  == domain 1  score: 18.7 bits;  conditional E-value: 6e-05
                      gvpa 10 sslaevldriLDkGiviDafvRvslvGieiltieaRvvvasvdty 54
                               +l + ldr+L  G++i   +++++  +++++i  R+ + s+ t 
  nat_3878c8f21f617dc3063f 24 VALVDLLDRVLAGGVIITGDIKLAIADVDLVQISLRALISSISTL 68
                              6899**************************************995 PP

>> nat_9e4e510bac6a23505f71  
   #    score  bias  c-Evalue  i-Evalue hmmfrom  hmm to    alifrom  ali to    envfrom  env to     acc
 ---   ------ ----- --------- --------- ------- -------    ------- -------    ------- -------    ----
   1 !   18.7   1.6   6.1e-05    0.0001       9      51 ..      19      61 ..       9      63 .. 0.93

  Alignments for each domain:
  == domain 1  score: 18.7 bits;  conditional E-value: 6.1e-05
                      gvpa  9 ssslaevldriLDkGiviDafvRvslvGieiltieaRvvvasv 51
                               ++l + ldr+L  G+v+   v +s+  i+++ i  R+ + s+
  nat_9e4e510bac6a23505f71 19 QAALIDLLDRLLSGGVVVTGDVVLSIADIDLVRISLRALIVSI 61
                              5789************************************998 PP

>> nat_970e328c0ded530748ae  
   #    score  bias  c-Evalue  i-Evalue hmmfrom  hmm to    alifrom  ali to    envfrom  env to     acc
 ---   ------ ----- --------- --------- ------- -------    ------- -------    ------- -------    ----
   1 !   18.3   3.4   7.7e-05   0.00013      10      51 ..      22      63 ..      13      65 .. 0.93

  Alignments for each domain:
  == domain 1  score: 18.3 bits;  conditional E-value: 7.7e-05
                      gvpa 10 sslaevldriLDkGiviDafvRvslvGieiltieaRvvvasv 51
                               +l + ldr+L  G+v+   v +s+ Gi+++ i  R+ + sv
  nat_970e328c0ded530748ae 22 VALVDLLDRLLAGGVVVTGDVVLSISGIDLVRISLRALLVSV 63
                              5799*********************************99998 PP

>> nat_9e5eb3fd2df1c3414b29  
   #    score  bias  c-Evalue  i-Evalue hmmfrom  hmm to    alifrom  ali to    envfrom  env to     acc
 ---   ------ ----- --------- --------- ------- -------    ------- -------    ------- -------    ----
   1 !   18.4   2.3   7.1e-05   0.00012      10      53 ..      14      57 ..       4      64 .. 0.92

  Alignments for each domain:
  == domain 1  score: 18.4 bits;  conditional E-value: 7.1e-05
                      gvpa 10 sslaevldriLDkGiviDafvRvslvGieiltieaRvvvasvdt 53
                               +l + ldr+L  G++i   +++++  +++++i  R+ + s+ t
  nat_9e5eb3fd2df1c3414b29 14 VALVDLLDRVLAGGVIISGDIKLAIADVDLVQISLRALISSIST 57
                              5799**************************************98 PP

>> nat_03763a00c2145a246704  
   #    score  bias  c-Evalue  i-Evalue hmmfrom  hmm to    alifrom  ali to    envfrom  env to     acc
 ---   ------ ----- --------- --------- ------- -------    ------- -------    ------- -------    ----
   1 !   18.3   2.1   7.7e-05   0.00013      10      51 ..      22      63 ..       4      67 .. 0.94

  Alignments for each domain:
  == domain 1  score: 18.3 bits;  conditional E-value: 7.7e-05
                      gvpa 10 sslaevldriLDkGiviDafvRvslvGieiltieaRvvvasv 51
                               +l + ldr+L  G+v+     +s+  i+++ i  R+ +asv
  nat_03763a00c2145a246704 22 VALVDLLDRLLAGGVVVAGDLVLSIADIDLVRISLRALIASV 63
                              5799*************************************9 PP

>> nat_065fd8fdc2701d3a4560  
   #    score  bias  c-Evalue  i-Evalue hmmfrom  hmm to    alifrom  ali to    envfrom  env to     acc
 ---   ------ ----- --------- --------- ------- -------    ------- -------    ------- -------    ----
   1 !   17.3   0.1   0.00016   0.00026      11      53 ..      27      69 ..      22      72 .. 0.91

  Alignments for each domain:
  == domain 1  score: 17.3 bits;  conditional E-value: 0.00016
                      gvpa 11 slaevldriLDkGiviDafvRvslvGieiltieaRvvvasvdt 53
                              +l + +d +LDkG+ +     + l G++++ +   +v+ + d 
  nat_065fd8fdc2701d3a4560 27 TLLDLVDNLLDKGLLVHGELVIGLAGVDLVYVGLSAVICAADR 69
                              689*******************************999988775 PP

>> nat_ad3e371bbe2427eb778d  
   #    score  bias  c-Evalue  i-Evalue hmmfrom  hmm to    alifrom  ali to    envfrom  env to     acc
 ---   ------ ----- --------- --------- ------- -------    ------- -------    ------- -------    ----
   1 !   17.0   2.8    0.0002   0.00032      11      51 ..      17      57 ..      10      65 .. 0.91

  Alignments for each domain:
  == domain 1  score: 17.0 bits;  conditional E-value: 0.0002
                      gvpa 11 slaevldriLDkGiviDafvRvslvGieiltieaRvvvasv 51
                              +l + ldr+L  G+v+   v +s+  i+++ i  R+vv ++
  nat_ad3e371bbe2427eb778d 17 ALIDLLDRLLSGGVVVTGDVVLSIADIDLVRISLRAVVIAI 57
                              799********************************999766 PP

>> nat_40323b53e14ada1bf4ba  
   #    score  bias  c-Evalue  i-Evalue hmmfrom  hmm to    alifrom  ali to    envfrom  env to     acc
 ---   ------ ----- --------- --------- ------- -------    ------- -------    ------- -------    ----
   1 !   17.1   1.7   0.00018    0.0003       6      49 ..       8      51 ..       1      55 [. 0.88

  Alignments for each domain:
  == domain 1  score: 17.1 bits;  conditional E-value: 0.00018
                      gvpa  6 asdssslaevldriLDkGiviDafvRvslvGieiltieaRvvva 49
                              + +  +l + +dr++  G+v+   v +sl G++++ +  R+v+a
  nat_40323b53e14ada1bf4ba  8 SGEQVALVDLVDRLIGGGVVVTGDVVLSLAGVDLVYLGLRLVLA 51
                              4677899***********************************98 PP

>> nat_a05d2a4091bc6540fd5e  
   #    score  bias  c-Evalue  i-Evalue hmmfrom  hmm to    alifrom  ali to    envfrom  env to     acc
 ---   ------ ----- --------- --------- ------- -------    ------- -------    ------- -------    ----
   1 !   16.9   4.0   0.00022   0.00036      11      51 ..      23      63 ..      14      66 .. 0.94

  Alignments for each domain:
  == domain 1  score: 16.9 bits;  conditional E-value: 0.00022
                      gvpa 11 slaevldriLDkGiviDafvRvslvGieiltieaRvvvasv 51
                              +l + ldr+L  G+v+   v +s+ Gi+++ i  R+ + sv
  nat_a05d2a4091bc6540fd5e 23 ALVDLLDRLLAGGVVVTGDVVLSISGIDLVRISLRALLVSV 63
                              799*********************************99998 PP

>> nat_cac659721d3722d1a8be  
   #    score  bias  c-Evalue  i-Evalue hmmfrom  hmm to    alifrom  ali to    envfrom  env to     acc
 ---   ------ ----- --------- --------- ------- -------    ------- -------    ------- -------    ----
   1 !   16.5   3.4   0.00027   0.00045      10      51 ..      22      63 ..      12      69 .. 0.93

  Alignments for each domain:
  == domain 1  score: 16.5 bits;  conditional E-value: 0.00027
                      gvpa 10 sslaevldriLDkGiviDafvRvslvGieiltieaRvvvasv 51
                               +l + ldr+L  G+v+     +s+  i+++ i +R+ + sv
  nat_cac659721d3722d1a8be 22 VALVDLLDRLLAGGVVVHGDLVLSIADIDLVRISVRALIMSV 63
                              5799*************************************9 PP

>> nat_63e50dde20dac61b7920  
   #    score  bias  c-Evalue  i-Evalue hmmfrom  hmm to    alifrom  ali to    envfrom  env to     acc
 ---   ------ ----- --------- --------- ------- -------    ------- -------    ------- -------    ----
   1 !   16.1   1.3   0.00037    0.0006      10      51 ..      22      63 ..      10      65 .. 0.93

  Alignments for each domain:
  == domain 1  score: 16.1 bits;  conditional E-value: 0.00037
                      gvpa 10 sslaevldriLDkGiviDafvRvslvGieiltieaRvvvasv 51
                               +l + ldr+L  G+v+   v +s+  i+++ +  R+ + s+
  nat_63e50dde20dac61b7920 22 VALIDLLDRLLSGGVVLTGDVVLSIADIDLVRVSLRALIVSI 63
                              5799***********************************998 PP

>> nat_5a0a9494221c4659412c  
   #    score  bias  c-Evalue  i-Evalue hmmfrom  hmm to    alifrom  ali to    envfrom  env to     acc
 ---   ------ ----- --------- --------- ------- -------    ------- -------    ------- -------    ----
   1 !   16.2   5.5   0.00036   0.00059      10      53 ..      14      57 ..       2      60 .. 0.92

  Alignments for each domain:
  == domain 1  score: 16.2 bits;  conditional E-value: 0.00036
                      gvpa 10 sslaevldriLDkGiviDafvRvslvGieiltieaRvvvasvdt 53
                               +l + ldr+L  G+vi   +++++  ++++++  R+ + s+ t
  nat_5a0a9494221c4659412c 14 VALVDLLDRVLAGGVVISGDIKLAIADVDLVQVSLRALISSIST 57
                              5799**************************************98 PP

>> nat_2d9f554b7cf506370a12  
   #    score  bias  c-Evalue  i-Evalue hmmfrom  hmm to    alifrom  ali to    envfrom  env to     acc
 ---   ------ ----- --------- --------- ------- -------    ------- -------    ------- -------    ----
   1 !   15.9   3.8   0.00043   0.00071      10      52 ..      18      60 ..       9      62 .. 0.91

  Alignments for each domain:
  == domain 1  score: 15.9 bits;  conditional E-value: 0.00043
                      gvpa 10 sslaevldriLDkGiviDafvRvslvGieiltieaRvvvasvd 52
                               +l + ldr+L  G+v+   v +s+  i+++ i  R+ + s+ 
  nat_2d9f554b7cf506370a12 18 VALIDLLDRLLSGGVVVTGDVVLSIADIDLVRISLRALIVSIS 60
                              5799***********************************9985 PP

>> nat_bcd02030b41a775b0edc  
   #    score  bias  c-Evalue  i-Evalue hmmfrom  hmm to    alifrom  ali to    envfrom  env to     acc
 ---   ------ ----- --------- --------- ------- -------    ------- -------    ------- -------    ----
   1 !   15.4   3.0   0.00064     0.001      11      51 ..      23      63 ..      16      66 .. 0.94

  Alignments for each domain:
  == domain 1  score: 15.4 bits;  conditional E-value: 0.00064
                      gvpa 11 slaevldriLDkGiviDafvRvslvGieiltieaRvvvasv 51
                              +l + ldr+L  G+v+   v +s+ G++++ i  R+ + sv
  nat_bcd02030b41a775b0edc 23 ALVDLLDRLLTGGVVVTGDVVLSISGLDLVRISLRALLVSV 63
                              799*********************************99998 PP

>> nat_4a1d68dafdaa878722dd  
   #    score  bias  c-Evalue  i-Evalue hmmfrom  hmm to    alifrom  ali to    envfrom  env to     acc
 ---   ------ ----- --------- --------- ------- -------    ------- -------    ------- -------    ----
   1 !   15.4   3.8   0.00061     0.001      11      51 ..      19      59 ..      10      62 .. 0.93

  Alignments for each domain:
  == domain 1  score: 15.4 bits;  conditional E-value: 0.00061
                      gvpa 11 slaevldriLDkGiviDafvRvslvGieiltieaRvvvasv 51
                              +l + ldr+L  G+v+   v +s+  i+++ i  R+ + s+
  nat_4a1d68dafdaa878722dd 19 ALIDLLDRLLSGGVVVTGDVVLSIADIDLVRISLRALIVSI 59
                              799***********************************998 PP

>> nat_7fe76358dfedb7e7d8ad  
   #    score  bias  c-Evalue  i-Evalue hmmfrom  hmm to    alifrom  ali to    envfrom  env to     acc
 ---   ------ ----- --------- --------- ------- -------    ------- -------    ------- -------    ----
   1 !   15.1   1.9   0.00079    0.0013      11      51 ..      23      63 ..      16      65 .. 0.95

  Alignments for each domain:
  == domain 1  score: 15.1 bits;  conditional E-value: 0.00079
                      gvpa 11 slaevldriLDkGiviDafvRvslvGieiltieaRvvvasv 51
                              +l + ldr+L  G+ ++  v +s+  i++++i  R+ + sv
  nat_7fe76358dfedb7e7d8ad 23 ALVDLLDRLLAGGVTVNGDVVLSIADIDLVQISLRLLIMSV 63
                              799************************************99 PP

>> nat_2f4bcf9c4df2b9e2be92  
   #    score  bias  c-Evalue  i-Evalue hmmfrom  hmm to    alifrom  ali to    envfrom  env to     acc
 ---   ------ ----- --------- --------- ------- -------    ------- -------    ------- -------    ----
   1 !   15.1   0.1   0.00079    0.0013      11      52 ..      27      68 ..      19      72 .. 0.88

  Alignments for each domain:
  == domain 1  score: 15.1 bits;  conditional E-value: 0.00079
                      gvpa 11 slaevldriLDkGiviDafvRvslvGieiltieaRvvvasvd 52
                              +l + +d +LDkG+ +     + l G++++ +   +++ + d
  nat_2f4bcf9c4df2b9e2be92 27 TLLDLVDNLLDKGLLVHGELVIGLAGVDLVYVGLSAMICAAD 68
                              799***************************998887777666 PP

>> nat_9898cabbd5e0fe5bcffe  
   #    score  bias  c-Evalue  i-Evalue hmmfrom  hmm to    alifrom  ali to    envfrom  env to     acc
 ---   ------ ----- --------- --------- ------- -------    ------- -------    ------- -------    ----
   1 !   14.5   4.1    0.0012    0.0019      10      51 ..      15      56 ..       5      58 .. 0.93

  Alignments for each domain:
  == domain 1  score: 14.5 bits;  conditional E-value: 0.0012
                      gvpa 10 sslaevldriLDkGiviDafvRvslvGieiltieaRvvvasv 51
                               +l + ldr+L  G+vi     +s+  ++++ i  Rv + sv
  nat_9898cabbd5e0fe5bcffe 15 VALVDLLDRLLAGGVVISGDLVLSIADVDLVRISLRVLIGSV 56
                              5799*************************************9 PP

>> nat_c8cecfb77632c28453b2  
   #    score  bias  c-Evalue  i-Evalue hmmfrom  hmm to    alifrom  ali to    envfrom  env to     acc
 ---   ------ ----- --------- --------- ------- -------    ------- -------    ------- -------    ----
   1 !   13.9   1.3    0.0018     0.003      11      52 ..       2      43 ..       1      49 [. 0.92

  Alignments for each domain:
  == domain 1  score: 13.9 bits;  conditional E-value: 0.0018
                      gvpa 11 slaevldriLDkGiviDafvRvslvGieiltieaRvvvasvd 52
                              +l + ldr+L  G+vi     + +  ++++ ++ R+ + sv+
  nat_c8cecfb77632c28453b2  2 ALIDLLDRLLAGGVVIAGDLTLRIADVDLVRVDLRALISSVN 43
                              5899************88888888999*************97 PP

>> nat_153fd28bce58c6b649fd  
   #    score  bias  c-Evalue  i-Evalue hmmfrom  hmm to    alifrom  ali to    envfrom  env to     acc
 ---   ------ ----- --------- --------- ------- -------    ------- -------    ------- -------    ----
   1 !   13.9   3.0    0.0018     0.003      11      51 ..      23      63 ..      16      65 .. 0.95

  Alignments for each domain:
  == domain 1  score: 13.9 bits;  conditional E-value: 0.0018
                      gvpa 11 slaevldriLDkGiviDafvRvslvGieiltieaRvvvasv 51
                              +l + ldr+L  G+v+     +s+  i+++ +  Rv + sv
  nat_153fd28bce58c6b649fd 23 ALVDLLDRLLAGGVVVTGDLVLSIADIDLVRVSLRVLLTSV 63
                              799***********************************998 PP

>> nat_86681ddf38afc42e15b1  
   #    score  bias  c-Evalue  i-Evalue hmmfrom  hmm to    alifrom  ali to    envfrom  env to     acc
 ---   ------ ----- --------- --------- ------- -------    ------- -------    ------- -------    ----
   1 !   13.2   3.3     0.003    0.0049      11      51 ..      22      62 ..      13      64 .. 0.92

  Alignments for each domain:
  == domain 1  score: 13.2 bits;  conditional E-value: 0.003
                      gvpa 11 slaevldriLDkGiviDafvRvslvGieiltieaRvvvasv 51
                              +l + ldr+L  G+v+   v +s+  i+++ i  R+ + ++
  nat_86681ddf38afc42e15b1 22 ALIDLLDRLLSGGVVVTGDVVLSIADIDLVRISLRALIVAI 62
                              689********************************988765 PP

>> nat_76b9bfd05f9cb7a2e5e7  
   #    score  bias  c-Evalue  i-Evalue hmmfrom  hmm to    alifrom  ali to    envfrom  env to     acc
 ---   ------ ----- --------- --------- ------- -------    ------- -------    ------- -------    ----
   1 !   13.0   2.3    0.0034    0.0056      10      51 ..      23      64 ..      12      68 .. 0.92

  Alignments for each domain:
  == domain 1  score: 13.0 bits;  conditional E-value: 0.0034
                      gvpa 10 sslaevldriLDkGiviDafvRvslvGieiltieaRvvvasv 51
                               +l + ldr+L  G+v+     +s+  i+++ i  R+ + sv
  nat_76b9bfd05f9cb7a2e5e7 23 VALVDLLDRLLAGGVVVTGDLVLSIADIDLVRISLRALLMSV 64
                              5799**********************************9998 PP

>> nat_68089f3136e08c8655d5  
   #    score  bias  c-Evalue  i-Evalue hmmfrom  hmm to    alifrom  ali to    envfrom  env to     acc
 ---   ------ ----- --------- --------- ------- -------    ------- -------    ------- -------    ----
   1 !   11.5  13.0    0.0099     0.016      10      54 ..      10      54 ..       1     104 [. 0.72

  Alignments for each domain:
  == domain 1  score: 11.5 bits;  conditional E-value: 0.0099
                      gvpa 10 sslaevldriLDkGiviDafvRvslvGieiltieaRvvvasvdty 54
                               +l + ldr+L  G+v+   v +++  ++++ +  R+ v sv t 
  nat_68089f3136e08c8655d5 10 VALVDLLDRVLTTGVVVAGDVTIAIAEVDLVRVSLRALVSSVSTA 54
                              5799**************************************994 PP

>> nat_08095d9387557239b7fa  
   #    score  bias  c-Evalue  i-Evalue hmmfrom  hmm to    alifrom  ali to    envfrom  env to     acc
 ---   ------ ----- --------- --------- ------- -------    ------- -------    ------- -------    ----
   1 !   12.4   0.0    0.0053    0.0087      10      58 ..      10      58 ..       1      96 [. 0.81

  Alignments for each domain:
  == domain 1  score: 12.4 bits;  conditional E-value: 0.0053
                      gvpa 10 sslaevldriLDkGiviDafvRvslvGieiltieaRvvvasvdtyLrya 58
                               ++a  l+r L+kG +++a   + +  i ++++   + +a ++  ++y 
  nat_08095d9387557239b7fa 10 EGVAGLLNRALNKGAILNADLLITVNDIPLVAVRLQAAIANMELMVKYG 58
                              68999***************************************99995 PP

>> nat_d24a0f91a34bbf48a22b  
   #    score  bias  c-Evalue  i-Evalue hmmfrom  hmm to    alifrom  ali to    envfrom  env to     acc
 ---   ------ ----- --------- --------- ------- -------    ------- -------    ------- -------    ----
   1 ?   11.6   4.1     0.009     0.015      10      51 ..      16      57 ..       9      59 .. 0.91

  Alignments for each domain:
  == domain 1  score: 11.6 bits;  conditional E-value: 0.009
                      gvpa 10 sslaevldriLDkGiviDafvRvslvGieiltieaRvvvasv 51
                               +l + ldr+L  G+v+     +s+  i+++ +  R+vv ++
  nat_d24a0f91a34bbf48a22b 16 VALIDLLDRLLSGGVVLTGDLVLSIADIDLVRVSLRAVVVAI 57
                              5799********************************999765 PP

>> nat_dfcd4d5922ac3741b10b  
   #    score  bias  c-Evalue  i-Evalue hmmfrom  hmm to    alifrom  ali to    envfrom  env to     acc
 ---   ------ ----- --------- --------- ------- -------    ------- -------    ------- -------    ----
   1 ?   11.7   0.0     0.009     0.015      10      58 ..      10      58 ..       1      94 [. 0.90

  Alignments for each domain:
  == domain 1  score: 11.7 bits;  conditional E-value: 0.009
                      gvpa 10 sslaevldriLDkGiviDafvRvslvGieiltieaRvvvasvdtyLrya 58
                               ++a  l+r L+kG +++a   + +  i ++++   + +a ++  ++y 
  nat_dfcd4d5922ac3741b10b 10 EGVAGLLNRALNKGAILNADLLITVNDIPLVAVRLQAAIANMELMVKYG 58
                              68999**************************************999995 PP

>> nat_504c0cf484c520b01106  
   #    score  bias  c-Evalue  i-Evalue hmmfrom  hmm to    alifrom  ali to    envfrom  env to     acc
 ---   ------ ----- --------- --------- ------- -------    ------- -------    ------- -------    ----
   1 ?   10.8   0.6     0.017     0.028      11      51 ..      28      68 ..      20      72 .. 0.88

  Alignments for each domain:
  == domain 1  score: 10.8 bits;  conditional E-value: 0.017
                      gvpa 11 slaevldriLDkGiviDafvRvslvGieiltieaRvvvasv 51
                               l + ldr+L  G+v+     +++  + ++ i   + +asv
  nat_504c0cf484c520b01106 28 PLVDLLDRVLATGVVVSGDLVLAIADVPLVRISLHALLASV 68
                              589*************9999999999999999999999998 PP

>> nat_846fac879b04f20b8dd4  
   #    score  bias  c-Evalue  i-Evalue hmmfrom  hmm to    alifrom  ali to    envfrom  env to     acc
 ---   ------ ----- --------- --------- ------- -------    ------- -------    ------- -------    ----
   1 ?   10.5   2.6     0.021     0.034      12      51 ..      29      68 ..      23      71 .. 0.93

  Alignments for each domain:
  == domain 1  score: 10.5 bits;  conditional E-value: 0.021
                      gvpa 12 laevldriLDkGiviDafvRvslvGieiltieaRvvvasv 51
                              l + ldr+L  G+v+     +++  + ++ i   v +asv
  nat_846fac879b04f20b8dd4 29 LVDLLDRVLATGVVVSGDLVLAIADVPLVRISLHVLLASV 68
                              899**************999*******************9 PP

>> nat_5b4a90bc03c35db512fd  
   #    score  bias  c-Evalue  i-Evalue hmmfrom  hmm to    alifrom  ali to    envfrom  env to     acc
 ---   ------ ----- --------- --------- ------- -------    ------- -------    ------- -------    ----
   1 ?    9.7   0.7     0.036     0.059       9      51 ..      17      59 ..       9      61 .. 0.86

  Alignments for each domain:
  == domain 1  score: 9.7 bits;  conditional E-value: 0.036
                      gvpa  9 ssslaevldriLDkGiviDafvRvslvGieiltieaRvvvasv 51
                                +l + ldr+L  G+v+     + +  ++++ i+  + + sv
  nat_5b4a90bc03c35db512fd 17 ELALVDLLDRLLAGGVVLTGDLTLRIADVDLVRIDLSALISSV 59
                              55799*************8888888889999****99999998 PP

>> nat_d9cf1a4e61be35e90f85  
   #    score  bias  c-Evalue  i-Evalue hmmfrom  hmm to    alifrom  ali to    envfrom  env to     acc
 ---   ------ ----- --------- --------- ------- -------    ------- -------    ------- -------    ----
   1 ?    9.4   1.6     0.045     0.074       9      51 ..      16      58 ..       5      60 .. 0.90

  Alignments for each domain:
  == domain 1  score: 9.4 bits;  conditional E-value: 0.045
                      gvpa  9 ssslaevldriLDkGiviDafvRvslvGieiltieaRvvvasv 51
                                +l + ldr+L  G v+     +s+  ++++ +  R+ + +v
  nat_d9cf1a4e61be35e90f85 16 RVALVDLLDRLLAGGAVLTGDLVISIAEVDLVHVSLRALIMAV 58
                              56899********************************999876 PP

>> nat_361f2bffb29a57e42966  
   #    score  bias  c-Evalue  i-Evalue hmmfrom  hmm to    alifrom  ali to    envfrom  env to     acc
 ---   ------ ----- --------- --------- ------- -------    ------- -------    ------- -------    ----
   1 ?    9.1   2.1     0.057     0.094      12      51 ..      18      57 ..      12      60 .. 0.89

  Alignments for each domain:
  == domain 1  score: 9.1 bits;  conditional E-value: 0.057
                      gvpa 12 laevldriLDkGiviDafvRvslvGieiltieaRvvvasv 51
                              l + ldr+L  G+v+     +++  + ++ i   + +asv
  nat_361f2bffb29a57e42966 18 LVDLLDRVLATGVVVSGDLVLAIADVPLVRISLHALLASV 57
                              899************9999999999999999999999998 PP

>> nat_c383624a53bd673fde11  
   #    score  bias  c-Evalue  i-Evalue hmmfrom  hmm to    alifrom  ali to    envfrom  env to     acc
 ---   ------ ----- --------- --------- ------- -------    ------- -------    ------- -------    ----
   1 ?    7.6   1.2      0.17      0.27      12      51 ..      29      68 ..      23      71 .. 0.79

  Alignments for each domain:
  == domain 1  score: 7.6 bits;  conditional E-value: 0.17
                      gvpa 12 laevldriLDkGiviDafvRvslvGieiltieaRvvvasv 51
                              l + ldr+L  G+v+     +++  + ++ +   + + sv
  nat_c383624a53bd673fde11 29 LVDLLDRVLATGVVVSGDLVLAIADVPLVRVSLHALLSSV 68
                              899************8777777777777777777766666 PP

>> nat_ba6ff0ac3294d2c6818f  
   #    score  bias  c-Evalue  i-Evalue hmmfrom  hmm to    alifrom  ali to    envfrom  env to     acc
 ---   ------ ----- --------- --------- ------- -------    ------- -------    ------- -------    ----
   1 ?    7.4   2.4      0.18       0.3      12      51 ..      24      63 ..      19      66 .. 0.85

  Alignments for each domain:
  == domain 1  score: 7.4 bits;  conditional E-value: 0.18
                      gvpa 12 laevldriLDkGiviDafvRvslvGieiltieaRvvvasv 51
                              l + ldr+L  G+v+     +++  + ++ +   + + sv
  nat_ba6ff0ac3294d2c6818f 24 LVDLLDRVLATGVVVSGDLVIAIADVPLVRVSLHALLSSV 63
                              889************9888888888888888888877777 PP

>> nat_08a343a9dea7d3e71216  
   #    score  bias  c-Evalue  i-Evalue hmmfrom  hmm to    alifrom  ali to    envfrom  env to     acc
 ---   ------ ----- --------- --------- ------- -------    ------- -------    ------- -------    ----
   1 ?    7.4   1.7      0.18       0.3      12      50 ..      23      61 ..      19      64 .. 0.74

  Alignments for each domain:
  == domain 1  score: 7.4 bits;  conditional E-value: 0.18
                      gvpa 12 laevldriLDkGiviDafvRvslvGieiltieaRvvvas 50
                              l + ldr+L  G+vi     +++  + ++ +   + + s
  nat_08a343a9dea7d3e71216 23 LVDLLDRVLSTGVVISGDLVIAIADVPLVRLSLHALLSS 61
                              889************876666666666666665555555 PP

>> nat_4b9401c72d1b603af896  
   #    score  bias  c-Evalue  i-Evalue hmmfrom  hmm to    alifrom  ali to    envfrom  env to     acc
 ---   ------ ----- --------- --------- ------- -------    ------- -------    ------- -------    ----
   1 ?    7.2   1.6      0.22      0.37      12      51 ..      29      68 ..      23      71 .. 0.79

  Alignments for each domain:
  == domain 1  score: 7.2 bits;  conditional E-value: 0.22
                      gvpa 12 laevldriLDkGiviDafvRvslvGieiltieaRvvvasv 51
                              l + ldr+L  G+v+     +++  + ++ +   + + sv
  nat_4b9401c72d1b603af896 29 LVDLLDRVLATGVVVSGDLVLAIADVPLVRVSLHALLSSV 68
                              899************8777777777777777777766666 PP

>> nat_f9df0af090db19867f68  
   #    score  bias  c-Evalue  i-Evalue hmmfrom  hmm to    alifrom  ali to    envfrom  env to     acc
 ---   ------ ----- --------- --------- ------- -------    ------- -------    ------- -------    ----
   1 ?    7.0   2.0      0.26      0.42      12      50 ..      22      60 ..      18      64 .. 0.75

  Alignments for each domain:
  == domain 1  score: 7.0 bits;  conditional E-value: 0.26
                      gvpa 12 laevldriLDkGiviDafvRvslvGieiltieaRvvvas 50
                              l + ldr+L  G+vi     +++  + ++ +   + + s
  nat_f9df0af090db19867f68 22 LVDLLDRVLATGVVISGDLVIAIADVPLVRLSLHALLSS 60
                              889************876666666666666666555555 PP

>> nat_e776d466f02718e89751  
   #    score  bias  c-Evalue  i-Evalue hmmfrom  hmm to    alifrom  ali to    envfrom  env to     acc
 ---   ------ ----- --------- --------- ------- -------    ------- -------    ------- -------    ----
   1 ?    6.6   3.5      0.32      0.53      12      51 ..      17      56 ..      13      59 .. 0.86

  Alignments for each domain:
  == domain 1  score: 6.6 bits;  conditional E-value: 0.32
                      gvpa 12 laevldriLDkGiviDafvRvslvGieiltieaRvvvasv 51
                              l + ldr+L  G+v+     +++  + ++ +   + + sv
  nat_e776d466f02718e89751 17 LVDLLDRVLATGVVVSGDLVIAIADVPLVRVSLHALLSSV 56
                              889************9988888888888888888888777 PP

>> nat_1e2816be454b049f1920  
   #    score  bias  c-Evalue  i-Evalue hmmfrom  hmm to    alifrom  ali to    envfrom  env to     acc
 ---   ------ ----- --------- --------- ------- -------    ------- -------    ------- -------    ----
   1 ?    6.6   2.3      0.32      0.53      12      50 ..      22      60 ..      18      64 .. 0.75

  Alignments for each domain:
  == domain 1  score: 6.6 bits;  conditional E-value: 0.32
                      gvpa 12 laevldriLDkGiviDafvRvslvGieiltieaRvvvas 50
                              l + ldr+L  G+v+     +++  + ++ +   + + s
  nat_1e2816be454b049f1920 22 LVDLLDRVLSTGVVVSGDLVIAIADVPLVRLSLHALLSS 60
                              889************876666666666666665555555 PP

>> nat_7370222c1be99389cd87  
   #    score  bias  c-Evalue  i-Evalue hmmfrom  hmm to    alifrom  ali to    envfrom  env to     acc
 ---   ------ ----- --------- --------- ------- -------    ------- -------    ------- -------    ----
   1 ?    6.5   3.9      0.36      0.59      12      52 ..      22      62 ..      18      65 .. 0.88

  Alignments for each domain:
  == domain 1  score: 6.5 bits;  conditional E-value: 0.36
                      gvpa 12 laevldriLDkGiviDafvRvslvGieiltieaRvvvasvd 52
                              l + ldr+L  G+v+     +++  + ++ +   + + sv+
  nat_7370222c1be99389cd87 22 LVDLLDRVLGTGVVVSGDLVIAIADVPLVRVSLHALLSSVN 62
                              889************99999999999999999888888886 PP

>> nat_e43d8fc75f0711ed613e  
   #    score  bias  c-Evalue  i-Evalue hmmfrom  hmm to    alifrom  ali to    envfrom  env to     acc
 ---   ------ ----- --------- --------- ------- -------    ------- -------    ------- -------    ----
   1 ?    5.4   3.3      0.81       1.3      12      52 ..      25      65 ..      21      68 .. 0.88

  Alignments for each domain:
  == domain 1  score: 5.4 bits;  conditional E-value: 0.81
                      gvpa 12 laevldriLDkGiviDafvRvslvGieiltieaRvvvasvd 52
                              l + ldr+L  G+v+   v +++  + ++ +   + + sv+
  nat_e43d8fc75f0711ed613e 25 LVDLLDRLLATGVVVTGDVVLAIAEVPLVRVSLHALLSSVN 65
                              889************99999999999999999888888886 PP

>> nat_14e9a67df0dd3e5aba86  
   #    score  bias  c-Evalue  i-Evalue hmmfrom  hmm to    alifrom  ali to    envfrom  env to     acc
 ---   ------ ----- --------- --------- ------- -------    ------- -------    ------- -------    ----
   1 ?    4.4   0.7       1.6       2.6      10      24 ..      79      93 ..      70     100 .. 0.81

  Alignments for each domain:
  == domain 1  score: 4.4 bits;  conditional E-value: 1.6
                      gvpa 10 sslaevldriLDkGi 24
                               +l +v+d +LDk +
  nat_14e9a67df0dd3e5aba86 79 RGLDDVVDDVLDKLV 93
                              5899********965 PP

>> nat_1d0c3bce91fc2c137fb1  
   #    score  bias  c-Evalue  i-Evalue hmmfrom  hmm to    alifrom  ali to    envfrom  env to     acc
 ---   ------ ----- --------- --------- ------- -------    ------- -------    ------- -------    ----
   1 ?    2.1   0.0       8.4        14       5      28 ..      74      97 ..      67     101 .. 0.87

  Alignments for each domain:
  == domain 1  score: 2.1 bits;  conditional E-value: 8.4
                      gvpa  5 kasdssslaevldriLDkGiviDa 28
                              ++ ++s la v +riL +  v+Da
  nat_1d0c3bce91fc2c137fb1 74 QTYEASNLATVQQRILSHQRVVDA 97
                              457899****************98 PP

>> nat_4ad1d6a6caa95658f7c1  
   #    score  bias  c-Evalue  i-Evalue hmmfrom  hmm to    alifrom  ali to    envfrom  env to     acc
 ---   ------ ----- --------- --------- ------- -------    ------- -------    ------- -------    ----
   1 ?    2.5   0.0       6.4        10      54      86 ..     196     228 ..     188     260 .. 0.59

  Alignments for each domain:
  == domain 1  score: 2.5 bits;  conditional E-value: 6.4
                      gvpa  54 yLryaeavgklesaaepkglvgevae.saargka 86 
                                 ryae v++l ++ + + lvg   +   a++++
  nat_4ad1d6a6caa95658f7c1 196 LARYAERVQRLGENRS-ASLVGAQPDdDDATSSV 228
                               569*******998765.45666543303333333 PP

>> nat_bf1b71832bbade3da9f4  
   #    score  bias  c-Evalue  i-Evalue hmmfrom  hmm to    alifrom  ali to    envfrom  env to     acc
 ---   ------ ----- --------- --------- ------- -------    ------- -------    ------- -------    ----
   1 ?    2.5   0.4       6.1        10      10      24 ..      79      93 ..      69     100 .. 0.83

  Alignments for each domain:
  == domain 1  score: 2.5 bits;  conditional E-value: 6.1
                      gvpa 10 sslaevldriLDkGi 24
                               +l ev+d ++Dk i
  nat_bf1b71832bbade3da9f4 79 CGLDEVVDDVVDKLI 93
                              6899********955 PP

>> nat_b363302af55ca0deaf4a  
   #    score  bias  c-Evalue  i-Evalue hmmfrom  hmm to    alifrom  ali to    envfrom  env to     acc
 ---   ------ ----- --------- --------- ------- -------    ------- -------    ------- -------    ----
   1 ?    1.8   0.5       9.9        16      12      21 ..      85      94 ..      69      96 .. 0.72

  Alignments for each domain:
  == domain 1  score: 1.8 bits;  conditional E-value: 9.9
                      gvpa 12 laevldriLD 21
                              + ev+driLD
  nat_b363302af55ca0deaf4a 85 VDEVVDRILD 94
                              4577777777 PP

>> nat_b733ce3854fcc15a1e76  
   #    score  bias  c-Evalue  i-Evalue hmmfrom  hmm to    alifrom  ali to    envfrom  env to     acc
 ---   ------ ----- --------- --------- ------- -------    ------- -------    ------- -------    ----
   1 ?    1.4   0.0        13        22      55      79 ..     194     217 ..     187     255 .. 0.68

  Alignments for each domain:
  == domain 1  score: 1.4 bits;  conditional E-value: 13
                      gvpa  55 Lryaeavgklesaaepkglvgevae 79 
                                ryae v++l ++ + + lvg   +
  nat_b733ce3854fcc15a1e76 194 ARYAERVQRLGENRS-ASLVGAQPD 217
                               69*******987654.456665544 PP

>> nat_86af9eceed0fad9d4e41  
   #    score  bias  c-Evalue  i-Evalue hmmfrom  hmm to    alifrom  ali to    envfrom  env to     acc
 ---   ------ ----- --------- --------- ------- -------    ------- -------    ------- -------    ----
   1 ?    2.0   0.5       9.1        15      10      23 ..      79      92 ..      70     100 .. 0.81

  Alignments for each domain:
  == domain 1  score: 2.0 bits;  conditional E-value: 9.1
                      gvpa 10 sslaevldriLDkG 23
                               +l +v+d ++Dk 
  nat_86af9eceed0fad9d4e41 79 RGLDDVVDDVVDKL 92
                              5899********95 PP

>> nat_343a5e4d559b5d15afdd  
   #    score  bias  c-Evalue  i-Evalue hmmfrom  hmm to    alifrom  ali to    envfrom  env to     acc
 ---   ------ ----- --------- --------- ------- -------    ------- -------    ------- -------    ----
   1 ?    1.6   0.7        12        20      46     100 ..      18      74 ..      15      98 .. 0.46

  Alignments for each domain:
  == domain 1  score: 1.6 bits;  conditional E-value: 12
                      gvpa  46 vvvasvdtyLrya..eavgklesaaepkglvgevaesaargkakgalsgaaeaisda 100
                               vvva v+  +     ea+ ++es + +   + ++  + a+ +a+ a     e + da
  nat_343a5e4d559b5d15afdd  18 VVVAVVELLVEALerEAIRRMESGNLSDAEIERLGSQLATLEAEVADMKEREGVEDA 74 
                               666666655543211456666654444432333333333333333333333333333 PP

>> nat_31e361e3c2b319df0670  
   #    score  bias  c-Evalue  i-Evalue hmmfrom  hmm to    alifrom  ali to    envfrom  env to     acc
 ---   ------ ----- --------- --------- ------- -------    ------- -------    ------- -------    ----
   1 ?    1.6   0.8        12        19      10      23 ..      79      92 ..      70     100 .. 0.80

  Alignments for each domain:
  == domain 1  score: 1.6 bits;  conditional E-value: 12
                      gvpa 10 sslaevldriLDkG 23
                               +l +v+d ++D+ 
  nat_31e361e3c2b319df0670 79 QGLDDVVDDVVDRL 92
                              6899*******995 PP

>> nat_c94da6ff72ddadbf903d  
   [No individual domains that satisfy reporting thresholds (although complete target did)]

>> nat_ed6d1dbeb44aa9e7c7f5  
   [No individual domains that satisfy reporting thresholds (although complete target did)]

>> nat_99441ffbc2eca666e105  
   #    score  bias  c-Evalue  i-Evalue hmmfrom  hmm to    alifrom  ali to    envfrom  env to     acc
 ---   ------ ----- --------- --------- ------- -------    ------- -------    ------- -------    ----
   1 ?    0.8   0.0        21        34      27      68 ..      84     125 ..      57     155 .. 0.78

  Alignments for each domain:
  == domain 1  score: 0.8 bits;  conditional E-value: 21
                      gvpa  27 DafvRvslvGieiltieaRvvvasvdtyLryaeavgklesaa 68 
                               D f R  l+G e+     +vv   +   L+  e+v +l +++
  nat_99441ffbc2eca666e105  84 DEFGRSDLIGAEVGYRKSKVVDNFIRSVLKTDEQVKRLWEEN 125
                               789999999999999999999999999999999998886654 PP

>> nat_c3e07fb5ea5af421370c  
   #    score  bias  c-Evalue  i-Evalue hmmfrom  hmm to    alifrom  ali to    envfrom  env to     acc
 ---   ------ ----- --------- --------- ------- -------    ------- -------    ------- -------    ----
   1 ?    1.2   0.5        16        26      61      61 ..      52      52 ..      11     106 .. 0.56

  Alignments for each domain:
  == domain 1  score: 1.2 bits;  conditional E-value: 16
                      gvpa 61 v 61
                              v
  nat_c3e07fb5ea5af421370c 52 V 52
                              1 PP

>> nat_75dc6e04d78110911214  
   #    score  bias  c-Evalue  i-Evalue hmmfrom  hmm to    alifrom  ali to    envfrom  env to     acc
 ---   ------ ----- --------- --------- ------- -------    ------- -------    ------- -------    ----
   1 ?    1.6   0.1        12        20      67      75 ..      56      64 ..       9     103 .. 0.54

  Alignments for each domain:
  == domain 1  score: 1.6 bits;  conditional E-value: 12
                      gvpa 67 aaepkglvg 75
                              aa++ +l  
  nat_75dc6e04d78110911214 56 AAMEDELER 64
                              222223222 PP

>> nat_b25f81ae8808e6ebc176  
   #    score  bias  c-Evalue  i-Evalue hmmfrom  hmm to    alifrom  ali to    envfrom  env to     acc
 ---   ------ ----- --------- --------- ------- -------    ------- -------    ------- -------    ----
   1 ?    1.4   0.1        13        22      61     103 ..      22      64 ..      10      82 .. 0.53

  Alignments for each domain:
  == domain 1  score: 1.4 bits;  conditional E-value: 13
                      gvpa  61 vgklesaaepkglvgevaesaargkakgalsgaaeaisdalkd 103
                               v  +  +a +++ v +++  a + +   +l   + a+ ++l++
  nat_b25f81ae8808e6ebc176  22 VVEVVVEALEREAVRRMESGALSDEEIERLGTQLAALEEELEH 64 
                               4444555555555555544444444444444444444444443 PP

>> nat_af322d28976cc7014aac  
   #    score  bias  c-Evalue  i-Evalue hmmfrom  hmm to    alifrom  ali to    envfrom  env to     acc
 ---   ------ ----- --------- --------- ------- -------    ------- -------    ------- -------    ----
   1 ?    0.0   0.0        35        58       9      39 ..     424     451 ..     412     476 .. 0.71

  Alignments for each domain:
  == domain 1  score: 0.0 bits;  conditional E-value: 35
                      gvpa   9 ssslaevldriLDkGiviDafvRvslvGiei 39 
                               +ss  ++  ri D    +Da   vslv ie 
  nat_af322d28976cc7014aac 424 ASSWDDIETRIFD---YLDATGTVSLVNIET 451
                               5666666666777...489999999999995 PP

>> nat_5af1dad025fd9ae899db  
   #    score  bias  c-Evalue  i-Evalue hmmfrom  hmm to    alifrom  ali to    envfrom  env to     acc
 ---   ------ ----- --------- --------- ------- -------    ------- -------    ------- -------    ----
   1 ?    1.4   2.0        14        23      74     109 ..      55      90 ..      24     104 .. 0.49

  Alignments for each domain:
  == domain 1  score: 1.4 bits;  conditional E-value: 14
                      gvpa  74 vgevaesaargka.kgalsgaaeaisdalkdasdese 109
                               + ++ e+ a  +  k+al +   +++ a+ + +d+se
  nat_5af1dad025fd9ae899db  55 IASIDERIADIDKeKAALLA-DATAASAVAENNDKSE 90 
                               44444444433220222222.2222222322222222 PP

>> nat_c369e87f87b6a7dd6238  
   #    score  bias  c-Evalue  i-Evalue hmmfrom  hmm to    alifrom  ali to    envfrom  env to     acc
 ---   ------ ----- --------- --------- ------- -------    ------- -------    ------- -------    ----
   1 ?    1.5   0.1        13        21      58      86 ..      27      55 ..      13      82 .. 0.63

  Alignments for each domain:
  == domain 1  score: 1.5 bits;  conditional E-value: 13
                      gvpa 58 aeavgklesaaepkglvgevaesaargka 86
                              a +v+ ++++ ++++l  e+ e++a    
  nat_c369e87f87b6a7dd6238 27 AYDVEAIRDELKENQLLYELGERSADEYR 55
                              55566666666666666666666655433 PP

>> nat_ae1bb733ce0d2f1bbdfe  
   #    score  bias  c-Evalue  i-Evalue hmmfrom  hmm to    alifrom  ali to    envfrom  env to     acc
 ---   ------ ----- --------- --------- ------- -------    ------- -------    ------- -------    ----
   1 ?    0.4   0.3        28        45      56      86 ..      14      44 ..      11      81 .. 0.55

  Alignments for each domain:
  == domain 1  score: 0.4 bits;  conditional E-value: 28
                      gvpa 56 ryaeavgklesaaepkglvgevaesaargka 86
                                ae+v+kl+ ++++  l  +++ +  +++ 
  nat_ae1bb733ce0d2f1bbdfe 14 SIAEEVAKLSREVQSFLLDVKTERQKQAQEQ 44
                              5689999998887776443333332222222 PP

>> nat_25c8b136d03361e120af  
   [No individual domains that satisfy reporting thresholds (although complete target did)]

>> nat_b6fc0c88601942e519e8  
   #    score  bias  c-Evalue  i-Evalue hmmfrom  hmm to    alifrom  ali to    envfrom  env to     acc
 ---   ------ ----- --------- --------- ------- -------    ------- -------    ------- -------    ----
   1 ?    0.0   0.1        36        58      81     103 ..      61      83 ..      36      92 .. 0.55

  Alignments for each domain:
  == domain 1  score: 0.0 bits;  conditional E-value: 36
                      gvpa  81 aargkakgalsgaaeaisdalkd 103
                                ++ k++ +l +a+e i   l+d
  nat_b6fc0c88601942e519e8  61 VTKIKVEQNLQSAVEQIRTGLDD 83 
                               44444444444444444444443 PP

>> nat_891be5bf182f6f47b42f  
   #    score  bias  c-Evalue  i-Evalue hmmfrom  hmm to    alifrom  ali to    envfrom  env to     acc
 ---   ------ ----- --------- --------- ------- -------    ------- -------    ------- -------    ----
   1 ?    0.1   0.0        35        57      83      97 ..      50      64 ..      16      80 .. 0.47

  Alignments for each domain:
  == domain 1  score: 0.1 bits;  conditional E-value: 35
                      gvpa 83 rgkakgalsgaaeai 97
                               g+a   l  a+eai
  nat_891be5bf182f6f47b42f 50 LGEALLDLDEALEAI 64
                              122222333333333 PP

>> nat_2ebca5fc1ab074750689  
   #    score  bias  c-Evalue  i-Evalue hmmfrom  hmm to    alifrom  ali to    envfrom  env to     acc
 ---   ------ ----- --------- --------- ------- -------    ------- -------    ------- -------    ----
   1 ?    1.4   0.0        14        22      62     101 ..      31      72 ..      18      83 .] 0.58

  Alignments for each domain:
  == domain 1  score: 1.4 bits;  conditional E-value: 14
                      gvpa  62 gklesaaepkglvgevaesaarg..kakgalsgaaeaisdal 101
                               + ++++ ++++l  e+ e++ +   + k +l + +e++    
  nat_2ebca5fc1ab074750689  31 EEIRDEIKENQLLYEIGERSETDyqQRKQQLEARLETAERIQ 72 
                               445556666666666666655431134455555566555444 PP

>> nat_a5ecf4f0152b64075fbe  
   [No individual domains that satisfy reporting thresholds (although complete target did)]

>> nat_0d4146f6304fb405a11b  
   #    score  bias  c-Evalue  i-Evalue hmmfrom  hmm to    alifrom  ali to    envfrom  env to     acc
 ---   ------ ----- --------- --------- ------- -------    ------- -------    ------- -------    ----
   1 ?    1.1   0.2        16        27      66     104 ..      55      93 ..      18     104 .] 0.62

  Alignments for each domain:
  == domain 1  score: 1.1 bits;  conditional E-value: 16
                      gvpa  66 saaepkglvgevaesaargkakgalsgaaeaisdalkda 104
                                a+ ++++ g  ae++ + ++    s     +sd+++ a
  nat_0d4146f6304fb405a11b  55 LANLEAEIEGLKAERGIEDEVARLRSDLDGLVSDTMRAA 93 
                               344455666666666666665444444445555555555 PP

>> nat_600cc7dd0b3564219e23  
   #    score  bias  c-Evalue  i-Evalue hmmfrom  hmm to    alifrom  ali to    envfrom  env to     acc
 ---   ------ ----- --------- --------- ------- -------    ------- -------    ------- -------    ----
   1 ?    1.2   0.1        16        26      61     104 ..      30      75 ..      10      84 .] 0.60

  Alignments for each domain:
  == domain 1  score: 1.2 bits;  conditional E-value: 16
                      gvpa  61 vgklesaaepkglvgevaesaar..gkakgalsgaaeaisdalkda 104
                               ++ ++++ ++++l  e+ e++ +   + k+ l   +e + +  ++ 
  nat_600cc7dd0b3564219e23  30 IEEIQDELKENQLLYELGERSEAeyEDRKADLEDELEIAREVHEQL 75 
                               4556666666666666655543311334555555555555555554 PP

>> nat_47659eab3f77d326e707  
   #    score  bias  c-Evalue  i-Evalue hmmfrom  hmm to    alifrom  ali to    envfrom  env to     acc
 ---   ------ ----- --------- --------- ------- -------    ------- -------    ------- -------    ----
   1 ?    0.5   0.1        25        42      74     103 ..      40      67 ..      15      81 .. 0.45

  Alignments for each domain:
  == domain 1  score: 0.5 bits;  conditional E-value: 25
                      gvpa  74 vgevaesaargkakgalsgaaeaisdalkd 103
                                g+++++    +  g+  +a+ea  +++kd
  nat_47659eab3f77d326e707  40 SGDLTDEEV--ERLGQQFAALEAEVERMKD 67 
                               222222211..1223334444444444444 PP

>> nat_46a7ea60834e5bd635f0  
   [No individual domains that satisfy reporting thresholds (although complete target did)]

>> nat_06bb445b6a5c2299edf7  
   #    score  bias  c-Evalue  i-Evalue hmmfrom  hmm to    alifrom  ali to    envfrom  env to     acc
 ---   ------ ----- --------- --------- ------- -------    ------- -------    ------- -------    ----
   1 ?    0.8   0.2        21        35      79      79 ..      69      69 ..      18     116 .. 0.54

  Alignments for each domain:
  == domain 1  score: 0.8 bits;  conditional E-value: 21
                      gvpa 79 e 79
                              e
  nat_06bb445b6a5c2299edf7 69 E 69
                              2 PP

>> nat_d861bfe11a962861f3d4  
   #    score  bias  c-Evalue  i-Evalue hmmfrom  hmm to    alifrom  ali to    envfrom  env to     acc
 ---   ------ ----- --------- --------- ------- -------    ------- -------    ------- -------    ----
   1 ?    0.9   0.1        19        32      93      99 ..      57      63 ..      16     105 .. 0.56

  Alignments for each domain:
  == domain 1  score: 0.9 bits;  conditional E-value: 19
                      gvpa 93 aaeaisd 99
                              a+e+  +
  nat_d861bfe11a962861f3d4 57 ALETEIE 63
                              2222222 PP

>> nat_a016c083356c8037a132  
   #    score  bias  c-Evalue  i-Evalue hmmfrom  hmm to    alifrom  ali to    envfrom  env to     acc
 ---   ------ ----- --------- --------- ------- -------    ------- -------    ------- -------    ----
   1 ?    0.2   0.1        31        51      90     102 ..      70      82 ..      30      96 .. 0.56

  Alignments for each domain:
  == domain 1  score: 0.2 bits;  conditional E-value: 31
                      gvpa  90 lsgaaeaisdalk 102
                               l  +++ i + l+
  nat_a016c083356c8037a132  70 LQNVVQNIREGLD 82 
                               3333333333333 PP

>> nat_c58378832d10e041e802  
   [No individual domains that satisfy reporting thresholds (although complete target did)]

>> nat_64647356df86f4d6c504  
   #    score  bias  c-Evalue  i-Evalue hmmfrom  hmm to    alifrom  ali to    envfrom  env to     acc
 ---   ------ ----- --------- --------- ------- -------    ------- -------    ------- -------    ----
   1 ?    0.8   0.1        20        33     102     102 ..      56      56 ..      14     102 .. 0.56

  Alignments for each domain:
  == domain 1  score: 0.8 bits;  conditional E-value: 20
                      gvpa 102 k 102
                                
  nat_64647356df86f4d6c504  56 A 56 
                               2 PP

>> nat_217ee45dccf41939125a  
   #    score  bias  c-Evalue  i-Evalue hmmfrom  hmm to    alifrom  ali to    envfrom  env to     acc
 ---   ------ ----- --------- --------- ------- -------    ------- -------    ------- -------    ----
   1 ?    0.6   0.0        24        40      61      86 ..      30      55 ..      24      83 .. 0.58

  Alignments for each domain:
  == domain 1  score: 0.6 bits;  conditional E-value: 24
                      gvpa 61 vgklesaaepkglvgevaesaargka 86
                              + +++++ ++++l  e+ e+  +   
  nat_217ee45dccf41939125a 30 IDRIQDELKENQLLYEIGERPESEYR 55
                              56777777777776666665444322 PP

>> nat_cacf90c6ca55636010b0  
   #    score  bias  c-Evalue  i-Evalue hmmfrom  hmm to    alifrom  ali to    envfrom  env to     acc
 ---   ------ ----- --------- --------- ------- -------    ------- -------    ------- -------    ----
   1 ?    0.7   0.1        23        37     106     106 ..      60      60 ..      15     123 .. 0.62

  Alignments for each domain:
  == domain 1  score: 0.7 bits;  conditional E-value: 23
                      gvpa 106 d 106
                               d
  nat_cacf90c6ca55636010b0  60 D 60 
                               2 PP

>> nat_1c074545fa887812c40d  
   #    score  bias  c-Evalue  i-Evalue hmmfrom  hmm to    alifrom  ali to    envfrom  env to     acc
 ---   ------ ----- --------- --------- ------- -------    ------- -------    ------- -------    ----
   1 ?    0.7   0.1        22        36     105     105 ..      59      59 ..      14     103 .. 0.57

  Alignments for each domain:
  == domain 1  score: 0.7 bits;  conditional E-value: 22
                      gvpa 105 s 105
                               +
  nat_1c074545fa887812c40d  59 E 59 
                               1 PP

>> nat_40ed670f9d1b6e635ac8  
   [No individual domains that satisfy reporting thresholds (although complete target did)]

>> nat_155ce5a12a657fff67bd  
   #    score  bias  c-Evalue  i-Evalue hmmfrom  hmm to    alifrom  ali to    envfrom  env to     acc
 ---   ------ ----- --------- --------- ------- -------    ------- -------    ------- -------    ----
   1 ?    0.5   0.0        26        43      75     103 ..      47      77 ..      28      84 .] 0.51

  Alignments for each domain:
  == domain 1  score: 0.5 bits;  conditional E-value: 26
                      gvpa  75 gevaesaargk..akgalsgaaeaisdalkd 103
                               ge+ e+  r +  a  +   +aea+ d+l++
  nat_155ce5a12a657fff67bd  47 GEIDEERYRERkeALREELRVAEAVHDQLRN 77 
                               4555444333200222334566666666665 PP

>> nat_988a0f5d490f2bbc3e89  
   [No individual domains that satisfy reporting thresholds (although complete target did)]

>> nat_e7fa43c2e619fa329682  
   [No individual domains that satisfy reporting thresholds (although complete target did)]

>> nat_f061d8bf614182df84fa  
   [No individual domains that satisfy reporting thresholds (although complete target did)]

>> nat_830fd35add858a598871  
   [No individual domains that satisfy reporting thresholds (although complete target did)]

>> nat_38a899b58398064cb5a8  
   [No individual domains that satisfy reporting thresholds (although complete target did)]

>> nat_8f2d6eacf54e80641dec  
   [No individual domains that satisfy reporting thresholds (although complete target did)]

>> nat_14d79c7db0ddb78fd3b7  
   [No individual domains that satisfy reporting thresholds (although complete target did)]

>> nat_43891639cbd0b187cd1d  
   [No individual domains that satisfy reporting thresholds (although complete target did)]

>> nat_30799f48b0f3373d9576  
   [No individual domains that satisfy reporting thresholds (although complete target did)]

>> nat_dab55a7d52a5f41dc70e  
   #    score  bias  c-Evalue  i-Evalue hmmfrom  hmm to    alifrom  ali to    envfrom  env to     acc
 ---   ------ ----- --------- --------- ------- -------    ------- -------    ------- -------    ----
   1 ?    0.5   0.1        25        41      67      83 ..      37      53 ..       8      86 .. 0.54

  Alignments for each domain:
  == domain 1  score: 0.5 bits;  conditional E-value: 25
                      gvpa 67 aaepkglvgevaesaar 83
                              + +++ l  e+ e++ +
  nat_dab55a7d52a5f41dc70e 37 ERKENRLLYELGERSKA 53
                              44444444444443322 PP

>> nat_026e3420597e6acb04ba  
   #    score  bias  c-Evalue  i-Evalue hmmfrom  hmm to    alifrom  ali to    envfrom  env to     acc
 ---   ------ ----- --------- --------- ------- -------    ------- -------    ------- -------    ----
   1 ?    0.3   0.1        30        50     106     106 ..      44      44 ..       5     105 .. 0.63

  Alignments for each domain:
  == domain 1  score: 0.3 bits;  conditional E-value: 30
                      gvpa 106 d 106
                                
  nat_026e3420597e6acb04ba  44 V 44 
                               1 PP

>> nat_4bb2d1867476b81ae8d0  
   #    score  bias  c-Evalue  i-Evalue hmmfrom  hmm to    alifrom  ali to    envfrom  env to     acc
 ---   ------ ----- --------- --------- ------- -------    ------- -------    ------- -------    ----
   1 ?    0.5   0.1        25        41      64      80 ..      33      49 ..       3      83 .. 0.56

  Alignments for each domain:
  == domain 1  score: 0.5 bits;  conditional E-value: 25
                      gvpa 64 lesaaepkglvgevaes 80
                              ++++ +++ l  e+ e+
  nat_4bb2d1867476b81ae8d0 33 IQNQLKENRLFYELGER 49
                              33333333333333333 PP

>> nat_276da45f10b6947549de  
   [No individual domains that satisfy reporting thresholds (although complete target did)]

>> nat_29df8995a7c8279513ee  
   [No individual domains that satisfy reporting thresholds (although complete target did)]

>> nat_798e0478a1c671011eb9  
   [No individual domains that satisfy reporting thresholds (although complete target did)]

>> nat_e3f4e364e629f748cffd  
   [No individual domains that satisfy reporting thresholds (although complete target did)]

>> nat_423d4f51455bfc4fa9f7  
   [No individual domains that satisfy reporting thresholds (although complete target did)]

>> nat_4c292eb9eef6d9eb379a  
   [No individual domains that satisfy reporting thresholds (although complete target did)]

>> nat_5481768259de4485701e  
   [No individual domains that satisfy reporting thresholds (although complete target did)]

>> nat_abb7c09a936c01a73080  
   #    score  bias  c-Evalue  i-Evalue hmmfrom  hmm to    alifrom  ali to    envfrom  env to     acc
 ---   ------ ----- --------- --------- ------- -------    ------- -------    ------- -------    ----
   1 ?    0.0   0.1        36        59      86      88 ..      57      59 ..      24      82 .. 0.47

  Alignments for each domain:
  == domain 1  score: 0.0 bits;  conditional E-value: 36
                      gvpa 86 akg 88
                               k 
  nat_abb7c09a936c01a73080 57 RKQ 59
                              222 PP

>> nat_2db9df512db29de5b691  
   [No individual domains that satisfy reporting thresholds (although complete target did)]

>> nat_d75b99c1a6e6c7509167  
   [No individual domains that satisfy reporting thresholds (although complete target did)]

>> nat_6e78392ee68b0d7f0e1a  
   #    score  bias  c-Evalue  i-Evalue hmmfrom  hmm to    alifrom  ali to    envfrom  env to     acc
 ---   ------ ----- --------- --------- ------- -------    ------- -------    ------- -------    ----
   1 ?    0.2   0.1        33        54      79      83 ..      48      52 ..      20      82 .. 0.50

  Alignments for each domain:
  == domain 1  score: 0.2 bits;  conditional E-value: 33
                      gvpa 79 esaar 83
                              e++ +
  nat_6e78392ee68b0d7f0e1a 48 ERSKE 52
                              33222 PP

>> nat_d784af921bd64d7ae792  
   [No individual domains that satisfy reporting thresholds (although complete target did)]

>> nat_687a26d89748bd8bac3c  
   [No individual domains that satisfy reporting thresholds (although complete target did)]

>> nat_6aa0a7ae55b0a8989c03  
   [No individual domains that satisfy reporting thresholds (although complete target did)]

>> nat_995571f9bd05bfb87fdc  
   [No individual domains that satisfy reporting thresholds (although complete target did)]

>> nat_6b6005bad0dd4948a190  
   [No individual domains that satisfy reporting thresholds (although complete target did)]

>> nat_d9a321ed7844ae6c4c6b  
   [No individual domains that satisfy reporting thresholds (although complete target did)]

>> nat_3333da7b9a0ceeb05aff  
   [No individual domains that satisfy reporting thresholds (although complete target did)]

>> nat_e4a8de7e5640998fd89f  
   [No individual domains that satisfy reporting thresholds (although complete target did)]

>> nat_a52d6209dd2de857b094  
   [No individual domains that satisfy reporting thresholds (although complete target did)]

>> nat_04ce3ef0cebc48437e9d  
   [No individual domains that satisfy reporting thresholds (although complete target did)]

>> nat_8d679434bd6ee5d126ba  
   #    score  bias  c-Evalue  i-Evalue hmmfrom  hmm to    alifrom  ali to    envfrom  env to     acc
 ---   ------ ----- --------- --------- ------- -------    ------- -------    ------- -------    ----
   1 ?    0.2   0.1        32        53      78      78 ..      47      47 ..       9      82 .. 0.53

  Alignments for each domain:
  == domain 1  score: 0.2 bits;  conditional E-value: 32
                      gvpa 78 a 78
                               
  nat_8d679434bd6ee5d126ba 47 G 47
                              2 PP

>> nat_86531299b3cd10877014  
   [No individual domains that satisfy reporting thresholds (although complete target did)]

>> nat_e01857d1bc698285002f  
   [No individual domains that satisfy reporting thresholds (although complete target did)]

>> nat_7d71ff22ec87cf520bb6  
   [No individual domains that satisfy reporting thresholds (although complete target did)]

>> nat_c37cb4752fc7ece7af97  
   #    score  bias  c-Evalue  i-Evalue hmmfrom  hmm to    alifrom  ali to    envfrom  env to     acc
 ---   ------ ----- --------- --------- ------- -------    ------- -------    ------- -------    ----
   1 ?    0.0   0.0        36        59      86      86 ..      46      46 ..       9      82 .. 0.54

  Alignments for each domain:
  == domain 1  score: 0.0 bits;  conditional E-value: 36
                      gvpa 86 a 86
                               
  nat_c37cb4752fc7ece7af97 46 L 46
                              1 PP

>> nat_702b258a80a816c75a81  
   [No individual domains that satisfy reporting thresholds (although complete target did)]

>> nat_70c3a6e184ca96d89510  
   [No individual domains that satisfy reporting thresholds (although complete target did)]

>> nat_95be5a9e931724aad2ad  
   [No individual domains that satisfy reporting thresholds (although complete target did)]

>> nat_60d113e46f35310d4c7b  
   [No individual domains that satisfy reporting thresholds (although complete target did)]

>> nat_733aafddaccc4e87506c  
   [No individual domains that satisfy reporting thresholds (although complete target did)]

>> nat_ff5328221dfb8c0ae3e7  
   [No individual domains that satisfy reporting thresholds (although complete target did)]



Internal pipeline statistics summary:
-------------------------------------
Query model(s):                            1  (121 nodes)
Target sequences:                        934  (175471 residues searched)
Passed MSV filter:                       934  (1); expected 934.0 (1)
Passed bias filter:                      934  (1); expected 934.0 (1)
Passed Vit filter:                       934  (1); expected 934.0 (1)
Passed Fwd filter:                       934  (1); expected 934.0 (1)
Initial search space (Z):                934  [actual number of targets]
Domain search space  (domZ):             568  [number of targets reported over threshold]
# CPU time: 0.31u 0.01s 00:00:00.32 Elapsed: 00:00:00.45
# Mc/sec: 46.31
//
[ok]
