# hmmsearch :: search profile(s) against a sequence database
# HMMER 3.3 (Nov 2019); http://hmmer.org/
# Copyright (C) 2019 Howard Hughes Medical Institute.
# Freely distributed under the BSD open source license.
# - - - - - - - - - - - - - - - - - - - - - - - - - - - - - - - - - - - -
# query HMM file:                  /mnt/d/endless/机器学习综合实践/ML-GV02-03/models/pfam/PF00741.hmm
# target sequence database:        /mnt/d/endless/机器学习综合实践/ML-GV02-03/results/gv02_03_v2/family/fold_1/natural/queries.fasta
# per-dom hits tabular output:     /mnt/d/endless/机器学习综合实践/ML-GV02-03/results/gv02_03_v2/family/fold_1/natural/pf00741.domtbl
# sequence reporting threshold:    score >= 0
# domain reporting threshold:      score >= 0
# Max sensitivity mode:            on [all heuristic filters off]
# number of worker threads:        1
# - - - - - - - - - - - - - - - - - - - - - - - - - - - - - - - - - - - -

Query:       Gas_vesicle  [M=39]
Accession:   PF00741.24
Description: Gas vesicle protein
Scores for complete sequences (score includes all domains):
   --- full sequence ---   --- best 1 domain ---    -#dom-
    E-value  score  bias    E-value  score  bias    exp  N  Sequence                 Description
    ------- ------ -----    ------- ------ -----   ---- --  --------                 -----------
    8.5e-19   63.3   6.2    1.1e-18   62.9   6.2    1.2  1  nat_90d11bccd2cb7147c1fe  
    1.1e-18   62.9   6.2    1.4e-18   62.6   6.2    1.1  1  nat_71f9753012b6644cf772  
    1.1e-18   62.9   6.2    1.4e-18   62.6   6.2    1.1  1  nat_b38024f0aba86f47c4ad  
    1.1e-18   62.9   6.2    1.4e-18   62.6   6.2    1.1  1  nat_307aae2a7a20a7f3cf48  
    1.4e-18   62.6   9.7    2.2e-18   62.0   9.7    1.3  1  nat_3a3fe29b7daaadaf3131  
    1.7e-18   62.4   9.2    2.6e-18   61.8   9.2    1.3  1  nat_69e482373852c8d89d8f  
    1.8e-18   62.3   9.2    2.3e-18   61.9   9.2    1.1  1  nat_18f34224f39837d53eec  
    1.8e-18   62.3   6.1    2.3e-18   61.9   6.1    1.1  1  nat_2a643259fb5c627e5a76  
    1.9e-18   62.2   9.2    2.6e-18   61.8   9.2    1.2  1  nat_05708ca69ef57e384a38  
    1.9e-18   62.2   9.2    2.5e-18   61.8   9.2    1.2  1  nat_b72075109bbb6320c712  
      2e-18   62.1   9.0    2.8e-18   61.7   9.0    1.2  1  nat_7cb4140e283c8e67ca6a  
    2.1e-18   62.1   9.2    2.7e-18   61.7   9.2    1.2  1  nat_a0ad89f4e1861fd114d4  
    2.1e-18   62.0   8.9    2.9e-18   61.6   8.9    1.2  1  nat_98c17a9a67d3ec5e7355  
    2.2e-18   62.0   7.5    2.6e-18   61.7   7.5    1.1  1  nat_7cb108de86cc479cc796  
    2.2e-18   62.0   9.2    2.8e-18   61.6   9.2    1.2  1  nat_38b618e8937e5e5e698b  
    2.2e-18   62.0   9.0    2.9e-18   61.6   9.0    1.1  1  nat_08693a219f8e2c8ad83d  
    2.5e-18   61.8   6.7    3.4e-18   61.4   6.7    1.2  1  nat_07bd0e36be9cf6488fb7  
    2.6e-18   61.8   6.4    3.2e-18   61.4   6.4    1.1  1  nat_4c06fdcd9b94ab517ef7  
    2.7e-18   61.7   6.3    4.6e-18   61.0   6.3    1.4  1  nat_5383c67907971360d965  
    2.8e-18   61.6   9.8      4e-18   61.2   9.0    1.6  1  nat_70ecf2053d255f8cbc58  
    3.3e-18   61.4   6.9    4.1e-18   61.1   6.9    1.1  1  nat_8be2e14f0153cb01c7e8  
    3.6e-18   61.3   6.2    4.5e-18   61.0   6.2    1.1  1  nat_9d49465af66327a747b8  
    3.6e-18   61.3   6.2    4.5e-18   61.0   6.2    1.1  1  nat_f582579e03d4f3374571  
    3.7e-18   61.3   7.4    5.3e-18   60.8   7.4    1.2  1  nat_3b723aaeacc6bb57b98b  
    3.8e-18   61.2   6.3    4.8e-18   60.9   6.3    1.1  1  nat_c8ca500d58f82227374e  
    4.2e-18   61.1   4.4    6.9e-18   60.4   4.4    1.4  1  nat_ac61932baba86c9a492c  
    4.6e-18   61.0   2.6    5.6e-18   60.7   2.6    1.1  1  nat_9da3dcb0bb3c092c42d5  
    4.7e-18   60.9   9.6    5.8e-18   60.6   9.6    1.1  1  nat_a9b81aca9b85a9dd31fc  
    4.7e-18   60.9   7.2    6.5e-18   60.5   7.2    1.2  1  nat_22ac9928a6c3fbaf8f7c  
    4.8e-18   60.9   7.2    6.5e-18   60.5   7.2    1.2  1  nat_18aeb74e18302803a1f0  
    4.8e-18   60.9   6.9    6.6e-18   60.5   6.9    1.2  1  nat_b65132e25cc65ac0170d  
      5e-18   60.8   7.2    6.8e-18   60.4   7.2    1.2  1  nat_531760bd0ae2999dbf0a  
    5.1e-18   60.8   9.2    9.3e-18   60.0   9.1    1.5  1  nat_0527af41f2808b342e5a  
    5.4e-18   60.7   7.0    6.7e-18   60.4   7.0    1.1  1  nat_6475ddba2899c58b73cc  
    5.4e-18   60.7   9.1    8.8e-18   60.1   9.1    1.3  1  nat_18031ddd50aae696a324  
    5.5e-18   60.7   9.1    7.2e-18   60.3   9.1    1.2  1  nat_21c04a400fa9dc9f9308  
    5.8e-18   60.6   9.2    7.5e-18   60.3   9.2    1.2  1  nat_c5837586dc76623d7498  
      6e-18   60.6   7.1    8.8e-18   60.1   7.1    1.3  1  nat_483476b5bde91cbf3a74  
    6.1e-18   60.6   9.1    7.9e-18   60.2   9.1    1.1  1  nat_ad7c1bb463ca288e04ea  
    6.2e-18   60.6   9.2    8.3e-18   60.1   9.2    1.2  1  nat_04c084aa7034f2b0643c  
    6.2e-18   60.5   7.1    8.8e-18   60.1   7.1    1.2  1  nat_607f897bd5b7dd1b1fbe  
    6.3e-18   60.5   9.1    1.1e-17   59.8   9.1    1.4  1  nat_6f809a8968b616f73a26  
    6.4e-18   60.5   9.2    8.6e-18   60.1   9.2    1.2  1  nat_185744979d00560dee6b  
    6.5e-18   60.5   9.1    9.8e-18   59.9   9.1    1.3  1  nat_62446b1275b012a250ea  
    6.6e-18   60.5   7.1    8.8e-18   60.1   7.1    1.2  1  nat_193a805604225b70bf9b  
    6.9e-18   60.4   9.1    9.5e-18   60.0   9.1    1.2  1  nat_370baf47c4f0c06f12a6  
      7e-18   60.4   9.1    9.3e-18   60.0   9.1    1.2  1  nat_996f1ae7a3cef8f9a8ed  
    7.2e-18   60.3   9.1    9.5e-18   60.0   9.1    1.2  1  nat_d56b0aa5e7ed5400a27e  
    7.3e-18   60.3   9.1    9.5e-18   60.0   9.1    1.2  1  nat_8cfb15257dddaf933d66  
    7.5e-18   60.3   9.1    9.6e-18   59.9   9.1    1.1  1  nat_758a833afecd8f1c3406  
    7.8e-18   60.2   5.6      1e-17   59.9   5.6    1.2  1  nat_bd1bbd2e9fa260563ceb  
    8.1e-18   60.2   5.6      1e-17   59.8   5.6    1.1  1  nat_d7a9007355adf4811ce9  
    8.2e-18   60.2   7.1    1.1e-17   59.7   7.1    1.2  1  nat_150260db0a312db92173  
    8.2e-18   60.1   5.8    1.1e-17   59.8   5.8    1.1  1  nat_fe955d4fbb111b30864b  
    8.3e-18   60.1   9.1    1.1e-17   59.8   9.1    1.2  1  nat_ae205daa22aa5ad59be8  
    8.4e-18   60.1   5.8    1.1e-17   59.7   5.8    1.2  1  nat_9f8c36880cfb04e0cba5  
    8.4e-18   60.1   5.8    1.1e-17   59.8   5.8    1.1  1  nat_2b3b9522031fea2fc996  
      9e-18   60.0   7.1    1.1e-17   59.7   7.1    1.1  1  nat_a36db64a1cae19ba84f5  
    9.4e-18   60.0   7.1    1.2e-17   59.6   7.1    1.1  1  nat_62e969f9025127736826  
    9.4e-18   60.0   9.3    1.1e-17   59.7   9.3    1.1  1  nat_8c33f7d20b82781d6559  
    9.6e-18   59.9   7.1    1.2e-17   59.6   7.1    1.1  1  nat_a8c546bb807cbf441766  
      1e-17   59.9   7.0    1.3e-17   59.5   7.0    1.1  1  nat_b669abd036c50b376c62  
      1e-17   59.9   7.0    1.3e-17   59.5   7.0    1.1  1  nat_8aa5636b24c4e602865a  
    1.1e-17   59.8   7.0    1.4e-17   59.5   7.0    1.2  1  nat_bf9d9ac4b0e25cbc2e14  
    1.1e-17   59.8   9.1    1.6e-17   59.2   9.1    1.3  1  nat_e332f9cab97afe879bd0  
    1.1e-17   59.7   7.0    1.4e-17   59.5   7.0    1.1  1  nat_10816d30b94e7e319ed1  
    1.1e-17   59.7   7.0    1.4e-17   59.5   7.0    1.1  1  nat_ced70fa1ad4dcaf12a7b  
    1.1e-17   59.7   7.0    1.5e-17   59.3   7.0    1.2  1  nat_a2748151d0c02d5ee64c  
    1.1e-17   59.7   7.0    1.5e-17   59.3   7.0    1.2  1  nat_f5a522a905abb21e46c2  
    1.1e-17   59.7   6.9    1.5e-17   59.4   6.9    1.2  1  nat_51eefbe258bc538937c4  
    1.1e-17   59.7   6.9    1.5e-17   59.4   6.9    1.1  1  nat_7577017d2109753dbbe7  
    1.1e-17   59.7   6.9    1.5e-17   59.4   6.9    1.1  1  nat_b412c2b00055ebc34540  
    1.2e-17   59.7   7.0    1.4e-17   59.4   7.0    1.1  1  nat_3f2cb7eca6dff49eb9eb  
    1.2e-17   59.7   5.4    1.6e-17   59.2   5.4    1.2  1  nat_d5d0ae6e983cda4aeda1  
    1.2e-17   59.7   9.2    1.5e-17   59.3   9.2    1.2  1  nat_df5704c469ac5f164e3a  
    1.2e-17   59.7   8.1    1.5e-17   59.3   8.1    1.2  1  nat_b81aa32b17d671599bc2  
    1.2e-17   59.7  10.5    1.6e-17   59.2  10.5    1.2  1  nat_1c9dd723ae21204d632e  
    1.2e-17   59.7   5.7    1.6e-17   59.2   5.7    1.2  1  nat_0283d587032de178b666  
    1.2e-17   59.7   6.9    1.5e-17   59.3   6.9    1.1  1  nat_b09a8337edbf59a7c5c3  
    1.2e-17   59.6   6.9    1.6e-17   59.3   6.9    1.1  1  nat_044652cd2d2677de71ee  
    1.2e-17   59.6   9.2    1.5e-17   59.3   9.2    1.1  1  nat_236ad06337f0c9876680  
    1.3e-17   59.6   8.3    1.6e-17   59.2   8.3    1.2  1  nat_40a9ee2f296e1edcfbc2  
    1.3e-17   59.5   5.8    1.3e-17   59.5   5.8    1.6  1  nat_48ea71fe1cd777e6ddfc  
    1.3e-17   59.5   9.2    1.7e-17   59.1   9.2    1.2  1  nat_e421fcf48d6e300eacc2  
    1.3e-17   59.5   8.6    1.7e-17   59.2   8.6    1.1  1  nat_dfe8452e4eed8d606afe  
    1.4e-17   59.5   5.9    1.7e-17   59.1   5.9    1.1  1  nat_40e46fb2de86e2d32973  
    1.4e-17   59.4   5.9    1.8e-17   59.1   5.9    1.1  1  nat_0f2a8f05ef1200c5dc0c  
    1.4e-17   59.4   5.9    1.8e-17   59.1   5.9    1.1  1  nat_c7332b08bc757555c17c  
    1.4e-17   59.4   5.9    1.8e-17   59.1   5.9    1.1  1  nat_c50a1a828acd52df133e  
    1.4e-17   59.4   5.9    1.8e-17   59.1   5.9    1.1  1  nat_7987b4f5a99061af67e9  
    1.4e-17   59.4   5.9    1.8e-17   59.1   5.9    1.1  1  nat_61cb6f10b13fb11f910f  
    1.4e-17   59.4   5.8    1.9e-17   59.0   5.8    1.2  1  nat_353e9d0dff81158687ff  
    1.4e-17   59.4   5.7      2e-17   58.9   5.7    1.2  1  nat_b06af7d1cee59c44dcd2  
    1.4e-17   59.4   5.9    1.9e-17   59.0   5.9    1.2  1  nat_d8cf5bfdf78857545866  
    1.5e-17   59.4   9.9    1.8e-17   59.0   9.9    1.1  1  nat_b297046d38f89c457aeb  
    1.5e-17   59.4   4.8    2.2e-17   58.8   4.8    1.3  1  nat_52cf8d3cb8c8f1b32edb  
    1.5e-17   59.3   5.9    1.9e-17   59.0   5.9    1.2  1  nat_db2cdf073eed6ed31349  
    1.5e-17   59.3   5.9    1.9e-17   59.0   5.9    1.2  1  nat_ed46c9e7b97a1b13dc86  
    1.5e-17   59.3   5.9    1.9e-17   59.0   5.9    1.2  1  nat_f9d423597b7778d440ea  
    1.5e-17   59.3   5.9    1.9e-17   59.0   5.9    1.2  1  nat_3d98e85018a97647d297  
    1.5e-17   59.3   5.7    1.9e-17   59.0   5.7    1.1  1  nat_911977f51fb32fb01946  
    1.5e-17   59.3   5.7    1.9e-17   59.0   5.7    1.1  1  nat_c9dd3d8bb3321e485fa8  
    1.6e-17   59.2   6.7      2e-17   58.9   6.7    1.1  1  nat_a984f11bd60c35139c61  
    1.6e-17   59.2  10.0      2e-17   58.9  10.0    1.1  1  nat_b85d6d93ba4c4fac8738  
    1.6e-17   59.2   5.9    2.2e-17   58.8   5.9    1.2  1  nat_42ca32a46ff9fbfe04b0  
    1.6e-17   59.2  10.8    2.6e-17   58.5  10.8    1.3  1  nat_1afa662e7ba52f44c1e0  
    1.7e-17   59.2   5.8    2.2e-17   58.8   5.8    1.1  1  nat_bfa3b303b3d7305c173f  
    1.7e-17   59.1   6.7    2.2e-17   58.8   6.7    1.1  1  nat_8031a3a05037a74c2518  
    1.7e-17   59.1   7.1    2.1e-17   58.8   7.1    1.1  1  nat_9c3060ca8265f2fd22a3  
    1.7e-17   59.1   7.1    2.1e-17   58.8   7.1    1.1  1  nat_b1857f03b52d3c765ea4  
    1.8e-17   59.1   6.7    2.2e-17   58.8   6.7    1.1  1  nat_d1536b249be108b51522  
    1.8e-17   59.1   6.9    2.4e-17   58.6   6.9    1.2  1  nat_19fb2828c4fc32ca705b  
    1.8e-17   59.1   9.2    2.4e-17   58.7   9.2    1.2  1  nat_4d0d1af8c6b377ed553a  
    1.9e-17   59.0   6.7    2.3e-17   58.7   6.7    1.1  1  nat_bb6474c2ddf0f1e41d70  
    1.9e-17   59.0   7.1    2.6e-17   58.6   7.1    1.2  1  nat_70e926d855b20edca8f9  
    1.9e-17   59.0   9.6    2.4e-17   58.7   9.6    1.1  1  nat_2a43ec8cc7979782d2b6  
    1.9e-17   59.0   6.9    2.6e-17   58.6   6.9    1.2  1  nat_39552a648e522cf0517f  
    1.9e-17   59.0   5.9    2.5e-17   58.6   5.9    1.1  1  nat_dec5fa293ad4eeaffa6f  
      2e-17   58.9   7.2    2.6e-17   58.6   7.2    1.2  1  nat_731f8990c8cbea086350  
      2e-17   58.9  10.2    2.6e-17   58.6  10.2    1.1  1  nat_caab2da04cf4baba5880  
    2.1e-17   58.8   8.6    2.1e-17   58.8   8.6    1.4  1  nat_4481f660bcc30bb1d9c4  
    2.1e-17   58.8   6.9    2.7e-17   58.5   6.9    1.1  1  nat_8b95b6a8454826276aeb  
    2.3e-17   58.7   7.3      3e-17   58.4   7.3    1.2  1  nat_387a1a5b990d83c80a60  
    2.3e-17   58.7   6.5      3e-17   58.3   6.5    1.2  1  nat_0e5f42f63b697d7ae252  
    2.4e-17   58.7   7.1    3.3e-17   58.2   7.1    1.2  1  nat_5d4bc3951377fd2faff7  
    2.4e-17   58.6  10.1    3.1e-17   58.3  10.1    1.1  1  nat_ccea7d4aa043b4d32826  
    2.5e-17   58.6  10.7    3.9e-17   58.0  10.7    1.3  1  nat_a58d5e6d6e3756336d95  
    2.5e-17   58.6  10.1    3.1e-17   58.3  10.1    1.1  1  nat_d790919b750d218eb5d2  
    2.7e-17   58.5   8.6    2.7e-17   58.5   8.6    1.4  1  nat_59adc5339e1e4cde4f85  
    2.7e-17   58.5   5.8    3.7e-17   58.1   5.8    1.2  1  nat_d58dfba1e9f522c883d4  
    2.8e-17   58.5   6.7    3.6e-17   58.1   6.7    1.1  1  nat_667b333e161105876fb2  
    2.9e-17   58.4   6.8    3.7e-17   58.1   6.8    1.1  1  nat_e70eb92ab459701dc753  
    2.9e-17   58.4   9.4    3.6e-17   58.1   9.4    1.1  1  nat_31e3d15096bef9cf7798  
    2.9e-17   58.4   9.3    3.5e-17   58.1   9.3    1.1  1  nat_7e1ce867323aad4660fd  
      3e-17   58.4   6.7    3.8e-17   58.0   6.7    1.1  1  nat_de3106e39b73b2986cc3  
      3e-17   58.3  10.0    3.8e-17   58.0  10.0    1.1  1  nat_cd1a9ffb557d1157e46b  
      3e-17   58.3   9.1    4.2e-17   57.9   9.1    1.2  1  nat_5e9a9badd5481f93deb7  
    3.7e-17   58.1   9.9    4.8e-17   57.7   9.9    1.1  1  nat_8cc50c0228caae3ad7f4  
    3.7e-17   58.0   8.5    4.8e-17   57.7   8.5    1.2  1  nat_cd4bfde01bf7f512d7e4  
    3.7e-17   58.0   7.7      5e-17   57.7   7.7    1.2  1  nat_50c1cc9965716061b22d  
      4e-17   58.0   5.6    5.3e-17   57.6   5.6    1.2  1  nat_3f0807141c190c600235  
    4.1e-17   57.9   6.5    5.6e-17   57.5   6.5    1.2  1  nat_d90ba4fc5295a2ed9e09  
    4.5e-17   57.8   8.8    5.9e-17   57.4   8.8    1.2  1  nat_32de3bdac890ded46f9d  
    4.5e-17   57.8   8.8    6.1e-17   57.4   8.8    1.2  1  nat_2027255edd94d63ce240  
    5.7e-17   57.5   8.8    7.5e-17   57.1   8.8    1.2  1  nat_61db0834b27d8f0211d3  
    5.9e-17   57.4   5.8    7.5e-17   57.1   5.8    1.1  1  nat_6507b3f9f58ef91ab9d8  
    5.9e-17   57.4   5.8    7.5e-17   57.1   5.8    1.1  1  nat_6ab091088c0d2085f193  
    6.4e-17   57.3   6.0    8.2e-17   57.0   6.0    1.1  1  nat_c05532e5292ee743920d  
    6.7e-17   57.2   5.8    8.6e-17   56.9   5.8    1.1  1  nat_34a4a65736a78d22df6a  
    6.9e-17   57.2   5.7    8.8e-17   56.9   5.7    1.1  1  nat_ac016806c065e58141c3  
    7.5e-17   57.1   8.9      1e-16   56.7   8.9    1.2  1  nat_e97c470cdf39521e7d2b  
    7.7e-17   57.0   5.7      1e-16   56.7   5.7    1.2  1  nat_5c686c3d3778ea9403cd  
    7.7e-17   57.0  10.7    9.7e-17   56.7  10.7    1.1  1  nat_56827e9ef4ab0b50062c  
    7.8e-17   57.0   5.7      1e-16   56.7   5.7    1.2  1  nat_d2440e6d37d33df171fe  
      8e-17   57.0   5.7      1e-16   56.7   5.7    1.1  1  nat_6a0677ea515c945fa3fc  
    8.5e-17   56.9   5.7    1.1e-16   56.5   5.7    1.2  1  nat_31b58a77b806c43147b8  
    8.6e-17   56.9   5.7    1.1e-16   56.5   5.7    1.1  1  nat_b77997ea61d5b6352e31  
    8.7e-17   56.9   5.7    1.1e-16   56.5   5.7    1.1  1  nat_bd681cfbd78ed763b9df  
    8.9e-17   56.8   6.6    1.1e-16   56.5   6.6    1.1  1  nat_9caabe5dd41114f54d71  
      1e-16   56.6   8.6    1.3e-16   56.3   8.6    1.2  1  nat_9c9da073119bec6006bc  
    1.3e-16   56.4   6.3    1.6e-16   56.1   6.3    1.1  1  nat_699456ca14dc91b53082  
    1.3e-16   56.3   5.7    1.7e-16   56.0   5.7    1.2  1  nat_9a9380d4b10b8ef49e08  
    1.3e-16   56.3   5.7    1.7e-16   55.9   5.7    1.2  1  nat_69fb8c8dffa72eb18b9b  
    1.3e-16   56.3   5.7    1.7e-16   55.9   5.7    1.1  1  nat_68131976059d25a80b19  
    1.4e-16   56.3   5.7    1.7e-16   55.9   5.7    1.2  1  nat_5e7091515d82b50cbd50  
    1.4e-16   56.2   9.4    2.1e-16   55.7   9.4    1.3  1  nat_e7691975be520cbcfc17  
    1.4e-16   56.2   5.7    1.8e-16   55.8   5.7    1.1  1  nat_a16c69ff4d6574406dee  
    1.4e-16   56.2   5.7    1.8e-16   55.8   5.7    1.1  1  nat_e0205c427b560fb5fab6  
    1.5e-16   56.1  10.4    2.1e-16   55.7  10.4    1.2  1  nat_5147dbb10fa927c0ad55  
    1.5e-16   56.1   7.6      2e-16   55.7   7.6    1.2  1  nat_2ef2790cebd0bc14e528  
    1.5e-16   56.1   7.4    2.1e-16   55.6   7.4    1.2  1  nat_7175c3595a1c9e0a8512  
    1.5e-16   56.1   6.7    2.1e-16   55.7   6.7    1.2  1  nat_dc2b0da282a1a334132b  
    1.6e-16   56.0  11.1    1.6e-16   56.0  11.1    1.5  1  nat_f09b5446213cc775d1f5  
    1.6e-16   56.0   6.2    2.1e-16   55.6   6.2    1.2  1  nat_54d4cabb25e375c2e308  
    1.7e-16   56.0   9.1    2.2e-16   55.6   9.1    1.1  1  nat_a2f8b9e4088f449304d6  
    1.7e-16   56.0  10.3    2.3e-16   55.5  10.3    1.2  1  nat_81b50d473e8fbea0d753  
    1.7e-16   55.9   5.4    2.3e-16   55.5   5.4    1.2  1  nat_2c92df9e3660ae4ae496  
    1.7e-16   55.9   5.4    2.4e-16   55.5   5.4    1.2  1  nat_457c7fa4e18854325440  
    1.8e-16   55.9   9.1    2.4e-16   55.5   9.1    1.2  1  nat_023f578aefbf7c2af4b8  
    1.8e-16   55.9   9.1    2.4e-16   55.5   9.1    1.2  1  nat_797ed863bc757b701be8  
    1.8e-16   55.8   9.1    2.4e-16   55.5   9.1    1.2  1  nat_a9c199790fa0593efba4  
    2.1e-16   55.7  11.4    2.5e-16   55.4  11.4    1.1  1  nat_12a24c2ab9a08baa2623  
    2.2e-16   55.6   6.5    3.4e-16   55.0   6.5    1.3  1  nat_093a223e7cabfac47e76  
    2.3e-16   55.5  10.3    3.3e-16   55.0  10.3    1.3  1  nat_fa3dad0f82d10d14690c  
    2.4e-16   55.5  11.2      3e-16   55.2  11.2    1.1  1  nat_e6374c75b60fa8279ed4  
    2.5e-16   55.4   7.0    3.1e-16   55.1   7.0    1.1  1  nat_365d3ed63bb6048abb9c  
    2.5e-16   55.4   7.7    3.4e-16   55.0   7.7    1.2  1  nat_941dc16f5af7d70127ae  
    2.6e-16   55.4   7.7    3.4e-16   55.0   7.7    1.2  1  nat_d15f613fad1b42703ddc  
    2.6e-16   55.4   7.8    3.4e-16   55.0   7.8    1.2  1  nat_29c35eaede0a8c75c309  
    2.6e-16   55.4   8.8    3.8e-16   54.8   8.8    1.3  1  nat_049b976820314d6d1bba  
    2.6e-16   55.4   8.8    3.8e-16   54.8   8.8    1.3  1  nat_d51344965969dceb6639  
    2.7e-16   55.3   7.4    3.5e-16   54.9   7.4    1.2  1  nat_b080db9796742f656263  
    2.7e-16   55.3   6.7    2.7e-16   55.3   6.7    1.6  1  nat_4a871af101af640b6e2c  
    2.7e-16   55.3   7.0    3.4e-16   55.0   7.0    1.1  1  nat_cf3573d661974bcf4836  
    2.8e-16   55.3   6.4    3.8e-16   54.8   6.4    1.2  1  nat_77fc2ac9451a9bede3dd  
    2.8e-16   55.3   6.4    4.3e-16   54.6   6.4    1.3  1  nat_3b8e26a87928dd1c1130  
    2.9e-16   55.2   6.4      4e-16   54.8   6.4    1.2  1  nat_98944d24da61fa63ee27  
    2.9e-16   55.2   6.4    4.1e-16   54.7   6.4    1.2  1  nat_37f01da4a984c4443e1d  
      3e-16   55.2   6.4    4.1e-16   54.7   6.4    1.2  1  nat_10a84e979762f3368517  
      3e-16   55.2   6.4    4.1e-16   54.7   6.4    1.2  1  nat_d6f7ae660d4103a77296  
    3.3e-16   55.0   6.9      4e-16   54.7   6.9    1.1  1  nat_9adb2cc7f37ad19f8e0f  
    3.3e-16   55.0   6.5    4.7e-16   54.5   6.5    1.2  1  nat_0a0b47ef48e73f6907dd  
    3.3e-16   55.0   7.4    4.9e-16   54.5   7.4    1.3  1  nat_7587716da5d19872555a  
    3.7e-16   54.9  11.6    4.5e-16   54.6  11.6    1.1  1  nat_69d3a359681679d56e0f  
    3.8e-16   54.8   6.5    5.8e-16   54.2   6.5    1.3  1  nat_286c7b97c4455a336f39  
    4.1e-16   54.7   6.5    5.7e-16   54.3   6.5    1.2  1  nat_86d5d5d3761caa2bee10  
    4.3e-16   54.6   6.7    5.8e-16   54.2   6.7    1.2  1  nat_3efb93524692f0b96dfa  
    4.4e-16   54.6   8.8    6.2e-16   54.1   8.8    1.2  1  nat_fe819a15ad22899dad10  
    4.5e-16   54.6   7.5    5.8e-16   54.2   7.5    1.2  1  nat_819a3c6792d744ecbd3d  
    4.6e-16   54.6   9.2    6.2e-16   54.1   9.2    1.2  1  nat_ea896810d6de49002a03  
    4.8e-16   54.5   6.9    6.1e-16   54.2   6.9    1.1  1  nat_771e7534b299c23ea1f3  
    4.9e-16   54.5   9.2    6.2e-16   54.1   9.2    1.2  1  nat_f62d186d9e38a7bef1c8  
    4.9e-16   54.5   6.7    6.5e-16   54.1   6.7    1.2  1  nat_7d8900b1fc48c317aebb  
    5.1e-16   54.4   6.7    6.4e-16   54.1   6.7    1.1  1  nat_31bb770684ff35b24094  
    5.1e-16   54.4   6.6    6.7e-16   54.0   6.6    1.2  1  nat_0e8669cb5fbefecf56bd  
    5.1e-16   54.4   5.8    7.2e-16   53.9   5.8    1.2  1  nat_a7260a5a6927c219450b  
    5.2e-16   54.4   6.5    6.9e-16   54.0   6.5    1.2  1  nat_a456b71634370e28c157  
    5.5e-16   54.3  10.5    7.3e-16   53.9  10.5    1.2  1  nat_f4e9c50251e64349c6bf  
    5.5e-16   54.3   9.2    7.7e-16   53.8   9.2    1.2  1  nat_515955f01bebed0b5963  
    5.8e-16   54.2   9.9    7.9e-16   53.8   9.9    1.2  1  nat_c852c7981e77991797c2  
    5.8e-16   54.2   9.8    7.4e-16   53.9   9.8    1.1  1  nat_c398ecaa7268076a0300  
    5.9e-16   54.2   6.5    7.9e-16   53.8   6.5    1.2  1  nat_4b81ad5ffa833d3eb412  
      6e-16   54.2   6.6    8.7e-16   53.7   6.6    1.2  1  nat_707da4af3acf7f03536c  
    6.1e-16   54.2   9.1    8.8e-16   53.7   9.1    1.3  1  nat_945a2e3fc0ecd9bbe1cd  
    6.3e-16   54.1   6.5      9e-16   53.6   6.5    1.2  1  nat_cabc629dd821e7c45393  
    6.3e-16   54.1   6.6    8.9e-16   53.6   6.6    1.2  1  nat_fbe5bf19f8b5fcb8a504  
    6.5e-16   54.1   9.1      9e-16   53.6   9.1    1.2  1  nat_c632ec39b31da8e567b8  
    6.6e-16   54.1   5.5      9e-16   53.6   5.5    1.2  1  nat_2f7a03239bef14f78193  
    7.1e-16   54.0   6.6    9.6e-16   53.5   6.6    1.2  1  nat_b9d316384ab02e663b33  
    7.5e-16   53.9   6.6    1.1e-15   53.4   6.6    1.2  1  nat_081e6fae1d79d93eb37e  
    7.6e-16   53.9   6.3    9.6e-16   53.5   6.3    1.1  1  nat_b258e8dfa1451eaa6d09  
    7.8e-16   53.8   3.9    9.9e-16   53.5   3.9    1.1  1  nat_b06966010b381d82d4cd  
    7.9e-16   53.8   7.5      1e-15   53.4   7.5    1.2  1  nat_a7ccf9f8dd2634fb8865  
      8e-16   53.8   6.4    1.1e-15   53.3   6.4    1.2  1  nat_fb5b09ad142f93c1de5f  
    8.1e-16   53.8   6.5    1.1e-15   53.4   6.5    1.2  1  nat_26dcc139685992f211f4  
    8.4e-16   53.7   5.4      1e-15   53.4   5.4    1.1  1  nat_b09acb4d26a9cf98efc4  
    8.4e-16   53.7   8.7    1.1e-15   53.3   8.7    1.2  1  nat_a6b016934d3ca7e70b85  
    8.5e-16   53.7   9.7    1.2e-15   53.3   9.7    1.1  1  nat_72e84071ee76b40912a9  
    8.6e-16   53.7   6.5    1.1e-15   53.3   6.5    1.2  1  nat_68c548b00ffecaf3e71e  
    8.6e-16   53.7   6.5    1.2e-15   53.2   6.5    1.2  1  nat_034d9111e895aa2cb4fa  
    8.7e-16   53.7   5.4    1.2e-15   53.2   5.4    1.2  1  nat_4b9192128c23c5a5ae9c  
    8.7e-16   53.7   6.5    1.1e-15   53.3   6.5    1.2  1  nat_36a56467f4a25638e5d8  
    8.8e-16   53.7   6.5    1.2e-15   53.3   6.5    1.2  1  nat_de4c1cf697d48510a550  
    8.8e-16   53.7   6.5    1.2e-15   53.2   6.5    1.2  1  nat_366f2df371810fefd4a4  
    8.9e-16   53.6   6.1    1.3e-15   53.1   6.1    1.3  1  nat_c7c2a6d15e1ef7e082fb  
    9.2e-16   53.6   8.7    1.3e-15   53.1   8.7    1.2  1  nat_6101e6d94bc83fd7e764  
    9.7e-16   53.5   9.2    1.3e-15   53.1   9.2    1.2  1  nat_7ed38185a938590ae0f5  
    9.7e-16   53.5   6.5    1.3e-15   53.1   6.5    1.2  1  nat_e38f9994094842734a96  
    9.8e-16   53.5   9.9    1.2e-15   53.2   9.9    1.1  1  nat_5a0a9494221c4659412c  
    9.8e-16   53.5  10.5    1.3e-15   53.1  10.5    1.2  1  nat_ff060c3a559a6f4f65d0  
    9.9e-16   53.5   6.5    1.3e-15   53.1   6.5    1.2  1  nat_00b8d6bdf51c5322f38c  
    9.9e-16   53.5   6.5    1.3e-15   53.1   6.5    1.2  1  nat_b65869cada68668b58e1  
    9.9e-16   53.5   6.5    1.3e-15   53.1   6.5    1.2  1  nat_8bb7f995156f78926ae7  
    1.1e-15   53.3   7.7    1.5e-15   52.9   7.7    1.2  1  nat_755d6d89017e90d5fadf  
    1.2e-15   53.3   5.3    1.4e-15   53.0   5.3    1.1  1  nat_9a40b0d38d561f5c4a77  
    1.2e-15   53.2   6.6    2.9e-15   52.0   6.6    1.6  1  nat_cd1929fe49d2fd7e73a2  
    1.3e-15   53.1   9.4    1.9e-15   52.6   9.4    1.3  1  nat_68089f3136e08c8655d5  
    1.4e-15   53.0   6.5    1.9e-15   52.6   6.5    1.2  1  nat_ab2292bf5276ca31007d  
    1.4e-15   53.0  10.2    1.7e-15   52.7  10.2    1.1  1  nat_702dead02f3ae53b187b  
    1.5e-15   52.9  10.2    1.9e-15   52.6  10.2    1.1  1  nat_1dbd7a4a41de9f640af1  
    1.6e-15   52.8   7.3    3.6e-15   51.7   7.3    1.6  1  nat_0c3c5a88107ee11e01e1  
    1.6e-15   52.8   9.8      2e-15   52.5   9.8    1.1  1  nat_3390f7fbd078cd08a119  
    1.7e-15   52.7   7.3    3.6e-15   51.7   7.3    1.6  1  nat_ab02cf361a66facb0d7c  
    1.7e-15   52.7  10.2    2.2e-15   52.4  10.2    1.1  1  nat_251a53475171eb7e3f69  
    1.8e-15   52.7   6.5    2.4e-15   52.2   6.5    1.2  1  nat_0f59cf2a0c4bb65bd343  
    1.8e-15   52.7   6.5    2.5e-15   52.2   6.5    1.2  1  nat_70724efd897d81dc16e2  
    1.8e-15   52.7   6.5    2.4e-15   52.3   6.5    1.2  1  nat_50547bc898f61f24df25  
    1.8e-15   52.7   7.3    3.7e-15   51.7   7.3    1.6  1  nat_d2ffb42329a865195f36  
    1.8e-15   52.6   7.3    3.6e-15   51.7   7.3    1.5  1  nat_c343edccce5faea6ca16  
    1.8e-15   52.6   8.5    2.6e-15   52.2   8.5    1.2  1  nat_21f981a64332a12578c3  
    1.8e-15   52.6   6.5    2.4e-15   52.2   6.5    1.2  1  nat_478e03d6c766c6092422  
    1.9e-15   52.6   6.5    2.5e-15   52.2   6.5    1.2  1  nat_b28d4ac8e7cffa9c0259  
    1.9e-15   52.6   6.3    2.5e-15   52.2   6.3    1.1  1  nat_b017d8236271e13a1522  
    1.9e-15   52.6   7.3    3.9e-15   51.6   7.3    1.6  1  nat_65fbd3162b843c7d26ba  
      2e-15   52.6   5.2    2.3e-15   52.3   5.2    1.1  1  nat_08a343a9dea7d3e71216  
      2e-15   52.5   7.2      2e-15   52.5   7.2    1.8  1  nat_324d5d08f6cb86df2a45  
    2.1e-15   52.4   5.4    2.8e-15   52.1   5.4    1.2  1  nat_0a9ee98cbcc2eabfac38  
    2.4e-15   52.3   6.3    2.8e-15   52.1   6.3    1.1  1  nat_db4cf6e6d1d54bfb2db9  
    2.5e-15   52.2   9.8    3.1e-15   51.9   9.8    1.1  1  nat_9e5eb3fd2df1c3414b29  
    2.5e-15   52.2   6.7    3.4e-15   51.8   6.7    1.2  1  nat_37c770390307a882825a  
    2.6e-15   52.1   5.4    3.6e-15   51.7   5.4    1.2  1  nat_137eb09d8ee303361664  
    2.6e-15   52.1  10.0    3.3e-15   51.8  10.0    1.1  1  nat_48e9ecb8ea26e11eb74d  
    2.6e-15   52.1   6.0    3.2e-15   51.8   6.0    1.1  1  nat_f9df0af090db19867f68  
    2.7e-15   52.1  10.0    3.3e-15   51.8  10.0    1.1  1  nat_3878c8f21f617dc3063f  
    2.8e-15   52.1   5.4    3.6e-15   51.7   5.4    1.2  1  nat_cc5d159ca664e171159f  
    2.8e-15   52.0   8.2    3.9e-15   51.6   8.2    1.2  1  nat_eee8d141df1f2b85b5c5  
    3.2e-15   51.9   9.5    4.1e-15   51.5   9.5    1.1  1  nat_aaf69e9ea95986ab1e08  
    3.3e-15   51.8   7.5    4.4e-15   51.4   7.5    1.2  1  nat_289ca4eeda020c662490  
    3.3e-15   51.8   6.6    4.3e-15   51.5   6.6    1.1  1  nat_82b9d4647d83832bf059  
    3.3e-15   51.8   6.7    4.4e-15   51.4   6.7    1.2  1  nat_bc5cdb91e80e5d33bb26  
    3.3e-15   51.8   6.7    4.4e-15   51.4   6.7    1.2  1  nat_b89284c786e1b2202da6  
    3.4e-15   51.8   6.7    4.4e-15   51.4   6.7    1.2  1  nat_4983f01969b214844bb9  
      4e-15   51.6   8.5    5.1e-15   51.2   8.5    1.1  1  nat_d9cf1a4e61be35e90f85  
      4e-15   51.6   7.1    8.7e-15   50.5   7.1    1.6  1  nat_826bbaee5bbff7b121a8  
    4.4e-15   51.4  11.8    5.3e-15   51.2  11.8    1.1  1  nat_e0ebc831130fb4447b33  
    5.1e-15   51.2   8.0    6.3e-15   50.9   8.0    1.1  1  nat_1de45b2894df870d6dc9  
    5.2e-15   51.2  13.1    7.2e-15   50.7  13.1    1.2  1  nat_03763a00c2145a246704  
    5.5e-15   51.1   6.2    6.6e-15   50.9   6.2    1.1  1  nat_e776d466f02718e89751  
    5.6e-15   51.1   5.7    8.8e-15   50.5   5.7    1.3  1  nat_c9a543131d390ec68ed4  
    5.7e-15   51.1   8.1    8.1e-15   50.6   8.1    1.2  1  nat_483bbff4b0b9b4108f6d  
    5.9e-15   51.0   5.2    7.3e-15   50.7   5.2    1.1  1  nat_1e2816be454b049f1920  
    5.9e-15   51.0   5.0    7.3e-15   50.7   5.0    1.1  1  nat_56a08e61cb35ab8bf932  
      6e-15   51.0   8.0    7.3e-15   50.7   8.0    1.1  1  nat_0b3f3bf863a3ef16a85e  
    6.7e-15   50.8   6.2    8.4e-15   50.5   6.2    1.1  1  nat_ba6ff0ac3294d2c6818f  
    6.7e-15   50.8   5.2    8.9e-15   50.4   5.2    1.2  1  nat_0dbb7a6e5434eb973be2  
    7.4e-15   50.7   7.1    9.1e-15   50.4   7.1    1.1  1  nat_361f2bffb29a57e42966  
    8.5e-15   50.5   4.1    1.1e-14   50.2   4.1    1.1  1  nat_0f8c9a9823e4214b9eae  
    8.5e-15   50.5   4.1    1.1e-14   50.2   4.1    1.1  1  nat_4e739c831373f0edfba7  
    1.1e-14   50.2   7.1    1.3e-14   49.9   7.1    1.1  1  nat_504c0cf484c520b01106  
    1.1e-14   50.1   5.6    1.4e-14   49.8   5.6    1.2  1  nat_0dbc89dc4cb8f9901795  
    1.2e-14   50.0  10.4    1.8e-14   49.4  10.4    1.3  1  nat_db787bdce100ebe0b52f  
    1.2e-14   50.0  10.4    1.8e-14   49.4  10.4    1.3  1  nat_d5cf1fda20a7d9852de3  
    1.3e-14   49.9   8.4    1.7e-14   49.6   8.4    1.2  1  nat_905ebdcfc21b7ed8d2d2  
    1.3e-14   49.9  11.9    1.6e-14   49.6  11.9    1.1  1  nat_4ac4ff2acc517133e87a  
    1.3e-14   49.9   9.6    1.7e-14   49.5   9.6    1.1  1  nat_8a813f6e8cd834c61935  
    1.4e-14   49.9   9.6    1.7e-14   49.5   9.6    1.1  1  nat_1c790f352d60fc105062  
    1.4e-14   49.9   9.6    1.7e-14   49.5   9.6    1.1  1  nat_423e7db658438d5646a8  
    1.4e-14   49.8   6.2    1.7e-14   49.6   6.2    1.1  1  nat_7370222c1be99389cd87  
    1.4e-14   49.8  11.7    2.2e-14   49.2  11.7    1.3  1  nat_ca44e444b9677c038eae  
    1.5e-14   49.8  11.7    2.9e-14   48.8  11.7    1.5  1  nat_8b60c84abe52648fea48  
    1.5e-14   49.7  12.0    1.5e-14   49.7  12.0    1.4  1  nat_89c790125075f3b587bb  
    1.5e-14   49.7   6.4    2.6e-14   49.0   6.4    1.4  1  nat_7c474a0845fc63bd9dc1  
    1.5e-14   49.7   6.1    2.7e-14   48.9   6.1    1.4  1  nat_2f3087b5aa2a281ad976  
    1.5e-14   49.7   6.3      2e-14   49.3   6.3    1.1  1  nat_7bc4c8a6ef4aaf9c7db6  
    1.5e-14   49.7   6.1    2.7e-14   48.9   6.1    1.4  1  nat_6ff1830293724c205a70  
    1.6e-14   49.6   8.5    2.1e-14   49.3   8.5    1.2  1  nat_dfd554c04446a4377ab5  
    1.6e-14   49.6  10.1      2e-14   49.3  10.1    1.1  1  nat_bdbbf2ca834284fb90df  
    1.6e-14   49.6  10.3    2.3e-14   49.1  10.3    1.2  1  nat_13b048e7463efcc40ba1  
    1.8e-14   49.4  11.7    2.8e-14   48.8  11.7    1.3  1  nat_e66080fefc6e1fc45cad  
    1.9e-14   49.4  13.0    2.3e-14   49.1  13.0    1.1  1  nat_9898cabbd5e0fe5bcffe  
    1.9e-14   49.4   9.4    3.1e-14   48.7   9.4    1.4  1  nat_57c2b381c8bb4035d01c  
    2.1e-14   49.3  11.7    3.3e-14   48.6  11.7    1.3  1  nat_09a4add84a42a4d7619a  
    2.1e-14   49.2  12.1    2.9e-14   48.8  12.1    1.1  1  nat_cac659721d3722d1a8be  
    2.1e-14   49.2   5.3    2.6e-14   49.0   5.3    1.1  1  nat_e43d8fc75f0711ed613e  
    2.2e-14   49.2   8.1    2.8e-14   48.9   8.1    1.1  1  nat_846fac879b04f20b8dd4  
    2.3e-14   49.1  12.0    2.3e-14   49.1  12.0    1.8  1  nat_ad1ac7e11fe15e3670a1  
    2.4e-14   49.1   6.9    3.1e-14   48.7   6.9    1.2  1  nat_3062abb6a6afc7917c3a  
    2.4e-14   49.1  11.9    3.2e-14   48.7  11.9    1.2  1  nat_c8cecfb77632c28453b2  
    2.4e-14   49.1   9.4    3.3e-14   48.6   9.4    1.2  1  nat_909a39bfcc83ce9d158a  
    2.4e-14   49.0   7.4    3.7e-14   48.5   7.4    1.3  1  nat_6e6ce758d8c4852aa4fa  
    2.5e-14   49.0  11.8    3.5e-14   48.5  11.8    1.2  1  nat_6bb19b9be704c758f3bf  
    2.5e-14   49.0  12.8    3.2e-14   48.7  12.8    1.1  1  nat_153fd28bce58c6b649fd  
    2.5e-14   49.0   6.1    3.1e-14   48.7   6.1    1.1  1  nat_c383624a53bd673fde11  
    2.5e-14   49.0   6.1    3.1e-14   48.7   6.1    1.1  1  nat_4b9401c72d1b603af896  
    2.6e-14   49.0  12.1    4.2e-14   48.3  12.1    1.3  1  nat_76b9bfd05f9cb7a2e5e7  
    2.8e-14   48.9   9.5    3.5e-14   48.5   9.5    1.1  1  nat_d77f2785267c8b1305ed  
    2.8e-14   48.8  12.6    3.6e-14   48.5  12.6    1.1  1  nat_ad3e371bbe2427eb778d  
    2.8e-14   48.8  11.8    4.5e-14   48.2  11.8    1.3  1  nat_cac1fc977093c9f79251  
    3.1e-14   48.7   9.6    4.5e-14   48.2   9.6    1.3  1  nat_fc9079f395e9793f6462  
    3.2e-14   48.6  12.4    4.3e-14   48.2  12.4    1.2  1  nat_40323b53e14ada1bf4ba  
    3.3e-14   48.6   7.2    5.6e-14   47.9   7.2    1.4  1  nat_54bba105484c79f2fd90  
    3.5e-14   48.5   5.9    4.4e-14   48.2   5.9    1.1  1  nat_ab04988c687da6715ca9  
    3.6e-14   48.5   8.4    4.7e-14   48.1   8.4    1.2  1  nat_17858e67067c36a2a936  
    3.6e-14   48.5   5.7    5.7e-14   47.9   5.7    1.3  1  nat_2f4bcf9c4df2b9e2be92  
    3.6e-14   48.5   7.2    5.2e-14   48.0   7.2    1.2  1  nat_7afd227c19d88f493be5  
    3.8e-14   48.4  11.7    5.6e-14   47.9  11.7    1.2  1  nat_1326ea501afe38d8f672  
      4e-14   48.4   9.5    5.9e-14   47.8   9.5    1.3  1  nat_3d9edce97c58d4805f58  
    4.1e-14   48.3   9.1    5.9e-14   47.8   9.1    1.2  1  nat_675982ec30ea7a2f5047  
    4.2e-14   48.3  12.4      5e-14   48.0  12.4    1.1  1  nat_4a1d68dafdaa878722dd  
    4.2e-14   48.3  12.4      5e-14   48.0  12.4    1.1  1  nat_2d9f554b7cf506370a12  
    4.2e-14   48.3   9.4    5.8e-14   47.8   9.4    1.2  1  nat_4814a0d12e58e5e9beba  
    4.3e-14   48.3   9.5    6.3e-14   47.7   9.5    1.3  1  nat_1f2decc9d9629b127278  
    4.3e-14   48.2  12.4    5.1e-14   48.0  12.4    1.1  1  nat_9e4e510bac6a23505f71  
    4.3e-14   48.2   9.5    6.3e-14   47.7   9.5    1.3  1  nat_e3bf29001a743e3b64f9  
    4.5e-14   48.2   9.1    6.2e-14   47.7   9.1    1.2  1  nat_e7351ec1bbef6e825734  
    4.5e-14   48.2   6.4    5.9e-14   47.8   6.4    1.2  1  nat_20254df8ceedab382494  
    4.7e-14   48.1  11.7    7.3e-14   47.5  11.7    1.3  1  nat_ec115643818e77b77aa3  
    4.8e-14   48.1  11.7    6.9e-14   47.6  11.7    1.2  1  nat_1907353f8ac65d71949b  
    4.9e-14   48.1  12.4    6.3e-14   47.7  12.4    1.1  1  nat_86681ddf38afc42e15b1  
    4.9e-14   48.1   7.6    6.5e-14   47.7   7.6    1.2  1  nat_ce9c7c0f4a921a6df25f  
    5.5e-14   47.9   7.7    9.1e-14   47.2   7.7    1.4  1  nat_065fd8fdc2701d3a4560  
    5.8e-14   47.8   8.0    8.7e-14   47.3   8.0    1.3  1  nat_bab08881e7a072b3f11f  
    6.3e-14   47.7  11.8    8.8e-14   47.3  11.8    1.2  1  nat_119a2208a386f4a54d9d  
    6.3e-14   47.7   7.7    8.1e-14   47.4   7.7    1.1  1  nat_568a29ab96947d1f56cd  
    6.4e-14   47.7   8.0    8.7e-14   47.3   8.0    1.2  1  nat_9347e512b923af873132  
    6.7e-14   47.6   8.9    1.2e-13   46.9   8.9    1.4  1  nat_738e58b1a8b51b7eb17a  
      7e-14   47.6  11.2      1e-13   47.1  11.2    1.2  1  nat_7fe76358dfedb7e7d8ad  
      7e-14   47.6   9.0    9.5e-14   47.1   9.0    1.2  1  nat_367976824ecb68e9f969  
      7e-14   47.6   9.0    9.8e-14   47.1   9.0    1.2  1  nat_d93f2e1e8fed25eda55f  
    7.1e-14   47.6   9.0    9.8e-14   47.1   9.0    1.2  1  nat_901c21e0006125b0e9d7  
    7.2e-14   47.5  11.6      1e-13   47.0  11.6    1.2  1  nat_7f2f7e62d33f9e83854a  
    7.3e-14   47.5   9.0      1e-13   47.0   9.0    1.2  1  nat_b1e17d61f6f3fc6cb817  
    7.3e-14   47.5   9.0      1e-13   47.0   9.0    1.2  1  nat_5ded9686139acac829e0  
    7.3e-14   47.5   9.0      1e-13   47.1   9.0    1.2  1  nat_35afd2cfc45262b86709  
    7.4e-14   47.5   8.9    1.3e-13   46.8   8.9    1.4  1  nat_65886a26326e73a96436  
    7.6e-14   47.5   9.3    1.1e-13   47.0   9.3    1.2  1  nat_e79f3223c0e51a4419c7  
    7.6e-14   47.5   7.1    7.6e-14   47.5   7.1    1.7  1  nat_a346ed17080beb19b7f9  
    7.8e-14   47.4   5.7    1.1e-13   46.9   5.7    1.3  1  nat_cbec58c289419737e313  
      8e-14   47.4  11.8    1.2e-13   46.8  11.8    1.3  1  nat_400956691502e8287169  
    8.5e-14   47.3   9.1    1.2e-13   46.8   9.1    1.2  1  nat_d3ef836095f7ac1cead1  
    8.7e-14   47.3   8.9    1.2e-13   46.8   8.9    1.2  1  nat_a3f05c67bc1886ca7112  
    9.1e-14   47.2  12.4    1.1e-13   47.0  12.4    1.1  1  nat_63e50dde20dac61b7920  
    9.3e-14   47.2   8.9    1.3e-13   46.7   8.9    1.2  1  nat_710430bf63a97b4a270f  
    9.3e-14   47.2   8.9    1.3e-13   46.7   8.9    1.2  1  nat_25c3216ed34dec716827  
    9.4e-14   47.2   8.9    1.3e-13   46.7   8.9    1.2  1  nat_b94659ce82742aca9749  
    9.4e-14   47.2   8.9    1.3e-13   46.7   8.9    1.2  1  nat_14b353a284a92953cad8  
      1e-13   47.0   8.1    1.6e-13   46.4   8.1    1.3  1  nat_5d0398ada9a0ee712670  
      1e-13   47.0   5.4    1.2e-13   46.8   5.4    1.1  1  nat_e8e78837892ab1704b44  
    1.1e-13   47.0  12.4    1.5e-13   46.5  12.4    1.2  1  nat_d24a0f91a34bbf48a22b  
    1.1e-13   47.0   9.0    1.5e-13   46.5   9.0    1.2  1  nat_42e47560e4eed8697446  
    1.2e-13   46.9  11.0    1.4e-13   46.6  11.0    1.1  1  nat_5b4a90bc03c35db512fd  
    1.2e-13   46.8   2.1    1.8e-13   46.3   2.1    1.3  1  nat_5db88465f7f6adfb1268  
    1.2e-13   46.8   9.0    1.7e-13   46.4   9.0    1.2  1  nat_0890e07d5e23fde5596e  
    1.4e-13   46.6   6.6    2.3e-13   45.9   6.6    1.3  1  nat_805855d37a367a5867e3  
    1.4e-13   46.6   7.7    2.1e-13   46.1   7.7    1.2  1  nat_e2936110b0ddfefb35cc  
    1.4e-13   46.6  11.3    2.1e-13   46.1  11.3    1.2  1  nat_e481176a20214b3a0873  
    1.8e-13   46.3  11.8    2.3e-13   45.9  11.8    1.2  1  nat_970e328c0ded530748ae  
    1.9e-13   46.2   9.9    2.7e-13   45.7   9.9    1.2  1  nat_f7a7384ac9671dafa785  
      2e-13   46.1   7.6    2.6e-13   45.7   7.6    1.1  1  nat_9d9dd9734a5c8ab98eeb  
    2.5e-13   45.8  10.7    3.5e-13   45.4  10.7    1.2  1  nat_29345482d2af34083837  
    2.6e-13   45.7   9.1    3.8e-13   45.2   9.1    1.3  1  nat_4f0646e249cd3db1d37f  
    2.6e-13   45.7  11.2    3.3e-13   45.4  11.2    1.1  1  nat_bad2dad2cf60a57b02f5  
    2.7e-13   45.7  13.0    3.9e-13   45.2  13.0    1.2  1  nat_754029d7fdddcf0dda8b  
    2.7e-13   45.7  11.8    3.5e-13   45.3  11.8    1.2  1  nat_a05d2a4091bc6540fd5e  
    2.8e-13   45.7  13.0    3.9e-13   45.2  13.0    1.2  1  nat_fb63ecbac61c302167f9  
    2.8e-13   45.6  10.8    4.2e-13   45.1  10.8    1.3  1  nat_2593b683bc69e42309bf  
      3e-13   45.5   6.1    4.6e-13   45.0   6.1    1.3  1  nat_b7ce8a1b044eaedac151  
    3.5e-13   45.4  10.7    3.5e-13   45.4  10.7    1.6  1  nat_96cf8fec98a326ef28f8  
    3.5e-13   45.3  10.0    5.3e-13   44.8  10.0    1.3  1  nat_5e0a0c17153bc7a2c0f7  
    3.8e-13   45.2   7.3    5.9e-13   44.6   7.3    1.3  1  nat_650d9a7fc14a1c8678c8  
      4e-13   45.2   7.3    5.4e-13   44.7   7.3    1.2  1  nat_8cd52de919d22e5b2f70  
    4.1e-13   45.1   6.7    5.5e-13   44.7   6.7    1.2  1  nat_00f078f1a0eafd9ea851  
    4.2e-13   45.1   7.3    5.5e-13   44.7   7.3    1.2  1  nat_485a8f2cb7e24fa53ea0  
    4.7e-13   44.9  10.7    8.1e-13   44.2  10.7    1.4  1  nat_99b0e6ac4f74262c1bb2  
    5.1e-13   44.8  11.9    8.2e-13   44.2  11.9    1.4  1  nat_36cd672e9f0f362f84a3  
    5.6e-13   44.7  11.9    7.7e-13   44.2  11.9    1.2  1  nat_b7b2dc53fd89ba68dfe9  
    6.4e-13   44.5  11.9    8.6e-13   44.1  11.9    1.2  1  nat_256f4d9f9e8bd81a3ef9  
    6.4e-13   44.5  11.9    9.1e-13   44.0  11.9    1.2  1  nat_58c22377f3821c65f8d7  
    8.6e-13   44.1   6.6    1.1e-12   43.7   6.6    1.2  1  nat_6941eadb95ed4bfec34a  
    8.6e-13   44.1   6.6    1.1e-12   43.7   6.6    1.2  1  nat_1c76cf5c7e439b773485  
    8.9e-13   44.0   6.6    1.2e-12   43.7   6.6    1.2  1  nat_3ed9bc4471e8c5d8a73f  
    9.6e-13   43.9   6.6    1.3e-12   43.5   6.6    1.2  1  nat_fd6df642808b7adaae7d  
      1e-12   43.9   7.9    1.8e-12   43.0   7.9    1.5  1  nat_3a0003e56b4928cb7aaa  
    1.1e-12   43.7  11.8    1.5e-12   43.3  11.8    1.2  1  nat_6048d13df283cd9c311b  
    1.2e-12   43.6  11.2    1.6e-12   43.3  11.2    1.2  1  nat_bcd02030b41a775b0edc  
    1.2e-12   43.6   6.6    1.6e-12   43.2   6.6    1.2  1  nat_101346775bd8fc719b54  
    1.5e-12   43.3   2.4    1.9e-12   43.0   2.4    1.1  1  nat_08095d9387557239b7fa  
    1.5e-12   43.3  13.1    2.3e-12   42.7  13.1    1.3  1  nat_2b769a64bdbe24f6dbc7  
    1.6e-12   43.2  13.1    2.3e-12   42.7  13.1    1.2  1  nat_baa6b104c739419a55bf  
    1.7e-12   43.2  10.9    2.3e-12   42.7  10.9    1.2  1  nat_87c687bea1af941dec3f  
    1.7e-12   43.2   2.4    2.1e-12   42.8   2.4    1.1  1  nat_dfcd4d5922ac3741b10b  
    1.9e-12   43.0   6.3    2.4e-12   42.6   6.3    1.2  1  nat_e34b44c2870a942d0092  
    1.9e-12   43.0   6.3    2.4e-12   42.6   6.3    1.1  1  nat_6d257d8cbeb3f3af448a  
    1.9e-12   43.0   6.3    2.4e-12   42.6   6.3    1.1  1  nat_22459d46342d29cd0e51  
      2e-12   42.9   6.3    2.6e-12   42.6   6.3    1.2  1  nat_f176d2d019718491db42  
      2e-12   42.9   6.3    2.6e-12   42.6   6.3    1.2  1  nat_05faae01597311327997  
      2e-12   42.9   6.3    2.6e-12   42.6   6.3    1.2  1  nat_2051151517b2b27c91df  
    2.1e-12   42.8   6.9    2.8e-12   42.5   6.9    1.2  1  nat_c0248ec199ed97e6d9ee  
    2.3e-12   42.7   4.8    3.2e-12   42.3   4.8    1.2  1  nat_c730fb33477ca08f29e8  
    2.3e-12   42.7   4.8    3.2e-12   42.3   4.8    1.2  1  nat_eac8d42dcf851f8eb6d8  
    2.3e-12   42.7   5.6    3.1e-12   42.3   5.6    1.2  1  nat_c9181ea046190022b014  
    2.3e-12   42.7   4.8    3.2e-12   42.3   4.8    1.2  1  nat_f1843d79acb220241dfc  
    2.3e-12   42.7   4.8    3.2e-12   42.3   4.8    1.2  1  nat_8430c66867e7555de5e1  
    2.4e-12   42.7   4.8    3.3e-12   42.2   4.8    1.2  1  nat_747d60b2bd9f9baa6cfc  
    2.4e-12   42.7   6.3    3.2e-12   42.3   6.3    1.2  1  nat_743941db45842ba9edb7  
    2.4e-12   42.7   6.3    3.2e-12   42.3   6.3    1.2  1  nat_8ba3d6668e353b537179  
    2.4e-12   42.7   4.8    3.3e-12   42.2   4.8    1.2  1  nat_bbadf719897c45da08f0  
    2.4e-12   42.7   4.8    3.2e-12   42.3   4.8    1.2  1  nat_bdb27357528f1d5d6c47  
    2.4e-12   42.7   6.3    3.2e-12   42.3   6.3    1.2  1  nat_3bac021c5495186db378  
    2.4e-12   42.6   4.8    3.3e-12   42.2   4.8    1.2  1  nat_240500bb8aaece16c8a7  
    2.4e-12   42.6   4.8    3.3e-12   42.2   4.8    1.2  1  nat_ff800aecb7c2e95dee99  
    2.4e-12   42.6   6.3    3.2e-12   42.3   6.3    1.2  1  nat_2b65cf1e277ab50a0dfe  
    2.5e-12   42.6   6.3    3.3e-12   42.2   6.3    1.2  1  nat_75b688dadffb1bcbff68  
    2.6e-12   42.6   9.8    2.6e-12   42.6   9.8    1.6  1  nat_f24e045327970281b5cd  
    2.6e-12   42.6   6.3    3.4e-12   42.2   6.3    1.2  1  nat_3a34394c27043f0de19a  
      3e-12   42.4   2.7    4.1e-12   41.9   2.7    1.2  1  nat_5cfc2961268b2ad6fbbd  
      3e-12   42.4   2.7    3.9e-12   42.0   2.7    1.2  1  nat_ab4678bc7e147bea24f4  
      3e-12   42.4   2.7      4e-12   42.0   2.7    1.2  1  nat_61b16b326fc735ccf093  
    3.1e-12   42.3   2.7    4.1e-12   41.9   2.7    1.2  1  nat_a6bd531a054394dd2492  
    3.1e-12   42.3   2.7    4.1e-12   41.9   2.7    1.2  1  nat_6bd198e130544a8380c7  
    3.1e-12   42.3   2.7    4.2e-12   41.9   2.7    1.2  1  nat_e64c9f3350adefe5e228  
    4.2e-12   41.9   6.4    5.6e-12   41.5   6.4    1.2  1  nat_3eea95a610545d989cc1  
      5e-12   41.6   6.6    6.5e-12   41.3   6.6    1.2  1  nat_8d21dd360b13b6dfcbe2  
    5.2e-12   41.6   6.6    6.7e-12   41.2   6.6    1.1  1  nat_b80283670de4d1ac6811  
    5.7e-12   41.5   8.7    7.7e-12   41.0   8.7    1.2  1  nat_9f6df4357b80feaba99b  
    8.9e-12   40.8  11.5    1.2e-11   40.4  11.5    1.2  1  nat_13ee99e71183bcf01114  
    1.2e-11   40.5   7.9    1.6e-11   40.0   7.9    1.2  1  nat_ce958cc38501a37e45ae  
    3.3e-11   39.0   8.7    6.4e-11   38.1   8.7    1.5  1  nat_0a21b67bc6dd51d1c17f  
    2.8e-10   36.1   5.3    3.7e-10   35.7   5.3    1.2  1  nat_d7456223d4168dd8bcaa  
    5.9e-10   35.0   7.8    7.8e-10   34.6   7.8    1.2  1  nat_a4ea0771a62129b6e7cf  
    7.3e-10   34.7   7.8    9.9e-10   34.3   7.8    1.2  1  nat_469c2c6e74bc5945041b  
    7.9e-10   34.6   7.8    1.1e-09   34.1   7.8    1.3  1  nat_54cf1e0b05b06f3e29b4  
    8.4e-10   34.5   7.8    1.1e-09   34.1   7.8    1.2  1  nat_6b430be939bbbcdb6ca0  
    1.2e-09   34.0  11.3    1.6e-09   33.6  11.3    1.2  1  nat_aa41861d9ee4546b28c5  
    4.6e-09   32.2   5.8    5.3e-09   32.0   5.8    1.1  1  nat_71183c6ca4e255f76416  
    3.1e-08   29.5   5.9    6.1e-08   28.6   5.9    1.5  1  nat_1de0bb420c43b6a81f73  
  ------ inclusion threshold ------
       0.18    7.9   0.5       0.31    7.1   0.5    1.4  1  nat_ce6587aeb16990c43df0  
        5.5    3.1   0.5         24    1.1   0.0    2.2  1  nat_9c346ea092221109ceee  
         10    2.2   0.9         21    1.2   0.9    1.5  1  nat_343a5e4d559b5d15afdd  
         12    2.0   0.2         34    0.6   0.2    1.6  1  nat_2e144ce2e0ef46f92e42  
         13    1.9   0.3         29    0.8   0.3    1.5  1  nat_c37cb4752fc7ece7af97  
         16    1.6   0.1         37    0.4   0.1    1.5  1  nat_b8d08df1b5aa716dd206  
         18    1.4   0.0         34    0.6   0.0    1.3  1  nat_a37f10bcf8297b415bfd  
         19    1.4   5.1        5.3    3.2   0.5    2.4  1  nat_25c8b136d03361e120af  
         21    1.2   1.7         48    0.1   1.7    1.6  1  nat_0d4146f6304fb405a11b  
         22    1.2   1.9         29    0.8   0.1    2.0  1  nat_a5ecf4f0152b64075fbe  
         25    1.0   0.0         42    0.3   0.0    1.2  1  nat_cb2a4f8786db072e6e3c  
         35    0.5   0.2         77   -0.6   0.2    1.4  0  nat_63fdb44f0206ff540bb1  
         35    0.5   0.1         89   -0.8   0.1    1.4  0  nat_f1576cf15faeaea3dbc6  
         36    0.5   1.6         74   -0.5   1.6    1.4  0  nat_47659eab3f77d326e707  
         39    0.4   0.0    1.2e+02   -1.2   0.0    1.4  0  nat_6e78392ee68b0d7f0e1a  
         40    0.4   0.6    1.4e+02   -1.4   0.6    1.6  0  nat_54b190843b0d8891ec3e  
         41    0.3   0.4      1e+02   -0.9   0.4    1.5  0  nat_feb7854d969d6d554dbd  
         41    0.3   0.2      1e+02   -0.9   0.2    1.4  0  nat_99c63b717a8f4260cba2  
         41    0.3   0.6    1.2e+02   -1.2   0.1    1.6  0  nat_030fe1de47ef1266404e  
         42    0.3   1.7         43    0.3   0.0    1.7  1  nat_dc27ebbf4ebecdfbc754  
         44    0.2   0.1    3.9e+02   -2.8   0.0    1.7  0  nat_7a9a8f4b94c47657684d  
         46    0.2   0.2    5.1e+02   -3.2   0.2    1.7  0  nat_48940241bf6a6f56d89d  
         48    0.1   0.3    1.9e+02   -1.8   0.1    1.5  0  nat_75dc6e04d78110911214  
         51    0.0   0.3      3e+02   -2.5   0.0    1.6  0  nat_d784af921bd64d7ae792  


Domain annotation for each sequence (and alignments):
>> nat_90d11bccd2cb7147c1fe  
   #    score  bias  c-Evalue  i-Evalue hmmfrom  hmm to    alifrom  ali to    envfrom  env to     acc
 ---   ------ ----- --------- --------- ------- -------    ------- -------    ------- -------    ----
   1 !   62.9   6.2   6.2e-19   1.1e-18       1      39 []      11      49 ..      11      49 .. 0.99

  Alignments for each domain:
  == domain 1  score: 62.9 bits;  conditional E-value: 6.2e-19
               Gas_vesicle  1 sLaDlLDrvLdkGvVIaGditisvagieLltikLrlvlA 39
                              sLa+++Dr+LdkG+VI++++++s++gieLl+i++r+v+A
  nat_90d11bccd2cb7147c1fe 11 SLAEVIDRILDKGIVIDAWVRVSLVGIELLSIEARVVIA 49
                              8*************************************8 PP

>> nat_71f9753012b6644cf772  
   #    score  bias  c-Evalue  i-Evalue hmmfrom  hmm to    alifrom  ali to    envfrom  env to     acc
 ---   ------ ----- --------- --------- ------- -------    ------- -------    ------- -------    ----
   1 !   62.6   6.2   7.6e-19   1.4e-18       1      39 []      11      49 ..      11      49 .. 0.99

  Alignments for each domain:
  == domain 1  score: 62.6 bits;  conditional E-value: 7.6e-19
               Gas_vesicle  1 sLaDlLDrvLdkGvVIaGditisvagieLltikLrlvlA 39
                              sLa+++Dr+LdkG+VI++++++s++gieLl+i++r+v+A
  nat_71f9753012b6644cf772 11 SLAEVIDRILDKGIVIDAWVRVSLVGIELLSIEARIVIA 49
                              8*************************************8 PP

>> nat_b38024f0aba86f47c4ad  
   #    score  bias  c-Evalue  i-Evalue hmmfrom  hmm to    alifrom  ali to    envfrom  env to     acc
 ---   ------ ----- --------- --------- ------- -------    ------- -------    ------- -------    ----
   1 !   62.6   6.2   7.6e-19   1.4e-18       1      39 []      11      49 ..      11      49 .. 0.99

  Alignments for each domain:
  == domain 1  score: 62.6 bits;  conditional E-value: 7.6e-19
               Gas_vesicle  1 sLaDlLDrvLdkGvVIaGditisvagieLltikLrlvlA 39
                              sLa+++Dr+LdkG+VI++++++s++gieLl+i++r+v+A
  nat_b38024f0aba86f47c4ad 11 SLAEVIDRILDKGIVIDAWVRVSLVGIELLSIEARIVIA 49
                              8*************************************8 PP

>> nat_307aae2a7a20a7f3cf48  
   #    score  bias  c-Evalue  i-Evalue hmmfrom  hmm to    alifrom  ali to    envfrom  env to     acc
 ---   ------ ----- --------- --------- ------- -------    ------- -------    ------- -------    ----
   1 !   62.6   6.2   7.6e-19   1.4e-18       1      39 []      11      49 ..      11      49 .. 0.99

  Alignments for each domain:
  == domain 1  score: 62.6 bits;  conditional E-value: 7.6e-19
               Gas_vesicle  1 sLaDlLDrvLdkGvVIaGditisvagieLltikLrlvlA 39
                              sLa+++Dr+LdkG+VI++++++s++gieLl+i++r+v+A
  nat_307aae2a7a20a7f3cf48 11 SLAEVIDRILDKGIVIDAWVRVSLVGIELLSIEARIVIA 49
                              8*************************************8 PP

>> nat_3a3fe29b7daaadaf3131  
   #    score  bias  c-Evalue  i-Evalue hmmfrom  hmm to    alifrom  ali to    envfrom  env to     acc
 ---   ------ ----- --------- --------- ------- -------    ------- -------    ------- -------    ----
   1 !   62.0   9.7   1.2e-18   2.2e-18       1      39 []      11      49 ..      11      49 .. 0.99

  Alignments for each domain:
  == domain 1  score: 62.0 bits;  conditional E-value: 1.2e-18
               Gas_vesicle  1 sLaDlLDrvLdkGvVIaGditisvagieLltikLrlvlA 39
                              sL+D+LDrvLdkG+VI+++++is++gi+L+t+++r+v+A
  nat_3a3fe29b7daaadaf3131 11 SLIDVLDRVLDKGIVIDAWVRISLVGIDLITVEARVVVA 49
                              8*************************************8 PP

>> nat_69e482373852c8d89d8f  
   #    score  bias  c-Evalue  i-Evalue hmmfrom  hmm to    alifrom  ali to    envfrom  env to     acc
 ---   ------ ----- --------- --------- ------- -------    ------- -------    ------- -------    ----
   1 !   61.8   9.2   1.4e-18   2.6e-18       1      39 []      18      56 ..      18      56 .. 0.98

  Alignments for each domain:
  == domain 1  score: 61.8 bits;  conditional E-value: 1.4e-18
               Gas_vesicle  1 sLaDlLDrvLdkGvVIaGditisvagieLltikLrlvlA 39
                              +LaD+L+rvLdkGvVIaGdi+i++ +ieLltikLrlv+A
  nat_69e482373852c8d89d8f 18 NLADILERVLDKGVVIAGDIRINLLDIELLTIKLRLVVA 56
                              69************************************8 PP

>> nat_18f34224f39837d53eec  
   #    score  bias  c-Evalue  i-Evalue hmmfrom  hmm to    alifrom  ali to    envfrom  env to     acc
 ---   ------ ----- --------- --------- ------- -------    ------- -------    ------- -------    ----
   1 !   61.9   9.2   1.2e-18   2.3e-18       1      39 []      22      60 ..      22      60 .. 0.98

  Alignments for each domain:
  == domain 1  score: 61.9 bits;  conditional E-value: 1.2e-18
               Gas_vesicle  1 sLaDlLDrvLdkGvVIaGditisvagieLltikLrlvlA 39
                              +LaD+L+rvLdkGvVIaGdi+i++ +ieLltikLrlv+A
  nat_18f34224f39837d53eec 22 NLADILERVLDKGVVIAGDIRINLLDIELLTIKLRLVVA 60
                              69************************************8 PP

>> nat_2a643259fb5c627e5a76  
   #    score  bias  c-Evalue  i-Evalue hmmfrom  hmm to    alifrom  ali to    envfrom  env to     acc
 ---   ------ ----- --------- --------- ------- -------    ------- -------    ------- -------    ----
   1 !   61.9   6.1   1.2e-18   2.3e-18       1      39 []      12      50 ..      12      50 .. 0.99

  Alignments for each domain:
  == domain 1  score: 61.9 bits;  conditional E-value: 1.2e-18
               Gas_vesicle  1 sLaDlLDrvLdkGvVIaGditisvagieLltikLrlvlA 39
                              sLa+++Dr+LdkG+V+++++++s++gieLl+i++r+v+A
  nat_2a643259fb5c627e5a76 12 SLAEVVDRILDKGIVVDAWVKVSLVGIELLSIEARVVIA 50
                              8*************************************8 PP

>> nat_05708ca69ef57e384a38  
   #    score  bias  c-Evalue  i-Evalue hmmfrom  hmm to    alifrom  ali to    envfrom  env to     acc
 ---   ------ ----- --------- --------- ------- -------    ------- -------    ------- -------    ----
   1 !   61.8   9.2   1.4e-18   2.6e-18       1      39 []      18      56 ..      18      56 .. 0.98

  Alignments for each domain:
  == domain 1  score: 61.8 bits;  conditional E-value: 1.4e-18
               Gas_vesicle  1 sLaDlLDrvLdkGvVIaGditisvagieLltikLrlvlA 39
                              +LaD+L+rvLdkGvVIaGdi+i++ +ieLltikLrlv+A
  nat_05708ca69ef57e384a38 18 NLADILERVLDKGVVIAGDIRINLLDIELLTIKLRLVVA 56
                              69************************************8 PP

>> nat_b72075109bbb6320c712  
   #    score  bias  c-Evalue  i-Evalue hmmfrom  hmm to    alifrom  ali to    envfrom  env to     acc
 ---   ------ ----- --------- --------- ------- -------    ------- -------    ------- -------    ----
   1 !   61.8   9.2   1.4e-18   2.5e-18       1      39 []      17      55 ..      17      55 .. 0.98

  Alignments for each domain:
  == domain 1  score: 61.8 bits;  conditional E-value: 1.4e-18
               Gas_vesicle  1 sLaDlLDrvLdkGvVIaGditisvagieLltikLrlvlA 39
                              +LaD+L+rvLdkG+VIaGdi+i++ +ieLltikLrlv+A
  nat_b72075109bbb6320c712 17 NLADILERVLDKGIVIAGDIRINLLDIELLTIKLRLVVA 55
                              69************************************8 PP

>> nat_7cb4140e283c8e67ca6a  
   #    score  bias  c-Evalue  i-Evalue hmmfrom  hmm to    alifrom  ali to    envfrom  env to     acc
 ---   ------ ----- --------- --------- ------- -------    ------- -------    ------- -------    ----
   1 !   61.7   9.0   1.5e-18   2.8e-18       1      39 []      21      59 ..      21      59 .. 0.98

  Alignments for each domain:
  == domain 1  score: 61.7 bits;  conditional E-value: 1.5e-18
               Gas_vesicle  1 sLaDlLDrvLdkGvVIaGditisvagieLltikLrlvlA 39
                              +LaD+L+rvLdkGvVIaGdi+i++ +ieLltikLrlv+A
  nat_7cb4140e283c8e67ca6a 21 NLADILERVLDKGVVIAGDIKINLLDIELLTIKLRLVVA 59
                              69************************************8 PP

>> nat_a0ad89f4e1861fd114d4  
   #    score  bias  c-Evalue  i-Evalue hmmfrom  hmm to    alifrom  ali to    envfrom  env to     acc
 ---   ------ ----- --------- --------- ------- -------    ------- -------    ------- -------    ----
   1 !   61.7   9.2   1.5e-18   2.7e-18       1      39 []      18      56 ..      18      56 .. 0.98

  Alignments for each domain:
  == domain 1  score: 61.7 bits;  conditional E-value: 1.5e-18
               Gas_vesicle  1 sLaDlLDrvLdkGvVIaGditisvagieLltikLrlvlA 39
                              +LaD+L+rvLdkGvVIaGdi+i++ +ieLltikLrlv+A
  nat_a0ad89f4e1861fd114d4 18 NLADILERVLDKGVVIAGDIRINLLDIELLTIKLRLVVA 56
                              69************************************8 PP

>> nat_98c17a9a67d3ec5e7355  
   #    score  bias  c-Evalue  i-Evalue hmmfrom  hmm to    alifrom  ali to    envfrom  env to     acc
 ---   ------ ----- --------- --------- ------- -------    ------- -------    ------- -------    ----
   1 !   61.6   8.9   1.6e-18   2.9e-18       1      39 []      21      59 ..      21      59 .. 0.98

  Alignments for each domain:
  == domain 1  score: 61.6 bits;  conditional E-value: 1.6e-18
               Gas_vesicle  1 sLaDlLDrvLdkGvVIaGditisvagieLltikLrlvlA 39
                              +LaD+L+rvLdkG+VIaGdi+i++ +ieLltikLrlv+A
  nat_98c17a9a67d3ec5e7355 21 NLADILERVLDKGIVIAGDIKINLLDIELLTIKLRLVVA 59
                              69************************************8 PP

>> nat_7cb108de86cc479cc796  
   #    score  bias  c-Evalue  i-Evalue hmmfrom  hmm to    alifrom  ali to    envfrom  env to     acc
 ---   ------ ----- --------- --------- ------- -------    ------- -------    ------- -------    ----
   1 !   61.7   7.5   1.4e-18   2.6e-18       1      39 []       7      45 ..       7      45 .. 0.99

  Alignments for each domain:
  == domain 1  score: 61.7 bits;  conditional E-value: 1.4e-18
               Gas_vesicle  1 sLaDlLDrvLdkGvVIaGditisvagieLltikLrlvlA 39
                              sLaD+L+rvLdkGvVIaGdi +sv+++eLlt+++rl +A
  nat_7cb108de86cc479cc796  7 SLADVLERVLDKGVVIAGDIGVSVVDVELLTLRIRLFIA 45
                              8************************************98 PP

>> nat_38b618e8937e5e5e698b  
   #    score  bias  c-Evalue  i-Evalue hmmfrom  hmm to    alifrom  ali to    envfrom  env to     acc
 ---   ------ ----- --------- --------- ------- -------    ------- -------    ------- -------    ----
   1 !   61.6   9.2   1.6e-18   2.8e-18       1      39 []      18      56 ..      18      56 .. 0.98

  Alignments for each domain:
  == domain 1  score: 61.6 bits;  conditional E-value: 1.6e-18
               Gas_vesicle  1 sLaDlLDrvLdkGvVIaGditisvagieLltikLrlvlA 39
                              +LaD+L+rvLdkGvVIaGdi+i++ +ieLltikLrlv+A
  nat_38b618e8937e5e5e698b 18 NLADILERVLDKGVVIAGDIRINLLDIELLTIKLRLVVA 56
                              69************************************8 PP

>> nat_08693a219f8e2c8ad83d  
   #    score  bias  c-Evalue  i-Evalue hmmfrom  hmm to    alifrom  ali to    envfrom  env to     acc
 ---   ------ ----- --------- --------- ------- -------    ------- -------    ------- -------    ----
   1 !   61.6   9.0   1.6e-18   2.9e-18       1      39 []      18      56 ..      18      56 .. 0.98

  Alignments for each domain:
  == domain 1  score: 61.6 bits;  conditional E-value: 1.6e-18
               Gas_vesicle  1 sLaDlLDrvLdkGvVIaGditisvagieLltikLrlvlA 39
                              +LaD+L+rvLdkGvVIaGdi+i++ +ieLltikLrlv+A
  nat_08693a219f8e2c8ad83d 18 NLADILERVLDKGVVIAGDIKINLLDIELLTIKLRLVVA 56
                              69************************************8 PP

>> nat_07bd0e36be9cf6488fb7  
   #    score  bias  c-Evalue  i-Evalue hmmfrom  hmm to    alifrom  ali to    envfrom  env to     acc
 ---   ------ ----- --------- --------- ------- -------    ------- -------    ------- -------    ----
   1 !   61.4   6.7   1.9e-18   3.4e-18       1      39 []      12      50 ..      12      50 .. 0.99

  Alignments for each domain:
  == domain 1  score: 61.4 bits;  conditional E-value: 1.9e-18
               Gas_vesicle  1 sLaDlLDrvLdkGvVIaGditisvagieLltikLrlvlA 39
                              sLa+++Dr+LdkG+VI++ +++s++gieL+ti++r+v+A
  nat_07bd0e36be9cf6488fb7 12 SLAEVIDRILDKGIVIDAFVRVSLVGIELITIEARVVIA 50
                              8*************************************8 PP

>> nat_4c06fdcd9b94ab517ef7  
   #    score  bias  c-Evalue  i-Evalue hmmfrom  hmm to    alifrom  ali to    envfrom  env to     acc
 ---   ------ ----- --------- --------- ------- -------    ------- -------    ------- -------    ----
   1 !   61.4   6.4   1.8e-18   3.2e-18       1      39 []      11      49 ..      11      49 .. 0.99

  Alignments for each domain:
  == domain 1  score: 61.4 bits;  conditional E-value: 1.8e-18
               Gas_vesicle  1 sLaDlLDrvLdkGvVIaGditisvagieLltikLrlvlA 39
                              sLa+++Dr+LdkG+V+++++++s++gieLl+i++r+v+A
  nat_4c06fdcd9b94ab517ef7 11 SLAEVVDRILDKGIVVDAWVRVSLVGIELLSIEARVVVA 49
                              8*************************************8 PP

>> nat_5383c67907971360d965  
   #    score  bias  c-Evalue  i-Evalue hmmfrom  hmm to    alifrom  ali to    envfrom  env to     acc
 ---   ------ ----- --------- --------- ------- -------    ------- -------    ------- -------    ----
   1 !   61.0   6.3   2.5e-18   4.6e-18       1      39 []      20      58 ..      20      58 .. 0.98

  Alignments for each domain:
  == domain 1  score: 61.0 bits;  conditional E-value: 2.5e-18
               Gas_vesicle  1 sLaDlLDrvLdkGvVIaGditisvagieLltikLrlvlA 39
                              +LaDlL+r+LdkGvV+aGdi i+++++eLlti+Lrlv++
  nat_5383c67907971360d965 20 NLADLLERILDKGVVVAGDISIKLVEVELLTIQLRLVIC 58
                              69***********************************97 PP

>> nat_70ecf2053d255f8cbc58  
   #    score  bias  c-Evalue  i-Evalue hmmfrom  hmm to    alifrom  ali to    envfrom  env to     acc
 ---   ------ ----- --------- --------- ------- -------    ------- -------    ------- -------    ----
   1 !   61.2   9.0   2.2e-18     4e-18       2      39 .]      12      49 ..      11      49 .. 0.98

  Alignments for each domain:
  == domain 1  score: 61.2 bits;  conditional E-value: 2.2e-18
               Gas_vesicle  2 LaDlLDrvLdkGvVIaGditisvagieLltikLrlvlA 39
                              LaD+L+r+LdkG+VIaGd+ +s++gieLl+i+Lrl++A
  nat_70ecf2053d255f8cbc58 12 LADILERILDKGIVIAGDVSVSLVGIELLSIRLRLLIA 49
                              9************************************8 PP

>> nat_8be2e14f0153cb01c7e8  
   #    score  bias  c-Evalue  i-Evalue hmmfrom  hmm to    alifrom  ali to    envfrom  env to     acc
 ---   ------ ----- --------- --------- ------- -------    ------- -------    ------- -------    ----
   1 !   61.1   6.9   2.2e-18   4.1e-18       1      39 []      11      49 ..      11      49 .. 0.99

  Alignments for each domain:
  == domain 1  score: 61.1 bits;  conditional E-value: 2.2e-18
               Gas_vesicle  1 sLaDlLDrvLdkGvVIaGditisvagieLltikLrlvlA 39
                              sLa+++Dr+LdkG+VI++++++s++gieLl i++r+v+A
  nat_8be2e14f0153cb01c7e8 11 SLAEVIDRILDKGIVIDAWVRVSLVGIELLAIEARIVIA 49
                              8*************************************8 PP

>> nat_9d49465af66327a747b8  
   #    score  bias  c-Evalue  i-Evalue hmmfrom  hmm to    alifrom  ali to    envfrom  env to     acc
 ---   ------ ----- --------- --------- ------- -------    ------- -------    ------- -------    ----
   1 !   61.0   6.2   2.5e-18   4.5e-18       1      39 []      11      49 ..      11      49 .. 0.99

  Alignments for each domain:
  == domain 1  score: 61.0 bits;  conditional E-value: 2.5e-18
               Gas_vesicle  1 sLaDlLDrvLdkGvVIaGditisvagieLltikLrlvlA 39
                              sLa+++Dr+LdkG+V+++++++s++gieLl+i++r+v+A
  nat_9d49465af66327a747b8 11 SLAEVIDRILDKGIVVDAWVRVSLVGIELLSIEARIVIA 49
                              8*************************************8 PP

>> nat_f582579e03d4f3374571  
   #    score  bias  c-Evalue  i-Evalue hmmfrom  hmm to    alifrom  ali to    envfrom  env to     acc
 ---   ------ ----- --------- --------- ------- -------    ------- -------    ------- -------    ----
   1 !   61.0   6.2   2.5e-18   4.5e-18       1      39 []      11      49 ..      11      49 .. 0.99

  Alignments for each domain:
  == domain 1  score: 61.0 bits;  conditional E-value: 2.5e-18
               Gas_vesicle  1 sLaDlLDrvLdkGvVIaGditisvagieLltikLrlvlA 39
                              sLa+++Dr+LdkG+V+++++++s++gieLl+i++r+v+A
  nat_f582579e03d4f3374571 11 SLAEVIDRILDKGIVVDAWVRVSLVGIELLSIEARIVIA 49
                              8*************************************8 PP

>> nat_3b723aaeacc6bb57b98b  
   #    score  bias  c-Evalue  i-Evalue hmmfrom  hmm to    alifrom  ali to    envfrom  env to     acc
 ---   ------ ----- --------- --------- ------- -------    ------- -------    ------- -------    ----
   1 !   60.8   7.4   2.9e-18   5.3e-18       1      39 []      10      48 ..      10      48 .. 0.99

  Alignments for each domain:
  == domain 1  score: 60.8 bits;  conditional E-value: 2.9e-18
               Gas_vesicle  1 sLaDlLDrvLdkGvVIaGditisvagieLltikLrlvlA 39
                              sLaD+L+rvLdkGvVIaGdi +sv+++eLlt+++rl +A
  nat_3b723aaeacc6bb57b98b 10 SLADILERVLDKGVVIAGDIGVSVVDVELLTLRIRLFIA 48
                              8************************************98 PP

>> nat_c8ca500d58f82227374e  
   #    score  bias  c-Evalue  i-Evalue hmmfrom  hmm to    alifrom  ali to    envfrom  env to     acc
 ---   ------ ----- --------- --------- ------- -------    ------- -------    ------- -------    ----
   1 !   60.9   6.3   2.6e-18   4.8e-18       1      39 []      11      49 ..      11      49 .. 0.99

  Alignments for each domain:
  == domain 1  score: 60.9 bits;  conditional E-value: 2.6e-18
               Gas_vesicle  1 sLaDlLDrvLdkGvVIaGditisvagieLltikLrlvlA 39
                              sLa+++Dr+LdkGvV++++i++s++gieLlti++r+v+A
  nat_c8ca500d58f82227374e 11 SLAEVIDRILDKGVVVDAWIRLSLVGIELLTIEARIVVA 49
                              8*************************************8 PP

>> nat_ac61932baba86c9a492c  
   #    score  bias  c-Evalue  i-Evalue hmmfrom  hmm to    alifrom  ali to    envfrom  env to     acc
 ---   ------ ----- --------- --------- ------- -------    ------- -------    ------- -------    ----
   1 !   60.4   4.4   3.8e-18   6.9e-18       1      39 []      15      53 ..      15      53 .. 0.98

  Alignments for each domain:
  == domain 1  score: 60.4 bits;  conditional E-value: 3.8e-18
               Gas_vesicle  1 sLaDlLDrvLdkGvVIaGditisvagieLltikLrlvlA 39
                              sLaD+L+rvLdkG+VIaGdi +s+a +eLl ik+rl+++
  nat_ac61932baba86c9a492c 15 SLADVLERVLDKGIVIAGDISVSIASTELLNIKIRLLIS 53
                              8************************************95 PP

>> nat_9da3dcb0bb3c092c42d5  
   #    score  bias  c-Evalue  i-Evalue hmmfrom  hmm to    alifrom  ali to    envfrom  env to     acc
 ---   ------ ----- --------- --------- ------- -------    ------- -------    ------- -------    ----
   1 !   60.7   2.6   3.1e-18   5.6e-18       1      39 []      11      49 ..      11      49 .. 0.99

  Alignments for each domain:
  == domain 1  score: 60.7 bits;  conditional E-value: 3.1e-18
               Gas_vesicle  1 sLaDlLDrvLdkGvVIaGditisvagieLltikLrlvlA 39
                              sLa+++Dr+LdkG+VI++++++s+ gieL +i++r+v+A
  nat_9da3dcb0bb3c092c42d5 11 SLAEVIDRILDKGIVIDAWVRVSLGGIELFSIEARVVIA 49
                              8*************************************8 PP

>> nat_a9b81aca9b85a9dd31fc  
   #    score  bias  c-Evalue  i-Evalue hmmfrom  hmm to    alifrom  ali to    envfrom  env to     acc
 ---   ------ ----- --------- --------- ------- -------    ------- -------    ------- -------    ----
   1 !   60.6   9.6   3.2e-18   5.8e-18       1      39 []      23      61 ..      23      61 .. 0.98

  Alignments for each domain:
  == domain 1  score: 60.6 bits;  conditional E-value: 3.2e-18
               Gas_vesicle  1 sLaDlLDrvLdkGvVIaGditisvagieLltikLrlvlA 39
                              +LaD+L+rvLdkGvVIaGdi+i + +ieLlti+Lrlv+A
  nat_a9b81aca9b85a9dd31fc 23 NLADILERVLDKGVVIAGDIRIELLDIELLTIRLRLVVA 61
                              69************************************8 PP

>> nat_22ac9928a6c3fbaf8f7c  
   #    score  bias  c-Evalue  i-Evalue hmmfrom  hmm to    alifrom  ali to    envfrom  env to     acc
 ---   ------ ----- --------- --------- ------- -------    ------- -------    ------- -------    ----
   1 !   60.5   7.2   3.5e-18   6.5e-18       1      39 []      11      49 ..      11      49 .. 0.99

  Alignments for each domain:
  == domain 1  score: 60.5 bits;  conditional E-value: 3.5e-18
               Gas_vesicle  1 sLaDlLDrvLdkGvVIaGditisvagieLltikLrlvlA 39
                              sLa+++Dr+LdkGvVI++++++s++gieLl +++r+v+A
  nat_22ac9928a6c3fbaf8f7c 11 SLAEVVDRILDKGVVIDAWVRVSLVGIELLAVEARVVIA 49
                              8*************************************8 PP

>> nat_18aeb74e18302803a1f0  
   #    score  bias  c-Evalue  i-Evalue hmmfrom  hmm to    alifrom  ali to    envfrom  env to     acc
 ---   ------ ----- --------- --------- ------- -------    ------- -------    ------- -------    ----
   1 !   60.5   7.2   3.5e-18   6.5e-18       1      39 []      11      49 ..      11      49 .. 0.99

  Alignments for each domain:
  == domain 1  score: 60.5 bits;  conditional E-value: 3.5e-18
               Gas_vesicle  1 sLaDlLDrvLdkGvVIaGditisvagieLltikLrlvlA 39
                              sLa+++Dr+LdkGvVI++++++s++gieLl +++r+v+A
  nat_18aeb74e18302803a1f0 11 SLAEVVDRILDKGVVIDAWVRVSLVGIELLAVEARVVIA 49
                              8*************************************8 PP

>> nat_b65132e25cc65ac0170d  
   #    score  bias  c-Evalue  i-Evalue hmmfrom  hmm to    alifrom  ali to    envfrom  env to     acc
 ---   ------ ----- --------- --------- ------- -------    ------- -------    ------- -------    ----
   1 !   60.5   6.9   3.6e-18   6.6e-18       1      39 []      11      49 ..      11      49 .. 0.99

  Alignments for each domain:
  == domain 1  score: 60.5 bits;  conditional E-value: 3.6e-18
               Gas_vesicle  1 sLaDlLDrvLdkGvVIaGditisvagieLltikLrlvlA 39
                              sLa+++Dr+LdkG+VI++ +++sv+gieL+t+++r+v+A
  nat_b65132e25cc65ac0170d 11 SLAEVIDRILDKGIVIDAFVRVSVVGIELITVEARIVVA 49
                              8*************************************8 PP

>> nat_531760bd0ae2999dbf0a  
   #    score  bias  c-Evalue  i-Evalue hmmfrom  hmm to    alifrom  ali to    envfrom  env to     acc
 ---   ------ ----- --------- --------- ------- -------    ------- -------    ------- -------    ----
   1 !   60.4   7.2   3.7e-18   6.8e-18       1      39 []      11      49 ..      11      49 .. 0.99

  Alignments for each domain:
  == domain 1  score: 60.4 bits;  conditional E-value: 3.7e-18
               Gas_vesicle  1 sLaDlLDrvLdkGvVIaGditisvagieLltikLrlvlA 39
                              sLa+++Dr+LdkGvVI++++++s++gieLl +++r+v+A
  nat_531760bd0ae2999dbf0a 11 SLAEVVDRILDKGVVIDAWVRVSLVGIELLAVEARVVIA 49
                              8*************************************8 PP

>> nat_0527af41f2808b342e5a  
   #    score  bias  c-Evalue  i-Evalue hmmfrom  hmm to    alifrom  ali to    envfrom  env to     acc
 ---   ------ ----- --------- --------- ------- -------    ------- -------    ------- -------    ----
   1 !   60.0   9.1   5.1e-18   9.3e-18       1      39 []      18      56 ..      18      56 .. 0.98

  Alignments for each domain:
  == domain 1  score: 60.0 bits;  conditional E-value: 5.1e-18
               Gas_vesicle  1 sLaDlLDrvLdkGvVIaGditisvagieLltikLrlvlA 39
                              +LaD+L+rvLdkG+VIaGdi+i++ +ieLltikLrl++A
  nat_0527af41f2808b342e5a 18 NLADILERVLDKGIVIAGDIRINLLDIELLTIKLRLIVA 56
                              69***********************************98 PP

>> nat_6475ddba2899c58b73cc  
   #    score  bias  c-Evalue  i-Evalue hmmfrom  hmm to    alifrom  ali to    envfrom  env to     acc
 ---   ------ ----- --------- --------- ------- -------    ------- -------    ------- -------    ----
   1 !   60.4   7.0   3.6e-18   6.7e-18       1      39 []      11      49 ..      11      49 .. 0.99

  Alignments for each domain:
  == domain 1  score: 60.4 bits;  conditional E-value: 3.6e-18
               Gas_vesicle  1 sLaDlLDrvLdkGvVIaGditisvagieLltikLrlvlA 39
                              sLa+++Dr+LdkG+VI++++++s++gieLl +++r+v+A
  nat_6475ddba2899c58b73cc 11 SLAEVIDRILDKGIVIDAWVRVSLVGIELLAVEARIVIA 49
                              8*************************************8 PP

>> nat_18031ddd50aae696a324  
   #    score  bias  c-Evalue  i-Evalue hmmfrom  hmm to    alifrom  ali to    envfrom  env to     acc
 ---   ------ ----- --------- --------- ------- -------    ------- -------    ------- -------    ----
   1 !   60.1   9.1   4.8e-18   8.8e-18       1      39 []      18      56 ..      18      56 .. 0.98

  Alignments for each domain:
  == domain 1  score: 60.1 bits;  conditional E-value: 4.8e-18
               Gas_vesicle  1 sLaDlLDrvLdkGvVIaGditisvagieLltikLrlvlA 39
                              +LaD+L+rvLdkG+VIaGdi+i++ +ieLltikLrl++A
  nat_18031ddd50aae696a324 18 NLADILERVLDKGIVIAGDIRINLLDIELLTIKLRLIVA 56
                              69***********************************98 PP

>> nat_21c04a400fa9dc9f9308  
   #    score  bias  c-Evalue  i-Evalue hmmfrom  hmm to    alifrom  ali to    envfrom  env to     acc
 ---   ------ ----- --------- --------- ------- -------    ------- -------    ------- -------    ----
   1 !   60.3   9.1   3.9e-18   7.2e-18       1      39 []      19      57 ..      19      57 .. 0.98

  Alignments for each domain:
  == domain 1  score: 60.3 bits;  conditional E-value: 3.9e-18
               Gas_vesicle  1 sLaDlLDrvLdkGvVIaGditisvagieLltikLrlvlA 39
                              +LaD+L+rvLdkGvVIaGdi+i++ +ieLltikLrl++A
  nat_21c04a400fa9dc9f9308 19 NLADILERVLDKGVVIAGDIRINLLDIELLTIKLRLIIA 57
                              69************************************8 PP

>> nat_c5837586dc76623d7498  
   #    score  bias  c-Evalue  i-Evalue hmmfrom  hmm to    alifrom  ali to    envfrom  env to     acc
 ---   ------ ----- --------- --------- ------- -------    ------- -------    ------- -------    ----
   1 !   60.3   9.2   4.1e-18   7.5e-18       1      39 []      16      54 ..      16      54 .. 0.98

  Alignments for each domain:
  == domain 1  score: 60.3 bits;  conditional E-value: 4.1e-18
               Gas_vesicle  1 sLaDlLDrvLdkGvVIaGditisvagieLltikLrlvlA 39
                              +LaD+L+rvLdkGvVIaGdi+i++ +ieLltikLrl++A
  nat_c5837586dc76623d7498 16 NLADILERVLDKGVVIAGDIRINLLDIELLTIKLRLIVA 54
                              69***********************************98 PP

>> nat_483476b5bde91cbf3a74  
   #    score  bias  c-Evalue  i-Evalue hmmfrom  hmm to    alifrom  ali to    envfrom  env to     acc
 ---   ------ ----- --------- --------- ------- -------    ------- -------    ------- -------    ----
   1 !   60.1   7.1   4.8e-18   8.8e-18       1      39 []      11      49 ..      11      49 .. 0.99

  Alignments for each domain:
  == domain 1  score: 60.1 bits;  conditional E-value: 4.8e-18
               Gas_vesicle  1 sLaDlLDrvLdkGvVIaGditisvagieLltikLrlvlA 39
                              sLa+++Dr+LdkGvVI++++++s++gieLl +++r+v+A
  nat_483476b5bde91cbf3a74 11 SLAEVVDRILDKGVVIDAWVRVSLVGIELLAVEARIVIA 49
                              8*************************************8 PP

>> nat_ad7c1bb463ca288e04ea  
   #    score  bias  c-Evalue  i-Evalue hmmfrom  hmm to    alifrom  ali to    envfrom  env to     acc
 ---   ------ ----- --------- --------- ------- -------    ------- -------    ------- -------    ----
   1 !   60.2   9.1   4.3e-18   7.9e-18       1      39 []      18      56 ..      18      56 .. 0.98

  Alignments for each domain:
  == domain 1  score: 60.2 bits;  conditional E-value: 4.3e-18
               Gas_vesicle  1 sLaDlLDrvLdkGvVIaGditisvagieLltikLrlvlA 39
                              +LaD+L+rvLdkG+VIaGdi+i++ +ieLltikLrl++A
  nat_ad7c1bb463ca288e04ea 18 NLADILERVLDKGIVIAGDIRINLLDIELLTIKLRLIVA 56
                              69***********************************98 PP

>> nat_04c084aa7034f2b0643c  
   #    score  bias  c-Evalue  i-Evalue hmmfrom  hmm to    alifrom  ali to    envfrom  env to     acc
 ---   ------ ----- --------- --------- ------- -------    ------- -------    ------- -------    ----
   1 !   60.1   9.2   4.5e-18   8.3e-18       1      39 []      18      56 ..      18      56 .. 0.98

  Alignments for each domain:
  == domain 1  score: 60.1 bits;  conditional E-value: 4.5e-18
               Gas_vesicle  1 sLaDlLDrvLdkGvVIaGditisvagieLltikLrlvlA 39
                              +LaD+L+rvLdkGvVIaGdi+i++ +ieLltikLrl++A
  nat_04c084aa7034f2b0643c 18 NLADILERVLDKGVVIAGDIRINLLDIELLTIKLRLIVA 56
                              69***********************************98 PP

>> nat_607f897bd5b7dd1b1fbe  
   #    score  bias  c-Evalue  i-Evalue hmmfrom  hmm to    alifrom  ali to    envfrom  env to     acc
 ---   ------ ----- --------- --------- ------- -------    ------- -------    ------- -------    ----
   1 !   60.1   7.1   4.8e-18   8.8e-18       1      39 []      11      49 ..      11      49 .. 0.99

  Alignments for each domain:
  == domain 1  score: 60.1 bits;  conditional E-value: 4.8e-18
               Gas_vesicle  1 sLaDlLDrvLdkGvVIaGditisvagieLltikLrlvlA 39
                              sLa+++Dr+LdkGvVI++++++s++gieLl +++r+v+A
  nat_607f897bd5b7dd1b1fbe 11 SLAEVVDRILDKGVVIDAWVRVSLVGIELLAVEARIVIA 49
                              8*************************************8 PP

>> nat_6f809a8968b616f73a26  
   #    score  bias  c-Evalue  i-Evalue hmmfrom  hmm to    alifrom  ali to    envfrom  env to     acc
 ---   ------ ----- --------- --------- ------- -------    ------- -------    ------- -------    ----
   1 !   59.8   9.1   5.8e-18   1.1e-17       1      39 []      18      56 ..      18      56 .. 0.98

  Alignments for each domain:
  == domain 1  score: 59.8 bits;  conditional E-value: 5.8e-18
               Gas_vesicle  1 sLaDlLDrvLdkGvVIaGditisvagieLltikLrlvlA 39
                              +LaD+L+rvLdkG+VIaGdi+i++ +ieLltikLrl++A
  nat_6f809a8968b616f73a26 18 NLADILERVLDKGIVIAGDIRINLLDIELLTIKLRLIVA 56
                              69***********************************98 PP

>> nat_185744979d00560dee6b  
   #    score  bias  c-Evalue  i-Evalue hmmfrom  hmm to    alifrom  ali to    envfrom  env to     acc
 ---   ------ ----- --------- --------- ------- -------    ------- -------    ------- -------    ----
   1 !   60.1   9.2   4.7e-18   8.6e-18       1      39 []      18      56 ..      18      56 .. 0.98

  Alignments for each domain:
  == domain 1  score: 60.1 bits;  conditional E-value: 4.7e-18
               Gas_vesicle  1 sLaDlLDrvLdkGvVIaGditisvagieLltikLrlvlA 39
                              +LaD+L+rvLdkGvVIaGdi+i++ +ieLltikLrl++A
  nat_185744979d00560dee6b 18 NLADILERVLDKGVVIAGDIRINLLDIELLTIKLRLIVA 56
                              69***********************************98 PP

>> nat_62446b1275b012a250ea  
   #    score  bias  c-Evalue  i-Evalue hmmfrom  hmm to    alifrom  ali to    envfrom  env to     acc
 ---   ------ ----- --------- --------- ------- -------    ------- -------    ------- -------    ----
   1 !   59.9   9.1   5.4e-18   9.8e-18       1      39 []      18      56 ..      18      56 .. 0.98

  Alignments for each domain:
  == domain 1  score: 59.9 bits;  conditional E-value: 5.4e-18
               Gas_vesicle  1 sLaDlLDrvLdkGvVIaGditisvagieLltikLrlvlA 39
                              +LaD+L+rvLdkG+VIaGdi+i++ +ieLltikLrl++A
  nat_62446b1275b012a250ea 18 NLADILERVLDKGIVIAGDIRINLLDIELLTIKLRLIVA 56
                              69***********************************98 PP

>> nat_193a805604225b70bf9b  
   #    score  bias  c-Evalue  i-Evalue hmmfrom  hmm to    alifrom  ali to    envfrom  env to     acc
 ---   ------ ----- --------- --------- ------- -------    ------- -------    ------- -------    ----
   1 !   60.1   7.1   4.8e-18   8.8e-18       1      39 []      11      49 ..      11      49 .. 0.99

  Alignments for each domain:
  == domain 1  score: 60.1 bits;  conditional E-value: 4.8e-18
               Gas_vesicle  1 sLaDlLDrvLdkGvVIaGditisvagieLltikLrlvlA 39
                              sLa+++Dr+LdkGvVI++++++s++gieLl +++r+v+A
  nat_193a805604225b70bf9b 11 SLAEVVDRILDKGVVIDAWVRVSLVGIELLAVEARIVIA 49
                              8*************************************8 PP

>> nat_370baf47c4f0c06f12a6  
   #    score  bias  c-Evalue  i-Evalue hmmfrom  hmm to    alifrom  ali to    envfrom  env to     acc
 ---   ------ ----- --------- --------- ------- -------    ------- -------    ------- -------    ----
   1 !   60.0   9.1   5.2e-18   9.5e-18       1      39 []      19      57 ..      19      57 .. 0.98

  Alignments for each domain:
  == domain 1  score: 60.0 bits;  conditional E-value: 5.2e-18
               Gas_vesicle  1 sLaDlLDrvLdkGvVIaGditisvagieLltikLrlvlA 39
                              +LaD+L+rvLdkG+VIaGdi+i++ +ieLltikLrl++A
  nat_370baf47c4f0c06f12a6 19 NLADILERVLDKGIVIAGDIRINLLDIELLTIKLRLIVA 57
                              69***********************************98 PP

>> nat_996f1ae7a3cef8f9a8ed  
   #    score  bias  c-Evalue  i-Evalue hmmfrom  hmm to    alifrom  ali to    envfrom  env to     acc
 ---   ------ ----- --------- --------- ------- -------    ------- -------    ------- -------    ----
   1 !   60.0   9.1   5.1e-18   9.3e-18       1      39 []      18      56 ..      18      56 .. 0.98

  Alignments for each domain:
  == domain 1  score: 60.0 bits;  conditional E-value: 5.1e-18
               Gas_vesicle  1 sLaDlLDrvLdkGvVIaGditisvagieLltikLrlvlA 39
                              +LaD+L+rvLdkG+VIaGdi+i++ +ieLltikLrl++A
  nat_996f1ae7a3cef8f9a8ed 18 NLADILERVLDKGIVIAGDIRINLLDIELLTIKLRLIVA 56
                              69***********************************98 PP

>> nat_d56b0aa5e7ed5400a27e  
   #    score  bias  c-Evalue  i-Evalue hmmfrom  hmm to    alifrom  ali to    envfrom  env to     acc
 ---   ------ ----- --------- --------- ------- -------    ------- -------    ------- -------    ----
   1 !   60.0   9.1   5.2e-18   9.5e-18       1      39 []      18      56 ..      18      56 .. 0.98

  Alignments for each domain:
  == domain 1  score: 60.0 bits;  conditional E-value: 5.2e-18
               Gas_vesicle  1 sLaDlLDrvLdkGvVIaGditisvagieLltikLrlvlA 39
                              +LaD+L+rvLdkG+VIaGdi+i++ +ieLltikLrl++A
  nat_d56b0aa5e7ed5400a27e 18 NLADILERVLDKGIVIAGDIRINLLDIELLTIKLRLIVA 56
                              69***********************************98 PP

>> nat_8cfb15257dddaf933d66  
   #    score  bias  c-Evalue  i-Evalue hmmfrom  hmm to    alifrom  ali to    envfrom  env to     acc
 ---   ------ ----- --------- --------- ------- -------    ------- -------    ------- -------    ----
   1 !   60.0   9.1   5.2e-18   9.5e-18       1      39 []      19      57 ..      19      57 .. 0.98

  Alignments for each domain:
  == domain 1  score: 60.0 bits;  conditional E-value: 5.2e-18
               Gas_vesicle  1 sLaDlLDrvLdkGvVIaGditisvagieLltikLrlvlA 39
                              +LaD+L+rvLdkG+VIaGdi+i++ +ieLltikLrl++A
  nat_8cfb15257dddaf933d66 19 NLADILERVLDKGIVIAGDIRINLLDIELLTIKLRLIVA 57
                              69***********************************98 PP

>> nat_758a833afecd8f1c3406  
   #    score  bias  c-Evalue  i-Evalue hmmfrom  hmm to    alifrom  ali to    envfrom  env to     acc
 ---   ------ ----- --------- --------- ------- -------    ------- -------    ------- -------    ----
   1 !   59.9   9.1   5.3e-18   9.6e-18       1      39 []      19      57 ..      19      57 .. 0.98

  Alignments for each domain:
  == domain 1  score: 59.9 bits;  conditional E-value: 5.3e-18
               Gas_vesicle  1 sLaDlLDrvLdkGvVIaGditisvagieLltikLrlvlA 39
                              +LaD+L+rvLdkG+VIaGdi+i++ +ieLltikLrl++A
  nat_758a833afecd8f1c3406 19 NLADILERVLDKGIVIAGDIRINLLDIELLTIKLRLIVA 57
                              69***********************************98 PP

>> nat_bd1bbd2e9fa260563ceb  
   #    score  bias  c-Evalue  i-Evalue hmmfrom  hmm to    alifrom  ali to    envfrom  env to     acc
 ---   ------ ----- --------- --------- ------- -------    ------- -------    ------- -------    ----
   1 !   59.9   5.6   5.5e-18     1e-17       1      39 []      11      49 ..      11      49 .. 0.99

  Alignments for each domain:
  == domain 1  score: 59.9 bits;  conditional E-value: 5.5e-18
               Gas_vesicle  1 sLaDlLDrvLdkGvVIaGditisvagieLltikLrlvlA 39
                              sLa+++Dr+LdkG+VI++  +isv+gieL+ti++r+v+A
  nat_bd1bbd2e9fa260563ceb 11 SLAEVIDRILDKGIVIDAYARISVVGIELITIEARVVIA 49
                              8*************************************8 PP

>> nat_d7a9007355adf4811ce9  
   #    score  bias  c-Evalue  i-Evalue hmmfrom  hmm to    alifrom  ali to    envfrom  env to     acc
 ---   ------ ----- --------- --------- ------- -------    ------- -------    ------- -------    ----
   1 !   59.8   5.6   5.6e-18     1e-17       1      39 []      11      49 ..      11      49 .. 0.99

  Alignments for each domain:
  == domain 1  score: 59.8 bits;  conditional E-value: 5.6e-18
               Gas_vesicle  1 sLaDlLDrvLdkGvVIaGditisvagieLltikLrlvlA 39
                              sLa+++Dr+LdkG+VI++  +isv+gieL+ti++r+v+A
  nat_d7a9007355adf4811ce9 11 SLAEVIDRILDKGIVIDAYARISVVGIELITIEARVVIA 49
                              8*************************************8 PP

>> nat_150260db0a312db92173  
   #    score  bias  c-Evalue  i-Evalue hmmfrom  hmm to    alifrom  ali to    envfrom  env to     acc
 ---   ------ ----- --------- --------- ------- -------    ------- -------    ------- -------    ----
   1 !   59.7   7.1   6.1e-18   1.1e-17       1      39 []      11      49 ..      11      49 .. 0.99

  Alignments for each domain:
  == domain 1  score: 59.7 bits;  conditional E-value: 6.1e-18
               Gas_vesicle  1 sLaDlLDrvLdkGvVIaGditisvagieLltikLrlvlA 39
                              sLa+++Dr+LdkG+V+++++++s++gieLl i++r+v+A
  nat_150260db0a312db92173 11 SLAEVVDRILDKGIVVDAWVRVSLVGIELLAIEARIVIA 49
                              8*************************************8 PP

>> nat_fe955d4fbb111b30864b  
   #    score  bias  c-Evalue  i-Evalue hmmfrom  hmm to    alifrom  ali to    envfrom  env to     acc
 ---   ------ ----- --------- --------- ------- -------    ------- -------    ------- -------    ----
   1 !   59.8   5.8   5.8e-18   1.1e-17       1      39 []      11      49 ..      11      49 .. 0.99

  Alignments for each domain:
  == domain 1  score: 59.8 bits;  conditional E-value: 5.8e-18
               Gas_vesicle  1 sLaDlLDrvLdkGvVIaGditisvagieLltikLrlvlA 39
                              sLa+++Dr+LdkG+VI++  ++sv+gieL+ti++r+v+A
  nat_fe955d4fbb111b30864b 11 SLAEVVDRILDKGIVIDAFARVSVVGIELITIEARVVIA 49
                              8*************************************8 PP

>> nat_ae205daa22aa5ad59be8  
   #    score  bias  c-Evalue  i-Evalue hmmfrom  hmm to    alifrom  ali to    envfrom  env to     acc
 ---   ------ ----- --------- --------- ------- -------    ------- -------    ------- -------    ----
   1 !   59.8   9.1   5.9e-18   1.1e-17       1      39 []      17      55 ..      17      55 .. 0.98

  Alignments for each domain:
  == domain 1  score: 59.8 bits;  conditional E-value: 5.9e-18
               Gas_vesicle  1 sLaDlLDrvLdkGvVIaGditisvagieLltikLrlvlA 39
                              +LaD+L+rvLdkG+VIaGdi+i++ +ieLltikLrl++A
  nat_ae205daa22aa5ad59be8 17 NLADILERVLDKGIVIAGDIRINLLDIELLTIKLRLIVA 55
                              69***********************************98 PP

>> nat_9f8c36880cfb04e0cba5  
   #    score  bias  c-Evalue  i-Evalue hmmfrom  hmm to    alifrom  ali to    envfrom  env to     acc
 ---   ------ ----- --------- --------- ------- -------    ------- -------    ------- -------    ----
   1 !   59.7   5.8     6e-18   1.1e-17       1      39 []      11      49 ..      11      49 .. 0.99

  Alignments for each domain:
  == domain 1  score: 59.7 bits;  conditional E-value: 6e-18
               Gas_vesicle  1 sLaDlLDrvLdkGvVIaGditisvagieLltikLrlvlA 39
                              sLa+++Dr+LdkG+VI++  ++sv+gieL+ti++r+v+A
  nat_9f8c36880cfb04e0cba5 11 SLAEVIDRILDKGIVIDAFARVSVVGIELITIEARVVIA 49
                              8*************************************8 PP

>> nat_2b3b9522031fea2fc996  
   #    score  bias  c-Evalue  i-Evalue hmmfrom  hmm to    alifrom  ali to    envfrom  env to     acc
 ---   ------ ----- --------- --------- ------- -------    ------- -------    ------- -------    ----
   1 !   59.8   5.8   5.8e-18   1.1e-17       1      39 []      11      49 ..      11      49 .. 0.99

  Alignments for each domain:
  == domain 1  score: 59.8 bits;  conditional E-value: 5.8e-18
               Gas_vesicle  1 sLaDlLDrvLdkGvVIaGditisvagieLltikLrlvlA 39
                              sLa+++Dr+LdkG+VI++  ++sv+gieL+ti++r+v+A
  nat_2b3b9522031fea2fc996 11 SLAEVVDRILDKGIVIDAFARVSVVGIELITIEARVVIA 49
                              8*************************************8 PP

>> nat_a36db64a1cae19ba84f5  
   #    score  bias  c-Evalue  i-Evalue hmmfrom  hmm to    alifrom  ali to    envfrom  env to     acc
 ---   ------ ----- --------- --------- ------- -------    ------- -------    ------- -------    ----
   1 !   59.7   7.1   6.1e-18   1.1e-17       1      39 []      11      49 ..      11      49 .. 0.99

  Alignments for each domain:
  == domain 1  score: 59.7 bits;  conditional E-value: 6.1e-18
               Gas_vesicle  1 sLaDlLDrvLdkGvVIaGditisvagieLltikLrlvlA 39
                              sLa+++Dr+LdkG+V+++++++s++gieLl i++r+v+A
  nat_a36db64a1cae19ba84f5 11 SLAEVVDRILDKGIVVDAWVRVSLVGIELLAIEARIVIA 49
                              8*************************************8 PP

>> nat_62e969f9025127736826  
   #    score  bias  c-Evalue  i-Evalue hmmfrom  hmm to    alifrom  ali to    envfrom  env to     acc
 ---   ------ ----- --------- --------- ------- -------    ------- -------    ------- -------    ----
   1 !   59.6   7.1   6.5e-18   1.2e-17       1      39 []      11      49 ..      11      49 .. 0.99

  Alignments for each domain:
  == domain 1  score: 59.6 bits;  conditional E-value: 6.5e-18
               Gas_vesicle  1 sLaDlLDrvLdkGvVIaGditisvagieLltikLrlvlA 39
                              sLa+++Dr+LdkG+V+++++++s++gieLl i++r+v+A
  nat_62e969f9025127736826 11 SLAEVIDRILDKGIVVDAWVRVSLVGIELLAIEARVVVA 49
                              8*************************************8 PP

>> nat_8c33f7d20b82781d6559  
   #    score  bias  c-Evalue  i-Evalue hmmfrom  hmm to    alifrom  ali to    envfrom  env to     acc
 ---   ------ ----- --------- --------- ------- -------    ------- -------    ------- -------    ----
   1 !   59.7   9.3   6.1e-18   1.1e-17       1      39 []      20      58 ..      20      58 .. 0.98

  Alignments for each domain:
  == domain 1  score: 59.7 bits;  conditional E-value: 6.1e-18
               Gas_vesicle  1 sLaDlLDrvLdkGvVIaGditisvagieLltikLrlvlA 39
                              +L+DlLDrvL++GvVI Gdit+s+a++eL++i+Lr+++A
  nat_8c33f7d20b82781d6559 20 ALVDLLDRVLATGVVISGDITLSIADVELVRISLRALVA 58
                              69************************************8 PP

>> nat_a8c546bb807cbf441766  
   #    score  bias  c-Evalue  i-Evalue hmmfrom  hmm to    alifrom  ali to    envfrom  env to     acc
 ---   ------ ----- --------- --------- ------- -------    ------- -------    ------- -------    ----
   1 !   59.6   7.1   6.5e-18   1.2e-17       1      39 []      11      49 ..      11      49 .. 0.99

  Alignments for each domain:
  == domain 1  score: 59.6 bits;  conditional E-value: 6.5e-18
               Gas_vesicle  1 sLaDlLDrvLdkGvVIaGditisvagieLltikLrlvlA 39
                              sLa+++Dr+LdkG+V+++++++s++gieLl i++r+v+A
  nat_a8c546bb807cbf441766 11 SLAEVIDRILDKGIVVDAWVRVSLVGIELLAIEARVVVA 49
                              8*************************************8 PP

>> nat_b669abd036c50b376c62  
   #    score  bias  c-Evalue  i-Evalue hmmfrom  hmm to    alifrom  ali to    envfrom  env to     acc
 ---   ------ ----- --------- --------- ------- -------    ------- -------    ------- -------    ----
   1 !   59.5   7.0   6.9e-18   1.3e-17       1      39 []      11      49 ..      11      49 .. 0.99

  Alignments for each domain:
  == domain 1  score: 59.5 bits;  conditional E-value: 6.9e-18
               Gas_vesicle  1 sLaDlLDrvLdkGvVIaGditisvagieLltikLrlvlA 39
                              sLa+++Dr+LdkG+V+++++++s++gieLl i++r+v+A
  nat_b669abd036c50b376c62 11 SLAEVIDRILDKGIVVDAWVRVSLVGIELLAIEARIVIA 49
                              8*************************************8 PP

>> nat_8aa5636b24c4e602865a  
   #    score  bias  c-Evalue  i-Evalue hmmfrom  hmm to    alifrom  ali to    envfrom  env to     acc
 ---   ------ ----- --------- --------- ------- -------    ------- -------    ------- -------    ----
   1 !   59.5   7.0   6.9e-18   1.3e-17       1      39 []      11      49 ..      11      49 .. 0.99

  Alignments for each domain:
  == domain 1  score: 59.5 bits;  conditional E-value: 6.9e-18
               Gas_vesicle  1 sLaDlLDrvLdkGvVIaGditisvagieLltikLrlvlA 39
                              sLa+++Dr+LdkG+V+++++++s++gieLl i++r+v+A
  nat_8aa5636b24c4e602865a 11 SLAEVIDRILDKGIVVDAWVRVSLVGIELLAIEARIVIA 49
                              8*************************************8 PP

>> nat_bf9d9ac4b0e25cbc2e14  
   #    score  bias  c-Evalue  i-Evalue hmmfrom  hmm to    alifrom  ali to    envfrom  env to     acc
 ---   ------ ----- --------- --------- ------- -------    ------- -------    ------- -------    ----
   1 !   59.5   7.0   7.4e-18   1.4e-17       1      39 []      11      49 ..      11      49 .. 0.99

  Alignments for each domain:
  == domain 1  score: 59.5 bits;  conditional E-value: 7.4e-18
               Gas_vesicle  1 sLaDlLDrvLdkGvVIaGditisvagieLltikLrlvlA 39
                              sLa+++Dr+LdkG+V+++++++s++gieLl i++r+v+A
  nat_bf9d9ac4b0e25cbc2e14 11 SLAEVIDRILDKGIVVDAWVRVSLVGIELLAIEARIVIA 49
                              8*************************************8 PP

>> nat_e332f9cab97afe879bd0  
   #    score  bias  c-Evalue  i-Evalue hmmfrom  hmm to    alifrom  ali to    envfrom  env to     acc
 ---   ------ ----- --------- --------- ------- -------    ------- -------    ------- -------    ----
   1 !   59.2   9.1   8.8e-18   1.6e-17       2      39 .]      16      53 ..      15      53 .. 0.98

  Alignments for each domain:
  == domain 1  score: 59.2 bits;  conditional E-value: 8.8e-18
               Gas_vesicle  2 LaDlLDrvLdkGvVIaGditisvagieLltikLrlvlA 39
                              LaD+L+r+LdkG+V+aGd+ +s++gieLl+i+Lrl++A
  nat_e332f9cab97afe879bd0 16 LADILERILDKGIVVAGDVSVSLVGIELLSIRLRLLVA 53
                              9************************************8 PP

>> nat_10816d30b94e7e319ed1  
   #    score  bias  c-Evalue  i-Evalue hmmfrom  hmm to    alifrom  ali to    envfrom  env to     acc
 ---   ------ ----- --------- --------- ------- -------    ------- -------    ------- -------    ----
   1 !   59.5   7.0   7.4e-18   1.4e-17       1      39 []      11      49 ..      11      49 .. 0.99

  Alignments for each domain:
  == domain 1  score: 59.5 bits;  conditional E-value: 7.4e-18
               Gas_vesicle  1 sLaDlLDrvLdkGvVIaGditisvagieLltikLrlvlA 39
                              sLa+++Dr+LdkG+V+++++++s++gieLl i++r+v+A
  nat_10816d30b94e7e319ed1 11 SLAEVIDRILDKGIVVDAWVRVSLVGIELLAIEARIVIA 49
                              8*************************************8 PP

>> nat_ced70fa1ad4dcaf12a7b  
   #    score  bias  c-Evalue  i-Evalue hmmfrom  hmm to    alifrom  ali to    envfrom  env to     acc
 ---   ------ ----- --------- --------- ------- -------    ------- -------    ------- -------    ----
   1 !   59.5   7.0   7.4e-18   1.4e-17       1      39 []      11      49 ..      11      49 .. 0.99

  Alignments for each domain:
  == domain 1  score: 59.5 bits;  conditional E-value: 7.4e-18
               Gas_vesicle  1 sLaDlLDrvLdkGvVIaGditisvagieLltikLrlvlA 39
                              sLa+++Dr+LdkG+V+++++++s++gieLl i++r+v+A
  nat_ced70fa1ad4dcaf12a7b 11 SLAEVIDRILDKGIVVDAWVRVSLVGIELLAIEARIVIA 49
                              8*************************************8 PP

>> nat_a2748151d0c02d5ee64c  
   #    score  bias  c-Evalue  i-Evalue hmmfrom  hmm to    alifrom  ali to    envfrom  env to     acc
 ---   ------ ----- --------- --------- ------- -------    ------- -------    ------- -------    ----
   1 !   59.3   7.0   8.3e-18   1.5e-17       1      39 []      11      49 ..      11      49 .. 0.99

  Alignments for each domain:
  == domain 1  score: 59.3 bits;  conditional E-value: 8.3e-18
               Gas_vesicle  1 sLaDlLDrvLdkGvVIaGditisvagieLltikLrlvlA 39
                              sLa+++Dr+LdkGvVI++++++s++gieLl +++r+v+A
  nat_a2748151d0c02d5ee64c 11 SLAEVVDRILDKGVVIDAWVRLSLVGIELLAVEARIVIA 49
                              8*************************************8 PP

>> nat_f5a522a905abb21e46c2  
   #    score  bias  c-Evalue  i-Evalue hmmfrom  hmm to    alifrom  ali to    envfrom  env to     acc
 ---   ------ ----- --------- --------- ------- -------    ------- -------    ------- -------    ----
   1 !   59.3   7.0   8.3e-18   1.5e-17       1      39 []      11      49 ..      11      49 .. 0.99

  Alignments for each domain:
  == domain 1  score: 59.3 bits;  conditional E-value: 8.3e-18
               Gas_vesicle  1 sLaDlLDrvLdkGvVIaGditisvagieLltikLrlvlA 39
                              sLa+++Dr+LdkGvVI++++++s++gieLl +++r+v+A
  nat_f5a522a905abb21e46c2 11 SLAEVVDRILDKGVVIDAWVRLSLVGIELLAVEARIVIA 49
                              8*************************************8 PP

>> nat_51eefbe258bc538937c4  
   #    score  bias  c-Evalue  i-Evalue hmmfrom  hmm to    alifrom  ali to    envfrom  env to     acc
 ---   ------ ----- --------- --------- ------- -------    ------- -------    ------- -------    ----
   1 !   59.4   6.9     8e-18   1.5e-17       1      39 []      11      49 ..      11      49 .. 0.99

  Alignments for each domain:
  == domain 1  score: 59.4 bits;  conditional E-value: 8e-18
               Gas_vesicle  1 sLaDlLDrvLdkGvVIaGditisvagieLltikLrlvlA 39
                              sLa+++Dr+LdkG+VI++ ++i+v+gieL+t+++r+v+A
  nat_51eefbe258bc538937c4 11 SLAEVIDRILDKGIVIDAFVRINVVGIELITVEARVVVA 49
                              8*************************************8 PP

>> nat_7577017d2109753dbbe7  
   #    score  bias  c-Evalue  i-Evalue hmmfrom  hmm to    alifrom  ali to    envfrom  env to     acc
 ---   ------ ----- --------- --------- ------- -------    ------- -------    ------- -------    ----
   1 !   59.4   6.9     8e-18   1.5e-17       1      39 []      11      49 ..      11      49 .. 0.99

  Alignments for each domain:
  == domain 1  score: 59.4 bits;  conditional E-value: 8e-18
               Gas_vesicle  1 sLaDlLDrvLdkGvVIaGditisvagieLltikLrlvlA 39
                              sLa+++Dr+LdkG+VI++ ++i+v+gieL+t+++r+v+A
  nat_7577017d2109753dbbe7 11 SLAEVIDRILDKGIVIDAFVRINVVGIELITVEARVVVA 49
                              8*************************************8 PP

>> nat_b412c2b00055ebc34540  
   #    score  bias  c-Evalue  i-Evalue hmmfrom  hmm to    alifrom  ali to    envfrom  env to     acc
 ---   ------ ----- --------- --------- ------- -------    ------- -------    ------- -------    ----
   1 !   59.4   6.9     8e-18   1.5e-17       1      39 []      11      49 ..      11      49 .. 0.99

  Alignments for each domain:
  == domain 1  score: 59.4 bits;  conditional E-value: 8e-18
               Gas_vesicle  1 sLaDlLDrvLdkGvVIaGditisvagieLltikLrlvlA 39
                              sLa+++Dr+LdkG+VI++ ++i+v+gieL+t+++r+v+A
  nat_b412c2b00055ebc34540 11 SLAEVIDRILDKGIVIDAFVRINVVGIELITVEARVVVA 49
                              8*************************************8 PP

>> nat_3f2cb7eca6dff49eb9eb  
   #    score  bias  c-Evalue  i-Evalue hmmfrom  hmm to    alifrom  ali to    envfrom  env to     acc
 ---   ------ ----- --------- --------- ------- -------    ------- -------    ------- -------    ----
   1 !   59.4   7.0   7.7e-18   1.4e-17       1      39 []      11      49 ..      11      49 .. 0.99

  Alignments for each domain:
  == domain 1  score: 59.4 bits;  conditional E-value: 7.7e-18
               Gas_vesicle  1 sLaDlLDrvLdkGvVIaGditisvagieLltikLrlvlA 39
                              sLa+++Dr+LdkG+V+++++++s++gieLl i++r+v+A
  nat_3f2cb7eca6dff49eb9eb 11 SLAEVIDRILDKGIVVDAWVRVSLVGIELLAIEARIVIA 49
                              8*************************************8 PP

>> nat_d5d0ae6e983cda4aeda1  
   #    score  bias  c-Evalue  i-Evalue hmmfrom  hmm to    alifrom  ali to    envfrom  env to     acc
 ---   ------ ----- --------- --------- ------- -------    ------- -------    ------- -------    ----
   1 !   59.2   5.4   8.8e-18   1.6e-17       1      39 []      12      50 ..      12      50 .. 0.99

  Alignments for each domain:
  == domain 1  score: 59.2 bits;  conditional E-value: 8.8e-18
               Gas_vesicle  1 sLaDlLDrvLdkGvVIaGditisvagieLltikLrlvlA 39
                              sLa+++Dr+LdkGvVI++  +is++gieL+t+++r+v+A
  nat_d5d0ae6e983cda4aeda1 12 SLAEVVDRILDKGVVIDAYAKISLVGIELITVEARVVIA 50
                              8*************************************8 PP

>> nat_df5704c469ac5f164e3a  
   #    score  bias  c-Evalue  i-Evalue hmmfrom  hmm to    alifrom  ali to    envfrom  env to     acc
 ---   ------ ----- --------- --------- ------- -------    ------- -------    ------- -------    ----
   1 !   59.3   9.2   8.4e-18   1.5e-17       1      39 []      20      58 ..      20      58 .. 0.98

  Alignments for each domain:
  == domain 1  score: 59.3 bits;  conditional E-value: 8.4e-18
               Gas_vesicle  1 sLaDlLDrvLdkGvVIaGditisvagieLltikLrlvlA 39
                              +LaD+L+rvLdkG+VIaGdi+i++ +ieLlt+kLrl++A
  nat_df5704c469ac5f164e3a 20 NLADILERVLDKGIVIAGDIRINLLDIELLTVKLRLIVA 58
                              69***********************************98 PP

>> nat_b81aa32b17d671599bc2  
   #    score  bias  c-Evalue  i-Evalue hmmfrom  hmm to    alifrom  ali to    envfrom  env to     acc
 ---   ------ ----- --------- --------- ------- -------    ------- -------    ------- -------    ----
   1 !   59.3   8.1   8.2e-18   1.5e-17       1      39 []      11      49 ..      11      49 .. 0.99

  Alignments for each domain:
  == domain 1  score: 59.3 bits;  conditional E-value: 8.2e-18
               Gas_vesicle  1 sLaDlLDrvLdkGvVIaGditisvagieLltikLrlvlA 39
                              sL++++Dr+LdkGvV+++++++s++gieLl i++r+v+A
  nat_b81aa32b17d671599bc2 11 SLVEVIDRILDKGVVVDAWVRVSLVGIELLAIEARVVIA 49
                              8*************************************8 PP

>> nat_1c9dd723ae21204d632e  
   #    score  bias  c-Evalue  i-Evalue hmmfrom  hmm to    alifrom  ali to    envfrom  env to     acc
 ---   ------ ----- --------- --------- ------- -------    ------- -------    ------- -------    ----
   1 !   59.2  10.5   8.6e-18   1.6e-17       1      39 []      17      55 ..      17      55 .. 0.98

  Alignments for each domain:
  == domain 1  score: 59.2 bits;  conditional E-value: 8.6e-18
               Gas_vesicle  1 sLaDlLDrvLdkGvVIaGditisvagieLltikLrlvlA 39
                              +LaD+L+rvLdkGvVIaGdi++ + +ieLltikLrlv+A
  nat_1c9dd723ae21204d632e 17 NLADILERVLDKGVVIAGDIRVDLLDIELLTIKLRLVVA 55
                              69************************************8 PP

>> nat_0283d587032de178b666  
   #    score  bias  c-Evalue  i-Evalue hmmfrom  hmm to    alifrom  ali to    envfrom  env to     acc
 ---   ------ ----- --------- --------- ------- -------    ------- -------    ------- -------    ----
   1 !   59.2   5.7   8.6e-18   1.6e-17       1      39 []      12      50 ..      12      50 .. 0.99

  Alignments for each domain:
  == domain 1  score: 59.2 bits;  conditional E-value: 8.6e-18
               Gas_vesicle  1 sLaDlLDrvLdkGvVIaGditisvagieLltikLrlvlA 39
                              sLa+++Dr+LdkG+VI++  ++s++gieL+ti++r+v+A
  nat_0283d587032de178b666 12 SLAEVIDRILDKGIVIDAFARVSLVGIELITIEARVVIA 50
                              8*************************************8 PP

>> nat_b09a8337edbf59a7c5c3  
   #    score  bias  c-Evalue  i-Evalue hmmfrom  hmm to    alifrom  ali to    envfrom  env to     acc
 ---   ------ ----- --------- --------- ------- -------    ------- -------    ------- -------    ----
   1 !   59.3   6.9   8.2e-18   1.5e-17       1      39 []      11      49 ..      11      49 .. 0.99

  Alignments for each domain:
  == domain 1  score: 59.3 bits;  conditional E-value: 8.2e-18
               Gas_vesicle  1 sLaDlLDrvLdkGvVIaGditisvagieLltikLrlvlA 39
                              sLa+++Dr+LdkG+VI++ ++i+v+gieL+t+++r+v+A
  nat_b09a8337edbf59a7c5c3 11 SLAEVIDRILDKGIVIDAFVRINVVGIELITVEARVVVA 49
                              8*************************************8 PP

>> nat_044652cd2d2677de71ee  
   #    score  bias  c-Evalue  i-Evalue hmmfrom  hmm to    alifrom  ali to    envfrom  env to     acc
 ---   ------ ----- --------- --------- ------- -------    ------- -------    ------- -------    ----
   1 !   59.3   6.9   8.6e-18   1.6e-17       1      39 []      11      49 ..      11      49 .. 0.99

  Alignments for each domain:
  == domain 1  score: 59.3 bits;  conditional E-value: 8.6e-18
               Gas_vesicle  1 sLaDlLDrvLdkGvVIaGditisvagieLltikLrlvlA 39
                              sLaD++Dr+LdkGvVI++  ++s++gieL+t+++r+v+A
  nat_044652cd2d2677de71ee 11 SLADVVDRILDKGVVIDAFARVSLVGIELITVEARVVIA 49
                              8*************************************8 PP

>> nat_236ad06337f0c9876680  
   #    score  bias  c-Evalue  i-Evalue hmmfrom  hmm to    alifrom  ali to    envfrom  env to     acc
 ---   ------ ----- --------- --------- ------- -------    ------- -------    ------- -------    ----
   1 !   59.3   9.2   8.4e-18   1.5e-17       1      39 []      26      64 ..      26      64 .. 0.98

  Alignments for each domain:
  == domain 1  score: 59.3 bits;  conditional E-value: 8.4e-18
               Gas_vesicle  1 sLaDlLDrvLdkGvVIaGditisvagieLltikLrlvlA 39
                              +LaD+L+rvLdkG+VIaGdi++++ +ieLltik+rl++A
  nat_236ad06337f0c9876680 26 NLADILERVLDKGIVIAGDIRVNLLDIELLTIKIRLLVA 64
                              69************************************8 PP

>> nat_40a9ee2f296e1edcfbc2  
   #    score  bias  c-Evalue  i-Evalue hmmfrom  hmm to    alifrom  ali to    envfrom  env to     acc
 ---   ------ ----- --------- --------- ------- -------    ------- -------    ------- -------    ----
   1 !   59.2   8.3     9e-18   1.6e-17       1      39 []      11      49 ..      11      49 .. 0.99

  Alignments for each domain:
  == domain 1  score: 59.2 bits;  conditional E-value: 9e-18
               Gas_vesicle  1 sLaDlLDrvLdkGvVIaGditisvagieLltikLrlvlA 39
                              sL++++Dr+LdkG+VI+ +i+is++gieLlti++r+v+A
  nat_40a9ee2f296e1edcfbc2 11 SLVEVIDRILDKGIVIDVWIRISLVGIELLTIEARIVIA 49
                              8*************************************8 PP

>> nat_48ea71fe1cd777e6ddfc  
   #    score  bias  c-Evalue  i-Evalue hmmfrom  hmm to    alifrom  ali to    envfrom  env to     acc
 ---   ------ ----- --------- --------- ------- -------    ------- -------    ------- -------    ----
   1 !   59.5   5.8     7e-18   1.3e-17       1      39 []      11      49 ..      11      49 .. 0.99

  Alignments for each domain:
  == domain 1  score: 59.5 bits;  conditional E-value: 7e-18
               Gas_vesicle  1 sLaDlLDrvLdkGvVIaGditisvagieLltikLrlvlA 39
                              sLa+++Dr+LdkG+VI++  ++sv+gieL+ti++r+v+A
  nat_48ea71fe1cd777e6ddfc 11 SLAEVIDRILDKGIVIDAFARVSVVGIELITIEARVVIA 49
                              8*************************************8 PP

>> nat_e421fcf48d6e300eacc2  
   #    score  bias  c-Evalue  i-Evalue hmmfrom  hmm to    alifrom  ali to    envfrom  env to     acc
 ---   ------ ----- --------- --------- ------- -------    ------- -------    ------- -------    ----
   1 !   59.1   9.2   9.2e-18   1.7e-17       1      39 []      22      60 ..      22      60 .. 0.98

  Alignments for each domain:
  == domain 1  score: 59.1 bits;  conditional E-value: 9.2e-18
               Gas_vesicle  1 sLaDlLDrvLdkGvVIaGditisvagieLltikLrlvlA 39
                              +LaD+L+rvLdkG+VIaGdi+i++ +ieLlt+kLrl++A
  nat_e421fcf48d6e300eacc2 22 NLADILERVLDKGIVIAGDIRINLLDIELLTVKLRLIVA 60
                              69***********************************98 PP

>> nat_dfe8452e4eed8d606afe  
   #    score  bias  c-Evalue  i-Evalue hmmfrom  hmm to    alifrom  ali to    envfrom  env to     acc
 ---   ------ ----- --------- --------- ------- -------    ------- -------    ------- -------    ----
   1 !   59.2   8.6     9e-18   1.7e-17       1      39 []      15      53 ..      15      53 .. 0.98

  Alignments for each domain:
  == domain 1  score: 59.2 bits;  conditional E-value: 9e-18
               Gas_vesicle  1 sLaDlLDrvLdkGvVIaGditisvagieLltikLrlvlA 39
                              +LaD+LDrvLdkG+V+aGdi+i++ ++eLlti++rlv++
  nat_dfe8452e4eed8d606afe 15 TLADVLDRVLDKGLVVAGDIKIKLLDVELLTIQVRLVVC 53
                              79***********************************97 PP

>> nat_40e46fb2de86e2d32973  
   #    score  bias  c-Evalue  i-Evalue hmmfrom  hmm to    alifrom  ali to    envfrom  env to     acc
 ---   ------ ----- --------- --------- ------- -------    ------- -------    ------- -------    ----
   1 !   59.1   5.9   9.5e-18   1.7e-17       1      39 []      11      49 ..      11      49 .. 0.99

  Alignments for each domain:
  == domain 1  score: 59.1 bits;  conditional E-value: 9.5e-18
               Gas_vesicle  1 sLaDlLDrvLdkGvVIaGditisvagieLltikLrlvlA 39
                              sLa+++Dr+LdkG+VI++  ++sv+gieL+t+++r+v+A
  nat_40e46fb2de86e2d32973 11 SLAEVVDRILDKGIVIDAFARVSVVGIELITVEARVVIA 49
                              8*************************************8 PP

>> nat_0f2a8f05ef1200c5dc0c  
   #    score  bias  c-Evalue  i-Evalue hmmfrom  hmm to    alifrom  ali to    envfrom  env to     acc
 ---   ------ ----- --------- --------- ------- -------    ------- -------    ------- -------    ----
   1 !   59.1   5.9   9.7e-18   1.8e-17       1      39 []      11      49 ..      11      49 .. 0.99

  Alignments for each domain:
  == domain 1  score: 59.1 bits;  conditional E-value: 9.7e-18
               Gas_vesicle  1 sLaDlLDrvLdkGvVIaGditisvagieLltikLrlvlA 39
                              sLa+++Dr+LdkG+VI++  ++sv+gieL+t+++r+v+A
  nat_0f2a8f05ef1200c5dc0c 11 SLAEVVDRILDKGIVIDAFARVSVVGIELITVEARVVIA 49
                              8*************************************8 PP

>> nat_c7332b08bc757555c17c  
   #    score  bias  c-Evalue  i-Evalue hmmfrom  hmm to    alifrom  ali to    envfrom  env to     acc
 ---   ------ ----- --------- --------- ------- -------    ------- -------    ------- -------    ----
   1 !   59.1   5.9   9.7e-18   1.8e-17       1      39 []      11      49 ..      11      49 .. 0.99

  Alignments for each domain:
  == domain 1  score: 59.1 bits;  conditional E-value: 9.7e-18
               Gas_vesicle  1 sLaDlLDrvLdkGvVIaGditisvagieLltikLrlvlA 39
                              sLa+++Dr+LdkG+VI++  ++sv+gieL+t+++r+v+A
  nat_c7332b08bc757555c17c 11 SLAEVVDRILDKGIVIDAFARVSVVGIELITVEARVVIA 49
                              8*************************************8 PP

>> nat_c50a1a828acd52df133e  
   #    score  bias  c-Evalue  i-Evalue hmmfrom  hmm to    alifrom  ali to    envfrom  env to     acc
 ---   ------ ----- --------- --------- ------- -------    ------- -------    ------- -------    ----
   1 !   59.1   5.9   9.7e-18   1.8e-17       1      39 []      11      49 ..      11      49 .. 0.99

  Alignments for each domain:
  == domain 1  score: 59.1 bits;  conditional E-value: 9.7e-18
               Gas_vesicle  1 sLaDlLDrvLdkGvVIaGditisvagieLltikLrlvlA 39
                              sLa+++Dr+LdkG+VI++  ++sv+gieL+t+++r+v+A
  nat_c50a1a828acd52df133e 11 SLAEVVDRILDKGIVIDAFARVSVVGIELITVEARVVIA 49
                              8*************************************8 PP

>> nat_7987b4f5a99061af67e9  
   #    score  bias  c-Evalue  i-Evalue hmmfrom  hmm to    alifrom  ali to    envfrom  env to     acc
 ---   ------ ----- --------- --------- ------- -------    ------- -------    ------- -------    ----
   1 !   59.1   5.9   9.7e-18   1.8e-17       1      39 []      11      49 ..      11      49 .. 0.99

  Alignments for each domain:
  == domain 1  score: 59.1 bits;  conditional E-value: 9.7e-18
               Gas_vesicle  1 sLaDlLDrvLdkGvVIaGditisvagieLltikLrlvlA 39
                              sLa+++Dr+LdkG+VI++  ++sv+gieL+t+++r+v+A
  nat_7987b4f5a99061af67e9 11 SLAEVVDRILDKGIVIDAFARVSVVGIELITVEARVVIA 49
                              8*************************************8 PP

>> nat_61cb6f10b13fb11f910f  
   #    score  bias  c-Evalue  i-Evalue hmmfrom  hmm to    alifrom  ali to    envfrom  env to     acc
 ---   ------ ----- --------- --------- ------- -------    ------- -------    ------- -------    ----
   1 !   59.1   5.9   9.7e-18   1.8e-17       1      39 []      11      49 ..      11      49 .. 0.99

  Alignments for each domain:
  == domain 1  score: 59.1 bits;  conditional E-value: 9.7e-18
               Gas_vesicle  1 sLaDlLDrvLdkGvVIaGditisvagieLltikLrlvlA 39
                              sLa+++Dr+LdkG+VI++  ++sv+gieL+t+++r+v+A
  nat_61cb6f10b13fb11f910f 11 SLAEVVDRILDKGIVIDAFARVSVVGIELITVEARVVIA 49
                              8*************************************8 PP

>> nat_353e9d0dff81158687ff  
   #    score  bias  c-Evalue  i-Evalue hmmfrom  hmm to    alifrom  ali to    envfrom  env to     acc
 ---   ------ ----- --------- --------- ------- -------    ------- -------    ------- -------    ----
   1 !   59.0   5.8     1e-17   1.9e-17       1      39 []      11      49 ..      11      49 .. 0.99

  Alignments for each domain:
  == domain 1  score: 59.0 bits;  conditional E-value: 1e-17
               Gas_vesicle  1 sLaDlLDrvLdkGvVIaGditisvagieLltikLrlvlA 39
                              sLa+++Dr+LdkG+VI++  ++sv+gieL+t+++r+v+A
  nat_353e9d0dff81158687ff 11 SLAEVIDRILDKGIVIDAFARVSVVGIELITVEARVVIA 49
                              8*************************************8 PP

>> nat_b06af7d1cee59c44dcd2  
   #    score  bias  c-Evalue  i-Evalue hmmfrom  hmm to    alifrom  ali to    envfrom  env to     acc
 ---   ------ ----- --------- --------- ------- -------    ------- -------    ------- -------    ----
   1 !   58.9   5.7   1.1e-17     2e-17       1      39 []      11      49 ..      11      49 .. 0.99

  Alignments for each domain:
  == domain 1  score: 58.9 bits;  conditional E-value: 1.1e-17
               Gas_vesicle  1 sLaDlLDrvLdkGvVIaGditisvagieLltikLrlvlA 39
                              sLa+++Dr+LdkG+VI++  ++sv+gieL+ti++r+v+A
  nat_b06af7d1cee59c44dcd2 11 SLAEVIDRILDKGIVIDAYARVSVVGIELITIEARVVIA 49
                              8*************************************8 PP

>> nat_d8cf5bfdf78857545866  
   #    score  bias  c-Evalue  i-Evalue hmmfrom  hmm to    alifrom  ali to    envfrom  env to     acc
 ---   ------ ----- --------- --------- ------- -------    ------- -------    ------- -------    ----
   1 !   59.0   5.9     1e-17   1.9e-17       1      39 []      11      49 ..      11      49 .. 0.99

  Alignments for each domain:
  == domain 1  score: 59.0 bits;  conditional E-value: 1e-17
               Gas_vesicle  1 sLaDlLDrvLdkGvVIaGditisvagieLltikLrlvlA 39
                              sLa+++Dr+LdkG+VI++  ++sv+gieL+t+++r+v+A
  nat_d8cf5bfdf78857545866 11 SLAEVVDRILDKGIVIDAFARVSVVGIELITVEARVVIA 49
                              8*************************************8 PP

>> nat_b297046d38f89c457aeb  
   #    score  bias  c-Evalue  i-Evalue hmmfrom  hmm to    alifrom  ali to    envfrom  env to     acc
 ---   ------ ----- --------- --------- ------- -------    ------- -------    ------- -------    ----
   1 !   59.0   9.9     1e-17   1.8e-17       1      39 []      15      53 ..      15      53 .. 0.99

  Alignments for each domain:
  == domain 1  score: 59.0 bits;  conditional E-value: 1e-17
               Gas_vesicle  1 sLaDlLDrvLdkGvVIaGditisvagieLltikLrlvlA 39
                              sL+D+L+ vLdkGvVIaGdi++++a+ieLl+ik+rl++A
  nat_b297046d38f89c457aeb 15 SLVDVLETVLDKGVVIAGDIRVGIADIELLSIKIRLIVA 53
                              8************************************98 PP

>> nat_52cf8d3cb8c8f1b32edb  
   #    score  bias  c-Evalue  i-Evalue hmmfrom  hmm to    alifrom  ali to    envfrom  env to     acc
 ---   ------ ----- --------- --------- ------- -------    ------- -------    ------- -------    ----
   1 !   58.8   4.8   1.2e-17   2.2e-17       2      39 .]      16      53 ..      15      53 .. 0.97

  Alignments for each domain:
  == domain 1  score: 58.8 bits;  conditional E-value: 1.2e-17
               Gas_vesicle  2 LaDlLDrvLdkGvVIaGditisvagieLltikLrlvlA 39
                              LaD+L+rvLdkGvVIaGdi +s+a +eLl ik+rl+++
  nat_52cf8d3cb8c8f1b32edb 16 LADVLERVLDKGVVIAGDISVSIASTELLNIKIRLLIS 53
                              9***********************************95 PP

>> nat_db2cdf073eed6ed31349  
   #    score  bias  c-Evalue  i-Evalue hmmfrom  hmm to    alifrom  ali to    envfrom  env to     acc
 ---   ------ ----- --------- --------- ------- -------    ------- -------    ------- -------    ----
   1 !   59.0   5.9     1e-17   1.9e-17       1      39 []      11      49 ..      11      49 .. 0.99

  Alignments for each domain:
  == domain 1  score: 59.0 bits;  conditional E-value: 1e-17
               Gas_vesicle  1 sLaDlLDrvLdkGvVIaGditisvagieLltikLrlvlA 39
                              sLa+++Dr+LdkG+VI++  ++sv+gieL+t+++r+v+A
  nat_db2cdf073eed6ed31349 11 SLAEVVDRILDKGIVIDAFARVSVVGIELITVEARVVIA 49
                              8*************************************8 PP

>> nat_ed46c9e7b97a1b13dc86  
   #    score  bias  c-Evalue  i-Evalue hmmfrom  hmm to    alifrom  ali to    envfrom  env to     acc
 ---   ------ ----- --------- --------- ------- -------    ------- -------    ------- -------    ----
   1 !   59.0   5.9     1e-17   1.9e-17       1      39 []      11      49 ..      11      49 .. 0.99

  Alignments for each domain:
  == domain 1  score: 59.0 bits;  conditional E-value: 1e-17
               Gas_vesicle  1 sLaDlLDrvLdkGvVIaGditisvagieLltikLrlvlA 39
                              sLa+++Dr+LdkG+VI++  ++sv+gieL+t+++r+v+A
  nat_ed46c9e7b97a1b13dc86 11 SLAEVVDRILDKGIVIDAFARVSVVGIELITVEARVVIA 49
                              8*************************************8 PP

>> nat_f9d423597b7778d440ea  
   #    score  bias  c-Evalue  i-Evalue hmmfrom  hmm to    alifrom  ali to    envfrom  env to     acc
 ---   ------ ----- --------- --------- ------- -------    ------- -------    ------- -------    ----
   1 !   59.0   5.9     1e-17   1.9e-17       1      39 []      11      49 ..      11      49 .. 0.99

  Alignments for each domain:
  == domain 1  score: 59.0 bits;  conditional E-value: 1e-17
               Gas_vesicle  1 sLaDlLDrvLdkGvVIaGditisvagieLltikLrlvlA 39
                              sLa+++Dr+LdkG+VI++  ++sv+gieL+t+++r+v+A
  nat_f9d423597b7778d440ea 11 SLAEVVDRILDKGIVIDAFARVSVVGIELITVEARVVIA 49
                              8*************************************8 PP

>> nat_3d98e85018a97647d297  
   #    score  bias  c-Evalue  i-Evalue hmmfrom  hmm to    alifrom  ali to    envfrom  env to     acc
 ---   ------ ----- --------- --------- ------- -------    ------- -------    ------- -------    ----
   1 !   59.0   5.9     1e-17   1.9e-17       1      39 []      11      49 ..      11      49 .. 0.99

  Alignments for each domain:
  == domain 1  score: 59.0 bits;  conditional E-value: 1e-17
               Gas_vesicle  1 sLaDlLDrvLdkGvVIaGditisvagieLltikLrlvlA 39
                              sLa+++Dr+LdkG+VI++  ++sv+gieL+t+++r+v+A
  nat_3d98e85018a97647d297 11 SLAEVVDRILDKGIVIDAFARVSVVGIELITVEARVVIA 49
                              8*************************************8 PP

>> nat_911977f51fb32fb01946  
   #    score  bias  c-Evalue  i-Evalue hmmfrom  hmm to    alifrom  ali to    envfrom  env to     acc
 ---   ------ ----- --------- --------- ------- -------    ------- -------    ------- -------    ----
   1 !   59.0   5.7   1.1e-17   1.9e-17       1      39 []      11      49 ..      11      49 .. 0.99

  Alignments for each domain:
  == domain 1  score: 59.0 bits;  conditional E-value: 1.1e-17
               Gas_vesicle  1 sLaDlLDrvLdkGvVIaGditisvagieLltikLrlvlA 39
                              sLa+++Dr+LdkG+VI++  +isv+gieL+t+++r+v+A
  nat_911977f51fb32fb01946 11 SLAEVIDRILDKGIVIDAYARISVVGIELITVEARVVVA 49
                              8*************************************8 PP

>> nat_c9dd3d8bb3321e485fa8  
   #    score  bias  c-Evalue  i-Evalue hmmfrom  hmm to    alifrom  ali to    envfrom  env to     acc
 ---   ------ ----- --------- --------- ------- -------    ------- -------    ------- -------    ----
   1 !   59.0   5.7   1.1e-17   1.9e-17       1      39 []      11      49 ..      11      49 .. 0.99

  Alignments for each domain:
  == domain 1  score: 59.0 bits;  conditional E-value: 1.1e-17
               Gas_vesicle  1 sLaDlLDrvLdkGvVIaGditisvagieLltikLrlvlA 39
                              sLa+++Dr+LdkG+VI++  +isv+gieL+t+++r+v+A
  nat_c9dd3d8bb3321e485fa8 11 SLAEVIDRILDKGIVIDAYARISVVGIELITVEARVVVA 49
                              8*************************************8 PP

>> nat_a984f11bd60c35139c61  
   #    score  bias  c-Evalue  i-Evalue hmmfrom  hmm to    alifrom  ali to    envfrom  env to     acc
 ---   ------ ----- --------- --------- ------- -------    ------- -------    ------- -------    ----
   1 !   58.9   6.7   1.1e-17     2e-17       1      39 []      11      49 ..      11      49 .. 0.99

  Alignments for each domain:
  == domain 1  score: 58.9 bits;  conditional E-value: 1.1e-17
               Gas_vesicle  1 sLaDlLDrvLdkGvVIaGditisvagieLltikLrlvlA 39
                              sLa+++Dr+LdkG+VI++ +++s++gie+lti++r+v+A
  nat_a984f11bd60c35139c61 11 SLAEVIDRILDKGIVIDAFVRVSLVGIEILTIEARVVIA 49
                              8*************************************8 PP

>> nat_b85d6d93ba4c4fac8738  
   #    score  bias  c-Evalue  i-Evalue hmmfrom  hmm to    alifrom  ali to    envfrom  env to     acc
 ---   ------ ----- --------- --------- ------- -------    ------- -------    ------- -------    ----
   1 !   58.9  10.0   1.1e-17     2e-17       1      39 []      11      49 ..      11      49 .. 0.99

  Alignments for each domain:
  == domain 1  score: 58.9 bits;  conditional E-value: 1.1e-17
               Gas_vesicle  1 sLaDlLDrvLdkGvVIaGditisvagieLltikLrlvlA 39
                              sL+D+L+ vLdkGvVIaGdi++++a++eLl+ik+rl++A
  nat_b85d6d93ba4c4fac8738 11 SLVDVLETVLDKGVVIAGDIRVGIADVELLSIKIRLIVA 49
                              8************************************98 PP

>> nat_42ca32a46ff9fbfe04b0  
   #    score  bias  c-Evalue  i-Evalue hmmfrom  hmm to    alifrom  ali to    envfrom  env to     acc
 ---   ------ ----- --------- --------- ------- -------    ------- -------    ------- -------    ----
   1 !   58.8   5.9   1.2e-17   2.2e-17       1      39 []      11      49 ..      11      49 .. 0.99

  Alignments for each domain:
  == domain 1  score: 58.8 bits;  conditional E-value: 1.2e-17
               Gas_vesicle  1 sLaDlLDrvLdkGvVIaGditisvagieLltikLrlvlA 39
                              sLa+++Dr+LdkG+VI++  ++sv+gieL+t+++r+v+A
  nat_42ca32a46ff9fbfe04b0 11 SLAEVIDRILDKGIVIDAFARVSVVGIELVTVEARVVIA 49
                              8*************************************8 PP

>> nat_1afa662e7ba52f44c1e0  
   #    score  bias  c-Evalue  i-Evalue hmmfrom  hmm to    alifrom  ali to    envfrom  env to     acc
 ---   ------ ----- --------- --------- ------- -------    ------- -------    ------- -------    ----
   1 !   58.5  10.8   1.4e-17   2.6e-17       1      39 []      23      61 ..      23      61 .. 0.98

  Alignments for each domain:
  == domain 1  score: 58.5 bits;  conditional E-value: 1.4e-17
               Gas_vesicle  1 sLaDlLDrvLdkGvVIaGditisvagieLltikLrlvlA 39
                              +LaD+L+rvLdkGvVIaGdi++ + +ieLlti+Lrlv+A
  nat_1afa662e7ba52f44c1e0 23 NLADILERVLDKGVVIAGDIRVDLLDIELLTIRLRLVVA 61
                              69************************************8 PP

>> nat_bfa3b303b3d7305c173f  
   #    score  bias  c-Evalue  i-Evalue hmmfrom  hmm to    alifrom  ali to    envfrom  env to     acc
 ---   ------ ----- --------- --------- ------- -------    ------- -------    ------- -------    ----
   1 !   58.8   5.8   1.2e-17   2.2e-17       1      39 []      11      49 ..      11      49 .. 0.99

  Alignments for each domain:
  == domain 1  score: 58.8 bits;  conditional E-value: 1.2e-17
               Gas_vesicle  1 sLaDlLDrvLdkGvVIaGditisvagieLltikLrlvlA 39
                              sLa+++Dr+LdkG+VI++  ++sv+gieL+t+++r+v+A
  nat_bfa3b303b3d7305c173f 11 SLAEVIDRILDKGIVIDAFARVSVVGIELITVEARVVIA 49
                              8*************************************8 PP

>> nat_8031a3a05037a74c2518  
   #    score  bias  c-Evalue  i-Evalue hmmfrom  hmm to    alifrom  ali to    envfrom  env to     acc
 ---   ------ ----- --------- --------- ------- -------    ------- -------    ------- -------    ----
   1 !   58.8   6.7   1.2e-17   2.2e-17       1      39 []      11      49 ..      11      49 .. 0.99

  Alignments for each domain:
  == domain 1  score: 58.8 bits;  conditional E-value: 1.2e-17
               Gas_vesicle  1 sLaDlLDrvLdkGvVIaGditisvagieLltikLrlvlA 39
                              sLa+++Dr+LdkG+VI++ +++sv+gie+lti++r+v+A
  nat_8031a3a05037a74c2518 11 SLAEVIDRILDKGIVIDAFVRVSVVGIEILTIEARIVIA 49
                              8*************************************8 PP

>> nat_9c3060ca8265f2fd22a3  
   #    score  bias  c-Evalue  i-Evalue hmmfrom  hmm to    alifrom  ali to    envfrom  env to     acc
 ---   ------ ----- --------- --------- ------- -------    ------- -------    ------- -------    ----
   1 !   58.8   7.1   1.2e-17   2.1e-17       1      39 []      11      49 ..      11      49 .. 0.99

  Alignments for each domain:
  == domain 1  score: 58.8 bits;  conditional E-value: 1.2e-17
               Gas_vesicle  1 sLaDlLDrvLdkGvVIaGditisvagieLltikLrlvlA 39
                              sLa+++Dr+LdkG+V+++++++s++gieLl +++r+v+A
  nat_9c3060ca8265f2fd22a3 11 SLAEVIDRILDKGIVVDAWVRVSLVGIELLAVEARIVIA 49
                              8*************************************8 PP

>> nat_b1857f03b52d3c765ea4  
   #    score  bias  c-Evalue  i-Evalue hmmfrom  hmm to    alifrom  ali to    envfrom  env to     acc
 ---   ------ ----- --------- --------- ------- -------    ------- -------    ------- -------    ----
   1 !   58.8   7.1   1.2e-17   2.1e-17       1      39 []      11      49 ..      11      49 .. 0.99

  Alignments for each domain:
  == domain 1  score: 58.8 bits;  conditional E-value: 1.2e-17
               Gas_vesicle  1 sLaDlLDrvLdkGvVIaGditisvagieLltikLrlvlA 39
                              sLa+++Dr+LdkG+V+++++++s++gieLl +++r+v+A
  nat_b1857f03b52d3c765ea4 11 SLAEVIDRILDKGIVVDAWVRVSLVGIELLAVEARIVIA 49
                              8*************************************8 PP

>> nat_d1536b249be108b51522  
   #    score  bias  c-Evalue  i-Evalue hmmfrom  hmm to    alifrom  ali to    envfrom  env to     acc
 ---   ------ ----- --------- --------- ------- -------    ------- -------    ------- -------    ----
   1 !   58.8   6.7   1.2e-17   2.2e-17       1      39 []      11      49 ..      11      49 .. 0.99

  Alignments for each domain:
  == domain 1  score: 58.8 bits;  conditional E-value: 1.2e-17
               Gas_vesicle  1 sLaDlLDrvLdkGvVIaGditisvagieLltikLrlvlA 39
                              sLa+++Dr+LdkG+VI++ +++s++gie+lti++r+v+A
  nat_d1536b249be108b51522 11 SLAEVIDRILDKGIVIDAFVRVSLVGIEILTIEARVVIA 49
                              8*************************************8 PP

>> nat_19fb2828c4fc32ca705b  
   #    score  bias  c-Evalue  i-Evalue hmmfrom  hmm to    alifrom  ali to    envfrom  env to     acc
 ---   ------ ----- --------- --------- ------- -------    ------- -------    ------- -------    ----
   1 !   58.6   6.9   1.3e-17   2.4e-17       1      38 [.      20      57 ..      20      58 .. 0.97

  Alignments for each domain:
  == domain 1  score: 58.6 bits;  conditional E-value: 1.3e-17
               Gas_vesicle  1 sLaDlLDrvLdkGvVIaGditisvagieLltikLrlvl 38
                              +LaD+L+rvLdkG+VIaGdi+i + +ieLlti+Lrl +
  nat_19fb2828c4fc32ca705b 20 NLADILERVLDKGIVIAGDIKIDLLDIELLTIRLRLFV 57
                              69**********************************98 PP

>> nat_4d0d1af8c6b377ed553a  
   #    score  bias  c-Evalue  i-Evalue hmmfrom  hmm to    alifrom  ali to    envfrom  env to     acc
 ---   ------ ----- --------- --------- ------- -------    ------- -------    ------- -------    ----
   1 !   58.7   9.2   1.3e-17   2.4e-17       1      39 []      22      60 ..      22      60 .. 0.98

  Alignments for each domain:
  == domain 1  score: 58.7 bits;  conditional E-value: 1.3e-17
               Gas_vesicle  1 sLaDlLDrvLdkGvVIaGditisvagieLltikLrlvlA 39
                              ++aD+L+rvLdkG+VIaGdi++++ +ieLltik+rl++A
  nat_4d0d1af8c6b377ed553a 22 NIADVLERVLDKGIVIAGDIRVNLLDIELLTIKIRLLIA 60
                              69************************************8 PP

>> nat_bb6474c2ddf0f1e41d70  
   #    score  bias  c-Evalue  i-Evalue hmmfrom  hmm to    alifrom  ali to    envfrom  env to     acc
 ---   ------ ----- --------- --------- ------- -------    ------- -------    ------- -------    ----
   1 !   58.7   6.7   1.3e-17   2.3e-17       1      39 []      11      49 ..      11      49 .. 0.99

  Alignments for each domain:
  == domain 1  score: 58.7 bits;  conditional E-value: 1.3e-17
               Gas_vesicle  1 sLaDlLDrvLdkGvVIaGditisvagieLltikLrlvlA 39
                              sLa+++Dr+LdkG+VI++ +++s++gie++ti++r+v+A
  nat_bb6474c2ddf0f1e41d70 11 SLAEVIDRILDKGIVIDAFVRVSLVGIEIITIEARIVIA 49
                              8*************************************8 PP

>> nat_70e926d855b20edca8f9  
   #    score  bias  c-Evalue  i-Evalue hmmfrom  hmm to    alifrom  ali to    envfrom  env to     acc
 ---   ------ ----- --------- --------- ------- -------    ------- -------    ------- -------    ----
   1 !   58.6   7.1   1.4e-17   2.6e-17       1      39 []      11      49 ..      11      49 .. 0.99

  Alignments for each domain:
  == domain 1  score: 58.6 bits;  conditional E-value: 1.4e-17
               Gas_vesicle  1 sLaDlLDrvLdkGvVIaGditisvagieLltikLrlvlA 39
                              sL++++Dr+LdkG+VI+++ ++s++gieLl i++r+v+A
  nat_70e926d855b20edca8f9 11 SLVEVVDRILDKGIVIDAWARVSLVGIELLAIEARVVIA 49
                              8*************************************8 PP

>> nat_2a43ec8cc7979782d2b6  
   #    score  bias  c-Evalue  i-Evalue hmmfrom  hmm to    alifrom  ali to    envfrom  env to     acc
 ---   ------ ----- --------- --------- ------- -------    ------- -------    ------- -------    ----
   1 !   58.7   9.6   1.3e-17   2.4e-17       1      39 []      11      49 ..      11      49 .. 0.99

  Alignments for each domain:
  == domain 1  score: 58.7 bits;  conditional E-value: 1.3e-17
               Gas_vesicle  1 sLaDlLDrvLdkGvVIaGditisvagieLltikLrlvlA 39
                              s++D+L+ vLdkGvVIaGdi++++a++eLl+ik+rl++A
  nat_2a43ec8cc7979782d2b6 11 SIVDVLEKVLDKGVVIAGDIRVGLADVELLSIKIRLIIA 49
                              89************************************8 PP

>> nat_39552a648e522cf0517f  
   #    score  bias  c-Evalue  i-Evalue hmmfrom  hmm to    alifrom  ali to    envfrom  env to     acc
 ---   ------ ----- --------- --------- ------- -------    ------- -------    ------- -------    ----
   1 !   58.6   6.9   1.4e-17   2.6e-17       1      38 [.      20      57 ..      20      58 .. 0.97

  Alignments for each domain:
  == domain 1  score: 58.6 bits;  conditional E-value: 1.4e-17
               Gas_vesicle  1 sLaDlLDrvLdkGvVIaGditisvagieLltikLrlvl 38
                              +LaD+L+rvLdkG+VIaGdi+i + +ieLlti+Lrl +
  nat_39552a648e522cf0517f 20 NLADILERVLDKGIVIAGDIKIDLLDIELLTIRLRLFV 57
                              69**********************************98 PP

>> nat_dec5fa293ad4eeaffa6f  
   #    score  bias  c-Evalue  i-Evalue hmmfrom  hmm to    alifrom  ali to    envfrom  env to     acc
 ---   ------ ----- --------- --------- ------- -------    ------- -------    ------- -------    ----
   1 !   58.6   5.9   1.4e-17   2.5e-17       1      39 []      11      49 ..      11      49 .. 0.99

  Alignments for each domain:
  == domain 1  score: 58.6 bits;  conditional E-value: 1.4e-17
               Gas_vesicle  1 sLaDlLDrvLdkGvVIaGditisvagieLltikLrlvlA 39
                              sLa+++Dr+LdkG+VI++  ++sv+gieL+t+++r+v+A
  nat_dec5fa293ad4eeaffa6f 11 SLAEVIDRILDKGIVIDAFARVSVVGIELVTVEARVVIA 49
                              8*************************************8 PP

>> nat_731f8990c8cbea086350  
   #    score  bias  c-Evalue  i-Evalue hmmfrom  hmm to    alifrom  ali to    envfrom  env to     acc
 ---   ------ ----- --------- --------- ------- -------    ------- -------    ------- -------    ----
   1 !   58.6   7.2   1.4e-17   2.6e-17       2      39 .]      13      50 ..      12      50 .. 0.98

  Alignments for each domain:
  == domain 1  score: 58.6 bits;  conditional E-value: 1.4e-17
               Gas_vesicle  2 LaDlLDrvLdkGvVIaGditisvagieLltikLrlvlA 39
                              La+++Dr+LdkG+VI++ +++s++gieL+++++r+v+A
  nat_731f8990c8cbea086350 13 LAEVVDRILDKGIVIDAFVRVSLVGIELVSVEARIVIA 50
                              9************************************8 PP

>> nat_caab2da04cf4baba5880  
   #    score  bias  c-Evalue  i-Evalue hmmfrom  hmm to    alifrom  ali to    envfrom  env to     acc
 ---   ------ ----- --------- --------- ------- -------    ------- -------    ------- -------    ----
   1 !   58.6  10.2   1.4e-17   2.6e-17       1      39 []      11      49 ..      11      49 .. 0.99

  Alignments for each domain:
  == domain 1  score: 58.6 bits;  conditional E-value: 1.4e-17
               Gas_vesicle  1 sLaDlLDrvLdkGvVIaGditisvagieLltikLrlvlA 39
                              s++D+L+ vLdkGvVIaGdi++++a++eLltik+rl++A
  nat_caab2da04cf4baba5880 11 SIVDVLETVLDKGVVIAGDIRVGLADVELLTIKIRLIVA 49
                              89***********************************98 PP

>> nat_4481f660bcc30bb1d9c4  
   #    score  bias  c-Evalue  i-Evalue hmmfrom  hmm to    alifrom  ali to    envfrom  env to     acc
 ---   ------ ----- --------- --------- ------- -------    ------- -------    ------- -------    ----
   1 !   58.8   8.6   1.2e-17   2.1e-17       1      39 []      14      52 ..      14      52 .. 0.98

  Alignments for each domain:
  == domain 1  score: 58.8 bits;  conditional E-value: 1.2e-17
               Gas_vesicle  1 sLaDlLDrvLdkGvVIaGditisvagieLltikLrlvlA 39
                              +LaD+LDrvLdkG+V+aGdi+i++ +ieLlti++rlv++
  nat_4481f660bcc30bb1d9c4 14 TLADVLDRVLDKGLVVAGDIKIKLLDIELLTIQVRLVVC 52
                              79***********************************97 PP

>> nat_8b95b6a8454826276aeb  
   #    score  bias  c-Evalue  i-Evalue hmmfrom  hmm to    alifrom  ali to    envfrom  env to     acc
 ---   ------ ----- --------- --------- ------- -------    ------- -------    ------- -------    ----
   1 !   58.5   6.9   1.5e-17   2.7e-17       1      39 []      11      49 ..      11      49 .. 0.99

  Alignments for each domain:
  == domain 1  score: 58.5 bits;  conditional E-value: 1.5e-17
               Gas_vesicle  1 sLaDlLDrvLdkGvVIaGditisvagieLltikLrlvlA 39
                              sLa+++Dr+LdkG+VI++ +++sv+gie+lt+++r+v+A
  nat_8b95b6a8454826276aeb 11 SLAEVIDRILDKGIVIDAFVRVSVVGIEILTVEARVVIA 49
                              8*************************************8 PP

>> nat_387a1a5b990d83c80a60  
   #    score  bias  c-Evalue  i-Evalue hmmfrom  hmm to    alifrom  ali to    envfrom  env to     acc
 ---   ------ ----- --------- --------- ------- -------    ------- -------    ------- -------    ----
   1 !   58.4   7.3   1.6e-17     3e-17       2      39 .]      13      50 ..      12      50 .. 0.98

  Alignments for each domain:
  == domain 1  score: 58.4 bits;  conditional E-value: 1.6e-17
               Gas_vesicle  2 LaDlLDrvLdkGvVIaGditisvagieLltikLrlvlA 39
                              La+++Dr+LdkG+VI++ +++s++gieL+++++r+v+A
  nat_387a1a5b990d83c80a60 13 LAEVVDRILDKGIVIDAFVRVSLVGIELVSVEARIVVA 50
                              9************************************8 PP

>> nat_0e5f42f63b697d7ae252  
   #    score  bias  c-Evalue  i-Evalue hmmfrom  hmm to    alifrom  ali to    envfrom  env to     acc
 ---   ------ ----- --------- --------- ------- -------    ------- -------    ------- -------    ----
   1 !   58.3   6.5   1.6e-17     3e-17       1      39 []      10      48 ..      10      48 .. 0.99

  Alignments for each domain:
  == domain 1  score: 58.3 bits;  conditional E-value: 1.6e-17
               Gas_vesicle  1 sLaDlLDrvLdkGvVIaGditisvagieLltikLrlvlA 39
                              sLa++LDr+LdkG+VI+ + +isv+gieL+ti++r+v+A
  nat_0e5f42f63b697d7ae252 10 SLAEVLDRILDKGIVIDIWARISVVGIELITIEARVVVA 48
                              8*************************************8 PP

>> nat_5d4bc3951377fd2faff7  
   #    score  bias  c-Evalue  i-Evalue hmmfrom  hmm to    alifrom  ali to    envfrom  env to     acc
 ---   ------ ----- --------- --------- ------- -------    ------- -------    ------- -------    ----
   1 !   58.2   7.1   1.8e-17   3.3e-17       1      39 []      11      49 ..      11      49 .. 0.99

  Alignments for each domain:
  == domain 1  score: 58.2 bits;  conditional E-value: 1.8e-17
               Gas_vesicle  1 sLaDlLDrvLdkGvVIaGditisvagieLltikLrlvlA 39
                              sL++++Dr+LdkG+VI+++ ++s++gieLl i++r+v+A
  nat_5d4bc3951377fd2faff7 11 SLVEVVDRILDKGIVIDAWARVSLVGIELLAIEARVVIA 49
                              8*************************************8 PP

>> nat_ccea7d4aa043b4d32826  
   #    score  bias  c-Evalue  i-Evalue hmmfrom  hmm to    alifrom  ali to    envfrom  env to     acc
 ---   ------ ----- --------- --------- ------- -------    ------- -------    ------- -------    ----
   1 !   58.3  10.1   1.7e-17   3.1e-17       1      39 []      11      49 ..      11      49 .. 0.98

  Alignments for each domain:
  == domain 1  score: 58.3 bits;  conditional E-value: 1.7e-17
               Gas_vesicle  1 sLaDlLDrvLdkGvVIaGditisvagieLltikLrlvlA 39
                              +++D+L+ +LdkGvVIaGdit+++a++eLltik+rl++A
  nat_ccea7d4aa043b4d32826 11 TIVDVLEKILDKGVVIAGDITVGIADVELLTIKIRLIVA 49
                              69***********************************98 PP

>> nat_a58d5e6d6e3756336d95  
   #    score  bias  c-Evalue  i-Evalue hmmfrom  hmm to    alifrom  ali to    envfrom  env to     acc
 ---   ------ ----- --------- --------- ------- -------    ------- -------    ------- -------    ----
   1 !   58.0  10.7   2.2e-17   3.9e-17       2      39 .]      12      49 ..      11      49 .. 0.99

  Alignments for each domain:
  == domain 1  score: 58.0 bits;  conditional E-value: 2.2e-17
               Gas_vesicle  2 LaDlLDrvLdkGvVIaGditisvagieLltikLrlvlA 39
                              LaD+L+rvLdkGvVIaGdi++++ +ieLlt+kLrlv+A
  nat_a58d5e6d6e3756336d95 12 LADILERVLDKGVVIAGDIRVNLLDIELLTVKLRLVVA 49
                              9************************************8 PP

>> nat_d790919b750d218eb5d2  
   #    score  bias  c-Evalue  i-Evalue hmmfrom  hmm to    alifrom  ali to    envfrom  env to     acc
 ---   ------ ----- --------- --------- ------- -------    ------- -------    ------- -------    ----
   1 !   58.3  10.1   1.7e-17   3.1e-17       1      39 []      11      49 ..      11      49 .. 0.98

  Alignments for each domain:
  == domain 1  score: 58.3 bits;  conditional E-value: 1.7e-17
               Gas_vesicle  1 sLaDlLDrvLdkGvVIaGditisvagieLltikLrlvlA 39
                              +++D+L+ +LdkGvVIaGdit+++a++eLltik+rl++A
  nat_d790919b750d218eb5d2 11 TIVDVLEKILDKGVVIAGDITVGIADVELLTIKIRLIVA 49
                              69***********************************98 PP

>> nat_59adc5339e1e4cde4f85  
   #    score  bias  c-Evalue  i-Evalue hmmfrom  hmm to    alifrom  ali to    envfrom  env to     acc
 ---   ------ ----- --------- --------- ------- -------    ------- -------    ------- -------    ----
   1 !   58.5   8.6   1.5e-17   2.7e-17       1      39 []      14      52 ..      14      52 .. 0.98

  Alignments for each domain:
  == domain 1  score: 58.5 bits;  conditional E-value: 1.5e-17
               Gas_vesicle  1 sLaDlLDrvLdkGvVIaGditisvagieLltikLrlvlA 39
                              +LaD+LDrvLdkG+V+aGdi+i++ ++eLlti++rlv++
  nat_59adc5339e1e4cde4f85 14 TLADVLDRVLDKGLVVAGDIKIKLLDVELLTIQVRLVVC 52
                              79***********************************97 PP

>> nat_d58dfba1e9f522c883d4  
   #    score  bias  c-Evalue  i-Evalue hmmfrom  hmm to    alifrom  ali to    envfrom  env to     acc
 ---   ------ ----- --------- --------- ------- -------    ------- -------    ------- -------    ----
   1 !   58.1   5.8     2e-17   3.7e-17       1      39 []      11      49 ..      11      49 .. 0.99

  Alignments for each domain:
  == domain 1  score: 58.1 bits;  conditional E-value: 2e-17
               Gas_vesicle  1 sLaDlLDrvLdkGvVIaGditisvagieLltikLrlvlA 39
                              sLa+++Dr+LdkG+VI++  ++sv+gieL+t+++r+v+A
  nat_d58dfba1e9f522c883d4 11 SLAEVIDRILDKGIVIDAYARVSVVGIELVTVEARVVIA 49
                              8*************************************8 PP

>> nat_667b333e161105876fb2  
   #    score  bias  c-Evalue  i-Evalue hmmfrom  hmm to    alifrom  ali to    envfrom  env to     acc
 ---   ------ ----- --------- --------- ------- -------    ------- -------    ------- -------    ----
   1 !   58.1   6.7   1.9e-17   3.6e-17       1      39 []      11      49 ..      11      49 .. 0.99

  Alignments for each domain:
  == domain 1  score: 58.1 bits;  conditional E-value: 1.9e-17
               Gas_vesicle  1 sLaDlLDrvLdkGvVIaGditisvagieLltikLrlvlA 39
                              sLa+++Dr+LdkG+VI++ +++s++gie+lt+++r+v+A
  nat_667b333e161105876fb2 11 SLAEVIDRILDKGIVIDAFVRVSLVGIEILTVEARVVIA 49
                              8*************************************8 PP

>> nat_e70eb92ab459701dc753  
   #    score  bias  c-Evalue  i-Evalue hmmfrom  hmm to    alifrom  ali to    envfrom  env to     acc
 ---   ------ ----- --------- --------- ------- -------    ------- -------    ------- -------    ----
   1 !   58.1   6.8     2e-17   3.7e-17       1      39 []      11      49 ..      11      49 .. 0.99

  Alignments for each domain:
  == domain 1  score: 58.1 bits;  conditional E-value: 2e-17
               Gas_vesicle  1 sLaDlLDrvLdkGvVIaGditisvagieLltikLrlvlA 39
                              sLa+++Dr+LdkG+VI++ +++sv+gie+lt+++r+v+A
  nat_e70eb92ab459701dc753 11 SLAEVIDRILDKGIVIDAFVRVSVVGIEILTVEARIVIA 49
                              8*************************************8 PP

>> nat_31e3d15096bef9cf7798  
   #    score  bias  c-Evalue  i-Evalue hmmfrom  hmm to    alifrom  ali to    envfrom  env to     acc
 ---   ------ ----- --------- --------- ------- -------    ------- -------    ------- -------    ----
   1 !   58.1   9.4     2e-17   3.6e-17       1      39 []      26      64 ..      26      64 .. 0.98

  Alignments for each domain:
  == domain 1  score: 58.1 bits;  conditional E-value: 2e-17
               Gas_vesicle  1 sLaDlLDrvLdkGvVIaGditisvagieLltikLrlvlA 39
                              +LaD+L+rvLdkG+VIaGdi++++ +ieLlti++rl++A
  nat_31e3d15096bef9cf7798 26 NLADILERVLDKGIVIAGDIRVNLLDIELLTIRIRLLVA 64
                              69************************************8 PP

>> nat_7e1ce867323aad4660fd  
   #    score  bias  c-Evalue  i-Evalue hmmfrom  hmm to    alifrom  ali to    envfrom  env to     acc
 ---   ------ ----- --------- --------- ------- -------    ------- -------    ------- -------    ----
   1 !   58.1   9.3   1.9e-17   3.5e-17       1      39 []      20      58 ..      20      58 .. 0.98

  Alignments for each domain:
  == domain 1  score: 58.1 bits;  conditional E-value: 1.9e-17
               Gas_vesicle  1 sLaDlLDrvLdkGvVIaGditisvagieLltikLrlvlA 39
                              +L+DlLDrvL++GvVI Gdit+s+a+++L++i+Lr+++A
  nat_7e1ce867323aad4660fd 20 ALVDLLDRVLATGVVISGDITLSIAEVDLVRISLRALVA 58
                              69************************************8 PP

>> nat_de3106e39b73b2986cc3  
   #    score  bias  c-Evalue  i-Evalue hmmfrom  hmm to    alifrom  ali to    envfrom  env to     acc
 ---   ------ ----- --------- --------- ------- -------    ------- -------    ------- -------    ----
   1 !   58.0   6.7   2.1e-17   3.8e-17       1      39 []      11      49 ..      11      49 .. 0.99

  Alignments for each domain:
  == domain 1  score: 58.0 bits;  conditional E-value: 2.1e-17
               Gas_vesicle  1 sLaDlLDrvLdkGvVIaGditisvagieLltikLrlvlA 39
                              sLa+++Dr+LdkG+VI++ +++s++gie+lt+++r+v+A
  nat_de3106e39b73b2986cc3 11 SLAEVIDRILDKGIVIDAFVRVSLVGIEILTVEARVVIA 49
                              8*************************************8 PP

>> nat_cd1a9ffb557d1157e46b  
   #    score  bias  c-Evalue  i-Evalue hmmfrom  hmm to    alifrom  ali to    envfrom  env to     acc
 ---   ------ ----- --------- --------- ------- -------    ------- -------    ------- -------    ----
   1 !   58.0  10.0   2.1e-17   3.8e-17       1      39 []      13      51 ..      13      51 .. 0.98

  Alignments for each domain:
  == domain 1  score: 58.0 bits;  conditional E-value: 2.1e-17
               Gas_vesicle  1 sLaDlLDrvLdkGvVIaGditisvagieLltikLrlvlA 39
                              +L+D+L+ vLdkGvVIaGdi++++a++eLl+ik+rl++A
  nat_cd1a9ffb557d1157e46b 13 NLVDVLETVLDKGVVIAGDIRVGIADVELLSIKIRLIVA 51
                              69***********************************98 PP

>> nat_5e9a9badd5481f93deb7  
   #    score  bias  c-Evalue  i-Evalue hmmfrom  hmm to    alifrom  ali to    envfrom  env to     acc
 ---   ------ ----- --------- --------- ------- -------    ------- -------    ------- -------    ----
   1 !   57.9   9.1   2.3e-17   4.2e-17       1      38 [.      12      49 ..      12      50 .. 0.97

  Alignments for each domain:
  == domain 1  score: 57.9 bits;  conditional E-value: 2.3e-17
               Gas_vesicle  1 sLaDlLDrvLdkGvVIaGditisvagieLltikLrlvl 38
                              sL+D+LDrvLdkG+V+++++++s++gi+L+t+++r+++
  nat_5e9a9badd5481f93deb7 12 SLVDVLDRVLDKGIVVDAWVRVSIVGIDLVTVEARVII 49
                              8***********************************99 PP

>> nat_8cc50c0228caae3ad7f4  
   #    score  bias  c-Evalue  i-Evalue hmmfrom  hmm to    alifrom  ali to    envfrom  env to     acc
 ---   ------ ----- --------- --------- ------- -------    ------- -------    ------- -------    ----
   1 !   57.7   9.9   2.6e-17   4.8e-17       1      39 []      11      49 ..      11      49 .. 0.98

  Alignments for each domain:
  == domain 1  score: 57.7 bits;  conditional E-value: 2.6e-17
               Gas_vesicle  1 sLaDlLDrvLdkGvVIaGditisvagieLltikLrlvlA 39
                              +++D+L+ +LdkGvVIaGdi i++a++eLltik+rl++A
  nat_8cc50c0228caae3ad7f4 11 TIVDVLEKILDKGVVIAGDISIGIADVELLTIKIRLIVA 49
                              69***********************************98 PP

>> nat_cd4bfde01bf7f512d7e4  
   #    score  bias  c-Evalue  i-Evalue hmmfrom  hmm to    alifrom  ali to    envfrom  env to     acc
 ---   ------ ----- --------- --------- ------- -------    ------- -------    ------- -------    ----
   1 !   57.7   8.5   2.6e-17   4.8e-17       2      39 .]      12      49 ..      11      49 .. 0.98

  Alignments for each domain:
  == domain 1  score: 57.7 bits;  conditional E-value: 2.6e-17
               Gas_vesicle  2 LaDlLDrvLdkGvVIaGditisvagieLltikLrlvlA 39
                              LaD++Dr+LdkG+VI++ i++sv+gie+lti++r+v+A
  nat_cd4bfde01bf7f512d7e4 12 LADVIDRILDKGIVIDAFIRVSVVGIEILTIEARVVIA 49
                              9************************************8 PP

>> nat_50c1cc9965716061b22d  
   #    score  bias  c-Evalue  i-Evalue hmmfrom  hmm to    alifrom  ali to    envfrom  env to     acc
 ---   ------ ----- --------- --------- ------- -------    ------- -------    ------- -------    ----
   1 !   57.7   7.7   2.7e-17     5e-17       1      39 []      20      58 ..      20      58 .. 0.98

  Alignments for each domain:
  == domain 1  score: 57.7 bits;  conditional E-value: 2.7e-17
               Gas_vesicle  1 sLaDlLDrvLdkGvVIaGditisvagieLltikLrlvlA 39
                              +LaD+L+rvLdkG+VIaGdi++ + +ieLlti++rl +A
  nat_50c1cc9965716061b22d 20 NLADILERVLDKGIVIAGDIKVDLLDIELLTIRIRLFVA 58
                              69***********************************98 PP

>> nat_3f0807141c190c600235  
   #    score  bias  c-Evalue  i-Evalue hmmfrom  hmm to    alifrom  ali to    envfrom  env to     acc
 ---   ------ ----- --------- --------- ------- -------    ------- -------    ------- -------    ----
   1 !   57.6   5.6   2.9e-17   5.3e-17       1      39 []      21      59 ..      21      59 .. 0.98

  Alignments for each domain:
  == domain 1  score: 57.6 bits;  conditional E-value: 2.9e-17
               Gas_vesicle  1 sLaDlLDrvLdkGvVIaGditisvagieLltikLrlvlA 39
                              sL+D+L+rvLdkG+VIaGdi isv  +eLl+i++rl+++
  nat_3f0807141c190c600235 21 SLVDVLERVLDKGIVIAGDISISVGSTELLSIRIRLLIS 59
                              8************************************95 PP

>> nat_d90ba4fc5295a2ed9e09  
   #    score  bias  c-Evalue  i-Evalue hmmfrom  hmm to    alifrom  ali to    envfrom  env to     acc
 ---   ------ ----- --------- --------- ------- -------    ------- -------    ------- -------    ----
   1 !   57.5   6.5     3e-17   5.6e-17       2      39 .]      12      49 ..      11      49 .. 0.98

  Alignments for each domain:
  == domain 1  score: 57.5 bits;  conditional E-value: 3e-17
               Gas_vesicle  2 LaDlLDrvLdkGvVIaGditisvagieLltikLrlvlA 39
                              La+++Dr+LdkG+VI++  ++sv+gieL+ti++r+v+A
  nat_d90ba4fc5295a2ed9e09 12 LAEVIDRILDKGIVIDAFARVSVVGIELITIEARVVVA 49
                              9************************************8 PP

>> nat_32de3bdac890ded46f9d  
   #    score  bias  c-Evalue  i-Evalue hmmfrom  hmm to    alifrom  ali to    envfrom  env to     acc
 ---   ------ ----- --------- --------- ------- -------    ------- -------    ------- -------    ----
   1 !   57.4   8.8   3.2e-17   5.9e-17       1      39 []      11      49 ..      11      49 .. 0.99

  Alignments for each domain:
  == domain 1  score: 57.4 bits;  conditional E-value: 3.2e-17
               Gas_vesicle  1 sLaDlLDrvLdkGvVIaGditisvagieLltikLrlvlA 39
                              sLa+++Dr+LdkG+VI+ +++is++gi+L++i++r+v+A
  nat_32de3bdac890ded46f9d 11 SLAEVIDRILDKGIVIDLWVRISLVGIDLIGIEARVVIA 49
                              8*************************************8 PP

>> nat_2027255edd94d63ce240  
   #    score  bias  c-Evalue  i-Evalue hmmfrom  hmm to    alifrom  ali to    envfrom  env to     acc
 ---   ------ ----- --------- --------- ------- -------    ------- -------    ------- -------    ----
   1 !   57.4   8.8   3.3e-17   6.1e-17       1      39 []      11      49 ..      11      49 .. 0.99

  Alignments for each domain:
  == domain 1  score: 57.4 bits;  conditional E-value: 3.3e-17
               Gas_vesicle  1 sLaDlLDrvLdkGvVIaGditisvagieLltikLrlvlA 39
                              sLa+++Dr+LdkG+VI+ +++is++gi+L++i++r+v+A
  nat_2027255edd94d63ce240 11 SLAEVIDRILDKGIVIDLWVRISLVGIDLIGIEARVVIA 49
                              8*************************************8 PP

>> nat_61db0834b27d8f0211d3  
   #    score  bias  c-Evalue  i-Evalue hmmfrom  hmm to    alifrom  ali to    envfrom  env to     acc
 ---   ------ ----- --------- --------- ------- -------    ------- -------    ------- -------    ----
   1 !   57.1   8.8   4.1e-17   7.5e-17       1      39 []      11      49 ..      11      49 .. 0.99

  Alignments for each domain:
  == domain 1  score: 57.1 bits;  conditional E-value: 4.1e-17
               Gas_vesicle  1 sLaDlLDrvLdkGvVIaGditisvagieLltikLrlvlA 39
                              sLa+++Dr+LdkG+VI+ +++is++gi+L++i++r+v+A
  nat_61db0834b27d8f0211d3 11 SLAEVIDRILDKGIVIDLWVRISLVGIDLIGIEARIVIA 49
                              8*************************************8 PP

>> nat_6507b3f9f58ef91ab9d8  
   #    score  bias  c-Evalue  i-Evalue hmmfrom  hmm to    alifrom  ali to    envfrom  env to     acc
 ---   ------ ----- --------- --------- ------- -------    ------- -------    ------- -------    ----
   1 !   57.1   5.8   4.1e-17   7.5e-17       1      39 []      11      49 ..      11      49 .. 0.99

  Alignments for each domain:
  == domain 1  score: 57.1 bits;  conditional E-value: 4.1e-17
               Gas_vesicle  1 sLaDlLDrvLdkGvVIaGditisvagieLltikLrlvlA 39
                              sLa+++Dr+LdkG+VI++  ++sv+gie+lti++r+v+A
  nat_6507b3f9f58ef91ab9d8 11 SLAEVIDRILDKGIVIDAFARVSVVGIEILTIEARVVIA 49
                              8*************************************8 PP

>> nat_6ab091088c0d2085f193  
   #    score  bias  c-Evalue  i-Evalue hmmfrom  hmm to    alifrom  ali to    envfrom  env to     acc
 ---   ------ ----- --------- --------- ------- -------    ------- -------    ------- -------    ----
   1 !   57.1   5.8   4.1e-17   7.5e-17       1      39 []      11      49 ..      11      49 .. 0.99

  Alignments for each domain:
  == domain 1  score: 57.1 bits;  conditional E-value: 4.1e-17
               Gas_vesicle  1 sLaDlLDrvLdkGvVIaGditisvagieLltikLrlvlA 39
                              sLa+++Dr+LdkG+VI++  ++sv+gie+lti++r+v+A
  nat_6ab091088c0d2085f193 11 SLAEVIDRILDKGIVIDAFARVSVVGIEILTIEARVVIA 49
                              8*************************************8 PP

>> nat_c05532e5292ee743920d  
   #    score  bias  c-Evalue  i-Evalue hmmfrom  hmm to    alifrom  ali to    envfrom  env to     acc
 ---   ------ ----- --------- --------- ------- -------    ------- -------    ------- -------    ----
   1 !   57.0   6.0   4.5e-17   8.2e-17       1      39 []      11      49 ..      11      49 .. 0.99

  Alignments for each domain:
  == domain 1  score: 57.0 bits;  conditional E-value: 4.5e-17
               Gas_vesicle  1 sLaDlLDrvLdkGvVIaGditisvagieLltikLrlvlA 39
                              sL++++Dr+L+kG+VI+++ ++s++gieLl i++r+v+A
  nat_c05532e5292ee743920d 11 SLVEVIDRILEKGIVIDAWARVSLVGIELLAIEARVVVA 49
                              8*************************************8 PP

>> nat_34a4a65736a78d22df6a  
   #    score  bias  c-Evalue  i-Evalue hmmfrom  hmm to    alifrom  ali to    envfrom  env to     acc
 ---   ------ ----- --------- --------- ------- -------    ------- -------    ------- -------    ----
   1 !   56.9   5.8   4.7e-17   8.6e-17       1      39 []      11      49 ..      11      49 .. 0.99

  Alignments for each domain:
  == domain 1  score: 56.9 bits;  conditional E-value: 4.7e-17
               Gas_vesicle  1 sLaDlLDrvLdkGvVIaGditisvagieLltikLrlvlA 39
                              sLa+++Dr+LdkG+VI++  ++sv+gie+lti++r+v+A
  nat_34a4a65736a78d22df6a 11 SLAEVIDRILDKGIVIDAFARVSVVGIEILTIEARVVIA 49
                              8*************************************8 PP

>> nat_ac016806c065e58141c3  
   #    score  bias  c-Evalue  i-Evalue hmmfrom  hmm to    alifrom  ali to    envfrom  env to     acc
 ---   ------ ----- --------- --------- ------- -------    ------- -------    ------- -------    ----
   1 !   56.9   5.7   4.8e-17   8.8e-17       1      39 []      11      49 ..      11      49 .. 0.99

  Alignments for each domain:
  == domain 1  score: 56.9 bits;  conditional E-value: 4.8e-17
               Gas_vesicle  1 sLaDlLDrvLdkGvVIaGditisvagieLltikLrlvlA 39
                              sLa+++Dr+LdkG+VI++  ++s++gie++ti++r+v+A
  nat_ac016806c065e58141c3 11 SLAEVIDRILDKGIVIDAFARVSLVGIEIITIEARVVIA 49
                              8*************************************8 PP

>> nat_e97c470cdf39521e7d2b  
   #    score  bias  c-Evalue  i-Evalue hmmfrom  hmm to    alifrom  ali to    envfrom  env to     acc
 ---   ------ ----- --------- --------- ------- -------    ------- -------    ------- -------    ----
   1 !   56.7   8.9   5.5e-17     1e-16       1      39 []      11      49 ..      11      49 .. 0.99

  Alignments for each domain:
  == domain 1  score: 56.7 bits;  conditional E-value: 5.5e-17
               Gas_vesicle  1 sLaDlLDrvLdkGvVIaGditisvagieLltikLrlvlA 39
                              sLa+++Dr+LdkG+VI+ ++++s++gi+L++i++r+v+A
  nat_e97c470cdf39521e7d2b 11 SLAEVIDRILDKGIVIDLWVRVSLVGIDLIGIEARVVIA 49
                              8*************************************8 PP

>> nat_5c686c3d3778ea9403cd  
   #    score  bias  c-Evalue  i-Evalue hmmfrom  hmm to    alifrom  ali to    envfrom  env to     acc
 ---   ------ ----- --------- --------- ------- -------    ------- -------    ------- -------    ----
   1 !   56.7   5.7   5.6e-17     1e-16       1      39 []      11      49 ..      11      49 .. 0.99

  Alignments for each domain:
  == domain 1  score: 56.7 bits;  conditional E-value: 5.6e-17
               Gas_vesicle  1 sLaDlLDrvLdkGvVIaGditisvagieLltikLrlvlA 39
                              sLa+++Dr+LdkG+VI++  ++s++gie+lti++r+v+A
  nat_5c686c3d3778ea9403cd 11 SLAEVIDRILDKGIVIDAFARVSLVGIEILTIEARVVIA 49
                              8*************************************8 PP

>> nat_56827e9ef4ab0b50062c  
   #    score  bias  c-Evalue  i-Evalue hmmfrom  hmm to    alifrom  ali to    envfrom  env to     acc
 ---   ------ ----- --------- --------- ------- -------    ------- -------    ------- -------    ----
   1 !   56.7  10.7   5.3e-17   9.7e-17       1      39 []      19      57 ..      19      57 .. 0.99

  Alignments for each domain:
  == domain 1  score: 56.7 bits;  conditional E-value: 5.3e-17
               Gas_vesicle  1 sLaDlLDrvLdkGvVIaGditisvagieLltikLrlvlA 39
                              sL+D+LD +Ld+GvV++G i is+ag++L++i+Lr+++A
  nat_56827e9ef4ab0b50062c 19 SLVDVLDKLLDTGVVLDGQIVISLAGVDLIHIGLRALVA 57
                              8*************************************8 PP

>> nat_d2440e6d37d33df171fe  
   #    score  bias  c-Evalue  i-Evalue hmmfrom  hmm to    alifrom  ali to    envfrom  env to     acc
 ---   ------ ----- --------- --------- ------- -------    ------- -------    ------- -------    ----
   1 !   56.7   5.7   5.6e-17     1e-16       1      39 []      11      49 ..      11      49 .. 0.99

  Alignments for each domain:
  == domain 1  score: 56.7 bits;  conditional E-value: 5.6e-17
               Gas_vesicle  1 sLaDlLDrvLdkGvVIaGditisvagieLltikLrlvlA 39
                              sLa+++Dr+LdkG+VI++  ++s++gie+lti++r+v+A
  nat_d2440e6d37d33df171fe 11 SLAEVIDRILDKGIVIDAFARVSLVGIEILTIEARVVIA 49
                              8*************************************8 PP

>> nat_6a0677ea515c945fa3fc  
   #    score  bias  c-Evalue  i-Evalue hmmfrom  hmm to    alifrom  ali to    envfrom  env to     acc
 ---   ------ ----- --------- --------- ------- -------    ------- -------    ------- -------    ----
   1 !   56.7   5.7   5.6e-17     1e-16       1      39 []      11      49 ..      11      49 .. 0.99

  Alignments for each domain:
  == domain 1  score: 56.7 bits;  conditional E-value: 5.6e-17
               Gas_vesicle  1 sLaDlLDrvLdkGvVIaGditisvagieLltikLrlvlA 39
                              sLa+++Dr+LdkG+VI++  ++s++gie+lti++r+v+A
  nat_6a0677ea515c945fa3fc 11 SLAEVIDRILDKGIVIDAFARVSLVGIEILTIEARVVIA 49
                              8*************************************8 PP

>> nat_31b58a77b806c43147b8  
   #    score  bias  c-Evalue  i-Evalue hmmfrom  hmm to    alifrom  ali to    envfrom  env to     acc
 ---   ------ ----- --------- --------- ------- -------    ------- -------    ------- -------    ----
   1 !   56.5   5.7     6e-17   1.1e-16       1      39 []      11      49 ..      11      49 .. 0.99

  Alignments for each domain:
  == domain 1  score: 56.5 bits;  conditional E-value: 6e-17
               Gas_vesicle  1 sLaDlLDrvLdkGvVIaGditisvagieLltikLrlvlA 39
                              sLa+++Dr+LdkG+VI++  ++s++gie+lti++r+v+A
  nat_31b58a77b806c43147b8 11 SLAEVIDRILDKGIVIDAFARVSLVGIEILTIEARVVIA 49
                              8*************************************8 PP

>> nat_b77997ea61d5b6352e31  
   #    score  bias  c-Evalue  i-Evalue hmmfrom  hmm to    alifrom  ali to    envfrom  env to     acc
 ---   ------ ----- --------- --------- ------- -------    ------- -------    ------- -------    ----
   1 !   56.5   5.7     6e-17   1.1e-16       1      39 []      11      49 ..      11      49 .. 0.99

  Alignments for each domain:
  == domain 1  score: 56.5 bits;  conditional E-value: 6e-17
               Gas_vesicle  1 sLaDlLDrvLdkGvVIaGditisvagieLltikLrlvlA 39
                              sLa+++Dr+LdkG+VI++  ++s++gie+lti++r+v+A
  nat_b77997ea61d5b6352e31 11 SLAEVIDRILDKGIVIDAFARVSLVGIEILTIEARVVIA 49
                              8*************************************8 PP

>> nat_bd681cfbd78ed763b9df  
   #    score  bias  c-Evalue  i-Evalue hmmfrom  hmm to    alifrom  ali to    envfrom  env to     acc
 ---   ------ ----- --------- --------- ------- -------    ------- -------    ------- -------    ----
   1 !   56.5   5.7     6e-17   1.1e-16       1      39 []      11      49 ..      11      49 .. 0.99

  Alignments for each domain:
  == domain 1  score: 56.5 bits;  conditional E-value: 6e-17
               Gas_vesicle  1 sLaDlLDrvLdkGvVIaGditisvagieLltikLrlvlA 39
                              sLa+++Dr+LdkG+VI++  ++s++gie+lti++r+v+A
  nat_bd681cfbd78ed763b9df 11 SLAEVIDRILDKGIVIDAFARVSLVGIEILTIEARVVIA 49
                              8*************************************8 PP

>> nat_9caabe5dd41114f54d71  
   #    score  bias  c-Evalue  i-Evalue hmmfrom  hmm to    alifrom  ali to    envfrom  env to     acc
 ---   ------ ----- --------- --------- ------- -------    ------- -------    ------- -------    ----
   1 !   56.5   6.6   6.2e-17   1.1e-16       1      39 []      11      49 ..      11      49 .. 0.99

  Alignments for each domain:
  == domain 1  score: 56.5 bits;  conditional E-value: 6.2e-17
               Gas_vesicle  1 sLaDlLDrvLdkGvVIaGditisvagieLltikLrlvlA 39
                              sLa+++Dr+LdkG+V+++++++s++ ieLl i++r+v+A
  nat_9caabe5dd41114f54d71 11 SLAEVIDRILDKGIVVDAWVRVSLVRIELLAIEARVVVA 49
                              8*************************************8 PP

>> nat_9c9da073119bec6006bc  
   #    score  bias  c-Evalue  i-Evalue hmmfrom  hmm to    alifrom  ali to    envfrom  env to     acc
 ---   ------ ----- --------- --------- ------- -------    ------- -------    ------- -------    ----
   1 !   56.3   8.6   7.2e-17   1.3e-16       2      39 .]       8      45 ..       7      45 .. 0.98

  Alignments for each domain:
  == domain 1  score: 56.3 bits;  conditional E-value: 7.2e-17
               Gas_vesicle  2 LaDlLDrvLdkGvVIaGditisvagieLltikLrlvlA 39
                              L++++Dr+LdkGvV+++++++s++gieLl i++r+v+A
  nat_9c9da073119bec6006bc  8 LVEVIDRILDKGVVVDAWVRVSLVGIELLAIEARVVVA 45
                              9************************************8 PP

>> nat_699456ca14dc91b53082  
   #    score  bias  c-Evalue  i-Evalue hmmfrom  hmm to    alifrom  ali to    envfrom  env to     acc
 ---   ------ ----- --------- --------- ------- -------    ------- -------    ------- -------    ----
   1 !   56.1   6.3   8.6e-17   1.6e-16       1      39 []      10      48 ..      10      48 .. 0.99

  Alignments for each domain:
  == domain 1  score: 56.1 bits;  conditional E-value: 8.6e-17
               Gas_vesicle  1 sLaDlLDrvLdkGvVIaGditisvagieLltikLrlvlA 39
                              sL++++Dr+LdkG+V++++ ++s++gie+l+i++r+v+A
  nat_699456ca14dc91b53082 10 SLVEVIDRILDKGIVVDAWARVSLVGIEILSIEARVVIA 48
                              8*************************************8 PP

>> nat_9a9380d4b10b8ef49e08  
   #    score  bias  c-Evalue  i-Evalue hmmfrom  hmm to    alifrom  ali to    envfrom  env to     acc
 ---   ------ ----- --------- --------- ------- -------    ------- -------    ------- -------    ----
   1 !   56.0   5.7   9.2e-17   1.7e-16       1      39 []      11      49 ..      11      49 .. 0.99

  Alignments for each domain:
  == domain 1  score: 56.0 bits;  conditional E-value: 9.2e-17
               Gas_vesicle  1 sLaDlLDrvLdkGvVIaGditisvagieLltikLrlvlA 39
                              sLa+++Dr+LdkG+VI++  ++s++gie+lt+++r+v+A
  nat_9a9380d4b10b8ef49e08 11 SLAEVIDRILDKGIVIDAFARVSLVGIEILTVEARVVIA 49
                              8*************************************8 PP

>> nat_69fb8c8dffa72eb18b9b  
   #    score  bias  c-Evalue  i-Evalue hmmfrom  hmm to    alifrom  ali to    envfrom  env to     acc
 ---   ------ ----- --------- --------- ------- -------    ------- -------    ------- -------    ----
   1 !   55.9   5.7   9.4e-17   1.7e-16       1      39 []      11      49 ..      11      49 .. 0.99

  Alignments for each domain:
  == domain 1  score: 55.9 bits;  conditional E-value: 9.4e-17
               Gas_vesicle  1 sLaDlLDrvLdkGvVIaGditisvagieLltikLrlvlA 39
                              sLa+++Dr+LdkG+VI++  ++s++gie+lt+++r+v+A
  nat_69fb8c8dffa72eb18b9b 11 SLAEVIDRILDKGIVIDAFARVSLVGIEILTVEARVVIA 49
                              8*************************************8 PP

>> nat_68131976059d25a80b19  
   #    score  bias  c-Evalue  i-Evalue hmmfrom  hmm to    alifrom  ali to    envfrom  env to     acc
 ---   ------ ----- --------- --------- ------- -------    ------- -------    ------- -------    ----
   1 !   55.9   5.7   9.4e-17   1.7e-16       1      39 []      11      49 ..      11      49 .. 0.99

  Alignments for each domain:
  == domain 1  score: 55.9 bits;  conditional E-value: 9.4e-17
               Gas_vesicle  1 sLaDlLDrvLdkGvVIaGditisvagieLltikLrlvlA 39
                              sLa+++Dr+LdkG+VI++  ++s++gie+lt+++r+v+A
  nat_68131976059d25a80b19 11 SLAEVIDRILDKGIVIDAFARVSLVGIEILTVEARVVIA 49
                              8*************************************8 PP

>> nat_5e7091515d82b50cbd50  
   #    score  bias  c-Evalue  i-Evalue hmmfrom  hmm to    alifrom  ali to    envfrom  env to     acc
 ---   ------ ----- --------- --------- ------- -------    ------- -------    ------- -------    ----
   1 !   55.9   5.7   9.5e-17   1.7e-16       1      39 []      11      49 ..      11      49 .. 0.99

  Alignments for each domain:
  == domain 1  score: 55.9 bits;  conditional E-value: 9.5e-17
               Gas_vesicle  1 sLaDlLDrvLdkGvVIaGditisvagieLltikLrlvlA 39
                              sLa+++Dr+LdkG+VI++  ++sv+gie+lt+++r+v+A
  nat_5e7091515d82b50cbd50 11 SLAEVIDRILDKGIVIDAYARVSVVGIEILTVEARVVIA 49
                              8*************************************8 PP

>> nat_e7691975be520cbcfc17  
   #    score  bias  c-Evalue  i-Evalue hmmfrom  hmm to    alifrom  ali to    envfrom  env to     acc
 ---   ------ ----- --------- --------- ------- -------    ------- -------    ------- -------    ----
   1 !   55.7   9.4   1.1e-16   2.1e-16       1      38 [.      12      49 ..      12      50 .. 0.97

  Alignments for each domain:
  == domain 1  score: 55.7 bits;  conditional E-value: 1.1e-16
               Gas_vesicle  1 sLaDlLDrvLdkGvVIaGditisvagieLltikLrlvl 38
                              sL+D+LD vL+kGvV++Gditis+a+i+L++++Lr++l
  nat_e7691975be520cbcfc17 12 SLLDILDAVLEKGVVLRGDITISIADIDLVYLDLRILL 49
                              8***********************************98 PP

>> nat_a16c69ff4d6574406dee  
   #    score  bias  c-Evalue  i-Evalue hmmfrom  hmm to    alifrom  ali to    envfrom  env to     acc
 ---   ------ ----- --------- --------- ------- -------    ------- -------    ------- -------    ----
   1 !   55.8   5.7     1e-16   1.8e-16       1      39 []      11      49 ..      11      49 .. 0.99

  Alignments for each domain:
  == domain 1  score: 55.8 bits;  conditional E-value: 1e-16
               Gas_vesicle  1 sLaDlLDrvLdkGvVIaGditisvagieLltikLrlvlA 39
                              sLa+++Dr+LdkG+VI++  ++s++gie+lt+++r+v+A
  nat_a16c69ff4d6574406dee 11 SLAEVIDRILDKGIVIDAFARVSLVGIEILTVEARVVIA 49
                              8*************************************8 PP

>> nat_e0205c427b560fb5fab6  
   #    score  bias  c-Evalue  i-Evalue hmmfrom  hmm to    alifrom  ali to    envfrom  env to     acc
 ---   ------ ----- --------- --------- ------- -------    ------- -------    ------- -------    ----
   1 !   55.8   5.7     1e-16   1.8e-16       1      39 []      11      49 ..      11      49 .. 0.99

  Alignments for each domain:
  == domain 1  score: 55.8 bits;  conditional E-value: 1e-16
               Gas_vesicle  1 sLaDlLDrvLdkGvVIaGditisvagieLltikLrlvlA 39
                              sLa+++Dr+LdkG+VI++  ++s++gie+lt+++r+v+A
  nat_e0205c427b560fb5fab6 11 SLAEVIDRILDKGIVIDAFARVSLVGIEILTVEARVVIA 49
                              8*************************************8 PP

>> nat_5147dbb10fa927c0ad55  
   #    score  bias  c-Evalue  i-Evalue hmmfrom  hmm to    alifrom  ali to    envfrom  env to     acc
 ---   ------ ----- --------- --------- ------- -------    ------- -------    ------- -------    ----
   1 !   55.7  10.4   1.1e-16   2.1e-16       1      38 [.      21      58 ..      21      59 .. 0.97

  Alignments for each domain:
  == domain 1  score: 55.7 bits;  conditional E-value: 1.1e-16
               Gas_vesicle  1 sLaDlLDrvLdkGvVIaGditisvagieLltikLrlvl 38
                              +LaD+L+rvLdkGvVIaGdi++++ +ieLltikLrl++
  nat_5147dbb10fa927c0ad55 21 NLADILERVLDKGVVIAGDIRVNLLDIELLTIKLRLIV 58
                              69**********************************97 PP

>> nat_2ef2790cebd0bc14e528  
   #    score  bias  c-Evalue  i-Evalue hmmfrom  hmm to    alifrom  ali to    envfrom  env to     acc
 ---   ------ ----- --------- --------- ------- -------    ------- -------    ------- -------    ----
   1 !   55.7   7.6   1.1e-16     2e-16       1      39 []      10      48 ..      10      48 .. 0.99

  Alignments for each domain:
  == domain 1  score: 55.7 bits;  conditional E-value: 1.1e-16
               Gas_vesicle  1 sLaDlLDrvLdkGvVIaGditisvagieLltikLrlvlA 39
                              sLaD+LDr+LdkGvVI+ + +isv+gie+lti++r+v+A
  nat_2ef2790cebd0bc14e528 10 SLADVLDRILDKGVVIDIWARISVVGIEILTIEARVVVA 48
                              8*************************************8 PP

>> nat_7175c3595a1c9e0a8512  
   #    score  bias  c-Evalue  i-Evalue hmmfrom  hmm to    alifrom  ali to    envfrom  env to     acc
 ---   ------ ----- --------- --------- ------- -------    ------- -------    ------- -------    ----
   1 !   55.6   7.4   1.1e-16   2.1e-16       1      39 []      11      49 ..      11      49 .. 0.99

  Alignments for each domain:
  == domain 1  score: 55.6 bits;  conditional E-value: 1.1e-16
               Gas_vesicle  1 sLaDlLDrvLdkGvVIaGditisvagieLltikLrlvlA 39
                              sLa+++Dr+LdkG+VI+  +++s++gieL+ti++r+v+A
  nat_7175c3595a1c9e0a8512 11 SLAEVIDRILDKGIVIDLYVRVSLVGIELITIEARIVIA 49
                              8*************************************8 PP

>> nat_dc2b0da282a1a334132b  
   #    score  bias  c-Evalue  i-Evalue hmmfrom  hmm to    alifrom  ali to    envfrom  env to     acc
 ---   ------ ----- --------- --------- ------- -------    ------- -------    ------- -------    ----
   1 !   55.7   6.7   1.1e-16   2.1e-16       1      39 []      10      48 ..      10      48 .. 0.99

  Alignments for each domain:
  == domain 1  score: 55.7 bits;  conditional E-value: 1.1e-16
               Gas_vesicle  1 sLaDlLDrvLdkGvVIaGditisvagieLltikLrlvlA 39
                              sLa++LDr+LdkGvVI+ + ++sv+gie+lt+++r+v+A
  nat_dc2b0da282a1a334132b 10 SLAEVLDRILDKGVVIDVWARVSVVGIEILTVEARVVVA 48
                              8*************************************8 PP

>> nat_f09b5446213cc775d1f5  
   #    score  bias  c-Evalue  i-Evalue hmmfrom  hmm to    alifrom  ali to    envfrom  env to     acc
 ---   ------ ----- --------- --------- ------- -------    ------- -------    ------- -------    ----
   1 !   56.0  11.1   8.6e-17   1.6e-16       1      39 []      23      61 ..      23      61 .. 0.98

  Alignments for each domain:
  == domain 1  score: 56.0 bits;  conditional E-value: 8.6e-17
               Gas_vesicle  1 sLaDlLDrvLdkGvVIaGditisvagieLltikLrlvlA 39
                              +L+DlLDr+L+ GvVI+Gd+tis+a+++L++++Lr+++A
  nat_f09b5446213cc775d1f5 23 ALVDLLDRLLAGGVVITGDVTISIADVDLVRVSLRAIIA 61
                              69***********************************98 PP

>> nat_54d4cabb25e375c2e308  
   #    score  bias  c-Evalue  i-Evalue hmmfrom  hmm to    alifrom  ali to    envfrom  env to     acc
 ---   ------ ----- --------- --------- ------- -------    ------- -------    ------- -------    ----
   1 !   55.6   6.2   1.1e-16   2.1e-16       1      39 []      12      50 ..      12      50 .. 0.99

  Alignments for each domain:
  == domain 1  score: 55.6 bits;  conditional E-value: 1.1e-16
               Gas_vesicle  1 sLaDlLDrvLdkGvVIaGditisvagieLltikLrlvlA 39
                              sLa+++Dr+LdkGvVI+ + ++s++gieLlt+++r+v+A
  nat_54d4cabb25e375c2e308 12 SLAEVVDRILDKGVVIDLWAKVSLVGIELLTVEARVVIA 50
                              8*************************************8 PP

>> nat_a2f8b9e4088f449304d6  
   #    score  bias  c-Evalue  i-Evalue hmmfrom  hmm to    alifrom  ali to    envfrom  env to     acc
 ---   ------ ----- --------- --------- ------- -------    ------- -------    ------- -------    ----
   1 !   55.6   9.1   1.2e-16   2.2e-16       2      39 .]      18      55 ..      17      55 .. 0.97

  Alignments for each domain:
  == domain 1  score: 55.6 bits;  conditional E-value: 1.2e-16
               Gas_vesicle  2 LaDlLDrvLdkGvVIaGditisvagieLltikLrlvlA 39
                              L D+L+rvLd G+VIaGdi++s+ +ieLlt+kLrlv+A
  nat_a2f8b9e4088f449304d6 18 LGDILERVLDRGIVIAGDIRVSLLDIELLTLKLRLVIA 55
                              78***********************************8 PP

>> nat_81b50d473e8fbea0d753  
   #    score  bias  c-Evalue  i-Evalue hmmfrom  hmm to    alifrom  ali to    envfrom  env to     acc
 ---   ------ ----- --------- --------- ------- -------    ------- -------    ------- -------    ----
   1 !   55.5  10.3   1.3e-16   2.3e-16       1      39 []      22      60 ..      22      60 .. 0.98

  Alignments for each domain:
  == domain 1  score: 55.5 bits;  conditional E-value: 1.3e-16
               Gas_vesicle  1 sLaDlLDrvLdkGvVIaGditisvagieLltikLrlvlA 39
                              +L+DlLDr+L+ GvV+aGd+tis+ag++L++++Lr++++
  nat_81b50d473e8fbea0d753 22 ALVDLLDRLLAGGVVLAGDVTISLAGVDLVRVSLRAIIT 60
                              69***********************************97 PP

>> nat_2c92df9e3660ae4ae496  
   #    score  bias  c-Evalue  i-Evalue hmmfrom  hmm to    alifrom  ali to    envfrom  env to     acc
 ---   ------ ----- --------- --------- ------- -------    ------- -------    ------- -------    ----
   1 !   55.5   5.4   1.3e-16   2.3e-16       1      39 []      11      49 ..      11      49 .. 0.98

  Alignments for each domain:
  == domain 1  score: 55.5 bits;  conditional E-value: 1.3e-16
               Gas_vesicle  1 sLaDlLDrvLdkGvVIaGditisvagieLltikLrlvlA 39
                              sLa++LDr+LdkG+VI+ + +isv+gie+lti++r+v A
  nat_2c92df9e3660ae4ae496 11 SLAEVLDRILDKGIVIDVWARISVVGIEILTIEARVVAA 49
                              8***********************************976 PP

>> nat_457c7fa4e18854325440  
   #    score  bias  c-Evalue  i-Evalue hmmfrom  hmm to    alifrom  ali to    envfrom  env to     acc
 ---   ------ ----- --------- --------- ------- -------    ------- -------    ------- -------    ----
   1 !   55.5   5.4   1.3e-16   2.4e-16       1      39 []      11      49 ..      11      49 .. 0.98

  Alignments for each domain:
  == domain 1  score: 55.5 bits;  conditional E-value: 1.3e-16
               Gas_vesicle  1 sLaDlLDrvLdkGvVIaGditisvagieLltikLrlvlA 39
                              sLa++LDr+LdkG+VI+ + +isv+gie+lti++r+v A
  nat_457c7fa4e18854325440 11 SLAEVLDRILDKGIVIDVWARISVVGIEILTIEARVVAA 49
                              8***********************************976 PP

>> nat_023f578aefbf7c2af4b8  
   #    score  bias  c-Evalue  i-Evalue hmmfrom  hmm to    alifrom  ali to    envfrom  env to     acc
 ---   ------ ----- --------- --------- ------- -------    ------- -------    ------- -------    ----
   1 !   55.5   9.1   1.3e-16   2.4e-16       2      39 .]      26      63 ..      25      63 .. 0.97

  Alignments for each domain:
  == domain 1  score: 55.5 bits;  conditional E-value: 1.3e-16
               Gas_vesicle  2 LaDlLDrvLdkGvVIaGditisvagieLltikLrlvlA 39
                              L D+L+rvLd G+VIaGdi++s+ +ieLlt+kLrlv+A
  nat_023f578aefbf7c2af4b8 26 LGDILERVLDRGIVIAGDIRVSLLDIELLTLKLRLVIA 63
                              78***********************************8 PP

>> nat_797ed863bc757b701be8  
   #    score  bias  c-Evalue  i-Evalue hmmfrom  hmm to    alifrom  ali to    envfrom  env to     acc
 ---   ------ ----- --------- --------- ------- -------    ------- -------    ------- -------    ----
   1 !   55.5   9.1   1.3e-16   2.4e-16       2      39 .]      24      61 ..      23      61 .. 0.97

  Alignments for each domain:
  == domain 1  score: 55.5 bits;  conditional E-value: 1.3e-16
               Gas_vesicle  2 LaDlLDrvLdkGvVIaGditisvagieLltikLrlvlA 39
                              L D+L+rvLd G+VIaGdi++s+ +ieLlt+kLrlv+A
  nat_797ed863bc757b701be8 24 LGDILERVLDRGIVIAGDIRVSLLDIELLTLKLRLVIA 61
                              78***********************************8 PP

>> nat_a9c199790fa0593efba4  
   #    score  bias  c-Evalue  i-Evalue hmmfrom  hmm to    alifrom  ali to    envfrom  env to     acc
 ---   ------ ----- --------- --------- ------- -------    ------- -------    ------- -------    ----
   1 !   55.5   9.1   1.3e-16   2.4e-16       2      39 .]      26      63 ..      25      63 .. 0.97

  Alignments for each domain:
  == domain 1  score: 55.5 bits;  conditional E-value: 1.3e-16
               Gas_vesicle  2 LaDlLDrvLdkGvVIaGditisvagieLltikLrlvlA 39
                              L D+L+rvLd G+VIaGdi++s+ +ieLlt+kLrlv+A
  nat_a9c199790fa0593efba4 26 LGDILERVLDRGIVIAGDIRVSLLDIELLTLKLRLVIA 63
                              78***********************************8 PP

>> nat_12a24c2ab9a08baa2623  
   #    score  bias  c-Evalue  i-Evalue hmmfrom  hmm to    alifrom  ali to    envfrom  env to     acc
 ---   ------ ----- --------- --------- ------- -------    ------- -------    ------- -------    ----
   1 !   55.4  11.4   1.4e-16   2.5e-16       1      39 []      21      59 ..      21      59 .. 0.98

  Alignments for each domain:
  == domain 1  score: 55.4 bits;  conditional E-value: 1.4e-16
               Gas_vesicle  1 sLaDlLDrvLdkGvVIaGditisvagieLltikLrlvlA 39
                              +L+DlLDrvL++GvVI+Gdit+ +a+i+L++++Lr+++A
  nat_12a24c2ab9a08baa2623 21 ALVDLLDRVLATGVVITGDITLAIADIDLVRVSLRALIA 59
                              69************************************8 PP

>> nat_093a223e7cabfac47e76  
   #    score  bias  c-Evalue  i-Evalue hmmfrom  hmm to    alifrom  ali to    envfrom  env to     acc
 ---   ------ ----- --------- --------- ------- -------    ------- -------    ------- -------    ----
   1 !   55.0   6.5   1.8e-16   3.4e-16       1      39 []      11      49 ..      11      49 .. 0.99

  Alignments for each domain:
  == domain 1  score: 55.0 bits;  conditional E-value: 1.8e-16
               Gas_vesicle  1 sLaDlLDrvLdkGvVIaGditisvagieLltikLrlvlA 39
                              sLa+++Dr+LdkGvVI+   +is++gieL+ti++r+v+A
  nat_093a223e7cabfac47e76 11 SLAEVVDRILDKGVVIDLYARISLVGIELITIEARVVIA 49
                              8*************************************8 PP

>> nat_fa3dad0f82d10d14690c  
   #    score  bias  c-Evalue  i-Evalue hmmfrom  hmm to    alifrom  ali to    envfrom  env to     acc
 ---   ------ ----- --------- --------- ------- -------    ------- -------    ------- -------    ----
   1 !   55.0  10.3   1.8e-16   3.3e-16       1      39 []      11      49 ..      11      49 .. 0.97

  Alignments for each domain:
  == domain 1  score: 55.0 bits;  conditional E-value: 1.8e-16
               Gas_vesicle  1 sLaDlLDrvLdkGvVIaGditisvagieLltikLrlvlA 39
                              +L+DlLD++LdkGv I+Gdi+isvag++L++++Lr++++
  nat_fa3dad0f82d10d14690c 11 ALIDLLDVILDKGVAIKGDIIISVAGVDLVYLDLRVMIS 49
                              599*********************************995 PP

>> nat_e6374c75b60fa8279ed4  
   #    score  bias  c-Evalue  i-Evalue hmmfrom  hmm to    alifrom  ali to    envfrom  env to     acc
 ---   ------ ----- --------- --------- ------- -------    ------- -------    ------- -------    ----
   1 !   55.2  11.2   1.6e-16     3e-16       1      39 []      21      59 ..      21      59 .. 0.98

  Alignments for each domain:
  == domain 1  score: 55.2 bits;  conditional E-value: 1.6e-16
               Gas_vesicle  1 sLaDlLDrvLdkGvVIaGditisvagieLltikLrlvlA 39
                              +L+DlLDrvL++GvVI Gdit+ +a+i+L++i+Lr+++A
  nat_e6374c75b60fa8279ed4 21 ALVDLLDRVLATGVVISGDITLAIADIDLVRISLRALVA 59
                              69************************************8 PP

>> nat_365d3ed63bb6048abb9c  
   #    score  bias  c-Evalue  i-Evalue hmmfrom  hmm to    alifrom  ali to    envfrom  env to     acc
 ---   ------ ----- --------- --------- ------- -------    ------- -------    ------- -------    ----
   1 !   55.1   7.0   1.7e-16   3.1e-16       1      39 []       9      47 ..       9      47 .. 0.99

  Alignments for each domain:
  == domain 1  score: 55.1 bits;  conditional E-value: 1.7e-16
               Gas_vesicle  1 sLaDlLDrvLdkGvVIaGditisvagieLltikLrlvlA 39
                              sLa+++Dr+L kG+VI++ +++ ++gieLl i++r+v+A
  nat_365d3ed63bb6048abb9c  9 SLAEVVDRILTKGIVIDAFVRVALVGIELLAIEARVVIA 47
                              8*************************************8 PP

>> nat_941dc16f5af7d70127ae  
   #    score  bias  c-Evalue  i-Evalue hmmfrom  hmm to    alifrom  ali to    envfrom  env to     acc
 ---   ------ ----- --------- --------- ------- -------    ------- -------    ------- -------    ----
   1 !   55.0   7.7   1.9e-16   3.4e-16       1      39 []      10      48 ..      10      48 .. 0.99

  Alignments for each domain:
  == domain 1  score: 55.0 bits;  conditional E-value: 1.9e-16
               Gas_vesicle  1 sLaDlLDrvLdkGvVIaGditisvagieLltikLrlvlA 39
                              sLaD+LDr+LdkGvVI+ + +isv+gie+lt+++r+v+A
  nat_941dc16f5af7d70127ae 10 SLADVLDRILDKGVVIDIWARISVVGIEILTVEARVVVA 48
                              8*************************************8 PP

>> nat_d15f613fad1b42703ddc  
   #    score  bias  c-Evalue  i-Evalue hmmfrom  hmm to    alifrom  ali to    envfrom  env to     acc
 ---   ------ ----- --------- --------- ------- -------    ------- -------    ------- -------    ----
   1 !   55.0   7.7   1.9e-16   3.4e-16       1      39 []      10      48 ..      10      48 .. 0.99

  Alignments for each domain:
  == domain 1  score: 55.0 bits;  conditional E-value: 1.9e-16
               Gas_vesicle  1 sLaDlLDrvLdkGvVIaGditisvagieLltikLrlvlA 39
                              sLaD+LDr+LdkGvVI+ + +isv+gie+lt+++r+v+A
  nat_d15f613fad1b42703ddc 10 SLADVLDRILDKGVVIDIWARISVVGIEILTVEARVVVA 48
                              8*************************************8 PP

>> nat_29c35eaede0a8c75c309  
   #    score  bias  c-Evalue  i-Evalue hmmfrom  hmm to    alifrom  ali to    envfrom  env to     acc
 ---   ------ ----- --------- --------- ------- -------    ------- -------    ------- -------    ----
   1 !   55.0   7.8   1.9e-16   3.4e-16       1      39 []      11      49 ..      11      49 .. 0.99

  Alignments for each domain:
  == domain 1  score: 55.0 bits;  conditional E-value: 1.9e-16
               Gas_vesicle  1 sLaDlLDrvLdkGvVIaGditisvagieLltikLrlvlA 39
                              sLa+++Dr+LdkG+VI+ + +is++gi+L++i++r+v+A
  nat_29c35eaede0a8c75c309 11 SLAEVIDRILDKGIVIDLWARISLVGIDLIGIEARIVIA 49
                              8*************************************8 PP

>> nat_049b976820314d6d1bba  
   #    score  bias  c-Evalue  i-Evalue hmmfrom  hmm to    alifrom  ali to    envfrom  env to     acc
 ---   ------ ----- --------- --------- ------- -------    ------- -------    ------- -------    ----
   1 !   54.8   8.8   2.1e-16   3.8e-16       1      39 []      17      55 ..      17      55 .. 0.99

  Alignments for each domain:
  == domain 1  score: 54.8 bits;  conditional E-value: 2.1e-16
               Gas_vesicle  1 sLaDlLDrvLdkGvVIaGditisvagieLltikLrlvlA 39
                              sLaD++D +LdkG+VI++ +++s++gieL+ti++r+v+A
  nat_049b976820314d6d1bba 17 SLADVVDTILDKGLVIDAYVRVSLVGIELVTIDARVVVA 55
                              8*************************************8 PP

>> nat_d51344965969dceb6639  
   #    score  bias  c-Evalue  i-Evalue hmmfrom  hmm to    alifrom  ali to    envfrom  env to     acc
 ---   ------ ----- --------- --------- ------- -------    ------- -------    ------- -------    ----
   1 !   54.8   8.8   2.1e-16   3.8e-16       1      39 []      17      55 ..      17      55 .. 0.99

  Alignments for each domain:
  == domain 1  score: 54.8 bits;  conditional E-value: 2.1e-16
               Gas_vesicle  1 sLaDlLDrvLdkGvVIaGditisvagieLltikLrlvlA 39
                              sLaD++D +LdkG+VI++ +++s++gieL+ti++r+v+A
  nat_d51344965969dceb6639 17 SLADVVDTILDKGLVIDAYVRVSLVGIELVTIDARVVVA 55
                              8*************************************8 PP

>> nat_b080db9796742f656263  
   #    score  bias  c-Evalue  i-Evalue hmmfrom  hmm to    alifrom  ali to    envfrom  env to     acc
 ---   ------ ----- --------- --------- ------- -------    ------- -------    ------- -------    ----
   1 !   54.9   7.4   1.9e-16   3.5e-16       1      39 []      11      49 ..      11      49 .. 0.99

  Alignments for each domain:
  == domain 1  score: 54.9 bits;  conditional E-value: 1.9e-16
               Gas_vesicle  1 sLaDlLDrvLdkGvVIaGditisvagieLltikLrlvlA 39
                              sLaD++Dr+LdkG+VI+   +is++gieL+ti++r+v+A
  nat_b080db9796742f656263 11 SLADVIDRILDKGIVIDLYARISLVGIELITIEARVVIA 49
                              8*************************************8 PP

>> nat_4a871af101af640b6e2c  
   #    score  bias  c-Evalue  i-Evalue hmmfrom  hmm to    alifrom  ali to    envfrom  env to     acc
 ---   ------ ----- --------- --------- ------- -------    ------- -------    ------- -------    ----
   1 !   55.3   6.7   1.5e-16   2.7e-16       1      39 []      11      49 ..      11      49 .. 0.99

  Alignments for each domain:
  == domain 1  score: 55.3 bits;  conditional E-value: 1.5e-16
               Gas_vesicle  1 sLaDlLDrvLdkGvVIaGditisvagieLltikLrlvlA 39
                              sLa+++Dr+LdkGvVI+   ++s++gieL+ti++r+v+A
  nat_4a871af101af640b6e2c 11 SLAEVIDRILDKGVVIDVFARVSLVGIELITIEARVVIA 49
                              8*************************************8 PP

>> nat_cf3573d661974bcf4836  
   #    score  bias  c-Evalue  i-Evalue hmmfrom  hmm to    alifrom  ali to    envfrom  env to     acc
 ---   ------ ----- --------- --------- ------- -------    ------- -------    ------- -------    ----
   1 !   55.0   7.0   1.8e-16   3.4e-16       1      39 []       9      47 ..       9      47 .. 0.99

  Alignments for each domain:
  == domain 1  score: 55.0 bits;  conditional E-value: 1.8e-16
               Gas_vesicle  1 sLaDlLDrvLdkGvVIaGditisvagieLltikLrlvlA 39
                              sLa+++Dr+L kG+VI++ +++ ++gieLl i++r+v+A
  nat_cf3573d661974bcf4836  9 SLAEVVDRILTKGIVIDAFVRVALVGIELLAIEARVVIA 47
                              8*************************************8 PP

>> nat_77fc2ac9451a9bede3dd  
   #    score  bias  c-Evalue  i-Evalue hmmfrom  hmm to    alifrom  ali to    envfrom  env to     acc
 ---   ------ ----- --------- --------- ------- -------    ------- -------    ------- -------    ----
   1 !   54.8   6.4   2.1e-16   3.8e-16       1      39 []      11      49 ..      11      49 .. 0.99

  Alignments for each domain:
  == domain 1  score: 54.8 bits;  conditional E-value: 2.1e-16
               Gas_vesicle  1 sLaDlLDrvLdkGvVIaGditisvagieLltikLrlvlA 39
                              sLa+++Dr+LdkGvVI+   +is++gieL+ti++r+v+A
  nat_77fc2ac9451a9bede3dd 11 SLAEVIDRILDKGVVIDLYARISLVGIELITIEARVVIA 49
                              8*************************************8 PP

>> nat_3b8e26a87928dd1c1130  
   #    score  bias  c-Evalue  i-Evalue hmmfrom  hmm to    alifrom  ali to    envfrom  env to     acc
 ---   ------ ----- --------- --------- ------- -------    ------- -------    ------- -------    ----
   1 !   54.6   6.4   2.4e-16   4.3e-16       1      39 []      11      49 ..      11      49 .. 0.99

  Alignments for each domain:
  == domain 1  score: 54.6 bits;  conditional E-value: 2.4e-16
               Gas_vesicle  1 sLaDlLDrvLdkGvVIaGditisvagieLltikLrlvlA 39
                              sLa+++Dr+LdkG+VI+   +is++gieL+ti++r+v+A
  nat_3b8e26a87928dd1c1130 11 SLAEVIDRILDKGIVIDLYARISLVGIELITIEARVVIA 49
                              8*************************************8 PP

>> nat_98944d24da61fa63ee27  
   #    score  bias  c-Evalue  i-Evalue hmmfrom  hmm to    alifrom  ali to    envfrom  env to     acc
 ---   ------ ----- --------- --------- ------- -------    ------- -------    ------- -------    ----
   1 !   54.8   6.4   2.2e-16     4e-16       1      39 []      12      50 ..      12      50 .. 0.99

  Alignments for each domain:
  == domain 1  score: 54.8 bits;  conditional E-value: 2.2e-16
               Gas_vesicle  1 sLaDlLDrvLdkGvVIaGditisvagieLltikLrlvlA 39
                              sLa+++Dr+LdkG+VI+   +isv+gieL+ti++r+v+A
  nat_98944d24da61fa63ee27 12 SLAEVIDRILDKGIVIDLYARISVVGIELITIEARIVIA 50
                              8*************************************8 PP

>> nat_37f01da4a984c4443e1d  
   #    score  bias  c-Evalue  i-Evalue hmmfrom  hmm to    alifrom  ali to    envfrom  env to     acc
 ---   ------ ----- --------- --------- ------- -------    ------- -------    ------- -------    ----
   1 !   54.7   6.4   2.2e-16   4.1e-16       1      39 []      11      49 ..      11      49 .. 0.99

  Alignments for each domain:
  == domain 1  score: 54.7 bits;  conditional E-value: 2.2e-16
               Gas_vesicle  1 sLaDlLDrvLdkGvVIaGditisvagieLltikLrlvlA 39
                              sLa+++Dr+LdkG+VI+   +is++gieL+ti++r+v+A
  nat_37f01da4a984c4443e1d 11 SLAEVIDRILDKGIVIDLYARISLVGIELITIEARVVIA 49
                              8*************************************8 PP

>> nat_10a84e979762f3368517  
   #    score  bias  c-Evalue  i-Evalue hmmfrom  hmm to    alifrom  ali to    envfrom  env to     acc
 ---   ------ ----- --------- --------- ------- -------    ------- -------    ------- -------    ----
   1 !   54.7   6.4   2.2e-16   4.1e-16       1      39 []      11      49 ..      11      49 .. 0.99

  Alignments for each domain:
  == domain 1  score: 54.7 bits;  conditional E-value: 2.2e-16
               Gas_vesicle  1 sLaDlLDrvLdkGvVIaGditisvagieLltikLrlvlA 39
                              sLa+++Dr+LdkGvVI+   +is++gieL+ti++r+v+A
  nat_10a84e979762f3368517 11 SLAEVIDRILDKGVVIDLYARISLVGIELITIEARVVIA 49
                              8*************************************8 PP

>> nat_d6f7ae660d4103a77296  
   #    score  bias  c-Evalue  i-Evalue hmmfrom  hmm to    alifrom  ali to    envfrom  env to     acc
 ---   ------ ----- --------- --------- ------- -------    ------- -------    ------- -------    ----
   1 !   54.7   6.4   2.2e-16   4.1e-16       1      39 []      11      49 ..      11      49 .. 0.99

  Alignments for each domain:
  == domain 1  score: 54.7 bits;  conditional E-value: 2.2e-16
               Gas_vesicle  1 sLaDlLDrvLdkGvVIaGditisvagieLltikLrlvlA 39
                              sLa+++Dr+LdkG+VI+   +is++gieL+ti++r+v+A
  nat_d6f7ae660d4103a77296 11 SLAEVIDRILDKGIVIDLYARISLVGIELITIEARVVIA 49
                              8*************************************8 PP

>> nat_9adb2cc7f37ad19f8e0f  
   #    score  bias  c-Evalue  i-Evalue hmmfrom  hmm to    alifrom  ali to    envfrom  env to     acc
 ---   ------ ----- --------- --------- ------- -------    ------- -------    ------- -------    ----
   1 !   54.7   6.9   2.2e-16     4e-16       1      39 []       9      47 ..       9      47 .. 0.99

  Alignments for each domain:
  == domain 1  score: 54.7 bits;  conditional E-value: 2.2e-16
               Gas_vesicle  1 sLaDlLDrvLdkGvVIaGditisvagieLltikLrlvlA 39
                              sLa+++Dr+L+kG+VI+ ++++s++gieLl +++r+v+A
  nat_9adb2cc7f37ad19f8e0f  9 SLAEVVDRILEKGIVIDLWVRVSLVGIELLAVEARVVIA 47
                              8*************************************8 PP

>> nat_0a0b47ef48e73f6907dd  
   #    score  bias  c-Evalue  i-Evalue hmmfrom  hmm to    alifrom  ali to    envfrom  env to     acc
 ---   ------ ----- --------- --------- ------- -------    ------- -------    ------- -------    ----
   1 !   54.5   6.5   2.5e-16   4.7e-16       1      39 []      22      60 ..      22      60 .. 0.99

  Alignments for each domain:
  == domain 1  score: 54.5 bits;  conditional E-value: 2.5e-16
               Gas_vesicle  1 sLaDlLDrvLdkGvVIaGditisvagieLltikLrlvlA 39
                              sLaD+++++L+kG+VI++ +++s++gieL+ti++r+v+A
  nat_0a0b47ef48e73f6907dd 22 SLADVVEMILEKGIVIDAFVRVSLVGIELITIDARVVVA 60
                              8*************************************8 PP

>> nat_7587716da5d19872555a  
   #    score  bias  c-Evalue  i-Evalue hmmfrom  hmm to    alifrom  ali to    envfrom  env to     acc
 ---   ------ ----- --------- --------- ------- -------    ------- -------    ------- -------    ----
   1 !   54.5   7.4   2.7e-16   4.9e-16       1      39 []      11      49 ..      11      49 .. 0.99

  Alignments for each domain:
  == domain 1  score: 54.5 bits;  conditional E-value: 2.7e-16
               Gas_vesicle  1 sLaDlLDrvLdkGvVIaGditisvagieLltikLrlvlA 39
                              sLaD++Dr+LdkG+VI+   +is++gieL+ti++r+v+A
  nat_7587716da5d19872555a 11 SLADIIDRILDKGIVIDLYARISLVGIELITIEARVVIA 49
                              8*************************************8 PP

>> nat_69d3a359681679d56e0f  
   #    score  bias  c-Evalue  i-Evalue hmmfrom  hmm to    alifrom  ali to    envfrom  env to     acc
 ---   ------ ----- --------- --------- ------- -------    ------- -------    ------- -------    ----
   1 !   54.6  11.6   2.4e-16   4.5e-16       1      39 []      18      56 ..      18      56 .. 0.98

  Alignments for each domain:
  == domain 1  score: 54.6 bits;  conditional E-value: 2.4e-16
               Gas_vesicle  1 sLaDlLDrvLdkGvVIaGditisvagieLltikLrlvlA 39
                              +L+D+LDr+Ld+GvV++G i +s+ag++L++++Lr++lA
  nat_69d3a359681679d56e0f 18 ALVDVLDRLLDTGVVVDGQIVLSLAGVDLVHLGLRALLA 56
                              69***********************************98 PP

>> nat_286c7b97c4455a336f39  
   #    score  bias  c-Evalue  i-Evalue hmmfrom  hmm to    alifrom  ali to    envfrom  env to     acc
 ---   ------ ----- --------- --------- ------- -------    ------- -------    ------- -------    ----
   1 !   54.2   6.5   3.2e-16   5.8e-16       1      39 []      11      49 ..      11      49 .. 0.99

  Alignments for each domain:
  == domain 1  score: 54.2 bits;  conditional E-value: 3.2e-16
               Gas_vesicle  1 sLaDlLDrvLdkGvVIaGditisvagieLltikLrlvlA 39
                              sLa+++Dr+LdkGvVI+   ++s++gieL+ti++r+v+A
  nat_286c7b97c4455a336f39 11 SLAEVVDRILDKGVVIDLYARVSLVGIELITIEARVVIA 49
                              8*************************************8 PP

>> nat_86d5d5d3761caa2bee10  
   #    score  bias  c-Evalue  i-Evalue hmmfrom  hmm to    alifrom  ali to    envfrom  env to     acc
 ---   ------ ----- --------- --------- ------- -------    ------- -------    ------- -------    ----
   1 !   54.3   6.5   3.1e-16   5.7e-16       1      39 []      11      49 ..      11      49 .. 0.99

  Alignments for each domain:
  == domain 1  score: 54.3 bits;  conditional E-value: 3.1e-16
               Gas_vesicle  1 sLaDlLDrvLdkGvVIaGditisvagieLltikLrlvlA 39
                              sLa+++Dr+LdkGvVI+   ++s++gieL+ti++r+v+A
  nat_86d5d5d3761caa2bee10 11 SLAEVVDRILDKGVVIDLYARVSLVGIELITIEARVVIA 49
                              8*************************************8 PP

>> nat_3efb93524692f0b96dfa  
   #    score  bias  c-Evalue  i-Evalue hmmfrom  hmm to    alifrom  ali to    envfrom  env to     acc
 ---   ------ ----- --------- --------- ------- -------    ------- -------    ------- -------    ----
   1 !   54.2   6.7   3.2e-16   5.8e-16       1      39 []      12      50 ..      12      50 .. 0.99

  Alignments for each domain:
  == domain 1  score: 54.2 bits;  conditional E-value: 3.2e-16
               Gas_vesicle  1 sLaDlLDrvLdkGvVIaGditisvagieLltikLrlvlA 39
                              sLa+++Dr+LdkGvVI+   ++s++gieL+t+++r+v+A
  nat_3efb93524692f0b96dfa 12 SLAEVIDRILDKGVVIDVYARVSLVGIELITVEARVVIA 50
                              8*************************************8 PP

>> nat_fe819a15ad22899dad10  
   #    score  bias  c-Evalue  i-Evalue hmmfrom  hmm to    alifrom  ali to    envfrom  env to     acc
 ---   ------ ----- --------- --------- ------- -------    ------- -------    ------- -------    ----
   1 !   54.1   8.8   3.4e-16   6.2e-16       2      39 .]      23      60 ..      22      60 .. 0.97

  Alignments for each domain:
  == domain 1  score: 54.1 bits;  conditional E-value: 3.4e-16
               Gas_vesicle  2 LaDlLDrvLdkGvVIaGditisvagieLltikLrlvlA 39
                              L D+L+rvLdkG++IaGdi++++ +ieLltikLrlv+A
  nat_fe819a15ad22899dad10 23 LGDILERVLDKGLIIAGDIRVNLLDIELLTIKLRLVIA 60
                              78***********************************8 PP

>> nat_819a3c6792d744ecbd3d  
   #    score  bias  c-Evalue  i-Evalue hmmfrom  hmm to    alifrom  ali to    envfrom  env to     acc
 ---   ------ ----- --------- --------- ------- -------    ------- -------    ------- -------    ----
   1 !   54.2   7.5   3.2e-16   5.8e-16       1      39 []      10      48 ..      10      48 .. 0.99

  Alignments for each domain:
  == domain 1  score: 54.2 bits;  conditional E-value: 3.2e-16
               Gas_vesicle  1 sLaDlLDrvLdkGvVIaGditisvagieLltikLrlvlA 39
                              sL+++LDrvLdkG+VI+ + +isv+gie+lti++r+v+A
  nat_819a3c6792d744ecbd3d 10 SLVEVLDRVLDKGIVIDIWARISVVGIEILTIEARIVVA 48
                              8*************************************8 PP

>> nat_ea896810d6de49002a03  
   #    score  bias  c-Evalue  i-Evalue hmmfrom  hmm to    alifrom  ali to    envfrom  env to     acc
 ---   ------ ----- --------- --------- ------- -------    ------- -------    ------- -------    ----
   1 !   54.1   9.2   3.4e-16   6.2e-16       2      39 .]      15      52 ..      14      52 .. 0.97

  Alignments for each domain:
  == domain 1  score: 54.1 bits;  conditional E-value: 3.4e-16
               Gas_vesicle  2 LaDlLDrvLdkGvVIaGditisvagieLltikLrlvlA 39
                              L D+L+rvLd GvVIaGdi++++ +ieLltikLrl++A
  nat_ea896810d6de49002a03 15 LGDILERVLDRGVVIAGDIRVNLLDIELLTIKLRLLIA 52
                              78***********************************8 PP

>> nat_771e7534b299c23ea1f3  
   #    score  bias  c-Evalue  i-Evalue hmmfrom  hmm to    alifrom  ali to    envfrom  env to     acc
 ---   ------ ----- --------- --------- ------- -------    ------- -------    ------- -------    ----
   1 !   54.2   6.9   3.3e-16   6.1e-16       1      39 []       9      47 ..       9      47 .. 0.99

  Alignments for each domain:
  == domain 1  score: 54.2 bits;  conditional E-value: 3.3e-16
               Gas_vesicle  1 sLaDlLDrvLdkGvVIaGditisvagieLltikLrlvlA 39
                              sLa+++Dr+L+kG+VI++ +++ ++gieLl +++r+v+A
  nat_771e7534b299c23ea1f3  9 SLAEVVDRILEKGIVIDAFVRVALVGIELLALEARVVIA 47
                              8*************************************8 PP

>> nat_f62d186d9e38a7bef1c8  
   #    score  bias  c-Evalue  i-Evalue hmmfrom  hmm to    alifrom  ali to    envfrom  env to     acc
 ---   ------ ----- --------- --------- ------- -------    ------- -------    ------- -------    ----
   1 !   54.1   9.2   3.4e-16   6.2e-16       2      39 .]      16      53 ..      15      53 .. 0.97

  Alignments for each domain:
  == domain 1  score: 54.1 bits;  conditional E-value: 3.4e-16
               Gas_vesicle  2 LaDlLDrvLdkGvVIaGditisvagieLltikLrlvlA 39
                              L D+L+rvLd GvVIaGdi++++ +ieLltikLrl++A
  nat_f62d186d9e38a7bef1c8 16 LGDILERVLDRGVVIAGDIRVNLLDIELLTIKLRLLIA 53
                              78***********************************8 PP

>> nat_7d8900b1fc48c317aebb  
   #    score  bias  c-Evalue  i-Evalue hmmfrom  hmm to    alifrom  ali to    envfrom  env to     acc
 ---   ------ ----- --------- --------- ------- -------    ------- -------    ------- -------    ----
   1 !   54.1   6.7   3.5e-16   6.5e-16       1      39 []      12      50 ..      12      50 .. 0.99

  Alignments for each domain:
  == domain 1  score: 54.1 bits;  conditional E-value: 3.5e-16
               Gas_vesicle  1 sLaDlLDrvLdkGvVIaGditisvagieLltikLrlvlA 39
                              sLa+++Dr+LdkGvVI+   ++s++gieL+t+++r+v+A
  nat_7d8900b1fc48c317aebb 12 SLAEVIDRILDKGVVIDVYARVSLVGIELVTVEARVVIA 50
                              8*************************************8 PP

>> nat_31bb770684ff35b24094  
   #    score  bias  c-Evalue  i-Evalue hmmfrom  hmm to    alifrom  ali to    envfrom  env to     acc
 ---   ------ ----- --------- --------- ------- -------    ------- -------    ------- -------    ----
   1 !   54.1   6.7   3.5e-16   6.4e-16       1      39 []       9      47 ..       9      47 .. 0.99

  Alignments for each domain:
  == domain 1  score: 54.1 bits;  conditional E-value: 3.5e-16
               Gas_vesicle  1 sLaDlLDrvLdkGvVIaGditisvagieLltikLrlvlA 39
                              sLa+++Dr+L+kG+VI++ +++ ++gieLl i++r+v+A
  nat_31bb770684ff35b24094  9 SLAEVVDRILEKGIVIDAYVRLALVGIELLAIEARVVIA 47
                              8*************************************8 PP

>> nat_0e8669cb5fbefecf56bd  
   #    score  bias  c-Evalue  i-Evalue hmmfrom  hmm to    alifrom  ali to    envfrom  env to     acc
 ---   ------ ----- --------- --------- ------- -------    ------- -------    ------- -------    ----
   1 !   54.0   6.6   3.7e-16   6.7e-16       1      39 []      10      48 ..      10      48 .. 0.99

  Alignments for each domain:
  == domain 1  score: 54.0 bits;  conditional E-value: 3.7e-16
               Gas_vesicle  1 sLaDlLDrvLdkGvVIaGditisvagieLltikLrlvlA 39
                              sLa++LDr+LdkG+VI+ + ++sv+gie+lt+++r+v+A
  nat_0e8669cb5fbefecf56bd 10 SLAEVLDRILDKGIVIDIWARVSVVGIEILTVEARVVVA 48
                              8*************************************8 PP

>> nat_a7260a5a6927c219450b  
   #    score  bias  c-Evalue  i-Evalue hmmfrom  hmm to    alifrom  ali to    envfrom  env to     acc
 ---   ------ ----- --------- --------- ------- -------    ------- -------    ------- -------    ----
   1 !   53.9   5.8   3.9e-16   7.2e-16       1      38 [.      23      60 ..      23      61 .. 0.98

  Alignments for each domain:
  == domain 1  score: 53.9 bits;  conditional E-value: 3.9e-16
               Gas_vesicle  1 sLaDlLDrvLdkGvVIaGditisvagieLltikLrlvl 38
                              sL+D+++rvLdkG+VIaGdi +sv  +eLl+i++rl++
  nat_a7260a5a6927c219450b 23 SLVDVIERVLDKGIVIAGDISVSVGSTELLSIRIRLII 60
                              8***********************************99 PP

>> nat_a456b71634370e28c157  
   #    score  bias  c-Evalue  i-Evalue hmmfrom  hmm to    alifrom  ali to    envfrom  env to     acc
 ---   ------ ----- --------- --------- ------- -------    ------- -------    ------- -------    ----
   1 !   54.0   6.5   3.8e-16   6.9e-16       1      39 []      11      49 ..      11      49 .. 0.99

  Alignments for each domain:
  == domain 1  score: 54.0 bits;  conditional E-value: 3.8e-16
               Gas_vesicle  1 sLaDlLDrvLdkGvVIaGditisvagieLltikLrlvlA 39
                              sLa+++Dr+LdkGvVI+   ++s++gieL+ti++r+v+A
  nat_a456b71634370e28c157 11 SLAEVIDRILDKGVVIDLYARVSLVGIELITIEARVVIA 49
                              8*************************************8 PP

>> nat_f4e9c50251e64349c6bf  
   #    score  bias  c-Evalue  i-Evalue hmmfrom  hmm to    alifrom  ali to    envfrom  env to     acc
 ---   ------ ----- --------- --------- ------- -------    ------- -------    ------- -------    ----
   1 !   53.9  10.5     4e-16   7.3e-16       1      39 []      12      50 ..      12      50 .. 0.98

  Alignments for each domain:
  == domain 1  score: 53.9 bits;  conditional E-value: 4e-16
               Gas_vesicle  1 sLaDlLDrvLdkGvVIaGditisvagieLltikLrlvlA 39
                              +LaD+L+rvLd GvVI Gdi+i++ +ieLltikLrl++A
  nat_f4e9c50251e64349c6bf 12 NLADILERVLDRGVVIVGDIRINLLDIELLTIKLRLIVA 50
                              69***********************************98 PP

>> nat_515955f01bebed0b5963  
   #    score  bias  c-Evalue  i-Evalue hmmfrom  hmm to    alifrom  ali to    envfrom  env to     acc
 ---   ------ ----- --------- --------- ------- -------    ------- -------    ------- -------    ----
   1 !   53.8   9.2   4.2e-16   7.7e-16       2      39 .]      25      62 ..      24      62 .. 0.97

  Alignments for each domain:
  == domain 1  score: 53.8 bits;  conditional E-value: 4.2e-16
               Gas_vesicle  2 LaDlLDrvLdkGvVIaGditisvagieLltikLrlvlA 39
                              L D+L+rvLd GvVIaGdi++++ +ieLltikLrl++A
  nat_515955f01bebed0b5963 25 LGDILERVLDRGVVIAGDIRVNLLDIELLTIKLRLLIA 62
                              78***********************************8 PP

>> nat_c852c7981e77991797c2  
   #    score  bias  c-Evalue  i-Evalue hmmfrom  hmm to    alifrom  ali to    envfrom  env to     acc
 ---   ------ ----- --------- --------- ------- -------    ------- -------    ------- -------    ----
   1 !   53.8   9.9   4.3e-16   7.9e-16       1      39 []      15      53 ..      15      53 .. 0.97

  Alignments for each domain:
  == domain 1  score: 53.8 bits;  conditional E-value: 4.3e-16
               Gas_vesicle  1 sLaDlLDrvLdkGvVIaGditisvagieLltikLrlvlA 39
                              +L+DlLDrvL+ GvVI Gdi++ +a+++L++i+Lr++++
  nat_c852c7981e77991797c2 15 ALVDLLDRVLAGGVVISGDIKLAIADVDLVQISLRALIS 53
                              69***********************************95 PP

>> nat_c398ecaa7268076a0300  
   #    score  bias  c-Evalue  i-Evalue hmmfrom  hmm to    alifrom  ali to    envfrom  env to     acc
 ---   ------ ----- --------- --------- ------- -------    ------- -------    ------- -------    ----
   1 !   53.9   9.8     4e-16   7.4e-16       1      39 []      12      50 ..      12      50 .. 0.97

  Alignments for each domain:
  == domain 1  score: 53.9 bits;  conditional E-value: 4e-16
               Gas_vesicle  1 sLaDlLDrvLdkGvVIaGditisvagieLltikLrlvlA 39
                              +L+D+LD vL+kGvV++Gdi is+a+i+L++++Lr++l+
  nat_c398ecaa7268076a0300 12 ALLDVLDAVLEKGVVLKGDIMISIADIDLVYLDLRILLT 50
                              69***********************************97 PP

>> nat_4b81ad5ffa833d3eb412  
   #    score  bias  c-Evalue  i-Evalue hmmfrom  hmm to    alifrom  ali to    envfrom  env to     acc
 ---   ------ ----- --------- --------- ------- -------    ------- -------    ------- -------    ----
   1 !   53.8   6.5   4.3e-16   7.9e-16       1      39 []      12      50 ..      12      50 .. 0.99

  Alignments for each domain:
  == domain 1  score: 53.8 bits;  conditional E-value: 4.3e-16
               Gas_vesicle  1 sLaDlLDrvLdkGvVIaGditisvagieLltikLrlvlA 39
                              sLa+++Dr+LdkG+VI+   +isv+gieL+ti++r+v+A
  nat_4b81ad5ffa833d3eb412 12 SLAEVIDRILDKGIVIDIYARISVVGIELITIEARIVIA 50
                              8*************************************8 PP

>> nat_707da4af3acf7f03536c  
   #    score  bias  c-Evalue  i-Evalue hmmfrom  hmm to    alifrom  ali to    envfrom  env to     acc
 ---   ------ ----- --------- --------- ------- -------    ------- -------    ------- -------    ----
   1 !   53.7   6.6   4.7e-16   8.7e-16       1      39 []       9      47 ..       9      47 .. 0.99

  Alignments for each domain:
  == domain 1  score: 53.7 bits;  conditional E-value: 4.7e-16
               Gas_vesicle  1 sLaDlLDrvLdkGvVIaGditisvagieLltikLrlvlA 39
                              sLa++LDr+LdkG+VI+ + ++sv+gie+lt+++r+v+A
  nat_707da4af3acf7f03536c  9 SLAEVLDRILDKGIVIDIWARVSVVGIEILTVEARVVVA 47
                              8*************************************8 PP

>> nat_945a2e3fc0ecd9bbe1cd  
   #    score  bias  c-Evalue  i-Evalue hmmfrom  hmm to    alifrom  ali to    envfrom  env to     acc
 ---   ------ ----- --------- --------- ------- -------    ------- -------    ------- -------    ----
   1 !   53.7   9.1   4.8e-16   8.8e-16       2      39 .]      25      62 ..      24      62 .. 0.97

  Alignments for each domain:
  == domain 1  score: 53.7 bits;  conditional E-value: 4.8e-16
               Gas_vesicle  2 LaDlLDrvLdkGvVIaGditisvagieLltikLrlvlA 39
                              L D+L+rvLd G+VIaGdi++++ +ieLltikLrl++A
  nat_945a2e3fc0ecd9bbe1cd 25 LGDILERVLDRGIVIAGDIRVNLLDIELLTIKLRLLIA 62
                              78***********************************8 PP

>> nat_cabc629dd821e7c45393  
   #    score  bias  c-Evalue  i-Evalue hmmfrom  hmm to    alifrom  ali to    envfrom  env to     acc
 ---   ------ ----- --------- --------- ------- -------    ------- -------    ------- -------    ----
   1 !   53.6   6.5   4.9e-16     9e-16       1      39 []      22      60 ..      22      60 .. 0.98

  Alignments for each domain:
  == domain 1  score: 53.6 bits;  conditional E-value: 4.9e-16
               Gas_vesicle  1 sLaDlLDrvLdkGvVIaGditisvagieLltikLrlvlA 39
                              +LaD+++++L+kG+VI++ +++s++gieL+ti++r+v+A
  nat_cabc629dd821e7c45393 22 NLADVVEMILEKGIVIDAFVRVSLVGIELITIDARVVVA 60
                              69************************************8 PP

>> nat_fbe5bf19f8b5fcb8a504  
   #    score  bias  c-Evalue  i-Evalue hmmfrom  hmm to    alifrom  ali to    envfrom  env to     acc
 ---   ------ ----- --------- --------- ------- -------    ------- -------    ------- -------    ----
   1 !   53.6   6.6   4.8e-16   8.9e-16       1      39 []       9      47 ..       9      47 .. 0.99

  Alignments for each domain:
  == domain 1  score: 53.6 bits;  conditional E-value: 4.8e-16
               Gas_vesicle  1 sLaDlLDrvLdkGvVIaGditisvagieLltikLrlvlA 39
                              sLa++LDr+LdkG+VI+ + ++sv+gie+lt+++r+v+A
  nat_fbe5bf19f8b5fcb8a504  9 SLAEVLDRILDKGIVIDIWARVSVVGIEILTVEARVVVA 47
                              8*************************************8 PP

>> nat_c632ec39b31da8e567b8  
   #    score  bias  c-Evalue  i-Evalue hmmfrom  hmm to    alifrom  ali to    envfrom  env to     acc
 ---   ------ ----- --------- --------- ------- -------    ------- -------    ------- -------    ----
   1 !   53.6   9.1   4.9e-16     9e-16       2      39 .]      28      65 ..      27      65 .. 0.97

  Alignments for each domain:
  == domain 1  score: 53.6 bits;  conditional E-value: 4.9e-16
               Gas_vesicle  2 LaDlLDrvLdkGvVIaGditisvagieLltikLrlvlA 39
                              L D+L+rvLd G+VIaGdi++++ +ieLltikLrl++A
  nat_c632ec39b31da8e567b8 28 LGDILERVLDRGIVIAGDIRVNLLDIELLTIKLRLLIA 65
                              78***********************************8 PP

>> nat_2f7a03239bef14f78193  
   #    score  bias  c-Evalue  i-Evalue hmmfrom  hmm to    alifrom  ali to    envfrom  env to     acc
 ---   ------ ----- --------- --------- ------- -------    ------- -------    ------- -------    ----
   1 !   53.6   5.5   4.9e-16     9e-16       1      39 []       9      47 ..       9      47 .. 0.97

  Alignments for each domain:
  == domain 1  score: 53.6 bits;  conditional E-value: 4.9e-16
               Gas_vesicle  1 sLaDlLDrvLdkGvVIaGditisvagieLltikLrlvlA 39
                              sLa++LDr+LdkG+VI+ + ++sv+gie+lt+++r+v A
  nat_2f7a03239bef14f78193  9 SLAEVLDRILDKGIVIDVWARVSVVGIEILTVEARIVAA 47
                              8***********************************976 PP

>> nat_b9d316384ab02e663b33  
   #    score  bias  c-Evalue  i-Evalue hmmfrom  hmm to    alifrom  ali to    envfrom  env to     acc
 ---   ------ ----- --------- --------- ------- -------    ------- -------    ------- -------    ----
   1 !   53.5   6.6   5.2e-16   9.6e-16       1      39 []      11      49 ..      11      49 .. 0.99

  Alignments for each domain:
  == domain 1  score: 53.5 bits;  conditional E-value: 5.2e-16
               Gas_vesicle  1 sLaDlLDrvLdkGvVIaGditisvagieLltikLrlvlA 39
                              sLa+++Dr+LdkGvVI+   ++s++gieL+t+++r+v+A
  nat_b9d316384ab02e663b33 11 SLAEVVDRILDKGVVIDLYARVSLVGIELITVEARVVIA 49
                              8*************************************8 PP

>> nat_081e6fae1d79d93eb37e  
   #    score  bias  c-Evalue  i-Evalue hmmfrom  hmm to    alifrom  ali to    envfrom  env to     acc
 ---   ------ ----- --------- --------- ------- -------    ------- -------    ------- -------    ----
   1 !   53.4   6.6   5.8e-16   1.1e-15       1      39 []      12      50 ..      12      50 .. 0.99

  Alignments for each domain:
  == domain 1  score: 53.4 bits;  conditional E-value: 5.8e-16
               Gas_vesicle  1 sLaDlLDrvLdkGvVIaGditisvagieLltikLrlvlA 39
                              sLa+++Dr+LdkGvVI+   ++s++gieL+t+++r+v+A
  nat_081e6fae1d79d93eb37e 12 SLAEVVDRILDKGVVIDLYARVSLVGIELITVEARVVIA 50
                              8*************************************8 PP

>> nat_b258e8dfa1451eaa6d09  
   #    score  bias  c-Evalue  i-Evalue hmmfrom  hmm to    alifrom  ali to    envfrom  env to     acc
 ---   ------ ----- --------- --------- ------- -------    ------- -------    ------- -------    ----
   1 !   53.5   6.3   5.3e-16   9.6e-16       1      39 []      12      50 ..      12      50 .. 0.99

  Alignments for each domain:
  == domain 1  score: 53.5 bits;  conditional E-value: 5.3e-16
               Gas_vesicle  1 sLaDlLDrvLdkGvVIaGditisvagieLltikLrlvlA 39
                              sLa+++Dr+LdkG+VI+   ++sv+gieL+t+++r+v+A
  nat_b258e8dfa1451eaa6d09 12 SLAEVIDRILDKGIVIDLYAKVSVVGIELITVEARVVIA 50
                              8*************************************8 PP

>> nat_b06966010b381d82d4cd  
   #    score  bias  c-Evalue  i-Evalue hmmfrom  hmm to    alifrom  ali to    envfrom  env to     acc
 ---   ------ ----- --------- --------- ------- -------    ------- -------    ------- -------    ----
   1 !   53.5   3.9   5.4e-16   9.9e-16       1      39 []      12      50 ..      12      50 .. 0.98

  Alignments for each domain:
  == domain 1  score: 53.5 bits;  conditional E-value: 5.4e-16
               Gas_vesicle  1 sLaDlLDrvLdkGvVIaGditisvagieLltikLrlvlA 39
                              +LaD+++++LdkGvVI++di +sv ++eLl i++r+++A
  nat_b06966010b381d82d4cd 12 NLADMVEMLLDKGVVINADIAVSVGDTELLDIRIRAAIA 50
                              69************************************8 PP

>> nat_a7ccf9f8dd2634fb8865  
   #    score  bias  c-Evalue  i-Evalue hmmfrom  hmm to    alifrom  ali to    envfrom  env to     acc
 ---   ------ ----- --------- --------- ------- -------    ------- -------    ------- -------    ----
   1 !   53.4   7.5   5.6e-16     1e-15       1      39 []      10      48 ..      10      48 .. 0.99

  Alignments for each domain:
  == domain 1  score: 53.4 bits;  conditional E-value: 5.6e-16
               Gas_vesicle  1 sLaDlLDrvLdkGvVIaGditisvagieLltikLrlvlA 39
                              sL+++LDrvLdkG+VI+ + ++sv+gie+lti++r+v+A
  nat_a7ccf9f8dd2634fb8865 10 SLVEVLDRVLDKGIVIDIWARVSVVGIEILTIEARIVVA 48
                              8*************************************8 PP

>> nat_fb5b09ad142f93c1de5f  
   #    score  bias  c-Evalue  i-Evalue hmmfrom  hmm to    alifrom  ali to    envfrom  env to     acc
 ---   ------ ----- --------- --------- ------- -------    ------- -------    ------- -------    ----
   1 !   53.3   6.4     6e-16   1.1e-15       1      39 []      11      49 ..      11      49 .. 0.99

  Alignments for each domain:
  == domain 1  score: 53.3 bits;  conditional E-value: 6e-16
               Gas_vesicle  1 sLaDlLDrvLdkGvVIaGditisvagieLltikLrlvlA 39
                              sLa+++Dr+LdkG+VI+   +is++gieL+ti++r+v+A
  nat_fb5b09ad142f93c1de5f 11 SLAEVIDRILDKGIVIDIYARISLVGIELITIEARIVIA 49
                              8*************************************8 PP

>> nat_26dcc139685992f211f4  
   #    score  bias  c-Evalue  i-Evalue hmmfrom  hmm to    alifrom  ali to    envfrom  env to     acc
 ---   ------ ----- --------- --------- ------- -------    ------- -------    ------- -------    ----
   1 !   53.4   6.5   5.7e-16   1.1e-15       1      39 []      10      48 ..      10      48 .. 0.98

  Alignments for each domain:
  == domain 1  score: 53.4 bits;  conditional E-value: 5.7e-16
               Gas_vesicle  1 sLaDlLDrvLdkGvVIaGditisvagieLltikLrlvlA 39
                              sLaD+LDr+LdkG+VI+ + +isv+gie+lt+++r+v A
  nat_26dcc139685992f211f4 10 SLADVLDRILDKGIVIDIWARISVVGIEILTVEARVVAA 48
                              8***********************************976 PP

>> nat_b09acb4d26a9cf98efc4  
   #    score  bias  c-Evalue  i-Evalue hmmfrom  hmm to    alifrom  ali to    envfrom  env to     acc
 ---   ------ ----- --------- --------- ------- -------    ------- -------    ------- -------    ----
   1 !   53.4   5.4   5.7e-16     1e-15       2      38 ..       8      44 ..       7      45 .. 0.97

  Alignments for each domain:
  == domain 1  score: 53.4 bits;  conditional E-value: 5.7e-16
               Gas_vesicle  2 LaDlLDrvLdkGvVIaGditisvagieLltikLrlvl 38
                              La+ +DrvL+kG+V++Gd+++svag++Ll+++Lr++l
  nat_b09acb4d26a9cf98efc4  8 LAEAIDRVLHKGAVVRGDLIVSVAGVDLLYLDLRVIL 44
                              89*********************************98 PP

>> nat_a6b016934d3ca7e70b85  
   #    score  bias  c-Evalue  i-Evalue hmmfrom  hmm to    alifrom  ali to    envfrom  env to     acc
 ---   ------ ----- --------- --------- ------- -------    ------- -------    ------- -------    ----
   1 !   53.3   8.7   6.2e-16   1.1e-15       2      39 .]      14      51 ..      13      51 .. 0.97

  Alignments for each domain:
  == domain 1  score: 53.3 bits;  conditional E-value: 6.2e-16
               Gas_vesicle  2 LaDlLDrvLdkGvVIaGditisvagieLltikLrlvlA 39
                              L D+L+rvLd GvVIaGdi++++ +ieLltikLrl++A
  nat_a6b016934d3ca7e70b85 14 LGDILERVLDRGVVIAGDIQVNLLDIELLTIKLRLLIA 51
                              78***********************************8 PP

>> nat_72e84071ee76b40912a9  
   #    score  bias  c-Evalue  i-Evalue hmmfrom  hmm to    alifrom  ali to    envfrom  env to     acc
 ---   ------ ----- --------- --------- ------- -------    ------- -------    ------- -------    ----
   1 !   53.3   9.7   6.3e-16   1.2e-15       1      38 [.      22      59 ..      22      59 .. 0.99

  Alignments for each domain:
  == domain 1  score: 53.3 bits;  conditional E-value: 6.3e-16
               Gas_vesicle  1 sLaDlLDrvLdkGvVIaGditisvagieLltikLrlvl 38
                              sL+DlLDr+L+ G+V++Gd+ +s+a+++L++++Lr+v+
  nat_72e84071ee76b40912a9 22 SLIDLLDRLLNGGAVLTGDVVLSIADVDLVHVNLRAVI 59
                              8************************************8 PP

>> nat_68c548b00ffecaf3e71e  
   #    score  bias  c-Evalue  i-Evalue hmmfrom  hmm to    alifrom  ali to    envfrom  env to     acc
 ---   ------ ----- --------- --------- ------- -------    ------- -------    ------- -------    ----
   1 !   53.3   6.5   6.2e-16   1.1e-15       1      39 []      11      49 ..      11      49 .. 0.99

  Alignments for each domain:
  == domain 1  score: 53.3 bits;  conditional E-value: 6.2e-16
               Gas_vesicle  1 sLaDlLDrvLdkGvVIaGditisvagieLltikLrlvlA 39
                              sLa+++Dr+LdkGvVI+   ++s++gieL+t+++r+v+A
  nat_68c548b00ffecaf3e71e 11 SLAEVIDRILDKGVVIDLYARVSLVGIELITVEARVVIA 49
                              8*************************************8 PP

>> nat_034d9111e895aa2cb4fa  
   #    score  bias  c-Evalue  i-Evalue hmmfrom  hmm to    alifrom  ali to    envfrom  env to     acc
 ---   ------ ----- --------- --------- ------- -------    ------- -------    ------- -------    ----
   1 !   53.2   6.5   6.5e-16   1.2e-15       1      39 []       9      47 ..       9      47 .. 0.99

  Alignments for each domain:
  == domain 1  score: 53.2 bits;  conditional E-value: 6.5e-16
               Gas_vesicle  1 sLaDlLDrvLdkGvVIaGditisvagieLltikLrlvlA 39
                              sLa++LDr+LdkG+VI+ + ++sv+gie+lt+++r+v+A
  nat_034d9111e895aa2cb4fa  9 SLAEVLDRILDKGIVIDIWARVSVVGIEILTVEARIVVA 47
                              8*************************************8 PP

>> nat_4b9192128c23c5a5ae9c  
   #    score  bias  c-Evalue  i-Evalue hmmfrom  hmm to    alifrom  ali to    envfrom  env to     acc
 ---   ------ ----- --------- --------- ------- -------    ------- -------    ------- -------    ----
   1 !   53.2   5.4   6.5e-16   1.2e-15       1      39 []      22      60 ..      22      60 .. 0.98

  Alignments for each domain:
  == domain 1  score: 53.2 bits;  conditional E-value: 6.5e-16
               Gas_vesicle  1 sLaDlLDrvLdkGvVIaGditisvagieLltikLrlvlA 39
                              +LaD+LDrvLdkG+VI+++ t+s+ gie+l++k+++v+A
  nat_4b9192128c23c5a5ae9c 22 TLADILDRVLDKGIVIEAWATVSLLGIEILGVKAQVVVA 60
                              79************************************8 PP

>> nat_36a56467f4a25638e5d8  
   #    score  bias  c-Evalue  i-Evalue hmmfrom  hmm to    alifrom  ali to    envfrom  env to     acc
 ---   ------ ----- --------- --------- ------- -------    ------- -------    ------- -------    ----
   1 !   53.3   6.5   6.3e-16   1.1e-15       1      39 []       9      47 ..       9      47 .. 0.99

  Alignments for each domain:
  == domain 1  score: 53.3 bits;  conditional E-value: 6.3e-16
               Gas_vesicle  1 sLaDlLDrvLdkGvVIaGditisvagieLltikLrlvlA 39
                              sLa++LDr+LdkG+VI+ + ++sv+gie+lt+++r+v+A
  nat_36a56467f4a25638e5d8  9 SLAEVLDRILDKGIVIDIWARVSVVGIEILTVEARIVVA 47
                              8*************************************8 PP

>> nat_de4c1cf697d48510a550  
   #    score  bias  c-Evalue  i-Evalue hmmfrom  hmm to    alifrom  ali to    envfrom  env to     acc
 ---   ------ ----- --------- --------- ------- -------    ------- -------    ------- -------    ----
   1 !   53.3   6.5   6.4e-16   1.2e-15       1      39 []      11      49 ..      11      49 .. 0.99

  Alignments for each domain:
  == domain 1  score: 53.3 bits;  conditional E-value: 6.4e-16
               Gas_vesicle  1 sLaDlLDrvLdkGvVIaGditisvagieLltikLrlvlA 39
                              sLa+++Dr+LdkGvVI+   ++s++gieL+t+++r+v+A
  nat_de4c1cf697d48510a550 11 SLAEVIDRILDKGVVIDLYARVSLVGIELITVEARVVIA 49
                              8*************************************8 PP

>> nat_366f2df371810fefd4a4  
   #    score  bias  c-Evalue  i-Evalue hmmfrom  hmm to    alifrom  ali to    envfrom  env to     acc
 ---   ------ ----- --------- --------- ------- -------    ------- -------    ------- -------    ----
   1 !   53.2   6.5   6.5e-16   1.2e-15       1      39 []       9      47 ..       9      47 .. 0.99

  Alignments for each domain:
  == domain 1  score: 53.2 bits;  conditional E-value: 6.5e-16
               Gas_vesicle  1 sLaDlLDrvLdkGvVIaGditisvagieLltikLrlvlA 39
                              sLa++LDr+LdkG+VI+ + ++sv+gie+lt+++r+v+A
  nat_366f2df371810fefd4a4  9 SLAEVLDRILDKGIVIDIWARVSVVGIEILTVEARIVVA 47
                              8*************************************8 PP

>> nat_c7c2a6d15e1ef7e082fb  
   #    score  bias  c-Evalue  i-Evalue hmmfrom  hmm to    alifrom  ali to    envfrom  env to     acc
 ---   ------ ----- --------- --------- ------- -------    ------- -------    ------- -------    ----
   1 !   53.1   6.1   7.1e-16   1.3e-15       1      39 []      12      50 ..      12      50 .. 0.99

  Alignments for each domain:
  == domain 1  score: 53.1 bits;  conditional E-value: 7.1e-16
               Gas_vesicle  1 sLaDlLDrvLdkGvVIaGditisvagieLltikLrlvlA 39
                              sLa+++Dr+LdkG+VI+   +is++gieL+ti++r+v+A
  nat_c7c2a6d15e1ef7e082fb 12 SLAEVIDRILDKGIVIDIYAKISLVGIELITIEARIVIA 50
                              8*************************************8 PP

>> nat_6101e6d94bc83fd7e764  
   #    score  bias  c-Evalue  i-Evalue hmmfrom  hmm to    alifrom  ali to    envfrom  env to     acc
 ---   ------ ----- --------- --------- ------- -------    ------- -------    ------- -------    ----
   1 !   53.1   8.7     7e-16   1.3e-15       2      39 .]      13      50 ..      12      50 .. 0.97

  Alignments for each domain:
  == domain 1  score: 53.1 bits;  conditional E-value: 7e-16
               Gas_vesicle  2 LaDlLDrvLdkGvVIaGditisvagieLltikLrlvlA 39
                              L D+L+rvLd GvVIaGdi++++ +ieLltikLrl++A
  nat_6101e6d94bc83fd7e764 13 LGDILERVLDRGVVIAGDIQVNLLDIELLTIKLRLLIA 50
                              78***********************************8 PP

>> nat_7ed38185a938590ae0f5  
   #    score  bias  c-Evalue  i-Evalue hmmfrom  hmm to    alifrom  ali to    envfrom  env to     acc
 ---   ------ ----- --------- --------- ------- -------    ------- -------    ------- -------    ----
   1 !   53.1   9.2   7.3e-16   1.3e-15       2      39 .]      26      63 ..      25      63 .. 0.97

  Alignments for each domain:
  == domain 1  score: 53.1 bits;  conditional E-value: 7.3e-16
               Gas_vesicle  2 LaDlLDrvLdkGvVIaGditisvagieLltikLrlvlA 39
                              L D+L+rvLd GvVIaGdi++++ +ieLlt+kLrl++A
  nat_7ed38185a938590ae0f5 26 LGDILERVLDRGVVIAGDIRVNLLDIELLTVKLRLLIA 63
                              78***********************************8 PP

>> nat_e38f9994094842734a96  
   #    score  bias  c-Evalue  i-Evalue hmmfrom  hmm to    alifrom  ali to    envfrom  env to     acc
 ---   ------ ----- --------- --------- ------- -------    ------- -------    ------- -------    ----
   1 !   53.1   6.5   6.9e-16   1.3e-15       1      39 []      10      48 ..      10      48 .. 0.99

  Alignments for each domain:
  == domain 1  score: 53.1 bits;  conditional E-value: 6.9e-16
               Gas_vesicle  1 sLaDlLDrvLdkGvVIaGditisvagieLltikLrlvlA 39
                              sLa++LDr+LdkG+VI+ + ++sv+gie lti++r+v+A
  nat_e38f9994094842734a96 10 SLAEVLDRILDKGIVIDIWARVSVVGIEVLTIEARIVVA 48
                              8*************************************8 PP

>> nat_5a0a9494221c4659412c  
   #    score  bias  c-Evalue  i-Evalue hmmfrom  hmm to    alifrom  ali to    envfrom  env to     acc
 ---   ------ ----- --------- --------- ------- -------    ------- -------    ------- -------    ----
   1 !   53.2   9.9   6.8e-16   1.2e-15       1      39 []      15      53 ..      15      53 .. 0.97

  Alignments for each domain:
  == domain 1  score: 53.2 bits;  conditional E-value: 6.8e-16
               Gas_vesicle  1 sLaDlLDrvLdkGvVIaGditisvagieLltikLrlvlA 39
                              +L+DlLDrvL+ GvVI Gdi++ +a+++L++++Lr++++
  nat_5a0a9494221c4659412c 15 ALVDLLDRVLAGGVVISGDIKLAIADVDLVQVSLRALIS 53
                              69***********************************95 PP

>> nat_ff060c3a559a6f4f65d0  
   #    score  bias  c-Evalue  i-Evalue hmmfrom  hmm to    alifrom  ali to    envfrom  env to     acc
 ---   ------ ----- --------- --------- ------- -------    ------- -------    ------- -------    ----
   1 !   53.1  10.5   7.2e-16   1.3e-15       1      39 []      13      51 ..      13      51 .. 0.98

  Alignments for each domain:
  == domain 1  score: 53.1 bits;  conditional E-value: 7.2e-16
               Gas_vesicle  1 sLaDlLDrvLdkGvVIaGditisvagieLltikLrlvlA 39
                              +LaD+L+rvLd GvVI Gdi++++ +ieLltikLrl++A
  nat_ff060c3a559a6f4f65d0 13 NLADILERVLDRGVVIVGDIRVNLLDIELLTIKLRLIVA 51
                              69***********************************98 PP

>> nat_00b8d6bdf51c5322f38c  
   #    score  bias  c-Evalue  i-Evalue hmmfrom  hmm to    alifrom  ali to    envfrom  env to     acc
 ---   ------ ----- --------- --------- ------- -------    ------- -------    ------- -------    ----
   1 !   53.1   6.5   7.3e-16   1.3e-15       1      39 []      12      50 ..      12      50 .. 0.99

  Alignments for each domain:
  == domain 1  score: 53.1 bits;  conditional E-value: 7.3e-16
               Gas_vesicle  1 sLaDlLDrvLdkGvVIaGditisvagieLltikLrlvlA 39
                              sLa+++Dr+LdkG+VI+   ++s++gieL+t+++r+v+A
  nat_00b8d6bdf51c5322f38c 12 SLAEVIDRILDKGIVIDLYARVSLVGIELITVEARVVIA 50
                              8*************************************8 PP

>> nat_b65869cada68668b58e1  
   #    score  bias  c-Evalue  i-Evalue hmmfrom  hmm to    alifrom  ali to    envfrom  env to     acc
 ---   ------ ----- --------- --------- ------- -------    ------- -------    ------- -------    ----
   1 !   53.1   6.5   7.3e-16   1.3e-15       1      39 []      12      50 ..      12      50 .. 0.99

  Alignments for each domain:
  == domain 1  score: 53.1 bits;  conditional E-value: 7.3e-16
               Gas_vesicle  1 sLaDlLDrvLdkGvVIaGditisvagieLltikLrlvlA 39
                              sLa+++Dr+LdkG+VI+   ++s++gieL+t+++r+v+A
  nat_b65869cada68668b58e1 12 SLAEVIDRILDKGIVIDLYARVSLVGIELITVEARVVIA 50
                              8*************************************8 PP

>> nat_8bb7f995156f78926ae7  
   #    score  bias  c-Evalue  i-Evalue hmmfrom  hmm to    alifrom  ali to    envfrom  env to     acc
 ---   ------ ----- --------- --------- ------- -------    ------- -------    ------- -------    ----
   1 !   53.1   6.5   7.3e-16   1.3e-15       1      39 []      12      50 ..      12      50 .. 0.99

  Alignments for each domain:
  == domain 1  score: 53.1 bits;  conditional E-value: 7.3e-16
               Gas_vesicle  1 sLaDlLDrvLdkGvVIaGditisvagieLltikLrlvlA 39
                              sLa+++Dr+LdkG+VI+   ++s++gieL+t+++r+v+A
  nat_8bb7f995156f78926ae7 12 SLAEVIDRILDKGIVIDLYARVSLVGIELITVEARVVIA 50
                              8*************************************8 PP

>> nat_755d6d89017e90d5fadf  
   #    score  bias  c-Evalue  i-Evalue hmmfrom  hmm to    alifrom  ali to    envfrom  env to     acc
 ---   ------ ----- --------- --------- ------- -------    ------- -------    ------- -------    ----
   1 !   52.9   7.7     8e-16   1.5e-15       1      39 []      11      49 ..      11      49 .. 0.99

  Alignments for each domain:
  == domain 1  score: 52.9 bits;  conditional E-value: 8e-16
               Gas_vesicle  1 sLaDlLDrvLdkGvVIaGditisvagieLltikLrlvlA 39
                              sLa+++Dr+LdkG+VI++  ++ ++gieLl++++r+v+A
  nat_755d6d89017e90d5fadf 11 SLAEVVDRILDKGIVIDAYAIVALVGIELLSVEARVVIA 49
                              8*************************************8 PP

>> nat_9a40b0d38d561f5c4a77  
   #    score  bias  c-Evalue  i-Evalue hmmfrom  hmm to    alifrom  ali to    envfrom  env to     acc
 ---   ------ ----- --------- --------- ------- -------    ------- -------    ------- -------    ----
   1 !   53.0   5.3   7.8e-16   1.4e-15       2      39 .]      13      50 ..      12      50 .. 0.98

  Alignments for each domain:
  == domain 1  score: 53.0 bits;  conditional E-value: 7.8e-16
               Gas_vesicle  2 LaDlLDrvLdkGvVIaGditisvagieLltikLrlvlA 39
                              La+lL+ +LdkGvVI++di ++v ++eLl+ikLr++lA
  nat_9a40b0d38d561f5c4a77 13 LAELLETLLDKGVVINADIAVTVGDTELLGIKLRAALA 50
                              8***********************************98 PP

>> nat_cd1929fe49d2fd7e73a2  
   #    score  bias  c-Evalue  i-Evalue hmmfrom  hmm to    alifrom  ali to    envfrom  env to     acc
 ---   ------ ----- --------- --------- ------- -------    ------- -------    ------- -------    ----
   1 !   52.0   6.6   1.6e-15   2.9e-15       2      39 .]      22      59 ..      21      59 .. 0.98

  Alignments for each domain:
  == domain 1  score: 52.0 bits;  conditional E-value: 1.6e-15
               Gas_vesicle  2 LaDlLDrvLdkGvVIaGditisvagieLltikLrlvlA 39
                              LaD+++ vLdkGvVI++ + ++v+gi+L++i++r+v+A
  nat_cd1929fe49d2fd7e73a2 22 LADVVETVLDKGVVIDAQVSVGVVGIPLVQINARVVVA 59
                              9************************************8 PP

>> nat_68089f3136e08c8655d5  
   #    score  bias  c-Evalue  i-Evalue hmmfrom  hmm to    alifrom  ali to    envfrom  env to     acc
 ---   ------ ----- --------- --------- ------- -------    ------- -------    ------- -------    ----
   1 !   52.6   9.4   1.1e-15   1.9e-15       1      38 [.      11      48 ..      11      49 .. 0.97

  Alignments for each domain:
  == domain 1  score: 52.6 bits;  conditional E-value: 1.1e-15
               Gas_vesicle  1 sLaDlLDrvLdkGvVIaGditisvagieLltikLrlvl 38
                              +L+DlLDrvL +GvV+aGd+ti +a+++L++++Lr+++
  nat_68089f3136e08c8655d5 11 ALVDLLDRVLTTGVVVAGDVTIAIAEVDLVRVSLRALV 48
                              69**********************************99 PP

>> nat_ab2292bf5276ca31007d  
   #    score  bias  c-Evalue  i-Evalue hmmfrom  hmm to    alifrom  ali to    envfrom  env to     acc
 ---   ------ ----- --------- --------- ------- -------    ------- -------    ------- -------    ----
   1 !   52.6   6.5   1.1e-15   1.9e-15       1      39 []       9      47 ..       9      47 .. 0.99

  Alignments for each domain:
  == domain 1  score: 52.6 bits;  conditional E-value: 1.1e-15
               Gas_vesicle  1 sLaDlLDrvLdkGvVIaGditisvagieLltikLrlvlA 39
                              sLa++LDr+LdkG+VI+ + ++s++gie+lt+++r+v+A
  nat_ab2292bf5276ca31007d  9 SLAEVLDRILDKGIVIDIWARVSIVGIEILTVEARIVVA 47
                              8*************************************8 PP

>> nat_702dead02f3ae53b187b  
   #    score  bias  c-Evalue  i-Evalue hmmfrom  hmm to    alifrom  ali to    envfrom  env to     acc
 ---   ------ ----- --------- --------- ------- -------    ------- -------    ------- -------    ----
   1 !   52.7  10.2   9.5e-16   1.7e-15       2      39 .]      20      57 ..      19      57 .. 0.97

  Alignments for each domain:
  == domain 1  score: 52.7 bits;  conditional E-value: 9.5e-16
               Gas_vesicle  2 LaDlLDrvLdkGvVIaGditisvagieLltikLrlvlA 39
                              L D+L+rvLd G+VI Gdi++s+ +ieLlt+kLrlv+A
  nat_702dead02f3ae53b187b 20 LGDILERVLDRGIVIVGDIRVSLLDIELLTLKLRLVVA 57
                              78***********************************8 PP

>> nat_1dbd7a4a41de9f640af1  
   #    score  bias  c-Evalue  i-Evalue hmmfrom  hmm to    alifrom  ali to    envfrom  env to     acc
 ---   ------ ----- --------- --------- ------- -------    ------- -------    ------- -------    ----
   1 !   52.6  10.2     1e-15   1.9e-15       2      39 .]      21      58 ..      20      58 .. 0.97

  Alignments for each domain:
  == domain 1  score: 52.6 bits;  conditional E-value: 1e-15
               Gas_vesicle  2 LaDlLDrvLdkGvVIaGditisvagieLltikLrlvlA 39
                              L D+L+rvLd G+VI Gdi++s+ +ieLlt+kLrlv+A
  nat_1dbd7a4a41de9f640af1 21 LGDILERVLDRGIVIVGDIRVSLLDIELLTLKLRLVVA 58
                              78***********************************8 PP

>> nat_0c3c5a88107ee11e01e1  
   #    score  bias  c-Evalue  i-Evalue hmmfrom  hmm to    alifrom  ali to    envfrom  env to     acc
 ---   ------ ----- --------- --------- ------- -------    ------- -------    ------- -------    ----
   1 !   51.7   7.3     2e-15   3.6e-15       2      39 .]      23      60 ..      22      60 .. 0.98

  Alignments for each domain:
  == domain 1  score: 51.7 bits;  conditional E-value: 2e-15
               Gas_vesicle  2 LaDlLDrvLdkGvVIaGditisvagieLltikLrlvlA 39
                              LaD+++ vLdkGvVI++ +t++v+gi+L+ i++r+v+A
  nat_0c3c5a88107ee11e01e1 23 LADVVETVLDKGVVIDAQVTVGVVGIPLVEINARVVVA 60
                              9************************************8 PP

>> nat_3390f7fbd078cd08a119  
   #    score  bias  c-Evalue  i-Evalue hmmfrom  hmm to    alifrom  ali to    envfrom  env to     acc
 ---   ------ ----- --------- --------- ------- -------    ------- -------    ------- -------    ----
   1 !   52.5   9.8   1.1e-15     2e-15       1      39 []      31      69 ..      31      69 .. 0.97

  Alignments for each domain:
  == domain 1  score: 52.5 bits;  conditional E-value: 1.1e-15
               Gas_vesicle  1 sLaDlLDrvLdkGvVIaGditisvagieLltikLrlvlA 39
                              +L+DlLDr+L +GvV+aGd+ +s+ag++L+ i+L+l+++
  nat_3390f7fbd078cd08a119 31 ALVDLLDRLLGSGVVVAGDVVVSLAGVDLVEIRLQLMIS 69
                              69**********************************995 PP

>> nat_ab02cf361a66facb0d7c  
   #    score  bias  c-Evalue  i-Evalue hmmfrom  hmm to    alifrom  ali to    envfrom  env to     acc
 ---   ------ ----- --------- --------- ------- -------    ------- -------    ------- -------    ----
   1 !   51.7   7.3     2e-15   3.6e-15       2      39 .]      23      60 ..      22      60 .. 0.98

  Alignments for each domain:
  == domain 1  score: 51.7 bits;  conditional E-value: 2e-15
               Gas_vesicle  2 LaDlLDrvLdkGvVIaGditisvagieLltikLrlvlA 39
                              LaD+++ vLdkGvVI++ +t++v+gi+L+ i++r+v+A
  nat_ab02cf361a66facb0d7c 23 LADVVETVLDKGVVIDAQVTVGVVGIPLVEINARVVVA 60
                              9************************************8 PP

>> nat_251a53475171eb7e3f69  
   #    score  bias  c-Evalue  i-Evalue hmmfrom  hmm to    alifrom  ali to    envfrom  env to     acc
 ---   ------ ----- --------- --------- ------- -------    ------- -------    ------- -------    ----
   1 !   52.4  10.2   1.2e-15   2.2e-15       2      39 .]      22      59 ..      21      59 .. 0.97

  Alignments for each domain:
  == domain 1  score: 52.4 bits;  conditional E-value: 1.2e-15
               Gas_vesicle  2 LaDlLDrvLdkGvVIaGditisvagieLltikLrlvlA 39
                              L D+L+rvLd G+VI Gdi++s+ +ieLlt+kLrlv+A
  nat_251a53475171eb7e3f69 22 LGDILERVLDRGIVIVGDIRVSLLDIELLTLKLRLVVA 59
                              78***********************************8 PP

>> nat_0f59cf2a0c4bb65bd343  
   #    score  bias  c-Evalue  i-Evalue hmmfrom  hmm to    alifrom  ali to    envfrom  env to     acc
 ---   ------ ----- --------- --------- ------- -------    ------- -------    ------- -------    ----
   1 !   52.2   6.5   1.3e-15   2.4e-15       1      39 []      10      48 ..      10      48 .. 0.98

  Alignments for each domain:
  == domain 1  score: 52.2 bits;  conditional E-value: 1.3e-15
               Gas_vesicle  1 sLaDlLDrvLdkGvVIaGditisvagieLltikLrlvlA 39
                              sLaD+LDr+LdkG+VI+ + ++sv+gie+lt+++r+v A
  nat_0f59cf2a0c4bb65bd343 10 SLADVLDRILDKGIVIDIWARVSVVGIEILTVEARIVAA 48
                              8***********************************976 PP

>> nat_70724efd897d81dc16e2  
   #    score  bias  c-Evalue  i-Evalue hmmfrom  hmm to    alifrom  ali to    envfrom  env to     acc
 ---   ------ ----- --------- --------- ------- -------    ------- -------    ------- -------    ----
   1 !   52.2   6.5   1.3e-15   2.5e-15       1      39 []      11      49 ..      11      49 .. 0.98

  Alignments for each domain:
  == domain 1  score: 52.2 bits;  conditional E-value: 1.3e-15
               Gas_vesicle  1 sLaDlLDrvLdkGvVIaGditisvagieLltikLrlvlA 39
                              sLaD+LDr+LdkG+VI+ + ++sv+gie+lt+++r+v A
  nat_70724efd897d81dc16e2 11 SLADVLDRILDKGIVIDIWARVSVVGIEILTVEARVVAA 49
                              8***********************************976 PP

>> nat_50547bc898f61f24df25  
   #    score  bias  c-Evalue  i-Evalue hmmfrom  hmm to    alifrom  ali to    envfrom  env to     acc
 ---   ------ ----- --------- --------- ------- -------    ------- -------    ------- -------    ----
   1 !   52.3   6.5   1.3e-15   2.4e-15       1      39 []      10      48 ..      10      48 .. 0.98

  Alignments for each domain:
  == domain 1  score: 52.3 bits;  conditional E-value: 1.3e-15
               Gas_vesicle  1 sLaDlLDrvLdkGvVIaGditisvagieLltikLrlvlA 39
                              sLaD+LDr+LdkG+VI+ + ++sv+gie+lt+++r+v A
  nat_50547bc898f61f24df25 10 SLADVLDRILDKGIVIDIWARVSVVGIEILTVEARIVAA 48
                              8***********************************976 PP

>> nat_d2ffb42329a865195f36  
   #    score  bias  c-Evalue  i-Evalue hmmfrom  hmm to    alifrom  ali to    envfrom  env to     acc
 ---   ------ ----- --------- --------- ------- -------    ------- -------    ------- -------    ----
   1 !   51.7   7.3     2e-15   3.7e-15       2      39 .]      24      61 ..      23      61 .. 0.98

  Alignments for each domain:
  == domain 1  score: 51.7 bits;  conditional E-value: 2e-15
               Gas_vesicle  2 LaDlLDrvLdkGvVIaGditisvagieLltikLrlvlA 39
                              LaD+++ vLdkGvVI++ +t++v+gi+L+ i++r+v+A
  nat_d2ffb42329a865195f36 24 LADVVETVLDKGVVIDAQVTVGVVGIPLVEINARVVVA 61
                              9************************************8 PP

>> nat_c343edccce5faea6ca16  
   #    score  bias  c-Evalue  i-Evalue hmmfrom  hmm to    alifrom  ali to    envfrom  env to     acc
 ---   ------ ----- --------- --------- ------- -------    ------- -------    ------- -------    ----
   1 !   51.7   7.3     2e-15   3.6e-15       2      39 .]      23      60 ..      22      60 .. 0.98

  Alignments for each domain:
  == domain 1  score: 51.7 bits;  conditional E-value: 2e-15
               Gas_vesicle  2 LaDlLDrvLdkGvVIaGditisvagieLltikLrlvlA 39
                              LaD+++ vLdkGvVI++ +t++v+gi+L+ i++r+v+A
  nat_c343edccce5faea6ca16 23 LADVVETVLDKGVVIDAQVTVGVVGIPLVEINARVVVA 60
                              9************************************8 PP

>> nat_21f981a64332a12578c3  
   #    score  bias  c-Evalue  i-Evalue hmmfrom  hmm to    alifrom  ali to    envfrom  env to     acc
 ---   ------ ----- --------- --------- ------- -------    ------- -------    ------- -------    ----
   1 !   52.2   8.5   1.4e-15   2.6e-15       3      39 .]      16      52 ..      14      52 .. 0.96

  Alignments for each domain:
  == domain 1  score: 52.2 bits;  conditional E-value: 1.4e-15
               Gas_vesicle  3 aDlLDrvLdkGvVIaGditisvagieLltikLrlvlA 39
                               ++L+r+Ld GvVIaGdi + +a+ieLltik+rl++A
  nat_21f981a64332a12578c3 16 GEILERILDRGVVIAGDISVALADIELLTIKIRLIVA 52
                              59*********************************98 PP

>> nat_478e03d6c766c6092422  
   #    score  bias  c-Evalue  i-Evalue hmmfrom  hmm to    alifrom  ali to    envfrom  env to     acc
 ---   ------ ----- --------- --------- ------- -------    ------- -------    ------- -------    ----
   1 !   52.2   6.5   1.3e-15   2.4e-15       1      39 []      10      48 ..      10      48 .. 0.98

  Alignments for each domain:
  == domain 1  score: 52.2 bits;  conditional E-value: 1.3e-15
               Gas_vesicle  1 sLaDlLDrvLdkGvVIaGditisvagieLltikLrlvlA 39
                              sLaD+LDr+LdkG+VI+ + ++sv+gie+lt+++r+v A
  nat_478e03d6c766c6092422 10 SLADVLDRILDKGIVIDIWARVSVVGIEILTVEARIVAA 48
                              8***********************************976 PP

>> nat_b28d4ac8e7cffa9c0259  
   #    score  bias  c-Evalue  i-Evalue hmmfrom  hmm to    alifrom  ali to    envfrom  env to     acc
 ---   ------ ----- --------- --------- ------- -------    ------- -------    ------- -------    ----
   1 !   52.2   6.5   1.4e-15   2.5e-15       1      39 []      10      48 ..      10      48 .. 0.98

  Alignments for each domain:
  == domain 1  score: 52.2 bits;  conditional E-value: 1.4e-15
               Gas_vesicle  1 sLaDlLDrvLdkGvVIaGditisvagieLltikLrlvlA 39
                              sLaD+LDr+LdkG+VI+ + ++sv+gie+lt+++r+v A
  nat_b28d4ac8e7cffa9c0259 10 SLADVLDRILDKGIVIDIWARVSVVGIEILTVEARIVAA 48
                              8***********************************976 PP

>> nat_b017d8236271e13a1522  
   #    score  bias  c-Evalue  i-Evalue hmmfrom  hmm to    alifrom  ali to    envfrom  env to     acc
 ---   ------ ----- --------- --------- ------- -------    ------- -------    ------- -------    ----
   1 !   52.2   6.3   1.3e-15   2.5e-15       1      39 []      56      94 ..      56      94 .. 0.99

  Alignments for each domain:
  == domain 1  score: 52.2 bits;  conditional E-value: 1.3e-15
               Gas_vesicle  1 sLaDlLDrvLdkGvVIaGditisvagieLltikLrlvlA 39
                              sLa+++Dr+Ld G+VI+ + ++s++gieLl+i++r+v+A
  nat_b017d8236271e13a1522 56 SLAEVVDRILDRGIVIDVWAKVSLVGIELLSIEARVVVA 94
                              8*************************************8 PP

>> nat_65fbd3162b843c7d26ba  
   #    score  bias  c-Evalue  i-Evalue hmmfrom  hmm to    alifrom  ali to    envfrom  env to     acc
 ---   ------ ----- --------- --------- ------- -------    ------- -------    ------- -------    ----
   1 !   51.6   7.3   2.1e-15   3.9e-15       2      39 .]      23      60 ..      22      60 .. 0.98

  Alignments for each domain:
  == domain 1  score: 51.6 bits;  conditional E-value: 2.1e-15
               Gas_vesicle  2 LaDlLDrvLdkGvVIaGditisvagieLltikLrlvlA 39
                              LaD+++ vLdkGvVI++ +t++v+gi+L+ i++r+v+A
  nat_65fbd3162b843c7d26ba 23 LADVVETVLDKGVVIDAQVTVGVVGIPLVEINARVVVA 60
                              9************************************8 PP

>> nat_08a343a9dea7d3e71216  
   #    score  bias  c-Evalue  i-Evalue hmmfrom  hmm to    alifrom  ali to    envfrom  env to     acc
 ---   ------ ----- --------- --------- ------- -------    ------- -------    ------- -------    ----
   1 !   52.3   5.2   1.3e-15   2.3e-15       2      38 ..      23      59 ..      22      60 .. 0.97

  Alignments for each domain:
  == domain 1  score: 52.3 bits;  conditional E-value: 1.3e-15
               Gas_vesicle  2 LaDlLDrvLdkGvVIaGditisvagieLltikLrlvl 38
                              L+DlLDrvL +GvVI Gd+ i +a+++L++++L+++l
  nat_08a343a9dea7d3e71216 23 LVDLLDRVLSTGVVISGDLVIAIADVPLVRLSLHALL 59
                              9**********************************98 PP

>> nat_324d5d08f6cb86df2a45  
   #    score  bias  c-Evalue  i-Evalue hmmfrom  hmm to    alifrom  ali to    envfrom  env to     acc
 ---   ------ ----- --------- --------- ------- -------    ------- -------    ------- -------    ----
   1 !   52.5   7.2   1.1e-15     2e-15       2      39 .]      23      60 ..      22      60 .. 0.98

  Alignments for each domain:
  == domain 1  score: 52.5 bits;  conditional E-value: 1.1e-15
               Gas_vesicle  2 LaDlLDrvLdkGvVIaGditisvagieLltikLrlvlA 39
                              LaD+++ vLdkGvVI++ +ti+v+gi+L+ i++r+v+A
  nat_324d5d08f6cb86df2a45 23 LADVVETVLDKGVVIDAQVTIGVVGIPLVEINARVVVA 60
                              9************************************8 PP

>> nat_0a9ee98cbcc2eabfac38  
   #    score  bias  c-Evalue  i-Evalue hmmfrom  hmm to    alifrom  ali to    envfrom  env to     acc
 ---   ------ ----- --------- --------- ------- -------    ------- -------    ------- -------    ----
   1 !   52.1   5.4   1.5e-15   2.8e-15       1      39 []       9      47 ..       9      47 .. 0.97

  Alignments for each domain:
  == domain 1  score: 52.1 bits;  conditional E-value: 1.5e-15
               Gas_vesicle  1 sLaDlLDrvLdkGvVIaGditisvagieLltikLrlvlA 39
                              sLa++LDr+LdkG+VI+ + ++sv+gie+lt+++r+v A
  nat_0a9ee98cbcc2eabfac38  9 SLAEVLDRILDKGIVIDIWARVSVVGIEILTVEARIVAA 47
                              8***********************************976 PP

>> nat_db4cf6e6d1d54bfb2db9  
   #    score  bias  c-Evalue  i-Evalue hmmfrom  hmm to    alifrom  ali to    envfrom  env to     acc
 ---   ------ ----- --------- --------- ------- -------    ------- -------    ------- -------    ----
   1 !   52.1   6.3   1.5e-15   2.8e-15       2      39 .]       9      46 ..       8      46 .. 0.97

  Alignments for each domain:
  == domain 1  score: 52.1 bits;  conditional E-value: 1.5e-15
               Gas_vesicle  2 LaDlLDrvLdkGvVIaGditisvagieLltikLrlvlA 39
                              La++LDrvLdkGvV++ + ++s++gie+lt+++r+v A
  nat_db4cf6e6d1d54bfb2db9  9 LAEVLDRVLDKGVVVDVWARVSLVGIEILTVEARVVAA 46
                              9**********************************987 PP

>> nat_9e5eb3fd2df1c3414b29  
   #    score  bias  c-Evalue  i-Evalue hmmfrom  hmm to    alifrom  ali to    envfrom  env to     acc
 ---   ------ ----- --------- --------- ------- -------    ------- -------    ------- -------    ----
   1 !   51.9   9.8   1.7e-15   3.1e-15       1      39 []      15      53 ..      15      53 .. 0.97

  Alignments for each domain:
  == domain 1  score: 51.9 bits;  conditional E-value: 1.7e-15
               Gas_vesicle  1 sLaDlLDrvLdkGvVIaGditisvagieLltikLrlvlA 39
                              +L+DlLDrvL+ Gv+I Gdi++ +a+++L++i+Lr++++
  nat_9e5eb3fd2df1c3414b29 15 ALVDLLDRVLAGGVIISGDIKLAIADVDLVQISLRALIS 53
                              69***********************************95 PP

>> nat_37c770390307a882825a  
   #    score  bias  c-Evalue  i-Evalue hmmfrom  hmm to    alifrom  ali to    envfrom  env to     acc
 ---   ------ ----- --------- --------- ------- -------    ------- -------    ------- -------    ----
   1 !   51.8   6.7   1.9e-15   3.4e-15       1      39 []      12      50 ..      12      50 .. 0.99

  Alignments for each domain:
  == domain 1  score: 51.8 bits;  conditional E-value: 1.9e-15
               Gas_vesicle  1 sLaDlLDrvLdkGvVIaGditisvagieLltikLrlvlA 39
                              sLa+++Dr+LdkGvV++   ++s++gieL+t+++r+v+A
  nat_37c770390307a882825a 12 SLAEVVDRILDKGVVVDLYARVSLVGIELITVEARVVIA 50
                              8*************************************8 PP

>> nat_137eb09d8ee303361664  
   #    score  bias  c-Evalue  i-Evalue hmmfrom  hmm to    alifrom  ali to    envfrom  env to     acc
 ---   ------ ----- --------- --------- ------- -------    ------- -------    ------- -------    ----
   1 !   51.7   5.4     2e-15   3.6e-15       1      39 []       9      47 ..       9      47 .. 0.97

  Alignments for each domain:
  == domain 1  score: 51.7 bits;  conditional E-value: 2e-15
               Gas_vesicle  1 sLaDlLDrvLdkGvVIaGditisvagieLltikLrlvlA 39
                              sLa++LDr+LdkG+VI+ + ++sv+gie+lt+++r+v A
  nat_137eb09d8ee303361664  9 SLAEVLDRILDKGIVIDIWARVSVVGIEILTVEARIVAA 47
                              8***********************************976 PP

>> nat_48e9ecb8ea26e11eb74d  
   #    score  bias  c-Evalue  i-Evalue hmmfrom  hmm to    alifrom  ali to    envfrom  env to     acc
 ---   ------ ----- --------- --------- ------- -------    ------- -------    ------- -------    ----
   1 !   51.8  10.0   1.8e-15   3.3e-15       1      39 []      25      63 ..      25      63 .. 0.97

  Alignments for each domain:
  == domain 1  score: 51.8 bits;  conditional E-value: 1.8e-15
               Gas_vesicle  1 sLaDlLDrvLdkGvVIaGditisvagieLltikLrlvlA 39
                              +L+DlLDrvL+ Gv+I+Gdi++ +a+++L++i+Lr++++
  nat_48e9ecb8ea26e11eb74d 25 ALVDLLDRVLAGGVIITGDIKLAIADVDLVQISLRALIS 63
                              69***********************************95 PP

>> nat_f9df0af090db19867f68  
   #    score  bias  c-Evalue  i-Evalue hmmfrom  hmm to    alifrom  ali to    envfrom  env to     acc
 ---   ------ ----- --------- --------- ------- -------    ------- -------    ------- -------    ----
   1 !   51.8   6.0   1.8e-15   3.2e-15       2      38 ..      22      58 ..      21      59 .. 0.97

  Alignments for each domain:
  == domain 1  score: 51.8 bits;  conditional E-value: 1.8e-15
               Gas_vesicle  2 LaDlLDrvLdkGvVIaGditisvagieLltikLrlvl 38
                              L+DlLDrvL++GvVI Gd+ i +a+++L++++L+++l
  nat_f9df0af090db19867f68 22 LVDLLDRVLATGVVISGDLVIAIADVPLVRLSLHALL 58
                              9**********************************98 PP

>> nat_3878c8f21f617dc3063f  
   #    score  bias  c-Evalue  i-Evalue hmmfrom  hmm to    alifrom  ali to    envfrom  env to     acc
 ---   ------ ----- --------- --------- ------- -------    ------- -------    ------- -------    ----
   1 !   51.8  10.0   1.8e-15   3.3e-15       1      39 []      25      63 ..      25      63 .. 0.97

  Alignments for each domain:
  == domain 1  score: 51.8 bits;  conditional E-value: 1.8e-15
               Gas_vesicle  1 sLaDlLDrvLdkGvVIaGditisvagieLltikLrlvlA 39
                              +L+DlLDrvL+ Gv+I+Gdi++ +a+++L++i+Lr++++
  nat_3878c8f21f617dc3063f 25 ALVDLLDRVLAGGVIITGDIKLAIADVDLVQISLRALIS 63
                              69***********************************95 PP

>> nat_cc5d159ca664e171159f  
   #    score  bias  c-Evalue  i-Evalue hmmfrom  hmm to    alifrom  ali to    envfrom  env to     acc
 ---   ------ ----- --------- --------- ------- -------    ------- -------    ------- -------    ----
   1 !   51.7   5.4     2e-15   3.6e-15       1      39 []       9      47 ..       9      47 .. 0.97

  Alignments for each domain:
  == domain 1  score: 51.7 bits;  conditional E-value: 2e-15
               Gas_vesicle  1 sLaDlLDrvLdkGvVIaGditisvagieLltikLrlvlA 39
                              sLa++LDr+LdkG+VI+ + ++sv+gie+lt+++r+v A
  nat_cc5d159ca664e171159f  9 SLAEVLDRILDKGIVIDIWARVSVVGIEILTVEARIVAA 47
                              8***********************************976 PP

>> nat_eee8d141df1f2b85b5c5  
   #    score  bias  c-Evalue  i-Evalue hmmfrom  hmm to    alifrom  ali to    envfrom  env to     acc
 ---   ------ ----- --------- --------- ------- -------    ------- -------    ------- -------    ----
   1 !   51.6   8.2   2.1e-15   3.9e-15       1      39 []      12      50 ..      12      50 .. 0.99

  Alignments for each domain:
  == domain 1  score: 51.6 bits;  conditional E-value: 2.1e-15
               Gas_vesicle  1 sLaDlLDrvLdkGvVIaGditisvagieLltikLrlvlA 39
                              sLa+++Dr+LdkGvVI+   ++sv+gieL+t+++r+v+A
  nat_eee8d141df1f2b85b5c5 12 SLAEVIDRILDKGVVIDLYAIVSVVGIELITVEARVVIA 50
                              8*************************************8 PP

>> nat_aaf69e9ea95986ab1e08  
   #    score  bias  c-Evalue  i-Evalue hmmfrom  hmm to    alifrom  ali to    envfrom  env to     acc
 ---   ------ ----- --------- --------- ------- -------    ------- -------    ------- -------    ----
   1 !   51.5   9.5   2.2e-15   4.1e-15       1      39 []      11      49 ..      11      49 .. 0.99

  Alignments for each domain:
  == domain 1  score: 51.5 bits;  conditional E-value: 2.2e-15
               Gas_vesicle  1 sLaDlLDrvLdkGvVIaGditisvagieLltikLrlvlA 39
                              sL+++LDr+LdkG+VI+   ++s++gieLl i++r+v+A
  nat_aaf69e9ea95986ab1e08 11 SLVEVLDRILDKGIVIDLYAIVSLVGIELLAIEARVVIA 49
                              8*************************************8 PP

>> nat_289ca4eeda020c662490  
   #    score  bias  c-Evalue  i-Evalue hmmfrom  hmm to    alifrom  ali to    envfrom  env to     acc
 ---   ------ ----- --------- --------- ------- -------    ------- -------    ------- -------    ----
   1 !   51.4   7.5   2.4e-15   4.4e-15       3      39 .]       2      38 ..       1      38 [. 0.98

  Alignments for each domain:
  == domain 1  score: 51.4 bits;  conditional E-value: 2.4e-15
               Gas_vesicle  3 aDlLDrvLdkGvVIaGditisvagieLltikLrlvlA 39
                              aD++D +LdkG+VI++ +++s++gieLlti++r+v+A
  nat_289ca4eeda020c662490  2 ADVIDTILDKGLVIDAYVRVSLVGIELLTIDARIVIA 38
                              8***********************************8 PP

>> nat_82b9d4647d83832bf059  
   #    score  bias  c-Evalue  i-Evalue hmmfrom  hmm to    alifrom  ali to    envfrom  env to     acc
 ---   ------ ----- --------- --------- ------- -------    ------- -------    ------- -------    ----
   1 !   51.5   6.6   2.3e-15   4.3e-15       1      39 []      13      51 ..      13      51 .. 0.99

  Alignments for each domain:
  == domain 1  score: 51.5 bits;  conditional E-value: 2.3e-15
               Gas_vesicle  1 sLaDlLDrvLdkGvVIaGditisvagieLltikLrlvlA 39
                              sLa+++Dr+LdkGvV++   ++s++gieL+t+++r+v+A
  nat_82b9d4647d83832bf059 13 SLAEVIDRILDKGVVVDLYARVSLVGIELITVEARVVIA 51
                              8*************************************8 PP

>> nat_bc5cdb91e80e5d33bb26  
   #    score  bias  c-Evalue  i-Evalue hmmfrom  hmm to    alifrom  ali to    envfrom  env to     acc
 ---   ------ ----- --------- --------- ------- -------    ------- -------    ------- -------    ----
   1 !   51.4   6.7   2.4e-15   4.4e-15       1      39 []      10      48 ..      10      48 .. 0.99

  Alignments for each domain:
  == domain 1  score: 51.4 bits;  conditional E-value: 2.4e-15
               Gas_vesicle  1 sLaDlLDrvLdkGvVIaGditisvagieLltikLrlvlA 39
                              sLa+++Dr+LdkG+VI+ + ++sv+gie+lt+++r+v+A
  nat_bc5cdb91e80e5d33bb26 10 SLAEVVDRILDKGIVIDIWARVSVVGIEILTVEARVVVA 48
                              8*************************************8 PP

>> nat_b89284c786e1b2202da6  
   #    score  bias  c-Evalue  i-Evalue hmmfrom  hmm to    alifrom  ali to    envfrom  env to     acc
 ---   ------ ----- --------- --------- ------- -------    ------- -------    ------- -------    ----
   1 !   51.4   6.7   2.4e-15   4.4e-15       1      39 []      10      48 ..      10      48 .. 0.99

  Alignments for each domain:
  == domain 1  score: 51.4 bits;  conditional E-value: 2.4e-15
               Gas_vesicle  1 sLaDlLDrvLdkGvVIaGditisvagieLltikLrlvlA 39
                              sLa+++Dr+LdkG+VI+ + ++sv+gie+lt+++r+v+A
  nat_b89284c786e1b2202da6 10 SLAEVVDRILDKGIVIDIWARVSVVGIEILTVEARVVVA 48
                              8*************************************8 PP

>> nat_4983f01969b214844bb9  
   #    score  bias  c-Evalue  i-Evalue hmmfrom  hmm to    alifrom  ali to    envfrom  env to     acc
 ---   ------ ----- --------- --------- ------- -------    ------- -------    ------- -------    ----
   1 !   51.4   6.7   2.4e-15   4.4e-15       1      39 []      10      48 ..      10      48 .. 0.99

  Alignments for each domain:
  == domain 1  score: 51.4 bits;  conditional E-value: 2.4e-15
               Gas_vesicle  1 sLaDlLDrvLdkGvVIaGditisvagieLltikLrlvlA 39
                              sLa+++Dr+LdkG+VI+ + ++sv+gie+lt+++r+v+A
  nat_4983f01969b214844bb9 10 SLAEVVDRILDKGIVIDIWARVSVVGIEILTVEARVVVA 48
                              8*************************************8 PP

>> nat_d9cf1a4e61be35e90f85  
   #    score  bias  c-Evalue  i-Evalue hmmfrom  hmm to    alifrom  ali to    envfrom  env to     acc
 ---   ------ ----- --------- --------- ------- -------    ------- -------    ------- -------    ----
   1 !   51.2   8.5   2.8e-15   5.1e-15       1      38 [.      18      55 ..      18      56 .. 0.98

  Alignments for each domain:
  == domain 1  score: 51.2 bits;  conditional E-value: 2.8e-15
               Gas_vesicle  1 sLaDlLDrvLdkGvVIaGditisvagieLltikLrlvl 38
                              +L+DlLDr+L+ G+V++Gd+ is+a+++L++++Lr+++
  nat_d9cf1a4e61be35e90f85 18 ALVDLLDRLLAGGAVLTGDLVISIAEVDLVHVSLRALI 55
                              69**********************************98 PP

>> nat_826bbaee5bbff7b121a8  
   #    score  bias  c-Evalue  i-Evalue hmmfrom  hmm to    alifrom  ali to    envfrom  env to     acc
 ---   ------ ----- --------- --------- ------- -------    ------- -------    ------- -------    ----
   1 !   50.5   7.1   4.7e-15   8.7e-15       2      39 .]      23      60 ..      22      60 .. 0.98

  Alignments for each domain:
  == domain 1  score: 50.5 bits;  conditional E-value: 4.7e-15
               Gas_vesicle  2 LaDlLDrvLdkGvVIaGditisvagieLltikLrlvlA 39
                              LaD+++ vLdkGvVI++ + ++v+gi+L+ i++r+v+A
  nat_826bbaee5bbff7b121a8 23 LADVVETVLDKGVVIDAQVNVGVVGIPLVEINARVVVA 60
                              9************************************8 PP

>> nat_e0ebc831130fb4447b33  
   #    score  bias  c-Evalue  i-Evalue hmmfrom  hmm to    alifrom  ali to    envfrom  env to     acc
 ---   ------ ----- --------- --------- ------- -------    ------- -------    ------- -------    ----
   1 !   51.2  11.8   2.9e-15   5.3e-15       1      39 []      23      61 ..      23      61 .. 0.97

  Alignments for each domain:
  == domain 1  score: 51.2 bits;  conditional E-value: 2.9e-15
               Gas_vesicle  1 sLaDlLDrvLdkGvVIaGditisvagieLltikLrlvlA 39
                              +L+DlLDr+L +GvV+aGd+ +s+ag++L+ i+L+l+++
  nat_e0ebc831130fb4447b33 23 ALVDLLDRLLGTGVVVAGDVVVSLAGVDLVEIRLHLLIS 61
                              69***********************************95 PP

>> nat_1de45b2894df870d6dc9  
   #    score  bias  c-Evalue  i-Evalue hmmfrom  hmm to    alifrom  ali to    envfrom  env to     acc
 ---   ------ ----- --------- --------- ------- -------    ------- -------    ------- -------    ----
   1 !   50.9   8.0   3.4e-15   6.3e-15       1      39 []      11      49 ..      11      49 .. 0.98

  Alignments for each domain:
  == domain 1  score: 50.9 bits;  conditional E-value: 3.4e-15
               Gas_vesicle  1 sLaDlLDrvLdkGvVIaGditisvagieLltikLrlvlA 39
                              sL +++Dr+LdkGvV++ ++++s++gieLl +++r+v+A
  nat_1de45b2894df870d6dc9 11 SLGEVVDRILDKGVVVDLWVRVSLVGIELLAVEARVVIA 49
                              788***********************************8 PP

>> nat_03763a00c2145a246704  
   #    score  bias  c-Evalue  i-Evalue hmmfrom  hmm to    alifrom  ali to    envfrom  env to     acc
 ---   ------ ----- --------- --------- ------- -------    ------- -------    ------- -------    ----
   1 !   50.7  13.1   3.9e-15   7.2e-15       1      39 []      23      61 ..      23      61 .. 0.98

  Alignments for each domain:
  == domain 1  score: 50.7 bits;  conditional E-value: 3.9e-15
               Gas_vesicle  1 sLaDlLDrvLdkGvVIaGditisvagieLltikLrlvlA 39
                              +L+DlLDr+L+ GvV+aGd+ +s+a+i+L++i+Lr+++A
  nat_03763a00c2145a246704 23 ALVDLLDRLLAGGVVVAGDLVLSIADIDLVRISLRALIA 61
                              69************************************8 PP

>> nat_e776d466f02718e89751  
   #    score  bias  c-Evalue  i-Evalue hmmfrom  hmm to    alifrom  ali to    envfrom  env to     acc
 ---   ------ ----- --------- --------- ------- -------    ------- -------    ------- -------    ----
   1 !   50.9   6.2   3.6e-15   6.6e-15       2      38 ..      17      53 ..      16      54 .. 0.97

  Alignments for each domain:
  == domain 1  score: 50.9 bits;  conditional E-value: 3.6e-15
               Gas_vesicle  2 LaDlLDrvLdkGvVIaGditisvagieLltikLrlvl 38
                              L+DlLDrvL++GvV+ Gd+ i +a+++L++++L+++l
  nat_e776d466f02718e89751 17 LVDLLDRVLATGVVVSGDLVIAIADVPLVRVSLHALL 53
                              9**********************************98 PP

>> nat_c9a543131d390ec68ed4  
   #    score  bias  c-Evalue  i-Evalue hmmfrom  hmm to    alifrom  ali to    envfrom  env to     acc
 ---   ------ ----- --------- --------- ------- -------    ------- -------    ------- -------    ----
   1 !   50.5   5.7   4.8e-15   8.8e-15       1      39 []      11      49 ..      11      49 .. 0.99

  Alignments for each domain:
  == domain 1  score: 50.5 bits;  conditional E-value: 4.8e-15
               Gas_vesicle  1 sLaDlLDrvLdkGvVIaGditisvagieLltikLrlvlA 39
                              sLa+++Dr+LdkG+VI+   +isv+gie +ti++r+v+A
  nat_c9a543131d390ec68ed4 11 SLAEVIDRILDKGIVIDVYARISVVGIEAITIEARVVIA 49
                              8*************************************8 PP

>> nat_483bbff4b0b9b4108f6d  
   #    score  bias  c-Evalue  i-Evalue hmmfrom  hmm to    alifrom  ali to    envfrom  env to     acc
 ---   ------ ----- --------- --------- ------- -------    ------- -------    ------- -------    ----
   1 !   50.6   8.1   4.4e-15   8.1e-15       1      39 []      11      49 ..      11      49 .. 0.99

  Alignments for each domain:
  == domain 1  score: 50.6 bits;  conditional E-value: 4.4e-15
               Gas_vesicle  1 sLaDlLDrvLdkGvVIaGditisvagieLltikLrlvlA 39
                              sL++++Dr+LdkG+V++ + ++s++gieLl i++r+v+A
  nat_483bbff4b0b9b4108f6d 11 SLVEVVDRILDKGIVVDIWARVSLVGIELLAIEARVVIA 49
                              8*************************************8 PP

>> nat_1e2816be454b049f1920  
   #    score  bias  c-Evalue  i-Evalue hmmfrom  hmm to    alifrom  ali to    envfrom  env to     acc
 ---   ------ ----- --------- --------- ------- -------    ------- -------    ------- -------    ----
   1 !   50.7   5.2     4e-15   7.3e-15       2      38 ..      22      58 ..      21      59 .. 0.97

  Alignments for each domain:
  == domain 1  score: 50.7 bits;  conditional E-value: 4e-15
               Gas_vesicle  2 LaDlLDrvLdkGvVIaGditisvagieLltikLrlvl 38
                              L+DlLDrvL +GvV+ Gd+ i +a+++L++++L+++l
  nat_1e2816be454b049f1920 22 LVDLLDRVLSTGVVVSGDLVIAIADVPLVRLSLHALL 58
                              9**********************************98 PP

>> nat_56a08e61cb35ab8bf932  
   #    score  bias  c-Evalue  i-Evalue hmmfrom  hmm to    alifrom  ali to    envfrom  env to     acc
 ---   ------ ----- --------- --------- ------- -------    ------- -------    ------- -------    ----
   1 !   50.7   5.0     4e-15   7.3e-15       2      39 .]      13      50 ..      12      50 .. 0.98

  Alignments for each domain:
  == domain 1  score: 50.7 bits;  conditional E-value: 4e-15
               Gas_vesicle  2 LaDlLDrvLdkGvVIaGditisvagieLltikLrlvlA 39
                              LaD+++++LdkGvVI++di +sv ++eLl i++r++lA
  nat_56a08e61cb35ab8bf932 13 LADMVEMLLDKGVVINADIAVSVGDTELLDIRIRAALA 50
                              8***********************************98 PP

>> nat_0b3f3bf863a3ef16a85e  
   #    score  bias  c-Evalue  i-Evalue hmmfrom  hmm to    alifrom  ali to    envfrom  env to     acc
 ---   ------ ----- --------- --------- ------- -------    ------- -------    ------- -------    ----
   1 !   50.7   8.0     4e-15   7.3e-15       1      39 []      11      49 ..      11      49 .. 0.98

  Alignments for each domain:
  == domain 1  score: 50.7 bits;  conditional E-value: 4e-15
               Gas_vesicle  1 sLaDlLDrvLdkGvVIaGditisvagieLltikLrlvlA 39
                              sL +++Dr+LdkGvV++ ++++s++gieLl +++r+v+A
  nat_0b3f3bf863a3ef16a85e 11 SLGEVVDRILDKGVVVDLWVRVSLVGIELLAVEARVVVA 49
                              788***********************************8 PP

>> nat_ba6ff0ac3294d2c6818f  
   #    score  bias  c-Evalue  i-Evalue hmmfrom  hmm to    alifrom  ali to    envfrom  env to     acc
 ---   ------ ----- --------- --------- ------- -------    ------- -------    ------- -------    ----
   1 !   50.5   6.2   4.6e-15   8.4e-15       2      38 ..      24      60 ..      23      61 .. 0.97

  Alignments for each domain:
  == domain 1  score: 50.5 bits;  conditional E-value: 4.6e-15
               Gas_vesicle  2 LaDlLDrvLdkGvVIaGditisvagieLltikLrlvl 38
                              L+DlLDrvL++GvV+ Gd+ i +a+++L++++L+++l
  nat_ba6ff0ac3294d2c6818f 24 LVDLLDRVLATGVVVSGDLVIAIADVPLVRVSLHALL 60
                              9**********************************98 PP

>> nat_0dbb7a6e5434eb973be2  
   #    score  bias  c-Evalue  i-Evalue hmmfrom  hmm to    alifrom  ali to    envfrom  env to     acc
 ---   ------ ----- --------- --------- ------- -------    ------- -------    ------- -------    ----
   1 !   50.4   5.2   4.9e-15   8.9e-15       2      39 .]      13      50 ..      12      50 .. 0.98

  Alignments for each domain:
  == domain 1  score: 50.4 bits;  conditional E-value: 4.9e-15
               Gas_vesicle  2 LaDlLDrvLdkGvVIaGditisvagieLltikLrlvlA 39
                              LaD+L+ +LdkGvVI++di ++v ++eLl++kLr+++A
  nat_0dbb7a6e5434eb973be2 13 LADMLELLLDKGVVINADIAVTVGETELLGVKLRAAVA 50
                              9***********************************98 PP

>> nat_361f2bffb29a57e42966  
   #    score  bias  c-Evalue  i-Evalue hmmfrom  hmm to    alifrom  ali to    envfrom  env to     acc
 ---   ------ ----- --------- --------- ------- -------    ------- -------    ------- -------    ----
   1 !   50.4   7.1     5e-15   9.1e-15       2      39 .]      18      55 ..      17      55 .. 0.98

  Alignments for each domain:
  == domain 1  score: 50.4 bits;  conditional E-value: 5e-15
               Gas_vesicle  2 LaDlLDrvLdkGvVIaGditisvagieLltikLrlvlA 39
                              L+DlLDrvL++GvV+ Gd+ + +a+++L++i+L+++lA
  nat_361f2bffb29a57e42966 18 LVDLLDRVLATGVVVSGDLVLAIADVPLVRISLHALLA 55
                              9***********************************98 PP

>> nat_0f8c9a9823e4214b9eae  
   #    score  bias  c-Evalue  i-Evalue hmmfrom  hmm to    alifrom  ali to    envfrom  env to     acc
 ---   ------ ----- --------- --------- ------- -------    ------- -------    ------- -------    ----
   1 !   50.2   4.1   5.9e-15   1.1e-14       1      39 []      19      57 ..      19      57 .. 0.99

  Alignments for each domain:
  == domain 1  score: 50.2 bits;  conditional E-value: 5.9e-15
               Gas_vesicle  1 sLaDlLDrvLdkGvVIaGditisvagieLltikLrlvlA 39
                              sL++lLD++Ld Gv + G+++isva++eL+ ++L+l+lA
  nat_0f8c9a9823e4214b9eae 19 SLLELLDHLLDRGVLLWGELRISVADVELIEVGLKLMLA 57
                              8************************************98 PP

>> nat_4e739c831373f0edfba7  
   #    score  bias  c-Evalue  i-Evalue hmmfrom  hmm to    alifrom  ali to    envfrom  env to     acc
 ---   ------ ----- --------- --------- ------- -------    ------- -------    ------- -------    ----
   1 !   50.2   4.1   5.9e-15   1.1e-14       1      39 []      19      57 ..      19      57 .. 0.99

  Alignments for each domain:
  == domain 1  score: 50.2 bits;  conditional E-value: 5.9e-15
               Gas_vesicle  1 sLaDlLDrvLdkGvVIaGditisvagieLltikLrlvlA 39
                              sL++lLD++Ld Gv + G+++isva++eL+ ++L+l+lA
  nat_4e739c831373f0edfba7 19 SLLELLDHLLDRGVLLWGELRISVADVELIEVGLKLMLA 57
                              8************************************98 PP

>> nat_504c0cf484c520b01106  
   #    score  bias  c-Evalue  i-Evalue hmmfrom  hmm to    alifrom  ali to    envfrom  env to     acc
 ---   ------ ----- --------- --------- ------- -------    ------- -------    ------- -------    ----
   1 !   49.9   7.1   7.2e-15   1.3e-14       2      39 .]      29      66 ..      28      66 .. 0.98

  Alignments for each domain:
  == domain 1  score: 49.9 bits;  conditional E-value: 7.2e-15
               Gas_vesicle  2 LaDlLDrvLdkGvVIaGditisvagieLltikLrlvlA 39
                              L+DlLDrvL++GvV+ Gd+ + +a+++L++i+L+++lA
  nat_504c0cf484c520b01106 29 LVDLLDRVLATGVVVSGDLVLAIADVPLVRISLHALLA 66
                              9***********************************98 PP

>> nat_0dbc89dc4cb8f9901795  
   #    score  bias  c-Evalue  i-Evalue hmmfrom  hmm to    alifrom  ali to    envfrom  env to     acc
 ---   ------ ----- --------- --------- ------- -------    ------- -------    ------- -------    ----
   1 !   49.8   5.6   7.9e-15   1.4e-14       1      39 []      10      48 ..      10      48 .. 0.98

  Alignments for each domain:
  == domain 1  score: 49.8 bits;  conditional E-value: 7.9e-15
               Gas_vesicle  1 sLaDlLDrvLdkGvVIaGditisvagieLltikLrlvlA 39
                              sLa+++Dr+LdkG+VI+ + ++sv+gie+lt+++r+v A
  nat_0dbc89dc4cb8f9901795 10 SLAEVVDRILDKGIVIDIWARVSVVGIEILTVEARVVAA 48
                              8***********************************976 PP

>> nat_db787bdce100ebe0b52f  
   #    score  bias  c-Evalue  i-Evalue hmmfrom  hmm to    alifrom  ali to    envfrom  env to     acc
 ---   ------ ----- --------- --------- ------- -------    ------- -------    ------- -------    ----
   1 !   49.4  10.4     1e-14   1.8e-14       2      39 .]      22      59 ..      21      59 .. 0.98

  Alignments for each domain:
  == domain 1  score: 49.4 bits;  conditional E-value: 1e-14
               Gas_vesicle  2 LaDlLDrvLdkGvVIaGditisvagieLltikLrlvlA 39
                              LaD++D +LdkG+VI++ +++s++gie+lti++r+v+A
  nat_db787bdce100ebe0b52f 22 LADVIDTILDKGLVIDAYVRVSLVGIEILTIDVRVVVA 59
                              9************************************8 PP

>> nat_d5cf1fda20a7d9852de3  
   #    score  bias  c-Evalue  i-Evalue hmmfrom  hmm to    alifrom  ali to    envfrom  env to     acc
 ---   ------ ----- --------- --------- ------- -------    ------- -------    ------- -------    ----
   1 !   49.4  10.4     1e-14   1.8e-14       2      39 .]      22      59 ..      21      59 .. 0.98

  Alignments for each domain:
  == domain 1  score: 49.4 bits;  conditional E-value: 1e-14
               Gas_vesicle  2 LaDlLDrvLdkGvVIaGditisvagieLltikLrlvlA 39
                              LaD++D +LdkG+VI++ +++s++gie+lti++r+v+A
  nat_d5cf1fda20a7d9852de3 22 LADVIDTILDKGLVIDAYVRVSLVGIEILTIDVRVVVA 59
                              9************************************8 PP

>> nat_905ebdcfc21b7ed8d2d2  
   #    score  bias  c-Evalue  i-Evalue hmmfrom  hmm to    alifrom  ali to    envfrom  env to     acc
 ---   ------ ----- --------- --------- ------- -------    ------- -------    ------- -------    ----
   1 !   49.6   8.4     9e-15   1.7e-14       2      39 .]      12      49 ..      11      49 .. 0.98

  Alignments for each domain:
  == domain 1  score: 49.6 bits;  conditional E-value: 9e-15
               Gas_vesicle  2 LaDlLDrvLdkGvVIaGditisvagieLltikLrlvlA 39
                              LaD++Dr+LdkGvV++   ++s++gieL+t+++r+v+A
  nat_905ebdcfc21b7ed8d2d2 12 LADVIDRILDKGVVVDLYARVSLVGIELITVEARVVVA 49
                              9************************************8 PP

>> nat_4ac4ff2acc517133e87a  
   #    score  bias  c-Evalue  i-Evalue hmmfrom  hmm to    alifrom  ali to    envfrom  env to     acc
 ---   ------ ----- --------- --------- ------- -------    ------- -------    ------- -------    ----
   1 !   49.6  11.9   8.7e-15   1.6e-14       1      39 []      15      53 ..      15      53 .. 0.97

  Alignments for each domain:
  == domain 1  score: 49.6 bits;  conditional E-value: 8.7e-15
               Gas_vesicle  1 sLaDlLDrvLdkGvVIaGditisvagieLltikLrlvlA 39
                              +L+D+LD++LdkG+ I+Gd+ is+agi+L++++Lr++++
  nat_4ac4ff2acc517133e87a 15 ALIDILDVILDKGIAIKGDLLISIAGIDLVYLDLRVLIS 53
                              599**********************************95 PP

>> nat_8a813f6e8cd834c61935  
   #    score  bias  c-Evalue  i-Evalue hmmfrom  hmm to    alifrom  ali to    envfrom  env to     acc
 ---   ------ ----- --------- --------- ------- -------    ------- -------    ------- -------    ----
   1 !   49.5   9.6   9.3e-15   1.7e-14       2      39 .]      10      47 ..       9      47 .. 0.98

  Alignments for each domain:
  == domain 1  score: 49.5 bits;  conditional E-value: 9.3e-15
               Gas_vesicle  2 LaDlLDrvLdkGvVIaGditisvagieLltikLrlvlA 39
                              LaD LD +LdkG+VI++++++sv gieLl i++r+v+A
  nat_8a813f6e8cd834c61935 10 LADTLDILLDKGLVIDASVRVSVIGIELLAIEARIVIA 47
                              9************************************8 PP

>> nat_1c790f352d60fc105062  
   #    score  bias  c-Evalue  i-Evalue hmmfrom  hmm to    alifrom  ali to    envfrom  env to     acc
 ---   ------ ----- --------- --------- ------- -------    ------- -------    ------- -------    ----
   1 !   49.5   9.6   9.5e-15   1.7e-14       2      39 .]      11      48 ..      10      48 .. 0.98

  Alignments for each domain:
  == domain 1  score: 49.5 bits;  conditional E-value: 9.5e-15
               Gas_vesicle  2 LaDlLDrvLdkGvVIaGditisvagieLltikLrlvlA 39
                              LaD LD +LdkG+VI++++++sv gieLl i++r+v+A
  nat_1c790f352d60fc105062 11 LADTLDILLDKGLVIDASVRVSVIGIELLAIEARIVIA 48
                              9************************************8 PP

>> nat_423e7db658438d5646a8  
   #    score  bias  c-Evalue  i-Evalue hmmfrom  hmm to    alifrom  ali to    envfrom  env to     acc
 ---   ------ ----- --------- --------- ------- -------    ------- -------    ------- -------    ----
   1 !   49.5   9.6   9.5e-15   1.7e-14       2      39 .]      11      48 ..      10      48 .. 0.98

  Alignments for each domain:
  == domain 1  score: 49.5 bits;  conditional E-value: 9.5e-15
               Gas_vesicle  2 LaDlLDrvLdkGvVIaGditisvagieLltikLrlvlA 39
                              LaD LD +LdkG+VI++++++sv gieLl i++r+v+A
  nat_423e7db658438d5646a8 11 LADTLDILLDKGLVIDASVRVSVIGIELLAIEARIVIA 48
                              9************************************8 PP

>> nat_7370222c1be99389cd87  
   #    score  bias  c-Evalue  i-Evalue hmmfrom  hmm to    alifrom  ali to    envfrom  env to     acc
 ---   ------ ----- --------- --------- ------- -------    ------- -------    ------- -------    ----
   1 !   49.6   6.2   9.1e-15   1.7e-14       2      38 ..      22      58 ..      21      59 .. 0.97

  Alignments for each domain:
  == domain 1  score: 49.6 bits;  conditional E-value: 9.1e-15
               Gas_vesicle  2 LaDlLDrvLdkGvVIaGditisvagieLltikLrlvl 38
                              L+DlLDrvL +GvV+ Gd+ i +a+++L++++L+++l
  nat_7370222c1be99389cd87 22 LVDLLDRVLGTGVVVSGDLVIAIADVPLVRVSLHALL 58
                              9**********************************98 PP

>> nat_ca44e444b9677c038eae  
   #    score  bias  c-Evalue  i-Evalue hmmfrom  hmm to    alifrom  ali to    envfrom  env to     acc
 ---   ------ ----- --------- --------- ------- -------    ------- -------    ------- -------    ----
   1 !   49.2  11.7   1.2e-14   2.2e-14       1      38 [.      31      68 ..      31      68 .. 0.97

  Alignments for each domain:
  == domain 1  score: 49.2 bits;  conditional E-value: 1.2e-14
               Gas_vesicle  1 sLaDlLDrvLdkGvVIaGditisvagieLltikLrlvl 38
                              +++DlLDrv + G+V++Gd++is+agi+L++++Lrl+l
  nat_ca44e444b9677c038eae 31 AIVDLLDRVVHRGAVVTGDVIISLAGIDLVRLDLRLLL 68
                              59**********************************97 PP

>> nat_8b60c84abe52648fea48  
   #    score  bias  c-Evalue  i-Evalue hmmfrom  hmm to    alifrom  ali to    envfrom  env to     acc
 ---   ------ ----- --------- --------- ------- -------    ------- -------    ------- -------    ----
   1 !   48.8  11.7   1.6e-14   2.9e-14       1      38 [.      41      78 ..      41      78 .. 0.97

  Alignments for each domain:
  == domain 1  score: 48.8 bits;  conditional E-value: 1.6e-14
               Gas_vesicle  1 sLaDlLDrvLdkGvVIaGditisvagieLltikLrlvl 38
                              +++DlLDrv + G+V++Gd++is+agi+L++++Lrl+l
  nat_8b60c84abe52648fea48 41 AIVDLLDRVVHRGAVVTGDVIISLAGIDLVRLDLRLLL 78
                              59**********************************97 PP

>> nat_89c790125075f3b587bb  
   #    score  bias  c-Evalue  i-Evalue hmmfrom  hmm to    alifrom  ali to    envfrom  env to     acc
 ---   ------ ----- --------- --------- ------- -------    ------- -------    ------- -------    ----
   1 !   49.7  12.0   8.3e-15   1.5e-14       2      39 .]      14      51 ..      13      51 .. 0.97

  Alignments for each domain:
  == domain 1  score: 49.7 bits;  conditional E-value: 8.3e-15
               Gas_vesicle  2 LaDlLDrvLdkGvVIaGditisvagieLltikLrlvlA 39
                              L+D+LD+vLdkGv I+Gd+++svagi+L++++Lr++++
  nat_89c790125075f3b587bb 14 LIDILDVVLDKGVAIKGDLILSVAGIDLVYLDLRILIS 51
                              99*********************************995 PP

>> nat_7c474a0845fc63bd9dc1  
   #    score  bias  c-Evalue  i-Evalue hmmfrom  hmm to    alifrom  ali to    envfrom  env to     acc
 ---   ------ ----- --------- --------- ------- -------    ------- -------    ------- -------    ----
   1 !   49.0   6.4   1.4e-14   2.6e-14       3      39 .]       2      38 ..       1      38 [. 0.98

  Alignments for each domain:
  == domain 1  score: 49.0 bits;  conditional E-value: 1.4e-14
               Gas_vesicle  3 aDlLDrvLdkGvVIaGditisvagieLltikLrlvlA 39
                              aD++D +LdkG+VI++  ++s++gieL+ti++r+v+A
  nat_7c474a0845fc63bd9dc1  2 ADVIDTILDKGLVIDAYARLSLVGIELITIDARIVIA 38
                              8***********************************8 PP

>> nat_2f3087b5aa2a281ad976  
   #    score  bias  c-Evalue  i-Evalue hmmfrom  hmm to    alifrom  ali to    envfrom  env to     acc
 ---   ------ ----- --------- --------- ------- -------    ------- -------    ------- -------    ----
   1 !   48.9   6.1   1.5e-14   2.7e-14       2      39 .]       9      46 ..       8      46 .. 0.98

  Alignments for each domain:
  == domain 1  score: 48.9 bits;  conditional E-value: 1.5e-14
               Gas_vesicle  2 LaDlLDrvLdkGvVIaGditisvagieLltikLrlvlA 39
                              La+ L+ +LdkG+VI++++++s+ gieLl+i++r+v+A
  nat_2f3087b5aa2a281ad976  9 LAETLNILLDKGLVIDASVKVSLIGIELLSIEARVVIA 46
                              9************************************8 PP

>> nat_7bc4c8a6ef4aaf9c7db6  
   #    score  bias  c-Evalue  i-Evalue hmmfrom  hmm to    alifrom  ali to    envfrom  env to     acc
 ---   ------ ----- --------- --------- ------- -------    ------- -------    ------- -------    ----
   1 !   49.3   6.3   1.1e-14     2e-14       2      39 .]      13      50 ..      12      50 .. 0.98

  Alignments for each domain:
  == domain 1  score: 49.3 bits;  conditional E-value: 1.1e-14
               Gas_vesicle  2 LaDlLDrvLdkGvVIaGditisvagieLltikLrlvlA 39
                              La+l++ +LdkGvVI++di ++v ++eLl+++Lr++lA
  nat_7bc4c8a6ef4aaf9c7db6 13 LAELVETLLDKGVVINADIVVTVGDTELLGVQLRAALA 50
                              8***********************************98 PP

>> nat_6ff1830293724c205a70  
   #    score  bias  c-Evalue  i-Evalue hmmfrom  hmm to    alifrom  ali to    envfrom  env to     acc
 ---   ------ ----- --------- --------- ------- -------    ------- -------    ------- -------    ----
   1 !   48.9   6.1   1.5e-14   2.7e-14       2      39 .]      10      47 ..       9      47 .. 0.98

  Alignments for each domain:
  == domain 1  score: 48.9 bits;  conditional E-value: 1.5e-14
               Gas_vesicle  2 LaDlLDrvLdkGvVIaGditisvagieLltikLrlvlA 39
                              La+ L+ +LdkG+VI++++++s+ gieLl+i++r+v+A
  nat_6ff1830293724c205a70 10 LAETLNILLDKGLVIDASVKVSLIGIELLSIEARVVIA 47
                              9************************************8 PP

>> nat_dfd554c04446a4377ab5  
   #    score  bias  c-Evalue  i-Evalue hmmfrom  hmm to    alifrom  ali to    envfrom  env to     acc
 ---   ------ ----- --------- --------- ------- -------    ------- -------    ------- -------    ----
   1 !   49.3   8.5   1.1e-14   2.1e-14       2      39 .]      11      48 ..      10      48 .. 0.98

  Alignments for each domain:
  == domain 1  score: 49.3 bits;  conditional E-value: 1.1e-14
               Gas_vesicle  2 LaDlLDrvLdkGvVIaGditisvagieLltikLrlvlA 39
                              LaD LD +LdkG+VI++++++sv gieLl i++r+++A
  nat_dfd554c04446a4377ab5 11 LADTLDILLDKGLVIDASVRVSVIGIELLAIEARIAIA 48
                              9************************************8 PP

>> nat_bdbbf2ca834284fb90df  
   #    score  bias  c-Evalue  i-Evalue hmmfrom  hmm to    alifrom  ali to    envfrom  env to     acc
 ---   ------ ----- --------- --------- ------- -------    ------- -------    ------- -------    ----
   1 !   49.3  10.1   1.1e-14     2e-14       2      39 .]      19      56 ..      18      56 .. 0.97

  Alignments for each domain:
  == domain 1  score: 49.3 bits;  conditional E-value: 1.1e-14
               Gas_vesicle  2 LaDlLDrvLdkGvVIaGditisvagieLltikLrlvlA 39
                              L D+L+rvLd G+V+ Gdi+i++ +ieLltikLrl++A
  nat_bdbbf2ca834284fb90df 19 LGDILERVLDRGLVVVGDIRINLLDIELLTIKLRLLVA 56
                              78***********************************8 PP

>> nat_13b048e7463efcc40ba1  
   #    score  bias  c-Evalue  i-Evalue hmmfrom  hmm to    alifrom  ali to    envfrom  env to     acc
 ---   ------ ----- --------- --------- ------- -------    ------- -------    ------- -------    ----
   1 !   49.1  10.3   1.2e-14   2.3e-14       1      39 []      12      50 ..      12      50 .. 0.98

  Alignments for each domain:
  == domain 1  score: 49.1 bits;  conditional E-value: 1.2e-14
               Gas_vesicle  1 sLaDlLDrvLdkGvVIaGditisvagieLltikLrlvlA 39
                              +La+++D +LdkG+VI++ +++s+ gieLlt+++r+v+A
  nat_13b048e7463efcc40ba1 12 TLAEVIDIILDKGLVIDAYVRVSLIGIELLTVDVRVVVA 50
                              79************************************8 PP

>> nat_e66080fefc6e1fc45cad  
   #    score  bias  c-Evalue  i-Evalue hmmfrom  hmm to    alifrom  ali to    envfrom  env to     acc
 ---   ------ ----- --------- --------- ------- -------    ------- -------    ------- -------    ----
   1 !   48.8  11.7   1.6e-14   2.8e-14       1      38 [.      40      77 ..      40      77 .. 0.97

  Alignments for each domain:
  == domain 1  score: 48.8 bits;  conditional E-value: 1.6e-14
               Gas_vesicle  1 sLaDlLDrvLdkGvVIaGditisvagieLltikLrlvl 38
                              +++DlLDrv + G+V++Gd++is+agi+L++++Lrl+l
  nat_e66080fefc6e1fc45cad 40 AIVDLLDRVVHRGAVVTGDVIISLAGIDLVRLDLRLLL 77
                              59**********************************97 PP

>> nat_9898cabbd5e0fe5bcffe  
   #    score  bias  c-Evalue  i-Evalue hmmfrom  hmm to    alifrom  ali to    envfrom  env to     acc
 ---   ------ ----- --------- --------- ------- -------    ------- -------    ------- -------    ----
   1 !   49.1  13.0   1.3e-14   2.3e-14       1      38 [.      16      53 ..      16      54 .. 0.97

  Alignments for each domain:
  == domain 1  score: 49.1 bits;  conditional E-value: 1.3e-14
               Gas_vesicle  1 sLaDlLDrvLdkGvVIaGditisvagieLltikLrlvl 38
                              +L+DlLDr+L+ GvVI Gd+ +s+a+++L++i+Lr+++
  nat_9898cabbd5e0fe5bcffe 16 ALVDLLDRLLAGGVVISGDLVLSIADVDLVRISLRVLI 53
                              69**********************************98 PP

>> nat_57c2b381c8bb4035d01c  
   #    score  bias  c-Evalue  i-Evalue hmmfrom  hmm to    alifrom  ali to    envfrom  env to     acc
 ---   ------ ----- --------- --------- ------- -------    ------- -------    ------- -------    ----
   1 !   48.7   9.4   1.7e-14   3.1e-14       2      39 .]      22      59 ..      21      59 .. 0.98

  Alignments for each domain:
  == domain 1  score: 48.7 bits;  conditional E-value: 1.7e-14
               Gas_vesicle  2 LaDlLDrvLdkGvVIaGditisvagieLltikLrlvlA 39
                              LaD++D +LdkG+VI++ +++s++gie lti++r+v+A
  nat_57c2b381c8bb4035d01c 22 LADVIDTILDKGLVIDAYVRVSLVGIEVLTIDARVVVA 59
                              9************************************8 PP

>> nat_09a4add84a42a4d7619a  
   #    score  bias  c-Evalue  i-Evalue hmmfrom  hmm to    alifrom  ali to    envfrom  env to     acc
 ---   ------ ----- --------- --------- ------- -------    ------- -------    ------- -------    ----
   1 !   48.6  11.7   1.8e-14   3.3e-14       1      38 [.      45      82 ..      45      82 .. 0.97

  Alignments for each domain:
  == domain 1  score: 48.6 bits;  conditional E-value: 1.8e-14
               Gas_vesicle  1 sLaDlLDrvLdkGvVIaGditisvagieLltikLrlvl 38
                              +++DlLDrv + G+V++Gd++is+agi+L++++Lrl+l
  nat_09a4add84a42a4d7619a 45 AIVDLLDRVVHRGAVVTGDVIISLAGIDLVRLDLRLLL 82
                              59**********************************97 PP

>> nat_cac659721d3722d1a8be  
   #    score  bias  c-Evalue  i-Evalue hmmfrom  hmm to    alifrom  ali to    envfrom  env to     acc
 ---   ------ ----- --------- --------- ------- -------    ------- -------    ------- -------    ----
   1 !   48.8  12.1   1.6e-14   2.9e-14       1      38 [.      23      60 ..      23      60 .. 0.98

  Alignments for each domain:
  == domain 1  score: 48.8 bits;  conditional E-value: 1.6e-14
               Gas_vesicle  1 sLaDlLDrvLdkGvVIaGditisvagieLltikLrlvl 38
                              +L+DlLDr+L+ GvV++Gd+ +s+a+i+L++i++r+++
  nat_cac659721d3722d1a8be 23 ALVDLLDRLLAGGVVVHGDLVLSIADIDLVRISVRALI 60
                              69**********************************98 PP

>> nat_e43d8fc75f0711ed613e  
   #    score  bias  c-Evalue  i-Evalue hmmfrom  hmm to    alifrom  ali to    envfrom  env to     acc
 ---   ------ ----- --------- --------- ------- -------    ------- -------    ------- -------    ----
   1 !   49.0   5.3   1.4e-14   2.6e-14       2      38 ..      25      61 ..      24      62 .. 0.97

  Alignments for each domain:
  == domain 1  score: 49.0 bits;  conditional E-value: 1.4e-14
               Gas_vesicle  2 LaDlLDrvLdkGvVIaGditisvagieLltikLrlvl 38
                              L+DlLDr+L++GvV++Gd+ + +a+++L++++L+++l
  nat_e43d8fc75f0711ed613e 25 LVDLLDRLLATGVVVTGDVVLAIAEVPLVRVSLHALL 61
                              9**********************************98 PP

>> nat_846fac879b04f20b8dd4  
   #    score  bias  c-Evalue  i-Evalue hmmfrom  hmm to    alifrom  ali to    envfrom  env to     acc
 ---   ------ ----- --------- --------- ------- -------    ------- -------    ------- -------    ----
   1 !   48.9   8.1   1.5e-14   2.8e-14       2      39 .]      29      66 ..      28      66 .. 0.98

  Alignments for each domain:
  == domain 1  score: 48.9 bits;  conditional E-value: 1.5e-14
               Gas_vesicle  2 LaDlLDrvLdkGvVIaGditisvagieLltikLrlvlA 39
                              L+DlLDrvL++GvV+ Gd+ + +a+++L++i+L+++lA
  nat_846fac879b04f20b8dd4 29 LVDLLDRVLATGVVVSGDLVLAIADVPLVRISLHVLLA 66
                              9***********************************98 PP

>> nat_ad1ac7e11fe15e3670a1  
   #    score  bias  c-Evalue  i-Evalue hmmfrom  hmm to    alifrom  ali to    envfrom  env to     acc
 ---   ------ ----- --------- --------- ------- -------    ------- -------    ------- -------    ----
   1 !   49.1  12.0   1.3e-14   2.3e-14       2      39 .]      14      51 ..      13      51 .. 0.97

  Alignments for each domain:
  == domain 1  score: 49.1 bits;  conditional E-value: 1.3e-14
               Gas_vesicle  2 LaDlLDrvLdkGvVIaGditisvagieLltikLrlvlA 39
                              L+D+LD+vLdkGv ++Gd++is+agi+L++++Lr++++
  nat_ad1ac7e11fe15e3670a1 14 LIDILDVVLDKGVALKGDLIISIAGIDLVYLDLRVLIS 51
                              99**********************************95 PP

>> nat_3062abb6a6afc7917c3a  
   #    score  bias  c-Evalue  i-Evalue hmmfrom  hmm to    alifrom  ali to    envfrom  env to     acc
 ---   ------ ----- --------- --------- ------- -------    ------- -------    ------- -------    ----
   1 !   48.7   6.9   1.7e-14   3.1e-14       2      39 .]      13      50 ..      12      50 .. 0.98

  Alignments for each domain:
  == domain 1  score: 48.7 bits;  conditional E-value: 1.7e-14
               Gas_vesicle  2 LaDlLDrvLdkGvVIaGditisvagieLltikLrlvlA 39
                              LaD+++ +LdkGvVI++di +sv ++eLl i++r+++A
  nat_3062abb6a6afc7917c3a 13 LADMVELLLDKGVVINADIAVSVGDTELLDIRIRAAIA 50
                              8************************************8 PP

>> nat_c8cecfb77632c28453b2  
   #    score  bias  c-Evalue  i-Evalue hmmfrom  hmm to    alifrom  ali to    envfrom  env to     acc
 ---   ------ ----- --------- --------- ------- -------    ------- -------    ------- -------    ----
   1 !   48.7  11.9   1.7e-14   3.2e-14       1      39 []       2      40 ..       2      40 .. 0.97

  Alignments for each domain:
  == domain 1  score: 48.7 bits;  conditional E-value: 1.7e-14
               Gas_vesicle  1 sLaDlLDrvLdkGvVIaGditisvagieLltikLrlvlA 39
                              +L+DlLDr+L+ GvVIaGd+t+ +a+++L++++Lr++++
  nat_c8cecfb77632c28453b2  2 ALIDLLDRLLAGGVVIAGDLTLRIADVDLVRVDLRALIS 40
                              599**********************************95 PP

>> nat_909a39bfcc83ce9d158a  
   #    score  bias  c-Evalue  i-Evalue hmmfrom  hmm to    alifrom  ali to    envfrom  env to     acc
 ---   ------ ----- --------- --------- ------- -------    ------- -------    ------- -------    ----
   1 !   48.6   9.4   1.8e-14   3.3e-14       2      39 .]       9      46 ..       8      46 .. 0.98

  Alignments for each domain:
  == domain 1  score: 48.6 bits;  conditional E-value: 1.8e-14
               Gas_vesicle  2 LaDlLDrvLdkGvVIaGditisvagieLltikLrlvlA 39
                              LaD++D +LdkG+VI++ +++s++gie lti++r+v+A
  nat_909a39bfcc83ce9d158a  9 LADVIDTILDKGLVIDAYVRVSLVGIEVLTIDARIVVA 46
                              9************************************8 PP

>> nat_6e6ce758d8c4852aa4fa  
   #    score  bias  c-Evalue  i-Evalue hmmfrom  hmm to    alifrom  ali to    envfrom  env to     acc
 ---   ------ ----- --------- --------- ------- -------    ------- -------    ------- -------    ----
   1 !   48.5   7.4     2e-14   3.7e-14       2      39 .]      11      48 ..      10      48 .. 0.98

  Alignments for each domain:
  == domain 1  score: 48.5 bits;  conditional E-value: 2e-14
               Gas_vesicle  2 LaDlLDrvLdkGvVIaGditisvagieLltikLrlvlA 39
                              LaD L+ +LdkG+VI++ +++s+ gieLl+i++r+v+A
  nat_6e6ce758d8c4852aa4fa 11 LADTLNILLDKGLVIDATVKVSLIGIELLSIEARVVIA 48
                              9************************************8 PP

>> nat_6bb19b9be704c758f3bf  
   #    score  bias  c-Evalue  i-Evalue hmmfrom  hmm to    alifrom  ali to    envfrom  env to     acc
 ---   ------ ----- --------- --------- ------- -------    ------- -------    ------- -------    ----
   1 !   48.5  11.8   1.9e-14   3.5e-14       1      38 [.      29      66 ..      29      66 .. 0.97

  Alignments for each domain:
  == domain 1  score: 48.5 bits;  conditional E-value: 1.9e-14
               Gas_vesicle  1 sLaDlLDrvLdkGvVIaGditisvagieLltikLrlvl 38
                              +++DlLDrv + G+V++Gd+ is+agi+L++++Lrl+l
  nat_6bb19b9be704c758f3bf 29 AIVDLLDRVVHRGAVVTGDVVISLAGIDLVRLDLRLLL 66
                              59**********************************97 PP

>> nat_153fd28bce58c6b649fd  
   #    score  bias  c-Evalue  i-Evalue hmmfrom  hmm to    alifrom  ali to    envfrom  env to     acc
 ---   ------ ----- --------- --------- ------- -------    ------- -------    ------- -------    ----
   1 !   48.7  12.8   1.7e-14   3.2e-14       1      39 []      23      61 ..      23      61 .. 0.98

  Alignments for each domain:
  == domain 1  score: 48.7 bits;  conditional E-value: 1.7e-14
               Gas_vesicle  1 sLaDlLDrvLdkGvVIaGditisvagieLltikLrlvlA 39
                              +L+DlLDr+L+ GvV++Gd+ +s+a+i+L++++Lr++l+
  nat_153fd28bce58c6b649fd 23 ALVDLLDRLLAGGVVVTGDLVLSIADIDLVRVSLRVLLT 61
                              69***********************************97 PP

>> nat_c383624a53bd673fde11  
   #    score  bias  c-Evalue  i-Evalue hmmfrom  hmm to    alifrom  ali to    envfrom  env to     acc
 ---   ------ ----- --------- --------- ------- -------    ------- -------    ------- -------    ----
   1 !   48.7   6.1   1.7e-14   3.1e-14       2      38 ..      29      65 ..      28      66 .. 0.97

  Alignments for each domain:
  == domain 1  score: 48.7 bits;  conditional E-value: 1.7e-14
               Gas_vesicle  2 LaDlLDrvLdkGvVIaGditisvagieLltikLrlvl 38
                              L+DlLDrvL++GvV+ Gd+ + +a+++L++++L+++l
  nat_c383624a53bd673fde11 29 LVDLLDRVLATGVVVSGDLVLAIADVPLVRVSLHALL 65
                              9**********************************98 PP

>> nat_4b9401c72d1b603af896  
   #    score  bias  c-Evalue  i-Evalue hmmfrom  hmm to    alifrom  ali to    envfrom  env to     acc
 ---   ------ ----- --------- --------- ------- -------    ------- -------    ------- -------    ----
   1 !   48.7   6.1   1.7e-14   3.1e-14       2      38 ..      29      65 ..      28      66 .. 0.97

  Alignments for each domain:
  == domain 1  score: 48.7 bits;  conditional E-value: 1.7e-14
               Gas_vesicle  2 LaDlLDrvLdkGvVIaGditisvagieLltikLrlvl 38
                              L+DlLDrvL++GvV+ Gd+ + +a+++L++++L+++l
  nat_4b9401c72d1b603af896 29 LVDLLDRVLATGVVVSGDLVLAIADVPLVRVSLHALL 65
                              9**********************************98 PP

>> nat_76b9bfd05f9cb7a2e5e7  
   #    score  bias  c-Evalue  i-Evalue hmmfrom  hmm to    alifrom  ali to    envfrom  env to     acc
 ---   ------ ----- --------- --------- ------- -------    ------- -------    ------- -------    ----
   1 !   48.3  12.1   2.3e-14   4.2e-14       1      38 [.      24      61 ..      24      61 .. 0.97

  Alignments for each domain:
  == domain 1  score: 48.3 bits;  conditional E-value: 2.3e-14
               Gas_vesicle  1 sLaDlLDrvLdkGvVIaGditisvagieLltikLrlvl 38
                              +L+DlLDr+L+ GvV++Gd+ +s+a+i+L++i+Lr++l
  nat_76b9bfd05f9cb7a2e5e7 24 ALVDLLDRLLAGGVVVTGDLVLSIADIDLVRISLRALL 61
                              69**********************************97 PP

>> nat_d77f2785267c8b1305ed  
   #    score  bias  c-Evalue  i-Evalue hmmfrom  hmm to    alifrom  ali to    envfrom  env to     acc
 ---   ------ ----- --------- --------- ------- -------    ------- -------    ------- -------    ----
   1 !   48.5   9.5   1.9e-14   3.5e-14       2      39 .]      11      48 ..      10      48 .. 0.98

  Alignments for each domain:
  == domain 1  score: 48.5 bits;  conditional E-value: 1.9e-14
               Gas_vesicle  2 LaDlLDrvLdkGvVIaGditisvagieLltikLrlvlA 39
                              LaD LD +LdkG+VI++++++sv gieLl +++r+v+A
  nat_d77f2785267c8b1305ed 11 LADTLDILLDKGLVIDASVRVSVIGIELLALEARIVIA 48
                              9************************************8 PP

>> nat_ad3e371bbe2427eb778d  
   #    score  bias  c-Evalue  i-Evalue hmmfrom  hmm to    alifrom  ali to    envfrom  env to     acc
 ---   ------ ----- --------- --------- ------- -------    ------- -------    ------- -------    ----
   1 !   48.5  12.6     2e-14   3.6e-14       1      38 [.      17      54 ..      17      55 .. 0.98

  Alignments for each domain:
  == domain 1  score: 48.5 bits;  conditional E-value: 2e-14
               Gas_vesicle  1 sLaDlLDrvLdkGvVIaGditisvagieLltikLrlvl 38
                              +L+DlLDr+L  GvV++Gd+ +s+a+i+L++i+Lr+v+
  nat_ad3e371bbe2427eb778d 17 ALIDLLDRLLSGGVVVTGDVVLSIADIDLVRISLRAVV 54
                              599*********************************98 PP

>> nat_cac1fc977093c9f79251  
   #    score  bias  c-Evalue  i-Evalue hmmfrom  hmm to    alifrom  ali to    envfrom  env to     acc
 ---   ------ ----- --------- --------- ------- -------    ------- -------    ------- -------    ----
   1 !   48.2  11.8   2.5e-14   4.5e-14       1      38 [.      37      74 ..      37      74 .. 0.97

  Alignments for each domain:
  == domain 1  score: 48.2 bits;  conditional E-value: 2.5e-14
               Gas_vesicle  1 sLaDlLDrvLdkGvVIaGditisvagieLltikLrlvl 38
                              +++DlLDrv + G+V++Gd+ is+agi+L++++Lrl+l
  nat_cac1fc977093c9f79251 37 AIVDLLDRVVHRGAVVTGDVVISLAGIDLVRLDLRLLL 74
                              59**********************************97 PP

>> nat_fc9079f395e9793f6462  
   #    score  bias  c-Evalue  i-Evalue hmmfrom  hmm to    alifrom  ali to    envfrom  env to     acc
 ---   ------ ----- --------- --------- ------- -------    ------- -------    ------- -------    ----
   1 !   48.2   9.6   2.4e-14   4.5e-14       5      39 .]      20      54 ..      16      54 .. 0.96

  Alignments for each domain:
  == domain 1  score: 48.2 bits;  conditional E-value: 2.4e-14
               Gas_vesicle  5 lLDrvLdkGvVIaGditisvagieLltikLrlvlA 39
                              +L+r+LdkG+VI Gdi + ++g+eL+ti+Lrl++A
  nat_fc9079f395e9793f6462 20 ILERILDKGIVIVGDIALELVGVELITIRLRLLIA 54
                              8*********************************8 PP

>> nat_40323b53e14ada1bf4ba  
   #    score  bias  c-Evalue  i-Evalue hmmfrom  hmm to    alifrom  ali to    envfrom  env to     acc
 ---   ------ ----- --------- --------- ------- -------    ------- -------    ------- -------    ----
   1 !   48.2  12.4   2.4e-14   4.3e-14       1      39 []      13      51 ..      13      51 .. 0.98

  Alignments for each domain:
  == domain 1  score: 48.2 bits;  conditional E-value: 2.4e-14
               Gas_vesicle  1 sLaDlLDrvLdkGvVIaGditisvagieLltikLrlvlA 39
                              +L+Dl+Dr++  GvV++Gd+ +s+ag++L++++LrlvlA
  nat_40323b53e14ada1bf4ba 13 ALVDLVDRLIGGGVVVTGDVVLSLAGVDLVYLGLRLVLA 51
                              69************************************8 PP

>> nat_54bba105484c79f2fd90  
   #    score  bias  c-Evalue  i-Evalue hmmfrom  hmm to    alifrom  ali to    envfrom  env to     acc
 ---   ------ ----- --------- --------- ------- -------    ------- -------    ------- -------    ----
   1 !   47.9   7.2   3.1e-14   5.6e-14       2      39 .]      10      47 ..       9      47 .. 0.98

  Alignments for each domain:
  == domain 1  score: 47.9 bits;  conditional E-value: 3.1e-14
               Gas_vesicle  2 LaDlLDrvLdkGvVIaGditisvagieLltikLrlvlA 39
                              La+ L+ +LdkG+VI+++i++sv gieLl i++r+v+A
  nat_54bba105484c79f2fd90 10 LAETLNILLDKGLVIDASIRVSVIGIELLAIEARIVIA 47
                              9************************************8 PP

>> nat_ab04988c687da6715ca9  
   #    score  bias  c-Evalue  i-Evalue hmmfrom  hmm to    alifrom  ali to    envfrom  env to     acc
 ---   ------ ----- --------- --------- ------- -------    ------- -------    ------- -------    ----
   1 !   48.2   5.9   2.4e-14   4.4e-14       1      39 []      10      48 ..      10      48 .. 0.99

  Alignments for each domain:
  == domain 1  score: 48.2 bits;  conditional E-value: 2.4e-14
               Gas_vesicle  1 sLaDlLDrvLdkGvVIaGditisvagieLltikLrlvlA 39
                              sLa+++Dr+L kG++I+   ++s++gieLl i++r+v+A
  nat_ab04988c687da6715ca9 10 SLAEVIDRILTKGIIIDLYARVSLVGIELLAIEARVVIA 48
                              8*************************************8 PP

>> nat_17858e67067c36a2a936  
   #    score  bias  c-Evalue  i-Evalue hmmfrom  hmm to    alifrom  ali to    envfrom  env to     acc
 ---   ------ ----- --------- --------- ------- -------    ------- -------    ------- -------    ----
   1 !   48.1   8.4   2.5e-14   4.7e-14       2      39 .]      11      48 ..      10      48 .. 0.98

  Alignments for each domain:
  == domain 1  score: 48.1 bits;  conditional E-value: 2.5e-14
               Gas_vesicle  2 LaDlLDrvLdkGvVIaGditisvagieLltikLrlvlA 39
                              LaD L+ +LdkG+VI++++++sv gieLl i++r+v+A
  nat_17858e67067c36a2a936 11 LADTLNILLDKGLVIDASVRVSVIGIELLAIEARIVIA 48
                              9************************************8 PP

>> nat_2f4bcf9c4df2b9e2be92  
   #    score  bias  c-Evalue  i-Evalue hmmfrom  hmm to    alifrom  ali to    envfrom  env to     acc
 ---   ------ ----- --------- --------- ------- -------    ------- -------    ------- -------    ----
   1 !   47.9   5.7   3.1e-14   5.7e-14       1      39 []      27      65 ..      27      65 .. 0.98

  Alignments for each domain:
  == domain 1  score: 47.9 bits;  conditional E-value: 3.1e-14
               Gas_vesicle  1 sLaDlLDrvLdkGvVIaGditisvagieLltikLrlvlA 39
                              +L+Dl+D +LdkG+ ++G++ i++ag++L++++L ++++
  nat_2f4bcf9c4df2b9e2be92 27 TLLDLVDNLLDKGLLVHGELVIGLAGVDLVYVGLSAMIC 65
                              79***********************************97 PP

>> nat_7afd227c19d88f493be5  
   #    score  bias  c-Evalue  i-Evalue hmmfrom  hmm to    alifrom  ali to    envfrom  env to     acc
 ---   ------ ----- --------- --------- ------- -------    ------- -------    ------- -------    ----
   1 !   48.0   7.2   2.8e-14   5.2e-14       2      39 .]      13      50 ..      12      50 .. 0.98

  Alignments for each domain:
  == domain 1  score: 48.0 bits;  conditional E-value: 2.8e-14
               Gas_vesicle  2 LaDlLDrvLdkGvVIaGditisvagieLltikLrlvlA 39
                              LaD+++ +LdkGvVI++di ++v ++eLl++kLr+++A
  nat_7afd227c19d88f493be5 13 LADVVELLLDKGVVINADIAVTVGETELLGVKLRAAVA 50
                              9***********************************98 PP

>> nat_1326ea501afe38d8f672  
   #    score  bias  c-Evalue  i-Evalue hmmfrom  hmm to    alifrom  ali to    envfrom  env to     acc
 ---   ------ ----- --------- --------- ------- -------    ------- -------    ------- -------    ----
   1 !   47.9  11.7   3.1e-14   5.6e-14       2      38 ..      33      69 ..      32      69 .. 0.97

  Alignments for each domain:
  == domain 1  score: 47.9 bits;  conditional E-value: 3.1e-14
               Gas_vesicle  2 LaDlLDrvLdkGvVIaGditisvagieLltikLrlvl 38
                              ++DlLDrv + G+V++Gd++is+agi+L++++Lrl+l
  nat_1326ea501afe38d8f672 33 VVDLLDRVVHRGAVVTGDVIISLAGIDLVRLDLRLLL 69
                              79*********************************97 PP

>> nat_3d9edce97c58d4805f58  
   #    score  bias  c-Evalue  i-Evalue hmmfrom  hmm to    alifrom  ali to    envfrom  env to     acc
 ---   ------ ----- --------- --------- ------- -------    ------- -------    ------- -------    ----
   1 !   47.8   9.5   3.2e-14   5.9e-14       1      39 []      17      55 ..      17      55 .. 0.99

  Alignments for each domain:
  == domain 1  score: 47.8 bits;  conditional E-value: 3.2e-14
               Gas_vesicle  1 sLaDlLDrvLdkGvVIaGditisvagieLltikLrlvlA 39
                              sLaD++D +LdkG+VI+  +++s++gieLlti++r+v+A
  nat_3d9edce97c58d4805f58 17 SLADVIDTILDKGLVIDIYVRVSLVGIELLTIDARIVIA 55
                              8*************************************8 PP

>> nat_675982ec30ea7a2f5047  
   #    score  bias  c-Evalue  i-Evalue hmmfrom  hmm to    alifrom  ali to    envfrom  env to     acc
 ---   ------ ----- --------- --------- ------- -------    ------- -------    ------- -------    ----
   1 !   47.8   9.1   3.2e-14   5.9e-14       2      39 .]      17      54 ..      16      54 .. 0.98

  Alignments for each domain:
  == domain 1  score: 47.8 bits;  conditional E-value: 3.2e-14
               Gas_vesicle  2 LaDlLDrvLdkGvVIaGditisvagieLltikLrlvlA 39
                              L+D+L+ +Ld GvVI++ +++s++gie+l+i++r+v+A
  nat_675982ec30ea7a2f5047 17 LYDVLELILDRGVVIDAFVRVSLVGIEILKIDVRIVIA 54
                              99***********************************8 PP

>> nat_4a1d68dafdaa878722dd  
   #    score  bias  c-Evalue  i-Evalue hmmfrom  hmm to    alifrom  ali to    envfrom  env to     acc
 ---   ------ ----- --------- --------- ------- -------    ------- -------    ------- -------    ----
   1 !   48.0  12.4   2.7e-14     5e-14       1      38 [.      19      56 ..      19      57 .. 0.97

  Alignments for each domain:
  == domain 1  score: 48.0 bits;  conditional E-value: 2.7e-14
               Gas_vesicle  1 sLaDlLDrvLdkGvVIaGditisvagieLltikLrlvl 38
                              +L+DlLDr+L  GvV++Gd+ +s+a+i+L++i+Lr+++
  nat_4a1d68dafdaa878722dd 19 ALIDLLDRLLSGGVVVTGDVVLSIADIDLVRISLRALI 56
                              599*********************************98 PP

>> nat_2d9f554b7cf506370a12  
   #    score  bias  c-Evalue  i-Evalue hmmfrom  hmm to    alifrom  ali to    envfrom  env to     acc
 ---   ------ ----- --------- --------- ------- -------    ------- -------    ------- -------    ----
   1 !   48.0  12.4   2.7e-14     5e-14       1      38 [.      19      56 ..      19      57 .. 0.97

  Alignments for each domain:
  == domain 1  score: 48.0 bits;  conditional E-value: 2.7e-14
               Gas_vesicle  1 sLaDlLDrvLdkGvVIaGditisvagieLltikLrlvl 38
                              +L+DlLDr+L  GvV++Gd+ +s+a+i+L++i+Lr+++
  nat_2d9f554b7cf506370a12 19 ALIDLLDRLLSGGVVVTGDVVLSIADIDLVRISLRALI 56
                              599*********************************98 PP

>> nat_4814a0d12e58e5e9beba  
   #    score  bias  c-Evalue  i-Evalue hmmfrom  hmm to    alifrom  ali to    envfrom  env to     acc
 ---   ------ ----- --------- --------- ------- -------    ------- -------    ------- -------    ----
   1 !   47.8   9.4   3.2e-14   5.8e-14       2      39 .]      18      55 ..      17      55 .. 0.98

  Alignments for each domain:
  == domain 1  score: 47.8 bits;  conditional E-value: 3.2e-14
               Gas_vesicle  2 LaDlLDrvLdkGvVIaGditisvagieLltikLrlvlA 39
                              L+D+L+ +Ld G+VI++ i++sv gieLlti++r+v+A
  nat_4814a0d12e58e5e9beba 18 LYDVLELILDRGLVIDACIRVSVIGIELLTIDIRIVVA 55
                              99***********************************8 PP

>> nat_1f2decc9d9629b127278  
   #    score  bias  c-Evalue  i-Evalue hmmfrom  hmm to    alifrom  ali to    envfrom  env to     acc
 ---   ------ ----- --------- --------- ------- -------    ------- -------    ------- -------    ----
   1 !   47.7   9.5   3.5e-14   6.3e-14       1      39 []      17      55 ..      17      55 .. 0.99

  Alignments for each domain:
  == domain 1  score: 47.7 bits;  conditional E-value: 3.5e-14
               Gas_vesicle  1 sLaDlLDrvLdkGvVIaGditisvagieLltikLrlvlA 39
                              sLaD++D +LdkG+VI+  +++s++gieLlti++r+v+A
  nat_1f2decc9d9629b127278 17 SLADVIDTILDKGLVIDIYVRVSLVGIELLTIDARIVIA 55
                              8*************************************8 PP

>> nat_9e4e510bac6a23505f71  
   #    score  bias  c-Evalue  i-Evalue hmmfrom  hmm to    alifrom  ali to    envfrom  env to     acc
 ---   ------ ----- --------- --------- ------- -------    ------- -------    ------- -------    ----
   1 !   48.0  12.4   2.8e-14   5.1e-14       1      38 [.      21      58 ..      21      59 .. 0.97

  Alignments for each domain:
  == domain 1  score: 48.0 bits;  conditional E-value: 2.8e-14
               Gas_vesicle  1 sLaDlLDrvLdkGvVIaGditisvagieLltikLrlvl 38
                              +L+DlLDr+L  GvV++Gd+ +s+a+i+L++i+Lr+++
  nat_9e4e510bac6a23505f71 21 ALIDLLDRLLSGGVVVTGDVVLSIADIDLVRISLRALI 58
                              599*********************************98 PP

>> nat_e3bf29001a743e3b64f9  
   #    score  bias  c-Evalue  i-Evalue hmmfrom  hmm to    alifrom  ali to    envfrom  env to     acc
 ---   ------ ----- --------- --------- ------- -------    ------- -------    ------- -------    ----
   1 !   47.7   9.5   3.5e-14   6.3e-14       1      39 []      17      55 ..      17      55 .. 0.99

  Alignments for each domain:
  == domain 1  score: 47.7 bits;  conditional E-value: 3.5e-14
               Gas_vesicle  1 sLaDlLDrvLdkGvVIaGditisvagieLltikLrlvlA 39
                              sLaD++D +LdkG+VI+  +++s++gieLlti++r+v+A
  nat_e3bf29001a743e3b64f9 17 SLADVIDTILDKGLVIDIYVRVSLVGIELLTIDARIVIA 55
                              8*************************************8 PP

>> nat_e7351ec1bbef6e825734  
   #    score  bias  c-Evalue  i-Evalue hmmfrom  hmm to    alifrom  ali to    envfrom  env to     acc
 ---   ------ ----- --------- --------- ------- -------    ------- -------    ------- -------    ----
   1 !   47.7   9.1   3.4e-14   6.2e-14       2      39 .]      16      53 ..      15      53 .. 0.98

  Alignments for each domain:
  == domain 1  score: 47.7 bits;  conditional E-value: 3.4e-14
               Gas_vesicle  2 LaDlLDrvLdkGvVIaGditisvagieLltikLrlvlA 39
                              L+D+L+++Ld G+VI++ +++s++gie+l+i++r+v+A
  nat_e7351ec1bbef6e825734 16 LYDVLEVILDRGLVIDAFVRVSLVGIEILKIDIRVVVA 53
                              99***********************************8 PP

>> nat_20254df8ceedab382494  
   #    score  bias  c-Evalue  i-Evalue hmmfrom  hmm to    alifrom  ali to    envfrom  env to     acc
 ---   ------ ----- --------- --------- ------- -------    ------- -------    ------- -------    ----
   1 !   47.8   6.4   3.2e-14   5.9e-14       1      39 []      11      49 ..      11      49 .. 0.99

  Alignments for each domain:
  == domain 1  score: 47.8 bits;  conditional E-value: 3.2e-14
               Gas_vesicle  1 sLaDlLDrvLdkGvVIaGditisvagieLltikLrlvlA 39
                              sLa++LDr+L+kG+VI+  ++ s+ gieLlt+++r+v+A
  nat_20254df8ceedab382494 11 SLAEVLDRILEKGIVIDIFVRASLLGIELLTADVRIVIA 49
                              8*************************************8 PP

>> nat_ec115643818e77b77aa3  
   #    score  bias  c-Evalue  i-Evalue hmmfrom  hmm to    alifrom  ali to    envfrom  env to     acc
 ---   ------ ----- --------- --------- ------- -------    ------- -------    ------- -------    ----
   1 !   47.5  11.7     4e-14   7.3e-14       2      38 ..      42      78 ..      41      78 .. 0.97

  Alignments for each domain:
  == domain 1  score: 47.5 bits;  conditional E-value: 4e-14
               Gas_vesicle  2 LaDlLDrvLdkGvVIaGditisvagieLltikLrlvl 38
                              ++DlLDrv + G+V++Gd++is+agi+L++++Lrl+l
  nat_ec115643818e77b77aa3 42 VVDLLDRVVHRGAVVTGDVIISLAGIDLVRLDLRLLL 78
                              79*********************************97 PP

>> nat_1907353f8ac65d71949b  
   #    score  bias  c-Evalue  i-Evalue hmmfrom  hmm to    alifrom  ali to    envfrom  env to     acc
 ---   ------ ----- --------- --------- ------- -------    ------- -------    ------- -------    ----
   1 !   47.6  11.7   3.8e-14   6.9e-14       2      38 ..      40      76 ..      39      76 .. 0.97

  Alignments for each domain:
  == domain 1  score: 47.6 bits;  conditional E-value: 3.8e-14
               Gas_vesicle  2 LaDlLDrvLdkGvVIaGditisvagieLltikLrlvl 38
                              ++DlLDrv + G+V++Gd++is+agi+L++++Lrl+l
  nat_1907353f8ac65d71949b 40 VVDLLDRVVHRGAVVTGDVIISLAGIDLVRLDLRLLL 76
                              79*********************************97 PP

>> nat_86681ddf38afc42e15b1  
   #    score  bias  c-Evalue  i-Evalue hmmfrom  hmm to    alifrom  ali to    envfrom  env to     acc
 ---   ------ ----- --------- --------- ------- -------    ------- -------    ------- -------    ----
   1 !   47.7  12.4   3.4e-14   6.3e-14       1      38 [.      22      59 ..      22      60 .. 0.97

  Alignments for each domain:
  == domain 1  score: 47.7 bits;  conditional E-value: 3.4e-14
               Gas_vesicle  1 sLaDlLDrvLdkGvVIaGditisvagieLltikLrlvl 38
                              +L+DlLDr+L  GvV++Gd+ +s+a+i+L++i+Lr+++
  nat_86681ddf38afc42e15b1 22 ALIDLLDRLLSGGVVVTGDVVLSIADIDLVRISLRALI 59
                              599*********************************98 PP

>> nat_ce9c7c0f4a921a6df25f  
   #    score  bias  c-Evalue  i-Evalue hmmfrom  hmm to    alifrom  ali to    envfrom  env to     acc
 ---   ------ ----- --------- --------- ------- -------    ------- -------    ------- -------    ----
   1 !   47.7   7.6   3.5e-14   6.5e-14       1      39 []      10      48 ..      10      48 .. 0.97

  Alignments for each domain:
  == domain 1  score: 47.7 bits;  conditional E-value: 3.5e-14
               Gas_vesicle  1 sLaDlLDrvLdkGvVIaGditisvagieLltikLrlvlA 39
                              +L+D+LDr+LdkG+V++ + ++sv+gie+lt+++r+v A
  nat_ce9c7c0f4a921a6df25f 10 NLVDVLDRILDKGLVVDIWARVSVVGIEILTVEARIVAA 48
                              69**********************************976 PP

>> nat_065fd8fdc2701d3a4560  
   #    score  bias  c-Evalue  i-Evalue hmmfrom  hmm to    alifrom  ali to    envfrom  env to     acc
 ---   ------ ----- --------- --------- ------- -------    ------- -------    ------- -------    ----
   1 !   47.2   7.7   4.9e-14   9.1e-14       1      39 []      27      65 ..      27      65 .. 0.98

  Alignments for each domain:
  == domain 1  score: 47.2 bits;  conditional E-value: 4.9e-14
               Gas_vesicle  1 sLaDlLDrvLdkGvVIaGditisvagieLltikLrlvlA 39
                              +L+Dl+D +LdkG+ ++G++ i++ag++L++++L +v++
  nat_065fd8fdc2701d3a4560 27 TLLDLVDNLLDKGLLVHGELVIGLAGVDLVYVGLSAVIC 65
                              79***********************************97 PP

>> nat_bab08881e7a072b3f11f  
   #    score  bias  c-Evalue  i-Evalue hmmfrom  hmm to    alifrom  ali to    envfrom  env to     acc
 ---   ------ ----- --------- --------- ------- -------    ------- -------    ------- -------    ----
   1 !   47.3   8.0   4.8e-14   8.7e-14       2      39 .]      11      48 ..      10      48 .. 0.98

  Alignments for each domain:
  == domain 1  score: 47.3 bits;  conditional E-value: 4.8e-14
               Gas_vesicle  2 LaDlLDrvLdkGvVIaGditisvagieLltikLrlvlA 39
                              LaD L+ +LdkG+VI++++++s+ gieLl i++r+v+A
  nat_bab08881e7a072b3f11f 11 LADTLNILLDKGLVIDASVKVSLIGIELLAIEARIVIA 48
                              9************************************8 PP

>> nat_119a2208a386f4a54d9d  
   #    score  bias  c-Evalue  i-Evalue hmmfrom  hmm to    alifrom  ali to    envfrom  env to     acc
 ---   ------ ----- --------- --------- ------- -------    ------- -------    ------- -------    ----
   1 !   47.3  11.8   4.8e-14   8.8e-14       2      38 ..      30      66 ..      29      66 .. 0.97

  Alignments for each domain:
  == domain 1  score: 47.3 bits;  conditional E-value: 4.8e-14
               Gas_vesicle  2 LaDlLDrvLdkGvVIaGditisvagieLltikLrlvl 38
                              ++DlLDrv + G+V++Gd+ is+agi+L++++Lrl+l
  nat_119a2208a386f4a54d9d 30 VVDLLDRVVHRGAVVTGDVVISLAGIDLVRLDLRLLL 66
                              79*********************************97 PP

>> nat_568a29ab96947d1f56cd  
   #    score  bias  c-Evalue  i-Evalue hmmfrom  hmm to    alifrom  ali to    envfrom  env to     acc
 ---   ------ ----- --------- --------- ------- -------    ------- -------    ------- -------    ----
   1 !   47.4   7.7   4.4e-14   8.1e-14       1      39 []      11      49 ..      11      49 .. 0.99

  Alignments for each domain:
  == domain 1  score: 47.4 bits;  conditional E-value: 4.4e-14
               Gas_vesicle  1 sLaDlLDrvLdkGvVIaGditisvagieLltikLrlvlA 39
                              sLa++LDr+L+kG+VI+  +++s+ gieLl ++ r+v+A
  nat_568a29ab96947d1f56cd 11 SLAEVLDRILEKGIVIDLFVRVSLLGIELLAVDGRIVIA 49
                              8*************************************8 PP

>> nat_9347e512b923af873132  
   #    score  bias  c-Evalue  i-Evalue hmmfrom  hmm to    alifrom  ali to    envfrom  env to     acc
 ---   ------ ----- --------- --------- ------- -------    ------- -------    ------- -------    ----
   1 !   47.3   8.0   4.8e-14   8.7e-14       2      39 .]      11      48 ..      10      48 .. 0.98

  Alignments for each domain:
  == domain 1  score: 47.3 bits;  conditional E-value: 4.8e-14
               Gas_vesicle  2 LaDlLDrvLdkGvVIaGditisvagieLltikLrlvlA 39
                              LaD L+ +LdkG+VI++++++s+ gieLl i++r+v+A
  nat_9347e512b923af873132 11 LADTLNILLDKGLVIDASVKVSLIGIELLAIEARIVIA 48
                              9************************************8 PP

>> nat_738e58b1a8b51b7eb17a  
   #    score  bias  c-Evalue  i-Evalue hmmfrom  hmm to    alifrom  ali to    envfrom  env to     acc
 ---   ------ ----- --------- --------- ------- -------    ------- -------    ------- -------    ----
   1 !   46.9   8.9   6.4e-14   1.2e-13       2      39 .]      16      53 ..      15      53 .. 0.98

  Alignments for each domain:
  == domain 1  score: 46.9 bits;  conditional E-value: 6.4e-14
               Gas_vesicle  2 LaDlLDrvLdkGvVIaGditisvagieLltikLrlvlA 39
                              L+D+L+ +Ld G+VI++ i++s++gie+l+i++r+v+A
  nat_738e58b1a8b51b7eb17a 16 LYDVLELILDRGLVIDAFIRVSLVGIEILKIDVRIVVA 53
                              99***********************************8 PP

>> nat_7fe76358dfedb7e7d8ad  
   #    score  bias  c-Evalue  i-Evalue hmmfrom  hmm to    alifrom  ali to    envfrom  env to     acc
 ---   ------ ----- --------- --------- ------- -------    ------- -------    ------- -------    ----
   1 !   47.1  11.2   5.4e-14     1e-13       1      38 [.      23      60 ..      23      60 .. 0.98

  Alignments for each domain:
  == domain 1  score: 47.1 bits;  conditional E-value: 5.4e-14
               Gas_vesicle  1 sLaDlLDrvLdkGvVIaGditisvagieLltikLrlvl 38
                              +L+DlLDr+L+ Gv ++Gd+ +s+a+i+L++i+Lrl++
  nat_7fe76358dfedb7e7d8ad 23 ALVDLLDRLLAGGVTVNGDVVLSIADIDLVQISLRLLI 60
                              69**********************************98 PP

>> nat_367976824ecb68e9f969  
   #    score  bias  c-Evalue  i-Evalue hmmfrom  hmm to    alifrom  ali to    envfrom  env to     acc
 ---   ------ ----- --------- --------- ------- -------    ------- -------    ------- -------    ----
   1 !   47.1   9.0   5.2e-14   9.5e-14       2      39 .]      16      53 ..      15      53 .. 0.98

  Alignments for each domain:
  == domain 1  score: 47.1 bits;  conditional E-value: 5.2e-14
               Gas_vesicle  2 LaDlLDrvLdkGvVIaGditisvagieLltikLrlvlA 39
                              L+D+L+ +Ld G+VI++ i++s++gie+l+i++r+v+A
  nat_367976824ecb68e9f969 16 LYDVLELILDRGLVIDAFIRVSLVGIEILKIDVRVVVA 53
                              99***********************************8 PP

>> nat_d93f2e1e8fed25eda55f  
   #    score  bias  c-Evalue  i-Evalue hmmfrom  hmm to    alifrom  ali to    envfrom  env to     acc
 ---   ------ ----- --------- --------- ------- -------    ------- -------    ------- -------    ----
   1 !   47.1   9.0   5.4e-14   9.8e-14       2      39 .]      16      53 ..      15      53 .. 0.98

  Alignments for each domain:
  == domain 1  score: 47.1 bits;  conditional E-value: 5.4e-14
               Gas_vesicle  2 LaDlLDrvLdkGvVIaGditisvagieLltikLrlvlA 39
                              L+D+L+ +Ld G+VI++ +++s++gie+l+i++r+v+A
  nat_d93f2e1e8fed25eda55f 16 LYDVLELILDRGLVIDAFVRVSLVGIEILKIDIRVVVA 53
                              99***********************************8 PP

>> nat_901c21e0006125b0e9d7  
   #    score  bias  c-Evalue  i-Evalue hmmfrom  hmm to    alifrom  ali to    envfrom  env to     acc
 ---   ------ ----- --------- --------- ------- -------    ------- -------    ------- -------    ----
   1 !   47.1   9.0   5.4e-14   9.8e-14       2      39 .]      16      53 ..      15      53 .. 0.98

  Alignments for each domain:
  == domain 1  score: 47.1 bits;  conditional E-value: 5.4e-14
               Gas_vesicle  2 LaDlLDrvLdkGvVIaGditisvagieLltikLrlvlA 39
                              L+D+L+ +Ld G+VI++ +++s++gie+l+i++r+v+A
  nat_901c21e0006125b0e9d7 16 LYDVLELILDRGLVIDAFVRVSLVGIEILKIDIRVVVA 53
                              99***********************************8 PP

>> nat_7f2f7e62d33f9e83854a  
   #    score  bias  c-Evalue  i-Evalue hmmfrom  hmm to    alifrom  ali to    envfrom  env to     acc
 ---   ------ ----- --------- --------- ------- -------    ------- -------    ------- -------    ----
   1 !   47.0  11.6   5.7e-14     1e-13       2      38 ..      42      78 ..      41      78 .. 0.97

  Alignments for each domain:
  == domain 1  score: 47.0 bits;  conditional E-value: 5.7e-14
               Gas_vesicle  2 LaDlLDrvLdkGvVIaGditisvagieLltikLrlvl 38
                              ++DlLDrv + G+V+ Gd++is+agi+L++++Lrl+l
  nat_7f2f7e62d33f9e83854a 42 VVDLLDRVVHRGAVVSGDVIISLAGIDLVRLDLRLLL 78
                              79*********************************97 PP

>> nat_b1e17d61f6f3fc6cb817  
   #    score  bias  c-Evalue  i-Evalue hmmfrom  hmm to    alifrom  ali to    envfrom  env to     acc
 ---   ------ ----- --------- --------- ------- -------    ------- -------    ------- -------    ----
   1 !   47.0   9.0   5.6e-14     1e-13       2      39 .]      19      56 ..      18      56 .. 0.98

  Alignments for each domain:
  == domain 1  score: 47.0 bits;  conditional E-value: 5.6e-14
               Gas_vesicle  2 LaDlLDrvLdkGvVIaGditisvagieLltikLrlvlA 39
                              L+D+L+ +Ld G+VI++ +++s++gie+l+i++r+v+A
  nat_b1e17d61f6f3fc6cb817 19 LYDVLELILDRGLVIDAFVRVSLVGIEILKIDIRVVVA 56
                              99***********************************8 PP

>> nat_5ded9686139acac829e0  
   #    score  bias  c-Evalue  i-Evalue hmmfrom  hmm to    alifrom  ali to    envfrom  env to     acc
 ---   ------ ----- --------- --------- ------- -------    ------- -------    ------- -------    ----
   1 !   47.0   9.0   5.6e-14     1e-13       2      39 .]      19      56 ..      18      56 .. 0.98

  Alignments for each domain:
  == domain 1  score: 47.0 bits;  conditional E-value: 5.6e-14
               Gas_vesicle  2 LaDlLDrvLdkGvVIaGditisvagieLltikLrlvlA 39
                              L+D+L+ +Ld G+VI++ +++s++gie+l+i++r+v+A
  nat_5ded9686139acac829e0 19 LYDVLELILDRGLVIDAFVRVSLVGIEILKIDIRVVVA 56
                              99***********************************8 PP

>> nat_35afd2cfc45262b86709  
   #    score  bias  c-Evalue  i-Evalue hmmfrom  hmm to    alifrom  ali to    envfrom  env to     acc
 ---   ------ ----- --------- --------- ------- -------    ------- -------    ------- -------    ----
   1 !   47.1   9.0   5.6e-14     1e-13       2      39 .]      18      55 ..      17      55 .. 0.98

  Alignments for each domain:
  == domain 1  score: 47.1 bits;  conditional E-value: 5.6e-14
               Gas_vesicle  2 LaDlLDrvLdkGvVIaGditisvagieLltikLrlvlA 39
                              L+D+L+ +Ld G+VI++ +++s++gie+l+i++r+v+A
  nat_35afd2cfc45262b86709 18 LYDVLELILDRGLVIDAFVRVSLVGIEILKIDIRVVVA 55
                              99***********************************8 PP

>> nat_65886a26326e73a96436  
   #    score  bias  c-Evalue  i-Evalue hmmfrom  hmm to    alifrom  ali to    envfrom  env to     acc
 ---   ------ ----- --------- --------- ------- -------    ------- -------    ------- -------    ----
   1 !   46.8   8.9   6.9e-14   1.3e-13       2      39 .]      20      57 ..      19      57 .. 0.98

  Alignments for each domain:
  == domain 1  score: 46.8 bits;  conditional E-value: 6.9e-14
               Gas_vesicle  2 LaDlLDrvLdkGvVIaGditisvagieLltikLrlvlA 39
                              L+D+L+ +Ld G+VI++ i++s++gie+l+i++r+v+A
  nat_65886a26326e73a96436 20 LYDVLELILDRGLVIDAFIRVSLVGIEILKIDVRIVVA 57
                              99***********************************8 PP

>> nat_e79f3223c0e51a4419c7  
   #    score  bias  c-Evalue  i-Evalue hmmfrom  hmm to    alifrom  ali to    envfrom  env to     acc
 ---   ------ ----- --------- --------- ------- -------    ------- -------    ------- -------    ----
   1 !   47.0   9.3   5.8e-14   1.1e-13       2      39 .]      16      53 ..      15      53 .. 0.98

  Alignments for each domain:
  == domain 1  score: 47.0 bits;  conditional E-value: 5.8e-14
               Gas_vesicle  2 LaDlLDrvLdkGvVIaGditisvagieLltikLrlvlA 39
                              L+D+L+ +Ld G+VI++ i++sv gie++ti++r+v+A
  nat_e79f3223c0e51a4419c7 16 LYDVLELILDRGLVIDAFIRVSVIGIEIITIDIRIVVA 53
                              99***********************************8 PP

>> nat_a346ed17080beb19b7f9  
   #    score  bias  c-Evalue  i-Evalue hmmfrom  hmm to    alifrom  ali to    envfrom  env to     acc
 ---   ------ ----- --------- --------- ------- -------    ------- -------    ------- -------    ----
   1 !   47.5   7.1   4.2e-14   7.6e-14       1      39 []       8      46 ..       8      46 .. 0.98

  Alignments for each domain:
  == domain 1  score: 47.5 bits;  conditional E-value: 4.2e-14
               Gas_vesicle  1 sLaDlLDrvLdkGvVIaGditisvagieLltikLrlvlA 39
                              sLaD+++++LdkG+VI++ + +sv gie lti++r+v++
  nat_a346ed17080beb19b7f9  8 SLADVVEVILDKGLVIDAYVGVSVIGIEMLTIDARVVIS 46
                              8************************************95 PP

>> nat_cbec58c289419737e313  
   #    score  bias  c-Evalue  i-Evalue hmmfrom  hmm to    alifrom  ali to    envfrom  env to     acc
 ---   ------ ----- --------- --------- ------- -------    ------- -------    ------- -------    ----
   1 !   46.9   5.7   6.2e-14   1.1e-13       6      39 .]       2      35 ..       1      35 [. 0.97

  Alignments for each domain:
  == domain 1  score: 46.9 bits;  conditional E-value: 6.2e-14
               Gas_vesicle  6 LDrvLdkGvVIaGditisvagieLltikLrlvlA 39
                              +D +LdkG+VI++ +++s++gieLlti++r+v+A
  nat_cbec58c289419737e313  2 IDTILDKGLVIDAYVRVSLVGIELLTIDARIVVA 35
                              7********************************8 PP

>> nat_400956691502e8287169  
   #    score  bias  c-Evalue  i-Evalue hmmfrom  hmm to    alifrom  ali to    envfrom  env to     acc
 ---   ------ ----- --------- --------- ------- -------    ------- -------    ------- -------    ----
   1 !   46.8  11.8   6.7e-14   1.2e-13       2      38 ..      40      76 ..      39      76 .. 0.97

  Alignments for each domain:
  == domain 1  score: 46.8 bits;  conditional E-value: 6.7e-14
               Gas_vesicle  2 LaDlLDrvLdkGvVIaGditisvagieLltikLrlvl 38
                              ++DlLDrv + G+V++Gd+++s+agi+L++++Lrl+l
  nat_400956691502e8287169 40 VVDLLDRVVHRGAVVTGDVIVSLAGIDLVRLDLRLLL 76
                              79*********************************97 PP

>> nat_d3ef836095f7ac1cead1  
   #    score  bias  c-Evalue  i-Evalue hmmfrom  hmm to    alifrom  ali to    envfrom  env to     acc
 ---   ------ ----- --------- --------- ------- -------    ------- -------    ------- -------    ----
   1 !   46.8   9.1   6.5e-14   1.2e-13       2      39 .]      16      53 ..      15      53 .. 0.98

  Alignments for each domain:
  == domain 1  score: 46.8 bits;  conditional E-value: 6.5e-14
               Gas_vesicle  2 LaDlLDrvLdkGvVIaGditisvagieLltikLrlvlA 39
                              L+D+L+ +Ld G+VI++ +++s++g+e+l+i++r+v+A
  nat_d3ef836095f7ac1cead1 16 LYDVLELILDRGLVIDAFVRVSLVGVEILKIDIRVVVA 53
                              99***********************************8 PP

>> nat_a3f05c67bc1886ca7112  
   #    score  bias  c-Evalue  i-Evalue hmmfrom  hmm to    alifrom  ali to    envfrom  env to     acc
 ---   ------ ----- --------- --------- ------- -------    ------- -------    ------- -------    ----
   1 !   46.8   8.9   6.7e-14   1.2e-13       2      39 .]      15      52 ..      14      52 .. 0.98

  Alignments for each domain:
  == domain 1  score: 46.8 bits;  conditional E-value: 6.7e-14
               Gas_vesicle  2 LaDlLDrvLdkGvVIaGditisvagieLltikLrlvlA 39
                              L+D+L+ +Ld G+VI++ +++s++gie+l+i++r+v+A
  nat_a3f05c67bc1886ca7112 15 LYDVLELILDRGLVIDAFVRVSLVGIEILKIDIRIVVA 52
                              99***********************************8 PP

>> nat_63e50dde20dac61b7920  
   #    score  bias  c-Evalue  i-Evalue hmmfrom  hmm to    alifrom  ali to    envfrom  env to     acc
 ---   ------ ----- --------- --------- ------- -------    ------- -------    ------- -------    ----
   1 !   47.0  12.4   5.9e-14   1.1e-13       1      38 [.      23      60 ..      23      61 .. 0.97

  Alignments for each domain:
  == domain 1  score: 47.0 bits;  conditional E-value: 5.9e-14
               Gas_vesicle  1 sLaDlLDrvLdkGvVIaGditisvagieLltikLrlvl 38
                              +L+DlLDr+L  GvV++Gd+ +s+a+i+L++++Lr+++
  nat_63e50dde20dac61b7920 23 ALIDLLDRLLSGGVVLTGDVVLSIADIDLVRVSLRALI 60
                              599*********************************98 PP

>> nat_710430bf63a97b4a270f  
   #    score  bias  c-Evalue  i-Evalue hmmfrom  hmm to    alifrom  ali to    envfrom  env to     acc
 ---   ------ ----- --------- --------- ------- -------    ------- -------    ------- -------    ----
   1 !   46.7   8.9     7e-14   1.3e-13       2      39 .]      17      54 ..      16      54 .. 0.98

  Alignments for each domain:
  == domain 1  score: 46.7 bits;  conditional E-value: 7e-14
               Gas_vesicle  2 LaDlLDrvLdkGvVIaGditisvagieLltikLrlvlA 39
                              L+D+L+ +Ld G+VI++ +++s++gie+l+i++r+v+A
  nat_710430bf63a97b4a270f 17 LYDVLELILDRGLVIDAFVRVSLVGIEILKIDIRIVVA 54
                              99***********************************8 PP

>> nat_25c3216ed34dec716827  
   #    score  bias  c-Evalue  i-Evalue hmmfrom  hmm to    alifrom  ali to    envfrom  env to     acc
 ---   ------ ----- --------- --------- ------- -------    ------- -------    ------- -------    ----
   1 !   46.7   8.9     7e-14   1.3e-13       2      39 .]      17      54 ..      16      54 .. 0.98

  Alignments for each domain:
  == domain 1  score: 46.7 bits;  conditional E-value: 7e-14
               Gas_vesicle  2 LaDlLDrvLdkGvVIaGditisvagieLltikLrlvlA 39
                              L+D+L+ +Ld G+VI++ +++s++gie+l+i++r+v+A
  nat_25c3216ed34dec716827 17 LYDVLELILDRGLVIDAFVRVSLVGIEILKIDIRIVVA 54
                              99***********************************8 PP

>> nat_b94659ce82742aca9749  
   #    score  bias  c-Evalue  i-Evalue hmmfrom  hmm to    alifrom  ali to    envfrom  env to     acc
 ---   ------ ----- --------- --------- ------- -------    ------- -------    ------- -------    ----
   1 !   46.7   8.9     7e-14   1.3e-13       2      39 .]      17      54 ..      16      54 .. 0.98

  Alignments for each domain:
  == domain 1  score: 46.7 bits;  conditional E-value: 7e-14
               Gas_vesicle  2 LaDlLDrvLdkGvVIaGditisvagieLltikLrlvlA 39
                              L+D+L+ +Ld G+VI++ +++s++gie+l+i++r+v+A
  nat_b94659ce82742aca9749 17 LYDVLELILDRGLVIDAFVRVSLVGIEILKIDIRIVVA 54
                              99***********************************8 PP

>> nat_14b353a284a92953cad8  
   #    score  bias  c-Evalue  i-Evalue hmmfrom  hmm to    alifrom  ali to    envfrom  env to     acc
 ---   ------ ----- --------- --------- ------- -------    ------- -------    ------- -------    ----
   1 !   46.7   8.9     7e-14   1.3e-13       2      39 .]      17      54 ..      16      54 .. 0.98

  Alignments for each domain:
  == domain 1  score: 46.7 bits;  conditional E-value: 7e-14
               Gas_vesicle  2 LaDlLDrvLdkGvVIaGditisvagieLltikLrlvlA 39
                              L+D+L+ +Ld G+VI++ +++s++gie+l+i++r+v+A
  nat_14b353a284a92953cad8 17 LYDVLELILDRGLVIDAFVRVSLVGIEILKIDIRIVVA 54
                              99***********************************8 PP

>> nat_5d0398ada9a0ee712670  
   #    score  bias  c-Evalue  i-Evalue hmmfrom  hmm to    alifrom  ali to    envfrom  env to     acc
 ---   ------ ----- --------- --------- ------- -------    ------- -------    ------- -------    ----
   1 !   46.4   8.1   8.7e-14   1.6e-13       1      39 []      17      55 ..      17      55 .. 0.98

  Alignments for each domain:
  == domain 1  score: 46.4 bits;  conditional E-value: 8.7e-14
               Gas_vesicle  1 sLaDlLDrvLdkGvVIaGditisvagieLltikLrlvlA 39
                              sL D+++++LdkG+VI++ +++s+ gieLlti++r+++A
  nat_5d0398ada9a0ee712670 17 SLKDVIEVILDKGLVIDAYVRVSLIGIELLTIDARIIVA 55
                              799**********************************98 PP

>> nat_e8e78837892ab1704b44  
   #    score  bias  c-Evalue  i-Evalue hmmfrom  hmm to    alifrom  ali to    envfrom  env to     acc
 ---   ------ ----- --------- --------- ------- -------    ------- -------    ------- -------    ----
   1 !   46.8   5.4   6.7e-14   1.2e-13       1      39 []      10      48 ..      10      48 .. 0.98

  Alignments for each domain:
  == domain 1  score: 46.8 bits;  conditional E-value: 6.7e-14
               Gas_vesicle  1 sLaDlLDrvLdkGvVIaGditisvagieLltikLrlvlA 39
                              sLa++LDr+LdkG+V++ + +isv g+eL+t++++lv++
  nat_e8e78837892ab1704b44 10 SLAEILDRILDKGIVVDLWDRISVLGLELITVEAHLVIS 48
                              8************************************95 PP

>> nat_d24a0f91a34bbf48a22b  
   #    score  bias  c-Evalue  i-Evalue hmmfrom  hmm to    alifrom  ali to    envfrom  env to     acc
 ---   ------ ----- --------- --------- ------- -------    ------- -------    ------- -------    ----
   1 !   46.5  12.4   8.2e-14   1.5e-13       1      38 [.      17      54 ..      17      55 .. 0.97

  Alignments for each domain:
  == domain 1  score: 46.5 bits;  conditional E-value: 8.2e-14
               Gas_vesicle  1 sLaDlLDrvLdkGvVIaGditisvagieLltikLrlvl 38
                              +L+DlLDr+L  GvV++Gd+ +s+a+i+L++++Lr+v+
  nat_d24a0f91a34bbf48a22b 17 ALIDLLDRLLSGGVVLTGDLVLSIADIDLVRVSLRAVV 54
                              599**********************************8 PP

>> nat_42e47560e4eed8697446  
   #    score  bias  c-Evalue  i-Evalue hmmfrom  hmm to    alifrom  ali to    envfrom  env to     acc
 ---   ------ ----- --------- --------- ------- -------    ------- -------    ------- -------    ----
   1 !   46.5   9.0   8.3e-14   1.5e-13       2      39 .]      16      53 ..      15      53 .. 0.98

  Alignments for each domain:
  == domain 1  score: 46.5 bits;  conditional E-value: 8.3e-14
               Gas_vesicle  2 LaDlLDrvLdkGvVIaGditisvagieLltikLrlvlA 39
                              L+D+L+ +Ld G+VI++ +++s++gie+l+i++r+v+A
  nat_42e47560e4eed8697446 16 LYDVLELILDRGLVIDAFVRVSLVGIEILKIDVRIVVA 53
                              99***********************************8 PP

>> nat_5b4a90bc03c35db512fd  
   #    score  bias  c-Evalue  i-Evalue hmmfrom  hmm to    alifrom  ali to    envfrom  env to     acc
 ---   ------ ----- --------- --------- ------- -------    ------- -------    ------- -------    ----
   1 !   46.6  11.0   7.7e-14   1.4e-13       1      39 []      19      57 ..      19      57 .. 0.97

  Alignments for each domain:
  == domain 1  score: 46.6 bits;  conditional E-value: 7.7e-14
               Gas_vesicle  1 sLaDlLDrvLdkGvVIaGditisvagieLltikLrlvlA 39
                              +L+DlLDr+L+ GvV++Gd+t+ +a+++L++i+L ++++
  nat_5b4a90bc03c35db512fd 19 ALVDLLDRLLAGGVVLTGDLTLRIADVDLVRIDLSALIS 57
                              69**********************************995 PP

>> nat_5db88465f7f6adfb1268  
   #    score  bias  c-Evalue  i-Evalue hmmfrom  hmm to    alifrom  ali to    envfrom  env to     acc
 ---   ------ ----- --------- --------- ------- -------    ------- -------    ------- -------    ----
   1 !   46.3   2.1   9.9e-14   1.8e-13       1      39 []      10      48 ..      10      48 .. 0.98

  Alignments for each domain:
  == domain 1  score: 46.3 bits;  conditional E-value: 9.9e-14
               Gas_vesicle  1 sLaDlLDrvLdkGvVIaGditisvagieLltikLrlvlA 39
                              +L D L+++LdkG VI++ +++s+ gieLl i++r+v+A
  nat_5db88465f7f6adfb1268 10 TLTDTLNVLLDKGPVIDATVKVSLIGIELLPIEARVVIA 48
                              699***********************************8 PP

>> nat_0890e07d5e23fde5596e  
   #    score  bias  c-Evalue  i-Evalue hmmfrom  hmm to    alifrom  ali to    envfrom  env to     acc
 ---   ------ ----- --------- --------- ------- -------    ------- -------    ------- -------    ----
   1 !   46.4   9.0   9.1e-14   1.7e-13       2      39 .]      16      53 ..      15      53 .. 0.98

  Alignments for each domain:
  == domain 1  score: 46.4 bits;  conditional E-value: 9.1e-14
               Gas_vesicle  2 LaDlLDrvLdkGvVIaGditisvagieLltikLrlvlA 39
                              L+D+L+ +Ld G+VI++ +++s++gie+l+i++r+v+A
  nat_0890e07d5e23fde5596e 16 LYDVLELILDRGLVIDAFVRVSLVGIEILKIDVRIVVA 53
                              99***********************************8 PP

>> nat_805855d37a367a5867e3  
   #    score  bias  c-Evalue  i-Evalue hmmfrom  hmm to    alifrom  ali to    envfrom  env to     acc
 ---   ------ ----- --------- --------- ------- -------    ------- -------    ------- -------    ----
   1 !   45.9   6.6   1.2e-13   2.3e-13       1      39 []      11      49 ..      11      49 .. 0.98

  Alignments for each domain:
  == domain 1  score: 45.9 bits;  conditional E-value: 1.2e-13
               Gas_vesicle  1 sLaDlLDrvLdkGvVIaGditisvagieLltikLrlvlA 39
                              sL++++Dr+LdkG+VI+   +isv g+e +ti++r+v++
  nat_805855d37a367a5867e3 11 SLVEVVDRILDKGIVIDVYAKISVLGLEVITIEARIVVS 49
                              8************************************95 PP

>> nat_e2936110b0ddfefb35cc  
   #    score  bias  c-Evalue  i-Evalue hmmfrom  hmm to    alifrom  ali to    envfrom  env to     acc
 ---   ------ ----- --------- --------- ------- -------    ------- -------    ------- -------    ----
   1 !   46.1   7.7   1.1e-13   2.1e-13       3      39 .]      21      57 ..      21      57 .. 0.99

  Alignments for each domain:
  == domain 1  score: 46.1 bits;  conditional E-value: 1.1e-13
               Gas_vesicle  3 aDlLDrvLdkGvVIaGditisvagieLltikLrlvlA 39
                              aD+LD +LdkG+VI+  +++s++gieLlt+++r+v+A
  nat_e2936110b0ddfefb35cc 21 ADVLDPILDKGLVIDVYLRVSLVGIELLTVDARIVVA 57
                              7***********************************8 PP

>> nat_e481176a20214b3a0873  
   #    score  bias  c-Evalue  i-Evalue hmmfrom  hmm to    alifrom  ali to    envfrom  env to     acc
 ---   ------ ----- --------- --------- ------- -------    ------- -------    ------- -------    ----
   1 !   46.1  11.3   1.1e-13   2.1e-13       2      39 .]      12      49 ..      11      49 .. 0.98

  Alignments for each domain:
  == domain 1  score: 46.1 bits;  conditional E-value: 1.1e-13
               Gas_vesicle  2 LaDlLDrvLdkGvVIaGditisvagieLltikLrlvlA 39
                              LaD+L+++LdkG+VI++++++s+ gie+lti++++v+A
  nat_e481176a20214b3a0873 12 LADVLNVLLDKGLVIDASVRVSLIGIEILTIDIKVVIA 49
                              9************************************8 PP

>> nat_970e328c0ded530748ae  
   #    score  bias  c-Evalue  i-Evalue hmmfrom  hmm to    alifrom  ali to    envfrom  env to     acc
 ---   ------ ----- --------- --------- ------- -------    ------- -------    ------- -------    ----
   1 !   45.9  11.8   1.2e-13   2.3e-13       1      38 [.      23      60 ..      23      61 .. 0.97

  Alignments for each domain:
  == domain 1  score: 45.9 bits;  conditional E-value: 1.2e-13
               Gas_vesicle  1 sLaDlLDrvLdkGvVIaGditisvagieLltikLrlvl 38
                              +L+DlLDr+L+ GvV++Gd+ +s+ gi+L++i+Lr++l
  nat_970e328c0ded530748ae 23 ALVDLLDRLLAGGVVVTGDVVLSISGIDLVRISLRALL 60
                              69**********************************97 PP

>> nat_f7a7384ac9671dafa785  
   #    score  bias  c-Evalue  i-Evalue hmmfrom  hmm to    alifrom  ali to    envfrom  env to     acc
 ---   ------ ----- --------- --------- ------- -------    ------- -------    ------- -------    ----
   1 !   45.7   9.9   1.5e-13   2.7e-13       2      39 .]      12      49 ..      11      49 .. 0.98

  Alignments for each domain:
  == domain 1  score: 45.7 bits;  conditional E-value: 1.5e-13
               Gas_vesicle  2 LaDlLDrvLdkGvVIaGditisvagieLltikLrlvlA 39
                              LaD+L+ +LdkG+VI++++++s+ gie+l+i++++v+A
  nat_f7a7384ac9671dafa785 12 LADVLNILLDKGLVIDASVRVSLIGIEILSIEIKVVIA 49
                              9************************************8 PP

>> nat_9d9dd9734a5c8ab98eeb  
   #    score  bias  c-Evalue  i-Evalue hmmfrom  hmm to    alifrom  ali to    envfrom  env to     acc
 ---   ------ ----- --------- --------- ------- -------    ------- -------    ------- -------    ----
   1 !   45.7   7.6   1.4e-13   2.6e-13       3      39 .]       2      38 ..       1      38 [. 0.98

  Alignments for each domain:
  == domain 1  score: 45.7 bits;  conditional E-value: 1.4e-13
               Gas_vesicle  3 aDlLDrvLdkGvVIaGditisvagieLltikLrlvlA 39
                              +D+L+ vLd G+VI++ +++s++gie+l+i++r+v+A
  nat_9d9dd9734a5c8ab98eeb  2 YDVLELVLDRGLVIDAFVRVSLVGIEILKIDVRVVVA 38
                              7***********************************8 PP

>> nat_29345482d2af34083837  
   #    score  bias  c-Evalue  i-Evalue hmmfrom  hmm to    alifrom  ali to    envfrom  env to     acc
 ---   ------ ----- --------- --------- ------- -------    ------- -------    ------- -------    ----
   1 !   45.4  10.7   1.9e-13   3.5e-13       2      39 .]      12      49 ..      11      49 .. 0.98

  Alignments for each domain:
  == domain 1  score: 45.4 bits;  conditional E-value: 1.9e-13
               Gas_vesicle  2 LaDlLDrvLdkGvVIaGditisvagieLltikLrlvlA 39
                              LaD+L+++LdkG+VI++++++s+ gie+l+i++++v+A
  nat_29345482d2af34083837 12 LADVLNVLLDKGLVIDASVKVSLIGIEILSIDIKVVIA 49
                              9************************************8 PP

>> nat_4f0646e249cd3db1d37f  
   #    score  bias  c-Evalue  i-Evalue hmmfrom  hmm to    alifrom  ali to    envfrom  env to     acc
 ---   ------ ----- --------- --------- ------- -------    ------- -------    ------- -------    ----
   1 !   45.2   9.1   2.1e-13   3.8e-13       2      39 .]      15      52 ..      14      52 .. 0.98

  Alignments for each domain:
  == domain 1  score: 45.2 bits;  conditional E-value: 2.1e-13
               Gas_vesicle  2 LaDlLDrvLdkGvVIaGditisvagieLltikLrlvlA 39
                              L+D+L+ +Ld G+VI++ +++s+ gie+lti++r+v+A
  nat_4f0646e249cd3db1d37f 15 LYDVLELILDRGLVIDAYVRVSLIGIEILTIDVRIVVA 52
                              99***********************************8 PP

>> nat_bad2dad2cf60a57b02f5  
   #    score  bias  c-Evalue  i-Evalue hmmfrom  hmm to    alifrom  ali to    envfrom  env to     acc
 ---   ------ ----- --------- --------- ------- -------    ------- -------    ------- -------    ----
   1 !   45.4  11.2   1.8e-13   3.3e-13       2      38 ..      41      77 ..      40      78 .. 0.98

  Alignments for each domain:
  == domain 1  score: 45.4 bits;  conditional E-value: 1.8e-13
               Gas_vesicle  2 LaDlLDrvLdkGvVIaGditisvagieLltikLrlvl 38
                              LaDlLDr+ d+G+V+ Gd+ + +ag++Ll+++Lrl+l
  nat_bad2dad2cf60a57b02f5 41 LADLLDRLVDTGAVVSGDVVVALAGVDLLRVDLRLLL 77
                              8**********************************97 PP

>> nat_754029d7fdddcf0dda8b  
   #    score  bias  c-Evalue  i-Evalue hmmfrom  hmm to    alifrom  ali to    envfrom  env to     acc
 ---   ------ ----- --------- --------- ------- -------    ------- -------    ------- -------    ----
   1 !   45.2  13.0   2.1e-13   3.9e-13       1      39 []      19      57 ..      19      57 .. 0.98

  Alignments for each domain:
  == domain 1  score: 45.2 bits;  conditional E-value: 2.1e-13
               Gas_vesicle  1 sLaDlLDrvLdkGvVIaGditisvagieLltikLrlvlA 39
                              +L+D++D +LdkG+VI+  +++s++gieLlti++r+v+A
  nat_754029d7fdddcf0dda8b 19 ALVDVVDLILDKGLVIDVYVRVSLVGIELLTIDARIVVA 57
                              69************************************8 PP

>> nat_a05d2a4091bc6540fd5e  
   #    score  bias  c-Evalue  i-Evalue hmmfrom  hmm to    alifrom  ali to    envfrom  env to     acc
 ---   ------ ----- --------- --------- ------- -------    ------- -------    ------- -------    ----
   1 !   45.3  11.8   1.9e-13   3.5e-13       1      38 [.      23      60 ..      23      61 .. 0.97

  Alignments for each domain:
  == domain 1  score: 45.3 bits;  conditional E-value: 1.9e-13
               Gas_vesicle  1 sLaDlLDrvLdkGvVIaGditisvagieLltikLrlvl 38
                              +L+DlLDr+L+ GvV++Gd+ +s+ gi+L++i+Lr++l
  nat_a05d2a4091bc6540fd5e 23 ALVDLLDRLLAGGVVVTGDVVLSISGIDLVRISLRALL 60
                              69**********************************97 PP

>> nat_fb63ecbac61c302167f9  
   #    score  bias  c-Evalue  i-Evalue hmmfrom  hmm to    alifrom  ali to    envfrom  env to     acc
 ---   ------ ----- --------- --------- ------- -------    ------- -------    ------- -------    ----
   1 !   45.2  13.0   2.1e-13   3.9e-13       1      39 []      19      57 ..      19      57 .. 0.98

  Alignments for each domain:
  == domain 1  score: 45.2 bits;  conditional E-value: 2.1e-13
               Gas_vesicle  1 sLaDlLDrvLdkGvVIaGditisvagieLltikLrlvlA 39
                              +L+D++D +LdkG+VI+  +++s++gieLlti++r+v+A
  nat_fb63ecbac61c302167f9 19 ALVDVVDLILDKGLVIDVYVRVSLVGIELLTIDARIVVA 57
                              69************************************8 PP

>> nat_2593b683bc69e42309bf  
   #    score  bias  c-Evalue  i-Evalue hmmfrom  hmm to    alifrom  ali to    envfrom  env to     acc
 ---   ------ ----- --------- --------- ------- -------    ------- -------    ------- -------    ----
   1 !   45.1  10.8   2.3e-13   4.2e-13       2      39 .]      12      49 ..      11      49 .. 0.98

  Alignments for each domain:
  == domain 1  score: 45.1 bits;  conditional E-value: 2.3e-13
               Gas_vesicle  2 LaDlLDrvLdkGvVIaGditisvagieLltikLrlvlA 39
                              LaD+L+++LdkG+VI++++++s+ gie+l i++++v+A
  nat_2593b683bc69e42309bf 12 LADVLNVLLDKGLVIDASVRVSLIGIEILAIEIKVVIA 49
                              9************************************8 PP

>> nat_b7ce8a1b044eaedac151  
   #    score  bias  c-Evalue  i-Evalue hmmfrom  hmm to    alifrom  ali to    envfrom  env to     acc
 ---   ------ ----- --------- --------- ------- -------    ------- -------    ------- -------    ----
   1 !   45.0   6.1   2.5e-13   4.6e-13       6      39 .]       2      35 ..       1      35 [. 0.97

  Alignments for each domain:
  == domain 1  score: 45.0 bits;  conditional E-value: 2.5e-13
               Gas_vesicle  6 LDrvLdkGvVIaGditisvagieLltikLrlvlA 39
                              +D +LdkG+VI++ +++s++gie++ti++r+v+A
  nat_b7ce8a1b044eaedac151  2 IDTILDKGLVIDAYVRVSLVGIEIVTIDARVVIA 35
                              7********************************8 PP

>> nat_96cf8fec98a326ef28f8  
   #    score  bias  c-Evalue  i-Evalue hmmfrom  hmm to    alifrom  ali to    envfrom  env to     acc
 ---   ------ ----- --------- --------- ------- -------    ------- -------    ------- -------    ----
   1 !   45.4  10.7   1.9e-13   3.5e-13       2      39 .]      12      49 ..      11      49 .. 0.98

  Alignments for each domain:
  == domain 1  score: 45.4 bits;  conditional E-value: 1.9e-13
               Gas_vesicle  2 LaDlLDrvLdkGvVIaGditisvagieLltikLrlvlA 39
                              LaD+L+++LdkG+VI++++++s+ gie+l+i++++v+A
  nat_96cf8fec98a326ef28f8 12 LADVLNVLLDKGLVIDASVKVSLIGIEILSIDIKVVIA 49
                              9************************************8 PP

>> nat_5e0a0c17153bc7a2c0f7  
   #    score  bias  c-Evalue  i-Evalue hmmfrom  hmm to    alifrom  ali to    envfrom  env to     acc
 ---   ------ ----- --------- --------- ------- -------    ------- -------    ------- -------    ----
   1 !   44.8  10.0   2.9e-13   5.3e-13       2      39 .]      12      49 ..      11      49 .. 0.98

  Alignments for each domain:
  == domain 1  score: 44.8 bits;  conditional E-value: 2.9e-13
               Gas_vesicle  2 LaDlLDrvLdkGvVIaGditisvagieLltikLrlvlA 39
                              LaD+L+ +LdkG+VI++ +++s+ gie+l+i++++v+A
  nat_5e0a0c17153bc7a2c0f7 12 LADVLNILLDKGLVIDATVRVSLIGIEILSIEIKIVIA 49
                              9************************************8 PP

>> nat_650d9a7fc14a1c8678c8  
   #    score  bias  c-Evalue  i-Evalue hmmfrom  hmm to    alifrom  ali to    envfrom  env to     acc
 ---   ------ ----- --------- --------- ------- -------    ------- -------    ------- -------    ----
   1 !   44.6   7.3   3.2e-13   5.9e-13       2      39 .]      12      49 ..      11      49 .. 0.98

  Alignments for each domain:
  == domain 1  score: 44.6 bits;  conditional E-value: 3.2e-13
               Gas_vesicle  2 LaDlLDrvLdkGvVIaGditisvagieLltikLrlvlA 39
                              La+ L+ +LdkG+VI++ i++sv gie+lti++++v+A
  nat_650d9a7fc14a1c8678c8 12 LAEALNILLDKGLVIDATIRVSVIGIEILTIEAKIVIA 49
                              9************************************8 PP

>> nat_8cd52de919d22e5b2f70  
   #    score  bias  c-Evalue  i-Evalue hmmfrom  hmm to    alifrom  ali to    envfrom  env to     acc
 ---   ------ ----- --------- --------- ------- -------    ------- -------    ------- -------    ----
   1 !   44.7   7.3   2.9e-13   5.4e-13       2      39 .]      12      49 ..      11      49 .. 0.98

  Alignments for each domain:
  == domain 1  score: 44.7 bits;  conditional E-value: 2.9e-13
               Gas_vesicle  2 LaDlLDrvLdkGvVIaGditisvagieLltikLrlvlA 39
                              La+ L+ +LdkG+VI++ i++sv gie+lti++++v+A
  nat_8cd52de919d22e5b2f70 12 LAEALNILLDKGLVIDATIRVSVIGIEILTIEAKIVIA 49
                              9************************************8 PP

>> nat_00f078f1a0eafd9ea851  
   #    score  bias  c-Evalue  i-Evalue hmmfrom  hmm to    alifrom  ali to    envfrom  env to     acc
 ---   ------ ----- --------- --------- ------- -------    ------- -------    ------- -------    ----
   1 !   44.7   6.7     3e-13   5.5e-13       2      39 .]      10      47 ..       9      47 .. 0.98

  Alignments for each domain:
  == domain 1  score: 44.7 bits;  conditional E-value: 3e-13
               Gas_vesicle  2 LaDlLDrvLdkGvVIaGditisvagieLltikLrlvlA 39
                              La+ L+ +LdkG+VI++ +++sv gie+lti++++v+A
  nat_00f078f1a0eafd9ea851 10 LAETLNILLDKGLVIDATVRVSVIGIEILTIEAKIVIA 47
                              9************************************8 PP

>> nat_485a8f2cb7e24fa53ea0  
   #    score  bias  c-Evalue  i-Evalue hmmfrom  hmm to    alifrom  ali to    envfrom  env to     acc
 ---   ------ ----- --------- --------- ------- -------    ------- -------    ------- -------    ----
   1 !   44.7   7.3     3e-13   5.5e-13       2      39 .]      12      49 ..      11      49 .. 0.98

  Alignments for each domain:
  == domain 1  score: 44.7 bits;  conditional E-value: 3e-13
               Gas_vesicle  2 LaDlLDrvLdkGvVIaGditisvagieLltikLrlvlA 39
                              La+ L+ +LdkG+VI++ i++sv gie+lti++++v+A
  nat_485a8f2cb7e24fa53ea0 12 LAEALNILLDKGLVIDATIRVSVIGIEILTIEAKIVIA 49
                              9************************************8 PP

>> nat_99b0e6ac4f74262c1bb2  
   #    score  bias  c-Evalue  i-Evalue hmmfrom  hmm to    alifrom  ali to    envfrom  env to     acc
 ---   ------ ----- --------- --------- ------- -------    ------- -------    ------- -------    ----
   1 !   44.2  10.7   4.4e-13   8.1e-13       2      39 .]      13      50 ..      12      50 .. 0.98

  Alignments for each domain:
  == domain 1  score: 44.2 bits;  conditional E-value: 4.4e-13
               Gas_vesicle  2 LaDlLDrvLdkGvVIaGditisvagieLltikLrlvlA 39
                              LaD+L+ +LdkG+VI++++++s+ gie+l i++++v+A
  nat_99b0e6ac4f74262c1bb2 13 LADVLNILLDKGLVIDASVRVSLIGIEILAIEIKIVIA 50
                              9************************************8 PP

>> nat_36cd672e9f0f362f84a3  
   #    score  bias  c-Evalue  i-Evalue hmmfrom  hmm to    alifrom  ali to    envfrom  env to     acc
 ---   ------ ----- --------- --------- ------- -------    ------- -------    ------- -------    ----
   1 !   44.2  11.9   4.5e-13   8.2e-13       2      39 .]      12      49 ..      11      49 .. 0.98

  Alignments for each domain:
  == domain 1  score: 44.2 bits;  conditional E-value: 4.5e-13
               Gas_vesicle  2 LaDlLDrvLdkGvVIaGditisvagieLltikLrlvlA 39
                              LaD+L+++LdkG+VI++++++s+ gie+l i++++v+A
  nat_36cd672e9f0f362f84a3 12 LADVLNVLLDKGLVIDASVRVSLIGIEILAIDIKVVIA 49
                              9************************************8 PP

>> nat_b7b2dc53fd89ba68dfe9  
   #    score  bias  c-Evalue  i-Evalue hmmfrom  hmm to    alifrom  ali to    envfrom  env to     acc
 ---   ------ ----- --------- --------- ------- -------    ------- -------    ------- -------    ----
   1 !   44.2  11.9   4.2e-13   7.7e-13       2      39 .]      12      49 ..      11      49 .. 0.98

  Alignments for each domain:
  == domain 1  score: 44.2 bits;  conditional E-value: 4.2e-13
               Gas_vesicle  2 LaDlLDrvLdkGvVIaGditisvagieLltikLrlvlA 39
                              LaD+L+++LdkG+VI++++++s+ gie+l i++++v+A
  nat_b7b2dc53fd89ba68dfe9 12 LADVLNVLLDKGLVIDASVRVSLIGIEILAIDIKVVIA 49
                              9************************************8 PP

>> nat_256f4d9f9e8bd81a3ef9  
   #    score  bias  c-Evalue  i-Evalue hmmfrom  hmm to    alifrom  ali to    envfrom  env to     acc
 ---   ------ ----- --------- --------- ------- -------    ------- -------    ------- -------    ----
   1 !   44.1  11.9   4.7e-13   8.6e-13       2      39 .]      12      49 ..      11      49 .. 0.98

  Alignments for each domain:
  == domain 1  score: 44.1 bits;  conditional E-value: 4.7e-13
               Gas_vesicle  2 LaDlLDrvLdkGvVIaGditisvagieLltikLrlvlA 39
                              LaD+L+++LdkG+VI++++++s+ gie+l i++++v+A
  nat_256f4d9f9e8bd81a3ef9 12 LADVLNVLLDKGLVIDASVRVSLIGIEILAIDIKVVIA 49
                              9************************************8 PP

>> nat_58c22377f3821c65f8d7  
   #    score  bias  c-Evalue  i-Evalue hmmfrom  hmm to    alifrom  ali to    envfrom  env to     acc
 ---   ------ ----- --------- --------- ------- -------    ------- -------    ------- -------    ----
   1 !   44.0  11.9     5e-13   9.1e-13       2      39 .]      14      51 ..      13      51 .. 0.98

  Alignments for each domain:
  == domain 1  score: 44.0 bits;  conditional E-value: 5e-13
               Gas_vesicle  2 LaDlLDrvLdkGvVIaGditisvagieLltikLrlvlA 39
                              LaD+L+++LdkG+VI++++++s+ gie+l i++++v+A
  nat_58c22377f3821c65f8d7 14 LADVLNVLLDKGLVIDASVRVSLIGIEILAIDIKVVIA 51
                              9************************************8 PP

>> nat_6941eadb95ed4bfec34a  
   #    score  bias  c-Evalue  i-Evalue hmmfrom  hmm to    alifrom  ali to    envfrom  env to     acc
 ---   ------ ----- --------- --------- ------- -------    ------- -------    ------- -------    ----
   1 !   43.7   6.6   6.2e-13   1.1e-12       1      39 []      19      57 ..      19      57 .. 0.98

  Alignments for each domain:
  == domain 1  score: 43.7 bits;  conditional E-value: 6.2e-13
               Gas_vesicle  1 sLaDlLDrvLdkGvVIaGditisvagieLltikLrlvlA 39
                              +L+D+L+ +Ld G VI+  +++s++gie+l+i++r+v+A
  nat_6941eadb95ed4bfec34a 19 TLYDVLELILDRGMVIDVFVRVSLVGIEILKIDARIVVA 57
                              79************************************8 PP

>> nat_1c76cf5c7e439b773485  
   #    score  bias  c-Evalue  i-Evalue hmmfrom  hmm to    alifrom  ali to    envfrom  env to     acc
 ---   ------ ----- --------- --------- ------- -------    ------- -------    ------- -------    ----
   1 !   43.7   6.6   6.2e-13   1.1e-12       1      39 []      19      57 ..      19      57 .. 0.98

  Alignments for each domain:
  == domain 1  score: 43.7 bits;  conditional E-value: 6.2e-13
               Gas_vesicle  1 sLaDlLDrvLdkGvVIaGditisvagieLltikLrlvlA 39
                              +L+D+L+ +Ld G VI+  +++s++gie+l+i++r+v+A
  nat_1c76cf5c7e439b773485 19 TLYDVLELILDRGMVIDVFVRVSLVGIEILKIDARIVVA 57
                              79************************************8 PP

>> nat_3ed9bc4471e8c5d8a73f  
   #    score  bias  c-Evalue  i-Evalue hmmfrom  hmm to    alifrom  ali to    envfrom  env to     acc
 ---   ------ ----- --------- --------- ------- -------    ------- -------    ------- -------    ----
   1 !   43.7   6.6   6.4e-13   1.2e-12       2      39 .]      11      48 ..      10      48 .. 0.98

  Alignments for each domain:
  == domain 1  score: 43.7 bits;  conditional E-value: 6.4e-13
               Gas_vesicle  2 LaDlLDrvLdkGvVIaGditisvagieLltikLrlvlA 39
                              LaD LD +Ld G+VI++++++sv gieL  i++r+v+A
  nat_3ed9bc4471e8c5d8a73f 11 LADTLDILLDRGLVIDASVRVSVIGIELPAIEARIVIA 48
                              9************************************8 PP

>> nat_fd6df642808b7adaae7d  
   #    score  bias  c-Evalue  i-Evalue hmmfrom  hmm to    alifrom  ali to    envfrom  env to     acc
 ---   ------ ----- --------- --------- ------- -------    ------- -------    ------- -------    ----
   1 !   43.5   6.6   7.1e-13   1.3e-12       1      39 []      23      61 ..      23      61 .. 0.98

  Alignments for each domain:
  == domain 1  score: 43.5 bits;  conditional E-value: 7.1e-13
               Gas_vesicle  1 sLaDlLDrvLdkGvVIaGditisvagieLltikLrlvlA 39
                              +L+D+L+ +Ld G VI+  i++s++gie+l+i++r+v+A
  nat_fd6df642808b7adaae7d 23 TLYDVLELILDRGMVIDVFIRVSLVGIEILKIDARIVVA 61
                              79************************************8 PP

>> nat_3a0003e56b4928cb7aaa  
   #    score  bias  c-Evalue  i-Evalue hmmfrom  hmm to    alifrom  ali to    envfrom  env to     acc
 ---   ------ ----- --------- --------- ------- -------    ------- -------    ------- -------    ----
   1 !   43.0   7.9     1e-12   1.8e-12       2      39 .]      22      59 ..      21      59 .. 0.97

  Alignments for each domain:
  == domain 1  score: 43.0 bits;  conditional E-value: 1e-12
               Gas_vesicle  2 LaDlLDrvLdkGvVIaGditisvagieLltikLrlvlA 39
                              L D+++ +LdkG+VI++ +++s+ gie lti++r+v+A
  nat_3a0003e56b4928cb7aaa 22 LGDVVELILDKGLVIDAFVQVSLIGIEVLTIQARVVVA 59
                              67***********************************8 PP

>> nat_6048d13df283cd9c311b  
   #    score  bias  c-Evalue  i-Evalue hmmfrom  hmm to    alifrom  ali to    envfrom  env to     acc
 ---   ------ ----- --------- --------- ------- -------    ------- -------    ------- -------    ----
   1 !   43.3  11.8   8.4e-13   1.5e-12       2      39 .]      12      49 ..      11      49 .. 0.98

  Alignments for each domain:
  == domain 1  score: 43.3 bits;  conditional E-value: 8.4e-13
               Gas_vesicle  2 LaDlLDrvLdkGvVIaGditisvagieLltikLrlvlA 39
                              LaD+L+ +LdkG+VI++++++s+ gie+l i++++v+A
  nat_6048d13df283cd9c311b 12 LADVLNILLDKGLVIDASVRVSLIGIEILAIDIKVVIA 49
                              9************************************8 PP

>> nat_bcd02030b41a775b0edc  
   #    score  bias  c-Evalue  i-Evalue hmmfrom  hmm to    alifrom  ali to    envfrom  env to     acc
 ---   ------ ----- --------- --------- ------- -------    ------- -------    ------- -------    ----
   1 !   43.3  11.2   8.6e-13   1.6e-12       1      38 [.      23      60 ..      23      61 .. 0.97

  Alignments for each domain:
  == domain 1  score: 43.3 bits;  conditional E-value: 8.6e-13
               Gas_vesicle  1 sLaDlLDrvLdkGvVIaGditisvagieLltikLrlvl 38
                              +L+DlLDr+L  GvV++Gd+ +s+ g++L++i+Lr++l
  nat_bcd02030b41a775b0edc 23 ALVDLLDRLLTGGVVVTGDVVLSISGLDLVRISLRALL 60
                              69**********************************97 PP

>> nat_101346775bd8fc719b54  
   #    score  bias  c-Evalue  i-Evalue hmmfrom  hmm to    alifrom  ali to    envfrom  env to     acc
 ---   ------ ----- --------- --------- ------- -------    ------- -------    ------- -------    ----
   1 !   43.2   6.6   8.6e-13   1.6e-12       1      39 []      16      54 ..      16      54 .. 0.98

  Alignments for each domain:
  == domain 1  score: 43.2 bits;  conditional E-value: 8.6e-13
               Gas_vesicle  1 sLaDlLDrvLdkGvVIaGditisvagieLltikLrlvlA 39
                              +L+D+L+ +Ld G VI+  +++s++gie+l+i++r+v+A
  nat_101346775bd8fc719b54 16 TLYDVLELILDRGMVIDVFVRVSLVGIEILKIDARIVVA 54
                              79************************************8 PP

>> nat_08095d9387557239b7fa  
   #    score  bias  c-Evalue  i-Evalue hmmfrom  hmm to    alifrom  ali to    envfrom  env to     acc
 ---   ------ ----- --------- --------- ------- -------    ------- -------    ------- -------    ----
   1 !   43.0   2.4     1e-12   1.9e-12       2      39 .]      12      49 ..      11      49 .. 0.96

  Alignments for each domain:
  == domain 1  score: 43.0 bits;  conditional E-value: 1e-12
               Gas_vesicle  2 LaDlLDrvLdkGvVIaGditisvagieLltikLrlvlA 39
                              +a lL+r L+kG+++++d+ i+v +i+L+ ++L++++A
  nat_08095d9387557239b7fa 12 VAGLLNRALNKGAILNADLLITVNDIPLVAVRLQAAIA 49
                              689**********************************8 PP

>> nat_2b769a64bdbe24f6dbc7  
   #    score  bias  c-Evalue  i-Evalue hmmfrom  hmm to    alifrom  ali to    envfrom  env to     acc
 ---   ------ ----- --------- --------- ------- -------    ------- -------    ------- -------    ----
   1 !   42.7  13.1   1.2e-12   2.3e-12       1      39 []      19      57 ..      19      57 .. 0.98

  Alignments for each domain:
  == domain 1  score: 42.7 bits;  conditional E-value: 1.2e-12
               Gas_vesicle  1 sLaDlLDrvLdkGvVIaGditisvagieLltikLrlvlA 39
                              +L+D++D +LdkG+VI+  +++s++gie+lti++r+v+A
  nat_2b769a64bdbe24f6dbc7 19 ALVDVVDLILDKGLVIDVYVRVSLVGIEILTIDARIVVA 57
                              69************************************8 PP

>> nat_baa6b104c739419a55bf  
   #    score  bias  c-Evalue  i-Evalue hmmfrom  hmm to    alifrom  ali to    envfrom  env to     acc
 ---   ------ ----- --------- --------- ------- -------    ------- -------    ------- -------    ----
   1 !   42.7  13.1   1.2e-12   2.3e-12       1      39 []      19      57 ..      19      57 .. 0.98

  Alignments for each domain:
  == domain 1  score: 42.7 bits;  conditional E-value: 1.2e-12
               Gas_vesicle  1 sLaDlLDrvLdkGvVIaGditisvagieLltikLrlvlA 39
                              +L+D++D +LdkG+VI+  +++s++gie+lti++r+v+A
  nat_baa6b104c739419a55bf 19 ALVDVVDLILDKGLVIDVYVRVSLVGIEILTIDARIVVA 57
                              69************************************8 PP

>> nat_87c687bea1af941dec3f  
   #    score  bias  c-Evalue  i-Evalue hmmfrom  hmm to    alifrom  ali to    envfrom  env to     acc
 ---   ------ ----- --------- --------- ------- -------    ------- -------    ------- -------    ----
   1 !   42.7  10.9   1.3e-12   2.3e-12       2      39 .]      12      49 ..      11      49 .. 0.97

  Alignments for each domain:
  == domain 1  score: 42.7 bits;  conditional E-value: 1.3e-12
               Gas_vesicle  2 LaDlLDrvLdkGvVIaGditisvagieLltikLrlvlA 39
                              L D+L+++LdkG+VI++++++s+ gie+l i++++v+A
  nat_87c687bea1af941dec3f 12 LSDVLNVLLDKGLVIDASVRVSLIGIEILAIDIKVVIA 49
                              89***********************************8 PP

>> nat_dfcd4d5922ac3741b10b  
   #    score  bias  c-Evalue  i-Evalue hmmfrom  hmm to    alifrom  ali to    envfrom  env to     acc
 ---   ------ ----- --------- --------- ------- -------    ------- -------    ------- -------    ----
   1 !   42.8   2.4   1.2e-12   2.1e-12       2      39 .]      12      49 ..      11      49 .. 0.96

  Alignments for each domain:
  == domain 1  score: 42.8 bits;  conditional E-value: 1.2e-12
               Gas_vesicle  2 LaDlLDrvLdkGvVIaGditisvagieLltikLrlvlA 39
                              +a lL+r L+kG+++++d+ i+v +i+L+ ++L++++A
  nat_dfcd4d5922ac3741b10b 12 VAGLLNRALNKGAILNADLLITVNDIPLVAVRLQAAIA 49
                              689**********************************8 PP

>> nat_e34b44c2870a942d0092  
   #    score  bias  c-Evalue  i-Evalue hmmfrom  hmm to    alifrom  ali to    envfrom  env to     acc
 ---   ------ ----- --------- --------- ------- -------    ------- -------    ------- -------    ----
   1 !   42.6   6.3   1.3e-12   2.4e-12       1      39 []      16      54 ..      16      54 .. 0.99

  Alignments for each domain:
  == domain 1  score: 42.6 bits;  conditional E-value: 1.3e-12
               Gas_vesicle  1 sLaDlLDrvLdkGvVIaGditisvagieLltikLrlvlA 39
                              sL+D+L+ +Ld G VI+  i++s++gie+l+i++r+v+A
  nat_e34b44c2870a942d0092 16 SLYDVLELILDRGMVIDIFIRVSLVGIEILKIDARIVVA 54
                              8*************************************8 PP

>> nat_6d257d8cbeb3f3af448a  
   #    score  bias  c-Evalue  i-Evalue hmmfrom  hmm to    alifrom  ali to    envfrom  env to     acc
 ---   ------ ----- --------- --------- ------- -------    ------- -------    ------- -------    ----
   1 !   42.6   6.3   1.3e-12   2.4e-12       1      39 []      16      54 ..      16      54 .. 0.99

  Alignments for each domain:
  == domain 1  score: 42.6 bits;  conditional E-value: 1.3e-12
               Gas_vesicle  1 sLaDlLDrvLdkGvVIaGditisvagieLltikLrlvlA 39
                              sL+D+L+ +Ld G VI+  i++s++gie+l+i++r+v+A
  nat_6d257d8cbeb3f3af448a 16 SLYDVLELILDRGMVIDIFIRVSLVGIEILKIDARIVVA 54
                              8*************************************8 PP

>> nat_22459d46342d29cd0e51  
   #    score  bias  c-Evalue  i-Evalue hmmfrom  hmm to    alifrom  ali to    envfrom  env to     acc
 ---   ------ ----- --------- --------- ------- -------    ------- -------    ------- -------    ----
   1 !   42.6   6.3   1.3e-12   2.4e-12       1      39 []      16      54 ..      16      54 .. 0.99

  Alignments for each domain:
  == domain 1  score: 42.6 bits;  conditional E-value: 1.3e-12
               Gas_vesicle  1 sLaDlLDrvLdkGvVIaGditisvagieLltikLrlvlA 39
                              sL+D+L+ +Ld G VI+  i++s++gie+l+i++r+v+A
  nat_22459d46342d29cd0e51 16 SLYDVLELILDRGMVIDIFIRVSLVGIEILKIDARIVVA 54
                              8*************************************8 PP

>> nat_f176d2d019718491db42  
   #    score  bias  c-Evalue  i-Evalue hmmfrom  hmm to    alifrom  ali to    envfrom  env to     acc
 ---   ------ ----- --------- --------- ------- -------    ------- -------    ------- -------    ----
   1 !   42.6   6.3   1.4e-12   2.6e-12       1      39 []      16      54 ..      16      54 .. 0.99

  Alignments for each domain:
  == domain 1  score: 42.6 bits;  conditional E-value: 1.4e-12
               Gas_vesicle  1 sLaDlLDrvLdkGvVIaGditisvagieLltikLrlvlA 39
                              sL+D+L+ +Ld G VI+  i++s++gie+l+i++r+v+A
  nat_f176d2d019718491db42 16 SLYDVLELILDRGMVIDIFIRVSLVGIEILKIDARIVVA 54
                              8*************************************8 PP

>> nat_05faae01597311327997  
   #    score  bias  c-Evalue  i-Evalue hmmfrom  hmm to    alifrom  ali to    envfrom  env to     acc
 ---   ------ ----- --------- --------- ------- -------    ------- -------    ------- -------    ----
   1 !   42.6   6.3   1.4e-12   2.6e-12       1      39 []      16      54 ..      16      54 .. 0.99

  Alignments for each domain:
  == domain 1  score: 42.6 bits;  conditional E-value: 1.4e-12
               Gas_vesicle  1 sLaDlLDrvLdkGvVIaGditisvagieLltikLrlvlA 39
                              sL+D+L+ +Ld G VI+  i++s++gie+l+i++r+v+A
  nat_05faae01597311327997 16 SLYDVLELILDRGMVIDIFIRVSLVGIEILKIDARIVVA 54
                              8*************************************8 PP

>> nat_2051151517b2b27c91df  
   #    score  bias  c-Evalue  i-Evalue hmmfrom  hmm to    alifrom  ali to    envfrom  env to     acc
 ---   ------ ----- --------- --------- ------- -------    ------- -------    ------- -------    ----
   1 !   42.6   6.3   1.4e-12   2.6e-12       1      39 []      16      54 ..      16      54 .. 0.99

  Alignments for each domain:
  == domain 1  score: 42.6 bits;  conditional E-value: 1.4e-12
               Gas_vesicle  1 sLaDlLDrvLdkGvVIaGditisvagieLltikLrlvlA 39
                              sL+D+L+ +Ld G VI+  i++s++gie+l+i++r+v+A
  nat_2051151517b2b27c91df 16 SLYDVLELILDRGMVIDIFIRVSLVGIEILKIDARIVVA 54
                              8*************************************8 PP

>> nat_c0248ec199ed97e6d9ee  
   #    score  bias  c-Evalue  i-Evalue hmmfrom  hmm to    alifrom  ali to    envfrom  env to     acc
 ---   ------ ----- --------- --------- ------- -------    ------- -------    ------- -------    ----
   1 !   42.5   6.9   1.5e-12   2.8e-12       1      38 [.      10      47 ..      10      48 .. 0.98

  Alignments for each domain:
  == domain 1  score: 42.5 bits;  conditional E-value: 1.5e-12
               Gas_vesicle  1 sLaDlLDrvLdkGvVIaGditisvagieLltikLrlvl 38
                              sLa +LDr+LdkGvV + + +i v+g+eL+ti++r+v+
  nat_c0248ec199ed97e6d9ee 10 SLAAVLDRILDKGVVTDVWARIAVVGLELITIEARIVV 47
                              7999********************************98 PP

>> nat_c730fb33477ca08f29e8  
   #    score  bias  c-Evalue  i-Evalue hmmfrom  hmm to    alifrom  ali to    envfrom  env to     acc
 ---   ------ ----- --------- --------- ------- -------    ------- -------    ------- -------    ----
   1 !   42.3   4.8   1.7e-12   3.2e-12       1      39 []      20      58 ..      20      58 .. 0.98

  Alignments for each domain:
  == domain 1  score: 42.3 bits;  conditional E-value: 1.7e-12
               Gas_vesicle  1 sLaDlLDrvLdkGvVIaGditisvagieLltikLrlvlA 39
                              +L+D+ + +Ld G VI+  i++s++gie+l+i++r+v+A
  nat_c730fb33477ca08f29e8 20 TLYDVMELILDRGMVIDVFIRVSLVGIEILKIDARIVVA 58
                              69************************************8 PP

>> nat_eac8d42dcf851f8eb6d8  
   #    score  bias  c-Evalue  i-Evalue hmmfrom  hmm to    alifrom  ali to    envfrom  env to     acc
 ---   ------ ----- --------- --------- ------- -------    ------- -------    ------- -------    ----
   1 !   42.3   4.8   1.7e-12   3.2e-12       1      39 []      20      58 ..      20      58 .. 0.98

  Alignments for each domain:
  == domain 1  score: 42.3 bits;  conditional E-value: 1.7e-12
               Gas_vesicle  1 sLaDlLDrvLdkGvVIaGditisvagieLltikLrlvlA 39
                              +L+D+ + +Ld G VI+  i++s++gie+l+i++r+v+A
  nat_eac8d42dcf851f8eb6d8 20 TLYDVMELILDRGMVIDVFIRVSLVGIEILKIDARIVVA 58
                              69************************************8 PP

>> nat_c9181ea046190022b014  
   #    score  bias  c-Evalue  i-Evalue hmmfrom  hmm to    alifrom  ali to    envfrom  env to     acc
 ---   ------ ----- --------- --------- ------- -------    ------- -------    ------- -------    ----
   1 !   42.3   5.6   1.7e-12   3.1e-12       1      39 []      18      56 ..      18      56 .. 0.98

  Alignments for each domain:
  == domain 1  score: 42.3 bits;  conditional E-value: 1.7e-12
               Gas_vesicle  1 sLaDlLDrvLdkGvVIaGditisvagieLltikLrlvlA 39
                              +L+D L+ +Ld G VI+  i++s++gie+l+i++r+v+A
  nat_c9181ea046190022b014 18 TLYDALELILDRGMVIDVFIRVSLVGIEILKIDARIVVA 56
                              69************************************8 PP

>> nat_f1843d79acb220241dfc  
   #    score  bias  c-Evalue  i-Evalue hmmfrom  hmm to    alifrom  ali to    envfrom  env to     acc
 ---   ------ ----- --------- --------- ------- -------    ------- -------    ------- -------    ----
   1 !   42.3   4.8   1.7e-12   3.2e-12       1      39 []      22      60 ..      22      60 .. 0.98

  Alignments for each domain:
  == domain 1  score: 42.3 bits;  conditional E-value: 1.7e-12
               Gas_vesicle  1 sLaDlLDrvLdkGvVIaGditisvagieLltikLrlvlA 39
                              +L+D+ + +Ld G VI+  i++s++gie+l+i++r+v+A
  nat_f1843d79acb220241dfc 22 TLYDVMELILDRGMVIDVFIRVSLVGIEILKIDARIVVA 60
                              69************************************8 PP

>> nat_8430c66867e7555de5e1  
   #    score  bias  c-Evalue  i-Evalue hmmfrom  hmm to    alifrom  ali to    envfrom  env to     acc
 ---   ------ ----- --------- --------- ------- -------    ------- -------    ------- -------    ----
   1 !   42.3   4.8   1.8e-12   3.2e-12       1      39 []      22      60 ..      22      60 .. 0.98

  Alignments for each domain:
  == domain 1  score: 42.3 bits;  conditional E-value: 1.8e-12
               Gas_vesicle  1 sLaDlLDrvLdkGvVIaGditisvagieLltikLrlvlA 39
                              +L+D+ + +Ld G VI+  i++s++gie+l+i++r+v+A
  nat_8430c66867e7555de5e1 22 TLYDVMELILDRGMVIDVFIRVSLVGIEILKIDARIVVA 60
                              69************************************8 PP

>> nat_747d60b2bd9f9baa6cfc  
   #    score  bias  c-Evalue  i-Evalue hmmfrom  hmm to    alifrom  ali to    envfrom  env to     acc
 ---   ------ ----- --------- --------- ------- -------    ------- -------    ------- -------    ----
   1 !   42.2   4.8   1.8e-12   3.3e-12       1      39 []      22      60 ..      22      60 .. 0.98

  Alignments for each domain:
  == domain 1  score: 42.2 bits;  conditional E-value: 1.8e-12
               Gas_vesicle  1 sLaDlLDrvLdkGvVIaGditisvagieLltikLrlvlA 39
                              +L+D+ + +Ld G VI+  i++s++gie+l+i++r+v+A
  nat_747d60b2bd9f9baa6cfc 22 TLYDVMELILDRGMVIDVFIRVSLVGIEILKIDARIVVA 60
                              69************************************8 PP

>> nat_743941db45842ba9edb7  
   #    score  bias  c-Evalue  i-Evalue hmmfrom  hmm to    alifrom  ali to    envfrom  env to     acc
 ---   ------ ----- --------- --------- ------- -------    ------- -------    ------- -------    ----
   1 !   42.3   6.3   1.8e-12   3.2e-12       1      39 []      16      54 ..      16      54 .. 0.99

  Alignments for each domain:
  == domain 1  score: 42.3 bits;  conditional E-value: 1.8e-12
               Gas_vesicle  1 sLaDlLDrvLdkGvVIaGditisvagieLltikLrlvlA 39
                              sL+D+L+ +Ld G VI+  +++s++gie+l+i++r+v+A
  nat_743941db45842ba9edb7 16 SLYDVLELILDRGMVIDIFVRVSLVGIEILKIDARIVVA 54
                              8*************************************8 PP

>> nat_8ba3d6668e353b537179  
   #    score  bias  c-Evalue  i-Evalue hmmfrom  hmm to    alifrom  ali to    envfrom  env to     acc
 ---   ------ ----- --------- --------- ------- -------    ------- -------    ------- -------    ----
   1 !   42.3   6.3   1.7e-12   3.2e-12       1      39 []      16      54 ..      16      54 .. 0.99

  Alignments for each domain:
  == domain 1  score: 42.3 bits;  conditional E-value: 1.7e-12
               Gas_vesicle  1 sLaDlLDrvLdkGvVIaGditisvagieLltikLrlvlA 39
                              sL+D+L+ +Ld G VI+  +++s++gie+l+i++r+v+A
  nat_8ba3d6668e353b537179 16 SLYDVLELILDRGMVIDIFVRVSLVGIEILKIDARIVVA 54
                              8*************************************8 PP

>> nat_bbadf719897c45da08f0  
   #    score  bias  c-Evalue  i-Evalue hmmfrom  hmm to    alifrom  ali to    envfrom  env to     acc
 ---   ------ ----- --------- --------- ------- -------    ------- -------    ------- -------    ----
   1 !   42.2   4.8   1.8e-12   3.3e-12       1      39 []      22      60 ..      22      60 .. 0.98

  Alignments for each domain:
  == domain 1  score: 42.2 bits;  conditional E-value: 1.8e-12
               Gas_vesicle  1 sLaDlLDrvLdkGvVIaGditisvagieLltikLrlvlA 39
                              +L+D+ + +Ld G VI+  i++s++gie+l+i++r+v+A
  nat_bbadf719897c45da08f0 22 TLYDVMELILDRGMVIDVFIRVSLVGIEILKIDARIVVA 60
                              69************************************8 PP

>> nat_bdb27357528f1d5d6c47  
   #    score  bias  c-Evalue  i-Evalue hmmfrom  hmm to    alifrom  ali to    envfrom  env to     acc
 ---   ------ ----- --------- --------- ------- -------    ------- -------    ------- -------    ----
   1 !   42.3   4.8   1.8e-12   3.2e-12       1      39 []      22      60 ..      22      60 .. 0.98

  Alignments for each domain:
  == domain 1  score: 42.3 bits;  conditional E-value: 1.8e-12
               Gas_vesicle  1 sLaDlLDrvLdkGvVIaGditisvagieLltikLrlvlA 39
                              +L+D+ + +Ld G VI+  i++s++gie+l+i++r+v+A
  nat_bdb27357528f1d5d6c47 22 TLYDVMELILDRGMVIDVFIRVSLVGIEILKIDARIVVA 60
                              69************************************8 PP

>> nat_3bac021c5495186db378  
   #    score  bias  c-Evalue  i-Evalue hmmfrom  hmm to    alifrom  ali to    envfrom  env to     acc
 ---   ------ ----- --------- --------- ------- -------    ------- -------    ------- -------    ----
   1 !   42.3   6.3   1.7e-12   3.2e-12       1      39 []      16      54 ..      16      54 .. 0.99

  Alignments for each domain:
  == domain 1  score: 42.3 bits;  conditional E-value: 1.7e-12
               Gas_vesicle  1 sLaDlLDrvLdkGvVIaGditisvagieLltikLrlvlA 39
                              sL+D+L+ +Ld G VI+  +++s++gie+l+i++r+v+A
  nat_3bac021c5495186db378 16 SLYDVLELILDRGMVIDIFVRVSLVGIEILKIDARIVVA 54
                              8*************************************8 PP

>> nat_240500bb8aaece16c8a7  
   #    score  bias  c-Evalue  i-Evalue hmmfrom  hmm to    alifrom  ali to    envfrom  env to     acc
 ---   ------ ----- --------- --------- ------- -------    ------- -------    ------- -------    ----
   1 !   42.2   4.8   1.8e-12   3.3e-12       1      39 []      22      60 ..      22      60 .. 0.98

  Alignments for each domain:
  == domain 1  score: 42.2 bits;  conditional E-value: 1.8e-12
               Gas_vesicle  1 sLaDlLDrvLdkGvVIaGditisvagieLltikLrlvlA 39
                              +L+D+ + +Ld G VI+  i++s++gie+l+i++r+v+A
  nat_240500bb8aaece16c8a7 22 TLYDVMELILDRGMVIDVFIRVSLVGIEILKIDARIVVA 60
                              69************************************8 PP

>> nat_ff800aecb7c2e95dee99  
   #    score  bias  c-Evalue  i-Evalue hmmfrom  hmm to    alifrom  ali to    envfrom  env to     acc
 ---   ------ ----- --------- --------- ------- -------    ------- -------    ------- -------    ----
   1 !   42.2   4.8   1.8e-12   3.3e-12       1      39 []      22      60 ..      22      60 .. 0.98

  Alignments for each domain:
  == domain 1  score: 42.2 bits;  conditional E-value: 1.8e-12
               Gas_vesicle  1 sLaDlLDrvLdkGvVIaGditisvagieLltikLrlvlA 39
                              +L+D+ + +Ld G VI+  i++s++gie+l+i++r+v+A
  nat_ff800aecb7c2e95dee99 22 TLYDVMELILDRGMVIDVFIRVSLVGIEILKIDARIVVA 60
                              69************************************8 PP

>> nat_2b65cf1e277ab50a0dfe  
   #    score  bias  c-Evalue  i-Evalue hmmfrom  hmm to    alifrom  ali to    envfrom  env to     acc
 ---   ------ ----- --------- --------- ------- -------    ------- -------    ------- -------    ----
   1 !   42.3   6.3   1.8e-12   3.2e-12       1      39 []      16      54 ..      16      54 .. 0.99

  Alignments for each domain:
  == domain 1  score: 42.3 bits;  conditional E-value: 1.8e-12
               Gas_vesicle  1 sLaDlLDrvLdkGvVIaGditisvagieLltikLrlvlA 39
                              sL+D+L+ +Ld G VI+  +++s++gie+l+i++r+v+A
  nat_2b65cf1e277ab50a0dfe 16 SLYDVLELILDRGMVIDIFVRVSLVGIEILKIDARIVVA 54
                              8*************************************8 PP

>> nat_75b688dadffb1bcbff68  
   #    score  bias  c-Evalue  i-Evalue hmmfrom  hmm to    alifrom  ali to    envfrom  env to     acc
 ---   ------ ----- --------- --------- ------- -------    ------- -------    ------- -------    ----
   1 !   42.2   6.3   1.8e-12   3.3e-12       1      39 []      16      54 ..      16      54 .. 0.99

  Alignments for each domain:
  == domain 1  score: 42.2 bits;  conditional E-value: 1.8e-12
               Gas_vesicle  1 sLaDlLDrvLdkGvVIaGditisvagieLltikLrlvlA 39
                              sL+D+L+ +Ld G VI+  +++s++gie+l+i++r+v+A
  nat_75b688dadffb1bcbff68 16 SLYDVLELILDRGMVIDIFVRVSLVGIEILKIDARIVVA 54
                              8*************************************8 PP

>> nat_f24e045327970281b5cd  
   #    score  bias  c-Evalue  i-Evalue hmmfrom  hmm to    alifrom  ali to    envfrom  env to     acc
 ---   ------ ----- --------- --------- ------- -------    ------- -------    ------- -------    ----
   1 !   42.6   9.8   1.4e-12   2.6e-12       2      39 .]      25      62 ..      24      62 .. 0.98

  Alignments for each domain:
  == domain 1  score: 42.6 bits;  conditional E-value: 1.4e-12
               Gas_vesicle  2 LaDlLDrvLdkGvVIaGditisvagieLltikLrlvlA 39
                              La++++ +LdkG+VI+  +++s++gie+lti++r+v+A
  nat_f24e045327970281b5cd 25 LAEVIELILDKGLVIDVFVRVSLVGIEILTIDARIVVA 62
                              9************************************8 PP

>> nat_3a34394c27043f0de19a  
   #    score  bias  c-Evalue  i-Evalue hmmfrom  hmm to    alifrom  ali to    envfrom  env to     acc
 ---   ------ ----- --------- --------- ------- -------    ------- -------    ------- -------    ----
   1 !   42.2   6.3   1.8e-12   3.4e-12       1      39 []      18      56 ..      18      56 .. 0.99

  Alignments for each domain:
  == domain 1  score: 42.2 bits;  conditional E-value: 1.8e-12
               Gas_vesicle  1 sLaDlLDrvLdkGvVIaGditisvagieLltikLrlvlA 39
                              sL+D+L+ +Ld G VI+  +++s++gie+l+i++r+v+A
  nat_3a34394c27043f0de19a 18 SLYDVLELILDRGMVIDIFVRVSLVGIEILKIDARIVVA 56
                              8*************************************8 PP

>> nat_5cfc2961268b2ad6fbbd  
   #    score  bias  c-Evalue  i-Evalue hmmfrom  hmm to    alifrom  ali to    envfrom  env to     acc
 ---   ------ ----- --------- --------- ------- -------    ------- -------    ------- -------    ----
   1 !   41.9   2.7   2.3e-12   4.1e-12       1      39 []      19      57 ..      19      57 .. 0.98

  Alignments for each domain:
  == domain 1  score: 41.9 bits;  conditional E-value: 2.3e-12
               Gas_vesicle  1 sLaDlLDrvLdkGvVIaGditisvagieLltikLrlvlA 39
                              +L+D L+ +Ld G VI+  i++s++gie+l+i++r+ +A
  nat_5cfc2961268b2ad6fbbd 19 TLYDTLELILDRGMVIDVFIRVSLVGIEILKIDARICVA 57
                              69**********************************998 PP

>> nat_ab4678bc7e147bea24f4  
   #    score  bias  c-Evalue  i-Evalue hmmfrom  hmm to    alifrom  ali to    envfrom  env to     acc
 ---   ------ ----- --------- --------- ------- -------    ------- -------    ------- -------    ----
   1 !   42.0   2.7   2.2e-12   3.9e-12       1      39 []      19      57 ..      19      57 .. 0.98

  Alignments for each domain:
  == domain 1  score: 42.0 bits;  conditional E-value: 2.2e-12
               Gas_vesicle  1 sLaDlLDrvLdkGvVIaGditisvagieLltikLrlvlA 39
                              +L+D L+ +Ld G VI+  i++s++gie+l+i++r+ +A
  nat_ab4678bc7e147bea24f4 19 TLYDTLELILDRGMVIDVFIRVSLVGIEILKIDARICVA 57
                              69**********************************998 PP

>> nat_61b16b326fc735ccf093  
   #    score  bias  c-Evalue  i-Evalue hmmfrom  hmm to    alifrom  ali to    envfrom  env to     acc
 ---   ------ ----- --------- --------- ------- -------    ------- -------    ------- -------    ----
   1 !   42.0   2.7   2.2e-12     4e-12       1      39 []      19      57 ..      19      57 .. 0.98

  Alignments for each domain:
  == domain 1  score: 42.0 bits;  conditional E-value: 2.2e-12
               Gas_vesicle  1 sLaDlLDrvLdkGvVIaGditisvagieLltikLrlvlA 39
                              +L+D L+ +Ld G VI+  i++s++gie+l+i++r+ +A
  nat_61b16b326fc735ccf093 19 TLYDTLELILDRGMVIDVFIRVSLVGIEILKIDARICVA 57
                              69**********************************998 PP

>> nat_a6bd531a054394dd2492  
   #    score  bias  c-Evalue  i-Evalue hmmfrom  hmm to    alifrom  ali to    envfrom  env to     acc
 ---   ------ ----- --------- --------- ------- -------    ------- -------    ------- -------    ----
   1 !   41.9   2.7   2.3e-12   4.1e-12       1      39 []      19      57 ..      19      57 .. 0.98

  Alignments for each domain:
  == domain 1  score: 41.9 bits;  conditional E-value: 2.3e-12
               Gas_vesicle  1 sLaDlLDrvLdkGvVIaGditisvagieLltikLrlvlA 39
                              +L+D L+ +Ld G VI+  i++s++gie+l+i++r+ +A
  nat_a6bd531a054394dd2492 19 TLYDTLELILDRGMVIDVFIRVSLVGIEILKIDARICVA 57
                              69**********************************998 PP

>> nat_6bd198e130544a8380c7  
   #    score  bias  c-Evalue  i-Evalue hmmfrom  hmm to    alifrom  ali to    envfrom  env to     acc
 ---   ------ ----- --------- --------- ------- -------    ------- -------    ------- -------    ----
   1 !   41.9   2.7   2.3e-12   4.1e-12       1      39 []      19      57 ..      19      57 .. 0.98

  Alignments for each domain:
  == domain 1  score: 41.9 bits;  conditional E-value: 2.3e-12
               Gas_vesicle  1 sLaDlLDrvLdkGvVIaGditisvagieLltikLrlvlA 39
                              +L+D L+ +Ld G VI+  i++s++gie+l+i++r+ +A
  nat_6bd198e130544a8380c7 19 TLYDTLELILDRGMVIDVFIRVSLVGIEILKIDARICVA 57
                              69**********************************998 PP

>> nat_e64c9f3350adefe5e228  
   #    score  bias  c-Evalue  i-Evalue hmmfrom  hmm to    alifrom  ali to    envfrom  env to     acc
 ---   ------ ----- --------- --------- ------- -------    ------- -------    ------- -------    ----
   1 !   41.9   2.7   2.3e-12   4.2e-12       1      39 []      19      57 ..      19      57 .. 0.98

  Alignments for each domain:
  == domain 1  score: 41.9 bits;  conditional E-value: 2.3e-12
               Gas_vesicle  1 sLaDlLDrvLdkGvVIaGditisvagieLltikLrlvlA 39
                              +L+D L+ +Ld G VI+  i++s++gie+l+i++r+ +A
  nat_e64c9f3350adefe5e228 19 TLYDTLELILDRGMVIDVFIRVSLVGIEILKIDARICVA 57
                              69**********************************998 PP

>> nat_3eea95a610545d989cc1  
   #    score  bias  c-Evalue  i-Evalue hmmfrom  hmm to    alifrom  ali to    envfrom  env to     acc
 ---   ------ ----- --------- --------- ------- -------    ------- -------    ------- -------    ----
   1 !   41.5   6.4   3.1e-12   5.6e-12       1      39 []      21      59 ..      21      59 .. 0.98

  Alignments for each domain:
  == domain 1  score: 41.5 bits;  conditional E-value: 3.1e-12
               Gas_vesicle  1 sLaDlLDrvLdkGvVIaGditisvagieLltikLrlvlA 39
                              +L+D+L+ +Ld G VI+  +++s++gie+l++++r+v+A
  nat_3eea95a610545d989cc1 21 NLYDVLELILDRGMVIDVFLRVSLVGIEILKVDARIVVA 59
                              69************************************8 PP

>> nat_8d21dd360b13b6dfcbe2  
   #    score  bias  c-Evalue  i-Evalue hmmfrom  hmm to    alifrom  ali to    envfrom  env to     acc
 ---   ------ ----- --------- --------- ------- -------    ------- -------    ------- -------    ----
   1 !   41.3   6.6   3.6e-12   6.5e-12       1      39 []      16      54 ..      16      54 .. 0.98

  Alignments for each domain:
  == domain 1  score: 41.3 bits;  conditional E-value: 3.6e-12
               Gas_vesicle  1 sLaDlLDrvLdkGvVIaGditisvagieLltikLrlvlA 39
                              +L+D+L+ +Ld G VI+  +++s++gie+l+i++r+v+A
  nat_8d21dd360b13b6dfcbe2 16 TLYDVLELILDRGMVIDIFVRVSLVGIEILKIDARIVVA 54
                              79************************************8 PP

>> nat_b80283670de4d1ac6811  
   #    score  bias  c-Evalue  i-Evalue hmmfrom  hmm to    alifrom  ali to    envfrom  env to     acc
 ---   ------ ----- --------- --------- ------- -------    ------- -------    ------- -------    ----
   1 !   41.2   6.6   3.7e-12   6.7e-12       1      39 []      16      54 ..      16      54 .. 0.98

  Alignments for each domain:
  == domain 1  score: 41.2 bits;  conditional E-value: 3.7e-12
               Gas_vesicle  1 sLaDlLDrvLdkGvVIaGditisvagieLltikLrlvlA 39
                              +L+D+L+ +Ld G VI+  +++s++gie+l+i++r+v+A
  nat_b80283670de4d1ac6811 16 TLYDVLELILDRGMVIDIFVRVSLVGIEILKIDARIVVA 54
                              79************************************8 PP

>> nat_9f6df4357b80feaba99b  
   #    score  bias  c-Evalue  i-Evalue hmmfrom  hmm to    alifrom  ali to    envfrom  env to     acc
 ---   ------ ----- --------- --------- ------- -------    ------- -------    ------- -------    ----
   1 !   41.0   8.7   4.2e-12   7.7e-12       1      39 []      19      57 ..      19      57 .. 0.98

  Alignments for each domain:
  == domain 1  score: 41.0 bits;  conditional E-value: 4.2e-12
               Gas_vesicle  1 sLaDlLDrvLdkGvVIaGditisvagieLltikLrlvlA 39
                              +L+D++D +Ld G VI+  +++s++gie+l+i++r+v+A
  nat_9f6df4357b80feaba99b 19 TLYDVIDIILDRGMVIDVFLRVSLVGIEILKIDVRVVIA 57
                              79************************************8 PP

>> nat_13ee99e71183bcf01114  
   #    score  bias  c-Evalue  i-Evalue hmmfrom  hmm to    alifrom  ali to    envfrom  env to     acc
 ---   ------ ----- --------- --------- ------- -------    ------- -------    ------- -------    ----
   1 !   40.4  11.5   6.8e-12   1.2e-11       2      39 .]      19      56 ..      18      56 .. 0.98

  Alignments for each domain:
  == domain 1  score: 40.4 bits;  conditional E-value: 6.8e-12
               Gas_vesicle  2 LaDlLDrvLdkGvVIaGditisvagieLltikLrlvlA 39
                              LaD++ ++LdkG+VI+  +++s++gieLlt+++r+v+A
  nat_13ee99e71183bcf01114 19 LADVVGVILDKGLVIDVYVRVSLVGIELLTVDARIVVA 56
                              9************************************8 PP

>> nat_ce958cc38501a37e45ae  
   #    score  bias  c-Evalue  i-Evalue hmmfrom  hmm to    alifrom  ali to    envfrom  env to     acc
 ---   ------ ----- --------- --------- ------- -------    ------- -------    ------- -------    ----
   1 !   40.0   7.9   8.7e-12   1.6e-11       2      39 .]      13      50 ..      12      50 .. 0.98

  Alignments for each domain:
  == domain 1  score: 40.0 bits;  conditional E-value: 8.7e-12
               Gas_vesicle  2 LaDlLDrvLdkGvVIaGditisvagieLltikLrlvlA 39
                              La+ L+ +LdkG+V++++i+i+v gie lti++++++A
  nat_ce958cc38501a37e45ae 13 LAEALNILLDKGLVLDASIKITVIGIEVLTIEIKVIIA 50
                              9***********************************98 PP

>> nat_0a21b67bc6dd51d1c17f  
   #    score  bias  c-Evalue  i-Evalue hmmfrom  hmm to    alifrom  ali to    envfrom  env to     acc
 ---   ------ ----- --------- --------- ------- -------    ------- -------    ------- -------    ----
   1 !   38.1   8.7   3.5e-11   6.4e-11       1      39 []      11      45 ..      11      45 .. 0.96

  Alignments for each domain:
  == domain 1  score: 38.1 bits;  conditional E-value: 3.5e-11
               Gas_vesicle  1 sLaDlLDrvLdkGvVIaGditisvagieLltikLrlvlA 39
                              sLa+++Dr+LdkG+VI+    +s++gie+lt+++r+v+A
  nat_0a21b67bc6dd51d1c17f 11 SLAEVIDRILDKGIVID----VSLVGIEILTVEARVVIA 45
                              8**************85....9****************8 PP

>> nat_d7456223d4168dd8bcaa  
   #    score  bias  c-Evalue  i-Evalue hmmfrom  hmm to    alifrom  ali to    envfrom  env to     acc
 ---   ------ ----- --------- --------- ------- -------    ------- -------    ------- -------    ----
   1 !   35.7   5.3     2e-10   3.7e-10       6      39 .]       2      35 ..       1      35 [. 0.96

  Alignments for each domain:
  == domain 1  score: 35.7 bits;  conditional E-value: 2e-10
               Gas_vesicle  6 LDrvLdkGvVIaGditisvagieLltikLrlvlA 39
                              +D +LdkG+VI++ +++s++gi   ti++r+v A
  nat_d7456223d4168dd8bcaa  2 IDLILDKGLVIDAFVRVSLVGIQVATIDARVVAA 35
                              79*****************************976 PP

>> nat_a4ea0771a62129b6e7cf  
   #    score  bias  c-Evalue  i-Evalue hmmfrom  hmm to    alifrom  ali to    envfrom  env to     acc
 ---   ------ ----- --------- --------- ------- -------    ------- -------    ------- -------    ----
   1 !   34.6   7.8   4.2e-10   7.8e-10       2      39 .]       5      42 ..       4      42 .. 0.95

  Alignments for each domain:
  == domain 1  score: 34.6 bits;  conditional E-value: 4.2e-10
               Gas_vesicle  2 LaDlLDrvLdkGvVIaGditisvagieLltikLrlvlA 39
                              L+ +++ +Ld G+VI+  +++sv g+e +ti++r+v+A
  nat_a4ea0771a62129b6e7cf  5 LYKVVELILDRGLVIDVFVRVSVIGLEVVTIDARVVVA 42
                              56699********************************8 PP

>> nat_469c2c6e74bc5945041b  
   #    score  bias  c-Evalue  i-Evalue hmmfrom  hmm to    alifrom  ali to    envfrom  env to     acc
 ---   ------ ----- --------- --------- ------- -------    ------- -------    ------- -------    ----
   1 !   34.3   7.8   5.4e-10   9.9e-10       2      39 .]      15      52 ..      14      52 .. 0.95

  Alignments for each domain:
  == domain 1  score: 34.3 bits;  conditional E-value: 5.4e-10
               Gas_vesicle  2 LaDlLDrvLdkGvVIaGditisvagieLltikLrlvlA 39
                              L+ +++ +Ld G+VI+  +++sv g+e +ti++r+v+A
  nat_469c2c6e74bc5945041b 15 LYKVVELILDRGLVIDVFVRVSVIGLEVVTIDARVVVA 52
                              56699********************************8 PP

>> nat_54cf1e0b05b06f3e29b4  
   #    score  bias  c-Evalue  i-Evalue hmmfrom  hmm to    alifrom  ali to    envfrom  env to     acc
 ---   ------ ----- --------- --------- ------- -------    ------- -------    ------- -------    ----
   1 !   34.1   7.8   6.1e-10   1.1e-09       2      39 .]      21      58 ..      20      58 .. 0.95

  Alignments for each domain:
  == domain 1  score: 34.1 bits;  conditional E-value: 6.1e-10
               Gas_vesicle  2 LaDlLDrvLdkGvVIaGditisvagieLltikLrlvlA 39
                              L+ +++ +Ld G+VI+  +++sv g+e +ti++r+v+A
  nat_54cf1e0b05b06f3e29b4 21 LYKVVELILDRGLVIDVFVRVSVIGLEVVTIDARVVVA 58
                              56699********************************8 PP

>> nat_6b430be939bbbcdb6ca0  
   #    score  bias  c-Evalue  i-Evalue hmmfrom  hmm to    alifrom  ali to    envfrom  env to     acc
 ---   ------ ----- --------- --------- ------- -------    ------- -------    ------- -------    ----
   1 !   34.1   7.8   6.3e-10   1.1e-09       2      39 .]      16      53 ..      15      53 .. 0.95

  Alignments for each domain:
  == domain 1  score: 34.1 bits;  conditional E-value: 6.3e-10
               Gas_vesicle  2 LaDlLDrvLdkGvVIaGditisvagieLltikLrlvlA 39
                              L+ +++ +Ld G+VI+  +++sv g+e +ti++r+v+A
  nat_6b430be939bbbcdb6ca0 16 LYKVVELILDRGLVIDVFVRVSVIGLEVVTIDARVVVA 53
                              56699********************************8 PP

>> nat_aa41861d9ee4546b28c5  
   #    score  bias  c-Evalue  i-Evalue hmmfrom  hmm to    alifrom  ali to    envfrom  env to     acc
 ---   ------ ----- --------- --------- ------- -------    ------- -------    ------- -------    ----
   1 !   33.6  11.3   8.7e-10   1.6e-09       1      39 []      11      49 ..      11      49 .. 0.99

  Alignments for each domain:
  == domain 1  score: 33.6 bits;  conditional E-value: 8.7e-10
               Gas_vesicle  1 sLaDlLDrvLdkGvVIaGditisvagieLltikLrlvlA 39
                              sLaD+++ +LdkGvVI+  i++ v+g eL++i+ r+v+A
  nat_aa41861d9ee4546b28c5 11 SLADVIEIILDKGVVIDLVIKVLVVGMELIRIEGRIVIA 49
                              8*************************************8 PP

>> nat_71183c6ca4e255f76416  
   #    score  bias  c-Evalue  i-Evalue hmmfrom  hmm to    alifrom  ali to    envfrom  env to     acc
 ---   ------ ----- --------- --------- ------- -------    ------- -------    ------- -------    ----
   1 !   32.0   5.8   2.9e-09   5.3e-09       1      39 []      10      48 ..      10      48 .. 0.97

  Alignments for each domain:
  == domain 1  score: 32.0 bits;  conditional E-value: 2.9e-09
               Gas_vesicle  1 sLaDlLDrvLdkGvVIaGditisvagieLltikLrlvlA 39
                              sLa +LDr+ dkG++I+ + +isv g+ ++t++++lv++
  nat_71183c6ca4e255f76416 10 SLAAILDRIVDKGIIIDLWDRISVLGLKIITVEAHLVIS 48
                              7999*********************************95 PP

>> nat_1de0bb420c43b6a81f73  
   #    score  bias  c-Evalue  i-Evalue hmmfrom  hmm to    alifrom  ali to    envfrom  env to     acc
 ---   ------ ----- --------- --------- ------- -------    ------- -------    ------- -------    ----
   1 !   28.6   5.9   3.4e-08   6.1e-08       2      39 .]      11      44 ..      10      44 .. 0.95

  Alignments for each domain:
  == domain 1  score: 28.6 bits;  conditional E-value: 3.4e-08
               Gas_vesicle  2 LaDlLDrvLdkGvVIaGditisvagieLltikLrlvlA 39
                              LaD LD +LdkG+VI++    sv gieL  i++r+v+A
  nat_1de0bb420c43b6a81f73 11 LADTLDILLDKGLVIDA----SVIGIELPAIEARIVIA 44
                              9****************....678*************8 PP

>> nat_ce6587aeb16990c43df0  
   #    score  bias  c-Evalue  i-Evalue hmmfrom  hmm to    alifrom  ali to    envfrom  env to     acc
 ---   ------ ----- --------- --------- ------- -------    ------- -------    ------- -------    ----
   1 ?    7.1   0.5      0.17      0.31       1      10 [.      50      59 ..      50      61 .. 0.89

  Alignments for each domain:
  == domain 1  score: 7.1 bits;  conditional E-value: 0.17
               Gas_vesicle  1 sLaDlLDrvL 10
                              +L+DlLDr+L
  nat_ce6587aeb16990c43df0 50 ALIDLLDRLL 59
                              599******9 PP

>> nat_9c346ea092221109ceee  
   #    score  bias  c-Evalue  i-Evalue hmmfrom  hmm to    alifrom  ali to    envfrom  env to     acc
 ---   ------ ----- --------- --------- ------- -------    ------- -------    ------- -------    ----
   1 ?    1.1   0.0        13        24       9      22 ..     364     377 ..     361     380 .. 0.81

  Alignments for each domain:
  == domain 1  score: 1.1 bits;  conditional E-value: 13
               Gas_vesicle   9 vLdkGvVIaGditi 22 
                               +  kG+V++ d ++
  nat_9c346ea092221109ceee 364 LVQKGLVVHKDARL 377
                               678*****988776 PP

>> nat_343a5e4d559b5d15afdd  
   #    score  bias  c-Evalue  i-Evalue hmmfrom  hmm to    alifrom  ali to    envfrom  env to     acc
 ---   ------ ----- --------- --------- ------- -------    ------- -------    ------- -------    ----
   1 ?    1.2   0.9        12        21      17      30 ..      13      26 ..      13      31 .. 0.87

  Alignments for each domain:
  == domain 1  score: 1.2 bits;  conditional E-value: 12
               Gas_vesicle 17 aGditisvagieLl 30
                              +G + + va +eLl
  nat_343a5e4d559b5d15afdd 13 NGLVAVVVAVVELL 26
                              5789999*****98 PP

>> nat_2e144ce2e0ef46f92e42  
   #    score  bias  c-Evalue  i-Evalue hmmfrom  hmm to    alifrom  ali to    envfrom  env to     acc
 ---   ------ ----- --------- --------- ------- -------    ------- -------    ------- -------    ----
   1 ?    0.6   0.2        19        34      29      37 ..      17      25 ..      14      32 .. 0.60

  Alignments for each domain:
  == domain 1  score: 0.6 bits;  conditional E-value: 19
               Gas_vesicle 29 LltikLrlv 37
                              L+ti L +v
  nat_2e144ce2e0ef46f92e42 17 LVTIVLTVV 25
                              555544443 PP

>> nat_c37cb4752fc7ece7af97  
   #    score  bias  c-Evalue  i-Evalue hmmfrom  hmm to    alifrom  ali to    envfrom  env to     acc
 ---   ------ ----- --------- --------- ------- -------    ------- -------    ------- -------    ----
   1 ?    0.8   0.3        16        29       5      12 ..       3      10 ..       3      10 .. 0.85

  Alignments for each domain:
  == domain 1  score: 0.8 bits;  conditional E-value: 16
               Gas_vesicle  5 lLDrvLdk 12
                              +LDr+L k
  nat_c37cb4752fc7ece7af97  3 ILDRLLMK 10
                              7****976 PP

>> nat_b8d08df1b5aa716dd206  
   #    score  bias  c-Evalue  i-Evalue hmmfrom  hmm to    alifrom  ali to    envfrom  env to     acc
 ---   ------ ----- --------- --------- ------- -------    ------- -------    ------- -------    ----
   1 ?    0.4   0.1        20        37       2       8 ..      52      58 ..      51      60 .. 0.93

  Alignments for each domain:
  == domain 1  score: 0.4 bits;  conditional E-value: 20
               Gas_vesicle  2 LaDlLDr 8 
                              LaDlLDr
  nat_b8d08df1b5aa716dd206 52 LADLLDR 58
                              9*****9 PP

>> nat_a37f10bcf8297b415bfd  
   #    score  bias  c-Evalue  i-Evalue hmmfrom  hmm to    alifrom  ali to    envfrom  env to     acc
 ---   ------ ----- --------- --------- ------- -------    ------- -------    ------- -------    ----
   1 ?    0.6   0.0        18        34      25      35 ..      49      59 ..      45      63 .. 0.78

  Alignments for each domain:
  == domain 1  score: 0.6 bits;  conditional E-value: 18
               Gas_vesicle 25 agieLltikLr 35
                              a ++Ll ++L 
  nat_a37f10bcf8297b415bfd 49 ATTDLLELELE 59
                              78899999985 PP

>> nat_25c8b136d03361e120af  
   #    score  bias  c-Evalue  i-Evalue hmmfrom  hmm to    alifrom  ali to    envfrom  env to     acc
 ---   ------ ----- --------- --------- ------- -------    ------- -------    ------- -------    ----
   1 ?    3.2   0.5       2.9       5.3       4      11 ..      87      94 ..      84      95 .. 0.91

  Alignments for each domain:
  == domain 1  score: 3.2 bits;  conditional E-value: 2.9
               Gas_vesicle  4 DlLDrvLd 11
                              D++Dr+L+
  nat_25c8b136d03361e120af 87 DVVDRILN 94
                              9******8 PP

>> nat_0d4146f6304fb405a11b  
   #    score  bias  c-Evalue  i-Evalue hmmfrom  hmm to    alifrom  ali to    envfrom  env to     acc
 ---   ------ ----- --------- --------- ------- -------    ------- -------    ------- -------    ----
   1 ?    0.1   1.7        26        48      17      30 ..      13      26 ..      12      31 .. 0.83

  Alignments for each domain:
  == domain 1  score: 0.1 bits;  conditional E-value: 26
               Gas_vesicle 17 aGditisvagieLl 30
                              +G +t+ +a ++Ll
  nat_0d4146f6304fb405a11b 13 DGLLTLVLAVVDLL 26
                              57789999999997 PP

>> nat_a5ecf4f0152b64075fbe  
   #    score  bias  c-Evalue  i-Evalue hmmfrom  hmm to    alifrom  ali to    envfrom  env to     acc
 ---   ------ ----- --------- --------- ------- -------    ------- -------    ------- -------    ----
   1 ?    0.8   0.1        16        29       3      11 ..      86      94 ..      84      95 .. 0.84

  Alignments for each domain:
  == domain 1  score: 0.8 bits;  conditional E-value: 16
               Gas_vesicle  3 aDlLDrvLd 11
                               D++Dr+ +
  nat_a5ecf4f0152b64075fbe 86 NDVVDRLVN 94
                              59****976 PP

>> nat_cb2a4f8786db072e6e3c  
   #    score  bias  c-Evalue  i-Evalue hmmfrom  hmm to    alifrom  ali to    envfrom  env to     acc
 ---   ------ ----- --------- --------- ------- -------    ------- -------    ------- -------    ----
   1 ?    0.3   0.0        23        42      25      34 ..      49      58 ..      44      62 .. 0.80

  Alignments for each domain:
  == domain 1  score: 0.3 bits;  conditional E-value: 23
               Gas_vesicle 25 agieLltikL 34
                              a ++Ll ++L
  nat_cb2a4f8786db072e6e3c 49 ATTDLLELEL 58
                              7889999988 PP

>> nat_63fdb44f0206ff540bb1  
   [No individual domains that satisfy reporting thresholds (although complete target did)]

>> nat_f1576cf15faeaea3dbc6  
   [No individual domains that satisfy reporting thresholds (although complete target did)]

>> nat_47659eab3f77d326e707  
   [No individual domains that satisfy reporting thresholds (although complete target did)]

>> nat_6e78392ee68b0d7f0e1a  
   [No individual domains that satisfy reporting thresholds (although complete target did)]

>> nat_54b190843b0d8891ec3e  
   [No individual domains that satisfy reporting thresholds (although complete target did)]

>> nat_feb7854d969d6d554dbd  
   [No individual domains that satisfy reporting thresholds (although complete target did)]

>> nat_99c63b717a8f4260cba2  
   [No individual domains that satisfy reporting thresholds (although complete target did)]

>> nat_030fe1de47ef1266404e  
   [No individual domains that satisfy reporting thresholds (although complete target did)]

>> nat_dc27ebbf4ebecdfbc754  
   #    score  bias  c-Evalue  i-Evalue hmmfrom  hmm to    alifrom  ali to    envfrom  env to     acc
 ---   ------ ----- --------- --------- ------- -------    ------- -------    ------- -------    ----
   1 ?    0.3   0.0        23        43      19      38 ..     221     240 ..     219     240 .. 0.88

  Alignments for each domain:
  == domain 1  score: 0.3 bits;  conditional E-value: 23
               Gas_vesicle  19 ditisvagieLltikLrlvl 38 
                               +i++  a  eL ++++ lv+
  nat_dc27ebbf4ebecdfbc754 221 EIQVAMAKSELARVEVELVV 240
                               6889999999*****99997 PP

>> nat_7a9a8f4b94c47657684d  
   [No individual domains that satisfy reporting thresholds (although complete target did)]

>> nat_48940241bf6a6f56d89d  
   [No individual domains that satisfy reporting thresholds (although complete target did)]

>> nat_75dc6e04d78110911214  
   [No individual domains that satisfy reporting thresholds (although complete target did)]

>> nat_d784af921bd64d7ae792  
   [No individual domains that satisfy reporting thresholds (although complete target did)]



Internal pipeline statistics summary:
-------------------------------------
Query model(s):                            1  (39 nodes)
Target sequences:                        934  (175471 residues searched)
Passed MSV filter:                       934  (1); expected 934.0 (1)
Passed bias filter:                      934  (1); expected 934.0 (1)
Passed Vit filter:                       934  (1); expected 934.0 (1)
Passed Fwd filter:                       934  (1); expected 934.0 (1)
Initial search space (Z):                934  [actual number of targets]
Domain search space  (domZ):             510  [number of targets reported over threshold]
# CPU time: 0.05u 0.01s 00:00:00.06 Elapsed: 00:00:00.18
# Mc/sec: 37.89
//
[ok]
